Source,Location ID,City,State,Country,Latitude,Longitude,Time Zone,Elevation,Local Time Zone,Clearsky DHI Units,Clearsky DNI Units,Clearsky GHI Units,Dew Point Units,DHI Units,DNI Units,GHI Units,Solar Zenith Angle Units,Temperature Units,Pressure Units,Relative Humidity Units,Precipitable Water Units,Wind Direction Units,Wind Speed Units,Cloud Type -15,Cloud Type 0,Cloud Type 1,Cloud Type 2,Cloud Type 3,Cloud Type 4,Cloud Type 5,Cloud Type 6,Cloud Type 7,Cloud Type 8,Cloud Type 9,Cloud Type 10,Cloud Type 11,Cloud Type 12,Fill Flag 0,Fill Flag 1,Fill Flag 2,Fill Flag 3,Fill Flag 4,Fill Flag 5,Surface Albedo Units,Version
NSRDB,700696,-,-,-,41.73,-96.86,-6,437,-6,w/m2,w/m2,w/m2,c,w/m2,w/m2,w/m2,Degree,c,mbar,%,cm,Degrees,m/s,N/A,Clear,Probably Clear,Fog,Water,Super-Cooled Water,Mixed,Opaque Ice,Cirrus,Overlapping,Overshooting,Unknown,Dust,Smoke,N/A,Missing Image,Low Irradiance,Exceeds Clearsky,Missing CLoud Properties,Rayleigh Violation,N/A,4.0.1
Year,Month,Day,Hour,Minute,Temperature,DHI,DNI,GHI,Wind Speed,Global Horizontal UV Irradiance (280-400nm),Global Horizontal UV Irradiance (295-385nm)
2004,1,1,0,0,-1.6,0,0,0,3.4000000000000004,0.0000,0.0000
2004,1,1,0,30,-1.6,0,0,0,3.4000000000000004,0.0000,0.0000
2004,1,1,1,0,-1.7000000000000002,0,0,0,3.5,0.0000,0.0000
2004,1,1,1,30,-1.7000000000000002,0,0,0,3.6,0.0000,0.0000
2004,1,1,2,0,-1.8,0,0,0,3.7,0.0000,0.0000
2004,1,1,2,30,-1.8,0,0,0,3.6,0.0000,0.0000
2004,1,1,3,0,-1.8,0,0,0,3.6,0.0000,0.0000
2004,1,1,3,30,-1.9000000000000001,0,0,0,3.5,0.0000,0.0000
2004,1,1,4,0,-1.9000000000000001,0,0,0,3.4000000000000004,0.0000,0.0000
2004,1,1,4,30,-1.9000000000000001,0,0,0,3.2,0.0000,0.0000
2004,1,1,5,0,-1.9000000000000001,0,0,0,3,0.0000,0.0000
2004,1,1,5,30,-2,0,0,0,2.6,0.0000,0.0000
2004,1,1,6,0,-2.1,0,0,0,2.1,0.0000,0.0000
2004,1,1,6,30,-2.6,0,0,0,1.7000000000000002,0.0000,0.0000
2004,1,1,7,0,-3.2,0,0,0,1.3,0.0000,0.0000
2004,1,1,7,30,-2.9000000000000004,0,0,0,1.6,0.0000,0.0000
2004,1,1,8,0,-2.6,0,0,0,2,0.0000,0.0000
2004,1,1,8,30,-1.7000000000000002,25,446,62,2.6,0.0000,0.0000
2004,1,1,9,0,-0.8,87,22,90,3.2,0.0000,0.0000
2004,1,1,9,30,0.30000000000000004,44,735,209,3.3000000000000003,10.0596,7.7023
2004,1,1,10,0,1.4000000000000001,48,810,278,3.5,13.7799,10.6172
2004,1,1,10,30,2.7,52,854,337,3.6,17.1763,13.2929
2004,1,1,11,0,4.1000000000000005,53,889,385,3.8000000000000003,20.0480,15.5602
2004,1,1,11,30,5.300000000000001,55,908,421,3.9000000000000004,22.2465,17.2975
2004,1,1,12,0,6.5,55,921,443,4.1000000000000005,23.6115,18.3770
2004,1,1,12,30,7.4,56,925,451,4.1000000000000005,24.1070,18.7687
2004,1,1,13,0,8.3,55,916,441,4.1000000000000005,23.5118,18.3000
2004,1,1,13,30,8.5,54,906,420,3.8000000000000003,22.2092,17.2700
2004,1,1,14,0,8.8,50,898,388,3.4000000000000004,20.2262,15.7007
2004,1,1,14,30,7.6000000000000005,48,870,341,2.9000000000000004,17.4069,13.4743
2004,1,1,15,0,6.5,43,832,282,2.4000000000000004,14.0041,10.7935
2004,1,1,15,30,4.800000000000001,38,770,214,2.4000000000000004,10.3166,7.9024
2004,1,1,16,0,3.1,31,678,141,2.4000000000000004,0.0000,0.0000
2004,1,1,16,30,2.1,22,531,69,2.3000000000000003,0.0000,0.0000
2004,1,1,17,0,1.2000000000000002,0,0,0,2.3000000000000003,0.0000,0.0000
2004,1,1,17,30,1.1,0,0,0,2.3000000000000003,0.0000,0.0000
2004,1,1,18,0,0.9,0,0,0,2.3000000000000003,0.0000,0.0000
2004,1,1,18,30,0.8,0,0,0,2.2,0.0000,0.0000
2004,1,1,19,0,0.7000000000000001,0,0,0,2.1,0.0000,0.0000
2004,1,1,19,30,0.9,0,0,0,2,0.0000,0.0000
2004,1,1,20,0,1.2000000000000002,0,0,0,1.9000000000000001,0.0000,0.0000
2004,1,1,20,30,1.5,0,0,0,1.8,0.0000,0.0000
2004,1,1,21,0,1.7000000000000002,0,0,0,1.7000000000000002,0.0000,0.0000
2004,1,1,21,30,1.9000000000000001,0,0,0,1.7000000000000002,0.0000,0.0000
2004,1,1,22,0,2,0,0,0,1.6,0.0000,0.0000
2004,1,1,22,30,1.9000000000000001,0,0,0,1.5,0.0000,0.0000
2004,1,1,23,0,1.8,0,0,0,1.5,0.0000,0.0000
2004,1,1,23,30,1.4000000000000001,0,0,0,1.5,0.0000,0.0000
2004,1,2,0,0,1.1,0,0,0,1.6,0.0000,0.0000
2004,1,2,0,30,0.6000000000000001,0,0,0,1.6,0.0000,0.0000
2004,1,2,1,0,0.1,0,0,0,1.6,0.0000,0.0000
2004,1,2,1,30,0.1,0,0,0,1.7000000000000002,0.0000,0.0000
2004,1,2,2,0,0,0,0,0,1.7000000000000002,0.0000,0.0000
2004,1,2,2,30,-0.1,0,0,0,1.8,0.0000,0.0000
2004,1,2,3,0,-0.2,0,0,0,1.8,0.0000,0.0000
2004,1,2,3,30,-0.30000000000000004,0,0,0,1.9000000000000001,0.0000,0.0000
2004,1,2,4,0,-0.5,0,0,0,2,0.0000,0.0000
2004,1,2,4,30,-0.5,0,0,0,2.2,0.0000,0.0000
2004,1,2,5,0,-0.6000000000000001,0,0,0,2.5,0.0000,0.0000
2004,1,2,5,30,-0.6000000000000001,0,0,0,2.7,0.0000,0.0000
2004,1,2,6,0,-0.6000000000000001,0,0,0,2.8000000000000003,0.0000,0.0000
2004,1,2,6,30,-0.8,0,0,0,2.5,0.0000,0.0000
2004,1,2,7,0,-1,0,0,0,2.2,0.0000,0.0000
2004,1,2,7,30,-0.7000000000000001,0,0,0,2.2,0.0000,0.0000
2004,1,2,8,0,-0.4,0,0,0,2.2,0.0000,0.0000
2004,1,2,8,30,0.1,29,2,29,2.3000000000000003,0.0000,0.0000
2004,1,2,9,0,0.7000000000000001,35,1,35,2.5,0.0000,0.0000
2004,1,2,9,30,1.7000000000000002,39,0,39,2.7,1.8773,1.4374
2004,1,2,10,0,2.7,51,1,51,2.9000000000000004,2.5284,1.9482
2004,1,2,10,30,4.1000000000000005,196,52,213,3.4000000000000004,10.8602,8.4052
2004,1,2,11,0,5.6000000000000005,150,389,295,3.9000000000000004,15.3679,11.9284
2004,1,2,11,30,7.2,54,891,414,4.3,21.8868,17.0188
2004,1,2,12,0,8.8,54,905,436,4.7,23.2504,18.0970
2004,1,2,12,30,9.8,54,914,446,4.800000000000001,23.8537,18.5726
2004,1,2,13,0,10.8,52,914,439,5,23.4225,18.2320
2004,1,2,13,30,10.700000000000001,51,909,421,4.6000000000000005,22.2811,17.3276
2004,1,2,14,0,10.700000000000001,49,899,389,4.3,20.2986,15.7589
2004,1,2,14,30,9.4,47,871,342,3.7,17.4769,13.5305
2004,1,2,15,0,8,42,832,283,3.1,14.0707,10.8471
2004,1,2,15,30,6.1000000000000005,91,439,192,3.1,9.2646,7.0983
2004,1,2,16,0,4.2,80,4,80,3.1,0.0000,0.0000
2004,1,2,16,30,3.1,35,4,35,3.2,0.0000,0.0000
2004,1,2,17,0,1.9000000000000001,0,0,0,3.4000000000000004,0.0000,0.0000
2004,1,2,17,30,1.5,0,0,0,3.5,0.0000,0.0000
2004,1,2,18,0,1.1,0,0,0,3.6,0.0000,0.0000
2004,1,2,18,30,0.7000000000000001,0,0,0,3.6,0.0000,0.0000
2004,1,2,19,0,0.4,0,0,0,3.6,0.0000,0.0000
2004,1,2,19,30,0.2,0,0,0,3.7,0.0000,0.0000
2004,1,2,20,0,0,0,0,0,3.8000000000000003,0.0000,0.0000
2004,1,2,20,30,-0.30000000000000004,0,0,0,3.9000000000000004,0.0000,0.0000
2004,1,2,21,0,-0.6000000000000001,0,0,0,4,0.0000,0.0000
2004,1,2,21,30,-1.2000000000000002,0,0,0,4,0.0000,0.0000
2004,1,2,22,0,-1.7000000000000002,0,0,0,4,0.0000,0.0000
2004,1,2,22,30,-2.1,0,0,0,4,0.0000,0.0000
2004,1,2,23,0,-2.5,0,0,0,4.1000000000000005,0.0000,0.0000
2004,1,2,23,30,-2.8000000000000003,0,0,0,4.3,0.0000,0.0000
2004,1,3,0,0,-3.1,0,0,0,4.5,0.0000,0.0000
2004,1,3,0,30,-3.3000000000000003,0,0,0,4.6000000000000005,0.0000,0.0000
2004,1,3,1,0,-3.5,0,0,0,4.800000000000001,0.0000,0.0000
2004,1,3,1,30,-3.7,0,0,0,4.9,0.0000,0.0000
2004,1,3,2,0,-3.8000000000000003,0,0,0,5,0.0000,0.0000
2004,1,3,2,30,-3.9000000000000004,0,0,0,5.1000000000000005,0.0000,0.0000
2004,1,3,3,0,-4.1000000000000005,0,0,0,5.300000000000001,0.0000,0.0000
2004,1,3,3,30,-4.3,0,0,0,5.300000000000001,0.0000,0.0000
2004,1,3,4,0,-4.6000000000000005,0,0,0,5.4,0.0000,0.0000
2004,1,3,4,30,-4.800000000000001,0,0,0,5.5,0.0000,0.0000
2004,1,3,5,0,-5,0,0,0,5.5,0.0000,0.0000
2004,1,3,5,30,-5.300000000000001,0,0,0,5.5,0.0000,0.0000
2004,1,3,6,0,-5.5,0,0,0,5.6000000000000005,0.0000,0.0000
2004,1,3,6,30,-5.800000000000001,0,0,0,5.6000000000000005,0.0000,0.0000
2004,1,3,7,0,-6,0,0,0,5.6000000000000005,0.0000,0.0000
2004,1,3,7,30,-6.2,0,0,0,5.6000000000000005,0.0000,0.0000
2004,1,3,8,0,-6.300000000000001,0,0,0,5.6000000000000005,0.0000,0.0000
2004,1,3,8,30,-6.2,19,0,19,5.5,0.0000,0.0000
2004,1,3,9,0,-6.1000000000000005,40,2,41,5.4,0.0000,0.0000
2004,1,3,9,30,-5.9,10,0,10,5.300000000000001,0.4814,0.3686
2004,1,3,10,0,-5.7,48,0,48,5.2,2.3804,1.8342
2004,1,3,10,30,-5.5,84,0,84,5.1000000000000005,4.2844,3.3161
2004,1,3,11,0,-5.300000000000001,10,0,10,5.1000000000000005,0.5212,0.4046
2004,1,3,11,30,-5.2,155,2,156,5,8.2517,6.4168
2004,1,3,12,0,-5.1000000000000005,212,18,219,4.9,11.6855,9.0960
2004,1,3,12,30,-4.9,98,0,98,4.800000000000001,5.2452,4.0843
2004,1,3,13,0,-4.7,123,0,123,4.7,6.5674,5.1125
2004,1,3,13,30,-4.6000000000000005,184,7,187,4.7,9.9060,7.7045
2004,1,3,14,0,-4.5,133,1,133,4.6000000000000005,6.9471,5.3941
2004,1,3,14,30,-4.6000000000000005,145,4,147,4.7,7.5214,5.8241
2004,1,3,15,0,-4.7,148,83,172,4.7,8.5622,6.6019
2004,1,3,15,30,-5,91,13,94,4.7,4.5404,3.4797
2004,1,3,16,0,-5.2,9,0,9,4.800000000000001,0.0000,0.0000
2004,1,3,16,30,-5.5,17,0,17,4.800000000000001,0.0000,0.0000
2004,1,3,17,0,-5.800000000000001,0,0,0,4.7,0.0000,0.0000
2004,1,3,17,30,-6,0,0,0,4.7,0.0000,0.0000
2004,1,3,18,0,-6.2,0,0,0,4.7,0.0000,0.0000
2004,1,3,18,30,-6.4,0,0,0,4.800000000000001,0.0000,0.0000
2004,1,3,19,0,-6.6000000000000005,0,0,0,4.9,0.0000,0.0000
2004,1,3,19,30,-6.7,0,0,0,4.9,0.0000,0.0000
2004,1,3,20,0,-6.9,0,0,0,5,0.0000,0.0000
2004,1,3,20,30,-7,0,0,0,5.1000000000000005,0.0000,0.0000
2004,1,3,21,0,-7.1000000000000005,0,0,0,5.2,0.0000,0.0000
2004,1,3,21,30,-7.2,0,0,0,5.2,0.0000,0.0000
2004,1,3,22,0,-7.4,0,0,0,5.300000000000001,0.0000,0.0000
2004,1,3,22,30,-7.5,0,0,0,5.4,0.0000,0.0000
2004,1,3,23,0,-7.7,0,0,0,5.4,0.0000,0.0000
2004,1,3,23,30,-7.9,0,0,0,5.4,0.0000,0.0000
2004,1,4,0,0,-8.1,0,0,0,5.4,0.0000,0.0000
2004,1,4,0,30,-8.3,0,0,0,5.4,0.0000,0.0000
2004,1,4,1,0,-8.4,0,0,0,5.5,0.0000,0.0000
2004,1,4,1,30,-8.5,0,0,0,5.5,0.0000,0.0000
2004,1,4,2,0,-8.700000000000001,0,0,0,5.6000000000000005,0.0000,0.0000
2004,1,4,2,30,-8.8,0,0,0,5.5,0.0000,0.0000
2004,1,4,3,0,-8.9,0,0,0,5.5,0.0000,0.0000
2004,1,4,3,30,-9.1,0,0,0,5.6000000000000005,0.0000,0.0000
2004,1,4,4,0,-9.200000000000001,0,0,0,5.7,0.0000,0.0000
2004,1,4,4,30,-9.3,0,0,0,5.800000000000001,0.0000,0.0000
2004,1,4,5,0,-9.4,0,0,0,5.9,0.0000,0.0000
2004,1,4,5,30,-9.600000000000001,0,0,0,6,0.0000,0.0000
2004,1,4,6,0,-9.700000000000001,0,0,0,6,0.0000,0.0000
2004,1,4,6,30,-9.8,0,0,0,6.1000000000000005,0.0000,0.0000
2004,1,4,7,0,-10,0,0,0,6.2,0.0000,0.0000
2004,1,4,7,30,-10.100000000000001,0,0,0,6.300000000000001,0.0000,0.0000
2004,1,4,8,0,-10.100000000000001,0,0,0,6.4,0.0000,0.0000
2004,1,4,8,30,-10.100000000000001,22,0,22,6.5,0.0000,0.0000
2004,1,4,9,0,-10.100000000000001,40,0,40,6.7,0.0000,0.0000
2004,1,4,9,30,-10,43,0,43,6.7,2.0705,1.5855
2004,1,4,10,0,-10,37,0,37,6.800000000000001,1.8355,1.4145
2004,1,4,10,30,-9.9,133,4,134,6.800000000000001,6.8378,5.2927
2004,1,4,11,0,-9.8,183,12,188,6.7,9.8036,7.6104
2004,1,4,11,30,-9.8,149,4,150,6.7,7.9393,6.1743
2004,1,4,12,0,-9.700000000000001,98,0,98,6.6000000000000005,5.2326,4.0734
2004,1,4,12,30,-9.700000000000001,101,0,101,6.5,5.4097,4.2127
2004,1,4,13,0,-9.600000000000001,131,2,131,6.4,7.0007,5.4503
2004,1,4,13,30,-9.600000000000001,178,6,181,6.300000000000001,9.5970,7.4650
2004,1,4,14,0,-9.600000000000001,117,1,118,6.300000000000001,6.1702,4.7915
2004,1,4,14,30,-9.600000000000001,79,796,352,6.300000000000001,18.0315,13.9647
2004,1,4,15,0,-9.600000000000001,70,761,293,6.300000000000001,14.6046,11.2635
2004,1,4,15,30,-9.9,61,693,224,6.2,10.8310,8.3028
2004,1,4,16,0,-10.3,13,0,13,6,0.0000,0.0000
2004,1,4,16,30,-10.700000000000001,32,450,76,5.800000000000001,0.0000,0.0000
2004,1,4,17,0,-11.200000000000001,13,166,16,5.5,0.0000,0.0000
2004,1,4,17,30,-11.5,0,0,0,5.5,0.0000,0.0000
2004,1,4,18,0,-11.700000000000001,0,0,0,5.5,0.0000,0.0000
2004,1,4,18,30,-11.9,0,0,0,5.6000000000000005,0.0000,0.0000
2004,1,4,19,0,-12,0,0,0,5.7,0.0000,0.0000
2004,1,4,19,30,-12.100000000000001,0,0,0,5.800000000000001,0.0000,0.0000
2004,1,4,20,0,-12.3,0,0,0,5.9,0.0000,0.0000
2004,1,4,20,30,-12.4,0,0,0,6,0.0000,0.0000
2004,1,4,21,0,-12.5,0,0,0,6.1000000000000005,0.0000,0.0000
2004,1,4,21,30,-12.700000000000001,0,0,0,6.2,0.0000,0.0000
2004,1,4,22,0,-12.8,0,0,0,6.300000000000001,0.0000,0.0000
2004,1,4,22,30,-13,0,0,0,6.300000000000001,0.0000,0.0000
2004,1,4,23,0,-13.200000000000001,0,0,0,6.4,0.0000,0.0000
2004,1,4,23,30,-13.4,0,0,0,6.4,0.0000,0.0000
2004,1,5,0,0,-13.5,0,0,0,6.4,0.0000,0.0000
2004,1,5,0,30,-13.700000000000001,0,0,0,6.4,0.0000,0.0000
2004,1,5,1,0,-13.9,0,0,0,6.4,0.0000,0.0000
2004,1,5,1,30,-14,0,0,0,6.4,0.0000,0.0000
2004,1,5,2,0,-14.200000000000001,0,0,0,6.4,0.0000,0.0000
2004,1,5,2,30,-14.5,0,0,0,6.4,0.0000,0.0000
2004,1,5,3,0,-14.700000000000001,0,0,0,6.4,0.0000,0.0000
2004,1,5,3,30,-15.100000000000001,0,0,0,6.4,0.0000,0.0000
2004,1,5,4,0,-15.4,0,0,0,6.300000000000001,0.0000,0.0000
2004,1,5,4,30,-15.8,0,0,0,6.2,0.0000,0.0000
2004,1,5,5,0,-16.1,0,0,0,6.1000000000000005,0.0000,0.0000
2004,1,5,5,30,-16.3,0,0,0,6,0.0000,0.0000
2004,1,5,6,0,-16.6,0,0,0,5.9,0.0000,0.0000
2004,1,5,6,30,-16.900000000000002,0,0,0,5.7,0.0000,0.0000
2004,1,5,7,0,-17.2,0,0,0,5.6000000000000005,0.0000,0.0000
2004,1,5,7,30,-17.3,0,0,0,5.6000000000000005,0.0000,0.0000
2004,1,5,8,0,-17.400000000000002,0,0,0,5.6000000000000005,0.0000,0.0000
2004,1,5,8,30,-17.1,28,0,28,5.7,0.0000,0.0000
2004,1,5,9,0,-16.900000000000002,42,646,144,5.800000000000001,0.0000,0.0000
2004,1,5,9,30,-16.7,53,750,223,5.800000000000001,10.7408,8.2253
2004,1,5,10,0,-16.400000000000002,63,809,294,5.800000000000001,14.5919,11.2454
2004,1,5,10,30,-16.2,69,855,357,5.9,18.2270,14.1095
2004,1,5,11,0,-15.9,76,880,409,5.9,21.3405,16.5676
2004,1,5,11,30,-15.700000000000001,80,901,447,6,23.6736,18.4120
2004,1,5,12,0,-15.5,215,11,219,6.1000000000000005,11.7018,9.1101
2004,1,5,12,30,-15.4,84,913,480,6.1000000000000005,25.7297,20.0382
2004,1,5,13,0,-15.4,88,896,472,6.2,25.2442,19.6553
2004,1,5,13,30,-15.4,87,900,458,6.300000000000001,24.3083,18.9103
2004,1,5,14,0,-15.4,82,885,422,6.300000000000001,22.0916,17.1578
2004,1,5,14,30,-15.3,76,855,372,6.2,19.0798,14.7791
2004,1,5,15,0,-15.3,66,829,311,6.1000000000000005,15.5235,11.9750
2004,1,5,15,30,-15.3,57,765,239,5.9,11.5696,8.8714
2004,1,5,16,0,-15.4,44,688,162,5.7,0.0000,0.0000
2004,1,5,16,30,-15.8,31,533,83,5.2,0.0000,0.0000
2004,1,5,17,0,-16.2,12,282,19,4.7,0.0000,0.0000
2004,1,5,17,30,-16.6,0,0,0,4.3,0.0000,0.0000
2004,1,5,18,0,-17.1,0,0,0,3.8000000000000003,0.0000,0.0000
2004,1,5,18,30,-17.3,0,0,0,3.6,0.0000,0.0000
2004,1,5,19,0,-17.6,0,0,0,3.4000000000000004,0.0000,0.0000
2004,1,5,19,30,-17.7,0,0,0,3.4000000000000004,0.0000,0.0000
2004,1,5,20,0,-17.8,0,0,0,3.4000000000000004,0.0000,0.0000
2004,1,5,20,30,-17.900000000000002,0,0,0,3.4000000000000004,0.0000,0.0000
2004,1,5,21,0,-17.900000000000002,0,0,0,3.4000000000000004,0.0000,0.0000
2004,1,5,21,30,-17.900000000000002,0,0,0,3.5,0.0000,0.0000
2004,1,5,22,0,-17.900000000000002,0,0,0,3.6,0.0000,0.0000
2004,1,5,22,30,-17.8,0,0,0,3.7,0.0000,0.0000
2004,1,5,23,0,-17.8,0,0,0,3.8000000000000003,0.0000,0.0000
2004,1,5,23,30,-17.8,0,0,0,3.9000000000000004,0.0000,0.0000
2004,1,6,0,0,-17.7,0,0,0,4.1000000000000005,0.0000,0.0000
2004,1,6,0,30,-17.6,0,0,0,4.3,0.0000,0.0000
2004,1,6,1,0,-17.400000000000002,0,0,0,4.4,0.0000,0.0000
2004,1,6,1,30,-17.400000000000002,0,0,0,4.5,0.0000,0.0000
2004,1,6,2,0,-17.3,0,0,0,4.5,0.0000,0.0000
2004,1,6,2,30,-17.3,0,0,0,4.6000000000000005,0.0000,0.0000
2004,1,6,3,0,-17.3,0,0,0,4.7,0.0000,0.0000
2004,1,6,3,30,-17.3,0,0,0,4.800000000000001,0.0000,0.0000
2004,1,6,4,0,-17.3,0,0,0,4.800000000000001,0.0000,0.0000
2004,1,6,4,30,-17.3,0,0,0,4.800000000000001,0.0000,0.0000
2004,1,6,5,0,-17.3,0,0,0,4.7,0.0000,0.0000
2004,1,6,5,30,-17.3,0,0,0,4.7,0.0000,0.0000
2004,1,6,6,0,-17.3,0,0,0,4.7,0.0000,0.0000
2004,1,6,6,30,-17.3,0,0,0,4.7,0.0000,0.0000
2004,1,6,7,0,-17.3,0,0,0,4.800000000000001,0.0000,0.0000
2004,1,6,7,30,-16.900000000000002,0,0,0,5,0.0000,0.0000
2004,1,6,8,0,-16.400000000000002,0,0,0,5.2,0.0000,0.0000
2004,1,6,8,30,-15.100000000000001,22,590,72,5.6000000000000005,0.0000,0.0000
2004,1,6,9,0,-13.8,33,747,152,5.9,0.0000,0.0000
2004,1,6,9,30,-12.3,41,840,231,6.300000000000001,11.1284,8.5226
2004,1,6,10,0,-10.700000000000001,46,901,305,6.6000000000000005,15.1449,11.6725
2004,1,6,10,30,-9.4,51,942,370,6.800000000000001,18.9009,14.6323
2004,1,6,11,0,-8,55,970,422,7,22.0316,17.1054
2004,1,6,11,30,-7.2,57,989,462,7.1000000000000005,24.4850,19.0445
2004,1,6,12,0,-6.4,59,999,486,7.1000000000000005,25.9873,20.2334
2004,1,6,12,30,-6,59,1003,496,7.1000000000000005,26.6083,20.7243
2004,1,6,13,0,-5.5,59,1001,490,7,26.2317,20.4263
2004,1,6,13,30,-5.300000000000001,57,992,468,6.800000000000001,24.8636,19.3444
2004,1,6,14,0,-5.1000000000000005,55,975,432,6.6000000000000005,22.6410,17.5869
2004,1,6,14,30,-5.300000000000001,52,950,382,6.2,19.6188,15.1995
2004,1,6,15,0,-5.4,46,914,320,5.7,15.9951,12.3416
2004,1,6,15,30,-6.5,41,859,247,4.5,11.9709,9.1817
2004,1,6,16,0,-7.6000000000000005,34,774,169,3.3000000000000003,8.0578,6.1408
2004,1,6,16,30,-9.200000000000001,24,636,89,2.6,0.0000,0.0000
2004,1,6,17,0,-10.700000000000001,11,380,21,2,0.0000,0.0000
2004,1,6,17,30,-11.200000000000001,0,0,0,2,0.0000,0.0000
2004,1,6,18,0,-11.700000000000001,0,0,0,2.1,0.0000,0.0000
2004,1,6,18,30,-12,0,0,0,2.1,0.0000,0.0000
2004,1,6,19,0,-12.3,0,0,0,2.2,0.0000,0.0000
2004,1,6,19,30,-12.5,0,0,0,2.3000000000000003,0.0000,0.0000
2004,1,6,20,0,-12.700000000000001,0,0,0,2.5,0.0000,0.0000
2004,1,6,20,30,-12.8,0,0,0,2.6,0.0000,0.0000
2004,1,6,21,0,-12.9,0,0,0,2.8000000000000003,0.0000,0.0000
2004,1,6,21,30,-13,0,0,0,2.8000000000000003,0.0000,0.0000
2004,1,6,22,0,-13.200000000000001,0,0,0,2.8000000000000003,0.0000,0.0000
2004,1,6,22,30,-13.3,0,0,0,2.7,0.0000,0.0000
2004,1,6,23,0,-13.5,0,0,0,2.7,0.0000,0.0000
2004,1,6,23,30,-13.700000000000001,0,0,0,2.5,0.0000,0.0000
2004,1,7,0,0,-13.8,0,0,0,2.4000000000000004,0.0000,0.0000
2004,1,7,0,30,-13.700000000000001,0,0,0,2.4000000000000004,0.0000,0.0000
2004,1,7,1,0,-13.600000000000001,0,0,0,2.3000000000000003,0.0000,0.0000
2004,1,7,1,30,-13.3,0,0,0,2.3000000000000003,0.0000,0.0000
2004,1,7,2,0,-12.9,0,0,0,2.3000000000000003,0.0000,0.0000
2004,1,7,2,30,-12.8,0,0,0,2.2,0.0000,0.0000
2004,1,7,3,0,-12.700000000000001,0,0,0,2.2,0.0000,0.0000
2004,1,7,3,30,-12.4,0,0,0,2.2,0.0000,0.0000
2004,1,7,4,0,-12.200000000000001,0,0,0,2.3000000000000003,0.0000,0.0000
2004,1,7,4,30,-12,0,0,0,2.4000000000000004,0.0000,0.0000
2004,1,7,5,0,-11.700000000000001,0,0,0,2.5,0.0000,0.0000
2004,1,7,5,30,-11.600000000000001,0,0,0,2.5,0.0000,0.0000
2004,1,7,6,0,-11.600000000000001,0,0,0,2.5,0.0000,0.0000
2004,1,7,6,30,-11.600000000000001,0,0,0,2.6,0.0000,0.0000
2004,1,7,7,0,-11.600000000000001,0,0,0,2.8000000000000003,0.0000,0.0000
2004,1,7,7,30,-11.3,0,0,0,3.1,0.0000,0.0000
2004,1,7,8,0,-11.100000000000001,0,0,0,3.4000000000000004,0.0000,0.0000
2004,1,7,8,30,-10.3,22,0,22,3.7,0.0000,0.0000
2004,1,7,9,0,-9.5,72,6,73,4.1000000000000005,0.0000,0.0000
2004,1,7,9,30,-8.4,79,3,79,4.4,3.8071,2.9160
2004,1,7,10,0,-7.300000000000001,79,1,80,4.800000000000001,3.9746,3.0636
2004,1,7,10,30,-6.1000000000000005,140,6,143,5,7.3096,5.6593
2004,1,7,11,0,-4.9,183,20,191,5.300000000000001,9.9791,7.7485
2004,1,7,11,30,-4,70,886,434,5.4,23.0187,17.9056
2004,1,7,12,0,-3,248,65,276,5.6000000000000005,14.7701,11.5008
2004,1,7,12,30,-2.4000000000000004,215,1,216,5.6000000000000005,11.5974,9.0336
2004,1,7,13,0,-1.8,271,69,301,5.6000000000000005,16.1289,12.5606
2004,1,7,13,30,-1.6,243,43,261,5.5,13.8809,10.8009
2004,1,7,14,0,-1.4000000000000001,174,17,181,5.4,9.4969,7.3780
2004,1,7,14,30,-1.6,223,109,261,5.1000000000000005,13.4223,10.4006
2004,1,7,15,0,-1.8,176,47,190,4.800000000000001,9.5104,7.3398
2004,1,7,15,30,-2.4000000000000004,124,15,128,4.1000000000000005,6.2115,4.7656
2004,1,7,16,0,-3.1,68,3,68,3.4000000000000004,3.2415,2.4707
2004,1,7,16,30,-3.9000000000000004,35,1,35,3,0.0000,0.0000
2004,1,7,17,0,-4.7,8,0,8,2.6,0.0000,0.0000
2004,1,7,17,30,-4.9,0,0,0,2.5,0.0000,0.0000
2004,1,7,18,0,-5.2,0,0,0,2.4000000000000004,0.0000,0.0000
2004,1,7,18,30,-5.4,0,0,0,2.2,0.0000,0.0000
2004,1,7,19,0,-5.6000000000000005,0,0,0,2,0.0000,0.0000
2004,1,7,19,30,-5.7,0,0,0,1.9000000000000001,0.0000,0.0000
2004,1,7,20,0,-5.7,0,0,0,1.9000000000000001,0.0000,0.0000
2004,1,7,20,30,-5.7,0,0,0,1.9000000000000001,0.0000,0.0000
2004,1,7,21,0,-5.7,0,0,0,1.9000000000000001,0.0000,0.0000
2004,1,7,21,30,-5.6000000000000005,0,0,0,1.9000000000000001,0.0000,0.0000
2004,1,7,22,0,-5.5,0,0,0,1.8,0.0000,0.0000
2004,1,7,22,30,-5.5,0,0,0,1.7000000000000002,0.0000,0.0000
2004,1,7,23,0,-5.4,0,0,0,1.6,0.0000,0.0000
2004,1,7,23,30,-5.4,0,0,0,1.5,0.0000,0.0000
2004,1,8,0,0,-5.300000000000001,0,0,0,1.3,0.0000,0.0000
2004,1,8,0,30,-5.300000000000001,0,0,0,1.2000000000000002,0.0000,0.0000
2004,1,8,1,0,-5.300000000000001,0,0,0,1.1,0.0000,0.0000
2004,1,8,1,30,-5.300000000000001,0,0,0,1,0.0000,0.0000
2004,1,8,2,0,-5.300000000000001,0,0,0,0.9,0.0000,0.0000
2004,1,8,2,30,-5.300000000000001,0,0,0,0.8,0.0000,0.0000
2004,1,8,3,0,-5.300000000000001,0,0,0,0.8,0.0000,0.0000
2004,1,8,3,30,-5.4,0,0,0,0.8,0.0000,0.0000
2004,1,8,4,0,-5.6000000000000005,0,0,0,0.8,0.0000,0.0000
2004,1,8,4,30,-5.6000000000000005,0,0,0,0.7000000000000001,0.0000,0.0000
2004,1,8,5,0,-5.7,0,0,0,0.6000000000000001,0.0000,0.0000
2004,1,8,5,30,-5.800000000000001,0,0,0,0.5,0.0000,0.0000
2004,1,8,6,0,-5.800000000000001,0,0,0,0.5,0.0000,0.0000
2004,1,8,6,30,-6,0,0,0,0.5,0.0000,0.0000
2004,1,8,7,0,-6.2,0,0,0,0.5,0.0000,0.0000
2004,1,8,7,30,-6.1000000000000005,0,0,0,0.4,0.0000,0.0000
2004,1,8,8,0,-6,0,0,0,0.4,0.0000,0.0000
2004,1,8,8,30,-5.2,26,438,64,0.6000000000000001,0.0000,0.0000
2004,1,8,9,0,-4.4,41,600,137,0.9,0.0000,0.0000
2004,1,8,9,30,-3.4000000000000004,51,704,212,1.2000000000000002,10.2202,7.8285
2004,1,8,10,0,-2.3000000000000003,60,767,282,1.6,14.0184,10.8064
2004,1,8,10,30,-1.6,67,813,343,1.8,17.5453,13.5854
2004,1,8,11,0,-0.9,195,2,195,2,10.1956,7.9174
2004,1,8,11,30,-0.7000000000000001,222,4,223,2.4000000000000004,11.8366,9.2082
2004,1,8,12,0,-0.5,81,0,81,2.8000000000000003,4.3381,3.3782
2004,1,8,12,30,-0.8,123,0,123,3.2,6.6102,5.1494
2004,1,8,13,0,-1,91,0,91,3.6,4.8811,3.8016
2004,1,8,13,30,-1.3,45,0,45,4,2.3960,1.8646
2004,1,8,14,0,-1.7000000000000002,80,0,80,4.3,4.2030,3.2657
2004,1,8,14,30,-2,61,0,61,4.6000000000000005,3.1414,2.4347
2004,1,8,15,0,-2.3000000000000003,98,0,98,4.800000000000001,4.9127,3.7924
2004,1,8,15,30,-2.7,107,8,109,4.800000000000001,5.2963,4.0647
2004,1,8,16,0,-3.2,34,0,34,4.800000000000001,1.6206,1.2355
2004,1,8,16,30,-3.7,43,314,76,4.5,0.0000,0.0000
2004,1,8,17,0,-4.2,16,107,19,4.2,0.0000,0.0000
2004,1,8,17,30,-4.6000000000000005,0,0,0,4.1000000000000005,0.0000,0.0000
2004,1,8,18,0,-5,0,0,0,4.1000000000000005,0.0000,0.0000
2004,1,8,18,30,-5.4,0,0,0,3.9000000000000004,0.0000,0.0000
2004,1,8,19,0,-5.7,0,0,0,3.7,0.0000,0.0000
2004,1,8,19,30,-6.1000000000000005,0,0,0,3.5,0.0000,0.0000
2004,1,8,20,0,-6.4,0,0,0,3.2,0.0000,0.0000
2004,1,8,20,30,-6.9,0,0,0,3,0.0000,0.0000
2004,1,8,21,0,-7.300000000000001,0,0,0,2.7,0.0000,0.0000
2004,1,8,21,30,-7.7,0,0,0,2.5,0.0000,0.0000
2004,1,8,22,0,-8.200000000000001,0,0,0,2.3000000000000003,0.0000,0.0000
2004,1,8,22,30,-8.5,0,0,0,2.1,0.0000,0.0000
2004,1,8,23,0,-8.8,0,0,0,2,0.0000,0.0000
2004,1,8,23,30,-9,0,0,0,1.8,0.0000,0.0000
2004,1,9,0,0,-9.3,0,0,0,1.7000000000000002,0.0000,0.0000
2004,1,9,0,30,-9.600000000000001,0,0,0,1.6,0.0000,0.0000
2004,1,9,1,0,-9.9,0,0,0,1.4000000000000001,0.0000,0.0000
2004,1,9,1,30,-10.100000000000001,0,0,0,1.3,0.0000,0.0000
2004,1,9,2,0,-10.3,0,0,0,1.3,0.0000,0.0000
2004,1,9,2,30,-10.4,0,0,0,1.2000000000000002,0.0000,0.0000
2004,1,9,3,0,-10.600000000000001,0,0,0,1.2000000000000002,0.0000,0.0000
2004,1,9,3,30,-10.700000000000001,0,0,0,1.1,0.0000,0.0000
2004,1,9,4,0,-10.9,0,0,0,1.1,0.0000,0.0000
2004,1,9,4,30,-11,0,0,0,1.1,0.0000,0.0000
2004,1,9,5,0,-11.100000000000001,0,0,0,1.1,0.0000,0.0000
2004,1,9,5,30,-11,0,0,0,1,0.0000,0.0000
2004,1,9,6,0,-10.9,0,0,0,1,0.0000,0.0000
2004,1,9,6,30,-10.700000000000001,0,0,0,1.1,0.0000,0.0000
2004,1,9,7,0,-10.4,0,0,0,1.2000000000000002,0.0000,0.0000
2004,1,9,7,30,-10.100000000000001,0,0,0,1.3,0.0000,0.0000
2004,1,9,8,0,-9.8,0,0,0,1.4000000000000001,0.0000,0.0000
2004,1,9,8,30,-9.3,26,0,26,1.3,0.0000,0.0000
2004,1,9,9,0,-8.700000000000001,42,0,42,1.2000000000000002,0.0000,0.0000
2004,1,9,9,30,-7.800000000000001,110,10,112,1.2000000000000002,5.4016,4.1381
2004,1,9,10,0,-6.800000000000001,32,0,32,1.3,1.5918,1.2272
2004,1,9,10,30,-6.1000000000000005,70,0,70,1.5,3.5836,2.7751
2004,1,9,11,0,-5.4,99,0,99,1.7000000000000002,5.1805,4.0233
2004,1,9,11,30,-4.800000000000001,117,0,117,1.8,6.2154,4.8357
2004,1,9,12,0,-4.3,129,0,129,1.9000000000000001,6.9154,5.3857
2004,1,9,12,30,-3.8000000000000003,154,0,154,2,8.2843,6.4543
2004,1,9,13,0,-3.4000000000000004,187,0,188,2,10.0940,7.8626
2004,1,9,13,30,-3.2,78,0,78,2,4.1576,3.2359
2004,1,9,14,0,-2.9000000000000004,69,869,412,2,21.6731,16.8427
2004,1,9,14,30,-2.9000000000000004,139,0,139,1.9000000000000001,7.1684,5.5567
2004,1,9,15,0,-2.9000000000000004,124,0,124,1.8,6.2259,4.8073
2004,1,9,15,30,-3.4000000000000004,85,0,85,1.5,4.1360,3.1752
2004,1,9,16,0,-3.9000000000000004,44,651,162,1.2000000000000002,7.7215,5.8879
2004,1,9,16,30,-5,31,507,87,1.1,0.0000,0.0000
2004,1,9,17,0,-6,14,266,23,1.1,0.0000,0.0000
2004,1,9,17,30,-6.4,0,0,0,1.2000000000000002,0.0000,0.0000
2004,1,9,18,0,-6.9,0,0,0,1.4000000000000001,0.0000,0.0000
2004,1,9,18,30,-7.1000000000000005,0,0,0,1.6,0.0000,0.0000
2004,1,9,19,0,-7.300000000000001,0,0,0,1.7000000000000002,0.0000,0.0000
2004,1,9,19,30,-7.4,0,0,0,1.9000000000000001,0.0000,0.0000
2004,1,9,20,0,-7.6000000000000005,0,0,0,2.1,0.0000,0.0000
2004,1,9,20,30,-7.6000000000000005,0,0,0,2.3000000000000003,0.0000,0.0000
2004,1,9,21,0,-7.7,0,0,0,2.4000000000000004,0.0000,0.0000
2004,1,9,21,30,-7.7,0,0,0,2.6,0.0000,0.0000
2004,1,9,22,0,-7.800000000000001,0,0,0,2.7,0.0000,0.0000
2004,1,9,22,30,-7.9,0,0,0,2.8000000000000003,0.0000,0.0000
2004,1,9,23,0,-8,0,0,0,2.9000000000000004,0.0000,0.0000
2004,1,9,23,30,-8,0,0,0,3,0.0000,0.0000
2004,1,10,0,0,-8.1,0,0,0,3.1,0.0000,0.0000
2004,1,10,0,30,-8,0,0,0,3.2,0.0000,0.0000
2004,1,10,1,0,-8,0,0,0,3.3000000000000003,0.0000,0.0000
2004,1,10,1,30,-7.9,0,0,0,3.3000000000000003,0.0000,0.0000
2004,1,10,2,0,-7.9,0,0,0,3.3000000000000003,0.0000,0.0000
2004,1,10,2,30,-7.9,0,0,0,3.2,0.0000,0.0000
2004,1,10,3,0,-7.9,0,0,0,3,0.0000,0.0000
2004,1,10,3,30,-7.9,0,0,0,2.8000000000000003,0.0000,0.0000
2004,1,10,4,0,-7.9,0,0,0,2.6,0.0000,0.0000
2004,1,10,4,30,-7.9,0,0,0,2.4000000000000004,0.0000,0.0000
2004,1,10,5,0,-7.9,0,0,0,2.2,0.0000,0.0000
2004,1,10,5,30,-7.9,0,0,0,2,0.0000,0.0000
2004,1,10,6,0,-7.9,0,0,0,1.8,0.0000,0.0000
2004,1,10,6,30,-7.9,0,0,0,1.7000000000000002,0.0000,0.0000
2004,1,10,7,0,-8,0,0,0,1.6,0.0000,0.0000
2004,1,10,7,30,-7.7,0,0,0,1.7000000000000002,0.0000,0.0000
2004,1,10,8,0,-7.5,0,0,0,1.7000000000000002,0.0000,0.0000
2004,1,10,8,30,-6.800000000000001,27,465,67,1.8,0.0000,0.0000
2004,1,10,9,0,-6.2,46,0,46,1.9000000000000001,0.0000,0.0000
2004,1,10,9,30,-5.1000000000000005,50,728,218,2.1,10.5191,8.0595
2004,1,10,10,0,-4.1000000000000005,57,799,290,2.2,14.4362,11.1312
2004,1,10,10,30,-2.9000000000000004,63,844,352,2.4000000000000004,18.0347,13.9675
2004,1,10,11,0,-1.6,67,869,401,2.6,21.0009,16.3115
2004,1,10,11,30,-0.7000000000000001,70,889,440,2.8000000000000003,23.3954,18.2039
2004,1,10,12,0,0.30000000000000004,77,888,464,2.9000000000000004,24.8970,19.3918
2004,1,10,12,30,1.1,78,893,474,3,25.5234,19.8873
2004,1,10,13,0,1.9000000000000001,79,888,469,3.1,25.2099,19.6393
2004,1,10,13,30,2.5,77,878,449,3.3000000000000003,23.9614,18.6519
2004,1,10,14,0,3.1,74,859,415,3.4000000000000004,21.8588,16.9896
2004,1,10,14,30,3.1,70,831,368,3.3000000000000003,19.0063,14.7360
2004,1,10,15,0,3.2,63,787,307,3.2,15.4385,11.9238
2004,1,10,15,30,2.1,56,727,239,2.8000000000000003,11.6460,8.9433
2004,1,10,16,0,1,45,642,164,2.5,7.8177,5.9626
2004,1,10,16,30,0.2,32,498,88,2.8000000000000003,0.0000,0.0000
2004,1,10,17,0,-0.6000000000000001,15,261,24,3.1,0.0000,0.0000
2004,1,10,17,30,-0.6000000000000001,0,0,0,3.4000000000000004,0.0000,0.0000
2004,1,10,18,0,-0.5,0,0,0,3.7,0.0000,0.0000
2004,1,10,18,30,-0.7000000000000001,0,0,0,3.7,0.0000,0.0000
2004,1,10,19,0,-0.9,0,0,0,3.7,0.0000,0.0000
2004,1,10,19,30,-1.2000000000000002,0,0,0,3.6,0.0000,0.0000
2004,1,10,20,0,-1.4000000000000001,0,0,0,3.6,0.0000,0.0000
2004,1,10,20,30,-1.5,0,0,0,3.5,0.0000,0.0000
2004,1,10,21,0,-1.6,0,0,0,3.5,0.0000,0.0000
2004,1,10,21,30,-1.7000000000000002,0,0,0,3.6,0.0000,0.0000
2004,1,10,22,0,-1.7000000000000002,0,0,0,3.6,0.0000,0.0000
2004,1,10,22,30,-1.8,0,0,0,3.6,0.0000,0.0000
2004,1,10,23,0,-1.8,0,0,0,3.7,0.0000,0.0000
2004,1,10,23,30,-1.9000000000000001,0,0,0,3.7,0.0000,0.0000
2004,1,11,0,0,-1.9000000000000001,0,0,0,3.7,0.0000,0.0000
2004,1,11,0,30,-1.9000000000000001,0,0,0,3.7,0.0000,0.0000
2004,1,11,1,0,-1.9000000000000001,0,0,0,3.6,0.0000,0.0000
2004,1,11,1,30,-1.9000000000000001,0,0,0,3.6,0.0000,0.0000
2004,1,11,2,0,-1.9000000000000001,0,0,0,3.5,0.0000,0.0000
2004,1,11,2,30,-1.9000000000000001,0,0,0,3.4000000000000004,0.0000,0.0000
2004,1,11,3,0,-1.8,0,0,0,3.3000000000000003,0.0000,0.0000
2004,1,11,3,30,-1.8,0,0,0,3.3000000000000003,0.0000,0.0000
2004,1,11,4,0,-1.7000000000000002,0,0,0,3.2,0.0000,0.0000
2004,1,11,4,30,-1.9000000000000001,0,0,0,3.1,0.0000,0.0000
2004,1,11,5,0,-2,0,0,0,3,0.0000,0.0000
2004,1,11,5,30,-2,0,0,0,3.1,0.0000,0.0000
2004,1,11,6,0,-1.9000000000000001,0,0,0,3.2,0.0000,0.0000
2004,1,11,6,30,-1.7000000000000002,0,0,0,3.3000000000000003,0.0000,0.0000
2004,1,11,7,0,-1.6,0,0,0,3.4000000000000004,0.0000,0.0000
2004,1,11,7,30,-1,0,0,0,3.6,0.0000,0.0000
2004,1,11,8,0,-0.5,0,0,0,3.8000000000000003,0.0000,0.0000
2004,1,11,8,30,0.6000000000000001,25,0,25,4.1000000000000005,0.0000,0.0000
2004,1,11,9,0,1.7000000000000002,36,647,142,4.4,0.0000,0.0000
2004,1,11,9,30,2.8000000000000003,45,746,218,4.3,10.5245,8.0647
2004,1,11,10,0,3.8000000000000003,49,822,290,4.2,14.4483,11.1421
2004,1,11,10,30,4.9,54,865,352,4.2,18.0508,13.9817
2004,1,11,11,0,6,232,17,238,4.2,12.4755,9.6909
2004,1,11,11,30,6.9,288,75,319,4.3,16.9783,13.2122
2004,1,11,12,0,7.9,298,52,321,4.4,17.2411,13.4303
2004,1,11,12,30,8.5,310,79,345,4.5,18.5965,14.4916
2004,1,11,13,0,9.200000000000001,298,148,364,4.6000000000000005,19.5865,15.2603
2004,1,11,13,30,9.200000000000001,65,904,450,4.5,24.0448,18.7195
2004,1,11,14,0,9.3,63,886,417,4.5,21.9937,17.0971
2004,1,11,14,30,8.6,60,860,371,4.1000000000000005,19.1911,14.8824
2004,1,11,15,0,7.800000000000001,55,821,312,3.8000000000000003,15.7162,12.1415
2004,1,11,15,30,6.4,49,765,244,3.6,11.9079,9.1474
2004,1,11,16,0,4.9,41,679,169,3.5,8.0578,6.1472
2004,1,11,16,30,3.8000000000000003,31,542,93,3.5,0.0000,0.0000
2004,1,11,17,0,2.7,15,302,27,3.5,0.0000,0.0000
2004,1,11,17,30,2.3000000000000003,0,0,0,3.5,0.0000,0.0000
2004,1,11,18,0,1.9000000000000001,0,0,0,3.5,0.0000,0.0000
2004,1,11,18,30,1.6,0,0,0,3.6,0.0000,0.0000
2004,1,11,19,0,1.3,0,0,0,3.6,0.0000,0.0000
2004,1,11,19,30,0.9,0,0,0,3.6,0.0000,0.0000
2004,1,11,20,0,0.5,0,0,0,3.5,0.0000,0.0000
2004,1,11,20,30,0.1,0,0,0,3.5,0.0000,0.0000
2004,1,11,21,0,-0.30000000000000004,0,0,0,3.4000000000000004,0.0000,0.0000
2004,1,11,21,30,-0.6000000000000001,0,0,0,3.4000000000000004,0.0000,0.0000
2004,1,11,22,0,-0.9,0,0,0,3.4000000000000004,0.0000,0.0000
2004,1,11,22,30,-1.2000000000000002,0,0,0,3.5,0.0000,0.0000
2004,1,11,23,0,-1.5,0,0,0,3.6,0.0000,0.0000
2004,1,11,23,30,-1.7000000000000002,0,0,0,3.8000000000000003,0.0000,0.0000
2004,1,12,0,0,-2,0,0,0,4,0.0000,0.0000
2004,1,12,0,30,-2.4000000000000004,0,0,0,3.8000000000000003,0.0000,0.0000
2004,1,12,1,0,-2.8000000000000003,0,0,0,3.7,0.0000,0.0000
2004,1,12,1,30,-3,0,0,0,3.5,0.0000,0.0000
2004,1,12,2,0,-3.3000000000000003,0,0,0,3.4000000000000004,0.0000,0.0000
2004,1,12,2,30,-3.3000000000000003,0,0,0,3.2,0.0000,0.0000
2004,1,12,3,0,-3.4000000000000004,0,0,0,3.1,0.0000,0.0000
2004,1,12,3,30,-3.5,0,0,0,2.8000000000000003,0.0000,0.0000
2004,1,12,4,0,-3.6,0,0,0,2.5,0.0000,0.0000
2004,1,12,4,30,-3.6,0,0,0,2.2,0.0000,0.0000
2004,1,12,5,0,-3.6,0,0,0,2,0.0000,0.0000
2004,1,12,5,30,-3.5,0,0,0,1.8,0.0000,0.0000
2004,1,12,6,0,-3.5,0,0,0,1.5,0.0000,0.0000
2004,1,12,6,30,-3.4000000000000004,0,0,0,1.5,0.0000,0.0000
2004,1,12,7,0,-3.3000000000000003,0,0,0,1.6,0.0000,0.0000
2004,1,12,7,30,-2.9000000000000004,0,0,0,1.9000000000000001,0.0000,0.0000
2004,1,12,8,0,-2.5,0,0,0,2.3000000000000003,0.0000,0.0000
2004,1,12,8,30,-1.6,24,490,68,2.6,0.0000,0.0000
2004,1,12,9,0,-0.8,34,659,142,2.9000000000000004,0.0000,0.0000
2004,1,12,9,30,0.4,40,757,217,3,10.4824,8.0336
2004,1,12,10,0,1.6,45,820,287,3.1,14.3109,11.0376
2004,1,12,10,30,2.7,49,863,348,3.2,17.8616,13.8368
2004,1,12,11,0,3.8000000000000003,52,890,398,3.4000000000000004,20.8828,16.2235
2004,1,12,11,30,4.7,54,910,436,3.4000000000000004,23.2280,18.0776
2004,1,12,12,0,5.6000000000000005,60,912,461,3.5,24.7851,19.3089
2004,1,12,12,30,6.300000000000001,60,916,471,3.6,25.4163,19.8083
2004,1,12,13,0,7.1000000000000005,61,908,464,3.6,24.9971,19.4782
2004,1,12,13,30,7.4,60,899,445,3.5,23.8071,18.5370
2004,1,12,14,0,7.7,58,881,413,3.4000000000000004,21.8135,16.9599
2004,1,12,14,30,7,56,850,365,2.6,18.9100,14.6674
2004,1,12,15,0,6.300000000000001,53,809,308,1.8,15.5406,12.0090
2004,1,12,15,30,4.5,47,752,242,1.7000000000000002,11.8287,9.0895
2004,1,12,16,0,2.8000000000000003,41,664,168,1.6,8.0128,6.1145
2004,1,12,16,30,1.8,31,528,93,1.7000000000000002,0.0000,0.0000
2004,1,12,17,0,0.7000000000000001,16,297,28,1.8,0.0000,0.0000
2004,1,12,17,30,0.6000000000000001,0,0,0,1.8,0.0000,0.0000
2004,1,12,18,0,0.5,0,0,0,1.9000000000000001,0.0000,0.0000
2004,1,12,18,30,0.30000000000000004,0,0,0,2,0.0000,0.0000
2004,1,12,19,0,0.2,0,0,0,2.1,0.0000,0.0000
2004,1,12,19,30,0,0,0,0,2.3000000000000003,0.0000,0.0000
2004,1,12,20,0,-0.2,0,0,0,2.5,0.0000,0.0000
2004,1,12,20,30,-0.5,0,0,0,2.6,0.0000,0.0000
2004,1,12,21,0,-0.9,0,0,0,2.8000000000000003,0.0000,0.0000
2004,1,12,21,30,-1.2000000000000002,0,0,0,2.7,0.0000,0.0000
2004,1,12,22,0,-1.5,0,0,0,2.7,0.0000,0.0000
2004,1,12,22,30,-1.7000000000000002,0,0,0,2.7,0.0000,0.0000
2004,1,12,23,0,-1.9000000000000001,0,0,0,2.6,0.0000,0.0000
2004,1,12,23,30,-2,0,0,0,2.6,0.0000,0.0000
2004,1,13,0,0,-2.1,0,0,0,2.5,0.0000,0.0000
2004,1,13,0,30,-2.2,0,0,0,2.5,0.0000,0.0000
2004,1,13,1,0,-2.3000000000000003,0,0,0,2.4000000000000004,0.0000,0.0000
2004,1,13,1,30,-2.4000000000000004,0,0,0,2.3000000000000003,0.0000,0.0000
2004,1,13,2,0,-2.4000000000000004,0,0,0,2.2,0.0000,0.0000
2004,1,13,2,30,-2.5,0,0,0,2.2,0.0000,0.0000
2004,1,13,3,0,-2.6,0,0,0,2.1,0.0000,0.0000
2004,1,13,3,30,-2.6,0,0,0,2.1,0.0000,0.0000
2004,1,13,4,0,-2.6,0,0,0,2.1,0.0000,0.0000
2004,1,13,4,30,-2.7,0,0,0,2.2,0.0000,0.0000
2004,1,13,5,0,-2.7,0,0,0,2.2,0.0000,0.0000
2004,1,13,5,30,-2.7,0,0,0,2.2,0.0000,0.0000
2004,1,13,6,0,-2.7,0,0,0,2.2,0.0000,0.0000
2004,1,13,6,30,-2.7,0,0,0,2.2,0.0000,0.0000
2004,1,13,7,0,-2.7,0,0,0,2.3000000000000003,0.0000,0.0000
2004,1,13,7,30,-2.5,0,0,0,2.5,0.0000,0.0000
2004,1,13,8,0,-2.3000000000000003,0,0,0,2.7,0.0000,0.0000
2004,1,13,8,30,-1.6,25,494,69,2.6,0.0000,0.0000
2004,1,13,9,0,-0.9,35,658,144,2.6,0.0000,0.0000
2004,1,13,9,30,-0.1,42,757,220,2.4000000000000004,10.6344,8.1515
2004,1,13,10,0,0.7000000000000001,47,823,291,2.1,14.5238,11.2037
2004,1,13,10,30,1.3,50,866,352,1.9000000000000001,18.0861,14.0128
2004,1,13,11,0,1.9000000000000001,53,895,403,1.7000000000000002,21.1674,16.4466
2004,1,13,11,30,2.5,55,915,441,1.7000000000000002,23.5188,18.3061
2004,1,13,12,0,3,62,914,466,1.8,25.0803,19.5410
2004,1,13,12,30,3.4000000000000004,63,919,477,2.1,25.7683,20.0850
2004,1,13,13,0,3.9000000000000004,62,918,472,2.4000000000000004,25.4598,19.8413
2004,1,13,13,30,4.1000000000000005,61,910,454,2.6,24.3203,18.9392
2004,1,13,14,0,4.4,59,894,421,2.9000000000000004,22.2690,17.3171
2004,1,13,14,30,4.2,56,862,373,2.7,19.3559,15.0164
2004,1,13,15,0,4.1000000000000005,53,820,315,2.6,15.9218,12.3068
2004,1,13,15,30,2.5,48,764,248,2.1,12.1421,9.3336
2004,1,13,16,0,1,41,682,174,1.6,8.3029,6.3377
2004,1,13,16,30,0,31,549,98,1.8,0.0000,0.0000
2004,1,13,17,0,-1.1,17,320,30,2.1,0.0000,0.0000
2004,1,13,17,30,-0.9,0,0,0,2.5,0.0000,0.0000
2004,1,13,18,0,-0.7000000000000001,0,0,0,3,0.0000,0.0000
2004,1,13,18,30,-0.6000000000000001,0,0,0,3.4000000000000004,0.0000,0.0000
2004,1,13,19,0,-0.5,0,0,0,3.7,0.0000,0.0000
2004,1,13,19,30,-0.6000000000000001,0,0,0,3.9000000000000004,0.0000,0.0000
2004,1,13,20,0,-0.6000000000000001,0,0,0,4.1000000000000005,0.0000,0.0000
2004,1,13,20,30,-0.7000000000000001,0,0,0,4.3,0.0000,0.0000
2004,1,13,21,0,-0.8,0,0,0,4.5,0.0000,0.0000
2004,1,13,21,30,-0.8,0,0,0,4.7,0.0000,0.0000
2004,1,13,22,0,-0.9,0,0,0,5,0.0000,0.0000
2004,1,13,22,30,-0.9,0,0,0,5.1000000000000005,0.0000,0.0000
2004,1,13,23,0,-1,0,0,0,5.2,0.0000,0.0000
2004,1,13,23,30,-1.1,0,0,0,5.2,0.0000,0.0000
2004,1,14,0,0,-1.2000000000000002,0,0,0,5.2,0.0000,0.0000
2004,1,14,0,30,-1.2000000000000002,0,0,0,5.1000000000000005,0.0000,0.0000
2004,1,14,1,0,-1.3,0,0,0,5.1000000000000005,0.0000,0.0000
2004,1,14,1,30,-1.2000000000000002,0,0,0,5,0.0000,0.0000
2004,1,14,2,0,-1.1,0,0,0,5,0.0000,0.0000
2004,1,14,2,30,-0.8,0,0,0,5,0.0000,0.0000
2004,1,14,3,0,-0.5,0,0,0,5.1000000000000005,0.0000,0.0000
2004,1,14,3,30,-0.1,0,0,0,5.1000000000000005,0.0000,0.0000
2004,1,14,4,0,0.30000000000000004,0,0,0,5.1000000000000005,0.0000,0.0000
2004,1,14,4,30,0.8,0,0,0,5.1000000000000005,0.0000,0.0000
2004,1,14,5,0,1.2000000000000002,0,0,0,5.2,0.0000,0.0000
2004,1,14,5,30,1.4000000000000001,0,0,0,5.300000000000001,0.0000,0.0000
2004,1,14,6,0,1.6,0,0,0,5.4,0.0000,0.0000
2004,1,14,6,30,1.6,0,0,0,5.4,0.0000,0.0000
2004,1,14,7,0,1.5,0,0,0,5.5,0.0000,0.0000
2004,1,14,7,30,1.6,0,0,0,5.800000000000001,0.0000,0.0000
2004,1,14,8,0,1.7000000000000002,0,0,0,6,0.0000,0.0000
2004,1,14,8,30,2.2,39,6,40,6.5,0.0000,0.0000
2004,1,14,9,0,2.6,71,11,73,7,0.0000,0.0000
2004,1,14,9,30,2.8000000000000003,108,18,112,8,5.4176,4.1534
2004,1,14,10,0,3,91,7,93,9,4.6464,3.5848
2004,1,14,10,30,2.9000000000000004,124,1,125,9.200000000000001,6.4294,4.9821
2004,1,14,11,0,2.8000000000000003,157,3,158,9.5,8.3075,6.4556
2004,1,14,11,30,2.7,243,207,331,9.4,17.6720,13.7569
2004,1,14,12,0,2.5,217,281,342,9.3,18.4271,14.3590
2004,1,14,12,30,2.4000000000000004,239,315,382,9,20.6601,16.1054
2004,1,14,13,0,2.2,63,912,474,8.700000000000001,25.5975,19.9511
2004,1,14,13,30,1.9000000000000001,62,903,455,8.3,24.4071,19.0097
2004,1,14,14,0,1.7000000000000002,58,893,423,7.800000000000001,22.4077,17.4279
2004,1,14,14,30,1.2000000000000002,56,868,377,7.300000000000001,19.5950,15.2051
2004,1,14,15,0,0.8,52,832,320,6.7,16.2029,12.5274
2004,1,14,15,30,0,47,778,253,5.7,12.4078,9.5410
2004,1,14,16,0,-0.8,40,699,178,4.7,8.4986,6.4891
2004,1,14,16,30,-2,31,570,102,3.5,0.0000,0.0000
2004,1,14,17,0,-3.2,17,354,33,2.4000000000000004,0.0000,0.0000
2004,1,14,17,30,-3.5,0,0,0,2.2,0.0000,0.0000
2004,1,14,18,0,-3.8000000000000003,0,0,0,2.1,0.0000,0.0000
2004,1,14,18,30,-4,0,0,0,1.9000000000000001,0.0000,0.0000
2004,1,14,19,0,-4.2,0,0,0,1.7000000000000002,0.0000,0.0000
2004,1,14,19,30,-4.3,0,0,0,1.5,0.0000,0.0000
2004,1,14,20,0,-4.4,0,0,0,1.3,0.0000,0.0000
2004,1,14,20,30,-4.4,0,0,0,1.2000000000000002,0.0000,0.0000
2004,1,14,21,0,-4.5,0,0,0,1,0.0000,0.0000
2004,1,14,21,30,-4.5,0,0,0,0.8,0.0000,0.0000
2004,1,14,22,0,-4.5,0,0,0,0.7000000000000001,0.0000,0.0000
2004,1,14,22,30,-4.4,0,0,0,0.6000000000000001,0.0000,0.0000
2004,1,14,23,0,-4.4,0,0,0,0.5,0.0000,0.0000
2004,1,14,23,30,-4.4,0,0,0,0.7000000000000001,0.0000,0.0000
2004,1,15,0,0,-4.4,0,0,0,0.8,0.0000,0.0000
2004,1,15,0,30,-4.4,0,0,0,1,0.0000,0.0000
2004,1,15,1,0,-4.4,0,0,0,1.1,0.0000,0.0000
2004,1,15,1,30,-4.5,0,0,0,1.3,0.0000,0.0000
2004,1,15,2,0,-4.5,0,0,0,1.4000000000000001,0.0000,0.0000
2004,1,15,2,30,-4.6000000000000005,0,0,0,1.7000000000000002,0.0000,0.0000
2004,1,15,3,0,-4.7,0,0,0,2,0.0000,0.0000
2004,1,15,3,30,-4.7,0,0,0,2.4000000000000004,0.0000,0.0000
2004,1,15,4,0,-4.800000000000001,0,0,0,2.7,0.0000,0.0000
2004,1,15,4,30,-4.800000000000001,0,0,0,3,0.0000,0.0000
2004,1,15,5,0,-4.800000000000001,0,0,0,3.3000000000000003,0.0000,0.0000
2004,1,15,5,30,-4.800000000000001,0,0,0,3.5,0.0000,0.0000
2004,1,15,6,0,-4.800000000000001,0,0,0,3.7,0.0000,0.0000
2004,1,15,6,30,-4.800000000000001,0,0,0,3.8000000000000003,0.0000,0.0000
2004,1,15,7,0,-4.800000000000001,0,0,0,4,0.0000,0.0000
2004,1,15,7,30,-4.4,0,0,0,4.3,0.0000,0.0000
2004,1,15,8,0,-4,0,0,0,4.6000000000000005,0.0000,0.0000
2004,1,15,8,30,-2.9000000000000004,25,473,69,5,0.0000,0.0000
2004,1,15,9,0,-1.8,90,18,93,5.4,0.0000,0.0000
2004,1,15,9,30,-0.4,44,734,219,5.9,10.6014,8.1291
2004,1,15,10,0,1,49,801,289,6.300000000000001,14.4537,11.1533
2004,1,15,10,30,2.4000000000000004,53,844,350,6.5,18.0214,13.9667
2004,1,15,11,0,3.7,56,873,401,6.6000000000000005,21.1079,16.4047
2004,1,15,11,30,4.800000000000001,58,893,439,6.6000000000000005,23.4639,18.2678
2004,1,15,12,0,5.800000000000001,64,892,464,6.5,25.0300,19.5065
2004,1,15,12,30,6.6000000000000005,65,897,474,6.300000000000001,25.6670,20.0109
2004,1,15,13,0,7.4,63,900,471,6.1000000000000005,25.4684,19.8532
2004,1,15,13,30,7.800000000000001,62,892,452,5.7,24.2790,18.9126
2004,1,15,14,0,8.200000000000001,210,308,337,5.300000000000001,17.8780,13.9072
2004,1,15,14,30,7.7,210,186,280,4.3,14.5779,11.3144
2004,1,15,15,0,7.1000000000000005,191,77,216,3.3000000000000003,10.9570,8.4739
2004,1,15,15,30,5.5,154,61,171,2.9000000000000004,8.4013,6.4625
2004,1,15,16,0,3.8000000000000003,102,8,104,2.6,4.9689,3.7952
2004,1,15,16,30,2.8000000000000003,58,2,59,2.7,0.0000,0.0000
2004,1,15,17,0,1.9000000000000001,22,3,22,2.9000000000000004,0.0000,0.0000
2004,1,15,17,30,1.8,0,0,0,3,0.0000,0.0000
2004,1,15,18,0,1.7000000000000002,0,0,0,3.1,0.0000,0.0000
2004,1,15,18,30,1.6,0,0,0,3.1,0.0000,0.0000
2004,1,15,19,0,1.4000000000000001,0,0,0,3.1,0.0000,0.0000
2004,1,15,19,30,1.3,0,0,0,3.1,0.0000,0.0000
2004,1,15,20,0,1.2000000000000002,0,0,0,3,0.0000,0.0000
2004,1,15,20,30,1,0,0,0,2.9000000000000004,0.0000,0.0000
2004,1,15,21,0,0.9,0,0,0,2.7,0.0000,0.0000
2004,1,15,21,30,0.7000000000000001,0,0,0,2.6,0.0000,0.0000
2004,1,15,22,0,0.5,0,0,0,2.5,0.0000,0.0000
2004,1,15,22,30,0.30000000000000004,0,0,0,2.4000000000000004,0.0000,0.0000
2004,1,15,23,0,0.2,0,0,0,2.3000000000000003,0.0000,0.0000
2004,1,15,23,30,-0.1,0,0,0,2.1,0.0000,0.0000
2004,1,16,0,0,-0.30000000000000004,0,0,0,2,0.0000,0.0000
2004,1,16,0,30,-0.6000000000000001,0,0,0,1.8,0.0000,0.0000
2004,1,16,1,0,-0.9,0,0,0,1.7000000000000002,0.0000,0.0000
2004,1,16,1,30,-0.9,0,0,0,1.6,0.0000,0.0000
2004,1,16,2,0,-1,0,0,0,1.6,0.0000,0.0000
2004,1,16,2,30,-0.9,0,0,0,1.6,0.0000,0.0000
2004,1,16,3,0,-0.8,0,0,0,1.6,0.0000,0.0000
2004,1,16,3,30,-0.7000000000000001,0,0,0,1.6,0.0000,0.0000
2004,1,16,4,0,-0.6000000000000001,0,0,0,1.6,0.0000,0.0000
2004,1,16,4,30,-0.6000000000000001,0,0,0,1.5,0.0000,0.0000
2004,1,16,5,0,-0.6000000000000001,0,0,0,1.5,0.0000,0.0000
2004,1,16,5,30,-0.6000000000000001,0,0,0,1.5,0.0000,0.0000
2004,1,16,6,0,-0.6000000000000001,0,0,0,1.4000000000000001,0.0000,0.0000
2004,1,16,6,30,-0.7000000000000001,0,0,0,1.4000000000000001,0.0000,0.0000
2004,1,16,7,0,-0.9,0,0,0,1.4000000000000001,0.0000,0.0000
2004,1,16,7,30,-0.1,0,0,0,1.5,0.0000,0.0000
2004,1,16,8,0,0.7000000000000001,0,0,0,1.6,0.0000,0.0000
2004,1,16,8,30,1.5,32,0,32,2,0.0000,0.0000
2004,1,16,9,0,2.3000000000000003,82,26,87,2.4000000000000004,0.0000,0.0000
2004,1,16,9,30,2.9000000000000004,123,63,138,2.2,6.6861,5.1279
2004,1,16,10,0,3.6,129,28,137,1.9000000000000001,6.8594,5.2941
2004,1,16,10,30,4.1000000000000005,162,55,182,1.8,9.3826,7.2728
2004,1,16,11,0,4.7,165,28,176,1.7000000000000002,9.2754,7.2097
2004,1,16,11,30,5,113,0,113,1.6,6.0467,4.7083
2004,1,16,12,0,5.2,116,4,118,1.6,6.3728,4.9671
2004,1,16,12,30,5,61,0,61,1.2000000000000002,3.3071,2.5787
2004,1,16,13,0,4.800000000000001,142,11,147,0.9,7.9589,6.2050
2004,1,16,13,30,4.7,39,0,39,0.9,2.0978,1.6344
2004,1,16,14,0,4.6000000000000005,81,2,81,0.9,4.3040,3.3486
2004,1,16,14,30,4.3,85,2,86,0.8,4.4850,3.4817
2004,1,16,15,0,4,100,7,102,0.7000000000000001,5.1836,4.0100
2004,1,16,15,30,3.4000000000000004,29,0,29,0.8,1.4274,1.0983
2004,1,16,16,0,2.7,81,12,84,0.9,4.0166,3.0689
2004,1,16,16,30,2.4000000000000004,64,9,65,0.9,0.0000,0.0000
2004,1,16,17,0,2.1,8,0,8,0.9,0.0000,0.0000
2004,1,16,17,30,2.1,0,0,0,0.9,0.0000,0.0000
2004,1,16,18,0,2.2,0,0,0,0.8,0.0000,0.0000
2004,1,16,18,30,2.1,0,0,0,0.8,0.0000,0.0000
2004,1,16,19,0,2,0,0,0,0.7000000000000001,0.0000,0.0000
2004,1,16,19,30,1.8,0,0,0,0.7000000000000001,0.0000,0.0000
2004,1,16,20,0,1.7000000000000002,0,0,0,0.7000000000000001,0.0000,0.0000
2004,1,16,20,30,1.3,0,0,0,0.8,0.0000,0.0000
2004,1,16,21,0,1,0,0,0,0.8,0.0000,0.0000
2004,1,16,21,30,0.9,0,0,0,1,0.0000,0.0000
2004,1,16,22,0,0.8,0,0,0,1.2000000000000002,0.0000,0.0000
2004,1,16,22,30,0.7000000000000001,0,0,0,1.9000000000000001,0.0000,0.0000
2004,1,16,23,0,0.7000000000000001,0,0,0,2.7,0.0000,0.0000
2004,1,16,23,30,0.5,0,0,0,3.1,0.0000,0.0000
2004,1,17,0,0,0.30000000000000004,0,0,0,3.5,0.0000,0.0000
2004,1,17,0,30,0.1,0,0,0,3.4000000000000004,0.0000,0.0000
2004,1,17,1,0,0,0,0,0,3.3000000000000003,0.0000,0.0000
2004,1,17,1,30,-0.2,0,0,0,3.4000000000000004,0.0000,0.0000
2004,1,17,2,0,-0.30000000000000004,0,0,0,3.5,0.0000,0.0000
2004,1,17,2,30,-0.5,0,0,0,3.8000000000000003,0.0000,0.0000
2004,1,17,3,0,-0.7000000000000001,0,0,0,4.1000000000000005,0.0000,0.0000
2004,1,17,3,30,-0.8,0,0,0,4.6000000000000005,0.0000,0.0000
2004,1,17,4,0,-0.9,0,0,0,5,0.0000,0.0000
2004,1,17,4,30,-1.1,0,0,0,5.1000000000000005,0.0000,0.0000
2004,1,17,5,0,-1.2000000000000002,0,0,0,5.1000000000000005,0.0000,0.0000
2004,1,17,5,30,-1.3,0,0,0,5.2,0.0000,0.0000
2004,1,17,6,0,-1.4000000000000001,0,0,0,5.2,0.0000,0.0000
2004,1,17,6,30,-1.5,0,0,0,5.300000000000001,0.0000,0.0000
2004,1,17,7,0,-1.7000000000000002,0,0,0,5.300000000000001,0.0000,0.0000
2004,1,17,7,30,-1.7000000000000002,0,0,0,5.800000000000001,0.0000,0.0000
2004,1,17,8,0,-1.7000000000000002,0,0,0,6.2,0.0000,0.0000
2004,1,17,8,30,-1.3,16,0,16,6.5,0.0000,0.0000
2004,1,17,9,0,-1,21,0,21,6.800000000000001,0.0000,0.0000
2004,1,17,9,30,-0.5,21,0,21,6.7,1.0184,0.7812
2004,1,17,10,0,0,19,0,19,6.7,0.9525,0.7353
2004,1,17,10,30,0.5,48,0,48,6.5,2.4776,1.9208
2004,1,17,11,0,1.1,59,0,59,6.4,3.1133,2.4203
2004,1,17,11,30,1.7000000000000002,69,0,69,6.300000000000001,3.6968,2.8789
2004,1,17,12,0,2.3000000000000003,95,0,95,6.300000000000001,5.1369,4.0044
2004,1,17,12,30,2.8000000000000003,96,0,96,6.300000000000001,5.2112,4.0639
2004,1,17,13,0,3.4000000000000004,100,0,100,6.300000000000001,5.4215,4.2273
2004,1,17,13,30,3.6,122,0,122,6.300000000000001,6.5716,5.1206
2004,1,17,14,0,3.8000000000000003,171,3,173,6.2,9.2070,7.1646
2004,1,17,14,30,3.6,135,1,135,6.1000000000000005,7.0527,5.4762
2004,1,17,15,0,3.4000000000000004,141,6,143,5.9,7.2812,5.6341
2004,1,17,15,30,2.5,160,62,177,5.1000000000000005,8.7284,6.7188
2004,1,17,16,0,1.6,85,2,85,4.3,4.0682,3.1094
2004,1,17,16,30,0.2,55,1,55,3.7,0.0000,0.0000
2004,1,17,17,0,-1.2000000000000002,20,0,20,3.1,0.0000,0.0000
2004,1,17,17,30,-1.4000000000000001,0,0,0,3.4000000000000004,0.0000,0.0000
2004,1,17,18,0,-1.7000000000000002,0,0,0,3.8000000000000003,0.0000,0.0000
2004,1,17,18,30,-2,0,0,0,4,0.0000,0.0000
2004,1,17,19,0,-2.3000000000000003,0,0,0,4.2,0.0000,0.0000
2004,1,17,19,30,-2.7,0,0,0,4.2,0.0000,0.0000
2004,1,17,20,0,-3.1,0,0,0,4.2,0.0000,0.0000
2004,1,17,20,30,-3.4000000000000004,0,0,0,4,0.0000,0.0000
2004,1,17,21,0,-3.6,0,0,0,3.8000000000000003,0.0000,0.0000
2004,1,17,21,30,-3.8000000000000003,0,0,0,3.7,0.0000,0.0000
2004,1,17,22,0,-3.9000000000000004,0,0,0,3.6,0.0000,0.0000
2004,1,17,22,30,-4,0,0,0,3.6,0.0000,0.0000
2004,1,17,23,0,-4,0,0,0,3.7,0.0000,0.0000
2004,1,17,23,30,-4.1000000000000005,0,0,0,3.9000000000000004,0.0000,0.0000
2004,1,18,0,0,-4.2,0,0,0,4.1000000000000005,0.0000,0.0000
2004,1,18,0,30,-4.5,0,0,0,4.5,0.0000,0.0000
2004,1,18,1,0,-4.7,0,0,0,4.800000000000001,0.0000,0.0000
2004,1,18,1,30,-5.1000000000000005,0,0,0,5.1000000000000005,0.0000,0.0000
2004,1,18,2,0,-5.5,0,0,0,5.5,0.0000,0.0000
2004,1,18,2,30,-6.1000000000000005,0,0,0,5.9,0.0000,0.0000
2004,1,18,3,0,-6.6000000000000005,0,0,0,6.2,0.0000,0.0000
2004,1,18,3,30,-7.300000000000001,0,0,0,6.6000000000000005,0.0000,0.0000
2004,1,18,4,0,-8,0,0,0,7,0.0000,0.0000
2004,1,18,4,30,-8.6,0,0,0,7.1000000000000005,0.0000,0.0000
2004,1,18,5,0,-9.3,0,0,0,7.300000000000001,0.0000,0.0000
2004,1,18,5,30,-10,0,0,0,7.4,0.0000,0.0000
2004,1,18,6,0,-10.600000000000001,0,0,0,7.6000000000000005,0.0000,0.0000
2004,1,18,6,30,-11.3,0,0,0,7.6000000000000005,0.0000,0.0000
2004,1,18,7,0,-11.9,0,0,0,7.7,0.0000,0.0000
2004,1,18,7,30,-12.3,0,0,0,7.7,0.0000,0.0000
2004,1,18,8,0,-12.700000000000001,11,267,16,7.6000000000000005,0.0000,0.0000
2004,1,18,8,30,-12.700000000000001,25,544,78,7.6000000000000005,0.0000,0.0000
2004,1,18,9,0,-12.700000000000001,98,34,104,7.6000000000000005,4.9589,3.7790
2004,1,18,9,30,-12.4,143,64,159,7.4,7.7183,5.9221
2004,1,18,10,0,-12.100000000000001,177,153,224,7.300000000000001,11.2436,8.6814
2004,1,18,10,30,-11.700000000000001,51,891,371,7.1000000000000005,19.1745,14.8678
2004,1,18,11,0,-11.3,218,275,329,6.9,17.3823,13.5152
2004,1,18,11,30,-10.9,262,173,337,6.800000000000001,18.0786,14.0808
2004,1,18,12,0,-10.5,63,936,490,6.6000000000000005,26.5298,20.6834
2004,1,18,12,30,-10.200000000000001,64,941,501,6.5,27.2316,21.2391
2004,1,18,13,0,-9.9,64,938,497,6.5,26.9823,21.0421
2004,1,18,13,30,-9.8,63,930,479,6.300000000000001,25.8391,20.1371
2004,1,18,14,0,-9.700000000000001,61,916,447,6.2,23.8264,18.5444
2004,1,18,14,30,-9.8,58,892,400,6,20.9331,16.2573
2004,1,18,15,0,-10,55,855,342,5.800000000000001,17.4485,13.5055
2004,1,18,15,30,-10.4,50,803,273,5.6000000000000005,13.4884,10.3866
2004,1,18,16,0,-10.700000000000001,43,728,197,5.300000000000001,9.4387,7.2168
2004,1,18,16,30,-11.3,34,605,118,5,0.0000,0.0000
2004,1,18,17,0,-11.8,20,397,44,4.7,0.0000,0.0000
2004,1,18,17,30,-12.100000000000001,0,0,0,4.5,0.0000,0.0000
2004,1,18,18,0,-12.4,0,0,0,4.4,0.0000,0.0000
2004,1,18,18,30,-12.700000000000001,0,0,0,4.2,0.0000,0.0000
2004,1,18,19,0,-13,0,0,0,4.1000000000000005,0.0000,0.0000
2004,1,18,19,30,-13.200000000000001,0,0,0,4,0.0000,0.0000
2004,1,18,20,0,-13.5,0,0,0,3.9000000000000004,0.0000,0.0000
2004,1,18,20,30,-13.700000000000001,0,0,0,3.8000000000000003,0.0000,0.0000
2004,1,18,21,0,-13.9,0,0,0,3.7,0.0000,0.0000
2004,1,18,21,30,-14.100000000000001,0,0,0,3.5,0.0000,0.0000
2004,1,18,22,0,-14.200000000000001,0,0,0,3.4000000000000004,0.0000,0.0000
2004,1,18,22,30,-14.4,0,0,0,3.2,0.0000,0.0000
2004,1,18,23,0,-14.5,0,0,0,3,0.0000,0.0000
2004,1,18,23,30,-14.600000000000001,0,0,0,2.9000000000000004,0.0000,0.0000
2004,1,19,0,0,-14.8,0,0,0,2.8000000000000003,0.0000,0.0000
2004,1,19,0,30,-14.9,0,0,0,2.6,0.0000,0.0000
2004,1,19,1,0,-15,0,0,0,2.5,0.0000,0.0000
2004,1,19,1,30,-15.100000000000001,0,0,0,2.4000000000000004,0.0000,0.0000
2004,1,19,2,0,-15.200000000000001,0,0,0,2.2,0.0000,0.0000
2004,1,19,2,30,-15.3,0,0,0,2,0.0000,0.0000
2004,1,19,3,0,-15.4,0,0,0,1.8,0.0000,0.0000
2004,1,19,3,30,-15.5,0,0,0,1.6,0.0000,0.0000
2004,1,19,4,0,-15.600000000000001,0,0,0,1.4000000000000001,0.0000,0.0000
2004,1,19,4,30,-15.700000000000001,0,0,0,1.2000000000000002,0.0000,0.0000
2004,1,19,5,0,-15.8,0,0,0,1,0.0000,0.0000
2004,1,19,5,30,-15.8,0,0,0,1,0.0000,0.0000
2004,1,19,6,0,-15.8,0,0,0,1,0.0000,0.0000
2004,1,19,6,30,-15.700000000000001,0,0,0,1.1,0.0000,0.0000
2004,1,19,7,0,-15.700000000000001,0,0,0,1.2000000000000002,0.0000,0.0000
2004,1,19,7,30,-15.4,0,0,0,1.3,0.0000,0.0000
2004,1,19,8,0,-15.100000000000001,12,222,16,1.4000000000000001,0.0000,0.0000
2004,1,19,8,30,-14.5,45,1,45,1.5,0.0000,0.0000
2004,1,19,9,0,-13.9,72,12,74,1.6,3.5278,2.6888
2004,1,19,9,30,-13.200000000000001,143,105,169,1.6,8.2124,6.3028
2004,1,19,10,0,-12.4,180,146,225,1.7000000000000002,11.3086,8.7333
2004,1,19,10,30,-11.5,216,150,270,1.8,13.9726,10.8361
2004,1,19,11,0,-10.700000000000001,61,901,427,1.9000000000000001,22.5899,17.5669
2004,1,19,11,30,-9.9,267,156,335,2,17.9944,14.0171
2004,1,19,12,0,-9.1,192,411,381,2.1,20.6559,16.1061
2004,1,19,12,30,-8.6,260,282,392,2.2,21.3361,16.6432
2004,1,19,13,0,-8,159,539,410,2.4000000000000004,22.2897,17.3850
2004,1,19,13,30,-7.6000000000000005,219,328,367,2.4000000000000004,19.8273,15.4544
2004,1,19,14,0,-7.2,161,489,369,2.5,19.7008,15.3362
2004,1,19,14,30,-7.2,194,252,292,2.5,15.3086,11.8918
2004,1,19,15,0,-7.1000000000000005,186,136,232,2.6,11.8589,9.1814
2004,1,19,15,30,-7.2,153,136,191,2.5,9.4552,7.2834
2004,1,19,16,0,-7.300000000000001,101,289,164,2.5,7.8667,6.0172
2004,1,19,16,30,-7.6000000000000005,41,518,115,2.1,0.0000,0.0000
2004,1,19,17,0,-7.9,25,276,42,1.7000000000000002,0.0000,0.0000
2004,1,19,17,30,-8.1,0,0,0,1.8,0.0000,0.0000
2004,1,19,18,0,-8.3,0,0,0,1.9000000000000001,0.0000,0.0000
2004,1,19,18,30,-8.3,0,0,0,2.2,0.0000,0.0000
2004,1,19,19,0,-8.4,0,0,0,2.5,0.0000,0.0000
2004,1,19,19,30,-8.4,0,0,0,2.7,0.0000,0.0000
2004,1,19,20,0,-8.5,0,0,0,2.9000000000000004,0.0000,0.0000
2004,1,19,20,30,-8.5,0,0,0,3,0.0000,0.0000
2004,1,19,21,0,-8.5,0,0,0,3.1,0.0000,0.0000
2004,1,19,21,30,-8.5,0,0,0,3.2,0.0000,0.0000
2004,1,19,22,0,-8.5,0,0,0,3.2,0.0000,0.0000
2004,1,19,22,30,-8.4,0,0,0,3.2,0.0000,0.0000
2004,1,19,23,0,-8.4,0,0,0,3.2,0.0000,0.0000
2004,1,19,23,30,-8.3,0,0,0,3.2,0.0000,0.0000
2004,1,20,0,0,-8.3,0,0,0,3.1,0.0000,0.0000
2004,1,20,0,30,-8.200000000000001,0,0,0,3.1,0.0000,0.0000
2004,1,20,1,0,-8.200000000000001,0,0,0,3,0.0000,0.0000
2004,1,20,1,30,-8.3,0,0,0,3,0.0000,0.0000
2004,1,20,2,0,-8.3,0,0,0,2.9000000000000004,0.0000,0.0000
2004,1,20,2,30,-8.3,0,0,0,3,0.0000,0.0000
2004,1,20,3,0,-8.4,0,0,0,3,0.0000,0.0000
2004,1,20,3,30,-8.4,0,0,0,3.1,0.0000,0.0000
2004,1,20,4,0,-8.3,0,0,0,3.1,0.0000,0.0000
2004,1,20,4,30,-8.200000000000001,0,0,0,3.2,0.0000,0.0000
2004,1,20,5,0,-8.1,0,0,0,3.3000000000000003,0.0000,0.0000
2004,1,20,5,30,-8,0,0,0,3.3000000000000003,0.0000,0.0000
2004,1,20,6,0,-7.800000000000001,0,0,0,3.3000000000000003,0.0000,0.0000
2004,1,20,6,30,-7.800000000000001,0,0,0,3.2,0.0000,0.0000
2004,1,20,7,0,-7.800000000000001,0,0,0,3.2,0.0000,0.0000
2004,1,20,7,30,-7.4,0,0,0,3.4000000000000004,0.0000,0.0000
2004,1,20,8,0,-7,2,0,2,3.7,0.0000,0.0000
2004,1,20,8,30,-6.300000000000001,17,0,17,3.7,0.0000,0.0000
2004,1,20,9,0,-5.6000000000000005,26,0,26,3.8000000000000003,1.2393,0.9447
2004,1,20,9,30,-4.7,22,0,22,3.8000000000000003,1.0702,0.8216
2004,1,20,10,0,-3.9000000000000004,44,0,44,3.9000000000000004,2.2143,1.7104
2004,1,20,10,30,-3.2,34,0,34,3.8000000000000003,1.7619,1.3667
2004,1,20,11,0,-2.4000000000000004,48,0,48,3.7,2.5427,1.9776
2004,1,20,11,30,-1.8,55,0,55,3.4000000000000004,2.9583,2.3047
2004,1,20,12,0,-1.2000000000000002,101,0,101,3.2,5.4830,4.2758
2004,1,20,12,30,-0.7000000000000001,90,0,90,2.9000000000000004,4.9049,3.8266
2004,1,20,13,0,-0.2,84,0,84,2.6,4.5732,3.5674
2004,1,20,13,30,0.1,77,0,77,2.4000000000000004,4.1662,3.2478
2004,1,20,14,0,0.4,143,1,143,2.1,7.6470,5.9539
2004,1,20,14,30,0.30000000000000004,162,4,164,2,8.6140,6.6929
2004,1,20,15,0,0.30000000000000004,99,0,99,1.9000000000000001,5.0705,3.9268
2004,1,20,15,30,-0.2,97,1,97,1.5,4.8117,3.7078
2004,1,20,16,0,-0.7000000000000001,85,1,85,1.1,4.0823,3.1237
2004,1,20,16,30,-1.6,30,0,30,1,0.0000,0.0000
2004,1,20,17,0,-2.5,24,329,46,0.8,0.0000,0.0000
2004,1,20,17,30,-3.1,0,0,0,0.9,0.0000,0.0000
2004,1,20,18,0,-3.6,0,0,0,0.9,0.0000,0.0000
2004,1,20,18,30,-4.1000000000000005,0,0,0,1,0.0000,0.0000
2004,1,20,19,0,-4.7,0,0,0,1,0.0000,0.0000
2004,1,20,19,30,-5.2,0,0,0,1,0.0000,0.0000
2004,1,20,20,0,-5.7,0,0,0,1.1,0.0000,0.0000
2004,1,20,20,30,-6.2,0,0,0,1.1,0.0000,0.0000
2004,1,20,21,0,-6.6000000000000005,0,0,0,1.1,0.0000,0.0000
2004,1,20,21,30,-6.9,0,0,0,1.1,0.0000,0.0000
2004,1,20,22,0,-7.2,0,0,0,1.2000000000000002,0.0000,0.0000
2004,1,20,22,30,-7.5,0,0,0,1.3,0.0000,0.0000
2004,1,20,23,0,-7.7,0,0,0,1.3,0.0000,0.0000
2004,1,20,23,30,-7.800000000000001,0,0,0,1.6,0.0000,0.0000
2004,1,21,0,0,-7.9,0,0,0,1.8,0.0000,0.0000
2004,1,21,0,30,-7.800000000000001,0,0,0,2.1,0.0000,0.0000
2004,1,21,1,0,-7.7,0,0,0,2.4000000000000004,0.0000,0.0000
2004,1,21,1,30,-7.6000000000000005,0,0,0,2.6,0.0000,0.0000
2004,1,21,2,0,-7.4,0,0,0,2.8000000000000003,0.0000,0.0000
2004,1,21,2,30,-7.1000000000000005,0,0,0,3,0.0000,0.0000
2004,1,21,3,0,-6.9,0,0,0,3.1,0.0000,0.0000
2004,1,21,3,30,-6.7,0,0,0,3.3000000000000003,0.0000,0.0000
2004,1,21,4,0,-6.5,0,0,0,3.4000000000000004,0.0000,0.0000
2004,1,21,4,30,-6.300000000000001,0,0,0,3.6,0.0000,0.0000
2004,1,21,5,0,-6.1000000000000005,0,0,0,3.8000000000000003,0.0000,0.0000
2004,1,21,5,30,-5.9,0,0,0,4,0.0000,0.0000
2004,1,21,6,0,-5.7,0,0,0,4.2,0.0000,0.0000
2004,1,21,6,30,-5.5,0,0,0,4.3,0.0000,0.0000
2004,1,21,7,0,-5.4,0,0,0,4.5,0.0000,0.0000
2004,1,21,7,30,-4.9,0,0,0,4.800000000000001,0.0000,0.0000
2004,1,21,8,0,-4.4,12,264,18,5,0.0000,0.0000
2004,1,21,8,30,-3.1,26,531,80,5.1000000000000005,0.0000,0.0000
2004,1,21,9,0,-1.8,34,687,158,5.1000000000000005,7.5308,5.7413
2004,1,21,9,30,-0.5,40,773,234,5,11.3966,8.7508
2004,1,21,10,0,0.9,45,833,306,4.800000000000001,15.4225,11.9157
2004,1,21,10,30,2.7,49,874,370,4.800000000000001,19.2018,14.8971
2004,1,21,11,0,4.4,228,226,321,4.800000000000001,17.0279,13.2458
2004,1,21,11,30,6,55,912,460,5.5,24.7747,19.3043
2004,1,21,12,0,7.5,61,916,487,6.2,26.4724,20.6470
2004,1,21,12,30,7.7,61,921,498,6.4,27.1786,21.2064
2004,1,21,13,0,8,62,919,495,6.5,26.9873,21.0550
2004,1,21,13,30,7.4,61,911,478,6.4,25.9026,20.1962
2004,1,21,14,0,6.800000000000001,61,888,444,6.300000000000001,23.7829,18.5206
2004,1,21,14,30,5.800000000000001,59,864,400,6.1000000000000005,21.0469,16.3565
2004,1,21,15,0,4.800000000000001,57,823,342,5.9,17.5521,13.5969
2004,1,21,15,30,3.5,168,80,191,5.7,9.4939,7.3184
2004,1,21,16,0,2.2,102,3,103,5.5,4.9537,3.7920
2004,1,21,16,30,0.9,48,0,48,5.300000000000001,0.0000,0.0000
2004,1,21,17,0,-0.30000000000000004,26,0,26,5.1000000000000005,0.0000,0.0000
2004,1,21,17,30,-0.9,0,0,0,5.2,0.0000,0.0000
2004,1,21,18,0,-1.5,0,0,0,5.2,0.0000,0.0000
2004,1,21,18,30,-1.9000000000000001,0,0,0,5.6000000000000005,0.0000,0.0000
2004,1,21,19,0,-2.4000000000000004,0,0,0,5.9,0.0000,0.0000
2004,1,21,19,30,-3,0,0,0,6.300000000000001,0.0000,0.0000
2004,1,21,20,0,-3.6,0,0,0,6.6000000000000005,0.0000,0.0000
2004,1,21,20,30,-4.2,0,0,0,6.6000000000000005,0.0000,0.0000
2004,1,21,21,0,-4.9,0,0,0,6.6000000000000005,0.0000,0.0000
2004,1,21,21,30,-5.4,0,0,0,6.5,0.0000,0.0000
2004,1,21,22,0,-6,0,0,0,6.4,0.0000,0.0000
2004,1,21,22,30,-6.4,0,0,0,6.300000000000001,0.0000,0.0000
2004,1,21,23,0,-6.800000000000001,0,0,0,6.300000000000001,0.0000,0.0000
2004,1,21,23,30,-7.300000000000001,0,0,0,6.2,0.0000,0.0000
2004,1,22,0,0,-7.800000000000001,0,0,0,6.1000000000000005,0.0000,0.0000
2004,1,22,0,30,-8.3,0,0,0,5.9,0.0000,0.0000
2004,1,22,1,0,-8.8,0,0,0,5.7,0.0000,0.0000
2004,1,22,1,30,-9.3,0,0,0,5.6000000000000005,0.0000,0.0000
2004,1,22,2,0,-9.8,0,0,0,5.4,0.0000,0.0000
2004,1,22,2,30,-10.200000000000001,0,0,0,5.300000000000001,0.0000,0.0000
2004,1,22,3,0,-10.5,0,0,0,5.2,0.0000,0.0000
2004,1,22,3,30,-10.8,0,0,0,5.1000000000000005,0.0000,0.0000
2004,1,22,4,0,-11.100000000000001,0,0,0,5,0.0000,0.0000
2004,1,22,4,30,-11.4,0,0,0,4.800000000000001,0.0000,0.0000
2004,1,22,5,0,-11.600000000000001,0,0,0,4.6000000000000005,0.0000,0.0000
2004,1,22,5,30,-11.9,0,0,0,4.2,0.0000,0.0000
2004,1,22,6,0,-12.200000000000001,0,0,0,3.8000000000000003,0.0000,0.0000
2004,1,22,6,30,-12.4,0,0,0,3.4000000000000004,0.0000,0.0000
2004,1,22,7,0,-12.700000000000001,0,0,0,2.9000000000000004,0.0000,0.0000
2004,1,22,7,30,-12.600000000000001,0,0,0,3,0.0000,0.0000
2004,1,22,8,0,-12.5,4,0,4,3,0.0000,0.0000
2004,1,22,8,30,-12,30,0,30,3.1,0.0000,0.0000
2004,1,22,9,0,-11.4,81,2,81,3.2,3.8607,2.9438
2004,1,22,9,30,-10.700000000000001,118,4,119,3.1,5.8031,4.4571
2004,1,22,10,0,-10,53,852,323,3,16.3035,12.5992
2004,1,22,10,30,-9.200000000000001,57,893,388,2.8000000000000003,20.1668,15.6487
2004,1,22,11,0,-8.5,60,922,442,2.6,23.4823,18.2697
2004,1,22,11,30,-7.7,274,163,347,2.5,18.7147,14.5845
2004,1,22,12,0,-7,287,160,362,2.4000000000000004,19.7058,15.3717
2004,1,22,12,30,-6.4,69,935,516,2.5,28.2001,22.0065
2004,1,22,13,0,-5.800000000000001,246,375,424,2.5,23.1503,18.0641
2004,1,22,13,30,-5.300000000000001,69,915,491,2.8000000000000003,26.6478,20.7805
2004,1,22,14,0,-4.7,66,903,459,3,24.6287,19.1829
2004,1,22,14,30,-4.4,63,873,411,3.1,21.6670,16.8422
2004,1,22,15,0,-4.1000000000000005,58,843,353,3.2,18.1535,14.0668
2004,1,22,15,30,-4.2,53,793,285,2.8000000000000003,14.1966,10.9476
2004,1,22,16,0,-4.2,46,724,210,2.4000000000000004,10.1146,7.7458
2004,1,22,16,30,-5.2,36,604,129,2,0.0000,0.0000
2004,1,22,17,0,-6.1000000000000005,23,419,54,1.5,0.0000,0.0000
2004,1,22,17,30,-5.9,0,0,0,2.1,0.0000,0.0000
2004,1,22,18,0,-5.7,0,0,0,2.7,0.0000,0.0000
2004,1,22,18,30,-5.4,0,0,0,3.4000000000000004,0.0000,0.0000
2004,1,22,19,0,-5,0,0,0,4.1000000000000005,0.0000,0.0000
2004,1,22,19,30,-5.1000000000000005,0,0,0,4.2,0.0000,0.0000
2004,1,22,20,0,-5.2,0,0,0,4.4,0.0000,0.0000
2004,1,22,20,30,-5.300000000000001,0,0,0,4.6000000000000005,0.0000,0.0000
2004,1,22,21,0,-5.300000000000001,0,0,0,4.800000000000001,0.0000,0.0000
2004,1,22,21,30,-5.4,0,0,0,5,0.0000,0.0000
2004,1,22,22,0,-5.4,0,0,0,5.2,0.0000,0.0000
2004,1,22,22,30,-5.300000000000001,0,0,0,5.300000000000001,0.0000,0.0000
2004,1,22,23,0,-5.2,0,0,0,5.4,0.0000,0.0000
2004,1,22,23,30,-5,0,0,0,5.5,0.0000,0.0000
2004,1,23,0,0,-4.7,0,0,0,5.6000000000000005,0.0000,0.0000
2004,1,23,0,30,-4.7,0,0,0,5.6000000000000005,0.0000,0.0000
2004,1,23,1,0,-4.6000000000000005,0,0,0,5.5,0.0000,0.0000
2004,1,23,1,30,-4.3,0,0,0,5.5,0.0000,0.0000
2004,1,23,2,0,-4,0,0,0,5.5,0.0000,0.0000
2004,1,23,2,30,-3.6,0,0,0,5.4,0.0000,0.0000
2004,1,23,3,0,-3.3000000000000003,0,0,0,5.300000000000001,0.0000,0.0000
2004,1,23,3,30,-3,0,0,0,5.2,0.0000,0.0000
2004,1,23,4,0,-2.7,0,0,0,5.2,0.0000,0.0000
2004,1,23,4,30,-2.5,0,0,0,5.1000000000000005,0.0000,0.0000
2004,1,23,5,0,-2.4000000000000004,0,0,0,5.1000000000000005,0.0000,0.0000
2004,1,23,5,30,-2.3000000000000003,0,0,0,5,0.0000,0.0000
2004,1,23,6,0,-2.2,0,0,0,5,0.0000,0.0000
2004,1,23,6,30,-2.1,0,0,0,5,0.0000,0.0000
2004,1,23,7,0,-2.1,0,0,0,5.1000000000000005,0.0000,0.0000
2004,1,23,7,30,-1.5,0,0,0,5.5,0.0000,0.0000
2004,1,23,8,0,-0.9,6,0,6,5.9,0.0000,0.0000
2004,1,23,8,30,0.30000000000000004,48,2,48,5.9,0.0000,0.0000
2004,1,23,9,0,1.5,70,8,72,6,3.4320,2.6174
2004,1,23,9,30,2.7,129,10,131,5.6000000000000005,6.3965,4.9142
2004,1,23,10,0,3.9000000000000004,152,266,237,5.2,11.9803,9.2604
2004,1,23,10,30,5.1000000000000005,219,101,257,5.2,13.3782,10.3830
2004,1,23,11,0,6.300000000000001,239,172,311,5.2,16.5463,12.8755
2004,1,23,11,30,7.800000000000001,248,230,352,5.5,19.0117,14.8183
2004,1,23,12,0,9.200000000000001,163,513,405,5.9,22.0763,17.2232
2004,1,23,12,30,10.200000000000001,196,604,487,6.1000000000000005,26.6535,20.8025
2004,1,23,13,0,11.100000000000001,142,667,461,6.300000000000001,25.2069,19.6717
2004,1,23,13,30,11.200000000000001,186,436,389,6,21.1453,16.4922
2004,1,23,14,0,11.3,54,902,450,5.6000000000000005,24.1852,18.8408
2004,1,23,14,30,10.600000000000001,52,880,405,5.2,21.3893,16.6300
2004,1,23,15,0,9.8,191,25,199,4.7,10.2546,7.9482
2004,1,23,15,30,8.1,45,801,283,4.3,14.1259,10.8969
2004,1,23,16,0,6.4,109,256,168,3.8000000000000003,8.1042,6.2088
2004,1,23,16,30,4.6000000000000005,33,618,130,3.6,0.0000,0.0000
2004,1,23,17,0,2.9000000000000004,22,430,56,3.3000000000000003,0.0000,0.0000
2004,1,23,17,30,2.3000000000000003,0,0,0,3.3000000000000003,0.0000,0.0000
2004,1,23,18,0,1.6,0,0,0,3.3000000000000003,0.0000,0.0000
2004,1,23,18,30,1.1,0,0,0,3.3000000000000003,0.0000,0.0000
2004,1,23,19,0,0.5,0,0,0,3.4000000000000004,0.0000,0.0000
2004,1,23,19,30,0,0,0,0,3.4000000000000004,0.0000,0.0000
2004,1,23,20,0,-0.5,0,0,0,3.4000000000000004,0.0000,0.0000
2004,1,23,20,30,-0.9,0,0,0,3.4000000000000004,0.0000,0.0000
2004,1,23,21,0,-1.4000000000000001,0,0,0,3.4000000000000004,0.0000,0.0000
2004,1,23,21,30,-1.8,0,0,0,3.4000000000000004,0.0000,0.0000
2004,1,23,22,0,-2.2,0,0,0,3.5,0.0000,0.0000
2004,1,23,22,30,-2.6,0,0,0,3.5,0.0000,0.0000
2004,1,23,23,0,-2.9000000000000004,0,0,0,3.5,0.0000,0.0000
2004,1,23,23,30,-3.2,0,0,0,3.5,0.0000,0.0000
2004,1,24,0,0,-3.5,0,0,0,3.5,0.0000,0.0000
2004,1,24,0,30,-3.7,0,0,0,3.6,0.0000,0.0000
2004,1,24,1,0,-3.9000000000000004,0,0,0,3.6,0.0000,0.0000
2004,1,24,1,30,-4,0,0,0,3.6,0.0000,0.0000
2004,1,24,2,0,-4.1000000000000005,0,0,0,3.6,0.0000,0.0000
2004,1,24,2,30,-4.3,0,0,0,3.8000000000000003,0.0000,0.0000
2004,1,24,3,0,-4.5,0,0,0,4,0.0000,0.0000
2004,1,24,3,30,-4.800000000000001,0,0,0,4.1000000000000005,0.0000,0.0000
2004,1,24,4,0,-5.1000000000000005,0,0,0,4.2,0.0000,0.0000
2004,1,24,4,30,-5.300000000000001,0,0,0,4.3,0.0000,0.0000
2004,1,24,5,0,-5.6000000000000005,0,0,0,4.4,0.0000,0.0000
2004,1,24,5,30,-6,0,0,0,4.4,0.0000,0.0000
2004,1,24,6,0,-6.300000000000001,0,0,0,4.4,0.0000,0.0000
2004,1,24,6,30,-6.7,0,0,0,4.4,0.0000,0.0000
2004,1,24,7,0,-7.1000000000000005,0,0,0,4.4,0.0000,0.0000
2004,1,24,7,30,-7.2,0,0,0,4.5,0.0000,0.0000
2004,1,24,8,0,-7.300000000000001,3,0,3,4.6000000000000005,0.0000,0.0000
2004,1,24,8,30,-7.2,21,0,21,4.800000000000001,0.0000,0.0000
2004,1,24,9,0,-7,45,0,45,5,2.1453,1.6365
2004,1,24,9,30,-6.6000000000000005,75,0,75,5.1000000000000005,3.6672,2.8182
2004,1,24,10,0,-6.2,42,0,42,5.2,2.1266,1.6442
2004,1,24,10,30,-5.7,21,0,21,5.300000000000001,1.0949,0.8499
2004,1,24,11,0,-5.2,189,50,210,5.300000000000001,11.1895,8.7085
2004,1,24,11,30,-4.7,209,61,237,5.300000000000001,12.8197,9.9936
2004,1,24,12,0,-4.2,210,48,233,5.300000000000001,12.7193,9.9246
2004,1,24,12,30,-3.9000000000000004,171,1,172,5.2,9.4275,7.3591
2004,1,24,13,0,-3.5,230,14,237,5.2,12.9790,10.1305
2004,1,24,13,30,-3.2,254,34,270,5.2,14.7005,11.4675
2004,1,24,14,0,-2.8000000000000003,170,2,170,5.2,9.1527,7.1315
2004,1,24,14,30,-2.8000000000000003,191,14,196,5.2,10.3715,8.0656
2004,1,24,15,0,-2.7,111,0,111,5.2,5.7319,4.4440
2004,1,24,15,30,-3,129,5,131,5.1000000000000005,6.5535,5.0573
2004,1,24,16,0,-3.3000000000000003,130,20,135,5.1000000000000005,6.5232,4.9997
2004,1,24,16,30,-3.9000000000000004,52,0,52,4.7,0.0000,0.0000
2004,1,24,17,0,-4.4,28,358,57,4.4,0.0000,0.0000
2004,1,24,17,30,-4.7,0,0,0,4.3,0.0000,0.0000
2004,1,24,18,0,-5.1000000000000005,0,0,0,4.3,0.0000,0.0000
2004,1,24,18,30,-5.5,0,0,0,4.3,0.0000,0.0000
2004,1,24,19,0,-5.9,0,0,0,4.3,0.0000,0.0000
2004,1,24,19,30,-6.300000000000001,0,0,0,4.3,0.0000,0.0000
2004,1,24,20,0,-6.7,0,0,0,4.4,0.0000,0.0000
2004,1,24,20,30,-7,0,0,0,4.4,0.0000,0.0000
2004,1,24,21,0,-7.300000000000001,0,0,0,4.4,0.0000,0.0000
2004,1,24,21,30,-7.5,0,0,0,4.4,0.0000,0.0000
2004,1,24,22,0,-7.6000000000000005,0,0,0,4.5,0.0000,0.0000
2004,1,24,22,30,-7.7,0,0,0,4.5,0.0000,0.0000
2004,1,24,23,0,-7.7,0,0,0,4.5,0.0000,0.0000
2004,1,24,23,30,-7.800000000000001,0,0,0,4.4,0.0000,0.0000
2004,1,25,0,0,-7.9,0,0,0,4.4,0.0000,0.0000
2004,1,25,0,30,-8,0,0,0,4.3,0.0000,0.0000
2004,1,25,1,0,-8,0,0,0,4.3,0.0000,0.0000
2004,1,25,1,30,-8,0,0,0,4.5,0.0000,0.0000
2004,1,25,2,0,-7.9,0,0,0,4.800000000000001,0.0000,0.0000
2004,1,25,2,30,-7.800000000000001,0,0,0,5,0.0000,0.0000
2004,1,25,3,0,-7.7,0,0,0,5.2,0.0000,0.0000
2004,1,25,3,30,-7.6000000000000005,0,0,0,5.300000000000001,0.0000,0.0000
2004,1,25,4,0,-7.6000000000000005,0,0,0,5.4,0.0000,0.0000
2004,1,25,4,30,-7.5,0,0,0,5.4,0.0000,0.0000
2004,1,25,5,0,-7.5,0,0,0,5.5,0.0000,0.0000
2004,1,25,5,30,-7.5,0,0,0,5.4,0.0000,0.0000
2004,1,25,6,0,-7.4,0,0,0,5.4,0.0000,0.0000
2004,1,25,6,30,-7.4,0,0,0,5.4,0.0000,0.0000
2004,1,25,7,0,-7.4,0,0,0,5.5,0.0000,0.0000
2004,1,25,7,30,-7.300000000000001,0,0,0,5.6000000000000005,0.0000,0.0000
2004,1,25,8,0,-7.2,8,0,8,5.7,0.0000,0.0000
2004,1,25,8,30,-7.1000000000000005,23,0,23,5.7,0.0000,0.0000
2004,1,25,9,0,-7,70,2,71,5.800000000000001,3.3857,2.5832
2004,1,25,9,30,-6.9,29,0,29,5.6000000000000005,1.4201,1.0917
2004,1,25,10,0,-6.800000000000001,79,0,79,5.5,4.0067,3.0986
2004,1,25,10,30,-6.6000000000000005,13,0,13,5.2,0.6789,0.5271
2004,1,25,11,0,-6.5,64,0,64,5,3.4154,2.6586
2004,1,25,11,30,-6.300000000000001,168,2,169,4.800000000000001,9.1550,7.1379
2004,1,25,12,0,-6.1000000000000005,133,1,133,4.6000000000000005,7.2709,5.6742
2004,1,25,12,30,-5.9,90,0,90,4.5,4.9402,3.8569
2004,1,25,13,0,-5.800000000000001,196,3,198,4.3,10.8592,8.4772
2004,1,25,13,30,-5.6000000000000005,119,1,119,4.2,6.4895,5.0631
2004,1,25,14,0,-5.5,168,3,169,4,9.1146,7.1031
2004,1,25,14,30,-5.5,104,1,105,3.9000000000000004,5.5665,4.3298
2004,1,25,15,0,-5.4,136,2,137,3.7,7.0898,5.4983
2004,1,25,15,30,-5.6000000000000005,112,2,113,3.4000000000000004,5.6651,4.3733
2004,1,25,16,0,-5.7,97,3,98,3.1,4.7437,3.6373
2004,1,25,16,30,-5.9,50,0,50,2.8000000000000003,0.0000,0.0000
2004,1,25,17,0,-6.2,25,0,25,2.4000000000000004,0.0000,0.0000
2004,1,25,17,30,-6.300000000000001,0,0,0,2.4000000000000004,0.0000,0.0000
2004,1,25,18,0,-6.4,0,0,0,2.3000000000000003,0.0000,0.0000
2004,1,25,18,30,-6.5,0,0,0,2.4000000000000004,0.0000,0.0000
2004,1,25,19,0,-6.6000000000000005,0,0,0,2.6,0.0000,0.0000
2004,1,25,19,30,-6.6000000000000005,0,0,0,2.7,0.0000,0.0000
2004,1,25,20,0,-6.7,0,0,0,2.8000000000000003,0.0000,0.0000
2004,1,25,20,30,-6.800000000000001,0,0,0,2.9000000000000004,0.0000,0.0000
2004,1,25,21,0,-6.9,0,0,0,3,0.0000,0.0000
2004,1,25,21,30,-7,0,0,0,3,0.0000,0.0000
2004,1,25,22,0,-7,0,0,0,3.1,0.0000,0.0000
2004,1,25,22,30,-7.2,0,0,0,3.2,0.0000,0.0000
2004,1,25,23,0,-7.300000000000001,0,0,0,3.2,0.0000,0.0000
2004,1,25,23,30,-7.4,0,0,0,3.2,0.0000,0.0000
2004,1,26,0,0,-7.5,0,0,0,3.3000000000000003,0.0000,0.0000
2004,1,26,0,30,-7.6000000000000005,0,0,0,3.3000000000000003,0.0000,0.0000
2004,1,26,1,0,-7.7,0,0,0,3.4000000000000004,0.0000,0.0000
2004,1,26,1,30,-7.800000000000001,0,0,0,3.5,0.0000,0.0000
2004,1,26,2,0,-7.9,0,0,0,3.7,0.0000,0.0000
2004,1,26,2,30,-8,0,0,0,3.9000000000000004,0.0000,0.0000
2004,1,26,3,0,-8,0,0,0,4,0.0000,0.0000
2004,1,26,3,30,-8,0,0,0,4.2,0.0000,0.0000
2004,1,26,4,0,-8.1,0,0,0,4.3,0.0000,0.0000
2004,1,26,4,30,-8.1,0,0,0,4.4,0.0000,0.0000
2004,1,26,5,0,-8.1,0,0,0,4.5,0.0000,0.0000
2004,1,26,5,30,-8.1,0,0,0,4.5,0.0000,0.0000
2004,1,26,6,0,-8.1,0,0,0,4.6000000000000005,0.0000,0.0000
2004,1,26,6,30,-8.1,0,0,0,4.7,0.0000,0.0000
2004,1,26,7,0,-8.1,0,0,0,4.800000000000001,0.0000,0.0000
2004,1,26,7,30,-8,0,0,0,5.1000000000000005,0.0000,0.0000
2004,1,26,8,0,-7.9,9,0,9,5.4,0.0000,0.0000
2004,1,26,8,30,-7.800000000000001,28,0,28,6,0.0000,0.0000
2004,1,26,9,0,-7.800000000000001,37,0,37,6.6000000000000005,1.7650,1.3469
2004,1,26,9,30,-7.9,46,0,46,7.1000000000000005,2.2560,1.7347
2004,1,26,10,0,-8,38,0,38,7.5,1.9306,1.4934
2004,1,26,10,30,-8.3,59,0,59,7.800000000000001,3.0861,2.3966
2004,1,26,11,0,-8.6,43,0,43,8.200000000000001,2.2983,1.7893
2004,1,26,11,30,-9.1,131,1,131,8.4,7.1069,5.5419
2004,1,26,12,0,-9.5,58,0,58,8.6,3.1755,2.4785
2004,1,26,12,30,-10,69,0,69,8.700000000000001,3.7932,2.9618
2004,1,26,13,0,-10.5,79,0,79,8.9,4.3396,3.3882
2004,1,26,13,30,-10.9,90,0,91,8.8,4.9705,3.8786
2004,1,26,14,0,-11.3,110,0,111,8.8,5.9968,4.6742
2004,1,26,14,30,-11.700000000000001,85,0,85,8.6,4.5151,3.5128
2004,1,26,15,0,-12,55,0,55,8.5,2.8521,2.2125
2004,1,26,15,30,-12.3,143,8,146,8.3,7.3359,5.6651
2004,1,26,16,0,-12.5,33,0,33,8.1,1.6002,1.2275
2004,1,26,16,30,-12.8,20,0,20,7.9,0.0000,0.0000
2004,1,26,17,0,-13.100000000000001,25,0,25,7.7,0.0000,0.0000
2004,1,26,17,30,-13.200000000000001,0,0,0,7.6000000000000005,0.0000,0.0000
2004,1,26,18,0,-13.4,0,0,0,7.5,0.0000,0.0000
2004,1,26,18,30,-13.5,0,0,0,7.4,0.0000,0.0000
2004,1,26,19,0,-13.600000000000001,0,0,0,7.4,0.0000,0.0000
2004,1,26,19,30,-13.700000000000001,0,0,0,7.4,0.0000,0.0000
2004,1,26,20,0,-13.8,0,0,0,7.300000000000001,0.0000,0.0000
2004,1,26,20,30,-14,0,0,0,7.300000000000001,0.0000,0.0000
2004,1,26,21,0,-14.200000000000001,0,0,0,7.300000000000001,0.0000,0.0000
2004,1,26,21,30,-14.600000000000001,0,0,0,7.2,0.0000,0.0000
2004,1,26,22,0,-15,0,0,0,7.1000000000000005,0.0000,0.0000
2004,1,26,22,30,-15.4,0,0,0,7,0.0000,0.0000
2004,1,26,23,0,-15.9,0,0,0,6.9,0.0000,0.0000
2004,1,26,23,30,-16.400000000000002,0,0,0,6.800000000000001,0.0000,0.0000
2004,1,27,0,0,-16.900000000000002,0,0,0,6.6000000000000005,0.0000,0.0000
2004,1,27,0,30,-17.400000000000002,0,0,0,6.5,0.0000,0.0000
2004,1,27,1,0,-17.8,0,0,0,6.4,0.0000,0.0000
2004,1,27,1,30,-18.3,0,0,0,6.2,0.0000,0.0000
2004,1,27,2,0,-18.7,0,0,0,6,0.0000,0.0000
2004,1,27,2,30,-19.200000000000003,0,0,0,5.7,0.0000,0.0000
2004,1,27,3,0,-19.700000000000003,0,0,0,5.4,0.0000,0.0000
2004,1,27,3,30,-20.200000000000003,0,0,0,5.1000000000000005,0.0000,0.0000
2004,1,27,4,0,-20.8,0,0,0,4.7,0.0000,0.0000
2004,1,27,4,30,-21.400000000000002,0,0,0,4.5,0.0000,0.0000
2004,1,27,5,0,-21.900000000000002,0,0,0,4.3,0.0000,0.0000
2004,1,27,5,30,-22.400000000000002,0,0,0,4.1000000000000005,0.0000,0.0000
2004,1,27,6,0,-22.900000000000002,0,0,0,3.9000000000000004,0.0000,0.0000
2004,1,27,6,30,-23.400000000000002,0,0,0,3.6,0.0000,0.0000
2004,1,27,7,0,-23.900000000000002,0,0,0,3.4000000000000004,0.0000,0.0000
2004,1,27,7,30,-23.3,0,0,0,3.5,0.0000,0.0000
2004,1,27,8,0,-22.700000000000003,13,0,13,3.5,0.0000,0.0000
2004,1,27,8,30,-20.900000000000002,48,1,48,4,0.0000,0.0000
2004,1,27,9,0,-19,40,767,190,4.5,9.0674,6.9217
2004,1,27,9,30,-18,48,851,276,4.3,13.5575,10.4284
2004,1,27,10,0,-17,54,908,354,4,18.0165,13.9402
2004,1,27,10,30,-16.1,58,946,423,3.6,22.1639,17.2158
2004,1,27,11,0,-15.3,62,972,481,3.2,25.7517,20.0527
2004,1,27,11,30,-14.5,65,989,524,2.9000000000000004,28.4724,22.2061
2004,1,27,12,0,-13.700000000000001,75,989,555,2.7,30.4332,23.7570
2004,1,27,12,30,-13,75,994,569,2.6,31.3271,24.4644
2004,1,27,13,0,-12.3,75,992,566,2.5,31.1378,24.3148
2004,1,27,13,30,-11.9,74,986,548,2.5,29.9808,23.3985
2004,1,27,14,0,-11.4,72,973,515,2.6,27.8721,21.7289
2004,1,27,14,30,-11.100000000000001,69,952,467,2.7,24.8535,19.3404
2004,1,27,15,0,-10.9,64,904,399,2.8000000000000003,20.7350,16.0893
2004,1,27,15,30,-11.3,58,860,327,2.6,16.4687,12.7225
2004,1,27,16,0,-11.8,51,790,246,2.3000000000000003,11.9522,9.1726
2004,1,27,16,30,-13.200000000000001,41,689,160,2.2,0.0000,0.0000
2004,1,27,17,0,-14.600000000000001,28,499,74,2,0.0000,0.0000
2004,1,27,17,30,-15.4,0,0,0,2.2,0.0000,0.0000
2004,1,27,18,0,-16.2,0,0,0,2.5,0.0000,0.0000
2004,1,27,18,30,-16.5,0,0,0,2.6,0.0000,0.0000
2004,1,27,19,0,-16.8,0,0,0,2.7,0.0000,0.0000
2004,1,27,19,30,-17,0,0,0,2.7,0.0000,0.0000
2004,1,27,20,0,-17.2,0,0,0,2.7,0.0000,0.0000
2004,1,27,20,30,-17.3,0,0,0,2.5,0.0000,0.0000
2004,1,27,21,0,-17.400000000000002,0,0,0,2.3000000000000003,0.0000,0.0000
2004,1,27,21,30,-17.3,0,0,0,2.2,0.0000,0.0000
2004,1,27,22,0,-17.3,0,0,0,2,0.0000,0.0000
2004,1,27,22,30,-17.3,0,0,0,2,0.0000,0.0000
2004,1,27,23,0,-17.400000000000002,0,0,0,2.1,0.0000,0.0000
2004,1,27,23,30,-17.3,0,0,0,2.5,0.0000,0.0000
2004,1,28,0,0,-17.2,0,0,0,2.8000000000000003,0.0000,0.0000
2004,1,28,0,30,-16.8,0,0,0,3.5,0.0000,0.0000
2004,1,28,1,0,-16.400000000000002,0,0,0,4.2,0.0000,0.0000
2004,1,28,1,30,-16.1,0,0,0,4.7,0.0000,0.0000
2004,1,28,2,0,-15.9,0,0,0,5.300000000000001,0.0000,0.0000
2004,1,28,2,30,-16,0,0,0,5.4,0.0000,0.0000
2004,1,28,3,0,-16.1,0,0,0,5.4,0.0000,0.0000
2004,1,28,3,30,-16.5,0,0,0,5.4,0.0000,0.0000
2004,1,28,4,0,-16.900000000000002,0,0,0,5.4,0.0000,0.0000
2004,1,28,4,30,-17.400000000000002,0,0,0,5.5,0.0000,0.0000
2004,1,28,5,0,-17.900000000000002,0,0,0,5.5,0.0000,0.0000
2004,1,28,5,30,-18.5,0,0,0,5.4,0.0000,0.0000
2004,1,28,6,0,-19,0,0,0,5.2,0.0000,0.0000
2004,1,28,6,30,-19.5,0,0,0,5,0.0000,0.0000
2004,1,28,7,0,-20,0,0,0,4.7,0.0000,0.0000
2004,1,28,7,30,-19.8,0,0,0,5.1000000000000005,0.0000,0.0000
2004,1,28,8,0,-19.6,11,0,11,5.5,0.0000,0.0000
2004,1,28,8,30,-19,49,0,49,5.7,0.0000,0.0000
2004,1,28,9,0,-18.5,98,13,100,5.9,4.7748,3.6459
2004,1,28,9,30,-18.1,124,1,124,5.7,6.1015,4.6948
2004,1,28,10,0,-17.7,82,0,82,5.5,4.1809,3.2358
2004,1,28,10,30,-17.3,151,7,153,5.2,8.0304,6.2389
2004,1,28,11,0,-16.900000000000002,208,1,208,5,11.1535,8.6867
2004,1,28,11,30,-16.6,88,889,504,4.7,27.4286,21.3954
2004,1,28,12,0,-16.400000000000002,76,0,76,4.5,4.1738,3.2586
2004,1,28,12,30,-16.2,44,0,44,4.2,2.4262,1.8950
2004,1,28,13,0,-16,89,913,544,3.8000000000000003,29.9755,23.4107
2004,1,28,13,30,-15.9,87,906,526,3.5,28.8253,22.5005
2004,1,28,14,0,-15.9,83,894,494,3.2,26.7839,20.8845
2004,1,28,14,30,-16,79,872,447,3.1,23.8353,18.5521
2004,1,28,15,0,-16.1,74,837,387,2.9000000000000004,20.1538,15.6426
2004,1,28,15,30,-16.3,67,789,317,2.7,16.0007,12.3652
2004,1,28,16,0,-16.5,58,718,237,2.6,11.5378,8.8585
2004,1,28,16,30,-17,49,0,49,2.2,2.3360,1.7804
2004,1,28,17,0,-17.5,40,2,40,1.8,0.0000,0.0000
2004,1,28,17,30,-17.900000000000002,0,0,0,1.6,0.0000,0.0000
2004,1,28,18,0,-18.400000000000002,0,0,0,1.5,0.0000,0.0000
2004,1,28,18,30,-18.5,0,0,0,1.3,0.0000,0.0000
2004,1,28,19,0,-18.6,0,0,0,1.2000000000000002,0.0000,0.0000
2004,1,28,19,30,-18.7,0,0,0,1.2000000000000002,0.0000,0.0000
2004,1,28,20,0,-18.7,0,0,0,1.1,0.0000,0.0000
2004,1,28,20,30,-18.8,0,0,0,1.1,0.0000,0.0000
2004,1,28,21,0,-18.8,0,0,0,1.2000000000000002,0.0000,0.0000
2004,1,28,21,30,-18.8,0,0,0,1.2000000000000002,0.0000,0.0000
2004,1,28,22,0,-18.8,0,0,0,1.2000000000000002,0.0000,0.0000
2004,1,28,22,30,-18.8,0,0,0,1.2000000000000002,0.0000,0.0000
2004,1,28,23,0,-18.7,0,0,0,1.2000000000000002,0.0000,0.0000
2004,1,28,23,30,-18.6,0,0,0,1.2000000000000002,0.0000,0.0000
2004,1,29,0,0,-18.5,0,0,0,1.2000000000000002,0.0000,0.0000
2004,1,29,0,30,-18.5,0,0,0,1.3,0.0000,0.0000
2004,1,29,1,0,-18.400000000000002,0,0,0,1.3,0.0000,0.0000
2004,1,29,1,30,-18.3,0,0,0,1.4000000000000001,0.0000,0.0000
2004,1,29,2,0,-18.2,0,0,0,1.4000000000000001,0.0000,0.0000
2004,1,29,2,30,-18.1,0,0,0,1.5,0.0000,0.0000
2004,1,29,3,0,-18.1,0,0,0,1.6,0.0000,0.0000
2004,1,29,3,30,-18,0,0,0,1.6,0.0000,0.0000
2004,1,29,4,0,-17.900000000000002,0,0,0,1.7000000000000002,0.0000,0.0000
2004,1,29,4,30,-17.900000000000002,0,0,0,1.7000000000000002,0.0000,0.0000
2004,1,29,5,0,-17.8,0,0,0,1.7000000000000002,0.0000,0.0000
2004,1,29,5,30,-17.8,0,0,0,2,0.0000,0.0000
2004,1,29,6,0,-17.8,0,0,0,2.2,0.0000,0.0000
2004,1,29,6,30,-17.8,0,0,0,2.4000000000000004,0.0000,0.0000
2004,1,29,7,0,-17.900000000000002,0,0,0,2.7,0.0000,0.0000
2004,1,29,7,30,-17.8,0,0,0,3,0.0000,0.0000
2004,1,29,8,0,-17.7,17,234,27,3.4000000000000004,0.0000,0.0000
2004,1,29,8,30,-17.5,37,497,98,3.6,0.0000,0.0000
2004,1,29,9,0,-17.2,53,650,184,3.8000000000000003,8.7915,6.7149
2004,1,29,9,30,-16.900000000000002,64,754,271,3.9000000000000004,13.3578,10.2815
2004,1,29,10,0,-16.7,123,0,123,4,6.2827,4.8637
2004,1,29,10,30,-16.3,81,872,424,4.2,22.2936,17.3239
2004,1,29,11,0,-16,85,908,482,4.3,25.8886,20.1663
2004,1,29,11,30,-15.700000000000001,89,928,526,4.6000000000000005,28.6701,22.3673
2004,1,29,12,0,-15.5,90,943,556,4.800000000000001,30.5804,23.8789
2004,1,29,12,30,-15.3,155,0,155,4.9,8.5598,6.6866
2004,1,29,13,0,-15.100000000000001,179,0,179,5,9.8789,7.7165
2004,1,29,13,30,-15.100000000000001,88,944,550,4.9,30.1885,23.5682
2004,1,29,14,0,-15,83,924,511,4.9,27.7533,21.6442
2004,1,29,14,30,-15.200000000000001,79,902,463,4.800000000000001,24.7358,19.2571
2004,1,29,15,0,-15.3,74,868,403,4.7,21.0327,16.3291
2004,1,29,15,30,-15.700000000000001,67,822,331,4.3,16.7459,12.9457
2004,1,29,16,0,-16.1,58,757,250,4,12.1955,9.3675
2004,1,29,16,30,-16.8,46,654,164,3.4000000000000004,7.8168,5.9593
2004,1,29,17,0,-17.5,31,483,79,2.9000000000000004,0.0000,0.0000
2004,1,29,17,30,-18.2,12,180,15,2.6,0.0000,0.0000
2004,1,29,18,0,-18.900000000000002,0,0,0,2.3000000000000003,0.0000,0.0000
2004,1,29,18,30,-19.3,0,0,0,2.2,0.0000,0.0000
2004,1,29,19,0,-19.700000000000003,0,0,0,2.1,0.0000,0.0000
2004,1,29,19,30,-19.900000000000002,0,0,0,2,0.0000,0.0000
2004,1,29,20,0,-20.1,0,0,0,1.9000000000000001,0.0000,0.0000
2004,1,29,20,30,-20,0,0,0,1.7000000000000002,0.0000,0.0000
2004,1,29,21,0,-20,0,0,0,1.6,0.0000,0.0000
2004,1,29,21,30,-19.8,0,0,0,1.5,0.0000,0.0000
2004,1,29,22,0,-19.5,0,0,0,1.3,0.0000,0.0000
2004,1,29,22,30,-19.3,0,0,0,1.1,0.0000,0.0000
2004,1,29,23,0,-19.1,0,0,0,0.9,0.0000,0.0000
2004,1,29,23,30,-18.900000000000002,0,0,0,0.7000000000000001,0.0000,0.0000
2004,1,30,0,0,-18.8,0,0,0,0.6000000000000001,0.0000,0.0000
2004,1,30,0,30,-18.7,0,0,0,0.5,0.0000,0.0000
2004,1,30,1,0,-18.7,0,0,0,0.5,0.0000,0.0000
2004,1,30,1,30,-18.6,0,0,0,0.6000000000000001,0.0000,0.0000
2004,1,30,2,0,-18.6,0,0,0,0.7000000000000001,0.0000,0.0000
2004,1,30,2,30,-18.5,0,0,0,0.7000000000000001,0.0000,0.0000
2004,1,30,3,0,-18.400000000000002,0,0,0,0.8,0.0000,0.0000
2004,1,30,3,30,-18.400000000000002,0,0,0,0.9,0.0000,0.0000
2004,1,30,4,0,-18.400000000000002,0,0,0,1,0.0000,0.0000
2004,1,30,4,30,-18.6,0,0,0,1.1,0.0000,0.0000
2004,1,30,5,0,-18.7,0,0,0,1.2000000000000002,0.0000,0.0000
2004,1,30,5,30,-18.900000000000002,0,0,0,1.3,0.0000,0.0000
2004,1,30,6,0,-19.1,0,0,0,1.4000000000000001,0.0000,0.0000
2004,1,30,6,30,-19.400000000000002,0,0,0,1.5,0.0000,0.0000
2004,1,30,7,0,-19.6,0,0,0,1.6,0.0000,0.0000
2004,1,30,7,30,-19.3,0,0,0,1.7000000000000002,0.0000,0.0000
2004,1,30,8,0,-19,18,263,30,1.7000000000000002,0.0000,0.0000
2004,1,30,8,30,-18.1,40,0,40,2,0.0000,0.0000
2004,1,30,9,0,-17.2,83,1,83,2.4000000000000004,3.9686,3.0322
2004,1,30,9,30,-16.8,142,3,143,2.3000000000000003,7.0615,5.4371
2004,1,30,10,0,-16.400000000000002,82,0,82,2.3000000000000003,4.1968,3.2498
2004,1,30,10,30,-16,71,0,71,2.3000000000000003,3.7400,2.9069
2004,1,30,11,0,-15.600000000000001,118,1,118,2.3000000000000003,6.3486,4.9462
2004,1,30,11,30,-15.200000000000001,90,891,514,2.3000000000000003,28.0607,21.8954
2004,1,30,12,0,-14.9,210,5,212,2.4000000000000004,11.6789,9.1209
2004,1,30,12,30,-14.700000000000001,175,2,176,2.5,9.7346,7.6054
2004,1,30,13,0,-14.4,181,2,182,2.6,10.0601,7.8592
2004,1,30,13,30,-14.3,179,2,180,2.8000000000000003,9.8966,7.7275
2004,1,30,14,0,-14.100000000000001,73,0,73,2.9000000000000004,3.9718,3.0980
2004,1,30,14,30,-14.200000000000001,85,855,453,3,24.2492,18.8824
2004,1,30,15,0,-14.200000000000001,221,37,235,3,12.2911,9.5450
2004,1,30,15,30,-14.3,194,45,209,3,10.5981,8.1958
2004,1,30,16,0,-14.5,123,17,128,3,6.2570,4.8082
2004,1,30,16,30,-14.8,84,8,85,2.7,4.0515,3.0896
2004,1,30,17,0,-15.100000000000001,34,1,34,2.5,0.0000,0.0000
2004,1,30,17,30,-15.3,6,0,6,2.4000000000000004,0.0000,0.0000
2004,1,30,18,0,-15.5,0,0,0,2.4000000000000004,0.0000,0.0000
2004,1,30,18,30,-15.600000000000001,0,0,0,2.6,0.0000,0.0000
2004,1,30,19,0,-15.700000000000001,0,0,0,2.7,0.0000,0.0000
2004,1,30,19,30,-15.700000000000001,0,0,0,2.9000000000000004,0.0000,0.0000
2004,1,30,20,0,-15.600000000000001,0,0,0,3.1,0.0000,0.0000
2004,1,30,20,30,-15.5,0,0,0,3.3000000000000003,0.0000,0.0000
2004,1,30,21,0,-15.4,0,0,0,3.5,0.0000,0.0000
2004,1,30,21,30,-15.3,0,0,0,3.7,0.0000,0.0000
2004,1,30,22,0,-15.200000000000001,0,0,0,3.9000000000000004,0.0000,0.0000
2004,1,30,22,30,-15.100000000000001,0,0,0,4,0.0000,0.0000
2004,1,30,23,0,-15,0,0,0,4.1000000000000005,0.0000,0.0000
2004,1,30,23,30,-15,0,0,0,4.1000000000000005,0.0000,0.0000
2004,1,31,0,0,-14.9,0,0,0,4.1000000000000005,0.0000,0.0000
2004,1,31,0,30,-14.8,0,0,0,4.1000000000000005,0.0000,0.0000
2004,1,31,1,0,-14.700000000000001,0,0,0,4.1000000000000005,0.0000,0.0000
2004,1,31,1,30,-14.600000000000001,0,0,0,4.1000000000000005,0.0000,0.0000
2004,1,31,2,0,-14.5,0,0,0,4.1000000000000005,0.0000,0.0000
2004,1,31,2,30,-14.4,0,0,0,4.2,0.0000,0.0000
2004,1,31,3,0,-14.4,0,0,0,4.3,0.0000,0.0000
2004,1,31,3,30,-14.3,0,0,0,4.5,0.0000,0.0000
2004,1,31,4,0,-14.100000000000001,0,0,0,4.7,0.0000,0.0000
2004,1,31,4,30,-14,0,0,0,4.800000000000001,0.0000,0.0000
2004,1,31,5,0,-13.9,0,0,0,4.9,0.0000,0.0000
2004,1,31,5,30,-13.8,0,0,0,4.800000000000001,0.0000,0.0000
2004,1,31,6,0,-13.700000000000001,0,0,0,4.6000000000000005,0.0000,0.0000
2004,1,31,6,30,-13.600000000000001,0,0,0,4.5,0.0000,0.0000
2004,1,31,7,0,-13.5,0,0,0,4.4,0.0000,0.0000
2004,1,31,7,30,-13.3,0,0,0,4.5,0.0000,0.0000
2004,1,31,8,0,-13.100000000000001,13,0,13,4.6000000000000005,0.0000,0.0000
2004,1,31,8,30,-12.700000000000001,37,0,37,4.6000000000000005,0.0000,0.0000
2004,1,31,9,0,-12.3,120,5,121,4.7,5.7906,4.4257
2004,1,31,9,30,-11.8,81,640,261,4.800000000000001,12.9122,9.9452
2004,1,31,10,0,-11.3,94,704,337,4.800000000000001,17.2801,13.3846
2004,1,31,10,30,-10.8,48,0,48,4.7,2.5330,1.9692
2004,1,31,11,0,-10.3,33,0,33,4.5,1.7786,1.3859
2004,1,31,11,30,-9.8,197,8,200,4.3,10.9364,8.5349
2004,1,31,12,0,-9.4,46,0,46,4,2.5380,1.9824
2004,1,31,12,30,-9,68,0,69,3.7,3.8223,2.9867
2004,1,31,13,0,-8.700000000000001,221,7,225,3.4000000000000004,12.4568,9.7331
2004,1,31,13,30,-8.5,153,0,153,3.3000000000000003,8.4261,6.5804
2004,1,31,14,0,-8.3,138,1,139,3.1,7.5763,5.9108
2004,1,31,14,30,-8.4,53,0,53,3,2.8426,2.2140
2004,1,31,15,0,-8.4,159,6,161,2.9000000000000004,8.4386,6.5550
2004,1,31,15,30,-8.6,125,4,126,2.9000000000000004,6.4039,4.9540
2004,1,31,16,0,-8.8,96,3,96,2.8000000000000003,4.7027,3.6153
2004,1,31,16,30,-9,48,0,48,2.7,2.2884,1.7457
2004,1,31,17,0,-9.3,21,0,21,2.5,0.0000,0.0000
2004,1,31,17,30,-9.5,6,0,6,2.4000000000000004,0.0000,0.0000
2004,1,31,18,0,-9.700000000000001,0,0,0,2.3000000000000003,0.0000,0.0000
2004,1,31,18,30,-9.8,0,0,0,2.3000000000000003,0.0000,0.0000
2004,1,31,19,0,-9.9,0,0,0,2.2,0.0000,0.0000
2004,1,31,19,30,-10,0,0,0,2.1,0.0000,0.0000
2004,1,31,20,0,-10,0,0,0,2.1,0.0000,0.0000
2004,1,31,20,30,-10,0,0,0,2,0.0000,0.0000
2004,1,31,21,0,-10,0,0,0,2,0.0000,0.0000
2004,1,31,21,30,-10,0,0,0,2,0.0000,0.0000
2004,1,31,22,0,-9.9,0,0,0,2,0.0000,0.0000
2004,1,31,22,30,-9.9,0,0,0,2,0.0000,0.0000
2004,1,31,23,0,-9.9,0,0,0,1.9000000000000001,0.0000,0.0000
2004,1,31,23,30,-9.9,0,0,0,1.9000000000000001,0.0000,0.0000
2004,2,1,0,0,-10,0,0,0,1.9000000000000001,0.0000,0.0000
2004,2,1,0,30,-10,0,0,0,1.9000000000000001,0.0000,0.0000
2004,2,1,1,0,-10.100000000000001,0,0,0,1.9000000000000001,0.0000,0.0000
2004,2,1,1,30,-10.200000000000001,0,0,0,1.9000000000000001,0.0000,0.0000
2004,2,1,2,0,-10.200000000000001,0,0,0,1.9000000000000001,0.0000,0.0000
2004,2,1,2,30,-10.3,0,0,0,1.9000000000000001,0.0000,0.0000
2004,2,1,3,0,-10.4,0,0,0,1.8,0.0000,0.0000
2004,2,1,3,30,-10.4,0,0,0,1.8,0.0000,0.0000
2004,2,1,4,0,-10.5,0,0,0,1.8,0.0000,0.0000
2004,2,1,4,30,-10.5,0,0,0,1.8,0.0000,0.0000
2004,2,1,5,0,-10.5,0,0,0,1.9000000000000001,0.0000,0.0000
2004,2,1,5,30,-10.5,0,0,0,1.9000000000000001,0.0000,0.0000
2004,2,1,6,0,-10.5,0,0,0,2,0.0000,0.0000
2004,2,1,6,30,-10.4,0,0,0,2.1,0.0000,0.0000
2004,2,1,7,0,-10.4,0,0,0,2.2,0.0000,0.0000
2004,2,1,7,30,-10.200000000000001,0,0,0,2.4000000000000004,0.0000,0.0000
2004,2,1,8,0,-10,16,0,16,2.6,0.0000,0.0000
2004,2,1,8,30,-9.8,40,0,40,2.8000000000000003,0.0000,0.0000
2004,2,1,9,0,-9.5,25,0,25,3,1.1976,0.9156
2004,2,1,9,30,-9.3,57,0,57,3,2.8254,2.1769
2004,2,1,10,0,-9,68,0,68,3.1,3.4936,2.7068
2004,2,1,10,30,-8.700000000000001,129,1,129,3.1,6.8198,5.3030
2004,2,1,11,0,-8.4,189,8,193,3.1,10.4198,8.1211
2004,2,1,11,30,-8.200000000000001,285,3,286,3.1,15.6644,12.2266
2004,2,1,12,0,-7.9,99,0,99,3.1,5.4707,4.2737
2004,2,1,12,30,-7.7,49,0,49,3.1,2.7186,2.1246
2004,2,1,13,0,-7.5,30,0,30,3.2,1.6635,1.3000
2004,2,1,13,30,-7.4,19,0,19,3.2,1.0481,0.8187
2004,2,1,14,0,-7.300000000000001,49,0,50,3.2,2.7302,2.1303
2004,2,1,14,30,-7.4,104,0,104,3.3000000000000003,5.5887,4.3536
2004,2,1,15,0,-7.4,42,0,42,3.3000000000000003,2.2062,1.7142
2004,2,1,15,30,-7.7,76,0,76,3.2,3.8718,2.9962
2004,2,1,16,0,-7.9,17,0,17,3.1,0.8346,0.6419
2004,2,1,16,30,-8.3,10,0,10,2.9000000000000004,0.4770,0.3640
2004,2,1,17,0,-8.700000000000001,14,0,14,2.6,0.0000,0.0000
2004,2,1,17,30,-9.1,7,0,7,2.5,0.0000,0.0000
2004,2,1,18,0,-9.5,0,0,0,2.3000000000000003,0.0000,0.0000
2004,2,1,18,30,-9.700000000000001,0,0,0,2.3000000000000003,0.0000,0.0000
2004,2,1,19,0,-10,0,0,0,2.3000000000000003,0.0000,0.0000
2004,2,1,19,30,-10.100000000000001,0,0,0,2.3000000000000003,0.0000,0.0000
2004,2,1,20,0,-10.3,0,0,0,2.3000000000000003,0.0000,0.0000
2004,2,1,20,30,-10.3,0,0,0,2.3000000000000003,0.0000,0.0000
2004,2,1,21,0,-10.4,0,0,0,2.3000000000000003,0.0000,0.0000
2004,2,1,21,30,-10.5,0,0,0,2.3000000000000003,0.0000,0.0000
2004,2,1,22,0,-10.600000000000001,0,0,0,2.3000000000000003,0.0000,0.0000
2004,2,1,22,30,-10.700000000000001,0,0,0,2.4000000000000004,0.0000,0.0000
2004,2,1,23,0,-10.8,0,0,0,2.4000000000000004,0.0000,0.0000
2004,2,1,23,30,-10.700000000000001,0,0,0,2.6,0.0000,0.0000
2004,2,2,0,0,-10.5,0,0,0,2.7,0.0000,0.0000
2004,2,2,0,30,-10.3,0,0,0,3,0.0000,0.0000
2004,2,2,1,0,-10.100000000000001,0,0,0,3.3000000000000003,0.0000,0.0000
2004,2,2,1,30,-10,0,0,0,3.5,0.0000,0.0000
2004,2,2,2,0,-9.9,0,0,0,3.6,0.0000,0.0000
2004,2,2,2,30,-10,0,0,0,3.7,0.0000,0.0000
2004,2,2,3,0,-10,0,0,0,3.8000000000000003,0.0000,0.0000
2004,2,2,3,30,-10.100000000000001,0,0,0,3.8000000000000003,0.0000,0.0000
2004,2,2,4,0,-10.100000000000001,0,0,0,3.9000000000000004,0.0000,0.0000
2004,2,2,4,30,-10.200000000000001,0,0,0,4,0.0000,0.0000
2004,2,2,5,0,-10.3,0,0,0,4.1000000000000005,0.0000,0.0000
2004,2,2,5,30,-10.4,0,0,0,4.2,0.0000,0.0000
2004,2,2,6,0,-10.5,0,0,0,4.3,0.0000,0.0000
2004,2,2,6,30,-10.600000000000001,0,0,0,4.4,0.0000,0.0000
2004,2,2,7,0,-10.700000000000001,0,0,0,4.5,0.0000,0.0000
2004,2,2,7,30,-10.600000000000001,0,0,0,4.7,0.0000,0.0000
2004,2,2,8,0,-10.600000000000001,13,0,13,5,0.0000,0.0000
2004,2,2,8,30,-10.4,34,0,34,5.4,0.0000,0.0000
2004,2,2,9,0,-10.200000000000001,13,0,13,5.800000000000001,0.6234,0.4768
2004,2,2,9,30,-9.9,108,2,109,5.9,5.4134,4.1724
2004,2,2,10,0,-9.5,110,1,110,6.1000000000000005,5.6629,4.3887
2004,2,2,10,30,-9.200000000000001,127,707,416,6.2,22.0335,17.1366
2004,2,2,11,0,-8.9,125,776,476,6.300000000000001,25.7423,20.0670
2004,2,2,11,30,-8.6,150,2,150,6.4,8.2292,6.4243
2004,2,2,12,0,-8.4,109,0,109,6.4,6.0329,4.7137
2004,2,2,12,30,-8.3,71,0,72,6.5,4.0011,3.1273
2004,2,2,13,0,-8.1,116,0,116,6.6000000000000005,6.4427,5.0354
2004,2,2,13,30,-8,146,1,146,6.7,8.0674,6.3023
2004,2,2,14,0,-7.9,67,0,67,6.7,3.6648,2.8602
2004,2,2,14,30,-7.9,92,874,479,6.7,25.7908,20.0955
2004,2,2,15,0,-7.9,80,859,420,6.6000000000000005,22.1080,17.1820
2004,2,2,15,30,-8.1,73,814,348,6.300000000000001,17.7707,13.7566
2004,2,2,16,0,-8.200000000000001,36,0,36,5.9,1.7712,1.3629
2004,2,2,16,30,-8.6,28,0,28,5.300000000000001,1.3363,1.0201
2004,2,2,17,0,-8.9,16,0,16,4.7,0.0000,0.0000
2004,2,2,17,30,-9.5,10,0,10,4.1000000000000005,0.0000,0.0000
2004,2,2,18,0,-10,0,0,0,3.5,0.0000,0.0000
2004,2,2,18,30,-10.600000000000001,0,0,0,3.2,0.0000,0.0000
2004,2,2,19,0,-11.200000000000001,0,0,0,3,0.0000,0.0000
2004,2,2,19,30,-11.600000000000001,0,0,0,3,0.0000,0.0000
2004,2,2,20,0,-12,0,0,0,2.9000000000000004,0.0000,0.0000
2004,2,2,20,30,-12.3,0,0,0,3,0.0000,0.0000
2004,2,2,21,0,-12.600000000000001,0,0,0,3,0.0000,0.0000
2004,2,2,21,30,-13.100000000000001,0,0,0,3,0.0000,0.0000
2004,2,2,22,0,-13.600000000000001,0,0,0,2.9000000000000004,0.0000,0.0000
2004,2,2,22,30,-14.4,0,0,0,2.8000000000000003,0.0000,0.0000
2004,2,2,23,0,-15.3,0,0,0,2.6,0.0000,0.0000
2004,2,2,23,30,-16,0,0,0,2.6,0.0000,0.0000
2004,2,3,0,0,-16.7,0,0,0,2.5,0.0000,0.0000
2004,2,3,0,30,-17,0,0,0,2.4000000000000004,0.0000,0.0000
2004,2,3,1,0,-17.3,0,0,0,2.4000000000000004,0.0000,0.0000
2004,2,3,1,30,-17.1,0,0,0,2.3000000000000003,0.0000,0.0000
2004,2,3,2,0,-16.8,0,0,0,2.3000000000000003,0.0000,0.0000
2004,2,3,2,30,-16.6,0,0,0,2.3000000000000003,0.0000,0.0000
2004,2,3,3,0,-16.3,0,0,0,2.2,0.0000,0.0000
2004,2,3,3,30,-16.3,0,0,0,2.2,0.0000,0.0000
2004,2,3,4,0,-16.400000000000002,0,0,0,2.1,0.0000,0.0000
2004,2,3,4,30,-16.400000000000002,0,0,0,2,0.0000,0.0000
2004,2,3,5,0,-16.5,0,0,0,1.9000000000000001,0.0000,0.0000
2004,2,3,5,30,-16.6,0,0,0,1.8,0.0000,0.0000
2004,2,3,6,0,-16.7,0,0,0,1.7000000000000002,0.0000,0.0000
2004,2,3,6,30,-16.7,0,0,0,1.6,0.0000,0.0000
2004,2,3,7,0,-16.7,0,0,0,1.5,0.0000,0.0000
2004,2,3,7,30,-16,0,0,0,1.4000000000000001,0.0000,0.0000
2004,2,3,8,0,-15.3,20,384,41,1.4000000000000001,0.0000,0.0000
2004,2,3,8,30,-14.4,37,611,122,1.5,0.0000,0.0000
2004,2,3,9,0,-13.4,49,738,211,1.7000000000000002,10.1313,7.7518
2004,2,3,9,30,-12.9,59,820,298,1.2000000000000002,14.8303,11.4345
2004,2,3,10,0,-12.5,67,863,374,0.8,19.2943,14.9571
2004,2,3,10,30,-11.9,73,901,444,1.1,23.5616,18.3291
2004,2,3,11,0,-11.4,79,925,501,1.4000000000000001,27.1417,21.1618
2004,2,3,11,30,-10.8,82,943,546,1.8,30.0034,23.4263
2004,2,3,12,0,-10.3,86,951,575,2.1,31.8772,24.9102
2004,2,3,12,30,-9.8,87,957,589,2.3000000000000003,32.7830,25.6275
2004,2,3,13,0,-9.4,87,947,583,2.5,32.4315,25.3514
2004,2,3,13,30,-9,86,941,566,2.5,31.3269,24.4765
2004,2,3,14,0,-8.6,84,925,533,2.6,29.2071,22.7984
2004,2,3,14,30,-8.6,80,905,486,2.7,26.2185,20.4330
2004,2,3,15,0,-8.6,76,874,425,2.7,22.4191,17.4282
2004,2,3,15,30,-8.8,69,831,353,2.6,18.0682,13.9915
2004,2,3,16,0,-9.1,61,766,271,2.5,13.3651,10.2882
2004,2,3,16,30,-10,50,672,184,2.1,8.7885,6.7117
2004,2,3,17,0,-10.8,31,0,31,1.6,0.0000,0.0000
2004,2,3,17,30,-11.600000000000001,16,252,25,1.6,0.0000,0.0000
2004,2,3,18,0,-12.5,0,0,0,1.6,0.0000,0.0000
2004,2,3,18,30,-12.8,0,0,0,1.6,0.0000,0.0000
2004,2,3,19,0,-13.100000000000001,0,0,0,1.6,0.0000,0.0000
2004,2,3,19,30,-13.3,0,0,0,1.7000000000000002,0.0000,0.0000
2004,2,3,20,0,-13.5,0,0,0,1.7000000000000002,0.0000,0.0000
2004,2,3,20,30,-13.600000000000001,0,0,0,1.8,0.0000,0.0000
2004,2,3,21,0,-13.700000000000001,0,0,0,1.9000000000000001,0.0000,0.0000
2004,2,3,21,30,-13.8,0,0,0,1.9000000000000001,0.0000,0.0000
2004,2,3,22,0,-13.9,0,0,0,2,0.0000,0.0000
2004,2,3,22,30,-14,0,0,0,2.1,0.0000,0.0000
2004,2,3,23,0,-14,0,0,0,2.2,0.0000,0.0000
2004,2,3,23,30,-13.9,0,0,0,2.5,0.0000,0.0000
2004,2,4,0,0,-13.8,0,0,0,2.7,0.0000,0.0000
2004,2,4,0,30,-13.600000000000001,0,0,0,2.9000000000000004,0.0000,0.0000
2004,2,4,1,0,-13.4,0,0,0,3.2,0.0000,0.0000
2004,2,4,1,30,-13.4,0,0,0,3.3000000000000003,0.0000,0.0000
2004,2,4,2,0,-13.3,0,0,0,3.5,0.0000,0.0000
2004,2,4,2,30,-13.200000000000001,0,0,0,3.6,0.0000,0.0000
2004,2,4,3,0,-13.100000000000001,0,0,0,3.6,0.0000,0.0000
2004,2,4,3,30,-12.9,0,0,0,3.7,0.0000,0.0000
2004,2,4,4,0,-12.700000000000001,0,0,0,3.8000000000000003,0.0000,0.0000
2004,2,4,4,30,-12.4,0,0,0,3.9000000000000004,0.0000,0.0000
2004,2,4,5,0,-12.100000000000001,0,0,0,4,0.0000,0.0000
2004,2,4,5,30,-11.8,0,0,0,4.1000000000000005,0.0000,0.0000
2004,2,4,6,0,-11.600000000000001,0,0,0,4.2,0.0000,0.0000
2004,2,4,6,30,-11.4,0,0,0,4.2,0.0000,0.0000
2004,2,4,7,0,-11.200000000000001,0,0,0,4.2,0.0000,0.0000
2004,2,4,7,30,-10.9,0,0,0,4.5,0.0000,0.0000
2004,2,4,8,0,-10.600000000000001,19,0,19,4.800000000000001,0.0000,0.0000
2004,2,4,8,30,-10.100000000000001,39,0,39,5.2,0.0000,0.0000
2004,2,4,9,0,-9.600000000000001,31,0,31,5.6000000000000005,1.4904,1.1408
2004,2,4,9,30,-9,40,0,40,5.800000000000001,1.9949,1.5387
2004,2,4,10,0,-8.4,28,0,28,6,1.4475,1.1224
2004,2,4,10,30,-7.800000000000001,18,0,18,5.9,0.9571,0.7447
2004,2,4,11,0,-7.300000000000001,61,0,61,5.9,3.3106,2.5817
2004,2,4,11,30,-6.800000000000001,115,1,115,5.9,6.3300,4.9432
2004,2,4,12,0,-6.4,164,1,164,6,9.1061,7.1169
2004,2,4,12,30,-6.300000000000001,155,1,155,5.9,8.6406,6.7556
2004,2,4,13,0,-6.2,131,0,131,5.800000000000001,7.2992,5.7065
2004,2,4,13,30,-6.2,96,0,96,5.6000000000000005,5.3221,4.1589
2004,2,4,14,0,-6.2,82,0,82,5.5,4.5014,3.5143
2004,2,4,14,30,-6.2,61,0,61,5.4,3.2971,2.5701
2004,2,4,15,0,-6.2,121,1,121,5.300000000000001,6.3969,4.9741
2004,2,4,15,30,-6.2,91,1,92,5,4.7199,3.6562
2004,2,4,16,0,-6.2,90,2,90,4.7,4.4488,3.4260
2004,2,4,16,30,-6.4,26,0,26,4.4,1.2430,0.9497
2004,2,4,17,0,-6.6000000000000005,25,0,25,4.2,0.0000,0.0000
2004,2,4,17,30,-6.7,10,0,10,4.2,0.0000,0.0000
2004,2,4,18,0,-6.800000000000001,0,0,0,4.3,0.0000,0.0000
2004,2,4,18,30,-6.7,0,0,0,4.3,0.0000,0.0000
2004,2,4,19,0,-6.7,0,0,0,4.3,0.0000,0.0000
2004,2,4,19,30,-6.7,0,0,0,4.3,0.0000,0.0000
2004,2,4,20,0,-6.6000000000000005,0,0,0,4.4,0.0000,0.0000
2004,2,4,20,30,-6.7,0,0,0,4.4,0.0000,0.0000
2004,2,4,21,0,-6.7,0,0,0,4.4,0.0000,0.0000
2004,2,4,21,30,-6.7,0,0,0,4.4,0.0000,0.0000
2004,2,4,22,0,-6.800000000000001,0,0,0,4.5,0.0000,0.0000
2004,2,4,22,30,-6.9,0,0,0,4.3,0.0000,0.0000
2004,2,4,23,0,-7,0,0,0,4.1000000000000005,0.0000,0.0000
2004,2,4,23,30,-7.2,0,0,0,4.2,0.0000,0.0000
2004,2,5,0,0,-7.300000000000001,0,0,0,4.3,0.0000,0.0000
2004,2,5,0,30,-7.4,0,0,0,4.4,0.0000,0.0000
2004,2,5,1,0,-7.5,0,0,0,4.5,0.0000,0.0000
2004,2,5,1,30,-7.5,0,0,0,4.3,0.0000,0.0000
2004,2,5,2,0,-7.6000000000000005,0,0,0,4.2,0.0000,0.0000
2004,2,5,2,30,-7.800000000000001,0,0,0,3.8000000000000003,0.0000,0.0000
2004,2,5,3,0,-8.1,0,0,0,3.5,0.0000,0.0000
2004,2,5,3,30,-8.200000000000001,0,0,0,3.4000000000000004,0.0000,0.0000
2004,2,5,4,0,-8.3,0,0,0,3.3000000000000003,0.0000,0.0000
2004,2,5,4,30,-8.200000000000001,0,0,0,3.5,0.0000,0.0000
2004,2,5,5,0,-8.1,0,0,0,3.7,0.0000,0.0000
2004,2,5,5,30,-7.9,0,0,0,3.6,0.0000,0.0000
2004,2,5,6,0,-7.800000000000001,0,0,0,3.5,0.0000,0.0000
2004,2,5,6,30,-7.800000000000001,0,0,0,3.4000000000000004,0.0000,0.0000
2004,2,5,7,0,-7.7,0,0,0,3.3000000000000003,0.0000,0.0000
2004,2,5,7,30,-7.5,0,0,0,3.5,0.0000,0.0000
2004,2,5,8,0,-7.4,16,0,16,3.6,0.0000,0.0000
2004,2,5,8,30,-7.2,40,0,40,3.7,0.0000,0.0000
2004,2,5,9,0,-7,39,0,39,3.8000000000000003,1.8778,1.4379
2004,2,5,9,30,-6.7,130,7,132,3.9000000000000004,6.5974,5.0904
2004,2,5,10,0,-6.5,41,0,41,4.1000000000000005,2.1240,1.6474
2004,2,5,10,30,-6.2,88,0,88,4.1000000000000005,4.6882,3.6487
2004,2,5,11,0,-6,69,0,69,4.1000000000000005,3.7514,2.9260
2004,2,5,11,30,-5.800000000000001,39,0,39,3.9000000000000004,2.1504,1.6795
2004,2,5,12,0,-5.6000000000000005,91,0,91,3.8000000000000003,5.0611,3.9561
2004,2,5,12,30,-5.4,25,0,25,3.7,1.3959,1.0915
2004,2,5,13,0,-5.300000000000001,125,0,125,3.5,6.9760,5.4547
2004,2,5,13,30,-5.2,53,0,53,3.5,2.9432,2.3003
2004,2,5,14,0,-5.2,46,0,46,3.5,2.5296,1.9752
2004,2,5,14,30,-5.2,122,1,122,3.4000000000000004,6.6067,5.1509
2004,2,5,15,0,-5.2,44,0,44,3.2,2.3310,1.8130
2004,2,5,15,30,-5.4,12,0,12,2.9000000000000004,0.6171,0.4782
2004,2,5,16,0,-5.5,98,1,98,2.6,4.8554,3.7407
2004,2,5,16,30,-5.800000000000001,83,2,84,2.7,4.0203,3.0728
2004,2,5,17,0,-6,10,0,10,2.8000000000000003,0.0000,0.0000
2004,2,5,17,30,-6.2,12,0,12,3.1,0.0000,0.0000
2004,2,5,18,0,-6.5,0,0,0,3.4000000000000004,0.0000,0.0000
2004,2,5,18,30,-6.6000000000000005,0,0,0,3.5,0.0000,0.0000
2004,2,5,19,0,-6.800000000000001,0,0,0,3.5,0.0000,0.0000
2004,2,5,19,30,-7,0,0,0,3.5,0.0000,0.0000
2004,2,5,20,0,-7.2,0,0,0,3.4000000000000004,0.0000,0.0000
2004,2,5,20,30,-7.2,0,0,0,3.6,0.0000,0.0000
2004,2,5,21,0,-7.300000000000001,0,0,0,3.7,0.0000,0.0000
2004,2,5,21,30,-7.4,0,0,0,3.9000000000000004,0.0000,0.0000
2004,2,5,22,0,-7.4,0,0,0,4.1000000000000005,0.0000,0.0000
2004,2,5,22,30,-7.5,0,0,0,4.2,0.0000,0.0000
2004,2,5,23,0,-7.6000000000000005,0,0,0,4.3,0.0000,0.0000
2004,2,5,23,30,-7.6000000000000005,0,0,0,4.4,0.0000,0.0000
2004,2,6,0,0,-7.7,0,0,0,4.5,0.0000,0.0000
2004,2,6,0,30,-7.7,0,0,0,4.6000000000000005,0.0000,0.0000
2004,2,6,1,0,-7.800000000000001,0,0,0,4.7,0.0000,0.0000
2004,2,6,1,30,-7.9,0,0,0,4.7,0.0000,0.0000
2004,2,6,2,0,-7.9,0,0,0,4.800000000000001,0.0000,0.0000
2004,2,6,2,30,-8,0,0,0,4.7,0.0000,0.0000
2004,2,6,3,0,-8,0,0,0,4.6000000000000005,0.0000,0.0000
2004,2,6,3,30,-8.1,0,0,0,4.5,0.0000,0.0000
2004,2,6,4,0,-8.1,0,0,0,4.4,0.0000,0.0000
2004,2,6,4,30,-8,0,0,0,4.5,0.0000,0.0000
2004,2,6,5,0,-8,0,0,0,4.5,0.0000,0.0000
2004,2,6,5,30,-8,0,0,0,4.800000000000001,0.0000,0.0000
2004,2,6,6,0,-8,0,0,0,5,0.0000,0.0000
2004,2,6,6,30,-8.3,0,0,0,5.300000000000001,0.0000,0.0000
2004,2,6,7,0,-8.5,0,0,0,5.6000000000000005,0.0000,0.0000
2004,2,6,7,30,-8.8,0,0,0,5.9,0.0000,0.0000
2004,2,6,8,0,-9.1,30,140,39,6.2,0.0000,0.0000
2004,2,6,8,30,-9.4,63,339,113,6.7,0.0000,0.0000
2004,2,6,9,0,-9.600000000000001,89,475,198,7.2,9.5479,7.3142
2004,2,6,9,30,-9.700000000000001,53,0,53,7.2,2.6549,2.0492
2004,2,6,10,0,-9.8,83,0,83,7.2,4.3089,3.3431
2004,2,6,10,30,-9.700000000000001,107,0,107,7.2,5.7114,4.4460
2004,2,6,11,0,-9.600000000000001,133,767,493,7.2,26.8525,20.9478
2004,2,6,11,30,-9.5,132,0,132,7.1000000000000005,7.2905,5.6951
2004,2,6,12,0,-9.3,166,0,166,7.1000000000000005,9.2468,7.2291
2004,2,6,12,30,-9.200000000000001,128,0,128,7.1000000000000005,7.1580,5.5980
2004,2,6,13,0,-9.1,173,0,173,7.1000000000000005,9.6700,7.5622
2004,2,6,13,30,-9.1,122,857,571,7,31.7622,24.8281
2004,2,6,14,0,-9.1,217,0,217,6.9,11.9543,9.3360
2004,2,6,14,30,-9.3,132,0,132,6.800000000000001,7.1621,5.5850
2004,2,6,15,0,-9.4,45,0,45,6.6000000000000005,2.3891,1.8586
2004,2,6,15,30,-9.600000000000001,48,0,48,6.300000000000001,2.4741,1.9177
2004,2,6,16,0,-9.8,33,0,33,5.9,1.6389,1.2632
2004,2,6,16,30,-10.100000000000001,29,0,29,5.6000000000000005,1.3897,1.0627
2004,2,6,17,0,-10.5,31,0,31,5.2,0.0000,0.0000
2004,2,6,17,30,-10.9,20,287,33,5,0.0000,0.0000
2004,2,6,18,0,-11.3,0,0,0,4.800000000000001,0.0000,0.0000
2004,2,6,18,30,-11.600000000000001,0,0,0,4.800000000000001,0.0000,0.0000
2004,2,6,19,0,-11.9,0,0,0,4.800000000000001,0.0000,0.0000
2004,2,6,19,30,-12.3,0,0,0,4.7,0.0000,0.0000
2004,2,6,20,0,-12.600000000000001,0,0,0,4.6000000000000005,0.0000,0.0000
2004,2,6,20,30,-12.8,0,0,0,4.6000000000000005,0.0000,0.0000
2004,2,6,21,0,-13,0,0,0,4.6000000000000005,0.0000,0.0000
2004,2,6,21,30,-13.100000000000001,0,0,0,4.7,0.0000,0.0000
2004,2,6,22,0,-13.200000000000001,0,0,0,4.800000000000001,0.0000,0.0000
2004,2,6,22,30,-13.3,0,0,0,4.800000000000001,0.0000,0.0000
2004,2,6,23,0,-13.3,0,0,0,4.800000000000001,0.0000,0.0000
2004,2,6,23,30,-13.5,0,0,0,4.7,0.0000,0.0000
2004,2,7,0,0,-13.600000000000001,0,0,0,4.7,0.0000,0.0000
2004,2,7,0,30,-13.700000000000001,0,0,0,4.800000000000001,0.0000,0.0000
2004,2,7,1,0,-13.8,0,0,0,4.9,0.0000,0.0000
2004,2,7,1,30,-14,0,0,0,4.9,0.0000,0.0000
2004,2,7,2,0,-14.200000000000001,0,0,0,4.9,0.0000,0.0000
2004,2,7,2,30,-14.3,0,0,0,5,0.0000,0.0000
2004,2,7,3,0,-14.5,0,0,0,5.1000000000000005,0.0000,0.0000
2004,2,7,3,30,-14.8,0,0,0,4.9,0.0000,0.0000
2004,2,7,4,0,-15.100000000000001,0,0,0,4.6000000000000005,0.0000,0.0000
2004,2,7,4,30,-15.4,0,0,0,4.4,0.0000,0.0000
2004,2,7,5,0,-15.700000000000001,0,0,0,4.2,0.0000,0.0000
2004,2,7,5,30,-15.9,0,0,0,4.1000000000000005,0.0000,0.0000
2004,2,7,6,0,-16.1,0,0,0,4,0.0000,0.0000
2004,2,7,6,30,-16.2,0,0,0,4,0.0000,0.0000
2004,2,7,7,0,-16.3,0,0,0,4,0.0000,0.0000
2004,2,7,7,30,-16.1,0,0,0,4.2,0.0000,0.0000
2004,2,7,8,0,-15.8,25,411,53,4.4,0.0000,0.0000
2004,2,7,8,30,-15.200000000000001,43,627,139,4.7,0.0000,0.0000
2004,2,7,9,0,-14.5,56,754,232,4.9,11.2061,8.5881
2004,2,7,9,30,-13.700000000000001,66,834,322,5,16.1657,12.4822
2004,2,7,10,0,-13,75,887,405,5.1000000000000005,21.0717,16.3531
2004,2,7,10,30,-12.3,81,925,478,4.800000000000001,25.5652,19.9052
2004,2,7,11,0,-11.600000000000001,87,950,537,4.5,29.3015,22.8623
2004,2,7,11,30,-11.100000000000001,91,968,583,4.1000000000000005,32.2532,25.1991
2004,2,7,12,0,-10.5,93,979,614,3.8000000000000003,34.2588,26.7871
2004,2,7,12,30,-10.100000000000001,94,969,620,3.3000000000000003,34.7271,27.1626
2004,2,7,13,0,-9.700000000000001,94,969,619,2.9000000000000004,34.6551,27.1052
2004,2,7,13,30,-9.5,92,963,601,2.5,33.4852,26.1788
2004,2,7,14,0,-9.3,90,951,567,2,31.2904,24.4412
2004,2,7,14,30,-9.200000000000001,86,931,519,1.7000000000000002,28.2155,22.0069
2004,2,7,15,0,-9.1,81,902,457,1.4000000000000001,24.3140,18.9199
2004,2,7,15,30,-9.200000000000001,74,861,383,1.4000000000000001,19.7878,15.3427
2004,2,7,16,0,-9.3,64,806,299,1.3,14.8856,11.4779
2004,2,7,16,30,-10.100000000000001,53,719,209,1.1,10.0293,7.6723
2004,2,7,17,0,-10.8,38,590,118,0.8,0.0000,0.0000
2004,2,7,17,30,-12.200000000000001,20,348,37,1,0.0000,0.0000
2004,2,7,18,0,-13.5,0,0,0,1.2000000000000002,0.0000,0.0000
2004,2,7,18,30,-14.5,0,0,0,1.4000000000000001,0.0000,0.0000
2004,2,7,19,0,-15.600000000000001,0,0,0,1.6,0.0000,0.0000
2004,2,7,19,30,-16.3,0,0,0,1.8,0.0000,0.0000
2004,2,7,20,0,-16.900000000000002,0,0,0,2,0.0000,0.0000
2004,2,7,20,30,-17.2,0,0,0,2.2,0.0000,0.0000
2004,2,7,21,0,-17.400000000000002,0,0,0,2.4000000000000004,0.0000,0.0000
2004,2,7,21,30,-17.1,0,0,0,2.8000000000000003,0.0000,0.0000
2004,2,7,22,0,-16.8,0,0,0,3.2,0.0000,0.0000
2004,2,7,22,30,-16.7,0,0,0,3.5,0.0000,0.0000
2004,2,7,23,0,-16.5,0,0,0,3.8000000000000003,0.0000,0.0000
2004,2,7,23,30,-16.7,0,0,0,3.7,0.0000,0.0000
2004,2,8,0,0,-16.900000000000002,0,0,0,3.6,0.0000,0.0000
2004,2,8,0,30,-17.3,0,0,0,3.6,0.0000,0.0000
2004,2,8,1,0,-17.7,0,0,0,3.5,0.0000,0.0000
2004,2,8,1,30,-18.1,0,0,0,3.6,0.0000,0.0000
2004,2,8,2,0,-18.400000000000002,0,0,0,3.6,0.0000,0.0000
2004,2,8,2,30,-18.7,0,0,0,3.8000000000000003,0.0000,0.0000
2004,2,8,3,0,-18.900000000000002,0,0,0,3.9000000000000004,0.0000,0.0000
2004,2,8,3,30,-19,0,0,0,4.1000000000000005,0.0000,0.0000
2004,2,8,4,0,-19.200000000000003,0,0,0,4.3,0.0000,0.0000
2004,2,8,4,30,-19.400000000000002,0,0,0,4.4,0.0000,0.0000
2004,2,8,5,0,-19.5,0,0,0,4.5,0.0000,0.0000
2004,2,8,5,30,-19.6,0,0,0,4.5,0.0000,0.0000
2004,2,8,6,0,-19.8,0,0,0,4.5,0.0000,0.0000
2004,2,8,6,30,-19.700000000000003,0,0,0,4.5,0.0000,0.0000
2004,2,8,7,0,-19.700000000000003,0,0,0,4.5,0.0000,0.0000
2004,2,8,7,30,-19.3,0,0,0,4.6000000000000005,0.0000,0.0000
2004,2,8,8,0,-18.900000000000002,17,0,17,4.7,0.0000,0.0000
2004,2,8,8,30,-18.3,37,0,37,4.7,0.0000,0.0000
2004,2,8,9,0,-17.7,22,0,22,4.800000000000001,1.0646,0.8162
2004,2,8,9,30,-16.7,44,0,44,5,2.2141,1.7102
2004,2,8,10,0,-15.8,57,0,57,5.300000000000001,2.9721,2.3072
2004,2,8,10,30,-14.4,79,0,79,6.1000000000000005,4.2335,3.2969
2004,2,8,11,0,-13,76,0,76,6.9,4.1545,3.2422
2004,2,8,11,30,-11.5,69,0,69,7.1000000000000005,3.8238,2.9879
2004,2,8,12,0,-10,255,8,260,7.4,14.5306,11.3633
2004,2,8,12,30,-8.4,31,0,31,7.6000000000000005,1.7392,1.3605
2004,2,8,13,0,-6.7,122,0,122,7.800000000000001,6.8414,5.3517
2004,2,8,13,30,-5.4,67,0,67,7.7,3.7391,2.9237
2004,2,8,14,0,-4.1000000000000005,105,0,105,7.7,5.8046,4.5347
2004,2,8,14,30,-3.2,109,0,109,7.300000000000001,5.9370,4.6315
2004,2,8,15,0,-2.4000000000000004,33,0,33,7,1.7594,1.3694
2004,2,8,15,30,-1.9000000000000001,57,0,57,6.6000000000000005,2.9518,2.2894
2004,2,8,16,0,-1.4000000000000001,20,0,20,6.2,0.9980,0.7698
2004,2,8,16,30,-1.5,17,0,17,5.800000000000001,0.8170,0.6253
2004,2,8,17,0,-1.6,9,0,9,5.5,0.0000,0.0000
2004,2,8,17,30,-2.3000000000000003,10,0,10,6,0.0000,0.0000
2004,2,8,18,0,-3,0,0,0,6.4,0.0000,0.0000
2004,2,8,18,30,-4,0,0,0,6.6000000000000005,0.0000,0.0000
2004,2,8,19,0,-5,0,0,0,6.800000000000001,0.0000,0.0000
2004,2,8,19,30,-5.800000000000001,0,0,0,6.6000000000000005,0.0000,0.0000
2004,2,8,20,0,-6.6000000000000005,0,0,0,6.4,0.0000,0.0000
2004,2,8,20,30,-7.1000000000000005,0,0,0,5.6000000000000005,0.0000,0.0000
2004,2,8,21,0,-7.6000000000000005,0,0,0,4.9,0.0000,0.0000
2004,2,8,21,30,-7.6000000000000005,0,0,0,4.6000000000000005,0.0000,0.0000
2004,2,8,22,0,-7.6000000000000005,0,0,0,4.4,0.0000,0.0000
2004,2,8,22,30,-7.4,0,0,0,4.2,0.0000,0.0000
2004,2,8,23,0,-7.1000000000000005,0,0,0,4.1000000000000005,0.0000,0.0000
2004,2,8,23,30,-7,0,0,0,4.2,0.0000,0.0000
2004,2,9,0,0,-6.800000000000001,0,0,0,4.4,0.0000,0.0000
2004,2,9,0,30,-6.9,0,0,0,4.4,0.0000,0.0000
2004,2,9,1,0,-7,0,0,0,4.5,0.0000,0.0000
2004,2,9,1,30,-7.4,0,0,0,4.3,0.0000,0.0000
2004,2,9,2,0,-7.800000000000001,0,0,0,4.2,0.0000,0.0000
2004,2,9,2,30,-8.4,0,0,0,4.1000000000000005,0.0000,0.0000
2004,2,9,3,0,-8.9,0,0,0,4.1000000000000005,0.0000,0.0000
2004,2,9,3,30,-9.4,0,0,0,4,0.0000,0.0000
2004,2,9,4,0,-10,0,0,0,3.9000000000000004,0.0000,0.0000
2004,2,9,4,30,-10.4,0,0,0,3.8000000000000003,0.0000,0.0000
2004,2,9,5,0,-10.9,0,0,0,3.7,0.0000,0.0000
2004,2,9,5,30,-11.3,0,0,0,3.7,0.0000,0.0000
2004,2,9,6,0,-11.600000000000001,0,0,0,3.6,0.0000,0.0000
2004,2,9,6,30,-11.8,0,0,0,3.6,0.0000,0.0000
2004,2,9,7,0,-11.9,0,0,0,3.5,0.0000,0.0000
2004,2,9,7,30,-11,0,0,0,4,0.0000,0.0000
2004,2,9,8,0,-10.100000000000001,23,455,57,4.5,0.0000,0.0000
2004,2,9,8,30,-9.200000000000001,37,648,142,4.7,0.0000,0.0000
2004,2,9,9,0,-8.3,7,0,7,4.9,0.3393,0.2603
2004,2,9,9,30,-7.2,59,827,319,4.9,16.0897,12.4325
2004,2,9,10,0,-6.1000000000000005,62,0,62,4.9,3.2401,2.5159
2004,2,9,10,30,-4.9,204,1,205,4.9,11.0076,8.5743
2004,2,9,11,0,-3.7,78,931,528,4.9,28.9153,22.5692
2004,2,9,11,30,-2.8000000000000003,71,0,71,4.9,3.9412,3.0802
2004,2,9,12,0,-1.9000000000000001,153,0,153,4.800000000000001,8.5645,6.6985
2004,2,9,12,30,-1.3,124,0,124,4.800000000000001,6.9675,5.4513
2004,2,9,13,0,-0.7000000000000001,110,0,110,4.800000000000001,6.1781,4.8335
2004,2,9,13,30,-0.4,82,0,82,4.6000000000000005,4.5839,3.5848
2004,2,9,14,0,-0.2,213,0,213,4.4,11.7958,9.2168
2004,2,9,14,30,-0.1,223,1,223,4,12.1696,9.4954
2004,2,9,15,0,0,71,905,457,3.6,24.4170,19.0091
2004,2,9,15,30,0,65,867,384,3.4000000000000004,19.9318,15.4637
2004,2,9,16,0,-0.1,58,802,299,3.2,14.9566,11.5418
2004,2,9,16,30,-0.7000000000000001,49,720,211,2.9000000000000004,10.1573,7.7773
2004,2,9,17,0,-1.4000000000000001,37,589,121,2.6,0.0000,0.0000
2004,2,9,17,30,-2,20,367,41,2.7,0.0000,0.0000
2004,2,9,18,0,-2.7,0,0,0,2.8000000000000003,0.0000,0.0000
2004,2,9,18,30,-3,0,0,0,3,0.0000,0.0000
2004,2,9,19,0,-3.4000000000000004,0,0,0,3.1,0.0000,0.0000
2004,2,9,19,30,-3.8000000000000003,0,0,0,3.3000000000000003,0.0000,0.0000
2004,2,9,20,0,-4.1000000000000005,0,0,0,3.4000000000000004,0.0000,0.0000
2004,2,9,20,30,-4.5,0,0,0,3.4000000000000004,0.0000,0.0000
2004,2,9,21,0,-5,0,0,0,3.4000000000000004,0.0000,0.0000
2004,2,9,21,30,-5.800000000000001,0,0,0,3.2,0.0000,0.0000
2004,2,9,22,0,-6.5,0,0,0,3,0.0000,0.0000
2004,2,9,22,30,-7.4,0,0,0,2.9000000000000004,0.0000,0.0000
2004,2,9,23,0,-8.200000000000001,0,0,0,2.7,0.0000,0.0000
2004,2,9,23,30,-9.1,0,0,0,2.6,0.0000,0.0000
2004,2,10,0,0,-10,0,0,0,2.5,0.0000,0.0000
2004,2,10,0,30,-10.8,0,0,0,2.5,0.0000,0.0000
2004,2,10,1,0,-11.5,0,0,0,2.4000000000000004,0.0000,0.0000
2004,2,10,1,30,-12.100000000000001,0,0,0,2.4000000000000004,0.0000,0.0000
2004,2,10,2,0,-12.700000000000001,0,0,0,2.4000000000000004,0.0000,0.0000
2004,2,10,2,30,-13.200000000000001,0,0,0,2.4000000000000004,0.0000,0.0000
2004,2,10,3,0,-13.700000000000001,0,0,0,2.4000000000000004,0.0000,0.0000
2004,2,10,3,30,-13.9,0,0,0,2.4000000000000004,0.0000,0.0000
2004,2,10,4,0,-14.200000000000001,0,0,0,2.4000000000000004,0.0000,0.0000
2004,2,10,4,30,-14.3,0,0,0,2.5,0.0000,0.0000
2004,2,10,5,0,-14.4,0,0,0,2.6,0.0000,0.0000
2004,2,10,5,30,-14.600000000000001,0,0,0,2.5,0.0000,0.0000
2004,2,10,6,0,-14.700000000000001,0,0,0,2.5,0.0000,0.0000
2004,2,10,6,30,-14.9,0,0,0,2.4000000000000004,0.0000,0.0000
2004,2,10,7,0,-15.100000000000001,0,0,0,2.3000000000000003,0.0000,0.0000
2004,2,10,7,30,-14.100000000000001,0,0,0,2.2,0.0000,0.0000
2004,2,10,8,0,-13.100000000000001,23,492,63,2.2,0.0000,0.0000
2004,2,10,8,30,-11.200000000000001,37,679,149,2.8000000000000003,0.0000,0.0000
2004,2,10,9,0,-9.200000000000001,49,782,241,3.4000000000000004,11.7064,8.9835
2004,2,10,9,30,-8.200000000000001,57,844,327,3.2,16.5329,12.7797
2004,2,10,10,0,-7.2,66,888,408,3.1,21.3692,16.5977
2004,2,10,10,30,-6,71,922,479,3.3000000000000003,25.7728,20.0799
2004,2,10,11,0,-4.800000000000001,75,948,537,3.5,29.4624,23.0004
2004,2,10,11,30,-3.8000000000000003,78,965,582,3.8000000000000003,32.3617,25.2959
2004,2,10,12,0,-2.8000000000000003,80,967,608,4,34.0879,26.6650
2004,2,10,12,30,-2,81,972,622,4.1000000000000005,35.0050,27.3915
2004,2,10,13,0,-1.3,81,970,621,4.2,34.9350,27.3358
2004,2,10,13,30,-0.8,80,958,599,4.2,33.5388,26.2324
2004,2,10,14,0,-0.4,78,947,567,4.1000000000000005,31.4547,24.5816
2004,2,10,14,30,-0.2,74,929,519,3.9000000000000004,28.3747,22.1436
2004,2,10,15,0,0,70,896,456,3.8000000000000003,24.4151,19.0120
2004,2,10,15,30,0.1,64,859,384,3.8000000000000003,19.9791,15.5051
2004,2,10,16,0,0.1,55,809,302,3.8000000000000003,15.1433,11.6905
2004,2,10,16,30,0,39,0,39,3.9000000000000004,1.8807,1.4407
2004,2,10,17,0,-0.2,10,0,10,4,0.0000,0.0000
2004,2,10,17,30,-0.6000000000000001,20,397,44,3.9000000000000004,0.0000,0.0000
2004,2,10,18,0,-1,0,0,0,3.8000000000000003,0.0000,0.0000
2004,2,10,18,30,-1.1,0,0,0,4,0.0000,0.0000
2004,2,10,19,0,-1.3,0,0,0,4.1000000000000005,0.0000,0.0000
2004,2,10,19,30,-1.7000000000000002,0,0,0,4,0.0000,0.0000
2004,2,10,20,0,-2.1,0,0,0,4,0.0000,0.0000
2004,2,10,20,30,-2.5,0,0,0,3.9000000000000004,0.0000,0.0000
2004,2,10,21,0,-2.9000000000000004,0,0,0,3.9000000000000004,0.0000,0.0000
2004,2,10,21,30,-2.8000000000000003,0,0,0,4,0.0000,0.0000
2004,2,10,22,0,-2.8000000000000003,0,0,0,4.2,0.0000,0.0000
2004,2,10,22,30,-2.5,0,0,0,4.2,0.0000,0.0000
2004,2,10,23,0,-2.3000000000000003,0,0,0,4.3,0.0000,0.0000
2004,2,10,23,30,-2.1,0,0,0,4.4,0.0000,0.0000
2004,2,11,0,0,-1.9000000000000001,0,0,0,4.5,0.0000,0.0000
2004,2,11,0,30,-1.6,0,0,0,4.5,0.0000,0.0000
2004,2,11,1,0,-1.4000000000000001,0,0,0,4.5,0.0000,0.0000
2004,2,11,1,30,-1.2000000000000002,0,0,0,4.5,0.0000,0.0000
2004,2,11,2,0,-1,0,0,0,4.5,0.0000,0.0000
2004,2,11,2,30,-0.9,0,0,0,4.7,0.0000,0.0000
2004,2,11,3,0,-0.7000000000000001,0,0,0,4.800000000000001,0.0000,0.0000
2004,2,11,3,30,-0.7000000000000001,0,0,0,5.1000000000000005,0.0000,0.0000
2004,2,11,4,0,-0.7000000000000001,0,0,0,5.5,0.0000,0.0000
2004,2,11,4,30,-1.1,0,0,0,5.7,0.0000,0.0000
2004,2,11,5,0,-1.5,0,0,0,6,0.0000,0.0000
2004,2,11,5,30,-2.3000000000000003,0,0,0,5.9,0.0000,0.0000
2004,2,11,6,0,-3.2,0,0,0,5.7,0.0000,0.0000
2004,2,11,6,30,-4.1000000000000005,0,0,0,5.6000000000000005,0.0000,0.0000
2004,2,11,7,0,-5,0,0,0,5.5,0.0000,0.0000
2004,2,11,7,30,-5.4,0,0,0,5.5,0.0000,0.0000
2004,2,11,8,0,-5.800000000000001,31,0,31,5.5,0.0000,0.0000
2004,2,11,8,30,-5.6000000000000005,38,684,154,5.7,0.0000,0.0000
2004,2,11,9,0,-5.5,48,792,246,6,11.9740,9.1930
2004,2,11,9,30,-5.300000000000001,56,862,335,6.4,16.9780,13.1285
2004,2,11,10,0,-5.1000000000000005,63,907,417,6.7,21.8886,17.0057
2004,2,11,10,30,-5,68,941,488,7.1000000000000005,26.3101,20.5030
2004,2,11,11,0,-4.800000000000001,74,961,547,7.4,30.0656,23.4754
2004,2,11,11,30,-4.7,77,977,592,7.6000000000000005,32.9749,25.7793
2004,2,11,12,0,-4.6000000000000005,82,982,622,7.800000000000001,34.9307,27.3283
2004,2,11,12,30,-4.6000000000000005,83,986,637,7.9,35.9066,28.1009
2004,2,11,13,0,-4.6000000000000005,90,973,635,8,35.7783,27.9994
2004,2,11,13,30,-4.800000000000001,89,967,618,8,34.6608,27.1140
2004,2,11,14,0,-5,94,939,583,8,32.3978,25.3227
2004,2,11,14,30,-5.5,90,919,534,7.9,29.2511,22.8319
2004,2,11,15,0,-5.9,87,881,471,7.800000000000001,25.2708,19.6828
2004,2,11,15,30,-6.5,80,841,397,7.6000000000000005,20.7040,16.0725
2004,2,11,16,0,-7.1000000000000005,69,793,314,7.4,15.7846,12.1905
2004,2,11,16,30,-7.7,58,709,223,7,10.7730,8.2565
2004,2,11,17,0,-8.4,42,600,132,6.6000000000000005,0.0000,0.0000
2004,2,11,17,30,-8.9,24,381,49,6.300000000000001,0.0000,0.0000
2004,2,11,18,0,-9.4,0,0,0,6.1000000000000005,0.0000,0.0000
2004,2,11,18,30,-9.600000000000001,0,0,0,6.1000000000000005,0.0000,0.0000
2004,2,11,19,0,-9.9,0,0,0,6.1000000000000005,0.0000,0.0000
2004,2,11,19,30,-10.100000000000001,0,0,0,6.1000000000000005,0.0000,0.0000
2004,2,11,20,0,-10.3,0,0,0,6.2,0.0000,0.0000
2004,2,11,20,30,-10.5,0,0,0,6.2,0.0000,0.0000
2004,2,11,21,0,-10.700000000000001,0,0,0,6.300000000000001,0.0000,0.0000
2004,2,11,21,30,-11,0,0,0,6.300000000000001,0.0000,0.0000
2004,2,11,22,0,-11.3,0,0,0,6.300000000000001,0.0000,0.0000
2004,2,11,22,30,-11.700000000000001,0,0,0,6.2,0.0000,0.0000
2004,2,11,23,0,-12,0,0,0,6.1000000000000005,0.0000,0.0000
2004,2,11,23,30,-12.5,0,0,0,5.800000000000001,0.0000,0.0000
2004,2,12,0,0,-12.9,0,0,0,5.6000000000000005,0.0000,0.0000
2004,2,12,0,30,-13.3,0,0,0,5.300000000000001,0.0000,0.0000
2004,2,12,1,0,-13.8,0,0,0,5,0.0000,0.0000
2004,2,12,1,30,-14,0,0,0,4.9,0.0000,0.0000
2004,2,12,2,0,-14.200000000000001,0,0,0,4.9,0.0000,0.0000
2004,2,12,2,30,-14.4,0,0,0,4.9,0.0000,0.0000
2004,2,12,3,0,-14.5,0,0,0,4.9,0.0000,0.0000
2004,2,12,3,30,-14.5,0,0,0,4.9,0.0000,0.0000
2004,2,12,4,0,-14.5,0,0,0,4.9,0.0000,0.0000
2004,2,12,4,30,-14.5,0,0,0,4.7,0.0000,0.0000
2004,2,12,5,0,-14.600000000000001,0,0,0,4.6000000000000005,0.0000,0.0000
2004,2,12,5,30,-14.600000000000001,0,0,0,4.5,0.0000,0.0000
2004,2,12,6,0,-14.700000000000001,0,0,0,4.4,0.0000,0.0000
2004,2,12,6,30,-14.700000000000001,0,0,0,4.2,0.0000,0.0000
2004,2,12,7,0,-14.8,0,0,0,4.1000000000000005,0.0000,0.0000
2004,2,12,7,30,-14.5,0,0,0,4.3,0.0000,0.0000
2004,2,12,8,0,-14.3,28,469,69,4.4,0.0000,0.0000
2004,2,12,8,30,-13.8,80,1,80,4.800000000000001,0.0000,0.0000
2004,2,12,9,0,-13.4,55,768,250,5.2,12.1944,9.3665
2004,2,12,9,30,-13,65,839,340,5,17.2741,13.3623
2004,2,12,10,0,-12.600000000000001,71,892,422,4.800000000000001,22.2009,17.2530
2004,2,12,10,30,-12.100000000000001,77,926,494,4.5,26.6867,20.8008
2004,2,12,11,0,-11.700000000000001,80,953,553,4.1000000000000005,30.4516,23.7811
2004,2,12,11,30,-11.200000000000001,83,969,599,3.9000000000000004,33.4201,26.1312
2004,2,12,12,0,-10.700000000000001,83,982,628,3.7,35.3236,27.6395
2004,2,12,12,30,-10.3,84,986,643,3.6,36.3020,28.4142
2004,2,12,13,0,-9.9,83,988,641,3.6,36.1736,28.3126
2004,2,12,13,30,-9.600000000000001,81,983,623,3.5,34.9973,27.3811
2004,2,12,14,0,-9.200000000000001,78,973,590,3.4000000000000004,32.8440,25.6755
2004,2,12,14,30,-9,75,956,542,3.3000000000000003,29.7439,23.2207
2004,2,12,15,0,-8.8,70,931,480,3.1,25.8066,20.1047
2004,2,12,15,30,-8.700000000000001,65,896,406,2.5,21.2208,16.4783
2004,2,12,16,0,-8.700000000000001,56,849,322,2,16.2259,12.5360
2004,2,12,16,30,-9.8,48,774,232,1.6,11.2290,8.6100
2004,2,12,17,0,-10.9,36,680,141,1.2000000000000002,0.0000,0.0000
2004,2,12,17,30,-12.5,21,481,55,1.4000000000000001,0.0000,0.0000
2004,2,12,18,0,-14.100000000000001,0,0,0,1.6,0.0000,0.0000
2004,2,12,18,30,-15.200000000000001,0,0,0,1.8,0.0000,0.0000
2004,2,12,19,0,-16.3,0,0,0,2,0.0000,0.0000
2004,2,12,19,30,-16.7,0,0,0,2.1,0.0000,0.0000
2004,2,12,20,0,-17.2,0,0,0,2.3000000000000003,0.0000,0.0000
2004,2,12,20,30,-17.2,0,0,0,2.4000000000000004,0.0000,0.0000
2004,2,12,21,0,-17.2,0,0,0,2.6,0.0000,0.0000
2004,2,12,21,30,-17,0,0,0,2.8000000000000003,0.0000,0.0000
2004,2,12,22,0,-16.8,0,0,0,3,0.0000,0.0000
2004,2,12,22,30,-16.5,0,0,0,3.2,0.0000,0.0000
2004,2,12,23,0,-16.2,0,0,0,3.4000000000000004,0.0000,0.0000
2004,2,12,23,30,-16,0,0,0,3.7,0.0000,0.0000
2004,2,13,0,0,-15.700000000000001,0,0,0,3.9000000000000004,0.0000,0.0000
2004,2,13,0,30,-15.600000000000001,0,0,0,4,0.0000,0.0000
2004,2,13,1,0,-15.4,0,0,0,4.1000000000000005,0.0000,0.0000
2004,2,13,1,30,-15.4,0,0,0,4.1000000000000005,0.0000,0.0000
2004,2,13,2,0,-15.4,0,0,0,4,0.0000,0.0000
2004,2,13,2,30,-15.5,0,0,0,4,0.0000,0.0000
2004,2,13,3,0,-15.5,0,0,0,4,0.0000,0.0000
2004,2,13,3,30,-15.5,0,0,0,4,0.0000,0.0000
2004,2,13,4,0,-15.5,0,0,0,4,0.0000,0.0000
2004,2,13,4,30,-15.5,0,0,0,4,0.0000,0.0000
2004,2,13,5,0,-15.5,0,0,0,4,0.0000,0.0000
2004,2,13,5,30,-15.5,0,0,0,4,0.0000,0.0000
2004,2,13,6,0,-15.4,0,0,0,4,0.0000,0.0000
2004,2,13,6,30,-14.9,0,0,0,4.3,0.0000,0.0000
2004,2,13,7,0,-14.4,0,0,0,4.6000000000000005,0.0000,0.0000
2004,2,13,7,30,-13.5,0,0,0,4.9,0.0000,0.0000
2004,2,13,8,0,-12.5,33,0,33,5.1000000000000005,0.0000,0.0000
2004,2,13,8,30,-11.5,101,15,104,5.1000000000000005,4.9575,3.7788
2004,2,13,9,0,-10.5,35,0,35,5.2,1.7111,1.3149
2004,2,13,9,30,-9.200000000000001,31,0,31,5.1000000000000005,1.5789,1.2218
2004,2,13,10,0,-8,97,0,97,5.1000000000000005,5.1148,3.9760
2004,2,13,10,30,-6.5,59,0,59,5.1000000000000005,3.1938,2.4899
2004,2,13,11,0,-5,61,0,61,5.1000000000000005,3.3652,2.6285
2004,2,13,11,30,-3.5,108,0,108,5.4,6.0361,4.7204
2004,2,13,12,0,-2,142,1,143,5.7,8.0564,6.3047
2004,2,13,12,30,-1.1,182,1,183,5.800000000000001,10.3477,8.1004
2004,2,13,13,0,-0.2,285,12,291,5.800000000000001,16.4476,12.8751
2004,2,13,13,30,0.1,216,3,217,5.5,12.2100,9.5542
2004,2,13,14,0,0.4,318,35,336,5.1000000000000005,18.7365,14.6494
2004,2,13,14,30,0.5,71,956,542,4.800000000000001,29.7997,23.2685
2004,2,13,15,0,0.6000000000000001,67,932,481,4.6000000000000005,25.9129,20.1918
2004,2,13,15,30,0.4,62,897,407,4.2,21.3220,16.5616
2004,2,13,16,0,0.2,54,849,324,3.8000000000000003,16.3661,12.6490
2004,2,13,16,30,-1,46,776,234,3.5,11.3480,8.7053
2004,2,13,17,0,-2.2,24,0,24,3.2,0.0000,0.0000
2004,2,13,17,30,-3.1,21,466,56,3.4000000000000004,0.0000,0.0000
2004,2,13,18,0,-4,0,0,0,3.5,0.0000,0.0000
2004,2,13,18,30,-4.4,0,0,0,3.7,0.0000,0.0000
2004,2,13,19,0,-4.7,0,0,0,4,0.0000,0.0000
2004,2,13,19,30,-5.1000000000000005,0,0,0,3.9000000000000004,0.0000,0.0000
2004,2,13,20,0,-5.6000000000000005,0,0,0,3.9000000000000004,0.0000,0.0000
2004,2,13,20,30,-6,0,0,0,3.8000000000000003,0.0000,0.0000
2004,2,13,21,0,-6.5,0,0,0,3.7,0.0000,0.0000
2004,2,13,21,30,-6.800000000000001,0,0,0,3.6,0.0000,0.0000
2004,2,13,22,0,-7.2,0,0,0,3.5,0.0000,0.0000
2004,2,13,22,30,-7.6000000000000005,0,0,0,3.3000000000000003,0.0000,0.0000
2004,2,13,23,0,-8,0,0,0,3.2,0.0000,0.0000
2004,2,13,23,30,-8.3,0,0,0,3,0.0000,0.0000
2004,2,14,0,0,-8.700000000000001,0,0,0,2.8000000000000003,0.0000,0.0000
2004,2,14,0,30,-9,0,0,0,2.6,0.0000,0.0000
2004,2,14,1,0,-9.3,0,0,0,2.4000000000000004,0.0000,0.0000
2004,2,14,1,30,-9.600000000000001,0,0,0,2.4000000000000004,0.0000,0.0000
2004,2,14,2,0,-10,0,0,0,2.3000000000000003,0.0000,0.0000
2004,2,14,2,30,-10.200000000000001,0,0,0,2.4000000000000004,0.0000,0.0000
2004,2,14,3,0,-10.4,0,0,0,2.5,0.0000,0.0000
2004,2,14,3,30,-10.600000000000001,0,0,0,2.9000000000000004,0.0000,0.0000
2004,2,14,4,0,-10.8,0,0,0,3.2,0.0000,0.0000
2004,2,14,4,30,-10.9,0,0,0,3.6,0.0000,0.0000
2004,2,14,5,0,-10.9,0,0,0,4,0.0000,0.0000
2004,2,14,5,30,-11,0,0,0,4.3,0.0000,0.0000
2004,2,14,6,0,-11,0,0,0,4.5,0.0000,0.0000
2004,2,14,6,30,-11.100000000000001,0,0,0,4.5,0.0000,0.0000
2004,2,14,7,0,-11.100000000000001,0,0,0,4.6000000000000005,0.0000,0.0000
2004,2,14,7,30,-10.8,0,0,0,4.9,0.0000,0.0000
2004,2,14,8,0,-10.5,30,448,73,5.2,0.0000,0.0000
2004,2,14,8,30,-10,46,629,161,5.4,7.6737,5.8509
2004,2,14,9,0,-9.4,57,748,254,5.6000000000000005,12.4458,9.5685
2004,2,14,9,30,-8.8,67,819,343,5.6000000000000005,17.5122,13.5561
2004,2,14,10,0,-8.1,72,875,425,5.6000000000000005,22.4614,17.4649
2004,2,14,10,30,-7.6000000000000005,77,909,495,5.6000000000000005,26.8489,20.9360
2004,2,14,11,0,-7.1000000000000005,79,939,554,5.6000000000000005,30.6190,23.9202
2004,2,14,11,30,-6.800000000000001,82,955,599,5.6000000000000005,33.5336,26.2280
2004,2,14,12,0,-6.5,81,969,629,5.6000000000000005,35.4947,27.7812
2004,2,14,12,30,-6.4,82,973,643,5.6000000000000005,36.4156,28.5107
2004,2,14,13,0,-6.300000000000001,80,976,641,5.6000000000000005,36.2873,28.4093
2004,2,14,13,30,-6.4,78,971,623,5.5,35.1107,27.4775
2004,2,14,14,0,-6.5,74,963,590,5.4,32.9561,25.7711
2004,2,14,14,30,-6.7,71,946,542,5.2,29.8547,23.3156
2004,2,14,15,0,-7,66,930,484,5.1000000000000005,26.1268,20.3628
2004,2,14,15,30,-7.4,61,896,411,4.7,21.5806,16.7670
2004,2,14,16,0,-7.9,54,849,327,4.4,16.5588,12.8028
2004,2,14,16,30,-9,46,777,237,3.6,11.5168,8.8388
2004,2,14,17,0,-10.100000000000001,35,668,145,2.8000000000000003,0.0000,0.0000
2004,2,14,17,30,-11.700000000000001,22,479,59,2.5,0.0000,0.0000
2004,2,14,18,0,-13.3,0,0,0,2.2,0.0000,0.0000
2004,2,14,18,30,-14.200000000000001,0,0,0,2.2,0.0000,0.0000
2004,2,14,19,0,-15.200000000000001,0,0,0,2.2,0.0000,0.0000
2004,2,14,19,30,-15.8,0,0,0,2.2,0.0000,0.0000
2004,2,14,20,0,-16.5,0,0,0,2.2,0.0000,0.0000
2004,2,14,20,30,-17,0,0,0,2.2,0.0000,0.0000
2004,2,14,21,0,-17.5,0,0,0,2.2,0.0000,0.0000
2004,2,14,21,30,-17.900000000000002,0,0,0,2.2,0.0000,0.0000
2004,2,14,22,0,-18.2,0,0,0,2.2,0.0000,0.0000
2004,2,14,22,30,-18.5,0,0,0,2.2,0.0000,0.0000
2004,2,14,23,0,-18.8,0,0,0,2.2,0.0000,0.0000
2004,2,14,23,30,-19,0,0,0,2.2,0.0000,0.0000
2004,2,15,0,0,-19.3,0,0,0,2.1,0.0000,0.0000
2004,2,15,0,30,-19.5,0,0,0,2.1,0.0000,0.0000
2004,2,15,1,0,-19.700000000000003,0,0,0,2.1,0.0000,0.0000
2004,2,15,1,30,-19.900000000000002,0,0,0,2.1,0.0000,0.0000
2004,2,15,2,0,-20,0,0,0,2,0.0000,0.0000
2004,2,15,2,30,-20.200000000000003,0,0,0,2,0.0000,0.0000
2004,2,15,3,0,-20.5,0,0,0,1.9000000000000001,0.0000,0.0000
2004,2,15,3,30,-20.700000000000003,0,0,0,1.9000000000000001,0.0000,0.0000
2004,2,15,4,0,-20.900000000000002,0,0,0,1.9000000000000001,0.0000,0.0000
2004,2,15,4,30,-21.1,0,0,0,1.8,0.0000,0.0000
2004,2,15,5,0,-21.3,0,0,0,1.8,0.0000,0.0000
2004,2,15,5,30,-21.6,0,0,0,1.8,0.0000,0.0000
2004,2,15,6,0,-21.900000000000002,0,0,0,1.8,0.0000,0.0000
2004,2,15,6,30,-22.1,0,0,0,1.8,0.0000,0.0000
2004,2,15,7,0,-22.400000000000002,0,0,0,1.8,0.0000,0.0000
2004,2,15,7,30,-21.5,0,0,0,1.7000000000000002,0.0000,0.0000
2004,2,15,8,0,-20.6,27,550,82,1.6,0.0000,0.0000
2004,2,15,8,30,-18.7,41,716,174,1.9000000000000001,8.2945,6.3265
2004,2,15,9,0,-16.7,50,814,268,2.3000000000000003,13.1634,10.1250
2004,2,15,9,30,-15.3,58,879,358,2.3000000000000003,18.3257,14.1911
2004,2,15,10,0,-13.8,64,923,441,2.2,23.3594,18.1680
2004,2,15,10,30,-12.600000000000001,69,954,513,2.3000000000000003,27.8820,21.7462
2004,2,15,11,0,-11.4,73,976,572,2.4000000000000004,31.6716,24.7467
2004,2,15,11,30,-10.5,76,991,617,2.4000000000000004,34.5995,27.0657
2004,2,15,12,0,-9.600000000000001,77,1000,647,2.5,36.5692,28.6261
2004,2,15,12,30,-9,78,1004,662,2.7,37.5498,29.4025
2004,2,15,13,0,-8.4,79,994,655,2.9000000000000004,37.1376,29.0788
2004,2,15,13,30,-8,78,988,637,3.1,35.9564,28.1432
2004,2,15,14,0,-7.5,78,975,604,3.3000000000000003,33.7944,26.4306
2004,2,15,14,30,-7.5,75,959,556,3.5,30.6816,23.9655
2004,2,15,15,0,-7.4,72,930,494,3.6,26.7211,20.8305
2004,2,15,15,30,-7.6000000000000005,67,887,417,3.5,21.9449,17.0547
2004,2,15,16,0,-7.9,61,833,333,3.3000000000000003,16.9045,13.0749
2004,2,15,16,30,-9.1,52,759,243,2.7,11.8339,9.0865
2004,2,15,17,0,-10.200000000000001,42,638,149,2.2,0.0000,0.0000
2004,2,15,17,30,-11.5,26,445,62,2.1,0.0000,0.0000
2004,2,15,18,0,-12.9,0,0,0,2.1,0.0000,0.0000
2004,2,15,18,30,-13.4,0,0,0,2.2,0.0000,0.0000
2004,2,15,19,0,-13.9,0,0,0,2.3000000000000003,0.0000,0.0000
2004,2,15,19,30,-13.8,0,0,0,2.4000000000000004,0.0000,0.0000
2004,2,15,20,0,-13.8,0,0,0,2.5,0.0000,0.0000
2004,2,15,20,30,-13.200000000000001,0,0,0,2.7,0.0000,0.0000
2004,2,15,21,0,-12.700000000000001,0,0,0,2.8000000000000003,0.0000,0.0000
2004,2,15,21,30,-12.100000000000001,0,0,0,2.9000000000000004,0.0000,0.0000
2004,2,15,22,0,-11.600000000000001,0,0,0,3,0.0000,0.0000
2004,2,15,22,30,-11.200000000000001,0,0,0,3.2,0.0000,0.0000
2004,2,15,23,0,-10.9,0,0,0,3.3000000000000003,0.0000,0.0000
2004,2,15,23,30,-10.9,0,0,0,3.3000000000000003,0.0000,0.0000
2004,2,16,0,0,-10.8,0,0,0,3.4000000000000004,0.0000,0.0000
2004,2,16,0,30,-10.9,0,0,0,3.4000000000000004,0.0000,0.0000
2004,2,16,1,0,-11,0,0,0,3.3000000000000003,0.0000,0.0000
2004,2,16,1,30,-11.100000000000001,0,0,0,3.3000000000000003,0.0000,0.0000
2004,2,16,2,0,-11.200000000000001,0,0,0,3.2,0.0000,0.0000
2004,2,16,2,30,-11.3,0,0,0,3.2,0.0000,0.0000
2004,2,16,3,0,-11.4,0,0,0,3.1,0.0000,0.0000
2004,2,16,3,30,-11.5,0,0,0,3.1,0.0000,0.0000
2004,2,16,4,0,-11.5,0,0,0,3,0.0000,0.0000
2004,2,16,4,30,-11.600000000000001,0,0,0,2.9000000000000004,0.0000,0.0000
2004,2,16,5,0,-11.600000000000001,0,0,0,2.9000000000000004,0.0000,0.0000
2004,2,16,5,30,-11.700000000000001,0,0,0,2.8000000000000003,0.0000,0.0000
2004,2,16,6,0,-11.8,0,0,0,2.7,0.0000,0.0000
2004,2,16,6,30,-11.9,0,0,0,2.7,0.0000,0.0000
2004,2,16,7,0,-12,0,0,0,2.6,0.0000,0.0000
2004,2,16,7,30,-11.100000000000001,0,0,0,2.9000000000000004,0.0000,0.0000
2004,2,16,8,0,-10.200000000000001,34,421,78,3.1,0.0000,0.0000
2004,2,16,8,30,-9.1,52,600,167,3.3000000000000003,7.9639,6.0766
2004,2,16,9,0,-8,66,712,259,3.4000000000000004,12.7524,9.8135
2004,2,16,9,30,-6.7,52,0,52,3.4000000000000004,2.6685,2.0672
2004,2,16,10,0,-5.4,78,0,78,3.4000000000000004,4.1411,3.2216
2004,2,16,10,30,-4.1000000000000005,156,2,156,3.5,8.4958,6.6276
2004,2,16,11,0,-2.8000000000000003,160,1,161,3.6,8.9306,6.9791
2004,2,16,11,30,-1.9000000000000001,268,11,274,3.4000000000000004,15.3913,12.0418
2004,2,16,12,0,-1,291,11,297,3.2,16.8133,13.1631
2004,2,16,12,30,-0.6000000000000001,335,37,356,2.9000000000000004,20.2247,15.8386
2004,2,16,13,0,-0.1,331,34,351,2.6,19.9317,15.6086
2004,2,16,13,30,0.1,302,29,318,2.2,17.9788,14.0740
2004,2,16,14,0,0.30000000000000004,304,39,325,1.7000000000000002,18.2148,14.2480
2004,2,16,14,30,0.4,314,103,366,1.4000000000000001,20.2331,15.8068
2004,2,16,15,0,0.5,282,61,310,1.1,16.8021,13.1009
2004,2,16,15,30,0.4,245,102,286,0.9,15.0844,11.7261
2004,2,16,16,0,0.30000000000000004,129,0,129,0.6000000000000001,6.5642,5.0788
2004,2,16,16,30,-0.1,65,670,236,0.5,11.5174,8.8475
2004,2,16,17,0,-0.6000000000000001,49,557,145,0.4,0.0000,0.0000
2004,2,16,17,30,-1.3,30,356,60,0.4,0.0000,0.0000
2004,2,16,18,0,-2,0,0,0,0.4,0.0000,0.0000
2004,2,16,18,30,-2.6,0,0,0,0.5,0.0000,0.0000
2004,2,16,19,0,-3.3000000000000003,0,0,0,0.6000000000000001,0.0000,0.0000
2004,2,16,19,30,-3.8000000000000003,0,0,0,0.7000000000000001,0.0000,0.0000
2004,2,16,20,0,-4.3,0,0,0,0.7000000000000001,0.0000,0.0000
2004,2,16,20,30,-4.800000000000001,0,0,0,0.9,0.0000,0.0000
2004,2,16,21,0,-5.4,0,0,0,1.1,0.0000,0.0000
2004,2,16,21,30,-5.9,0,0,0,1.2000000000000002,0.0000,0.0000
2004,2,16,22,0,-6.4,0,0,0,1.3,0.0000,0.0000
2004,2,16,22,30,-6.5,0,0,0,1.4000000000000001,0.0000,0.0000
2004,2,16,23,0,-6.6000000000000005,0,0,0,1.4000000000000001,0.0000,0.0000
2004,2,16,23,30,-6.7,0,0,0,1.4000000000000001,0.0000,0.0000
2004,2,17,0,0,-6.9,0,0,0,1.4000000000000001,0.0000,0.0000
2004,2,17,0,30,-7.2,0,0,0,1.5,0.0000,0.0000
2004,2,17,1,0,-7.5,0,0,0,1.5,0.0000,0.0000
2004,2,17,1,30,-7.7,0,0,0,1.5,0.0000,0.0000
2004,2,17,2,0,-7.800000000000001,0,0,0,1.5,0.0000,0.0000
2004,2,17,2,30,-8,0,0,0,1.6,0.0000,0.0000
2004,2,17,3,0,-8.200000000000001,0,0,0,1.6,0.0000,0.0000
2004,2,17,3,30,-8.3,0,0,0,1.6,0.0000,0.0000
2004,2,17,4,0,-8.4,0,0,0,1.6,0.0000,0.0000
2004,2,17,4,30,-8.1,0,0,0,1.5,0.0000,0.0000
2004,2,17,5,0,-7.9,0,0,0,1.3,0.0000,0.0000
2004,2,17,5,30,-7.5,0,0,0,1.1,0.0000,0.0000
2004,2,17,6,0,-7.1000000000000005,0,0,0,0.8,0.0000,0.0000
2004,2,17,6,30,-7.1000000000000005,0,0,0,0.6000000000000001,0.0000,0.0000
2004,2,17,7,0,-7.1000000000000005,0,0,0,0.4,0.0000,0.0000
2004,2,17,7,30,-6.7,12,172,15,0.7000000000000001,0.0000,0.0000
2004,2,17,8,0,-6.300000000000001,32,474,83,1,0.0000,0.0000
2004,2,17,8,30,-5.1000000000000005,12,0,12,1.4000000000000001,0.5726,0.4371
2004,2,17,9,0,-3.9000000000000004,66,0,66,1.8,3.2579,2.5083
2004,2,17,9,30,-2.7,68,819,356,2,18.3159,14.1934
2004,2,17,10,0,-1.5,75,869,438,2.2,23.3066,18.1364
2004,2,17,10,30,-0.7000000000000001,89,0,89,2.2,4.8569,3.7896
2004,2,17,11,0,0.2,85,928,568,2.1,31.5643,24.6712
2004,2,17,11,30,1,88,944,614,2.2,34.5480,27.0334
2004,2,17,12,0,1.7000000000000002,216,5,218,2.4000000000000004,12.3603,9.6781
2004,2,17,12,30,2.3000000000000003,207,3,209,2.6,11.8918,9.3140
2004,2,17,13,0,3,266,12,273,2.8000000000000003,15.5265,12.1604
2004,2,17,13,30,3.6,231,7,235,2.9000000000000004,13.3065,10.4179
2004,2,17,14,0,4.2,207,5,209,3.1,11.7325,9.1787
2004,2,17,14,30,4.3,221,10,226,2.9000000000000004,12.5157,9.7794
2004,2,17,15,0,4.5,248,42,267,2.6,14.4993,11.3076
2004,2,17,15,30,3.9000000000000004,145,0,145,2.5,7.6651,5.9602
2004,2,17,16,0,3.3000000000000003,153,15,158,2.5,8.0595,6.2381
2004,2,17,16,30,2.6,56,740,248,2.7,12.1293,9.3217
2004,2,17,17,0,1.9000000000000001,99,36,105,2.8000000000000003,5.0054,3.8151
2004,2,17,17,30,1.7000000000000002,28,443,67,3.2,0.0000,0.0000
2004,2,17,18,0,1.5,0,0,0,3.6,0.0000,0.0000
2004,2,17,18,30,1.4000000000000001,0,0,0,3.9000000000000004,0.0000,0.0000
2004,2,17,19,0,1.3,0,0,0,4.3,0.0000,0.0000
2004,2,17,19,30,1.1,0,0,0,4.5,0.0000,0.0000
2004,2,17,20,0,0.9,0,0,0,4.800000000000001,0.0000,0.0000
2004,2,17,20,30,0.7000000000000001,0,0,0,5.1000000000000005,0.0000,0.0000
2004,2,17,21,0,0.6000000000000001,0,0,0,5.4,0.0000,0.0000
2004,2,17,21,30,0.4,0,0,0,5.6000000000000005,0.0000,0.0000
2004,2,17,22,0,0.2,0,0,0,5.800000000000001,0.0000,0.0000
2004,2,17,22,30,0,0,0,0,6,0.0000,0.0000
2004,2,17,23,0,-0.1,0,0,0,6.1000000000000005,0.0000,0.0000
2004,2,17,23,30,-0.2,0,0,0,6.2,0.0000,0.0000
2004,2,18,0,0,-0.30000000000000004,0,0,0,6.2,0.0000,0.0000
2004,2,18,0,30,-0.4,0,0,0,6.2,0.0000,0.0000
2004,2,18,1,0,-0.5,0,0,0,6.2,0.0000,0.0000
2004,2,18,1,30,-0.6000000000000001,0,0,0,6,0.0000,0.0000
2004,2,18,2,0,-0.8,0,0,0,5.9,0.0000,0.0000
2004,2,18,2,30,-0.9,0,0,0,5.7,0.0000,0.0000
2004,2,18,3,0,-1,0,0,0,5.6000000000000005,0.0000,0.0000
2004,2,18,3,30,-1.1,0,0,0,5.4,0.0000,0.0000
2004,2,18,4,0,-1.2000000000000002,0,0,0,5.2,0.0000,0.0000
2004,2,18,4,30,-1.3,0,0,0,5,0.0000,0.0000
2004,2,18,5,0,-1.4000000000000001,0,0,0,4.800000000000001,0.0000,0.0000
2004,2,18,5,30,-1.6,0,0,0,4.5,0.0000,0.0000
2004,2,18,6,0,-1.8,0,0,0,4.3,0.0000,0.0000
2004,2,18,6,30,-1.9000000000000001,0,0,0,4.1000000000000005,0.0000,0.0000
2004,2,18,7,0,-2,0,0,0,3.9000000000000004,0.0000,0.0000
2004,2,18,7,30,-1.2000000000000002,5,0,5,4,0.0000,0.0000
2004,2,18,8,0,-0.4,27,0,27,4.1000000000000005,0.0000,0.0000
2004,2,18,8,30,0.5,46,641,174,3.8000000000000003,8.3097,6.3456
2004,2,18,9,0,1.4000000000000001,55,748,266,3.5,13.1644,10.1401
2004,2,18,9,30,2.3000000000000003,63,813,353,3.2,18.2078,14.1145
2004,2,18,10,0,3.2,69,861,433,2.9000000000000004,23.0939,17.9755
2004,2,18,10,30,4.2,75,893,503,2.8000000000000003,27.5051,21.4654
2004,2,18,11,0,5.2,78,916,560,2.6,31.1757,24.3714
2004,2,18,11,30,6.1000000000000005,82,935,607,2.5,34.2106,26.7732
2004,2,18,12,0,7.1000000000000005,85,942,636,2.3000000000000003,36.1172,28.2835
2004,2,18,12,30,7.800000000000001,275,1,276,2.1,15.7279,12.3201
2004,2,18,13,0,8.5,86,946,648,1.8,36.9104,28.9120
2004,2,18,13,30,8.9,84,941,631,1.7000000000000002,35.7866,28.0216
2004,2,18,14,0,9.200000000000001,82,934,600,1.5,33.7370,26.3973
2004,2,18,14,30,9.200000000000001,79,917,553,1.3,30.6781,23.9747
2004,2,18,15,0,9.1,75,893,492,1.2000000000000002,26.7703,20.8815
2004,2,18,15,30,8.200000000000001,69,858,420,1.1,22.2505,17.3058
2004,2,18,16,0,7.2,63,807,337,1,17.2322,13.3423
2004,2,18,16,30,5.7,54,731,247,1.2000000000000002,12.1071,9.3088
2004,2,18,17,0,4.1000000000000005,43,619,155,1.4000000000000001,7.3878,5.6325
2004,2,18,17,30,2.9000000000000004,28,435,68,1.5,0.0000,0.0000
2004,2,18,18,0,1.6,0,0,0,1.6,0.0000,0.0000
2004,2,18,18,30,1.1,0,0,0,1.7000000000000002,0.0000,0.0000
2004,2,18,19,0,0.7000000000000001,0,0,0,1.7000000000000002,0.0000,0.0000
2004,2,18,19,30,0.4,0,0,0,1.7000000000000002,0.0000,0.0000
2004,2,18,20,0,0.2,0,0,0,1.7000000000000002,0.0000,0.0000
2004,2,18,20,30,0,0,0,0,1.7000000000000002,0.0000,0.0000
2004,2,18,21,0,-0.2,0,0,0,1.6,0.0000,0.0000
2004,2,18,21,30,-0.30000000000000004,0,0,0,1.6,0.0000,0.0000
2004,2,18,22,0,-0.4,0,0,0,1.5,0.0000,0.0000
2004,2,18,22,30,-0.4,0,0,0,1.5,0.0000,0.0000
2004,2,18,23,0,-0.4,0,0,0,1.5,0.0000,0.0000
2004,2,18,23,30,-0.4,0,0,0,1.5,0.0000,0.0000
2004,2,19,0,0,-0.30000000000000004,0,0,0,1.5,0.0000,0.0000
2004,2,19,0,30,-0.2,0,0,0,1.5,0.0000,0.0000
2004,2,19,1,0,-0.1,0,0,0,1.6,0.0000,0.0000
2004,2,19,1,30,-0.1,0,0,0,1.5,0.0000,0.0000
2004,2,19,2,0,0,0,0,0,1.5,0.0000,0.0000
2004,2,19,2,30,0,0,0,0,1.4000000000000001,0.0000,0.0000
2004,2,19,3,0,0,0,0,0,1.4000000000000001,0.0000,0.0000
2004,2,19,3,30,0,0,0,0,1.5,0.0000,0.0000
2004,2,19,4,0,0,0,0,0,1.7000000000000002,0.0000,0.0000
2004,2,19,4,30,0,0,0,0,2.2,0.0000,0.0000
2004,2,19,5,0,0.1,0,0,0,2.6,0.0000,0.0000
2004,2,19,5,30,0,0,0,0,2.8000000000000003,0.0000,0.0000
2004,2,19,6,0,-0.1,0,0,0,3.1,0.0000,0.0000
2004,2,19,6,30,-0.1,0,0,0,3,0.0000,0.0000
2004,2,19,7,0,-0.1,0,0,0,3,0.0000,0.0000
2004,2,19,7,30,0.2,6,0,6,2.7,0.0000,0.0000
2004,2,19,8,0,0.6000000000000001,22,0,22,2.3000000000000003,0.0000,0.0000
2004,2,19,8,30,1.1,5,0,5,1.9000000000000001,0.2390,0.1826
2004,2,19,9,0,1.6,26,0,26,1.4000000000000001,1.2901,0.9942
2004,2,19,9,30,2.3000000000000003,128,6,131,1.6,6.7746,5.2534
2004,2,19,10,0,3,72,0,72,1.7000000000000002,3.8489,2.9966
2004,2,19,10,30,4,148,2,149,2,8.1638,6.3724
2004,2,19,11,0,4.9,312,91,360,2.2,20.0781,15.6985
2004,2,19,11,30,5.800000000000001,237,10,243,2.2,13.7178,10.7371
2004,2,19,12,0,6.7,196,3,198,2.2,11.2615,8.8201
2004,2,19,12,30,7.300000000000001,177,2,178,2.2,10.1585,7.9584
2004,2,19,13,0,8,131,1,131,2.1,7.4730,5.8544
2004,2,19,13,30,8.200000000000001,270,17,280,2,15.9042,12.4549
2004,2,19,14,0,8.4,331,168,425,1.9000000000000001,23.9357,18.7309
2004,2,19,14,30,7.9,221,1,222,1.6,12.3374,9.6432
2004,2,19,15,0,7.5,266,64,296,1.4000000000000001,16.1369,12.5896
2004,2,19,15,30,6.4,89,773,408,1.3,21.6611,16.8515
2004,2,19,16,0,5.2,163,3,164,1.3,8.4063,6.5109
2004,2,19,16,30,4.2,77,2,77,1.6,3.7830,2.9100
2004,2,19,17,0,3.2,62,3,63,2,3.0030,2.2902
2004,2,19,17,30,3,22,0,22,2.8000000000000003,0.0000,0.0000
2004,2,19,18,0,2.8000000000000003,0,0,0,3.6,0.0000,0.0000
2004,2,19,18,30,2.5,0,0,0,3.9000000000000004,0.0000,0.0000
2004,2,19,19,0,2.2,0,0,0,4.2,0.0000,0.0000
2004,2,19,19,30,1.7000000000000002,0,0,0,4.1000000000000005,0.0000,0.0000
2004,2,19,20,0,1.3,0,0,0,4.1000000000000005,0.0000,0.0000
2004,2,19,20,30,1.1,0,0,0,4.2,0.0000,0.0000
2004,2,19,21,0,0.9,0,0,0,4.3,0.0000,0.0000
2004,2,19,21,30,0.8,0,0,0,4.6000000000000005,0.0000,0.0000
2004,2,19,22,0,0.6000000000000001,0,0,0,4.800000000000001,0.0000,0.0000
2004,2,19,22,30,0.5,0,0,0,5,0.0000,0.0000
2004,2,19,23,0,0.30000000000000004,0,0,0,5.300000000000001,0.0000,0.0000
2004,2,19,23,30,0.2,0,0,0,5.6000000000000005,0.0000,0.0000
2004,2,20,0,0,0.1,0,0,0,6,0.0000,0.0000
2004,2,20,0,30,0,0,0,0,6.300000000000001,0.0000,0.0000
2004,2,20,1,0,-0.2,0,0,0,6.6000000000000005,0.0000,0.0000
2004,2,20,1,30,-0.4,0,0,0,7,0.0000,0.0000
2004,2,20,2,0,-0.7000000000000001,0,0,0,7.5,0.0000,0.0000
2004,2,20,2,30,-1,0,0,0,7.6000000000000005,0.0000,0.0000
2004,2,20,3,0,-1.2000000000000002,0,0,0,7.7,0.0000,0.0000
2004,2,20,3,30,-1.4000000000000001,0,0,0,7.800000000000001,0.0000,0.0000
2004,2,20,4,0,-1.6,0,0,0,8,0.0000,0.0000
2004,2,20,4,30,-1.7000000000000002,0,0,0,8,0.0000,0.0000
2004,2,20,5,0,-1.7000000000000002,0,0,0,8,0.0000,0.0000
2004,2,20,5,30,-1.7000000000000002,0,0,0,8,0.0000,0.0000
2004,2,20,6,0,-1.7000000000000002,0,0,0,8,0.0000,0.0000
2004,2,20,6,30,-1.6,0,0,0,8,0.0000,0.0000
2004,2,20,7,0,-1.4000000000000001,0,0,0,8.1,0.0000,0.0000
2004,2,20,7,30,-0.8,6,0,6,8.3,0.0000,0.0000
2004,2,20,8,0,-0.2,36,495,97,8.5,0.0000,0.0000
2004,2,20,8,30,0.6000000000000001,52,654,189,8.5,9.0471,6.9152
2004,2,20,9,0,1.5,62,766,284,8.5,14.1297,10.8937
2004,2,20,9,30,2.5,71,832,375,8.6,19.4431,15.0824
2004,2,20,10,0,3.5,73,892,458,8.6,24.5381,19.1091
2004,2,20,10,30,4.5,77,916,526,8.700000000000001,28.8782,22.5458
2004,2,20,11,0,5.5,76,949,585,8.8,32.6854,25.5600
2004,2,20,11,30,6.300000000000001,79,963,629,8.9,35.5667,27.8424
2004,2,20,12,0,7,88,959,659,8.9,37.5402,29.4055
2004,2,20,12,30,7.5,89,964,673,9,38.4664,30.1393
2004,2,20,13,0,8,89,964,671,9.1,38.3345,30.0348
2004,2,20,13,30,8.1,88,959,653,9.1,37.1467,29.0939
2004,2,20,14,0,8.200000000000001,87,946,620,9,34.9752,27.3737
2004,2,20,14,30,7.9,84,935,575,8.9,32.0107,25.0242
2004,2,20,15,0,7.7,80,908,513,8.700000000000001,28.0203,21.8649
2004,2,20,15,30,7,74,873,439,8.200000000000001,23.3581,18.1762
2004,2,20,16,0,6.2,68,821,354,7.6000000000000005,18.1889,14.0924
2004,2,20,16,30,4.800000000000001,153,6,154,6.7,7.5832,5.8357
2004,2,20,17,0,3.4000000000000004,47,639,167,5.800000000000001,7.9625,6.0746
2004,2,20,17,30,2.1,31,460,77,5.300000000000001,0.0000,0.0000
2004,2,20,18,0,0.8,0,0,0,4.9,0.0000,0.0000
2004,2,20,18,30,-0.1,0,0,0,4.5,0.0000,0.0000
2004,2,20,19,0,-0.9,0,0,0,4,0.0000,0.0000
2004,2,20,19,30,-1.5,0,0,0,3.8000000000000003,0.0000,0.0000
2004,2,20,20,0,-2.1,0,0,0,3.6,0.0000,0.0000
2004,2,20,20,30,-2.4000000000000004,0,0,0,3.6,0.0000,0.0000
2004,2,20,21,0,-2.6,0,0,0,3.6,0.0000,0.0000
2004,2,20,21,30,-2.8000000000000003,0,0,0,3.6,0.0000,0.0000
2004,2,20,22,0,-3,0,0,0,3.5,0.0000,0.0000
2004,2,20,22,30,-3.2,0,0,0,3.4000000000000004,0.0000,0.0000
2004,2,20,23,0,-3.4000000000000004,0,0,0,3.3000000000000003,0.0000,0.0000
2004,2,20,23,30,-3.5,0,0,0,3.3000000000000003,0.0000,0.0000
2004,2,21,0,0,-3.6,0,0,0,3.2,0.0000,0.0000
2004,2,21,0,30,-3.7,0,0,0,3.2,0.0000,0.0000
2004,2,21,1,0,-3.8000000000000003,0,0,0,3.2,0.0000,0.0000
2004,2,21,1,30,-3.8000000000000003,0,0,0,3.2,0.0000,0.0000
2004,2,21,2,0,-3.8000000000000003,0,0,0,3.3000000000000003,0.0000,0.0000
2004,2,21,2,30,-3.8000000000000003,0,0,0,3.2,0.0000,0.0000
2004,2,21,3,0,-3.8000000000000003,0,0,0,3.2,0.0000,0.0000
2004,2,21,3,30,-3.7,0,0,0,3.1,0.0000,0.0000
2004,2,21,4,0,-3.7,0,0,0,3,0.0000,0.0000
2004,2,21,4,30,-3.7,0,0,0,2.9000000000000004,0.0000,0.0000
2004,2,21,5,0,-3.6,0,0,0,2.8000000000000003,0.0000,0.0000
2004,2,21,5,30,-3.5,0,0,0,2.7,0.0000,0.0000
2004,2,21,6,0,-3.4000000000000004,0,0,0,2.6,0.0000,0.0000
2004,2,21,6,30,-2.9000000000000004,0,0,0,2.9000000000000004,0.0000,0.0000
2004,2,21,7,0,-2.3000000000000003,0,0,0,3.1,0.0000,0.0000
2004,2,21,7,30,-0.9,15,306,26,3.4000000000000004,0.0000,0.0000
2004,2,21,8,0,0.5,31,566,103,3.8000000000000003,0.0000,0.0000
2004,2,21,8,30,1.9000000000000001,43,712,195,3.6,9.3479,7.1487
2004,2,21,9,0,3.3000000000000003,52,801,289,3.3000000000000003,14.4173,11.1206
2004,2,21,9,30,5.2,60,861,379,3.4000000000000004,19.7007,15.2872
2004,2,21,10,0,7.2,66,901,460,3.4000000000000004,24.7017,19.2413
2004,2,21,10,30,8.4,71,931,531,3.5,29.2106,22.8097
2004,2,21,11,0,9.5,75,958,593,3.5,33.1909,25.9594
2004,2,21,11,30,10,409,172,508,3.3000000000000003,28.7727,22.5271
2004,2,21,12,0,10.5,427,188,539,3.2,30.7518,24.0911
2004,2,21,12,30,10.700000000000001,92,965,682,3.1,39.0388,30.5915
2004,2,21,13,0,10.9,298,436,563,3.1,32.2125,25.2413
2004,2,21,13,30,10.9,294,428,549,3,31.2781,24.5006
2004,2,21,14,0,10.9,266,462,529,3,29.8884,23.3957
2004,2,21,14,30,10.600000000000001,235,490,495,2.9000000000000004,27.6044,21.5830
2004,2,21,15,0,10.200000000000001,238,400,430,2.8000000000000003,23.5324,18.3665
2004,2,21,15,30,8.9,198,396,365,2.2,19.4614,15.1475
2004,2,21,16,0,7.6000000000000005,174,358,300,1.6,15.4510,11.9751
2004,2,21,16,30,5.800000000000001,142,292,223,1.7000000000000002,11.0069,8.4742
2004,2,21,17,0,4,101,12,104,1.8,4.9611,3.7862
2004,2,21,17,30,3.5,42,2,42,2,0.0000,0.0000
2004,2,21,18,0,2.9000000000000004,0,0,0,2.3000000000000003,0.0000,0.0000
2004,2,21,18,30,2.8000000000000003,0,0,0,2.5,0.0000,0.0000
2004,2,21,19,0,2.7,0,0,0,2.6,0.0000,0.0000
2004,2,21,19,30,2.5,0,0,0,2.6,0.0000,0.0000
2004,2,21,20,0,2.3000000000000003,0,0,0,2.6,0.0000,0.0000
2004,2,21,20,30,2.2,0,0,0,2.8000000000000003,0.0000,0.0000
2004,2,21,21,0,2.1,0,0,0,2.9000000000000004,0.0000,0.0000
2004,2,21,21,30,2.1,0,0,0,3.2,0.0000,0.0000
2004,2,21,22,0,2.1,0,0,0,3.5,0.0000,0.0000
2004,2,21,22,30,2,0,0,0,3.7,0.0000,0.0000
2004,2,21,23,0,1.9000000000000001,0,0,0,3.9000000000000004,0.0000,0.0000
2004,2,21,23,30,1.7000000000000002,0,0,0,4.1000000000000005,0.0000,0.0000
2004,2,22,0,0,1.5,0,0,0,4.3,0.0000,0.0000
2004,2,22,0,30,1.4000000000000001,0,0,0,4.5,0.0000,0.0000
2004,2,22,1,0,1.2000000000000002,0,0,0,4.7,0.0000,0.0000
2004,2,22,1,30,1,0,0,0,4.9,0.0000,0.0000
2004,2,22,2,0,0.9,0,0,0,5.1000000000000005,0.0000,0.0000
2004,2,22,2,30,0.7000000000000001,0,0,0,5,0.0000,0.0000
2004,2,22,3,0,0.6000000000000001,0,0,0,4.9,0.0000,0.0000
2004,2,22,3,30,0.8,0,0,0,5,0.0000,0.0000
2004,2,22,4,0,1,0,0,0,5,0.0000,0.0000
2004,2,22,4,30,1.2000000000000002,0,0,0,5.300000000000001,0.0000,0.0000
2004,2,22,5,0,1.4000000000000001,0,0,0,5.6000000000000005,0.0000,0.0000
2004,2,22,5,30,1.3,0,0,0,5.4,0.0000,0.0000
2004,2,22,6,0,1.2000000000000002,0,0,0,5.2,0.0000,0.0000
2004,2,22,6,30,1.2000000000000002,0,0,0,4.800000000000001,0.0000,0.0000
2004,2,22,7,0,1.1,0,0,0,4.4,0.0000,0.0000
2004,2,22,7,30,1.8,14,0,14,4.4,0.0000,0.0000
2004,2,22,8,0,2.5,43,2,43,4.5,0.0000,0.0000
2004,2,22,8,30,3.7,118,40,127,4.7,6.0984,4.6661
2004,2,22,9,0,4.800000000000001,67,725,285,5,14.2576,11.0025
2004,2,22,9,30,6,76,791,373,4.7,19.4394,15.0895
2004,2,22,10,0,7.1000000000000005,85,835,454,4.5,24.4345,19.0378
2004,2,22,10,30,7.9,232,411,438,3.9000000000000004,24.1418,18.8551
2004,2,22,11,0,8.6,252,431,488,3.4000000000000004,27.3628,21.4045
2004,2,22,11,30,9.1,179,0,179,3.1,10.1546,7.9514
2004,2,22,12,0,9.600000000000001,420,74,465,2.8000000000000003,26.5701,20.8177
2004,2,22,12,30,10,380,23,394,2.9000000000000004,22.5862,17.7010
2004,2,22,13,0,10.4,417,231,559,3.1,32.0307,25.1018
2004,2,22,13,30,10.700000000000001,402,244,548,3.3000000000000003,31.2679,24.4956
2004,2,22,14,0,10.9,104,897,619,3.6,35.0290,27.4232
2004,2,22,14,30,11,100,882,572,3.8000000000000003,31.9524,24.9863
2004,2,22,15,0,11.100000000000001,90,868,512,3.9000000000000004,28.0719,21.9134
2004,2,22,15,30,10.600000000000001,83,832,438,3.6,23.4036,18.2203
2004,2,22,16,0,10.100000000000001,72,800,358,3.2,18.4818,14.3285
2004,2,22,16,30,7.800000000000001,62,728,266,2.4000000000000004,13.1595,10.1357
2004,2,22,17,0,5.6000000000000005,48,633,173,1.7000000000000002,8.2581,6.3047
2004,2,22,17,30,4.1000000000000005,32,465,83,1.7000000000000002,0.0000,0.0000
2004,2,22,18,0,2.7,11,168,15,1.8,0.0000,0.0000
2004,2,22,18,30,2.1,0,0,0,1.8,0.0000,0.0000
2004,2,22,19,0,1.5,0,0,0,1.9000000000000001,0.0000,0.0000
2004,2,22,19,30,0.9,0,0,0,1.9000000000000001,0.0000,0.0000
2004,2,22,20,0,0.4,0,0,0,1.8,0.0000,0.0000
2004,2,22,20,30,-0.2,0,0,0,1.8,0.0000,0.0000
2004,2,22,21,0,-0.7000000000000001,0,0,0,1.8,0.0000,0.0000
2004,2,22,21,30,-1.1,0,0,0,1.9000000000000001,0.0000,0.0000
2004,2,22,22,0,-1.6,0,0,0,2,0.0000,0.0000
2004,2,22,22,30,-1.9000000000000001,0,0,0,2.1,0.0000,0.0000
2004,2,22,23,0,-2.2,0,0,0,2.2,0.0000,0.0000
2004,2,22,23,30,-2.4000000000000004,0,0,0,2.3000000000000003,0.0000,0.0000
2004,2,23,0,0,-2.6,0,0,0,2.5,0.0000,0.0000
2004,2,23,0,30,-2.8000000000000003,0,0,0,2.6,0.0000,0.0000
2004,2,23,1,0,-3,0,0,0,2.7,0.0000,0.0000
2004,2,23,1,30,-3.1,0,0,0,2.8000000000000003,0.0000,0.0000
2004,2,23,2,0,-3.1,0,0,0,2.9000000000000004,0.0000,0.0000
2004,2,23,2,30,-3.1,0,0,0,3.1,0.0000,0.0000
2004,2,23,3,0,-3.1,0,0,0,3.3000000000000003,0.0000,0.0000
2004,2,23,3,30,-3,0,0,0,3.4000000000000004,0.0000,0.0000
2004,2,23,4,0,-2.9000000000000004,0,0,0,3.5,0.0000,0.0000
2004,2,23,4,30,-2.9000000000000004,0,0,0,3.4000000000000004,0.0000,0.0000
2004,2,23,5,0,-2.9000000000000004,0,0,0,3.4000000000000004,0.0000,0.0000
2004,2,23,5,30,-3,0,0,0,3.3000000000000003,0.0000,0.0000
2004,2,23,6,0,-3.2,0,0,0,3.2,0.0000,0.0000
2004,2,23,6,30,-3.1,0,0,0,3.3000000000000003,0.0000,0.0000
2004,2,23,7,0,-3.1,0,0,0,3.4000000000000004,0.0000,0.0000
2004,2,23,7,30,-2.6,5,0,5,3.7,0.0000,0.0000
2004,2,23,8,0,-2.1,41,475,106,4,0.0000,0.0000
2004,2,23,8,30,-1.2000000000000002,44,0,44,4.3,2.1167,1.6204
2004,2,23,9,0,-0.30000000000000004,62,0,62,4.5,3.1103,2.4013
2004,2,23,9,30,0.4,108,0,108,4.5,5.6431,4.3818
2004,2,23,10,0,1.2000000000000002,147,0,147,4.5,7.9292,6.1794
2004,2,23,10,30,1.8,133,0,134,4.5,7.4005,5.7810
2004,2,23,11,0,2.4000000000000004,246,4,248,4.4,13.9301,10.8985
2004,2,23,11,30,3,268,5,271,4.4,15.3985,12.0592
2004,2,23,12,0,3.5,266,3,267,4.3,15.2798,11.9732
2004,2,23,12,30,3.9000000000000004,302,11,309,4.2,17.7397,13.9044
2004,2,23,13,0,4.3,192,0,192,4.1000000000000005,11.0175,8.6352
2004,2,23,13,30,4.4,289,8,294,3.9000000000000004,16.7998,13.1628
2004,2,23,14,0,4.6000000000000005,238,1,239,3.7,13.5461,10.6062
2004,2,23,14,30,4.5,201,1,202,3.6,11.3027,8.8399
2004,2,23,15,0,4.5,159,0,160,3.5,8.7885,6.8617
2004,2,23,15,30,4,119,0,119,3.4000000000000004,6.3719,4.9619
2004,2,23,16,0,3.6,125,1,125,3.3000000000000003,6.4682,5.0162
2004,2,23,16,30,1.9000000000000001,91,0,91,2.5,4.5128,3.4773
2004,2,23,17,0,0.1,68,1,68,1.7000000000000002,3.2488,2.4813
2004,2,23,17,30,-1.3,41,0,41,1.6,0.0000,0.0000
2004,2,23,18,0,-2.8000000000000003,2,0,2,1.6,0.0000,0.0000
2004,2,23,18,30,-3.2,0,0,0,1.7000000000000002,0.0000,0.0000
2004,2,23,19,0,-3.6,0,0,0,1.7000000000000002,0.0000,0.0000
2004,2,23,19,30,-3.8000000000000003,0,0,0,1.7000000000000002,0.0000,0.0000
2004,2,23,20,0,-4.1000000000000005,0,0,0,1.7000000000000002,0.0000,0.0000
2004,2,23,20,30,-4.2,0,0,0,1.6,0.0000,0.0000
2004,2,23,21,0,-4.4,0,0,0,1.5,0.0000,0.0000
2004,2,23,21,30,-4.5,0,0,0,1.4000000000000001,0.0000,0.0000
2004,2,23,22,0,-4.6000000000000005,0,0,0,1.3,0.0000,0.0000
2004,2,23,22,30,-4.6000000000000005,0,0,0,1.3,0.0000,0.0000
2004,2,23,23,0,-4.7,0,0,0,1.2000000000000002,0.0000,0.0000
2004,2,23,23,30,-4.6000000000000005,0,0,0,1.1,0.0000,0.0000
2004,2,24,0,0,-4.6000000000000005,0,0,0,1.1,0.0000,0.0000
2004,2,24,0,30,-4.3,0,0,0,1.1,0.0000,0.0000
2004,2,24,1,0,-4.1000000000000005,0,0,0,1.1,0.0000,0.0000
2004,2,24,1,30,-3.8000000000000003,0,0,0,1.2000000000000002,0.0000,0.0000
2004,2,24,2,0,-3.4000000000000004,0,0,0,1.2000000000000002,0.0000,0.0000
2004,2,24,2,30,-3,0,0,0,1.6,0.0000,0.0000
2004,2,24,3,0,-2.7,0,0,0,1.9000000000000001,0.0000,0.0000
2004,2,24,3,30,-2.6,0,0,0,2,0.0000,0.0000
2004,2,24,4,0,-2.5,0,0,0,2.1,0.0000,0.0000
2004,2,24,4,30,-2.5,0,0,0,2,0.0000,0.0000
2004,2,24,5,0,-2.5,0,0,0,1.9000000000000001,0.0000,0.0000
2004,2,24,5,30,-2.6,0,0,0,1.7000000000000002,0.0000,0.0000
2004,2,24,6,0,-2.6,0,0,0,1.6,0.0000,0.0000
2004,2,24,6,30,-2.3000000000000003,0,0,0,1.8,0.0000,0.0000
2004,2,24,7,0,-2,0,0,0,2,0.0000,0.0000
2004,2,24,7,30,-1.2000000000000002,3,0,3,2.4000000000000004,0.0000,0.0000
2004,2,24,8,0,-0.30000000000000004,16,0,16,2.9000000000000004,0.0000,0.0000
2004,2,24,8,30,0.1,25,0,25,2.9000000000000004,1.2050,0.9230
2004,2,24,9,0,0.6000000000000001,34,0,34,2.9000000000000004,1.7104,1.3211
2004,2,24,9,30,1,53,0,53,3,2.7766,2.1567
2004,2,24,10,0,1.4000000000000001,83,0,83,3,4.4872,3.4978
2004,2,24,10,30,2,87,0,87,3.1,4.8142,3.7614
2004,2,24,11,0,2.6,184,0,185,3.1,10.4094,8.1452
2004,2,24,11,30,3.1,175,0,175,3.1,9.9594,7.8007
2004,2,24,12,0,3.6,170,0,171,3.1,9.8007,7.6807
2004,2,24,12,30,3.9000000000000004,90,0,90,3,5.1744,4.0562
2004,2,24,13,0,4.3,138,0,138,3,7.9304,6.2163
2004,2,24,13,30,4.4,137,0,137,3,7.8402,6.1436
2004,2,24,14,0,4.5,169,0,169,3,9.5929,7.5120
2004,2,24,14,30,4.4,175,0,176,3,9.8640,7.7158
2004,2,24,15,0,4.2,118,0,118,3.1,6.4936,5.0708
2004,2,24,15,30,3.7,88,0,88,3,4.7215,3.6775
2004,2,24,16,0,3.2,66,0,66,2.9000000000000004,3.4231,2.6555
2004,2,24,16,30,1.3,40,0,40,2.1,1.9882,1.5327
2004,2,24,17,0,-0.6000000000000001,27,0,27,1.4000000000000001,1.2912,0.9866
2004,2,24,17,30,-2,25,0,25,1.4000000000000001,0.0000,0.0000
2004,2,24,18,0,-3.4000000000000004,4,0,4,1.3,0.0000,0.0000
2004,2,24,18,30,-3.7,0,0,0,1.3,0.0000,0.0000
2004,2,24,19,0,-4,0,0,0,1.3,0.0000,0.0000
2004,2,24,19,30,-4.2,0,0,0,1.3,0.0000,0.0000
2004,2,24,20,0,-4.4,0,0,0,1.4000000000000001,0.0000,0.0000
2004,2,24,20,30,-4.5,0,0,0,1.4000000000000001,0.0000,0.0000
2004,2,24,21,0,-4.6000000000000005,0,0,0,1.4000000000000001,0.0000,0.0000
2004,2,24,21,30,-4.5,0,0,0,1.4000000000000001,0.0000,0.0000
2004,2,24,22,0,-4.4,0,0,0,1.5,0.0000,0.0000
2004,2,24,22,30,-4,0,0,0,1.6,0.0000,0.0000
2004,2,24,23,0,-3.6,0,0,0,1.7000000000000002,0.0000,0.0000
2004,2,24,23,30,-3.3000000000000003,0,0,0,2,0.0000,0.0000
2004,2,25,0,0,-3.1,0,0,0,2.3000000000000003,0.0000,0.0000
2004,2,25,0,30,-3,0,0,0,2.4000000000000004,0.0000,0.0000
2004,2,25,1,0,-2.8000000000000003,0,0,0,2.5,0.0000,0.0000
2004,2,25,1,30,-2.8000000000000003,0,0,0,2.5,0.0000,0.0000
2004,2,25,2,0,-2.7,0,0,0,2.4000000000000004,0.0000,0.0000
2004,2,25,2,30,-2.7,0,0,0,2.4000000000000004,0.0000,0.0000
2004,2,25,3,0,-2.6,0,0,0,2.3000000000000003,0.0000,0.0000
2004,2,25,3,30,-2.6,0,0,0,2.3000000000000003,0.0000,0.0000
2004,2,25,4,0,-2.6,0,0,0,2.2,0.0000,0.0000
2004,2,25,4,30,-2.6,0,0,0,2.1,0.0000,0.0000
2004,2,25,5,0,-2.6,0,0,0,2,0.0000,0.0000
2004,2,25,5,30,-2.6,0,0,0,2.1,0.0000,0.0000
2004,2,25,6,0,-2.6,0,0,0,2.1,0.0000,0.0000
2004,2,25,6,30,-2.4000000000000004,0,0,0,2.4000000000000004,0.0000,0.0000
2004,2,25,7,0,-2.1,0,0,0,2.6,0.0000,0.0000
2004,2,25,7,30,-1.4000000000000001,7,0,7,3.1,0.0000,0.0000
2004,2,25,8,0,-0.6000000000000001,21,0,21,3.5,0.0000,0.0000
2004,2,25,8,30,-0.1,39,0,39,3.7,1.8838,1.4437
2004,2,25,9,0,0.4,62,0,62,3.8000000000000003,3.1280,2.4171
2004,2,25,9,30,1,75,0,75,3.8000000000000003,3.9393,3.0608
2004,2,25,10,0,1.6,163,0,163,3.8000000000000003,8.8317,6.8860
2004,2,25,10,30,2.2,127,0,127,3.7,7.0415,5.5026
2004,2,25,11,0,2.9000000000000004,222,0,222,3.7,12.5132,9.7929
2004,2,25,11,30,3.4000000000000004,187,0,187,3.6,10.6594,8.3500
2004,2,25,12,0,3.9000000000000004,226,0,226,3.5,12.9721,10.1674
2004,2,25,12,30,4.3,422,20,435,3.5,25.0455,19.6351
2004,2,25,13,0,4.6000000000000005,210,0,211,3.4000000000000004,12.1424,9.5191
2004,2,25,13,30,4.800000000000001,227,0,227,3.5,13.0092,10.1952
2004,2,25,14,0,4.9,223,0,223,3.6,12.6772,9.9285
2004,2,25,14,30,4.800000000000001,264,1,264,3.7,14.8200,11.5941
2004,2,25,15,0,4.7,235,1,235,3.9000000000000004,12.9551,10.1183
2004,2,25,15,30,4.2,270,17,278,3.8000000000000003,14.9464,11.6439
2004,2,25,16,0,3.8000000000000003,192,3,193,3.7,10.0331,7.7855
2004,2,25,16,30,1.9000000000000001,199,39,210,2.8000000000000003,10.4636,8.0693
2004,2,25,17,0,0.1,107,2,108,1.8,5.1708,3.9526
2004,2,25,17,30,-1.3,73,38,78,1.7000000000000002,0.0000,0.0000
2004,2,25,18,0,-2.7,14,1,14,1.6,0.0000,0.0000
2004,2,25,18,30,-3,0,0,0,1.7000000000000002,0.0000,0.0000
2004,2,25,19,0,-3.2,0,0,0,1.7000000000000002,0.0000,0.0000
2004,2,25,19,30,-3.3000000000000003,0,0,0,1.7000000000000002,0.0000,0.0000
2004,2,25,20,0,-3.5,0,0,0,1.8,0.0000,0.0000
2004,2,25,20,30,-3.4000000000000004,0,0,0,1.9000000000000001,0.0000,0.0000
2004,2,25,21,0,-3.3000000000000003,0,0,0,2,0.0000,0.0000
2004,2,25,21,30,-3.1,0,0,0,2.3000000000000003,0.0000,0.0000
2004,2,25,22,0,-2.9000000000000004,0,0,0,2.6,0.0000,0.0000
2004,2,25,22,30,-2.7,0,0,0,2.9000000000000004,0.0000,0.0000
2004,2,25,23,0,-2.6,0,0,0,3.2,0.0000,0.0000
2004,2,25,23,30,-2.8000000000000003,0,0,0,3.2,0.0000,0.0000
2004,2,26,0,0,-2.9000000000000004,0,0,0,3.2,0.0000,0.0000
2004,2,26,0,30,-3.2,0,0,0,3.1,0.0000,0.0000
2004,2,26,1,0,-3.5,0,0,0,3.1,0.0000,0.0000
2004,2,26,1,30,-3.6,0,0,0,3.2,0.0000,0.0000
2004,2,26,2,0,-3.8000000000000003,0,0,0,3.3000000000000003,0.0000,0.0000
2004,2,26,2,30,-3.8000000000000003,0,0,0,3.4000000000000004,0.0000,0.0000
2004,2,26,3,0,-3.9000000000000004,0,0,0,3.5,0.0000,0.0000
2004,2,26,3,30,-4,0,0,0,3.5,0.0000,0.0000
2004,2,26,4,0,-4,0,0,0,3.6,0.0000,0.0000
2004,2,26,4,30,-4,0,0,0,3.7,0.0000,0.0000
2004,2,26,5,0,-4,0,0,0,3.7,0.0000,0.0000
2004,2,26,5,30,-4,0,0,0,3.9000000000000004,0.0000,0.0000
2004,2,26,6,0,-4,0,0,0,4,0.0000,0.0000
2004,2,26,6,30,-3.6,0,0,0,4.3,0.0000,0.0000
2004,2,26,7,0,-3.3000000000000003,0,0,0,4.6000000000000005,0.0000,0.0000
2004,2,26,7,30,-2.2,22,311,41,4.800000000000001,0.0000,0.0000
2004,2,26,8,0,-1.2000000000000002,62,1,62,5,0.0000,0.0000
2004,2,26,8,30,0.5,52,695,218,5.6000000000000005,10.5538,8.0927
2004,2,26,9,0,2.3000000000000003,61,787,313,6.300000000000001,15.8367,12.2430
2004,2,26,9,30,3.4000000000000004,202,333,334,6.4,17.5882,13.6699
2004,2,26,10,0,4.6000000000000005,154,575,420,6.5,22.8079,17.7872
2004,2,26,10,30,5.5,178,536,456,6.5,25.3306,19.7981
2004,2,26,11,0,6.4,234,399,460,6.5,25.9715,20.3284
2004,2,26,11,30,7,173,643,560,6.5,31.9715,25.0481
2004,2,26,12,0,7.7,241,523,568,6.5,32.6500,25.5937
2004,2,26,12,30,8.1,210,613,600,6.5,34.5940,27.1240
2004,2,26,13,0,8.6,329,442,609,6.5,35.0957,27.5163
2004,2,26,13,30,8.8,318,451,598,6.5,34.3204,26.8997
2004,2,26,14,0,9,178,651,564,6.4,32.1118,25.1523
2004,2,26,14,30,8.9,200,618,542,6.300000000000001,30.4758,23.8455
2004,2,26,15,0,8.8,168,673,508,6.2,28.0556,21.9160
2004,2,26,15,30,8.1,84,829,453,5.6000000000000005,24.4028,19.0150
2004,2,26,16,0,7.5,154,439,318,5,16.5674,12.8596
2004,2,26,16,30,5.6000000000000005,65,727,281,4.1000000000000005,14.0339,10.8269
2004,2,26,17,0,3.6,51,642,188,3.2,9.0124,6.8921
2004,2,26,17,30,2.5,37,476,96,3.4000000000000004,0.0000,0.0000
2004,2,26,18,0,1.3,11,0,11,3.7,0.0000,0.0000
2004,2,26,18,30,1.1,0,0,0,4,0.0000,0.0000
2004,2,26,19,0,0.8,0,0,0,4.3,0.0000,0.0000
2004,2,26,19,30,0.4,0,0,0,4.3,0.0000,0.0000
2004,2,26,20,0,0,0,0,0,4.4,0.0000,0.0000
2004,2,26,20,30,-0.4,0,0,0,4.5,0.0000,0.0000
2004,2,26,21,0,-0.7000000000000001,0,0,0,4.5,0.0000,0.0000
2004,2,26,21,30,-1,0,0,0,4.7,0.0000,0.0000
2004,2,26,22,0,-1.2000000000000002,0,0,0,4.800000000000001,0.0000,0.0000
2004,2,26,22,30,-1.4000000000000001,0,0,0,4.9,0.0000,0.0000
2004,2,26,23,0,-1.6,0,0,0,5,0.0000,0.0000
2004,2,26,23,30,-1.7000000000000002,0,0,0,5.1000000000000005,0.0000,0.0000
2004,2,27,0,0,-1.9000000000000001,0,0,0,5.1000000000000005,0.0000,0.0000
2004,2,27,0,30,-2,0,0,0,5.2,0.0000,0.0000
2004,2,27,1,0,-2.1,0,0,0,5.2,0.0000,0.0000
2004,2,27,1,30,-2.2,0,0,0,5.2,0.0000,0.0000
2004,2,27,2,0,-2.3000000000000003,0,0,0,5.300000000000001,0.0000,0.0000
2004,2,27,2,30,-2.3000000000000003,0,0,0,5.300000000000001,0.0000,0.0000
2004,2,27,3,0,-2.3000000000000003,0,0,0,5.300000000000001,0.0000,0.0000
2004,2,27,3,30,-2.2,0,0,0,5.4,0.0000,0.0000
2004,2,27,4,0,-2.1,0,0,0,5.5,0.0000,0.0000
2004,2,27,4,30,-2,0,0,0,5.5,0.0000,0.0000
2004,2,27,5,0,-1.8,0,0,0,5.6000000000000005,0.0000,0.0000
2004,2,27,5,30,-1.7000000000000002,0,0,0,5.6000000000000005,0.0000,0.0000
2004,2,27,6,0,-1.5,0,0,0,5.6000000000000005,0.0000,0.0000
2004,2,27,6,30,-1.3,0,0,0,5.7,0.0000,0.0000
2004,2,27,7,0,-1,0,0,0,5.7,0.0000,0.0000
2004,2,27,7,30,0,27,2,27,5.800000000000001,0.0000,0.0000
2004,2,27,8,0,1,73,17,76,5.800000000000001,0.0000,0.0000
2004,2,27,8,30,2.7,133,21,138,6.300000000000001,6.6967,5.1379
2004,2,27,9,0,4.4,189,55,207,6.7,10.5034,8.1234
2004,2,27,9,30,6.1000000000000005,198,168,265,7.5,13.9900,10.8766
2004,2,27,10,0,7.9,232,240,344,8.200000000000001,18.7211,14.6032
2004,2,27,10,30,9.200000000000001,246,294,401,8.4,22.3180,17.4465
2004,2,27,11,0,10.4,346,131,421,8.6,23.8098,18.6391
2004,2,27,11,30,11.3,364,184,476,8.6,27.2179,21.3265
2004,2,27,12,0,12.200000000000001,266,396,516,8.6,29.7046,23.2875
2004,2,27,12,30,12.8,261,422,532,8.5,30.7169,24.0867
2004,2,27,13,0,13.4,255,442,538,8.4,31.0472,24.3447
2004,2,27,13,30,13.700000000000001,215,609,596,8.3,34.2542,26.8508
2004,2,27,14,0,14,191,657,583,8.200000000000001,33.2423,26.0409
2004,2,27,14,30,14,101,849,575,8,32.3820,25.3405
2004,2,27,15,0,14,96,823,515,7.7,28.4912,22.2599
2004,2,27,15,30,13.5,239,294,370,7.1000000000000005,19.9716,15.5654
2004,2,27,16,0,13,208,226,293,6.5,15.2994,11.8787
2004,2,27,16,30,11.5,175,50,190,5.7,9.5113,7.3406
2004,2,27,17,0,10,113,10,115,4.9,5.5205,4.2236
2004,2,27,17,30,8.4,42,399,93,4.6000000000000005,0.0000,0.0000
2004,2,27,18,0,6.800000000000001,15,0,15,4.3,0.0000,0.0000
2004,2,27,18,30,6.2,0,0,0,4.4,0.0000,0.0000
2004,2,27,19,0,5.5,0,0,0,4.5,0.0000,0.0000
2004,2,27,19,30,4.9,0,0,0,4.5,0.0000,0.0000
2004,2,27,20,0,4.3,0,0,0,4.5,0.0000,0.0000
2004,2,27,20,30,3.8000000000000003,0,0,0,4.4,0.0000,0.0000
2004,2,27,21,0,3.2,0,0,0,4.3,0.0000,0.0000
2004,2,27,21,30,2.8000000000000003,0,0,0,4.2,0.0000,0.0000
2004,2,27,22,0,2.4000000000000004,0,0,0,4,0.0000,0.0000
2004,2,27,22,30,2,0,0,0,4,0.0000,0.0000
2004,2,27,23,0,1.7000000000000002,0,0,0,3.9000000000000004,0.0000,0.0000
2004,2,27,23,30,1.5,0,0,0,3.9000000000000004,0.0000,0.0000
2004,2,28,0,0,1.3,0,0,0,3.8000000000000003,0.0000,0.0000
2004,2,28,0,30,1.3,0,0,0,4,0.0000,0.0000
2004,2,28,1,0,1.3,0,0,0,4.1000000000000005,0.0000,0.0000
2004,2,28,1,30,1.2000000000000002,0,0,0,4.2,0.0000,0.0000
2004,2,28,2,0,1,0,0,0,4.2,0.0000,0.0000
2004,2,28,2,30,0.9,0,0,0,4.1000000000000005,0.0000,0.0000
2004,2,28,3,0,0.7000000000000001,0,0,0,4.1000000000000005,0.0000,0.0000
2004,2,28,3,30,0.6000000000000001,0,0,0,4.1000000000000005,0.0000,0.0000
2004,2,28,4,0,0.5,0,0,0,4.1000000000000005,0.0000,0.0000
2004,2,28,4,30,0.5,0,0,0,4.3,0.0000,0.0000
2004,2,28,5,0,0.5,0,0,0,4.4,0.0000,0.0000
2004,2,28,5,30,0.4,0,0,0,4.5,0.0000,0.0000
2004,2,28,6,0,0.4,0,0,0,4.5,0.0000,0.0000
2004,2,28,6,30,0.8,0,0,0,4.800000000000001,0.0000,0.0000
2004,2,28,7,0,1.1,0,0,0,5.2,0.0000,0.0000
2004,2,28,7,30,2.4000000000000004,23,0,23,5.5,0.0000,0.0000
2004,2,28,8,0,3.6,79,5,79,5.9,0.0000,0.0000
2004,2,28,8,30,5.300000000000001,141,117,170,6.4,8.2699,6.3484
2004,2,28,9,0,6.9,195,101,228,6.9,11.6018,8.9766
2004,2,28,9,30,8.4,160,450,343,7.300000000000001,18.1544,14.1185
2004,2,28,10,0,9.9,185,458,402,7.7,21.9254,17.1064
2004,2,28,10,30,10.600000000000001,262,310,426,7.7,23.7540,18.5723
2004,2,28,11,0,11.4,202,513,498,7.7,28.2128,22.0891
2004,2,28,11,30,11.5,296,312,487,7.6000000000000005,27.8892,21.8552
2004,2,28,12,0,11.600000000000001,331,277,507,7.5,29.2286,22.9170
2004,2,28,12,30,11.600000000000001,245,557,604,7.5,34.9226,27.3876
2004,2,28,13,0,11.5,238,507,565,7.4,32.6498,25.6041
2004,2,28,13,30,11.4,261,447,542,7.4,31.1941,24.4548
2004,2,28,14,0,11.200000000000001,304,290,479,7.300000000000001,27.3517,21.4290
2004,2,28,14,30,11,298,184,402,7.1000000000000005,22.6742,17.7460
2004,2,28,15,0,10.8,280,159,362,7,20.0609,15.6759
2004,2,28,15,30,10.4,236,255,352,6.800000000000001,19.0363,14.8394
2004,2,28,16,0,10,209,118,254,6.5,13.2925,10.3234
2004,2,28,16,30,9.200000000000001,132,18,138,6,6.9249,5.3466
2004,2,28,17,0,8.5,62,2,62,5.5,2.9807,2.2814
2004,2,28,17,30,7.800000000000001,75,88,87,5.300000000000001,0.0000,0.0000
2004,2,28,18,0,7.2,18,102,22,5.1000000000000005,0.0000,0.0000
2004,2,28,18,30,6.4,0,0,0,4.5,0.0000,0.0000
2004,2,28,19,0,5.6000000000000005,0,0,0,3.9000000000000004,0.0000,0.0000
2004,2,28,19,30,4.9,0,0,0,3.8000000000000003,0.0000,0.0000
2004,2,28,20,0,4.2,0,0,0,3.6,0.0000,0.0000
2004,2,28,20,30,4.4,0,0,0,4.2,0.0000,0.0000
2004,2,28,21,0,4.6000000000000005,0,0,0,4.9,0.0000,0.0000
2004,2,28,21,30,5.1000000000000005,0,0,0,5.2,0.0000,0.0000
2004,2,28,22,0,5.5,0,0,0,5.5,0.0000,0.0000
2004,2,28,22,30,5.6000000000000005,0,0,0,5.4,0.0000,0.0000
2004,2,28,23,0,5.7,0,0,0,5.300000000000001,0.0000,0.0000
2004,2,28,23,30,5.7,0,0,0,5.1000000000000005,0.0000,0.0000
2004,3,1,0,0,4.6000000000000005,0,0,0,6.4,0.0000,0.0000
2004,3,1,0,30,4.4,0,0,0,6.300000000000001,0.0000,0.0000
2004,3,1,1,0,4.2,0,0,0,6.1000000000000005,0.0000,0.0000
2004,3,1,1,30,4,0,0,0,6,0.0000,0.0000
2004,3,1,2,0,3.7,0,0,0,5.800000000000001,0.0000,0.0000
2004,3,1,2,30,3.5,0,0,0,5.6000000000000005,0.0000,0.0000
2004,3,1,3,0,3.4000000000000004,0,0,0,5.5,0.0000,0.0000
2004,3,1,3,30,3.2,0,0,0,5.4,0.0000,0.0000
2004,3,1,4,0,3,0,0,0,5.300000000000001,0.0000,0.0000
2004,3,1,4,30,2.8000000000000003,0,0,0,5.1000000000000005,0.0000,0.0000
2004,3,1,5,0,2.6,0,0,0,5,0.0000,0.0000
2004,3,1,5,30,2.2,0,0,0,4.6000000000000005,0.0000,0.0000
2004,3,1,6,0,1.8,0,0,0,4.3,0.0000,0.0000
2004,3,1,6,30,1.6,0,0,0,3.8000000000000003,0.0000,0.0000
2004,3,1,7,0,1.4000000000000001,0,0,0,3.3000000000000003,0.0000,0.0000
2004,3,1,7,30,1.5,20,0,21,2.8000000000000003,0.0000,0.0000
2004,3,1,8,0,1.6,42,1,43,2.3000000000000003,0.0000,0.0000
2004,3,1,8,30,1.9000000000000001,127,38,137,2.1,2.1948,1.6858
2004,3,1,9,0,2.3000000000000003,19,0,19,1.8,1.4800,1.1456
2004,3,1,9,30,2.7,112,0,112,2.4000000000000004,4.4042,3.4261
2004,3,1,10,0,3.1,193,22,203,3.1,2.4051,1.8769
2004,3,1,10,30,3.5,238,39,259,3.9000000000000004,4.9163,3.8445
2004,3,1,11,0,3.8000000000000003,225,22,238,4.7,3.4048,2.6662
2004,3,1,11,30,4.4,254,24,269,5.4,9.2916,7.2822
2004,3,1,12,0,4.9,320,56,356,6.1000000000000005,6.0619,4.7534
2004,3,1,12,30,5.5,344,92,404,6.6000000000000005,7.6426,5.9942
2004,3,1,13,0,6.2,338,143,432,7,8.5640,6.7166
2004,3,1,13,30,6.7,294,164,398,7.2,7.0888,5.5579
2004,3,1,14,0,7.2,261,38,284,7.5,6.0614,4.7494
2004,3,1,14,30,7.2,247,51,276,7.5,2.4292,1.9014
2004,3,1,15,0,7.2,52,0,52,7.6000000000000005,5.7178,4.4687
2004,3,1,15,30,6.6000000000000005,32,0,32,7.9,4.0639,3.1686
2004,3,1,16,0,6,20,0,20,8.1,3.4616,2.6891
2004,3,1,16,30,5.1000000000000005,65,0,65,8.3,2.4143,1.8647
2004,3,1,17,0,4.2,20,0,20,8.5,1.5408,1.1798
2004,3,1,17,30,3.5,18,0,18,8.200000000000001,0.0000,0.0000
2004,3,1,18,0,2.8000000000000003,5,0,5,8,0.0000,0.0000
2004,3,1,18,30,2.1,0,0,0,7.5,0.0000,0.0000
2004,3,1,19,0,1.5,0,0,0,7,0.0000,0.0000
2004,3,1,19,30,0.8,0,0,0,6.6000000000000005,0.0000,0.0000
2004,3,1,20,0,0.1,0,0,0,6.2,0.0000,0.0000
2004,3,1,20,30,-0.5,0,0,0,5.9,0.0000,0.0000
2004,3,1,21,0,-1.2000000000000002,0,0,0,5.5,0.0000,0.0000
2004,3,1,21,30,-1.7000000000000002,0,0,0,5.300000000000001,0.0000,0.0000
2004,3,1,22,0,-2.1,0,0,0,5.1000000000000005,0.0000,0.0000
2004,3,1,22,30,-2.4000000000000004,0,0,0,4.9,0.0000,0.0000
2004,3,1,23,0,-2.7,0,0,0,4.7,0.0000,0.0000
2004,3,1,23,30,-2.7,0,0,0,4.6000000000000005,0.0000,0.0000
2004,3,2,0,0,-2.8000000000000003,0,0,0,4.5,0.0000,0.0000
2004,3,2,0,30,-2.8000000000000003,0,0,0,4.4,0.0000,0.0000
2004,3,2,1,0,-2.7,0,0,0,4.3,0.0000,0.0000
2004,3,2,1,30,-2.8000000000000003,0,0,0,4.2,0.0000,0.0000
2004,3,2,2,0,-2.9000000000000004,0,0,0,4,0.0000,0.0000
2004,3,2,2,30,-3.1,0,0,0,3.7,0.0000,0.0000
2004,3,2,3,0,-3.2,0,0,0,3.4000000000000004,0.0000,0.0000
2004,3,2,3,30,-3.3000000000000003,0,0,0,3.2,0.0000,0.0000
2004,3,2,4,0,-3.3000000000000003,0,0,0,3.1,0.0000,0.0000
2004,3,2,4,30,-3.3000000000000003,0,0,0,3.1,0.0000,0.0000
2004,3,2,5,0,-3.3000000000000003,0,0,0,3,0.0000,0.0000
2004,3,2,5,30,-3.2,0,0,0,3.1,0.0000,0.0000
2004,3,2,6,0,-3.1,0,0,0,3.1,0.0000,0.0000
2004,3,2,6,30,-2.6,0,0,0,3.5,0.0000,0.0000
2004,3,2,7,0,-2,0,0,0,4,0.0000,0.0000
2004,3,2,7,30,-1,15,0,15,4.4,0.0000,0.0000
2004,3,2,8,0,0,17,0,17,4.9,0.0000,0.0000
2004,3,2,8,30,0.7000000000000001,24,0,24,4.9,6.6999,5.1490
2004,3,2,9,0,1.4000000000000001,43,0,43,5,0.9724,0.7530
2004,3,2,9,30,1.8,83,0,84,4.800000000000001,5.9579,4.6361
2004,3,2,10,0,2.2,93,0,93,4.6000000000000005,11.1198,8.6795
2004,3,2,10,30,2.6,96,0,96,4.4,14.4965,11.3381
2004,3,2,11,0,2.9000000000000004,115,0,115,4.3,13.5282,10.5948
2004,3,2,11,30,3.1,159,0,159,4.1000000000000005,15.4519,12.1117
2004,3,2,12,0,3.4000000000000004,199,0,199,3.9000000000000004,20.5813,16.1405
2004,3,2,12,30,3.5,110,0,110,3.7,23.4223,18.3725
2004,3,2,13,0,3.7,179,0,180,3.5,25.0315,19.6339
2004,3,2,13,30,3.8000000000000003,172,0,172,3.4000000000000004,22.9688,18.0104
2004,3,2,14,0,3.9000000000000004,233,1,233,3.2,16.2633,12.7446
2004,3,2,14,30,3.9000000000000004,266,11,273,2.9000000000000004,15.6151,12.2244
2004,3,2,15,0,3.9000000000000004,302,62,335,2.7,2.8914,2.2601
2004,3,2,15,30,3.6,254,37,271,2.4000000000000004,1.7373,1.3548
2004,3,2,16,0,3.4000000000000004,147,2,148,2.1,1.0512,0.8169
2004,3,2,16,30,2.6,77,0,77,1.4000000000000001,3.2769,2.5319
2004,3,2,17,0,1.8,38,0,38,0.7000000000000001,0.9646,0.7390
2004,3,2,17,30,1,16,0,16,0.6000000000000001,0.0000,0.0000
2004,3,2,18,0,0.2,7,0,7,0.5,0.0000,0.0000
2004,3,2,18,30,-0.30000000000000004,0,0,0,0.7000000000000001,0.0000,0.0000
2004,3,2,19,0,-0.8,0,0,0,0.8,0.0000,0.0000
2004,3,2,19,30,-1.2000000000000002,0,0,0,0.8,0.0000,0.0000
2004,3,2,20,0,-1.6,0,0,0,0.9,0.0000,0.0000
2004,3,2,20,30,-1.8,0,0,0,0.9,0.0000,0.0000
2004,3,2,21,0,-2,0,0,0,1,0.0000,0.0000
2004,3,2,21,30,-2.1,0,0,0,1,0.0000,0.0000
2004,3,2,22,0,-2.2,0,0,0,1.1,0.0000,0.0000
2004,3,2,22,30,-2.1,0,0,0,1.1,0.0000,0.0000
2004,3,2,23,0,-2,0,0,0,1.1,0.0000,0.0000
2004,3,2,23,30,-1.8,0,0,0,1.2000000000000002,0.0000,0.0000
2004,3,3,0,0,-1.6,0,0,0,1.2000000000000002,0.0000,0.0000
2004,3,3,0,30,-1.4000000000000001,0,0,0,1.3,0.0000,0.0000
2004,3,3,1,0,-1.3,0,0,0,1.4000000000000001,0.0000,0.0000
2004,3,3,1,30,-1.2000000000000002,0,0,0,1.6,0.0000,0.0000
2004,3,3,2,0,-1.2000000000000002,0,0,0,1.9000000000000001,0.0000,0.0000
2004,3,3,2,30,-1.1,0,0,0,2.3000000000000003,0.0000,0.0000
2004,3,3,3,0,-1.1,0,0,0,2.6,0.0000,0.0000
2004,3,3,3,30,-1.1,0,0,0,2.7,0.0000,0.0000
2004,3,3,4,0,-1.1,0,0,0,2.8000000000000003,0.0000,0.0000
2004,3,3,4,30,-1.1,0,0,0,2.7,0.0000,0.0000
2004,3,3,5,0,-1.1,0,0,0,2.7,0.0000,0.0000
2004,3,3,5,30,-1.1,0,0,0,2.7,0.0000,0.0000
2004,3,3,6,0,-1.1,0,0,0,2.6,0.0000,0.0000
2004,3,3,6,30,-0.9,0,0,0,2.8000000000000003,0.0000,0.0000
2004,3,3,7,0,-0.8,0,0,0,2.9000000000000004,0.0000,0.0000
2004,3,3,7,30,-0.30000000000000004,15,0,15,3.2,0.0000,0.0000
2004,3,3,8,0,0.2,13,0,13,3.4000000000000004,0.8104,0.6177
2004,3,3,8,30,0.7000000000000001,12,0,12,3.8000000000000003,1.1769,0.9050
2004,3,3,9,0,1.1,53,0,53,4.1000000000000005,2.2070,1.7097
2004,3,3,9,30,1.7000000000000002,47,0,47,4.3,4.4794,3.4866
2004,3,3,10,0,2.3000000000000003,55,0,55,4.4,5.1052,3.9857
2004,3,3,10,30,2.7,132,2,133,4.5,5.3831,4.2110
2004,3,3,11,0,3.1,98,0,99,4.5,6.5473,5.1283
2004,3,3,11,30,3.2,84,0,84,4.6000000000000005,9.1468,7.1704
2004,3,3,12,0,3.2,116,0,116,4.7,11.5209,9.0360
2004,3,3,12,30,3.3000000000000003,84,0,84,4.7,6.3860,5.0097
2004,3,3,13,0,3.4000000000000004,116,0,116,4.6000000000000005,10.4437,8.1925
2004,3,3,13,30,3.6,154,1,155,4.4,9.9394,7.7945
2004,3,3,14,0,3.9000000000000004,154,2,155,4.2,13.3611,10.4715
2004,3,3,14,30,4.1000000000000005,89,0,89,4,15.4689,12.1115
2004,3,3,15,0,4.3,103,1,103,3.7,18.6588,14.5871
2004,3,3,15,30,4.2,110,2,111,3.2,14.7397,11.4969
2004,3,3,16,0,4.1000000000000005,157,17,163,2.8000000000000003,7.7954,6.0589
2004,3,3,16,30,3.4000000000000004,134,20,140,2,3.8913,3.0077
2004,3,3,17,0,2.6,84,7,86,1.2000000000000002,1.8359,1.4071
2004,3,3,17,30,1.6,38,1,38,1.2000000000000002,0.0000,0.0000
2004,3,3,18,0,0.7000000000000001,16,0,16,1.1,0.0000,0.0000
2004,3,3,18,30,0.30000000000000004,0,0,0,1.2000000000000002,0.0000,0.0000
2004,3,3,19,0,-0.2,0,0,0,1.3,0.0000,0.0000
2004,3,3,19,30,-0.5,0,0,0,1.4000000000000001,0.0000,0.0000
2004,3,3,20,0,-0.9,0,0,0,1.5,0.0000,0.0000
2004,3,3,20,30,-1.4000000000000001,0,0,0,1.6,0.0000,0.0000
2004,3,3,21,0,-1.9000000000000001,0,0,0,1.8,0.0000,0.0000
2004,3,3,21,30,-2.2,0,0,0,2,0.0000,0.0000
2004,3,3,22,0,-2.6,0,0,0,2.1,0.0000,0.0000
2004,3,3,22,30,-2.8000000000000003,0,0,0,2.3000000000000003,0.0000,0.0000
2004,3,3,23,0,-3,0,0,0,2.5,0.0000,0.0000
2004,3,3,23,30,-3.2,0,0,0,2.6,0.0000,0.0000
2004,3,4,0,0,-3.4000000000000004,0,0,0,2.7,0.0000,0.0000
2004,3,4,0,30,-3.5,0,0,0,2.6,0.0000,0.0000
2004,3,4,1,0,-3.6,0,0,0,2.6,0.0000,0.0000
2004,3,4,1,30,-3.6,0,0,0,2.8000000000000003,0.0000,0.0000
2004,3,4,2,0,-3.6,0,0,0,2.9000000000000004,0.0000,0.0000
2004,3,4,2,30,-3.5,0,0,0,3.1,0.0000,0.0000
2004,3,4,3,0,-3.4000000000000004,0,0,0,3.4000000000000004,0.0000,0.0000
2004,3,4,3,30,-3.5,0,0,0,3.1,0.0000,0.0000
2004,3,4,4,0,-3.5,0,0,0,2.9000000000000004,0.0000,0.0000
2004,3,4,4,30,-3.4000000000000004,0,0,0,2.7,0.0000,0.0000
2004,3,4,5,0,-3.3000000000000003,0,0,0,2.5,0.0000,0.0000
2004,3,4,5,30,-3.1,0,0,0,2.3000000000000003,0.0000,0.0000
2004,3,4,6,0,-3,0,0,0,2,0.0000,0.0000
2004,3,4,6,30,-2.7,0,0,0,1.9000000000000001,0.0000,0.0000
2004,3,4,7,0,-2.4000000000000004,0,0,0,1.8,0.0000,0.0000
2004,3,4,7,30,-1.9000000000000001,8,0,8,2.3000000000000003,0.0000,0.0000
2004,3,4,8,0,-1.5,9,0,9,2.7,0.6196,0.4724
2004,3,4,8,30,-1,15,0,15,2.9000000000000004,0.5901,0.4540
2004,3,4,9,0,-0.5,36,0,36,3.1,2.7282,2.1143
2004,3,4,9,30,0,50,0,50,3.4000000000000004,2.5126,1.9563
2004,3,4,10,0,0.5,143,4,145,3.8000000000000003,3.0256,2.3626
2004,3,4,10,30,0.9,118,1,119,3.6,7.4713,5.8454
2004,3,4,11,0,1.4000000000000001,104,1,104,3.5,5.6454,4.4225
2004,3,4,11,30,1.6,93,0,94,3.6,4.8393,3.7941
2004,3,4,12,0,1.9000000000000001,143,1,144,3.8000000000000003,6.7248,5.2749
2004,3,4,12,30,2,156,1,157,3.9000000000000004,4.8829,3.8310
2004,3,4,13,0,2.2,150,1,150,4.1000000000000005,6.7390,5.2869
2004,3,4,13,30,2.1,133,1,133,3.5,8.9691,7.0343
2004,3,4,14,0,1.9000000000000001,116,1,116,2.8000000000000003,8.9007,6.9765
2004,3,4,14,30,1.6,100,1,100,3,5.0503,3.9546
2004,3,4,15,0,1.2000000000000002,120,1,120,3.1,5.7461,4.4928
2004,3,4,15,30,1,106,1,107,2.8000000000000003,6.0482,4.7184
2004,3,4,16,0,0.7000000000000001,89,1,90,2.5,8.6038,6.6889
2004,3,4,16,30,0.5,75,2,75,2.8000000000000003,7.0914,5.4831
2004,3,4,17,0,0.30000000000000004,93,9,96,3.1,4.1625,3.1916
2004,3,4,17,30,0.1,39,1,39,3.5,0.0000,0.0000
2004,3,4,18,0,0,12,0,12,4,0.0000,0.0000
2004,3,4,18,30,-0.1,0,0,0,4.2,0.0000,0.0000
2004,3,4,19,0,-0.1,0,0,0,4.5,0.0000,0.0000
2004,3,4,19,30,-0.1,0,0,0,4.6000000000000005,0.0000,0.0000
2004,3,4,20,0,-0.1,0,0,0,4.7,0.0000,0.0000
2004,3,4,20,30,-0.1,0,0,0,4.7,0.0000,0.0000
2004,3,4,21,0,0,0,0,0,4.7,0.0000,0.0000
2004,3,4,21,30,0,0,0,0,4.9,0.0000,0.0000
2004,3,4,22,0,0.1,0,0,0,5.2,0.0000,0.0000
2004,3,4,22,30,0.1,0,0,0,5.7,0.0000,0.0000
2004,3,4,23,0,0.1,0,0,0,6.1000000000000005,0.0000,0.0000
2004,3,4,23,30,0.2,0,0,0,6.5,0.0000,0.0000
2004,3,5,0,0,0.2,0,0,0,6.9,0.0000,0.0000
2004,3,5,0,30,0.30000000000000004,0,0,0,7.1000000000000005,0.0000,0.0000
2004,3,5,1,0,0.30000000000000004,0,0,0,7.300000000000001,0.0000,0.0000
2004,3,5,1,30,0.30000000000000004,0,0,0,7.300000000000001,0.0000,0.0000
2004,3,5,2,0,0.30000000000000004,0,0,0,7.300000000000001,0.0000,0.0000
2004,3,5,2,30,0.30000000000000004,0,0,0,7,0.0000,0.0000
2004,3,5,3,0,0.2,0,0,0,6.7,0.0000,0.0000
2004,3,5,3,30,0.2,0,0,0,6.5,0.0000,0.0000
2004,3,5,4,0,0.1,0,0,0,6.300000000000001,0.0000,0.0000
2004,3,5,4,30,0,0,0,0,6.4,0.0000,0.0000
2004,3,5,5,0,-0.1,0,0,0,6.5,0.0000,0.0000
2004,3,5,5,30,-0.2,0,0,0,6.4,0.0000,0.0000
2004,3,5,6,0,-0.30000000000000004,0,0,0,6.4,0.0000,0.0000
2004,3,5,6,30,-0.1,0,0,0,6,0.0000,0.0000
2004,3,5,7,0,0,0,0,0,5.6000000000000005,0.0000,0.0000
2004,3,5,7,30,0.2,38,266,64,5.5,0.0000,0.0000
2004,3,5,8,0,0.5,21,0,21,5.300000000000001,0.4290,0.3273
2004,3,5,8,30,0.7000000000000001,63,2,64,5.300000000000001,0.7398,0.5695
2004,3,5,9,0,0.9,58,0,58,5.300000000000001,1.8583,1.4407
2004,3,5,9,30,1.1,55,0,55,5.4,2.6796,2.0868
2004,3,5,10,0,1.3,115,3,116,5.5,7.9931,6.2428
2004,3,5,10,30,1.5,81,0,81,5.6000000000000005,6.6968,5.2402
2004,3,5,11,0,1.7000000000000002,159,3,161,5.6000000000000005,5.9401,4.6539
2004,3,5,11,30,1.9000000000000001,201,5,204,5.6000000000000005,5.4234,4.2525
2004,3,5,12,0,2,287,12,295,5.6000000000000005,8.3593,6.5577
2004,3,5,12,30,2.1,350,69,397,5.5,9.1384,7.1703
2004,3,5,13,0,2.3000000000000003,343,94,407,5.4,8.7254,6.8460
2004,3,5,13,30,2.3000000000000003,278,14,288,5.2,7.7059,6.0442
2004,3,5,14,0,2.3000000000000003,199,6,202,5.1000000000000005,6.6700,5.2286
2004,3,5,14,30,2.2,201,8,206,4.800000000000001,5.6829,4.4505
2004,3,5,15,0,2,236,34,254,4.4,6.7054,5.2437
2004,3,5,15,30,1.9000000000000001,209,29,223,3.9000000000000004,5.8411,4.5577
2004,3,5,16,0,1.7000000000000002,29,0,29,3.3000000000000003,4.7606,3.7020
2004,3,5,16,30,1.1,30,0,30,2.6,3.8073,2.9448
2004,3,5,17,0,0.6000000000000001,47,0,47,1.9000000000000001,4.6552,3.5710
2004,3,5,17,30,-0.4,17,0,17,1.8,0.0000,0.0000
2004,3,5,18,0,-1.3,14,0,14,1.6,0.0000,0.0000
2004,3,5,18,30,-1.6,0,0,0,1.7000000000000002,0.0000,0.0000
2004,3,5,19,0,-1.8,0,0,0,1.7000000000000002,0.0000,0.0000
2004,3,5,19,30,-2.3000000000000003,0,0,0,1.7000000000000002,0.0000,0.0000
2004,3,5,20,0,-2.8000000000000003,0,0,0,1.7000000000000002,0.0000,0.0000
2004,3,5,20,30,-3.3000000000000003,0,0,0,1.7000000000000002,0.0000,0.0000
2004,3,5,21,0,-3.7,0,0,0,1.7000000000000002,0.0000,0.0000
2004,3,5,21,30,-4.2,0,0,0,1.7000000000000002,0.0000,0.0000
2004,3,5,22,0,-4.6000000000000005,0,0,0,1.6,0.0000,0.0000
2004,3,5,22,30,-4.9,0,0,0,1.6,0.0000,0.0000
2004,3,5,23,0,-5.1000000000000005,0,0,0,1.5,0.0000,0.0000
2004,3,5,23,30,-5.300000000000001,0,0,0,1.5,0.0000,0.0000
2004,3,6,0,0,-5.5,0,0,0,1.5,0.0000,0.0000
2004,3,6,0,30,-5.800000000000001,0,0,0,1.5,0.0000,0.0000
2004,3,6,1,0,-6,0,0,0,1.6,0.0000,0.0000
2004,3,6,1,30,-6.1000000000000005,0,0,0,1.7000000000000002,0.0000,0.0000
2004,3,6,2,0,-6.300000000000001,0,0,0,1.8,0.0000,0.0000
2004,3,6,2,30,-6.300000000000001,0,0,0,2,0.0000,0.0000
2004,3,6,3,0,-6.2,0,0,0,2.2,0.0000,0.0000
2004,3,6,3,30,-6,0,0,0,2.6,0.0000,0.0000
2004,3,6,4,0,-5.7,0,0,0,2.9000000000000004,0.0000,0.0000
2004,3,6,4,30,-5.5,0,0,0,3.3000000000000003,0.0000,0.0000
2004,3,6,5,0,-5.2,0,0,0,3.6,0.0000,0.0000
2004,3,6,5,30,-5,0,0,0,3.8000000000000003,0.0000,0.0000
2004,3,6,6,0,-4.9,0,0,0,4.1000000000000005,0.0000,0.0000
2004,3,6,6,30,-4.2,0,0,0,4.5,0.0000,0.0000
2004,3,6,7,0,-3.5,0,0,0,5,0.0000,0.0000
2004,3,6,7,30,-2.1,30,464,79,5.4,0.0000,0.0000
2004,3,6,8,0,-0.7000000000000001,65,0,65,5.800000000000001,1.0016,0.7643
2004,3,6,8,30,0.7000000000000001,78,4,79,5.800000000000001,3.1656,2.4381
2004,3,6,9,0,2,84,1,84,5.7,3.0026,2.3287
2004,3,6,9,30,3.2,219,302,353,6,2.9547,2.3017
2004,3,6,10,0,4.5,242,350,421,6.2,6.4075,5.0054
2004,3,6,10,30,5.800000000000001,278,251,421,6.800000000000001,4.5665,3.5738
2004,3,6,11,0,7.1000000000000005,258,404,505,7.5,9.2102,7.2169
2004,3,6,11,30,8.1,253,471,559,7.7,11.7865,9.2429
2004,3,6,12,0,9.200000000000001,214,570,597,7.800000000000001,17.1478,13.4535
2004,3,6,12,30,10.100000000000001,197,709,680,7.800000000000001,23.1377,18.1565
2004,3,6,13,0,11,221,590,621,7.800000000000001,23.7050,18.6007
2004,3,6,13,30,11.200000000000001,255,536,611,7.9,16.7082,13.1066
2004,3,6,14,0,11.5,286,513,612,8.1,11.6308,9.1183
2004,3,6,14,30,10.5,143,697,559,8.3,11.7232,9.1821
2004,3,6,15,0,9.600000000000001,292,290,450,8.5,14.2152,11.1180
2004,3,6,15,30,8.8,76,869,497,7.4,12.1949,9.5171
2004,3,6,16,0,8.1,68,847,418,6.300000000000001,1.5371,1.1955
2004,3,6,16,30,6.800000000000001,61,794,327,5.300000000000001,1.5264,1.1810
2004,3,6,17,0,5.5,120,38,130,4.2,2.2834,1.7523
2004,3,6,17,30,4.2,9,0,9,4.6000000000000005,0.0000,0.0000
2004,3,6,18,0,2.9000000000000004,32,4,32,5,0.0000,0.0000
2004,3,6,18,30,2.7,0,0,0,5.6000000000000005,0.0000,0.0000
2004,3,6,19,0,2.6,0,0,0,6.300000000000001,0.0000,0.0000
2004,3,6,19,30,2.3000000000000003,0,0,0,6.300000000000001,0.0000,0.0000
2004,3,6,20,0,2.1,0,0,0,6.300000000000001,0.0000,0.0000
2004,3,6,20,30,1.4000000000000001,0,0,0,5.7,0.0000,0.0000
2004,3,6,21,0,0.7000000000000001,0,0,0,5,0.0000,0.0000
2004,3,6,21,30,0.2,0,0,0,4.9,0.0000,0.0000
2004,3,6,22,0,-0.4,0,0,0,4.7,0.0000,0.0000
2004,3,6,22,30,-0.8,0,0,0,4.7,0.0000,0.0000
2004,3,6,23,0,-1.2000000000000002,0,0,0,4.7,0.0000,0.0000
2004,3,6,23,30,-1.3,0,0,0,4.9,0.0000,0.0000
2004,3,7,0,0,-1.5,0,0,0,5.1000000000000005,0.0000,0.0000
2004,3,7,0,30,-1.5,0,0,0,5.300000000000001,0.0000,0.0000
2004,3,7,1,0,-1.5,0,0,0,5.5,0.0000,0.0000
2004,3,7,1,30,-1.5,0,0,0,5.6000000000000005,0.0000,0.0000
2004,3,7,2,0,-1.5,0,0,0,5.800000000000001,0.0000,0.0000
2004,3,7,2,30,-1.5,0,0,0,5.800000000000001,0.0000,0.0000
2004,3,7,3,0,-1.5,0,0,0,5.800000000000001,0.0000,0.0000
2004,3,7,3,30,-1.5,0,0,0,5.800000000000001,0.0000,0.0000
2004,3,7,4,0,-1.5,0,0,0,5.800000000000001,0.0000,0.0000
2004,3,7,4,30,-1.5,0,0,0,5.9,0.0000,0.0000
2004,3,7,5,0,-1.6,0,0,0,5.9,0.0000,0.0000
2004,3,7,5,30,-1.6,0,0,0,5.9,0.0000,0.0000
2004,3,7,6,0,-1.7000000000000002,0,0,0,5.800000000000001,0.0000,0.0000
2004,3,7,6,30,-1.3,0,0,0,5.9,0.0000,0.0000
2004,3,7,7,0,-0.9,11,189,15,6,0.0000,0.0000
2004,3,7,7,30,0.4,31,519,89,6.300000000000001,0.0000,0.0000
2004,3,7,8,0,1.6,45,700,187,6.6000000000000005,3.1028,2.3689
2004,3,7,8,30,2.9000000000000004,56,803,289,7.7,3.9191,3.0201
2004,3,7,9,0,4.2,65,869,389,8.700000000000001,4.3608,3.3833
2004,3,7,9,30,4.9,72,916,483,8.9,19.0092,14.8117
2004,3,7,10,0,5.7,79,946,567,9.1,23.3028,18.2072
2004,3,7,10,30,6.2,84,962,635,9,23.7764,18.6107
2004,3,7,11,0,6.800000000000001,90,976,694,9,28.9330,22.6740
2004,3,7,11,30,7.2,92,989,739,8.9,32.3430,25.3660
2004,3,7,12,0,7.6000000000000005,95,995,768,8.8,34.7481,27.2646
2004,3,7,12,30,7.9,96,998,781,8.6,39.6815,31.1415
2004,3,7,13,0,8.200000000000001,94,1000,778,8.5,36.2140,28.4188
2004,3,7,13,30,8.3,93,988,753,8.3,35.4910,27.8432
2004,3,7,14,0,8.3,91,978,717,8.1,35.2846,27.6654
2004,3,7,14,30,8.3,88,963,666,7.800000000000001,31.8574,24.9550
2004,3,7,15,0,8.200000000000001,83,937,598,7.5,25.2231,19.7301
2004,3,7,15,30,7.9,78,909,521,7,27.2260,21.2513
2004,3,7,16,0,7.6000000000000005,71,869,434,6.5,22.1988,17.2704
2004,3,7,16,30,6.4,63,807,337,5.1000000000000005,16.6757,12.9064
2004,3,7,17,0,5.2,54,717,236,3.8000000000000003,6.3282,4.8586
2004,3,7,17,30,3.3000000000000003,41,587,137,3.1,0.0000,0.0000
2004,3,7,18,0,1.4000000000000001,23,354,48,2.5,0.0000,0.0000
2004,3,7,18,30,0.8,0,0,0,2.3000000000000003,0.0000,0.0000
2004,3,7,19,0,0.1,0,0,0,2.1,0.0000,0.0000
2004,3,7,19,30,-0.4,0,0,0,1.9000000000000001,0.0000,0.0000
2004,3,7,20,0,-0.9,0,0,0,1.7000000000000002,0.0000,0.0000
2004,3,7,20,30,-1.2000000000000002,0,0,0,1.6,0.0000,0.0000
2004,3,7,21,0,-1.5,0,0,0,1.5,0.0000,0.0000
2004,3,7,21,30,-1.5,0,0,0,1.5,0.0000,0.0000
2004,3,7,22,0,-1.4000000000000001,0,0,0,1.4000000000000001,0.0000,0.0000
2004,3,7,22,30,-1.3,0,0,0,1.4000000000000001,0.0000,0.0000
2004,3,7,23,0,-1.2000000000000002,0,0,0,1.3,0.0000,0.0000
2004,3,7,23,30,-1.3,0,0,0,1.3,0.0000,0.0000
2004,3,8,0,0,-1.4000000000000001,0,0,0,1.3,0.0000,0.0000
2004,3,8,0,30,-1.7000000000000002,0,0,0,1.4000000000000001,0.0000,0.0000
2004,3,8,1,0,-2,0,0,0,1.4000000000000001,0.0000,0.0000
2004,3,8,1,30,-2.1,0,0,0,1.5,0.0000,0.0000
2004,3,8,2,0,-2.2,0,0,0,1.6,0.0000,0.0000
2004,3,8,2,30,-2.1,0,0,0,1.7000000000000002,0.0000,0.0000
2004,3,8,3,0,-2,0,0,0,1.9000000000000001,0.0000,0.0000
2004,3,8,3,30,-1.8,0,0,0,2.2,0.0000,0.0000
2004,3,8,4,0,-1.5,0,0,0,2.4000000000000004,0.0000,0.0000
2004,3,8,4,30,-1.4000000000000001,0,0,0,2.7,0.0000,0.0000
2004,3,8,5,0,-1.3,0,0,0,3,0.0000,0.0000
2004,3,8,5,30,-1.1,0,0,0,3.3000000000000003,0.0000,0.0000
2004,3,8,6,0,-0.9,0,0,0,3.6,0.0000,0.0000
2004,3,8,6,30,-0.2,0,0,0,4.2,0.0000,0.0000
2004,3,8,7,0,0.5,5,0,5,4.800000000000001,0.0000,0.0000
2004,3,8,7,30,1.7000000000000002,28,1,29,5.1000000000000005,0.0000,0.0000
2004,3,8,8,0,2.9000000000000004,107,162,141,5.5,8.9366,6.8263
2004,3,8,8,30,4.9,165,42,178,5.7,14.3798,11.0867
2004,3,8,9,0,7,147,383,292,5.9,20.2529,15.7189
2004,3,8,9,30,9.3,170,497,396,6.5,26.0728,20.3207
2004,3,8,10,0,11.700000000000001,185,518,454,7.1000000000000005,31.4460,24.5742
2004,3,8,10,30,13.200000000000001,172,625,533,7.800000000000001,35.9244,28.1236
2004,3,8,11,0,14.700000000000001,160,637,557,8.5,39.8237,31.2127
2004,3,8,11,30,15.3,200,616,606,8.700000000000001,42.8171,33.5842
2004,3,8,12,0,15.8,208,586,607,8.9,44.7601,35.1238
2004,3,8,12,30,16.2,172,683,644,8.700000000000001,45.6321,35.8147
2004,3,8,13,0,16.6,148,748,662,8.6,45.4250,35.6504
2004,3,8,13,30,16.7,87,955,729,8.5,43.7942,34.3605
2004,3,8,14,0,16.7,157,823,688,8.5,41.3908,32.4563
2004,3,8,14,30,16.6,79,938,646,8.8,38.0072,29.7757
2004,3,8,15,0,16.400000000000002,71,928,585,9.1,33.5695,26.2624
2004,3,8,15,30,15.700000000000001,67,904,513,9.1,28.5898,22.3195
2004,3,8,16,0,15.100000000000001,61,870,428,9.1,23.0955,17.9722
2004,3,8,16,30,13.8,55,815,335,8.6,17.2245,13.3355
2004,3,8,17,0,12.5,48,735,237,8.1,11.5105,8.8411
2004,3,8,17,30,11,38,615,141,7.7,0.0000,0.0000
2004,3,8,18,0,9.600000000000001,23,399,53,7.300000000000001,0.0000,0.0000
2004,3,8,18,30,8.5,0,0,0,7.1000000000000005,0.0000,0.0000
2004,3,8,19,0,7.5,0,0,0,6.9,0.0000,0.0000
2004,3,8,19,30,6.7,0,0,0,6.6000000000000005,0.0000,0.0000
2004,3,8,20,0,5.9,0,0,0,6.300000000000001,0.0000,0.0000
2004,3,8,20,30,5.2,0,0,0,6,0.0000,0.0000
2004,3,8,21,0,4.5,0,0,0,5.6000000000000005,0.0000,0.0000
2004,3,8,21,30,3.8000000000000003,0,0,0,5.4,0.0000,0.0000
2004,3,8,22,0,3.1,0,0,0,5.1000000000000005,0.0000,0.0000
2004,3,8,22,30,2.7,0,0,0,5.2,0.0000,0.0000
2004,3,8,23,0,2.3000000000000003,0,0,0,5.2,0.0000,0.0000
2004,3,8,23,30,1.9000000000000001,0,0,0,5.1000000000000005,0.0000,0.0000
2004,3,9,0,0,1.5,0,0,0,5.1000000000000005,0.0000,0.0000
2004,3,9,0,30,1.1,0,0,0,4.9,0.0000,0.0000
2004,3,9,1,0,0.7000000000000001,0,0,0,4.800000000000001,0.0000,0.0000
2004,3,9,1,30,0.2,0,0,0,4.6000000000000005,0.0000,0.0000
2004,3,9,2,0,-0.30000000000000004,0,0,0,4.4,0.0000,0.0000
2004,3,9,2,30,-0.7000000000000001,0,0,0,4.3,0.0000,0.0000
2004,3,9,3,0,-1.1,0,0,0,4.2,0.0000,0.0000
2004,3,9,3,30,-1.5,0,0,0,4.1000000000000005,0.0000,0.0000
2004,3,9,4,0,-2,0,0,0,3.9000000000000004,0.0000,0.0000
2004,3,9,4,30,-2.3000000000000003,0,0,0,3.9000000000000004,0.0000,0.0000
2004,3,9,5,0,-2.6,0,0,0,3.8000000000000003,0.0000,0.0000
2004,3,9,5,30,-2.7,0,0,0,3.7,0.0000,0.0000
2004,3,9,6,0,-2.9000000000000004,0,0,0,3.6,0.0000,0.0000
2004,3,9,6,30,-2.2,0,0,0,3.9000000000000004,0.0000,0.0000
2004,3,9,7,0,-1.6,13,239,20,4.2,0.0000,0.0000
2004,3,9,7,30,-0.30000000000000004,32,538,97,4,0.0000,0.0000
2004,3,9,8,0,1,44,701,193,3.8000000000000003,6.7478,5.1572
2004,3,9,8,30,2.6,53,791,291,3.7,8.8840,6.8531
2004,3,9,9,0,4.2,60,854,389,3.7,15.2446,11.8360
2004,3,9,9,30,5.7,65,900,479,3.5,21.4260,16.7031
2004,3,9,10,0,7.2,68,936,561,3.3000000000000003,25.2292,19.7195
2004,3,9,10,30,8.3,71,960,632,3,30.2053,23.6497
2004,3,9,11,0,9.5,72,981,689,2.8000000000000003,32.0102,25.0917
2004,3,9,11,30,10.200000000000001,73,993,732,2.5,35.1593,27.5805
2004,3,9,12,0,10.9,72,1003,761,2.1,35.4216,27.7984
2004,3,9,12,30,11.3,73,1006,773,1.7000000000000002,37.6734,29.5710
2004,3,9,13,0,11.700000000000001,73,1005,769,1.2000000000000002,38.6986,30.3741
2004,3,9,13,30,11.9,72,1001,750,1.1,42.4494,33.3084
2004,3,9,14,0,12.100000000000001,71,992,715,1,39.7678,31.1867
2004,3,9,14,30,12.200000000000001,69,978,665,1.3,36.9155,28.9236
2004,3,9,15,0,12.200000000000001,70,952,601,1.7000000000000002,32.8887,25.7332
2004,3,9,15,30,12,66,925,525,2.1,28.1985,22.0177
2004,3,9,16,0,11.700000000000001,61,888,439,2.4000000000000004,22.8204,17.7620
2004,3,9,16,30,10.100000000000001,56,835,345,1.9000000000000001,17.1591,13.2889
2004,3,9,17,0,8.5,48,759,246,1.5,11.5823,8.8999
2004,3,9,17,30,6.5,38,637,147,1.7000000000000002,0.0000,0.0000
2004,3,9,18,0,4.6000000000000005,24,426,57,1.9000000000000001,0.0000,0.0000
2004,3,9,18,30,4.2,0,0,0,2.3000000000000003,0.0000,0.0000
2004,3,9,19,0,3.9000000000000004,0,0,0,2.6,0.0000,0.0000
2004,3,9,19,30,3.8000000000000003,0,0,0,3.1,0.0000,0.0000
2004,3,9,20,0,3.7,0,0,0,3.5,0.0000,0.0000
2004,3,9,20,30,3.5,0,0,0,3.9000000000000004,0.0000,0.0000
2004,3,9,21,0,3.4000000000000004,0,0,0,4.2,0.0000,0.0000
2004,3,9,21,30,3.1,0,0,0,4.4,0.0000,0.0000
2004,3,9,22,0,2.9000000000000004,0,0,0,4.6000000000000005,0.0000,0.0000
2004,3,9,22,30,2.6,0,0,0,4.800000000000001,0.0000,0.0000
2004,3,9,23,0,2.3000000000000003,0,0,0,5,0.0000,0.0000
2004,3,9,23,30,2.1,0,0,0,5.1000000000000005,0.0000,0.0000
2004,3,10,0,0,1.8,0,0,0,5.300000000000001,0.0000,0.0000
2004,3,10,0,30,1.5,0,0,0,5.4,0.0000,0.0000
2004,3,10,1,0,1.3,0,0,0,5.5,0.0000,0.0000
2004,3,10,1,30,1.1,0,0,0,5.6000000000000005,0.0000,0.0000
2004,3,10,2,0,0.9,0,0,0,5.7,0.0000,0.0000
2004,3,10,2,30,0.7000000000000001,0,0,0,5.800000000000001,0.0000,0.0000
2004,3,10,3,0,0.5,0,0,0,5.9,0.0000,0.0000
2004,3,10,3,30,0.30000000000000004,0,0,0,6,0.0000,0.0000
2004,3,10,4,0,0.1,0,0,0,6.1000000000000005,0.0000,0.0000
2004,3,10,4,30,0,0,0,0,6.300000000000001,0.0000,0.0000
2004,3,10,5,0,-0.2,0,0,0,6.4,0.0000,0.0000
2004,3,10,5,30,-0.30000000000000004,0,0,0,6.6000000000000005,0.0000,0.0000
2004,3,10,6,0,-0.4,0,0,0,6.7,0.0000,0.0000
2004,3,10,6,30,0.1,0,0,0,6.7,0.0000,0.0000
2004,3,10,7,0,0.5,9,0,9,6.7,0.0000,0.0000
2004,3,10,7,30,2,55,9,56,7,0.0000,0.0000
2004,3,10,8,0,3.5,119,93,139,7.300000000000001,9.2515,7.0749
2004,3,10,8,30,5.6000000000000005,115,20,121,7.9,14.5673,11.2427
2004,3,10,9,0,7.800000000000001,220,52,240,8.5,20.3657,15.8175
2004,3,10,9,30,9.200000000000001,155,1,155,7.6000000000000005,25.9776,20.2563
2004,3,10,10,0,10.5,301,196,405,6.800000000000001,31.2364,24.4193
2004,3,10,10,30,10.8,227,422,476,7.800000000000001,35.8756,28.0934
2004,3,10,11,0,11,253,413,515,8.9,39.6545,31.0874
2004,3,10,11,30,10,282,390,543,9.700000000000001,42.5267,33.3633
2004,3,10,12,0,9.1,393,251,566,10.600000000000001,44.4649,34.8988
2004,3,10,12,30,8.8,162,0,162,10.5,45.2741,35.5401
2004,3,10,13,0,8.5,78,0,78,10.4,45.0081,35.3295
2004,3,10,13,30,8,200,0,200,10,43.7253,34.3127
2004,3,10,14,0,7.5,77,0,77,9.600000000000001,41.3794,32.4536
2004,3,10,14,30,6.9,68,0,68,8.8,38.0532,29.8183
2004,3,10,15,0,6.4,138,2,139,8,33.8380,26.4793
2004,3,10,15,30,6.4,175,9,180,7.5,28.9063,22.5740
2004,3,10,16,0,6.4,190,32,204,6.9,23.4519,18.2574
2004,3,10,16,30,5.800000000000001,191,84,220,5.7,17.7107,13.7203
2004,3,10,17,0,5.300000000000001,49,777,255,4.5,12.0474,9.2612
2004,3,10,17,30,3.3000000000000003,98,41,106,3.6,0.0000,0.0000
2004,3,10,18,0,1.4000000000000001,25,468,63,2.7,0.0000,0.0000
2004,3,10,18,30,0.6000000000000001,0,0,0,2.7,0.0000,0.0000
2004,3,10,19,0,-0.2,0,0,0,2.6,0.0000,0.0000
2004,3,10,19,30,-0.7000000000000001,0,0,0,2.6,0.0000,0.0000
2004,3,10,20,0,-1.2000000000000002,0,0,0,2.5,0.0000,0.0000
2004,3,10,20,30,-1.3,0,0,0,2.8000000000000003,0.0000,0.0000
2004,3,10,21,0,-1.5,0,0,0,3.1,0.0000,0.0000
2004,3,10,21,30,-1.4000000000000001,0,0,0,3.7,0.0000,0.0000
2004,3,10,22,0,-1.3,0,0,0,4.2,0.0000,0.0000
2004,3,10,22,30,-1.2000000000000002,0,0,0,4.7,0.0000,0.0000
2004,3,10,23,0,-1.1,0,0,0,5.2,0.0000,0.0000
2004,3,10,23,30,-1.1,0,0,0,5.5,0.0000,0.0000
2004,3,11,0,0,-1,0,0,0,5.9,0.0000,0.0000
2004,3,11,0,30,-1.1,0,0,0,6.1000000000000005,0.0000,0.0000
2004,3,11,1,0,-1.2000000000000002,0,0,0,6.300000000000001,0.0000,0.0000
2004,3,11,1,30,-1.4000000000000001,0,0,0,6.2,0.0000,0.0000
2004,3,11,2,0,-1.5,0,0,0,6.2,0.0000,0.0000
2004,3,11,2,30,-2.1,0,0,0,5.7,0.0000,0.0000
2004,3,11,3,0,-2.6,0,0,0,5.2,0.0000,0.0000
2004,3,11,3,30,-3,0,0,0,5.5,0.0000,0.0000
2004,3,11,4,0,-3.4000000000000004,0,0,0,5.800000000000001,0.0000,0.0000
2004,3,11,4,30,-4,0,0,0,6.300000000000001,0.0000,0.0000
2004,3,11,5,0,-4.6000000000000005,0,0,0,6.800000000000001,0.0000,0.0000
2004,3,11,5,30,-5.2,0,0,0,6.800000000000001,0.0000,0.0000
2004,3,11,6,0,-5.800000000000001,0,0,0,6.7,0.0000,0.0000
2004,3,11,6,30,-5.800000000000001,0,0,0,7.1000000000000005,0.0000,0.0000
2004,3,11,7,0,-5.800000000000001,16,279,27,7.4,0.0000,0.0000
2004,3,11,7,30,-5.4,34,569,109,8,0.0000,0.0000
2004,3,11,8,0,-4.9,113,262,172,8.5,6.6750,5.1074
2004,3,11,8,30,-4.2,57,811,310,8.6,6.0758,4.6915
2004,3,11,9,0,-3.5,65,872,409,8.700000000000001,12.5987,9.7883
2004,3,11,9,30,-2.8000000000000003,70,918,502,8.700000000000001,8.4255,6.5714
2004,3,11,10,0,-2,72,957,586,8.700000000000001,22.5938,17.6660
2004,3,11,10,30,-1.2000000000000002,75,981,658,8.6,27.0647,21.1967
2004,3,11,11,0,-0.4,76,1001,717,8.6,29.6842,23.2739
2004,3,11,11,30,0.30000000000000004,78,1013,760,8.5,31.5892,24.7851
2004,3,11,12,0,1,82,1015,788,8.3,33.1126,25.9911
2004,3,11,12,30,1.5,82,1018,801,8.200000000000001,9.4997,7.4579
2004,3,11,13,0,2,82,1018,797,8,4.5705,3.5880
2004,3,11,13,30,2.3000000000000003,81,1013,776,7.800000000000001,11.6740,9.1618
2004,3,11,14,0,2.6,79,1004,740,7.6000000000000005,4.4618,3.4997
2004,3,11,14,30,2.7,77,990,689,7.300000000000001,3.8962,3.0534
2004,3,11,15,0,2.8000000000000003,74,971,624,7,7.8375,6.1338
2004,3,11,15,30,2.6,70,944,547,6.6000000000000005,9.9271,7.7537
2004,3,11,16,0,2.4000000000000004,64,910,459,6.2,10.9186,8.5020
2004,3,11,16,30,1.6,58,845,358,5.1000000000000005,11.3188,8.7712
2004,3,11,17,0,0.7000000000000001,50,771,258,4,12.5137,9.6236
2004,3,11,17,30,-1.3,40,652,157,3.1,5.0537,3.8515
2004,3,11,18,0,-3.3000000000000003,25,452,64,2.1,0.0000,0.0000
2004,3,11,18,30,-3.8000000000000003,0,0,0,2.1,0.0000,0.0000
2004,3,11,19,0,-4.3,0,0,0,2,0.0000,0.0000
2004,3,11,19,30,-4.5,0,0,0,2,0.0000,0.0000
2004,3,11,20,0,-4.7,0,0,0,2.1,0.0000,0.0000
2004,3,11,20,30,-4.9,0,0,0,2,0.0000,0.0000
2004,3,11,21,0,-5.1000000000000005,0,0,0,2,0.0000,0.0000
2004,3,11,21,30,-5.2,0,0,0,1.8,0.0000,0.0000
2004,3,11,22,0,-5.4,0,0,0,1.7000000000000002,0.0000,0.0000
2004,3,11,22,30,-5.5,0,0,0,1.4000000000000001,0.0000,0.0000
2004,3,11,23,0,-5.6000000000000005,0,0,0,1.2000000000000002,0.0000,0.0000
2004,3,11,23,30,-5.5,0,0,0,1.1,0.0000,0.0000
2004,3,12,0,0,-5.5,0,0,0,0.9,0.0000,0.0000
2004,3,12,0,30,-5.1000000000000005,0,0,0,0.7000000000000001,0.0000,0.0000
2004,3,12,1,0,-4.800000000000001,0,0,0,0.6000000000000001,0.0000,0.0000
2004,3,12,1,30,-4.7,0,0,0,0.5,0.0000,0.0000
2004,3,12,2,0,-4.7,0,0,0,0.5,0.0000,0.0000
2004,3,12,2,30,-4.9,0,0,0,0.7000000000000001,0.0000,0.0000
2004,3,12,3,0,-5.1000000000000005,0,0,0,0.8,0.0000,0.0000
2004,3,12,3,30,-5.2,0,0,0,0.9,0.0000,0.0000
2004,3,12,4,0,-5.300000000000001,0,0,0,1.1,0.0000,0.0000
2004,3,12,4,30,-5.300000000000001,0,0,0,1.2000000000000002,0.0000,0.0000
2004,3,12,5,0,-5.2,0,0,0,1.3,0.0000,0.0000
2004,3,12,5,30,-5.1000000000000005,0,0,0,1.3,0.0000,0.0000
2004,3,12,6,0,-5.1000000000000005,0,0,0,1.4000000000000001,0.0000,0.0000
2004,3,12,6,30,-4.3,0,0,0,2,0.0000,0.0000
2004,3,12,7,0,-3.4000000000000004,18,251,29,2.6,0.0000,0.0000
2004,3,12,7,30,-2.1,37,535,110,2.8000000000000003,0.0000,0.0000
2004,3,12,8,0,-0.8,49,699,210,3,8.2771,6.3371
2004,3,12,8,30,0.8,59,795,312,3.4000000000000004,15.6140,12.0624
2004,3,12,9,0,2.4000000000000004,64,855,407,3.8000000000000003,21.5290,16.7320
2004,3,12,9,30,3.8000000000000003,70,901,499,3.8000000000000003,27.3497,21.3362
2004,3,12,10,0,5.1000000000000005,74,935,581,3.8000000000000003,32.7550,25.6154
2004,3,12,10,30,6.300000000000001,77,959,652,3.8000000000000003,37.4752,29.3540
2004,3,12,11,0,7.5,80,975,709,3.8000000000000003,41.3862,32.4524
2004,3,12,11,30,8.5,82,987,752,3.8000000000000003,44.2706,34.7384
2004,3,12,12,0,9.5,83,994,779,3.8000000000000003,46.1555,36.2321
2004,3,12,12,30,10.3,83,997,792,3.9000000000000004,47.0252,36.9211
2004,3,12,13,0,11,85,993,787,4,46.7558,36.7076
2004,3,12,13,30,11.5,84,988,767,4.2,45.3471,35.5915
2004,3,12,14,0,12,83,977,731,4.3,42.9308,33.6767
2004,3,12,14,30,12.200000000000001,81,955,675,4.3,39.5289,30.9811
2004,3,12,15,0,12.3,77,936,611,4.3,35.2343,27.5788
2004,3,12,15,30,11.9,73,907,535,3.9000000000000004,30.2165,23.6045
2004,3,12,16,0,11.5,68,870,449,3.5,24.6129,19.1692
2004,3,12,16,30,9.4,61,815,354,3,18.4576,14.3073
2004,3,12,17,0,7.300000000000001,53,728,252,2.5,12.6871,9.7608
2004,3,12,17,30,5.7,43,607,154,2.9000000000000004,7.4834,5.7047
2004,3,12,18,0,4.1000000000000005,27,391,62,3.3000000000000003,0.0000,0.0000
2004,3,12,18,30,4.3,0,0,0,4,0.0000,0.0000
2004,3,12,19,0,4.4,0,0,0,4.6000000000000005,0.0000,0.0000
2004,3,12,19,30,4.2,0,0,0,5,0.0000,0.0000
2004,3,12,20,0,4.1000000000000005,0,0,0,5.300000000000001,0.0000,0.0000
2004,3,12,20,30,3.6,0,0,0,5.300000000000001,0.0000,0.0000
2004,3,12,21,0,3.1,0,0,0,5.2,0.0000,0.0000
2004,3,12,21,30,2.8000000000000003,0,0,0,5.300000000000001,0.0000,0.0000
2004,3,12,22,0,2.4000000000000004,0,0,0,5.4,0.0000,0.0000
2004,3,12,22,30,2.1,0,0,0,5.5,0.0000,0.0000
2004,3,12,23,0,1.9000000000000001,0,0,0,5.6000000000000005,0.0000,0.0000
2004,3,12,23,30,1.7000000000000002,0,0,0,5.7,0.0000,0.0000
2004,3,13,0,0,1.5,0,0,0,5.800000000000001,0.0000,0.0000
2004,3,13,0,30,1.7000000000000002,0,0,0,6,0.0000,0.0000
2004,3,13,1,0,1.9000000000000001,0,0,0,6.300000000000001,0.0000,0.0000
2004,3,13,1,30,2.4000000000000004,0,0,0,6.6000000000000005,0.0000,0.0000
2004,3,13,2,0,2.9000000000000004,0,0,0,6.9,0.0000,0.0000
2004,3,13,2,30,3.2,0,0,0,7,0.0000,0.0000
2004,3,13,3,0,3.5,0,0,0,7.2,0.0000,0.0000
2004,3,13,3,30,3.7,0,0,0,7.300000000000001,0.0000,0.0000
2004,3,13,4,0,3.9000000000000004,0,0,0,7.4,0.0000,0.0000
2004,3,13,4,30,3.7,0,0,0,7.2,0.0000,0.0000
2004,3,13,5,0,3.5,0,0,0,6.9,0.0000,0.0000
2004,3,13,5,30,3.4000000000000004,0,0,0,7,0.0000,0.0000
2004,3,13,6,0,3.3000000000000003,0,0,0,7,0.0000,0.0000
2004,3,13,6,30,3.7,0,0,0,7.300000000000001,0.0000,0.0000
2004,3,13,7,0,4.2,16,0,16,7.5,0.0000,0.0000
2004,3,13,7,30,5.5,44,419,103,7.9,0.0000,0.0000
2004,3,13,8,0,6.9,62,564,195,8.3,10.1280,7.7589
2004,3,13,8,30,8.700000000000001,75,666,291,9.200000000000001,15.7628,12.1831
2004,3,13,9,0,10.5,87,729,383,10.200000000000001,21.4815,16.7004
2004,3,13,9,30,11.9,95,778,469,10.4,27.2470,21.2608
2004,3,13,10,0,13.3,104,809,547,10.5,32.5360,25.4483
2004,3,13,10,30,14.3,108,834,613,10.5,37.1941,29.1378
2004,3,13,11,0,15.3,119,837,663,10.4,40.9832,32.1399
2004,3,13,11,30,15.9,122,849,702,10.100000000000001,43.8619,34.4210
2004,3,13,12,0,16.5,392,280,590,9.700000000000001,45.6835,35.8648
2004,3,13,12,30,16.2,341,141,442,8.8,46.5512,36.5520
2004,3,13,13,0,15.9,110,0,110,7.9,46.2210,36.2906
2004,3,13,13,30,15.5,102,0,102,6.800000000000001,44.8730,35.2224
2004,3,13,14,0,15.200000000000001,164,2,166,5.7,42.4599,33.3104
2004,3,13,14,30,15,46,0,46,4.9,38.7748,30.3932
2004,3,13,15,0,14.8,88,0,88,4.2,34.5489,27.0456
2004,3,13,15,30,14.4,167,1,167,4,29.6011,23.1273
2004,3,13,16,0,14,18,0,18,3.9000000000000004,24.1212,18.7901
2004,3,13,16,30,12.9,108,8,111,3.9000000000000004,18.2895,14.1810
2004,3,13,17,0,11.700000000000001,55,1,55,4,12.4179,9.5575
2004,3,13,17,30,10.4,85,17,88,3.7,7.3402,5.5970
2004,3,13,18,0,9.1,27,1,27,3.3000000000000003,0.0000,0.0000
2004,3,13,18,30,8.1,0,0,0,3.1,0.0000,0.0000
2004,3,13,19,0,7.1000000000000005,0,0,0,2.9000000000000004,0.0000,0.0000
2004,3,13,19,30,6.4,0,0,0,3.1,0.0000,0.0000
2004,3,13,20,0,5.6000000000000005,0,0,0,3.3000000000000003,0.0000,0.0000
2004,3,13,20,30,5.2,0,0,0,4,0.0000,0.0000
2004,3,13,21,0,4.800000000000001,0,0,0,4.800000000000001,0.0000,0.0000
2004,3,13,21,30,4.5,0,0,0,5.300000000000001,0.0000,0.0000
2004,3,13,22,0,4.2,0,0,0,5.800000000000001,0.0000,0.0000
2004,3,13,22,30,3.6,0,0,0,5.9,0.0000,0.0000
2004,3,13,23,0,3,0,0,0,6,0.0000,0.0000
2004,3,13,23,30,2.6,0,0,0,6.300000000000001,0.0000,0.0000
2004,3,14,0,0,2.3000000000000003,0,0,0,6.6000000000000005,0.0000,0.0000
2004,3,14,0,30,1.7000000000000002,0,0,0,6,0.0000,0.0000
2004,3,14,1,0,1.2000000000000002,0,0,0,5.5,0.0000,0.0000
2004,3,14,1,30,0.8,0,0,0,5.2,0.0000,0.0000
2004,3,14,2,0,0.4,0,0,0,5,0.0000,0.0000
2004,3,14,2,30,0.1,0,0,0,4.800000000000001,0.0000,0.0000
2004,3,14,3,0,-0.30000000000000004,0,0,0,4.6000000000000005,0.0000,0.0000
2004,3,14,3,30,-0.5,0,0,0,4.6000000000000005,0.0000,0.0000
2004,3,14,4,0,-0.8,0,0,0,4.6000000000000005,0.0000,0.0000
2004,3,14,4,30,-1,0,0,0,4.800000000000001,0.0000,0.0000
2004,3,14,5,0,-1.1,0,0,0,4.9,0.0000,0.0000
2004,3,14,5,30,-1.5,0,0,0,4.7,0.0000,0.0000
2004,3,14,6,0,-1.8,0,0,0,4.6000000000000005,0.0000,0.0000
2004,3,14,6,30,-1.1,0,0,0,5,0.0000,0.0000
2004,3,14,7,0,-0.5,21,282,36,5.4,0.0000,0.0000
2004,3,14,7,30,0.9,40,550,121,6,0.0000,0.0000
2004,3,14,8,0,2.4000000000000004,54,687,220,6.5,9.4267,7.2259
2004,3,14,8,30,3.6,64,783,322,7.1000000000000005,14.7467,11.4029
2004,3,14,9,0,4.9,73,842,420,7.800000000000001,20.2684,15.7622
2004,3,14,9,30,5.7,80,888,512,7.6000000000000005,25.6651,20.0309
2004,3,14,10,0,6.5,88,913,593,7.5,30.6880,24.0069
2004,3,14,10,30,7.1000000000000005,92,938,664,7.4,35.0239,27.4411
2004,3,14,11,0,7.7,99,949,720,7.2,38.3782,30.1003
2004,3,14,11,30,8.3,101,962,763,7.1000000000000005,40.9968,32.1756
2004,3,14,12,0,8.8,96,983,795,7,34.6409,27.1979
2004,3,14,12,30,9,282,718,799,6.7,26.0084,20.4234
2004,3,14,13,0,9.1,189,801,763,6.4,6.4675,5.0784
2004,3,14,13,30,9,223,665,689,6,5.9741,4.6896
2004,3,14,14,0,8.8,336,320,551,5.6000000000000005,9.6532,7.5737
2004,3,14,14,30,8.4,173,668,594,5,2.6457,2.0740
2004,3,14,15,0,8.1,170,609,523,4.4,4.9829,3.9012
2004,3,14,15,30,7.6000000000000005,273,162,357,3.5,9.2541,7.2312
2004,3,14,16,0,7.2,239,204,330,2.6,0.9687,0.7547
2004,3,14,16,30,6.4,181,29,192,1.9000000000000001,5.7468,4.4570
2004,3,14,17,0,5.6000000000000005,83,4,84,1.1,2.7160,2.0912
2004,3,14,17,30,4.4,78,7,79,1.1,4.1950,3.1997
2004,3,14,18,0,3.2,37,2,37,1.1,0.0000,0.0000
2004,3,14,18,30,3.1,0,0,0,1.1,0.0000,0.0000
2004,3,14,19,0,3,0,0,0,1.1,0.0000,0.0000
2004,3,14,19,30,2.8000000000000003,0,0,0,1.2000000000000002,0.0000,0.0000
2004,3,14,20,0,2.6,0,0,0,1.2000000000000002,0.0000,0.0000
2004,3,14,20,30,2.4000000000000004,0,0,0,1.4000000000000001,0.0000,0.0000
2004,3,14,21,0,2.2,0,0,0,1.5,0.0000,0.0000
2004,3,14,21,30,2,0,0,0,1.7000000000000002,0.0000,0.0000
2004,3,14,22,0,1.8,0,0,0,1.9000000000000001,0.0000,0.0000
2004,3,14,22,30,1.7000000000000002,0,0,0,2.2,0.0000,0.0000
2004,3,14,23,0,1.6,0,0,0,2.6,0.0000,0.0000
2004,3,14,23,30,1.5,0,0,0,3,0.0000,0.0000
2004,3,15,0,0,1.4000000000000001,0,0,0,3.3000000000000003,0.0000,0.0000
2004,3,15,0,30,1.2000000000000002,0,0,0,3.7,0.0000,0.0000
2004,3,15,1,0,0.9,0,0,0,4.1000000000000005,0.0000,0.0000
2004,3,15,1,30,0.5,0,0,0,4.3,0.0000,0.0000
2004,3,15,2,0,0.1,0,0,0,4.6000000000000005,0.0000,0.0000
2004,3,15,2,30,-0.30000000000000004,0,0,0,4.800000000000001,0.0000,0.0000
2004,3,15,3,0,-0.6000000000000001,0,0,0,4.9,0.0000,0.0000
2004,3,15,3,30,-0.9,0,0,0,5.1000000000000005,0.0000,0.0000
2004,3,15,4,0,-1.1,0,0,0,5.2,0.0000,0.0000
2004,3,15,4,30,-1.3,0,0,0,5.300000000000001,0.0000,0.0000
2004,3,15,5,0,-1.4000000000000001,0,0,0,5.300000000000001,0.0000,0.0000
2004,3,15,5,30,-1.5,0,0,0,5.300000000000001,0.0000,0.0000
2004,3,15,6,0,-1.6,0,0,0,5.4,0.0000,0.0000
2004,3,15,6,30,-1.6,0,0,0,5.5,0.0000,0.0000
2004,3,15,7,0,-1.6,9,0,9,5.6000000000000005,0.0000,0.0000
2004,3,15,7,30,-1.4000000000000001,13,0,13,6,0.0000,0.0000
2004,3,15,8,0,-1.1,27,0,27,6.4,10.6615,8.1772
2004,3,15,8,30,-0.7000000000000001,6,0,6,6.800000000000001,16.3670,12.6615
2004,3,15,9,0,-0.4,22,0,22,7.1000000000000005,22.2846,17.3354
2004,3,15,9,30,0,20,0,20,7.1000000000000005,28.0788,21.9193
2004,3,15,10,0,0.30000000000000004,28,0,28,7.1000000000000005,33.3303,26.0781
2004,3,15,10,30,0.5,37,0,37,6.800000000000001,37.9976,29.7748
2004,3,15,11,0,0.7000000000000001,41,0,41,6.6000000000000005,41.7354,32.7369
2004,3,15,11,30,0.8,38,0,38,6.4,44.6154,35.0188
2004,3,15,12,0,0.9,19,0,19,6.300000000000001,46.7315,36.6938
2004,3,15,12,30,1,153,1,154,6.1000000000000005,47.0681,36.9638
2004,3,15,13,0,1,95,0,95,6,44.9108,35.2676
2004,3,15,13,30,1,30,0,30,5.9,40.3995,31.7161
2004,3,15,14,0,0.9,74,0,74,5.9,32.0792,25.1710
2004,3,15,14,30,0.8,43,0,43,6,34.2066,26.8177
2004,3,15,15,0,0.6000000000000001,37,0,37,6,29.6534,23.2186
2004,3,15,15,30,0.30000000000000004,24,0,24,5.9,19.8136,15.4849
2004,3,15,16,0,0,222,59,249,5.800000000000001,17.7917,13.8647
2004,3,15,16,30,-0.4,13,0,13,5.5,9.9608,7.7274
2004,3,15,17,0,-0.8,11,0,11,5.1000000000000005,4.1568,3.2018
2004,3,15,17,30,-1.4000000000000001,7,0,7,4.6000000000000005,3.7672,2.8744
2004,3,15,18,0,-2,24,0,24,4.1000000000000005,0.0000,0.0000
2004,3,15,18,30,-2.4000000000000004,0,0,0,4,0.0000,0.0000
2004,3,15,19,0,-2.9000000000000004,0,0,0,3.9000000000000004,0.0000,0.0000
2004,3,15,19,30,-3.3000000000000003,0,0,0,3.7,0.0000,0.0000
2004,3,15,20,0,-3.6,0,0,0,3.5,0.0000,0.0000
2004,3,15,20,30,-4.1000000000000005,0,0,0,3.2,0.0000,0.0000
2004,3,15,21,0,-4.5,0,0,0,2.9000000000000004,0.0000,0.0000
2004,3,15,21,30,-5,0,0,0,2.7,0.0000,0.0000
2004,3,15,22,0,-5.5,0,0,0,2.4000000000000004,0.0000,0.0000
2004,3,15,22,30,-5.800000000000001,0,0,0,2.4000000000000004,0.0000,0.0000
2004,3,15,23,0,-6.2,0,0,0,2.3000000000000003,0.0000,0.0000
2004,3,15,23,30,-6.4,0,0,0,2.3000000000000003,0.0000,0.0000
2004,3,16,0,0,-6.7,0,0,0,2.2,0.0000,0.0000
2004,3,16,0,30,-6.7,0,0,0,2.1,0.0000,0.0000
2004,3,16,1,0,-6.800000000000001,0,0,0,1.9000000000000001,0.0000,0.0000
2004,3,16,1,30,-6.800000000000001,0,0,0,1.8,0.0000,0.0000
2004,3,16,2,0,-6.7,0,0,0,1.6,0.0000,0.0000
2004,3,16,2,30,-6.7,0,0,0,1.4000000000000001,0.0000,0.0000
2004,3,16,3,0,-6.7,0,0,0,1.3,0.0000,0.0000
2004,3,16,3,30,-6.7,0,0,0,1.1,0.0000,0.0000
2004,3,16,4,0,-6.7,0,0,0,1,0.0000,0.0000
2004,3,16,4,30,-6.7,0,0,0,0.8,0.0000,0.0000
2004,3,16,5,0,-6.7,0,0,0,0.6000000000000001,0.0000,0.0000
2004,3,16,5,30,-6.7,0,0,0,0.6000000000000001,0.0000,0.0000
2004,3,16,6,0,-6.6000000000000005,0,0,0,0.5,0.0000,0.0000
2004,3,16,6,30,-6.2,0,0,0,0.8,0.0000,0.0000
2004,3,16,7,0,-5.7,10,0,10,1.1,0.0000,0.0000
2004,3,16,7,30,-4.4,49,500,128,1.8,0.0000,0.0000
2004,3,16,8,0,-3.2,18,0,18,2.5,1.3118,1.0067
2004,3,16,8,30,-2.3000000000000003,22,0,22,2.8000000000000003,0.3059,0.2367
2004,3,16,9,0,-1.4000000000000001,105,1,106,3.2,1.1703,0.9107
2004,3,16,9,30,-0.6000000000000001,46,0,46,3.5,1.0992,0.8583
2004,3,16,10,0,0.2,79,0,80,3.8000000000000003,1.5766,1.2337
2004,3,16,10,30,0.5,131,0,131,3.9000000000000004,2.1206,1.6619
2004,3,16,11,0,0.7000000000000001,71,0,71,4.1000000000000005,2.3798,1.8669
2004,3,16,11,30,0.6000000000000001,82,0,82,4.3,2.2248,1.7464
2004,3,16,12,0,0.6000000000000001,90,0,90,4.5,1.1181,0.8780
2004,3,16,12,30,0.6000000000000001,60,0,60,4.7,9.0820,7.1329
2004,3,16,13,0,0.6000000000000001,98,0,98,4.9,5.5977,4.3961
2004,3,16,13,30,0.7000000000000001,135,0,135,5.1000000000000005,1.7610,1.3826
2004,3,16,14,0,0.8,118,0,118,5.2,4.3131,3.3846
2004,3,16,14,30,1.2000000000000002,168,1,168,5,2.4792,1.9439
2004,3,16,15,0,1.5,78,0,78,4.7,2.1007,1.6450
2004,3,16,15,30,2,108,0,108,4,1.3340,1.0427
2004,3,16,16,0,2.5,45,0,45,3.4000000000000004,13.4486,10.4822
2004,3,16,16,30,2.3000000000000003,58,0,58,2.5,0.6759,0.5245
2004,3,16,17,0,2,57,0,57,1.5,0.5455,0.4203
2004,3,16,17,30,1.1,53,573,166,1.6,0.3340,0.2549
2004,3,16,18,0,0.1,32,402,74,1.6,0.0000,0.0000
2004,3,16,18,30,-0.1,0,0,0,2,0.0000,0.0000
2004,3,16,19,0,-0.30000000000000004,0,0,0,2.4000000000000004,0.0000,0.0000
2004,3,16,19,30,-0.9,0,0,0,2.4000000000000004,0.0000,0.0000
2004,3,16,20,0,-1.5,0,0,0,2.5,0.0000,0.0000
2004,3,16,20,30,-2.2,0,0,0,2.2,0.0000,0.0000
2004,3,16,21,0,-3,0,0,0,1.9000000000000001,0.0000,0.0000
2004,3,16,21,30,-3.3000000000000003,0,0,0,1.8,0.0000,0.0000
2004,3,16,22,0,-3.6,0,0,0,1.8,0.0000,0.0000
2004,3,16,22,30,-3.1,0,0,0,1.8,0.0000,0.0000
2004,3,16,23,0,-2.6,0,0,0,1.8,0.0000,0.0000
2004,3,16,23,30,-2,0,0,0,1.8,0.0000,0.0000
2004,3,17,0,0,-1.3,0,0,0,1.7000000000000002,0.0000,0.0000
2004,3,17,0,30,-1,0,0,0,1.8,0.0000,0.0000
2004,3,17,1,0,-0.7000000000000001,0,0,0,1.9000000000000001,0.0000,0.0000
2004,3,17,1,30,-0.4,0,0,0,2.2,0.0000,0.0000
2004,3,17,2,0,-0.2,0,0,0,2.4000000000000004,0.0000,0.0000
2004,3,17,2,30,0.1,0,0,0,2.7,0.0000,0.0000
2004,3,17,3,0,0.30000000000000004,0,0,0,2.9000000000000004,0.0000,0.0000
2004,3,17,3,30,0.4,0,0,0,2.8000000000000003,0.0000,0.0000
2004,3,17,4,0,0.4,0,0,0,2.7,0.0000,0.0000
2004,3,17,4,30,0.30000000000000004,0,0,0,2.3000000000000003,0.0000,0.0000
2004,3,17,5,0,0.30000000000000004,0,0,0,2,0.0000,0.0000
2004,3,17,5,30,0.2,0,0,0,1.6,0.0000,0.0000
2004,3,17,6,0,0.1,0,0,0,1.3,0.0000,0.0000
2004,3,17,6,30,0.8,0,0,0,1,0.0000,0.0000
2004,3,17,7,0,1.5,14,0,14,0.8,0.0000,0.0000
2004,3,17,7,30,2.1,36,0,36,0.8,0.0000,0.0000
2004,3,17,8,0,2.7,54,1,54,0.7000000000000001,0.8770,0.6734
2004,3,17,8,30,3.2,54,0,54,0.9,1.1250,0.8710
2004,3,17,9,0,3.7,37,0,37,1.1,5.6535,4.4005
2004,3,17,9,30,4.2,84,0,84,1.4000000000000001,2.5335,1.9786
2004,3,17,10,0,4.7,80,0,80,1.7000000000000002,4.5125,3.5317
2004,3,17,10,30,5.5,123,0,123,1.8,7.5195,5.8938
2004,3,17,11,0,6.300000000000001,110,0,111,2,4.1267,3.2376
2004,3,17,11,30,7.4,157,0,157,2,4.8066,3.7734
2004,3,17,12,0,8.5,163,0,163,2,5.3025,4.1643
2004,3,17,12,30,9.4,215,0,216,1.8,3.5422,2.7822
2004,3,17,13,0,10.3,208,0,208,1.6,5.7807,4.5402
2004,3,17,13,30,10.700000000000001,125,920,782,1.9000000000000001,7.9328,6.2287
2004,3,17,14,0,11.100000000000001,118,921,749,2.2,6.8852,5.4034
2004,3,17,14,30,11.100000000000001,114,906,698,2.4000000000000004,9.6979,7.6045
2004,3,17,15,0,11.100000000000001,110,881,631,2.6,4.4342,3.4727
2004,3,17,15,30,10.8,103,851,554,2.6,6.0118,4.6997
2004,3,17,16,0,10.5,94,810,465,2.5,2.4346,1.8979
2004,3,17,16,30,9.1,84,753,369,1.8,3.0212,2.3450
2004,3,17,17,0,7.800000000000001,71,676,268,1.2000000000000002,2.8325,2.1833
2004,3,17,17,30,6.300000000000001,56,557,168,1.2000000000000002,7.9247,6.0505
2004,3,17,18,0,4.800000000000001,38,0,38,1.2000000000000002,0.0000,0.0000
2004,3,17,18,30,4.2,0,0,0,1.1,0.0000,0.0000
2004,3,17,19,0,3.6,0,0,0,1.1,0.0000,0.0000
2004,3,17,19,30,3.1,0,0,0,1.2000000000000002,0.0000,0.0000
2004,3,17,20,0,2.5,0,0,0,1.3,0.0000,0.0000
2004,3,17,20,30,2.4000000000000004,0,0,0,1.4000000000000001,0.0000,0.0000
2004,3,17,21,0,2.2,0,0,0,1.5,0.0000,0.0000
2004,3,17,21,30,2.4000000000000004,0,0,0,1.6,0.0000,0.0000
2004,3,17,22,0,2.6,0,0,0,1.6,0.0000,0.0000
2004,3,17,22,30,2.8000000000000003,0,0,0,1.8,0.0000,0.0000
2004,3,17,23,0,2.9000000000000004,0,0,0,1.9000000000000001,0.0000,0.0000
2004,3,17,23,30,3.1,0,0,0,2.2,0.0000,0.0000
2004,3,18,0,0,3.3000000000000003,0,0,0,2.5,0.0000,0.0000
2004,3,18,0,30,3.5,0,0,0,2.9000000000000004,0.0000,0.0000
2004,3,18,1,0,3.8000000000000003,0,0,0,3.3000000000000003,0.0000,0.0000
2004,3,18,1,30,3.9000000000000004,0,0,0,3.6,0.0000,0.0000
2004,3,18,2,0,4,0,0,0,4,0.0000,0.0000
2004,3,18,2,30,3.9000000000000004,0,0,0,4.4,0.0000,0.0000
2004,3,18,3,0,3.7,0,0,0,4.9,0.0000,0.0000
2004,3,18,3,30,3.3000000000000003,0,0,0,5,0.0000,0.0000
2004,3,18,4,0,2.9000000000000004,0,0,0,5.2,0.0000,0.0000
2004,3,18,4,30,2.3000000000000003,0,0,0,5.1000000000000005,0.0000,0.0000
2004,3,18,5,0,1.7000000000000002,0,0,0,4.9,0.0000,0.0000
2004,3,18,5,30,1.1,0,0,0,4.7,0.0000,0.0000
2004,3,18,6,0,0.6000000000000001,0,0,0,4.5,0.0000,0.0000
2004,3,18,6,30,0.8,0,0,0,4.7,0.0000,0.0000
2004,3,18,7,0,1.1,33,2,33,4.800000000000001,0.0000,0.0000
2004,3,18,7,30,2.1,80,10,81,4.9,0.0000,0.0000
2004,3,18,8,0,3.1,63,673,240,4.9,2.6381,2.0270
2004,3,18,8,30,4.2,75,761,342,5.5,2.7697,2.1454
2004,3,18,9,0,5.300000000000001,85,828,443,6.1000000000000005,1.9783,1.5403
2004,3,18,9,30,6,93,871,535,6,4.6359,3.6211
2004,3,18,10,0,6.7,97,909,619,6,4.5202,3.5383
2004,3,18,10,30,7.300000000000001,102,931,689,5.800000000000001,7.0706,5.5425
2004,3,18,11,0,7.800000000000001,104,952,747,5.6000000000000005,6.4601,5.0687
2004,3,18,11,30,8.200000000000001,107,963,790,5.4,9.2139,7.2340
2004,3,18,12,0,8.700000000000001,107,972,817,5.2,9.6141,7.5509
2004,3,18,12,30,9,108,974,828,4.9,12.7655,10.0274
2004,3,18,13,0,9.3,106,975,823,4.7,12.2819,9.6469
2004,3,18,13,30,9.4,105,970,802,4.3,46.0004,36.1216
2004,3,18,14,0,9.5,102,961,764,4,43.7513,34.3380
2004,3,18,14,30,9.5,99,942,709,3.7,40.3385,31.6338
2004,3,18,15,0,9.5,98,913,642,3.3000000000000003,35.9171,28.1323
2004,3,18,15,30,9.200000000000001,92,884,564,2.9000000000000004,30.8831,24.1457
2004,3,18,16,0,9,85,841,474,2.6,25.1998,19.6484
2004,3,18,16,30,8.200000000000001,76,788,378,1.9000000000000001,19.2598,14.9529
2004,3,18,17,0,7.4,66,712,277,1.3,13.3460,10.2912
2004,3,18,17,30,5.5,52,599,175,1.2000000000000002,8.0264,6.1303
2004,3,18,18,0,3.6,34,424,81,1.2000000000000002,0.0000,0.0000
2004,3,18,18,30,2.8000000000000003,11,117,13,1.5,0.0000,0.0000
2004,3,18,19,0,2,0,0,0,1.7000000000000002,0.0000,0.0000
2004,3,18,19,30,1.6,0,0,0,1.9000000000000001,0.0000,0.0000
2004,3,18,20,0,1.2000000000000002,0,0,0,2.2,0.0000,0.0000
2004,3,18,20,30,0.9,0,0,0,2.4000000000000004,0.0000,0.0000
2004,3,18,21,0,0.7000000000000001,0,0,0,2.7,0.0000,0.0000
2004,3,18,21,30,0.6000000000000001,0,0,0,2.9000000000000004,0.0000,0.0000
2004,3,18,22,0,0.4,0,0,0,3.2,0.0000,0.0000
2004,3,18,22,30,0.4,0,0,0,3.5,0.0000,0.0000
2004,3,18,23,0,0.30000000000000004,0,0,0,3.9000000000000004,0.0000,0.0000
2004,3,18,23,30,0.2,0,0,0,4.1000000000000005,0.0000,0.0000
2004,3,19,0,0,0.1,0,0,0,4.4,0.0000,0.0000
2004,3,19,0,30,-0.1,0,0,0,4.4,0.0000,0.0000
2004,3,19,1,0,-0.30000000000000004,0,0,0,4.5,0.0000,0.0000
2004,3,19,1,30,-0.5,0,0,0,4.6000000000000005,0.0000,0.0000
2004,3,19,2,0,-0.7000000000000001,0,0,0,4.7,0.0000,0.0000
2004,3,19,2,30,-0.8,0,0,0,4.800000000000001,0.0000,0.0000
2004,3,19,3,0,-0.9,0,0,0,4.9,0.0000,0.0000
2004,3,19,3,30,-1.1,0,0,0,5.1000000000000005,0.0000,0.0000
2004,3,19,4,0,-1.2000000000000002,0,0,0,5.2,0.0000,0.0000
2004,3,19,4,30,-1.2000000000000002,0,0,0,5.4,0.0000,0.0000
2004,3,19,5,0,-1.3,0,0,0,5.5,0.0000,0.0000
2004,3,19,5,30,-1.3,0,0,0,5.7,0.0000,0.0000
2004,3,19,6,0,-1.2000000000000002,0,0,0,5.9,0.0000,0.0000
2004,3,19,6,30,-0.5,0,0,0,6.2,0.0000,0.0000
2004,3,19,7,0,0.2,27,331,53,6.4,0.0000,0.0000
2004,3,19,7,30,1.8,46,540,141,6.9,0.0000,0.0000
2004,3,19,8,0,3.5,62,663,239,7.4,11.7587,9.0401
2004,3,19,8,30,5.5,219,27,229,8,17.5925,13.6325
2004,3,19,9,0,7.5,284,47,305,8.6,23.7447,18.4921
2004,3,19,9,30,9.3,318,38,338,8.700000000000001,29.5859,23.1143
2004,3,19,10,0,11.100000000000001,356,266,510,8.9,35.0354,27.4287
2004,3,19,10,30,12.8,362,253,522,9,39.6652,31.0964
2004,3,19,11,0,14.4,459,96,524,9.200000000000001,43.5305,34.1586
2004,3,19,11,30,15.8,473,245,648,9.200000000000001,46.4174,36.4461
2004,3,19,12,0,17.2,456,324,694,9.3,48.2406,37.8909
2004,3,19,12,30,18.3,482,90,549,9.4,48.9859,38.4815
2004,3,19,13,0,19.400000000000002,120,919,800,9.4,48.6467,38.2127
2004,3,19,13,30,20.1,118,914,778,9.4,47.2250,37.0859
2004,3,19,14,0,20.8,116,905,744,9.4,44.6753,35.0659
2004,3,19,14,30,21.3,233,664,666,9.1,41.0218,32.1726
2004,3,19,15,0,21.700000000000003,400,186,512,8.8,36.5907,28.6630
2004,3,19,15,30,21.6,224,479,482,8.200000000000001,31.4856,24.6199
2004,3,19,16,0,21.6,214,403,402,7.5,25.7302,20.0654
2004,3,19,16,30,20.8,198,313,319,7,19.7687,15.3518
2004,3,19,17,0,20,159,246,233,6.5,13.8225,10.6623
2004,3,19,17,30,18.8,111,200,152,6.300000000000001,8.3680,6.3936
2004,3,19,18,0,17.6,34,384,78,6.1000000000000005,0.0000,0.0000
2004,3,19,18,30,16.5,11,103,13,5.300000000000001,0.0000,0.0000
2004,3,19,19,0,15.4,0,0,0,4.5,0.0000,0.0000
2004,3,19,19,30,14.200000000000001,0,0,0,3.7,0.0000,0.0000
2004,3,19,20,0,13.100000000000001,0,0,0,2.9000000000000004,0.0000,0.0000
2004,3,19,20,30,12.3,0,0,0,2.6,0.0000,0.0000
2004,3,19,21,0,11.5,0,0,0,2.2,0.0000,0.0000
2004,3,19,21,30,11,0,0,0,2.6,0.0000,0.0000
2004,3,19,22,0,10.5,0,0,0,2.9000000000000004,0.0000,0.0000
2004,3,19,22,30,10,0,0,0,3.8000000000000003,0.0000,0.0000
2004,3,19,23,0,9.5,0,0,0,4.800000000000001,0.0000,0.0000
2004,3,19,23,30,9,0,0,0,5.7,0.0000,0.0000
2004,3,20,0,0,8.5,0,0,0,6.6000000000000005,0.0000,0.0000
2004,3,20,0,30,7.9,0,0,0,6.6000000000000005,0.0000,0.0000
2004,3,20,1,0,7.4,0,0,0,6.5,0.0000,0.0000
2004,3,20,1,30,6.800000000000001,0,0,0,6.300000000000001,0.0000,0.0000
2004,3,20,2,0,6.2,0,0,0,6.1000000000000005,0.0000,0.0000
2004,3,20,2,30,5.6000000000000005,0,0,0,5.800000000000001,0.0000,0.0000
2004,3,20,3,0,5,0,0,0,5.6000000000000005,0.0000,0.0000
2004,3,20,3,30,4.5,0,0,0,5.4,0.0000,0.0000
2004,3,20,4,0,4,0,0,0,5.1000000000000005,0.0000,0.0000
2004,3,20,4,30,3.6,0,0,0,5,0.0000,0.0000
2004,3,20,5,0,3.2,0,0,0,4.800000000000001,0.0000,0.0000
2004,3,20,5,30,2.9000000000000004,0,0,0,4.7,0.0000,0.0000
2004,3,20,6,0,2.6,0,0,0,4.7,0.0000,0.0000
2004,3,20,6,30,3.2,0,0,0,4.9,0.0000,0.0000
2004,3,20,7,0,3.8000000000000003,26,405,61,5.2,0.0000,0.0000
2004,3,20,7,30,5.2,41,612,152,5.300000000000001,6.7222,5.1232
2004,3,20,8,0,6.6000000000000005,52,735,253,5.4,11.7432,9.0333
2004,3,20,8,30,8.200000000000001,59,814,354,6.4,11.8139,9.1582
2004,3,20,9,0,9.700000000000001,65,871,451,7.300000000000001,16.3876,12.7659
2004,3,20,9,30,10.4,70,910,542,7.7,18.7298,14.6357
2004,3,20,10,0,11.100000000000001,73,940,622,8,28.9150,22.6404
2004,3,20,10,30,11.5,76,961,691,8.200000000000001,30.0945,23.5960
2004,3,20,11,0,11.9,80,973,747,8.3,30.5742,23.9940
2004,3,20,11,30,12.200000000000001,82,983,788,8.5,38.1180,29.9320
2004,3,20,12,0,12.4,82,989,814,8.6,41.0216,32.2231
2004,3,20,12,30,12.4,83,997,829,8.700000000000001,32.5124,25.5424
2004,3,20,13,0,12.5,86,991,823,8.9,47.3343,37.1844
2004,3,20,13,30,12.3,85,986,802,8.9,45.8578,36.0148
2004,3,20,14,0,12.200000000000001,265,694,750,9,43.5516,34.1866
2004,3,20,14,30,11.9,81,964,714,8.9,38.5766,30.2574
2004,3,20,15,0,11.600000000000001,77,953,653,8.9,29.2163,22.8885
2004,3,20,15,30,10.9,74,927,575,8.8,26.9460,21.0729
2004,3,20,16,0,10.3,69,891,488,8.700000000000001,21.8576,17.0483
2004,3,20,16,30,9.200000000000001,63,842,392,8.200000000000001,16.7146,12.9831
2004,3,20,17,0,8.200000000000001,159,230,229,7.800000000000001,11.6508,8.9902
2004,3,20,17,30,6.7,119,38,127,6.9,7.2752,5.5607
2004,3,20,18,0,5.300000000000001,33,499,92,6,0.0000,0.0000
2004,3,20,18,30,4.1000000000000005,13,187,17,5.4,0.0000,0.0000
2004,3,20,19,0,2.8000000000000003,0,0,0,4.7,0.0000,0.0000
2004,3,20,19,30,2,0,0,0,4.4,0.0000,0.0000
2004,3,20,20,0,1.1,0,0,0,4.1000000000000005,0.0000,0.0000
2004,3,20,20,30,0.4,0,0,0,4.1000000000000005,0.0000,0.0000
2004,3,20,21,0,-0.30000000000000004,0,0,0,4,0.0000,0.0000
2004,3,20,21,30,-0.8,0,0,0,3.9000000000000004,0.0000,0.0000
2004,3,20,22,0,-1.4000000000000001,0,0,0,3.7,0.0000,0.0000
2004,3,20,22,30,-1.9000000000000001,0,0,0,3.6,0.0000,0.0000
2004,3,20,23,0,-2.4000000000000004,0,0,0,3.5,0.0000,0.0000
2004,3,20,23,30,-2.9000000000000004,0,0,0,3.3000000000000003,0.0000,0.0000
2004,3,21,0,0,-3.4000000000000004,0,0,0,3.2,0.0000,0.0000
2004,3,21,0,30,-3.8000000000000003,0,0,0,3,0.0000,0.0000
2004,3,21,1,0,-4.3,0,0,0,2.9000000000000004,0.0000,0.0000
2004,3,21,1,30,-4.7,0,0,0,2.8000000000000003,0.0000,0.0000
2004,3,21,2,0,-5.1000000000000005,0,0,0,2.7,0.0000,0.0000
2004,3,21,2,30,-5.4,0,0,0,2.7,0.0000,0.0000
2004,3,21,3,0,-5.6000000000000005,0,0,0,2.7,0.0000,0.0000
2004,3,21,3,30,-5.800000000000001,0,0,0,2.7,0.0000,0.0000
2004,3,21,4,0,-6,0,0,0,2.7,0.0000,0.0000
2004,3,21,4,30,-6.2,0,0,0,2.6,0.0000,0.0000
2004,3,21,5,0,-6.300000000000001,0,0,0,2.6,0.0000,0.0000
2004,3,21,5,30,-6.4,0,0,0,2.7,0.0000,0.0000
2004,3,21,6,0,-6.4,0,0,0,2.9000000000000004,0.0000,0.0000
2004,3,21,6,30,-5.800000000000001,0,0,0,3.5,0.0000,0.0000
2004,3,21,7,0,-5.300000000000001,27,454,69,4.1000000000000005,0.0000,0.0000
2004,3,21,7,30,-4.5,42,651,163,4.2,7.2448,5.5235
2004,3,21,8,0,-3.6,52,767,266,4.4,12.4683,9.5965
2004,3,21,8,30,-2.6,60,843,369,4.3,18.3149,14.2032
2004,3,21,9,0,-1.7000000000000002,66,895,468,4.3,24.2900,18.9266
2004,3,21,9,30,-0.8,259,388,462,4,30.0929,23.5192
2004,3,21,10,0,0.2,75,952,636,3.7,35.3222,27.6610
2004,3,21,10,30,1.1,78,972,705,3.5,39.8943,31.2831
2004,3,21,11,0,1.9000000000000001,81,985,761,3.3000000000000003,43.6400,34.2509
2004,3,21,11,30,2.7,83,995,803,3.2,46.4058,36.4429
2004,3,21,12,0,3.4000000000000004,104,964,822,3.1,48.1651,37.8372
2004,3,21,12,30,3.9000000000000004,104,961,828,3,49.1441,38.6113
2004,3,21,13,0,4.4,111,946,820,2.9000000000000004,48.7428,38.2935
2004,3,21,13,30,4.6000000000000005,297,668,786,2.8000000000000003,47.3204,37.1662
2004,3,21,14,0,4.800000000000001,387,353,636,2.7,43.9484,34.5006
2004,3,21,14,30,4.9,372,309,576,2.6,41.4036,32.4776
2004,3,21,15,0,4.9,351,261,509,2.5,37.3077,29.2304
2004,3,21,15,30,4.6000000000000005,190,536,483,2.4000000000000004,32.1900,25.1771
2004,3,21,16,0,4.4,285,84,324,2.3000000000000003,26.5767,20.7324
2004,3,21,16,30,3.8000000000000003,207,21,215,2,20.5780,15.9876
2004,3,21,17,0,3.3000000000000003,153,10,156,1.7000000000000002,11.4753,8.8579
2004,3,21,17,30,2.2,104,5,105,1.3,6.0855,4.6531
2004,3,21,18,0,1.1,38,2,39,0.9,0.0000,0.0000
2004,3,21,18,30,0.7000000000000001,8,0,8,0.9,0.0000,0.0000
2004,3,21,19,0,0.30000000000000004,0,0,0,1,0.0000,0.0000
2004,3,21,19,30,0,0,0,0,1,0.0000,0.0000
2004,3,21,20,0,-0.2,0,0,0,1.1,0.0000,0.0000
2004,3,21,20,30,-0.4,0,0,0,1.1,0.0000,0.0000
2004,3,21,21,0,-0.6000000000000001,0,0,0,1.2000000000000002,0.0000,0.0000
2004,3,21,21,30,-0.8,0,0,0,1.2000000000000002,0.0000,0.0000
2004,3,21,22,0,-1,0,0,0,1.2000000000000002,0.0000,0.0000
2004,3,21,22,30,-1.4000000000000001,0,0,0,1.3,0.0000,0.0000
2004,3,21,23,0,-1.7000000000000002,0,0,0,1.3,0.0000,0.0000
2004,3,21,23,30,-1.9000000000000001,0,0,0,1.3,0.0000,0.0000
2004,3,22,0,0,-2.1,0,0,0,1.3,0.0000,0.0000
2004,3,22,0,30,-2.2,0,0,0,1.3,0.0000,0.0000
2004,3,22,1,0,-2.3000000000000003,0,0,0,1.3,0.0000,0.0000
2004,3,22,1,30,-2.4000000000000004,0,0,0,1.3,0.0000,0.0000
2004,3,22,2,0,-2.5,0,0,0,1.4000000000000001,0.0000,0.0000
2004,3,22,2,30,-2.7,0,0,0,1.5,0.0000,0.0000
2004,3,22,3,0,-2.8000000000000003,0,0,0,1.6,0.0000,0.0000
2004,3,22,3,30,-3,0,0,0,1.7000000000000002,0.0000,0.0000
2004,3,22,4,0,-3.2,0,0,0,1.8,0.0000,0.0000
2004,3,22,4,30,-3.3000000000000003,0,0,0,1.9000000000000001,0.0000,0.0000
2004,3,22,5,0,-3.4000000000000004,0,0,0,2,0.0000,0.0000
2004,3,22,5,30,-3.5,0,0,0,2.2,0.0000,0.0000
2004,3,22,6,0,-3.5,0,0,0,2.4000000000000004,0.0000,0.0000
2004,3,22,6,30,-2.7,0,0,0,3,0.0000,0.0000
2004,3,22,7,0,-1.9000000000000001,31,387,68,3.6,0.0000,0.0000
2004,3,22,7,30,-0.5,47,586,160,4.3,7.7703,5.9268
2004,3,22,8,0,0.9,58,723,264,5,13.1486,10.1258
2004,3,22,8,30,2.2,67,802,365,5.4,19.1467,14.8539
2004,3,22,9,0,3.4000000000000004,72,855,461,5.800000000000001,25.2666,19.6926
2004,3,22,9,30,4.4,77,895,551,6.1000000000000005,25.7018,20.0910
2004,3,22,10,0,5.4,81,925,631,6.300000000000001,36.1764,28.3338
2004,3,22,10,30,6.300000000000001,84,947,700,6.5,40.7594,31.9649
2004,3,22,11,0,7.2,87,957,752,6.7,44.5123,34.9387
2004,3,22,11,30,8,89,967,794,6.7,47.3418,37.1809
2004,3,22,12,0,8.8,100,956,816,6.800000000000001,48.6898,38.2521
2004,3,22,12,30,9.5,358,491,730,6.7,49.1337,38.6058
2004,3,22,13,0,10.100000000000001,101,949,816,6.6000000000000005,48.6130,38.1942
2004,3,22,13,30,10.600000000000001,100,940,792,6.4,46.4214,36.4626
2004,3,22,14,0,11,187,763,726,6.2,37.3063,29.2886
2004,3,22,14,30,11.3,345,355,581,5.9,33.4372,26.2308
2004,3,22,15,0,11.600000000000001,86,906,641,5.6000000000000005,29.1157,22.8142
2004,3,22,15,30,11.600000000000001,187,538,483,5.2,27.0756,21.1794
2004,3,22,16,0,11.5,158,571,430,4.800000000000001,17.6735,13.7892
2004,3,22,16,30,10.600000000000001,221,174,291,3.8000000000000003,11.3082,8.7877
2004,3,22,17,0,9.700000000000001,165,137,208,2.9000000000000004,7.8333,6.0486
2004,3,22,17,30,8.4,120,123,147,2.6,5.0375,3.8533
2004,3,22,18,0,7,42,357,87,2.4000000000000004,0.0000,0.0000
2004,3,22,18,30,6.7,15,94,18,2.7,0.0000,0.0000
2004,3,22,19,0,6.4,0,0,0,3,0.0000,0.0000
2004,3,22,19,30,6.2,0,0,0,3.3000000000000003,0.0000,0.0000
2004,3,22,20,0,6,0,0,0,3.5,0.0000,0.0000
2004,3,22,20,30,5.800000000000001,0,0,0,3.8000000000000003,0.0000,0.0000
2004,3,22,21,0,5.5,0,0,0,4,0.0000,0.0000
2004,3,22,21,30,5.300000000000001,0,0,0,4.1000000000000005,0.0000,0.0000
2004,3,22,22,0,5.1000000000000005,0,0,0,4.3,0.0000,0.0000
2004,3,22,22,30,4.800000000000001,0,0,0,4.3,0.0000,0.0000
2004,3,22,23,0,4.6000000000000005,0,0,0,4.4,0.0000,0.0000
2004,3,22,23,30,4.5,0,0,0,4.5,0.0000,0.0000
2004,3,23,0,0,4.3,0,0,0,4.6000000000000005,0.0000,0.0000
2004,3,23,0,30,4.2,0,0,0,4.4,0.0000,0.0000
2004,3,23,1,0,4.1000000000000005,0,0,0,4.2,0.0000,0.0000
2004,3,23,1,30,3.9000000000000004,0,0,0,4,0.0000,0.0000
2004,3,23,2,0,3.8000000000000003,0,0,0,3.8000000000000003,0.0000,0.0000
2004,3,23,2,30,3.7,0,0,0,3.6,0.0000,0.0000
2004,3,23,3,0,3.7,0,0,0,3.4000000000000004,0.0000,0.0000
2004,3,23,3,30,3.5,0,0,0,2.9000000000000004,0.0000,0.0000
2004,3,23,4,0,3.3000000000000003,0,0,0,2.4000000000000004,0.0000,0.0000
2004,3,23,4,30,3.1,0,0,0,2,0.0000,0.0000
2004,3,23,5,0,3,0,0,0,1.7000000000000002,0.0000,0.0000
2004,3,23,5,30,2.9000000000000004,0,0,0,1.6,0.0000,0.0000
2004,3,23,6,0,2.8000000000000003,0,0,0,1.5,0.0000,0.0000
2004,3,23,6,30,3.5,0,0,0,2.1,0.0000,0.0000
2004,3,23,7,0,4.1000000000000005,15,0,15,2.6,0.0000,0.0000
2004,3,23,7,30,4.7,67,4,68,2.8000000000000003,7.6312,5.8233
2004,3,23,8,0,5.2,155,187,209,3,13.0884,10.0847
2004,3,23,8,30,6.2,197,193,269,3.1,18.9922,14.7393
2004,3,23,9,0,7.300000000000001,198,31,212,3.2,24.9462,19.4477
2004,3,23,9,30,8.4,254,58,285,3.3000000000000003,30.7109,24.0107
2004,3,23,10,0,9.5,302,100,362,3.3000000000000003,35.9483,28.1588
2004,3,23,10,30,10.200000000000001,357,176,472,3.5,40.5258,31.7850
2004,3,23,11,0,10.9,330,53,367,3.7,44.0388,34.5701
2004,3,23,11,30,11.4,372,144,478,3.9000000000000004,46.8611,36.8061
2004,3,23,12,0,11.9,396,180,531,4.2,48.3832,38.0140
2004,3,23,12,30,12.200000000000001,389,141,497,4.4,43.3597,34.0712
2004,3,23,13,0,12.5,391,196,540,4.7,48.4216,38.0463
2004,3,23,13,30,12.700000000000001,374,231,545,4.800000000000001,46.8205,36.7785
2004,3,23,14,0,12.9,376,202,520,4.800000000000001,42.6271,33.4683
2004,3,23,14,30,13.100000000000001,392,160,499,4.800000000000001,33.7633,26.4888
2004,3,23,15,0,13.200000000000001,264,512,580,4.7,36.7099,28.7676
2004,3,23,15,30,13.3,264,356,461,4.4,27.1125,21.2108
2004,3,23,16,0,13.4,231,35,248,4.1000000000000005,23.4912,18.3311
2004,3,23,16,30,12.9,140,7,143,3.5,15.3336,11.9184
2004,3,23,17,0,12.4,115,8,117,2.8000000000000003,10.4658,8.0839
2004,3,23,17,30,11.3,107,11,109,2.3000000000000003,7.0609,5.4031
2004,3,23,18,0,10.200000000000001,25,0,25,1.8,0.0000,0.0000
2004,3,23,18,30,9.700000000000001,5,0,5,1.6,0.0000,0.0000
2004,3,23,19,0,9.3,0,0,0,1.4000000000000001,0.0000,0.0000
2004,3,23,19,30,9.3,0,0,0,1.3,0.0000,0.0000
2004,3,23,20,0,9.200000000000001,0,0,0,1.1,0.0000,0.0000
2004,3,23,20,30,9.200000000000001,0,0,0,1.1,0.0000,0.0000
2004,3,23,21,0,9.3,0,0,0,1,0.0000,0.0000
2004,3,23,21,30,9.1,0,0,0,1,0.0000,0.0000
2004,3,23,22,0,8.9,0,0,0,0.9,0.0000,0.0000
2004,3,23,22,30,8.5,0,0,0,1,0.0000,0.0000
2004,3,23,23,0,8.1,0,0,0,1.1,0.0000,0.0000
2004,3,23,23,30,7.9,0,0,0,1.3,0.0000,0.0000
2004,3,24,0,0,7.800000000000001,0,0,0,1.4000000000000001,0.0000,0.0000
2004,3,24,0,30,7.9,0,0,0,1.6,0.0000,0.0000
2004,3,24,1,0,8.1,0,0,0,1.7000000000000002,0.0000,0.0000
2004,3,24,1,30,8,0,0,0,1.7000000000000002,0.0000,0.0000
2004,3,24,2,0,8,0,0,0,1.8,0.0000,0.0000
2004,3,24,2,30,7.9,0,0,0,1.8,0.0000,0.0000
2004,3,24,3,0,7.800000000000001,0,0,0,1.7000000000000002,0.0000,0.0000
2004,3,24,3,30,7.6000000000000005,0,0,0,1.9000000000000001,0.0000,0.0000
2004,3,24,4,0,7.4,0,0,0,2,0.0000,0.0000
2004,3,24,4,30,7.1000000000000005,0,0,0,2.1,0.0000,0.0000
2004,3,24,5,0,6.800000000000001,0,0,0,2.3000000000000003,0.0000,0.0000
2004,3,24,5,30,6.7,0,0,0,2.3000000000000003,0.0000,0.0000
2004,3,24,6,0,6.6000000000000005,0,0,0,2.3000000000000003,0.0000,0.0000
2004,3,24,6,30,6.9,0,0,0,2.3000000000000003,0.0000,0.0000
2004,3,24,7,0,7.2,38,284,69,2.3000000000000003,0.0000,0.0000
2004,3,24,7,30,8.1,60,471,156,2.2,3.2460,2.4783
2004,3,24,8,0,9,76,597,252,2.1,10.3924,8.0116
2004,3,24,8,30,11,88,682,350,2.5,14.0357,10.8965
2004,3,24,9,0,13,99,737,441,2.8000000000000003,11.4981,8.9659
2004,3,24,9,30,15.200000000000001,106,782,528,3.2,15.9145,12.4445
2004,3,24,10,0,17.5,119,799,602,3.6,20.6559,16.1822
2004,3,24,10,30,19.1,124,825,669,3.9000000000000004,27.3618,21.4625
2004,3,24,11,0,20.8,133,830,718,4.1000000000000005,21.5177,16.8927
2004,3,24,11,30,21.8,136,843,758,4.2,28.2414,22.1833
2004,3,24,12,0,22.900000000000002,296,634,777,4.4,31.5159,24.7633
2004,3,24,12,30,23.6,124,877,796,4.5,29.5486,23.2203
2004,3,24,13,0,24.200000000000003,131,859,785,4.7,32.0735,25.2027
2004,3,24,13,30,24.3,129,853,764,4.800000000000001,32.2490,25.3340
2004,3,24,14,0,24.5,136,821,723,4.9,30.5621,23.9973
2004,3,24,14,30,24.3,296,554,669,4.9,29.0275,22.7751
2004,3,24,15,0,24.1,214,601,586,4.9,33.2541,26.0619
2004,3,24,15,30,23.5,202,574,521,4.7,25.9110,20.2732
2004,3,24,16,0,23,186,514,435,4.5,13.5696,10.5906
2004,3,24,16,30,21.900000000000002,184,334,319,4.1000000000000005,7.5487,5.8687
2004,3,24,17,0,20.700000000000003,128,396,254,3.7,5.8990,4.5579
2004,3,24,17,30,19.1,114,12,117,3.6,5.2426,4.0133
2004,3,24,18,0,17.5,66,21,69,3.4000000000000004,0.0000,0.0000
2004,3,24,18,30,17,15,0,15,3.8000000000000003,0.0000,0.0000
2004,3,24,19,0,16.400000000000002,0,0,0,4.2,0.0000,0.0000
2004,3,24,19,30,16,0,0,0,4.4,0.0000,0.0000
2004,3,24,20,0,15.5,0,0,0,4.5,0.0000,0.0000
2004,3,24,20,30,15.100000000000001,0,0,0,4.4,0.0000,0.0000
2004,3,24,21,0,14.600000000000001,0,0,0,4.3,0.0000,0.0000
2004,3,24,21,30,14.4,0,0,0,4.3,0.0000,0.0000
2004,3,24,22,0,14.200000000000001,0,0,0,4.2,0.0000,0.0000
2004,3,24,22,30,14.100000000000001,0,0,0,4.1000000000000005,0.0000,0.0000
2004,3,24,23,0,14,0,0,0,4,0.0000,0.0000
2004,3,24,23,30,13.9,0,0,0,3.8000000000000003,0.0000,0.0000
2004,3,25,0,0,13.700000000000001,0,0,0,3.5,0.0000,0.0000
2004,3,25,0,30,13.5,0,0,0,3.4000000000000004,0.0000,0.0000
2004,3,25,1,0,13.3,0,0,0,3.3000000000000003,0.0000,0.0000
2004,3,25,1,30,13.3,0,0,0,3.4000000000000004,0.0000,0.0000
2004,3,25,2,0,13.200000000000001,0,0,0,3.5,0.0000,0.0000
2004,3,25,2,30,13.200000000000001,0,0,0,3.7,0.0000,0.0000
2004,3,25,3,0,13.200000000000001,0,0,0,4,0.0000,0.0000
2004,3,25,3,30,13.200000000000001,0,0,0,4.2,0.0000,0.0000
2004,3,25,4,0,13.200000000000001,0,0,0,4.4,0.0000,0.0000
2004,3,25,4,30,13.3,0,0,0,4.6000000000000005,0.0000,0.0000
2004,3,25,5,0,13.4,0,0,0,4.9,0.0000,0.0000
2004,3,25,5,30,13.5,0,0,0,5,0.0000,0.0000
2004,3,25,6,0,13.600000000000001,0,0,0,5.1000000000000005,0.0000,0.0000
2004,3,25,6,30,14,2,0,2,5.2,0.0000,0.0000
2004,3,25,7,0,14.4,16,0,16,5.4,0.0000,0.0000
2004,3,25,7,30,15.100000000000001,30,0,30,5.6000000000000005,7.4554,5.6950
2004,3,25,8,0,15.700000000000001,11,0,11,5.800000000000001,12.5691,9.6948
2004,3,25,8,30,16.5,24,0,24,6.300000000000001,18.3119,14.2212
2004,3,25,9,0,17.3,33,0,33,6.800000000000001,23.9719,18.6968
2004,3,25,9,30,18.1,39,0,39,6.7,29.5375,23.1010
2004,3,25,10,0,19,99,0,99,6.7,34.4026,26.9548
2004,3,25,10,30,19.6,143,0,143,6.6000000000000005,38.8333,30.4637
2004,3,25,11,0,20.3,222,6,227,6.4,42.1462,33.0901
2004,3,25,11,30,20.6,255,8,260,6.2,44.8317,35.2175
2004,3,25,12,0,20.8,355,72,411,6,46.1614,36.2733
2004,3,25,12,30,20.900000000000002,333,32,358,5.800000000000001,47.3689,37.2264
2004,3,25,13,0,21.1,374,115,463,5.6000000000000005,46.6680,36.6731
2004,3,25,13,30,21.5,337,43,369,5.4,45.2496,35.5492
2004,3,25,14,0,21.900000000000002,224,5,228,5.1000000000000005,42.5334,33.3994
2004,3,25,14,30,22.200000000000003,303,51,337,4.7,38.9569,30.5680
2004,3,25,15,0,22.6,260,5,263,4.2,33.6357,26.3633
2004,3,25,15,30,22.400000000000002,201,1,201,3.5,29.3209,22.9437
2004,3,25,16,0,22.200000000000003,279,131,343,2.9000000000000004,23.8370,18.6065
2004,3,25,16,30,21.200000000000003,149,2,150,2,16.8684,13.1169
2004,3,25,17,0,20.200000000000003,133,4,135,1.2000000000000002,12.8314,9.9172
2004,3,25,17,30,19,119,206,166,1.3,5.6353,4.3155
2004,3,25,18,0,17.7,47,296,87,1.4000000000000001,0.0000,0.0000
2004,3,25,18,30,16.900000000000002,17,77,20,1.5,0.0000,0.0000
2004,3,25,19,0,16,0,0,0,1.6,0.0000,0.0000
2004,3,25,19,30,15.5,0,0,0,1.6,0.0000,0.0000
2004,3,25,20,0,14.9,0,0,0,1.6,0.0000,0.0000
2004,3,25,20,30,14.5,0,0,0,1.5,0.0000,0.0000
2004,3,25,21,0,14,0,0,0,1.3,0.0000,0.0000
2004,3,25,21,30,13.600000000000001,0,0,0,1.2000000000000002,0.0000,0.0000
2004,3,25,22,0,13.3,0,0,0,1.1,0.0000,0.0000
2004,3,25,22,30,13.100000000000001,0,0,0,0.9,0.0000,0.0000
2004,3,25,23,0,12.9,0,0,0,0.8,0.0000,0.0000
2004,3,25,23,30,12.700000000000001,0,0,0,0.7000000000000001,0.0000,0.0000
2004,3,26,0,0,12.600000000000001,0,0,0,0.7000000000000001,0.0000,0.0000
2004,3,26,0,30,12.4,0,0,0,0.7000000000000001,0.0000,0.0000
2004,3,26,1,0,12.3,0,0,0,0.6000000000000001,0.0000,0.0000
2004,3,26,1,30,12.200000000000001,0,0,0,0.6000000000000001,0.0000,0.0000
2004,3,26,2,0,12.100000000000001,0,0,0,0.6000000000000001,0.0000,0.0000
2004,3,26,2,30,12,0,0,0,0.6000000000000001,0.0000,0.0000
2004,3,26,3,0,11.9,0,0,0,0.7000000000000001,0.0000,0.0000
2004,3,26,3,30,11.700000000000001,0,0,0,0.9,0.0000,0.0000
2004,3,26,4,0,11.5,0,0,0,1.1,0.0000,0.0000
2004,3,26,4,30,11.200000000000001,0,0,0,1.4000000000000001,0.0000,0.0000
2004,3,26,5,0,10.9,0,0,0,1.7000000000000002,0.0000,0.0000
2004,3,26,5,30,10.8,0,0,0,2,0.0000,0.0000
2004,3,26,6,0,10.700000000000001,0,0,0,2.3000000000000003,0.0000,0.0000
2004,3,26,6,30,11.600000000000001,12,50,13,3,0.0000,0.0000
2004,3,26,7,0,12.5,41,292,75,3.8000000000000003,0.0000,0.0000
2004,3,26,7,30,13.4,62,470,162,4,1.4358,1.0974
2004,3,26,8,0,14.4,89,0,89,4.2,0.5503,0.4247
2004,3,26,8,30,15.5,108,0,108,4.5,1.2591,0.9781
2004,3,26,9,0,16.6,149,0,149,4.800000000000001,1.7978,1.4025
2004,3,26,9,30,17.6,147,0,147,5.1000000000000005,2.1857,1.7097
2004,3,26,10,0,18.5,179,0,179,5.300000000000001,5.6660,4.4399
2004,3,26,10,30,19.5,131,0,131,5.4,8.3115,6.5208
2004,3,26,11,0,20.400000000000002,231,0,232,5.5,13.3400,10.4744
2004,3,26,11,30,21.200000000000003,234,0,234,5.5,15.3936,12.0933
2004,3,26,12,0,21.900000000000002,174,0,174,5.6000000000000005,24.4408,19.2067
2004,3,26,12,30,22.400000000000002,177,0,177,5.6000000000000005,21.3239,16.7591
2004,3,26,13,0,22.8,215,0,215,5.6000000000000005,27.5500,21.6509
2004,3,26,13,30,22.900000000000002,425,100,500,5.6000000000000005,21.8742,17.1860
2004,3,26,14,0,23.1,186,0,186,5.6000000000000005,13.4256,10.5431
2004,3,26,14,30,22.900000000000002,384,81,440,5.6000000000000005,19.6434,15.4146
2004,3,26,15,0,22.8,314,31,334,5.6000000000000005,15.1126,11.8461
2004,3,26,15,30,22.5,215,1,216,5.6000000000000005,11.3262,8.8637
2004,3,26,16,0,22.200000000000003,271,44,293,5.6000000000000005,18.8232,14.6950
2004,3,26,16,30,21.5,112,610,364,5.1000000000000005,7.9460,6.1801
2004,3,26,17,0,20.8,100,519,268,4.7,6.8337,5.2833
2004,3,26,17,30,19.900000000000002,80,403,174,4.7,8.0071,6.1343
2004,3,26,18,0,19.1,54,234,87,4.7,0.0000,0.0000
2004,3,26,18,30,18.7,18,46,20,5.1000000000000005,0.0000,0.0000
2004,3,26,19,0,18.3,0,0,0,5.4,0.0000,0.0000
2004,3,26,19,30,18.1,0,0,0,5.4,0.0000,0.0000
2004,3,26,20,0,17.8,0,0,0,5.5,0.0000,0.0000
2004,3,26,20,30,17.400000000000002,0,0,0,5.300000000000001,0.0000,0.0000
2004,3,26,21,0,17.1,0,0,0,5.2,0.0000,0.0000
2004,3,26,21,30,16.8,0,0,0,5.1000000000000005,0.0000,0.0000
2004,3,26,22,0,16.5,0,0,0,5.1000000000000005,0.0000,0.0000
2004,3,26,22,30,16.3,0,0,0,5.1000000000000005,0.0000,0.0000
2004,3,26,23,0,16.1,0,0,0,5.2,0.0000,0.0000
2004,3,26,23,30,16,0,0,0,5.2,0.0000,0.0000
2004,3,27,0,0,15.9,0,0,0,5.2,0.0000,0.0000
2004,3,27,0,30,15.8,0,0,0,5.300000000000001,0.0000,0.0000
2004,3,27,1,0,15.700000000000001,0,0,0,5.300000000000001,0.0000,0.0000
2004,3,27,1,30,15.600000000000001,0,0,0,5.4,0.0000,0.0000
2004,3,27,2,0,15.600000000000001,0,0,0,5.5,0.0000,0.0000
2004,3,27,2,30,15.5,0,0,0,5.5,0.0000,0.0000
2004,3,27,3,0,15.5,0,0,0,5.6000000000000005,0.0000,0.0000
2004,3,27,3,30,15.4,0,0,0,5.7,0.0000,0.0000
2004,3,27,4,0,15.4,0,0,0,5.7,0.0000,0.0000
2004,3,27,4,30,15.4,0,0,0,5.800000000000001,0.0000,0.0000
2004,3,27,5,0,15.4,0,0,0,5.800000000000001,0.0000,0.0000
2004,3,27,5,30,15.4,0,0,0,5.800000000000001,0.0000,0.0000
2004,3,27,6,0,15.4,0,0,0,5.800000000000001,0.0000,0.0000
2004,3,27,6,30,15.5,6,0,6,5.7,0.0000,0.0000
2004,3,27,7,0,15.600000000000001,9,0,9,5.6000000000000005,0.0000,0.0000
2004,3,27,7,30,15.9,15,0,15,5.6000000000000005,7.7655,5.9385
2004,3,27,8,0,16.2,19,0,19,5.6000000000000005,4.4657,3.4478
2004,3,27,8,30,16.5,19,0,19,5.800000000000001,5.6808,4.4147
2004,3,27,9,0,16.8,30,0,30,6,8.1348,6.3475
2004,3,27,9,30,17.1,34,0,34,6.300000000000001,8.2529,6.4565
2004,3,27,10,0,17.400000000000002,91,0,91,6.6000000000000005,10.2596,8.0404
2004,3,27,10,30,17.5,90,0,90,6.7,7.6235,5.9816
2004,3,27,11,0,17.7,241,6,246,6.9,13.6487,10.7177
2004,3,27,11,30,17.8,319,52,358,7.300000000000001,13.8680,10.8955
2004,3,27,12,0,18,36,0,36,7.6000000000000005,10.3569,8.1395
2004,3,27,12,30,18.3,68,0,68,7.9,10.5522,8.2938
2004,3,27,13,0,18.6,228,3,230,8.200000000000001,12.8045,10.0634
2004,3,27,13,30,18.8,122,0,122,8.3,29.6665,23.3096
2004,3,27,14,0,19.1,287,17,300,8.3,10.9625,8.6095
2004,3,27,14,30,19,155,1,156,8.1,25.6730,20.1476
2004,3,27,15,0,19,146,2,147,7.800000000000001,19.2133,15.0618
2004,3,27,15,30,18.5,177,7,181,7.800000000000001,12.1861,9.5376
2004,3,27,16,0,18,197,21,208,7.800000000000001,16.1027,12.5729
2004,3,27,16,30,17.3,73,1,74,7.9,19.3163,15.0266
2004,3,27,17,0,16.5,17,0,17,8.1,13.5924,10.5117
2004,3,27,17,30,16.2,49,1,49,8,8.4058,6.4423
2004,3,27,18,0,15.9,34,0,34,7.800000000000001,0.0000,0.0000
2004,3,27,18,30,15.100000000000001,9,0,9,7.5,0.0000,0.0000
2004,3,27,19,0,14.3,0,0,0,7.300000000000001,0.0000,0.0000
2004,3,27,19,30,12.100000000000001,0,0,0,7.300000000000001,0.0000,0.0000
2004,3,27,20,0,9.9,0,0,0,7.4,0.0000,0.0000
2004,3,27,20,30,8.5,0,0,0,6.800000000000001,0.0000,0.0000
2004,3,27,21,0,7.1000000000000005,0,0,0,6.2,0.0000,0.0000
2004,3,27,21,30,6.5,0,0,0,5.9,0.0000,0.0000
2004,3,27,22,0,5.9,0,0,0,5.5,0.0000,0.0000
2004,3,27,22,30,5.6000000000000005,0,0,0,5.2,0.0000,0.0000
2004,3,27,23,0,5.2,0,0,0,4.9,0.0000,0.0000
2004,3,27,23,30,4.9,0,0,0,4.7,0.0000,0.0000
2004,3,28,0,0,4.6000000000000005,0,0,0,4.4,0.0000,0.0000
2004,3,28,0,30,4.3,0,0,0,4.3,0.0000,0.0000
2004,3,28,1,0,4,0,0,0,4.2,0.0000,0.0000
2004,3,28,1,30,3.9000000000000004,0,0,0,4.1000000000000005,0.0000,0.0000
2004,3,28,2,0,3.8000000000000003,0,0,0,4.1000000000000005,0.0000,0.0000
2004,3,28,2,30,3.9000000000000004,0,0,0,4.3,0.0000,0.0000
2004,3,28,3,0,3.9000000000000004,0,0,0,4.5,0.0000,0.0000
2004,3,28,3,30,3.8000000000000003,0,0,0,4.7,0.0000,0.0000
2004,3,28,4,0,3.8000000000000003,0,0,0,4.9,0.0000,0.0000
2004,3,28,4,30,3.6,0,0,0,3.9000000000000004,0.0000,0.0000
2004,3,28,5,0,3.4000000000000004,0,0,0,2.8000000000000003,0.0000,0.0000
2004,3,28,5,30,3.4000000000000004,0,0,0,3,0.0000,0.0000
2004,3,28,6,0,3.3000000000000003,0,0,0,3.2,0.0000,0.0000
2004,3,28,6,30,3.9000000000000004,10,0,10,3.8000000000000003,0.0000,0.0000
2004,3,28,7,0,4.4,51,1,51,4.4,0.0000,0.0000
2004,3,28,7,30,5.300000000000001,123,105,146,4.4,0.7204,0.5512
2004,3,28,8,0,6.2,119,471,268,4.5,0.9563,0.7387
2004,3,28,8,30,7.9,151,485,347,5.4,1.0020,0.7789
2004,3,28,9,0,9.600000000000001,222,324,379,6.2,1.6414,1.2810
2004,3,28,9,30,10.700000000000001,169,652,534,6.300000000000001,1.9121,1.4962
2004,3,28,10,0,11.8,177,689,608,6.4,5.2235,4.0941
2004,3,28,10,30,12.5,243,516,594,6.5,5.2441,4.1151
2004,3,28,11,0,13.3,171,677,661,6.5,14.4883,11.3779
2004,3,28,11,30,13.600000000000001,261,515,651,6.7,21.2380,16.6870
2004,3,28,12,0,13.9,249,638,745,6.800000000000001,2.1447,1.6856
2004,3,28,12,30,13.9,245,6,249,7,4.0575,3.1893
2004,3,28,13,0,13.9,444,126,542,7.2,13.7094,10.7752
2004,3,28,13,30,13.600000000000001,203,2,205,7.1000000000000005,7.2448,5.6928
2004,3,28,14,0,13.3,221,656,700,7.1000000000000005,17.6975,13.8997
2004,3,28,14,30,12.8,218,573,612,6.6000000000000005,9.1110,7.1506
2004,3,28,15,0,12.4,194,6,198,6.2,8.4653,6.6367
2004,3,28,15,30,12.200000000000001,259,325,445,5.6000000000000005,10.2241,8.0029
2004,3,28,16,0,11.9,263,165,345,5.1000000000000005,11.4477,8.9395
2004,3,28,16,30,11.5,198,43,216,4.4,3.9335,3.0605
2004,3,28,17,0,11.100000000000001,142,419,281,3.7,0.8639,0.6683
2004,3,28,17,30,9.8,133,48,145,3,2.3709,1.8178
2004,3,28,18,0,8.5,74,38,80,2.4000000000000004,0.0000,0.0000
2004,3,28,18,30,7.7,21,2,21,2.5,0.0000,0.0000
2004,3,28,19,0,6.9,0,0,0,2.6,0.0000,0.0000
2004,3,28,19,30,6.6000000000000005,0,0,0,2.6,0.0000,0.0000
2004,3,28,20,0,6.300000000000001,0,0,0,2.7,0.0000,0.0000
2004,3,28,20,30,6.2,0,0,0,2.9000000000000004,0.0000,0.0000
2004,3,28,21,0,6,0,0,0,3.1,0.0000,0.0000
2004,3,28,21,30,5.6000000000000005,0,0,0,3.1,0.0000,0.0000
2004,3,28,22,0,5.300000000000001,0,0,0,3.2,0.0000,0.0000
2004,3,28,22,30,4.800000000000001,0,0,0,3.1,0.0000,0.0000
2004,3,28,23,0,4.3,0,0,0,2.9000000000000004,0.0000,0.0000
2004,3,28,23,30,4,0,0,0,2.9000000000000004,0.0000,0.0000
2004,3,29,0,0,3.6,0,0,0,2.9000000000000004,0.0000,0.0000
2004,3,29,0,30,3.3000000000000003,0,0,0,3,0.0000,0.0000
2004,3,29,1,0,3.1,0,0,0,3.1,0.0000,0.0000
2004,3,29,1,30,2.8000000000000003,0,0,0,3.2,0.0000,0.0000
2004,3,29,2,0,2.6,0,0,0,3.3000000000000003,0.0000,0.0000
2004,3,29,2,30,2.4000000000000004,0,0,0,3.3000000000000003,0.0000,0.0000
2004,3,29,3,0,2.2,0,0,0,3.3000000000000003,0.0000,0.0000
2004,3,29,3,30,2.1,0,0,0,3.3000000000000003,0.0000,0.0000
2004,3,29,4,0,2,0,0,0,3.2,0.0000,0.0000
2004,3,29,4,30,1.8,0,0,0,3.1,0.0000,0.0000
2004,3,29,5,0,1.6,0,0,0,3,0.0000,0.0000
2004,3,29,5,30,1.7000000000000002,0,0,0,3.2,0.0000,0.0000
2004,3,29,6,0,1.8,0,0,0,3.4000000000000004,0.0000,0.0000
2004,3,29,6,30,2.9000000000000004,16,225,25,4.1000000000000005,0.0000,0.0000
2004,3,29,7,0,4,35,502,103,4.7,0.0000,0.0000
2004,3,29,7,30,5.300000000000001,48,661,200,5,7.0259,5.3792
2004,3,29,8,0,6.6000000000000005,59,752,301,5.2,13.5286,10.4549
2004,3,29,8,30,7.4,67,820,402,5.800000000000001,18.3476,14.2670
2004,3,29,9,0,8.200000000000001,77,852,495,6.4,20.7785,16.2200
2004,3,29,9,30,8.4,82,888,584,6,30.0832,23.5423
2004,3,29,10,0,8.5,88,912,662,5.6000000000000005,34.9493,27.3961
2004,3,29,10,30,9.600000000000001,91,937,732,5.4,34.6529,27.1946
2004,3,29,11,0,10.600000000000001,88,961,789,5.1000000000000005,38.9722,30.6077
2004,3,29,11,30,11.5,268,557,692,5,38.6570,30.3754
2004,3,29,12,0,12.5,245,600,714,5,44.4246,34.9174
2004,3,29,12,30,13,373,492,761,5,14.8704,11.6891
2004,3,29,13,0,13.5,94,976,858,5.1000000000000005,32.3341,25.4151
2004,3,29,13,30,13.700000000000001,93,971,836,5.1000000000000005,12.1843,9.5746
2004,3,29,14,0,13.9,391,357,653,5.2,41.3300,32.4628
2004,3,29,14,30,13.700000000000001,326,476,655,5.300000000000001,35.7769,28.0809
2004,3,29,15,0,13.5,92,915,677,5.4,11.4139,8.9491
2004,3,29,15,30,13,300,341,496,5.5,25.1660,19.7007
2004,3,29,16,0,12.4,275,257,404,5.5,19.0135,14.8497
2004,3,29,16,30,11.600000000000001,75,807,416,5,11.5006,8.9499
2004,3,29,17,0,10.8,65,744,315,4.5,14.3078,11.0713
2004,3,29,17,30,9,136,32,143,3.5,7.0269,5.3895
2004,3,29,18,0,7.300000000000001,75,8,77,2.4000000000000004,0.0000,0.0000
2004,3,29,18,30,6.1000000000000005,20,0,20,2.3000000000000003,0.0000,0.0000
2004,3,29,19,0,5,0,0,0,2.1,0.0000,0.0000
2004,3,29,19,30,4.5,0,0,0,2.3000000000000003,0.0000,0.0000
2004,3,29,20,0,3.9000000000000004,0,0,0,2.4000000000000004,0.0000,0.0000
2004,3,29,20,30,3.3000000000000003,0,0,0,2.5,0.0000,0.0000
2004,3,29,21,0,2.7,0,0,0,2.5,0.0000,0.0000
2004,3,29,21,30,2.1,0,0,0,2.5,0.0000,0.0000
2004,3,29,22,0,1.5,0,0,0,2.5,0.0000,0.0000
2004,3,29,22,30,0.9,0,0,0,2.4000000000000004,0.0000,0.0000
2004,3,29,23,0,0.30000000000000004,0,0,0,2.2,0.0000,0.0000
2004,3,29,23,30,-0.2,0,0,0,2,0.0000,0.0000
2004,3,30,0,0,-0.8,0,0,0,1.7000000000000002,0.0000,0.0000
2004,3,30,0,30,-1.2000000000000002,0,0,0,1.7000000000000002,0.0000,0.0000
2004,3,30,1,0,-1.6,0,0,0,1.6,0.0000,0.0000
2004,3,30,1,30,-1.9000000000000001,0,0,0,1.6,0.0000,0.0000
2004,3,30,2,0,-2.2,0,0,0,1.5,0.0000,0.0000
2004,3,30,2,30,-2.5,0,0,0,1.6,0.0000,0.0000
2004,3,30,3,0,-2.7,0,0,0,1.7000000000000002,0.0000,0.0000
2004,3,30,3,30,-2.9000000000000004,0,0,0,1.8,0.0000,0.0000
2004,3,30,4,0,-3.1,0,0,0,1.9000000000000001,0.0000,0.0000
2004,3,30,4,30,-3.2,0,0,0,2.1,0.0000,0.0000
2004,3,30,5,0,-3.3000000000000003,0,0,0,2.2,0.0000,0.0000
2004,3,30,5,30,-3.1,0,0,0,2.5,0.0000,0.0000
2004,3,30,6,0,-2.8000000000000003,0,0,0,2.9000000000000004,0.0000,0.0000
2004,3,30,6,30,-1.7000000000000002,4,0,4,3.4000000000000004,0.0000,0.0000
2004,3,30,7,0,-0.6000000000000001,30,0,30,3.9000000000000004,0.0000,0.0000
2004,3,30,7,30,0.9,101,0,101,4.4,9.6458,7.3894
2004,3,30,8,0,2.4000000000000004,127,2,128,4.800000000000001,15.2394,11.7823
2004,3,30,8,30,3.2,242,139,300,5.2,21.3100,16.5755
2004,3,30,9,0,4,71,896,515,5.5,27.1943,21.2325
2004,3,30,9,30,4.6000000000000005,288,29,304,5.5,32.9538,25.7923
2004,3,30,10,0,5.2,329,39,354,5.6000000000000005,38.1049,29.8729
2004,3,30,10,30,5.800000000000001,352,34,376,5.6000000000000005,42.7542,33.5552
2004,3,30,11,0,6.4,244,1,244,5.6000000000000005,46.5672,36.5754
2004,3,30,11,30,7,256,1,257,5.6000000000000005,41.1313,32.3218
2004,3,30,12,0,7.5,276,1,277,5.6000000000000005,42.6141,33.4963
2004,3,30,12,30,7.9,369,6,374,5.6000000000000005,45.4855,35.7568
2004,3,30,13,0,8.3,312,424,646,5.7,51.2277,40.2679
2004,3,30,13,30,8.4,208,753,786,5.7,49.7294,39.0804
2004,3,30,14,0,8.5,89,969,804,5.7,38.5890,30.3117
2004,3,30,14,30,8.3,87,955,752,5.5,38.3264,30.0841
2004,3,30,15,0,8.200000000000001,85,935,686,5.4,39.0657,30.6321
2004,3,30,15,30,7.9,81,910,608,5.2,28.0840,21.9872
2004,3,30,16,0,7.7,152,691,502,5,22.2964,17.4160
2004,3,30,16,30,7.300000000000001,145,649,421,4.6000000000000005,22.1872,17.2697
2004,3,30,17,0,6.9,65,754,321,4.2,16.0695,12.4380
2004,3,30,17,30,5.300000000000001,55,659,218,3.1,6.9416,5.3262
2004,3,30,18,0,3.8000000000000003,40,519,120,1.9000000000000001,0.0000,0.0000
2004,3,30,18,30,2.6,21,269,37,1.7000000000000002,0.0000,0.0000
2004,3,30,19,0,1.4000000000000001,0,0,0,1.6,0.0000,0.0000
2004,3,30,19,30,0.9,0,0,0,1.5,0.0000,0.0000
2004,3,30,20,0,0.4,0,0,0,1.4000000000000001,0.0000,0.0000
2004,3,30,20,30,0,0,0,0,1.4000000000000001,0.0000,0.0000
2004,3,30,21,0,-0.4,0,0,0,1.3,0.0000,0.0000
2004,3,30,21,30,-0.7000000000000001,0,0,0,1.3,0.0000,0.0000
2004,3,30,22,0,-1.1,0,0,0,1.3,0.0000,0.0000
2004,3,30,22,30,-1.3,0,0,0,1.3,0.0000,0.0000
2004,3,30,23,0,-1.5,0,0,0,1.2000000000000002,0.0000,0.0000
2004,3,30,23,30,-1.6,0,0,0,1.2000000000000002,0.0000,0.0000
2004,3,31,0,0,-1.6,0,0,0,1.2000000000000002,0.0000,0.0000
2004,3,31,0,30,-1.5,0,0,0,1.1,0.0000,0.0000
2004,3,31,1,0,-1.4000000000000001,0,0,0,1,0.0000,0.0000
2004,3,31,1,30,-1.5,0,0,0,1,0.0000,0.0000
2004,3,31,2,0,-1.5,0,0,0,0.9,0.0000,0.0000
2004,3,31,2,30,-1.6,0,0,0,0.9,0.0000,0.0000
2004,3,31,3,0,-1.7000000000000002,0,0,0,0.9,0.0000,0.0000
2004,3,31,3,30,-1.9000000000000001,0,0,0,0.8,0.0000,0.0000
2004,3,31,4,0,-2,0,0,0,0.7000000000000001,0.0000,0.0000
2004,3,31,4,30,-2.1,0,0,0,0.7000000000000001,0.0000,0.0000
2004,3,31,5,0,-2.2,0,0,0,0.6000000000000001,0.0000,0.0000
2004,3,31,5,30,-2.1,0,0,0,0.6000000000000001,0.0000,0.0000
2004,3,31,6,0,-2.1,0,0,0,0.5,0.0000,0.0000
2004,3,31,6,30,-1.3,19,228,31,0.7000000000000001,0.0000,0.0000
2004,3,31,7,0,-0.4,40,494,112,0.9,0.0000,0.0000
2004,3,31,7,30,1,54,645,209,0.8,4.8822,3.7423
2004,3,31,8,0,2.5,65,743,312,0.7000000000000001,6.4996,5.0274
2004,3,31,8,30,3.9000000000000004,73,811,413,0.9,15.9418,12.4034
2004,3,31,9,0,5.4,80,859,510,1.1,28.3490,22.1383
2004,3,31,9,30,6.2,85,895,599,1.1,17.1824,13.4503
2004,3,31,10,0,7,89,921,678,1.1,20.4043,15.9980
2004,3,31,10,30,7.7,93,941,746,1,21.9868,17.2576
2004,3,31,11,0,8.4,95,956,800,1,14.4157,11.3234
2004,3,31,11,30,9,96,966,840,0.9,15.2898,12.0158
2004,3,31,12,0,9.700000000000001,90,985,868,0.8,16.5465,13.0069
2004,3,31,12,30,10.200000000000001,90,987,876,0.8,22.3728,17.5886
2004,3,31,13,0,10.700000000000001,86,992,870,0.8,38.6019,30.3450
2004,3,31,13,30,11,85,988,847,0.9,46.7935,36.7752
2004,3,31,14,0,11.3,81,984,810,0.9,47.5524,37.3547
2004,3,31,14,30,11.5,79,971,758,1,44.0415,34.5723
2004,3,31,15,0,11.600000000000001,88,929,688,1.1,39.6246,31.0728
2004,3,31,15,30,11.5,84,903,610,1.2000000000000002,34.4650,26.9856
2004,3,31,16,0,11.4,77,875,523,1.3,27.7418,21.6722
2004,3,31,16,30,10.9,71,829,427,1.3,22.4903,17.5088
2004,3,31,17,0,10.5,62,771,326,1.3,16.4067,12.7023
2004,3,31,17,30,8.6,52,679,223,1.2000000000000002,10.5996,8.1359
2004,3,31,18,0,6.800000000000001,42,501,121,1.1,0.0000,0.0000
2004,3,31,18,30,5.6000000000000005,22,254,38,1.2000000000000002,0.0000,0.0000
2004,3,31,19,0,4.5,0,0,0,1.4000000000000001,0.0000,0.0000
2004,3,31,19,30,4,0,0,0,1.5,0.0000,0.0000
2004,3,31,20,0,3.4000000000000004,0,0,0,1.7000000000000002,0.0000,0.0000
2004,3,31,20,30,3.1,0,0,0,1.8,0.0000,0.0000
2004,3,31,21,0,2.7,0,0,0,1.8,0.0000,0.0000
2004,3,31,21,30,2.3000000000000003,0,0,0,1.9000000000000001,0.0000,0.0000
2004,3,31,22,0,1.9000000000000001,0,0,0,1.9000000000000001,0.0000,0.0000
2004,3,31,22,30,1.6,0,0,0,1.9000000000000001,0.0000,0.0000
2004,3,31,23,0,1.2000000000000002,0,0,0,1.9000000000000001,0.0000,0.0000
2004,3,31,23,30,0.8,0,0,0,1.8,0.0000,0.0000
2004,4,1,0,0,0.5,0,0,0,1.8,0.0000,0.0000
2004,4,1,0,30,0.2,0,0,0,1.7000000000000002,0.0000,0.0000
2004,4,1,1,0,-0.2,0,0,0,1.7000000000000002,0.0000,0.0000
2004,4,1,1,30,-0.5,0,0,0,1.7000000000000002,0.0000,0.0000
2004,4,1,2,0,-0.7000000000000001,0,0,0,1.6,0.0000,0.0000
2004,4,1,2,30,-1,0,0,0,1.6,0.0000,0.0000
2004,4,1,3,0,-1.2000000000000002,0,0,0,1.5,0.0000,0.0000
2004,4,1,3,30,-1.4000000000000001,0,0,0,1.5,0.0000,0.0000
2004,4,1,4,0,-1.7000000000000002,0,0,0,1.4000000000000001,0.0000,0.0000
2004,4,1,4,30,-1.8,0,0,0,1.4000000000000001,0.0000,0.0000
2004,4,1,5,0,-2,0,0,0,1.4000000000000001,0.0000,0.0000
2004,4,1,5,30,-1.7000000000000002,0,0,0,1.5,0.0000,0.0000
2004,4,1,6,0,-1.4000000000000001,0,0,0,1.5,0.0000,0.0000
2004,4,1,6,30,0.2,21,211,33,2.3000000000000003,0.0000,0.0000
2004,4,1,7,0,1.9000000000000001,43,467,113,3.2,0.0000,0.0000
2004,4,1,7,30,3.3000000000000003,58,623,211,3.2,10.1268,7.7669
2004,4,1,8,0,4.7,69,726,314,3.2,15.8891,12.2952
2004,4,1,8,30,6.800000000000001,78,795,416,3.5,22.0010,17.1225
2004,4,1,9,0,9,85,846,513,3.8000000000000003,28.1301,21.9715
2004,4,1,9,30,10.3,90,883,602,3.7,33.9097,26.5478
2004,4,1,10,0,11.600000000000001,94,911,681,3.7,39.1322,30.6847
2004,4,1,10,30,12.4,98,932,749,3.7,43.6727,34.2819
2004,4,1,11,0,13.100000000000001,101,946,803,3.7,47.3121,37.1657
2004,4,1,11,30,13.700000000000001,103,956,843,3.7,50.0199,39.3115
2004,4,1,12,0,14.3,115,943,863,3.7,51.8943,40.7956
2004,4,1,12,30,14.700000000000001,115,945,872,3.7,52.4453,41.2326
2004,4,1,13,0,15.100000000000001,112,945,863,3.7,52.0282,40.9017
2004,4,1,13,30,15.3,110,939,840,3.6,50.4646,39.6624
2004,4,1,14,0,15.5,105,936,802,3.6,47.9470,37.6669
2004,4,1,14,30,15.5,103,921,750,3.5,44.4319,34.8811
2004,4,1,15,0,15.5,103,892,682,3.4000000000000004,39.7794,31.1965
2004,4,1,15,30,15.3,98,869,608,3.3000000000000003,34.6159,27.1062
2004,4,1,16,0,15,89,842,521,3.2,28.9404,22.6114
2004,4,1,16,30,14.3,82,793,425,2.9000000000000004,22.8458,17.7886
2004,4,1,17,0,13.5,71,736,325,2.5,16.6937,12.9279
2004,4,1,17,30,11.3,60,640,222,2.1,10.8608,8.3395
2004,4,1,18,0,9.1,44,503,124,1.7000000000000002,0.0000,0.0000
2004,4,1,18,30,8,23,266,40,1.9000000000000001,0.0000,0.0000
2004,4,1,19,0,6.9,0,0,0,2,0.0000,0.0000
2004,4,1,19,30,6.4,0,0,0,2.1,0.0000,0.0000
2004,4,1,20,0,5.9,0,0,0,2.2,0.0000,0.0000
2004,4,1,20,30,5.5,0,0,0,2.2,0.0000,0.0000
2004,4,1,21,0,5.1000000000000005,0,0,0,2.2,0.0000,0.0000
2004,4,1,21,30,4.6000000000000005,0,0,0,2.2,0.0000,0.0000
2004,4,1,22,0,4.1000000000000005,0,0,0,2.1,0.0000,0.0000
2004,4,1,22,30,3.7,0,0,0,2.1,0.0000,0.0000
2004,4,1,23,0,3.2,0,0,0,2,0.0000,0.0000
2004,4,1,23,30,2.7,0,0,0,1.9000000000000001,0.0000,0.0000
2004,4,2,0,0,2.3000000000000003,0,0,0,1.8,0.0000,0.0000
2004,4,2,0,30,1.9000000000000001,0,0,0,1.7000000000000002,0.0000,0.0000
2004,4,2,1,0,1.5,0,0,0,1.5,0.0000,0.0000
2004,4,2,1,30,1.1,0,0,0,1.5,0.0000,0.0000
2004,4,2,2,0,0.8,0,0,0,1.4000000000000001,0.0000,0.0000
2004,4,2,2,30,0.6000000000000001,0,0,0,1.3,0.0000,0.0000
2004,4,2,3,0,0.4,0,0,0,1.3,0.0000,0.0000
2004,4,2,3,30,0.5,0,0,0,1.2000000000000002,0.0000,0.0000
2004,4,2,4,0,0.6000000000000001,0,0,0,1.2000000000000002,0.0000,0.0000
2004,4,2,4,30,0.6000000000000001,0,0,0,1.2000000000000002,0.0000,0.0000
2004,4,2,5,0,0.7000000000000001,0,0,0,1.1,0.0000,0.0000
2004,4,2,5,30,0.8,0,0,0,1.1,0.0000,0.0000
2004,4,2,6,0,0.9,0,0,0,1,0.0000,0.0000
2004,4,2,6,30,2.2,22,270,39,1.2000000000000002,0.0000,0.0000
2004,4,2,7,0,3.6,43,520,124,1.5,0.0000,0.0000
2004,4,2,7,30,4.9,57,667,225,1.4000000000000001,10.2492,7.8652
2004,4,2,8,0,6.2,67,766,330,1.3,16.0359,12.4138
2004,4,2,8,30,8.4,76,831,433,1.3,22.2134,17.2924
2004,4,2,9,0,10.600000000000001,81,882,532,1.4000000000000001,28.3497,22.1471
2004,4,2,9,30,11.9,86,916,622,1.6,34.1326,26.7258
2004,4,2,10,0,13.200000000000001,90,944,702,1.8,39.3560,30.8634
2004,4,2,10,30,13.9,93,963,770,1.9000000000000001,43.8977,34.4614
2004,4,2,11,0,14.5,95,979,825,2,47.5363,37.3444
2004,4,2,11,30,15,97,988,866,2.1,50.2434,39.4895
2004,4,2,12,0,15.600000000000001,115,963,883,2.2,51.6379,40.5963
2004,4,2,12,30,16,115,965,891,2.2,52.2476,41.0794
2004,4,2,13,0,16.3,114,965,884,2.3000000000000003,51.6498,40.6063
2004,4,2,13,30,16.6,113,960,861,2.4000000000000004,50.0873,39.3680
2004,4,2,14,0,16.8,110,951,822,2.4000000000000004,47.5123,37.3275
2004,4,2,14,30,16.8,108,936,769,2.5,44.0012,34.5451
2004,4,2,15,0,16.900000000000002,119,880,694,2.6,39.4710,30.9570
2004,4,2,15,30,16.7,114,851,615,2.7,34.5410,27.0501
2004,4,2,16,0,16.5,106,813,526,2.7,28.8673,22.5570
2004,4,2,16,30,15.600000000000001,98,760,429,2.3000000000000003,22.7750,17.7365
2004,4,2,17,0,14.8,87,686,326,1.8,16.6737,12.9158
2004,4,2,17,30,12.600000000000001,73,580,223,1.6,10.8305,8.3192
2004,4,2,18,0,10.4,55,411,122,1.3,0.0000,0.0000
2004,4,2,18,30,9.4,28,169,39,1.4000000000000001,0.0000,0.0000
2004,4,2,19,0,8.3,0,0,0,1.5,0.0000,0.0000
2004,4,2,19,30,8,0,0,0,1.5,0.0000,0.0000
2004,4,2,20,0,7.7,0,0,0,1.5,0.0000,0.0000
2004,4,2,20,30,7.6000000000000005,0,0,0,1.5,0.0000,0.0000
2004,4,2,21,0,7.5,0,0,0,1.4000000000000001,0.0000,0.0000
2004,4,2,21,30,7.300000000000001,0,0,0,1.4000000000000001,0.0000,0.0000
2004,4,2,22,0,7.2,0,0,0,1.4000000000000001,0.0000,0.0000
2004,4,2,22,30,6.6000000000000005,0,0,0,1.4000000000000001,0.0000,0.0000
2004,4,2,23,0,6.1000000000000005,0,0,0,1.4000000000000001,0.0000,0.0000
2004,4,2,23,30,5.300000000000001,0,0,0,1.5,0.0000,0.0000
2004,4,3,0,0,4.5,0,0,0,1.6,0.0000,0.0000
2004,4,3,0,30,4.2,0,0,0,1.7000000000000002,0.0000,0.0000
2004,4,3,1,0,3.8000000000000003,0,0,0,1.9000000000000001,0.0000,0.0000
2004,4,3,1,30,3.9000000000000004,0,0,0,2.3000000000000003,0.0000,0.0000
2004,4,3,2,0,3.9000000000000004,0,0,0,2.7,0.0000,0.0000
2004,4,3,2,30,4,0,0,0,3.4000000000000004,0.0000,0.0000
2004,4,3,3,0,4.1000000000000005,0,0,0,4,0.0000,0.0000
2004,4,3,3,30,3.7,0,0,0,4.4,0.0000,0.0000
2004,4,3,4,0,3.3000000000000003,0,0,0,4.9,0.0000,0.0000
2004,4,3,4,30,2.8000000000000003,0,0,0,5.1000000000000005,0.0000,0.0000
2004,4,3,5,0,2.3000000000000003,0,0,0,5.2,0.0000,0.0000
2004,4,3,5,30,2.1,0,0,0,5.4,0.0000,0.0000
2004,4,3,6,0,1.9000000000000001,0,0,0,5.5,0.0000,0.0000
2004,4,3,6,30,2.6,27,102,33,6.2,0.0000,0.0000
2004,4,3,7,0,3.2,78,4,79,6.800000000000001,0.0000,0.0000
2004,4,3,7,30,4.1000000000000005,130,5,131,7.1000000000000005,10.9573,8.4134
2004,4,3,8,0,5.1000000000000005,198,38,212,7.4,16.9015,13.0892
2004,4,3,8,30,6.1000000000000005,109,682,406,7.4,23.1752,18.0458
2004,4,3,9,0,7,109,772,507,7.300000000000001,29.4535,23.0133
2004,4,3,9,30,7.9,117,820,600,7.4,35.3206,27.6596
2004,4,3,10,0,8.8,108,888,689,7.4,40.6212,31.8586
2004,4,3,10,30,9.600000000000001,368,404,654,7.5,45.1772,35.4686
2004,4,3,11,0,10.4,251,614,712,7.5,48.8861,38.4074
2004,4,3,11,30,11,200,809,833,7.5,51.6596,40.6050
2004,4,3,12,0,11.600000000000001,295,724,875,7.4,52.8775,41.5730
2004,4,3,12,30,12.100000000000001,103,986,901,7.300000000000001,53.4270,42.0088
2004,4,3,13,0,12.5,99,991,894,7.1000000000000005,52.9461,41.6274
2004,4,3,13,30,12.8,98,986,870,7,51.3785,40.3850
2004,4,3,14,0,13,95,980,832,6.800000000000001,48.7353,38.2904
2004,4,3,14,30,13.100000000000001,92,966,778,6.6000000000000005,45.1545,35.4528
2004,4,3,15,0,13.100000000000001,98,927,707,6.300000000000001,40.2027,31.5331
2004,4,3,15,30,12.9,94,901,628,6.1000000000000005,34.9758,27.3930
2004,4,3,16,0,12.700000000000001,88,866,538,5.800000000000001,29.1819,22.8055
2004,4,3,16,30,12.100000000000001,81,818,441,5.2,23.0239,17.9333
2004,4,3,17,0,11.5,73,751,338,4.5,16.7546,12.9817
2004,4,3,17,30,9.4,62,656,233,3.2,10.8990,8.3750
2004,4,3,18,0,7.300000000000001,47,503,130,2,0.0000,0.0000
2004,4,3,18,30,6,26,265,45,1.8,0.0000,0.0000
2004,4,3,19,0,4.7,0,0,0,1.7000000000000002,0.0000,0.0000
2004,4,3,19,30,4.3,0,0,0,1.7000000000000002,0.0000,0.0000
2004,4,3,20,0,3.8000000000000003,0,0,0,1.7000000000000002,0.0000,0.0000
2004,4,3,20,30,3.5,0,0,0,1.8,0.0000,0.0000
2004,4,3,21,0,3.1,0,0,0,1.9000000000000001,0.0000,0.0000
2004,4,3,21,30,2.8000000000000003,0,0,0,2.1,0.0000,0.0000
2004,4,3,22,0,2.5,0,0,0,2.2,0.0000,0.0000
2004,4,3,22,30,2.2,0,0,0,2.3000000000000003,0.0000,0.0000
2004,4,3,23,0,1.9000000000000001,0,0,0,2.5,0.0000,0.0000
2004,4,3,23,30,1.5,0,0,0,2.5,0.0000,0.0000
2004,4,4,0,0,1.1,0,0,0,2.5,0.0000,0.0000
2004,4,4,0,30,0.7000000000000001,0,0,0,2.5,0.0000,0.0000
2004,4,4,1,0,0.2,0,0,0,2.4000000000000004,0.0000,0.0000
2004,4,4,1,30,-0.2,0,0,0,2.2,0.0000,0.0000
2004,4,4,2,0,-0.7000000000000001,0,0,0,2.1,0.0000,0.0000
2004,4,4,2,30,-1.1,0,0,0,1.9000000000000001,0.0000,0.0000
2004,4,4,3,0,-1.5,0,0,0,1.7000000000000002,0.0000,0.0000
2004,4,4,3,30,-1.9000000000000001,0,0,0,1.6,0.0000,0.0000
2004,4,4,4,0,-2.2,0,0,0,1.5,0.0000,0.0000
2004,4,4,4,30,-2.5,0,0,0,1.4000000000000001,0.0000,0.0000
2004,4,4,5,0,-2.8000000000000003,0,0,0,1.3,0.0000,0.0000
2004,4,4,5,30,-2.5,0,0,0,1.2000000000000002,0.0000,0.0000
2004,4,4,6,0,-2.1,0,0,0,1.2000000000000002,0.0000,0.0000
2004,4,4,6,30,-0.7000000000000001,25,261,44,1.6,0.0000,0.0000
2004,4,4,7,0,0.8,46,494,129,2.1,0.0000,0.0000
2004,4,4,7,30,2.2,61,639,228,1.6,6.3965,4.9142
2004,4,4,8,0,3.7,73,734,332,1.1,10.8879,8.4353
2004,4,4,8,30,6.300000000000001,81,800,433,0.8,21.7802,16.9638
2004,4,4,9,0,8.9,89,847,530,0.4,28.1215,21.9764
2004,4,4,9,30,10.100000000000001,94,883,619,0.5,34.1227,26.7249
2004,4,4,10,0,11.3,99,909,697,0.6000000000000001,39.9188,31.3107
2004,4,4,10,30,12.100000000000001,103,929,765,0.8,38.4120,30.1595
2004,4,4,11,0,13,106,943,818,1,42.2304,33.1805
2004,4,4,11,30,13.600000000000001,108,953,858,1.2000000000000002,49.7328,39.0928
2004,4,4,12,0,14.3,118,944,878,1.3,52.4402,41.2314
2004,4,4,12,30,14.8,118,946,886,1.5,54.0674,42.5144
2004,4,4,13,0,15.200000000000001,120,941,878,1.6,53.5854,42.1322
2004,4,4,13,30,15.600000000000001,119,935,855,1.8,51.9544,40.8397
2004,4,4,14,0,15.9,119,921,815,2,49.3674,38.7892
2004,4,4,14,30,16,116,906,762,2.2,45.7217,35.9003
2004,4,4,15,0,16.1,117,873,694,2.4000000000000004,40.9934,32.1555
2004,4,4,15,30,15.8,112,840,612,2.5,35.7526,28.0039
2004,4,4,16,0,15.5,110,787,522,2.6,29.8840,23.3569
2004,4,4,16,30,14.700000000000001,101,735,426,2.1,23.7048,18.4668
2004,4,4,17,0,13.9,92,652,324,1.7000000000000002,17.4036,13.4879
2004,4,4,17,30,12.3,77,545,221,1.6,11.4077,8.7690
2004,4,4,18,0,10.600000000000001,56,395,124,1.5,0.0000,0.0000
2004,4,4,18,30,9.600000000000001,29,175,42,1.8,0.0000,0.0000
2004,4,4,19,0,8.6,0,0,0,2,0.0000,0.0000
2004,4,4,19,30,8.200000000000001,0,0,0,2.2,0.0000,0.0000
2004,4,4,20,0,7.800000000000001,0,0,0,2.4000000000000004,0.0000,0.0000
2004,4,4,20,30,7.4,0,0,0,2.6,0.0000,0.0000
2004,4,4,21,0,7,0,0,0,2.7,0.0000,0.0000
2004,4,4,21,30,6.6000000000000005,0,0,0,2.7,0.0000,0.0000
2004,4,4,22,0,6.2,0,0,0,2.8000000000000003,0.0000,0.0000
2004,4,4,22,30,5.800000000000001,0,0,0,2.8000000000000003,0.0000,0.0000
2004,4,4,23,0,5.5,0,0,0,2.9000000000000004,0.0000,0.0000
2004,4,4,23,30,5.1000000000000005,0,0,0,2.9000000000000004,0.0000,0.0000
2004,4,5,0,0,4.800000000000001,0,0,0,3,0.0000,0.0000
2004,4,5,0,30,4.5,0,0,0,3,0.0000,0.0000
2004,4,5,1,0,4.2,0,0,0,3.1,0.0000,0.0000
2004,4,5,1,30,4,0,0,0,3.2,0.0000,0.0000
2004,4,5,2,0,3.7,0,0,0,3.2,0.0000,0.0000
2004,4,5,2,30,3.5,0,0,0,3.3000000000000003,0.0000,0.0000
2004,4,5,3,0,3.3000000000000003,0,0,0,3.3000000000000003,0.0000,0.0000
2004,4,5,3,30,3.1,0,0,0,3.5,0.0000,0.0000
2004,4,5,4,0,3,0,0,0,3.6,0.0000,0.0000
2004,4,5,4,30,2.9000000000000004,0,0,0,3.6,0.0000,0.0000
2004,4,5,5,0,2.7,0,0,0,3.6,0.0000,0.0000
2004,4,5,5,30,2.9000000000000004,0,0,0,3.7,0.0000,0.0000
2004,4,5,6,0,3.1,0,0,0,3.9000000000000004,0.0000,0.0000
2004,4,5,6,30,4.1000000000000005,33,3,33,4.2,0.0000,0.0000
2004,4,5,7,0,5.1000000000000005,55,421,127,4.4,0.0000,0.0000
2004,4,5,7,30,6.6000000000000005,74,565,224,4.3,11.1629,8.5809
2004,4,5,8,0,8.1,88,663,325,4.3,17.0976,13.2511
2004,4,5,8,30,10.200000000000001,223,382,393,4.5,23.2797,18.1361
2004,4,5,9,0,12.200000000000001,224,427,448,4.800000000000001,29.4493,23.0179
2004,4,5,9,30,14.100000000000001,203,644,588,5.6000000000000005,35.2540,27.6142
2004,4,5,10,0,16.1,342,372,589,6.4,40.4319,31.7162
2004,4,5,10,30,17.2,220,696,718,6.6000000000000005,44.9797,35.3190
2004,4,5,11,0,18.3,139,852,786,6.800000000000001,48.5618,38.1576
2004,4,5,11,30,19,318,480,697,6.9,51.2689,40.3025
2004,4,5,12,0,19.6,269,526,695,6.9,52.6612,41.4073
2004,4,5,12,30,20.1,315,442,676,6.800000000000001,53.2067,41.8397
2004,4,5,13,0,20.6,312,460,684,6.800000000000001,52.6643,41.4099
2004,4,5,13,30,20.8,315,437,660,6.800000000000001,51.0963,40.1671
2004,4,5,14,0,21.1,351,371,633,6.800000000000001,48.3955,38.0275
2004,4,5,14,30,21,319,369,584,6.7,44.8175,35.1924
2004,4,5,15,0,21,386,205,522,6.6000000000000005,40.2761,31.5951
2004,4,5,15,30,20.6,227,538,549,6.300000000000001,34.8779,27.3211
2004,4,5,16,0,20.200000000000003,214,462,457,6.1000000000000005,29.0318,22.6935
2004,4,5,16,30,19.3,177,451,378,5.5,22.9323,17.8678
2004,4,5,17,0,18.5,199,119,242,5,16.7119,12.9549
2004,4,5,17,30,17.1,145,204,199,4.6000000000000005,10.8384,8.3342
2004,4,5,18,0,15.700000000000001,78,11,80,4.1000000000000005,0.0000,0.0000
2004,4,5,18,30,14.8,31,1,31,4.2,0.0000,0.0000
2004,4,5,19,0,14,0,0,0,4.3,0.0000,0.0000
2004,4,5,19,30,13.4,0,0,0,4.3,0.0000,0.0000
2004,4,5,20,0,12.9,0,0,0,4.3,0.0000,0.0000
2004,4,5,20,30,12.4,0,0,0,4.2,0.0000,0.0000
2004,4,5,21,0,11.9,0,0,0,4.1000000000000005,0.0000,0.0000
2004,4,5,21,30,11.5,0,0,0,4,0.0000,0.0000
2004,4,5,22,0,11.100000000000001,0,0,0,3.9000000000000004,0.0000,0.0000
2004,4,5,22,30,10.8,0,0,0,3.9000000000000004,0.0000,0.0000
2004,4,5,23,0,10.5,0,0,0,3.8000000000000003,0.0000,0.0000
2004,4,5,23,30,10.3,0,0,0,3.8000000000000003,0.0000,0.0000
2004,4,6,0,0,10.200000000000001,0,0,0,3.9000000000000004,0.0000,0.0000
2004,4,6,0,30,10.100000000000001,0,0,0,3.8000000000000003,0.0000,0.0000
2004,4,6,1,0,10,0,0,0,3.8000000000000003,0.0000,0.0000
2004,4,6,1,30,10,0,0,0,3.7,0.0000,0.0000
2004,4,6,2,0,10,0,0,0,3.5,0.0000,0.0000
2004,4,6,2,30,9.700000000000001,0,0,0,3.2,0.0000,0.0000
2004,4,6,3,0,9.3,0,0,0,2.9000000000000004,0.0000,0.0000
2004,4,6,3,30,8.700000000000001,0,0,0,2.5,0.0000,0.0000
2004,4,6,4,0,8,0,0,0,2.1,0.0000,0.0000
2004,4,6,4,30,7.5,0,0,0,2,0.0000,0.0000
2004,4,6,5,0,7,0,0,0,1.9000000000000001,0.0000,0.0000
2004,4,6,5,30,7.1000000000000005,0,0,0,2.2,0.0000,0.0000
2004,4,6,6,0,7.300000000000001,0,0,0,2.5,0.0000,0.0000
2004,4,6,6,30,8.3,12,0,12,3.3000000000000003,0.0000,0.0000
2004,4,6,7,0,9.4,43,0,43,4.1000000000000005,0.0000,0.0000
2004,4,6,7,30,10.9,116,4,117,4.4,10.9963,8.4573
2004,4,6,8,0,12.4,52,0,52,4.6000000000000005,16.7825,13.0116
2004,4,6,8,30,14,85,0,85,5,21.1765,16.5015
2004,4,6,9,0,15.600000000000001,157,0,157,5.4,24.9378,19.4949
2004,4,6,9,30,16.7,348,199,468,5.2,33.5360,26.2716
2004,4,6,10,0,17.7,312,476,629,5,34.2072,26.8357
2004,4,6,10,30,18.5,118,876,750,4.7,42.2585,33.1845
2004,4,6,11,0,19.3,120,895,803,4.3,46.7040,36.7000
2004,4,6,11,30,19.900000000000002,122,905,841,4,41.6824,32.7683
2004,4,6,12,0,20.5,130,900,861,3.7,41.7164,32.8031
2004,4,6,12,30,20.900000000000002,130,902,869,3.6,40.6252,31.9476
2004,4,6,13,0,21.200000000000003,127,908,865,3.4000000000000004,41.0569,32.2845
2004,4,6,13,30,21.400000000000002,125,902,842,3.5,39.4714,31.0302
2004,4,6,14,0,21.5,120,898,805,3.5,37.6164,29.5592
2004,4,6,14,30,21.5,117,886,755,3.6,34.3757,26.9946
2004,4,6,15,0,21.400000000000002,110,871,690,3.6,30.3213,23.7875
2004,4,6,15,30,21.1,105,843,613,3.5,31.3196,24.5358
2004,4,6,16,0,20.700000000000003,96,816,529,3.4000000000000004,25.4471,19.8935
2004,4,6,16,30,19.8,89,767,434,2.7,20.3781,15.8802
2004,4,6,17,0,18.8,78,706,334,2.1,12.5041,9.6953
2004,4,6,17,30,16.6,66,613,233,1.7000000000000002,9.7769,7.5206
2004,4,6,18,0,14.5,96,81,110,1.4000000000000001,0.0000,0.0000
2004,4,6,18,30,13.3,41,9,42,1.5,0.0000,0.0000
2004,4,6,19,0,12.100000000000001,0,0,0,1.5,0.0000,0.0000
2004,4,6,19,30,11.600000000000001,0,0,0,1.5,0.0000,0.0000
2004,4,6,20,0,11.200000000000001,0,0,0,1.5,0.0000,0.0000
2004,4,6,20,30,10.700000000000001,0,0,0,1.5,0.0000,0.0000
2004,4,6,21,0,10.3,0,0,0,1.5,0.0000,0.0000
2004,4,6,21,30,9.8,0,0,0,1.5,0.0000,0.0000
2004,4,6,22,0,9.4,0,0,0,1.5,0.0000,0.0000
2004,4,6,22,30,8.9,0,0,0,1.5,0.0000,0.0000
2004,4,6,23,0,8.5,0,0,0,1.5,0.0000,0.0000
2004,4,6,23,30,8.1,0,0,0,1.5,0.0000,0.0000
2004,4,7,0,0,7.7,0,0,0,1.4000000000000001,0.0000,0.0000
2004,4,7,0,30,7.300000000000001,0,0,0,1.4000000000000001,0.0000,0.0000
2004,4,7,1,0,7,0,0,0,1.4000000000000001,0.0000,0.0000
2004,4,7,1,30,6.7,0,0,0,1.4000000000000001,0.0000,0.0000
2004,4,7,2,0,6.4,0,0,0,1.3,0.0000,0.0000
2004,4,7,2,30,6.300000000000001,0,0,0,1.3,0.0000,0.0000
2004,4,7,3,0,6.2,0,0,0,1.2000000000000002,0.0000,0.0000
2004,4,7,3,30,6.2,0,0,0,1.2000000000000002,0.0000,0.0000
2004,4,7,4,0,6.1000000000000005,0,0,0,1.1,0.0000,0.0000
2004,4,7,4,30,6,0,0,0,1,0.0000,0.0000
2004,4,7,5,0,5.9,0,0,0,1,0.0000,0.0000
2004,4,7,5,30,6.1000000000000005,0,0,0,1,0.0000,0.0000
2004,4,7,6,0,6.4,0,0,0,0.9,0.0000,0.0000
2004,4,7,6,30,7.9,31,259,53,1.2000000000000002,0.0000,0.0000
2004,4,7,7,0,9.5,53,467,138,1.5,2.0498,1.5624
2004,4,7,7,30,10.8,70,603,236,1.7000000000000002,5.7592,4.4317
2004,4,7,8,0,12,83,692,338,1.9000000000000001,2.6922,2.0880
2004,4,7,8,30,14.3,93,758,438,2.2,4.5900,3.5775
2004,4,7,9,0,16.6,104,800,531,2.6,8.7544,6.8447
2004,4,7,9,30,18.3,110,833,616,2.8000000000000003,26.7292,20.9416
2004,4,7,10,0,20,120,851,691,3,36.5738,28.6949
2004,4,7,10,30,20.900000000000002,124,869,754,3,44.1865,34.7011
2004,4,7,11,0,21.8,132,874,803,3.1,47.7563,37.5292
2004,4,7,11,30,22.5,134,882,839,3.2,50.3342,39.5720
2004,4,7,12,0,23.1,156,850,851,3.2,51.7184,40.6700
2004,4,7,12,30,23.400000000000002,158,849,857,3.4000000000000004,52.2613,41.1001
2004,4,7,13,0,23.700000000000003,165,830,843,3.6,51.9576,40.8581
2004,4,7,13,30,23.6,164,820,819,3.9000000000000004,50.3919,39.6173
2004,4,7,14,0,23.6,376,132,477,4.2,47.8718,37.6198
2004,4,7,14,30,23.200000000000003,119,1,119,4.5,44.4761,34.9283
2004,4,7,15,0,22.8,356,292,551,4.9,40.1153,31.4732
2004,4,7,15,30,22.3,365,63,403,5.2,35.0062,27.4262
2004,4,7,16,0,21.8,281,29,296,5.4,29.4910,23.0574
2004,4,7,16,30,20.900000000000002,156,1,156,5.800000000000001,23.4310,18.2620
2004,4,7,17,0,20,193,18,200,6.1000000000000005,17.2876,13.4073
2004,4,7,17,30,18.2,152,245,219,6.4,11.4670,8.8236
2004,4,7,18,0,16.400000000000002,59,412,133,6.7,5.2437,3.9968
2004,4,7,18,30,14.700000000000001,33,203,50,6.7,0.0000,0.0000
2004,4,7,19,0,13,0,0,0,6.7,0.0000,0.0000
2004,4,7,19,30,11.9,0,0,0,6.5,0.0000,0.0000
2004,4,7,20,0,10.8,0,0,0,6.2,0.0000,0.0000
2004,4,7,20,30,9.9,0,0,0,6,0.0000,0.0000
2004,4,7,21,0,9,0,0,0,5.7,0.0000,0.0000
2004,4,7,21,30,8.3,0,0,0,5.5,0.0000,0.0000
2004,4,7,22,0,7.6000000000000005,0,0,0,5.300000000000001,0.0000,0.0000
2004,4,7,22,30,7,0,0,0,5.1000000000000005,0.0000,0.0000
2004,4,7,23,0,6.4,0,0,0,4.9,0.0000,0.0000
2004,4,7,23,30,5.9,0,0,0,4.800000000000001,0.0000,0.0000
2004,4,8,0,0,5.4,0,0,0,4.6000000000000005,0.0000,0.0000
2004,4,8,0,30,4.9,0,0,0,4.4,0.0000,0.0000
2004,4,8,1,0,4.4,0,0,0,4.2,0.0000,0.0000
2004,4,8,1,30,3.9000000000000004,0,0,0,3.9000000000000004,0.0000,0.0000
2004,4,8,2,0,3.3000000000000003,0,0,0,3.5,0.0000,0.0000
2004,4,8,2,30,3,0,0,0,3.4000000000000004,0.0000,0.0000
2004,4,8,3,0,2.6,0,0,0,3.3000000000000003,0.0000,0.0000
2004,4,8,3,30,2.3000000000000003,0,0,0,3.2,0.0000,0.0000
2004,4,8,4,0,1.9000000000000001,0,0,0,3.2,0.0000,0.0000
2004,4,8,4,30,1.6,0,0,0,3.1,0.0000,0.0000
2004,4,8,5,0,1.3,0,0,0,3,0.0000,0.0000
2004,4,8,5,30,1.6,0,0,0,3.3000000000000003,0.0000,0.0000
2004,4,8,6,0,1.8,0,0,0,3.5,0.0000,0.0000
2004,4,8,6,30,3,31,353,63,3.9000000000000004,0.0000,0.0000
2004,4,8,7,0,4.2,49,568,155,4.3,6.5775,5.0152
2004,4,8,7,30,5.7,62,697,258,4.6000000000000005,11.6486,8.9682
2004,4,8,8,0,7.1000000000000005,72,784,364,4.9,17.5441,13.6113
2004,4,8,8,30,8.3,80,844,467,4.800000000000001,23.7016,18.4774
2004,4,8,9,0,9.5,87,883,564,4.800000000000001,29.6574,23.1914
2004,4,8,9,30,10.5,93,916,653,4.6000000000000005,35.2304,27.6052
2004,4,8,10,0,11.4,99,929,726,4.4,40.2233,31.5609
2004,4,8,10,30,12.200000000000001,228,657,707,4.2,44.4652,34.9223
2004,4,8,11,0,12.9,283,724,842,4,47.7978,37.5641
2004,4,8,11,30,13.600000000000001,229,669,766,3.8000000000000003,50.2540,39.5110
2004,4,8,12,0,14.4,187,725,782,3.6,51.1557,40.2295
2004,4,8,12,30,14.9,392,360,690,3.4000000000000004,51.5750,40.5622
2004,4,8,13,0,15.4,377,545,824,3.2,50.6710,39.8481
2004,4,8,13,30,15.8,106,959,874,3,49.0490,38.5632
2004,4,8,14,0,16.1,104,950,835,2.8000000000000003,28.3870,22.3089
2004,4,8,14,30,16.2,101,937,782,2.7,7.0156,5.5098
2004,4,8,15,0,16.3,97,914,712,2.5,32.0610,25.1557
2004,4,8,15,30,16.1,93,889,634,2.4000000000000004,23.0360,18.0494
2004,4,8,16,0,15.9,90,844,543,2.3000000000000003,16.5209,12.9181
2004,4,8,16,30,15.3,83,799,447,2,8.4337,6.5741
2004,4,8,17,0,14.700000000000001,78,719,343,1.7000000000000002,10.3696,8.0439
2004,4,8,17,30,13.3,67,629,241,1.3,10.7976,8.3113
2004,4,8,18,0,11.9,52,486,141,0.9,6.3393,4.8328
2004,4,8,18,30,11.100000000000001,31,277,55,1,0.0000,0.0000
2004,4,8,19,0,10.3,0,0,0,1.1,0.0000,0.0000
2004,4,8,19,30,9.9,0,0,0,1.1,0.0000,0.0000
2004,4,8,20,0,9.5,0,0,0,1.2000000000000002,0.0000,0.0000
2004,4,8,20,30,9.1,0,0,0,1.2000000000000002,0.0000,0.0000
2004,4,8,21,0,8.8,0,0,0,1.3,0.0000,0.0000
2004,4,8,21,30,8.4,0,0,0,1.3,0.0000,0.0000
2004,4,8,22,0,8.1,0,0,0,1.4000000000000001,0.0000,0.0000
2004,4,8,22,30,7.7,0,0,0,1.5,0.0000,0.0000
2004,4,8,23,0,7.300000000000001,0,0,0,1.7000000000000002,0.0000,0.0000
2004,4,8,23,30,6.9,0,0,0,1.9000000000000001,0.0000,0.0000
2004,4,9,0,0,6.5,0,0,0,2.1,0.0000,0.0000
2004,4,9,0,30,6.1000000000000005,0,0,0,2.2,0.0000,0.0000
2004,4,9,1,0,5.6000000000000005,0,0,0,2.4000000000000004,0.0000,0.0000
2004,4,9,1,30,5.2,0,0,0,2.4000000000000004,0.0000,0.0000
2004,4,9,2,0,4.7,0,0,0,2.3000000000000003,0.0000,0.0000
2004,4,9,2,30,4.5,0,0,0,2.1,0.0000,0.0000
2004,4,9,3,0,4.2,0,0,0,1.9000000000000001,0.0000,0.0000
2004,4,9,3,30,4,0,0,0,1.8,0.0000,0.0000
2004,4,9,4,0,3.9000000000000004,0,0,0,1.6,0.0000,0.0000
2004,4,9,4,30,3.8000000000000003,0,0,0,1.6,0.0000,0.0000
2004,4,9,5,0,3.7,0,0,0,1.5,0.0000,0.0000
2004,4,9,5,30,3.8000000000000003,0,0,0,1.4000000000000001,0.0000,0.0000
2004,4,9,6,0,3.8000000000000003,0,0,0,1.3,0.0000,0.0000
2004,4,9,6,30,4.2,14,0,14,1.3,0.0000,0.0000
2004,4,9,7,0,4.5,36,0,36,1.2000000000000002,7.3892,5.6363
2004,4,9,7,30,5,30,0,30,1.1,12.7696,9.8362
2004,4,9,8,0,5.5,128,12,132,1,18.9433,14.7018
2004,4,9,8,30,6.1000000000000005,212,46,233,0.9,25.3234,19.7460
2004,4,9,9,0,6.6000000000000005,221,30,237,0.8,31.5531,24.6774
2004,4,9,9,30,7.5,299,114,369,0.9,37.3971,29.3062
2004,4,9,10,0,8.3,240,10,247,1,42.3082,33.1995
2004,4,9,10,30,8.8,354,91,421,1,41.7332,32.7789
2004,4,9,11,0,9.200000000000001,388,84,453,1.1,50.1621,39.4244
2004,4,9,11,30,9.4,391,227,575,1,45.9160,36.1021
2004,4,9,12,0,9.600000000000001,404,176,549,0.9,47.0414,36.9956
2004,4,9,12,30,9.700000000000001,404,66,459,0.9,41.5535,32.6821
2004,4,9,13,0,9.9,393,191,550,0.8,49.5624,38.9780
2004,4,9,13,30,9.9,366,276,588,0.8,52.3781,41.1825
2004,4,9,14,0,10,363,169,493,0.8,49.7267,39.0813
2004,4,9,14,30,10,345,78,402,0.9,46.1378,36.2372
2004,4,9,15,0,10,256,19,269,1,41.4636,32.5351
2004,4,9,15,30,10,287,79,336,1.2000000000000002,36.2748,28.4245
2004,4,9,16,0,9.9,231,26,245,1.4000000000000001,30.3419,23.7277
2004,4,9,16,30,9.700000000000001,218,40,236,1.5,24.2000,18.8669
2004,4,9,17,0,9.4,134,7,136,1.5,17.8142,13.8219
2004,4,9,17,30,8.8,87,5,89,1.4000000000000001,11.9041,9.1661
2004,4,9,18,0,8.1,52,2,53,1.2000000000000002,6.7206,5.1248
2004,4,9,18,30,7.6000000000000005,18,0,18,1.4000000000000001,0.0000,0.0000
2004,4,9,19,0,7.1000000000000005,0,0,0,1.6,0.0000,0.0000
2004,4,9,19,30,7,0,0,0,1.9000000000000001,0.0000,0.0000
2004,4,9,20,0,6.9,0,0,0,2.2,0.0000,0.0000
2004,4,9,20,30,6.800000000000001,0,0,0,2.5,0.0000,0.0000
2004,4,9,21,0,6.7,0,0,0,2.8000000000000003,0.0000,0.0000
2004,4,9,21,30,6.5,0,0,0,3.1,0.0000,0.0000
2004,4,9,22,0,6.2,0,0,0,3.4000000000000004,0.0000,0.0000
2004,4,9,22,30,5.9,0,0,0,3.8000000000000003,0.0000,0.0000
2004,4,9,23,0,5.6000000000000005,0,0,0,4.2,0.0000,0.0000
2004,4,9,23,30,5.2,0,0,0,4.800000000000001,0.0000,0.0000
2004,4,10,0,0,4.7,0,0,0,5.300000000000001,0.0000,0.0000
2004,4,10,0,30,4.2,0,0,0,5.300000000000001,0.0000,0.0000
2004,4,10,1,0,3.6,0,0,0,5.4,0.0000,0.0000
2004,4,10,1,30,3,0,0,0,5.2,0.0000,0.0000
2004,4,10,2,0,2.4000000000000004,0,0,0,4.9,0.0000,0.0000
2004,4,10,2,30,1.8,0,0,0,4.5,0.0000,0.0000
2004,4,10,3,0,1.1,0,0,0,4.2,0.0000,0.0000
2004,4,10,3,30,0.6000000000000001,0,0,0,4.1000000000000005,0.0000,0.0000
2004,4,10,4,0,0,0,0,0,4,0.0000,0.0000
2004,4,10,4,30,-0.5,0,0,0,4,0.0000,0.0000
2004,4,10,5,0,-0.9,0,0,0,4.1000000000000005,0.0000,0.0000
2004,4,10,5,30,-1,0,0,0,4.2,0.0000,0.0000
2004,4,10,6,0,-1.2000000000000002,0,0,0,4.3,0.0000,0.0000
2004,4,10,6,30,-0.5,43,1,43,4.800000000000001,0.0000,0.0000
2004,4,10,7,0,0.2,96,4,97,5.2,1.7171,1.3103
2004,4,10,7,30,1.2000000000000002,169,47,182,5.5,1.4890,1.1475
2004,4,10,8,0,2.2,85,734,366,5.800000000000001,6.8868,5.3465
2004,4,10,8,30,3.1,253,294,391,5.9,12.6596,9.8734
2004,4,10,9,0,4,304,47,329,5.9,13.2801,10.3878
2004,4,10,9,30,4.7,311,439,584,5.9,21.1599,16.5836
2004,4,10,10,0,5.5,349,436,647,5.9,14.4100,11.3086
2004,4,10,10,30,6.1000000000000005,118,921,797,5.9,24.8743,19.5386
2004,4,10,11,0,6.800000000000001,446,327,700,5.9,27.0095,21.2291
2004,4,10,11,30,7.300000000000001,124,950,894,5.800000000000001,34.4925,27.1216
2004,4,10,12,0,7.7,131,946,915,5.800000000000001,33.0478,25.9915
2004,4,10,12,30,8.1,132,948,922,5.7,27.6605,21.7560
2004,4,10,13,0,8.4,128,949,914,5.6000000000000005,33.1031,26.0348
2004,4,10,13,30,8.5,127,943,889,5.5,35.2618,27.7259
2004,4,10,14,0,8.6,315,675,839,5.5,29.3798,23.0913
2004,4,10,14,30,8.5,118,926,797,5.5,23.7352,18.6429
2004,4,10,15,0,8.4,376,346,611,5.5,15.6782,12.3029
2004,4,10,15,30,8.1,105,888,651,5.4,19.2426,15.0794
2004,4,10,16,0,7.800000000000001,302,290,459,5.300000000000001,13.7052,10.7186
2004,4,10,16,30,7.300000000000001,254,273,380,5,12.7947,9.9765
2004,4,10,17,0,6.7,78,758,363,4.7,7.0753,5.4909
2004,4,10,17,30,5.7,67,670,257,3.8000000000000003,4.4038,3.3920
2004,4,10,18,0,4.7,53,540,155,2.9000000000000004,2.5266,1.9272
2004,4,10,18,30,3.3000000000000003,33,331,64,2.3000000000000003,0.0000,0.0000
2004,4,10,19,0,1.9000000000000001,0,0,0,1.7000000000000002,0.0000,0.0000
2004,4,10,19,30,1.3,0,0,0,1.6,0.0000,0.0000
2004,4,10,20,0,0.8,0,0,0,1.6,0.0000,0.0000
2004,4,10,20,30,0.4,0,0,0,1.4000000000000001,0.0000,0.0000
2004,4,10,21,0,0,0,0,0,1.3,0.0000,0.0000
2004,4,10,21,30,-0.2,0,0,0,1.2000000000000002,0.0000,0.0000
2004,4,10,22,0,-0.30000000000000004,0,0,0,1.1,0.0000,0.0000
2004,4,10,22,30,-0.2,0,0,0,1,0.0000,0.0000
2004,4,10,23,0,-0.1,0,0,0,1,0.0000,0.0000
2004,4,10,23,30,-0.1,0,0,0,0.9,0.0000,0.0000
2004,4,11,0,0,0,0,0,0,0.8,0.0000,0.0000
2004,4,11,0,30,0,0,0,0,0.7000000000000001,0.0000,0.0000
2004,4,11,1,0,-0.1,0,0,0,0.6000000000000001,0.0000,0.0000
2004,4,11,1,30,-0.1,0,0,0,0.5,0.0000,0.0000
2004,4,11,2,0,-0.2,0,0,0,0.30000000000000004,0.0000,0.0000
2004,4,11,2,30,-0.2,0,0,0,0.2,0.0000,0.0000
2004,4,11,3,0,-0.2,0,0,0,0.1,0.0000,0.0000
2004,4,11,3,30,-0.4,0,0,0,0.1,0.0000,0.0000
2004,4,11,4,0,-0.5,0,0,0,0.1,0.0000,0.0000
2004,4,11,4,30,-0.7000000000000001,0,0,0,0.2,0.0000,0.0000
2004,4,11,5,0,-1,0,0,0,0.30000000000000004,0.0000,0.0000
2004,4,11,5,30,-1,0,0,0,0.5,0.0000,0.0000
2004,4,11,6,0,-1,0,0,0,0.6000000000000001,0.0000,0.0000
2004,4,11,6,30,-0.30000000000000004,10,0,10,1.2000000000000002,0.0000,0.0000
2004,4,11,7,0,0.4,34,0,34,1.8,4.6302,3.5350
2004,4,11,7,30,1.7000000000000002,61,0,61,2.2,9.0574,6.9835
2004,4,11,8,0,3.1,33,0,33,2.6,19.1412,14.8645
2004,4,11,8,30,4.1000000000000005,95,0,95,2.5,21.2858,16.6043
2004,4,11,9,0,5.2,119,0,119,2.4000000000000004,18.4642,14.4448
2004,4,11,9,30,6.1000000000000005,159,0,159,2.1,33.5315,26.2823
2004,4,11,10,0,7,205,0,205,1.8,37.7860,29.6557
2004,4,11,10,30,7.7,251,1,251,1.5,47.1334,37.0253
2004,4,11,11,0,8.4,205,0,206,1.2000000000000002,41.7702,32.8325
2004,4,11,11,30,8.9,295,1,295,0.9,53.6673,42.2009
2004,4,11,12,0,9.3,280,0,281,0.6000000000000001,55.1175,43.3509
2004,4,11,12,30,9.5,516,227,706,0.7000000000000001,55.5972,43.7312
2004,4,11,13,0,9.700000000000001,503,143,621,0.7000000000000001,55.0464,43.2944
2004,4,11,13,30,9.700000000000001,500,221,679,1.2000000000000002,53.3463,41.9473
2004,4,11,14,0,9.8,481,155,602,1.6,50.0333,39.3259
2004,4,11,14,30,9.600000000000001,412,352,671,2,47.0912,36.9898
2004,4,11,15,0,9.5,272,1,273,2.4000000000000004,35.6401,27.9690
2004,4,11,15,30,9.1,216,1,216,2.7,37.3173,29.2458
2004,4,11,16,0,8.8,288,36,307,3,25.7053,20.1058
2004,4,11,16,30,8.3,276,58,303,3.2,20.6290,16.0873
2004,4,11,17,0,7.7,210,26,220,3.4000000000000004,18.9166,14.6836
2004,4,11,17,30,6.9,165,141,206,3.3000000000000003,12.7390,9.8152
2004,4,11,18,0,6,75,1,76,3.1,7.3911,5.6392
2004,4,11,18,30,5,33,0,33,3.2,0.0000,0.0000
2004,4,11,19,0,4.1000000000000005,0,0,0,3.3000000000000003,0.0000,0.0000
2004,4,11,19,30,3.8000000000000003,0,0,0,3.6,0.0000,0.0000
2004,4,11,20,0,3.4000000000000004,0,0,0,3.9000000000000004,0.0000,0.0000
2004,4,11,20,30,3,0,0,0,3.9000000000000004,0.0000,0.0000
2004,4,11,21,0,2.7,0,0,0,3.9000000000000004,0.0000,0.0000
2004,4,11,21,30,2.3000000000000003,0,0,0,3.9000000000000004,0.0000,0.0000
2004,4,11,22,0,1.9000000000000001,0,0,0,3.9000000000000004,0.0000,0.0000
2004,4,11,22,30,1.6,0,0,0,4,0.0000,0.0000
2004,4,11,23,0,1.3,0,0,0,4,0.0000,0.0000
2004,4,11,23,30,1,0,0,0,3.9000000000000004,0.0000,0.0000
2004,4,12,0,0,0.7000000000000001,0,0,0,3.8000000000000003,0.0000,0.0000
2004,4,12,0,30,0.6000000000000001,0,0,0,3.9000000000000004,0.0000,0.0000
2004,4,12,1,0,0.4,0,0,0,3.9000000000000004,0.0000,0.0000
2004,4,12,1,30,0.2,0,0,0,3.9000000000000004,0.0000,0.0000
2004,4,12,2,0,0,0,0,0,3.9000000000000004,0.0000,0.0000
2004,4,12,2,30,-0.1,0,0,0,3.8000000000000003,0.0000,0.0000
2004,4,12,3,0,-0.30000000000000004,0,0,0,3.7,0.0000,0.0000
2004,4,12,3,30,-0.4,0,0,0,3.6,0.0000,0.0000
2004,4,12,4,0,-0.4,0,0,0,3.6,0.0000,0.0000
2004,4,12,4,30,-0.6000000000000001,0,0,0,3.6,0.0000,0.0000
2004,4,12,5,0,-0.7000000000000001,0,0,0,3.6,0.0000,0.0000
2004,4,12,5,30,-0.7000000000000001,0,0,0,3.7,0.0000,0.0000
2004,4,12,6,0,-0.7000000000000001,2,0,2,3.7,0.0000,0.0000
2004,4,12,6,30,-0.2,15,0,15,3.9000000000000004,0.0000,0.0000
2004,4,12,7,0,0.30000000000000004,6,0,6,4,1.6246,1.2409
2004,4,12,7,30,1.2000000000000002,23,0,23,4.2,3.0440,2.3480
2004,4,12,8,0,2.2,61,0,61,4.4,1.7299,1.3438
2004,4,12,8,30,3.3000000000000003,244,23,255,4.5,5.1817,4.0429
2004,4,12,9,0,4.5,337,77,380,4.5,6.6885,5.2332
2004,4,12,9,30,5.2,392,121,468,4.3,9.1404,7.1650
2004,4,12,10,0,6,432,132,523,4,11.9848,9.4068
2004,4,12,10,30,6.5,464,141,569,3.7,14.8569,11.6714
2004,4,12,11,0,7,489,163,618,3.4000000000000004,12.3018,9.6701
2004,4,12,11,30,7.2,441,45,477,3.2,17.7217,13.9360
2004,4,12,12,0,7.5,481,78,547,2.9000000000000004,16.9380,13.3226
2004,4,12,12,30,7.7,521,144,642,2.8000000000000003,42.5996,33.5090
2004,4,12,13,0,8,514,261,732,2.6,37.4237,29.4352
2004,4,12,13,30,8.200000000000001,445,418,786,2.4000000000000004,40.7703,32.0599
2004,4,12,14,0,8.3,177,821,820,2.2,35.9232,28.2366
2004,4,12,14,30,8.3,417,357,681,2.1,39.6747,31.1657
2004,4,12,15,0,8.4,164,784,701,2.1,15.9366,12.5071
2004,4,12,15,30,8.4,156,753,624,2,12.3932,9.7134
2004,4,12,16,0,8.3,211,1,211,2,17.2113,13.4633
2004,4,12,16,30,8.1,128,674,444,1.9000000000000001,16.4705,12.8461
2004,4,12,17,0,7.9,106,638,349,1.8,11.4828,8.9150
2004,4,12,17,30,7.1000000000000005,171,88,197,1.3,10.2290,7.8837
2004,4,12,18,0,6.300000000000001,98,6,99,0.8,3.6255,2.7669
2004,4,12,18,30,5.800000000000001,40,0,40,0.8,0.0000,0.0000
2004,4,12,19,0,5.300000000000001,0,0,0,0.7000000000000001,0.0000,0.0000
2004,4,12,19,30,5.1000000000000005,0,0,0,0.7000000000000001,0.0000,0.0000
2004,4,12,20,0,4.9,0,0,0,0.7000000000000001,0.0000,0.0000
2004,4,12,20,30,4.6000000000000005,0,0,0,0.7000000000000001,0.0000,0.0000
2004,4,12,21,0,4.3,0,0,0,0.8,0.0000,0.0000
2004,4,12,21,30,3.8000000000000003,0,0,0,0.9,0.0000,0.0000
2004,4,12,22,0,3.3000000000000003,0,0,0,1,0.0000,0.0000
2004,4,12,22,30,2.6,0,0,0,1.1,0.0000,0.0000
2004,4,12,23,0,2,0,0,0,1.2000000000000002,0.0000,0.0000
2004,4,12,23,30,1.3,0,0,0,1.3,0.0000,0.0000
2004,4,13,0,0,0.6000000000000001,0,0,0,1.3,0.0000,0.0000
2004,4,13,0,30,0.2,0,0,0,1.4000000000000001,0.0000,0.0000
2004,4,13,1,0,-0.30000000000000004,0,0,0,1.4000000000000001,0.0000,0.0000
2004,4,13,1,30,-0.6000000000000001,0,0,0,1.4000000000000001,0.0000,0.0000
2004,4,13,2,0,-0.9,0,0,0,1.5,0.0000,0.0000
2004,4,13,2,30,-1.2000000000000002,0,0,0,1.5,0.0000,0.0000
2004,4,13,3,0,-1.6,0,0,0,1.6,0.0000,0.0000
2004,4,13,3,30,-1.9000000000000001,0,0,0,1.6,0.0000,0.0000
2004,4,13,4,0,-2.1,0,0,0,1.6,0.0000,0.0000
2004,4,13,4,30,-2.4000000000000004,0,0,0,1.7000000000000002,0.0000,0.0000
2004,4,13,5,0,-2.6,0,0,0,1.8,0.0000,0.0000
2004,4,13,5,30,-1.8,0,0,0,2,0.0000,0.0000
2004,4,13,6,0,-1.1,12,112,15,2.3000000000000003,0.0000,0.0000
2004,4,13,6,30,0.4,36,400,83,2.8000000000000003,0.0000,0.0000
2004,4,13,7,0,1.9000000000000001,54,585,178,3.4000000000000004,0.2870,0.2194
2004,4,13,7,30,3.6,67,700,280,3.1,1.1508,0.8881
2004,4,13,8,0,5.300000000000001,76,782,386,2.9000000000000004,3.2055,2.4908
2004,4,13,8,30,7.1000000000000005,83,838,487,3.1,13.9343,10.8738
2004,4,13,9,0,8.8,89,881,584,3.3000000000000003,21.3909,16.7388
2004,4,13,9,30,9.700000000000001,94,912,672,3.1,26.9372,21.1177
2004,4,13,10,0,10.600000000000001,98,936,750,2.9000000000000004,30.6064,24.0245
2004,4,13,10,30,11.3,101,948,811,2.8000000000000003,33.7089,26.4830
2004,4,13,11,0,12.100000000000001,102,962,864,2.7,36.9343,29.0344
2004,4,13,11,30,12.700000000000001,105,970,902,2.8000000000000003,28.6753,22.5507
2004,4,13,12,0,13.4,119,952,919,2.9000000000000004,32.9931,25.9519
2004,4,13,12,30,13.9,119,949,921,3.1,38.7617,30.4913
2004,4,13,13,0,14.4,116,952,913,3.2,44.1393,34.7187
2004,4,13,13,30,14.8,114,946,888,3.3000000000000003,47.2241,37.1364
2004,4,13,14,0,15.100000000000001,111,940,849,3.3000000000000003,48.9631,38.4881
2004,4,13,14,30,15.3,108,926,796,3.3000000000000003,40.2933,31.6532
2004,4,13,15,0,15.5,104,908,729,3.3000000000000003,40.9540,32.1429
2004,4,13,15,30,15.5,99,879,647,3.2,35.8339,28.0872
2004,4,13,16,0,15.5,93,846,559,3.1,11.8418,9.2640
2004,4,13,16,30,15.100000000000001,86,802,464,2.7,24.1664,18.8510
2004,4,13,17,0,14.600000000000001,77,742,363,2.4000000000000004,18.2461,14.1688
2004,4,13,17,30,12.700000000000001,66,658,260,1.8,9.7994,7.5549
2004,4,13,18,0,10.8,52,537,159,1.2000000000000002,4.7251,3.6072
2004,4,13,18,30,9.3,34,342,69,1.4000000000000001,0.0000,0.0000
2004,4,13,19,0,7.800000000000001,0,0,0,1.5,0.0000,0.0000
2004,4,13,19,30,7.300000000000001,0,0,0,1.7000000000000002,0.0000,0.0000
2004,4,13,20,0,6.800000000000001,0,0,0,1.8,0.0000,0.0000
2004,4,13,20,30,6.4,0,0,0,2,0.0000,0.0000
2004,4,13,21,0,6,0,0,0,2.1,0.0000,0.0000
2004,4,13,21,30,5.7,0,0,0,2.3000000000000003,0.0000,0.0000
2004,4,13,22,0,5.300000000000001,0,0,0,2.4000000000000004,0.0000,0.0000
2004,4,13,22,30,5,0,0,0,2.4000000000000004,0.0000,0.0000
2004,4,13,23,0,4.6000000000000005,0,0,0,2.4000000000000004,0.0000,0.0000
2004,4,13,23,30,4.2,0,0,0,2.4000000000000004,0.0000,0.0000
2004,4,14,0,0,3.8000000000000003,0,0,0,2.4000000000000004,0.0000,0.0000
2004,4,14,0,30,3.5,0,0,0,2.5,0.0000,0.0000
2004,4,14,1,0,3.1,0,0,0,2.5,0.0000,0.0000
2004,4,14,1,30,2.8000000000000003,0,0,0,2.5,0.0000,0.0000
2004,4,14,2,0,2.5,0,0,0,2.5,0.0000,0.0000
2004,4,14,2,30,2.2,0,0,0,2.5,0.0000,0.0000
2004,4,14,3,0,1.8,0,0,0,2.4000000000000004,0.0000,0.0000
2004,4,14,3,30,1.5,0,0,0,2.3000000000000003,0.0000,0.0000
2004,4,14,4,0,1.2000000000000002,0,0,0,2.3000000000000003,0.0000,0.0000
2004,4,14,4,30,1,0,0,0,2.3000000000000003,0.0000,0.0000
2004,4,14,5,0,0.9,0,0,0,2.3000000000000003,0.0000,0.0000
2004,4,14,5,30,1.7000000000000002,0,0,0,2.8000000000000003,0.0000,0.0000
2004,4,14,6,0,2.5,13,148,17,3.3000000000000003,0.0000,0.0000
2004,4,14,6,30,3.9000000000000004,35,433,88,3.8000000000000003,0.0000,0.0000
2004,4,14,7,0,5.300000000000001,52,602,182,4.4,8.5279,6.5203
2004,4,14,7,30,7.1000000000000005,64,712,285,4.5,14.0467,10.8447
2004,4,14,8,0,8.9,77,773,387,4.5,20.3297,15.8009
2004,4,14,8,30,11.3,86,823,486,5.300000000000001,26.6617,20.8096
2004,4,14,9,0,13.700000000000001,96,855,580,6.1000000000000005,32.9222,25.7655
2004,4,14,9,30,15.3,101,886,667,6.6000000000000005,38.7248,30.3616
2004,4,14,10,0,16.900000000000002,106,905,740,7.1000000000000005,43.9337,34.4883
2004,4,14,10,30,17.900000000000002,109,923,804,7.300000000000001,48.0867,37.7810
2004,4,14,11,0,18.900000000000002,112,936,856,7.4,51.6749,40.6242
2004,4,14,11,30,19.700000000000003,113,945,893,7.4,54.2611,42.6736
2004,4,14,12,0,20.5,114,947,912,7.4,55.4661,43.6306
2004,4,14,12,30,21.1,114,948,918,7.4,55.6403,43.7703
2004,4,14,13,0,21.700000000000003,115,944,909,7.4,55.0870,43.3315
2004,4,14,13,30,22,114,939,885,7.4,53.3849,41.9828
2004,4,14,14,0,22.400000000000002,113,923,842,7.300000000000001,50.7268,39.8761
2004,4,14,14,30,22.400000000000002,110,909,788,7.2,47.1304,37.0260
2004,4,14,15,0,22.400000000000002,114,870,715,7.2,42.6219,33.4538
2004,4,14,15,30,22.1,109,843,638,7,37.1868,29.1497
2004,4,14,16,0,21.8,103,803,549,6.9,31.4052,24.5709
2004,4,14,16,30,21.1,95,757,454,6.5,25.2875,19.7281
2004,4,14,17,0,20.3,86,689,353,6.1000000000000005,19.0076,14.7630
2004,4,14,17,30,18.900000000000002,74,602,253,5.7,12.9561,9.9916
2004,4,14,18,0,17.5,59,466,153,5.300000000000001,7.5936,5.7988
2004,4,14,18,30,16.2,38,278,67,5.300000000000001,0.0000,0.0000
2004,4,14,19,0,15,0,0,0,5.2,0.0000,0.0000
2004,4,14,19,30,14.4,0,0,0,5.300000000000001,0.0000,0.0000
2004,4,14,20,0,13.8,0,0,0,5.4,0.0000,0.0000
2004,4,14,20,30,13,0,0,0,5.2,0.0000,0.0000
2004,4,14,21,0,12.3,0,0,0,5,0.0000,0.0000
2004,4,14,21,30,11.700000000000001,0,0,0,5.1000000000000005,0.0000,0.0000
2004,4,14,22,0,11.100000000000001,0,0,0,5.1000000000000005,0.0000,0.0000
2004,4,14,22,30,10.600000000000001,0,0,0,5.1000000000000005,0.0000,0.0000
2004,4,14,23,0,10.100000000000001,0,0,0,5,0.0000,0.0000
2004,4,14,23,30,9.600000000000001,0,0,0,4.9,0.0000,0.0000
2004,4,15,0,0,9.200000000000001,0,0,0,4.800000000000001,0.0000,0.0000
2004,4,15,0,30,8.8,0,0,0,4.7,0.0000,0.0000
2004,4,15,1,0,8.4,0,0,0,4.5,0.0000,0.0000
2004,4,15,1,30,8,0,0,0,4.4,0.0000,0.0000
2004,4,15,2,0,7.6000000000000005,0,0,0,4.3,0.0000,0.0000
2004,4,15,2,30,7.5,0,0,0,4.3,0.0000,0.0000
2004,4,15,3,0,7.4,0,0,0,4.3,0.0000,0.0000
2004,4,15,3,30,7.300000000000001,0,0,0,4.1000000000000005,0.0000,0.0000
2004,4,15,4,0,7.1000000000000005,0,0,0,3.8000000000000003,0.0000,0.0000
2004,4,15,4,30,6.9,0,0,0,3.5,0.0000,0.0000
2004,4,15,5,0,6.800000000000001,0,0,0,3.2,0.0000,0.0000
2004,4,15,5,30,7.300000000000001,0,0,0,3.2,0.0000,0.0000
2004,4,15,6,0,7.800000000000001,10,0,10,3.3000000000000003,0.0000,0.0000
2004,4,15,6,30,9.1,46,4,46,3.6,0.0000,0.0000
2004,4,15,7,0,10.4,108,235,160,3.9000000000000004,8.7326,6.6801
2004,4,15,7,30,12,85,578,267,4.1000000000000005,14.3348,11.0717
2004,4,15,8,0,13.5,191,329,325,4.3,20.4275,15.8811
2004,4,15,8,30,14.200000000000001,231,319,388,4,26.6529,20.8062
2004,4,15,9,0,15,273,80,318,3.7,32.7421,25.6276
2004,4,15,9,30,15.3,357,67,399,3.4000000000000004,38.4801,30.1724
2004,4,15,10,0,15.700000000000001,354,201,495,3.1,43.3899,34.0638
2004,4,15,10,30,16.3,101,0,101,3.2,47.7107,37.4878
2004,4,15,11,0,16.900000000000002,392,136,500,3.2,51.2330,40.2787
2004,4,15,11,30,18.2,284,528,721,3.2,53.7553,42.2776
2004,4,15,12,0,19.5,272,604,783,3.2,55.0772,43.3264
2004,4,15,12,30,21,269,608,786,3,55.4920,43.6553
2004,4,15,13,0,22.400000000000002,129,897,886,2.7,54.8775,43.1684
2004,4,15,13,30,23.400000000000002,299,671,853,2.6,53.2364,41.8676
2004,4,15,14,0,24.5,128,876,822,2.4000000000000004,50.3399,39.5736
2004,4,15,14,30,24.900000000000002,125,861,770,2.3000000000000003,46.6877,36.6799
2004,4,15,15,0,25.400000000000002,125,831,702,2.2,41.8347,32.8377
2004,4,15,15,30,25.400000000000002,304,447,585,2.3000000000000003,36.7009,28.7707
2004,4,15,16,0,25.5,328,157,415,2.3000000000000003,30.8740,24.1574
2004,4,15,16,30,24.6,281,113,335,1.8,24.7741,19.3300
2004,4,15,17,0,23.8,95,650,349,1.4000000000000001,18.5127,14.3813
2004,4,15,17,30,21.8,81,560,249,1.3,12.6296,9.7428
2004,4,15,18,0,19.8,65,428,153,1.2000000000000002,7.3120,5.5855
2004,4,15,18,30,18.400000000000002,40,242,67,1.3,0.0000,0.0000
2004,4,15,19,0,17,5,0,5,1.4000000000000001,0.0000,0.0000
2004,4,15,19,30,16.400000000000002,0,0,0,1.4000000000000001,0.0000,0.0000
2004,4,15,20,0,15.8,0,0,0,1.4000000000000001,0.0000,0.0000
2004,4,15,20,30,15.200000000000001,0,0,0,1.4000000000000001,0.0000,0.0000
2004,4,15,21,0,14.700000000000001,0,0,0,1.4000000000000001,0.0000,0.0000
2004,4,15,21,30,14.600000000000001,0,0,0,1.4000000000000001,0.0000,0.0000
2004,4,15,22,0,14.600000000000001,0,0,0,1.4000000000000001,0.0000,0.0000
2004,4,15,22,30,14.600000000000001,0,0,0,1.3,0.0000,0.0000
2004,4,15,23,0,14.700000000000001,0,0,0,1.3,0.0000,0.0000
2004,4,15,23,30,14.4,0,0,0,1.3,0.0000,0.0000
2004,4,16,0,0,14,0,0,0,1.3,0.0000,0.0000
2004,4,16,0,30,13.200000000000001,0,0,0,1.4000000000000001,0.0000,0.0000
2004,4,16,1,0,12.5,0,0,0,1.4000000000000001,0.0000,0.0000
2004,4,16,1,30,11.700000000000001,0,0,0,1.5,0.0000,0.0000
2004,4,16,2,0,10.9,0,0,0,1.5,0.0000,0.0000
2004,4,16,2,30,10.4,0,0,0,1.6,0.0000,0.0000
2004,4,16,3,0,9.9,0,0,0,1.6,0.0000,0.0000
2004,4,16,3,30,9.700000000000001,0,0,0,1.7000000000000002,0.0000,0.0000
2004,4,16,4,0,9.4,0,0,0,1.7000000000000002,0.0000,0.0000
2004,4,16,4,30,9.3,0,0,0,1.8,0.0000,0.0000
2004,4,16,5,0,9.3,0,0,0,1.8,0.0000,0.0000
2004,4,16,5,30,10.200000000000001,0,0,0,1.9000000000000001,0.0000,0.0000
2004,4,16,6,0,11.200000000000001,12,0,12,2,0.0000,0.0000
2004,4,16,6,30,12.8,62,9,63,2.7,0.0000,0.0000
2004,4,16,7,0,14.4,42,0,42,3.4000000000000004,7.6901,5.8857
2004,4,16,7,30,15.5,149,7,151,3.7,13.4644,10.4037
2004,4,16,8,0,16.7,242,110,287,4,17.1924,13.3695
2004,4,16,8,30,18.3,226,284,367,3.8000000000000003,21.3159,16.6429
2004,4,16,9,0,20,237,458,500,3.6,17.9762,14.0718
2004,4,16,9,30,21.900000000000002,291,546,644,3.7,23.0444,18.0708
2004,4,16,10,0,23.8,126,846,725,3.9000000000000004,29.0511,22.8085
2004,4,16,10,30,25.200000000000003,309,620,780,4,5.9984,4.7134
2004,4,16,11,0,26.5,384,460,753,4.1000000000000005,29.9475,23.5454
2004,4,16,11,30,27.400000000000002,300,672,859,4,43.4290,34.1576
2004,4,16,12,0,28.200000000000003,128,898,891,3.9000000000000004,47.3150,37.2217
2004,4,16,12,30,28.700000000000003,128,900,897,3.9000000000000004,47.5405,37.4013
2004,4,16,13,0,29.200000000000003,124,901,887,4,53.5187,42.1009
2004,4,16,13,30,29.3,122,893,861,4,51.3408,40.3784
2004,4,16,14,0,29.5,119,883,821,4,49.1733,38.6581
2004,4,16,14,30,29.400000000000002,117,868,769,3.5,45.6511,35.8672
2004,4,16,15,0,29.3,128,813,695,3.1,41.1031,32.2652
2004,4,16,15,30,28.900000000000002,123,785,620,2.6,33.6805,26.4048
2004,4,16,16,0,28.6,320,80,365,2.1,23.3623,18.2815
2004,4,16,16,30,27.5,109,693,442,2,18.3024,14.2822
2004,4,16,17,0,26.400000000000002,207,238,301,1.9000000000000001,18.3310,14.2429
2004,4,16,17,30,24.5,101,1,101,2.7,12.4520,9.6086
2004,4,16,18,0,22.6,67,408,152,3.6,7.3180,5.5919
2004,4,16,18,30,21.400000000000002,42,230,68,4.5,0.0000,0.0000
2004,4,16,19,0,20.1,10,34,11,5.4,0.0000,0.0000
2004,4,16,19,30,19.3,0,0,0,5.5,0.0000,0.0000
2004,4,16,20,0,18.5,0,0,0,5.6000000000000005,0.0000,0.0000
2004,4,16,20,30,17.6,0,0,0,5.2,0.0000,0.0000
2004,4,16,21,0,16.7,0,0,0,4.9,0.0000,0.0000
2004,4,16,21,30,15.8,0,0,0,4.5,0.0000,0.0000
2004,4,16,22,0,14.9,0,0,0,4.2,0.0000,0.0000
2004,4,16,22,30,14.200000000000001,0,0,0,4.1000000000000005,0.0000,0.0000
2004,4,16,23,0,13.4,0,0,0,4,0.0000,0.0000
2004,4,16,23,30,12.8,0,0,0,3.8000000000000003,0.0000,0.0000
2004,4,17,0,0,12.100000000000001,0,0,0,3.6,0.0000,0.0000
2004,4,17,0,30,11.600000000000001,0,0,0,3.5,0.0000,0.0000
2004,4,17,1,0,11,0,0,0,3.4000000000000004,0.0000,0.0000
2004,4,17,1,30,10.600000000000001,0,0,0,3.5,0.0000,0.0000
2004,4,17,2,0,10.200000000000001,0,0,0,3.7,0.0000,0.0000
2004,4,17,2,30,9.8,0,0,0,3.7,0.0000,0.0000
2004,4,17,3,0,9.4,0,0,0,3.8000000000000003,0.0000,0.0000
2004,4,17,3,30,9.200000000000001,0,0,0,3.8000000000000003,0.0000,0.0000
2004,4,17,4,0,9,0,0,0,3.8000000000000003,0.0000,0.0000
2004,4,17,4,30,8.8,0,0,0,3.7,0.0000,0.0000
2004,4,17,5,0,8.700000000000001,0,0,0,3.7,0.0000,0.0000
2004,4,17,5,30,9,0,0,0,4,0.0000,0.0000
2004,4,17,6,0,9.3,12,0,12,4.2,0.0000,0.0000
2004,4,17,6,30,10.100000000000001,60,10,62,4.2,0.0000,0.0000
2004,4,17,7,0,11,121,52,133,4.2,2.0222,1.5485
2004,4,17,7,30,12.5,163,58,182,4.6000000000000005,7.6337,5.9007
2004,4,17,8,0,14.100000000000001,221,164,289,5,15.2150,11.8347
2004,4,17,8,30,15.8,226,351,402,5.4,20.1961,15.7711
2004,4,17,9,0,17.5,126,752,561,5.800000000000001,28.3026,22.1579
2004,4,17,9,30,19.1,134,788,645,6,37.2354,29.2014
2004,4,17,10,0,20.700000000000003,137,821,721,6.300000000000001,42.5896,33.4400
2004,4,17,10,30,22,140,838,781,6,46.3597,36.4302
2004,4,17,11,0,23.3,140,859,832,5.7,45.1322,35.4856
2004,4,17,11,30,24.200000000000003,143,868,868,5.4,51.7746,40.7233
2004,4,17,12,0,25.200000000000003,137,884,890,5.2,53.8730,42.3823
2004,4,17,12,30,25.900000000000002,137,885,897,5,54.2845,42.7085
2004,4,17,13,0,26.6,131,892,889,4.800000000000001,53.6093,42.1737
2004,4,17,13,30,27.1,129,886,865,4.7,51.8516,40.7816
2004,4,17,14,0,27.6,121,885,828,4.6000000000000005,49.1433,38.6361
2004,4,17,14,30,27.8,118,871,775,4.7,45.6202,35.8445
2004,4,17,15,0,28,114,849,709,4.7,40.7230,31.9685
2004,4,17,15,30,27.900000000000002,109,823,633,4.800000000000001,35.7255,28.0099
2004,4,17,16,0,27.900000000000002,102,789,546,4.800000000000001,20.5675,16.0959
2004,4,17,16,30,27.200000000000003,94,743,453,4.3,24.1786,18.8700
2004,4,17,17,0,26.6,85,680,355,3.7,15.8340,12.3050
2004,4,17,17,30,25,74,594,255,3.6,5.0593,3.9051
2004,4,17,18,0,23.5,59,466,158,3.5,7.2763,5.5618
2004,4,17,18,30,22.6,39,288,73,4.1000000000000005,0.0000,0.0000
2004,4,17,19,0,21.700000000000003,11,48,13,4.7,0.0000,0.0000
2004,4,17,19,30,21.3,0,0,0,5.1000000000000005,0.0000,0.0000
2004,4,17,20,0,20.900000000000002,0,0,0,5.4,0.0000,0.0000
2004,4,17,20,30,20.3,0,0,0,5.6000000000000005,0.0000,0.0000
2004,4,17,21,0,19.8,0,0,0,5.7,0.0000,0.0000
2004,4,17,21,30,19.5,0,0,0,6.2,0.0000,0.0000
2004,4,17,22,0,19.3,0,0,0,6.7,0.0000,0.0000
2004,4,17,22,30,19.1,0,0,0,6.9,0.0000,0.0000
2004,4,17,23,0,18.8,0,0,0,7.1000000000000005,0.0000,0.0000
2004,4,17,23,30,18.7,0,0,0,7.2,0.0000,0.0000
2004,4,18,0,0,18.5,0,0,0,7.300000000000001,0.0000,0.0000
2004,4,18,0,30,18.400000000000002,0,0,0,7.4,0.0000,0.0000
2004,4,18,1,0,18.3,0,0,0,7.5,0.0000,0.0000
2004,4,18,1,30,18.2,0,0,0,7.6000000000000005,0.0000,0.0000
2004,4,18,2,0,18.2,0,0,0,7.7,0.0000,0.0000
2004,4,18,2,30,18.1,0,0,0,7.800000000000001,0.0000,0.0000
2004,4,18,3,0,18,0,0,0,7.800000000000001,0.0000,0.0000
2004,4,18,3,30,17.900000000000002,0,0,0,7.7,0.0000,0.0000
2004,4,18,4,0,17.8,0,0,0,7.7,0.0000,0.0000
2004,4,18,4,30,17.7,0,0,0,7.6000000000000005,0.0000,0.0000
2004,4,18,5,0,17.5,0,0,0,7.6000000000000005,0.0000,0.0000
2004,4,18,5,30,17.7,0,0,0,7.7,0.0000,0.0000
2004,4,18,6,0,18,11,0,11,7.9,0.0000,0.0000
2004,4,18,6,30,18.900000000000002,53,5,54,8.5,0.0000,0.0000
2004,4,18,7,0,19.900000000000002,95,10,98,9.1,6.4158,4.9153
2004,4,18,7,30,21,149,30,159,9.600000000000001,9.2247,7.1332
2004,4,18,8,0,22.200000000000003,189,299,314,10.200000000000001,15.3526,11.9446
2004,4,18,8,30,23.200000000000003,108,462,341,10.3,22.1588,17.3065
2004,4,18,9,0,24.3,282,146,366,10.5,31.7978,24.8971
2004,4,18,9,30,25.3,325,224,472,10.700000000000001,37.3323,29.2797
2004,4,18,10,0,26.400000000000002,327,350,577,10.8,42.3915,33.2865
2004,4,18,10,30,27.200000000000003,322,358,596,11,46.4545,36.5065
2004,4,18,11,0,28,268,551,714,11.100000000000001,49.9012,39.2371
2004,4,18,11,30,28.5,363,294,609,11.100000000000001,52.3492,41.1768
2004,4,18,12,0,29,427,251,642,11.200000000000001,53.8429,42.3601
2004,4,18,12,30,29,399,353,703,11.3,54.3143,42.7334
2004,4,18,13,0,29.1,281,630,819,11.4,53.7591,42.2930
2004,4,18,13,30,28.8,282,609,789,11.5,52.1215,40.9953
2004,4,18,14,0,28.5,325,600,806,11.600000000000001,49.5910,38.9895
2004,4,18,14,30,28.1,153,794,754,11.5,46.0045,36.1479
2004,4,18,15,0,27.6,178,710,678,11.5,41.5722,32.6368
2004,4,18,15,30,27,171,676,603,11.200000000000001,36.5035,28.6216
2004,4,18,16,0,26.400000000000002,303,368,511,11,30.7963,24.1028
2004,4,18,16,30,25.6,151,569,428,10.600000000000001,24.8095,19.3647
2004,4,18,17,0,24.900000000000002,184,26,195,10.100000000000001,18.7029,14.5371
2004,4,18,17,30,23.900000000000002,100,6,102,9.700000000000001,12.7961,9.8796
2004,4,18,18,0,23,85,305,151,9.200000000000001,7.5709,5.7889
2004,4,18,18,30,21.900000000000002,50,146,68,8.3,0.0000,0.0000
2004,4,18,19,0,20.700000000000003,11,0,11,7.4,0.0000,0.0000
2004,4,18,19,30,19.5,0,0,0,6.7,0.0000,0.0000
2004,4,18,20,0,18.400000000000002,0,0,0,5.9,0.0000,0.0000
2004,4,18,20,30,16.900000000000002,0,0,0,6.800000000000001,0.0000,0.0000
2004,4,18,21,0,15.4,0,0,0,7.800000000000001,0.0000,0.0000
2004,4,18,21,30,14.5,0,0,0,7.800000000000001,0.0000,0.0000
2004,4,18,22,0,13.600000000000001,0,0,0,7.800000000000001,0.0000,0.0000
2004,4,18,22,30,12.9,0,0,0,7.800000000000001,0.0000,0.0000
2004,4,18,23,0,12.200000000000001,0,0,0,7.800000000000001,0.0000,0.0000
2004,4,18,23,30,11.5,0,0,0,7.7,0.0000,0.0000
2004,4,19,0,0,10.8,0,0,0,7.6000000000000005,0.0000,0.0000
2004,4,19,0,30,10.3,0,0,0,7.2,0.0000,0.0000
2004,4,19,1,0,9.8,0,0,0,6.800000000000001,0.0000,0.0000
2004,4,19,1,30,9.5,0,0,0,6.300000000000001,0.0000,0.0000
2004,4,19,2,0,9.200000000000001,0,0,0,5.9,0.0000,0.0000
2004,4,19,2,30,8.8,0,0,0,5.6000000000000005,0.0000,0.0000
2004,4,19,3,0,8.4,0,0,0,5.2,0.0000,0.0000
2004,4,19,3,30,8,0,0,0,5,0.0000,0.0000
2004,4,19,4,0,7.6000000000000005,0,0,0,4.7,0.0000,0.0000
2004,4,19,4,30,7.2,0,0,0,4.7,0.0000,0.0000
2004,4,19,5,0,6.800000000000001,0,0,0,4.6000000000000005,0.0000,0.0000
2004,4,19,5,30,6.800000000000001,0,0,0,4.800000000000001,0.0000,0.0000
2004,4,19,6,0,6.9,8,0,8,5,0.0000,0.0000
2004,4,19,6,30,7.4,52,0,53,5.6000000000000005,0.0000,0.0000
2004,4,19,7,0,8,79,1,79,6.1000000000000005,4.7368,3.6308
2004,4,19,7,30,8.8,118,0,118,6.1000000000000005,8.0782,6.2489
2004,4,19,8,0,9.600000000000001,134,0,134,6,16.7147,13.0073
2004,4,19,8,30,10.5,165,0,165,5.7,18.8261,14.7058
2004,4,19,9,0,11.3,155,0,155,5.4,20.7714,16.2653
2004,4,19,9,30,12.100000000000001,246,1,247,4.9,27.3473,21.4503
2004,4,19,10,0,13,300,2,302,4.5,33.9540,26.6629
2004,4,19,10,30,13.700000000000001,358,6,362,4,35.4771,27.8814
2004,4,19,11,0,14.4,293,1,293,3.5,42.8518,33.6956
2004,4,19,11,30,15,232,0,232,3,36.7505,28.9083
2004,4,19,12,0,15.600000000000001,321,1,322,2.5,38.8616,30.5750
2004,4,19,12,30,16,342,1,343,2.1,42.5904,33.5104
2004,4,19,13,0,16.400000000000002,342,1,343,1.7000000000000002,49.5523,38.9848
2004,4,19,13,30,16.7,425,23,444,1.5,47.5673,37.4145
2004,4,19,14,0,16.900000000000002,349,3,351,1.3,48.3000,37.9759
2004,4,19,14,30,17,382,182,520,1.3,44.7863,35.1923
2004,4,19,15,0,17.2,343,15,353,1.4000000000000001,39.7818,31.2328
2004,4,19,15,30,17.2,364,265,534,1.6,34.8021,27.2893
2004,4,19,16,0,17.1,114,790,564,1.9000000000000001,28.8496,22.5811
2004,4,19,16,30,16.8,106,743,469,2.1,23.4678,18.3195
2004,4,19,17,0,16.5,95,681,370,2.4000000000000004,10.2881,7.9979
2004,4,19,17,30,15.4,164,255,244,2,5.1270,3.9595
2004,4,19,18,0,14.3,111,248,165,1.7000000000000002,7.2427,5.5398
2004,4,19,18,30,12.8,45,290,80,1.6,0.0000,0.0000
2004,4,19,19,0,11.3,12,0,12,1.6,0.0000,0.0000
2004,4,19,19,30,10.9,0,0,0,1.8,0.0000,0.0000
2004,4,19,20,0,10.5,0,0,0,2,0.0000,0.0000
2004,4,19,20,30,10.4,0,0,0,2.1,0.0000,0.0000
2004,4,19,21,0,10.200000000000001,0,0,0,2.3000000000000003,0.0000,0.0000
2004,4,19,21,30,10,0,0,0,2.4000000000000004,0.0000,0.0000
2004,4,19,22,0,9.9,0,0,0,2.6,0.0000,0.0000
2004,4,19,22,30,9.8,0,0,0,2.9000000000000004,0.0000,0.0000
2004,4,19,23,0,9.8,0,0,0,3.2,0.0000,0.0000
2004,4,19,23,30,9.700000000000001,0,0,0,3.5,0.0000,0.0000
2004,4,20,0,0,9.600000000000001,0,0,0,3.8000000000000003,0.0000,0.0000
2004,4,20,0,30,9.600000000000001,0,0,0,4,0.0000,0.0000
2004,4,20,1,0,9.600000000000001,0,0,0,4.2,0.0000,0.0000
2004,4,20,1,30,9.600000000000001,0,0,0,4.1000000000000005,0.0000,0.0000
2004,4,20,2,0,9.600000000000001,0,0,0,4,0.0000,0.0000
2004,4,20,2,30,9.600000000000001,0,0,0,3.9000000000000004,0.0000,0.0000
2004,4,20,3,0,9.600000000000001,0,0,0,3.7,0.0000,0.0000
2004,4,20,3,30,9.600000000000001,0,0,0,3.8000000000000003,0.0000,0.0000
2004,4,20,4,0,9.600000000000001,0,0,0,3.8000000000000003,0.0000,0.0000
2004,4,20,4,30,9.700000000000001,0,0,0,3.8000000000000003,0.0000,0.0000
2004,4,20,5,0,9.8,0,0,0,3.9000000000000004,0.0000,0.0000
2004,4,20,5,30,10,0,0,0,4.1000000000000005,0.0000,0.0000
2004,4,20,6,0,10.200000000000001,17,0,17,4.3,0.0000,0.0000
2004,4,20,6,30,10.700000000000001,13,0,13,4.4,0.0000,0.0000
2004,4,20,7,0,11.200000000000001,89,5,90,4.5,3.8263,2.9344
2004,4,20,7,30,12,186,120,227,4.6000000000000005,6.0099,4.6506
2004,4,20,8,0,12.8,103,0,103,4.7,7.1474,5.5633
2004,4,20,8,30,13.600000000000001,139,0,139,5,9.1236,7.1278
2004,4,20,9,0,14.4,349,145,434,5.300000000000001,8.8076,6.8977
2004,4,20,9,30,15.3,392,170,504,5.2,14.3256,11.2374
2004,4,20,10,0,16.2,408,250,589,5.2,17.7865,13.9680
2004,4,20,10,30,17.3,178,757,764,5.1000000000000005,21.5636,16.9476
2004,4,20,11,0,18.400000000000002,455,274,678,5,17.5961,13.8369
2004,4,20,11,30,19.3,464,116,562,5.300000000000001,14.0085,11.0196
2004,4,20,12,0,20.200000000000003,377,355,683,5.6000000000000005,19.5020,15.3440
2004,4,20,12,30,20.900000000000002,301,581,805,6,20.7910,16.3590
2004,4,20,13,0,21.5,141,877,895,6.5,20.7635,16.3360
2004,4,20,13,30,21.700000000000003,140,874,873,6.5,26.7819,21.0663
2004,4,20,14,0,22,135,874,840,6.6000000000000005,21.0457,16.5479
2004,4,20,14,30,22,131,862,790,6.4,30.9050,24.2855
2004,4,20,15,0,22.1,248,584,662,6.2,20.7258,16.2726
2004,4,20,15,30,21.900000000000002,234,555,592,5.800000000000001,30.8437,24.1869
2004,4,20,16,0,21.700000000000003,238,390,461,5.4,31.8719,24.9487
2004,4,20,16,30,21,243,219,350,4.9,25.7457,20.0999
2004,4,20,17,0,20.3,218,192,296,4.4,19.5500,15.2008
2004,4,20,17,30,19,169,172,223,4.3,12.2863,9.4912
2004,4,20,18,0,17.7,125,134,155,4.3,7.9231,6.0623
2004,4,20,18,30,16.5,72,42,78,4.6000000000000005,0.0000,0.0000
2004,4,20,19,0,15.3,13,0,13,4.9,0.0000,0.0000
2004,4,20,19,30,14.200000000000001,0,0,0,4.7,0.0000,0.0000
2004,4,20,20,0,13.200000000000001,0,0,0,4.5,0.0000,0.0000
2004,4,20,20,30,12.4,0,0,0,4.2,0.0000,0.0000
2004,4,20,21,0,11.600000000000001,0,0,0,4,0.0000,0.0000
2004,4,20,21,30,11,0,0,0,4,0.0000,0.0000
2004,4,20,22,0,10.4,0,0,0,4,0.0000,0.0000
2004,4,20,22,30,10,0,0,0,4,0.0000,0.0000
2004,4,20,23,0,9.600000000000001,0,0,0,4,0.0000,0.0000
2004,4,20,23,30,9.3,0,0,0,4,0.0000,0.0000
2004,4,21,0,0,8.9,0,0,0,4,0.0000,0.0000
2004,4,21,0,30,8.4,0,0,0,3.7,0.0000,0.0000
2004,4,21,1,0,7.9,0,0,0,3.5,0.0000,0.0000
2004,4,21,1,30,7.5,0,0,0,3.4000000000000004,0.0000,0.0000
2004,4,21,2,0,7.1000000000000005,0,0,0,3.3000000000000003,0.0000,0.0000
2004,4,21,2,30,7.1000000000000005,0,0,0,3.3000000000000003,0.0000,0.0000
2004,4,21,3,0,7.1000000000000005,0,0,0,3.4000000000000004,0.0000,0.0000
2004,4,21,3,30,7.1000000000000005,0,0,0,3.3000000000000003,0.0000,0.0000
2004,4,21,4,0,7.2,0,0,0,3.3000000000000003,0.0000,0.0000
2004,4,21,4,30,7.300000000000001,0,0,0,3.3000000000000003,0.0000,0.0000
2004,4,21,5,0,7.4,0,0,0,3.3000000000000003,0.0000,0.0000
2004,4,21,5,30,7.7,0,0,0,3.2,0.0000,0.0000
2004,4,21,6,0,8,24,149,33,3.2,0.0000,0.0000
2004,4,21,6,30,9,50,373,108,3,0.0000,0.0000
2004,4,21,7,0,10,131,108,158,2.8000000000000003,4.3678,3.3512
2004,4,21,7,30,11.600000000000001,159,290,258,2.7,11.5886,8.9706
2004,4,21,8,0,13.200000000000001,96,705,399,2.5,5.5044,4.2854
2004,4,21,8,30,14.700000000000001,105,761,497,2.4000000000000004,7.6977,6.0147
2004,4,21,9,0,16.2,110,808,591,2.3000000000000003,24.6908,19.3384
2004,4,21,9,30,17,116,837,673,2,29.2596,22.9537
2004,4,21,10,0,17.900000000000002,121,861,747,1.6,34.7185,27.2665
2004,4,21,10,30,18.3,125,879,809,1.4000000000000001,45.5422,35.7949
2004,4,21,11,0,18.7,128,889,856,1.1,40.7423,32.0395
2004,4,21,11,30,19,130,898,892,1,33.9532,26.7098
2004,4,21,12,0,19.200000000000003,309,541,777,1,41.3876,32.5645
2004,4,21,12,30,19.200000000000003,397,177,551,1,48.8200,38.4144
2004,4,21,13,0,19.200000000000003,265,580,765,1.1,54.2058,42.6487
2004,4,21,13,30,18.900000000000002,279,579,766,1.1,52.6862,41.4437
2004,4,21,14,0,18.6,472,161,602,1.1,50.3920,39.6236
2004,4,21,14,30,18.1,389,386,685,0.7000000000000001,46.9798,36.9188
2004,4,21,15,0,17.6,389,292,596,0.4,38.8944,30.5390
2004,4,21,15,30,17.400000000000002,349,292,538,0.8,34.2188,26.8351
2004,4,21,16,0,17.1,149,0,149,1.1,26.0757,20.4132
2004,4,21,16,30,16.6,201,4,203,1.5,19.2352,15.0188
2004,4,21,17,0,16.2,103,642,365,2,15.6619,12.1796
2004,4,21,17,30,15.4,89,559,267,2.3000000000000003,11.2476,8.6911
2004,4,21,18,0,14.700000000000001,124,135,154,2.6,7.4512,5.7031
2004,4,21,18,30,13.9,72,44,78,3,0.0000,0.0000
2004,4,21,19,0,13.100000000000001,10,0,10,3.5,0.0000,0.0000
2004,4,21,19,30,12.8,0,0,0,3.6,0.0000,0.0000
2004,4,21,20,0,12.4,0,0,0,3.6,0.0000,0.0000
2004,4,21,20,30,12.200000000000001,0,0,0,3.7,0.0000,0.0000
2004,4,21,21,0,12,0,0,0,3.9000000000000004,0.0000,0.0000
2004,4,21,21,30,11.700000000000001,0,0,0,3.9000000000000004,0.0000,0.0000
2004,4,21,22,0,11.3,0,0,0,3.9000000000000004,0.0000,0.0000
2004,4,21,22,30,11,0,0,0,3.6,0.0000,0.0000
2004,4,21,23,0,10.600000000000001,0,0,0,3.4000000000000004,0.0000,0.0000
2004,4,21,23,30,10.3,0,0,0,3.3000000000000003,0.0000,0.0000
2004,4,22,0,0,10,0,0,0,3.3000000000000003,0.0000,0.0000
2004,4,22,0,30,9.600000000000001,0,0,0,3.5,0.0000,0.0000
2004,4,22,1,0,9.3,0,0,0,3.8000000000000003,0.0000,0.0000
2004,4,22,1,30,8.9,0,0,0,3.7,0.0000,0.0000
2004,4,22,2,0,8.4,0,0,0,3.7,0.0000,0.0000
2004,4,22,2,30,8.200000000000001,0,0,0,3.7,0.0000,0.0000
2004,4,22,3,0,7.9,0,0,0,3.8000000000000003,0.0000,0.0000
2004,4,22,3,30,7.7,0,0,0,4,0.0000,0.0000
2004,4,22,4,0,7.5,0,0,0,4.3,0.0000,0.0000
2004,4,22,4,30,7.2,0,0,0,4.3,0.0000,0.0000
2004,4,22,5,0,6.9,0,0,0,4.3,0.0000,0.0000
2004,4,22,5,30,6.800000000000001,0,0,0,4.4,0.0000,0.0000
2004,4,22,6,0,6.7,16,0,16,4.5,0.0000,0.0000
2004,4,22,6,30,6.9,24,0,24,4.7,0.0000,0.0000
2004,4,22,7,0,7.2,86,6,87,4.9,7.6842,5.8985
2004,4,22,7,30,7.7,176,59,196,5.1000000000000005,13.2009,10.2219
2004,4,22,8,0,8.200000000000001,212,121,264,5.300000000000001,21.3632,16.6355
2004,4,22,8,30,9.1,189,16,197,5.300000000000001,27.5638,21.5403
2004,4,22,9,0,9.9,225,19,237,5.4,33.6622,26.3676
2004,4,22,9,30,10.8,333,141,427,5.4,39.1084,30.6821
2004,4,22,10,0,11.600000000000001,363,224,527,5.4,44.0668,34.6103
2004,4,22,10,30,12.200000000000001,393,32,418,5.4,48.2583,37.9315
2004,4,22,11,0,12.9,459,114,553,5.300000000000001,51.4698,40.4772
2004,4,22,11,30,13.4,310,527,759,5.300000000000001,53.9203,42.4188
2004,4,22,12,0,13.8,363,423,730,5.2,47.1079,37.0665
2004,4,22,12,30,14.100000000000001,433,197,604,5.2,33.4327,26.3076
2004,4,22,13,0,14.4,399,44,436,5.1000000000000005,46.3551,36.4730
2004,4,22,13,30,14.5,295,9,303,5,46.2515,36.3832
2004,4,22,14,0,14.600000000000001,382,55,427,4.9,36.1335,28.4130
2004,4,22,14,30,14.600000000000001,325,19,339,4.800000000000001,40.7587,32.0313
2004,4,22,15,0,14.600000000000001,284,24,301,4.7,35.0390,27.5131
2004,4,22,15,30,14.5,309,82,362,4.6000000000000005,31.1212,24.4073
2004,4,22,16,0,14.4,279,114,345,4.4,8.4354,6.6040
2004,4,22,16,30,14.200000000000001,215,19,225,4.1000000000000005,11.1691,8.7218
2004,4,22,17,0,14.100000000000001,96,1,97,3.8000000000000003,19.3397,15.0421
2004,4,22,17,30,13.4,136,14,141,3,13.4894,10.4259
2004,4,22,18,0,12.700000000000001,82,5,83,2.2,7.4119,5.6749
2004,4,22,18,30,11.9,42,1,42,1.8,0.0000,0.0000
2004,4,22,19,0,11,11,0,11,1.4000000000000001,0.0000,0.0000
2004,4,22,19,30,10.9,0,0,0,1.3,0.0000,0.0000
2004,4,22,20,0,10.700000000000001,0,0,0,1.2000000000000002,0.0000,0.0000
2004,4,22,20,30,10.600000000000001,0,0,0,1.1,0.0000,0.0000
2004,4,22,21,0,10.5,0,0,0,1.1,0.0000,0.0000
2004,4,22,21,30,10.3,0,0,0,1,0.0000,0.0000
2004,4,22,22,0,10.100000000000001,0,0,0,1,0.0000,0.0000
2004,4,22,22,30,9.9,0,0,0,1,0.0000,0.0000
2004,4,22,23,0,9.700000000000001,0,0,0,1,0.0000,0.0000
2004,4,22,23,30,9.4,0,0,0,1,0.0000,0.0000
2004,4,23,0,0,9.1,0,0,0,1.1,0.0000,0.0000
2004,4,23,0,30,8.8,0,0,0,1.2000000000000002,0.0000,0.0000
2004,4,23,1,0,8.4,0,0,0,1.2000000000000002,0.0000,0.0000
2004,4,23,1,30,8.1,0,0,0,1.5,0.0000,0.0000
2004,4,23,2,0,7.800000000000001,0,0,0,1.8,0.0000,0.0000
2004,4,23,2,30,7.5,0,0,0,2.6,0.0000,0.0000
2004,4,23,3,0,7.2,0,0,0,3.3000000000000003,0.0000,0.0000
2004,4,23,3,30,6.9,0,0,0,3.7,0.0000,0.0000
2004,4,23,4,0,6.6000000000000005,0,0,0,4.1000000000000005,0.0000,0.0000
2004,4,23,4,30,6.1000000000000005,0,0,0,3.8000000000000003,0.0000,0.0000
2004,4,23,5,0,5.7,0,0,0,3.5,0.0000,0.0000
2004,4,23,5,30,5.9,0,0,0,3.5,0.0000,0.0000
2004,4,23,6,0,6.2,13,0,13,3.4000000000000004,0.0000,0.0000
2004,4,23,6,30,6.9,39,1,39,3.3000000000000003,0.0000,0.0000
2004,4,23,7,0,7.7,33,0,33,3.1,4.2400,3.2562
2004,4,23,7,30,9.1,51,0,52,3.3000000000000003,10.0519,7.7861
2004,4,23,8,0,10.5,43,0,43,3.5,14.1605,11.0289
2004,4,23,8,30,11.700000000000001,268,168,356,3.7,10.9414,8.5516
2004,4,23,9,0,12.8,277,284,448,3.9000000000000004,13.5142,10.5866
2004,4,23,9,30,13.700000000000001,225,612,636,3.9000000000000004,24.8367,19.4868
2004,4,23,10,0,14.600000000000001,136,848,758,3.9000000000000004,31.1131,24.4377
2004,4,23,10,30,15.4,140,867,820,3.8000000000000003,24.9510,19.6126
2004,4,23,11,0,16.2,135,898,876,3.8000000000000003,33.2708,26.1660
2004,4,23,11,30,16.900000000000002,137,907,912,3.8000000000000003,45.9052,36.1146
2004,4,23,12,0,17.5,135,922,938,3.8000000000000003,44.2807,34.8431
2004,4,23,12,30,18,253,729,892,3.8000000000000003,36.6660,28.8527
2004,4,23,13,0,18.400000000000002,418,490,843,3.9000000000000004,26.4322,20.7979
2004,4,23,13,30,18.7,261,669,827,3.8000000000000003,18.3042,14.3992
2004,4,23,14,0,18.900000000000002,375,379,684,3.8000000000000003,25.6430,20.1647
2004,4,23,14,30,18.900000000000002,355,384,651,3.9000000000000004,20.1824,15.8615
2004,4,23,15,0,18.900000000000002,262,524,638,3.9000000000000004,17.7070,13.9044
2004,4,23,15,30,18.7,290,421,565,3.9000000000000004,20.9561,16.4361
2004,4,23,16,0,18.400000000000002,279,287,446,3.9000000000000004,19.5495,15.3065
2004,4,23,16,30,17.8,264,119,324,3.8000000000000003,12.3928,9.6784
2004,4,23,17,0,17.3,225,162,293,3.7,5.1471,4.0040
2004,4,23,17,30,15.8,139,23,147,2.8000000000000003,7.1354,5.5164
2004,4,23,18,0,14.3,69,494,183,1.9000000000000001,3.9996,3.0633
2004,4,23,18,30,12.600000000000001,48,323,92,1.7000000000000002,0.0000,0.0000
2004,4,23,19,0,10.8,18,1,18,1.5,0.0000,0.0000
2004,4,23,19,30,10.600000000000001,0,0,0,1.8,0.0000,0.0000
2004,4,23,20,0,10.4,0,0,0,2.1,0.0000,0.0000
2004,4,23,20,30,10.200000000000001,0,0,0,2.5,0.0000,0.0000
2004,4,23,21,0,10.100000000000001,0,0,0,3,0.0000,0.0000
2004,4,23,21,30,9.600000000000001,0,0,0,3.1,0.0000,0.0000
2004,4,23,22,0,9.1,0,0,0,3.2,0.0000,0.0000
2004,4,23,22,30,8.6,0,0,0,3.4000000000000004,0.0000,0.0000
2004,4,23,23,0,8.1,0,0,0,3.5,0.0000,0.0000
2004,4,23,23,30,7.6000000000000005,0,0,0,3.6,0.0000,0.0000
2004,4,24,0,0,7.1000000000000005,0,0,0,3.6,0.0000,0.0000
2004,4,24,0,30,6.800000000000001,0,0,0,3.6,0.0000,0.0000
2004,4,24,1,0,6.4,0,0,0,3.6,0.0000,0.0000
2004,4,24,1,30,6.2,0,0,0,3.5,0.0000,0.0000
2004,4,24,2,0,5.9,0,0,0,3.5,0.0000,0.0000
2004,4,24,2,30,5.6000000000000005,0,0,0,3.4000000000000004,0.0000,0.0000
2004,4,24,3,0,5.300000000000001,0,0,0,3.3000000000000003,0.0000,0.0000
2004,4,24,3,30,5.1000000000000005,0,0,0,3.4000000000000004,0.0000,0.0000
2004,4,24,4,0,4.9,0,0,0,3.5,0.0000,0.0000
2004,4,24,4,30,4.9,0,0,0,3.5,0.0000,0.0000
2004,4,24,5,0,5,0,0,0,3.5,0.0000,0.0000
2004,4,24,5,30,5.4,0,0,0,3.3000000000000003,0.0000,0.0000
2004,4,24,6,0,5.800000000000001,13,0,13,3.1,0.0000,0.0000
2004,4,24,6,30,6.6000000000000005,23,0,23,2.9000000000000004,0.0000,0.0000
2004,4,24,7,0,7.300000000000001,40,0,40,2.6,1.6117,1.2383
2004,4,24,7,30,8.1,29,0,29,2.8000000000000003,2.6725,2.0707
2004,4,24,8,0,8.8,31,0,31,2.9000000000000004,2.3105,1.7999
2004,4,24,8,30,9.4,44,0,44,3.4000000000000004,19.7995,15.4768
2004,4,24,9,0,10,68,0,68,4,25.5740,20.0357
2004,4,24,9,30,10.4,73,0,73,4.800000000000001,37.0267,29.0529
2004,4,24,10,0,10.9,86,0,86,5.7,44.7844,35.1777
2004,4,24,10,30,11,127,0,128,6,48.9792,38.5015
2004,4,24,11,0,11.100000000000001,135,0,135,6.4,52.7339,41.4744
2004,4,24,11,30,11.100000000000001,123,0,123,6.5,55.1879,43.4190
2004,4,24,12,0,11.100000000000001,173,1,174,6.5,56.9260,44.7946
2004,4,24,12,30,11.100000000000001,144,0,144,6.4,54.1746,42.6316
2004,4,24,13,0,11.100000000000001,146,0,147,6.300000000000001,51.1299,40.2322
2004,4,24,13,30,11.200000000000001,142,0,142,6.2,49.9829,39.3209
2004,4,24,14,0,11.3,157,1,157,6.2,41.0974,32.3185
2004,4,24,14,30,11.4,179,1,180,5.9,38.7788,30.4776
2004,4,24,15,0,11.5,129,1,130,5.7,37.5553,29.4916
2004,4,24,15,30,11.600000000000001,121,1,121,5.2,32.7311,25.6728
2004,4,24,16,0,11.700000000000001,38,0,38,4.800000000000001,25.2945,19.8061
2004,4,24,16,30,11.600000000000001,59,0,59,4.4,17.8656,13.9539
2004,4,24,17,0,11.5,133,0,134,3.9000000000000004,15.5687,12.1130
2004,4,24,17,30,11.3,14,0,14,3.5,7.4514,5.7621
2004,4,24,18,0,11,41,0,41,3,8.8297,6.7649
2004,4,24,18,30,10.8,20,0,20,2.6,0.0000,0.0000
2004,4,24,19,0,10.5,9,0,9,2.2,0.0000,0.0000
2004,4,24,19,30,10.3,0,0,0,2.3000000000000003,0.0000,0.0000
2004,4,24,20,0,10.100000000000001,0,0,0,2.4000000000000004,0.0000,0.0000
2004,4,24,20,30,9.8,0,0,0,3.3000000000000003,0.0000,0.0000
2004,4,24,21,0,9.4,0,0,0,4.1000000000000005,0.0000,0.0000
2004,4,24,21,30,9,0,0,0,4.9,0.0000,0.0000
2004,4,24,22,0,8.6,0,0,0,5.6000000000000005,0.0000,0.0000
2004,4,24,22,30,8.200000000000001,0,0,0,6,0.0000,0.0000
2004,4,24,23,0,7.800000000000001,0,0,0,6.4,0.0000,0.0000
2004,4,24,23,30,7.4,0,0,0,6.4,0.0000,0.0000
2004,4,25,0,0,7,0,0,0,6.4,0.0000,0.0000
2004,4,25,0,30,6.7,0,0,0,6.300000000000001,0.0000,0.0000
2004,4,25,1,0,6.4,0,0,0,6.300000000000001,0.0000,0.0000
2004,4,25,1,30,6.300000000000001,0,0,0,6.4,0.0000,0.0000
2004,4,25,2,0,6.2,0,0,0,6.5,0.0000,0.0000
2004,4,25,2,30,6.2,0,0,0,6.5,0.0000,0.0000
2004,4,25,3,0,6.2,0,0,0,6.4,0.0000,0.0000
2004,4,25,3,30,6.300000000000001,0,0,0,6.300000000000001,0.0000,0.0000
2004,4,25,4,0,6.300000000000001,0,0,0,6.2,0.0000,0.0000
2004,4,25,4,30,6.300000000000001,0,0,0,6,0.0000,0.0000
2004,4,25,5,0,6.300000000000001,0,0,0,5.9,0.0000,0.0000
2004,4,25,5,30,6.5,0,0,0,5.800000000000001,0.0000,0.0000
2004,4,25,6,0,6.7,31,107,39,5.800000000000001,0.0000,0.0000
2004,4,25,6,30,7.4,29,0,29,5.9,0.0000,0.0000
2004,4,25,7,0,8,99,0,99,5.9,1.9579,1.5049
2004,4,25,7,30,9.200000000000001,197,24,206,6,1.4937,1.1577
2004,4,25,8,0,10.5,258,177,337,6.1000000000000005,1.6687,1.3001
2004,4,25,8,30,11.5,136,687,500,6.1000000000000005,2.4504,1.9157
2004,4,25,9,0,12.600000000000001,138,750,594,6.1000000000000005,3.8860,3.0447
2004,4,25,9,30,13.5,146,787,680,6.1000000000000005,4.2536,3.3378
2004,4,25,10,0,14.4,134,848,761,6.1000000000000005,5.0847,3.9942
2004,4,25,10,30,15.200000000000001,137,873,828,6.2,7.6503,6.0140
2004,4,25,11,0,16,124,918,887,6.2,8.1314,6.3954
2004,4,25,11,30,16.6,127,930,926,6.300000000000001,7.4469,5.8590
2004,4,25,12,0,17.2,145,911,944,6.300000000000001,10.5648,8.3136
2004,4,25,12,30,17.5,145,913,949,6.300000000000001,8.7497,6.8856
2004,4,25,13,0,17.8,408,534,874,6.300000000000001,8.9199,7.0190
2004,4,25,13,30,17.900000000000002,145,874,890,6.2,8.5864,6.7550
2004,4,25,14,0,17.900000000000002,139,896,874,6.1000000000000005,9.4378,7.4220
2004,4,25,14,30,17.8,136,881,820,5.800000000000001,10.7279,8.4317
2004,4,25,15,0,17.7,150,829,748,5.5,7.6569,6.0131
2004,4,25,15,30,17.400000000000002,144,800,670,5.2,7.0146,5.5022
2004,4,25,16,0,17.2,135,765,582,4.800000000000001,2.1570,1.6891
2004,4,25,16,30,16.7,125,716,487,4.1000000000000005,3.2567,2.5439
2004,4,25,17,0,16.2,113,647,384,3.5,7.1293,5.5476
2004,4,25,17,30,14.600000000000001,98,560,283,2.4000000000000004,0.7108,0.5498
2004,4,25,18,0,13.100000000000001,81,430,183,1.3,1.9808,1.5181
2004,4,25,18,30,11.5,55,261,93,1.4000000000000001,0.0000,0.0000
2004,4,25,19,0,9.9,21,44,23,1.4000000000000001,0.0000,0.0000
2004,4,25,19,30,9.5,0,0,0,1.6,0.0000,0.0000
2004,4,25,20,0,9.200000000000001,0,0,0,1.8,0.0000,0.0000
2004,4,25,20,30,9.3,0,0,0,2.1,0.0000,0.0000
2004,4,25,21,0,9.4,0,0,0,2.5,0.0000,0.0000
2004,4,25,21,30,9.4,0,0,0,2.7,0.0000,0.0000
2004,4,25,22,0,9.4,0,0,0,2.8000000000000003,0.0000,0.0000
2004,4,25,22,30,8.8,0,0,0,2.5,0.0000,0.0000
2004,4,25,23,0,8.1,0,0,0,2.2,0.0000,0.0000
2004,4,25,23,30,7.5,0,0,0,2.3000000000000003,0.0000,0.0000
2004,4,26,0,0,6.800000000000001,0,0,0,2.3000000000000003,0.0000,0.0000
2004,4,26,0,30,6.6000000000000005,0,0,0,2.7,0.0000,0.0000
2004,4,26,1,0,6.4,0,0,0,3.1,0.0000,0.0000
2004,4,26,1,30,6.1000000000000005,0,0,0,3.3000000000000003,0.0000,0.0000
2004,4,26,2,0,5.7,0,0,0,3.5,0.0000,0.0000
2004,4,26,2,30,5.1000000000000005,0,0,0,3.4000000000000004,0.0000,0.0000
2004,4,26,3,0,4.5,0,0,0,3.2,0.0000,0.0000
2004,4,26,3,30,3.9000000000000004,0,0,0,2.9000000000000004,0.0000,0.0000
2004,4,26,4,0,3.3000000000000003,0,0,0,2.6,0.0000,0.0000
2004,4,26,4,30,2.9000000000000004,0,0,0,2.4000000000000004,0.0000,0.0000
2004,4,26,5,0,2.5,0,0,0,2.2,0.0000,0.0000
2004,4,26,5,30,3.4000000000000004,0,0,0,2.7,0.0000,0.0000
2004,4,26,6,0,4.4,27,321,53,3.1,0.0000,0.0000
2004,4,26,6,30,5.7,45,532,138,3.4000000000000004,0.0000,0.0000
2004,4,26,7,0,6.9,59,657,236,3.7,4.8561,3.7342
2004,4,26,7,30,9,70,747,340,4,10.6329,8.2433
2004,4,26,8,0,11,79,809,443,4.3,18.1703,14.1599
2004,4,26,8,30,12.700000000000001,86,856,543,5.1000000000000005,27.8832,21.8010
2004,4,26,9,0,14.3,92,892,637,5.9,33.9806,26.6264
2004,4,26,9,30,15,97,919,723,6.4,39.6559,31.1199
2004,4,26,10,0,15.8,99,943,799,6.9,45.0267,35.3716
2004,4,26,10,30,16.2,102,958,863,7.1000000000000005,49.5186,38.9289
2004,4,26,11,0,16.6,102,973,914,7.300000000000001,53.4557,42.0451
2004,4,26,11,30,17,104,980,949,7.4,56.0912,44.1324
2004,4,26,12,0,17.3,107,981,969,7.5,57.3433,45.1257
2004,4,26,12,30,17.5,107,982,974,7.6000000000000005,57.6887,45.3995
2004,4,26,13,0,17.7,109,976,964,7.6000000000000005,53.0580,41.7517
2004,4,26,13,30,17.8,108,971,938,7.6000000000000005,53.8403,42.3580
2004,4,26,14,0,17.900000000000002,110,956,896,7.5,52.5640,41.3382
2004,4,26,14,30,17.8,107,944,842,7.4,48.8969,38.4325
2004,4,26,15,0,17.7,103,928,775,7.2,44.0821,34.6199
2004,4,26,15,30,17.400000000000002,99,905,697,7,38.8684,30.4899
2004,4,26,16,0,17.2,306,349,512,6.800000000000001,33.0624,25.8921
2004,4,26,16,30,16.7,87,837,513,6.4,26.9098,21.0220
2004,4,26,17,0,16.2,221,299,347,5.9,20.4577,15.9216
2004,4,26,17,30,14.9,75,681,302,4.800000000000001,14.3912,11.1338
2004,4,26,18,0,13.5,67,545,197,3.7,8.8533,6.7876
2004,4,26,18,30,11.8,48,382,104,3.2,0.0000,0.0000
2004,4,26,19,0,10.200000000000001,23,104,28,2.7,0.0000,0.0000
2004,4,26,19,30,9.8,0,0,0,2.7,0.0000,0.0000
2004,4,26,20,0,9.5,0,0,0,2.7,0.0000,0.0000
2004,4,26,20,30,9.1,0,0,0,2.7,0.0000,0.0000
2004,4,26,21,0,8.700000000000001,0,0,0,2.6,0.0000,0.0000
2004,4,26,21,30,7.800000000000001,0,0,0,2.3000000000000003,0.0000,0.0000
2004,4,26,22,0,6.800000000000001,0,0,0,2.1,0.0000,0.0000
2004,4,26,22,30,6,0,0,0,1.9000000000000001,0.0000,0.0000
2004,4,26,23,0,5.2,0,0,0,1.6,0.0000,0.0000
2004,4,26,23,30,4.800000000000001,0,0,0,1.5,0.0000,0.0000
2004,4,27,0,0,4.4,0,0,0,1.3,0.0000,0.0000
2004,4,27,0,30,4.4,0,0,0,1.2000000000000002,0.0000,0.0000
2004,4,27,1,0,4.4,0,0,0,1.1,0.0000,0.0000
2004,4,27,1,30,4.9,0,0,0,0.9,0.0000,0.0000
2004,4,27,2,0,5.4,0,0,0,0.7000000000000001,0.0000,0.0000
2004,4,27,2,30,5.5,0,0,0,0.5,0.0000,0.0000
2004,4,27,3,0,5.5,0,0,0,0.30000000000000004,0.0000,0.0000
2004,4,27,3,30,5.2,0,0,0,0.6000000000000001,0.0000,0.0000
2004,4,27,4,0,4.800000000000001,0,0,0,0.8,0.0000,0.0000
2004,4,27,4,30,4.2,0,0,0,1,0.0000,0.0000
2004,4,27,5,0,3.5,0,0,0,1.1,0.0000,0.0000
2004,4,27,5,30,4.3,0,0,0,1.4000000000000001,0.0000,0.0000
2004,4,27,6,0,5.1000000000000005,30,249,52,1.7000000000000002,0.0000,0.0000
2004,4,27,6,30,6.5,87,6,88,2.6,6.5795,5.0143
2004,4,27,7,0,7.9,65,0,65,3.5,11.6000,8.9237
2004,4,27,7,30,9.8,209,93,242,3.9000000000000004,17.5845,13.6362
2004,4,27,8,0,11.600000000000001,239,255,355,4.4,23.9250,18.6477
2004,4,27,8,30,13.200000000000001,99,794,525,4.800000000000001,30.3197,23.7087
2004,4,27,9,0,14.9,107,829,617,5.300000000000001,36.4778,28.5856
2004,4,27,9,30,16.2,112,859,700,5.5,42.1989,33.1176
2004,4,27,10,0,17.5,119,874,770,5.800000000000001,47.3068,37.1646
2004,4,27,10,30,18.7,122,891,831,5.9,51.6423,40.5999
2004,4,27,11,0,19.900000000000002,125,902,880,6.1000000000000005,55.1110,43.3485
2004,4,27,11,30,21,127,910,915,6.2,57.5116,45.2514
2004,4,27,12,0,22,130,912,934,6.300000000000001,58.8890,46.3434
2004,4,27,12,30,22.8,130,913,939,6.300000000000001,59.2342,46.6170
2004,4,27,13,0,23.6,129,911,929,6.2,58.5467,46.0720
2004,4,27,13,30,24.200000000000003,128,905,904,6.1000000000000005,56.7693,44.6636
2004,4,27,14,0,24.700000000000003,124,899,865,6,53.9121,42.3997
2004,4,27,14,30,25.1,121,885,812,5.800000000000001,50.2346,39.4853
2004,4,27,15,0,25.400000000000002,117,867,747,5.6000000000000005,45.6998,35.8918
2004,4,27,15,30,25.400000000000002,112,842,671,5.300000000000001,40.4614,31.7411
2004,4,27,16,0,25.3,109,803,583,4.9,29.1104,22.7987
2004,4,27,16,30,24.6,102,757,488,4.3,28.3757,22.1693
2004,4,27,17,0,23.900000000000002,95,691,389,3.7,18.5112,14.4088
2004,4,27,17,30,22.3,83,613,289,3.6,15.3826,11.9036
2004,4,27,18,0,20.700000000000003,69,497,190,3.5,9.5439,7.3195
2004,4,27,18,30,19.5,49,338,100,3.9000000000000004,0.0000,0.0000
2004,4,27,19,0,18.3,23,116,29,4.3,0.0000,0.0000
2004,4,27,19,30,17.8,0,0,0,4.7,0.0000,0.0000
2004,4,27,20,0,17.400000000000002,0,0,0,5.1000000000000005,0.0000,0.0000
2004,4,27,20,30,16.900000000000002,0,0,0,5.2,0.0000,0.0000
2004,4,27,21,0,16.3,0,0,0,5.4,0.0000,0.0000
2004,4,27,21,30,15.8,0,0,0,5.5,0.0000,0.0000
2004,4,27,22,0,15.4,0,0,0,5.6000000000000005,0.0000,0.0000
2004,4,27,22,30,15,0,0,0,5.7,0.0000,0.0000
2004,4,27,23,0,14.600000000000001,0,0,0,5.7,0.0000,0.0000
2004,4,27,23,30,14.3,0,0,0,5.6000000000000005,0.0000,0.0000
2004,4,28,0,0,13.9,0,0,0,5.6000000000000005,0.0000,0.0000
2004,4,28,0,30,13.700000000000001,0,0,0,5.5,0.0000,0.0000
2004,4,28,1,0,13.4,0,0,0,5.4,0.0000,0.0000
2004,4,28,1,30,13.100000000000001,0,0,0,5.300000000000001,0.0000,0.0000
2004,4,28,2,0,12.8,0,0,0,5.2,0.0000,0.0000
2004,4,28,2,30,12.5,0,0,0,5.1000000000000005,0.0000,0.0000
2004,4,28,3,0,12.200000000000001,0,0,0,5.1000000000000005,0.0000,0.0000
2004,4,28,3,30,11.9,0,0,0,5.1000000000000005,0.0000,0.0000
2004,4,28,4,0,11.600000000000001,0,0,0,5.2,0.0000,0.0000
2004,4,28,4,30,11.3,0,0,0,5.2,0.0000,0.0000
2004,4,28,5,0,11.100000000000001,0,0,0,5.300000000000001,0.0000,0.0000
2004,4,28,5,30,11.4,0,0,0,5.6000000000000005,0.0000,0.0000
2004,4,28,6,0,11.700000000000001,34,206,52,5.800000000000001,0.0000,0.0000
2004,4,28,6,30,12.8,58,419,135,6,4.1945,3.1975
2004,4,28,7,0,14,74,572,232,6.2,3.2019,2.4642
2004,4,28,7,30,15.9,87,671,335,6.2,12.5419,9.7284
2004,4,28,8,0,17.8,95,750,439,6.300000000000001,19.2024,14.9693
2004,4,28,8,30,19.6,104,798,535,6.4,29.3499,22.9528
2004,4,28,9,0,21.5,106,845,629,6.5,35.3669,27.7172
2004,4,28,9,30,23,111,870,710,6.7,40.8891,32.0915
2004,4,28,10,0,24.5,111,902,787,6.9,45.6212,35.8420
2004,4,28,10,30,25.5,115,915,847,7,49.7563,39.1188
2004,4,28,11,0,26.5,118,923,893,7.2,53.0886,41.7592
2004,4,28,11,30,27,119,928,924,7.300000000000001,55.4770,43.6518
2004,4,28,12,0,27.5,134,907,936,7.4,56.7862,44.6897
2004,4,28,12,30,27.8,134,905,938,7.6000000000000005,57.1294,44.9617
2004,4,28,13,0,28.1,128,912,930,7.7,56.4448,44.4192
2004,4,28,13,30,28.400000000000002,126,906,905,7.7,54.7348,43.0641
2004,4,28,14,0,28.700000000000003,123,898,866,7.7,52.0707,40.9528
2004,4,28,14,30,28.8,120,884,813,7.7,48.4695,38.0992
2004,4,28,15,0,29,115,872,751,7.6000000000000005,44.0740,34.6164
2004,4,28,15,30,28.8,110,848,674,7.5,38.9775,30.5785
2004,4,28,16,0,28.6,104,815,588,7.300000000000001,33.1733,25.9825
2004,4,28,16,30,27.900000000000002,97,773,494,7,27.0205,21.1126
2004,4,28,17,0,27.200000000000003,88,717,395,6.7,20.7778,16.1753
2004,4,28,17,30,26,77,643,295,6.6000000000000005,14.7432,11.4113
2004,4,28,18,0,24.700000000000003,64,531,195,6.6000000000000005,9.2172,7.0712
2004,4,28,18,30,23.5,47,376,104,7,0.0000,0.0000
2004,4,28,19,0,22.3,23,138,31,7.300000000000001,0.0000,0.0000
2004,4,28,19,30,21.6,0,0,0,7.6000000000000005,0.0000,0.0000
2004,4,28,20,0,20.900000000000002,0,0,0,8,0.0000,0.0000
2004,4,28,20,30,20.3,0,0,0,8.1,0.0000,0.0000
2004,4,28,21,0,19.700000000000003,0,0,0,8.1,0.0000,0.0000
2004,4,28,21,30,19,0,0,0,7.9,0.0000,0.0000
2004,4,28,22,0,18.400000000000002,0,0,0,7.6000000000000005,0.0000,0.0000
2004,4,28,22,30,17.8,0,0,0,7.2,0.0000,0.0000
2004,4,28,23,0,17.2,0,0,0,6.800000000000001,0.0000,0.0000
2004,4,28,23,30,16.6,0,0,0,6.2,0.0000,0.0000
2004,4,29,0,0,16.1,0,0,0,5.6000000000000005,0.0000,0.0000
2004,4,29,0,30,15.4,0,0,0,4.6000000000000005,0.0000,0.0000
2004,4,29,1,0,14.8,0,0,0,3.5,0.0000,0.0000
2004,4,29,1,30,14.200000000000001,0,0,0,2.9000000000000004,0.0000,0.0000
2004,4,29,2,0,13.600000000000001,0,0,0,2.3000000000000003,0.0000,0.0000
2004,4,29,2,30,13,0,0,0,2.5,0.0000,0.0000
2004,4,29,3,0,12.4,0,0,0,2.7,0.0000,0.0000
2004,4,29,3,30,11.600000000000001,0,0,0,3.1,0.0000,0.0000
2004,4,29,4,0,10.8,0,0,0,3.5,0.0000,0.0000
2004,4,29,4,30,10.3,0,0,0,3.7,0.0000,0.0000
2004,4,29,5,0,9.700000000000001,0,0,0,3.9000000000000004,0.0000,0.0000
2004,4,29,5,30,9.700000000000001,0,0,0,4.3,0.0000,0.0000
2004,4,29,6,0,9.600000000000001,27,1,27,4.6000000000000005,0.0000,0.0000
2004,4,29,6,30,10.100000000000001,66,338,129,4.7,6.4346,4.9065
2004,4,29,7,0,10.5,136,37,147,4.800000000000001,11.4511,8.8162
2004,4,29,7,30,11.200000000000001,79,1,80,4.6000000000000005,17.3943,13.4957
2004,4,29,8,0,11.8,89,1,90,4.4,23.7829,18.5429
2004,4,29,8,30,12.3,107,1,107,4.3,29.9446,23.4204
2004,4,29,9,0,12.8,141,0,141,4.2,36.0881,28.2844
2004,4,29,9,30,13,163,0,163,4.1000000000000005,41.5046,32.5765
2004,4,29,10,0,13.200000000000001,168,0,168,4,46.6578,36.6581
2004,4,29,10,30,13.3,183,0,183,4,50.7425,39.8956
2004,4,29,11,0,13.4,243,0,243,3.9000000000000004,53.8997,42.3985
2004,4,29,11,30,13.5,256,0,257,3.9000000000000004,56.0485,44.1028
2004,4,29,12,0,13.5,229,0,230,3.9000000000000004,56.9324,44.8060
2004,4,29,12,30,13.5,241,0,241,4,57.0926,44.9340
2004,4,29,13,0,13.4,238,0,239,4,56.5283,44.4860
2004,4,29,13,30,13.4,245,0,245,4.1000000000000005,54.8183,43.1309
2004,4,29,14,0,13.3,157,0,157,4.2,52.1546,41.0200
2004,4,29,14,30,13.200000000000001,211,0,211,4.3,48.5526,38.1658
2004,4,29,15,0,13.200000000000001,223,0,224,4.3,44.3340,34.8219
2004,4,29,15,30,13.100000000000001,269,2,271,4.4,39.1771,30.7366
2004,4,29,16,0,13,104,0,104,4.4,33.4841,26.2276
2004,4,29,16,30,12.700000000000001,269,33,286,4.3,27.3790,21.3946
2004,4,29,17,0,12.5,138,1,138,4.3,21.1245,16.4475
2004,4,29,17,30,12,112,1,112,4,15.0724,11.6687
2004,4,29,18,0,11.600000000000001,85,1,86,3.8000000000000003,9.4727,7.2695
2004,4,29,18,30,11,43,0,43,3.6,0.0000,0.0000
2004,4,29,19,0,10.4,11,0,11,3.3000000000000003,0.0000,0.0000
2004,4,29,19,30,10,0,0,0,3.5,0.0000,0.0000
2004,4,29,20,0,9.600000000000001,0,0,0,3.6,0.0000,0.0000
2004,4,29,20,30,9.3,0,0,0,3.6,0.0000,0.0000
2004,4,29,21,0,8.9,0,0,0,3.6,0.0000,0.0000
2004,4,29,21,30,8.700000000000001,0,0,0,3.6,0.0000,0.0000
2004,4,29,22,0,8.4,0,0,0,3.6,0.0000,0.0000
2004,4,29,22,30,8,0,0,0,3.7,0.0000,0.0000
2004,4,29,23,0,7.7,0,0,0,3.8000000000000003,0.0000,0.0000
2004,4,29,23,30,7.4,0,0,0,4,0.0000,0.0000
2004,4,30,0,0,7,0,0,0,4.2,0.0000,0.0000
2004,4,30,0,30,6.7,0,0,0,4.3,0.0000,0.0000
2004,4,30,1,0,6.300000000000001,0,0,0,4.4,0.0000,0.0000
2004,4,30,1,30,6,0,0,0,4.3,0.0000,0.0000
2004,4,30,2,0,5.7,0,0,0,4.2,0.0000,0.0000
2004,4,30,2,30,5.6000000000000005,0,0,0,4,0.0000,0.0000
2004,4,30,3,0,5.4,0,0,0,3.9000000000000004,0.0000,0.0000
2004,4,30,3,30,5.300000000000001,0,0,0,3.8000000000000003,0.0000,0.0000
2004,4,30,4,0,5.2,0,0,0,3.7,0.0000,0.0000
2004,4,30,4,30,5.2,0,0,0,3.6,0.0000,0.0000
2004,4,30,5,0,5.1000000000000005,0,0,0,3.5,0.0000,0.0000
2004,4,30,5,30,5.300000000000001,0,0,0,3.8000000000000003,0.0000,0.0000
2004,4,30,6,0,5.5,15,0,15,4.1000000000000005,0.0000,0.0000
2004,4,30,6,30,6,49,0,49,4.5,6.1496,4.6907
2004,4,30,7,0,6.4,163,66,182,5,7.2710,5.6001
2004,4,30,7,30,7.2,153,5,155,5.2,4.1620,3.2299
2004,4,30,8,0,7.9,218,77,254,5.4,4.8829,3.8077
2004,4,30,8,30,8.6,227,4,229,5.4,5.9960,4.6901
2004,4,30,9,0,9.3,350,63,390,5.5,8.0974,6.3469
2004,4,30,9,30,10,330,74,382,5.5,9.5357,7.4848
2004,4,30,10,0,10.600000000000001,324,39,353,5.5,9.9665,7.8308
2004,4,30,10,30,11.100000000000001,346,28,369,5.4,10.9693,8.6247
2004,4,30,11,0,11.5,323,11,333,5.300000000000001,14.6739,11.5432
2004,4,30,11,30,11.4,234,2,236,5.1000000000000005,15.5961,12.2724
2004,4,30,12,0,11.3,295,3,298,4.9,13.9956,11.0148
2004,4,30,12,30,10.9,355,7,361,4.800000000000001,14.6745,11.5496
2004,4,30,13,0,10.5,364,11,374,4.7,14.5331,11.4374
2004,4,30,13,30,10.700000000000001,337,9,345,4.7,14.8464,11.6814
2004,4,30,14,0,11,398,51,440,4.6000000000000005,9.4594,7.4401
2004,4,30,14,30,11.9,386,194,539,4.6000000000000005,12.6070,9.9103
2004,4,30,15,0,12.9,176,0,176,4.5,13.2309,10.3926
2004,4,30,15,30,13.4,191,0,192,4.5,15.7623,12.3670
2004,4,30,16,0,13.9,233,1,233,4.4,5.9270,4.6428
2004,4,30,16,30,13.8,100,0,100,4.1000000000000005,15.8669,12.4000
2004,4,30,17,0,13.8,46,0,46,3.8000000000000003,7.3893,5.7541
2004,4,30,17,30,12.9,61,0,61,2.7,5.7311,4.4379
2004,4,30,18,0,12,58,0,58,1.6,4.1839,3.2119
2004,4,30,18,30,10.8,30,0,30,1.3,0.0000,0.0000
2004,4,30,19,0,9.700000000000001,17,0,17,1.1,0.0000,0.0000
2004,4,30,19,30,9.5,0,0,0,1.2000000000000002,0.0000,0.0000
2004,4,30,20,0,9.200000000000001,0,0,0,1.2000000000000002,0.0000,0.0000
2004,4,30,20,30,8.700000000000001,0,0,0,1.5,0.0000,0.0000
2004,4,30,21,0,8.200000000000001,0,0,0,1.8,0.0000,0.0000
2004,4,30,21,30,7.9,0,0,0,2.4000000000000004,0.0000,0.0000
2004,4,30,22,0,7.5,0,0,0,3,0.0000,0.0000
2004,4,30,22,30,7.300000000000001,0,0,0,2.9000000000000004,0.0000,0.0000
2004,4,30,23,0,7.1000000000000005,0,0,0,2.7,0.0000,0.0000
2004,4,30,23,30,6.800000000000001,0,0,0,2.7,0.0000,0.0000
2004,5,1,0,0,6.5,0,0,0,2.6,0.0000,0.0000
2004,5,1,0,30,6.1000000000000005,0,0,0,2.6,0.0000,0.0000
2004,5,1,1,0,5.6000000000000005,0,0,0,2.5,0.0000,0.0000
2004,5,1,1,30,5.2,0,0,0,2.4000000000000004,0.0000,0.0000
2004,5,1,2,0,4.800000000000001,0,0,0,2.2,0.0000,0.0000
2004,5,1,2,30,4.5,0,0,0,2,0.0000,0.0000
2004,5,1,3,0,4.2,0,0,0,1.8,0.0000,0.0000
2004,5,1,3,30,3.8000000000000003,0,0,0,1.7000000000000002,0.0000,0.0000
2004,5,1,4,0,3.3000000000000003,0,0,0,1.5,0.0000,0.0000
2004,5,1,4,30,2.9000000000000004,0,0,0,1.5,0.0000,0.0000
2004,5,1,5,0,2.6,0,0,0,1.4000000000000001,0.0000,0.0000
2004,5,1,5,30,3.6,0,0,0,1.8,0.0000,0.0000
2004,5,1,6,0,4.7,46,7,47,2.2,0.0000,0.0000
2004,5,1,6,30,6.1000000000000005,98,7,99,2.4000000000000004,2.3367,1.7829
2004,5,1,7,0,7.4,77,589,246,2.5,9.0205,6.9501
2004,5,1,7,30,8.9,91,679,348,2.8000000000000003,8.0780,6.2704
2004,5,1,8,0,10.5,97,766,455,3.1,13.8006,10.7632
2004,5,1,8,30,11.4,104,814,553,3.6,12.8468,10.0499
2004,5,1,9,0,12.3,104,863,646,4.1000000000000005,22.4164,17.5716
2004,5,1,9,30,12.700000000000001,109,890,730,4.5,22.3639,17.5551
2004,5,1,10,0,13.200000000000001,109,919,805,4.9,20.9543,16.4648
2004,5,1,10,30,13.4,453,117,547,5.2,22.1299,17.4005
2004,5,1,11,0,13.600000000000001,462,352,760,5.6000000000000005,20.1182,15.8263
2004,5,1,11,30,13.8,508,272,746,5.800000000000001,14.3277,11.2746
2004,5,1,12,0,13.9,517,283,769,6.1000000000000005,18.1405,14.2774
2004,5,1,12,30,14,482,378,821,6.2,21.9900,17.3078
2004,5,1,13,0,14.100000000000001,114,961,967,6.300000000000001,22.7508,17.9050
2004,5,1,13,30,14.100000000000001,372,578,873,6.2,20.9147,16.4565
2004,5,1,14,0,14.200000000000001,420,431,780,6.2,26.5216,20.8606
2004,5,1,14,30,14,106,939,848,6.1000000000000005,32.2199,25.3287
2004,5,1,15,0,13.9,103,926,785,6,10.4013,8.1702
2004,5,1,15,30,13.700000000000001,296,4,298,5.800000000000001,11.1745,8.7679
2004,5,1,16,0,13.4,326,57,360,5.6000000000000005,13.2889,10.4103
2004,5,1,16,30,13,92,823,521,5.2,5.5531,4.3401
2004,5,1,17,0,12.600000000000001,94,739,416,4.7,2.4661,1.9206
2004,5,1,17,30,11.700000000000001,83,665,313,3.6,3.1262,2.4212
2004,5,1,18,0,10.8,75,531,210,2.5,2.8257,2.1699
2004,5,1,18,30,9.200000000000001,55,376,115,1.9000000000000001,0.0000,0.0000
2004,5,1,19,0,7.6000000000000005,28,153,39,1.3,0.0000,0.0000
2004,5,1,19,30,7.4,0,0,0,1.4000000000000001,0.0000,0.0000
2004,5,1,20,0,7.300000000000001,0,0,0,1.6,0.0000,0.0000
2004,5,1,20,30,7.2,0,0,0,1.7000000000000002,0.0000,0.0000
2004,5,1,21,0,7.2,0,0,0,1.8,0.0000,0.0000
2004,5,1,21,30,6.9,0,0,0,1.8,0.0000,0.0000
2004,5,1,22,0,6.6000000000000005,0,0,0,1.8,0.0000,0.0000
2004,5,1,22,30,6.2,0,0,0,1.6,0.0000,0.0000
2004,5,1,23,0,5.800000000000001,0,0,0,1.4000000000000001,0.0000,0.0000
2004,5,1,23,30,5.300000000000001,0,0,0,1.3,0.0000,0.0000
2004,5,2,0,0,4.9,0,0,0,1.1,0.0000,0.0000
2004,5,2,0,30,4.5,0,0,0,1.1,0.0000,0.0000
2004,5,2,1,0,4.1000000000000005,0,0,0,1,0.0000,0.0000
2004,5,2,1,30,3.8000000000000003,0,0,0,1.1,0.0000,0.0000
2004,5,2,2,0,3.5,0,0,0,1.2000000000000002,0.0000,0.0000
2004,5,2,2,30,3.3000000000000003,0,0,0,1.4000000000000001,0.0000,0.0000
2004,5,2,3,0,3.2,0,0,0,1.6,0.0000,0.0000
2004,5,2,3,30,3,0,0,0,2,0.0000,0.0000
2004,5,2,4,0,2.9000000000000004,0,0,0,2.4000000000000004,0.0000,0.0000
2004,5,2,4,30,2.7,0,0,0,2.8000000000000003,0.0000,0.0000
2004,5,2,5,0,2.6,0,0,0,3.1,0.0000,0.0000
2004,5,2,5,30,3,0,0,0,3.7,0.0000,0.0000
2004,5,2,6,0,3.4000000000000004,36,309,68,4.2,0.0000,0.0000
2004,5,2,6,30,4.5,57,494,154,4.7,4.7234,3.6052
2004,5,2,7,0,5.7,70,639,256,5.1000000000000005,12.2163,9.4156
2004,5,2,7,30,6.800000000000001,81,725,358,5.7,18.1697,14.1072
2004,5,2,8,0,7.800000000000001,260,40,279,6.300000000000001,24.7571,19.3111
2004,5,2,8,30,8.4,322,203,434,6.5,31.0573,24.2980
2004,5,2,9,0,9,355,269,525,6.6000000000000005,37.1639,29.1339
2004,5,2,9,30,9.3,105,905,738,6.7,42.7673,33.5730
2004,5,2,10,0,9.700000000000001,372,462,723,6.7,47.8133,37.5707
2004,5,2,10,30,9.9,488,186,639,6.7,32.8219,25.8085
2004,5,2,11,0,10.200000000000001,446,29,471,6.7,45.9365,36.1378
2004,5,2,11,30,10.4,285,627,835,6.6000000000000005,45.3094,35.6554
2004,5,2,12,0,10.600000000000001,530,169,682,6.5,46.8311,36.8590
2004,5,2,12,30,10.8,273,0,273,6.300000000000001,50.0295,39.3779
2004,5,2,13,0,11,124,952,971,6.1000000000000005,58.8462,46.3135
2004,5,2,13,30,11.3,459,413,817,5.9,52.9439,41.6593
2004,5,2,14,0,11.600000000000001,465,346,754,5.6000000000000005,47.0354,36.9967
2004,5,2,14,30,11.8,472,236,659,5.4,50.7137,39.8683
2004,5,2,15,0,12.100000000000001,399,54,439,5.2,46.4164,36.4617
2004,5,2,15,30,12.100000000000001,386,84,443,4.9,17.3547,13.6177
2004,5,2,16,0,12.100000000000001,328,56,361,4.7,20.5479,16.0979
2004,5,2,16,30,11.8,89,841,530,4.4,28.9588,22.6351
2004,5,2,17,0,11.5,160,610,428,4.1000000000000005,22.3294,17.3926
2004,5,2,17,30,10.600000000000001,132,491,304,3.2,16.0651,12.4452
2004,5,2,18,0,9.700000000000001,60,630,223,2.3000000000000003,10.2459,7.8703
2004,5,2,18,30,7.800000000000001,46,488,126,1.8,0.0000,0.0000
2004,5,2,19,0,6,26,252,44,1.3,0.0000,0.0000
2004,5,2,19,30,5.4,0,0,0,1.3,0.0000,0.0000
2004,5,2,20,0,4.9,0,0,0,1.2000000000000002,0.0000,0.0000
2004,5,2,20,30,4.6000000000000005,0,0,0,1.2000000000000002,0.0000,0.0000
2004,5,2,21,0,4.3,0,0,0,1.2000000000000002,0.0000,0.0000
2004,5,2,21,30,4.1000000000000005,0,0,0,1.1,0.0000,0.0000
2004,5,2,22,0,3.9000000000000004,0,0,0,1.1,0.0000,0.0000
2004,5,2,22,30,3.9000000000000004,0,0,0,1,0.0000,0.0000
2004,5,2,23,0,3.9000000000000004,0,0,0,0.9,0.0000,0.0000
2004,5,2,23,30,4.1000000000000005,0,0,0,0.8,0.0000,0.0000
2004,5,3,0,0,4.2,0,0,0,0.6000000000000001,0.0000,0.0000
2004,5,3,0,30,4.3,0,0,0,0.4,0.0000,0.0000
2004,5,3,1,0,4.3,0,0,0,0.2,0.0000,0.0000
2004,5,3,1,30,3.9000000000000004,0,0,0,0.5,0.0000,0.0000
2004,5,3,2,0,3.5,0,0,0,0.7000000000000001,0.0000,0.0000
2004,5,3,2,30,2.8000000000000003,0,0,0,0.9,0.0000,0.0000
2004,5,3,3,0,2,0,0,0,1,0.0000,0.0000
2004,5,3,3,30,1.2000000000000002,0,0,0,1.1,0.0000,0.0000
2004,5,3,4,0,0.4,0,0,0,1.2000000000000002,0.0000,0.0000
2004,5,3,4,30,0.1,0,0,0,1.4000000000000001,0.0000,0.0000
2004,5,3,5,0,-0.2,0,0,0,1.5,0.0000,0.0000
2004,5,3,5,30,1.2000000000000002,11,43,12,2.2,0.0000,0.0000
2004,5,3,6,0,2.7,38,284,69,2.9000000000000004,0.0000,0.0000
2004,5,3,6,30,3.9000000000000004,59,475,155,3.2,7.3520,5.6134
2004,5,3,7,0,5.2,75,601,252,3.4000000000000004,12.7378,9.8208
2004,5,3,7,30,7.1000000000000005,87,686,352,4.1000000000000005,18.7243,14.5409
2004,5,3,8,0,9,98,750,453,4.9,15.2013,11.8590
2004,5,3,8,30,10,107,795,550,5.1000000000000005,24.3995,19.0909
2004,5,3,9,0,11,115,829,640,5.300000000000001,30.2273,23.6976
2004,5,3,9,30,11.600000000000001,121,855,721,5.4,43.2661,33.9662
2004,5,3,10,0,12.3,127,870,791,5.5,42.9667,33.7636
2004,5,3,10,30,13,131,884,850,5.800000000000001,38.3610,30.1650
2004,5,3,11,0,13.8,138,886,894,6,28.4811,22.4064
2004,5,3,11,30,14.5,140,895,928,6.300000000000001,50.7349,39.9259
2004,5,3,12,0,15.3,154,878,940,6.5,41.5483,32.7018
2004,5,3,12,30,16,480,72,545,6.7,16.6419,13.0990
2004,5,3,13,0,16.8,153,877,935,6.9,59.1113,46.5232
2004,5,3,13,30,17.400000000000002,475,351,780,7,49.5660,39.0023
2004,5,3,14,0,18.1,140,871,871,7.1000000000000005,45.4857,35.7787
2004,5,3,14,30,18.6,449,116,542,7.2,39.4290,30.9979
2004,5,3,15,0,19.1,401,90,467,7.2,25.9706,20.4015
2004,5,3,15,30,19.3,115,837,682,7.1000000000000005,25.8144,20.2567
2004,5,3,16,0,19.6,105,814,598,7,20.6198,16.1552
2004,5,3,16,30,19.400000000000002,97,772,504,6.7,29.4864,23.0495
2004,5,3,17,0,19.200000000000003,89,719,407,6.300000000000001,23.0012,17.9183
2004,5,3,17,30,18.400000000000002,79,647,307,5.9,15.6267,12.1081
2004,5,3,18,0,17.6,67,545,208,5.4,10.8962,8.3724
2004,5,3,18,30,16.5,49,404,117,5.300000000000001,0.0000,0.0000
2004,5,3,19,0,15.5,26,206,42,5.1000000000000005,0.0000,0.0000
2004,5,3,19,30,15,0,0,0,5.2,0.0000,0.0000
2004,5,3,20,0,14.5,0,0,0,5.300000000000001,0.0000,0.0000
2004,5,3,20,30,14,0,0,0,5.2,0.0000,0.0000
2004,5,3,21,0,13.4,0,0,0,5.1000000000000005,0.0000,0.0000
2004,5,3,21,30,12.9,0,0,0,4.7,0.0000,0.0000
2004,5,3,22,0,12.3,0,0,0,4.4,0.0000,0.0000
2004,5,3,22,30,11.8,0,0,0,4.1000000000000005,0.0000,0.0000
2004,5,3,23,0,11.3,0,0,0,3.8000000000000003,0.0000,0.0000
2004,5,3,23,30,10.8,0,0,0,3.6,0.0000,0.0000
2004,5,4,0,0,10.4,0,0,0,3.4000000000000004,0.0000,0.0000
2004,5,4,0,30,10,0,0,0,3.1,0.0000,0.0000
2004,5,4,1,0,9.600000000000001,0,0,0,2.9000000000000004,0.0000,0.0000
2004,5,4,1,30,9.3,0,0,0,2.7,0.0000,0.0000
2004,5,4,2,0,9.1,0,0,0,2.6,0.0000,0.0000
2004,5,4,2,30,9.5,0,0,0,2.9000000000000004,0.0000,0.0000
2004,5,4,3,0,9.9,0,0,0,3.2,0.0000,0.0000
2004,5,4,3,30,10.200000000000001,0,0,0,3.4000000000000004,0.0000,0.0000
2004,5,4,4,0,10.600000000000001,0,0,0,3.5,0.0000,0.0000
2004,5,4,4,30,10.700000000000001,0,0,0,3.6,0.0000,0.0000
2004,5,4,5,0,10.700000000000001,0,0,0,3.6,0.0000,0.0000
2004,5,4,5,30,10.9,2,0,2,3.6,0.0000,0.0000
2004,5,4,6,0,11.100000000000001,36,3,37,3.6,0.0000,0.0000
2004,5,4,6,30,11.8,35,0,35,3.9000000000000004,7.4053,5.6560
2004,5,4,7,0,12.600000000000001,10,0,10,4.2,12.5633,9.6895
2004,5,4,7,30,14.200000000000001,16,0,16,4.7,18.4407,14.3235
2004,5,4,8,0,15.8,160,563,428,5.1000000000000005,24.7133,19.2821
2004,5,4,8,30,17.1,235,548,542,5.300000000000001,30.9530,24.2208
2004,5,4,9,0,18.3,264,565,623,5.4,36.8794,28.9146
2004,5,4,9,30,19.200000000000003,99,890,726,5.4,42.2973,33.2072
2004,5,4,10,0,20.1,102,910,798,5.4,47.0348,36.9618
2004,5,4,10,30,20.8,105,924,859,5.300000000000001,51.0517,40.1454
2004,5,4,11,0,21.5,109,937,909,5.2,54.0823,42.5483
2004,5,4,11,30,22,110,944,943,5.1000000000000005,56.4075,44.3910
2004,5,4,12,0,22.5,121,933,959,4.9,57.2868,45.0903
2004,5,4,12,30,22.8,121,937,967,4.7,33.2346,26.1599
2004,5,4,13,0,23.1,121,934,956,4.6000000000000005,56.9396,44.8149
2004,5,4,13,30,23.3,120,928,931,4.3,47.3392,37.2510
2004,5,4,14,0,23.400000000000002,121,915,890,4.1000000000000005,52.5646,41.3480
2004,5,4,14,30,23.400000000000002,118,902,837,3.9000000000000004,32.4423,25.5058
2004,5,4,15,0,23.400000000000002,128,856,765,3.7,27.6407,21.7142
2004,5,4,15,30,23.200000000000003,123,831,688,3.4000000000000004,39.7648,31.2049
2004,5,4,16,0,23,121,788,600,3.2,34.1811,26.7817
2004,5,4,16,30,22.5,113,745,507,2.8000000000000003,28.0642,21.9395
2004,5,4,17,0,22,106,682,409,2.5,21.8973,17.0603
2004,5,4,17,30,20.6,94,605,309,1.7000000000000002,15.8032,12.2472
2004,5,4,18,0,19.1,77,511,211,1,10.1774,7.8224
2004,5,4,18,30,17.3,57,362,119,1.1,0.0000,0.0000
2004,5,4,19,0,15.5,30,170,43,1.2000000000000002,0.0000,0.0000
2004,5,4,19,30,14.700000000000001,0,0,0,1.3,0.0000,0.0000
2004,5,4,20,0,13.9,0,0,0,1.4000000000000001,0.0000,0.0000
2004,5,4,20,30,13.3,0,0,0,1.4000000000000001,0.0000,0.0000
2004,5,4,21,0,12.700000000000001,0,0,0,1.4000000000000001,0.0000,0.0000
2004,5,4,21,30,12.200000000000001,0,0,0,1.5,0.0000,0.0000
2004,5,4,22,0,11.700000000000001,0,0,0,1.6,0.0000,0.0000
2004,5,4,22,30,11.4,0,0,0,1.8,0.0000,0.0000
2004,5,4,23,0,11,0,0,0,2,0.0000,0.0000
2004,5,4,23,30,10.8,0,0,0,2.3000000000000003,0.0000,0.0000
2004,5,5,0,0,10.600000000000001,0,0,0,2.5,0.0000,0.0000
2004,5,5,0,30,10.5,0,0,0,2.9000000000000004,0.0000,0.0000
2004,5,5,1,0,10.3,0,0,0,3.3000000000000003,0.0000,0.0000
2004,5,5,1,30,10.100000000000001,0,0,0,3.5,0.0000,0.0000
2004,5,5,2,0,9.9,0,0,0,3.7,0.0000,0.0000
2004,5,5,2,30,9.700000000000001,0,0,0,3.6,0.0000,0.0000
2004,5,5,3,0,9.5,0,0,0,3.6,0.0000,0.0000
2004,5,5,3,30,9.5,0,0,0,3.5,0.0000,0.0000
2004,5,5,4,0,9.5,0,0,0,3.5,0.0000,0.0000
2004,5,5,4,30,9.600000000000001,0,0,0,3.5,0.0000,0.0000
2004,5,5,5,0,9.600000000000001,0,0,0,3.5,0.0000,0.0000
2004,5,5,5,30,10.600000000000001,4,0,4,4,0.0000,0.0000
2004,5,5,6,0,11.5,39,280,71,4.5,0.0000,0.0000
2004,5,5,6,30,13,69,1,69,4.7,1.6735,1.2786
2004,5,5,7,0,14.4,144,340,246,4.800000000000001,0.4995,0.3853
2004,5,5,7,30,16.400000000000002,90,651,345,5.5,0.8396,0.6523
2004,5,5,8,0,18.400000000000002,243,295,385,6.2,23.3790,18.2433
2004,5,5,8,30,20.200000000000003,106,768,538,7,30.5324,23.8937
2004,5,5,9,0,22,110,810,628,7.800000000000001,35.9269,28.1695
2004,5,5,9,30,23.3,116,838,709,8,42.6171,33.4598
2004,5,5,10,0,24.5,118,865,783,8.200000000000001,47.4757,37.3096
2004,5,5,10,30,25.5,122,881,842,8.200000000000001,51.6160,40.5904
2004,5,5,11,0,26.5,120,899,891,8.3,55.0125,43.2813
2004,5,5,11,30,27.3,122,907,924,8.1,57.3412,45.1268
2004,5,5,12,0,28.1,113,926,947,8,58.4657,46.0192
2004,5,5,12,30,28.8,114,927,952,7.800000000000001,58.9892,46.4330
2004,5,5,13,0,29.5,117,918,940,7.6000000000000005,58.2392,45.8388
2004,5,5,13,30,30.1,116,913,915,7.4,56.5240,44.4794
2004,5,5,14,0,30.6,116,901,875,7.1000000000000005,53.7314,42.2668
2004,5,5,14,30,31,113,888,823,6.800000000000001,50.1218,39.4064
2004,5,5,15,0,31.3,105,880,761,6.4,45.3007,35.5889
2004,5,5,15,30,31.3,100,859,686,6,40.1380,31.4992
2004,5,5,16,0,31.400000000000002,96,826,601,5.6000000000000005,34.3196,26.8918
2004,5,5,16,30,30.700000000000003,90,789,509,5.1000000000000005,28.2570,22.0921
2004,5,5,17,0,30,84,734,412,4.7,22.0310,17.1667
2004,5,5,17,30,28.6,75,666,313,4.6000000000000005,15.9299,12.3478
2004,5,5,18,0,27.1,66,555,213,4.6000000000000005,10.3397,7.9495
2004,5,5,18,30,25.8,50,414,121,4.9,0.0000,0.0000
2004,5,5,19,0,24.5,29,200,45,5.1000000000000005,0.0000,0.0000
2004,5,5,19,30,23.8,0,0,0,5.4,0.0000,0.0000
2004,5,5,20,0,23.1,0,0,0,5.6000000000000005,0.0000,0.0000
2004,5,5,20,30,22.6,0,0,0,5.7,0.0000,0.0000
2004,5,5,21,0,22.1,0,0,0,5.7,0.0000,0.0000
2004,5,5,21,30,21.700000000000003,0,0,0,5.800000000000001,0.0000,0.0000
2004,5,5,22,0,21.3,0,0,0,5.800000000000001,0.0000,0.0000
2004,5,5,22,30,20.8,0,0,0,5.5,0.0000,0.0000
2004,5,5,23,0,20.400000000000002,0,0,0,5.2,0.0000,0.0000
2004,5,5,23,30,19.900000000000002,0,0,0,5,0.0000,0.0000
2004,5,6,0,0,19.400000000000002,0,0,0,4.800000000000001,0.0000,0.0000
2004,5,6,0,30,19,0,0,0,4.800000000000001,0.0000,0.0000
2004,5,6,1,0,18.6,0,0,0,4.800000000000001,0.0000,0.0000
2004,5,6,1,30,18.400000000000002,0,0,0,5,0.0000,0.0000
2004,5,6,2,0,18.1,0,0,0,5.1000000000000005,0.0000,0.0000
2004,5,6,2,30,17.8,0,0,0,5,0.0000,0.0000
2004,5,6,3,0,17.6,0,0,0,4.800000000000001,0.0000,0.0000
2004,5,6,3,30,17,0,0,0,4.2,0.0000,0.0000
2004,5,6,4,0,16.400000000000002,0,0,0,3.5,0.0000,0.0000
2004,5,6,4,30,15.9,0,0,0,3,0.0000,0.0000
2004,5,6,5,0,15.4,0,0,0,2.4000000000000004,0.0000,0.0000
2004,5,6,5,30,15.9,9,0,9,2.4000000000000004,0.0000,0.0000
2004,5,6,6,0,16.5,44,2,44,2.4000000000000004,0.0000,0.0000
2004,5,6,6,30,17.400000000000002,69,398,153,2.5,3.3023,2.5239
2004,5,6,7,0,18.2,89,516,245,2.5,12.3088,9.4990
2004,5,6,7,30,19.3,168,27,179,3.1,18.1311,14.0885
2004,5,6,8,0,20.3,238,228,348,3.7,21.0553,16.4320
2004,5,6,8,30,21.1,253,327,438,4.3,30.3363,23.7422
2004,5,6,9,0,22,239,511,567,4.9,36.2423,28.4184
2004,5,6,9,30,22.6,128,809,703,5.300000000000001,41.6448,32.6979
2004,5,6,10,0,23.3,306,600,768,5.6000000000000005,46.6073,36.6285
2004,5,6,10,30,23.8,137,849,833,5.800000000000001,50.6176,39.8064
2004,5,6,11,0,24.400000000000002,141,859,879,6,53.9443,42.4420
2004,5,6,11,30,24.700000000000003,302,667,894,5.9,56.2063,44.2347
2004,5,6,12,0,25.1,409,6,415,5.9,57.7538,45.4599
2004,5,6,12,30,25.400000000000002,422,33,452,5.7,58.0935,45.7289
2004,5,6,13,0,25.6,504,142,632,5.6000000000000005,57.2832,45.0873
2004,5,6,13,30,25.6,395,385,733,5.6000000000000005,55.5715,43.7309
2004,5,6,14,0,25.5,424,121,526,5.6000000000000005,52.8463,41.5716
2004,5,6,14,30,25.3,445,287,675,5.6000000000000005,49.3037,38.7643
2004,5,6,15,0,25.1,365,75,422,5.5,45.0857,35.4212
2004,5,6,15,30,24.8,247,11,255,5.4,40.0432,31.4261
2004,5,6,16,0,24.400000000000002,326,293,506,5.2,34.4008,26.9570
2004,5,6,16,30,23.900000000000002,265,396,476,5.1000000000000005,28.3927,22.1998
2004,5,6,17,0,23.3,237,253,350,5,22.2172,17.3139
2004,5,6,17,30,22.3,100,564,303,4.6000000000000005,16.1586,12.5275
2004,5,6,18,0,21.200000000000003,82,472,209,4.3,10.4526,8.0385
2004,5,6,18,30,19.900000000000002,61,337,120,4.1000000000000005,0.0000,0.0000
2004,5,6,19,0,18.7,32,161,46,4,0.0000,0.0000
2004,5,6,19,30,17.900000000000002,0,0,0,4.1000000000000005,0.0000,0.0000
2004,5,6,20,0,17.2,0,0,0,4.2,0.0000,0.0000
2004,5,6,20,30,16.5,0,0,0,4.1000000000000005,0.0000,0.0000
2004,5,6,21,0,15.9,0,0,0,4,0.0000,0.0000
2004,5,6,21,30,15.3,0,0,0,4,0.0000,0.0000
2004,5,6,22,0,14.700000000000001,0,0,0,4,0.0000,0.0000
2004,5,6,22,30,14.200000000000001,0,0,0,4.1000000000000005,0.0000,0.0000
2004,5,6,23,0,13.700000000000001,0,0,0,4.2,0.0000,0.0000
2004,5,6,23,30,13.200000000000001,0,0,0,4.3,0.0000,0.0000
2004,5,7,0,0,12.8,0,0,0,4.4,0.0000,0.0000
2004,5,7,0,30,12.3,0,0,0,4.5,0.0000,0.0000
2004,5,7,1,0,11.8,0,0,0,4.5,0.0000,0.0000
2004,5,7,1,30,11.4,0,0,0,4.5,0.0000,0.0000
2004,5,7,2,0,11,0,0,0,4.5,0.0000,0.0000
2004,5,7,2,30,10.700000000000001,0,0,0,4.4,0.0000,0.0000
2004,5,7,3,0,10.4,0,0,0,4.3,0.0000,0.0000
2004,5,7,3,30,10.100000000000001,0,0,0,4.2,0.0000,0.0000
2004,5,7,4,0,9.9,0,0,0,4.2,0.0000,0.0000
2004,5,7,4,30,9.700000000000001,0,0,0,4.1000000000000005,0.0000,0.0000
2004,5,7,5,0,9.600000000000001,0,0,0,4.1000000000000005,0.0000,0.0000
2004,5,7,5,30,10.100000000000001,14,74,16,4.3,0.0000,0.0000
2004,5,7,6,0,10.700000000000001,42,275,75,4.6000000000000005,0.0000,0.0000
2004,5,7,6,30,12,64,438,158,5.1000000000000005,7.3294,5.6038
2004,5,7,7,0,13.4,83,543,249,5.6000000000000005,12.2805,9.4799
2004,5,7,7,30,15,96,626,345,5.800000000000001,9.4215,7.3222
2004,5,7,8,0,16.5,109,682,441,5.9,19.0543,14.8721
2004,5,7,8,30,17.8,322,85,370,6,24.7200,19.3482
2004,5,7,9,0,19.1,339,60,377,6.1000000000000005,32.7462,25.6785
2004,5,7,9,30,20,140,781,697,6.1000000000000005,41.3176,32.4425
2004,5,7,10,0,20.900000000000002,159,780,762,6.1000000000000005,45.7378,35.9463
2004,5,7,10,30,21.6,164,798,820,6.1000000000000005,50.0981,39.3990
2004,5,7,11,0,22.200000000000003,396,490,818,6,53.2384,41.8876
2004,5,7,11,30,22.700000000000003,393,32,422,5.9,54.4002,42.8142
2004,5,7,12,0,23.200000000000003,412,302,685,5.800000000000001,25.3178,19.9288
2004,5,7,12,30,23.8,383,424,768,5.6000000000000005,27.5913,21.7192
2004,5,7,13,0,24.400000000000002,313,573,829,5.4,38.5267,30.3248
2004,5,7,13,30,24.900000000000002,351,457,752,5.300000000000001,44.5330,35.0450
2004,5,7,14,0,25.400000000000002,403,279,639,5.1000000000000005,31.7798,25.0002
2004,5,7,14,30,25.6,321,16,333,5.1000000000000005,40.4538,31.8071
2004,5,7,15,0,25.900000000000002,187,704,715,5,25.0129,19.6518
2004,5,7,15,30,26.1,178,675,642,4.9,14.8934,11.6889
2004,5,7,16,0,26.200000000000003,340,223,477,4.7,28.9832,22.7129
2004,5,7,16,30,26,232,432,464,4.3,26.5758,20.7809
2004,5,7,17,0,25.8,254,118,307,3.9000000000000004,18.8946,14.7263
2004,5,7,17,30,24.900000000000002,110,505,293,3.5,15.6641,12.1463
2004,5,7,18,0,23.900000000000002,86,431,203,3.1,10.2719,7.9019
2004,5,7,18,30,22.700000000000003,63,303,117,3.1,5.7209,4.3602
2004,5,7,19,0,21.400000000000002,32,156,46,3.2,0.0000,0.0000
2004,5,7,19,30,20.700000000000003,0,0,0,3.3000000000000003,0.0000,0.0000
2004,5,7,20,0,20,0,0,0,3.4000000000000004,0.0000,0.0000
2004,5,7,20,30,19.5,0,0,0,3.2,0.0000,0.0000
2004,5,7,21,0,19,0,0,0,3,0.0000,0.0000
2004,5,7,21,30,18.7,0,0,0,3,0.0000,0.0000
2004,5,7,22,0,18.3,0,0,0,3,0.0000,0.0000
2004,5,7,22,30,18.1,0,0,0,3,0.0000,0.0000
2004,5,7,23,0,17.8,0,0,0,3,0.0000,0.0000
2004,5,7,23,30,17.5,0,0,0,2.9000000000000004,0.0000,0.0000
2004,5,8,0,0,17.2,0,0,0,2.8000000000000003,0.0000,0.0000
2004,5,8,0,30,16.900000000000002,0,0,0,2.7,0.0000,0.0000
2004,5,8,1,0,16.5,0,0,0,2.5,0.0000,0.0000
2004,5,8,1,30,16.2,0,0,0,2.4000000000000004,0.0000,0.0000
2004,5,8,2,0,15.9,0,0,0,2.3000000000000003,0.0000,0.0000
2004,5,8,2,30,15.600000000000001,0,0,0,2.2,0.0000,0.0000
2004,5,8,3,0,15.3,0,0,0,2,0.0000,0.0000
2004,5,8,3,30,15.100000000000001,0,0,0,1.9000000000000001,0.0000,0.0000
2004,5,8,4,0,14.8,0,0,0,1.8,0.0000,0.0000
2004,5,8,4,30,14.700000000000001,0,0,0,1.8,0.0000,0.0000
2004,5,8,5,0,14.700000000000001,0,0,0,1.7000000000000002,0.0000,0.0000
2004,5,8,5,30,15.8,8,0,8,2.4000000000000004,0.0000,0.0000
2004,5,8,6,0,16.900000000000002,46,234,75,3.1,0.0000,0.0000
2004,5,8,6,30,18.1,71,392,156,3.2,7.5767,5.7949
2004,5,8,7,0,19.3,88,518,249,3.4000000000000004,12.5032,9.6545
2004,5,8,7,30,20.6,103,603,345,3.3000000000000003,18.1861,14.1364
2004,5,8,8,0,22,112,674,442,3.1,24.1747,18.8708
2004,5,8,8,30,23.200000000000003,122,723,534,2.9000000000000004,20.9010,16.3604
2004,5,8,9,0,24.400000000000002,129,760,621,2.7,21.7882,17.0866
2004,5,8,9,30,25.400000000000002,136,789,700,2.8000000000000003,40.9874,32.1845
2004,5,8,10,0,26.400000000000002,139,815,770,2.8000000000000003,45.4023,35.6839
2004,5,8,10,30,27.1,143,832,829,3.1,49.3365,38.8010
2004,5,8,11,0,27.900000000000002,144,848,876,3.3000000000000003,49.5621,38.9960
2004,5,8,11,30,28.5,146,854,907,3.5,25.6876,20.2172
2004,5,8,12,0,29.1,176,816,915,3.7,41.8029,32.9057
2004,5,8,12,30,29.5,176,817,920,3.8000000000000003,46.8954,36.9156
2004,5,8,13,0,29.900000000000002,171,819,909,3.9000000000000004,50.5520,39.7908
2004,5,8,13,30,30.1,169,812,885,3.9000000000000004,45.7026,35.9662
2004,5,8,14,0,30.3,163,804,846,3.8000000000000003,38.6204,30.3822
2004,5,8,14,30,30.5,159,789,795,3.8000000000000003,19.9653,15.6982
2004,5,8,15,0,30.6,363,410,671,3.7,42.3999,33.3132
2004,5,8,15,30,30.5,145,743,657,3.6,37.5165,29.4455
2004,5,8,16,0,30.5,137,711,575,3.5,27.3398,21.4262
2004,5,8,16,30,30.1,128,666,487,3.1,25.9275,20.2756
2004,5,8,17,0,29.6,119,603,392,2.8000000000000003,16.5914,12.9327
2004,5,8,17,30,28.400000000000002,95,3,96,2.4000000000000004,15.1681,11.7638
2004,5,8,18,0,27.200000000000003,64,373,167,2,9.9915,7.6883
2004,5,8,18,30,25.900000000000002,71,140,97,2.2,5.5769,4.2512
2004,5,8,19,0,24.6,14,0,14,2.5,0.0000,0.0000
2004,5,8,19,30,24.200000000000003,0,0,0,3.1,0.0000,0.0000
2004,5,8,20,0,23.900000000000002,0,0,0,3.8000000000000003,0.0000,0.0000
2004,5,8,20,30,23.5,0,0,0,4.2,0.0000,0.0000
2004,5,8,21,0,23,0,0,0,4.5,0.0000,0.0000
2004,5,8,21,30,22.400000000000002,0,0,0,4.4,0.0000,0.0000
2004,5,8,22,0,21.700000000000003,0,0,0,4.4,0.0000,0.0000
2004,5,8,22,30,21.1,0,0,0,4.3,0.0000,0.0000
2004,5,8,23,0,20.5,0,0,0,4.3,0.0000,0.0000
2004,5,8,23,30,19.900000000000002,0,0,0,4.3,0.0000,0.0000
2004,5,9,0,0,19.400000000000002,0,0,0,4.3,0.0000,0.0000
2004,5,9,0,30,19,0,0,0,4.2,0.0000,0.0000
2004,5,9,1,0,18.7,0,0,0,4.2,0.0000,0.0000
2004,5,9,1,30,18.400000000000002,0,0,0,4.2,0.0000,0.0000
2004,5,9,2,0,18.1,0,0,0,4.1000000000000005,0.0000,0.0000
2004,5,9,2,30,17.900000000000002,0,0,0,4.2,0.0000,0.0000
2004,5,9,3,0,17.6,0,0,0,4.3,0.0000,0.0000
2004,5,9,3,30,17.400000000000002,0,0,0,4.4,0.0000,0.0000
2004,5,9,4,0,17.2,0,0,0,4.5,0.0000,0.0000
2004,5,9,4,30,16.900000000000002,0,0,0,4.6000000000000005,0.0000,0.0000
2004,5,9,5,0,16.7,0,0,0,4.6000000000000005,0.0000,0.0000
2004,5,9,5,30,17,13,0,13,5.1000000000000005,0.0000,0.0000
2004,5,9,6,0,17.2,47,3,47,5.5,0.0000,0.0000
2004,5,9,6,30,18,101,29,107,5.800000000000001,7.4887,5.7294
2004,5,9,7,0,18.7,159,74,182,6.1000000000000005,12.5241,9.6732
2004,5,9,7,30,19.900000000000002,96,441,274,6.4,18.2120,14.1588
2004,5,9,8,0,21.1,223,342,391,6.6000000000000005,24.2561,18.9365
2004,5,9,8,30,22.400000000000002,314,206,432,6.7,30.1907,23.6337
2004,5,9,9,0,23.700000000000003,248,484,562,6.7,35.9147,28.1662
2004,5,9,9,30,24.8,197,616,639,6.7,41.1874,32.3428
2004,5,9,10,0,25.900000000000002,199,656,709,6.6000000000000005,45.8998,36.0760
2004,5,9,10,30,26.8,211,643,742,6.7,49.8981,39.2438
2004,5,9,11,0,27.6,268,600,787,6.7,53.0957,41.7772
2004,5,9,11,30,28.1,250,638,820,6.800000000000001,55.2287,43.4681
2004,5,9,12,0,28.6,239,616,799,7,55.8566,43.9691
2004,5,9,12,30,28.8,412,467,838,7.1000000000000005,56.1941,44.2363
2004,5,9,13,0,29,214,733,876,7.2,55.4471,43.6447
2004,5,9,13,30,28.900000000000002,243,597,771,7.2,53.8033,42.3421
2004,5,9,14,0,28.8,430,350,728,7.300000000000001,51.1497,40.2397
2004,5,9,14,30,28.5,411,333,680,7.2,47.6829,37.4929
2004,5,9,15,0,28.200000000000003,125,824,747,7.2,39.8085,31.2782
2004,5,9,15,30,27.700000000000003,120,802,675,7,38.4136,30.1508
2004,5,9,16,0,27.3,117,766,591,6.800000000000001,32.9793,25.8473
2004,5,9,16,30,26.700000000000003,109,726,502,6.5,27.2354,21.2999
2004,5,9,17,0,26.1,101,674,408,6.1000000000000005,21.2081,16.5332
2004,5,9,17,30,25.200000000000003,89,606,312,5.7,4.9766,3.8603
2004,5,9,18,0,24.400000000000002,75,517,218,5.2,8.2316,6.3358
2004,5,9,18,30,23.3,57,388,128,4.9,4.6233,3.5250
2004,5,9,19,0,22.3,44,7,44,4.5,0.0000,0.0000
2004,5,9,19,30,21.6,0,0,0,4.1000000000000005,0.0000,0.0000
2004,5,9,20,0,20.8,0,0,0,3.7,0.0000,0.0000
2004,5,9,20,30,20.3,0,0,0,3.7,0.0000,0.0000
2004,5,9,21,0,19.900000000000002,0,0,0,3.6,0.0000,0.0000
2004,5,9,21,30,19.5,0,0,0,3.4000000000000004,0.0000,0.0000
2004,5,9,22,0,19.1,0,0,0,3.1,0.0000,0.0000
2004,5,9,22,30,18.8,0,0,0,2.8000000000000003,0.0000,0.0000
2004,5,9,23,0,18.400000000000002,0,0,0,2.5,0.0000,0.0000
2004,5,9,23,30,18.2,0,0,0,2.1,0.0000,0.0000
2004,5,10,0,0,17.900000000000002,0,0,0,1.7000000000000002,0.0000,0.0000
2004,5,10,0,30,17.8,0,0,0,1.3,0.0000,0.0000
2004,5,10,1,0,17.6,0,0,0,1,0.0000,0.0000
2004,5,10,1,30,17.5,0,0,0,0.9,0.0000,0.0000
2004,5,10,2,0,17.5,0,0,0,0.9,0.0000,0.0000
2004,5,10,2,30,17.3,0,0,0,1.3,0.0000,0.0000
2004,5,10,3,0,17.1,0,0,0,1.7000000000000002,0.0000,0.0000
2004,5,10,3,30,16.8,0,0,0,2.3000000000000003,0.0000,0.0000
2004,5,10,4,0,16.400000000000002,0,0,0,2.9000000000000004,0.0000,0.0000
2004,5,10,4,30,15.9,0,0,0,3.3000000000000003,0.0000,0.0000
2004,5,10,5,0,15.4,0,0,0,3.6,0.0000,0.0000
2004,5,10,5,30,15.3,7,0,7,3.8000000000000003,0.0000,0.0000
2004,5,10,6,0,15.200000000000001,54,3,54,4.1000000000000005,0.0000,0.0000
2004,5,10,6,30,15.600000000000001,123,57,136,4.3,5.1421,3.9354
2004,5,10,7,0,16.1,167,158,217,4.5,9.1686,7.0833
2004,5,10,7,30,17.1,218,158,282,4.9,14.4832,11.2617
2004,5,10,8,0,18.1,261,159,339,5.4,21.4795,16.7704
2004,5,10,8,30,19.200000000000003,272,243,412,5.5,24.4433,19.1358
2004,5,10,9,0,20.3,306,304,504,5.6000000000000005,32.5236,25.5080
2004,5,10,9,30,21.200000000000003,326,308,547,5.6000000000000005,37.6184,29.5414
2004,5,10,10,0,22.1,449,210,613,5.5,42.2827,33.2341
2004,5,10,10,30,22.8,327,419,674,5.4,44.6786,35.1397
2004,5,10,11,0,23.6,496,236,700,5.2,47.7177,37.5465
2004,5,10,11,30,24.1,469,117,574,5.2,49.9465,39.3115
2004,5,10,12,0,24.700000000000003,456,177,617,5.2,48.7900,38.4071
2004,5,10,12,30,25,327,1,328,5.1000000000000005,51.2004,40.3060
2004,5,10,13,0,25.400000000000002,465,56,515,5.1000000000000005,53.4501,42.0735
2004,5,10,13,30,25.6,503,274,745,5.1000000000000005,46.8874,36.9001
2004,5,10,14,0,25.8,412,19,429,5,44.0303,34.6396
2004,5,10,14,30,25.700000000000003,318,2,319,5,40.8008,32.0823
2004,5,10,15,0,25.700000000000003,270,1,270,4.9,44.3359,34.8365
2004,5,10,15,30,25.400000000000002,397,203,538,4.9,39.4857,30.9934
2004,5,10,16,0,25.200000000000003,271,8,275,4.9,33.9187,26.5848
2004,5,10,16,30,24.700000000000003,152,0,152,4.800000000000001,28.0961,21.9745
2004,5,10,17,0,24.200000000000003,262,69,294,4.7,22.0960,17.2272
2004,5,10,17,30,23.400000000000002,210,104,248,4.4,16.1946,12.5643
2004,5,10,18,0,22.5,95,415,211,4,10.7611,8.2851
2004,5,10,18,30,21.5,70,290,124,4,6.1012,4.6528
2004,5,10,19,0,20.5,37,139,51,4,0.0000,0.0000
2004,5,10,19,30,19.900000000000002,0,0,0,4.3,0.0000,0.0000
2004,5,10,20,0,19.3,0,0,0,4.6000000000000005,0.0000,0.0000
2004,5,10,20,30,18.900000000000002,0,0,0,4.9,0.0000,0.0000
2004,5,10,21,0,18.400000000000002,0,0,0,5.1000000000000005,0.0000,0.0000
2004,5,10,21,30,18.1,0,0,0,5.1000000000000005,0.0000,0.0000
2004,5,10,22,0,17.7,0,0,0,5.1000000000000005,0.0000,0.0000
2004,5,10,22,30,17.5,0,0,0,5.1000000000000005,0.0000,0.0000
2004,5,10,23,0,17.3,0,0,0,5.2,0.0000,0.0000
2004,5,10,23,30,17.2,0,0,0,5.2,0.0000,0.0000
2004,5,11,0,0,17.2,0,0,0,5.300000000000001,0.0000,0.0000
2004,5,11,0,30,17.2,0,0,0,5.300000000000001,0.0000,0.0000
2004,5,11,1,0,17.2,0,0,0,5.300000000000001,0.0000,0.0000
2004,5,11,1,30,17.3,0,0,0,5.300000000000001,0.0000,0.0000
2004,5,11,2,0,17.400000000000002,0,0,0,5.300000000000001,0.0000,0.0000
2004,5,11,2,30,17.5,0,0,0,5.2,0.0000,0.0000
2004,5,11,3,0,17.6,0,0,0,5.1000000000000005,0.0000,0.0000
2004,5,11,3,30,17.6,0,0,0,5,0.0000,0.0000
2004,5,11,4,0,17.5,0,0,0,4.800000000000001,0.0000,0.0000
2004,5,11,4,30,17.5,0,0,0,4.9,0.0000,0.0000
2004,5,11,5,0,17.5,0,0,0,5,0.0000,0.0000
2004,5,11,5,30,17.900000000000002,15,0,15,5.4,0.0000,0.0000
2004,5,11,6,0,18.400000000000002,54,5,54,5.7,0.0000,0.0000
2004,5,11,6,30,19.400000000000002,72,408,165,6.2,6.5429,5.0090
2004,5,11,7,0,20.3,162,105,195,6.800000000000001,10.9501,8.4618
2004,5,11,7,30,21.5,200,216,288,7.300000000000001,14.9258,11.6076
2004,5,11,8,0,22.700000000000003,178,14,185,7.800000000000001,18.6419,14.5564
2004,5,11,8,30,23.6,112,1,113,8.200000000000001,23.3311,18.2663
2004,5,11,9,0,24.6,291,33,312,8.6,29.1848,22.8905
2004,5,11,9,30,25.3,350,250,531,8.9,32.2186,25.3019
2004,5,11,10,0,26,300,419,627,9.200000000000001,36.5731,28.7471
2004,5,11,10,30,26.400000000000002,327,352,619,9.4,40.5995,31.9322
2004,5,11,11,0,26.8,397,283,643,9.5,42.4566,33.4075
2004,5,11,11,30,27,422,210,610,9.5,34.9736,27.5273
2004,5,11,12,0,27.1,505,172,661,9.5,37.6875,29.6679
2004,5,11,12,30,27.200000000000003,457,60,512,9.5,20.0460,15.7809
2004,5,11,13,0,27.3,485,294,752,9.5,31.4326,24.7427
2004,5,11,13,30,27.200000000000003,359,2,361,9.4,45.3202,35.6674
2004,5,11,14,0,27.1,149,825,854,9.4,25.9547,20.4196
2004,5,11,14,30,27.1,145,811,803,9.4,19.1475,15.0564
2004,5,11,15,0,27,142,789,740,9.4,16.0321,12.5974
2004,5,11,15,30,26.900000000000002,380,223,535,9.3,31.4881,24.7168
2004,5,11,16,0,26.8,330,258,491,9.200000000000001,15.7928,12.3787
2004,5,11,16,30,26.1,300,176,396,8.9,8.5142,6.6596
2004,5,11,17,0,25.5,244,215,343,8.6,15.9392,12.4283
2004,5,11,17,30,24.900000000000002,197,185,266,8.200000000000001,12.8901,10.0023
2004,5,11,18,0,24.200000000000003,87,452,215,7.800000000000001,10.4309,8.0330
2004,5,11,18,30,23.6,65,331,128,7.6000000000000005,5.9114,4.5091
2004,5,11,19,0,23,36,179,54,7.5,0.0000,0.0000
2004,5,11,19,30,22.6,0,0,0,7.5,0.0000,0.0000
2004,5,11,20,0,22.200000000000003,0,0,0,7.5,0.0000,0.0000
2004,5,11,20,30,21.900000000000002,0,0,0,7.6000000000000005,0.0000,0.0000
2004,5,11,21,0,21.700000000000003,0,0,0,7.800000000000001,0.0000,0.0000
2004,5,11,21,30,21.5,0,0,0,7.9,0.0000,0.0000
2004,5,11,22,0,21.3,0,0,0,8,0.0000,0.0000
2004,5,11,22,30,21.200000000000003,0,0,0,8,0.0000,0.0000
2004,5,11,23,0,21,0,0,0,8.1,0.0000,0.0000
2004,5,11,23,30,20.900000000000002,0,0,0,8.1,0.0000,0.0000
2004,5,12,0,0,20.8,0,0,0,8.1,0.0000,0.0000
2004,5,12,0,30,20.700000000000003,0,0,0,8,0.0000,0.0000
2004,5,12,1,0,20.6,0,0,0,8,0.0000,0.0000
2004,5,12,1,30,20.5,0,0,0,7.9,0.0000,0.0000
2004,5,12,2,0,20.3,0,0,0,7.9,0.0000,0.0000
2004,5,12,2,30,20.200000000000003,0,0,0,7.7,0.0000,0.0000
2004,5,12,3,0,20,0,0,0,7.6000000000000005,0.0000,0.0000
2004,5,12,3,30,19.900000000000002,0,0,0,7.300000000000001,0.0000,0.0000
2004,5,12,4,0,19.8,0,0,0,7.1000000000000005,0.0000,0.0000
2004,5,12,4,30,19.700000000000003,0,0,0,6.6000000000000005,0.0000,0.0000
2004,5,12,5,0,19.6,0,0,0,6,0.0000,0.0000
2004,5,12,5,30,19.1,7,0,7,5.5,0.0000,0.0000
2004,5,12,6,0,18.6,28,0,28,5,0.0000,0.0000
2004,5,12,6,30,17.2,15,0,15,5.4,7.9472,6.0860
2004,5,12,7,0,15.8,139,5,140,5.9,9.8545,7.6169
2004,5,12,7,30,15,121,6,124,6.1000000000000005,15.2622,11.8709
2004,5,12,8,0,14.200000000000001,214,23,226,6.4,10.1830,7.9521
2004,5,12,8,30,14.5,283,115,349,6.300000000000001,6.4037,5.0139
2004,5,12,9,0,14.700000000000001,320,105,389,6.2,18.0777,14.1795
2004,5,12,9,30,15.3,364,209,515,6.1000000000000005,31.2910,24.5742
2004,5,12,10,0,15.8,392,29,415,5.9,37.4241,29.4169
2004,5,12,10,30,16.5,299,1,300,5.800000000000001,37.2998,29.3376
2004,5,12,11,0,17.1,351,2,352,5.6000000000000005,39.0120,30.6977
2004,5,12,11,30,17.7,404,5,408,5.5,37.1778,29.2627
2004,5,12,12,0,18.2,445,13,457,5.4,40.3865,31.7931
2004,5,12,12,30,18.6,483,57,536,5.2,31.3003,24.6411
2004,5,12,13,0,19,516,156,657,5.1000000000000005,45.9105,36.1399
2004,5,12,13,30,19.3,521,209,707,5,21.9670,17.2885
2004,5,12,14,0,19.5,134,891,897,4.9,51.6847,40.6632
2004,5,12,14,30,19.6,130,878,844,4.800000000000001,48.2167,37.9155
2004,5,12,15,0,19.700000000000003,119,873,783,4.800000000000001,43.9579,34.5415
2004,5,12,15,30,19.5,114,850,707,4.7,31.3279,24.5920
2004,5,12,16,0,19.3,107,826,624,4.7,28.2139,22.1157
2004,5,12,16,30,18.8,317,150,399,4.800000000000001,22.1986,17.3644
2004,5,12,17,0,18.3,196,7,199,4.800000000000001,18.6142,14.5157
2004,5,12,17,30,17.400000000000002,94,0,94,4.7,13.8432,10.7436
2004,5,12,18,0,16.5,78,0,78,4.7,10.6433,8.1986
2004,5,12,18,30,15.200000000000001,44,0,44,4.3,6.1035,4.6567
2004,5,12,19,0,13.9,28,0,28,4,0.0000,0.0000
2004,5,12,19,30,13.100000000000001,0,0,0,4.1000000000000005,0.0000,0.0000
2004,5,12,20,0,12.3,0,0,0,4.2,0.0000,0.0000
2004,5,12,20,30,11.8,0,0,0,4.2,0.0000,0.0000
2004,5,12,21,0,11.3,0,0,0,4.2,0.0000,0.0000
2004,5,12,21,30,11,0,0,0,4.4,0.0000,0.0000
2004,5,12,22,0,10.700000000000001,0,0,0,4.6000000000000005,0.0000,0.0000
2004,5,12,22,30,10.3,0,0,0,5,0.0000,0.0000
2004,5,12,23,0,9.9,0,0,0,5.4,0.0000,0.0000
2004,5,12,23,30,9.4,0,0,0,5.6000000000000005,0.0000,0.0000
2004,5,13,0,0,8.9,0,0,0,5.9,0.0000,0.0000
2004,5,13,0,30,8.5,0,0,0,6,0.0000,0.0000
2004,5,13,1,0,8.1,0,0,0,6.1000000000000005,0.0000,0.0000
2004,5,13,1,30,7.7,0,0,0,6.2,0.0000,0.0000
2004,5,13,2,0,7.4,0,0,0,6.2,0.0000,0.0000
2004,5,13,2,30,7,0,0,0,6.4,0.0000,0.0000
2004,5,13,3,0,6.7,0,0,0,6.6000000000000005,0.0000,0.0000
2004,5,13,3,30,6.2,0,0,0,7.5,0.0000,0.0000
2004,5,13,4,0,5.800000000000001,0,0,0,8.3,0.0000,0.0000
2004,5,13,4,30,5.300000000000001,0,0,0,7.7,0.0000,0.0000
2004,5,13,5,0,4.800000000000001,0,0,0,7.2,0.0000,0.0000
2004,5,13,5,30,4,10,0,10,6.7,0.0000,0.0000
2004,5,13,6,0,3.1,15,0,15,6.2,0.0000,0.0000
2004,5,13,6,30,2.8000000000000003,45,0,45,6.2,0.7233,0.5541
2004,5,13,7,0,2.5,24,0,24,6.2,7.0855,5.4778
2004,5,13,7,30,2.5,124,6,127,6.4,6.5793,5.1181
2004,5,13,8,0,2.5,155,7,158,6.5,12.4516,9.7245
2004,5,13,8,30,3.2,134,2,135,6.6000000000000005,19.7923,15.4977
2004,5,13,9,0,3.9000000000000004,175,2,176,6.7,22.5527,17.6904
2004,5,13,9,30,4.7,246,8,252,6.7,30.3624,23.8458
2004,5,13,10,0,5.5,295,12,305,6.800000000000001,24.7801,19.4787
2004,5,13,10,30,6.300000000000001,359,27,381,6.5,18.0839,14.2239
2004,5,13,11,0,7.1000000000000005,403,42,439,6.2,21.3630,16.8104
2004,5,13,11,30,7.800000000000001,439,60,493,5.9,24.8738,19.5786
2004,5,13,12,0,8.4,459,75,528,5.5,27.9300,21.9874
2004,5,13,12,30,9,450,45,491,5.5,32.7763,25.8035
2004,5,13,13,0,9.5,448,54,497,5.4,40.1217,31.5836
2004,5,13,13,30,9.9,428,33,457,5.300000000000001,43.0336,33.8691
2004,5,13,14,0,10.3,408,45,447,5.300000000000001,54.3042,42.7249
2004,5,13,14,30,10.5,372,34,400,5.300000000000001,50.6962,39.8661
2004,5,13,15,0,10.600000000000001,223,5,227,5.2,46.5313,36.5647
2004,5,13,15,30,10.5,270,15,281,5.300000000000001,41.4199,32.5152
2004,5,13,16,0,10.4,158,2,159,5.4,35.8788,28.1253
2004,5,13,16,30,10,92,1,93,5.4,22.3837,17.5104
2004,5,13,17,0,9.600000000000001,111,2,112,5.5,10.8102,8.4308
2004,5,13,17,30,9,110,5,112,5.4,4.8985,3.8024
2004,5,13,18,0,8.4,13,0,13,5.300000000000001,3.8670,2.9796
2004,5,13,18,30,7.6000000000000005,9,0,9,5.2,2.0988,1.6017
2004,5,13,19,0,6.9,26,0,26,5.1000000000000005,0.0000,0.0000
2004,5,13,19,30,6.4,3,0,3,4.800000000000001,0.0000,0.0000
2004,5,13,20,0,5.9,0,0,0,4.5,0.0000,0.0000
2004,5,13,20,30,5.6000000000000005,0,0,0,4.5,0.0000,0.0000
2004,5,13,21,0,5.300000000000001,0,0,0,4.5,0.0000,0.0000
2004,5,13,21,30,5.1000000000000005,0,0,0,4.5,0.0000,0.0000
2004,5,13,22,0,4.800000000000001,0,0,0,4.6000000000000005,0.0000,0.0000
2004,5,13,22,30,4.7,0,0,0,4.1000000000000005,0.0000,0.0000
2004,5,13,23,0,4.5,0,0,0,3.7,0.0000,0.0000
2004,5,13,23,30,4.3,0,0,0,3.4000000000000004,0.0000,0.0000
2004,5,14,0,0,4.1000000000000005,0,0,0,3.1,0.0000,0.0000
2004,5,14,0,30,3.9000000000000004,0,0,0,3.1,0.0000,0.0000
2004,5,14,1,0,3.6,0,0,0,3,0.0000,0.0000
2004,5,14,1,30,3.2,0,0,0,3.1,0.0000,0.0000
2004,5,14,2,0,2.8000000000000003,0,0,0,3.2,0.0000,0.0000
2004,5,14,2,30,2.5,0,0,0,3.3000000000000003,0.0000,0.0000
2004,5,14,3,0,2.2,0,0,0,3.5,0.0000,0.0000
2004,5,14,3,30,1.8,0,0,0,3.4000000000000004,0.0000,0.0000
2004,5,14,4,0,1.5,0,0,0,3.3000000000000003,0.0000,0.0000
2004,5,14,4,30,1.2000000000000002,0,0,0,3.2,0.0000,0.0000
2004,5,14,5,0,1,0,0,0,3.2,0.0000,0.0000
2004,5,14,5,30,1.5,21,181,31,3.6,0.0000,0.0000
2004,5,14,6,0,2.1,42,429,103,4,0.0000,0.0000
2004,5,14,6,30,3.1,57,583,194,4.6000000000000005,2.1725,1.6647
2004,5,14,7,0,4.1000000000000005,68,697,295,5.2,1.2164,0.9406
2004,5,14,7,30,5,77,769,397,5.5,6.7467,5.2490
2004,5,14,8,0,6,86,823,500,5.800000000000001,8.7133,6.8056
2004,5,14,8,30,7,92,863,597,5.800000000000001,7.6616,5.9995
2004,5,14,9,0,8,101,887,686,5.800000000000001,10.2095,8.0087
2004,5,14,9,30,9,105,911,769,5.6000000000000005,14.8639,11.6741
2004,5,14,10,0,9.9,113,924,839,5.5,18.2187,14.3214
2004,5,14,10,30,10.8,116,938,900,5.300000000000001,22.9742,18.0708
2004,5,14,11,0,11.700000000000001,119,947,947,5.1000000000000005,26.6512,20.9720
2004,5,14,11,30,12.4,121,954,981,5,30.0640,23.6642
2004,5,14,12,0,13.100000000000001,120,956,996,4.800000000000001,32.2777,25.4105
2004,5,14,12,30,13.700000000000001,120,957,1001,4.7,30.0323,23.6436
2004,5,14,13,0,14.200000000000001,116,960,992,4.6000000000000005,30.3591,23.8989
2004,5,14,13,30,14.600000000000001,115,955,967,4.5,27.8246,21.8994
2004,5,14,14,0,14.9,112,948,928,4.3,27.0693,21.2977
2004,5,14,14,30,15.100000000000001,110,936,875,4.2,24.0349,18.9008
2004,5,14,15,0,15.3,108,918,809,4,13.4954,10.6051
2004,5,14,15,30,15.3,104,897,733,3.7,16.4705,12.9300
2004,5,14,16,0,15.3,99,868,646,3.5,9.1475,7.1710
2004,5,14,16,30,15,93,833,553,3.2,5.2215,4.0850
2004,5,14,17,0,14.700000000000001,87,784,454,2.9000000000000004,6.0901,4.7501
2004,5,14,17,30,14,78,722,353,2.2,5.8438,4.5369
2004,5,14,18,0,13.200000000000001,68,634,251,1.5,0.6454,0.4974
2004,5,14,18,30,11.600000000000001,54,510,155,1.2000000000000002,0.4295,0.3278
2004,5,14,19,0,10,36,314,69,1,0.0000,0.0000
2004,5,14,19,30,9.3,11,55,13,1,0.0000,0.0000
2004,5,14,20,0,8.5,0,0,0,1.1,0.0000,0.0000
2004,5,14,20,30,8,0,0,0,1.1,0.0000,0.0000
2004,5,14,21,0,7.5,0,0,0,1.2000000000000002,0.0000,0.0000
2004,5,14,21,30,7.1000000000000005,0,0,0,1.2000000000000002,0.0000,0.0000
2004,5,14,22,0,6.7,0,0,0,1.2000000000000002,0.0000,0.0000
2004,5,14,22,30,6.300000000000001,0,0,0,1.2000000000000002,0.0000,0.0000
2004,5,14,23,0,5.9,0,0,0,1.3,0.0000,0.0000
2004,5,14,23,30,5.5,0,0,0,1.3,0.0000,0.0000
2004,5,15,0,0,5.2,0,0,0,1.4000000000000001,0.0000,0.0000
2004,5,15,0,30,4.9,0,0,0,1.4000000000000001,0.0000,0.0000
2004,5,15,1,0,4.5,0,0,0,1.4000000000000001,0.0000,0.0000
2004,5,15,1,30,4.2,0,0,0,1.4000000000000001,0.0000,0.0000
2004,5,15,2,0,3.9000000000000004,0,0,0,1.4000000000000001,0.0000,0.0000
2004,5,15,2,30,3.7,0,0,0,1.4000000000000001,0.0000,0.0000
2004,5,15,3,0,3.4000000000000004,0,0,0,1.3,0.0000,0.0000
2004,5,15,3,30,3.3000000000000003,0,0,0,1.3,0.0000,0.0000
2004,5,15,4,0,3.2,0,0,0,1.3,0.0000,0.0000
2004,5,15,4,30,3.2,0,0,0,1.2000000000000002,0.0000,0.0000
2004,5,15,5,0,3.3000000000000003,0,0,0,1.2000000000000002,0.0000,0.0000
2004,5,15,5,30,4.6000000000000005,23,116,30,1.6,0.0000,0.0000
2004,5,15,6,0,5.9,54,291,96,2,0.0000,0.0000
2004,5,15,6,30,6.6000000000000005,78,441,182,1.9000000000000001,9.3762,7.1868
2004,5,15,7,0,7.300000000000001,182,162,236,1.8,14.9727,11.5804
2004,5,15,7,30,8.200000000000001,121,0,121,2,21.1123,16.4277
2004,5,15,8,0,9.1,248,54,275,2.3000000000000003,27.5962,21.5558
2004,5,15,8,30,10.200000000000001,280,240,421,2.9000000000000004,33.9040,26.5505
2004,5,15,9,0,11.3,344,75,394,3.6,39.8146,31.2332
2004,5,15,9,30,12.5,344,56,385,4.1000000000000005,45.3782,35.6410
2004,5,15,10,0,13.700000000000001,318,18,332,4.6000000000000005,50.1347,39.4110
2004,5,15,10,30,14.600000000000001,395,53,440,4.7,54.2867,42.7012
2004,5,15,11,0,15.5,414,44,453,4.9,57.5077,45.2541
2004,5,15,11,30,16.3,272,1,273,5,59.8389,47.1017
2004,5,15,12,0,17.1,215,0,215,5.2,60.9027,47.9461
2004,5,15,12,30,17.900000000000002,122,0,122,5.300000000000001,61.2422,48.2150
2004,5,15,13,0,18.6,481,126,597,5.4,60.6116,47.7148
2004,5,15,13,30,19.1,518,192,690,5.5,58.8921,46.3518
2004,5,15,14,0,19.6,493,157,629,5.5,56.2149,44.2299
2004,5,15,14,30,19.900000000000002,407,34,435,5.5,52.5944,41.3607
2004,5,15,15,0,20.1,439,212,601,5.5,48.1142,37.8106
2004,5,15,15,30,20.1,391,256,570,5.4,42.9846,33.7459
2004,5,15,16,0,20,275,7,280,5.2,37.1868,29.1533
2004,5,15,16,30,19.700000000000003,190,1,190,5,31.0697,24.3085
2004,5,15,17,0,19.5,102,706,434,4.7,24.7107,19.2756
2004,5,15,17,30,18.6,161,8,164,4,18.4415,14.3192
2004,5,15,18,0,17.7,154,24,161,3.3000000000000003,12.4797,9.6206
2004,5,15,18,30,16,94,5,95,3,7.3998,5.6498
2004,5,15,19,0,14.4,56,47,61,2.7,0.0000,0.0000
2004,5,15,19,30,13.8,11,41,12,3,0.0000,0.0000
2004,5,15,20,0,13.200000000000001,0,0,0,3.3000000000000003,0.0000,0.0000
2004,5,15,20,30,13,0,0,0,3.6,0.0000,0.0000
2004,5,15,21,0,12.700000000000001,0,0,0,3.9000000000000004,0.0000,0.0000
2004,5,15,21,30,12.3,0,0,0,3.9000000000000004,0.0000,0.0000
2004,5,15,22,0,11.9,0,0,0,3.9000000000000004,0.0000,0.0000
2004,5,15,22,30,11.600000000000001,0,0,0,3.9000000000000004,0.0000,0.0000
2004,5,15,23,0,11.3,0,0,0,4,0.0000,0.0000
2004,5,15,23,30,11.100000000000001,0,0,0,4,0.0000,0.0000
2004,5,16,0,0,10.9,0,0,0,4.1000000000000005,0.0000,0.0000
2004,5,16,0,30,10.700000000000001,0,0,0,3.8000000000000003,0.0000,0.0000
2004,5,16,1,0,10.4,0,0,0,3.6,0.0000,0.0000
2004,5,16,1,30,10.200000000000001,0,0,0,3.4000000000000004,0.0000,0.0000
2004,5,16,2,0,10,0,0,0,3.2,0.0000,0.0000
2004,5,16,2,30,9.8,0,0,0,3.1,0.0000,0.0000
2004,5,16,3,0,9.600000000000001,0,0,0,3,0.0000,0.0000
2004,5,16,3,30,9.4,0,0,0,3,0.0000,0.0000
2004,5,16,4,0,9.3,0,0,0,3,0.0000,0.0000
2004,5,16,4,30,9.3,0,0,0,3.1,0.0000,0.0000
2004,5,16,5,0,9.3,0,0,0,3.2,0.0000,0.0000
2004,5,16,5,30,10.200000000000001,19,0,20,3.6,0.0000,0.0000
2004,5,16,6,0,11,27,0,27,4,0.0000,0.0000
2004,5,16,6,30,12,77,4,78,4.2,8.8063,6.7518
2004,5,16,7,0,13,16,0,16,4.4,11.9935,9.2779
2004,5,16,7,30,13.700000000000001,54,0,54,4.3,6.4420,5.0132
2004,5,16,8,0,14.4,129,3,130,4.1000000000000005,15.1911,11.8670
2004,5,16,8,30,15,239,30,257,4.2,23.9237,18.7358
2004,5,16,9,0,15.5,304,29,323,4.4,22.8783,17.9479
2004,5,16,9,30,16.900000000000002,337,270,535,5.1000000000000005,22.7278,17.8514
2004,5,16,10,0,18.2,388,88,457,5.800000000000001,19.8460,15.6014
2004,5,16,10,30,19.8,398,258,615,6.5,26.5480,20.8827
2004,5,16,11,0,21.3,449,347,754,7.2,27.5163,21.6536
2004,5,16,11,30,22.400000000000002,266,554,767,7.6000000000000005,16.6566,13.1113
2004,5,16,12,0,23.400000000000002,280,627,858,8,13.1499,10.3525
2004,5,16,12,30,23.8,399,379,749,8.200000000000001,7.4659,5.8778
2004,5,16,13,0,24.200000000000003,262,614,823,8.4,36.4858,28.7229
2004,5,16,13,30,24.200000000000003,367,430,752,8.5,42.0330,33.0832
2004,5,16,14,0,24.200000000000003,412,237,616,8.6,38.1131,29.9879
2004,5,16,14,30,24.200000000000003,393,194,552,8.6,26.1553,20.5692
2004,5,16,15,0,24.200000000000003,335,321,581,8.700000000000001,35.7580,28.1012
2004,5,16,15,30,24,333,101,405,8.6,33.4409,26.2543
2004,5,16,16,0,23.8,272,34,294,8.5,16.1274,12.6439
2004,5,16,16,30,23.400000000000002,285,166,377,8.1,10.6829,8.3587
2004,5,16,17,0,22.900000000000002,233,301,375,7.800000000000001,23.6450,18.4460
2004,5,16,17,30,22.3,193,287,304,7.6000000000000005,8.5776,6.6612
2004,5,16,18,0,21.8,120,12,123,7.4,8.0153,6.1804
2004,5,16,18,30,21.200000000000003,73,3,73,7.4,4.5377,3.4654
2004,5,16,19,0,20.6,36,1,36,7.4,0.0000,0.0000
2004,5,16,19,30,20.200000000000003,5,0,5,7.4,0.0000,0.0000
2004,5,16,20,0,19.700000000000003,0,0,0,7.4,0.0000,0.0000
2004,5,16,20,30,19.200000000000003,0,0,0,7.5,0.0000,0.0000
2004,5,16,21,0,18.8,0,0,0,7.5,0.0000,0.0000
2004,5,16,21,30,18.400000000000002,0,0,0,7.300000000000001,0.0000,0.0000
2004,5,16,22,0,18,0,0,0,7.1000000000000005,0.0000,0.0000
2004,5,16,22,30,17.6,0,0,0,6.800000000000001,0.0000,0.0000
2004,5,16,23,0,17.3,0,0,0,6.4,0.0000,0.0000
2004,5,16,23,30,16.8,0,0,0,5.7,0.0000,0.0000
2004,5,17,0,0,16.400000000000002,0,0,0,5,0.0000,0.0000
2004,5,17,0,30,16.1,0,0,0,4.4,0.0000,0.0000
2004,5,17,1,0,15.8,0,0,0,3.9000000000000004,0.0000,0.0000
2004,5,17,1,30,15.5,0,0,0,3.4000000000000004,0.0000,0.0000
2004,5,17,2,0,15.200000000000001,0,0,0,2.9000000000000004,0.0000,0.0000
2004,5,17,2,30,15,0,0,0,2.4000000000000004,0.0000,0.0000
2004,5,17,3,0,14.8,0,0,0,2,0.0000,0.0000
2004,5,17,3,30,14.600000000000001,0,0,0,1.7000000000000002,0.0000,0.0000
2004,5,17,4,0,14.4,0,0,0,1.4000000000000001,0.0000,0.0000
2004,5,17,4,30,14.5,0,0,0,1.4000000000000001,0.0000,0.0000
2004,5,17,5,0,14.5,0,0,0,1.4000000000000001,0.0000,0.0000
2004,5,17,5,30,14.9,10,0,10,1.6,0.0000,0.0000
2004,5,17,6,0,15.3,52,0,52,1.9000000000000001,0.0000,0.0000
2004,5,17,6,30,15.5,136,49,148,2.1,3.7782,2.8975
2004,5,17,7,0,15.700000000000001,192,81,219,2.2,0.8142,0.6299
2004,5,17,7,30,16,160,3,162,2.3000000000000003,2.8777,2.2397
2004,5,17,8,0,16.3,223,34,240,2.4000000000000004,7.1866,5.6144
2004,5,17,8,30,16.7,190,8,195,2.5,14.6133,11.4450
2004,5,17,9,0,17.1,76,0,76,2.6,18.7652,14.7218
2004,5,17,9,30,17.400000000000002,274,22,289,2.8000000000000003,31.5956,24.8173
2004,5,17,10,0,17.7,330,3,332,3,27.3269,21.4827
2004,5,17,10,30,18,214,0,214,3.1,37.1176,29.1973
2004,5,17,11,0,18.3,333,12,343,3.3000000000000003,45.8120,36.0517
2004,5,17,11,30,18.6,242,0,242,3.4000000000000004,46.8087,36.8462
2004,5,17,12,0,18.8,337,1,338,3.5,52.4894,41.3239
2004,5,17,12,30,18.900000000000002,446,20,465,3.5,45.8463,36.0951
2004,5,17,13,0,19,502,108,601,3.6,50.3100,39.6063
2004,5,17,13,30,18.900000000000002,448,38,482,3.8000000000000003,45.8220,36.0660
2004,5,17,14,0,18.8,277,0,277,4,37.3361,29.3771
2004,5,17,14,30,18.400000000000002,90,0,90,4.1000000000000005,33.2008,26.1104
2004,5,17,15,0,18.1,68,0,68,4.3,34.5802,27.1763
2004,5,17,15,30,17.5,156,1,157,4.3,23.7719,18.6638
2004,5,17,16,0,16.900000000000002,148,1,149,4.3,16.9434,13.2843
2004,5,17,16,30,16.400000000000002,145,2,146,4.2,21.2117,16.5978
2004,5,17,17,0,15.9,98,1,99,4,20.4489,15.9541
2004,5,17,17,30,15.5,139,9,143,3.7,15.9195,12.3647
2004,5,17,18,0,15.100000000000001,172,65,191,3.4000000000000004,6.1321,4.7294
2004,5,17,18,30,14.700000000000001,112,22,117,3.1,3.4889,2.6651
2004,5,17,19,0,14.200000000000001,46,113,59,2.7,0.0000,0.0000
2004,5,17,19,30,13.8,7,0,7,2.5,0.0000,0.0000
2004,5,17,20,0,13.4,0,0,0,2.4000000000000004,0.0000,0.0000
2004,5,17,20,30,13.200000000000001,0,0,0,2.2,0.0000,0.0000
2004,5,17,21,0,13,0,0,0,2.1,0.0000,0.0000
2004,5,17,21,30,12.8,0,0,0,2,0.0000,0.0000
2004,5,17,22,0,12.600000000000001,0,0,0,1.9000000000000001,0.0000,0.0000
2004,5,17,22,30,12.4,0,0,0,1.9000000000000001,0.0000,0.0000
2004,5,17,23,0,12.200000000000001,0,0,0,1.9000000000000001,0.0000,0.0000
2004,5,17,23,30,11.8,0,0,0,1.8,0.0000,0.0000
2004,5,18,0,0,11.5,0,0,0,1.8,0.0000,0.0000
2004,5,18,0,30,11.200000000000001,0,0,0,1.9000000000000001,0.0000,0.0000
2004,5,18,1,0,10.9,0,0,0,1.9000000000000001,0.0000,0.0000
2004,5,18,1,30,10.8,0,0,0,2.1,0.0000,0.0000
2004,5,18,2,0,10.600000000000001,0,0,0,2.2,0.0000,0.0000
2004,5,18,2,30,10.5,0,0,0,2.4000000000000004,0.0000,0.0000
2004,5,18,3,0,10.5,0,0,0,2.6,0.0000,0.0000
2004,5,18,3,30,10.3,0,0,0,2.7,0.0000,0.0000
2004,5,18,4,0,10.200000000000001,0,0,0,2.8000000000000003,0.0000,0.0000
2004,5,18,4,30,10.200000000000001,0,0,0,3,0.0000,0.0000
2004,5,18,5,0,10.200000000000001,0,0,0,3.3000000000000003,0.0000,0.0000
2004,5,18,5,30,10.700000000000001,21,0,21,3.5,0.0000,0.0000
2004,5,18,6,0,11.200000000000001,51,2,51,3.8000000000000003,0.0000,0.0000
2004,5,18,6,30,12.100000000000001,123,36,132,4,7.1768,5.5054
2004,5,18,7,0,13,153,24,161,4.2,11.1580,8.6348
2004,5,18,7,30,13.9,209,264,321,4.3,8.6415,6.7263
2004,5,18,8,0,14.8,222,447,450,4.4,13.2775,10.3736
2004,5,18,8,30,15.4,301,162,397,4.3,11.0943,8.6893
2004,5,18,9,0,16,341,281,529,4.2,4.4173,3.4656
2004,5,18,9,30,16.6,367,377,644,4.1000000000000005,17.0739,13.4113
2004,5,18,10,0,17.2,363,310,609,4,19.8587,15.6120
2004,5,18,10,30,17.7,404,97,486,4.1000000000000005,12.9195,10.1628
2004,5,18,11,0,18.2,409,277,652,4.1000000000000005,20.8454,16.4046
2004,5,18,11,30,18.8,514,173,671,4.1000000000000005,14.7723,11.6284
2004,5,18,12,0,19.3,492,129,611,4.1000000000000005,20.6824,16.2831
2004,5,18,12,30,19.900000000000002,488,93,574,4,28.4690,22.4142
2004,5,18,13,0,20.5,523,208,714,3.8000000000000003,36.7479,28.9300
2004,5,18,13,30,21.1,508,223,708,3.6,29.3773,23.1229
2004,5,18,14,0,21.6,480,254,700,3.4000000000000004,16.7937,13.2140
2004,5,18,14,30,21.900000000000002,459,237,654,3.3000000000000003,5.4149,4.2586
2004,5,18,15,0,22.1,375,380,667,3.2,4.0488,3.1820
2004,5,18,15,30,22.1,395,122,482,3.1,9.2193,7.2385
2004,5,18,16,0,22.200000000000003,350,196,475,3.1,8.5915,6.7363
2004,5,18,16,30,21.900000000000002,240,267,390,3.1,8.2206,6.4329
2004,5,18,17,0,21.700000000000003,251,201,347,3,5.4033,4.2160
2004,5,18,17,30,20.900000000000002,92,618,332,2.6,7.4970,5.8237
2004,5,18,18,0,20.200000000000003,145,265,224,2.2,9.5355,7.3560
2004,5,18,18,30,18.5,104,153,136,1.8,5.5953,4.2753
2004,5,18,19,0,16.900000000000002,59,49,64,1.4000000000000001,0.0000,0.0000
2004,5,18,19,30,16.2,14,65,16,1.5,0.0000,0.0000
2004,5,18,20,0,15.5,0,0,0,1.7000000000000002,0.0000,0.0000
2004,5,18,20,30,15.3,0,0,0,1.9000000000000001,0.0000,0.0000
2004,5,18,21,0,15.100000000000001,0,0,0,2.2,0.0000,0.0000
2004,5,18,21,30,15,0,0,0,2.8000000000000003,0.0000,0.0000
2004,5,18,22,0,15,0,0,0,3.3000000000000003,0.0000,0.0000
2004,5,18,22,30,14.8,0,0,0,3.7,0.0000,0.0000
2004,5,18,23,0,14.600000000000001,0,0,0,4,0.0000,0.0000
2004,5,18,23,30,14.3,0,0,0,4.1000000000000005,0.0000,0.0000
2004,5,19,0,0,14.100000000000001,0,0,0,4.3,0.0000,0.0000
2004,5,19,0,30,13.9,0,0,0,4.2,0.0000,0.0000
2004,5,19,1,0,13.600000000000001,0,0,0,4.2,0.0000,0.0000
2004,5,19,1,30,13.5,0,0,0,4.1000000000000005,0.0000,0.0000
2004,5,19,2,0,13.3,0,0,0,4,0.0000,0.0000
2004,5,19,2,30,13.200000000000001,0,0,0,3.9000000000000004,0.0000,0.0000
2004,5,19,3,0,13.100000000000001,0,0,0,3.8000000000000003,0.0000,0.0000
2004,5,19,3,30,13.100000000000001,0,0,0,3.7,0.0000,0.0000
2004,5,19,4,0,13,0,0,0,3.7,0.0000,0.0000
2004,5,19,4,30,13.100000000000001,0,0,0,3.7,0.0000,0.0000
2004,5,19,5,0,13.100000000000001,0,0,0,3.8000000000000003,0.0000,0.0000
2004,5,19,5,30,13.600000000000001,10,0,10,3.9000000000000004,0.0000,0.0000
2004,5,19,6,0,14.100000000000001,57,247,95,4.1000000000000005,0.0000,0.0000
2004,5,19,6,30,15.100000000000001,53,0,53,4.2,6.4076,4.9165
2004,5,19,7,0,16.1,36,0,36,4.3,8.2126,6.3565
2004,5,19,7,30,17.400000000000002,84,0,84,4.5,17.1394,13.3423
2004,5,19,8,0,18.8,96,0,96,4.7,24.9136,19.4662
2004,5,19,8,30,20.400000000000002,92,0,92,4.9,22.5986,17.7006
2004,5,19,9,0,22,175,0,175,5.1000000000000005,30.7603,24.1338
2004,5,19,9,30,23.3,102,0,102,5.1000000000000005,38.0612,29.8973
2004,5,19,10,0,24.6,122,0,122,5.2,36.4390,28.6473
2004,5,19,10,30,25.6,77,0,77,5.2,29.3484,23.0867
2004,5,19,11,0,26.6,109,0,109,5.2,39.6338,31.1908
2004,5,19,11,30,27.200000000000003,144,0,144,5.300000000000001,40.9691,32.2504
2004,5,19,12,0,27.700000000000003,150,0,150,5.4,37.3955,29.4416
2004,5,19,12,30,28.1,227,0,227,5.5,35.1501,27.6747
2004,5,19,13,0,28.5,222,0,222,5.6000000000000005,43.6671,34.3777
2004,5,19,13,30,28.6,268,4,272,5.6000000000000005,43.1618,33.9732
2004,5,19,14,0,28.700000000000003,275,6,280,5.5,42.4503,33.4022
2004,5,19,14,30,28.700000000000003,186,2,187,5.300000000000001,39.3604,30.9559
2004,5,19,15,0,28.700000000000003,283,19,298,5.1000000000000005,39.7283,31.2236
2004,5,19,15,30,28.400000000000002,314,101,385,4.800000000000001,28.3156,22.2325
2004,5,19,16,0,28.1,169,4,172,4.5,27.4044,21.4879
2004,5,19,16,30,27.8,151,5,153,4.1000000000000005,21.9741,17.1965
2004,5,19,17,0,27.400000000000002,210,47,233,3.8000000000000003,18.9557,14.7918
2004,5,19,17,30,26.6,138,20,145,3,17.4255,13.5381
2004,5,19,18,0,25.900000000000002,149,96,178,2.2,11.1976,8.6401
2004,5,19,18,30,24.6,104,32,110,1.8,6.5085,4.9744
2004,5,19,19,0,23.3,47,4,47,1.4000000000000001,0.0000,0.0000
2004,5,19,19,30,22.5,12,0,12,1.4000000000000001,0.0000,0.0000
2004,5,19,20,0,21.6,0,0,0,1.4000000000000001,0.0000,0.0000
2004,5,19,20,30,21.200000000000003,0,0,0,1.5,0.0000,0.0000
2004,5,19,21,0,20.8,0,0,0,1.5,0.0000,0.0000
2004,5,19,21,30,20.5,0,0,0,1.6,0.0000,0.0000
2004,5,19,22,0,20.1,0,0,0,1.7000000000000002,0.0000,0.0000
2004,5,19,22,30,19.8,0,0,0,1.7000000000000002,0.0000,0.0000
2004,5,19,23,0,19.5,0,0,0,1.7000000000000002,0.0000,0.0000
2004,5,19,23,30,19.1,0,0,0,1.6,0.0000,0.0000
2004,5,20,0,0,18.7,0,0,0,1.5,0.0000,0.0000
2004,5,20,0,30,18.3,0,0,0,1.4000000000000001,0.0000,0.0000
2004,5,20,1,0,17.900000000000002,0,0,0,1.3,0.0000,0.0000
2004,5,20,1,30,17.6,0,0,0,1.4000000000000001,0.0000,0.0000
2004,5,20,2,0,17.3,0,0,0,1.4000000000000001,0.0000,0.0000
2004,5,20,2,30,17.2,0,0,0,1.7000000000000002,0.0000,0.0000
2004,5,20,3,0,17.1,0,0,0,2,0.0000,0.0000
2004,5,20,3,30,17.1,0,0,0,2.7,0.0000,0.0000
2004,5,20,4,0,17.1,0,0,0,3.4000000000000004,0.0000,0.0000
2004,5,20,4,30,16.900000000000002,0,0,0,4.1000000000000005,0.0000,0.0000
2004,5,20,5,0,16.8,0,0,0,4.800000000000001,0.0000,0.0000
2004,5,20,5,30,16.8,21,0,21,5,0.0000,0.0000
2004,5,20,6,0,16.8,67,10,69,5.300000000000001,0.0000,0.0000
2004,5,20,6,30,17.3,100,15,104,5.4,2.5755,1.9766
2004,5,20,7,0,17.8,164,123,205,5.4,1.8383,1.4231
2004,5,20,7,30,18.6,235,53,257,5.7,4.4890,3.4949
2004,5,20,8,0,19.400000000000002,195,422,412,5.9,5.3185,4.1559
2004,5,20,8,30,20.3,215,447,481,6,5.2397,4.1042
2004,5,20,9,0,21.1,238,527,591,6.1000000000000005,10.1800,7.9872
2004,5,20,9,30,21.900000000000002,237,544,638,6.1000000000000005,6.0302,4.7369
2004,5,20,10,0,22.6,284,461,650,6,7.3019,5.7407
2004,5,20,10,30,23.200000000000003,280,7,285,5.5,4.6510,3.6588
2004,5,20,11,0,23.900000000000002,342,421,714,5.1000000000000005,6.6274,5.2157
2004,5,20,11,30,24.400000000000002,373,387,725,4.5,8.7940,6.9226
2004,5,20,12,0,24.900000000000002,331,521,813,4,9.1825,7.2295
2004,5,20,12,30,25.200000000000003,434,310,723,3.9000000000000004,13.9039,10.9471
2004,5,20,13,0,25.5,380,398,747,3.7,13.5800,10.6913
2004,5,20,13,30,25.5,428,167,579,3.8000000000000003,16.5858,13.0551
2004,5,20,14,0,25.6,330,472,740,3.9000000000000004,16.9846,13.3647
2004,5,20,14,30,25.5,372,300,620,4.1000000000000005,11.2577,8.8541
2004,5,20,15,0,25.400000000000002,310,20,325,4.3,17.7558,13.9551
2004,5,20,15,30,25.400000000000002,330,79,387,4.1000000000000005,22.6271,17.7667
2004,5,20,16,0,25.400000000000002,298,66,341,3.9000000000000004,9.9284,7.7853
2004,5,20,16,30,25.1,277,142,357,3.5,8.6264,6.7513
2004,5,20,17,0,24.8,200,366,376,3.2,12.7393,9.9418
2004,5,20,17,30,23.900000000000002,203,216,289,2.4000000000000004,7.6191,5.9202
2004,5,20,18,0,23.1,163,26,171,1.5,8.9097,6.8762
2004,5,20,18,30,22,103,6,104,2.1,5.2679,4.0272
2004,5,20,19,0,20.900000000000002,52,78,62,2.7,0.0000,0.0000
2004,5,20,19,30,20.5,11,0,11,3.2,0.0000,0.0000
2004,5,20,20,0,20.1,0,0,0,3.7,0.0000,0.0000
2004,5,20,20,30,19.6,0,0,0,3.2,0.0000,0.0000
2004,5,20,21,0,19.1,0,0,0,2.7,0.0000,0.0000
2004,5,20,21,30,18.7,0,0,0,2.4000000000000004,0.0000,0.0000
2004,5,20,22,0,18.3,0,0,0,2.1,0.0000,0.0000
2004,5,20,22,30,18.1,0,0,0,2.2,0.0000,0.0000
2004,5,20,23,0,18,0,0,0,2.2,0.0000,0.0000
2004,5,20,23,30,17.900000000000002,0,0,0,2.1,0.0000,0.0000
2004,5,21,0,0,17.7,0,0,0,1.9000000000000001,0.0000,0.0000
2004,5,21,0,30,17.7,0,0,0,1.7000000000000002,0.0000,0.0000
2004,5,21,1,0,17.7,0,0,0,1.5,0.0000,0.0000
2004,5,21,1,30,17.8,0,0,0,1.5,0.0000,0.0000
2004,5,21,2,0,17.900000000000002,0,0,0,1.5,0.0000,0.0000
2004,5,21,2,30,18,0,0,0,1.6,0.0000,0.0000
2004,5,21,3,0,18.2,0,0,0,1.7000000000000002,0.0000,0.0000
2004,5,21,3,30,18.3,0,0,0,1.9000000000000001,0.0000,0.0000
2004,5,21,4,0,18.3,0,0,0,2,0.0000,0.0000
2004,5,21,4,30,18.400000000000002,0,0,0,2.1,0.0000,0.0000
2004,5,21,5,0,18.5,0,0,0,2.2,0.0000,0.0000
2004,5,21,5,30,19.1,19,0,19,2.3000000000000003,0.0000,0.0000
2004,5,21,6,0,19.700000000000003,30,0,30,2.4000000000000004,0.0000,0.0000
2004,5,21,6,30,20.400000000000002,114,21,119,2.6,5.0588,3.8833
2004,5,21,7,0,21,170,180,231,2.8000000000000003,10.4797,8.1137
2004,5,21,7,30,22.1,151,479,357,3.2,13.7463,10.7030
2004,5,21,8,0,23.200000000000003,263,231,382,3.6,22.8394,17.8476
2004,5,21,8,30,24.3,188,565,525,3.8000000000000003,27.4087,21.4699
2004,5,21,9,0,25.400000000000002,209,518,558,4.1000000000000005,34.3931,26.9857
2004,5,21,9,30,26.3,291,547,695,4,37.7314,29.6396
2004,5,21,10,0,27.3,169,741,761,4,38.9141,30.5943
2004,5,21,10,30,27.700000000000003,464,153,594,4.1000000000000005,17.2188,13.5455
2004,5,21,11,0,28.1,192,748,854,4.2,43.4222,34.1730
2004,5,21,11,30,28.5,478,304,755,4.5,44.2844,34.8610
2004,5,21,12,0,28.900000000000002,310,1,311,4.9,49.7794,39.1924
2004,5,21,12,30,29.1,326,1,327,5.2,44.2928,34.8738
2004,5,21,13,0,29.3,475,133,597,5.6000000000000005,45.7051,35.9830
2004,5,21,13,30,29.3,475,140,601,5.800000000000001,35.3139,27.7969
2004,5,21,14,0,29.200000000000003,251,0,251,6,44.8992,35.3303
2004,5,21,14,30,29.1,396,51,438,6,37.3359,29.3648
2004,5,21,15,0,29,365,42,397,5.9,19.3711,15.2251
2004,5,21,15,30,29.1,379,233,545,5.800000000000001,22.7538,17.8667
2004,5,21,16,0,29.200000000000003,315,55,350,5.7,19.6939,15.4433
2004,5,21,16,30,28.900000000000002,249,19,260,5.300000000000001,20.1409,15.7636
2004,5,21,17,0,28.700000000000003,106,664,426,4.9,20.5759,16.0589
2004,5,21,17,30,27.900000000000002,167,317,293,4.6000000000000005,15.2027,11.8144
2004,5,21,18,0,27.1,83,511,239,4.3,8.5705,6.6158
2004,5,21,18,30,26,66,396,151,4.3,4.9845,3.8115
2004,5,21,19,0,24.900000000000002,7,0,7,4.4,0.0000,0.0000
2004,5,21,19,30,24.200000000000003,15,0,15,4.3,0.0000,0.0000
2004,5,21,20,0,23.5,0,0,0,4.2,0.0000,0.0000
2004,5,21,20,30,22.900000000000002,0,0,0,3.7,0.0000,0.0000
2004,5,21,21,0,22.3,0,0,0,3.2,0.0000,0.0000
2004,5,21,21,30,21.8,0,0,0,2.9000000000000004,0.0000,0.0000
2004,5,21,22,0,21.3,0,0,0,2.7,0.0000,0.0000
2004,5,21,22,30,20.900000000000002,0,0,0,2.5,0.0000,0.0000
2004,5,21,23,0,20.6,0,0,0,2.3000000000000003,0.0000,0.0000
2004,5,21,23,30,20.3,0,0,0,2.2,0.0000,0.0000
2004,5,22,0,0,20,0,0,0,2,0.0000,0.0000
2004,5,22,0,30,19.8,0,0,0,1.8,0.0000,0.0000
2004,5,22,1,0,19.6,0,0,0,1.7000000000000002,0.0000,0.0000
2004,5,22,1,30,19.5,0,0,0,1.6,0.0000,0.0000
2004,5,22,2,0,19.400000000000002,0,0,0,1.5,0.0000,0.0000
2004,5,22,2,30,19.3,0,0,0,1.4000000000000001,0.0000,0.0000
2004,5,22,3,0,19.3,0,0,0,1.3,0.0000,0.0000
2004,5,22,3,30,19,0,0,0,1.4000000000000001,0.0000,0.0000
2004,5,22,4,0,18.8,0,0,0,1.5,0.0000,0.0000
2004,5,22,4,30,18.7,0,0,0,1.9000000000000001,0.0000,0.0000
2004,5,22,5,0,18.5,0,0,0,2.2,0.0000,0.0000
2004,5,22,5,30,18.7,18,0,18,2.5,0.0000,0.0000
2004,5,22,6,0,18.900000000000002,18,0,18,2.7,0.0000,0.0000
2004,5,22,6,30,19.5,39,0,39,2.8000000000000003,5.7937,4.4484
2004,5,22,7,0,20,97,511,272,2.9000000000000004,11.8205,9.1531
2004,5,22,7,30,20.8,111,589,366,2.9000000000000004,19.1103,14.8808
2004,5,22,8,0,21.6,117,667,462,3,21.1894,16.5592
2004,5,22,8,30,22.5,282,378,508,3,29.9300,23.4459
2004,5,22,9,0,23.400000000000002,131,754,638,3.1,32.4857,25.4899
2004,5,22,9,30,24,137,781,715,3.1,41.1152,32.2985
2004,5,22,10,0,24.700000000000003,192,715,763,3.1,45.5716,35.8291
2004,5,22,10,30,25,384,283,624,3,35.8959,28.2386
2004,5,22,11,0,25.400000000000002,231,680,834,2.9000000000000004,51.9475,40.8830
2004,5,22,11,30,25.5,260,615,822,2.8000000000000003,46.1262,36.3113
2004,5,22,12,0,25.6,145,852,936,2.7,19.0459,14.9954
2004,5,22,12,30,25.6,145,853,940,2.8000000000000003,20.0367,15.7760
2004,5,22,13,0,25.6,146,846,928,2.8000000000000003,36.5345,28.7635
2004,5,22,13,30,25.400000000000002,288,561,795,2.9000000000000004,36.6637,28.8597
2004,5,22,14,0,25.200000000000003,256,606,784,2.9000000000000004,15.2331,11.9868
2004,5,22,14,30,24.900000000000002,387,404,722,3,26.3832,20.7508
2004,5,22,15,0,24.700000000000003,356,118,447,3.2,23.6701,18.6043
2004,5,22,15,30,24.5,324,164,441,3.5,32.0563,25.1719
2004,5,22,16,0,24.3,285,396,541,3.8000000000000003,20.2233,15.8591
2004,5,22,16,30,23.900000000000002,275,216,398,3.9000000000000004,14.6782,11.4888
2004,5,22,17,0,23.5,68,0,68,4,23.3308,18.2105
2004,5,22,17,30,22.8,78,1,78,4.3,15.4291,11.9918
2004,5,22,18,0,22.200000000000003,108,9,111,4.5,11.9943,9.2607
2004,5,22,18,30,21.5,68,3,68,4.800000000000001,7.2427,5.5398
2004,5,22,19,0,20.700000000000003,5,0,5,5.1000000000000005,0.0000,0.0000
2004,5,22,19,30,20.200000000000003,7,0,7,5.2,0.0000,0.0000
2004,5,22,20,0,19.6,0,0,0,5.2,0.0000,0.0000
2004,5,22,20,30,19.200000000000003,0,0,0,5.300000000000001,0.0000,0.0000
2004,5,22,21,0,18.8,0,0,0,5.4,0.0000,0.0000
2004,5,22,21,30,18.6,0,0,0,5.4,0.0000,0.0000
2004,5,22,22,0,18.400000000000002,0,0,0,5.300000000000001,0.0000,0.0000
2004,5,22,22,30,18.5,0,0,0,5.5,0.0000,0.0000
2004,5,22,23,0,18.7,0,0,0,5.7,0.0000,0.0000
2004,5,22,23,30,18.8,0,0,0,5.800000000000001,0.0000,0.0000
2004,5,23,0,0,19,0,0,0,5.9,0.0000,0.0000
2004,5,23,0,30,19,0,0,0,5.800000000000001,0.0000,0.0000
2004,5,23,1,0,19.1,0,0,0,5.6000000000000005,0.0000,0.0000
2004,5,23,1,30,18.8,0,0,0,4.7,0.0000,0.0000
2004,5,23,2,0,18.5,0,0,0,3.8000000000000003,0.0000,0.0000
2004,5,23,2,30,17.900000000000002,0,0,0,4,0.0000,0.0000
2004,5,23,3,0,17.3,0,0,0,4.2,0.0000,0.0000
2004,5,23,3,30,16.1,0,0,0,5.1000000000000005,0.0000,0.0000
2004,5,23,4,0,14.8,0,0,0,6,0.0000,0.0000
2004,5,23,4,30,13.700000000000001,0,0,0,6.6000000000000005,0.0000,0.0000
2004,5,23,5,0,12.5,0,0,0,7.2,0.0000,0.0000
2004,5,23,5,30,12.100000000000001,26,213,42,7.2,0.0000,0.0000
2004,5,23,6,0,11.8,63,1,63,7.2,0.0000,0.0000
2004,5,23,6,30,12.200000000000001,16,0,16,7,1.9005,1.4595
2004,5,23,7,0,12.600000000000001,69,0,69,6.800000000000001,13.9322,10.7898
2004,5,23,7,30,13.600000000000001,187,12,192,6.5,19.6062,15.2682
2004,5,23,8,0,14.5,168,1,169,6.300000000000001,25.6426,20.0404
2004,5,23,8,30,15.5,342,116,412,6.2,28.9745,22.6982
2004,5,23,9,0,16.400000000000002,226,11,233,6,37.1554,29.1547
2004,5,23,9,30,17.2,207,0,207,5.9,42.3105,33.2381
2004,5,23,10,0,18,385,182,531,5.800000000000001,45.7027,35.9327
2004,5,23,10,30,18.7,341,2,343,5.6000000000000005,37.7169,29.6716
2004,5,23,11,0,19.400000000000002,492,154,629,5.5,50.7411,39.9340
2004,5,23,11,30,20,400,5,404,5.4,50.2290,39.5416
2004,5,23,12,0,20.5,346,1,347,5.300000000000001,57.3322,45.1399
2004,5,23,12,30,20.900000000000002,341,1,342,5.300000000000001,57.6089,45.3593
2004,5,23,13,0,21.3,274,0,274,5.2,56.8018,44.7204
2004,5,23,13,30,21.400000000000002,228,0,228,5,48.5089,38.1841
2004,5,23,14,0,21.6,455,121,561,4.9,47.5916,37.4501
2004,5,23,14,30,21.6,426,72,486,4.7,43.5017,34.2154
2004,5,23,15,0,21.6,242,0,242,4.6000000000000005,26.6602,20.9549
2004,5,23,15,30,21.400000000000002,361,50,397,4.4,25.9495,20.3772
2004,5,23,16,0,21.200000000000003,312,33,334,4.1000000000000005,31.2755,24.5271
2004,5,23,16,30,20.8,280,39,302,3.9000000000000004,22.4827,17.5985
2004,5,23,17,0,20.3,93,736,452,3.6,3.7272,2.9094
2004,5,23,17,30,19.6,84,676,355,3.1,4.1120,3.1963
2004,5,23,18,0,18.900000000000002,72,600,259,2.6,5.5778,4.3075
2004,5,23,18,30,17.400000000000002,59,490,167,1.9000000000000001,3.2641,2.4972
2004,5,23,19,0,15.9,41,329,84,1.3,0.0000,0.0000
2004,5,23,19,30,14.9,18,103,22,1.4000000000000001,0.0000,0.0000
2004,5,23,20,0,14,0,0,0,1.5,0.0000,0.0000
2004,5,23,20,30,13.600000000000001,0,0,0,1.8,0.0000,0.0000
2004,5,23,21,0,13.200000000000001,0,0,0,2,0.0000,0.0000
2004,5,23,21,30,12.8,0,0,0,2.3000000000000003,0.0000,0.0000
2004,5,23,22,0,12.5,0,0,0,2.5,0.0000,0.0000
2004,5,23,22,30,12.100000000000001,0,0,0,2.6,0.0000,0.0000
2004,5,23,23,0,11.8,0,0,0,2.7,0.0000,0.0000
2004,5,23,23,30,11.4,0,0,0,2.7,0.0000,0.0000
2004,5,24,0,0,11.100000000000001,0,0,0,2.7,0.0000,0.0000
2004,5,24,0,30,10.9,0,0,0,2.9000000000000004,0.0000,0.0000
2004,5,24,1,0,10.700000000000001,0,0,0,3.1,0.0000,0.0000
2004,5,24,1,30,10.600000000000001,0,0,0,3.5,0.0000,0.0000
2004,5,24,2,0,10.5,0,0,0,3.8000000000000003,0.0000,0.0000
2004,5,24,2,30,10.4,0,0,0,3.9000000000000004,0.0000,0.0000
2004,5,24,3,0,10.200000000000001,0,0,0,4,0.0000,0.0000
2004,5,24,3,30,10.200000000000001,0,0,0,4.1000000000000005,0.0000,0.0000
2004,5,24,4,0,10.100000000000001,0,0,0,4.3,0.0000,0.0000
2004,5,24,4,30,10,0,0,0,4.4,0.0000,0.0000
2004,5,24,5,0,10,0,0,0,4.6000000000000005,0.0000,0.0000
2004,5,24,5,30,10.200000000000001,17,0,17,4.7,0.0000,0.0000
2004,5,24,6,0,10.5,27,0,27,4.800000000000001,0.0000,0.0000
2004,5,24,6,30,10.9,17,0,17,5,0.7804,0.5995
2004,5,24,7,0,11.4,120,15,125,5.1000000000000005,3.5374,2.7399
2004,5,24,7,30,12,185,30,198,5.300000000000001,10.2926,8.0159
2004,5,24,8,0,12.600000000000001,235,195,336,5.5,9.3848,7.3348
2004,5,24,8,30,13.4,276,223,411,5.6000000000000005,23.5080,18.4164
2004,5,24,9,0,14.200000000000001,334,41,362,5.800000000000001,13.5742,10.6516
2004,5,24,9,30,15.3,341,16,353,5.9,12.2528,9.6257
2004,5,24,10,0,16.3,292,1,293,6,31.8133,25.0129
2004,5,24,10,30,17.6,314,13,324,5.9,20.7366,16.3135
2004,5,24,11,0,18.900000000000002,256,4,259,5.800000000000001,38.2759,30.1240
2004,5,24,11,30,20.400000000000002,264,5,269,5.7,24.6911,19.4377
2004,5,24,12,0,21.8,87,0,87,5.5,21.2583,16.7377
2004,5,24,12,30,22.8,151,0,151,5.2,20.9636,16.5062
2004,5,24,13,0,23.8,69,0,69,4.9,16.7744,13.2068
2004,5,24,13,30,24.3,118,0,118,4.3,13.9150,10.9534
2004,5,24,14,0,24.900000000000002,60,0,60,3.7,34.0625,26.8043
2004,5,24,14,30,24.6,377,13,388,3,29.2902,23.0380
2004,5,24,15,0,24.200000000000003,373,80,435,2.3000000000000003,14.4380,11.3485
2004,5,24,15,30,23.400000000000002,373,173,497,4.4,23.3691,18.3513
2004,5,24,16,0,22.6,327,91,386,6.6000000000000005,19.3178,15.1502
2004,5,24,16,30,20.900000000000002,310,200,424,8,17.0702,13.3625
2004,5,24,17,0,19.1,238,55,265,9.4,24.7943,19.3558
2004,5,24,17,30,17.6,195,40,211,8.700000000000001,18.7340,14.5641
2004,5,24,18,0,16,109,433,245,8,13.0307,10.0649
2004,5,24,18,30,14.9,85,322,156,7.4,8.0231,6.1397
2004,5,24,19,0,13.9,65,7,66,6.7,0.0000,0.0000
2004,5,24,19,30,13.100000000000001,19,64,21,6.2,0.0000,0.0000
2004,5,24,20,0,12.3,0,0,0,5.6000000000000005,0.0000,0.0000
2004,5,24,20,30,11.8,0,0,0,5.1000000000000005,0.0000,0.0000
2004,5,24,21,0,11.3,0,0,0,4.6000000000000005,0.0000,0.0000
2004,5,24,21,30,10.9,0,0,0,4,0.0000,0.0000
2004,5,24,22,0,10.5,0,0,0,3.4000000000000004,0.0000,0.0000
2004,5,24,22,30,10,0,0,0,2.7,0.0000,0.0000
2004,5,24,23,0,9.5,0,0,0,2.1,0.0000,0.0000
2004,5,24,23,30,9.200000000000001,0,0,0,2,0.0000,0.0000
2004,5,25,0,0,8.9,0,0,0,1.9000000000000001,0.0000,0.0000
2004,5,25,0,30,9,0,0,0,2,0.0000,0.0000
2004,5,25,1,0,9.1,0,0,0,2.2,0.0000,0.0000
2004,5,25,1,30,9.200000000000001,0,0,0,2.1,0.0000,0.0000
2004,5,25,2,0,9.200000000000001,0,0,0,1.9000000000000001,0.0000,0.0000
2004,5,25,2,30,9.200000000000001,0,0,0,1.9000000000000001,0.0000,0.0000
2004,5,25,3,0,9.1,0,0,0,1.8,0.0000,0.0000
2004,5,25,3,30,9,0,0,0,2.1,0.0000,0.0000
2004,5,25,4,0,9,0,0,0,2.3000000000000003,0.0000,0.0000
2004,5,25,4,30,9.1,0,0,0,2.7,0.0000,0.0000
2004,5,25,5,0,9.1,0,0,0,3,0.0000,0.0000
2004,5,25,5,30,9.600000000000001,19,0,19,3.4000000000000004,0.0000,0.0000
2004,5,25,6,0,10,35,0,35,3.8000000000000003,0.0000,0.0000
2004,5,25,6,30,10.700000000000001,31,413,138,4.5,0.8299,0.6376
2004,5,25,7,0,11.4,20,0,20,5.1000000000000005,6.4141,4.9686
2004,5,25,7,30,12.200000000000001,213,89,252,5.7,10.6219,8.2730
2004,5,25,8,0,13,12,0,12,6.300000000000001,18.6687,14.5916
2004,5,25,8,30,13.8,194,10,200,6.4,23.4609,18.3801
2004,5,25,9,0,14.600000000000001,287,350,524,6.5,21.0958,16.5540
2004,5,25,9,30,15.200000000000001,103,883,760,6.4,20.9003,16.4194
2004,5,25,10,0,15.9,238,634,746,6.4,17.5582,13.8051
2004,5,25,10,30,16.400000000000002,107,916,887,6.4,19.5918,15.4131
2004,5,25,11,0,16.8,106,931,934,6.4,15.7636,12.4064
2004,5,25,11,30,17.2,344,606,900,6.2,16.4433,12.9448
2004,5,25,12,0,17.5,519,211,716,6,5.3308,4.1972
2004,5,25,12,30,17.8,496,112,601,5.6000000000000005,9.2574,7.2891
2004,5,25,13,0,18.1,107,942,980,5.300000000000001,4.2250,3.3264
2004,5,25,13,30,18.400000000000002,106,937,956,5,7.2030,5.6701
2004,5,25,14,0,18.6,316,631,869,4.7,3.6439,2.8675
2004,5,25,14,30,18.8,101,920,868,4.4,23.3901,18.3977
2004,5,25,15,0,18.900000000000002,104,894,803,4.2,25.9601,20.4055
2004,5,25,15,30,18.8,101,874,730,3.9000000000000004,29.2662,22.9829
2004,5,25,16,0,18.7,100,839,646,3.7,22.3359,17.5177
2004,5,25,16,30,18.400000000000002,94,806,557,3.4000000000000004,23.9806,18.7729
2004,5,25,17,0,18,91,753,461,3.1,14.5480,11.3578
2004,5,25,17,30,17.3,83,696,364,2.5,11.1462,8.6663
2004,5,25,18,0,16.6,76,599,265,1.9000000000000001,12.3412,9.5342
2004,5,25,18,30,15,62,489,172,1.4000000000000001,7.5012,5.7418
2004,5,25,19,0,13.5,45,313,87,1,0.0000,0.0000
2004,5,25,19,30,12.5,15,0,15,1,0.0000,0.0000
2004,5,25,20,0,11.600000000000001,0,0,0,1.1,0.0000,0.0000
2004,5,25,20,30,11.200000000000001,0,0,0,1.2000000000000002,0.0000,0.0000
2004,5,25,21,0,10.8,0,0,0,1.2000000000000002,0.0000,0.0000
2004,5,25,21,30,10.5,0,0,0,1.2000000000000002,0.0000,0.0000
2004,5,25,22,0,10.200000000000001,0,0,0,1.2000000000000002,0.0000,0.0000
2004,5,25,22,30,10,0,0,0,1.1,0.0000,0.0000
2004,5,25,23,0,9.9,0,0,0,1.1,0.0000,0.0000
2004,5,25,23,30,9.9,0,0,0,1.1,0.0000,0.0000
2004,5,26,0,0,9.9,0,0,0,1.1,0.0000,0.0000
2004,5,26,0,30,9.700000000000001,0,0,0,1.1,0.0000,0.0000
2004,5,26,1,0,9.5,0,0,0,1,0.0000,0.0000
2004,5,26,1,30,9.5,0,0,0,1,0.0000,0.0000
2004,5,26,2,0,9.4,0,0,0,0.9,0.0000,0.0000
2004,5,26,2,30,9.3,0,0,0,0.9,0.0000,0.0000
2004,5,26,3,0,9.3,0,0,0,0.8,0.0000,0.0000
2004,5,26,3,30,9.200000000000001,0,0,0,0.9,0.0000,0.0000
2004,5,26,4,0,9.200000000000001,0,0,0,1,0.0000,0.0000
2004,5,26,4,30,9.200000000000001,0,0,0,1.3,0.0000,0.0000
2004,5,26,5,0,9.200000000000001,0,0,0,1.7000000000000002,0.0000,0.0000
2004,5,26,5,30,9.600000000000001,12,0,12,2.4000000000000004,0.0000,0.0000
2004,5,26,6,0,9.9,27,0,27,3.1,0.0000,0.0000
2004,5,26,6,30,11.100000000000001,137,20,142,3.5,6.7429,5.1811
2004,5,26,7,0,12.3,182,23,190,3.9000000000000004,1.0271,0.7957
2004,5,26,7,30,13.9,183,7,186,4.1000000000000005,13.5274,10.5368
2004,5,26,8,0,15.4,162,0,162,4.2,0.6671,0.5214
2004,5,26,8,30,16.8,342,159,438,4.4,11.4208,8.9478
2004,5,26,9,0,18.1,384,134,475,4.5,30.5454,23.9698
2004,5,26,9,30,19.1,421,161,541,4.7,45.0081,35.3592
2004,5,26,10,0,20,341,4,344,4.9,44.7135,35.1565
2004,5,26,10,30,20.8,387,9,395,5,53.6450,42.2037
2004,5,26,11,0,21.5,453,123,563,5.1000000000000005,56.8559,44.7479
2004,5,26,11,30,22.1,476,337,785,5.2,55.0230,43.3169
2004,5,26,12,0,22.6,513,251,747,5.300000000000001,43.8787,34.5485
2004,5,26,12,30,23,516,247,748,5.4,36.8519,29.0168
2004,5,26,13,0,23.3,489,311,779,5.4,60.0178,47.2540
2004,5,26,13,30,23.400000000000002,124,893,936,5.5,58.3676,45.9461
2004,5,26,14,0,23.6,119,889,899,5.5,52.7867,41.5398
2004,5,26,14,30,23.6,117,877,850,5.4,52.3392,41.1684
2004,5,26,15,0,23.6,115,859,788,5.300000000000001,47.9365,37.6805
2004,5,26,15,30,23.5,111,839,716,5.2,43.0022,33.7707
2004,5,26,16,0,23.400000000000002,111,800,633,5,37.3968,29.3308
2004,5,26,16,30,23.200000000000003,312,197,425,4.7,31.5204,24.6765
2004,5,26,17,0,23,102,705,450,4.4,25.3279,19.7754
2004,5,26,17,30,22.3,92,646,354,4,19.2465,14.9660
2004,5,26,18,0,21.700000000000003,81,559,259,3.7,13.3648,10.3269
2004,5,26,18,30,20.5,66,452,168,3.7,8.2776,6.3377
2004,5,26,19,0,19.400000000000002,44,317,88,3.7,0.0000,0.0000
2004,5,26,19,30,18.8,20,117,25,3.9000000000000004,0.0000,0.0000
2004,5,26,20,0,18.3,0,0,0,4.2,0.0000,0.0000
2004,5,26,20,30,17.900000000000002,0,0,0,4.2,0.0000,0.0000
2004,5,26,21,0,17.400000000000002,0,0,0,4.2,0.0000,0.0000
2004,5,26,21,30,17,0,0,0,4.1000000000000005,0.0000,0.0000
2004,5,26,22,0,16.6,0,0,0,4,0.0000,0.0000
2004,5,26,22,30,16.2,0,0,0,3.9000000000000004,0.0000,0.0000
2004,5,26,23,0,15.8,0,0,0,3.7,0.0000,0.0000
2004,5,26,23,30,15.4,0,0,0,3.4000000000000004,0.0000,0.0000
2004,5,27,0,0,15.100000000000001,0,0,0,3.2,0.0000,0.0000
2004,5,27,0,30,14.600000000000001,0,0,0,2.9000000000000004,0.0000,0.0000
2004,5,27,1,0,14.200000000000001,0,0,0,2.7,0.0000,0.0000
2004,5,27,1,30,13.9,0,0,0,2.4000000000000004,0.0000,0.0000
2004,5,27,2,0,13.5,0,0,0,2.1,0.0000,0.0000
2004,5,27,2,30,13.200000000000001,0,0,0,1.9000000000000001,0.0000,0.0000
2004,5,27,3,0,12.9,0,0,0,1.7000000000000002,0.0000,0.0000
2004,5,27,3,30,12.600000000000001,0,0,0,1.5,0.0000,0.0000
2004,5,27,4,0,12.200000000000001,0,0,0,1.4000000000000001,0.0000,0.0000
2004,5,27,4,30,12.3,0,0,0,1.4000000000000001,0.0000,0.0000
2004,5,27,5,0,12.3,0,0,0,1.5,0.0000,0.0000
2004,5,27,5,30,13.100000000000001,31,2,31,2,0.0000,0.0000
2004,5,27,6,0,13.8,66,9,68,2.5,0.0000,0.0000
2004,5,27,6,30,14.5,115,45,127,2.5,6.9438,5.3363
2004,5,27,7,0,15.100000000000001,55,0,55,2.4000000000000004,9.7641,7.5653
2004,5,27,7,30,16,161,16,168,2.2,9.9902,7.7820
2004,5,27,8,0,17,223,32,239,2,9.0094,7.0424
2004,5,27,8,30,18.5,289,199,409,2.2,25.0200,19.6028
2004,5,27,9,0,20,325,153,428,2.3000000000000003,27.6972,21.7352
2004,5,27,9,30,21.5,298,376,579,2.6,32.0460,25.1764
2004,5,27,10,0,23,344,356,630,2.8000000000000003,20.6227,16.2151
2004,5,27,10,30,23.8,348,422,708,2.8000000000000003,23.8935,18.7977
2004,5,27,11,0,24.700000000000003,247,655,831,2.9000000000000004,34.2771,26.9778
2004,5,27,11,30,25.1,99,943,966,2.9000000000000004,48.0001,37.7884
2004,5,27,12,0,25.6,102,942,982,3,45.7855,36.0502
2004,5,27,12,30,25.8,102,943,986,3,45.8727,36.1201
2004,5,27,13,0,26,100,943,977,3.1,47.7160,37.5688
2004,5,27,13,30,26.1,99,939,953,3.2,57.1570,44.9937
2004,5,27,14,0,26.1,96,934,917,3.2,54.6205,42.9835
2004,5,27,14,30,26.1,94,923,867,3.2,51.2663,40.3252
2004,5,27,15,0,26.1,98,897,802,3.3000000000000003,47.0544,36.9879
2004,5,27,15,30,26,95,878,730,3.3000000000000003,42.1928,33.1359
2004,5,27,16,0,25.900000000000002,91,852,648,3.3000000000000003,36.6613,28.7549
2004,5,27,16,30,25.400000000000002,86,820,559,3.1,24.0650,18.8408
2004,5,27,17,0,24.900000000000002,81,776,465,2.8000000000000003,24.7414,19.3188
2004,5,27,17,30,23.8,74,721,368,2.2,18.7366,14.5712
2004,5,27,18,0,22.700000000000003,64,651,272,1.6,13.0767,10.1060
2004,5,27,18,30,21.1,53,550,179,1.5,8.0917,6.1967
2004,5,27,19,0,19.400000000000002,39,394,94,1.3,0.0000,0.0000
2004,5,27,19,30,18.5,19,170,28,1.4000000000000001,0.0000,0.0000
2004,5,27,20,0,17.5,0,0,0,1.4000000000000001,0.0000,0.0000
2004,5,27,20,30,17,0,0,0,1.5,0.0000,0.0000
2004,5,27,21,0,16.5,0,0,0,1.5,0.0000,0.0000
2004,5,27,21,30,16,0,0,0,1.4000000000000001,0.0000,0.0000
2004,5,27,22,0,15.4,0,0,0,1.4000000000000001,0.0000,0.0000
2004,5,27,22,30,14.9,0,0,0,1.3,0.0000,0.0000
2004,5,27,23,0,14.5,0,0,0,1.3,0.0000,0.0000
2004,5,27,23,30,14.100000000000001,0,0,0,1.2000000000000002,0.0000,0.0000
2004,5,28,0,0,13.700000000000001,0,0,0,1.2000000000000002,0.0000,0.0000
2004,5,28,0,30,13.3,0,0,0,1.1,0.0000,0.0000
2004,5,28,1,0,13,0,0,0,1.1,0.0000,0.0000
2004,5,28,1,30,12.700000000000001,0,0,0,1.1,0.0000,0.0000
2004,5,28,2,0,12.4,0,0,0,1.1,0.0000,0.0000
2004,5,28,2,30,12.200000000000001,0,0,0,1.1,0.0000,0.0000
2004,5,28,3,0,12,0,0,0,1,0.0000,0.0000
2004,5,28,3,30,11.8,0,0,0,1,0.0000,0.0000
2004,5,28,4,0,11.600000000000001,0,0,0,1,0.0000,0.0000
2004,5,28,4,30,11.8,0,0,0,1.1,0.0000,0.0000
2004,5,28,5,0,12,0,0,0,1.1,0.0000,0.0000
2004,5,28,5,30,13.3,29,209,46,1.7000000000000002,0.0000,0.0000
2004,5,28,6,0,14.700000000000001,48,422,120,2.2,0.0000,0.0000
2004,5,28,6,30,15.9,63,554,208,2.3000000000000003,6.2147,4.7767
2004,5,28,7,0,17.1,73,653,302,2.3000000000000003,2.8285,2.1917
2004,5,28,7,30,18.8,82,720,399,2.6,9.0285,7.0333
2004,5,28,8,0,20.5,90,770,494,2.9000000000000004,13.2974,10.3946
2004,5,28,8,30,22,96,806,584,3.3000000000000003,23.3712,18.3115
2004,5,28,9,0,23.400000000000002,100,836,669,3.7,24.9631,19.5900
2004,5,28,9,30,24.5,105,858,745,4,34.3048,26.9514
2004,5,28,10,0,25.5,110,872,813,4.2,37.7752,29.7019
2004,5,28,10,30,26.200000000000003,114,884,869,4.4,42.8337,33.6989
2004,5,28,11,0,26.900000000000002,326,604,864,4.5,50.6016,39.8264
2004,5,28,11,30,27.5,119,899,944,4.800000000000001,59.0759,46.5083
2004,5,28,12,0,28,290,673,920,5,60.1977,47.3983
2004,5,28,12,30,28.400000000000002,500,287,770,5.1000000000000005,60.4779,47.6206
2004,5,28,13,0,28.700000000000003,328,1,329,5.300000000000001,59.8535,47.1255
2004,5,28,13,30,28.8,376,373,715,5.4,58.2058,45.8197
2004,5,28,14,0,29,262,580,773,5.5,55.7250,43.8532
2004,5,28,14,30,29,258,566,733,5.6000000000000005,52.3043,41.1423
2004,5,28,15,0,29,225,624,715,5.7,47.9040,37.6564
2004,5,28,15,30,28.700000000000003,261,439,579,5.800000000000001,43.0321,33.7958
2004,5,28,16,0,28.400000000000002,278,363,516,5.9,37.5460,29.4498
2004,5,28,16,30,27.700000000000003,177,568,505,6,31.6700,24.7960
2004,5,28,17,0,26.900000000000002,200,358,378,6.1000000000000005,25.5845,19.9785
2004,5,28,17,30,26,205,115,252,6.4,19.4957,15.1632
2004,5,28,18,0,25.1,156,233,231,6.800000000000001,13.7496,10.6280
2004,5,28,18,30,24.200000000000003,116,135,147,6.800000000000001,8.6293,6.6100
2004,5,28,19,0,23.3,46,301,88,6.9,0.0000,0.0000
2004,5,28,19,30,22.700000000000003,23,2,23,6.800000000000001,0.0000,0.0000
2004,5,28,20,0,22.200000000000003,0,0,0,6.7,0.0000,0.0000
2004,5,28,20,30,21.900000000000002,0,0,0,6.7,0.0000,0.0000
2004,5,28,21,0,21.6,0,0,0,6.6000000000000005,0.0000,0.0000
2004,5,28,21,30,21.400000000000002,0,0,0,6.5,0.0000,0.0000
2004,5,28,22,0,21.1,0,0,0,6.5,0.0000,0.0000
2004,5,28,22,30,21,0,0,0,6.5,0.0000,0.0000
2004,5,28,23,0,20.900000000000002,0,0,0,6.5,0.0000,0.0000
2004,5,28,23,30,20.700000000000003,0,0,0,6.2,0.0000,0.0000
2004,5,29,0,0,20.400000000000002,0,0,0,5.9,0.0000,0.0000
2004,5,29,0,30,20.1,0,0,0,5.4,0.0000,0.0000
2004,5,29,1,0,19.8,0,0,0,5,0.0000,0.0000
2004,5,29,1,30,19.5,0,0,0,4.6000000000000005,0.0000,0.0000
2004,5,29,2,0,19.1,0,0,0,4.3,0.0000,0.0000
2004,5,29,2,30,18.8,0,0,0,4.2,0.0000,0.0000
2004,5,29,3,0,18.6,0,0,0,4.1000000000000005,0.0000,0.0000
2004,5,29,3,30,18.3,0,0,0,4.1000000000000005,0.0000,0.0000
2004,5,29,4,0,18.1,0,0,0,4,0.0000,0.0000
2004,5,29,4,30,18.1,0,0,0,4.2,0.0000,0.0000
2004,5,29,5,0,18.1,0,0,0,4.3,0.0000,0.0000
2004,5,29,5,30,18.7,35,4,36,4.6000000000000005,0.0000,0.0000
2004,5,29,6,0,19.200000000000003,88,57,98,4.800000000000001,0.0000,0.0000
2004,5,29,6,30,20,112,23,118,4.9,10.1855,7.8298
2004,5,29,7,0,20.8,167,197,236,5,15.5417,12.0441
2004,5,29,7,30,21.700000000000003,240,54,264,5.300000000000001,21.4533,16.7133
2004,5,29,8,0,22.6,230,290,383,5.6000000000000005,27.4955,21.4940
2004,5,29,8,30,23.400000000000002,280,266,442,5.9,33.3809,26.1547
2004,5,29,9,0,24.200000000000003,323,144,421,6.300000000000001,39.0283,30.6282
2004,5,29,9,30,24.8,355,179,489,6.5,44.1478,34.6849
2004,5,29,10,0,25.400000000000002,333,305,579,6.7,48.7567,38.3370
2004,5,29,10,30,25.700000000000003,311,434,682,6.800000000000001,52.5825,41.3690
2004,5,29,11,0,26,491,212,680,6.9,52.6185,41.4141
2004,5,29,11,30,26.1,267,596,815,6.9,57.7384,45.4558
2004,5,29,12,0,26.200000000000003,288,587,837,6.9,56.4049,44.4123
2004,5,29,12,30,26.200000000000003,306,552,825,6.9,47.2360,37.1942
2004,5,29,13,0,26.200000000000003,241,666,862,6.9,20.1585,15.8719
2004,5,29,13,30,26.3,264,563,778,7.1000000000000005,43.6770,34.3830
2004,5,29,14,0,26.5,414,212,601,7.2,46.9834,36.9744
2004,5,29,14,30,26.400000000000002,384,256,599,7.1000000000000005,44.2303,34.7918
2004,5,29,15,0,26.400000000000002,311,457,671,7,42.7186,33.5808
2004,5,29,15,30,26.1,350,246,529,6.7,34.1431,26.8154
2004,5,29,16,0,25.8,291,359,527,6.4,29.9104,23.4614
2004,5,29,16,30,25.6,318,213,442,6.300000000000001,28.6250,22.4129
2004,5,29,17,0,25.3,233,325,396,6.300000000000001,20.8126,16.2533
2004,5,29,17,30,25,184,27,195,6.300000000000001,13.3626,10.3941
2004,5,29,18,0,24.6,18,0,18,6.300000000000001,11.6900,9.0375
2004,5,29,18,30,24.200000000000003,13,0,13,6.300000000000001,7.0927,5.4341
2004,5,29,19,0,23.700000000000003,59,3,59,6.4,0.0000,0.0000
2004,5,29,19,30,23.400000000000002,9,0,9,6.5,0.0000,0.0000
2004,5,29,20,0,23.200000000000003,0,0,0,6.6000000000000005,0.0000,0.0000
2004,5,29,20,30,22.900000000000002,0,0,0,6.6000000000000005,0.0000,0.0000
2004,5,29,21,0,22.700000000000003,0,0,0,6.6000000000000005,0.0000,0.0000
2004,5,29,21,30,22.5,0,0,0,7.1000000000000005,0.0000,0.0000
2004,5,29,22,0,22.3,0,0,0,7.6000000000000005,0.0000,0.0000
2004,5,29,22,30,22.200000000000003,0,0,0,8.1,0.0000,0.0000
2004,5,29,23,0,22.1,0,0,0,8.5,0.0000,0.0000
2004,5,29,23,30,22,0,0,0,8,0.0000,0.0000
2004,5,30,0,0,21.900000000000002,0,0,0,7.4,0.0000,0.0000
2004,5,30,0,30,21.700000000000003,0,0,0,6.300000000000001,0.0000,0.0000
2004,5,30,1,0,21.5,0,0,0,5.2,0.0000,0.0000
2004,5,30,1,30,20.5,0,0,0,5.1000000000000005,0.0000,0.0000
2004,5,30,2,0,19.5,0,0,0,5,0.0000,0.0000
2004,5,30,2,30,18,0,0,0,5.1000000000000005,0.0000,0.0000
2004,5,30,3,0,16.6,0,0,0,5.300000000000001,0.0000,0.0000
2004,5,30,3,30,15.700000000000001,0,0,0,5.1000000000000005,0.0000,0.0000
2004,5,30,4,0,14.8,0,0,0,4.800000000000001,0.0000,0.0000
2004,5,30,4,30,14.4,0,0,0,4.6000000000000005,0.0000,0.0000
2004,5,30,5,0,14,0,0,0,4.4,0.0000,0.0000
2004,5,30,5,30,14.3,32,146,45,4.5,0.0000,0.0000
2004,5,30,6,0,14.600000000000001,58,326,115,4.6000000000000005,0.0000,0.0000
2004,5,30,6,30,15.3,79,460,200,4.9,5.7819,4.4452
2004,5,30,7,0,16,97,547,291,5.1000000000000005,12.1527,9.4185
2004,5,30,7,30,16.8,212,16,219,5.300000000000001,14.2016,11.0645
2004,5,30,8,0,17.6,120,684,481,5.5,21.3242,16.6703
2004,5,30,8,30,18.5,129,728,571,5.6000000000000005,25.2716,19.8014
2004,5,30,9,0,19.3,124,790,662,5.7,24.5659,19.2789
2004,5,30,9,30,20,130,817,741,5.800000000000001,28.9834,22.7713
2004,5,30,10,0,20.8,368,218,543,5.9,34.7283,27.3068
2004,5,30,10,30,21.3,367,278,605,5.9,41.2732,32.4718
2004,5,30,11,0,21.900000000000002,407,309,683,5.9,41.4180,32.5989
2004,5,30,11,30,22.200000000000003,343,444,751,5.9,49.8547,39.2494
2004,5,30,12,0,22.6,379,18,396,5.9,51.3228,40.4111
2004,5,30,12,30,22.6,392,3,394,5.9,50.6168,39.8566
2004,5,30,13,0,22.700000000000003,477,65,538,5.800000000000001,52.8241,41.5917
2004,5,30,13,30,22.3,310,527,792,5.800000000000001,47.5329,37.4188
2004,5,30,14,0,21.900000000000002,407,10,416,5.7,36.5361,28.7531
2004,5,30,14,30,21.200000000000003,451,123,555,5.7,36.1526,28.4382
2004,5,30,15,0,20.400000000000002,386,35,414,5.7,40.1010,31.5237
2004,5,30,15,30,19.6,147,0,147,5.7,31.2041,24.5077
2004,5,30,16,0,18.8,311,23,326,5.7,30.5598,23.9715
2004,5,30,16,30,18.2,269,243,411,5.5,25.0676,19.6284
2004,5,30,17,0,17.5,229,23,240,5.4,21.8178,17.0394
2004,5,30,17,30,17,90,661,364,5.1000000000000005,10.3488,8.0506
2004,5,30,18,0,16.400000000000002,167,169,222,4.7,0.9118,0.7050
2004,5,30,18,30,15.8,124,87,144,4.5,0.6278,0.4811
2004,5,30,19,0,15.200000000000001,66,5,67,4.2,0.0000,0.0000
2004,5,30,19,30,14.600000000000001,17,0,17,4.1000000000000005,0.0000,0.0000
2004,5,30,20,0,14.100000000000001,0,0,0,4,0.0000,0.0000
2004,5,30,20,30,13.8,0,0,0,4,0.0000,0.0000
2004,5,30,21,0,13.5,0,0,0,4,0.0000,0.0000
2004,5,30,21,30,13.3,0,0,0,3.9000000000000004,0.0000,0.0000
2004,5,30,22,0,13.100000000000001,0,0,0,3.9000000000000004,0.0000,0.0000
2004,5,30,22,30,13,0,0,0,4.1000000000000005,0.0000,0.0000
2004,5,30,23,0,12.9,0,0,0,4.2,0.0000,0.0000
2004,5,30,23,30,12.8,0,0,0,4.2,0.0000,0.0000
2004,5,31,0,0,12.8,0,0,0,4.2,0.0000,0.0000
2004,5,31,0,30,12.600000000000001,0,0,0,4.3,0.0000,0.0000
2004,5,31,1,0,12.5,0,0,0,4.3,0.0000,0.0000
2004,5,31,1,30,12.4,0,0,0,4.2,0.0000,0.0000
2004,5,31,2,0,12.200000000000001,0,0,0,4.2,0.0000,0.0000
2004,5,31,2,30,12,0,0,0,4.1000000000000005,0.0000,0.0000
2004,5,31,3,0,11.8,0,0,0,4.1000000000000005,0.0000,0.0000
2004,5,31,3,30,11.4,0,0,0,4.1000000000000005,0.0000,0.0000
2004,5,31,4,0,11.100000000000001,0,0,0,4.1000000000000005,0.0000,0.0000
2004,5,31,4,30,11,0,0,0,4.4,0.0000,0.0000
2004,5,31,5,0,10.8,0,0,0,4.6000000000000005,0.0000,0.0000
2004,5,31,5,30,11.5,40,9,40,4.9,0.0000,0.0000
2004,5,31,6,0,12.200000000000001,44,496,131,5.2,5.4834,4.1787
2004,5,31,6,30,13.5,57,624,222,5.5,9.8059,7.5399
2004,5,31,7,0,14.9,67,707,318,5.7,14.9927,11.6204
2004,5,31,7,30,16.5,75,771,417,6.2,11.7859,9.1827
2004,5,31,8,0,18.2,84,810,512,6.7,26.7907,20.9444
2004,5,31,8,30,19.3,90,847,605,7,32.6554,25.5874
2004,5,31,9,0,20.400000000000002,94,877,693,7.300000000000001,38.6361,30.3214
2004,5,31,9,30,21.1,98,900,772,7.300000000000001,43.9263,34.5117
2004,5,31,10,0,21.700000000000003,103,911,838,7.300000000000001,32.5742,25.6133
2004,5,31,10,30,22.1,105,924,897,7.300000000000001,36.6179,28.8095
2004,5,31,11,0,22.6,107,935,943,7.300000000000001,41.6060,32.7471
2004,5,31,11,30,22.900000000000002,448,415,830,7.4,45.9455,36.1721
2004,5,31,12,0,23.200000000000003,439,253,676,7.4,24.2849,19.1218
2004,5,31,12,30,23.200000000000003,352,14,365,7.5,24.1765,19.0372
2004,5,31,13,0,23.3,395,339,712,7.5,32.9738,25.9625
2004,5,31,13,30,23.200000000000003,333,10,342,7.4,48.3964,38.0989
2004,5,31,14,0,23,76,0,76,7.4,25.2941,19.9060
2004,5,31,14,30,23,224,644,766,7.300000000000001,33.5038,26.3550
2004,5,31,15,0,23,107,887,808,7.2,24.7483,19.4551
2004,5,31,15,30,22.8,350,389,633,7,8.6739,6.8126
2004,5,31,16,0,22.6,99,842,655,6.9,18.9121,14.8354
2004,5,31,16,30,22.200000000000003,182,632,551,6.5,23.3211,18.2616
2004,5,31,17,0,21.8,84,778,474,6.1000000000000005,13.2315,10.3342
2004,5,31,17,30,21,183,233,280,5.5,19.3354,15.0431
2004,5,31,18,0,20.200000000000003,63,677,284,4.800000000000001,11.2583,8.7065
2004,5,31,18,30,19,53,580,190,4.4,6.9602,5.3350
2004,5,31,19,0,17.8,38,449,104,3.9000000000000004,0.0000,0.0000
2004,5,31,19,30,16.900000000000002,21,233,35,3.9000000000000004,0.0000,0.0000
2004,5,31,20,0,16.1,0,0,0,3.8000000000000003,0.0000,0.0000
2004,5,31,20,30,15.700000000000001,0,0,0,3.9000000000000004,0.0000,0.0000
2004,5,31,21,0,15.3,0,0,0,4,0.0000,0.0000
2004,5,31,21,30,14.9,0,0,0,4,0.0000,0.0000
2004,5,31,22,0,14.4,0,0,0,4,0.0000,0.0000
2004,5,31,22,30,14,0,0,0,4,0.0000,0.0000
2004,5,31,23,0,13.600000000000001,0,0,0,3.9000000000000004,0.0000,0.0000
2004,5,31,23,30,13.200000000000001,0,0,0,4,0.0000,0.0000
2004,6,1,0,0,12.8,0,0,0,4,0.0000,0.0000
2004,6,1,0,30,12.5,0,0,0,4.2,0.0000,0.0000
2004,6,1,1,0,12.3,0,0,0,4.3,0.0000,0.0000
2004,6,1,1,30,11.9,0,0,0,4.4,0.0000,0.0000
2004,6,1,2,0,11.600000000000001,0,0,0,4.4,0.0000,0.0000
2004,6,1,2,30,11.3,0,0,0,4.5,0.0000,0.0000
2004,6,1,3,0,11.100000000000001,0,0,0,4.5,0.0000,0.0000
2004,6,1,3,30,10.9,0,0,0,4.6000000000000005,0.0000,0.0000
2004,6,1,4,0,10.700000000000001,0,0,0,4.6000000000000005,0.0000,0.0000
2004,6,1,4,30,10.8,0,0,0,4.7,0.0000,0.0000
2004,6,1,5,0,10.9,0,0,0,4.9,0.0000,0.0000
2004,6,1,5,30,11.700000000000001,27,311,54,5.1000000000000005,0.0000,0.0000
2004,6,1,6,0,12.5,42,507,132,5.2,6.2456,4.7599
2004,6,1,6,30,13.9,54,630,222,5.5,10.8904,8.3746
2004,6,1,7,0,15.3,64,715,318,5.7,16.3924,12.7062
2004,6,1,7,30,16.7,71,780,417,6.5,22.4510,17.4931
2004,6,1,8,0,18.2,77,827,514,7.300000000000001,28.5250,22.3008
2004,6,1,8,30,19.1,82,862,607,7.9,34.6084,27.1183
2004,6,1,9,0,20,86,888,693,8.4,40.4531,31.7478
2004,6,1,9,30,20.5,90,910,772,8.6,45.7720,35.9623
2004,6,1,10,0,21,93,926,841,8.700000000000001,50.2780,39.5342
2004,6,1,10,30,21.3,460,279,699,8.700000000000001,54.2982,42.7199
2004,6,1,11,0,21.6,433,27,457,8.700000000000001,57.4509,45.2185
2004,6,1,11,30,21.700000000000003,488,156,632,8.700000000000001,50.7845,39.9820
2004,6,1,12,0,21.8,470,373,820,8.6,41.4606,32.6461
2004,6,1,12,30,21.8,106,941,992,8.5,22.3998,17.6383
2004,6,1,13,0,21.8,466,137,595,8.4,43.6443,34.3645
2004,6,1,13,30,21.700000000000003,461,135,584,8.200000000000001,20.9014,16.4543
2004,6,1,14,0,21.700000000000003,486,190,654,7.9,4.6218,3.6374
2004,6,1,14,30,21.5,403,25,424,7.7,46.2507,36.3825
2004,6,1,15,0,21.400000000000002,436,193,588,7.5,48.3123,37.9799
2004,6,1,15,30,21.1,193,0,194,7.2,37.3621,29.3455
2004,6,1,16,0,20.8,306,132,393,6.9,38.0127,29.8195
2004,6,1,16,30,20.400000000000002,87,817,565,6.5,31.2804,24.4952
2004,6,1,17,0,20,84,769,471,6.1000000000000005,26.1490,20.4245
2004,6,1,17,30,19.3,76,716,375,5.4,14.8858,11.5824
2004,6,1,18,0,18.7,68,644,279,4.7,14.4170,11.1509
2004,6,1,18,30,17.5,57,544,186,3.9000000000000004,9.1919,7.0472
2004,6,1,19,0,16.3,42,400,101,3.2,0.0000,0.0000
2004,6,1,19,30,15.3,22,185,34,2.8000000000000003,0.0000,0.0000
2004,6,1,20,0,14.200000000000001,0,0,0,2.5,0.0000,0.0000
2004,6,1,20,30,13.600000000000001,0,0,0,2.3000000000000003,0.0000,0.0000
2004,6,1,21,0,13.100000000000001,0,0,0,2.2,0.0000,0.0000
2004,6,1,21,30,12.600000000000001,0,0,0,2.1,0.0000,0.0000
2004,6,1,22,0,12.200000000000001,0,0,0,2,0.0000,0.0000
2004,6,1,22,30,11.8,0,0,0,2,0.0000,0.0000
2004,6,1,23,0,11.4,0,0,0,1.9000000000000001,0.0000,0.0000
2004,6,1,23,30,11.100000000000001,0,0,0,2,0.0000,0.0000
2004,6,2,0,0,10.8,0,0,0,2,0.0000,0.0000
2004,6,2,0,30,10.5,0,0,0,2.1,0.0000,0.0000
2004,6,2,1,0,10.3,0,0,0,2.2,0.0000,0.0000
2004,6,2,1,30,10,0,0,0,2.3000000000000003,0.0000,0.0000
2004,6,2,2,0,9.8,0,0,0,2.3000000000000003,0.0000,0.0000
2004,6,2,2,30,9.700000000000001,0,0,0,2.5,0.0000,0.0000
2004,6,2,3,0,9.600000000000001,0,0,0,2.6,0.0000,0.0000
2004,6,2,3,30,9.5,0,0,0,2.7,0.0000,0.0000
2004,6,2,4,0,9.3,0,0,0,2.8000000000000003,0.0000,0.0000
2004,6,2,4,30,9.5,0,0,0,3,0.0000,0.0000
2004,6,2,5,0,9.700000000000001,0,0,0,3.3000000000000003,0.0000,0.0000
2004,6,2,5,30,10.5,28,302,55,3.5,0.0000,0.0000
2004,6,2,6,0,11.4,43,498,131,3.8000000000000003,6.2927,4.7961
2004,6,2,6,30,12.600000000000001,55,620,220,4.3,10.8962,8.3800
2004,6,2,7,0,13.8,63,705,314,4.9,16.4010,12.7138
2004,6,2,7,30,14.600000000000001,70,766,411,4.9,22.4588,17.4998
2004,6,2,8,0,15.5,76,814,506,4.9,28.6441,22.3945
2004,6,2,8,30,16.3,335,117,406,4.800000000000001,34.7300,27.2140
2004,6,2,9,0,17,373,132,464,4.7,40.4596,31.7533
2004,6,2,9,30,17.6,409,182,546,4.6000000000000005,45.7777,35.9671
2004,6,2,10,0,18.3,439,205,605,4.4,50.4639,39.6808
2004,6,2,10,30,18.8,442,301,700,4.3,42.3173,33.2940
2004,6,2,11,0,19.400000000000002,479,254,706,4.2,27.8449,21.9163
2004,6,2,11,30,19.8,477,307,760,4,38.6736,30.4475
2004,6,2,12,0,20.3,466,65,528,3.9000000000000004,50.2983,39.6053
2004,6,2,12,30,20.6,460,42,500,3.8000000000000003,60.8852,47.9432
2004,6,2,13,0,20.900000000000002,453,32,483,3.6,36.4769,28.7212
2004,6,2,13,30,21,455,80,528,3.5,35.6968,28.1020
2004,6,2,14,0,21.200000000000003,446,127,559,3.4000000000000004,39.7792,31.3063
2004,6,2,14,30,21.200000000000003,405,36,435,3.3000000000000003,25.6061,20.1430
2004,6,2,15,0,21.200000000000003,98,889,802,3.3000000000000003,35.1669,27.6464
2004,6,2,15,30,21,285,552,688,3.2,11.4540,8.9966
2004,6,2,16,0,20.8,363,137,454,3.1,22.8155,17.8984
2004,6,2,16,30,20.400000000000002,85,815,563,3,32.0910,25.1310
2004,6,2,17,0,20,276,105,329,2.8000000000000003,26.0001,20.3095
2004,6,2,17,30,19.5,72,724,376,2.4000000000000004,19.9528,15.5264
2004,6,2,18,0,19,145,359,264,2.1,14.1775,10.9673
2004,6,2,18,30,17.8,111,245,170,1.5,9.0061,6.9061
2004,6,2,19,0,16.6,76,37,82,1,0.0000,0.0000
2004,6,2,19,30,15.8,22,0,22,1,0.0000,0.0000
2004,6,2,20,0,14.9,0,0,0,1,0.0000,0.0000
2004,6,2,20,30,14.600000000000001,0,0,0,1,0.0000,0.0000
2004,6,2,21,0,14.200000000000001,0,0,0,1,0.0000,0.0000
2004,6,2,21,30,13.9,0,0,0,1,0.0000,0.0000
2004,6,2,22,0,13.5,0,0,0,1,0.0000,0.0000
2004,6,2,22,30,13.200000000000001,0,0,0,1,0.0000,0.0000
2004,6,2,23,0,12.9,0,0,0,1,0.0000,0.0000
2004,6,2,23,30,12.600000000000001,0,0,0,1,0.0000,0.0000
2004,6,3,0,0,12.3,0,0,0,1,0.0000,0.0000
2004,6,3,0,30,12.100000000000001,0,0,0,1,0.0000,0.0000
2004,6,3,1,0,11.8,0,0,0,1,0.0000,0.0000
2004,6,3,1,30,11.700000000000001,0,0,0,0.9,0.0000,0.0000
2004,6,3,2,0,11.600000000000001,0,0,0,0.9,0.0000,0.0000
2004,6,3,2,30,11.4,0,0,0,0.9,0.0000,0.0000
2004,6,3,3,0,11.200000000000001,0,0,0,0.9,0.0000,0.0000
2004,6,3,3,30,10.9,0,0,0,0.9,0.0000,0.0000
2004,6,3,4,0,10.700000000000001,0,0,0,0.9,0.0000,0.0000
2004,6,3,4,30,10.8,0,0,0,0.9,0.0000,0.0000
2004,6,3,5,0,10.9,0,0,0,0.9,0.0000,0.0000
2004,6,3,5,30,12.200000000000001,27,312,55,1.4000000000000001,0.0000,0.0000
2004,6,3,6,0,13.4,43,500,132,1.8,6.2446,4.7598
2004,6,3,6,30,14.700000000000001,55,621,221,1.7000000000000002,10.8038,8.3098
2004,6,3,7,0,16,65,703,316,1.6,16.2018,12.5600
2004,6,3,7,30,17.8,72,765,413,1.3,22.1434,17.2546
2004,6,3,8,0,19.5,78,812,509,1,28.2058,22.0523
2004,6,3,8,30,20.3,84,845,599,0.8,23.2334,18.2057
2004,6,3,9,0,21.1,86,877,685,0.6000000000000001,27.0941,21.2641
2004,6,3,9,30,21.6,89,898,764,0.5,32.3805,25.4412
2004,6,3,10,0,22.200000000000003,92,914,832,0.4,36.3071,28.5492
2004,6,3,10,30,22.700000000000003,95,927,890,0.4,42.3825,33.3455
2004,6,3,11,0,23.1,294,665,890,0.4,43.0207,33.8612
2004,6,3,11,30,23.5,505,227,714,0.30000000000000004,46.5111,36.6181
2004,6,3,12,0,23.900000000000002,393,528,889,0.30000000000000004,32.3904,25.5046
2004,6,3,12,30,24.1,443,435,853,0.4,30.6916,24.1678
2004,6,3,13,0,24.400000000000002,497,308,785,0.4,29.6145,23.3181
2004,6,3,13,30,24.5,490,293,759,0.6000000000000001,32.2781,25.4108
2004,6,3,14,0,24.6,284,682,888,0.7000000000000001,34.0063,26.7633
2004,6,3,14,30,24.700000000000003,282,667,846,0.9,26.2757,20.6700
2004,6,3,15,0,24.700000000000003,277,650,793,1,47.9769,37.7175
2004,6,3,15,30,24.6,103,864,736,1.2000000000000002,40.6324,31.9155
2004,6,3,16,0,24.5,98,840,656,1.3,26.3668,20.6849
2004,6,3,16,30,24.200000000000003,93,808,568,1.4000000000000001,31.9916,25.0541
2004,6,3,17,0,23.900000000000002,87,766,475,1.5,18.1730,14.1963
2004,6,3,17,30,23.3,79,712,379,1.4000000000000001,20.0210,15.5808
2004,6,3,18,0,22.700000000000003,70,648,285,1.3,13.4287,10.3896
2004,6,3,18,30,21.1,58,550,191,1.2000000000000002,8.2384,6.3188
2004,6,3,19,0,19.400000000000002,43,418,106,1,0.0000,0.0000
2004,6,3,19,30,18.2,23,209,37,1.1,0.0000,0.0000
2004,6,3,20,0,17.1,0,0,0,1.3,0.0000,0.0000
2004,6,3,20,30,16.6,0,0,0,1.4000000000000001,0.0000,0.0000
2004,6,3,21,0,16.2,0,0,0,1.5,0.0000,0.0000
2004,6,3,21,30,15.8,0,0,0,1.6,0.0000,0.0000
2004,6,3,22,0,15.4,0,0,0,1.7000000000000002,0.0000,0.0000
2004,6,3,22,30,15.100000000000001,0,0,0,1.8,0.0000,0.0000
2004,6,3,23,0,14.8,0,0,0,1.9000000000000001,0.0000,0.0000
2004,6,3,23,30,14.5,0,0,0,1.9000000000000001,0.0000,0.0000
2004,6,4,0,0,14.200000000000001,0,0,0,1.9000000000000001,0.0000,0.0000
2004,6,4,0,30,13.9,0,0,0,1.8,0.0000,0.0000
2004,6,4,1,0,13.600000000000001,0,0,0,1.8,0.0000,0.0000
2004,6,4,1,30,13.3,0,0,0,1.7000000000000002,0.0000,0.0000
2004,6,4,2,0,13,0,0,0,1.6,0.0000,0.0000
2004,6,4,2,30,12.700000000000001,0,0,0,1.6,0.0000,0.0000
2004,6,4,3,0,12.4,0,0,0,1.5,0.0000,0.0000
2004,6,4,3,30,12.200000000000001,0,0,0,1.5,0.0000,0.0000
2004,6,4,4,0,12,0,0,0,1.5,0.0000,0.0000
2004,6,4,4,30,12.4,0,0,0,1.6,0.0000,0.0000
2004,6,4,5,0,12.700000000000001,0,0,0,1.8,0.0000,0.0000
2004,6,4,5,30,13.9,33,204,51,2.4000000000000004,0.0000,0.0000
2004,6,4,6,0,15.100000000000001,55,387,124,3,6.2920,4.7962
2004,6,4,6,30,16.2,72,517,210,2.9000000000000004,10.8568,8.3512
2004,6,4,7,0,17.3,85,612,304,2.8000000000000003,16.3121,12.6463
2004,6,4,7,30,19.200000000000003,96,682,399,3.4000000000000004,22.2573,17.3439
2004,6,4,8,0,21.1,104,737,495,3.9000000000000004,28.3791,22.1883
2004,6,4,8,30,22.400000000000002,111,778,586,4.4,34.2835,26.8649
2004,6,4,9,0,23.700000000000003,117,808,670,4.9,40.0040,31.3964
2004,6,4,9,30,24.400000000000002,122,833,748,4.9,45.3146,35.6038
2004,6,4,10,0,25.1,127,852,816,5,49.9347,39.2652
2004,6,4,10,30,25.6,131,865,873,5,53.8913,42.4006
2004,6,4,11,0,26.200000000000003,134,874,918,5,54.2376,42.6902
2004,6,4,11,30,26.6,136,880,949,5,43.6995,34.4047
2004,6,4,12,0,27,138,882,967,5,54.5415,42.9469
2004,6,4,12,30,27.200000000000003,139,883,972,5,52.3652,41.2347
2004,6,4,13,0,27.5,141,874,960,4.9,48.1365,37.9024
2004,6,4,13,30,27.5,140,869,937,4.9,46.4063,36.5335
2004,6,4,14,0,27.6,140,856,900,4.9,54.0294,42.5221
2004,6,4,14,30,27.5,137,842,849,4.800000000000001,51.1110,40.2073
2004,6,4,15,0,27.5,123,844,793,4.800000000000001,47.4485,37.3026
2004,6,4,15,30,27.400000000000002,118,824,723,4.7,43.4788,34.1519
2004,6,4,16,0,27.200000000000003,108,806,644,4.6000000000000005,38.1114,29.8994
2004,6,4,16,30,26.8,102,773,558,4.4,32.2900,25.2887
2004,6,4,17,0,26.400000000000002,92,739,467,4.2,26.2528,20.5092
2004,6,4,17,30,25.5,83,683,372,3.8000000000000003,20.1958,15.7181
2004,6,4,18,0,24.6,70,625,279,3.4000000000000004,14.5101,11.2277
2004,6,4,18,30,23.3,59,529,188,3.3000000000000003,9.2635,7.1063
2004,6,4,19,0,22,43,397,104,3.3000000000000003,0.0000,0.0000
2004,6,4,19,30,21.200000000000003,23,201,37,3.5,0.0000,0.0000
2004,6,4,20,0,20.400000000000002,0,0,0,3.7,0.0000,0.0000
2004,6,4,20,30,19.8,0,0,0,3.5,0.0000,0.0000
2004,6,4,21,0,19.200000000000003,0,0,0,3.2,0.0000,0.0000
2004,6,4,21,30,18.900000000000002,0,0,0,3.3000000000000003,0.0000,0.0000
2004,6,4,22,0,18.6,0,0,0,3.4000000000000004,0.0000,0.0000
2004,6,4,22,30,18.400000000000002,0,0,0,3.6,0.0000,0.0000
2004,6,4,23,0,18.2,0,0,0,3.8000000000000003,0.0000,0.0000
2004,6,4,23,30,17.900000000000002,0,0,0,3.6,0.0000,0.0000
2004,6,5,0,0,17.6,0,0,0,3.4000000000000004,0.0000,0.0000
2004,6,5,0,30,17.400000000000002,0,0,0,3.3000000000000003,0.0000,0.0000
2004,6,5,1,0,17.1,0,0,0,3.1,0.0000,0.0000
2004,6,5,1,30,17,0,0,0,3.3000000000000003,0.0000,0.0000
2004,6,5,2,0,16.900000000000002,0,0,0,3.4000000000000004,0.0000,0.0000
2004,6,5,2,30,16.8,0,0,0,3.5,0.0000,0.0000
2004,6,5,3,0,16.7,0,0,0,3.7,0.0000,0.0000
2004,6,5,3,30,16.6,0,0,0,3.6,0.0000,0.0000
2004,6,5,4,0,16.6,0,0,0,3.5,0.0000,0.0000
2004,6,5,4,30,16.400000000000002,0,0,0,3.3000000000000003,0.0000,0.0000
2004,6,5,5,0,16.3,0,0,0,3.1,0.0000,0.0000
2004,6,5,5,30,16.3,11,0,11,3.3000000000000003,0.0000,0.0000
2004,6,5,6,0,16.3,15,0,15,3.5,5.9105,4.5056
2004,6,5,6,30,16.5,20,0,20,3.6,10.3211,7.9398
2004,6,5,7,0,16.7,41,0,41,3.6,15.6967,12.1696
2004,6,5,7,30,17,100,2,101,3.6,21.5088,16.7611
2004,6,5,8,0,17.3,195,14,202,3.6,27.6044,21.5830
2004,6,5,8,30,17.8,311,170,415,3.6,33.5450,26.2865
2004,6,5,9,0,18.2,298,373,554,3.6,39.1330,30.7131
2004,6,5,9,30,19.1,289,443,622,3.4000000000000004,44.3700,34.8619
2004,6,5,10,0,19.900000000000002,293,490,690,3.3000000000000003,48.9782,38.5133
2004,6,5,10,30,20.900000000000002,369,370,687,2.7,52.8660,41.5942
2004,6,5,11,0,21.8,454,69,516,2.2,55.9488,44.0373
2004,6,5,11,30,22.6,373,11,383,1.7000000000000002,58.0877,45.7329
2004,6,5,12,0,23.400000000000002,230,3,232,1.3,59.3321,46.7194
2004,6,5,12,30,23.900000000000002,381,22,402,1.4000000000000001,59.6766,46.9924
2004,6,5,13,0,24.3,265,0,265,1.5,58.8741,46.3573
2004,6,5,13,30,24.5,247,0,247,1.5,57.2962,45.1070
2004,6,5,14,0,24.700000000000003,372,4,375,1.5,54.7675,43.1034
2004,6,5,14,30,24.700000000000003,463,243,669,1.4000000000000001,51.3007,40.3570
2004,6,5,15,0,24.8,343,369,637,1.4000000000000001,47.4594,37.3118
2004,6,5,15,30,24.8,408,213,565,1.2000000000000002,42.7222,33.5582
2004,6,5,16,0,24.900000000000002,338,320,552,1.1,37.4270,29.3632
2004,6,5,16,30,24.700000000000003,146,655,533,1.1,31.7355,24.8553
2004,6,5,17,0,24.6,285,108,340,1.1,25.8239,20.1751
2004,6,5,17,30,24.200000000000003,114,572,356,1,19.8375,15.4406
2004,6,5,18,0,23.900000000000002,94,512,266,0.9,14.2176,11.0028
2004,6,5,18,30,23,77,413,178,0.8,9.1253,7.0016
2004,6,5,19,0,22,53,293,99,0.7000000000000001,0.0000,0.0000
2004,6,5,19,30,21.1,26,121,35,0.8,0.0000,0.0000
2004,6,5,20,0,20.200000000000003,0,0,0,0.9,0.0000,0.0000
2004,6,5,20,30,19.5,0,0,0,1.1,0.0000,0.0000
2004,6,5,21,0,18.8,0,0,0,1.3,0.0000,0.0000
2004,6,5,21,30,18.3,0,0,0,1.6,0.0000,0.0000
2004,6,5,22,0,17.8,0,0,0,1.8,0.0000,0.0000
2004,6,5,22,30,17.5,0,0,0,1.9000000000000001,0.0000,0.0000
2004,6,5,23,0,17.1,0,0,0,2,0.0000,0.0000
2004,6,5,23,30,16.8,0,0,0,2,0.0000,0.0000
2004,6,6,0,0,16.6,0,0,0,2,0.0000,0.0000
2004,6,6,0,30,16.400000000000002,0,0,0,1.9000000000000001,0.0000,0.0000
2004,6,6,1,0,16.3,0,0,0,1.8,0.0000,0.0000
2004,6,6,1,30,16.1,0,0,0,1.7000000000000002,0.0000,0.0000
2004,6,6,2,0,15.9,0,0,0,1.5,0.0000,0.0000
2004,6,6,2,30,15.700000000000001,0,0,0,1.4000000000000001,0.0000,0.0000
2004,6,6,3,0,15.600000000000001,0,0,0,1.3,0.0000,0.0000
2004,6,6,3,30,15.4,0,0,0,1.3,0.0000,0.0000
2004,6,6,4,0,15.3,0,0,0,1.2000000000000002,0.0000,0.0000
2004,6,6,4,30,15.700000000000001,0,0,0,1.3,0.0000,0.0000
2004,6,6,5,0,16,0,0,0,1.4000000000000001,0.0000,0.0000
2004,6,6,5,30,16.900000000000002,33,220,53,1.7000000000000002,0.0000,0.0000
2004,6,6,6,0,17.8,53,409,127,1.9000000000000001,0.7150,0.5450
2004,6,6,6,30,19.1,69,536,214,1.7000000000000002,0.9832,0.7564
2004,6,6,7,0,20.400000000000002,181,13,185,1.5,2.1177,1.6419
2004,6,6,7,30,21.700000000000003,218,22,228,1.4000000000000001,5.4457,4.2438
2004,6,6,8,0,23.1,246,27,261,1.4000000000000001,11.2666,8.8091
2004,6,6,8,30,24,296,44,323,1.8,23.7592,18.6183
2004,6,6,9,0,24.900000000000002,305,10,311,2.1,32.3608,25.3982
2004,6,6,9,30,25.5,376,55,418,2.4000000000000004,36.8987,28.9918
2004,6,6,10,0,26.200000000000003,433,114,525,2.8000000000000003,41.4187,32.5691
2004,6,6,10,30,26.8,477,223,668,3,41.6057,32.7349
2004,6,6,11,0,27.3,500,225,702,3.2,31.4507,24.7550
2004,6,6,11,30,27.700000000000003,511,247,739,3.4000000000000004,23.4449,18.4584
2004,6,6,12,0,28,525,223,735,3.6,14.2359,11.2097
2004,6,6,12,30,28.200000000000003,528,224,739,3.7,24.6834,19.4370
2004,6,6,13,0,28.400000000000002,498,318,797,3.9000000000000004,16.2535,12.7980
2004,6,6,13,30,28.400000000000002,510,248,738,4.1000000000000005,15.1056,11.8921
2004,6,6,14,0,28.5,477,294,739,4.2,22.8228,17.9623
2004,6,6,14,30,28.400000000000002,477,201,647,4.4,40.4316,31.8069
2004,6,6,15,0,28.3,356,475,734,4.5,38.1303,29.9777
2004,6,6,15,30,28.1,414,183,549,4.6000000000000005,33.3948,26.2320
2004,6,6,16,0,27.900000000000002,371,194,501,4.7,32.0912,25.1776
2004,6,6,16,30,27.5,233,399,469,4.800000000000001,30.3270,23.7530
2004,6,6,17,0,27.1,252,316,413,4.800000000000001,18.8119,14.6977
2004,6,6,17,30,26.400000000000002,228,171,301,4.6000000000000005,18.9983,14.7886
2004,6,6,18,0,25.8,173,200,241,4.4,13.5674,10.5010
2004,6,6,18,30,24.700000000000003,130,114,159,3.9000000000000004,8.6469,6.6358
2004,6,6,19,0,23.6,54,307,103,3.5,0.0000,0.0000
2004,6,6,19,30,22.900000000000002,27,134,37,3.6,0.0000,0.0000
2004,6,6,20,0,22.200000000000003,0,0,0,3.6,0.0000,0.0000
2004,6,6,20,30,21.900000000000002,0,0,0,3.9000000000000004,0.0000,0.0000
2004,6,6,21,0,21.5,0,0,0,4.2,0.0000,0.0000
2004,6,6,21,30,21.3,0,0,0,4.4,0.0000,0.0000
2004,6,6,22,0,21.1,0,0,0,4.7,0.0000,0.0000
2004,6,6,22,30,20.900000000000002,0,0,0,4.7,0.0000,0.0000
2004,6,6,23,0,20.700000000000003,0,0,0,4.800000000000001,0.0000,0.0000
2004,6,6,23,30,20.5,0,0,0,4.7,0.0000,0.0000
2004,6,7,0,0,20.400000000000002,0,0,0,4.7,0.0000,0.0000
2004,6,7,0,30,20.3,0,0,0,4.800000000000001,0.0000,0.0000
2004,6,7,1,0,20.3,0,0,0,4.800000000000001,0.0000,0.0000
2004,6,7,1,30,20.200000000000003,0,0,0,4.9,0.0000,0.0000
2004,6,7,2,0,20.1,0,0,0,4.9,0.0000,0.0000
2004,6,7,2,30,20,0,0,0,4.9,0.0000,0.0000
2004,6,7,3,0,19.8,0,0,0,4.9,0.0000,0.0000
2004,6,7,3,30,19.700000000000003,0,0,0,4.9,0.0000,0.0000
2004,6,7,4,0,19.6,0,0,0,4.800000000000001,0.0000,0.0000
2004,6,7,4,30,19.6,0,0,0,4.9,0.0000,0.0000
2004,6,7,5,0,19.6,0,0,0,4.9,0.0000,0.0000
2004,6,7,5,30,20.3,31,233,53,5.300000000000001,0.0000,0.0000
2004,6,7,6,0,21,50,418,126,5.6000000000000005,6.0533,4.6149
2004,6,7,6,30,22.200000000000003,65,543,212,6.1000000000000005,10.5234,8.0962
2004,6,7,7,0,23.3,75,634,303,6.5,9.5581,7.4110
2004,6,7,7,30,24.400000000000002,85,699,397,6.6000000000000005,12.2958,9.5822
2004,6,7,8,0,25.5,92,751,492,6.800000000000001,14.5597,11.3841
2004,6,7,8,30,26.5,98,791,582,6.9,18.4944,14.4928
2004,6,7,9,0,27.5,101,827,668,7,18.1682,14.2593
2004,6,7,9,30,28.3,105,850,745,7.1000000000000005,24.7987,19.4848
2004,6,7,10,0,29.200000000000003,108,870,813,7.2,31.5167,24.7829
2004,6,7,10,30,29.8,111,883,870,7.2,40.4575,31.8317
2004,6,7,11,0,30.5,112,895,915,7.300000000000001,42.7902,33.6805
2004,6,7,11,30,30.900000000000002,114,903,950,7.300000000000001,45.2402,35.6182
2004,6,7,12,0,31.3,131,884,964,7.4,45.1045,35.5165
2004,6,7,12,30,31.6,132,885,969,7.4,45.3794,35.7344
2004,6,7,13,0,31.8,127,890,963,7.4,48.8875,38.4944
2004,6,7,13,30,31.8,126,886,940,7.4,45.1382,35.5360
2004,6,7,14,0,31.8,119,885,906,7.4,44.9826,35.4030
2004,6,7,14,30,31.6,117,874,858,7.300000000000001,39.1084,30.7663
2004,6,7,15,0,31.400000000000002,109,869,802,7.300000000000001,43.9457,34.5503
2004,6,7,15,30,31,105,850,732,7.1000000000000005,32.4568,25.4957
2004,6,7,16,0,30.6,261,564,638,7,29.1351,22.8589
2004,6,7,16,30,30,92,802,567,6.800000000000001,26.6959,20.9098
2004,6,7,17,0,29.3,84,766,476,6.5,22.8626,17.8634
2004,6,7,17,30,28.5,77,715,382,6.2,16.0739,12.5131
2004,6,7,18,0,27.700000000000003,68,646,286,5.800000000000001,12.3023,9.5229
2004,6,7,18,30,26.700000000000003,57,553,195,5.4,7.7296,5.9328
2004,6,7,19,0,25.700000000000003,43,415,110,5.1000000000000005,0.0000,0.0000
2004,6,7,19,30,24.8,25,223,41,4.9,0.0000,0.0000
2004,6,7,20,0,24,0,0,0,4.800000000000001,0.0000,0.0000
2004,6,7,20,30,23.5,0,0,0,4.800000000000001,0.0000,0.0000
2004,6,7,21,0,23,0,0,0,4.800000000000001,0.0000,0.0000
2004,6,7,21,30,22.400000000000002,0,0,0,4.6000000000000005,0.0000,0.0000
2004,6,7,22,0,21.900000000000002,0,0,0,4.4,0.0000,0.0000
2004,6,7,22,30,21.6,0,0,0,4.5,0.0000,0.0000
2004,6,7,23,0,21.200000000000003,0,0,0,4.5,0.0000,0.0000
2004,6,7,23,30,21,0,0,0,4.5,0.0000,0.0000
2004,6,8,0,0,20.8,0,0,0,4.4,0.0000,0.0000
2004,6,8,0,30,20.700000000000003,0,0,0,4.2,0.0000,0.0000
2004,6,8,1,0,20.6,0,0,0,4,0.0000,0.0000
2004,6,8,1,30,20.6,0,0,0,3.8000000000000003,0.0000,0.0000
2004,6,8,2,0,20.5,0,0,0,3.5,0.0000,0.0000
2004,6,8,2,30,20.400000000000002,0,0,0,3.3000000000000003,0.0000,0.0000
2004,6,8,3,0,20.3,0,0,0,3.1,0.0000,0.0000
2004,6,8,3,30,20.200000000000003,0,0,0,2.9000000000000004,0.0000,0.0000
2004,6,8,4,0,20.1,0,0,0,2.8000000000000003,0.0000,0.0000
2004,6,8,4,30,20.3,0,0,0,2.9000000000000004,0.0000,0.0000
2004,6,8,5,0,20.5,0,0,0,3,0.0000,0.0000
2004,6,8,5,30,21.200000000000003,28,1,28,3.1,0.0000,0.0000
2004,6,8,6,0,21.900000000000002,48,2,49,3.3000000000000003,6.0056,4.5787
2004,6,8,6,30,22.900000000000002,70,0,70,3.5,10.4278,8.0231
2004,6,8,7,0,23.900000000000002,126,2,126,3.7,15.6573,12.1404
2004,6,8,7,30,24.900000000000002,129,0,129,3.7,21.4128,16.6873
2004,6,8,8,0,25.900000000000002,127,3,129,3.8000000000000003,27.4488,21.4621
2004,6,8,8,30,26.6,337,140,423,3.8000000000000003,33.3269,26.1163
2004,6,8,9,0,27.3,275,381,536,3.7,39.0260,30.6297
2004,6,8,9,30,27.900000000000002,302,384,591,3.9000000000000004,44.2019,34.7304
2004,6,8,10,0,28.400000000000002,281,494,681,4,48.8077,38.3797
2004,6,8,10,30,28.8,398,403,744,4.2,52.6950,41.4601
2004,6,8,11,0,29.200000000000003,250,601,790,4.5,55.7770,43.9026
2004,6,8,11,30,29.400000000000002,283,551,793,4.6000000000000005,58.1608,45.7909
2004,6,8,12,0,29.5,242,638,842,4.800000000000001,59.1616,46.5857
2004,6,8,12,30,29.6,277,604,849,4.800000000000001,59.5079,46.8602
2004,6,8,13,0,29.700000000000003,259,577,801,4.9,59.0757,46.5169
2004,6,8,13,30,29.700000000000003,421,276,675,4.800000000000001,57.4999,45.2683
2004,6,8,14,0,29.700000000000003,421,286,675,4.7,55.1550,43.4095
2004,6,8,14,30,29.700000000000003,357,382,682,4.5,51.8701,40.8062
2004,6,8,15,0,29.6,338,310,586,4.3,48.0259,37.7586
2004,6,8,15,30,29.5,282,410,585,4.1000000000000005,43.2860,34.0028
2004,6,8,16,0,29.400000000000002,178,606,584,3.9000000000000004,37.1134,29.1192
2004,6,8,16,30,29.1,186,523,496,3.8000000000000003,32.2868,25.2897
2004,6,8,17,0,28.700000000000003,176,491,428,3.7,26.3635,20.5998
2004,6,8,17,30,28.1,150,483,357,3.8000000000000003,20.4128,15.8920
2004,6,8,18,0,27.400000000000002,132,415,273,3.9000000000000004,14.6112,11.3115
2004,6,8,18,30,26.700000000000003,108,310,185,4,9.4876,7.2834
2004,6,8,19,0,25.900000000000002,46,369,106,4.2,0.0000,0.0000
2004,6,8,19,30,25.400000000000002,29,2,29,4.4,0.0000,0.0000
2004,6,8,20,0,24.900000000000002,0,0,0,4.6000000000000005,0.0000,0.0000
2004,6,8,20,30,24.5,0,0,0,4.7,0.0000,0.0000
2004,6,8,21,0,24.1,0,0,0,4.800000000000001,0.0000,0.0000
2004,6,8,21,30,23.8,0,0,0,4.800000000000001,0.0000,0.0000
2004,6,8,22,0,23.400000000000002,0,0,0,4.7,0.0000,0.0000
2004,6,8,22,30,22.900000000000002,0,0,0,4.5,0.0000,0.0000
2004,6,8,23,0,22.5,0,0,0,4.3,0.0000,0.0000
2004,6,8,23,30,22,0,0,0,4.2,0.0000,0.0000
2004,6,9,0,0,21.5,0,0,0,4,0.0000,0.0000
2004,6,9,0,30,21.1,0,0,0,3.9000000000000004,0.0000,0.0000
2004,6,9,1,0,20.700000000000003,0,0,0,3.7,0.0000,0.0000
2004,6,9,1,30,20.3,0,0,0,3.5,0.0000,0.0000
2004,6,9,2,0,19.8,0,0,0,3.2,0.0000,0.0000
2004,6,9,2,30,19.5,0,0,0,3,0.0000,0.0000
2004,6,9,3,0,19.1,0,0,0,2.7,0.0000,0.0000
2004,6,9,3,30,18.900000000000002,0,0,0,2.5,0.0000,0.0000
2004,6,9,4,0,18.7,0,0,0,2.4000000000000004,0.0000,0.0000
2004,6,9,4,30,18.8,0,0,0,2.6,0.0000,0.0000
2004,6,9,5,0,19,0,0,0,2.9000000000000004,0.0000,0.0000
2004,6,9,5,30,19.8,28,0,28,3.2,0.0000,0.0000
2004,6,9,6,0,20.6,66,1,66,3.5,2.3355,1.7807
2004,6,9,6,30,21.700000000000003,62,3,63,3.6,3.4438,2.6497
2004,6,9,7,0,22.8,77,2,78,3.7,6.5121,5.0495
2004,6,9,7,30,23.8,87,0,87,3.2,6.9588,5.4232
2004,6,9,8,0,24.700000000000003,243,99,296,2.8000000000000003,7.1973,5.6276
2004,6,9,8,30,25.400000000000002,270,79,318,2.5,24.2231,18.9823
2004,6,9,9,0,26,314,197,449,2.2,31.3163,24.5788
2004,6,9,9,30,26.5,307,338,561,2.2,35.0666,27.5527
2004,6,9,10,0,27,339,241,534,2.2,40.8856,32.1503
2004,6,9,10,30,27.400000000000002,359,340,651,2.3000000000000003,45.0654,35.4573
2004,6,9,11,0,27.900000000000002,410,186,577,2.4000000000000004,48.1596,37.9070
2004,6,9,11,30,28.200000000000003,411,275,665,2.4000000000000004,48.5519,38.2258
2004,6,9,12,0,28.5,451,140,583,2.3000000000000003,51.6775,40.6926
2004,6,9,12,30,28.6,416,303,704,2.3000000000000003,52.1419,41.0600
2004,6,9,13,0,28.700000000000003,489,313,783,2.2,49.1417,38.6949
2004,6,9,13,30,28.6,168,803,908,2,41.2937,32.5097
2004,6,9,14,0,28.5,490,201,669,1.8,41.0971,32.3455
2004,6,9,14,30,28.400000000000002,469,182,624,1.7000000000000002,41.2361,32.4408
2004,6,9,15,0,28.200000000000003,391,58,437,1.5,35.0977,27.5947
2004,6,9,15,30,28,332,274,534,1.5,34.6015,27.1812
2004,6,9,16,0,27.900000000000002,210,591,606,1.5,33.9824,26.6632
2004,6,9,16,30,27.400000000000002,236,360,451,1.7000000000000002,28.2536,22.1312
2004,6,9,17,0,27,237,205,342,1.9000000000000001,23.7171,18.5328
2004,6,9,17,30,26.3,192,267,307,2,19.0895,14.8628
2004,6,9,18,0,25.6,156,174,215,2.1,13.9584,10.8073
2004,6,9,18,30,24.900000000000002,119,96,144,1.7000000000000002,9.0071,6.9156
2004,6,9,19,0,24.1,47,2,48,1.4000000000000001,0.0000,0.0000
2004,6,9,19,30,23.6,33,2,33,1.7000000000000002,0.0000,0.0000
2004,6,9,20,0,23.1,0,0,0,1.9000000000000001,0.0000,0.0000
2004,6,9,20,30,22.8,0,0,0,2.3000000000000003,0.0000,0.0000
2004,6,9,21,0,22.5,0,0,0,2.6,0.0000,0.0000
2004,6,9,21,30,22.1,0,0,0,2.7,0.0000,0.0000
2004,6,9,22,0,21.700000000000003,0,0,0,2.8000000000000003,0.0000,0.0000
2004,6,9,22,30,21.3,0,0,0,2.7,0.0000,0.0000
2004,6,9,23,0,21,0,0,0,2.5,0.0000,0.0000
2004,6,9,23,30,20.8,0,0,0,2.4000000000000004,0.0000,0.0000
2004,6,10,0,0,20.5,0,0,0,2.3000000000000003,0.0000,0.0000
2004,6,10,0,30,20.400000000000002,0,0,0,2.2,0.0000,0.0000
2004,6,10,1,0,20.200000000000003,0,0,0,2,0.0000,0.0000
2004,6,10,1,30,20,0,0,0,1.9000000000000001,0.0000,0.0000
2004,6,10,2,0,19.8,0,0,0,1.7000000000000002,0.0000,0.0000
2004,6,10,2,30,19.700000000000003,0,0,0,1.4000000000000001,0.0000,0.0000
2004,6,10,3,0,19.5,0,0,0,1.1,0.0000,0.0000
2004,6,10,3,30,19.3,0,0,0,1,0.0000,0.0000
2004,6,10,4,0,19.1,0,0,0,0.9,0.0000,0.0000
2004,6,10,4,30,19.3,0,0,0,1.2000000000000002,0.0000,0.0000
2004,6,10,5,0,19.5,0,0,0,1.5,0.0000,0.0000
2004,6,10,5,30,19.900000000000002,30,1,30,1.9000000000000001,0.0000,0.0000
2004,6,10,6,0,20.3,47,2,47,2.3000000000000003,3.1458,2.3985
2004,6,10,6,30,20.700000000000003,70,505,207,2.3000000000000003,3.1000,2.3853
2004,6,10,7,0,21.1,75,2,75,2.3000000000000003,4.0320,3.1265
2004,6,10,7,30,21.6,111,4,113,2.3000000000000003,4.6934,3.6578
2004,6,10,8,0,22.1,49,0,49,2.3000000000000003,16.5165,12.9144
2004,6,10,8,30,22.6,223,34,244,2.3000000000000003,18.2118,14.2716
2004,6,10,9,0,23.1,264,45,294,2.3000000000000003,26.2341,20.5900
2004,6,10,9,30,23.700000000000003,311,50,348,2.4000000000000004,33.2874,26.1547
2004,6,10,10,0,24.3,294,14,306,2.4000000000000004,32.0613,25.2114
2004,6,10,10,30,24.900000000000002,391,83,463,2.6,39.4334,31.0262
2004,6,10,11,0,25.6,344,416,717,2.7,35.1761,27.6876
2004,6,10,11,30,26.200000000000003,384,356,713,2.9000000000000004,40.7170,32.0574
2004,6,10,12,0,26.8,389,250,624,3,35.7836,28.1773
2004,6,10,12,30,27.3,368,18,386,3.1,43.2399,34.0501
2004,6,10,13,0,27.8,320,615,898,3.2,48.0412,37.8286
2004,6,10,13,30,28.1,119,880,930,3.3000000000000003,55.5529,43.7360
2004,6,10,14,0,28.400000000000002,445,89,525,3.5,40.7365,32.0619
2004,6,10,14,30,28.5,402,35,432,3.6,37.7347,29.6865
2004,6,10,15,0,28.6,111,844,786,3.8000000000000003,26.1784,20.5823
2004,6,10,15,30,28.5,389,110,471,3.9000000000000004,31.5923,24.8178
2004,6,10,16,0,28.400000000000002,336,71,384,4,35.2719,27.6756
2004,6,10,16,30,28.1,185,554,516,3.9000000000000004,25.7003,20.1318
2004,6,10,17,0,27.700000000000003,263,204,368,3.8000000000000003,18.9600,14.8162
2004,6,10,17,30,27.1,195,18,203,3.5,16.4254,12.7895
2004,6,10,18,0,26.5,76,594,279,3.3000000000000003,11.0017,8.5191
2004,6,10,18,30,25.6,63,499,190,3.2,7.0162,5.3879
2004,6,10,19,0,24.8,50,342,106,3.1,0.0000,0.0000
2004,6,10,19,30,24.200000000000003,28,165,40,3.4000000000000004,0.0000,0.0000
2004,6,10,20,0,23.700000000000003,0,0,0,3.7,0.0000,0.0000
2004,6,10,20,30,23.3,0,0,0,3.8000000000000003,0.0000,0.0000
2004,6,10,21,0,22.900000000000002,0,0,0,4,0.0000,0.0000
2004,6,10,21,30,22.5,0,0,0,4,0.0000,0.0000
2004,6,10,22,0,22.1,0,0,0,4,0.0000,0.0000
2004,6,10,22,30,21.8,0,0,0,4,0.0000,0.0000
2004,6,10,23,0,21.6,0,0,0,4,0.0000,0.0000
2004,6,10,23,30,21.5,0,0,0,4.1000000000000005,0.0000,0.0000
2004,6,11,0,0,21.5,0,0,0,4.2,0.0000,0.0000
2004,6,11,0,30,21.6,0,0,0,4.3,0.0000,0.0000
2004,6,11,1,0,21.6,0,0,0,4.4,0.0000,0.0000
2004,6,11,1,30,21.6,0,0,0,4.4,0.0000,0.0000
2004,6,11,2,0,21.6,0,0,0,4.5,0.0000,0.0000
2004,6,11,2,30,21.5,0,0,0,4.5,0.0000,0.0000
2004,6,11,3,0,21.5,0,0,0,4.4,0.0000,0.0000
2004,6,11,3,30,21.400000000000002,0,0,0,4.3,0.0000,0.0000
2004,6,11,4,0,21.3,0,0,0,4.1000000000000005,0.0000,0.0000
2004,6,11,4,30,21.400000000000002,0,0,0,3.9000000000000004,0.0000,0.0000
2004,6,11,5,0,21.400000000000002,0,0,0,3.7,0.0000,0.0000
2004,6,11,5,30,21.8,35,202,54,3.8000000000000003,0.0000,0.0000
2004,6,11,6,0,22.200000000000003,57,389,128,3.8000000000000003,2.2402,1.7080
2004,6,11,6,30,22.900000000000002,74,519,215,3.4000000000000004,10.1865,7.8381
2004,6,11,7,0,23.5,198,23,206,3.1,3.8773,3.0065
2004,6,11,7,30,24.3,250,48,272,2.7,6.0965,4.7512
2004,6,11,8,0,25.1,121,0,121,2.3000000000000003,2.7342,2.1379
2004,6,11,8,30,25.8,211,1,212,2.3000000000000003,13.9738,10.9505
2004,6,11,9,0,26.6,279,2,280,2.3000000000000003,17.1783,13.4826
2004,6,11,9,30,27.3,175,0,175,2.6,20.6494,16.2248
2004,6,11,10,0,28,410,63,461,3,18.3726,14.4473
2004,6,11,10,30,28.6,461,131,574,3.4000000000000004,28.0464,22.0669
2004,6,11,11,0,29.1,325,613,876,3.8000000000000003,43.7126,34.4069
2004,6,11,11,30,29.400000000000002,124,892,951,4.1000000000000005,43.6578,34.3728
2004,6,11,12,0,29.700000000000003,120,904,973,4.4,38.3021,30.1606
2004,6,11,12,30,29.900000000000002,120,908,981,4.5,23.7096,18.6706
2004,6,11,13,0,30,118,912,976,4.6000000000000005,55.1014,43.3882
2004,6,11,13,30,30,117,912,958,4.6000000000000005,56.9042,44.8001
2004,6,11,14,0,30,112,911,925,4.5,31.9718,25.1638
2004,6,11,14,30,29.900000000000002,110,905,881,4.4,26.1279,20.5554
2004,6,11,15,0,29.8,105,898,824,4.3,47.0929,37.0263
2004,6,11,15,30,29.6,101,883,755,4.2,27.8709,21.8947
2004,6,11,16,0,29.3,94,868,678,4,22.3565,17.5420
2004,6,11,16,30,28.700000000000003,89,838,590,3.5,29.4144,23.0418
2004,6,11,17,0,28.200000000000003,81,807,498,3.1,20.4105,15.9503
2004,6,11,17,30,27.200000000000003,74,758,401,2.4000000000000004,10.8674,8.4623
2004,6,11,18,0,26.200000000000003,64,700,305,1.7000000000000002,14.2869,11.0641
2004,6,11,18,30,24.6,55,607,209,1.4000000000000001,9.2638,7.1149
2004,6,11,19,0,23.1,42,485,122,1,0.0000,0.0000
2004,6,11,19,30,22.700000000000003,25,286,48,1,0.0000,0.0000
2004,6,11,20,0,22.3,0,0,0,1,0.0000,0.0000
2004,6,11,20,30,22.200000000000003,0,0,0,1,0.0000,0.0000
2004,6,11,21,0,22.1,0,0,0,1,0.0000,0.0000
2004,6,11,21,30,21.3,0,0,0,1.1,0.0000,0.0000
2004,6,11,22,0,20.6,0,0,0,1.2000000000000002,0.0000,0.0000
2004,6,11,22,30,19.900000000000002,0,0,0,1.2000000000000002,0.0000,0.0000
2004,6,11,23,0,19.1,0,0,0,1.3,0.0000,0.0000
2004,6,11,23,30,18.6,0,0,0,1.3,0.0000,0.0000
2004,6,12,0,0,18.2,0,0,0,1.2000000000000002,0.0000,0.0000
2004,6,12,0,30,17.900000000000002,0,0,0,1.2000000000000002,0.0000,0.0000
2004,6,12,1,0,17.5,0,0,0,1.1,0.0000,0.0000
2004,6,12,1,30,17.1,0,0,0,1.1,0.0000,0.0000
2004,6,12,2,0,16.6,0,0,0,1,0.0000,0.0000
2004,6,12,2,30,16.1,0,0,0,1,0.0000,0.0000
2004,6,12,3,0,15.600000000000001,0,0,0,1,0.0000,0.0000
2004,6,12,3,30,15.3,0,0,0,1,0.0000,0.0000
2004,6,12,4,0,14.9,0,0,0,1.1,0.0000,0.0000
2004,6,12,4,30,15,0,0,0,1.2000000000000002,0.0000,0.0000
2004,6,12,5,0,15,0,0,0,1.3,0.0000,0.0000
2004,6,12,5,30,16.2,29,307,58,1.8,0.0000,0.0000
2004,6,12,6,0,17.3,46,480,133,2.4000000000000004,6.1009,4.6517
2004,6,12,6,30,18.400000000000002,59,602,222,2.4000000000000004,10.5812,8.1419
2004,6,12,7,0,19.5,71,676,314,2.4000000000000004,10.6495,8.2579
2004,6,12,7,30,21,80,737,410,2.7,14.6748,11.4366
2004,6,12,8,0,22.5,91,771,501,2.9000000000000004,6.7517,5.2792
2004,6,12,8,30,23.400000000000002,97,804,589,3,12.1412,9.5144
2004,6,12,9,0,24.3,112,808,667,3.1,16.3603,12.8405
2004,6,12,9,30,24.900000000000002,118,827,740,3.1,10.3840,8.1590
2004,6,12,10,0,25.6,186,625,693,3.2,27.6795,21.7658
2004,6,12,10,30,26,272,549,744,3.3000000000000003,34.7709,27.3577
2004,6,12,11,0,26.400000000000002,163,0,164,3.5,53.4082,42.0385
2004,6,12,11,30,26.5,123,0,123,3.7,58.2331,45.8484
2004,6,12,12,0,26.700000000000003,67,0,67,3.9000000000000004,59.7268,47.0314
2004,6,12,12,30,26.6,78,0,78,4,60.2602,47.4534
2004,6,12,13,0,26.6,90,0,90,4,59.8917,47.1604
2004,6,12,13,30,26.700000000000003,89,0,89,4.1000000000000005,58.6224,46.1530
2004,6,12,14,0,26.700000000000003,88,0,88,4.2,56.3371,44.3410
2004,6,12,14,30,26.700000000000003,111,0,111,4.9,53.2907,41.9253
2004,6,12,15,0,26.8,97,0,97,5.6000000000000005,49.3776,38.8232
2004,6,12,15,30,26.400000000000002,122,0,123,6.2,44.6856,35.1044
2004,6,12,16,0,26.1,65,0,65,6.7,39.4836,30.9815
2004,6,12,16,30,25.3,43,0,43,5.6000000000000005,33.6428,26.3548
2004,6,12,17,0,24.6,65,0,65,4.4,27.6331,21.5955
2004,6,12,17,30,23.6,58,0,58,4,21.4796,16.7269
2004,6,12,18,0,22.6,71,1,71,3.7,15.6281,12.1038
2004,6,12,18,30,22,46,0,46,3.1,10.1972,7.8329
2004,6,12,19,0,21.5,7,0,7,2.6,0.0000,0.0000
2004,6,12,19,30,21.200000000000003,16,0,16,2.2,0.0000,0.0000
2004,6,12,20,0,20.900000000000002,0,0,0,1.9000000000000001,0.0000,0.0000
2004,6,12,20,30,20.5,0,0,0,1.5,0.0000,0.0000
2004,6,12,21,0,20.1,0,0,0,1.2000000000000002,0.0000,0.0000
2004,6,12,21,30,19.8,0,0,0,1.1,0.0000,0.0000
2004,6,12,22,0,19.6,0,0,0,1,0.0000,0.0000
2004,6,12,22,30,19.400000000000002,0,0,0,1,0.0000,0.0000
2004,6,12,23,0,19.200000000000003,0,0,0,0.9,0.0000,0.0000
2004,6,12,23,30,19,0,0,0,0.9,0.0000,0.0000
2004,6,13,0,0,18.8,0,0,0,1,0.0000,0.0000
2004,6,13,0,30,18.6,0,0,0,1.1,0.0000,0.0000
2004,6,13,1,0,18.3,0,0,0,1.2000000000000002,0.0000,0.0000
2004,6,13,1,30,18.1,0,0,0,1.4000000000000001,0.0000,0.0000
2004,6,13,2,0,18,0,0,0,1.5,0.0000,0.0000
2004,6,13,2,30,17.8,0,0,0,1.7000000000000002,0.0000,0.0000
2004,6,13,3,0,17.7,0,0,0,1.8,0.0000,0.0000
2004,6,13,3,30,17.400000000000002,0,0,0,1.9000000000000001,0.0000,0.0000
2004,6,13,4,0,17.2,0,0,0,1.9000000000000001,0.0000,0.0000
2004,6,13,4,30,17.3,0,0,0,2,0.0000,0.0000
2004,6,13,5,0,17.400000000000002,0,0,0,2,0.0000,0.0000
2004,6,13,5,30,17.900000000000002,31,1,32,2.2,0.0000,0.0000
2004,6,13,6,0,18.3,65,1,65,2.3000000000000003,6.3392,4.8335
2004,6,13,6,30,19,25,0,25,2.6,10.9257,8.4070
2004,6,13,7,0,19.8,21,0,21,2.8000000000000003,16.2328,12.5873
2004,6,13,7,30,20.700000000000003,243,51,266,3,22.1200,17.2390
2004,6,13,8,0,21.6,274,257,411,3.2,27.9553,21.8585
2004,6,13,8,30,22.6,107,785,587,3.5,33.7319,26.4339
2004,6,13,9,0,23.700000000000003,106,832,677,3.7,38.9725,30.5880
2004,6,13,9,30,24.5,111,856,755,3.8000000000000003,43.9096,34.5009
2004,6,13,10,0,25.3,109,886,828,3.9000000000000004,41.6093,32.7195
2004,6,13,10,30,26,112,900,886,3.9000000000000004,45.0695,35.4608
2004,6,13,11,0,26.6,112,914,933,3.9000000000000004,9.9989,7.8703
2004,6,13,11,30,27,114,921,967,3.9000000000000004,7.5319,5.9300
2004,6,13,12,0,27.400000000000002,113,925,985,3.8000000000000003,4.1129,3.2387
2004,6,13,12,30,27.5,112,926,990,3.8000000000000003,4.7916,3.7732
2004,6,13,13,0,27.700000000000003,111,926,983,3.7,5.5231,4.3491
2004,6,13,13,30,27.700000000000003,110,919,959,3.5,5.4466,4.2881
2004,6,13,14,0,27.6,107,914,924,3.4000000000000004,5.3602,4.2188
2004,6,13,14,30,27.5,464,140,584,3.3000000000000003,6.7150,5.2829
2004,6,13,15,0,27.400000000000002,429,123,528,3.1,5.8135,4.5709
2004,6,13,15,30,27.1,275,602,722,3,7.2812,5.7201
2004,6,13,16,0,26.900000000000002,94,843,663,2.9000000000000004,3.7862,2.9709
2004,6,13,16,30,26.5,254,463,531,2.6,2.4528,1.9215
2004,6,13,17,0,26.1,86,763,481,2.4000000000000004,3.6081,2.8199
2004,6,13,17,30,25.400000000000002,78,711,387,2,3.1083,2.4207
2004,6,13,18,0,24.8,71,634,290,1.6,3.6406,2.8199
2004,6,13,18,30,23.5,60,543,200,1.4000000000000001,2.2457,1.7252
2004,6,13,19,0,22.200000000000003,47,399,114,1.1,0.0000,0.0000
2004,6,13,19,30,21.1,28,216,45,1.2000000000000002,0.0000,0.0000
2004,6,13,20,0,20,0,0,0,1.2000000000000002,0.0000,0.0000
2004,6,13,20,30,19.6,0,0,0,1.3,0.0000,0.0000
2004,6,13,21,0,19.200000000000003,0,0,0,1.4000000000000001,0.0000,0.0000
2004,6,13,21,30,18.8,0,0,0,1.4000000000000001,0.0000,0.0000
2004,6,13,22,0,18.400000000000002,0,0,0,1.4000000000000001,0.0000,0.0000
2004,6,13,22,30,18.2,0,0,0,1.3,0.0000,0.0000
2004,6,13,23,0,17.900000000000002,0,0,0,1.3,0.0000,0.0000
2004,6,13,23,30,17.7,0,0,0,1.2000000000000002,0.0000,0.0000
2004,6,14,0,0,17.5,0,0,0,1,0.0000,0.0000
2004,6,14,0,30,17.6,0,0,0,0.9,0.0000,0.0000
2004,6,14,1,0,17.6,0,0,0,0.8,0.0000,0.0000
2004,6,14,1,30,17.7,0,0,0,0.7000000000000001,0.0000,0.0000
2004,6,14,2,0,17.7,0,0,0,0.7000000000000001,0.0000,0.0000
2004,6,14,2,30,17.3,0,0,0,0.7000000000000001,0.0000,0.0000
2004,6,14,3,0,16.900000000000002,0,0,0,0.8,0.0000,0.0000
2004,6,14,3,30,16.5,0,0,0,1.2000000000000002,0.0000,0.0000
2004,6,14,4,0,16.2,0,0,0,1.6,0.0000,0.0000
2004,6,14,4,30,16.2,0,0,0,2.3000000000000003,0.0000,0.0000
2004,6,14,5,0,16.1,0,0,0,3,0.0000,0.0000
2004,6,14,5,30,16.5,27,0,27,3.3000000000000003,0.0000,0.0000
2004,6,14,6,0,16.900000000000002,72,2,72,3.6,3.0981,2.3622
2004,6,14,6,30,18,129,12,132,3.9000000000000004,1.2304,0.9467
2004,6,14,7,0,19.1,173,16,178,4.3,1.0856,0.8418
2004,6,14,7,30,20.3,84,705,400,4.4,14.3511,11.1843
2004,6,14,8,0,21.400000000000002,89,761,494,4.6000000000000005,22.9334,17.9318
2004,6,14,8,30,22.3,96,801,586,4.5,33.6160,26.3430
2004,6,14,9,0,23.200000000000003,98,837,672,4.5,39.5556,31.0456
2004,6,14,9,30,23.900000000000002,102,862,751,4.3,44.7997,35.2003
2004,6,14,10,0,24.6,102,886,821,4.2,49.7150,39.0935
2004,6,14,10,30,25.1,105,902,880,4.1000000000000005,53.6723,42.2295
2004,6,14,11,0,25.6,102,918,928,4,56.8848,44.7751
2004,6,14,11,30,26.1,103,927,963,4,59.2158,46.6222
2004,6,14,12,0,26.5,103,932,983,3.9000000000000004,60.4676,47.6149
2004,6,14,12,30,26.8,103,936,991,3.8000000000000003,60.8190,47.8937
2004,6,14,13,0,27,102,938,985,3.8000000000000003,60.3281,47.5043
2004,6,14,13,30,27.1,101,933,964,3.7,58.6926,46.2088
2004,6,14,14,0,27.200000000000003,100,929,931,3.6,56.2869,44.3021
2004,6,14,14,30,27.200000000000003,98,919,883,3.4000000000000004,35.3334,27.7982
2004,6,14,15,0,27.1,95,906,823,3.2,31.6496,24.8850
2004,6,14,15,30,26.900000000000002,92,891,755,3,42.7478,33.5830
2004,6,14,16,0,26.700000000000003,88,871,676,2.8000000000000003,38.6279,30.3111
2004,6,14,16,30,26.3,83,842,589,2.5,30.2979,23.7357
2004,6,14,17,0,25.900000000000002,77,809,497,2.3000000000000003,26.7105,20.8760
2004,6,14,17,30,25.200000000000003,70,762,402,1.9000000000000001,20.7505,16.1610
2004,6,14,18,0,24.6,62,703,306,1.6,14.8794,11.5260
2004,6,14,18,30,23,53,618,212,1.3,9.7698,7.5065
2004,6,14,19,0,21.5,41,496,125,1.1,0.0000,0.0000
2004,6,14,19,30,20.3,25,307,51,1.2000000000000002,0.0000,0.0000
2004,6,14,20,0,19.1,0,0,0,1.3,0.0000,0.0000
2004,6,14,20,30,18.5,0,0,0,1.4000000000000001,0.0000,0.0000
2004,6,14,21,0,18,0,0,0,1.5,0.0000,0.0000
2004,6,14,21,30,17.7,0,0,0,1.6,0.0000,0.0000
2004,6,14,22,0,17.3,0,0,0,1.8,0.0000,0.0000
2004,6,14,22,30,17.1,0,0,0,1.9000000000000001,0.0000,0.0000
2004,6,14,23,0,16.8,0,0,0,2,0.0000,0.0000
2004,6,14,23,30,16.6,0,0,0,2.1,0.0000,0.0000
2004,6,15,0,0,16.400000000000002,0,0,0,2.1,0.0000,0.0000
2004,6,15,0,30,16.1,0,0,0,2.2,0.0000,0.0000
2004,6,15,1,0,15.9,0,0,0,2.2,0.0000,0.0000
2004,6,15,1,30,15.8,0,0,0,2.3000000000000003,0.0000,0.0000
2004,6,15,2,0,15.8,0,0,0,2.4000000000000004,0.0000,0.0000
2004,6,15,2,30,15.700000000000001,0,0,0,2.4000000000000004,0.0000,0.0000
2004,6,15,3,0,15.600000000000001,0,0,0,2.5,0.0000,0.0000
2004,6,15,3,30,15.600000000000001,0,0,0,2.5,0.0000,0.0000
2004,6,15,4,0,15.5,0,0,0,2.6,0.0000,0.0000
2004,6,15,4,30,15.5,0,0,0,2.9000000000000004,0.0000,0.0000
2004,6,15,5,0,15.5,0,0,0,3.2,0.0000,0.0000
2004,6,15,5,30,16,9,0,9,3.3000000000000003,0.0000,0.0000
2004,6,15,6,0,16.5,16,0,16,3.4000000000000004,3.4317,2.6166
2004,6,15,6,30,17,39,0,39,3.4000000000000004,6.4957,4.9982
2004,6,15,7,0,17.400000000000002,81,1,81,3.4000000000000004,9.2012,7.1348
2004,6,15,7,30,17.8,90,1,90,3.5,21.5790,16.8173
2004,6,15,8,0,18.1,261,55,290,3.7,27.5618,21.5506
2004,6,15,8,30,18.7,289,63,327,3.6,33.5573,26.2969
2004,6,15,9,0,19.200000000000003,346,235,507,3.5,39.2622,30.8152
2004,6,15,9,30,20.200000000000003,326,363,599,3.3000000000000003,44.5612,35.0129
2004,6,15,10,0,21.1,270,538,707,3.1,49.2937,38.7622
2004,6,15,10,30,22.5,303,538,766,3.1,53.3081,41.9429
2004,6,15,11,0,23.900000000000002,322,608,869,3.1,56.5806,44.5357
2004,6,15,11,30,25.3,162,823,925,3.3000000000000003,58.9714,46.4299
2004,6,15,12,0,26.6,122,884,957,3.4000000000000004,60.3468,47.5199
2004,6,15,12,30,27.3,122,884,961,3.3000000000000003,60.8824,47.9437
2004,6,15,13,0,27.900000000000002,284,663,909,3.3000000000000003,60.4540,47.6036
2004,6,15,13,30,28.200000000000003,126,870,930,3.2,59.0023,46.4527
2004,6,15,14,0,28.400000000000002,127,859,895,3.1,56.7176,44.6413
2004,6,15,14,30,28.3,124,847,848,3.1,53.4296,42.0355
2004,6,15,15,0,28.3,111,849,794,3.1,49.3387,38.7936
2004,6,15,15,30,28,107,831,725,3.1,44.7097,35.1247
2004,6,15,16,0,27.700000000000003,102,808,648,3.2,39.3944,30.9130
2004,6,15,16,30,27.3,96,778,564,3.2,33.6158,26.3356
2004,6,15,17,0,26.8,90,738,474,3.2,27.6096,21.5795
2004,6,15,17,30,26.200000000000003,82,688,382,3.1,21.5656,16.7967
2004,6,15,18,0,25.700000000000003,72,623,289,3,15.7087,12.1693
2004,6,15,18,30,24.8,60,534,199,2.8000000000000003,10.3623,7.9627
2004,6,15,19,0,23.900000000000002,46,403,115,2.6,0.0000,0.0000
2004,6,15,19,30,23.3,27,225,46,2.6,0.0000,0.0000
2004,6,15,20,0,22.700000000000003,0,0,0,2.6,0.0000,0.0000
2004,6,15,20,30,22.400000000000002,0,0,0,2.6,0.0000,0.0000
2004,6,15,21,0,22.1,0,0,0,2.6,0.0000,0.0000
2004,6,15,21,30,21.900000000000002,0,0,0,2.5,0.0000,0.0000
2004,6,15,22,0,21.6,0,0,0,2.4000000000000004,0.0000,0.0000
2004,6,15,22,30,21.400000000000002,0,0,0,2.3000000000000003,0.0000,0.0000
2004,6,15,23,0,21.1,0,0,0,2.1,0.0000,0.0000
2004,6,15,23,30,21,0,0,0,1.9000000000000001,0.0000,0.0000
2004,6,16,0,0,20.8,0,0,0,1.6,0.0000,0.0000
2004,6,16,0,30,20.700000000000003,0,0,0,1.3,0.0000,0.0000
2004,6,16,1,0,20.6,0,0,0,1.1,0.0000,0.0000
2004,6,16,1,30,20.5,0,0,0,0.9,0.0000,0.0000
2004,6,16,2,0,20.400000000000002,0,0,0,0.8,0.0000,0.0000
2004,6,16,2,30,20.3,0,0,0,0.7000000000000001,0.0000,0.0000
2004,6,16,3,0,20.200000000000003,0,0,0,0.6000000000000001,0.0000,0.0000
2004,6,16,3,30,20.200000000000003,0,0,0,0.7000000000000001,0.0000,0.0000
2004,6,16,4,0,20.1,0,0,0,0.8,0.0000,0.0000
2004,6,16,4,30,20.200000000000003,0,0,0,0.9,0.0000,0.0000
2004,6,16,5,0,20.400000000000002,0,0,0,1,0.0000,0.0000
2004,6,16,5,30,20.8,12,0,12,1.5,0.0000,0.0000
2004,6,16,6,0,21.200000000000003,57,2,57,2,0.7626,0.5815
2004,6,16,6,30,21.5,148,82,170,2.3000000000000003,1.9190,1.4766
2004,6,16,7,0,21.8,13,0,13,2.5,4.1863,3.2461
2004,6,16,7,30,22.200000000000003,35,0,35,2.6,4.8546,3.7833
2004,6,16,8,0,22.700000000000003,177,1,177,2.7,16.1791,12.6504
2004,6,16,8,30,23.3,140,0,140,2.6,18.7249,14.6736
2004,6,16,9,0,24,193,0,193,2.5,29.6210,23.2482
2004,6,16,9,30,24.5,285,2,287,2.4000000000000004,35.5413,27.9256
2004,6,16,10,0,25,453,121,551,2.4000000000000004,42.4482,33.3791
2004,6,16,10,30,25.3,280,1,280,2.3000000000000003,46.4022,36.5093
2004,6,16,11,0,25.6,139,0,139,2.3000000000000003,52.9834,41.7042
2004,6,16,11,30,25.400000000000002,437,21,456,3.2,56.6450,44.5982
2004,6,16,12,0,25.200000000000003,426,12,437,4,58.7517,46.2639
2004,6,16,12,30,24.3,199,770,930,5,59.0412,46.4939
2004,6,16,13,0,23.3,516,269,770,5.9,55.7925,43.9330
2004,6,16,13,30,22,203,757,903,6.6000000000000005,56.9248,44.8173
2004,6,16,14,0,20.700000000000003,194,757,872,7.300000000000001,54.5293,42.9191
2004,6,16,14,30,20.1,190,744,826,7.300000000000001,51.3167,40.3734
2004,6,16,15,0,19.400000000000002,170,753,776,7.300000000000001,47.6068,37.4322
2004,6,16,15,30,19.3,164,731,709,6.9,42.9397,33.7345
2004,6,16,16,0,19.200000000000003,143,730,637,6.5,37.7701,29.6389
2004,6,16,16,30,19,135,694,553,6.1000000000000005,32.1985,25.2259
2004,6,16,17,0,18.900000000000002,122,658,465,5.7,26.3406,20.5883
2004,6,16,17,30,18.6,242,88,280,5.2,20.5015,15.9686
2004,6,16,18,0,18.2,98,522,280,4.6000000000000005,14.8452,11.5014
2004,6,16,18,30,17.6,80,428,192,3.7,9.7320,7.4792
2004,6,16,19,0,16.900000000000002,30,0,30,2.7,0.0000,0.0000
2004,6,16,19,30,16.1,19,0,19,2,0.0000,0.0000
2004,6,16,20,0,15.4,0,0,0,1.3,0.0000,0.0000
2004,6,16,20,30,15.100000000000001,0,0,0,1.1,0.0000,0.0000
2004,6,16,21,0,14.9,0,0,0,1,0.0000,0.0000
2004,6,16,21,30,14.700000000000001,0,0,0,1.1,0.0000,0.0000
2004,6,16,22,0,14.600000000000001,0,0,0,1.1,0.0000,0.0000
2004,6,16,22,30,14.700000000000001,0,0,0,1.9000000000000001,0.0000,0.0000
2004,6,16,23,0,14.8,0,0,0,2.6,0.0000,0.0000
2004,6,16,23,30,14.8,0,0,0,3.2,0.0000,0.0000
2004,6,17,0,0,14.8,0,0,0,3.8000000000000003,0.0000,0.0000
2004,6,17,0,30,14.600000000000001,0,0,0,3.8000000000000003,0.0000,0.0000
2004,6,17,1,0,14.4,0,0,0,3.9000000000000004,0.0000,0.0000
2004,6,17,1,30,14.200000000000001,0,0,0,3.6,0.0000,0.0000
2004,6,17,2,0,14,0,0,0,3.4000000000000004,0.0000,0.0000
2004,6,17,2,30,13.9,0,0,0,3.3000000000000003,0.0000,0.0000
2004,6,17,3,0,13.700000000000001,0,0,0,3.1,0.0000,0.0000
2004,6,17,3,30,13.700000000000001,0,0,0,3.2,0.0000,0.0000
2004,6,17,4,0,13.600000000000001,0,0,0,3.3000000000000003,0.0000,0.0000
2004,6,17,4,30,13.700000000000001,0,0,0,3.4000000000000004,0.0000,0.0000
2004,6,17,5,0,13.700000000000001,0,0,0,3.5,0.0000,0.0000
2004,6,17,5,30,14,18,0,18,3.6,0.0000,0.0000
2004,6,17,6,0,14.3,56,4,57,3.6,2.7168,2.0714
2004,6,17,6,30,14.9,96,11,99,3.6,8.3635,6.4350
2004,6,17,7,0,15.5,88,574,294,3.5,0.6718,0.5209
2004,6,17,7,30,16.2,197,282,323,3.4000000000000004,1.8876,1.4711
2004,6,17,8,0,16.8,207,384,411,3.4000000000000004,9.8738,7.7202
2004,6,17,8,30,17.400000000000002,281,25,296,3.3000000000000003,8.0161,6.2817
2004,6,17,9,0,18.1,303,296,505,3.2,11.2751,8.8493
2004,6,17,9,30,18.5,46,0,46,3.2,17.0281,13.3794
2004,6,17,10,0,19,135,824,803,3.1,33.0807,26.0129
2004,6,17,10,30,19.6,138,839,860,3,16.9611,13.3450
2004,6,17,11,0,20.1,138,857,909,2.9000000000000004,8.4748,6.6707
2004,6,17,11,30,21.200000000000003,140,863,940,2.7,27.9247,21.9859
2004,6,17,12,0,22.200000000000003,128,886,964,2.5,26.8286,21.1261
2004,6,17,12,30,22.900000000000002,128,885,969,2.3000000000000003,57.1385,44.9956
2004,6,17,13,0,23.6,128,882,959,2.1,47.2626,37.2164
2004,6,17,13,30,23.6,290,657,898,2,55.2755,43.5189
2004,6,17,14,0,23.700000000000003,126,862,898,1.9000000000000001,53.1313,41.8190
2004,6,17,14,30,23.400000000000002,123,851,851,1.9000000000000001,49.9901,39.3300
2004,6,17,15,0,23.200000000000003,419,116,513,1.9000000000000001,46.5322,36.5875
2004,6,17,15,30,22.700000000000003,188,0,189,1.9000000000000001,41.9985,32.9954
2004,6,17,16,0,22.200000000000003,177,0,177,1.9000000000000001,37.1362,29.1419
2004,6,17,16,30,21.8,126,0,127,1.9000000000000001,31.5785,24.7406
2004,6,17,17,0,21.3,166,1,166,2,25.8490,20.2046
2004,6,17,17,30,20.8,136,1,136,1.9000000000000001,15.0337,11.7103
2004,6,17,18,0,20.400000000000002,83,0,83,1.8,14.3905,11.1499
2004,6,17,18,30,19.700000000000003,53,0,53,1.6,9.3946,7.2206
2004,6,17,19,0,19.1,28,0,28,1.4000000000000001,0.0000,0.0000
2004,6,17,19,30,18.6,20,0,20,1.3,0.0000,0.0000
2004,6,17,20,0,18.2,0,0,0,1.3,0.0000,0.0000
2004,6,17,20,30,17.900000000000002,0,0,0,1.2000000000000002,0.0000,0.0000
2004,6,17,21,0,17.7,0,0,0,1.2000000000000002,0.0000,0.0000
2004,6,17,21,30,17.400000000000002,0,0,0,1.2000000000000002,0.0000,0.0000
2004,6,17,22,0,17.1,0,0,0,1.2000000000000002,0.0000,0.0000
2004,6,17,22,30,16.900000000000002,0,0,0,1.3,0.0000,0.0000
2004,6,17,23,0,16.6,0,0,0,1.4000000000000001,0.0000,0.0000
2004,6,17,23,30,16.400000000000002,0,0,0,1.6,0.0000,0.0000
2004,6,18,0,0,16.2,0,0,0,1.9000000000000001,0.0000,0.0000
2004,6,18,0,30,16.1,0,0,0,2.1,0.0000,0.0000
2004,6,18,1,0,15.9,0,0,0,2.2,0.0000,0.0000
2004,6,18,1,30,15.8,0,0,0,2.4000000000000004,0.0000,0.0000
2004,6,18,2,0,15.600000000000001,0,0,0,2.6,0.0000,0.0000
2004,6,18,2,30,15.5,0,0,0,2.6,0.0000,0.0000
2004,6,18,3,0,15.3,0,0,0,2.7,0.0000,0.0000
2004,6,18,3,30,15.200000000000001,0,0,0,2.8000000000000003,0.0000,0.0000
2004,6,18,4,0,15.100000000000001,0,0,0,3,0.0000,0.0000
2004,6,18,4,30,14.9,0,0,0,3.3000000000000003,0.0000,0.0000
2004,6,18,5,0,14.8,0,0,0,3.7,0.0000,0.0000
2004,6,18,5,30,14.600000000000001,7,0,7,3.8000000000000003,0.0000,0.0000
2004,6,18,6,0,14.5,19,0,19,4,2.7168,2.0714
2004,6,18,6,30,14.4,9,0,9,4.2,4.8696,3.7467
2004,6,18,7,0,14.4,54,0,54,4.4,15.1896,11.7774
2004,6,18,7,30,14.600000000000001,24,0,24,4.800000000000001,17.4179,13.5737
2004,6,18,8,0,14.700000000000001,21,0,21,5.2,22.9237,17.9235
2004,6,18,8,30,15.100000000000001,154,4,156,5.300000000000001,16.9463,13.2796
2004,6,18,9,0,15.5,110,1,111,5.5,29.4995,23.1525
2004,6,18,9,30,16.1,169,2,171,5.4,2.7290,2.1443
2004,6,18,10,0,16.6,105,0,105,5.4,48.2083,37.9084
2004,6,18,10,30,17.400000000000002,235,3,238,5.4,52.0941,40.9876
2004,6,18,11,0,18.3,407,38,441,5.4,55.4208,43.6227
2004,6,18,11,30,18.8,353,2,354,5.300000000000001,57.5641,45.3219
2004,6,18,12,0,19.3,290,1,291,5.1000000000000005,59.1829,46.6035
2004,6,18,12,30,19.400000000000002,250,0,250,5.2,59.5360,46.8837
2004,6,18,13,0,19.5,415,8,423,5.2,58.8654,46.3530
2004,6,18,13,30,19.200000000000003,457,127,575,5.1000000000000005,54.9722,43.2803
2004,6,18,14,0,18.8,478,264,715,5.1000000000000005,54.7196,43.0693
2004,6,18,14,30,18.900000000000002,457,260,679,5,51.5080,40.5244
2004,6,18,15,0,19,442,177,585,4.9,30.7653,24.1905
2004,6,18,15,30,19,341,17,354,4.7,11.1971,8.7969
2004,6,18,16,0,19.1,173,0,173,4.6000000000000005,10.3205,8.0989
2004,6,18,16,30,18.900000000000002,185,0,185,4.4,7.2537,5.6831
2004,6,18,17,0,18.6,50,0,50,4.1000000000000005,9.2308,7.2154
2004,6,18,17,30,18,170,5,172,3.7,7.3052,5.6905
2004,6,18,18,0,17.5,83,0,83,3.3000000000000003,4.2676,3.3068
2004,6,18,18,30,16.3,53,0,53,2.6,2.5944,1.9943
2004,6,18,19,0,15.200000000000001,40,0,41,1.8,0.0000,0.0000
2004,6,18,19,30,14.4,19,0,19,1.7000000000000002,0.0000,0.0000
2004,6,18,20,0,13.600000000000001,0,0,0,1.7000000000000002,0.0000,0.0000
2004,6,18,20,30,13.4,0,0,0,1.8,0.0000,0.0000
2004,6,18,21,0,13.200000000000001,0,0,0,2,0.0000,0.0000
2004,6,18,21,30,13,0,0,0,2,0.0000,0.0000
2004,6,18,22,0,12.700000000000001,0,0,0,2,0.0000,0.0000
2004,6,18,22,30,12.5,0,0,0,1.9000000000000001,0.0000,0.0000
2004,6,18,23,0,12.200000000000001,0,0,0,1.9000000000000001,0.0000,0.0000
2004,6,18,23,30,11.9,0,0,0,1.9000000000000001,0.0000,0.0000
2004,6,19,0,0,11.600000000000001,0,0,0,1.9000000000000001,0.0000,0.0000
2004,6,19,0,30,11.200000000000001,0,0,0,1.9000000000000001,0.0000,0.0000
2004,6,19,1,0,10.9,0,0,0,2,0.0000,0.0000
2004,6,19,1,30,10.4,0,0,0,2,0.0000,0.0000
2004,6,19,2,0,9.9,0,0,0,2,0.0000,0.0000
2004,6,19,2,30,9.4,0,0,0,2,0.0000,0.0000
2004,6,19,3,0,9,0,0,0,2,0.0000,0.0000
2004,6,19,3,30,8.700000000000001,0,0,0,1.8,0.0000,0.0000
2004,6,19,4,0,8.3,0,0,0,1.6,0.0000,0.0000
2004,6,19,4,30,8.700000000000001,0,0,0,1.7000000000000002,0.0000,0.0000
2004,6,19,5,0,9.1,0,0,0,1.9000000000000001,0.0000,0.0000
2004,6,19,5,30,10,37,1,37,1.9000000000000001,0.0000,0.0000
2004,6,19,6,0,10.8,88,43,96,2,0.9056,0.6904
2004,6,19,6,30,12,99,442,217,1.8,0.4426,0.3405
2004,6,19,7,0,13.100000000000001,66,707,320,1.6,2.7894,2.1628
2004,6,19,7,30,14.5,126,557,374,2,1.2939,1.0083
2004,6,19,8,0,15.8,161,533,444,2.5,1.1711,0.9156
2004,6,19,8,30,16.400000000000002,174,644,567,2.3000000000000003,8.9301,6.9978
2004,6,19,9,0,17,196,640,634,2.2,6.4834,5.0885
2004,6,19,9,30,17.400000000000002,168,668,670,2.1,10.1444,7.9706
2004,6,19,10,0,17.900000000000002,188,634,701,2,6.3035,4.9567
2004,6,19,10,30,18.400000000000002,301,502,733,2,14.4161,11.3425
2004,6,19,11,0,18.900000000000002,258,638,831,2,26.8867,21.1630
2004,6,19,11,30,19.400000000000002,434,434,836,2,21.6782,17.0679
2004,6,19,12,0,19.8,125,907,982,2,17.8654,14.0681
2004,6,19,12,30,20,489,345,817,2,15.3604,12.0961
2004,6,19,13,0,20.200000000000003,126,901,976,2,25.9655,20.4463
2004,6,19,13,30,20.3,509,235,726,1.9000000000000001,35.2008,27.7141
2004,6,19,14,0,20.3,449,73,515,1.8,43.5707,34.2942
2004,6,19,14,30,20.200000000000003,454,284,697,1.7000000000000002,41.1000,32.3360
2004,6,19,15,0,20,429,112,520,1.6,35.0868,27.5886
2004,6,19,15,30,19.6,412,126,506,1.2000000000000002,20.9750,16.4789
2004,6,19,16,0,19.200000000000003,324,35,348,0.7000000000000001,10.0893,7.9176
2004,6,19,16,30,18.7,130,0,130,0.8,10.5687,8.2805
2004,6,19,17,0,18.1,22,0,22,0.9,2.7811,2.1740
2004,6,19,17,30,17.400000000000002,123,0,123,1.2000000000000002,9.2422,7.1997
2004,6,19,18,0,16.8,90,0,90,1.4000000000000001,4.2695,3.3085
2004,6,19,18,30,16.1,58,0,58,1.4000000000000001,2.5958,1.9955
2004,6,19,19,0,15.4,17,0,17,1.4000000000000001,0.0000,0.0000
2004,6,19,19,30,14.8,14,0,14,1.4000000000000001,0.0000,0.0000
2004,6,19,20,0,14.200000000000001,0,0,0,1.4000000000000001,0.0000,0.0000
2004,6,19,20,30,13.8,0,0,0,1.4000000000000001,0.0000,0.0000
2004,6,19,21,0,13.5,0,0,0,1.4000000000000001,0.0000,0.0000
2004,6,19,21,30,13.200000000000001,0,0,0,1.3,0.0000,0.0000
2004,6,19,22,0,12.8,0,0,0,1.3,0.0000,0.0000
2004,6,19,22,30,12.5,0,0,0,1.2000000000000002,0.0000,0.0000
2004,6,19,23,0,12.100000000000001,0,0,0,1.1,0.0000,0.0000
2004,6,19,23,30,12,0,0,0,1,0.0000,0.0000
2004,6,20,0,0,11.9,0,0,0,0.9,0.0000,0.0000
2004,6,20,0,30,11.9,0,0,0,0.9,0.0000,0.0000
2004,6,20,1,0,11.9,0,0,0,0.9,0.0000,0.0000
2004,6,20,1,30,11.9,0,0,0,1,0.0000,0.0000
2004,6,20,2,0,11.9,0,0,0,1,0.0000,0.0000
2004,6,20,2,30,12,0,0,0,1.1,0.0000,0.0000
2004,6,20,3,0,12,0,0,0,1.2000000000000002,0.0000,0.0000
2004,6,20,3,30,12.100000000000001,0,0,0,1.2000000000000002,0.0000,0.0000
2004,6,20,4,0,12.100000000000001,0,0,0,1.2000000000000002,0.0000,0.0000
2004,6,20,4,30,12.3,0,0,0,1.4000000000000001,0.0000,0.0000
2004,6,20,5,0,12.5,0,0,0,1.6,0.0000,0.0000
2004,6,20,5,30,12.8,12,0,12,2,0.0000,0.0000
2004,6,20,6,0,13.200000000000001,15,0,15,2.3000000000000003,4.5757,3.4884
2004,6,20,6,30,13.700000000000001,8,0,8,2.3000000000000003,10.6690,8.2079
2004,6,20,7,0,14.200000000000001,49,0,49,2.3000000000000003,16.5257,12.8127
2004,6,20,7,30,15.100000000000001,16,0,16,2.4000000000000004,20.1597,15.7097
2004,6,20,8,0,16,124,3,125,2.4000000000000004,24.7564,19.3559
2004,6,20,8,30,16.900000000000002,161,0,161,2.5,32.4534,25.4308
2004,6,20,9,0,17.8,148,0,148,2.5,37.0279,29.0608
2004,6,20,9,30,18.6,148,0,148,2.4000000000000004,39.7432,31.2266
2004,6,20,10,0,19.400000000000002,238,0,239,2.3000000000000003,42.0806,33.0897
2004,6,20,10,30,20,401,19,417,2.3000000000000003,44.3977,34.9319
2004,6,20,11,0,20.6,375,3,378,2.4000000000000004,50.6628,39.8774
2004,6,20,11,30,21,319,1,320,2.4000000000000004,51.1938,40.3063
2004,6,20,12,0,21.400000000000002,384,3,387,2.4000000000000004,60.2880,47.4737
2004,6,20,12,30,21.6,249,0,249,2.3000000000000003,50.1983,39.5304
2004,6,20,13,0,21.900000000000002,226,0,226,2.1,59.9120,47.1772
2004,6,20,13,30,22,416,10,426,2.1,44.4462,34.9932
2004,6,20,14,0,22.200000000000003,313,1,314,2.1,31.3847,24.7027
2004,6,20,14,30,22.1,407,29,432,2.1,42.1929,33.1960
2004,6,20,15,0,22,246,0,247,2.1,31.1913,24.5258
2004,6,20,15,30,21.8,186,0,186,2.2,29.9850,23.5578
2004,6,20,16,0,21.6,253,2,254,2.2,20.2978,15.9289
2004,6,20,16,30,21.3,237,28,254,2.1,7.4282,5.8200
2004,6,20,17,0,21.1,254,138,326,2,1.2240,0.9568
2004,6,20,17,30,20.700000000000003,197,53,221,1.8,6.6111,5.1502
2004,6,20,18,0,20.400000000000002,68,0,68,1.5,4.6316,3.5893
2004,6,20,18,30,19.700000000000003,44,0,44,1.2000000000000002,2.8417,2.1847
2004,6,20,19,0,19,4,0,4,1,0.8106,0.6177
2004,6,20,19,30,18.5,17,0,17,1.1,0.0000,0.0000
2004,6,20,20,0,18,0,0,0,1.2000000000000002,0.0000,0.0000
2004,6,20,20,30,17.900000000000002,0,0,0,1.5,0.0000,0.0000
2004,6,20,21,0,17.8,0,0,0,1.8,0.0000,0.0000
2004,6,20,21,30,17.7,0,0,0,2,0.0000,0.0000
2004,6,20,22,0,17.6,0,0,0,2.2,0.0000,0.0000
2004,6,20,22,30,17.5,0,0,0,2.4000000000000004,0.0000,0.0000
2004,6,20,23,0,17.400000000000002,0,0,0,2.5,0.0000,0.0000
2004,6,20,23,30,17.3,0,0,0,2.5,0.0000,0.0000
2004,6,21,0,0,17.2,0,0,0,2.4000000000000004,0.0000,0.0000
2004,6,21,0,30,17.1,0,0,0,2.3000000000000003,0.0000,0.0000
2004,6,21,1,0,17,0,0,0,2.1,0.0000,0.0000
2004,6,21,1,30,16.900000000000002,0,0,0,2.1,0.0000,0.0000
2004,6,21,2,0,16.900000000000002,0,0,0,2.1,0.0000,0.0000
2004,6,21,2,30,16.900000000000002,0,0,0,2.1,0.0000,0.0000
2004,6,21,3,0,16.8,0,0,0,2,0.0000,0.0000
2004,6,21,3,30,16.8,0,0,0,2,0.0000,0.0000
2004,6,21,4,0,16.7,0,0,0,1.9000000000000001,0.0000,0.0000
2004,6,21,4,30,16.7,0,0,0,2,0.0000,0.0000
2004,6,21,5,0,16.7,0,0,0,2.1,0.0000,0.0000
2004,6,21,5,30,17,35,150,48,2.5,0.0000,0.0000
2004,6,21,6,0,17.3,58,342,120,2.9000000000000004,0.7150,0.5451
2004,6,21,6,30,17.900000000000002,123,7,125,3.2,0.3932,0.3025
2004,6,21,7,0,18.5,89,576,295,3.5,2.5296,1.9612
2004,6,21,7,30,19.3,101,648,389,3.7,0.8622,0.6719
2004,6,21,8,0,20,100,731,487,3.9000000000000004,6.9682,5.4480
2004,6,21,8,30,20.900000000000002,108,773,579,4.1000000000000005,9.2136,7.2198
2004,6,21,9,0,21.700000000000003,103,826,668,4.2,8.6426,6.7830
2004,6,21,9,30,22.200000000000003,108,850,746,4.3,8.7784,6.8973
2004,6,21,10,0,22.8,106,879,817,4.4,14.3459,11.2807
2004,6,21,10,30,23.400000000000002,109,892,875,4.5,25.2561,19.8713
2004,6,21,11,0,23.900000000000002,109,905,922,4.6000000000000005,23.0443,18.1385
2004,6,21,11,30,24.3,111,912,956,4.7,19.5953,15.4279
2004,6,21,12,0,24.700000000000003,106,923,978,4.9,23.7589,18.7089
2004,6,21,12,30,24.700000000000003,107,925,985,5,15.2991,12.0478
2004,6,21,13,0,24.8,107,923,978,5.1000000000000005,13.8733,10.9244
2004,6,21,13,30,24.200000000000003,106,919,957,5.1000000000000005,26.0808,20.5338
2004,6,21,14,0,23.6,108,906,920,5,19.1365,15.0623
2004,6,21,14,30,23,106,896,873,4.9,26.1528,20.5762
2004,6,21,15,0,22.3,372,145,489,4.7,14.8171,11.6507
2004,6,21,15,30,22.200000000000003,359,141,464,4.7,11.0233,8.6605
2004,6,21,16,0,22.1,331,162,441,4.6000000000000005,14.8174,11.6283
2004,6,21,16,30,21.900000000000002,284,104,348,4.4,14.5160,11.3735
2004,6,21,17,0,21.700000000000003,261,121,325,4.3,18.1418,14.1818
2004,6,21,17,30,21,216,179,295,3.6,11.8826,9.2572
2004,6,21,18,0,20.400000000000002,151,280,250,3,3.5007,2.7130
2004,6,21,18,30,19.1,118,208,173,2.3000000000000003,2.1565,1.6581
2004,6,21,19,0,17.7,76,278,125,1.7000000000000002,0.1907,0.1453
2004,6,21,19,30,16.7,38,7,38,1.6,0.0000,0.0000
2004,6,21,20,0,15.700000000000001,0,0,0,1.6,0.0000,0.0000
2004,6,21,20,30,15.100000000000001,0,0,0,1.5,0.0000,0.0000
2004,6,21,21,0,14.5,0,0,0,1.5,0.0000,0.0000
2004,6,21,21,30,14,0,0,0,1.3,0.0000,0.0000
2004,6,21,22,0,13.5,0,0,0,1.2000000000000002,0.0000,0.0000
2004,6,21,22,30,13.100000000000001,0,0,0,1.1,0.0000,0.0000
2004,6,21,23,0,12.700000000000001,0,0,0,1,0.0000,0.0000
2004,6,21,23,30,12.5,0,0,0,1,0.0000,0.0000
2004,6,22,0,0,12.3,0,0,0,1,0.0000,0.0000
2004,6,22,0,30,12,0,0,0,1,0.0000,0.0000
2004,6,22,1,0,11.700000000000001,0,0,0,1,0.0000,0.0000
2004,6,22,1,30,11.3,0,0,0,1,0.0000,0.0000
2004,6,22,2,0,11,0,0,0,1,0.0000,0.0000
2004,6,22,2,30,10.700000000000001,0,0,0,1.1,0.0000,0.0000
2004,6,22,3,0,10.5,0,0,0,1.2000000000000002,0.0000,0.0000
2004,6,22,3,30,10.3,0,0,0,1.2000000000000002,0.0000,0.0000
2004,6,22,4,0,10.100000000000001,0,0,0,1.3,0.0000,0.0000
2004,6,22,4,30,10.600000000000001,0,0,0,1.5,0.0000,0.0000
2004,6,22,5,0,11.100000000000001,0,0,0,1.7000000000000002,0.0000,0.0000
2004,6,22,5,30,12.5,29,303,57,2.4000000000000004,0.0000,0.0000
2004,6,22,6,0,13.9,46,489,133,3,5.7198,4.3603
2004,6,22,6,30,15,58,612,222,3.1,6.1413,4.7240
2004,6,22,7,0,16.2,69,695,317,3.1,15.2241,11.8024
2004,6,22,7,30,18.1,77,758,414,3.3000000000000003,20.9566,16.3298
2004,6,22,8,0,20,84,806,510,3.5,27.1423,21.2206
2004,6,22,8,30,21.3,90,842,602,3.6,33.1293,25.9598
2004,6,22,9,0,22.6,91,879,691,3.8000000000000003,39.0037,30.6109
2004,6,22,9,30,23.200000000000003,95,898,768,3.9000000000000004,44.2437,34.7622
2004,6,22,10,0,23.900000000000002,97,916,838,3.9000000000000004,49.0363,38.5589
2004,6,22,10,30,24.3,100,929,897,3.9000000000000004,52.9929,41.6943
2004,6,22,11,0,24.8,101,940,945,3.9000000000000004,56.2065,44.2408
2004,6,22,11,30,25.200000000000003,102,944,976,3.9000000000000004,58.5398,46.0899
2004,6,22,12,0,25.5,100,951,998,3.8000000000000003,60.0414,47.2795
2004,6,22,12,30,25.8,100,950,1002,3.7,60.5205,47.6591
2004,6,22,13,0,26.1,100,948,995,3.6,60.0368,47.2756
2004,6,22,13,30,26.3,265,720,932,3.5,58.5917,46.1303
2004,6,22,14,0,26.5,384,499,831,3.5,56.0707,44.1333
2004,6,22,14,30,26.5,426,358,733,3.4000000000000004,52.8529,41.5832
2004,6,22,15,0,26.6,94,912,830,3.3000000000000003,29.3359,23.0671
2004,6,22,15,30,26.400000000000002,273,617,735,3.2,27.5016,21.6071
2004,6,22,16,0,26.3,369,102,439,3,25.7288,20.1913
2004,6,22,16,30,25.900000000000002,84,839,593,2.6,19.8913,15.5854
2004,6,22,17,0,25.6,81,795,499,2.2,18.0901,14.1416
2004,6,22,17,30,24.900000000000002,75,747,404,1.9000000000000001,15.8648,12.3598
2004,6,22,18,0,24.3,68,676,307,1.5,12.8747,9.9782
2004,6,22,18,30,22.5,58,590,213,1.3,8.4821,6.5220
2004,6,22,19,0,20.700000000000003,45,467,127,1,5.9595,4.5419
2004,6,22,19,30,19.5,28,288,53,1.2000000000000002,0.0000,0.0000
2004,6,22,20,0,18.3,0,0,0,1.4000000000000001,0.0000,0.0000
2004,6,22,20,30,17.900000000000002,0,0,0,1.6,0.0000,0.0000
2004,6,22,21,0,17.5,0,0,0,1.8,0.0000,0.0000
2004,6,22,21,30,17.400000000000002,0,0,0,2.2,0.0000,0.0000
2004,6,22,22,0,17.3,0,0,0,2.5,0.0000,0.0000
2004,6,22,22,30,17.2,0,0,0,2.9000000000000004,0.0000,0.0000
2004,6,22,23,0,17.1,0,0,0,3.3000000000000003,0.0000,0.0000
2004,6,22,23,30,16.8,0,0,0,3.6,0.0000,0.0000
2004,6,23,0,0,16.400000000000002,0,0,0,3.8000000000000003,0.0000,0.0000
2004,6,23,0,30,16,0,0,0,3.9000000000000004,0.0000,0.0000
2004,6,23,1,0,15.600000000000001,0,0,0,4,0.0000,0.0000
2004,6,23,1,30,15.3,0,0,0,4.1000000000000005,0.0000,0.0000
2004,6,23,2,0,14.9,0,0,0,4.1000000000000005,0.0000,0.0000
2004,6,23,2,30,14.700000000000001,0,0,0,4,0.0000,0.0000
2004,6,23,3,0,14.4,0,0,0,3.9000000000000004,0.0000,0.0000
2004,6,23,3,30,14.200000000000001,0,0,0,3.7,0.0000,0.0000
2004,6,23,4,0,13.9,0,0,0,3.6,0.0000,0.0000
2004,6,23,4,30,14,0,0,0,3.5,0.0000,0.0000
2004,6,23,5,0,14,0,0,0,3.4000000000000004,0.0000,0.0000
2004,6,23,5,30,14.8,37,4,37,3.4000000000000004,0.0000,0.0000
2004,6,23,6,0,15.5,33,0,33,3.4000000000000004,6.3396,4.8326
2004,6,23,6,30,16.8,13,0,13,3.4000000000000004,10.9030,8.3863
2004,6,23,7,0,18.2,193,63,216,3.3000000000000003,16.3537,12.6775
2004,6,23,7,30,19.6,157,527,391,3.5,22.2972,17.3739
2004,6,23,8,0,21,243,28,257,3.7,28.4181,22.2176
2004,6,23,8,30,22,102,794,585,3.7,34.4397,26.9862
2004,6,23,9,0,23,112,819,671,3.7,40.3415,31.6605
2004,6,23,9,30,23.8,117,843,749,3.6,45.5428,35.7826
2004,6,23,10,0,24.5,120,863,818,3.6,50.2928,39.5467
2004,6,23,10,30,25.1,123,878,877,3.6,54.3211,42.7391
2004,6,23,11,0,25.700000000000003,124,895,927,3.5,57.6058,45.3421
2004,6,23,11,30,26.200000000000003,125,902,961,3.6,59.7621,47.0522
2004,6,23,12,0,26.6,138,889,977,3.6,61.2677,48.2450
2004,6,23,12,30,26.900000000000002,139,891,984,3.6,61.5646,48.4812
2004,6,23,13,0,27.200000000000003,143,883,975,3.7,61.0804,48.0974
2004,6,23,13,30,27.400000000000002,141,875,952,3.7,57.0622,44.9262
2004,6,23,14,0,27.6,144,860,916,3.7,50.6484,39.8654
2004,6,23,14,30,27.700000000000003,141,849,868,3.7,44.3791,34.9164
2004,6,23,15,0,27.8,139,829,809,3.6,49.7970,39.1560
2004,6,23,15,30,27.700000000000003,134,808,739,3.5,43.5684,34.2304
2004,6,23,16,0,27.6,124,791,663,3.3000000000000003,25.6154,20.1025
2004,6,23,16,30,27.3,117,758,577,2.7,33.9009,26.5626
2004,6,23,17,0,27,106,723,487,2.2,27.7798,21.7167
2004,6,23,17,30,26.400000000000002,97,670,393,1.7000000000000002,21.7328,16.9320
2004,6,23,18,0,25.8,88,589,296,1.2000000000000002,15.8143,12.2569
2004,6,23,18,30,24.900000000000002,73,494,204,1,10.4461,8.0325
2004,6,23,19,0,24,54,368,119,0.7000000000000001,6.0546,4.6145
2004,6,23,19,30,23.3,30,201,48,0.7000000000000001,0.0000,0.0000
2004,6,23,20,0,22.6,0,0,0,0.7000000000000001,0.0000,0.0000
2004,6,23,20,30,21.700000000000003,0,0,0,0.8,0.0000,0.0000
2004,6,23,21,0,20.8,0,0,0,0.8,0.0000,0.0000
2004,6,23,21,30,19.900000000000002,0,0,0,1,0.0000,0.0000
2004,6,23,22,0,19,0,0,0,1.2000000000000002,0.0000,0.0000
2004,6,23,22,30,18.5,0,0,0,1.4000000000000001,0.0000,0.0000
2004,6,23,23,0,17.900000000000002,0,0,0,1.6,0.0000,0.0000
2004,6,23,23,30,17.6,0,0,0,1.8,0.0000,0.0000
2004,6,24,0,0,17.3,0,0,0,1.9000000000000001,0.0000,0.0000
2004,6,24,0,30,17.1,0,0,0,2.1,0.0000,0.0000
2004,6,24,1,0,16.8,0,0,0,2.2,0.0000,0.0000
2004,6,24,1,30,16.6,0,0,0,2.1,0.0000,0.0000
2004,6,24,2,0,16.3,0,0,0,2.1,0.0000,0.0000
2004,6,24,2,30,15.8,0,0,0,1.7000000000000002,0.0000,0.0000
2004,6,24,3,0,15.3,0,0,0,1.4000000000000001,0.0000,0.0000
2004,6,24,3,30,15.100000000000001,0,0,0,1.5,0.0000,0.0000
2004,6,24,4,0,14.8,0,0,0,1.6,0.0000,0.0000
2004,6,24,4,30,14.8,0,0,0,2.6,0.0000,0.0000
2004,6,24,5,0,14.700000000000001,0,0,0,3.6,0.0000,0.0000
2004,6,24,5,30,14.700000000000001,14,0,14,4,0.0000,0.0000
2004,6,24,6,0,14.700000000000001,25,0,25,4.4,1.5730,1.1990
2004,6,24,6,30,14.700000000000001,12,0,12,4.800000000000001,0.6382,0.4908
2004,6,24,7,0,14.700000000000001,82,2,82,5.2,11.1384,8.6341
2004,6,24,7,30,14.700000000000001,223,90,263,5.4,21.0512,16.4024
2004,6,24,8,0,14.600000000000001,122,2,123,5.7,14.3167,11.1926
2004,6,24,8,30,14.5,241,31,260,5.6000000000000005,33.4602,26.2183
2004,6,24,9,0,14.4,315,178,436,5.5,39.1676,30.7389
2004,6,24,9,30,15.100000000000001,416,150,528,5.4,44.4105,34.8927
2004,6,24,10,0,15.9,365,279,590,5.300000000000001,49.0877,38.5988
2004,6,24,10,30,16.6,403,24,423,5.300000000000001,53.1066,41.7834
2004,6,24,11,0,17.2,135,0,135,5.2,56.5058,44.4761
2004,6,24,11,30,17.6,419,202,607,5.1000000000000005,58.8419,46.3275
2004,6,24,12,0,17.900000000000002,455,34,487,5,59.9775,47.2290
2004,6,24,12,30,18,320,6,326,4.7,60.4581,47.6099
2004,6,24,13,0,18,515,265,765,4.5,59.8527,47.1306
2004,6,24,13,30,17.900000000000002,466,79,539,4.3,58.2873,45.8908
2004,6,24,14,0,17.8,478,131,596,4.1000000000000005,55.8304,43.9443
2004,6,24,14,30,17.6,478,160,616,3.9000000000000004,52.5551,41.3491
2004,6,24,15,0,17.5,395,372,695,3.7,48.5400,38.1677
2004,6,24,15,30,17.400000000000002,363,47,398,3.6,43.8088,34.4195
2004,6,24,16,0,17.3,375,187,503,3.4000000000000004,38.6895,30.3630
2004,6,24,16,30,17.3,186,0,186,3.2,32.9903,25.8494
2004,6,24,17,0,17.2,235,18,245,2.9000000000000004,27.1161,21.1982
2004,6,24,17,30,16.900000000000002,124,0,124,2.5,21.1455,16.4748
2004,6,24,18,0,16.6,79,627,301,2.2,15.2517,11.8213
2004,6,24,18,30,15.600000000000001,66,540,210,1.5,10.0074,7.6956
2004,6,24,19,0,14.600000000000001,49,436,126,0.9,5.6730,4.3238
2004,6,24,19,30,13.700000000000001,29,262,53,0.9,0.0000,0.0000
2004,6,24,20,0,12.8,0,0,0,0.9,0.0000,0.0000
2004,6,24,20,30,12.3,0,0,0,0.9,0.0000,0.0000
2004,6,24,21,0,11.9,0,0,0,1,0.0000,0.0000
2004,6,24,21,30,11.3,0,0,0,1,0.0000,0.0000
2004,6,24,22,0,10.8,0,0,0,1,0.0000,0.0000
2004,6,24,22,30,10.3,0,0,0,1,0.0000,0.0000
2004,6,24,23,0,9.9,0,0,0,1,0.0000,0.0000
2004,6,24,23,30,9.5,0,0,0,1,0.0000,0.0000
2004,6,25,0,0,9.1,0,0,0,1,0.0000,0.0000
2004,6,25,0,30,8.9,0,0,0,1,0.0000,0.0000
2004,6,25,1,0,8.6,0,0,0,1,0.0000,0.0000
2004,6,25,1,30,8.4,0,0,0,1,0.0000,0.0000
2004,6,25,2,0,8.200000000000001,0,0,0,1,0.0000,0.0000
2004,6,25,2,30,8,0,0,0,1,0.0000,0.0000
2004,6,25,3,0,7.800000000000001,0,0,0,1,0.0000,0.0000
2004,6,25,3,30,7.5,0,0,0,1,0.0000,0.0000
2004,6,25,4,0,7.2,0,0,0,1.1,0.0000,0.0000
2004,6,25,4,30,7.5,0,0,0,1,0.0000,0.0000
2004,6,25,5,0,7.800000000000001,0,0,0,1,0.0000,0.0000
2004,6,25,5,30,9.5,28,289,54,1.5,0.0000,0.0000
2004,6,25,6,0,11.200000000000001,48,461,129,1.9000000000000001,1.1918,0.9084
2004,6,25,6,30,12.600000000000001,63,583,217,1.9000000000000001,0.5888,0.4528
2004,6,25,7,0,13.9,76,666,312,1.9000000000000001,4.2266,3.2761
2004,6,25,7,30,15.700000000000001,86,728,407,2,14.1548,11.0285
2004,6,25,8,0,17.5,94,776,503,2.1,6.8501,5.3552
2004,6,25,8,30,18.400000000000002,101,815,596,2.2,14.8681,11.6500
2004,6,25,9,0,19.200000000000003,106,842,680,2.3000000000000003,25.4461,19.9700
2004,6,25,9,30,19.8,112,866,760,2.3000000000000003,31.3028,24.5940
2004,6,25,10,0,20.400000000000002,116,884,830,2.3000000000000003,35.4021,27.8373
2004,6,25,10,30,20.900000000000002,119,896,887,2.3000000000000003,25.6127,20.1516
2004,6,25,11,0,21.5,123,905,934,2.3000000000000003,8.2285,6.4767
2004,6,25,11,30,21.900000000000002,124,912,969,2.3000000000000003,37.1647,29.2605
2004,6,25,12,0,22.3,125,915,987,2.3000000000000003,29.8956,23.5411
2004,6,25,12,30,22.6,125,916,995,2.3000000000000003,20.0295,15.7729
2004,6,25,13,0,22.900000000000002,130,904,982,2.3000000000000003,46.9613,36.9794
2004,6,25,13,30,23.1,129,899,962,2.2,33.0012,25.9825
2004,6,25,14,0,23.200000000000003,140,868,919,2.2,36.3268,28.5929
2004,6,25,14,30,23.200000000000003,138,857,873,2.1,37.2983,29.3455
2004,6,25,15,0,23.3,126,857,818,2,41.7016,32.7907
2004,6,25,15,30,23.1,121,837,748,1.9000000000000001,23.5951,18.5381
2004,6,25,16,0,23,342,330,567,1.8,29.3555,23.0380
2004,6,25,16,30,22.8,302,321,497,1.6,10.6356,8.3335
2004,6,25,17,0,22.5,98,750,494,1.3,13.6438,10.6663
2004,6,25,17,30,22.200000000000003,90,699,399,0.9,6.6728,5.1990
2004,6,25,18,0,21.8,77,641,305,0.5,15.5120,12.0234
2004,6,25,18,30,21,65,553,212,0.5,10.3035,7.9236
2004,6,25,19,0,20.1,49,438,126,0.4,6.0065,4.5781
2004,6,25,19,30,18.8,41,4,41,0.7000000000000001,0.0000,0.0000
2004,6,25,20,0,17.400000000000002,0,0,0,1,0.0000,0.0000
2004,6,25,20,30,16.5,0,0,0,1,0.0000,0.0000
2004,6,25,21,0,15.600000000000001,0,0,0,1.1,0.0000,0.0000
2004,6,25,21,30,15.200000000000001,0,0,0,1.2000000000000002,0.0000,0.0000
2004,6,25,22,0,14.700000000000001,0,0,0,1.2000000000000002,0.0000,0.0000
2004,6,25,22,30,14.4,0,0,0,1.3,0.0000,0.0000
2004,6,25,23,0,14.200000000000001,0,0,0,1.4000000000000001,0.0000,0.0000
2004,6,25,23,30,13.9,0,0,0,1.5,0.0000,0.0000
2004,6,26,0,0,13.600000000000001,0,0,0,1.6,0.0000,0.0000
2004,6,26,0,30,13.4,0,0,0,1.7000000000000002,0.0000,0.0000
2004,6,26,1,0,13.200000000000001,0,0,0,1.7000000000000002,0.0000,0.0000
2004,6,26,1,30,13.100000000000001,0,0,0,1.7000000000000002,0.0000,0.0000
2004,6,26,2,0,12.9,0,0,0,1.8,0.0000,0.0000
2004,6,26,2,30,12.9,0,0,0,1.8,0.0000,0.0000
2004,6,26,3,0,12.8,0,0,0,1.8,0.0000,0.0000
2004,6,26,3,30,12.600000000000001,0,0,0,1.7000000000000002,0.0000,0.0000
2004,6,26,4,0,12.4,0,0,0,1.7000000000000002,0.0000,0.0000
2004,6,26,4,30,12.8,0,0,0,1.7000000000000002,0.0000,0.0000
2004,6,26,5,0,13.100000000000001,0,0,0,1.7000000000000002,0.0000,0.0000
2004,6,26,5,30,14.100000000000001,23,0,23,2.1,0.0000,0.0000
2004,6,26,6,0,15.100000000000001,32,0,32,2.4000000000000004,6.1499,4.6872
2004,6,26,6,30,15.9,71,4,72,2.3000000000000003,10.6432,8.1842
2004,6,26,7,0,16.6,113,11,117,2.2,16.0733,12.4578
2004,6,26,7,30,17.8,123,5,125,2.2,21.8957,17.0590
2004,6,26,8,0,19,168,9,173,2.2,28.0040,21.8921
2004,6,26,8,30,19.900000000000002,194,10,200,2.1,34.0739,26.6982
2004,6,26,9,0,20.8,292,42,321,2,39.6790,31.1394
2004,6,26,9,30,21.1,287,18,301,2,45.0515,35.3957
2004,6,26,10,0,21.3,287,10,295,2,49.7970,39.1560
2004,6,26,10,30,21.3,199,1,200,2,53.7030,42.2521
2004,6,26,11,0,21.200000000000003,150,0,150,2.1,56.9254,44.8060
2004,6,26,11,30,21.1,314,5,319,2,59.3258,46.7082
2004,6,26,12,0,20.900000000000002,305,10,314,2,60.5872,47.7090
2004,6,26,12,30,20.700000000000003,282,1,283,2,61.1315,48.1401
2004,6,26,13,0,20.5,200,0,201,2,60.2813,47.4681
2004,6,26,13,30,20.3,107,0,107,2,58.8996,46.3728
2004,6,26,14,0,20.1,100,0,100,2.1,56.0146,44.0894
2004,6,26,14,30,20.3,92,0,92,1.9000000000000001,52.8603,41.5894
2004,6,26,15,0,20.400000000000002,139,0,139,1.7000000000000002,49.0838,38.5956
2004,6,26,15,30,20.5,110,0,110,1.7000000000000002,44.3468,34.8424
2004,6,26,16,0,20.700000000000003,64,0,64,1.8,33.0927,25.9710
2004,6,26,16,30,20.5,70,0,70,1.7000000000000002,28.4222,22.2704
2004,6,26,17,0,20.200000000000003,96,0,96,1.7000000000000002,27.5133,21.5092
2004,6,26,17,30,19.900000000000002,73,0,73,1.5,21.4744,16.7315
2004,6,26,18,0,19.5,170,127,216,1.2000000000000002,15.7209,12.1856
2004,6,26,18,30,18.7,128,68,146,0.9,10.4035,8.0008
2004,6,26,19,0,18,61,1,61,0.7000000000000001,6.0065,4.5781
2004,6,26,19,30,17.3,29,0,29,0.7000000000000001,0.0000,0.0000
2004,6,26,20,0,16.6,0,0,0,0.8,0.0000,0.0000
2004,6,26,20,30,16.2,0,0,0,0.9,0.0000,0.0000
2004,6,26,21,0,15.9,0,0,0,0.9,0.0000,0.0000
2004,6,26,21,30,15.5,0,0,0,1,0.0000,0.0000
2004,6,26,22,0,15.100000000000001,0,0,0,1,0.0000,0.0000
2004,6,26,22,30,14.700000000000001,0,0,0,1,0.0000,0.0000
2004,6,26,23,0,14.4,0,0,0,1.1,0.0000,0.0000
2004,6,26,23,30,13.9,0,0,0,1.1,0.0000,0.0000
2004,6,27,0,0,13.5,0,0,0,1.1,0.0000,0.0000
2004,6,27,0,30,13.100000000000001,0,0,0,1,0.0000,0.0000
2004,6,27,1,0,12.8,0,0,0,1,0.0000,0.0000
2004,6,27,1,30,12.4,0,0,0,1,0.0000,0.0000
2004,6,27,2,0,12.100000000000001,0,0,0,1,0.0000,0.0000
2004,6,27,2,30,11.9,0,0,0,1,0.0000,0.0000
2004,6,27,3,0,11.700000000000001,0,0,0,0.9,0.0000,0.0000
2004,6,27,3,30,11.600000000000001,0,0,0,0.9,0.0000,0.0000
2004,6,27,4,0,11.600000000000001,0,0,0,0.9,0.0000,0.0000
2004,6,27,4,30,12,0,0,0,0.8,0.0000,0.0000
2004,6,27,5,0,12.4,0,0,0,0.8,0.0000,0.0000
2004,6,27,5,30,13.600000000000001,12,0,12,1,0.0000,0.0000
2004,6,27,6,0,14.8,23,0,23,1.3,1.5257,1.1627
2004,6,27,6,30,16.1,39,0,39,1.6,3.5295,2.7138
2004,6,27,7,0,17.5,39,0,39,1.9000000000000001,6.0243,4.6689
2004,6,27,7,30,18.6,139,1,139,2,6.7219,5.2368
2004,6,27,8,0,19.8,290,79,331,2,9.6285,7.5268
2004,6,27,8,30,20.6,124,727,564,1.9000000000000001,11.4313,8.9567
2004,6,27,9,0,21.400000000000002,135,754,648,1.8,18.7272,14.6966
2004,6,27,9,30,21.900000000000002,142,781,725,1.6,17.8401,14.0163
2004,6,27,10,0,22.400000000000002,152,794,792,1.5,17.6968,13.9151
2004,6,27,10,30,22.900000000000002,304,497,729,1.3,12.1078,9.5260
2004,6,27,11,0,23.400000000000002,364,405,727,1.1,9.1415,7.1953
2004,6,27,11,30,23.900000000000002,515,201,702,1.1,19.5294,15.3758
2004,6,27,12,0,24.400000000000002,285,585,837,1,19.2741,15.1772
2004,6,27,12,30,24.8,408,504,886,1.1,17.3866,13.6916
2004,6,27,13,0,25.200000000000003,397,4,401,1.3,12.3384,9.7158
2004,6,27,13,30,25.400000000000002,325,507,794,1.4000000000000001,6.5512,5.1579
2004,6,27,14,0,25.5,500,190,671,1.5,6.0952,4.7975
2004,6,27,14,30,25.400000000000002,450,114,548,1.8,5.5707,4.3829
2004,6,27,15,0,25.400000000000002,310,2,312,2,8.3408,6.5586
2004,6,27,15,30,25,111,0,111,2.2,6.5219,5.1242
2004,6,27,16,0,24.700000000000003,150,0,150,2.5,3.7355,2.9316
2004,6,27,16,30,24.1,334,78,381,2.6,4.0033,3.1368
2004,6,27,17,0,23.5,270,38,290,2.8000000000000003,5.3470,4.1802
2004,6,27,17,30,22.8,246,75,279,2.6,3.9294,3.0616
2004,6,27,18,0,22,187,184,252,2.5,11.1355,8.6315
2004,6,27,18,30,21,142,107,170,2.1,7.1653,5.5106
2004,6,27,19,0,20,61,1,61,1.8,2.9079,2.2164
2004,6,27,19,30,19.200000000000003,17,0,17,1.8,0.0000,0.0000
2004,6,27,20,0,18.3,0,0,0,1.7000000000000002,0.0000,0.0000
2004,6,27,20,30,17.900000000000002,0,0,0,1.8,0.0000,0.0000
2004,6,27,21,0,17.400000000000002,0,0,0,2,0.0000,0.0000
2004,6,27,21,30,17,0,0,0,2,0.0000,0.0000
2004,6,27,22,0,16.5,0,0,0,2,0.0000,0.0000
2004,6,27,22,30,15.9,0,0,0,1.9000000000000001,0.0000,0.0000
2004,6,27,23,0,15.200000000000001,0,0,0,1.8,0.0000,0.0000
2004,6,27,23,30,14.600000000000001,0,0,0,1.7000000000000002,0.0000,0.0000
2004,6,28,0,0,14,0,0,0,1.7000000000000002,0.0000,0.0000
2004,6,28,0,30,13.4,0,0,0,1.6,0.0000,0.0000
2004,6,28,1,0,12.8,0,0,0,1.5,0.0000,0.0000
2004,6,28,1,30,12.3,0,0,0,1.4000000000000001,0.0000,0.0000
2004,6,28,2,0,11.8,0,0,0,1.3,0.0000,0.0000
2004,6,28,2,30,11.5,0,0,0,1.2000000000000002,0.0000,0.0000
2004,6,28,3,0,11.100000000000001,0,0,0,1,0.0000,0.0000
2004,6,28,3,30,10.9,0,0,0,0.9,0.0000,0.0000
2004,6,28,4,0,10.700000000000001,0,0,0,0.8,0.0000,0.0000
2004,6,28,4,30,11.100000000000001,0,0,0,0.8,0.0000,0.0000
2004,6,28,5,0,11.5,0,0,0,0.8,0.0000,0.0000
2004,6,28,5,30,12.600000000000001,25,336,54,1,0.0000,0.0000
2004,6,28,6,0,13.8,41,514,130,1.3,1.0967,0.8358
2004,6,28,6,30,15.5,53,634,219,1.4000000000000001,1.9108,1.4690
2004,6,28,7,0,17.2,62,719,314,1.6,2.0070,1.5554
2004,6,28,7,30,18.5,69,780,411,1.8,7.4716,5.8206
2004,6,28,8,0,19.8,76,825,507,2,18.4161,14.3959
2004,6,28,8,30,20.5,81,860,600,2,32.2283,25.2511
2004,6,28,9,0,21.3,87,885,687,2.1,37.7971,29.6617
2004,6,28,9,30,21.8,90,906,766,2.1,42.9626,33.7538
2004,6,28,10,0,22.400000000000002,94,923,837,2,47.5058,37.3538
2004,6,28,10,30,22.900000000000002,96,936,896,2,44.1286,34.7189
2004,6,28,11,0,23.400000000000002,99,941,941,1.9000000000000001,44.3025,34.8703
2004,6,28,11,30,23.8,100,948,977,1.8,42.9743,33.8342
2004,6,28,12,0,24.200000000000003,361,597,923,1.7000000000000002,51.3750,40.4547
2004,6,28,12,30,24.400000000000002,407,523,903,1.6,54.4312,42.8635
2004,6,28,13,0,24.700000000000003,483,368,830,1.5,24.6151,19.3829
2004,6,28,13,30,24.8,473,135,598,1.3,48.6126,38.2736
2004,6,28,14,0,25,319,639,892,1.2000000000000002,40.8986,32.1915
2004,6,28,14,30,25,309,635,853,1.1,33.1825,26.1074
2004,6,28,15,0,25,322,580,791,1,18.7222,14.7217
2004,6,28,15,30,24.900000000000002,338,307,568,0.9,6.5814,5.1709
2004,6,28,16,0,24.700000000000003,359,74,409,0.8,8.7555,6.8713
2004,6,28,16,30,24.400000000000002,208,502,514,0.7000000000000001,21.7911,17.0748
2004,6,28,17,0,24.1,181,527,459,0.6000000000000001,16.1541,12.6291
2004,6,28,17,30,23.700000000000003,156,545,398,0.5,15.0191,11.7022
2004,6,28,18,0,23.3,79,642,307,0.4,12.9925,10.0711
2004,6,28,18,30,22.400000000000002,67,550,213,0.4,8.3439,6.4171
2004,6,28,19,0,21.5,52,422,126,0.4,2.9078,2.2164
2004,6,28,19,30,20.400000000000002,31,239,53,0.6000000000000001,0.0000,0.0000
2004,6,28,20,0,19.400000000000002,0,0,0,0.8,0.0000,0.0000
2004,6,28,20,30,18.6,0,0,0,0.9,0.0000,0.0000
2004,6,28,21,0,17.900000000000002,0,0,0,1,0.0000,0.0000
2004,6,28,21,30,17.3,0,0,0,1,0.0000,0.0000
2004,6,28,22,0,16.8,0,0,0,1.1,0.0000,0.0000
2004,6,28,22,30,16.3,0,0,0,1.1,0.0000,0.0000
2004,6,28,23,0,15.8,0,0,0,1.2000000000000002,0.0000,0.0000
2004,6,28,23,30,15.3,0,0,0,1.3,0.0000,0.0000
2004,6,29,0,0,14.9,0,0,0,1.3,0.0000,0.0000
2004,6,29,0,30,14.600000000000001,0,0,0,1.4000000000000001,0.0000,0.0000
2004,6,29,1,0,14.4,0,0,0,1.4000000000000001,0.0000,0.0000
2004,6,29,1,30,14.200000000000001,0,0,0,1.5,0.0000,0.0000
2004,6,29,2,0,13.9,0,0,0,1.5,0.0000,0.0000
2004,6,29,2,30,13.700000000000001,0,0,0,1.5,0.0000,0.0000
2004,6,29,3,0,13.4,0,0,0,1.5,0.0000,0.0000
2004,6,29,3,30,13.100000000000001,0,0,0,1.5,0.0000,0.0000
2004,6,29,4,0,12.8,0,0,0,1.4000000000000001,0.0000,0.0000
2004,6,29,4,30,13.100000000000001,0,0,0,1.5,0.0000,0.0000
2004,6,29,5,0,13.4,0,0,0,1.6,0.0000,0.0000
2004,6,29,5,30,14.600000000000001,29,0,29,2.1,0.0000,0.0000
2004,6,29,6,0,15.8,86,44,94,2.6,0.0000,0.0000
2004,6,29,6,30,17,67,529,204,2.3000000000000003,10.7232,8.2430
2004,6,29,7,0,18.1,184,157,239,2.1,16.1493,12.5139
2004,6,29,7,30,20,89,694,393,2.3000000000000003,22.0814,17.2012
2004,6,29,8,0,21.900000000000002,273,234,395,2.6,28.1976,22.0413
2004,6,29,8,30,23,104,786,578,2.5,34.2754,26.8543
2004,6,29,9,0,24.200000000000003,108,822,665,2.5,40.0628,31.4392
2004,6,29,9,30,24.8,113,846,743,2.3000000000000003,45.3854,35.6568
2004,6,29,10,0,25.400000000000002,225,620,725,2.2,50.1980,39.4704
2004,6,29,10,30,25.900000000000002,267,551,738,2.2,54.2317,42.6673
2004,6,29,11,0,26.3,331,454,738,2.2,57.3384,45.1305
2004,6,29,11,30,26.700000000000003,252,633,837,2.3000000000000003,59.8047,47.0848
2004,6,29,12,0,27.1,435,242,663,2.3000000000000003,56.6503,44.6084
2004,6,29,12,30,27.3,451,85,531,2.3000000000000003,55.4734,43.6841
2004,6,29,13,0,27.6,455,133,580,2.4000000000000004,50.9471,40.1178
2004,6,29,13,30,27.700000000000003,442,274,695,2.4000000000000004,36.6118,28.8251
2004,6,29,14,0,27.8,295,523,765,2.4000000000000004,54.3683,42.7935
2004,6,29,14,30,27.8,301,460,696,2.3000000000000003,51.6509,40.6379
2004,6,29,15,0,27.700000000000003,238,704,807,2.2,47.4656,37.3232
2004,6,29,15,30,27.400000000000002,110,839,739,2.2,33.6776,26.4600
2004,6,29,16,0,27.1,105,816,662,2.1,23.8734,18.7359
2004,6,29,16,30,26.700000000000003,99,783,575,2,29.3980,23.0352
2004,6,29,17,0,26.3,92,743,484,1.9000000000000001,25.5681,19.9888
2004,6,29,17,30,25.6,85,693,391,1.8,21.4265,16.6947
2004,6,29,18,0,24.900000000000002,173,217,250,1.6,15.8282,12.2691
2004,6,29,18,30,23.200000000000003,134,131,169,1.4000000000000001,10.4545,8.0402
2004,6,29,19,0,21.6,85,143,110,1.2000000000000002,6.0063,4.5781
2004,6,29,19,30,20.5,37,1,37,1.4000000000000001,0.0000,0.0000
2004,6,29,20,0,19.5,0,0,0,1.6,0.0000,0.0000
2004,6,29,20,30,19.200000000000003,0,0,0,1.8,0.0000,0.0000
2004,6,29,21,0,18.900000000000002,0,0,0,2,0.0000,0.0000
2004,6,29,21,30,18.6,0,0,0,2.2,0.0000,0.0000
2004,6,29,22,0,18.3,0,0,0,2.4000000000000004,0.0000,0.0000
2004,6,29,22,30,18,0,0,0,2.4000000000000004,0.0000,0.0000
2004,6,29,23,0,17.6,0,0,0,2.5,0.0000,0.0000
2004,6,29,23,30,17.3,0,0,0,2.5,0.0000,0.0000
2004,6,30,0,0,17.1,0,0,0,2.6,0.0000,0.0000
2004,6,30,0,30,16.8,0,0,0,2.6,0.0000,0.0000
2004,6,30,1,0,16.5,0,0,0,2.5,0.0000,0.0000
2004,6,30,1,30,16.2,0,0,0,2.4000000000000004,0.0000,0.0000
2004,6,30,2,0,15.9,0,0,0,2.3000000000000003,0.0000,0.0000
2004,6,30,2,30,15.700000000000001,0,0,0,2.2,0.0000,0.0000
2004,6,30,3,0,15.5,0,0,0,2.1,0.0000,0.0000
2004,6,30,3,30,15.3,0,0,0,2,0.0000,0.0000
2004,6,30,4,0,15.100000000000001,0,0,0,1.9000000000000001,0.0000,0.0000
2004,6,30,4,30,15.4,0,0,0,2.1,0.0000,0.0000
2004,6,30,5,0,15.700000000000001,0,0,0,2.4000000000000004,0.0000,0.0000
2004,6,30,5,30,16.6,30,185,45,2.6,0.0000,0.0000
2004,6,30,6,0,17.400000000000002,55,337,112,2.9000000000000004,0.0000,0.0000
2004,6,30,6,30,18.7,74,465,195,2.9000000000000004,9.9826,7.6727
2004,6,30,7,0,19.900000000000002,89,563,285,2.9000000000000004,12.2844,9.5182
2004,6,30,7,30,21.700000000000003,101,635,378,3.2,21.1038,16.4388
2004,6,30,8,0,23.5,278,184,374,3.4000000000000004,21.9613,17.1661
2004,6,30,8,30,24.6,117,736,560,3.3000000000000003,33.0089,25.8614
2004,6,30,9,0,25.6,127,763,643,3.2,38.7711,30.4250
2004,6,30,9,30,26.5,133,790,721,3.1,44.0148,34.5796
2004,6,30,10,0,27.3,134,817,791,3,43.4749,34.1837
2004,6,30,10,30,27.900000000000002,138,833,850,3.1,44.6636,35.1393
2004,6,30,11,0,28.6,138,850,898,3.1,44.9650,35.3913
2004,6,30,11,30,29,140,858,932,3.2,51.2312,40.3347
2004,6,30,12,0,29.5,129,881,958,3.4000000000000004,40.6903,32.0409
2004,6,30,12,30,29.8,129,882,966,3.5,32.6190,25.6867
2004,6,30,13,0,30,128,882,960,3.6,35.6004,28.0331
2004,6,30,13,30,30.200000000000003,127,878,940,3.7,42.5496,33.5000
2004,6,30,14,0,30.3,125,871,906,3.8000000000000003,46.6269,36.7002
2004,6,30,14,30,30.200000000000003,299,622,832,3.8000000000000003,42.1436,33.1577
2004,6,30,15,0,30.200000000000003,394,352,678,3.9000000000000004,48.4257,38.0781
2004,6,30,15,30,29.900000000000002,377,308,608,3.9000000000000004,43.8176,34.4269
2004,6,30,16,0,29.6,209,601,619,3.8000000000000003,38.6423,30.3266
2004,6,30,16,30,29.1,188,526,507,3.7,32.8882,25.7701
2004,6,30,17,0,28.6,183,444,417,3.5,26.9621,21.0788
2004,6,30,17,30,27.8,238,137,299,3.1,21.0497,16.4011
2004,6,30,18,0,26.900000000000002,163,236,247,2.6,12.8894,9.9911
2004,6,30,18,30,25.3,126,169,171,2.2,8.2948,6.3793
2004,6,30,19,0,23.8,82,192,116,1.7000000000000002,5.2437,3.9968
2004,6,30,19,30,22.700000000000003,30,230,51,1.7000000000000002,0.0000,0.0000
2004,6,30,20,0,21.700000000000003,0,0,0,1.6,0.0000,0.0000
2004,6,30,20,30,21.200000000000003,0,0,0,1.6,0.0000,0.0000
2004,6,30,21,0,20.700000000000003,0,0,0,1.6,0.0000,0.0000
2004,6,30,21,30,20.3,0,0,0,1.5,0.0000,0.0000
2004,6,30,22,0,19.8,0,0,0,1.5,0.0000,0.0000
2004,6,30,22,30,19.400000000000002,0,0,0,1.4000000000000001,0.0000,0.0000
2004,6,30,23,0,19.1,0,0,0,1.3,0.0000,0.0000
2004,6,30,23,30,18.7,0,0,0,1.3,0.0000,0.0000
2004,7,1,0,0,18.400000000000002,0,0,0,1.2000000000000002,0.0000,0.0000
2004,7,1,0,30,18.2,0,0,0,1.2000000000000002,0.0000,0.0000
2004,7,1,1,0,17.900000000000002,0,0,0,1.1,0.0000,0.0000
2004,7,1,1,30,17.7,0,0,0,1.1,0.0000,0.0000
2004,7,1,2,0,17.5,0,0,0,1,0.0000,0.0000
2004,7,1,2,30,17.400000000000002,0,0,0,1,0.0000,0.0000
2004,7,1,3,0,17.2,0,0,0,0.9,0.0000,0.0000
2004,7,1,3,30,17,0,0,0,0.9,0.0000,0.0000
2004,7,1,4,0,16.900000000000002,0,0,0,0.8,0.0000,0.0000
2004,7,1,4,30,17.2,0,0,0,0.8,0.0000,0.0000
2004,7,1,5,0,17.5,0,0,0,0.7000000000000001,0.0000,0.0000
2004,7,1,5,30,18.400000000000002,30,148,43,1.1,0.0000,0.0000
2004,7,1,6,0,19.3,57,306,109,1.4000000000000001,0.0000,0.0000
2004,7,1,6,30,20.400000000000002,138,59,153,1.4000000000000001,9.5363,7.3288
2004,7,1,7,0,21.400000000000002,187,106,224,1.4000000000000001,14.6397,11.3422
2004,7,1,7,30,23.1,184,379,349,1.9000000000000001,20.2882,15.8026
2004,7,1,8,0,24.8,122,653,461,2.4000000000000004,20.7847,16.2457
2004,7,1,8,30,25.700000000000003,131,696,549,2.6,31.9715,25.0481
2004,7,1,9,0,26.6,330,332,555,2.9000000000000004,37.4799,29.4112
2004,7,1,9,30,27.1,316,493,683,3.1,42.7028,33.5484
2004,7,1,10,0,27.6,368,215,540,3.3000000000000003,47.4260,37.2900
2004,7,1,10,30,28,370,309,634,3.4000000000000004,51.4361,40.4673
2004,7,1,11,0,28.400000000000002,482,169,632,3.5,54.7079,43.0595
2004,7,1,11,30,28.700000000000003,464,95,552,3.6,57.0413,44.9088
2004,7,1,12,0,28.900000000000002,416,239,641,3.7,58.7913,46.2940
2004,7,1,12,30,29,477,330,790,3.7,59.3378,46.7270
2004,7,1,13,0,29.1,474,324,779,3.8000000000000003,58.9222,46.3975
2004,7,1,13,30,29.1,468,316,760,3.8000000000000003,57.5474,45.3079
2004,7,1,14,0,29,443,84,519,3.9000000000000004,55.2195,43.4634
2004,7,1,14,30,28.8,145,805,835,3.9000000000000004,50.3777,39.6361
2004,7,1,15,0,28.6,246,586,720,3.9000000000000004,40.6840,31.9906
2004,7,1,15,30,28.200000000000003,405,156,522,3.8000000000000003,36.0493,28.3234
2004,7,1,16,0,27.900000000000002,203,507,549,3.7,36.1311,28.3558
2004,7,1,16,30,27.400000000000002,202,517,517,3.5,28.9977,22.7215
2004,7,1,17,0,27,105,690,468,3.2,23.2298,18.1608
2004,7,1,17,30,26.400000000000002,95,637,378,2.8000000000000003,16.0968,12.5420
2004,7,1,18,0,25.8,129,12,133,2.3000000000000003,12.7347,9.8712
2004,7,1,18,30,24.900000000000002,86,7,88,1.9000000000000001,8.3923,6.4542
2004,7,1,19,0,24,63,13,65,1.5,5.5298,4.2148
2004,7,1,19,30,23.400000000000002,20,0,20,1.4000000000000001,0.0000,0.0000
2004,7,1,20,0,22.8,0,0,0,1.4000000000000001,0.0000,0.0000
2004,7,1,20,30,22.5,0,0,0,1.3,0.0000,0.0000
2004,7,1,21,0,22.200000000000003,0,0,0,1.3,0.0000,0.0000
2004,7,1,21,30,21.900000000000002,0,0,0,1.3,0.0000,0.0000
2004,7,1,22,0,21.6,0,0,0,1.3,0.0000,0.0000
2004,7,1,22,30,21.400000000000002,0,0,0,1.3,0.0000,0.0000
2004,7,1,23,0,21.200000000000003,0,0,0,1.3,0.0000,0.0000
2004,7,1,23,30,21,0,0,0,1.4000000000000001,0.0000,0.0000
2004,7,2,0,0,20.8,0,0,0,1.4000000000000001,0.0000,0.0000
2004,7,2,0,30,20.700000000000003,0,0,0,1.4000000000000001,0.0000,0.0000
2004,7,2,1,0,20.6,0,0,0,1.5,0.0000,0.0000
2004,7,2,1,30,20.5,0,0,0,1.5,0.0000,0.0000
2004,7,2,2,0,20.3,0,0,0,1.4000000000000001,0.0000,0.0000
2004,7,2,2,30,20.200000000000003,0,0,0,1.4000000000000001,0.0000,0.0000
2004,7,2,3,0,20.1,0,0,0,1.4000000000000001,0.0000,0.0000
2004,7,2,3,30,20,0,0,0,1.4000000000000001,0.0000,0.0000
2004,7,2,4,0,19.900000000000002,0,0,0,1.5,0.0000,0.0000
2004,7,2,4,30,19.900000000000002,0,0,0,1.6,0.0000,0.0000
2004,7,2,5,0,20,0,0,0,1.7000000000000002,0.0000,0.0000
2004,7,2,5,30,20.3,19,0,19,2,0.0000,0.0000
2004,7,2,6,0,20.6,31,0,31,2.3000000000000003,0.0000,0.0000
2004,7,2,6,30,21,37,0,37,2.4000000000000004,7.4771,5.7455
2004,7,2,7,0,21.400000000000002,168,166,226,2.5,11.4981,8.9074
2004,7,2,7,30,22,188,84,225,2.5,18.7210,14.5810
2004,7,2,8,0,22.5,247,170,336,2.6,25.6097,20.0164
2004,7,2,8,30,23,259,140,343,2.6,31.3329,24.5471
2004,7,2,9,0,23.5,147,2,149,2.7,32.3420,25.3789
2004,7,2,9,30,23.8,340,135,441,2.7,40.4450,31.7742
2004,7,2,10,0,24.200000000000003,356,162,486,2.7,32.3716,25.4528
2004,7,2,10,30,24.5,380,40,414,2.7,38.3604,30.1797
2004,7,2,11,0,24.700000000000003,438,81,510,2.6,38.4988,30.3015
2004,7,2,11,30,24.900000000000002,447,84,524,2.5,33.7814,26.5960
2004,7,2,12,0,25,394,23,416,2.4000000000000004,39.3346,30.9731
2004,7,2,12,30,25,436,69,501,2.3000000000000003,48.5240,38.2113
2004,7,2,13,0,25,427,171,588,2.2,47.8109,37.6479
2004,7,2,13,30,24.900000000000002,446,131,568,2.2,46.5258,36.6304
2004,7,2,14,0,24.8,417,37,450,2.1,31.6312,24.8969
2004,7,2,14,30,24.6,332,15,344,2.1,50.5578,39.7777
2004,7,2,15,0,24.400000000000002,91,0,91,2,43.2034,33.9716
2004,7,2,15,30,24.1,228,5,232,1.9000000000000001,30.9495,24.3165
2004,7,2,16,0,23.900000000000002,135,1,136,1.8,32.0452,25.1491
2004,7,2,16,30,23.6,100,1,101,1.7000000000000002,29.5696,23.1697
2004,7,2,17,0,23.200000000000003,186,16,195,1.5,26.0694,20.3807
2004,7,2,17,30,22.8,212,93,253,1.4000000000000001,20.3484,15.8546
2004,7,2,18,0,22.5,169,55,189,1.2000000000000002,6.8566,5.3148
2004,7,2,18,30,21.900000000000002,119,27,126,1,4.3184,3.3211
2004,7,2,19,0,21.3,21,0,21,0.9,3.0986,2.3617
2004,7,2,19,30,20.900000000000002,13,0,13,0.9,0.0000,0.0000
2004,7,2,20,0,20.5,0,0,0,0.9,0.0000,0.0000
2004,7,2,20,30,20.3,0,0,0,0.9,0.0000,0.0000
2004,7,2,21,0,20.200000000000003,0,0,0,0.9,0.0000,0.0000
2004,7,2,21,30,20,0,0,0,0.9,0.0000,0.0000
2004,7,2,22,0,19.8,0,0,0,0.9,0.0000,0.0000
2004,7,2,22,30,19.700000000000003,0,0,0,0.9,0.0000,0.0000
2004,7,2,23,0,19.6,0,0,0,0.9,0.0000,0.0000
2004,7,2,23,30,19.5,0,0,0,0.9,0.0000,0.0000
2004,7,3,0,0,19.400000000000002,0,0,0,1,0.0000,0.0000
2004,7,3,0,30,19.3,0,0,0,1,0.0000,0.0000
2004,7,3,1,0,19.200000000000003,0,0,0,1.1,0.0000,0.0000
2004,7,3,1,30,19.1,0,0,0,1.1,0.0000,0.0000
2004,7,3,2,0,19,0,0,0,1.1,0.0000,0.0000
2004,7,3,2,30,18.900000000000002,0,0,0,1.1,0.0000,0.0000
2004,7,3,3,0,18.8,0,0,0,1.2000000000000002,0.0000,0.0000
2004,7,3,3,30,18.7,0,0,0,1.3,0.0000,0.0000
2004,7,3,4,0,18.6,0,0,0,1.3,0.0000,0.0000
2004,7,3,4,30,18.7,0,0,0,1.5,0.0000,0.0000
2004,7,3,5,0,18.8,0,0,0,1.6,0.0000,0.0000
2004,7,3,5,30,19.200000000000003,14,0,14,1.8,0.0000,0.0000
2004,7,3,6,0,19.5,45,0,45,2,0.0000,0.0000
2004,7,3,6,30,19.900000000000002,102,20,107,2,1.8069,1.3883
2004,7,3,7,0,20.3,111,9,114,2,11.5925,8.9796
2004,7,3,7,30,21,205,118,256,2,12.0634,9.3952
2004,7,3,8,0,21.6,215,289,364,2.1,18.6574,14.5819
2004,7,3,8,30,22.3,250,167,349,2.2,19.5693,15.3307
2004,7,3,9,0,23.1,258,51,293,2.3000000000000003,8.6805,6.8115
2004,7,3,9,30,23.900000000000002,303,227,471,2.4000000000000004,26.1092,20.5115
2004,7,3,10,0,24.8,371,27,393,2.5,29.1297,22.9036
2004,7,3,10,30,25.5,454,224,644,2.6,25.0456,19.7043
2004,7,3,11,0,26.3,428,49,473,2.7,31.0635,24.4492
2004,7,3,11,30,26.8,484,164,635,2.8000000000000003,32.0648,25.2444
2004,7,3,12,0,27.400000000000002,112,899,957,3,25.5258,20.0996
2004,7,3,12,30,27.8,478,317,777,3,30.7708,24.2310
2004,7,3,13,0,28.1,109,903,960,3.1,36.0861,28.4153
2004,7,3,13,30,28.3,108,899,940,3.1,34.7701,27.3749
2004,7,3,14,0,28.5,105,895,907,3.1,27.4249,21.5861
2004,7,3,14,30,28.5,103,885,862,2.9000000000000004,20.8280,16.3869
2004,7,3,15,0,28.5,95,881,807,2.8000000000000003,5.4602,4.2935
2004,7,3,15,30,28.3,92,864,739,2.6,13.7550,10.8070
2004,7,3,16,0,28.200000000000003,90,839,662,2.3000000000000003,7.9381,6.2298
2004,7,3,16,30,27.900000000000002,85,809,576,2,5.7764,4.5262
2004,7,3,17,0,27.700000000000003,81,768,486,1.7000000000000002,10.8617,8.4915
2004,7,3,17,30,27.3,74,719,393,1.3,13.6185,10.6108
2004,7,3,18,0,26.900000000000002,67,651,298,0.9,9.7418,7.5511
2004,7,3,18,30,26.1,57,564,207,0.8,6.1821,4.7542
2004,7,3,19,0,25.3,44,444,122,0.6000000000000001,1.0011,0.7630
2004,7,3,19,30,24.1,39,9,40,0.7000000000000001,0.0000,0.0000
2004,7,3,20,0,23,0,0,0,0.9,0.0000,0.0000
2004,7,3,20,30,22.400000000000002,0,0,0,0.9,0.0000,0.0000
2004,7,3,21,0,21.700000000000003,0,0,0,1,0.0000,0.0000
2004,7,3,21,30,21.400000000000002,0,0,0,0.9,0.0000,0.0000
2004,7,3,22,0,21.1,0,0,0,0.9,0.0000,0.0000
2004,7,3,22,30,20.8,0,0,0,1,0.0000,0.0000
2004,7,3,23,0,20.6,0,0,0,1,0.0000,0.0000
2004,7,3,23,30,20.400000000000002,0,0,0,1,0.0000,0.0000
2004,7,4,0,0,20.200000000000003,0,0,0,1,0.0000,0.0000
2004,7,4,0,30,20,0,0,0,1,0.0000,0.0000
2004,7,4,1,0,19.8,0,0,0,1.1,0.0000,0.0000
2004,7,4,1,30,19.400000000000002,0,0,0,1,0.0000,0.0000
2004,7,4,2,0,19,0,0,0,1,0.0000,0.0000
2004,7,4,2,30,18.8,0,0,0,1.1,0.0000,0.0000
2004,7,4,3,0,18.6,0,0,0,1.2000000000000002,0.0000,0.0000
2004,7,4,3,30,18.400000000000002,0,0,0,1.3,0.0000,0.0000
2004,7,4,4,0,18.2,0,0,0,1.4000000000000001,0.0000,0.0000
2004,7,4,4,30,18.1,0,0,0,1.8,0.0000,0.0000
2004,7,4,5,0,18.1,0,0,0,2.1,0.0000,0.0000
2004,7,4,5,30,18.6,26,203,42,2.3000000000000003,0.0000,0.0000
2004,7,4,6,0,19,44,414,112,2.6,0.0000,0.0000
2004,7,4,6,30,19.900000000000002,58,544,196,2.4000000000000004,5.2219,4.0114
2004,7,4,7,0,20.8,66,650,289,2.3000000000000003,5.8434,4.5259
2004,7,4,7,30,22,75,716,383,2.4000000000000004,13.7166,10.6819
2004,7,4,8,0,23.1,79,774,478,2.4000000000000004,20.2033,15.7894
2004,7,4,8,30,24.400000000000002,84,813,570,2.4000000000000004,19.9048,15.5931
2004,7,4,9,0,25.6,82,857,658,2.4000000000000004,17.0652,13.3907
2004,7,4,9,30,26.400000000000002,86,879,737,2.3000000000000003,27.8789,21.9014
2004,7,4,10,0,27.3,89,898,808,2.3000000000000003,23.5512,18.5172
2004,7,4,10,30,27.900000000000002,91,911,866,2.3000000000000003,38.9542,30.6464
2004,7,4,11,0,28.400000000000002,93,921,914,2.3000000000000003,28.8066,22.6726
2004,7,4,11,30,28.8,94,928,948,2.3000000000000003,38.8536,30.5890
2004,7,4,12,0,29.200000000000003,98,928,969,2.3000000000000003,58.7170,46.2349
2004,7,4,12,30,29.400000000000002,98,927,975,2.3000000000000003,47.7192,37.5772
2004,7,4,13,0,29.700000000000003,98,925,969,2.2,58.9130,46.3898
2004,7,4,13,30,29.8,97,922,949,2.1,57.5392,45.3011
2004,7,4,14,0,29.900000000000002,97,912,913,2,55.2736,43.5056
2004,7,4,14,30,29.8,95,902,868,1.8,52.1885,41.0606
2004,7,4,15,0,29.8,92,888,809,1.6,48.4200,38.0733
2004,7,4,15,30,29.700000000000003,89,871,742,1.5,43.8121,34.4222
2004,7,4,16,0,29.5,86,847,663,1.3,38.6373,30.3224
2004,7,4,16,30,29.400000000000002,81,820,579,1,32.9400,25.8103
2004,7,4,17,0,29.200000000000003,76,785,489,0.8,27.0677,21.1609
2004,7,4,17,30,29,70,739,396,0.6000000000000001,21.1514,16.4799
2004,7,4,18,0,28.700000000000003,62,681,303,0.5,15.3574,11.9035
2004,7,4,18,30,27.8,53,597,211,0.5,10.1545,7.8088
2004,7,4,19,0,26.8,41,480,125,0.5,5.8162,4.4328
2004,7,4,19,30,25.900000000000002,34,1,35,0.7000000000000001,0.0000,0.0000
2004,7,4,20,0,24.900000000000002,0,0,0,0.8,0.0000,0.0000
2004,7,4,20,30,24,0,0,0,0.9,0.0000,0.0000
2004,7,4,21,0,23.200000000000003,0,0,0,1,0.0000,0.0000
2004,7,4,21,30,22.700000000000003,0,0,0,1,0.0000,0.0000
2004,7,4,22,0,22.200000000000003,0,0,0,0.9,0.0000,0.0000
2004,7,4,22,30,21.8,0,0,0,0.9,0.0000,0.0000
2004,7,4,23,0,21.400000000000002,0,0,0,0.8,0.0000,0.0000
2004,7,4,23,30,20.8,0,0,0,0.9,0.0000,0.0000
2004,7,5,0,0,20.3,0,0,0,0.9,0.0000,0.0000
2004,7,5,0,30,19.700000000000003,0,0,0,0.9,0.0000,0.0000
2004,7,5,1,0,19.200000000000003,0,0,0,1,0.0000,0.0000
2004,7,5,1,30,18.8,0,0,0,1.1,0.0000,0.0000
2004,7,5,2,0,18.5,0,0,0,1.3,0.0000,0.0000
2004,7,5,2,30,18.3,0,0,0,1.4000000000000001,0.0000,0.0000
2004,7,5,3,0,18.1,0,0,0,1.5,0.0000,0.0000
2004,7,5,3,30,18,0,0,0,1.5,0.0000,0.0000
2004,7,5,4,0,17.8,0,0,0,1.6,0.0000,0.0000
2004,7,5,4,30,17.8,0,0,0,1.7000000000000002,0.0000,0.0000
2004,7,5,5,0,17.8,0,0,0,1.9000000000000001,0.0000,0.0000
2004,7,5,5,30,18.1,10,0,10,2,0.0000,0.0000
2004,7,5,6,0,18.400000000000002,7,0,7,2.1,0.0000,0.0000
2004,7,5,6,30,18.8,64,2,64,1.9000000000000001,9.5580,7.3411
2004,7,5,7,0,19.200000000000003,20,0,20,1.8,14.8016,11.4630
2004,7,5,7,30,19.6,46,0,46,1.7000000000000002,20.5095,15.9710
2004,7,5,8,0,20.1,93,1,94,1.6,26.5174,20.7232
2004,7,5,8,30,20.400000000000002,99,1,99,1.5,32.4982,25.4579
2004,7,5,9,0,20.8,99,0,99,1.5,38.3138,30.0633
2004,7,5,9,30,21.1,204,3,206,1.4000000000000001,43.6146,34.2627
2004,7,5,10,0,21.5,214,2,216,1.4000000000000001,48.4130,38.0644
2004,7,5,10,30,21.8,157,0,158,1.5,52.3750,41.2045
2004,7,5,11,0,22.200000000000003,115,0,115,1.6,55.6578,43.8060
2004,7,5,11,30,22.400000000000002,313,1,314,1.6,57.9990,45.6617
2004,7,5,12,0,22.5,318,1,319,1.6,59.4480,46.8103
2004,7,5,12,30,22.5,222,0,222,1.7000000000000002,59.8749,47.1491
2004,7,5,13,0,22.5,168,0,168,1.8,59.4611,46.8212
2004,7,5,13,30,22.400000000000002,71,0,71,2,58.0866,45.7319
2004,7,5,14,0,22.3,291,5,295,2.2,55.6365,43.7911
2004,7,5,14,30,22.1,306,7,312,2.5,52.5485,41.3436
2004,7,5,15,0,21.8,403,71,460,2.9000000000000004,48.5371,38.1653
2004,7,5,15,30,21.700000000000003,331,32,355,3,43.9878,34.5601
2004,7,5,16,0,21.5,276,18,288,3.1,38.6932,30.3661
2004,7,5,16,30,21.400000000000002,301,73,345,2.8000000000000003,33.1088,25.9425
2004,7,5,17,0,21.3,269,90,316,2.5,27.2319,21.2890
2004,7,5,17,30,21.200000000000003,225,211,318,2.1,21.3099,16.6031
2004,7,5,18,0,21,170,179,233,1.7000000000000002,15.6124,12.1008
2004,7,5,18,30,20.5,130,108,159,1.3,10.3480,7.9571
2004,7,5,19,0,20,91,87,106,0.8,5.9595,4.5419
2004,7,5,19,30,19.6,35,2,35,0.7000000000000001,0.0000,0.0000
2004,7,5,20,0,19.200000000000003,0,0,0,0.7000000000000001,0.0000,0.0000
2004,7,5,20,30,19.1,0,0,0,0.7000000000000001,0.0000,0.0000
2004,7,5,21,0,19,0,0,0,0.7000000000000001,0.0000,0.0000
2004,7,5,21,30,18.900000000000002,0,0,0,0.6000000000000001,0.0000,0.0000
2004,7,5,22,0,18.8,0,0,0,0.6000000000000001,0.0000,0.0000
2004,7,5,22,30,18.5,0,0,0,0.7000000000000001,0.0000,0.0000
2004,7,5,23,0,18.3,0,0,0,0.8,0.0000,0.0000
2004,7,5,23,30,18.2,0,0,0,0.9,0.0000,0.0000
2004,7,6,0,0,18.1,0,0,0,1.1,0.0000,0.0000
2004,7,6,0,30,18.2,0,0,0,1.5,0.0000,0.0000
2004,7,6,1,0,18.3,0,0,0,1.9000000000000001,0.0000,0.0000
2004,7,6,1,30,18.2,0,0,0,2.1,0.0000,0.0000
2004,7,6,2,0,18.1,0,0,0,2.4000000000000004,0.0000,0.0000
2004,7,6,2,30,17.8,0,0,0,2.6,0.0000,0.0000
2004,7,6,3,0,17.5,0,0,0,2.8000000000000003,0.0000,0.0000
2004,7,6,3,30,17,0,0,0,3.2,0.0000,0.0000
2004,7,6,4,0,16.5,0,0,0,3.5,0.0000,0.0000
2004,7,6,4,30,16,0,0,0,3.8000000000000003,0.0000,0.0000
2004,7,6,5,0,15.4,0,0,0,4.1000000000000005,0.0000,0.0000
2004,7,6,5,30,15.5,24,1,24,4.1000000000000005,0.0000,0.0000
2004,7,6,6,0,15.600000000000001,44,2,44,4.1000000000000005,0.0000,0.0000
2004,7,6,6,30,16.400000000000002,26,0,26,4.3,3.1186,2.3949
2004,7,6,7,0,17.1,71,2,71,4.5,1.0236,0.7926
2004,7,6,7,30,18,202,132,258,4.7,2.4617,1.9168
2004,7,6,8,0,18.900000000000002,135,5,138,5,5.2121,4.0730
2004,7,6,8,30,19.5,328,130,406,5.2,5.6423,4.4198
2004,7,6,9,0,20.1,368,153,471,5.5,5.7628,4.5217
2004,7,6,9,30,20.5,217,590,653,5.7,12.1879,9.5744
2004,7,6,10,0,20.900000000000002,234,590,705,5.9,12.9394,10.1734
2004,7,6,10,30,21.200000000000003,231,0,231,6,9.5543,7.5165
2004,7,6,11,0,21.400000000000002,441,60,494,6.1000000000000005,7.0020,5.5109
2004,7,6,11,30,21.5,477,153,618,6.1000000000000005,19.2086,15.1225
2004,7,6,12,0,21.6,506,186,681,6.1000000000000005,19.5689,15.4087
2004,7,6,12,30,21.700000000000003,466,144,602,6.1000000000000005,13.6319,10.7345
2004,7,6,13,0,21.8,180,0,180,6.1000000000000005,10.3083,8.1170
2004,7,6,13,30,21.8,434,15,447,6.1000000000000005,4.3455,3.4212
2004,7,6,14,0,21.8,443,45,483,6,17.9754,14.1482
2004,7,6,14,30,21.700000000000003,98,915,880,5.9,18.8872,14.8599
2004,7,6,15,0,21.700000000000003,434,131,540,5.800000000000001,27.5967,21.6995
2004,7,6,15,30,21.5,408,213,567,5.5,21.0438,16.5335
2004,7,6,16,0,21.400000000000002,89,867,679,5.300000000000001,16.8063,13.1894
2004,7,6,16,30,21.1,223,1,224,5.1000000000000005,19.7264,15.4566
2004,7,6,17,0,20.8,247,333,422,4.800000000000001,17.5948,13.7549
2004,7,6,17,30,20.400000000000002,73,756,406,4.3,17.1089,13.3297
2004,7,6,18,0,19.900000000000002,190,113,230,3.8000000000000003,12.0024,9.3025
2004,7,6,18,30,19,140,55,155,2.9000000000000004,7.7957,5.9942
2004,7,6,19,0,18,43,493,128,2,5.0539,3.8516
2004,7,6,19,30,16.900000000000002,26,311,53,1.6,0.0000,0.0000
2004,7,6,20,0,15.700000000000001,0,0,0,1.3,0.0000,0.0000
2004,7,6,20,30,15.200000000000001,0,0,0,1.2000000000000002,0.0000,0.0000
2004,7,6,21,0,14.8,0,0,0,1.2000000000000002,0.0000,0.0000
2004,7,6,21,30,14.4,0,0,0,1.1,0.0000,0.0000
2004,7,6,22,0,14.100000000000001,0,0,0,1.1,0.0000,0.0000
2004,7,6,22,30,13.700000000000001,0,0,0,1.1,0.0000,0.0000
2004,7,6,23,0,13.4,0,0,0,1.1,0.0000,0.0000
2004,7,6,23,30,13.100000000000001,0,0,0,1,0.0000,0.0000
2004,7,7,0,0,12.8,0,0,0,1,0.0000,0.0000
2004,7,7,0,30,12.5,0,0,0,1,0.0000,0.0000
2004,7,7,1,0,12.3,0,0,0,1,0.0000,0.0000
2004,7,7,1,30,12,0,0,0,1,0.0000,0.0000
2004,7,7,2,0,11.8,0,0,0,1,0.0000,0.0000
2004,7,7,2,30,11.5,0,0,0,1,0.0000,0.0000
2004,7,7,3,0,11.3,0,0,0,1,0.0000,0.0000
2004,7,7,3,30,11.100000000000001,0,0,0,1,0.0000,0.0000
2004,7,7,4,0,10.8,0,0,0,1,0.0000,0.0000
2004,7,7,4,30,11.3,0,0,0,1.1,0.0000,0.0000
2004,7,7,5,0,11.700000000000001,0,0,0,1.1,0.0000,0.0000
2004,7,7,5,30,12.700000000000001,24,245,42,1.5,0.0000,0.0000
2004,7,7,6,0,13.700000000000001,43,430,111,1.8,0.0000,0.0000
2004,7,7,6,30,15,57,557,196,1.8,1.2660,0.9720
2004,7,7,7,0,16.400000000000002,69,645,287,1.7000000000000002,3.6305,2.8110
2004,7,7,7,30,17.3,230,64,257,1.6,13.7978,10.7429
2004,7,7,8,0,18.2,212,10,217,1.5,7.6479,5.9763
2004,7,7,8,30,18.5,196,476,479,1.3,23.1300,18.1180
2004,7,7,9,0,18.7,311,291,505,1.2000000000000002,27.4088,21.5056
2004,7,7,9,30,19,324,233,496,1.2000000000000002,38.6245,30.3416
2004,7,7,10,0,19.3,271,9,278,1.2000000000000002,42.2251,33.1983
2004,7,7,10,30,19.400000000000002,114,0,114,1.2000000000000002,13.9664,10.9874
2004,7,7,11,0,19.5,238,2,240,1.2000000000000002,30.0743,23.6698
2004,7,7,11,30,19.6,291,6,296,1.1,37.8011,29.7598
2004,7,7,12,0,19.700000000000003,265,3,268,1,41.7714,32.8911
2004,7,7,12,30,19.900000000000002,219,2,221,1.2000000000000002,36.9627,29.1064
2004,7,7,13,0,20.200000000000003,355,5,360,1.3,11.0438,8.6961
2004,7,7,13,30,20.400000000000002,104,0,104,1.4000000000000001,27.3561,21.5375
2004,7,7,14,0,20.6,261,2,263,1.6,29.4290,23.1632
2004,7,7,14,30,20.6,240,4,244,1.8,53.2683,41.9096
2004,7,7,15,0,20.700000000000003,166,1,167,2,32.3936,25.4712
2004,7,7,15,30,20.5,64,0,64,2.3000000000000003,33.6074,26.4042
2004,7,7,16,0,20.3,185,3,188,2.6,39.6193,31.0925
2004,7,7,16,30,19.900000000000002,246,69,288,3,12.8058,10.0338
2004,7,7,17,0,19.400000000000002,147,8,152,3.3000000000000003,23.4931,18.3656
2004,7,7,17,30,18.7,53,0,53,3.4000000000000004,21.8389,17.0145
2004,7,7,18,0,18.1,117,1,117,3.6,11.8447,9.1800
2004,7,7,18,30,17.400000000000002,75,1,75,3.4000000000000004,7.5975,5.8415
2004,7,7,19,0,16.7,60,287,110,3.3000000000000003,6.1033,4.6511
2004,7,7,19,30,16.2,19,0,19,3.2,0.0000,0.0000
2004,7,7,20,0,15.8,0,0,0,3.1,0.0000,0.0000
2004,7,7,20,30,15.600000000000001,0,0,0,3.1,0.0000,0.0000
2004,7,7,21,0,15.4,0,0,0,3.1,0.0000,0.0000
2004,7,7,21,30,15.3,0,0,0,3.1,0.0000,0.0000
2004,7,7,22,0,15.3,0,0,0,3.1,0.0000,0.0000
2004,7,7,22,30,15.200000000000001,0,0,0,3.2,0.0000,0.0000
2004,7,7,23,0,15.200000000000001,0,0,0,3.2,0.0000,0.0000
2004,7,7,23,30,15.100000000000001,0,0,0,3.2,0.0000,0.0000
2004,7,8,0,0,15.100000000000001,0,0,0,3.2,0.0000,0.0000
2004,7,8,0,30,15,0,0,0,3.2,0.0000,0.0000
2004,7,8,1,0,15,0,0,0,3.1,0.0000,0.0000
2004,7,8,1,30,14.9,0,0,0,3.2,0.0000,0.0000
2004,7,8,2,0,14.8,0,0,0,3.3000000000000003,0.0000,0.0000
2004,7,8,2,30,14.8,0,0,0,3.3000000000000003,0.0000,0.0000
2004,7,8,3,0,14.700000000000001,0,0,0,3.4000000000000004,0.0000,0.0000
2004,7,8,3,30,14.700000000000001,0,0,0,3.6,0.0000,0.0000
2004,7,8,4,0,14.700000000000001,0,0,0,3.7,0.0000,0.0000
2004,7,8,4,30,14.700000000000001,0,0,0,3.7,0.0000,0.0000
2004,7,8,5,0,14.700000000000001,0,0,0,3.8000000000000003,0.0000,0.0000
2004,7,8,5,30,15.100000000000001,18,0,18,4,0.0000,0.0000
2004,7,8,6,0,15.600000000000001,17,0,17,4.3,0.0000,0.0000
2004,7,8,6,30,16.3,59,0,59,4.5,9.5355,7.3201
2004,7,8,7,0,17,107,1,108,4.800000000000001,14.6636,11.3522
2004,7,8,7,30,18,166,5,168,5,13.7343,10.6926
2004,7,8,8,0,18.900000000000002,197,4,199,5.1000000000000005,12.0200,9.3922
2004,7,8,8,30,20,280,166,378,5.2,27.2782,21.3667
2004,7,8,9,0,21,277,6,281,5.300000000000001,29.3776,23.0497
2004,7,8,9,30,21.900000000000002,255,1,256,5.2,29.3312,23.0408
2004,7,8,10,0,22.8,237,6,243,5.2,16.6470,13.0881
2004,7,8,10,30,23.5,329,30,354,5,6.8914,5.4214
2004,7,8,11,0,24.1,411,17,426,4.800000000000001,14.6089,11.4978
2004,7,8,11,30,24.3,424,17,439,4.6000000000000005,18.1033,14.2521
2004,7,8,12,0,24.5,387,3,390,4.4,16.4369,12.9424
2004,7,8,12,30,24.6,447,21,467,4.4,13.5681,10.6842
2004,7,8,13,0,24.6,460,36,494,4.4,22.0856,17.3905
2004,7,8,13,30,24.6,452,221,655,4.4,6.3642,5.0105
2004,7,8,14,0,24.6,438,212,627,4.3,16.0231,12.6115
2004,7,8,14,30,24.5,407,106,498,4.2,14.7685,11.6192
2004,7,8,15,0,24.400000000000002,379,66,433,4.1000000000000005,10.0172,7.8765
2004,7,8,15,30,24.200000000000003,364,131,462,4,3.7930,2.9800
2004,7,8,16,0,23.900000000000002,277,4,280,3.8000000000000003,10.9683,8.6076
2004,7,8,16,30,23.5,275,18,286,3.6,16.4625,12.8988
2004,7,8,17,0,23.1,149,0,150,3.4000000000000004,8.4606,6.6139
2004,7,8,17,30,22.700000000000003,137,0,137,3.2,2.8501,2.2204
2004,7,8,18,0,22.200000000000003,115,1,115,2.9000000000000004,6.0232,4.6680
2004,7,8,18,30,21.8,74,0,74,2.8000000000000003,3.6749,2.8253
2004,7,8,19,0,21.400000000000002,45,0,45,2.7,0.0000,0.0000
2004,7,8,19,30,21.1,28,0,28,2.6,0.0000,0.0000
2004,7,8,20,0,20.900000000000002,0,0,0,2.5,0.0000,0.0000
2004,7,8,20,30,20.700000000000003,0,0,0,2.3000000000000003,0.0000,0.0000
2004,7,8,21,0,20.6,0,0,0,2.1,0.0000,0.0000
2004,7,8,21,30,20.5,0,0,0,2,0.0000,0.0000
2004,7,8,22,0,20.400000000000002,0,0,0,1.9000000000000001,0.0000,0.0000
2004,7,8,22,30,20.400000000000002,0,0,0,2.2,0.0000,0.0000
2004,7,8,23,0,20.3,0,0,0,2.4000000000000004,0.0000,0.0000
2004,7,8,23,30,20.3,0,0,0,2.4000000000000004,0.0000,0.0000
2004,7,9,0,0,20.200000000000003,0,0,0,2.5,0.0000,0.0000
2004,7,9,0,30,20.1,0,0,0,2.2,0.0000,0.0000
2004,7,9,1,0,19.900000000000002,0,0,0,2,0.0000,0.0000
2004,7,9,1,30,19.700000000000003,0,0,0,1.6,0.0000,0.0000
2004,7,9,2,0,19.5,0,0,0,1.2000000000000002,0.0000,0.0000
2004,7,9,2,30,19.400000000000002,0,0,0,1.1,0.0000,0.0000
2004,7,9,3,0,19.3,0,0,0,1,0.0000,0.0000
2004,7,9,3,30,19.3,0,0,0,1.2000000000000002,0.0000,0.0000
2004,7,9,4,0,19.3,0,0,0,1.3,0.0000,0.0000
2004,7,9,4,30,19.3,0,0,0,1.6,0.0000,0.0000
2004,7,9,5,0,19.3,0,0,0,1.9000000000000001,0.0000,0.0000
2004,7,9,5,30,19.400000000000002,12,0,12,2,0.0000,0.0000
2004,7,9,6,0,19.6,7,0,7,2.2,0.0000,0.0000
2004,7,9,6,30,19.900000000000002,80,4,81,2.1,2.8680,2.2013
2004,7,9,7,0,20.1,143,20,150,2.1,5.5130,4.2675
2004,7,9,7,30,20.700000000000003,218,101,260,1.8,8.9721,6.9846
2004,7,9,8,0,21.3,242,221,354,1.5,11.0167,8.6078
2004,7,9,8,30,22.1,230,397,465,1.3,21.5171,16.8534
2004,7,9,9,0,22.900000000000002,224,517,569,1,16.3418,12.8215
2004,7,9,9,30,23.700000000000003,226,554,634,1,15.1347,11.8887
2004,7,9,10,0,24.6,233,603,712,1,14.5482,11.4378
2004,7,9,10,30,25.3,145,805,827,0.9,21.3957,16.8317
2004,7,9,11,0,26,399,433,783,0.9,25.9270,20.4054
2004,7,9,11,30,26.400000000000002,244,637,828,0.8,26.8457,21.1346
2004,7,9,12,0,26.8,262,587,811,0.7000000000000001,23.9167,18.8319
2004,7,9,12,30,27,279,575,821,0.6000000000000001,28.6681,22.5746
2004,7,9,13,0,27.200000000000003,321,531,819,0.6000000000000001,30.3036,23.8613
2004,7,9,13,30,27.200000000000003,280,559,795,0.6000000000000001,40.0790,31.5538
2004,7,9,14,0,27.200000000000003,223,633,788,0.6000000000000001,38.1961,30.0633
2004,7,9,14,30,27.1,192,644,742,0.7000000000000001,30.1398,23.7127
2004,7,9,15,0,27.1,198,612,691,0.8,25.9702,20.4203
2004,7,9,15,30,27,405,194,550,0.9,27.3783,21.5099
2004,7,9,16,0,26.900000000000002,266,413,546,1.1,16.3337,12.8181
2004,7,9,16,30,26.700000000000003,250,378,479,1.2000000000000002,16.3454,12.8069
2004,7,9,17,0,26.5,281,162,366,1.3,8.3475,6.5254
2004,7,9,17,30,26.1,215,250,324,1.2000000000000002,7.3651,5.7378
2004,7,9,18,0,25.6,160,263,252,1.2000000000000002,5.9177,4.5859
2004,7,9,18,30,24.700000000000003,126,182,173,1.1,3.6243,2.7862
2004,7,9,19,0,23.8,83,140,107,1.1,0.0000,0.0000
2004,7,9,19,30,23.200000000000003,32,0,32,1.2000000000000002,0.0000,0.0000
2004,7,9,20,0,22.5,0,0,0,1.3,0.0000,0.0000
2004,7,9,20,30,22.200000000000003,0,0,0,1.4000000000000001,0.0000,0.0000
2004,7,9,21,0,21.900000000000002,0,0,0,1.4000000000000001,0.0000,0.0000
2004,7,9,21,30,21.5,0,0,0,1.3,0.0000,0.0000
2004,7,9,22,0,21.1,0,0,0,1.2000000000000002,0.0000,0.0000
2004,7,9,22,30,20.8,0,0,0,1.3,0.0000,0.0000
2004,7,9,23,0,20.6,0,0,0,1.3,0.0000,0.0000
2004,7,9,23,30,20.3,0,0,0,1.4000000000000001,0.0000,0.0000
2004,7,10,0,0,20.1,0,0,0,1.5,0.0000,0.0000
2004,7,10,0,30,20,0,0,0,1.5,0.0000,0.0000
2004,7,10,1,0,19.8,0,0,0,1.6,0.0000,0.0000
2004,7,10,1,30,19.6,0,0,0,1.6,0.0000,0.0000
2004,7,10,2,0,19.400000000000002,0,0,0,1.7000000000000002,0.0000,0.0000
2004,7,10,2,30,19.200000000000003,0,0,0,1.6,0.0000,0.0000
2004,7,10,3,0,18.900000000000002,0,0,0,1.5,0.0000,0.0000
2004,7,10,3,30,18.8,0,0,0,1.4000000000000001,0.0000,0.0000
2004,7,10,4,0,18.6,0,0,0,1.4000000000000001,0.0000,0.0000
2004,7,10,4,30,19,0,0,0,1.5,0.0000,0.0000
2004,7,10,5,0,19.400000000000002,0,0,0,1.7000000000000002,0.0000,0.0000
2004,7,10,5,30,20.3,24,1,24,2.1,0.0000,0.0000
2004,7,10,6,0,21.200000000000003,59,7,60,2.5,0.0000,0.0000
2004,7,10,6,30,22.200000000000003,80,9,82,2.5,3.9342,3.0190
2004,7,10,7,0,23.3,157,58,176,2.6,7.6501,5.9210
2004,7,10,7,30,24.3,203,114,251,2.7,13.8752,10.8007
2004,7,10,8,0,25.400000000000002,248,165,332,2.8000000000000003,19.5865,15.3029
2004,7,10,8,30,26.200000000000003,321,95,377,3,26.4579,20.7226
2004,7,10,9,0,27,343,101,410,3.2,33.0795,25.9530
2004,7,10,9,30,27.3,297,382,577,3.3000000000000003,37.4721,29.4348
2004,7,10,10,0,27.700000000000003,361,72,417,3.4000000000000004,42.6170,33.5051
2004,7,10,10,30,27.900000000000002,378,156,510,3.5,49.9747,39.3140
2004,7,10,11,0,28,281,575,791,3.6,47.6471,37.4994
2004,7,10,11,30,28.1,164,805,902,3.6,50.6272,39.8566
2004,7,10,12,0,28.200000000000003,502,172,663,3.7,49.7286,39.1558
2004,7,10,12,30,28.1,233,0,233,3.6,50.3938,39.6821
2004,7,10,13,0,28.1,239,0,239,3.6,50.2352,39.5555
2004,7,10,13,30,28,140,0,140,3.6,48.6409,38.2943
2004,7,10,14,0,27.900000000000002,90,0,90,3.5,47.9998,37.7794
2004,7,10,14,30,27.700000000000003,128,0,128,3.4000000000000004,44.9021,35.3267
2004,7,10,15,0,27.6,265,1,265,3.3000000000000003,41.4394,32.5834
2004,7,10,15,30,27.400000000000002,389,94,458,3.1,32.5891,25.6035
2004,7,10,16,0,27.3,359,88,418,2.9000000000000004,31.8455,24.9910
2004,7,10,16,30,27.1,125,700,547,2.7,27.3700,21.4445
2004,7,10,17,0,26.8,113,663,460,2.5,20.3623,15.9172
2004,7,10,17,30,26.3,103,608,369,2.2,17.4121,13.5643
2004,7,10,18,0,25.8,164,72,189,2,12.9617,10.0440
2004,7,10,18,30,25.200000000000003,117,33,125,1.9000000000000001,8.4686,6.5095
2004,7,10,19,0,24.5,41,0,42,1.9000000000000001,0.0000,0.0000
2004,7,10,19,30,24.200000000000003,30,0,30,2.1,0.0000,0.0000
2004,7,10,20,0,23.900000000000002,0,0,0,2.4000000000000004,0.0000,0.0000
2004,7,10,20,30,23.8,0,0,0,2.6,0.0000,0.0000
2004,7,10,21,0,23.700000000000003,0,0,0,2.9000000000000004,0.0000,0.0000
2004,7,10,21,30,23.5,0,0,0,3,0.0000,0.0000
2004,7,10,22,0,23.400000000000002,0,0,0,3.1,0.0000,0.0000
2004,7,10,22,30,23.200000000000003,0,0,0,3.1,0.0000,0.0000
2004,7,10,23,0,23.1,0,0,0,3.1,0.0000,0.0000
2004,7,10,23,30,23,0,0,0,3.1,0.0000,0.0000
2004,7,11,0,0,22.900000000000002,0,0,0,3.1,0.0000,0.0000
2004,7,11,0,30,22.8,0,0,0,3.2,0.0000,0.0000
2004,7,11,1,0,22.8,0,0,0,3.2,0.0000,0.0000
2004,7,11,1,30,22.700000000000003,0,0,0,3.2,0.0000,0.0000
2004,7,11,2,0,22.700000000000003,0,0,0,3.2,0.0000,0.0000
2004,7,11,2,30,22.6,0,0,0,3.1,0.0000,0.0000
2004,7,11,3,0,22.6,0,0,0,3,0.0000,0.0000
2004,7,11,3,30,22.5,0,0,0,2.9000000000000004,0.0000,0.0000
2004,7,11,4,0,22.400000000000002,0,0,0,2.8000000000000003,0.0000,0.0000
2004,7,11,4,30,22.400000000000002,0,0,0,2.8000000000000003,0.0000,0.0000
2004,7,11,5,0,22.400000000000002,0,0,0,2.8000000000000003,0.0000,0.0000
2004,7,11,5,30,22.700000000000003,24,1,24,2.9000000000000004,0.0000,0.0000
2004,7,11,6,0,23,46,2,46,3.1,0.0000,0.0000
2004,7,11,6,30,23.5,85,7,87,3.3000000000000003,3.9792,3.0530
2004,7,11,7,0,23.900000000000002,152,256,237,3.4000000000000004,8.9672,6.9394
2004,7,11,7,30,24.5,230,100,272,3.5,13.3840,10.4174
2004,7,11,8,0,25.1,150,540,424,3.5,18.3588,14.3429
2004,7,11,8,30,25.700000000000003,164,590,511,3.4000000000000004,21.4414,16.7929
2004,7,11,9,0,26.400000000000002,295,310,501,3.2,23.8269,18.6933
2004,7,11,9,30,27.1,332,292,546,2.9000000000000004,34.0933,26.7801
2004,7,11,10,0,27.8,415,278,635,2.6,24.9545,19.6187
2004,7,11,10,30,28.5,264,1,265,2.4000000000000004,30.8131,24.2398
2004,7,11,11,0,29.200000000000003,207,0,207,2.2,48.1262,37.8762
2004,7,11,11,30,29.700000000000003,291,1,292,2,55.1441,43.4121
2004,7,11,12,0,30.3,161,0,161,1.8,40.6487,32.0062
2004,7,11,12,30,30.6,472,104,569,1.7000000000000002,14.3003,11.2605
2004,7,11,13,0,30.900000000000002,429,19,447,1.5,14.6580,11.5417
2004,7,11,13,30,31,480,259,718,1.4000000000000001,8.5648,6.7429
2004,7,11,14,0,31.200000000000003,117,865,888,1.4000000000000001,5.4817,4.3144
2004,7,11,14,30,31.200000000000003,114,857,845,1.4000000000000001,7.7451,6.0934
2004,7,11,15,0,31.200000000000003,103,859,793,1.4000000000000001,15.8902,12.4942
2004,7,11,15,30,31.200000000000003,99,844,728,1.5,27.1337,21.3173
2004,7,11,16,0,31.1,91,831,654,1.6,24.3759,19.1289
2004,7,11,16,30,30.900000000000002,86,804,571,1.6,31.2490,24.4833
2004,7,11,17,0,30.700000000000003,78,778,484,1.5,25.5850,19.9993
2004,7,11,17,30,30.3,71,731,391,1.4000000000000001,19.8235,15.4422
2004,7,11,18,0,29.900000000000002,62,678,298,1.4000000000000001,9.7170,7.5292
2004,7,11,18,30,28.6,53,595,207,1.1,6.1163,4.7009
2004,7,11,19,0,27.3,40,477,121,0.9,0.0000,0.0000
2004,7,11,19,30,26.400000000000002,24,297,48,0.9,0.0000,0.0000
2004,7,11,20,0,25.5,0,0,0,1,0.0000,0.0000
2004,7,11,20,30,25,0,0,0,1,0.0000,0.0000
2004,7,11,21,0,24.5,0,0,0,1,0.0000,0.0000
2004,7,11,21,30,24.1,0,0,0,1,0.0000,0.0000
2004,7,11,22,0,23.6,0,0,0,1,0.0000,0.0000
2004,7,11,22,30,23.3,0,0,0,1,0.0000,0.0000
2004,7,11,23,0,22.900000000000002,0,0,0,1,0.0000,0.0000
2004,7,11,23,30,22.5,0,0,0,1,0.0000,0.0000
2004,7,12,0,0,22.200000000000003,0,0,0,1,0.0000,0.0000
2004,7,12,0,30,21.8,0,0,0,1,0.0000,0.0000
2004,7,12,1,0,21.5,0,0,0,1,0.0000,0.0000
2004,7,12,1,30,21.200000000000003,0,0,0,1,0.0000,0.0000
2004,7,12,2,0,20.900000000000002,0,0,0,1,0.0000,0.0000
2004,7,12,2,30,20.700000000000003,0,0,0,1,0.0000,0.0000
2004,7,12,3,0,20.400000000000002,0,0,0,0.9,0.0000,0.0000
2004,7,12,3,30,20.3,0,0,0,0.9,0.0000,0.0000
2004,7,12,4,0,20.200000000000003,0,0,0,0.8,0.0000,0.0000
2004,7,12,4,30,20.6,0,0,0,0.8,0.0000,0.0000
2004,7,12,5,0,21,0,0,0,0.7000000000000001,0.0000,0.0000
2004,7,12,5,30,22,21,219,35,1.1,0.0000,0.0000
2004,7,12,6,0,23,39,429,104,1.5,0.0000,0.0000
2004,7,12,6,30,23.900000000000002,53,563,188,1.5,4.2181,3.2356
2004,7,12,7,0,24.700000000000003,63,656,280,1.6,12.0641,9.3348
2004,7,12,7,30,25.8,72,723,374,1.8,14.4930,11.2796
2004,7,12,8,0,26.900000000000002,79,768,467,2.1,23.4327,18.3060
2004,7,12,8,30,27.8,85,807,558,2.5,29.0484,22.7498
2004,7,12,9,0,28.8,90,835,643,2.9000000000000004,29.1054,22.8339
2004,7,12,9,30,29.400000000000002,94,858,722,3.2,32.2530,25.3341
2004,7,12,10,0,30.1,100,871,789,3.5,37.9915,29.8676
2004,7,12,10,30,30.5,103,885,849,3.7,16.0075,12.5925
2004,7,12,11,0,31,109,888,894,3.9000000000000004,12.5923,9.9103
2004,7,12,11,30,31.3,111,894,928,4,17.8490,14.0515
2004,7,12,12,0,31.6,118,888,947,4.1000000000000005,9.8697,7.7712
2004,7,12,12,30,31.900000000000002,119,888,953,4.2,34.9179,27.4954
2004,7,12,13,0,32.1,120,883,946,4.3,27.4117,21.5839
2004,7,12,13,30,32.2,119,879,927,4.3,43.9201,34.5772
2004,7,12,14,0,32.300000000000004,119,867,892,4.3,54.0794,42.5639
2004,7,12,14,30,32.300000000000004,117,856,846,4.2,51.1238,40.2211
2004,7,12,15,0,32.300000000000004,110,846,789,4.1000000000000005,47.5440,37.3827
2004,7,12,15,30,32.1,106,826,721,3.9000000000000004,43.1229,33.8787
2004,7,12,16,0,32,103,799,644,3.6,38.1310,29.9227
2004,7,12,16,30,31.700000000000003,97,769,560,3.2,32.6119,25.5506
2004,7,12,17,0,31.400000000000002,91,729,471,2.8000000000000003,26.9110,21.0352
2004,7,12,17,30,30.8,83,679,379,2.3000000000000003,20.9964,16.3551
2004,7,12,18,0,30.200000000000003,76,597,284,1.9000000000000001,15.3129,11.8643
2004,7,12,18,30,29,64,507,194,1.6,10.1223,7.7790
2004,7,12,19,0,27.900000000000002,61,89,76,1.4000000000000001,0.0000,0.0000
2004,7,12,19,30,27.200000000000003,16,0,16,1.5,0.0000,0.0000
2004,7,12,20,0,26.5,0,0,0,1.6,0.0000,0.0000
2004,7,12,20,30,26.200000000000003,0,0,0,1.8,0.0000,0.0000
2004,7,12,21,0,26,0,0,0,2,0.0000,0.0000
2004,7,12,21,30,25.700000000000003,0,0,0,2.2,0.0000,0.0000
2004,7,12,22,0,25.400000000000002,0,0,0,2.4000000000000004,0.0000,0.0000
2004,7,12,22,30,25,0,0,0,2.4000000000000004,0.0000,0.0000
2004,7,12,23,0,24.6,0,0,0,2.5,0.0000,0.0000
2004,7,12,23,30,24.1,0,0,0,2.6,0.0000,0.0000
2004,7,13,0,0,23.700000000000003,0,0,0,2.6,0.0000,0.0000
2004,7,13,0,30,23.400000000000002,0,0,0,2.7,0.0000,0.0000
2004,7,13,1,0,23,0,0,0,2.7,0.0000,0.0000
2004,7,13,1,30,22.8,0,0,0,2.7,0.0000,0.0000
2004,7,13,2,0,22.5,0,0,0,2.7,0.0000,0.0000
2004,7,13,2,30,22.3,0,0,0,2.7,0.0000,0.0000
2004,7,13,3,0,22.200000000000003,0,0,0,2.6,0.0000,0.0000
2004,7,13,3,30,22,0,0,0,2.4000000000000004,0.0000,0.0000
2004,7,13,4,0,21.8,0,0,0,2.1,0.0000,0.0000
2004,7,13,4,30,22,0,0,0,2.2,0.0000,0.0000
2004,7,13,5,0,22.200000000000003,0,0,0,2.2,0.0000,0.0000
2004,7,13,5,30,23,19,0,19,2.4000000000000004,0.0000,0.0000
2004,7,13,6,0,23.8,43,359,97,2.6,0.0000,0.0000
2004,7,13,6,30,24.700000000000003,114,13,118,2.7,9.1072,6.9844
2004,7,13,7,0,25.700000000000003,164,16,170,2.8000000000000003,14.2387,11.0158
2004,7,13,7,30,26.6,217,42,234,3.3000000000000003,19.9115,15.4953
2004,7,13,8,0,27.6,87,739,458,3.9000000000000004,25.7928,20.1485
2004,7,13,8,30,28.1,297,243,439,4,31.7061,24.8304
2004,7,13,9,0,28.6,98,814,636,4.2,37.3408,29.2939
2004,7,13,9,30,28.900000000000002,102,839,714,4,42.6370,33.4898
2004,7,13,10,0,29.3,103,864,786,3.9000000000000004,47.1932,37.1011
2004,7,13,10,30,29.6,438,130,547,3.8000000000000003,51.2743,40.3349
2004,7,13,11,0,29.900000000000002,422,36,454,3.7,54.3748,42.7930
2004,7,13,11,30,30.1,310,501,767,3.5,56.7169,44.6495
2004,7,13,12,0,30.3,502,233,719,3.4000000000000004,58.0456,45.7035
2004,7,13,12,30,30.3,491,287,760,3.2,58.4757,46.0451
2004,7,13,13,0,30.400000000000002,440,256,679,3.1,58.0054,45.6729
2004,7,13,13,30,30.200000000000003,234,582,768,3.2,56.6980,44.6367
2004,7,13,14,0,30.1,407,288,664,3.3000000000000003,54.3161,42.7498
2004,7,13,14,30,29.5,78,0,79,3.6,51.1777,40.2632
2004,7,13,15,0,28.900000000000002,52,0,52,4,47.2975,37.1885
2004,7,13,15,30,28.200000000000003,138,1,139,3.9000000000000004,42.7017,33.5475
2004,7,13,16,0,27.5,175,594,577,3.8000000000000003,37.5406,29.4590
2004,7,13,16,30,26.900000000000002,107,746,556,3.4000000000000004,31.9756,25.0515
2004,7,13,17,0,26.400000000000002,96,717,469,3.1,26.1796,20.4628
2004,7,13,17,30,25.700000000000003,87,666,377,2.6,20.3434,15.8457
2004,7,13,18,0,25.1,176,148,227,2.1,14.5844,11.2990
2004,7,13,18,30,24.1,132,78,152,1.7000000000000002,9.4808,7.2851
2004,7,13,19,0,23.1,46,402,113,1.2000000000000002,0.0000,0.0000
2004,7,13,19,30,22.400000000000002,26,221,43,1.1,0.0000,0.0000
2004,7,13,20,0,21.700000000000003,0,0,0,1.1,0.0000,0.0000
2004,7,13,20,30,21.3,0,0,0,1.1,0.0000,0.0000
2004,7,13,21,0,20.900000000000002,0,0,0,1.2000000000000002,0.0000,0.0000
2004,7,13,21,30,20.6,0,0,0,1.2000000000000002,0.0000,0.0000
2004,7,13,22,0,20.3,0,0,0,1.3,0.0000,0.0000
2004,7,13,22,30,20.1,0,0,0,1.4000000000000001,0.0000,0.0000
2004,7,13,23,0,19.900000000000002,0,0,0,1.5,0.0000,0.0000
2004,7,13,23,30,19.6,0,0,0,1.6,0.0000,0.0000
2004,7,14,0,0,19.3,0,0,0,1.7000000000000002,0.0000,0.0000
2004,7,14,0,30,19,0,0,0,1.7000000000000002,0.0000,0.0000
2004,7,14,1,0,18.6,0,0,0,1.7000000000000002,0.0000,0.0000
2004,7,14,1,30,18.3,0,0,0,1.6,0.0000,0.0000
2004,7,14,2,0,17.900000000000002,0,0,0,1.5,0.0000,0.0000
2004,7,14,2,30,17.7,0,0,0,1.4000000000000001,0.0000,0.0000
2004,7,14,3,0,17.6,0,0,0,1.3,0.0000,0.0000
2004,7,14,3,30,17.6,0,0,0,1.2000000000000002,0.0000,0.0000
2004,7,14,4,0,17.6,0,0,0,1.2000000000000002,0.0000,0.0000
2004,7,14,4,30,17.7,0,0,0,1.1,0.0000,0.0000
2004,7,14,5,0,17.8,0,0,0,1,0.0000,0.0000
2004,7,14,5,30,18.2,11,0,11,1.2000000000000002,0.0000,0.0000
2004,7,14,6,0,18.6,18,0,18,1.3,0.0000,0.0000
2004,7,14,6,30,19,54,1,54,1.3,5.7109,4.3788
2004,7,14,7,0,19.400000000000002,91,6,93,1.3,8.6355,6.6798
2004,7,14,7,30,20.5,198,105,242,1.3,12.4477,9.6860
2004,7,14,8,0,21.5,219,255,347,1.3,25.2796,19.7464
2004,7,14,8,30,22.900000000000002,222,318,408,1.6,24.9322,19.5247
2004,7,14,9,0,24.400000000000002,355,157,458,2,36.9203,28.9632
2004,7,14,9,30,25.1,101,839,712,2.1,42.1509,33.1073
2004,7,14,10,0,25.900000000000002,415,126,514,2.2,47.0018,36.9500
2004,7,14,10,30,26.400000000000002,399,363,704,2.3000000000000003,33.0287,25.9817
2004,7,14,11,0,26.900000000000002,253,597,779,2.3000000000000003,27.6083,21.7275
2004,7,14,11,30,27.3,364,375,706,2.3000000000000003,46.8697,36.8972
2004,7,14,12,0,27.700000000000003,97,0,97,2.4000000000000004,44.0643,34.6947
2004,7,14,12,30,28,152,0,152,2.3000000000000003,46.6271,36.7150
2004,7,14,13,0,28.200000000000003,241,0,241,2.3000000000000003,41.6285,32.7776
2004,7,14,13,30,28.400000000000002,268,0,268,2.1,46.9671,36.9756
2004,7,14,14,0,28.5,381,6,386,1.9000000000000001,40.4274,31.8184
2004,7,14,14,30,28.400000000000002,174,0,174,1.7000000000000002,4.7783,3.7592
2004,7,14,15,0,28.3,428,131,533,1.5,3.1167,2.4505
2004,7,14,15,30,28.1,185,0,186,1.3,8.2307,6.4661
2004,7,14,16,0,27.900000000000002,89,0,89,1.1,33.6273,26.3877
2004,7,14,16,30,27.5,132,0,132,0.9,31.7378,24.8646
2004,7,14,17,0,27.200000000000003,269,196,371,0.8,26.0585,20.3674
2004,7,14,17,30,26.8,84,688,382,0.7000000000000001,20.2259,15.7534
2004,7,14,18,0,26.3,155,340,273,0.6000000000000001,11.6500,9.0248
2004,7,14,18,30,25.3,119,235,179,0.5,7.4238,5.7038
2004,7,14,19,0,24.3,45,410,113,0.5,0.0000,0.0000
2004,7,14,19,30,23.400000000000002,30,1,30,0.6000000000000001,0.0000,0.0000
2004,7,14,20,0,22.400000000000002,0,0,0,0.7000000000000001,0.0000,0.0000
2004,7,14,20,30,21.700000000000003,0,0,0,0.8,0.0000,0.0000
2004,7,14,21,0,21,0,0,0,0.8,0.0000,0.0000
2004,7,14,21,30,20.5,0,0,0,0.9,0.0000,0.0000
2004,7,14,22,0,19.900000000000002,0,0,0,0.9,0.0000,0.0000
2004,7,14,22,30,19.5,0,0,0,1,0.0000,0.0000
2004,7,14,23,0,19.200000000000003,0,0,0,1.1,0.0000,0.0000
2004,7,14,23,30,18.900000000000002,0,0,0,1.1,0.0000,0.0000
2004,7,15,0,0,18.6,0,0,0,1.2000000000000002,0.0000,0.0000
2004,7,15,0,30,18.3,0,0,0,1.2000000000000002,0.0000,0.0000
2004,7,15,1,0,18.1,0,0,0,1.2000000000000002,0.0000,0.0000
2004,7,15,1,30,17.8,0,0,0,1.2000000000000002,0.0000,0.0000
2004,7,15,2,0,17.5,0,0,0,1.1,0.0000,0.0000
2004,7,15,2,30,17.400000000000002,0,0,0,1.1,0.0000,0.0000
2004,7,15,3,0,17.2,0,0,0,1.2000000000000002,0.0000,0.0000
2004,7,15,3,30,17.1,0,0,0,1.2000000000000002,0.0000,0.0000
2004,7,15,4,0,17.1,0,0,0,1.3,0.0000,0.0000
2004,7,15,4,30,17.3,0,0,0,1.5,0.0000,0.0000
2004,7,15,5,0,17.6,0,0,0,1.6,0.0000,0.0000
2004,7,15,5,30,18.400000000000002,20,172,30,2,0.0000,0.0000
2004,7,15,6,0,19.200000000000003,42,353,93,2.4000000000000004,0.0000,0.0000
2004,7,15,6,30,20.200000000000003,58,493,174,2.4000000000000004,2.6113,2.0018
2004,7,15,7,0,21.200000000000003,71,590,262,2.4000000000000004,4.7193,3.6500
2004,7,15,7,30,22.8,82,662,355,2.7,12.8626,10.0079
2004,7,15,8,0,24.3,90,715,447,3,19.1406,14.9502
2004,7,15,8,30,25.200000000000003,182,492,469,2.8000000000000003,23.1602,18.1362
2004,7,15,9,0,26.200000000000003,98,801,625,2.7,26.5771,20.8486
2004,7,15,9,30,26.900000000000002,248,478,595,2.7,42.0204,33.0040
2004,7,15,10,0,27.6,363,242,554,2.6,30.7287,24.1567
2004,7,15,10,30,28.200000000000003,393,96,474,2.6,42.4992,33.4311
2004,7,15,11,0,28.8,290,6,295,2.5,47.3630,37.2738
2004,7,15,11,30,29.3,82,0,82,2.6,43.1354,33.9571
2004,7,15,12,0,29.700000000000003,67,0,67,2.6,5.9438,4.6799
2004,7,15,12,30,30,178,0,179,2.6,9.3241,7.3419
2004,7,15,13,0,30.200000000000003,330,469,768,2.7,14.7734,11.6323
2004,7,15,13,30,30.5,126,863,917,2.6,16.3875,12.9012
2004,7,15,14,0,30.700000000000003,125,854,884,2.6,23.4981,18.4940
2004,7,15,14,30,30.8,123,842,838,2.6,10.5227,8.2784
2004,7,15,15,0,30.900000000000002,113,837,783,2.5,31.9410,25.1136
2004,7,15,15,30,30.8,393,122,483,2.4000000000000004,11.0118,8.6509
2004,7,15,16,0,30.700000000000003,300,21,314,2.2,5.1857,4.0692
2004,7,15,16,30,30.400000000000002,303,233,443,2,7.5326,5.9012
2004,7,15,17,0,30.1,275,146,351,1.7000000000000002,20.6055,16.1048
2004,7,15,17,30,29.400000000000002,177,300,307,1.6,20.4824,15.9522
2004,7,15,18,0,28.700000000000003,34,380,165,1.4000000000000001,14.0021,10.8460
2004,7,15,18,30,27.400000000000002,84,93,107,1.3,8.7364,6.7113
2004,7,15,19,0,26.200000000000003,47,2,48,1.2000000000000002,0.0000,0.0000
2004,7,15,19,30,25.6,15,0,15,1.3,0.0000,0.0000
2004,7,15,20,0,25,0,0,0,1.4000000000000001,0.0000,0.0000
2004,7,15,20,30,24.700000000000003,0,0,0,1.5,0.0000,0.0000
2004,7,15,21,0,24.400000000000002,0,0,0,1.5,0.0000,0.0000
2004,7,15,21,30,24.200000000000003,0,0,0,1.4000000000000001,0.0000,0.0000
2004,7,15,22,0,24,0,0,0,1.3,0.0000,0.0000
2004,7,15,22,30,23.8,0,0,0,1.1,0.0000,0.0000
2004,7,15,23,0,23.700000000000003,0,0,0,1,0.0000,0.0000
2004,7,15,23,30,23.5,0,0,0,0.8,0.0000,0.0000
2004,7,16,0,0,23.3,0,0,0,0.7000000000000001,0.0000,0.0000
2004,7,16,0,30,23.1,0,0,0,0.8,0.0000,0.0000
2004,7,16,1,0,23,0,0,0,0.8,0.0000,0.0000
2004,7,16,1,30,22.8,0,0,0,1.2000000000000002,0.0000,0.0000
2004,7,16,2,0,22.700000000000003,0,0,0,1.5,0.0000,0.0000
2004,7,16,2,30,22.400000000000002,0,0,0,1.8,0.0000,0.0000
2004,7,16,3,0,22.1,0,0,0,2.1,0.0000,0.0000
2004,7,16,3,30,21.900000000000002,0,0,0,2.1,0.0000,0.0000
2004,7,16,4,0,21.700000000000003,0,0,0,2.1,0.0000,0.0000
2004,7,16,4,30,21.700000000000003,0,0,0,2.3000000000000003,0.0000,0.0000
2004,7,16,5,0,21.700000000000003,0,0,0,2.5,0.0000,0.0000
2004,7,16,5,30,22.1,9,0,9,2.8000000000000003,0.0000,0.0000
2004,7,16,6,0,22.5,29,0,29,3.2,0.0000,0.0000
2004,7,16,6,30,23.1,108,9,110,3.4000000000000004,8.4065,6.4429
2004,7,16,7,0,23.700000000000003,126,4,127,3.6,13.2807,10.2698
2004,7,16,7,30,24.5,192,17,199,3.9000000000000004,18.8516,14.6662
2004,7,16,8,0,25.400000000000002,94,703,444,4.1000000000000005,24.6393,19.2438
2004,7,16,8,30,26.1,101,747,535,4.3,26.6085,20.8356
2004,7,16,9,0,26.8,100,798,624,4.5,36.2528,28.4378
2004,7,16,9,30,27.3,105,824,703,4.6000000000000005,35.1039,27.5710
2004,7,16,10,0,27.8,98,865,778,4.800000000000001,33.1115,26.0294
2004,7,16,10,30,28.1,424,290,668,4.9,28.6087,22.5041
2004,7,16,11,0,28.5,96,906,893,5,17.9325,14.1124
2004,7,16,11,30,28.700000000000003,97,915,931,5,5.0092,3.9433
2004,7,16,12,0,29,102,914,952,5,4.1049,3.2320
2004,7,16,12,30,29.1,103,918,962,4.9,10.9788,8.6447
2004,7,16,13,0,29.200000000000003,102,918,957,4.800000000000001,47.0722,37.0632
2004,7,16,13,30,29.200000000000003,101,916,939,4.7,56.0642,44.1366
2004,7,16,14,0,29.200000000000003,99,910,907,4.6000000000000005,53.8066,42.3477
2004,7,16,14,30,29.1,97,901,861,4.5,50.6701,39.8626
2004,7,16,15,0,28.900000000000002,93,890,804,4.4,46.9141,36.8858
2004,7,16,15,30,28.700000000000003,90,873,736,4.3,28.5884,22.4588
2004,7,16,16,0,28.400000000000002,84,854,659,4.1000000000000005,18.2908,14.3524
2004,7,16,16,30,28,80,826,574,3.9000000000000004,25.2714,19.7976
2004,7,16,17,0,27.6,73,793,483,3.6,19.4860,15.2292
2004,7,16,17,30,26.900000000000002,67,746,389,3.1,16.4527,12.8131
2004,7,16,18,0,26.200000000000003,65,659,291,2.6,8.4560,6.5493
2004,7,16,18,30,24.900000000000002,55,571,199,2,5.2183,4.0081
2004,7,16,19,0,23.5,43,425,112,1.5,0.0000,0.0000
2004,7,16,19,30,22.6,24,231,41,1.4000000000000001,0.0000,0.0000
2004,7,16,20,0,21.700000000000003,0,0,0,1.4000000000000001,0.0000,0.0000
2004,7,16,20,30,21.3,0,0,0,1.4000000000000001,0.0000,0.0000
2004,7,16,21,0,20.8,0,0,0,1.5,0.0000,0.0000
2004,7,16,21,30,20.5,0,0,0,1.5,0.0000,0.0000
2004,7,16,22,0,20.1,0,0,0,1.5,0.0000,0.0000
2004,7,16,22,30,19.8,0,0,0,1.5,0.0000,0.0000
2004,7,16,23,0,19.400000000000002,0,0,0,1.5,0.0000,0.0000
2004,7,16,23,30,19.1,0,0,0,1.5,0.0000,0.0000
2004,7,17,0,0,18.7,0,0,0,1.4000000000000001,0.0000,0.0000
2004,7,17,0,30,18.400000000000002,0,0,0,1.4000000000000001,0.0000,0.0000
2004,7,17,1,0,18.1,0,0,0,1.4000000000000001,0.0000,0.0000
2004,7,17,1,30,17.8,0,0,0,1.4000000000000001,0.0000,0.0000
2004,7,17,2,0,17.6,0,0,0,1.3,0.0000,0.0000
2004,7,17,2,30,17.3,0,0,0,1.3,0.0000,0.0000
2004,7,17,3,0,17,0,0,0,1.2000000000000002,0.0000,0.0000
2004,7,17,3,30,16.7,0,0,0,1.1,0.0000,0.0000
2004,7,17,4,0,16.400000000000002,0,0,0,1.1,0.0000,0.0000
2004,7,17,4,30,16.5,0,0,0,1,0.0000,0.0000
2004,7,17,5,0,16.6,0,0,0,1,0.0000,0.0000
2004,7,17,5,30,17.5,18,98,24,1.5,0.0000,0.0000
2004,7,17,6,0,18.400000000000002,50,231,82,1.9000000000000001,0.0000,0.0000
2004,7,17,6,30,19.5,78,361,161,1.8,5.3097,4.0686
2004,7,17,7,0,20.6,100,468,250,1.7000000000000002,6.4305,4.9718
2004,7,17,7,30,22.1,118,547,342,1.9000000000000001,10.5579,8.2130
2004,7,17,8,0,23.6,133,610,435,2,24.4581,19.1011
2004,7,17,8,30,24.3,146,658,526,2,30.3379,23.7549
2004,7,17,9,0,25,189,622,597,2.1,36.1796,28.3795
2004,7,17,9,30,25.5,201,655,675,2,41.4621,32.5640
2004,7,17,10,0,26,223,658,740,2,46.4876,36.5439
2004,7,17,10,30,26.400000000000002,231,679,800,2,40.3081,31.7066
2004,7,17,11,0,26.8,249,681,847,2,54.2733,42.7111
2004,7,17,11,30,27.200000000000003,251,692,880,2,56.8627,44.7625
2004,7,17,12,0,27.5,564,175,726,2,58.3168,45.9154
2004,7,17,12,30,27.700000000000003,262,689,906,2,58.9946,46.4521
2004,7,17,13,0,27.900000000000002,261,687,901,2,58.6474,46.1768
2004,7,17,13,30,28,259,681,882,2,57.4005,45.1882
2004,7,17,14,0,28,257,666,848,2,55.1978,43.4423
2004,7,17,14,30,28,251,651,803,1.9000000000000001,52.0523,40.9496
2004,7,17,15,0,27.900000000000002,256,608,741,1.9000000000000001,48.1625,37.8669
2004,7,17,15,30,27.6,244,582,674,1.9000000000000001,43.5532,34.2144
2004,7,17,16,0,27.400000000000002,234,541,598,1.8,38.3759,30.1122
2004,7,17,16,30,27,217,500,515,1.7000000000000002,32.7333,25.6425
2004,7,17,17,0,26.5,197,447,427,1.7000000000000002,26.8022,20.9463
2004,7,17,17,30,25.8,171,387,337,1.5,20.8338,16.2238
2004,7,17,18,0,25.1,146,285,243,1.3,14.9027,11.5411
2004,7,17,18,30,23.6,106,206,157,1.1,9.6977,7.4473
2004,7,17,19,0,22.200000000000003,61,117,80,0.9,0.0000,0.0000
2004,7,17,19,30,21.3,18,37,21,1,0.0000,0.0000
2004,7,17,20,0,20.400000000000002,0,0,0,1.1,0.0000,0.0000
2004,7,17,20,30,20,0,0,0,1.2000000000000002,0.0000,0.0000
2004,7,17,21,0,19.5,0,0,0,1.2000000000000002,0.0000,0.0000
2004,7,17,21,30,19.1,0,0,0,1.2000000000000002,0.0000,0.0000
2004,7,17,22,0,18.7,0,0,0,1.2000000000000002,0.0000,0.0000
2004,7,17,22,30,18.400000000000002,0,0,0,1.2000000000000002,0.0000,0.0000
2004,7,17,23,0,18,0,0,0,1.2000000000000002,0.0000,0.0000
2004,7,17,23,30,17.7,0,0,0,1.2000000000000002,0.0000,0.0000
2004,7,18,0,0,17.400000000000002,0,0,0,1.2000000000000002,0.0000,0.0000
2004,7,18,0,30,17.1,0,0,0,1.2000000000000002,0.0000,0.0000
2004,7,18,1,0,16.8,0,0,0,1.2000000000000002,0.0000,0.0000
2004,7,18,1,30,16.6,0,0,0,1.2000000000000002,0.0000,0.0000
2004,7,18,2,0,16.400000000000002,0,0,0,1.2000000000000002,0.0000,0.0000
2004,7,18,2,30,16.2,0,0,0,1.2000000000000002,0.0000,0.0000
2004,7,18,3,0,16,0,0,0,1.3,0.0000,0.0000
2004,7,18,3,30,15.8,0,0,0,1.3,0.0000,0.0000
2004,7,18,4,0,15.700000000000001,0,0,0,1.4000000000000001,0.0000,0.0000
2004,7,18,4,30,15.9,0,0,0,1.6,0.0000,0.0000
2004,7,18,5,0,16,0,0,0,1.8,0.0000,0.0000
2004,7,18,5,30,16.900000000000002,14,43,16,2.3000000000000003,0.0000,0.0000
2004,7,18,6,0,17.8,51,163,73,2.8000000000000003,0.0000,0.0000
2004,7,18,6,30,18.900000000000002,86,276,149,2.7,7.7643,5.9479
2004,7,18,7,0,19.900000000000002,113,389,237,2.7,12.6445,9.7746
2004,7,18,7,30,21.6,136,468,327,3.2,18.1294,14.1015
2004,7,18,8,0,23.3,150,546,420,3.7,23.9453,18.6993
2004,7,18,8,30,24.3,165,597,510,3.6,29.8113,23.3415
2004,7,18,9,0,25.3,172,650,597,3.5,34.6008,27.1402
2004,7,18,9,30,26.1,182,681,674,3.3000000000000003,39.7976,31.2560
2004,7,18,10,0,26.8,185,717,747,3.2,44.2046,34.7485
2004,7,18,10,30,27.5,191,735,805,3.1,48.2624,37.9629
2004,7,18,11,0,28.1,189,758,854,3.1,51.4669,40.5020
2004,7,18,11,30,28.700000000000003,194,766,890,3,53.7380,42.3022
2004,7,18,12,0,29.3,122,882,939,3,44.4652,35.0091
2004,7,18,12,30,29.8,123,882,946,2.9000000000000004,55.5512,43.7404
2004,7,18,13,0,30.200000000000003,124,877,939,2.9000000000000004,55.2071,43.4677
2004,7,18,13,30,30.400000000000002,122,871,918,2.8000000000000003,53.9073,42.4378
2004,7,18,14,0,30.700000000000003,122,860,884,2.7,51.5984,40.6090
2004,7,18,14,30,30.8,120,849,838,2.7,48.5364,38.1831
2004,7,18,15,0,30.8,117,832,780,2.6,44.3794,34.8920
2004,7,18,15,30,30.700000000000003,113,813,712,2.7,39.8750,31.3243
2004,7,18,16,0,30.6,107,790,636,2.7,34.8132,27.3161
2004,7,18,16,30,30.3,101,758,552,2.6,29.3574,22.9972
2004,7,18,17,0,29.900000000000002,92,724,464,2.6,23.6829,18.5076
2004,7,18,17,30,29.200000000000003,83,672,371,2.4000000000000004,18.0371,14.0449
2004,7,18,18,0,28.400000000000002,73,603,278,2.2,12.4334,9.6276
2004,7,18,18,30,27,60,511,187,2.1,7.6451,5.8701
2004,7,18,19,0,25.6,44,382,104,2,0.0000,0.0000
2004,7,18,19,30,24.900000000000002,23,198,37,2.2,0.0000,0.0000
2004,7,18,20,0,24.1,0,0,0,2.5,0.0000,0.0000
2004,7,18,20,30,23.700000000000003,0,0,0,2.7,0.0000,0.0000
2004,7,18,21,0,23.200000000000003,0,0,0,2.9000000000000004,0.0000,0.0000
2004,7,18,21,30,22.8,0,0,0,3,0.0000,0.0000
2004,7,18,22,0,22.400000000000002,0,0,0,3,0.0000,0.0000
2004,7,18,22,30,22,0,0,0,3.1,0.0000,0.0000
2004,7,18,23,0,21.700000000000003,0,0,0,3.1,0.0000,0.0000
2004,7,18,23,30,21.400000000000002,0,0,0,3.1,0.0000,0.0000
2004,7,19,0,0,21.1,0,0,0,3.2,0.0000,0.0000
2004,7,19,0,30,20.900000000000002,0,0,0,3.2,0.0000,0.0000
2004,7,19,1,0,20.700000000000003,0,0,0,3.3000000000000003,0.0000,0.0000
2004,7,19,1,30,20.5,0,0,0,3.3000000000000003,0.0000,0.0000
2004,7,19,2,0,20.3,0,0,0,3.4000000000000004,0.0000,0.0000
2004,7,19,2,30,20,0,0,0,3.3000000000000003,0.0000,0.0000
2004,7,19,3,0,19.8,0,0,0,3.2,0.0000,0.0000
2004,7,19,3,30,19.6,0,0,0,3,0.0000,0.0000
2004,7,19,4,0,19.3,0,0,0,2.8000000000000003,0.0000,0.0000
2004,7,19,4,30,19.3,0,0,0,2.8000000000000003,0.0000,0.0000
2004,7,19,5,0,19.3,0,0,0,2.8000000000000003,0.0000,0.0000
2004,7,19,5,30,20,18,129,24,2.9000000000000004,0.0000,0.0000
2004,7,19,6,0,20.700000000000003,40,336,85,3,0.0000,0.0000
2004,7,19,6,30,22,58,483,167,2.7,7.1795,5.4987
2004,7,19,7,0,23.200000000000003,68,603,258,2.4000000000000004,11.9737,9.2545
2004,7,19,7,30,24.6,78,679,353,2.2,17.3169,13.4680
2004,7,19,8,0,26,84,744,450,2,23.1031,18.0404
2004,7,19,8,30,27.3,90,785,541,1.7000000000000002,28.8886,22.6180
2004,7,19,9,0,28.5,100,808,626,1.5,34.5849,27.1268
2004,7,19,9,30,29.6,104,833,705,1.3,39.7244,31.1977
2004,7,19,10,0,30.700000000000003,108,853,775,1.1,44.6101,35.0666
2004,7,19,10,30,31.6,452,207,624,1.2000000000000002,48.5522,38.1903
2004,7,19,11,0,32.5,114,876,882,1.4000000000000001,51.8814,40.8277
2004,7,19,11,30,33.1,116,883,916,1.6,54.3387,42.7746
2004,7,19,12,0,33.7,117,886,938,1.9000000000000001,57.5011,45.2723
2004,7,19,12,30,33.9,118,886,945,2.1,57.9946,45.6639
2004,7,19,13,0,34.1,118,882,938,2.3000000000000003,57.5260,45.2930
2004,7,19,13,30,34.2,117,878,919,2.4000000000000004,56.0983,44.1622
2004,7,19,14,0,34.300000000000004,118,866,884,2.5,53.7796,42.3252
2004,7,19,14,30,34.2,115,855,839,2.5,50.6428,39.8397
2004,7,19,15,0,34.2,103,857,785,2.5,46.7046,36.7196
2004,7,19,15,30,34,99,839,718,2.3000000000000003,42.1121,33.0812
2004,7,19,16,0,33.9,96,813,640,2.2,37.0131,29.0415
2004,7,19,16,30,33.7,142,604,501,2,31.4544,24.6391
2004,7,19,17,0,33.4,87,735,464,1.7000000000000002,25.7221,20.1002
2004,7,19,17,30,32.6,172,300,300,1.4000000000000001,19.8439,15.4507
2004,7,19,18,0,31.700000000000003,167,179,227,1.1,14.2127,11.0042
2004,7,19,18,30,30.3,125,98,149,1,9.0984,6.9846
2004,7,19,19,0,28.8,44,378,103,0.8,0.0000,0.0000
2004,7,19,19,30,28.1,23,187,35,0.9,0.0000,0.0000
2004,7,19,20,0,27.3,0,0,0,0.9,0.0000,0.0000
2004,7,19,20,30,26.6,0,0,0,1,0.0000,0.0000
2004,7,19,21,0,26,0,0,0,1,0.0000,0.0000
2004,7,19,21,30,25.400000000000002,0,0,0,1,0.0000,0.0000
2004,7,19,22,0,24.8,0,0,0,1.1,0.0000,0.0000
2004,7,19,22,30,24.400000000000002,0,0,0,1.1,0.0000,0.0000
2004,7,19,23,0,23.900000000000002,0,0,0,1.2000000000000002,0.0000,0.0000
2004,7,19,23,30,23.5,0,0,0,1.2000000000000002,0.0000,0.0000
2004,7,20,0,0,23.1,0,0,0,1.1,0.0000,0.0000
2004,7,20,0,30,22.8,0,0,0,1.1,0.0000,0.0000
2004,7,20,1,0,22.5,0,0,0,1,0.0000,0.0000
2004,7,20,1,30,22.200000000000003,0,0,0,1,0.0000,0.0000
2004,7,20,2,0,22,0,0,0,0.9,0.0000,0.0000
2004,7,20,2,30,21.8,0,0,0,0.9,0.0000,0.0000
2004,7,20,3,0,21.6,0,0,0,0.9,0.0000,0.0000
2004,7,20,3,30,21.400000000000002,0,0,0,0.9,0.0000,0.0000
2004,7,20,4,0,21.200000000000003,0,0,0,0.9,0.0000,0.0000
2004,7,20,4,30,21.400000000000002,0,0,0,1,0.0000,0.0000
2004,7,20,5,0,21.6,0,0,0,1,0.0000,0.0000
2004,7,20,5,30,22.5,17,103,21,1.6,0.0000,0.0000
2004,7,20,6,0,23.400000000000002,41,297,80,2.1,0.0000,0.0000
2004,7,20,6,30,24.200000000000003,60,443,158,2.1,8.0397,6.1561
2004,7,20,7,0,25,74,551,247,2.2,13.0190,10.0605
2004,7,20,7,30,26.5,213,57,236,2.5,18.6765,14.5238
2004,7,20,8,0,27.900000000000002,186,402,383,2.9000000000000004,24.7355,19.3138
2004,7,20,8,30,29,205,449,463,3,30.6263,23.9773
2004,7,20,9,0,30.1,247,403,509,3.1,36.2494,28.4315
2004,7,20,9,30,31,293,347,543,3,41.5365,32.6200
2004,7,20,10,0,32,247,549,676,3,46.2680,36.3691
2004,7,20,10,30,32.800000000000004,129,820,812,2.9000000000000004,37.6257,29.5952
2004,7,20,11,0,33.5,132,835,862,2.8000000000000003,53.5711,42.1568
2004,7,20,11,30,34.1,134,843,897,2.8000000000000003,55.9151,44.0150
2004,7,20,12,0,34.6,122,868,924,2.8000000000000003,57.4296,45.2154
2004,7,20,12,30,35,122,870,933,2.9000000000000004,57.9230,45.6070
2004,7,20,13,0,35.4,120,872,929,2.9000000000000004,57.4552,45.2368
2004,7,20,13,30,35.6,119,868,910,3,56.1494,44.2019
2004,7,20,14,0,35.9,114,867,880,3.1,53.7695,42.3167
2004,7,20,14,30,36,111,857,835,3.3000000000000003,50.6923,39.8782
2004,7,20,15,0,36.1,109,841,778,3.4000000000000004,46.9933,36.9460
2004,7,20,15,30,36,105,824,711,3.5,42.4548,33.3497
2004,7,20,16,0,36,97,809,637,3.6,37.2335,29.2137
2004,7,20,16,30,35.4,91,778,553,3.5,28.5360,22.3522
2004,7,20,17,0,34.9,83,746,465,3.3000000000000003,25.7076,20.0879
2004,7,20,17,30,33.800000000000004,76,696,372,3,16.0334,12.4827
2004,7,20,18,0,32.6,152,289,249,2.6,11.5939,8.9753
2004,7,20,18,30,31.1,117,186,163,2.5,7.2429,5.5591
2004,7,20,19,0,29.5,55,215,88,2.3000000000000003,0.0000,0.0000
2004,7,20,19,30,28.900000000000002,26,2,26,2.6,0.0000,0.0000
2004,7,20,20,0,28.3,0,0,0,2.9000000000000004,0.0000,0.0000
2004,7,20,20,30,28,0,0,0,3.2,0.0000,0.0000
2004,7,20,21,0,27.8,0,0,0,3.6,0.0000,0.0000
2004,7,20,21,30,27.3,0,0,0,3.7,0.0000,0.0000
2004,7,20,22,0,26.900000000000002,0,0,0,3.9000000000000004,0.0000,0.0000
2004,7,20,22,30,26.5,0,0,0,3.8000000000000003,0.0000,0.0000
2004,7,20,23,0,26.1,0,0,0,3.7,0.0000,0.0000
2004,7,20,23,30,25.900000000000002,0,0,0,3.8000000000000003,0.0000,0.0000
2004,7,21,0,0,25.8,0,0,0,3.9000000000000004,0.0000,0.0000
2004,7,21,0,30,25.700000000000003,0,0,0,3.8000000000000003,0.0000,0.0000
2004,7,21,1,0,25.5,0,0,0,3.7,0.0000,0.0000
2004,7,21,1,30,25.400000000000002,0,0,0,3.6,0.0000,0.0000
2004,7,21,2,0,25.3,0,0,0,3.4000000000000004,0.0000,0.0000
2004,7,21,2,30,25,0,0,0,3.1,0.0000,0.0000
2004,7,21,3,0,24.8,0,0,0,2.7,0.0000,0.0000
2004,7,21,3,30,24.400000000000002,0,0,0,2.4000000000000004,0.0000,0.0000
2004,7,21,4,0,24,0,0,0,2.1,0.0000,0.0000
2004,7,21,4,30,23.8,0,0,0,2,0.0000,0.0000
2004,7,21,5,0,23.700000000000003,0,0,0,1.8,0.0000,0.0000
2004,7,21,5,30,23.900000000000002,6,0,6,2.1,0.0000,0.0000
2004,7,21,6,0,24.200000000000003,9,0,9,2.4000000000000004,0.0000,0.0000
2004,7,21,6,30,24.700000000000003,54,2,54,2.7,7.5994,5.8174
2004,7,21,7,0,25.200000000000003,131,25,139,3,12.4489,9.6182
2004,7,21,7,30,25.6,120,8,123,3,12.4736,9.6990
2004,7,21,8,0,25.900000000000002,133,0,133,3,21.0362,16.4240
2004,7,21,8,30,26.3,258,36,279,2.6,26.1961,20.5079
2004,7,21,9,0,26.700000000000003,106,773,607,2.2,29.4607,23.1060
2004,7,21,9,30,27.8,111,802,687,2.1,31.9803,25.1146
2004,7,21,10,0,29,107,840,762,1.9000000000000001,40.3461,31.7136
2004,7,21,10,30,30.200000000000003,110,857,822,1.9000000000000001,48.9496,38.5016
2004,7,21,11,0,31.5,110,872,871,1.8,52.3445,41.1910
2004,7,21,11,30,32.300000000000004,112,880,907,1.9000000000000001,54.7444,43.0929
2004,7,21,12,0,33,106,894,931,2,56.5615,44.5315
2004,7,21,12,30,33.300000000000004,106,894,938,2.2,57.1772,45.0192
2004,7,21,13,0,33.7,112,883,930,2.3000000000000003,56.8933,44.7939
2004,7,21,13,30,33.6,111,878,910,2.4000000000000004,55.5895,43.7607
2004,7,21,14,0,33.5,119,857,874,2.5,53.5154,42.1162
2004,7,21,14,30,33.1,116,846,829,2.4000000000000004,50.4397,39.6789
2004,7,21,15,0,32.800000000000004,108,839,773,2.4000000000000004,46.5626,36.6068
2004,7,21,15,30,32.4,104,820,706,2.1,42.0287,33.0143
2004,7,21,16,0,31.900000000000002,103,788,629,1.9000000000000001,37.0452,29.0652
2004,7,21,16,30,31.6,98,758,546,1.6,31.4828,24.6595
2004,7,21,17,0,31.3,88,724,457,1.4000000000000001,25.7470,20.1175
2004,7,21,17,30,30.6,80,673,366,1.4000000000000001,19.8668,15.4659
2004,7,21,18,0,29.900000000000002,66,628,276,1.3,12.7049,9.8339
2004,7,21,18,30,28.6,55,537,185,1.1,7.9163,6.0747
2004,7,21,19,0,27.200000000000003,38,433,104,0.9,0.0000,0.0000
2004,7,21,19,30,26.5,23,0,23,1,0.0000,0.0000
2004,7,21,20,0,25.700000000000003,0,0,0,1,0.0000,0.0000
2004,7,21,20,30,25.400000000000002,0,0,0,1,0.0000,0.0000
2004,7,21,21,0,25.1,0,0,0,1,0.0000,0.0000
2004,7,21,21,30,24.8,0,0,0,1,0.0000,0.0000
2004,7,21,22,0,24.5,0,0,0,1,0.0000,0.0000
2004,7,21,22,30,24.3,0,0,0,0.9,0.0000,0.0000
2004,7,21,23,0,24.1,0,0,0,0.9,0.0000,0.0000
2004,7,21,23,30,23.900000000000002,0,0,0,0.9,0.0000,0.0000
2004,7,22,0,0,23.700000000000003,0,0,0,0.8,0.0000,0.0000
2004,7,22,0,30,23.5,0,0,0,0.8,0.0000,0.0000
2004,7,22,1,0,23.3,0,0,0,0.8,0.0000,0.0000
2004,7,22,1,30,23.3,0,0,0,0.8,0.0000,0.0000
2004,7,22,2,0,23.200000000000003,0,0,0,0.8,0.0000,0.0000
2004,7,22,2,30,23,0,0,0,0.9,0.0000,0.0000
2004,7,22,3,0,22.700000000000003,0,0,0,1,0.0000,0.0000
2004,7,22,3,30,22.400000000000002,0,0,0,1.1,0.0000,0.0000
2004,7,22,4,0,22.1,0,0,0,1.3,0.0000,0.0000
2004,7,22,4,30,22,0,0,0,1.4000000000000001,0.0000,0.0000
2004,7,22,5,0,21.900000000000002,0,0,0,1.6,0.0000,0.0000
2004,7,22,5,30,22.3,6,0,6,1.9000000000000001,0.0000,0.0000
2004,7,22,6,0,22.6,25,0,25,2.1,0.0000,0.0000
2004,7,22,6,30,22.900000000000002,12,0,12,2,2.5951,1.9861
2004,7,22,7,0,23.3,5,0,5,2,6.9979,5.4057
2004,7,22,7,30,24,53,0,53,2.1,6.4950,5.0497
2004,7,22,8,0,24.700000000000003,48,0,48,2.2,7.2997,5.6988
2004,7,22,8,30,25.6,63,0,63,2.1,15.7760,12.3498
2004,7,22,9,0,26.5,48,0,48,2.1,35.1164,27.5409
2004,7,22,9,30,27.3,125,1,126,1.9000000000000001,40.4465,31.7624
2004,7,22,10,0,28,172,1,173,1.7000000000000002,45.4648,35.7363
2004,7,22,10,30,28.1,234,4,237,1.6,49.5393,38.9648
2004,7,22,11,0,28.200000000000003,373,273,610,1.5,52.8789,41.6110
2004,7,22,11,30,28.200000000000003,262,1,262,1.6,55.3429,43.5635
2004,7,22,12,0,28.200000000000003,313,1,314,1.7000000000000002,56.9790,44.8596
2004,7,22,12,30,28.3,359,2,361,1.9000000000000001,57.4731,45.2518
2004,7,22,13,0,28.400000000000002,463,94,549,2,56.9443,44.8336
2004,7,22,13,30,28.400000000000002,280,1,280,2,55.5788,43.7518
2004,7,22,14,0,28.5,386,257,612,2,53.1397,41.8200
2004,7,22,14,30,28.5,363,7,369,1.9000000000000001,50.0655,39.3840
2004,7,22,15,0,28.5,386,62,435,1.8,46.2508,36.3610
2004,7,22,15,30,28.400000000000002,326,15,337,1.7000000000000002,41.7199,32.7710
2004,7,22,16,0,28.400000000000002,102,806,638,1.6,36.5664,28.6887
2004,7,22,16,30,28.1,283,304,462,1.6,31.0694,24.3347
2004,7,22,17,0,27.900000000000002,168,508,426,1.6,25.2883,19.7579
2004,7,22,17,30,27.1,81,685,370,1.6,19.5306,15.2028
2004,7,22,18,0,26.400000000000002,150,328,258,1.5,14.0685,10.8879
2004,7,22,18,30,25.3,113,218,166,1.6,8.9760,6.8864
2004,7,22,19,0,24.200000000000003,36,0,36,1.8,0.0000,0.0000
2004,7,22,19,30,23.400000000000002,22,0,22,2.1,0.0000,0.0000
2004,7,22,20,0,22.6,0,0,0,2.4000000000000004,0.0000,0.0000
2004,7,22,20,30,22.1,0,0,0,2.7,0.0000,0.0000
2004,7,22,21,0,21.5,0,0,0,3,0.0000,0.0000
2004,7,22,21,30,21.1,0,0,0,3.2,0.0000,0.0000
2004,7,22,22,0,20.8,0,0,0,3.4000000000000004,0.0000,0.0000
2004,7,22,22,30,20.5,0,0,0,3.4000000000000004,0.0000,0.0000
2004,7,22,23,0,20.3,0,0,0,3.4000000000000004,0.0000,0.0000
2004,7,22,23,30,20,0,0,0,3.5,0.0000,0.0000
2004,7,23,0,0,19.8,0,0,0,3.6,0.0000,0.0000
2004,7,23,0,30,19.400000000000002,0,0,0,3.6,0.0000,0.0000
2004,7,23,1,0,19,0,0,0,3.6,0.0000,0.0000
2004,7,23,1,30,18.5,0,0,0,3.5,0.0000,0.0000
2004,7,23,2,0,18,0,0,0,3.5,0.0000,0.0000
2004,7,23,2,30,17.6,0,0,0,3.6,0.0000,0.0000
2004,7,23,3,0,17.2,0,0,0,3.7,0.0000,0.0000
2004,7,23,3,30,16.900000000000002,0,0,0,3.6,0.0000,0.0000
2004,7,23,4,0,16.5,0,0,0,3.5,0.0000,0.0000
2004,7,23,4,30,16.3,0,0,0,3.4000000000000004,0.0000,0.0000
2004,7,23,5,0,16.1,0,0,0,3.4000000000000004,0.0000,0.0000
2004,7,23,5,30,16.3,6,0,6,3.5,0.0000,0.0000
2004,7,23,6,0,16.6,24,0,24,3.7,0.0000,0.0000
2004,7,23,6,30,17.3,102,127,129,4,0.5762,0.4409
2004,7,23,7,0,18,131,266,213,4.2,0.2514,0.1942
2004,7,23,7,30,18.8,214,55,236,4.3,2.7958,2.1734
2004,7,23,8,0,19.6,204,322,360,4.4,2.6324,2.0549
2004,7,23,8,30,20.200000000000003,261,177,362,4.4,3.5602,2.7868
2004,7,23,9,0,20.8,264,357,494,4.4,2.7756,2.1768
2004,7,23,9,30,21.5,188,618,630,4.3,7.4154,5.8231
2004,7,23,10,0,22.1,197,663,711,4.3,10.3188,8.1107
2004,7,23,10,30,22.6,452,149,575,4.2,14.2794,11.2312
2004,7,23,11,0,23.1,477,224,672,4.2,37.0249,29.1349
2004,7,23,11,30,23.5,414,223,615,4.2,15.9832,12.5811
2004,7,23,12,0,23.900000000000002,446,390,805,4.2,19.2134,15.1266
2004,7,23,12,30,24.200000000000003,270,589,817,4.2,22.1147,17.4119
2004,7,23,13,0,24.5,412,205,601,4.2,33.6088,26.4606
2004,7,23,13,30,24.8,402,260,638,4.2,17.0977,13.4592
2004,7,23,14,0,25.1,356,379,689,4.2,37.2018,29.2768
2004,7,23,14,30,25.200000000000003,336,364,642,4.2,22.2797,17.5260
2004,7,23,15,0,25.200000000000003,431,141,543,4.2,26.0202,20.4559
2004,7,23,15,30,25.1,275,380,553,4.2,19.9076,15.6370
2004,7,23,16,0,24.900000000000002,263,336,485,4.1000000000000005,37.0745,29.0864
2004,7,23,16,30,24.5,232,38,255,4,26.2756,20.5791
2004,7,23,17,0,24.1,210,67,244,3.9000000000000004,23.5567,18.4039
2004,7,23,17,30,23.400000000000002,229,87,265,3.7,19.7265,15.3538
2004,7,23,18,0,22.700000000000003,94,6,96,3.4000000000000004,13.1367,10.1651
2004,7,23,18,30,21.700000000000003,60,2,61,3,8.0465,6.1719
2004,7,23,19,0,20.700000000000003,56,1,56,2.6,0.0000,0.0000
2004,7,23,19,30,20.1,13,0,13,2.7,0.0000,0.0000
2004,7,23,20,0,19.5,0,0,0,2.8000000000000003,0.0000,0.0000
2004,7,23,20,30,19,0,0,0,2.6,0.0000,0.0000
2004,7,23,21,0,18.6,0,0,0,2.4000000000000004,0.0000,0.0000
2004,7,23,21,30,18.1,0,0,0,2.3000000000000003,0.0000,0.0000
2004,7,23,22,0,17.7,0,0,0,2.1,0.0000,0.0000
2004,7,23,22,30,17.3,0,0,0,2.1,0.0000,0.0000
2004,7,23,23,0,17,0,0,0,2.1,0.0000,0.0000
2004,7,23,23,30,16.8,0,0,0,2.2,0.0000,0.0000
2004,7,24,0,0,16.6,0,0,0,2.4000000000000004,0.0000,0.0000
2004,7,24,0,30,16.400000000000002,0,0,0,2.5,0.0000,0.0000
2004,7,24,1,0,16.2,0,0,0,2.7,0.0000,0.0000
2004,7,24,1,30,16,0,0,0,2.8000000000000003,0.0000,0.0000
2004,7,24,2,0,15.8,0,0,0,2.8000000000000003,0.0000,0.0000
2004,7,24,2,30,15.600000000000001,0,0,0,2.8000000000000003,0.0000,0.0000
2004,7,24,3,0,15.4,0,0,0,2.9000000000000004,0.0000,0.0000
2004,7,24,3,30,15.200000000000001,0,0,0,2.8000000000000003,0.0000,0.0000
2004,7,24,4,0,15,0,0,0,2.8000000000000003,0.0000,0.0000
2004,7,24,4,30,14.9,0,0,0,2.8000000000000003,0.0000,0.0000
2004,7,24,5,0,14.700000000000001,0,0,0,2.7,0.0000,0.0000
2004,7,24,5,30,14.9,5,0,5,2.8000000000000003,0.0000,0.0000
2004,7,24,6,0,15,15,0,15,2.8000000000000003,0.0000,0.0000
2004,7,24,6,30,15.4,22,0,22,2.9000000000000004,6.1893,4.7345
2004,7,24,7,0,15.9,38,0,39,2.9000000000000004,10.6965,8.2595
2004,7,24,7,30,16.5,88,2,89,3.1,12.4364,9.6667
2004,7,24,8,0,17.1,98,2,99,3.2,19.7271,15.3985
2004,7,24,8,30,17.6,48,0,48,3.4000000000000004,20.4443,16.0025
2004,7,24,9,0,18.1,141,0,141,3.5,28.5521,22.3910
2004,7,24,9,30,18.6,169,0,169,3.5,37.0623,29.1032
2004,7,24,10,0,19.1,319,38,348,3.5,42.3943,33.3214
2004,7,24,10,30,19.6,362,60,412,3.5,34.6348,27.2408
2004,7,24,11,0,20,259,1,260,3.4000000000000004,40.7781,32.0877
2004,7,24,11,30,20.5,204,0,204,3.3000000000000003,37.5096,29.5252
2004,7,24,12,0,21,352,2,353,3.3000000000000003,49.2476,38.7717
2004,7,24,12,30,21.400000000000002,451,43,491,3.2,50.0392,39.3977
2004,7,24,13,0,21.900000000000002,266,0,266,3.2,36.7846,28.9607
2004,7,24,13,30,22.200000000000003,388,5,393,3.1,38.9502,30.6609
2004,7,24,14,0,22.5,181,0,181,3,41.8732,32.9526
2004,7,24,14,30,22.6,220,0,220,2.9000000000000004,38.7531,30.4841
2004,7,24,15,0,22.700000000000003,304,2,305,2.8000000000000003,32.4707,25.5265
2004,7,24,15,30,22.6,244,1,245,2.6,32.6560,25.6500
2004,7,24,16,0,22.5,188,0,188,2.5,28.1720,22.1014
2004,7,24,16,30,22.200000000000003,151,0,151,2.3000000000000003,14.4951,11.3521
2004,7,24,17,0,21.900000000000002,155,1,155,2.1,13.4833,10.5332
2004,7,24,17,30,21.3,155,3,156,1.8,14.1158,10.9857
2004,7,24,18,0,20.8,175,59,195,1.4000000000000001,4.8827,3.7776
2004,7,24,18,30,19.6,119,20,124,1.1,2.9538,2.2651
2004,7,24,19,0,18.400000000000002,70,13,72,0.7000000000000001,0.0000,0.0000
2004,7,24,19,30,17.8,19,0,19,0.6000000000000001,0.0000,0.0000
2004,7,24,20,0,17.2,0,0,0,0.6000000000000001,0.0000,0.0000
2004,7,24,20,30,17,0,0,0,0.6000000000000001,0.0000,0.0000
2004,7,24,21,0,16.8,0,0,0,0.5,0.0000,0.0000
2004,7,24,21,30,16.5,0,0,0,0.5,0.0000,0.0000
2004,7,24,22,0,16.3,0,0,0,0.5,0.0000,0.0000
2004,7,24,22,30,16.1,0,0,0,0.5,0.0000,0.0000
2004,7,24,23,0,15.8,0,0,0,0.5,0.0000,0.0000
2004,7,24,23,30,15.5,0,0,0,0.5,0.0000,0.0000
2004,7,25,0,0,15.100000000000001,0,0,0,0.6000000000000001,0.0000,0.0000
2004,7,25,0,30,14.8,0,0,0,0.6000000000000001,0.0000,0.0000
2004,7,25,1,0,14.4,0,0,0,0.7000000000000001,0.0000,0.0000
2004,7,25,1,30,14.100000000000001,0,0,0,0.7000000000000001,0.0000,0.0000
2004,7,25,2,0,13.8,0,0,0,0.8,0.0000,0.0000
2004,7,25,2,30,13.4,0,0,0,0.8,0.0000,0.0000
2004,7,25,3,0,13.100000000000001,0,0,0,0.8,0.0000,0.0000
2004,7,25,3,30,12.700000000000001,0,0,0,0.8,0.0000,0.0000
2004,7,25,4,0,12.4,0,0,0,0.8,0.0000,0.0000
2004,7,25,4,30,12.3,0,0,0,0.8,0.0000,0.0000
2004,7,25,5,0,12.200000000000001,0,0,0,0.8,0.0000,0.0000
2004,7,25,5,30,13.3,13,135,18,1.2000000000000002,0.0000,0.0000
2004,7,25,6,0,14.3,35,357,78,1.5,0.0000,0.0000
2004,7,25,6,30,15.200000000000001,53,512,161,1.5,1.0547,0.8066
2004,7,25,7,0,16.2,66,618,253,1.4000000000000001,1.9561,1.5102
2004,7,25,7,30,17.7,77,698,351,1.5,4.6848,3.6409
2004,7,25,8,0,19.1,86,754,448,1.6,5.4206,4.2309
2004,7,25,8,30,20.1,93,798,542,1.8,2.7092,2.1205
2004,7,25,9,0,21,99,830,631,1.9000000000000001,8.1456,6.3877
2004,7,25,9,30,21.700000000000003,104,854,711,2,9.9381,7.8037
2004,7,25,10,0,22.400000000000002,109,873,783,2,20.7434,16.3037
2004,7,25,10,30,22.900000000000002,112,888,845,2,24.8094,19.5126
2004,7,25,11,0,23.400000000000002,115,900,896,2,15.7733,12.4116
2004,7,25,11,30,23.8,117,908,933,1.9000000000000001,12.4394,9.7913
2004,7,25,12,0,24.3,120,910,956,1.9000000000000001,21.5907,16.9978
2004,7,25,12,30,24.6,515,226,725,1.8,30.0663,23.6720
2004,7,25,13,0,24.8,120,909,957,1.8,16.2774,12.8151
2004,7,25,13,30,25,469,134,590,1.8,23.9875,18.8823
2004,7,25,14,0,25.200000000000003,453,334,746,1.8,10.9973,8.6543
2004,7,25,14,30,25.1,403,24,423,1.8,13.2763,10.4432
2004,7,25,15,0,25.1,110,875,799,1.8,18.2332,14.3335
2004,7,25,15,30,24.900000000000002,380,87,444,1.9000000000000001,14.4628,11.3597
2004,7,25,16,0,24.700000000000003,100,835,650,1.9000000000000001,10.9154,8.5630
2004,7,25,16,30,24.3,94,807,565,1.9000000000000001,8.5784,6.7180
2004,7,25,17,0,23.900000000000002,86,768,472,1.9000000000000001,8.5593,6.6861
2004,7,25,17,30,23.1,78,718,377,1.7000000000000002,8.3016,6.4601
2004,7,25,18,0,22.400000000000002,69,645,279,1.5,9.9063,7.6629
2004,7,25,18,30,20.6,56,547,184,1.3,5.9985,4.5988
2004,7,25,19,0,18.900000000000002,40,406,98,1,0.0000,0.0000
2004,7,25,19,30,17.900000000000002,19,198,30,1,0.0000,0.0000
2004,7,25,20,0,17,0,0,0,1.1,0.0000,0.0000
2004,7,25,20,30,16.6,0,0,0,1.1,0.0000,0.0000
2004,7,25,21,0,16.1,0,0,0,1.2000000000000002,0.0000,0.0000
2004,7,25,21,30,15.700000000000001,0,0,0,1.2000000000000002,0.0000,0.0000
2004,7,25,22,0,15.3,0,0,0,1.2000000000000002,0.0000,0.0000
2004,7,25,22,30,15,0,0,0,1.1,0.0000,0.0000
2004,7,25,23,0,14.600000000000001,0,0,0,1.1,0.0000,0.0000
2004,7,25,23,30,14.3,0,0,0,1.1,0.0000,0.0000
2004,7,26,0,0,14,0,0,0,1.1,0.0000,0.0000
2004,7,26,0,30,13.8,0,0,0,1.1,0.0000,0.0000
2004,7,26,1,0,13.5,0,0,0,1.1,0.0000,0.0000
2004,7,26,1,30,13.200000000000001,0,0,0,1,0.0000,0.0000
2004,7,26,2,0,12.9,0,0,0,1,0.0000,0.0000
2004,7,26,2,30,12.700000000000001,0,0,0,1,0.0000,0.0000
2004,7,26,3,0,12.4,0,0,0,1,0.0000,0.0000
2004,7,26,3,30,12.200000000000001,0,0,0,1,0.0000,0.0000
2004,7,26,4,0,11.9,0,0,0,1,0.0000,0.0000
2004,7,26,4,30,11.9,0,0,0,1,0.0000,0.0000
2004,7,26,5,0,11.9,0,0,0,1,0.0000,0.0000
2004,7,26,5,30,13.4,13,131,17,1.4000000000000001,0.0000,0.0000
2004,7,26,6,0,14.8,36,353,78,1.8,0.0000,0.0000
2004,7,26,6,30,16,54,510,161,1.7000000000000002,7.7126,5.8968
2004,7,26,7,0,17.3,68,621,255,1.5,12.6733,9.7820
2004,7,26,7,30,19,80,699,353,1.8,18.4568,14.3425
2004,7,26,8,0,20.8,88,758,451,2.1,24.5083,19.1274
2004,7,26,8,30,21.6,96,803,547,2.3000000000000003,30.5721,23.9275
2004,7,26,9,0,22.3,102,837,637,2.4000000000000004,36.4343,28.5702
2004,7,26,9,30,22.900000000000002,107,860,717,2.5,41.7939,32.8167
2004,7,26,10,0,23.5,111,881,791,2.6,46.6567,36.6700
2004,7,26,10,30,24,115,897,853,2.7,50.8686,40.0075
2004,7,26,11,0,24.5,117,910,904,2.8000000000000003,54.3428,42.7603
2004,7,26,11,30,24.900000000000002,118,915,939,2.9000000000000004,56.8785,44.7698
2004,7,26,12,0,25.3,123,914,961,2.9000000000000004,58.4593,46.0227
2004,7,26,12,30,25.6,124,916,970,2.9000000000000004,44.3854,34.9453
2004,7,26,13,0,26,122,917,965,3,58.5484,46.0941
2004,7,26,13,30,26.1,121,913,946,3,36.0033,28.3404
2004,7,26,14,0,26.3,496,217,686,3.1,45.3145,35.6597
2004,7,26,14,30,26.3,114,899,865,3.1,25.5196,20.0736
2004,7,26,15,0,26.3,107,891,807,3.1,47.7496,37.5363
2004,7,26,15,30,26.1,103,873,737,3.1,26.2002,20.5782
2004,7,26,16,0,26,96,853,657,3.1,37.7213,29.5908
2004,7,26,16,30,25.5,91,822,569,3.1,32.0795,25.1212
2004,7,26,17,0,25.1,84,784,475,3.1,26.0432,20.3422
2004,7,26,17,30,24.200000000000003,76,731,378,2.6,20.0426,15.5948
2004,7,26,18,0,23.3,66,660,280,2.2,14.1554,10.9477
2004,7,26,18,30,21.5,54,562,185,1.9000000000000001,8.8916,6.8151
2004,7,26,19,0,19.700000000000003,39,419,97,1.6,0.0000,0.0000
2004,7,26,19,30,19,18,205,29,1.8,0.0000,0.0000
2004,7,26,20,0,18.3,0,0,0,2,0.0000,0.0000
2004,7,26,20,30,18,0,0,0,2.2,0.0000,0.0000
2004,7,26,21,0,17.8,0,0,0,2.4000000000000004,0.0000,0.0000
2004,7,26,21,30,17.5,0,0,0,2.5,0.0000,0.0000
2004,7,26,22,0,17.2,0,0,0,2.7,0.0000,0.0000
2004,7,26,22,30,16.900000000000002,0,0,0,2.8000000000000003,0.0000,0.0000
2004,7,26,23,0,16.6,0,0,0,2.9000000000000004,0.0000,0.0000
2004,7,26,23,30,16.400000000000002,0,0,0,2.9000000000000004,0.0000,0.0000
2004,7,27,0,0,16.1,0,0,0,3,0.0000,0.0000
2004,7,27,0,30,15.9,0,0,0,3,0.0000,0.0000
2004,7,27,1,0,15.600000000000001,0,0,0,3.1,0.0000,0.0000
2004,7,27,1,30,15.4,0,0,0,3.1,0.0000,0.0000
2004,7,27,2,0,15.3,0,0,0,3.1,0.0000,0.0000
2004,7,27,2,30,15,0,0,0,3.1,0.0000,0.0000
2004,7,27,3,0,14.8,0,0,0,3,0.0000,0.0000
2004,7,27,3,30,14.5,0,0,0,3,0.0000,0.0000
2004,7,27,4,0,14.3,0,0,0,3,0.0000,0.0000
2004,7,27,4,30,14.3,0,0,0,3.1,0.0000,0.0000
2004,7,27,5,0,14.200000000000001,0,0,0,3.2,0.0000,0.0000
2004,7,27,5,30,15.200000000000001,11,0,11,3.6,0.0000,0.0000
2004,7,27,6,0,16.2,49,2,50,4,0.0000,0.0000
2004,7,27,6,30,17.7,111,49,121,4.2,7.7071,5.8911
2004,7,27,7,0,19.200000000000003,163,77,186,4.4,12.7568,9.8444
2004,7,27,7,30,20.8,80,681,345,5.1000000000000005,18.5411,14.4061
2004,7,27,8,0,22.400000000000002,89,743,443,5.7,24.6524,19.2383
2004,7,27,8,30,23.3,96,787,537,5.800000000000001,30.8335,24.1306
2004,7,27,9,0,24.3,104,816,624,5.9,36.7617,28.8257
2004,7,27,9,30,25,109,843,706,5.9,42.1295,33.0793
2004,7,27,10,0,25.8,112,864,777,5.9,47.1173,37.0311
2004,7,27,10,30,26.400000000000002,116,880,839,6,51.3352,40.3736
2004,7,27,11,0,27.1,119,889,887,6,54.8134,43.1298
2004,7,27,11,30,27.5,120,897,924,6,57.2301,45.0459
2004,7,27,12,0,28,137,877,939,6,58.7517,46.2523
2004,7,27,12,30,28.3,423,464,852,6,59.3713,46.7434
2004,7,27,13,0,28.6,134,879,941,5.9,59.0247,46.4686
2004,7,27,13,30,28.8,133,873,920,5.800000000000001,57.7137,45.4292
2004,7,27,14,0,29,466,294,723,5.800000000000001,41.6593,32.7827
2004,7,27,14,30,29,455,252,665,5.6000000000000005,52.1701,41.0360
2004,7,27,15,0,29,428,234,611,5.5,48.2110,37.8982
2004,7,27,15,30,28.700000000000003,381,268,575,5.4,43.4722,34.1430
2004,7,27,16,0,28.400000000000002,357,205,491,5.300000000000001,38.1089,29.8938
2004,7,27,16,30,27.900000000000002,324,121,394,5.2,32.2863,25.2819
2004,7,27,17,0,27.400000000000002,96,717,453,5,26.1873,20.4532
2004,7,27,17,30,26.6,87,661,358,4.800000000000001,20.0745,15.6177
2004,7,27,18,0,25.8,76,582,263,4.5,14.1879,10.9707
2004,7,27,18,30,24.6,62,480,172,4.4,8.9300,6.8426
2004,7,27,19,0,23.400000000000002,42,340,89,4.3,0.0000,0.0000
2004,7,27,19,30,22.400000000000002,18,141,25,4.3,0.0000,0.0000
2004,7,27,20,0,21.5,0,0,0,4.3,0.0000,0.0000
2004,7,27,20,30,20.900000000000002,0,0,0,4.3,0.0000,0.0000
2004,7,27,21,0,20.200000000000003,0,0,0,4.4,0.0000,0.0000
2004,7,27,21,30,19.700000000000003,0,0,0,4.3,0.0000,0.0000
2004,7,27,22,0,19.200000000000003,0,0,0,4.3,0.0000,0.0000
2004,7,27,22,30,18.8,0,0,0,4.2,0.0000,0.0000
2004,7,27,23,0,18.400000000000002,0,0,0,4.2,0.0000,0.0000
2004,7,27,23,30,18.1,0,0,0,4.1000000000000005,0.0000,0.0000
2004,7,28,0,0,17.8,0,0,0,3.9000000000000004,0.0000,0.0000
2004,7,28,0,30,17.7,0,0,0,4.1000000000000005,0.0000,0.0000
2004,7,28,1,0,17.6,0,0,0,4.3,0.0000,0.0000
2004,7,28,1,30,17.7,0,0,0,4.5,0.0000,0.0000
2004,7,28,2,0,17.900000000000002,0,0,0,4.7,0.0000,0.0000
2004,7,28,2,30,17.900000000000002,0,0,0,4.6000000000000005,0.0000,0.0000
2004,7,28,3,0,17.900000000000002,0,0,0,4.6000000000000005,0.0000,0.0000
2004,7,28,3,30,17.8,0,0,0,4.5,0.0000,0.0000
2004,7,28,4,0,17.8,0,0,0,4.4,0.0000,0.0000
2004,7,28,4,30,17.7,0,0,0,4.4,0.0000,0.0000
2004,7,28,5,0,17.7,0,0,0,4.4,0.0000,0.0000
2004,7,28,5,30,18.1,5,0,5,4.5,0.0000,0.0000
2004,7,28,6,0,18.5,33,1,33,4.6000000000000005,0.0000,0.0000
2004,7,28,6,30,19.5,97,31,103,4.7,5.7885,4.4234
2004,7,28,7,0,20.5,119,19,125,4.800000000000001,9.2928,7.1697
2004,7,28,7,30,21.6,184,141,239,5,18.1004,14.0618
2004,7,28,8,0,22.700000000000003,242,133,305,5.300000000000001,24.1938,18.8788
2004,7,28,8,30,23.6,270,228,397,5.4,30.2493,23.6720
2004,7,28,9,0,24.400000000000002,296,179,409,5.6000000000000005,35.9926,28.2215
2004,7,28,9,30,24.8,250,502,605,5.6000000000000005,41.4650,32.5565
2004,7,28,10,0,25.200000000000003,327,349,595,5.5,46.2663,36.3613
2004,7,28,10,30,25.1,359,273,583,5.2,50.4768,39.6978
2004,7,28,11,0,25,334,25,356,5,53.7681,42.3066
2004,7,28,11,30,24.8,310,5,314,4.800000000000001,56.3018,44.3146
2004,7,28,12,0,24.6,161,0,161,4.5,57.3930,45.1819
2004,7,28,12,30,24.5,242,2,244,4.3,52.1365,41.0468
2004,7,28,13,0,24.3,147,0,148,4.1000000000000005,57.5427,45.3011
2004,7,28,13,30,24.1,122,0,122,3.9000000000000004,56.1133,44.1689
2004,7,28,14,0,23.900000000000002,159,0,160,3.6,43.8944,34.5410
2004,7,28,14,30,23.700000000000003,265,5,269,3.4000000000000004,40.0958,31.5380
2004,7,28,15,0,23.5,332,28,354,3.1,36.4891,28.6830
2004,7,28,15,30,23.3,245,507,611,2.6,33.9026,26.6263
2004,7,28,16,0,23.1,306,328,520,2.1,28.4652,22.3281
2004,7,28,16,30,22.8,255,315,437,1.6,22.3423,17.4942
2004,7,28,17,0,22.6,226,43,248,1.2000000000000002,24.9538,19.4883
2004,7,28,17,30,22.3,224,42,241,1,18.9907,14.7726
2004,7,28,18,0,22,162,45,176,0.8,13.3081,10.2883
2004,7,28,18,30,21.6,108,14,111,0.9,8.2936,6.3532
2004,7,28,19,0,21.1,52,3,52,0.9,0.0000,0.0000
2004,7,28,19,30,20.700000000000003,12,0,12,1.1,0.0000,0.0000
2004,7,28,20,0,20.400000000000002,0,0,0,1.3,0.0000,0.0000
2004,7,28,20,30,20,0,0,0,1.6,0.0000,0.0000
2004,7,28,21,0,19.6,0,0,0,1.9000000000000001,0.0000,0.0000
2004,7,28,21,30,19.200000000000003,0,0,0,2,0.0000,0.0000
2004,7,28,22,0,18.7,0,0,0,2.1,0.0000,0.0000
2004,7,28,22,30,18.3,0,0,0,2.1,0.0000,0.0000
2004,7,28,23,0,17.8,0,0,0,2.1,0.0000,0.0000
2004,7,28,23,30,17.400000000000002,0,0,0,1.9000000000000001,0.0000,0.0000
2004,7,29,0,0,17,0,0,0,1.8,0.0000,0.0000
2004,7,29,0,30,16.6,0,0,0,1.6,0.0000,0.0000
2004,7,29,1,0,16.3,0,0,0,1.5,0.0000,0.0000
2004,7,29,1,30,16.1,0,0,0,1.5,0.0000,0.0000
2004,7,29,2,0,15.8,0,0,0,1.5,0.0000,0.0000
2004,7,29,2,30,15.5,0,0,0,1.4000000000000001,0.0000,0.0000
2004,7,29,3,0,15.3,0,0,0,1.4000000000000001,0.0000,0.0000
2004,7,29,3,30,15,0,0,0,1.3,0.0000,0.0000
2004,7,29,4,0,14.8,0,0,0,1.3,0.0000,0.0000
2004,7,29,4,30,14.700000000000001,0,0,0,1.3,0.0000,0.0000
2004,7,29,5,0,14.700000000000001,0,0,0,1.2000000000000002,0.0000,0.0000
2004,7,29,5,30,15.8,10,77,12,1.6,0.0000,0.0000
2004,7,29,6,0,17,35,300,68,2,0.0000,0.0000
2004,7,29,6,30,17.900000000000002,55,464,148,2.1,4.9241,3.7619
2004,7,29,7,0,18.8,70,580,240,2.1,6.2370,4.8110
2004,7,29,7,30,20.700000000000003,82,662,336,1.9000000000000001,12.5249,9.7289
2004,7,29,8,0,22.700000000000003,91,729,435,1.8,16.6424,12.9851
2004,7,29,8,30,24.3,99,775,529,1.9000000000000001,22.3490,17.4885
2004,7,29,9,0,25.900000000000002,104,814,620,2,23.5789,18.4873
2004,7,29,9,30,26.5,109,841,701,2.1,35.5174,27.8858
2004,7,29,10,0,27,112,866,775,2.2,35.4168,27.8339
2004,7,29,10,30,27.400000000000002,395,407,728,2.1,35.0640,27.5757
2004,7,29,11,0,27.900000000000002,423,396,763,2.1,21.5741,16.9750
2004,7,29,11,30,28.200000000000003,433,411,800,2.1,19.1278,15.0550
2004,7,29,12,0,28.5,427,444,832,2,9.8382,7.7449
2004,7,29,12,30,28.700000000000003,448,408,823,1.9000000000000001,14.9274,11.7521
2004,7,29,13,0,28.900000000000002,375,541,871,1.8,9.0480,7.1231
2004,7,29,13,30,28.900000000000002,192,698,819,1.6,7.4391,5.8555
2004,7,29,14,0,29,213,690,813,1.5,9.7110,7.6416
2004,7,29,14,30,28.900000000000002,227,608,732,1.4000000000000001,16.2140,12.7532
2004,7,29,15,0,28.8,316,418,642,1.2000000000000002,21.1331,16.6117
2004,7,29,15,30,28.6,304,380,578,1,36.0093,28.2799
2004,7,29,16,0,28.400000000000002,260,413,530,0.8,30.1306,23.6334
2004,7,29,16,30,28,177,582,511,0.8,24.7638,19.3892
2004,7,29,17,0,27.6,147,580,434,0.7000000000000001,13.6491,10.6587
2004,7,29,17,30,26.8,198,270,308,0.6000000000000001,12.7695,9.9319
2004,7,29,18,0,26,136,330,240,0.6000000000000001,8.8935,6.8740
2004,7,29,18,30,24.1,109,205,155,0.8,5.3467,4.0946
2004,7,29,19,0,22.3,69,49,75,0.9,0.0000,0.0000
2004,7,29,19,30,21.200000000000003,18,2,19,1.1,0.0000,0.0000
2004,7,29,20,0,20.200000000000003,0,0,0,1.4000000000000001,0.0000,0.0000
2004,7,29,20,30,20,0,0,0,1.8,0.0000,0.0000
2004,7,29,21,0,19.700000000000003,0,0,0,2.2,0.0000,0.0000
2004,7,29,21,30,19.200000000000003,0,0,0,2.2,0.0000,0.0000
2004,7,29,22,0,18.8,0,0,0,2.2,0.0000,0.0000
2004,7,29,22,30,18.3,0,0,0,2,0.0000,0.0000
2004,7,29,23,0,17.7,0,0,0,1.9000000000000001,0.0000,0.0000
2004,7,29,23,30,17.400000000000002,0,0,0,1.8,0.0000,0.0000
2004,7,30,0,0,17,0,0,0,1.7000000000000002,0.0000,0.0000
2004,7,30,0,30,16.8,0,0,0,1.8,0.0000,0.0000
2004,7,30,1,0,16.6,0,0,0,1.8,0.0000,0.0000
2004,7,30,1,30,16.5,0,0,0,2.1,0.0000,0.0000
2004,7,30,2,0,16.5,0,0,0,2.3000000000000003,0.0000,0.0000
2004,7,30,2,30,16.5,0,0,0,2.1,0.0000,0.0000
2004,7,30,3,0,16.5,0,0,0,1.9000000000000001,0.0000,0.0000
2004,7,30,3,30,16.5,0,0,0,1.8,0.0000,0.0000
2004,7,30,4,0,16.5,0,0,0,1.6,0.0000,0.0000
2004,7,30,4,30,16.5,0,0,0,1.6,0.0000,0.0000
2004,7,30,5,0,16.400000000000002,0,0,0,1.6,0.0000,0.0000
2004,7,30,5,30,17.3,3,0,3,1.9000000000000001,0.0000,0.0000
2004,7,30,6,0,18.2,18,0,18,2.2,0.0000,0.0000
2004,7,30,6,30,19.200000000000003,53,2,54,2.3000000000000003,7.0711,5.4008
2004,7,30,7,0,20.200000000000003,122,19,128,2.4000000000000004,11.9584,9.2221
2004,7,30,7,30,21.8,154,27,165,2.7,17.5881,13.6599
2004,7,30,8,0,23.400000000000002,107,2,108,3,23.7146,18.5016
2004,7,30,8,30,24.5,197,17,206,2.9000000000000004,29.7580,23.2848
2004,7,30,9,0,25.6,301,95,361,2.9000000000000004,35.7242,28.0087
2004,7,30,9,30,26.200000000000003,329,138,426,2.9000000000000004,41.1350,32.2954
2004,7,30,10,0,26.700000000000003,356,290,578,2.8000000000000003,46.1139,36.2398
2004,7,30,10,30,27.1,248,535,685,2.8000000000000003,43.7709,34.4225
2004,7,30,11,0,27.5,250,614,777,2.8000000000000003,46.2255,36.3705
2004,7,30,11,30,27.8,140,849,896,2.9000000000000004,48.7202,38.3459
2004,7,30,12,0,28,128,874,924,3,50.8276,40.0122
2004,7,30,12,30,28.1,129,878,935,3,50.3371,39.6289
2004,7,30,13,0,28.3,473,140,601,3.1,53.2355,41.9090
2004,7,30,13,30,28.400000000000002,492,200,671,3.1,49.9263,39.2975
2004,7,30,14,0,28.6,111,889,883,3.2,49.3299,38.8168
2004,7,30,14,30,28.700000000000003,450,232,642,3.2,44.1066,34.6913
2004,7,30,15,0,28.700000000000003,98,880,782,3.2,38.3118,30.1142
2004,7,30,15,30,28.6,94,863,714,3.1,34.0483,26.7390
2004,7,30,16,0,28.5,90,840,635,3.1,30.6926,24.0732
2004,7,30,16,30,28.1,84,811,550,2.9000000000000004,28.9360,22.6544
2004,7,30,17,0,27.700000000000003,79,769,456,2.8000000000000003,23.8646,18.6344
2004,7,30,17,30,26.8,72,717,361,2.1,16.3007,12.6767
2004,7,30,18,0,25.900000000000002,61,652,265,1.5,12.1096,9.3576
2004,7,30,18,30,24.400000000000002,50,553,172,1.2000000000000002,7.4580,5.7098
2004,7,30,19,0,22.8,34,404,87,0.8,0.0000,0.0000
2004,7,30,19,30,22.3,15,172,22,0.8,0.0000,0.0000
2004,7,30,20,0,21.8,0,0,0,0.8,0.0000,0.0000
2004,7,30,20,30,21.400000000000002,0,0,0,0.8,0.0000,0.0000
2004,7,30,21,0,21,0,0,0,0.8,0.0000,0.0000
2004,7,30,21,30,20.5,0,0,0,0.8,0.0000,0.0000
2004,7,30,22,0,20.1,0,0,0,0.8,0.0000,0.0000
2004,7,30,22,30,19.700000000000003,0,0,0,0.8,0.0000,0.0000
2004,7,30,23,0,19.3,0,0,0,0.8,0.0000,0.0000
2004,7,30,23,30,19,0,0,0,0.8,0.0000,0.0000
2004,7,31,0,0,18.6,0,0,0,0.8,0.0000,0.0000
2004,7,31,0,30,18.3,0,0,0,0.8,0.0000,0.0000
2004,7,31,1,0,17.900000000000002,0,0,0,0.8,0.0000,0.0000
2004,7,31,1,30,17.6,0,0,0,0.9,0.0000,0.0000
2004,7,31,2,0,17.3,0,0,0,0.9,0.0000,0.0000
2004,7,31,2,30,16.900000000000002,0,0,0,1,0.0000,0.0000
2004,7,31,3,0,16.5,0,0,0,1,0.0000,0.0000
2004,7,31,3,30,16.3,0,0,0,1,0.0000,0.0000
2004,7,31,4,0,16.1,0,0,0,1.1,0.0000,0.0000
2004,7,31,4,30,16.2,0,0,0,1.2000000000000002,0.0000,0.0000
2004,7,31,5,0,16.3,0,0,0,1.2000000000000002,0.0000,0.0000
2004,7,31,5,30,17.7,9,79,11,1.8,0.0000,0.0000
2004,7,31,6,0,19.200000000000003,32,293,62,2.4000000000000004,0.0000,0.0000
2004,7,31,6,30,20.400000000000002,51,461,141,2.5,2.5787,1.9691
2004,7,31,7,0,21.6,67,560,229,2.6,6.3695,4.9109
2004,7,31,7,30,23.6,165,284,272,2.9000000000000004,8.6271,6.6993
2004,7,31,8,0,25.6,168,437,372,3.3000000000000003,5.8825,4.5890
2004,7,31,8,30,27.200000000000003,242,16,250,3.8000000000000003,11.5802,9.0606
2004,7,31,9,0,28.900000000000002,206,1,207,4.4,20.7888,16.2983
2004,7,31,9,30,29.700000000000003,324,409,610,4.6000000000000005,24.9867,19.6166
2004,7,31,10,0,30.400000000000002,132,800,742,4.800000000000001,34.3791,27.0170
2004,7,31,10,30,31,137,819,805,5,41.1724,32.3782
2004,7,31,11,0,31.5,137,838,856,5.2,47.0599,37.0264
2004,7,31,11,30,32,139,848,892,5.4,54.5519,42.9351
2004,7,31,12,0,32.4,133,865,918,5.5,56.4333,44.4244
2004,7,31,12,30,32.800000000000004,132,867,926,5.6000000000000005,57.1721,45.0092
2004,7,31,13,0,33.2,133,865,921,5.7,36.7234,28.9095
2004,7,31,13,30,33.4,131,860,901,5.7,40.8925,32.1864
2004,7,31,14,0,33.5,132,846,865,5.7,53.5607,42.1452
2004,7,31,14,30,33.5,129,834,819,5.7,38.6705,30.4150
2004,7,31,15,0,33.4,119,830,763,5.6000000000000005,46.6477,36.6655
2004,7,31,15,30,33.2,114,809,693,5.4,42.0396,33.0136
2004,7,31,16,0,32.9,112,773,612,5.300000000000001,36.7508,28.8236
2004,7,31,16,30,32.4,105,738,527,5.1000000000000005,31.1214,24.3639
2004,7,31,17,0,31.900000000000002,98,690,435,4.800000000000001,25.0502,19.5584
2004,7,31,17,30,31,88,631,341,4.5,19.0819,14.8375
2004,7,31,18,0,30.200000000000003,78,534,244,4.2,13.3512,10.3147
2004,7,31,18,30,29,62,425,154,4,8.2669,6.3271
2004,7,31,19,0,27.8,40,274,75,3.9000000000000004,0.0000,0.0000
2004,7,31,19,30,27,14,81,17,3.9000000000000004,0.0000,0.0000
2004,7,31,20,0,26.200000000000003,0,0,0,3.9000000000000004,0.0000,0.0000
2004,7,31,20,30,25.6,0,0,0,3.9000000000000004,0.0000,0.0000
2004,7,31,21,0,25,0,0,0,3.9000000000000004,0.0000,0.0000
2004,7,31,21,30,24.6,0,0,0,4,0.0000,0.0000
2004,7,31,22,0,24.1,0,0,0,4.1000000000000005,0.0000,0.0000
2004,7,31,22,30,23.8,0,0,0,4.1000000000000005,0.0000,0.0000
2004,7,31,23,0,23.400000000000002,0,0,0,4.1000000000000005,0.0000,0.0000
2004,7,31,23,30,23.1,0,0,0,4.1000000000000005,0.0000,0.0000
2004,8,1,0,0,22.900000000000002,0,0,0,4,0.0000,0.0000
2004,8,1,0,30,22.6,0,0,0,3.9000000000000004,0.0000,0.0000
2004,8,1,1,0,22.3,0,0,0,3.8000000000000003,0.0000,0.0000
2004,8,1,1,30,22.1,0,0,0,3.8000000000000003,0.0000,0.0000
2004,8,1,2,0,21.8,0,0,0,3.7,0.0000,0.0000
2004,8,1,2,30,21.6,0,0,0,3.5,0.0000,0.0000
2004,8,1,3,0,21.400000000000002,0,0,0,3.3000000000000003,0.0000,0.0000
2004,8,1,3,30,21.200000000000003,0,0,0,3.1,0.0000,0.0000
2004,8,1,4,0,21,0,0,0,2.9000000000000004,0.0000,0.0000
2004,8,1,4,30,20.8,0,0,0,2.8000000000000003,0.0000,0.0000
2004,8,1,5,0,20.700000000000003,0,0,0,2.8000000000000003,0.0000,0.0000
2004,8,1,5,30,21.3,0,0,0,3,0.0000,0.0000
2004,8,1,6,0,21.8,19,0,19,3.3000000000000003,0.0000,0.0000
2004,8,1,6,30,22.900000000000002,3,0,3,3.3000000000000003,6.7299,5.1378
2004,8,1,7,0,24,101,14,105,3.4000000000000004,11.3795,8.7716
2004,8,1,7,30,25.400000000000002,113,8,116,3.4000000000000004,14.2052,11.0294
2004,8,1,8,0,26.8,85,542,337,3.4000000000000004,20.2436,15.7907
2004,8,1,8,30,27.900000000000002,163,519,448,3.4000000000000004,14.0439,10.9876
2004,8,1,9,0,29.1,217,458,504,3.4000000000000004,11.9136,9.3398
2004,8,1,9,30,30.1,119,788,670,3.5,35.7630,28.0760
2004,8,1,10,0,31,121,816,741,3.7,44.1159,34.6677
2004,8,1,10,30,31.900000000000002,124,833,801,3.8000000000000003,48.3685,38.0364
2004,8,1,11,0,32.800000000000004,124,850,851,4,51.8285,40.7775
2004,8,1,11,30,33.6,126,857,887,4.1000000000000005,54.2935,42.7310
2004,8,1,12,0,34.300000000000004,148,831,902,4.3,56.0514,44.1230
2004,8,1,12,30,34.9,149,832,909,4.3,56.6071,44.5636
2004,8,1,13,0,35.5,467,92,551,4.3,56.2609,44.2892
2004,8,1,13,30,35.800000000000004,489,207,674,4.3,54.8935,43.2057
2004,8,1,14,0,36.1,145,814,849,4.2,52.4517,41.2717
2004,8,1,14,30,36,451,151,576,4.1000000000000005,49.3142,38.7855
2004,8,1,15,0,36,139,781,743,4,45.4949,35.7584
2004,8,1,15,30,35.7,380,226,541,3.9000000000000004,40.7824,32.0252
2004,8,1,16,0,35.4,269,7,273,3.8000000000000003,35.3980,27.7612
2004,8,1,16,30,34.800000000000004,294,223,421,3.6,29.7964,23.3250
2004,8,1,17,0,34.300000000000004,104,659,424,3.4000000000000004,23.8720,18.6366
2004,8,1,17,30,33.300000000000004,93,599,331,3,18.0008,13.9947
2004,8,1,18,0,32.300000000000004,78,524,239,2.7,12.2738,9.4800
2004,8,1,18,30,30.900000000000002,61,415,151,2.7,7.3940,5.6572
2004,8,1,19,0,29.5,39,275,73,2.6,0.0000,0.0000
2004,8,1,19,30,28.700000000000003,13,82,16,3,0.0000,0.0000
2004,8,1,20,0,27.900000000000002,0,0,0,3.4000000000000004,0.0000,0.0000
2004,8,1,20,30,27.3,0,0,0,3.4000000000000004,0.0000,0.0000
2004,8,1,21,0,26.700000000000003,0,0,0,3.3000000000000003,0.0000,0.0000
2004,8,1,21,30,26.3,0,0,0,3.2,0.0000,0.0000
2004,8,1,22,0,25.900000000000002,0,0,0,3.1,0.0000,0.0000
2004,8,1,22,30,25.5,0,0,0,2.9000000000000004,0.0000,0.0000
2004,8,1,23,0,25.1,0,0,0,2.8000000000000003,0.0000,0.0000
2004,8,1,23,30,24.700000000000003,0,0,0,2.5,0.0000,0.0000
2004,8,2,0,0,24.3,0,0,0,2.2,0.0000,0.0000
2004,8,2,0,30,23.900000000000002,0,0,0,2,0.0000,0.0000
2004,8,2,1,0,23.400000000000002,0,0,0,1.7000000000000002,0.0000,0.0000
2004,8,2,1,30,23,0,0,0,1.6,0.0000,0.0000
2004,8,2,2,0,22.6,0,0,0,1.4000000000000001,0.0000,0.0000
2004,8,2,2,30,22.200000000000003,0,0,0,1.2000000000000002,0.0000,0.0000
2004,8,2,3,0,21.8,0,0,0,1,0.0000,0.0000
2004,8,2,3,30,21.5,0,0,0,0.9,0.0000,0.0000
2004,8,2,4,0,21.1,0,0,0,0.8,0.0000,0.0000
2004,8,2,4,30,21,0,0,0,0.8,0.0000,0.0000
2004,8,2,5,0,20.900000000000002,0,0,0,0.8,0.0000,0.0000
2004,8,2,5,30,21.900000000000002,0,0,0,1.2000000000000002,0.0000,0.0000
2004,8,2,6,0,22.8,31,291,60,1.7000000000000002,0.0000,0.0000
2004,8,2,6,30,23.900000000000002,83,4,84,1.7000000000000002,0.1431,0.1092
2004,8,2,7,0,25,152,73,173,1.8,5.2104,4.0153
2004,8,2,7,30,26.200000000000003,158,285,265,2.1,6.0505,4.6971
2004,8,2,8,0,27.3,216,181,300,2.4000000000000004,18.3211,14.2896
2004,8,2,8,30,28.6,256,335,440,2.7,25.1478,19.6738
2004,8,2,9,0,29.900000000000002,296,350,515,3,28.9903,22.7261
2004,8,2,9,30,31.1,375,100,445,3,39.2617,30.8216
2004,8,2,10,0,32.2,195,0,195,3,44.0396,34.6069
2004,8,2,10,30,33.1,206,0,206,2.7,48.1115,37.8335
2004,8,2,11,0,34,268,1,269,2.5,51.5096,40.5258
2004,8,2,11,30,34.6,465,306,735,2.2,53.9735,42.4784
2004,8,2,12,0,35.2,399,7,405,1.9000000000000001,55.0592,43.3412
2004,8,2,12,30,35.6,491,300,765,2,55.5520,43.7323
2004,8,2,13,0,36.1,424,440,823,2,33.6492,26.4886
2004,8,2,13,30,36.5,462,335,760,2.2,41.0510,32.3099
2004,8,2,14,0,36.9,454,304,716,2.4000000000000004,51.4646,40.4941
2004,8,2,14,30,36.800000000000004,159,780,800,2.4000000000000004,34.6692,27.2666
2004,8,2,15,0,36.6,426,187,570,2.5,44.2833,34.8051
2004,8,2,15,30,36.2,254,1,255,2.7,31.8211,24.9872
2004,8,2,16,0,35.800000000000004,198,0,199,2.9000000000000004,15.7805,12.3755
2004,8,2,16,30,35.1,44,0,44,3.1,23.7842,18.6174
2004,8,2,17,0,34.300000000000004,255,189,346,3.2,23.2442,18.1446
2004,8,2,17,30,33,204,190,279,3,17.4495,13.5639
2004,8,2,18,0,31.700000000000003,148,125,186,2.8000000000000003,12.0033,9.2687
2004,8,2,18,30,30.1,105,46,115,2.5,7.2423,5.5394
2004,8,2,19,0,28.5,48,45,53,2.2,0.0000,0.0000
2004,8,2,19,30,27.700000000000003,9,0,9,2.2,0.0000,0.0000
2004,8,2,20,0,26.900000000000002,0,0,0,2.2,0.0000,0.0000
2004,8,2,20,30,26.5,0,0,0,2.1,0.0000,0.0000
2004,8,2,21,0,26,0,0,0,2.1,0.0000,0.0000
2004,8,2,21,30,25.6,0,0,0,2.1,0.0000,0.0000
2004,8,2,22,0,25.3,0,0,0,2.1,0.0000,0.0000
2004,8,2,22,30,24.900000000000002,0,0,0,2.1,0.0000,0.0000
2004,8,2,23,0,24.6,0,0,0,2.2,0.0000,0.0000
2004,8,2,23,30,24.200000000000003,0,0,0,2.2,0.0000,0.0000
2004,8,3,0,0,23.900000000000002,0,0,0,2.2,0.0000,0.0000
2004,8,3,0,30,23.5,0,0,0,2.1,0.0000,0.0000
2004,8,3,1,0,23.1,0,0,0,2.1,0.0000,0.0000
2004,8,3,1,30,22.900000000000002,0,0,0,2.1,0.0000,0.0000
2004,8,3,2,0,22.700000000000003,0,0,0,2.1,0.0000,0.0000
2004,8,3,2,30,22.6,0,0,0,2.1,0.0000,0.0000
2004,8,3,3,0,22.5,0,0,0,2.1,0.0000,0.0000
2004,8,3,3,30,22.5,0,0,0,2.1,0.0000,0.0000
2004,8,3,4,0,22.400000000000002,0,0,0,2,0.0000,0.0000
2004,8,3,4,30,22.400000000000002,0,0,0,2.1,0.0000,0.0000
2004,8,3,5,0,22.400000000000002,0,0,0,2.2,0.0000,0.0000
2004,8,3,5,30,23.1,0,0,0,2.5,0.0000,0.0000
2004,8,3,6,0,23.700000000000003,33,225,55,2.8000000000000003,0.0000,0.0000
2004,8,3,6,30,24.900000000000002,55,394,129,2.8000000000000003,4.0061,3.0569
2004,8,3,7,0,26,69,536,219,2.8000000000000003,8.5737,6.6057
2004,8,3,7,30,27.200000000000003,81,622,313,2.9000000000000004,13.8062,10.7164
2004,8,3,8,0,28.5,88,700,410,3,16.2946,12.7079
2004,8,3,8,30,29.6,96,747,503,3.1,24.6801,19.3066
2004,8,3,9,0,30.700000000000003,102,782,590,3.1,29.6058,23.2075
2004,8,3,9,30,31.700000000000003,108,809,669,3.1,26.0642,20.4604
2004,8,3,10,0,32.7,368,328,616,3.2,11.5846,9.1031
2004,8,3,10,30,33.4,391,341,667,3.2,12.3689,9.7264
2004,8,3,11,0,34.2,384,220,572,3.3000000000000003,16.2770,12.8058
2004,8,3,11,30,34.4,402,163,546,3.4000000000000004,44.7107,35.1877
2004,8,3,12,0,34.7,416,168,567,3.5,24.7147,19.4545
2004,8,3,12,30,34.6,335,442,738,3.5,46.7382,36.7931
2004,8,3,13,0,34.5,397,303,672,3.4000000000000004,50.2451,39.5521
2004,8,3,13,30,34.4,78,0,78,3.2,46.2747,36.4206
2004,8,3,14,0,34.300000000000004,336,21,354,3,43.3880,34.1384
2004,8,3,14,30,34.2,266,1,266,2.7,48.1331,37.8547
2004,8,3,15,0,34.2,287,15,298,2.4000000000000004,33.9569,26.6881
2004,8,3,15,30,33.9,383,171,505,2.1,14.9907,11.7708
2004,8,3,16,0,33.7,349,115,422,1.7000000000000002,11.4950,9.0142
2004,8,3,16,30,33,110,1,111,1.5,2.4836,1.9440
2004,8,3,17,0,32.4,33,0,33,1.3,18.9483,14.7897
2004,8,3,17,30,31.5,29,0,29,1.2000000000000002,14.6872,11.4148
2004,8,3,18,0,30.5,54,1,54,1,9.3258,7.1993
2004,8,3,18,30,29.3,33,0,33,1.1,5.5102,4.2132
2004,8,3,19,0,28.1,20,0,20,1.1,0.0000,0.0000
2004,8,3,19,30,27.400000000000002,4,0,4,1.7000000000000002,0.0000,0.0000
2004,8,3,20,0,26.8,0,0,0,2.2,0.0000,0.0000
2004,8,3,20,30,25.900000000000002,0,0,0,2.9000000000000004,0.0000,0.0000
2004,8,3,21,0,25,0,0,0,3.6,0.0000,0.0000
2004,8,3,21,30,24.5,0,0,0,4.2,0.0000,0.0000
2004,8,3,22,0,23.900000000000002,0,0,0,4.800000000000001,0.0000,0.0000
2004,8,3,22,30,23.6,0,0,0,4.800000000000001,0.0000,0.0000
2004,8,3,23,0,23.200000000000003,0,0,0,4.9,0.0000,0.0000
2004,8,3,23,30,22.8,0,0,0,4.9,0.0000,0.0000
2004,8,4,0,0,22.400000000000002,0,0,0,4.9,0.0000,0.0000
2004,8,4,0,30,21.8,0,0,0,4.7,0.0000,0.0000
2004,8,4,1,0,21.3,0,0,0,4.5,0.0000,0.0000
2004,8,4,1,30,20.900000000000002,0,0,0,4.2,0.0000,0.0000
2004,8,4,2,0,20.5,0,0,0,3.9000000000000004,0.0000,0.0000
2004,8,4,2,30,20.200000000000003,0,0,0,3.7,0.0000,0.0000
2004,8,4,3,0,19.900000000000002,0,0,0,3.4000000000000004,0.0000,0.0000
2004,8,4,3,30,19.700000000000003,0,0,0,3.4000000000000004,0.0000,0.0000
2004,8,4,4,0,19.6,0,0,0,3.3000000000000003,0.0000,0.0000
2004,8,4,4,30,19.400000000000002,0,0,0,3.4000000000000004,0.0000,0.0000
2004,8,4,5,0,19.200000000000003,0,0,0,3.5,0.0000,0.0000
2004,8,4,5,30,19.3,0,0,0,3.8000000000000003,0.0000,0.0000
2004,8,4,6,0,19.3,32,217,52,4.2,0.0000,0.0000
2004,8,4,6,30,19.6,55,389,127,4.4,6.1506,4.6922
2004,8,4,7,0,19.8,55,0,55,4.7,10.8373,8.3475
2004,8,4,7,30,20.3,49,0,49,4.7,16.2864,12.6395
2004,8,4,8,0,20.8,61,0,61,4.800000000000001,22.2473,17.3485
2004,8,4,8,30,21.400000000000002,111,0,111,4.800000000000001,28.1938,22.0539
2004,8,4,9,0,22,71,0,71,4.800000000000001,33.8974,26.5704
2004,8,4,9,30,22.400000000000002,150,0,150,4.800000000000001,39.1649,30.7434
2004,8,4,10,0,22.8,297,2,299,4.800000000000001,36.5805,28.7438
2004,8,4,10,30,23.3,342,6,346,4.9,40.0341,31.4802
2004,8,4,11,0,23.8,466,160,602,5,34.6002,27.2210
2004,8,4,11,30,24.3,483,205,664,5.1000000000000005,33.2039,26.1312
2004,8,4,12,0,24.900000000000002,460,125,574,5.2,34.5904,27.2277
2004,8,4,12,30,25.3,497,202,680,5.300000000000001,45.0754,35.4835
2004,8,4,13,0,25.8,154,821,896,5.4,41.0139,32.2849
2004,8,4,13,30,26,153,816,876,5.4,4.7477,3.7366
2004,8,4,14,0,26.200000000000003,449,117,549,5.5,21.4437,16.8719
2004,8,4,14,30,26.3,148,795,799,5.4,15.9977,12.5812
2004,8,4,15,0,26.5,136,792,743,5.4,17.7447,13.9459
2004,8,4,15,30,26.5,131,770,675,5.2,29.6710,23.2971
2004,8,4,16,0,26.5,117,757,600,5.1000000000000005,24.3602,19.1018
2004,8,4,16,30,26.200000000000003,110,722,515,4.800000000000001,6.2602,4.8995
2004,8,4,17,0,25.900000000000002,94,700,428,4.6000000000000005,1.8052,1.4088
2004,8,4,17,30,25.200000000000003,84,641,334,4,1.5244,1.1846
2004,8,4,18,0,24.6,69,574,240,3.5,2.7029,2.0860
2004,8,4,18,30,23.200000000000003,55,463,150,2.6,1.5797,1.2075
2004,8,4,19,0,21.8,35,316,70,1.8,0.0000,0.0000
2004,8,4,19,30,21.1,11,91,14,1.7000000000000002,0.0000,0.0000
2004,8,4,20,0,20.400000000000002,0,0,0,1.6,0.0000,0.0000
2004,8,4,20,30,20,0,0,0,1.6,0.0000,0.0000
2004,8,4,21,0,19.6,0,0,0,1.6,0.0000,0.0000
2004,8,4,21,30,19.200000000000003,0,0,0,1.5,0.0000,0.0000
2004,8,4,22,0,18.900000000000002,0,0,0,1.5,0.0000,0.0000
2004,8,4,22,30,18.5,0,0,0,1.4000000000000001,0.0000,0.0000
2004,8,4,23,0,18.2,0,0,0,1.4000000000000001,0.0000,0.0000
2004,8,4,23,30,17.900000000000002,0,0,0,1.3,0.0000,0.0000
2004,8,5,0,0,17.5,0,0,0,1.2000000000000002,0.0000,0.0000
2004,8,5,0,30,17.2,0,0,0,1.2000000000000002,0.0000,0.0000
2004,8,5,1,0,16.900000000000002,0,0,0,1.1,0.0000,0.0000
2004,8,5,1,30,16.6,0,0,0,1.1,0.0000,0.0000
2004,8,5,2,0,16.3,0,0,0,1.1,0.0000,0.0000
2004,8,5,2,30,16.1,0,0,0,1,0.0000,0.0000
2004,8,5,3,0,15.8,0,0,0,1,0.0000,0.0000
2004,8,5,3,30,15.600000000000001,0,0,0,1,0.0000,0.0000
2004,8,5,4,0,15.4,0,0,0,0.9,0.0000,0.0000
2004,8,5,4,30,15.3,0,0,0,0.9,0.0000,0.0000
2004,8,5,5,0,15.3,0,0,0,0.9,0.0000,0.0000
2004,8,5,5,30,16.3,0,0,0,1.3,0.0000,0.0000
2004,8,5,6,0,17.3,31,251,54,1.7000000000000002,0.0000,0.0000
2004,8,5,6,30,18.6,53,429,131,1.6,6.0540,4.6175
2004,8,5,7,0,19.900000000000002,116,4,117,1.5,2.7179,2.0930
2004,8,5,7,30,21.400000000000002,81,643,317,1.7000000000000002,2.5464,1.9759
2004,8,5,8,0,22.900000000000002,90,709,414,1.8,3.3067,2.5783
2004,8,5,8,30,23.700000000000003,98,757,508,1.9000000000000001,6.2169,4.8627
2004,8,5,9,0,24.5,105,795,597,2.1,4.0766,3.1953
2004,8,5,9,30,25.1,111,823,679,2.2,8.7770,6.8895
2004,8,5,10,0,25.700000000000003,113,850,752,2.3000000000000003,17.7484,13.9457
2004,8,5,10,30,26.200000000000003,449,181,594,2.5,20.7596,16.3235
2004,8,5,11,0,26.700000000000003,469,195,635,2.6,36.4026,28.6384
2004,8,5,11,30,27.1,117,891,901,2.7,40.3666,31.7676
2004,8,5,12,0,27.5,128,881,921,2.9000000000000004,35.0064,27.5547
2004,8,5,12,30,27.700000000000003,129,883,929,3,41.5205,32.6845
2004,8,5,13,0,28,129,881,923,3.1,54.6678,43.0319
2004,8,5,13,30,28,481,255,707,3.2,53.3021,41.9498
2004,8,5,14,0,28.1,464,140,583,3.3000000000000003,33.2441,26.1559
2004,8,5,14,30,27.900000000000002,123,854,820,3.3000000000000003,48.0335,37.7743
2004,8,5,15,0,27.8,117,844,762,3.4000000000000004,44.2212,34.7530
2004,8,5,15,30,27.400000000000002,112,823,692,3.5,39.6362,31.1202
2004,8,5,16,0,27.1,104,802,613,3.5,34.6109,27.1383
2004,8,5,16,30,26.6,200,1,200,3.5,29.0185,22.7094
2004,8,5,17,0,26,90,723,433,3.4000000000000004,23.3849,18.2484
2004,8,5,17,30,25.200000000000003,80,664,337,3.2,17.5318,13.6208
2004,8,5,18,0,24.3,68,584,241,2.9000000000000004,11.9918,9.2522
2004,8,5,18,30,23,54,471,149,2.5,7.1741,5.4819
2004,8,5,19,0,21.700000000000003,53,51,59,2.1,0.0000,0.0000
2004,8,5,19,30,21.1,11,82,12,2.3000000000000003,0.0000,0.0000
2004,8,5,20,0,20.400000000000002,0,0,0,2.5,0.0000,0.0000
2004,8,5,20,30,20,0,0,0,2.6,0.0000,0.0000
2004,8,5,21,0,19.5,0,0,0,2.7,0.0000,0.0000
2004,8,5,21,30,19.1,0,0,0,2.8000000000000003,0.0000,0.0000
2004,8,5,22,0,18.8,0,0,0,2.8000000000000003,0.0000,0.0000
2004,8,5,22,30,18.400000000000002,0,0,0,2.9000000000000004,0.0000,0.0000
2004,8,5,23,0,18.1,0,0,0,2.9000000000000004,0.0000,0.0000
2004,8,5,23,30,17.8,0,0,0,2.9000000000000004,0.0000,0.0000
2004,8,6,0,0,17.6,0,0,0,2.8000000000000003,0.0000,0.0000
2004,8,6,0,30,17.3,0,0,0,2.8000000000000003,0.0000,0.0000
2004,8,6,1,0,17,0,0,0,2.8000000000000003,0.0000,0.0000
2004,8,6,1,30,16.7,0,0,0,2.9000000000000004,0.0000,0.0000
2004,8,6,2,0,16.5,0,0,0,2.9000000000000004,0.0000,0.0000
2004,8,6,2,30,16.3,0,0,0,2.9000000000000004,0.0000,0.0000
2004,8,6,3,0,16,0,0,0,2.9000000000000004,0.0000,0.0000
2004,8,6,3,30,15.9,0,0,0,2.9000000000000004,0.0000,0.0000
2004,8,6,4,0,15.700000000000001,0,0,0,2.9000000000000004,0.0000,0.0000
2004,8,6,4,30,15.700000000000001,0,0,0,2.9000000000000004,0.0000,0.0000
2004,8,6,5,0,15.600000000000001,0,0,0,2.9000000000000004,0.0000,0.0000
2004,8,6,5,30,15.9,0,0,0,3,0.0000,0.0000
2004,8,6,6,0,16.3,31,221,50,3.1,0.0000,0.0000
2004,8,6,6,30,17.5,53,398,125,3.4000000000000004,6.2440,4.7614
2004,8,6,7,0,18.7,70,526,214,3.7,5.7739,4.4451
2004,8,6,7,30,20.1,181,19,188,3.9000000000000004,16.4527,12.7644
2004,8,6,8,0,21.6,163,2,163,4.2,22.4195,17.4792
2004,8,6,8,30,22.6,68,0,68,4.1000000000000005,28.4290,22.2347
2004,8,6,9,0,23.6,190,0,190,3.9000000000000004,34.2576,26.8501
2004,8,6,9,30,24.400000000000002,382,145,482,3.8000000000000003,39.7110,31.1698
2004,8,6,10,0,25.200000000000003,124,816,736,3.7,44.6184,35.0576
2004,8,6,10,30,25.8,128,834,798,3.7,35.6258,28.0124
2004,8,6,11,0,26.5,466,170,610,3.7,38.3850,30.1973
2004,8,6,11,30,27,429,371,754,3.8000000000000003,54.7572,43.0918
2004,8,6,12,0,27.6,432,389,781,3.9000000000000004,56.1518,44.1980
2004,8,6,12,30,28,134,865,916,3.9000000000000004,56.7060,44.6375
2004,8,6,13,0,28.400000000000002,133,862,909,3.9000000000000004,56.2970,44.3135
2004,8,6,13,30,28.6,465,288,719,3.9000000000000004,43.0040,33.8443
2004,8,6,14,0,28.8,434,112,530,3.8000000000000003,35.2891,27.7642
2004,8,6,14,30,28.700000000000003,449,187,601,3.8000000000000003,49.2754,38.7499
2004,8,6,15,0,28.700000000000003,423,135,525,3.7,45.3297,35.6229
2004,8,6,15,30,28.5,389,117,470,3.6,40.6105,31.8838
2004,8,6,16,0,28.200000000000003,320,56,355,3.6,35.3342,27.7038
2004,8,6,16,30,27.700000000000003,128,0,128,3.5,11.2589,8.8104
2004,8,6,17,0,27.200000000000003,178,3,180,3.4000000000000004,23.6297,18.4372
2004,8,6,17,30,26.3,83,0,83,3,17.6621,13.7194
2004,8,6,18,0,25.3,153,129,191,2.6,12.0205,9.2716
2004,8,6,18,30,23.8,104,53,115,2.4000000000000004,7.1203,5.4389
2004,8,6,19,0,22.400000000000002,53,12,54,2.1,0.0000,0.0000
2004,8,6,19,30,21.8,3,0,3,2.5,0.0000,0.0000
2004,8,6,20,0,21.200000000000003,0,0,0,2.8000000000000003,0.0000,0.0000
2004,8,6,20,30,20.700000000000003,0,0,0,3,0.0000,0.0000
2004,8,6,21,0,20.200000000000003,0,0,0,3.2,0.0000,0.0000
2004,8,6,21,30,19.700000000000003,0,0,0,3.3000000000000003,0.0000,0.0000
2004,8,6,22,0,19.200000000000003,0,0,0,3.3000000000000003,0.0000,0.0000
2004,8,6,22,30,18.8,0,0,0,3.3000000000000003,0.0000,0.0000
2004,8,6,23,0,18.400000000000002,0,0,0,3.2,0.0000,0.0000
2004,8,6,23,30,18,0,0,0,3.1,0.0000,0.0000
2004,8,7,0,0,17.7,0,0,0,3,0.0000,0.0000
2004,8,7,0,30,17.400000000000002,0,0,0,3,0.0000,0.0000
2004,8,7,1,0,17.2,0,0,0,3,0.0000,0.0000
2004,8,7,1,30,17,0,0,0,3.1,0.0000,0.0000
2004,8,7,2,0,16.7,0,0,0,3.1,0.0000,0.0000
2004,8,7,2,30,16.5,0,0,0,3.1,0.0000,0.0000
2004,8,7,3,0,16.3,0,0,0,3,0.0000,0.0000
2004,8,7,3,30,16,0,0,0,2.9000000000000004,0.0000,0.0000
2004,8,7,4,0,15.8,0,0,0,2.8000000000000003,0.0000,0.0000
2004,8,7,4,30,15.600000000000001,0,0,0,2.8000000000000003,0.0000,0.0000
2004,8,7,5,0,15.4,0,0,0,2.8000000000000003,0.0000,0.0000
2004,8,7,5,30,15.9,0,0,0,3,0.0000,0.0000
2004,8,7,6,0,16.3,30,220,48,3.2,0.0000,0.0000
2004,8,7,6,30,17.5,52,403,124,3.7,5.9579,4.5423
2004,8,7,7,0,18.7,145,59,161,4.1000000000000005,10.5463,8.1172
2004,8,7,7,30,20.3,192,136,241,4.5,9.7449,7.5591
2004,8,7,8,0,21.8,88,702,405,4.9,8.8181,6.8742
2004,8,7,8,30,23.1,96,753,500,4.9,3.8025,2.9738
2004,8,7,9,0,24.400000000000002,98,801,591,4.9,10.8958,8.5394
2004,8,7,9,30,25.400000000000002,103,830,672,4.9,28.1746,22.1138
2004,8,7,10,0,26.400000000000002,105,858,748,4.9,43.6495,34.2953
2004,8,7,10,30,27.200000000000003,109,875,810,4.9,47.8428,37.6176
2004,8,7,11,0,28,109,890,861,5,36.8604,28.9972
2004,8,7,11,30,28.700000000000003,111,900,899,4.9,45.8082,36.0485
2004,8,7,12,0,29.3,111,907,923,4.9,47.6003,37.4663
2004,8,7,12,30,29.8,112,909,932,4.9,55.8947,43.9980
2004,8,7,13,0,30.200000000000003,113,905,925,4.800000000000001,55.4249,43.6261
2004,8,7,13,30,30.5,112,901,905,4.7,43.7186,34.4059
2004,8,7,14,0,30.700000000000003,112,891,870,4.6000000000000005,32.0683,25.2295
2004,8,7,14,30,30.6,110,879,823,4.5,36.0987,28.3869
2004,8,7,15,0,30.5,113,851,760,4.4,31.2148,24.5297
2004,8,7,15,30,29.900000000000002,110,828,688,4.2,27.5650,21.6406
2004,8,7,16,0,29.400000000000002,107,794,607,4,20.4472,16.0307
2004,8,7,16,30,28.5,101,758,519,3.6,7.1987,5.6326
2004,8,7,17,0,27.700000000000003,236,31,250,3.3000000000000003,9.8104,7.6537
2004,8,7,17,30,26.6,146,4,147,2.9000000000000004,4.3429,3.3728
2004,8,7,18,0,25.6,120,4,121,2.6,9.5089,7.3320
2004,8,7,18,30,24.6,68,1,69,2.5,5.4914,4.1933
2004,8,7,19,0,23.700000000000003,45,2,45,2.5,0.0000,0.0000
2004,8,7,19,30,23.1,0,0,0,2.5,0.0000,0.0000
2004,8,7,20,0,22.6,0,0,0,2.6,0.0000,0.0000
2004,8,7,20,30,22.1,0,0,0,2.6,0.0000,0.0000
2004,8,7,21,0,21.6,0,0,0,2.6,0.0000,0.0000
2004,8,7,21,30,21.200000000000003,0,0,0,2.6,0.0000,0.0000
2004,8,7,22,0,20.700000000000003,0,0,0,2.6,0.0000,0.0000
2004,8,7,22,30,20.3,0,0,0,2.6,0.0000,0.0000
2004,8,7,23,0,20,0,0,0,2.6,0.0000,0.0000
2004,8,7,23,30,19.6,0,0,0,2.6,0.0000,0.0000
2004,8,8,0,0,19.3,0,0,0,2.7,0.0000,0.0000
2004,8,8,0,30,19.1,0,0,0,2.7,0.0000,0.0000
2004,8,8,1,0,18.8,0,0,0,2.6,0.0000,0.0000
2004,8,8,1,30,18.6,0,0,0,2.6,0.0000,0.0000
2004,8,8,2,0,18.400000000000002,0,0,0,2.5,0.0000,0.0000
2004,8,8,2,30,18.2,0,0,0,2.3000000000000003,0.0000,0.0000
2004,8,8,3,0,18.1,0,0,0,2,0.0000,0.0000
2004,8,8,3,30,17.900000000000002,0,0,0,1.9000000000000001,0.0000,0.0000
2004,8,8,4,0,17.8,0,0,0,1.8,0.0000,0.0000
2004,8,8,4,30,17.7,0,0,0,1.8,0.0000,0.0000
2004,8,8,5,0,17.7,0,0,0,1.8,0.0000,0.0000
2004,8,8,5,30,18.5,0,0,0,2.1,0.0000,0.0000
2004,8,8,6,0,19.200000000000003,8,0,8,2.5,0.0000,0.0000
2004,8,8,6,30,20.3,13,0,13,2.4000000000000004,5.9107,4.5055
2004,8,8,7,0,21.400000000000002,28,0,28,2.3000000000000003,7.9228,6.0963
2004,8,8,7,30,23.1,58,0,59,2.4000000000000004,12.4750,9.6751
2004,8,8,8,0,24.8,99,2,100,2.6,21.8862,17.0597
2004,8,8,8,30,26.400000000000002,223,28,238,2.5,27.9362,21.8462
2004,8,8,9,0,28,280,292,459,2.4000000000000004,33.8698,26.5434
2004,8,8,9,30,29,195,7,200,2.2,39.2597,30.8131
2004,8,8,10,0,30,319,344,576,2,44.3412,34.8377
2004,8,8,10,30,30.3,321,382,627,2.1,48.5426,38.1668
2004,8,8,11,0,30.6,392,187,549,2.2,52.0094,40.9137
2004,8,8,11,30,30.700000000000003,352,436,732,2.4000000000000004,54.5990,42.9655
2004,8,8,12,0,30.8,492,195,667,2.5,56.2367,44.2631
2004,8,8,12,30,30.8,405,286,662,2.6,56.8521,44.7507
2004,8,8,13,0,30.900000000000002,447,114,549,2.7,56.3804,44.3772
2004,8,8,13,30,30.700000000000003,451,115,552,2.8000000000000003,55.0079,43.2895
2004,8,8,14,0,30.6,153,798,830,2.9000000000000004,52.6194,41.3969
2004,8,8,14,30,30.400000000000002,237,603,724,2.9000000000000004,49.4100,38.8534
2004,8,8,15,0,30.200000000000003,248,536,653,2.9000000000000004,45.1623,35.4888
2004,8,8,15,30,30,114,792,666,2.8000000000000003,40.3238,31.6558
2004,8,8,16,0,29.8,217,456,503,2.7,34.9338,27.3865
2004,8,8,16,30,29.400000000000002,97,741,504,2.4000000000000004,29.1594,22.8140
2004,8,8,17,0,29,84,711,416,2.1,13.6081,10.6150
2004,8,8,17,30,28.1,75,654,321,1.5,7.6790,5.9624
2004,8,8,18,0,27.200000000000003,132,238,200,1,6.0128,4.6348
2004,8,8,18,30,26.1,93,124,117,0.9,3.2928,2.5136
2004,8,8,19,0,25,47,64,53,0.8,0.0000,0.0000
2004,8,8,19,30,24.5,0,0,0,0.8,0.0000,0.0000
2004,8,8,20,0,24.1,0,0,0,0.8,0.0000,0.0000
2004,8,8,20,30,23.5,0,0,0,0.8,0.0000,0.0000
2004,8,8,21,0,22.900000000000002,0,0,0,0.8,0.0000,0.0000
2004,8,8,21,30,22.1,0,0,0,0.9,0.0000,0.0000
2004,8,8,22,0,21.3,0,0,0,1,0.0000,0.0000
2004,8,8,22,30,20.6,0,0,0,1.1,0.0000,0.0000
2004,8,8,23,0,19.900000000000002,0,0,0,1.1,0.0000,0.0000
2004,8,8,23,30,19.3,0,0,0,1.1,0.0000,0.0000
2004,8,9,0,0,18.7,0,0,0,1.1,0.0000,0.0000
2004,8,9,0,30,18.6,0,0,0,1.1,0.0000,0.0000
2004,8,9,1,0,18.400000000000002,0,0,0,1.1,0.0000,0.0000
2004,8,9,1,30,18,0,0,0,1.2000000000000002,0.0000,0.0000
2004,8,9,2,0,17.6,0,0,0,1.2000000000000002,0.0000,0.0000
2004,8,9,2,30,17.2,0,0,0,1.3,0.0000,0.0000
2004,8,9,3,0,16.8,0,0,0,1.5,0.0000,0.0000
2004,8,9,3,30,16.7,0,0,0,1.8,0.0000,0.0000
2004,8,9,4,0,16.6,0,0,0,2.1,0.0000,0.0000
2004,8,9,4,30,16.5,0,0,0,2.5,0.0000,0.0000
2004,8,9,5,0,16.400000000000002,0,0,0,2.8000000000000003,0.0000,0.0000
2004,8,9,5,30,17.1,0,0,0,3.2,0.0000,0.0000
2004,8,9,6,0,17.8,24,287,47,3.6,0.0000,0.0000
2004,8,9,6,30,19,43,477,125,3.9000000000000004,0.6198,0.4724
2004,8,9,7,0,20.3,144,45,156,4.3,1.3759,1.0584
2004,8,9,7,30,21.3,194,71,220,4.9,3.0501,2.3651
2004,8,9,8,0,22.3,236,46,257,5.5,5.3985,4.2075
2004,8,9,8,30,22.900000000000002,77,812,508,5.7,13.2872,10.3899
2004,8,9,9,0,23.6,75,861,600,6,26.2879,20.6005
2004,8,9,9,30,24.1,79,886,683,6,11.6781,9.1653
2004,8,9,10,0,24.700000000000003,80,910,757,6.1000000000000005,34.1296,26.8139
2004,8,9,10,30,25.200000000000003,83,924,820,6.1000000000000005,37.5603,29.5311
2004,8,9,11,0,25.700000000000003,82,938,870,6.1000000000000005,33.1506,26.0776
2004,8,9,11,30,26.1,84,946,907,6.1000000000000005,44.4408,34.9709
2004,8,9,12,0,26.5,93,941,931,6,40.6252,31.9748
2004,8,9,12,30,26.8,93,941,938,6,40.3679,31.7746
2004,8,9,13,0,27.200000000000003,93,939,932,5.9,33.4508,26.3287
2004,8,9,13,30,27.3,92,935,911,5.800000000000001,33.5388,26.3933
2004,8,9,14,0,27.400000000000002,90,930,877,5.800000000000001,50.1790,39.4759
2004,8,9,14,30,27.400000000000002,88,920,829,5.7,43.4460,34.1625
2004,8,9,15,0,27.3,86,904,768,5.5,38.7824,30.4742
2004,8,9,15,30,27.1,83,885,697,5.4,39.0084,30.6216
2004,8,9,16,0,26.8,80,863,617,5.2,28.9249,22.6744
2004,8,9,16,30,26.400000000000002,75,831,528,5,28.2870,22.1294
2004,8,9,17,0,25.900000000000002,70,787,433,4.7,22.6144,17.6382
2004,8,9,17,30,25,63,730,335,4.1000000000000005,16.7391,12.9944
2004,8,9,18,0,24.1,55,651,238,3.4000000000000004,9.9191,7.6433
2004,8,9,18,30,22.3,43,536,144,2.6,5.5805,4.2585
2004,8,9,19,0,20.6,27,355,61,1.9000000000000001,0.0000,0.0000
2004,8,9,19,30,19.8,0,0,0,1.8,0.0000,0.0000
2004,8,9,20,0,19,0,0,0,1.8,0.0000,0.0000
2004,8,9,20,30,18.6,0,0,0,1.9000000000000001,0.0000,0.0000
2004,8,9,21,0,18.1,0,0,0,2,0.0000,0.0000
2004,8,9,21,30,17.7,0,0,0,2.1,0.0000,0.0000
2004,8,9,22,0,17.3,0,0,0,2.2,0.0000,0.0000
2004,8,9,22,30,17,0,0,0,2.3000000000000003,0.0000,0.0000
2004,8,9,23,0,16.6,0,0,0,2.4000000000000004,0.0000,0.0000
2004,8,9,23,30,16.2,0,0,0,2.5,0.0000,0.0000
2004,8,10,0,0,15.8,0,0,0,2.5,0.0000,0.0000
2004,8,10,0,30,15.3,0,0,0,2.5,0.0000,0.0000
2004,8,10,1,0,14.8,0,0,0,2.5,0.0000,0.0000
2004,8,10,1,30,14.4,0,0,0,2.5,0.0000,0.0000
2004,8,10,2,0,14,0,0,0,2.5,0.0000,0.0000
2004,8,10,2,30,13.600000000000001,0,0,0,2.6,0.0000,0.0000
2004,8,10,3,0,13.3,0,0,0,2.6,0.0000,0.0000
2004,8,10,3,30,12.9,0,0,0,2.6,0.0000,0.0000
2004,8,10,4,0,12.600000000000001,0,0,0,2.7,0.0000,0.0000
2004,8,10,4,30,12.3,0,0,0,2.7,0.0000,0.0000
2004,8,10,5,0,12.100000000000001,0,0,0,2.8000000000000003,0.0000,0.0000
2004,8,10,5,30,12.600000000000001,0,0,0,3.2,0.0000,0.0000
2004,8,10,6,0,13.100000000000001,22,362,50,3.7,0.0000,0.0000
2004,8,10,6,30,14,36,554,130,4.4,0.0000,0.0000
2004,8,10,7,0,14.9,47,674,224,5.1000000000000005,7.6554,5.8874
2004,8,10,7,30,16,54,754,322,5.2,11.3575,8.8052
2004,8,10,8,0,17,61,808,420,5.300000000000001,13.8588,10.8001
2004,8,10,8,30,18.1,67,847,515,5,28.3369,22.1562
2004,8,10,9,0,19.1,72,877,605,4.800000000000001,34.3394,26.9085
2004,8,10,9,30,20,239,1,239,4.7,39.8591,31.2811
2004,8,10,10,0,20.8,330,9,336,4.5,44.8339,35.2225
2004,8,10,10,30,21.5,384,371,679,4.6000000000000005,49.1018,38.6044
2004,8,10,11,0,22.1,93,922,866,4.6000000000000005,52.5132,41.3080
2004,8,10,11,30,22.6,235,638,790,4.6000000000000005,55.0454,43.3149
2004,8,10,12,0,23.200000000000003,356,12,366,4.6000000000000005,56.6850,44.6140
2004,8,10,12,30,23.6,400,313,680,4.7,57.1777,45.0050
2004,8,10,13,0,23.900000000000002,341,9,349,4.7,56.7663,44.6790
2004,8,10,13,30,24,155,1,156,4.7,55.3294,43.5403
2004,8,10,14,0,24,197,1,198,4.7,52.9970,41.6917
2004,8,10,14,30,23.3,118,0,118,4.800000000000001,49.7222,39.0964
2004,8,10,15,0,22.6,304,23,321,4.800000000000001,45.5856,35.8186
2004,8,10,15,30,21.5,161,2,162,4,40.7966,32.0238
2004,8,10,16,0,20.5,221,15,231,3.3000000000000003,35.4500,27.7875
2004,8,10,16,30,20.3,223,63,258,2.8000000000000003,29.6026,23.1564
2004,8,10,17,0,20.200000000000003,157,513,392,2.4000000000000004,23.5046,18.3298
2004,8,10,17,30,19.8,71,686,325,1.9000000000000001,17.4385,13.5343
2004,8,10,18,0,19.400000000000002,57,622,230,1.4000000000000001,11.7808,9.0747
2004,8,10,18,30,18,44,504,137,1.1,6.8655,5.2374
2004,8,10,19,0,16.6,27,328,57,0.8,0.0000,0.0000
2004,8,10,19,30,16.1,0,0,0,0.9,0.0000,0.0000
2004,8,10,20,0,15.5,0,0,0,1,0.0000,0.0000
2004,8,10,20,30,15.200000000000001,0,0,0,1,0.0000,0.0000
2004,8,10,21,0,15,0,0,0,1,0.0000,0.0000
2004,8,10,21,30,15,0,0,0,1.1,0.0000,0.0000
2004,8,10,22,0,15,0,0,0,1.2000000000000002,0.0000,0.0000
2004,8,10,22,30,14.700000000000001,0,0,0,1.3,0.0000,0.0000
2004,8,10,23,0,14.5,0,0,0,1.5,0.0000,0.0000
2004,8,10,23,30,14,0,0,0,1.6,0.0000,0.0000
2004,8,11,0,0,13.600000000000001,0,0,0,1.7000000000000002,0.0000,0.0000
2004,8,11,0,30,13.3,0,0,0,1.8,0.0000,0.0000
2004,8,11,1,0,12.9,0,0,0,2,0.0000,0.0000
2004,8,11,1,30,12.600000000000001,0,0,0,2.1,0.0000,0.0000
2004,8,11,2,0,12.200000000000001,0,0,0,2.2,0.0000,0.0000
2004,8,11,2,30,11.9,0,0,0,2.2,0.0000,0.0000
2004,8,11,3,0,11.5,0,0,0,2.1,0.0000,0.0000
2004,8,11,3,30,11.100000000000001,0,0,0,2.1,0.0000,0.0000
2004,8,11,4,0,10.700000000000001,0,0,0,2,0.0000,0.0000
2004,8,11,4,30,10.5,0,0,0,2.1,0.0000,0.0000
2004,8,11,5,0,10.3,0,0,0,2.2,0.0000,0.0000
2004,8,11,5,30,10.8,0,0,0,2.7,0.0000,0.0000
2004,8,11,6,0,11.3,23,330,47,3.1,0.0000,0.0000
2004,8,11,6,30,12.200000000000001,39,528,127,3.4000000000000004,0.0000,0.0000
2004,8,11,7,0,13.100000000000001,49,663,222,3.7,10.9768,8.4393
2004,8,11,7,30,14.200000000000001,119,1,119,4,16.6001,12.8673
2004,8,11,8,0,15.200000000000001,245,76,279,4.4,22.6251,17.6298
2004,8,11,8,30,16.1,233,13,240,4.4,28.7029,22.4406
2004,8,11,9,0,16.900000000000002,309,56,342,4.5,34.6027,27.1135
2004,8,11,9,30,17.400000000000002,343,314,556,4.5,13.9401,10.9396
2004,8,11,10,0,17.900000000000002,408,124,500,4.4,19.8902,15.6256
2004,8,11,10,30,18.400000000000002,445,179,587,4.5,40.6418,31.9522
2004,8,11,11,0,19,382,8,389,4.6000000000000005,52.2512,41.1009
2004,8,11,11,30,19.400000000000002,323,1,324,4.6000000000000005,47.9273,37.7128
2004,8,11,12,0,19.700000000000003,455,76,522,4.7,22.2762,17.5321
2004,8,11,12,30,20.1,466,140,591,4.7,41.4358,32.6137
2004,8,11,13,0,20.5,266,609,807,4.800000000000001,21.2487,16.7238
2004,8,11,13,30,20.700000000000003,386,5,391,4.800000000000001,9.4707,7.4526
2004,8,11,14,0,20.900000000000002,427,351,722,4.7,11.9598,9.4082
2004,8,11,14,30,20.8,407,339,679,4.6000000000000005,7.0739,5.5620
2004,8,11,15,0,20.8,405,111,488,4.6000000000000005,19.0421,14.9616
2004,8,11,15,30,20.6,385,184,512,4.4,9.4754,7.4374
2004,8,11,16,0,20.400000000000002,296,355,515,4.3,13.2607,10.3937
2004,8,11,16,30,20,75,840,528,4.1000000000000005,14.4487,11.3013
2004,8,11,17,0,19.6,71,793,432,3.9000000000000004,21.2494,16.5687
2004,8,11,17,30,18.900000000000002,63,735,333,3.1,16.8880,13.1041
2004,8,11,18,0,18.1,55,652,234,2.4000000000000004,11.3628,8.7497
2004,8,11,18,30,16.6,43,530,138,1.6,6.5302,4.9802
2004,8,11,19,0,15,26,351,57,0.9,0.0000,0.0000
2004,8,11,19,30,15,0,0,0,0.8,0.0000,0.0000
2004,8,11,20,0,15,0,0,0,0.6000000000000001,0.0000,0.0000
2004,8,11,20,30,14.8,0,0,0,0.5,0.0000,0.0000
2004,8,11,21,0,14.700000000000001,0,0,0,0.4,0.0000,0.0000
2004,8,11,21,30,13.9,0,0,0,0.6000000000000001,0.0000,0.0000
2004,8,11,22,0,13,0,0,0,0.9,0.0000,0.0000
2004,8,11,22,30,12.4,0,0,0,1,0.0000,0.0000
2004,8,11,23,0,11.8,0,0,0,1.1,0.0000,0.0000
2004,8,11,23,30,11.8,0,0,0,1.3,0.0000,0.0000
2004,8,12,0,0,11.700000000000001,0,0,0,1.5,0.0000,0.0000
2004,8,12,0,30,11.9,0,0,0,1.6,0.0000,0.0000
2004,8,12,1,0,12.100000000000001,0,0,0,1.8,0.0000,0.0000
2004,8,12,1,30,12.100000000000001,0,0,0,1.7000000000000002,0.0000,0.0000
2004,8,12,2,0,12,0,0,0,1.7000000000000002,0.0000,0.0000
2004,8,12,2,30,11.8,0,0,0,1.8,0.0000,0.0000
2004,8,12,3,0,11.600000000000001,0,0,0,1.9000000000000001,0.0000,0.0000
2004,8,12,3,30,11.4,0,0,0,1.7000000000000002,0.0000,0.0000
2004,8,12,4,0,11.100000000000001,0,0,0,1.4000000000000001,0.0000,0.0000
2004,8,12,4,30,10.9,0,0,0,1,0.0000,0.0000
2004,8,12,5,0,10.600000000000001,0,0,0,0.7000000000000001,0.0000,0.0000
2004,8,12,5,30,11.200000000000001,0,0,0,0.8,0.0000,0.0000
2004,8,12,6,0,11.700000000000001,13,0,13,1,0.0000,0.0000
2004,8,12,6,30,12.600000000000001,31,0,31,0.9,0.0000,0.0000
2004,8,12,7,0,13.600000000000001,138,40,148,0.9,10.8634,8.3497
2004,8,12,7,30,15,16,0,16,0.9,6.1267,4.7482
2004,8,12,8,0,16.400000000000002,139,1,139,0.9,15.0128,11.6967
2004,8,12,8,30,17.5,263,281,410,1.2000000000000002,13.3646,10.4480
2004,8,12,9,0,18.6,328,210,454,1.5,19.5468,15.3153
2004,8,12,9,30,19.5,100,846,671,1.7000000000000002,32.4108,25.4336
2004,8,12,10,0,20.3,407,220,569,1.9000000000000001,29.5839,23.2402
2004,8,12,10,30,20.700000000000003,328,3,330,2,35.1197,27.6099
2004,8,12,11,0,21.1,364,5,369,2,23.4615,18.4544
2004,8,12,11,30,21.400000000000002,455,315,727,2.1,19.6487,15.4607
2004,8,12,12,0,21.700000000000003,491,159,632,2.2,31.7592,24.9950
2004,8,12,12,30,21.700000000000003,491,270,732,2.3000000000000003,35.9990,28.3338
2004,8,12,13,0,21.700000000000003,463,127,575,2.4000000000000004,49.1146,38.6548
2004,8,12,13,30,21.8,206,0,206,2.5,23.7276,18.6710
2004,8,12,14,0,21.900000000000002,438,80,505,2.6,43.5910,34.2902
2004,8,12,14,30,21.900000000000002,300,1,301,2.7,40.6837,31.9873
2004,8,12,15,0,21.8,365,36,392,2.8000000000000003,28.9314,22.7308
2004,8,12,15,30,21.5,295,6,299,2.9000000000000004,29.9244,23.4870
2004,8,12,16,0,21.3,344,91,400,2.9000000000000004,29.5368,23.1492
2004,8,12,16,30,20.8,227,8,232,2.9000000000000004,29.5360,23.0997
2004,8,12,17,0,20.400000000000002,206,18,214,2.9000000000000004,23.3832,18.2297
2004,8,12,17,30,19.700000000000003,101,0,101,2.6,17.2713,13.3983
2004,8,12,18,0,19.1,146,73,166,2.2,11.5372,8.8806
2004,8,12,18,30,17.8,90,20,93,1.7000000000000002,6.5775,5.0147
2004,8,12,19,0,16.6,33,0,33,1.2000000000000002,0.0000,0.0000
2004,8,12,19,30,16,0,0,0,1.2000000000000002,0.0000,0.0000
2004,8,12,20,0,15.5,0,0,0,1.2000000000000002,0.0000,0.0000
2004,8,12,20,30,15.100000000000001,0,0,0,1.2000000000000002,0.0000,0.0000
2004,8,12,21,0,14.600000000000001,0,0,0,1.2000000000000002,0.0000,0.0000
2004,8,12,21,30,14.200000000000001,0,0,0,1.2000000000000002,0.0000,0.0000
2004,8,12,22,0,13.8,0,0,0,1.2000000000000002,0.0000,0.0000
2004,8,12,22,30,13.4,0,0,0,1.2000000000000002,0.0000,0.0000
2004,8,12,23,0,13,0,0,0,1.1,0.0000,0.0000
2004,8,12,23,30,12.600000000000001,0,0,0,1.1,0.0000,0.0000
2004,8,13,0,0,12.100000000000001,0,0,0,1.1,0.0000,0.0000
2004,8,13,0,30,11.700000000000001,0,0,0,1,0.0000,0.0000
2004,8,13,1,0,11.3,0,0,0,1,0.0000,0.0000
2004,8,13,1,30,11,0,0,0,1,0.0000,0.0000
2004,8,13,2,0,10.600000000000001,0,0,0,0.9,0.0000,0.0000
2004,8,13,2,30,10.3,0,0,0,0.9,0.0000,0.0000
2004,8,13,3,0,10,0,0,0,0.9,0.0000,0.0000
2004,8,13,3,30,9.700000000000001,0,0,0,1,0.0000,0.0000
2004,8,13,4,0,9.5,0,0,0,1,0.0000,0.0000
2004,8,13,4,30,9.3,0,0,0,1,0.0000,0.0000
2004,8,13,5,0,9.200000000000001,0,0,0,1.1,0.0000,0.0000
2004,8,13,5,30,10.3,0,0,0,1.6,0.0000,0.0000
2004,8,13,6,0,11.4,14,0,14,2.1,0.0000,0.0000
2004,8,13,6,30,12.700000000000001,46,0,46,2.2,0.0000,0.0000
2004,8,13,7,0,14,115,5,116,2.3000000000000003,7.2322,5.5571
2004,8,13,7,30,15.9,172,17,177,2.6,0.8226,0.6374
2004,8,13,8,0,17.8,220,26,231,2.8000000000000003,7.4711,5.8202
2004,8,13,8,30,18.6,279,50,305,2.9000000000000004,22.8102,17.8307
2004,8,13,9,0,19.5,309,289,482,3,25.9296,20.3152
2004,8,13,9,30,20,92,876,681,3,39.0914,30.6747
2004,8,13,10,0,20.6,98,894,755,3,33.6498,26.4334
2004,8,13,10,30,21.1,101,910,819,3,19.7349,15.5144
2004,8,13,11,0,21.6,106,918,869,2.9000000000000004,22.2463,17.4981
2004,8,13,11,30,21.900000000000002,476,269,707,2.9000000000000004,44.0712,34.6768
2004,8,13,12,0,22.3,484,280,731,2.9000000000000004,38.4369,30.2497
2004,8,13,12,30,22.5,430,421,804,2.8000000000000003,44.5704,35.0793
2004,8,13,13,0,22.8,446,378,781,2.8000000000000003,34.9811,27.5305
2004,8,13,13,30,22.900000000000002,153,0,153,2.7,12.4957,9.8324
2004,8,13,14,0,22.900000000000002,217,0,217,2.7,30.4745,23.9715
2004,8,13,14,30,22.8,403,55,447,2.6,18.0251,14.1716
2004,8,13,15,0,22.700000000000003,317,4,320,2.6,23.2253,18.2469
2004,8,13,15,30,22.3,250,1,251,2.5,17.4621,13.7049
2004,8,13,16,0,22,342,85,394,2.5,22.9200,17.9620
2004,8,13,16,30,21.5,303,134,375,2.3000000000000003,12.9624,10.1366
2004,8,13,17,0,20.900000000000002,245,46,265,2.2,11.5653,9.0149
2004,8,13,17,30,20,196,137,245,1.7000000000000002,5.2286,4.0551
2004,8,13,18,0,19.200000000000003,107,3,108,1.1,8.1674,6.2843
2004,8,13,18,30,17.8,57,0,57,1,4.4333,3.3791
2004,8,13,19,0,16.5,22,0,22,0.9,0.0000,0.0000
2004,8,13,19,30,16.2,0,0,0,0.9,0.0000,0.0000
2004,8,13,20,0,15.9,0,0,0,0.9,0.0000,0.0000
2004,8,13,20,30,15.700000000000001,0,0,0,0.9,0.0000,0.0000
2004,8,13,21,0,15.4,0,0,0,0.9,0.0000,0.0000
2004,8,13,21,30,15.100000000000001,0,0,0,0.9,0.0000,0.0000
2004,8,13,22,0,14.8,0,0,0,0.9,0.0000,0.0000
2004,8,13,22,30,14.4,0,0,0,0.9,0.0000,0.0000
2004,8,13,23,0,14,0,0,0,0.9,0.0000,0.0000
2004,8,13,23,30,13.600000000000001,0,0,0,0.9,0.0000,0.0000
2004,8,14,0,0,13.200000000000001,0,0,0,1,0.0000,0.0000
2004,8,14,0,30,12.8,0,0,0,1,0.0000,0.0000
2004,8,14,1,0,12.4,0,0,0,1,0.0000,0.0000
2004,8,14,1,30,12,0,0,0,1,0.0000,0.0000
2004,8,14,2,0,11.5,0,0,0,1.1,0.0000,0.0000
2004,8,14,2,30,11.100000000000001,0,0,0,1,0.0000,0.0000
2004,8,14,3,0,10.8,0,0,0,1,0.0000,0.0000
2004,8,14,3,30,10.5,0,0,0,1,0.0000,0.0000
2004,8,14,4,0,10.200000000000001,0,0,0,1,0.0000,0.0000
2004,8,14,4,30,9.9,0,0,0,1,0.0000,0.0000
2004,8,14,5,0,9.700000000000001,0,0,0,1,0.0000,0.0000
2004,8,14,5,30,10.8,0,0,0,1.2000000000000002,0.0000,0.0000
2004,8,14,6,0,12,21,277,39,1.3,0.0000,0.0000
2004,8,14,6,30,13.3,40,483,116,1.5,0.0000,0.0000
2004,8,14,7,0,14.600000000000001,53,617,209,1.7000000000000002,5.6601,4.3479
2004,8,14,7,30,16.7,64,707,307,1.3,9.0872,7.0398
2004,8,14,8,0,18.8,72,772,407,1,12.4019,9.6602
2004,8,14,8,30,19.900000000000002,78,819,504,1,16.9538,13.2517
2004,8,14,9,0,20.900000000000002,85,853,595,0.9,27.5091,21.5514
2004,8,14,9,30,21.6,90,880,679,1,39.6504,31.1119
2004,8,14,10,0,22.3,94,896,751,1,44.6261,35.0544
2004,8,14,10,30,22.900000000000002,394,360,677,1,48.9554,38.4847
2004,8,14,11,0,23.400000000000002,101,922,865,1.1,52.3681,41.1896
2004,8,14,11,30,23.900000000000002,102,930,902,1.1,42.8419,33.7088
2004,8,14,12,0,24.3,108,926,922,1.1,44.4404,34.9736
2004,8,14,12,30,24.5,108,928,930,1.1,48.9353,38.5138
2004,8,14,13,0,24.8,109,925,923,1.1,47.4936,37.3771
2004,8,14,13,30,24.900000000000002,108,920,902,1.1,9.2766,7.2993
2004,8,14,14,0,24.900000000000002,108,907,863,1.2000000000000002,13.0887,10.2954
2004,8,14,14,30,24.900000000000002,405,98,483,1.2000000000000002,26.7531,21.0329
2004,8,14,15,0,24.8,105,875,752,1.3,18.9469,14.8848
2004,8,14,15,30,24.5,101,854,680,1.3,14.6476,11.4953
2004,8,14,16,0,24.200000000000003,95,828,598,1.3,22.5541,17.6739
2004,8,14,16,30,23.8,89,792,507,1.4000000000000001,20.9269,16.3630
2004,8,14,17,0,23.400000000000002,225,242,333,1.5,14.2991,11.1440
2004,8,14,17,30,22.3,141,6,143,1.2000000000000002,12.6580,9.8145
2004,8,14,18,0,21.3,136,23,142,1,5.3027,4.0785
2004,8,14,18,30,19.5,76,4,76,1,0.0000,0.0000
2004,8,14,19,0,17.7,29,1,29,1.1,0.0000,0.0000
2004,8,14,19,30,17.1,0,0,0,1.2000000000000002,0.0000,0.0000
2004,8,14,20,0,16.400000000000002,0,0,0,1.4000000000000001,0.0000,0.0000
2004,8,14,20,30,16,0,0,0,1.5,0.0000,0.0000
2004,8,14,21,0,15.600000000000001,0,0,0,1.7000000000000002,0.0000,0.0000
2004,8,14,21,30,15.3,0,0,0,1.7000000000000002,0.0000,0.0000
2004,8,14,22,0,14.9,0,0,0,1.8,0.0000,0.0000
2004,8,14,22,30,14.600000000000001,0,0,0,1.8,0.0000,0.0000
2004,8,14,23,0,14.200000000000001,0,0,0,1.8,0.0000,0.0000
2004,8,14,23,30,13.9,0,0,0,1.8,0.0000,0.0000
2004,8,15,0,0,13.600000000000001,0,0,0,1.8,0.0000,0.0000
2004,8,15,0,30,13.3,0,0,0,1.7000000000000002,0.0000,0.0000
2004,8,15,1,0,12.9,0,0,0,1.7000000000000002,0.0000,0.0000
2004,8,15,1,30,12.9,0,0,0,1.7000000000000002,0.0000,0.0000
2004,8,15,2,0,12.8,0,0,0,1.7000000000000002,0.0000,0.0000
2004,8,15,2,30,12.8,0,0,0,1.8,0.0000,0.0000
2004,8,15,3,0,12.8,0,0,0,1.8,0.0000,0.0000
2004,8,15,3,30,12.8,0,0,0,1.9000000000000001,0.0000,0.0000
2004,8,15,4,0,12.9,0,0,0,2,0.0000,0.0000
2004,8,15,4,30,13,0,0,0,2,0.0000,0.0000
2004,8,15,5,0,13.100000000000001,0,0,0,2.1,0.0000,0.0000
2004,8,15,5,30,13.5,0,0,0,2.4000000000000004,0.0000,0.0000
2004,8,15,6,0,14,12,0,12,2.6,0.0000,0.0000
2004,8,15,6,30,14.5,41,0,41,2.7,0.0000,0.0000
2004,8,15,7,0,15.100000000000001,9,0,9,2.8000000000000003,10.1841,7.8207
2004,8,15,7,30,16,45,0,45,2.9000000000000004,15.7376,12.1893
2004,8,15,8,0,17,226,33,240,3,21.8245,16.9975
2004,8,15,8,30,18.6,113,696,473,3.6,27.9892,21.8755
2004,8,15,9,0,20.200000000000003,310,279,476,4.2,33.9337,26.5831
2004,8,15,9,30,21.3,134,759,641,4.5,39.5103,31.0006
2004,8,15,10,0,22.400000000000002,402,234,573,4.800000000000001,44.3673,34.8499
2004,8,15,10,30,23.1,438,222,611,4.9,40.4491,31.7968
2004,8,15,11,0,23.900000000000002,141,832,828,5,52.1047,40.9812
2004,8,15,11,30,24.5,460,294,712,5.1000000000000005,54.6357,42.9872
2004,8,15,12,0,25.1,181,794,877,5.1000000000000005,56.0296,44.0930
2004,8,15,12,30,25.6,182,796,885,5.2,56.5811,44.5301
2004,8,15,13,0,26.1,168,815,883,5.2,56.1043,44.1524
2004,8,15,13,30,26.6,340,456,732,5.2,54.6641,43.0110
2004,8,15,14,0,27,148,826,834,5.2,52.0267,40.9221
2004,8,15,14,30,27.3,144,812,784,5.1000000000000005,28.8908,22.7126
2004,8,15,15,0,27.5,377,327,618,5.1000000000000005,44.4954,34.9543
2004,8,15,15,30,27.400000000000002,127,784,656,5,39.6508,31.1156
2004,8,15,16,0,27.400000000000002,110,774,577,5,34.1981,26.7962
2004,8,15,16,30,26.900000000000002,287,187,385,4.800000000000001,28.2570,22.0921
2004,8,15,17,0,26.5,90,697,397,4.6000000000000005,17.9397,13.9790
2004,8,15,17,30,25.3,79,629,300,4,7.3727,5.7149
2004,8,15,18,0,24.200000000000003,127,226,185,3.4000000000000004,6.9579,5.3493
2004,8,15,18,30,22.700000000000003,87,108,104,3.1,0.0000,0.0000
2004,8,15,19,0,21.200000000000003,30,3,30,2.9000000000000004,0.0000,0.0000
2004,8,15,19,30,20.700000000000003,0,0,0,3.3000000000000003,0.0000,0.0000
2004,8,15,20,0,20.200000000000003,0,0,0,3.6,0.0000,0.0000
2004,8,15,20,30,19.700000000000003,0,0,0,3.7,0.0000,0.0000
2004,8,15,21,0,19.200000000000003,0,0,0,3.7,0.0000,0.0000
2004,8,15,21,30,18.8,0,0,0,3.7,0.0000,0.0000
2004,8,15,22,0,18.5,0,0,0,3.6,0.0000,0.0000
2004,8,15,22,30,18.1,0,0,0,3.5,0.0000,0.0000
2004,8,15,23,0,17.8,0,0,0,3.4000000000000004,0.0000,0.0000
2004,8,15,23,30,17.400000000000002,0,0,0,3.4000000000000004,0.0000,0.0000
2004,8,16,0,0,17.1,0,0,0,3.3000000000000003,0.0000,0.0000
2004,8,16,0,30,16.900000000000002,0,0,0,3.4000000000000004,0.0000,0.0000
2004,8,16,1,0,16.7,0,0,0,3.5,0.0000,0.0000
2004,8,16,1,30,16.5,0,0,0,3.6,0.0000,0.0000
2004,8,16,2,0,16.400000000000002,0,0,0,3.7,0.0000,0.0000
2004,8,16,2,30,16.3,0,0,0,3.7,0.0000,0.0000
2004,8,16,3,0,16.1,0,0,0,3.6,0.0000,0.0000
2004,8,16,3,30,16,0,0,0,3.6,0.0000,0.0000
2004,8,16,4,0,15.9,0,0,0,3.5,0.0000,0.0000
2004,8,16,4,30,15.9,0,0,0,3.5,0.0000,0.0000
2004,8,16,5,0,15.9,0,0,0,3.5,0.0000,0.0000
2004,8,16,5,30,16.2,0,0,0,3.6,0.0000,0.0000
2004,8,16,6,0,16.5,21,66,25,3.7,0.0000,0.0000
2004,8,16,6,30,17.5,59,207,91,4.1000000000000005,0.0000,0.0000
2004,8,16,7,0,18.400000000000002,91,334,173,4.4,0.4380,0.3362
2004,8,16,7,30,19.8,117,435,264,4.6000000000000005,2.3035,1.7838
2004,8,16,8,0,21.1,130,539,361,4.7,12.8547,10.0103
2004,8,16,8,30,22.6,145,601,454,4.6000000000000005,26.2444,20.5101
2004,8,16,9,0,24.1,143,683,548,4.4,27.1261,21.2487
2004,8,16,9,30,25.400000000000002,152,720,630,4.2,37.2766,29.2466
2004,8,16,10,0,26.700000000000003,146,773,709,4,33.8334,26.5746
2004,8,16,10,30,27.700000000000003,151,793,771,3.8000000000000003,36.4883,28.6823
2004,8,16,11,0,28.700000000000003,146,823,824,3.6,49.8543,39.2102
2004,8,16,11,30,29.5,148,833,861,3.5,43.1090,33.9171
2004,8,16,12,0,30.3,143,849,885,3.3000000000000003,53.2734,41.9229
2004,8,16,12,30,30.8,143,851,893,3.2,53.8209,42.3567
2004,8,16,13,0,31.400000000000002,144,848,886,3.1,53.6499,42.2197
2004,8,16,13,30,31.700000000000003,142,843,865,3,44.3406,34.8871
2004,8,16,14,0,32,141,830,827,2.9000000000000004,50.2517,39.5246
2004,8,16,14,30,32,137,816,779,2.8000000000000003,46.8673,36.8434
2004,8,16,15,0,32.1,135,793,717,2.7,36.5409,28.7041
2004,8,16,15,30,31.8,131,768,646,2.6,38.2188,29.9900
2004,8,16,16,0,31.6,130,721,563,2.5,32.9629,25.8261
2004,8,16,16,30,31,120,678,474,2.2,21.4298,16.7524
2004,8,16,17,0,30.400000000000002,114,606,379,1.9000000000000001,21.3518,16.6347
2004,8,16,17,30,29,99,532,284,1.4000000000000001,15.4347,11.9607
2004,8,16,18,0,27.5,137,101,163,0.9,9.0457,6.9515
2004,8,16,18,30,26,83,30,88,0.9,0.0000,0.0000
2004,8,16,19,0,24.5,31,3,31,0.9,0.0000,0.0000
2004,8,16,19,30,23.900000000000002,0,0,0,1,0.0000,0.0000
2004,8,16,20,0,23.200000000000003,0,0,0,1,0.0000,0.0000
2004,8,16,20,30,22.6,0,0,0,1.1,0.0000,0.0000
2004,8,16,21,0,21.900000000000002,0,0,0,1.2000000000000002,0.0000,0.0000
2004,8,16,21,30,21.3,0,0,0,1.2000000000000002,0.0000,0.0000
2004,8,16,22,0,20.700000000000003,0,0,0,1.3,0.0000,0.0000
2004,8,16,22,30,20.200000000000003,0,0,0,1.3,0.0000,0.0000
2004,8,16,23,0,19.700000000000003,0,0,0,1.4000000000000001,0.0000,0.0000
2004,8,16,23,30,19.3,0,0,0,1.5,0.0000,0.0000
2004,8,17,0,0,18.900000000000002,0,0,0,1.5,0.0000,0.0000
2004,8,17,0,30,18.5,0,0,0,1.6,0.0000,0.0000
2004,8,17,1,0,18.1,0,0,0,1.7000000000000002,0.0000,0.0000
2004,8,17,1,30,17.7,0,0,0,1.8,0.0000,0.0000
2004,8,17,2,0,17.400000000000002,0,0,0,1.9000000000000001,0.0000,0.0000
2004,8,17,2,30,17.2,0,0,0,2.1,0.0000,0.0000
2004,8,17,3,0,16.900000000000002,0,0,0,2.3000000000000003,0.0000,0.0000
2004,8,17,3,30,16.8,0,0,0,2.3000000000000003,0.0000,0.0000
2004,8,17,4,0,16.6,0,0,0,2.3000000000000003,0.0000,0.0000
2004,8,17,4,30,16.400000000000002,0,0,0,2.2,0.0000,0.0000
2004,8,17,5,0,16.2,0,0,0,2.1,0.0000,0.0000
2004,8,17,5,30,16.8,0,0,0,2.4000000000000004,0.0000,0.0000
2004,8,17,6,0,17.400000000000002,21,145,29,2.8000000000000003,0.0000,0.0000
2004,8,17,6,30,18.5,62,1,62,2.9000000000000004,0.0000,0.0000
2004,8,17,7,0,19.700000000000003,73,1,73,3,8.4068,6.4519
2004,8,17,7,30,21,155,66,177,3.1,13.4946,10.4478
2004,8,17,8,0,22.3,194,58,218,3.2,19.3118,15.0366
2004,8,17,8,30,23.400000000000002,204,361,389,3.2,25.1663,19.6658
2004,8,17,9,0,24.5,216,437,475,3.2,31.2063,24.4434
2004,8,17,9,30,25.400000000000002,332,314,540,3.2,36.6133,28.7248
2004,8,17,10,0,26.200000000000003,304,357,563,3.1,41.8399,32.8621
2004,8,17,10,30,26.8,132,817,768,3,46.0211,36.1746
2004,8,17,11,0,27.5,329,401,658,2.9000000000000004,49.5908,39.0018
2004,8,17,11,30,28,339,417,694,2.7,52.1083,40.9965
2004,8,17,12,0,28.5,256,570,753,2.5,53.7365,42.2862
2004,8,17,12,30,28.900000000000002,146,834,878,2.3000000000000003,54.2838,42.7199
2004,8,17,13,0,29.200000000000003,275,583,784,2.1,53.8080,42.3429
2004,8,17,13,30,29.400000000000002,147,820,847,1.9000000000000001,52.3718,41.2048
2004,8,17,14,0,29.6,148,806,812,1.7000000000000002,49.8031,39.1704
2004,8,17,14,30,29.6,144,791,763,1.6,46.5403,36.5849
2004,8,17,15,0,29.6,140,769,702,1.4000000000000001,42.3643,33.2769
2004,8,17,15,30,29.400000000000002,134,744,631,1.4000000000000001,37.6039,29.5055
2004,8,17,16,0,29.200000000000003,125,715,551,1.3,32.1292,25.1708
2004,8,17,16,30,28.8,116,674,465,1.2000000000000002,26.3478,20.5944
2004,8,17,17,0,28.3,104,621,373,1.1,20.3491,15.8507
2004,8,17,17,30,27.200000000000003,90,548,278,0.9,14.5806,11.2956
2004,8,17,18,0,26.1,99,2,99,0.7000000000000001,7.9528,6.1089
2004,8,17,18,30,24.5,50,0,50,0.8,0.0000,0.0000
2004,8,17,19,0,22.900000000000002,22,0,22,0.9,0.0000,0.0000
2004,8,17,19,30,22.3,0,0,0,0.9,0.0000,0.0000
2004,8,17,20,0,21.8,0,0,0,1,0.0000,0.0000
2004,8,17,20,30,21.5,0,0,0,1.1,0.0000,0.0000
2004,8,17,21,0,21.200000000000003,0,0,0,1.2000000000000002,0.0000,0.0000
2004,8,17,21,30,20.8,0,0,0,1.2000000000000002,0.0000,0.0000
2004,8,17,22,0,20.5,0,0,0,1.2000000000000002,0.0000,0.0000
2004,8,17,22,30,20.1,0,0,0,1.1,0.0000,0.0000
2004,8,17,23,0,19.8,0,0,0,1,0.0000,0.0000
2004,8,17,23,30,19.400000000000002,0,0,0,0.9,0.0000,0.0000
2004,8,18,0,0,19,0,0,0,0.8,0.0000,0.0000
2004,8,18,0,30,18.7,0,0,0,0.9,0.0000,0.0000
2004,8,18,1,0,18.400000000000002,0,0,0,0.9,0.0000,0.0000
2004,8,18,1,30,18.2,0,0,0,1.5,0.0000,0.0000
2004,8,18,2,0,18,0,0,0,2.1,0.0000,0.0000
2004,8,18,2,30,18,0,0,0,2.6,0.0000,0.0000
2004,8,18,3,0,17.900000000000002,0,0,0,3.1,0.0000,0.0000
2004,8,18,3,30,17.8,0,0,0,3.2,0.0000,0.0000
2004,8,18,4,0,17.7,0,0,0,3.3000000000000003,0.0000,0.0000
2004,8,18,4,30,17.6,0,0,0,3.2,0.0000,0.0000
2004,8,18,5,0,17.6,0,0,0,3.1,0.0000,0.0000
2004,8,18,5,30,17.8,0,0,0,3,0.0000,0.0000
2004,8,18,6,0,18,19,75,23,3,0.0000,0.0000
2004,8,18,6,30,18.5,52,0,52,3.1,0.0000,0.0000
2004,8,18,7,0,18.900000000000002,118,11,121,3.2,3.5425,2.7179
2004,8,18,7,30,19.6,26,0,26,3.3000000000000003,9.0336,6.9926
2004,8,18,8,0,20.200000000000003,191,13,197,3.4000000000000004,11.6484,9.0685
2004,8,18,8,30,21,85,0,85,3.3000000000000003,21.5426,16.8326
2004,8,18,9,0,21.8,275,32,294,3.2,27.0280,21.1693
2004,8,18,9,30,22.400000000000002,296,16,306,2.7,31.3625,24.6041
2004,8,18,10,0,23,198,0,198,2.2,33.2060,26.0798
2004,8,18,10,30,23.6,133,0,133,1.8,45.8187,36.0143
2004,8,18,11,0,24.1,156,1,157,1.5,39.5822,31.1293
2004,8,18,11,30,24.6,386,60,438,1.8,41.9827,33.0291
2004,8,18,12,0,25.1,485,135,603,2.1,45.7012,35.9621
2004,8,18,12,30,25.6,365,39,400,2.7,53.3483,41.9825
2004,8,18,13,0,26,387,306,653,3.3000000000000003,47.5909,37.4495
2004,8,18,13,30,26.200000000000003,330,24,350,3.8000000000000003,51.2562,40.3258
2004,8,18,14,0,26.400000000000002,337,28,359,4.3,48.8731,38.4376
2004,8,18,14,30,26.400000000000002,359,16,372,4.7,45.5556,35.8094
2004,8,18,15,0,26.400000000000002,272,1,273,5,41.4470,32.5546
2004,8,18,15,30,26.1,206,8,211,5.2,36.6988,28.7935
2004,8,18,16,0,25.700000000000003,280,75,324,5.5,31.4096,24.6047
2004,8,18,16,30,24.900000000000002,242,111,300,5.4,25.8120,20.1730
2004,8,18,17,0,24.1,204,245,309,5.4,19.9913,15.5689
2004,8,18,17,30,23.1,186,41,200,5,14.2408,11.0289
2004,8,18,18,0,22,114,255,177,4.7,4.8204,3.7011
2004,8,18,18,30,21,78,135,98,4.1000000000000005,0.0000,0.0000
2004,8,18,19,0,19.900000000000002,21,1,21,3.6,0.0000,0.0000
2004,8,18,19,30,19.200000000000003,0,0,0,3.4000000000000004,0.0000,0.0000
2004,8,18,20,0,18.400000000000002,0,0,0,3.3000000000000003,0.0000,0.0000
2004,8,18,20,30,17.900000000000002,0,0,0,3.2,0.0000,0.0000
2004,8,18,21,0,17.3,0,0,0,3.2,0.0000,0.0000
2004,8,18,21,30,16.7,0,0,0,3.2,0.0000,0.0000
2004,8,18,22,0,16.2,0,0,0,3.1,0.0000,0.0000
2004,8,18,22,30,15.600000000000001,0,0,0,2.9000000000000004,0.0000,0.0000
2004,8,18,23,0,15,0,0,0,2.7,0.0000,0.0000
2004,8,18,23,30,14.100000000000001,0,0,0,2.4000000000000004,0.0000,0.0000
2004,8,19,0,0,13.200000000000001,0,0,0,2.1,0.0000,0.0000
2004,8,19,0,30,12.600000000000001,0,0,0,2.2,0.0000,0.0000
2004,8,19,1,0,11.9,0,0,0,2.2,0.0000,0.0000
2004,8,19,1,30,11.5,0,0,0,2.3000000000000003,0.0000,0.0000
2004,8,19,2,0,11,0,0,0,2.3000000000000003,0.0000,0.0000
2004,8,19,2,30,10.4,0,0,0,1.7000000000000002,0.0000,0.0000
2004,8,19,3,0,9.700000000000001,0,0,0,1.1,0.0000,0.0000
2004,8,19,3,30,9.8,0,0,0,0.8,0.0000,0.0000
2004,8,19,4,0,9.9,0,0,0,0.6000000000000001,0.0000,0.0000
2004,8,19,4,30,9.9,0,0,0,0.5,0.0000,0.0000
2004,8,19,5,0,9.9,0,0,0,0.4,0.0000,0.0000
2004,8,19,5,30,10.4,0,0,0,0.6000000000000001,0.0000,0.0000
2004,8,19,6,0,10.8,21,3,21,0.9,0.0000,0.0000
2004,8,19,6,30,12.200000000000001,68,36,73,1.1,0.0000,0.0000
2004,8,19,7,0,13.5,129,61,143,1.3,5.8638,4.4975
2004,8,19,7,30,14.9,56,751,304,1.4000000000000001,1.3249,1.0253
2004,8,19,8,0,16.400000000000002,62,816,406,1.5,10.5131,8.1836
2004,8,19,8,30,17.400000000000002,68,858,503,1.5,4.7024,3.6740
2004,8,19,9,0,18.400000000000002,266,420,513,1.5,16.7157,13.0915
2004,8,19,9,30,19.200000000000003,176,660,610,1.3,17.7605,13.9325
2004,8,19,10,0,20.1,210,571,622,1.1,11.6714,9.1663
2004,8,19,10,30,20.8,257,565,694,1,7.9307,6.2334
2004,8,19,11,0,21.5,276,516,697,0.8,9.4400,7.4238
2004,8,19,11,30,22.1,397,297,648,0.8,26.4843,20.8355
2004,8,19,12,0,22.700000000000003,391,356,699,0.7000000000000001,36.5814,28.7849
2004,8,19,12,30,23,296,542,770,0.8,24.2932,19.1170
2004,8,19,13,0,23.3,234,629,779,0.9,39.6199,31.1761
2004,8,19,13,30,23.3,343,460,733,1,21.1694,16.6545
2004,8,19,14,0,23.3,293,515,714,1.1,21.5953,16.9836
2004,8,19,14,30,23.1,337,389,639,1.2000000000000002,22.1964,17.4469
2004,8,19,15,0,22.900000000000002,357,235,527,1.3,16.1061,12.6499
2004,8,19,15,30,22.5,352,140,445,1.4000000000000001,12.2605,9.6188
2004,8,19,16,0,22.200000000000003,282,73,325,1.5,18.4488,14.4506
2004,8,19,16,30,21.700000000000003,255,85,298,1.4000000000000001,16.6297,12.9950
2004,8,19,17,0,21.1,206,244,309,1.3,16.5312,12.8717
2004,8,19,17,30,20.1,164,123,206,1.1,10.2222,7.9142
2004,8,19,18,0,19.1,106,148,142,0.9,8.5997,6.5998
2004,8,19,18,30,18.1,66,53,74,1,0.0000,0.0000
2004,8,19,19,0,17.1,22,2,22,1.1,0.0000,0.0000
2004,8,19,19,30,16.6,0,0,0,1.2000000000000002,0.0000,0.0000
2004,8,19,20,0,16.1,0,0,0,1.3,0.0000,0.0000
2004,8,19,20,30,15.8,0,0,0,1.3,0.0000,0.0000
2004,8,19,21,0,15.4,0,0,0,1.3,0.0000,0.0000
2004,8,19,21,30,15.200000000000001,0,0,0,1.3,0.0000,0.0000
2004,8,19,22,0,14.9,0,0,0,1.3,0.0000,0.0000
2004,8,19,22,30,14.700000000000001,0,0,0,1.3,0.0000,0.0000
2004,8,19,23,0,14.5,0,0,0,1.3,0.0000,0.0000
2004,8,19,23,30,14.3,0,0,0,1.4000000000000001,0.0000,0.0000
2004,8,20,0,0,14.200000000000001,0,0,0,1.5,0.0000,0.0000
2004,8,20,0,30,14,0,0,0,1.6,0.0000,0.0000
2004,8,20,1,0,13.9,0,0,0,1.6,0.0000,0.0000
2004,8,20,1,30,13.700000000000001,0,0,0,1.7000000000000002,0.0000,0.0000
2004,8,20,2,0,13.600000000000001,0,0,0,1.7000000000000002,0.0000,0.0000
2004,8,20,2,30,13.3,0,0,0,1.6,0.0000,0.0000
2004,8,20,3,0,13.100000000000001,0,0,0,1.5,0.0000,0.0000
2004,8,20,3,30,12.9,0,0,0,1.4000000000000001,0.0000,0.0000
2004,8,20,4,0,12.700000000000001,0,0,0,1.3,0.0000,0.0000
2004,8,20,4,30,12.700000000000001,0,0,0,1.3,0.0000,0.0000
2004,8,20,5,0,12.600000000000001,0,0,0,1.2000000000000002,0.0000,0.0000
2004,8,20,5,30,13.4,0,0,0,1.4000000000000001,0.0000,0.0000
2004,8,20,6,0,14.100000000000001,14,0,14,1.6,0.0000,0.0000
2004,8,20,6,30,15.4,49,1,49,1.9000000000000001,0.0000,0.0000
2004,8,20,7,0,16.6,102,4,103,2.2,6.9213,5.3070
2004,8,20,7,30,18.6,158,161,211,2,15.4690,11.9688
2004,8,20,8,0,20.5,210,242,311,1.8,21.6394,16.8421
2004,8,20,8,30,22.1,79,802,483,1.6,27.8003,21.7181
2004,8,20,9,0,23.8,85,838,574,1.5,29.1440,22.8235
2004,8,20,9,30,24.700000000000003,89,866,657,1.3,35.3815,27.7543
2004,8,20,10,0,25.700000000000003,94,886,730,1,36.6443,28.7779
2004,8,20,10,30,26.400000000000002,97,903,793,1,41.3620,32.5090
2004,8,20,11,0,27.1,100,914,844,0.9,41.8889,32.9414
2004,8,20,11,30,27.6,102,920,878,1,39.1644,30.8101
2004,8,20,12,0,28.1,101,928,901,1.2000000000000002,42.3859,33.3514
2004,8,20,12,30,28.5,101,929,909,1.3,46.7431,36.7824
2004,8,20,13,0,28.8,101,924,899,1.5,47.2418,37.1725
2004,8,20,13,30,28.8,100,919,877,1.7000000000000002,44.3111,34.8594
2004,8,20,14,0,28.900000000000002,100,909,841,1.8,42.9252,33.7571
2004,8,20,14,30,28.8,98,895,789,2,38.1021,29.9478
2004,8,20,15,0,28.700000000000003,91,884,727,2.1,31.0673,24.3992
2004,8,20,15,30,28.400000000000002,87,862,654,2.2,25.8326,20.2651
2004,8,20,16,0,28.1,84,832,571,2.3000000000000003,18.4839,14.4767
2004,8,20,16,30,27.5,78,795,481,2.4000000000000004,16.4946,12.8877
2004,8,20,17,0,26.900000000000002,71,741,383,2.4000000000000004,16.4999,12.8446
2004,8,20,17,30,25.3,63,674,286,2,10.5052,8.1307
2004,8,20,18,0,23.700000000000003,52,574,188,1.6,6.8853,5.2816
2004,8,20,18,30,21.900000000000002,37,430,99,1.7000000000000002,0.0000,0.0000
2004,8,20,19,0,20.1,17,202,27,1.7000000000000002,0.0000,0.0000
2004,8,20,19,30,19.400000000000002,0,0,0,1.9000000000000001,0.0000,0.0000
2004,8,20,20,0,18.8,0,0,0,2.1,0.0000,0.0000
2004,8,20,20,30,18.1,0,0,0,2.2,0.0000,0.0000
2004,8,20,21,0,17.5,0,0,0,2.2,0.0000,0.0000
2004,8,20,21,30,16.8,0,0,0,2.2,0.0000,0.0000
2004,8,20,22,0,16.2,0,0,0,2.2,0.0000,0.0000
2004,8,20,22,30,15.700000000000001,0,0,0,2.2,0.0000,0.0000
2004,8,20,23,0,15.100000000000001,0,0,0,2.2,0.0000,0.0000
2004,8,20,23,30,14.700000000000001,0,0,0,2.2,0.0000,0.0000
2004,8,21,0,0,14.200000000000001,0,0,0,2.3000000000000003,0.0000,0.0000
2004,8,21,0,30,13.700000000000001,0,0,0,2.3000000000000003,0.0000,0.0000
2004,8,21,1,0,13.3,0,0,0,2.4000000000000004,0.0000,0.0000
2004,8,21,1,30,12.9,0,0,0,2.4000000000000004,0.0000,0.0000
2004,8,21,2,0,12.5,0,0,0,2.3000000000000003,0.0000,0.0000
2004,8,21,2,30,12.100000000000001,0,0,0,2.2,0.0000,0.0000
2004,8,21,3,0,11.700000000000001,0,0,0,2,0.0000,0.0000
2004,8,21,3,30,11.3,0,0,0,1.9000000000000001,0.0000,0.0000
2004,8,21,4,0,11,0,0,0,1.8,0.0000,0.0000
2004,8,21,4,30,10.8,0,0,0,1.7000000000000002,0.0000,0.0000
2004,8,21,5,0,10.600000000000001,0,0,0,1.7000000000000002,0.0000,0.0000
2004,8,21,5,30,11.100000000000001,0,0,0,2.1,0.0000,0.0000
2004,8,21,6,0,11.5,16,137,23,2.5,0.0000,0.0000
2004,8,21,6,30,12.600000000000001,42,347,90,2.4000000000000004,0.0000,0.0000
2004,8,21,7,0,13.8,62,496,177,2.4000000000000004,4.9788,3.8164
2004,8,21,7,30,15.700000000000001,78,599,273,2.9000000000000004,10.7201,8.2925
2004,8,21,8,0,17.6,89,677,370,3.4000000000000004,16.5550,12.8830
2004,8,21,8,30,19.1,98,730,464,3.5,26.6687,20.8322
2004,8,21,9,0,20.6,105,774,554,3.6,32.5832,25.5152
2004,8,21,9,30,22,111,806,637,3.7,38.0809,29.8702
2004,8,21,10,0,23.400000000000002,113,837,712,3.8000000000000003,42.9805,33.7524
2004,8,21,10,30,24.8,117,853,773,3.8000000000000003,47.2364,37.1247
2004,8,21,11,0,26.200000000000003,116,873,824,3.8000000000000003,50.6982,39.8678
2004,8,21,11,30,27.200000000000003,118,882,860,3.8000000000000003,53.0399,41.7245
2004,8,21,12,0,28.200000000000003,110,901,885,3.8000000000000003,54.6093,42.9681
2004,8,21,12,30,28.8,111,902,893,3.9000000000000004,55.1548,43.4003
2004,8,21,13,0,29.5,109,904,886,4,54.4914,42.8755
2004,8,21,13,30,29.8,108,899,865,4.2,52.9874,41.6836
2004,8,21,14,0,30.200000000000003,104,894,829,4.3,50.5296,39.7358
2004,8,21,14,30,30.200000000000003,101,881,779,4.5,47.0143,36.9510
2004,8,21,15,0,30.3,97,868,719,4.6000000000000005,42.8231,33.6299
2004,8,21,15,30,30,93,845,645,4.800000000000001,37.9296,29.7528
2004,8,21,16,0,29.700000000000003,86,821,564,4.9,32.4361,25.4015
2004,8,21,16,30,29.1,80,785,474,4.800000000000001,26.5828,20.7669
2004,8,21,17,0,28.400000000000002,71,741,380,4.7,20.4120,15.8867
2004,8,21,17,30,27,62,675,282,4.1000000000000005,14.5504,11.2577
2004,8,21,18,0,25.700000000000003,50,587,187,3.5,9.0973,6.9750
2004,8,21,18,30,24.1,35,444,97,3.3000000000000003,0.0000,0.0000
2004,8,21,19,0,22.5,15,221,25,3.2,0.0000,0.0000
2004,8,21,19,30,21.8,0,0,0,3.5,0.0000,0.0000
2004,8,21,20,0,21.200000000000003,0,0,0,3.8000000000000003,0.0000,0.0000
2004,8,21,20,30,20.5,0,0,0,4,0.0000,0.0000
2004,8,21,21,0,19.900000000000002,0,0,0,4.2,0.0000,0.0000
2004,8,21,21,30,19.400000000000002,0,0,0,4.3,0.0000,0.0000
2004,8,21,22,0,18.900000000000002,0,0,0,4.5,0.0000,0.0000
2004,8,21,22,30,18.5,0,0,0,4.5,0.0000,0.0000
2004,8,21,23,0,18.2,0,0,0,4.6000000000000005,0.0000,0.0000
2004,8,21,23,30,17.900000000000002,0,0,0,4.5,0.0000,0.0000
2004,8,22,0,0,17.7,0,0,0,4.4,0.0000,0.0000
2004,8,22,0,30,17.400000000000002,0,0,0,4.3,0.0000,0.0000
2004,8,22,1,0,17.2,0,0,0,4.2,0.0000,0.0000
2004,8,22,1,30,17,0,0,0,4.1000000000000005,0.0000,0.0000
2004,8,22,2,0,16.8,0,0,0,4,0.0000,0.0000
2004,8,22,2,30,16.7,0,0,0,3.9000000000000004,0.0000,0.0000
2004,8,22,3,0,16.5,0,0,0,3.8000000000000003,0.0000,0.0000
2004,8,22,3,30,16.3,0,0,0,3.7,0.0000,0.0000
2004,8,22,4,0,16.1,0,0,0,3.5,0.0000,0.0000
2004,8,22,4,30,16,0,0,0,3.4000000000000004,0.0000,0.0000
2004,8,22,5,0,15.8,0,0,0,3.2,0.0000,0.0000
2004,8,22,5,30,16.2,0,0,0,3.4000000000000004,0.0000,0.0000
2004,8,22,6,0,16.6,16,130,21,3.6,0.0000,0.0000
2004,8,22,6,30,17.900000000000002,40,345,87,3.9000000000000004,0.0000,0.0000
2004,8,22,7,0,19.3,59,499,173,4.3,8.5451,6.5479
2004,8,22,7,30,21,72,603,267,4.5,13.8485,10.7100
2004,8,22,8,0,22.700000000000003,82,680,363,4.800000000000001,19.6705,15.3053
2004,8,22,8,30,24.200000000000003,91,734,457,4.7,25.5928,19.9898
2004,8,22,9,0,25.8,97,779,547,4.5,31.4210,24.6033
2004,8,22,9,30,27.200000000000003,102,808,627,4.3,36.8969,28.9399
2004,8,22,10,0,28.5,107,831,699,4.1000000000000005,41.8958,32.8992
2004,8,22,10,30,29.700000000000003,111,849,761,4,46.0206,36.1679
2004,8,22,11,0,30.900000000000002,115,859,808,3.8000000000000003,49.4719,38.9022
2004,8,22,11,30,31.900000000000002,117,868,844,3.7,51.9272,40.8480
2004,8,22,12,0,32.800000000000004,117,872,865,3.5,53.6134,42.1832
2004,8,22,12,30,33.300000000000004,118,874,873,3.4000000000000004,54.1569,42.6137
2004,8,22,13,0,33.800000000000004,117,871,864,3.3000000000000003,53.6756,42.2323
2004,8,22,13,30,34,115,866,842,3.1,52.2335,41.0891
2004,8,22,14,0,34.300000000000004,114,856,806,3,49.7779,39.1431
2004,8,22,14,30,34.2,111,842,756,2.8000000000000003,46.3854,36.4549
2004,8,22,15,0,34.2,102,835,697,2.7,42.3173,33.2308
2004,8,22,15,30,33.800000000000004,97,812,625,2.7,37.3695,29.3112
2004,8,22,16,0,33.5,93,776,542,2.6,31.9997,25.0573
2004,8,22,16,30,32.800000000000004,87,736,453,2.6,26.1551,20.4297
2004,8,22,17,0,32.2,81,674,358,2.5,20.2128,15.7282
2004,8,22,17,30,30.6,71,600,264,2.1,14.3129,11.0701
2004,8,22,18,0,29.1,59,482,169,1.7000000000000002,9.0312,6.9210
2004,8,22,18,30,27.900000000000002,40,331,85,1.8,0.0000,0.0000
2004,8,22,19,0,26.700000000000003,14,0,14,1.9000000000000001,0.0000,0.0000
2004,8,22,19,30,26.200000000000003,0,0,0,2.1,0.0000,0.0000
2004,8,22,20,0,25.700000000000003,0,0,0,2.4000000000000004,0.0000,0.0000
2004,8,22,20,30,25.3,0,0,0,2.5,0.0000,0.0000
2004,8,22,21,0,24.8,0,0,0,2.6,0.0000,0.0000
2004,8,22,21,30,24.200000000000003,0,0,0,2.5,0.0000,0.0000
2004,8,22,22,0,23.700000000000003,0,0,0,2.4000000000000004,0.0000,0.0000
2004,8,22,22,30,23.3,0,0,0,2.3000000000000003,0.0000,0.0000
2004,8,22,23,0,22.900000000000002,0,0,0,2.2,0.0000,0.0000
2004,8,22,23,30,22.5,0,0,0,2.1,0.0000,0.0000
2004,8,23,0,0,22.1,0,0,0,2.1,0.0000,0.0000
2004,8,23,0,30,21.700000000000003,0,0,0,1.9000000000000001,0.0000,0.0000
2004,8,23,1,0,21.3,0,0,0,1.7000000000000002,0.0000,0.0000
2004,8,23,1,30,21,0,0,0,1.6,0.0000,0.0000
2004,8,23,2,0,20.6,0,0,0,1.4000000000000001,0.0000,0.0000
2004,8,23,2,30,20.3,0,0,0,1.3,0.0000,0.0000
2004,8,23,3,0,20,0,0,0,1.3,0.0000,0.0000
2004,8,23,3,30,19.900000000000002,0,0,0,1.4000000000000001,0.0000,0.0000
2004,8,23,4,0,19.700000000000003,0,0,0,1.6,0.0000,0.0000
2004,8,23,4,30,19.8,0,0,0,2,0.0000,0.0000
2004,8,23,5,0,19.8,0,0,0,2.4000000000000004,0.0000,0.0000
2004,8,23,5,30,20.1,0,0,0,2.7,0.0000,0.0000
2004,8,23,6,0,20.400000000000002,10,0,10,3.1,0.0000,0.0000
2004,8,23,6,30,21.1,49,6,50,3.2,0.0000,0.0000
2004,8,23,7,0,21.700000000000003,87,2,88,3.4000000000000004,8.3418,6.3901
2004,8,23,7,30,22.5,135,314,235,3.5,13.5230,10.4559
2004,8,23,8,0,23.3,150,431,326,3.7,19.2735,14.9942
2004,8,23,8,30,24.200000000000003,92,715,447,3.9000000000000004,25.1801,19.6654
2004,8,23,9,0,25,271,323,457,4,30.9986,24.2709
2004,8,23,9,30,25.8,323,279,504,4.2,36.2917,28.4637
2004,8,23,10,0,26.5,228,500,583,4.5,41.1062,32.2778
2004,8,23,10,30,26.900000000000002,392,274,601,4.6000000000000005,45.2808,35.5851
2004,8,23,11,0,27.3,412,289,645,4.7,48.4857,38.1253
2004,8,23,11,30,27.5,269,511,697,4.7,50.9360,40.0670
2004,8,23,12,0,27.6,364,256,583,4.7,52.3759,41.2083
2004,8,23,12,30,27.5,392,73,455,4.5,52.9178,41.6375
2004,8,23,13,0,27.400000000000002,366,316,636,4.4,52.3153,41.1606
2004,8,23,13,30,27.200000000000003,282,468,674,4.2,50.8153,39.9720
2004,8,23,14,0,27,43,0,43,3.9000000000000004,48.3657,38.0310
2004,8,23,14,30,26.8,249,7,254,3.8000000000000003,44.9833,35.3513
2004,8,23,15,0,26.5,333,104,407,3.6,40.9874,32.1845
2004,8,23,15,30,26.200000000000003,226,11,233,3.6,36.1747,28.3718
2004,8,23,16,0,25.8,258,70,298,3.5,30.7125,24.0467
2004,8,23,16,30,25.400000000000002,196,427,407,3.5,24.9568,19.4908
2004,8,23,17,0,25,163,361,310,3.5,19.0037,14.7839
2004,8,23,17,30,24.400000000000002,113,11,116,3.5,13.3661,10.3340
2004,8,23,18,0,23.900000000000002,113,158,148,3.5,8.1461,6.2396
2004,8,23,18,30,23.3,67,58,75,3.5,0.0000,0.0000
2004,8,23,19,0,22.700000000000003,12,0,12,3.6,0.0000,0.0000
2004,8,23,19,30,22.5,0,0,0,3.6,0.0000,0.0000
2004,8,23,20,0,22.200000000000003,0,0,0,3.7,0.0000,0.0000
2004,8,23,20,30,22.1,0,0,0,3.6,0.0000,0.0000
2004,8,23,21,0,21.900000000000002,0,0,0,3.5,0.0000,0.0000
2004,8,23,21,30,21.8,0,0,0,3,0.0000,0.0000
2004,8,23,22,0,21.700000000000003,0,0,0,2.5,0.0000,0.0000
2004,8,23,22,30,21.5,0,0,0,2.1,0.0000,0.0000
2004,8,23,23,0,21.400000000000002,0,0,0,1.6,0.0000,0.0000
2004,8,23,23,30,21.3,0,0,0,1.6,0.0000,0.0000
2004,8,24,0,0,21.1,0,0,0,1.6,0.0000,0.0000
2004,8,24,0,30,21,0,0,0,1.5,0.0000,0.0000
2004,8,24,1,0,21,0,0,0,1.5,0.0000,0.0000
2004,8,24,1,30,20.8,0,0,0,1.2000000000000002,0.0000,0.0000
2004,8,24,2,0,20.6,0,0,0,1,0.0000,0.0000
2004,8,24,2,30,20.6,0,0,0,1,0.0000,0.0000
2004,8,24,3,0,20.5,0,0,0,1.1,0.0000,0.0000
2004,8,24,3,30,20.5,0,0,0,1.3,0.0000,0.0000
2004,8,24,4,0,20.5,0,0,0,1.5,0.0000,0.0000
2004,8,24,4,30,20.5,0,0,0,1.6,0.0000,0.0000
2004,8,24,5,0,20.5,0,0,0,1.8,0.0000,0.0000
2004,8,24,5,30,20.5,0,0,0,2,0.0000,0.0000
2004,8,24,6,0,20.5,6,0,6,2.1,0.0000,0.0000
2004,8,24,6,30,20.8,27,0,27,2.2,0.0000,0.0000
2004,8,24,7,0,21.1,55,2,55,2.3000000000000003,4.2382,3.2456
2004,8,24,7,30,21.8,100,8,103,2.2,11.8836,9.1861
2004,8,24,8,0,22.5,63,0,63,2.1,17.2852,13.4452
2004,8,24,8,30,23.400000000000002,124,0,124,2,24.6029,19.2127
2004,8,24,9,0,24.200000000000003,262,265,414,1.8,25.8758,20.2584
2004,8,24,9,30,25.1,277,331,490,1.8,29.1513,22.8622
2004,8,24,10,0,26.1,276,383,547,1.8,34.2629,26.9030
2004,8,24,10,30,27,323,356,593,1.9000000000000001,35.7403,28.0864
2004,8,24,11,0,27.900000000000002,355,53,398,2,38.6846,30.4175
2004,8,24,11,30,28.900000000000002,395,188,552,2,42.0435,33.0709
2004,8,24,12,0,29.8,419,186,577,2,35.2830,27.7591
2004,8,24,12,30,30.6,335,433,706,2,27.5661,21.6892
2004,8,24,13,0,31.3,333,434,703,1.9000000000000001,38.4893,30.2816
2004,8,24,13,30,31.8,166,688,739,1.8,40.6526,31.9767
2004,8,24,14,0,32.2,105,878,809,1.7000000000000002,2.5786,2.0275
2004,8,24,14,30,32.300000000000004,102,865,759,1.5,15.1020,11.8677
2004,8,24,15,0,32.5,96,855,699,1.4000000000000001,23.9131,18.7761
2004,8,24,15,30,32.300000000000004,92,832,626,1.2000000000000002,13.4718,10.5651
2004,8,24,16,0,32.1,85,805,544,1,16.8645,13.2028
2004,8,24,16,30,31.700000000000003,80,767,456,0.8,22.3866,17.4808
2004,8,24,17,0,31.200000000000003,138,514,346,0.6000000000000001,16.4217,12.7722
2004,8,24,17,30,30,149,164,200,0.4,5.8584,4.5277
2004,8,24,18,0,28.8,102,151,135,0.30000000000000004,7.1207,5.4515
2004,8,24,18,30,27.5,60,46,65,0.5,0.0000,0.0000
2004,8,24,19,0,26.200000000000003,10,0,10,0.6000000000000001,0.0000,0.0000
2004,8,24,19,30,25.3,0,0,0,0.7000000000000001,0.0000,0.0000
2004,8,24,20,0,24.400000000000002,0,0,0,0.8,0.0000,0.0000
2004,8,24,20,30,23.8,0,0,0,0.8,0.0000,0.0000
2004,8,24,21,0,23.3,0,0,0,0.9,0.0000,0.0000
2004,8,24,21,30,22.900000000000002,0,0,0,1,0.0000,0.0000
2004,8,24,22,0,22.5,0,0,0,1,0.0000,0.0000
2004,8,24,22,30,22.200000000000003,0,0,0,1,0.0000,0.0000
2004,8,24,23,0,21.900000000000002,0,0,0,1,0.0000,0.0000
2004,8,24,23,30,21.700000000000003,0,0,0,1,0.0000,0.0000
2004,8,25,0,0,21.5,0,0,0,0.9,0.0000,0.0000
2004,8,25,0,30,21.3,0,0,0,0.8,0.0000,0.0000
2004,8,25,1,0,21.1,0,0,0,0.8,0.0000,0.0000
2004,8,25,1,30,20.900000000000002,0,0,0,0.8,0.0000,0.0000
2004,8,25,2,0,20.8,0,0,0,0.7000000000000001,0.0000,0.0000
2004,8,25,2,30,20.6,0,0,0,0.7000000000000001,0.0000,0.0000
2004,8,25,3,0,20.400000000000002,0,0,0,0.7000000000000001,0.0000,0.0000
2004,8,25,3,30,20.200000000000003,0,0,0,0.8,0.0000,0.0000
2004,8,25,4,0,20,0,0,0,0.8,0.0000,0.0000
2004,8,25,4,30,20,0,0,0,0.9,0.0000,0.0000
2004,8,25,5,0,19.900000000000002,0,0,0,1,0.0000,0.0000
2004,8,25,5,30,20.1,0,0,0,1.2000000000000002,0.0000,0.0000
2004,8,25,6,0,20.3,3,0,3,1.3,0.0000,0.0000
2004,8,25,6,30,20.8,17,0,17,1.7000000000000002,0.0000,0.0000
2004,8,25,7,0,21.200000000000003,26,0,26,2,2.6457,2.0254
2004,8,25,7,30,21.6,132,21,139,2,5.2004,4.0190
2004,8,25,8,0,22,151,377,303,2,3.3360,2.5945
2004,8,25,8,30,22.5,219,22,230,2,6.8176,5.3234
2004,8,25,9,0,23,78,0,78,2.1,23.4205,18.3348
2004,8,25,9,30,23.5,206,8,211,2.3000000000000003,28.3210,22.2097
2004,8,25,10,0,24.1,312,258,494,2.4000000000000004,32.1266,25.2244
2004,8,25,10,30,24.6,262,10,270,2.4000000000000004,35.2444,27.6956
2004,8,25,11,0,25.200000000000003,180,1,181,2.4000000000000004,23.8576,18.7584
2004,8,25,11,30,25.6,181,1,182,2.4000000000000004,33.2796,26.1764
2004,8,25,12,0,26.1,287,5,291,2.4000000000000004,34.9015,27.4580
2004,8,25,12,30,26.3,384,335,670,2.4000000000000004,42.7497,33.6347
2004,8,25,13,0,26.6,335,415,687,2.5,42.5203,33.4518
2004,8,25,13,30,26.700000000000003,442,259,657,2.6,44.5466,35.0383
2004,8,25,14,0,26.900000000000002,399,322,656,2.7,48.4817,38.1189
2004,8,25,14,30,27.400000000000002,107,850,749,2.8000000000000003,45.0931,35.4339
2004,8,25,15,0,28,92,856,692,2.9000000000000004,41.0322,32.2155
2004,8,25,15,30,28.5,88,834,620,3,36.1549,28.3517
2004,8,25,16,0,29,80,810,539,3,30.7446,24.0664
2004,8,25,16,30,28.8,75,772,450,2.7,25.0396,19.5493
2004,8,25,17,0,28.700000000000003,66,730,357,2.3000000000000003,18.2891,14.2210
2004,8,25,17,30,27.200000000000003,57,660,261,1.8,10.0754,7.7838
2004,8,25,18,0,25.6,107,124,134,1.3,6.4841,4.9616
2004,8,25,18,30,24.3,59,27,62,1.4000000000000001,0.0000,0.0000
2004,8,25,19,0,23,8,0,8,1.6,0.0000,0.0000
2004,8,25,19,30,22.8,0,0,0,1.9000000000000001,0.0000,0.0000
2004,8,25,20,0,22.700000000000003,0,0,0,2.2,0.0000,0.0000
2004,8,25,20,30,22.6,0,0,0,2.6,0.0000,0.0000
2004,8,25,21,0,22.6,0,0,0,2.9000000000000004,0.0000,0.0000
2004,8,25,21,30,22.5,0,0,0,3.2,0.0000,0.0000
2004,8,25,22,0,22.3,0,0,0,3.5,0.0000,0.0000
2004,8,25,22,30,22.1,0,0,0,3.7,0.0000,0.0000
2004,8,25,23,0,21.8,0,0,0,3.9000000000000004,0.0000,0.0000
2004,8,25,23,30,21.6,0,0,0,4,0.0000,0.0000
2004,8,26,0,0,21.400000000000002,0,0,0,4.2,0.0000,0.0000
2004,8,26,0,30,21.1,0,0,0,3.9000000000000004,0.0000,0.0000
2004,8,26,1,0,20.900000000000002,0,0,0,3.7,0.0000,0.0000
2004,8,26,1,30,20.700000000000003,0,0,0,3.2,0.0000,0.0000
2004,8,26,2,0,20.400000000000002,0,0,0,2.7,0.0000,0.0000
2004,8,26,2,30,19.900000000000002,0,0,0,2.1,0.0000,0.0000
2004,8,26,3,0,19.5,0,0,0,1.4000000000000001,0.0000,0.0000
2004,8,26,3,30,19.1,0,0,0,1.1,0.0000,0.0000
2004,8,26,4,0,18.8,0,0,0,0.9,0.0000,0.0000
2004,8,26,4,30,19,0,0,0,0.8,0.0000,0.0000
2004,8,26,5,0,19.3,0,0,0,0.8,0.0000,0.0000
2004,8,26,5,30,20,0,0,0,0.7000000000000001,0.0000,0.0000
2004,8,26,6,0,20.6,13,87,15,0.6000000000000001,0.0000,0.0000
2004,8,26,6,30,21.8,46,1,46,0.8,0.0000,0.0000
2004,8,26,7,0,22.900000000000002,113,88,132,1,1.2493,0.9561
2004,8,26,7,30,24.6,70,595,255,0.9,7.0063,5.4133
2004,8,26,8,0,26.3,79,683,353,0.7000000000000001,16.0224,12.4590
2004,8,26,8,30,27.700000000000003,87,740,448,0.7000000000000001,12.6319,9.8623
2004,8,26,9,0,29.1,91,790,539,0.7000000000000001,4.4086,3.4511
2004,8,26,9,30,30,96,821,621,0.8,12.1860,9.5559
2004,8,26,10,0,30.8,98,848,694,0.8,28.9950,22.7646
2004,8,26,10,30,31.400000000000002,102,864,754,1,16.0375,12.6020
2004,8,26,11,0,32.1,104,877,803,1.2000000000000002,10.8439,8.5259
2004,8,26,11,30,32.6,106,884,837,1.3,10.9668,8.6258
2004,8,26,12,0,33.2,104,893,859,1.3,17.5929,13.8404
2004,8,26,12,30,33.5,105,893,865,1.4000000000000001,40.5482,31.9015
2004,8,26,13,0,33.9,104,891,857,1.4000000000000001,41.5283,32.6701
2004,8,26,13,30,34,406,342,688,1.3,39.5790,31.1298
2004,8,26,14,0,34.2,101,874,796,1.3,39.2855,30.8869
2004,8,26,14,30,34.1,99,861,746,1.3,44.4644,34.9380
2004,8,26,15,0,34,96,843,684,1.2000000000000002,40.5839,31.8614
2004,8,26,15,30,33.6,92,817,610,1.3,35.7686,28.0463
2004,8,26,16,0,33.2,87,783,527,1.4000000000000001,30.4218,23.8110
2004,8,26,16,30,32.5,255,57,283,1.6,24.6665,19.2546
2004,8,26,17,0,31.700000000000003,74,683,343,1.8,18.8291,14.6371
2004,8,26,17,30,30.3,64,608,248,1.7000000000000002,13.1143,10.1274
2004,8,26,18,0,28.8,50,500,155,1.6,6.4255,4.9143
2004,8,26,18,30,27.3,33,334,71,1.9000000000000001,0.0000,0.0000
2004,8,26,19,0,25.8,10,94,12,2.3000000000000003,0.0000,0.0000
2004,8,26,19,30,25.1,0,0,0,2.8000000000000003,0.0000,0.0000
2004,8,26,20,0,24.400000000000002,0,0,0,3.4000000000000004,0.0000,0.0000
2004,8,26,20,30,23.6,0,0,0,3.6,0.0000,0.0000
2004,8,26,21,0,22.8,0,0,0,3.8000000000000003,0.0000,0.0000
2004,8,26,21,30,22,0,0,0,3.6,0.0000,0.0000
2004,8,26,22,0,21.3,0,0,0,3.5,0.0000,0.0000
2004,8,26,22,30,20.6,0,0,0,3.3000000000000003,0.0000,0.0000
2004,8,26,23,0,20,0,0,0,3.1,0.0000,0.0000
2004,8,26,23,30,19.5,0,0,0,3,0.0000,0.0000
2004,8,27,0,0,19,0,0,0,2.8000000000000003,0.0000,0.0000
2004,8,27,0,30,18.5,0,0,0,2.6,0.0000,0.0000
2004,8,27,1,0,18.1,0,0,0,2.5,0.0000,0.0000
2004,8,27,1,30,17.6,0,0,0,2.4000000000000004,0.0000,0.0000
2004,8,27,2,0,17.2,0,0,0,2.2,0.0000,0.0000
2004,8,27,2,30,17,0,0,0,2.3000000000000003,0.0000,0.0000
2004,8,27,3,0,16.8,0,0,0,2.3000000000000003,0.0000,0.0000
2004,8,27,3,30,16.7,0,0,0,2.3000000000000003,0.0000,0.0000
2004,8,27,4,0,16.6,0,0,0,2.2,0.0000,0.0000
2004,8,27,4,30,16.5,0,0,0,2.2,0.0000,0.0000
2004,8,27,5,0,16.3,0,0,0,2.2,0.0000,0.0000
2004,8,27,5,30,16.7,0,0,0,2.6,0.0000,0.0000
2004,8,27,6,0,17.1,12,102,15,3,0.0000,0.0000
2004,8,27,6,30,18.2,35,349,77,3.2,0.0000,0.0000
2004,8,27,7,0,19.400000000000002,52,516,162,3.3000000000000003,6.3362,4.8475
2004,8,27,7,30,21,164,91,192,3.5,12.8330,9.9127
2004,8,27,8,0,22.6,132,0,132,3.8000000000000003,18.6416,14.4935
2004,8,27,8,30,23.8,18,0,18,3.9000000000000004,24.5779,19.1871
2004,8,27,9,0,25,180,1,181,4,30.4376,23.8245
2004,8,27,9,30,25.8,303,34,325,4,35.8370,28.1005
2004,8,27,10,0,26.6,300,7,305,4.1000000000000005,40.7060,31.9576
2004,8,27,10,30,27.200000000000003,380,88,446,4,44.7601,35.1703
2004,8,27,11,0,27.700000000000003,436,148,553,4,48.0808,37.8015
2004,8,27,11,30,27.900000000000002,398,374,706,4,50.4072,39.6456
2004,8,27,12,0,28.200000000000003,119,873,854,3.9000000000000004,51.9041,40.8317
2004,8,27,12,30,28.3,119,874,861,3.9000000000000004,52.3204,41.1618
2004,8,27,13,0,28.400000000000002,119,872,853,3.9000000000000004,51.7747,40.7294
2004,8,27,13,30,28.3,118,866,830,3.9000000000000004,41.4203,32.5767
2004,8,27,14,0,28.200000000000003,116,857,793,3.9000000000000004,47.6359,37.4504
2004,8,27,14,30,27.8,112,843,742,3.9000000000000004,44.2503,34.7678
2004,8,27,15,0,27.5,98,844,684,3.9000000000000004,40.0773,31.4615
2004,8,27,15,30,26.900000000000002,94,820,610,3.9000000000000004,35.1520,27.5604
2004,8,27,16,0,26.3,88,788,527,3.9000000000000004,29.7018,23.2446
2004,8,27,16,30,25.6,82,746,437,3.8000000000000003,15.4857,12.0860
2004,8,27,17,0,24.8,74,689,343,3.7,18.0506,14.0282
2004,8,27,17,30,24,64,610,247,3.3000000000000003,12.4286,9.5939
2004,8,27,18,0,23.200000000000003,52,492,152,2.9000000000000004,7.4214,5.6731
2004,8,27,18,30,22.400000000000002,33,319,68,2.7,0.0000,0.0000
2004,8,27,19,0,21.700000000000003,10,67,11,2.4000000000000004,0.0000,0.0000
2004,8,27,19,30,21.3,0,0,0,2.4000000000000004,0.0000,0.0000
2004,8,27,20,0,21,0,0,0,2.3000000000000003,0.0000,0.0000
2004,8,27,20,30,20.6,0,0,0,2.3000000000000003,0.0000,0.0000
2004,8,27,21,0,20.200000000000003,0,0,0,2.2,0.0000,0.0000
2004,8,27,21,30,19.8,0,0,0,2.3000000000000003,0.0000,0.0000
2004,8,27,22,0,19.400000000000002,0,0,0,2.4000000000000004,0.0000,0.0000
2004,8,27,22,30,18.900000000000002,0,0,0,2.7,0.0000,0.0000
2004,8,27,23,0,18.5,0,0,0,2.9000000000000004,0.0000,0.0000
2004,8,27,23,30,18,0,0,0,2.9000000000000004,0.0000,0.0000
2004,8,28,0,0,17.400000000000002,0,0,0,2.8000000000000003,0.0000,0.0000
2004,8,28,0,30,17.3,0,0,0,3,0.0000,0.0000
2004,8,28,1,0,17.1,0,0,0,3.3000000000000003,0.0000,0.0000
2004,8,28,1,30,16.900000000000002,0,0,0,3.5,0.0000,0.0000
2004,8,28,2,0,16.7,0,0,0,3.7,0.0000,0.0000
2004,8,28,2,30,16.400000000000002,0,0,0,3.7,0.0000,0.0000
2004,8,28,3,0,16.2,0,0,0,3.7,0.0000,0.0000
2004,8,28,3,30,15.8,0,0,0,3.6,0.0000,0.0000
2004,8,28,4,0,15.5,0,0,0,3.4000000000000004,0.0000,0.0000
2004,8,28,4,30,15.200000000000001,0,0,0,3.4000000000000004,0.0000,0.0000
2004,8,28,5,0,14.8,0,0,0,3.3000000000000003,0.0000,0.0000
2004,8,28,5,30,14.8,0,0,0,3.4000000000000004,0.0000,0.0000
2004,8,28,6,0,14.700000000000001,5,0,5,3.5,0.0000,0.0000
2004,8,28,6,30,15.3,48,9,49,3.6,0.0000,0.0000
2004,8,28,7,0,16,46,570,166,3.8000000000000003,7.7681,5.9411
2004,8,28,7,30,17.1,151,17,156,3.9000000000000004,9.6464,7.4492
2004,8,28,8,0,18.1,165,4,166,3.9000000000000004,6.9609,5.4111
2004,8,28,8,30,19.200000000000003,256,52,281,3.9000000000000004,0.9864,0.7700
2004,8,28,9,0,20.3,169,0,169,3.9000000000000004,10.2115,7.9922
2004,8,28,9,30,21.1,310,38,334,3.8000000000000003,18.7412,14.6945
2004,8,28,10,0,21.900000000000002,258,1,259,3.7,17.8777,14.0348
2004,8,28,10,30,22.5,345,13,355,3.6,26.4599,20.7900
2004,8,28,11,0,23,395,53,436,3.5,33.0924,26.0165
2004,8,28,11,30,23.5,457,211,631,3.4000000000000004,42.4947,33.4212
2004,8,28,12,0,24.1,431,340,717,3.4000000000000004,51.5728,40.5695
2004,8,28,12,30,24.400000000000002,408,20,425,3.3000000000000003,52.0489,40.9468
2004,8,28,13,0,24.700000000000003,416,372,728,3.2,51.5020,40.5133
2004,8,28,13,30,25,402,29,426,3.1,49.9363,39.2727
2004,8,28,14,0,25.200000000000003,356,8,363,3,47.4224,37.2808
2004,8,28,14,30,25.200000000000003,372,50,409,2.8000000000000003,43.9767,34.5508
2004,8,28,15,0,25.1,343,47,375,2.7,40.0381,31.4285
2004,8,28,15,30,24.8,341,221,479,2.6,35.1118,27.5264
2004,8,28,16,0,24.5,74,853,546,2.4000000000000004,29.6600,23.2091
2004,8,28,16,30,24,69,814,453,2.3000000000000003,23.8691,18.6257
2004,8,28,17,0,23.5,62,764,356,2.1,18.0086,13.9917
2004,8,28,17,30,22.200000000000003,54,693,257,1.5,12.3462,9.5262
2004,8,28,18,0,20.900000000000002,43,583,160,0.9,7.2682,5.5533
2004,8,28,18,30,19.700000000000003,28,407,71,0.9,0.0000,0.0000
2004,8,28,19,0,18.5,0,0,0,0.9,0.0000,0.0000
2004,8,28,19,30,18.2,0,0,0,0.9,0.0000,0.0000
2004,8,28,20,0,17.8,0,0,0,0.9,0.0000,0.0000
2004,8,28,20,30,17.6,0,0,0,0.8,0.0000,0.0000
2004,8,28,21,0,17.5,0,0,0,0.8,0.0000,0.0000
2004,8,28,21,30,17.2,0,0,0,0.8,0.0000,0.0000
2004,8,28,22,0,17,0,0,0,0.7000000000000001,0.0000,0.0000
2004,8,28,22,30,16.7,0,0,0,0.8,0.0000,0.0000
2004,8,28,23,0,16.400000000000002,0,0,0,0.8,0.0000,0.0000
2004,8,28,23,30,16.1,0,0,0,0.8,0.0000,0.0000
2004,8,29,0,0,15.8,0,0,0,0.9,0.0000,0.0000
2004,8,29,0,30,15.4,0,0,0,0.9,0.0000,0.0000
2004,8,29,1,0,15,0,0,0,1,0.0000,0.0000
2004,8,29,1,30,14.600000000000001,0,0,0,1,0.0000,0.0000
2004,8,29,2,0,14.200000000000001,0,0,0,1,0.0000,0.0000
2004,8,29,2,30,13.700000000000001,0,0,0,1,0.0000,0.0000
2004,8,29,3,0,13.200000000000001,0,0,0,1.1,0.0000,0.0000
2004,8,29,3,30,12.8,0,0,0,1.1,0.0000,0.0000
2004,8,29,4,0,12.4,0,0,0,1.2000000000000002,0.0000,0.0000
2004,8,29,4,30,12.100000000000001,0,0,0,1.3,0.0000,0.0000
2004,8,29,5,0,11.9,0,0,0,1.4000000000000001,0.0000,0.0000
2004,8,29,5,30,12.600000000000001,0,0,0,1.9000000000000001,0.0000,0.0000
2004,8,29,6,0,13.3,10,149,14,2.4000000000000004,0.0000,0.0000
2004,8,29,6,30,14.600000000000001,30,428,78,2.7,0.0000,0.0000
2004,8,29,7,0,15.8,45,586,167,3.1,7.9526,6.0803
2004,8,29,7,30,17.6,55,689,263,3.4000000000000004,7.8253,6.0414
2004,8,29,8,0,19.400000000000002,64,756,361,3.8000000000000003,8.7414,6.7940
2004,8,29,8,30,20.8,71,805,457,3.9000000000000004,15.3810,12.0047
2004,8,29,9,0,22.200000000000003,79,836,546,4,9.5258,7.4549
2004,8,29,9,30,23.3,84,863,628,4.1000000000000005,19.2450,15.0886
2004,8,29,10,0,24.5,92,876,699,4.2,15.1709,11.9092
2004,8,29,10,30,25.5,95,893,761,4.4,21.0480,16.5370
2004,8,29,11,0,26.5,101,897,807,4.6000000000000005,26.0756,20.4992
2004,8,29,11,30,27.3,102,903,841,4.800000000000001,37.9587,29.8526
2004,8,29,12,0,28.1,100,913,863,4.9,43.2752,34.0410
2004,8,29,12,30,28.700000000000003,100,912,868,5.1000000000000005,25.6768,20.1991
2004,8,29,13,0,29.400000000000002,98,911,858,5.2,43.9278,34.5538
2004,8,29,13,30,29.900000000000002,97,905,835,5.2,25.6127,20.1424
2004,8,29,14,0,30.400000000000002,95,897,797,5.2,21.6916,17.0519
2004,8,29,14,30,30.6,92,882,744,5.1000000000000005,24.2202,19.0278
2004,8,29,15,0,30.700000000000003,88,866,682,4.9,21.9290,17.2122
2004,8,29,15,30,30.5,84,843,607,4.7,27.5384,21.5870
2004,8,29,16,0,30.3,82,801,522,4.4,30.6840,24.0073
2004,8,29,16,30,29.6,76,759,431,3.7,24.6959,19.2672
2004,8,29,17,0,28.900000000000002,71,693,335,3.1,18.6487,14.4850
2004,8,29,17,30,27.3,61,613,238,2.4000000000000004,12.8114,9.8807
2004,8,29,18,0,25.700000000000003,96,124,120,1.8,7.6419,5.8359
2004,8,29,18,30,24.400000000000002,48,21,50,1.6,0.0000,0.0000
2004,8,29,19,0,23.1,0,0,0,1.4000000000000001,0.0000,0.0000
2004,8,29,19,30,22.200000000000003,0,0,0,1.2000000000000002,0.0000,0.0000
2004,8,29,20,0,21.400000000000002,0,0,0,1,0.0000,0.0000
2004,8,29,20,30,20.700000000000003,0,0,0,0.9,0.0000,0.0000
2004,8,29,21,0,20,0,0,0,0.9,0.0000,0.0000
2004,8,29,21,30,19.6,0,0,0,0.8,0.0000,0.0000
2004,8,29,22,0,19.200000000000003,0,0,0,0.8,0.0000,0.0000
2004,8,29,22,30,18.900000000000002,0,0,0,0.8,0.0000,0.0000
2004,8,29,23,0,18.6,0,0,0,0.8,0.0000,0.0000
2004,8,29,23,30,18.2,0,0,0,0.9,0.0000,0.0000
2004,8,30,0,0,17.8,0,0,0,0.9,0.0000,0.0000
2004,8,30,0,30,17.400000000000002,0,0,0,0.9,0.0000,0.0000
2004,8,30,1,0,17,0,0,0,0.9,0.0000,0.0000
2004,8,30,1,30,16.6,0,0,0,1,0.0000,0.0000
2004,8,30,2,0,16.2,0,0,0,1,0.0000,0.0000
2004,8,30,2,30,15.8,0,0,0,1,0.0000,0.0000
2004,8,30,3,0,15.3,0,0,0,1.1,0.0000,0.0000
2004,8,30,3,30,14.9,0,0,0,1.1,0.0000,0.0000
2004,8,30,4,0,14.5,0,0,0,1.2000000000000002,0.0000,0.0000
2004,8,30,4,30,14.200000000000001,0,0,0,1.2000000000000002,0.0000,0.0000
2004,8,30,5,0,13.8,0,0,0,1.3,0.0000,0.0000
2004,8,30,5,30,14.4,0,0,0,1.5,0.0000,0.0000
2004,8,30,6,0,14.9,10,156,13,1.6,0.0000,0.0000
2004,8,30,6,30,16.2,28,443,77,2.1,0.0000,0.0000
2004,8,30,7,0,17.400000000000002,42,614,168,2.6,7.9932,6.1094
2004,8,30,7,30,18.900000000000002,51,718,266,2.3000000000000003,13.1705,10.1653
2004,8,30,8,0,20.3,58,790,366,2,18.9827,14.7512
2004,8,30,8,30,22.8,64,839,464,2.3000000000000003,24.9866,19.4996
2004,8,30,9,0,25.3,68,877,555,2.6,30.7458,24.0599
2004,8,30,9,30,26.700000000000003,72,901,637,2.7,36.1562,28.3457
2004,8,30,10,0,28.1,75,922,711,2.7,40.9149,32.1167
2004,8,30,10,30,28.8,77,938,774,2.6,45.0903,35.4250
2004,8,30,11,0,29.400000000000002,79,946,822,2.5,48.2350,37.9182
2004,8,30,11,30,29.900000000000002,80,954,858,2.5,50.5622,39.7631
2004,8,30,12,0,30.400000000000002,85,950,876,2.4000000000000004,52.0567,40.9472
2004,8,30,12,30,30.700000000000003,85,952,882,2.4000000000000004,52.4094,41.2272
2004,8,30,13,0,31,85,949,874,2.3000000000000003,51.7389,40.6964
2004,8,30,13,30,31.1,84,944,850,2.3000000000000003,50.1691,39.4523
2004,8,30,14,0,31.200000000000003,83,932,810,2.3000000000000003,47.5898,37.4086
2004,8,30,14,30,31.1,81,920,758,2.3000000000000003,44.0197,34.5805
2004,8,30,15,0,31,80,901,694,2.3000000000000003,39.8414,31.2695
2004,8,30,15,30,30.700000000000003,76,878,618,2.4000000000000004,34.8535,27.3186
2004,8,30,16,0,30.3,72,849,534,2.5,29.2899,22.9134
2004,8,30,16,30,29.6,67,809,441,2.5,23.4527,18.2938
2004,8,30,17,0,28.900000000000002,61,751,343,2.6,17.5055,13.5928
2004,8,30,17,30,26.900000000000002,52,675,244,2.2,11.8322,9.1213
2004,8,30,18,0,25,41,562,148,1.8,5.7261,4.3708
2004,8,30,18,30,23.6,26,376,62,2,0.0000,0.0000
2004,8,30,19,0,22.3,0,0,0,2.3000000000000003,0.0000,0.0000
2004,8,30,19,30,22,0,0,0,2.6,0.0000,0.0000
2004,8,30,20,0,21.700000000000003,0,0,0,3,0.0000,0.0000
2004,8,30,20,30,21.1,0,0,0,3,0.0000,0.0000
2004,8,30,21,0,20.6,0,0,0,3,0.0000,0.0000
2004,8,30,21,30,20.200000000000003,0,0,0,2.9000000000000004,0.0000,0.0000
2004,8,30,22,0,19.700000000000003,0,0,0,2.9000000000000004,0.0000,0.0000
2004,8,30,22,30,19.5,0,0,0,3,0.0000,0.0000
2004,8,30,23,0,19.200000000000003,0,0,0,3.1,0.0000,0.0000
2004,8,30,23,30,19,0,0,0,3.2,0.0000,0.0000
2004,8,31,0,0,18.8,0,0,0,3.4000000000000004,0.0000,0.0000
2004,8,31,0,30,18.6,0,0,0,3.5,0.0000,0.0000
2004,8,31,1,0,18.3,0,0,0,3.6,0.0000,0.0000
2004,8,31,1,30,18.1,0,0,0,3.6,0.0000,0.0000
2004,8,31,2,0,17.8,0,0,0,3.7,0.0000,0.0000
2004,8,31,2,30,17.6,0,0,0,3.6,0.0000,0.0000
2004,8,31,3,0,17.5,0,0,0,3.5,0.0000,0.0000
2004,8,31,3,30,17.3,0,0,0,3.5,0.0000,0.0000
2004,8,31,4,0,17.2,0,0,0,3.4000000000000004,0.0000,0.0000
2004,8,31,4,30,17,0,0,0,3.4000000000000004,0.0000,0.0000
2004,8,31,5,0,16.900000000000002,0,0,0,3.4000000000000004,0.0000,0.0000
2004,8,31,5,30,17,0,0,0,2.8000000000000003,0.0000,0.0000
2004,8,31,6,0,17.1,0,0,0,2.3000000000000003,0.0000,0.0000
2004,8,31,6,30,17.8,37,2,37,1.8,0.0000,0.0000
2004,8,31,7,0,18.400000000000002,98,26,103,1.4000000000000001,8.0347,6.1393
2004,8,31,7,30,19.700000000000003,124,24,131,1.1,13.2996,10.2623
2004,8,31,8,0,21,155,38,169,0.9,19.2177,14.9312
2004,8,31,8,30,23.1,261,79,298,1.3,25.3391,19.7723
2004,8,31,9,0,25.1,144,0,144,1.7000000000000002,31.2221,24.4305
2004,8,31,9,30,26.900000000000002,118,763,594,2.3000000000000003,36.6433,28.7256
2004,8,31,10,0,28.700000000000003,120,795,667,3,41.5864,32.6420
2004,8,31,10,30,29.700000000000003,126,815,729,3.5,45.8302,36.0047
2004,8,31,11,0,30.8,130,827,776,4,49.1018,38.5981
2004,8,31,11,30,31.400000000000002,132,838,813,4.2,51.5530,40.5407
2004,8,31,12,0,32,107,886,842,4.5,52.8095,41.5378
2004,8,31,12,30,32.5,107,888,848,4.6000000000000005,53.2221,41.8648
2004,8,31,13,0,33,104,892,842,4.7,52.6703,41.4273
2004,8,31,13,30,33.4,103,887,819,4.7,51.0349,40.1313
2004,8,31,14,0,33.800000000000004,99,883,784,4.7,48.3287,37.9874
2004,8,31,14,30,33.9,96,870,732,4.5,44.8082,35.1977
2004,8,31,15,0,34,91,854,669,4.3,40.4998,31.7838
2004,8,31,15,30,33.800000000000004,87,832,596,4.1000000000000005,35.4413,27.7766
2004,8,31,16,0,33.5,80,804,514,3.8000000000000003,29.9177,23.4014
2004,8,31,16,30,32.800000000000004,74,763,424,3.3000000000000003,23.9499,18.6779
2004,8,31,17,0,32,66,707,328,2.8000000000000003,17.8804,13.8798
2004,8,31,17,30,30.1,56,626,231,2.2,12.0979,9.3217
2004,8,31,18,0,28.1,43,522,139,1.5,7.0575,5.3847
2004,8,31,18,30,26.900000000000002,26,336,56,1.6,0.0000,0.0000
2004,8,31,19,0,25.700000000000003,0,0,0,1.6,0.0000,0.0000
2004,8,31,19,30,25.3,0,0,0,1.7000000000000002,0.0000,0.0000
2004,8,31,20,0,24.8,0,0,0,1.9000000000000001,0.0000,0.0000
2004,8,31,20,30,24.200000000000003,0,0,0,2,0.0000,0.0000
2004,8,31,21,0,23.6,0,0,0,2.1,0.0000,0.0000
2004,8,31,21,30,23.1,0,0,0,2.2,0.0000,0.0000
2004,8,31,22,0,22.700000000000003,0,0,0,2.3000000000000003,0.0000,0.0000
2004,8,31,22,30,22.200000000000003,0,0,0,2.3000000000000003,0.0000,0.0000
2004,8,31,23,0,21.700000000000003,0,0,0,2.3000000000000003,0.0000,0.0000
2004,8,31,23,30,21.3,0,0,0,2.4000000000000004,0.0000,0.0000
2004,9,1,0,0,20.900000000000002,0,0,0,2.4000000000000004,0.0000,0.0000
2004,9,1,0,30,20.6,0,0,0,2.4000000000000004,0.0000,0.0000
2004,9,1,1,0,20.400000000000002,0,0,0,2.4000000000000004,0.0000,0.0000
2004,9,1,1,30,20.200000000000003,0,0,0,2.3000000000000003,0.0000,0.0000
2004,9,1,2,0,20,0,0,0,2.3000000000000003,0.0000,0.0000
2004,9,1,2,30,19.700000000000003,0,0,0,2.3000000000000003,0.0000,0.0000
2004,9,1,3,0,19.5,0,0,0,2.2,0.0000,0.0000
2004,9,1,3,30,19.3,0,0,0,2.2,0.0000,0.0000
2004,9,1,4,0,19,0,0,0,2.1,0.0000,0.0000
2004,9,1,4,30,18.7,0,0,0,2,0.0000,0.0000
2004,9,1,5,0,18.5,0,0,0,1.9000000000000001,0.0000,0.0000
2004,9,1,5,30,18.900000000000002,0,0,0,2.2,0.0000,0.0000
2004,9,1,6,0,19.400000000000002,0,0,0,2.4000000000000004,0.0000,0.0000
2004,9,1,6,30,20.6,38,1,38,2.7,0.0000,0.0000
2004,9,1,7,0,21.8,46,533,152,2.9000000000000004,4.9223,3.7600
2004,9,1,7,30,23.5,58,646,247,2.8000000000000003,6.5388,5.0441
2004,9,1,8,0,25.200000000000003,67,722,344,2.6,8.8608,6.8832
2004,9,1,8,30,27.400000000000002,74,777,440,2.8000000000000003,16.2542,12.6818
2004,9,1,9,0,29.6,80,817,529,2.9000000000000004,8.0929,6.3319
2004,9,1,9,30,31,177,609,556,3.1,34.1419,26.7630
2004,9,1,10,0,32.4,209,576,603,3.3000000000000003,38.9848,30.5984
2004,9,1,10,30,33.1,346,384,629,3.5,43.1367,33.8871
2004,9,1,11,0,33.9,356,418,682,3.6,46.3247,36.4135
2004,9,1,11,30,34.4,434,255,640,3.7,48.8191,38.3892
2004,9,1,12,0,34.9,98,909,849,3.8000000000000003,50.7283,39.8992
2004,9,1,12,30,35.2,98,911,855,3.9000000000000004,51.1386,40.2243
2004,9,1,13,0,35.5,98,909,846,4,50.7083,39.8824
2004,9,1,13,30,35.5,97,903,823,4,49.1380,38.6379
2004,9,1,14,0,35.6,94,895,785,4.1000000000000005,46.7397,36.7364
2004,9,1,14,30,35.300000000000004,92,882,733,4.1000000000000005,43.2322,33.9575
2004,9,1,15,0,35.1,87,866,670,4.1000000000000005,38.9992,30.6037
2004,9,1,15,30,34.7,83,842,595,4,34.1355,26.7504
2004,9,1,16,0,34.300000000000004,78,813,513,4,28.7514,22.4859
2004,9,1,16,30,33.4,72,770,421,3.7,22.9795,17.9173
2004,9,1,17,0,32.6,64,714,325,3.5,17.0554,13.2351
2004,9,1,17,30,30.5,55,632,228,2.8000000000000003,11.4217,8.7963
2004,9,1,18,0,28.5,42,512,134,2.2,6.6257,5.0532
2004,9,1,18,30,27.200000000000003,25,318,52,2.3000000000000003,0.0000,0.0000
2004,9,1,19,0,25.900000000000002,0,0,0,2.4000000000000004,0.0000,0.0000
2004,9,1,19,30,25.5,0,0,0,2.6,0.0000,0.0000
2004,9,1,20,0,25.1,0,0,0,2.9000000000000004,0.0000,0.0000
2004,9,1,20,30,24.6,0,0,0,3,0.0000,0.0000
2004,9,1,21,0,24.1,0,0,0,3.2,0.0000,0.0000
2004,9,1,21,30,23.700000000000003,0,0,0,3.3000000000000003,0.0000,0.0000
2004,9,1,22,0,23.200000000000003,0,0,0,3.4000000000000004,0.0000,0.0000
2004,9,1,22,30,22.8,0,0,0,3.5,0.0000,0.0000
2004,9,1,23,0,22.3,0,0,0,3.5,0.0000,0.0000
2004,9,1,23,30,21.900000000000002,0,0,0,3.4000000000000004,0.0000,0.0000
2004,9,2,0,0,21.5,0,0,0,3.3000000000000003,0.0000,0.0000
2004,9,2,0,30,21.200000000000003,0,0,0,3.2,0.0000,0.0000
2004,9,2,1,0,20.8,0,0,0,3,0.0000,0.0000
2004,9,2,1,30,20.5,0,0,0,2.9000000000000004,0.0000,0.0000
2004,9,2,2,0,20.200000000000003,0,0,0,2.8000000000000003,0.0000,0.0000
2004,9,2,2,30,19.900000000000002,0,0,0,2.8000000000000003,0.0000,0.0000
2004,9,2,3,0,19.6,0,0,0,2.8000000000000003,0.0000,0.0000
2004,9,2,3,30,19.3,0,0,0,2.8000000000000003,0.0000,0.0000
2004,9,2,4,0,19,0,0,0,2.8000000000000003,0.0000,0.0000
2004,9,2,4,30,18.8,0,0,0,2.8000000000000003,0.0000,0.0000
2004,9,2,5,0,18.5,0,0,0,2.8000000000000003,0.0000,0.0000
2004,9,2,5,30,18.6,0,0,0,3,0.0000,0.0000
2004,9,2,6,0,18.7,0,0,0,3.3000000000000003,0.0000,0.0000
2004,9,2,6,30,19.700000000000003,29,360,66,3.4000000000000004,0.0000,0.0000
2004,9,2,7,0,20.700000000000003,46,543,152,3.5,7.2590,5.5432
2004,9,2,7,30,22.700000000000003,58,657,248,3.9000000000000004,12.3083,9.4921
2004,9,2,8,0,24.6,67,737,348,4.4,18.0083,13.9864
2004,9,2,8,30,26.3,74,792,444,4.800000000000001,23.9703,18.6997
2004,9,2,9,0,28,79,834,536,5.300000000000001,29.7005,23.2359
2004,9,2,9,30,28.900000000000002,84,865,619,5.4,31.9302,25.0275
2004,9,2,10,0,29.900000000000002,89,886,692,5.5,35.2174,27.6399
2004,9,2,10,30,30.5,92,903,755,5.7,37.1942,29.2174
2004,9,2,11,0,31.200000000000003,96,913,804,5.800000000000001,40.6870,31.9807
2004,9,2,11,30,31.6,97,921,839,5.9,38.4068,30.2002
2004,9,2,12,0,32.1,97,925,858,6.1000000000000005,51.1187,40.2047
2004,9,2,12,30,32.300000000000004,97,926,864,6.2,51.5281,40.5290
2004,9,2,13,0,32.6,97,924,855,6.2,50.9149,40.0431
2004,9,2,13,30,32.6,96,919,831,6.2,49.3426,38.7969
2004,9,2,14,0,32.7,95,909,792,6.300000000000001,46.7620,36.7520
2004,9,2,14,30,32.6,92,896,740,6.2,43.2504,33.9696
2004,9,2,15,0,32.4,89,878,676,6.2,39.0152,30.6137
2004,9,2,15,30,32,85,853,600,6.1000000000000005,34.0336,26.6677
2004,9,2,16,0,31.700000000000003,81,819,514,6,28.6476,22.4014
2004,9,2,16,30,31,74,775,422,5.800000000000001,22.7709,17.7510
2004,9,2,17,0,30.3,67,713,325,5.6000000000000005,16.8564,13.0764
2004,9,2,17,30,29.1,57,628,226,5.1000000000000005,11.2424,8.6538
2004,9,2,18,0,27.900000000000002,44,498,131,4.6000000000000005,6.3869,4.8692
2004,9,2,18,30,26.700000000000003,25,298,49,4.7,0.0000,0.0000
2004,9,2,19,0,25.6,0,0,0,4.7,0.0000,0.0000
2004,9,2,19,30,24.900000000000002,0,0,0,4.800000000000001,0.0000,0.0000
2004,9,2,20,0,24.200000000000003,0,0,0,5,0.0000,0.0000
2004,9,2,20,30,23.700000000000003,0,0,0,5.1000000000000005,0.0000,0.0000
2004,9,2,21,0,23.200000000000003,0,0,0,5.2,0.0000,0.0000
2004,9,2,21,30,22.6,0,0,0,5,0.0000,0.0000
2004,9,2,22,0,22.1,0,0,0,4.9,0.0000,0.0000
2004,9,2,22,30,21.6,0,0,0,4.7,0.0000,0.0000
2004,9,2,23,0,21.1,0,0,0,4.6000000000000005,0.0000,0.0000
2004,9,2,23,30,20.700000000000003,0,0,0,4.4,0.0000,0.0000
2004,9,3,0,0,20.200000000000003,0,0,0,4.3,0.0000,0.0000
2004,9,3,0,30,19.8,0,0,0,4.1000000000000005,0.0000,0.0000
2004,9,3,1,0,19.3,0,0,0,4,0.0000,0.0000
2004,9,3,1,30,19.1,0,0,0,4,0.0000,0.0000
2004,9,3,2,0,18.8,0,0,0,4.1000000000000005,0.0000,0.0000
2004,9,3,2,30,18.8,0,0,0,4.2,0.0000,0.0000
2004,9,3,3,0,18.8,0,0,0,4.3,0.0000,0.0000
2004,9,3,3,30,18.5,0,0,0,4.1000000000000005,0.0000,0.0000
2004,9,3,4,0,18.3,0,0,0,3.9000000000000004,0.0000,0.0000
2004,9,3,4,30,18.1,0,0,0,3.7,0.0000,0.0000
2004,9,3,5,0,17.8,0,0,0,3.6,0.0000,0.0000
2004,9,3,5,30,17.900000000000002,0,0,0,3.7,0.0000,0.0000
2004,9,3,6,0,18,0,0,0,3.8000000000000003,0.0000,0.0000
2004,9,3,6,30,19.200000000000003,33,290,61,4,0.0000,0.0000
2004,9,3,7,0,20.400000000000002,53,475,145,4.3,7.2547,5.5384
2004,9,3,7,30,22.1,69,595,239,4.5,12.3374,9.5118
2004,9,3,8,0,23.8,79,683,337,4.7,18.1908,14.1256
2004,9,3,8,30,25.400000000000002,88,745,434,5,24.1570,18.8429
2004,9,3,9,0,27.1,97,786,524,5.300000000000001,30.0633,23.5176
2004,9,3,9,30,28.400000000000002,103,819,607,5.5,35.5171,27.8371
2004,9,3,10,0,29.700000000000003,107,846,680,5.7,40.3844,31.6933
2004,9,3,10,30,30.5,110,865,742,5.800000000000001,44.6143,35.0445
2004,9,3,11,0,31.3,114,875,789,5.9,47.9342,37.6754
2004,9,3,11,30,31.8,116,884,825,5.9,50.3170,39.5638
2004,9,3,12,0,32.300000000000004,114,894,846,5.9,51.6275,40.6031
2004,9,3,12,30,32.6,114,895,852,5.800000000000001,52.0360,40.9268
2004,9,3,13,0,32.800000000000004,113,894,843,5.800000000000001,51.4203,40.4388
2004,9,3,13,30,32.9,419,310,666,5.7,49.7839,39.1419
2004,9,3,14,0,33,424,123,517,5.7,47.1386,37.0458
2004,9,3,14,30,32.800000000000004,397,228,561,5.6000000000000005,43.6227,34.2598
2004,9,3,15,0,32.7,103,843,663,5.6000000000000005,39.3199,30.8502
2004,9,3,15,30,32.300000000000004,339,119,410,5.5,34.2725,26.8519
2004,9,3,16,0,31.8,92,779,501,5.5,28.6563,22.4049
2004,9,3,16,30,31.200000000000003,84,732,409,5.300000000000001,22.7768,17.7517
2004,9,3,17,0,30.5,76,665,313,5.2,16.8116,13.0371
2004,9,3,17,30,29.3,64,575,216,4.7,11.1135,8.5502
2004,9,3,18,0,28.1,49,432,122,4.3,6.2458,4.7600
2004,9,3,18,30,27.1,26,234,43,4.3,0.0000,0.0000
2004,9,3,19,0,26,0,0,0,4.3,0.0000,0.0000
2004,9,3,19,30,25.400000000000002,0,0,0,4.5,0.0000,0.0000
2004,9,3,20,0,24.8,0,0,0,4.6000000000000005,0.0000,0.0000
2004,9,3,20,30,24.400000000000002,0,0,0,4.6000000000000005,0.0000,0.0000
2004,9,3,21,0,23.900000000000002,0,0,0,4.6000000000000005,0.0000,0.0000
2004,9,3,21,30,23.5,0,0,0,4.5,0.0000,0.0000
2004,9,3,22,0,23,0,0,0,4.3,0.0000,0.0000
2004,9,3,22,30,22.5,0,0,0,4,0.0000,0.0000
2004,9,3,23,0,21.900000000000002,0,0,0,3.7,0.0000,0.0000
2004,9,3,23,30,21.400000000000002,0,0,0,3.6,0.0000,0.0000
2004,9,4,0,0,21,0,0,0,3.5,0.0000,0.0000
2004,9,4,0,30,20.6,0,0,0,3.4000000000000004,0.0000,0.0000
2004,9,4,1,0,20.200000000000003,0,0,0,3.4000000000000004,0.0000,0.0000
2004,9,4,1,30,19.900000000000002,0,0,0,3.4000000000000004,0.0000,0.0000
2004,9,4,2,0,19.6,0,0,0,3.3000000000000003,0.0000,0.0000
2004,9,4,2,30,19.3,0,0,0,3.3000000000000003,0.0000,0.0000
2004,9,4,3,0,19,0,0,0,3.3000000000000003,0.0000,0.0000
2004,9,4,3,30,18.7,0,0,0,3.3000000000000003,0.0000,0.0000
2004,9,4,4,0,18.5,0,0,0,3.2,0.0000,0.0000
2004,9,4,4,30,18.2,0,0,0,3.2,0.0000,0.0000
2004,9,4,5,0,18,0,0,0,3.2,0.0000,0.0000
2004,9,4,5,30,18,0,0,0,3.3000000000000003,0.0000,0.0000
2004,9,4,6,0,18.1,0,0,0,3.5,0.0000,0.0000
2004,9,4,6,30,19,34,224,56,3.6,0.0000,0.0000
2004,9,4,7,0,20,61,392,136,3.7,6.9172,5.2792
2004,9,4,7,30,21.900000000000002,82,513,228,4.2,11.8687,9.1477
2004,9,4,8,0,23.8,206,40,220,4.7,17.5881,13.6549
2004,9,4,8,30,25.6,112,654,414,5.300000000000001,23.5837,18.3934
2004,9,4,9,0,27.400000000000002,288,248,423,5.9,29.3590,22.9645
2004,9,4,9,30,28.5,325,276,494,6,34.7979,27.2715
2004,9,4,10,0,29.5,353,310,562,6.2,39.6533,31.1178
2004,9,4,10,30,30.3,417,132,513,6.300000000000001,43.8145,34.4145
2004,9,4,11,0,31.1,441,155,560,6.4,47.0078,36.9456
2004,9,4,11,30,31.6,162,785,788,6.5,49.4456,38.8770
2004,9,4,12,0,32.2,144,821,814,6.5,50.8724,40.0075
2004,9,4,12,30,32.5,145,822,819,6.6000000000000005,51.2788,40.3295
2004,9,4,13,0,32.9,382,418,721,6.7,50.6633,39.8416
2004,9,4,13,30,33,138,816,784,6.7,39.8687,31.3446
2004,9,4,14,0,33.2,135,806,747,6.7,30.7450,24.1608
2004,9,4,14,30,33,131,789,694,6.6000000000000005,33.0376,25.9448
2004,9,4,15,0,32.9,130,756,629,6.5,38.5194,30.2195
2004,9,4,15,30,32.6,123,725,554,6.300000000000001,23.3879,18.3220
2004,9,4,16,0,32.2,115,685,471,6.2,27.8836,21.7973
2004,9,4,16,30,31.6,235,47,256,5.800000000000001,22.0279,17.1641
2004,9,4,17,0,30.900000000000002,191,88,222,5.5,16.1488,12.5188
2004,9,4,17,30,30,75,470,197,5.2,10.5932,8.1457
2004,9,4,18,0,29,75,4,75,4.9,0.0000,0.0000
2004,9,4,18,30,28.3,24,0,24,5,0.0000,0.0000
2004,9,4,19,0,27.5,0,0,0,5.1000000000000005,0.0000,0.0000
2004,9,4,19,30,27,0,0,0,5.2,0.0000,0.0000
2004,9,4,20,0,26.5,0,0,0,5.300000000000001,0.0000,0.0000
2004,9,4,20,30,26.1,0,0,0,5.2,0.0000,0.0000
2004,9,4,21,0,25.700000000000003,0,0,0,5.1000000000000005,0.0000,0.0000
2004,9,4,21,30,25.200000000000003,0,0,0,4.800000000000001,0.0000,0.0000
2004,9,4,22,0,24.8,0,0,0,4.6000000000000005,0.0000,0.0000
2004,9,4,22,30,24.5,0,0,0,4.7,0.0000,0.0000
2004,9,4,23,0,24.200000000000003,0,0,0,4.7,0.0000,0.0000
2004,9,4,23,30,23.900000000000002,0,0,0,4.800000000000001,0.0000,0.0000
2004,9,5,0,0,23.6,0,0,0,4.800000000000001,0.0000,0.0000
2004,9,5,0,30,23.400000000000002,0,0,0,4.800000000000001,0.0000,0.0000
2004,9,5,1,0,23.200000000000003,0,0,0,4.800000000000001,0.0000,0.0000
2004,9,5,1,30,23,0,0,0,4.800000000000001,0.0000,0.0000
2004,9,5,2,0,22.8,0,0,0,4.7,0.0000,0.0000
2004,9,5,2,30,22.6,0,0,0,4.5,0.0000,0.0000
2004,9,5,3,0,22.400000000000002,0,0,0,4.4,0.0000,0.0000
2004,9,5,3,30,22.200000000000003,0,0,0,4.4,0.0000,0.0000
2004,9,5,4,0,22,0,0,0,4.3,0.0000,0.0000
2004,9,5,4,30,21.900000000000002,0,0,0,4.3,0.0000,0.0000
2004,9,5,5,0,21.8,0,0,0,4.3,0.0000,0.0000
2004,9,5,5,30,21.900000000000002,0,0,0,4.5,0.0000,0.0000
2004,9,5,6,0,22.1,0,0,0,4.7,0.0000,0.0000
2004,9,5,6,30,22.700000000000003,32,2,32,4.800000000000001,0.0000,0.0000
2004,9,5,7,0,23.200000000000003,94,52,104,5,6.4854,4.9483
2004,9,5,7,30,23.700000000000003,85,7,87,5.2,11.3036,8.7095
2004,9,5,8,0,24.200000000000003,61,0,61,5.4,11.4637,8.8983
2004,9,5,8,30,24.400000000000002,214,69,246,5.5,22.4673,17.5203
2004,9,5,9,0,24.6,184,14,191,5.6000000000000005,23.6746,18.5164
2004,9,5,9,30,25.1,240,305,426,5.800000000000001,28.2936,22.1723
2004,9,5,10,0,25.5,256,19,268,6,32.7456,25.6954
2004,9,5,10,30,26.1,265,14,275,6.300000000000001,30.2702,23.7748
2004,9,5,11,0,26.700000000000003,274,12,284,6.6000000000000005,33.3412,26.2031
2004,9,5,11,30,27,272,9,279,7,47.1963,37.1068
2004,9,5,12,0,27.3,119,0,119,7.5,48.9158,38.4671
2004,9,5,12,30,26.8,30,0,30,7.4,49.2589,38.7392
2004,9,5,13,0,26.3,226,0,226,7.300000000000001,43.2997,34.0493
2004,9,5,13,30,25.8,262,8,268,6.800000000000001,46.8961,36.8677
2004,9,5,14,0,25.3,372,74,428,6.2,44.3834,34.8764
2004,9,5,14,30,25.5,354,45,387,5.9,40.8297,32.0616
2004,9,5,15,0,25.8,82,0,82,5.6000000000000005,36.5013,28.6337
2004,9,5,15,30,26.1,105,767,557,5.300000000000001,31.5575,24.7191
2004,9,5,16,0,26.3,82,777,483,5.1000000000000005,26.1681,20.4530
2004,9,5,16,30,26,235,129,292,4.5,13.7568,10.7166
2004,9,5,17,0,25.700000000000003,64,687,302,3.8000000000000003,11.4227,8.8518
2004,9,5,17,30,24.5,54,598,206,3.5,9.6350,7.4048
2004,9,5,18,0,23.3,78,14,81,3.1,0.0000,0.0000
2004,9,5,18,30,22.3,24,0,24,3.6,0.0000,0.0000
2004,9,5,19,0,21.200000000000003,0,0,0,4.2,0.0000,0.0000
2004,9,5,19,30,20.1,0,0,0,4.3,0.0000,0.0000
2004,9,5,20,0,19,0,0,0,4.3,0.0000,0.0000
2004,9,5,20,30,18.3,0,0,0,4.2,0.0000,0.0000
2004,9,5,21,0,17.6,0,0,0,4,0.0000,0.0000
2004,9,5,21,30,17.1,0,0,0,4,0.0000,0.0000
2004,9,5,22,0,16.7,0,0,0,4,0.0000,0.0000
2004,9,5,22,30,16.3,0,0,0,3.9000000000000004,0.0000,0.0000
2004,9,5,23,0,15.9,0,0,0,3.9000000000000004,0.0000,0.0000
2004,9,5,23,30,15.600000000000001,0,0,0,3.8000000000000003,0.0000,0.0000
2004,9,6,0,0,15.3,0,0,0,3.7,0.0000,0.0000
2004,9,6,0,30,15.100000000000001,0,0,0,3.7,0.0000,0.0000
2004,9,6,1,0,14.9,0,0,0,3.6,0.0000,0.0000
2004,9,6,1,30,14.700000000000001,0,0,0,3.6,0.0000,0.0000
2004,9,6,2,0,14.5,0,0,0,3.5,0.0000,0.0000
2004,9,6,2,30,14.3,0,0,0,3.3000000000000003,0.0000,0.0000
2004,9,6,3,0,14.100000000000001,0,0,0,3,0.0000,0.0000
2004,9,6,3,30,13.8,0,0,0,2.8000000000000003,0.0000,0.0000
2004,9,6,4,0,13.5,0,0,0,2.6,0.0000,0.0000
2004,9,6,4,30,13.3,0,0,0,2.6,0.0000,0.0000
2004,9,6,5,0,13.200000000000001,0,0,0,2.5,0.0000,0.0000
2004,9,6,5,30,13.5,0,0,0,2.8000000000000003,0.0000,0.0000
2004,9,6,6,0,13.8,0,0,0,3.1,0.0000,0.0000
2004,9,6,6,30,15,25,382,59,3.5,0.0000,0.0000
2004,9,6,7,0,16.3,40,580,147,3.9000000000000004,4.9580,3.7819
2004,9,6,7,30,18,51,700,246,4.4,4.3060,3.3169
2004,9,6,8,0,19.700000000000003,57,785,347,5,3.1738,2.4631
2004,9,6,8,30,21.1,63,838,444,5.300000000000001,13.3333,10.3962
2004,9,6,9,0,22.400000000000002,65,886,539,5.5,10.6783,8.3509
2004,9,6,9,30,23.3,69,915,623,5.6000000000000005,24.3770,19.1017
2004,9,6,10,0,24.1,71,937,698,5.7,15.6030,12.2429
2004,9,6,10,30,24.700000000000003,74,952,760,5.7,16.2147,12.7347
2004,9,6,11,0,25.3,76,963,810,5.6000000000000005,16.8969,13.2788
2004,9,6,11,30,25.8,77,967,843,5.5,16.6990,13.1285
2004,9,6,12,0,26.3,81,968,863,5.4,7.1461,5.6194
2004,9,6,12,30,26.6,81,969,868,5.4,1.8031,1.4180
2004,9,6,13,0,26.900000000000002,81,967,859,5.300000000000001,13.5624,10.6644
2004,9,6,13,30,26.900000000000002,80,962,833,5.300000000000001,16.0179,12.5918
2004,9,6,14,0,27,77,957,796,5.300000000000001,25.4076,19.9640
2004,9,6,14,30,26.900000000000002,75,944,742,5.2,22.7446,17.8590
2004,9,6,15,0,26.8,73,927,676,5.1000000000000005,4.7529,3.7281
2004,9,6,15,30,26.400000000000002,69,904,598,5,31.6814,24.8132
2004,9,6,16,0,26,65,872,511,4.800000000000001,26.7873,20.9335
2004,9,6,16,30,25.3,60,834,418,4.3,15.6567,12.1938
2004,9,6,17,0,24.6,54,775,318,3.8000000000000003,15.4964,12.0042
2004,9,6,17,30,22.6,46,686,217,2.8000000000000003,10.0491,7.7188
2004,9,6,18,0,20.6,35,551,120,1.8,0.0000,0.0000
2004,9,6,18,30,19.200000000000003,19,325,38,1.7000000000000002,0.0000,0.0000
2004,9,6,19,0,17.8,0,0,0,1.5,0.0000,0.0000
2004,9,6,19,30,17.3,0,0,0,1.5,0.0000,0.0000
2004,9,6,20,0,16.8,0,0,0,1.4000000000000001,0.0000,0.0000
2004,9,6,20,30,16.400000000000002,0,0,0,1.4000000000000001,0.0000,0.0000
2004,9,6,21,0,15.9,0,0,0,1.3,0.0000,0.0000
2004,9,6,21,30,15.600000000000001,0,0,0,1.3,0.0000,0.0000
2004,9,6,22,0,15.200000000000001,0,0,0,1.2000000000000002,0.0000,0.0000
2004,9,6,22,30,14.9,0,0,0,1.2000000000000002,0.0000,0.0000
2004,9,6,23,0,14.600000000000001,0,0,0,1.1,0.0000,0.0000
2004,9,6,23,30,14.3,0,0,0,1.1,0.0000,0.0000
2004,9,7,0,0,14.100000000000001,0,0,0,1.1,0.0000,0.0000
2004,9,7,0,30,13.8,0,0,0,1.2000000000000002,0.0000,0.0000
2004,9,7,1,0,13.5,0,0,0,1.2000000000000002,0.0000,0.0000
2004,9,7,1,30,13.200000000000001,0,0,0,1.3,0.0000,0.0000
2004,9,7,2,0,12.9,0,0,0,1.4000000000000001,0.0000,0.0000
2004,9,7,2,30,12.600000000000001,0,0,0,1.5,0.0000,0.0000
2004,9,7,3,0,12.200000000000001,0,0,0,1.5,0.0000,0.0000
2004,9,7,3,30,11.9,0,0,0,1.5,0.0000,0.0000
2004,9,7,4,0,11.5,0,0,0,1.5,0.0000,0.0000
2004,9,7,4,30,11.200000000000001,0,0,0,1.5,0.0000,0.0000
2004,9,7,5,0,10.9,0,0,0,1.5,0.0000,0.0000
2004,9,7,5,30,11.200000000000001,0,0,0,1.8,0.0000,0.0000
2004,9,7,6,0,11.5,0,0,0,2,0.0000,0.0000
2004,9,7,6,30,12.600000000000001,25,378,57,2.3000000000000003,0.0000,0.0000
2004,9,7,7,0,13.700000000000001,41,565,143,2.6,7.0068,5.3434
2004,9,7,7,30,15.5,52,681,239,2.8000000000000003,12.1555,9.3604
2004,9,7,8,0,17.3,61,755,337,3,18.0251,13.9858
2004,9,7,8,30,18.6,68,810,435,3,24.0328,18.7361
2004,9,7,9,0,19.900000000000002,80,831,521,3,30.1011,23.5381
2004,9,7,9,30,20.8,85,862,605,2.7,35.6160,27.9064
2004,9,7,10,0,21.700000000000003,90,883,678,2.5,40.6037,31.8577
2004,9,7,10,30,22.5,93,898,738,2.3000000000000003,44.7769,35.1648
2004,9,7,11,0,23.3,96,910,787,2.1,48.1577,37.8439
2004,9,7,11,30,23.900000000000002,97,919,821,2,50.4210,39.6386
2004,9,7,12,0,24.6,90,935,842,1.9000000000000001,51.7881,40.7222
2004,9,7,12,30,25.1,90,936,848,1.9000000000000001,52.1318,40.9947
2004,9,7,13,0,25.5,90,934,837,1.8,51.5103,40.5018
2004,9,7,13,30,25.8,89,925,810,1.8,49.7459,39.1037
2004,9,7,14,0,26.1,87,916,771,1.8,47.2091,37.0921
2004,9,7,14,30,26.1,84,902,717,1.8,43.5640,34.2037
2004,9,7,15,0,26.1,79,889,653,1.9000000000000001,39.1335,30.6929
2004,9,7,15,30,25.8,75,864,576,2,33.9638,26.5975
2004,9,7,16,0,25.5,70,831,491,2,28.2876,22.1022
2004,9,7,16,30,24.900000000000002,65,786,398,2.1,22.3610,17.4108
2004,9,7,17,0,24.200000000000003,57,724,301,2.1,16.2723,12.6004
2004,9,7,17,30,22.3,48,635,203,1.7000000000000002,10.5580,8.1052
2004,9,7,18,0,20.400000000000002,36,498,110,1.4000000000000001,0.0000,0.0000
2004,9,7,18,30,19.200000000000003,18,272,32,1.5,0.0000,0.0000
2004,9,7,19,0,18,0,0,0,1.7000000000000002,0.0000,0.0000
2004,9,7,19,30,17.5,0,0,0,1.9000000000000001,0.0000,0.0000
2004,9,7,20,0,17.1,0,0,0,2.1,0.0000,0.0000
2004,9,7,20,30,16.6,0,0,0,2,0.0000,0.0000
2004,9,7,21,0,16.2,0,0,0,2,0.0000,0.0000
2004,9,7,21,30,15.8,0,0,0,2,0.0000,0.0000
2004,9,7,22,0,15.3,0,0,0,1.9000000000000001,0.0000,0.0000
2004,9,7,22,30,15,0,0,0,2,0.0000,0.0000
2004,9,7,23,0,14.700000000000001,0,0,0,2,0.0000,0.0000
2004,9,7,23,30,14.3,0,0,0,2,0.0000,0.0000
2004,9,8,0,0,14,0,0,0,2.1,0.0000,0.0000
2004,9,8,0,30,13.700000000000001,0,0,0,2.1,0.0000,0.0000
2004,9,8,1,0,13.5,0,0,0,2.2,0.0000,0.0000
2004,9,8,1,30,13.200000000000001,0,0,0,2.1,0.0000,0.0000
2004,9,8,2,0,12.9,0,0,0,2.1,0.0000,0.0000
2004,9,8,2,30,12.600000000000001,0,0,0,2,0.0000,0.0000
2004,9,8,3,0,12.3,0,0,0,2,0.0000,0.0000
2004,9,8,3,30,12.100000000000001,0,0,0,1.9000000000000001,0.0000,0.0000
2004,9,8,4,0,11.8,0,0,0,1.8,0.0000,0.0000
2004,9,8,4,30,11.700000000000001,0,0,0,1.9000000000000001,0.0000,0.0000
2004,9,8,5,0,11.5,0,0,0,2,0.0000,0.0000
2004,9,8,5,30,11.700000000000001,0,0,0,2.3000000000000003,0.0000,0.0000
2004,9,8,6,0,11.8,0,0,0,2.5,0.0000,0.0000
2004,9,8,6,30,12.700000000000001,29,2,29,2.6,0.0000,0.0000
2004,9,8,7,0,13.5,80,4,80,2.8000000000000003,6.8158,5.1965
2004,9,8,7,30,15.3,127,9,129,3.1,11.7891,9.0753
2004,9,8,8,0,17.1,59,0,59,3.5,17.4773,13.5579
2004,9,8,8,30,18.7,45,0,45,3.7,23.5138,18.3289
2004,9,8,9,0,20.200000000000003,283,56,313,3.9000000000000004,29.0636,22.7245
2004,9,8,9,30,21.200000000000003,300,49,330,3.8000000000000003,34.5538,27.0720
2004,9,8,10,0,22.3,312,24,328,3.7,39.4070,30.9168
2004,9,8,10,30,23.200000000000003,101,872,724,3.7,43.4479,34.1192
2004,9,8,11,0,24.1,102,888,773,3.7,46.7566,36.7411
2004,9,8,11,30,24.8,103,897,807,3.7,49.0707,38.5752
2004,9,8,12,0,25.6,99,911,829,3.7,50.4929,39.7019
2004,9,8,12,30,26.200000000000003,99,913,834,3.8000000000000003,50.8940,40.0194
2004,9,8,13,0,26.700000000000003,98,912,824,3.8000000000000003,50.1516,39.4314
2004,9,8,13,30,27,97,906,799,3.8000000000000003,48.3319,37.9901
2004,9,8,14,0,27.3,94,897,760,3.9000000000000004,45.6839,35.8915
2004,9,8,14,30,27.3,91,883,707,3.8000000000000003,42.0513,33.0135
2004,9,8,15,0,27.3,87,866,642,3.8000000000000003,37.7544,29.6083
2004,9,8,15,30,27.1,82,839,565,3.7,32.6644,25.5766
2004,9,8,16,0,26.900000000000002,76,805,479,3.6,27.1293,21.1933
2004,9,8,16,30,26.200000000000003,70,757,387,3.3000000000000003,21.2413,16.5347
2004,9,8,17,0,25.6,62,691,290,3.1,15.3581,11.8876
2004,9,8,17,30,23.700000000000003,51,596,193,2.5,9.8518,7.5587
2004,9,8,18,0,21.8,37,453,102,1.9000000000000001,0.0000,0.0000
2004,9,8,18,30,20.900000000000002,17,214,28,2.3000000000000003,0.0000,0.0000
2004,9,8,19,0,20,0,0,0,2.8000000000000003,0.0000,0.0000
2004,9,8,19,30,19.700000000000003,0,0,0,3.2,0.0000,0.0000
2004,9,8,20,0,19.400000000000002,0,0,0,3.5,0.0000,0.0000
2004,9,8,20,30,18.8,0,0,0,3.6,0.0000,0.0000
2004,9,8,21,0,18.3,0,0,0,3.7,0.0000,0.0000
2004,9,8,21,30,17.7,0,0,0,3.5,0.0000,0.0000
2004,9,8,22,0,17.1,0,0,0,3.4000000000000004,0.0000,0.0000
2004,9,8,22,30,16.6,0,0,0,3.1,0.0000,0.0000
2004,9,8,23,0,16.1,0,0,0,2.9000000000000004,0.0000,0.0000
2004,9,8,23,30,15.700000000000001,0,0,0,2.8000000000000003,0.0000,0.0000
2004,9,9,0,0,15.4,0,0,0,2.8000000000000003,0.0000,0.0000
2004,9,9,0,30,15.100000000000001,0,0,0,2.8000000000000003,0.0000,0.0000
2004,9,9,1,0,14.8,0,0,0,2.8000000000000003,0.0000,0.0000
2004,9,9,1,30,14.600000000000001,0,0,0,2.9000000000000004,0.0000,0.0000
2004,9,9,2,0,14.4,0,0,0,2.9000000000000004,0.0000,0.0000
2004,9,9,2,30,14.200000000000001,0,0,0,3,0.0000,0.0000
2004,9,9,3,0,14,0,0,0,3,0.0000,0.0000
2004,9,9,3,30,13.8,0,0,0,3.1,0.0000,0.0000
2004,9,9,4,0,13.600000000000001,0,0,0,3.1,0.0000,0.0000
2004,9,9,4,30,13.5,0,0,0,3.2,0.0000,0.0000
2004,9,9,5,0,13.4,0,0,0,3.3000000000000003,0.0000,0.0000
2004,9,9,5,30,13.5,0,0,0,3.5,0.0000,0.0000
2004,9,9,6,0,13.600000000000001,0,0,0,3.7,0.0000,0.0000
2004,9,9,6,30,14.600000000000001,25,299,48,3.9000000000000004,0.0000,0.0000
2004,9,9,7,0,15.600000000000001,43,496,130,4.1000000000000005,3.8134,2.9068
2004,9,9,7,30,17.6,57,622,224,4.6000000000000005,6.3521,4.8883
2004,9,9,8,0,19.5,66,706,321,5.1000000000000005,3.0546,2.3691
2004,9,9,8,30,21.3,74,766,415,5.5,2.4291,1.8932
2004,9,9,9,0,23.1,79,815,506,5.9,17.4400,13.6347
2004,9,9,9,30,24.3,84,847,589,5.9,18.8292,14.7510
2004,9,9,10,0,25.5,91,864,660,6,19.0472,14.9425
2004,9,9,10,30,26.5,94,882,721,6,42.5898,33.4435
2004,9,9,11,0,27.400000000000002,100,890,769,6.1000000000000005,45.8903,36.0584
2004,9,9,11,30,28.1,437,156,559,6.1000000000000005,48.1985,37.8876
2004,9,9,12,0,28.8,401,349,680,6.2,49.6763,39.0579
2004,9,9,12,30,29.3,387,392,701,6.2,50.0161,39.3272
2004,9,9,13,0,29.8,418,303,658,6.2,49.3341,38.7867
2004,9,9,13,30,30,371,392,673,6.1000000000000005,47.6339,37.4393
2004,9,9,14,0,30.200000000000003,339,13,349,6,44.9896,35.3437
2004,9,9,14,30,30.1,389,187,518,6,41.4186,32.5141
2004,9,9,15,0,30.1,296,106,364,6,37.0708,29.0694
2004,9,9,15,30,29.900000000000002,221,418,460,6,31.9908,25.0460
2004,9,9,16,0,29.8,267,52,293,6,26.4156,20.6320
2004,9,9,16,30,29.200000000000003,185,70,213,5.6000000000000005,20.6052,16.0353
2004,9,9,17,0,28.5,68,663,284,5.300000000000001,14.7539,11.4152
2004,9,9,17,30,27.1,76,1,76,5,9.3428,7.1640
2004,9,9,18,0,25.8,63,5,64,4.7,0.0000,0.0000
2004,9,9,18,30,24.6,14,0,14,4.800000000000001,0.0000,0.0000
2004,9,9,19,0,23.400000000000002,0,0,0,4.9,0.0000,0.0000
2004,9,9,19,30,22.700000000000003,0,0,0,5,0.0000,0.0000
2004,9,9,20,0,21.900000000000002,0,0,0,5.1000000000000005,0.0000,0.0000
2004,9,9,20,30,21.3,0,0,0,5.2,0.0000,0.0000
2004,9,9,21,0,20.700000000000003,0,0,0,5.300000000000001,0.0000,0.0000
2004,9,9,21,30,20.200000000000003,0,0,0,5.2,0.0000,0.0000
2004,9,9,22,0,19.8,0,0,0,5,0.0000,0.0000
2004,9,9,22,30,19.5,0,0,0,5,0.0000,0.0000
2004,9,9,23,0,19.200000000000003,0,0,0,4.9,0.0000,0.0000
2004,9,9,23,30,18.900000000000002,0,0,0,4.9,0.0000,0.0000
2004,9,10,0,0,18.6,0,0,0,4.800000000000001,0.0000,0.0000
2004,9,10,0,30,18.3,0,0,0,4.7,0.0000,0.0000
2004,9,10,1,0,18,0,0,0,4.7,0.0000,0.0000
2004,9,10,1,30,17.7,0,0,0,4.6000000000000005,0.0000,0.0000
2004,9,10,2,0,17.5,0,0,0,4.5,0.0000,0.0000
2004,9,10,2,30,17.1,0,0,0,4.4,0.0000,0.0000
2004,9,10,3,0,16.8,0,0,0,4.2,0.0000,0.0000
2004,9,10,3,30,16.400000000000002,0,0,0,4.1000000000000005,0.0000,0.0000
2004,9,10,4,0,15.9,0,0,0,4,0.0000,0.0000
2004,9,10,4,30,15.5,0,0,0,4.1000000000000005,0.0000,0.0000
2004,9,10,5,0,15.200000000000001,0,0,0,4.2,0.0000,0.0000
2004,9,10,5,30,15.100000000000001,0,0,0,4.3,0.0000,0.0000
2004,9,10,6,0,15,0,0,0,4.5,0.0000,0.0000
2004,9,10,6,30,15.9,25,295,47,4.7,0.0000,0.0000
2004,9,10,7,0,16.8,44,507,131,4.9,6.1982,4.7237
2004,9,10,7,30,18.7,57,636,226,5.2,11.0121,8.4718
2004,9,10,8,0,20.5,190,169,250,5.5,16.5918,12.8653
2004,9,10,8,30,22.6,74,789,423,6,22.3697,17.4319
2004,9,10,9,0,24.8,79,835,515,6.4,28.1618,22.0148
2004,9,10,9,30,26.5,84,867,599,6.6000000000000005,33.5729,26.2992
2004,9,10,10,0,28.200000000000003,365,233,517,6.800000000000001,38.2936,30.0393
2004,9,10,10,30,29.5,361,346,605,6.9,42.3792,33.2762
2004,9,10,11,0,30.900000000000002,193,621,658,7.1000000000000005,45.6180,35.8426
2004,9,10,11,30,31.700000000000003,406,335,666,7.1000000000000005,33.3616,26.2234
2004,9,10,12,0,32.5,98,928,835,7.2,40.7177,32.0127
2004,9,10,12,30,32.9,98,930,839,7.2,42.0078,33.0287
2004,9,10,13,0,33.2,101,919,825,7.1000000000000005,39.3634,30.9460
2004,9,10,13,30,33,100,913,800,6.9,40.0875,31.5061
2004,9,10,14,0,32.7,101,897,758,6.7,20.6393,16.2131
2004,9,10,14,30,32,98,879,702,6.300000000000001,30.3129,23.7941
2004,9,10,15,0,31.400000000000002,97,851,635,5.9,20.9910,16.4586
2004,9,10,15,30,30.8,92,822,557,5.4,26.0046,20.3565
2004,9,10,16,0,30.200000000000003,88,779,470,4.800000000000001,16.1267,12.5935
2004,9,10,16,30,29.200000000000003,152,444,333,4.3,11.3127,8.8012
2004,9,10,17,0,28.200000000000003,163,114,199,3.7,14.4065,11.1416
2004,9,10,17,30,26.900000000000002,71,254,129,3.5,3.6704,2.8128
2004,9,10,18,0,25.700000000000003,51,3,51,3.3000000000000003,0.0000,0.0000
2004,9,10,18,30,25.1,12,0,12,3.4000000000000004,0.0000,0.0000
2004,9,10,19,0,24.400000000000002,0,0,0,3.5,0.0000,0.0000
2004,9,10,19,30,23.900000000000002,0,0,0,3.5,0.0000,0.0000
2004,9,10,20,0,23.3,0,0,0,3.4000000000000004,0.0000,0.0000
2004,9,10,20,30,22.8,0,0,0,3.5,0.0000,0.0000
2004,9,10,21,0,22.200000000000003,0,0,0,3.5,0.0000,0.0000
2004,9,10,21,30,21.8,0,0,0,3.5,0.0000,0.0000
2004,9,10,22,0,21.3,0,0,0,3.5,0.0000,0.0000
2004,9,10,22,30,20.900000000000002,0,0,0,3.5,0.0000,0.0000
2004,9,10,23,0,20.6,0,0,0,3.4000000000000004,0.0000,0.0000
2004,9,10,23,30,20.3,0,0,0,3.3000000000000003,0.0000,0.0000
2004,9,11,0,0,19.900000000000002,0,0,0,3.2,0.0000,0.0000
2004,9,11,0,30,19.6,0,0,0,3.1,0.0000,0.0000
2004,9,11,1,0,19.3,0,0,0,2.9000000000000004,0.0000,0.0000
2004,9,11,1,30,19,0,0,0,2.8000000000000003,0.0000,0.0000
2004,9,11,2,0,18.7,0,0,0,2.6,0.0000,0.0000
2004,9,11,2,30,18.1,0,0,0,2.4000000000000004,0.0000,0.0000
2004,9,11,3,0,17.6,0,0,0,2.2,0.0000,0.0000
2004,9,11,3,30,17.2,0,0,0,2.1,0.0000,0.0000
2004,9,11,4,0,16.900000000000002,0,0,0,2,0.0000,0.0000
2004,9,11,4,30,16.6,0,0,0,2,0.0000,0.0000
2004,9,11,5,0,16.400000000000002,0,0,0,2,0.0000,0.0000
2004,9,11,5,30,16.400000000000002,0,0,0,2.1,0.0000,0.0000
2004,9,11,6,0,16.400000000000002,0,0,0,2.2,0.0000,0.0000
2004,9,11,6,30,17.2,30,3,31,2.6,0.0000,0.0000
2004,9,11,7,0,18.1,79,34,84,2.9000000000000004,0.0000,0.0000
2004,9,11,7,30,19.700000000000003,115,286,190,3.1,11.0915,8.5301
2004,9,11,8,0,21.200000000000003,135,406,279,3.2,12.8995,10.0000
2004,9,11,8,30,23.1,83,739,408,3.6,22.7692,17.7406
2004,9,11,9,0,25,93,778,496,3.9000000000000004,28.6284,22.3771
2004,9,11,9,30,26.3,99,813,579,3.7,34.1090,26.7170
2004,9,11,10,0,27.6,103,840,651,3.6,29.9694,23.5078
2004,9,11,10,30,28.5,107,858,711,3.3000000000000003,35.5320,27.8981
2004,9,11,11,0,29.5,109,873,759,3.1,39.0031,30.6435
2004,9,11,11,30,30.1,111,882,793,2.9000000000000004,39.7174,31.2177
2004,9,11,12,0,30.8,103,903,816,2.7,49.9615,39.2783
2004,9,11,12,30,31.200000000000003,103,904,820,2.7,50.2384,39.4980
2004,9,11,13,0,31.6,102,901,809,2.6,49.3129,38.7658
2004,9,11,13,30,31.700000000000003,101,895,783,2.5,47.6092,37.4153
2004,9,11,14,0,31.900000000000002,100,884,743,2.5,44.7821,35.1757
2004,9,11,14,30,31.8,97,868,690,2.4000000000000004,41.0331,32.2061
2004,9,11,15,0,31.700000000000003,93,847,624,2.3000000000000003,36.5704,28.6711
2004,9,11,15,30,31.400000000000002,88,819,547,2.3000000000000003,31.4377,24.6062
2004,9,11,16,0,31,82,779,461,2.2,25.8177,20.1575
2004,9,11,16,30,30.1,75,728,368,1.8,17.6428,13.7222
2004,9,11,17,0,29.200000000000003,66,654,272,1.5,10.0650,7.7806
2004,9,11,17,30,27,54,550,176,1.3,6.2158,4.7607
2004,9,11,18,0,24.700000000000003,58,4,58,1.1,0.0000,0.0000
2004,9,11,18,30,23.700000000000003,10,0,10,1.3,0.0000,0.0000
2004,9,11,19,0,22.700000000000003,0,0,0,1.6,0.0000,0.0000
2004,9,11,19,30,22.3,0,0,0,1.8,0.0000,0.0000
2004,9,11,20,0,21.900000000000002,0,0,0,2.1,0.0000,0.0000
2004,9,11,20,30,21.6,0,0,0,2.3000000000000003,0.0000,0.0000
2004,9,11,21,0,21.200000000000003,0,0,0,2.6,0.0000,0.0000
2004,9,11,21,30,20.6,0,0,0,2.6,0.0000,0.0000
2004,9,11,22,0,20.1,0,0,0,2.6,0.0000,0.0000
2004,9,11,22,30,19.6,0,0,0,2.6,0.0000,0.0000
2004,9,11,23,0,19.1,0,0,0,2.5,0.0000,0.0000
2004,9,11,23,30,18.7,0,0,0,2.5,0.0000,0.0000
2004,9,12,0,0,18.3,0,0,0,2.4000000000000004,0.0000,0.0000
2004,9,12,0,30,18,0,0,0,2.4000000000000004,0.0000,0.0000
2004,9,12,1,0,17.7,0,0,0,2.3000000000000003,0.0000,0.0000
2004,9,12,1,30,17.400000000000002,0,0,0,2.3000000000000003,0.0000,0.0000
2004,9,12,2,0,17.2,0,0,0,2.3000000000000003,0.0000,0.0000
2004,9,12,2,30,16.900000000000002,0,0,0,2.3000000000000003,0.0000,0.0000
2004,9,12,3,0,16.7,0,0,0,2.3000000000000003,0.0000,0.0000
2004,9,12,3,30,16.6,0,0,0,2.3000000000000003,0.0000,0.0000
2004,9,12,4,0,16.5,0,0,0,2.4000000000000004,0.0000,0.0000
2004,9,12,4,30,16.3,0,0,0,2.4000000000000004,0.0000,0.0000
2004,9,12,5,0,16.2,0,0,0,2.5,0.0000,0.0000
2004,9,12,5,30,16.3,0,0,0,2.7,0.0000,0.0000
2004,9,12,6,0,16.400000000000002,0,0,0,3,0.0000,0.0000
2004,9,12,6,30,17.3,25,198,39,3.1,0.0000,0.0000
2004,9,12,7,0,18.2,50,391,115,3.3000000000000003,0.0000,0.0000
2004,9,12,7,30,19.900000000000002,69,525,205,3.6,9.3090,7.1568
2004,9,12,8,0,21.700000000000003,84,615,299,3.9000000000000004,14.3720,11.1390
2004,9,12,8,30,23.6,95,682,393,4.4,21.9295,17.0836
2004,9,12,9,0,25.5,104,733,481,4.800000000000001,27.5389,21.5231
2004,9,12,9,30,27.1,111,770,563,5.2,32.9356,25.7957
2004,9,12,10,0,28.700000000000003,117,797,634,5.5,37.7024,29.5714
2004,9,12,10,30,29.900000000000002,122,818,694,5.800000000000001,41.7218,32.7561
2004,9,12,11,0,31.1,126,832,742,6.1000000000000005,44.9535,35.3166
2004,9,12,11,30,31.8,128,842,775,6.300000000000001,47.2548,37.1401
2004,9,12,12,0,32.6,123,857,797,6.5,48.7865,38.3525
2004,9,12,12,30,33,124,858,801,6.6000000000000005,49.0609,38.5701
2004,9,12,13,0,33.4,121,858,790,6.800000000000001,48.3158,37.9798
2004,9,12,13,30,33.6,120,849,763,6.800000000000001,46.5547,36.5843
2004,9,12,14,0,33.7,118,836,723,6.800000000000001,43.8511,34.4420
2004,9,12,14,30,33.6,114,819,669,6.7,40.2844,31.6158
2004,9,12,15,0,33.5,105,804,605,6.7,35.8872,28.1324
2004,9,12,15,30,33.2,100,773,529,6.6000000000000005,30.8216,24.1205
2004,9,12,16,0,32.800000000000004,92,735,445,6.5,25.2710,19.7266
2004,9,12,16,30,32.1,83,682,354,6.2,19.4474,15.1212
2004,9,12,17,0,31.400000000000002,73,603,259,6,13.7166,10.5985
2004,9,12,17,30,30.200000000000003,58,495,165,5.800000000000001,8.4624,6.4774
2004,9,12,18,0,29,39,322,78,5.6000000000000005,0.0000,0.0000
2004,9,12,18,30,27.900000000000002,12,94,15,5.800000000000001,0.0000,0.0000
2004,9,12,19,0,26.900000000000002,0,0,0,6,0.0000,0.0000
2004,9,12,19,30,26.1,0,0,0,6,0.0000,0.0000
2004,9,12,20,0,25.3,0,0,0,5.9,0.0000,0.0000
2004,9,12,20,30,24.5,0,0,0,5.9,0.0000,0.0000
2004,9,12,21,0,23.8,0,0,0,5.800000000000001,0.0000,0.0000
2004,9,12,21,30,23.3,0,0,0,5.9,0.0000,0.0000
2004,9,12,22,0,22.700000000000003,0,0,0,6,0.0000,0.0000
2004,9,12,22,30,22.400000000000002,0,0,0,6,0.0000,0.0000
2004,9,12,23,0,22,0,0,0,6,0.0000,0.0000
2004,9,12,23,30,21.8,0,0,0,6,0.0000,0.0000
2004,9,13,0,0,21.5,0,0,0,6.1000000000000005,0.0000,0.0000
2004,9,13,0,30,21.400000000000002,0,0,0,6.1000000000000005,0.0000,0.0000
2004,9,13,1,0,21.200000000000003,0,0,0,6.1000000000000005,0.0000,0.0000
2004,9,13,1,30,21,0,0,0,6,0.0000,0.0000
2004,9,13,2,0,20.8,0,0,0,5.9,0.0000,0.0000
2004,9,13,2,30,20.6,0,0,0,5.800000000000001,0.0000,0.0000
2004,9,13,3,0,20.3,0,0,0,5.7,0.0000,0.0000
2004,9,13,3,30,20.1,0,0,0,5.800000000000001,0.0000,0.0000
2004,9,13,4,0,19.900000000000002,0,0,0,5.800000000000001,0.0000,0.0000
2004,9,13,4,30,19.8,0,0,0,5.800000000000001,0.0000,0.0000
2004,9,13,5,0,19.6,0,0,0,5.9,0.0000,0.0000
2004,9,13,5,30,19.6,0,0,0,5.800000000000001,0.0000,0.0000
2004,9,13,6,0,19.5,0,0,0,5.7,0.0000,0.0000
2004,9,13,6,30,20,24,184,36,5.800000000000001,0.0000,0.0000
2004,9,13,7,0,20.5,49,386,111,5.800000000000001,0.0000,0.0000
2004,9,13,7,30,21.900000000000002,67,520,200,6.300000000000001,10.0271,7.7063
2004,9,13,8,0,23.3,82,611,293,6.800000000000001,15.3751,11.9137
2004,9,13,8,30,24.900000000000002,92,678,386,7,21.0918,16.4284
2004,9,13,9,0,26.5,203,391,403,7.2,26.6734,20.8443
2004,9,13,9,30,27.8,258,101,317,7.300000000000001,31.9916,25.0541
2004,9,13,10,0,29.200000000000003,265,327,477,7.300000000000001,36.6837,28.7704
2004,9,13,10,30,30,273,355,520,7.2,40.6890,31.9432
2004,9,13,11,0,30.8,246,8,252,7.2,43.9116,34.4961
2004,9,13,11,30,31.200000000000003,342,91,411,7.1000000000000005,46.1461,36.2668
2004,9,13,12,0,31.5,246,5,250,7.1000000000000005,47.6126,37.4277
2004,9,13,12,30,31.6,342,39,373,7.1000000000000005,47.8856,37.6440
2004,9,13,13,0,31.8,251,531,663,7.1000000000000005,47.1406,37.0538
2004,9,13,13,30,32,293,406,599,7.1000000000000005,45.3231,35.6142
2004,9,13,14,0,32.2,352,140,453,7.1000000000000005,42.6265,33.4777
2004,9,13,14,30,32.4,273,324,491,7,39.0119,30.6144
2004,9,13,15,0,32.6,280,304,468,7,34.7455,27.2343
2004,9,13,15,30,32.5,307,133,380,6.800000000000001,29.7580,23.2848
2004,9,13,16,0,32.4,254,181,340,6.7,24.3427,18.9980
2004,9,13,16,30,31.700000000000003,93,621,337,6.4,18.6591,14.5039
2004,9,13,17,0,31,85,516,241,6.1000000000000005,13.0222,10.0574
2004,9,13,17,30,29.900000000000002,66,403,151,6,7.9179,6.0571
2004,9,13,18,0,28.8,33,1,33,5.9,0.0000,0.0000
2004,9,13,18,30,28.1,5,0,5,6,0.0000,0.0000
2004,9,13,19,0,27.3,0,0,0,6.1000000000000005,0.0000,0.0000
2004,9,13,19,30,26.8,0,0,0,6.1000000000000005,0.0000,0.0000
2004,9,13,20,0,26.400000000000002,0,0,0,6.2,0.0000,0.0000
2004,9,13,20,30,26,0,0,0,6.2,0.0000,0.0000
2004,9,13,21,0,25.6,0,0,0,6.2,0.0000,0.0000
2004,9,13,21,30,25.1,0,0,0,6,0.0000,0.0000
2004,9,13,22,0,24.700000000000003,0,0,0,5.7,0.0000,0.0000
2004,9,13,22,30,24.200000000000003,0,0,0,5.2,0.0000,0.0000
2004,9,13,23,0,23.700000000000003,0,0,0,4.7,0.0000,0.0000
2004,9,13,23,30,23.1,0,0,0,4,0.0000,0.0000
2004,9,14,0,0,22.5,0,0,0,3.2,0.0000,0.0000
2004,9,14,0,30,21.900000000000002,0,0,0,2.8000000000000003,0.0000,0.0000
2004,9,14,1,0,21.400000000000002,0,0,0,2.3000000000000003,0.0000,0.0000
2004,9,14,1,30,20.900000000000002,0,0,0,1.9000000000000001,0.0000,0.0000
2004,9,14,2,0,20.5,0,0,0,1.6,0.0000,0.0000
2004,9,14,2,30,20.200000000000003,0,0,0,1.3,0.0000,0.0000
2004,9,14,3,0,20,0,0,0,1,0.0000,0.0000
2004,9,14,3,30,19.8,0,0,0,0.9,0.0000,0.0000
2004,9,14,4,0,19.700000000000003,0,0,0,0.8,0.0000,0.0000
2004,9,14,4,30,19.3,0,0,0,0.9,0.0000,0.0000
2004,9,14,5,0,19,0,0,0,1,0.0000,0.0000
2004,9,14,5,30,19,0,0,0,1.3,0.0000,0.0000
2004,9,14,6,0,19,0,0,0,1.5,0.0000,0.0000
2004,9,14,6,30,19.700000000000003,10,0,10,2.1,0.0000,0.0000
2004,9,14,7,0,20.400000000000002,26,0,26,2.6,0.0000,0.0000
2004,9,14,7,30,21.3,58,1,58,2.7,9.7656,7.5026
2004,9,14,8,0,22.3,98,5,100,2.8000000000000003,15.0400,11.6512
2004,9,14,8,30,23.200000000000003,53,0,53,2.8000000000000003,20.6850,16.1089
2004,9,14,9,0,24.1,210,362,394,2.7,22.3191,17.4395
2004,9,14,9,30,25.1,277,35,298,2.8000000000000003,17.9938,14.0905
2004,9,14,10,0,26,278,8,283,2.8000000000000003,27.5736,21.6239
2004,9,14,10,30,27,33,0,33,2.9000000000000004,30.4607,23.9119
2004,9,14,11,0,27.900000000000002,180,0,180,2.9000000000000004,14.9010,11.7052
2004,9,14,11,30,28.6,70,0,70,3,24.4524,19.2163
2004,9,14,12,0,29.200000000000003,388,144,501,3.1,14.9229,11.7301
2004,9,14,12,30,29.5,358,353,634,3.3000000000000003,22.2800,17.5139
2004,9,14,13,0,29.8,73,0,73,3.4000000000000004,39.5269,31.0674
2004,9,14,13,30,29.6,131,0,131,3.3000000000000003,35.5474,27.9308
2004,9,14,14,0,29.5,113,0,113,3.2,26.6797,20.9519
2004,9,14,14,30,29.1,117,0,117,2.9000000000000004,28.5974,22.4396
2004,9,14,15,0,28.700000000000003,126,0,126,2.6,26.8391,21.0347
2004,9,14,15,30,28.3,198,13,205,2.4000000000000004,21.3392,16.6948
2004,9,14,16,0,27.8,143,0,144,2.1,18.5604,14.4823
2004,9,14,16,30,27.200000000000003,164,16,170,1.9000000000000001,17.7164,13.7668
2004,9,14,17,0,26.5,43,0,43,1.7000000000000002,12.0800,9.3251
2004,9,14,17,30,25.700000000000003,76,3,77,1.8,7.2332,5.5301
2004,9,14,18,0,25,25,0,25,1.9000000000000001,0.0000,0.0000
2004,9,14,18,30,24.6,0,0,0,2.2,0.0000,0.0000
2004,9,14,19,0,24.200000000000003,0,0,0,2.5,0.0000,0.0000
2004,9,14,19,30,23.900000000000002,0,0,0,2.6,0.0000,0.0000
2004,9,14,20,0,23.6,0,0,0,2.8000000000000003,0.0000,0.0000
2004,9,14,20,30,23.3,0,0,0,2.9000000000000004,0.0000,0.0000
2004,9,14,21,0,23.1,0,0,0,3.1,0.0000,0.0000
2004,9,14,21,30,22.8,0,0,0,3.5,0.0000,0.0000
2004,9,14,22,0,22.5,0,0,0,3.8000000000000003,0.0000,0.0000
2004,9,14,22,30,22.3,0,0,0,4,0.0000,0.0000
2004,9,14,23,0,22.1,0,0,0,4.1000000000000005,0.0000,0.0000
2004,9,14,23,30,21.8,0,0,0,3.7,0.0000,0.0000
2004,9,15,0,0,21.5,0,0,0,3.3000000000000003,0.0000,0.0000
2004,9,15,0,30,21.400000000000002,0,0,0,3.3000000000000003,0.0000,0.0000
2004,9,15,1,0,21.3,0,0,0,3.3000000000000003,0.0000,0.0000
2004,9,15,1,30,21.3,0,0,0,3.6,0.0000,0.0000
2004,9,15,2,0,21.200000000000003,0,0,0,3.9000000000000004,0.0000,0.0000
2004,9,15,2,30,21.1,0,0,0,4,0.0000,0.0000
2004,9,15,3,0,20.900000000000002,0,0,0,4.1000000000000005,0.0000,0.0000
2004,9,15,3,30,20.5,0,0,0,4.4,0.0000,0.0000
2004,9,15,4,0,20,0,0,0,4.6000000000000005,0.0000,0.0000
2004,9,15,4,30,18.7,0,0,0,4.7,0.0000,0.0000
2004,9,15,5,0,17.400000000000002,0,0,0,4.800000000000001,0.0000,0.0000
2004,9,15,5,30,16.3,0,0,0,4.6000000000000005,0.0000,0.0000
2004,9,15,6,0,15.100000000000001,0,0,0,4.4,0.0000,0.0000
2004,9,15,6,30,14.9,13,0,13,4.7,0.0000,0.0000
2004,9,15,7,0,14.700000000000001,73,5,74,4.9,0.0000,0.0000
2004,9,15,7,30,15.200000000000001,126,107,153,5.300000000000001,2.8274,2.1715
2004,9,15,8,0,15.700000000000001,155,377,283,5.800000000000001,5.1240,3.9685
2004,9,15,8,30,17,105,650,382,6,2.8359,2.2081
2004,9,15,9,0,18.3,96,767,484,6.300000000000001,21.7934,17.0267
2004,9,15,9,30,19.6,103,807,568,6.300000000000001,16.8970,13.2304
2004,9,15,10,0,21,94,870,649,6.300000000000001,16.3430,12.8156
2004,9,15,10,30,21.900000000000002,98,889,710,5.9,1.9314,1.5160
2004,9,15,11,0,22.900000000000002,93,919,763,5.6000000000000005,10.6345,8.3533
2004,9,15,11,30,23.6,94,927,797,5.4,4.1612,3.2700
2004,9,15,12,0,24.3,93,936,817,5.300000000000001,29.8809,23.4864
2004,9,15,12,30,24.6,282,663,797,5.300000000000001,37.8377,29.7418
2004,9,15,13,0,25,437,212,599,5.300000000000001,4.3483,3.4174
2004,9,15,13,30,25.1,90,924,778,5.300000000000001,7.7666,6.1021
2004,9,15,14,0,25.1,406,146,509,5.300000000000001,6.6479,5.2203
2004,9,15,14,30,24.900000000000002,84,899,680,5.300000000000001,6.8061,5.3400
2004,9,15,15,0,24.6,84,871,612,5.2,7.2154,5.6543
2004,9,15,15,30,24.1,79,842,534,5.1000000000000005,11.4917,8.9892
2004,9,15,16,0,23.6,75,798,446,5,7.8438,6.1190
2004,9,15,16,30,22.900000000000002,68,745,353,4.7,8.9133,6.9239
2004,9,15,17,0,22.1,162,65,181,4.4,2.1489,1.6580
2004,9,15,17,30,20.900000000000002,48,557,159,3.7,3.6827,2.8140
2004,9,15,18,0,19.6,31,387,71,3,0.0000,0.0000
2004,9,15,18,30,18.6,0,0,0,2.7,0.0000,0.0000
2004,9,15,19,0,17.6,0,0,0,2.5,0.0000,0.0000
2004,9,15,19,30,17,0,0,0,2.4000000000000004,0.0000,0.0000
2004,9,15,20,0,16.400000000000002,0,0,0,2.3000000000000003,0.0000,0.0000
2004,9,15,20,30,15.700000000000001,0,0,0,2.1,0.0000,0.0000
2004,9,15,21,0,15.100000000000001,0,0,0,1.9000000000000001,0.0000,0.0000
2004,9,15,21,30,14.5,0,0,0,1.8,0.0000,0.0000
2004,9,15,22,0,14,0,0,0,1.6,0.0000,0.0000
2004,9,15,22,30,13.600000000000001,0,0,0,1.6,0.0000,0.0000
2004,9,15,23,0,13.200000000000001,0,0,0,1.5,0.0000,0.0000
2004,9,15,23,30,12.8,0,0,0,1.4000000000000001,0.0000,0.0000
2004,9,16,0,0,12.4,0,0,0,1.4000000000000001,0.0000,0.0000
2004,9,16,0,30,12.100000000000001,0,0,0,1.3,0.0000,0.0000
2004,9,16,1,0,11.700000000000001,0,0,0,1.2000000000000002,0.0000,0.0000
2004,9,16,1,30,11.4,0,0,0,1.1,0.0000,0.0000
2004,9,16,2,0,11.200000000000001,0,0,0,1,0.0000,0.0000
2004,9,16,2,30,11,0,0,0,0.9,0.0000,0.0000
2004,9,16,3,0,10.8,0,0,0,0.9,0.0000,0.0000
2004,9,16,3,30,10.8,0,0,0,0.8,0.0000,0.0000
2004,9,16,4,0,10.9,0,0,0,0.8,0.0000,0.0000
2004,9,16,4,30,10.9,0,0,0,0.8,0.0000,0.0000
2004,9,16,5,0,11,0,0,0,0.8,0.0000,0.0000
2004,9,16,5,30,11,0,0,0,0.8,0.0000,0.0000
2004,9,16,6,0,11,0,0,0,0.8,0.0000,0.0000
2004,9,16,6,30,12.4,19,294,36,1.1,0.0000,0.0000
2004,9,16,7,0,13.8,36,530,116,1.4000000000000001,0.0000,0.0000
2004,9,16,7,30,15.5,48,666,212,1.6,7.4466,5.7170
2004,9,16,8,0,17.2,56,755,311,1.8,14.4749,11.2078
2004,9,16,8,30,19,63,815,407,2,20.4084,15.8882
2004,9,16,9,0,20.8,68,854,497,2.2,26.7363,20.8859
2004,9,16,9,30,21.900000000000002,73,885,580,2.3000000000000003,32.1696,25.1865
2004,9,16,10,0,23,76,907,651,2.4000000000000004,37.4416,29.3581
2004,9,16,10,30,23.900000000000002,78,924,712,2.6,41.5163,32.5863
2004,9,16,11,0,24.8,80,934,758,2.7,45.0400,35.3763
2004,9,16,11,30,25.5,81,942,791,2.9000000000000004,47.3393,37.1983
2004,9,16,12,0,26.200000000000003,81,948,810,3.1,48.6872,38.2660
2004,9,16,12,30,26.700000000000003,81,949,814,3.2,47.5254,37.3545
2004,9,16,13,0,27.200000000000003,82,941,799,3.4000000000000004,35.6466,28.0140
2004,9,16,13,30,27.400000000000002,81,935,773,3.5,46.0800,36.2016
2004,9,16,14,0,27.700000000000003,81,921,731,3.6,29.9121,23.4867
2004,9,16,14,30,27.700000000000003,79,906,676,3.7,39.5057,30.9932
2004,9,16,15,0,27.700000000000003,338,101,399,3.8000000000000003,34.9944,27.4198
2004,9,16,15,30,27.3,293,186,393,3.7,29.8809,23.3701
2004,9,16,16,0,27,66,818,442,3.7,24.2405,18.9061
2004,9,16,16,30,26,60,766,349,3.2,18.4582,14.3338
2004,9,16,17,0,25.1,52,691,251,2.8000000000000003,9.0178,6.9542
2004,9,16,17,30,23,42,580,155,2.4000000000000004,7.5947,5.8001
2004,9,16,18,0,20.900000000000002,28,391,66,2,0.0000,0.0000
2004,9,16,18,30,20.3,0,0,0,2.5,0.0000,0.0000
2004,9,16,19,0,19.8,0,0,0,3,0.0000,0.0000
2004,9,16,19,30,19.400000000000002,0,0,0,3.4000000000000004,0.0000,0.0000
2004,9,16,20,0,19,0,0,0,3.7,0.0000,0.0000
2004,9,16,20,30,18.400000000000002,0,0,0,3.7,0.0000,0.0000
2004,9,16,21,0,17.7,0,0,0,3.6,0.0000,0.0000
2004,9,16,21,30,17.2,0,0,0,3.6,0.0000,0.0000
2004,9,16,22,0,16.8,0,0,0,3.5,0.0000,0.0000
2004,9,16,22,30,16.400000000000002,0,0,0,3.4000000000000004,0.0000,0.0000
2004,9,16,23,0,16,0,0,0,3.4000000000000004,0.0000,0.0000
2004,9,16,23,30,15.700000000000001,0,0,0,3.3000000000000003,0.0000,0.0000
2004,9,17,0,0,15.4,0,0,0,3.2,0.0000,0.0000
2004,9,17,0,30,15.100000000000001,0,0,0,3.2,0.0000,0.0000
2004,9,17,1,0,14.8,0,0,0,3.2,0.0000,0.0000
2004,9,17,1,30,14.600000000000001,0,0,0,3.2,0.0000,0.0000
2004,9,17,2,0,14.3,0,0,0,3.2,0.0000,0.0000
2004,9,17,2,30,14.100000000000001,0,0,0,3.2,0.0000,0.0000
2004,9,17,3,0,13.9,0,0,0,3.3000000000000003,0.0000,0.0000
2004,9,17,3,30,13.700000000000001,0,0,0,3.3000000000000003,0.0000,0.0000
2004,9,17,4,0,13.5,0,0,0,3.4000000000000004,0.0000,0.0000
2004,9,17,4,30,13.4,0,0,0,3.4000000000000004,0.0000,0.0000
2004,9,17,5,0,13.200000000000001,0,0,0,3.5,0.0000,0.0000
2004,9,17,5,30,13.100000000000001,0,0,0,3.6,0.0000,0.0000
2004,9,17,6,0,13.100000000000001,0,0,0,3.6,0.0000,0.0000
2004,9,17,6,30,13.9,19,199,30,3.8000000000000003,0.0000,0.0000
2004,9,17,7,0,14.700000000000001,42,414,103,4,0.0000,0.0000
2004,9,17,7,30,16.5,57,557,193,4.7,10.3011,7.9056
2004,9,17,8,0,18.3,73,639,286,5.4,15.8784,12.2914
2004,9,17,8,30,19.8,220,36,235,5.6000000000000005,21.7104,16.8989
2004,9,17,9,0,21.400000000000002,253,35,270,5.800000000000001,27.4178,21.4156
2004,9,17,9,30,22.700000000000003,102,774,543,5.7,32.8128,25.6877
2004,9,17,10,0,24,115,785,610,5.6000000000000005,37.5203,29.4176
2004,9,17,10,30,25.1,120,805,668,5.5,41.5940,32.6450
2004,9,17,11,0,26.3,135,796,709,5.4,44.7060,35.1117
2004,9,17,11,30,27.1,363,34,389,5.300000000000001,46.9428,36.8845
2004,9,17,12,0,27.8,430,215,594,5.2,48.2290,37.9037
2004,9,17,12,30,28.400000000000002,150,788,755,5.1000000000000005,48.4962,38.1153
2004,9,17,13,0,28.900000000000002,419,227,591,5,47.5049,37.3309
2004,9,17,13,30,29.3,142,784,718,5,45.7367,35.9294
2004,9,17,14,0,29.6,130,786,681,5,42.9093,33.6892
2004,9,17,14,30,29.700000000000003,126,768,628,4.9,39.2233,30.7687
2004,9,17,15,0,29.700000000000003,103,784,571,4.9,22.7807,17.8476
2004,9,17,15,30,29.5,96,753,495,4.7,21.9510,17.1652
2004,9,17,16,0,29.200000000000003,86,720,413,4.5,23.9678,18.6889
2004,9,17,16,30,28.400000000000002,77,662,323,4,18.1977,14.1266
2004,9,17,17,0,27.6,66,582,230,3.5,12.4669,9.6090
2004,9,17,17,30,25.8,51,462,138,3,7.3958,5.6452
2004,9,17,18,0,24,30,279,57,2.5,0.0000,0.0000
2004,9,17,18,30,23.1,0,0,0,2.8000000000000003,0.0000,0.0000
2004,9,17,19,0,22.200000000000003,0,0,0,3.1,0.0000,0.0000
2004,9,17,19,30,21.5,0,0,0,3.2,0.0000,0.0000
2004,9,17,20,0,20.700000000000003,0,0,0,3.4000000000000004,0.0000,0.0000
2004,9,17,20,30,20,0,0,0,3.4000000000000004,0.0000,0.0000
2004,9,17,21,0,19.3,0,0,0,3.4000000000000004,0.0000,0.0000
2004,9,17,21,30,18.8,0,0,0,3.3000000000000003,0.0000,0.0000
2004,9,17,22,0,18.3,0,0,0,3.3000000000000003,0.0000,0.0000
2004,9,17,22,30,17.900000000000002,0,0,0,3.2,0.0000,0.0000
2004,9,17,23,0,17.400000000000002,0,0,0,3,0.0000,0.0000
2004,9,17,23,30,17.1,0,0,0,2.9000000000000004,0.0000,0.0000
2004,9,18,0,0,16.8,0,0,0,2.7,0.0000,0.0000
2004,9,18,0,30,16.5,0,0,0,2.7,0.0000,0.0000
2004,9,18,1,0,16.2,0,0,0,2.6,0.0000,0.0000
2004,9,18,1,30,15.9,0,0,0,2.5,0.0000,0.0000
2004,9,18,2,0,15.700000000000001,0,0,0,2.4000000000000004,0.0000,0.0000
2004,9,18,2,30,15.5,0,0,0,2.4000000000000004,0.0000,0.0000
2004,9,18,3,0,15.3,0,0,0,2.5,0.0000,0.0000
2004,9,18,3,30,15.200000000000001,0,0,0,2.6,0.0000,0.0000
2004,9,18,4,0,15.100000000000001,0,0,0,2.7,0.0000,0.0000
2004,9,18,4,30,15,0,0,0,2.7,0.0000,0.0000
2004,9,18,5,0,14.9,0,0,0,2.8000000000000003,0.0000,0.0000
2004,9,18,5,30,14.9,0,0,0,3,0.0000,0.0000
2004,9,18,6,0,14.9,0,0,0,3.2,0.0000,0.0000
2004,9,18,6,30,15.700000000000001,20,156,27,3.6,0.0000,0.0000
2004,9,18,7,0,16.5,44,396,101,3.9000000000000004,0.0000,0.0000
2004,9,18,7,30,18.1,60,546,191,4.4,9.3635,7.1835
2004,9,18,8,0,19.700000000000003,70,660,289,5,14.5743,11.2788
2004,9,18,8,30,21.5,80,729,383,5.1000000000000005,12.5150,9.7396
2004,9,18,9,0,23.3,86,780,471,5.300000000000001,14.8749,11.6170
2004,9,18,9,30,25,91,814,552,5.300000000000001,30.6838,24.0185
2004,9,18,10,0,26.700000000000003,98,835,621,5.300000000000001,35.1199,27.5332
2004,9,18,10,30,28.3,101,851,678,5.300000000000001,38.9875,30.5973
2004,9,18,11,0,29.900000000000002,111,848,720,5.4,41.7779,32.8100
2004,9,18,11,30,31.1,113,854,750,5.4,23.0650,18.1218
2004,9,18,12,0,32.300000000000004,103,876,770,5.4,35.3366,27.7697
2004,9,18,12,30,33,103,875,771,5.5,44.9406,35.3186
2004,9,18,13,0,33.800000000000004,103,871,759,5.6000000000000005,35.1044,27.5844
2004,9,18,13,30,34.2,102,864,732,5.7,42.4391,33.3365
2004,9,18,14,0,34.6,99,854,693,5.800000000000001,39.9292,31.3469
2004,9,18,14,30,34.6,96,837,639,5.800000000000001,36.3897,28.5430
2004,9,18,15,0,34.5,92,815,574,5.800000000000001,32.5497,25.4978
2004,9,18,15,30,34.1,86,783,497,5.7,27.5956,21.5755
2004,9,18,16,0,33.7,80,742,413,5.6000000000000005,22.3443,17.4189
2004,9,18,16,30,32.800000000000004,72,684,322,5.2,16.7954,13.0334
2004,9,18,17,0,31.8,62,596,227,4.9,11.3890,8.7735
2004,9,18,17,30,30.400000000000002,48,475,135,4.800000000000001,6.5800,5.0200
2004,9,18,18,0,29.1,29,279,53,4.800000000000001,0.0000,0.0000
2004,9,18,18,30,28.1,0,0,0,4.9,0.0000,0.0000
2004,9,18,19,0,27.200000000000003,0,0,0,5.1000000000000005,0.0000,0.0000
2004,9,18,19,30,26.5,0,0,0,5.300000000000001,0.0000,0.0000
2004,9,18,20,0,25.900000000000002,0,0,0,5.5,0.0000,0.0000
2004,9,18,20,30,25.700000000000003,0,0,0,5.9,0.0000,0.0000
2004,9,18,21,0,25.5,0,0,0,6.300000000000001,0.0000,0.0000
2004,9,18,21,30,25.3,0,0,0,6.2,0.0000,0.0000
2004,9,18,22,0,25.1,0,0,0,6.2,0.0000,0.0000
2004,9,18,22,30,24.700000000000003,0,0,0,5.800000000000001,0.0000,0.0000
2004,9,18,23,0,24.400000000000002,0,0,0,5.4,0.0000,0.0000
2004,9,18,23,30,23.8,0,0,0,5.1000000000000005,0.0000,0.0000
2004,9,19,0,0,23.3,0,0,0,4.7,0.0000,0.0000
2004,9,19,0,30,22.900000000000002,0,0,0,4.5,0.0000,0.0000
2004,9,19,1,0,22.400000000000002,0,0,0,4.3,0.0000,0.0000
2004,9,19,1,30,22,0,0,0,4.2,0.0000,0.0000
2004,9,19,2,0,21.700000000000003,0,0,0,4.1000000000000005,0.0000,0.0000
2004,9,19,2,30,21.3,0,0,0,4,0.0000,0.0000
2004,9,19,3,0,21,0,0,0,3.9000000000000004,0.0000,0.0000
2004,9,19,3,30,20.700000000000003,0,0,0,3.8000000000000003,0.0000,0.0000
2004,9,19,4,0,20.400000000000002,0,0,0,3.7,0.0000,0.0000
2004,9,19,4,30,20.1,0,0,0,3.8000000000000003,0.0000,0.0000
2004,9,19,5,0,19.8,0,0,0,3.8000000000000003,0.0000,0.0000
2004,9,19,5,30,19.6,0,0,0,3.9000000000000004,0.0000,0.0000
2004,9,19,6,0,19.400000000000002,0,0,0,4,0.0000,0.0000
2004,9,19,6,30,20,19,132,25,4.3,0.0000,0.0000
2004,9,19,7,0,20.5,48,325,94,4.5,0.0000,0.0000
2004,9,19,7,30,22.1,69,471,181,5.1000000000000005,9.2518,7.0952
2004,9,19,8,0,23.700000000000003,87,567,272,5.6000000000000005,14.7004,11.3734
2004,9,19,8,30,25.400000000000002,100,639,363,6.1000000000000005,20.3647,15.8457
2004,9,19,9,0,27,107,701,451,6.5,25.9131,20.2350
2004,9,19,9,30,28.400000000000002,115,739,530,6.800000000000001,31.1555,24.3853
2004,9,19,10,0,29.700000000000003,120,772,601,7,35.7160,27.9983
2004,9,19,10,30,30.5,125,794,660,7.2,39.5328,31.0230
2004,9,19,11,0,31.400000000000002,127,812,707,7.4,42.3881,33.2871
2004,9,19,11,30,31.8,129,823,739,7.5,44.4306,34.9063
2004,9,19,12,0,32.1,136,818,755,7.7,45.7664,35.9640
2004,9,19,12,30,32.4,368,395,668,7.800000000000001,45.8510,36.0318
2004,9,19,13,0,32.7,135,816,746,7.9,45.0393,35.3886
2004,9,19,13,30,32.800000000000004,300,564,709,8,43.2206,33.9478
2004,9,19,14,0,32.9,342,357,588,8,40.5848,31.8588
2004,9,19,14,30,32.7,353,223,497,8.1,36.9783,29.0018
2004,9,19,15,0,32.6,112,769,563,8.1,32.6698,25.5886
2004,9,19,15,30,32.1,105,734,487,8.1,27.6549,21.6182
2004,9,19,16,0,31.6,94,699,404,8.1,22.2926,17.3744
2004,9,19,16,30,30.8,190,171,252,7.800000000000001,16.6951,12.9507
2004,9,19,17,0,30,70,554,220,7.5,11.2064,8.6280
2004,9,19,17,30,29,93,46,101,7.300000000000001,6.4347,4.9070
2004,9,19,18,0,28.1,39,8,40,7.1000000000000005,0.0000,0.0000
2004,9,19,18,30,27.3,0,0,0,7.1000000000000005,0.0000,0.0000
2004,9,19,19,0,26.5,0,0,0,7.2,0.0000,0.0000
2004,9,19,19,30,25.700000000000003,0,0,0,7.1000000000000005,0.0000,0.0000
2004,9,19,20,0,25,0,0,0,7.1000000000000005,0.0000,0.0000
2004,9,19,20,30,24.3,0,0,0,7,0.0000,0.0000
2004,9,19,21,0,23.6,0,0,0,6.9,0.0000,0.0000
2004,9,19,21,30,23,0,0,0,6.7,0.0000,0.0000
2004,9,19,22,0,22.400000000000002,0,0,0,6.5,0.0000,0.0000
2004,9,19,22,30,22,0,0,0,6.2,0.0000,0.0000
2004,9,19,23,0,21.700000000000003,0,0,0,6,0.0000,0.0000
2004,9,19,23,30,21.5,0,0,0,5.7,0.0000,0.0000
2004,9,20,0,0,21.3,0,0,0,5.5,0.0000,0.0000
2004,9,20,0,30,21,0,0,0,5.300000000000001,0.0000,0.0000
2004,9,20,1,0,20.8,0,0,0,5.1000000000000005,0.0000,0.0000
2004,9,20,1,30,20.5,0,0,0,5.1000000000000005,0.0000,0.0000
2004,9,20,2,0,20.200000000000003,0,0,0,5,0.0000,0.0000
2004,9,20,2,30,20,0,0,0,4.9,0.0000,0.0000
2004,9,20,3,0,19.700000000000003,0,0,0,4.9,0.0000,0.0000
2004,9,20,3,30,19.5,0,0,0,5,0.0000,0.0000
2004,9,20,4,0,19.3,0,0,0,5,0.0000,0.0000
2004,9,20,4,30,19.200000000000003,0,0,0,5.1000000000000005,0.0000,0.0000
2004,9,20,5,0,19,0,0,0,5.2,0.0000,0.0000
2004,9,20,5,30,18.900000000000002,0,0,0,5.300000000000001,0.0000,0.0000
2004,9,20,6,0,18.8,0,0,0,5.4,0.0000,0.0000
2004,9,20,6,30,19,11,0,11,5.6000000000000005,0.0000,0.0000
2004,9,20,7,0,19.1,46,5,47,5.800000000000001,0.0000,0.0000
2004,9,20,7,30,19.6,104,24,110,6.1000000000000005,8.7539,6.7109
2004,9,20,8,0,20.1,156,102,189,6.4,13.8091,10.6809
2004,9,20,8,30,21,164,341,304,6.7,19.2691,14.9904
2004,9,20,9,0,21.900000000000002,206,344,374,7,24.7785,19.3465
2004,9,20,9,30,22.700000000000003,209,370,415,7.1000000000000005,29.8766,23.3819
2004,9,20,10,0,23.400000000000002,263,275,433,7.1000000000000005,34.5294,27.0658
2004,9,20,10,30,24.1,257,372,507,7.1000000000000005,38.4455,30.1675
2004,9,20,11,0,24.700000000000003,324,245,498,7,41.5838,32.6532
2004,9,20,11,30,25.700000000000003,124,815,725,7.1000000000000005,43.7397,34.3614
2004,9,20,12,0,26.6,272,464,620,7.1000000000000005,44.8337,35.2289
2004,9,20,12,30,27.700000000000003,258,521,651,7.300000000000001,39.6877,31.1864
2004,9,20,13,0,28.8,262,484,622,7.5,44.2249,34.7464
2004,9,20,13,30,29.6,256,487,607,7.7,41.8183,32.8439
2004,9,20,14,0,30.3,194,550,571,7.9,34.3943,26.9969
2004,9,20,14,30,30.3,242,389,490,7.800000000000001,28.7213,22.5235
2004,9,20,15,0,30.3,222,363,433,7.800000000000001,31.9916,25.0541
2004,9,20,15,30,30,216,299,370,7.5,27.0467,21.1389
2004,9,20,16,0,29.6,199,161,270,7.300000000000001,21.7541,16.9503
2004,9,20,16,30,28.900000000000002,78,633,303,6.9,13.0276,10.1019
2004,9,20,17,0,28.200000000000003,65,552,211,6.6000000000000005,10.8282,8.3322
2004,9,20,17,30,27,87,42,94,6.300000000000001,4.8143,3.6698
2004,9,20,18,0,25.900000000000002,23,1,23,6.1000000000000005,0.0000,0.0000
2004,9,20,18,30,25.1,0,0,0,6.1000000000000005,0.0000,0.0000
2004,9,20,19,0,24.200000000000003,0,0,0,6.1000000000000005,0.0000,0.0000
2004,9,20,19,30,23.5,0,0,0,6.1000000000000005,0.0000,0.0000
2004,9,20,20,0,22.8,0,0,0,6,0.0000,0.0000
2004,9,20,20,30,22.200000000000003,0,0,0,5.800000000000001,0.0000,0.0000
2004,9,20,21,0,21.6,0,0,0,5.6000000000000005,0.0000,0.0000
2004,9,20,21,30,21.1,0,0,0,5.5,0.0000,0.0000
2004,9,20,22,0,20.700000000000003,0,0,0,5.300000000000001,0.0000,0.0000
2004,9,20,22,30,20.400000000000002,0,0,0,5.300000000000001,0.0000,0.0000
2004,9,20,23,0,20.200000000000003,0,0,0,5.2,0.0000,0.0000
2004,9,20,23,30,20,0,0,0,5.2,0.0000,0.0000
2004,9,21,0,0,19.8,0,0,0,5.2,0.0000,0.0000
2004,9,21,0,30,19.6,0,0,0,5,0.0000,0.0000
2004,9,21,1,0,19.400000000000002,0,0,0,4.800000000000001,0.0000,0.0000
2004,9,21,1,30,19.200000000000003,0,0,0,4.6000000000000005,0.0000,0.0000
2004,9,21,2,0,19,0,0,0,4.4,0.0000,0.0000
2004,9,21,2,30,18.7,0,0,0,4.1000000000000005,0.0000,0.0000
2004,9,21,3,0,18.400000000000002,0,0,0,3.7,0.0000,0.0000
2004,9,21,3,30,18.2,0,0,0,3.3000000000000003,0.0000,0.0000
2004,9,21,4,0,17.900000000000002,0,0,0,2.9000000000000004,0.0000,0.0000
2004,9,21,4,30,17.7,0,0,0,2.3000000000000003,0.0000,0.0000
2004,9,21,5,0,17.5,0,0,0,1.8,0.0000,0.0000
2004,9,21,5,30,17.5,0,0,0,1.5,0.0000,0.0000
2004,9,21,6,0,17.400000000000002,0,0,0,1.2000000000000002,0.0000,0.0000
2004,9,21,6,30,17.7,5,0,5,1.3,0.0000,0.0000
2004,9,21,7,0,18,20,0,20,1.3,0.0000,0.0000
2004,9,21,7,30,18.6,18,0,18,1.6,5.3121,4.0708
2004,9,21,8,0,19.200000000000003,15,0,15,1.8,9.5769,7.4052
2004,9,21,8,30,20,125,1,126,2,16.1101,12.5304
2004,9,21,9,0,20.8,188,5,191,2.1,20.5194,16.0189
2004,9,21,9,30,21.700000000000003,309,117,373,2.2,23.3657,18.2844
2004,9,21,10,0,22.700000000000003,152,0,152,2.3000000000000003,24.8497,19.4767
2004,9,21,10,30,23.5,321,39,347,2.3000000000000003,29.5038,23.1494
2004,9,21,11,0,24.3,137,0,138,2.3000000000000003,29.2632,22.9770
2004,9,21,11,30,24.900000000000002,208,0,208,2.4000000000000004,42.8709,33.6767
2004,9,21,12,0,25.6,163,0,163,2.5,36.7828,28.9008
2004,9,21,12,30,25.900000000000002,257,11,265,2.6,38.6410,30.3619
2004,9,21,13,0,26.3,149,1,150,2.7,36.8365,28.9395
2004,9,21,13,30,26.3,153,0,153,2.8000000000000003,35.7626,28.0856
2004,9,21,14,0,26.3,311,87,370,2.9000000000000004,33.3591,26.1820
2004,9,21,14,30,25.900000000000002,298,124,377,2.9000000000000004,28.2772,22.1727
2004,9,21,15,0,25.6,274,133,351,2.8000000000000003,24.5650,19.2353
2004,9,21,15,30,25,75,0,75,2.6,20.5077,16.0253
2004,9,21,16,0,24.400000000000002,190,54,214,2.4000000000000004,14.5039,11.2983
2004,9,21,16,30,23.6,158,27,168,2,15.6192,12.1069
2004,9,21,17,0,22.900000000000002,53,1,54,1.6,10.3544,7.9630
2004,9,21,17,30,22,4,0,4,1.4000000000000001,0.0000,0.0000
2004,9,21,18,0,21.200000000000003,18,0,18,1.1,0.0000,0.0000
2004,9,21,18,30,20.700000000000003,0,0,0,1.2000000000000002,0.0000,0.0000
2004,9,21,19,0,20.200000000000003,0,0,0,1.2000000000000002,0.0000,0.0000
2004,9,21,19,30,19.900000000000002,0,0,0,1.3,0.0000,0.0000
2004,9,21,20,0,19.6,0,0,0,1.3,0.0000,0.0000
2004,9,21,20,30,19.400000000000002,0,0,0,1.3,0.0000,0.0000
2004,9,21,21,0,19.3,0,0,0,1.3,0.0000,0.0000
2004,9,21,21,30,19.200000000000003,0,0,0,1.5,0.0000,0.0000
2004,9,21,22,0,19.200000000000003,0,0,0,1.7000000000000002,0.0000,0.0000
2004,9,21,22,30,19.1,0,0,0,1.8,0.0000,0.0000
2004,9,21,23,0,18.900000000000002,0,0,0,2,0.0000,0.0000
2004,9,21,23,30,18.8,0,0,0,2,0.0000,0.0000
2004,9,22,0,0,18.7,0,0,0,2.1,0.0000,0.0000
2004,9,22,0,30,18.6,0,0,0,2.2,0.0000,0.0000
2004,9,22,1,0,18.5,0,0,0,2.4000000000000004,0.0000,0.0000
2004,9,22,1,30,18.3,0,0,0,2.5,0.0000,0.0000
2004,9,22,2,0,18.1,0,0,0,2.7,0.0000,0.0000
2004,9,22,2,30,17.900000000000002,0,0,0,2.5,0.0000,0.0000
2004,9,22,3,0,17.7,0,0,0,2.4000000000000004,0.0000,0.0000
2004,9,22,3,30,17.6,0,0,0,2.4000000000000004,0.0000,0.0000
2004,9,22,4,0,17.5,0,0,0,2.4000000000000004,0.0000,0.0000
2004,9,22,4,30,17.400000000000002,0,0,0,2.5,0.0000,0.0000
2004,9,22,5,0,17.400000000000002,0,0,0,2.6,0.0000,0.0000
2004,9,22,5,30,17.1,0,0,0,2.5,0.0000,0.0000
2004,9,22,6,0,16.900000000000002,0,0,0,2.3000000000000003,0.0000,0.0000
2004,9,22,6,30,17.3,10,0,10,2.8000000000000003,0.0000,0.0000
2004,9,22,7,0,17.7,63,12,64,3.3000000000000003,0.0000,0.0000
2004,9,22,7,30,18.5,116,52,128,3.6,0.8680,0.6649
2004,9,22,8,0,19.3,174,40,187,3.9000000000000004,0.7587,0.5865
2004,9,22,8,30,20.8,175,334,310,4.1000000000000005,6.6659,5.1837
2004,9,22,9,0,22.3,237,344,402,4.4,10.4638,8.1676
2004,9,22,9,30,23.900000000000002,314,166,406,5,20.9753,16.4121
2004,9,22,10,0,25.5,353,160,451,5.7,8.7135,6.8288
2004,9,22,10,30,26.400000000000002,352,298,549,5.9,20.1719,15.8261
2004,9,22,11,0,27.3,324,469,653,6.1000000000000005,8.1012,6.3605
2004,9,22,11,30,27.700000000000003,72,0,72,6.1000000000000005,12.2882,9.6522
2004,9,22,12,0,28.1,240,0,240,6,9.6611,7.5904
2004,9,22,12,30,28.3,160,781,743,6.1000000000000005,15.7142,12.3465
2004,9,22,13,0,28.5,290,470,636,6.2,8.8743,6.9713
2004,9,22,13,30,28.5,371,346,617,6.1000000000000005,9.0042,7.0707
2004,9,22,14,0,28.5,373,81,428,6.1000000000000005,21.5893,16.9429
2004,9,22,14,30,28.400000000000002,364,150,459,5.9,21.7251,17.0332
2004,9,22,15,0,28.3,269,276,426,5.800000000000001,19.8794,15.5642
2004,9,22,15,30,28,222,351,399,5.6000000000000005,4.1487,3.2413
2004,9,22,16,0,27.6,213,131,269,5.300000000000001,11.4670,8.9302
2004,9,22,16,30,26.900000000000002,145,6,147,4.7,8.6343,6.6900
2004,9,22,17,0,26.200000000000003,123,48,135,4.2,2.6425,2.0310
2004,9,22,17,30,25.1,72,15,75,3.8000000000000003,0.0000,0.0000
2004,9,22,18,0,24,23,0,23,3.5,0.0000,0.0000
2004,9,22,18,30,23.400000000000002,0,0,0,3.7,0.0000,0.0000
2004,9,22,19,0,22.8,0,0,0,4,0.0000,0.0000
2004,9,22,19,30,22.200000000000003,0,0,0,4.3,0.0000,0.0000
2004,9,22,20,0,21.700000000000003,0,0,0,4.5,0.0000,0.0000
2004,9,22,20,30,21.1,0,0,0,4.6000000000000005,0.0000,0.0000
2004,9,22,21,0,20.5,0,0,0,4.7,0.0000,0.0000
2004,9,22,21,30,20.3,0,0,0,5,0.0000,0.0000
2004,9,22,22,0,20.1,0,0,0,5.4,0.0000,0.0000
2004,9,22,22,30,19.8,0,0,0,5.300000000000001,0.0000,0.0000
2004,9,22,23,0,19.6,0,0,0,5.2,0.0000,0.0000
2004,9,22,23,30,19.400000000000002,0,0,0,5.2,0.0000,0.0000
2004,9,23,0,0,19.200000000000003,0,0,0,5.2,0.0000,0.0000
2004,9,23,0,30,18.900000000000002,0,0,0,4.6000000000000005,0.0000,0.0000
2004,9,23,1,0,18.6,0,0,0,4.1000000000000005,0.0000,0.0000
2004,9,23,1,30,18.3,0,0,0,3.8000000000000003,0.0000,0.0000
2004,9,23,2,0,18,0,0,0,3.6,0.0000,0.0000
2004,9,23,2,30,17.7,0,0,0,3.6,0.0000,0.0000
2004,9,23,3,0,17.400000000000002,0,0,0,3.6,0.0000,0.0000
2004,9,23,3,30,17,0,0,0,3.7,0.0000,0.0000
2004,9,23,4,0,16.5,0,0,0,3.7,0.0000,0.0000
2004,9,23,4,30,16,0,0,0,3.7,0.0000,0.0000
2004,9,23,5,0,15.5,0,0,0,3.6,0.0000,0.0000
2004,9,23,5,30,15,0,0,0,3.4000000000000004,0.0000,0.0000
2004,9,23,6,0,14.600000000000001,0,0,0,3.2,0.0000,0.0000
2004,9,23,6,30,14.5,3,0,3,3.3000000000000003,0.0000,0.0000
2004,9,23,7,0,14.4,16,0,16,3.3000000000000003,0.0000,0.0000
2004,9,23,7,30,14.8,6,0,6,3.7,6.1638,4.7200
2004,9,23,8,0,15.3,144,9,146,4,9.4397,7.2950
2004,9,23,8,30,16.1,22,0,22,4.3,16.3721,12.7291
2004,9,23,9,0,17,227,357,397,4.7,21.9905,17.1623
2004,9,23,9,30,17.900000000000002,298,217,417,5,22.8016,17.8390
2004,9,23,10,0,18.900000000000002,91,858,613,5.2,25.8244,20.2370
2004,9,23,10,30,19.6,94,878,672,5.4,31.8819,25.0114
2004,9,23,11,0,20.400000000000002,90,909,724,5.7,38.2966,30.0657
2004,9,23,11,30,21,91,918,756,5.800000000000001,4.2495,3.3377
2004,9,23,12,0,21.6,82,944,779,6,14.2116,11.1649
2004,9,23,12,30,22,82,945,782,6.1000000000000005,44.0159,34.5805
2004,9,23,13,0,22.400000000000002,80,944,769,6.2,37.5874,29.5251
2004,9,23,13,30,22.6,79,940,743,6.300000000000001,36.2705,28.4799
2004,9,23,14,0,22.8,76,931,700,6.300000000000001,24.9420,19.5722
2004,9,23,14,30,22.8,74,914,644,6.2,26.4131,20.7065
2004,9,23,15,0,22.700000000000003,71,891,575,6,24.0859,18.8548
2004,9,23,15,30,22.400000000000002,67,860,496,5.7,22.0256,17.2048
2004,9,23,16,0,22.1,63,817,407,5.4,14.3787,11.1946
2004,9,23,16,30,21.400000000000002,56,759,313,4.6000000000000005,7.5322,5.8336
2004,9,23,17,0,20.6,48,672,215,3.8000000000000003,6.5867,5.0595
2004,9,23,17,30,19,37,538,120,3.1,0.0000,0.0000
2004,9,23,18,0,17.3,20,306,39,2.5,0.0000,0.0000
2004,9,23,18,30,16.8,0,0,0,2.6,0.0000,0.0000
2004,9,23,19,0,16.3,0,0,0,2.7,0.0000,0.0000
2004,9,23,19,30,16,0,0,0,2.8000000000000003,0.0000,0.0000
2004,9,23,20,0,15.8,0,0,0,3,0.0000,0.0000
2004,9,23,20,30,15.4,0,0,0,2.9000000000000004,0.0000,0.0000
2004,9,23,21,0,15,0,0,0,2.8000000000000003,0.0000,0.0000
2004,9,23,21,30,14.600000000000001,0,0,0,2.6,0.0000,0.0000
2004,9,23,22,0,14.100000000000001,0,0,0,2.4000000000000004,0.0000,0.0000
2004,9,23,22,30,13.700000000000001,0,0,0,2.2,0.0000,0.0000
2004,9,23,23,0,13.3,0,0,0,2,0.0000,0.0000
2004,9,23,23,30,12.9,0,0,0,1.8,0.0000,0.0000
2004,9,24,0,0,12.600000000000001,0,0,0,1.6,0.0000,0.0000
2004,9,24,0,30,12.3,0,0,0,1.5,0.0000,0.0000
2004,9,24,1,0,12.100000000000001,0,0,0,1.4000000000000001,0.0000,0.0000
2004,9,24,1,30,11.8,0,0,0,1.4000000000000001,0.0000,0.0000
2004,9,24,2,0,11.600000000000001,0,0,0,1.4000000000000001,0.0000,0.0000
2004,9,24,2,30,11.4,0,0,0,1.4000000000000001,0.0000,0.0000
2004,9,24,3,0,11.200000000000001,0,0,0,1.3,0.0000,0.0000
2004,9,24,3,30,11,0,0,0,1.3,0.0000,0.0000
2004,9,24,4,0,10.700000000000001,0,0,0,1.2000000000000002,0.0000,0.0000
2004,9,24,4,30,10.600000000000001,0,0,0,1.1,0.0000,0.0000
2004,9,24,5,0,10.4,0,0,0,1.1,0.0000,0.0000
2004,9,24,5,30,10.5,0,0,0,1,0.0000,0.0000
2004,9,24,6,0,10.600000000000001,0,0,0,1,0.0000,0.0000
2004,9,24,6,30,12,13,202,20,1.2000000000000002,0.0000,0.0000
2004,9,24,7,0,13.5,32,475,92,1.3,0.0000,0.0000
2004,9,24,7,30,14.8,45,632,184,1.4000000000000001,0.2885,0.2209
2004,9,24,8,0,16.1,54,732,281,1.4000000000000001,7.3557,5.6828
2004,9,24,8,30,17.900000000000002,61,798,376,1.7000000000000002,1.1599,0.9016
2004,9,24,9,0,19.700000000000003,66,846,467,2,21.6857,16.9220
2004,9,24,9,30,20.8,71,877,547,2.1,23.3888,18.2964
2004,9,24,10,0,21.8,74,902,619,2.1,35.0603,27.4720
2004,9,24,10,30,22.6,77,920,679,2.1,38.9831,30.5798
2004,9,24,11,0,23.3,79,930,723,2,42.4184,33.2992
2004,9,24,11,30,23.900000000000002,80,938,755,2.1,44.5758,35.0088
2004,9,24,12,0,24.5,79,944,773,2.1,46.0834,36.2012
2004,9,24,12,30,24.8,79,942,773,2.2,46.2788,36.3558
2004,9,24,13,0,25.1,79,939,759,2.2,45.3991,35.6586
2004,9,24,13,30,25.200000000000003,78,932,731,2.3000000000000003,43.6266,34.2531
2004,9,24,14,0,25.3,76,918,687,2.3000000000000003,40.7404,31.9662
2004,9,24,14,30,25.200000000000003,232,622,617,2.4000000000000004,37.0042,29.0059
2004,9,24,15,0,25.200000000000003,73,873,562,2.5,32.4552,25.4027
2004,9,24,15,30,24.8,68,838,481,2.5,27.3225,21.3381
2004,9,24,16,0,24.400000000000002,63,795,394,2.6,21.6991,16.8892
2004,9,24,16,30,23.3,57,735,301,2.1,15.9906,12.3794
2004,9,24,17,0,22.1,48,647,205,1.6,10.4616,8.0313
2004,9,24,17,30,20.200000000000003,36,510,112,1.4000000000000001,0.0000,0.0000
2004,9,24,18,0,18.2,19,277,34,1.3,0.0000,0.0000
2004,9,24,18,30,17.6,0,0,0,1.4000000000000001,0.0000,0.0000
2004,9,24,19,0,16.900000000000002,0,0,0,1.5,0.0000,0.0000
2004,9,24,19,30,16.5,0,0,0,1.6,0.0000,0.0000
2004,9,24,20,0,16.2,0,0,0,1.6,0.0000,0.0000
2004,9,24,20,30,15.8,0,0,0,1.6,0.0000,0.0000
2004,9,24,21,0,15.4,0,0,0,1.6,0.0000,0.0000
2004,9,24,21,30,14.9,0,0,0,1.6,0.0000,0.0000
2004,9,24,22,0,14.5,0,0,0,1.6,0.0000,0.0000
2004,9,24,22,30,14.100000000000001,0,0,0,1.5,0.0000,0.0000
2004,9,24,23,0,13.700000000000001,0,0,0,1.5,0.0000,0.0000
2004,9,24,23,30,13.3,0,0,0,1.4000000000000001,0.0000,0.0000
2004,9,25,0,0,12.9,0,0,0,1.4000000000000001,0.0000,0.0000
2004,9,25,0,30,12.600000000000001,0,0,0,1.4000000000000001,0.0000,0.0000
2004,9,25,1,0,12.200000000000001,0,0,0,1.3,0.0000,0.0000
2004,9,25,1,30,11.9,0,0,0,1.3,0.0000,0.0000
2004,9,25,2,0,11.5,0,0,0,1.3,0.0000,0.0000
2004,9,25,2,30,11.200000000000001,0,0,0,1.3,0.0000,0.0000
2004,9,25,3,0,10.9,0,0,0,1.3,0.0000,0.0000
2004,9,25,3,30,10.600000000000001,0,0,0,1.2000000000000002,0.0000,0.0000
2004,9,25,4,0,10.200000000000001,0,0,0,1.2000000000000002,0.0000,0.0000
2004,9,25,4,30,9.9,0,0,0,1.2000000000000002,0.0000,0.0000
2004,9,25,5,0,9.600000000000001,0,0,0,1.1,0.0000,0.0000
2004,9,25,5,30,9.5,0,0,0,1.1,0.0000,0.0000
2004,9,25,6,0,9.3,0,0,0,1,0.0000,0.0000
2004,9,25,6,30,10.5,12,179,18,1.5,0.0000,0.0000
2004,9,25,7,0,11.700000000000001,32,463,88,1.9000000000000001,0.0000,0.0000
2004,9,25,7,30,12.9,45,625,180,1.8,8.8376,6.7625
2004,9,25,8,0,14.100000000000001,54,732,278,1.7000000000000002,14.1297,10.9128
2004,9,25,8,30,16.400000000000002,62,800,374,1.8,19.7872,15.3779
2004,9,25,9,0,18.7,66,851,465,1.9000000000000001,25.4705,19.8724
2004,9,25,9,30,20,70,885,547,1.9000000000000001,30.6398,23.9658
2004,9,25,10,0,21.400000000000002,73,911,620,1.9000000000000001,35.3622,27.7060
2004,9,25,10,30,22,76,929,680,1.7000000000000002,39.3477,30.8633
2004,9,25,11,0,22.700000000000003,77,943,727,1.6,42.3158,33.2161
2004,9,25,11,30,23.200000000000003,78,951,759,1.5,44.4724,34.9251
2004,9,25,12,0,23.8,77,959,777,1.4000000000000001,45.6828,35.8841
2004,9,25,12,30,24.1,77,960,779,1.3,45.6997,35.8983
2004,9,25,13,0,24.5,76,957,765,1.2000000000000002,44.7600,35.1539
2004,9,25,13,30,24.6,75,949,736,1.1,42.8711,33.6570
2004,9,25,14,0,24.8,73,938,693,1.1,39.9328,31.3295
2004,9,25,14,30,24.8,71,922,636,1.1,35.3996,27.7448
2004,9,25,15,0,24.700000000000003,68,899,567,1.2000000000000002,31.6652,24.7806
2004,9,25,15,30,24.3,64,868,487,1.2000000000000002,26.4411,20.6456
2004,9,25,16,0,24,59,826,398,1.3,20.9527,16.3035
2004,9,25,16,30,22.8,53,766,303,1.1,15.3303,11.8630
2004,9,25,17,0,21.700000000000003,44,679,206,0.8,9.9480,7.6324
2004,9,25,17,30,19.700000000000003,33,539,111,0.9,0.0000,0.0000
2004,9,25,18,0,17.7,17,293,31,1.1,0.0000,0.0000
2004,9,25,18,30,16.900000000000002,0,0,0,1.1,0.0000,0.0000
2004,9,25,19,0,16.1,0,0,0,1.2000000000000002,0.0000,0.0000
2004,9,25,19,30,15.600000000000001,0,0,0,1.2000000000000002,0.0000,0.0000
2004,9,25,20,0,15.100000000000001,0,0,0,1.2000000000000002,0.0000,0.0000
2004,9,25,20,30,14.700000000000001,0,0,0,1.2000000000000002,0.0000,0.0000
2004,9,25,21,0,14.200000000000001,0,0,0,1.3,0.0000,0.0000
2004,9,25,21,30,13.9,0,0,0,1.3,0.0000,0.0000
2004,9,25,22,0,13.600000000000001,0,0,0,1.3,0.0000,0.0000
2004,9,25,22,30,13.3,0,0,0,1.3,0.0000,0.0000
2004,9,25,23,0,13,0,0,0,1.3,0.0000,0.0000
2004,9,25,23,30,12.700000000000001,0,0,0,1.3,0.0000,0.0000
2004,9,26,0,0,12.5,0,0,0,1.3,0.0000,0.0000
2004,9,26,0,30,12.200000000000001,0,0,0,1.3,0.0000,0.0000
2004,9,26,1,0,12,0,0,0,1.3,0.0000,0.0000
2004,9,26,1,30,11.8,0,0,0,1.3,0.0000,0.0000
2004,9,26,2,0,11.600000000000001,0,0,0,1.3,0.0000,0.0000
2004,9,26,2,30,11.5,0,0,0,1.3,0.0000,0.0000
2004,9,26,3,0,11.3,0,0,0,1.3,0.0000,0.0000
2004,9,26,3,30,11.100000000000001,0,0,0,1.3,0.0000,0.0000
2004,9,26,4,0,11,0,0,0,1.4000000000000001,0.0000,0.0000
2004,9,26,4,30,10.9,0,0,0,1.4000000000000001,0.0000,0.0000
2004,9,26,5,0,10.8,0,0,0,1.5,0.0000,0.0000
2004,9,26,5,30,10.8,0,0,0,1.5,0.0000,0.0000
2004,9,26,6,0,10.8,0,0,0,1.6,0.0000,0.0000
2004,9,26,6,30,12,12,163,16,2.2,0.0000,0.0000
2004,9,26,7,0,13.200000000000001,49,1,49,2.8000000000000003,0.0000,0.0000
2004,9,26,7,30,14.5,110,16,113,2.8000000000000003,8.6352,6.6052
2004,9,26,8,0,15.9,157,24,164,2.8000000000000003,13.9502,10.7707
2004,9,26,8,30,18,183,304,301,2.9000000000000004,19.6473,15.2659
2004,9,26,9,0,20.1,74,800,447,3,25.3208,19.7524
2004,9,26,9,30,21.900000000000002,80,837,528,3.1,30.5989,23.9309
2004,9,26,10,0,23.8,86,859,597,3.3000000000000003,35.3776,27.7153
2004,9,26,10,30,24.700000000000003,89,876,655,3.3000000000000003,39.3623,30.8721
2004,9,26,11,0,25.700000000000003,221,550,598,3.3000000000000003,42.5063,33.3632
2004,9,26,11,30,26.400000000000002,218,551,609,3.3000000000000003,44.6627,35.0720
2004,9,26,12,0,27.1,207,619,656,3.4000000000000004,45.8726,36.0306
2004,9,26,12,30,27.5,173,633,633,3.4000000000000004,46.0068,36.1368
2004,9,26,13,0,27.900000000000002,95,891,733,3.4000000000000004,45.0652,35.3909
2004,9,26,13,30,28.1,94,883,704,3.3000000000000003,43.1136,33.8445
2004,9,26,14,0,28.200000000000003,92,865,660,3.3000000000000003,40.2278,31.5578
2004,9,26,14,30,28.1,274,192,391,3.2,36.4339,28.5520
2004,9,26,15,0,27.900000000000002,172,586,494,3.2,31.8894,24.9521
2004,9,26,15,30,27.5,83,775,456,3,26.7126,20.8532
2004,9,26,16,0,27,185,369,334,2.8000000000000003,21.1093,16.4204
2004,9,26,16,30,25.700000000000003,176,73,199,2.1,15.3844,11.8995
2004,9,26,17,0,24.3,56,558,185,1.5,9.9706,7.6451
2004,9,26,17,30,22.6,70,54,78,1.4000000000000001,0.0000,0.0000
2004,9,26,18,0,21,15,0,15,1.3,0.0000,0.0000
2004,9,26,18,30,20.400000000000002,0,0,0,1.4000000000000001,0.0000,0.0000
2004,9,26,19,0,19.700000000000003,0,0,0,1.4000000000000001,0.0000,0.0000
2004,9,26,19,30,19.3,0,0,0,1.5,0.0000,0.0000
2004,9,26,20,0,18.8,0,0,0,1.6,0.0000,0.0000
2004,9,26,20,30,18.400000000000002,0,0,0,1.6,0.0000,0.0000
2004,9,26,21,0,18,0,0,0,1.7000000000000002,0.0000,0.0000
2004,9,26,21,30,17.7,0,0,0,1.8,0.0000,0.0000
2004,9,26,22,0,17.400000000000002,0,0,0,1.9000000000000001,0.0000,0.0000
2004,9,26,22,30,17.1,0,0,0,1.9000000000000001,0.0000,0.0000
2004,9,26,23,0,16.8,0,0,0,2,0.0000,0.0000
2004,9,26,23,30,16.7,0,0,0,2.1,0.0000,0.0000
2004,9,27,0,0,16.5,0,0,0,2.3000000000000003,0.0000,0.0000
2004,9,27,0,30,16.400000000000002,0,0,0,2.4000000000000004,0.0000,0.0000
2004,9,27,1,0,16.3,0,0,0,2.6,0.0000,0.0000
2004,9,27,1,30,16.1,0,0,0,2.6,0.0000,0.0000
2004,9,27,2,0,16,0,0,0,2.7,0.0000,0.0000
2004,9,27,2,30,15.700000000000001,0,0,0,2.6,0.0000,0.0000
2004,9,27,3,0,15.5,0,0,0,2.6,0.0000,0.0000
2004,9,27,3,30,15.200000000000001,0,0,0,2.5,0.0000,0.0000
2004,9,27,4,0,14.9,0,0,0,2.4000000000000004,0.0000,0.0000
2004,9,27,4,30,14.8,0,0,0,2.5,0.0000,0.0000
2004,9,27,5,0,14.700000000000001,0,0,0,2.5,0.0000,0.0000
2004,9,27,5,30,14.700000000000001,0,0,0,2.6,0.0000,0.0000
2004,9,27,6,0,14.700000000000001,0,0,0,2.6,0.0000,0.0000
2004,9,27,6,30,15.3,4,0,4,2.9000000000000004,0.0000,0.0000
2004,9,27,7,0,15.8,23,0,23,3.2,0.0000,0.0000
2004,9,27,7,30,16.5,74,156,107,3.1,5.4149,4.1405
2004,9,27,8,0,17.3,143,84,168,3,8.2136,6.3395
2004,9,27,8,30,18.400000000000002,162,39,177,3,15.7830,12.2606
2004,9,27,9,0,19.6,205,143,271,3,24.3028,18.9553
2004,9,27,9,30,21.1,219,45,243,3,29.4960,23.0656
2004,9,27,10,0,22.700000000000003,294,199,412,3.1,34.0230,26.6514
2004,9,27,10,30,23.8,286,47,316,3.1,37.8728,29.7013
2004,9,27,11,0,25,323,62,365,3.2,34.9265,27.4116
2004,9,27,11,30,25.5,397,136,493,3.1,35.7991,28.1097
2004,9,27,12,0,26,404,203,551,3,38.6891,30.3860
2004,9,27,12,30,26.1,340,115,423,3.1,37.3438,29.3301
2004,9,27,13,0,26.200000000000003,275,24,293,3.1,43.1315,33.8696
2004,9,27,13,30,26.1,332,157,440,3.2,41.1885,32.3304
2004,9,27,14,0,26,274,55,310,3.4000000000000004,38.2602,30.0111
2004,9,27,14,30,25.5,246,4,248,3.5,22.3640,17.5237
2004,9,27,15,0,25.1,183,1,184,3.6,27.7341,21.6974
2004,9,27,15,30,24.400000000000002,130,0,130,3.6,24.9584,19.4796
2004,9,27,16,0,23.700000000000003,54,0,54,3.7,17.6685,13.7397
2004,9,27,16,30,22.8,19,0,19,3.7,10.0734,7.7880
2004,9,27,17,0,21.8,68,1,68,3.7,8.9320,6.8445
2004,9,27,17,30,20.6,23,0,23,3.7,0.0000,0.0000
2004,9,27,18,0,19.400000000000002,9,0,9,3.7,0.0000,0.0000
2004,9,27,18,30,18.6,0,0,0,3.7,0.0000,0.0000
2004,9,27,19,0,17.8,0,0,0,3.7,0.0000,0.0000
2004,9,27,19,30,17.3,0,0,0,3.6,0.0000,0.0000
2004,9,27,20,0,16.7,0,0,0,3.5,0.0000,0.0000
2004,9,27,20,30,16.3,0,0,0,3.5,0.0000,0.0000
2004,9,27,21,0,15.9,0,0,0,3.4000000000000004,0.0000,0.0000
2004,9,27,21,30,15.5,0,0,0,3.5,0.0000,0.0000
2004,9,27,22,0,15.100000000000001,0,0,0,3.5,0.0000,0.0000
2004,9,27,22,30,14.700000000000001,0,0,0,3.7,0.0000,0.0000
2004,9,27,23,0,14.3,0,0,0,3.9000000000000004,0.0000,0.0000
2004,9,27,23,30,13.9,0,0,0,4,0.0000,0.0000
2004,9,28,0,0,13.4,0,0,0,4.1000000000000005,0.0000,0.0000
2004,9,28,0,30,12.9,0,0,0,4,0.0000,0.0000
2004,9,28,1,0,12.3,0,0,0,3.9000000000000004,0.0000,0.0000
2004,9,28,1,30,11.8,0,0,0,3.8000000000000003,0.0000,0.0000
2004,9,28,2,0,11.200000000000001,0,0,0,3.7,0.0000,0.0000
2004,9,28,2,30,10.700000000000001,0,0,0,3.6,0.0000,0.0000
2004,9,28,3,0,10.100000000000001,0,0,0,3.5,0.0000,0.0000
2004,9,28,3,30,9.600000000000001,0,0,0,3.5,0.0000,0.0000
2004,9,28,4,0,9.1,0,0,0,3.4000000000000004,0.0000,0.0000
2004,9,28,4,30,8.6,0,0,0,3.3000000000000003,0.0000,0.0000
2004,9,28,5,0,8.200000000000001,0,0,0,3.3000000000000003,0.0000,0.0000
2004,9,28,5,30,7.800000000000001,0,0,0,3.2,0.0000,0.0000
2004,9,28,6,0,7.4,0,0,0,3.1,0.0000,0.0000
2004,9,28,6,30,7.9,10,212,14,3.2,0.0000,0.0000
2004,9,28,7,0,8.4,27,517,85,3.4000000000000004,0.0000,0.0000
2004,9,28,7,30,9.8,39,686,180,3.5,5.1219,3.9149
2004,9,28,8,0,11.200000000000001,46,788,279,3.6,8.3974,6.4794
2004,9,28,8,30,13,52,859,379,3.7,9.2636,7.1945
2004,9,28,9,0,14.700000000000001,55,907,470,3.8000000000000003,14.7107,11.4720
2004,9,28,9,30,15.9,58,939,554,3.6,13.5563,10.5996
2004,9,28,10,0,17.2,60,964,627,3.5,23.4514,18.3685
2004,9,28,10,30,18.1,62,988,692,3.3000000000000003,18.2507,14.3117
2004,9,28,11,0,19,63,1001,739,3.2,21.2955,16.7122
2004,9,28,11,30,19.8,64,1008,772,3.1,28.9499,22.7300
2004,9,28,12,0,20.5,68,1008,790,3,32.4624,25.4937
2004,9,28,12,30,21,68,1008,792,2.9000000000000004,24.9281,19.5772
2004,9,28,13,0,21.400000000000002,68,1005,777,2.7,17.2211,13.5220
2004,9,28,13,30,21.6,67,998,747,2.6,25.7114,20.1801
2004,9,28,14,0,21.8,66,986,702,2.5,17.9458,14.0751
2004,9,28,14,30,21.700000000000003,64,970,644,2.5,14.1624,11.0958
2004,9,28,15,0,21.6,62,947,572,2.4000000000000004,10.3108,8.0652
2004,9,28,15,30,21.1,59,917,490,2.3000000000000003,7.0993,5.5397
2004,9,28,16,0,20.700000000000003,55,873,399,2.3000000000000003,2.8488,2.2146
2004,9,28,16,30,19.3,49,812,301,1.7000000000000002,0.9588,0.7409
2004,9,28,17,0,17.900000000000002,41,722,200,1.2000000000000002,3.2754,2.5084
2004,9,28,17,30,15.700000000000001,30,574,103,1.2000000000000002,0.0000,0.0000
2004,9,28,18,0,13.5,14,304,24,1.2000000000000002,0.0000,0.0000
2004,9,28,18,30,12.8,0,0,0,1.3,0.0000,0.0000
2004,9,28,19,0,12.100000000000001,0,0,0,1.3,0.0000,0.0000
2004,9,28,19,30,11.600000000000001,0,0,0,1.4000000000000001,0.0000,0.0000
2004,9,28,20,0,11.100000000000001,0,0,0,1.4000000000000001,0.0000,0.0000
2004,9,28,20,30,10.700000000000001,0,0,0,1.4000000000000001,0.0000,0.0000
2004,9,28,21,0,10.200000000000001,0,0,0,1.5,0.0000,0.0000
2004,9,28,21,30,9.9,0,0,0,1.5,0.0000,0.0000
2004,9,28,22,0,9.5,0,0,0,1.5,0.0000,0.0000
2004,9,28,22,30,9.1,0,0,0,1.6,0.0000,0.0000
2004,9,28,23,0,8.700000000000001,0,0,0,1.6,0.0000,0.0000
2004,9,28,23,30,8.4,0,0,0,1.6,0.0000,0.0000
2004,9,29,0,0,8.1,0,0,0,1.6,0.0000,0.0000
2004,9,29,0,30,7.800000000000001,0,0,0,1.6,0.0000,0.0000
2004,9,29,1,0,7.4,0,0,0,1.6,0.0000,0.0000
2004,9,29,1,30,7.1000000000000005,0,0,0,1.6,0.0000,0.0000
2004,9,29,2,0,6.800000000000001,0,0,0,1.6,0.0000,0.0000
2004,9,29,2,30,6.5,0,0,0,1.6,0.0000,0.0000
2004,9,29,3,0,6.2,0,0,0,1.6,0.0000,0.0000
2004,9,29,3,30,6,0,0,0,1.6,0.0000,0.0000
2004,9,29,4,0,5.7,0,0,0,1.6,0.0000,0.0000
2004,9,29,4,30,5.5,0,0,0,1.6,0.0000,0.0000
2004,9,29,5,0,5.300000000000001,0,0,0,1.6,0.0000,0.0000
2004,9,29,5,30,5.1000000000000005,0,0,0,1.6,0.0000,0.0000
2004,9,29,6,0,5,0,0,0,1.7000000000000002,0.0000,0.0000
2004,9,29,6,30,6.2,0,0,0,2.3000000000000003,0.0000,0.0000
2004,9,29,7,0,7.4,28,504,83,2.9000000000000004,0.0000,0.0000
2004,9,29,7,30,8.8,41,673,177,2.9000000000000004,8.6082,6.5774
2004,9,29,8,0,10.100000000000001,50,775,276,2.9000000000000004,13.9171,10.7347
2004,9,29,8,30,12.4,57,842,374,3.2,19.7982,15.3725
2004,9,29,9,0,14.700000000000001,62,889,466,3.6,25.4708,19.8597
2004,9,29,9,30,16.5,66,917,547,4.2,30.8616,24.1273
2004,9,29,10,0,18.400000000000002,71,939,619,4.9,35.6441,27.9155
2004,9,29,10,30,19.3,73,952,676,4.800000000000001,39.9209,31.3020
2004,9,29,11,0,20.1,76,964,723,4.800000000000001,43.0686,33.7964
2004,9,29,11,30,20.8,77,967,752,4.800000000000001,45.2851,35.5527
2004,9,29,12,0,21.400000000000002,80,963,765,4.7,46.4934,36.5100
2004,9,29,12,30,21.8,80,959,764,4.7,46.6230,36.6124
2004,9,29,13,0,22.3,83,946,746,4.7,45.6149,35.8137
2004,9,29,13,30,22.400000000000002,81,935,714,4.7,43.5955,34.2134
2004,9,29,14,0,22.6,84,906,664,4.6000000000000005,40.5815,31.8251
2004,9,29,14,30,22.6,81,885,605,4.5,36.7189,28.7643
2004,9,29,15,0,22.5,81,849,534,4.5,31.9924,25.0204
2004,9,29,15,30,22.200000000000003,76,810,453,4.3,26.6993,20.8291
2004,9,29,16,0,21.8,71,753,364,4.2,20.9926,16.3142
2004,9,29,16,30,20.6,63,683,271,3.4000000000000004,15.1424,11.6958
2004,9,29,17,0,19.5,53,568,175,2.6,9.6127,7.3571
2004,9,29,17,30,17.5,36,407,86,2.2,0.0000,0.0000
2004,9,29,18,0,15.600000000000001,7,0,7,1.9000000000000001,0.0000,0.0000
2004,9,29,18,30,15.3,0,0,0,2.2,0.0000,0.0000
2004,9,29,19,0,14.9,0,0,0,2.4000000000000004,0.0000,0.0000
2004,9,29,19,30,14.8,0,0,0,2.9000000000000004,0.0000,0.0000
2004,9,29,20,0,14.700000000000001,0,0,0,3.3000000000000003,0.0000,0.0000
2004,9,29,20,30,14.5,0,0,0,3.6,0.0000,0.0000
2004,9,29,21,0,14.3,0,0,0,3.9000000000000004,0.0000,0.0000
2004,9,29,21,30,14.100000000000001,0,0,0,4.2,0.0000,0.0000
2004,9,29,22,0,13.9,0,0,0,4.5,0.0000,0.0000
2004,9,29,22,30,13.700000000000001,0,0,0,4.5,0.0000,0.0000
2004,9,29,23,0,13.5,0,0,0,4.5,0.0000,0.0000
2004,9,29,23,30,13.4,0,0,0,4.4,0.0000,0.0000
2004,9,30,0,0,13.4,0,0,0,4.3,0.0000,0.0000
2004,9,30,0,30,13.3,0,0,0,4.1000000000000005,0.0000,0.0000
2004,9,30,1,0,13.200000000000001,0,0,0,3.9000000000000004,0.0000,0.0000
2004,9,30,1,30,13.200000000000001,0,0,0,4,0.0000,0.0000
2004,9,30,2,0,13.3,0,0,0,4.1000000000000005,0.0000,0.0000
2004,9,30,2,30,13.3,0,0,0,4.1000000000000005,0.0000,0.0000
2004,9,30,3,0,13.3,0,0,0,4.2,0.0000,0.0000
2004,9,30,3,30,13.3,0,0,0,4.1000000000000005,0.0000,0.0000
2004,9,30,4,0,13.200000000000001,0,0,0,4,0.0000,0.0000
2004,9,30,4,30,13.200000000000001,0,0,0,4.1000000000000005,0.0000,0.0000
2004,9,30,5,0,13.3,0,0,0,4.2,0.0000,0.0000
2004,9,30,5,30,13.4,0,0,0,4.2,0.0000,0.0000
2004,9,30,6,0,13.4,0,0,0,4.3,0.0000,0.0000
2004,9,30,6,30,13.9,0,0,0,4.5,0.0000,0.0000
2004,9,30,7,0,14.4,37,273,65,4.7,0.0000,0.0000
2004,9,30,7,30,15.600000000000001,105,22,109,4.800000000000001,8.4573,6.4598
2004,9,30,8,0,16.8,152,155,197,4.800000000000001,13.7393,10.5938
2004,9,30,8,30,18.400000000000002,86,658,331,5.1000000000000005,19.4997,15.1371
2004,9,30,9,0,20,238,228,341,5.4,25.2134,19.6557
2004,9,30,9,30,21.5,275,248,404,5.5,30.4289,23.7860
2004,9,30,10,0,22.900000000000002,302,284,466,5.6000000000000005,35.1440,27.5209
2004,9,30,10,30,24.200000000000003,324,309,519,5.6000000000000005,38.9509,30.5386
2004,9,30,11,0,25.5,343,321,557,5.6000000000000005,42.0889,33.0248
2004,9,30,11,30,26.200000000000003,216,572,613,5.5,44.0642,34.5915
2004,9,30,12,0,26.900000000000002,187,620,625,5.5,44.9733,35.3135
2004,9,30,12,30,27.200000000000003,224,598,647,5.6000000000000005,44.9248,35.2761
2004,9,30,13,0,27.400000000000002,220,616,649,5.6000000000000005,43.7443,34.3422
2004,9,30,13,30,27.3,207,612,617,5.6000000000000005,41.6170,32.6576
2004,9,30,14,0,27.1,202,593,579,5.6000000000000005,38.3312,30.0571
2004,9,30,14,30,26.8,207,530,518,5.5,34.4387,26.9744
2004,9,30,15,0,26.5,239,314,404,5.4,29.8109,23.3104
2004,9,30,15,30,26.1,216,294,351,5.1000000000000005,24.6274,19.2083
2004,9,30,16,0,25.8,194,77,223,4.800000000000001,19.0973,14.8362
2004,9,30,16,30,24.900000000000002,157,105,189,4.2,13.5901,10.4916
2004,9,30,17,0,24.1,97,23,102,3.7,8.3943,6.4208
2004,9,30,17,30,22.900000000000002,49,7,50,3.4000000000000004,0.0000,0.0000
2004,9,30,18,0,21.8,8,0,8,3.2,0.0000,0.0000
2004,9,30,18,30,21.3,0,0,0,3.3000000000000003,0.0000,0.0000
2004,9,30,19,0,20.8,0,0,0,3.5,0.0000,0.0000
2004,9,30,19,30,20.5,0,0,0,3.6,0.0000,0.0000
2004,9,30,20,0,20.1,0,0,0,3.7,0.0000,0.0000
2004,9,30,20,30,19.8,0,0,0,3.9000000000000004,0.0000,0.0000
2004,9,30,21,0,19.400000000000002,0,0,0,4,0.0000,0.0000
2004,9,30,21,30,19.1,0,0,0,4.2,0.0000,0.0000
2004,9,30,22,0,18.7,0,0,0,4.4,0.0000,0.0000
2004,9,30,22,30,18.400000000000002,0,0,0,4.5,0.0000,0.0000
2004,9,30,23,0,18.1,0,0,0,4.6000000000000005,0.0000,0.0000
2004,9,30,23,30,17.8,0,0,0,4.7,0.0000,0.0000
2004,10,1,0,0,17.5,0,0,0,4.7,0.0000,0.0000
2004,10,1,0,30,17.2,0,0,0,4.6000000000000005,0.0000,0.0000
2004,10,1,1,0,16.900000000000002,0,0,0,4.5,0.0000,0.0000
2004,10,1,1,30,16.6,0,0,0,4.3,0.0000,0.0000
2004,10,1,2,0,16.2,0,0,0,4.2,0.0000,0.0000
2004,10,1,2,30,16,0,0,0,4,0.0000,0.0000
2004,10,1,3,0,15.700000000000001,0,0,0,3.9000000000000004,0.0000,0.0000
2004,10,1,3,30,15.5,0,0,0,3.8000000000000003,0.0000,0.0000
2004,10,1,4,0,15.200000000000001,0,0,0,3.7,0.0000,0.0000
2004,10,1,4,30,15,0,0,0,3.5,0.0000,0.0000
2004,10,1,5,0,14.8,0,0,0,3.3000000000000003,0.0000,0.0000
2004,10,1,5,30,14.5,0,0,0,2.9000000000000004,0.0000,0.0000
2004,10,1,6,0,14.100000000000001,0,0,0,2.6,0.0000,0.0000
2004,10,1,6,30,14.700000000000001,0,0,0,2.8000000000000003,0.0000,0.0000
2004,10,1,7,0,15.200000000000001,33,2,33,3,0.0000,0.0000
2004,10,1,7,30,15.9,10,0,10,3.5,5.2042,3.9737
2004,10,1,8,0,16.6,33,438,158,4.1000000000000005,9.7866,7.5434
2004,10,1,8,30,16.400000000000002,123,10,126,5.6000000000000005,17.2245,13.3676
2004,10,1,9,0,16.3,149,10,153,7.1000000000000005,18.4189,14.3563
2004,10,1,9,30,14.9,131,0,131,8.3,22.4408,17.5394
2004,10,1,10,0,13.600000000000001,11,0,11,9.5,26.4228,20.6891
2004,10,1,10,30,11.9,55,0,55,9.600000000000001,29.8692,23.4161
2004,10,1,11,0,10.200000000000001,152,1,152,9.700000000000001,32.3884,25.4112
2004,10,1,11,30,9.5,132,1,132,9.4,35.8799,28.1644
2004,10,1,12,0,8.700000000000001,280,20,294,9.1,36.7023,28.8168
2004,10,1,12,30,9,282,20,297,8.8,38.0009,29.8367
2004,10,1,13,0,9.3,337,24,353,8.5,38.0104,29.8380
2004,10,1,13,30,10.100000000000001,242,1,243,8.3,35.9158,28.1810
2004,10,1,14,0,10.9,347,78,396,8.1,33.3757,26.1683
2004,10,1,14,30,11.200000000000001,71,930,612,7.9,29.4372,23.0537
2004,10,1,15,0,11.600000000000001,61,930,547,7.6000000000000005,22.5092,17.5978
2004,10,1,15,30,11.4,165,522,402,7.2,19.0370,14.8444
2004,10,1,16,0,11.200000000000001,111,687,371,6.800000000000001,11.6673,9.0609
2004,10,1,16,30,10.5,45,818,286,6.2,9.4489,7.2909
2004,10,1,17,0,9.9,37,724,185,5.6000000000000005,4.8843,3.7338
2004,10,1,17,30,8.6,27,564,89,4.6000000000000005,0.0000,0.0000
2004,10,1,18,0,7.300000000000001,11,262,16,3.7,0.0000,0.0000
2004,10,1,18,30,6.4,0,0,0,3.4000000000000004,0.0000,0.0000
2004,10,1,19,0,5.6000000000000005,0,0,0,3,0.0000,0.0000
2004,10,1,19,30,5,0,0,0,2.9000000000000004,0.0000,0.0000
2004,10,1,20,0,4.5,0,0,0,2.8000000000000003,0.0000,0.0000
2004,10,1,20,30,4,0,0,0,2.7,0.0000,0.0000
2004,10,1,21,0,3.6,0,0,0,2.5,0.0000,0.0000
2004,10,1,21,30,3.2,0,0,0,2.4000000000000004,0.0000,0.0000
2004,10,1,22,0,2.8000000000000003,0,0,0,2.3000000000000003,0.0000,0.0000
2004,10,1,22,30,2.5,0,0,0,2.2,0.0000,0.0000
2004,10,1,23,0,2.2,0,0,0,2.1,0.0000,0.0000
2004,10,1,23,30,1.9000000000000001,0,0,0,2,0.0000,0.0000
2004,10,2,0,0,1.6,0,0,0,1.9000000000000001,0.0000,0.0000
2004,10,2,0,30,1.3,0,0,0,1.9000000000000001,0.0000,0.0000
2004,10,2,1,0,1.1,0,0,0,1.8,0.0000,0.0000
2004,10,2,1,30,0.8,0,0,0,1.8,0.0000,0.0000
2004,10,2,2,0,0.6000000000000001,0,0,0,1.8,0.0000,0.0000
2004,10,2,2,30,0.30000000000000004,0,0,0,1.6,0.0000,0.0000
2004,10,2,3,0,0.1,0,0,0,1.5,0.0000,0.0000
2004,10,2,3,30,-0.1,0,0,0,1.4000000000000001,0.0000,0.0000
2004,10,2,4,0,-0.30000000000000004,0,0,0,1.3,0.0000,0.0000
2004,10,2,4,30,-0.5,0,0,0,1.2000000000000002,0.0000,0.0000
2004,10,2,5,0,-0.6000000000000001,0,0,0,1.1,0.0000,0.0000
2004,10,2,5,30,-0.6000000000000001,0,0,0,1.1,0.0000,0.0000
2004,10,2,6,0,-0.7000000000000001,0,0,0,1.1,0.0000,0.0000
2004,10,2,6,30,0.8,0,0,0,1.4000000000000001,0.0000,0.0000
2004,10,2,7,0,2.2,25,505,75,1.8,0.0000,0.0000
2004,10,2,7,30,3.8000000000000003,37,681,167,1.9000000000000001,0.4771,0.3642
2004,10,2,8,0,5.300000000000001,46,782,265,2,7.8339,6.0362
2004,10,2,8,30,7.4,52,844,360,2.2,6.5440,5.0774
2004,10,2,9,0,9.4,56,891,451,2.4000000000000004,8.2500,6.4292
2004,10,2,9,30,10.600000000000001,246,381,441,2.7,7.2657,5.6780
2004,10,2,10,0,11.8,314,263,464,2.9000000000000004,0.6229,0.4877
2004,10,2,10,30,12.8,321,337,530,3.1,3.1615,2.4783
2004,10,2,11,0,13.8,383,112,457,3.3000000000000003,8.8286,6.9261
2004,10,2,11,30,14.700000000000001,386,253,559,3.4000000000000004,7.7176,6.0575
2004,10,2,12,0,15.5,75,965,747,3.5,17.2454,13.5391
2004,10,2,12,30,16.3,75,965,748,3.7,17.4239,13.6794
2004,10,2,13,0,17,76,955,730,3.8000000000000003,20.6489,16.2079
2004,10,2,13,30,17.400000000000002,75,947,700,4,14.1266,11.0832
2004,10,2,14,0,17.900000000000002,282,461,570,4.1000000000000005,22.7930,17.8688
2004,10,2,14,30,18,70,913,596,4.2,34.7216,27.1885
2004,10,2,15,0,18.2,66,889,526,4.3,30.4173,23.7761
2004,10,2,15,30,17.900000000000002,255,141,318,4.3,21.7521,16.9574
2004,10,2,16,0,17.7,56,808,357,4.3,19.3561,15.0269
2004,10,2,16,30,16.6,49,740,263,3.6,14.2544,10.9932
2004,10,2,17,0,15.5,40,638,167,2.8000000000000003,8.8454,6.7581
2004,10,2,17,30,13.600000000000001,28,468,77,2.4000000000000004,0.0000,0.0000
2004,10,2,18,0,11.700000000000001,0,0,0,2,0.0000,0.0000
2004,10,2,18,30,11.3,0,0,0,2.2,0.0000,0.0000
2004,10,2,19,0,11,0,0,0,2.5,0.0000,0.0000
2004,10,2,19,30,10.9,0,0,0,2.7,0.0000,0.0000
2004,10,2,20,0,10.700000000000001,0,0,0,3,0.0000,0.0000
2004,10,2,20,30,10.4,0,0,0,3.1,0.0000,0.0000
2004,10,2,21,0,10.100000000000001,0,0,0,3.2,0.0000,0.0000
2004,10,2,21,30,9.9,0,0,0,3.3000000000000003,0.0000,0.0000
2004,10,2,22,0,9.600000000000001,0,0,0,3.5,0.0000,0.0000
2004,10,2,22,30,9.3,0,0,0,3.4000000000000004,0.0000,0.0000
2004,10,2,23,0,8.9,0,0,0,3.4000000000000004,0.0000,0.0000
2004,10,2,23,30,8.6,0,0,0,3.4000000000000004,0.0000,0.0000
2004,10,3,0,0,8.200000000000001,0,0,0,3.4000000000000004,0.0000,0.0000
2004,10,3,0,30,7.9,0,0,0,3.4000000000000004,0.0000,0.0000
2004,10,3,1,0,7.7,0,0,0,3.4000000000000004,0.0000,0.0000
2004,10,3,1,30,7.4,0,0,0,3.3000000000000003,0.0000,0.0000
2004,10,3,2,0,7.1000000000000005,0,0,0,3.3000000000000003,0.0000,0.0000
2004,10,3,2,30,7,0,0,0,3.2,0.0000,0.0000
2004,10,3,3,0,6.800000000000001,0,0,0,3.2,0.0000,0.0000
2004,10,3,3,30,6.7,0,0,0,3.1,0.0000,0.0000
2004,10,3,4,0,6.6000000000000005,0,0,0,3,0.0000,0.0000
2004,10,3,4,30,6.5,0,0,0,3,0.0000,0.0000
2004,10,3,5,0,6.5,0,0,0,2.9000000000000004,0.0000,0.0000
2004,10,3,5,30,6.4,0,0,0,2.8000000000000003,0.0000,0.0000
2004,10,3,6,0,6.300000000000001,0,0,0,2.7,0.0000,0.0000
2004,10,3,6,30,7,0,0,0,3,0.0000,0.0000
2004,10,3,7,0,7.7,26,427,66,3.3000000000000003,0.0000,0.0000
2004,10,3,7,30,9.200000000000001,39,609,153,3.1,7.9646,6.0774
2004,10,3,8,0,10.600000000000001,48,720,248,2.8000000000000003,13.1125,10.0998
2004,10,3,8,30,12.700000000000001,55,791,341,2.7,18.6605,14.4749
2004,10,3,9,0,14.700000000000001,60,847,431,2.6,24.2764,18.9150
2004,10,3,9,30,16.900000000000002,64,882,511,2.5,24.4223,19.0827
2004,10,3,10,0,19.1,66,910,582,2.4000000000000004,26.2393,20.5408
2004,10,3,10,30,21,68,932,642,2.9000000000000004,30.4274,23.8490
2004,10,3,11,0,22.900000000000002,67,948,688,3.3000000000000003,26.5127,20.7976
2004,10,3,11,30,23.900000000000002,69,960,721,3.4000000000000004,32.6456,25.6213
2004,10,3,12,0,24.8,70,962,737,3.6,43.7673,34.3582
2004,10,3,12,30,25.200000000000003,70,962,737,3.8000000000000003,43.8312,34.4086
2004,10,3,13,0,25.5,68,964,725,4,42.6496,33.4737
2004,10,3,13,30,25.5,67,957,695,4.3,40.6397,31.8813
2004,10,3,14,0,25.5,65,946,650,4.5,32.7599,25.6795
2004,10,3,14,30,25.200000000000003,62,928,592,4.7,33.7570,26.4294
2004,10,3,15,0,24.900000000000002,66,889,522,4.9,29.1916,22.8138
2004,10,3,15,30,24.3,62,850,439,4.800000000000001,17.1660,13.3789
2004,10,3,16,0,23.700000000000003,57,802,351,4.800000000000001,18.5728,14.4136
2004,10,3,16,30,22.200000000000003,50,727,255,4.2,13.0666,10.0717
2004,10,3,17,0,20.8,40,623,161,3.6,7.9745,6.0893
2004,10,3,17,30,18.900000000000002,27,441,71,3.1,0.0000,0.0000
2004,10,3,18,0,17,0,0,0,2.7,0.0000,0.0000
2004,10,3,18,30,16.400000000000002,0,0,0,2.8000000000000003,0.0000,0.0000
2004,10,3,19,0,15.8,0,0,0,2.9000000000000004,0.0000,0.0000
2004,10,3,19,30,15.100000000000001,0,0,0,2.8000000000000003,0.0000,0.0000
2004,10,3,20,0,14.4,0,0,0,2.7,0.0000,0.0000
2004,10,3,20,30,13.9,0,0,0,2.8000000000000003,0.0000,0.0000
2004,10,3,21,0,13.3,0,0,0,2.9000000000000004,0.0000,0.0000
2004,10,3,21,30,12.700000000000001,0,0,0,3,0.0000,0.0000
2004,10,3,22,0,12,0,0,0,3.1,0.0000,0.0000
2004,10,3,22,30,11.4,0,0,0,3.2,0.0000,0.0000
2004,10,3,23,0,10.8,0,0,0,3.3000000000000003,0.0000,0.0000
2004,10,3,23,30,10.200000000000001,0,0,0,3.4000000000000004,0.0000,0.0000
2004,10,4,0,0,9.600000000000001,0,0,0,3.5,0.0000,0.0000
2004,10,4,0,30,9,0,0,0,3.5,0.0000,0.0000
2004,10,4,1,0,8.4,0,0,0,3.5,0.0000,0.0000
2004,10,4,1,30,7.800000000000001,0,0,0,3.4000000000000004,0.0000,0.0000
2004,10,4,2,0,7.2,0,0,0,3.4000000000000004,0.0000,0.0000
2004,10,4,2,30,6.6000000000000005,0,0,0,3.1,0.0000,0.0000
2004,10,4,3,0,6.1000000000000005,0,0,0,2.9000000000000004,0.0000,0.0000
2004,10,4,3,30,5.6000000000000005,0,0,0,2.7,0.0000,0.0000
2004,10,4,4,0,5,0,0,0,2.5,0.0000,0.0000
2004,10,4,4,30,4.6000000000000005,0,0,0,2.4000000000000004,0.0000,0.0000
2004,10,4,5,0,4.2,0,0,0,2.3000000000000003,0.0000,0.0000
2004,10,4,5,30,3.8000000000000003,0,0,0,2.2,0.0000,0.0000
2004,10,4,6,0,3.4000000000000004,0,0,0,2.1,0.0000,0.0000
2004,10,4,6,30,3.9000000000000004,0,0,0,2.5,0.0000,0.0000
2004,10,4,7,0,4.3,23,471,66,3,0.0000,0.0000
2004,10,4,7,30,5.5,35,651,155,3.2,7.2943,5.5642
2004,10,4,8,0,6.7,43,758,251,3.5,12.2465,9.4293
2004,10,4,8,30,7.800000000000001,49,828,345,3.5,17.6393,13.6790
2004,10,4,9,0,8.9,54,876,435,3.4000000000000004,23.1591,18.0410
2004,10,4,9,30,9.9,57,910,516,3.3000000000000003,28.2554,22.0746
2004,10,4,10,0,10.8,60,931,584,3.2,32.8674,25.7265
2004,10,4,10,30,11.700000000000001,62,949,643,3.1,36.8103,28.8490
2004,10,4,11,0,12.600000000000001,65,961,689,3,39.8665,31.2701
2004,10,4,11,30,13.3,66,969,720,2.9000000000000004,42.0565,33.0043
2004,10,4,12,0,14.100000000000001,72,966,736,2.8000000000000003,43.1312,33.8560
2004,10,4,12,30,14.600000000000001,72,966,737,2.7,43.1352,33.8593
2004,10,4,13,0,15.200000000000001,71,962,722,2.5,42.3034,33.1989
2004,10,4,13,30,15.5,70,954,691,2.3000000000000003,40.2948,31.6074
2004,10,4,14,0,15.8,69,941,647,2,37.3018,29.2363
2004,10,4,14,30,15.9,67,922,588,1.7000000000000002,33.4715,26.2019
2004,10,4,15,0,15.9,64,892,516,1.5,28.9113,22.5905
2004,10,4,15,30,15.700000000000001,60,856,435,1.2000000000000002,23.6404,18.4202
2004,10,4,16,0,15.4,56,804,346,1,18.2080,14.1253
2004,10,4,16,30,14.5,49,732,252,0.8,12.6305,9.7303
2004,10,4,17,0,13.600000000000001,40,617,156,0.6000000000000001,7.6807,5.8620
2004,10,4,17,30,12.100000000000001,26,433,68,0.8,0.0000,0.0000
2004,10,4,18,0,10.600000000000001,0,0,0,1,0.0000,0.0000
2004,10,4,18,30,9.8,0,0,0,1,0.0000,0.0000
2004,10,4,19,0,8.9,0,0,0,1.1,0.0000,0.0000
2004,10,4,19,30,8.4,0,0,0,1.2000000000000002,0.0000,0.0000
2004,10,4,20,0,7.9,0,0,0,1.2000000000000002,0.0000,0.0000
2004,10,4,20,30,7.6000000000000005,0,0,0,1.3,0.0000,0.0000
2004,10,4,21,0,7.300000000000001,0,0,0,1.4000000000000001,0.0000,0.0000
2004,10,4,21,30,7.2,0,0,0,1.5,0.0000,0.0000
2004,10,4,22,0,7,0,0,0,1.7000000000000002,0.0000,0.0000
2004,10,4,22,30,6.800000000000001,0,0,0,1.7000000000000002,0.0000,0.0000
2004,10,4,23,0,6.6000000000000005,0,0,0,1.8,0.0000,0.0000
2004,10,4,23,30,6.4,0,0,0,1.9000000000000001,0.0000,0.0000
2004,10,5,0,0,6.300000000000001,0,0,0,2,0.0000,0.0000
2004,10,5,0,30,6.1000000000000005,0,0,0,2.1,0.0000,0.0000
2004,10,5,1,0,6,0,0,0,2.3000000000000003,0.0000,0.0000
2004,10,5,1,30,5.9,0,0,0,2.4000000000000004,0.0000,0.0000
2004,10,5,2,0,5.7,0,0,0,2.5,0.0000,0.0000
2004,10,5,2,30,5.6000000000000005,0,0,0,2.6,0.0000,0.0000
2004,10,5,3,0,5.5,0,0,0,2.7,0.0000,0.0000
2004,10,5,3,30,5.4,0,0,0,2.8000000000000003,0.0000,0.0000
2004,10,5,4,0,5.300000000000001,0,0,0,2.9000000000000004,0.0000,0.0000
2004,10,5,4,30,5.2,0,0,0,2.9000000000000004,0.0000,0.0000
2004,10,5,5,0,5.1000000000000005,0,0,0,3,0.0000,0.0000
2004,10,5,5,30,5,0,0,0,3,0.0000,0.0000
2004,10,5,6,0,5,0,0,0,3.1,0.0000,0.0000
2004,10,5,6,30,5.300000000000001,0,0,0,3.3000000000000003,0.0000,0.0000
2004,10,5,7,0,5.7,31,0,31,3.6,0.0000,0.0000
2004,10,5,7,30,6.9,91,12,93,3.6,7.3881,5.6342
2004,10,5,8,0,8.1,53,690,239,3.6,12.3697,9.5206
2004,10,5,8,30,10,61,771,334,4,17.8106,13.8082
2004,10,5,9,0,12,66,828,423,4.4,23.3326,18.1726
2004,10,5,9,30,13.9,71,866,504,4.800000000000001,28.4875,22.2527
2004,10,5,10,0,15.700000000000001,74,897,575,5.1000000000000005,32.9349,25.7763
2004,10,5,10,30,17.1,76,916,633,5.2,36.8214,28.8548
2004,10,5,11,0,18.5,77,933,679,5.2,39.8761,31.2747
2004,10,5,11,30,19.700000000000003,78,942,710,5.300000000000001,41.9489,32.9170
2004,10,5,12,0,20.8,83,938,724,5.300000000000001,43.0218,33.7671
2004,10,5,12,30,21.6,83,938,724,5.4,43.0829,33.8153
2004,10,5,13,0,22.400000000000002,83,930,707,5.4,42.0751,33.0166
2004,10,5,13,30,22.700000000000003,81,918,674,5.4,40.0076,31.3788
2004,10,5,14,0,23,82,896,627,5.300000000000001,37.0731,29.0535
2004,10,5,14,30,23,79,873,568,5.300000000000001,33.1874,25.9757
2004,10,5,15,0,23,74,846,498,5.2,28.5204,22.2808
2004,10,5,15,30,22.6,69,804,417,5,23.3675,18.2028
2004,10,5,16,0,22.200000000000003,62,755,330,4.800000000000001,17.8963,13.8782
2004,10,5,16,30,20.8,53,679,238,4.1000000000000005,12.4451,9.5824
2004,10,5,17,0,19.400000000000002,42,570,146,3.3000000000000003,7.4375,5.6736
2004,10,5,17,30,17.400000000000002,26,380,60,2.8000000000000003,0.0000,0.0000
2004,10,5,18,0,15.5,0,0,0,2.3000000000000003,0.0000,0.0000
2004,10,5,18,30,15,0,0,0,2.3000000000000003,0.0000,0.0000
2004,10,5,19,0,14.5,0,0,0,2.3000000000000003,0.0000,0.0000
2004,10,5,19,30,14.200000000000001,0,0,0,2.4000000000000004,0.0000,0.0000
2004,10,5,20,0,13.9,0,0,0,2.6,0.0000,0.0000
2004,10,5,20,30,13.700000000000001,0,0,0,2.7,0.0000,0.0000
2004,10,5,21,0,13.4,0,0,0,2.9000000000000004,0.0000,0.0000
2004,10,5,21,30,13,0,0,0,3,0.0000,0.0000
2004,10,5,22,0,12.600000000000001,0,0,0,3,0.0000,0.0000
2004,10,5,22,30,12.3,0,0,0,3.1,0.0000,0.0000
2004,10,5,23,0,12,0,0,0,3.2,0.0000,0.0000
2004,10,5,23,30,11.8,0,0,0,3.3000000000000003,0.0000,0.0000
2004,10,6,0,0,11.600000000000001,0,0,0,3.3000000000000003,0.0000,0.0000
2004,10,6,0,30,11.200000000000001,0,0,0,3.2,0.0000,0.0000
2004,10,6,1,0,10.8,0,0,0,3.1,0.0000,0.0000
2004,10,6,1,30,10.4,0,0,0,3,0.0000,0.0000
2004,10,6,2,0,10,0,0,0,2.8000000000000003,0.0000,0.0000
2004,10,6,2,30,9.700000000000001,0,0,0,2.6,0.0000,0.0000
2004,10,6,3,0,9.3,0,0,0,2.3000000000000003,0.0000,0.0000
2004,10,6,3,30,9.200000000000001,0,0,0,2.2,0.0000,0.0000
2004,10,6,4,0,9,0,0,0,2.1,0.0000,0.0000
2004,10,6,4,30,9,0,0,0,2.1,0.0000,0.0000
2004,10,6,5,0,9.1,0,0,0,2.2,0.0000,0.0000
2004,10,6,5,30,9.200000000000001,0,0,0,2.1,0.0000,0.0000
2004,10,6,6,0,9.200000000000001,0,0,0,2,0.0000,0.0000
2004,10,6,6,30,9.8,0,0,0,2.3000000000000003,0.0000,0.0000
2004,10,6,7,0,10.4,28,1,28,2.6,0.0000,0.0000
2004,10,6,7,30,11.100000000000001,45,2,45,2.9000000000000004,4.4327,3.3794
2004,10,6,8,0,11.8,88,8,90,3.1,11.7538,9.0430
2004,10,6,8,30,12.600000000000001,157,27,166,3.1,17.2067,13.3362
2004,10,6,9,0,13.3,179,29,192,3,22.6465,17.6347
2004,10,6,9,30,14.100000000000001,250,85,292,3,27.7812,21.6977
2004,10,6,10,0,14.9,243,44,267,3,32.3804,25.3391
2004,10,6,10,30,15.5,248,34,269,3,36.2012,28.3658
2004,10,6,11,0,16,280,40,306,3,39.2476,30.7788
2004,10,6,11,30,16.400000000000002,306,27,324,3,41.3169,32.4182
2004,10,6,12,0,16.7,207,5,211,2.9000000000000004,42.2695,33.1737
2004,10,6,12,30,16.900000000000002,134,1,135,2.7,42.2722,33.1760
2004,10,6,13,0,17,159,1,160,2.4000000000000004,41.1478,32.2859
2004,10,6,13,30,17,162,2,163,2.1,38.9685,30.5605
2004,10,6,14,0,16.900000000000002,153,3,155,1.8,35.8699,28.1069
2004,10,6,14,30,16.7,255,66,292,1.6,32.0017,25.0439
2004,10,6,15,0,16.5,218,40,238,1.4000000000000001,27.4682,21.4545
2004,10,6,15,30,16.1,186,32,199,1.3,22.3463,17.4027
2004,10,6,16,0,15.700000000000001,174,53,192,1.2000000000000002,17.0199,13.1935
2004,10,6,16,30,15.200000000000001,94,9,97,1.5,11.7184,9.0178
2004,10,6,17,0,14.700000000000001,71,7,72,1.9000000000000001,6.9588,5.3062
2004,10,6,17,30,14.4,18,0,19,2.1,0.0000,0.0000
2004,10,6,18,0,14.100000000000001,0,0,0,2.3000000000000003,0.0000,0.0000
2004,10,6,18,30,14.4,0,0,0,2.8000000000000003,0.0000,0.0000
2004,10,6,19,0,14.700000000000001,0,0,0,3.4000000000000004,0.0000,0.0000
2004,10,6,19,30,14.9,0,0,0,3.9000000000000004,0.0000,0.0000
2004,10,6,20,0,15.100000000000001,0,0,0,4.5,0.0000,0.0000
2004,10,6,20,30,14.9,0,0,0,4.5,0.0000,0.0000
2004,10,6,21,0,14.700000000000001,0,0,0,4.5,0.0000,0.0000
2004,10,6,21,30,14.3,0,0,0,4.4,0.0000,0.0000
2004,10,6,22,0,13.8,0,0,0,4.2,0.0000,0.0000
2004,10,6,22,30,13.700000000000001,0,0,0,4.4,0.0000,0.0000
2004,10,6,23,0,13.600000000000001,0,0,0,4.7,0.0000,0.0000
2004,10,6,23,30,13.4,0,0,0,4.5,0.0000,0.0000
2004,10,7,0,0,13.3,0,0,0,4.3,0.0000,0.0000
2004,10,7,0,30,13.100000000000001,0,0,0,4.1000000000000005,0.0000,0.0000
2004,10,7,1,0,13,0,0,0,3.9000000000000004,0.0000,0.0000
2004,10,7,1,30,12.9,0,0,0,3.7,0.0000,0.0000
2004,10,7,2,0,12.8,0,0,0,3.5,0.0000,0.0000
2004,10,7,2,30,12.8,0,0,0,3.3000000000000003,0.0000,0.0000
2004,10,7,3,0,12.9,0,0,0,3.2,0.0000,0.0000
2004,10,7,3,30,12.9,0,0,0,3.1,0.0000,0.0000
2004,10,7,4,0,13,0,0,0,3,0.0000,0.0000
2004,10,7,4,30,13,0,0,0,2.7,0.0000,0.0000
2004,10,7,5,0,12.9,0,0,0,2.5,0.0000,0.0000
2004,10,7,5,30,12.9,0,0,0,2.5,0.0000,0.0000
2004,10,7,6,0,12.8,0,0,0,2.5,0.0000,0.0000
2004,10,7,6,30,13.3,0,0,0,2.8000000000000003,0.0000,0.0000
2004,10,7,7,0,13.700000000000001,13,0,13,3.1,0.0000,0.0000
2004,10,7,7,30,14.700000000000001,58,355,120,3.3000000000000003,2.1452,1.6350
2004,10,7,8,0,15.600000000000001,144,41,155,3.4000000000000004,4.4174,3.3973
2004,10,7,8,30,16.8,154,8,157,3.6,8.5338,6.6123
2004,10,7,9,0,18,106,4,107,3.7,10.2606,7.9883
2004,10,7,9,30,19.1,194,421,402,4,16.0688,12.5481
2004,10,7,10,0,20.200000000000003,190,1,191,4.3,15.0145,11.7480
2004,10,7,10,30,20.8,257,7,261,4.5,15.3636,12.0370
2004,10,7,11,0,21.5,155,3,157,4.800000000000001,17.6653,13.8522
2004,10,7,11,30,21.700000000000003,171,3,173,4.9,18.8316,14.7744
2004,10,7,12,0,21.900000000000002,130,1,130,5,12.3038,9.6553
2004,10,7,12,30,22,19,0,19,5.1000000000000005,7.8724,6.1778
2004,10,7,13,0,22.200000000000003,158,2,160,5.1000000000000005,9.2999,7.2963
2004,10,7,13,30,22,116,1,117,5,9.4107,7.3794
2004,10,7,14,0,21.900000000000002,104,1,104,5,8.8537,6.9367
2004,10,7,14,30,21.6,216,39,238,4.7,16.4219,12.8494
2004,10,7,15,0,21.400000000000002,198,26,211,4.4,13.0995,10.2296
2004,10,7,15,30,21.1,193,42,211,4,10.6370,8.2815
2004,10,7,16,0,20.8,175,66,198,3.5,9.8730,7.6503
2004,10,7,16,30,20.1,137,109,165,3,4.7618,3.6623
2004,10,7,17,0,19.400000000000002,80,15,83,2.6,3.4322,2.6161
2004,10,7,17,30,18.6,24,1,24,2.5,0.0000,0.0000
2004,10,7,18,0,17.900000000000002,0,0,0,2.4000000000000004,0.0000,0.0000
2004,10,7,18,30,17.6,0,0,0,2.5,0.0000,0.0000
2004,10,7,19,0,17.2,0,0,0,2.6,0.0000,0.0000
2004,10,7,19,30,17,0,0,0,2.8000000000000003,0.0000,0.0000
2004,10,7,20,0,16.7,0,0,0,2.9000000000000004,0.0000,0.0000
2004,10,7,20,30,16.3,0,0,0,2.9000000000000004,0.0000,0.0000
2004,10,7,21,0,16,0,0,0,2.9000000000000004,0.0000,0.0000
2004,10,7,21,30,15.700000000000001,0,0,0,2.9000000000000004,0.0000,0.0000
2004,10,7,22,0,15.3,0,0,0,2.8000000000000003,0.0000,0.0000
2004,10,7,22,30,14.9,0,0,0,2.6,0.0000,0.0000
2004,10,7,23,0,14.4,0,0,0,2.4000000000000004,0.0000,0.0000
2004,10,7,23,30,14,0,0,0,2.2,0.0000,0.0000
2004,10,8,0,0,13.5,0,0,0,2,0.0000,0.0000
2004,10,8,0,30,13.200000000000001,0,0,0,2,0.0000,0.0000
2004,10,8,1,0,12.9,0,0,0,2,0.0000,0.0000
2004,10,8,1,30,12.600000000000001,0,0,0,2,0.0000,0.0000
2004,10,8,2,0,12.3,0,0,0,2,0.0000,0.0000
2004,10,8,2,30,12.200000000000001,0,0,0,2.1,0.0000,0.0000
2004,10,8,3,0,12,0,0,0,2.1,0.0000,0.0000
2004,10,8,3,30,12,0,0,0,2.3000000000000003,0.0000,0.0000
2004,10,8,4,0,12,0,0,0,2.5,0.0000,0.0000
2004,10,8,4,30,12.100000000000001,0,0,0,2.8000000000000003,0.0000,0.0000
2004,10,8,5,0,12.100000000000001,0,0,0,3.1,0.0000,0.0000
2004,10,8,5,30,12.100000000000001,0,0,0,3.2,0.0000,0.0000
2004,10,8,6,0,12.100000000000001,0,0,0,3.2,0.0000,0.0000
2004,10,8,6,30,12.5,0,0,0,3.4000000000000004,0.0000,0.0000
2004,10,8,7,0,12.9,24,323,49,3.6,0.0000,0.0000
2004,10,8,7,30,14,41,524,129,3.9000000000000004,0.0000,0.0000
2004,10,8,8,0,15.100000000000001,53,644,219,4.2,7.5922,5.8366
2004,10,8,8,30,16.5,62,724,309,4.800000000000001,8.0539,6.2387
2004,10,8,9,0,17.8,69,778,395,5.300000000000001,5.7072,4.4423
2004,10,8,9,30,18.8,74,821,474,5.5,22.0864,17.2445
2004,10,8,10,0,19.8,77,856,544,5.7,10.7247,8.3904
2004,10,8,10,30,20.6,80,879,603,5.6000000000000005,14.8865,11.6619
2004,10,8,11,0,21.400000000000002,80,901,649,5.6000000000000005,9.0521,7.0974
2004,10,8,11,30,21.900000000000002,82,916,683,5.5,10.0428,7.8783
2004,10,8,12,0,22.3,75,936,701,5.5,7.5714,5.9410
2004,10,8,12,30,22.5,75,942,705,5.5,1.1065,0.8683
2004,10,8,13,0,22.6,71,948,692,5.5,9.2875,7.2858
2004,10,8,13,30,22.5,70,942,664,5.4,6.7453,5.2888
2004,10,8,14,0,22.400000000000002,65,941,623,5.2,5.9310,4.6462
2004,10,8,14,30,22.1,63,922,564,5.1000000000000005,13.3611,10.4528
2004,10,8,15,0,21.8,59,900,496,4.9,11.5891,9.0482
2004,10,8,15,30,21.3,55,864,415,4.6000000000000005,11.2503,8.7565
2004,10,8,16,0,20.700000000000003,50,814,326,4.3,10.1518,7.8631
2004,10,8,16,30,19.200000000000003,43,743,233,3.3000000000000003,8.0770,6.2085
2004,10,8,17,0,17.6,34,625,138,2.3000000000000003,0.0000,0.0000
2004,10,8,17,30,15.700000000000001,21,422,52,1.9000000000000001,0.0000,0.0000
2004,10,8,18,0,13.700000000000001,0,0,0,1.5,0.0000,0.0000
2004,10,8,18,30,13.200000000000001,0,0,0,1.5,0.0000,0.0000
2004,10,8,19,0,12.600000000000001,0,0,0,1.5,0.0000,0.0000
2004,10,8,19,30,12.200000000000001,0,0,0,1.5,0.0000,0.0000
2004,10,8,20,0,11.700000000000001,0,0,0,1.4000000000000001,0.0000,0.0000
2004,10,8,20,30,11.3,0,0,0,1.4000000000000001,0.0000,0.0000
2004,10,8,21,0,10.9,0,0,0,1.4000000000000001,0.0000,0.0000
2004,10,8,21,30,10.5,0,0,0,1.4000000000000001,0.0000,0.0000
2004,10,8,22,0,10.100000000000001,0,0,0,1.4000000000000001,0.0000,0.0000
2004,10,8,22,30,9.700000000000001,0,0,0,1.3,0.0000,0.0000
2004,10,8,23,0,9.3,0,0,0,1.3,0.0000,0.0000
2004,10,8,23,30,9,0,0,0,1.2000000000000002,0.0000,0.0000
2004,10,9,0,0,8.6,0,0,0,1.2000000000000002,0.0000,0.0000
2004,10,9,0,30,8.4,0,0,0,1.2000000000000002,0.0000,0.0000
2004,10,9,1,0,8.200000000000001,0,0,0,1.1,0.0000,0.0000
2004,10,9,1,30,8,0,0,0,1.1,0.0000,0.0000
2004,10,9,2,0,7.800000000000001,0,0,0,1.1,0.0000,0.0000
2004,10,9,2,30,7.800000000000001,0,0,0,1.1,0.0000,0.0000
2004,10,9,3,0,7.800000000000001,0,0,0,1,0.0000,0.0000
2004,10,9,3,30,7.800000000000001,0,0,0,1,0.0000,0.0000
2004,10,9,4,0,7.9,0,0,0,1,0.0000,0.0000
2004,10,9,4,30,7.9,0,0,0,0.9,0.0000,0.0000
2004,10,9,5,0,7.800000000000001,0,0,0,0.9,0.0000,0.0000
2004,10,9,5,30,7.9,0,0,0,0.8,0.0000,0.0000
2004,10,9,6,0,8,0,0,0,0.8,0.0000,0.0000
2004,10,9,6,30,8.5,0,0,0,0.6000000000000001,0.0000,0.0000
2004,10,9,7,0,9,21,425,52,0.5,0.0000,0.0000
2004,10,9,7,30,10.100000000000001,33,626,137,0.5,0.0000,0.0000
2004,10,9,8,0,11.200000000000001,42,741,231,0.4,10.7063,8.2274
2004,10,9,8,30,13,49,816,324,0.9,15.8175,12.2488
2004,10,9,9,0,14.700000000000001,53,867,413,1.3,21.0296,16.3654
2004,10,9,9,30,16.7,57,903,493,1.9000000000000001,25.9980,20.2952
2004,10,9,10,0,18.7,61,928,564,2.6,30.4997,23.8581
2004,10,9,10,30,19.5,63,947,622,2.6,34.3457,26.9029
2004,10,9,11,0,20.200000000000003,65,960,666,2.6,37.3710,29.2984
2004,10,9,11,30,20.700000000000003,66,969,697,2.6,39.5990,31.0616
2004,10,9,12,0,21.200000000000003,66,973,712,2.6,40.7754,31.9923
2004,10,9,12,30,21.5,66,972,711,2.7,41.0067,32.1737
2004,10,9,13,0,21.8,65,970,695,2.7,40.1152,31.4662
2004,10,9,13,30,21.8,64,961,665,2.8000000000000003,38.2245,29.9669
2004,10,9,14,0,21.900000000000002,62,948,619,2.8000000000000003,35.4710,27.7835
2004,10,9,14,30,21.8,60,929,561,2.8000000000000003,31.6033,24.7202
2004,10,9,15,0,21.6,57,903,490,2.8000000000000003,27.1846,21.2200
2004,10,9,15,30,21.1,53,866,409,2.7,22.0711,17.1739
2004,10,9,16,0,20.6,48,815,320,2.5,16.6652,12.9028
2004,10,9,16,30,18.6,42,739,226,1.9000000000000001,11.3740,8.7378
2004,10,9,17,0,16.7,33,620,133,1.2000000000000002,0.0000,0.0000
2004,10,9,17,30,14.9,20,416,49,1.3,0.0000,0.0000
2004,10,9,18,0,13.100000000000001,0,0,0,1.4000000000000001,0.0000,0.0000
2004,10,9,18,30,12.600000000000001,0,0,0,1.5,0.0000,0.0000
2004,10,9,19,0,12.200000000000001,0,0,0,1.6,0.0000,0.0000
2004,10,9,19,30,11.8,0,0,0,1.7000000000000002,0.0000,0.0000
2004,10,9,20,0,11.4,0,0,0,1.8,0.0000,0.0000
2004,10,9,20,30,11.100000000000001,0,0,0,1.9000000000000001,0.0000,0.0000
2004,10,9,21,0,10.700000000000001,0,0,0,2,0.0000,0.0000
2004,10,9,21,30,10.3,0,0,0,2.1,0.0000,0.0000
2004,10,9,22,0,10,0,0,0,2.2,0.0000,0.0000
2004,10,9,22,30,9.600000000000001,0,0,0,2.2,0.0000,0.0000
2004,10,9,23,0,9.200000000000001,0,0,0,2.2,0.0000,0.0000
2004,10,9,23,30,8.9,0,0,0,2.2,0.0000,0.0000
2004,10,10,0,0,8.5,0,0,0,2.3000000000000003,0.0000,0.0000
2004,10,10,0,30,8.200000000000001,0,0,0,2.2,0.0000,0.0000
2004,10,10,1,0,8,0,0,0,2.2,0.0000,0.0000
2004,10,10,1,30,7.6000000000000005,0,0,0,2,0.0000,0.0000
2004,10,10,2,0,7.300000000000001,0,0,0,1.9000000000000001,0.0000,0.0000
2004,10,10,2,30,6.9,0,0,0,1.7000000000000002,0.0000,0.0000
2004,10,10,3,0,6.6000000000000005,0,0,0,1.5,0.0000,0.0000
2004,10,10,3,30,6.300000000000001,0,0,0,1.4000000000000001,0.0000,0.0000
2004,10,10,4,0,6.1000000000000005,0,0,0,1.3,0.0000,0.0000
2004,10,10,4,30,5.9,0,0,0,1.2000000000000002,0.0000,0.0000
2004,10,10,5,0,5.800000000000001,0,0,0,1.2000000000000002,0.0000,0.0000
2004,10,10,5,30,5.7,0,0,0,1.2000000000000002,0.0000,0.0000
2004,10,10,6,0,5.6000000000000005,0,0,0,1.2000000000000002,0.0000,0.0000
2004,10,10,6,30,6.5,0,0,0,1.5,0.0000,0.0000
2004,10,10,7,0,7.300000000000001,25,0,26,1.8,0.0000,0.0000
2004,10,10,7,30,8.5,65,1,65,2.1,0.0000,0.0000
2004,10,10,8,0,9.600000000000001,97,397,197,2.4000000000000004,11.2705,8.6574
2004,10,10,8,30,11.100000000000001,128,396,260,2.2,16.5496,12.8118
2004,10,10,9,0,12.5,155,428,330,2,21.9449,17.0739
2004,10,10,9,30,14.3,248,286,385,2.4000000000000004,26.9952,21.0703
2004,10,10,10,0,16.2,149,603,474,2.8000000000000003,31.5742,24.6954
2004,10,10,10,30,17.5,231,626,597,3,35.3785,27.7088
2004,10,10,11,0,18.900000000000002,190,589,556,3.2,38.2997,30.0234
2004,10,10,11,30,19.5,229,497,550,3.3000000000000003,40.3593,31.6549
2004,10,10,12,0,20.1,338,75,387,3.4000000000000004,41.3634,32.4505
2004,10,10,12,30,20.3,358,156,461,3.3000000000000003,41.3011,32.4014
2004,10,10,13,0,20.5,331,144,424,3.3000000000000003,40.2334,31.5556
2004,10,10,13,30,20.5,264,412,520,3.1,38.2258,29.9644
2004,10,10,14,0,20.400000000000002,265,73,307,3,35.1862,27.5567
2004,10,10,14,30,20,139,3,140,2.8000000000000003,31.3771,24.5393
2004,10,10,15,0,19.700000000000003,215,299,357,2.6,26.7959,20.9120
2004,10,10,15,30,18.8,140,506,346,2,21.6960,16.8771
2004,10,10,16,0,17.8,99,6,101,1.5,16.3098,12.6223
2004,10,10,16,30,16.7,127,108,154,1.4000000000000001,11.0023,8.4473
2004,10,10,17,0,15.600000000000001,74,201,106,1.3,0.0000,0.0000
2004,10,10,17,30,14.9,23,1,23,1.3,0.0000,0.0000
2004,10,10,18,0,14.200000000000001,0,0,0,1.4000000000000001,0.0000,0.0000
2004,10,10,18,30,13.9,0,0,0,1.4000000000000001,0.0000,0.0000
2004,10,10,19,0,13.600000000000001,0,0,0,1.5,0.0000,0.0000
2004,10,10,19,30,13.3,0,0,0,1.5,0.0000,0.0000
2004,10,10,20,0,12.9,0,0,0,1.6,0.0000,0.0000
2004,10,10,20,30,12.600000000000001,0,0,0,1.6,0.0000,0.0000
2004,10,10,21,0,12.200000000000001,0,0,0,1.7000000000000002,0.0000,0.0000
2004,10,10,21,30,11.9,0,0,0,1.8,0.0000,0.0000
2004,10,10,22,0,11.5,0,0,0,1.9000000000000001,0.0000,0.0000
2004,10,10,22,30,11.200000000000001,0,0,0,1.9000000000000001,0.0000,0.0000
2004,10,10,23,0,10.8,0,0,0,2,0.0000,0.0000
2004,10,10,23,30,10.600000000000001,0,0,0,1.9000000000000001,0.0000,0.0000
2004,10,11,0,0,10.3,0,0,0,1.9000000000000001,0.0000,0.0000
2004,10,11,0,30,10.100000000000001,0,0,0,1.7000000000000002,0.0000,0.0000
2004,10,11,1,0,9.9,0,0,0,1.6,0.0000,0.0000
2004,10,11,1,30,9.700000000000001,0,0,0,1.5,0.0000,0.0000
2004,10,11,2,0,9.5,0,0,0,1.3,0.0000,0.0000
2004,10,11,2,30,9.4,0,0,0,1.2000000000000002,0.0000,0.0000
2004,10,11,3,0,9.200000000000001,0,0,0,1.1,0.0000,0.0000
2004,10,11,3,30,9,0,0,0,1,0.0000,0.0000
2004,10,11,4,0,8.8,0,0,0,0.9,0.0000,0.0000
2004,10,11,4,30,8.5,0,0,0,0.9,0.0000,0.0000
2004,10,11,5,0,8.200000000000001,0,0,0,0.9,0.0000,0.0000
2004,10,11,5,30,7.9,0,0,0,0.9,0.0000,0.0000
2004,10,11,6,0,7.7,0,0,0,0.9,0.0000,0.0000
2004,10,11,6,30,8.200000000000001,0,0,0,1.1,0.0000,0.0000
2004,10,11,7,0,8.700000000000001,22,1,22,1.3,0.0000,0.0000
2004,10,11,7,30,9.700000000000001,49,3,49,1.7000000000000002,0.0000,0.0000
2004,10,11,8,0,10.600000000000001,129,55,142,2.2,9.5929,7.3657
2004,10,11,8,30,11.700000000000001,129,22,136,2,13.2517,10.2556
2004,10,11,9,0,12.700000000000001,211,96,250,1.9000000000000001,17.5000,13.6125
2004,10,11,9,30,14.100000000000001,222,52,246,2.1,21.0447,16.4230
2004,10,11,10,0,15.5,276,144,353,2.4000000000000004,26.4946,20.7196
2004,10,11,10,30,16,280,185,387,2.5,33.9100,26.5556
2004,10,11,11,0,16.5,294,268,460,2.5,31.9314,25.0286
2004,10,11,11,30,16.7,236,482,546,2.6,31.8062,24.9440
2004,10,11,12,0,17,233,518,572,2.6,22.4532,17.6133
2004,10,11,12,30,17.3,383,109,454,2.6,26.7438,20.9789
2004,10,11,13,0,17.5,249,443,532,2.6,24.5117,19.2228
2004,10,11,13,30,17.7,238,444,511,2.5,29.8462,23.3930
2004,10,11,14,0,17.900000000000002,274,125,347,2.5,17.4222,13.6427
2004,10,11,14,30,17.8,265,78,306,2.4000000000000004,7.8156,6.1113
2004,10,11,15,0,17.8,243,114,297,2.4000000000000004,19.4810,15.2001
2004,10,11,15,30,17.3,172,26,182,2.1,18.3061,14.2358
2004,10,11,16,0,16.8,160,43,174,1.9000000000000001,5.1324,3.9702
2004,10,11,16,30,15.4,115,21,120,1.5,7.4780,5.7382
2004,10,11,17,0,13.9,61,6,62,1.1,0.0000,0.0000
2004,10,11,17,30,12.9,21,1,21,1.2000000000000002,0.0000,0.0000
2004,10,11,18,0,12,0,0,0,1.3,0.0000,0.0000
2004,10,11,18,30,11.700000000000001,0,0,0,1.4000000000000001,0.0000,0.0000
2004,10,11,19,0,11.4,0,0,0,1.5,0.0000,0.0000
2004,10,11,19,30,11.100000000000001,0,0,0,1.5,0.0000,0.0000
2004,10,11,20,0,10.8,0,0,0,1.5,0.0000,0.0000
2004,10,11,20,30,10.5,0,0,0,1.4000000000000001,0.0000,0.0000
2004,10,11,21,0,10.200000000000001,0,0,0,1.3,0.0000,0.0000
2004,10,11,21,30,10,0,0,0,1.2000000000000002,0.0000,0.0000
2004,10,11,22,0,9.700000000000001,0,0,0,1,0.0000,0.0000
2004,10,11,22,30,9.600000000000001,0,0,0,0.9,0.0000,0.0000
2004,10,11,23,0,9.5,0,0,0,0.8,0.0000,0.0000
2004,10,11,23,30,9.5,0,0,0,0.7000000000000001,0.0000,0.0000
2004,10,12,0,0,9.600000000000001,0,0,0,0.7000000000000001,0.0000,0.0000
2004,10,12,0,30,9.5,0,0,0,0.7000000000000001,0.0000,0.0000
2004,10,12,1,0,9.4,0,0,0,0.7000000000000001,0.0000,0.0000
2004,10,12,1,30,9.200000000000001,0,0,0,0.8,0.0000,0.0000
2004,10,12,2,0,9,0,0,0,0.8,0.0000,0.0000
2004,10,12,2,30,8.9,0,0,0,0.9,0.0000,0.0000
2004,10,12,3,0,8.700000000000001,0,0,0,0.9,0.0000,0.0000
2004,10,12,3,30,8.5,0,0,0,1,0.0000,0.0000
2004,10,12,4,0,8.4,0,0,0,1,0.0000,0.0000
2004,10,12,4,30,8.3,0,0,0,1.1,0.0000,0.0000
2004,10,12,5,0,8.200000000000001,0,0,0,1.2000000000000002,0.0000,0.0000
2004,10,12,5,30,8.1,0,0,0,1.2000000000000002,0.0000,0.0000
2004,10,12,6,0,8,0,0,0,1.3,0.0000,0.0000
2004,10,12,6,30,8.200000000000001,0,0,0,1.3,0.0000,0.0000
2004,10,12,7,0,8.3,20,1,20,1.4000000000000001,0.0000,0.0000
2004,10,12,7,30,8.8,39,2,39,1.8,0.0000,0.0000
2004,10,12,8,0,9.3,126,57,140,2.1,6.9015,5.2969
2004,10,12,8,30,9.8,169,102,202,2.1,6.9166,5.3511
2004,10,12,9,0,10.3,166,33,179,2,13.2311,10.2895
2004,10,12,9,30,11.200000000000001,218,72,252,2.1,13.4230,10.4733
2004,10,12,10,0,12.100000000000001,267,155,348,2.2,19.7002,15.4040
2004,10,12,10,30,12.8,268,65,306,2.3000000000000003,21.9503,17.1877
2004,10,12,11,0,13.5,288,101,350,2.3000000000000003,26.3824,20.6769
2004,10,12,11,30,13.9,292,286,474,2.3000000000000003,31.5333,24.7275
2004,10,12,12,0,14.3,303,309,503,2.2,33.1436,25.9968
2004,10,12,12,30,14.4,322,220,465,2.2,26.3026,20.6307
2004,10,12,13,0,14.600000000000001,308,203,436,2.1,30.7123,24.0829
2004,10,12,13,30,14.600000000000001,292,132,372,2.1,29.2862,22.9514
2004,10,12,14,0,14.700000000000001,269,104,328,2,19.6592,15.3922
2004,10,12,14,30,14.600000000000001,260,85,305,1.9000000000000001,17.0500,13.3298
2004,10,12,15,0,14.5,219,68,251,1.7000000000000002,16.1706,12.6143
2004,10,12,15,30,14.200000000000001,203,95,240,1.3,9.6037,7.4660
2004,10,12,16,0,13.8,145,31,155,0.9,8.8160,6.8168
2004,10,12,16,30,13.100000000000001,103,17,107,0.8,5.8122,4.4573
2004,10,12,17,0,12.4,54,6,54,0.7000000000000001,0.0000,0.0000
2004,10,12,17,30,11.8,16,0,16,0.7000000000000001,0.0000,0.0000
2004,10,12,18,0,11.3,0,0,0,0.8,0.0000,0.0000
2004,10,12,18,30,11.200000000000001,0,0,0,0.7000000000000001,0.0000,0.0000
2004,10,12,19,0,11.100000000000001,0,0,0,0.7000000000000001,0.0000,0.0000
2004,10,12,19,30,11.100000000000001,0,0,0,0.5,0.0000,0.0000
2004,10,12,20,0,11.100000000000001,0,0,0,0.4,0.0000,0.0000
2004,10,12,20,30,10.8,0,0,0,0.5,0.0000,0.0000
2004,10,12,21,0,10.4,0,0,0,0.7000000000000001,0.0000,0.0000
2004,10,12,21,30,9.700000000000001,0,0,0,0.9,0.0000,0.0000
2004,10,12,22,0,9,0,0,0,1.1,0.0000,0.0000
2004,10,12,22,30,8.5,0,0,0,1.2000000000000002,0.0000,0.0000
2004,10,12,23,0,7.9,0,0,0,1.3,0.0000,0.0000
2004,10,12,23,30,8.1,0,0,0,1.7000000000000002,0.0000,0.0000
2004,10,13,0,0,8.200000000000001,0,0,0,2.2,0.0000,0.0000
2004,10,13,0,30,8.5,0,0,0,2.9000000000000004,0.0000,0.0000
2004,10,13,1,0,8.8,0,0,0,3.6,0.0000,0.0000
2004,10,13,1,30,8.8,0,0,0,4.1000000000000005,0.0000,0.0000
2004,10,13,2,0,8.8,0,0,0,4.6000000000000005,0.0000,0.0000
2004,10,13,2,30,8.6,0,0,0,4.6000000000000005,0.0000,0.0000
2004,10,13,3,0,8.3,0,0,0,4.5,0.0000,0.0000
2004,10,13,3,30,8.3,0,0,0,4.5,0.0000,0.0000
2004,10,13,4,0,8.200000000000001,0,0,0,4.4,0.0000,0.0000
2004,10,13,4,30,8.4,0,0,0,4.4,0.0000,0.0000
2004,10,13,5,0,8.5,0,0,0,4.4,0.0000,0.0000
2004,10,13,5,30,8.700000000000001,0,0,0,4.5,0.0000,0.0000
2004,10,13,6,0,8.9,0,0,0,4.5,0.0000,0.0000
2004,10,13,6,30,9.200000000000001,0,0,0,4.7,0.0000,0.0000
2004,10,13,7,0,9.5,9,0,9,4.9,0.0000,0.0000
2004,10,13,7,30,10.100000000000001,35,0,35,5.7,0.0000,0.0000
2004,10,13,8,0,10.700000000000001,121,13,124,6.4,6.7916,5.2103
2004,10,13,8,30,11.3,177,109,212,7,10.2506,7.9280
2004,10,13,9,0,12,225,79,257,7.6000000000000005,9.4543,7.3507
2004,10,13,9,30,12.600000000000001,212,13,218,7.800000000000001,13.7267,10.7083
2004,10,13,10,0,13.200000000000001,158,0,159,7.9,19.3902,15.1593
2004,10,13,10,30,13.600000000000001,132,0,132,8,17.3308,13.5688
2004,10,13,11,0,14.100000000000001,70,0,70,8,20.0460,15.7091
2004,10,13,11,30,14.3,168,0,168,8.1,27.3385,21.4358
2004,10,13,12,0,14.600000000000001,114,0,114,8.1,29.1071,22.8284
2004,10,13,12,30,14.600000000000001,123,0,123,8.1,26.9043,21.1005
2004,10,13,13,0,14.600000000000001,319,56,354,8.200000000000001,25.1345,19.7069
2004,10,13,13,30,14.3,285,130,364,8.1,21.2869,16.6803
2004,10,13,14,0,14.100000000000001,330,107,390,8.1,18.5511,14.5224
2004,10,13,14,30,13.5,226,7,229,7.9,16.9621,13.2588
2004,10,13,15,0,12.9,213,21,222,7.800000000000001,13.6358,10.6346
2004,10,13,15,30,12.3,178,253,277,7.5,12.6312,9.8165
2004,10,13,16,0,11.700000000000001,151,239,225,7.2,7.8302,6.0519
2004,10,13,16,30,11,73,6,74,6.800000000000001,5.1703,3.9627
2004,10,13,17,0,10.4,51,1,51,6.300000000000001,0.0000,0.0000
2004,10,13,17,30,9.5,17,330,33,5.5,0.0000,0.0000
2004,10,13,18,0,8.700000000000001,0,0,0,4.800000000000001,0.0000,0.0000
2004,10,13,18,30,7.9,0,0,0,4,0.0000,0.0000
2004,10,13,19,0,7.1000000000000005,0,0,0,3.3000000000000003,0.0000,0.0000
2004,10,13,19,30,6.6000000000000005,0,0,0,3.2,0.0000,0.0000
2004,10,13,20,0,6.1000000000000005,0,0,0,3.1,0.0000,0.0000
2004,10,13,20,30,5.7,0,0,0,3.3000000000000003,0.0000,0.0000
2004,10,13,21,0,5.4,0,0,0,3.4000000000000004,0.0000,0.0000
2004,10,13,21,30,5,0,0,0,3.5,0.0000,0.0000
2004,10,13,22,0,4.6000000000000005,0,0,0,3.6,0.0000,0.0000
2004,10,13,22,30,4.2,0,0,0,3.6,0.0000,0.0000
2004,10,13,23,0,3.9000000000000004,0,0,0,3.6,0.0000,0.0000
2004,10,13,23,30,3.5,0,0,0,3.6,0.0000,0.0000
2004,10,14,0,0,3.1,0,0,0,3.5,0.0000,0.0000
2004,10,14,0,30,2.8000000000000003,0,0,0,3.5,0.0000,0.0000
2004,10,14,1,0,2.4000000000000004,0,0,0,3.5,0.0000,0.0000
2004,10,14,1,30,2.1,0,0,0,3.5,0.0000,0.0000
2004,10,14,2,0,1.7000000000000002,0,0,0,3.6,0.0000,0.0000
2004,10,14,2,30,1.5,0,0,0,3.5,0.0000,0.0000
2004,10,14,3,0,1.2000000000000002,0,0,0,3.4000000000000004,0.0000,0.0000
2004,10,14,3,30,1,0,0,0,3.5,0.0000,0.0000
2004,10,14,4,0,0.8,0,0,0,3.6,0.0000,0.0000
2004,10,14,4,30,0.6000000000000001,0,0,0,3.6,0.0000,0.0000
2004,10,14,5,0,0.4,0,0,0,3.5,0.0000,0.0000
2004,10,14,5,30,0.2,0,0,0,3.3000000000000003,0.0000,0.0000
2004,10,14,6,0,0,0,0,0,3.1,0.0000,0.0000
2004,10,14,6,30,0.30000000000000004,0,0,0,3.3000000000000003,0.0000,0.0000
2004,10,14,7,0,0.5,11,0,11,3.5,0.0000,0.0000
2004,10,14,7,30,1.8,22,0,22,3.7,0.0000,0.0000
2004,10,14,8,0,3.1,131,74,149,3.9000000000000004,6.0045,4.6045
2004,10,14,8,30,4.4,50,801,305,4.1000000000000005,10.7334,8.2985
2004,10,14,9,0,5.7,55,857,392,4.2,13.5463,10.5296
2004,10,14,9,30,6.5,59,896,472,4.2,11.8532,9.2451
2004,10,14,10,0,7.2,214,415,429,4.1000000000000005,8.8450,6.9140
2004,10,14,10,30,8.1,233,603,574,4,7.4650,5.8438
2004,10,14,11,0,9,238,647,629,4,4.0036,3.1371
2004,10,14,11,30,9.700000000000001,195,615,581,3.9000000000000004,9.6768,7.5867
2004,10,14,12,0,10.5,361,271,535,3.9000000000000004,6.5880,5.1664
2004,10,14,12,30,10.9,384,208,516,3.8000000000000003,7.1068,5.5731
2004,10,14,13,0,11.4,289,369,519,3.6,20.3779,15.9756
2004,10,14,13,30,11.3,290,338,493,3.4000000000000004,20.7972,16.2946
2004,10,14,14,0,11.3,271,317,449,3.2,22.0204,17.2359
2004,10,14,14,30,11.200000000000001,275,155,355,3.3000000000000003,12.7103,9.9335
2004,10,14,15,0,11.200000000000001,214,253,329,3.4000000000000004,12.0325,9.3819
2004,10,14,15,30,11,96,0,96,3.4000000000000004,14.5399,11.2963
2004,10,14,16,0,10.9,150,100,181,3.4000000000000004,11.3327,8.7549
2004,10,14,16,30,9.8,107,6,109,2.4000000000000004,3.5677,2.7328
2004,10,14,17,0,8.6,24,0,24,1.5,0.0000,0.0000
2004,10,14,17,30,7.800000000000001,9,0,9,1.3,0.0000,0.0000
2004,10,14,18,0,7.1000000000000005,0,0,0,1,0.0000,0.0000
2004,10,14,18,30,7,0,0,0,0.9,0.0000,0.0000
2004,10,14,19,0,7,0,0,0,0.9,0.0000,0.0000
2004,10,14,19,30,6.7,0,0,0,0.9,0.0000,0.0000
2004,10,14,20,0,6.4,0,0,0,1,0.0000,0.0000
2004,10,14,20,30,6,0,0,0,1,0.0000,0.0000
2004,10,14,21,0,5.6000000000000005,0,0,0,1.1,0.0000,0.0000
2004,10,14,21,30,5.4,0,0,0,1.3,0.0000,0.0000
2004,10,14,22,0,5.2,0,0,0,1.5,0.0000,0.0000
2004,10,14,22,30,5.300000000000001,0,0,0,2.1,0.0000,0.0000
2004,10,14,23,0,5.4,0,0,0,2.6,0.0000,0.0000
2004,10,14,23,30,5.6000000000000005,0,0,0,3.3000000000000003,0.0000,0.0000
2004,10,15,0,0,5.800000000000001,0,0,0,3.9000000000000004,0.0000,0.0000
2004,10,15,0,30,5.800000000000001,0,0,0,4.2,0.0000,0.0000
2004,10,15,1,0,5.800000000000001,0,0,0,4.5,0.0000,0.0000
2004,10,15,1,30,5.800000000000001,0,0,0,4.6000000000000005,0.0000,0.0000
2004,10,15,2,0,5.800000000000001,0,0,0,4.7,0.0000,0.0000
2004,10,15,2,30,5.7,0,0,0,4.7,0.0000,0.0000
2004,10,15,3,0,5.7,0,0,0,4.800000000000001,0.0000,0.0000
2004,10,15,3,30,5.5,0,0,0,4.5,0.0000,0.0000
2004,10,15,4,0,5.300000000000001,0,0,0,4.2,0.0000,0.0000
2004,10,15,4,30,5.1000000000000005,0,0,0,4,0.0000,0.0000
2004,10,15,5,0,4.800000000000001,0,0,0,3.8000000000000003,0.0000,0.0000
2004,10,15,5,30,4.7,0,0,0,3.9000000000000004,0.0000,0.0000
2004,10,15,6,0,4.7,0,0,0,4,0.0000,0.0000
2004,10,15,6,30,5,0,0,0,4.1000000000000005,0.0000,0.0000
2004,10,15,7,0,5.300000000000001,19,318,35,4.3,0.0000,0.0000
2004,10,15,7,30,6.2,35,560,115,4.5,0.0000,0.0000
2004,10,15,8,0,7,118,53,130,4.7,7.2030,5.5213
2004,10,15,8,30,7.800000000000001,159,128,200,5.7,15.4078,11.9085
2004,10,15,9,0,8.5,185,307,305,6.6000000000000005,20.6194,16.0236
2004,10,15,9,30,8.6,146,547,396,6.6000000000000005,25.6166,19.9763
2004,10,15,10,0,8.8,267,314,429,6.6000000000000005,23.8268,18.6225
2004,10,15,10,30,8.8,330,193,438,6.6000000000000005,32.4126,25.3703
2004,10,15,11,0,8.9,225,461,501,6.5,35.9260,28.1472
2004,10,15,11,30,8.9,302,287,481,6.4,33.4194,26.1981
2004,10,15,12,0,9,317,93,376,6.300000000000001,30.8763,24.2109
2004,10,15,12,30,9.1,266,24,282,6.300000000000001,29.7731,23.3455
2004,10,15,13,0,9.1,274,37,297,6.300000000000001,29.8322,23.3848
2004,10,15,13,30,9.200000000000001,309,141,393,6.2,28.1237,22.0321
2004,10,15,14,0,9.3,282,115,346,6.1000000000000005,25.3081,19.8063
2004,10,15,14,30,9.3,261,126,325,6.1000000000000005,19.6652,15.3661
2004,10,15,15,0,9.3,154,1,155,6,17.7924,13.8698
2004,10,15,15,30,9.4,136,469,314,5.9,5.0256,3.9032
2004,10,15,16,0,9.5,154,235,225,5.800000000000001,9.0895,7.0187
2004,10,15,16,30,9.1,105,6,106,5.300000000000001,5.2443,4.0149
2004,10,15,17,0,8.8,22,0,22,4.9,0.0000,0.0000
2004,10,15,17,30,8,14,0,14,4.6000000000000005,0.0000,0.0000
2004,10,15,18,0,7.300000000000001,0,0,0,4.4,0.0000,0.0000
2004,10,15,18,30,7.2,0,0,0,4.7,0.0000,0.0000
2004,10,15,19,0,7.1000000000000005,0,0,0,5,0.0000,0.0000
2004,10,15,19,30,6.9,0,0,0,5.2,0.0000,0.0000
2004,10,15,20,0,6.7,0,0,0,5.4,0.0000,0.0000
2004,10,15,20,30,6.4,0,0,0,5.5,0.0000,0.0000
2004,10,15,21,0,6.1000000000000005,0,0,0,5.5,0.0000,0.0000
2004,10,15,21,30,5.800000000000001,0,0,0,5.5,0.0000,0.0000
2004,10,15,22,0,5.4,0,0,0,5.5,0.0000,0.0000
2004,10,15,22,30,5,0,0,0,5.5,0.0000,0.0000
2004,10,15,23,0,4.6000000000000005,0,0,0,5.5,0.0000,0.0000
2004,10,15,23,30,4.3,0,0,0,5.4,0.0000,0.0000
2004,10,16,0,0,3.9000000000000004,0,0,0,5.300000000000001,0.0000,0.0000
2004,10,16,0,30,3.6,0,0,0,5.2,0.0000,0.0000
2004,10,16,1,0,3.3000000000000003,0,0,0,5.1000000000000005,0.0000,0.0000
2004,10,16,1,30,2.9000000000000004,0,0,0,5,0.0000,0.0000
2004,10,16,2,0,2.5,0,0,0,4.9,0.0000,0.0000
2004,10,16,2,30,2.1,0,0,0,4.6000000000000005,0.0000,0.0000
2004,10,16,3,0,1.7000000000000002,0,0,0,4.3,0.0000,0.0000
2004,10,16,3,30,1.1,0,0,0,3.8000000000000003,0.0000,0.0000
2004,10,16,4,0,0.6000000000000001,0,0,0,3.3000000000000003,0.0000,0.0000
2004,10,16,4,30,0.1,0,0,0,3.1,0.0000,0.0000
2004,10,16,5,0,-0.4,0,0,0,2.9000000000000004,0.0000,0.0000
2004,10,16,5,30,-0.7000000000000001,0,0,0,2.9000000000000004,0.0000,0.0000
2004,10,16,6,0,-1,0,0,0,2.9000000000000004,0.0000,0.0000
2004,10,16,6,30,-0.7000000000000001,0,0,0,3.1,0.0000,0.0000
2004,10,16,7,0,-0.5,18,350,35,3.3000000000000003,0.0000,0.0000
2004,10,16,7,30,0.7000000000000001,67,4,68,3.6,0.0000,0.0000
2004,10,16,8,0,1.9000000000000001,117,10,119,3.9000000000000004,6.2733,4.8066
2004,10,16,8,30,3.4000000000000004,178,44,192,4.4,10.0801,7.7880
2004,10,16,9,0,4.800000000000001,59,856,389,5,16.0096,12.4382
2004,10,16,9,30,5.800000000000001,64,897,470,5,21.4519,16.7254
2004,10,16,10,0,6.800000000000001,284,264,419,5,23.7871,18.5886
2004,10,16,10,30,7.6000000000000005,69,948,598,4.9,24.6952,19.3272
2004,10,16,11,0,8.5,318,324,511,4.7,28.5740,22.3844
2004,10,16,11,30,9.200000000000001,71,967,669,4.5,27.6296,21.6570
2004,10,16,12,0,10,73,968,683,4.4,21.6699,16.9901
2004,10,16,12,30,10.5,73,963,678,4.1000000000000005,16.2481,12.7389
2004,10,16,13,0,11,72,959,661,3.9000000000000004,17.0468,13.3610
2004,10,16,13,30,11.3,70,950,630,3.7,22.3835,17.5329
2004,10,16,14,0,11.600000000000001,67,931,581,3.4000000000000004,19.4684,15.2338
2004,10,16,14,30,11.600000000000001,218,516,477,3.2,17.9676,14.0370
2004,10,16,15,0,11.600000000000001,214,358,373,2.9000000000000004,8.3630,6.5177
2004,10,16,15,30,11.3,158,5,160,2.6,16.3945,12.7289
2004,10,16,16,0,10.9,71,0,71,2.3000000000000003,11.2665,8.6956
2004,10,16,16,30,9.5,103,7,105,1.6,5.0900,3.8946
2004,10,16,17,0,8.1,52,8,53,0.9,0.0000,0.0000
2004,10,16,17,30,7.300000000000001,9,0,9,0.9,0.0000,0.0000
2004,10,16,18,0,6.6000000000000005,0,0,0,0.9,0.0000,0.0000
2004,10,16,18,30,6.1000000000000005,0,0,0,0.9,0.0000,0.0000
2004,10,16,19,0,5.6000000000000005,0,0,0,1,0.0000,0.0000
2004,10,16,19,30,5,0,0,0,1,0.0000,0.0000
2004,10,16,20,0,4.5,0,0,0,1,0.0000,0.0000
2004,10,16,20,30,4.1000000000000005,0,0,0,1.1,0.0000,0.0000
2004,10,16,21,0,3.8000000000000003,0,0,0,1.2000000000000002,0.0000,0.0000
2004,10,16,21,30,3.6,0,0,0,1.3,0.0000,0.0000
2004,10,16,22,0,3.4000000000000004,0,0,0,1.4000000000000001,0.0000,0.0000
2004,10,16,22,30,3.3000000000000003,0,0,0,1.5,0.0000,0.0000
2004,10,16,23,0,3.1,0,0,0,1.6,0.0000,0.0000
2004,10,16,23,30,2.9000000000000004,0,0,0,1.8,0.0000,0.0000
2004,10,17,0,0,2.8000000000000003,0,0,0,1.9000000000000001,0.0000,0.0000
2004,10,17,0,30,2.6,0,0,0,2,0.0000,0.0000
2004,10,17,1,0,2.5,0,0,0,2.1,0.0000,0.0000
2004,10,17,1,30,2.3000000000000003,0,0,0,2.2,0.0000,0.0000
2004,10,17,2,0,2.1,0,0,0,2.3000000000000003,0.0000,0.0000
2004,10,17,2,30,2,0,0,0,2.5,0.0000,0.0000
2004,10,17,3,0,1.9000000000000001,0,0,0,2.7,0.0000,0.0000
2004,10,17,3,30,1.8,0,0,0,2.9000000000000004,0.0000,0.0000
2004,10,17,4,0,1.6,0,0,0,3.1,0.0000,0.0000
2004,10,17,4,30,1.5,0,0,0,3.2,0.0000,0.0000
2004,10,17,5,0,1.4000000000000001,0,0,0,3.3000000000000003,0.0000,0.0000
2004,10,17,5,30,1.2000000000000002,0,0,0,3.4000000000000004,0.0000,0.0000
2004,10,17,6,0,1.1,0,0,0,3.4000000000000004,0.0000,0.0000
2004,10,17,6,30,1.3,0,0,0,3.5,0.0000,0.0000
2004,10,17,7,0,1.5,11,0,11,3.7,0.0000,0.0000
2004,10,17,7,30,2.6,67,11,69,3.8000000000000003,0.0000,0.0000
2004,10,17,8,0,3.7,44,657,191,3.9000000000000004,5.7332,4.3908
2004,10,17,8,30,5.6000000000000005,52,745,280,4.4,9.6553,7.4573
2004,10,17,9,0,7.5,59,803,365,5,20.3757,15.8262
2004,10,17,9,30,9.3,178,378,347,5.2,25.4126,19.8096
2004,10,17,10,0,11.100000000000001,264,273,402,5.4,23.1934,18.1218
2004,10,17,10,30,12.600000000000001,219,422,453,5.5,33.6658,26.3443
2004,10,17,11,0,14.100000000000001,247,382,472,5.6000000000000005,29.1018,22.7951
2004,10,17,11,30,15.4,217,470,505,5.6000000000000005,38.3753,30.0766
2004,10,17,12,0,16.6,76,924,653,5.6000000000000005,39.3092,30.8167
2004,10,17,12,30,17.3,191,574,549,5.5,39.0094,30.5809
2004,10,17,13,0,18,78,913,635,5.4,37.8829,29.6886
2004,10,17,13,30,18.3,77,903,603,5.1000000000000005,35.8257,28.0585
2004,10,17,14,0,18.6,76,883,558,4.800000000000001,32.6331,25.5310
2004,10,17,14,30,18.7,72,859,499,4.6000000000000005,26.3191,20.5577
2004,10,17,15,0,18.8,69,824,429,4.4,20.0792,15.6448
2004,10,17,15,30,18.400000000000002,63,777,350,3.8000000000000003,8.3316,6.4666
2004,10,17,16,0,18,56,711,264,3.3000000000000003,3.5449,2.7347
2004,10,17,16,30,16,47,609,173,2.8000000000000003,5.0332,3.8490
2004,10,17,17,0,14,62,115,75,2.2,0.0000,0.0000
2004,10,17,17,30,13,14,173,19,2.6,0.0000,0.0000
2004,10,17,18,0,12,0,0,0,2.9000000000000004,0.0000,0.0000
2004,10,17,18,30,12,0,0,0,3.4000000000000004,0.0000,0.0000
2004,10,17,19,0,11.9,0,0,0,3.9000000000000004,0.0000,0.0000
2004,10,17,19,30,11.5,0,0,0,3.8000000000000003,0.0000,0.0000
2004,10,17,20,0,11,0,0,0,3.6,0.0000,0.0000
2004,10,17,20,30,10.700000000000001,0,0,0,3.6,0.0000,0.0000
2004,10,17,21,0,10.3,0,0,0,3.5,0.0000,0.0000
2004,10,17,21,30,10.100000000000001,0,0,0,3.5,0.0000,0.0000
2004,10,17,22,0,9.8,0,0,0,3.4000000000000004,0.0000,0.0000
2004,10,17,22,30,9.600000000000001,0,0,0,3.4000000000000004,0.0000,0.0000
2004,10,17,23,0,9.4,0,0,0,3.3000000000000003,0.0000,0.0000
2004,10,17,23,30,9.1,0,0,0,3.3000000000000003,0.0000,0.0000
2004,10,18,0,0,8.8,0,0,0,3.2,0.0000,0.0000
2004,10,18,0,30,8.6,0,0,0,3.1,0.0000,0.0000
2004,10,18,1,0,8.3,0,0,0,3,0.0000,0.0000
2004,10,18,1,30,8,0,0,0,2.9000000000000004,0.0000,0.0000
2004,10,18,2,0,7.800000000000001,0,0,0,2.8000000000000003,0.0000,0.0000
2004,10,18,2,30,7.6000000000000005,0,0,0,2.8000000000000003,0.0000,0.0000
2004,10,18,3,0,7.4,0,0,0,2.8000000000000003,0.0000,0.0000
2004,10,18,3,30,7.2,0,0,0,2.9000000000000004,0.0000,0.0000
2004,10,18,4,0,7,0,0,0,3.1,0.0000,0.0000
2004,10,18,4,30,6.800000000000001,0,0,0,3.1,0.0000,0.0000
2004,10,18,5,0,6.6000000000000005,0,0,0,3.2,0.0000,0.0000
2004,10,18,5,30,6.300000000000001,0,0,0,3.1,0.0000,0.0000
2004,10,18,6,0,6.1000000000000005,0,0,0,3,0.0000,0.0000
2004,10,18,6,30,6.1000000000000005,0,0,0,3.1,0.0000,0.0000
2004,10,18,7,0,6.1000000000000005,10,0,10,3.2,0.0000,0.0000
2004,10,18,7,30,6.6000000000000005,23,0,23,3.3000000000000003,0.0000,0.0000
2004,10,18,8,0,7,30,0,30,3.5,9.1878,7.0336
2004,10,18,8,30,7.7,24,0,24,3.7,14.0480,10.8459
2004,10,18,9,0,8.5,67,0,67,4,19.0779,14.8142
2004,10,18,9,30,9.3,56,0,56,4.2,18.7263,14.5945
2004,10,18,10,0,10.200000000000001,134,0,134,4.5,22.2143,17.3540
2004,10,18,10,30,11.200000000000001,230,4,232,4.6000000000000005,25.4627,19.9224
2004,10,18,11,0,12.100000000000001,231,2,232,4.7,26.8420,21.0226
2004,10,18,11,30,12.8,330,57,364,4.5,28.9271,22.6690
2004,10,18,12,0,13.600000000000001,358,188,475,4.4,37.5287,29.4175
2004,10,18,12,30,14.100000000000001,301,27,318,4.2,31.5430,24.7250
2004,10,18,13,0,14.5,89,0,89,4,36.3380,28.4744
2004,10,18,13,30,14.9,199,1,200,3.8000000000000003,34.2340,26.8082
2004,10,18,14,0,15.200000000000001,111,0,111,3.7,31.2862,24.4735
2004,10,18,14,30,15.200000000000001,116,0,117,3.6,27.4764,21.4575
2004,10,18,15,0,15.200000000000001,141,1,141,3.5,23.0386,17.9460
2004,10,18,15,30,14.9,133,2,134,3.5,18.1763,14.1026
2004,10,18,16,0,14.5,159,39,171,3.4000000000000004,13.1432,10.1343
2004,10,18,16,30,13.100000000000001,6,0,6,2.7,8.2800,6.3285
2004,10,18,17,0,11.700000000000001,25,0,25,2,0.0000,0.0000
2004,10,18,17,30,10.600000000000001,13,96,15,2.1,0.0000,0.0000
2004,10,18,18,0,9.5,0,0,0,2.2,0.0000,0.0000
2004,10,18,18,30,9.1,0,0,0,2.3000000000000003,0.0000,0.0000
2004,10,18,19,0,8.700000000000001,0,0,0,2.5,0.0000,0.0000
2004,10,18,19,30,8.200000000000001,0,0,0,2.5,0.0000,0.0000
2004,10,18,20,0,7.6000000000000005,0,0,0,2.4000000000000004,0.0000,0.0000
2004,10,18,20,30,7.1000000000000005,0,0,0,2.2,0.0000,0.0000
2004,10,18,21,0,6.5,0,0,0,2.1,0.0000,0.0000
2004,10,18,21,30,6.1000000000000005,0,0,0,1.9000000000000001,0.0000,0.0000
2004,10,18,22,0,5.6000000000000005,0,0,0,1.7000000000000002,0.0000,0.0000
2004,10,18,22,30,5.300000000000001,0,0,0,1.6,0.0000,0.0000
2004,10,18,23,0,5,0,0,0,1.5,0.0000,0.0000
2004,10,18,23,30,4.800000000000001,0,0,0,1.4000000000000001,0.0000,0.0000
2004,10,19,0,0,4.7,0,0,0,1.3,0.0000,0.0000
2004,10,19,0,30,4.800000000000001,0,0,0,1.1,0.0000,0.0000
2004,10,19,1,0,4.800000000000001,0,0,0,1,0.0000,0.0000
2004,10,19,1,30,5,0,0,0,0.9,0.0000,0.0000
2004,10,19,2,0,5.2,0,0,0,0.8,0.0000,0.0000
2004,10,19,2,30,5.4,0,0,0,0.8,0.0000,0.0000
2004,10,19,3,0,5.6000000000000005,0,0,0,0.8,0.0000,0.0000
2004,10,19,3,30,5.7,0,0,0,0.8,0.0000,0.0000
2004,10,19,4,0,5.9,0,0,0,0.8,0.0000,0.0000
2004,10,19,4,30,6,0,0,0,0.7000000000000001,0.0000,0.0000
2004,10,19,5,0,6.1000000000000005,0,0,0,0.7000000000000001,0.0000,0.0000
2004,10,19,5,30,6.1000000000000005,0,0,0,0.6000000000000001,0.0000,0.0000
2004,10,19,6,0,6.2,0,0,0,0.6000000000000001,0.0000,0.0000
2004,10,19,6,30,6.4,0,0,0,0.7000000000000001,0.0000,0.0000
2004,10,19,7,0,6.7,4,0,4,0.9,0.0000,0.0000
2004,10,19,7,30,7.2,19,0,19,0.9,0.0000,0.0000
2004,10,19,8,0,7.800000000000001,6,0,6,1,1.4410,1.1027
2004,10,19,8,30,8.200000000000001,89,7,91,0.8,1.2014,0.9272
2004,10,19,9,0,8.700000000000001,179,28,189,0.7000000000000001,3.4944,2.7127
2004,10,19,9,30,9.4,178,4,180,0.6000000000000001,3.0163,2.3503
2004,10,19,10,0,10.100000000000001,57,0,57,0.5,7.3919,5.7736
2004,10,19,10,30,11.4,250,13,257,0.5,13.0197,10.1854
2004,10,19,11,0,12.600000000000001,282,24,295,0.5,13.1737,10.3163
2004,10,19,11,30,13.8,291,22,304,0.5,20.8206,16.3143
2004,10,19,12,0,15,360,139,446,0.5,27.2612,21.3668
2004,10,19,12,30,15.9,345,225,482,0.6000000000000001,18.2441,14.2990
2004,10,19,13,0,16.8,326,260,482,0.8,5.0855,3.9845
2004,10,19,13,30,17.2,86,870,585,0.8,11.3361,8.8760
2004,10,19,14,0,17.6,84,847,538,0.8,6.2125,4.8589
2004,10,19,14,30,17.5,81,821,480,0.7000000000000001,6.4297,5.0203
2004,10,19,15,0,17.3,243,123,296,0.7000000000000001,7.5548,5.8834
2004,10,19,15,30,16.5,201,52,219,0.6000000000000001,6.9399,5.3826
2004,10,19,16,0,15.8,152,30,160,0.5,8.4895,6.5428
2004,10,19,16,30,14.700000000000001,81,2,81,0.6000000000000001,0.2868,0.2191
2004,10,19,17,0,13.5,48,10,49,0.6000000000000001,0.0000,0.0000
2004,10,19,17,30,12.700000000000001,4,0,4,0.7000000000000001,0.0000,0.0000
2004,10,19,18,0,11.9,0,0,0,0.8,0.0000,0.0000
2004,10,19,18,30,11.5,0,0,0,0.8,0.0000,0.0000
2004,10,19,19,0,11.100000000000001,0,0,0,0.9,0.0000,0.0000
2004,10,19,19,30,10.600000000000001,0,0,0,1,0.0000,0.0000
2004,10,19,20,0,10.100000000000001,0,0,0,1,0.0000,0.0000
2004,10,19,20,30,9.700000000000001,0,0,0,1,0.0000,0.0000
2004,10,19,21,0,9.3,0,0,0,1.1,0.0000,0.0000
2004,10,19,21,30,9.1,0,0,0,1.1,0.0000,0.0000
2004,10,19,22,0,8.8,0,0,0,1.1,0.0000,0.0000
2004,10,19,22,30,8.4,0,0,0,1.2000000000000002,0.0000,0.0000
2004,10,19,23,0,8,0,0,0,1.2000000000000002,0.0000,0.0000
2004,10,19,23,30,7.800000000000001,0,0,0,1.2000000000000002,0.0000,0.0000
2004,10,20,0,0,7.6000000000000005,0,0,0,1.3,0.0000,0.0000
2004,10,20,0,30,7.5,0,0,0,1.3,0.0000,0.0000
2004,10,20,1,0,7.300000000000001,0,0,0,1.3,0.0000,0.0000
2004,10,20,1,30,7,0,0,0,1.2000000000000002,0.0000,0.0000
2004,10,20,2,0,6.7,0,0,0,1.1,0.0000,0.0000
2004,10,20,2,30,6.7,0,0,0,1.2000000000000002,0.0000,0.0000
2004,10,20,3,0,6.800000000000001,0,0,0,1.3,0.0000,0.0000
2004,10,20,3,30,6.9,0,0,0,1.5,0.0000,0.0000
2004,10,20,4,0,7.1000000000000005,0,0,0,1.7000000000000002,0.0000,0.0000
2004,10,20,4,30,7.2,0,0,0,1.9000000000000001,0.0000,0.0000
2004,10,20,5,0,7.300000000000001,0,0,0,2.1,0.0000,0.0000
2004,10,20,5,30,7.300000000000001,0,0,0,2,0.0000,0.0000
2004,10,20,6,0,7.300000000000001,0,0,0,1.9000000000000001,0.0000,0.0000
2004,10,20,6,30,7.300000000000001,0,0,0,1.9000000000000001,0.0000,0.0000
2004,10,20,7,0,7.4,6,0,6,1.8,0.0000,0.0000
2004,10,20,7,30,7.9,43,330,84,1.9000000000000001,0.0000,0.0000
2004,10,20,8,0,8.4,27,0,27,2,0.2878,0.2201
2004,10,20,8,30,9.200000000000001,46,0,46,2.3000000000000003,4.5448,3.5062
2004,10,20,9,0,10.100000000000001,50,0,50,2.7,9.8359,7.6336
2004,10,20,9,30,10.600000000000001,38,0,38,2.9000000000000004,9.6761,7.5381
2004,10,20,10,0,11.100000000000001,46,0,46,3.1,3.1390,2.4514
2004,10,20,10,30,11.600000000000001,13,0,13,3.1,14.4001,11.2637
2004,10,20,11,0,12,202,1,202,3.2,16.7261,13.0966
2004,10,20,11,30,12.5,82,0,82,3.3000000000000003,17.3633,13.6037
2004,10,20,12,0,13,62,0,62,3.3000000000000003,25.5599,20.0311
2004,10,20,12,30,13.4,57,0,57,3.4000000000000004,27.6130,21.6394
2004,10,20,13,0,13.8,124,0,124,3.4000000000000004,27.4997,21.5435
2004,10,20,13,30,14.100000000000001,107,0,107,3.5,33.1049,25.9170
2004,10,20,14,0,14.5,86,0,86,3.6,30.0563,23.5038
2004,10,20,14,30,14.5,76,0,76,3.6,26.3238,20.5493
2004,10,20,15,0,14.600000000000001,60,0,60,3.6,15.8219,12.3182
2004,10,20,15,30,14.200000000000001,26,0,26,3.6,11.3118,8.7704
2004,10,20,16,0,13.9,136,134,173,3.6,7.9213,6.1020
2004,10,20,16,30,13.3,38,1,39,3.3000000000000003,3.8675,2.9531
2004,10,20,17,0,12.700000000000001,9,0,9,3,0.0000,0.0000
2004,10,20,17,30,12.200000000000001,0,0,0,3,0.0000,0.0000
2004,10,20,18,0,11.700000000000001,0,0,0,2.9000000000000004,0.0000,0.0000
2004,10,20,18,30,11.5,0,0,0,3,0.0000,0.0000
2004,10,20,19,0,11.200000000000001,0,0,0,3.2,0.0000,0.0000
2004,10,20,19,30,10.9,0,0,0,3.3000000000000003,0.0000,0.0000
2004,10,20,20,0,10.700000000000001,0,0,0,3.4000000000000004,0.0000,0.0000
2004,10,20,20,30,10.5,0,0,0,3.4000000000000004,0.0000,0.0000
2004,10,20,21,0,10.4,0,0,0,3.4000000000000004,0.0000,0.0000
2004,10,20,21,30,10.4,0,0,0,3.4000000000000004,0.0000,0.0000
2004,10,20,22,0,10.3,0,0,0,3.4000000000000004,0.0000,0.0000
2004,10,20,22,30,10.3,0,0,0,3.5,0.0000,0.0000
2004,10,20,23,0,10.200000000000001,0,0,0,3.6,0.0000,0.0000
2004,10,20,23,30,10.200000000000001,0,0,0,3.7,0.0000,0.0000
2004,10,21,0,0,10.200000000000001,0,0,0,3.8000000000000003,0.0000,0.0000
2004,10,21,0,30,10.100000000000001,0,0,0,3.9000000000000004,0.0000,0.0000
2004,10,21,1,0,10.100000000000001,0,0,0,4,0.0000,0.0000
2004,10,21,1,30,10.100000000000001,0,0,0,4,0.0000,0.0000
2004,10,21,2,0,10,0,0,0,4.1000000000000005,0.0000,0.0000
2004,10,21,2,30,10,0,0,0,4,0.0000,0.0000
2004,10,21,3,0,10,0,0,0,4,0.0000,0.0000
2004,10,21,3,30,10,0,0,0,3.9000000000000004,0.0000,0.0000
2004,10,21,4,0,9.9,0,0,0,3.8000000000000003,0.0000,0.0000
2004,10,21,4,30,10,0,0,0,3.9000000000000004,0.0000,0.0000
2004,10,21,5,0,10,0,0,0,3.9000000000000004,0.0000,0.0000
2004,10,21,5,30,10,0,0,0,3.9000000000000004,0.0000,0.0000
2004,10,21,6,0,10,0,0,0,3.9000000000000004,0.0000,0.0000
2004,10,21,6,30,10.100000000000001,0,0,0,3.9000000000000004,0.0000,0.0000
2004,10,21,7,0,10.200000000000001,15,57,16,4,0.0000,0.0000
2004,10,21,7,30,10.4,45,267,77,4,0.0000,0.0000
2004,10,21,8,0,10.600000000000001,26,0,26,4.1000000000000005,1.2934,0.9889
2004,10,21,8,30,11,42,0,42,4.4,2.2920,1.7676
2004,10,21,9,0,11.3,61,0,61,4.6000000000000005,2.5964,2.0145
2004,10,21,9,30,11.8,95,0,95,4.7,2.0388,1.5880
2004,10,21,10,0,12.3,80,0,80,4.800000000000001,2.5287,1.9744
2004,10,21,10,30,13,164,0,164,4.800000000000001,0.7272,0.5687
2004,10,21,11,0,13.700000000000001,141,0,141,4.9,11.4359,8.9531
2004,10,21,11,30,14.4,130,0,130,4.9,4.6768,3.6637
2004,10,21,12,0,15.100000000000001,128,0,128,5,3.5480,2.7802
2004,10,21,12,30,15.700000000000001,104,0,104,5,3.2606,2.5549
2004,10,21,13,0,16.2,144,0,144,5,7.0637,5.5331
2004,10,21,13,30,16.5,112,0,112,4.9,6.0449,4.7317
2004,10,21,14,0,16.8,145,0,145,4.800000000000001,4.7959,3.7498
2004,10,21,14,30,16.8,208,40,227,4.6000000000000005,4.1595,3.2464
2004,10,21,15,0,16.900000000000002,81,0,81,4.5,3.1996,2.4904
2004,10,21,15,30,16.7,173,162,229,4,1.3393,1.0380
2004,10,21,16,0,16.5,107,12,110,3.6,8.5413,6.5763
2004,10,21,16,30,15.600000000000001,40,0,40,2.9000000000000004,1.8606,1.4200
2004,10,21,17,0,14.700000000000001,38,252,63,2.2,0.0000,0.0000
2004,10,21,17,30,14,0,0,0,2.2,0.0000,0.0000
2004,10,21,18,0,13.3,0,0,0,2.2,0.0000,0.0000
2004,10,21,18,30,13,0,0,0,2.3000000000000003,0.0000,0.0000
2004,10,21,19,0,12.700000000000001,0,0,0,2.3000000000000003,0.0000,0.0000
2004,10,21,19,30,12.600000000000001,0,0,0,2.3000000000000003,0.0000,0.0000
2004,10,21,20,0,12.4,0,0,0,2.3000000000000003,0.0000,0.0000
2004,10,21,20,30,12.4,0,0,0,2.2,0.0000,0.0000
2004,10,21,21,0,12.4,0,0,0,2.1,0.0000,0.0000
2004,10,21,21,30,12.4,0,0,0,2,0.0000,0.0000
2004,10,21,22,0,12.3,0,0,0,1.8,0.0000,0.0000
2004,10,21,22,30,12.3,0,0,0,1.7000000000000002,0.0000,0.0000
2004,10,21,23,0,12.200000000000001,0,0,0,1.6,0.0000,0.0000
2004,10,21,23,30,12.200000000000001,0,0,0,1.5,0.0000,0.0000
2004,10,22,0,0,12.200000000000001,0,0,0,1.4000000000000001,0.0000,0.0000
2004,10,22,0,30,12.200000000000001,0,0,0,1.4000000000000001,0.0000,0.0000
2004,10,22,1,0,12.3,0,0,0,1.5,0.0000,0.0000
2004,10,22,1,30,12.4,0,0,0,1.6,0.0000,0.0000
2004,10,22,2,0,12.5,0,0,0,1.8,0.0000,0.0000
2004,10,22,2,30,12.8,0,0,0,2.2,0.0000,0.0000
2004,10,22,3,0,13,0,0,0,2.5,0.0000,0.0000
2004,10,22,3,30,13.3,0,0,0,2.8000000000000003,0.0000,0.0000
2004,10,22,4,0,13.5,0,0,0,3.1,0.0000,0.0000
2004,10,22,4,30,13.600000000000001,0,0,0,2.9000000000000004,0.0000,0.0000
2004,10,22,5,0,13.700000000000001,0,0,0,2.7,0.0000,0.0000
2004,10,22,5,30,13.9,0,0,0,2.7,0.0000,0.0000
2004,10,22,6,0,14,0,0,0,2.7,0.0000,0.0000
2004,10,22,6,30,14.4,0,0,0,2.8000000000000003,0.0000,0.0000
2004,10,22,7,0,14.700000000000001,6,0,6,2.9000000000000004,0.0000,0.0000
2004,10,22,7,30,15.3,32,1,32,3,0.0000,0.0000
2004,10,22,8,0,15.9,55,308,118,3.2,1.2441,0.9508
2004,10,22,8,30,16.5,70,3,71,3.4000000000000004,2.0880,1.6096
2004,10,22,9,0,17.2,162,192,231,3.6,3.1603,2.4513
2004,10,22,9,30,18.2,199,59,224,4,5.0868,3.9612
2004,10,22,10,0,19.200000000000003,146,606,439,4.4,4.3900,3.4272
2004,10,22,10,30,20.400000000000002,239,319,408,4.9,9.1592,7.1623
2004,10,22,11,0,21.700000000000003,211,434,456,5.5,7.9702,6.2391
2004,10,22,11,30,22.6,257,317,443,5.800000000000001,7.4033,5.7989
2004,10,22,12,0,23.5,221,454,494,6.2,7.3142,5.7307
2004,10,22,12,30,24,236,447,503,6.7,5.9403,4.6541
2004,10,22,13,0,24.400000000000002,268,102,328,7.2,8.1902,6.4146
2004,10,22,13,30,24.5,269,94,322,7.6000000000000005,6.3169,4.9439
2004,10,22,14,0,24.6,246,111,304,7.9,8.0710,6.3093
2004,10,22,14,30,24.3,200,33,216,8.1,12.3980,9.6744
2004,10,22,15,0,24.1,179,30,191,8.4,4.3095,3.3534
2004,10,22,15,30,23.6,143,20,150,8.4,11.7652,9.1154
2004,10,22,16,0,23.1,97,9,99,8.4,5.4166,4.1683
2004,10,22,16,30,22.3,64,14,67,8.200000000000001,1.9072,1.4550
2004,10,22,17,0,21.5,27,1,27,8,0.0000,0.0000
2004,10,22,17,30,20.8,0,0,0,7.7,0.0000,0.0000
2004,10,22,18,0,20,0,0,0,7.5,0.0000,0.0000
2004,10,22,18,30,19.400000000000002,0,0,0,7.4,0.0000,0.0000
2004,10,22,19,0,18.8,0,0,0,7.300000000000001,0.0000,0.0000
2004,10,22,19,30,18.400000000000002,0,0,0,7.2,0.0000,0.0000
2004,10,22,20,0,18,0,0,0,7.1000000000000005,0.0000,0.0000
2004,10,22,20,30,17.6,0,0,0,6.800000000000001,0.0000,0.0000
2004,10,22,21,0,17.2,0,0,0,6.4,0.0000,0.0000
2004,10,22,21,30,16.7,0,0,0,5.9,0.0000,0.0000
2004,10,22,22,0,16.3,0,0,0,5.4,0.0000,0.0000
2004,10,22,22,30,15.600000000000001,0,0,0,5,0.0000,0.0000
2004,10,22,23,0,15,0,0,0,4.6000000000000005,0.0000,0.0000
2004,10,22,23,30,14.200000000000001,0,0,0,4.6000000000000005,0.0000,0.0000
2004,10,23,0,0,13.4,0,0,0,4.5,0.0000,0.0000
2004,10,23,0,30,12.700000000000001,0,0,0,4.5,0.0000,0.0000
2004,10,23,1,0,12,0,0,0,4.4,0.0000,0.0000
2004,10,23,1,30,11.5,0,0,0,4.7,0.0000,0.0000
2004,10,23,2,0,11,0,0,0,5,0.0000,0.0000
2004,10,23,2,30,10.700000000000001,0,0,0,5.4,0.0000,0.0000
2004,10,23,3,0,10.4,0,0,0,5.800000000000001,0.0000,0.0000
2004,10,23,3,30,10.100000000000001,0,0,0,6.2,0.0000,0.0000
2004,10,23,4,0,9.700000000000001,0,0,0,6.5,0.0000,0.0000
2004,10,23,4,30,9.3,0,0,0,6.4,0.0000,0.0000
2004,10,23,5,0,8.9,0,0,0,6.2,0.0000,0.0000
2004,10,23,5,30,8.8,0,0,0,6.1000000000000005,0.0000,0.0000
2004,10,23,6,0,8.6,0,0,0,6,0.0000,0.0000
2004,10,23,6,30,8.6,0,0,0,6,0.0000,0.0000
2004,10,23,7,0,8.6,4,0,4,6,0.0000,0.0000
2004,10,23,7,30,9.3,30,461,82,6.1000000000000005,0.0000,0.0000
2004,10,23,8,0,9.9,41,629,166,6.300000000000001,5.6405,4.3090
2004,10,23,8,30,11,141,14,145,6.6000000000000005,3.5216,2.7137
2004,10,23,9,0,12.100000000000001,126,2,126,6.9,11.9409,9.2591
2004,10,23,9,30,13.100000000000001,218,27,229,7,11.9698,9.3189
2004,10,23,10,0,14.200000000000001,249,34,265,7.1000000000000005,24.0458,18.7687
2004,10,23,10,30,15.100000000000001,210,616,533,7,22.7491,17.7865
2004,10,23,11,0,15.9,68,927,588,7,25.7359,20.1434
2004,10,23,11,30,16.5,69,936,616,6.800000000000001,25.1906,19.7291
2004,10,23,12,0,17,69,943,630,6.7,28.1868,22.0818
2004,10,23,12,30,17.3,68,939,626,6.5,28.6881,22.4738
2004,10,23,13,0,17.7,66,938,609,6.4,18.6265,14.5865
2004,10,23,13,30,17.7,64,927,578,6.1000000000000005,18.1313,14.1884
2004,10,23,14,0,17.8,60,915,532,5.9,16.8908,13.2019
2004,10,23,14,30,17.7,58,892,474,5.6000000000000005,11.7725,9.1844
2004,10,23,15,0,17.6,127,614,377,5.4,10.1373,7.8862
2004,10,23,15,30,17.2,114,587,313,4.800000000000001,7.6859,5.9527
2004,10,23,16,0,16.8,85,413,194,4.2,4.8622,3.7398
2004,10,23,16,30,14.9,77,314,133,2.9000000000000004,3.1935,2.4354
2004,10,23,17,0,13.100000000000001,24,466,67,1.7000000000000002,0.0000,0.0000
2004,10,23,17,30,12,0,0,0,1.5,0.0000,0.0000
2004,10,23,18,0,10.8,0,0,0,1.3,0.0000,0.0000
2004,10,23,18,30,10.700000000000001,0,0,0,1.3,0.0000,0.0000
2004,10,23,19,0,10.700000000000001,0,0,0,1.2000000000000002,0.0000,0.0000
2004,10,23,19,30,11,0,0,0,1.1,0.0000,0.0000
2004,10,23,20,0,11.4,0,0,0,1,0.0000,0.0000
2004,10,23,20,30,12,0,0,0,0.7000000000000001,0.0000,0.0000
2004,10,23,21,0,12.5,0,0,0,0.4,0.0000,0.0000
2004,10,23,21,30,12,0,0,0,0.6000000000000001,0.0000,0.0000
2004,10,23,22,0,11.5,0,0,0,0.8,0.0000,0.0000
2004,10,23,22,30,10.4,0,0,0,1,0.0000,0.0000
2004,10,23,23,0,9.3,0,0,0,1.2000000000000002,0.0000,0.0000
2004,10,23,23,30,8.700000000000001,0,0,0,1.3,0.0000,0.0000
2004,10,24,0,0,8.1,0,0,0,1.4000000000000001,0.0000,0.0000
2004,10,24,0,30,8,0,0,0,1.6,0.0000,0.0000
2004,10,24,1,0,7.800000000000001,0,0,0,1.7000000000000002,0.0000,0.0000
2004,10,24,1,30,7.800000000000001,0,0,0,1.9000000000000001,0.0000,0.0000
2004,10,24,2,0,7.800000000000001,0,0,0,2.1,0.0000,0.0000
2004,10,24,2,30,7.7,0,0,0,2.2,0.0000,0.0000
2004,10,24,3,0,7.7,0,0,0,2.4000000000000004,0.0000,0.0000
2004,10,24,3,30,7.5,0,0,0,2.5,0.0000,0.0000
2004,10,24,4,0,7.4,0,0,0,2.6,0.0000,0.0000
2004,10,24,4,30,7.1000000000000005,0,0,0,2.6,0.0000,0.0000
2004,10,24,5,0,6.9,0,0,0,2.6,0.0000,0.0000
2004,10,24,5,30,6.6000000000000005,0,0,0,2.6,0.0000,0.0000
2004,10,24,6,0,6.4,0,0,0,2.6,0.0000,0.0000
2004,10,24,6,30,6.5,0,0,0,2.7,0.0000,0.0000
2004,10,24,7,0,6.6000000000000005,11,230,16,2.9000000000000004,0.0000,0.0000
2004,10,24,7,30,7.7,27,512,83,3.3000000000000003,0.0000,0.0000
2004,10,24,8,0,8.700000000000001,38,670,169,3.6,7.9276,6.0538
2004,10,24,8,30,10.200000000000001,45,766,258,3.4000000000000004,7.1754,5.5269
2004,10,24,9,0,11.700000000000001,51,827,342,3.2,6.4985,5.0375
2004,10,24,9,30,13.9,56,871,420,3.6,12.2118,9.5051
2004,10,24,10,0,16,60,899,487,4,14.4890,11.3072
2004,10,24,10,30,17.8,63,917,541,4.7,29.6678,23.1923
2004,10,24,11,0,19.700000000000003,66,930,583,5.5,33.1350,25.9311
2004,10,24,11,30,20.6,67,939,611,5.6000000000000005,34.9752,27.3888
2004,10,24,12,0,21.6,65,948,624,5.7,35.8929,28.1154
2004,10,24,12,30,22.1,65,943,620,5.6000000000000005,35.6496,27.9239
2004,10,24,13,0,22.6,64,938,603,5.6000000000000005,34.5295,27.0366
2004,10,24,13,30,22.8,63,924,570,5.300000000000001,32.4904,25.4212
2004,10,24,14,0,23,62,905,524,5.1000000000000005,29.5032,23.0558
2004,10,24,14,30,22.8,121,644,418,4.5,25.7808,20.1089
2004,10,24,15,0,22.700000000000003,135,472,325,3.9000000000000004,19.9617,15.5247
2004,10,24,15,30,21.6,154,242,235,2.9000000000000004,15.9949,12.3832
2004,10,24,16,0,20.5,139,111,168,1.9000000000000001,9.5033,7.3059
2004,10,24,16,30,18.3,71,331,129,2.3000000000000003,6.3394,4.8327
2004,10,24,17,0,16.1,40,10,40,2.7,0.0000,0.0000
2004,10,24,17,30,14.8,0,0,0,3.8000000000000003,0.0000,0.0000
2004,10,24,18,0,13.600000000000001,0,0,0,5,0.0000,0.0000
2004,10,24,18,30,12.9,0,0,0,5.300000000000001,0.0000,0.0000
2004,10,24,19,0,12.100000000000001,0,0,0,5.5,0.0000,0.0000
2004,10,24,19,30,11.700000000000001,0,0,0,5.4,0.0000,0.0000
2004,10,24,20,0,11.4,0,0,0,5.2,0.0000,0.0000
2004,10,24,20,30,11.200000000000001,0,0,0,5.1000000000000005,0.0000,0.0000
2004,10,24,21,0,11,0,0,0,5.1000000000000005,0.0000,0.0000
2004,10,24,21,30,10.8,0,0,0,5,0.0000,0.0000
2004,10,24,22,0,10.5,0,0,0,5,0.0000,0.0000
2004,10,24,22,30,10.200000000000001,0,0,0,5.2,0.0000,0.0000
2004,10,24,23,0,9.9,0,0,0,5.300000000000001,0.0000,0.0000
2004,10,24,23,30,9.5,0,0,0,5.2,0.0000,0.0000
2004,10,25,0,0,9.1,0,0,0,5.2,0.0000,0.0000
2004,10,25,0,30,8.6,0,0,0,5,0.0000,0.0000
2004,10,25,1,0,8.200000000000001,0,0,0,4.800000000000001,0.0000,0.0000
2004,10,25,1,30,7.7,0,0,0,4.6000000000000005,0.0000,0.0000
2004,10,25,2,0,7.2,0,0,0,4.4,0.0000,0.0000
2004,10,25,2,30,6.800000000000001,0,0,0,4.2,0.0000,0.0000
2004,10,25,3,0,6.4,0,0,0,3.9000000000000004,0.0000,0.0000
2004,10,25,3,30,5.9,0,0,0,3.7,0.0000,0.0000
2004,10,25,4,0,5.5,0,0,0,3.5,0.0000,0.0000
2004,10,25,4,30,5.1000000000000005,0,0,0,3.3000000000000003,0.0000,0.0000
2004,10,25,5,0,4.7,0,0,0,3.2,0.0000,0.0000
2004,10,25,5,30,4.3,0,0,0,3.1,0.0000,0.0000
2004,10,25,6,0,4,0,0,0,3,0.0000,0.0000
2004,10,25,6,30,4,0,0,0,3.2,0.0000,0.0000
2004,10,25,7,0,4,11,142,13,3.4000000000000004,0.0000,0.0000
2004,10,25,7,30,4.7,31,435,76,3.7,0.0000,0.0000
2004,10,25,8,0,5.5,44,611,161,4,8.0649,6.1564
2004,10,25,8,30,6.800000000000001,53,715,248,4.1000000000000005,12.7391,9.8084
2004,10,25,9,0,8,59,792,334,4.2,17.5987,13.6380
2004,10,25,9,30,9.200000000000001,64,839,410,4.1000000000000005,22.3522,17.3939
2004,10,25,10,0,10.5,66,876,478,4.1000000000000005,26.5766,20.7365
2004,10,25,10,30,11.700000000000001,69,899,533,4.1000000000000005,30.0639,23.4984
2004,10,25,11,0,12.9,70,917,576,4.1000000000000005,32.8005,25.6658
2004,10,25,11,30,13.9,71,927,604,4.2,34.6397,27.1227
2004,10,25,12,0,14.9,71,934,617,4.2,35.4985,27.8031
2004,10,25,12,30,15.600000000000001,71,930,613,4.1000000000000005,35.2539,27.6105
2004,10,25,13,0,16.2,69,927,597,4.1000000000000005,34.1361,26.7251
2004,10,25,13,30,16.5,67,916,565,4,31.9864,25.0231
2004,10,25,14,0,16.8,65,900,520,4,29.0056,22.6630
2004,10,25,14,30,16.7,61,872,460,4,22.6874,17.6922
2004,10,25,15,0,16.7,55,844,391,3.9000000000000004,17.1683,13.3485
2004,10,25,15,30,16.1,50,795,312,3.6,11.9775,9.2695
2004,10,25,16,0,15.5,43,731,228,3.3000000000000003,8.2095,6.3081
2004,10,25,16,30,13.5,91,32,96,2.6,6.1505,4.6873
2004,10,25,17,0,11.4,37,2,37,1.8,0.0000,0.0000
2004,10,25,17,30,10.5,0,0,0,1.9000000000000001,0.0000,0.0000
2004,10,25,18,0,9.600000000000001,0,0,0,2,0.0000,0.0000
2004,10,25,18,30,9.600000000000001,0,0,0,2.2,0.0000,0.0000
2004,10,25,19,0,9.5,0,0,0,2.3000000000000003,0.0000,0.0000
2004,10,25,19,30,9.700000000000001,0,0,0,2.6,0.0000,0.0000
2004,10,25,20,0,9.9,0,0,0,2.9000000000000004,0.0000,0.0000
2004,10,25,20,30,9.700000000000001,0,0,0,3,0.0000,0.0000
2004,10,25,21,0,9.600000000000001,0,0,0,3.1,0.0000,0.0000
2004,10,25,21,30,9.4,0,0,0,3,0.0000,0.0000
2004,10,25,22,0,9.200000000000001,0,0,0,3,0.0000,0.0000
2004,10,25,22,30,9,0,0,0,2.9000000000000004,0.0000,0.0000
2004,10,25,23,0,8.9,0,0,0,2.7,0.0000,0.0000
2004,10,25,23,30,8.8,0,0,0,2.6,0.0000,0.0000
2004,10,26,0,0,8.700000000000001,0,0,0,2.5,0.0000,0.0000
2004,10,26,0,30,8.700000000000001,0,0,0,2.5,0.0000,0.0000
2004,10,26,1,0,8.6,0,0,0,2.5,0.0000,0.0000
2004,10,26,1,30,8.6,0,0,0,2.3000000000000003,0.0000,0.0000
2004,10,26,2,0,8.5,0,0,0,2.2,0.0000,0.0000
2004,10,26,2,30,8.5,0,0,0,2,0.0000,0.0000
2004,10,26,3,0,8.4,0,0,0,1.8,0.0000,0.0000
2004,10,26,3,30,8.4,0,0,0,1.7000000000000002,0.0000,0.0000
2004,10,26,4,0,8.3,0,0,0,1.5,0.0000,0.0000
2004,10,26,4,30,8.3,0,0,0,1.4000000000000001,0.0000,0.0000
2004,10,26,5,0,8.3,0,0,0,1.3,0.0000,0.0000
2004,10,26,5,30,8.3,0,0,0,1.2000000000000002,0.0000,0.0000
2004,10,26,6,0,8.3,0,0,0,1,0.0000,0.0000
2004,10,26,6,30,8.4,0,0,0,1,0.0000,0.0000
2004,10,26,7,0,8.6,0,0,0,1,0.0000,0.0000
2004,10,26,7,30,9.200000000000001,18,0,19,1.3,0.0000,0.0000
2004,10,26,8,0,9.8,65,6,66,1.6,7.6788,5.8595
2004,10,26,8,30,10.700000000000001,53,1,53,1.7000000000000002,12.2174,9.4028
2004,10,26,9,0,11.600000000000001,122,20,129,1.7000000000000002,17.1476,13.2842
2004,10,26,9,30,12.8,133,10,137,1.7000000000000002,21.7739,16.9399
2004,10,26,10,0,14,168,430,368,1.8,26.0371,20.3118
2004,10,26,10,30,15.100000000000001,146,0,147,1.6,29.5686,23.1076
2004,10,26,11,0,16.3,311,146,391,1.5,32.3555,25.3141
2004,10,26,11,30,17,319,188,426,1.4000000000000001,34.1896,26.7668
2004,10,26,12,0,17.8,277,23,291,1.2000000000000002,35.0476,27.4466
2004,10,26,12,30,18,307,50,337,1.2000000000000002,34.8033,27.2541
2004,10,26,13,0,18.3,326,160,416,1.2000000000000002,33.7431,26.4138
2004,10,26,13,30,18.3,313,108,371,1.3,31.6529,24.7586
2004,10,26,14,0,18.3,230,22,241,1.3,28.7316,22.4451
2004,10,26,14,30,18.2,122,0,122,1.5,24.9155,19.4257
2004,10,26,15,0,18,120,0,120,1.6,20.6061,16.0170
2004,10,26,15,30,17.7,131,4,133,1.7000000000000002,15.8602,12.2696
2004,10,26,16,0,17.3,136,32,143,1.8,11.1147,8.5361
2004,10,26,16,30,16.2,50,0,50,1.4000000000000001,0.0000,0.0000
2004,10,26,17,0,15.100000000000001,31,171,44,1.1,0.0000,0.0000
2004,10,26,17,30,14.5,0,0,0,1.2000000000000002,0.0000,0.0000
2004,10,26,18,0,13.8,0,0,0,1.3,0.0000,0.0000
2004,10,26,18,30,13.600000000000001,0,0,0,1.3,0.0000,0.0000
2004,10,26,19,0,13.3,0,0,0,1.4000000000000001,0.0000,0.0000
2004,10,26,19,30,13,0,0,0,1.4000000000000001,0.0000,0.0000
2004,10,26,20,0,12.600000000000001,0,0,0,1.4000000000000001,0.0000,0.0000
2004,10,26,20,30,12.3,0,0,0,1.5,0.0000,0.0000
2004,10,26,21,0,11.9,0,0,0,1.5,0.0000,0.0000
2004,10,26,21,30,11.600000000000001,0,0,0,1.5,0.0000,0.0000
2004,10,26,22,0,11.3,0,0,0,1.4000000000000001,0.0000,0.0000
2004,10,26,22,30,11.100000000000001,0,0,0,1.4000000000000001,0.0000,0.0000
2004,10,26,23,0,10.9,0,0,0,1.4000000000000001,0.0000,0.0000
2004,10,26,23,30,10.8,0,0,0,1.4000000000000001,0.0000,0.0000
2004,10,27,0,0,10.700000000000001,0,0,0,1.4000000000000001,0.0000,0.0000
2004,10,27,0,30,10.5,0,0,0,1.6,0.0000,0.0000
2004,10,27,1,0,10.4,0,0,0,1.7000000000000002,0.0000,0.0000
2004,10,27,1,30,10.100000000000001,0,0,0,1.8,0.0000,0.0000
2004,10,27,2,0,9.9,0,0,0,1.9000000000000001,0.0000,0.0000
2004,10,27,2,30,9.600000000000001,0,0,0,2,0.0000,0.0000
2004,10,27,3,0,9.4,0,0,0,2,0.0000,0.0000
2004,10,27,3,30,9.1,0,0,0,2.1,0.0000,0.0000
2004,10,27,4,0,8.9,0,0,0,2.1,0.0000,0.0000
2004,10,27,4,30,8.700000000000001,0,0,0,2.1,0.0000,0.0000
2004,10,27,5,0,8.6,0,0,0,2.1,0.0000,0.0000
2004,10,27,5,30,8.4,0,0,0,2.1,0.0000,0.0000
2004,10,27,6,0,8.3,0,0,0,2.1,0.0000,0.0000
2004,10,27,6,30,8.4,0,0,0,2.2,0.0000,0.0000
2004,10,27,7,0,8.4,0,0,0,2.3000000000000003,0.0000,0.0000
2004,10,27,7,30,9,7,0,7,2.6,0.0000,0.0000
2004,10,27,8,0,9.600000000000001,27,0,27,2.9000000000000004,3.1465,2.4003
2004,10,27,8,30,10.4,11,0,11,3,2.6053,2.0043
2004,10,27,9,0,11.100000000000001,66,1,66,3.1,6.6075,5.1172
2004,10,27,9,30,12,21,0,21,3.2,7.2601,5.6469
2004,10,27,10,0,12.8,93,0,93,3.3000000000000003,20.0077,15.6052
2004,10,27,10,30,13.600000000000001,101,0,101,3.4000000000000004,8.1408,6.3609
2004,10,27,11,0,14.4,131,0,132,3.6,21.9283,17.1537
2004,10,27,11,30,15.200000000000001,113,1,114,3.6,24.0769,18.8471
2004,10,27,12,0,16,149,0,149,3.7,16.5045,12.9234
2004,10,27,12,30,16.7,240,4,242,3.8000000000000003,19.1040,14.9582
2004,10,27,13,0,17.400000000000002,259,17,269,3.8000000000000003,23.4750,18.3736
2004,10,27,13,30,17.900000000000002,152,5,155,3.9000000000000004,20.7492,16.2274
2004,10,27,14,0,18.400000000000002,212,324,373,3.9000000000000004,13.2913,10.3813
2004,10,27,14,30,18.400000000000002,190,34,205,3.9000000000000004,6.5942,5.1401
2004,10,27,15,0,18.5,179,54,200,3.9000000000000004,6.3090,4.9026
2004,10,27,15,30,18.1,159,109,194,3.7,6.7430,5.2144
2004,10,27,16,0,17.6,51,1,51,3.6,6.9553,5.3390
2004,10,27,16,30,16.5,27,0,27,2.9000000000000004,0.0000,0.0000
2004,10,27,17,0,15.4,11,0,11,2.3000000000000003,0.0000,0.0000
2004,10,27,17,30,14.9,0,0,0,2.6,0.0000,0.0000
2004,10,27,18,0,14.3,0,0,0,2.9000000000000004,0.0000,0.0000
2004,10,27,18,30,14.100000000000001,0,0,0,3.3000000000000003,0.0000,0.0000
2004,10,27,19,0,13.9,0,0,0,3.7,0.0000,0.0000
2004,10,27,19,30,13.700000000000001,0,0,0,3.9000000000000004,0.0000,0.0000
2004,10,27,20,0,13.600000000000001,0,0,0,4.1000000000000005,0.0000,0.0000
2004,10,27,20,30,13.600000000000001,0,0,0,4.2,0.0000,0.0000
2004,10,27,21,0,13.5,0,0,0,4.4,0.0000,0.0000
2004,10,27,21,30,13.5,0,0,0,4.5,0.0000,0.0000
2004,10,27,22,0,13.5,0,0,0,4.6000000000000005,0.0000,0.0000
2004,10,27,22,30,13.4,0,0,0,4.6000000000000005,0.0000,0.0000
2004,10,27,23,0,13.3,0,0,0,4.5,0.0000,0.0000
2004,10,27,23,30,13.3,0,0,0,4.4,0.0000,0.0000
2004,10,28,0,0,13.3,0,0,0,4.4,0.0000,0.0000
2004,10,28,0,30,13.3,0,0,0,4.4,0.0000,0.0000
2004,10,28,1,0,13.3,0,0,0,4.5,0.0000,0.0000
2004,10,28,1,30,13.3,0,0,0,4.4,0.0000,0.0000
2004,10,28,2,0,13.200000000000001,0,0,0,4.4,0.0000,0.0000
2004,10,28,2,30,13.3,0,0,0,4.4,0.0000,0.0000
2004,10,28,3,0,13.3,0,0,0,4.4,0.0000,0.0000
2004,10,28,3,30,13.4,0,0,0,4.4,0.0000,0.0000
2004,10,28,4,0,13.600000000000001,0,0,0,4.4,0.0000,0.0000
2004,10,28,4,30,13.9,0,0,0,4.4,0.0000,0.0000
2004,10,28,5,0,14.3,0,0,0,4.5,0.0000,0.0000
2004,10,28,5,30,14.700000000000001,0,0,0,4.3,0.0000,0.0000
2004,10,28,6,0,15.200000000000001,0,0,0,4.2,0.0000,0.0000
2004,10,28,6,30,15.5,0,0,0,4.2,0.0000,0.0000
2004,10,28,7,0,15.9,0,0,0,4.2,0.0000,0.0000
2004,10,28,7,30,16.400000000000002,7,0,7,4.4,0.0000,0.0000
2004,10,28,8,0,16.900000000000002,38,0,38,4.6000000000000005,1.2869,0.9814
2004,10,28,8,30,17.6,18,0,18,4.9,0.5395,0.4149
2004,10,28,9,0,18.3,51,0,51,5.300000000000001,3.3727,2.6112
2004,10,28,9,30,19.5,70,0,70,5.800000000000001,1.1105,0.8636
2004,10,28,10,0,20.6,118,0,118,6.300000000000001,5.0467,3.9354
2004,10,28,10,30,21.8,208,35,226,6.5,5.5838,4.3623
2004,10,28,11,0,22.900000000000002,205,441,442,6.6000000000000005,7.3909,5.7808
2004,10,28,11,30,23.900000000000002,308,214,428,6.7,6.4331,5.0351
2004,10,28,12,0,24.8,327,124,397,6.800000000000001,8.4377,6.6060
2004,10,28,12,30,25.400000000000002,232,3,234,6.800000000000001,13.6972,10.7234
2004,10,28,13,0,26.1,232,5,234,6.9,15.1550,11.8599
2004,10,28,13,30,26.3,225,7,229,6.800000000000001,8.6539,6.7669
2004,10,28,14,0,26.6,71,852,490,6.800000000000001,20.5324,16.0341
2004,10,28,14,30,26.5,68,825,433,6.6000000000000005,11.0570,8.6169
2004,10,28,15,0,26.400000000000002,62,796,367,6.4,10.4896,8.1488
2004,10,28,15,30,25.8,157,232,230,5.800000000000001,9.8103,7.5835
2004,10,28,16,0,25.3,47,670,207,5.1000000000000005,2.4751,1.8990
2004,10,28,16,30,23.900000000000002,37,551,123,4.6000000000000005,0.0000,0.0000
2004,10,28,17,0,22.5,22,357,47,4.1000000000000005,0.0000,0.0000
2004,10,28,17,30,21.900000000000002,0,0,0,4.5,0.0000,0.0000
2004,10,28,18,0,21.200000000000003,0,0,0,4.9,0.0000,0.0000
2004,10,28,18,30,20.900000000000002,0,0,0,5.2,0.0000,0.0000
2004,10,28,19,0,20.5,0,0,0,5.4,0.0000,0.0000
2004,10,28,19,30,20.3,0,0,0,5.6000000000000005,0.0000,0.0000
2004,10,28,20,0,20,0,0,0,5.7,0.0000,0.0000
2004,10,28,20,30,19.700000000000003,0,0,0,5.5,0.0000,0.0000
2004,10,28,21,0,19.400000000000002,0,0,0,5.300000000000001,0.0000,0.0000
2004,10,28,21,30,19.3,0,0,0,5.300000000000001,0.0000,0.0000
2004,10,28,22,0,19.3,0,0,0,5.300000000000001,0.0000,0.0000
2004,10,28,22,30,19.200000000000003,0,0,0,5.300000000000001,0.0000,0.0000
2004,10,28,23,0,19.200000000000003,0,0,0,5.300000000000001,0.0000,0.0000
2004,10,28,23,30,19.200000000000003,0,0,0,5.4,0.0000,0.0000
2004,10,29,0,0,19.200000000000003,0,0,0,5.5,0.0000,0.0000
2004,10,29,0,30,19.1,0,0,0,5.6000000000000005,0.0000,0.0000
2004,10,29,1,0,19.1,0,0,0,5.7,0.0000,0.0000
2004,10,29,1,30,19.1,0,0,0,5.9,0.0000,0.0000
2004,10,29,2,0,19.1,0,0,0,6,0.0000,0.0000
2004,10,29,2,30,19,0,0,0,6,0.0000,0.0000
2004,10,29,3,0,18.900000000000002,0,0,0,6,0.0000,0.0000
2004,10,29,3,30,18.6,0,0,0,5.7,0.0000,0.0000
2004,10,29,4,0,18.2,0,0,0,5.4,0.0000,0.0000
2004,10,29,4,30,17.8,0,0,0,5.2,0.0000,0.0000
2004,10,29,5,0,17.5,0,0,0,5.1000000000000005,0.0000,0.0000
2004,10,29,5,30,17.400000000000002,0,0,0,5.2,0.0000,0.0000
2004,10,29,6,0,17.2,0,0,0,5.2,0.0000,0.0000
2004,10,29,6,30,17.2,0,0,0,5.300000000000001,0.0000,0.0000
2004,10,29,7,0,17.2,0,0,0,5.300000000000001,0.0000,0.0000
2004,10,29,7,30,17.7,26,408,63,5.7,0.0000,0.0000
2004,10,29,8,0,18.2,38,601,144,6.2,1.8112,1.3808
2004,10,29,8,30,18.900000000000002,47,709,228,6.6000000000000005,0.8810,0.6771
2004,10,29,9,0,19.6,50,792,312,7,2.6001,2.0123
2004,10,29,9,30,20.200000000000003,55,839,387,7.1000000000000005,3.6940,2.8718
2004,10,29,10,0,20.900000000000002,55,881,454,7.2,6.3909,4.9827
2004,10,29,10,30,21.400000000000002,58,904,508,7.2,12.4720,9.7420
2004,10,29,11,0,22,58,921,549,7.2,24.7072,19.3219
2004,10,29,11,30,22.400000000000002,59,931,576,7.1000000000000005,24.1152,18.8721
2004,10,29,12,0,22.700000000000003,59,933,587,7,22.4473,17.5721
2004,10,29,12,30,23,59,932,585,6.9,13.2235,10.3511
2004,10,29,13,0,23.200000000000003,61,923,569,6.9,13.1620,10.2988
2004,10,29,13,30,23.200000000000003,225,489,481,6.9,12.7637,9.9790
2004,10,29,14,0,23.200000000000003,249,286,388,6.9,26.9229,21.0208
2004,10,29,14,30,22.8,213,322,354,7,23.3059,18.1586
2004,10,29,15,0,22.400000000000002,216,64,241,7,19.2029,14.9133
2004,10,29,15,30,21.6,50,788,295,6.800000000000001,11.6007,8.9639
2004,10,29,16,0,20.700000000000003,42,720,211,6.6000000000000005,10.0244,7.6873
2004,10,29,16,30,19.3,42,2,43,6.2,0.0000,0.0000
2004,10,29,17,0,17.900000000000002,20,403,46,5.800000000000001,0.0000,0.0000
2004,10,29,17,30,16.6,0,0,0,5.5,0.0000,0.0000
2004,10,29,18,0,15.3,0,0,0,5.1000000000000005,0.0000,0.0000
2004,10,29,18,30,14.5,0,0,0,5,0.0000,0.0000
2004,10,29,19,0,13.600000000000001,0,0,0,5,0.0000,0.0000
2004,10,29,19,30,13.100000000000001,0,0,0,5.5,0.0000,0.0000
2004,10,29,20,0,12.600000000000001,0,0,0,6,0.0000,0.0000
2004,10,29,20,30,12.100000000000001,0,0,0,6.9,0.0000,0.0000
2004,10,29,21,0,11.600000000000001,0,0,0,7.9,0.0000,0.0000
2004,10,29,21,30,10.8,0,0,0,8.3,0.0000,0.0000
2004,10,29,22,0,10,0,0,0,8.8,0.0000,0.0000
2004,10,29,22,30,9.600000000000001,0,0,0,9.3,0.0000,0.0000
2004,10,29,23,0,9.1,0,0,0,9.700000000000001,0.0000,0.0000
2004,10,29,23,30,8.6,0,0,0,10.3,0.0000,0.0000
2004,10,30,0,0,8.200000000000001,0,0,0,10.9,0.0000,0.0000
2004,10,30,0,30,7.6000000000000005,0,0,0,11,0.0000,0.0000
2004,10,30,1,0,7.1000000000000005,0,0,0,11.100000000000001,0.0000,0.0000
2004,10,30,1,30,6.800000000000001,0,0,0,10.9,0.0000,0.0000
2004,10,30,2,0,6.6000000000000005,0,0,0,10.700000000000001,0.0000,0.0000
2004,10,30,2,30,6.4,0,0,0,10.5,0.0000,0.0000
2004,10,30,3,0,6.300000000000001,0,0,0,10.4,0.0000,0.0000
2004,10,30,3,30,6.2,0,0,0,10.100000000000001,0.0000,0.0000
2004,10,30,4,0,6.2,0,0,0,9.8,0.0000,0.0000
2004,10,30,4,30,6.2,0,0,0,9.5,0.0000,0.0000
2004,10,30,5,0,6.2,0,0,0,9.200000000000001,0.0000,0.0000
2004,10,30,5,30,6.300000000000001,0,0,0,8.9,0.0000,0.0000
2004,10,30,6,0,6.300000000000001,0,0,0,8.6,0.0000,0.0000
2004,10,30,6,30,6.4,0,0,0,8.3,0.0000,0.0000
2004,10,30,7,0,6.4,0,0,0,8,0.0000,0.0000
2004,10,30,7,30,6.800000000000001,25,0,25,7.9,0.0000,0.0000
2004,10,30,8,0,7.1000000000000005,39,584,140,7.800000000000001,6.8651,5.2322
2004,10,30,8,30,7.7,110,305,187,7.9,11.1347,8.5547
2004,10,30,9,0,8.200000000000001,131,356,247,8,15.8689,12.2773
2004,10,30,9,30,9.1,118,665,379,8,20.3775,15.8376
2004,10,30,10,0,9.9,62,870,451,8,24.5408,19.1295
2004,10,30,10,30,10.8,65,897,507,7.800000000000001,27.9852,21.8558
2004,10,30,11,0,11.700000000000001,64,922,551,7.6000000000000005,30.6385,23.9569
2004,10,30,11,30,12.4,65,936,581,7.300000000000001,32.4019,25.3536
2004,10,30,12,0,13.100000000000001,60,954,596,7,33.1388,25.9382
2004,10,30,12,30,13.600000000000001,60,958,596,6.7,33.0071,25.8338
2004,10,30,13,0,14.100000000000001,59,958,582,6.4,31.9527,24.9983
2004,10,30,13,30,14.4,57,947,550,6.2,26.7632,20.9210
2004,10,30,14,0,14.600000000000001,55,932,504,6,21.2784,16.6107
2004,10,30,14,30,14.600000000000001,52,907,445,5.7,19.0136,14.8110
2004,10,30,15,0,14.5,49,871,375,5.5,12.5810,9.7678
2004,10,30,15,30,14,45,826,298,5,14.8419,11.4639
2004,10,30,16,0,13.5,40,748,212,4.5,10.1979,7.8166
2004,10,30,16,30,11.600000000000001,32,627,125,3.3000000000000003,0.0000,0.0000
2004,10,30,17,0,9.700000000000001,19,415,45,2.1,0.0000,0.0000
2004,10,30,17,30,8.6,0,0,0,2,0.0000,0.0000
2004,10,30,18,0,7.6000000000000005,0,0,0,1.8,0.0000,0.0000
2004,10,30,18,30,7.1000000000000005,0,0,0,1.7000000000000002,0.0000,0.0000
2004,10,30,19,0,6.6000000000000005,0,0,0,1.7000000000000002,0.0000,0.0000
2004,10,30,19,30,6.2,0,0,0,1.6,0.0000,0.0000
2004,10,30,20,0,5.800000000000001,0,0,0,1.5,0.0000,0.0000
2004,10,30,20,30,5.4,0,0,0,1.4000000000000001,0.0000,0.0000
2004,10,30,21,0,5.1000000000000005,0,0,0,1.3,0.0000,0.0000
2004,10,30,21,30,4.800000000000001,0,0,0,1.3,0.0000,0.0000
2004,10,30,22,0,4.5,0,0,0,1.2000000000000002,0.0000,0.0000
2004,10,30,22,30,4.3,0,0,0,1.2000000000000002,0.0000,0.0000
2004,10,30,23,0,4.1000000000000005,0,0,0,1.1,0.0000,0.0000
2004,10,30,23,30,4.1000000000000005,0,0,0,1.1,0.0000,0.0000
2004,10,31,0,0,4,0,0,0,1.1,0.0000,0.0000
2004,10,31,0,30,4.2,0,0,0,0.9,0.0000,0.0000
2004,10,31,1,0,4.4,0,0,0,0.8,0.0000,0.0000
2004,10,31,1,30,4.6000000000000005,0,0,0,0.7000000000000001,0.0000,0.0000
2004,10,31,2,0,4.800000000000001,0,0,0,0.5,0.0000,0.0000
2004,10,31,2,30,4.6000000000000005,0,0,0,0.5,0.0000,0.0000
2004,10,31,3,0,4.4,0,0,0,0.5,0.0000,0.0000
2004,10,31,3,30,4.1000000000000005,0,0,0,0.7000000000000001,0.0000,0.0000
2004,10,31,4,0,3.7,0,0,0,0.8,0.0000,0.0000
2004,10,31,4,30,3.2,0,0,0,0.9,0.0000,0.0000
2004,10,31,5,0,2.8000000000000003,0,0,0,1,0.0000,0.0000
2004,10,31,5,30,2.3000000000000003,0,0,0,1,0.0000,0.0000
2004,10,31,6,0,1.9000000000000001,0,0,0,1.1,0.0000,0.0000
2004,10,31,6,30,1.8,0,0,0,1.1,0.0000,0.0000
2004,10,31,7,0,1.8,0,0,0,1.1,0.0000,0.0000
2004,10,31,7,30,3.4000000000000004,25,415,59,1.7000000000000002,0.0000,0.0000
2004,10,31,8,0,5,39,602,140,2.3000000000000003,0.0000,0.0000
2004,10,31,8,30,6.300000000000001,49,715,226,2.4000000000000004,9.1137,6.9989
2004,10,31,9,0,7.6000000000000005,55,784,308,2.4000000000000004,12.5342,9.6941
2004,10,31,9,30,9.5,138,462,317,2.7,19.9132,15.4728
2004,10,31,10,0,11.3,234,264,352,2.9000000000000004,24.3320,18.9629
2004,10,31,10,30,12.8,196,432,407,3.1,27.8804,21.7702
2004,10,31,11,0,14.200000000000001,196,489,451,3.3000000000000003,30.6994,24.0009
2004,10,31,11,30,15.200000000000001,153,732,553,3.3000000000000003,32.6315,25.5297
2004,10,31,12,0,16.2,177,632,530,3.3000000000000003,33.5955,26.2922
2004,10,31,12,30,16.900000000000002,235,319,412,3.3000000000000003,33.5760,26.2756
2004,10,31,13,0,17.6,149,737,548,3.3000000000000003,32.6302,25.5247
2004,10,31,13,30,17.8,148,711,514,3.3000000000000003,30.5489,23.8764
2004,10,31,14,0,18,150,607,439,3.3000000000000003,27.5873,21.5316
2004,10,31,14,30,17.8,199,291,323,3.3000000000000003,23.8519,18.5756
2004,10,31,15,0,17.5,166,342,292,3.3000000000000003,19.5305,15.1590
2004,10,31,15,30,16.5,133,311,226,2.8000000000000003,14.9566,11.5481
2004,10,31,16,0,15.5,92,401,183,2.4000000000000004,10.2274,7.8356
2004,10,31,16,30,13.5,48,237,82,2.2,0.0000,0.0000
2004,10,31,17,0,11.5,21,1,21,2,0.0000,0.0000
2004,10,31,17,30,11.100000000000001,0,0,0,2.3000000000000003,0.0000,0.0000
2004,10,31,18,0,10.8,0,0,0,2.6,0.0000,0.0000
2004,10,31,18,30,10.8,0,0,0,3,0.0000,0.0000
2004,10,31,19,0,10.9,0,0,0,3.3000000000000003,0.0000,0.0000
2004,10,31,19,30,10.5,0,0,0,3.2,0.0000,0.0000
2004,10,31,20,0,10.100000000000001,0,0,0,3.1,0.0000,0.0000
2004,10,31,20,30,9.9,0,0,0,3.3000000000000003,0.0000,0.0000
2004,10,31,21,0,9.700000000000001,0,0,0,3.4000000000000004,0.0000,0.0000
2004,10,31,21,30,9.5,0,0,0,3.4000000000000004,0.0000,0.0000
2004,10,31,22,0,9.4,0,0,0,3.4000000000000004,0.0000,0.0000
2004,10,31,22,30,9.4,0,0,0,3.3000000000000003,0.0000,0.0000
2004,10,31,23,0,9.4,0,0,0,3.2,0.0000,0.0000
2004,10,31,23,30,9.5,0,0,0,3.1,0.0000,0.0000
2004,11,1,0,0,9.5,0,0,0,3,0.0000,0.0000
2004,11,1,0,30,9.5,0,0,0,2.8000000000000003,0.0000,0.0000
2004,11,1,1,0,9.4,0,0,0,2.6,0.0000,0.0000
2004,11,1,1,30,9.4,0,0,0,2.7,0.0000,0.0000
2004,11,1,2,0,9.4,0,0,0,2.9000000000000004,0.0000,0.0000
2004,11,1,2,30,9.4,0,0,0,2.8000000000000003,0.0000,0.0000
2004,11,1,3,0,9.5,0,0,0,2.7,0.0000,0.0000
2004,11,1,3,30,9.5,0,0,0,2.5,0.0000,0.0000
2004,11,1,4,0,9.4,0,0,0,2.3000000000000003,0.0000,0.0000
2004,11,1,4,30,9.3,0,0,0,2.4000000000000004,0.0000,0.0000
2004,11,1,5,0,9.1,0,0,0,2.5,0.0000,0.0000
2004,11,1,5,30,9,0,0,0,2.6,0.0000,0.0000
2004,11,1,6,0,8.8,0,0,0,2.7,0.0000,0.0000
2004,11,1,6,30,8.700000000000001,0,0,0,3,0.0000,0.0000
2004,11,1,7,0,8.5,0,0,0,3.2,0.0000,0.0000
2004,11,1,7,30,8.6,13,0,13,3.4000000000000004,0.0000,0.0000
2004,11,1,8,0,8.6,11,0,11,3.6,0.0000,0.0000
2004,11,1,8,30,8.8,22,0,23,3.7,10.9922,8.4379
2004,11,1,9,0,9,14,0,14,3.8000000000000003,15.5924,12.0551
2004,11,1,9,30,9.5,184,64,208,4.2,16.6193,12.9099
2004,11,1,10,0,9.9,164,19,173,4.6000000000000005,18.9541,14.7686
2004,11,1,10,30,10.3,18,0,18,4.9,22.3422,17.4428
2004,11,1,11,0,10.700000000000001,36,0,36,5.2,25.0858,19.6091
2004,11,1,11,30,10.700000000000001,13,0,13,5.1000000000000005,31.0106,24.2582
2004,11,1,12,0,10.8,106,1,107,5.1000000000000005,29.8289,23.3412
2004,11,1,12,30,10.700000000000001,72,0,72,5.2,23.1741,18.1329
2004,11,1,13,0,10.5,21,0,21,5.300000000000001,30.6738,23.9908
2004,11,1,13,30,10.100000000000001,47,0,47,5.6000000000000005,28.5002,22.2717
2004,11,1,14,0,9.8,19,0,19,5.9,23.9844,18.7161
2004,11,1,14,30,9.4,104,3,105,6.1000000000000005,17.2765,13.4517
2004,11,1,15,0,9,80,0,81,6.4,15.1732,11.7735
2004,11,1,15,30,8.5,9,0,9,6.4,11.3145,8.7324
2004,11,1,16,0,8,19,0,19,6.4,8.8130,6.7488
2004,11,1,16,30,7.6000000000000005,8,0,8,6.2,0.0000,0.0000
2004,11,1,17,0,7.1000000000000005,10,0,10,6,0.0000,0.0000
2004,11,1,17,30,6.7,0,0,0,6,0.0000,0.0000
2004,11,1,18,0,6.4,0,0,0,5.9,0.0000,0.0000
2004,11,1,18,30,6.2,0,0,0,6,0.0000,0.0000
2004,11,1,19,0,6.1000000000000005,0,0,0,6.1000000000000005,0.0000,0.0000
2004,11,1,19,30,5.9,0,0,0,6.1000000000000005,0.0000,0.0000
2004,11,1,20,0,5.800000000000001,0,0,0,6.1000000000000005,0.0000,0.0000
2004,11,1,20,30,5.6000000000000005,0,0,0,6,0.0000,0.0000
2004,11,1,21,0,5.5,0,0,0,5.9,0.0000,0.0000
2004,11,1,21,30,5.2,0,0,0,5.800000000000001,0.0000,0.0000
2004,11,1,22,0,5,0,0,0,5.7,0.0000,0.0000
2004,11,1,22,30,4.7,0,0,0,5.7,0.0000,0.0000
2004,11,1,23,0,4.4,0,0,0,5.6000000000000005,0.0000,0.0000
2004,11,1,23,30,4.2,0,0,0,5.5,0.0000,0.0000
2004,11,2,0,0,3.9000000000000004,0,0,0,5.4,0.0000,0.0000
2004,11,2,0,30,3.6,0,0,0,5.2,0.0000,0.0000
2004,11,2,1,0,3.4000000000000004,0,0,0,5,0.0000,0.0000
2004,11,2,1,30,3,0,0,0,4.7,0.0000,0.0000
2004,11,2,2,0,2.7,0,0,0,4.4,0.0000,0.0000
2004,11,2,2,30,2.5,0,0,0,4.3,0.0000,0.0000
2004,11,2,3,0,2.3000000000000003,0,0,0,4.2,0.0000,0.0000
2004,11,2,3,30,2.2,0,0,0,4.1000000000000005,0.0000,0.0000
2004,11,2,4,0,2.1,0,0,0,4.1000000000000005,0.0000,0.0000
2004,11,2,4,30,1.9000000000000001,0,0,0,4,0.0000,0.0000
2004,11,2,5,0,1.7000000000000002,0,0,0,3.8000000000000003,0.0000,0.0000
2004,11,2,5,30,1.5,0,0,0,3.9000000000000004,0.0000,0.0000
2004,11,2,6,0,1.3,0,0,0,3.9000000000000004,0.0000,0.0000
2004,11,2,6,30,1,0,0,0,4,0.0000,0.0000
2004,11,2,7,0,0.8,0,0,0,4.1000000000000005,0.0000,0.0000
2004,11,2,7,30,1.4000000000000001,16,0,16,4.3,0.0000,0.0000
2004,11,2,8,0,2,45,0,45,4.4,0.0000,0.0000
2004,11,2,8,30,3.3000000000000003,47,746,226,4.800000000000001,1.1164,0.8566
2004,11,2,9,0,4.6000000000000005,51,839,314,5.1000000000000005,0.7071,0.5465
2004,11,2,9,30,5.6000000000000005,56,889,392,5.2,10.8816,8.4507
2004,11,2,10,0,6.6000000000000005,249,221,345,5.300000000000001,9.2972,7.2427
2004,11,2,10,30,7.4,291,160,368,5.2,0.9863,0.7699
2004,11,2,11,0,8.1,292,262,427,5.1000000000000005,1.9991,1.5624
2004,11,2,11,30,8.700000000000001,298,298,458,4.800000000000001,0.7278,0.5693
2004,11,2,12,0,9.3,62,983,601,4.6000000000000005,6.0126,4.7042
2004,11,2,12,30,9.700000000000001,62,982,599,4.3,4.0434,3.1634
2004,11,2,13,0,10.100000000000001,60,979,581,4.1000000000000005,1.1736,0.9177
2004,11,2,13,30,10.200000000000001,58,968,548,3.9000000000000004,2.6016,2.0328
2004,11,2,14,0,10.3,54,954,501,3.8000000000000003,1.0361,0.8084
2004,11,2,14,30,10.100000000000001,52,929,442,3.6,5.6047,4.3629
2004,11,2,15,0,9.9,48,894,371,3.5,4.1993,3.2575
2004,11,2,15,30,9.200000000000001,43,842,290,2.9000000000000004,0.4495,0.3468
2004,11,2,16,0,8.5,37,766,204,2.2,0.9136,0.6993
2004,11,2,16,30,6.7,29,640,116,1.6,0.0000,0.0000
2004,11,2,17,0,4.9,17,415,38,1.1,0.0000,0.0000
2004,11,2,17,30,4.7,0,0,0,1,0.0000,0.0000
2004,11,2,18,0,4.5,0,0,0,1,0.0000,0.0000
2004,11,2,18,30,4.4,0,0,0,0.9,0.0000,0.0000
2004,11,2,19,0,4.4,0,0,0,0.8,0.0000,0.0000
2004,11,2,19,30,4.3,0,0,0,0.7000000000000001,0.0000,0.0000
2004,11,2,20,0,4.2,0,0,0,0.6000000000000001,0.0000,0.0000
2004,11,2,20,30,3.9000000000000004,0,0,0,0.6000000000000001,0.0000,0.0000
2004,11,2,21,0,3.5,0,0,0,0.7000000000000001,0.0000,0.0000
2004,11,2,21,30,2.9000000000000004,0,0,0,0.8,0.0000,0.0000
2004,11,2,22,0,2.3000000000000003,0,0,0,0.9,0.0000,0.0000
2004,11,2,22,30,1.7000000000000002,0,0,0,1,0.0000,0.0000
2004,11,2,23,0,1.1,0,0,0,1.1,0.0000,0.0000
2004,11,2,23,30,0.6000000000000001,0,0,0,1.1,0.0000,0.0000
2004,11,3,0,0,0,0,0,0,1.2000000000000002,0.0000,0.0000
2004,11,3,0,30,-0.4,0,0,0,1.2000000000000002,0.0000,0.0000
2004,11,3,1,0,-0.8,0,0,0,1.2000000000000002,0.0000,0.0000
2004,11,3,1,30,-1.1,0,0,0,1.2000000000000002,0.0000,0.0000
2004,11,3,2,0,-1.4000000000000001,0,0,0,1.2000000000000002,0.0000,0.0000
2004,11,3,2,30,-1.7000000000000002,0,0,0,1.2000000000000002,0.0000,0.0000
2004,11,3,3,0,-1.9000000000000001,0,0,0,1.2000000000000002,0.0000,0.0000
2004,11,3,3,30,-2.1,0,0,0,1.2000000000000002,0.0000,0.0000
2004,11,3,4,0,-2.3000000000000003,0,0,0,1.3,0.0000,0.0000
2004,11,3,4,30,-2.4000000000000004,0,0,0,1.3,0.0000,0.0000
2004,11,3,5,0,-2.5,0,0,0,1.2000000000000002,0.0000,0.0000
2004,11,3,5,30,-2.7,0,0,0,1.2000000000000002,0.0000,0.0000
2004,11,3,6,0,-2.8000000000000003,0,0,0,1.2000000000000002,0.0000,0.0000
2004,11,3,6,30,-2.7,0,0,0,1.3,0.0000,0.0000
2004,11,3,7,0,-2.7,0,0,0,1.4000000000000001,0.0000,0.0000
2004,11,3,7,30,-1,21,455,53,2.2,0.0000,0.0000
2004,11,3,8,0,0.7000000000000001,33,645,134,2.9000000000000004,0.0000,0.0000
2004,11,3,8,30,2.1,41,758,220,2.9000000000000004,10.9497,8.3978
2004,11,3,9,0,3.4000000000000004,48,829,304,2.9000000000000004,15.8213,12.2233
2004,11,3,9,30,5.2,52,878,381,3.4000000000000004,20.4620,15.8864
2004,11,3,10,0,6.9,56,913,448,3.9000000000000004,18.5038,14.4116
2004,11,3,10,30,7.800000000000001,58,936,503,3.7,20.1281,15.7086
2004,11,3,11,0,8.700000000000001,59,953,545,3.5,23.6723,18.4985
2004,11,3,11,30,9.4,61,962,573,3.2,25.6003,20.0202
2004,11,3,12,0,10,60,968,586,2.9000000000000004,33.7176,26.3768
2004,11,3,12,30,10.4,60,968,584,2.7,33.5867,26.2732
2004,11,3,13,0,10.8,59,962,567,2.5,32.4158,25.3460
2004,11,3,13,30,10.9,58,951,535,2.4000000000000004,30.2822,23.6566
2004,11,3,14,0,11.100000000000001,56,933,489,2.2,27.2706,21.2726
2004,11,3,14,30,10.9,54,907,430,2,23.5441,18.3233
2004,11,3,15,0,10.700000000000001,51,867,360,1.9000000000000001,19.1894,14.8809
2004,11,3,15,30,9.9,46,813,281,1.5,14.4497,11.1433
2004,11,3,16,0,9.1,40,729,196,1.2000000000000002,9.7940,7.4934
2004,11,3,16,30,7.300000000000001,31,597,110,1.1,0.0000,0.0000
2004,11,3,17,0,5.4,17,362,34,1.1,0.0000,0.0000
2004,11,3,17,30,4.7,0,0,0,1.1,0.0000,0.0000
2004,11,3,18,0,4,0,0,0,1.2000000000000002,0.0000,0.0000
2004,11,3,18,30,3.5,0,0,0,1.2000000000000002,0.0000,0.0000
2004,11,3,19,0,3.1,0,0,0,1.2000000000000002,0.0000,0.0000
2004,11,3,19,30,2.8000000000000003,0,0,0,1.2000000000000002,0.0000,0.0000
2004,11,3,20,0,2.5,0,0,0,1.2000000000000002,0.0000,0.0000
2004,11,3,20,30,2.2,0,0,0,1.2000000000000002,0.0000,0.0000
2004,11,3,21,0,2,0,0,0,1.2000000000000002,0.0000,0.0000
2004,11,3,21,30,1.8,0,0,0,1.2000000000000002,0.0000,0.0000
2004,11,3,22,0,1.7000000000000002,0,0,0,1.1,0.0000,0.0000
2004,11,3,22,30,1.6,0,0,0,1.1,0.0000,0.0000
2004,11,3,23,0,1.6,0,0,0,1,0.0000,0.0000
2004,11,3,23,30,1.1,0,0,0,1.1,0.0000,0.0000
2004,11,4,0,0,0.6000000000000001,0,0,0,1.2000000000000002,0.0000,0.0000
2004,11,4,0,30,0.1,0,0,0,1.3,0.0000,0.0000
2004,11,4,1,0,-0.30000000000000004,0,0,0,1.4000000000000001,0.0000,0.0000
2004,11,4,1,30,-0.5,0,0,0,1.7000000000000002,0.0000,0.0000
2004,11,4,2,0,-0.6000000000000001,0,0,0,1.9000000000000001,0.0000,0.0000
2004,11,4,2,30,-0.5,0,0,0,2.2,0.0000,0.0000
2004,11,4,3,0,-0.5,0,0,0,2.6,0.0000,0.0000
2004,11,4,3,30,-0.30000000000000004,0,0,0,3.3000000000000003,0.0000,0.0000
2004,11,4,4,0,-0.1,0,0,0,3.9000000000000004,0.0000,0.0000
2004,11,4,4,30,0.30000000000000004,0,0,0,4.4,0.0000,0.0000
2004,11,4,5,0,0.6000000000000001,0,0,0,4.9,0.0000,0.0000
2004,11,4,5,30,1.1,0,0,0,5.1000000000000005,0.0000,0.0000
2004,11,4,6,0,1.5,0,0,0,5.2,0.0000,0.0000
2004,11,4,6,30,1.8,0,0,0,5.2,0.0000,0.0000
2004,11,4,7,0,2.1,0,0,0,5.300000000000001,0.0000,0.0000
2004,11,4,7,30,2.7,22,379,47,5.6000000000000005,0.0000,0.0000
2004,11,4,8,0,3.3000000000000003,35,601,126,5.9,0.0000,0.0000
2004,11,4,8,30,4.3,44,730,213,6.300000000000001,10.6384,8.1553
2004,11,4,9,0,5.2,47,828,300,6.7,15.2820,11.8022
2004,11,4,9,30,6.4,52,886,380,6.9,19.8430,15.4015
2004,11,4,10,0,7.6000000000000005,54,933,451,7.1000000000000005,23.9798,18.6725
2004,11,4,10,30,8.5,56,956,506,7,27.4619,21.4283
2004,11,4,11,0,9.5,56,985,554,7,30.1629,23.5669
2004,11,4,11,30,10,58,994,583,6.800000000000001,31.9779,25.0042
2004,11,4,12,0,10.600000000000001,58,999,596,6.6000000000000005,32.8244,25.6745
2004,11,4,12,30,10.8,58,998,594,6.300000000000001,32.6939,25.5712
2004,11,4,13,0,11,56,994,576,6,31.5841,24.6921
2004,11,4,13,30,11.100000000000001,55,983,543,5.7,29.5124,23.0515
2004,11,4,14,0,11.100000000000001,53,966,497,5.4,26.5672,20.7199
2004,11,4,14,30,10.8,50,940,437,5.2,22.8586,17.7857
2004,11,4,15,0,10.600000000000001,47,904,366,4.9,18.5785,14.4029
2004,11,4,15,30,9.8,43,850,285,4.1000000000000005,13.9700,10.7693
2004,11,4,16,0,9,37,770,199,3.2,9.3969,7.1864
2004,11,4,16,30,6.6000000000000005,29,639,111,2.4000000000000004,0.0000,0.0000
2004,11,4,17,0,4.2,16,402,33,1.6,0.0000,0.0000
2004,11,4,17,30,3.4000000000000004,0,0,0,1.6,0.0000,0.0000
2004,11,4,18,0,2.6,0,0,0,1.6,0.0000,0.0000
2004,11,4,18,30,2.2,0,0,0,1.6,0.0000,0.0000
2004,11,4,19,0,1.8,0,0,0,1.5,0.0000,0.0000
2004,11,4,19,30,1.5,0,0,0,1.5,0.0000,0.0000
2004,11,4,20,0,1.2000000000000002,0,0,0,1.5,0.0000,0.0000
2004,11,4,20,30,1,0,0,0,1.5,0.0000,0.0000
2004,11,4,21,0,0.8,0,0,0,1.5,0.0000,0.0000
2004,11,4,21,30,0.6000000000000001,0,0,0,1.5,0.0000,0.0000
2004,11,4,22,0,0.5,0,0,0,1.4000000000000001,0.0000,0.0000
2004,11,4,22,30,0.2,0,0,0,1.4000000000000001,0.0000,0.0000
2004,11,4,23,0,0,0,0,0,1.4000000000000001,0.0000,0.0000
2004,11,4,23,30,-0.2,0,0,0,1.5,0.0000,0.0000
2004,11,5,0,0,-0.30000000000000004,0,0,0,1.6,0.0000,0.0000
2004,11,5,0,30,-0.2,0,0,0,1.7000000000000002,0.0000,0.0000
2004,11,5,1,0,-0.1,0,0,0,1.9000000000000001,0.0000,0.0000
2004,11,5,1,30,0,0,0,0,2.2,0.0000,0.0000
2004,11,5,2,0,0.2,0,0,0,2.4000000000000004,0.0000,0.0000
2004,11,5,2,30,0.4,0,0,0,2.7,0.0000,0.0000
2004,11,5,3,0,0.5,0,0,0,2.9000000000000004,0.0000,0.0000
2004,11,5,3,30,0.6000000000000001,0,0,0,3.2,0.0000,0.0000
2004,11,5,4,0,0.7000000000000001,0,0,0,3.4000000000000004,0.0000,0.0000
2004,11,5,4,30,0.7000000000000001,0,0,0,3.6,0.0000,0.0000
2004,11,5,5,0,0.7000000000000001,0,0,0,3.8000000000000003,0.0000,0.0000
2004,11,5,5,30,0.9,0,0,0,4.1000000000000005,0.0000,0.0000
2004,11,5,6,0,1,0,0,0,4.4,0.0000,0.0000
2004,11,5,6,30,1.1,0,0,0,4.6000000000000005,0.0000,0.0000
2004,11,5,7,0,1.3,0,0,0,4.9,0.0000,0.0000
2004,11,5,7,30,2,19,414,46,4.9,0.0000,0.0000
2004,11,5,8,0,2.7,78,19,81,4.9,0.0000,0.0000
2004,11,5,8,30,4.2,40,735,207,4.9,10.2816,7.8783
2004,11,5,9,0,5.6000000000000005,45,810,289,5,15.0458,11.6155
2004,11,5,9,30,7.7,50,861,365,5.5,19.7476,15.3232
2004,11,5,10,0,9.700000000000001,52,897,430,6,24.0912,18.7549
2004,11,5,10,30,11.3,54,922,485,5.800000000000001,27.5747,21.5123
2004,11,5,11,0,13,55,939,526,5.6000000000000005,30.6084,23.9111
2004,11,5,11,30,14.3,56,949,553,5.300000000000001,32.4823,25.3948
2004,11,5,12,0,15.600000000000001,58,953,566,4.9,33.3330,26.0687
2004,11,5,12,30,16.6,173,609,497,4.7,33.2004,25.9636
2004,11,5,13,0,17.6,230,485,482,4.5,32.0334,25.0396
2004,11,5,13,30,18.2,147,575,430,4.4,29.9027,23.3525
2004,11,5,14,0,18.8,137,660,438,4.3,26.9520,21.0160
2004,11,5,14,30,18.8,51,889,413,3.8000000000000003,23.1831,18.0340
2004,11,5,15,0,18.8,157,398,296,3.3000000000000003,18.8469,14.6067
2004,11,5,15,30,17.2,102,505,245,2.4000000000000004,14.1360,10.8928
2004,11,5,16,0,15.5,78,438,168,1.6,9.5291,7.2845
2004,11,5,16,30,13.4,52,1,53,1.6,0.0000,0.0000
2004,11,5,17,0,11.4,17,2,17,1.6,0.0000,0.0000
2004,11,5,17,30,10.8,0,0,0,1.7000000000000002,0.0000,0.0000
2004,11,5,18,0,10.3,0,0,0,1.8,0.0000,0.0000
2004,11,5,18,30,10.100000000000001,0,0,0,1.9000000000000001,0.0000,0.0000
2004,11,5,19,0,9.9,0,0,0,2,0.0000,0.0000
2004,11,5,19,30,9.700000000000001,0,0,0,2,0.0000,0.0000
2004,11,5,20,0,9.600000000000001,0,0,0,2.1,0.0000,0.0000
2004,11,5,20,30,9.3,0,0,0,2.2,0.0000,0.0000
2004,11,5,21,0,9.1,0,0,0,2.3000000000000003,0.0000,0.0000
2004,11,5,21,30,8.9,0,0,0,2.3000000000000003,0.0000,0.0000
2004,11,5,22,0,8.6,0,0,0,2.3000000000000003,0.0000,0.0000
2004,11,5,22,30,8.3,0,0,0,2.3000000000000003,0.0000,0.0000
2004,11,5,23,0,8,0,0,0,2.3000000000000003,0.0000,0.0000
2004,11,5,23,30,7.7,0,0,0,2.3000000000000003,0.0000,0.0000
2004,11,6,0,0,7.4,0,0,0,2.4000000000000004,0.0000,0.0000
2004,11,6,0,30,7.1000000000000005,0,0,0,2.3000000000000003,0.0000,0.0000
2004,11,6,1,0,6.9,0,0,0,2.3000000000000003,0.0000,0.0000
2004,11,6,1,30,6.6000000000000005,0,0,0,2.2,0.0000,0.0000
2004,11,6,2,0,6.4,0,0,0,2.2,0.0000,0.0000
2004,11,6,2,30,6.2,0,0,0,2.1,0.0000,0.0000
2004,11,6,3,0,5.9,0,0,0,2,0.0000,0.0000
2004,11,6,3,30,5.7,0,0,0,2,0.0000,0.0000
2004,11,6,4,0,5.5,0,0,0,1.9000000000000001,0.0000,0.0000
2004,11,6,4,30,5.300000000000001,0,0,0,1.9000000000000001,0.0000,0.0000
2004,11,6,5,0,5.1000000000000005,0,0,0,1.8,0.0000,0.0000
2004,11,6,5,30,4.9,0,0,0,1.8,0.0000,0.0000
2004,11,6,6,0,4.7,0,0,0,1.8,0.0000,0.0000
2004,11,6,6,30,4.7,0,0,0,1.9000000000000001,0.0000,0.0000
2004,11,6,7,0,4.7,0,0,0,2,0.0000,0.0000
2004,11,6,7,30,6.300000000000001,18,394,42,2.7,0.0000,0.0000
2004,11,6,8,0,7.9,31,604,118,3.4000000000000004,0.0000,0.0000
2004,11,6,8,30,9.200000000000001,39,725,201,3.5,9.9756,7.6405
2004,11,6,9,0,10.4,44,807,284,3.6,14.4604,11.1594
2004,11,6,9,30,12,49,858,359,3.5,18.9262,14.6816
2004,11,6,10,0,13.5,52,899,427,3.3000000000000003,22.9237,17.8421
2004,11,6,10,30,15.3,54,923,481,3.3000000000000003,26.3826,20.5785
2004,11,6,11,0,17,55,942,522,3.2,29.0109,22.6594
2004,11,6,11,30,18.8,56,952,550,3.2,30.7610,24.0454
2004,11,6,12,0,20.5,54,965,565,3.3000000000000003,31.6056,24.7143
2004,11,6,12,30,21.6,53,964,563,3.5,27.7351,21.6865
2004,11,6,13,0,22.700000000000003,54,957,546,3.7,26.7616,20.9156
2004,11,6,13,30,22.900000000000002,53,940,512,3.7,23.6390,18.4578
2004,11,6,14,0,23.200000000000003,51,921,467,3.8000000000000003,23.7096,18.4843
2004,11,6,14,30,22.700000000000003,49,894,409,3.3000000000000003,21.8662,17.0056
2004,11,6,15,0,22.200000000000003,48,852,341,2.7,15.2074,11.7823
2004,11,6,15,30,20.1,43,801,265,2.2,12.1262,9.3406
2004,11,6,16,0,18,37,715,182,1.6,8.0358,6.1405
2004,11,6,16,30,15.8,28,576,98,1.7000000000000002,0.0000,0.0000
2004,11,6,17,0,13.5,14,337,26,1.7000000000000002,0.0000,0.0000
2004,11,6,17,30,12.8,0,0,0,1.9000000000000001,0.0000,0.0000
2004,11,6,18,0,12,0,0,0,2,0.0000,0.0000
2004,11,6,18,30,11.700000000000001,0,0,0,2.1,0.0000,0.0000
2004,11,6,19,0,11.4,0,0,0,2.2,0.0000,0.0000
2004,11,6,19,30,11.200000000000001,0,0,0,2.2,0.0000,0.0000
2004,11,6,20,0,11,0,0,0,2.3000000000000003,0.0000,0.0000
2004,11,6,20,30,10.9,0,0,0,2.6,0.0000,0.0000
2004,11,6,21,0,10.9,0,0,0,2.8000000000000003,0.0000,0.0000
2004,11,6,21,30,10.9,0,0,0,3.3000000000000003,0.0000,0.0000
2004,11,6,22,0,10.9,0,0,0,3.7,0.0000,0.0000
2004,11,6,22,30,10.8,0,0,0,4,0.0000,0.0000
2004,11,6,23,0,10.600000000000001,0,0,0,4.3,0.0000,0.0000
2004,11,6,23,30,10.3,0,0,0,4.2,0.0000,0.0000
2004,11,7,0,0,9.9,0,0,0,4.2,0.0000,0.0000
2004,11,7,0,30,9.4,0,0,0,4,0.0000,0.0000
2004,11,7,1,0,9,0,0,0,3.8000000000000003,0.0000,0.0000
2004,11,7,1,30,8.6,0,0,0,3.7,0.0000,0.0000
2004,11,7,2,0,8.200000000000001,0,0,0,3.7,0.0000,0.0000
2004,11,7,2,30,7.800000000000001,0,0,0,3.7,0.0000,0.0000
2004,11,7,3,0,7.4,0,0,0,3.7,0.0000,0.0000
2004,11,7,3,30,6.9,0,0,0,3.7,0.0000,0.0000
2004,11,7,4,0,6.5,0,0,0,3.7,0.0000,0.0000
2004,11,7,4,30,6.2,0,0,0,3.7,0.0000,0.0000
2004,11,7,5,0,5.800000000000001,0,0,0,3.7,0.0000,0.0000
2004,11,7,5,30,5.5,0,0,0,3.7,0.0000,0.0000
2004,11,7,6,0,5.1000000000000005,0,0,0,3.6,0.0000,0.0000
2004,11,7,6,30,4.9,0,0,0,3.5,0.0000,0.0000
2004,11,7,7,0,4.7,0,0,0,3.3000000000000003,0.0000,0.0000
2004,11,7,7,30,5.2,18,365,39,3.5,0.0000,0.0000
2004,11,7,8,0,5.7,32,581,113,3.8000000000000003,0.0000,0.0000
2004,11,7,8,30,6.7,40,709,196,4,9.6707,7.4037
2004,11,7,9,0,7.800000000000001,142,277,222,4.3,14.1771,10.9366
2004,11,7,9,30,8.8,50,842,351,4.3,18.5736,14.4038
2004,11,7,10,0,9.700000000000001,160,444,343,4.3,22.7179,17.6779
2004,11,7,10,30,10.5,247,249,361,4.1000000000000005,26.1171,20.3676
2004,11,7,11,0,11.3,198,609,498,3.9000000000000004,28.7412,22.4450
2004,11,7,11,30,11.8,57,938,540,3.7,30.5455,23.8735
2004,11,7,12,0,12.4,57,944,552,3.6,31.4997,24.6280
2004,11,7,12,30,12.8,56,939,548,3.5,31.3680,24.5236
2004,11,7,13,0,13.100000000000001,56,933,532,3.4000000000000004,30.2661,23.6510
2004,11,7,13,30,13.200000000000001,55,921,501,3.2,28.0993,21.9369
2004,11,7,14,0,13.200000000000001,54,901,456,3.1,25.2315,19.6669
2004,11,7,14,30,13.100000000000001,51,869,398,2.9000000000000004,21.6107,16.8030
2004,11,7,15,0,12.9,49,826,331,2.8000000000000003,17.4821,13.5407
2004,11,7,15,30,12.100000000000001,44,768,254,2.3000000000000003,13.0872,10.0768
2004,11,7,16,0,11.3,38,673,172,1.8,8.6973,6.6434
2004,11,7,16,30,9.3,28,531,91,1.5,0.0000,0.0000
2004,11,7,17,0,7.4,14,277,23,1.3,0.0000,0.0000
2004,11,7,17,30,6.7,0,0,0,1.3,0.0000,0.0000
2004,11,7,18,0,6,0,0,0,1.4000000000000001,0.0000,0.0000
2004,11,7,18,30,5.7,0,0,0,1.4000000000000001,0.0000,0.0000
2004,11,7,19,0,5.300000000000001,0,0,0,1.5,0.0000,0.0000
2004,11,7,19,30,4.9,0,0,0,1.5,0.0000,0.0000
2004,11,7,20,0,4.6000000000000005,0,0,0,1.5,0.0000,0.0000
2004,11,7,20,30,4.2,0,0,0,1.5,0.0000,0.0000
2004,11,7,21,0,3.9000000000000004,0,0,0,1.5,0.0000,0.0000
2004,11,7,21,30,3.5,0,0,0,1.4000000000000001,0.0000,0.0000
2004,11,7,22,0,3.2,0,0,0,1.4000000000000001,0.0000,0.0000
2004,11,7,22,30,2.9000000000000004,0,0,0,1.4000000000000001,0.0000,0.0000
2004,11,7,23,0,2.6,0,0,0,1.4000000000000001,0.0000,0.0000
2004,11,7,23,30,2.3000000000000003,0,0,0,1.5,0.0000,0.0000
2004,11,8,0,0,2.1,0,0,0,1.5,0.0000,0.0000
2004,11,8,0,30,1.9000000000000001,0,0,0,1.6,0.0000,0.0000
2004,11,8,1,0,1.7000000000000002,0,0,0,1.6,0.0000,0.0000
2004,11,8,1,30,1.5,0,0,0,1.7000000000000002,0.0000,0.0000
2004,11,8,2,0,1.3,0,0,0,1.7000000000000002,0.0000,0.0000
2004,11,8,2,30,1.1,0,0,0,1.7000000000000002,0.0000,0.0000
2004,11,8,3,0,0.9,0,0,0,1.7000000000000002,0.0000,0.0000
2004,11,8,3,30,0.7000000000000001,0,0,0,1.7000000000000002,0.0000,0.0000
2004,11,8,4,0,0.5,0,0,0,1.7000000000000002,0.0000,0.0000
2004,11,8,4,30,0.30000000000000004,0,0,0,1.8,0.0000,0.0000
2004,11,8,5,0,0.1,0,0,0,1.9000000000000001,0.0000,0.0000
2004,11,8,5,30,0,0,0,0,2,0.0000,0.0000
2004,11,8,6,0,-0.1,0,0,0,2.1,0.0000,0.0000
2004,11,8,6,30,-0.1,0,0,0,2.3000000000000003,0.0000,0.0000
2004,11,8,7,0,-0.1,0,0,0,2.5,0.0000,0.0000
2004,11,8,7,30,0.7000000000000001,18,331,35,3,0.0000,0.0000
2004,11,8,8,0,1.6,33,549,108,3.5,0.0000,0.0000
2004,11,8,8,30,2.8000000000000003,43,675,188,3.5,9.4157,7.2053
2004,11,8,9,0,4.1000000000000005,50,756,268,3.4000000000000004,11.0563,8.5257
2004,11,8,9,30,6,55,812,341,4.1000000000000005,18.1188,14.0470
2004,11,8,10,0,7.9,59,848,406,4.800000000000001,18.2116,14.1681
2004,11,8,10,30,9.3,62,875,459,5,19.5651,15.2550
2004,11,8,11,0,10.700000000000001,65,895,502,5.1000000000000005,27.3739,21.3739
2004,11,8,11,30,11.700000000000001,66,907,529,5.1000000000000005,29.9419,23.3982
2004,11,8,12,0,12.8,62,921,542,5.1000000000000005,30.7253,24.0190
2004,11,8,12,30,13.600000000000001,61,920,540,5,30.4845,23.8294
2004,11,8,13,0,14.4,61,914,523,5,29.4434,23.0048
2004,11,8,13,30,14.8,59,902,492,4.9,27.4485,21.4253
2004,11,8,14,0,15.200000000000001,57,883,448,4.800000000000001,24.5933,19.1658
2004,11,8,14,30,15.200000000000001,54,854,391,4.7,20.9883,16.3153
2004,11,8,15,0,15.200000000000001,51,811,324,4.5,16.9330,13.1115
2004,11,8,15,30,14.100000000000001,46,751,249,3.6,12.5187,9.6355
2004,11,8,16,0,13.100000000000001,39,661,168,2.6,8.2130,6.2713
2004,11,8,16,30,11.100000000000001,28,519,88,2.4000000000000004,0.0000,0.0000
2004,11,8,17,0,9,13,270,21,2.1,0.0000,0.0000
2004,11,8,17,30,8.6,0,0,0,2.3000000000000003,0.0000,0.0000
2004,11,8,18,0,8.200000000000001,0,0,0,2.5,0.0000,0.0000
2004,11,8,18,30,7.9,0,0,0,2.7,0.0000,0.0000
2004,11,8,19,0,7.7,0,0,0,2.9000000000000004,0.0000,0.0000
2004,11,8,19,30,7.4,0,0,0,3.1,0.0000,0.0000
2004,11,8,20,0,7,0,0,0,3.2,0.0000,0.0000
2004,11,8,20,30,6.7,0,0,0,3.4000000000000004,0.0000,0.0000
2004,11,8,21,0,6.4,0,0,0,3.5,0.0000,0.0000
2004,11,8,21,30,6.2,0,0,0,3.5,0.0000,0.0000
2004,11,8,22,0,5.9,0,0,0,3.6,0.0000,0.0000
2004,11,8,22,30,5.800000000000001,0,0,0,3.6,0.0000,0.0000
2004,11,8,23,0,5.6000000000000005,0,0,0,3.7,0.0000,0.0000
2004,11,8,23,30,5.6000000000000005,0,0,0,3.7,0.0000,0.0000
2004,11,9,0,0,5.5,0,0,0,3.7,0.0000,0.0000
2004,11,9,0,30,5.5,0,0,0,3.7,0.0000,0.0000
2004,11,9,1,0,5.4,0,0,0,3.7,0.0000,0.0000
2004,11,9,1,30,5.4,0,0,0,3.7,0.0000,0.0000
2004,11,9,2,0,5.4,0,0,0,3.7,0.0000,0.0000
2004,11,9,2,30,5.300000000000001,0,0,0,3.6,0.0000,0.0000
2004,11,9,3,0,5.2,0,0,0,3.6,0.0000,0.0000
2004,11,9,3,30,5.1000000000000005,0,0,0,3.6,0.0000,0.0000
2004,11,9,4,0,5.1000000000000005,0,0,0,3.6,0.0000,0.0000
2004,11,9,4,30,5,0,0,0,3.7,0.0000,0.0000
2004,11,9,5,0,5,0,0,0,3.7,0.0000,0.0000
2004,11,9,5,30,5,0,0,0,3.8000000000000003,0.0000,0.0000
2004,11,9,6,0,5,0,0,0,3.8000000000000003,0.0000,0.0000
2004,11,9,6,30,5,0,0,0,3.9000000000000004,0.0000,0.0000
2004,11,9,7,0,5.1000000000000005,0,0,0,4,0.0000,0.0000
2004,11,9,7,30,5.800000000000001,13,0,13,4.3,0.0000,0.0000
2004,11,9,8,0,6.4,22,0,22,4.6000000000000005,0.0000,0.0000
2004,11,9,8,30,7.6000000000000005,99,5,100,4.7,9.0190,6.8988
2004,11,9,9,0,8.8,137,185,190,4.800000000000001,13.3175,10.2655
2004,11,9,9,30,10.600000000000001,155,311,264,5.5,17.5626,13.6117
2004,11,9,10,0,12.4,167,360,313,6.2,21.5121,16.7318
2004,11,9,10,30,14.100000000000001,176,436,372,6.6000000000000005,24.8296,19.3561
2004,11,9,11,0,15.8,251,277,385,7,27.5455,21.5041
2004,11,9,11,30,17.1,192,423,406,7.300000000000001,29.2841,22.8807
2004,11,9,12,0,18.3,176,565,468,7.5,30.1227,23.5447
2004,11,9,12,30,19,172,495,428,7.7,29.9934,23.4423
2004,11,9,13,0,19.700000000000003,231,409,436,7.800000000000001,28.8990,22.5760
2004,11,9,13,30,19.8,214,304,358,7.800000000000001,26.9103,21.0017
2004,11,9,14,0,19.900000000000002,137,643,420,7.800000000000001,24.1183,18.7920
2004,11,9,14,30,19.5,146,26,156,7.6000000000000005,20.5783,15.9928
2004,11,9,15,0,19.1,138,309,241,7.4,16.5406,12.8039
2004,11,9,15,30,18.5,58,654,232,7.1000000000000005,12.2478,9.4234
2004,11,9,16,0,17.900000000000002,83,13,86,6.800000000000001,8.0168,6.1194
2004,11,9,16,30,17.3,52,10,53,6.800000000000001,0.0000,0.0000
2004,11,9,17,0,16.6,8,0,8,6.7,0.0000,0.0000
2004,11,9,17,30,16.2,0,0,0,6.6000000000000005,0.0000,0.0000
2004,11,9,18,0,15.9,0,0,0,6.6000000000000005,0.0000,0.0000
2004,11,9,18,30,15.5,0,0,0,6.300000000000001,0.0000,0.0000
2004,11,9,19,0,15.100000000000001,0,0,0,5.9,0.0000,0.0000
2004,11,9,19,30,14.600000000000001,0,0,0,5.7,0.0000,0.0000
2004,11,9,20,0,14.200000000000001,0,0,0,5.4,0.0000,0.0000
2004,11,9,20,30,13.8,0,0,0,5.4,0.0000,0.0000
2004,11,9,21,0,13.3,0,0,0,5.5,0.0000,0.0000
2004,11,9,21,30,12.9,0,0,0,5.5,0.0000,0.0000
2004,11,9,22,0,12.600000000000001,0,0,0,5.6000000000000005,0.0000,0.0000
2004,11,9,22,30,12.200000000000001,0,0,0,5.5,0.0000,0.0000
2004,11,9,23,0,11.8,0,0,0,5.5,0.0000,0.0000
2004,11,9,23,30,11.3,0,0,0,5.4,0.0000,0.0000
2004,11,10,0,0,10.9,0,0,0,5.300000000000001,0.0000,0.0000
2004,11,10,0,30,10.5,0,0,0,5.1000000000000005,0.0000,0.0000
2004,11,10,1,0,10.100000000000001,0,0,0,5,0.0000,0.0000
2004,11,10,1,30,9.8,0,0,0,4.800000000000001,0.0000,0.0000
2004,11,10,2,0,9.5,0,0,0,4.7,0.0000,0.0000
2004,11,10,2,30,9.3,0,0,0,4.6000000000000005,0.0000,0.0000
2004,11,10,3,0,9.1,0,0,0,4.4,0.0000,0.0000
2004,11,10,3,30,9.200000000000001,0,0,0,4.4,0.0000,0.0000
2004,11,10,4,0,9.200000000000001,0,0,0,4.3,0.0000,0.0000
2004,11,10,4,30,9.3,0,0,0,4.1000000000000005,0.0000,0.0000
2004,11,10,5,0,9.4,0,0,0,4,0.0000,0.0000
2004,11,10,5,30,9.4,0,0,0,3.7,0.0000,0.0000
2004,11,10,6,0,9.5,0,0,0,3.5,0.0000,0.0000
2004,11,10,6,30,9.5,0,0,0,3.4000000000000004,0.0000,0.0000
2004,11,10,7,0,9.600000000000001,0,0,0,3.2,0.0000,0.0000
2004,11,10,7,30,9.8,10,0,10,3.1,0.0000,0.0000
2004,11,10,8,0,10,24,0,24,3.1,0.0000,0.0000
2004,11,10,8,30,10.3,19,0,19,3,4.7910,3.6631
2004,11,10,9,0,10.600000000000001,79,3,80,2.9000000000000004,9.4196,7.2579
2004,11,10,9,30,11.100000000000001,36,0,36,2.7,13.5670,10.5117
2004,11,10,10,0,11.5,51,0,51,2.5,16.5512,12.8702
2004,11,10,10,30,11.9,36,0,36,2.4000000000000004,20.0864,15.6555
2004,11,10,11,0,12.3,107,2,108,2.2,21.0893,16.4612
2004,11,10,11,30,12.700000000000001,51,0,51,2.3000000000000003,22.4379,17.5288
2004,11,10,12,0,13,51,0,51,2.4000000000000004,25.9684,20.2945
2004,11,10,12,30,13.100000000000001,15,0,15,3,23.7343,18.5475
2004,11,10,13,0,13.200000000000001,20,0,20,3.6,24.0527,18.7871
2004,11,10,13,30,12.9,73,0,74,4.3,19.5492,15.2543
2004,11,10,14,0,12.600000000000001,31,0,31,5.1000000000000005,22.5713,17.5833
2004,11,10,14,30,11.700000000000001,106,3,107,5.9,8.1945,6.3670
2004,11,10,15,0,10.9,35,0,35,6.7,12.2778,9.5012
2004,11,10,15,30,9.600000000000001,18,0,18,7.300000000000001,11.3890,8.7593
2004,11,10,16,0,8.4,13,0,13,7.800000000000001,4.1018,3.1300
2004,11,10,16,30,7.2,42,2,42,7.9,0.0000,0.0000
2004,11,10,17,0,6.1000000000000005,4,0,4,7.9,0.0000,0.0000
2004,11,10,17,30,5.300000000000001,0,0,0,7.5,0.0000,0.0000
2004,11,10,18,0,4.6000000000000005,0,0,0,7,0.0000,0.0000
2004,11,10,18,30,4.3,0,0,0,6.6000000000000005,0.0000,0.0000
2004,11,10,19,0,4,0,0,0,6.2,0.0000,0.0000
2004,11,10,19,30,4,0,0,0,6,0.0000,0.0000
2004,11,10,20,0,4,0,0,0,5.800000000000001,0.0000,0.0000
2004,11,10,20,30,4,0,0,0,5.800000000000001,0.0000,0.0000
2004,11,10,21,0,4,0,0,0,5.800000000000001,0.0000,0.0000
2004,11,10,21,30,3.9000000000000004,0,0,0,6,0.0000,0.0000
2004,11,10,22,0,3.8000000000000003,0,0,0,6.1000000000000005,0.0000,0.0000
2004,11,10,22,30,3.5,0,0,0,6.2,0.0000,0.0000
2004,11,10,23,0,3.2,0,0,0,6.300000000000001,0.0000,0.0000
2004,11,10,23,30,2.8000000000000003,0,0,0,6.2,0.0000,0.0000
2004,11,11,0,0,2.5,0,0,0,6.2,0.0000,0.0000
2004,11,11,0,30,2.1,0,0,0,6.2,0.0000,0.0000
2004,11,11,1,0,1.8,0,0,0,6.2,0.0000,0.0000
2004,11,11,1,30,1.4000000000000001,0,0,0,6.2,0.0000,0.0000
2004,11,11,2,0,1,0,0,0,6.1000000000000005,0.0000,0.0000
2004,11,11,2,30,0.5,0,0,0,6,0.0000,0.0000
2004,11,11,3,0,-0.1,0,0,0,5.9,0.0000,0.0000
2004,11,11,3,30,-0.8,0,0,0,5.6000000000000005,0.0000,0.0000
2004,11,11,4,0,-1.5,0,0,0,5.4,0.0000,0.0000
2004,11,11,4,30,-2.2,0,0,0,5,0.0000,0.0000
2004,11,11,5,0,-2.8000000000000003,0,0,0,4.5,0.0000,0.0000
2004,11,11,5,30,-3.4000000000000004,0,0,0,4.2,0.0000,0.0000
2004,11,11,6,0,-4,0,0,0,3.8000000000000003,0.0000,0.0000
2004,11,11,6,30,-4.5,0,0,0,3.7,0.0000,0.0000
2004,11,11,7,0,-4.9,0,0,0,3.6,0.0000,0.0000
2004,11,11,7,30,-4.6000000000000005,16,389,33,4,0.0000,0.0000
2004,11,11,8,0,-4.3,30,638,110,4.3,0.0000,0.0000
2004,11,11,8,30,-3.2,115,144,144,4.5,0.9092,0.6949
2004,11,11,9,0,-2.2,45,853,280,4.7,3.9574,3.0480
2004,11,11,9,30,-1.1,198,199,266,4.7,1.8459,1.4298
2004,11,11,10,0,0,204,356,345,4.6000000000000005,2.6911,2.0921
2004,11,11,10,30,1,154,583,412,4.6000000000000005,1.9402,1.5119
2004,11,11,11,0,1.9000000000000001,160,579,436,4.5,5.9060,4.6092
2004,11,11,11,30,2.7,179,605,480,4.4,2.8140,2.1980
2004,11,11,12,0,3.5,58,1001,567,4.3,2.8255,2.2078
2004,11,11,12,30,4,58,1000,566,4.1000000000000005,0.8305,0.6490
2004,11,11,13,0,4.5,58,994,548,4,1.1016,0.8603
2004,11,11,13,30,4.7,56,982,516,3.8000000000000003,4.0342,3.1474
2004,11,11,14,0,5,54,964,470,3.7,1.6630,1.2953
2004,11,11,14,30,4.800000000000001,52,936,411,3.5,5.6097,4.3576
2004,11,11,15,0,4.7,48,896,340,3.4000000000000004,1.7795,1.3767
2004,11,11,15,30,3.9000000000000004,43,837,260,2.7,0.8820,0.6781
2004,11,11,16,0,3.2,37,747,175,2.1,0.6198,0.4728
2004,11,11,16,30,1.3,27,596,89,1.7000000000000002,0.0000,0.0000
2004,11,11,17,0,-0.6000000000000001,12,303,19,1.3,0.0000,0.0000
2004,11,11,17,30,-1,0,0,0,1.3,0.0000,0.0000
2004,11,11,18,0,-1.4000000000000001,0,0,0,1.3,0.0000,0.0000
2004,11,11,18,30,-1.6,0,0,0,1.3,0.0000,0.0000
2004,11,11,19,0,-1.8,0,0,0,1.3,0.0000,0.0000
2004,11,11,19,30,-2,0,0,0,1.4000000000000001,0.0000,0.0000
2004,11,11,20,0,-2.2,0,0,0,1.5,0.0000,0.0000
2004,11,11,20,30,-2.4000000000000004,0,0,0,1.5,0.0000,0.0000
2004,11,11,21,0,-2.6,0,0,0,1.6,0.0000,0.0000
2004,11,11,21,30,-2.9000000000000004,0,0,0,1.6,0.0000,0.0000
2004,11,11,22,0,-3.1,0,0,0,1.6,0.0000,0.0000
2004,11,11,22,30,-3.4000000000000004,0,0,0,1.5,0.0000,0.0000
2004,11,11,23,0,-3.6,0,0,0,1.4000000000000001,0.0000,0.0000
2004,11,11,23,30,-3.8000000000000003,0,0,0,1.3,0.0000,0.0000
2004,11,12,0,0,-4,0,0,0,1.2000000000000002,0.0000,0.0000
2004,11,12,0,30,-4.2,0,0,0,1.1,0.0000,0.0000
2004,11,12,1,0,-4.3,0,0,0,1,0.0000,0.0000
2004,11,12,1,30,-4.3,0,0,0,0.9,0.0000,0.0000
2004,11,12,2,0,-4.3,0,0,0,0.9,0.0000,0.0000
2004,11,12,2,30,-4.3,0,0,0,0.8,0.0000,0.0000
2004,11,12,3,0,-4.3,0,0,0,0.8,0.0000,0.0000
2004,11,12,3,30,-4.3,0,0,0,0.8,0.0000,0.0000
2004,11,12,4,0,-4.3,0,0,0,0.8,0.0000,0.0000
2004,11,12,4,30,-4.3,0,0,0,1,0.0000,0.0000
2004,11,12,5,0,-4.3,0,0,0,1.1,0.0000,0.0000
2004,11,12,5,30,-4.3,0,0,0,1.5,0.0000,0.0000
2004,11,12,6,0,-4.3,0,0,0,1.8,0.0000,0.0000
2004,11,12,6,30,-4.3,0,0,0,1.8,0.0000,0.0000
2004,11,12,7,0,-4.2,0,0,0,1.9000000000000001,0.0000,0.0000
2004,11,12,7,30,-3.8000000000000003,5,0,5,2,0.0000,0.0000
2004,11,12,8,0,-3.4000000000000004,39,3,39,2.1,0.0000,0.0000
2004,11,12,8,30,-2.5,87,20,91,1.9000000000000001,6.8842,5.2594
2004,11,12,9,0,-1.6,148,19,153,1.6,13.8203,10.6402
2004,11,12,9,30,0.1,159,9,162,2,13.6090,10.5378
2004,11,12,10,0,1.9000000000000001,236,100,275,2.4000000000000004,18.1689,14.1213
2004,11,12,10,30,3,247,39,264,2.6,22.1647,17.2686
2004,11,12,11,0,4.2,268,239,381,2.8000000000000003,23.8025,18.5727
2004,11,12,11,30,4.800000000000001,279,257,406,2.8000000000000003,26.4427,20.6512
2004,11,12,12,0,5.4,68,935,540,2.7,31.3644,24.5045
2004,11,12,12,30,5.9,68,934,538,2.7,31.2912,24.4460
2004,11,12,13,0,6.4,66,932,522,2.6,30.1368,23.5322
2004,11,12,13,30,6.6000000000000005,64,919,491,2.5,28.0834,21.9063
2004,11,12,14,0,6.9,245,203,332,2.4000000000000004,25.1701,19.6004
2004,11,12,14,30,6.7,57,872,389,2.3000000000000003,21.5087,16.7044
2004,11,12,15,0,6.6000000000000005,53,829,320,2.2,17.2519,13.3427
2004,11,12,15,30,5.6000000000000005,47,765,243,1.7000000000000002,12.7173,9.7738
2004,11,12,16,0,4.6000000000000005,39,668,161,1.1,8.3418,6.3621
2004,11,12,16,30,2.8000000000000003,28,509,80,1.2000000000000002,0.0000,0.0000
2004,11,12,17,0,1.1,11,224,16,1.2000000000000002,0.0000,0.0000
2004,11,12,17,30,0.5,0,0,0,1.3,0.0000,0.0000
2004,11,12,18,0,-0.2,0,0,0,1.3,0.0000,0.0000
2004,11,12,18,30,-0.6000000000000001,0,0,0,1.4000000000000001,0.0000,0.0000
2004,11,12,19,0,-1,0,0,0,1.4000000000000001,0.0000,0.0000
2004,11,12,19,30,-1.4000000000000001,0,0,0,1.4000000000000001,0.0000,0.0000
2004,11,12,20,0,-1.8,0,0,0,1.4000000000000001,0.0000,0.0000
2004,11,12,20,30,-2.1,0,0,0,1.4000000000000001,0.0000,0.0000
2004,11,12,21,0,-2.4000000000000004,0,0,0,1.4000000000000001,0.0000,0.0000
2004,11,12,21,30,-2.6,0,0,0,1.4000000000000001,0.0000,0.0000
2004,11,12,22,0,-2.9000000000000004,0,0,0,1.4000000000000001,0.0000,0.0000
2004,11,12,22,30,-3.1,0,0,0,1.5,0.0000,0.0000
2004,11,12,23,0,-3.4000000000000004,0,0,0,1.5,0.0000,0.0000
2004,11,12,23,30,-3.5,0,0,0,1.5,0.0000,0.0000
2004,11,13,0,0,-3.7,0,0,0,1.5,0.0000,0.0000
2004,11,13,0,30,-3.8000000000000003,0,0,0,1.5,0.0000,0.0000
2004,11,13,1,0,-4,0,0,0,1.5,0.0000,0.0000
2004,11,13,1,30,-4.1000000000000005,0,0,0,1.6,0.0000,0.0000
2004,11,13,2,0,-4.2,0,0,0,1.6,0.0000,0.0000
2004,11,13,2,30,-4.2,0,0,0,1.6,0.0000,0.0000
2004,11,13,3,0,-4.3,0,0,0,1.6,0.0000,0.0000
2004,11,13,3,30,-4.4,0,0,0,1.5,0.0000,0.0000
2004,11,13,4,0,-4.5,0,0,0,1.4000000000000001,0.0000,0.0000
2004,11,13,4,30,-4.5,0,0,0,1.3,0.0000,0.0000
2004,11,13,5,0,-4.5,0,0,0,1.3,0.0000,0.0000
2004,11,13,5,30,-4.5,0,0,0,1.2000000000000002,0.0000,0.0000
2004,11,13,6,0,-4.6000000000000005,0,0,0,1.1,0.0000,0.0000
2004,11,13,6,30,-4.5,0,0,0,1.1,0.0000,0.0000
2004,11,13,7,0,-4.5,0,0,0,1.1,0.0000,0.0000
2004,11,13,7,30,-3.2,15,290,25,1.7000000000000002,0.0000,0.0000
2004,11,13,8,0,-2,31,541,94,2.2,0.0000,0.0000
2004,11,13,8,30,-0.9,110,67,124,2.3000000000000003,4.3465,3.3194
2004,11,13,9,0,0.2,49,765,255,2.3000000000000003,7.5360,5.7997
2004,11,13,9,30,1.9000000000000001,55,825,329,2.7,8.2696,6.4013
2004,11,13,10,0,3.6,60,862,395,3,14.4524,11.2300
2004,11,13,10,30,5.1000000000000005,63,891,449,3.4000000000000004,14.1756,11.0420
2004,11,13,11,0,6.5,66,909,491,3.8000000000000003,20.7641,16.1991
2004,11,13,11,30,7.2,247,365,426,3.8000000000000003,22.3303,17.4368
2004,11,13,12,0,7.800000000000001,280,259,409,3.7,29.8246,23.2980
2004,11,13,12,30,8.200000000000001,271,291,416,3.7,29.6969,23.1970
2004,11,13,13,0,8.6,67,919,513,3.6,28.6620,22.3773
2004,11,13,13,30,8.8,235,333,388,3.5,26.6811,20.8091
2004,11,13,14,0,8.9,137,588,387,3.3000000000000003,17.7488,13.8186
2004,11,13,14,30,8.700000000000001,127,528,326,3.2,20.3188,15.7766
2004,11,13,15,0,8.5,153,251,233,3,16.2058,12.5300
2004,11,13,15,30,7.1000000000000005,114,359,204,2.2,11.8652,9.1156
2004,11,13,16,0,5.7,91,191,125,1.5,7.6737,5.8511
2004,11,13,16,30,4.4,55,76,63,1.5,0.0000,0.0000
2004,11,13,17,0,3,0,0,0,1.5,0.0000,0.0000
2004,11,13,17,30,2.8000000000000003,0,0,0,1.6,0.0000,0.0000
2004,11,13,18,0,2.6,0,0,0,1.7000000000000002,0.0000,0.0000
2004,11,13,18,30,2.4000000000000004,0,0,0,1.7000000000000002,0.0000,0.0000
2004,11,13,19,0,2.2,0,0,0,1.8,0.0000,0.0000
2004,11,13,19,30,1.9000000000000001,0,0,0,1.9000000000000001,0.0000,0.0000
2004,11,13,20,0,1.6,0,0,0,1.9000000000000001,0.0000,0.0000
2004,11,13,20,30,1.2000000000000002,0,0,0,2.1,0.0000,0.0000
2004,11,13,21,0,0.8,0,0,0,2.2,0.0000,0.0000
2004,11,13,21,30,0.4,0,0,0,2.2,0.0000,0.0000
2004,11,13,22,0,-0.1,0,0,0,2.3000000000000003,0.0000,0.0000
2004,11,13,22,30,-0.30000000000000004,0,0,0,2.3000000000000003,0.0000,0.0000
2004,11,13,23,0,-0.6000000000000001,0,0,0,2.3000000000000003,0.0000,0.0000
2004,11,13,23,30,-0.6000000000000001,0,0,0,2.2,0.0000,0.0000
2004,11,14,0,0,-0.7000000000000001,0,0,0,2.2,0.0000,0.0000
2004,11,14,0,30,-0.6000000000000001,0,0,0,2.2,0.0000,0.0000
2004,11,14,1,0,-0.5,0,0,0,2.2,0.0000,0.0000
2004,11,14,1,30,-0.4,0,0,0,2.2,0.0000,0.0000
2004,11,14,2,0,-0.4,0,0,0,2.2,0.0000,0.0000
2004,11,14,2,30,-0.4,0,0,0,2.2,0.0000,0.0000
2004,11,14,3,0,-0.4,0,0,0,2.2,0.0000,0.0000
2004,11,14,3,30,-0.5,0,0,0,2.1,0.0000,0.0000
2004,11,14,4,0,-0.6000000000000001,0,0,0,2.1,0.0000,0.0000
2004,11,14,4,30,-0.7000000000000001,0,0,0,2.1,0.0000,0.0000
2004,11,14,5,0,-0.8,0,0,0,2.1,0.0000,0.0000
2004,11,14,5,30,-0.9,0,0,0,2.2,0.0000,0.0000
2004,11,14,6,0,-1,0,0,0,2.2,0.0000,0.0000
2004,11,14,6,30,-0.9,0,0,0,2.4000000000000004,0.0000,0.0000
2004,11,14,7,0,-0.9,0,0,0,2.5,0.0000,0.0000
2004,11,14,7,30,-0.7000000000000001,6,0,6,2.8000000000000003,0.0000,0.0000
2004,11,14,8,0,-0.4,48,7,48,3,0.0000,0.0000
2004,11,14,8,30,0.1,50,2,50,3,5.9182,4.5179
2004,11,14,9,0,0.6000000000000001,92,10,95,2.9000000000000004,12.5327,9.6411
2004,11,14,9,30,1.5,165,174,222,3.1,16.7579,12.9679
2004,11,14,10,0,2.4000000000000004,203,108,245,3.2,20.7170,16.0939
2004,11,14,10,30,3.5,122,4,124,3.3000000000000003,24.0645,18.7411
2004,11,14,11,0,4.5,225,66,256,3.3000000000000003,26.7141,20.8375
2004,11,14,11,30,5.7,230,145,300,3.3000000000000003,23.3923,18.2631
2004,11,14,12,0,6.9,168,522,427,3.2,22.5539,17.6158
2004,11,14,12,30,7.7,183,533,447,3.2,22.9278,17.9069
2004,11,14,13,0,8.4,172,553,438,3.2,28.1250,21.9547
2004,11,14,13,30,8.8,246,33,261,3.3000000000000003,21.0493,16.4140
2004,11,14,14,0,9.200000000000001,166,3,167,3.3000000000000003,20.6542,16.0777
2004,11,14,14,30,9.1,158,5,160,3.4000000000000004,16.9970,13.1943
2004,11,14,15,0,9,122,2,123,3.6,11.7781,9.1041
2004,11,14,15,30,8.1,117,331,200,2.9000000000000004,9.9447,7.6376
2004,11,14,16,0,7.2,42,601,148,2.3000000000000003,5.9581,4.5420
2004,11,14,16,30,5.4,28,430,70,1.9000000000000001,0.0000,0.0000
2004,11,14,17,0,3.6,0,0,0,1.4000000000000001,0.0000,0.0000
2004,11,14,17,30,3.2,0,0,0,1.4000000000000001,0.0000,0.0000
2004,11,14,18,0,2.7,0,0,0,1.4000000000000001,0.0000,0.0000
2004,11,14,18,30,2.5,0,0,0,1.4000000000000001,0.0000,0.0000
2004,11,14,19,0,2.3000000000000003,0,0,0,1.4000000000000001,0.0000,0.0000
2004,11,14,19,30,2.2,0,0,0,1.5,0.0000,0.0000
2004,11,14,20,0,2.1,0,0,0,1.6,0.0000,0.0000
2004,11,14,20,30,2,0,0,0,1.7000000000000002,0.0000,0.0000
2004,11,14,21,0,2,0,0,0,1.9000000000000001,0.0000,0.0000
2004,11,14,21,30,1.9000000000000001,0,0,0,2,0.0000,0.0000
2004,11,14,22,0,1.8,0,0,0,2.2,0.0000,0.0000
2004,11,14,22,30,1.6,0,0,0,2.2,0.0000,0.0000
2004,11,14,23,0,1.3,0,0,0,2.2,0.0000,0.0000
2004,11,14,23,30,1.1,0,0,0,2.2,0.0000,0.0000
2004,11,15,0,0,1,0,0,0,2.3000000000000003,0.0000,0.0000
2004,11,15,0,30,0.8,0,0,0,2.3000000000000003,0.0000,0.0000
2004,11,15,1,0,0.7000000000000001,0,0,0,2.3000000000000003,0.0000,0.0000
2004,11,15,1,30,0.7000000000000001,0,0,0,2.4000000000000004,0.0000,0.0000
2004,11,15,2,0,0.7000000000000001,0,0,0,2.4000000000000004,0.0000,0.0000
2004,11,15,2,30,0.4,0,0,0,2.3000000000000003,0.0000,0.0000
2004,11,15,3,0,0.1,0,0,0,2.2,0.0000,0.0000
2004,11,15,3,30,0,0,0,0,2.2,0.0000,0.0000
2004,11,15,4,0,-0.1,0,0,0,2.2,0.0000,0.0000
2004,11,15,4,30,0.1,0,0,0,2.5,0.0000,0.0000
2004,11,15,5,0,0.30000000000000004,0,0,0,2.8000000000000003,0.0000,0.0000
2004,11,15,5,30,0.7000000000000001,0,0,0,3.1,0.0000,0.0000
2004,11,15,6,0,1,0,0,0,3.4000000000000004,0.0000,0.0000
2004,11,15,6,30,1.3,0,0,0,3.7,0.0000,0.0000
2004,11,15,7,0,1.5,0,0,0,3.9000000000000004,0.0000,0.0000
2004,11,15,7,30,2,5,0,5,4,0.0000,0.0000
2004,11,15,8,0,2.4000000000000004,52,3,52,4.1000000000000005,0.0000,0.0000
2004,11,15,8,30,3.1,104,55,115,4.2,2.3850,1.8201
2004,11,15,9,0,3.8000000000000003,58,674,234,4.3,4.6595,3.5830
2004,11,15,9,30,4.800000000000001,65,737,305,4.5,11.2831,8.7285
2004,11,15,10,0,5.9,69,786,368,4.7,12.8236,9.9594
2004,11,15,10,30,7,73,815,419,4.800000000000001,6.6339,5.1654
2004,11,15,11,0,8.1,74,843,461,4.9,13.9047,10.8441
2004,11,15,11,30,9.200000000000001,251,281,387,5,16.4474,12.8390
2004,11,15,12,0,10.4,242,344,412,5,23.5105,18.3602
2004,11,15,12,30,11.3,71,868,498,5.1000000000000005,24.6000,19.2102
2004,11,15,13,0,12.100000000000001,69,865,482,5.1000000000000005,23.9762,18.7133
2004,11,15,13,30,12.600000000000001,67,848,451,5,14.1378,11.0228
2004,11,15,14,0,13.100000000000001,64,826,409,5,8.8976,6.9248
2004,11,15,14,30,13.100000000000001,136,491,318,4.9,8.3274,6.4629
2004,11,15,15,0,13.100000000000001,175,83,201,4.7,6.2062,4.7958
2004,11,15,15,30,12.4,128,19,133,4.1000000000000005,9.7349,7.4740
2004,11,15,16,0,11.600000000000001,89,85,103,3.5,7.0556,5.3775
2004,11,15,16,30,10.3,38,6,38,3.1,0.0000,0.0000
2004,11,15,17,0,9,0,0,0,2.7,0.0000,0.0000
2004,11,15,17,30,8.8,0,0,0,3,0.0000,0.0000
2004,11,15,18,0,8.700000000000001,0,0,0,3.2,0.0000,0.0000
2004,11,15,18,30,8.4,0,0,0,3.2,0.0000,0.0000
2004,11,15,19,0,8.200000000000001,0,0,0,3.3000000000000003,0.0000,0.0000
2004,11,15,19,30,7.9,0,0,0,3.3000000000000003,0.0000,0.0000
2004,11,15,20,0,7.5,0,0,0,3.2,0.0000,0.0000
2004,11,15,20,30,7.4,0,0,0,3.3000000000000003,0.0000,0.0000
2004,11,15,21,0,7.2,0,0,0,3.3000000000000003,0.0000,0.0000
2004,11,15,21,30,7.1000000000000005,0,0,0,3.4000000000000004,0.0000,0.0000
2004,11,15,22,0,6.9,0,0,0,3.5,0.0000,0.0000
2004,11,15,22,30,6.9,0,0,0,3.6,0.0000,0.0000
2004,11,15,23,0,6.800000000000001,0,0,0,3.6,0.0000,0.0000
2004,11,15,23,30,6.9,0,0,0,3.7,0.0000,0.0000
2004,11,16,0,0,7,0,0,0,3.8000000000000003,0.0000,0.0000
2004,11,16,0,30,7,0,0,0,3.8000000000000003,0.0000,0.0000
2004,11,16,1,0,7,0,0,0,3.9000000000000004,0.0000,0.0000
2004,11,16,1,30,7,0,0,0,3.8000000000000003,0.0000,0.0000
2004,11,16,2,0,7,0,0,0,3.7,0.0000,0.0000
2004,11,16,2,30,7.1000000000000005,0,0,0,3.6,0.0000,0.0000
2004,11,16,3,0,7.1000000000000005,0,0,0,3.5,0.0000,0.0000
2004,11,16,3,30,7.2,0,0,0,3.5,0.0000,0.0000
2004,11,16,4,0,7.2,0,0,0,3.6,0.0000,0.0000
2004,11,16,4,30,7.300000000000001,0,0,0,3.7,0.0000,0.0000
2004,11,16,5,0,7.4,0,0,0,3.9000000000000004,0.0000,0.0000
2004,11,16,5,30,7.4,0,0,0,4.1000000000000005,0.0000,0.0000
2004,11,16,6,0,7.5,0,0,0,4.3,0.0000,0.0000
2004,11,16,6,30,7.5,0,0,0,4.3,0.0000,0.0000
2004,11,16,7,0,7.5,0,0,0,4.3,0.0000,0.0000
2004,11,16,7,30,7.9,2,0,2,4.5,0.0000,0.0000
2004,11,16,8,0,8.200000000000001,7,0,7,4.7,0.0000,0.0000
2004,11,16,8,30,8.8,86,5,87,5.2,5.4830,4.1829
2004,11,16,9,0,9.5,43,0,44,5.800000000000001,11.4536,8.8039
2004,11,16,9,30,10.4,67,0,67,6.1000000000000005,15.4675,11.9616
2004,11,16,10,0,11.4,135,2,136,6.4,19.2235,14.9263
2004,11,16,10,30,12.600000000000001,68,797,404,6.5,22.3752,17.4185
2004,11,16,11,0,13.8,68,824,443,6.7,24.9964,19.4908
2004,11,16,11,30,14.8,260,193,352,6.7,21.1844,16.5343
2004,11,16,12,0,15.8,67,854,485,6.7,22.6508,17.6863
2004,11,16,12,30,16.400000000000002,67,853,484,6.7,27.3657,21.3668
2004,11,16,13,0,17.1,67,849,469,6.7,26.3452,20.5593
2004,11,16,13,30,17.400000000000002,65,838,442,6.7,24.3903,19.0130
2004,11,16,14,0,17.7,64,814,400,6.6000000000000005,21.7570,16.9299
2004,11,16,14,30,17.7,60,781,346,6.300000000000001,16.5214,12.8194
2004,11,16,15,0,17.6,56,732,283,6,10.1230,7.8202
2004,11,16,15,30,16.8,102,300,175,5.1000000000000005,6.4635,4.9607
2004,11,16,16,0,16,91,44,98,4.2,0.0000,0.0000
2004,11,16,16,30,14.3,36,5,37,3.4000000000000004,0.0000,0.0000
2004,11,16,17,0,12.5,0,0,0,2.6,0.0000,0.0000
2004,11,16,17,30,12,0,0,0,2.6,0.0000,0.0000
2004,11,16,18,0,11.5,0,0,0,2.6,0.0000,0.0000
2004,11,16,18,30,11.200000000000001,0,0,0,2.6,0.0000,0.0000
2004,11,16,19,0,10.9,0,0,0,2.7,0.0000,0.0000
2004,11,16,19,30,10.600000000000001,0,0,0,2.7,0.0000,0.0000
2004,11,16,20,0,10.4,0,0,0,2.7,0.0000,0.0000
2004,11,16,20,30,10.100000000000001,0,0,0,2.7,0.0000,0.0000
2004,11,16,21,0,9.8,0,0,0,2.6,0.0000,0.0000
2004,11,16,21,30,9.600000000000001,0,0,0,2.7,0.0000,0.0000
2004,11,16,22,0,9.4,0,0,0,2.7,0.0000,0.0000
2004,11,16,22,30,9.200000000000001,0,0,0,2.8000000000000003,0.0000,0.0000
2004,11,16,23,0,9.1,0,0,0,2.8000000000000003,0.0000,0.0000
2004,11,16,23,30,9.1,0,0,0,2.9000000000000004,0.0000,0.0000
2004,11,17,0,0,9.1,0,0,0,3,0.0000,0.0000
2004,11,17,0,30,9,0,0,0,2.9000000000000004,0.0000,0.0000
2004,11,17,1,0,8.9,0,0,0,2.8000000000000003,0.0000,0.0000
2004,11,17,1,30,8.700000000000001,0,0,0,2.6,0.0000,0.0000
2004,11,17,2,0,8.5,0,0,0,2.5,0.0000,0.0000
2004,11,17,2,30,8.4,0,0,0,2.3000000000000003,0.0000,0.0000
2004,11,17,3,0,8.3,0,0,0,2.2,0.0000,0.0000
2004,11,17,3,30,8.3,0,0,0,2.1,0.0000,0.0000
2004,11,17,4,0,8.3,0,0,0,2.1,0.0000,0.0000
2004,11,17,4,30,8.3,0,0,0,2,0.0000,0.0000
2004,11,17,5,0,8.3,0,0,0,1.9000000000000001,0.0000,0.0000
2004,11,17,5,30,8.4,0,0,0,1.9000000000000001,0.0000,0.0000
2004,11,17,6,0,8.5,0,0,0,1.9000000000000001,0.0000,0.0000
2004,11,17,6,30,8.5,0,0,0,1.8,0.0000,0.0000
2004,11,17,7,0,8.5,0,0,0,1.8,0.0000,0.0000
2004,11,17,7,30,9.200000000000001,3,0,3,2.1,0.0000,0.0000
2004,11,17,8,0,10,29,391,69,2.4000000000000004,0.0000,0.0000
2004,11,17,8,30,10.9,16,0,16,2.6,4.1470,3.1627
2004,11,17,9,0,11.8,52,636,213,2.7,2.1494,1.6514
2004,11,17,9,30,13.100000000000001,167,31,176,2.9000000000000004,3.3903,2.6210
2004,11,17,10,0,14.3,196,35,209,3,7.0896,5.5034
2004,11,17,10,30,15.3,148,2,148,3.1,21.5344,16.7605
2004,11,17,11,0,16.2,49,0,49,3.3000000000000003,23.9803,18.6953
2004,11,17,11,30,16.7,96,1,96,3.1,19.2373,15.0122
2004,11,17,12,0,17.1,14,0,14,3,26.6240,20.7856
2004,11,17,12,30,17.3,20,0,20,2.9000000000000004,26.5562,20.7317
2004,11,17,13,0,17.5,106,0,106,2.8000000000000003,25.5959,19.9715
2004,11,17,13,30,17.5,185,8,189,2.6,23.8678,18.6028
2004,11,17,14,0,17.5,187,145,247,2.4000000000000004,21.2429,16.5267
2004,11,17,14,30,17.2,155,40,170,1.9000000000000001,17.9456,13.9214
2004,11,17,15,0,16.900000000000002,97,8,99,1.5,14.2289,10.9893
2004,11,17,15,30,16.1,97,15,100,1.1,8.4929,6.5161
2004,11,17,16,0,15.4,12,0,12,0.7000000000000001,0.0000,0.0000
2004,11,17,16,30,14.9,19,0,19,0.7000000000000001,0.0000,0.0000
2004,11,17,17,0,14.3,0,0,0,0.7000000000000001,0.0000,0.0000
2004,11,17,17,30,14,0,0,0,0.8,0.0000,0.0000
2004,11,17,18,0,13.600000000000001,0,0,0,0.8,0.0000,0.0000
2004,11,17,18,30,13.100000000000001,0,0,0,0.9,0.0000,0.0000
2004,11,17,19,0,12.700000000000001,0,0,0,1,0.0000,0.0000
2004,11,17,19,30,12.4,0,0,0,1.2000000000000002,0.0000,0.0000
2004,11,17,20,0,12.100000000000001,0,0,0,1.4000000000000001,0.0000,0.0000
2004,11,17,20,30,11.9,0,0,0,1.8,0.0000,0.0000
2004,11,17,21,0,11.600000000000001,0,0,0,2.1,0.0000,0.0000
2004,11,17,21,30,11.4,0,0,0,2.4000000000000004,0.0000,0.0000
2004,11,17,22,0,11.100000000000001,0,0,0,2.8000000000000003,0.0000,0.0000
2004,11,17,22,30,10.700000000000001,0,0,0,3,0.0000,0.0000
2004,11,17,23,0,10.3,0,0,0,3.2,0.0000,0.0000
2004,11,17,23,30,9.9,0,0,0,3.4000000000000004,0.0000,0.0000
2004,11,18,0,0,9.5,0,0,0,3.6,0.0000,0.0000
2004,11,18,0,30,9.200000000000001,0,0,0,3.7,0.0000,0.0000
2004,11,18,1,0,8.9,0,0,0,3.8000000000000003,0.0000,0.0000
2004,11,18,1,30,8.700000000000001,0,0,0,3.8000000000000003,0.0000,0.0000
2004,11,18,2,0,8.5,0,0,0,3.7,0.0000,0.0000
2004,11,18,2,30,8.3,0,0,0,3.7,0.0000,0.0000
2004,11,18,3,0,8.1,0,0,0,3.6,0.0000,0.0000
2004,11,18,3,30,8,0,0,0,3.5,0.0000,0.0000
2004,11,18,4,0,7.800000000000001,0,0,0,3.5,0.0000,0.0000
2004,11,18,4,30,7.7,0,0,0,3.6,0.0000,0.0000
2004,11,18,5,0,7.6000000000000005,0,0,0,3.8000000000000003,0.0000,0.0000
2004,11,18,5,30,7.4,0,0,0,4,0.0000,0.0000
2004,11,18,6,0,7.300000000000001,0,0,0,4.2,0.0000,0.0000
2004,11,18,6,30,7.1000000000000005,0,0,0,4.3,0.0000,0.0000
2004,11,18,7,0,7,0,0,0,4.4,0.0000,0.0000
2004,11,18,7,30,7,2,0,2,4.5,0.0000,0.0000
2004,11,18,8,0,7,15,0,15,4.5,0.0000,0.0000
2004,11,18,8,30,7.2,7,0,7,4.6000000000000005,0.7626,0.5814
2004,11,18,9,0,7.5,53,1,53,4.7,10.3843,7.9753
2004,11,18,9,30,7.800000000000001,17,0,17,4.7,8.8869,6.8681
2004,11,18,10,0,8.200000000000001,69,1,69,4.7,10.8731,8.4382
2004,11,18,10,30,8.5,71,1,71,4.6000000000000005,7.8747,6.1278
2004,11,18,11,0,8.8,37,0,37,4.6000000000000005,2.6480,2.0640
2004,11,18,11,30,9,98,1,99,4.6000000000000005,5.2386,4.0874
2004,11,18,12,0,9.1,67,0,67,4.5,0.7674,0.5990
2004,11,18,12,30,9.1,104,1,105,4.5,1.0957,0.8553
2004,11,18,13,0,9.1,100,1,100,4.5,5.7765,4.5065
2004,11,18,13,30,9,70,0,70,4.6000000000000005,10.1905,7.9413
2004,11,18,14,0,8.8,129,8,132,4.7,13.0975,10.1879
2004,11,18,14,30,8.6,34,0,34,4.6000000000000005,8.8029,6.8274
2004,11,18,15,0,8.4,20,0,20,4.5,4.9693,3.8369
2004,11,18,15,30,8.200000000000001,48,1,48,4.4,4.8465,3.7173
2004,11,18,16,0,7.9,35,1,36,4.3,0.0000,0.0000
2004,11,18,16,30,7.6000000000000005,11,0,11,4.3,0.0000,0.0000
2004,11,18,17,0,7.300000000000001,0,0,0,4.4,0.0000,0.0000
2004,11,18,17,30,7.1000000000000005,0,0,0,4.4,0.0000,0.0000
2004,11,18,18,0,6.9,0,0,0,4.4,0.0000,0.0000
2004,11,18,18,30,6.7,0,0,0,4.4,0.0000,0.0000
2004,11,18,19,0,6.6000000000000005,0,0,0,4.4,0.0000,0.0000
2004,11,18,19,30,6.4,0,0,0,4.4,0.0000,0.0000
2004,11,18,20,0,6.300000000000001,0,0,0,4.4,0.0000,0.0000
2004,11,18,20,30,6.2,0,0,0,4.4,0.0000,0.0000
2004,11,18,21,0,6.1000000000000005,0,0,0,4.4,0.0000,0.0000
2004,11,18,21,30,6.1000000000000005,0,0,0,4.4,0.0000,0.0000
2004,11,18,22,0,6,0,0,0,4.3,0.0000,0.0000
2004,11,18,22,30,6,0,0,0,4.1000000000000005,0.0000,0.0000
2004,11,18,23,0,6,0,0,0,3.9000000000000004,0.0000,0.0000
2004,11,18,23,30,6,0,0,0,3.7,0.0000,0.0000
2004,11,19,0,0,6.1000000000000005,0,0,0,3.4000000000000004,0.0000,0.0000
2004,11,19,0,30,6.1000000000000005,0,0,0,3.1,0.0000,0.0000
2004,11,19,1,0,6.1000000000000005,0,0,0,2.9000000000000004,0.0000,0.0000
2004,11,19,1,30,6.1000000000000005,0,0,0,2.7,0.0000,0.0000
2004,11,19,2,0,6.1000000000000005,0,0,0,2.5,0.0000,0.0000
2004,11,19,2,30,6.1000000000000005,0,0,0,2.2,0.0000,0.0000
2004,11,19,3,0,6.2,0,0,0,2,0.0000,0.0000
2004,11,19,3,30,6.2,0,0,0,1.6,0.0000,0.0000
2004,11,19,4,0,6.300000000000001,0,0,0,1.3,0.0000,0.0000
2004,11,19,4,30,6.2,0,0,0,1.3,0.0000,0.0000
2004,11,19,5,0,6.2,0,0,0,1.4000000000000001,0.0000,0.0000
2004,11,19,5,30,6.1000000000000005,0,0,0,1.8,0.0000,0.0000
2004,11,19,6,0,5.9,0,0,0,2.2,0.0000,0.0000
2004,11,19,6,30,5.7,0,0,0,2.5,0.0000,0.0000
2004,11,19,7,0,5.4,0,0,0,2.8000000000000003,0.0000,0.0000
2004,11,19,7,30,5.4,0,0,0,3.1,0.0000,0.0000
2004,11,19,8,0,5.300000000000001,7,0,7,3.4000000000000004,0.0000,0.0000
2004,11,19,8,30,5.6000000000000005,12,0,12,3.6,0.3337,0.2543
2004,11,19,9,0,5.9,35,0,35,3.7,2.5791,1.9800
2004,11,19,9,30,6.5,23,0,23,3.8000000000000003,0.8566,0.6618
2004,11,19,10,0,7.1000000000000005,75,0,75,3.8000000000000003,3.5827,2.7797
2004,11,19,10,30,7.800000000000001,48,0,48,4,3.7709,2.9337
2004,11,19,11,0,8.5,79,0,79,4.1000000000000005,1.9962,1.5557
2004,11,19,11,30,9,90,0,90,4.2,5.3940,4.2080
2004,11,19,12,0,9.600000000000001,95,0,95,4.4,3.6671,2.8621
2004,11,19,12,30,10,116,0,116,4.4,5.7445,4.4833
2004,11,19,13,0,10.4,109,0,109,4.5,5.4418,4.2448
2004,11,19,13,30,10.5,105,0,105,4.5,3.7687,2.9365
2004,11,19,14,0,10.600000000000001,139,1,140,4.6000000000000005,6.9887,5.4352
2004,11,19,14,30,10.4,163,10,167,4.5,1.7578,1.3631
2004,11,19,15,0,10.200000000000001,70,0,70,4.5,1.0022,0.7736
2004,11,19,15,30,9.5,11,0,11,4.2,2.3234,1.7815
2004,11,19,16,0,8.8,14,0,14,3.8000000000000003,0.0000,0.0000
2004,11,19,16,30,7.800000000000001,11,0,11,3.3000000000000003,0.0000,0.0000
2004,11,19,17,0,6.7,0,0,0,2.8000000000000003,0.0000,0.0000
2004,11,19,17,30,6.1000000000000005,0,0,0,2.8000000000000003,0.0000,0.0000
2004,11,19,18,0,5.5,0,0,0,2.8000000000000003,0.0000,0.0000
2004,11,19,18,30,5.2,0,0,0,2.9000000000000004,0.0000,0.0000
2004,11,19,19,0,4.9,0,0,0,3,0.0000,0.0000
2004,11,19,19,30,4.7,0,0,0,3.1,0.0000,0.0000
2004,11,19,20,0,4.6000000000000005,0,0,0,3.2,0.0000,0.0000
2004,11,19,20,30,4.5,0,0,0,3.1,0.0000,0.0000
2004,11,19,21,0,4.3,0,0,0,2.9000000000000004,0.0000,0.0000
2004,11,19,21,30,4,0,0,0,2.7,0.0000,0.0000
2004,11,19,22,0,3.7,0,0,0,2.4000000000000004,0.0000,0.0000
2004,11,19,22,30,3.3000000000000003,0,0,0,2.3000000000000003,0.0000,0.0000
2004,11,19,23,0,3,0,0,0,2.2,0.0000,0.0000
2004,11,19,23,30,2.9000000000000004,0,0,0,2.4000000000000004,0.0000,0.0000
2004,11,20,0,0,2.7,0,0,0,2.6,0.0000,0.0000
2004,11,20,0,30,2.9000000000000004,0,0,0,3,0.0000,0.0000
2004,11,20,1,0,3,0,0,0,3.4000000000000004,0.0000,0.0000
2004,11,20,1,30,3.1,0,0,0,3.6,0.0000,0.0000
2004,11,20,2,0,3.1,0,0,0,3.8000000000000003,0.0000,0.0000
2004,11,20,2,30,2.8000000000000003,0,0,0,3.8000000000000003,0.0000,0.0000
2004,11,20,3,0,2.5,0,0,0,3.7,0.0000,0.0000
2004,11,20,3,30,2.1,0,0,0,3.9000000000000004,0.0000,0.0000
2004,11,20,4,0,1.8,0,0,0,4,0.0000,0.0000
2004,11,20,4,30,1.4000000000000001,0,0,0,4,0.0000,0.0000
2004,11,20,5,0,0.9,0,0,0,4,0.0000,0.0000
2004,11,20,5,30,0.5,0,0,0,3.9000000000000004,0.0000,0.0000
2004,11,20,6,0,0,0,0,0,3.8000000000000003,0.0000,0.0000
2004,11,20,6,30,-0.4,0,0,0,3.6,0.0000,0.0000
2004,11,20,7,0,-0.8,0,0,0,3.4000000000000004,0.0000,0.0000
2004,11,20,7,30,-0.5,0,0,0,3.7,0.0000,0.0000
2004,11,20,8,0,-0.1,27,459,69,4.1000000000000005,0.0000,0.0000
2004,11,20,8,30,0.9,39,626,146,4.3,0.5722,0.4360
2004,11,20,9,0,1.9000000000000001,48,725,223,4.5,1.7001,1.3047
2004,11,20,9,30,3.1,54,792,297,5.1000000000000005,1.1565,0.8932
2004,11,20,10,0,4.2,153,385,292,5.7,3.8866,3.0147
2004,11,20,10,30,4.9,242,78,273,5.6000000000000005,2.5447,1.9793
2004,11,20,11,0,5.5,260,158,330,5.6000000000000005,4.2554,3.3158
2004,11,20,11,30,6,274,69,306,5.5,4.8961,3.8190
2004,11,20,12,0,6.4,270,48,293,5.4,5.1919,4.0516
2004,11,20,12,30,6.6000000000000005,269,230,378,5.300000000000001,6.3376,4.9455
2004,11,20,13,0,6.9,276,139,340,5.2,5.9231,4.6195
2004,11,20,13,30,6.9,225,327,368,5.1000000000000005,5.6448,4.3976
2004,11,20,14,0,6.800000000000001,229,190,306,5.1000000000000005,7.4008,5.7546
2004,11,20,14,30,6.5,206,146,258,4.9,8.6199,6.6827
2004,11,20,15,0,6.2,65,720,280,4.7,3.5025,2.7030
2004,11,20,15,30,5.5,127,154,163,4.1000000000000005,0.5318,0.4077
2004,11,20,16,0,4.800000000000001,87,98,103,3.4000000000000004,0.0000,0.0000
2004,11,20,16,30,3.6,33,3,33,2.6,0.0000,0.0000
2004,11,20,17,0,2.5,0,0,0,1.9000000000000001,0.0000,0.0000
2004,11,20,17,30,2.2,0,0,0,2,0.0000,0.0000
2004,11,20,18,0,2,0,0,0,2.1,0.0000,0.0000
2004,11,20,18,30,1.6,0,0,0,2,0.0000,0.0000
2004,11,20,19,0,1.2000000000000002,0,0,0,1.9000000000000001,0.0000,0.0000
2004,11,20,19,30,0.7000000000000001,0,0,0,1.8,0.0000,0.0000
2004,11,20,20,0,0.2,0,0,0,1.8,0.0000,0.0000
2004,11,20,20,30,-0.30000000000000004,0,0,0,1.8,0.0000,0.0000
2004,11,20,21,0,-0.8,0,0,0,1.8,0.0000,0.0000
2004,11,20,21,30,-1.2000000000000002,0,0,0,1.6,0.0000,0.0000
2004,11,20,22,0,-1.6,0,0,0,1.5,0.0000,0.0000
2004,11,20,22,30,-1.4000000000000001,0,0,0,1.5,0.0000,0.0000
2004,11,20,23,0,-1.3,0,0,0,1.6,0.0000,0.0000
2004,11,20,23,30,-1.1,0,0,0,1.6,0.0000,0.0000
2004,11,21,0,0,-0.9,0,0,0,1.6,0.0000,0.0000
2004,11,21,0,30,-0.8,0,0,0,1.5,0.0000,0.0000
2004,11,21,1,0,-0.7000000000000001,0,0,0,1.4000000000000001,0.0000,0.0000
2004,11,21,1,30,-0.7000000000000001,0,0,0,1.2000000000000002,0.0000,0.0000
2004,11,21,2,0,-0.8,0,0,0,1.1,0.0000,0.0000
2004,11,21,2,30,-0.8,0,0,0,1,0.0000,0.0000
2004,11,21,3,0,-0.9,0,0,0,1,0.0000,0.0000
2004,11,21,3,30,-1.1,0,0,0,1,0.0000,0.0000
2004,11,21,4,0,-1.3,0,0,0,1,0.0000,0.0000
2004,11,21,4,30,-1.5,0,0,0,1,0.0000,0.0000
2004,11,21,5,0,-1.6,0,0,0,1.1,0.0000,0.0000
2004,11,21,5,30,-1.5,0,0,0,1,0.0000,0.0000
2004,11,21,6,0,-1.5,0,0,0,1,0.0000,0.0000
2004,11,21,6,30,-1.6,0,0,0,0.9,0.0000,0.0000
2004,11,21,7,0,-1.8,0,0,0,0.9,0.0000,0.0000
2004,11,21,7,30,-1.2000000000000002,0,0,0,0.9,0.0000,0.0000
2004,11,21,8,0,-0.5,19,0,19,1,0.0000,0.0000
2004,11,21,8,30,0.2,49,2,49,0.9,0.0000,0.0000
2004,11,21,9,0,0.9,112,24,118,0.9,10.8137,8.2952
2004,11,21,9,30,2.3000000000000003,160,120,196,0.9,14.9037,11.5069
2004,11,21,10,0,3.6,189,191,258,1,15.1020,11.7111
2004,11,21,10,30,4.5,238,75,268,1.1,14.4472,11.2352
2004,11,21,11,0,5.4,201,269,319,1.3,17.7471,13.8263
2004,11,21,11,30,5.9,219,119,274,1.3,16.6216,12.9630
2004,11,21,12,0,6.300000000000001,212,45,233,1.3,15.9906,12.4769
2004,11,21,12,30,6.6000000000000005,234,105,284,1.3,20.6230,16.0908
2004,11,21,13,0,6.9,174,19,183,1.3,18.4502,14.3876
2004,11,21,13,30,7,183,6,186,1.4000000000000001,19.7557,15.3882
2004,11,21,14,0,7,191,146,250,1.5,16.1532,12.5583
2004,11,21,14,30,6.9,139,26,148,1.6,13.2972,10.3068
2004,11,21,15,0,6.800000000000001,106,12,109,1.7000000000000002,13.9892,10.7931
2004,11,21,15,30,6.1000000000000005,53,1,54,1.3,7.8721,6.0328
2004,11,21,16,0,5.4,35,1,35,0.9,0.0000,0.0000
2004,11,21,16,30,4.4,20,0,20,0.9,0.0000,0.0000
2004,11,21,17,0,3.5,0,0,0,0.9,0.0000,0.0000
2004,11,21,17,30,3.2,0,0,0,1,0.0000,0.0000
2004,11,21,18,0,2.8000000000000003,0,0,0,1,0.0000,0.0000
2004,11,21,18,30,2.6,0,0,0,1.1,0.0000,0.0000
2004,11,21,19,0,2.4000000000000004,0,0,0,1.2000000000000002,0.0000,0.0000
2004,11,21,19,30,2.1,0,0,0,1.2000000000000002,0.0000,0.0000
2004,11,21,20,0,1.8,0,0,0,1.3,0.0000,0.0000
2004,11,21,20,30,1.6,0,0,0,1.4000000000000001,0.0000,0.0000
2004,11,21,21,0,1.3,0,0,0,1.5,0.0000,0.0000
2004,11,21,21,30,1.1,0,0,0,1.7000000000000002,0.0000,0.0000
2004,11,21,22,0,1,0,0,0,1.8,0.0000,0.0000
2004,11,21,22,30,0.9,0,0,0,2,0.0000,0.0000
2004,11,21,23,0,0.8,0,0,0,2.3000000000000003,0.0000,0.0000
2004,11,21,23,30,0.8,0,0,0,2.5,0.0000,0.0000
2004,11,22,0,0,0.8,0,0,0,2.8000000000000003,0.0000,0.0000
2004,11,22,0,30,0.8,0,0,0,2.9000000000000004,0.0000,0.0000
2004,11,22,1,0,0.8,0,0,0,3,0.0000,0.0000
2004,11,22,1,30,0.7000000000000001,0,0,0,3,0.0000,0.0000
2004,11,22,2,0,0.7000000000000001,0,0,0,3,0.0000,0.0000
2004,11,22,2,30,0.6000000000000001,0,0,0,2.9000000000000004,0.0000,0.0000
2004,11,22,3,0,0.5,0,0,0,2.8000000000000003,0.0000,0.0000
2004,11,22,3,30,0.4,0,0,0,2.6,0.0000,0.0000
2004,11,22,4,0,0.2,0,0,0,2.4000000000000004,0.0000,0.0000
2004,11,22,4,30,-0.2,0,0,0,2.2,0.0000,0.0000
2004,11,22,5,0,-0.5,0,0,0,2,0.0000,0.0000
2004,11,22,5,30,-1,0,0,0,1.9000000000000001,0.0000,0.0000
2004,11,22,6,0,-1.4000000000000001,0,0,0,1.8,0.0000,0.0000
2004,11,22,6,30,-1.6,0,0,0,1.8,0.0000,0.0000
2004,11,22,7,0,-1.9000000000000001,0,0,0,1.9000000000000001,0.0000,0.0000
2004,11,22,7,30,-1,0,0,0,2.6,0.0000,0.0000
2004,11,22,8,0,-0.1,16,0,16,3.2,0.0000,0.0000
2004,11,22,8,30,1,42,585,137,3.5,0.0000,0.0000
2004,11,22,9,0,2,50,705,216,3.7,5.7126,4.3805
2004,11,22,9,30,3.5,57,776,288,4.1000000000000005,9.8153,7.5757
2004,11,22,10,0,5,210,106,248,4.4,13.3181,10.3251
2004,11,22,10,30,6.1000000000000005,234,156,297,4.7,14.1583,11.0084
2004,11,22,11,0,7.300000000000001,235,31,249,5,17.1276,13.3413
2004,11,22,11,30,8.200000000000001,233,346,391,5.300000000000001,14.8618,11.5888
2004,11,22,12,0,9.1,67,910,493,5.5,12.6983,9.9066
2004,11,22,12,30,9.700000000000001,67,910,492,5.5,15.4727,12.0707
2004,11,22,13,0,10.3,64,909,478,5.6000000000000005,9.9174,7.7326
2004,11,22,13,30,10.5,63,895,448,5.6000000000000005,9.9717,7.7661
2004,11,22,14,0,10.8,59,875,405,5.5,13.1784,10.2437
2004,11,22,14,30,10.700000000000001,56,843,350,5.2,7.6165,5.9024
2004,11,22,15,0,10.600000000000001,51,797,285,4.9,5.4377,4.1943
2004,11,22,15,30,9.5,45,726,210,3.9000000000000004,2.6053,1.9960
2004,11,22,16,0,8.3,36,619,132,2.9000000000000004,0.0000,0.0000
2004,11,22,16,30,6.7,23,438,57,2.7,0.0000,0.0000
2004,11,22,17,0,5.1000000000000005,0,0,0,2.4000000000000004,0.0000,0.0000
2004,11,22,17,30,4.9,0,0,0,2.8000000000000003,0.0000,0.0000
2004,11,22,18,0,4.7,0,0,0,3.1,0.0000,0.0000
2004,11,22,18,30,4.4,0,0,0,3.2,0.0000,0.0000
2004,11,22,19,0,4.1000000000000005,0,0,0,3.4000000000000004,0.0000,0.0000
2004,11,22,19,30,3.7,0,0,0,3.3000000000000003,0.0000,0.0000
2004,11,22,20,0,3.2,0,0,0,3.2,0.0000,0.0000
2004,11,22,20,30,2.8000000000000003,0,0,0,3,0.0000,0.0000
2004,11,22,21,0,2.4000000000000004,0,0,0,2.7,0.0000,0.0000
2004,11,22,21,30,2.2,0,0,0,2.6,0.0000,0.0000
2004,11,22,22,0,2,0,0,0,2.4000000000000004,0.0000,0.0000
2004,11,22,22,30,2,0,0,0,2.4000000000000004,0.0000,0.0000
2004,11,22,23,0,1.9000000000000001,0,0,0,2.3000000000000003,0.0000,0.0000
2004,11,22,23,30,1.9000000000000001,0,0,0,2.5,0.0000,0.0000
2004,11,23,0,0,1.8,0,0,0,2.7,0.0000,0.0000
2004,11,23,0,30,1.7000000000000002,0,0,0,3,0.0000,0.0000
2004,11,23,1,0,1.5,0,0,0,3.4000000000000004,0.0000,0.0000
2004,11,23,1,30,1.3,0,0,0,3.7,0.0000,0.0000
2004,11,23,2,0,1.2000000000000002,0,0,0,4.1000000000000005,0.0000,0.0000
2004,11,23,2,30,0.9,0,0,0,4.2,0.0000,0.0000
2004,11,23,3,0,0.6000000000000001,0,0,0,4.3,0.0000,0.0000
2004,11,23,3,30,0.2,0,0,0,4.2,0.0000,0.0000
2004,11,23,4,0,-0.2,0,0,0,4.2,0.0000,0.0000
2004,11,23,4,30,-0.5,0,0,0,4.2,0.0000,0.0000
2004,11,23,5,0,-0.9,0,0,0,4.1000000000000005,0.0000,0.0000
2004,11,23,5,30,-1.1,0,0,0,4.2,0.0000,0.0000
2004,11,23,6,0,-1.4000000000000001,0,0,0,4.2,0.0000,0.0000
2004,11,23,6,30,-1.6,0,0,0,4.2,0.0000,0.0000
2004,11,23,7,0,-1.9000000000000001,0,0,0,4.2,0.0000,0.0000
2004,11,23,7,30,-1.8,0,0,0,4.4,0.0000,0.0000
2004,11,23,8,0,-1.7000000000000002,24,449,61,4.6000000000000005,0.0000,0.0000
2004,11,23,8,30,-1.1,87,24,91,5,0.0000,0.0000
2004,11,23,9,0,-0.4,44,734,214,5.300000000000001,10.4403,8.0025
2004,11,23,9,30,0.30000000000000004,50,802,287,5.300000000000001,14.3929,11.1051
2004,11,23,10,0,1,178,295,281,5.300000000000001,12.7773,9.9033
2004,11,23,10,30,1.6,227,185,300,5.2,15.6633,12.1760
2004,11,23,11,0,2.2,244,212,335,5,13.3482,10.3957
2004,11,23,11,30,2.5,155,539,400,4.9,21.1768,16.5106
2004,11,23,12,0,2.9000000000000004,133,651,435,4.7,26.8299,20.9284
2004,11,23,12,30,3.1,201,376,375,4.7,26.7686,20.8800
2004,11,23,13,0,3.3000000000000003,144,570,401,4.6000000000000005,25.8696,20.1678
2004,11,23,13,30,3.2,221,225,317,4.5,23.9850,18.6770
2004,11,23,14,0,3.1,199,270,305,4.5,21.3185,16.5684
2004,11,23,14,30,2.9000000000000004,182,57,202,4.4,17.9865,13.9360
2004,11,23,15,0,2.6,128,379,238,4.4,14.1979,10.9488
2004,11,23,15,30,2,108,5,109,3.8000000000000003,10.1216,7.7526
2004,11,23,16,0,1.5,64,1,65,3.3000000000000003,0.0000,0.0000
2004,11,23,16,30,0.7000000000000001,31,3,31,2.8000000000000003,0.0000,0.0000
2004,11,23,17,0,0,0,0,0,2.4000000000000004,0.0000,0.0000
2004,11,23,17,30,-0.2,0,0,0,2.8000000000000003,0.0000,0.0000
2004,11,23,18,0,-0.4,0,0,0,3.2,0.0000,0.0000
2004,11,23,18,30,-0.6000000000000001,0,0,0,3.3000000000000003,0.0000,0.0000
2004,11,23,19,0,-0.9,0,0,0,3.5,0.0000,0.0000
2004,11,23,19,30,-1.1,0,0,0,3.5,0.0000,0.0000
2004,11,23,20,0,-1.4000000000000001,0,0,0,3.6,0.0000,0.0000
2004,11,23,20,30,-1.6,0,0,0,3.5,0.0000,0.0000
2004,11,23,21,0,-1.8,0,0,0,3.5,0.0000,0.0000
2004,11,23,21,30,-2,0,0,0,3.4000000000000004,0.0000,0.0000
2004,11,23,22,0,-2.1,0,0,0,3.4000000000000004,0.0000,0.0000
2004,11,23,22,30,-2.3000000000000003,0,0,0,3.4000000000000004,0.0000,0.0000
2004,11,23,23,0,-2.4000000000000004,0,0,0,3.4000000000000004,0.0000,0.0000
2004,11,23,23,30,-2.5,0,0,0,3.3000000000000003,0.0000,0.0000
2004,11,24,0,0,-2.5,0,0,0,3.2,0.0000,0.0000
2004,11,24,0,30,-2.5,0,0,0,3.1,0.0000,0.0000
2004,11,24,1,0,-2.5,0,0,0,3,0.0000,0.0000
2004,11,24,1,30,-2.5,0,0,0,3,0.0000,0.0000
2004,11,24,2,0,-2.5,0,0,0,3,0.0000,0.0000
2004,11,24,2,30,-2.7,0,0,0,2.9000000000000004,0.0000,0.0000
2004,11,24,3,0,-2.9000000000000004,0,0,0,2.9000000000000004,0.0000,0.0000
2004,11,24,3,30,-3.1,0,0,0,2.9000000000000004,0.0000,0.0000
2004,11,24,4,0,-3.2,0,0,0,3,0.0000,0.0000
2004,11,24,4,30,-3.3000000000000003,0,0,0,3.1,0.0000,0.0000
2004,11,24,5,0,-3.4000000000000004,0,0,0,3.1,0.0000,0.0000
2004,11,24,5,30,-3.8000000000000003,0,0,0,2.8000000000000003,0.0000,0.0000
2004,11,24,6,0,-4.2,0,0,0,2.4000000000000004,0.0000,0.0000
2004,11,24,6,30,-4.6000000000000005,0,0,0,2.2,0.0000,0.0000
2004,11,24,7,0,-5.1000000000000005,0,0,0,2,0.0000,0.0000
2004,11,24,7,30,-4.5,0,0,0,2.6,0.0000,0.0000
2004,11,24,8,0,-3.9000000000000004,23,468,60,3.1,0.0000,0.0000
2004,11,24,8,30,-2.8000000000000003,35,645,135,3.3000000000000003,0.0000,0.0000
2004,11,24,9,0,-1.7000000000000002,42,756,214,3.4000000000000004,10.3276,7.9131
2004,11,24,9,30,-0.6000000000000001,47,824,288,3.6,14.3149,11.0413
2004,11,24,10,0,0.4,51,881,356,3.8000000000000003,14.4508,11.1976
2004,11,24,10,30,1.1,53,912,411,3.9000000000000004,15.7940,12.2750
2004,11,24,11,0,1.8,56,933,454,3.9000000000000004,17.9300,13.9615
2004,11,24,11,30,2.3000000000000003,57,936,478,4,21.6322,16.8630
2004,11,24,12,0,2.8000000000000003,57,942,492,4,23.6411,18.4384
2004,11,24,12,30,3.2,57,942,492,3.9000000000000004,20.3763,15.8918
2004,11,24,13,0,3.5,186,644,475,3.8000000000000003,21.6745,16.8950
2004,11,24,13,30,3.5,56,921,448,3.8000000000000003,16.9494,13.1965
2004,11,24,14,0,3.6,54,900,405,3.7,16.0328,12.4584
2004,11,24,14,30,3.4000000000000004,51,868,350,3.5,10.3670,8.0309
2004,11,24,15,0,3.2,46,823,284,3.3000000000000003,11.8410,9.1293
2004,11,24,15,30,2.1,41,754,210,2.4000000000000004,5.2493,4.0198
2004,11,24,16,0,1,33,643,131,1.5,0.0000,0.0000
2004,11,24,16,30,-0.4,32,1,32,1.3,0.0000,0.0000
2004,11,24,17,0,-1.9000000000000001,0,0,0,1.2000000000000002,0.0000,0.0000
2004,11,24,17,30,-1.9000000000000001,0,0,0,1.2000000000000002,0.0000,0.0000
2004,11,24,18,0,-2,0,0,0,1.1,0.0000,0.0000
2004,11,24,18,30,-1.9000000000000001,0,0,0,1,0.0000,0.0000
2004,11,24,19,0,-1.9000000000000001,0,0,0,0.9,0.0000,0.0000
2004,11,24,19,30,-1.8,0,0,0,0.8,0.0000,0.0000
2004,11,24,20,0,-1.7000000000000002,0,0,0,0.7000000000000001,0.0000,0.0000
2004,11,24,20,30,-1.5,0,0,0,0.4,0.0000,0.0000
2004,11,24,21,0,-1.2000000000000002,0,0,0,0.2,0.0000,0.0000
2004,11,24,21,30,-1.4000000000000001,0,0,0,0.4,0.0000,0.0000
2004,11,24,22,0,-1.6,0,0,0,0.6000000000000001,0.0000,0.0000
2004,11,24,22,30,-2.2,0,0,0,0.8,0.0000,0.0000
2004,11,24,23,0,-2.8000000000000003,0,0,0,1,0.0000,0.0000
2004,11,24,23,30,-3.2,0,0,0,1,0.0000,0.0000
2004,11,25,0,0,-3.7,0,0,0,1.1,0.0000,0.0000
2004,11,25,0,30,-3.8000000000000003,0,0,0,1.2000000000000002,0.0000,0.0000
2004,11,25,1,0,-4,0,0,0,1.3,0.0000,0.0000
2004,11,25,1,30,-4,0,0,0,1.4000000000000001,0.0000,0.0000
2004,11,25,2,0,-3.9000000000000004,0,0,0,1.5,0.0000,0.0000
2004,11,25,2,30,-3.8000000000000003,0,0,0,1.6,0.0000,0.0000
2004,11,25,3,0,-3.7,0,0,0,1.8,0.0000,0.0000
2004,11,25,3,30,-3.4000000000000004,0,0,0,2.1,0.0000,0.0000
2004,11,25,4,0,-3.2,0,0,0,2.4000000000000004,0.0000,0.0000
2004,11,25,4,30,-3.1,0,0,0,2.6,0.0000,0.0000
2004,11,25,5,0,-3,0,0,0,2.8000000000000003,0.0000,0.0000
2004,11,25,5,30,-3.1,0,0,0,2.7,0.0000,0.0000
2004,11,25,6,0,-3.3000000000000003,0,0,0,2.6,0.0000,0.0000
2004,11,25,6,30,-3.4000000000000004,0,0,0,2.6,0.0000,0.0000
2004,11,25,7,0,-3.5,0,0,0,2.7,0.0000,0.0000
2004,11,25,7,30,-3.1,0,0,0,3.1,0.0000,0.0000
2004,11,25,8,0,-2.7,24,1,24,3.5,0.0000,0.0000
2004,11,25,8,30,-1.9000000000000001,53,5,54,3.5,0.0000,0.0000
2004,11,25,9,0,-1.1,110,8,112,3.5,10.3130,7.8989
2004,11,25,9,30,0,164,52,179,3.6,14.3380,11.0556
2004,11,25,10,0,1.1,161,360,285,3.8000000000000003,18.2738,14.1564
2004,11,25,10,30,2,219,170,285,3.8000000000000003,21.6014,16.7852
2004,11,25,11,0,2.9000000000000004,144,510,360,3.9000000000000004,24.2621,18.8889
2004,11,25,11,30,4,261,124,317,3.8000000000000003,25.8135,20.1195
2004,11,25,12,0,5.1000000000000005,131,686,445,3.8000000000000003,26.7038,20.8243
2004,11,25,12,30,6,214,396,395,3.6,26.7003,20.8213
2004,11,25,13,0,7,57,886,452,3.5,25.6410,19.9842
2004,11,25,13,30,7.6000000000000005,141,569,381,3.3000000000000003,23.9239,18.6241
2004,11,25,14,0,8.1,52,851,382,3,21.2621,16.5193
2004,11,25,14,30,8,49,819,329,2.4000000000000004,17.9387,13.8938
2004,11,25,15,0,7.9,106,400,220,1.7000000000000002,14.1126,10.8783
2004,11,25,15,30,6.300000000000001,110,172,148,1.5,10.1051,7.7365
2004,11,25,16,0,4.800000000000001,32,588,120,1.2000000000000002,0.0000,0.0000
2004,11,25,16,30,4.1000000000000005,21,405,50,1.3,0.0000,0.0000
2004,11,25,17,0,3.4000000000000004,0,0,0,1.5,0.0000,0.0000
2004,11,25,17,30,3.6,0,0,0,1.5,0.0000,0.0000
2004,11,25,18,0,3.7,0,0,0,1.5,0.0000,0.0000
2004,11,25,18,30,3.8000000000000003,0,0,0,1.5,0.0000,0.0000
2004,11,25,19,0,3.9000000000000004,0,0,0,1.6,0.0000,0.0000
2004,11,25,19,30,3.8000000000000003,0,0,0,1.7000000000000002,0.0000,0.0000
2004,11,25,20,0,3.8000000000000003,0,0,0,1.8,0.0000,0.0000
2004,11,25,20,30,3.9000000000000004,0,0,0,1.8,0.0000,0.0000
2004,11,25,21,0,3.9000000000000004,0,0,0,1.9000000000000001,0.0000,0.0000
2004,11,25,21,30,3.9000000000000004,0,0,0,1.9000000000000001,0.0000,0.0000
2004,11,25,22,0,4,0,0,0,2,0.0000,0.0000
2004,11,25,22,30,4,0,0,0,1.9000000000000001,0.0000,0.0000
2004,11,25,23,0,3.9000000000000004,0,0,0,1.9000000000000001,0.0000,0.0000
2004,11,25,23,30,3.9000000000000004,0,0,0,1.8,0.0000,0.0000
2004,11,26,0,0,3.9000000000000004,0,0,0,1.8,0.0000,0.0000
2004,11,26,0,30,4,0,0,0,1.7000000000000002,0.0000,0.0000
2004,11,26,1,0,4.1000000000000005,0,0,0,1.6,0.0000,0.0000
2004,11,26,1,30,4.1000000000000005,0,0,0,1.5,0.0000,0.0000
2004,11,26,2,0,4.1000000000000005,0,0,0,1.3,0.0000,0.0000
2004,11,26,2,30,4.3,0,0,0,1.2000000000000002,0.0000,0.0000
2004,11,26,3,0,4.5,0,0,0,1.1,0.0000,0.0000
2004,11,26,3,30,4.5,0,0,0,1,0.0000,0.0000
2004,11,26,4,0,4.5,0,0,0,0.8,0.0000,0.0000
2004,11,26,4,30,3.7,0,0,0,0.9,0.0000,0.0000
2004,11,26,5,0,3,0,0,0,1.1,0.0000,0.0000
2004,11,26,5,30,2.4000000000000004,0,0,0,1.1,0.0000,0.0000
2004,11,26,6,0,1.9000000000000001,0,0,0,1.2000000000000002,0.0000,0.0000
2004,11,26,6,30,1.8,0,0,0,1.3,0.0000,0.0000
2004,11,26,7,0,1.7000000000000002,0,0,0,1.4000000000000001,0.0000,0.0000
2004,11,26,7,30,2.2,0,0,0,1.6,0.0000,0.0000
2004,11,26,8,0,2.7,13,0,13,1.8,0.0000,0.0000
2004,11,26,8,30,3,64,2,64,2,0.0000,0.0000
2004,11,26,9,0,3.4000000000000004,103,29,109,2.1,5.3901,4.1268
2004,11,26,9,30,3.8000000000000003,160,45,173,2,8.8941,6.8557
2004,11,26,10,0,4.2,196,88,226,1.9000000000000001,14.6033,11.3101
2004,11,26,10,30,4.800000000000001,217,158,278,1.8,14.9550,11.6184
2004,11,26,11,0,5.5,243,135,300,1.6,19.2104,14.9536
2004,11,26,11,30,6,257,136,317,1.4000000000000001,17.0955,13.3226
2004,11,26,12,0,6.5,256,183,339,1.2000000000000002,24.1208,18.8075
2004,11,26,12,30,7,218,22,228,1.2000000000000002,21.4092,16.6930
2004,11,26,13,0,7.4,145,1,145,1.2000000000000002,24.3692,18.9905
2004,11,26,13,30,7.800000000000001,114,5,116,1.4000000000000001,20.3205,15.8168
2004,11,26,14,0,8.1,167,58,189,1.6,20.0303,15.5599
2004,11,26,14,30,8,104,7,106,1.5,16.8412,13.0416
2004,11,26,15,0,7.800000000000001,90,7,92,1.5,10.9191,8.4149
2004,11,26,15,30,7.1000000000000005,39,0,39,1.4000000000000001,7.1161,5.4469
2004,11,26,16,0,6.300000000000001,38,1,39,1.3,0.0000,0.0000
2004,11,26,16,30,5.800000000000001,10,0,10,1.5,0.0000,0.0000
2004,11,26,17,0,5.4,0,0,0,1.7000000000000002,0.0000,0.0000
2004,11,26,17,30,5.300000000000001,0,0,0,2.1,0.0000,0.0000
2004,11,26,18,0,5.2,0,0,0,2.6,0.0000,0.0000
2004,11,26,18,30,4.9,0,0,0,3.2,0.0000,0.0000
2004,11,26,19,0,4.6000000000000005,0,0,0,3.8000000000000003,0.0000,0.0000
2004,11,26,19,30,3.9000000000000004,0,0,0,4.4,0.0000,0.0000
2004,11,26,20,0,3.3000000000000003,0,0,0,4.9,0.0000,0.0000
2004,11,26,20,30,2.7,0,0,0,5.2,0.0000,0.0000
2004,11,26,21,0,2,0,0,0,5.6000000000000005,0.0000,0.0000
2004,11,26,21,30,1.6,0,0,0,5.800000000000001,0.0000,0.0000
2004,11,26,22,0,1.2000000000000002,0,0,0,6.1000000000000005,0.0000,0.0000
2004,11,26,22,30,1.2000000000000002,0,0,0,6.2,0.0000,0.0000
2004,11,26,23,0,1.1,0,0,0,6.4,0.0000,0.0000
2004,11,26,23,30,1.3,0,0,0,6.5,0.0000,0.0000
2004,11,27,0,0,1.4000000000000001,0,0,0,6.5,0.0000,0.0000
2004,11,27,0,30,1.4000000000000001,0,0,0,6.6000000000000005,0.0000,0.0000
2004,11,27,1,0,1.5,0,0,0,6.7,0.0000,0.0000
2004,11,27,1,30,1.4000000000000001,0,0,0,6.7,0.0000,0.0000
2004,11,27,2,0,1.3,0,0,0,6.6000000000000005,0.0000,0.0000
2004,11,27,2,30,1.2000000000000002,0,0,0,6.6000000000000005,0.0000,0.0000
2004,11,27,3,0,1,0,0,0,6.6000000000000005,0.0000,0.0000
2004,11,27,3,30,0.9,0,0,0,6.5,0.0000,0.0000
2004,11,27,4,0,0.7000000000000001,0,0,0,6.4,0.0000,0.0000
2004,11,27,4,30,0.5,0,0,0,6.300000000000001,0.0000,0.0000
2004,11,27,5,0,0.30000000000000004,0,0,0,6.2,0.0000,0.0000
2004,11,27,5,30,0,0,0,0,6,0.0000,0.0000
2004,11,27,6,0,-0.30000000000000004,0,0,0,5.9,0.0000,0.0000
2004,11,27,6,30,-0.8,0,0,0,5.800000000000001,0.0000,0.0000
2004,11,27,7,0,-1.2000000000000002,0,0,0,5.7,0.0000,0.0000
2004,11,27,7,30,-1.2000000000000002,0,0,0,5.9,0.0000,0.0000
2004,11,27,8,0,-1.3,14,0,14,6,0.0000,0.0000
2004,11,27,8,30,-0.7000000000000001,18,0,18,6.6000000000000005,0.0000,0.0000
2004,11,27,9,0,-0.1,113,9,115,7.1000000000000005,5.2389,4.0096
2004,11,27,9,30,0.4,108,2,108,7.5,8.5808,6.6121
2004,11,27,10,0,0.9,85,0,85,8,11.5594,8.9504
2004,11,27,10,30,1.3,127,1,128,8,14.5628,11.3113
2004,11,27,11,0,1.6,107,0,107,8.1,15.9849,12.4408
2004,11,27,11,30,1.9000000000000001,103,0,103,8.200000000000001,17.0730,13.3032
2004,11,27,12,0,2.2,212,12,217,8.200000000000001,18.3518,14.3074
2004,11,27,12,30,2.4000000000000004,188,3,189,8.1,12.3428,9.6227
2004,11,27,13,0,2.6,87,0,87,8,7.8083,6.0841
2004,11,27,13,30,2.8000000000000003,78,0,78,7.800000000000001,6.1795,4.8092
2004,11,27,14,0,2.9000000000000004,118,0,118,7.6000000000000005,9.8982,7.6879
2004,11,27,14,30,2.8000000000000003,200,53,218,7.2,5.4197,4.1963
2004,11,27,15,0,2.7,109,2,110,6.800000000000001,4.5611,3.5144
2004,11,27,15,30,2.1,44,727,203,5.9,1.8739,1.4340
2004,11,27,16,0,1.5,36,609,125,5.1000000000000005,0.0000,0.0000
2004,11,27,16,30,0.2,23,413,52,4.1000000000000005,0.0000,0.0000
2004,11,27,17,0,-1,0,0,0,3.1,0.0000,0.0000
2004,11,27,17,30,-1.7000000000000002,0,0,0,2.9000000000000004,0.0000,0.0000
2004,11,27,18,0,-2.3000000000000003,0,0,0,2.6,0.0000,0.0000
2004,11,27,18,30,-2.7,0,0,0,2.5,0.0000,0.0000
2004,11,27,19,0,-3.1,0,0,0,2.4000000000000004,0.0000,0.0000
2004,11,27,19,30,-3.4000000000000004,0,0,0,2.4000000000000004,0.0000,0.0000
2004,11,27,20,0,-3.7,0,0,0,2.4000000000000004,0.0000,0.0000
2004,11,27,20,30,-3.8000000000000003,0,0,0,2.3000000000000003,0.0000,0.0000
2004,11,27,21,0,-3.9000000000000004,0,0,0,2.3000000000000003,0.0000,0.0000
2004,11,27,21,30,-3.9000000000000004,0,0,0,2.3000000000000003,0.0000,0.0000
2004,11,27,22,0,-3.8000000000000003,0,0,0,2.3000000000000003,0.0000,0.0000
2004,11,27,22,30,-3.8000000000000003,0,0,0,2.2,0.0000,0.0000
2004,11,27,23,0,-3.8000000000000003,0,0,0,2.1,0.0000,0.0000
2004,11,27,23,30,-3.9000000000000004,0,0,0,1.9000000000000001,0.0000,0.0000
2004,11,28,0,0,-4,0,0,0,1.7000000000000002,0.0000,0.0000
2004,11,28,0,30,-4,0,0,0,1.6,0.0000,0.0000
2004,11,28,1,0,-4,0,0,0,1.5,0.0000,0.0000
2004,11,28,1,30,-4,0,0,0,1.4000000000000001,0.0000,0.0000
2004,11,28,2,0,-4,0,0,0,1.3,0.0000,0.0000
2004,11,28,2,30,-4.2,0,0,0,1.2000000000000002,0.0000,0.0000
2004,11,28,3,0,-4.3,0,0,0,1.1,0.0000,0.0000
2004,11,28,3,30,-4.2,0,0,0,1.1,0.0000,0.0000
2004,11,28,4,0,-4,0,0,0,1,0.0000,0.0000
2004,11,28,4,30,-3.9000000000000004,0,0,0,1,0.0000,0.0000
2004,11,28,5,0,-3.8000000000000003,0,0,0,1.1,0.0000,0.0000
2004,11,28,5,30,-3.6,0,0,0,1.5,0.0000,0.0000
2004,11,28,6,0,-3.4000000000000004,0,0,0,1.8,0.0000,0.0000
2004,11,28,6,30,-3.4000000000000004,0,0,0,2,0.0000,0.0000
2004,11,28,7,0,-3.4000000000000004,0,0,0,2.2,0.0000,0.0000
2004,11,28,7,30,-3.3000000000000003,0,0,0,2.1,0.0000,0.0000
2004,11,28,8,0,-3.2,17,0,17,2.1,0.0000,0.0000
2004,11,28,8,30,-2.9000000000000004,47,3,47,2,0.0000,0.0000
2004,11,28,9,0,-2.5,74,5,75,1.9000000000000001,5.5208,4.2239
2004,11,28,9,30,-1.8,97,8,99,2,5.3469,4.1188
2004,11,28,10,0,-1.1,133,18,139,2.1,4.3398,3.3594
2004,11,28,10,30,-0.30000000000000004,93,2,94,2.4000000000000004,6.6947,5.1990
2004,11,28,11,0,0.4,150,12,155,2.6,5.6928,4.4298
2004,11,28,11,30,0.9,135,6,138,2.7,5.5400,4.3161
2004,11,28,12,0,1.3,215,47,236,2.7,11.7331,9.1461
2004,11,28,12,30,1.3,115,3,117,2.8000000000000003,10.2191,7.9660
2004,11,28,13,0,1.4000000000000001,144,8,148,2.9000000000000004,4.6798,3.6460
2004,11,28,13,30,1.3,121,5,123,2.9000000000000004,4.1505,3.2298
2004,11,28,14,0,1.1,125,9,129,2.9000000000000004,6.1727,4.7937
2004,11,28,14,30,0.8,72,1,72,2.8000000000000003,11.1332,8.6185
2004,11,28,15,0,0.4,94,8,96,2.7,5.4479,4.1969
2004,11,28,15,30,-0.2,25,0,25,2.4000000000000004,9.7478,7.4584
2004,11,28,16,0,-0.9,38,2,38,2.2,0.0000,0.0000
2004,11,28,16,30,-1.3,22,1,22,2.3000000000000003,0.0000,0.0000
2004,11,28,17,0,-1.8,0,0,0,2.4000000000000004,0.0000,0.0000
2004,11,28,17,30,-1.9000000000000001,0,0,0,2.7,0.0000,0.0000
2004,11,28,18,0,-2,0,0,0,2.9000000000000004,0.0000,0.0000
2004,11,28,18,30,-2.1,0,0,0,3,0.0000,0.0000
2004,11,28,19,0,-2.2,0,0,0,3,0.0000,0.0000
2004,11,28,19,30,-2.4000000000000004,0,0,0,3,0.0000,0.0000
2004,11,28,20,0,-2.5,0,0,0,3,0.0000,0.0000
2004,11,28,20,30,-2.5,0,0,0,3.1,0.0000,0.0000
2004,11,28,21,0,-2.5,0,0,0,3.2,0.0000,0.0000
2004,11,28,21,30,-2.6,0,0,0,3.4000000000000004,0.0000,0.0000
2004,11,28,22,0,-2.6,0,0,0,3.5,0.0000,0.0000
2004,11,28,22,30,-2.6,0,0,0,3.6,0.0000,0.0000
2004,11,28,23,0,-2.7,0,0,0,3.6,0.0000,0.0000
2004,11,28,23,30,-2.6,0,0,0,3.7,0.0000,0.0000
2004,11,29,0,0,-2.6,0,0,0,3.8000000000000003,0.0000,0.0000
2004,11,29,0,30,-2.5,0,0,0,3.9000000000000004,0.0000,0.0000
2004,11,29,1,0,-2.5,0,0,0,3.9000000000000004,0.0000,0.0000
2004,11,29,1,30,-2.5,0,0,0,4,0.0000,0.0000
2004,11,29,2,0,-2.4000000000000004,0,0,0,4.1000000000000005,0.0000,0.0000
2004,11,29,2,30,-2.5,0,0,0,4.2,0.0000,0.0000
2004,11,29,3,0,-2.5,0,0,0,4.3,0.0000,0.0000
2004,11,29,3,30,-2.6,0,0,0,4.1000000000000005,0.0000,0.0000
2004,11,29,4,0,-2.7,0,0,0,3.9000000000000004,0.0000,0.0000
2004,11,29,4,30,-2.8000000000000003,0,0,0,3.9000000000000004,0.0000,0.0000
2004,11,29,5,0,-2.9000000000000004,0,0,0,3.9000000000000004,0.0000,0.0000
2004,11,29,5,30,-3,0,0,0,3.8000000000000003,0.0000,0.0000
2004,11,29,6,0,-3.2,0,0,0,3.7,0.0000,0.0000
2004,11,29,6,30,-3.5,0,0,0,3.4000000000000004,0.0000,0.0000
2004,11,29,7,0,-3.8000000000000003,0,0,0,3,0.0000,0.0000
2004,11,29,7,30,-3.7,0,0,0,2.9000000000000004,0.0000,0.0000
2004,11,29,8,0,-3.5,16,0,16,2.8000000000000003,0.0000,0.0000
2004,11,29,8,30,-2.9000000000000004,28,0,28,3,0.0000,0.0000
2004,11,29,9,0,-2.3000000000000003,24,0,24,3.2,3.5968,2.7509
2004,11,29,9,30,-1.5,15,0,15,3.6,4.8928,3.7678
2004,11,29,10,0,-0.7000000000000001,60,0,60,4,7.0846,5.4828
2004,11,29,10,30,-0.30000000000000004,84,0,84,4.2,4.9087,3.8113
2004,11,29,11,0,0.2,129,0,129,4.4,8.2354,6.4073
2004,11,29,11,30,0.4,67,0,67,4.5,7.4126,5.7742
2004,11,29,12,0,0.7000000000000001,194,0,194,4.6000000000000005,12.7447,9.9335
2004,11,29,12,30,0.8,259,7,262,4.7,6.3188,4.9250
2004,11,29,13,0,0.9,194,1,194,4.7,7.9520,6.1946
2004,11,29,13,30,0.9,189,1,189,4.7,6.5381,5.0871
2004,11,29,14,0,0.8,75,848,396,4.6000000000000005,6.7409,5.2343
2004,11,29,14,30,0.5,69,812,340,4.4,3.6730,2.8430
2004,11,29,15,0,0.2,62,763,275,4.1000000000000005,4.7497,3.6584
2004,11,29,15,30,-0.9,53,685,200,3.3000000000000003,1.1998,0.9179
2004,11,29,16,0,-2,41,567,122,2.4000000000000004,0.0000,0.0000
2004,11,29,16,30,-3.5,25,372,50,2,0.0000,0.0000
2004,11,29,17,0,-5,0,0,0,1.5,0.0000,0.0000
2004,11,29,17,30,-5.2,0,0,0,1.5,0.0000,0.0000
2004,11,29,18,0,-5.4,0,0,0,1.5,0.0000,0.0000
2004,11,29,18,30,-5.4,0,0,0,1.4000000000000001,0.0000,0.0000
2004,11,29,19,0,-5.5,0,0,0,1.4000000000000001,0.0000,0.0000
2004,11,29,19,30,-5.300000000000001,0,0,0,1.3,0.0000,0.0000
2004,11,29,20,0,-5.2,0,0,0,1.2000000000000002,0.0000,0.0000
2004,11,29,20,30,-5.2,0,0,0,1.2000000000000002,0.0000,0.0000
2004,11,29,21,0,-5.2,0,0,0,1.1,0.0000,0.0000
2004,11,29,21,30,-5.4,0,0,0,1.1,0.0000,0.0000
2004,11,29,22,0,-5.7,0,0,0,1.1,0.0000,0.0000
2004,11,29,22,30,-6,0,0,0,1.1,0.0000,0.0000
2004,11,29,23,0,-6.2,0,0,0,1.1,0.0000,0.0000
2004,11,29,23,30,-6.5,0,0,0,1.2000000000000002,0.0000,0.0000
2004,11,30,0,0,-6.7,0,0,0,1.2000000000000002,0.0000,0.0000
2004,11,30,0,30,-6.800000000000001,0,0,0,1.3,0.0000,0.0000
2004,11,30,1,0,-6.9,0,0,0,1.4000000000000001,0.0000,0.0000
2004,11,30,1,30,-6.9,0,0,0,1.4000000000000001,0.0000,0.0000
2004,11,30,2,0,-7,0,0,0,1.5,0.0000,0.0000
2004,11,30,2,30,-7,0,0,0,1.5,0.0000,0.0000
2004,11,30,3,0,-7,0,0,0,1.5,0.0000,0.0000
2004,11,30,3,30,-7.1000000000000005,0,0,0,1.5,0.0000,0.0000
2004,11,30,4,0,-7.1000000000000005,0,0,0,1.5,0.0000,0.0000
2004,11,30,4,30,-7.1000000000000005,0,0,0,1.5,0.0000,0.0000
2004,11,30,5,0,-7.1000000000000005,0,0,0,1.5,0.0000,0.0000
2004,11,30,5,30,-7.1000000000000005,0,0,0,1.6,0.0000,0.0000
2004,11,30,6,0,-7.2,0,0,0,1.6,0.0000,0.0000
2004,11,30,6,30,-7.2,0,0,0,1.7000000000000002,0.0000,0.0000
2004,11,30,7,0,-7.2,0,0,0,1.8,0.0000,0.0000
2004,11,30,7,30,-6.800000000000001,0,0,0,2.1,0.0000,0.0000
2004,11,30,8,0,-6.5,21,425,47,2.4000000000000004,0.0000,0.0000
2004,11,30,8,30,-5.4,36,631,122,2.3000000000000003,0.0000,0.0000
2004,11,30,9,0,-4.3,46,751,202,2.2,1.1498,0.8791
2004,11,30,9,30,-2.9000000000000004,53,826,279,2.3000000000000003,0.7401,0.5698
2004,11,30,10,0,-1.4000000000000001,60,875,346,2.3000000000000003,3.0531,2.3623
2004,11,30,10,30,-0.1,64,909,404,2.5,4.3796,3.3998
2004,11,30,11,0,1.3,67,933,448,2.7,6.8440,5.3240
2004,11,30,11,30,1.7000000000000002,69,947,479,2.9000000000000004,3.5945,2.7997
2004,11,30,12,0,2.2,73,948,495,3,10.4644,8.1551
2004,11,30,12,30,2.3000000000000003,73,948,496,3.2,14.1343,11.0153
2004,11,30,13,0,2.5,232,1,233,3.3000000000000003,10.4125,8.1103
2004,11,30,13,30,2.5,69,930,451,3.4000000000000004,10.0357,7.8076
2004,11,30,14,0,2.4000000000000004,67,906,408,3.4000000000000004,20.6708,16.0485
2004,11,30,14,30,2,62,873,352,3.1,17.3276,13.4098
2004,11,30,15,0,1.6,57,821,285,2.8000000000000003,13.5935,10.4684
2004,11,30,15,30,0.2,49,747,209,2.1,9.5935,7.3380
2004,11,30,16,0,-1.1,40,614,127,1.5,0.0000,0.0000
2004,11,30,16,30,-2.2,24,399,50,1.5,0.0000,0.0000
2004,11,30,17,0,-3.2,0,0,0,1.6,0.0000,0.0000
2004,11,30,17,30,-3.7,0,0,0,1.7000000000000002,0.0000,0.0000
2004,11,30,18,0,-4.2,0,0,0,1.8,0.0000,0.0000
2004,11,30,18,30,-4.4,0,0,0,2,0.0000,0.0000
2004,11,30,19,0,-4.7,0,0,0,2.1,0.0000,0.0000
2004,11,30,19,30,-4.800000000000001,0,0,0,2.3000000000000003,0.0000,0.0000
2004,11,30,20,0,-4.9,0,0,0,2.4000000000000004,0.0000,0.0000
2004,11,30,20,30,-5,0,0,0,2.5,0.0000,0.0000
2004,11,30,21,0,-5,0,0,0,2.7,0.0000,0.0000
2004,11,30,21,30,-5.1000000000000005,0,0,0,2.8000000000000003,0.0000,0.0000
2004,11,30,22,0,-5.1000000000000005,0,0,0,2.9000000000000004,0.0000,0.0000
2004,11,30,22,30,-5.1000000000000005,0,0,0,3,0.0000,0.0000
2004,11,30,23,0,-5.1000000000000005,0,0,0,3.1,0.0000,0.0000
2004,11,30,23,30,-5.1000000000000005,0,0,0,3.2,0.0000,0.0000
2004,12,1,0,0,-5.1000000000000005,0,0,0,3.3000000000000003,0.0000,0.0000
2004,12,1,0,30,-5,0,0,0,3.4000000000000004,0.0000,0.0000
2004,12,1,1,0,-5,0,0,0,3.5,0.0000,0.0000
2004,12,1,1,30,-5,0,0,0,3.5,0.0000,0.0000
2004,12,1,2,0,-5,0,0,0,3.5,0.0000,0.0000
2004,12,1,2,30,-5,0,0,0,3.5,0.0000,0.0000
2004,12,1,3,0,-5,0,0,0,3.5,0.0000,0.0000
2004,12,1,3,30,-5.1000000000000005,0,0,0,3.5,0.0000,0.0000
2004,12,1,4,0,-5.1000000000000005,0,0,0,3.4000000000000004,0.0000,0.0000
2004,12,1,4,30,-5.2,0,0,0,3.4000000000000004,0.0000,0.0000
2004,12,1,5,0,-5.2,0,0,0,3.3000000000000003,0.0000,0.0000
2004,12,1,5,30,-5.300000000000001,0,0,0,3.3000000000000003,0.0000,0.0000
2004,12,1,6,0,-5.4,0,0,0,3.2,0.0000,0.0000
2004,12,1,6,30,-5.6000000000000005,0,0,0,3.1,0.0000,0.0000
2004,12,1,7,0,-5.7,0,0,0,3.1,0.0000,0.0000
2004,12,1,7,30,-5.300000000000001,0,0,0,3.2,0.0000,0.0000
2004,12,1,8,0,-5,21,372,42,3.3000000000000003,0.0000,0.0000
2004,12,1,8,30,-3.9000000000000004,36,584,114,3.2,0.0000,0.0000
2004,12,1,9,0,-2.8000000000000003,47,710,193,3.1,9.6689,7.3903
2004,12,1,9,30,-1.6,55,780,265,2.9000000000000004,13.7434,10.5770
2004,12,1,10,0,-0.4,61,834,332,2.7,17.5757,13.5953
2004,12,1,10,30,0.9,66,869,388,2.4000000000000004,21.0321,16.3235
2004,12,1,11,0,2.2,69,893,431,2.2,23.7375,18.4627
2004,12,1,11,30,3,71,908,461,1.9000000000000001,25.6650,19.9869
2004,12,1,12,0,3.9000000000000004,71,919,477,1.6,26.6709,20.7827
2004,12,1,12,30,4.3,71,919,478,1.4000000000000001,26.7303,20.8295
2004,12,1,13,0,4.6000000000000005,71,903,461,1.2000000000000002,12.4923,9.7292
2004,12,1,13,30,4.7,134,3,135,1.1,23.9221,18.6086
2004,12,1,14,0,4.7,67,861,390,0.9,21.2759,16.5163
2004,12,1,14,30,4.3,62,827,336,0.7000000000000001,17.9213,13.8672
2004,12,1,15,0,3.9000000000000004,155,36,165,0.5,14.0762,10.8384
2004,12,1,15,30,3.4000000000000004,88,5,89,0.4,10.0207,7.6636
2004,12,1,16,0,2.8000000000000003,64,6,65,0.4,0.0000,0.0000
2004,12,1,16,30,2.5,29,2,30,0.30000000000000004,0.0000,0.0000
2004,12,1,17,0,2.1,0,0,0,0.2,0.0000,0.0000
2004,12,1,17,30,1.9000000000000001,0,0,0,0.2,0.0000,0.0000
2004,12,1,18,0,1.7000000000000002,0,0,0,0.2,0.0000,0.0000
2004,12,1,18,30,1.4000000000000001,0,0,0,0.30000000000000004,0.0000,0.0000
2004,12,1,19,0,1.2000000000000002,0,0,0,0.4,0.0000,0.0000
2004,12,1,19,30,0.9,0,0,0,0.5,0.0000,0.0000
2004,12,1,20,0,0.6000000000000001,0,0,0,0.6000000000000001,0.0000,0.0000
2004,12,1,20,30,0.2,0,0,0,0.7000000000000001,0.0000,0.0000
2004,12,1,21,0,-0.1,0,0,0,0.7000000000000001,0.0000,0.0000
2004,12,1,21,30,-0.5,0,0,0,0.8,0.0000,0.0000
2004,12,1,22,0,-0.8,0,0,0,0.8,0.0000,0.0000
2004,12,1,22,30,-1,0,0,0,0.9,0.0000,0.0000
2004,12,1,23,0,-1.3,0,0,0,0.9,0.0000,0.0000
2004,12,1,23,30,-1.5,0,0,0,0.9,0.0000,0.0000
2004,12,2,0,0,-1.6,0,0,0,0.9,0.0000,0.0000
2004,12,2,0,30,-1.8,0,0,0,0.9,0.0000,0.0000
2004,12,2,1,0,-1.9000000000000001,0,0,0,1,0.0000,0.0000
2004,12,2,1,30,-2.1,0,0,0,1,0.0000,0.0000
2004,12,2,2,0,-2.2,0,0,0,1.1,0.0000,0.0000
2004,12,2,2,30,-2.6,0,0,0,1.2000000000000002,0.0000,0.0000
2004,12,2,3,0,-2.9000000000000004,0,0,0,1.3,0.0000,0.0000
2004,12,2,3,30,-3.2,0,0,0,1.4000000000000001,0.0000,0.0000
2004,12,2,4,0,-3.6,0,0,0,1.5,0.0000,0.0000
2004,12,2,4,30,-3.7,0,0,0,1.7000000000000002,0.0000,0.0000
2004,12,2,5,0,-3.9000000000000004,0,0,0,1.8,0.0000,0.0000
2004,12,2,5,30,-3.9000000000000004,0,0,0,2.2,0.0000,0.0000
2004,12,2,6,0,-4,0,0,0,2.6,0.0000,0.0000
2004,12,2,6,30,-4,0,0,0,2.8000000000000003,0.0000,0.0000
2004,12,2,7,0,-4.1000000000000005,0,0,0,3,0.0000,0.0000
2004,12,2,7,30,-3.7,0,0,0,3.3000000000000003,0.0000,0.0000
2004,12,2,8,0,-3.3000000000000003,18,387,39,3.6,0.0000,0.0000
2004,12,2,8,30,-2.3000000000000003,32,592,109,3.7,0.0000,0.0000
2004,12,2,9,0,-1.3,42,710,186,3.8000000000000003,9.2303,7.0529
2004,12,2,9,30,-0.1,49,787,259,3.8000000000000003,13.0325,10.0268
2004,12,2,10,0,1.1,55,838,325,3.8000000000000003,16.8383,13.0219
2004,12,2,10,30,2.4000000000000004,59,873,381,4.2,20.1702,15.6517
2004,12,2,11,0,3.7,62,905,427,4.6000000000000005,22.8068,17.7361
2004,12,2,11,30,4.6000000000000005,64,919,457,4.9,24.6721,19.2112
2004,12,2,12,0,5.4,73,909,473,5.2,25.6724,20.0023
2004,12,2,12,30,5.7,73,910,474,5.4,25.7334,20.0504
2004,12,2,13,0,6,69,910,460,5.5,24.6935,19.2297
2004,12,2,13,30,6,67,896,432,5.4,7.1541,5.5645
2004,12,2,14,0,5.9,62,879,390,5.300000000000001,20.3186,15.7713
2004,12,2,14,30,5.4,58,845,336,4.7,17.0911,13.2231
2004,12,2,15,0,4.800000000000001,52,791,269,4.2,8.1426,6.2688
2004,12,2,15,30,3.3000000000000003,44,717,196,3.5,4.2653,3.2616
2004,12,2,16,0,1.7000000000000002,34,609,120,2.8000000000000003,0.0000,0.0000
2004,12,2,16,30,0.4,21,416,48,2.6,0.0000,0.0000
2004,12,2,17,0,-0.9,0,0,0,2.4000000000000004,0.0000,0.0000
2004,12,2,17,30,-1.2000000000000002,0,0,0,2.3000000000000003,0.0000,0.0000
2004,12,2,18,0,-1.5,0,0,0,2.3000000000000003,0.0000,0.0000
2004,12,2,18,30,-1.8,0,0,0,2.2,0.0000,0.0000
2004,12,2,19,0,-2,0,0,0,2.1,0.0000,0.0000
2004,12,2,19,30,-2.2,0,0,0,2.1,0.0000,0.0000
2004,12,2,20,0,-2.4000000000000004,0,0,0,2.1,0.0000,0.0000
2004,12,2,20,30,-2.4000000000000004,0,0,0,2.2,0.0000,0.0000
2004,12,2,21,0,-2.5,0,0,0,2.4000000000000004,0.0000,0.0000
2004,12,2,21,30,-2.6,0,0,0,2.6,0.0000,0.0000
2004,12,2,22,0,-2.6,0,0,0,2.9000000000000004,0.0000,0.0000
2004,12,2,22,30,-2.7,0,0,0,3.1,0.0000,0.0000
2004,12,2,23,0,-2.8000000000000003,0,0,0,3.3000000000000003,0.0000,0.0000
2004,12,2,23,30,-2.8000000000000003,0,0,0,3.4000000000000004,0.0000,0.0000
2004,12,3,0,0,-2.9000000000000004,0,0,0,3.4000000000000004,0.0000,0.0000
2004,12,3,0,30,-2.9000000000000004,0,0,0,3.5,0.0000,0.0000
2004,12,3,1,0,-2.9000000000000004,0,0,0,3.6,0.0000,0.0000
2004,12,3,1,30,-2.9000000000000004,0,0,0,3.8000000000000003,0.0000,0.0000
2004,12,3,2,0,-3,0,0,0,3.9000000000000004,0.0000,0.0000
2004,12,3,2,30,-3.1,0,0,0,4.1000000000000005,0.0000,0.0000
2004,12,3,3,0,-3.2,0,0,0,4.2,0.0000,0.0000
2004,12,3,3,30,-3.2,0,0,0,4.2,0.0000,0.0000
2004,12,3,4,0,-3.2,0,0,0,4.3,0.0000,0.0000
2004,12,3,4,30,-3,0,0,0,4.2,0.0000,0.0000
2004,12,3,5,0,-2.8000000000000003,0,0,0,4.2,0.0000,0.0000
2004,12,3,5,30,-2.6,0,0,0,4.1000000000000005,0.0000,0.0000
2004,12,3,6,0,-2.4000000000000004,0,0,0,4,0.0000,0.0000
2004,12,3,6,30,-2.3000000000000003,0,0,0,3.8000000000000003,0.0000,0.0000
2004,12,3,7,0,-2.1,0,0,0,3.7,0.0000,0.0000
2004,12,3,7,30,-1.8,0,0,0,3.7,0.0000,0.0000
2004,12,3,8,0,-1.5,11,0,11,3.7,0.0000,0.0000
2004,12,3,8,30,-1,30,0,30,3.6,0.0000,0.0000
2004,12,3,9,0,-0.6000000000000001,99,2,99,3.6,8.8891,6.7902
2004,12,3,9,30,0.2,61,0,61,3.6,12.7179,9.7819
2004,12,3,10,0,0.9,62,1,62,3.6,16.4575,12.7245
2004,12,3,10,30,2.1,228,23,236,3.9000000000000004,19.7777,15.3444
2004,12,3,11,0,3.3000000000000003,162,11,166,4.1000000000000005,22.5653,17.5456
2004,12,3,11,30,4.3,226,6,228,4.3,24.4295,19.0199
2004,12,3,12,0,5.4,66,903,461,4.4,25.4303,19.8115
2004,12,3,12,30,5.9,66,904,463,4.4,25.4930,19.8611
2004,12,3,13,0,6.4,65,898,449,4.4,24.6168,19.1680
2004,12,3,13,30,6.4,64,884,422,4.3,22.8721,17.7880
2004,12,3,14,0,6.5,61,860,381,4.3,20.3015,15.7564
2004,12,3,14,30,5.9,57,827,328,3.6,17.0771,13.2107
2004,12,3,15,0,5.300000000000001,52,775,264,2.9000000000000004,13.2653,10.2111
2004,12,3,15,30,3.5,45,701,192,2.3000000000000003,9.3898,7.1792
2004,12,3,16,0,1.7000000000000002,34,597,118,1.8,0.0000,0.0000
2004,12,3,16,30,0.7000000000000001,21,402,47,1.9000000000000001,0.0000,0.0000
2004,12,3,17,0,-0.4,0,0,0,2.1,0.0000,0.0000
2004,12,3,17,30,-0.30000000000000004,0,0,0,2.3000000000000003,0.0000,0.0000
2004,12,3,18,0,-0.30000000000000004,0,0,0,2.5,0.0000,0.0000
2004,12,3,18,30,-0.1,0,0,0,2.8000000000000003,0.0000,0.0000
2004,12,3,19,0,0,0,0,0,3.2,0.0000,0.0000
2004,12,3,19,30,0.2,0,0,0,3.6,0.0000,0.0000
2004,12,3,20,0,0.30000000000000004,0,0,0,4,0.0000,0.0000
2004,12,3,20,30,0.2,0,0,0,4.3,0.0000,0.0000
2004,12,3,21,0,0.2,0,0,0,4.5,0.0000,0.0000
2004,12,3,21,30,0.1,0,0,0,4.7,0.0000,0.0000
2004,12,3,22,0,0,0,0,0,4.800000000000001,0.0000,0.0000
2004,12,3,22,30,-0.1,0,0,0,4.9,0.0000,0.0000
2004,12,3,23,0,-0.2,0,0,0,5,0.0000,0.0000
2004,12,3,23,30,-0.30000000000000004,0,0,0,5,0.0000,0.0000
2004,12,4,0,0,-0.4,0,0,0,5,0.0000,0.0000
2004,12,4,0,30,-0.6000000000000001,0,0,0,5,0.0000,0.0000
2004,12,4,1,0,-0.7000000000000001,0,0,0,5,0.0000,0.0000
2004,12,4,1,30,-0.7000000000000001,0,0,0,5.1000000000000005,0.0000,0.0000
2004,12,4,2,0,-0.8,0,0,0,5.1000000000000005,0.0000,0.0000
2004,12,4,2,30,-0.8,0,0,0,5.1000000000000005,0.0000,0.0000
2004,12,4,3,0,-0.9,0,0,0,5,0.0000,0.0000
2004,12,4,3,30,-1,0,0,0,4.800000000000001,0.0000,0.0000
2004,12,4,4,0,-1.1,0,0,0,4.7,0.0000,0.0000
2004,12,4,4,30,-1.2000000000000002,0,0,0,4.5,0.0000,0.0000
2004,12,4,5,0,-1.3,0,0,0,4.4,0.0000,0.0000
2004,12,4,5,30,-1.4000000000000001,0,0,0,4.2,0.0000,0.0000
2004,12,4,6,0,-1.4000000000000001,0,0,0,4,0.0000,0.0000
2004,12,4,6,30,-1.5,0,0,0,3.8000000000000003,0.0000,0.0000
2004,12,4,7,0,-1.5,0,0,0,3.7,0.0000,0.0000
2004,12,4,7,30,-1,0,0,0,3.8000000000000003,0.0000,0.0000
2004,12,4,8,0,-0.6000000000000001,22,1,22,3.9000000000000004,0.0000,0.0000
2004,12,4,8,30,0.4,63,12,65,3.9000000000000004,0.0000,0.0000
2004,12,4,9,0,1.4000000000000001,86,1,86,3.9000000000000004,4.7282,3.6108
2004,12,4,9,30,2.5,147,9,149,3.7,2.9911,2.2999
2004,12,4,10,0,3.6,172,93,201,3.4000000000000004,3.1347,2.4231
2004,12,4,10,30,4.9,216,80,245,3.3000000000000003,12.2341,9.4900
2004,12,4,11,0,6.2,214,177,284,3.2,8.7615,6.8115
2004,12,4,11,30,7.2,231,251,337,3.2,12.1746,9.4776
2004,12,4,12,0,8.200000000000001,256,185,337,3.2,24.7589,19.2862
2004,12,4,12,30,8.700000000000001,203,390,373,3,24.8769,19.3790
2004,12,4,13,0,9.200000000000001,187,408,360,2.8000000000000003,24.0054,18.6900
2004,12,4,13,30,9.200000000000001,184,370,333,2.5,22.3237,17.3597
2004,12,4,14,0,9.3,240,50,258,2.2,19.8163,15.3781
2004,12,4,14,30,8.3,159,296,255,1.6,16.6583,12.8853
2004,12,4,15,0,7.4,131,303,214,1,13.0104,10.0137
2004,12,4,15,30,6.1000000000000005,43,687,187,1.1,9.1953,7.0297
2004,12,4,16,0,4.800000000000001,33,579,113,1.3,0.0000,0.0000
2004,12,4,16,30,3.8000000000000003,20,387,44,1.4000000000000001,0.0000,0.0000
2004,12,4,17,0,2.8000000000000003,0,0,0,1.5,0.0000,0.0000
2004,12,4,17,30,2.1,0,0,0,1.5,0.0000,0.0000
2004,12,4,18,0,1.4000000000000001,0,0,0,1.5,0.0000,0.0000
2004,12,4,18,30,0.9,0,0,0,1.5,0.0000,0.0000
2004,12,4,19,0,0.30000000000000004,0,0,0,1.5,0.0000,0.0000
2004,12,4,19,30,0,0,0,0,1.6,0.0000,0.0000
2004,12,4,20,0,-0.30000000000000004,0,0,0,1.6,0.0000,0.0000
2004,12,4,20,30,-0.5,0,0,0,1.8,0.0000,0.0000
2004,12,4,21,0,-0.7000000000000001,0,0,0,1.9000000000000001,0.0000,0.0000
2004,12,4,21,30,-0.8,0,0,0,2.1,0.0000,0.0000
2004,12,4,22,0,-0.9,0,0,0,2.3000000000000003,0.0000,0.0000
2004,12,4,22,30,-1,0,0,0,2.5,0.0000,0.0000
2004,12,4,23,0,-1.1,0,0,0,2.8000000000000003,0.0000,0.0000
2004,12,4,23,30,-1.2000000000000002,0,0,0,3,0.0000,0.0000
2004,12,5,0,0,-1.3,0,0,0,3.2,0.0000,0.0000
2004,12,5,0,30,-1.3,0,0,0,3.4000000000000004,0.0000,0.0000
2004,12,5,1,0,-1.3,0,0,0,3.6,0.0000,0.0000
2004,12,5,1,30,-1.5,0,0,0,3.6,0.0000,0.0000
2004,12,5,2,0,-1.7000000000000002,0,0,0,3.6,0.0000,0.0000
2004,12,5,2,30,-1.9000000000000001,0,0,0,3.6,0.0000,0.0000
2004,12,5,3,0,-2,0,0,0,3.5,0.0000,0.0000
2004,12,5,3,30,-2.2,0,0,0,3.4000000000000004,0.0000,0.0000
2004,12,5,4,0,-2.3000000000000003,0,0,0,3.4000000000000004,0.0000,0.0000
2004,12,5,4,30,-2.4000000000000004,0,0,0,3.4000000000000004,0.0000,0.0000
2004,12,5,5,0,-2.5,0,0,0,3.4000000000000004,0.0000,0.0000
2004,12,5,5,30,-2.5,0,0,0,3.4000000000000004,0.0000,0.0000
2004,12,5,6,0,-2.5,0,0,0,3.5,0.0000,0.0000
2004,12,5,6,30,-2.5,0,0,0,3.6,0.0000,0.0000
2004,12,5,7,0,-2.5,0,0,0,3.7,0.0000,0.0000
2004,12,5,7,30,-2.3000000000000003,0,0,0,3.8000000000000003,0.0000,0.0000
2004,12,5,8,0,-2.1,17,1,17,4,0.0000,0.0000
2004,12,5,8,30,-1.7000000000000002,39,2,40,4.1000000000000005,0.0000,0.0000
2004,12,5,9,0,-1.3,73,7,74,4.2,4.1052,3.1341
2004,12,5,9,30,-0.8,124,26,131,4.4,7.2951,5.6077
2004,12,5,10,0,-0.30000000000000004,128,18,134,4.5,10.1474,7.8420
2004,12,5,10,30,0.1,77,1,77,4.7,12.6832,9.8366
2004,12,5,11,0,0.6000000000000001,128,8,131,4.9,14.9718,11.6379
2004,12,5,11,30,0.9,170,16,177,4.9,17.9751,13.9913
2004,12,5,12,0,1.3,93,2,94,4.9,18.0825,14.0841
2004,12,5,12,30,1.8,194,45,213,4.800000000000001,20.0241,15.5973
2004,12,5,13,0,2.2,91,1,91,4.800000000000001,19.2316,14.9719
2004,12,5,13,30,2.5,145,12,150,4.6000000000000005,17.6019,13.6867
2004,12,5,14,0,2.9000000000000004,43,0,43,4.4,13.4087,10.4046
2004,12,5,14,30,2.9000000000000004,50,0,50,4,12.9413,10.0091
2004,12,5,15,0,3,71,2,71,3.5,10.5396,8.1111
2004,12,5,15,30,2.5,72,3,72,3,8.9536,6.8443
2004,12,5,16,0,2,13,0,13,2.5,0.0000,0.0000
2004,12,5,16,30,1.6,8,0,8,2.4000000000000004,0.0000,0.0000
2004,12,5,17,0,1.3,0,0,0,2.3000000000000003,0.0000,0.0000
2004,12,5,17,30,1.2000000000000002,0,0,0,2.3000000000000003,0.0000,0.0000
2004,12,5,18,0,1.1,0,0,0,2.3000000000000003,0.0000,0.0000
2004,12,5,18,30,0.9,0,0,0,2.4000000000000004,0.0000,0.0000
2004,12,5,19,0,0.8,0,0,0,2.6,0.0000,0.0000
2004,12,5,19,30,0.7000000000000001,0,0,0,2.7,0.0000,0.0000
2004,12,5,20,0,0.5,0,0,0,2.7,0.0000,0.0000
2004,12,5,20,30,0.30000000000000004,0,0,0,2.7,0.0000,0.0000
2004,12,5,21,0,0.2,0,0,0,2.7,0.0000,0.0000
2004,12,5,21,30,0.1,0,0,0,2.4000000000000004,0.0000,0.0000
2004,12,5,22,0,0,0,0,0,2.1,0.0000,0.0000
2004,12,5,22,30,-0.2,0,0,0,1.7000000000000002,0.0000,0.0000
2004,12,5,23,0,-0.4,0,0,0,1.3,0.0000,0.0000
2004,12,5,23,30,-0.5,0,0,0,1,0.0000,0.0000
2004,12,6,0,0,-0.6000000000000001,0,0,0,0.8,0.0000,0.0000
2004,12,6,0,30,-0.7000000000000001,0,0,0,0.7000000000000001,0.0000,0.0000
2004,12,6,1,0,-0.8,0,0,0,0.7000000000000001,0.0000,0.0000
2004,12,6,1,30,-0.8,0,0,0,0.8,0.0000,0.0000
2004,12,6,2,0,-0.8,0,0,0,0.8,0.0000,0.0000
2004,12,6,2,30,-0.9,0,0,0,0.8,0.0000,0.0000
2004,12,6,3,0,-0.9,0,0,0,0.7000000000000001,0.0000,0.0000
2004,12,6,3,30,-1,0,0,0,0.8,0.0000,0.0000
2004,12,6,4,0,-1.1,0,0,0,0.8,0.0000,0.0000
2004,12,6,4,30,-1.1,0,0,0,0.9,0.0000,0.0000
2004,12,6,5,0,-1.1,0,0,0,1,0.0000,0.0000
2004,12,6,5,30,-1.2000000000000002,0,0,0,1.1,0.0000,0.0000
2004,12,6,6,0,-1.2000000000000002,0,0,0,1.3,0.0000,0.0000
2004,12,6,6,30,-1.3,0,0,0,1.5,0.0000,0.0000
2004,12,6,7,0,-1.3,0,0,0,1.8,0.0000,0.0000
2004,12,6,7,30,-1.1,0,0,0,2.1,0.0000,0.0000
2004,12,6,8,0,-0.9,6,0,6,2.5,0.0000,0.0000
2004,12,6,8,30,-0.30000000000000004,16,0,16,2.7,0.0000,0.0000
2004,12,6,9,0,0.30000000000000004,32,0,32,3,3.5308,2.6950
2004,12,6,9,30,0.9,10,0,10,3.3000000000000003,6.4053,4.9224
2004,12,6,10,0,1.5,61,0,61,3.6,6.7555,5.2197
2004,12,6,10,30,2.1,99,0,99,3.7,3.9810,3.0870
2004,12,6,11,0,2.8000000000000003,102,0,102,3.9000000000000004,6.8978,5.3611
2004,12,6,11,30,3.5,210,76,242,3.9000000000000004,9.4311,7.3401
2004,12,6,12,0,4.2,152,20,161,3.8000000000000003,5.0391,3.9245
2004,12,6,12,30,4.6000000000000005,72,0,72,3.6,11.4249,8.8983
2004,12,6,13,0,5.1000000000000005,135,7,138,3.4000000000000004,4.8574,3.7812
2004,12,6,13,30,5.300000000000001,127,8,130,2.9000000000000004,7.9226,6.1598
2004,12,6,14,0,5.4,103,3,104,2.4000000000000004,2.2333,1.7328
2004,12,6,14,30,4.9,37,0,37,1.7000000000000002,2.5359,1.9611
2004,12,6,15,0,4.5,147,112,178,1,3.4949,2.6893
2004,12,6,15,30,3.8000000000000003,72,6,74,0.9,3.4465,2.6344
2004,12,6,16,0,3.1,71,30,75,0.8,0.0000,0.0000
2004,12,6,16,30,2.6,22,351,44,0.8,0.0000,0.0000
2004,12,6,17,0,2,0,0,0,0.8,0.0000,0.0000
2004,12,6,17,30,1.9000000000000001,0,0,0,0.8,0.0000,0.0000
2004,12,6,18,0,1.9000000000000001,0,0,0,0.7000000000000001,0.0000,0.0000
2004,12,6,18,30,1.6,0,0,0,0.7000000000000001,0.0000,0.0000
2004,12,6,19,0,1.3,0,0,0,0.7000000000000001,0.0000,0.0000
2004,12,6,19,30,0.5,0,0,0,0.9,0.0000,0.0000
2004,12,6,20,0,-0.30000000000000004,0,0,0,1.1,0.0000,0.0000
2004,12,6,20,30,-1.2000000000000002,0,0,0,1.2000000000000002,0.0000,0.0000
2004,12,6,21,0,-2,0,0,0,1.4000000000000001,0.0000,0.0000
2004,12,6,21,30,-2.2,0,0,0,1.5,0.0000,0.0000
2004,12,6,22,0,-2.4000000000000004,0,0,0,1.6,0.0000,0.0000
2004,12,6,22,30,-2.5,0,0,0,1.8,0.0000,0.0000
2004,12,6,23,0,-2.7,0,0,0,2,0.0000,0.0000
2004,12,6,23,30,-2.7,0,0,0,2.3000000000000003,0.0000,0.0000
2004,12,7,0,0,-2.7,0,0,0,2.6,0.0000,0.0000
2004,12,7,0,30,-2.6,0,0,0,3,0.0000,0.0000
2004,12,7,1,0,-2.6,0,0,0,3.4000000000000004,0.0000,0.0000
2004,12,7,1,30,-2.7,0,0,0,3.8000000000000003,0.0000,0.0000
2004,12,7,2,0,-2.8000000000000003,0,0,0,4.1000000000000005,0.0000,0.0000
2004,12,7,2,30,-2.8000000000000003,0,0,0,4.2,0.0000,0.0000
2004,12,7,3,0,-2.8000000000000003,0,0,0,4.2,0.0000,0.0000
2004,12,7,3,30,-2.7,0,0,0,4.1000000000000005,0.0000,0.0000
2004,12,7,4,0,-2.7,0,0,0,4,0.0000,0.0000
2004,12,7,4,30,-2.5,0,0,0,4,0.0000,0.0000
2004,12,7,5,0,-2.3000000000000003,0,0,0,4,0.0000,0.0000
2004,12,7,5,30,-2,0,0,0,4.1000000000000005,0.0000,0.0000
2004,12,7,6,0,-1.8,0,0,0,4.1000000000000005,0.0000,0.0000
2004,12,7,6,30,-1.6,0,0,0,4.1000000000000005,0.0000,0.0000
2004,12,7,7,0,-1.4000000000000001,0,0,0,4.1000000000000005,0.0000,0.0000
2004,12,7,7,30,-1.2000000000000002,0,0,0,4.3,0.0000,0.0000
2004,12,7,8,0,-0.9,5,0,5,4.5,0.0000,0.0000
2004,12,7,8,30,-0.5,36,455,90,4.800000000000001,0.0000,0.0000
2004,12,7,9,0,-0.1,32,0,32,5,1.5262,1.1647
2004,12,7,9,30,0.5,71,0,71,4.800000000000001,0.4883,0.3752
2004,12,7,10,0,1,77,0,77,4.7,3.0710,2.3723
2004,12,7,10,30,1.7000000000000002,78,0,78,4.2,5.1122,3.9635
2004,12,7,11,0,2.3000000000000003,122,0,122,3.8000000000000003,5.3648,4.1690
2004,12,7,11,30,2.8000000000000003,89,0,89,3.2,12.8820,10.0247
2004,12,7,12,0,3.4000000000000004,92,0,92,2.6,8.6227,6.7147
2004,12,7,12,30,3.7,134,0,134,2,3.8586,3.0050
2004,12,7,13,0,4,105,0,105,1.4000000000000001,7.3607,5.7294
2004,12,7,13,30,4.1000000000000005,128,0,128,1.5,6.8614,5.3343
2004,12,7,14,0,4.2,104,0,104,1.5,5.3977,4.1877
2004,12,7,14,30,3.9000000000000004,84,0,84,1.6,1.8754,1.4502
2004,12,7,15,0,3.6,83,0,83,1.7000000000000002,8.7578,6.7386
2004,12,7,15,30,2,60,0,60,1.4000000000000001,3.5416,2.7068
2004,12,7,16,0,0.4,35,572,114,1.1,0.0000,0.0000
2004,12,7,16,30,-0.9,21,370,44,1.2000000000000002,0.0000,0.0000
2004,12,7,17,0,-2.1,0,0,0,1.4000000000000001,0.0000,0.0000
2004,12,7,17,30,-2.4000000000000004,0,0,0,1.5,0.0000,0.0000
2004,12,7,18,0,-2.7,0,0,0,1.6,0.0000,0.0000
2004,12,7,18,30,-2.9000000000000004,0,0,0,1.7000000000000002,0.0000,0.0000
2004,12,7,19,0,-3,0,0,0,1.8,0.0000,0.0000
2004,12,7,19,30,-3.1,0,0,0,2.1,0.0000,0.0000
2004,12,7,20,0,-3.1,0,0,0,2.3000000000000003,0.0000,0.0000
2004,12,7,20,30,-3,0,0,0,2.6,0.0000,0.0000
2004,12,7,21,0,-2.9000000000000004,0,0,0,2.9000000000000004,0.0000,0.0000
2004,12,7,21,30,-2.8000000000000003,0,0,0,3.2,0.0000,0.0000
2004,12,7,22,0,-2.7,0,0,0,3.4000000000000004,0.0000,0.0000
2004,12,7,22,30,-2.6,0,0,0,3.6,0.0000,0.0000
2004,12,7,23,0,-2.5,0,0,0,3.8000000000000003,0.0000,0.0000
2004,12,7,23,30,-2.4000000000000004,0,0,0,3.9000000000000004,0.0000,0.0000
2004,12,8,0,0,-2.3000000000000003,0,0,0,4,0.0000,0.0000
2004,12,8,0,30,-2.3000000000000003,0,0,0,4,0.0000,0.0000
2004,12,8,1,0,-2.2,0,0,0,4,0.0000,0.0000
2004,12,8,1,30,-2.1,0,0,0,4.1000000000000005,0.0000,0.0000
2004,12,8,2,0,-2,0,0,0,4.2,0.0000,0.0000
2004,12,8,2,30,-1.9000000000000001,0,0,0,4.1000000000000005,0.0000,0.0000
2004,12,8,3,0,-1.8,0,0,0,4.1000000000000005,0.0000,0.0000
2004,12,8,3,30,-1.7000000000000002,0,0,0,3.8000000000000003,0.0000,0.0000
2004,12,8,4,0,-1.7000000000000002,0,0,0,3.6,0.0000,0.0000
2004,12,8,4,30,-1.7000000000000002,0,0,0,3.5,0.0000,0.0000
2004,12,8,5,0,-1.7000000000000002,0,0,0,3.5,0.0000,0.0000
2004,12,8,5,30,-1.6,0,0,0,3.4000000000000004,0.0000,0.0000
2004,12,8,6,0,-1.5,0,0,0,3.4000000000000004,0.0000,0.0000
2004,12,8,6,30,-1.4000000000000001,0,0,0,3.3000000000000003,0.0000,0.0000
2004,12,8,7,0,-1.3,0,0,0,3.3000000000000003,0.0000,0.0000
2004,12,8,7,30,-1.1,0,0,0,3.3000000000000003,0.0000,0.0000
2004,12,8,8,0,-0.8,6,0,6,3.3000000000000003,0.0000,0.0000
2004,12,8,8,30,-0.4,20,0,20,3.3000000000000003,0.0000,0.0000
2004,12,8,9,0,0,54,3,55,3.3000000000000003,1.5258,1.1641
2004,12,8,9,30,0.5,84,6,85,3.2,3.4626,2.6595
2004,12,8,10,0,1,93,6,95,3.2,3.8715,2.9900
2004,12,8,10,30,1.6,158,23,166,3.3000000000000003,4.0229,3.1185
2004,12,8,11,0,2.2,201,73,230,3.3000000000000003,6.4100,4.9807
2004,12,8,11,30,2.9000000000000004,165,17,172,3.3000000000000003,4.7330,3.6828
2004,12,8,12,0,3.6,184,29,197,3.4000000000000004,4.9234,3.8336
2004,12,8,12,30,4,214,55,238,2.9000000000000004,7.1762,5.5882
2004,12,8,13,0,4.4,219,79,252,2.5,5.5968,4.3561
2004,12,8,13,30,4.4,189,41,205,1.9000000000000001,6.7516,5.2485
2004,12,8,14,0,4.4,174,32,186,1.3,5.3945,4.1849
2004,12,8,14,30,4,161,47,176,1.1,4.2556,3.2905
2004,12,8,15,0,3.5,136,44,148,0.9,4.0822,3.1408
2004,12,8,15,30,2.7,101,25,106,1,2.8711,2.1943
2004,12,8,16,0,2,65,13,67,1.1,0.0000,0.0000
2004,12,8,16,30,1.3,23,1,23,1.2000000000000002,0.0000,0.0000
2004,12,8,17,0,0.6000000000000001,0,0,0,1.3,0.0000,0.0000
2004,12,8,17,30,0.2,0,0,0,1.4000000000000001,0.0000,0.0000
2004,12,8,18,0,-0.1,0,0,0,1.4000000000000001,0.0000,0.0000
2004,12,8,18,30,-0.4,0,0,0,1.4000000000000001,0.0000,0.0000
2004,12,8,19,0,-0.7000000000000001,0,0,0,1.5,0.0000,0.0000
2004,12,8,19,30,-0.8,0,0,0,1.5,0.0000,0.0000
2004,12,8,20,0,-0.9,0,0,0,1.5,0.0000,0.0000
2004,12,8,20,30,-1.1,0,0,0,1.5,0.0000,0.0000
2004,12,8,21,0,-1.2000000000000002,0,0,0,1.5,0.0000,0.0000
2004,12,8,21,30,-1.3,0,0,0,1.5,0.0000,0.0000
2004,12,8,22,0,-1.4000000000000001,0,0,0,1.6,0.0000,0.0000
2004,12,8,22,30,-1.4000000000000001,0,0,0,1.6,0.0000,0.0000
2004,12,8,23,0,-1.5,0,0,0,1.7000000000000002,0.0000,0.0000
2004,12,8,23,30,-1.6,0,0,0,1.7000000000000002,0.0000,0.0000
2004,12,9,0,0,-1.6,0,0,0,1.7000000000000002,0.0000,0.0000
2004,12,9,0,30,-1.7000000000000002,0,0,0,1.7000000000000002,0.0000,0.0000
2004,12,9,1,0,-1.8,0,0,0,1.7000000000000002,0.0000,0.0000
2004,12,9,1,30,-1.9000000000000001,0,0,0,1.7000000000000002,0.0000,0.0000
2004,12,9,2,0,-1.9000000000000001,0,0,0,1.6,0.0000,0.0000
2004,12,9,2,30,-1.5,0,0,0,1.7000000000000002,0.0000,0.0000
2004,12,9,3,0,-1.1,0,0,0,1.7000000000000002,0.0000,0.0000
2004,12,9,3,30,-0.6000000000000001,0,0,0,1.7000000000000002,0.0000,0.0000
2004,12,9,4,0,0,0,0,0,1.6,0.0000,0.0000
2004,12,9,4,30,0.1,0,0,0,1.4000000000000001,0.0000,0.0000
2004,12,9,5,0,0.30000000000000004,0,0,0,1.2000000000000002,0.0000,0.0000
2004,12,9,5,30,0,0,0,0,1.3,0.0000,0.0000
2004,12,9,6,0,-0.30000000000000004,0,0,0,1.3,0.0000,0.0000
2004,12,9,6,30,-0.30000000000000004,0,0,0,1.6,0.0000,0.0000
2004,12,9,7,0,-0.30000000000000004,0,0,0,2,0.0000,0.0000
2004,12,9,7,30,0.1,0,0,0,2.1,0.0000,0.0000
2004,12,9,8,0,0.4,2,0,2,2.2,0.0000,0.0000
2004,12,9,8,30,1,16,0,16,2.3000000000000003,0.0000,0.0000
2004,12,9,9,0,1.6,65,1,65,2.4000000000000004,2.6220,1.9999
2004,12,9,9,30,2.2,55,0,55,2.3000000000000003,4.1405,3.1794
2004,12,9,10,0,2.8000000000000003,140,7,142,2.2,4.7703,3.6834
2004,12,9,10,30,3.8000000000000003,121,10,124,2.3000000000000003,8.5511,6.6275
2004,12,9,11,0,4.7,193,250,290,2.5,12.0718,9.3788
2004,12,9,11,30,5.5,219,158,285,3.1,9.1393,7.1107
2004,12,9,12,0,6.300000000000001,180,390,346,3.7,10.5340,8.2016
2004,12,9,12,30,7.1000000000000005,131,567,373,4.4,12.7365,9.9173
2004,12,9,13,0,7.9,232,220,324,5.1000000000000005,13.4233,10.4468
2004,12,9,13,30,8.5,56,872,403,5.6000000000000005,10.8071,8.4006
2004,12,9,14,0,9,128,569,336,6,9.6429,7.4801
2004,12,9,14,30,8.700000000000001,51,822,315,6,8.9124,6.8908
2004,12,9,15,0,8.4,46,775,254,6,7.2765,5.5980
2004,12,9,15,30,7.300000000000001,40,702,185,5.6000000000000005,5.0716,3.8758
2004,12,9,16,0,6.1000000000000005,33,581,112,5.2,0.0000,0.0000
2004,12,9,16,30,5,20,388,44,4.800000000000001,0.0000,0.0000
2004,12,9,17,0,3.9000000000000004,0,0,0,4.4,0.0000,0.0000
2004,12,9,17,30,3.4000000000000004,0,0,0,4.2,0.0000,0.0000
2004,12,9,18,0,3,0,0,0,4,0.0000,0.0000
2004,12,9,18,30,2.7,0,0,0,4,0.0000,0.0000
2004,12,9,19,0,2.4000000000000004,0,0,0,3.9000000000000004,0.0000,0.0000
2004,12,9,19,30,1.9000000000000001,0,0,0,3.8000000000000003,0.0000,0.0000
2004,12,9,20,0,1.5,0,0,0,3.7,0.0000,0.0000
2004,12,9,20,30,1,0,0,0,3.8000000000000003,0.0000,0.0000
2004,12,9,21,0,0.6000000000000001,0,0,0,3.9000000000000004,0.0000,0.0000
2004,12,9,21,30,0.30000000000000004,0,0,0,4.1000000000000005,0.0000,0.0000
2004,12,9,22,0,-0.1,0,0,0,4.3,0.0000,0.0000
2004,12,9,22,30,-0.30000000000000004,0,0,0,4.6000000000000005,0.0000,0.0000
2004,12,9,23,0,-0.6000000000000001,0,0,0,4.800000000000001,0.0000,0.0000
2004,12,9,23,30,-0.8,0,0,0,4.9,0.0000,0.0000
2004,12,10,0,0,-1.1,0,0,0,5.1000000000000005,0.0000,0.0000
2004,12,10,0,30,-1.3,0,0,0,5.300000000000001,0.0000,0.0000
2004,12,10,1,0,-1.5,0,0,0,5.6000000000000005,0.0000,0.0000
2004,12,10,1,30,-1.7000000000000002,0,0,0,5.800000000000001,0.0000,0.0000
2004,12,10,2,0,-1.8,0,0,0,6,0.0000,0.0000
2004,12,10,2,30,-1.9000000000000001,0,0,0,6.2,0.0000,0.0000
2004,12,10,3,0,-2,0,0,0,6.300000000000001,0.0000,0.0000
2004,12,10,3,30,-1.9000000000000001,0,0,0,6.5,0.0000,0.0000
2004,12,10,4,0,-1.9000000000000001,0,0,0,6.800000000000001,0.0000,0.0000
2004,12,10,4,30,-1.9000000000000001,0,0,0,6.7,0.0000,0.0000
2004,12,10,5,0,-1.9000000000000001,0,0,0,6.6000000000000005,0.0000,0.0000
2004,12,10,5,30,-1.8,0,0,0,6.6000000000000005,0.0000,0.0000
2004,12,10,6,0,-1.8,0,0,0,6.6000000000000005,0.0000,0.0000
2004,12,10,6,30,-1.6,0,0,0,6.7,0.0000,0.0000
2004,12,10,7,0,-1.5,0,0,0,6.9,0.0000,0.0000
2004,12,10,7,30,-1.4000000000000001,0,0,0,7.1000000000000005,0.0000,0.0000
2004,12,10,8,0,-1.2000000000000002,2,0,2,7.4,0.0000,0.0000
2004,12,10,8,30,-1,9,0,9,7.6000000000000005,0.0000,0.0000
2004,12,10,9,0,-0.8,24,0,24,7.7,3.0983,2.3629
2004,12,10,9,30,-0.4,109,3,110,7.9,2.6760,2.0543
2004,12,10,10,0,0,112,1,112,8,7.1217,5.4980
2004,12,10,10,30,0.6000000000000001,89,0,90,8,6.3808,4.9448
2004,12,10,11,0,1.1,127,1,128,8.1,15.2062,11.8125
2004,12,10,11,30,1.6,154,1,155,8,15.1298,11.7703
2004,12,10,12,0,2.1,84,0,84,7.9,18.4864,14.3920
2004,12,10,12,30,2.4000000000000004,156,1,157,7.7,19.9479,15.5315
2004,12,10,13,0,2.7,236,36,251,7.5,17.2483,13.4226
2004,12,10,13,30,2.9000000000000004,111,0,111,7.2,21.2334,16.5041
2004,12,10,14,0,3,190,17,196,7,17.4120,13.5060
2004,12,10,14,30,2.8000000000000003,191,82,217,6.7,15.9453,12.3277
2004,12,10,15,0,2.6,107,2,107,6.300000000000001,12.4847,9.6044
2004,12,10,15,30,1.8,98,4,98,5.5,8.8505,6.7635
2004,12,10,16,0,1,34,0,34,4.7,0.0000,0.0000
2004,12,10,16,30,-0.2,24,274,42,3.9000000000000004,0.0000,0.0000
2004,12,10,17,0,-1.4000000000000001,0,0,0,3.1,0.0000,0.0000
2004,12,10,17,30,-1.9000000000000001,0,0,0,3.1,0.0000,0.0000
2004,12,10,18,0,-2.4000000000000004,0,0,0,3,0.0000,0.0000
2004,12,10,18,30,-2.7,0,0,0,3,0.0000,0.0000
2004,12,10,19,0,-3.1,0,0,0,3,0.0000,0.0000
2004,12,10,19,30,-3.4000000000000004,0,0,0,2.9000000000000004,0.0000,0.0000
2004,12,10,20,0,-3.8000000000000003,0,0,0,2.7,0.0000,0.0000
2004,12,10,20,30,-4,0,0,0,2.6,0.0000,0.0000
2004,12,10,21,0,-4.3,0,0,0,2.4000000000000004,0.0000,0.0000
2004,12,10,21,30,-4.4,0,0,0,2.4000000000000004,0.0000,0.0000
2004,12,10,22,0,-4.5,0,0,0,2.4000000000000004,0.0000,0.0000
2004,12,10,22,30,-4.6000000000000005,0,0,0,2.3000000000000003,0.0000,0.0000
2004,12,10,23,0,-4.7,0,0,0,2.1,0.0000,0.0000
2004,12,10,23,30,-4.800000000000001,0,0,0,2,0.0000,0.0000
2004,12,11,0,0,-4.800000000000001,0,0,0,1.9000000000000001,0.0000,0.0000
2004,12,11,0,30,-4.9,0,0,0,1.9000000000000001,0.0000,0.0000
2004,12,11,1,0,-4.9,0,0,0,1.8,0.0000,0.0000
2004,12,11,1,30,-4.9,0,0,0,1.6,0.0000,0.0000
2004,12,11,2,0,-5,0,0,0,1.5,0.0000,0.0000
2004,12,11,2,30,-5,0,0,0,1.4000000000000001,0.0000,0.0000
2004,12,11,3,0,-4.9,0,0,0,1.3,0.0000,0.0000
2004,12,11,3,30,-4.9,0,0,0,1.3,0.0000,0.0000
2004,12,11,4,0,-4.800000000000001,0,0,0,1.2000000000000002,0.0000,0.0000
2004,12,11,4,30,-4.800000000000001,0,0,0,1.1,0.0000,0.0000
2004,12,11,5,0,-4.7,0,0,0,1,0.0000,0.0000
2004,12,11,5,30,-4.5,0,0,0,1,0.0000,0.0000
2004,12,11,6,0,-4.4,0,0,0,0.9,0.0000,0.0000
2004,12,11,6,30,-4.3,0,0,0,0.9,0.0000,0.0000
2004,12,11,7,0,-4.1000000000000005,0,0,0,0.8,0.0000,0.0000
2004,12,11,7,30,-3.5,0,0,0,1.1,0.0000,0.0000
2004,12,11,8,0,-3,14,267,23,1.4000000000000001,0.0000,0.0000
2004,12,11,8,30,-1.9000000000000001,29,506,83,2.1,0.0000,0.0000
2004,12,11,9,0,-0.9,74,2,74,2.7,1.1439,0.8722
2004,12,11,9,30,0.1,120,9,123,3.1,5.3467,4.1036
2004,12,11,10,0,1,167,141,209,3.5,5.6103,4.3304
2004,12,11,10,30,2,200,71,225,3.9000000000000004,4.6263,3.5846
2004,12,11,11,0,3,224,87,257,4.3,6.7057,5.2086
2004,12,11,11,30,3.9000000000000004,233,152,295,4.6000000000000005,8.2222,6.3960
2004,12,11,12,0,4.7,248,103,291,4.9,4.4851,3.4915
2004,12,11,12,30,5.2,235,208,324,5.1000000000000005,8.3914,6.5331
2004,12,11,13,0,5.800000000000001,216,269,328,5.2,13.3551,10.3923
2004,12,11,13,30,6.1000000000000005,135,581,365,5.300000000000001,5.8461,4.5438
2004,12,11,14,0,6.4,123,565,328,5.300000000000001,10.1527,7.8747
2004,12,11,14,30,6,115,476,267,4.800000000000001,10.9815,8.4897
2004,12,11,15,0,5.6000000000000005,122,301,203,4.3,5.2584,4.0451
2004,12,11,15,30,4.7,109,19,113,4.1000000000000005,4.6882,3.5826
2004,12,11,16,0,3.8000000000000003,64,216,94,4,0.0000,0.0000
2004,12,11,16,30,3.2,21,1,21,4.1000000000000005,0.0000,0.0000
2004,12,11,17,0,2.5,0,0,0,4.3,0.0000,0.0000
2004,12,11,17,30,2.2,0,0,0,4.4,0.0000,0.0000
2004,12,11,18,0,1.9000000000000001,0,0,0,4.5,0.0000,0.0000
2004,12,11,18,30,1.7000000000000002,0,0,0,4.4,0.0000,0.0000
2004,12,11,19,0,1.4000000000000001,0,0,0,4.2,0.0000,0.0000
2004,12,11,19,30,1.4000000000000001,0,0,0,4.1000000000000005,0.0000,0.0000
2004,12,11,20,0,1.3,0,0,0,3.9000000000000004,0.0000,0.0000
2004,12,11,20,30,1.1,0,0,0,3.8000000000000003,0.0000,0.0000
2004,12,11,21,0,0.8,0,0,0,3.6,0.0000,0.0000
2004,12,11,21,30,0.8,0,0,0,3.7,0.0000,0.0000
2004,12,11,22,0,0.8,0,0,0,3.8000000000000003,0.0000,0.0000
2004,12,11,22,30,0.9,0,0,0,3.8000000000000003,0.0000,0.0000
2004,12,11,23,0,1.1,0,0,0,3.7,0.0000,0.0000
2004,12,11,23,30,1.6,0,0,0,3.6,0.0000,0.0000
2004,12,12,0,0,2,0,0,0,3.5,0.0000,0.0000
2004,12,12,0,30,3,0,0,0,4.1000000000000005,0.0000,0.0000
2004,12,12,1,0,3.9000000000000004,0,0,0,4.7,0.0000,0.0000
2004,12,12,1,30,4.4,0,0,0,5.6000000000000005,0.0000,0.0000
2004,12,12,2,0,4.9,0,0,0,6.5,0.0000,0.0000
2004,12,12,2,30,5.4,0,0,0,7,0.0000,0.0000
2004,12,12,3,0,5.9,0,0,0,7.4,0.0000,0.0000
2004,12,12,3,30,6.2,0,0,0,7.7,0.0000,0.0000
2004,12,12,4,0,6.5,0,0,0,7.9,0.0000,0.0000
2004,12,12,4,30,6.1000000000000005,0,0,0,8.1,0.0000,0.0000
2004,12,12,5,0,5.6000000000000005,0,0,0,8.200000000000001,0.0000,0.0000
2004,12,12,5,30,4.9,0,0,0,8.6,0.0000,0.0000
2004,12,12,6,0,4.1000000000000005,0,0,0,9,0.0000,0.0000
2004,12,12,6,30,3.4000000000000004,0,0,0,8.9,0.0000,0.0000
2004,12,12,7,0,2.7,0,0,0,8.9,0.0000,0.0000
2004,12,12,7,30,2.5,0,0,0,9,0.0000,0.0000
2004,12,12,8,0,2.3000000000000003,13,299,22,9.1,0.0000,0.0000
2004,12,12,8,30,2.7,27,548,85,9.200000000000001,0.0000,0.0000
2004,12,12,9,0,3.1,95,130,118,9.4,3.5271,2.6890
2004,12,12,9,30,3.6,42,774,230,9.600000000000001,5.9722,4.5826
2004,12,12,10,0,4.1000000000000005,174,120,210,9.700000000000001,10.4575,8.0703
2004,12,12,10,30,4.5,134,450,290,9.700000000000001,11.5536,8.9508
2004,12,12,11,0,4.9,230,85,263,9.700000000000001,13.4517,10.4472
2004,12,12,11,30,5.1000000000000005,233,206,317,9.600000000000001,15.6367,12.1626
2004,12,12,12,0,5.300000000000001,216,333,356,9.5,15.5273,12.0865
2004,12,12,12,30,5.300000000000001,52,930,447,9.5,17.3072,13.4736
2004,12,12,13,0,5.300000000000001,52,924,436,9.4,17.4442,13.5736
2004,12,12,13,30,5.1000000000000005,195,113,240,9.3,19.2145,14.9333
2004,12,12,14,0,4.9,50,897,376,9.3,16.9843,13.1729
2004,12,12,14,30,4.5,48,864,324,9.200000000000001,13.5081,10.4426
2004,12,12,15,0,4,43,819,262,9,9.9744,7.6726
2004,12,12,15,30,3.3000000000000003,106,7,107,8.6,5.4058,4.1310
2004,12,12,16,0,2.5,61,314,104,8.200000000000001,0.0000,0.0000
2004,12,12,16,30,1.7000000000000002,27,4,28,7.9,0.0000,0.0000
2004,12,12,17,0,0.8,0,0,0,7.6000000000000005,0.0000,0.0000
2004,12,12,17,30,0.4,0,0,0,7.6000000000000005,0.0000,0.0000
2004,12,12,18,0,0,0,0,0,7.7,0.0000,0.0000
2004,12,12,18,30,-0.30000000000000004,0,0,0,7.7,0.0000,0.0000
2004,12,12,19,0,-0.6000000000000001,0,0,0,7.7,0.0000,0.0000
2004,12,12,19,30,-0.9,0,0,0,7.6000000000000005,0.0000,0.0000
2004,12,12,20,0,-1.3,0,0,0,7.5,0.0000,0.0000
2004,12,12,20,30,-1.6,0,0,0,7.4,0.0000,0.0000
2004,12,12,21,0,-1.8,0,0,0,7.300000000000001,0.0000,0.0000
2004,12,12,21,30,-2.1,0,0,0,7.2,0.0000,0.0000
2004,12,12,22,0,-2.3000000000000003,0,0,0,7.2,0.0000,0.0000
2004,12,12,22,30,-2.5,0,0,0,7,0.0000,0.0000
2004,12,12,23,0,-2.8000000000000003,0,0,0,6.800000000000001,0.0000,0.0000
2004,12,12,23,30,-3,0,0,0,6.6000000000000005,0.0000,0.0000
2004,12,13,0,0,-3.2,0,0,0,6.4,0.0000,0.0000
2004,12,13,0,30,-3.4000000000000004,0,0,0,6.2,0.0000,0.0000
2004,12,13,1,0,-3.5,0,0,0,6,0.0000,0.0000
2004,12,13,1,30,-3.7,0,0,0,5.9,0.0000,0.0000
2004,12,13,2,0,-3.8000000000000003,0,0,0,5.9,0.0000,0.0000
2004,12,13,2,30,-3.9000000000000004,0,0,0,5.9,0.0000,0.0000
2004,12,13,3,0,-4.1000000000000005,0,0,0,6,0.0000,0.0000
2004,12,13,3,30,-4.2,0,0,0,6.1000000000000005,0.0000,0.0000
2004,12,13,4,0,-4.4,0,0,0,6.300000000000001,0.0000,0.0000
2004,12,13,4,30,-4.6000000000000005,0,0,0,6.4,0.0000,0.0000
2004,12,13,5,0,-4.800000000000001,0,0,0,6.5,0.0000,0.0000
2004,12,13,5,30,-5.1000000000000005,0,0,0,6.6000000000000005,0.0000,0.0000
2004,12,13,6,0,-5.4,0,0,0,6.6000000000000005,0.0000,0.0000
2004,12,13,6,30,-5.6000000000000005,0,0,0,6.7,0.0000,0.0000
2004,12,13,7,0,-5.800000000000001,0,0,0,6.7,0.0000,0.0000
2004,12,13,7,30,-5.800000000000001,0,0,0,6.9,0.0000,0.0000
2004,12,13,8,0,-5.800000000000001,6,0,6,7.2,0.0000,0.0000
2004,12,13,8,30,-5.5,41,1,41,7.4,0.0000,0.0000
2004,12,13,9,0,-5.2,102,85,117,7.6000000000000005,5.6247,4.2875
2004,12,13,9,30,-4.7,44,821,241,7.6000000000000005,11.1567,8.5590
2004,12,13,10,0,-4.3,47,882,309,7.6000000000000005,10.4968,8.0992
2004,12,13,10,30,-3.9000000000000004,50,919,366,7.5,14.8780,11.5249
2004,12,13,11,0,-3.4000000000000004,50,948,411,7.4,13.7556,10.6823
2004,12,13,11,30,-3,51,963,443,7.4,16.7912,13.0595
2004,12,13,12,0,-2.7,51,973,460,7.300000000000001,18.9843,14.7765
2004,12,13,12,30,-2.5,51,975,464,7.300000000000001,23.8652,18.5780
2004,12,13,13,0,-2.3000000000000003,49,971,452,7.2,23.1775,18.0339
2004,12,13,13,30,-2.2,48,959,426,7.1000000000000005,12.6301,9.8157
2004,12,13,14,0,-2.2,48,937,387,7,19.4648,15.0962
2004,12,13,14,30,-2.5,45,906,335,6.800000000000001,16.3888,12.6692
2004,12,13,15,0,-2.7,42,860,272,6.6000000000000005,12.8733,9.9026
2004,12,13,15,30,-3.3000000000000003,37,792,200,5.9,5.1187,3.9116
2004,12,13,16,0,-3.8000000000000003,30,683,124,5.2,0.0000,0.0000
2004,12,13,16,30,-4.6000000000000005,19,496,51,4.4,0.0000,0.0000
2004,12,13,17,0,-5.300000000000001,0,0,0,3.6,0.0000,0.0000
2004,12,13,17,30,-5.6000000000000005,0,0,0,3.3000000000000003,0.0000,0.0000
2004,12,13,18,0,-5.9,0,0,0,3,0.0000,0.0000
2004,12,13,18,30,-6.1000000000000005,0,0,0,3,0.0000,0.0000
2004,12,13,19,0,-6.2,0,0,0,2.9000000000000004,0.0000,0.0000
2004,12,13,19,30,-6.300000000000001,0,0,0,2.8000000000000003,0.0000,0.0000
2004,12,13,20,0,-6.4,0,0,0,2.8000000000000003,0.0000,0.0000
2004,12,13,20,30,-6.6000000000000005,0,0,0,2.8000000000000003,0.0000,0.0000
2004,12,13,21,0,-6.7,0,0,0,2.8000000000000003,0.0000,0.0000
2004,12,13,21,30,-6.800000000000001,0,0,0,2.7,0.0000,0.0000
2004,12,13,22,0,-6.9,0,0,0,2.6,0.0000,0.0000
2004,12,13,22,30,-7,0,0,0,2.5,0.0000,0.0000
2004,12,13,23,0,-7.1000000000000005,0,0,0,2.3000000000000003,0.0000,0.0000
2004,12,13,23,30,-7.2,0,0,0,2.2,0.0000,0.0000
2004,12,14,0,0,-7.2,0,0,0,2.1,0.0000,0.0000
2004,12,14,0,30,-7.300000000000001,0,0,0,2.1,0.0000,0.0000
2004,12,14,1,0,-7.300000000000001,0,0,0,2,0.0000,0.0000
2004,12,14,1,30,-7.300000000000001,0,0,0,2,0.0000,0.0000
2004,12,14,2,0,-7.300000000000001,0,0,0,2,0.0000,0.0000
2004,12,14,2,30,-7.300000000000001,0,0,0,2,0.0000,0.0000
2004,12,14,3,0,-7.4,0,0,0,1.9000000000000001,0.0000,0.0000
2004,12,14,3,30,-7.300000000000001,0,0,0,1.9000000000000001,0.0000,0.0000
2004,12,14,4,0,-7.300000000000001,0,0,0,1.8,0.0000,0.0000
2004,12,14,4,30,-7.300000000000001,0,0,0,1.7000000000000002,0.0000,0.0000
2004,12,14,5,0,-7.2,0,0,0,1.6,0.0000,0.0000
2004,12,14,5,30,-7.2,0,0,0,1.5,0.0000,0.0000
2004,12,14,6,0,-7.2,0,0,0,1.4000000000000001,0.0000,0.0000
2004,12,14,6,30,-7.2,0,0,0,1.4000000000000001,0.0000,0.0000
2004,12,14,7,0,-7.300000000000001,0,0,0,1.4000000000000001,0.0000,0.0000
2004,12,14,7,30,-7,0,0,0,1.9000000000000001,0.0000,0.0000
2004,12,14,8,0,-6.800000000000001,13,326,21,2.3000000000000003,0.0000,0.0000
2004,12,14,8,30,-5.9,25,582,85,2.8000000000000003,0.0000,0.0000
2004,12,14,9,0,-4.9,34,723,160,3.3000000000000003,5.5777,4.2511
2004,12,14,9,30,-3.8000000000000003,40,809,233,3.6,11.6801,8.9587
2004,12,14,10,0,-2.6,43,868,300,3.9000000000000004,15.4294,11.9032
2004,12,14,10,30,-1.4000000000000001,46,905,356,4.2,18.7604,14.5304
2004,12,14,11,0,-0.1,48,931,402,4.5,21.4786,16.6781
2004,12,14,11,30,0.9,50,947,434,4.7,23.4509,18.2378
2004,12,14,12,0,1.8,49,957,451,4.9,24.5175,19.0822
2004,12,14,12,30,2.3000000000000003,49,959,455,5,24.7619,19.2751
2004,12,14,13,0,2.9000000000000004,48,956,443,5,24.0190,18.6878
2004,12,14,13,30,3.1,47,944,418,4.9,22.4131,17.4181
2004,12,14,14,0,3.3000000000000003,45,924,380,4.800000000000001,20.0308,15.5348
2004,12,14,14,30,3,43,893,328,4.2,16.9436,13.0979
2004,12,14,15,0,2.7,40,845,267,3.7,13.3647,10.2806
2004,12,14,15,30,1.3,36,777,196,3.1,9.5681,7.3119
2004,12,14,16,0,-0.2,29,669,121,2.5,0.0000,0.0000
2004,12,14,16,30,-0.8,19,482,50,3,0.0000,0.0000
2004,12,14,17,0,-1.4000000000000001,0,0,0,3.6,0.0000,0.0000
2004,12,14,17,30,-1.4000000000000001,0,0,0,4.1000000000000005,0.0000,0.0000
2004,12,14,18,0,-1.5,0,0,0,4.7,0.0000,0.0000
2004,12,14,18,30,-1.8,0,0,0,4.800000000000001,0.0000,0.0000
2004,12,14,19,0,-2.1,0,0,0,5,0.0000,0.0000
2004,12,14,19,30,-2.3000000000000003,0,0,0,5.1000000000000005,0.0000,0.0000
2004,12,14,20,0,-2.6,0,0,0,5.2,0.0000,0.0000
2004,12,14,20,30,-2.8000000000000003,0,0,0,5.2,0.0000,0.0000
2004,12,14,21,0,-3.1,0,0,0,5.300000000000001,0.0000,0.0000
2004,12,14,21,30,-3.3000000000000003,0,0,0,5.4,0.0000,0.0000
2004,12,14,22,0,-3.5,0,0,0,5.4,0.0000,0.0000
2004,12,14,22,30,-3.7,0,0,0,5.5,0.0000,0.0000
2004,12,14,23,0,-3.9000000000000004,0,0,0,5.5,0.0000,0.0000
2004,12,14,23,30,-4.1000000000000005,0,0,0,5.5,0.0000,0.0000
2004,12,15,0,0,-4.2,0,0,0,5.6000000000000005,0.0000,0.0000
2004,12,15,0,30,-4.3,0,0,0,5.6000000000000005,0.0000,0.0000
2004,12,15,1,0,-4.4,0,0,0,5.7,0.0000,0.0000
2004,12,15,1,30,-4.4,0,0,0,5.7,0.0000,0.0000
2004,12,15,2,0,-4.4,0,0,0,5.800000000000001,0.0000,0.0000
2004,12,15,2,30,-4.3,0,0,0,5.9,0.0000,0.0000
2004,12,15,3,0,-4.2,0,0,0,5.9,0.0000,0.0000
2004,12,15,3,30,-4.1000000000000005,0,0,0,5.9,0.0000,0.0000
2004,12,15,4,0,-4,0,0,0,5.800000000000001,0.0000,0.0000
2004,12,15,4,30,-3.8000000000000003,0,0,0,5.800000000000001,0.0000,0.0000
2004,12,15,5,0,-3.7,0,0,0,5.7,0.0000,0.0000
2004,12,15,5,30,-3.7,0,0,0,5.5,0.0000,0.0000
2004,12,15,6,0,-3.8000000000000003,0,0,0,5.300000000000001,0.0000,0.0000
2004,12,15,6,30,-3.9000000000000004,0,0,0,5.2,0.0000,0.0000
2004,12,15,7,0,-4.1000000000000005,0,0,0,5.1000000000000005,0.0000,0.0000
2004,12,15,7,30,-4,0,0,0,5.2,0.0000,0.0000
2004,12,15,8,0,-3.8000000000000003,6,0,6,5.2,0.0000,0.0000
2004,12,15,8,30,-3,41,1,41,5.300000000000001,0.0000,0.0000
2004,12,15,9,0,-2.2,94,24,98,5.300000000000001,7.6289,5.8139
2004,12,15,9,30,-1,135,40,145,5.4,11.2835,8.6529
2004,12,15,10,0,0.30000000000000004,121,369,230,5.5,14.9661,11.5439
2004,12,15,10,30,1.6,134,406,273,5.300000000000001,18.2315,14.1191
2004,12,15,11,0,2.9000000000000004,122,547,329,5,20.9944,16.3008
2004,12,15,11,30,3.9000000000000004,130,654,394,4.6000000000000005,22.9602,17.8549
2004,12,15,12,0,4.9,61,872,426,4.3,24.0271,18.6995
2004,12,15,12,30,5.4,61,874,430,3.9000000000000004,24.2726,18.8934
2004,12,15,13,0,6,61,868,420,3.5,23.5336,18.3095
2004,12,15,13,30,5.800000000000001,59,850,394,3,21.9870,17.0864
2004,12,15,14,0,5.6000000000000005,58,825,357,2.5,19.6651,15.2509
2004,12,15,14,30,4.800000000000001,55,791,308,2.4000000000000004,16.5880,12.8229
2004,12,15,15,0,4.1000000000000005,50,739,248,2.3000000000000003,13.1190,10.0916
2004,12,15,15,30,3.2,44,663,181,2.4000000000000004,9.3772,7.1662
2004,12,15,16,0,2.4000000000000004,75,39,80,2.5,0.0000,0.0000
2004,12,15,16,30,2,25,0,25,2.6,0.0000,0.0000
2004,12,15,17,0,1.5,0,0,0,2.6,0.0000,0.0000
2004,12,15,17,30,1.5,0,0,0,2.6,0.0000,0.0000
2004,12,15,18,0,1.4000000000000001,0,0,0,2.6,0.0000,0.0000
2004,12,15,18,30,1.2000000000000002,0,0,0,2.5,0.0000,0.0000
2004,12,15,19,0,1,0,0,0,2.5,0.0000,0.0000
2004,12,15,19,30,0.8,0,0,0,2.6,0.0000,0.0000
2004,12,15,20,0,0.6000000000000001,0,0,0,2.7,0.0000,0.0000
2004,12,15,20,30,0.5,0,0,0,3,0.0000,0.0000
2004,12,15,21,0,0.4,0,0,0,3.3000000000000003,0.0000,0.0000
2004,12,15,21,30,0.5,0,0,0,3.5,0.0000,0.0000
2004,12,15,22,0,0.5,0,0,0,3.8000000000000003,0.0000,0.0000
2004,12,15,22,30,0.6000000000000001,0,0,0,4,0.0000,0.0000
2004,12,15,23,0,0.8,0,0,0,4.2,0.0000,0.0000
2004,12,15,23,30,0.7000000000000001,0,0,0,4.3,0.0000,0.0000
2004,12,16,0,0,0.6000000000000001,0,0,0,4.3,0.0000,0.0000
2004,12,16,0,30,0.4,0,0,0,4.4,0.0000,0.0000
2004,12,16,1,0,0.2,0,0,0,4.4,0.0000,0.0000
2004,12,16,1,30,0.1,0,0,0,4.4,0.0000,0.0000
2004,12,16,2,0,0,0,0,0,4.4,0.0000,0.0000
2004,12,16,2,30,-0.1,0,0,0,4.4,0.0000,0.0000
2004,12,16,3,0,-0.2,0,0,0,4.4,0.0000,0.0000
2004,12,16,3,30,-0.2,0,0,0,4.4,0.0000,0.0000
2004,12,16,4,0,-0.30000000000000004,0,0,0,4.5,0.0000,0.0000
2004,12,16,4,30,-0.4,0,0,0,4.5,0.0000,0.0000
2004,12,16,5,0,-0.5,0,0,0,4.5,0.0000,0.0000
2004,12,16,5,30,-0.5,0,0,0,4.5,0.0000,0.0000
2004,12,16,6,0,-0.5,0,0,0,4.6000000000000005,0.0000,0.0000
2004,12,16,6,30,-0.5,0,0,0,4.5,0.0000,0.0000
2004,12,16,7,0,-0.4,0,0,0,4.4,0.0000,0.0000
2004,12,16,7,30,-0.30000000000000004,0,0,0,4.4,0.0000,0.0000
2004,12,16,8,0,-0.1,12,230,17,4.4,0.0000,0.0000
2004,12,16,8,30,0.30000000000000004,27,492,75,4.800000000000001,0.0000,0.0000
2004,12,16,9,0,0.7000000000000001,37,648,147,5.1000000000000005,0.0000,0.0000
2004,12,16,9,30,1.6,44,740,218,5.2,7.0165,5.3797
2004,12,16,10,0,2.4000000000000004,46,809,283,5.300000000000001,11.4644,8.8417
2004,12,16,10,30,3.3000000000000003,50,850,339,5.4,13.9696,10.8173
2004,12,16,11,0,4.2,52,877,383,5.4,17.1706,13.3307
2004,12,16,11,30,4.800000000000001,54,894,415,5.4,20.8327,16.1995
2004,12,16,12,0,5.4,52,908,432,5.5,22.6851,17.6542
2004,12,16,12,30,5.6000000000000005,52,910,436,5.5,22.9305,17.8480
2004,12,16,13,0,5.800000000000001,53,904,426,5.5,22.3067,17.3545
2004,12,16,13,30,5.7,52,898,405,5.4,20.7196,16.1011
2004,12,16,14,0,5.6000000000000005,51,875,367,5.300000000000001,18.4733,14.3264
2004,12,16,14,30,5,48,843,318,4.7,15.5766,12.0410
2004,12,16,15,0,4.5,45,801,260,4.1000000000000005,12.1865,9.3745
2004,12,16,15,30,2.7,39,731,191,3.1,8.6604,6.6186
2004,12,16,16,0,0.8,32,617,118,2.1,0.0000,0.0000
2004,12,16,16,30,-0.4,20,439,49,2,0.0000,0.0000
2004,12,16,17,0,-1.5,0,0,0,1.8,0.0000,0.0000
2004,12,16,17,30,-1.6,0,0,0,1.7000000000000002,0.0000,0.0000
2004,12,16,18,0,-1.8,0,0,0,1.6,0.0000,0.0000
2004,12,16,18,30,-1.8,0,0,0,1.5,0.0000,0.0000
2004,12,16,19,0,-1.8,0,0,0,1.5,0.0000,0.0000
2004,12,16,19,30,-1.8,0,0,0,1.4000000000000001,0.0000,0.0000
2004,12,16,20,0,-1.8,0,0,0,1.3,0.0000,0.0000
2004,12,16,20,30,-1.8,0,0,0,1.2000000000000002,0.0000,0.0000
2004,12,16,21,0,-1.8,0,0,0,1.1,0.0000,0.0000
2004,12,16,21,30,-2,0,0,0,1.1,0.0000,0.0000
2004,12,16,22,0,-2.2,0,0,0,1.1,0.0000,0.0000
2004,12,16,22,30,-2.2,0,0,0,1,0.0000,0.0000
2004,12,16,23,0,-2.3000000000000003,0,0,0,1,0.0000,0.0000
2004,12,16,23,30,-2.3000000000000003,0,0,0,0.9,0.0000,0.0000
2004,12,17,0,0,-2.4000000000000004,0,0,0,0.9,0.0000,0.0000
2004,12,17,0,30,-2.5,0,0,0,0.9,0.0000,0.0000
2004,12,17,1,0,-2.6,0,0,0,0.8,0.0000,0.0000
2004,12,17,1,30,-2.7,0,0,0,0.8,0.0000,0.0000
2004,12,17,2,0,-2.7,0,0,0,0.8,0.0000,0.0000
2004,12,17,2,30,-2.7,0,0,0,0.8,0.0000,0.0000
2004,12,17,3,0,-2.8000000000000003,0,0,0,0.8,0.0000,0.0000
2004,12,17,3,30,-2.8000000000000003,0,0,0,0.9,0.0000,0.0000
2004,12,17,4,0,-2.8000000000000003,0,0,0,1,0.0000,0.0000
2004,12,17,4,30,-3.1,0,0,0,1.1,0.0000,0.0000
2004,12,17,5,0,-3.4000000000000004,0,0,0,1.3,0.0000,0.0000
2004,12,17,5,30,-3.6,0,0,0,1.4000000000000001,0.0000,0.0000
2004,12,17,6,0,-3.8000000000000003,0,0,0,1.6,0.0000,0.0000
2004,12,17,6,30,-3.8000000000000003,0,0,0,1.9000000000000001,0.0000,0.0000
2004,12,17,7,0,-3.9000000000000004,0,0,0,2.2,0.0000,0.0000
2004,12,17,7,30,-3.7,0,0,0,2.4000000000000004,0.0000,0.0000
2004,12,17,8,0,-3.5,12,223,16,2.6,0.0000,0.0000
2004,12,17,8,30,-2.7,27,486,74,2.8000000000000003,0.0000,0.0000
2004,12,17,9,0,-1.9000000000000001,91,19,94,3.1,0.0000,0.0000
2004,12,17,9,30,-0.9,43,736,216,3.4000000000000004,10.5409,8.0804
2004,12,17,10,0,0.1,48,800,281,3.7,14.0943,10.8684
2004,12,17,10,30,1,51,841,336,3.9000000000000004,17.3345,13.4215
2004,12,17,11,0,2,55,860,379,4.1000000000000005,19.9772,15.5086
2004,12,17,11,30,2.6,230,173,300,4.2,21.9329,17.0540
2004,12,17,12,0,3.1,60,881,428,4.2,22.9960,17.8954
2004,12,17,12,30,3.5,60,883,432,4.2,23.2435,18.0911
2004,12,17,13,0,3.8000000000000003,177,363,327,4.2,22.6202,17.5980
2004,12,17,13,30,3.9000000000000004,147,433,317,3.9000000000000004,21.2963,16.5491
2004,12,17,14,0,4,145,399,289,3.6,18.9907,14.7277
2004,12,17,14,30,3.4000000000000004,165,64,185,2.9000000000000004,16.0838,12.4333
2004,12,17,15,0,2.8000000000000003,139,121,171,2.3000000000000003,12.7785,9.8302
2004,12,17,15,30,2.3000000000000003,109,45,118,2.3000000000000003,9.1402,6.9856
2004,12,17,16,0,1.8,65,12,67,2.4000000000000004,0.0000,0.0000
2004,12,17,16,30,1.7000000000000002,17,0,17,2.6,0.0000,0.0000
2004,12,17,17,0,1.7000000000000002,0,0,0,2.8000000000000003,0.0000,0.0000
2004,12,17,17,30,1.4000000000000001,0,0,0,3,0.0000,0.0000
2004,12,17,18,0,1.2000000000000002,0,0,0,3.1,0.0000,0.0000
2004,12,17,18,30,0.9,0,0,0,3.3000000000000003,0.0000,0.0000
2004,12,17,19,0,0.7000000000000001,0,0,0,3.5,0.0000,0.0000
2004,12,17,19,30,0.6000000000000001,0,0,0,3.7,0.0000,0.0000
2004,12,17,20,0,0.6000000000000001,0,0,0,3.9000000000000004,0.0000,0.0000
2004,12,17,20,30,0.8,0,0,0,4.5,0.0000,0.0000
2004,12,17,21,0,1,0,0,0,5,0.0000,0.0000
2004,12,17,21,30,1.1,0,0,0,5.300000000000001,0.0000,0.0000
2004,12,17,22,0,1.2000000000000002,0,0,0,5.6000000000000005,0.0000,0.0000
2004,12,17,22,30,1.1,0,0,0,5.5,0.0000,0.0000
2004,12,17,23,0,1,0,0,0,5.4,0.0000,0.0000
2004,12,17,23,30,0.8,0,0,0,5.2,0.0000,0.0000
2004,12,18,0,0,0.6000000000000001,0,0,0,4.9,0.0000,0.0000
2004,12,18,0,30,0.6000000000000001,0,0,0,4.7,0.0000,0.0000
2004,12,18,1,0,0.6000000000000001,0,0,0,4.5,0.0000,0.0000
2004,12,18,1,30,0.4,0,0,0,4.5,0.0000,0.0000
2004,12,18,2,0,0.2,0,0,0,4.5,0.0000,0.0000
2004,12,18,2,30,0,0,0,0,4.6000000000000005,0.0000,0.0000
2004,12,18,3,0,-0.30000000000000004,0,0,0,4.6000000000000005,0.0000,0.0000
2004,12,18,3,30,-0.6000000000000001,0,0,0,4.6000000000000005,0.0000,0.0000
2004,12,18,4,0,-0.8,0,0,0,4.6000000000000005,0.0000,0.0000
2004,12,18,4,30,-0.7000000000000001,0,0,0,4.7,0.0000,0.0000
2004,12,18,5,0,-0.7000000000000001,0,0,0,4.800000000000001,0.0000,0.0000
2004,12,18,5,30,-0.5,0,0,0,4.7,0.0000,0.0000
2004,12,18,6,0,-0.30000000000000004,0,0,0,4.6000000000000005,0.0000,0.0000
2004,12,18,6,30,-0.2,0,0,0,4.6000000000000005,0.0000,0.0000
2004,12,18,7,0,-0.1,0,0,0,4.6000000000000005,0.0000,0.0000
2004,12,18,7,30,0.1,0,0,0,4.7,0.0000,0.0000
2004,12,18,8,0,0.30000000000000004,6,0,6,4.9,0.0000,0.0000
2004,12,18,8,30,0.9,26,487,73,5.1000000000000005,0.0000,0.0000
2004,12,18,9,0,1.6,36,644,144,5.300000000000001,0.0000,0.0000
2004,12,18,9,30,2.5,132,91,153,5.6000000000000005,10.4372,7.9995
2004,12,18,10,0,3.5,48,802,280,6,13.9843,10.7822
2004,12,18,10,30,4.2,51,843,336,6.6000000000000005,17.1703,13.2932
2004,12,18,11,0,5,54,871,380,7.2,19.7570,15.3365
2004,12,18,11,30,5,55,889,412,7.5,15.8489,12.3228
2004,12,18,12,0,5.1000000000000005,195,15,202,7.7,22.7745,17.7223
2004,12,18,12,30,4.800000000000001,168,3,169,7.800000000000001,23.0252,17.9206
2004,12,18,13,0,4.4,123,0,123,7.9,17.3608,13.5060
2004,12,18,13,30,3.8000000000000003,82,0,82,7.9,16.6690,12.9532
2004,12,18,14,0,3.2,191,20,198,7.9,14.9558,11.5987
2004,12,18,14,30,2.3000000000000003,81,0,81,7.800000000000001,9.3586,7.2347
2004,12,18,15,0,1.4000000000000001,58,0,58,7.7,8.4066,6.4673
2004,12,18,15,30,0.30000000000000004,56,0,56,7.300000000000001,5.6479,4.3168
2004,12,18,16,0,-0.8,29,0,29,6.9,0.0000,0.0000
2004,12,18,16,30,-1.8,20,0,20,6.4,0.0000,0.0000
2004,12,18,17,0,-2.8000000000000003,0,0,0,5.9,0.0000,0.0000
2004,12,18,17,30,-3.4000000000000004,0,0,0,5.7,0.0000,0.0000
2004,12,18,18,0,-4,0,0,0,5.5,0.0000,0.0000
2004,12,18,18,30,-4.4,0,0,0,5.6000000000000005,0.0000,0.0000
2004,12,18,19,0,-4.9,0,0,0,5.7,0.0000,0.0000
2004,12,18,19,30,-5.4,0,0,0,5.800000000000001,0.0000,0.0000
2004,12,18,20,0,-5.9,0,0,0,5.9,0.0000,0.0000
2004,12,18,20,30,-6.4,0,0,0,6,0.0000,0.0000
2004,12,18,21,0,-7,0,0,0,6.1000000000000005,0.0000,0.0000
2004,12,18,21,30,-7.6000000000000005,0,0,0,6.2,0.0000,0.0000
2004,12,18,22,0,-8.1,0,0,0,6.300000000000001,0.0000,0.0000
2004,12,18,22,30,-8.700000000000001,0,0,0,6.4,0.0000,0.0000
2004,12,18,23,0,-9.200000000000001,0,0,0,6.4,0.0000,0.0000
2004,12,18,23,30,-9.700000000000001,0,0,0,6.4,0.0000,0.0000
2004,12,19,0,0,-10.100000000000001,0,0,0,6.4,0.0000,0.0000
2004,12,19,0,30,-10.600000000000001,0,0,0,6.2,0.0000,0.0000
2004,12,19,1,0,-11.100000000000001,0,0,0,6.1000000000000005,0.0000,0.0000
2004,12,19,1,30,-11.600000000000001,0,0,0,5.9,0.0000,0.0000
2004,12,19,2,0,-12.100000000000001,0,0,0,5.6000000000000005,0.0000,0.0000
2004,12,19,2,30,-12.700000000000001,0,0,0,5.5,0.0000,0.0000
2004,12,19,3,0,-13.200000000000001,0,0,0,5.300000000000001,0.0000,0.0000
2004,12,19,3,30,-13.8,0,0,0,5.1000000000000005,0.0000,0.0000
2004,12,19,4,0,-14.3,0,0,0,4.800000000000001,0.0000,0.0000
2004,12,19,4,30,-14.8,0,0,0,4.5,0.0000,0.0000
2004,12,19,5,0,-15.3,0,0,0,4.2,0.0000,0.0000
2004,12,19,5,30,-15.700000000000001,0,0,0,3.8000000000000003,0.0000,0.0000
2004,12,19,6,0,-16.1,0,0,0,3.3000000000000003,0.0000,0.0000
2004,12,19,6,30,-16.400000000000002,0,0,0,3,0.0000,0.0000
2004,12,19,7,0,-16.7,0,0,0,2.7,0.0000,0.0000
2004,12,19,7,30,-16.8,0,0,0,2.4000000000000004,0.0000,0.0000
2004,12,19,8,0,-16.900000000000002,11,290,16,2.1,0.0000,0.0000
2004,12,19,8,30,-16.400000000000002,23,545,74,2,0.0000,0.0000
2004,12,19,9,0,-15.9,92,25,96,1.8,0.0000,0.0000
2004,12,19,9,30,-15.200000000000001,40,767,218,2,7.3886,5.6621
2004,12,19,10,0,-14.5,169,56,185,2.3000000000000003,13.9242,10.7345
2004,12,19,10,30,-13.9,193,39,206,2.6,17.1594,13.2836
2004,12,19,11,0,-13.3,208,31,220,2.9000000000000004,19.7992,15.3683
2004,12,19,11,30,-12.700000000000001,182,13,187,3.3000000000000003,21.7573,16.9159
2004,12,19,12,0,-12.100000000000001,183,488,386,3.7,10.7463,8.3622
2004,12,19,12,30,-11.4,189,9,193,4.1000000000000005,9.0062,7.0095
2004,12,19,13,0,-10.600000000000001,209,22,218,4.5,6.5297,5.0798
2004,12,19,13,30,-9.8,197,116,243,4.800000000000001,4.3119,3.3507
2004,12,19,14,0,-9,213,75,240,5.1000000000000005,10.2474,7.9473
2004,12,19,14,30,-8.6,165,16,170,5.300000000000001,4.0987,3.1686
2004,12,19,15,0,-8.1,98,468,225,5.4,2.8521,2.1943
2004,12,19,15,30,-8,72,1,73,5.4,2.6809,2.0492
2004,12,19,16,0,-7.800000000000001,76,58,84,5.4,0.0000,0.0000
2004,12,19,16,30,-7.9,27,3,27,5.2,0.0000,0.0000
2004,12,19,17,0,-8,0,0,0,4.9,0.0000,0.0000
2004,12,19,17,30,-8,0,0,0,5.2,0.0000,0.0000
2004,12,19,18,0,-8,0,0,0,5.4,0.0000,0.0000
2004,12,19,18,30,-8,0,0,0,5.7,0.0000,0.0000
2004,12,19,19,0,-8,0,0,0,6,0.0000,0.0000
2004,12,19,19,30,-7.9,0,0,0,6.1000000000000005,0.0000,0.0000
2004,12,19,20,0,-7.9,0,0,0,6.300000000000001,0.0000,0.0000
2004,12,19,20,30,-7.800000000000001,0,0,0,6.5,0.0000,0.0000
2004,12,19,21,0,-7.7,0,0,0,6.7,0.0000,0.0000
2004,12,19,21,30,-7.5,0,0,0,6.9,0.0000,0.0000
2004,12,19,22,0,-7.300000000000001,0,0,0,7.1000000000000005,0.0000,0.0000
2004,12,19,22,30,-7.1000000000000005,0,0,0,7.1000000000000005,0.0000,0.0000
2004,12,19,23,0,-7,0,0,0,7.1000000000000005,0.0000,0.0000
2004,12,19,23,30,-6.800000000000001,0,0,0,7.1000000000000005,0.0000,0.0000
2004,12,20,0,0,-6.6000000000000005,0,0,0,7.1000000000000005,0.0000,0.0000
2004,12,20,0,30,-6.5,0,0,0,7,0.0000,0.0000
2004,12,20,1,0,-6.300000000000001,0,0,0,6.800000000000001,0.0000,0.0000
2004,12,20,1,30,-6.300000000000001,0,0,0,6.7,0.0000,0.0000
2004,12,20,2,0,-6.300000000000001,0,0,0,6.5,0.0000,0.0000
2004,12,20,2,30,-6.2,0,0,0,6.5,0.0000,0.0000
2004,12,20,3,0,-6.1000000000000005,0,0,0,6.5,0.0000,0.0000
2004,12,20,3,30,-6.2,0,0,0,6.300000000000001,0.0000,0.0000
2004,12,20,4,0,-6.2,0,0,0,6.2,0.0000,0.0000
2004,12,20,4,30,-6.300000000000001,0,0,0,6.1000000000000005,0.0000,0.0000
2004,12,20,5,0,-6.300000000000001,0,0,0,6,0.0000,0.0000
2004,12,20,5,30,-6.2,0,0,0,5.800000000000001,0.0000,0.0000
2004,12,20,6,0,-6.1000000000000005,0,0,0,5.6000000000000005,0.0000,0.0000
2004,12,20,6,30,-6,0,0,0,5.2,0.0000,0.0000
2004,12,20,7,0,-5.9,0,0,0,4.7,0.0000,0.0000
2004,12,20,7,30,-5.7,0,0,0,4.3,0.0000,0.0000
2004,12,20,8,0,-5.5,0,0,0,3.9000000000000004,0.0000,0.0000
2004,12,20,8,30,-4.9,22,0,22,3.6,0.0000,0.0000
2004,12,20,9,0,-4.3,67,11,69,3.4000000000000004,0.0000,0.0000
2004,12,20,9,30,-2.9000000000000004,129,82,148,3.2,10.5222,8.0625
2004,12,20,10,0,-1.5,30,0,30,3.1,9.1948,7.0878
2004,12,20,10,30,0.30000000000000004,56,798,324,3.2,10.5156,8.1399
2004,12,20,11,0,2.1,63,808,365,3.2,11.4589,8.8941
2004,12,20,11,30,3.3000000000000003,234,123,283,3.9000000000000004,9.8722,7.6752
2004,12,20,12,0,4.6000000000000005,224,31,237,4.6000000000000005,20.5304,15.9752
2004,12,20,12,30,5,67,850,424,5.5,10.2844,8.0042
2004,12,20,13,0,5.4,58,0,58,6.4,11.5730,9.0032
2004,12,20,13,30,5.300000000000001,172,7,175,6.800000000000001,12.7788,9.9303
2004,12,20,14,0,5.300000000000001,73,0,73,7.2,12.4233,9.6349
2004,12,20,14,30,5,105,1,105,6.800000000000001,8.6046,6.6524
2004,12,20,15,0,4.6000000000000005,54,0,54,6.300000000000001,11.0693,8.5170
2004,12,20,15,30,3.8000000000000003,3,0,3,5.2,3.4956,2.6722
2004,12,20,16,0,2.9000000000000004,74,22,77,4.2,0.0000,0.0000
2004,12,20,16,30,2.1,11,0,11,4.1000000000000005,0.0000,0.0000
2004,12,20,17,0,1.2000000000000002,0,0,0,4,0.0000,0.0000
2004,12,20,17,30,0.8,0,0,0,4,0.0000,0.0000
2004,12,20,18,0,0.5,0,0,0,3.9000000000000004,0.0000,0.0000
2004,12,20,18,30,0.1,0,0,0,4,0.0000,0.0000
2004,12,20,19,0,-0.2,0,0,0,4,0.0000,0.0000
2004,12,20,19,30,-0.5,0,0,0,4.1000000000000005,0.0000,0.0000
2004,12,20,20,0,-0.8,0,0,0,4.1000000000000005,0.0000,0.0000
2004,12,20,20,30,-1,0,0,0,4.2,0.0000,0.0000
2004,12,20,21,0,-1.1,0,0,0,4.4,0.0000,0.0000
2004,12,20,21,30,-1.1,0,0,0,4.6000000000000005,0.0000,0.0000
2004,12,20,22,0,-1.1,0,0,0,4.800000000000001,0.0000,0.0000
2004,12,20,22,30,-1.1,0,0,0,5.1000000000000005,0.0000,0.0000
2004,12,20,23,0,-1.1,0,0,0,5.300000000000001,0.0000,0.0000
2004,12,20,23,30,-1.1,0,0,0,5.4,0.0000,0.0000
2004,12,21,0,0,-1.1,0,0,0,5.4,0.0000,0.0000
2004,12,21,0,30,-1.1,0,0,0,5.800000000000001,0.0000,0.0000
2004,12,21,1,0,-1.1,0,0,0,6.1000000000000005,0.0000,0.0000
2004,12,21,1,30,-1.5,0,0,0,6.5,0.0000,0.0000
2004,12,21,2,0,-1.9000000000000001,0,0,0,6.9,0.0000,0.0000
2004,12,21,2,30,-2.7,0,0,0,7.1000000000000005,0.0000,0.0000
2004,12,21,3,0,-3.5,0,0,0,7.300000000000001,0.0000,0.0000
2004,12,21,3,30,-4.4,0,0,0,7.4,0.0000,0.0000
2004,12,21,4,0,-5.2,0,0,0,7.6000000000000005,0.0000,0.0000
2004,12,21,4,30,-5.9,0,0,0,7.4,0.0000,0.0000
2004,12,21,5,0,-6.6000000000000005,0,0,0,7.300000000000001,0.0000,0.0000
2004,12,21,5,30,-7.2,0,0,0,7,0.0000,0.0000
2004,12,21,6,0,-7.800000000000001,0,0,0,6.7,0.0000,0.0000
2004,12,21,6,30,-8.4,0,0,0,6.4,0.0000,0.0000
2004,12,21,7,0,-8.9,0,0,0,6.2,0.0000,0.0000
2004,12,21,7,30,-9.3,0,0,0,6.1000000000000005,0.0000,0.0000
2004,12,21,8,0,-9.600000000000001,0,0,0,6.1000000000000005,0.0000,0.0000
2004,12,21,8,30,-9.4,41,1,41,6.300000000000001,0.0000,0.0000
2004,12,21,9,0,-9.200000000000001,34,688,147,6.6000000000000005,0.0000,0.0000
2004,12,21,9,30,-8.8,135,108,160,6.7,7.1399,5.4701
2004,12,21,10,0,-8.3,167,155,212,6.800000000000001,1.4901,1.1485
2004,12,21,10,30,-7.7,180,273,271,6.800000000000001,16.5302,12.7946
2004,12,21,11,0,-7.2,208,254,303,6.9,19.0033,14.7491
2004,12,21,11,30,-6.7,54,938,430,6.9,14.9367,11.6123
2004,12,21,12,0,-6.300000000000001,57,942,450,6.9,12.6035,9.8069
2004,12,21,12,30,-5.9,58,945,455,6.9,22.5904,17.5815
2004,12,21,13,0,-5.6000000000000005,59,937,445,6.800000000000001,3.0790,2.3954
2004,12,21,13,30,-5.6000000000000005,57,925,422,6.7,9.2036,7.1521
2004,12,21,14,0,-5.5,56,903,384,6.6000000000000005,3.7797,2.9315
2004,12,21,14,30,-5.800000000000001,53,871,334,6.5,5.3161,4.1101
2004,12,21,15,0,-6.1000000000000005,50,820,273,6.300000000000001,2.6576,2.0449
2004,12,21,15,30,-6.7,44,749,203,5.9,0.1437,0.1099
2004,12,21,16,0,-7.300000000000001,35,636,127,5.6000000000000005,0.0000,0.0000
2004,12,21,16,30,-8,23,449,55,5,0.0000,0.0000
2004,12,21,17,0,-8.700000000000001,0,0,0,4.4,0.0000,0.0000
2004,12,21,17,30,-9.200000000000001,0,0,0,4,0.0000,0.0000
2004,12,21,18,0,-9.600000000000001,0,0,0,3.7,0.0000,0.0000
2004,12,21,18,30,-10.100000000000001,0,0,0,3.5,0.0000,0.0000
2004,12,21,19,0,-10.5,0,0,0,3.2,0.0000,0.0000
2004,12,21,19,30,-10.8,0,0,0,3.1,0.0000,0.0000
2004,12,21,20,0,-11.200000000000001,0,0,0,3.1,0.0000,0.0000
2004,12,21,20,30,-11.5,0,0,0,3.1,0.0000,0.0000
2004,12,21,21,0,-11.8,0,0,0,3.1,0.0000,0.0000
2004,12,21,21,30,-12,0,0,0,3.3000000000000003,0.0000,0.0000
2004,12,21,22,0,-12.3,0,0,0,3.4000000000000004,0.0000,0.0000
2004,12,21,22,30,-12.5,0,0,0,3.6,0.0000,0.0000
2004,12,21,23,0,-12.700000000000001,0,0,0,3.7,0.0000,0.0000
2004,12,21,23,30,-13,0,0,0,3.8000000000000003,0.0000,0.0000
2004,12,22,0,0,-13.200000000000001,0,0,0,3.8000000000000003,0.0000,0.0000
2004,12,22,0,30,-13.3,0,0,0,3.9000000000000004,0.0000,0.0000
2004,12,22,1,0,-13.5,0,0,0,4,0.0000,0.0000
2004,12,22,1,30,-13.700000000000001,0,0,0,4,0.0000,0.0000
2004,12,22,2,0,-13.8,0,0,0,4,0.0000,0.0000
2004,12,22,2,30,-13.9,0,0,0,3.9000000000000004,0.0000,0.0000
2004,12,22,3,0,-14.100000000000001,0,0,0,3.7,0.0000,0.0000
2004,12,22,3,30,-14.200000000000001,0,0,0,3.5,0.0000,0.0000
2004,12,22,4,0,-14.3,0,0,0,3.3000000000000003,0.0000,0.0000
2004,12,22,4,30,-14.4,0,0,0,3.2,0.0000,0.0000
2004,12,22,5,0,-14.5,0,0,0,3,0.0000,0.0000
2004,12,22,5,30,-14.600000000000001,0,0,0,3,0.0000,0.0000
2004,12,22,6,0,-14.700000000000001,0,0,0,2.9000000000000004,0.0000,0.0000
2004,12,22,6,30,-14.8,0,0,0,2.9000000000000004,0.0000,0.0000
2004,12,22,7,0,-14.8,0,0,0,3,0.0000,0.0000
2004,12,22,7,30,-14.700000000000001,0,0,0,3.2,0.0000,0.0000
2004,12,22,8,0,-14.5,0,0,0,3.5,0.0000,0.0000
2004,12,22,8,30,-13.8,37,1,37,4,0.0000,0.0000
2004,12,22,9,0,-13.100000000000001,34,713,150,4.4,0.0000,0.0000
2004,12,22,9,30,-12.4,138,66,153,4.3,7.7155,5.9104
2004,12,22,10,0,-11.700000000000001,45,868,294,4.1000000000000005,10.5250,8.1116
2004,12,22,10,30,-11.100000000000001,49,908,352,3.8000000000000003,13.8211,10.6973
2004,12,22,11,0,-10.4,51,935,400,3.5,15.7714,12.2403
2004,12,22,11,30,-9.9,53,953,434,3.2,22.6918,17.6410
2004,12,22,12,0,-9.4,53,947,447,3,23.9290,18.6192
2004,12,22,12,30,-9.1,53,949,453,3,24.2438,18.8685
2004,12,22,13,0,-8.700000000000001,53,945,444,2.9000000000000004,23.6273,18.3813
2004,12,22,13,30,-8.5,52,934,420,3,22.1991,17.2515
2004,12,22,14,0,-8.3,51,913,383,3,19.8892,15.4264
2004,12,22,14,30,-8.4,48,882,334,3.1,16.9180,13.0810
2004,12,22,15,0,-8.5,44,840,273,3.1,13.4429,10.3451
2004,12,22,15,30,-8.8,39,773,203,2.9000000000000004,9.7267,7.4372
2004,12,22,16,0,-9.200000000000001,32,666,129,2.7,0.0000,0.0000
2004,12,22,16,30,-9.8,21,489,56,1.9000000000000001,0.0000,0.0000
2004,12,22,17,0,-10.4,0,0,0,1.2000000000000002,0.0000,0.0000
2004,12,22,17,30,-10.700000000000001,0,0,0,1.1,0.0000,0.0000
2004,12,22,18,0,-11.100000000000001,0,0,0,1,0.0000,0.0000
2004,12,22,18,30,-11.4,0,0,0,1.1,0.0000,0.0000
2004,12,22,19,0,-11.700000000000001,0,0,0,1.1,0.0000,0.0000
2004,12,22,19,30,-11.9,0,0,0,1.2000000000000002,0.0000,0.0000
2004,12,22,20,0,-12.200000000000001,0,0,0,1.2000000000000002,0.0000,0.0000
2004,12,22,20,30,-12.4,0,0,0,1.4000000000000001,0.0000,0.0000
2004,12,22,21,0,-12.600000000000001,0,0,0,1.5,0.0000,0.0000
2004,12,22,21,30,-12.8,0,0,0,1.6,0.0000,0.0000
2004,12,22,22,0,-13.100000000000001,0,0,0,1.8,0.0000,0.0000
2004,12,22,22,30,-13.3,0,0,0,1.9000000000000001,0.0000,0.0000
2004,12,22,23,0,-13.5,0,0,0,2.1,0.0000,0.0000
2004,12,22,23,30,-13.700000000000001,0,0,0,2.2,0.0000,0.0000
2004,12,23,0,0,-13.9,0,0,0,2.3000000000000003,0.0000,0.0000
2004,12,23,0,30,-14.100000000000001,0,0,0,2.5,0.0000,0.0000
2004,12,23,1,0,-14.200000000000001,0,0,0,2.8000000000000003,0.0000,0.0000
2004,12,23,1,30,-14.3,0,0,0,3,0.0000,0.0000
2004,12,23,2,0,-14.4,0,0,0,3.3000000000000003,0.0000,0.0000
2004,12,23,2,30,-14.4,0,0,0,3.5,0.0000,0.0000
2004,12,23,3,0,-14.5,0,0,0,3.7,0.0000,0.0000
2004,12,23,3,30,-14.5,0,0,0,3.8000000000000003,0.0000,0.0000
2004,12,23,4,0,-14.4,0,0,0,4,0.0000,0.0000
2004,12,23,4,30,-14.5,0,0,0,4,0.0000,0.0000
2004,12,23,5,0,-14.5,0,0,0,4,0.0000,0.0000
2004,12,23,5,30,-14.600000000000001,0,0,0,3.9000000000000004,0.0000,0.0000
2004,12,23,6,0,-14.700000000000001,0,0,0,3.9000000000000004,0.0000,0.0000
2004,12,23,6,30,-14.700000000000001,0,0,0,4,0.0000,0.0000
2004,12,23,7,0,-14.700000000000001,0,0,0,4.1000000000000005,0.0000,0.0000
2004,12,23,7,30,-14.600000000000001,0,0,0,4.5,0.0000,0.0000
2004,12,23,8,0,-14.5,0,0,0,4.9,0.0000,0.0000
2004,12,23,8,30,-14.200000000000001,26,524,73,5.300000000000001,0.0000,0.0000
2004,12,23,9,0,-13.9,93,29,98,5.7,0.0000,0.0000
2004,12,23,9,30,-13.600000000000001,47,772,223,5.9,7.3748,5.6488
2004,12,23,10,0,-13.4,55,828,291,6.1000000000000005,14.5892,11.2430
2004,12,23,10,30,-13.200000000000001,59,872,350,6.2,17.9457,13.8889
2004,12,23,11,0,-13,65,891,397,6.2,20.8151,16.1542
2004,12,23,11,30,-12.9,68,910,431,6.1000000000000005,22.8993,17.8020
2004,12,23,12,0,-12.700000000000001,266,97,306,6,23.7694,18.4951
2004,12,23,12,30,-12.600000000000001,71,918,457,5.9,24.1391,18.7871
2004,12,23,13,0,-12.5,68,920,449,5.800000000000001,23.5778,18.3431
2004,12,23,13,30,-12.4,67,908,425,5.7,22.0992,17.1743
2004,12,23,14,0,-12.4,61,896,389,5.6000000000000005,19.8442,15.3922
2004,12,23,14,30,-12.4,201,63,221,5.4,16.9257,13.0879
2004,12,23,15,0,-12.5,113,429,230,5.2,13.4502,10.3518
2004,12,23,15,30,-12.700000000000001,119,14,122,5,9.7304,7.4409
2004,12,23,16,0,-12.8,35,662,132,4.800000000000001,0.0000,0.0000
2004,12,23,16,30,-13,23,504,60,4.5,0.0000,0.0000
2004,12,23,17,0,-13.200000000000001,0,0,0,4.2,0.0000,0.0000
2004,12,23,17,30,-13.4,0,0,0,3.9000000000000004,0.0000,0.0000
2004,12,23,18,0,-13.5,0,0,0,3.6,0.0000,0.0000
2004,12,23,18,30,-13.8,0,0,0,3.1,0.0000,0.0000
2004,12,23,19,0,-14,0,0,0,2.6,0.0000,0.0000
2004,12,23,19,30,-14.4,0,0,0,2,0.0000,0.0000
2004,12,23,20,0,-14.8,0,0,0,1.4000000000000001,0.0000,0.0000
2004,12,23,20,30,-15.100000000000001,0,0,0,1.1,0.0000,0.0000
2004,12,23,21,0,-15.4,0,0,0,0.9,0.0000,0.0000
2004,12,23,21,30,-15.600000000000001,0,0,0,0.9,0.0000,0.0000
2004,12,23,22,0,-15.8,0,0,0,0.9,0.0000,0.0000
2004,12,23,22,30,-16,0,0,0,1.2000000000000002,0.0000,0.0000
2004,12,23,23,0,-16.1,0,0,0,1.4000000000000001,0.0000,0.0000
2004,12,23,23,30,-16.2,0,0,0,1.7000000000000002,0.0000,0.0000
2004,12,24,0,0,-16.3,0,0,0,1.9000000000000001,0.0000,0.0000
2004,12,24,0,30,-16.400000000000002,0,0,0,2.1,0.0000,0.0000
2004,12,24,1,0,-16.400000000000002,0,0,0,2.3000000000000003,0.0000,0.0000
2004,12,24,1,30,-16.5,0,0,0,2.6,0.0000,0.0000
2004,12,24,2,0,-16.5,0,0,0,2.8000000000000003,0.0000,0.0000
2004,12,24,2,30,-16.6,0,0,0,3.1,0.0000,0.0000
2004,12,24,3,0,-16.6,0,0,0,3.4000000000000004,0.0000,0.0000
2004,12,24,3,30,-16.6,0,0,0,3.6,0.0000,0.0000
2004,12,24,4,0,-16.6,0,0,0,3.9000000000000004,0.0000,0.0000
2004,12,24,4,30,-16.400000000000002,0,0,0,4.2,0.0000,0.0000
2004,12,24,5,0,-16.3,0,0,0,4.5,0.0000,0.0000
2004,12,24,5,30,-16,0,0,0,4.7,0.0000,0.0000
2004,12,24,6,0,-15.700000000000001,0,0,0,5,0.0000,0.0000
2004,12,24,6,30,-15.3,0,0,0,5.2,0.0000,0.0000
2004,12,24,7,0,-15,0,0,0,5.4,0.0000,0.0000
2004,12,24,7,30,-14.600000000000001,0,0,0,5.6000000000000005,0.0000,0.0000
2004,12,24,8,0,-14.200000000000001,0,0,0,5.800000000000001,0.0000,0.0000
2004,12,24,8,30,-13.4,25,515,70,6.4,0.0000,0.0000
2004,12,24,9,0,-12.5,75,3,75,7,0.0000,0.0000
2004,12,24,9,30,-11.200000000000001,133,53,145,7.5,10.7452,8.2297
2004,12,24,10,0,-9.9,110,435,234,7.9,14.4350,11.1234
2004,12,24,10,30,-8.700000000000001,138,402,272,8,17.8389,13.8056
2004,12,24,11,0,-7.5,200,228,285,8.1,20.6555,16.0300
2004,12,24,11,30,-6.5,172,407,335,8,22.7392,17.6774
2004,12,24,12,0,-5.6000000000000005,222,294,344,7.9,16.2717,12.6611
2004,12,24,12,30,-4.800000000000001,58,906,440,7.800000000000001,24.3540,18.9546
2004,12,24,13,0,-4.1000000000000005,59,899,431,7.7,23.8487,18.5544
2004,12,24,13,30,-3.4000000000000004,231,161,295,7.4,22.3695,17.3850
2004,12,24,14,0,-2.8000000000000003,213,45,229,7.1000000000000005,20.1638,15.6409
2004,12,24,14,30,-2.5,164,193,227,6.5,11.2055,8.6655
2004,12,24,15,0,-2.2,145,146,185,5.800000000000001,11.3389,8.7279
2004,12,24,15,30,-2.6,105,25,110,5.1000000000000005,5.8501,4.4742
2004,12,24,16,0,-2.9000000000000004,75,22,78,4.4,0.0000,0.0000
2004,12,24,16,30,-3.4000000000000004,16,0,16,4,0.0000,0.0000
2004,12,24,17,0,-3.8000000000000003,0,0,0,3.6,0.0000,0.0000
2004,12,24,17,30,-3.8000000000000003,0,0,0,3.3000000000000003,0.0000,0.0000
2004,12,24,18,0,-3.8000000000000003,0,0,0,3.1,0.0000,0.0000
2004,12,24,18,30,-3.7,0,0,0,2.8000000000000003,0.0000,0.0000
2004,12,24,19,0,-3.7,0,0,0,2.5,0.0000,0.0000
2004,12,24,19,30,-3.8000000000000003,0,0,0,2.3000000000000003,0.0000,0.0000
2004,12,24,20,0,-3.9000000000000004,0,0,0,2,0.0000,0.0000
2004,12,24,20,30,-4,0,0,0,2,0.0000,0.0000
2004,12,24,21,0,-4.2,0,0,0,1.9000000000000001,0.0000,0.0000
2004,12,24,21,30,-4.3,0,0,0,2,0.0000,0.0000
2004,12,24,22,0,-4.4,0,0,0,2,0.0000,0.0000
2004,12,24,22,30,-4.7,0,0,0,2,0.0000,0.0000
2004,12,24,23,0,-5,0,0,0,2,0.0000,0.0000
2004,12,24,23,30,-5.2,0,0,0,2,0.0000,0.0000
2004,12,25,0,0,-5.5,0,0,0,2.1,0.0000,0.0000
2004,12,25,0,30,-5.4,0,0,0,2.1,0.0000,0.0000
2004,12,25,1,0,-5.4,0,0,0,2.1,0.0000,0.0000
2004,12,25,1,30,-5.2,0,0,0,2.1,0.0000,0.0000
2004,12,25,2,0,-5,0,0,0,2,0.0000,0.0000
2004,12,25,2,30,-4.6000000000000005,0,0,0,2,0.0000,0.0000
2004,12,25,3,0,-4.3,0,0,0,2,0.0000,0.0000
2004,12,25,3,30,-4.1000000000000005,0,0,0,1.9000000000000001,0.0000,0.0000
2004,12,25,4,0,-3.9000000000000004,0,0,0,1.8,0.0000,0.0000
2004,12,25,4,30,-3.7,0,0,0,1.7000000000000002,0.0000,0.0000
2004,12,25,5,0,-3.6,0,0,0,1.7000000000000002,0.0000,0.0000
2004,12,25,5,30,-3.4000000000000004,0,0,0,1.7000000000000002,0.0000,0.0000
2004,12,25,6,0,-3.3000000000000003,0,0,0,1.7000000000000002,0.0000,0.0000
2004,12,25,6,30,-3.2,0,0,0,1.7000000000000002,0.0000,0.0000
2004,12,25,7,0,-3.1,0,0,0,1.7000000000000002,0.0000,0.0000
2004,12,25,7,30,-2.8000000000000003,0,0,0,1.7000000000000002,0.0000,0.0000
2004,12,25,8,0,-2.5,0,0,0,1.7000000000000002,0.0000,0.0000
2004,12,25,8,30,-1.6,29,357,60,2.1,0.0000,0.0000
2004,12,25,9,0,-0.7000000000000001,42,545,129,2.4000000000000004,0.0000,0.0000
2004,12,25,9,30,0.30000000000000004,128,73,144,2.8000000000000003,6.9849,5.3492
2004,12,25,10,0,1.3,151,17,156,3.1,11.6043,8.9416
2004,12,25,10,30,2.5,111,1,111,3.2,13.8596,10.7256
2004,12,25,11,0,3.8000000000000003,133,1,134,3.3000000000000003,14.8257,11.5055
2004,12,25,11,30,5,175,35,190,3.7,17.6743,13.7400
2004,12,25,12,0,6.2,237,46,257,4.1000000000000005,18.2937,14.2345
2004,12,25,12,30,6.7,172,425,352,4.3,23.4516,18.2525
2004,12,25,13,0,7.2,64,863,422,4.5,22.8979,17.8151
2004,12,25,13,30,7,210,24,220,4.4,15.5320,12.0715
2004,12,25,14,0,6.800000000000001,193,19,201,4.4,11.8753,9.2121
2004,12,25,14,30,6,57,796,317,3.9000000000000004,11.5172,8.9073
2004,12,25,15,0,5.1000000000000005,52,754,261,3.4000000000000004,9.1263,7.0256
2004,12,25,15,30,3.4000000000000004,46,682,194,2.8000000000000003,5.2771,4.0365
2004,12,25,16,0,1.7000000000000002,36,578,123,2.2,0.0000,0.0000
2004,12,25,16,30,0.5,24,399,54,2.1,0.0000,0.0000
2004,12,25,17,0,-0.7000000000000001,0,0,0,2,0.0000,0.0000
2004,12,25,17,30,-1.1,0,0,0,2,0.0000,0.0000
2004,12,25,18,0,-1.5,0,0,0,2,0.0000,0.0000
2004,12,25,18,30,-1.8,0,0,0,2.1,0.0000,0.0000
2004,12,25,19,0,-2.1,0,0,0,2.1,0.0000,0.0000
2004,12,25,19,30,-2.4000000000000004,0,0,0,2.1,0.0000,0.0000
2004,12,25,20,0,-2.6,0,0,0,2.1,0.0000,0.0000
2004,12,25,20,30,-2.8000000000000003,0,0,0,2.2,0.0000,0.0000
2004,12,25,21,0,-3,0,0,0,2.2,0.0000,0.0000
2004,12,25,21,30,-3.3000000000000003,0,0,0,2.2,0.0000,0.0000
2004,12,25,22,0,-3.5,0,0,0,2.3000000000000003,0.0000,0.0000
2004,12,25,22,30,-3.8000000000000003,0,0,0,2.4000000000000004,0.0000,0.0000
2004,12,25,23,0,-4,0,0,0,2.5,0.0000,0.0000
2004,12,25,23,30,-4.3,0,0,0,2.5,0.0000,0.0000
2004,12,26,0,0,-4.6000000000000005,0,0,0,2.5,0.0000,0.0000
2004,12,26,0,30,-5,0,0,0,2.4000000000000004,0.0000,0.0000
2004,12,26,1,0,-5.4,0,0,0,2.2,0.0000,0.0000
2004,12,26,1,30,-5.800000000000001,0,0,0,2.3000000000000003,0.0000,0.0000
2004,12,26,2,0,-6.2,0,0,0,2.3000000000000003,0.0000,0.0000
2004,12,26,2,30,-6.6000000000000005,0,0,0,2.3000000000000003,0.0000,0.0000
2004,12,26,3,0,-6.9,0,0,0,2.4000000000000004,0.0000,0.0000
2004,12,26,3,30,-7.2,0,0,0,2.3000000000000003,0.0000,0.0000
2004,12,26,4,0,-7.6000000000000005,0,0,0,2.3000000000000003,0.0000,0.0000
2004,12,26,4,30,-7.9,0,0,0,2.4000000000000004,0.0000,0.0000
2004,12,26,5,0,-8.200000000000001,0,0,0,2.4000000000000004,0.0000,0.0000
2004,12,26,5,30,-8.5,0,0,0,2.5,0.0000,0.0000
2004,12,26,6,0,-8.8,0,0,0,2.5,0.0000,0.0000
2004,12,26,6,30,-9,0,0,0,2.7,0.0000,0.0000
2004,12,26,7,0,-9.200000000000001,0,0,0,2.8000000000000003,0.0000,0.0000
2004,12,26,7,30,-9.200000000000001,0,0,0,3,0.0000,0.0000
2004,12,26,8,0,-9.1,0,0,0,3.3000000000000003,0.0000,0.0000
2004,12,26,8,30,-8.5,28,389,62,3.6,0.0000,0.0000
2004,12,26,9,0,-7.800000000000001,33,0,33,3.9000000000000004,0.0000,0.0000
2004,12,26,9,30,-7,47,0,47,4,6.9348,5.3105
2004,12,26,10,0,-6.2,99,1,99,4.1000000000000005,7.7340,5.9591
2004,12,26,10,30,-5.2,34,0,34,4.2,5.6549,4.3761
2004,12,26,11,0,-4.2,142,16,148,4.3,6.9707,5.4096
2004,12,26,11,30,-3.4000000000000004,110,0,110,4.3,10.0243,7.7928
2004,12,26,12,0,-2.6,155,16,162,4.4,13.6682,10.6354
2004,12,26,12,30,-2,198,64,225,4.4,18.7654,14.6056
2004,12,26,13,0,-1.4000000000000001,194,59,218,4.5,22.4265,17.4489
2004,12,26,13,30,-1.1,233,62,257,4.5,11.5887,9.0073
2004,12,26,14,0,-0.8,63,819,365,4.6000000000000005,10.4295,8.0912
2004,12,26,14,30,-0.9,60,786,318,4.6000000000000005,16.0937,12.4480
2004,12,26,15,0,-1,54,749,262,4.7,12.8849,9.9203
2004,12,26,15,30,-1.5,47,678,196,4.3,9.3112,7.1233
2004,12,26,16,0,-1.9000000000000001,77,177,103,3.9000000000000004,0.0000,0.0000
2004,12,26,16,30,-2.5,31,3,31,3.7,0.0000,0.0000
2004,12,26,17,0,-3.1,0,0,0,3.5,0.0000,0.0000
2004,12,26,17,30,-3.3000000000000003,0,0,0,3.6,0.0000,0.0000
2004,12,26,18,0,-3.6,0,0,0,3.8000000000000003,0.0000,0.0000
2004,12,26,18,30,-3.9000000000000004,0,0,0,3.8000000000000003,0.0000,0.0000
2004,12,26,19,0,-4.2,0,0,0,3.8000000000000003,0.0000,0.0000
2004,12,26,19,30,-4.5,0,0,0,3.8000000000000003,0.0000,0.0000
2004,12,26,20,0,-4.800000000000001,0,0,0,3.8000000000000003,0.0000,0.0000
2004,12,26,20,30,-5.1000000000000005,0,0,0,3.8000000000000003,0.0000,0.0000
2004,12,26,21,0,-5.4,0,0,0,3.8000000000000003,0.0000,0.0000
2004,12,26,21,30,-5.6000000000000005,0,0,0,3.8000000000000003,0.0000,0.0000
2004,12,26,22,0,-5.800000000000001,0,0,0,3.8000000000000003,0.0000,0.0000
2004,12,26,22,30,-6,0,0,0,3.9000000000000004,0.0000,0.0000
2004,12,26,23,0,-6.1000000000000005,0,0,0,3.9000000000000004,0.0000,0.0000
2004,12,26,23,30,-6.300000000000001,0,0,0,3.9000000000000004,0.0000,0.0000
2004,12,27,0,0,-6.5,0,0,0,3.9000000000000004,0.0000,0.0000
2004,12,27,0,30,-6.7,0,0,0,4,0.0000,0.0000
2004,12,27,1,0,-6.800000000000001,0,0,0,4.1000000000000005,0.0000,0.0000
2004,12,27,1,30,-7,0,0,0,4.1000000000000005,0.0000,0.0000
2004,12,27,2,0,-7.2,0,0,0,4.2,0.0000,0.0000
2004,12,27,2,30,-7.4,0,0,0,4,0.0000,0.0000
2004,12,27,3,0,-7.5,0,0,0,3.9000000000000004,0.0000,0.0000
2004,12,27,3,30,-7.6000000000000005,0,0,0,3.7,0.0000,0.0000
2004,12,27,4,0,-7.800000000000001,0,0,0,3.6,0.0000,0.0000
2004,12,27,4,30,-7.7,0,0,0,3.6,0.0000,0.0000
2004,12,27,5,0,-7.6000000000000005,0,0,0,3.6,0.0000,0.0000
2004,12,27,5,30,-7.6000000000000005,0,0,0,3.4000000000000004,0.0000,0.0000
2004,12,27,6,0,-7.6000000000000005,0,0,0,3.2,0.0000,0.0000
2004,12,27,6,30,-7.7,0,0,0,3.1,0.0000,0.0000
2004,12,27,7,0,-7.7,0,0,0,3,0.0000,0.0000
2004,12,27,7,30,-7.6000000000000005,0,0,0,2.9000000000000004,0.0000,0.0000
2004,12,27,8,0,-7.5,0,0,0,2.8000000000000003,0.0000,0.0000
2004,12,27,8,30,-6.9,34,3,34,2.8000000000000003,0.0000,0.0000
2004,12,27,9,0,-6.4,49,3,49,2.7,0.0000,0.0000
2004,12,27,9,30,-5.7,97,15,100,2.8000000000000003,2.2630,1.7328
2004,12,27,10,0,-4.9,153,98,181,2.9000000000000004,4.9072,3.7809
2004,12,27,10,30,-4.3,170,54,188,2.7,1.7320,1.3403
2004,12,27,11,0,-3.6,206,80,236,2.5,7.6990,5.9748
2004,12,27,11,30,-3,213,122,262,2.4000000000000004,5.8044,4.5124
2004,12,27,12,0,-2.3000000000000003,220,92,258,2.2,8.6177,6.7057
2004,12,27,12,30,-2,206,290,329,2,11.9985,9.3391
2004,12,27,13,0,-1.6,220,132,275,1.9000000000000001,11.5896,9.0177
2004,12,27,13,30,-1.2000000000000002,206,194,283,1.8,13.5441,10.5278
2004,12,27,14,0,-0.9,197,175,262,1.7000000000000002,18.9504,14.7028
2004,12,27,14,30,-0.6000000000000001,163,258,249,1.7000000000000002,16.1563,12.4977
2004,12,27,15,0,-0.2,140,204,197,1.6,12.9449,9.9681
2004,12,27,15,30,-0.4,119,16,122,1.1,9.4128,7.2024
2004,12,27,16,0,-0.5,83,98,98,0.7000000000000001,0.0000,0.0000
2004,12,27,16,30,-0.6000000000000001,19,0,19,0.8,0.0000,0.0000
2004,12,27,17,0,-0.7000000000000001,0,0,0,0.9,0.0000,0.0000
2004,12,27,17,30,-0.7000000000000001,0,0,0,0.9,0.0000,0.0000
2004,12,27,18,0,-0.7000000000000001,0,0,0,1,0.0000,0.0000
2004,12,27,18,30,-0.8,0,0,0,1.1,0.0000,0.0000
2004,12,27,19,0,-0.8,0,0,0,1.1,0.0000,0.0000
2004,12,27,19,30,-0.8,0,0,0,1.2000000000000002,0.0000,0.0000
2004,12,27,20,0,-0.7000000000000001,0,0,0,1.2000000000000002,0.0000,0.0000
2004,12,27,20,30,-0.8,0,0,0,1.2000000000000002,0.0000,0.0000
2004,12,27,21,0,-0.9,0,0,0,1.2000000000000002,0.0000,0.0000
2004,12,27,21,30,-0.9,0,0,0,1.2000000000000002,0.0000,0.0000
2004,12,27,22,0,-1,0,0,0,1.2000000000000002,0.0000,0.0000
2004,12,27,22,30,-1,0,0,0,1.1,0.0000,0.0000
2004,12,27,23,0,-1.1,0,0,0,1.1,0.0000,0.0000
2004,12,27,23,30,-1.2000000000000002,0,0,0,1.1,0.0000,0.0000
2004,12,28,0,0,-1.4000000000000001,0,0,0,1,0.0000,0.0000
2004,12,28,0,30,-1.5,0,0,0,1,0.0000,0.0000
2004,12,28,1,0,-1.6,0,0,0,1,0.0000,0.0000
2004,12,28,1,30,-1.9000000000000001,0,0,0,1,0.0000,0.0000
2004,12,28,2,0,-2.1,0,0,0,1,0.0000,0.0000
2004,12,28,2,30,-2.3000000000000003,0,0,0,1.1,0.0000,0.0000
2004,12,28,3,0,-2.5,0,0,0,1.1,0.0000,0.0000
2004,12,28,3,30,-2.5,0,0,0,1.1,0.0000,0.0000
2004,12,28,4,0,-2.6,0,0,0,1.1,0.0000,0.0000
2004,12,28,4,30,-2.6,0,0,0,1.1,0.0000,0.0000
2004,12,28,5,0,-2.7,0,0,0,1.1,0.0000,0.0000
2004,12,28,5,30,-2.8000000000000003,0,0,0,1.1,0.0000,0.0000
2004,12,28,6,0,-3,0,0,0,1.1,0.0000,0.0000
2004,12,28,6,30,-3.1,0,0,0,1.1,0.0000,0.0000
2004,12,28,7,0,-3.2,0,0,0,1.1,0.0000,0.0000
2004,12,28,7,30,-3.2,0,0,0,1.1,0.0000,0.0000
2004,12,28,8,0,-3.1,0,0,0,1.1,0.0000,0.0000
2004,12,28,8,30,-2.5,26,1,26,1.1,0.0000,0.0000
2004,12,28,9,0,-2,41,557,129,1.1,0.0000,0.0000
2004,12,28,9,30,-1.3,128,51,140,1.5,4.8142,3.6863
2004,12,28,10,0,-0.7000000000000001,159,146,201,1.8,8.9701,6.9111
2004,12,28,10,30,-0.30000000000000004,175,244,256,1.8,9.5768,7.4110
2004,12,28,11,0,0.1,185,337,311,1.8,12.2778,9.5283
2004,12,28,11,30,0.5,71,821,400,1.6,13.8273,10.7497
2004,12,28,12,0,0.9,68,845,421,1.5,13.7275,10.6822
2004,12,28,12,30,1.8,69,852,430,1.6,17.5510,13.6614
2004,12,28,13,0,2.7,67,852,423,1.7000000000000002,14.6266,11.3813
2004,12,28,13,30,3.2,66,840,402,1.8,14.9226,11.6000
2004,12,28,14,0,3.8000000000000003,62,824,368,1.8,13.6120,10.5619
2004,12,28,14,30,3.5,59,792,321,1.5,12.6611,9.7952
2004,12,28,15,0,3.2,52,757,265,1.1,9.7415,7.5024
2004,12,28,15,30,2.1,46,692,200,1.1,5.8626,4.4867
2004,12,28,16,0,1,37,594,129,1,0.0000,0.0000
2004,12,28,16,30,0.4,24,424,59,1.1,0.0000,0.0000
2004,12,28,17,0,-0.1,0,0,0,1.2000000000000002,0.0000,0.0000
2004,12,28,17,30,-0.30000000000000004,0,0,0,1.1,0.0000,0.0000
2004,12,28,18,0,-0.5,0,0,0,1.1,0.0000,0.0000
2004,12,28,18,30,-0.7000000000000001,0,0,0,1.1,0.0000,0.0000
2004,12,28,19,0,-1,0,0,0,1.1,0.0000,0.0000
2004,12,28,19,30,-1.2000000000000002,0,0,0,1.1,0.0000,0.0000
2004,12,28,20,0,-1.4000000000000001,0,0,0,1.1,0.0000,0.0000
2004,12,28,20,30,-1.5,0,0,0,1,0.0000,0.0000
2004,12,28,21,0,-1.7000000000000002,0,0,0,1,0.0000,0.0000
2004,12,28,21,30,-1.8,0,0,0,0.9,0.0000,0.0000
2004,12,28,22,0,-2,0,0,0,0.8,0.0000,0.0000
2004,12,28,22,30,-2.3000000000000003,0,0,0,0.8,0.0000,0.0000
2004,12,28,23,0,-2.6,0,0,0,0.7000000000000001,0.0000,0.0000
2004,12,28,23,30,-2.8000000000000003,0,0,0,0.7000000000000001,0.0000,0.0000
2004,12,29,0,0,-3,0,0,0,0.7000000000000001,0.0000,0.0000
2004,12,29,0,30,-3.2,0,0,0,0.6000000000000001,0.0000,0.0000
2004,12,29,1,0,-3.3000000000000003,0,0,0,0.5,0.0000,0.0000
2004,12,29,1,30,-3.5,0,0,0,0.4,0.0000,0.0000
2004,12,29,2,0,-3.6,0,0,0,0.30000000000000004,0.0000,0.0000
2004,12,29,2,30,-3.8000000000000003,0,0,0,0.4,0.0000,0.0000
2004,12,29,3,0,-4,0,0,0,0.6000000000000001,0.0000,0.0000
2004,12,29,3,30,-4.3,0,0,0,0.8,0.0000,0.0000
2004,12,29,4,0,-4.7,0,0,0,0.9,0.0000,0.0000
2004,12,29,4,30,-5,0,0,0,1,0.0000,0.0000
2004,12,29,5,0,-5.4,0,0,0,1.1,0.0000,0.0000
2004,12,29,5,30,-5.4,0,0,0,1.1,0.0000,0.0000
2004,12,29,6,0,-5.4,0,0,0,1.2000000000000002,0.0000,0.0000
2004,12,29,6,30,-5.300000000000001,0,0,0,1.4000000000000001,0.0000,0.0000
2004,12,29,7,0,-5.2,0,0,0,1.6,0.0000,0.0000
2004,12,29,7,30,-4.9,0,0,0,2.1,0.0000,0.0000
2004,12,29,8,0,-4.5,0,0,0,2.7,0.0000,0.0000
2004,12,29,8,30,-3.6,23,1,23,3,0.0000,0.0000
2004,12,29,9,0,-2.7,56,7,57,3.3000000000000003,0.0000,0.0000
2004,12,29,9,30,-1.5,120,15,123,3.3000000000000003,6.7390,5.1599
2004,12,29,10,0,-0.30000000000000004,164,66,183,3.3000000000000003,9.9604,7.6740
2004,12,29,10,30,1.2000000000000002,188,164,242,3.5,13.0408,10.0916
2004,12,29,11,0,2.7,205,211,284,3.6,16.1810,12.5575
2004,12,29,11,30,4.1000000000000005,223,216,309,4,21.1137,16.4146
2004,12,29,12,0,5.5,235,214,324,4.3,22.4071,17.4368
2004,12,29,12,30,6.1000000000000005,245,174,319,4.4,22.9474,17.8627
2004,12,29,13,0,6.7,227,246,330,4.5,22.5085,17.5152
2004,12,29,13,30,6.7,239,115,285,4.2,21.2092,16.4879
2004,12,29,14,0,6.6000000000000005,129,569,341,3.8000000000000003,19.1321,14.8464
2004,12,29,14,30,5.7,117,483,278,3.3000000000000003,16.3355,12.6394
2004,12,29,15,0,4.800000000000001,138,49,152,2.8000000000000003,13.1161,10.1031
2004,12,29,15,30,3.9000000000000004,122,69,138,2.9000000000000004,9.6170,7.3613
2004,12,29,16,0,2.9000000000000004,65,90,80,2.9000000000000004,0.0000,0.0000
2004,12,29,16,30,2.4000000000000004,30,2,31,3,0.0000,0.0000
2004,12,29,17,0,1.8,0,0,0,3.1,0.0000,0.0000
2004,12,29,17,30,1.9000000000000001,0,0,0,3.5,0.0000,0.0000
2004,12,29,18,0,1.9000000000000001,0,0,0,3.9000000000000004,0.0000,0.0000
2004,12,29,18,30,1.9000000000000001,0,0,0,4.1000000000000005,0.0000,0.0000
2004,12,29,19,0,1.8,0,0,0,4.2,0.0000,0.0000
2004,12,29,19,30,1.8,0,0,0,4.5,0.0000,0.0000
2004,12,29,20,0,1.9000000000000001,0,0,0,4.7,0.0000,0.0000
2004,12,29,20,30,2,0,0,0,5,0.0000,0.0000
2004,12,29,21,0,2.1,0,0,0,5.2,0.0000,0.0000
2004,12,29,21,30,2.5,0,0,0,5.5,0.0000,0.0000
2004,12,29,22,0,2.9000000000000004,0,0,0,5.800000000000001,0.0000,0.0000
2004,12,29,22,30,3.1,0,0,0,5.9,0.0000,0.0000
2004,12,29,23,0,3.4000000000000004,0,0,0,5.9,0.0000,0.0000
2004,12,29,23,30,3.5,0,0,0,5.800000000000001,0.0000,0.0000
2004,12,30,0,0,3.6,0,0,0,5.7,0.0000,0.0000
2004,12,30,0,30,3.7,0,0,0,5.7,0.0000,0.0000
2004,12,30,1,0,3.9000000000000004,0,0,0,5.7,0.0000,0.0000
2004,12,30,1,30,4.1000000000000005,0,0,0,5.7,0.0000,0.0000
2004,12,30,2,0,4.4,0,0,0,5.7,0.0000,0.0000
2004,12,30,2,30,4.7,0,0,0,5.800000000000001,0.0000,0.0000
2004,12,30,3,0,5.1000000000000005,0,0,0,5.9,0.0000,0.0000
2004,12,30,3,30,5.7,0,0,0,6.300000000000001,0.0000,0.0000
2004,12,30,4,0,6.2,0,0,0,6.7,0.0000,0.0000
2004,12,30,4,30,6.5,0,0,0,6.800000000000001,0.0000,0.0000
2004,12,30,5,0,6.7,0,0,0,7,0.0000,0.0000
2004,12,30,5,30,6.800000000000001,0,0,0,7.1000000000000005,0.0000,0.0000
2004,12,30,6,0,6.9,0,0,0,7.300000000000001,0.0000,0.0000
2004,12,30,6,30,6.7,0,0,0,6.800000000000001,0.0000,0.0000
2004,12,30,7,0,6.4,0,0,0,6.4,0.0000,0.0000
2004,12,30,7,30,6.300000000000001,0,0,0,5.9,0.0000,0.0000
2004,12,30,8,0,6.1000000000000005,0,0,0,5.4,0.0000,0.0000
2004,12,30,8,30,6.300000000000001,15,0,15,5.4,0.0000,0.0000
2004,12,30,9,0,6.4,50,5,51,5.4,0.0000,0.0000
2004,12,30,9,30,6.5,40,0,40,5.9,5.9203,4.5329
2004,12,30,10,0,6.5,105,491,244,6.4,9.0684,6.9867
2004,12,30,10,30,7,183,30,193,6.2,12.3287,9.5407
2004,12,30,11,0,7.5,187,17,194,6,14.7787,11.4695
2004,12,30,11,30,8.700000000000001,34,0,34,5.4,16.3154,12.6847
2004,12,30,12,0,9.8,166,3,167,4.800000000000001,17.2509,13.4249
2004,12,30,12,30,10.5,232,35,247,4.7,17.0313,13.2581
2004,12,30,13,0,11.200000000000001,52,906,433,4.7,17.5690,13.6724
2004,12,30,13,30,11.3,51,906,416,5,15.0458,11.6974
2004,12,30,14,0,11.5,162,359,296,5.4,17.7419,13.7689
2004,12,30,14,30,11,104,1,104,5.4,14.1602,10.9577
2004,12,30,15,0,10.5,38,828,274,5.4,7.5301,5.8013
2004,12,30,15,30,9.4,35,767,208,5.300000000000001,6.6405,5.0840
2004,12,30,16,0,8.200000000000001,30,670,136,5.2,0.0000,0.0000
2004,12,30,16,30,7.4,21,513,65,5.4,0.0000,0.0000
2004,12,30,17,0,6.7,0,0,0,5.5,0.0000,0.0000
2004,12,30,17,30,6.800000000000001,0,0,0,5.9,0.0000,0.0000
2004,12,30,18,0,7,0,0,0,6.300000000000001,0.0000,0.0000
2004,12,30,18,30,6.800000000000001,0,0,0,6.300000000000001,0.0000,0.0000
2004,12,30,19,0,6.6000000000000005,0,0,0,6.300000000000001,0.0000,0.0000
2004,12,30,19,30,6.4,0,0,0,6.300000000000001,0.0000,0.0000
2004,12,30,20,0,6.2,0,0,0,6.300000000000001,0.0000,0.0000
2004,12,30,20,30,6,0,0,0,6.2,0.0000,0.0000
2004,12,30,21,0,5.9,0,0,0,6.1000000000000005,0.0000,0.0000
2004,12,30,21,30,5.4,0,0,0,5.800000000000001,0.0000,0.0000
2004,12,30,22,0,4.9,0,0,0,5.5,0.0000,0.0000
2004,12,30,22,30,4.3,0,0,0,5.2,0.0000,0.0000
2004,12,30,23,0,3.7,0,0,0,5,0.0000,0.0000
2004,12,30,23,30,3.1,0,0,0,4.800000000000001,0.0000,0.0000
2004,12,31,0,0,2.5,0,0,0,4.7,0.0000,0.0000
2004,12,31,0,30,2,0,0,0,4.5,0.0000,0.0000
2004,12,31,1,0,1.5,0,0,0,4.4,0.0000,0.0000
2004,12,31,1,30,1,0,0,0,4.3,0.0000,0.0000
2004,12,31,2,0,0.5,0,0,0,4.1000000000000005,0.0000,0.0000
2004,12,31,2,30,0,0,0,0,4.1000000000000005,0.0000,0.0000
2004,12,31,3,0,-0.4,0,0,0,4.1000000000000005,0.0000,0.0000
2004,12,31,3,30,-1,0,0,0,3.9000000000000004,0.0000,0.0000
2004,12,31,4,0,-1.6,0,0,0,3.6,0.0000,0.0000
2004,12,31,4,30,-2.2,0,0,0,3.2,0.0000,0.0000
2004,12,31,5,0,-2.9000000000000004,0,0,0,2.8000000000000003,0.0000,0.0000
2004,12,31,5,30,-3.2,0,0,0,2.7,0.0000,0.0000
2004,12,31,6,0,-3.6,0,0,0,2.5,0.0000,0.0000
2004,12,31,6,30,-3.9000000000000004,0,0,0,2.4000000000000004,0.0000,0.0000
2004,12,31,7,0,-4.1000000000000005,0,0,0,2.3000000000000003,0.0000,0.0000
2004,12,31,7,30,-3.7,0,0,0,2.7,0.0000,0.0000
2004,12,31,8,0,-3.4000000000000004,0,0,0,3,0.0000,0.0000
2004,12,31,8,30,-2.6,25,470,65,3.6,0.0000,0.0000
2004,12,31,9,0,-1.9000000000000001,67,1,68,4.1000000000000005,0.0000,0.0000
2004,12,31,9,30,-1.2000000000000002,45,736,211,4.2,1.9252,1.4740
2004,12,31,10,0,-0.5,165,128,202,4.4,12.0923,9.3167
2004,12,31,10,30,0,186,211,256,4.3,9.8342,7.6105
2004,12,31,11,0,0.6000000000000001,61,870,386,4.2,10.0979,7.8370
2004,12,31,11,30,1,63,883,419,4.1000000000000005,1.7958,1.3962
2004,12,31,12,0,1.5,61,904,441,4,8.8956,6.9231
2004,12,31,12,30,1.7000000000000002,212,371,371,3.8000000000000003,13.1931,10.2707
2004,12,31,13,0,2,210,365,364,3.7,23.0664,17.9517
2004,12,31,13,30,2,176,562,403,3.6,21.9771,17.0876
2004,12,31,14,0,2,57,878,387,3.5,15.4135,11.9632
2004,12,31,14,30,1.7000000000000002,54,843,337,3.3000000000000003,5.3021,4.1035
2004,12,31,15,0,1.5,168,56,184,3.2,13.5879,10.4701
2004,12,31,15,30,0.6000000000000001,113,7,114,2.5,10.0169,7.6707
2004,12,31,16,0,-0.30000000000000004,86,156,111,1.9000000000000001,0.0000,0.0000
2004,12,31,16,30,-1,38,6,39,1.9000000000000001,0.0000,0.0000
2004,12,31,17,0,-1.7000000000000002,0,0,0,2,0.0000,0.0000
2004,12,31,17,30,-1.6,0,0,0,2.4000000000000004,0.0000,0.0000
2004,12,31,18,0,-1,0,0,0,2.9000000000000004,0.0000,0.0000
2004,12,31,18,30,-1,0,0,0,3.2,0.0000,0.0000
2004,12,31,19,0,-0.9,0,0,0,3.4000000000000004,0.0000,0.0000
2004,12,31,19,30,-1,0,0,0,3.5,0.0000,0.0000
2004,12,31,20,0,-1,0,0,0,3.6,0.0000,0.0000
2004,12,31,20,30,-1.1,0,0,0,3.6,0.0000,0.0000
2004,12,31,21,0,-1.2000000000000002,0,0,0,3.5,0.0000,0.0000
2004,12,31,21,30,-1.3,0,0,0,3.5,0.0000,0.0000
2004,12,31,22,0,-1.4000000000000001,0,0,0,3.4000000000000004,0.0000,0.0000
2004,12,31,22,30,-1.5,0,0,0,3.4000000000000004,0.0000,0.0000
2004,12,31,23,0,-1.5,0,0,0,3.3000000000000003,0.0000,0.0000
2004,12,31,23,30,-1.6,0,0,0,3.4000000000000004,0.0000,0.0000
