Source,Location ID,City,State,Country,Latitude,Longitude,Time Zone,Elevation,Local Time Zone,Clearsky DHI Units,Clearsky DNI Units,Clearsky GHI Units,Dew Point Units,DHI Units,DNI Units,GHI Units,Solar Zenith Angle Units,Temperature Units,Pressure Units,Relative Humidity Units,Precipitable Water Units,Wind Direction Units,Wind Speed Units,Cloud Type -15,Cloud Type 0,Cloud Type 1,Cloud Type 2,Cloud Type 3,Cloud Type 4,Cloud Type 5,Cloud Type 6,Cloud Type 7,Cloud Type 8,Cloud Type 9,Cloud Type 10,Cloud Type 11,Cloud Type 12,Fill Flag 0,Fill Flag 1,Fill Flag 2,Fill Flag 3,Fill Flag 4,Fill Flag 5,Surface Albedo Units,Version
NSRDB,700696,-,-,-,41.73,-96.86,-6,437,-6,w/m2,w/m2,w/m2,c,w/m2,w/m2,w/m2,Degree,c,mbar,%,cm,Degrees,m/s,N/A,Clear,Probably Clear,Fog,Water,Super-Cooled Water,Mixed,Opaque Ice,Cirrus,Overlapping,Overshooting,Unknown,Dust,Smoke,N/A,Missing Image,Low Irradiance,Exceeds Clearsky,Missing CLoud Properties,Rayleigh Violation,N/A,4.0.0
Year,Month,Day,Hour,Minute,Temperature,DHI,DNI,GHI,Wind Speed,Global Horizontal UV Irradiance (280-400nm),Global Horizontal UV Irradiance (295-385nm)
1998,1,1,0,0,-0.7000000000000001,0,0,0,5.4,0.0000,0.0000
1998,1,1,0,30,-0.6000000000000001,0,0,0,5.7,0.0000,0.0000
1998,1,1,1,0,-0.5,0,0,0,5.9,0.0000,0.0000
1998,1,1,1,30,-0.4,0,0,0,6.1000000000000005,0.0000,0.0000
1998,1,1,2,0,-0.2,0,0,0,6.300000000000001,0.0000,0.0000
1998,1,1,2,30,-0.2,0,0,0,6.2,0.0000,0.0000
1998,1,1,3,0,-0.2,0,0,0,6,0.0000,0.0000
1998,1,1,3,30,-0.1,0,0,0,6.1000000000000005,0.0000,0.0000
1998,1,1,4,0,-0.1,0,0,0,6.2,0.0000,0.0000
1998,1,1,4,30,-0.2,0,0,0,5.800000000000001,0.0000,0.0000
1998,1,1,5,0,-0.30000000000000004,0,0,0,5.4,0.0000,0.0000
1998,1,1,5,30,-0.5,0,0,0,5.300000000000001,0.0000,0.0000
1998,1,1,6,0,-0.6000000000000001,0,0,0,5.1000000000000005,0.0000,0.0000
1998,1,1,6,30,-0.8,0,0,0,5.1000000000000005,0.0000,0.0000
1998,1,1,7,0,-1,0,0,0,5.1000000000000005,0.0000,0.0000
1998,1,1,7,30,-0.9,0,0,0,4.9,0.0000,0.0000
1998,1,1,8,0,-0.8,0,0,0,4.800000000000001,0.0000,0.0000
1998,1,1,8,30,-0.1,31,0,31,4.6000000000000005,0.0000,0.0000
1998,1,1,9,0,0.6000000000000001,29,664,134,4.4,0.0000,0.0000
1998,1,1,9,30,1.6,35,760,206,4.2,9.9159,7.5924
1998,1,1,10,0,2.5,38,825,272,4,13.4837,10.3892
1998,1,1,10,30,3.6,41,873,333,3.9000000000000004,16.9755,13.1378
1998,1,1,11,0,4.800000000000001,43,902,381,3.8000000000000003,19.8447,15.4029
1998,1,1,11,30,5.7,44,920,415,3.6,21.9346,17.0555
1998,1,1,12,0,6.7,45,931,437,3.4000000000000004,23.2969,18.1326
1998,1,1,12,30,7.4,45,934,445,3.1,23.7933,18.5250
1998,1,1,13,0,8.200000000000001,45,931,438,2.9000000000000004,23.3605,18.1830
1998,1,1,13,30,8.200000000000001,44,921,418,2.5,22.1138,17.1967
1998,1,1,14,0,8.3,43,904,384,2.1,20.0277,15.5476
1998,1,1,14,30,7.2,41,876,337,1.7000000000000002,17.2120,13.3245
1998,1,1,15,0,6,38,836,279,1.4000000000000001,13.8628,10.6856
1998,1,1,15,30,4.4,34,783,214,1.5,10.3210,7.9066
1998,1,1,16,0,2.7,29,691,142,1.7000000000000002,0.0000,0.0000
1998,1,1,16,30,1.8,21,539,69,1.8,0.0000,0.0000
1998,1,1,17,0,0.9,0,0,0,2,0.0000,0.0000
1998,1,1,17,30,0.8,0,0,0,2.1,0.0000,0.0000
1998,1,1,18,0,0.7000000000000001,0,0,0,2.2,0.0000,0.0000
1998,1,1,18,30,0.7000000000000001,0,0,0,2.4000000000000004,0.0000,0.0000
1998,1,1,19,0,0.6000000000000001,0,0,0,2.5,0.0000,0.0000
1998,1,1,19,30,0.6000000000000001,0,0,0,2.7,0.0000,0.0000
1998,1,1,20,0,0.5,0,0,0,2.8000000000000003,0.0000,0.0000
1998,1,1,20,30,0.5,0,0,0,3,0.0000,0.0000
1998,1,1,21,0,0.4,0,0,0,3.1,0.0000,0.0000
1998,1,1,21,30,0.4,0,0,0,3.3000000000000003,0.0000,0.0000
1998,1,1,22,0,0.30000000000000004,0,0,0,3.5,0.0000,0.0000
1998,1,1,22,30,0.4,0,0,0,3.7,0.0000,0.0000
1998,1,1,23,0,0.5,0,0,0,4,0.0000,0.0000
1998,1,1,23,30,0.4,0,0,0,4.2,0.0000,0.0000
1998,1,2,0,0,0.4,0,0,0,4.4,0.0000,0.0000
1998,1,2,0,30,0.2,0,0,0,4.4,0.0000,0.0000
1998,1,2,1,0,0.1,0,0,0,4.4,0.0000,0.0000
1998,1,2,1,30,0,0,0,0,4.4,0.0000,0.0000
1998,1,2,2,0,-0.1,0,0,0,4.4,0.0000,0.0000
1998,1,2,2,30,-0.2,0,0,0,4.5,0.0000,0.0000
1998,1,2,3,0,-0.30000000000000004,0,0,0,4.5,0.0000,0.0000
1998,1,2,3,30,-0.30000000000000004,0,0,0,4.6000000000000005,0.0000,0.0000
1998,1,2,4,0,-0.4,0,0,0,4.7,0.0000,0.0000
1998,1,2,4,30,-0.5,0,0,0,4.9,0.0000,0.0000
1998,1,2,5,0,-0.5,0,0,0,5,0.0000,0.0000
1998,1,2,5,30,-0.6000000000000001,0,0,0,5.1000000000000005,0.0000,0.0000
1998,1,2,6,0,-0.6000000000000001,0,0,0,5.2,0.0000,0.0000
1998,1,2,6,30,-0.6000000000000001,0,0,0,5.300000000000001,0.0000,0.0000
1998,1,2,7,0,-0.5,0,0,0,5.4,0.0000,0.0000
1998,1,2,7,30,-0.30000000000000004,0,0,0,5.5,0.0000,0.0000
1998,1,2,8,0,-0.2,0,0,0,5.6000000000000005,0.0000,0.0000
1998,1,2,8,30,0.30000000000000004,37,6,37,5.7,0.0000,0.0000
1998,1,2,9,0,0.8,42,2,42,5.800000000000001,0.0000,0.0000
1998,1,2,9,30,1.8,79,11,82,6,3.9474,3.0225
1998,1,2,10,0,2.8000000000000003,138,40,150,6.2,7.4379,5.7312
1998,1,2,10,30,3.8000000000000003,168,220,242,6.1000000000000005,12.3410,9.5516
1998,1,2,11,0,4.800000000000001,153,384,297,6,15.4760,12.0127
1998,1,2,11,30,5.6000000000000005,215,118,263,5.9,13.9083,10.8152
1998,1,2,12,0,6.4,224,146,285,5.800000000000001,15.2026,11.8334
1998,1,2,12,30,7,211,251,319,5.7,17.0675,13.2894
1998,1,2,13,0,7.6000000000000005,196,302,324,5.5,17.2932,13.4615
1998,1,2,13,30,7.7,203,240,301,5.300000000000001,15.9376,12.3950
1998,1,2,14,0,7.9,161,348,293,5.1000000000000005,15.2968,11.8765
1998,1,2,14,30,7.2,177,185,239,4.6000000000000005,12.2211,9.4623
1998,1,2,15,0,6.6000000000000005,121,364,227,4.1000000000000005,11.2927,8.7064
1998,1,2,15,30,5.4,122,60,136,4,6.5657,5.0312
1998,1,2,16,0,4.3,89,121,109,3.8000000000000003,0.0000,0.0000
1998,1,2,16,30,3.7,33,3,33,4.1000000000000005,0.0000,0.0000
1998,1,2,17,0,3.2,0,0,0,4.3,0.0000,0.0000
1998,1,2,17,30,3.2,0,0,0,4.5,0.0000,0.0000
1998,1,2,18,0,3.2,0,0,0,4.7,0.0000,0.0000
1998,1,2,18,30,3.1,0,0,0,4.7,0.0000,0.0000
1998,1,2,19,0,3.1,0,0,0,4.6000000000000005,0.0000,0.0000
1998,1,2,19,30,3,0,0,0,4.4,0.0000,0.0000
1998,1,2,20,0,2.8000000000000003,0,0,0,4.2,0.0000,0.0000
1998,1,2,20,30,2.7,0,0,0,4.1000000000000005,0.0000,0.0000
1998,1,2,21,0,2.6,0,0,0,4,0.0000,0.0000
1998,1,2,21,30,2.4000000000000004,0,0,0,3.7,0.0000,0.0000
1998,1,2,22,0,2.2,0,0,0,3.5,0.0000,0.0000
1998,1,2,22,30,1.9000000000000001,0,0,0,3.3000000000000003,0.0000,0.0000
1998,1,2,23,0,1.6,0,0,0,3,0.0000,0.0000
1998,1,2,23,30,1.4000000000000001,0,0,0,3,0.0000,0.0000
1998,1,3,0,0,1.1,0,0,0,2.9000000000000004,0.0000,0.0000
1998,1,3,0,30,0.9,0,0,0,3.2,0.0000,0.0000
1998,1,3,1,0,0.7000000000000001,0,0,0,3.4000000000000004,0.0000,0.0000
1998,1,3,1,30,0.4,0,0,0,4.2,0.0000,0.0000
1998,1,3,2,0,0.2,0,0,0,4.9,0.0000,0.0000
1998,1,3,2,30,-0.30000000000000004,0,0,0,6,0.0000,0.0000
1998,1,3,3,0,-0.8,0,0,0,7,0.0000,0.0000
1998,1,3,3,30,-1.6,0,0,0,7.6000000000000005,0.0000,0.0000
1998,1,3,4,0,-2.4000000000000004,0,0,0,8.1,0.0000,0.0000
1998,1,3,4,30,-3.2,0,0,0,8,0.0000,0.0000
1998,1,3,5,0,-4,0,0,0,8,0.0000,0.0000
1998,1,3,5,30,-4.6000000000000005,0,0,0,7.800000000000001,0.0000,0.0000
1998,1,3,6,0,-5.2,0,0,0,7.7,0.0000,0.0000
1998,1,3,6,30,-5.7,0,0,0,7.6000000000000005,0.0000,0.0000
1998,1,3,7,0,-6.1000000000000005,0,0,0,7.6000000000000005,0.0000,0.0000
1998,1,3,7,30,-6.4,0,0,0,7.6000000000000005,0.0000,0.0000
1998,1,3,8,0,-6.7,0,0,0,7.6000000000000005,0.0000,0.0000
1998,1,3,8,30,-6.5,25,1,25,7.6000000000000005,0.0000,0.0000
1998,1,3,9,0,-6.300000000000001,38,2,38,7.6000000000000005,0.0000,0.0000
1998,1,3,9,30,-5.9,94,15,98,7.5,4.7185,3.6132
1998,1,3,10,0,-5.5,133,41,145,7.4,7.1920,5.5420
1998,1,3,10,30,-5.1000000000000005,95,5,97,7.300000000000001,4.9488,3.8305
1998,1,3,11,0,-4.7,184,68,210,7.1000000000000005,10.9472,8.4978
1998,1,3,11,30,-4.5,208,75,238,7,12.5930,9.7931
1998,1,3,12,0,-4.3,225,125,278,6.9,14.8380,11.5503
1998,1,3,12,30,-4.2,226,150,291,6.800000000000001,15.5807,12.1327
1998,1,3,13,0,-4.2,218,251,325,6.800000000000001,17.3606,13.5152
1998,1,3,13,30,-4.3,206,268,316,6.7,16.7460,13.0250
1998,1,3,14,0,-4.4,196,205,274,6.6000000000000005,14.3191,11.1188
1998,1,3,14,30,-4.800000000000001,183,111,221,6.4,11.3138,8.7613
1998,1,3,15,0,-5.2,156,121,191,6.300000000000001,9.5142,7.3368
1998,1,3,15,30,-5.7,126,50,138,6.1000000000000005,6.6692,5.1118
1998,1,3,16,0,-6.2,70,9,71,5.9,0.0000,0.0000
1998,1,3,16,30,-6.5,36,3,36,5.800000000000001,0.0000,0.0000
1998,1,3,17,0,-6.800000000000001,5,0,5,5.7,0.0000,0.0000
1998,1,3,17,30,-6.9,0,0,0,5.5,0.0000,0.0000
1998,1,3,18,0,-7.1000000000000005,0,0,0,5.300000000000001,0.0000,0.0000
1998,1,3,18,30,-7.300000000000001,0,0,0,5.1000000000000005,0.0000,0.0000
1998,1,3,19,0,-7.4,0,0,0,4.9,0.0000,0.0000
1998,1,3,19,30,-7.6000000000000005,0,0,0,4.7,0.0000,0.0000
1998,1,3,20,0,-7.800000000000001,0,0,0,4.4,0.0000,0.0000
1998,1,3,20,30,-7.9,0,0,0,4.1000000000000005,0.0000,0.0000
1998,1,3,21,0,-8.1,0,0,0,3.8000000000000003,0.0000,0.0000
1998,1,3,21,30,-8.200000000000001,0,0,0,3.7,0.0000,0.0000
1998,1,3,22,0,-8.3,0,0,0,3.5,0.0000,0.0000
1998,1,3,22,30,-8.3,0,0,0,3.5,0.0000,0.0000
1998,1,3,23,0,-8.3,0,0,0,3.5,0.0000,0.0000
1998,1,3,23,30,-8.3,0,0,0,3.3000000000000003,0.0000,0.0000
1998,1,4,0,0,-8.4,0,0,0,3,0.0000,0.0000
1998,1,4,0,30,-8.4,0,0,0,2.6,0.0000,0.0000
1998,1,4,1,0,-8.5,0,0,0,2.2,0.0000,0.0000
1998,1,4,1,30,-8.6,0,0,0,2.1,0.0000,0.0000
1998,1,4,2,0,-8.700000000000001,0,0,0,2,0.0000,0.0000
1998,1,4,2,30,-8.9,0,0,0,2.2,0.0000,0.0000
1998,1,4,3,0,-9.1,0,0,0,2.3000000000000003,0.0000,0.0000
1998,1,4,3,30,-9.3,0,0,0,2.5,0.0000,0.0000
1998,1,4,4,0,-9.5,0,0,0,2.6,0.0000,0.0000
1998,1,4,4,30,-9.700000000000001,0,0,0,2.6,0.0000,0.0000
1998,1,4,5,0,-9.8,0,0,0,2.7,0.0000,0.0000
1998,1,4,5,30,-9.8,0,0,0,2.4000000000000004,0.0000,0.0000
1998,1,4,6,0,-9.700000000000001,0,0,0,2.1,0.0000,0.0000
1998,1,4,6,30,-9.700000000000001,0,0,0,1.9000000000000001,0.0000,0.0000
1998,1,4,7,0,-9.600000000000001,0,0,0,1.7000000000000002,0.0000,0.0000
1998,1,4,7,30,-9.5,0,0,0,1.7000000000000002,0.0000,0.0000
1998,1,4,8,0,-9.4,0,0,0,1.7000000000000002,0.0000,0.0000
1998,1,4,8,30,-9.1,15,0,15,1.6,0.0000,0.0000
1998,1,4,9,0,-8.8,25,0,25,1.6,0.0000,0.0000
1998,1,4,9,30,-8.4,29,0,29,1.6,1.3966,1.0695
1998,1,4,10,0,-8,64,2,65,1.6,3.2252,2.4854
1998,1,4,10,30,-7.7,66,1,66,1.7000000000000002,3.3688,2.6077
1998,1,4,11,0,-7.300000000000001,98,4,100,1.7000000000000002,5.2160,4.0492
1998,1,4,11,30,-7.1000000000000005,141,10,145,1.6,7.6770,5.9705
1998,1,4,12,0,-6.800000000000001,91,1,91,1.5,4.8603,3.7836
1998,1,4,12,30,-6.7,85,1,85,1.2000000000000002,4.5543,3.5467
1998,1,4,13,0,-6.5,98,2,99,1,5.2926,4.1206
1998,1,4,13,30,-6.300000000000001,95,2,95,0.9,5.0394,3.9201
1998,1,4,14,0,-6.1000000000000005,127,9,131,0.8,6.8533,5.3223
1998,1,4,14,30,-6,42,0,42,0.7000000000000001,2.1528,1.6674
1998,1,4,15,0,-5.800000000000001,134,29,143,0.6000000000000001,7.1325,5.5014
1998,1,4,15,30,-5.7,62,2,62,0.6000000000000001,2.9995,2.2996
1998,1,4,16,0,-5.7,7,0,7,0.5,0.0000,0.0000
1998,1,4,16,30,-5.800000000000001,9,0,9,0.4,0.0000,0.0000
1998,1,4,17,0,-5.9,3,0,3,0.30000000000000004,0.0000,0.0000
1998,1,4,17,30,-6,0,0,0,0.30000000000000004,0.0000,0.0000
1998,1,4,18,0,-6.2,0,0,0,0.30000000000000004,0.0000,0.0000
1998,1,4,18,30,-6.4,0,0,0,0.4,0.0000,0.0000
1998,1,4,19,0,-6.6000000000000005,0,0,0,0.5,0.0000,0.0000
1998,1,4,19,30,-6.7,0,0,0,0.5,0.0000,0.0000
1998,1,4,20,0,-6.9,0,0,0,0.6000000000000001,0.0000,0.0000
1998,1,4,20,30,-7,0,0,0,0.7000000000000001,0.0000,0.0000
1998,1,4,21,0,-7.1000000000000005,0,0,0,0.8,0.0000,0.0000
1998,1,4,21,30,-7.1000000000000005,0,0,0,0.8,0.0000,0.0000
1998,1,4,22,0,-7.1000000000000005,0,0,0,0.9,0.0000,0.0000
1998,1,4,22,30,-7,0,0,0,1,0.0000,0.0000
1998,1,4,23,0,-6.800000000000001,0,0,0,1.2000000000000002,0.0000,0.0000
1998,1,4,23,30,-6.6000000000000005,0,0,0,1.2000000000000002,0.0000,0.0000
1998,1,5,0,0,-6.4,0,0,0,1.3,0.0000,0.0000
1998,1,5,0,30,-6.1000000000000005,0,0,0,1.4000000000000001,0.0000,0.0000
1998,1,5,1,0,-5.9,0,0,0,1.6,0.0000,0.0000
1998,1,5,1,30,-5.7,0,0,0,1.5,0.0000,0.0000
1998,1,5,2,0,-5.6000000000000005,0,0,0,1.5,0.0000,0.0000
1998,1,5,2,30,-5.5,0,0,0,1.5,0.0000,0.0000
1998,1,5,3,0,-5.5,0,0,0,1.4000000000000001,0.0000,0.0000
1998,1,5,3,30,-5.4,0,0,0,1.4000000000000001,0.0000,0.0000
1998,1,5,4,0,-5.4,0,0,0,1.3,0.0000,0.0000
1998,1,5,4,30,-5.4,0,0,0,1.3,0.0000,0.0000
1998,1,5,5,0,-5.4,0,0,0,1.2000000000000002,0.0000,0.0000
1998,1,5,5,30,-5.5,0,0,0,1.3,0.0000,0.0000
1998,1,5,6,0,-5.5,0,0,0,1.4000000000000001,0.0000,0.0000
1998,1,5,6,30,-5.4,0,0,0,1.4000000000000001,0.0000,0.0000
1998,1,5,7,0,-5.4,0,0,0,1.3,0.0000,0.0000
1998,1,5,7,30,-5.2,0,0,0,1.2000000000000002,0.0000,0.0000
1998,1,5,8,0,-5.1000000000000005,0,0,0,1.1,0.0000,0.0000
1998,1,5,8,30,-4.3,26,417,62,1,0.0000,0.0000
1998,1,5,9,0,-3.6,27,0,27,0.9,0.0000,0.0000
1998,1,5,9,30,-2.9000000000000004,49,695,206,0.8,9.9226,7.5990
1998,1,5,10,0,-2.2,38,0,38,0.8,1.8864,1.4538
1998,1,5,10,30,-1.7000000000000002,78,0,78,0.7000000000000001,3.9834,3.0837
1998,1,5,11,0,-1.2000000000000002,73,0,73,0.7000000000000001,3.8099,2.9579
1998,1,5,11,30,-0.7000000000000001,91,0,91,0.7000000000000001,4.8209,3.7496
1998,1,5,12,0,-0.2,107,0,107,0.7000000000000001,5.7190,4.4525
1998,1,5,12,30,0.2,118,0,118,0.8,6.3275,4.9280
1998,1,5,13,0,0.6000000000000001,141,1,141,0.9,7.5445,5.8745
1998,1,5,13,30,0.8,127,0,127,1,6.7436,5.2463
1998,1,5,14,0,1.1,105,0,105,1.1,5.4994,4.2715
1998,1,5,14,30,1.1,61,813,343,1.1,17.6034,13.6367
1998,1,5,15,0,1.1,58,764,285,1.1,14.2350,10.9822
1998,1,5,15,30,0.6000000000000001,51,699,219,0.8,10.6072,8.1345
1998,1,5,16,0,0.2,43,602,147,0.5,0.0000,0.0000
1998,1,5,16,30,-0.1,30,445,75,0.30000000000000004,0.0000,0.0000
1998,1,5,17,0,-0.4,12,187,17,0.2,0.0000,0.0000
1998,1,5,17,30,-0.6000000000000001,0,0,0,0.2,0.0000,0.0000
1998,1,5,18,0,-0.7000000000000001,0,0,0,0.30000000000000004,0.0000,0.0000
1998,1,5,18,30,-0.9,0,0,0,0.4,0.0000,0.0000
1998,1,5,19,0,-1.1,0,0,0,0.4,0.0000,0.0000
1998,1,5,19,30,-1.3,0,0,0,0.4,0.0000,0.0000
1998,1,5,20,0,-1.5,0,0,0,0.5,0.0000,0.0000
1998,1,5,20,30,-1.6,0,0,0,0.4,0.0000,0.0000
1998,1,5,21,0,-1.7000000000000002,0,0,0,0.4,0.0000,0.0000
1998,1,5,21,30,-1.8,0,0,0,0.4,0.0000,0.0000
1998,1,5,22,0,-1.9000000000000001,0,0,0,0.4,0.0000,0.0000
1998,1,5,22,30,-2,0,0,0,0.4,0.0000,0.0000
1998,1,5,23,0,-2.1,0,0,0,0.4,0.0000,0.0000
1998,1,5,23,30,-2.3000000000000003,0,0,0,0.5,0.0000,0.0000
1998,1,6,0,0,-2.4000000000000004,0,0,0,0.5,0.0000,0.0000
1998,1,6,0,30,-2.6,0,0,0,0.6000000000000001,0.0000,0.0000
1998,1,6,1,0,-2.7,0,0,0,0.7000000000000001,0.0000,0.0000
1998,1,6,1,30,-2.9000000000000004,0,0,0,0.8,0.0000,0.0000
1998,1,6,2,0,-3,0,0,0,0.9,0.0000,0.0000
1998,1,6,2,30,-3.2,0,0,0,1.2000000000000002,0.0000,0.0000
1998,1,6,3,0,-3.3000000000000003,0,0,0,1.4000000000000001,0.0000,0.0000
1998,1,6,3,30,-3.4000000000000004,0,0,0,1.9000000000000001,0.0000,0.0000
1998,1,6,4,0,-3.4000000000000004,0,0,0,2.3000000000000003,0.0000,0.0000
1998,1,6,4,30,-3.5,0,0,0,2.5,0.0000,0.0000
1998,1,6,5,0,-3.5,0,0,0,2.7,0.0000,0.0000
1998,1,6,5,30,-3.7,0,0,0,2.6,0.0000,0.0000
1998,1,6,6,0,-3.8000000000000003,0,0,0,2.5,0.0000,0.0000
1998,1,6,6,30,-3.9000000000000004,0,0,0,2.6,0.0000,0.0000
1998,1,6,7,0,-4,0,0,0,2.7,0.0000,0.0000
1998,1,6,7,30,-3.8000000000000003,0,0,0,3.2,0.0000,0.0000
1998,1,6,8,0,-3.7,0,0,0,3.7,0.0000,0.0000
1998,1,6,8,30,-3.1,20,0,20,4.2,0.0000,0.0000
1998,1,6,9,0,-2.5,45,533,130,4.7,0.0000,0.0000
1998,1,6,9,30,-1.8,56,644,203,4.9,9.7808,7.4909
1998,1,6,10,0,-1.2000000000000002,39,0,39,5.1000000000000005,1.9369,1.4929
1998,1,6,10,30,-0.7000000000000001,60,0,60,4.9,3.0658,2.3735
1998,1,6,11,0,-0.30000000000000004,106,0,106,4.7,5.5358,4.2982
1998,1,6,11,30,-0.1,174,31,186,4.7,9.8614,7.6706
1998,1,6,12,0,0.1,153,1,153,4.6000000000000005,8.1842,6.3724
1998,1,6,12,30,0.1,140,12,145,4.7,7.7820,6.0614
1998,1,6,13,0,0.1,193,35,208,4.800000000000001,11.1399,8.6749
1998,1,6,13,30,0,145,17,152,4.800000000000001,8.0790,6.2860
1998,1,6,14,0,-0.1,177,39,192,4.9,10.0684,7.8214
1998,1,6,14,30,-0.30000000000000004,114,1,114,4.9,5.8585,4.5392
1998,1,6,15,0,-0.5,74,0,74,4.9,3.7013,2.8562
1998,1,6,15,30,-1.1,64,0,64,4.5,3.1037,2.3809
1998,1,6,16,0,-1.6,14,0,14,4.2,0.6674,0.5087
1998,1,6,16,30,-2.3000000000000003,22,0,22,3.8000000000000003,0.0000,0.0000
1998,1,6,17,0,-3,14,128,17,3.4000000000000004,0.0000,0.0000
1998,1,6,17,30,-3.4000000000000004,0,0,0,3.3000000000000003,0.0000,0.0000
1998,1,6,18,0,-3.8000000000000003,0,0,0,3.1,0.0000,0.0000
1998,1,6,18,30,-4.2,0,0,0,2.5,0.0000,0.0000
1998,1,6,19,0,-4.7,0,0,0,1.8,0.0000,0.0000
1998,1,6,19,30,-5,0,0,0,1.8,0.0000,0.0000
1998,1,6,20,0,-5.4,0,0,0,1.8,0.0000,0.0000
1998,1,6,20,30,-5.800000000000001,0,0,0,2,0.0000,0.0000
1998,1,6,21,0,-6.1000000000000005,0,0,0,2.2,0.0000,0.0000
1998,1,6,21,30,-6.4,0,0,0,2.4000000000000004,0.0000,0.0000
1998,1,6,22,0,-6.7,0,0,0,2.6,0.0000,0.0000
1998,1,6,22,30,-6.9,0,0,0,2.6,0.0000,0.0000
1998,1,6,23,0,-7.2,0,0,0,2.7,0.0000,0.0000
1998,1,6,23,30,-7.5,0,0,0,2.5,0.0000,0.0000
1998,1,7,0,0,-7.800000000000001,0,0,0,2.4000000000000004,0.0000,0.0000
1998,1,7,0,30,-8,0,0,0,2.2,0.0000,0.0000
1998,1,7,1,0,-8.200000000000001,0,0,0,2,0.0000,0.0000
1998,1,7,1,30,-8.4,0,0,0,2,0.0000,0.0000
1998,1,7,2,0,-8.6,0,0,0,2,0.0000,0.0000
1998,1,7,2,30,-8.6,0,0,0,2.2,0.0000,0.0000
1998,1,7,3,0,-8.700000000000001,0,0,0,2.4000000000000004,0.0000,0.0000
1998,1,7,3,30,-8.6,0,0,0,2.7,0.0000,0.0000
1998,1,7,4,0,-8.5,0,0,0,2.9000000000000004,0.0000,0.0000
1998,1,7,4,30,-8.5,0,0,0,2.9000000000000004,0.0000,0.0000
1998,1,7,5,0,-8.5,0,0,0,2.9000000000000004,0.0000,0.0000
1998,1,7,5,30,-8.6,0,0,0,2.7,0.0000,0.0000
1998,1,7,6,0,-8.700000000000001,0,0,0,2.6,0.0000,0.0000
1998,1,7,6,30,-8.9,0,0,0,2.6,0.0000,0.0000
1998,1,7,7,0,-9,0,0,0,2.6,0.0000,0.0000
1998,1,7,7,30,-8.9,0,0,0,2.7,0.0000,0.0000
1998,1,7,8,0,-8.700000000000001,0,0,0,2.8000000000000003,0.0000,0.0000
1998,1,7,8,30,-7.800000000000001,17,0,17,3,0.0000,0.0000
1998,1,7,9,0,-6.9,48,3,49,3.2,0.0000,0.0000
1998,1,7,9,30,-6.1000000000000005,81,8,83,3.2,4.0004,3.0641
1998,1,7,10,0,-5.300000000000001,66,2,67,3.2,3.3294,2.5664
1998,1,7,10,30,-4.4,42,0,42,3.3000000000000003,2.1476,1.6628
1998,1,7,11,0,-3.5,93,0,94,3.4000000000000004,4.9128,3.8148
1998,1,7,11,30,-2.7,119,0,119,3.4000000000000004,6.3140,4.9117
1998,1,7,12,0,-1.8,119,0,119,3.4000000000000004,6.3706,4.9607
1998,1,7,12,30,-1.2000000000000002,103,0,103,3.5,5.5326,4.3097
1998,1,7,13,0,-0.6000000000000001,143,0,143,3.5,7.6664,5.9707
1998,1,7,13,30,-0.4,179,25,189,3.4000000000000004,10.0570,7.8260
1998,1,7,14,0,-0.1,172,24,182,3.3000000000000003,9.5556,7.4242
1998,1,7,14,30,-0.2,127,11,131,3.1,6.7410,5.2239
1998,1,7,15,0,-0.4,100,11,104,2.9000000000000004,5.2096,4.0211
1998,1,7,15,30,-1.4000000000000001,22,0,22,2.3000000000000003,1.0683,0.8197
1998,1,7,16,0,-2.4000000000000004,42,686,165,1.7000000000000002,7.8649,5.9953
1998,1,7,16,30,-3.5,31,538,87,1.5,0.0000,0.0000
1998,1,7,17,0,-4.6000000000000005,6,0,6,1.4000000000000001,0.0000,0.0000
1998,1,7,17,30,-4.9,0,0,0,1.5,0.0000,0.0000
1998,1,7,18,0,-5.300000000000001,0,0,0,1.5,0.0000,0.0000
1998,1,7,18,30,-5.6000000000000005,0,0,0,1.6,0.0000,0.0000
1998,1,7,19,0,-5.9,0,0,0,1.7000000000000002,0.0000,0.0000
1998,1,7,19,30,-6.1000000000000005,0,0,0,1.8,0.0000,0.0000
1998,1,7,20,0,-6.300000000000001,0,0,0,1.9000000000000001,0.0000,0.0000
1998,1,7,20,30,-6.300000000000001,0,0,0,1.9000000000000001,0.0000,0.0000
1998,1,7,21,0,-6.4,0,0,0,2,0.0000,0.0000
1998,1,7,21,30,-6.4,0,0,0,2,0.0000,0.0000
1998,1,7,22,0,-6.4,0,0,0,2,0.0000,0.0000
1998,1,7,22,30,-6.4,0,0,0,2,0.0000,0.0000
1998,1,7,23,0,-6.300000000000001,0,0,0,2,0.0000,0.0000
1998,1,7,23,30,-6.4,0,0,0,2.1,0.0000,0.0000
1998,1,8,0,0,-6.4,0,0,0,2.2,0.0000,0.0000
1998,1,8,0,30,-6.6000000000000005,0,0,0,2.4000000000000004,0.0000,0.0000
1998,1,8,1,0,-6.7,0,0,0,2.6,0.0000,0.0000
1998,1,8,1,30,-6.9,0,0,0,2.6,0.0000,0.0000
1998,1,8,2,0,-7,0,0,0,2.6,0.0000,0.0000
1998,1,8,2,30,-7.2,0,0,0,2.7,0.0000,0.0000
1998,1,8,3,0,-7.300000000000001,0,0,0,2.7,0.0000,0.0000
1998,1,8,3,30,-7.4,0,0,0,2.8000000000000003,0.0000,0.0000
1998,1,8,4,0,-7.5,0,0,0,2.9000000000000004,0.0000,0.0000
1998,1,8,4,30,-7.5,0,0,0,3,0.0000,0.0000
1998,1,8,5,0,-7.6000000000000005,0,0,0,3,0.0000,0.0000
1998,1,8,5,30,-7.6000000000000005,0,0,0,3,0.0000,0.0000
1998,1,8,6,0,-7.7,0,0,0,3,0.0000,0.0000
1998,1,8,6,30,-7.800000000000001,0,0,0,2.9000000000000004,0.0000,0.0000
1998,1,8,7,0,-7.800000000000001,0,0,0,2.9000000000000004,0.0000,0.0000
1998,1,8,7,30,-7.6000000000000005,0,0,0,2.9000000000000004,0.0000,0.0000
1998,1,8,8,0,-7.4,0,0,0,2.9000000000000004,0.0000,0.0000
1998,1,8,8,30,-6.9,25,528,70,2.8000000000000003,0.0000,0.0000
1998,1,8,9,0,-6.300000000000001,45,0,45,2.8000000000000003,0.0000,0.0000
1998,1,8,9,30,-5.6000000000000005,42,793,224,2.6,10.8009,8.2739
1998,1,8,10,0,-4.9,65,0,65,2.3000000000000003,3.2321,2.4917
1998,1,8,10,30,-4,100,0,100,2.1,5.1171,3.9624
1998,1,8,11,0,-3.1,117,0,117,1.9000000000000001,6.1194,4.7522
1998,1,8,11,30,-2.2,136,0,136,1.7000000000000002,7.2215,5.6181
1998,1,8,12,0,-1.4000000000000001,142,0,142,1.5,7.6084,5.9251
1998,1,8,12,30,-0.7000000000000001,135,0,135,1.3,7.2581,5.6544
1998,1,8,13,0,-0.1,198,6,201,1.2000000000000002,10.7866,8.4017
1998,1,8,13,30,0.1,203,10,207,1.1,11.0271,8.5820
1998,1,8,14,0,0.4,173,5,175,1.1,9.1992,7.1483
1998,1,8,14,30,0.30000000000000004,139,2,140,1,7.2143,5.5917
1998,1,8,15,0,0.1,130,4,132,1,6.6220,5.1125
1998,1,8,15,30,-0.8,37,831,243,0.8,11.8152,9.0689
1998,1,8,16,0,-1.7000000000000002,32,748,167,0.6000000000000001,7.9597,6.0688
1998,1,8,16,30,-2.5,40,0,41,0.7000000000000001,0.0000,0.0000
1998,1,8,17,0,-3.3000000000000003,12,375,24,0.7000000000000001,0.0000,0.0000
1998,1,8,17,30,-3.5,0,0,0,0.6000000000000001,0.0000,0.0000
1998,1,8,18,0,-3.7,0,0,0,0.6000000000000001,0.0000,0.0000
1998,1,8,18,30,-3.9000000000000004,0,0,0,0.4,0.0000,0.0000
1998,1,8,19,0,-4.1000000000000005,0,0,0,0.30000000000000004,0.0000,0.0000
1998,1,8,19,30,-4.4,0,0,0,0.5,0.0000,0.0000
1998,1,8,20,0,-4.800000000000001,0,0,0,0.8,0.0000,0.0000
1998,1,8,20,30,-5.1000000000000005,0,0,0,0.9,0.0000,0.0000
1998,1,8,21,0,-5.4,0,0,0,1,0.0000,0.0000
1998,1,8,21,30,-5.7,0,0,0,1.1,0.0000,0.0000
1998,1,8,22,0,-6,0,0,0,1.3,0.0000,0.0000
1998,1,8,22,30,-6,0,0,0,1.7000000000000002,0.0000,0.0000
1998,1,8,23,0,-6,0,0,0,2,0.0000,0.0000
1998,1,8,23,30,-6.1000000000000005,0,0,0,2.6,0.0000,0.0000
1998,1,9,0,0,-6.2,0,0,0,3.2,0.0000,0.0000
1998,1,9,0,30,-6.300000000000001,0,0,0,3.9000000000000004,0.0000,0.0000
1998,1,9,1,0,-6.5,0,0,0,4.5,0.0000,0.0000
1998,1,9,1,30,-6.7,0,0,0,5,0.0000,0.0000
1998,1,9,2,0,-7,0,0,0,5.5,0.0000,0.0000
1998,1,9,2,30,-7.2,0,0,0,5.800000000000001,0.0000,0.0000
1998,1,9,3,0,-7.5,0,0,0,6.1000000000000005,0.0000,0.0000
1998,1,9,3,30,-7.7,0,0,0,6.4,0.0000,0.0000
1998,1,9,4,0,-8,0,0,0,6.7,0.0000,0.0000
1998,1,9,4,30,-8.200000000000001,0,0,0,7,0.0000,0.0000
1998,1,9,5,0,-8.5,0,0,0,7.300000000000001,0.0000,0.0000
1998,1,9,5,30,-8.8,0,0,0,7.4,0.0000,0.0000
1998,1,9,6,0,-9.1,0,0,0,7.5,0.0000,0.0000
1998,1,9,6,30,-9.4,0,0,0,7.4,0.0000,0.0000
1998,1,9,7,0,-9.700000000000001,0,0,0,7.4,0.0000,0.0000
1998,1,9,7,30,-10,0,0,0,7.300000000000001,0.0000,0.0000
1998,1,9,8,0,-10.200000000000001,0,0,0,7.2,0.0000,0.0000
1998,1,9,8,30,-10.4,12,0,12,7.300000000000001,0.0000,0.0000
1998,1,9,9,0,-10.600000000000001,28,0,28,7.4,0.0000,0.0000
1998,1,9,9,30,-10.5,50,0,50,7.5,2.4120,1.8478
1998,1,9,10,0,-10.5,80,0,80,7.6000000000000005,3.9809,3.0693
1998,1,9,10,30,-10.4,98,0,98,7.800000000000001,5.0188,3.8867
1998,1,9,11,0,-10.3,113,0,113,7.9,5.9155,4.5944
1998,1,9,11,30,-10.3,133,0,133,7.9,7.0686,5.4998
1998,1,9,12,0,-10.3,150,1,151,7.9,8.0982,6.3072
1998,1,9,12,30,-10.3,195,5,197,7.800000000000001,10.6019,8.2603
1998,1,9,13,0,-10.200000000000001,245,32,259,7.7,13.9140,10.8388
1998,1,9,13,30,-10.100000000000001,256,56,279,7.5,14.8804,11.5823
1998,1,9,14,0,-10,243,125,292,7.4,15.3704,11.9456
1998,1,9,14,30,-10.100000000000001,202,236,286,7.1000000000000005,14.7596,11.4423
1998,1,9,15,0,-10.100000000000001,52,860,317,6.800000000000001,15.9280,12.3003
1998,1,9,15,30,-10.4,47,803,248,6.2,12.0754,9.2716
1998,1,9,16,0,-10.8,37,748,175,5.6000000000000005,8.3414,6.3613
1998,1,9,16,30,-11.600000000000001,28,612,96,4.800000000000001,0.0000,0.0000
1998,1,9,17,0,-12.5,14,376,27,4,0.0000,0.0000
1998,1,9,17,30,-12.9,0,0,0,3.5,0.0000,0.0000
1998,1,9,18,0,-13.4,0,0,0,3,0.0000,0.0000
1998,1,9,18,30,-13.700000000000001,0,0,0,2.6,0.0000,0.0000
1998,1,9,19,0,-13.9,0,0,0,2.2,0.0000,0.0000
1998,1,9,19,30,-14.100000000000001,0,0,0,2,0.0000,0.0000
1998,1,9,20,0,-14.3,0,0,0,1.8,0.0000,0.0000
1998,1,9,20,30,-14.5,0,0,0,1.8,0.0000,0.0000
1998,1,9,21,0,-14.700000000000001,0,0,0,1.8,0.0000,0.0000
1998,1,9,21,30,-14.8,0,0,0,1.9000000000000001,0.0000,0.0000
1998,1,9,22,0,-15,0,0,0,1.9000000000000001,0.0000,0.0000
1998,1,9,22,30,-15.200000000000001,0,0,0,2.1,0.0000,0.0000
1998,1,9,23,0,-15.3,0,0,0,2.3000000000000003,0.0000,0.0000
1998,1,9,23,30,-15.4,0,0,0,2.4000000000000004,0.0000,0.0000
1998,1,10,0,0,-15.5,0,0,0,2.6,0.0000,0.0000
1998,1,10,0,30,-15.600000000000001,0,0,0,2.7,0.0000,0.0000
1998,1,10,1,0,-15.700000000000001,0,0,0,2.9000000000000004,0.0000,0.0000
1998,1,10,1,30,-15.8,0,0,0,2.9000000000000004,0.0000,0.0000
1998,1,10,2,0,-15.8,0,0,0,2.9000000000000004,0.0000,0.0000
1998,1,10,2,30,-15.9,0,0,0,2.8000000000000003,0.0000,0.0000
1998,1,10,3,0,-15.9,0,0,0,2.7,0.0000,0.0000
1998,1,10,3,30,-16,0,0,0,2.7,0.0000,0.0000
1998,1,10,4,0,-16,0,0,0,2.6,0.0000,0.0000
1998,1,10,4,30,-16,0,0,0,2.5,0.0000,0.0000
1998,1,10,5,0,-16,0,0,0,2.5,0.0000,0.0000
1998,1,10,5,30,-16.1,0,0,0,2.5,0.0000,0.0000
1998,1,10,6,0,-16.1,0,0,0,2.4000000000000004,0.0000,0.0000
1998,1,10,6,30,-16.2,0,0,0,2.4000000000000004,0.0000,0.0000
1998,1,10,7,0,-16.2,0,0,0,2.4000000000000004,0.0000,0.0000
1998,1,10,7,30,-15.9,0,0,0,2.6,0.0000,0.0000
1998,1,10,8,0,-15.5,0,0,0,2.9000000000000004,0.0000,0.0000
1998,1,10,8,30,-14.4,26,498,69,3.2,0.0000,0.0000
1998,1,10,9,0,-13.3,38,648,143,3.6,0.0000,0.0000
1998,1,10,9,30,-12.5,46,749,219,3.6,10.5697,8.0987
1998,1,10,10,0,-11.700000000000001,52,816,290,3.7,14.4416,11.1360
1998,1,10,10,30,-11,56,860,352,3.5,18.0412,13.9732
1998,1,10,11,0,-10.3,59,893,403,3.3000000000000003,21.1142,16.4003
1998,1,10,11,30,-9.700000000000001,61,913,441,3.2,23.4592,18.2545
1998,1,10,12,0,-9,62,926,466,3.1,25.0150,19.4846
1998,1,10,12,30,-8.5,62,930,476,3,25.6436,19.9819
1998,1,10,13,0,-8.1,61,930,471,2.9000000000000004,25.3299,19.7338
1998,1,10,13,30,-7.800000000000001,60,913,448,2.8000000000000003,23.9221,18.6226
1998,1,10,14,0,-7.5,59,895,415,2.7,21.8744,17.0031
1998,1,10,14,30,-7.5,210,44,226,2.6,11.6814,9.0578
1998,1,10,15,0,-7.5,147,229,219,2.4000000000000004,11.0223,8.5142
1998,1,10,15,30,-8,118,5,119,2.2,5.8031,4.4571
1998,1,10,16,0,-8.5,97,132,122,1.9000000000000001,5.8161,4.4365
1998,1,10,16,30,-9.1,61,41,66,1.7000000000000002,0.0000,0.0000
1998,1,10,17,0,-9.600000000000001,13,0,13,1.4000000000000001,0.0000,0.0000
1998,1,10,17,30,-9.9,0,0,0,1.4000000000000001,0.0000,0.0000
1998,1,10,18,0,-10.100000000000001,0,0,0,1.5,0.0000,0.0000
1998,1,10,18,30,-10.4,0,0,0,1.5,0.0000,0.0000
1998,1,10,19,0,-10.600000000000001,0,0,0,1.5,0.0000,0.0000
1998,1,10,19,30,-10.8,0,0,0,1.4000000000000001,0.0000,0.0000
1998,1,10,20,0,-11.100000000000001,0,0,0,1.3,0.0000,0.0000
1998,1,10,20,30,-11.5,0,0,0,1.1,0.0000,0.0000
1998,1,10,21,0,-11.9,0,0,0,1,0.0000,0.0000
1998,1,10,21,30,-12.3,0,0,0,1,0.0000,0.0000
1998,1,10,22,0,-12.700000000000001,0,0,0,0.9,0.0000,0.0000
1998,1,10,22,30,-13,0,0,0,1,0.0000,0.0000
1998,1,10,23,0,-13.3,0,0,0,1,0.0000,0.0000
1998,1,10,23,30,-13.600000000000001,0,0,0,1.1,0.0000,0.0000
1998,1,11,0,0,-13.9,0,0,0,1.3,0.0000,0.0000
1998,1,11,0,30,-14.200000000000001,0,0,0,1.5,0.0000,0.0000
1998,1,11,1,0,-14.5,0,0,0,1.8,0.0000,0.0000
1998,1,11,1,30,-14.700000000000001,0,0,0,2.1,0.0000,0.0000
1998,1,11,2,0,-15,0,0,0,2.4000000000000004,0.0000,0.0000
1998,1,11,2,30,-15.100000000000001,0,0,0,2.4000000000000004,0.0000,0.0000
1998,1,11,3,0,-15.200000000000001,0,0,0,2.5,0.0000,0.0000
1998,1,11,3,30,-15.200000000000001,0,0,0,2.4000000000000004,0.0000,0.0000
1998,1,11,4,0,-15.200000000000001,0,0,0,2.4000000000000004,0.0000,0.0000
1998,1,11,4,30,-15,0,0,0,2.3000000000000003,0.0000,0.0000
1998,1,11,5,0,-14.9,0,0,0,2.3000000000000003,0.0000,0.0000
1998,1,11,5,30,-14.8,0,0,0,2.3000000000000003,0.0000,0.0000
1998,1,11,6,0,-14.700000000000001,0,0,0,2.2,0.0000,0.0000
1998,1,11,6,30,-14.600000000000001,0,0,0,2.2,0.0000,0.0000
1998,1,11,7,0,-14.5,0,0,0,2.1,0.0000,0.0000
1998,1,11,7,30,-14.100000000000001,0,0,0,2.2,0.0000,0.0000
1998,1,11,8,0,-13.8,0,0,0,2.3000000000000003,0.0000,0.0000
1998,1,11,8,30,-12.700000000000001,24,1,25,2.6,0.0000,0.0000
1998,1,11,9,0,-11.600000000000001,39,1,39,2.9000000000000004,0.0000,0.0000
1998,1,11,9,30,-10.5,121,56,135,3,6.5194,4.9960
1998,1,11,10,0,-9.5,122,22,129,3.2,6.4294,4.9585
1998,1,11,10,30,-8.5,151,30,161,3.2,8.2599,6.3983
1998,1,11,11,0,-7.5,109,5,111,3.3000000000000003,5.8213,4.5222
1998,1,11,11,30,-6.6000000000000005,144,10,148,3.3000000000000003,7.8806,6.1329
1998,1,11,12,0,-5.800000000000001,137,12,143,3.2,7.6844,5.9862
1998,1,11,12,30,-5.2,192,54,216,3.2,11.6487,9.0779
1998,1,11,13,0,-4.7,211,179,290,3.1,15.6145,12.1664
1998,1,11,13,30,-4.4,200,90,239,3,12.7779,9.9486
1998,1,11,14,0,-4,205,81,237,2.9000000000000004,12.5089,9.7248
1998,1,11,14,30,-4.1000000000000005,139,24,148,2.8000000000000003,7.6610,5.9415
1998,1,11,15,0,-4.1000000000000005,155,212,222,2.6,11.1920,8.6475
1998,1,11,15,30,-4.9,121,6,123,2,6.0074,4.6155
1998,1,11,16,0,-5.7,42,659,167,1.4000000000000001,7.9636,6.0762
1998,1,11,16,30,-6.7,31,521,92,1.2000000000000002,0.0000,0.0000
1998,1,11,17,0,-7.800000000000001,16,274,27,1,0.0000,0.0000
1998,1,11,17,30,-8,0,0,0,1.1,0.0000,0.0000
1998,1,11,18,0,-8.200000000000001,0,0,0,1.3,0.0000,0.0000
1998,1,11,18,30,-8.3,0,0,0,1.4000000000000001,0.0000,0.0000
1998,1,11,19,0,-8.4,0,0,0,1.6,0.0000,0.0000
1998,1,11,19,30,-8.5,0,0,0,1.7000000000000002,0.0000,0.0000
1998,1,11,20,0,-8.700000000000001,0,0,0,1.8,0.0000,0.0000
1998,1,11,20,30,-8.8,0,0,0,1.8,0.0000,0.0000
1998,1,11,21,0,-8.9,0,0,0,1.8,0.0000,0.0000
1998,1,11,21,30,-9.1,0,0,0,1.5,0.0000,0.0000
1998,1,11,22,0,-9.200000000000001,0,0,0,1.3,0.0000,0.0000
1998,1,11,22,30,-9.3,0,0,0,1.3,0.0000,0.0000
1998,1,11,23,0,-9.5,0,0,0,1.3,0.0000,0.0000
1998,1,11,23,30,-9.600000000000001,0,0,0,1.1,0.0000,0.0000
1998,1,12,0,0,-9.600000000000001,0,0,0,1,0.0000,0.0000
1998,1,12,0,30,-9.5,0,0,0,0.9,0.0000,0.0000
1998,1,12,1,0,-9.5,0,0,0,0.8,0.0000,0.0000
1998,1,12,1,30,-9.4,0,0,0,0.9,0.0000,0.0000
1998,1,12,2,0,-9.4,0,0,0,0.9,0.0000,0.0000
1998,1,12,2,30,-9.600000000000001,0,0,0,1.3,0.0000,0.0000
1998,1,12,3,0,-9.700000000000001,0,0,0,1.6,0.0000,0.0000
1998,1,12,3,30,-9.9,0,0,0,2.3000000000000003,0.0000,0.0000
1998,1,12,4,0,-10.100000000000001,0,0,0,2.9000000000000004,0.0000,0.0000
1998,1,12,4,30,-10.200000000000001,0,0,0,3.6,0.0000,0.0000
1998,1,12,5,0,-10.4,0,0,0,4.2,0.0000,0.0000
1998,1,12,5,30,-10.600000000000001,0,0,0,4.800000000000001,0.0000,0.0000
1998,1,12,6,0,-10.8,0,0,0,5.4,0.0000,0.0000
1998,1,12,6,30,-11.100000000000001,0,0,0,5.7,0.0000,0.0000
1998,1,12,7,0,-11.5,0,0,0,6,0.0000,0.0000
1998,1,12,7,30,-11.8,0,0,0,6,0.0000,0.0000
1998,1,12,8,0,-12.100000000000001,0,0,0,6,0.0000,0.0000
1998,1,12,8,30,-12.3,24,0,24,5.800000000000001,0.0000,0.0000
1998,1,12,9,0,-12.5,46,0,46,5.6000000000000005,0.0000,0.0000
1998,1,12,9,30,-12.600000000000001,79,1,79,5.5,3.8176,2.9260
1998,1,12,10,0,-12.600000000000001,77,0,78,5.4,3.8912,3.0014
1998,1,12,10,30,-12.600000000000001,92,0,92,5.5,4.7245,3.6602
1998,1,12,11,0,-12.600000000000001,270,109,312,5.6000000000000005,16.3784,12.7248
1998,1,12,11,30,-12.5,272,269,386,5.7,20.5749,16.0138
1998,1,12,12,0,-12.4,275,7,279,5.800000000000001,15.0086,11.6931
1998,1,12,12,30,-12.3,231,1,231,5.800000000000001,12.4713,9.7201
1998,1,12,13,0,-12.3,274,5,276,5.9,14.8782,11.5942
1998,1,12,13,30,-12.4,99,857,468,5.800000000000001,25.0539,19.5092
1998,1,12,14,0,-12.4,85,871,437,5.7,23.0974,17.9596
1998,1,12,14,30,-12.700000000000001,80,843,389,5.5,20.1689,15.6454
1998,1,12,15,0,-12.9,66,832,331,5.300000000000001,16.7166,12.9195
1998,1,12,15,30,-13.3,59,787,263,4.9,12.8663,9.8887
1998,1,12,16,0,-13.700000000000001,45,726,186,4.6000000000000005,8.8734,6.7722
1998,1,12,16,30,-14.4,33,594,105,4.3,0.0000,0.0000
1998,1,12,17,0,-15.100000000000001,17,381,33,3.9000000000000004,0.0000,0.0000
1998,1,12,17,30,-15.700000000000001,0,0,0,3.7,0.0000,0.0000
1998,1,12,18,0,-16.2,0,0,0,3.5,0.0000,0.0000
1998,1,12,18,30,-16.6,0,0,0,3.2,0.0000,0.0000
1998,1,12,19,0,-17.1,0,0,0,3,0.0000,0.0000
1998,1,12,19,30,-17.3,0,0,0,2.8000000000000003,0.0000,0.0000
1998,1,12,20,0,-17.6,0,0,0,2.7,0.0000,0.0000
1998,1,12,20,30,-17.8,0,0,0,2.5,0.0000,0.0000
1998,1,12,21,0,-18,0,0,0,2.4000000000000004,0.0000,0.0000
1998,1,12,21,30,-18.2,0,0,0,2.3000000000000003,0.0000,0.0000
1998,1,12,22,0,-18.3,0,0,0,2.1,0.0000,0.0000
1998,1,12,22,30,-18.400000000000002,0,0,0,2.1,0.0000,0.0000
1998,1,12,23,0,-18.6,0,0,0,2,0.0000,0.0000
1998,1,12,23,30,-18.7,0,0,0,2,0.0000,0.0000
1998,1,13,0,0,-18.8,0,0,0,2,0.0000,0.0000
1998,1,13,0,30,-19,0,0,0,2,0.0000,0.0000
1998,1,13,1,0,-19.1,0,0,0,2.1,0.0000,0.0000
1998,1,13,1,30,-19.1,0,0,0,2,0.0000,0.0000
1998,1,13,2,0,-19.200000000000003,0,0,0,2,0.0000,0.0000
1998,1,13,2,30,-19.200000000000003,0,0,0,1.8,0.0000,0.0000
1998,1,13,3,0,-19.200000000000003,0,0,0,1.6,0.0000,0.0000
1998,1,13,3,30,-19.1,0,0,0,1.4000000000000001,0.0000,0.0000
1998,1,13,4,0,-19.1,0,0,0,1.1,0.0000,0.0000
1998,1,13,4,30,-19.1,0,0,0,0.9,0.0000,0.0000
1998,1,13,5,0,-19,0,0,0,0.6000000000000001,0.0000,0.0000
1998,1,13,5,30,-19,0,0,0,0.5,0.0000,0.0000
1998,1,13,6,0,-19,0,0,0,0.4,0.0000,0.0000
1998,1,13,6,30,-19.1,0,0,0,0.8,0.0000,0.0000
1998,1,13,7,0,-19.1,0,0,0,1.2000000000000002,0.0000,0.0000
1998,1,13,7,30,-18.8,0,0,0,1.7000000000000002,0.0000,0.0000
1998,1,13,8,0,-18.5,0,0,0,2.1,0.0000,0.0000
1998,1,13,8,30,-17.400000000000002,35,1,35,2.6,0.0000,0.0000
1998,1,13,9,0,-16.2,40,649,148,3,0.0000,0.0000
1998,1,13,9,30,-15.4,82,0,82,3.4000000000000004,3.9652,3.0397
1998,1,13,10,0,-14.5,158,30,167,3.7,8.3389,6.4331
1998,1,13,10,30,-13.8,178,29,188,3.9000000000000004,9.6639,7.4879
1998,1,13,11,0,-13,202,31,214,4,11.2457,8.7382
1998,1,13,11,30,-12.3,204,17,211,4.2,11.2586,8.7637
1998,1,13,12,0,-11.600000000000001,259,55,284,4.3,15.2936,11.9165
1998,1,13,12,30,-11,278,155,348,4.4,18.8098,14.6620
1998,1,13,13,0,-10.4,323,52,347,4.5,18.7275,14.5956
1998,1,13,13,30,-10.100000000000001,247,5,249,4.5,13.3473,10.3948
1998,1,13,14,0,-9.700000000000001,220,3,221,4.5,11.6981,9.0975
1998,1,13,14,30,-9.700000000000001,68,857,384,4.4,19.9420,15.4726
1998,1,13,15,0,-9.700000000000001,161,2,161,4.4,8.1453,6.2968
1998,1,13,15,30,-10.200000000000001,56,769,258,4.1000000000000005,12.6418,9.7192
1998,1,13,16,0,-10.600000000000001,46,690,181,3.9000000000000004,8.6391,6.5953
1998,1,13,16,30,-11.600000000000001,34,558,103,3.3000000000000003,0.0000,0.0000
1998,1,13,17,0,-12.600000000000001,18,335,33,2.7,0.0000,0.0000
1998,1,13,17,30,-13.100000000000001,0,0,0,2.7,0.0000,0.0000
1998,1,13,18,0,-13.5,0,0,0,2.7,0.0000,0.0000
1998,1,13,18,30,-13.700000000000001,0,0,0,2.7,0.0000,0.0000
1998,1,13,19,0,-14,0,0,0,2.8000000000000003,0.0000,0.0000
1998,1,13,19,30,-14.100000000000001,0,0,0,3,0.0000,0.0000
1998,1,13,20,0,-14.200000000000001,0,0,0,3.2,0.0000,0.0000
1998,1,13,20,30,-13.9,0,0,0,3.4000000000000004,0.0000,0.0000
1998,1,13,21,0,-13.600000000000001,0,0,0,3.6,0.0000,0.0000
1998,1,13,21,30,-13.100000000000001,0,0,0,3.7,0.0000,0.0000
1998,1,13,22,0,-12.600000000000001,0,0,0,3.8000000000000003,0.0000,0.0000
1998,1,13,22,30,-12.200000000000001,0,0,0,3.8000000000000003,0.0000,0.0000
1998,1,13,23,0,-11.8,0,0,0,3.8000000000000003,0.0000,0.0000
1998,1,13,23,30,-11.600000000000001,0,0,0,3.4000000000000004,0.0000,0.0000
1998,1,14,0,0,-11.4,0,0,0,3.1,0.0000,0.0000
1998,1,14,0,30,-11.3,0,0,0,2.9000000000000004,0.0000,0.0000
1998,1,14,1,0,-11.200000000000001,0,0,0,2.8000000000000003,0.0000,0.0000
1998,1,14,1,30,-11.100000000000001,0,0,0,2.7,0.0000,0.0000
1998,1,14,2,0,-11,0,0,0,2.7,0.0000,0.0000
1998,1,14,2,30,-10.9,0,0,0,2.6,0.0000,0.0000
1998,1,14,3,0,-10.8,0,0,0,2.5,0.0000,0.0000
1998,1,14,3,30,-10.9,0,0,0,2.4000000000000004,0.0000,0.0000
1998,1,14,4,0,-10.9,0,0,0,2.3000000000000003,0.0000,0.0000
1998,1,14,4,30,-11.100000000000001,0,0,0,2.1,0.0000,0.0000
1998,1,14,5,0,-11.200000000000001,0,0,0,2,0.0000,0.0000
1998,1,14,5,30,-11.4,0,0,0,1.9000000000000001,0.0000,0.0000
1998,1,14,6,0,-11.600000000000001,0,0,0,1.7000000000000002,0.0000,0.0000
1998,1,14,6,30,-11.8,0,0,0,1.6,0.0000,0.0000
1998,1,14,7,0,-11.9,0,0,0,1.6,0.0000,0.0000
1998,1,14,7,30,-11.600000000000001,0,0,0,1.9000000000000001,0.0000,0.0000
1998,1,14,8,0,-11.3,0,0,0,2.2,0.0000,0.0000
1998,1,14,8,30,-10.4,23,0,23,2.3000000000000003,0.0000,0.0000
1998,1,14,9,0,-9.4,43,0,43,2.4000000000000004,0.0000,0.0000
1998,1,14,9,30,-8.3,53,0,53,2.4000000000000004,2.5647,1.9664
1998,1,14,10,0,-7.300000000000001,62,0,62,2.3000000000000003,3.0990,2.3912
1998,1,14,10,30,-6.300000000000001,101,0,101,2.3000000000000003,5.1977,4.0280
1998,1,14,11,0,-5.300000000000001,86,0,86,2.2,4.5244,3.5160
1998,1,14,11,30,-4.6000000000000005,100,0,100,2.2,5.3417,4.1585
1998,1,14,12,0,-3.9000000000000004,118,0,119,2.2,6.4153,4.9993
1998,1,14,12,30,-3.2,140,0,140,2.3000000000000003,7.5759,5.9060
1998,1,14,13,0,-2.6,184,2,185,2.4000000000000004,9.9967,7.7921
1998,1,14,13,30,-2.2,139,0,139,2.5,7.4610,5.8115
1998,1,14,14,0,-1.8,153,1,153,2.6,8.1105,6.3086
1998,1,14,14,30,-1.8,127,1,127,2.6,6.6060,5.1265
1998,1,14,15,0,-1.7000000000000002,108,1,109,2.6,5.5242,4.2717
1998,1,14,15,30,-2.6,71,0,71,1.9000000000000001,3.4851,2.6804
1998,1,14,16,0,-3.5,47,648,176,1.2000000000000002,8.4058,6.4192
1998,1,14,16,30,-4.5,35,514,100,1.1,0.0000,0.0000
1998,1,14,17,0,-5.6000000000000005,18,298,33,1.1,0.0000,0.0000
1998,1,14,17,30,-6.1000000000000005,0,0,0,1.1,0.0000,0.0000
1998,1,14,18,0,-6.7,0,0,0,1.1,0.0000,0.0000
1998,1,14,18,30,-7.1000000000000005,0,0,0,1.1,0.0000,0.0000
1998,1,14,19,0,-7.6000000000000005,0,0,0,1.1,0.0000,0.0000
1998,1,14,19,30,-7.9,0,0,0,1,0.0000,0.0000
1998,1,14,20,0,-8.200000000000001,0,0,0,1,0.0000,0.0000
1998,1,14,20,30,-8.4,0,0,0,0.9,0.0000,0.0000
1998,1,14,21,0,-8.700000000000001,0,0,0,0.9,0.0000,0.0000
1998,1,14,21,30,-8.9,0,0,0,0.8,0.0000,0.0000
1998,1,14,22,0,-9.1,0,0,0,0.8,0.0000,0.0000
1998,1,14,22,30,-9.3,0,0,0,0.7000000000000001,0.0000,0.0000
1998,1,14,23,0,-9.4,0,0,0,0.6000000000000001,0.0000,0.0000
1998,1,14,23,30,-9.600000000000001,0,0,0,0.5,0.0000,0.0000
1998,1,15,0,0,-9.700000000000001,0,0,0,0.4,0.0000,0.0000
1998,1,15,0,30,-9.9,0,0,0,0.4,0.0000,0.0000
1998,1,15,1,0,-10,0,0,0,0.4,0.0000,0.0000
1998,1,15,1,30,-10.100000000000001,0,0,0,0.4,0.0000,0.0000
1998,1,15,2,0,-10.3,0,0,0,0.4,0.0000,0.0000
1998,1,15,2,30,-10.4,0,0,0,0.4,0.0000,0.0000
1998,1,15,3,0,-10.5,0,0,0,0.4,0.0000,0.0000
1998,1,15,3,30,-10.600000000000001,0,0,0,0.4,0.0000,0.0000
1998,1,15,4,0,-10.600000000000001,0,0,0,0.5,0.0000,0.0000
1998,1,15,4,30,-10.8,0,0,0,0.6000000000000001,0.0000,0.0000
1998,1,15,5,0,-10.9,0,0,0,0.8,0.0000,0.0000
1998,1,15,5,30,-11.100000000000001,0,0,0,1.2000000000000002,0.0000,0.0000
1998,1,15,6,0,-11.200000000000001,0,0,0,1.5,0.0000,0.0000
1998,1,15,6,30,-11.4,0,0,0,1.7000000000000002,0.0000,0.0000
1998,1,15,7,0,-11.5,0,0,0,1.9000000000000001,0.0000,0.0000
1998,1,15,7,30,-11.3,0,0,0,2.2,0.0000,0.0000
1998,1,15,8,0,-11.100000000000001,0,0,0,2.5,0.0000,0.0000
1998,1,15,8,30,-10.3,28,491,73,2.9000000000000004,0.0000,0.0000
1998,1,15,9,0,-9.5,30,0,30,3.2,0.0000,0.0000
1998,1,15,9,30,-8.200000000000001,59,0,59,3.8000000000000003,2.8574,2.1913
1998,1,15,10,0,-6.9,69,0,69,4.3,3.4528,2.6646
1998,1,15,10,30,-5.6000000000000005,105,0,105,4.800000000000001,5.4098,4.1929
1998,1,15,11,0,-4.4,101,0,101,5.2,5.3194,4.1344
1998,1,15,11,30,-3.3000000000000003,123,0,123,5.5,6.5780,5.1216
1998,1,15,12,0,-2.2,144,0,144,5.7,7.7722,6.0574
1998,1,15,12,30,-1.4000000000000001,179,2,180,5.9,9.7522,7.6036
1998,1,15,13,0,-0.7000000000000001,200,6,202,6,10.9294,8.5203
1998,1,15,13,30,-0.1,258,50,280,6,15.0496,11.7241
1998,1,15,14,0,0.4,206,224,298,6.1000000000000005,15.8211,12.3082
1998,1,15,14,30,0.5,171,259,268,5.800000000000001,13.9637,10.8387
1998,1,15,15,0,0.5,51,849,329,5.6000000000000005,16.7045,12.9205
1998,1,15,15,30,-0.2,47,796,261,4.800000000000001,12.8334,9.8733
1998,1,15,16,0,-1,110,120,134,4,6.4048,4.8927
1998,1,15,16,30,-1.9000000000000001,69,54,76,3.8000000000000003,0.0000,0.0000
1998,1,15,17,0,-2.8000000000000003,22,2,22,3.6,0.0000,0.0000
1998,1,15,17,30,-2.8000000000000003,0,0,0,4,0.0000,0.0000
1998,1,15,18,0,-2.9000000000000004,0,0,0,4.3,0.0000,0.0000
1998,1,15,18,30,-3.1,0,0,0,4.4,0.0000,0.0000
1998,1,15,19,0,-3.2,0,0,0,4.5,0.0000,0.0000
1998,1,15,19,30,-3.4000000000000004,0,0,0,4.5,0.0000,0.0000
1998,1,15,20,0,-3.5,0,0,0,4.5,0.0000,0.0000
1998,1,15,20,30,-3.6,0,0,0,4.4,0.0000,0.0000
1998,1,15,21,0,-3.7,0,0,0,4.2,0.0000,0.0000
1998,1,15,21,30,-3.7,0,0,0,4.1000000000000005,0.0000,0.0000
1998,1,15,22,0,-3.7,0,0,0,3.9000000000000004,0.0000,0.0000
1998,1,15,22,30,-3.7,0,0,0,3.8000000000000003,0.0000,0.0000
1998,1,15,23,0,-3.7,0,0,0,3.7,0.0000,0.0000
1998,1,15,23,30,-3.8000000000000003,0,0,0,3.5,0.0000,0.0000
1998,1,16,0,0,-3.9000000000000004,0,0,0,3.3000000000000003,0.0000,0.0000
1998,1,16,0,30,-4,0,0,0,3.2,0.0000,0.0000
1998,1,16,1,0,-4,0,0,0,3.1,0.0000,0.0000
1998,1,16,1,30,-4.1000000000000005,0,0,0,3.2,0.0000,0.0000
1998,1,16,2,0,-4.1000000000000005,0,0,0,3.2,0.0000,0.0000
1998,1,16,2,30,-4.2,0,0,0,3.2,0.0000,0.0000
1998,1,16,3,0,-4.2,0,0,0,3.2,0.0000,0.0000
1998,1,16,3,30,-4.2,0,0,0,3,0.0000,0.0000
1998,1,16,4,0,-4.3,0,0,0,2.9000000000000004,0.0000,0.0000
1998,1,16,4,30,-4.3,0,0,0,2.7,0.0000,0.0000
1998,1,16,5,0,-4.3,0,0,0,2.5,0.0000,0.0000
1998,1,16,5,30,-4.3,0,0,0,2.4000000000000004,0.0000,0.0000
1998,1,16,6,0,-4.3,0,0,0,2.2,0.0000,0.0000
1998,1,16,6,30,-4.2,0,0,0,2,0.0000,0.0000
1998,1,16,7,0,-4.1000000000000005,0,0,0,1.8,0.0000,0.0000
1998,1,16,7,30,-3.9000000000000004,0,0,0,1.7000000000000002,0.0000,0.0000
1998,1,16,8,0,-3.6,0,0,0,1.6,0.0000,0.0000
1998,1,16,8,30,-3.1,8,0,8,1.7000000000000002,0.0000,0.0000
1998,1,16,9,0,-2.6,11,0,11,1.8,0.0000,0.0000
1998,1,16,9,30,-2,46,0,46,1.9000000000000001,2.2296,1.7101
1998,1,16,10,0,-1.4000000000000001,117,13,121,2,6.0617,4.6789
1998,1,16,10,30,-0.8,67,1,67,2.2,3.4559,2.6790
1998,1,16,11,0,-0.30000000000000004,110,3,111,2.4000000000000004,5.8530,4.5498
1998,1,16,11,30,0.2,90,1,90,2.7,4.8188,3.7524
1998,1,16,12,0,0.8,145,7,148,3,7.9979,6.2342
1998,1,16,12,30,1.3,160,10,164,3.3000000000000003,8.8966,6.9374
1998,1,16,13,0,1.8,176,16,184,3.6,9.9689,7.7726
1998,1,16,13,30,2.1,167,14,173,3.9000000000000004,9.3116,7.2551
1998,1,16,14,0,2.4000000000000004,135,7,138,4.2,7.3377,5.7094
1998,1,16,14,30,2.4000000000000004,166,28,176,4.4,9.1862,7.1320
1998,1,16,15,0,2.4000000000000004,168,51,185,4.6000000000000005,9.4103,7.2806
1998,1,16,15,30,1.8,81,6,83,4.5,4.0889,3.1469
1998,1,16,16,0,1.3,33,0,33,4.4,1.5787,1.2064
1998,1,16,16,30,0.30000000000000004,27,0,27,4.2,0.0000,0.0000
1998,1,16,17,0,-0.6000000000000001,19,1,19,4,0.0000,0.0000
1998,1,16,17,30,-1.4000000000000001,0,0,0,3.8000000000000003,0.0000,0.0000
1998,1,16,18,0,-2.1,0,0,0,3.5,0.0000,0.0000
1998,1,16,18,30,-2.8000000000000003,0,0,0,3.3000000000000003,0.0000,0.0000
1998,1,16,19,0,-3.4000000000000004,0,0,0,3.2,0.0000,0.0000
1998,1,16,19,30,-4,0,0,0,3,0.0000,0.0000
1998,1,16,20,0,-4.5,0,0,0,2.8000000000000003,0.0000,0.0000
1998,1,16,20,30,-5.1000000000000005,0,0,0,2.6,0.0000,0.0000
1998,1,16,21,0,-5.6000000000000005,0,0,0,2.4000000000000004,0.0000,0.0000
1998,1,16,21,30,-6.1000000000000005,0,0,0,2.1,0.0000,0.0000
1998,1,16,22,0,-6.7,0,0,0,1.9000000000000001,0.0000,0.0000
1998,1,16,22,30,-7,0,0,0,1.6,0.0000,0.0000
1998,1,16,23,0,-7.300000000000001,0,0,0,1.3,0.0000,0.0000
1998,1,16,23,30,-7.2,0,0,0,1.2000000000000002,0.0000,0.0000
1998,1,17,0,0,-7.1000000000000005,0,0,0,1,0.0000,0.0000
1998,1,17,0,30,-7.2,0,0,0,1,0.0000,0.0000
1998,1,17,1,0,-7.2,0,0,0,0.9,0.0000,0.0000
1998,1,17,1,30,-7.300000000000001,0,0,0,0.9,0.0000,0.0000
1998,1,17,2,0,-7.4,0,0,0,1,0.0000,0.0000
1998,1,17,2,30,-7.5,0,0,0,1,0.0000,0.0000
1998,1,17,3,0,-7.5,0,0,0,1.1,0.0000,0.0000
1998,1,17,3,30,-7.300000000000001,0,0,0,1.1,0.0000,0.0000
1998,1,17,4,0,-7.1000000000000005,0,0,0,1.2000000000000002,0.0000,0.0000
1998,1,17,4,30,-6.9,0,0,0,1.2000000000000002,0.0000,0.0000
1998,1,17,5,0,-6.7,0,0,0,1.2000000000000002,0.0000,0.0000
1998,1,17,5,30,-6.5,0,0,0,1.1,0.0000,0.0000
1998,1,17,6,0,-6.4,0,0,0,1,0.0000,0.0000
1998,1,17,6,30,-6.2,0,0,0,0.9,0.0000,0.0000
1998,1,17,7,0,-6,0,0,0,0.8,0.0000,0.0000
1998,1,17,7,30,-5.800000000000001,0,0,0,1.1,0.0000,0.0000
1998,1,17,8,0,-5.5,2,0,2,1.4000000000000001,0.0000,0.0000
1998,1,17,8,30,-5.2,44,8,45,1.9000000000000001,0.0000,0.0000
1998,1,17,9,0,-4.800000000000001,72,15,74,2.4000000000000004,0.0000,0.0000
1998,1,17,9,30,-4.2,82,9,84,2.6,4.0753,3.1265
1998,1,17,10,0,-3.6,52,808,299,2.8000000000000003,14.9971,11.5781
1998,1,17,10,30,-3.1,56,852,362,2.9000000000000004,18.6964,14.4958
1998,1,17,11,0,-2.5,59,884,414,3,21.8578,16.9936
1998,1,17,11,30,-2.1,61,911,456,3,24.4450,19.0378
1998,1,17,12,0,-1.8,62,924,482,2.9000000000000004,26.0791,20.3305
1998,1,17,12,30,-1.6,63,929,493,2.8000000000000003,26.7792,20.8848
1998,1,17,13,0,-1.4000000000000001,62,929,490,2.7,26.5829,20.7291
1998,1,17,13,30,-1.3,61,921,472,2.7,25.4422,19.8262
1998,1,17,14,0,-1.3,58,909,439,2.6,23.3808,18.1959
1998,1,17,14,30,-1.6,56,885,394,2.5,20.6004,15.9972
1998,1,17,15,0,-1.9000000000000001,52,860,339,2.4000000000000004,17.2767,13.3704
1998,1,17,15,30,-2.9000000000000004,47,809,271,2.1,13.3749,10.2971
1998,1,17,16,0,-3.8000000000000003,41,730,195,1.9000000000000001,9.3375,7.1381
1998,1,17,16,30,-5.1000000000000005,33,609,116,1.7000000000000002,0.0000,0.0000
1998,1,17,17,0,-6.300000000000001,19,400,43,1.5,0.0000,0.0000
1998,1,17,17,30,-6.9,0,0,0,1.5,0.0000,0.0000
1998,1,17,18,0,-7.4,0,0,0,1.5,0.0000,0.0000
1998,1,17,18,30,-7.800000000000001,0,0,0,1.6,0.0000,0.0000
1998,1,17,19,0,-8.200000000000001,0,0,0,1.6,0.0000,0.0000
1998,1,17,19,30,-8.700000000000001,0,0,0,1.5,0.0000,0.0000
1998,1,17,20,0,-9.200000000000001,0,0,0,1.4000000000000001,0.0000,0.0000
1998,1,17,20,30,-9.4,0,0,0,1.5,0.0000,0.0000
1998,1,17,21,0,-9.600000000000001,0,0,0,1.5,0.0000,0.0000
1998,1,17,21,30,-9.5,0,0,0,1.6,0.0000,0.0000
1998,1,17,22,0,-9.4,0,0,0,1.7000000000000002,0.0000,0.0000
1998,1,17,22,30,-9.3,0,0,0,1.7000000000000002,0.0000,0.0000
1998,1,17,23,0,-9.200000000000001,0,0,0,1.7000000000000002,0.0000,0.0000
1998,1,17,23,30,-9.3,0,0,0,1.6,0.0000,0.0000
1998,1,18,0,0,-9.3,0,0,0,1.6,0.0000,0.0000
1998,1,18,0,30,-9.4,0,0,0,1.5,0.0000,0.0000
1998,1,18,1,0,-9.600000000000001,0,0,0,1.5,0.0000,0.0000
1998,1,18,1,30,-9.700000000000001,0,0,0,1.5,0.0000,0.0000
1998,1,18,2,0,-9.8,0,0,0,1.5,0.0000,0.0000
1998,1,18,2,30,-9.9,0,0,0,1.6,0.0000,0.0000
1998,1,18,3,0,-10,0,0,0,1.6,0.0000,0.0000
1998,1,18,3,30,-10.100000000000001,0,0,0,1.7000000000000002,0.0000,0.0000
1998,1,18,4,0,-10.100000000000001,0,0,0,1.8,0.0000,0.0000
1998,1,18,4,30,-10.200000000000001,0,0,0,1.9000000000000001,0.0000,0.0000
1998,1,18,5,0,-10.3,0,0,0,1.9000000000000001,0.0000,0.0000
1998,1,18,5,30,-10.4,0,0,0,1.9000000000000001,0.0000,0.0000
1998,1,18,6,0,-10.5,0,0,0,2,0.0000,0.0000
1998,1,18,6,30,-10.600000000000001,0,0,0,1.9000000000000001,0.0000,0.0000
1998,1,18,7,0,-10.700000000000001,0,0,0,1.8,0.0000,0.0000
1998,1,18,7,30,-10.600000000000001,0,0,0,1.8,0.0000,0.0000
1998,1,18,8,0,-10.4,5,0,5,1.7000000000000002,0.0000,0.0000
1998,1,18,8,30,-9.5,38,0,38,1.7000000000000002,0.0000,0.0000
1998,1,18,9,0,-8.5,45,631,156,1.8,7.4376,5.6683
1998,1,18,9,30,-7.7,57,731,236,1.8,11.4616,8.7953
1998,1,18,10,0,-6.9,65,799,311,1.8,15.6193,12.0610
1998,1,18,10,30,-6.2,71,844,376,1.7000000000000002,19.4447,15.0785
1998,1,18,11,0,-5.5,75,871,427,1.5,22.5741,17.5532
1998,1,18,11,30,-4.9,79,892,468,1.4000000000000001,25.1206,19.5667
1998,1,18,12,0,-4.3,79,908,494,1.3,26.7625,20.8661
1998,1,18,12,30,-3.7,301,23,312,1.3,16.9697,13.2362
1998,1,18,13,0,-3.2,322,34,338,1.4000000000000001,18.3622,14.3207
1998,1,18,13,30,-2.9000000000000004,278,12,284,1.6,15.3306,11.9484
1998,1,18,14,0,-2.6,73,895,451,1.8,24.0575,18.7258
1998,1,18,14,30,-2.5,69,871,404,1.8,21.1614,16.4365
1998,1,18,15,0,-2.4000000000000004,63,837,345,1.7000000000000002,17.6175,13.6380
1998,1,18,15,30,-3,56,785,276,1.4000000000000001,13.6492,10.5122
1998,1,18,16,0,-3.6,47,710,199,1,9.5397,7.2954
1998,1,18,16,30,-4.7,36,590,118,1,0.0000,0.0000
1998,1,18,17,0,-5.800000000000001,21,389,44,0.9,0.0000,0.0000
1998,1,18,17,30,-6.7,0,0,0,1,0.0000,0.0000
1998,1,18,18,0,-7.5,0,0,0,1.2000000000000002,0.0000,0.0000
1998,1,18,18,30,-8,0,0,0,1.2000000000000002,0.0000,0.0000
1998,1,18,19,0,-8.4,0,0,0,1.2000000000000002,0.0000,0.0000
1998,1,18,19,30,-8.4,0,0,0,1.2000000000000002,0.0000,0.0000
1998,1,18,20,0,-8.3,0,0,0,1.2000000000000002,0.0000,0.0000
1998,1,18,20,30,-8.200000000000001,0,0,0,1.2000000000000002,0.0000,0.0000
1998,1,18,21,0,-8.1,0,0,0,1.2000000000000002,0.0000,0.0000
1998,1,18,21,30,-8.1,0,0,0,1.3,0.0000,0.0000
1998,1,18,22,0,-8.200000000000001,0,0,0,1.4000000000000001,0.0000,0.0000
1998,1,18,22,30,-8.3,0,0,0,1.5,0.0000,0.0000
1998,1,18,23,0,-8.4,0,0,0,1.6,0.0000,0.0000
1998,1,18,23,30,-8.5,0,0,0,1.6,0.0000,0.0000
1998,1,19,0,0,-8.5,0,0,0,1.7000000000000002,0.0000,0.0000
1998,1,19,0,30,-8.6,0,0,0,1.7000000000000002,0.0000,0.0000
1998,1,19,1,0,-8.6,0,0,0,1.7000000000000002,0.0000,0.0000
1998,1,19,1,30,-8.700000000000001,0,0,0,1.7000000000000002,0.0000,0.0000
1998,1,19,2,0,-8.700000000000001,0,0,0,1.7000000000000002,0.0000,0.0000
1998,1,19,2,30,-8.700000000000001,0,0,0,1.6,0.0000,0.0000
1998,1,19,3,0,-8.700000000000001,0,0,0,1.6,0.0000,0.0000
1998,1,19,3,30,-8.8,0,0,0,1.4000000000000001,0.0000,0.0000
1998,1,19,4,0,-8.8,0,0,0,1.3,0.0000,0.0000
1998,1,19,4,30,-8.9,0,0,0,1.3,0.0000,0.0000
1998,1,19,5,0,-8.9,0,0,0,1.3,0.0000,0.0000
1998,1,19,5,30,-8.9,0,0,0,1.4000000000000001,0.0000,0.0000
1998,1,19,6,0,-9,0,0,0,1.5,0.0000,0.0000
1998,1,19,6,30,-9,0,0,0,1.6,0.0000,0.0000
1998,1,19,7,0,-9,0,0,0,1.6,0.0000,0.0000
1998,1,19,7,30,-8.6,0,0,0,1.8,0.0000,0.0000
1998,1,19,8,0,-8.3,5,0,5,2,0.0000,0.0000
1998,1,19,8,30,-7.4,33,434,76,2.5,0.0000,0.0000
1998,1,19,9,0,-6.4,74,1,74,2.9000000000000004,3.5276,2.6887
1998,1,19,9,30,-5.6000000000000005,132,3,132,3.2,6.4176,4.9258
1998,1,19,10,0,-4.7,63,0,63,3.5,3.1682,2.4469
1998,1,19,10,30,-4.2,209,5,211,3.7,10.9268,8.4748
1998,1,19,11,0,-3.6,243,7,246,3.9000000000000004,13.0224,10.1275
1998,1,19,11,30,-3.2,273,11,277,4,14.8884,11.5984
1998,1,19,12,0,-2.8000000000000003,128,0,128,4,6.9437,5.4145
1998,1,19,12,30,-2.5,154,0,154,4.1000000000000005,8.3869,6.5426
1998,1,19,13,0,-2.2,271,50,295,4.1000000000000005,16.0482,12.5177
1998,1,19,13,30,-2.1,144,0,144,4.1000000000000005,7.7849,6.0684
1998,1,19,14,0,-1.9000000000000001,81,0,81,4.1000000000000005,4.3277,3.3692
1998,1,19,14,30,-2,197,23,206,4.2,10.8096,8.3978
1998,1,19,15,0,-2,171,18,178,4.2,9.1076,7.0523
1998,1,19,15,30,-2.4000000000000004,67,0,67,4,3.3198,2.5577
1998,1,19,16,0,-2.8000000000000003,38,0,38,3.8000000000000003,1.8238,1.3953
1998,1,19,16,30,-3.4000000000000004,49,1,50,3.6,0.0000,0.0000
1998,1,19,17,0,-4,25,0,25,3.4000000000000004,0.0000,0.0000
1998,1,19,17,30,-4.3,0,0,0,3.7,0.0000,0.0000
1998,1,19,18,0,-4.6000000000000005,0,0,0,4,0.0000,0.0000
1998,1,19,18,30,-4.7,0,0,0,4.1000000000000005,0.0000,0.0000
1998,1,19,19,0,-4.9,0,0,0,4.1000000000000005,0.0000,0.0000
1998,1,19,19,30,-5,0,0,0,4.3,0.0000,0.0000
1998,1,19,20,0,-5.1000000000000005,0,0,0,4.4,0.0000,0.0000
1998,1,19,20,30,-5.2,0,0,0,4.5,0.0000,0.0000
1998,1,19,21,0,-5.300000000000001,0,0,0,4.6000000000000005,0.0000,0.0000
1998,1,19,21,30,-5.300000000000001,0,0,0,4.800000000000001,0.0000,0.0000
1998,1,19,22,0,-5.4,0,0,0,5,0.0000,0.0000
1998,1,19,22,30,-5.5,0,0,0,5.1000000000000005,0.0000,0.0000
1998,1,19,23,0,-5.6000000000000005,0,0,0,5.2,0.0000,0.0000
1998,1,19,23,30,-5.6000000000000005,0,0,0,5.300000000000001,0.0000,0.0000
1998,1,20,0,0,-5.7,0,0,0,5.4,0.0000,0.0000
1998,1,20,0,30,-5.800000000000001,0,0,0,5.5,0.0000,0.0000
1998,1,20,1,0,-5.9,0,0,0,5.6000000000000005,0.0000,0.0000
1998,1,20,1,30,-5.9,0,0,0,5.7,0.0000,0.0000
1998,1,20,2,0,-5.9,0,0,0,5.800000000000001,0.0000,0.0000
1998,1,20,2,30,-5.9,0,0,0,5.800000000000001,0.0000,0.0000
1998,1,20,3,0,-5.9,0,0,0,5.9,0.0000,0.0000
1998,1,20,3,30,-6,0,0,0,5.9,0.0000,0.0000
1998,1,20,4,0,-6.1000000000000005,0,0,0,5.9,0.0000,0.0000
1998,1,20,4,30,-6.1000000000000005,0,0,0,6.1000000000000005,0.0000,0.0000
1998,1,20,5,0,-6.2,0,0,0,6.2,0.0000,0.0000
1998,1,20,5,30,-6.2,0,0,0,6.300000000000001,0.0000,0.0000
1998,1,20,6,0,-6.2,0,0,0,6.5,0.0000,0.0000
1998,1,20,6,30,-6.2,0,0,0,6.5,0.0000,0.0000
1998,1,20,7,0,-6.2,0,0,0,6.5,0.0000,0.0000
1998,1,20,7,30,-6.2,0,0,0,6.5,0.0000,0.0000
1998,1,20,8,0,-6.1000000000000005,4,0,4,6.5,0.0000,0.0000
1998,1,20,8,30,-5.7,42,265,69,6.6000000000000005,0.0000,0.0000
1998,1,20,9,0,-5.4,78,0,78,6.7,3.7178,2.8342
1998,1,20,9,30,-4.800000000000001,26,0,26,6.7,1.2655,0.9716
1998,1,20,10,0,-4.3,30,0,30,6.6000000000000005,1.5108,1.1671
1998,1,20,10,30,-3.8000000000000003,65,0,65,6.5,3.3707,2.6148
1998,1,20,11,0,-3.3000000000000003,38,0,38,6.5,2.0144,1.5668
1998,1,20,11,30,-3,96,0,96,6.4,5.1668,4.0256
1998,1,20,12,0,-2.6,128,1,128,6.300000000000001,6.9528,5.4224
1998,1,20,12,30,-2.4000000000000004,39,0,39,6.2,2.1270,1.6595
1998,1,20,13,0,-2.2,173,2,174,6.1000000000000005,9.4792,7.3949
1998,1,20,13,30,-2,129,1,129,6.1000000000000005,6.9848,5.4456
1998,1,20,14,0,-1.9000000000000001,125,1,125,6,6.6898,5.2091
1998,1,20,14,30,-2,133,1,133,5.9,6.9914,5.4327
1998,1,20,15,0,-2,81,0,81,5.800000000000001,4.1526,3.2164
1998,1,20,15,30,-2.3000000000000003,9,0,9,5.5,0.4469,0.3444
1998,1,20,16,0,-2.5,31,0,31,5.300000000000001,1.4898,1.1402
1998,1,20,16,30,-2.8000000000000003,22,0,22,5.300000000000001,0.0000,0.0000
1998,1,20,17,0,-3.2,20,0,20,5.2,0.0000,0.0000
1998,1,20,17,30,-3.4000000000000004,0,0,0,5.300000000000001,0.0000,0.0000
1998,1,20,18,0,-3.7,0,0,0,5.4,0.0000,0.0000
1998,1,20,18,30,-3.9000000000000004,0,0,0,5.5,0.0000,0.0000
1998,1,20,19,0,-4.2,0,0,0,5.5,0.0000,0.0000
1998,1,20,19,30,-4.4,0,0,0,5.5,0.0000,0.0000
1998,1,20,20,0,-4.6000000000000005,0,0,0,5.5,0.0000,0.0000
1998,1,20,20,30,-4.800000000000001,0,0,0,5.4,0.0000,0.0000
1998,1,20,21,0,-4.9,0,0,0,5.4,0.0000,0.0000
1998,1,20,21,30,-5,0,0,0,5.300000000000001,0.0000,0.0000
1998,1,20,22,0,-5.1000000000000005,0,0,0,5.300000000000001,0.0000,0.0000
1998,1,20,22,30,-5.2,0,0,0,5.2,0.0000,0.0000
1998,1,20,23,0,-5.300000000000001,0,0,0,5.1000000000000005,0.0000,0.0000
1998,1,20,23,30,-5.5,0,0,0,5,0.0000,0.0000
1998,1,21,0,0,-5.6000000000000005,0,0,0,4.9,0.0000,0.0000
1998,1,21,0,30,-5.7,0,0,0,4.800000000000001,0.0000,0.0000
1998,1,21,1,0,-5.9,0,0,0,4.7,0.0000,0.0000
1998,1,21,1,30,-6,0,0,0,4.5,0.0000,0.0000
1998,1,21,2,0,-6.2,0,0,0,4.4,0.0000,0.0000
1998,1,21,2,30,-6.4,0,0,0,4.4,0.0000,0.0000
1998,1,21,3,0,-6.6000000000000005,0,0,0,4.4,0.0000,0.0000
1998,1,21,3,30,-6.7,0,0,0,4.3,0.0000,0.0000
1998,1,21,4,0,-6.9,0,0,0,4.3,0.0000,0.0000
1998,1,21,4,30,-7,0,0,0,4.3,0.0000,0.0000
1998,1,21,5,0,-7.1000000000000005,0,0,0,4.3,0.0000,0.0000
1998,1,21,5,30,-7.2,0,0,0,4.3,0.0000,0.0000
1998,1,21,6,0,-7.300000000000001,0,0,0,4.4,0.0000,0.0000
1998,1,21,6,30,-7.300000000000001,0,0,0,4.5,0.0000,0.0000
1998,1,21,7,0,-7.4,0,0,0,4.5,0.0000,0.0000
1998,1,21,7,30,-7.300000000000001,0,0,0,4.6000000000000005,0.0000,0.0000
1998,1,21,8,0,-7.2,5,0,5,4.7,0.0000,0.0000
1998,1,21,8,30,-6.800000000000001,50,172,68,5,0.0000,0.0000
1998,1,21,9,0,-6.4,92,1,93,5.300000000000001,4.4326,3.3796
1998,1,21,9,30,-6,40,0,40,5.300000000000001,1.9493,1.4969
1998,1,21,10,0,-5.5,61,0,61,5.300000000000001,3.0764,2.3771
1998,1,21,10,30,-5.2,98,0,98,5.2,5.0894,3.9487
1998,1,21,11,0,-4.800000000000001,109,0,109,5,5.7860,4.5012
1998,1,21,11,30,-4.5,143,0,143,4.9,7.7071,6.0057
1998,1,21,12,0,-4.3,140,0,140,4.800000000000001,7.6151,5.9398
1998,1,21,12,30,-4.1000000000000005,137,0,137,4.800000000000001,7.4816,5.8380
1998,1,21,13,0,-3.9000000000000004,162,0,162,4.7,8.8384,6.8961
1998,1,21,13,30,-3.8000000000000003,142,0,142,4.6000000000000005,7.7006,6.0046
1998,1,21,14,0,-3.6,137,0,137,4.5,7.3442,5.7197
1998,1,21,14,30,-3.7,117,0,117,4.4,6.1616,4.7890
1998,1,21,15,0,-3.8000000000000003,85,0,85,4.2,4.3666,3.3831
1998,1,21,15,30,-4.1000000000000005,74,0,74,3.8000000000000003,3.6817,2.8385
1998,1,21,16,0,-4.5,36,0,36,3.3000000000000003,1.7325,1.3265
1998,1,21,16,30,-5.2,71,273,112,2.9000000000000004,0.0000,0.0000
1998,1,21,17,0,-5.9,34,116,42,2.4000000000000004,0.0000,0.0000
1998,1,21,17,30,-6.4,0,0,0,2.3000000000000003,0.0000,0.0000
1998,1,21,18,0,-7,0,0,0,2.3000000000000003,0.0000,0.0000
1998,1,21,18,30,-7.300000000000001,0,0,0,2.3000000000000003,0.0000,0.0000
1998,1,21,19,0,-7.6000000000000005,0,0,0,2.3000000000000003,0.0000,0.0000
1998,1,21,19,30,-7.7,0,0,0,2.3000000000000003,0.0000,0.0000
1998,1,21,20,0,-7.9,0,0,0,2.4000000000000004,0.0000,0.0000
1998,1,21,20,30,-8,0,0,0,2.3000000000000003,0.0000,0.0000
1998,1,21,21,0,-8,0,0,0,2.2,0.0000,0.0000
1998,1,21,21,30,-8,0,0,0,2.1,0.0000,0.0000
1998,1,21,22,0,-8,0,0,0,2.1,0.0000,0.0000
1998,1,21,22,30,-8,0,0,0,2,0.0000,0.0000
1998,1,21,23,0,-8,0,0,0,1.9000000000000001,0.0000,0.0000
1998,1,21,23,30,-8.1,0,0,0,1.9000000000000001,0.0000,0.0000
1998,1,22,0,0,-8.200000000000001,0,0,0,1.9000000000000001,0.0000,0.0000
1998,1,22,0,30,-8.3,0,0,0,1.9000000000000001,0.0000,0.0000
1998,1,22,1,0,-8.4,0,0,0,2,0.0000,0.0000
1998,1,22,1,30,-8.4,0,0,0,1.9000000000000001,0.0000,0.0000
1998,1,22,2,0,-8.5,0,0,0,1.9000000000000001,0.0000,0.0000
1998,1,22,2,30,-8.5,0,0,0,1.8,0.0000,0.0000
1998,1,22,3,0,-8.5,0,0,0,1.7000000000000002,0.0000,0.0000
1998,1,22,3,30,-8.5,0,0,0,1.6,0.0000,0.0000
1998,1,22,4,0,-8.5,0,0,0,1.6,0.0000,0.0000
1998,1,22,4,30,-8.5,0,0,0,1.5,0.0000,0.0000
1998,1,22,5,0,-8.5,0,0,0,1.5,0.0000,0.0000
1998,1,22,5,30,-8.5,0,0,0,1.4000000000000001,0.0000,0.0000
1998,1,22,6,0,-8.6,0,0,0,1.3,0.0000,0.0000
1998,1,22,6,30,-8.700000000000001,0,0,0,1.3,0.0000,0.0000
1998,1,22,7,0,-8.8,0,0,0,1.3,0.0000,0.0000
1998,1,22,7,30,-8.6,0,0,0,1.4000000000000001,0.0000,0.0000
1998,1,22,8,0,-8.5,7,0,7,1.4000000000000001,0.0000,0.0000
1998,1,22,8,30,-7.4,47,240,73,1.6,0.0000,0.0000
1998,1,22,9,0,-6.2,85,1,85,1.7000000000000002,4.0515,3.0896
1998,1,22,9,30,-5.1000000000000005,20,0,20,1.8,0.9759,0.7496
1998,1,22,10,0,-3.9000000000000004,66,0,66,1.9000000000000001,3.3338,2.5766
1998,1,22,10,30,-3.3000000000000003,96,0,96,2,4.9931,3.8748
1998,1,22,11,0,-2.7,111,0,112,2,5.9543,4.6329
1998,1,22,11,30,-2.4000000000000004,130,0,130,1.9000000000000001,7.0161,5.4681
1998,1,22,12,0,-2.1,161,0,161,1.9000000000000001,8.7698,6.8414
1998,1,22,12,30,-1.9000000000000001,150,0,150,1.6,8.2033,6.4021
1998,1,22,13,0,-1.7000000000000002,156,0,156,1.4000000000000001,8.5235,6.6513
1998,1,22,13,30,-1.6,169,0,170,1.3,9.2330,7.2006
1998,1,22,14,0,-1.5,156,0,156,1.1,8.3771,6.5253
1998,1,22,14,30,-1.6,138,0,138,1,7.2813,5.6605
1998,1,22,15,0,-1.7000000000000002,79,0,79,0.9,4.0666,3.1516
1998,1,22,15,30,-2.1,68,0,68,0.8,3.3904,2.6149
1998,1,22,16,0,-2.5,69,0,69,0.6000000000000001,3.3257,2.5473
1998,1,22,16,30,-3.3000000000000003,59,409,123,0.6000000000000001,0.0000,0.0000
1998,1,22,17,0,-4.1000000000000005,32,238,50,0.7000000000000001,0.0000,0.0000
1998,1,22,17,30,-5,0,0,0,0.9,0.0000,0.0000
1998,1,22,18,0,-5.9,0,0,0,1,0.0000,0.0000
1998,1,22,18,30,-6.800000000000001,0,0,0,1.2000000000000002,0.0000,0.0000
1998,1,22,19,0,-7.7,0,0,0,1.4000000000000001,0.0000,0.0000
1998,1,22,19,30,-8.3,0,0,0,1.6,0.0000,0.0000
1998,1,22,20,0,-9,0,0,0,1.7000000000000002,0.0000,0.0000
1998,1,22,20,30,-9.4,0,0,0,1.9000000000000001,0.0000,0.0000
1998,1,22,21,0,-9.700000000000001,0,0,0,2.1,0.0000,0.0000
1998,1,22,21,30,-9.8,0,0,0,2.2,0.0000,0.0000
1998,1,22,22,0,-9.9,0,0,0,2.4000000000000004,0.0000,0.0000
1998,1,22,22,30,-9.9,0,0,0,2.4000000000000004,0.0000,0.0000
1998,1,22,23,0,-10,0,0,0,2.5,0.0000,0.0000
1998,1,22,23,30,-9.8,0,0,0,2.5,0.0000,0.0000
1998,1,23,0,0,-9.600000000000001,0,0,0,2.6,0.0000,0.0000
1998,1,23,0,30,-9.3,0,0,0,2.6,0.0000,0.0000
1998,1,23,1,0,-9.1,0,0,0,2.5,0.0000,0.0000
1998,1,23,1,30,-8.8,0,0,0,2.5,0.0000,0.0000
1998,1,23,2,0,-8.5,0,0,0,2.5,0.0000,0.0000
1998,1,23,2,30,-8.3,0,0,0,2.4000000000000004,0.0000,0.0000
1998,1,23,3,0,-8.1,0,0,0,2.4000000000000004,0.0000,0.0000
1998,1,23,3,30,-8,0,0,0,2.4000000000000004,0.0000,0.0000
1998,1,23,4,0,-7.9,0,0,0,2.3000000000000003,0.0000,0.0000
1998,1,23,4,30,-8,0,0,0,2.3000000000000003,0.0000,0.0000
1998,1,23,5,0,-8.1,0,0,0,2.3000000000000003,0.0000,0.0000
1998,1,23,5,30,-8.1,0,0,0,2.3000000000000003,0.0000,0.0000
1998,1,23,6,0,-8.200000000000001,0,0,0,2.3000000000000003,0.0000,0.0000
1998,1,23,6,30,-8.200000000000001,0,0,0,2.3000000000000003,0.0000,0.0000
1998,1,23,7,0,-8.200000000000001,0,0,0,2.3000000000000003,0.0000,0.0000
1998,1,23,7,30,-7.6000000000000005,0,0,0,2.6,0.0000,0.0000
1998,1,23,8,0,-6.9,5,0,5,2.8000000000000003,0.0000,0.0000
1998,1,23,8,30,-5.5,29,0,29,3.3000000000000003,0.0000,0.0000
1998,1,23,9,0,-4.1000000000000005,23,0,23,3.8000000000000003,1.0964,0.8363
1998,1,23,9,30,-2.8000000000000003,22,0,22,4.3,1.0750,0.8260
1998,1,23,10,0,-1.4000000000000001,65,0,65,4.7,3.2885,2.5422
1998,1,23,10,30,-0.8,108,0,108,5.2,5.6257,4.3666
1998,1,23,11,0,-0.1,179,6,182,5.7,9.6896,7.5405
1998,1,23,11,30,-0.2,43,0,43,6.1000000000000005,2.3240,1.8116
1998,1,23,12,0,-0.30000000000000004,119,0,119,6.5,6.4912,5.0646
1998,1,23,12,30,-0.6000000000000001,160,0,160,6.6000000000000005,8.7628,6.8396
1998,1,23,13,0,-0.9,148,0,148,6.800000000000001,8.0985,6.3206
1998,1,23,13,30,-1.3,161,0,161,6.800000000000001,8.7585,6.8317
1998,1,23,14,0,-1.6,136,0,136,6.800000000000001,7.3155,5.6994
1998,1,23,14,30,-2.2,109,0,109,6.6000000000000005,5.7620,4.4804
1998,1,23,15,0,-2.8000000000000003,83,0,83,6.5,4.2815,3.3190
1998,1,23,15,30,-3.4000000000000004,44,0,44,6.1000000000000005,2.1985,1.6962
1998,1,23,16,0,-4,87,0,87,5.7,4.2001,3.2185
1998,1,23,16,30,-4.6000000000000005,34,0,34,5.300000000000001,0.0000,0.0000
1998,1,23,17,0,-5.2,28,0,28,4.9,0.0000,0.0000
1998,1,23,17,30,-5.7,0,0,0,4.6000000000000005,0.0000,0.0000
1998,1,23,18,0,-6.2,0,0,0,4.4,0.0000,0.0000
1998,1,23,18,30,-6.7,0,0,0,4.2,0.0000,0.0000
1998,1,23,19,0,-7.2,0,0,0,4,0.0000,0.0000
1998,1,23,19,30,-8,0,0,0,3.7,0.0000,0.0000
1998,1,23,20,0,-8.8,0,0,0,3.4000000000000004,0.0000,0.0000
1998,1,23,20,30,-9.700000000000001,0,0,0,3.2,0.0000,0.0000
1998,1,23,21,0,-10.5,0,0,0,3,0.0000,0.0000
1998,1,23,21,30,-11,0,0,0,3.1,0.0000,0.0000
1998,1,23,22,0,-11.4,0,0,0,3.2,0.0000,0.0000
1998,1,23,22,30,-11.3,0,0,0,3.3000000000000003,0.0000,0.0000
1998,1,23,23,0,-11.3,0,0,0,3.3000000000000003,0.0000,0.0000
1998,1,23,23,30,-11.200000000000001,0,0,0,3.3000000000000003,0.0000,0.0000
1998,1,24,0,0,-11.100000000000001,0,0,0,3.3000000000000003,0.0000,0.0000
1998,1,24,0,30,-11.100000000000001,0,0,0,3.2,0.0000,0.0000
1998,1,24,1,0,-11.100000000000001,0,0,0,3.1,0.0000,0.0000
1998,1,24,1,30,-11.200000000000001,0,0,0,3,0.0000,0.0000
1998,1,24,2,0,-11.3,0,0,0,2.8000000000000003,0.0000,0.0000
1998,1,24,2,30,-11.4,0,0,0,2.7,0.0000,0.0000
1998,1,24,3,0,-11.600000000000001,0,0,0,2.5,0.0000,0.0000
1998,1,24,3,30,-11.700000000000001,0,0,0,2.4000000000000004,0.0000,0.0000
1998,1,24,4,0,-11.8,0,0,0,2.2,0.0000,0.0000
1998,1,24,4,30,-11.8,0,0,0,2,0.0000,0.0000
1998,1,24,5,0,-11.700000000000001,0,0,0,1.9000000000000001,0.0000,0.0000
1998,1,24,5,30,-11.5,0,0,0,1.6,0.0000,0.0000
1998,1,24,6,0,-11.3,0,0,0,1.4000000000000001,0.0000,0.0000
1998,1,24,6,30,-11.100000000000001,0,0,0,1.3,0.0000,0.0000
1998,1,24,7,0,-10.9,0,0,0,1.2000000000000002,0.0000,0.0000
1998,1,24,7,30,-10.5,0,0,0,1.2000000000000002,0.0000,0.0000
1998,1,24,8,0,-10.100000000000001,8,0,8,1.1,0.0000,0.0000
1998,1,24,8,30,-9,41,387,84,1.4000000000000001,0.0000,0.0000
1998,1,24,9,0,-7.9,64,0,64,1.7000000000000002,3.0515,2.3279
1998,1,24,9,30,-7.1000000000000005,20,0,20,2.2,0.9786,0.7522
1998,1,24,10,0,-6.2,35,0,35,2.8000000000000003,1.7735,1.3713
1998,1,24,10,30,-5.5,78,0,78,3.2,4.0698,3.1596
1998,1,24,11,0,-4.9,62,0,62,3.7,3.3060,2.5732
1998,1,24,11,30,-4.2,25,0,25,4,1.3532,1.0550
1998,1,24,12,0,-3.5,168,0,168,4.3,9.1774,7.1614
1998,1,24,12,30,-3,203,4,205,4.6000000000000005,11.2438,8.7775
1998,1,24,13,0,-2.6,183,5,185,4.9,10.1382,7.9137
1998,1,24,13,30,-2.3000000000000003,133,1,134,5,7.3010,5.6957
1998,1,24,14,0,-2,165,3,166,5.2,8.9448,6.9701
1998,1,24,14,30,-2.1,135,3,137,5.1000000000000005,7.2557,5.6430
1998,1,24,15,0,-2.1,192,24,200,5.1000000000000005,10.3376,8.0158
1998,1,24,15,30,-2.4000000000000004,73,732,294,4.6000000000000005,14.7229,11.3635
1998,1,24,16,0,-2.8000000000000003,143,38,152,4.1000000000000005,7.3502,5.6346
1998,1,24,16,30,-3.7,48,1,48,3.8000000000000003,0.0000,0.0000
1998,1,24,17,0,-4.6000000000000005,39,3,39,3.4000000000000004,0.0000,0.0000
1998,1,24,17,30,-4.800000000000001,0,0,0,3.7,0.0000,0.0000
1998,1,24,18,0,-5.1000000000000005,0,0,0,4,0.0000,0.0000
1998,1,24,18,30,-4.800000000000001,0,0,0,4.3,0.0000,0.0000
1998,1,24,19,0,-4.6000000000000005,0,0,0,4.5,0.0000,0.0000
1998,1,24,19,30,-4.4,0,0,0,4.6000000000000005,0.0000,0.0000
1998,1,24,20,0,-4.2,0,0,0,4.7,0.0000,0.0000
1998,1,24,20,30,-4.2,0,0,0,4.7,0.0000,0.0000
1998,1,24,21,0,-4.2,0,0,0,4.6000000000000005,0.0000,0.0000
1998,1,24,21,30,-4.4,0,0,0,4.4,0.0000,0.0000
1998,1,24,22,0,-4.5,0,0,0,4.1000000000000005,0.0000,0.0000
1998,1,24,22,30,-4.800000000000001,0,0,0,4,0.0000,0.0000
1998,1,24,23,0,-5.1000000000000005,0,0,0,3.8000000000000003,0.0000,0.0000
1998,1,24,23,30,-5.5,0,0,0,3.7,0.0000,0.0000
1998,1,25,0,0,-5.800000000000001,0,0,0,3.6,0.0000,0.0000
1998,1,25,0,30,-6,0,0,0,3.6,0.0000,0.0000
1998,1,25,1,0,-6.2,0,0,0,3.6,0.0000,0.0000
1998,1,25,1,30,-6.2,0,0,0,3.4000000000000004,0.0000,0.0000
1998,1,25,2,0,-6.300000000000001,0,0,0,3.3000000000000003,0.0000,0.0000
1998,1,25,2,30,-6.4,0,0,0,3.1,0.0000,0.0000
1998,1,25,3,0,-6.5,0,0,0,2.8000000000000003,0.0000,0.0000
1998,1,25,3,30,-6.5,0,0,0,2.7,0.0000,0.0000
1998,1,25,4,0,-6.6000000000000005,0,0,0,2.6,0.0000,0.0000
1998,1,25,4,30,-6.6000000000000005,0,0,0,2.5,0.0000,0.0000
1998,1,25,5,0,-6.5,0,0,0,2.4000000000000004,0.0000,0.0000
1998,1,25,5,30,-6.4,0,0,0,2.2,0.0000,0.0000
1998,1,25,6,0,-6.300000000000001,0,0,0,2.1,0.0000,0.0000
1998,1,25,6,30,-6.2,0,0,0,2,0.0000,0.0000
1998,1,25,7,0,-6,0,0,0,1.9000000000000001,0.0000,0.0000
1998,1,25,7,30,-5.300000000000001,0,0,0,2.2,0.0000,0.0000
1998,1,25,8,0,-4.6000000000000005,8,0,8,2.6,0.0000,0.0000
1998,1,25,8,30,-3.4000000000000004,22,0,22,2.8000000000000003,0.0000,0.0000
1998,1,25,9,0,-2.2,40,0,40,3.1,1.9077,1.4557
1998,1,25,9,30,-1.1,51,774,254,2.7,12.4469,9.5695
1998,1,25,10,0,0.1,87,0,87,2.4000000000000004,4.4157,3.4152
1998,1,25,10,30,1,231,166,295,2.3000000000000003,15.4165,11.9709
1998,1,25,11,0,2,187,14,193,2.1,10.3072,8.0240
1998,1,25,11,30,2.8000000000000003,242,32,256,2.2,13.8772,10.8204
1998,1,25,12,0,3.5,77,922,520,2.2,28.4471,22.2015
1998,1,25,12,30,4.1000000000000005,209,7,213,2.2,11.6997,9.1346
1998,1,25,13,0,4.6000000000000005,192,8,196,2.2,10.7574,8.3983
1998,1,25,13,30,4.9,275,35,291,2.2,15.8805,12.3908
1998,1,25,14,0,5.2,276,73,309,2.1,16.6790,12.9992
1998,1,25,14,30,4.9,196,16,203,2,10.7717,8.3795
1998,1,25,15,0,4.5,150,12,154,1.8,7.9771,6.1872
1998,1,25,15,30,3.7,141,14,145,1.8,7.2769,5.6184
1998,1,25,16,0,2.9000000000000004,116,11,119,1.8,5.7646,4.4210
1998,1,25,16,30,1.8,71,5,71,1.8,0.0000,0.0000
1998,1,25,17,0,0.8,29,1,29,1.8,0.0000,0.0000
1998,1,25,17,30,0.2,0,0,0,1.8,0.0000,0.0000
1998,1,25,18,0,-0.30000000000000004,0,0,0,1.7000000000000002,0.0000,0.0000
1998,1,25,18,30,-0.4,0,0,0,1.6,0.0000,0.0000
1998,1,25,19,0,-0.6000000000000001,0,0,0,1.6,0.0000,0.0000
1998,1,25,19,30,-0.6000000000000001,0,0,0,1.5,0.0000,0.0000
1998,1,25,20,0,-0.7000000000000001,0,0,0,1.4000000000000001,0.0000,0.0000
1998,1,25,20,30,-0.8,0,0,0,1.3,0.0000,0.0000
1998,1,25,21,0,-0.9,0,0,0,1.2000000000000002,0.0000,0.0000
1998,1,25,21,30,-1,0,0,0,1.1,0.0000,0.0000
1998,1,25,22,0,-1.1,0,0,0,1.1,0.0000,0.0000
1998,1,25,22,30,-1.3,0,0,0,0.9,0.0000,0.0000
1998,1,25,23,0,-1.4000000000000001,0,0,0,0.8,0.0000,0.0000
1998,1,25,23,30,-1.7000000000000002,0,0,0,0.8,0.0000,0.0000
1998,1,26,0,0,-2,0,0,0,0.8,0.0000,0.0000
1998,1,26,0,30,-2.5,0,0,0,1,0.0000,0.0000
1998,1,26,1,0,-3,0,0,0,1.1,0.0000,0.0000
1998,1,26,1,30,-3.5,0,0,0,1.3,0.0000,0.0000
1998,1,26,2,0,-3.9000000000000004,0,0,0,1.4000000000000001,0.0000,0.0000
1998,1,26,2,30,-4.1000000000000005,0,0,0,1.4000000000000001,0.0000,0.0000
1998,1,26,3,0,-4.2,0,0,0,1.5,0.0000,0.0000
1998,1,26,3,30,-4.3,0,0,0,1.5,0.0000,0.0000
1998,1,26,4,0,-4.4,0,0,0,1.5,0.0000,0.0000
1998,1,26,4,30,-4.6000000000000005,0,0,0,1.5,0.0000,0.0000
1998,1,26,5,0,-4.7,0,0,0,1.4000000000000001,0.0000,0.0000
1998,1,26,5,30,-4.800000000000001,0,0,0,1.4000000000000001,0.0000,0.0000
1998,1,26,6,0,-5,0,0,0,1.3,0.0000,0.0000
1998,1,26,6,30,-5,0,0,0,1.3,0.0000,0.0000
1998,1,26,7,0,-5,0,0,0,1.3,0.0000,0.0000
1998,1,26,7,30,-4.4,0,0,0,1.5,0.0000,0.0000
1998,1,26,8,0,-3.8000000000000003,6,0,6,1.7000000000000002,0.0000,0.0000
1998,1,26,8,30,-2.9000000000000004,30,1,30,2,0.0000,0.0000
1998,1,26,9,0,-2,7,0,7,2.2,0.3340,0.2549
1998,1,26,9,30,-1.1,103,13,107,2.2,5.2513,4.0386
1998,1,26,10,0,-0.2,164,81,191,2.1,9.7110,7.5128
1998,1,26,10,30,0.6000000000000001,76,0,76,2,3.9786,3.0900
1998,1,26,11,0,1.3,61,877,437,1.9000000000000001,23.3740,18.1993
1998,1,26,11,30,1.9000000000000001,64,901,480,2,26.0594,20.3223
1998,1,26,12,0,2.5,65,913,507,2.2,27.7790,21.6833
1998,1,26,12,30,3,66,918,519,2.3000000000000003,28.5505,22.2942
1998,1,26,13,0,3.5,65,919,517,2.5,28.4183,22.1894
1998,1,26,13,30,3.8000000000000003,64,912,500,2.4000000000000004,27.3308,21.3285
1998,1,26,14,0,4.1000000000000005,62,904,471,2.3000000000000003,25.4667,19.8517
1998,1,26,14,30,4,60,882,426,2,22.6476,17.6217
1998,1,26,15,0,4,55,853,369,1.6,19.1532,14.8597
1998,1,26,15,30,3.3000000000000003,51,807,301,1.2000000000000002,15.1396,11.6933
1998,1,26,16,0,2.6,45,742,225,0.9,10.9203,8.3787
1998,1,26,16,30,2,37,639,145,0.8,0.0000,0.0000
1998,1,26,17,0,1.4000000000000001,25,475,68,0.8,0.0000,0.0000
1998,1,26,17,30,1.2000000000000002,0,0,0,0.6000000000000001,0.0000,0.0000
1998,1,26,18,0,1,0,0,0,0.5,0.0000,0.0000
1998,1,26,18,30,0.7000000000000001,0,0,0,0.5,0.0000,0.0000
1998,1,26,19,0,0.4,0,0,0,0.6000000000000001,0.0000,0.0000
1998,1,26,19,30,-0.2,0,0,0,0.8,0.0000,0.0000
1998,1,26,20,0,-0.8,0,0,0,1,0.0000,0.0000
1998,1,26,20,30,-1.2000000000000002,0,0,0,1.1,0.0000,0.0000
1998,1,26,21,0,-1.6,0,0,0,1.2000000000000002,0.0000,0.0000
1998,1,26,21,30,-1.6,0,0,0,1.3,0.0000,0.0000
1998,1,26,22,0,-1.7000000000000002,0,0,0,1.5,0.0000,0.0000
1998,1,26,22,30,-1.5,0,0,0,1.8,0.0000,0.0000
1998,1,26,23,0,-1.3,0,0,0,2.1,0.0000,0.0000
1998,1,26,23,30,-1.2000000000000002,0,0,0,2.4000000000000004,0.0000,0.0000
1998,1,27,0,0,-1,0,0,0,2.7,0.0000,0.0000
1998,1,27,0,30,-1.1,0,0,0,2.9000000000000004,0.0000,0.0000
1998,1,27,1,0,-1.2000000000000002,0,0,0,3,0.0000,0.0000
1998,1,27,1,30,-1.1,0,0,0,3.3000000000000003,0.0000,0.0000
1998,1,27,2,0,-0.9,0,0,0,3.6,0.0000,0.0000
1998,1,27,2,30,-0.9,0,0,0,3.6,0.0000,0.0000
1998,1,27,3,0,-0.9,0,0,0,3.6,0.0000,0.0000
1998,1,27,3,30,-1.1,0,0,0,3.5,0.0000,0.0000
1998,1,27,4,0,-1.3,0,0,0,3.5,0.0000,0.0000
1998,1,27,4,30,-1.5,0,0,0,3.3000000000000003,0.0000,0.0000
1998,1,27,5,0,-1.8,0,0,0,3.2,0.0000,0.0000
1998,1,27,5,30,-2.1,0,0,0,3,0.0000,0.0000
1998,1,27,6,0,-2.4000000000000004,0,0,0,2.8000000000000003,0.0000,0.0000
1998,1,27,6,30,-2.7,0,0,0,2.6,0.0000,0.0000
1998,1,27,7,0,-3.1,0,0,0,2.5,0.0000,0.0000
1998,1,27,7,30,-2.7,0,0,0,2.6,0.0000,0.0000
1998,1,27,8,0,-2.4000000000000004,14,331,26,2.6,0.0000,0.0000
1998,1,27,8,30,-1.5,28,575,96,2.5,0.0000,0.0000
1998,1,27,9,0,-0.6000000000000001,36,715,177,2.3000000000000003,8.4487,6.4502
1998,1,27,9,30,0.5,43,808,260,2,12.7819,9.8333
1998,1,27,10,0,1.7000000000000002,45,868,334,1.7000000000000002,17.0126,13.1650
1998,1,27,10,30,2.8000000000000003,49,906,400,1.6,20.9741,16.2931
1998,1,27,11,0,3.9000000000000004,50,934,454,1.5,24.3238,18.9423
1998,1,27,11,30,5,51,952,495,1.5,26.9160,20.9938
1998,1,27,12,0,6,54,961,523,1.5,28.6978,22.4037
1998,1,27,12,30,6.800000000000001,54,966,536,1.4000000000000001,29.5312,23.0634
1998,1,27,13,0,7.7,55,964,534,1.3,29.3984,22.9580
1998,1,27,13,30,8.1,286,63,316,1,17.3011,13.5036
1998,1,27,14,0,8.5,53,944,485,0.8,26.2696,20.4814
1998,1,27,14,30,8.3,177,373,333,0.5,17.7380,13.8047
1998,1,27,15,0,8.1,50,893,382,0.2,19.8700,15.4200
1998,1,27,15,30,7.300000000000001,46,850,313,0.4,15.7797,12.1922
1998,1,27,16,0,6.5,41,786,236,0.6000000000000001,11.4758,8.8086
1998,1,27,16,30,5.4,34,680,152,0.8,7.2478,5.5233
1998,1,27,17,0,4.3,46,13,47,1,0.0000,0.0000
1998,1,27,17,30,3.7,0,0,0,1.1,0.0000,0.0000
1998,1,27,18,0,3.1,0,0,0,1.2000000000000002,0.0000,0.0000
1998,1,27,18,30,2.6,0,0,0,1.3,0.0000,0.0000
1998,1,27,19,0,2,0,0,0,1.4000000000000001,0.0000,0.0000
1998,1,27,19,30,1.5,0,0,0,1.4000000000000001,0.0000,0.0000
1998,1,27,20,0,0.9,0,0,0,1.4000000000000001,0.0000,0.0000
1998,1,27,20,30,0.5,0,0,0,1.5,0.0000,0.0000
1998,1,27,21,0,0.2,0,0,0,1.5,0.0000,0.0000
1998,1,27,21,30,0,0,0,0,1.6,0.0000,0.0000
1998,1,27,22,0,-0.1,0,0,0,1.6,0.0000,0.0000
1998,1,27,22,30,-0.2,0,0,0,1.6,0.0000,0.0000
1998,1,27,23,0,-0.4,0,0,0,1.6,0.0000,0.0000
1998,1,27,23,30,-0.30000000000000004,0,0,0,1.6,0.0000,0.0000
1998,1,28,0,0,-0.30000000000000004,0,0,0,1.6,0.0000,0.0000
1998,1,28,0,30,-0.1,0,0,0,1.7000000000000002,0.0000,0.0000
1998,1,28,1,0,0.1,0,0,0,1.7000000000000002,0.0000,0.0000
1998,1,28,1,30,0.2,0,0,0,1.7000000000000002,0.0000,0.0000
1998,1,28,2,0,0.4,0,0,0,1.8,0.0000,0.0000
1998,1,28,2,30,0.30000000000000004,0,0,0,1.9000000000000001,0.0000,0.0000
1998,1,28,3,0,0.30000000000000004,0,0,0,1.9000000000000001,0.0000,0.0000
1998,1,28,3,30,0.30000000000000004,0,0,0,2,0.0000,0.0000
1998,1,28,4,0,0.2,0,0,0,2.1,0.0000,0.0000
1998,1,28,4,30,-0.1,0,0,0,2.2,0.0000,0.0000
1998,1,28,5,0,-0.30000000000000004,0,0,0,2.2,0.0000,0.0000
1998,1,28,5,30,-0.9,0,0,0,2.3000000000000003,0.0000,0.0000
1998,1,28,6,0,-1.5,0,0,0,2.3000000000000003,0.0000,0.0000
1998,1,28,6,30,-1.5,0,0,0,2.7,0.0000,0.0000
1998,1,28,7,0,-1.5,0,0,0,3,0.0000,0.0000
1998,1,28,7,30,-0.5,0,0,0,3.8000000000000003,0.0000,0.0000
1998,1,28,8,0,0.4,11,0,11,4.6000000000000005,0.0000,0.0000
1998,1,28,8,30,1.4000000000000001,29,565,97,4.800000000000001,0.0000,0.0000
1998,1,28,9,0,2.3000000000000003,94,5,94,4.9,4.4896,3.4286
1998,1,28,9,30,3.4000000000000004,93,1,94,4.9,4.6287,3.5620
1998,1,28,10,0,4.4,50,835,331,4.800000000000001,16.8903,13.0738
1998,1,28,10,30,5.4,54,874,396,4.9,20.8014,16.1624
1998,1,28,11,0,6.300000000000001,57,902,450,5,24.1492,18.8097
1998,1,28,11,30,7.1000000000000005,59,920,491,5.1000000000000005,26.7401,20.8598
1998,1,28,12,0,8,58,933,517,5.2,28.4115,22.1835
1998,1,28,12,30,8.6,283,52,309,5.300000000000001,17.0505,13.3181
1998,1,28,13,0,9.1,302,142,373,5.4,20.5675,16.0642
1998,1,28,13,30,9.3,277,210,379,5.4,20.7849,16.2254
1998,1,28,14,0,9.5,56,919,479,5.4,25.9913,20.2682
1998,1,28,14,30,9,54,899,435,5,23.2160,18.0719
1998,1,28,15,0,8.5,52,865,378,4.7,19.7049,15.2961
1998,1,28,15,30,7,49,821,310,4.2,15.6633,12.1063
1998,1,28,16,0,5.5,46,742,232,3.7,11.3039,8.6805
1998,1,28,16,30,4.2,38,643,152,3.8000000000000003,7.2454,5.5229
1998,1,28,17,0,2.9000000000000004,28,444,72,3.8000000000000003,0.0000,0.0000
1998,1,28,17,30,2.7,0,0,0,4.3,0.0000,0.0000
1998,1,28,18,0,2.4000000000000004,0,0,0,4.7,0.0000,0.0000
1998,1,28,18,30,2.1,0,0,0,4.800000000000001,0.0000,0.0000
1998,1,28,19,0,1.8,0,0,0,4.9,0.0000,0.0000
1998,1,28,19,30,1.5,0,0,0,4.9,0.0000,0.0000
1998,1,28,20,0,1.2000000000000002,0,0,0,4.800000000000001,0.0000,0.0000
1998,1,28,20,30,0.9,0,0,0,4.800000000000001,0.0000,0.0000
1998,1,28,21,0,0.7000000000000001,0,0,0,4.7,0.0000,0.0000
1998,1,28,21,30,0.5,0,0,0,4.800000000000001,0.0000,0.0000
1998,1,28,22,0,0.30000000000000004,0,0,0,4.800000000000001,0.0000,0.0000
1998,1,28,22,30,0,0,0,0,4.5,0.0000,0.0000
1998,1,28,23,0,-0.2,0,0,0,4.2,0.0000,0.0000
1998,1,28,23,30,-0.4,0,0,0,4.1000000000000005,0.0000,0.0000
1998,1,29,0,0,-0.6000000000000001,0,0,0,3.9000000000000004,0.0000,0.0000
1998,1,29,0,30,-0.7000000000000001,0,0,0,3.8000000000000003,0.0000,0.0000
1998,1,29,1,0,-0.9,0,0,0,3.8000000000000003,0.0000,0.0000
1998,1,29,1,30,-1,0,0,0,3.8000000000000003,0.0000,0.0000
1998,1,29,2,0,-1.1,0,0,0,3.7,0.0000,0.0000
1998,1,29,2,30,-1.3,0,0,0,3.7,0.0000,0.0000
1998,1,29,3,0,-1.5,0,0,0,3.6,0.0000,0.0000
1998,1,29,3,30,-1.6,0,0,0,3.5,0.0000,0.0000
1998,1,29,4,0,-1.7000000000000002,0,0,0,3.5,0.0000,0.0000
1998,1,29,4,30,-1.8,0,0,0,3.3000000000000003,0.0000,0.0000
1998,1,29,5,0,-1.9000000000000001,0,0,0,3.2,0.0000,0.0000
1998,1,29,5,30,-2,0,0,0,3.1,0.0000,0.0000
1998,1,29,6,0,-2.2,0,0,0,3,0.0000,0.0000
1998,1,29,6,30,-2.2,0,0,0,3,0.0000,0.0000
1998,1,29,7,0,-2.2,0,0,0,3,0.0000,0.0000
1998,1,29,7,30,-1.9000000000000001,0,0,0,3.1,0.0000,0.0000
1998,1,29,8,0,-1.5,16,344,30,3.3000000000000003,0.0000,0.0000
1998,1,29,8,30,-0.7000000000000001,30,583,102,3.3000000000000003,0.0000,0.0000
1998,1,29,9,0,0.1,39,721,185,3.4000000000000004,8.8420,6.7545
1998,1,29,9,30,1,45,806,267,3.2,13.1714,10.1396
1998,1,29,10,0,1.9000000000000001,50,862,343,3,17.5359,13.5771
1998,1,29,10,30,2.9000000000000004,54,900,409,2.7,21.5222,16.7260
1998,1,29,11,0,3.9000000000000004,55,928,463,2.5,24.8874,19.3881
1998,1,29,11,30,5.1000000000000005,57,947,505,2.3000000000000003,27.5466,21.4925
1998,1,29,12,0,6.2,58,957,533,2.2,29.3364,22.9091
1998,1,29,12,30,6.9,59,962,546,2.1,30.1734,23.5718
1998,1,29,13,0,7.6000000000000005,59,962,544,2,30.0438,23.4691
1998,1,29,13,30,7.800000000000001,267,292,410,1.9000000000000001,22.5219,17.5842
1998,1,29,14,0,8,60,937,496,1.8,26.9616,21.0286
1998,1,29,14,30,7.5,58,909,447,1.3,23.9019,18.6098
1998,1,29,15,0,7.1000000000000005,57,873,389,0.9,20.3222,15.7795
1998,1,29,15,30,6.2,189,58,208,0.9,10.5338,8.1445
1998,1,29,16,0,5.2,48,758,242,0.8,11.8153,9.0772
1998,1,29,16,30,4.1000000000000005,40,659,160,1,7.6261,5.8146
1998,1,29,17,0,2.9000000000000004,27,508,79,1.2000000000000002,0.0000,0.0000
1998,1,29,17,30,2,6,0,6,1.3,0.0000,0.0000
1998,1,29,18,0,1,0,0,0,1.4000000000000001,0.0000,0.0000
1998,1,29,18,30,0.4,0,0,0,1.4000000000000001,0.0000,0.0000
1998,1,29,19,0,-0.1,0,0,0,1.5,0.0000,0.0000
1998,1,29,19,30,-0.1,0,0,0,1.5,0.0000,0.0000
1998,1,29,20,0,-0.1,0,0,0,1.6,0.0000,0.0000
1998,1,29,20,30,0,0,0,0,1.7000000000000002,0.0000,0.0000
1998,1,29,21,0,0.1,0,0,0,1.9000000000000001,0.0000,0.0000
1998,1,29,21,30,-0.4,0,0,0,2,0.0000,0.0000
1998,1,29,22,0,-1,0,0,0,2.1,0.0000,0.0000
1998,1,29,22,30,-1.2000000000000002,0,0,0,2.1,0.0000,0.0000
1998,1,29,23,0,-1.5,0,0,0,2.2,0.0000,0.0000
1998,1,29,23,30,-1.5,0,0,0,2.2,0.0000,0.0000
1998,1,30,0,0,-1.6,0,0,0,2.3000000000000003,0.0000,0.0000
1998,1,30,0,30,-1.6,0,0,0,2.3000000000000003,0.0000,0.0000
1998,1,30,1,0,-1.7000000000000002,0,0,0,2.3000000000000003,0.0000,0.0000
1998,1,30,1,30,-1.7000000000000002,0,0,0,2.3000000000000003,0.0000,0.0000
1998,1,30,2,0,-1.8,0,0,0,2.2,0.0000,0.0000
1998,1,30,2,30,-1.9000000000000001,0,0,0,2.2,0.0000,0.0000
1998,1,30,3,0,-2,0,0,0,2.2,0.0000,0.0000
1998,1,30,3,30,-2,0,0,0,2.2,0.0000,0.0000
1998,1,30,4,0,-2.1,0,0,0,2.2,0.0000,0.0000
1998,1,30,4,30,-2.1,0,0,0,2.2,0.0000,0.0000
1998,1,30,5,0,-2.1,0,0,0,2.2,0.0000,0.0000
1998,1,30,5,30,-2.2,0,0,0,2.2,0.0000,0.0000
1998,1,30,6,0,-2.2,0,0,0,2.2,0.0000,0.0000
1998,1,30,6,30,-2.1,0,0,0,2.4000000000000004,0.0000,0.0000
1998,1,30,7,0,-2,0,0,0,2.6,0.0000,0.0000
1998,1,30,7,30,-1.3,0,0,0,3,0.0000,0.0000
1998,1,30,8,0,-0.6000000000000001,16,316,30,3.4000000000000004,0.0000,0.0000
1998,1,30,8,30,0.4,31,550,101,3.5,0.0000,0.0000
1998,1,30,9,0,1.3,41,688,183,3.6,8.7536,6.6891
1998,1,30,9,30,2.7,48,773,264,3.8000000000000003,13.0474,10.0475
1998,1,30,10,0,4,53,832,338,4.1000000000000005,17.3128,13.4079
1998,1,30,10,30,5.300000000000001,57,872,404,4.5,21.2979,16.5554
1998,1,30,11,0,6.6000000000000005,59,899,458,4.800000000000001,24.6601,19.2145
1998,1,30,11,30,7.6000000000000005,61,917,499,5.1000000000000005,27.2624,21.2741
1998,1,30,12,0,8.6,63,929,527,5.300000000000001,29.0524,22.6908
1998,1,30,12,30,9.3,63,933,540,5.5,29.8879,23.3521
1998,1,30,13,0,10,63,937,540,5.7,29.8692,23.3361
1998,1,30,13,30,10.3,62,931,523,5.7,28.7757,22.4705
1998,1,30,14,0,10.600000000000001,61,918,492,5.6000000000000005,26.7911,20.8993
1998,1,30,14,30,10.3,59,898,447,5.1000000000000005,23.9487,18.6502
1998,1,30,15,0,10.100000000000001,56,866,389,4.5,20.3657,15.8175
1998,1,30,15,30,8.5,52,823,321,3.6,16.2938,12.6024
1998,1,30,16,0,6.9,47,757,244,2.7,11.9379,9.1753
1998,1,30,16,30,5.1000000000000005,39,661,162,2.7,7.7223,5.8897
1998,1,30,17,0,3.3000000000000003,28,503,81,2.7,0.0000,0.0000
1998,1,30,17,30,3,11,230,17,2.9000000000000004,0.0000,0.0000
1998,1,30,18,0,2.6,0,0,0,3,0.0000,0.0000
1998,1,30,18,30,2.4000000000000004,0,0,0,3.1,0.0000,0.0000
1998,1,30,19,0,2.2,0,0,0,3.1,0.0000,0.0000
1998,1,30,19,30,1.9000000000000001,0,0,0,3.1,0.0000,0.0000
1998,1,30,20,0,1.6,0,0,0,3.1,0.0000,0.0000
1998,1,30,20,30,1.4000000000000001,0,0,0,3.1,0.0000,0.0000
1998,1,30,21,0,1.1,0,0,0,3.2,0.0000,0.0000
1998,1,30,21,30,1,0,0,0,3.3000000000000003,0.0000,0.0000
1998,1,30,22,0,0.9,0,0,0,3.4000000000000004,0.0000,0.0000
1998,1,30,22,30,1,0,0,0,3.6,0.0000,0.0000
1998,1,30,23,0,1.1,0,0,0,3.8000000000000003,0.0000,0.0000
1998,1,30,23,30,1,0,0,0,3.9000000000000004,0.0000,0.0000
1998,1,31,0,0,0.9,0,0,0,4,0.0000,0.0000
1998,1,31,0,30,0.7000000000000001,0,0,0,4,0.0000,0.0000
1998,1,31,1,0,0.5,0,0,0,4,0.0000,0.0000
1998,1,31,1,30,0.4,0,0,0,4.1000000000000005,0.0000,0.0000
1998,1,31,2,0,0.30000000000000004,0,0,0,4.1000000000000005,0.0000,0.0000
1998,1,31,2,30,0.2,0,0,0,3.9000000000000004,0.0000,0.0000
1998,1,31,3,0,0.1,0,0,0,3.8000000000000003,0.0000,0.0000
1998,1,31,3,30,0,0,0,0,3.6,0.0000,0.0000
1998,1,31,4,0,-0.1,0,0,0,3.4000000000000004,0.0000,0.0000
1998,1,31,4,30,-0.2,0,0,0,3.2,0.0000,0.0000
1998,1,31,5,0,-0.30000000000000004,0,0,0,3,0.0000,0.0000
1998,1,31,5,30,-0.4,0,0,0,2.9000000000000004,0.0000,0.0000
1998,1,31,6,0,-0.6000000000000001,0,0,0,2.8000000000000003,0.0000,0.0000
1998,1,31,6,30,-0.7000000000000001,0,0,0,2.8000000000000003,0.0000,0.0000
1998,1,31,7,0,-0.8,0,0,0,2.8000000000000003,0.0000,0.0000
1998,1,31,7,30,-0.5,0,0,0,2.9000000000000004,0.0000,0.0000
1998,1,31,8,0,-0.2,19,228,29,3.1,0.0000,0.0000
1998,1,31,8,30,0.7000000000000001,38,458,98,3.2,0.0000,0.0000
1998,1,31,9,0,1.6,53,584,176,3.3000000000000003,8.4265,6.4413
1998,1,31,9,30,2.9000000000000004,158,158,202,3.2,10.0016,7.7046
1998,1,31,10,0,4.1000000000000005,190,213,264,3.2,13.5490,10.4959
1998,1,31,10,30,5.1000000000000005,188,345,326,3.1,17.2171,13.3861
1998,1,31,11,0,6,82,814,446,3,24.0557,18.7470
1998,1,31,11,30,6.7,236,279,370,2.9000000000000004,20.2475,15.8026
1998,1,31,12,0,7.4,223,387,418,2.9000000000000004,23.0798,18.0287
1998,1,31,12,30,7.800000000000001,216,456,450,2.9000000000000004,24.9460,19.4938
1998,1,31,13,0,8.200000000000001,216,440,441,2.8000000000000003,24.4333,19.0922
1998,1,31,13,30,8.4,264,216,372,2.8000000000000003,20.5016,16.0119
1998,1,31,14,0,8.6,248,164,325,2.7,17.7291,13.8327
1998,1,31,14,30,8.3,231,166,304,2.5,16.3188,12.7110
1998,1,31,15,0,8.1,207,155,267,2.3000000000000003,14.0082,10.8826
1998,1,31,15,30,7,172,60,192,1.8,9.7690,7.5584
1998,1,31,16,0,5.800000000000001,125,25,132,1.3,6.4725,4.9768
1998,1,31,16,30,4.800000000000001,81,9,82,1.3,3.9101,2.9832
1998,1,31,17,0,3.8000000000000003,37,1,37,1.4000000000000001,0.0000,0.0000
1998,1,31,17,30,3.4000000000000004,6,0,6,1.3,0.0000,0.0000
1998,1,31,18,0,3.1,0,0,0,1.2000000000000002,0.0000,0.0000
1998,1,31,18,30,2.7,0,0,0,1.3,0.0000,0.0000
1998,1,31,19,0,2.2,0,0,0,1.3,0.0000,0.0000
1998,1,31,19,30,1.9000000000000001,0,0,0,1.6,0.0000,0.0000
1998,1,31,20,0,1.6,0,0,0,1.8,0.0000,0.0000
1998,1,31,20,30,1.4000000000000001,0,0,0,2.2,0.0000,0.0000
1998,1,31,21,0,1.2000000000000002,0,0,0,2.5,0.0000,0.0000
1998,1,31,21,30,0.8,0,0,0,2.4000000000000004,0.0000,0.0000
1998,1,31,22,0,0.4,0,0,0,2.3000000000000003,0.0000,0.0000
1998,1,31,22,30,0,0,0,0,2,0.0000,0.0000
1998,1,31,23,0,-0.4,0,0,0,1.7000000000000002,0.0000,0.0000
1998,1,31,23,30,-0.6000000000000001,0,0,0,1.8,0.0000,0.0000
1998,2,1,0,0,-0.8,0,0,0,1.9000000000000001,0.0000,0.0000
1998,2,1,0,30,-0.9,0,0,0,2.4000000000000004,0.0000,0.0000
1998,2,1,1,0,-1,0,0,0,3,0.0000,0.0000
1998,2,1,1,30,-1.2000000000000002,0,0,0,3.2,0.0000,0.0000
1998,2,1,2,0,-1.3,0,0,0,3.4000000000000004,0.0000,0.0000
1998,2,1,2,30,-1.4000000000000001,0,0,0,3.5,0.0000,0.0000
1998,2,1,3,0,-1.6,0,0,0,3.5,0.0000,0.0000
1998,2,1,3,30,-1.6,0,0,0,3.6,0.0000,0.0000
1998,2,1,4,0,-1.7000000000000002,0,0,0,3.7,0.0000,0.0000
1998,2,1,4,30,-1.7000000000000002,0,0,0,3.8000000000000003,0.0000,0.0000
1998,2,1,5,0,-1.7000000000000002,0,0,0,3.9000000000000004,0.0000,0.0000
1998,2,1,5,30,-1.7000000000000002,0,0,0,3.9000000000000004,0.0000,0.0000
1998,2,1,6,0,-1.7000000000000002,0,0,0,3.9000000000000004,0.0000,0.0000
1998,2,1,6,30,-1.7000000000000002,0,0,0,4,0.0000,0.0000
1998,2,1,7,0,-1.7000000000000002,0,0,0,4.1000000000000005,0.0000,0.0000
1998,2,1,7,30,-1.5,0,0,0,4.4,0.0000,0.0000
1998,2,1,8,0,-1.3,17,0,17,4.7,0.0000,0.0000
1998,2,1,8,30,-0.9,30,1,30,5,0.0000,0.0000
1998,2,1,9,0,-0.5,50,2,50,5.300000000000001,2.3964,1.8325
1998,2,1,9,30,0.1,87,8,90,5.2,4.4648,3.4406
1998,2,1,10,0,0.6000000000000001,60,0,60,5.2,3.0856,2.3910
1998,2,1,10,30,1.2000000000000002,123,0,123,5,6.5082,5.0611
1998,2,1,11,0,1.8,97,0,97,4.800000000000001,5.2408,4.0850
1998,2,1,11,30,2.4000000000000004,90,0,90,4.5,4.9330,3.8507
1998,2,1,12,0,3.1,140,0,140,4.2,7.7421,6.0486
1998,2,1,12,30,3.6,116,0,116,4,6.4405,5.0336
1998,2,1,13,0,4,117,0,117,3.8000000000000003,6.4925,5.0739
1998,2,1,13,30,4.3,128,0,128,3.6,7.0663,5.5197
1998,2,1,14,0,4.5,162,1,162,3.4000000000000004,8.8530,6.9085
1998,2,1,14,30,4.4,179,3,180,3.2,9.6816,7.5428
1998,2,1,15,0,4.3,158,3,159,3,8.3601,6.4965
1998,2,1,15,30,3.4000000000000004,174,16,180,2.3000000000000003,9.1801,7.1052
1998,2,1,16,0,2.6,45,797,259,1.5,12.7282,9.7913
1998,2,1,16,30,0.9,38,707,175,1.4000000000000001,8.3490,6.3722
1998,2,1,17,0,-0.7000000000000001,28,553,90,1.2000000000000002,0.0000,0.0000
1998,2,1,17,30,-1,13,294,22,1.1,0.0000,0.0000
1998,2,1,18,0,-1.4000000000000001,0,0,0,1.1,0.0000,0.0000
1998,2,1,18,30,-1.6,0,0,0,1,0.0000,0.0000
1998,2,1,19,0,-1.8,0,0,0,1,0.0000,0.0000
1998,2,1,19,30,-2,0,0,0,0.9,0.0000,0.0000
1998,2,1,20,0,-2.2,0,0,0,0.9,0.0000,0.0000
1998,2,1,20,30,-2.5,0,0,0,0.9,0.0000,0.0000
1998,2,1,21,0,-2.7,0,0,0,0.9,0.0000,0.0000
1998,2,1,21,30,-3.1,0,0,0,0.9,0.0000,0.0000
1998,2,1,22,0,-3.4000000000000004,0,0,0,1,0.0000,0.0000
1998,2,1,22,30,-3.8000000000000003,0,0,0,1,0.0000,0.0000
1998,2,1,23,0,-4.2,0,0,0,1.1,0.0000,0.0000
1998,2,1,23,30,-4.4,0,0,0,1.2000000000000002,0.0000,0.0000
1998,2,2,0,0,-4.6000000000000005,0,0,0,1.2000000000000002,0.0000,0.0000
1998,2,2,0,30,-4.6000000000000005,0,0,0,1.5,0.0000,0.0000
1998,2,2,1,0,-4.5,0,0,0,1.7000000000000002,0.0000,0.0000
1998,2,2,1,30,-4.3,0,0,0,2.1,0.0000,0.0000
1998,2,2,2,0,-4,0,0,0,2.4000000000000004,0.0000,0.0000
1998,2,2,2,30,-3.9000000000000004,0,0,0,2.5,0.0000,0.0000
1998,2,2,3,0,-3.8000000000000003,0,0,0,2.5,0.0000,0.0000
1998,2,2,3,30,-3.8000000000000003,0,0,0,2.2,0.0000,0.0000
1998,2,2,4,0,-3.8000000000000003,0,0,0,2,0.0000,0.0000
1998,2,2,4,30,-3.9000000000000004,0,0,0,1.9000000000000001,0.0000,0.0000
1998,2,2,5,0,-4,0,0,0,1.9000000000000001,0.0000,0.0000
1998,2,2,5,30,-4,0,0,0,2,0.0000,0.0000
1998,2,2,6,0,-4.1000000000000005,0,0,0,2.1,0.0000,0.0000
1998,2,2,6,30,-4.1000000000000005,0,0,0,2.3000000000000003,0.0000,0.0000
1998,2,2,7,0,-4.1000000000000005,0,0,0,2.4000000000000004,0.0000,0.0000
1998,2,2,7,30,-3.6,0,0,0,2.7,0.0000,0.0000
1998,2,2,8,0,-3,6,0,6,2.9000000000000004,0.0000,0.0000
1998,2,2,8,30,-2.4000000000000004,40,482,106,2.9000000000000004,0.0000,0.0000
1998,2,2,9,0,-1.8,7,0,7,2.9000000000000004,0.3359,0.2569
1998,2,2,9,30,-1.1,17,0,17,2.8000000000000003,0.8451,0.6515
1998,2,2,10,0,-0.4,138,17,144,2.7,7.4204,5.7515
1998,2,2,10,30,0.2,101,0,101,2.7,5.3544,4.1648
1998,2,2,11,0,0.9,69,0,69,2.7,3.7346,2.9115
1998,2,2,11,30,1.3,126,0,126,2.5,6.9180,5.4011
1998,2,2,12,0,1.7000000000000002,89,0,89,2.4000000000000004,4.9296,3.8519
1998,2,2,12,30,1.9000000000000001,90,0,90,2,5.0049,3.9122
1998,2,2,13,0,2,94,0,94,1.7000000000000002,5.2245,4.0836
1998,2,2,13,30,2.1,131,0,131,1.4000000000000001,7.2440,5.6594
1998,2,2,14,0,2.1,130,0,130,1.1,7.1167,5.5545
1998,2,2,14,30,1.9000000000000001,125,5,127,1.3,6.8442,5.3334
1998,2,2,15,0,1.8,71,0,71,1.4000000000000001,3.7412,2.9079
1998,2,2,15,30,1.3,54,0,54,1.6,2.7605,2.1373
1998,2,2,16,0,0.9,54,0,54,1.7000000000000002,2.6598,2.0469
1998,2,2,16,30,-0.2,48,0,48,1.6,2.2916,1.7497
1998,2,2,17,0,-1.2000000000000002,17,0,17,1.4000000000000001,0.0000,0.0000
1998,2,2,17,30,-1.6,6,0,6,1.6,0.0000,0.0000
1998,2,2,18,0,-2,0,0,0,1.7000000000000002,0.0000,0.0000
1998,2,2,18,30,-2.1,0,0,0,1.8,0.0000,0.0000
1998,2,2,19,0,-2.3000000000000003,0,0,0,1.9000000000000001,0.0000,0.0000
1998,2,2,19,30,-2.4000000000000004,0,0,0,2.1,0.0000,0.0000
1998,2,2,20,0,-2.6,0,0,0,2.3000000000000003,0.0000,0.0000
1998,2,2,20,30,-2.7,0,0,0,2.4000000000000004,0.0000,0.0000
1998,2,2,21,0,-2.9000000000000004,0,0,0,2.4000000000000004,0.0000,0.0000
1998,2,2,21,30,-3,0,0,0,2.5,0.0000,0.0000
1998,2,2,22,0,-3.2,0,0,0,2.7,0.0000,0.0000
1998,2,2,22,30,-3.3000000000000003,0,0,0,2.8000000000000003,0.0000,0.0000
1998,2,2,23,0,-3.5,0,0,0,3,0.0000,0.0000
1998,2,2,23,30,-3.7,0,0,0,3.2,0.0000,0.0000
1998,2,3,0,0,-3.8000000000000003,0,0,0,3.3000000000000003,0.0000,0.0000
1998,2,3,0,30,-4.1000000000000005,0,0,0,3.4000000000000004,0.0000,0.0000
1998,2,3,1,0,-4.3,0,0,0,3.5,0.0000,0.0000
1998,2,3,1,30,-4.5,0,0,0,3.5,0.0000,0.0000
1998,2,3,2,0,-4.800000000000001,0,0,0,3.5,0.0000,0.0000
1998,2,3,2,30,-5.1000000000000005,0,0,0,3.4000000000000004,0.0000,0.0000
1998,2,3,3,0,-5.300000000000001,0,0,0,3.3000000000000003,0.0000,0.0000
1998,2,3,3,30,-5.5,0,0,0,3.2,0.0000,0.0000
1998,2,3,4,0,-5.6000000000000005,0,0,0,3.1,0.0000,0.0000
1998,2,3,4,30,-5.800000000000001,0,0,0,3,0.0000,0.0000
1998,2,3,5,0,-5.9,0,0,0,2.9000000000000004,0.0000,0.0000
1998,2,3,5,30,-6,0,0,0,2.9000000000000004,0.0000,0.0000
1998,2,3,6,0,-6.1000000000000005,0,0,0,2.8000000000000003,0.0000,0.0000
1998,2,3,6,30,-6.2,0,0,0,2.8000000000000003,0.0000,0.0000
1998,2,3,7,0,-6.2,0,0,0,2.7,0.0000,0.0000
1998,2,3,7,30,-5.9,0,0,0,2.7,0.0000,0.0000
1998,2,3,8,0,-5.6000000000000005,22,336,40,2.6,0.0000,0.0000
1998,2,3,8,30,-5,39,567,118,2.6,0.0000,0.0000
1998,2,3,9,0,-4.4,50,707,205,2.6,9.8487,7.5367
1998,2,3,9,30,-3.6,58,792,290,2.5,14.4470,11.1409
1998,2,3,10,0,-2.9000000000000004,63,856,369,2.4000000000000004,19.0546,14.7732
1998,2,3,10,30,-2.3000000000000003,67,895,437,2.3000000000000003,23.2113,18.0585
1998,2,3,11,0,-1.7000000000000002,67,931,495,2.2,26.8399,20.9283
1998,2,3,11,30,-1.2000000000000002,70,948,538,2,29.5868,23.1028
1998,2,3,12,0,-0.7000000000000001,69,965,567,1.9000000000000001,31.4565,24.5831
1998,2,3,12,30,-0.30000000000000004,70,970,581,1.8,32.3605,25.2988
1998,2,3,13,0,0,67,973,579,1.7000000000000002,32.2334,25.1983
1998,2,3,13,30,0.2,67,967,562,1.7000000000000002,31.1285,24.3231
1998,2,3,14,0,0.30000000000000004,64,958,530,1.6,29.0659,22.6899
1998,2,3,14,30,0.2,62,939,484,1.6,26.1340,20.3690
1998,2,3,15,0,0.2,57,914,424,1.6,22.3893,17.4071
1998,2,3,15,30,-0.4,53,874,354,1.4000000000000001,18.1388,14.0483
1998,2,3,16,0,-0.9,47,818,274,1.3,13.5267,10.4145
1998,2,3,16,30,-2.5,40,731,188,1.2000000000000002,8.9833,6.8617
1998,2,3,17,0,-4.1000000000000005,30,590,102,1,0.0000,0.0000
1998,2,3,17,30,-4.6000000000000005,15,349,28,1.2000000000000002,0.0000,0.0000
1998,2,3,18,0,-5.1000000000000005,0,0,0,1.4000000000000001,0.0000,0.0000
1998,2,3,18,30,-5.300000000000001,0,0,0,1.5,0.0000,0.0000
1998,2,3,19,0,-5.4,0,0,0,1.7000000000000002,0.0000,0.0000
1998,2,3,19,30,-5.6000000000000005,0,0,0,1.8,0.0000,0.0000
1998,2,3,20,0,-5.800000000000001,0,0,0,1.9000000000000001,0.0000,0.0000
1998,2,3,20,30,-5.9,0,0,0,2,0.0000,0.0000
1998,2,3,21,0,-6.1000000000000005,0,0,0,2.1,0.0000,0.0000
1998,2,3,21,30,-6.2,0,0,0,2.2,0.0000,0.0000
1998,2,3,22,0,-6.300000000000001,0,0,0,2.3000000000000003,0.0000,0.0000
1998,2,3,22,30,-6.300000000000001,0,0,0,2.3000000000000003,0.0000,0.0000
1998,2,3,23,0,-6.4,0,0,0,2.3000000000000003,0.0000,0.0000
1998,2,3,23,30,-6.5,0,0,0,2.2,0.0000,0.0000
1998,2,4,0,0,-6.5,0,0,0,2.2,0.0000,0.0000
1998,2,4,0,30,-6.5,0,0,0,2.1,0.0000,0.0000
1998,2,4,1,0,-6.6000000000000005,0,0,0,2.1,0.0000,0.0000
1998,2,4,1,30,-6.6000000000000005,0,0,0,2.1,0.0000,0.0000
1998,2,4,2,0,-6.6000000000000005,0,0,0,2.1,0.0000,0.0000
1998,2,4,2,30,-6.6000000000000005,0,0,0,2.2,0.0000,0.0000
1998,2,4,3,0,-6.7,0,0,0,2.3000000000000003,0.0000,0.0000
1998,2,4,3,30,-6.7,0,0,0,2.3000000000000003,0.0000,0.0000
1998,2,4,4,0,-6.800000000000001,0,0,0,2.3000000000000003,0.0000,0.0000
1998,2,4,4,30,-6.800000000000001,0,0,0,2.2,0.0000,0.0000
1998,2,4,5,0,-6.9,0,0,0,2.1,0.0000,0.0000
1998,2,4,5,30,-7,0,0,0,2,0.0000,0.0000
1998,2,4,6,0,-7.1000000000000005,0,0,0,1.8,0.0000,0.0000
1998,2,4,6,30,-7.1000000000000005,0,0,0,1.8,0.0000,0.0000
1998,2,4,7,0,-7.2,0,0,0,1.8,0.0000,0.0000
1998,2,4,7,30,-6.9,0,0,0,1.9000000000000001,0.0000,0.0000
1998,2,4,8,0,-6.5,11,0,11,2.1,0.0000,0.0000
1998,2,4,8,30,-5.9,30,0,30,2.2,0.0000,0.0000
1998,2,4,9,0,-5.300000000000001,44,0,44,2.4000000000000004,2.1168,1.6206
1998,2,4,9,30,-4.6000000000000005,74,0,74,2.6,3.6940,2.8497
1998,2,4,10,0,-3.9000000000000004,90,0,90,2.8000000000000003,4.6571,3.6117
1998,2,4,10,30,-3.2,129,0,129,3,6.8648,5.3420
1998,2,4,11,0,-2.6,138,0,138,3.2,7.4960,5.8461
1998,2,4,11,30,-2,177,1,178,3.4000000000000004,9.8053,7.6576
1998,2,4,12,0,-1.5,246,10,251,3.5,13.9475,10.9016
1998,2,4,12,30,-1.1,261,15,269,3.6,15.0068,11.7337
1998,2,4,13,0,-0.7000000000000001,201,1,201,3.7,11.2073,8.7625
1998,2,4,13,30,-0.6000000000000001,194,1,195,3.8000000000000003,10.8190,8.4550
1998,2,4,14,0,-0.4,174,1,175,3.8000000000000003,9.6141,7.5064
1998,2,4,14,30,-0.6000000000000001,131,0,131,3.8000000000000003,7.0869,5.5247
1998,2,4,15,0,-0.7000000000000001,106,0,106,3.7,5.6095,4.3624
1998,2,4,15,30,-1.4000000000000001,93,0,93,3.5,4.7763,3.7004
1998,2,4,16,0,-2,82,0,82,3.4000000000000004,4.0578,3.1256
1998,2,4,16,30,-2.9000000000000004,42,0,42,2.8000000000000003,2.0089,1.5351
1998,2,4,17,0,-3.8000000000000003,30,0,30,2.2,0.0000,0.0000
1998,2,4,17,30,-4.1000000000000005,19,229,28,2.3000000000000003,0.0000,0.0000
1998,2,4,18,0,-4.4,0,0,0,2.4000000000000004,0.0000,0.0000
1998,2,4,18,30,-4.4,0,0,0,2.7,0.0000,0.0000
1998,2,4,19,0,-4.3,0,0,0,3,0.0000,0.0000
1998,2,4,19,30,-4.4,0,0,0,3,0.0000,0.0000
1998,2,4,20,0,-4.5,0,0,0,3,0.0000,0.0000
1998,2,4,20,30,-4.6000000000000005,0,0,0,2.8000000000000003,0.0000,0.0000
1998,2,4,21,0,-4.6000000000000005,0,0,0,2.6,0.0000,0.0000
1998,2,4,21,30,-4.6000000000000005,0,0,0,2.3000000000000003,0.0000,0.0000
1998,2,4,22,0,-4.5,0,0,0,2.1,0.0000,0.0000
1998,2,4,22,30,-4.6000000000000005,0,0,0,1.9000000000000001,0.0000,0.0000
1998,2,4,23,0,-4.6000000000000005,0,0,0,1.7000000000000002,0.0000,0.0000
1998,2,4,23,30,-4.6000000000000005,0,0,0,1.5,0.0000,0.0000
1998,2,5,0,0,-4.6000000000000005,0,0,0,1.3,0.0000,0.0000
1998,2,5,0,30,-4.7,0,0,0,1.3,0.0000,0.0000
1998,2,5,1,0,-4.7,0,0,0,1.2000000000000002,0.0000,0.0000
1998,2,5,1,30,-4.7,0,0,0,1.1,0.0000,0.0000
1998,2,5,2,0,-4.7,0,0,0,1,0.0000,0.0000
1998,2,5,2,30,-4.7,0,0,0,0.9,0.0000,0.0000
1998,2,5,3,0,-4.6000000000000005,0,0,0,0.8,0.0000,0.0000
1998,2,5,3,30,-4.7,0,0,0,0.6000000000000001,0.0000,0.0000
1998,2,5,4,0,-4.7,0,0,0,0.5,0.0000,0.0000
1998,2,5,4,30,-4.7,0,0,0,0.6000000000000001,0.0000,0.0000
1998,2,5,5,0,-4.6000000000000005,0,0,0,0.7000000000000001,0.0000,0.0000
1998,2,5,5,30,-4.6000000000000005,0,0,0,0.9,0.0000,0.0000
1998,2,5,6,0,-4.5,0,0,0,1,0.0000,0.0000
1998,2,5,6,30,-4.5,0,0,0,1.2000000000000002,0.0000,0.0000
1998,2,5,7,0,-4.4,0,0,0,1.3,0.0000,0.0000
1998,2,5,7,30,-4.1000000000000005,0,0,0,1.6,0.0000,0.0000
1998,2,5,8,0,-3.8000000000000003,16,0,16,1.9000000000000001,0.0000,0.0000
1998,2,5,8,30,-3.5,47,3,48,1.9000000000000001,0.0000,0.0000
1998,2,5,9,0,-3.1,76,4,77,1.9000000000000001,3.7100,2.8414
1998,2,5,9,30,-2.7,151,37,162,1.8,8.1051,6.2547
1998,2,5,10,0,-2.4000000000000004,190,55,210,1.6,10.8900,8.4478
1998,2,5,10,30,-1.9000000000000001,222,122,273,1.5,14.5571,11.3305
1998,2,5,11,0,-1.5,240,88,281,1.4000000000000001,15.2905,11.9271
1998,2,5,11,30,-1.2000000000000002,268,115,326,1.3,17.9885,14.0508
1998,2,5,12,0,-0.8,286,159,370,1.2000000000000002,20.5926,16.0978
1998,2,5,12,30,-0.5,287,124,353,1.1,19.7240,15.4243
1998,2,5,13,0,-0.30000000000000004,291,173,383,1.1,21.3902,16.7265
1998,2,5,13,30,-0.1,281,191,380,1.2000000000000002,21.1181,16.5063
1998,2,5,14,0,0.1,265,207,367,1.3,20.1985,15.7731
1998,2,5,14,30,0.2,275,73,309,1.4000000000000001,16.7491,13.0596
1998,2,5,15,0,0.2,160,423,334,1.5,17.7121,13.7775
1998,2,5,15,30,0,158,304,265,1.4000000000000001,13.6424,10.5727
1998,2,5,16,0,-0.2,56,756,272,1.4000000000000001,13.4912,10.3960
1998,2,5,16,30,-0.9,113,86,131,1.1,6.2736,4.7960
1998,2,5,17,0,-1.6,71,76,81,0.9,0.0000,0.0000
1998,2,5,17,30,-1.9000000000000001,15,0,15,0.9,0.0000,0.0000
1998,2,5,18,0,-2.1,0,0,0,1,0.0000,0.0000
1998,2,5,18,30,-2.3000000000000003,0,0,0,1,0.0000,0.0000
1998,2,5,19,0,-2.4000000000000004,0,0,0,1,0.0000,0.0000
1998,2,5,19,30,-2.6,0,0,0,1,0.0000,0.0000
1998,2,5,20,0,-2.7,0,0,0,1,0.0000,0.0000
1998,2,5,20,30,-2.9000000000000004,0,0,0,1,0.0000,0.0000
1998,2,5,21,0,-3.2,0,0,0,1,0.0000,0.0000
1998,2,5,21,30,-3.4000000000000004,0,0,0,1,0.0000,0.0000
1998,2,5,22,0,-3.6,0,0,0,1.1,0.0000,0.0000
1998,2,5,22,30,-3.8000000000000003,0,0,0,1.1,0.0000,0.0000
1998,2,5,23,0,-3.9000000000000004,0,0,0,1.1,0.0000,0.0000
1998,2,5,23,30,-4,0,0,0,1.1,0.0000,0.0000
1998,2,6,0,0,-4.1000000000000005,0,0,0,1.2000000000000002,0.0000,0.0000
1998,2,6,0,30,-4.2,0,0,0,1.2000000000000002,0.0000,0.0000
1998,2,6,1,0,-4.3,0,0,0,1.3,0.0000,0.0000
1998,2,6,1,30,-4.4,0,0,0,1.3,0.0000,0.0000
1998,2,6,2,0,-4.5,0,0,0,1.4000000000000001,0.0000,0.0000
1998,2,6,2,30,-4.7,0,0,0,1.4000000000000001,0.0000,0.0000
1998,2,6,3,0,-4.9,0,0,0,1.4000000000000001,0.0000,0.0000
1998,2,6,3,30,-5,0,0,0,1.4000000000000001,0.0000,0.0000
1998,2,6,4,0,-5.2,0,0,0,1.4000000000000001,0.0000,0.0000
1998,2,6,4,30,-5.5,0,0,0,1.4000000000000001,0.0000,0.0000
1998,2,6,5,0,-5.7,0,0,0,1.4000000000000001,0.0000,0.0000
1998,2,6,5,30,-5.800000000000001,0,0,0,1.4000000000000001,0.0000,0.0000
1998,2,6,6,0,-6,0,0,0,1.4000000000000001,0.0000,0.0000
1998,2,6,6,30,-6,0,0,0,1.4000000000000001,0.0000,0.0000
1998,2,6,7,0,-5.9,0,0,0,1.4000000000000001,0.0000,0.0000
1998,2,6,7,30,-4.800000000000001,0,0,0,1.7000000000000002,0.0000,0.0000
1998,2,6,8,0,-3.7,25,2,26,2,0.0000,0.0000
1998,2,6,8,30,-2.8000000000000003,37,618,130,2,0.0000,0.0000
1998,2,6,9,0,-1.9000000000000001,47,743,218,2.1,10.5199,8.0602
1998,2,6,9,30,-1,54,821,304,1.8,15.2436,11.7679
1998,2,6,10,0,-0.1,226,91,260,1.5,13.5115,10.4843
1998,2,6,10,30,0.7000000000000001,261,68,290,1.3,15.4933,12.0617
1998,2,6,11,0,1.5,284,193,375,1,20.4423,15.9485
1998,2,6,11,30,2.1,191,492,441,0.9,24.3750,19.0423
1998,2,6,12,0,2.8000000000000003,211,457,453,0.7000000000000001,25.2528,19.7437
1998,2,6,12,30,3.4000000000000004,227,427,458,0.8,25.6322,20.0474
1998,2,6,13,0,4,199,500,469,0.8,26.2356,20.5185
1998,2,6,13,30,4.3,297,271,440,0.9,24.4939,19.1479
1998,2,6,14,0,4.6000000000000005,61,953,538,1,29.6623,23.1674
1998,2,6,14,30,4.6000000000000005,59,935,492,1,26.7196,20.8379
1998,2,6,15,0,4.6000000000000005,55,911,433,1,23.0111,17.9038
1998,2,6,15,30,4.1000000000000005,51,873,363,0.7000000000000001,18.7317,14.5215
1998,2,6,16,0,3.5,46,820,283,0.5,14.0707,10.8471
1998,2,6,16,30,2.8000000000000003,39,738,197,0.5,9.4464,7.2247
1998,2,6,17,0,2.2,30,610,111,0.5,0.0000,0.0000
1998,2,6,17,30,1.9000000000000001,16,380,35,0.5,0.0000,0.0000
1998,2,6,18,0,1.7000000000000002,0,0,0,0.5,0.0000,0.0000
1998,2,6,18,30,1.5,0,0,0,0.5,0.0000,0.0000
1998,2,6,19,0,1.4000000000000001,0,0,0,0.5,0.0000,0.0000
1998,2,6,19,30,1.2000000000000002,0,0,0,0.5,0.0000,0.0000
1998,2,6,20,0,1.1,0,0,0,0.5,0.0000,0.0000
1998,2,6,20,30,1,0,0,0,0.4,0.0000,0.0000
1998,2,6,21,0,0.8,0,0,0,0.4,0.0000,0.0000
1998,2,6,21,30,0.7000000000000001,0,0,0,0.4,0.0000,0.0000
1998,2,6,22,0,0.6000000000000001,0,0,0,0.4,0.0000,0.0000
1998,2,6,22,30,0.30000000000000004,0,0,0,0.5,0.0000,0.0000
1998,2,6,23,0,0.1,0,0,0,0.7000000000000001,0.0000,0.0000
1998,2,6,23,30,-0.2,0,0,0,0.7000000000000001,0.0000,0.0000
1998,2,7,0,0,-0.5,0,0,0,0.8,0.0000,0.0000
1998,2,7,0,30,-0.8,0,0,0,0.9,0.0000,0.0000
1998,2,7,1,0,-1.2000000000000002,0,0,0,1,0.0000,0.0000
1998,2,7,1,30,-1.5,0,0,0,1,0.0000,0.0000
1998,2,7,2,0,-1.9000000000000001,0,0,0,1.1,0.0000,0.0000
1998,2,7,2,30,-2.2,0,0,0,1.1,0.0000,0.0000
1998,2,7,3,0,-2.5,0,0,0,1.1,0.0000,0.0000
1998,2,7,3,30,-2.7,0,0,0,1.1,0.0000,0.0000
1998,2,7,4,0,-2.8000000000000003,0,0,0,1.1,0.0000,0.0000
1998,2,7,4,30,-2.9000000000000004,0,0,0,1.1,0.0000,0.0000
1998,2,7,5,0,-3,0,0,0,1.1,0.0000,0.0000
1998,2,7,5,30,-3,0,0,0,1,0.0000,0.0000
1998,2,7,6,0,-3,0,0,0,1,0.0000,0.0000
1998,2,7,6,30,-3,0,0,0,0.9,0.0000,0.0000
1998,2,7,7,0,-2.9000000000000004,0,0,0,0.8,0.0000,0.0000
1998,2,7,7,30,-2.3000000000000003,0,0,0,0.7000000000000001,0.0000,0.0000
1998,2,7,8,0,-1.7000000000000002,23,0,23,0.6000000000000001,0.0000,0.0000
1998,2,7,8,30,-0.7000000000000001,79,8,80,1,0.0000,0.0000
1998,2,7,9,0,0.4,131,22,136,1.3,6.5740,5.0391
1998,2,7,9,30,1.5,131,351,239,1.5,12.0111,9.2757
1998,2,7,10,0,2.6,174,350,304,1.7000000000000002,15.8328,12.2889
1998,2,7,10,30,4,156,481,363,2.1,19.4315,15.1309
1998,2,7,11,0,5.4,182,500,421,2.5,22.9908,17.9400
1998,2,7,11,30,6.300000000000001,297,232,415,2.6,22.9772,17.9532
1998,2,7,12,0,7.2,310,236,436,2.6,24.3451,19.0368
1998,2,7,12,30,7.6000000000000005,59,979,593,2.6,33.2402,26.0014
1998,2,7,13,0,7.9,60,977,592,2.5,33.1689,25.9446
1998,2,7,13,30,7.9,59,972,575,2.5,32.0606,25.0668
1998,2,7,14,0,8,59,959,543,2.4000000000000004,29.9903,23.4275
1998,2,7,14,30,7.5,57,941,497,2,27.0423,21.0937
1998,2,7,15,0,7.1000000000000005,55,913,438,1.7000000000000002,23.3258,18.1530
1998,2,7,15,30,5.4,52,875,368,1.4000000000000001,19.0343,14.7606
1998,2,7,16,0,3.8000000000000003,47,819,288,1.2000000000000002,14.3527,11.0689
1998,2,7,16,30,2.1,41,738,202,1.4000000000000001,9.7004,7.4223
1998,2,7,17,0,0.4,32,605,115,1.5,0.0000,0.0000
1998,2,7,17,30,-0.1,18,376,37,1.6,0.0000,0.0000
1998,2,7,18,0,-0.6000000000000001,0,0,0,1.6,0.0000,0.0000
1998,2,7,18,30,-0.8,0,0,0,1.6,0.0000,0.0000
1998,2,7,19,0,-1,0,0,0,1.6,0.0000,0.0000
1998,2,7,19,30,-1.2000000000000002,0,0,0,1.6,0.0000,0.0000
1998,2,7,20,0,-1.3,0,0,0,1.5,0.0000,0.0000
1998,2,7,20,30,-1.5,0,0,0,1.5,0.0000,0.0000
1998,2,7,21,0,-1.6,0,0,0,1.5,0.0000,0.0000
1998,2,7,21,30,-1.7000000000000002,0,0,0,1.5,0.0000,0.0000
1998,2,7,22,0,-1.9000000000000001,0,0,0,1.5,0.0000,0.0000
1998,2,7,22,30,-2,0,0,0,1.5,0.0000,0.0000
1998,2,7,23,0,-2.1,0,0,0,1.5,0.0000,0.0000
1998,2,7,23,30,-2.2,0,0,0,1.5,0.0000,0.0000
1998,2,8,0,0,-2.3000000000000003,0,0,0,1.5,0.0000,0.0000
1998,2,8,0,30,-2.4000000000000004,0,0,0,1.5,0.0000,0.0000
1998,2,8,1,0,-2.5,0,0,0,1.5,0.0000,0.0000
1998,2,8,1,30,-2.5,0,0,0,1.6,0.0000,0.0000
1998,2,8,2,0,-2.6,0,0,0,1.6,0.0000,0.0000
1998,2,8,2,30,-2.7,0,0,0,1.6,0.0000,0.0000
1998,2,8,3,0,-2.8000000000000003,0,0,0,1.6,0.0000,0.0000
1998,2,8,3,30,-2.8000000000000003,0,0,0,1.6,0.0000,0.0000
1998,2,8,4,0,-2.9000000000000004,0,0,0,1.6,0.0000,0.0000
1998,2,8,4,30,-3,0,0,0,1.6,0.0000,0.0000
1998,2,8,5,0,-3.1,0,0,0,1.6,0.0000,0.0000
1998,2,8,5,30,-3.2,0,0,0,1.7000000000000002,0.0000,0.0000
1998,2,8,6,0,-3.4000000000000004,0,0,0,1.7000000000000002,0.0000,0.0000
1998,2,8,6,30,-3.5,0,0,0,1.7000000000000002,0.0000,0.0000
1998,2,8,7,0,-3.5,0,0,0,1.7000000000000002,0.0000,0.0000
1998,2,8,7,30,-2.3000000000000003,0,0,0,2.3000000000000003,0.0000,0.0000
1998,2,8,8,0,-1.2000000000000002,21,0,21,2.9000000000000004,0.0000,0.0000
1998,2,8,8,30,-0.1,37,618,134,3,0.0000,0.0000
1998,2,8,9,0,1,46,736,222,3.2,10.7508,8.2444
1998,2,8,9,30,2.3000000000000003,53,812,307,3.2,15.4643,11.9469
1998,2,8,10,0,3.7,58,865,385,3.2,20.0949,15.6013
1998,2,8,10,30,5.4,61,901,453,4,24.2981,18.9246
1998,2,8,11,0,7.2,64,928,510,4.7,27.9018,21.7760
1998,2,8,11,30,7.9,66,945,553,4.9,30.6695,23.9674
1998,2,8,12,0,8.5,66,958,582,5.1000000000000005,32.5500,25.4564
1998,2,8,12,30,8.9,66,962,595,5.2,33.4044,26.1335
1998,2,8,13,0,9.200000000000001,66,962,594,5.2,33.3332,26.0767
1998,2,8,13,30,9.200000000000001,65,956,577,5.2,32.2266,25.2004
1998,2,8,14,0,9.3,64,945,545,5.1000000000000005,30.1543,23.5596
1998,2,8,14,30,8.9,62,926,499,4.7,27.2037,21.2237
1998,2,8,15,0,8.5,60,898,440,4.2,23.4828,18.2796
1998,2,8,15,30,6.9,56,860,370,3.4000000000000004,19.1822,14.8798
1998,2,8,16,0,5.2,51,802,290,2.6,14.4874,11.1773
1998,2,8,16,30,3.3000000000000003,44,714,203,2.6,9.7631,7.4736
1998,2,8,17,0,1.5,35,571,116,2.6,0.0000,0.0000
1998,2,8,17,30,1.2000000000000002,19,342,38,2.8000000000000003,0.0000,0.0000
1998,2,8,18,0,0.9,0,0,0,3.1,0.0000,0.0000
1998,2,8,18,30,0.8,0,0,0,3.3000000000000003,0.0000,0.0000
1998,2,8,19,0,0.8,0,0,0,3.5,0.0000,0.0000
1998,2,8,19,30,0.7000000000000001,0,0,0,3.6,0.0000,0.0000
1998,2,8,20,0,0.6000000000000001,0,0,0,3.8000000000000003,0.0000,0.0000
1998,2,8,20,30,0.4,0,0,0,3.8000000000000003,0.0000,0.0000
1998,2,8,21,0,0.30000000000000004,0,0,0,3.8000000000000003,0.0000,0.0000
1998,2,8,21,30,0.1,0,0,0,3.8000000000000003,0.0000,0.0000
1998,2,8,22,0,-0.1,0,0,0,3.9000000000000004,0.0000,0.0000
1998,2,8,22,30,-0.1,0,0,0,4,0.0000,0.0000
1998,2,8,23,0,-0.2,0,0,0,4.1000000000000005,0.0000,0.0000
1998,2,8,23,30,-0.2,0,0,0,4.2,0.0000,0.0000
1998,2,9,0,0,-0.30000000000000004,0,0,0,4.4,0.0000,0.0000
1998,2,9,0,30,-0.4,0,0,0,4.4,0.0000,0.0000
1998,2,9,1,0,-0.5,0,0,0,4.4,0.0000,0.0000
1998,2,9,1,30,-0.7000000000000001,0,0,0,4.2,0.0000,0.0000
1998,2,9,2,0,-0.9,0,0,0,4,0.0000,0.0000
1998,2,9,2,30,-1,0,0,0,3.8000000000000003,0.0000,0.0000
1998,2,9,3,0,-1.2000000000000002,0,0,0,3.6,0.0000,0.0000
1998,2,9,3,30,-1.2000000000000002,0,0,0,3.5,0.0000,0.0000
1998,2,9,4,0,-1.3,0,0,0,3.4000000000000004,0.0000,0.0000
1998,2,9,4,30,-1.3,0,0,0,3.3000000000000003,0.0000,0.0000
1998,2,9,5,0,-1.4000000000000001,0,0,0,3.1,0.0000,0.0000
1998,2,9,5,30,-1.4000000000000001,0,0,0,3.1,0.0000,0.0000
1998,2,9,6,0,-1.4000000000000001,0,0,0,3.1,0.0000,0.0000
1998,2,9,6,30,-1.3,0,0,0,3.1,0.0000,0.0000
1998,2,9,7,0,-1.2000000000000002,0,0,0,3.2,0.0000,0.0000
1998,2,9,7,30,-0.6000000000000001,0,0,0,3.4000000000000004,0.0000,0.0000
1998,2,9,8,0,0,26,1,26,3.6,0.0000,0.0000
1998,2,9,8,30,1.1,65,10,66,3.7,0.0000,0.0000
1998,2,9,9,0,2.1,109,21,114,3.8000000000000003,5.5312,4.2435
1998,2,9,9,30,2.9000000000000004,162,52,179,3.7,9.0376,6.9845
1998,2,9,10,0,3.8000000000000003,183,39,198,3.6,10.3576,8.0437
1998,2,9,10,30,4.2,149,9,152,3.6,8.1692,6.3640
1998,2,9,11,0,4.6000000000000005,216,27,229,3.5,12.5517,9.7978
1998,2,9,11,30,4.6000000000000005,257,58,287,3.3000000000000003,15.9436,12.4614
1998,2,9,12,0,4.7,282,82,327,3.2,18.3176,14.3277
1998,2,9,12,30,4.7,270,60,303,3,17.0380,13.3313
1998,2,9,13,0,4.7,238,29,254,2.8000000000000003,14.2764,11.1700
1998,2,9,13,30,4.7,260,53,288,2.5,16.1114,12.6005
1998,2,9,14,0,4.7,189,11,195,2.2,10.8075,8.4452
1998,2,9,14,30,4.4,223,41,243,1.7000000000000002,13.2719,10.3563
1998,2,9,15,0,4.1000000000000005,188,26,200,1.2000000000000002,10.6959,8.3279
1998,2,9,15,30,3.4000000000000004,187,34,200,1,10.3926,8.0641
1998,2,9,16,0,2.7,132,20,138,0.9,6.9108,5.3339
1998,2,9,16,30,2.2,109,19,114,1,5.4919,4.2060
1998,2,9,17,0,1.8,66,7,67,1,0.0000,0.0000
1998,2,9,17,30,1.6,16,0,16,1,0.0000,0.0000
1998,2,9,18,0,1.5,0,0,0,1,0.0000,0.0000
1998,2,9,18,30,1.4000000000000001,0,0,0,1,0.0000,0.0000
1998,2,9,19,0,1.2000000000000002,0,0,0,1,0.0000,0.0000
1998,2,9,19,30,1,0,0,0,1,0.0000,0.0000
1998,2,9,20,0,0.9,0,0,0,1,0.0000,0.0000
1998,2,9,20,30,0.7000000000000001,0,0,0,1,0.0000,0.0000
1998,2,9,21,0,0.6000000000000001,0,0,0,1,0.0000,0.0000
1998,2,9,21,30,0.6000000000000001,0,0,0,1,0.0000,0.0000
1998,2,9,22,0,0.5,0,0,0,1,0.0000,0.0000
1998,2,9,22,30,0.4,0,0,0,1,0.0000,0.0000
1998,2,9,23,0,0.30000000000000004,0,0,0,1,0.0000,0.0000
1998,2,9,23,30,0.30000000000000004,0,0,0,1.1,0.0000,0.0000
1998,2,10,0,0,0.30000000000000004,0,0,0,1.2000000000000002,0.0000,0.0000
1998,2,10,0,30,0.30000000000000004,0,0,0,1.5,0.0000,0.0000
1998,2,10,1,0,0.30000000000000004,0,0,0,1.9000000000000001,0.0000,0.0000
1998,2,10,1,30,0.30000000000000004,0,0,0,2.2,0.0000,0.0000
1998,2,10,2,0,0.30000000000000004,0,0,0,2.5,0.0000,0.0000
1998,2,10,2,30,0.30000000000000004,0,0,0,2.8000000000000003,0.0000,0.0000
1998,2,10,3,0,0.2,0,0,0,3.1,0.0000,0.0000
1998,2,10,3,30,0.2,0,0,0,3.3000000000000003,0.0000,0.0000
1998,2,10,4,0,0.2,0,0,0,3.5,0.0000,0.0000
1998,2,10,4,30,0.2,0,0,0,3.6,0.0000,0.0000
1998,2,10,5,0,0.2,0,0,0,3.7,0.0000,0.0000
1998,2,10,5,30,0.2,0,0,0,3.9000000000000004,0.0000,0.0000
1998,2,10,6,0,0.2,0,0,0,4,0.0000,0.0000
1998,2,10,6,30,0.1,0,0,0,4.1000000000000005,0.0000,0.0000
1998,2,10,7,0,0,0,0,0,4.2,0.0000,0.0000
1998,2,10,7,30,0.2,0,0,0,4.4,0.0000,0.0000
1998,2,10,8,0,0.4,14,0,14,4.7,0.0000,0.0000
1998,2,10,8,30,0.8,26,0,26,5,0.0000,0.0000
1998,2,10,9,0,1.3,14,0,14,5.300000000000001,0.6807,0.5224
1998,2,10,9,30,2,70,2,71,5.4,3.5934,2.7780
1998,2,10,10,0,2.7,102,0,102,5.5,5.3475,4.1540
1998,2,10,10,30,3.3000000000000003,114,0,114,5.5,6.1394,4.7837
1998,2,10,11,0,4,158,0,158,5.5,8.6760,6.7737
1998,2,10,11,30,4.2,208,2,209,5.5,11.6308,9.0920
1998,2,10,12,0,4.4,259,13,267,5.5,14.9809,11.7194
1998,2,10,12,30,4.5,256,9,261,5.7,14.6993,11.5030
1998,2,10,13,0,4.6000000000000005,280,22,292,5.9,16.4388,12.8638
1998,2,10,13,30,4.5,251,10,257,6.1000000000000005,14.4008,11.2644
1998,2,10,14,0,4.4,241,12,247,6.4,13.7139,10.7182
1998,2,10,14,30,4.1000000000000005,230,20,239,6.4,13.0788,10.2076
1998,2,10,15,0,3.9000000000000004,233,27,245,6.4,13.1300,10.2254
1998,2,10,15,30,3.4000000000000004,195,17,201,5.7,10.4692,8.1260
1998,2,10,16,0,2.9000000000000004,73,0,73,5,3.6649,2.8298
1998,2,10,16,30,1.7000000000000002,48,0,48,3.9000000000000004,2.3165,1.7749
1998,2,10,17,0,0.6000000000000001,17,0,17,2.8000000000000003,0.0000,0.0000
1998,2,10,17,30,0.1,25,200,38,2.9000000000000004,0.0000,0.0000
1998,2,10,18,0,-0.4,0,0,0,3,0.0000,0.0000
1998,2,10,18,30,-0.8,0,0,0,2.9000000000000004,0.0000,0.0000
1998,2,10,19,0,-1.3,0,0,0,2.9000000000000004,0.0000,0.0000
1998,2,10,19,30,-1.6,0,0,0,2.9000000000000004,0.0000,0.0000
1998,2,10,20,0,-2,0,0,0,2.9000000000000004,0.0000,0.0000
1998,2,10,20,30,-2.3000000000000003,0,0,0,2.9000000000000004,0.0000,0.0000
1998,2,10,21,0,-2.5,0,0,0,2.8000000000000003,0.0000,0.0000
1998,2,10,21,30,-2.8000000000000003,0,0,0,2.7,0.0000,0.0000
1998,2,10,22,0,-3.1,0,0,0,2.5,0.0000,0.0000
1998,2,10,22,30,-3.2,0,0,0,2.6,0.0000,0.0000
1998,2,10,23,0,-3.3000000000000003,0,0,0,2.6,0.0000,0.0000
1998,2,10,23,30,-3.2,0,0,0,2.8000000000000003,0.0000,0.0000
1998,2,11,0,0,-3.1,0,0,0,3,0.0000,0.0000
1998,2,11,0,30,-3,0,0,0,3.3000000000000003,0.0000,0.0000
1998,2,11,1,0,-2.8000000000000003,0,0,0,3.6,0.0000,0.0000
1998,2,11,1,30,-2.7,0,0,0,3.8000000000000003,0.0000,0.0000
1998,2,11,2,0,-2.5,0,0,0,4,0.0000,0.0000
1998,2,11,2,30,-2.4000000000000004,0,0,0,4,0.0000,0.0000
1998,2,11,3,0,-2.3000000000000003,0,0,0,3.9000000000000004,0.0000,0.0000
1998,2,11,3,30,-2.2,0,0,0,3.9000000000000004,0.0000,0.0000
1998,2,11,4,0,-2,0,0,0,3.9000000000000004,0.0000,0.0000
1998,2,11,4,30,-1.9000000000000001,0,0,0,3.9000000000000004,0.0000,0.0000
1998,2,11,5,0,-1.8,0,0,0,4,0.0000,0.0000
1998,2,11,5,30,-1.7000000000000002,0,0,0,4.1000000000000005,0.0000,0.0000
1998,2,11,6,0,-1.5,0,0,0,4.3,0.0000,0.0000
1998,2,11,6,30,-1.4000000000000001,0,0,0,4.4,0.0000,0.0000
1998,2,11,7,0,-1.2000000000000002,0,0,0,4.5,0.0000,0.0000
1998,2,11,7,30,-0.8,0,0,0,5,0.0000,0.0000
1998,2,11,8,0,-0.30000000000000004,31,1,31,5.4,0.0000,0.0000
1998,2,11,8,30,0.1,65,5,66,6,0.0000,0.0000
1998,2,11,9,0,0.5,74,4,75,6.6000000000000005,3.6540,2.8059
1998,2,11,9,30,0.9,45,0,45,6.800000000000001,2.2831,1.7658
1998,2,11,10,0,1.3,108,4,109,7,5.7275,4.4504
1998,2,11,10,30,1.7000000000000002,155,10,159,7,8.5800,6.6869
1998,2,11,11,0,2.2,182,13,189,7,10.3970,8.1187
1998,2,11,11,30,2.6,190,11,195,7.1000000000000005,10.8698,8.4984
1998,2,11,12,0,3,184,13,192,7.1000000000000005,10.7905,8.4426
1998,2,11,12,30,3.3000000000000003,121,0,121,7,6.8255,5.3420
1998,2,11,13,0,3.6,138,0,138,6.9,7.7811,6.0897
1998,2,11,13,30,3.7,186,1,187,6.6000000000000005,10.4954,8.2107
1998,2,11,14,0,3.8000000000000003,127,0,127,6.4,7.0633,5.5212
1998,2,11,14,30,3.7,116,0,117,6,6.4145,5.0072
1998,2,11,15,0,3.5,62,0,62,5.6000000000000005,3.3296,2.5936
1998,2,11,15,30,2.9000000000000004,61,0,61,4.7,3.1844,2.4724
1998,2,11,16,0,2.3000000000000003,80,0,80,3.7,4.0261,3.1099
1998,2,11,16,30,0.8,105,30,112,2.9000000000000004,5.4151,4.1510
1998,2,11,17,0,-0.7000000000000001,28,0,28,2.1,0.0000,0.0000
1998,2,11,17,30,-1.2000000000000002,20,0,20,2.1,0.0000,0.0000
1998,2,11,18,0,-1.7000000000000002,0,0,0,2.2,0.0000,0.0000
1998,2,11,18,30,-1.8,0,0,0,2.3000000000000003,0.0000,0.0000
1998,2,11,19,0,-2,0,0,0,2.4000000000000004,0.0000,0.0000
1998,2,11,19,30,-2.2,0,0,0,2.4000000000000004,0.0000,0.0000
1998,2,11,20,0,-2.4000000000000004,0,0,0,2.4000000000000004,0.0000,0.0000
1998,2,11,20,30,-2.6,0,0,0,2.3000000000000003,0.0000,0.0000
1998,2,11,21,0,-2.8000000000000003,0,0,0,2.2,0.0000,0.0000
1998,2,11,21,30,-3,0,0,0,2.2,0.0000,0.0000
1998,2,11,22,0,-3.2,0,0,0,2.1,0.0000,0.0000
1998,2,11,22,30,-3.3000000000000003,0,0,0,2.1,0.0000,0.0000
1998,2,11,23,0,-3.5,0,0,0,2.1,0.0000,0.0000
1998,2,11,23,30,-3.7,0,0,0,2.1,0.0000,0.0000
1998,2,12,0,0,-3.8000000000000003,0,0,0,2,0.0000,0.0000
1998,2,12,0,30,-4,0,0,0,1.9000000000000001,0.0000,0.0000
1998,2,12,1,0,-4.1000000000000005,0,0,0,1.8,0.0000,0.0000
1998,2,12,1,30,-4.3,0,0,0,1.8,0.0000,0.0000
1998,2,12,2,0,-4.4,0,0,0,1.7000000000000002,0.0000,0.0000
1998,2,12,2,30,-4.4,0,0,0,1.7000000000000002,0.0000,0.0000
1998,2,12,3,0,-4.4,0,0,0,1.6,0.0000,0.0000
1998,2,12,3,30,-4.3,0,0,0,1.6,0.0000,0.0000
1998,2,12,4,0,-4.3,0,0,0,1.6,0.0000,0.0000
1998,2,12,4,30,-4.2,0,0,0,1.6,0.0000,0.0000
1998,2,12,5,0,-4.2,0,0,0,1.6,0.0000,0.0000
1998,2,12,5,30,-4.1000000000000005,0,0,0,1.5,0.0000,0.0000
1998,2,12,6,0,-4.1000000000000005,0,0,0,1.5,0.0000,0.0000
1998,2,12,6,30,-3.8000000000000003,0,0,0,1.6,0.0000,0.0000
1998,2,12,7,0,-3.5,0,0,0,1.7000000000000002,0.0000,0.0000
1998,2,12,7,30,-2.3000000000000003,0,0,0,2.3000000000000003,0.0000,0.0000
1998,2,12,8,0,-1.2000000000000002,29,0,29,3,0.0000,0.0000
1998,2,12,8,30,0.1,91,10,92,2.9000000000000004,4.3863,3.3429
1998,2,12,9,0,1.3,150,88,173,2.8000000000000003,8.4472,6.4897
1998,2,12,9,30,2.7,129,491,291,2.9000000000000004,14.8008,11.4510
1998,2,12,10,0,4.1000000000000005,224,214,308,3,16.2203,12.6069
1998,2,12,10,30,5.1000000000000005,234,330,384,3.2,20.7641,16.1861
1998,2,12,11,0,6,250,376,438,3.4000000000000004,24.1389,18.8527
1998,2,12,11,30,6.9,139,753,541,3.6,30.2080,23.6214
1998,2,12,12,0,7.7,158,656,524,3.8000000000000003,29.4955,23.0807
1998,2,12,12,30,8.3,285,399,511,3.9000000000000004,28.8701,22.5985
1998,2,12,13,0,8.9,269,454,527,4.1000000000000005,29.7614,23.2953
1998,2,12,13,30,9.1,150,760,571,4.1000000000000005,32.1001,25.1160
1998,2,12,14,0,9.3,220,591,532,4.2,29.6392,23.1719
1998,2,12,14,30,9.1,54,954,521,3.9000000000000004,28.6158,22.3418
1998,2,12,15,0,8.8,50,931,462,3.7,24.8616,19.3703
1998,2,12,15,30,7.2,47,896,391,2.8000000000000003,20.4587,15.8886
1998,2,12,16,0,5.6000000000000005,42,857,313,1.9000000000000001,15.7900,12.2013
1998,2,12,16,30,3.2,37,785,225,1.9000000000000001,10.8995,8.3590
1998,2,12,17,0,0.8,29,676,136,1.9000000000000001,0.0000,0.0000
1998,2,12,17,30,0.1,19,483,53,2.1,0.0000,0.0000
1998,2,12,18,0,-0.5,0,0,0,2.2,0.0000,0.0000
1998,2,12,18,30,-0.6000000000000001,0,0,0,2.4000000000000004,0.0000,0.0000
1998,2,12,19,0,-0.7000000000000001,0,0,0,2.5,0.0000,0.0000
1998,2,12,19,30,-0.7000000000000001,0,0,0,2.7,0.0000,0.0000
1998,2,12,20,0,-0.7000000000000001,0,0,0,2.8000000000000003,0.0000,0.0000
1998,2,12,20,30,-0.6000000000000001,0,0,0,3,0.0000,0.0000
1998,2,12,21,0,-0.5,0,0,0,3.2,0.0000,0.0000
1998,2,12,21,30,-0.6000000000000001,0,0,0,3.3000000000000003,0.0000,0.0000
1998,2,12,22,0,-0.7000000000000001,0,0,0,3.3000000000000003,0.0000,0.0000
1998,2,12,22,30,-0.9,0,0,0,3.3000000000000003,0.0000,0.0000
1998,2,12,23,0,-1,0,0,0,3.3000000000000003,0.0000,0.0000
1998,2,12,23,30,-1.2000000000000002,0,0,0,3.2,0.0000,0.0000
1998,2,13,0,0,-1.3,0,0,0,3.2,0.0000,0.0000
1998,2,13,0,30,-1.7000000000000002,0,0,0,2.9000000000000004,0.0000,0.0000
1998,2,13,1,0,-2,0,0,0,2.7,0.0000,0.0000
1998,2,13,1,30,-2.3000000000000003,0,0,0,2.4000000000000004,0.0000,0.0000
1998,2,13,2,0,-2.6,0,0,0,2.2,0.0000,0.0000
1998,2,13,2,30,-2.5,0,0,0,2,0.0000,0.0000
1998,2,13,3,0,-2.4000000000000004,0,0,0,1.8,0.0000,0.0000
1998,2,13,3,30,-2.2,0,0,0,1.6,0.0000,0.0000
1998,2,13,4,0,-1.9000000000000001,0,0,0,1.4000000000000001,0.0000,0.0000
1998,2,13,4,30,-1.7000000000000002,0,0,0,1.3,0.0000,0.0000
1998,2,13,5,0,-1.5,0,0,0,1.1,0.0000,0.0000
1998,2,13,5,30,-1.6,0,0,0,1,0.0000,0.0000
1998,2,13,6,0,-1.6,0,0,0,1,0.0000,0.0000
1998,2,13,6,30,-1.5,0,0,0,1.1,0.0000,0.0000
1998,2,13,7,0,-1.5,0,0,0,1.2000000000000002,0.0000,0.0000
1998,2,13,7,30,-0.5,0,0,0,2,0.0000,0.0000
1998,2,13,8,0,0.5,30,0,30,2.8000000000000003,0.0000,0.0000
1998,2,13,8,30,1.6,16,0,16,3.2,0.7626,0.5814
1998,2,13,9,0,2.6,45,761,243,3.6,11.8921,9.1406
1998,2,13,9,30,3.7,51,829,329,3.9000000000000004,16.7746,12.9827
1998,2,13,10,0,4.800000000000001,55,878,407,4.3,21.4831,16.7018
1998,2,13,10,30,5.5,58,911,475,4.3,25.7366,20.0665
1998,2,13,11,0,6.300000000000001,60,942,535,4.4,29.5399,23.0750
1998,2,13,11,30,6.7,62,958,578,4.2,32.3280,25.2829
1998,2,13,12,0,7.1000000000000005,289,29,306,4,17.2528,13.5025
1998,2,13,12,30,7.300000000000001,238,2,239,3.7,13.5243,10.5878
1998,2,13,13,0,7.5,227,1,227,3.5,12.8399,10.0516
1998,2,13,13,30,7.5,236,3,238,3.4000000000000004,13.4014,10.4871
1998,2,13,14,0,7.5,209,1,210,3.3000000000000003,11.7190,9.1633
1998,2,13,14,30,7.2,219,6,222,3.3000000000000003,12.2160,9.5394
1998,2,13,15,0,6.800000000000001,232,26,243,3.3000000000000003,13.1038,10.2118
1998,2,13,15,30,5.9,225,48,243,2.9000000000000004,12.7438,9.8999
1998,2,13,16,0,4.9,141,6,143,2.5,7.2320,5.5905
1998,2,13,16,30,2.5,58,0,58,2.1,2.8155,2.1603
1998,2,13,17,0,0.1,24,0,24,1.6,0.0000,0.0000
1998,2,13,17,30,-1,22,446,55,1.7000000000000002,0.0000,0.0000
1998,2,13,18,0,-2.2,0,0,0,1.7000000000000002,0.0000,0.0000
1998,2,13,18,30,-2.7,0,0,0,1.8,0.0000,0.0000
1998,2,13,19,0,-3.2,0,0,0,1.8,0.0000,0.0000
1998,2,13,19,30,-3.6,0,0,0,1.8,0.0000,0.0000
1998,2,13,20,0,-4,0,0,0,1.8,0.0000,0.0000
1998,2,13,20,30,-4.3,0,0,0,1.8,0.0000,0.0000
1998,2,13,21,0,-4.6000000000000005,0,0,0,1.7000000000000002,0.0000,0.0000
1998,2,13,21,30,-4.9,0,0,0,1.7000000000000002,0.0000,0.0000
1998,2,13,22,0,-5.1000000000000005,0,0,0,1.6,0.0000,0.0000
1998,2,13,22,30,-5.300000000000001,0,0,0,1.5,0.0000,0.0000
1998,2,13,23,0,-5.5,0,0,0,1.5,0.0000,0.0000
1998,2,13,23,30,-5.6000000000000005,0,0,0,1.5,0.0000,0.0000
1998,2,14,0,0,-5.7,0,0,0,1.5,0.0000,0.0000
1998,2,14,0,30,-5.800000000000001,0,0,0,1.5,0.0000,0.0000
1998,2,14,1,0,-5.800000000000001,0,0,0,1.6,0.0000,0.0000
1998,2,14,1,30,-5.800000000000001,0,0,0,1.8,0.0000,0.0000
1998,2,14,2,0,-5.7,0,0,0,2,0.0000,0.0000
1998,2,14,2,30,-5.6000000000000005,0,0,0,2.1,0.0000,0.0000
1998,2,14,3,0,-5.6000000000000005,0,0,0,2.3000000000000003,0.0000,0.0000
1998,2,14,3,30,-5.5,0,0,0,2.3000000000000003,0.0000,0.0000
1998,2,14,4,0,-5.5,0,0,0,2.4000000000000004,0.0000,0.0000
1998,2,14,4,30,-5.5,0,0,0,2.6,0.0000,0.0000
1998,2,14,5,0,-5.4,0,0,0,2.7,0.0000,0.0000
1998,2,14,5,30,-5.2,0,0,0,2.9000000000000004,0.0000,0.0000
1998,2,14,6,0,-5,0,0,0,3.1,0.0000,0.0000
1998,2,14,6,30,-4.800000000000001,0,0,0,3.3000000000000003,0.0000,0.0000
1998,2,14,7,0,-4.6000000000000005,0,0,0,3.5,0.0000,0.0000
1998,2,14,7,30,-4,0,0,0,3.7,0.0000,0.0000
1998,2,14,8,0,-3.5,10,0,10,3.9000000000000004,0.0000,0.0000
1998,2,14,8,30,-2.6,31,0,31,4.2,1.4776,1.1268
1998,2,14,9,0,-1.7000000000000002,84,1,84,4.6000000000000005,4.1203,3.1684
1998,2,14,9,30,-0.9,34,0,34,4.9,1.7379,1.3456
1998,2,14,10,0,0,41,0,41,5.2,2.1691,1.6868
1998,2,14,10,30,0.9,151,15,158,5.5,8.5779,6.6894
1998,2,14,11,0,1.9000000000000001,140,4,142,5.800000000000001,7.8545,6.1365
1998,2,14,11,30,2.8000000000000003,159,5,161,6.1000000000000005,9.0201,7.0555
1998,2,14,12,0,3.7,118,0,118,6.4,6.6635,5.2158
1998,2,14,12,30,4.5,174,9,179,6.6000000000000005,10.1449,7.9432
1998,2,14,13,0,5.2,232,22,245,6.7,13.8798,10.8671
1998,2,14,13,30,5.6000000000000005,197,12,204,6.6000000000000005,11.5052,9.0045
1998,2,14,14,0,5.9,208,20,219,6.4,12.2425,9.5741
1998,2,14,14,30,5.7,181,12,187,5.9,10.3089,8.0516
1998,2,14,15,0,5.6000000000000005,193,26,205,5.4,11.0767,8.6339
1998,2,14,15,30,4.800000000000001,115,5,117,4.7,6.1498,4.7787
1998,2,14,16,0,4.1000000000000005,62,1,62,4.1000000000000005,3.1431,2.4305
1998,2,14,16,30,3.4000000000000004,10,0,10,3.9000000000000004,0.4864,0.3734
1998,2,14,17,0,2.7,81,22,85,3.8000000000000003,0.0000,0.0000
1998,2,14,17,30,2.2,13,0,13,3.7,0.0000,0.0000
1998,2,14,18,0,1.7000000000000002,0,0,0,3.6,0.0000,0.0000
1998,2,14,18,30,1.5,0,0,0,3.6,0.0000,0.0000
1998,2,14,19,0,1.4000000000000001,0,0,0,3.6,0.0000,0.0000
1998,2,14,19,30,1.5,0,0,0,3.8000000000000003,0.0000,0.0000
1998,2,14,20,0,1.5,0,0,0,4,0.0000,0.0000
1998,2,14,20,30,1.5,0,0,0,4.2,0.0000,0.0000
1998,2,14,21,0,1.5,0,0,0,4.4,0.0000,0.0000
1998,2,14,21,30,1.4000000000000001,0,0,0,4.3,0.0000,0.0000
1998,2,14,22,0,1.3,0,0,0,4.1000000000000005,0.0000,0.0000
1998,2,14,22,30,1.7000000000000002,0,0,0,4.6000000000000005,0.0000,0.0000
1998,2,14,23,0,2.1,0,0,0,5.1000000000000005,0.0000,0.0000
1998,2,14,23,30,2.3000000000000003,0,0,0,5,0.0000,0.0000
1998,2,15,0,0,2.5,0,0,0,4.800000000000001,0.0000,0.0000
1998,2,15,0,30,2.5,0,0,0,4.4,0.0000,0.0000
1998,2,15,1,0,2.4000000000000004,0,0,0,4,0.0000,0.0000
1998,2,15,1,30,2.3000000000000003,0,0,0,3.7,0.0000,0.0000
1998,2,15,2,0,2.3000000000000003,0,0,0,3.4000000000000004,0.0000,0.0000
1998,2,15,2,30,2.3000000000000003,0,0,0,3.4000000000000004,0.0000,0.0000
1998,2,15,3,0,2.3000000000000003,0,0,0,3.5,0.0000,0.0000
1998,2,15,3,30,2.2,0,0,0,3.5,0.0000,0.0000
1998,2,15,4,0,2.2,0,0,0,3.5,0.0000,0.0000
1998,2,15,4,30,2.2,0,0,0,3.6,0.0000,0.0000
1998,2,15,5,0,2.1,0,0,0,3.6,0.0000,0.0000
1998,2,15,5,30,2.2,0,0,0,3.7,0.0000,0.0000
1998,2,15,6,0,2.2,0,0,0,3.8000000000000003,0.0000,0.0000
1998,2,15,6,30,2.4000000000000004,0,0,0,4.2,0.0000,0.0000
1998,2,15,7,0,2.7,0,0,0,4.6000000000000005,0.0000,0.0000
1998,2,15,7,30,3.1,0,0,0,4.800000000000001,0.0000,0.0000
1998,2,15,8,0,3.4000000000000004,13,0,13,4.9,0.0000,0.0000
1998,2,15,8,30,3.9000000000000004,32,0,32,5,1.5256,1.1638
1998,2,15,9,0,4.4,51,0,51,5,2.5077,1.9293
1998,2,15,9,30,5,73,0,73,5.300000000000001,3.7408,2.8973
1998,2,15,10,0,5.6000000000000005,83,0,83,5.6000000000000005,4.4012,3.4235
1998,2,15,10,30,6.5,115,0,115,5.9,6.2561,4.8798
1998,2,15,11,0,7.300000000000001,179,1,180,6.2,9.9745,7.7942
1998,2,15,11,30,8.5,129,0,129,6.6000000000000005,7.2394,5.6634
1998,2,15,12,0,9.600000000000001,70,0,70,7.1000000000000005,3.9593,3.0995
1998,2,15,12,30,10.600000000000001,246,3,248,7.300000000000001,14.0771,11.0235
1998,2,15,13,0,11.600000000000001,324,280,487,7.6000000000000005,27.6322,21.6374
1998,2,15,13,30,12,333,201,447,7.5,25.2495,19.7641
1998,2,15,14,0,12.4,233,5,236,7.5,13.2146,10.3359
1998,2,15,14,30,12.3,125,0,125,7.1000000000000005,6.9034,5.3927
1998,2,15,15,0,12.200000000000001,92,0,92,6.7,4.9808,3.8831
1998,2,15,15,30,11.600000000000001,86,2,87,6.300000000000001,4.5832,3.5623
1998,2,15,16,0,11,115,10,118,5.800000000000001,5.9968,4.6390
1998,2,15,16,30,10.100000000000001,50,1,50,6,2.4372,1.8718
1998,2,15,17,0,9.200000000000001,77,8,78,6.1000000000000005,0.0000,0.0000
1998,2,15,17,30,8.3,23,0,23,6.2,0.0000,0.0000
1998,2,15,18,0,7.4,0,0,0,6.4,0.0000,0.0000
1998,2,15,18,30,6.6000000000000005,0,0,0,6.2,0.0000,0.0000
1998,2,15,19,0,5.800000000000001,0,0,0,6.1000000000000005,0.0000,0.0000
1998,2,15,19,30,5.4,0,0,0,5.7,0.0000,0.0000
1998,2,15,20,0,5,0,0,0,5.4,0.0000,0.0000
1998,2,15,20,30,4.9,0,0,0,5.2,0.0000,0.0000
1998,2,15,21,0,4.800000000000001,0,0,0,5,0.0000,0.0000
1998,2,15,21,30,4.6000000000000005,0,0,0,4.9,0.0000,0.0000
1998,2,15,22,0,4.5,0,0,0,4.9,0.0000,0.0000
1998,2,15,22,30,4.4,0,0,0,4.800000000000001,0.0000,0.0000
1998,2,15,23,0,4.2,0,0,0,4.7,0.0000,0.0000
1998,2,15,23,30,4,0,0,0,4.6000000000000005,0.0000,0.0000
1998,2,16,0,0,3.7,0,0,0,4.5,0.0000,0.0000
1998,2,16,0,30,3.5,0,0,0,4.5,0.0000,0.0000
1998,2,16,1,0,3.2,0,0,0,4.5,0.0000,0.0000
1998,2,16,1,30,3,0,0,0,4.3,0.0000,0.0000
1998,2,16,2,0,2.7,0,0,0,4.2,0.0000,0.0000
1998,2,16,2,30,2.4000000000000004,0,0,0,3.8000000000000003,0.0000,0.0000
1998,2,16,3,0,2.2,0,0,0,3.4000000000000004,0.0000,0.0000
1998,2,16,3,30,2,0,0,0,3.3000000000000003,0.0000,0.0000
1998,2,16,4,0,1.9000000000000001,0,0,0,3.2,0.0000,0.0000
1998,2,16,4,30,1.7000000000000002,0,0,0,3.3000000000000003,0.0000,0.0000
1998,2,16,5,0,1.6,0,0,0,3.3000000000000003,0.0000,0.0000
1998,2,16,5,30,1.4000000000000001,0,0,0,3.3000000000000003,0.0000,0.0000
1998,2,16,6,0,1.3,0,0,0,3.4000000000000004,0.0000,0.0000
1998,2,16,6,30,1.3,0,0,0,3.5,0.0000,0.0000
1998,2,16,7,0,1.2000000000000002,0,0,0,3.5,0.0000,0.0000
1998,2,16,7,30,1.6,2,0,2,3.8000000000000003,0.0000,0.0000
1998,2,16,8,0,2,15,0,15,4,0.0000,0.0000
1998,2,16,8,30,2.7,38,1,39,4.2,1.8603,1.4196
1998,2,16,9,0,3.4000000000000004,34,0,34,4.4,1.6760,1.2901
1998,2,16,9,30,4.2,71,2,71,4.5,3.6477,2.8262
1998,2,16,10,0,5,179,33,192,4.6000000000000005,10.2043,7.9395
1998,2,16,10,30,6,152,11,157,4.800000000000001,8.5585,6.6771
1998,2,16,11,0,7,198,21,209,5.1000000000000005,11.6028,9.0681
1998,2,16,11,30,7.800000000000001,251,57,283,5.2,15.9087,12.4474
1998,2,16,12,0,8.5,226,23,240,5.300000000000001,13.5959,10.6448
1998,2,16,12,30,8.8,253,48,282,5.300000000000001,16.0320,12.5559
1998,2,16,13,0,9,237,34,256,5.2,14.5475,11.3928
1998,2,16,13,30,8.9,249,45,274,5.1000000000000005,15.5020,12.1358
1998,2,16,14,0,8.8,176,7,181,5,10.1520,7.9416
1998,2,16,14,30,8.5,103,1,103,4.7,5.6986,4.4523
1998,2,16,15,0,8.1,161,12,167,4.4,9.0593,7.0643
1998,2,16,15,30,7.300000000000001,133,9,137,3.7,7.2331,5.6235
1998,2,16,16,0,6.5,145,22,153,3,7.7946,6.0319
1998,2,16,16,30,5.5,77,4,78,2.7,3.8102,2.9275
1998,2,16,17,0,4.5,63,4,64,2.5,3.0516,2.3255
1998,2,16,17,30,4.1000000000000005,23,0,23,2.7,0.0000,0.0000
1998,2,16,18,0,3.7,0,0,0,2.9000000000000004,0.0000,0.0000
1998,2,16,18,30,3.4000000000000004,0,0,0,3.1,0.0000,0.0000
1998,2,16,19,0,3.2,0,0,0,3.4000000000000004,0.0000,0.0000
1998,2,16,19,30,2.9000000000000004,0,0,0,3.6,0.0000,0.0000
1998,2,16,20,0,2.7,0,0,0,3.7,0.0000,0.0000
1998,2,16,20,30,2.4000000000000004,0,0,0,3.8000000000000003,0.0000,0.0000
1998,2,16,21,0,2.2,0,0,0,3.9000000000000004,0.0000,0.0000
1998,2,16,21,30,1.9000000000000001,0,0,0,3.9000000000000004,0.0000,0.0000
1998,2,16,22,0,1.7000000000000002,0,0,0,4,0.0000,0.0000
1998,2,16,22,30,1.4000000000000001,0,0,0,4,0.0000,0.0000
1998,2,16,23,0,1.1,0,0,0,3.9000000000000004,0.0000,0.0000
1998,2,16,23,30,0.9,0,0,0,3.9000000000000004,0.0000,0.0000
1998,2,17,0,0,0.6000000000000001,0,0,0,3.8000000000000003,0.0000,0.0000
1998,2,17,0,30,0.4,0,0,0,3.9000000000000004,0.0000,0.0000
1998,2,17,1,0,0.2,0,0,0,4,0.0000,0.0000
1998,2,17,1,30,0.1,0,0,0,4.1000000000000005,0.0000,0.0000
1998,2,17,2,0,0.1,0,0,0,4.2,0.0000,0.0000
1998,2,17,2,30,0.1,0,0,0,4.4,0.0000,0.0000
1998,2,17,3,0,0,0,0,0,4.6000000000000005,0.0000,0.0000
1998,2,17,3,30,-0.1,0,0,0,4.800000000000001,0.0000,0.0000
1998,2,17,4,0,-0.1,0,0,0,5,0.0000,0.0000
1998,2,17,4,30,-0.2,0,0,0,5.2,0.0000,0.0000
1998,2,17,5,0,-0.30000000000000004,0,0,0,5.300000000000001,0.0000,0.0000
1998,2,17,5,30,-0.4,0,0,0,5.300000000000001,0.0000,0.0000
1998,2,17,6,0,-0.5,0,0,0,5.2,0.0000,0.0000
1998,2,17,6,30,-0.4,0,0,0,5.1000000000000005,0.0000,0.0000
1998,2,17,7,0,-0.4,0,0,0,5,0.0000,0.0000
1998,2,17,7,30,-0.1,2,0,2,5.2,0.0000,0.0000
1998,2,17,8,0,0.30000000000000004,42,263,71,5.4,0.0000,0.0000
1998,2,17,8,30,0.8,9,0,9,5.5,0.4296,0.3280
1998,2,17,9,0,1.3,60,0,60,5.7,2.9653,2.2835
1998,2,17,9,30,1.9000000000000001,132,2,133,5.5,6.8505,5.3095
1998,2,17,10,0,2.6,85,0,85,5.300000000000001,4.5277,3.5237
1998,2,17,10,30,3.2,97,0,97,5.2,5.2982,4.1343
1998,2,17,11,0,3.8000000000000003,134,0,134,5,7.4526,5.8255
1998,2,17,11,30,4.3,85,0,85,4.800000000000001,4.7862,3.7454
1998,2,17,12,0,4.800000000000001,161,0,161,4.6000000000000005,9.1351,7.1532
1998,2,17,12,30,5.1000000000000005,120,0,120,4.5,6.8326,5.3518
1998,2,17,13,0,5.4,90,0,90,4.4,5.1222,4.0120
1998,2,17,13,30,5.6000000000000005,130,0,130,4.4,7.3665,5.7677
1998,2,17,14,0,5.7,89,1,89,4.5,4.9999,3.9118
1998,2,17,14,30,5.6000000000000005,80,0,80,4.6000000000000005,4.4338,3.4647
1998,2,17,15,0,5.5,159,1,160,4.7,8.6967,6.7829
1998,2,17,15,30,5.1000000000000005,84,0,84,4.6000000000000005,4.4449,3.4567
1998,2,17,16,0,4.800000000000001,92,627,303,4.5,15.4727,11.9777
1998,2,17,16,30,3.8000000000000003,78,540,219,3.8000000000000003,10.7223,8.2421
1998,2,17,17,0,2.9000000000000004,59,424,135,3.1,6.4349,4.9052
1998,2,17,17,30,2.1,20,0,20,3.1,0.0000,0.0000
1998,2,17,18,0,1.4000000000000001,0,0,0,3.1,0.0000,0.0000
1998,2,17,18,30,1.1,0,0,0,3.3000000000000003,0.0000,0.0000
1998,2,17,19,0,0.8,0,0,0,3.5,0.0000,0.0000
1998,2,17,19,30,0.5,0,0,0,3.4000000000000004,0.0000,0.0000
1998,2,17,20,0,0.1,0,0,0,3.3000000000000003,0.0000,0.0000
1998,2,17,20,30,0,0,0,0,3.3000000000000003,0.0000,0.0000
1998,2,17,21,0,-0.2,0,0,0,3.3000000000000003,0.0000,0.0000
1998,2,17,21,30,-0.2,0,0,0,3.4000000000000004,0.0000,0.0000
1998,2,17,22,0,-0.30000000000000004,0,0,0,3.4000000000000004,0.0000,0.0000
1998,2,17,22,30,-0.30000000000000004,0,0,0,3.5,0.0000,0.0000
1998,2,17,23,0,-0.4,0,0,0,3.5,0.0000,0.0000
1998,2,17,23,30,-0.5,0,0,0,3.6,0.0000,0.0000
1998,2,18,0,0,-0.6000000000000001,0,0,0,3.6,0.0000,0.0000
1998,2,18,0,30,-0.8,0,0,0,3.6,0.0000,0.0000
1998,2,18,1,0,-0.9,0,0,0,3.6,0.0000,0.0000
1998,2,18,1,30,-1,0,0,0,3.5,0.0000,0.0000
1998,2,18,2,0,-1.1,0,0,0,3.5,0.0000,0.0000
1998,2,18,2,30,-1.2000000000000002,0,0,0,3.5,0.0000,0.0000
1998,2,18,3,0,-1.3,0,0,0,3.4000000000000004,0.0000,0.0000
1998,2,18,3,30,-1.4000000000000001,0,0,0,3.5,0.0000,0.0000
1998,2,18,4,0,-1.4000000000000001,0,0,0,3.5,0.0000,0.0000
1998,2,18,4,30,-1.4000000000000001,0,0,0,3.6,0.0000,0.0000
1998,2,18,5,0,-1.4000000000000001,0,0,0,3.6,0.0000,0.0000
1998,2,18,5,30,-1.4000000000000001,0,0,0,3.7,0.0000,0.0000
1998,2,18,6,0,-1.4000000000000001,0,0,0,3.7,0.0000,0.0000
1998,2,18,6,30,-1.3,0,0,0,3.7,0.0000,0.0000
1998,2,18,7,0,-1.2000000000000002,0,0,0,3.8000000000000003,0.0000,0.0000
1998,2,18,7,30,-0.6000000000000001,13,58,15,4,0.0000,0.0000
1998,2,18,8,0,0.1,43,290,76,4.2,0.0000,0.0000
1998,2,18,8,30,1,57,0,57,4.4,2.7234,2.0802
1998,2,18,9,0,1.9000000000000001,82,573,245,4.7,12.1396,9.3528
1998,2,18,9,30,2.6,82,0,82,4.6000000000000005,4.2347,3.2832
1998,2,18,10,0,3.4000000000000004,161,2,162,4.6000000000000005,8.6491,6.7330
1998,2,18,10,30,4.1000000000000005,129,0,129,4.5,7.0602,5.5103
1998,2,18,11,0,4.7,147,0,147,4.3,8.1902,6.4031
1998,2,18,11,30,5.2,201,1,201,4.2,11.3371,8.8730
1998,2,18,12,0,5.7,220,1,221,4.1000000000000005,12.5591,9.8357
1998,2,18,12,30,6.1000000000000005,179,0,179,4.1000000000000005,10.2073,7.9962
1998,2,18,13,0,6.5,182,0,183,4,10.4310,8.1711
1998,2,18,13,30,6.6000000000000005,188,0,188,3.9000000000000004,10.6695,8.3549
1998,2,18,14,0,6.800000000000001,202,1,203,3.9000000000000004,11.4228,8.9382
1998,2,18,14,30,6.7,155,0,155,3.8000000000000003,8.6059,6.7260
1998,2,18,15,0,6.6000000000000005,144,0,144,3.8000000000000003,7.8423,6.1177
1998,2,18,15,30,6.2,73,0,73,3.5,3.8712,3.0113
1998,2,18,16,0,5.800000000000001,57,0,57,3.3000000000000003,2.9178,2.2595
1998,2,18,16,30,4.6000000000000005,39,0,39,2.5,1.9137,1.4717
1998,2,18,17,0,3.4000000000000004,55,487,144,1.6,6.8635,5.2335
1998,2,18,17,30,2.5,15,0,15,1.5,0.0000,0.0000
1998,2,18,18,0,1.7000000000000002,0,0,0,1.4000000000000001,0.0000,0.0000
1998,2,18,18,30,1.3,0,0,0,1.4000000000000001,0.0000,0.0000
1998,2,18,19,0,0.9,0,0,0,1.4000000000000001,0.0000,0.0000
1998,2,18,19,30,0.4,0,0,0,1.4000000000000001,0.0000,0.0000
1998,2,18,20,0,-0.1,0,0,0,1.3,0.0000,0.0000
1998,2,18,20,30,-0.5,0,0,0,1.3,0.0000,0.0000
1998,2,18,21,0,-0.9,0,0,0,1.3,0.0000,0.0000
1998,2,18,21,30,-1.3,0,0,0,1.4000000000000001,0.0000,0.0000
1998,2,18,22,0,-1.6,0,0,0,1.4000000000000001,0.0000,0.0000
1998,2,18,22,30,-1.8,0,0,0,1.4000000000000001,0.0000,0.0000
1998,2,18,23,0,-2.1,0,0,0,1.4000000000000001,0.0000,0.0000
1998,2,18,23,30,-2.2,0,0,0,1.5,0.0000,0.0000
1998,2,19,0,0,-2.2,0,0,0,1.6,0.0000,0.0000
1998,2,19,0,30,-2.3000000000000003,0,0,0,1.7000000000000002,0.0000,0.0000
1998,2,19,1,0,-2.3000000000000003,0,0,0,1.7000000000000002,0.0000,0.0000
1998,2,19,1,30,-2.2,0,0,0,1.9000000000000001,0.0000,0.0000
1998,2,19,2,0,-2.2,0,0,0,2,0.0000,0.0000
1998,2,19,2,30,-1.9000000000000001,0,0,0,2.2,0.0000,0.0000
1998,2,19,3,0,-1.6,0,0,0,2.4000000000000004,0.0000,0.0000
1998,2,19,3,30,-1.5,0,0,0,2.6,0.0000,0.0000
1998,2,19,4,0,-1.3,0,0,0,2.7,0.0000,0.0000
1998,2,19,4,30,-1.3,0,0,0,2.7,0.0000,0.0000
1998,2,19,5,0,-1.4000000000000001,0,0,0,2.7,0.0000,0.0000
1998,2,19,5,30,-1.4000000000000001,0,0,0,2.6,0.0000,0.0000
1998,2,19,6,0,-1.5,0,0,0,2.6,0.0000,0.0000
1998,2,19,6,30,-1.4000000000000001,0,0,0,2.6,0.0000,0.0000
1998,2,19,7,0,-1.3,0,0,0,2.7,0.0000,0.0000
1998,2,19,7,30,-0.6000000000000001,2,0,2,3,0.0000,0.0000
1998,2,19,8,0,0.1,12,0,12,3.3000000000000003,0.0000,0.0000
1998,2,19,8,30,1.1,27,0,27,3.6,1.2915,0.9869
1998,2,19,9,0,2.1,39,0,39,3.8000000000000003,1.9375,1.4934
1998,2,19,9,30,2.8000000000000003,60,0,60,3.9000000000000004,3.1064,2.4092
1998,2,19,10,0,3.5,59,0,59,4,3.1571,2.4583
1998,2,19,10,30,3.8000000000000003,69,0,69,4,3.7841,2.9540
1998,2,19,11,0,4.1000000000000005,80,0,80,3.9000000000000004,4.4653,3.4916
1998,2,19,11,30,4.3,130,0,130,3.9000000000000004,7.3443,5.7488
1998,2,19,12,0,4.6000000000000005,360,139,443,3.9000000000000004,25.2149,19.7497
1998,2,19,12,30,4.800000000000001,101,0,101,4,5.7682,4.5192
1998,2,19,13,0,4.9,93,0,93,4,5.3089,4.1592
1998,2,19,13,30,5,118,0,118,4,6.7072,5.2529
1998,2,19,14,0,5,109,0,109,4,6.1436,4.8080
1998,2,19,14,30,4.9,73,0,73,3.9000000000000004,4.0602,3.1738
1998,2,19,15,0,4.800000000000001,56,0,56,3.9000000000000004,3.0556,2.3842
1998,2,19,15,30,4.4,74,0,74,3.7,3.9326,3.0598
1998,2,19,16,0,4.1000000000000005,49,0,49,3.5,2.5143,1.9477
1998,2,19,16,30,2.9000000000000004,15,0,15,2.7,0.7378,0.5676
1998,2,19,17,0,1.8,13,0,13,1.9000000000000001,0.6197,0.4727
1998,2,19,17,30,1,13,0,13,1.9000000000000001,0.0000,0.0000
1998,2,19,18,0,0.2,0,0,0,1.8,0.0000,0.0000
1998,2,19,18,30,-0.1,0,0,0,2,0.0000,0.0000
1998,2,19,19,0,-0.30000000000000004,0,0,0,2.1,0.0000,0.0000
1998,2,19,19,30,-0.5,0,0,0,2.2,0.0000,0.0000
1998,2,19,20,0,-0.8,0,0,0,2.2,0.0000,0.0000
1998,2,19,20,30,-0.9,0,0,0,2.2,0.0000,0.0000
1998,2,19,21,0,-1.1,0,0,0,2.2,0.0000,0.0000
1998,2,19,21,30,-1.2000000000000002,0,0,0,2.2,0.0000,0.0000
1998,2,19,22,0,-1.3,0,0,0,2.3000000000000003,0.0000,0.0000
1998,2,19,22,30,-1.3,0,0,0,2.4000000000000004,0.0000,0.0000
1998,2,19,23,0,-1.3,0,0,0,2.5,0.0000,0.0000
1998,2,19,23,30,-1.3,0,0,0,2.6,0.0000,0.0000
1998,2,20,0,0,-1.2000000000000002,0,0,0,2.6,0.0000,0.0000
1998,2,20,0,30,-1.2000000000000002,0,0,0,2.7,0.0000,0.0000
1998,2,20,1,0,-1.2000000000000002,0,0,0,2.8000000000000003,0.0000,0.0000
1998,2,20,1,30,-1.2000000000000002,0,0,0,2.8000000000000003,0.0000,0.0000
1998,2,20,2,0,-1.2000000000000002,0,0,0,2.9000000000000004,0.0000,0.0000
1998,2,20,2,30,-1.2000000000000002,0,0,0,2.9000000000000004,0.0000,0.0000
1998,2,20,3,0,-1.3,0,0,0,3,0.0000,0.0000
1998,2,20,3,30,-1.3,0,0,0,2.9000000000000004,0.0000,0.0000
1998,2,20,4,0,-1.4000000000000001,0,0,0,2.9000000000000004,0.0000,0.0000
1998,2,20,4,30,-1.5,0,0,0,2.9000000000000004,0.0000,0.0000
1998,2,20,5,0,-1.6,0,0,0,2.9000000000000004,0.0000,0.0000
1998,2,20,5,30,-1.7000000000000002,0,0,0,2.9000000000000004,0.0000,0.0000
1998,2,20,6,0,-1.9000000000000001,0,0,0,2.9000000000000004,0.0000,0.0000
1998,2,20,6,30,-1.8,0,0,0,3.1,0.0000,0.0000
1998,2,20,7,0,-1.7000000000000002,0,0,0,3.2,0.0000,0.0000
1998,2,20,7,30,-0.9,5,0,5,3.4000000000000004,0.0000,0.0000
1998,2,20,8,0,-0.2,35,1,35,3.6,0.0000,0.0000
1998,2,20,8,30,0.9,67,1,67,3.7,3.2093,2.4536
1998,2,20,9,0,2,35,0,35,3.8000000000000003,1.7436,1.3446
1998,2,20,9,30,2.6,62,0,62,3.7,3.2184,2.4970
1998,2,20,10,0,3.1,153,1,153,3.5,8.2060,6.3912
1998,2,20,10,30,3.6,222,10,227,3.3000000000000003,12.4739,9.7395
1998,2,20,11,0,4,134,0,134,3.1,7.4928,5.8598
1998,2,20,11,30,4.4,178,0,178,3,10.0725,7.8854
1998,2,20,12,0,4.7,158,0,158,2.9000000000000004,9.0067,7.0554
1998,2,20,12,30,5,179,0,179,3,10.2378,8.0220
1998,2,20,13,0,5.2,191,0,191,3,10.9196,8.5560
1998,2,20,13,30,5.300000000000001,334,69,375,3.1,21.3472,16.7205
1998,2,20,14,0,5.4,236,3,238,3.2,13.4355,10.5161
1998,2,20,14,30,5.300000000000001,161,0,161,3.2,8.9702,7.0130
1998,2,20,15,0,5.2,137,0,137,3.2,7.4896,5.8448
1998,2,20,15,30,4.9,104,0,104,3,5.5390,4.3107
1998,2,20,16,0,4.7,96,0,96,2.8000000000000003,4.9378,3.8263
1998,2,20,16,30,3.6,82,1,83,2,4.0915,3.1493
1998,2,20,17,0,2.4000000000000004,41,0,41,1.2000000000000002,1.9553,1.4919
1998,2,20,17,30,1.6,13,0,13,1.2000000000000002,0.0000,0.0000
1998,2,20,18,0,0.7000000000000001,0,0,0,1.1,0.0000,0.0000
1998,2,20,18,30,0.4,0,0,0,1.1,0.0000,0.0000
1998,2,20,19,0,0.2,0,0,0,1.1,0.0000,0.0000
1998,2,20,19,30,0.2,0,0,0,1.1,0.0000,0.0000
1998,2,20,20,0,0.1,0,0,0,1,0.0000,0.0000
1998,2,20,20,30,0.1,0,0,0,0.9,0.0000,0.0000
1998,2,20,21,0,0.1,0,0,0,0.7000000000000001,0.0000,0.0000
1998,2,20,21,30,0,0,0,0,0.6000000000000001,0.0000,0.0000
1998,2,20,22,0,-0.1,0,0,0,0.5,0.0000,0.0000
1998,2,20,22,30,-0.30000000000000004,0,0,0,0.6000000000000001,0.0000,0.0000
1998,2,20,23,0,-0.5,0,0,0,0.7000000000000001,0.0000,0.0000
1998,2,20,23,30,-0.9,0,0,0,0.8,0.0000,0.0000
1998,2,21,0,0,-1.3,0,0,0,0.9,0.0000,0.0000
1998,2,21,0,30,-1.7000000000000002,0,0,0,1,0.0000,0.0000
1998,2,21,1,0,-2.2,0,0,0,1.1,0.0000,0.0000
1998,2,21,1,30,-2.4000000000000004,0,0,0,1.1,0.0000,0.0000
1998,2,21,2,0,-2.7,0,0,0,1.1,0.0000,0.0000
1998,2,21,2,30,-2.7,0,0,0,1.1,0.0000,0.0000
1998,2,21,3,0,-2.7,0,0,0,1.1,0.0000,0.0000
1998,2,21,3,30,-2.7,0,0,0,1.1,0.0000,0.0000
1998,2,21,4,0,-2.7,0,0,0,1.1,0.0000,0.0000
1998,2,21,4,30,-2.8000000000000003,0,0,0,1.1,0.0000,0.0000
1998,2,21,5,0,-2.9000000000000004,0,0,0,1.1,0.0000,0.0000
1998,2,21,5,30,-2.8000000000000003,0,0,0,1.1,0.0000,0.0000
1998,2,21,6,0,-2.8000000000000003,0,0,0,1.1,0.0000,0.0000
1998,2,21,6,30,-2.3000000000000003,0,0,0,1.5,0.0000,0.0000
1998,2,21,7,0,-1.7000000000000002,0,0,0,1.9000000000000001,0.0000,0.0000
1998,2,21,7,30,-0.8,12,0,12,2.4000000000000004,0.0000,0.0000
1998,2,21,8,0,0.1,34,509,100,3,0.0000,0.0000
1998,2,21,8,30,1.4000000000000001,47,660,189,3.4000000000000004,9.0669,6.9355
1998,2,21,9,0,2.7,172,94,200,3.8000000000000003,9.9904,7.7077
1998,2,21,9,30,4.1000000000000005,63,818,368,4.3,19.1515,14.8633
1998,2,21,10,0,5.5,261,85,298,4.800000000000001,16.0194,12.4797
1998,2,21,10,30,6.5,74,892,517,5.1000000000000005,28.4659,22.2300
1998,2,21,11,0,7.5,310,64,344,5.300000000000001,19.2699,15.0726
1998,2,21,11,30,8.3,329,70,369,5.4,20.9151,16.3761
1998,2,21,12,0,9,312,362,530,5.5,30.2588,23.7062
1998,2,21,12,30,9.600000000000001,359,210,488,5.5,27.9533,21.9059
1998,2,21,13,0,10.100000000000001,87,927,654,5.4,37.4437,29.3420
1998,2,21,13,30,10.4,86,921,636,5.300000000000001,36.2596,28.4043
1998,2,21,14,0,10.700000000000001,342,144,424,5.1000000000000005,23.9728,18.7663
1998,2,21,14,30,10.700000000000001,318,150,398,4.9,22.2115,17.3676
1998,2,21,15,0,10.600000000000001,269,42,289,4.7,15.8287,12.3549
1998,2,21,15,30,10,191,13,196,4.2,10.4605,8.1427
1998,2,21,16,0,9.5,94,0,94,3.7,4.8464,3.7567
1998,2,21,16,30,8.200000000000001,115,3,116,3.2,5.7313,4.4134
1998,2,21,17,0,6.800000000000001,62,468,153,2.8000000000000003,7.3006,5.5726
1998,2,21,17,30,6.2,29,0,29,3,0.0000,0.0000
1998,2,21,18,0,5.6000000000000005,2,0,2,3.2,0.0000,0.0000
1998,2,21,18,30,5.1000000000000005,0,0,0,3.4000000000000004,0.0000,0.0000
1998,2,21,19,0,4.6000000000000005,0,0,0,3.5,0.0000,0.0000
1998,2,21,19,30,4.1000000000000005,0,0,0,3.5,0.0000,0.0000
1998,2,21,20,0,3.6,0,0,0,3.5,0.0000,0.0000
1998,2,21,20,30,3.2,0,0,0,3.6,0.0000,0.0000
1998,2,21,21,0,2.7,0,0,0,3.6,0.0000,0.0000
1998,2,21,21,30,2.8000000000000003,0,0,0,3.9000000000000004,0.0000,0.0000
1998,2,21,22,0,2.9000000000000004,0,0,0,4.3,0.0000,0.0000
1998,2,21,22,30,3,0,0,0,4.5,0.0000,0.0000
1998,2,21,23,0,3.1,0,0,0,4.7,0.0000,0.0000
1998,2,21,23,30,3.2,0,0,0,4.7,0.0000,0.0000
1998,2,22,0,0,3.3000000000000003,0,0,0,4.800000000000001,0.0000,0.0000
1998,2,22,0,30,3.3000000000000003,0,0,0,4.7,0.0000,0.0000
1998,2,22,1,0,3.4000000000000004,0,0,0,4.5,0.0000,0.0000
1998,2,22,1,30,3.3000000000000003,0,0,0,4.4,0.0000,0.0000
1998,2,22,2,0,3.3000000000000003,0,0,0,4.2,0.0000,0.0000
1998,2,22,2,30,3.1,0,0,0,4.2,0.0000,0.0000
1998,2,22,3,0,3,0,0,0,4.1000000000000005,0.0000,0.0000
1998,2,22,3,30,2.7,0,0,0,4.1000000000000005,0.0000,0.0000
1998,2,22,4,0,2.5,0,0,0,4,0.0000,0.0000
1998,2,22,4,30,2.3000000000000003,0,0,0,4,0.0000,0.0000
1998,2,22,5,0,2.1,0,0,0,4,0.0000,0.0000
1998,2,22,5,30,1.9000000000000001,0,0,0,4,0.0000,0.0000
1998,2,22,6,0,1.7000000000000002,0,0,0,4,0.0000,0.0000
1998,2,22,6,30,1.6,0,0,0,4,0.0000,0.0000
1998,2,22,7,0,1.5,0,0,0,4,0.0000,0.0000
1998,2,22,7,30,1.6,19,162,26,4.2,0.0000,0.0000
1998,2,22,8,0,1.6,43,409,98,4.4,0.0000,0.0000
1998,2,22,8,30,1.9000000000000001,60,562,184,4.4,8.8425,6.7674
1998,2,22,9,0,2.2,75,653,273,4.5,13.6751,10.5553
1998,2,22,9,30,3.1,85,724,358,4.800000000000001,18.6794,14.5017
1998,2,22,10,0,3.9000000000000004,95,767,436,5.1000000000000005,23.4903,18.3042
1998,2,22,10,30,5.7,101,804,504,5.800000000000001,27.8056,21.7186
1998,2,22,11,0,7.4,105,828,559,6.5,31.3692,24.5402
1998,2,22,11,30,9.4,108,846,602,7.1000000000000005,34.1773,26.7638
1998,2,22,12,0,11.3,109,861,631,7.7,36.0808,28.2711
1998,2,22,12,30,12.3,335,60,372,7.9,21.3396,16.7249
1998,2,22,13,0,13.3,311,402,559,8,32.0514,25.1193
1998,2,22,13,30,13.5,357,186,469,7.9,26.7784,20.9797
1998,2,22,14,0,13.600000000000001,242,3,244,7.800000000000001,13.8174,10.8179
1998,2,22,14,30,13.4,224,3,226,7.5,12.6338,9.8801
1998,2,22,15,0,13.200000000000001,203,4,205,7.300000000000001,11.2493,8.7822
1998,2,22,15,30,12.5,202,16,209,6.7,11.1781,8.7033
1998,2,22,16,0,11.9,120,1,120,6.1000000000000005,6.2015,4.8085
1998,2,22,16,30,10.600000000000001,51,0,51,5.2,2.5259,1.9458
1998,2,22,17,0,9.3,41,0,41,4.3,1.9578,1.4950
1998,2,22,17,30,8.5,35,385,78,4.4,0.0000,0.0000
1998,2,22,18,0,7.6000000000000005,12,104,14,4.5,0.0000,0.0000
1998,2,22,18,30,7.5,0,0,0,4.9,0.0000,0.0000
1998,2,22,19,0,7.300000000000001,0,0,0,5.300000000000001,0.0000,0.0000
1998,2,22,19,30,7.1000000000000005,0,0,0,5.4,0.0000,0.0000
1998,2,22,20,0,6.9,0,0,0,5.5,0.0000,0.0000
1998,2,22,20,30,6.6000000000000005,0,0,0,5.4,0.0000,0.0000
1998,2,22,21,0,6.4,0,0,0,5.300000000000001,0.0000,0.0000
1998,2,22,21,30,6.1000000000000005,0,0,0,5.2,0.0000,0.0000
1998,2,22,22,0,5.9,0,0,0,5,0.0000,0.0000
1998,2,22,22,30,5.7,0,0,0,4.9,0.0000,0.0000
1998,2,22,23,0,5.6000000000000005,0,0,0,4.9,0.0000,0.0000
1998,2,22,23,30,5.4,0,0,0,4.7,0.0000,0.0000
1998,2,23,0,0,5.2,0,0,0,4.6000000000000005,0.0000,0.0000
1998,2,23,0,30,5.1000000000000005,0,0,0,4.4,0.0000,0.0000
1998,2,23,1,0,4.9,0,0,0,4.2,0.0000,0.0000
1998,2,23,1,30,4.7,0,0,0,4,0.0000,0.0000
1998,2,23,2,0,4.5,0,0,0,3.9000000000000004,0.0000,0.0000
1998,2,23,2,30,4.3,0,0,0,3.7,0.0000,0.0000
1998,2,23,3,0,4,0,0,0,3.6,0.0000,0.0000
1998,2,23,3,30,3.9000000000000004,0,0,0,3.6,0.0000,0.0000
1998,2,23,4,0,3.8000000000000003,0,0,0,3.6,0.0000,0.0000
1998,2,23,4,30,3.5,0,0,0,3.6,0.0000,0.0000
1998,2,23,5,0,3.3000000000000003,0,0,0,3.5,0.0000,0.0000
1998,2,23,5,30,3,0,0,0,3.3000000000000003,0.0000,0.0000
1998,2,23,6,0,2.6,0,0,0,3.1,0.0000,0.0000
1998,2,23,6,30,2.4000000000000004,0,0,0,3,0.0000,0.0000
1998,2,23,7,0,2.1,0,0,0,2.9000000000000004,0.0000,0.0000
1998,2,23,7,30,2.2,20,192,29,2.8000000000000003,0.0000,0.0000
1998,2,23,8,0,2.3000000000000003,41,448,103,2.7,0.0000,0.0000
1998,2,23,8,30,2.7,57,600,192,2.8000000000000003,9.2445,7.0788
1998,2,23,9,0,3.1,66,707,284,2.9000000000000004,14.2659,11.0163
1998,2,23,9,30,3.5,74,774,370,2.9000000000000004,19.3567,15.0325
1998,2,23,10,0,3.9000000000000004,79,823,450,2.9000000000000004,24.2981,18.9381
1998,2,23,10,30,4.6000000000000005,84,857,518,2.9000000000000004,28.6343,22.3700
1998,2,23,11,0,5.4,311,251,449,2.9000000000000004,25.2403,19.7486
1998,2,23,11,30,6.9,199,556,526,2.9000000000000004,29.9103,23.4255
1998,2,23,12,0,8.3,282,51,313,2.8000000000000003,17.9247,14.0466
1998,2,23,12,30,9.600000000000001,263,35,285,2.8000000000000003,16.3729,12.8338
1998,2,23,13,0,10.9,142,2,143,2.8000000000000003,8.2113,6.4361
1998,2,23,13,30,11.600000000000001,180,6,183,2.9000000000000004,10.4644,8.1994
1998,2,23,14,0,12.4,305,320,491,3,27.8479,21.8055
1998,2,23,14,30,12.600000000000001,249,463,501,3.2,28.0545,21.9430
1998,2,23,15,0,12.700000000000001,262,275,398,3.3000000000000003,21.8798,17.0842
1998,2,23,15,30,12.200000000000001,237,228,335,2.9000000000000004,17.9533,13.9817
1998,2,23,16,0,11.700000000000001,162,452,327,2.4000000000000004,16.9384,13.1378
1998,2,23,16,30,9.600000000000001,161,117,195,2,9.6801,7.4603
1998,2,23,17,0,7.6000000000000005,42,658,176,1.5,8.4119,6.4259
1998,2,23,17,30,6.2,30,501,87,1.5,0.0000,0.0000
1998,2,23,18,0,4.9,12,219,17,1.6,0.0000,0.0000
1998,2,23,18,30,4.2,0,0,0,1.6,0.0000,0.0000
1998,2,23,19,0,3.5,0,0,0,1.6,0.0000,0.0000
1998,2,23,19,30,3,0,0,0,1.6,0.0000,0.0000
1998,2,23,20,0,2.4000000000000004,0,0,0,1.5,0.0000,0.0000
1998,2,23,20,30,2,0,0,0,1.5,0.0000,0.0000
1998,2,23,21,0,1.5,0,0,0,1.5,0.0000,0.0000
1998,2,23,21,30,1.2000000000000002,0,0,0,1.6,0.0000,0.0000
1998,2,23,22,0,0.9,0,0,0,1.6,0.0000,0.0000
1998,2,23,22,30,0.6000000000000001,0,0,0,1.6,0.0000,0.0000
1998,2,23,23,0,0.30000000000000004,0,0,0,1.6,0.0000,0.0000
1998,2,23,23,30,0.1,0,0,0,1.7000000000000002,0.0000,0.0000
1998,2,24,0,0,-0.2,0,0,0,1.7000000000000002,0.0000,0.0000
1998,2,24,0,30,-0.30000000000000004,0,0,0,1.8,0.0000,0.0000
1998,2,24,1,0,-0.5,0,0,0,1.8,0.0000,0.0000
1998,2,24,1,30,-0.7000000000000001,0,0,0,1.9000000000000001,0.0000,0.0000
1998,2,24,2,0,-0.8,0,0,0,1.9000000000000001,0.0000,0.0000
1998,2,24,2,30,-1,0,0,0,1.9000000000000001,0.0000,0.0000
1998,2,24,3,0,-1.1,0,0,0,2,0.0000,0.0000
1998,2,24,3,30,-1.3,0,0,0,1.9000000000000001,0.0000,0.0000
1998,2,24,4,0,-1.5,0,0,0,1.8,0.0000,0.0000
1998,2,24,4,30,-1.7000000000000002,0,0,0,1.7000000000000002,0.0000,0.0000
1998,2,24,5,0,-1.9000000000000001,0,0,0,1.6,0.0000,0.0000
1998,2,24,5,30,-1.8,0,0,0,1.5,0.0000,0.0000
1998,2,24,6,0,-1.6,0,0,0,1.4000000000000001,0.0000,0.0000
1998,2,24,6,30,-0.7000000000000001,0,0,0,1.2000000000000002,0.0000,0.0000
1998,2,24,7,0,0.2,0,0,0,1.1,0.0000,0.0000
1998,2,24,7,30,1.9000000000000001,18,340,36,0.9,0.0000,0.0000
1998,2,24,8,0,3.5,68,4,69,0.6000000000000001,0.0000,0.0000
1998,2,24,8,30,4.5,47,692,207,0.9,9.9869,7.6515
1998,2,24,9,0,5.4,157,276,244,1.2000000000000002,12.2909,9.4953
1998,2,24,9,30,6.6000000000000005,139,487,328,1.7000000000000002,17.2030,13.3640
1998,2,24,10,0,7.7,213,265,334,2.3000000000000003,18.0751,14.0911
1998,2,24,10,30,8.8,257,186,353,3.2,19.5511,15.2767
1998,2,24,11,0,10,282,115,346,4,19.4836,15.2467
1998,2,24,11,30,10.4,122,1,123,4.3,7.0052,5.4872
1998,2,24,12,0,10.8,282,89,337,4.6000000000000005,19.3272,15.1474
1998,2,24,12,30,11.200000000000001,282,378,519,4.800000000000001,29.8589,23.4073
1998,2,24,13,0,11.600000000000001,215,520,541,5,31.1089,24.3863
1998,2,24,13,30,12.100000000000001,310,382,544,5.300000000000001,31.1522,24.4122
1998,2,24,14,0,12.5,219,494,508,5.5,28.8561,22.5978
1998,2,24,14,30,12.600000000000001,267,161,355,5.7,19.9113,15.5760
1998,2,24,15,0,12.8,216,297,363,5.800000000000001,19.9914,15.6124
1998,2,24,15,30,12.4,204,286,329,5.6000000000000005,17.6683,13.7628
1998,2,24,16,0,12,196,184,263,5.4,13.6547,10.5941
1998,2,24,16,30,10.600000000000001,161,138,201,5.2,10.0021,7.7117
1998,2,24,17,0,9.3,111,136,139,5,6.6505,5.0824
1998,2,24,17,30,8.700000000000001,61,18,63,5.5,0.0000,0.0000
1998,2,24,18,0,8.1,8,0,8,5.9,0.0000,0.0000
1998,2,24,18,30,7.9,0,0,0,6.300000000000001,0.0000,0.0000
1998,2,24,19,0,7.7,0,0,0,6.6000000000000005,0.0000,0.0000
1998,2,24,19,30,7.6000000000000005,0,0,0,6.800000000000001,0.0000,0.0000
1998,2,24,20,0,7.4,0,0,0,7,0.0000,0.0000
1998,2,24,20,30,7.300000000000001,0,0,0,7.2,0.0000,0.0000
1998,2,24,21,0,7.2,0,0,0,7.4,0.0000,0.0000
1998,2,24,21,30,7.300000000000001,0,0,0,7.6000000000000005,0.0000,0.0000
1998,2,24,22,0,7.4,0,0,0,7.9,0.0000,0.0000
1998,2,24,22,30,7.4,0,0,0,7.9,0.0000,0.0000
1998,2,24,23,0,7.5,0,0,0,8,0.0000,0.0000
1998,2,24,23,30,7.5,0,0,0,7.9,0.0000,0.0000
1998,2,25,0,0,7.5,0,0,0,7.9,0.0000,0.0000
1998,2,25,0,30,7.2,0,0,0,7.6000000000000005,0.0000,0.0000
1998,2,25,1,0,7,0,0,0,7.4,0.0000,0.0000
1998,2,25,1,30,6.9,0,0,0,7.4,0.0000,0.0000
1998,2,25,2,0,6.9,0,0,0,7.5,0.0000,0.0000
1998,2,25,2,30,6.9,0,0,0,7.5,0.0000,0.0000
1998,2,25,3,0,7,0,0,0,7.6000000000000005,0.0000,0.0000
1998,2,25,3,30,7.2,0,0,0,7.7,0.0000,0.0000
1998,2,25,4,0,7.4,0,0,0,7.9,0.0000,0.0000
1998,2,25,4,30,7.7,0,0,0,8.1,0.0000,0.0000
1998,2,25,5,0,8,0,0,0,8.3,0.0000,0.0000
1998,2,25,5,30,8.3,0,0,0,8.6,0.0000,0.0000
1998,2,25,6,0,8.700000000000001,0,0,0,8.9,0.0000,0.0000
1998,2,25,6,30,9.200000000000001,0,0,0,9.4,0.0000,0.0000
1998,2,25,7,0,9.700000000000001,0,0,0,9.9,0.0000,0.0000
1998,2,25,7,30,10.100000000000001,13,0,13,9.700000000000001,0.0000,0.0000
1998,2,25,8,0,10.4,37,1,37,9.600000000000001,0.0000,0.0000
1998,2,25,8,30,10.8,60,2,60,9.3,2.9010,2.2238
1998,2,25,9,0,11.100000000000001,72,2,72,9,3.6372,2.8112
1998,2,25,9,30,11.8,45,0,45,9.3,2.3663,1.8388
1998,2,25,10,0,12.4,15,0,15,9.600000000000001,0.8135,0.6344
1998,2,25,10,30,13.5,51,0,51,10.100000000000001,2.8300,2.2117
1998,2,25,11,0,14.700000000000001,226,30,242,10.5,13.6509,10.6840
1998,2,25,11,30,15.700000000000001,357,105,420,10.9,23.9583,18.7689
1998,2,25,12,0,16.7,291,11,298,11.3,17.1163,13.4163
1998,2,25,12,30,17.400000000000002,355,77,404,11.600000000000001,23.2757,18.2486
1998,2,25,13,0,18.1,236,1,236,11.9,13.5900,10.6544
1998,2,25,13,30,18.400000000000002,80,935,657,12.100000000000001,37.6779,29.5295
1998,2,25,14,0,18.6,336,229,471,12.200000000000001,26.7946,20.9860
1998,2,25,14,30,18.400000000000002,128,0,128,12.100000000000001,7.1908,5.6260
1998,2,25,15,0,18.3,247,364,430,12,23.7244,18.5309
1998,2,25,15,30,17.7,218,345,371,11.5,19.9646,15.5549
1998,2,25,16,0,17.1,202,28,213,10.9,11.0840,8.6021
1998,2,25,16,30,15.9,49,784,280,10,13.9657,10.7720
1998,2,25,17,0,14.700000000000001,88,14,91,9.1,4.3591,3.3327
1998,2,25,17,30,13.3,29,547,96,8.1,0.0000,0.0000
1998,2,25,18,0,11.8,12,1,12,7.1000000000000005,0.0000,0.0000
1998,2,25,18,30,10.600000000000001,0,0,0,6.300000000000001,0.0000,0.0000
1998,2,25,19,0,9.4,0,0,0,5.5,0.0000,0.0000
1998,2,25,19,30,8.4,0,0,0,5.2,0.0000,0.0000
1998,2,25,20,0,7.4,0,0,0,5,0.0000,0.0000
1998,2,25,20,30,6.6000000000000005,0,0,0,5,0.0000,0.0000
1998,2,25,21,0,5.9,0,0,0,4.9,0.0000,0.0000
1998,2,25,21,30,5.2,0,0,0,4.800000000000001,0.0000,0.0000
1998,2,25,22,0,4.6000000000000005,0,0,0,4.7,0.0000,0.0000
1998,2,25,22,30,4,0,0,0,4.5,0.0000,0.0000
1998,2,25,23,0,3.4000000000000004,0,0,0,4.3,0.0000,0.0000
1998,2,25,23,30,2.8000000000000003,0,0,0,4.2,0.0000,0.0000
1998,2,26,0,0,2.3000000000000003,0,0,0,4,0.0000,0.0000
1998,2,26,0,30,1.9000000000000001,0,0,0,3.8000000000000003,0.0000,0.0000
1998,2,26,1,0,1.5,0,0,0,3.6,0.0000,0.0000
1998,2,26,1,30,1.2000000000000002,0,0,0,3.6,0.0000,0.0000
1998,2,26,2,0,0.9,0,0,0,3.6,0.0000,0.0000
1998,2,26,2,30,0.7000000000000001,0,0,0,3.7,0.0000,0.0000
1998,2,26,3,0,0.4,0,0,0,3.8000000000000003,0.0000,0.0000
1998,2,26,3,30,0.2,0,0,0,3.8000000000000003,0.0000,0.0000
1998,2,26,4,0,0,0,0,0,3.9000000000000004,0.0000,0.0000
1998,2,26,4,30,-0.1,0,0,0,3.9000000000000004,0.0000,0.0000
1998,2,26,5,0,-0.30000000000000004,0,0,0,3.9000000000000004,0.0000,0.0000
1998,2,26,5,30,-0.4,0,0,0,3.9000000000000004,0.0000,0.0000
1998,2,26,6,0,-0.5,0,0,0,3.8000000000000003,0.0000,0.0000
1998,2,26,6,30,-0.2,0,0,0,4,0.0000,0.0000
1998,2,26,7,0,0.2,0,0,0,4.2,0.0000,0.0000
1998,2,26,7,30,1.1,30,4,30,4.6000000000000005,0.0000,0.0000
1998,2,26,8,0,2.1,76,22,80,4.9,0.0000,0.0000
1998,2,26,8,30,3.1,57,662,216,5.300000000000001,10.4676,8.0286
1998,2,26,9,0,4.1000000000000005,66,755,310,5.800000000000001,15.7052,12.1436
1998,2,26,9,30,4.7,74,817,399,5.9,21.0343,16.3505
1998,2,26,10,0,5.4,234,369,406,6,22.0694,17.2129
1998,2,26,10,30,6,269,364,459,6,25.5196,19.9475
1998,2,26,11,0,6.7,327,67,365,5.9,20.6244,16.1442
1998,2,26,11,30,7.1000000000000005,315,52,347,5.800000000000001,19.8251,15.5329
1998,2,26,12,0,7.4,289,7,294,5.800000000000001,16.9110,13.2569
1998,2,26,12,30,7.5,322,25,338,5.800000000000001,19.5011,15.2910
1998,2,26,13,0,7.6000000000000005,339,42,365,5.9,21.0478,16.5031
1998,2,26,13,30,7.5,363,88,417,6,23.9476,18.7706
1998,2,26,14,0,7.300000000000001,359,119,430,6,24.4983,19.1899
1998,2,26,14,30,7,322,70,361,6,20.3124,15.8942
1998,2,26,15,0,6.7,304,93,351,5.9,19.3994,15.1552
1998,2,26,15,30,6.2,240,31,254,5.6000000000000005,13.6951,10.6724
1998,2,26,16,0,5.6000000000000005,139,2,140,5.300000000000001,7.3018,5.6684
1998,2,26,16,30,4.800000000000001,71,0,71,4.5,3.5499,2.7392
1998,2,26,17,0,4,37,0,37,3.7,1.7748,1.3575
1998,2,26,17,30,3,30,0,30,3.1,0.0000,0.0000
1998,2,26,18,0,1.9000000000000001,3,0,3,2.6,0.0000,0.0000
1998,2,26,18,30,1.3,0,0,0,2.8000000000000003,0.0000,0.0000
1998,2,26,19,0,0.8,0,0,0,3,0.0000,0.0000
1998,2,26,19,30,0.30000000000000004,0,0,0,3.1,0.0000,0.0000
1998,2,26,20,0,-0.2,0,0,0,3.3000000000000003,0.0000,0.0000
1998,2,26,20,30,-0.7000000000000001,0,0,0,3.1,0.0000,0.0000
1998,2,26,21,0,-1.3,0,0,0,2.9000000000000004,0.0000,0.0000
1998,2,26,21,30,-1.7000000000000002,0,0,0,2.7,0.0000,0.0000
1998,2,26,22,0,-2.2,0,0,0,2.4000000000000004,0.0000,0.0000
1998,2,26,22,30,-2.1,0,0,0,2.7,0.0000,0.0000
1998,2,26,23,0,-2,0,0,0,3.1,0.0000,0.0000
1998,2,26,23,30,-1.9000000000000001,0,0,0,3.5,0.0000,0.0000
1998,2,27,0,0,-1.8,0,0,0,3.9000000000000004,0.0000,0.0000
1998,2,27,0,30,-1.9000000000000001,0,0,0,4,0.0000,0.0000
1998,2,27,1,0,-2,0,0,0,4.1000000000000005,0.0000,0.0000
1998,2,27,1,30,-2.2,0,0,0,4.2,0.0000,0.0000
1998,2,27,2,0,-2.4000000000000004,0,0,0,4.3,0.0000,0.0000
1998,2,27,2,30,-2.6,0,0,0,4.3,0.0000,0.0000
1998,2,27,3,0,-2.8000000000000003,0,0,0,4.3,0.0000,0.0000
1998,2,27,3,30,-3,0,0,0,4.3,0.0000,0.0000
1998,2,27,4,0,-3.1,0,0,0,4.2,0.0000,0.0000
1998,2,27,4,30,-3.2,0,0,0,4.3,0.0000,0.0000
1998,2,27,5,0,-3.3000000000000003,0,0,0,4.4,0.0000,0.0000
1998,2,27,5,30,-3.4000000000000004,0,0,0,4.6000000000000005,0.0000,0.0000
1998,2,27,6,0,-3.5,0,0,0,4.7,0.0000,0.0000
1998,2,27,6,30,-3.3000000000000003,0,0,0,4.9,0.0000,0.0000
1998,2,27,7,0,-3.2,0,0,0,5.1000000000000005,0.0000,0.0000
1998,2,27,7,30,-2.8000000000000003,12,0,12,5.6000000000000005,0.0000,0.0000
1998,2,27,8,0,-2.4000000000000004,23,0,23,6.2,0.0000,0.0000
1998,2,27,8,30,-2.1,47,0,47,6.300000000000001,2.2834,1.7523
1998,2,27,9,0,-1.7000000000000002,52,0,52,6.4,2.6419,2.0437
1998,2,27,9,30,-1.4000000000000001,68,0,68,6.4,3.5941,2.7946
1998,2,27,10,0,-1,155,1,155,6.4,8.4441,6.5874
1998,2,27,10,30,-0.6000000000000001,74,0,74,6.4,4.1221,3.2226
1998,2,27,11,0,-0.1,114,0,114,6.4,6.4524,5.0515
1998,2,27,11,30,0.2,174,0,174,6.4,9.9564,7.8017
1998,2,27,12,0,0.6000000000000001,170,0,170,6.4,9.7927,7.6776
1998,2,27,12,30,0.8,152,0,152,6.4,8.7817,6.8866
1998,2,27,13,0,1,118,0,118,6.4,6.8139,5.3432
1998,2,27,13,30,1,196,0,196,6.4,11.2718,8.8361
1998,2,27,14,0,1.1,150,3,152,6.4,8.6725,6.7941
1998,2,27,14,30,0.9,168,5,171,6.300000000000001,9.6371,7.5420
1998,2,27,15,0,0.7000000000000001,105,1,105,6.2,5.8135,4.5424
1998,2,27,15,30,0.30000000000000004,115,3,116,6.1000000000000005,6.2669,4.8848
1998,2,27,16,0,-0.1,72,1,72,5.9,3.7636,2.9225
1998,2,27,16,30,-0.6000000000000001,121,18,126,5.5,6.3145,4.8743
1998,2,27,17,0,-1.1,78,7,79,5.1000000000000005,3.7949,2.9039
1998,2,27,17,30,-1.6,50,4,50,4.800000000000001,0.0000,0.0000
1998,2,27,18,0,-2.1,11,0,11,4.4,0.0000,0.0000
1998,2,27,18,30,-2.3000000000000003,0,0,0,4.5,0.0000,0.0000
1998,2,27,19,0,-2.5,0,0,0,4.5,0.0000,0.0000
1998,2,27,19,30,-2.6,0,0,0,4.7,0.0000,0.0000
1998,2,27,20,0,-2.8000000000000003,0,0,0,4.9,0.0000,0.0000
1998,2,27,20,30,-2.9000000000000004,0,0,0,5,0.0000,0.0000
1998,2,27,21,0,-3,0,0,0,5.1000000000000005,0.0000,0.0000
1998,2,27,21,30,-3.1,0,0,0,5.1000000000000005,0.0000,0.0000
1998,2,27,22,0,-3.2,0,0,0,5.1000000000000005,0.0000,0.0000
1998,2,27,22,30,-3.3000000000000003,0,0,0,5.2,0.0000,0.0000
1998,2,27,23,0,-3.4000000000000004,0,0,0,5.2,0.0000,0.0000
1998,2,27,23,30,-3.4000000000000004,0,0,0,5.2,0.0000,0.0000
1998,2,28,0,0,-3.5,0,0,0,5.300000000000001,0.0000,0.0000
1998,2,28,0,30,-3.6,0,0,0,5.4,0.0000,0.0000
1998,2,28,1,0,-3.7,0,0,0,5.5,0.0000,0.0000
1998,2,28,1,30,-3.8000000000000003,0,0,0,5.7,0.0000,0.0000
1998,2,28,2,0,-3.9000000000000004,0,0,0,5.9,0.0000,0.0000
1998,2,28,2,30,-4,0,0,0,6,0.0000,0.0000
1998,2,28,3,0,-4,0,0,0,6.1000000000000005,0.0000,0.0000
1998,2,28,3,30,-4,0,0,0,6.2,0.0000,0.0000
1998,2,28,4,0,-3.9000000000000004,0,0,0,6.300000000000001,0.0000,0.0000
1998,2,28,4,30,-3.9000000000000004,0,0,0,6.5,0.0000,0.0000
1998,2,28,5,0,-3.8000000000000003,0,0,0,6.6000000000000005,0.0000,0.0000
1998,2,28,5,30,-3.8000000000000003,0,0,0,6.7,0.0000,0.0000
1998,2,28,6,0,-3.8000000000000003,0,0,0,6.9,0.0000,0.0000
1998,2,28,6,30,-3.7,0,0,0,7,0.0000,0.0000
1998,2,28,7,0,-3.6,0,0,0,7.1000000000000005,0.0000,0.0000
1998,2,28,7,30,-3.4000000000000004,16,0,16,7.5,0.0000,0.0000
1998,2,28,8,0,-3.1,50,510,133,7.800000000000001,0.0000,0.0000
1998,2,28,8,30,-2.9000000000000004,67,647,229,7.9,11.1530,8.5639
1998,2,28,9,0,-2.6,80,739,326,8.1,16.6111,12.8550
1998,2,28,9,30,-2.3000000000000003,90,801,418,8.1,22.1497,17.2278
1998,2,28,10,0,-2,100,843,501,8.200000000000001,27.3527,21.3431
1998,2,28,10,30,-1.7000000000000002,333,77,375,8.200000000000001,20.9291,16.3649
1998,2,28,11,0,-1.4000000000000001,261,1,261,8.3,14.7977,11.5865
1998,2,28,11,30,-1.2000000000000002,325,1,326,8.4,18.6828,14.6415
1998,2,28,12,0,-1,359,2,360,8.4,20.7673,16.2836
1998,2,28,12,30,-1,437,127,519,8.5,30.0265,23.5490
1998,2,28,13,0,-1,335,1,335,8.6,19.3707,15.1914
1998,2,28,13,30,-1.1,336,1,337,8.6,19.4075,15.2154
1998,2,28,14,0,-1.2000000000000002,373,8,378,8.700000000000001,21.5989,16.9228
1998,2,28,14,30,-1.5,382,42,406,8.6,22.9162,17.9365
1998,2,28,15,0,-1.7000000000000002,235,1,235,8.6,13.0332,10.1851
1998,2,28,15,30,-2,231,1,231,8.5,12.5044,9.7486
1998,2,28,16,0,-2.4000000000000004,153,0,153,8.4,8.0154,6.2259
1998,2,28,16,30,-2.7,121,0,121,8.200000000000001,6.0787,4.6941
1998,2,28,17,0,-3.1,80,0,80,8,3.8488,2.9465
1998,2,28,17,30,-3.5,40,0,40,7.7,0.0000,0.0000
1998,2,28,18,0,-3.8000000000000003,12,0,12,7.5,0.0000,0.0000
1998,2,28,18,30,-4,0,0,0,7.5,0.0000,0.0000
1998,2,28,19,0,-4.1000000000000005,0,0,0,7.4,0.0000,0.0000
1998,2,28,19,30,-4.2,0,0,0,7.5,0.0000,0.0000
1998,2,28,20,0,-4.2,0,0,0,7.5,0.0000,0.0000
1998,2,28,20,30,-4.2,0,0,0,7.5,0.0000,0.0000
1998,2,28,21,0,-4.2,0,0,0,7.6000000000000005,0.0000,0.0000
1998,2,28,21,30,-4.2,0,0,0,7.6000000000000005,0.0000,0.0000
1998,2,28,22,0,-4.2,0,0,0,7.6000000000000005,0.0000,0.0000
1998,2,28,22,30,-4.2,0,0,0,7.6000000000000005,0.0000,0.0000
1998,2,28,23,0,-4.2,0,0,0,7.6000000000000005,0.0000,0.0000
1998,2,28,23,30,-4.3,0,0,0,7.6000000000000005,0.0000,0.0000
1998,3,1,0,0,-4.3,0,0,0,7.6000000000000005,0.0000,0.0000
1998,3,1,0,30,-4.3,0,0,0,7.6000000000000005,0.0000,0.0000
1998,3,1,1,0,-4.3,0,0,0,7.5,0.0000,0.0000
1998,3,1,1,30,-4.4,0,0,0,7.5,0.0000,0.0000
1998,3,1,2,0,-4.4,0,0,0,7.4,0.0000,0.0000
1998,3,1,2,30,-4.4,0,0,0,7.4,0.0000,0.0000
1998,3,1,3,0,-4.5,0,0,0,7.300000000000001,0.0000,0.0000
1998,3,1,3,30,-4.7,0,0,0,7.2,0.0000,0.0000
1998,3,1,4,0,-4.800000000000001,0,0,0,7.1000000000000005,0.0000,0.0000
1998,3,1,4,30,-4.9,0,0,0,7,0.0000,0.0000
1998,3,1,5,0,-5,0,0,0,6.9,0.0000,0.0000
1998,3,1,5,30,-5.1000000000000005,0,0,0,6.800000000000001,0.0000,0.0000
1998,3,1,6,0,-5.1000000000000005,0,0,0,6.7,0.0000,0.0000
1998,3,1,6,30,-5.1000000000000005,0,0,0,6.7,0.0000,0.0000
1998,3,1,7,0,-5.1000000000000005,0,0,0,6.7,0.0000,0.0000
1998,3,1,7,30,-4.800000000000001,17,0,17,6.800000000000001,0.0000,0.0000
1998,3,1,8,0,-4.6000000000000005,100,20,104,6.9,0.0000,0.0000
1998,3,1,8,30,-4.2,81,0,81,6.9,3.9554,3.0389
1998,3,1,9,0,-3.8000000000000003,116,0,116,7,5.9278,4.5893
1998,3,1,9,30,-3.5,250,8,254,7,13.4933,10.4980
1998,3,1,10,0,-3.1,286,5,289,7,15.8120,12.3406
1998,3,1,10,30,-2.8000000000000003,369,35,387,7,21.6384,16.9224
1998,3,1,11,0,-2.4000000000000004,446,71,488,7,27.7138,21.7029
1998,3,1,11,30,-2,382,4,385,7.1000000000000005,22.0968,17.3191
1998,3,1,12,0,-1.6,441,20,454,7.2,26.2268,20.5666
1998,3,1,12,30,-1.4000000000000001,438,13,446,7.2,25.8382,20.2664
1998,3,1,13,0,-1.2000000000000002,365,23,380,7.300000000000001,22.0029,17.2574
1998,3,1,13,30,-1.2000000000000002,381,37,404,7.300000000000001,23.2977,18.2672
1998,3,1,14,0,-1.2000000000000002,335,1,336,7.4,19.2261,15.0654
1998,3,1,14,30,-1.3,362,9,367,7.300000000000001,20.7471,16.2410
1998,3,1,15,0,-1.3,292,2,293,7.2,16.2778,12.7227
1998,3,1,15,30,-1.5,306,23,316,7,17.1376,13.3633
1998,3,1,16,0,-1.6,182,1,182,6.800000000000001,9.5548,7.4235
1998,3,1,16,30,-1.7000000000000002,182,6,183,6.5,9.2147,7.1184
1998,3,1,17,0,-1.9000000000000001,111,9,113,6.1000000000000005,5.4453,4.1705
1998,3,1,17,30,-2.1,71,5,72,5.800000000000001,0.0000,0.0000
1998,3,1,18,0,-2.3000000000000003,8,0,8,5.4,0.0000,0.0000
1998,3,1,18,30,-2.3000000000000003,0,0,0,5.4,0.0000,0.0000
1998,3,1,19,0,-2.4000000000000004,0,0,0,5.300000000000001,0.0000,0.0000
1998,3,1,19,30,-2.4000000000000004,0,0,0,5,0.0000,0.0000
1998,3,1,20,0,-2.5,0,0,0,4.800000000000001,0.0000,0.0000
1998,3,1,20,30,-2.5,0,0,0,4.6000000000000005,0.0000,0.0000
1998,3,1,21,0,-2.5,0,0,0,4.5,0.0000,0.0000
1998,3,1,21,30,-2.6,0,0,0,4.4,0.0000,0.0000
1998,3,1,22,0,-2.6,0,0,0,4.3,0.0000,0.0000
1998,3,1,22,30,-2.7,0,0,0,4.3,0.0000,0.0000
1998,3,1,23,0,-2.8000000000000003,0,0,0,4.2,0.0000,0.0000
1998,3,1,23,30,-2.9000000000000004,0,0,0,4.1000000000000005,0.0000,0.0000
1998,3,2,0,0,-2.9000000000000004,0,0,0,4,0.0000,0.0000
1998,3,2,0,30,-3,0,0,0,3.9000000000000004,0.0000,0.0000
1998,3,2,1,0,-3,0,0,0,3.8000000000000003,0.0000,0.0000
1998,3,2,1,30,-3,0,0,0,3.9000000000000004,0.0000,0.0000
1998,3,2,2,0,-2.9000000000000004,0,0,0,3.9000000000000004,0.0000,0.0000
1998,3,2,2,30,-2.9000000000000004,0,0,0,4,0.0000,0.0000
1998,3,2,3,0,-2.8000000000000003,0,0,0,4,0.0000,0.0000
1998,3,2,3,30,-2.8000000000000003,0,0,0,4,0.0000,0.0000
1998,3,2,4,0,-2.8000000000000003,0,0,0,4,0.0000,0.0000
1998,3,2,4,30,-2.8000000000000003,0,0,0,4.1000000000000005,0.0000,0.0000
1998,3,2,5,0,-2.7,0,0,0,4.2,0.0000,0.0000
1998,3,2,5,30,-2.8000000000000003,0,0,0,4.2,0.0000,0.0000
1998,3,2,6,0,-2.8000000000000003,0,0,0,4.2,0.0000,0.0000
1998,3,2,6,30,-2.7,0,0,0,4.3,0.0000,0.0000
1998,3,2,7,0,-2.5,0,0,0,4.5,0.0000,0.0000
1998,3,2,7,30,-2,18,0,18,4.800000000000001,0.0000,0.0000
1998,3,2,8,0,-1.5,46,0,46,5.1000000000000005,0.0000,0.0000
1998,3,2,8,30,-0.8,101,480,226,5.4,11.0660,8.5065
1998,3,2,9,0,-0.1,74,0,74,5.6000000000000005,3.7924,2.9373
1998,3,2,9,30,0.5,65,0,65,5.800000000000001,3.4616,2.6939
1998,3,2,10,0,1.1,84,0,84,6,4.6058,3.5954
1998,3,2,10,30,1.6,162,0,162,6.2,9.0748,7.0981
1998,3,2,11,0,2.1,157,0,157,6.4,8.9307,6.9947
1998,3,2,11,30,2.5,244,0,244,6.6000000000000005,14.0252,10.9940
1998,3,2,12,0,3,211,0,211,6.800000000000001,12.2064,9.5731
1998,3,2,12,30,3.2,235,0,235,6.9,13.6329,10.6942
1998,3,2,13,0,3.4000000000000004,241,0,241,7,13.9727,10.9603
1998,3,2,13,30,3.5,410,19,422,7,24.3692,19.1094
1998,3,2,14,0,3.6,303,1,303,6.9,17.3626,13.6068
1998,3,2,14,30,3.5,208,0,209,6.7,11.8327,9.2639
1998,3,2,15,0,3.4000000000000004,125,0,125,6.5,6.9558,5.4375
1998,3,2,15,30,3,179,0,179,6.1000000000000005,9.7263,7.5857
1998,3,2,16,0,2.7,128,0,128,5.7,6.7345,5.2336
1998,3,2,16,30,1.9000000000000001,144,1,145,5.1000000000000005,7.3182,5.6554
1998,3,2,17,0,1.1,49,0,49,4.5,2.3653,1.8124
1998,3,2,17,30,0.2,19,0,19,4.2,0.0000,0.0000
1998,3,2,18,0,-0.6000000000000001,15,0,15,3.9000000000000004,0.0000,0.0000
1998,3,2,18,30,-1,0,0,0,4,0.0000,0.0000
1998,3,2,19,0,-1.4000000000000001,0,0,0,4.1000000000000005,0.0000,0.0000
1998,3,2,19,30,-1.7000000000000002,0,0,0,4.2,0.0000,0.0000
1998,3,2,20,0,-2,0,0,0,4.3,0.0000,0.0000
1998,3,2,20,30,-2.1,0,0,0,4.2,0.0000,0.0000
1998,3,2,21,0,-2.2,0,0,0,4.2,0.0000,0.0000
1998,3,2,21,30,-2.3000000000000003,0,0,0,4.1000000000000005,0.0000,0.0000
1998,3,2,22,0,-2.5,0,0,0,4.1000000000000005,0.0000,0.0000
1998,3,2,22,30,-2.6,0,0,0,4,0.0000,0.0000
1998,3,2,23,0,-2.8000000000000003,0,0,0,3.9000000000000004,0.0000,0.0000
1998,3,2,23,30,-3,0,0,0,3.8000000000000003,0.0000,0.0000
1998,3,3,0,0,-3.2,0,0,0,3.7,0.0000,0.0000
1998,3,3,0,30,-3.4000000000000004,0,0,0,3.7,0.0000,0.0000
1998,3,3,1,0,-3.6,0,0,0,3.7,0.0000,0.0000
1998,3,3,1,30,-3.7,0,0,0,3.8000000000000003,0.0000,0.0000
1998,3,3,2,0,-3.8000000000000003,0,0,0,3.9000000000000004,0.0000,0.0000
1998,3,3,2,30,-4,0,0,0,4,0.0000,0.0000
1998,3,3,3,0,-4.1000000000000005,0,0,0,4.1000000000000005,0.0000,0.0000
1998,3,3,3,30,-4.3,0,0,0,4.1000000000000005,0.0000,0.0000
1998,3,3,4,0,-4.4,0,0,0,4.2,0.0000,0.0000
1998,3,3,4,30,-4.6000000000000005,0,0,0,4.3,0.0000,0.0000
1998,3,3,5,0,-4.800000000000001,0,0,0,4.4,0.0000,0.0000
1998,3,3,5,30,-4.9,0,0,0,4.5,0.0000,0.0000
1998,3,3,6,0,-5.1000000000000005,0,0,0,4.7,0.0000,0.0000
1998,3,3,6,30,-5,0,0,0,4.9,0.0000,0.0000
1998,3,3,7,0,-5,0,0,0,5.1000000000000005,0.0000,0.0000
1998,3,3,7,30,-4.7,34,0,34,5.4,0.0000,0.0000
1998,3,3,8,0,-4.3,94,15,97,5.6000000000000005,4.6236,3.5245
1998,3,3,8,30,-3.8000000000000003,73,0,73,5.6000000000000005,3.5843,2.7568
1998,3,3,9,0,-3.3000000000000003,175,2,176,5.7,9.0455,7.0085
1998,3,3,9,30,-2.9000000000000004,224,3,226,5.7,12.0661,9.3929
1998,3,3,10,0,-2.4000000000000004,94,0,94,5.6000000000000005,5.1651,4.0328
1998,3,3,10,30,-2,260,1,261,5.5,14.6472,11.4586
1998,3,3,11,0,-1.5,162,0,162,5.5,9.2300,7.2300
1998,3,3,11,30,-1.2000000000000002,212,0,212,5.300000000000001,12.2037,9.5673
1998,3,3,12,0,-0.9,320,1,320,5.2,18.5373,14.5398
1998,3,3,12,30,-0.6000000000000001,392,2,394,5.1000000000000005,22.8869,17.9552
1998,3,3,13,0,-0.30000000000000004,379,2,380,5.1000000000000005,22.0608,17.3063
1998,3,3,13,30,-0.30000000000000004,389,3,391,5,22.6088,17.7308
1998,3,3,14,0,-0.30000000000000004,446,67,487,4.9,27.9443,21.9019
1998,3,3,14,30,-0.4,384,25,398,4.800000000000001,22.5671,17.6701
1998,3,3,15,0,-0.5,376,52,403,4.7,22.4631,17.5624
1998,3,3,15,30,-0.9,270,6,273,4.6000000000000005,14.8610,11.5925
1998,3,3,16,0,-1.3,158,0,158,4.5,8.3307,6.4758
1998,3,3,16,30,-1.8,112,0,112,4.3,5.6658,4.3799
1998,3,3,17,0,-2.4000000000000004,58,0,58,4,2.8045,2.1498
1998,3,3,17,30,-3,24,0,24,3.7,0.0000,0.0000
1998,3,3,18,0,-3.6,10,0,10,3.4000000000000004,0.0000,0.0000
1998,3,3,18,30,-4,0,0,0,3.3000000000000003,0.0000,0.0000
1998,3,3,19,0,-4.3,0,0,0,3.3000000000000003,0.0000,0.0000
1998,3,3,19,30,-4.7,0,0,0,3.1,0.0000,0.0000
1998,3,3,20,0,-5,0,0,0,3,0.0000,0.0000
1998,3,3,20,30,-5.300000000000001,0,0,0,2.9000000000000004,0.0000,0.0000
1998,3,3,21,0,-5.6000000000000005,0,0,0,2.7,0.0000,0.0000
1998,3,3,21,30,-5.800000000000001,0,0,0,2.6,0.0000,0.0000
1998,3,3,22,0,-6.1000000000000005,0,0,0,2.5,0.0000,0.0000
1998,3,3,22,30,-6.300000000000001,0,0,0,2.5,0.0000,0.0000
1998,3,3,23,0,-6.6000000000000005,0,0,0,2.5,0.0000,0.0000
1998,3,3,23,30,-6.9,0,0,0,2.5,0.0000,0.0000
1998,3,4,0,0,-7.2,0,0,0,2.4000000000000004,0.0000,0.0000
1998,3,4,0,30,-7.5,0,0,0,2.3000000000000003,0.0000,0.0000
1998,3,4,1,0,-7.9,0,0,0,2.1,0.0000,0.0000
1998,3,4,1,30,-8.1,0,0,0,2.1,0.0000,0.0000
1998,3,4,2,0,-8.4,0,0,0,2.2,0.0000,0.0000
1998,3,4,2,30,-8.4,0,0,0,2.3000000000000003,0.0000,0.0000
1998,3,4,3,0,-8.5,0,0,0,2.5,0.0000,0.0000
1998,3,4,3,30,-8.5,0,0,0,2.6,0.0000,0.0000
1998,3,4,4,0,-8.4,0,0,0,2.7,0.0000,0.0000
1998,3,4,4,30,-8.4,0,0,0,2.7,0.0000,0.0000
1998,3,4,5,0,-8.4,0,0,0,2.7,0.0000,0.0000
1998,3,4,5,30,-8.4,0,0,0,2.8000000000000003,0.0000,0.0000
1998,3,4,6,0,-8.4,0,0,0,2.8000000000000003,0.0000,0.0000
1998,3,4,6,30,-8,0,0,0,3,0.0000,0.0000
1998,3,4,7,0,-7.6000000000000005,0,0,0,3.3000000000000003,0.0000,0.0000
1998,3,4,7,30,-6.800000000000001,30,441,71,3.5,0.0000,0.0000
1998,3,4,8,0,-6,74,0,74,3.7,3.5272,2.6898
1998,3,4,8,30,-5.2,83,0,83,3.8000000000000003,4.0870,3.1452
1998,3,4,9,0,-4.5,129,0,129,3.8000000000000003,6.6492,5.1539
1998,3,4,9,30,-3.7,148,0,148,3.9000000000000004,7.9207,6.1676
1998,3,4,10,0,-2.9000000000000004,200,0,200,4,11.0126,8.6002
1998,3,4,10,30,-2.1,280,1,280,4,15.7424,12.3174
1998,3,4,11,0,-1.4000000000000001,234,0,234,4.1000000000000005,13.3533,10.4613
1998,3,4,11,30,-0.7000000000000001,222,0,223,3.9000000000000004,12.8560,10.0799
1998,3,4,12,0,-0.1,297,0,297,3.7,17.2285,13.5147
1998,3,4,12,30,0.4,477,30,497,3.4000000000000004,28.9083,22.6813
1998,3,4,13,0,0.8,315,0,316,3.1,18.3692,14.4117
1998,3,4,13,30,1.1,336,1,336,2.9000000000000004,19.4538,15.2580
1998,3,4,14,0,1.3,348,1,348,2.7,19.9961,15.6740
1998,3,4,14,30,1.3,330,1,330,2.7,18.7384,14.6740
1998,3,4,15,0,1.2000000000000002,326,5,329,2.7,18.3676,14.3625
1998,3,4,15,30,0.8,277,5,280,2.7,15.2704,11.9141
1998,3,4,16,0,0.5,263,17,270,2.7,14.2651,11.0915
1998,3,4,16,30,-0.2,207,13,211,2.2,10.6985,8.2733
1998,3,4,17,0,-0.9,127,2,128,1.8,6.2006,4.7554
1998,3,4,17,30,-1.5,40,0,40,1.6,0.0000,0.0000
1998,3,4,18,0,-2,12,0,12,1.4000000000000001,0.0000,0.0000
1998,3,4,18,30,-2.1,0,0,0,1.6,0.0000,0.0000
1998,3,4,19,0,-2.2,0,0,0,1.8,0.0000,0.0000
1998,3,4,19,30,-2.4000000000000004,0,0,0,1.8,0.0000,0.0000
1998,3,4,20,0,-2.5,0,0,0,1.7000000000000002,0.0000,0.0000
1998,3,4,20,30,-2.7,0,0,0,1.7000000000000002,0.0000,0.0000
1998,3,4,21,0,-2.8000000000000003,0,0,0,1.7000000000000002,0.0000,0.0000
1998,3,4,21,30,-2.8000000000000003,0,0,0,1.8,0.0000,0.0000
1998,3,4,22,0,-2.9000000000000004,0,0,0,1.8,0.0000,0.0000
1998,3,4,22,30,-2.9000000000000004,0,0,0,1.9000000000000001,0.0000,0.0000
1998,3,4,23,0,-2.9000000000000004,0,0,0,1.9000000000000001,0.0000,0.0000
1998,3,4,23,30,-2.9000000000000004,0,0,0,2,0.0000,0.0000
1998,3,5,0,0,-2.9000000000000004,0,0,0,2.1,0.0000,0.0000
1998,3,5,0,30,-2.9000000000000004,0,0,0,2.1,0.0000,0.0000
1998,3,5,1,0,-2.9000000000000004,0,0,0,2.2,0.0000,0.0000
1998,3,5,1,30,-3,0,0,0,2.2,0.0000,0.0000
1998,3,5,2,0,-3,0,0,0,2.2,0.0000,0.0000
1998,3,5,2,30,-3.1,0,0,0,2.2,0.0000,0.0000
1998,3,5,3,0,-3.1,0,0,0,2.2,0.0000,0.0000
1998,3,5,3,30,-3.2,0,0,0,2.1,0.0000,0.0000
1998,3,5,4,0,-3.3000000000000003,0,0,0,2.1,0.0000,0.0000
1998,3,5,4,30,-3.4000000000000004,0,0,0,2,0.0000,0.0000
1998,3,5,5,0,-3.5,0,0,0,1.9000000000000001,0.0000,0.0000
1998,3,5,5,30,-3.5,0,0,0,1.8,0.0000,0.0000
1998,3,5,6,0,-3.6,0,0,0,1.7000000000000002,0.0000,0.0000
1998,3,5,6,30,-3.5,0,0,0,1.7000000000000002,0.0000,0.0000
1998,3,5,7,0,-3.3000000000000003,0,0,0,1.7000000000000002,0.0000,0.0000
1998,3,5,7,30,-2.9000000000000004,20,0,20,1.6,0.0000,0.0000
1998,3,5,8,0,-2.4000000000000004,39,0,39,1.6,1.8595,1.4187
1998,3,5,8,30,-2.1,33,0,33,1.4000000000000001,1.6297,1.2548
1998,3,5,9,0,-1.8,50,0,50,1.3,2.5844,2.0039
1998,3,5,9,30,-1.6,84,0,84,1.2000000000000002,4.5066,3.5100
1998,3,5,10,0,-1.4000000000000001,65,0,65,1.1,3.5865,2.8014
1998,3,5,10,30,-1.1,78,0,78,1.1,4.3931,3.4379
1998,3,5,11,0,-0.9,179,0,179,1,10.2310,8.0162
1998,3,5,11,30,-0.7000000000000001,90,0,90,1,5.1959,4.0743
1998,3,5,12,0,-0.4,159,0,159,1,9.2358,7.2456
1998,3,5,12,30,-0.2,170,0,170,1,9.9010,7.7690
1998,3,5,13,0,0,219,0,219,0.9,12.7468,10.0016
1998,3,5,13,30,0.1,278,0,278,1,16.1168,12.6420
1998,3,5,14,0,0.30000000000000004,285,0,285,1.1,16.3978,12.8548
1998,3,5,14,30,0.30000000000000004,278,1,278,1.2000000000000002,15.8088,12.3814
1998,3,5,15,0,0.30000000000000004,142,0,142,1.2000000000000002,7.9405,6.2100
1998,3,5,15,30,0.30000000000000004,239,17,248,1.3,13.5493,10.5731
1998,3,5,16,0,0.2,155,5,157,1.3,8.3123,6.4646
1998,3,5,16,30,-0.1,23,0,23,0.9,1.1689,0.9042
1998,3,5,17,0,-0.5,45,0,45,0.6000000000000001,2.1841,1.6757
1998,3,5,17,30,-1,26,0,26,0.5,0.0000,0.0000
1998,3,5,18,0,-1.5,13,0,13,0.30000000000000004,0.0000,0.0000
1998,3,5,18,30,-1.9000000000000001,0,0,0,0.5,0.0000,0.0000
1998,3,5,19,0,-2.4000000000000004,0,0,0,0.7000000000000001,0.0000,0.0000
1998,3,5,19,30,-2.9000000000000004,0,0,0,0.8,0.0000,0.0000
1998,3,5,20,0,-3.5,0,0,0,0.9,0.0000,0.0000
1998,3,5,20,30,-3.8000000000000003,0,0,0,1,0.0000,0.0000
1998,3,5,21,0,-4.1000000000000005,0,0,0,1.1,0.0000,0.0000
1998,3,5,21,30,-4.3,0,0,0,1.2000000000000002,0.0000,0.0000
1998,3,5,22,0,-4.4,0,0,0,1.4000000000000001,0.0000,0.0000
1998,3,5,22,30,-4.5,0,0,0,1.5,0.0000,0.0000
1998,3,5,23,0,-4.7,0,0,0,1.6,0.0000,0.0000
1998,3,5,23,30,-4.9,0,0,0,1.7000000000000002,0.0000,0.0000
1998,3,6,0,0,-5,0,0,0,1.8,0.0000,0.0000
1998,3,6,0,30,-5.300000000000001,0,0,0,1.8,0.0000,0.0000
1998,3,6,1,0,-5.6000000000000005,0,0,0,1.8,0.0000,0.0000
1998,3,6,1,30,-5.9,0,0,0,1.7000000000000002,0.0000,0.0000
1998,3,6,2,0,-6.300000000000001,0,0,0,1.7000000000000002,0.0000,0.0000
1998,3,6,2,30,-6.6000000000000005,0,0,0,1.6,0.0000,0.0000
1998,3,6,3,0,-6.9,0,0,0,1.6,0.0000,0.0000
1998,3,6,3,30,-7.1000000000000005,0,0,0,1.6,0.0000,0.0000
1998,3,6,4,0,-7.300000000000001,0,0,0,1.6,0.0000,0.0000
1998,3,6,4,30,-7.4,0,0,0,1.6,0.0000,0.0000
1998,3,6,5,0,-7.5,0,0,0,1.6,0.0000,0.0000
1998,3,6,5,30,-7.7,0,0,0,1.7000000000000002,0.0000,0.0000
1998,3,6,6,0,-7.800000000000001,0,0,0,1.7000000000000002,0.0000,0.0000
1998,3,6,6,30,-7.5,0,0,0,1.9000000000000001,0.0000,0.0000
1998,3,6,7,0,-7.1000000000000005,0,0,0,2,0.0000,0.0000
1998,3,6,7,30,-6,24,0,24,1.9000000000000001,0.0000,0.0000
1998,3,6,8,0,-4.9,74,3,75,1.9000000000000001,3.5784,2.7313
1998,3,6,8,30,-3.7,61,0,61,1.8,3.0214,2.3276
1998,3,6,9,0,-2.6,151,0,152,1.7000000000000002,7.8789,6.1116
1998,3,6,9,30,-1.5,90,840,460,1.6,24.7401,19.2745
1998,3,6,10,0,-0.5,101,869,542,1.5,29.9661,23.4109
1998,3,6,10,30,0.1,108,898,615,1.4000000000000001,34.6997,27.1586
1998,3,6,11,0,0.7000000000000001,121,899,669,1.3,38.2978,30.0110
1998,3,6,11,30,0.9,353,32,373,1.1,21.5649,16.9119
1998,3,6,12,0,1.2000000000000002,330,1,331,0.9,19.2522,15.1051
1998,3,6,12,30,1.2000000000000002,327,1,327,0.8,19.0692,14.9645
1998,3,6,13,0,1.1,395,45,426,0.7000000000000001,24.8263,19.4814
1998,3,6,13,30,0.8,407,25,423,0.9,24.5538,19.2618
1998,3,6,14,0,0.4,349,21,363,1.1,20.9136,16.3966
1998,3,6,14,30,0.1,368,49,396,1.6,22.5505,17.6635
1998,3,6,15,0,-0.2,292,19,303,2.1,16.9697,13.2732
1998,3,6,15,30,-0.5,197,4,199,2.6,10.8912,8.5004
1998,3,6,16,0,-0.9,158,3,159,3,8.4350,6.5616
1998,3,6,16,30,-1.4000000000000001,106,618,312,3.3000000000000003,15.8920,12.2978
1998,3,6,17,0,-1.9000000000000001,139,14,143,3.6,6.9535,5.3374
1998,3,6,17,30,-2.3000000000000003,68,3,68,3.8000000000000003,0.0000,0.0000
1998,3,6,18,0,-2.7,20,0,20,4.1000000000000005,0.0000,0.0000
1998,3,6,18,30,-3,0,0,0,4.2,0.0000,0.0000
1998,3,6,19,0,-3.2,0,0,0,4.4,0.0000,0.0000
1998,3,6,19,30,-3.3000000000000003,0,0,0,4.4,0.0000,0.0000
1998,3,6,20,0,-3.4000000000000004,0,0,0,4.4,0.0000,0.0000
1998,3,6,20,30,-3.5,0,0,0,4.3,0.0000,0.0000
1998,3,6,21,0,-3.6,0,0,0,4.1000000000000005,0.0000,0.0000
1998,3,6,21,30,-3.6,0,0,0,4,0.0000,0.0000
1998,3,6,22,0,-3.6,0,0,0,3.9000000000000004,0.0000,0.0000
1998,3,6,22,30,-3.6,0,0,0,3.9000000000000004,0.0000,0.0000
1998,3,6,23,0,-3.5,0,0,0,3.9000000000000004,0.0000,0.0000
1998,3,6,23,30,-3.5,0,0,0,4,0.0000,0.0000
1998,3,7,0,0,-3.5,0,0,0,4.1000000000000005,0.0000,0.0000
1998,3,7,0,30,-3.4000000000000004,0,0,0,4.2,0.0000,0.0000
1998,3,7,1,0,-3.4000000000000004,0,0,0,4.3,0.0000,0.0000
1998,3,7,1,30,-3.3000000000000003,0,0,0,4.4,0.0000,0.0000
1998,3,7,2,0,-3.3000000000000003,0,0,0,4.4,0.0000,0.0000
1998,3,7,2,30,-3.4000000000000004,0,0,0,4.3,0.0000,0.0000
1998,3,7,3,0,-3.4000000000000004,0,0,0,4.2,0.0000,0.0000
1998,3,7,3,30,-3.4000000000000004,0,0,0,4.1000000000000005,0.0000,0.0000
1998,3,7,4,0,-3.5,0,0,0,4.1000000000000005,0.0000,0.0000
1998,3,7,4,30,-3.5,0,0,0,4.3,0.0000,0.0000
1998,3,7,5,0,-3.6,0,0,0,4.4,0.0000,0.0000
1998,3,7,5,30,-3.6,0,0,0,4.6000000000000005,0.0000,0.0000
1998,3,7,6,0,-3.7,0,0,0,4.800000000000001,0.0000,0.0000
1998,3,7,6,30,-3.6,0,0,0,5.1000000000000005,0.0000,0.0000
1998,3,7,7,0,-3.5,0,0,0,5.4,0.0000,0.0000
1998,3,7,7,30,-3.1,18,0,18,5.9,0.0000,0.0000
1998,3,7,8,0,-2.8000000000000003,9,0,9,6.300000000000001,0.4298,0.3282
1998,3,7,8,30,-2.2,82,0,82,6.300000000000001,4.0736,3.1399
1998,3,7,9,0,-1.7000000000000002,36,0,36,6.300000000000001,1.8715,1.4522
1998,3,7,9,30,-1.2000000000000002,52,0,52,6.2,2.8033,2.1846
1998,3,7,10,0,-0.8,56,0,56,6,3.1025,2.4243
1998,3,7,10,30,-0.6000000000000001,129,0,129,5.7,7.2912,5.7075
1998,3,7,11,0,-0.5,145,0,145,5.4,8.3135,6.5155
1998,3,7,11,30,-0.30000000000000004,166,0,167,5.300000000000001,9.6686,7.5833
1998,3,7,12,0,-0.2,151,0,151,5.2,8.7941,6.9005
1998,3,7,12,30,-0.2,227,1,228,5.4,13.3126,10.4480
1998,3,7,13,0,-0.1,170,0,170,5.6000000000000005,9.9194,7.7846
1998,3,7,13,30,-0.1,230,1,231,5.7,13.4258,10.5332
1998,3,7,14,0,-0.1,183,1,183,5.9,10.5571,8.2778
1998,3,7,14,30,-0.2,194,1,195,5.800000000000001,11.1202,8.7113
1998,3,7,15,0,-0.4,221,4,224,5.7,12.5644,9.8288
1998,3,7,15,30,-0.7000000000000001,149,1,150,5.800000000000001,8.2237,6.4195
1998,3,7,16,0,-1,130,1,131,5.9,6.9639,5.4184
1998,3,7,16,30,-1.4000000000000001,119,2,120,6,6.1262,4.7422
1998,3,7,17,0,-1.7000000000000002,99,4,100,6,4.8724,3.7416
1998,3,7,17,30,-2.1,51,1,51,6.1000000000000005,0.0000,0.0000
1998,3,7,18,0,-2.4000000000000004,14,0,14,6.2,0.0000,0.0000
1998,3,7,18,30,-2.7,0,0,0,6.4,0.0000,0.0000
1998,3,7,19,0,-2.9000000000000004,0,0,0,6.6000000000000005,0.0000,0.0000
1998,3,7,19,30,-3.1,0,0,0,6.7,0.0000,0.0000
1998,3,7,20,0,-3.2,0,0,0,6.7,0.0000,0.0000
1998,3,7,20,30,-3.3000000000000003,0,0,0,6.800000000000001,0.0000,0.0000
1998,3,7,21,0,-3.3000000000000003,0,0,0,6.9,0.0000,0.0000
1998,3,7,21,30,-3.4000000000000004,0,0,0,7.2,0.0000,0.0000
1998,3,7,22,0,-3.4000000000000004,0,0,0,7.4,0.0000,0.0000
1998,3,7,22,30,-3.5,0,0,0,7.6000000000000005,0.0000,0.0000
1998,3,7,23,0,-3.6,0,0,0,7.9,0.0000,0.0000
1998,3,7,23,30,-3.7,0,0,0,8,0.0000,0.0000
1998,3,8,0,0,-3.8000000000000003,0,0,0,8.1,0.0000,0.0000
1998,3,8,0,30,-3.9000000000000004,0,0,0,8.3,0.0000,0.0000
1998,3,8,1,0,-4,0,0,0,8.4,0.0000,0.0000
1998,3,8,1,30,-4.1000000000000005,0,0,0,8.5,0.0000,0.0000
1998,3,8,2,0,-4.2,0,0,0,8.6,0.0000,0.0000
1998,3,8,2,30,-4.4,0,0,0,8.700000000000001,0.0000,0.0000
1998,3,8,3,0,-4.5,0,0,0,8.8,0.0000,0.0000
1998,3,8,3,30,-4.7,0,0,0,9,0.0000,0.0000
1998,3,8,4,0,-4.800000000000001,0,0,0,9.200000000000001,0.0000,0.0000
1998,3,8,4,30,-4.9,0,0,0,9.3,0.0000,0.0000
1998,3,8,5,0,-5.1000000000000005,0,0,0,9.4,0.0000,0.0000
1998,3,8,5,30,-5.2,0,0,0,9.4,0.0000,0.0000
1998,3,8,6,0,-5.300000000000001,0,0,0,9.4,0.0000,0.0000
1998,3,8,6,30,-5.4,0,0,0,9.3,0.0000,0.0000
1998,3,8,7,0,-5.6000000000000005,4,0,4,9.3,0.0000,0.0000
1998,3,8,7,30,-5.5,20,0,20,9.3,0.0000,0.0000
1998,3,8,8,0,-5.5,26,0,26,9.4,1.2433,0.9500
1998,3,8,8,30,-5.300000000000001,31,0,31,9.4,1.5446,1.1912
1998,3,8,9,0,-5.2,96,1,96,9.4,5.0044,3.8847
1998,3,8,9,30,-4.9,103,0,103,9.5,5.5657,4.3383
1998,3,8,10,0,-4.6000000000000005,192,2,193,9.600000000000001,10.7140,8.3734
1998,3,8,10,30,-4.2,284,13,291,9.700000000000001,16.4759,12.8991
1998,3,8,11,0,-3.9000000000000004,264,5,267,9.8,15.3316,12.0171
1998,3,8,11,30,-3.6,320,6,324,9.9,18.7842,14.7344
1998,3,8,12,0,-3.3000000000000003,358,12,366,10,21.3435,16.7493
1998,3,8,12,30,-3.1,309,5,313,10,18.2982,14.3621
1998,3,8,13,0,-3,320,6,323,10,18.8698,14.8100
1998,3,8,13,30,-3,288,4,291,10,16.9341,13.2869
1998,3,8,14,0,-2.9000000000000004,282,5,285,10,16.4621,12.9092
1998,3,8,14,30,-2.9000000000000004,241,4,243,9.9,13.8763,10.8716
1998,3,8,15,0,-3,218,4,220,9.8,12.3586,9.6691
1998,3,8,15,30,-3.2,186,3,187,9.700000000000001,10.2703,8.0185
1998,3,8,16,0,-3.3000000000000003,142,2,143,9.5,7.6166,5.9276
1998,3,8,16,30,-3.8000000000000003,123,3,124,9.200000000000001,6.3446,4.9129
1998,3,8,17,0,-4.2,90,3,91,8.9,4.4426,3.4130
1998,3,8,17,30,-4.9,75,5,76,8.700000000000001,0.0000,0.0000
1998,3,8,18,0,-5.6000000000000005,31,1,31,8.6,0.0000,0.0000
1998,3,8,18,30,-6.2,0,0,0,8.6,0.0000,0.0000
1998,3,8,19,0,-6.9,0,0,0,8.700000000000001,0.0000,0.0000
1998,3,8,19,30,-7.4,0,0,0,8.700000000000001,0.0000,0.0000
1998,3,8,20,0,-8,0,0,0,8.700000000000001,0.0000,0.0000
1998,3,8,20,30,-8.5,0,0,0,8.6,0.0000,0.0000
1998,3,8,21,0,-8.9,0,0,0,8.5,0.0000,0.0000
1998,3,8,21,30,-9.3,0,0,0,8.3,0.0000,0.0000
1998,3,8,22,0,-9.600000000000001,0,0,0,8.200000000000001,0.0000,0.0000
1998,3,8,22,30,-9.9,0,0,0,8.1,0.0000,0.0000
1998,3,8,23,0,-10.200000000000001,0,0,0,8.1,0.0000,0.0000
1998,3,8,23,30,-10.5,0,0,0,8.1,0.0000,0.0000
1998,3,9,0,0,-10.700000000000001,0,0,0,8,0.0000,0.0000
1998,3,9,0,30,-11,0,0,0,7.9,0.0000,0.0000
1998,3,9,1,0,-11.3,0,0,0,7.7,0.0000,0.0000
1998,3,9,1,30,-11.600000000000001,0,0,0,7.6000000000000005,0.0000,0.0000
1998,3,9,2,0,-11.9,0,0,0,7.4,0.0000,0.0000
1998,3,9,2,30,-12.200000000000001,0,0,0,7.4,0.0000,0.0000
1998,3,9,3,0,-12.5,0,0,0,7.4,0.0000,0.0000
1998,3,9,3,30,-12.8,0,0,0,7.4,0.0000,0.0000
1998,3,9,4,0,-13,0,0,0,7.4,0.0000,0.0000
1998,3,9,4,30,-13.200000000000001,0,0,0,7.5,0.0000,0.0000
1998,3,9,5,0,-13.4,0,0,0,7.5,0.0000,0.0000
1998,3,9,5,30,-13.600000000000001,0,0,0,7.5,0.0000,0.0000
1998,3,9,6,0,-13.8,0,0,0,7.6000000000000005,0.0000,0.0000
1998,3,9,6,30,-13.600000000000001,0,0,0,7.7,0.0000,0.0000
1998,3,9,7,0,-13.5,14,256,20,7.800000000000001,0.0000,0.0000
1998,3,9,7,30,-12.9,34,559,100,8.200000000000001,0.0000,0.0000
1998,3,9,8,0,-12.3,50,716,201,8.5,9.6263,7.3592
1998,3,9,8,30,-11.600000000000001,62,815,305,8.6,15.2439,11.7619
1998,3,9,9,0,-11,72,880,408,8.8,21.3289,16.5625
1998,3,9,9,30,-10.5,80,926,503,8.700000000000001,27.2446,21.2415
1998,3,9,10,0,-10,85,961,588,8.700000000000001,32.7061,25.5658
1998,3,9,10,30,-9.600000000000001,91,985,662,8.700000000000001,37.5447,29.3982
1998,3,9,11,0,-9.1,94,1003,722,8.6,41.5201,32.5479
1998,3,9,11,30,-8.700000000000001,97,1014,767,8.5,44.5280,34.9314
1998,3,9,12,0,-8.4,99,1021,797,8.3,46.5359,36.5223
1998,3,9,12,30,-8.1,403,14,412,8.200000000000001,24.1151,18.9294
1998,3,9,13,0,-7.800000000000001,447,30,467,8.1,27.3148,21.4400
1998,3,9,13,30,-7.6000000000000005,450,48,482,8,28.0824,22.0361
1998,3,9,14,0,-7.5,411,32,432,7.9,24.9850,19.5946
1998,3,9,14,30,-7.6000000000000005,363,30,381,7.7,21.7866,17.0709
1998,3,9,15,0,-7.6000000000000005,279,10,284,7.6000000000000005,15.9783,12.5027
1998,3,9,15,30,-7.9,266,15,273,7.300000000000001,15.0188,11.7278
1998,3,9,16,0,-8.200000000000001,76,893,455,7.1000000000000005,24.2816,18.9012
1998,3,9,16,30,-8.700000000000001,175,13,179,6.6000000000000005,9.1784,7.1093
1998,3,9,17,0,-9.200000000000001,56,774,258,6.1000000000000005,12.6217,9.7007
1998,3,9,17,30,-9.9,94,13,96,5.6000000000000005,0.0000,0.0000
1998,3,9,18,0,-10.700000000000001,33,1,33,5,0.0000,0.0000
1998,3,9,18,30,-11.200000000000001,0,0,0,4.9,0.0000,0.0000
1998,3,9,19,0,-11.700000000000001,0,0,0,4.7,0.0000,0.0000
1998,3,9,19,30,-12,0,0,0,4.7,0.0000,0.0000
1998,3,9,20,0,-12.200000000000001,0,0,0,4.7,0.0000,0.0000
1998,3,9,20,30,-12.4,0,0,0,4.7,0.0000,0.0000
1998,3,9,21,0,-12.5,0,0,0,4.6000000000000005,0.0000,0.0000
1998,3,9,21,30,-12.700000000000001,0,0,0,4.5,0.0000,0.0000
1998,3,9,22,0,-12.9,0,0,0,4.4,0.0000,0.0000
1998,3,9,22,30,-13.200000000000001,0,0,0,4.3,0.0000,0.0000
1998,3,9,23,0,-13.5,0,0,0,4.1000000000000005,0.0000,0.0000
1998,3,9,23,30,-14,0,0,0,4,0.0000,0.0000
1998,3,10,0,0,-14.5,0,0,0,3.8000000000000003,0.0000,0.0000
1998,3,10,0,30,-15,0,0,0,3.7,0.0000,0.0000
1998,3,10,1,0,-15.600000000000001,0,0,0,3.5,0.0000,0.0000
1998,3,10,1,30,-16.1,0,0,0,3.4000000000000004,0.0000,0.0000
1998,3,10,2,0,-16.7,0,0,0,3.3000000000000003,0.0000,0.0000
1998,3,10,2,30,-17.3,0,0,0,3.1,0.0000,0.0000
1998,3,10,3,0,-17.900000000000002,0,0,0,3,0.0000,0.0000
1998,3,10,3,30,-18.2,0,0,0,2.9000000000000004,0.0000,0.0000
1998,3,10,4,0,-18.5,0,0,0,2.7,0.0000,0.0000
1998,3,10,4,30,-18.6,0,0,0,2.7,0.0000,0.0000
1998,3,10,5,0,-18.6,0,0,0,2.6,0.0000,0.0000
1998,3,10,5,30,-18.400000000000002,0,0,0,2.4000000000000004,0.0000,0.0000
1998,3,10,6,0,-18.3,0,0,0,2.3000000000000003,0.0000,0.0000
1998,3,10,6,30,-17.5,0,0,0,2.2,0.0000,0.0000
1998,3,10,7,0,-16.8,12,0,12,2,0.0000,0.0000
1998,3,10,7,30,-15.200000000000001,42,1,42,2.1,0.0000,0.0000
1998,3,10,8,0,-13.5,51,703,203,2.3000000000000003,9.7391,7.4498
1998,3,10,8,30,-12.8,63,800,306,2.1,15.3396,11.8415
1998,3,10,9,0,-12,73,864,407,2,21.3342,16.5722
1998,3,10,9,30,-11.4,81,910,502,1.6,27.2537,21.2538
1998,3,10,10,0,-10.8,88,943,587,1.3,32.7140,25.5765
1998,3,10,10,30,-10.200000000000001,94,967,660,0.9,37.4935,29.3622
1998,3,10,11,0,-9.600000000000001,99,983,720,0.5,41.4672,32.5103
1998,3,10,11,30,-9,102,995,765,0.4,44.4726,34.8916
1998,3,10,12,0,-8.4,340,1,340,0.30000000000000004,19.8773,15.6016
1998,3,10,12,30,-8,368,1,369,0.4,21.6239,16.9754
1998,3,10,13,0,-7.7,428,49,462,0.5,27.0549,21.2378
1998,3,10,13,30,-7.5,425,61,467,0.5,27.2413,21.3780
1998,3,10,14,0,-7.300000000000001,444,10,450,0.6000000000000001,26.0579,20.4380
1998,3,10,14,30,-7.4,422,111,490,0.5,28.0564,21.9860
1998,3,10,15,0,-7.4,376,107,436,0.5,24.5659,19.2248
1998,3,10,15,30,-7.6000000000000005,326,55,353,0.6000000000000001,19.4521,15.1921
1998,3,10,16,0,-7.800000000000001,239,17,247,0.7000000000000001,13.2066,10.2824
1998,3,10,16,30,-8.200000000000001,156,6,158,0.9,8.1196,6.2911
1998,3,10,17,0,-8.6,101,3,102,1.1,5.0001,3.8445
1998,3,10,17,30,-9.1,99,13,101,1.5,0.0000,0.0000
1998,3,10,18,0,-9.600000000000001,24,0,24,1.8,0.0000,0.0000
1998,3,10,18,30,-9.9,0,0,0,2.4000000000000004,0.0000,0.0000
1998,3,10,19,0,-10.200000000000001,0,0,0,2.9000000000000004,0.0000,0.0000
1998,3,10,19,30,-10.4,0,0,0,3.5,0.0000,0.0000
1998,3,10,20,0,-10.5,0,0,0,4.1000000000000005,0.0000,0.0000
1998,3,10,20,30,-10.8,0,0,0,4.5,0.0000,0.0000
1998,3,10,21,0,-11,0,0,0,5,0.0000,0.0000
1998,3,10,21,30,-11.3,0,0,0,5.2,0.0000,0.0000
1998,3,10,22,0,-11.600000000000001,0,0,0,5.5,0.0000,0.0000
1998,3,10,22,30,-11.9,0,0,0,5.7,0.0000,0.0000
1998,3,10,23,0,-12.3,0,0,0,6,0.0000,0.0000
1998,3,10,23,30,-12.600000000000001,0,0,0,6.1000000000000005,0.0000,0.0000
1998,3,11,0,0,-13,0,0,0,6.2,0.0000,0.0000
1998,3,11,0,30,-13.3,0,0,0,6.300000000000001,0.0000,0.0000
1998,3,11,1,0,-13.600000000000001,0,0,0,6.4,0.0000,0.0000
1998,3,11,1,30,-13.9,0,0,0,6.5,0.0000,0.0000
1998,3,11,2,0,-14.3,0,0,0,6.6000000000000005,0.0000,0.0000
1998,3,11,2,30,-14.700000000000001,0,0,0,6.6000000000000005,0.0000,0.0000
1998,3,11,3,0,-15.100000000000001,0,0,0,6.7,0.0000,0.0000
1998,3,11,3,30,-15.600000000000001,0,0,0,6.6000000000000005,0.0000,0.0000
1998,3,11,4,0,-16.1,0,0,0,6.5,0.0000,0.0000
1998,3,11,4,30,-16.6,0,0,0,6.4,0.0000,0.0000
1998,3,11,5,0,-17,0,0,0,6.300000000000001,0.0000,0.0000
1998,3,11,5,30,-17.400000000000002,0,0,0,6,0.0000,0.0000
1998,3,11,6,0,-17.900000000000002,0,0,0,5.7,0.0000,0.0000
1998,3,11,6,30,-17.900000000000002,0,0,0,5.5,0.0000,0.0000
1998,3,11,7,0,-18,15,371,29,5.4,0.0000,0.0000
1998,3,11,7,30,-17.5,33,648,116,5.4,0.0000,0.0000
1998,3,11,8,0,-16.900000000000002,46,796,222,5.4,10.6714,8.1677
1998,3,11,8,30,-16.3,56,885,330,5.1000000000000005,16.5936,12.8158
1998,3,11,9,0,-15.8,63,946,434,4.9,22.8121,17.7261
1998,3,11,9,30,-15.200000000000001,70,987,531,4.5,28.8942,22.5383
1998,3,11,10,0,-14.600000000000001,76,1015,619,4.1000000000000005,34.5633,27.0270
1998,3,11,10,30,-14.100000000000001,81,1037,694,3.8000000000000003,39.4911,30.9309
1998,3,11,11,0,-13.5,85,1053,756,3.5,43.6048,34.1901
1998,3,11,11,30,-13,88,1064,802,3.2,46.6847,36.6307
1998,3,11,12,0,-12.600000000000001,90,1070,832,3,48.7014,38.2289
1998,3,11,12,30,-12.200000000000001,90,1073,845,2.8000000000000003,49.5776,38.9233
1998,3,11,13,0,-11.9,90,1072,841,2.5,49.3061,38.7080
1998,3,11,13,30,-11.700000000000001,89,1068,819,2.4000000000000004,47.8311,37.5394
1998,3,11,14,0,-11.5,86,1060,781,2.2,45.2809,35.5185
1998,3,11,14,30,-11.4,83,1047,728,2,41.7379,32.7107
1998,3,11,15,0,-11.4,79,1029,660,1.9000000000000001,37.2405,29.1473
1998,3,11,15,30,-11.600000000000001,74,1003,579,1.6,31.9582,24.9632
1998,3,11,16,0,-11.8,67,970,486,1.3,26.0363,20.2758
1998,3,11,16,30,-12.3,59,921,385,1,19.8271,15.3665
1998,3,11,17,0,-12.9,50,850,278,0.6000000000000001,13.6558,10.5040
1998,3,11,17,30,-13.700000000000001,39,740,170,0.4,8.1038,6.1768
1998,3,11,18,0,-14.600000000000001,24,551,71,0.30000000000000004,0.0000,0.0000
1998,3,11,18,30,-15.3,0,0,0,0.5,0.0000,0.0000
1998,3,11,19,0,-16,0,0,0,0.7000000000000001,0.0000,0.0000
1998,3,11,19,30,-16.6,0,0,0,0.9,0.0000,0.0000
1998,3,11,20,0,-17.2,0,0,0,1.1,0.0000,0.0000
1998,3,11,20,30,-17.7,0,0,0,1.4000000000000001,0.0000,0.0000
1998,3,11,21,0,-18.2,0,0,0,1.7000000000000002,0.0000,0.0000
1998,3,11,21,30,-18.8,0,0,0,1.9000000000000001,0.0000,0.0000
1998,3,11,22,0,-19.400000000000002,0,0,0,2.2,0.0000,0.0000
1998,3,11,22,30,-20,0,0,0,2.4000000000000004,0.0000,0.0000
1998,3,11,23,0,-20.700000000000003,0,0,0,2.6,0.0000,0.0000
1998,3,11,23,30,-21.200000000000003,0,0,0,2.7,0.0000,0.0000
1998,3,12,0,0,-21.700000000000003,0,0,0,2.8000000000000003,0.0000,0.0000
1998,3,12,0,30,-22.1,0,0,0,2.9000000000000004,0.0000,0.0000
1998,3,12,1,0,-22.5,0,0,0,2.9000000000000004,0.0000,0.0000
1998,3,12,1,30,-22.700000000000003,0,0,0,3,0.0000,0.0000
1998,3,12,2,0,-22.900000000000002,0,0,0,3.1,0.0000,0.0000
1998,3,12,2,30,-22.900000000000002,0,0,0,3.2,0.0000,0.0000
1998,3,12,3,0,-22.900000000000002,0,0,0,3.3000000000000003,0.0000,0.0000
1998,3,12,3,30,-22.700000000000003,0,0,0,3.4000000000000004,0.0000,0.0000
1998,3,12,4,0,-22.400000000000002,0,0,0,3.5,0.0000,0.0000
1998,3,12,4,30,-21.6,0,0,0,3.7,0.0000,0.0000
1998,3,12,5,0,-20.8,0,0,0,3.8000000000000003,0.0000,0.0000
1998,3,12,5,30,-19.8,0,0,0,4.2,0.0000,0.0000
1998,3,12,6,0,-18.900000000000002,0,0,0,4.6000000000000005,0.0000,0.0000
1998,3,12,6,30,-17.8,0,0,0,5,0.0000,0.0000
1998,3,12,7,0,-16.7,19,174,26,5.4,0.0000,0.0000
1998,3,12,7,30,-15.600000000000001,46,1,46,5.9,0.0000,0.0000
1998,3,12,8,0,-14.4,18,0,18,6.4,0.8670,0.6640
1998,3,12,8,30,-13.4,78,1,79,6.6000000000000005,3.9846,3.0789
1998,3,12,9,0,-12.3,50,0,50,6.800000000000001,2.6353,2.0484
1998,3,12,9,30,-11.4,94,0,95,6.9,5.1810,4.0423
1998,3,12,10,0,-10.600000000000001,153,1,154,7.1000000000000005,8.6151,6.7378
1998,3,12,10,30,-9.8,362,51,392,7.1000000000000005,22.3420,17.5014
1998,3,12,11,0,-9,224,0,224,7.2,12.9382,10.1458
1998,3,12,11,30,-8.200000000000001,222,1,223,7.2,12.9976,10.1994
1998,3,12,12,0,-7.300000000000001,265,3,267,7.300000000000001,15.6480,12.2842
1998,3,12,12,30,-6.4,375,21,390,7.2,22.9083,17.9867
1998,3,12,13,0,-5.5,415,32,438,7,25.7081,20.1840
1998,3,12,13,30,-4.6000000000000005,302,0,302,6.800000000000001,17.6574,13.8593
1998,3,12,14,0,-3.7,242,0,242,6.5,14.0473,11.0198
1998,3,12,14,30,-3.1,219,0,219,6.2,12.5718,9.8538
1998,3,12,15,0,-2.4000000000000004,202,0,202,5.9,11.4135,8.9342
1998,3,12,15,30,-2.2,171,0,171,5.6000000000000005,9.4532,7.3852
1998,3,12,16,0,-2,157,0,157,5.300000000000001,8.4260,6.5630
1998,3,12,16,30,-2.4000000000000004,94,0,94,4.800000000000001,4.8511,3.7608
1998,3,12,17,0,-2.8000000000000003,62,0,62,4.4,3.0519,2.3484
1998,3,12,17,30,-3.9000000000000004,9,0,9,4,0.4290,0.3271
1998,3,12,18,0,-5,30,0,30,3.6,0.0000,0.0000
1998,3,12,18,30,-5.4,0,0,0,3.7,0.0000,0.0000
1998,3,12,19,0,-5.800000000000001,0,0,0,3.9000000000000004,0.0000,0.0000
1998,3,12,19,30,-6,0,0,0,3.8000000000000003,0.0000,0.0000
1998,3,12,20,0,-6.1000000000000005,0,0,0,3.7,0.0000,0.0000
1998,3,12,20,30,-6.5,0,0,0,3.4000000000000004,0.0000,0.0000
1998,3,12,21,0,-6.9,0,0,0,3,0.0000,0.0000
1998,3,12,21,30,-7.300000000000001,0,0,0,2.9000000000000004,0.0000,0.0000
1998,3,12,22,0,-7.6000000000000005,0,0,0,2.7,0.0000,0.0000
1998,3,12,22,30,-7.7,0,0,0,2.6,0.0000,0.0000
1998,3,12,23,0,-7.800000000000001,0,0,0,2.6,0.0000,0.0000
1998,3,12,23,30,-7.9,0,0,0,2.6,0.0000,0.0000
1998,3,13,0,0,-7.9,0,0,0,2.6,0.0000,0.0000
1998,3,13,0,30,-8,0,0,0,2.6,0.0000,0.0000
1998,3,13,1,0,-8.1,0,0,0,2.5,0.0000,0.0000
1998,3,13,1,30,-8.1,0,0,0,2.5,0.0000,0.0000
1998,3,13,2,0,-8.1,0,0,0,2.5,0.0000,0.0000
1998,3,13,2,30,-8,0,0,0,2.5,0.0000,0.0000
1998,3,13,3,0,-7.800000000000001,0,0,0,2.5,0.0000,0.0000
1998,3,13,3,30,-7.5,0,0,0,2.4000000000000004,0.0000,0.0000
1998,3,13,4,0,-7.2,0,0,0,2.4000000000000004,0.0000,0.0000
1998,3,13,4,30,-6.9,0,0,0,2.3000000000000003,0.0000,0.0000
1998,3,13,5,0,-6.6000000000000005,0,0,0,2.3000000000000003,0.0000,0.0000
1998,3,13,5,30,-6.5,0,0,0,2.2,0.0000,0.0000
1998,3,13,6,0,-6.300000000000001,0,0,0,2.1,0.0000,0.0000
1998,3,13,6,30,-5.300000000000001,0,0,0,2.3000000000000003,0.0000,0.0000
1998,3,13,7,0,-4.3,18,267,30,2.5,0.0000,0.0000
1998,3,13,7,30,-2.7,38,527,111,2.9000000000000004,0.0000,0.0000
1998,3,13,8,0,-1.1,52,680,210,3.3000000000000003,10.1383,7.7687
1998,3,13,8,30,-0.2,63,774,311,3,15.7341,12.1634
1998,3,13,9,0,0.7000000000000001,74,833,410,2.7,21.6669,16.8470
1998,3,13,9,30,1.5,81,878,502,2.7,27.4384,21.4124
1998,3,13,10,0,2.3000000000000003,89,907,584,2.8000000000000003,32.7307,25.6025
1998,3,13,10,30,3.3000000000000003,95,932,655,3,37.3921,29.2946
1998,3,13,11,0,4.4,376,129,459,3.2,26.5495,20.8217
1998,3,13,11,30,5.7,437,158,545,3.6,31.8066,24.9616
1998,3,13,12,0,7.1000000000000005,420,179,546,4,32.0376,25.1528
1998,3,13,12,30,7.9,445,8,451,4.4,26.5220,20.8259
1998,3,13,13,0,8.8,497,62,541,4.800000000000001,31.7899,24.9610
1998,3,13,13,30,9.1,512,114,592,5.1000000000000005,34.6529,27.2013
1998,3,13,14,0,9.3,95,969,739,5.4,42.9480,33.6947
1998,3,13,14,30,9,91,955,687,5.6000000000000005,39.4873,30.9531
1998,3,13,15,0,8.700000000000001,85,938,622,5.800000000000001,35.1938,27.5520
1998,3,13,15,30,7.9,79,906,542,5.6000000000000005,30.0105,23.4488
1998,3,13,16,0,7.1000000000000005,73,867,454,5.4,24.4105,19.0171
1998,3,13,16,30,5.7,65,814,359,5.1000000000000005,18.5655,14.3968
1998,3,13,17,0,4.3,56,734,258,4.800000000000001,12.7263,9.7968
1998,3,13,17,30,2.7,44,617,157,4.5,7.4835,5.7071
1998,3,13,18,0,1.1,27,425,66,4.3,0.0000,0.0000
1998,3,13,18,30,0.2,0,0,0,4.5,0.0000,0.0000
1998,3,13,19,0,-0.8,0,0,0,4.7,0.0000,0.0000
1998,3,13,19,30,-1.7000000000000002,0,0,0,4.9,0.0000,0.0000
1998,3,13,20,0,-2.7,0,0,0,5.2,0.0000,0.0000
1998,3,13,20,30,-3.6,0,0,0,5.4,0.0000,0.0000
1998,3,13,21,0,-4.5,0,0,0,5.6000000000000005,0.0000,0.0000
1998,3,13,21,30,-5.2,0,0,0,5.5,0.0000,0.0000
1998,3,13,22,0,-6,0,0,0,5.4,0.0000,0.0000
1998,3,13,22,30,-6.5,0,0,0,5.4,0.0000,0.0000
1998,3,13,23,0,-7.1000000000000005,0,0,0,5.300000000000001,0.0000,0.0000
1998,3,13,23,30,-7.4,0,0,0,5.2,0.0000,0.0000
1998,3,14,0,0,-7.800000000000001,0,0,0,5.1000000000000005,0.0000,0.0000
1998,3,14,0,30,-8.1,0,0,0,4.9,0.0000,0.0000
1998,3,14,1,0,-8.4,0,0,0,4.7,0.0000,0.0000
1998,3,14,1,30,-8.700000000000001,0,0,0,4.6000000000000005,0.0000,0.0000
1998,3,14,2,0,-9,0,0,0,4.4,0.0000,0.0000
1998,3,14,2,30,-9.3,0,0,0,4.3,0.0000,0.0000
1998,3,14,3,0,-9.600000000000001,0,0,0,4.1000000000000005,0.0000,0.0000
1998,3,14,3,30,-9.9,0,0,0,4,0.0000,0.0000
1998,3,14,4,0,-10.200000000000001,0,0,0,3.9000000000000004,0.0000,0.0000
1998,3,14,4,30,-10.5,0,0,0,3.8000000000000003,0.0000,0.0000
1998,3,14,5,0,-10.8,0,0,0,3.7,0.0000,0.0000
1998,3,14,5,30,-11.100000000000001,0,0,0,3.6,0.0000,0.0000
1998,3,14,6,0,-11.4,0,0,0,3.4000000000000004,0.0000,0.0000
1998,3,14,6,30,-10.9,0,0,0,3.6,0.0000,0.0000
1998,3,14,7,0,-10.5,19,328,35,3.7,0.0000,0.0000
1998,3,14,7,30,-9.5,37,576,121,3.8000000000000003,0.0000,0.0000
1998,3,14,8,0,-8.6,52,715,222,4,10.7442,8.2381
1998,3,14,8,30,-7.800000000000001,63,804,325,3.8000000000000003,16.4923,12.7554
1998,3,14,9,0,-7,73,856,423,3.7,22.4129,17.4324
1998,3,14,9,30,-6.2,81,899,516,3.4000000000000004,28.2651,22.0622
1998,3,14,10,0,-5.4,88,928,599,3.2,33.6340,26.3135
1998,3,14,10,30,-4.7,94,951,671,2.9000000000000004,38.3649,30.0605
1998,3,14,11,0,-3.9000000000000004,99,967,729,2.6,42.2258,33.1196
1998,3,14,11,30,-3.3000000000000003,102,978,773,2.3000000000000003,45.1703,35.4527
1998,3,14,12,0,-2.7,104,979,797,2,46.8206,36.7621
1998,3,14,12,30,-2.2,105,982,810,1.9000000000000001,47.6880,37.4491
1998,3,14,13,0,-1.8,106,979,805,1.7000000000000002,47.3547,37.1851
1998,3,14,13,30,-1.5,105,974,784,1.7000000000000002,45.9421,36.0658
1998,3,14,14,0,-1.2000000000000002,103,962,747,1.7000000000000002,43.4628,34.1015
1998,3,14,14,30,-1.2000000000000002,99,948,696,1.8,40.0543,31.4006
1998,3,14,15,0,-1.1,95,925,630,1.9000000000000001,35.6958,27.9482
1998,3,14,15,30,-1.3,89,897,551,2,30.5552,23.8778
1998,3,14,16,0,-1.4000000000000001,82,856,463,2.1,24.9397,19.4332
1998,3,14,16,30,-2,73,802,366,2,18.9683,14.7133
1998,3,14,17,0,-2.5,62,726,264,2,13.0498,10.0496
1998,3,14,17,30,-3.4000000000000004,48,609,162,1.6,7.7237,5.8920
1998,3,14,18,0,-4.3,30,415,69,1.3,0.0000,0.0000
1998,3,14,18,30,-4.6000000000000005,0,0,0,1.4000000000000001,0.0000,0.0000
1998,3,14,19,0,-4.9,0,0,0,1.6,0.0000,0.0000
1998,3,14,19,30,-5.1000000000000005,0,0,0,1.7000000000000002,0.0000,0.0000
1998,3,14,20,0,-5.2,0,0,0,1.8,0.0000,0.0000
1998,3,14,20,30,-5.5,0,0,0,1.9000000000000001,0.0000,0.0000
1998,3,14,21,0,-5.800000000000001,0,0,0,1.9000000000000001,0.0000,0.0000
1998,3,14,21,30,-6.1000000000000005,0,0,0,1.9000000000000001,0.0000,0.0000
1998,3,14,22,0,-6.4,0,0,0,2,0.0000,0.0000
1998,3,14,22,30,-6.6000000000000005,0,0,0,2,0.0000,0.0000
1998,3,14,23,0,-6.9,0,0,0,2,0.0000,0.0000
1998,3,14,23,30,-7.2,0,0,0,2,0.0000,0.0000
1998,3,15,0,0,-7.4,0,0,0,2,0.0000,0.0000
1998,3,15,0,30,-7.6000000000000005,0,0,0,2,0.0000,0.0000
1998,3,15,1,0,-7.9,0,0,0,2.1,0.0000,0.0000
1998,3,15,1,30,-8,0,0,0,2.2,0.0000,0.0000
1998,3,15,2,0,-8.200000000000001,0,0,0,2.3000000000000003,0.0000,0.0000
1998,3,15,2,30,-8.200000000000001,0,0,0,2.4000000000000004,0.0000,0.0000
1998,3,15,3,0,-8.3,0,0,0,2.4000000000000004,0.0000,0.0000
1998,3,15,3,30,-8.3,0,0,0,2.4000000000000004,0.0000,0.0000
1998,3,15,4,0,-8.4,0,0,0,2.4000000000000004,0.0000,0.0000
1998,3,15,4,30,-8.6,0,0,0,2.3000000000000003,0.0000,0.0000
1998,3,15,5,0,-8.700000000000001,0,0,0,2.3000000000000003,0.0000,0.0000
1998,3,15,5,30,-8.8,0,0,0,2.3000000000000003,0.0000,0.0000
1998,3,15,6,0,-9,0,0,0,2.3000000000000003,0.0000,0.0000
1998,3,15,6,30,-8.200000000000001,0,0,0,2.6,0.0000,0.0000
1998,3,15,7,0,-7.5,21,277,37,3,0.0000,0.0000
1998,3,15,7,30,-6,43,518,121,3.4000000000000004,0.0000,0.0000
1998,3,15,8,0,-4.5,59,664,220,3.7,10.6742,8.1893
1998,3,15,8,30,-3.4000000000000004,72,756,323,3.8000000000000003,16.4403,12.7208
1998,3,15,9,0,-2.3000000000000003,124,0,124,3.9000000000000004,6.5873,5.1250
1998,3,15,9,30,-1.4000000000000001,125,0,125,3.8000000000000003,6.8618,5.3571
1998,3,15,10,0,-0.6000000000000001,138,0,138,3.8000000000000003,7.7626,6.0740
1998,3,15,10,30,0.1,241,0,241,3.6,13.8009,10.8150
1998,3,15,11,0,0.8,303,1,303,3.5,17.5747,13.7861
1998,3,15,11,30,1.3,374,1,375,3.3000000000000003,21.9399,17.2214
1998,3,15,12,0,1.8,453,8,458,3.2,26.9368,21.1517
1998,3,15,12,30,2,465,9,471,3,27.7599,21.8014
1998,3,15,13,0,2.2,318,1,318,2.9000000000000004,18.7272,14.7067
1998,3,15,13,30,2.1,394,2,396,2.8000000000000003,23.2312,18.2386
1998,3,15,14,0,2.1,352,1,353,2.7,20.5619,16.1345
1998,3,15,14,30,1.9000000000000001,372,3,374,2.7,21.5498,16.8956
1998,3,15,15,0,1.7000000000000002,285,1,286,2.7,16.2261,12.7057
1998,3,15,15,30,1.4000000000000001,239,1,239,2.8000000000000003,13.2734,10.3741
1998,3,15,16,0,1.1,181,0,181,2.9000000000000004,9.7665,7.6115
1998,3,15,16,30,0.6000000000000001,119,0,119,2.8000000000000003,6.1799,4.7949
1998,3,15,17,0,0,78,0,78,2.8000000000000003,3.8638,2.9767
1998,3,15,17,30,-0.9,57,543,161,2.6,7.6791,5.8599
1998,3,15,18,0,-1.8,34,349,69,2.4000000000000004,0.0000,0.0000
1998,3,15,18,30,-2.1,0,0,0,2.7,0.0000,0.0000
1998,3,15,19,0,-2.4000000000000004,0,0,0,3,0.0000,0.0000
1998,3,15,19,30,-2.7,0,0,0,3.1,0.0000,0.0000
1998,3,15,20,0,-2.9000000000000004,0,0,0,3.2,0.0000,0.0000
1998,3,15,20,30,-3.1,0,0,0,3.2,0.0000,0.0000
1998,3,15,21,0,-3.2,0,0,0,3.1,0.0000,0.0000
1998,3,15,21,30,-3.2,0,0,0,3,0.0000,0.0000
1998,3,15,22,0,-3.3000000000000003,0,0,0,3,0.0000,0.0000
1998,3,15,22,30,-3.3000000000000003,0,0,0,2.9000000000000004,0.0000,0.0000
1998,3,15,23,0,-3.3000000000000003,0,0,0,2.8000000000000003,0.0000,0.0000
1998,3,15,23,30,-3.3000000000000003,0,0,0,2.7,0.0000,0.0000
1998,3,16,0,0,-3.4000000000000004,0,0,0,2.7,0.0000,0.0000
1998,3,16,0,30,-3.4000000000000004,0,0,0,2.7,0.0000,0.0000
1998,3,16,1,0,-3.4000000000000004,0,0,0,2.6,0.0000,0.0000
1998,3,16,1,30,-3.5,0,0,0,2.6,0.0000,0.0000
1998,3,16,2,0,-3.6,0,0,0,2.6,0.0000,0.0000
1998,3,16,2,30,-3.7,0,0,0,2.7,0.0000,0.0000
1998,3,16,3,0,-3.8000000000000003,0,0,0,2.7,0.0000,0.0000
1998,3,16,3,30,-3.8000000000000003,0,0,0,2.8000000000000003,0.0000,0.0000
1998,3,16,4,0,-3.9000000000000004,0,0,0,2.9000000000000004,0.0000,0.0000
1998,3,16,4,30,-3.9000000000000004,0,0,0,2.9000000000000004,0.0000,0.0000
1998,3,16,5,0,-4,0,0,0,2.9000000000000004,0.0000,0.0000
1998,3,16,5,30,-4,0,0,0,2.9000000000000004,0.0000,0.0000
1998,3,16,6,0,-4.1000000000000005,0,0,0,2.9000000000000004,0.0000,0.0000
1998,3,16,6,30,-3.7,0,0,0,3.1,0.0000,0.0000
1998,3,16,7,0,-3.3000000000000003,25,228,39,3.3000000000000003,0.0000,0.0000
1998,3,16,7,30,-2.7,51,465,123,3.6,0.0000,0.0000
1998,3,16,8,0,-2,71,607,222,3.8000000000000003,10.7995,8.2902
1998,3,16,8,30,-1.3,65,0,65,4,3.3183,2.5687
1998,3,16,9,0,-0.7000000000000001,144,0,144,4.2,7.6693,5.9686
1998,3,16,9,30,-0.1,166,0,166,4.4,9.1323,7.1312
1998,3,16,10,0,0.5,188,0,188,4.6000000000000005,10.5942,8.2909
1998,3,16,10,30,1,220,0,221,4.7,12.6750,9.9339
1998,3,16,11,0,1.5,198,0,198,4.9,11.5000,9.0218
1998,3,16,11,30,1.8,236,0,236,4.7,13.8245,10.8523
1998,3,16,12,0,2.1,363,14,373,4.5,21.9625,17.2471
1998,3,16,12,30,2.4000000000000004,389,22,405,4.5,23.8962,18.7684
1998,3,16,13,0,2.6,352,12,361,4.4,21.2820,16.7142
1998,3,16,13,30,2.6,341,15,352,4.5,20.6719,16.2306
1998,3,16,14,0,2.6,383,27,401,4.5,23.3846,18.3510
1998,3,16,14,30,2.5,366,34,388,4.3,22.3834,17.5508
1998,3,16,15,0,2.4000000000000004,298,22,311,4.1000000000000005,17.6674,13.8358
1998,3,16,15,30,2.1,232,7,236,4,13.1269,10.2611
1998,3,16,16,0,1.9000000000000001,238,22,248,3.9000000000000004,13.4047,10.4488
1998,3,16,16,30,1.5,235,57,256,3.5,13.3205,10.3377
1998,3,16,17,0,1,155,26,162,3.2,8.0412,6.1971
1998,3,16,17,30,0.4,96,9,98,3,4.6768,3.5701
1998,3,16,18,0,-0.2,44,2,44,2.8000000000000003,0.0000,0.0000
1998,3,16,18,30,-0.30000000000000004,0,0,0,3.1,0.0000,0.0000
1998,3,16,19,0,-0.4,0,0,0,3.5,0.0000,0.0000
1998,3,16,19,30,-0.5,0,0,0,3.5,0.0000,0.0000
1998,3,16,20,0,-0.6000000000000001,0,0,0,3.5,0.0000,0.0000
1998,3,16,20,30,-0.8,0,0,0,3.4000000000000004,0.0000,0.0000
1998,3,16,21,0,-1,0,0,0,3.4000000000000004,0.0000,0.0000
1998,3,16,21,30,-1.1,0,0,0,3.3000000000000003,0.0000,0.0000
1998,3,16,22,0,-1.1,0,0,0,3.3000000000000003,0.0000,0.0000
1998,3,16,22,30,-1.2000000000000002,0,0,0,3.2,0.0000,0.0000
1998,3,16,23,0,-1.2000000000000002,0,0,0,3.2,0.0000,0.0000
1998,3,16,23,30,-1.1,0,0,0,3.2,0.0000,0.0000
1998,3,17,0,0,-1.1,0,0,0,3.2,0.0000,0.0000
1998,3,17,0,30,-1.1,0,0,0,3.2,0.0000,0.0000
1998,3,17,1,0,-1.1,0,0,0,3.2,0.0000,0.0000
1998,3,17,1,30,-1.1,0,0,0,3.3000000000000003,0.0000,0.0000
1998,3,17,2,0,-1.1,0,0,0,3.5,0.0000,0.0000
1998,3,17,2,30,-1.1,0,0,0,3.6,0.0000,0.0000
1998,3,17,3,0,-1.1,0,0,0,3.7,0.0000,0.0000
1998,3,17,3,30,-1,0,0,0,3.8000000000000003,0.0000,0.0000
1998,3,17,4,0,-1,0,0,0,3.8000000000000003,0.0000,0.0000
1998,3,17,4,30,-1,0,0,0,3.8000000000000003,0.0000,0.0000
1998,3,17,5,0,-1,0,0,0,3.9000000000000004,0.0000,0.0000
1998,3,17,5,30,-1,0,0,0,4,0.0000,0.0000
1998,3,17,6,0,-1,0,0,0,4.1000000000000005,0.0000,0.0000
1998,3,17,6,30,-0.9,0,0,0,4.4,0.0000,0.0000
1998,3,17,7,0,-0.8,13,0,13,4.6000000000000005,0.0000,0.0000
1998,3,17,7,30,-0.6000000000000001,26,0,26,4.9,0.0000,0.0000
1998,3,17,8,0,-0.4,37,0,37,5.2,1.8049,1.3864
1998,3,17,8,30,-0.2,66,0,66,5.300000000000001,3.3794,2.6170
1998,3,17,9,0,-0.1,149,3,151,5.4,8.0624,6.2763
1998,3,17,9,30,0.1,140,1,141,5.4,7.7730,6.0710
1998,3,17,10,0,0.4,211,4,214,5.4,12.0801,9.4552
1998,3,17,10,30,0.6000000000000001,193,2,194,5.2,11.1433,8.7345
1998,3,17,11,0,0.8,130,0,130,5.1000000000000005,7.5605,5.9319
1998,3,17,11,30,0.9,183,1,183,5,10.7328,8.4260
1998,3,17,12,0,1,77,0,77,4.800000000000001,4.5389,3.5647
1998,3,17,12,30,1,81,0,81,4.800000000000001,4.7843,3.7579
1998,3,17,13,0,1,255,2,257,4.7,15.1666,11.9123
1998,3,17,13,30,1,208,1,209,4.800000000000001,12.2872,9.6480
1998,3,17,14,0,1.1,177,1,177,4.800000000000001,10.3332,8.1096
1998,3,17,14,30,1.1,222,2,223,5,12.8795,10.0997
1998,3,17,15,0,1.1,266,8,271,5.1000000000000005,15.4155,12.0736
1998,3,17,15,30,1,134,1,134,5.1000000000000005,7.4643,5.8355
1998,3,17,16,0,0.8,154,2,155,5.1000000000000005,8.3926,6.5432
1998,3,17,16,30,0.6000000000000001,149,5,151,4.9,7.8729,6.1115
1998,3,17,17,0,0.4,90,1,90,4.6000000000000005,4.4769,3.4515
1998,3,17,17,30,0.1,112,11,114,4.5,5.4441,4.1572
1998,3,17,18,0,-0.1,26,0,26,4.5,0.0000,0.0000
1998,3,17,18,30,-0.30000000000000004,0,0,0,4.7,0.0000,0.0000
1998,3,17,19,0,-0.4,0,0,0,5,0.0000,0.0000
1998,3,17,19,30,-0.5,0,0,0,5,0.0000,0.0000
1998,3,17,20,0,-0.6000000000000001,0,0,0,5.1000000000000005,0.0000,0.0000
1998,3,17,20,30,-0.7000000000000001,0,0,0,5.1000000000000005,0.0000,0.0000
1998,3,17,21,0,-0.7000000000000001,0,0,0,5,0.0000,0.0000
1998,3,17,21,30,-0.8,0,0,0,5,0.0000,0.0000
1998,3,17,22,0,-0.8,0,0,0,4.9,0.0000,0.0000
1998,3,17,22,30,-0.8,0,0,0,4.9,0.0000,0.0000
1998,3,17,23,0,-0.8,0,0,0,4.800000000000001,0.0000,0.0000
1998,3,17,23,30,-0.9,0,0,0,4.800000000000001,0.0000,0.0000
1998,3,18,0,0,-0.9,0,0,0,4.800000000000001,0.0000,0.0000
1998,3,18,0,30,-1,0,0,0,4.800000000000001,0.0000,0.0000
1998,3,18,1,0,-1.1,0,0,0,4.7,0.0000,0.0000
1998,3,18,1,30,-1.2000000000000002,0,0,0,4.7,0.0000,0.0000
1998,3,18,2,0,-1.3,0,0,0,4.7,0.0000,0.0000
1998,3,18,2,30,-1.3,0,0,0,4.6000000000000005,0.0000,0.0000
1998,3,18,3,0,-1.4000000000000001,0,0,0,4.5,0.0000,0.0000
1998,3,18,3,30,-1.4000000000000001,0,0,0,4.4,0.0000,0.0000
1998,3,18,4,0,-1.5,0,0,0,4.4,0.0000,0.0000
1998,3,18,4,30,-1.5,0,0,0,4.4,0.0000,0.0000
1998,3,18,5,0,-1.6,0,0,0,4.4,0.0000,0.0000
1998,3,18,5,30,-1.6,0,0,0,4.4,0.0000,0.0000
1998,3,18,6,0,-1.6,0,0,0,4.4,0.0000,0.0000
1998,3,18,6,30,-1.3,0,0,0,4.6000000000000005,0.0000,0.0000
1998,3,18,7,0,-1.1,31,117,40,4.7,0.0000,0.0000
1998,3,18,7,30,-0.6000000000000001,67,0,67,5.1000000000000005,0.0000,0.0000
1998,3,18,8,0,-0.2,95,469,217,5.6000000000000005,10.6150,8.1582
1998,3,18,8,30,0.2,30,0,30,5.5,1.5407,1.1937
1998,3,18,9,0,0.6000000000000001,69,0,69,5.4,3.6933,2.8759
1998,3,18,9,30,0.9,115,0,115,5.300000000000001,6.3526,4.9626
1998,3,18,10,0,1.2000000000000002,197,0,197,5.1000000000000005,11.1399,8.7206
1998,3,18,10,30,1.4000000000000001,125,0,126,5,7.2481,5.6820
1998,3,18,11,0,1.7000000000000002,148,0,148,4.800000000000001,8.6186,6.7627
1998,3,18,11,30,1.9000000000000001,158,0,158,4.7,9.2775,7.2842
1998,3,18,12,0,2.1,210,0,210,4.6000000000000005,12.3923,9.7332
1998,3,18,12,30,2.2,230,0,231,4.5,13.6585,10.7292
1998,3,18,13,0,2.4000000000000004,309,1,310,4.5,18.3136,14.3850
1998,3,18,13,30,2.5,225,0,225,4.4,13.2414,10.3981
1998,3,18,14,0,2.5,284,0,284,4.4,16.5977,13.0271
1998,3,18,14,30,2.4000000000000004,265,0,266,4.5,15.3809,12.0624
1998,3,18,15,0,2.4000000000000004,154,0,154,4.6000000000000005,8.7712,6.8704
1998,3,18,15,30,2.1,104,0,104,4.6000000000000005,5.8016,4.5362
1998,3,18,16,0,1.8,76,0,76,4.7,4.1220,3.2142
1998,3,18,16,30,1.4000000000000001,80,0,80,4.4,4.1794,3.2451
1998,3,18,17,0,0.9,96,547,257,4.2,12.8102,9.8796
1998,3,18,17,30,0.1,73,426,160,4,7.6472,5.8417
1998,3,18,18,0,-0.7000000000000001,21,0,21,3.7,0.0000,0.0000
1998,3,18,18,30,-1,0,0,0,4,0.0000,0.0000
1998,3,18,19,0,-1.4000000000000001,0,0,0,4.2,0.0000,0.0000
1998,3,18,19,30,-1.6,0,0,0,4.4,0.0000,0.0000
1998,3,18,20,0,-1.8,0,0,0,4.5,0.0000,0.0000
1998,3,18,20,30,-2,0,0,0,4.3,0.0000,0.0000
1998,3,18,21,0,-2.1,0,0,0,4.1000000000000005,0.0000,0.0000
1998,3,18,21,30,-2.2,0,0,0,4,0.0000,0.0000
1998,3,18,22,0,-2.3000000000000003,0,0,0,3.9000000000000004,0.0000,0.0000
1998,3,18,22,30,-2.3000000000000003,0,0,0,3.8000000000000003,0.0000,0.0000
1998,3,18,23,0,-2.4000000000000004,0,0,0,3.8000000000000003,0.0000,0.0000
1998,3,18,23,30,-2.4000000000000004,0,0,0,3.8000000000000003,0.0000,0.0000
1998,3,19,0,0,-2.4000000000000004,0,0,0,3.8000000000000003,0.0000,0.0000
1998,3,19,0,30,-2.4000000000000004,0,0,0,3.9000000000000004,0.0000,0.0000
1998,3,19,1,0,-2.3000000000000003,0,0,0,4,0.0000,0.0000
1998,3,19,1,30,-2.3000000000000003,0,0,0,4.1000000000000005,0.0000,0.0000
1998,3,19,2,0,-2.2,0,0,0,4.2,0.0000,0.0000
1998,3,19,2,30,-2.2,0,0,0,4.4,0.0000,0.0000
1998,3,19,3,0,-2.2,0,0,0,4.5,0.0000,0.0000
1998,3,19,3,30,-2.1,0,0,0,4.7,0.0000,0.0000
1998,3,19,4,0,-2.1,0,0,0,4.800000000000001,0.0000,0.0000
1998,3,19,4,30,-2.2,0,0,0,4.9,0.0000,0.0000
1998,3,19,5,0,-2.2,0,0,0,5,0.0000,0.0000
1998,3,19,5,30,-2.2,0,0,0,5.1000000000000005,0.0000,0.0000
1998,3,19,6,0,-2.3000000000000003,0,0,0,5.1000000000000005,0.0000,0.0000
1998,3,19,6,30,-2,0,0,0,5.6000000000000005,0.0000,0.0000
1998,3,19,7,0,-1.7000000000000002,34,139,44,6.1000000000000005,0.0000,0.0000
1998,3,19,7,30,-1.2000000000000002,43,0,43,6.5,0.0000,0.0000
1998,3,19,8,0,-0.6000000000000001,17,0,17,6.9,0.8340,0.6414
1998,3,19,8,30,-0.1,45,0,45,6.9,2.3179,1.7964
1998,3,19,9,0,0.4,123,0,123,7,6.6003,5.1409
1998,3,19,9,30,0.7000000000000001,126,0,126,7,6.9746,5.4495
1998,3,19,10,0,1.1,173,0,173,7,9.7995,7.6724
1998,3,19,10,30,1.4000000000000001,295,1,296,6.9,17.0522,13.3692
1998,3,19,11,0,1.7000000000000002,275,0,275,6.9,16.0347,12.5831
1998,3,19,11,30,2,248,3,250,6.7,14.6967,11.5400
1998,3,19,12,0,2.3000000000000003,304,0,304,6.5,17.9587,14.1062
1998,3,19,12,30,2.5,407,33,431,6.6000000000000005,25.5106,20.0408
1998,3,19,13,0,2.7,429,60,473,6.6000000000000005,27.9711,21.9724
1998,3,19,13,30,2.8000000000000003,359,16,370,6.7,21.7975,17.1182
1998,3,19,14,0,3,290,9,296,6.800000000000001,17.3174,13.5930
1998,3,19,14,30,3,308,1,309,6.800000000000001,17.8873,14.0292
1998,3,19,15,0,2.9000000000000004,270,1,271,6.800000000000001,15.4542,12.1065
1998,3,19,15,30,2.8000000000000003,294,6,298,6.7,16.6474,13.0181
1998,3,19,16,0,2.6,151,0,151,6.6000000000000005,8.2032,6.3977
1998,3,19,16,30,2.2,99,0,99,6.300000000000001,5.1818,4.0244
1998,3,19,17,0,1.8,113,1,113,5.9,5.6441,4.3544
1998,3,19,17,30,0.8,93,1,93,5.4,4.4490,3.3998
1998,3,19,18,0,-0.1,34,419,82,4.9,0.0000,0.0000
1998,3,19,18,30,-0.9,11,127,14,4.4,0.0000,0.0000
1998,3,19,19,0,-1.6,0,0,0,3.8000000000000003,0.0000,0.0000
1998,3,19,19,30,-2.2,0,0,0,3.3000000000000003,0.0000,0.0000
1998,3,19,20,0,-2.8000000000000003,0,0,0,2.8000000000000003,0.0000,0.0000
1998,3,19,20,30,-2.8000000000000003,0,0,0,3,0.0000,0.0000
1998,3,19,21,0,-2.7,0,0,0,3.2,0.0000,0.0000
1998,3,19,21,30,-2.8000000000000003,0,0,0,3.3000000000000003,0.0000,0.0000
1998,3,19,22,0,-2.8000000000000003,0,0,0,3.5,0.0000,0.0000
1998,3,19,22,30,-2.9000000000000004,0,0,0,3.8000000000000003,0.0000,0.0000
1998,3,19,23,0,-3.1,0,0,0,4,0.0000,0.0000
1998,3,19,23,30,-3.2,0,0,0,4.1000000000000005,0.0000,0.0000
1998,3,20,0,0,-3.4000000000000004,0,0,0,4.1000000000000005,0.0000,0.0000
1998,3,20,0,30,-3.5,0,0,0,4.1000000000000005,0.0000,0.0000
1998,3,20,1,0,-3.7,0,0,0,4,0.0000,0.0000
1998,3,20,1,30,-3.7,0,0,0,3.9000000000000004,0.0000,0.0000
1998,3,20,2,0,-3.8000000000000003,0,0,0,3.9000000000000004,0.0000,0.0000
1998,3,20,2,30,-3.9000000000000004,0,0,0,3.9000000000000004,0.0000,0.0000
1998,3,20,3,0,-4.1000000000000005,0,0,0,3.9000000000000004,0.0000,0.0000
1998,3,20,3,30,-4.3,0,0,0,3.9000000000000004,0.0000,0.0000
1998,3,20,4,0,-4.5,0,0,0,3.9000000000000004,0.0000,0.0000
1998,3,20,4,30,-4.6000000000000005,0,0,0,4,0.0000,0.0000
1998,3,20,5,0,-4.7,0,0,0,4,0.0000,0.0000
1998,3,20,5,30,-4.6000000000000005,0,0,0,4.1000000000000005,0.0000,0.0000
1998,3,20,6,0,-4.6000000000000005,0,0,0,4.2,0.0000,0.0000
1998,3,20,6,30,-3.8000000000000003,0,0,0,4.4,0.0000,0.0000
1998,3,20,7,0,-3.1,24,445,61,4.6000000000000005,0.0000,0.0000
1998,3,20,7,30,-1.7000000000000002,40,645,155,5,7.3884,5.6319
1998,3,20,8,0,-0.30000000000000004,51,773,260,5.4,12.7923,9.8429
1998,3,20,8,30,0.9,61,848,365,5.5,18.8546,14.6188
1998,3,20,9,0,2.2,68,902,465,5.7,25.0125,19.4870
1998,3,20,9,30,3,74,932,554,5.6000000000000005,30.7267,24.0122
1998,3,20,10,0,3.8000000000000003,79,960,637,5.6000000000000005,36.1416,28.3005
1998,3,20,10,30,4.4,83,980,708,5.4,40.8439,32.0257
1998,3,20,11,0,5,86,995,766,5.300000000000001,44.7201,35.0969
1998,3,20,11,30,5.4,88,1005,808,5.1000000000000005,47.5541,37.3430
1998,3,20,12,0,5.9,91,1010,835,5,49.3794,38.7895
1998,3,20,12,30,6.300000000000001,92,1012,847,4.800000000000001,50.1846,39.4273
1998,3,20,13,0,6.6000000000000005,92,1010,841,4.7,49.7820,39.1085
1998,3,20,13,30,6.800000000000001,91,999,815,4.5,48.0612,37.7465
1998,3,20,14,0,7,89,990,778,4.3,45.5642,35.7677
1998,3,20,14,30,6.9,86,977,726,4.1000000000000005,42.0743,33.0022
1998,3,20,15,0,6.9,84,956,660,3.9000000000000004,37.6839,29.5237
1998,3,20,15,30,6.5,79,931,581,3.6,32.5008,25.4184
1998,3,20,16,0,6.2,73,891,489,3.3000000000000003,26.6088,20.7556
1998,3,20,16,30,4.800000000000001,65,844,393,2.4000000000000004,20.6104,16.0109
1998,3,20,17,0,3.5,56,777,291,1.4000000000000001,14.5659,11.2415
1998,3,20,17,30,1.7000000000000002,45,676,188,1.4000000000000001,9.0033,6.8828
1998,3,20,18,0,0,31,510,90,1.4000000000000001,0.0000,0.0000
1998,3,20,18,30,-0.4,12,215,17,1.4000000000000001,0.0000,0.0000
1998,3,20,19,0,-0.7000000000000001,0,0,0,1.4000000000000001,0.0000,0.0000
1998,3,20,19,30,-0.8,0,0,0,1.3,0.0000,0.0000
1998,3,20,20,0,-1,0,0,0,1.3,0.0000,0.0000
1998,3,20,20,30,-1.1,0,0,0,1.3,0.0000,0.0000
1998,3,20,21,0,-1.2000000000000002,0,0,0,1.2000000000000002,0.0000,0.0000
1998,3,20,21,30,-1.3,0,0,0,1.2000000000000002,0.0000,0.0000
1998,3,20,22,0,-1.4000000000000001,0,0,0,1.2000000000000002,0.0000,0.0000
1998,3,20,22,30,-1.3,0,0,0,1.1,0.0000,0.0000
1998,3,20,23,0,-1.3,0,0,0,1,0.0000,0.0000
1998,3,20,23,30,-1.3,0,0,0,0.9,0.0000,0.0000
1998,3,21,0,0,-1.2000000000000002,0,0,0,0.8,0.0000,0.0000
1998,3,21,0,30,-1.1,0,0,0,0.6000000000000001,0.0000,0.0000
1998,3,21,1,0,-1,0,0,0,0.4,0.0000,0.0000
1998,3,21,1,30,-1.2000000000000002,0,0,0,0.4,0.0000,0.0000
1998,3,21,2,0,-1.3,0,0,0,0.4,0.0000,0.0000
1998,3,21,2,30,-1.7000000000000002,0,0,0,0.6000000000000001,0.0000,0.0000
1998,3,21,3,0,-2,0,0,0,0.8,0.0000,0.0000
1998,3,21,3,30,-2.3000000000000003,0,0,0,0.8,0.0000,0.0000
1998,3,21,4,0,-2.6,0,0,0,0.9,0.0000,0.0000
1998,3,21,4,30,-2.7,0,0,0,0.9,0.0000,0.0000
1998,3,21,5,0,-2.8000000000000003,0,0,0,0.9,0.0000,0.0000
1998,3,21,5,30,-2.6,0,0,0,0.9,0.0000,0.0000
1998,3,21,6,0,-2.5,0,0,0,0.8,0.0000,0.0000
1998,3,21,6,30,-1.6,0,0,0,0.8,0.0000,0.0000
1998,3,21,7,0,-0.7000000000000001,29,383,62,0.7000000000000001,0.0000,0.0000
1998,3,21,7,30,0.5,48,583,154,0.6000000000000001,7.3403,5.5974
1998,3,21,8,0,1.7000000000000002,61,707,257,0.5,12.6828,9.7641
1998,3,21,8,30,3.2,73,788,360,0.8,18.6509,14.4665
1998,3,21,9,0,4.7,82,845,459,1,24.7483,19.2860
1998,3,21,9,30,5.4,89,886,551,1,30.6196,23.9328
1998,3,21,10,0,6.1000000000000005,95,916,632,1.1,35.9172,28.1287
1998,3,21,10,30,6.7,100,938,703,1.1,40.6126,31.8478
1998,3,21,11,0,7.300000000000001,103,950,757,1.2000000000000002,44.2493,34.7306
1998,3,21,11,30,7.9,106,960,799,1.2000000000000002,47.0773,36.9715
1998,3,21,12,0,8.4,110,964,826,1.3,48.8991,38.4151
1998,3,21,12,30,8.9,457,385,746,1.3,44.2437,34.7622
1998,3,21,13,0,9.3,112,962,830,1.4000000000000001,49.1798,38.6381
1998,3,21,13,30,9.600000000000001,111,957,809,1.4000000000000001,47.7541,37.5080
1998,3,21,14,0,9.8,110,941,768,1.5,45.0235,35.3458
1998,3,21,14,30,9.8,106,926,716,1.5,41.5399,32.5857
1998,3,21,15,0,9.8,421,157,516,1.5,29.4965,23.1114
1998,3,21,15,30,9.4,363,58,395,1.6,22.1268,17.3072
1998,3,21,16,0,9.1,311,50,334,1.7000000000000002,18.2027,14.2008
1998,3,21,16,30,7.4,79,787,387,1.4000000000000001,20.3335,15.7994
1998,3,21,17,0,5.800000000000001,66,722,286,1.1,14.3450,11.0747
1998,3,21,17,30,3.5,53,615,184,1.3,8.8216,6.7464
1998,3,21,18,0,1.3,47,1,47,1.5,0.0000,0.0000
1998,3,21,18,30,0.5,7,0,7,1.6,0.0000,0.0000
1998,3,21,19,0,-0.30000000000000004,0,0,0,1.6,0.0000,0.0000
1998,3,21,19,30,-0.6000000000000001,0,0,0,1.6,0.0000,0.0000
1998,3,21,20,0,-1,0,0,0,1.6,0.0000,0.0000
1998,3,21,20,30,-1.1,0,0,0,1.6,0.0000,0.0000
1998,3,21,21,0,-1.3,0,0,0,1.5,0.0000,0.0000
1998,3,21,21,30,-1.3,0,0,0,1.4000000000000001,0.0000,0.0000
1998,3,21,22,0,-1.3,0,0,0,1.3,0.0000,0.0000
1998,3,21,22,30,-1.4000000000000001,0,0,0,1.3,0.0000,0.0000
1998,3,21,23,0,-1.4000000000000001,0,0,0,1.2000000000000002,0.0000,0.0000
1998,3,21,23,30,-1.5,0,0,0,1.2000000000000002,0.0000,0.0000
1998,3,22,0,0,-1.7000000000000002,0,0,0,1.2000000000000002,0.0000,0.0000
1998,3,22,0,30,-1.6,0,0,0,1.1,0.0000,0.0000
1998,3,22,1,0,-1.4000000000000001,0,0,0,1.1,0.0000,0.0000
1998,3,22,1,30,-1.3,0,0,0,1,0.0000,0.0000
1998,3,22,2,0,-1.2000000000000002,0,0,0,1,0.0000,0.0000
1998,3,22,2,30,-1,0,0,0,0.9,0.0000,0.0000
1998,3,22,3,0,-0.9,0,0,0,0.9,0.0000,0.0000
1998,3,22,3,30,-0.7000000000000001,0,0,0,0.8,0.0000,0.0000
1998,3,22,4,0,-0.5,0,0,0,0.7000000000000001,0.0000,0.0000
1998,3,22,4,30,-0.4,0,0,0,0.6000000000000001,0.0000,0.0000
1998,3,22,5,0,-0.4,0,0,0,0.6000000000000001,0.0000,0.0000
1998,3,22,5,30,-0.30000000000000004,0,0,0,0.5,0.0000,0.0000
1998,3,22,6,0,-0.2,0,0,0,0.4,0.0000,0.0000
1998,3,22,6,30,0.1,0,0,0,0.5,0.0000,0.0000
1998,3,22,7,0,0.4,22,0,22,0.7000000000000001,0.0000,0.0000
1998,3,22,7,30,0.8,35,1,35,1.1,1.6688,1.2731
1998,3,22,8,0,1.1,30,0,30,1.5,1.4848,1.1437
1998,3,22,8,30,1.6,158,8,161,1.5,8.3646,6.4903
1998,3,22,9,0,2,88,782,441,1.6,23.8333,18.5775
1998,3,22,9,30,2.9000000000000004,234,79,275,1.7000000000000002,15.3120,11.9702
1998,3,22,10,0,3.9000000000000004,184,0,184,1.9000000000000001,10.4735,8.2034
1998,3,22,10,30,4.800000000000001,262,2,264,2,15.2725,11.9778
1998,3,22,11,0,5.7,412,146,513,2,30.0231,23.5667
1998,3,22,11,30,6.1000000000000005,279,1,280,2.2,16.5159,12.9716
1998,3,22,12,0,6.6000000000000005,379,28,400,2.4000000000000004,23.7041,18.6233
1998,3,22,12,30,6.9,439,129,536,2.8000000000000003,31.8204,25.0030
1998,3,22,13,0,7.2,444,153,559,3.3000000000000003,33.1539,26.0491
1998,3,22,13,30,7.300000000000001,433,135,532,3.5,31.4335,24.6908
1998,3,22,14,0,7.4,357,31,379,3.7,22.2412,17.4618
1998,3,22,14,30,7.5,363,74,413,3.6,23.9865,18.8176
1998,3,22,15,0,7.6000000000000005,291,15,300,3.5,17.1697,13.4543
1998,3,22,15,30,7.5,325,142,403,3.6,22.6047,17.6831
1998,3,22,16,0,7.300000000000001,82,830,476,3.6,25.9829,20.2738
1998,3,22,16,30,6.6000000000000005,75,778,382,2.9000000000000004,20.1078,15.6274
1998,3,22,17,0,5.9,64,712,284,2.1,14.2739,11.0234
1998,3,22,17,30,4.1000000000000005,52,603,184,1.7000000000000002,8.8322,6.7572
1998,3,22,18,0,2.3000000000000003,37,425,89,1.3,0.0000,0.0000
1998,3,22,18,30,1.7000000000000002,14,137,18,1.3,0.0000,0.0000
1998,3,22,19,0,1.1,0,0,0,1.3,0.0000,0.0000
1998,3,22,19,30,0.8,0,0,0,1.3,0.0000,0.0000
1998,3,22,20,0,0.5,0,0,0,1.3,0.0000,0.0000
1998,3,22,20,30,0.1,0,0,0,1.3,0.0000,0.0000
1998,3,22,21,0,-0.30000000000000004,0,0,0,1.3,0.0000,0.0000
1998,3,22,21,30,-0.5,0,0,0,1.3,0.0000,0.0000
1998,3,22,22,0,-0.8,0,0,0,1.3,0.0000,0.0000
1998,3,22,22,30,-1.1,0,0,0,1.3,0.0000,0.0000
1998,3,22,23,0,-1.3,0,0,0,1.3,0.0000,0.0000
1998,3,22,23,30,-1.3,0,0,0,1.3,0.0000,0.0000
1998,3,23,0,0,-1.3,0,0,0,1.3,0.0000,0.0000
1998,3,23,0,30,-1.3,0,0,0,1.6,0.0000,0.0000
1998,3,23,1,0,-1.2000000000000002,0,0,0,1.9000000000000001,0.0000,0.0000
1998,3,23,1,30,-1.4000000000000001,0,0,0,2.1,0.0000,0.0000
1998,3,23,2,0,-1.5,0,0,0,2.3000000000000003,0.0000,0.0000
1998,3,23,2,30,-1.6,0,0,0,2.5,0.0000,0.0000
1998,3,23,3,0,-1.7000000000000002,0,0,0,2.7,0.0000,0.0000
1998,3,23,3,30,-1.8,0,0,0,2.7,0.0000,0.0000
1998,3,23,4,0,-1.9000000000000001,0,0,0,2.8000000000000003,0.0000,0.0000
1998,3,23,4,30,-1.9000000000000001,0,0,0,2.7,0.0000,0.0000
1998,3,23,5,0,-2,0,0,0,2.7,0.0000,0.0000
1998,3,23,5,30,-2,0,0,0,2.6,0.0000,0.0000
1998,3,23,6,0,-2.1,0,0,0,2.5,0.0000,0.0000
1998,3,23,6,30,-1.8,0,0,0,2.6,0.0000,0.0000
1998,3,23,7,0,-1.5,10,0,10,2.7,0.0000,0.0000
1998,3,23,7,30,-0.9,30,0,30,2.8000000000000003,1.4314,1.0925
1998,3,23,8,0,-0.4,30,0,30,2.9000000000000004,1.4894,1.1479
1998,3,23,8,30,0.2,14,0,14,2.9000000000000004,0.7294,0.5661
1998,3,23,9,0,0.8,209,52,232,2.9000000000000004,12.5669,9.7980
1998,3,23,9,30,1.2000000000000002,117,1,118,2.9000000000000004,6.5825,5.1468
1998,3,23,10,0,1.6,145,2,146,2.8000000000000003,8.3238,6.5205
1998,3,23,10,30,1.8,129,1,129,2.7,7.4728,5.8613
1998,3,23,11,0,2,239,7,244,2.6,14.2970,11.2235
1998,3,23,11,30,2.5,291,18,304,2.5,17.9505,14.0993
1998,3,23,12,0,2.9000000000000004,290,25,310,2.3000000000000003,18.3891,14.4485
1998,3,23,12,30,3.1,311,38,340,2.2,20.2037,15.8762
1998,3,23,13,0,3.2,350,43,382,2,22.6774,17.8188
1998,3,23,13,30,3.5,325,34,349,2.1,20.6404,16.2140
1998,3,23,14,0,3.9000000000000004,315,61,358,2.1,21.0292,16.5114
1998,3,23,14,30,4.1000000000000005,172,0,172,2.2,10.0001,7.8458
1998,3,23,15,0,4.3,277,128,356,2.2,20.3980,15.9854
1998,3,23,15,30,4.2,269,122,336,2.3000000000000003,18.8722,14.7649
1998,3,23,16,0,4.1000000000000005,236,87,278,2.3000000000000003,15.1988,11.8611
1998,3,23,16,30,3.5,191,51,212,2.1,11.1797,8.6905
1998,3,23,17,0,3,157,57,175,1.8,8.8135,6.8087
1998,3,23,17,30,1.4000000000000001,119,79,137,1.4000000000000001,6.5847,5.0396
1998,3,23,18,0,-0.1,44,4,44,1,0.0000,0.0000
1998,3,23,18,30,-0.6000000000000001,10,0,10,1,0.0000,0.0000
1998,3,23,19,0,-1.1,0,0,0,1,0.0000,0.0000
1998,3,23,19,30,-1.3,0,0,0,1,0.0000,0.0000
1998,3,23,20,0,-1.6,0,0,0,1,0.0000,0.0000
1998,3,23,20,30,-1.7000000000000002,0,0,0,1,0.0000,0.0000
1998,3,23,21,0,-1.8,0,0,0,1,0.0000,0.0000
1998,3,23,21,30,-1.9000000000000001,0,0,0,1,0.0000,0.0000
1998,3,23,22,0,-2,0,0,0,1,0.0000,0.0000
1998,3,23,22,30,-2.2,0,0,0,1,0.0000,0.0000
1998,3,23,23,0,-2.4000000000000004,0,0,0,1.1,0.0000,0.0000
1998,3,23,23,30,-2.4000000000000004,0,0,0,1.1,0.0000,0.0000
1998,3,24,0,0,-2.4000000000000004,0,0,0,1.2000000000000002,0.0000,0.0000
1998,3,24,0,30,-2.4000000000000004,0,0,0,1.2000000000000002,0.0000,0.0000
1998,3,24,1,0,-2.3000000000000003,0,0,0,1.2000000000000002,0.0000,0.0000
1998,3,24,1,30,-2.1,0,0,0,1.3,0.0000,0.0000
1998,3,24,2,0,-1.9000000000000001,0,0,0,1.3,0.0000,0.0000
1998,3,24,2,30,-1.9000000000000001,0,0,0,1.6,0.0000,0.0000
1998,3,24,3,0,-1.8,0,0,0,1.8,0.0000,0.0000
1998,3,24,3,30,-1.8,0,0,0,2.1,0.0000,0.0000
1998,3,24,4,0,-1.8,0,0,0,2.4000000000000004,0.0000,0.0000
1998,3,24,4,30,-1.8,0,0,0,2.6,0.0000,0.0000
1998,3,24,5,0,-1.9000000000000001,0,0,0,2.8000000000000003,0.0000,0.0000
1998,3,24,5,30,-1.9000000000000001,0,0,0,3,0.0000,0.0000
1998,3,24,6,0,-2,0,0,0,3.1,0.0000,0.0000
1998,3,24,6,30,-1.5,0,0,0,3.6,0.0000,0.0000
1998,3,24,7,0,-1.1,20,0,20,4,0.0000,0.0000
1998,3,24,7,30,-0.2,17,0,17,4.7,0.8119,0.6200
1998,3,24,8,0,0.7000000000000001,12,0,12,5.4,0.5975,0.4608
1998,3,24,8,30,1.3,128,11,133,5.6000000000000005,6.9482,5.3951
1998,3,24,9,0,1.8,15,0,15,5.9,0.8144,0.6351
1998,3,24,9,30,2.2,21,0,21,6.2,1.1736,0.9178
1998,3,24,10,0,2.7,86,0,86,6.5,4.9105,3.8472
1998,3,24,10,30,3.6,215,4,218,6.800000000000001,12.6454,9.9195
1998,3,24,11,0,4.5,178,2,180,7.2,10.5593,8.2900
1998,3,24,11,30,5.2,304,22,321,7.300000000000001,18.9745,14.9048
1998,3,24,12,0,5.9,329,40,359,7.4,21.3167,16.7499
1998,3,24,12,30,6.2,389,36,416,7.300000000000001,24.7434,19.4447
1998,3,24,13,0,6.5,448,234,626,7.300000000000001,37.1968,29.2293
1998,3,24,13,30,6.9,446,178,578,7.2,34.2158,26.8798
1998,3,24,14,0,7.4,331,347,578,7.1000000000000005,33.9857,26.6863
1998,3,24,14,30,8.1,320,17,332,6.9,19.3220,15.1606
1998,3,24,15,0,8.8,341,65,381,6.7,21.8559,17.1296
1998,3,24,15,30,9.200000000000001,274,240,407,6.4,22.8895,17.9100
1998,3,24,16,0,9.600000000000001,221,286,359,6.1000000000000005,19.6566,15.3422
1998,3,24,16,30,9,192,152,254,5.800000000000001,13.4187,10.4333
1998,3,24,17,0,8.4,161,93,190,5.6000000000000005,9.5876,7.4089
1998,3,24,17,30,7.300000000000001,94,2,95,5.4,4.5723,3.5007
1998,3,24,18,0,6.2,41,2,41,5.2,0.0000,0.0000
1998,3,24,18,30,5.6000000000000005,10,0,10,5.300000000000001,0.0000,0.0000
1998,3,24,19,0,4.9,0,0,0,5.300000000000001,0.0000,0.0000
1998,3,24,19,30,4.5,0,0,0,5.2,0.0000,0.0000
1998,3,24,20,0,4.1000000000000005,0,0,0,5.2,0.0000,0.0000
1998,3,24,20,30,4,0,0,0,5.2,0.0000,0.0000
1998,3,24,21,0,3.9000000000000004,0,0,0,5.2,0.0000,0.0000
1998,3,24,21,30,4.2,0,0,0,5.2,0.0000,0.0000
1998,3,24,22,0,4.5,0,0,0,5.2,0.0000,0.0000
1998,3,24,22,30,5,0,0,0,5.2,0.0000,0.0000
1998,3,24,23,0,5.4,0,0,0,5.2,0.0000,0.0000
1998,3,24,23,30,5.800000000000001,0,0,0,5.1000000000000005,0.0000,0.0000
1998,3,25,0,0,6.1000000000000005,0,0,0,5.1000000000000005,0.0000,0.0000
1998,3,25,0,30,6.2,0,0,0,5.1000000000000005,0.0000,0.0000
1998,3,25,1,0,6.300000000000001,0,0,0,5,0.0000,0.0000
1998,3,25,1,30,6.300000000000001,0,0,0,4.9,0.0000,0.0000
1998,3,25,2,0,6.4,0,0,0,4.800000000000001,0.0000,0.0000
1998,3,25,2,30,6.5,0,0,0,4.7,0.0000,0.0000
1998,3,25,3,0,6.5,0,0,0,4.6000000000000005,0.0000,0.0000
1998,3,25,3,30,6.6000000000000005,0,0,0,4.5,0.0000,0.0000
1998,3,25,4,0,6.7,0,0,0,4.5,0.0000,0.0000
1998,3,25,4,30,6.800000000000001,0,0,0,4.4,0.0000,0.0000
1998,3,25,5,0,6.800000000000001,0,0,0,4.3,0.0000,0.0000
1998,3,25,5,30,6.9,0,0,0,4.1000000000000005,0.0000,0.0000
1998,3,25,6,0,6.9,0,0,0,3.9000000000000004,0.0000,0.0000
1998,3,25,6,30,7.2,0,0,0,3.7,0.0000,0.0000
1998,3,25,7,0,7.5,36,2,36,3.4000000000000004,0.0000,0.0000
1998,3,25,7,30,7.9,12,0,12,3.2,0.5738,0.4384
1998,3,25,8,0,8.4,155,170,205,3,10.2383,7.8986
1998,3,25,8,30,9.1,87,681,350,3,18.3344,14.2408
1998,3,25,9,0,9.9,99,730,440,3.1,23.9409,18.6745
1998,3,25,9,30,11.3,195,534,484,3.4000000000000004,27.0984,21.1949
1998,3,25,10,0,12.600000000000001,215,562,556,3.7,31.7949,24.9130
1998,3,25,10,30,14,377,217,520,4,30.2020,23.6937
1998,3,25,11,0,15.3,114,861,723,4.2,42.4610,33.3384
1998,3,25,11,30,16.400000000000002,116,873,762,4.5,45.0894,35.4211
1998,3,25,12,0,17.400000000000002,353,156,471,4.800000000000001,27.9941,21.9982
1998,3,25,12,30,18.1,337,5,341,5.1000000000000005,20.3010,15.9546
1998,3,25,13,0,18.7,262,1,263,5.300000000000001,15.6416,12.2919
1998,3,25,13,30,19.1,225,0,225,5.300000000000001,13.3315,10.4739
1998,3,25,14,0,19.5,214,0,214,5.300000000000001,12.5948,9.8904
1998,3,25,14,30,19.5,201,0,202,4.9,11.7682,9.2344
1998,3,25,15,0,19.6,147,0,147,4.5,8.4420,6.6170
1998,3,25,15,30,19.6,202,1,203,4.1000000000000005,11.4311,8.9453
1998,3,25,16,0,19.6,270,60,299,3.6,16.3955,12.7988
1998,3,25,16,30,18.6,160,4,162,2.8000000000000003,8.5737,6.6676
1998,3,25,17,0,17.5,130,5,132,2,6.6744,5.1593
1998,3,25,17,30,15.4,71,1,71,1.8,3.4221,2.6211
1998,3,25,18,0,13.3,36,441,95,1.7000000000000002,0.0000,0.0000
1998,3,25,18,30,12.4,15,186,23,1.7000000000000002,0.0000,0.0000
1998,3,25,19,0,11.4,0,0,0,1.7000000000000002,0.0000,0.0000
1998,3,25,19,30,11,0,0,0,1.8,0.0000,0.0000
1998,3,25,20,0,10.600000000000001,0,0,0,1.9000000000000001,0.0000,0.0000
1998,3,25,20,30,10.4,0,0,0,2.1,0.0000,0.0000
1998,3,25,21,0,10.200000000000001,0,0,0,2.3000000000000003,0.0000,0.0000
1998,3,25,21,30,10,0,0,0,2.4000000000000004,0.0000,0.0000
1998,3,25,22,0,9.9,0,0,0,2.5,0.0000,0.0000
1998,3,25,22,30,9.8,0,0,0,2.6,0.0000,0.0000
1998,3,25,23,0,9.600000000000001,0,0,0,2.7,0.0000,0.0000
1998,3,25,23,30,9.5,0,0,0,2.8000000000000003,0.0000,0.0000
1998,3,26,0,0,9.3,0,0,0,2.9000000000000004,0.0000,0.0000
1998,3,26,0,30,9.200000000000001,0,0,0,3,0.0000,0.0000
1998,3,26,1,0,9.200000000000001,0,0,0,3.1,0.0000,0.0000
1998,3,26,1,30,9.5,0,0,0,3.4000000000000004,0.0000,0.0000
1998,3,26,2,0,9.700000000000001,0,0,0,3.6,0.0000,0.0000
1998,3,26,2,30,10.100000000000001,0,0,0,3.8000000000000003,0.0000,0.0000
1998,3,26,3,0,10.5,0,0,0,4,0.0000,0.0000
1998,3,26,3,30,10.5,0,0,0,4,0.0000,0.0000
1998,3,26,4,0,10.5,0,0,0,4,0.0000,0.0000
1998,3,26,4,30,10.3,0,0,0,4,0.0000,0.0000
1998,3,26,5,0,10.100000000000001,0,0,0,4,0.0000,0.0000
1998,3,26,5,30,10.100000000000001,0,0,0,4,0.0000,0.0000
1998,3,26,6,0,10,0,0,0,4.1000000000000005,0.0000,0.0000
1998,3,26,6,30,10.4,5,0,5,4.5,0.0000,0.0000
1998,3,26,7,0,10.8,33,0,33,4.800000000000001,0.0000,0.0000
1998,3,26,7,30,11.4,44,634,178,5.2,8.5248,6.5171
1998,3,26,8,0,12,54,741,279,5.6000000000000005,13.9770,10.7884
1998,3,26,8,30,13.200000000000001,62,811,379,5.6000000000000005,19.9068,15.4672
1998,3,26,9,0,14.3,68,862,475,5.6000000000000005,25.9019,20.2086
1998,3,26,9,30,15.700000000000001,72,894,562,5.300000000000001,31.5216,24.6584
1998,3,26,10,0,17.1,76,922,640,5,36.6541,28.7240
1998,3,26,10,30,18.400000000000002,79,938,706,4.4,41.0580,32.2135
1998,3,26,11,0,19.700000000000003,82,948,757,3.9000000000000004,44.5081,34.9485
1998,3,26,11,30,21,85,957,798,3.5,47.2682,37.1353
1998,3,26,12,0,22.400000000000002,91,950,819,3.2,48.7239,38.2905
1998,3,26,12,30,23,92,953,829,3.1,49.3989,38.8252
1998,3,26,13,0,23.6,99,936,817,3,48.6334,38.2209
1998,3,26,13,30,23.400000000000002,212,700,737,3,43.7077,34.3410
1998,3,26,14,0,23.200000000000003,192,692,691,3.1,40.7060,31.9675
1998,3,26,14,30,22.6,284,461,597,3.2,34.8144,27.3205
1998,3,26,15,0,22.1,308,256,468,3.3000000000000003,26.9060,21.0913
1998,3,26,15,30,21,403,0,403,3.3000000000000003,22.7208,17.7818
1998,3,26,16,0,19.8,254,100,303,3.3000000000000003,16.6392,12.9908
1998,3,26,16,30,18.3,16,761,328,3.2,17.3886,13.5254
1998,3,26,17,0,16.8,112,12,116,3.1,5.8773,4.5445
1998,3,26,17,30,15.600000000000001,120,48,131,3.1,6.3230,4.8449
1998,3,26,18,0,14.4,46,3,46,3.1,0.0000,0.0000
1998,3,26,18,30,14,12,0,12,3.2,0.0000,0.0000
1998,3,26,19,0,13.600000000000001,0,0,0,3.4000000000000004,0.0000,0.0000
1998,3,26,19,30,13.9,0,0,0,4,0.0000,0.0000
1998,3,26,20,0,14.200000000000001,0,0,0,4.6000000000000005,0.0000,0.0000
1998,3,26,20,30,14.4,0,0,0,4.800000000000001,0.0000,0.0000
1998,3,26,21,0,14.5,0,0,0,5.1000000000000005,0.0000,0.0000
1998,3,26,21,30,14.600000000000001,0,0,0,5.300000000000001,0.0000,0.0000
1998,3,26,22,0,14.8,0,0,0,5.6000000000000005,0.0000,0.0000
1998,3,26,22,30,14.8,0,0,0,5.5,0.0000,0.0000
1998,3,26,23,0,14.700000000000001,0,0,0,5.4,0.0000,0.0000
1998,3,26,23,30,14.5,0,0,0,5.2,0.0000,0.0000
1998,3,27,0,0,14.3,0,0,0,5.1000000000000005,0.0000,0.0000
1998,3,27,0,30,13.700000000000001,0,0,0,4.6000000000000005,0.0000,0.0000
1998,3,27,1,0,13.200000000000001,0,0,0,4.2,0.0000,0.0000
1998,3,27,1,30,13,0,0,0,4.3,0.0000,0.0000
1998,3,27,2,0,12.9,0,0,0,4.3,0.0000,0.0000
1998,3,27,2,30,12.8,0,0,0,4.4,0.0000,0.0000
1998,3,27,3,0,12.700000000000001,0,0,0,4.4,0.0000,0.0000
1998,3,27,3,30,12.700000000000001,0,0,0,4.6000000000000005,0.0000,0.0000
1998,3,27,4,0,12.700000000000001,0,0,0,4.800000000000001,0.0000,0.0000
1998,3,27,4,30,12.600000000000001,0,0,0,4.7,0.0000,0.0000
1998,3,27,5,0,12.5,0,0,0,4.7,0.0000,0.0000
1998,3,27,5,30,12.4,0,0,0,4.7,0.0000,0.0000
1998,3,27,6,0,12.4,0,0,0,4.7,0.0000,0.0000
1998,3,27,6,30,13,4,0,4,4.9,0.0000,0.0000
1998,3,27,7,0,13.600000000000001,19,0,19,5.1000000000000005,0.0000,0.0000
1998,3,27,7,30,14.5,19,0,19,5.300000000000001,0.9115,0.6973
1998,3,27,8,0,15.4,50,0,50,5.4,2.5123,1.9401
1998,3,27,8,30,16,63,0,63,5.7,3.3178,2.5787
1998,3,27,9,0,16.6,73,0,73,6,3.9893,3.1131
1998,3,27,9,30,16.7,132,2,133,5.800000000000001,7.4728,5.8467
1998,3,27,10,0,16.8,163,2,164,5.5,9.4063,7.3721
1998,3,27,10,30,16.8,170,2,171,5.300000000000001,9.9569,7.8128
1998,3,27,11,0,16.7,98,0,98,5.1000000000000005,5.7684,4.5298
1998,3,27,11,30,16.6,178,1,179,5.300000000000001,10.6132,8.3386
1998,3,27,12,0,16.400000000000002,135,0,135,5.4,8.0389,6.3179
1998,3,27,12,30,16.2,144,0,145,5.800000000000001,8.6480,6.7973
1998,3,27,13,0,16.1,161,1,161,6.2,9.5922,7.5390
1998,3,27,13,30,16,191,2,192,6.300000000000001,11.3964,8.9547
1998,3,27,14,0,15.9,126,0,126,6.4,7.4293,5.8348
1998,3,27,14,30,16.1,113,0,114,6.2,6.6544,5.2224
1998,3,27,15,0,16.2,146,2,147,6,8.4601,6.6323
1998,3,27,15,30,16,173,6,176,5.5,9.9351,7.7762
1998,3,27,16,0,15.8,62,0,62,5,3.4096,2.6624
1998,3,27,16,30,15,42,0,42,4.5,2.2305,1.7353
1998,3,27,17,0,14.200000000000001,132,18,138,4,7.0055,5.4184
1998,3,27,17,30,13.700000000000001,69,3,69,4.2,3.3356,2.5568
1998,3,27,18,0,13.200000000000001,28,0,28,4.4,0.0000,0.0000
1998,3,27,18,30,12.8,7,0,7,4.2,0.0000,0.0000
1998,3,27,19,0,12.5,0,0,0,4.1000000000000005,0.0000,0.0000
1998,3,27,19,30,12,0,0,0,3.8000000000000003,0.0000,0.0000
1998,3,27,20,0,11.600000000000001,0,0,0,3.5,0.0000,0.0000
1998,3,27,20,30,11.100000000000001,0,0,0,3.1,0.0000,0.0000
1998,3,27,21,0,10.600000000000001,0,0,0,2.7,0.0000,0.0000
1998,3,27,21,30,10.200000000000001,0,0,0,2.4000000000000004,0.0000,0.0000
1998,3,27,22,0,9.8,0,0,0,2.2,0.0000,0.0000
1998,3,27,22,30,9.600000000000001,0,0,0,2.6,0.0000,0.0000
1998,3,27,23,0,9.4,0,0,0,3,0.0000,0.0000
1998,3,27,23,30,9.1,0,0,0,3.7,0.0000,0.0000
1998,3,28,0,0,8.8,0,0,0,4.4,0.0000,0.0000
1998,3,28,0,30,8.4,0,0,0,4.9,0.0000,0.0000
1998,3,28,1,0,8,0,0,0,5.5,0.0000,0.0000
1998,3,28,1,30,7.800000000000001,0,0,0,6,0.0000,0.0000
1998,3,28,2,0,7.6000000000000005,0,0,0,6.5,0.0000,0.0000
1998,3,28,2,30,7.4,0,0,0,6.4,0.0000,0.0000
1998,3,28,3,0,7.2,0,0,0,6.300000000000001,0.0000,0.0000
1998,3,28,3,30,6.9,0,0,0,5.800000000000001,0.0000,0.0000
1998,3,28,4,0,6.6000000000000005,0,0,0,5.300000000000001,0.0000,0.0000
1998,3,28,4,30,6.4,0,0,0,5,0.0000,0.0000
1998,3,28,5,0,6.2,0,0,0,4.7,0.0000,0.0000
1998,3,28,5,30,6.2,0,0,0,4.5,0.0000,0.0000
1998,3,28,6,0,6.2,0,0,0,4.4,0.0000,0.0000
1998,3,28,6,30,6.300000000000001,15,139,19,4.4,0.0000,0.0000
1998,3,28,7,0,6.5,38,420,91,4.4,0.0000,0.0000
1998,3,28,7,30,6.9,45,0,45,4.3,2.1631,1.6556
1998,3,28,8,0,7.300000000000001,150,8,153,4.2,7.7106,5.9572
1998,3,28,8,30,8.200000000000001,206,20,214,3.9000000000000004,11.2994,8.7849
1998,3,28,9,0,9.200000000000001,177,1,177,3.6,9.6932,7.5658
1998,3,28,9,30,10.5,177,0,177,3.4000000000000004,9.9622,7.7955
1998,3,28,10,0,11.9,252,2,253,3.1,14.5317,11.3904
1998,3,28,10,30,12.9,244,1,244,3,14.2248,11.1627
1998,3,28,11,0,14,310,3,311,2.8000000000000003,18.3252,14.3915
1998,3,28,11,30,14.5,309,2,311,2.8000000000000003,18.4580,14.5032
1998,3,28,12,0,15.100000000000001,283,12,292,2.7,17.4038,13.6788
1998,3,28,12,30,15.3,380,136,486,2.6,29.0107,22.8038
1998,3,28,13,0,15.5,338,411,658,2.5,39.2359,30.8390
1998,3,28,13,30,15.3,409,343,669,2.5,39.7432,31.2298
1998,3,28,14,0,15,308,433,623,2.5,36.7658,28.8769
1998,3,28,14,30,14.8,332,223,486,2.7,28.3959,22.2868
1998,3,28,15,0,14.600000000000001,304,117,378,2.8000000000000003,21.7778,17.0742
1998,3,28,15,30,14.5,274,85,322,3,18.1981,14.2452
1998,3,28,16,0,14.5,253,142,324,3.2,17.8436,13.9350
1998,3,28,16,30,14.100000000000001,195,39,211,2.9000000000000004,11.2242,8.7340
1998,3,28,17,0,13.700000000000001,131,19,137,2.5,6.9681,5.3910
1998,3,28,17,30,12,108,326,186,2.2,9.0061,6.9061
1998,3,28,18,0,10.4,35,1,35,1.8,0.0000,0.0000
1998,3,28,18,30,10,13,0,13,2.3000000000000003,0.0000,0.0000
1998,3,28,19,0,9.5,0,0,0,2.8000000000000003,0.0000,0.0000
1998,3,28,19,30,9.700000000000001,0,0,0,3.2,0.0000,0.0000
1998,3,28,20,0,9.9,0,0,0,3.7,0.0000,0.0000
1998,3,28,20,30,9.9,0,0,0,3.8000000000000003,0.0000,0.0000
1998,3,28,21,0,9.8,0,0,0,4,0.0000,0.0000
1998,3,28,21,30,9.700000000000001,0,0,0,4,0.0000,0.0000
1998,3,28,22,0,9.600000000000001,0,0,0,4,0.0000,0.0000
1998,3,28,22,30,9.5,0,0,0,3.9000000000000004,0.0000,0.0000
1998,3,28,23,0,9.3,0,0,0,3.8000000000000003,0.0000,0.0000
1998,3,28,23,30,9.3,0,0,0,3.7,0.0000,0.0000
1998,3,29,0,0,9.200000000000001,0,0,0,3.5,0.0000,0.0000
1998,3,29,0,30,9.3,0,0,0,3.4000000000000004,0.0000,0.0000
1998,3,29,1,0,9.4,0,0,0,3.2,0.0000,0.0000
1998,3,29,1,30,9.5,0,0,0,3.3000000000000003,0.0000,0.0000
1998,3,29,2,0,9.600000000000001,0,0,0,3.4000000000000004,0.0000,0.0000
1998,3,29,2,30,9.700000000000001,0,0,0,3.2,0.0000,0.0000
1998,3,29,3,0,9.700000000000001,0,0,0,3,0.0000,0.0000
1998,3,29,3,30,9.600000000000001,0,0,0,3,0.0000,0.0000
1998,3,29,4,0,9.600000000000001,0,0,0,3.1,0.0000,0.0000
1998,3,29,4,30,9.600000000000001,0,0,0,3.1,0.0000,0.0000
1998,3,29,5,0,9.700000000000001,0,0,0,3.2,0.0000,0.0000
1998,3,29,5,30,9.9,0,0,0,3.3000000000000003,0.0000,0.0000
1998,3,29,6,0,10.200000000000001,0,0,0,3.4000000000000004,0.0000,0.0000
1998,3,29,6,30,11.3,7,0,7,4,0.0000,0.0000
1998,3,29,7,0,12.4,53,7,54,4.6000000000000005,0.0000,0.0000
1998,3,29,7,30,13.700000000000001,121,119,148,5.2,7.1289,5.4594
1998,3,29,8,0,15.100000000000001,134,5,136,5.9,6.8742,5.3134
1998,3,29,8,30,16.6,145,17,151,7,7.9934,6.2165
1998,3,29,9,0,18.1,177,16,185,8.200000000000001,10.1518,7.9254
1998,3,29,9,30,19.3,13,0,13,8.8,0.7329,0.5736
1998,3,29,10,0,20.5,152,0,152,9.4,8.7428,6.8536
1998,3,29,10,30,21.400000000000002,197,0,197,9.5,11.4989,9.0244
1998,3,29,11,0,22.200000000000003,393,90,458,9.600000000000001,27.0160,21.2184
1998,3,29,11,30,22.900000000000002,372,23,390,9.5,23.1687,18.2057
1998,3,29,12,0,23.5,107,919,822,9.5,49.0359,38.5429
1998,3,29,12,30,23.900000000000002,107,921,831,9.4,49.6470,39.0271
1998,3,29,13,0,24.3,353,502,745,9.4,44.4613,34.9481
1998,3,29,13,30,24.5,104,917,803,9.4,47.7449,37.5197
1998,3,29,14,0,24.700000000000003,100,908,765,9.3,45.1860,35.4925
1998,3,29,14,30,24.700000000000003,399,149,502,9.1,29.3583,23.0438
1998,3,29,15,0,24.8,91,876,649,9,37.4290,29.3474
1998,3,29,15,30,24.400000000000002,86,852,575,8.3,32.5360,25.4714
1998,3,29,16,0,24.1,246,330,411,7.5,22.6655,17.7031
1998,3,29,16,30,23,71,782,399,6.5,21.2600,16.5462
1998,3,29,17,0,22,60,730,304,5.5,15.4915,11.9887
1998,3,29,17,30,20.1,131,107,157,4.9,7.6139,5.8407
1998,3,29,18,0,18.2,36,504,111,4.2,0.0000,0.0000
1998,3,29,18,30,16.6,18,255,31,4,0.0000,0.0000
1998,3,29,19,0,15,0,0,0,3.7,0.0000,0.0000
1998,3,29,19,30,13.5,0,0,0,4,0.0000,0.0000
1998,3,29,20,0,11.9,0,0,0,4.4,0.0000,0.0000
1998,3,29,20,30,10.5,0,0,0,4.9,0.0000,0.0000
1998,3,29,21,0,9,0,0,0,5.5,0.0000,0.0000
1998,3,29,21,30,8,0,0,0,5.4,0.0000,0.0000
1998,3,29,22,0,6.9,0,0,0,5.4,0.0000,0.0000
1998,3,29,22,30,6.4,0,0,0,5.6000000000000005,0.0000,0.0000
1998,3,29,23,0,5.800000000000001,0,0,0,5.800000000000001,0.0000,0.0000
1998,3,29,23,30,5.6000000000000005,0,0,0,5.5,0.0000,0.0000
1998,3,30,0,0,5.4,0,0,0,5.300000000000001,0.0000,0.0000
1998,3,30,0,30,5.300000000000001,0,0,0,4.7,0.0000,0.0000
1998,3,30,1,0,5.2,0,0,0,4.2,0.0000,0.0000
1998,3,30,1,30,5.1000000000000005,0,0,0,5,0.0000,0.0000
1998,3,30,2,0,5,0,0,0,5.800000000000001,0.0000,0.0000
1998,3,30,2,30,5,0,0,0,4.1000000000000005,0.0000,0.0000
1998,3,30,3,0,5.1000000000000005,0,0,0,2.3000000000000003,0.0000,0.0000
1998,3,30,3,30,5,0,0,0,2.7,0.0000,0.0000
1998,3,30,4,0,4.9,0,0,0,3.2,0.0000,0.0000
1998,3,30,4,30,4.6000000000000005,0,0,0,3.7,0.0000,0.0000
1998,3,30,5,0,4.3,0,0,0,4.3,0.0000,0.0000
1998,3,30,5,30,3.7,0,0,0,4.6000000000000005,0.0000,0.0000
1998,3,30,6,0,3.1,0,0,0,4.9,0.0000,0.0000
1998,3,30,6,30,3,3,0,3,4.9,0.0000,0.0000
1998,3,30,7,0,3,16,0,16,4.9,0.0000,0.0000
1998,3,30,7,30,3.6,86,2,86,5.2,4.1519,3.1815
1998,3,30,8,0,4.2,19,0,19,5.5,0.9632,0.7448
1998,3,30,8,30,4.800000000000001,163,4,164,5.5,8.7029,6.7702
1998,3,30,9,0,5.4,83,0,83,5.4,4.5640,3.5637
1998,3,30,9,30,5.800000000000001,211,20,222,5.300000000000001,12.5365,9.8127
1998,3,30,10,0,6.2,212,1,212,5.1000000000000005,12.2107,9.5733
1998,3,30,10,30,6.6000000000000005,232,1,232,4.7,13.5578,10.6411
1998,3,30,11,0,7,203,0,203,4.2,11.9867,9.4150
1998,3,30,11,30,7.5,114,0,114,4.3,6.7787,5.3270
1998,3,30,12,0,8.1,274,1,275,4.3,16.4195,12.9067
1998,3,30,12,30,8.3,246,0,246,4.3,14.7092,11.5635
1998,3,30,13,0,8.5,204,0,204,4.3,12.1845,9.5780
1998,3,30,13,30,8.4,266,1,267,4.4,15.8885,12.4864
1998,3,30,14,0,8.3,178,0,178,4.4,10.5228,8.2659
1998,3,30,14,30,8.1,74,0,74,4.6000000000000005,4.3317,3.4003
1998,3,30,15,0,8,263,32,284,4.800000000000001,16.3959,12.8568
1998,3,30,15,30,7.800000000000001,37,0,37,4.9,2.0960,1.6411
1998,3,30,16,0,7.7,241,28,254,5,14.0270,10.9573
1998,3,30,16,30,7.4,81,0,81,5,4.3233,3.3654
1998,3,30,17,0,7.2,89,0,89,4.9,4.5444,3.5178
1998,3,30,17,30,6.7,75,1,75,4.4,3.6434,2.7960
1998,3,30,18,0,6.2,28,0,28,3.9000000000000004,0.0000,0.0000
1998,3,30,18,30,5.9,10,0,10,3.9000000000000004,0.0000,0.0000
1998,3,30,19,0,5.5,0,0,0,4,0.0000,0.0000
1998,3,30,19,30,5.2,0,0,0,4,0.0000,0.0000
1998,3,30,20,0,4.9,0,0,0,4.1000000000000005,0.0000,0.0000
1998,3,30,20,30,4.7,0,0,0,3.9000000000000004,0.0000,0.0000
1998,3,30,21,0,4.5,0,0,0,3.8000000000000003,0.0000,0.0000
1998,3,30,21,30,4.2,0,0,0,3.8000000000000003,0.0000,0.0000
1998,3,30,22,0,3.9000000000000004,0,0,0,3.8000000000000003,0.0000,0.0000
1998,3,30,22,30,3.6,0,0,0,3.6,0.0000,0.0000
1998,3,30,23,0,3.4000000000000004,0,0,0,3.5,0.0000,0.0000
1998,3,30,23,30,3.2,0,0,0,3.5,0.0000,0.0000
1998,3,31,0,0,3,0,0,0,3.5,0.0000,0.0000
1998,3,31,0,30,2.9000000000000004,0,0,0,3.6,0.0000,0.0000
1998,3,31,1,0,2.9000000000000004,0,0,0,3.8000000000000003,0.0000,0.0000
1998,3,31,1,30,2.6,0,0,0,4,0.0000,0.0000
1998,3,31,2,0,2.4000000000000004,0,0,0,4.3,0.0000,0.0000
1998,3,31,2,30,2.1,0,0,0,4.3,0.0000,0.0000
1998,3,31,3,0,1.7000000000000002,0,0,0,4.4,0.0000,0.0000
1998,3,31,3,30,1.5,0,0,0,4.2,0.0000,0.0000
1998,3,31,4,0,1.2000000000000002,0,0,0,4,0.0000,0.0000
1998,3,31,4,30,1.1,0,0,0,3.9000000000000004,0.0000,0.0000
1998,3,31,5,0,1,0,0,0,3.9000000000000004,0.0000,0.0000
1998,3,31,5,30,0.9,0,0,0,3.8000000000000003,0.0000,0.0000
1998,3,31,6,0,0.9,0,0,0,3.8000000000000003,0.0000,0.0000
1998,3,31,6,30,1.2000000000000002,7,0,7,3.9000000000000004,0.0000,0.0000
1998,3,31,7,0,1.5,20,0,20,4,0.0000,0.0000
1998,3,31,7,30,1.9000000000000001,64,550,195,3.7,9.4360,7.2348
1998,3,31,8,0,2.4000000000000004,148,27,157,3.5,7.9824,6.1754
1998,3,31,8,30,2.8000000000000003,53,0,53,3.3000000000000003,2.8196,2.1940
1998,3,31,9,0,3.2,130,2,131,3,7.2175,5.6368
1998,3,31,9,30,3.4000000000000004,81,0,81,3,4.5814,3.5865
1998,3,31,10,0,3.7,285,38,310,3,17.8789,14.0186
1998,3,31,10,30,4.1000000000000005,306,30,327,3.1,19.1316,15.0171
1998,3,31,11,0,4.4,367,67,416,3.2,24.5893,19.3153
1998,3,31,11,30,4.800000000000001,406,86,472,3.4000000000000004,28.0927,22.0778
1998,3,31,12,0,5.2,389,74,448,3.6,26.7715,21.0452
1998,3,31,12,30,5.5,342,47,379,3.7,22.6805,17.8309
1998,3,31,13,0,5.9,357,4,360,3.9000000000000004,21.5193,16.9167
1998,3,31,13,30,5.9,348,4,351,4.1000000000000005,20.9041,16.4290
1998,3,31,14,0,6,317,3,319,4.3,18.8740,14.8269
1998,3,31,14,30,5.7,323,159,434,4.6000000000000005,25.4276,19.9611
1998,3,31,15,0,5.5,229,9,235,4.9,13.5805,10.6499
1998,3,31,15,30,4.9,267,61,303,5.2,17.1844,13.4557
1998,3,31,16,0,4.4,151,5,153,5.5,8.4605,6.6098
1998,3,31,16,30,3.7,218,59,243,5.800000000000001,12.9899,10.1134
1998,3,31,17,0,2.9000000000000004,162,28,171,6.1000000000000005,8.7479,6.7736
1998,3,31,17,30,2.2,113,14,117,5.800000000000001,5.6930,4.3705
1998,3,31,18,0,1.5,25,0,25,5.6000000000000005,0.0000,0.0000
1998,3,31,18,30,1.1,10,0,10,5.5,0.0000,0.0000
1998,3,31,19,0,0.7000000000000001,0,0,0,5.300000000000001,0.0000,0.0000
1998,3,31,19,30,0.6000000000000001,0,0,0,5.5,0.0000,0.0000
1998,3,31,20,0,0.5,0,0,0,5.7,0.0000,0.0000
1998,3,31,20,30,0.5,0,0,0,5.800000000000001,0.0000,0.0000
1998,3,31,21,0,0.5,0,0,0,5.800000000000001,0.0000,0.0000
1998,3,31,21,30,0.5,0,0,0,5.800000000000001,0.0000,0.0000
1998,3,31,22,0,0.5,0,0,0,5.9,0.0000,0.0000
1998,3,31,22,30,0.4,0,0,0,6.1000000000000005,0.0000,0.0000
1998,3,31,23,0,0.4,0,0,0,6.300000000000001,0.0000,0.0000
1998,3,31,23,30,0.2,0,0,0,6.5,0.0000,0.0000
1998,4,1,0,0,0.1,0,0,0,6.7,0.0000,0.0000
1998,4,1,0,30,-0.1,0,0,0,6.9,0.0000,0.0000
1998,4,1,1,0,-0.2,0,0,0,7.1000000000000005,0.0000,0.0000
1998,4,1,1,30,-0.4,0,0,0,7.300000000000001,0.0000,0.0000
1998,4,1,2,0,-0.5,0,0,0,7.5,0.0000,0.0000
1998,4,1,2,30,-0.5,0,0,0,7.6000000000000005,0.0000,0.0000
1998,4,1,3,0,-0.4,0,0,0,7.800000000000001,0.0000,0.0000
1998,4,1,3,30,-0.30000000000000004,0,0,0,7.800000000000001,0.0000,0.0000
1998,4,1,4,0,-0.2,0,0,0,7.9,0.0000,0.0000
1998,4,1,4,30,-0.30000000000000004,0,0,0,7.800000000000001,0.0000,0.0000
1998,4,1,5,0,-0.30000000000000004,0,0,0,7.800000000000001,0.0000,0.0000
1998,4,1,5,30,-0.4,0,0,0,7.6000000000000005,0.0000,0.0000
1998,4,1,6,0,-0.5,0,0,0,7.4,0.0000,0.0000
1998,4,1,6,30,0.2,9,0,9,7.4,0.0000,0.0000
1998,4,1,7,0,0.9,38,506,113,7.5,0.0000,0.0000
1998,4,1,7,30,2,52,654,210,7.800000000000001,10.1866,7.8147
1998,4,1,8,0,3.2,114,1,115,8.200000000000001,5.8640,4.5385
1998,4,1,8,30,4.2,224,31,237,8.700000000000001,12.6384,9.8371
1998,4,1,9,0,5.2,265,40,285,9.200000000000001,15.7326,12.2892
1998,4,1,9,30,6.1000000000000005,223,2,224,9.4,12.6895,9.9352
1998,4,1,10,0,6.9,247,1,248,9.600000000000001,14.3223,11.2311
1998,4,1,10,30,7.5,407,130,497,9.8,29.1107,22.8520
1998,4,1,11,0,8.1,436,183,572,9.9,33.8440,26.5868
1998,4,1,11,30,8.5,452,170,583,9.9,34.7306,27.2961
1998,4,1,12,0,8.9,455,145,570,9.9,34.0904,26.8001
1998,4,1,12,30,9.3,86,983,870,9.700000000000001,52.1054,40.9664
1998,4,1,13,0,9.600000000000001,85,982,863,9.600000000000001,51.6271,40.5872
1998,4,1,13,30,9.8,417,334,676,9.4,40.2910,31.6673
1998,4,1,14,0,10,82,971,803,9.200000000000001,47.5497,37.3557
1998,4,1,14,30,10.100000000000001,80,958,751,8.8,44.0401,34.5746
1998,4,1,15,0,10.200000000000001,78,938,685,8.5,39.6232,31.0750
1998,4,1,15,30,10,74,914,608,8,34.5194,27.0318
1998,4,1,16,0,9.8,71,878,520,7.6000000000000005,28.7924,22.4970
1998,4,1,16,30,9.3,65,834,425,6.7,22.7553,17.7195
1998,4,1,17,0,8.8,60,767,324,5.800000000000001,16.6061,12.8617
1998,4,1,17,30,7.1000000000000005,51,681,223,4.2,10.8700,8.3481
1998,4,1,18,0,5.5,39,538,124,2.6,0.0000,0.0000
1998,4,1,18,30,4.1000000000000005,21,304,40,2.1,0.0000,0.0000
1998,4,1,19,0,2.8000000000000003,0,0,0,1.6,0.0000,0.0000
1998,4,1,19,30,2.3000000000000003,0,0,0,1.5,0.0000,0.0000
1998,4,1,20,0,1.8,0,0,0,1.3,0.0000,0.0000
1998,4,1,20,30,1.6,0,0,0,1.2000000000000002,0.0000,0.0000
1998,4,1,21,0,1.5,0,0,0,1.1,0.0000,0.0000
1998,4,1,21,30,1.4000000000000001,0,0,0,1.1,0.0000,0.0000
1998,4,1,22,0,1.4000000000000001,0,0,0,1,0.0000,0.0000
1998,4,1,22,30,1.2000000000000002,0,0,0,1,0.0000,0.0000
1998,4,1,23,0,0.9,0,0,0,1.1,0.0000,0.0000
1998,4,1,23,30,0.6000000000000001,0,0,0,1.1,0.0000,0.0000
1998,4,2,0,0,0.2,0,0,0,1.2000000000000002,0.0000,0.0000
1998,4,2,0,30,-0.2,0,0,0,1.3,0.0000,0.0000
1998,4,2,1,0,-0.5,0,0,0,1.3,0.0000,0.0000
1998,4,2,1,30,-0.8,0,0,0,1.3,0.0000,0.0000
1998,4,2,2,0,-1.1,0,0,0,1.3,0.0000,0.0000
1998,4,2,2,30,-1.3,0,0,0,1.3,0.0000,0.0000
1998,4,2,3,0,-1.6,0,0,0,1.3,0.0000,0.0000
1998,4,2,3,30,-1.8,0,0,0,1.3,0.0000,0.0000
1998,4,2,4,0,-2,0,0,0,1.3,0.0000,0.0000
1998,4,2,4,30,-2.2,0,0,0,1.3,0.0000,0.0000
1998,4,2,5,0,-2.4000000000000004,0,0,0,1.3,0.0000,0.0000
1998,4,2,5,30,-2.2,0,0,0,1.3,0.0000,0.0000
1998,4,2,6,0,-1.9000000000000001,0,0,0,1.3,0.0000,0.0000
1998,4,2,6,30,-0.30000000000000004,20,293,37,2,0.0000,0.0000
1998,4,2,7,0,1.3,39,537,121,2.6,0.0000,0.0000
1998,4,2,7,30,2.7,52,681,220,2.7,10.6986,8.2122
1998,4,2,8,0,4.1000000000000005,62,773,324,2.7,16.5675,12.8276
1998,4,2,8,30,5.6000000000000005,69,836,426,3.1,22.7707,17.7283
1998,4,2,9,0,7.2,76,880,523,3.5,28.9256,22.5987
1998,4,2,9,30,8,81,908,609,3.4000000000000004,34.5529,27.0565
1998,4,2,10,0,8.8,85,934,688,3.4000000000000004,39.7837,31.2002
1998,4,2,10,30,9.4,88,952,756,3.3000000000000003,44.3293,34.8014
1998,4,2,11,0,10,91,965,809,3.3000000000000003,47.9124,37.6410
1998,4,2,11,30,10.600000000000001,93,974,849,3.3000000000000003,50.6205,39.7869
1998,4,2,12,0,11.100000000000001,96,977,873,3.3000000000000003,52.2559,41.0832
1998,4,2,12,30,11.5,96,979,881,3.3000000000000003,52.8051,41.5186
1998,4,2,13,0,11.9,97,976,874,3.3000000000000003,52.3256,41.1384
1998,4,2,13,30,12.100000000000001,96,966,847,3.3000000000000003,50.5228,39.7113
1998,4,2,14,0,12.3,94,956,809,3.3000000000000003,47.9440,37.6676
1998,4,2,14,30,12.3,197,714,700,3.4000000000000004,41.0848,32.2564
1998,4,2,15,0,12.3,190,643,609,3.4000000000000004,35.2612,27.6562
1998,4,2,15,30,11.9,289,405,527,3.5,29.9539,23.4588
1998,4,2,16,0,11.5,303,74,341,3.6,18.9056,14.7737
1998,4,2,16,30,10.8,80,796,426,3.5,22.8449,17.7924
1998,4,2,17,0,10.100000000000001,195,168,254,3.5,13.0415,10.1034
1998,4,2,17,30,8.9,91,1,91,3,4.4433,3.4137
1998,4,2,18,0,7.800000000000001,88,43,95,2.6,0.0000,0.0000
1998,4,2,18,30,7.1000000000000005,28,1,28,2.9000000000000004,0.0000,0.0000
1998,4,2,19,0,6.4,0,0,0,3.2,0.0000,0.0000
1998,4,2,19,30,6,0,0,0,3.6,0.0000,0.0000
1998,4,2,20,0,5.7,0,0,0,4,0.0000,0.0000
1998,4,2,20,30,5.2,0,0,0,4.2,0.0000,0.0000
1998,4,2,21,0,4.7,0,0,0,4.5,0.0000,0.0000
1998,4,2,21,30,4.3,0,0,0,4.7,0.0000,0.0000
1998,4,2,22,0,3.8000000000000003,0,0,0,4.9,0.0000,0.0000
1998,4,2,22,30,3.3000000000000003,0,0,0,4.9,0.0000,0.0000
1998,4,2,23,0,2.8000000000000003,0,0,0,4.9,0.0000,0.0000
1998,4,2,23,30,2.3000000000000003,0,0,0,4.5,0.0000,0.0000
1998,4,3,0,0,1.8,0,0,0,4.1000000000000005,0.0000,0.0000
1998,4,3,0,30,1.5,0,0,0,3.8000000000000003,0.0000,0.0000
1998,4,3,1,0,1.2000000000000002,0,0,0,3.5,0.0000,0.0000
1998,4,3,1,30,1.1,0,0,0,3.7,0.0000,0.0000
1998,4,3,2,0,1.1,0,0,0,3.9000000000000004,0.0000,0.0000
1998,4,3,2,30,1,0,0,0,4.1000000000000005,0.0000,0.0000
1998,4,3,3,0,1,0,0,0,4.2,0.0000,0.0000
1998,4,3,3,30,0.9,0,0,0,4.4,0.0000,0.0000
1998,4,3,4,0,0.9,0,0,0,4.6000000000000005,0.0000,0.0000
1998,4,3,4,30,0.8,0,0,0,4.5,0.0000,0.0000
1998,4,3,5,0,0.8,0,0,0,4.4,0.0000,0.0000
1998,4,3,5,30,0.9,0,0,0,4.6000000000000005,0.0000,0.0000
1998,4,3,6,0,0.9,0,0,0,4.800000000000001,0.0000,0.0000
1998,4,3,6,30,1.2000000000000002,18,0,18,5,0.0000,0.0000
1998,4,3,7,0,1.4000000000000001,48,1,48,5.300000000000001,0.0000,0.0000
1998,4,3,7,30,1.9000000000000001,55,1,55,5.5,2.6816,2.0596
1998,4,3,8,0,2.4000000000000004,191,72,216,5.800000000000001,11.0766,8.5797
1998,4,3,8,30,2.9000000000000004,193,7,196,5.800000000000001,10.5010,8.1777
1998,4,3,9,0,3.4000000000000004,189,17,198,5.9,10.9713,8.5730
1998,4,3,9,30,3.9000000000000004,265,49,294,5.9,16.7061,13.0833
1998,4,3,10,0,4.4,197,0,197,5.9,11.4059,8.9459
1998,4,3,10,30,5,149,1,150,5.800000000000001,8.8052,6.9132
1998,4,3,11,0,5.5,327,24,345,5.7,20.4520,16.0686
1998,4,3,11,30,5.7,195,2,197,5.5,11.7561,9.2407
1998,4,3,12,0,6,333,16,346,5.300000000000001,20.7275,16.2966
1998,4,3,12,30,6,249,6,254,5.1000000000000005,15.2358,11.9799
1998,4,3,13,0,6.1000000000000005,336,18,351,5,21.0300,16.5347
1998,4,3,13,30,6.1000000000000005,316,14,326,4.800000000000001,19.4603,15.2967
1998,4,3,14,0,6.1000000000000005,285,10,293,4.7,17.3781,13.6540
1998,4,3,14,30,6,267,10,274,4.5,16.0950,12.6372
1998,4,3,15,0,5.9,249,9,254,4.4,14.7202,11.5462
1998,4,3,15,30,5.800000000000001,264,29,281,4.2,15.9885,12.5227
1998,4,3,16,0,5.7,196,13,203,4.1000000000000005,11.2685,8.8067
1998,4,3,16,30,5.4,225,86,263,3.9000000000000004,14.1249,11.0028
1998,4,3,17,0,5.1000000000000005,185,203,257,3.6,13.2201,10.2443
1998,4,3,17,30,4.3,124,32,132,2.9000000000000004,6.4565,4.9621
1998,4,3,18,0,3.6,30,0,30,2.1,0.0000,0.0000
1998,4,3,18,30,2.6,12,0,12,1.8,0.0000,0.0000
1998,4,3,19,0,1.7000000000000002,0,0,0,1.5,0.0000,0.0000
1998,4,3,19,30,1.3,0,0,0,1.5,0.0000,0.0000
1998,4,3,20,0,0.9,0,0,0,1.5,0.0000,0.0000
1998,4,3,20,30,0.6000000000000001,0,0,0,1.4000000000000001,0.0000,0.0000
1998,4,3,21,0,0.30000000000000004,0,0,0,1.4000000000000001,0.0000,0.0000
1998,4,3,21,30,0,0,0,0,1.4000000000000001,0.0000,0.0000
1998,4,3,22,0,-0.2,0,0,0,1.3,0.0000,0.0000
1998,4,3,22,30,-0.5,0,0,0,1.3,0.0000,0.0000
1998,4,3,23,0,-0.7000000000000001,0,0,0,1.2000000000000002,0.0000,0.0000
1998,4,3,23,30,-1,0,0,0,1.2000000000000002,0.0000,0.0000
1998,4,4,0,0,-1.2000000000000002,0,0,0,1.2000000000000002,0.0000,0.0000
1998,4,4,0,30,-1.4000000000000001,0,0,0,1.2000000000000002,0.0000,0.0000
1998,4,4,1,0,-1.6,0,0,0,1.2000000000000002,0.0000,0.0000
1998,4,4,1,30,-1.8,0,0,0,1.2000000000000002,0.0000,0.0000
1998,4,4,2,0,-2,0,0,0,1.2000000000000002,0.0000,0.0000
1998,4,4,2,30,-2.2,0,0,0,1.2000000000000002,0.0000,0.0000
1998,4,4,3,0,-2.4000000000000004,0,0,0,1.2000000000000002,0.0000,0.0000
1998,4,4,3,30,-2.6,0,0,0,1.2000000000000002,0.0000,0.0000
1998,4,4,4,0,-2.7,0,0,0,1.3,0.0000,0.0000
1998,4,4,4,30,-2.9000000000000004,0,0,0,1.3,0.0000,0.0000
1998,4,4,5,0,-3,0,0,0,1.3,0.0000,0.0000
1998,4,4,5,30,-2.5,0,0,0,1.5,0.0000,0.0000
1998,4,4,6,0,-2.1,0,0,0,1.6,0.0000,0.0000
1998,4,4,6,30,-0.7000000000000001,24,282,43,2.2,0.0000,0.0000
1998,4,4,7,0,0.7000000000000001,45,507,128,2.8000000000000003,0.0000,0.0000
1998,4,4,7,30,2.4000000000000004,60,648,227,2.2,11.0974,8.5279
1998,4,4,8,0,4,71,740,330,1.7000000000000002,16.9692,13.1489
1998,4,4,8,30,5.5,79,805,431,1.2000000000000002,23.1444,18.0283
1998,4,4,9,0,6.9,87,850,527,0.6000000000000001,29.2552,22.8641
1998,4,4,9,30,7.9,92,885,616,1.2000000000000002,35.0557,27.4571
1998,4,4,10,0,8.8,97,912,695,1.7000000000000002,40.2891,31.6026
1998,4,4,10,30,9.600000000000001,100,932,762,2.2,44.7775,35.1587
1998,4,4,11,0,10.4,103,947,816,2.6,48.4193,38.0443
1998,4,4,11,30,11,105,957,855,3,51.0664,40.1421
1998,4,4,12,0,11.600000000000001,105,964,879,3.3000000000000003,52.6980,41.4350
1998,4,4,12,30,12.100000000000001,105,966,888,3.6,53.3061,41.9168
1998,4,4,13,0,12.5,104,961,876,3.9000000000000004,52.5234,41.2980
1998,4,4,13,30,12.700000000000001,103,955,853,4.1000000000000005,50.9569,40.0566
1998,4,4,14,0,13,101,945,814,4.3,48.3160,37.9640
1998,4,4,14,30,13,99,931,762,4.4,44.7982,35.1761
1998,4,4,15,0,13.100000000000001,96,911,696,4.5,40.3725,31.6695
1998,4,4,15,30,12.9,92,886,618,4.5,35.2001,27.5722
1998,4,4,16,0,12.700000000000001,86,846,527,4.5,29.2907,22.8944
1998,4,4,16,30,12.100000000000001,79,799,432,4.2,23.2374,18.1041
1998,4,4,17,0,11.600000000000001,72,732,331,4,17.0566,13.2204
1998,4,4,17,30,9.8,61,641,229,3,11.2208,8.6267
1998,4,4,18,0,8.1,47,486,129,2.1,0.0000,0.0000
1998,4,4,18,30,7,26,267,45,2,0.0000,0.0000
1998,4,4,19,0,5.9,0,0,0,2,0.0000,0.0000
1998,4,4,19,30,5.7,0,0,0,2.1,0.0000,0.0000
1998,4,4,20,0,5.4,0,0,0,2.3000000000000003,0.0000,0.0000
1998,4,4,20,30,5.300000000000001,0,0,0,2.5,0.0000,0.0000
1998,4,4,21,0,5.1000000000000005,0,0,0,2.7,0.0000,0.0000
1998,4,4,21,30,4.800000000000001,0,0,0,2.8000000000000003,0.0000,0.0000
1998,4,4,22,0,4.6000000000000005,0,0,0,2.9000000000000004,0.0000,0.0000
1998,4,4,22,30,4.2,0,0,0,2.9000000000000004,0.0000,0.0000
1998,4,4,23,0,3.8000000000000003,0,0,0,2.9000000000000004,0.0000,0.0000
1998,4,4,23,30,3.4000000000000004,0,0,0,2.9000000000000004,0.0000,0.0000
1998,4,5,0,0,3,0,0,0,2.9000000000000004,0.0000,0.0000
1998,4,5,0,30,2.7,0,0,0,3,0.0000,0.0000
1998,4,5,1,0,2.4000000000000004,0,0,0,3,0.0000,0.0000
1998,4,5,1,30,2.1,0,0,0,3.1,0.0000,0.0000
1998,4,5,2,0,1.9000000000000001,0,0,0,3.1,0.0000,0.0000
1998,4,5,2,30,1.8,0,0,0,3.3000000000000003,0.0000,0.0000
1998,4,5,3,0,1.8,0,0,0,3.6,0.0000,0.0000
1998,4,5,3,30,1.8,0,0,0,3.8000000000000003,0.0000,0.0000
1998,4,5,4,0,1.9000000000000001,0,0,0,4,0.0000,0.0000
1998,4,5,4,30,1.7000000000000002,0,0,0,4,0.0000,0.0000
1998,4,5,5,0,1.6,0,0,0,3.9000000000000004,0.0000,0.0000
1998,4,5,5,30,1.5,0,0,0,3.9000000000000004,0.0000,0.0000
1998,4,5,6,0,1.4000000000000001,0,0,0,3.9000000000000004,0.0000,0.0000
1998,4,5,6,30,1.8,9,0,9,4.3,0.0000,0.0000
1998,4,5,7,0,2.2,23,0,23,4.6000000000000005,0.0000,0.0000
1998,4,5,7,30,2.8000000000000003,8,0,8,4.9,0.3922,0.3015
1998,4,5,8,0,3.4000000000000004,156,20,163,5.300000000000001,8.4046,6.5149
1998,4,5,8,30,4.2,207,55,231,5.7,12.4325,9.6867
1998,4,5,9,0,5,242,46,266,6,14.7924,11.5627
1998,4,5,9,30,6,288,19,299,6.2,17.0400,13.3480
1998,4,5,10,0,7,303,386,558,6.4,32.3856,25.4054
1998,4,5,10,30,8.200000000000001,428,119,513,6.5,30.1767,23.6961
1998,4,5,11,0,9.3,307,2,308,6.6000000000000005,18.2925,14.3738
1998,4,5,11,30,10.3,472,153,593,6.6000000000000005,35.4471,27.8656
1998,4,5,12,0,11.3,400,191,554,6.6000000000000005,33.2393,26.1365
1998,4,5,12,30,11.8,489,167,626,6.5,37.6060,29.5726
1998,4,5,13,0,12.3,485,197,644,6.4,38.6415,30.3845
1998,4,5,13,30,12.3,432,94,506,6.2,30.2498,23.7801
1998,4,5,14,0,12.3,358,10,366,6,21.7408,17.0836
1998,4,5,14,30,12.200000000000001,305,3,307,5.6000000000000005,18.0631,14.1842
1998,4,5,15,0,12.100000000000001,201,0,201,5.300000000000001,11.6698,9.1548
1998,4,5,15,30,11.9,122,0,122,4.7,6.9561,5.4491
1998,4,5,16,0,11.8,81,0,81,4.2,4.5074,3.5235
1998,4,5,16,30,11.4,91,0,91,3.5,4.9021,3.8198
1998,4,5,17,0,11.100000000000001,83,0,83,2.7,4.2849,3.3220
1998,4,5,17,30,10.5,73,0,73,2.3000000000000003,3.5830,2.7556
1998,4,5,18,0,9.9,45,0,45,1.9000000000000001,0.0000,0.0000
1998,4,5,18,30,9.3,19,0,19,1.8,0.0000,0.0000
1998,4,5,19,0,8.8,0,0,0,1.7000000000000002,0.0000,0.0000
1998,4,5,19,30,8.1,0,0,0,1.7000000000000002,0.0000,0.0000
1998,4,5,20,0,7.5,0,0,0,1.7000000000000002,0.0000,0.0000
1998,4,5,20,30,6.9,0,0,0,1.7000000000000002,0.0000,0.0000
1998,4,5,21,0,6.300000000000001,0,0,0,1.6,0.0000,0.0000
1998,4,5,21,30,5.9,0,0,0,1.6,0.0000,0.0000
1998,4,5,22,0,5.5,0,0,0,1.6,0.0000,0.0000
1998,4,5,22,30,5.1000000000000005,0,0,0,1.6,0.0000,0.0000
1998,4,5,23,0,4.800000000000001,0,0,0,1.6,0.0000,0.0000
1998,4,5,23,30,4.5,0,0,0,1.6,0.0000,0.0000
1998,4,6,0,0,4.3,0,0,0,1.6,0.0000,0.0000
1998,4,6,0,30,4.1000000000000005,0,0,0,1.5,0.0000,0.0000
1998,4,6,1,0,4,0,0,0,1.5,0.0000,0.0000
1998,4,6,1,30,3.9000000000000004,0,0,0,1.5,0.0000,0.0000
1998,4,6,2,0,3.8000000000000003,0,0,0,1.5,0.0000,0.0000
1998,4,6,2,30,3.9000000000000004,0,0,0,1.5,0.0000,0.0000
1998,4,6,3,0,4,0,0,0,1.4000000000000001,0.0000,0.0000
1998,4,6,3,30,4.1000000000000005,0,0,0,1.3,0.0000,0.0000
1998,4,6,4,0,4.2,0,0,0,1.3,0.0000,0.0000
1998,4,6,4,30,4.2,0,0,0,1.2000000000000002,0.0000,0.0000
1998,4,6,5,0,4.2,0,0,0,1.2000000000000002,0.0000,0.0000
1998,4,6,5,30,4.2,0,0,0,1.1,0.0000,0.0000
1998,4,6,6,0,4.1000000000000005,0,0,0,0.9,0.0000,0.0000
1998,4,6,6,30,4.3,13,0,13,0.8,0.0000,0.0000
1998,4,6,7,0,4.5,49,2,50,0.7000000000000001,2.3841,1.8168
1998,4,6,7,30,5,145,72,164,0.7000000000000001,8.0610,6.2012
1998,4,6,8,0,5.5,196,61,218,0.8,11.2699,8.7389
1998,4,6,8,30,6.300000000000001,219,41,237,1.1,12.7829,9.9619
1998,4,6,9,0,7.1000000000000005,251,38,271,1.4000000000000001,15.0966,11.8024
1998,4,6,9,30,8.200000000000001,295,63,333,1.9000000000000001,19.0044,14.8885
1998,4,6,10,0,9.3,341,42,369,2.4000000000000004,21.4420,16.8221
1998,4,6,10,30,10.3,350,48,384,2.8000000000000003,22.6108,17.7563
1998,4,6,11,0,11.4,263,6,268,3.2,15.9310,12.5190
1998,4,6,11,30,12.100000000000001,86,0,87,3.4000000000000004,5.2047,4.0917
1998,4,6,12,0,12.8,34,0,34,3.5,2.0415,1.6054
1998,4,6,12,30,13.200000000000001,323,12,333,3.6,20.0186,15.7429
1998,4,6,13,0,13.5,397,81,463,3.6,27.8006,21.8611
1998,4,6,13,30,13.8,427,224,604,3.5,36.1337,28.4070
1998,4,6,14,0,14,419,204,575,3.5,34.1811,26.8604
1998,4,6,14,30,14,363,111,443,3.3000000000000003,26.0856,20.4851
1998,4,6,15,0,14,192,3,194,3.1,11.2734,8.8445
1998,4,6,15,30,13.700000000000001,87,0,87,3.2,4.9655,3.8902
1998,4,6,16,0,13.4,57,0,57,3.3000000000000003,3.1756,2.4827
1998,4,6,16,30,13.100000000000001,119,0,119,3.4000000000000004,6.4198,5.0031
1998,4,6,17,0,12.700000000000001,130,1,130,3.5,6.7229,5.2133
1998,4,6,17,30,12.200000000000001,164,68,183,3.4000000000000004,8.9981,6.9226
1998,4,6,18,0,11.700000000000001,55,0,55,3.3000000000000003,2.6223,1.9985
1998,4,6,18,30,11.3,21,0,21,3.5,0.0000,0.0000
1998,4,6,19,0,10.9,0,0,0,3.6,0.0000,0.0000
1998,4,6,19,30,10.600000000000001,0,0,0,4.1000000000000005,0.0000,0.0000
1998,4,6,20,0,10.3,0,0,0,4.6000000000000005,0.0000,0.0000
1998,4,6,20,30,10,0,0,0,5.2,0.0000,0.0000
1998,4,6,21,0,9.700000000000001,0,0,0,5.800000000000001,0.0000,0.0000
1998,4,6,21,30,9.600000000000001,0,0,0,5.7,0.0000,0.0000
1998,4,6,22,0,9.4,0,0,0,5.6000000000000005,0.0000,0.0000
1998,4,6,22,30,9.200000000000001,0,0,0,5.5,0.0000,0.0000
1998,4,6,23,0,9,0,0,0,5.5,0.0000,0.0000
1998,4,6,23,30,8.8,0,0,0,5.5,0.0000,0.0000
1998,4,7,0,0,8.700000000000001,0,0,0,5.6000000000000005,0.0000,0.0000
1998,4,7,0,30,8.4,0,0,0,5.7,0.0000,0.0000
1998,4,7,1,0,8.200000000000001,0,0,0,5.9,0.0000,0.0000
1998,4,7,1,30,7.9,0,0,0,6.4,0.0000,0.0000
1998,4,7,2,0,7.6000000000000005,0,0,0,6.9,0.0000,0.0000
1998,4,7,2,30,7.300000000000001,0,0,0,6.9,0.0000,0.0000
1998,4,7,3,0,7,0,0,0,6.9,0.0000,0.0000
1998,4,7,3,30,6.9,0,0,0,6.800000000000001,0.0000,0.0000
1998,4,7,4,0,6.7,0,0,0,6.7,0.0000,0.0000
1998,4,7,4,30,6.6000000000000005,0,0,0,6.7,0.0000,0.0000
1998,4,7,5,0,6.6000000000000005,0,0,0,6.7,0.0000,0.0000
1998,4,7,5,30,6.6000000000000005,0,0,0,6.7,0.0000,0.0000
1998,4,7,6,0,6.6000000000000005,0,0,0,6.800000000000001,0.0000,0.0000
1998,4,7,6,30,6.7,10,0,10,6.800000000000001,0.0000,0.0000
1998,4,7,7,0,6.9,7,0,7,6.800000000000001,0.3337,0.2544
1998,4,7,7,30,7.1000000000000005,18,0,18,6.9,0.8872,0.6828
1998,4,7,8,0,7.300000000000001,68,0,68,6.9,3.5248,2.7341
1998,4,7,8,30,7.5,33,0,33,7.1000000000000005,1.7837,1.3904
1998,4,7,9,0,7.7,114,1,114,7.4,6.3614,4.9741
1998,4,7,9,30,8,135,1,136,7.5,7.7723,6.0897
1998,4,7,10,0,8.3,73,0,73,7.7,4.2468,3.3321
1998,4,7,10,30,8.6,119,1,119,7.7,7.0140,5.5085
1998,4,7,11,0,8.8,198,2,200,7.800000000000001,11.8992,9.3513
1998,4,7,11,30,9,225,3,228,7.800000000000001,13.6507,10.7322
1998,4,7,12,0,9.200000000000001,112,0,112,7.800000000000001,6.7299,5.2923
1998,4,7,12,30,9.3,238,4,241,7.7,14.4982,11.4021
1998,4,7,13,0,9.4,194,2,195,7.6000000000000005,11.7168,9.2140
1998,4,7,13,30,9.3,170,0,170,7.5,10.1773,8.0014
1998,4,7,14,0,9.3,291,10,298,7.300000000000001,17.7274,13.9313
1998,4,7,14,30,9.200000000000001,277,11,285,7.300000000000001,16.7951,13.1900
1998,4,7,15,0,9,209,2,211,7.300000000000001,12.2721,9.6286
1998,4,7,15,30,8.8,203,7,207,7.2,11.8265,9.2660
1998,4,7,16,0,8.5,161,4,163,7.2,9.0919,7.1088
1998,4,7,16,30,8.200000000000001,182,14,188,7.1000000000000005,10.1568,7.9167
1998,4,7,17,0,7.9,136,5,137,7,7.0971,5.5048
1998,4,7,17,30,7.6000000000000005,79,2,80,7,3.9407,3.0328
1998,4,7,18,0,7.300000000000001,26,0,26,7,1.2393,0.9447
1998,4,7,18,30,7,15,0,15,7.1000000000000005,0.0000,0.0000
1998,4,7,19,0,6.800000000000001,0,0,0,7.2,0.0000,0.0000
1998,4,7,19,30,6.5,0,0,0,7.300000000000001,0.0000,0.0000
1998,4,7,20,0,6.1000000000000005,0,0,0,7.4,0.0000,0.0000
1998,4,7,20,30,5.6000000000000005,0,0,0,7.5,0.0000,0.0000
1998,4,7,21,0,5.1000000000000005,0,0,0,7.6000000000000005,0.0000,0.0000
1998,4,7,21,30,4.5,0,0,0,7.6000000000000005,0.0000,0.0000
1998,4,7,22,0,4,0,0,0,7.6000000000000005,0.0000,0.0000
1998,4,7,22,30,3.6,0,0,0,7.5,0.0000,0.0000
1998,4,7,23,0,3.2,0,0,0,7.4,0.0000,0.0000
1998,4,7,23,30,2.9000000000000004,0,0,0,7.4,0.0000,0.0000
1998,4,8,0,0,2.6,0,0,0,7.300000000000001,0.0000,0.0000
1998,4,8,0,30,2.4000000000000004,0,0,0,7.300000000000001,0.0000,0.0000
1998,4,8,1,0,2.2,0,0,0,7.300000000000001,0.0000,0.0000
1998,4,8,1,30,2.1,0,0,0,7.300000000000001,0.0000,0.0000
1998,4,8,2,0,1.9000000000000001,0,0,0,7.4,0.0000,0.0000
1998,4,8,2,30,1.8,0,0,0,7.300000000000001,0.0000,0.0000
1998,4,8,3,0,1.7000000000000002,0,0,0,7.2,0.0000,0.0000
1998,4,8,3,30,1.7000000000000002,0,0,0,7.1000000000000005,0.0000,0.0000
1998,4,8,4,0,1.6,0,0,0,7,0.0000,0.0000
1998,4,8,4,30,1.6,0,0,0,7,0.0000,0.0000
1998,4,8,5,0,1.5,0,0,0,7,0.0000,0.0000
1998,4,8,5,30,1.5,0,0,0,7,0.0000,0.0000
1998,4,8,6,0,1.5,0,0,0,7,0.0000,0.0000
1998,4,8,6,30,1.6,8,0,8,7.1000000000000005,0.0000,0.0000
1998,4,8,7,0,1.7000000000000002,25,0,25,7.1000000000000005,1.1916,0.9088
1998,4,8,7,30,2,13,0,13,7.300000000000001,0.6425,0.4948
1998,4,8,8,0,2.2,60,0,61,7.4,3.1700,2.4598
1998,4,8,8,30,2.4000000000000004,26,0,26,7.5,1.4083,1.0980
1998,4,8,9,0,2.6,64,0,64,7.7,3.5773,2.7976
1998,4,8,9,30,2.8000000000000003,162,4,164,7.7,9.3853,7.3543
1998,4,8,10,0,3.1,219,8,224,7.7,13.0460,10.2369
1998,4,8,10,30,3.3000000000000003,190,0,191,7.7,11.2686,8.8505
1998,4,8,11,0,3.5,148,0,148,7.7,8.8130,6.9263
1998,4,8,11,30,3.8000000000000003,206,2,208,7.7,12.4630,9.7990
1998,4,8,12,0,4.1000000000000005,287,6,292,7.7,17.5585,13.8085
1998,4,8,12,30,4.4,291,6,296,7.7,17.8191,14.0145
1998,4,8,13,0,4.800000000000001,276,5,280,7.7,16.8353,13.2397
1998,4,8,13,30,5.2,273,5,277,7.800000000000001,16.5943,13.0470
1998,4,8,14,0,5.6000000000000005,260,5,263,7.800000000000001,15.6566,12.3046
1998,4,8,14,30,5.800000000000001,221,3,223,7.800000000000001,13.1516,10.3291
1998,4,8,15,0,6,174,2,175,7.9,10.1868,7.9930
1998,4,8,15,30,5.800000000000001,183,4,186,7.800000000000001,10.6369,8.3346
1998,4,8,16,0,5.7,181,6,185,7.7,10.3310,8.0785
1998,4,8,16,30,5.4,160,8,164,7.5,8.8722,6.9164
1998,4,8,17,0,5.1000000000000005,145,9,148,7.2,7.6801,5.9582
1998,4,8,17,30,4.800000000000001,86,4,87,7.300000000000001,4.2930,3.3050
1998,4,8,18,0,4.5,52,1,52,7.300000000000001,2.4785,1.8897
1998,4,8,18,30,4.2,19,0,19,7.4,0.0000,0.0000
1998,4,8,19,0,4,0,0,0,7.5,0.0000,0.0000
1998,4,8,19,30,3.8000000000000003,0,0,0,7.5,0.0000,0.0000
1998,4,8,20,0,3.7,0,0,0,7.6000000000000005,0.0000,0.0000
1998,4,8,20,30,3.6,0,0,0,7.4,0.0000,0.0000
1998,4,8,21,0,3.5,0,0,0,7.300000000000001,0.0000,0.0000
1998,4,8,21,30,3.4000000000000004,0,0,0,7.1000000000000005,0.0000,0.0000
1998,4,8,22,0,3.4000000000000004,0,0,0,6.9,0.0000,0.0000
1998,4,8,22,30,3.3000000000000003,0,0,0,6.7,0.0000,0.0000
1998,4,8,23,0,3.3000000000000003,0,0,0,6.5,0.0000,0.0000
1998,4,8,23,30,3.2,0,0,0,6.2,0.0000,0.0000
1998,4,9,0,0,3.2,0,0,0,5.9,0.0000,0.0000
1998,4,9,0,30,3.1,0,0,0,5.7,0.0000,0.0000
1998,4,9,1,0,3.1,0,0,0,5.5,0.0000,0.0000
1998,4,9,1,30,3,0,0,0,5.4,0.0000,0.0000
1998,4,9,2,0,3,0,0,0,5.300000000000001,0.0000,0.0000
1998,4,9,2,30,2.9000000000000004,0,0,0,5.2,0.0000,0.0000
1998,4,9,3,0,2.9000000000000004,0,0,0,5.1000000000000005,0.0000,0.0000
1998,4,9,3,30,2.7,0,0,0,5,0.0000,0.0000
1998,4,9,4,0,2.6,0,0,0,4.9,0.0000,0.0000
1998,4,9,4,30,2.5,0,0,0,4.9,0.0000,0.0000
1998,4,9,5,0,2.3000000000000003,0,0,0,4.9,0.0000,0.0000
1998,4,9,5,30,2.3000000000000003,0,0,0,5.1000000000000005,0.0000,0.0000
1998,4,9,6,0,2.3000000000000003,0,0,0,5.300000000000001,0.0000,0.0000
1998,4,9,6,30,2.7,31,1,32,5.6000000000000005,0.0000,0.0000
1998,4,9,7,0,3.1,56,477,146,5.9,6.9615,5.3111
1998,4,9,7,30,4,72,607,244,6.300000000000001,12.0923,9.3167
1998,4,9,8,0,4.9,85,695,346,6.7,18.0262,13.9919
1998,4,9,8,30,6,95,759,445,7,24.1512,18.8336
1998,4,9,9,0,7.1000000000000005,103,808,540,7.2,30.2322,23.6459
1998,4,9,9,30,8.1,109,843,627,7.300000000000001,35.9285,28.1566
1998,4,9,10,0,9.1,114,870,704,7.300000000000001,41.0462,32.2104
1998,4,9,10,30,9.9,119,890,769,7.2,45.4125,35.6699
1998,4,9,11,0,10.700000000000001,121,905,822,7,48.9885,38.5030
1998,4,9,11,30,11.3,123,915,860,6.9,51.5682,40.5472
1998,4,9,12,0,11.8,124,921,883,6.800000000000001,53.1338,41.7879
1998,4,9,12,30,12.200000000000001,125,923,890,6.6000000000000005,53.6135,42.1681
1998,4,9,13,0,12.5,125,920,881,6.5,53.0066,41.6875
1998,4,9,13,30,12.700000000000001,124,914,858,6.300000000000001,51.4348,40.4416
1998,4,9,14,0,12.8,123,901,818,6.2,48.7300,38.2988
1998,4,9,14,30,12.700000000000001,120,886,765,6,45.1495,35.4618
1998,4,9,15,0,12.600000000000001,117,862,699,5.9,40.7227,31.9547
1998,4,9,15,30,12.4,112,835,621,5.6000000000000005,35.5471,27.8553
1998,4,9,16,0,12.200000000000001,106,801,536,5.4,29.9664,23.4351
1998,4,9,16,30,11.600000000000001,239,302,377,4.800000000000001,20.4240,15.9241
1998,4,9,17,0,11.100000000000001,125,1,125,4.3,6.4976,5.0420
1998,4,9,17,30,9.8,68,0,68,3.2,3.3616,2.5888
1998,4,9,18,0,8.4,89,5,90,2.2,4.2900,3.2718
1998,4,9,18,30,7.300000000000001,32,0,33,2,0.0000,0.0000
1998,4,9,19,0,6.1000000000000005,0,0,0,1.8,0.0000,0.0000
1998,4,9,19,30,5.6000000000000005,0,0,0,1.8,0.0000,0.0000
1998,4,9,20,0,5.2,0,0,0,1.8,0.0000,0.0000
1998,4,9,20,30,4.7,0,0,0,1.8,0.0000,0.0000
1998,4,9,21,0,4.3,0,0,0,1.9000000000000001,0.0000,0.0000
1998,4,9,21,30,3.9000000000000004,0,0,0,1.9000000000000001,0.0000,0.0000
1998,4,9,22,0,3.5,0,0,0,1.9000000000000001,0.0000,0.0000
1998,4,9,22,30,3.1,0,0,0,1.9000000000000001,0.0000,0.0000
1998,4,9,23,0,2.7,0,0,0,1.9000000000000001,0.0000,0.0000
1998,4,9,23,30,2.3000000000000003,0,0,0,1.8,0.0000,0.0000
1998,4,10,0,0,1.9000000000000001,0,0,0,1.7000000000000002,0.0000,0.0000
1998,4,10,0,30,1.6,0,0,0,1.7000000000000002,0.0000,0.0000
1998,4,10,1,0,1.3,0,0,0,1.6,0.0000,0.0000
1998,4,10,1,30,1,0,0,0,1.6,0.0000,0.0000
1998,4,10,2,0,0.7000000000000001,0,0,0,1.5,0.0000,0.0000
1998,4,10,2,30,0.5,0,0,0,1.5,0.0000,0.0000
1998,4,10,3,0,0.30000000000000004,0,0,0,1.5,0.0000,0.0000
1998,4,10,3,30,0.1,0,0,0,1.5,0.0000,0.0000
1998,4,10,4,0,-0.1,0,0,0,1.5,0.0000,0.0000
1998,4,10,4,30,-0.30000000000000004,0,0,0,1.5,0.0000,0.0000
1998,4,10,5,0,-0.5,0,0,0,1.5,0.0000,0.0000
1998,4,10,5,30,0.2,0,0,0,1.5,0.0000,0.0000
1998,4,10,6,0,0.9,0,0,0,1.5,0.0000,0.0000
1998,4,10,6,30,2.9000000000000004,30,396,69,2.2,0.0000,0.0000
1998,4,10,7,0,4.9,47,588,161,2.8000000000000003,7.6817,5.8632
1998,4,10,7,30,6.4,59,706,262,2.5,13.0194,10.0356
1998,4,10,8,0,7.9,67,782,364,2.1,19.0114,14.7613
1998,4,10,8,30,9.9,75,838,465,2,25.2864,19.7228
1998,4,10,9,0,11.8,80,881,561,1.9000000000000001,31.4576,24.6078
1998,4,10,9,30,12.8,85,911,649,1.7000000000000002,37.2370,29.1850
1998,4,10,10,0,13.700000000000001,90,932,726,1.5,42.3754,33.2562
1998,4,10,10,30,14.4,93,946,788,1.4000000000000001,46.5779,36.5876
1998,4,10,11,0,15.100000000000001,96,956,840,1.4000000000000001,50.1019,39.3803
1998,4,10,11,30,15.600000000000001,98,965,878,1.5,52.6862,41.4283
1998,4,10,12,0,16.2,101,967,900,1.7000000000000002,54.1934,42.6231
1998,4,10,12,30,16.6,101,969,908,2,54.7338,43.0511
1998,4,10,13,0,17,102,961,895,2.3000000000000003,53.8835,42.3789
1998,4,10,13,30,17.2,101,955,872,2.5,52.3086,41.1304
1998,4,10,14,0,17.400000000000002,101,944,832,2.8000000000000003,49.5979,38.9827
1998,4,10,14,30,17.5,98,931,779,3,46.0104,36.1399
1998,4,10,15,0,17.6,97,908,712,3.2,41.5140,32.5776
1998,4,10,15,30,17.5,92,883,634,3.3000000000000003,36.3252,28.4672
1998,4,10,16,0,17.400000000000002,88,846,546,3.3000000000000003,30.5587,23.9006
1998,4,10,16,30,16.8,82,798,449,3,24.3570,18.9932
1998,4,10,17,0,16.2,74,735,348,2.6,18.1183,14.0622
1998,4,10,17,30,14.4,63,650,246,2.3000000000000003,12.1824,9.3848
1998,4,10,18,0,12.5,49,521,148,2,7.0562,5.3828
1998,4,10,18,30,11.4,30,325,60,2.3000000000000003,0.0000,0.0000
1998,4,10,19,0,10.3,0,0,0,2.7,0.0000,0.0000
1998,4,10,19,30,10.200000000000001,0,0,0,3.1,0.0000,0.0000
1998,4,10,20,0,10.100000000000001,0,0,0,3.6,0.0000,0.0000
1998,4,10,20,30,9.8,0,0,0,3.9000000000000004,0.0000,0.0000
1998,4,10,21,0,9.600000000000001,0,0,0,4.3,0.0000,0.0000
1998,4,10,21,30,9.3,0,0,0,4.6000000000000005,0.0000,0.0000
1998,4,10,22,0,9,0,0,0,4.800000000000001,0.0000,0.0000
1998,4,10,22,30,8.700000000000001,0,0,0,4.9,0.0000,0.0000
1998,4,10,23,0,8.3,0,0,0,4.9,0.0000,0.0000
1998,4,10,23,30,7.9,0,0,0,5,0.0000,0.0000
1998,4,11,0,0,7.5,0,0,0,5,0.0000,0.0000
1998,4,11,0,30,7.2,0,0,0,5.1000000000000005,0.0000,0.0000
1998,4,11,1,0,6.9,0,0,0,5.300000000000001,0.0000,0.0000
1998,4,11,1,30,6.800000000000001,0,0,0,5.4,0.0000,0.0000
1998,4,11,2,0,6.7,0,0,0,5.5,0.0000,0.0000
1998,4,11,2,30,6.800000000000001,0,0,0,5.6000000000000005,0.0000,0.0000
1998,4,11,3,0,7,0,0,0,5.7,0.0000,0.0000
1998,4,11,3,30,7.2,0,0,0,5.800000000000001,0.0000,0.0000
1998,4,11,4,0,7.4,0,0,0,5.800000000000001,0.0000,0.0000
1998,4,11,4,30,7.5,0,0,0,5.7,0.0000,0.0000
1998,4,11,5,0,7.6000000000000005,0,0,0,5.6000000000000005,0.0000,0.0000
1998,4,11,5,30,7.7,0,0,0,5.300000000000001,0.0000,0.0000
1998,4,11,6,0,7.800000000000001,0,0,0,4.9,0.0000,0.0000
1998,4,11,6,30,8.6,49,10,50,4.9,0.0000,0.0000
1998,4,11,7,0,9.4,97,5,99,4.9,4.7277,3.6102
1998,4,11,7,30,10.9,157,23,164,5.2,8.1715,6.3017
1998,4,11,8,0,12.4,202,238,293,5.5,15.3397,11.9140
1998,4,11,8,30,14.3,225,392,410,6.300000000000001,22.3388,17.4272
1998,4,11,9,0,16.1,255,454,505,7,28.3616,22.1890
1998,4,11,9,30,17.5,298,424,562,7.5,32.2862,25.3073
1998,4,11,10,0,18.900000000000002,326,442,629,7.9,36.7522,28.8454
1998,4,11,10,30,19.700000000000003,115,880,766,8.200000000000001,45.3178,35.6001
1998,4,11,11,0,20.6,120,890,816,8.5,48.7093,38.2878
1998,4,11,11,30,21.1,123,900,854,8.700000000000001,51.2830,40.3269
1998,4,11,12,0,21.6,124,908,878,8.9,52.9048,41.6114
1998,4,11,12,30,21.8,124,910,885,8.9,53.3819,41.9895
1998,4,11,13,0,22.1,122,910,877,8.9,52.8332,41.5545
1998,4,11,13,30,22.3,121,904,853,8.9,51.2011,40.2613
1998,4,11,14,0,22.5,119,891,812,8.9,48.4372,38.0721
1998,4,11,14,30,22.6,115,877,760,8.8,44.9193,35.2846
1998,4,11,15,0,22.700000000000003,112,856,695,8.700000000000001,40.5542,31.8263
1998,4,11,15,30,22.6,106,830,618,8.5,35.4413,27.7766
1998,4,11,16,0,22.5,100,792,530,8.3,29.6951,23.2274
1998,4,11,16,30,21.900000000000002,92,745,437,8,23.7374,18.5125
1998,4,11,17,0,21.3,82,684,339,7.6000000000000005,17.6792,13.7244
1998,4,11,17,30,20.3,70,597,240,7.6000000000000005,11.9062,9.1749
1998,4,11,18,0,19.200000000000003,53,472,144,7.6000000000000005,6.8677,5.2404
1998,4,11,18,30,18.400000000000002,32,285,59,7.800000000000001,0.0000,0.0000
1998,4,11,19,0,17.6,0,0,0,8,0.0000,0.0000
1998,4,11,19,30,17.2,0,0,0,8.1,0.0000,0.0000
1998,4,11,20,0,16.7,0,0,0,8.3,0.0000,0.0000
1998,4,11,20,30,16.2,0,0,0,8.200000000000001,0.0000,0.0000
1998,4,11,21,0,15.8,0,0,0,8.1,0.0000,0.0000
1998,4,11,21,30,15.200000000000001,0,0,0,8,0.0000,0.0000
1998,4,11,22,0,14.700000000000001,0,0,0,7.800000000000001,0.0000,0.0000
1998,4,11,22,30,14.4,0,0,0,7.9,0.0000,0.0000
1998,4,11,23,0,14.100000000000001,0,0,0,7.9,0.0000,0.0000
1998,4,11,23,30,13.700000000000001,0,0,0,8,0.0000,0.0000
1998,4,12,0,0,13.4,0,0,0,8,0.0000,0.0000
1998,4,12,0,30,13,0,0,0,8.1,0.0000,0.0000
1998,4,12,1,0,12.700000000000001,0,0,0,8.200000000000001,0.0000,0.0000
1998,4,12,1,30,12.4,0,0,0,8.3,0.0000,0.0000
1998,4,12,2,0,12.100000000000001,0,0,0,8.3,0.0000,0.0000
1998,4,12,2,30,11.9,0,0,0,8.1,0.0000,0.0000
1998,4,12,3,0,11.700000000000001,0,0,0,7.9,0.0000,0.0000
1998,4,12,3,30,11.5,0,0,0,7.9,0.0000,0.0000
1998,4,12,4,0,11.4,0,0,0,7.9,0.0000,0.0000
1998,4,12,4,30,11.5,0,0,0,8.200000000000001,0.0000,0.0000
1998,4,12,5,0,11.5,0,0,0,8.5,0.0000,0.0000
1998,4,12,5,30,11.700000000000001,0,0,0,8.8,0.0000,0.0000
1998,4,12,6,0,12,0,0,0,9.1,0.0000,0.0000
1998,4,12,6,30,12.600000000000001,42,198,63,9.5,0.0000,0.0000
1998,4,12,7,0,13.200000000000001,66,415,151,9.8,7.2188,5.5151
1998,4,12,7,30,14.100000000000001,86,536,246,10.700000000000001,12.2905,9.4825
1998,4,12,8,0,15,31,0,31,11.5,1.6268,1.2639
1998,4,12,8,30,15.4,44,0,44,11.600000000000001,2.4019,1.8742
1998,4,12,9,0,15.8,53,0,53,11.8,2.9810,2.3325
1998,4,12,9,30,16.3,243,16,253,11.8,14.5521,11.4077
1998,4,12,10,0,16.8,324,328,550,11.8,32.1685,25.2497
1998,4,12,10,30,17.5,372,70,424,11.700000000000001,25.1066,19.7240
1998,4,12,11,0,18.3,400,191,550,11.700000000000001,32.8562,25.8278
1998,4,12,11,30,19,321,451,689,11.5,41.4041,32.5600
1998,4,12,12,0,19.700000000000003,492,202,661,11.3,39.8553,31.3489
1998,4,12,12,30,20.6,146,862,870,11,52.5105,41.3058
1998,4,12,13,0,21.400000000000002,142,867,863,10.600000000000001,52.0222,40.9183
1998,4,12,13,30,22,140,860,839,10.200000000000001,50.3920,39.6267
1998,4,12,14,0,22.6,375,458,732,9.9,43.6942,34.3456
1998,4,12,14,30,22.8,134,833,749,9.5,44.3006,34.8003
1998,4,12,15,0,23.1,129,811,684,9.1,39.9443,31.3495
1998,4,12,15,30,22.900000000000002,281,49,312,8.9,17.9084,14.0364
1998,4,12,16,0,22.700000000000003,283,127,353,8.6,19.7992,15.4883
1998,4,12,16,30,22,213,91,256,8.5,13.9238,10.8605
1998,4,12,17,0,21.3,92,645,337,8.4,17.6027,13.6676
1998,4,12,17,30,20.200000000000003,78,553,238,8.3,11.8278,9.1173
1998,4,12,18,0,19.200000000000003,60,426,143,8.1,6.8231,5.2079
1998,4,12,18,30,18.3,36,231,59,7.9,0.0000,0.0000
1998,4,12,19,0,17.400000000000002,0,0,0,7.6000000000000005,0.0000,0.0000
1998,4,12,19,30,16.8,0,0,0,7.300000000000001,0.0000,0.0000
1998,4,12,20,0,16.3,0,0,0,6.9,0.0000,0.0000
1998,4,12,20,30,15.700000000000001,0,0,0,6.6000000000000005,0.0000,0.0000
1998,4,12,21,0,15.100000000000001,0,0,0,6.300000000000001,0.0000,0.0000
1998,4,12,21,30,14.4,0,0,0,5.6000000000000005,0.0000,0.0000
1998,4,12,22,0,13.600000000000001,0,0,0,5,0.0000,0.0000
1998,4,12,22,30,12.8,0,0,0,4.2,0.0000,0.0000
1998,4,12,23,0,12,0,0,0,3.3000000000000003,0.0000,0.0000
1998,4,12,23,30,11.3,0,0,0,2.7,0.0000,0.0000
1998,4,13,0,0,10.600000000000001,0,0,0,2.1,0.0000,0.0000
1998,4,13,0,30,10,0,0,0,1.9000000000000001,0.0000,0.0000
1998,4,13,1,0,9.4,0,0,0,1.8,0.0000,0.0000
1998,4,13,1,30,9,0,0,0,1.9000000000000001,0.0000,0.0000
1998,4,13,2,0,8.5,0,0,0,2.1,0.0000,0.0000
1998,4,13,2,30,8.4,0,0,0,2.5,0.0000,0.0000
1998,4,13,3,0,8.3,0,0,0,2.9000000000000004,0.0000,0.0000
1998,4,13,3,30,8.200000000000001,0,0,0,3.3000000000000003,0.0000,0.0000
1998,4,13,4,0,8.200000000000001,0,0,0,3.7,0.0000,0.0000
1998,4,13,4,30,8.1,0,0,0,3.8000000000000003,0.0000,0.0000
1998,4,13,5,0,8,0,0,0,3.9000000000000004,0.0000,0.0000
1998,4,13,5,30,8,0,0,0,4.1000000000000005,0.0000,0.0000
1998,4,13,6,0,8.1,4,0,4,4.2,0.0000,0.0000
1998,4,13,6,30,8.5,37,1,37,4.5,0.0000,0.0000
1998,4,13,7,0,8.9,96,16,99,4.800000000000001,4.7392,3.6225
1998,4,13,7,30,9.600000000000001,155,111,189,5.300000000000001,9.4674,7.3075
1998,4,13,8,0,10.3,220,42,236,5.800000000000001,12.4137,9.6469
1998,4,13,8,30,11.3,180,485,413,6.300000000000001,22.5866,17.6271
1998,4,13,9,0,12.3,282,347,477,6.7,26.8682,21.0260
1998,4,13,9,30,13.8,205,631,604,7.4,34.7824,27.2691
1998,4,13,10,0,15.4,334,429,632,8.1,37.0023,29.0459
1998,4,13,10,30,16.5,357,446,691,8.200000000000001,40.9520,32.1743
1998,4,13,11,0,17.5,214,719,782,8.3,46.7517,36.7528
1998,4,13,11,30,18.1,376,497,784,8,47.1450,37.0763
1998,4,13,12,0,18.6,350,577,833,7.7,50.2575,39.5325
1998,4,13,12,30,18.900000000000002,369,540,824,7.5,49.7644,39.1472
1998,4,13,13,0,19.200000000000003,362,544,816,7.300000000000001,49.2182,38.7143
1998,4,13,13,30,19.3,98,957,879,7.1000000000000005,52.8268,41.5430
1998,4,13,14,0,19.400000000000002,93,953,841,7,50.2324,39.4866
1998,4,13,14,30,19.400000000000002,91,940,788,6.7,46.6399,36.6398
1998,4,13,15,0,19.400000000000002,87,928,725,6.5,42.3708,33.2557
1998,4,13,15,30,19.200000000000003,83,905,647,6.1000000000000005,37.1693,29.1349
1998,4,13,16,0,19,79,872,559,5.800000000000001,31.3864,24.5550
1998,4,13,16,30,18.400000000000002,73,831,464,5,25.2696,19.7127
1998,4,13,17,0,17.8,67,769,361,4.3,18.8859,14.6668
1998,4,13,17,30,16.1,58,690,259,3.3000000000000003,12.8942,9.9424
1998,4,13,18,0,14.4,47,568,159,2.4000000000000004,7.5907,5.7956
1998,4,13,18,30,13.100000000000001,30,383,69,2.3000000000000003,0.0000,0.0000
1998,4,13,19,0,11.700000000000001,0,0,0,2.2,0.0000,0.0000
1998,4,13,19,30,11.3,0,0,0,2.3000000000000003,0.0000,0.0000
1998,4,13,20,0,10.9,0,0,0,2.3000000000000003,0.0000,0.0000
1998,4,13,20,30,10.5,0,0,0,2.3000000000000003,0.0000,0.0000
1998,4,13,21,0,10,0,0,0,2.2,0.0000,0.0000
1998,4,13,21,30,9.600000000000001,0,0,0,2.1,0.0000,0.0000
1998,4,13,22,0,9.1,0,0,0,2,0.0000,0.0000
1998,4,13,22,30,8.700000000000001,0,0,0,1.9000000000000001,0.0000,0.0000
1998,4,13,23,0,8.3,0,0,0,1.8,0.0000,0.0000
1998,4,13,23,30,7.9,0,0,0,1.7000000000000002,0.0000,0.0000
1998,4,14,0,0,7.5,0,0,0,1.6,0.0000,0.0000
1998,4,14,0,30,7.300000000000001,0,0,0,1.6,0.0000,0.0000
1998,4,14,1,0,7.1000000000000005,0,0,0,1.5,0.0000,0.0000
1998,4,14,1,30,7.2,0,0,0,1.4000000000000001,0.0000,0.0000
1998,4,14,2,0,7.4,0,0,0,1.3,0.0000,0.0000
1998,4,14,2,30,7.300000000000001,0,0,0,1.2000000000000002,0.0000,0.0000
1998,4,14,3,0,7.300000000000001,0,0,0,1.2000000000000002,0.0000,0.0000
1998,4,14,3,30,7.2,0,0,0,1.2000000000000002,0.0000,0.0000
1998,4,14,4,0,7.1000000000000005,0,0,0,1.1,0.0000,0.0000
1998,4,14,4,30,6.9,0,0,0,1.2000000000000002,0.0000,0.0000
1998,4,14,5,0,6.7,0,0,0,1.2000000000000002,0.0000,0.0000
1998,4,14,5,30,6.9,0,0,0,1.3,0.0000,0.0000
1998,4,14,6,0,7.1000000000000005,3,0,3,1.4000000000000001,0.0000,0.0000
1998,4,14,6,30,7.800000000000001,26,0,26,2,0.0000,0.0000
1998,4,14,7,0,8.6,34,0,34,2.6,1.6300,1.2465
1998,4,14,7,30,9.200000000000001,135,25,143,2.5,7.1825,5.5463
1998,4,14,8,0,9.700000000000001,175,24,184,2.5,9.7008,7.5407
1998,4,14,8,30,10.700000000000001,209,20,219,2.8000000000000003,11.9992,9.3662
1998,4,14,9,0,11.700000000000001,260,41,283,3,15.9637,12.4941
1998,4,14,9,30,12.700000000000001,146,1,147,3.4000000000000004,8.4752,6.6451
1998,4,14,10,0,13.600000000000001,187,2,189,3.8000000000000003,11.0763,8.6953
1998,4,14,10,30,14.3,197,2,199,4.1000000000000005,11.8037,9.2743
1998,4,14,11,0,14.9,378,63,428,4.4,25.6063,20.1308
1998,4,14,11,30,15.100000000000001,387,256,598,4.6000000000000005,35.9842,28.3003
1998,4,14,12,0,15.3,408,240,609,4.7,36.7661,28.9214
1998,4,14,12,30,15.4,237,2,239,4.9,14.4427,11.3618
1998,4,14,13,0,15.4,233,4,237,5.1000000000000005,14.3034,11.2512
1998,4,14,13,30,15.5,383,167,519,5.4,31.2101,24.5446
1998,4,14,14,0,15.700000000000001,284,11,292,5.7,17.4515,13.7188
1998,4,14,14,30,15.700000000000001,388,49,424,5.9,25.1123,19.7289
1998,4,14,15,0,15.600000000000001,325,52,361,6.2,21.1136,16.5724
1998,4,14,15,30,15.3,198,10,204,6.6000000000000005,11.7301,9.1952
1998,4,14,16,0,15,126,2,127,7,7.1382,5.5850
1998,4,14,16,30,14.4,127,3,129,7.800000000000001,7.0344,5.4882
1998,4,14,17,0,13.8,151,16,157,8.6,8.2270,6.3904
1998,4,14,17,30,13,130,24,137,8.4,6.8326,5.2700
1998,4,14,18,0,12.200000000000001,83,146,112,8.1,5.3505,4.0865
1998,4,14,18,30,11.3,47,26,49,7.2,0.0000,0.0000
1998,4,14,19,0,10.4,0,0,0,6.4,0.0000,0.0000
1998,4,14,19,30,9.700000000000001,0,0,0,6.6000000000000005,0.0000,0.0000
1998,4,14,20,0,8.9,0,0,0,6.9,0.0000,0.0000
1998,4,14,20,30,8.4,0,0,0,7,0.0000,0.0000
1998,4,14,21,0,7.9,0,0,0,7.1000000000000005,0.0000,0.0000
1998,4,14,21,30,7.7,0,0,0,7.2,0.0000,0.0000
1998,4,14,22,0,7.5,0,0,0,7.2,0.0000,0.0000
1998,4,14,22,30,7.2,0,0,0,7.2,0.0000,0.0000
1998,4,14,23,0,7,0,0,0,7.1000000000000005,0.0000,0.0000
1998,4,14,23,30,6.9,0,0,0,6.9,0.0000,0.0000
1998,4,15,0,0,6.7,0,0,0,6.7,0.0000,0.0000
1998,4,15,0,30,6.5,0,0,0,6.5,0.0000,0.0000
1998,4,15,1,0,6.2,0,0,0,6.2,0.0000,0.0000
1998,4,15,1,30,5.9,0,0,0,6.2,0.0000,0.0000
1998,4,15,2,0,5.5,0,0,0,6.2,0.0000,0.0000
1998,4,15,2,30,5.2,0,0,0,6.300000000000001,0.0000,0.0000
1998,4,15,3,0,4.9,0,0,0,6.300000000000001,0.0000,0.0000
1998,4,15,3,30,4.6000000000000005,0,0,0,6.5,0.0000,0.0000
1998,4,15,4,0,4.2,0,0,0,6.6000000000000005,0.0000,0.0000
1998,4,15,4,30,3.8000000000000003,0,0,0,6.800000000000001,0.0000,0.0000
1998,4,15,5,0,3.5,0,0,0,6.9,0.0000,0.0000
1998,4,15,5,30,3.2,0,0,0,7,0.0000,0.0000
1998,4,15,6,0,2.9000000000000004,2,0,2,7,0.0000,0.0000
1998,4,15,6,30,3.1,5,0,5,7.2,0.0000,0.0000
1998,4,15,7,0,3.3000000000000003,12,0,12,7.4,0.5762,0.4409
1998,4,15,7,30,4,100,508,259,7.6000000000000005,13.0428,10.0758
1998,4,15,8,0,4.7,48,0,48,7.800000000000001,2.5362,1.9720
1998,4,15,8,30,5.7,116,0,116,8.1,6.3666,4.9704
1998,4,15,9,0,6.7,184,0,184,8.3,10.3935,8.1356
1998,4,15,9,30,7.300000000000001,327,32,347,8.4,20.0293,15.7057
1998,4,15,10,0,7.9,199,0,199,8.5,11.6732,9.1645
1998,4,15,10,30,8,158,0,158,8.5,9.3794,7.3699
1998,4,15,11,0,8.200000000000001,190,0,190,8.5,11.3756,8.9435
1998,4,15,11,30,8.200000000000001,179,0,179,8.5,10.7783,8.4771
1998,4,15,12,0,8.3,179,0,179,8.6,10.8130,8.5062
1998,4,15,12,30,8.3,178,0,178,8.6,10.7627,8.4671
1998,4,15,13,0,8.3,180,0,180,8.6,10.8696,8.5505
1998,4,15,13,30,8.200000000000001,208,0,208,8.6,12.5153,9.8428
1998,4,15,14,0,8.1,153,0,153,8.6,9.1498,7.1930
1998,4,15,14,30,7.9,146,0,146,8.6,8.6529,6.7982
1998,4,15,15,0,7.7,123,0,123,8.6,7.1990,5.6509
1998,4,15,15,30,7.300000000000001,129,0,129,8.5,7.4239,5.8199
1998,4,15,16,0,6.9,114,0,114,8.4,6.4141,5.0190
1998,4,15,16,30,6.4,103,0,103,8.200000000000001,5.6238,4.3882
1998,4,15,17,0,5.800000000000001,79,0,79,8,4.1461,3.2211
1998,4,15,17,30,5.2,17,0,17,7.5,0.8493,0.6553
1998,4,15,18,0,4.6000000000000005,32,0,32,6.9,1.5299,1.1688
1998,4,15,18,30,4,14,0,14,6.6000000000000005,0.0000,0.0000
1998,4,15,19,0,3.5,1,0,1,6.2,0.0000,0.0000
1998,4,15,19,30,3.2,0,0,0,6.1000000000000005,0.0000,0.0000
1998,4,15,20,0,3,0,0,0,6.1000000000000005,0.0000,0.0000
1998,4,15,20,30,2.9000000000000004,0,0,0,6,0.0000,0.0000
1998,4,15,21,0,2.8000000000000003,0,0,0,6,0.0000,0.0000
1998,4,15,21,30,2.7,0,0,0,5.9,0.0000,0.0000
1998,4,15,22,0,2.6,0,0,0,5.9,0.0000,0.0000
1998,4,15,22,30,2.5,0,0,0,5.9,0.0000,0.0000
1998,4,15,23,0,2.4000000000000004,0,0,0,5.9,0.0000,0.0000
1998,4,15,23,30,2.2,0,0,0,6,0.0000,0.0000
1998,4,16,0,0,2.1,0,0,0,6.1000000000000005,0.0000,0.0000
1998,4,16,0,30,1.7000000000000002,0,0,0,5.9,0.0000,0.0000
1998,4,16,1,0,1.3,0,0,0,5.7,0.0000,0.0000
1998,4,16,1,30,0.8,0,0,0,5.5,0.0000,0.0000
1998,4,16,2,0,0.30000000000000004,0,0,0,5.300000000000001,0.0000,0.0000
1998,4,16,2,30,0,0,0,0,5.1000000000000005,0.0000,0.0000
1998,4,16,3,0,-0.30000000000000004,0,0,0,5,0.0000,0.0000
1998,4,16,3,30,-0.5,0,0,0,4.9,0.0000,0.0000
1998,4,16,4,0,-0.7000000000000001,0,0,0,4.9,0.0000,0.0000
1998,4,16,4,30,-0.8,0,0,0,4.9,0.0000,0.0000
1998,4,16,5,0,-0.9,0,0,0,4.9,0.0000,0.0000
1998,4,16,5,30,-0.7000000000000001,0,0,0,5.2,0.0000,0.0000
1998,4,16,6,0,-0.5,13,0,13,5.4,0.0000,0.0000
1998,4,16,6,30,0.5,57,12,59,5.7,0.0000,0.0000
1998,4,16,7,0,1.5,109,7,111,6.1000000000000005,5.3392,4.0872
1998,4,16,7,30,2.8000000000000003,169,22,176,6.6000000000000005,8.8853,6.8667
1998,4,16,8,0,4,241,85,276,7,14.6150,11.3665
1998,4,16,8,30,5,73,876,505,7.2,27.7654,21.6800
1998,4,16,9,0,5.9,309,306,485,7.4,27.4332,21.4759
1998,4,16,9,30,6.800000000000001,353,312,554,7.6000000000000005,32.0130,25.1047
1998,4,16,10,0,7.6000000000000005,85,964,766,7.7,44.9757,35.3123
1998,4,16,10,30,8.3,416,354,685,7.800000000000001,40.6957,31.9784
1998,4,16,11,0,9,470,286,699,7.800000000000001,41.8794,32.9273
1998,4,16,11,30,9.600000000000001,91,1006,926,7.800000000000001,55.7931,43.8830
1998,4,16,12,0,10.200000000000001,91,1011,948,7.800000000000001,57.3007,45.0780
1998,4,16,12,30,10.600000000000001,475,360,782,7.7,47.3107,37.2211
1998,4,16,13,0,11.100000000000001,90,1012,945,7.6000000000000005,57.0977,44.9172
1998,4,16,13,30,11.3,453,367,756,7.4,45.5142,35.7964
1998,4,16,14,0,11.600000000000001,86,1001,880,7.2,52.6573,41.3978
1998,4,16,14,30,11.700000000000001,84,989,826,7,48.9847,38.4870
1998,4,16,15,0,11.700000000000001,80,974,758,6.7,44.3969,34.8516
1998,4,16,15,30,11.5,77,953,679,6.4,39.1074,30.6603
1998,4,16,16,0,11.3,73,925,590,6.1000000000000005,33.2284,26.0029
1998,4,16,16,30,10.8,68,887,493,5.6000000000000005,26.9499,21.0314
1998,4,16,17,0,10.3,62,835,390,5.2,20.4994,15.9290
1998,4,16,17,30,8.9,54,763,284,4,14.2129,10.9687
1998,4,16,18,0,7.4,44,656,180,2.8000000000000003,8.6129,6.5824
1998,4,16,18,30,5.800000000000001,30,484,85,2.5,0.0000,0.0000
1998,4,16,19,0,4.1000000000000005,11,181,15,2.1,0.0000,0.0000
1998,4,16,19,30,3.6,0,0,0,2.1,0.0000,0.0000
1998,4,16,20,0,3.1,0,0,0,2.1,0.0000,0.0000
1998,4,16,20,30,2.7,0,0,0,2,0.0000,0.0000
1998,4,16,21,0,2.3000000000000003,0,0,0,2,0.0000,0.0000
1998,4,16,21,30,2,0,0,0,1.9000000000000001,0.0000,0.0000
1998,4,16,22,0,1.6,0,0,0,1.8,0.0000,0.0000
1998,4,16,22,30,1.2000000000000002,0,0,0,1.7000000000000002,0.0000,0.0000
1998,4,16,23,0,0.9,0,0,0,1.6,0.0000,0.0000
1998,4,16,23,30,0.6000000000000001,0,0,0,1.6,0.0000,0.0000
1998,4,17,0,0,0.30000000000000004,0,0,0,1.5,0.0000,0.0000
1998,4,17,0,30,0.1,0,0,0,1.4000000000000001,0.0000,0.0000
1998,4,17,1,0,0,0,0,0,1.4000000000000001,0.0000,0.0000
1998,4,17,1,30,0,0,0,0,1.3,0.0000,0.0000
1998,4,17,2,0,0,0,0,0,1.3,0.0000,0.0000
1998,4,17,2,30,-0.1,0,0,0,1.3,0.0000,0.0000
1998,4,17,3,0,-0.2,0,0,0,1.3,0.0000,0.0000
1998,4,17,3,30,-0.30000000000000004,0,0,0,1.3,0.0000,0.0000
1998,4,17,4,0,-0.4,0,0,0,1.3,0.0000,0.0000
1998,4,17,4,30,-0.6000000000000001,0,0,0,1.3,0.0000,0.0000
1998,4,17,5,0,-0.8,0,0,0,1.3,0.0000,0.0000
1998,4,17,5,30,-0.1,0,0,0,1.2000000000000002,0.0000,0.0000
1998,4,17,6,0,0.5,16,243,25,1.1,0.0000,0.0000
1998,4,17,6,30,2.3000000000000003,35,509,103,1.6,0.0000,0.0000
1998,4,17,7,0,4.1000000000000005,49,671,201,2.1,9.6865,7.4191
1998,4,17,7,30,5.6000000000000005,59,770,306,2,15.4883,11.9742
1998,4,17,8,0,7,67,837,411,2,21.8088,16.9654
1998,4,17,8,30,8.6,73,879,510,1.8,28.0871,21.9348
1998,4,17,9,0,10.200000000000001,78,915,605,1.5,34.2667,26.8285
1998,4,17,9,30,10.8,83,942,692,1.6,40.0295,31.3938
1998,4,17,10,0,11.5,86,962,769,1.7000000000000002,45.1914,35.4839
1998,4,17,10,30,12,89,978,834,2,49.5870,38.9672
1998,4,17,11,0,12.600000000000001,90,990,886,2.3000000000000003,53.1198,41.7668
1998,4,17,11,30,13,92,997,923,2.7,55.6478,43.7705
1998,4,17,12,0,13.5,92,1003,945,3,57.1528,44.9633
1998,4,17,12,30,13.8,92,1004,951,3.3000000000000003,57.5670,45.2917
1998,4,17,13,0,14.100000000000001,92,1002,942,3.6,56.9474,44.8005
1998,4,17,13,30,14.3,91,997,917,3.8000000000000003,55.2380,43.4457
1998,4,17,14,0,14.4,90,988,877,4,52.5084,41.2824
1998,4,17,14,30,14.4,87,970,818,4,48.5415,38.1405
1998,4,17,15,0,14.4,85,953,751,4.1000000000000005,44.0176,34.5556
1998,4,17,15,30,14.3,81,931,672,4.1000000000000005,38.7365,30.3715
1998,4,17,16,0,14.100000000000001,77,901,584,4,32.9222,25.7655
1998,4,17,16,30,13.700000000000001,72,863,487,3.7,26.6551,20.8039
1998,4,17,17,0,13.200000000000001,65,817,388,3.4000000000000004,20.4236,15.8729
1998,4,17,17,30,11.600000000000001,57,745,283,2.6,14.1879,10.9526
1998,4,17,18,0,10,46,635,180,1.8,8.6206,6.5904
1998,4,17,18,30,8.4,32,465,85,1.9000000000000001,0.0000,0.0000
1998,4,17,19,0,6.9,12,173,16,2,0.0000,0.0000
1998,4,17,19,30,6.6000000000000005,0,0,0,2.3000000000000003,0.0000,0.0000
1998,4,17,20,0,6.300000000000001,0,0,0,2.5,0.0000,0.0000
1998,4,17,20,30,6.1000000000000005,0,0,0,2.8000000000000003,0.0000,0.0000
1998,4,17,21,0,5.9,0,0,0,3,0.0000,0.0000
1998,4,17,21,30,5.7,0,0,0,3.2,0.0000,0.0000
1998,4,17,22,0,5.5,0,0,0,3.4000000000000004,0.0000,0.0000
1998,4,17,22,30,5.300000000000001,0,0,0,3.5,0.0000,0.0000
1998,4,17,23,0,5.1000000000000005,0,0,0,3.6,0.0000,0.0000
1998,4,17,23,30,4.9,0,0,0,3.6,0.0000,0.0000
1998,4,18,0,0,4.6000000000000005,0,0,0,3.7,0.0000,0.0000
1998,4,18,0,30,4.4,0,0,0,3.6,0.0000,0.0000
1998,4,18,1,0,4.1000000000000005,0,0,0,3.5,0.0000,0.0000
1998,4,18,1,30,3.8000000000000003,0,0,0,3.4000000000000004,0.0000,0.0000
1998,4,18,2,0,3.6,0,0,0,3.3000000000000003,0.0000,0.0000
1998,4,18,2,30,3.2,0,0,0,3.1,0.0000,0.0000
1998,4,18,3,0,2.9000000000000004,0,0,0,3,0.0000,0.0000
1998,4,18,3,30,2.5,0,0,0,2.8000000000000003,0.0000,0.0000
1998,4,18,4,0,2.1,0,0,0,2.7,0.0000,0.0000
1998,4,18,4,30,1.7000000000000002,0,0,0,2.5,0.0000,0.0000
1998,4,18,5,0,1.3,0,0,0,2.3000000000000003,0.0000,0.0000
1998,4,18,5,30,1.8,0,0,0,2.5,0.0000,0.0000
1998,4,18,6,0,2.2,13,0,13,2.7,0.0000,0.0000
1998,4,18,6,30,3.3000000000000003,62,2,62,2.9000000000000004,0.0000,0.0000
1998,4,18,7,0,4.3,128,30,135,3.1,6.5184,4.9951
1998,4,18,7,30,5.9,181,147,229,3,11.6197,8.9867
1998,4,18,8,0,7.5,73,795,404,3,21.4829,16.7159
1998,4,18,8,30,9.4,80,846,504,3.6,27.8007,21.7144
1998,4,18,9,0,11.3,173,701,580,4.3,32.8927,25.7555
1998,4,18,9,30,12.5,93,907,684,4.5,39.6094,31.0669
1998,4,18,10,0,13.600000000000001,190,753,727,4.7,42.7614,33.5780
1998,4,18,10,30,14.3,191,782,790,4.6000000000000005,47.0064,36.9412
1998,4,18,11,0,15.100000000000001,254,643,773,4.5,46.3763,36.4662
1998,4,18,11,30,15.5,263,556,728,4.5,43.9172,34.5450
1998,4,18,12,0,16,102,970,931,4.4,56.3376,44.3236
1998,4,18,12,30,16.2,102,967,933,4.3,56.5082,44.4602
1998,4,18,13,0,16.400000000000002,104,962,923,4.1000000000000005,55.8286,43.9218
1998,4,18,13,30,16.400000000000002,103,957,899,4,54.1827,42.6172
1998,4,18,14,0,16.3,222,706,787,3.8000000000000003,47.1470,37.0686
1998,4,18,14,30,16,103,924,802,3.6,47.6212,37.4190
1998,4,18,15,0,15.700000000000001,402,106,476,3.3000000000000003,27.9186,21.9183
1998,4,18,15,30,15.3,233,1,233,3.1,13.4416,10.5395
1998,4,18,16,0,14.9,118,0,118,2.9000000000000004,6.6585,5.2115
1998,4,18,16,30,14.200000000000001,197,4,199,2.5,10.9047,8.5120
1998,4,18,17,0,13.5,163,5,165,2.1,8.6984,6.7615
1998,4,18,17,30,12.4,15,0,15,1.8,0.7533,0.5817
1998,4,18,18,0,11.200000000000001,20,0,20,1.5,0.9588,0.7333
1998,4,18,18,30,10.4,10,0,10,1.4000000000000001,0.0000,0.0000
1998,4,18,19,0,9.5,6,0,6,1.4000000000000001,0.0000,0.0000
1998,4,18,19,30,9.200000000000001,0,0,0,1.3,0.0000,0.0000
1998,4,18,20,0,8.9,0,0,0,1.3,0.0000,0.0000
1998,4,18,20,30,8.700000000000001,0,0,0,1.1,0.0000,0.0000
1998,4,18,21,0,8.5,0,0,0,1,0.0000,0.0000
1998,4,18,21,30,8.3,0,0,0,0.8,0.0000,0.0000
1998,4,18,22,0,8.200000000000001,0,0,0,0.6000000000000001,0.0000,0.0000
1998,4,18,22,30,7.800000000000001,0,0,0,0.6000000000000001,0.0000,0.0000
1998,4,18,23,0,7.5,0,0,0,0.5,0.0000,0.0000
1998,4,18,23,30,7.2,0,0,0,0.5,0.0000,0.0000
1998,4,19,0,0,6.9,0,0,0,0.5,0.0000,0.0000
1998,4,19,0,30,6.6000000000000005,0,0,0,0.5,0.0000,0.0000
1998,4,19,1,0,6.4,0,0,0,0.5,0.0000,0.0000
1998,4,19,1,30,5.9,0,0,0,0.7000000000000001,0.0000,0.0000
1998,4,19,2,0,5.5,0,0,0,0.9,0.0000,0.0000
1998,4,19,2,30,5.1000000000000005,0,0,0,1,0.0000,0.0000
1998,4,19,3,0,4.7,0,0,0,1.1,0.0000,0.0000
1998,4,19,3,30,4.5,0,0,0,1.2000000000000002,0.0000,0.0000
1998,4,19,4,0,4.3,0,0,0,1.3,0.0000,0.0000
1998,4,19,4,30,4.2,0,0,0,1.3,0.0000,0.0000
1998,4,19,5,0,4.2,0,0,0,1.3,0.0000,0.0000
1998,4,19,5,30,4.7,0,0,0,1.4000000000000001,0.0000,0.0000
1998,4,19,6,0,5.300000000000001,15,0,15,1.4000000000000001,0.0000,0.0000
1998,4,19,6,30,6.2,63,11,65,2,0.0000,0.0000
1998,4,19,7,0,7.2,14,0,14,2.5,0.6773,0.5193
1998,4,19,7,30,8.3,70,691,298,2.4000000000000004,15.1568,11.7264
1998,4,19,8,0,9.4,215,278,332,2.4000000000000004,17.6887,13.7666
1998,4,19,8,30,11.5,160,637,482,2.9000000000000004,26.6289,20.8022
1998,4,19,9,0,13.600000000000001,233,414,474,3.3000000000000003,26.9151,21.0772
1998,4,19,9,30,14.700000000000001,89,907,684,3.4000000000000004,39.6501,31.1012
1998,4,19,10,0,15.9,258,520,631,3.6,37.1464,29.1706
1998,4,19,10,30,16.5,94,949,824,3.7,49.0649,38.5608
1998,4,19,11,0,17.2,465,146,584,3.8000000000000003,35.0599,27.5692
1998,4,19,11,30,17.6,98,967,911,4.1000000000000005,54.9899,43.2563
1998,4,19,12,0,18.1,225,730,851,4.3,51.5250,40.5386
1998,4,19,12,30,18.3,265,620,800,4.6000000000000005,48.4782,38.1435
1998,4,19,13,0,18.5,377,297,630,4.9,38.1262,29.9959
1998,4,19,13,30,18.1,401,70,459,5,27.6790,21.7716
1998,4,19,14,0,17.6,186,1,187,5.2,11.2088,8.8131
1998,4,19,14,30,16.2,190,669,697,5.5,41.4116,32.5411
1998,4,19,15,0,14.8,272,447,587,5.9,34.4525,27.0493
1998,4,19,15,30,13.100000000000001,298,215,436,6,25.1721,19.7387
1998,4,19,16,0,11.4,150,3,151,6.1000000000000005,8.5287,6.6758
1998,4,19,16,30,10.5,251,189,343,5.6000000000000005,18.8175,14.6901
1998,4,19,17,0,9.5,205,255,307,5,16.2085,12.6015
1998,4,19,17,30,9.1,122,13,126,4.1000000000000005,6.3387,4.8959
1998,4,19,18,0,8.700000000000001,60,512,171,3.2,8.2063,6.2778
1998,4,19,18,30,7.7,39,349,82,2.5,0.0000,0.0000
1998,4,19,19,0,6.6000000000000005,8,0,8,1.8,0.0000,0.0000
1998,4,19,19,30,6.1000000000000005,0,0,0,1.9000000000000001,0.0000,0.0000
1998,4,19,20,0,5.5,0,0,0,2,0.0000,0.0000
1998,4,19,20,30,4.9,0,0,0,2.2,0.0000,0.0000
1998,4,19,21,0,4.4,0,0,0,2.3000000000000003,0.0000,0.0000
1998,4,19,21,30,3.9000000000000004,0,0,0,2.5,0.0000,0.0000
1998,4,19,22,0,3.5,0,0,0,2.7,0.0000,0.0000
1998,4,19,22,30,3.1,0,0,0,2.9000000000000004,0.0000,0.0000
1998,4,19,23,0,2.7,0,0,0,3.1,0.0000,0.0000
1998,4,19,23,30,2.3000000000000003,0,0,0,3.2,0.0000,0.0000
1998,4,20,0,0,1.9000000000000001,0,0,0,3.2,0.0000,0.0000
1998,4,20,0,30,1.7000000000000002,0,0,0,3.2,0.0000,0.0000
1998,4,20,1,0,1.4000000000000001,0,0,0,3.2,0.0000,0.0000
1998,4,20,1,30,1.3,0,0,0,3.2,0.0000,0.0000
1998,4,20,2,0,1.3,0,0,0,3.2,0.0000,0.0000
1998,4,20,2,30,1.5,0,0,0,3.3000000000000003,0.0000,0.0000
1998,4,20,3,0,1.8,0,0,0,3.4000000000000004,0.0000,0.0000
1998,4,20,3,30,2.2,0,0,0,3.5,0.0000,0.0000
1998,4,20,4,0,2.7,0,0,0,3.5,0.0000,0.0000
1998,4,20,4,30,3.1,0,0,0,3.7,0.0000,0.0000
1998,4,20,5,0,3.5,0,0,0,3.8000000000000003,0.0000,0.0000
1998,4,20,5,30,3.9000000000000004,0,0,0,4.1000000000000005,0.0000,0.0000
1998,4,20,6,0,4.3,9,0,9,4.4,0.0000,0.0000
1998,4,20,6,30,4.9,47,0,47,4.800000000000001,0.0000,0.0000
1998,4,20,7,0,5.4,67,529,195,5.300000000000001,9.4529,7.2508
1998,4,20,7,30,6.2,150,7,152,5.800000000000001,7.7493,5.9975
1998,4,20,8,0,6.9,119,0,119,6.2,6.3529,4.9454
1998,4,20,8,30,7.800000000000001,287,51,313,6.4,17.3190,13.5314
1998,4,20,9,0,8.6,220,1,221,6.7,12.5647,9.8404
1998,4,20,9,30,9.700000000000001,382,227,532,7,30.8691,24.2153
1998,4,20,10,0,10.8,126,856,744,7.300000000000001,43.8355,34.4255
1998,4,20,10,30,11.5,457,164,583,7.300000000000001,34.7393,27.3034
1998,4,20,11,0,12.3,458,286,690,7.4,41.4492,32.5946
1998,4,20,11,30,12.700000000000001,492,175,640,7.2,38.6539,30.4072
1998,4,20,12,0,13,493,264,720,7,43.6170,34.3180
1998,4,20,12,30,13.100000000000001,477,134,593,6.9,35.9529,28.2893
1998,4,20,13,0,13.3,308,1,309,6.800000000000001,18.7094,14.7201
1998,4,20,13,30,13.200000000000001,437,58,486,6.800000000000001,29.3219,23.0646
1998,4,20,14,0,13.200000000000001,168,0,168,6.800000000000001,10.0756,7.9224
1998,4,20,14,30,13.100000000000001,200,0,200,6.7,11.8897,9.3432
1998,4,20,15,0,13,150,0,150,6.7,8.8096,6.9169
1998,4,20,15,30,12.9,323,106,391,6.5,22.5915,17.7162
1998,4,20,16,0,12.700000000000001,291,200,404,6.4,22.8399,17.8792
1998,4,20,16,30,12.4,172,545,439,5.9,24.1120,18.8255
1998,4,20,17,0,12,100,663,368,5.5,19.4565,15.1291
1998,4,20,17,30,11.3,128,4,130,4.6000000000000005,6.5508,5.0611
1998,4,20,18,0,10.5,65,487,172,3.7,8.2633,6.3235
1998,4,20,18,30,9.4,42,327,83,3.1,0.0000,0.0000
1998,4,20,19,0,8.4,14,118,18,2.6,0.0000,0.0000
1998,4,20,19,30,8,0,0,0,2.5,0.0000,0.0000
1998,4,20,20,0,7.6000000000000005,0,0,0,2.5,0.0000,0.0000
1998,4,20,20,30,7.2,0,0,0,2.4000000000000004,0.0000,0.0000
1998,4,20,21,0,6.800000000000001,0,0,0,2.3000000000000003,0.0000,0.0000
1998,4,20,21,30,6.4,0,0,0,2.3000000000000003,0.0000,0.0000
1998,4,20,22,0,6.1000000000000005,0,0,0,2.2,0.0000,0.0000
1998,4,20,22,30,5.800000000000001,0,0,0,2.3000000000000003,0.0000,0.0000
1998,4,20,23,0,5.5,0,0,0,2.3000000000000003,0.0000,0.0000
1998,4,20,23,30,5.300000000000001,0,0,0,2.4000000000000004,0.0000,0.0000
1998,4,21,0,0,5,0,0,0,2.6,0.0000,0.0000
1998,4,21,0,30,4.800000000000001,0,0,0,2.8000000000000003,0.0000,0.0000
1998,4,21,1,0,4.6000000000000005,0,0,0,3,0.0000,0.0000
1998,4,21,1,30,4.4,0,0,0,3.1,0.0000,0.0000
1998,4,21,2,0,4.2,0,0,0,3.2,0.0000,0.0000
1998,4,21,2,30,3.9000000000000004,0,0,0,3.2,0.0000,0.0000
1998,4,21,3,0,3.6,0,0,0,3.1,0.0000,0.0000
1998,4,21,3,30,3.4000000000000004,0,0,0,3,0.0000,0.0000
1998,4,21,4,0,3.1,0,0,0,2.9000000000000004,0.0000,0.0000
1998,4,21,4,30,2.9000000000000004,0,0,0,2.8000000000000003,0.0000,0.0000
1998,4,21,5,0,2.6,0,0,0,2.8000000000000003,0.0000,0.0000
1998,4,21,5,30,3.3000000000000003,0,0,0,3.2,0.0000,0.0000
1998,4,21,6,0,4,21,236,34,3.6,0.0000,0.0000
1998,4,21,6,30,5.2,42,469,112,3.8000000000000003,0.0000,0.0000
1998,4,21,7,0,6.4,58,606,207,4,10.0557,7.7169
1998,4,21,7,30,8.1,70,705,309,3.8000000000000003,15.7905,12.2250
1998,4,21,8,0,9.9,248,126,302,3.6,16.1532,12.5771
1998,4,21,8,30,11.5,301,133,369,4.4,20.4488,15.9790
1998,4,21,9,0,13.200000000000001,332,240,474,5.300000000000001,26.9805,21.1327
1998,4,21,9,30,13.8,359,306,561,5.4,32.5833,25.5619
1998,4,21,10,0,14.4,112,897,762,5.5,44.9320,35.2887
1998,4,21,10,30,14.700000000000001,115,910,822,5.4,49.0151,38.5253
1998,4,21,11,0,15.100000000000001,120,920,872,5.4,52.4151,41.2197
1998,4,21,11,30,15.3,404,254,619,5.300000000000001,37.4067,29.4271
1998,4,21,12,0,15.5,444,31,471,5.2,28.5476,22.4621
1998,4,21,12,30,15.5,348,1,349,5,21.1701,16.6581
1998,4,21,13,0,15.5,446,400,790,4.9,47.8568,37.6539
1998,4,21,13,30,15.5,457,343,745,4.800000000000001,44.9713,35.3755
1998,4,21,14,0,15.5,422,53,465,4.7,27.9027,21.9405
1998,4,21,14,30,15.4,409,66,460,4.6000000000000005,27.3624,21.5030
1998,4,21,15,0,15.3,370,353,621,4.5,36.4961,28.6565
1998,4,21,15,30,15.200000000000001,327,55,363,4.3,20.9898,16.4611
1998,4,21,16,0,15,94,847,579,4.2,32.7639,25.6498
1998,4,21,16,30,14.600000000000001,87,806,484,3.9000000000000004,26.6140,20.7812
1998,4,21,17,0,14.3,77,759,386,3.5,20.4367,15.8939
1998,4,21,17,30,13,180,96,210,2.7,10.5998,8.1914
1998,4,21,18,0,11.600000000000001,123,53,135,1.8,6.4931,4.9705
1998,4,21,18,30,10.100000000000001,63,7,64,1.7000000000000002,0.0000,0.0000
1998,4,21,19,0,8.5,15,174,22,1.6,0.0000,0.0000
1998,4,21,19,30,8,0,0,0,1.6,0.0000,0.0000
1998,4,21,20,0,7.6000000000000005,0,0,0,1.6,0.0000,0.0000
1998,4,21,20,30,7.2,0,0,0,1.7000000000000002,0.0000,0.0000
1998,4,21,21,0,6.800000000000001,0,0,0,1.7000000000000002,0.0000,0.0000
1998,4,21,21,30,6.5,0,0,0,1.7000000000000002,0.0000,0.0000
1998,4,21,22,0,6.2,0,0,0,1.7000000000000002,0.0000,0.0000
1998,4,21,22,30,5.9,0,0,0,1.7000000000000002,0.0000,0.0000
1998,4,21,23,0,5.7,0,0,0,1.8,0.0000,0.0000
1998,4,21,23,30,5.5,0,0,0,1.8,0.0000,0.0000
1998,4,22,0,0,5.2,0,0,0,1.8,0.0000,0.0000
1998,4,22,0,30,5,0,0,0,1.9000000000000001,0.0000,0.0000
1998,4,22,1,0,4.7,0,0,0,1.9000000000000001,0.0000,0.0000
1998,4,22,1,30,4.4,0,0,0,1.9000000000000001,0.0000,0.0000
1998,4,22,2,0,4.2,0,0,0,2,0.0000,0.0000
1998,4,22,2,30,3.9000000000000004,0,0,0,2,0.0000,0.0000
1998,4,22,3,0,3.7,0,0,0,2.1,0.0000,0.0000
1998,4,22,3,30,3.6,0,0,0,2.2,0.0000,0.0000
1998,4,22,4,0,3.6,0,0,0,2.2,0.0000,0.0000
1998,4,22,4,30,3.3000000000000003,0,0,0,2.3000000000000003,0.0000,0.0000
1998,4,22,5,0,3.1,0,0,0,2.3000000000000003,0.0000,0.0000
1998,4,22,5,30,4,0,0,0,2.7,0.0000,0.0000
1998,4,22,6,0,5,22,261,38,3,0.0000,0.0000
1998,4,22,6,30,6.4,41,496,118,3.5,0.0000,0.0000
1998,4,22,7,0,7.800000000000001,55,643,216,4,10.5155,8.0736
1998,4,22,7,30,9.3,66,738,319,3.8000000000000003,16.3396,12.6542
1998,4,22,8,0,10.9,74,806,423,3.5,22.6678,17.6531
1998,4,22,8,30,13,81,854,523,3.6,29.0251,22.6837
1998,4,22,9,0,15.100000000000001,86,890,617,3.6,35.1613,27.5430
1998,4,22,9,30,16.1,91,918,703,3.5,40.8697,32.0650
1998,4,22,10,0,17.2,95,938,778,3.5,45.9118,36.0603
1998,4,22,10,30,17.7,98,953,841,3.4000000000000004,50.1817,39.4441
1998,4,22,11,0,18.1,101,964,892,3.3000000000000003,53.6495,42.1921
1998,4,22,11,30,18.5,103,971,928,3.1,56.1102,44.1423
1998,4,22,12,0,18.8,102,977,949,3,57.5488,45.2825
1998,4,22,12,30,19,103,979,955,2.9000000000000004,57.9585,45.6072
1998,4,22,13,0,19.200000000000003,101,979,946,2.8000000000000003,57.3350,45.1127
1998,4,22,13,30,19.3,99,970,917,2.8000000000000003,55.3810,43.5655
1998,4,22,14,0,19.400000000000002,96,963,877,2.7,52.6519,41.4027
1998,4,22,14,30,19.3,94,951,823,2.7,48.9826,38.4949
1998,4,22,15,0,19.3,90,937,757,2.6,44.5170,34.9561
1998,4,22,15,30,19.1,86,915,679,2.4000000000000004,39.2903,30.8148
1998,4,22,16,0,18.900000000000002,81,886,592,2.3000000000000003,33.5289,26.2507
1998,4,22,16,30,18.400000000000002,76,848,496,1.9000000000000001,27.3031,21.3215
1998,4,22,17,0,17.900000000000002,69,797,395,1.6,20.9438,16.2910
1998,4,22,17,30,17,60,726,292,1.2000000000000002,14.7633,11.4118
1998,4,22,18,0,16,50,620,190,0.8,9.1494,7.0063
1998,4,22,18,30,15.5,36,460,96,0.8,0.0000,0.0000
1998,4,22,19,0,14.9,16,194,23,0.7000000000000001,0.0000,0.0000
1998,4,22,19,30,14.8,0,0,0,0.6000000000000001,0.0000,0.0000
1998,4,22,20,0,14.600000000000001,0,0,0,0.5,0.0000,0.0000
1998,4,22,20,30,14.100000000000001,0,0,0,0.6000000000000001,0.0000,0.0000
1998,4,22,21,0,13.700000000000001,0,0,0,0.6000000000000001,0.0000,0.0000
1998,4,22,21,30,12.9,0,0,0,0.7000000000000001,0.0000,0.0000
1998,4,22,22,0,12.200000000000001,0,0,0,0.9,0.0000,0.0000
1998,4,22,22,30,11.5,0,0,0,1,0.0000,0.0000
1998,4,22,23,0,10.700000000000001,0,0,0,1.2000000000000002,0.0000,0.0000
1998,4,22,23,30,9.9,0,0,0,1.3,0.0000,0.0000
1998,4,23,0,0,9,0,0,0,1.4000000000000001,0.0000,0.0000
1998,4,23,0,30,8.3,0,0,0,1.4000000000000001,0.0000,0.0000
1998,4,23,1,0,7.6000000000000005,0,0,0,1.5,0.0000,0.0000
1998,4,23,1,30,7,0,0,0,1.5,0.0000,0.0000
1998,4,23,2,0,6.5,0,0,0,1.5,0.0000,0.0000
1998,4,23,2,30,6,0,0,0,1.5,0.0000,0.0000
1998,4,23,3,0,5.5,0,0,0,1.5,0.0000,0.0000
1998,4,23,3,30,5.1000000000000005,0,0,0,1.5,0.0000,0.0000
1998,4,23,4,0,4.800000000000001,0,0,0,1.5,0.0000,0.0000
1998,4,23,4,30,4.5,0,0,0,1.6,0.0000,0.0000
1998,4,23,5,0,4.3,0,0,0,1.6,0.0000,0.0000
1998,4,23,5,30,5.300000000000001,0,0,0,1.7000000000000002,0.0000,0.0000
1998,4,23,6,0,6.4,24,256,41,1.8,0.0000,0.0000
1998,4,23,6,30,8.200000000000001,44,487,122,2.5,0.0000,0.0000
1998,4,23,7,0,9.9,58,633,219,3.2,10.6841,8.2068
1998,4,23,7,30,11.200000000000001,69,729,322,2.9000000000000004,16.5300,12.8056
1998,4,23,8,0,12.4,76,800,426,2.6,22.8694,17.8135
1998,4,23,8,30,14.600000000000001,83,849,526,2.8000000000000003,29.2319,22.8482
1998,4,23,9,0,16.900000000000002,89,886,620,3,35.3716,27.7102
1998,4,23,9,30,18.3,94,913,706,3.2,41.0814,32.2333
1998,4,23,10,0,19.8,98,933,781,3.4000000000000004,46.1236,36.2286
1998,4,23,10,30,20.400000000000002,102,949,844,3.3000000000000003,50.3940,39.6127
1998,4,23,11,0,21.1,104,959,894,3.2,53.8007,42.3126
1998,4,23,11,30,21.5,106,962,926,3.2,56.0190,44.0721
1998,4,23,12,0,22,107,967,947,3.1,57.4563,45.2111
1998,4,23,12,30,22.3,107,968,953,3.2,57.8646,45.5346
1998,4,23,13,0,22.6,106,966,943,3.2,57.1807,44.9926
1998,4,23,13,30,22.700000000000003,105,957,914,3.2,55.2265,43.4453
1998,4,23,14,0,22.900000000000002,103,948,874,3.2,52.4982,41.2832
1998,4,23,14,30,22.900000000000002,101,936,821,3.2,48.8908,38.4242
1998,4,23,15,0,22.900000000000002,96,921,755,3.1,44.4273,34.8872
1998,4,23,15,30,22.700000000000003,92,898,677,3,39.2040,30.7489
1998,4,23,16,0,22.5,87,865,588,2.9000000000000004,33.3312,26.0979
1998,4,23,16,30,21.8,81,826,493,2.5,27.1669,21.2173
1998,4,23,17,0,21.200000000000003,74,774,393,2.2,20.8664,16.2334
1998,4,23,17,30,19.3,65,701,291,1.8,14.7372,11.3945
1998,4,23,18,0,17.5,53,596,190,1.5,9.1609,7.0174
1998,4,23,18,30,15.700000000000001,38,436,97,1.7000000000000002,0.0000,0.0000
1998,4,23,19,0,13.9,15,0,15,1.8,0.0000,0.0000
1998,4,23,19,30,13.3,0,0,0,2.1,0.0000,0.0000
1998,4,23,20,0,12.700000000000001,0,0,0,2.3000000000000003,0.0000,0.0000
1998,4,23,20,30,12.4,0,0,0,2.5,0.0000,0.0000
1998,4,23,21,0,12,0,0,0,2.8000000000000003,0.0000,0.0000
1998,4,23,21,30,11.700000000000001,0,0,0,3,0.0000,0.0000
1998,4,23,22,0,11.4,0,0,0,3.2,0.0000,0.0000
1998,4,23,22,30,11.100000000000001,0,0,0,3.4000000000000004,0.0000,0.0000
1998,4,23,23,0,10.9,0,0,0,3.6,0.0000,0.0000
1998,4,23,23,30,10.600000000000001,0,0,0,3.6,0.0000,0.0000
1998,4,24,0,0,10.4,0,0,0,3.6,0.0000,0.0000
1998,4,24,0,30,10.100000000000001,0,0,0,3.5,0.0000,0.0000
1998,4,24,1,0,9.8,0,0,0,3.4000000000000004,0.0000,0.0000
1998,4,24,1,30,9.4,0,0,0,3.2,0.0000,0.0000
1998,4,24,2,0,9.1,0,0,0,3.1,0.0000,0.0000
1998,4,24,2,30,8.6,0,0,0,3,0.0000,0.0000
1998,4,24,3,0,8.200000000000001,0,0,0,2.8000000000000003,0.0000,0.0000
1998,4,24,3,30,7.9,0,0,0,2.7,0.0000,0.0000
1998,4,24,4,0,7.5,0,0,0,2.6,0.0000,0.0000
1998,4,24,4,30,7.2,0,0,0,2.6,0.0000,0.0000
1998,4,24,5,0,7,0,0,0,2.5,0.0000,0.0000
1998,4,24,5,30,7.800000000000001,0,0,0,3,0.0000,0.0000
1998,4,24,6,0,8.700000000000001,24,257,42,3.5,0.0000,0.0000
1998,4,24,6,30,9.8,44,476,122,3.7,0.0000,0.0000
1998,4,24,7,0,11,59,619,219,4,10.7063,8.2274
1998,4,24,7,30,12.600000000000001,70,713,320,3.9000000000000004,16.4622,12.7568
1998,4,24,8,0,14.200000000000001,77,784,422,3.9000000000000004,22.6931,17.6795
1998,4,24,8,30,16.2,84,832,521,4.9,28.9935,22.6648
1998,4,24,9,0,18.3,91,865,613,5.9,35.0107,27.4299
1998,4,24,9,30,19.5,96,893,697,6.300000000000001,40.5928,31.8519
1998,4,24,10,0,20.700000000000003,104,907,771,6.7,45.5670,35.7932
1998,4,24,10,30,21.400000000000002,290,674,820,6.9,48.9930,38.5131
1998,4,24,11,0,22.1,299,682,863,7.1000000000000005,51.9645,40.8700
1998,4,24,11,30,22.400000000000002,270,617,798,7.2,48.3001,38.0006
1998,4,24,12,0,22.8,280,577,783,7.4,47.5289,37.4006
1998,4,24,12,30,22.900000000000002,212,688,816,7.4,49.5693,39.0081
1998,4,24,13,0,23,304,550,782,7.5,47.4399,37.3291
1998,4,24,13,30,22.900000000000002,357,461,748,7.5,45.2179,35.5728
1998,4,24,14,0,22.700000000000003,343,438,700,7.5,42.0676,33.0819
1998,4,24,14,30,22.400000000000002,377,327,629,7.4,37.4769,29.4549
1998,4,24,15,0,22.1,374,222,534,7.300000000000001,31.4414,24.6909
1998,4,24,15,30,21.5,342,85,397,7,23.0060,18.0453
1998,4,24,16,0,21,288,94,343,6.7,19.4600,15.2380
1998,4,24,16,30,20.200000000000003,184,11,190,6.300000000000001,10.4817,8.1870
1998,4,24,17,0,19.400000000000002,179,21,188,5.9,9.9947,7.7767
1998,4,24,17,30,18.5,161,90,190,5.7,9.6381,7.4539
1998,4,24,18,0,17.6,76,352,157,5.5,7.5796,5.8080
1998,4,24,18,30,16.8,51,221,81,5.300000000000001,0.0000,0.0000
1998,4,24,19,0,16,15,0,15,5,0.0000,0.0000
1998,4,24,19,30,15.4,0,0,0,4.7,0.0000,0.0000
1998,4,24,20,0,14.8,0,0,0,4.5,0.0000,0.0000
1998,4,24,20,30,14.5,0,0,0,4.6000000000000005,0.0000,0.0000
1998,4,24,21,0,14.200000000000001,0,0,0,4.800000000000001,0.0000,0.0000
1998,4,24,21,30,13.8,0,0,0,4.9,0.0000,0.0000
1998,4,24,22,0,13.4,0,0,0,4.9,0.0000,0.0000
1998,4,24,22,30,13.100000000000001,0,0,0,4.9,0.0000,0.0000
1998,4,24,23,0,12.700000000000001,0,0,0,5,0.0000,0.0000
1998,4,24,23,30,12.4,0,0,0,5,0.0000,0.0000
1998,4,25,0,0,12.200000000000001,0,0,0,4.9,0.0000,0.0000
1998,4,25,0,30,12,0,0,0,5,0.0000,0.0000
1998,4,25,1,0,11.8,0,0,0,5,0.0000,0.0000
1998,4,25,1,30,11.600000000000001,0,0,0,4.9,0.0000,0.0000
1998,4,25,2,0,11.5,0,0,0,4.800000000000001,0.0000,0.0000
1998,4,25,2,30,11.600000000000001,0,0,0,4.800000000000001,0.0000,0.0000
1998,4,25,3,0,11.600000000000001,0,0,0,4.800000000000001,0.0000,0.0000
1998,4,25,3,30,11.8,0,0,0,4.9,0.0000,0.0000
1998,4,25,4,0,11.9,0,0,0,5.1000000000000005,0.0000,0.0000
1998,4,25,4,30,12,0,0,0,5.300000000000001,0.0000,0.0000
1998,4,25,5,0,12.200000000000001,0,0,0,5.6000000000000005,0.0000,0.0000
1998,4,25,5,30,12.600000000000001,0,0,0,5.7,0.0000,0.0000
1998,4,25,6,0,12.9,19,0,19,5.800000000000001,0.0000,0.0000
1998,4,25,6,30,13.8,77,3,78,6,0.0000,0.0000
1998,4,25,7,0,14.600000000000001,50,0,50,6.2,2.4495,1.8832
1998,4,25,7,30,15.600000000000001,16,0,16,6.300000000000001,0.8248,0.6394
1998,4,25,8,0,16.7,249,48,270,6.5,14.5447,11.3334
1998,4,25,8,30,17.5,206,420,427,6.300000000000001,23.7945,18.6029
1998,4,25,9,0,18.400000000000002,127,755,585,6.1000000000000005,33.4464,26.2066
1998,4,25,9,30,19.200000000000003,340,383,599,5.800000000000001,34.9163,27.3996
1998,4,25,10,0,20,270,476,621,5.5,36.7289,28.8523
1998,4,25,10,30,20.700000000000003,279,543,707,5.2,42.2678,33.2279
1998,4,25,11,0,21.400000000000002,142,858,853,4.800000000000001,51.3911,40.4204
1998,4,25,11,30,22,144,864,886,4.4,53.6533,42.2136
1998,4,25,12,0,22.5,463,81,534,4,32.4296,25.5197
1998,4,25,12,30,22.8,145,0,145,3.8000000000000003,8.8122,6.9349
1998,4,25,13,0,23,225,0,225,3.5,13.6557,10.7456
1998,4,25,13,30,23,362,26,384,3.6,23.2240,18.2708
1998,4,25,14,0,22.900000000000002,365,89,437,3.8000000000000003,26.2751,20.6633
1998,4,25,14,30,22.200000000000003,290,452,640,4.3,38.1531,29.9874
1998,4,25,15,0,21.6,193,0,193,4.800000000000001,11.3707,8.9297
1998,4,25,15,30,20.400000000000002,275,41,302,5.6000000000000005,17.5131,13.7375
1998,4,25,16,0,19.3,221,26,236,6.5,13.4008,10.4941
1998,4,25,16,30,17.900000000000002,257,237,376,7,20.7644,16.2203
1998,4,25,17,0,16.5,211,268,324,7.6000000000000005,17.2483,13.4226
1998,4,25,17,30,15.3,181,85,209,7.800000000000001,10.6185,8.2139
1998,4,25,18,0,14.100000000000001,92,1,92,8,4.4475,3.4091
1998,4,25,18,30,13.200000000000001,44,0,44,8.200000000000001,0.0000,0.0000
1998,4,25,19,0,12.4,8,0,8,8.4,0.0000,0.0000
1998,4,25,19,30,11.9,0,0,0,8.6,0.0000,0.0000
1998,4,25,20,0,11.5,0,0,0,8.8,0.0000,0.0000
1998,4,25,20,30,11.3,0,0,0,9,0.0000,0.0000
1998,4,25,21,0,11,0,0,0,9.1,0.0000,0.0000
1998,4,25,21,30,11.100000000000001,0,0,0,9.1,0.0000,0.0000
1998,4,25,22,0,11.100000000000001,0,0,0,9,0.0000,0.0000
1998,4,25,22,30,11.200000000000001,0,0,0,8.8,0.0000,0.0000
1998,4,25,23,0,11.200000000000001,0,0,0,8.6,0.0000,0.0000
1998,4,25,23,30,11.200000000000001,0,0,0,8.4,0.0000,0.0000
1998,4,26,0,0,11.100000000000001,0,0,0,8.200000000000001,0.0000,0.0000
1998,4,26,0,30,11,0,0,0,8.1,0.0000,0.0000
1998,4,26,1,0,10.9,0,0,0,8.1,0.0000,0.0000
1998,4,26,1,30,10.600000000000001,0,0,0,8,0.0000,0.0000
1998,4,26,2,0,10.3,0,0,0,7.9,0.0000,0.0000
1998,4,26,2,30,10,0,0,0,7.7,0.0000,0.0000
1998,4,26,3,0,9.700000000000001,0,0,0,7.5,0.0000,0.0000
1998,4,26,3,30,9.5,0,0,0,7.300000000000001,0.0000,0.0000
1998,4,26,4,0,9.200000000000001,0,0,0,7.1000000000000005,0.0000,0.0000
1998,4,26,4,30,9,0,0,0,6.9,0.0000,0.0000
1998,4,26,5,0,8.8,0,0,0,6.7,0.0000,0.0000
1998,4,26,5,30,8.9,0,0,0,6.800000000000001,0.0000,0.0000
1998,4,26,6,0,9.1,30,2,30,6.800000000000001,0.0000,0.0000
1998,4,26,6,30,9.700000000000001,81,19,85,7,0.0000,0.0000
1998,4,26,7,0,10.3,131,9,134,7.1000000000000005,6.5787,5.0598
1998,4,26,7,30,11,89,629,314,7.300000000000001,16.2215,12.5774
1998,4,26,8,0,11.700000000000001,104,688,412,7.5,22.2310,17.3257
1998,4,26,8,30,12.4,114,739,507,7.300000000000001,28.2901,22.1203
1998,4,26,9,0,13.100000000000001,337,61,374,7.1000000000000005,21.4049,16.7730
1998,4,26,9,30,13.600000000000001,329,235,489,6.7,28.5283,22.3882
1998,4,26,10,0,14.200000000000001,196,0,196,6.4,11.6005,9.1132
1998,4,26,10,30,14.4,251,0,252,6,15.0747,11.8511
1998,4,26,11,0,14.600000000000001,142,0,142,5.6000000000000005,8.5597,6.7327
1998,4,26,11,30,14.3,87,0,87,5.1000000000000005,5.2710,4.1473
1998,4,26,12,0,14,160,0,160,4.6000000000000005,9.7212,7.6501
1998,4,26,12,30,13.8,94,0,94,4.3,5.7153,4.4978
1998,4,26,13,0,13.600000000000001,136,0,137,4.1000000000000005,8.3184,6.5459
1998,4,26,13,30,13.600000000000001,217,0,217,4.2,13.1299,10.3298
1998,4,26,14,0,13.700000000000001,166,0,166,4.3,9.9858,7.8533
1998,4,26,14,30,13.8,157,0,157,4.5,9.3643,7.3604
1998,4,26,15,0,13.9,148,0,148,4.7,8.7245,6.8520
1998,4,26,15,30,13.8,129,0,129,4.800000000000001,7.4857,5.8722
1998,4,26,16,0,13.700000000000001,252,5,254,4.9,14.4351,11.3049
1998,4,26,16,30,13.4,109,0,109,4.800000000000001,6.0257,4.7075
1998,4,26,17,0,13.100000000000001,21,0,21,4.7,1.1194,0.8713
1998,4,26,17,30,12.700000000000001,11,0,11,4.5,0.5598,0.4331
1998,4,26,18,0,12.3,56,0,56,4.4,2.7109,2.0787
1998,4,26,18,30,11.9,28,0,28,4.5,0.0000,0.0000
1998,4,26,19,0,11.5,9,0,9,4.7,0.0000,0.0000
1998,4,26,19,30,11.100000000000001,0,0,0,5.1000000000000005,0.0000,0.0000
1998,4,26,20,0,10.600000000000001,0,0,0,5.5,0.0000,0.0000
1998,4,26,20,30,10,0,0,0,5.6000000000000005,0.0000,0.0000
1998,4,26,21,0,9.5,0,0,0,5.7,0.0000,0.0000
1998,4,26,21,30,9,0,0,0,5.5,0.0000,0.0000
1998,4,26,22,0,8.5,0,0,0,5.4,0.0000,0.0000
1998,4,26,22,30,8.3,0,0,0,5.2,0.0000,0.0000
1998,4,26,23,0,8.1,0,0,0,5.1000000000000005,0.0000,0.0000
1998,4,26,23,30,7.9,0,0,0,5.2,0.0000,0.0000
1998,4,27,0,0,7.7,0,0,0,5.300000000000001,0.0000,0.0000
1998,4,27,0,30,7.4,0,0,0,5.4,0.0000,0.0000
1998,4,27,1,0,7.2,0,0,0,5.5,0.0000,0.0000
1998,4,27,1,30,6.9,0,0,0,5.4,0.0000,0.0000
1998,4,27,2,0,6.7,0,0,0,5.2,0.0000,0.0000
1998,4,27,2,30,6.6000000000000005,0,0,0,5.1000000000000005,0.0000,0.0000
1998,4,27,3,0,6.4,0,0,0,5,0.0000,0.0000
1998,4,27,3,30,6.4,0,0,0,5.1000000000000005,0.0000,0.0000
1998,4,27,4,0,6.300000000000001,0,0,0,5.1000000000000005,0.0000,0.0000
1998,4,27,4,30,6.2,0,0,0,5.2,0.0000,0.0000
1998,4,27,5,0,6.1000000000000005,0,0,0,5.300000000000001,0.0000,0.0000
1998,4,27,5,30,6.1000000000000005,0,0,0,5.4,0.0000,0.0000
1998,4,27,6,0,6,28,1,28,5.5,0.0000,0.0000
1998,4,27,6,30,6.1000000000000005,68,7,70,5.7,3.3370,2.5434
1998,4,27,7,0,6.1000000000000005,140,80,161,5.800000000000001,7.9214,6.0950
1998,4,27,7,30,6.7,191,224,273,6.1000000000000005,14.1327,10.9608
1998,4,27,8,0,7.2,214,323,359,6.300000000000001,19.4017,15.1232
1998,4,27,8,30,8.200000000000001,199,490,461,6.6000000000000005,25.7545,20.1399
1998,4,27,9,0,9.200000000000001,190,579,545,7,31.2222,24.4678
1998,4,27,9,30,10.200000000000001,226,562,609,7.300000000000001,35.5577,27.9063
1998,4,27,10,0,11.200000000000001,225,636,699,7.6000000000000005,41.3988,32.5239
1998,4,27,10,30,12,451,323,708,7.800000000000001,42.3776,33.3168
1998,4,27,11,0,12.8,244,703,832,7.9,50.1789,39.4698
1998,4,27,11,30,13.3,254,708,866,8,52.4927,41.3030
1998,4,27,12,0,13.8,254,727,894,8,54.3416,42.7652
1998,4,27,12,30,14.100000000000001,227,709,854,8.1,51.9461,40.8818
1998,4,27,13,0,14.4,298,623,845,8.1,51.3288,40.3926
1998,4,27,13,30,14.5,287,615,813,8,49.2134,38.7194
1998,4,27,14,0,14.700000000000001,217,695,789,8,47.4844,37.3452
1998,4,27,14,30,14.700000000000001,211,687,747,7.800000000000001,44.5777,35.0395
1998,4,27,15,0,14.600000000000001,286,486,638,7.7,37.6316,29.5557
1998,4,27,15,30,14.5,234,589,624,7.5,36.2349,28.4262
1998,4,27,16,0,14.3,258,430,512,7.2,29.1206,22.8074
1998,4,27,16,30,13.9,251,299,403,6.800000000000001,22.3014,17.4244
1998,4,27,17,0,13.5,205,299,332,6.4,17.7215,13.7950
1998,4,27,17,30,12.600000000000001,169,240,249,5.7,12.6922,9.8227
1998,4,27,18,0,11.600000000000001,130,151,166,4.9,8.0471,6.1725
1998,4,27,18,30,10.200000000000001,80,56,89,4.4,0.0000,0.0000
1998,4,27,19,0,8.8,25,3,25,3.8000000000000003,0.0000,0.0000
1998,4,27,19,30,8.200000000000001,0,0,0,3.9000000000000004,0.0000,0.0000
1998,4,27,20,0,7.6000000000000005,0,0,0,4,0.0000,0.0000
1998,4,27,20,30,7.2,0,0,0,4,0.0000,0.0000
1998,4,27,21,0,6.800000000000001,0,0,0,4.1000000000000005,0.0000,0.0000
1998,4,27,21,30,6.4,0,0,0,4,0.0000,0.0000
1998,4,27,22,0,6,0,0,0,3.9000000000000004,0.0000,0.0000
1998,4,27,22,30,5.5,0,0,0,3.6,0.0000,0.0000
1998,4,27,23,0,5,0,0,0,3.3000000000000003,0.0000,0.0000
1998,4,27,23,30,4.6000000000000005,0,0,0,3.1,0.0000,0.0000
1998,4,28,0,0,4.1000000000000005,0,0,0,2.9000000000000004,0.0000,0.0000
1998,4,28,0,30,3.8000000000000003,0,0,0,2.9000000000000004,0.0000,0.0000
1998,4,28,1,0,3.5,0,0,0,2.9000000000000004,0.0000,0.0000
1998,4,28,1,30,3.3000000000000003,0,0,0,3,0.0000,0.0000
1998,4,28,2,0,3.1,0,0,0,3.1,0.0000,0.0000
1998,4,28,2,30,2.8000000000000003,0,0,0,3.1,0.0000,0.0000
1998,4,28,3,0,2.5,0,0,0,3.1,0.0000,0.0000
1998,4,28,3,30,2.3000000000000003,0,0,0,3.2,0.0000,0.0000
1998,4,28,4,0,2.2,0,0,0,3.3000000000000003,0.0000,0.0000
1998,4,28,4,30,2.2,0,0,0,3.6,0.0000,0.0000
1998,4,28,5,0,2.2,0,0,0,3.8000000000000003,0.0000,0.0000
1998,4,28,5,30,2.6,0,0,0,4,0.0000,0.0000
1998,4,28,6,0,2.9000000000000004,35,0,35,4.3,0.0000,0.0000
1998,4,28,6,30,3.6,98,28,103,4.3,4.9093,3.7429
1998,4,28,7,0,4.2,73,574,230,4.3,11.3400,8.7288
1998,4,28,7,30,5.1000000000000005,136,487,315,4.6000000000000005,16.3391,12.6753
1998,4,28,8,0,6,217,259,334,4.9,18.0787,14.0943
1998,4,28,8,30,6.800000000000001,206,527,490,5.1000000000000005,27.4089,21.4360
1998,4,28,9,0,7.5,220,481,517,5.300000000000001,29.6468,23.2350
1998,4,28,9,30,8.4,343,258,520,5.5,30.3853,23.8483
1998,4,28,10,0,9.200000000000001,378,231,551,5.800000000000001,32.6549,25.6556
1998,4,28,10,30,10.4,361,356,645,6,38.6291,30.3710
1998,4,28,11,0,11.5,351,346,641,6.300000000000001,38.6789,30.4250
1998,4,28,11,30,12.3,412,283,657,6.5,39.8426,31.3504
1998,4,28,12,0,13.100000000000001,477,90,556,6.7,33.8106,26.6087
1998,4,28,12,30,13.4,340,1,341,6.7,20.7508,16.3314
1998,4,28,13,0,13.600000000000001,412,7,419,6.7,25.4625,20.0379
1998,4,28,13,30,13.700000000000001,490,145,614,6.6000000000000005,37.1830,29.2551
1998,4,28,14,0,13.8,384,67,439,6.5,26.4319,20.7886
1998,4,28,14,30,13.8,375,58,420,6.2,25.0759,19.7111
1998,4,28,15,0,13.8,277,12,286,6,16.8785,13.2569
1998,4,28,15,30,13.600000000000001,207,3,209,5.7,12.1443,9.5276
1998,4,28,16,0,13.4,265,33,285,5.4,16.2232,12.7070
1998,4,28,16,30,12.8,192,13,198,5.1000000000000005,10.9682,8.5704
1998,4,28,17,0,12.200000000000001,154,10,158,4.7,8.4442,6.5742
1998,4,28,17,30,11.200000000000001,107,5,108,4.1000000000000005,5.5135,4.2680
1998,4,28,18,0,10.200000000000001,77,1,77,3.4000000000000004,3.7378,2.8680
1998,4,28,18,30,9,39,0,39,2.9000000000000004,0.0000,0.0000
1998,4,28,19,0,7.9,16,0,16,2.3000000000000003,0.0000,0.0000
1998,4,28,19,30,7.5,0,0,0,2.1,0.0000,0.0000
1998,4,28,20,0,7.1000000000000005,0,0,0,1.9000000000000001,0.0000,0.0000
1998,4,28,20,30,6.800000000000001,0,0,0,1.7000000000000002,0.0000,0.0000
1998,4,28,21,0,6.5,0,0,0,1.6,0.0000,0.0000
1998,4,28,21,30,6.1000000000000005,0,0,0,1.5,0.0000,0.0000
1998,4,28,22,0,5.800000000000001,0,0,0,1.4000000000000001,0.0000,0.0000
1998,4,28,22,30,5.7,0,0,0,1.4000000000000001,0.0000,0.0000
1998,4,28,23,0,5.7,0,0,0,1.4000000000000001,0.0000,0.0000
1998,4,28,23,30,5.7,0,0,0,1.4000000000000001,0.0000,0.0000
1998,4,29,0,0,5.800000000000001,0,0,0,1.4000000000000001,0.0000,0.0000
1998,4,29,0,30,5.800000000000001,0,0,0,1.5,0.0000,0.0000
1998,4,29,1,0,5.800000000000001,0,0,0,1.6,0.0000,0.0000
1998,4,29,1,30,5.7,0,0,0,1.5,0.0000,0.0000
1998,4,29,2,0,5.7,0,0,0,1.5,0.0000,0.0000
1998,4,29,2,30,5.5,0,0,0,1.5,0.0000,0.0000
1998,4,29,3,0,5.4,0,0,0,1.6,0.0000,0.0000
1998,4,29,3,30,5.2,0,0,0,1.6,0.0000,0.0000
1998,4,29,4,0,5,0,0,0,1.6,0.0000,0.0000
1998,4,29,4,30,4.800000000000001,0,0,0,1.9000000000000001,0.0000,0.0000
1998,4,29,5,0,4.7,0,0,0,2.2,0.0000,0.0000
1998,4,29,5,30,5.300000000000001,0,0,0,3,0.0000,0.0000
1998,4,29,6,0,5.800000000000001,23,0,23,3.8000000000000003,0.0000,0.0000
1998,4,29,6,30,6.5,60,1,60,4,2.8599,2.1811
1998,4,29,7,0,7.2,144,49,158,4.2,7.8058,6.0106
1998,4,29,7,30,8.3,158,20,165,4.4,8.5746,6.6535
1998,4,29,8,0,9.5,224,84,263,4.6000000000000005,14.2576,11.1171
1998,4,29,8,30,10.4,259,66,295,4.9,16.5208,12.9220
1998,4,29,9,0,11.3,285,234,431,5.2,24.7389,19.3901
1998,4,29,9,30,11.9,313,186,441,5.2,25.7885,20.2416
1998,4,29,10,0,12.5,366,18,379,5.300000000000001,22.4760,17.6593
1998,4,29,10,30,12.9,360,184,507,5.2,30.3810,23.8870
1998,4,29,11,0,13.200000000000001,344,2,346,5,20.8885,16.4315
1998,4,29,11,30,13.5,270,0,271,4.800000000000001,16.4416,12.9375
1998,4,29,12,0,13.700000000000001,317,1,317,4.6000000000000005,19.2852,15.1777
1998,4,29,12,30,13.8,225,0,225,4.4,13.6973,10.7803
1998,4,29,13,0,13.9,308,1,309,4.1000000000000005,18.7853,14.7836
1998,4,29,13,30,14,422,18,438,3.9000000000000004,26.5357,20.8785
1998,4,29,14,0,14,379,7,385,3.6,23.1911,18.2402
1998,4,29,14,30,14,308,1,309,3.4000000000000004,18.4576,14.5092
1998,4,29,15,0,14.100000000000001,262,1,263,3.1,15.5299,12.1981
1998,4,29,15,30,14,273,2,275,3,15.9896,12.5450
1998,4,29,16,0,13.9,220,1,221,2.8000000000000003,12.5899,9.8618
1998,4,29,16,30,13.700000000000001,263,32,279,2.6,15.4700,12.0891
1998,4,29,17,0,13.5,127,0,128,2.4000000000000004,6.8494,5.3333
1998,4,29,17,30,12.9,131,3,132,1.8,6.7491,5.2255
1998,4,29,18,0,12.200000000000001,54,0,54,1.2000000000000002,2.6249,2.0147
1998,4,29,18,30,11.100000000000001,28,0,28,1,0.0000,0.0000
1998,4,29,19,0,9.9,19,0,19,0.9,0.0000,0.0000
1998,4,29,19,30,9.600000000000001,0,0,0,0.9,0.0000,0.0000
1998,4,29,20,0,9.4,0,0,0,0.9,0.0000,0.0000
1998,4,29,20,30,9.3,0,0,0,0.8,0.0000,0.0000
1998,4,29,21,0,9.200000000000001,0,0,0,0.7000000000000001,0.0000,0.0000
1998,4,29,21,30,9.200000000000001,0,0,0,0.6000000000000001,0.0000,0.0000
1998,4,29,22,0,9.1,0,0,0,0.5,0.0000,0.0000
1998,4,29,22,30,8.9,0,0,0,0.4,0.0000,0.0000
1998,4,29,23,0,8.8,0,0,0,0.4,0.0000,0.0000
1998,4,29,23,30,8.5,0,0,0,0.6000000000000001,0.0000,0.0000
1998,4,30,0,0,8.200000000000001,0,0,0,0.7000000000000001,0.0000,0.0000
1998,4,30,0,30,7.9,0,0,0,0.8,0.0000,0.0000
1998,4,30,1,0,7.6000000000000005,0,0,0,0.9,0.0000,0.0000
1998,4,30,1,30,7.5,0,0,0,0.9,0.0000,0.0000
1998,4,30,2,0,7.4,0,0,0,1,0.0000,0.0000
1998,4,30,2,30,7.300000000000001,0,0,0,1,0.0000,0.0000
1998,4,30,3,0,7.2,0,0,0,1.1,0.0000,0.0000
1998,4,30,3,30,7.1000000000000005,0,0,0,1.1,0.0000,0.0000
1998,4,30,4,0,7,0,0,0,1.2000000000000002,0.0000,0.0000
1998,4,30,4,30,7,0,0,0,1.2000000000000002,0.0000,0.0000
1998,4,30,5,0,7,0,0,0,1.3,0.0000,0.0000
1998,4,30,5,30,7.6000000000000005,0,0,0,1.6,0.0000,0.0000
1998,4,30,6,0,8.200000000000001,12,0,12,1.9000000000000001,0.0000,0.0000
1998,4,30,6,30,8.8,38,0,38,2.3000000000000003,1.8117,1.3821
1998,4,30,7,0,9.4,16,0,16,2.6,0.7921,0.6101
1998,4,30,7,30,10.4,193,17,199,2.6,10.3607,8.0413
1998,4,30,8,0,11.4,216,17,224,2.6,12.1610,9.4837
1998,4,30,8,30,12.3,263,28,278,2.7,15.5862,12.1922
1998,4,30,9,0,13.200000000000001,233,1,234,2.8000000000000003,13.4435,10.5376
1998,4,30,9,30,13.9,346,34,369,2.8000000000000003,21.5942,16.9504
1998,4,30,10,0,14.600000000000001,363,18,377,2.9000000000000004,22.3713,17.5778
1998,4,30,10,30,15.200000000000001,445,311,695,2.9000000000000004,41.6684,32.7629
1998,4,30,11,0,15.700000000000001,491,148,615,2.9000000000000004,37.1459,29.2210
1998,4,30,11,30,16.2,464,78,532,2.9000000000000004,32.2906,25.4094
1998,4,30,12,0,16.7,519,176,675,2.8000000000000003,41.0816,32.3325
1998,4,30,12,30,16.900000000000002,164,853,925,2.8000000000000003,56.3335,44.3380
1998,4,30,13,0,17,517,199,693,2.7,42.1468,33.1694
1998,4,30,13,30,17.2,411,12,422,2.6,25.5769,20.1246
1998,4,30,14,0,17.400000000000002,469,129,576,2.5,34.7112,27.3017
1998,4,30,14,30,17.5,458,193,610,2.4000000000000004,36.4546,28.6573
1998,4,30,15,0,17.7,414,108,493,2.3000000000000003,29.1268,22.8788
1998,4,30,15,30,17.900000000000002,301,9,307,2.2,17.8616,14.0144
1998,4,30,16,0,18,340,86,391,2.1,22.2917,17.4624
1998,4,30,16,30,17.8,158,0,159,2,8.8246,6.8966
1998,4,30,17,0,17.7,187,13,193,1.8,10.3403,8.0525
1998,4,30,17,30,16.900000000000002,178,21,185,1.3,9.4734,7.3364
1998,4,30,18,0,16.1,66,535,200,0.8,9.7366,7.4755
1998,4,30,18,30,15.3,48,391,109,0.8,0.0000,0.0000
1998,4,30,19,0,14.5,24,184,36,0.8,0.0000,0.0000
1998,4,30,19,30,14.100000000000001,0,0,0,0.8,0.0000,0.0000
1998,4,30,20,0,13.700000000000001,0,0,0,0.8,0.0000,0.0000
1998,4,30,20,30,13.200000000000001,0,0,0,0.9,0.0000,0.0000
1998,4,30,21,0,12.700000000000001,0,0,0,0.9,0.0000,0.0000
1998,4,30,21,30,12.100000000000001,0,0,0,1,0.0000,0.0000
1998,4,30,22,0,11.5,0,0,0,1,0.0000,0.0000
1998,4,30,22,30,10.8,0,0,0,1.1,0.0000,0.0000
1998,4,30,23,0,10.100000000000001,0,0,0,1.2000000000000002,0.0000,0.0000
1998,4,30,23,30,9.5,0,0,0,1.2000000000000002,0.0000,0.0000
1998,5,1,0,0,8.8,0,0,0,1.2000000000000002,0.0000,0.0000
1998,5,1,0,30,8.4,0,0,0,1.3,0.0000,0.0000
1998,5,1,1,0,7.9,0,0,0,1.4000000000000001,0.0000,0.0000
1998,5,1,1,30,7.7,0,0,0,1.5,0.0000,0.0000
1998,5,1,2,0,7.5,0,0,0,1.6,0.0000,0.0000
1998,5,1,2,30,7.5,0,0,0,1.8,0.0000,0.0000
1998,5,1,3,0,7.5,0,0,0,2,0.0000,0.0000
1998,5,1,3,30,7.7,0,0,0,2.1,0.0000,0.0000
1998,5,1,4,0,7.9,0,0,0,2.3000000000000003,0.0000,0.0000
1998,5,1,4,30,7.800000000000001,0,0,0,2.3000000000000003,0.0000,0.0000
1998,5,1,5,0,7.800000000000001,0,0,0,2.3000000000000003,0.0000,0.0000
1998,5,1,5,30,8.9,0,0,0,2.7,0.0000,0.0000
1998,5,1,6,0,9.9,34,282,62,3.2,0.0000,0.0000
1998,5,1,6,30,11.100000000000001,55,470,145,3.4000000000000004,6.9159,5.2776
1998,5,1,7,0,12.200000000000001,69,602,241,3.6,11.9547,9.2121
1998,5,1,7,30,13.9,81,690,341,3.4000000000000004,17.7865,13.8079
1998,5,1,8,0,15.600000000000001,247,242,360,3.2,19.5727,15.2660
1998,5,1,8,30,17.6,240,534,533,3.2,29.9161,23.4039
1998,5,1,9,0,19.5,102,842,629,3.3000000000000003,36.1677,28.3518
1998,5,1,9,30,20.400000000000002,107,866,710,3,41.5792,32.6393
1998,5,1,10,0,21.200000000000003,111,889,783,2.8000000000000003,46.4908,36.5306
1998,5,1,10,30,21.700000000000003,114,902,841,3,50.4480,39.6674
1998,5,1,11,0,22.200000000000003,117,913,889,3.1,53.7195,42.2599
1998,5,1,11,30,22.6,119,918,921,3.3000000000000003,55.9248,44.0083
1998,5,1,12,0,22.900000000000002,125,912,937,3.6,57.0496,44.9010
1998,5,1,12,30,22.900000000000002,125,913,942,3.7,57.3907,45.1712
1998,5,1,13,0,23,132,896,926,3.9000000000000004,56.3392,44.3399
1998,5,1,13,30,22.900000000000002,224,696,826,4,50.0824,39.4072
1998,5,1,14,0,22.700000000000003,437,355,732,4.1000000000000005,44.1308,34.7116
1998,5,1,14,30,22,354,340,623,4.1000000000000005,37.2491,29.2827
1998,5,1,15,0,21.3,321,78,379,4.2,22.4035,17.5983
1998,5,1,15,30,20.700000000000003,348,144,445,4.1000000000000005,25.9070,20.3279
1998,5,1,16,0,20.1,265,36,287,3.9000000000000004,16.3743,12.8277
1998,5,1,16,30,19.8,243,45,266,3.8000000000000003,14.7778,11.5503
1998,5,1,17,0,19.5,152,11,156,3.7,8.3681,6.5176
1998,5,1,17,30,18.400000000000002,176,59,197,2.8000000000000003,10.1032,7.8258
1998,5,1,18,0,17.3,67,535,202,2,9.8481,7.5635
1998,5,1,18,30,15.700000000000001,49,392,112,1.7000000000000002,0.0000,0.0000
1998,5,1,19,0,14.100000000000001,25,182,37,1.5,0.0000,0.0000
1998,5,1,19,30,13.5,0,0,0,1.6,0.0000,0.0000
1998,5,1,20,0,12.9,0,0,0,1.7000000000000002,0.0000,0.0000
1998,5,1,20,30,12.600000000000001,0,0,0,2.4000000000000004,0.0000,0.0000
1998,5,1,21,0,12.4,0,0,0,3.2,0.0000,0.0000
1998,5,1,21,30,11.8,0,0,0,4.2,0.0000,0.0000
1998,5,1,22,0,11.200000000000001,0,0,0,5.2,0.0000,0.0000
1998,5,1,22,30,10.200000000000001,0,0,0,5.1000000000000005,0.0000,0.0000
1998,5,1,23,0,9.200000000000001,0,0,0,5,0.0000,0.0000
1998,5,1,23,30,8.6,0,0,0,4.6000000000000005,0.0000,0.0000
1998,5,2,0,0,8,0,0,0,4.2,0.0000,0.0000
1998,5,2,0,30,7.6000000000000005,0,0,0,4,0.0000,0.0000
1998,5,2,1,0,7.2,0,0,0,3.9000000000000004,0.0000,0.0000
1998,5,2,1,30,6.7,0,0,0,3.7,0.0000,0.0000
1998,5,2,2,0,6.300000000000001,0,0,0,3.4000000000000004,0.0000,0.0000
1998,5,2,2,30,5.7,0,0,0,3.4000000000000004,0.0000,0.0000
1998,5,2,3,0,5.2,0,0,0,3.3000000000000003,0.0000,0.0000
1998,5,2,3,30,4.7,0,0,0,3.3000000000000003,0.0000,0.0000
1998,5,2,4,0,4.1000000000000005,0,0,0,3.3000000000000003,0.0000,0.0000
1998,5,2,4,30,3.9000000000000004,0,0,0,3.4000000000000004,0.0000,0.0000
1998,5,2,5,0,3.6,0,0,0,3.4000000000000004,0.0000,0.0000
1998,5,2,5,30,4.2,0,0,0,3.8000000000000003,0.0000,0.0000
1998,5,2,6,0,4.9,32,347,67,4.1000000000000005,0.0000,0.0000
1998,5,2,6,30,5.9,49,529,153,4.800000000000001,7.3016,5.5738
1998,5,2,7,0,7,143,168,192,5.5,9.5427,7.3560
1998,5,2,7,30,7.6000000000000005,103,0,103,5.9,5.3818,4.1789
1998,5,2,8,0,8.200000000000001,224,238,336,6.300000000000001,18.2928,14.2697
1998,5,2,8,30,8.5,313,179,412,6.4,23.1501,18.1125
1998,5,2,9,0,8.700000000000001,269,4,272,6.5,15.6534,12.2715
1998,5,2,9,30,8.8,408,152,514,6.5,30.1220,23.6467
1998,5,2,10,0,8.9,380,32,405,6.6000000000000005,24.0610,18.9069
1998,5,2,10,30,8.9,84,0,84,6.7,5.0414,3.9642
1998,5,2,11,0,8.9,141,0,141,6.7,8.5241,6.7059
1998,5,2,11,30,9.1,277,0,277,6.9,16.8269,13.2417
1998,5,2,12,0,9.3,456,32,485,7,29.5408,23.2507
1998,5,2,12,30,9.700000000000001,233,0,233,7.1000000000000005,14.2007,11.1774
1998,5,2,13,0,10.100000000000001,307,1,308,7.2,18.7461,14.7538
1998,5,2,13,30,10.700000000000001,194,0,194,7.1000000000000005,11.7672,9.2592
1998,5,2,14,0,11.3,213,0,213,7.1000000000000005,12.8465,10.1048
1998,5,2,14,30,12,127,875,820,7,49.0495,38.5606
1998,5,2,15,0,12.700000000000001,327,335,574,6.9,33.9473,26.6671
1998,5,2,15,30,13.200000000000001,367,275,552,6.7,32.1555,25.2319
1998,5,2,16,0,13.8,212,463,491,6.5,28.0345,21.9638
1998,5,2,16,30,14,183,573,483,6,26.8584,20.9942
1998,5,2,17,0,14.100000000000001,229,246,336,5.4,18.0455,14.0567
1998,5,2,17,30,13.600000000000001,145,6,147,4.4,7.5503,5.8496
1998,5,2,18,0,13.100000000000001,139,31,147,3.5,7.1771,5.5138
1998,5,2,18,30,11.9,77,5,78,3,0.0000,0.0000
1998,5,2,19,0,10.700000000000001,25,0,25,2.5,0.0000,0.0000
1998,5,2,19,30,10.3,0,0,0,2.8000000000000003,0.0000,0.0000
1998,5,2,20,0,10,0,0,0,3.1,0.0000,0.0000
1998,5,2,20,30,10,0,0,0,3.6,0.0000,0.0000
1998,5,2,21,0,10,0,0,0,4.1000000000000005,0.0000,0.0000
1998,5,2,21,30,9.8,0,0,0,4.3,0.0000,0.0000
1998,5,2,22,0,9.600000000000001,0,0,0,4.6000000000000005,0.0000,0.0000
1998,5,2,22,30,9.3,0,0,0,4.5,0.0000,0.0000
1998,5,2,23,0,8.9,0,0,0,4.4,0.0000,0.0000
1998,5,2,23,30,8.4,0,0,0,4.1000000000000005,0.0000,0.0000
1998,5,3,0,0,7.9,0,0,0,3.8000000000000003,0.0000,0.0000
1998,5,3,0,30,7.5,0,0,0,3.6,0.0000,0.0000
1998,5,3,1,0,7.1000000000000005,0,0,0,3.4000000000000004,0.0000,0.0000
1998,5,3,1,30,6.9,0,0,0,3.6,0.0000,0.0000
1998,5,3,2,0,6.800000000000001,0,0,0,3.8000000000000003,0.0000,0.0000
1998,5,3,2,30,6.6000000000000005,0,0,0,3.9000000000000004,0.0000,0.0000
1998,5,3,3,0,6.5,0,0,0,3.9000000000000004,0.0000,0.0000
1998,5,3,3,30,6.300000000000001,0,0,0,4,0.0000,0.0000
1998,5,3,4,0,6.2,0,0,0,4,0.0000,0.0000
1998,5,3,4,30,6.2,0,0,0,4,0.0000,0.0000
1998,5,3,5,0,6.1000000000000005,0,0,0,4,0.0000,0.0000
1998,5,3,5,30,6.7,10,72,11,4.2,0.0000,0.0000
1998,5,3,6,0,7.300000000000001,34,319,68,4.4,0.0000,0.0000
1998,5,3,6,30,8.5,54,501,154,4.2,7.3543,5.6159
1998,5,3,7,0,9.700000000000001,69,619,250,4.1000000000000005,12.4497,9.6000
1998,5,3,7,30,11.600000000000001,80,704,350,4,18.3194,14.2278
1998,5,3,8,0,13.4,89,763,449,4,24.4779,19.0971
1998,5,3,8,30,15.100000000000001,97,809,546,3.9000000000000004,30.7098,24.0292
1998,5,3,9,0,16.8,104,843,637,3.8000000000000003,36.6898,28.7649
1998,5,3,9,30,18.3,109,870,719,3.6,42.1636,33.1013
1998,5,3,10,0,19.700000000000003,115,888,791,3.5,47.0202,36.9496
1998,5,3,10,30,20.3,119,904,852,3.1,51.1590,40.2291
1998,5,3,11,0,20.900000000000002,123,912,899,2.8000000000000003,54.3717,42.7754
1998,5,3,11,30,21.3,125,920,934,2.6,56.7604,44.6682
1998,5,3,12,0,21.700000000000003,127,922,953,2.3000000000000003,58.0674,45.7042
1998,5,3,12,30,21.900000000000002,127,923,958,2.2,58.4083,45.9742
1998,5,3,13,0,22.200000000000003,128,919,947,2,57.6592,45.3808
1998,5,3,13,30,22.3,127,913,922,2,55.9460,44.0231
1998,5,3,14,0,22.400000000000002,126,902,882,1.9000000000000001,53.2166,41.8602
1998,5,3,14,30,22.3,123,886,826,1.9000000000000001,49.4302,38.8610
1998,5,3,15,0,22.3,119,867,760,1.8,44.9710,35.3281
1998,5,3,15,30,22.200000000000003,114,843,684,1.7000000000000002,39.8684,31.2855
1998,5,3,16,0,22.1,108,812,599,1.6,34.2254,26.8156
1998,5,3,16,30,21.700000000000003,100,772,506,1.3,28.1634,22.0161
1998,5,3,17,0,21.400000000000002,92,723,410,1.1,22.0463,17.1754
1998,5,3,17,30,20.8,81,651,309,0.8,15.8936,12.3159
1998,5,3,18,0,20.200000000000003,67,558,211,0.4,10.3161,7.9277
1998,5,3,18,30,19.5,50,415,118,0.4,0.0000,0.0000
1998,5,3,19,0,18.8,26,208,42,0.4,0.0000,0.0000
1998,5,3,19,30,18.1,0,0,0,0.7000000000000001,0.0000,0.0000
1998,5,3,20,0,17.3,0,0,0,0.9,0.0000,0.0000
1998,5,3,20,30,16.400000000000002,0,0,0,1.1,0.0000,0.0000
1998,5,3,21,0,15.4,0,0,0,1.2000000000000002,0.0000,0.0000
1998,5,3,21,30,14.5,0,0,0,1.3,0.0000,0.0000
1998,5,3,22,0,13.5,0,0,0,1.4000000000000001,0.0000,0.0000
1998,5,3,22,30,12.700000000000001,0,0,0,1.4000000000000001,0.0000,0.0000
1998,5,3,23,0,11.8,0,0,0,1.4000000000000001,0.0000,0.0000
1998,5,3,23,30,11.200000000000001,0,0,0,1.5,0.0000,0.0000
1998,5,4,0,0,10.600000000000001,0,0,0,1.5,0.0000,0.0000
1998,5,4,0,30,10.100000000000001,0,0,0,1.6,0.0000,0.0000
1998,5,4,1,0,9.600000000000001,0,0,0,1.6,0.0000,0.0000
1998,5,4,1,30,9.200000000000001,0,0,0,1.6,0.0000,0.0000
1998,5,4,2,0,8.9,0,0,0,1.6,0.0000,0.0000
1998,5,4,2,30,8.5,0,0,0,1.7000000000000002,0.0000,0.0000
1998,5,4,3,0,8.200000000000001,0,0,0,1.7000000000000002,0.0000,0.0000
1998,5,4,3,30,8,0,0,0,1.9000000000000001,0.0000,0.0000
1998,5,4,4,0,7.800000000000001,0,0,0,2,0.0000,0.0000
1998,5,4,4,30,7.7,0,0,0,2.2,0.0000,0.0000
1998,5,4,5,0,7.6000000000000005,0,0,0,2.3000000000000003,0.0000,0.0000
1998,5,4,5,30,8.8,11,61,12,3,0.0000,0.0000
1998,5,4,6,0,9.9,36,326,72,3.6,0.0000,0.0000
1998,5,4,6,30,11.100000000000001,55,511,158,3.9000000000000004,7.5510,5.7680
1998,5,4,7,0,12.3,68,637,256,4.2,12.7722,9.8519
1998,5,4,7,30,14,78,722,358,4.1000000000000005,18.7688,14.5797
1998,5,4,8,0,15.700000000000001,86,786,460,4,25.1095,19.5923
1998,5,4,8,30,17.8,93,832,557,4.7,31.3607,24.5407
1998,5,4,9,0,20,98,869,650,5.5,37.4684,29.3772
1998,5,4,9,30,21.1,102,892,730,5.800000000000001,42.8367,33.6314
1998,5,4,10,0,22.3,105,914,803,6.1000000000000005,47.7597,37.5321
1998,5,4,10,30,23,108,929,865,6.2,51.9636,40.8631
1998,5,4,11,0,23.700000000000003,110,937,910,6.2,55.0599,43.3179
1998,5,4,11,30,24.3,112,944,944,6.1000000000000005,57.3895,45.1642
1998,5,4,12,0,24.8,113,944,960,6.1000000000000005,58.5151,46.0576
1998,5,4,12,30,25.200000000000003,113,945,965,6,58.8559,46.3275
1998,5,4,13,0,25.6,114,938,951,5.9,57.9236,45.5899
1998,5,4,13,30,25.8,113,930,924,5.800000000000001,56.0877,44.1356
1998,5,4,14,0,26,113,915,882,5.7,53.2376,41.8778
1998,5,4,14,30,26.1,110,900,827,5.4,49.5117,38.9262
1998,5,4,15,0,26.1,110,872,758,5.2,44.8747,35.2536
1998,5,4,15,30,26,106,847,681,4.800000000000001,39.7168,31.1679
1998,5,4,16,0,25.8,110,788,588,4.3,33.6207,26.3433
1998,5,4,16,30,25.1,104,745,497,3.5,27.6863,21.6449
1998,5,4,17,0,24.3,110,637,392,2.7,21.1021,16.4418
1998,5,4,17,30,22.8,189,109,227,2.3000000000000003,11.6933,9.0629
1998,5,4,18,0,21.3,93,7,95,2,4.6516,3.5757
1998,5,4,18,30,20,52,2,53,2.5,0.0000,0.0000
1998,5,4,19,0,18.8,20,0,20,2.9000000000000004,0.0000,0.0000
1998,5,4,19,30,18.3,0,0,0,3.4000000000000004,0.0000,0.0000
1998,5,4,20,0,17.7,0,0,0,4,0.0000,0.0000
1998,5,4,20,30,16.8,0,0,0,3.8000000000000003,0.0000,0.0000
1998,5,4,21,0,16,0,0,0,3.7,0.0000,0.0000
1998,5,4,21,30,15.100000000000001,0,0,0,3.2,0.0000,0.0000
1998,5,4,22,0,14.200000000000001,0,0,0,2.7,0.0000,0.0000
1998,5,4,22,30,13.5,0,0,0,2.5,0.0000,0.0000
1998,5,4,23,0,12.700000000000001,0,0,0,2.3000000000000003,0.0000,0.0000
1998,5,4,23,30,12.200000000000001,0,0,0,2.4000000000000004,0.0000,0.0000
1998,5,5,0,0,11.8,0,0,0,2.4000000000000004,0.0000,0.0000
1998,5,5,0,30,11.4,0,0,0,2.5,0.0000,0.0000
1998,5,5,1,0,11,0,0,0,2.5,0.0000,0.0000
1998,5,5,1,30,10.600000000000001,0,0,0,2.4000000000000004,0.0000,0.0000
1998,5,5,2,0,10.3,0,0,0,2.4000000000000004,0.0000,0.0000
1998,5,5,2,30,10,0,0,0,2.4000000000000004,0.0000,0.0000
1998,5,5,3,0,9.700000000000001,0,0,0,2.4000000000000004,0.0000,0.0000
1998,5,5,3,30,9.4,0,0,0,2.5,0.0000,0.0000
1998,5,5,4,0,9.200000000000001,0,0,0,2.5,0.0000,0.0000
1998,5,5,4,30,8.9,0,0,0,2.4000000000000004,0.0000,0.0000
1998,5,5,5,0,8.6,0,0,0,2.3000000000000003,0.0000,0.0000
1998,5,5,5,30,9.5,5,0,5,2.7,0.0000,0.0000
1998,5,5,6,0,10.4,46,6,47,3.1,0.0000,0.0000
1998,5,5,6,30,11.5,103,39,111,3.2,5.3093,4.0571
1998,5,5,7,0,12.600000000000001,70,625,256,3.2,12.7961,9.8733
1998,5,5,7,30,14.200000000000001,209,204,289,3.3000000000000003,15.1747,11.7900
1998,5,5,8,0,15.8,264,201,360,3.5,19.6745,15.3534
1998,5,5,8,30,17.1,281,343,474,3.8000000000000003,26.7134,20.9059
1998,5,5,9,0,18.3,293,468,591,4.1000000000000005,34.0930,26.7323
1998,5,5,9,30,19,300,561,696,3.9000000000000004,40.8669,32.0863
1998,5,5,10,0,19.6,356,476,721,3.7,42.9048,33.7180
1998,5,5,10,30,20.1,112,923,866,3.5,52.0475,40.9303
1998,5,5,11,0,20.6,293,701,892,3.2,53.9930,42.4797
1998,5,5,11,30,21,118,935,944,3,57.4113,45.1825
1998,5,5,12,0,21.400000000000002,121,937,963,2.7,58.7189,46.2190
1998,5,5,12,30,21.6,193,780,898,2.5,54.7885,43.1269
1998,5,5,13,0,21.900000000000002,226,765,910,2.3000000000000003,55.4453,43.6402
1998,5,5,13,30,22,231,733,872,2.2,52.9502,41.6676
1998,5,5,14,0,22.1,267,634,800,2.1,48.3068,38.0001
1998,5,5,14,30,22.1,236,672,773,1.9000000000000001,46.2979,36.4005
1998,5,5,15,0,22,229,578,659,1.8,39.0327,30.6652
1998,5,5,15,30,21.8,205,657,653,1.7000000000000002,38.1059,29.9050
1998,5,5,16,0,21.6,170,633,555,1.6,31.7561,24.8838
1998,5,5,16,30,21.200000000000003,278,189,378,1.3,21.0764,16.4787
1998,5,5,17,0,20.8,222,246,331,1.1,17.8382,13.9003
1998,5,5,17,30,20.1,191,178,254,0.9,13.1025,10.1570
1998,5,5,18,0,19.3,50,517,187,0.7000000000000001,9.1701,7.0513
1998,5,5,18,30,18.8,51,326,107,0.7000000000000001,0.0000,0.0000
1998,5,5,19,0,18.2,33,2,34,0.7000000000000001,0.0000,0.0000
1998,5,5,19,30,18,0,0,0,0.7000000000000001,0.0000,0.0000
1998,5,5,20,0,17.8,0,0,0,0.6000000000000001,0.0000,0.0000
1998,5,5,20,30,17.6,0,0,0,0.6000000000000001,0.0000,0.0000
1998,5,5,21,0,17.5,0,0,0,0.6000000000000001,0.0000,0.0000
1998,5,5,21,30,17.1,0,0,0,0.6000000000000001,0.0000,0.0000
1998,5,5,22,0,16.7,0,0,0,0.6000000000000001,0.0000,0.0000
1998,5,5,22,30,16.3,0,0,0,0.6000000000000001,0.0000,0.0000
1998,5,5,23,0,15.9,0,0,0,0.6000000000000001,0.0000,0.0000
1998,5,5,23,30,15.5,0,0,0,0.6000000000000001,0.0000,0.0000
1998,5,6,0,0,15.200000000000001,0,0,0,0.6000000000000001,0.0000,0.0000
1998,5,6,0,30,14.8,0,0,0,0.6000000000000001,0.0000,0.0000
1998,5,6,1,0,14.5,0,0,0,0.6000000000000001,0.0000,0.0000
1998,5,6,1,30,14.200000000000001,0,0,0,0.6000000000000001,0.0000,0.0000
1998,5,6,2,0,13.9,0,0,0,0.6000000000000001,0.0000,0.0000
1998,5,6,2,30,13.700000000000001,0,0,0,0.5,0.0000,0.0000
1998,5,6,3,0,13.600000000000001,0,0,0,0.4,0.0000,0.0000
1998,5,6,3,30,13.4,0,0,0,0.4,0.0000,0.0000
1998,5,6,4,0,13.3,0,0,0,0.30000000000000004,0.0000,0.0000
1998,5,6,4,30,13,0,0,0,0.4,0.0000,0.0000
1998,5,6,5,0,12.8,0,0,0,0.4,0.0000,0.0000
1998,5,6,5,30,13,4,0,4,0.5,0.0000,0.0000
1998,5,6,6,0,13.200000000000001,44,233,71,0.5,0.0000,0.0000
1998,5,6,6,30,14,70,396,153,0.9,7.3253,5.5995
1998,5,6,7,0,14.700000000000001,90,514,245,1.3,12.2691,9.4696
1998,5,6,7,30,16,227,95,264,1.4000000000000001,13.8843,10.7895
1998,5,6,8,0,17.3,258,250,378,1.5,20.6840,16.1432
1998,5,6,8,30,18.8,129,714,532,1.7000000000000002,30.0095,23.4872
1998,5,6,9,0,20.3,141,746,619,1.9000000000000001,35.7348,28.0212
1998,5,6,9,30,20.8,255,574,662,2,38.8944,30.5390
1998,5,6,10,0,21.400000000000002,365,335,623,2,37.0921,29.1510
1998,5,6,10,30,21.6,363,406,695,2.1,41.7884,32.8634
1998,5,6,11,0,21.8,424,272,657,2.2,39.7839,31.3013
1998,5,6,11,30,21.6,369,481,795,2.3000000000000003,48.3670,38.0655
1998,5,6,12,0,21.5,390,426,775,2.3000000000000003,47.2717,37.2094
1998,5,6,12,30,21.3,361,470,787,2.4000000000000004,48.0321,37.8093
1998,5,6,13,0,21.200000000000003,297,644,875,2.4000000000000004,53.3301,41.9762
1998,5,6,13,30,21,199,776,879,2.4000000000000004,53.3934,42.0172
1998,5,6,14,0,20.8,274,648,821,2.3000000000000003,49.5932,39.0130
1998,5,6,14,30,20.6,408,49,448,2.2,26.8439,21.1059
1998,5,6,15,0,20.3,342,345,599,2,35.4951,27.8868
1998,5,6,15,30,20,401,131,491,1.7000000000000002,28.6680,22.4992
1998,5,6,16,0,19.700000000000003,335,62,373,1.5,21.3573,16.7363
1998,5,6,16,30,19.3,309,104,364,1.3,20.3130,15.8831
1998,5,6,17,0,18.900000000000002,254,63,283,1,15.2693,11.9000
1998,5,6,17,30,18.1,204,74,230,0.9,11.8810,9.2118
1998,5,6,18,0,17.3,146,107,175,0.7000000000000001,8.5940,6.6101
1998,5,6,18,30,16.5,93,36,99,0.9,4.7203,3.5973
1998,5,6,19,0,15.700000000000001,40,8,40,1,0.0000,0.0000
1998,5,6,19,30,15.3,0,0,0,1,0.0000,0.0000
1998,5,6,20,0,14.9,0,0,0,1.1,0.0000,0.0000
1998,5,6,20,30,14.600000000000001,0,0,0,1.1,0.0000,0.0000
1998,5,6,21,0,14.3,0,0,0,1.1,0.0000,0.0000
1998,5,6,21,30,14,0,0,0,1.1,0.0000,0.0000
1998,5,6,22,0,13.700000000000001,0,0,0,1,0.0000,0.0000
1998,5,6,22,30,13.5,0,0,0,0.8,0.0000,0.0000
1998,5,6,23,0,13.3,0,0,0,0.6000000000000001,0.0000,0.0000
1998,5,6,23,30,12.8,0,0,0,0.8,0.0000,0.0000
1998,5,7,0,0,12.3,0,0,0,0.9,0.0000,0.0000
1998,5,7,0,30,12.200000000000001,0,0,0,1.5,0.0000,0.0000
1998,5,7,1,0,12,0,0,0,2.1,0.0000,0.0000
1998,5,7,1,30,12,0,0,0,3,0.0000,0.0000
1998,5,7,2,0,11.9,0,0,0,3.9000000000000004,0.0000,0.0000
1998,5,7,2,30,11.5,0,0,0,4.2,0.0000,0.0000
1998,5,7,3,0,11.100000000000001,0,0,0,4.5,0.0000,0.0000
1998,5,7,3,30,10.700000000000001,0,0,0,4.7,0.0000,0.0000
1998,5,7,4,0,10.3,0,0,0,4.9,0.0000,0.0000
1998,5,7,4,30,10,0,0,0,5.1000000000000005,0.0000,0.0000
1998,5,7,5,0,9.700000000000001,0,0,0,5.4,0.0000,0.0000
1998,5,7,5,30,9.8,13,46,15,5.7,0.0000,0.0000
1998,5,7,6,0,9.9,44,245,74,6.1000000000000005,0.0000,0.0000
1998,5,7,6,30,10.4,117,51,128,6.4,6.1344,4.6908
1998,5,7,7,0,10.9,171,55,188,6.7,9.4305,7.2807
1998,5,7,7,30,11.8,218,37,233,6.9,12.2715,9.5379
1998,5,7,8,0,12.600000000000001,259,236,373,7.2,20.4332,15.9492
1998,5,7,8,30,13.4,108,784,552,7.300000000000001,31.1659,24.3941
1998,5,7,9,0,14.200000000000001,106,844,649,7.4,37.4943,29.4027
1998,5,7,9,30,14.9,112,874,734,7.300000000000001,43.1496,33.8815
1998,5,7,10,0,15.600000000000001,109,911,812,7.2,48.3682,38.0142
1998,5,7,10,30,16.1,112,926,872,7.1000000000000005,52.4534,41.2518
1998,5,7,11,0,16.6,109,949,925,7,56.0340,44.0877
1998,5,7,11,30,17,110,956,959,6.9,58.3647,45.9348
1998,5,7,12,0,17.400000000000002,107,966,980,6.800000000000001,59.7951,47.0680
1998,5,7,12,30,17.5,107,967,985,6.7,60.1354,47.3375
1998,5,7,13,0,17.7,104,970,976,6.7,59.5058,46.8380
1998,5,7,13,30,17.7,102,961,947,6.6000000000000005,57.5433,45.2839
1998,5,7,14,0,17.7,98,958,909,6.5,54.9290,43.2114
1998,5,7,14,30,17.6,397,415,729,6.4,43.6981,34.3583
1998,5,7,15,0,17.5,91,936,791,6.300000000000001,46.8950,36.8444
1998,5,7,15,30,17.3,87,916,715,6.1000000000000005,41.7706,32.7837
1998,5,7,16,0,17,82,889,627,5.9,35.9256,28.1541
1998,5,7,16,30,16.6,76,856,534,5.7,29.8250,23.3224
1998,5,7,17,0,16.1,70,812,436,5.4,23.5502,18.3558
1998,5,7,17,30,15.3,63,752,335,4.7,17.3304,13.4396
1998,5,7,18,0,14.4,135,208,191,4,9.3941,7.2276
1998,5,7,18,30,12.700000000000001,92,94,109,3.1,5.1960,3.9604
1998,5,7,19,0,11.100000000000001,41,11,42,2.3000000000000003,0.0000,0.0000
1998,5,7,19,30,10.4,0,0,0,2.4000000000000004,0.0000,0.0000
1998,5,7,20,0,9.8,0,0,0,2.4000000000000004,0.0000,0.0000
1998,5,7,20,30,9.5,0,0,0,2.6,0.0000,0.0000
1998,5,7,21,0,9.1,0,0,0,2.7,0.0000,0.0000
1998,5,7,21,30,8.8,0,0,0,2.8000000000000003,0.0000,0.0000
1998,5,7,22,0,8.4,0,0,0,2.9000000000000004,0.0000,0.0000
1998,5,7,22,30,8,0,0,0,2.8000000000000003,0.0000,0.0000
1998,5,7,23,0,7.6000000000000005,0,0,0,2.8000000000000003,0.0000,0.0000
1998,5,7,23,30,7.1000000000000005,0,0,0,2.7,0.0000,0.0000
1998,5,8,0,0,6.7,0,0,0,2.6,0.0000,0.0000
1998,5,8,0,30,6.300000000000001,0,0,0,2.6,0.0000,0.0000
1998,5,8,1,0,6,0,0,0,2.6,0.0000,0.0000
1998,5,8,1,30,5.6000000000000005,0,0,0,2.6,0.0000,0.0000
1998,5,8,2,0,5.300000000000001,0,0,0,2.6,0.0000,0.0000
1998,5,8,2,30,5.1000000000000005,0,0,0,2.5,0.0000,0.0000
1998,5,8,3,0,4.800000000000001,0,0,0,2.5,0.0000,0.0000
1998,5,8,3,30,4.6000000000000005,0,0,0,2.5,0.0000,0.0000
1998,5,8,4,0,4.5,0,0,0,2.5,0.0000,0.0000
1998,5,8,4,30,4.4,0,0,0,2.6,0.0000,0.0000
1998,5,8,5,0,4.3,0,0,0,2.7,0.0000,0.0000
1998,5,8,5,30,5.2,15,155,20,3.2,0.0000,0.0000
1998,5,8,6,0,6,35,417,87,3.7,0.0000,0.0000
1998,5,8,6,30,7.300000000000001,50,581,176,3.4000000000000004,8.4438,6.4589
1998,5,8,7,0,8.5,61,697,276,3.2,13.8692,10.7106
1998,5,8,7,30,10.5,70,772,378,3.7,19.9383,15.4995
1998,5,8,8,0,12.600000000000001,76,830,480,4.1000000000000005,26.3254,20.5507
1998,5,8,8,30,13.700000000000001,82,870,577,4.1000000000000005,32.6066,25.5238
1998,5,8,9,0,14.8,86,902,668,4.1000000000000005,38.6174,30.2849
1998,5,8,9,30,15.600000000000001,91,925,751,4,44.1743,34.6875
1998,5,8,10,0,16.5,95,937,820,3.8000000000000003,48.8682,38.4084
1998,5,8,10,30,17.2,366,515,790,3.6,47.5402,37.3888
1998,5,8,11,0,17.900000000000002,101,958,927,3.5,56.1749,44.1995
1998,5,8,11,30,18.400000000000002,102,962,958,3.2,58.3237,45.9035
1998,5,8,12,0,19,105,963,977,3,59.6310,46.9397
1998,5,8,12,30,19.400000000000002,105,964,981,2.8000000000000003,59.9098,47.1608
1998,5,8,13,0,19.700000000000003,105,958,968,2.5,59.0360,46.4691
1998,5,8,13,30,19.900000000000002,103,953,943,2.3000000000000003,57.3192,45.1085
1998,5,8,14,0,20.200000000000003,102,941,900,2.1,54.4039,42.7993
1998,5,8,14,30,20.3,385,252,588,1.9000000000000001,35.2604,27.7247
1998,5,8,15,0,20.3,366,145,475,1.8,28.1734,22.1359
1998,5,8,15,30,20.3,338,373,595,1.8,34.7787,27.2972
1998,5,8,16,0,20.200000000000003,324,61,362,1.7000000000000002,20.7551,16.2662
1998,5,8,16,30,19.900000000000002,84,824,527,1.8,29.4586,23.0377
1998,5,8,17,0,19.5,79,774,429,1.8,23.1958,18.0815
1998,5,8,17,30,18.6,71,712,330,1.5,17.0938,13.2584
1998,5,8,18,0,17.6,62,613,229,1.2000000000000002,11.2794,8.6805
1998,5,8,18,30,16,48,487,135,1.2000000000000002,6.4346,4.9055
1998,5,8,19,0,14.3,29,284,54,1.2000000000000002,0.0000,0.0000
1998,5,8,19,30,13.600000000000001,0,0,0,1.3,0.0000,0.0000
1998,5,8,20,0,12.9,0,0,0,1.4000000000000001,0.0000,0.0000
1998,5,8,20,30,12.600000000000001,0,0,0,1.7000000000000002,0.0000,0.0000
1998,5,8,21,0,12.3,0,0,0,1.9000000000000001,0.0000,0.0000
1998,5,8,21,30,11.9,0,0,0,1.7000000000000002,0.0000,0.0000
1998,5,8,22,0,11.5,0,0,0,1.6,0.0000,0.0000
1998,5,8,22,30,11.3,0,0,0,1.6,0.0000,0.0000
1998,5,8,23,0,11.100000000000001,0,0,0,1.6,0.0000,0.0000
1998,5,8,23,30,10.8,0,0,0,1.7000000000000002,0.0000,0.0000
1998,5,9,0,0,10.600000000000001,0,0,0,1.9000000000000001,0.0000,0.0000
1998,5,9,0,30,10.5,0,0,0,2.1,0.0000,0.0000
1998,5,9,1,0,10.3,0,0,0,2.3000000000000003,0.0000,0.0000
1998,5,9,1,30,10.3,0,0,0,2.5,0.0000,0.0000
1998,5,9,2,0,10.3,0,0,0,2.6,0.0000,0.0000
1998,5,9,2,30,10.3,0,0,0,2.7,0.0000,0.0000
1998,5,9,3,0,10.3,0,0,0,2.8000000000000003,0.0000,0.0000
1998,5,9,3,30,10.200000000000001,0,0,0,2.8000000000000003,0.0000,0.0000
1998,5,9,4,0,10.200000000000001,0,0,0,2.8000000000000003,0.0000,0.0000
1998,5,9,4,30,10.100000000000001,0,0,0,2.8000000000000003,0.0000,0.0000
1998,5,9,5,0,10,0,0,0,2.8000000000000003,0.0000,0.0000
1998,5,9,5,30,10.4,5,0,5,2.8000000000000003,0.0000,0.0000
1998,5,9,6,0,10.700000000000001,55,7,56,2.7,0.0000,0.0000
1998,5,9,6,30,11.5,112,12,115,2.6,5.5232,4.2262
1998,5,9,7,0,12.200000000000001,157,75,180,2.5,9.0603,6.9987
1998,5,9,7,30,13.5,211,71,239,2.7,12.6233,9.8146
1998,5,9,8,0,14.700000000000001,233,305,382,3,20.9724,16.3735
1998,5,9,8,30,15.9,299,311,477,3.1,26.9782,21.1195
1998,5,9,9,0,17.1,328,370,567,3.2,32.8011,25.7250
1998,5,9,9,30,17.8,358,394,640,3.2,37.6656,29.5777
1998,5,9,10,0,18.6,356,495,740,3.3000000000000003,44.1205,34.6780
1998,5,9,10,30,19.3,260,647,793,3.3000000000000003,47.7400,37.5469
1998,5,9,11,0,20,464,332,750,3.3000000000000003,45.4655,35.7739
1998,5,9,11,30,20.5,369,404,729,3.3000000000000003,44.3963,34.9427
1998,5,9,12,0,21,369,390,723,3.3000000000000003,44.1420,34.7479
1998,5,9,12,30,21.3,332,473,763,3.2,46.6107,36.6926
1998,5,9,13,0,21.6,329,528,805,3.2,49.1104,38.6571
1998,5,9,13,30,21.3,506,206,688,3,41.8325,32.9215
1998,5,9,14,0,21,487,217,671,2.8000000000000003,40.5750,31.9208
1998,5,9,14,30,20.700000000000003,283,550,727,2.7,43.6122,34.2925
1998,5,9,15,0,20.400000000000002,149,795,748,2.6,44.3854,34.8748
1998,5,9,15,30,20.200000000000003,143,768,672,2.5,39.3004,30.8474
1998,5,9,16,0,20,135,735,589,2.3000000000000003,33.7918,26.4846
1998,5,9,16,30,19.700000000000003,302,68,339,2.1,18.9654,14.8327
1998,5,9,17,0,19.400000000000002,192,459,401,1.9000000000000001,21.7053,16.9216
1998,5,9,17,30,18.8,71,0,71,1.5,3.6828,2.8570
1998,5,9,18,0,18.2,13,0,13,1,0.6412,0.4936
1998,5,9,18,30,17.3,8,0,8,1,0.3813,0.2908
1998,5,9,19,0,16.400000000000002,32,0,32,0.9,0.0000,0.0000
1998,5,9,19,30,16,0,0,0,0.9,0.0000,0.0000
1998,5,9,20,0,15.700000000000001,0,0,0,1,0.0000,0.0000
1998,5,9,20,30,15.4,0,0,0,1,0.0000,0.0000
1998,5,9,21,0,15.200000000000001,0,0,0,1,0.0000,0.0000
1998,5,9,21,30,15,0,0,0,1,0.0000,0.0000
1998,5,9,22,0,14.8,0,0,0,1.1,0.0000,0.0000
1998,5,9,22,30,14.600000000000001,0,0,0,1.1,0.0000,0.0000
1998,5,9,23,0,14.3,0,0,0,1.2000000000000002,0.0000,0.0000
1998,5,9,23,30,14,0,0,0,1.2000000000000002,0.0000,0.0000
1998,5,10,0,0,13.700000000000001,0,0,0,1.1,0.0000,0.0000
1998,5,10,0,30,13.3,0,0,0,1.1,0.0000,0.0000
1998,5,10,1,0,12.8,0,0,0,1,0.0000,0.0000
1998,5,10,1,30,12.4,0,0,0,1,0.0000,0.0000
1998,5,10,2,0,12,0,0,0,0.9,0.0000,0.0000
1998,5,10,2,30,11.8,0,0,0,0.9,0.0000,0.0000
1998,5,10,3,0,11.700000000000001,0,0,0,0.9,0.0000,0.0000
1998,5,10,3,30,11.700000000000001,0,0,0,0.8,0.0000,0.0000
1998,5,10,4,0,11.700000000000001,0,0,0,0.7000000000000001,0.0000,0.0000
1998,5,10,4,30,11.700000000000001,0,0,0,0.6000000000000001,0.0000,0.0000
1998,5,10,5,0,11.8,0,0,0,0.6000000000000001,0.0000,0.0000
1998,5,10,5,30,12.5,5,0,5,0.6000000000000001,0.0000,0.0000
1998,5,10,6,0,13.200000000000001,47,257,80,0.7000000000000001,0.0000,0.0000
1998,5,10,6,30,14.200000000000001,105,2,105,0.9,5.0486,3.8644
1998,5,10,7,0,15.100000000000001,102,1,102,1.1,5.1423,3.9732
1998,5,10,7,30,16.7,109,0,109,1.6,5.7647,4.4827
1998,5,10,8,0,18.3,119,0,119,2.1,6.5400,5.1064
1998,5,10,8,30,19.200000000000003,224,2,225,2.3000000000000003,12.7356,9.9706
1998,5,10,9,0,20.200000000000003,303,21,316,2.5,18.2925,14.3470
1998,5,10,9,30,20.6,378,78,434,2.6,25.5549,20.0683
1998,5,10,10,0,21.1,424,108,508,2.7,30.3011,23.8168
1998,5,10,10,30,21.5,145,836,837,2.9000000000000004,50.4081,39.6463
1998,5,10,11,0,21.900000000000002,145,851,882,3.1,53.4850,42.0848
1998,5,10,11,30,22.3,147,859,915,3.2,55.7408,43.8723
1998,5,10,12,0,22.6,147,866,934,3.4000000000000004,57.0414,44.9030
1998,5,10,12,30,22.8,483,326,781,3.5,47.7242,37.5697
1998,5,10,13,0,23,448,38,483,3.7,29.4750,23.2016
1998,5,10,13,30,23.1,499,201,677,3.8000000000000003,41.1765,32.4059
1998,5,10,14,0,23.1,427,55,474,3.8000000000000003,28.6722,22.5573
1998,5,10,14,30,22.900000000000002,425,314,679,3.8000000000000003,40.7480,32.0412
1998,5,10,15,0,22.8,427,195,574,3.8000000000000003,34.0747,26.7742
1998,5,10,15,30,22.700000000000003,131,787,676,3.8000000000000003,39.5540,31.0476
1998,5,10,16,0,22.6,125,753,593,3.8000000000000003,34.0429,26.6828
1998,5,10,16,30,22.3,117,712,503,3.7,28.1636,22.0282
1998,5,10,17,0,22,105,665,410,3.5,22.2162,17.3218
1998,5,10,17,30,21.1,94,597,314,2.9000000000000004,16.3095,12.6545
1998,5,10,18,0,20.3,78,506,219,2.3000000000000003,10.8174,8.3294
1998,5,10,18,30,19,59,377,129,2.1,6.1492,4.6899
1998,5,10,19,0,17.7,35,200,53,1.9000000000000001,0.0000,0.0000
1998,5,10,19,30,17.1,0,0,0,2,0.0000,0.0000
1998,5,10,20,0,16.6,0,0,0,2.1,0.0000,0.0000
1998,5,10,20,30,16.3,0,0,0,2.3000000000000003,0.0000,0.0000
1998,5,10,21,0,16,0,0,0,2.4000000000000004,0.0000,0.0000
1998,5,10,21,30,15.700000000000001,0,0,0,2.6,0.0000,0.0000
1998,5,10,22,0,15.4,0,0,0,2.8000000000000003,0.0000,0.0000
1998,5,10,22,30,15.100000000000001,0,0,0,2.9000000000000004,0.0000,0.0000
1998,5,10,23,0,14.8,0,0,0,3,0.0000,0.0000
1998,5,10,23,30,14.5,0,0,0,3,0.0000,0.0000
1998,5,11,0,0,14.200000000000001,0,0,0,3,0.0000,0.0000
1998,5,11,0,30,13.8,0,0,0,3,0.0000,0.0000
1998,5,11,1,0,13.4,0,0,0,2.9000000000000004,0.0000,0.0000
1998,5,11,1,30,13,0,0,0,2.9000000000000004,0.0000,0.0000
1998,5,11,2,0,12.700000000000001,0,0,0,2.9000000000000004,0.0000,0.0000
1998,5,11,2,30,12.5,0,0,0,3,0.0000,0.0000
1998,5,11,3,0,12.4,0,0,0,3,0.0000,0.0000
1998,5,11,3,30,12.3,0,0,0,3,0.0000,0.0000
1998,5,11,4,0,12.200000000000001,0,0,0,3,0.0000,0.0000
1998,5,11,4,30,12.200000000000001,0,0,0,3.1,0.0000,0.0000
1998,5,11,5,0,12.200000000000001,0,0,0,3.1,0.0000,0.0000
1998,5,11,5,30,12.8,10,0,10,3.4000000000000004,0.0000,0.0000
1998,5,11,6,0,13.5,58,10,59,3.7,0.0000,0.0000
1998,5,11,6,30,14.700000000000001,117,20,121,3.8000000000000003,5.8244,4.4596
1998,5,11,7,0,15.9,152,182,210,3.8000000000000003,10.6037,8.1949
1998,5,11,7,30,17.5,86,0,86,4.5,4.5543,3.5420
1998,5,11,8,0,19.1,232,56,260,5.1000000000000005,14.3036,11.1693
1998,5,11,8,30,20.3,221,503,511,5.6000000000000005,28.9466,22.6635
1998,5,11,9,0,21.5,359,83,414,6.2,23.9801,18.8087
1998,5,11,9,30,22.1,410,155,522,6.5,30.7521,24.1505
1998,5,11,10,0,22.6,64,0,64,6.800000000000001,3.8191,3.0019
1998,5,11,10,30,23,259,1,260,7.2,15.6641,12.3202
1998,5,11,11,0,23.3,484,150,614,7.5,37.2460,29.3078
1998,5,11,11,30,23.6,395,501,844,7.7,51.4311,40.4810
1998,5,11,12,0,23.900000000000002,514,203,699,8,42.7015,33.6152
1998,5,11,12,30,24.1,484,133,606,8.1,37.0412,29.1603
1998,5,11,13,0,24.400000000000002,487,137,612,8.3,37.3577,29.4070
1998,5,11,13,30,24.400000000000002,492,256,719,8.3,43.7444,34.4275
1998,5,11,14,0,24.5,151,833,862,8.3,52.1598,41.0365
1998,5,11,14,30,24.3,394,31,420,8,25.2143,19.8271
1998,5,11,15,0,24.200000000000003,386,53,427,7.800000000000001,25.3594,19.9267
1998,5,11,15,30,24,285,3,288,7.4,16.8602,13.2348
1998,5,11,16,0,23.8,215,1,215,7,12.3505,9.6808
1998,5,11,16,30,23.400000000000002,229,7,233,6.5,13.0560,10.2124
1998,5,11,17,0,23.1,262,152,331,6.1000000000000005,17.9535,13.9996
1998,5,11,17,30,22.5,198,25,207,5.7,10.7654,8.3543
1998,5,11,18,0,21.900000000000002,161,78,183,5.4,9.0525,6.9723
1998,5,11,18,30,21.1,103,25,108,5.300000000000001,5.1491,3.9280
1998,5,11,19,0,20.400000000000002,35,1,36,5.300000000000001,0.0000,0.0000
1998,5,11,19,30,19.900000000000002,0,0,0,5.2,0.0000,0.0000
1998,5,11,20,0,19.400000000000002,0,0,0,5.1000000000000005,0.0000,0.0000
1998,5,11,20,30,19,0,0,0,4.9,0.0000,0.0000
1998,5,11,21,0,18.7,0,0,0,4.800000000000001,0.0000,0.0000
1998,5,11,21,30,18.3,0,0,0,4.5,0.0000,0.0000
1998,5,11,22,0,18,0,0,0,4.2,0.0000,0.0000
1998,5,11,22,30,17.5,0,0,0,3.7,0.0000,0.0000
1998,5,11,23,0,17,0,0,0,3.1,0.0000,0.0000
1998,5,11,23,30,16.5,0,0,0,3.2,0.0000,0.0000
1998,5,12,0,0,16,0,0,0,3.4000000000000004,0.0000,0.0000
1998,5,12,0,30,15.200000000000001,0,0,0,3.8000000000000003,0.0000,0.0000
1998,5,12,1,0,14.3,0,0,0,4.2,0.0000,0.0000
1998,5,12,1,30,13.4,0,0,0,4.3,0.0000,0.0000
1998,5,12,2,0,12.5,0,0,0,4.4,0.0000,0.0000
1998,5,12,2,30,12,0,0,0,4.1000000000000005,0.0000,0.0000
1998,5,12,3,0,11.4,0,0,0,3.8000000000000003,0.0000,0.0000
1998,5,12,3,30,11.100000000000001,0,0,0,3.6,0.0000,0.0000
1998,5,12,4,0,10.700000000000001,0,0,0,3.3000000000000003,0.0000,0.0000
1998,5,12,4,30,10.5,0,0,0,3.2,0.0000,0.0000
1998,5,12,5,0,10.3,0,0,0,3.1,0.0000,0.0000
1998,5,12,5,30,10.700000000000001,3,0,3,3.3000000000000003,0.0000,0.0000
1998,5,12,6,0,11.100000000000001,21,0,21,3.5,0.0000,0.0000
1998,5,12,6,30,12,117,79,135,3.7,6.5054,4.9825
1998,5,12,7,0,12.8,10,0,10,3.9000000000000004,0.5057,0.3909
1998,5,12,7,30,13.9,80,0,80,3.9000000000000004,4.2418,3.2994
1998,5,12,8,0,14.9,44,0,44,4,2.4229,1.8922
1998,5,12,8,30,16,223,461,489,4.1000000000000005,27.7206,21.7049
1998,5,12,9,0,17.1,264,452,560,4.3,32.4552,25.4572
1998,5,12,9,30,18.1,265,511,635,4.4,37.4279,29.3942
1998,5,12,10,0,19,242,649,750,4.5,44.7735,35.1943
1998,5,12,10,30,19.8,130,881,863,4.6000000000000005,52.0111,40.9090
1998,5,12,11,0,20.5,121,915,917,4.6000000000000005,55.6434,43.7850
1998,5,12,11,30,21,510,252,735,4.7,44.8023,35.2642
1998,5,12,12,0,21.5,116,938,972,4.7,59.3955,46.7577
1998,5,12,12,30,21.8,116,941,979,4.7,59.8567,47.1224
1998,5,12,13,0,22.1,113,943,969,4.7,59.1661,46.5749
1998,5,12,13,30,22.200000000000003,484,307,756,4.6000000000000005,46.0089,36.2104
1998,5,12,14,0,22.3,485,167,628,4.6000000000000005,38.0124,29.9067
1998,5,12,14,30,22.200000000000003,108,913,850,4.4,51.0468,40.1413
1998,5,12,15,0,22.1,108,889,782,4.2,46.4618,36.5095
1998,5,12,15,30,21.900000000000002,394,203,535,3.9000000000000004,31.3356,24.5984
1998,5,12,16,0,21.700000000000003,100,835,622,3.6,35.7527,28.0257
1998,5,12,16,30,21.200000000000003,94,799,530,3.3000000000000003,29.7208,23.2493
1998,5,12,17,0,20.8,86,754,434,3,23.5636,18.3761
1998,5,12,17,30,19.900000000000002,77,691,335,2.3000000000000003,17.4443,13.5394
1998,5,12,18,0,19,65,611,238,1.6,11.7906,9.0836
1998,5,12,18,30,17.400000000000002,51,488,144,1.3,6.8674,5.2400
1998,5,12,19,0,15.700000000000001,32,309,63,1.1,0.0000,0.0000
1998,5,12,19,30,15.200000000000001,0,0,0,1.1,0.0000,0.0000
1998,5,12,20,0,14.600000000000001,0,0,0,1.2000000000000002,0.0000,0.0000
1998,5,12,20,30,14.4,0,0,0,1.1,0.0000,0.0000
1998,5,12,21,0,14.3,0,0,0,1.1,0.0000,0.0000
1998,5,12,21,30,14,0,0,0,1.1,0.0000,0.0000
1998,5,12,22,0,13.8,0,0,0,1.1,0.0000,0.0000
1998,5,12,22,30,13.3,0,0,0,1.1,0.0000,0.0000
1998,5,12,23,0,12.700000000000001,0,0,0,1.2000000000000002,0.0000,0.0000
1998,5,12,23,30,12.100000000000001,0,0,0,1.2000000000000002,0.0000,0.0000
1998,5,13,0,0,11.600000000000001,0,0,0,1.3,0.0000,0.0000
1998,5,13,0,30,11.200000000000001,0,0,0,1.4000000000000001,0.0000,0.0000
1998,5,13,1,0,10.9,0,0,0,1.5,0.0000,0.0000
1998,5,13,1,30,10.700000000000001,0,0,0,1.7000000000000002,0.0000,0.0000
1998,5,13,2,0,10.5,0,0,0,1.8,0.0000,0.0000
1998,5,13,2,30,10.5,0,0,0,2,0.0000,0.0000
1998,5,13,3,0,10.4,0,0,0,2.1,0.0000,0.0000
1998,5,13,3,30,10.3,0,0,0,2.3000000000000003,0.0000,0.0000
1998,5,13,4,0,10.100000000000001,0,0,0,2.4000000000000004,0.0000,0.0000
1998,5,13,4,30,10.100000000000001,0,0,0,2.6,0.0000,0.0000
1998,5,13,5,0,10.100000000000001,0,0,0,2.7,0.0000,0.0000
1998,5,13,5,30,11.100000000000001,19,157,27,3.2,0.0000,0.0000
1998,5,13,6,0,12,42,376,94,3.8000000000000003,0.0000,0.0000
1998,5,13,6,30,13.100000000000001,59,527,180,3.7,8.6843,6.6534
1998,5,13,7,0,14.3,121,398,250,3.7,12.6608,9.7891
1998,5,13,7,30,16.2,81,709,374,4.4,19.8545,15.4459
1998,5,13,8,0,18,89,762,470,5.1000000000000005,25.9056,20.2327
1998,5,13,8,30,19.400000000000002,96,803,563,5.800000000000001,31.9387,25.0092
1998,5,13,9,0,20.8,105,830,650,6.4,37.6937,29.5675
1998,5,13,9,30,21.8,109,853,728,6.6000000000000005,42.9295,33.7161
1998,5,13,10,0,22.700000000000003,220,668,744,6.800000000000001,44.4329,34.9274
1998,5,13,10,30,23.400000000000002,229,638,761,7,45.8792,36.0868
1998,5,13,11,0,24.1,245,641,803,7.2,48.7408,38.3541
1998,5,13,11,30,24.700000000000003,269,560,773,7.300000000000001,47.1319,37.0985
1998,5,13,12,0,25.3,467,364,800,7.5,48.8982,38.4945
1998,5,13,12,30,25.8,262,581,796,7.6000000000000005,48.6810,38.3249
1998,5,13,13,0,26.200000000000003,245,596,787,7.7,48.0665,37.8381
1998,5,13,13,30,26.400000000000002,312,498,754,7.800000000000001,45.9004,36.1256
1998,5,13,14,0,26.6,220,623,754,7.800000000000001,45.6534,35.9191
1998,5,13,14,30,26.5,250,569,714,7.7,42.8942,33.7311
1998,5,13,15,0,26.5,400,315,639,7.6000000000000005,37.9811,29.8462
1998,5,13,15,30,26.400000000000002,348,366,603,7.6000000000000005,35.3356,27.7394
1998,5,13,16,0,26.400000000000002,198,570,555,7.5,31.9201,25.0226
1998,5,13,16,30,26.200000000000003,298,223,420,7.300000000000001,23.5701,18.4391
1998,5,13,17,0,26.1,127,594,404,7.1000000000000005,21.9564,17.1244
1998,5,13,17,30,25.6,112,524,309,6.9,16.1107,12.5063
1998,5,13,18,0,25.1,158,63,176,6.7,8.7312,6.7283
1998,5,13,18,30,24.400000000000002,101,18,104,6.6000000000000005,4.9616,3.7868
1998,5,13,19,0,23.8,38,177,56,6.5,0.0000,0.0000
1998,5,13,19,30,23.3,0,0,0,6.5,0.0000,0.0000
1998,5,13,20,0,22.8,0,0,0,6.5,0.0000,0.0000
1998,5,13,20,30,22.3,0,0,0,6.4,0.0000,0.0000
1998,5,13,21,0,21.900000000000002,0,0,0,6.300000000000001,0.0000,0.0000
1998,5,13,21,30,21.6,0,0,0,6.4,0.0000,0.0000
1998,5,13,22,0,21.3,0,0,0,6.4,0.0000,0.0000
1998,5,13,22,30,21,0,0,0,6.4,0.0000,0.0000
1998,5,13,23,0,20.700000000000003,0,0,0,6.5,0.0000,0.0000
1998,5,13,23,30,20.400000000000002,0,0,0,6.4,0.0000,0.0000
1998,5,14,0,0,20,0,0,0,6.300000000000001,0.0000,0.0000
1998,5,14,0,30,19.700000000000003,0,0,0,6.300000000000001,0.0000,0.0000
1998,5,14,1,0,19.5,0,0,0,6.300000000000001,0.0000,0.0000
1998,5,14,1,30,19.200000000000003,0,0,0,6.300000000000001,0.0000,0.0000
1998,5,14,2,0,18.900000000000002,0,0,0,6.2,0.0000,0.0000
1998,5,14,2,30,18.7,0,0,0,6,0.0000,0.0000
1998,5,14,3,0,18.400000000000002,0,0,0,5.800000000000001,0.0000,0.0000
1998,5,14,3,30,18.2,0,0,0,5.7,0.0000,0.0000
1998,5,14,4,0,18,0,0,0,5.5,0.0000,0.0000
1998,5,14,4,30,18,0,0,0,5.5,0.0000,0.0000
1998,5,14,5,0,17.900000000000002,0,0,0,5.4,0.0000,0.0000
1998,5,14,5,30,18.3,20,92,25,5.5,0.0000,0.0000
1998,5,14,6,0,18.7,52,263,90,5.6000000000000005,0.0000,0.0000
1998,5,14,6,30,19.400000000000002,79,405,173,5.9,8.3557,6.4035
1998,5,14,7,0,20.1,108,0,108,6.1000000000000005,5.4770,4.2356
1998,5,14,7,30,21.1,91,0,91,6.5,4.8364,3.7630
1998,5,14,8,0,22.1,136,0,136,6.9,7.5027,5.8602
1998,5,14,8,30,23.1,204,1,205,7,11.6374,9.1130
1998,5,14,9,0,24.200000000000003,141,758,641,7,37.1912,29.1746
1998,5,14,9,30,25,256,1,257,6.9,15.1617,11.9081
1998,5,14,10,0,25.900000000000002,327,2,329,6.7,19.6557,15.4511
1998,5,14,10,30,26.400000000000002,426,54,471,6.6000000000000005,28.4051,22.3428
1998,5,14,11,0,27,293,560,783,6.5,47.5405,37.4103
1998,5,14,11,30,27.400000000000002,246,711,887,6.5,54.0973,42.5818
1998,5,14,12,0,27.8,337,631,915,6.6000000000000005,55.9419,44.0404
1998,5,14,12,30,28.1,248,710,901,6.6000000000000005,55.1165,43.3921
1998,5,14,13,0,28.400000000000002,139,883,944,6.7,57.6704,45.3990
1998,5,14,13,30,28.400000000000002,267,630,829,6.800000000000001,50.4798,39.7305
1998,5,14,14,0,28.400000000000002,305,484,720,6.9,43.6076,34.3101
1998,5,14,14,30,28.3,235,673,784,6.9,47.1157,37.0517
1998,5,14,15,0,28.1,138,810,757,7,45.0120,35.3722
1998,5,14,15,30,27.8,246,536,621,7,36.4068,28.5813
1998,5,14,16,0,27.400000000000002,335,268,504,7,29.0037,22.7374
1998,5,14,16,30,26.8,254,19,264,6.7,14.8266,11.5998
1998,5,14,17,0,26.200000000000003,116,0,116,6.5,6.3105,4.9222
1998,5,14,17,30,25.5,111,0,112,6.1000000000000005,5.8468,4.5394
1998,5,14,18,0,24.8,136,7,138,5.6000000000000005,6.8556,5.2842
1998,5,14,18,30,24.1,79,1,79,5.6000000000000005,3.7704,2.8784
1998,5,14,19,0,23.400000000000002,31,0,31,5.6000000000000005,0.0000,0.0000
1998,5,14,19,30,23,5,0,5,5.7,0.0000,0.0000
1998,5,14,20,0,22.6,0,0,0,5.800000000000001,0.0000,0.0000
1998,5,14,20,30,22.200000000000003,0,0,0,5.5,0.0000,0.0000
1998,5,14,21,0,21.900000000000002,0,0,0,5.1000000000000005,0.0000,0.0000
1998,5,14,21,30,21.6,0,0,0,4.9,0.0000,0.0000
1998,5,14,22,0,21.3,0,0,0,4.7,0.0000,0.0000
1998,5,14,22,30,21.200000000000003,0,0,0,4.800000000000001,0.0000,0.0000
1998,5,14,23,0,21,0,0,0,4.9,0.0000,0.0000
1998,5,14,23,30,21,0,0,0,5,0.0000,0.0000
1998,5,15,0,0,20.900000000000002,0,0,0,5,0.0000,0.0000
1998,5,15,0,30,20.8,0,0,0,5.2,0.0000,0.0000
1998,5,15,1,0,20.8,0,0,0,5.300000000000001,0.0000,0.0000
1998,5,15,1,30,20.700000000000003,0,0,0,5.4,0.0000,0.0000
1998,5,15,2,0,20.6,0,0,0,5.5,0.0000,0.0000
1998,5,15,2,30,20.5,0,0,0,5.300000000000001,0.0000,0.0000
1998,5,15,3,0,20.400000000000002,0,0,0,5.1000000000000005,0.0000,0.0000
1998,5,15,3,30,20.3,0,0,0,4.9,0.0000,0.0000
1998,5,15,4,0,20.3,0,0,0,4.7,0.0000,0.0000
1998,5,15,4,30,20.1,0,0,0,4,0.0000,0.0000
1998,5,15,5,0,20,0,0,0,3.3000000000000003,0.0000,0.0000
1998,5,15,5,30,19.900000000000002,12,0,12,2.7,0.0000,0.0000
1998,5,15,6,0,19.8,66,9,68,2,0.0000,0.0000
1998,5,15,6,30,20,127,70,144,1.9000000000000001,6.9628,5.3375
1998,5,15,7,0,20.3,136,15,141,1.9000000000000001,7.1604,5.5385
1998,5,15,7,30,20.8,50,0,50,3.1,2.6602,2.0700
1998,5,15,8,0,21.3,52,0,52,4.4,2.8710,2.2427
1998,5,15,8,30,21.700000000000003,43,0,43,5.6000000000000005,2.4426,1.9129
1998,5,15,9,0,22.200000000000003,85,0,86,6.7,4.9924,3.9164
1998,5,15,9,30,22.3,90,0,90,7.5,5.3117,4.1720
1998,5,15,10,0,22.5,191,1,192,8.3,11.4747,9.0204
1998,5,15,10,30,22.200000000000003,358,23,378,8.1,22.8036,17.9371
1998,5,15,11,0,21.8,358,512,806,8,48.9508,38.5208
1998,5,15,11,30,20.6,460,26,483,8.200000000000001,29.4652,23.1934
1998,5,15,12,0,19.3,76,0,76,8.4,4.6477,3.6590
1998,5,15,12,30,18.900000000000002,469,105,566,7.7,34.6320,27.2655
1998,5,15,13,0,18.6,276,641,861,7,52.6133,41.4186
1998,5,15,13,30,18.8,318,5,323,6.9,19.6736,15.4845
1998,5,15,14,0,19,442,97,525,6.800000000000001,31.8065,25.0256
1998,5,15,14,30,18.7,399,239,595,6.7,35.7696,28.1298
1998,5,15,15,0,18.3,246,568,680,6.5,40.4498,31.7879
1998,5,15,15,30,17.7,224,538,601,6.5,35.2512,27.6751
1998,5,15,16,0,17.1,327,315,526,6.4,30.2872,23.7447
1998,5,15,16,30,16.900000000000002,315,84,362,6.4,20.3456,15.9186
1998,5,15,17,0,16.7,199,9,203,6.4,11.0540,8.6231
1998,5,15,17,30,16.400000000000002,86,0,86,5.9,4.4951,3.4905
1998,5,15,18,0,16.2,120,4,122,5.300000000000001,6.0692,4.6792
1998,5,15,18,30,15.3,70,1,70,4.2,3.3426,2.5524
1998,5,15,19,0,14.4,51,7,52,3.2,0.0000,0.0000
1998,5,15,19,30,13.8,11,74,12,2.9000000000000004,0.0000,0.0000
1998,5,15,20,0,13.200000000000001,0,0,0,2.7,0.0000,0.0000
1998,5,15,20,30,13.200000000000001,0,0,0,3,0.0000,0.0000
1998,5,15,21,0,13.200000000000001,0,0,0,3.3000000000000003,0.0000,0.0000
1998,5,15,21,30,13.3,0,0,0,3.6,0.0000,0.0000
1998,5,15,22,0,13.4,0,0,0,3.9000000000000004,0.0000,0.0000
1998,5,15,22,30,13.3,0,0,0,4,0.0000,0.0000
1998,5,15,23,0,13.100000000000001,0,0,0,4.1000000000000005,0.0000,0.0000
1998,5,15,23,30,12.8,0,0,0,4.2,0.0000,0.0000
1998,5,16,0,0,12.600000000000001,0,0,0,4.2,0.0000,0.0000
1998,5,16,0,30,12.200000000000001,0,0,0,4.1000000000000005,0.0000,0.0000
1998,5,16,1,0,11.9,0,0,0,3.9000000000000004,0.0000,0.0000
1998,5,16,1,30,11.5,0,0,0,3.8000000000000003,0.0000,0.0000
1998,5,16,2,0,11.200000000000001,0,0,0,3.7,0.0000,0.0000
1998,5,16,2,30,11,0,0,0,3.7,0.0000,0.0000
1998,5,16,3,0,10.700000000000001,0,0,0,3.7,0.0000,0.0000
1998,5,16,3,30,10.5,0,0,0,3.6,0.0000,0.0000
1998,5,16,4,0,10.3,0,0,0,3.6,0.0000,0.0000
1998,5,16,4,30,10.200000000000001,0,0,0,3.5,0.0000,0.0000
1998,5,16,5,0,10.100000000000001,0,0,0,3.4000000000000004,0.0000,0.0000
1998,5,16,5,30,10.9,19,289,36,3.7,0.0000,0.0000
1998,5,16,6,0,11.700000000000001,35,508,110,3.9000000000000004,0.0000,0.0000
1998,5,16,6,30,13,47,647,201,3.6,9.7301,7.4609
1998,5,16,7,0,14.200000000000001,56,737,299,3.3000000000000003,15.2035,11.7621
1998,5,16,7,30,16,63,801,399,3,21.2520,16.5394
1998,5,16,8,0,17.8,70,846,498,2.7,27.5176,21.4968
1998,5,16,8,30,19.8,75,879,591,2.9000000000000004,33.5931,26.3089
1998,5,16,9,0,21.8,80,904,679,3,39.4368,30.9385
1998,5,16,9,30,22.700000000000003,84,926,760,2.6,44.8738,35.2463
1998,5,16,10,0,23.6,88,940,830,2.2,49.6214,39.0087
1998,5,16,10,30,24.200000000000003,90,950,886,1.9000000000000001,53.4653,42.0562
1998,5,16,11,0,24.700000000000003,92,958,933,1.7000000000000002,56.6791,44.6032
1998,5,16,11,30,25.200000000000003,93,965,966,1.7000000000000002,58.9450,46.3991
1998,5,16,12,0,25.700000000000003,94,965,982,1.7000000000000002,60.0677,47.2898
1998,5,16,12,30,26,94,965,986,1.8,60.3457,47.5103
1998,5,16,13,0,26.400000000000002,94,961,973,1.9000000000000001,59.4717,46.8184
1998,5,16,13,30,26.6,93,957,948,2.1,57.7570,45.4595
1998,5,16,14,0,26.900000000000002,92,946,907,2.3000000000000003,54.9655,43.2480
1998,5,16,14,30,27,90,935,856,2.5,51.4766,40.4828
1998,5,16,15,0,27.1,87,917,790,2.7,47.0108,36.9449
1998,5,16,15,30,27,84,899,716,3,42.0152,32.9864
1998,5,16,16,0,26.900000000000002,81,873,633,3.2,36.4691,28.5925
1998,5,16,16,30,26.400000000000002,76,842,543,3.1,30.5410,23.8972
1998,5,16,17,0,25.8,248,195,340,3,18.5308,14.4569
1998,5,16,17,30,24.6,63,744,349,2.7,18.2641,14.1845
1998,5,16,18,0,23.3,136,253,210,2.4000000000000004,10.4616,8.0675
1998,5,16,18,30,21.8,99,137,127,2.5,6.0678,4.6345
1998,5,16,19,0,20.200000000000003,31,392,74,2.5,0.0000,0.0000
1998,5,16,19,30,19.6,11,138,15,2.8000000000000003,0.0000,0.0000
1998,5,16,20,0,19.1,0,0,0,3.1,0.0000,0.0000
1998,5,16,20,30,19,0,0,0,3.6,0.0000,0.0000
1998,5,16,21,0,18.8,0,0,0,4.1000000000000005,0.0000,0.0000
1998,5,16,21,30,18.5,0,0,0,4.4,0.0000,0.0000
1998,5,16,22,0,18.2,0,0,0,4.6000000000000005,0.0000,0.0000
1998,5,16,22,30,17.8,0,0,0,4.6000000000000005,0.0000,0.0000
1998,5,16,23,0,17.3,0,0,0,4.5,0.0000,0.0000
1998,5,16,23,30,17,0,0,0,4.5,0.0000,0.0000
1998,5,17,0,0,16.6,0,0,0,4.6000000000000005,0.0000,0.0000
1998,5,17,0,30,16.400000000000002,0,0,0,4.6000000000000005,0.0000,0.0000
1998,5,17,1,0,16.1,0,0,0,4.6000000000000005,0.0000,0.0000
1998,5,17,1,30,15.9,0,0,0,4.6000000000000005,0.0000,0.0000
1998,5,17,2,0,15.700000000000001,0,0,0,4.6000000000000005,0.0000,0.0000
1998,5,17,2,30,15.5,0,0,0,4.5,0.0000,0.0000
1998,5,17,3,0,15.3,0,0,0,4.4,0.0000,0.0000
1998,5,17,3,30,15,0,0,0,4.3,0.0000,0.0000
1998,5,17,4,0,14.700000000000001,0,0,0,4.1000000000000005,0.0000,0.0000
1998,5,17,4,30,14.5,0,0,0,4.2,0.0000,0.0000
1998,5,17,5,0,14.4,0,0,0,4.3,0.0000,0.0000
1998,5,17,5,30,14.9,19,0,19,4.6000000000000005,0.0000,0.0000
1998,5,17,6,0,15.5,49,0,49,4.9,0.0000,0.0000
1998,5,17,6,30,16.3,129,50,141,5,6.8330,5.2409
1998,5,17,7,0,17.2,93,533,270,5.1000000000000005,13.7464,10.6368
1998,5,17,7,30,18.7,227,39,243,5.6000000000000005,12.9555,10.0837
1998,5,17,8,0,20.1,279,189,375,6,20.7377,16.2016
1998,5,17,8,30,21.6,134,700,547,6.800000000000001,31.1099,24.3654
1998,5,17,9,0,23.200000000000003,142,739,633,7.6000000000000005,36.7814,28.8563
1998,5,17,9,30,24.400000000000002,149,768,711,7.800000000000001,41.9964,32.9871
1998,5,17,10,0,25.5,151,795,779,8.1,46.5882,36.6251
1998,5,17,10,30,26.3,155,813,839,8.3,50.6438,39.8376
1998,5,17,11,0,27.1,150,839,887,8.5,53.8989,42.4160
1998,5,17,11,30,27.700000000000003,151,847,918,8.700000000000001,56.0299,44.1051
1998,5,17,12,0,28.200000000000003,141,870,943,8.9,57.6955,45.4228
1998,5,17,12,30,28.5,142,871,947,9,57.9718,45.6419
1998,5,17,13,0,28.8,135,878,940,9.200000000000001,57.4685,45.2421
1998,5,17,13,30,28.8,134,872,915,9.200000000000001,55.7604,43.8888
1998,5,17,14,0,28.900000000000002,130,867,879,9.200000000000001,53.2831,41.9250
1998,5,17,14,30,28.900000000000002,127,854,829,9.1,49.8687,39.2192
1998,5,17,15,0,28.900000000000002,123,838,766,9,45.5996,35.8368
1998,5,17,15,30,28.6,118,816,693,8.8,40.6836,31.9420
1998,5,17,16,0,28.400000000000002,115,780,610,8.5,35.1626,27.5693
1998,5,17,16,30,27.900000000000002,109,741,521,8.1,29.3238,22.9461
1998,5,17,17,0,27.400000000000002,104,680,426,7.7,23.2388,18.1315
1998,5,17,17,30,26.6,93,617,331,7.300000000000001,17.3420,13.4702
1998,5,17,18,0,25.900000000000002,81,522,235,6.9,11.7234,9.0427
1998,5,17,18,30,25,62,408,145,6.800000000000001,6.9320,5.2959
1998,5,17,19,0,24.1,39,248,67,6.6000000000000005,0.0000,0.0000
1998,5,17,19,30,23.6,11,56,13,6.6000000000000005,0.0000,0.0000
1998,5,17,20,0,23,0,0,0,6.5,0.0000,0.0000
1998,5,17,20,30,22.700000000000003,0,0,0,6.5,0.0000,0.0000
1998,5,17,21,0,22.3,0,0,0,6.4,0.0000,0.0000
1998,5,17,21,30,22,0,0,0,6.2,0.0000,0.0000
1998,5,17,22,0,21.700000000000003,0,0,0,5.9,0.0000,0.0000
1998,5,17,22,30,21.400000000000002,0,0,0,5.7,0.0000,0.0000
1998,5,17,23,0,21.200000000000003,0,0,0,5.6000000000000005,0.0000,0.0000
1998,5,17,23,30,21,0,0,0,5.300000000000001,0.0000,0.0000
1998,5,18,0,0,20.8,0,0,0,5,0.0000,0.0000
1998,5,18,0,30,20.5,0,0,0,4.5,0.0000,0.0000
1998,5,18,1,0,20.200000000000003,0,0,0,4.1000000000000005,0.0000,0.0000
1998,5,18,1,30,20.1,0,0,0,4.1000000000000005,0.0000,0.0000
1998,5,18,2,0,20,0,0,0,4,0.0000,0.0000
1998,5,18,2,30,19.8,0,0,0,3.7,0.0000,0.0000
1998,5,18,3,0,19.5,0,0,0,3.3000000000000003,0.0000,0.0000
1998,5,18,3,30,19.200000000000003,0,0,0,3,0.0000,0.0000
1998,5,18,4,0,18.900000000000002,0,0,0,2.6,0.0000,0.0000
1998,5,18,4,30,18.8,0,0,0,2.6,0.0000,0.0000
1998,5,18,5,0,18.7,0,0,0,2.6,0.0000,0.0000
1998,5,18,5,30,19.200000000000003,24,147,33,3,0.0000,0.0000
1998,5,18,6,0,19.6,49,350,103,3.4000000000000004,0.0000,0.0000
1998,5,18,6,30,20.3,69,494,189,3.5,9.1687,7.0339
1998,5,18,7,0,21,127,4,128,3.7,6.5245,5.0494
1998,5,18,7,30,22,164,4,166,3.6,8.8588,6.8958
1998,5,18,8,0,23,231,24,243,3.5,13.4480,10.5072
1998,5,18,8,30,24,328,87,380,3.5,21.6243,16.9370
1998,5,18,9,0,24.900000000000002,355,77,406,3.4000000000000004,23.6025,18.5176
1998,5,18,9,30,25.8,110,855,737,3.5,43.5483,34.2070
1998,5,18,10,0,26.6,115,869,804,3.6,48.0985,37.8133
1998,5,18,10,30,27.3,118,884,862,3.8000000000000003,52.0462,40.9415
1998,5,18,11,0,28,188,742,840,4,51.0557,40.1791
1998,5,18,11,30,28.200000000000003,214,743,889,4.1000000000000005,54.2726,42.7224
1998,5,18,12,0,28.400000000000002,131,890,952,4.1000000000000005,58.2588,45.8670
1998,5,18,12,30,28.5,131,891,956,4,58.5357,46.0865
1998,5,18,13,0,28.6,130,887,944,3.9000000000000004,57.7261,45.4455
1998,5,18,13,30,28.8,129,882,920,3.7,56.0791,44.1402
1998,5,18,14,0,29,120,882,884,3.5,53.6007,42.1756
1998,5,18,14,30,29.200000000000003,118,870,833,3.2,50.1251,39.4216
1998,5,18,15,0,29.5,110,863,774,2.9000000000000004,46.0919,36.2245
1998,5,18,15,30,29.6,105,842,701,2.6,41.1713,32.3260
1998,5,18,16,0,29.700000000000003,98,820,620,2.3000000000000003,35.7592,28.0383
1998,5,18,16,30,29.6,92,785,531,1.9000000000000001,29.9070,23.4039
1998,5,18,17,0,29.400000000000002,85,740,437,1.5,23.8601,18.6179
1998,5,18,17,30,29,77,682,341,1.2000000000000002,17.8862,13.8949
1998,5,18,18,0,28.700000000000003,67,599,245,0.8,12.2382,9.4419
1998,5,18,18,30,27.900000000000002,53,486,153,0.7000000000000001,7.3193,5.5933
1998,5,18,19,0,27.1,35,327,73,0.6000000000000001,0.0000,0.0000
1998,5,18,19,30,26.200000000000003,12,103,15,0.7000000000000001,0.0000,0.0000
1998,5,18,20,0,25.400000000000002,0,0,0,0.9,0.0000,0.0000
1998,5,18,20,30,24.5,0,0,0,1.1,0.0000,0.0000
1998,5,18,21,0,23.5,0,0,0,1.4000000000000001,0.0000,0.0000
1998,5,18,21,30,22.5,0,0,0,1.8,0.0000,0.0000
1998,5,18,22,0,21.5,0,0,0,2.2,0.0000,0.0000
1998,5,18,22,30,20.700000000000003,0,0,0,2.7,0.0000,0.0000
1998,5,18,23,0,19.900000000000002,0,0,0,3.2,0.0000,0.0000
1998,5,18,23,30,19.3,0,0,0,3.4000000000000004,0.0000,0.0000
1998,5,19,0,0,18.7,0,0,0,3.6,0.0000,0.0000
1998,5,19,0,30,18.3,0,0,0,3.5,0.0000,0.0000
1998,5,19,1,0,17.900000000000002,0,0,0,3.3000000000000003,0.0000,0.0000
1998,5,19,1,30,17.7,0,0,0,3.1,0.0000,0.0000
1998,5,19,2,0,17.400000000000002,0,0,0,2.9000000000000004,0.0000,0.0000
1998,5,19,2,30,17.3,0,0,0,3,0.0000,0.0000
1998,5,19,3,0,17.2,0,0,0,3.2,0.0000,0.0000
1998,5,19,3,30,17.2,0,0,0,3.4000000000000004,0.0000,0.0000
1998,5,19,4,0,17.1,0,0,0,3.6,0.0000,0.0000
1998,5,19,4,30,17,0,0,0,3.8000000000000003,0.0000,0.0000
1998,5,19,5,0,16.900000000000002,0,0,0,3.9000000000000004,0.0000,0.0000
1998,5,19,5,30,17.3,13,0,13,4.2,0.0000,0.0000
1998,5,19,6,0,17.6,57,5,58,4.5,0.0000,0.0000
1998,5,19,6,30,18.5,49,0,49,4.4,2.3796,1.8260
1998,5,19,7,0,19.5,88,0,89,4.3,4.5419,3.5157
1998,5,19,7,30,21,236,97,277,4.2,14.7955,11.5182
1998,5,19,8,0,22.5,269,214,378,4.1000000000000005,20.9334,16.3566
1998,5,19,8,30,23.8,111,754,558,4.1000000000000005,31.7716,24.8859
1998,5,19,9,0,25.1,281,508,621,4.2,36.1172,28.3372
1998,5,19,9,30,26.200000000000003,288,570,707,4.1000000000000005,41.7901,32.8267
1998,5,19,10,0,27.200000000000003,124,839,790,4.1000000000000005,47.2749,37.1665
1998,5,19,10,30,27.900000000000002,240,623,766,3.9000000000000004,46.2616,36.3916
1998,5,19,11,0,28.700000000000003,130,862,890,3.7,54.1073,42.5813
1998,5,19,11,30,29.200000000000003,132,868,920,3.6,56.1774,44.2224
1998,5,19,12,0,29.700000000000003,133,871,938,3.4000000000000004,57.4144,45.2028
1998,5,19,12,30,29.900000000000002,241,651,845,3.2,51.7506,40.7449
1998,5,19,13,0,30.200000000000003,202,709,854,3.1,52.2343,41.1225
1998,5,19,13,30,30.1,133,858,905,3,55.1776,43.4313
1998,5,19,14,0,30,134,843,865,2.9000000000000004,52.4627,41.2808
1998,5,19,14,30,29.700000000000003,131,830,815,2.8000000000000003,49.0564,38.5818
1998,5,19,15,0,29.3,222,636,713,2.7,42.4740,33.3819
1998,5,19,15,30,28.900000000000002,196,669,670,2.5,39.3678,30.9109
1998,5,19,16,0,28.5,193,633,597,2.3000000000000003,34.4507,27.0134
1998,5,19,16,30,27.900000000000002,258,382,472,2.1,26.6020,20.8187
1998,5,19,17,0,27.400000000000002,102,673,424,1.9000000000000001,23.1707,18.0816
1998,5,19,17,30,26.6,186,304,305,1.7000000000000002,16.0161,12.4438
1998,5,19,18,0,25.900000000000002,78,531,237,1.4000000000000001,11.8541,9.1475
1998,5,19,18,30,24.700000000000003,61,420,149,1.4000000000000001,7.1327,5.4520
1998,5,19,19,0,23.5,61,76,70,1.3,0.0000,0.0000
1998,5,19,19,30,22.8,12,0,12,1.4000000000000001,0.0000,0.0000
1998,5,19,20,0,22.200000000000003,0,0,0,1.5,0.0000,0.0000
1998,5,19,20,30,21.900000000000002,0,0,0,1.6,0.0000,0.0000
1998,5,19,21,0,21.5,0,0,0,1.8,0.0000,0.0000
1998,5,19,21,30,21.200000000000003,0,0,0,1.9000000000000001,0.0000,0.0000
1998,5,19,22,0,20.8,0,0,0,2.1,0.0000,0.0000
1998,5,19,22,30,20.5,0,0,0,2.2,0.0000,0.0000
1998,5,19,23,0,20.1,0,0,0,2.3000000000000003,0.0000,0.0000
1998,5,19,23,30,19.8,0,0,0,2.4000000000000004,0.0000,0.0000
1998,5,20,0,0,19.5,0,0,0,2.4000000000000004,0.0000,0.0000
1998,5,20,0,30,19.3,0,0,0,2.4000000000000004,0.0000,0.0000
1998,5,20,1,0,19.1,0,0,0,2.4000000000000004,0.0000,0.0000
1998,5,20,1,30,18.900000000000002,0,0,0,2.3000000000000003,0.0000,0.0000
1998,5,20,2,0,18.6,0,0,0,2.3000000000000003,0.0000,0.0000
1998,5,20,2,30,18.5,0,0,0,2.4000000000000004,0.0000,0.0000
1998,5,20,3,0,18.3,0,0,0,2.6,0.0000,0.0000
1998,5,20,3,30,18.1,0,0,0,2.7,0.0000,0.0000
1998,5,20,4,0,17.900000000000002,0,0,0,2.9000000000000004,0.0000,0.0000
1998,5,20,4,30,17.6,0,0,0,2.9000000000000004,0.0000,0.0000
1998,5,20,5,0,17.400000000000002,0,0,0,3,0.0000,0.0000
1998,5,20,5,30,17.3,11,0,11,3.2,0.0000,0.0000
1998,5,20,6,0,17.3,21,0,21,3.3000000000000003,0.0000,0.0000
1998,5,20,6,30,17.6,91,8,93,3.5,4.5211,3.4701
1998,5,20,7,0,17.8,137,182,198,3.6,10.1155,7.8311
1998,5,20,7,30,18.6,182,389,349,3.7,18.6576,14.5262
1998,5,20,8,0,19.3,233,344,410,3.9000000000000004,22.7209,17.7544
1998,5,20,8,30,20.200000000000003,319,67,359,3.9000000000000004,20.4515,16.0198
1998,5,20,9,0,21.200000000000003,364,89,424,3.9000000000000004,24.6696,19.3561
1998,5,20,9,30,22,133,801,723,4,42.7504,33.5819
1998,5,20,10,0,22.900000000000002,134,831,795,4,47.5870,37.4125
1998,5,20,10,30,23.6,137,847,852,4,51.4683,40.4882
1998,5,20,11,0,24.3,135,869,902,4,54.8488,43.1654
1998,5,20,11,30,24.8,137,877,934,4,57.0440,44.9051
1998,5,20,12,0,25.400000000000002,134,888,956,3.9000000000000004,58.5281,46.0801
1998,5,20,12,30,25.700000000000003,134,889,961,3.9000000000000004,58.8669,46.3485
1998,5,20,13,0,26.1,133,888,951,3.8000000000000003,58.1795,45.8036
1998,5,20,13,30,26.3,132,881,925,3.7,56.4101,44.4021
1998,5,20,14,0,26.5,131,869,887,3.6,53.8104,42.3420
1998,5,20,14,30,26.5,128,855,834,3.5,50.2147,39.4936
1998,5,20,15,0,26.5,125,835,770,3.5,45.8853,36.0638
1998,5,20,15,30,26.200000000000003,120,810,696,3.4000000000000004,40.9121,32.1244
1998,5,20,16,0,26,116,778,615,3.4000000000000004,35.5078,27.8435
1998,5,20,16,30,25.5,109,742,527,3.3000000000000003,29.7218,23.2616
1998,5,20,17,0,25,102,687,432,3.2,23.6286,18.4405
1998,5,20,17,30,24.1,91,625,337,2.8000000000000003,17.7164,13.7668
1998,5,20,18,0,23.1,79,537,242,2.3000000000000003,12.1200,9.3547
1998,5,20,18,30,21.700000000000003,63,428,153,2.1,7.3298,5.6042
1998,5,20,19,0,20.3,41,269,73,1.8,0.0000,0.0000
1998,5,20,19,30,19.6,13,83,16,2,0.0000,0.0000
1998,5,20,20,0,18.8,0,0,0,2.1,0.0000,0.0000
1998,5,20,20,30,18.400000000000002,0,0,0,2.1,0.0000,0.0000
1998,5,20,21,0,18,0,0,0,2.1,0.0000,0.0000
1998,5,20,21,30,17.5,0,0,0,2.1,0.0000,0.0000
1998,5,20,22,0,17.1,0,0,0,2,0.0000,0.0000
1998,5,20,22,30,16.8,0,0,0,2.2,0.0000,0.0000
1998,5,20,23,0,16.5,0,0,0,2.3000000000000003,0.0000,0.0000
1998,5,20,23,30,16.2,0,0,0,2.6,0.0000,0.0000
1998,5,21,0,0,16,0,0,0,2.8000000000000003,0.0000,0.0000
1998,5,21,0,30,15.700000000000001,0,0,0,2.9000000000000004,0.0000,0.0000
1998,5,21,1,0,15.5,0,0,0,2.9000000000000004,0.0000,0.0000
1998,5,21,1,30,15.200000000000001,0,0,0,2.8000000000000003,0.0000,0.0000
1998,5,21,2,0,15,0,0,0,2.8000000000000003,0.0000,0.0000
1998,5,21,2,30,15,0,0,0,2.9000000000000004,0.0000,0.0000
1998,5,21,3,0,15,0,0,0,3,0.0000,0.0000
1998,5,21,3,30,15,0,0,0,3.1,0.0000,0.0000
1998,5,21,4,0,15.100000000000001,0,0,0,3.2,0.0000,0.0000
1998,5,21,4,30,15.200000000000001,0,0,0,3.3000000000000003,0.0000,0.0000
1998,5,21,5,0,15.200000000000001,0,0,0,3.4000000000000004,0.0000,0.0000
1998,5,21,5,30,15.5,20,0,20,4,0.0000,0.0000
1998,5,21,6,0,15.700000000000001,64,1,65,4.5,0.0000,0.0000
1998,5,21,6,30,16.2,96,1,96,5,4.6716,3.5864
1998,5,21,7,0,16.8,193,74,219,5.6000000000000005,11.2004,8.6723
1998,5,21,7,30,17.6,56,0,56,6,2.9964,2.3331
1998,5,21,8,0,18.3,221,27,235,6.5,13.0310,10.1832
1998,5,21,8,30,19,305,185,416,6.800000000000001,23.7099,18.5729
1998,5,21,9,0,19.6,346,184,469,7.1000000000000005,27.2979,21.4189
1998,5,21,9,30,20.1,365,115,450,7.1000000000000005,26.6165,20.9086
1998,5,21,10,0,20.5,347,38,377,7.1000000000000005,22.5725,17.7466
1998,5,21,10,30,20.8,334,16,347,6.800000000000001,20.9667,16.4940
1998,5,21,11,0,21,299,5,304,6.6000000000000005,18.4896,14.5513
1998,5,21,11,30,21.1,191,1,191,6.4,11.6677,9.1849
1998,5,21,12,0,21.1,175,0,176,6.2,10.7772,8.4852
1998,5,21,12,30,21.1,209,1,210,6,12.8662,10.1303
1998,5,21,13,0,21,201,1,202,5.9,12.3604,9.7312
1998,5,21,13,30,21,184,1,185,6,11.2845,8.8825
1998,5,21,14,0,21,356,17,370,6.1000000000000005,22.4519,17.6671
1998,5,21,14,30,21.1,398,146,519,6.2,31.2577,24.5845
1998,5,21,15,0,21.1,275,14,286,6.4,17.0489,13.4000
1998,5,21,15,30,20.900000000000002,331,145,434,6.4,25.5216,20.0403
1998,5,21,16,0,20.6,323,152,421,6.300000000000001,24.3195,19.0710
1998,5,21,16,30,20.200000000000003,278,307,451,6.1000000000000005,25.4513,19.9204
1998,5,21,17,0,19.8,258,278,392,5.9,21.4594,16.7491
1998,5,21,17,30,19.200000000000003,212,71,241,5.7,12.6838,9.8574
1998,5,21,18,0,18.6,120,10,123,5.4,6.1682,4.7619
1998,5,21,18,30,17.900000000000002,75,3,75,5.300000000000001,3.5958,2.7499
1998,5,21,19,0,17.2,50,2,50,5.2,0.0000,0.0000
1998,5,21,19,30,16.8,10,17,11,5.300000000000001,0.0000,0.0000
1998,5,21,20,0,16.3,0,0,0,5.300000000000001,0.0000,0.0000
1998,5,21,20,30,16.1,0,0,0,5.300000000000001,0.0000,0.0000
1998,5,21,21,0,15.9,0,0,0,5.2,0.0000,0.0000
1998,5,21,21,30,15.8,0,0,0,4.800000000000001,0.0000,0.0000
1998,5,21,22,0,15.600000000000001,0,0,0,4.3,0.0000,0.0000
1998,5,21,22,30,15.5,0,0,0,4,0.0000,0.0000
1998,5,21,23,0,15.4,0,0,0,3.7,0.0000,0.0000
1998,5,21,23,30,15.4,0,0,0,3.6,0.0000,0.0000
1998,5,22,0,0,15.3,0,0,0,3.4000000000000004,0.0000,0.0000
1998,5,22,0,30,15.3,0,0,0,3.3000000000000003,0.0000,0.0000
1998,5,22,1,0,15.3,0,0,0,3.3000000000000003,0.0000,0.0000
1998,5,22,1,30,15.3,0,0,0,3.1,0.0000,0.0000
1998,5,22,2,0,15.200000000000001,0,0,0,3,0.0000,0.0000
1998,5,22,2,30,15.100000000000001,0,0,0,2.8000000000000003,0.0000,0.0000
1998,5,22,3,0,15,0,0,0,2.7,0.0000,0.0000
1998,5,22,3,30,14.8,0,0,0,2.9000000000000004,0.0000,0.0000
1998,5,22,4,0,14.600000000000001,0,0,0,3.2,0.0000,0.0000
1998,5,22,4,30,14.4,0,0,0,3.3000000000000003,0.0000,0.0000
1998,5,22,5,0,14.200000000000001,0,0,0,3.3000000000000003,0.0000,0.0000
1998,5,22,5,30,14.3,15,0,15,3.3000000000000003,0.0000,0.0000
1998,5,22,6,0,14.4,32,0,32,3.4000000000000004,0.0000,0.0000
1998,5,22,6,30,14.9,84,387,181,3.3000000000000003,8.8160,6.7695
1998,5,22,7,0,15.4,129,4,130,3.3000000000000003,6.6552,5.1537
1998,5,22,7,30,16.1,180,10,184,3.2,9.8524,7.6721
1998,5,22,8,0,16.7,163,0,163,3.1,9.0441,7.0680
1998,5,22,8,30,17.400000000000002,275,21,288,3.1,16.4223,12.8647
1998,5,22,9,0,18,380,101,448,3,26.0852,20.4679
1998,5,22,9,30,18.7,174,717,705,3.1,41.7122,32.7678
1998,5,22,10,0,19.3,458,173,596,3.2,35.6945,28.0637
1998,5,22,10,30,19.8,475,131,586,3.4000000000000004,35.4160,27.8612
1998,5,22,11,0,20.3,377,4,381,3.6,23.1775,18.2409
1998,5,22,11,30,20.5,222,0,222,3.8000000000000003,13.5640,10.6778
1998,5,22,12,0,20.8,228,0,228,4,13.9640,10.9944
1998,5,22,12,30,20.900000000000002,240,0,240,4.1000000000000005,14.7071,11.5798
1998,5,22,13,0,21,236,0,236,4.3,14.4438,11.3716
1998,5,22,13,30,21,370,3,373,4.4,22.7568,17.9131
1998,5,22,14,0,21,379,5,384,4.5,23.3072,18.3404
1998,5,22,14,30,20.8,236,0,237,4.5,14.2776,11.2297
1998,5,22,15,0,20.5,392,48,429,4.5,25.5820,20.1073
1998,5,22,15,30,20.200000000000003,329,16,340,4.4,20.0019,15.7065
1998,5,22,16,0,19.8,268,5,271,4.3,15.6621,12.2824
1998,5,22,16,30,19.400000000000002,132,0,132,4.2,7.4541,5.8346
1998,5,22,17,0,19,140,0,140,4.1000000000000005,7.6702,5.9871
1998,5,22,17,30,18.5,107,0,107,3.9000000000000004,5.6372,4.3816
1998,5,22,18,0,18,118,363,229,3.7,11.4989,8.8790
1998,5,22,18,30,17.400000000000002,87,259,143,3.5,6.8614,5.2487
1998,5,22,19,0,16.8,30,0,30,3.3000000000000003,0.0000,0.0000
1998,5,22,19,30,16.3,12,26,13,3.5,0.0000,0.0000
1998,5,22,20,0,15.8,0,0,0,3.7,0.0000,0.0000
1998,5,22,20,30,15.4,0,0,0,3.7,0.0000,0.0000
1998,5,22,21,0,15,0,0,0,3.8000000000000003,0.0000,0.0000
1998,5,22,21,30,14.700000000000001,0,0,0,3.7,0.0000,0.0000
1998,5,22,22,0,14.4,0,0,0,3.6,0.0000,0.0000
1998,5,22,22,30,14.100000000000001,0,0,0,3.4000000000000004,0.0000,0.0000
1998,5,22,23,0,13.9,0,0,0,3.3000000000000003,0.0000,0.0000
1998,5,22,23,30,13.700000000000001,0,0,0,3.2,0.0000,0.0000
1998,5,23,0,0,13.5,0,0,0,3.1,0.0000,0.0000
1998,5,23,0,30,13.3,0,0,0,3.1,0.0000,0.0000
1998,5,23,1,0,13.200000000000001,0,0,0,3,0.0000,0.0000
1998,5,23,1,30,13,0,0,0,2.9000000000000004,0.0000,0.0000
1998,5,23,2,0,12.8,0,0,0,2.8000000000000003,0.0000,0.0000
1998,5,23,2,30,12.700000000000001,0,0,0,2.6,0.0000,0.0000
1998,5,23,3,0,12.600000000000001,0,0,0,2.5,0.0000,0.0000
1998,5,23,3,30,12.5,0,0,0,2.4000000000000004,0.0000,0.0000
1998,5,23,4,0,12.4,0,0,0,2.3000000000000003,0.0000,0.0000
1998,5,23,4,30,12.3,0,0,0,2.4000000000000004,0.0000,0.0000
1998,5,23,5,0,12.3,0,0,0,2.4000000000000004,0.0000,0.0000
1998,5,23,5,30,12.600000000000001,28,126,37,2.5,0.0000,0.0000
1998,5,23,6,0,13,57,293,105,2.7,0.0000,0.0000
1998,5,23,6,30,13.700000000000001,54,0,54,2.6,2.6326,2.0219
1998,5,23,7,0,14.3,87,0,87,2.6,4.4578,3.4526
1998,5,23,7,30,15.100000000000001,113,0,113,2.5,6.0555,4.7158
1998,5,23,8,0,15.8,157,0,157,2.4000000000000004,8.7160,6.8119
1998,5,23,8,30,16.6,209,1,209,2.4000000000000004,11.9226,9.3402
1998,5,23,9,0,17.3,174,0,174,2.4000000000000004,10.1350,7.9527
1998,5,23,9,30,17.900000000000002,229,0,229,2.5,13.5529,10.6470
1998,5,23,10,0,18.5,200,0,200,2.5,11.9810,9.4198
1998,5,23,10,30,19.1,232,0,232,2.6,14.0243,11.0329
1998,5,23,11,0,19.6,240,0,240,2.6,14.6029,11.4928
1998,5,23,11,30,20,274,0,275,2.5,16.8054,13.2297
1998,5,23,12,0,20.3,276,0,277,2.5,16.9682,13.3598
1998,5,23,12,30,20.5,264,3,266,2.4000000000000004,16.3033,12.8367
1998,5,23,13,0,20.700000000000003,385,4,389,2.3000000000000003,23.8124,18.7478
1998,5,23,13,30,20.700000000000003,226,0,226,2.2,13.7913,10.8559
1998,5,23,14,0,20.6,417,28,441,2.1,26.7730,21.0679
1998,5,23,14,30,20.5,421,70,479,2.1,28.8642,22.7027
1998,5,23,15,0,20.3,372,34,399,2.1,23.8005,18.7074
1998,5,23,15,30,20.1,339,31,361,2.2,21.2457,16.6837
1998,5,23,16,0,19.900000000000002,367,115,441,2.3000000000000003,25.4991,19.9974
1998,5,23,16,30,19.6,144,3,145,2.4000000000000004,8.1933,6.4135
1998,5,23,17,0,19.3,235,83,276,2.5,15.1334,11.8135
1998,5,23,17,30,18.8,136,11,140,2.5,7.3840,5.7400
1998,5,23,18,0,18.3,170,95,199,2.5,10.0055,7.7275
1998,5,23,18,30,17.3,117,38,126,1.9000000000000001,6.0507,4.6297
1998,5,23,19,0,16.2,65,22,68,1.3,0.0000,0.0000
1998,5,23,19,30,15.4,16,73,19,1.3,0.0000,0.0000
1998,5,23,20,0,14.5,0,0,0,1.2000000000000002,0.0000,0.0000
1998,5,23,20,30,14.100000000000001,0,0,0,1.2000000000000002,0.0000,0.0000
1998,5,23,21,0,13.600000000000001,0,0,0,1.1,0.0000,0.0000
1998,5,23,21,30,13.200000000000001,0,0,0,1.1,0.0000,0.0000
1998,5,23,22,0,12.8,0,0,0,1.1,0.0000,0.0000
1998,5,23,22,30,12.5,0,0,0,1.2000000000000002,0.0000,0.0000
1998,5,23,23,0,12.200000000000001,0,0,0,1.3,0.0000,0.0000
1998,5,23,23,30,11.8,0,0,0,1.2000000000000002,0.0000,0.0000
1998,5,24,0,0,11.5,0,0,0,1.1,0.0000,0.0000
1998,5,24,0,30,11.200000000000001,0,0,0,1.1,0.0000,0.0000
1998,5,24,1,0,11,0,0,0,1,0.0000,0.0000
1998,5,24,1,30,11.100000000000001,0,0,0,1,0.0000,0.0000
1998,5,24,2,0,11.100000000000001,0,0,0,1,0.0000,0.0000
1998,5,24,2,30,11.200000000000001,0,0,0,1,0.0000,0.0000
1998,5,24,3,0,11.200000000000001,0,0,0,1,0.0000,0.0000
1998,5,24,3,30,11.100000000000001,0,0,0,1,0.0000,0.0000
1998,5,24,4,0,10.9,0,0,0,1,0.0000,0.0000
1998,5,24,4,30,11,0,0,0,1.3,0.0000,0.0000
1998,5,24,5,0,11.100000000000001,0,0,0,1.6,0.0000,0.0000
1998,5,24,5,30,11.8,26,244,44,1.9000000000000001,0.0000,0.0000
1998,5,24,6,0,12.4,44,448,118,2.3000000000000003,0.0000,0.0000
1998,5,24,6,30,13.600000000000001,59,578,206,2.4000000000000004,10.0516,7.7212
1998,5,24,7,0,14.700000000000001,68,678,302,2.6,15.4882,11.9969
1998,5,24,7,30,16.2,239,95,281,2.7,15.0680,11.7354
1998,5,24,8,0,17.6,269,48,294,2.9000000000000004,16.3307,12.7638
1998,5,24,8,30,18.7,323,79,370,2.9000000000000004,21.1160,16.5428
1998,5,24,9,0,19.900000000000002,281,5,285,3,16.6058,13.0306
1998,5,24,9,30,20.5,381,92,450,3.1,26.6393,20.9278
1998,5,24,10,0,21.200000000000003,374,21,390,3.1,23.3681,18.3730
1998,5,24,10,30,21.8,451,137,567,3.2,34.2817,26.9696
1998,5,24,11,0,22.3,111,910,918,3.3000000000000003,55.8665,43.9685
1998,5,24,11,30,22.700000000000003,113,917,951,3.4000000000000004,58.1264,45.7593
1998,5,24,12,0,23.1,246,618,821,3.5,50.3004,39.6041
1998,5,24,12,30,23.3,117,914,971,3.6,59.5239,46.8678
1998,5,24,13,0,23.5,289,560,808,3.7,49.4702,38.9489
1998,5,24,13,30,23.6,118,903,936,3.8000000000000003,57.1292,44.9705
1998,5,24,14,0,23.700000000000003,120,889,898,3.9000000000000004,54.5298,42.9106
1998,5,24,14,30,23.6,457,178,605,3.9000000000000004,36.4665,28.6828
1998,5,24,15,0,23.5,221,0,221,3.9000000000000004,13.1869,10.3652
1998,5,24,15,30,23.3,269,401,557,3.8000000000000003,32.7929,25.7520
1998,5,24,16,0,23,307,200,437,3.7,25.2806,19.8268
1998,5,24,16,30,22.700000000000003,263,134,339,3.6,19.1669,15.0042
1998,5,24,17,0,22.3,49,0,49,3.5,2.6889,2.0992
1998,5,24,17,30,21.5,186,44,203,2.9000000000000004,10.7177,8.3326
1998,5,24,18,0,20.6,154,177,209,2.4000000000000004,10.5210,8.1271
1998,5,24,18,30,19.1,115,88,134,1.9000000000000001,6.4401,4.9288
1998,5,24,19,0,17.5,61,13,62,1.5,0.0000,0.0000
1998,5,24,19,30,16.5,16,1,16,1.5,0.0000,0.0000
1998,5,24,20,0,15.5,0,0,0,1.5,0.0000,0.0000
1998,5,24,20,30,15.100000000000001,0,0,0,1.7000000000000002,0.0000,0.0000
1998,5,24,21,0,14.600000000000001,0,0,0,1.8,0.0000,0.0000
1998,5,24,21,30,14.100000000000001,0,0,0,1.9000000000000001,0.0000,0.0000
1998,5,24,22,0,13.700000000000001,0,0,0,2,0.0000,0.0000
1998,5,24,22,30,13.3,0,0,0,2.2,0.0000,0.0000
1998,5,24,23,0,12.9,0,0,0,2.3000000000000003,0.0000,0.0000
1998,5,24,23,30,12.5,0,0,0,2.4000000000000004,0.0000,0.0000
1998,5,25,0,0,12.100000000000001,0,0,0,2.5,0.0000,0.0000
1998,5,25,0,30,11.700000000000001,0,0,0,2.6,0.0000,0.0000
1998,5,25,1,0,11.3,0,0,0,2.6,0.0000,0.0000
1998,5,25,1,30,10.9,0,0,0,2.7,0.0000,0.0000
1998,5,25,2,0,10.5,0,0,0,2.7,0.0000,0.0000
1998,5,25,2,30,10.200000000000001,0,0,0,2.6,0.0000,0.0000
1998,5,25,3,0,9.9,0,0,0,2.6,0.0000,0.0000
1998,5,25,3,30,9.700000000000001,0,0,0,2.7,0.0000,0.0000
1998,5,25,4,0,9.5,0,0,0,2.7,0.0000,0.0000
1998,5,25,4,30,9.5,0,0,0,3,0.0000,0.0000
1998,5,25,5,0,9.600000000000001,0,0,0,3.2,0.0000,0.0000
1998,5,25,5,30,10,25,1,25,3.3000000000000003,0.0000,0.0000
1998,5,25,6,0,10.4,39,1,39,3.4000000000000004,0.0000,0.0000
1998,5,25,6,30,11.4,28,0,28,3.5,1.3674,1.0506
1998,5,25,7,0,12.3,184,89,215,3.6,11.0361,8.5495
1998,5,25,7,30,13.4,203,148,268,3.6,14.3812,11.2013
1998,5,25,8,0,14.4,232,14,239,3.6,13.2822,10.3816
1998,5,25,8,30,15,291,107,356,3.5,20.3248,15.9234
1998,5,25,9,0,15.5,321,24,337,3.3000000000000003,19.6415,15.4130
1998,5,25,9,30,16,264,1,265,3.2,15.6916,12.3275
1998,5,25,10,0,16.400000000000002,349,51,390,3.2,23.3729,18.3770
1998,5,25,10,30,17.1,366,54,413,3.2,24.9755,19.6486
1998,5,25,11,0,17.7,433,57,484,3.2,29.4597,23.1859
1998,5,25,11,30,18.3,387,17,403,3.1,24.6360,19.3946
1998,5,25,12,0,18.8,440,28,466,3.1,28.5552,22.4832
1998,5,25,12,30,19,215,0,215,3.1,13.1821,10.3794
1998,5,25,13,0,19.3,385,3,388,3,23.7598,18.7067
1998,5,25,13,30,19.400000000000002,403,6,408,3,24.9074,19.6066
1998,5,25,14,0,19.5,462,124,571,3,34.6810,27.2916
1998,5,25,14,30,19.400000000000002,438,111,530,3,31.9538,25.1336
1998,5,25,15,0,19.3,431,246,623,3,37.1845,29.2285
1998,5,25,15,30,19.1,319,9,326,2.9000000000000004,19.2000,15.0780
1998,5,25,16,0,18.8,254,2,255,2.8000000000000003,14.7582,11.5748
1998,5,25,16,30,18.400000000000002,312,212,433,2.7,24.4953,19.1762
1998,5,25,17,0,17.900000000000002,102,715,452,2.5,24.8230,19.3804
1998,5,25,17,30,17.400000000000002,208,29,220,2.3000000000000003,11.6262,9.0399
1998,5,25,18,0,16.900000000000002,79,579,261,2.1,13.1545,10.1634
1998,5,25,18,30,16,64,471,169,1.5,8.1295,6.2234
1998,5,25,19,0,15.100000000000001,44,324,87,1,0.0000,0.0000
1998,5,25,19,30,14.3,19,119,24,0.9,0.0000,0.0000
1998,5,25,20,0,13.600000000000001,0,0,0,0.9,0.0000,0.0000
1998,5,25,20,30,13.200000000000001,0,0,0,0.9,0.0000,0.0000
1998,5,25,21,0,12.9,0,0,0,0.9,0.0000,0.0000
1998,5,25,21,30,12.700000000000001,0,0,0,0.8,0.0000,0.0000
1998,5,25,22,0,12.4,0,0,0,0.8,0.0000,0.0000
1998,5,25,22,30,12.3,0,0,0,0.7000000000000001,0.0000,0.0000
1998,5,25,23,0,12.3,0,0,0,0.7000000000000001,0.0000,0.0000
1998,5,25,23,30,12.3,0,0,0,0.5,0.0000,0.0000
1998,5,26,0,0,12.3,0,0,0,0.4,0.0000,0.0000
1998,5,26,0,30,12.200000000000001,0,0,0,0.4,0.0000,0.0000
1998,5,26,1,0,12.100000000000001,0,0,0,0.4,0.0000,0.0000
1998,5,26,1,30,11.8,0,0,0,0.5,0.0000,0.0000
1998,5,26,2,0,11.4,0,0,0,0.6000000000000001,0.0000,0.0000
1998,5,26,2,30,11.100000000000001,0,0,0,0.7000000000000001,0.0000,0.0000
1998,5,26,3,0,10.8,0,0,0,0.8,0.0000,0.0000
1998,5,26,3,30,10.4,0,0,0,0.8,0.0000,0.0000
1998,5,26,4,0,10.100000000000001,0,0,0,0.9,0.0000,0.0000
1998,5,26,4,30,10.200000000000001,0,0,0,0.9,0.0000,0.0000
1998,5,26,5,0,10.3,0,0,0,0.9,0.0000,0.0000
1998,5,26,5,30,11.5,28,220,45,1.4000000000000001,0.0000,0.0000
1998,5,26,6,0,12.8,50,410,118,1.9000000000000001,0.0000,0.0000
1998,5,26,6,30,14.100000000000001,66,543,206,2,10.0681,7.7366
1998,5,26,7,0,15.4,78,641,301,2,15.4616,11.9789
1998,5,26,7,30,16.5,88,710,398,2.1,21.3693,16.6453
1998,5,26,8,0,17.6,95,767,495,2.2,27.5212,21.5120
1998,5,26,8,30,18.3,101,806,588,2.2,33.5814,26.3101
1998,5,26,9,0,19.1,246,477,570,2.2,33.2313,26.0776
1998,5,26,9,30,19.5,334,467,681,2.2,40.3337,31.6872
1998,5,26,10,0,20,441,246,638,2.1,38.2433,30.0694
1998,5,26,10,30,20.3,432,74,495,2.1,29.9396,23.5542
1998,5,26,11,0,20.6,498,193,669,2,40.7270,32.0540
1998,5,26,11,30,21,133,892,951,2,58.1454,45.7752
1998,5,26,12,0,21.5,135,895,969,1.9000000000000001,59.3873,46.7596
1998,5,26,12,30,21.900000000000002,457,409,840,1.8,51.5106,40.5591
1998,5,26,13,0,22.400000000000002,132,897,965,1.7000000000000002,59.1033,46.5341
1998,5,26,13,30,22.6,130,894,942,1.5,57.5175,45.2771
1998,5,26,14,0,22.900000000000002,124,893,907,1.4000000000000001,55.1004,43.3608
1998,5,26,14,30,22.900000000000002,121,881,856,1.3,51.6210,40.6038
1998,5,26,15,0,23,114,872,796,1.3,47.5249,37.3572
1998,5,26,15,30,22.900000000000002,109,852,723,1.2000000000000002,42.5970,33.4529
1998,5,26,16,0,22.8,103,829,643,1.2000000000000002,37.2311,29.2013
1998,5,26,16,30,22.5,97,796,554,1.3,31.3593,24.5510
1998,5,26,17,0,22.200000000000003,90,753,460,1.3,25.2806,19.7390
1998,5,26,17,30,21.700000000000003,81,697,364,1.2000000000000002,19.2555,14.9738
1998,5,26,18,0,21.1,71,620,267,1.1,13.4719,10.4104
1998,5,26,18,30,19.8,58,515,174,1,8.3767,6.4141
1998,5,26,19,0,18.5,41,362,91,0.9,0.0000,0.0000
1998,5,26,19,30,17.5,19,148,26,1,0.0000,0.0000
1998,5,26,20,0,16.5,0,0,0,1.1,0.0000,0.0000
1998,5,26,20,30,16.1,0,0,0,1.1,0.0000,0.0000
1998,5,26,21,0,15.600000000000001,0,0,0,1.2000000000000002,0.0000,0.0000
1998,5,26,21,30,15.100000000000001,0,0,0,1.3,0.0000,0.0000
1998,5,26,22,0,14.700000000000001,0,0,0,1.3,0.0000,0.0000
1998,5,26,22,30,14.4,0,0,0,1.4000000000000001,0.0000,0.0000
1998,5,26,23,0,14.100000000000001,0,0,0,1.4000000000000001,0.0000,0.0000
1998,5,26,23,30,13.700000000000001,0,0,0,1.4000000000000001,0.0000,0.0000
1998,5,27,0,0,13.4,0,0,0,1.5,0.0000,0.0000
1998,5,27,0,30,13.100000000000001,0,0,0,1.5,0.0000,0.0000
1998,5,27,1,0,12.9,0,0,0,1.5,0.0000,0.0000
1998,5,27,1,30,12.600000000000001,0,0,0,1.5,0.0000,0.0000
1998,5,27,2,0,12.4,0,0,0,1.5,0.0000,0.0000
1998,5,27,2,30,12.200000000000001,0,0,0,1.5,0.0000,0.0000
1998,5,27,3,0,12.100000000000001,0,0,0,1.5,0.0000,0.0000
1998,5,27,3,30,11.9,0,0,0,1.5,0.0000,0.0000
1998,5,27,4,0,11.8,0,0,0,1.5,0.0000,0.0000
1998,5,27,4,30,12,0,0,0,1.6,0.0000,0.0000
1998,5,27,5,0,12.3,0,0,0,1.7000000000000002,0.0000,0.0000
1998,5,27,5,30,13.600000000000001,29,195,45,2.3000000000000003,0.0000,0.0000
1998,5,27,6,0,14.8,55,341,113,2.9000000000000004,0.0000,0.0000
1998,5,27,6,30,15.9,136,34,145,2.9000000000000004,7.0924,5.4508
1998,5,27,7,0,17,193,77,220,2.9000000000000004,11.3098,8.7633
1998,5,27,7,30,18.7,189,398,363,3.2,19.5011,15.1911
1998,5,27,8,0,20.3,236,266,376,3.6,20.9141,16.3482
1998,5,27,8,30,21.8,246,31,264,4.3,15.0824,11.8170
1998,5,27,9,0,23.3,67,0,67,5,3.9071,3.0661
1998,5,27,9,30,24.200000000000003,81,0,81,5.2,4.7985,3.7699
1998,5,27,10,0,25.1,104,0,104,5.300000000000001,6.2353,4.9026
1998,5,27,10,30,25.700000000000003,176,1,177,5.5,10.7076,8.4240
1998,5,27,11,0,26.400000000000002,450,106,545,5.7,33.1834,26.1171
1998,5,27,11,30,26.8,270,622,841,5.800000000000001,51.4276,40.4869
1998,5,27,12,0,27.3,179,803,928,5.9,56.8832,44.7883
1998,5,27,12,30,27.6,179,804,933,6,57.2219,45.0566
1998,5,27,13,0,28,170,814,926,6.1000000000000005,56.7241,44.6614
1998,5,27,13,30,28.200000000000003,169,808,903,6.2,55.1463,43.4110
1998,5,27,14,0,28.5,165,800,867,6.300000000000001,52.6807,41.4572
1998,5,27,14,30,28.6,161,786,818,6.300000000000001,49.3414,38.8114
1998,5,27,15,0,28.700000000000003,156,767,757,6.300000000000001,45.2092,35.5377
1998,5,27,15,30,28.6,150,743,687,6.2,40.4906,31.7994
1998,5,27,16,0,28.400000000000002,142,715,608,6.1000000000000005,35.2196,27.6245
1998,5,27,16,30,28.1,133,676,522,5.7,29.5643,23.1467
1998,5,27,17,0,27.700000000000003,120,634,433,5.4,23.8139,18.5951
1998,5,27,17,30,26.900000000000002,107,572,340,5,18.0026,14.0010
1998,5,27,18,0,26.200000000000003,89,502,249,4.7,12.5788,9.7220
1998,5,27,18,30,25.200000000000003,71,397,161,4.6000000000000005,7.7577,5.9416
1998,5,27,19,0,24.3,47,269,84,4.5,0.0000,0.0000
1998,5,27,19,30,23.6,19,96,24,4.5,0.0000,0.0000
1998,5,27,20,0,23,0,0,0,4.4,0.0000,0.0000
1998,5,27,20,30,22.6,0,0,0,4.6000000000000005,0.0000,0.0000
1998,5,27,21,0,22.3,0,0,0,4.800000000000001,0.0000,0.0000
1998,5,27,21,30,22,0,0,0,4.9,0.0000,0.0000
1998,5,27,22,0,21.700000000000003,0,0,0,5.1000000000000005,0.0000,0.0000
1998,5,27,22,30,21.400000000000002,0,0,0,5.1000000000000005,0.0000,0.0000
1998,5,27,23,0,21.1,0,0,0,5.2,0.0000,0.0000
1998,5,27,23,30,20.900000000000002,0,0,0,5.2,0.0000,0.0000
1998,5,28,0,0,20.6,0,0,0,5.1000000000000005,0.0000,0.0000
1998,5,28,0,30,20.3,0,0,0,5,0.0000,0.0000
1998,5,28,1,0,20,0,0,0,4.800000000000001,0.0000,0.0000
1998,5,28,1,30,19.6,0,0,0,4.5,0.0000,0.0000
1998,5,28,2,0,19.200000000000003,0,0,0,4.2,0.0000,0.0000
1998,5,28,2,30,18.8,0,0,0,3.8000000000000003,0.0000,0.0000
1998,5,28,3,0,18.400000000000002,0,0,0,3.3000000000000003,0.0000,0.0000
1998,5,28,3,30,18.1,0,0,0,3.1,0.0000,0.0000
1998,5,28,4,0,17.8,0,0,0,2.8000000000000003,0.0000,0.0000
1998,5,28,4,30,17.900000000000002,0,0,0,2.8000000000000003,0.0000,0.0000
1998,5,28,5,0,18,0,0,0,2.9000000000000004,0.0000,0.0000
1998,5,28,5,30,18.8,29,192,44,3.4000000000000004,0.0000,0.0000
1998,5,28,6,0,19.6,52,369,115,3.9000000000000004,0.0000,0.0000
1998,5,28,6,30,20.700000000000003,69,499,199,3.8000000000000003,9.7405,7.4871
1998,5,28,7,0,21.700000000000003,83,591,290,3.8000000000000003,14.9176,11.5597
1998,5,28,7,30,22.900000000000002,94,661,385,3.6,20.6947,16.1218
1998,5,28,8,0,24.1,104,712,478,3.5,26.5991,20.7929
1998,5,28,8,30,25,112,754,568,3.2,32.4609,25.4336
1998,5,28,9,0,26,120,780,651,2.8000000000000003,37.9733,29.8000
1998,5,28,9,30,26.700000000000003,126,806,727,2.6,43.0768,33.8432
1998,5,28,10,0,27.5,130,826,795,2.4000000000000004,47.6725,37.4842
1998,5,28,10,30,28,134,840,850,2.7,51.4279,40.4604
1998,5,28,11,0,28.6,136,853,896,3,54.5624,42.9439
1998,5,28,11,30,28.900000000000002,137,858,926,3.3000000000000003,56.6333,44.5855
1998,5,28,12,0,29.200000000000003,138,863,944,3.7,57.8720,45.5673
1998,5,28,12,30,29.5,138,862,947,3.9000000000000004,58.0895,45.7401
1998,5,28,13,0,29.700000000000003,138,860,938,4.1000000000000005,57.4681,45.2476
1998,5,28,13,30,29.8,136,853,913,4.2,55.7665,43.8997
1998,5,28,14,0,30,134,845,877,4.3,53.2994,41.9446
1998,5,28,14,30,30,131,833,828,4.3,49.9567,39.2959
1998,5,28,15,0,30,127,816,768,4.3,45.8792,36.0650
1998,5,28,15,30,29.900000000000002,122,794,697,4.1000000000000005,41.0936,32.2738
1998,5,28,16,0,29.8,117,764,617,3.9000000000000004,35.7561,28.0463
1998,5,28,16,30,29.400000000000002,110,729,531,3.4000000000000004,30.0905,23.5598
1998,5,28,17,0,28.900000000000002,103,679,439,2.9000000000000004,24.1612,18.8676
1998,5,28,17,30,28.1,93,620,346,2.4000000000000004,18.3372,14.2628
1998,5,28,18,0,27.3,82,534,253,1.9000000000000001,12.7950,9.8908
1998,5,28,18,30,26.1,66,429,165,1.8,7.9577,6.0962
1998,5,28,19,0,25,47,265,84,1.7000000000000002,0.0000,0.0000
1998,5,28,19,30,24.5,19,93,24,1.8,0.0000,0.0000
1998,5,28,20,0,24,0,0,0,1.9000000000000001,0.0000,0.0000
1998,5,28,20,30,23.700000000000003,0,0,0,2.1,0.0000,0.0000
1998,5,28,21,0,23.5,0,0,0,2.4000000000000004,0.0000,0.0000
1998,5,28,21,30,23.1,0,0,0,2.6,0.0000,0.0000
1998,5,28,22,0,22.6,0,0,0,2.8000000000000003,0.0000,0.0000
1998,5,28,22,30,22.1,0,0,0,2.7,0.0000,0.0000
1998,5,28,23,0,21.6,0,0,0,2.6,0.0000,0.0000
1998,5,28,23,30,21.1,0,0,0,2.3000000000000003,0.0000,0.0000
1998,5,29,0,0,20.5,0,0,0,1.9000000000000001,0.0000,0.0000
1998,5,29,0,30,20,0,0,0,1.6,0.0000,0.0000
1998,5,29,1,0,19.5,0,0,0,1.2000000000000002,0.0000,0.0000
1998,5,29,1,30,19,0,0,0,1.4000000000000001,0.0000,0.0000
1998,5,29,2,0,18.5,0,0,0,1.5,0.0000,0.0000
1998,5,29,2,30,17.900000000000002,0,0,0,1.5,0.0000,0.0000
1998,5,29,3,0,17.400000000000002,0,0,0,1.5,0.0000,0.0000
1998,5,29,3,30,17,0,0,0,1.4000000000000001,0.0000,0.0000
1998,5,29,4,0,16.6,0,0,0,1.3,0.0000,0.0000
1998,5,29,4,30,16.6,0,0,0,1.2000000000000002,0.0000,0.0000
1998,5,29,5,0,16.7,0,0,0,1.1,0.0000,0.0000
1998,5,29,5,30,17.7,27,1,27,1.4000000000000001,0.0000,0.0000
1998,5,29,6,0,18.6,69,9,70,1.7000000000000002,0.0000,0.0000
1998,5,29,6,30,19.400000000000002,127,88,150,1.7000000000000002,7.3473,5.6483
1998,5,29,7,0,20.200000000000003,178,142,228,1.7000000000000002,11.7366,9.0956
1998,5,29,7,30,21.700000000000003,235,51,258,1.8,13.8750,10.8096
1998,5,29,8,0,23.200000000000003,288,83,332,2,18.4817,14.4479
1998,5,29,8,30,24.3,320,70,362,2.1,20.6941,16.2145
1998,5,29,9,0,25.3,378,161,487,2.2,28.4135,22.2982
1998,5,29,9,30,26,365,52,404,2.2,23.9424,18.8105
1998,5,29,10,0,26.700000000000003,406,102,488,2.2,29.2678,23.0131
1998,5,29,10,30,27.400000000000002,382,271,613,2.3000000000000003,37.0945,29.1840
1998,5,29,11,0,28,439,123,549,2.4000000000000004,33.4364,26.3167
1998,5,29,11,30,28.400000000000002,493,255,728,2.4000000000000004,44.5295,35.0569
1998,5,29,12,0,28.8,119,903,963,2.5,59.0445,46.4909
1998,5,29,12,30,29.1,119,904,968,2.5,59.3861,46.7615
1998,5,29,13,0,29.3,432,421,825,2.5,50.5528,39.8032
1998,5,29,13,30,29.400000000000002,119,893,933,2.5,56.9977,44.8694
1998,5,29,14,0,29.400000000000002,284,659,864,2.5,52.5195,41.3313
1998,5,29,14,30,29.3,376,437,743,2.5,44.8383,35.2703
1998,5,29,15,0,29.1,401,297,635,2.5,37.9438,29.8276
1998,5,29,15,30,28.8,381,243,557,2.5,32.8503,25.8003
1998,5,29,16,0,28.400000000000002,238,456,537,2.6,31.1331,24.4209
1998,5,29,16,30,27.900000000000002,317,116,385,2.6,21.8290,17.0921
1998,5,29,17,0,27.3,139,602,439,2.5,24.1784,18.8823
1998,5,29,17,30,26.400000000000002,220,57,243,2.3000000000000003,12.8903,10.0272
1998,5,29,18,0,25.5,157,95,188,2,9.5183,7.3591
1998,5,29,18,30,24.3,112,36,121,1.9000000000000001,5.8407,4.4754
1998,5,29,19,0,23,72,79,83,1.7000000000000002,0.0000,0.0000
1998,5,29,19,30,22.200000000000003,22,1,23,1.8,0.0000,0.0000
1998,5,29,20,0,21.5,0,0,0,2,0.0000,0.0000
1998,5,29,20,30,21.1,0,0,0,2.2,0.0000,0.0000
1998,5,29,21,0,20.8,0,0,0,2.4000000000000004,0.0000,0.0000
1998,5,29,21,30,20.5,0,0,0,2.7,0.0000,0.0000
1998,5,29,22,0,20.200000000000003,0,0,0,2.9000000000000004,0.0000,0.0000
1998,5,29,22,30,19.900000000000002,0,0,0,3,0.0000,0.0000
1998,5,29,23,0,19.6,0,0,0,3.2,0.0000,0.0000
1998,5,29,23,30,19.400000000000002,0,0,0,3.3000000000000003,0.0000,0.0000
1998,5,30,0,0,19.200000000000003,0,0,0,3.4000000000000004,0.0000,0.0000
1998,5,30,0,30,19,0,0,0,3.4000000000000004,0.0000,0.0000
1998,5,30,1,0,18.900000000000002,0,0,0,3.5,0.0000,0.0000
1998,5,30,1,30,18.8,0,0,0,3.5,0.0000,0.0000
1998,5,30,2,0,18.7,0,0,0,3.6,0.0000,0.0000
1998,5,30,2,30,18.6,0,0,0,3.6,0.0000,0.0000
1998,5,30,3,0,18.6,0,0,0,3.7,0.0000,0.0000
1998,5,30,3,30,18.6,0,0,0,3.8000000000000003,0.0000,0.0000
1998,5,30,4,0,18.6,0,0,0,3.8000000000000003,0.0000,0.0000
1998,5,30,4,30,18.7,0,0,0,3.9000000000000004,0.0000,0.0000
1998,5,30,5,0,18.8,0,0,0,4,0.0000,0.0000
1998,5,30,5,30,19.3,29,1,29,4.4,0.0000,0.0000
1998,5,30,6,0,19.8,60,5,61,4.800000000000001,0.0000,0.0000
1998,5,30,6,30,20.400000000000002,128,152,168,4.800000000000001,8.2340,6.3308
1998,5,30,7,0,21,93,541,284,4.800000000000001,14.6282,11.3375
1998,5,30,7,30,21.8,189,302,322,5,17.3241,13.4974
1998,5,30,8,0,22.5,229,192,331,5.2,18.4320,14.4095
1998,5,30,8,30,23.6,285,172,390,5.5,22.3004,17.4734
1998,5,30,9,0,24.6,291,48,323,5.800000000000001,18.8493,14.7927
1998,5,30,9,30,25.700000000000003,410,128,506,5.800000000000001,29.9925,23.5642
1998,5,30,10,0,26.8,331,291,566,5.7,33.9506,26.6954
1998,5,30,10,30,27.400000000000002,370,96,453,5.300000000000001,27.4159,21.5696
1998,5,30,11,0,28.1,458,104,550,5,33.5016,26.3682
1998,5,30,11,30,28.400000000000002,450,104,546,4.6000000000000005,33.4013,26.2962
1998,5,30,12,0,28.8,481,175,645,4.3,39.5520,31.1430
1998,5,30,12,30,29.1,421,233,639,4.1000000000000005,39.2074,30.8728
1998,5,30,13,0,29.5,466,211,662,4,40.5706,31.9439
1998,5,30,13,30,29.8,433,219,633,3.9000000000000004,38.6770,30.4474
1998,5,30,14,0,30.200000000000003,415,268,652,3.8000000000000003,39.6398,31.1957
1998,5,30,14,30,30.5,396,267,619,3.8000000000000003,37.3629,29.3904
1998,5,30,15,0,30.8,337,369,628,3.7,37.5352,29.5069
1998,5,30,15,30,30.6,350,208,501,3.5,29.5573,23.2146
1998,5,30,16,0,30.3,308,211,446,3.3000000000000003,25.8673,20.2909
1998,5,30,16,30,29.700000000000003,274,127,348,3,19.7410,15.4578
1998,5,30,17,0,29.1,143,405,345,2.7,19.0135,14.8497
1998,5,30,17,30,28.1,199,225,292,2.3000000000000003,15.5038,12.0614
1998,5,30,18,0,27,158,151,207,1.8,10.4918,8.1131
1998,5,30,18,30,25.6,119,67,134,1.6,6.4739,4.9618
1998,5,30,19,0,24.200000000000003,35,1,35,1.5,0.0000,0.0000
1998,5,30,19,30,23.3,24,2,25,1.5,0.0000,0.0000
1998,5,30,20,0,22.5,0,0,0,1.5,0.0000,0.0000
1998,5,30,20,30,22.1,0,0,0,1.5,0.0000,0.0000
1998,5,30,21,0,21.8,0,0,0,1.5,0.0000,0.0000
1998,5,30,21,30,21.5,0,0,0,1.8,0.0000,0.0000
1998,5,30,22,0,21.200000000000003,0,0,0,2,0.0000,0.0000
1998,5,30,22,30,20.900000000000002,0,0,0,2.7,0.0000,0.0000
1998,5,30,23,0,20.6,0,0,0,3.4000000000000004,0.0000,0.0000
1998,5,30,23,30,20.1,0,0,0,4.3,0.0000,0.0000
1998,5,31,0,0,19.5,0,0,0,5.2,0.0000,0.0000
1998,5,31,0,30,18.900000000000002,0,0,0,5.6000000000000005,0.0000,0.0000
1998,5,31,1,0,18.3,0,0,0,6.1000000000000005,0.0000,0.0000
1998,5,31,1,30,17.900000000000002,0,0,0,5.800000000000001,0.0000,0.0000
1998,5,31,2,0,17.5,0,0,0,5.5,0.0000,0.0000
1998,5,31,2,30,17.1,0,0,0,5.1000000000000005,0.0000,0.0000
1998,5,31,3,0,16.7,0,0,0,4.7,0.0000,0.0000
1998,5,31,3,30,16.3,0,0,0,4.4,0.0000,0.0000
1998,5,31,4,0,16,0,0,0,4,0.0000,0.0000
1998,5,31,4,30,15.8,0,0,0,3.7,0.0000,0.0000
1998,5,31,5,0,15.600000000000001,0,0,0,3.5,0.0000,0.0000
1998,5,31,5,30,16.1,40,6,40,3.6,0.0000,0.0000
1998,5,31,6,0,16.6,81,32,87,3.7,4.1481,3.1612
1998,5,31,6,30,17.7,131,168,175,4.1000000000000005,8.5824,6.5995
1998,5,31,7,0,18.7,163,344,285,4.6000000000000005,14.6875,11.3842
1998,5,31,7,30,19.8,168,499,388,4.9,20.8853,16.2727
1998,5,31,8,0,20.8,282,211,393,5.300000000000001,21.8916,17.1146
1998,5,31,8,30,21.400000000000002,109,787,587,5.300000000000001,33.5732,26.3068
1998,5,31,9,0,22.1,111,827,675,5.4,39.3986,30.9200
1998,5,31,9,30,22.400000000000002,116,851,753,5.5,44.6410,35.0734
1998,5,31,10,0,22.700000000000003,116,877,823,5.5,49.3741,38.8233
1998,5,31,10,30,22.900000000000002,119,891,881,5.6000000000000005,53.3255,41.9544
1998,5,31,11,0,23,119,904,927,5.7,56.4725,44.4483
1998,5,31,11,30,23.1,467,357,796,5.7,48.7011,38.3417
1998,5,31,12,0,23.1,122,914,978,5.7,59.9791,47.2274
1998,5,31,12,30,23.200000000000003,403,505,879,5.6000000000000005,53.9399,42.4737
1998,5,31,13,0,23.200000000000003,123,912,973,5.6000000000000005,59.6387,46.9578
1998,5,31,13,30,23.200000000000003,122,909,952,5.5,58.1773,45.7989
1998,5,31,14,0,23.1,118,903,915,5.5,55.6393,43.7875
1998,5,31,14,30,23,116,891,865,5.4,52.2230,41.0803
1998,5,31,15,0,22.900000000000002,111,881,807,5.300000000000001,48.2463,37.9278
1998,5,31,15,30,22.5,107,862,734,5.2,43.3164,34.0218
1998,5,31,16,0,22.200000000000003,101,839,654,5.1000000000000005,37.9468,29.7674
1998,5,31,16,30,21.700000000000003,284,334,479,4.800000000000001,27.1857,21.2882
1998,5,31,17,0,21.200000000000003,89,769,474,4.5,26.1398,20.4167
1998,5,31,17,30,20.400000000000002,222,171,293,3.7,15.5698,12.1140
1998,5,31,18,0,19.6,70,650,281,2.9000000000000004,14.2569,11.0262
1998,5,31,18,30,18.3,58,551,188,2.1,9.0903,6.9684
1998,5,31,19,0,16.900000000000002,76,30,80,1.3,0.0000,0.0000
1998,5,31,19,30,16.1,22,205,34,1.2000000000000002,0.0000,0.0000
1998,5,31,20,0,15.200000000000001,0,0,0,1.1,0.0000,0.0000
1998,5,31,20,30,15,0,0,0,1,0.0000,0.0000
1998,5,31,21,0,14.700000000000001,0,0,0,1,0.0000,0.0000
1998,5,31,21,30,14.3,0,0,0,0.9,0.0000,0.0000
1998,5,31,22,0,13.9,0,0,0,0.9,0.0000,0.0000
1998,5,31,22,30,13.5,0,0,0,1,0.0000,0.0000
1998,5,31,23,0,13,0,0,0,1,0.0000,0.0000
1998,5,31,23,30,12.600000000000001,0,0,0,1.2000000000000002,0.0000,0.0000
1998,6,1,0,0,12.3,0,0,0,1.3,0.0000,0.0000
1998,6,1,0,30,12.100000000000001,0,0,0,1.6,0.0000,0.0000
1998,6,1,1,0,11.9,0,0,0,1.9000000000000001,0.0000,0.0000
1998,6,1,1,30,11.8,0,0,0,2.3000000000000003,0.0000,0.0000
1998,6,1,2,0,11.8,0,0,0,2.7,0.0000,0.0000
1998,6,1,2,30,11.700000000000001,0,0,0,2.9000000000000004,0.0000,0.0000
1998,6,1,3,0,11.600000000000001,0,0,0,3.2,0.0000,0.0000
1998,6,1,3,30,11.4,0,0,0,3.3000000000000003,0.0000,0.0000
1998,6,1,4,0,11.200000000000001,0,0,0,3.4000000000000004,0.0000,0.0000
1998,6,1,4,30,11.4,0,0,0,3.7,0.0000,0.0000
1998,6,1,5,0,11.5,0,0,0,3.9000000000000004,0.0000,0.0000
1998,6,1,5,30,12.3,29,279,53,4.2,0.0000,0.0000
1998,6,1,6,0,13.100000000000001,48,449,127,4.4,6.0547,4.6145
1998,6,1,6,30,14.200000000000001,81,1,81,4.4,3.9746,3.0566
1998,6,1,7,0,15.3,194,80,222,4.4,11.4468,8.8730
1998,6,1,7,30,16.7,233,187,316,5.1000000000000005,17.0156,13.2582
1998,6,1,8,0,18.2,254,105,309,5.800000000000001,17.2171,13.4605
1998,6,1,8,30,19.1,80,0,80,6.300000000000001,4.5765,3.5861
1998,6,1,9,0,20.1,92,0,92,6.7,5.3707,4.2150
1998,6,1,9,30,20.700000000000003,272,13,282,7.1000000000000005,16.7207,13.1372
1998,6,1,10,0,21.400000000000002,320,397,641,7.4,38.4600,30.2417
1998,6,1,10,30,22.400000000000002,383,292,633,7.800000000000001,38.3193,30.1484
1998,6,1,11,0,23.400000000000002,438,61,493,8.1,30.0364,23.6412
1998,6,1,11,30,24.400000000000002,294,567,817,8.200000000000001,49.9911,39.3575
1998,6,1,12,0,25.5,256,663,878,8.3,53.8526,42.4038
1998,6,1,12,30,26.3,403,495,869,8,53.3327,41.9959
1998,6,1,13,0,27,123,896,960,7.7,58.8496,46.3369
1998,6,1,13,30,27.6,121,892,936,7.1000000000000005,57.2077,45.0360
1998,6,1,14,0,28.200000000000003,109,902,906,6.5,55.1017,43.3649
1998,6,1,14,30,28.700000000000003,410,49,451,6,27.2339,21.4234
1998,6,1,15,0,29.200000000000003,95,900,807,5.4,48.2586,37.9381
1998,6,1,15,30,29.1,353,354,611,5.2,36.0684,28.3297
1998,6,1,16,0,28.900000000000002,81,881,663,5.1000000000000005,38.4837,30.1894
1998,6,1,16,30,28.1,77,855,577,5,32.7638,25.6573
1998,6,1,17,0,27.3,70,827,486,4.800000000000001,26.8188,20.9483
1998,6,1,17,30,26,64,779,389,4.2,20.6884,16.0980
1998,6,1,18,0,24.700000000000003,57,712,291,3.6,14.7792,11.4318
1998,6,1,18,30,23,48,621,196,3.1,9.4858,7.2732
1998,6,1,19,0,21.3,37,473,107,2.5,0.0000,0.0000
1998,6,1,19,30,20.400000000000002,20,259,36,2.5,0.0000,0.0000
1998,6,1,20,0,19.5,0,0,0,2.4000000000000004,0.0000,0.0000
1998,6,1,20,30,19,0,0,0,2.5,0.0000,0.0000
1998,6,1,21,0,18.6,0,0,0,2.5,0.0000,0.0000
1998,6,1,21,30,18,0,0,0,2.5,0.0000,0.0000
1998,6,1,22,0,17.5,0,0,0,2.5,0.0000,0.0000
1998,6,1,22,30,16.8,0,0,0,2.3000000000000003,0.0000,0.0000
1998,6,1,23,0,16.2,0,0,0,2.1,0.0000,0.0000
1998,6,1,23,30,15.700000000000001,0,0,0,1.9000000000000001,0.0000,0.0000
1998,6,2,0,0,15.100000000000001,0,0,0,1.8,0.0000,0.0000
1998,6,2,0,30,14.8,0,0,0,1.7000000000000002,0.0000,0.0000
1998,6,2,1,0,14.4,0,0,0,1.6,0.0000,0.0000
1998,6,2,1,30,14.200000000000001,0,0,0,1.6,0.0000,0.0000
1998,6,2,2,0,13.9,0,0,0,1.6,0.0000,0.0000
1998,6,2,2,30,13.600000000000001,0,0,0,1.7000000000000002,0.0000,0.0000
1998,6,2,3,0,13.4,0,0,0,1.8,0.0000,0.0000
1998,6,2,3,30,13.3,0,0,0,2,0.0000,0.0000
1998,6,2,4,0,13.100000000000001,0,0,0,2.2,0.0000,0.0000
1998,6,2,4,30,13.4,0,0,0,2.5,0.0000,0.0000
1998,6,2,5,0,13.700000000000001,0,0,0,2.8000000000000003,0.0000,0.0000
1998,6,2,5,30,14.600000000000001,27,317,55,3.3000000000000003,0.0000,0.0000
1998,6,2,6,0,15.5,43,498,131,3.7,6.2449,4.7598
1998,6,2,6,30,16.5,55,619,220,3.9000000000000004,10.8000,8.3063
1998,6,2,7,0,17.6,64,703,315,4.1000000000000005,16.2491,12.5963
1998,6,2,7,30,18.5,72,764,411,4.2,22.1387,17.2507
1998,6,2,8,0,19.5,78,807,505,4.3,28.1455,22.0049
1998,6,2,8,30,20.3,83,842,597,4.2,34.1593,26.7669
1998,6,2,9,0,21.1,87,874,684,4.2,39.9367,31.3430
1998,6,2,9,30,21.8,91,893,760,4.1000000000000005,45.0684,35.4099
1998,6,2,10,0,22.5,93,911,829,4,49.7458,39.1162
1998,6,2,10,30,23,95,924,887,3.8000000000000003,53.7013,42.2507
1998,6,2,11,0,23.6,96,935,933,3.5,56.8502,44.7462
1998,6,2,11,30,24,97,941,965,3.3000000000000003,59.0531,46.4923
1998,6,2,12,0,24.400000000000002,97,945,984,3.1,60.3607,47.5286
1998,6,2,12,30,24.700000000000003,97,946,989,2.9000000000000004,60.7043,47.8008
1998,6,2,13,0,25,98,941,977,2.7,59.8990,47.1635
1998,6,2,13,30,25.200000000000003,97,936,954,2.6,58.3162,45.9090
1998,6,2,14,0,25.3,97,927,917,2.5,55.7797,43.8989
1998,6,2,14,30,25.3,95,914,866,2.5,52.3045,41.1455
1998,6,2,15,0,25.3,95,896,804,2.5,48.0904,37.8065
1998,6,2,15,30,25.200000000000003,92,875,732,2.5,43.2240,33.9507
1998,6,2,16,0,25,91,845,651,2.6,37.8002,29.6540
1998,6,2,16,30,24.5,86,813,562,2.7,31.9277,25.0036
1998,6,2,17,0,24,82,767,469,2.7,25.8972,20.2297
1998,6,2,17,30,23,75,716,374,2.8000000000000003,19.9071,15.4915
1998,6,2,18,0,22,175,103,209,2.9000000000000004,10.6253,8.2199
1998,6,2,18,30,20.8,125,45,136,3.2,6.5876,5.0521
1998,6,2,19,0,19.5,75,23,78,3.5,0.0000,0.0000
1998,6,2,19,30,18.5,24,0,24,3.8000000000000003,0.0000,0.0000
1998,6,2,20,0,17.6,0,0,0,4.1000000000000005,0.0000,0.0000
1998,6,2,20,30,16.7,0,0,0,4.1000000000000005,0.0000,0.0000
1998,6,2,21,0,15.9,0,0,0,4.2,0.0000,0.0000
1998,6,2,21,30,15.200000000000001,0,0,0,4.2,0.0000,0.0000
1998,6,2,22,0,14.5,0,0,0,4.3,0.0000,0.0000
1998,6,2,22,30,13.8,0,0,0,4.4,0.0000,0.0000
1998,6,2,23,0,13.100000000000001,0,0,0,4.6000000000000005,0.0000,0.0000
1998,6,2,23,30,12.4,0,0,0,4.6000000000000005,0.0000,0.0000
1998,6,3,0,0,11.700000000000001,0,0,0,4.6000000000000005,0.0000,0.0000
1998,6,3,0,30,11,0,0,0,4.6000000000000005,0.0000,0.0000
1998,6,3,1,0,10.4,0,0,0,4.6000000000000005,0.0000,0.0000
1998,6,3,1,30,9.8,0,0,0,4.6000000000000005,0.0000,0.0000
1998,6,3,2,0,9.3,0,0,0,4.6000000000000005,0.0000,0.0000
1998,6,3,2,30,8.9,0,0,0,4.7,0.0000,0.0000
1998,6,3,3,0,8.4,0,0,0,4.800000000000001,0.0000,0.0000
1998,6,3,3,30,8,0,0,0,5,0.0000,0.0000
1998,6,3,4,0,7.6000000000000005,0,0,0,5.1000000000000005,0.0000,0.0000
1998,6,3,4,30,7.1000000000000005,0,0,0,5.2,0.0000,0.0000
1998,6,3,5,0,6.5,0,0,0,5.2,0.0000,0.0000
1998,6,3,5,30,6.2,10,0,10,5.1000000000000005,0.0000,0.0000
1998,6,3,6,0,6,14,0,14,5.1000000000000005,0.6674,0.5087
1998,6,3,6,30,6,75,3,76,5,3.7326,2.8710
1998,6,3,7,0,6,154,21,162,4.9,8.3603,6.4813
1998,6,3,7,30,6.2,30,0,30,4.800000000000001,1.6165,1.2597
1998,6,3,8,0,6.4,113,0,113,4.7,6.2996,4.9253
1998,6,3,8,30,6.7,275,16,285,4.6000000000000005,16.3105,12.7810
1998,6,3,9,0,7,183,0,183,4.6000000000000005,10.6865,8.3871
1998,6,3,9,30,7.4,200,0,201,4.5,11.9209,9.3662
1998,6,3,10,0,7.9,248,0,249,4.4,14.9432,11.7503
1998,6,3,10,30,8.6,234,0,235,4.3,14.2288,11.1949
1998,6,3,11,0,9.200000000000001,226,0,226,4.3,13.7720,10.8399
1998,6,3,11,30,9.8,244,0,244,4.2,14.9330,11.7567
1998,6,3,12,0,10.3,240,0,240,4.1000000000000005,14.7236,11.5935
1998,6,3,12,30,10.700000000000001,339,1,340,4,20.8713,16.4350
1998,6,3,13,0,11.100000000000001,384,3,387,3.9000000000000004,23.7295,18.6843
1998,6,3,13,30,11.4,287,1,287,3.8000000000000003,17.5462,13.8133
1998,6,3,14,0,11.700000000000001,229,0,229,3.6,13.9320,10.9646
1998,6,3,14,30,11.9,264,0,264,3.5,15.9479,12.5456
1998,6,3,15,0,12.100000000000001,292,1,293,3.4000000000000004,17.5296,13.7811
1998,6,3,15,30,12.200000000000001,215,0,216,3.3000000000000003,12.7584,10.0214
1998,6,3,16,0,12.3,213,1,213,3.2,12.3725,9.7064
1998,6,3,16,30,12.200000000000001,194,1,195,3,11.0830,8.6798
1998,6,3,17,0,12.100000000000001,137,0,137,2.9000000000000004,7.5692,5.9130
1998,6,3,17,30,11.8,150,2,151,2.7,8.0434,6.2598
1998,6,3,18,0,11.600000000000001,86,577,277,2.5,14.0964,10.9069
1998,6,3,18,30,10.9,70,478,186,2,9.0174,6.9169
1998,6,3,19,0,10.3,49,355,103,1.4000000000000001,0.0000,0.0000
1998,6,3,19,30,9.600000000000001,14,0,14,1.2000000000000002,0.0000,0.0000
1998,6,3,20,0,8.9,0,0,0,0.9,0.0000,0.0000
1998,6,3,20,30,8.6,0,0,0,0.9,0.0000,0.0000
1998,6,3,21,0,8.4,0,0,0,0.9,0.0000,0.0000
1998,6,3,21,30,8.200000000000001,0,0,0,0.9,0.0000,0.0000
1998,6,3,22,0,8,0,0,0,0.9,0.0000,0.0000
1998,6,3,22,30,7.800000000000001,0,0,0,0.9,0.0000,0.0000
1998,6,3,23,0,7.6000000000000005,0,0,0,0.8,0.0000,0.0000
1998,6,3,23,30,7.5,0,0,0,0.8,0.0000,0.0000
1998,6,4,0,0,7.4,0,0,0,0.8,0.0000,0.0000
1998,6,4,0,30,7.4,0,0,0,0.7000000000000001,0.0000,0.0000
1998,6,4,1,0,7.5,0,0,0,0.7000000000000001,0.0000,0.0000
1998,6,4,1,30,7.6000000000000005,0,0,0,0.9,0.0000,0.0000
1998,6,4,2,0,7.800000000000001,0,0,0,1.1,0.0000,0.0000
1998,6,4,2,30,7.7,0,0,0,1.2000000000000002,0.0000,0.0000
1998,6,4,3,0,7.7,0,0,0,1.2000000000000002,0.0000,0.0000
1998,6,4,3,30,7.7,0,0,0,1.3,0.0000,0.0000
1998,6,4,4,0,7.6000000000000005,0,0,0,1.4000000000000001,0.0000,0.0000
1998,6,4,4,30,7.5,0,0,0,1.8,0.0000,0.0000
1998,6,4,5,0,7.4,0,0,0,2.2,0.0000,0.0000
1998,6,4,5,30,7.4,9,0,9,2.7,0.0000,0.0000
1998,6,4,6,0,7.5,18,0,18,3.2,0.8580,0.6540
1998,6,4,6,30,7.7,73,3,74,3.6,3.6360,2.7969
1998,6,4,7,0,8,112,5,114,4,5.8853,4.5627
1998,6,4,7,30,8.6,223,99,267,4.3,14.3911,11.2144
1998,6,4,8,0,9.1,111,0,111,4.5,6.1894,4.8393
1998,6,4,8,30,9.8,216,1,216,4.6000000000000005,12.3637,9.6884
1998,6,4,9,0,10.4,257,1,258,4.6000000000000005,15.0681,11.8260
1998,6,4,9,30,11.100000000000001,217,0,217,4.6000000000000005,12.8711,10.1129
1998,6,4,10,0,11.8,192,0,192,4.6000000000000005,11.5236,9.0614
1998,6,4,10,30,12.5,402,15,414,4.5,25.0693,19.7241
1998,6,4,11,0,13.200000000000001,237,0,237,4.5,14.4436,11.3685
1998,6,4,11,30,13.8,270,0,270,4.5,16.5257,13.0108
1998,6,4,12,0,14.3,253,0,253,4.4,15.5225,12.2227
1998,6,4,12,30,14.600000000000001,366,2,368,4.2,22.5923,17.7902
1998,6,4,13,0,14.9,416,6,421,4.1000000000000005,25.8173,20.3284
1998,6,4,13,30,14.9,275,0,275,3.9000000000000004,16.8148,13.2375
1998,6,4,14,0,14.8,241,0,241,3.8000000000000003,14.6644,11.5412
1998,6,4,14,30,14.600000000000001,247,0,247,3.7,14.9237,11.7401
1998,6,4,15,0,14.4,219,0,220,3.6,13.1649,10.3499
1998,6,4,15,30,14.100000000000001,199,0,199,3.5,11.7574,9.2353
1998,6,4,16,0,13.8,141,0,141,3.4000000000000004,8.1930,6.4277
1998,6,4,16,30,13.4,129,0,129,3.3000000000000003,7.3351,5.7448
1998,6,4,17,0,13,68,0,68,3.2,3.7592,2.9368
1998,6,4,17,30,12.4,89,0,89,3.1,4.7443,3.6926
1998,6,4,18,0,11.9,126,4,128,3,6.5198,5.0453
1998,6,4,18,30,11.3,80,1,80,2.9000000000000004,3.8815,2.9779
1998,6,4,19,0,10.8,23,0,23,2.8000000000000003,0.0000,0.0000
1998,6,4,19,30,10.3,7,0,7,2.8000000000000003,0.0000,0.0000
1998,6,4,20,0,9.9,0,0,0,2.8000000000000003,0.0000,0.0000
1998,6,4,20,30,9.600000000000001,0,0,0,2.9000000000000004,0.0000,0.0000
1998,6,4,21,0,9.4,0,0,0,3,0.0000,0.0000
1998,6,4,21,30,9.200000000000001,0,0,0,3.1,0.0000,0.0000
1998,6,4,22,0,9,0,0,0,3.2,0.0000,0.0000
1998,6,4,22,30,8.8,0,0,0,3.3000000000000003,0.0000,0.0000
1998,6,4,23,0,8.6,0,0,0,3.3000000000000003,0.0000,0.0000
1998,6,4,23,30,8.4,0,0,0,3.4000000000000004,0.0000,0.0000
1998,6,5,0,0,8.200000000000001,0,0,0,3.4000000000000004,0.0000,0.0000
1998,6,5,0,30,8,0,0,0,3.4000000000000004,0.0000,0.0000
1998,6,5,1,0,7.800000000000001,0,0,0,3.4000000000000004,0.0000,0.0000
1998,6,5,1,30,7.6000000000000005,0,0,0,3.4000000000000004,0.0000,0.0000
1998,6,5,2,0,7.4,0,0,0,3.4000000000000004,0.0000,0.0000
1998,6,5,2,30,7.300000000000001,0,0,0,3.3000000000000003,0.0000,0.0000
1998,6,5,3,0,7.2,0,0,0,3.2,0.0000,0.0000
1998,6,5,3,30,7.1000000000000005,0,0,0,3.2,0.0000,0.0000
1998,6,5,4,0,7,0,0,0,3.1,0.0000,0.0000
1998,6,5,4,30,7,0,0,0,3.1,0.0000,0.0000
1998,6,5,5,0,7,0,0,0,3.1,0.0000,0.0000
1998,6,5,5,30,7.4,12,0,12,3.3000000000000003,0.0000,0.0000
1998,6,5,6,0,7.7,38,0,38,3.5,1.8113,1.3808
1998,6,5,6,30,8.3,60,0,60,3.6,2.9491,2.2687
1998,6,5,7,0,8.9,139,4,141,3.7,7.2817,5.6456
1998,6,5,7,30,9.700000000000001,142,1,142,3.7,7.6553,5.9656
1998,6,5,8,0,10.600000000000001,179,1,180,3.7,10.0385,7.8488
1998,6,5,8,30,11.4,179,0,179,3.7,10.2471,8.0298
1998,6,5,9,0,12.200000000000001,183,0,183,3.7,10.6889,8.3891
1998,6,5,9,30,12.9,289,2,291,3.7,17.2620,13.5630
1998,6,5,10,0,13.700000000000001,450,201,613,3.6,36.7951,28.9334
1998,6,5,10,30,14.200000000000001,472,243,681,3.6,41.2404,32.4474
1998,6,5,11,0,14.8,455,84,530,3.5,32.3024,25.4253
1998,6,5,11,30,15.200000000000001,509,236,728,3.4000000000000004,44.5618,35.0839
1998,6,5,12,0,15.700000000000001,460,32,490,3.3000000000000003,30.0660,23.6746
1998,6,5,12,30,16,316,1,317,3.2,19.4633,15.3264
1998,6,5,13,0,16.2,515,232,732,3.1,44.8935,35.3492
1998,6,5,13,30,16.3,503,205,691,3.1,42.2564,33.2669
1998,6,5,14,0,16.400000000000002,379,4,383,3.1,23.3081,18.3442
1998,6,5,14,30,16.400000000000002,312,1,313,3.1,18.9146,14.8797
1998,6,5,15,0,16.3,439,184,585,3,35.0139,27.5275
1998,6,5,15,30,16.2,390,255,577,3,34.0996,26.7854
1998,6,5,16,0,16,322,42,350,2.9000000000000004,20.3442,15.9612
1998,6,5,16,30,15.8,150,0,150,2.8000000000000003,8.5329,6.6831
1998,6,5,17,0,15.600000000000001,148,0,149,2.7,8.2417,6.4390
1998,6,5,17,30,15.100000000000001,129,1,129,2.3000000000000003,6.8817,5.3566
1998,6,5,18,0,14.600000000000001,101,1,101,1.8,5.1492,3.9852
1998,6,5,18,30,13.600000000000001,63,0,63,1.4000000000000001,3.0592,2.3474
1998,6,5,19,0,12.600000000000001,68,3,68,0.9,0.0000,0.0000
1998,6,5,19,30,12.100000000000001,31,5,31,1,0.0000,0.0000
1998,6,5,20,0,11.600000000000001,0,0,0,1,0.0000,0.0000
1998,6,5,20,30,11.100000000000001,0,0,0,1.1,0.0000,0.0000
1998,6,5,21,0,10.700000000000001,0,0,0,1.1,0.0000,0.0000
1998,6,5,21,30,10.200000000000001,0,0,0,1.2000000000000002,0.0000,0.0000
1998,6,5,22,0,9.700000000000001,0,0,0,1.3,0.0000,0.0000
1998,6,5,22,30,9.4,0,0,0,1.3,0.0000,0.0000
1998,6,5,23,0,9,0,0,0,1.4000000000000001,0.0000,0.0000
1998,6,5,23,30,8.8,0,0,0,1.4000000000000001,0.0000,0.0000
1998,6,6,0,0,8.5,0,0,0,1.4000000000000001,0.0000,0.0000
1998,6,6,0,30,8.3,0,0,0,1.4000000000000001,0.0000,0.0000
1998,6,6,1,0,8.1,0,0,0,1.3,0.0000,0.0000
1998,6,6,1,30,7.800000000000001,0,0,0,1.3,0.0000,0.0000
1998,6,6,2,0,7.6000000000000005,0,0,0,1.2000000000000002,0.0000,0.0000
1998,6,6,2,30,7.4,0,0,0,1.2000000000000002,0.0000,0.0000
1998,6,6,3,0,7.2,0,0,0,1.1,0.0000,0.0000
1998,6,6,3,30,7.1000000000000005,0,0,0,1.1,0.0000,0.0000
1998,6,6,4,0,6.9,0,0,0,1,0.0000,0.0000
1998,6,6,4,30,7.2,0,0,0,1,0.0000,0.0000
1998,6,6,5,0,7.5,0,0,0,1,0.0000,0.0000
1998,6,6,5,30,8.8,28,337,59,1.5,0.0000,0.0000
1998,6,6,6,0,10.100000000000001,44,509,135,2.1,6.4346,4.9055
1998,6,6,6,30,11.5,134,15,138,2.2,6.7849,5.2198
1998,6,6,7,0,12.8,168,13,173,2.3000000000000003,8.9366,6.9289
1998,6,6,7,30,14,220,269,340,2.6,18.3333,14.2870
1998,6,6,8,0,15.100000000000001,81,815,514,2.8000000000000003,28.6701,22.4166
1998,6,6,8,30,15.8,86,850,606,3,34.6955,27.1885
1998,6,6,9,0,16.5,90,879,693,3.1,40.4815,31.7717
1998,6,6,9,30,17,94,901,771,3.2,45.7389,35.9377
1998,6,6,10,0,17.5,98,917,840,3.3000000000000003,50.4237,39.6502
1998,6,6,10,30,18,100,929,898,3.3000000000000003,54.3850,42.7895
1998,6,6,11,0,18.400000000000002,104,932,941,3.3000000000000003,57.3563,45.1454
1998,6,6,11,30,18.7,106,939,974,3.3000000000000003,59.6240,46.9427
1998,6,6,12,0,19.1,110,937,992,3.3000000000000003,60.8730,47.9330
1998,6,6,12,30,19.3,111,938,997,3.2,61.2192,48.2075
1998,6,6,13,0,19.5,115,930,988,3.2,60.6006,47.7172
1998,6,6,13,30,19.5,114,923,962,3,58.8356,46.3194
1998,6,6,14,0,19.6,115,912,925,2.9000000000000004,56.2999,44.3100
1998,6,6,14,30,19.5,112,901,876,2.7,52.9453,41.6514
1998,6,6,15,0,19.400000000000002,170,744,762,2.4000000000000004,45.6174,35.8643
1998,6,6,15,30,19.3,263,12,272,2.1,16.0789,12.6303
1998,6,6,16,0,19.200000000000003,261,39,287,1.8,16.6873,13.0924
1998,6,6,16,30,18.900000000000002,168,0,168,1.6,9.5606,7.4883
1998,6,6,17,0,18.6,263,248,389,1.4000000000000001,21.5291,16.8211
1998,6,6,17,30,18.1,89,690,382,1.1,20.3919,15.8739
1998,6,6,18,0,17.6,149,9,152,0.9,7.7563,6.0037
1998,6,6,18,30,16.400000000000002,96,2,96,0.8,4.6654,3.5806
1998,6,6,19,0,15.3,31,0,31,0.8,0.0000,0.0000
1998,6,6,19,30,14.200000000000001,26,204,40,0.9,0.0000,0.0000
1998,6,6,20,0,13.100000000000001,0,0,0,1,0.0000,0.0000
1998,6,6,20,30,12.600000000000001,0,0,0,1,0.0000,0.0000
1998,6,6,21,0,12,0,0,0,1.1,0.0000,0.0000
1998,6,6,21,30,11.5,0,0,0,1.1,0.0000,0.0000
1998,6,6,22,0,11,0,0,0,1.1,0.0000,0.0000
1998,6,6,22,30,10.600000000000001,0,0,0,1.1,0.0000,0.0000
1998,6,6,23,0,10.3,0,0,0,1.1,0.0000,0.0000
1998,6,6,23,30,9.9,0,0,0,1.1,0.0000,0.0000
1998,6,7,0,0,9.600000000000001,0,0,0,1.1,0.0000,0.0000
1998,6,7,0,30,9.3,0,0,0,1.1,0.0000,0.0000
1998,6,7,1,0,9.1,0,0,0,1,0.0000,0.0000
1998,6,7,1,30,8.9,0,0,0,1,0.0000,0.0000
1998,6,7,2,0,8.700000000000001,0,0,0,1,0.0000,0.0000
1998,6,7,2,30,8.5,0,0,0,1,0.0000,0.0000
1998,6,7,3,0,8.3,0,0,0,1,0.0000,0.0000
1998,6,7,3,30,8.200000000000001,0,0,0,1,0.0000,0.0000
1998,6,7,4,0,8,0,0,0,1,0.0000,0.0000
1998,6,7,4,30,8.3,0,0,0,1,0.0000,0.0000
1998,6,7,5,0,8.700000000000001,0,0,0,1,0.0000,0.0000
1998,6,7,5,30,9.700000000000001,23,0,23,1.6,0.0000,0.0000
1998,6,7,6,0,10.700000000000001,73,15,76,2.1,3.6224,2.7617
1998,6,7,6,30,11.4,63,0,63,2.1,3.0983,2.3837
1998,6,7,7,0,12,103,0,103,2,5.3220,4.1265
1998,6,7,7,30,13.200000000000001,106,0,106,2,5.7169,4.4552
1998,6,7,8,0,14.3,144,0,144,2,8.0329,6.2809
1998,6,7,8,30,14.8,144,0,144,1.8,8.2452,6.4612
1998,6,7,9,0,15.200000000000001,173,2,174,1.7000000000000002,10.1651,7.9781
1998,6,7,9,30,15.4,153,1,154,1.7000000000000002,9.1366,7.1788
1998,6,7,10,0,15.600000000000001,216,3,218,1.7000000000000002,13.0869,10.2908
1998,6,7,10,30,16,240,2,243,1.9000000000000001,14.7176,11.5797
1998,6,7,11,0,16.3,324,5,329,2.1,20.0546,15.7851
1998,6,7,11,30,16.8,208,0,208,2.5,12.7338,10.0255
1998,6,7,12,0,17.3,114,0,114,2.9000000000000004,6.9960,5.5088
1998,6,7,12,30,17.900000000000002,149,0,149,3.3000000000000003,9.1499,7.2052
1998,6,7,13,0,18.5,262,1,263,3.7,16.1330,12.7033
1998,6,7,13,30,19,103,0,103,3.9000000000000004,6.3001,4.9599
1998,6,7,14,0,19.6,191,1,192,4.1000000000000005,11.6877,9.1987
1998,6,7,14,30,19.700000000000003,325,486,737,4.2,44.5515,35.0485
1998,6,7,15,0,19.900000000000002,266,598,742,4.2,44.4293,34.9307
1998,6,7,15,30,19.700000000000003,163,739,707,4.2,41.8033,32.8378
1998,6,7,16,0,19.5,252,522,601,4.2,34.9552,27.4255
1998,6,7,16,30,19,143,679,546,4.3,31.0843,24.3473
1998,6,7,17,0,18.5,133,628,454,4.3,25.1394,19.6428
1998,6,7,17,30,17.8,120,567,361,4.3,19.2850,15.0135
1998,6,7,18,0,17,105,483,268,4.3,13.6867,10.5952
1998,6,7,18,30,16.400000000000002,85,384,180,4.5,8.7541,6.7198
1998,6,7,19,0,15.700000000000001,81,23,85,4.7,0.0000,0.0000
1998,6,7,19,30,15.200000000000001,17,0,17,4.9,0.0000,0.0000
1998,6,7,20,0,14.700000000000001,0,0,0,5.1000000000000005,0.0000,0.0000
1998,6,7,20,30,14.4,0,0,0,4.9,0.0000,0.0000
1998,6,7,21,0,14.100000000000001,0,0,0,4.800000000000001,0.0000,0.0000
1998,6,7,21,30,13.8,0,0,0,4.800000000000001,0.0000,0.0000
1998,6,7,22,0,13.600000000000001,0,0,0,4.800000000000001,0.0000,0.0000
1998,6,7,22,30,13.5,0,0,0,5,0.0000,0.0000
1998,6,7,23,0,13.3,0,0,0,5.2,0.0000,0.0000
1998,6,7,23,30,13.200000000000001,0,0,0,5.4,0.0000,0.0000
1998,6,8,0,0,13,0,0,0,5.5,0.0000,0.0000
1998,6,8,0,30,12.8,0,0,0,5.4,0.0000,0.0000
1998,6,8,1,0,12.600000000000001,0,0,0,5.2,0.0000,0.0000
1998,6,8,1,30,12.600000000000001,0,0,0,5.7,0.0000,0.0000
1998,6,8,2,0,12.600000000000001,0,0,0,6.1000000000000005,0.0000,0.0000
1998,6,8,2,30,12.600000000000001,0,0,0,6,0.0000,0.0000
1998,6,8,3,0,12.5,0,0,0,5.9,0.0000,0.0000
1998,6,8,3,30,12.5,0,0,0,5.5,0.0000,0.0000
1998,6,8,4,0,12.600000000000001,0,0,0,5,0.0000,0.0000
1998,6,8,4,30,12.600000000000001,0,0,0,4.9,0.0000,0.0000
1998,6,8,5,0,12.600000000000001,0,0,0,4.7,0.0000,0.0000
1998,6,8,5,30,12.9,8,0,8,4.800000000000001,0.0000,0.0000
1998,6,8,6,0,13.100000000000001,15,0,15,4.9,0.7149,0.5451
1998,6,8,6,30,13.4,65,2,66,5,3.2467,2.4980
1998,6,8,7,0,13.700000000000001,138,9,141,5.1000000000000005,7.2867,5.6500
1998,6,8,7,30,14.100000000000001,131,5,134,5.5,7.2280,5.6329
1998,6,8,8,0,14.4,22,0,22,5.800000000000001,1.2274,0.9597
1998,6,8,8,30,14.8,136,0,136,6,7.7877,6.1028
1998,6,8,9,0,15.100000000000001,177,0,177,6.300000000000001,10.3411,8.1162
1998,6,8,9,30,15.600000000000001,45,0,45,6.300000000000001,2.6699,2.0978
1998,6,8,10,0,16,161,0,161,6.4,9.6657,7.6006
1998,6,8,10,30,16.5,180,0,180,6.4,10.9026,8.5781
1998,6,8,11,0,17,156,0,156,6.300000000000001,9.5096,7.4851
1998,6,8,11,30,17.5,135,0,136,6.4,8.3263,6.5555
1998,6,8,12,0,18,147,0,147,6.5,9.0218,7.1040
1998,6,8,12,30,18.2,163,0,163,6.6000000000000005,10.0103,7.8828
1998,6,8,13,0,18.400000000000002,160,0,160,6.7,9.8156,7.7290
1998,6,8,13,30,18.6,143,0,143,6.7,8.7477,6.8869
1998,6,8,14,0,18.7,160,1,160,6.7,9.7409,7.6666
1998,6,8,14,30,18.7,413,51,457,6.300000000000001,27.6300,21.7367
1998,6,8,15,0,18.7,122,0,122,5.800000000000001,7.3064,5.7445
1998,6,8,15,30,18.5,116,0,116,5.4,6.8604,5.3892
1998,6,8,16,0,18.400000000000002,112,0,113,5,6.5743,5.1582
1998,6,8,16,30,18.1,48,0,48,4.9,2.7338,2.1413
1998,6,8,17,0,17.7,57,0,57,4.7,3.1577,2.4674
1998,6,8,17,30,17.2,236,92,276,4.800000000000001,14.7529,11.4859
1998,6,8,18,0,16.6,112,1,112,4.9,5.7244,4.4320
1998,6,8,18,30,16,70,0,70,5.1000000000000005,3.4069,2.6156
1998,6,8,19,0,15.5,66,154,91,5.300000000000001,0.0000,0.0000
1998,6,8,19,30,15.100000000000001,16,0,16,5.1000000000000005,0.0000,0.0000
1998,6,8,20,0,14.600000000000001,0,0,0,5,0.0000,0.0000
1998,6,8,20,30,14.4,0,0,0,4.1000000000000005,0.0000,0.0000
1998,6,8,21,0,14.200000000000001,0,0,0,3.2,0.0000,0.0000
1998,6,8,21,30,14.200000000000001,0,0,0,2.9000000000000004,0.0000,0.0000
1998,6,8,22,0,14.100000000000001,0,0,0,2.7,0.0000,0.0000
1998,6,8,22,30,14,0,0,0,2.3000000000000003,0.0000,0.0000
1998,6,8,23,0,13.9,0,0,0,1.9000000000000001,0.0000,0.0000
1998,6,8,23,30,13.700000000000001,0,0,0,2,0.0000,0.0000
1998,6,9,0,0,13.5,0,0,0,2.1,0.0000,0.0000
1998,6,9,0,30,13.200000000000001,0,0,0,2.6,0.0000,0.0000
1998,6,9,1,0,12.9,0,0,0,3,0.0000,0.0000
1998,6,9,1,30,12.5,0,0,0,3.4000000000000004,0.0000,0.0000
1998,6,9,2,0,12.100000000000001,0,0,0,3.8000000000000003,0.0000,0.0000
1998,6,9,2,30,11.9,0,0,0,3.7,0.0000,0.0000
1998,6,9,3,0,11.700000000000001,0,0,0,3.6,0.0000,0.0000
1998,6,9,3,30,11.5,0,0,0,3.5,0.0000,0.0000
1998,6,9,4,0,11.4,0,0,0,3.3000000000000003,0.0000,0.0000
1998,6,9,4,30,11.4,0,0,0,3.3000000000000003,0.0000,0.0000
1998,6,9,5,0,11.5,0,0,0,3.2,0.0000,0.0000
1998,6,9,5,30,12,31,263,55,3.3000000000000003,0.0000,0.0000
1998,6,9,6,0,12.4,50,439,129,3.4000000000000004,6.1485,4.6878
1998,6,9,6,30,13.200000000000001,28,0,28,3.4000000000000004,1.3776,1.0600
1998,6,9,7,0,14,66,0,66,3.4000000000000004,3.4111,2.6450
1998,6,9,7,30,14.8,76,0,76,3.3000000000000003,4.0997,3.1950
1998,6,9,8,0,15.600000000000001,143,0,144,3.2,8.0346,6.2823
1998,6,9,8,30,16.2,200,1,201,3.1,11.5107,9.0203
1998,6,9,9,0,16.8,165,0,165,3.1,9.6403,7.5662
1998,6,9,9,30,17.3,250,1,251,3.1,14.8929,11.7017
1998,6,9,10,0,17.7,425,119,522,3.1,31.3396,24.6438
1998,6,9,10,30,18.1,469,171,616,3.1,37.3122,29.3571
1998,6,9,11,0,18.6,340,2,342,3.1,20.8491,16.4106
1998,6,9,11,30,19.1,316,1,317,3.1,19.4089,15.2810
1998,6,9,12,0,19.700000000000003,441,16,456,3.1,27.9876,22.0384
1998,6,9,12,30,20.200000000000003,436,12,448,3.1,27.5151,21.6673
1998,6,9,13,0,20.700000000000003,470,65,531,3.1,32.5782,25.6527
1998,6,9,13,30,20.900000000000002,307,1,308,3.1,18.8432,14.8349
1998,6,9,14,0,21.1,478,166,625,3.1,38.0548,29.9512
1998,6,9,14,30,21.200000000000003,95,921,877,3,53.0308,41.7200
1998,6,9,15,0,21.3,427,130,531,3,31.8062,25.0069
1998,6,9,15,30,21.3,381,96,451,2.9000000000000004,26.6784,20.9574
1998,6,9,16,0,21.200000000000003,241,1,242,2.8000000000000003,14.0836,11.0504
1998,6,9,16,30,21,323,178,428,2.6,24.3844,19.1007
1998,6,9,17,0,20.8,278,155,357,2.4000000000000004,19.7871,15.4622
1998,6,9,17,30,20.3,232,119,283,1.9000000000000001,15.1370,11.7858
1998,6,9,18,0,19.8,65,669,293,1.5,14.9863,11.6039
1998,6,9,18,30,18.8,55,580,200,1.2000000000000002,9.7415,7.4801
1998,6,9,19,0,17.8,42,444,114,0.8,0.0000,0.0000
1998,6,9,19,30,17.1,25,250,43,0.8,0.0000,0.0000
1998,6,9,20,0,16.400000000000002,0,0,0,0.8,0.0000,0.0000
1998,6,9,20,30,15.700000000000001,0,0,0,0.9,0.0000,0.0000
1998,6,9,21,0,15,0,0,0,0.9,0.0000,0.0000
1998,6,9,21,30,14.3,0,0,0,1,0.0000,0.0000
1998,6,9,22,0,13.600000000000001,0,0,0,1,0.0000,0.0000
1998,6,9,22,30,13.200000000000001,0,0,0,1.1,0.0000,0.0000
1998,6,9,23,0,12.9,0,0,0,1.2000000000000002,0.0000,0.0000
1998,6,9,23,30,12.600000000000001,0,0,0,1.3,0.0000,0.0000
1998,6,10,0,0,12.3,0,0,0,1.4000000000000001,0.0000,0.0000
1998,6,10,0,30,12.100000000000001,0,0,0,1.5,0.0000,0.0000
1998,6,10,1,0,11.9,0,0,0,1.6,0.0000,0.0000
1998,6,10,1,30,11.700000000000001,0,0,0,1.7000000000000002,0.0000,0.0000
1998,6,10,2,0,11.4,0,0,0,1.7000000000000002,0.0000,0.0000
1998,6,10,2,30,11.4,0,0,0,1.7000000000000002,0.0000,0.0000
1998,6,10,3,0,11.4,0,0,0,1.7000000000000002,0.0000,0.0000
1998,6,10,3,30,11.4,0,0,0,1.6,0.0000,0.0000
1998,6,10,4,0,11.4,0,0,0,1.5,0.0000,0.0000
1998,6,10,4,30,11.700000000000001,0,0,0,1.8,0.0000,0.0000
1998,6,10,5,0,12.100000000000001,0,0,0,2,0.0000,0.0000
1998,6,10,5,30,13,39,5,40,2.3000000000000003,0.0000,0.0000
1998,6,10,6,0,13.9,51,422,127,2.6,6.0532,4.6153
1998,6,10,6,30,15.200000000000001,66,545,213,2.8000000000000003,10.4808,8.0645
1998,6,10,7,0,16.5,149,18,155,3.1,8.0123,6.2128
1998,6,10,7,30,17.7,128,6,130,3.3000000000000003,7.0132,5.4656
1998,6,10,8,0,19,199,23,211,3.5,11.7730,9.2053
1998,6,10,8,30,20,198,11,205,3.7,11.7398,9.1998
1998,6,10,9,0,21,303,44,334,3.9000000000000004,19.5149,15.3164
1998,6,10,9,30,21.6,331,58,375,4.1000000000000005,22.2509,17.4831
1998,6,10,10,0,22.200000000000003,240,610,735,4.2,44.1293,34.7011
1998,6,10,10,30,22.400000000000002,139,833,855,4.3,51.7912,40.7493
1998,6,10,11,0,22.5,151,827,895,4.3,54.5633,42.9475
1998,6,10,11,30,22.700000000000003,153,834,926,4.4,56.6983,44.6398
1998,6,10,12,0,22.900000000000002,239,663,864,4.4,53.0318,41.7593
1998,6,10,12,30,23.200000000000003,244,680,888,4.4,54.5425,42.9506
1998,6,10,13,0,23.5,378,536,882,4.4,54.1173,42.6131
1998,6,10,13,30,23.700000000000003,290,596,839,4.3,51.3335,40.4142
1998,6,10,14,0,24,170,795,879,4.3,53.5265,42.1285
1998,6,10,14,30,24.1,166,782,831,4.2,50.2558,39.5371
1998,6,10,15,0,24.1,448,225,628,4.1000000000000005,37.6233,29.5808
1998,6,10,15,30,23.900000000000002,289,421,600,3.9000000000000004,35.5007,27.8883
1998,6,10,16,0,23.700000000000003,381,201,516,3.8000000000000003,30.0375,23.5687
1998,6,10,16,30,23.400000000000002,345,138,427,3.5,24.3368,19.0640
1998,6,10,17,0,23.1,298,103,351,3.3000000000000003,19.4633,15.2098
1998,6,10,17,30,22.700000000000003,247,94,287,3.1,15.3598,11.9601
1998,6,10,18,0,22.400000000000002,126,389,259,3,13.2580,10.2668
1998,6,10,18,30,21.900000000000002,99,294,174,2.7,8.4808,6.5131
1998,6,10,19,0,21.400000000000002,78,6,79,2.4000000000000004,0.0000,0.0000
1998,6,10,19,30,20.700000000000003,22,0,22,2.2,0.0000,0.0000
1998,6,10,20,0,20.1,0,0,0,2,0.0000,0.0000
1998,6,10,20,30,20.1,0,0,0,2.1,0.0000,0.0000
1998,6,10,21,0,20,0,0,0,2.2,0.0000,0.0000
1998,6,10,21,30,20,0,0,0,2.2,0.0000,0.0000
1998,6,10,22,0,19.900000000000002,0,0,0,2.2,0.0000,0.0000
1998,6,10,22,30,19.900000000000002,0,0,0,2.3000000000000003,0.0000,0.0000
1998,6,10,23,0,19.900000000000002,0,0,0,2.5,0.0000,0.0000
1998,6,10,23,30,19.8,0,0,0,2.5,0.0000,0.0000
1998,6,11,0,0,19.8,0,0,0,2.6,0.0000,0.0000
1998,6,11,0,30,19.700000000000003,0,0,0,2.6,0.0000,0.0000
1998,6,11,1,0,19.6,0,0,0,2.5,0.0000,0.0000
1998,6,11,1,30,19.5,0,0,0,2.7,0.0000,0.0000
1998,6,11,2,0,19.3,0,0,0,2.8000000000000003,0.0000,0.0000
1998,6,11,2,30,19.200000000000003,0,0,0,2.9000000000000004,0.0000,0.0000
1998,6,11,3,0,19,0,0,0,3,0.0000,0.0000
1998,6,11,3,30,18.8,0,0,0,2.9000000000000004,0.0000,0.0000
1998,6,11,4,0,18.5,0,0,0,2.8000000000000003,0.0000,0.0000
1998,6,11,4,30,18.3,0,0,0,2.6,0.0000,0.0000
1998,6,11,5,0,18.1,0,0,0,2.4000000000000004,0.0000,0.0000
1998,6,11,5,30,18.3,15,0,15,2.5,0.0000,0.0000
1998,6,11,6,0,18.5,33,0,33,2.5,1.5729,1.1993
1998,6,11,6,30,18.900000000000002,133,64,150,2.5,7.3815,5.6798
1998,6,11,7,0,19.400000000000002,15,0,15,2.4000000000000004,0.7754,0.6012
1998,6,11,7,30,20.1,94,3,95,2.3000000000000003,5.1254,3.9944
1998,6,11,8,0,20.8,120,3,122,2.2,6.8075,5.3228
1998,6,11,8,30,21.200000000000003,123,0,123,2.1,7.0442,5.5202
1998,6,11,9,0,21.700000000000003,209,6,214,2.1,12.5039,9.8138
1998,6,11,9,30,22,231,6,236,1.9000000000000001,14.0036,11.0030
1998,6,11,10,0,22.400000000000002,234,6,239,1.7000000000000002,14.3498,11.2840
1998,6,11,10,30,22.8,409,31,435,1.7000000000000002,26.3503,20.7324
1998,6,11,11,0,23.3,392,53,440,1.6,26.8254,21.1147
1998,6,11,11,30,23.900000000000002,329,492,785,2.2,48.0669,37.8442
1998,6,11,12,0,24.5,496,165,652,2.8000000000000003,40.0215,31.5145
1998,6,11,12,30,24.700000000000003,132,879,965,3.3000000000000003,59.2754,46.6778
1998,6,11,13,0,25,135,872,955,3.9000000000000004,58.6005,46.1435
1998,6,11,13,30,25.1,134,869,935,4.1000000000000005,57.2126,45.0430
1998,6,11,14,0,25.1,135,856,899,4.3,54.7507,43.0924
1998,6,11,14,30,25.200000000000003,132,844,851,4.3,51.4719,40.4942
1998,6,11,15,0,25.200000000000003,126,835,794,4.2,47.5760,37.4065
1998,6,11,15,30,25.3,121,815,725,4,42.9045,33.7049
1998,6,11,16,0,25.400000000000002,109,804,650,3.7,37.8480,29.6978
1998,6,11,16,30,25.3,103,774,565,3.2,32.2118,25.2334
1998,6,11,17,0,25.200000000000003,93,743,476,2.7,26.4065,20.6364
1998,6,11,17,30,24.5,85,691,383,2.2,20.5095,15.9710
1998,6,11,18,0,23.900000000000002,73,633,290,1.7000000000000002,14.8542,11.5038
1998,6,11,18,30,22.5,61,542,198,1.5,9.6572,7.4175
1998,6,11,19,0,21.200000000000003,77,48,85,1.3,0.0000,0.0000
1998,6,11,19,30,20.200000000000003,25,1,26,1.5,0.0000,0.0000
1998,6,11,20,0,19.3,0,0,0,1.7000000000000002,0.0000,0.0000
1998,6,11,20,30,18.8,0,0,0,2,0.0000,0.0000
1998,6,11,21,0,18.400000000000002,0,0,0,2.3000000000000003,0.0000,0.0000
1998,6,11,21,30,17.8,0,0,0,2.4000000000000004,0.0000,0.0000
1998,6,11,22,0,17.3,0,0,0,2.5,0.0000,0.0000
1998,6,11,22,30,16.8,0,0,0,2.4000000000000004,0.0000,0.0000
1998,6,11,23,0,16.3,0,0,0,2.3000000000000003,0.0000,0.0000
1998,6,11,23,30,15.9,0,0,0,2.3000000000000003,0.0000,0.0000
1998,6,12,0,0,15.5,0,0,0,2.3000000000000003,0.0000,0.0000
1998,6,12,0,30,15.100000000000001,0,0,0,2.5,0.0000,0.0000
1998,6,12,1,0,14.8,0,0,0,2.6,0.0000,0.0000
1998,6,12,1,30,14.5,0,0,0,2.9000000000000004,0.0000,0.0000
1998,6,12,2,0,14.100000000000001,0,0,0,3.1,0.0000,0.0000
1998,6,12,2,30,13.8,0,0,0,3.1,0.0000,0.0000
1998,6,12,3,0,13.4,0,0,0,3.2,0.0000,0.0000
1998,6,12,3,30,13.3,0,0,0,3.2,0.0000,0.0000
1998,6,12,4,0,13.200000000000001,0,0,0,3.2,0.0000,0.0000
1998,6,12,4,30,13.3,0,0,0,3.2,0.0000,0.0000
1998,6,12,5,0,13.5,0,0,0,3.3000000000000003,0.0000,0.0000
1998,6,12,5,30,14.100000000000001,41,9,42,3.3000000000000003,0.0000,0.0000
1998,6,12,6,0,14.600000000000001,86,10,88,3.4000000000000004,4.1943,3.1981
1998,6,12,6,30,15.700000000000001,104,3,104,3.5,5.1183,3.9384
1998,6,12,7,0,16.8,70,677,314,3.6,16.2328,12.5873
1998,6,12,7,30,18.1,183,363,345,4,18.6132,14.5060
1998,6,12,8,0,19.3,219,342,401,4.4,22.3754,17.4955
1998,6,12,8,30,20.200000000000003,170,603,539,4.6000000000000005,30.8684,24.1899
1998,6,12,9,0,21,361,249,533,4.800000000000001,31.1430,24.4429
1998,6,12,9,30,21.700000000000003,299,537,703,4.9,41.7141,32.7759
1998,6,12,10,0,22.400000000000002,93,909,831,4.9,49.8941,39.2343
1998,6,12,10,30,22.900000000000002,96,922,888,5,53.7918,42.3235
1998,6,12,11,0,23.400000000000002,94,939,938,5,57.1882,45.0138
1998,6,12,11,30,23.8,95,945,970,5.1000000000000005,59.3971,46.7649
1998,6,12,12,0,24.200000000000003,94,951,991,5.2,60.8328,47.9023
1998,6,12,12,30,24.400000000000002,94,952,996,5.4,61.1831,48.1802
1998,6,12,13,0,24.6,93,951,988,5.5,60.6297,47.7415
1998,6,12,13,30,24.700000000000003,92,947,966,5.6000000000000005,59.1143,46.5405
1998,6,12,14,0,24.8,90,942,931,5.7,56.7047,44.6305
1998,6,12,14,30,24.8,414,368,727,5.7,43.9776,34.5985
1998,6,12,15,0,24.700000000000003,437,203,599,5.7,35.8976,28.2246
1998,6,12,15,30,24.6,369,318,605,5.5,35.8104,28.1324
1998,6,12,16,0,24.400000000000002,312,372,563,5.4,32.7898,25.7292
1998,6,12,16,30,24,76,853,587,4.9,33.4775,26.2257
1998,6,12,17,0,23.6,256,258,389,4.5,21.5885,16.8718
1998,6,12,17,30,22.700000000000003,64,775,399,3.8000000000000003,21.3771,16.6475
1998,6,12,18,0,21.900000000000002,57,717,304,3.2,15.5824,12.0690
1998,6,12,18,30,20.400000000000002,49,634,210,2.6,10.2486,7.8728
1998,6,12,19,0,19,37,518,123,2.1,0.0000,0.0000
1998,6,12,19,30,17.900000000000002,23,337,50,2,0.0000,0.0000
1998,6,12,20,0,16.900000000000002,0,0,0,1.9000000000000001,0.0000,0.0000
1998,6,12,20,30,16.400000000000002,0,0,0,1.8,0.0000,0.0000
1998,6,12,21,0,15.9,0,0,0,1.7000000000000002,0.0000,0.0000
1998,6,12,21,30,15.4,0,0,0,1.5,0.0000,0.0000
1998,6,12,22,0,15,0,0,0,1.4000000000000001,0.0000,0.0000
1998,6,12,22,30,14.600000000000001,0,0,0,1.3,0.0000,0.0000
1998,6,12,23,0,14.200000000000001,0,0,0,1.2000000000000002,0.0000,0.0000
1998,6,12,23,30,14,0,0,0,1.2000000000000002,0.0000,0.0000
1998,6,13,0,0,13.8,0,0,0,1.1,0.0000,0.0000
1998,6,13,0,30,13.700000000000001,0,0,0,1.1,0.0000,0.0000
1998,6,13,1,0,13.700000000000001,0,0,0,1.1,0.0000,0.0000
1998,6,13,1,30,13.8,0,0,0,1.1,0.0000,0.0000
1998,6,13,2,0,13.9,0,0,0,1,0.0000,0.0000
1998,6,13,2,30,13.9,0,0,0,0.9,0.0000,0.0000
1998,6,13,3,0,13.9,0,0,0,0.8,0.0000,0.0000
1998,6,13,3,30,14.100000000000001,0,0,0,0.7000000000000001,0.0000,0.0000
1998,6,13,4,0,14.200000000000001,0,0,0,0.6000000000000001,0.0000,0.0000
1998,6,13,4,30,14.3,0,0,0,0.5,0.0000,0.0000
1998,6,13,5,0,14.4,0,0,0,0.4,0.0000,0.0000
1998,6,13,5,30,15.3,26,376,62,0.5,0.0000,0.0000
1998,6,13,6,0,16.3,41,544,139,0.6000000000000001,6.6251,5.0515
1998,6,13,6,30,17,51,657,229,0.8,11.2702,8.6721
1998,6,13,7,0,17.8,61,727,323,1,16.6980,12.9480
1998,6,13,7,30,19.400000000000002,68,785,419,1.4000000000000001,22.6056,17.6174
1998,6,13,8,0,20.900000000000002,76,818,512,1.8,28.5691,22.3384
1998,6,13,8,30,22.1,81,847,600,2.1,34.3618,26.9276
1998,6,13,9,0,23.200000000000003,90,864,682,2.4000000000000004,39.8477,31.2748
1998,6,13,9,30,23.8,93,883,758,2.7,44.9777,35.3401
1998,6,13,10,0,24.400000000000002,100,892,823,3,49.4148,38.8574
1998,6,13,10,30,24.900000000000002,103,903,879,3.2,53.2475,41.8952
1998,6,13,11,0,25.400000000000002,107,906,922,3.4000000000000004,56.2134,44.2466
1998,6,13,11,30,25.8,109,912,955,3.6,58.4798,46.0427
1998,6,13,12,0,26.1,112,911,971,3.7,59.6071,46.9373
1998,6,13,12,30,26.3,112,912,977,3.9000000000000004,60.0184,47.2631
1998,6,13,13,0,26.5,467,89,551,4.1000000000000005,33.8148,26.6268
1998,6,13,13,30,26.700000000000003,345,435,747,4.3,45.7159,35.9921
1998,6,13,14,0,26.8,110,896,911,4.5,55.4922,43.6764
1998,6,13,14,30,26.8,108,886,863,4.6000000000000005,52.2103,41.0757
1998,6,13,15,0,26.700000000000003,262,509,670,4.7,40.1582,31.5749
1998,6,13,15,30,26.5,103,847,731,4.7,43.2763,33.9979
1998,6,13,16,0,26.200000000000003,104,809,650,4.7,37.8655,29.7125
1998,6,13,16,30,25.6,98,778,565,4.4,32.2324,25.2509
1998,6,13,17,0,25,247,292,399,4.1000000000000005,22.1520,17.3129
1998,6,13,17,30,24.200000000000003,142,510,363,4.4,19.4595,15.1551
1998,6,13,18,0,23.400000000000002,167,62,188,4.7,9.6425,7.4690
1998,6,13,18,30,22.3,116,29,124,3.9000000000000004,6.0557,4.6526
1998,6,13,19,0,21.1,53,2,53,3.1,0.0000,0.0000
1998,6,13,19,30,20.8,16,0,16,4.3,0.0000,0.0000
1998,6,13,20,0,20.400000000000002,0,0,0,5.4,0.0000,0.0000
1998,6,13,20,30,19.900000000000002,0,0,0,5.2,0.0000,0.0000
1998,6,13,21,0,19.400000000000002,0,0,0,4.9,0.0000,0.0000
1998,6,13,21,30,19,0,0,0,4.7,0.0000,0.0000
1998,6,13,22,0,18.6,0,0,0,4.4,0.0000,0.0000
1998,6,13,22,30,18.2,0,0,0,4.2,0.0000,0.0000
1998,6,13,23,0,17.900000000000002,0,0,0,4.1000000000000005,0.0000,0.0000
1998,6,13,23,30,17.7,0,0,0,4,0.0000,0.0000
1998,6,14,0,0,17.400000000000002,0,0,0,3.9000000000000004,0.0000,0.0000
1998,6,14,0,30,17.2,0,0,0,3.9000000000000004,0.0000,0.0000
1998,6,14,1,0,17.1,0,0,0,3.8000000000000003,0.0000,0.0000
1998,6,14,1,30,16.900000000000002,0,0,0,3.8000000000000003,0.0000,0.0000
1998,6,14,2,0,16.8,0,0,0,3.8000000000000003,0.0000,0.0000
1998,6,14,2,30,16.7,0,0,0,3.6,0.0000,0.0000
1998,6,14,3,0,16.7,0,0,0,3.3000000000000003,0.0000,0.0000
1998,6,14,3,30,16.6,0,0,0,3,0.0000,0.0000
1998,6,14,4,0,16.5,0,0,0,2.8000000000000003,0.0000,0.0000
1998,6,14,4,30,16.5,0,0,0,2.6,0.0000,0.0000
1998,6,14,5,0,16.5,0,0,0,2.4000000000000004,0.0000,0.0000
1998,6,14,5,30,16.7,10,0,10,2.9000000000000004,0.0000,0.0000
1998,6,14,6,0,16.900000000000002,13,0,13,3.5,0.6196,0.4724
1998,6,14,6,30,17,61,2,61,4.4,3.0018,2.3098
1998,6,14,7,0,17.2,106,5,107,5.4,5.5311,4.2889
1998,6,14,7,30,17.3,129,6,132,6,7.1211,5.5497
1998,6,14,8,0,17.400000000000002,180,11,186,6.6000000000000005,10.3781,8.1147
1998,6,14,8,30,17.5,206,12,213,7,12.1980,9.5589
1998,6,14,9,0,17.7,311,72,360,7.4,21.0340,16.5087
1998,6,14,9,30,18,347,111,430,7.800000000000001,25.5144,20.0473
1998,6,14,10,0,18.2,366,85,434,8.1,26.0578,20.4906
1998,6,14,10,30,18.7,334,394,673,8.3,40.7685,32.0768
1998,6,14,11,0,19.1,394,271,638,8.5,38.8987,30.6179
1998,6,14,11,30,19.400000000000002,434,22,454,8.4,27.8014,21.8888
1998,6,14,12,0,19.700000000000003,269,4,273,8.4,16.7593,13.1971
1998,6,14,12,30,19.6,410,88,494,8.1,30.3485,23.8989
1998,6,14,13,0,19.6,388,75,458,7.9,28.1089,22.1338
1998,6,14,13,30,19.3,431,58,485,7.5,29.6838,23.3702
1998,6,14,14,0,19.1,432,80,503,7.1000000000000005,30.6422,24.1178
1998,6,14,14,30,18.900000000000002,397,99,482,6.7,29.1636,22.9442
1998,6,14,15,0,18.8,354,165,486,6.4,29.1338,22.9070
1998,6,14,15,30,18.7,257,429,576,6.1000000000000005,34.1062,26.7942
1998,6,14,16,0,18.6,252,398,521,5.9,30.3577,23.8216
1998,6,14,16,30,18.400000000000002,262,135,343,5.6000000000000005,19.5735,15.3342
1998,6,14,17,0,18.2,170,22,181,5.300000000000001,10.0528,7.8570
1998,6,14,17,30,17.900000000000002,125,12,130,4.9,6.9720,5.4300
1998,6,14,18,0,17.6,53,1,53,4.6000000000000005,2.7201,2.1071
1998,6,14,18,30,17.2,35,0,35,4.3,1.7102,1.3141
1998,6,14,19,0,16.8,75,51,83,4,0.0000,0.0000
1998,6,14,19,30,16.400000000000002,22,1,22,3.7,0.0000,0.0000
1998,6,14,20,0,16,0,0,0,3.4000000000000004,0.0000,0.0000
1998,6,14,20,30,15.8,0,0,0,3.1,0.0000,0.0000
1998,6,14,21,0,15.5,0,0,0,2.9000000000000004,0.0000,0.0000
1998,6,14,21,30,15.4,0,0,0,2.7,0.0000,0.0000
1998,6,14,22,0,15.200000000000001,0,0,0,2.6,0.0000,0.0000
1998,6,14,22,30,15.100000000000001,0,0,0,2.6,0.0000,0.0000
1998,6,14,23,0,14.9,0,0,0,2.7,0.0000,0.0000
1998,6,14,23,30,14.8,0,0,0,2.8000000000000003,0.0000,0.0000
1998,6,15,0,0,14.700000000000001,0,0,0,2.9000000000000004,0.0000,0.0000
1998,6,15,0,30,14.600000000000001,0,0,0,2.9000000000000004,0.0000,0.0000
1998,6,15,1,0,14.5,0,0,0,2.9000000000000004,0.0000,0.0000
1998,6,15,1,30,14.5,0,0,0,2.9000000000000004,0.0000,0.0000
1998,6,15,2,0,14.5,0,0,0,3,0.0000,0.0000
1998,6,15,2,30,14.600000000000001,0,0,0,3.1,0.0000,0.0000
1998,6,15,3,0,14.700000000000001,0,0,0,3.3000000000000003,0.0000,0.0000
1998,6,15,3,30,14.700000000000001,0,0,0,3.3000000000000003,0.0000,0.0000
1998,6,15,4,0,14.700000000000001,0,0,0,3.2,0.0000,0.0000
1998,6,15,4,30,14.8,0,0,0,3.5,0.0000,0.0000
1998,6,15,5,0,14.9,0,0,0,3.8000000000000003,0.0000,0.0000
1998,6,15,5,30,15.3,31,257,55,4.1000000000000005,0.0000,0.0000
1998,6,15,6,0,15.700000000000001,30,0,30,4.5,1.4299,1.0902
1998,6,15,6,30,16.2,70,4,71,4.7,3.4936,2.6882
1998,6,15,7,0,16.6,139,27,149,4.9,7.7015,5.9718
1998,6,15,7,30,17.1,180,35,195,4.9,10.5191,8.1978
1998,6,15,8,0,17.6,132,5,135,4.9,7.5317,5.8890
1998,6,15,8,30,18.1,183,8,188,4.800000000000001,10.7654,8.4362
1998,6,15,9,0,18.5,291,46,323,4.800000000000001,18.8710,14.8110
1998,6,15,9,30,18.7,346,74,402,4.7,23.8524,18.7414
1998,6,15,10,0,18.900000000000002,379,110,469,4.6000000000000005,28.1587,22.1426
1998,6,15,10,30,19,389,47,429,4.5,25.9877,20.4471
1998,6,15,11,0,19,412,47,454,4.4,27.6806,21.7879
1998,6,15,11,30,19,397,19,414,4.4,25.3524,19.9607
1998,6,15,12,0,19,432,118,543,4.4,33.3350,26.2496
1998,6,15,12,30,18.900000000000002,437,150,579,4.4,35.5716,28.0120
1998,6,15,13,0,18.900000000000002,436,144,572,4.4,35.1072,27.6447
1998,6,15,13,30,18.900000000000002,424,41,462,4.3,28.2779,22.2633
1998,6,15,14,0,18.900000000000002,358,12,369,4.3,22.4808,17.6942
1998,6,15,14,30,19,357,24,377,4.3,22.8131,17.9481
1998,6,15,15,0,19,368,147,486,4.2,29.1373,22.9100
1998,6,15,15,30,19.1,340,107,419,4.2,24.8143,19.4946
1998,6,15,16,0,19.1,230,457,539,4.1000000000000005,31.4137,24.6507
1998,6,15,16,30,19.1,216,458,492,3.9000000000000004,28.0833,22.0015
1998,6,15,17,0,19,215,365,405,3.7,22.5025,17.5881
1998,6,15,17,30,18.7,213,127,268,3.3000000000000003,14.3801,11.2004
1998,6,15,18,0,18.400000000000002,22,486,191,2.9000000000000004,9.8077,7.5982
1998,6,15,18,30,17.400000000000002,74,204,127,2.3000000000000003,6.2092,4.7716
1998,6,15,19,0,16.5,66,41,73,1.8,0.0000,0.0000
1998,6,15,19,30,15.5,25,1,25,1.7000000000000002,0.0000,0.0000
1998,6,15,20,0,14.600000000000001,0,0,0,1.5,0.0000,0.0000
1998,6,15,20,30,14.200000000000001,0,0,0,1.5,0.0000,0.0000
1998,6,15,21,0,13.8,0,0,0,1.4000000000000001,0.0000,0.0000
1998,6,15,21,30,13.4,0,0,0,1.3,0.0000,0.0000
1998,6,15,22,0,13,0,0,0,1.3,0.0000,0.0000
1998,6,15,22,30,12.700000000000001,0,0,0,1.2000000000000002,0.0000,0.0000
1998,6,15,23,0,12.3,0,0,0,1.1,0.0000,0.0000
1998,6,15,23,30,12,0,0,0,1.1,0.0000,0.0000
1998,6,16,0,0,11.8,0,0,0,1.1,0.0000,0.0000
1998,6,16,0,30,11.5,0,0,0,1.1,0.0000,0.0000
1998,6,16,1,0,11.3,0,0,0,1.1,0.0000,0.0000
1998,6,16,1,30,11.100000000000001,0,0,0,1.1,0.0000,0.0000
1998,6,16,2,0,10.8,0,0,0,1.1,0.0000,0.0000
1998,6,16,2,30,10.600000000000001,0,0,0,1.1,0.0000,0.0000
1998,6,16,3,0,10.4,0,0,0,1.1,0.0000,0.0000
1998,6,16,3,30,10.200000000000001,0,0,0,1.1,0.0000,0.0000
1998,6,16,4,0,10.100000000000001,0,0,0,1.1,0.0000,0.0000
1998,6,16,4,30,10.5,0,0,0,1.1,0.0000,0.0000
1998,6,16,5,0,10.9,0,0,0,1,0.0000,0.0000
1998,6,16,5,30,12.5,26,379,62,1.5,0.0000,0.0000
1998,6,16,6,0,14.100000000000001,41,543,139,1.9000000000000001,6.6251,5.0514
1998,6,16,6,30,15.200000000000001,51,656,229,1.7000000000000002,11.2671,8.6693
1998,6,16,7,0,16.400000000000002,62,723,321,1.6,16.5889,12.8628
1998,6,16,7,30,18.1,69,781,418,1.7000000000000002,22.5454,17.5700
1998,6,16,8,0,19.8,77,817,511,1.8,28.5073,22.2896
1998,6,16,8,30,20.8,82,848,601,1.9000000000000001,34.4121,26.9665
1998,6,16,9,0,21.8,87,872,685,2,40.0179,31.4081
1998,6,16,9,30,22.400000000000002,90,891,760,2.1,45.0919,35.4296
1998,6,16,10,0,23,94,904,827,2.1,49.6520,39.0438
1998,6,16,10,30,23.6,96,914,883,2.1,53.4890,42.0852
1998,6,16,11,0,24.1,100,922,928,2.2,56.5799,44.5351
1998,6,16,11,30,24.5,101,926,959,2.2,58.7270,46.2375
1998,6,16,12,0,24.900000000000002,103,927,979,2.2,60.1028,47.3278
1998,6,16,12,30,25.200000000000003,103,929,984,2.2,60.4552,47.6075
1998,6,16,13,0,25.5,103,927,976,2.3000000000000003,59.9058,47.1721
1998,6,16,13,30,25.700000000000003,436,396,802,2.4000000000000004,49.0915,38.6501
1998,6,16,14,0,25.8,100,917,920,2.5,56.0539,44.1192
1998,6,16,14,30,25.8,98,907,873,2.6,52.8321,41.5658
1998,6,16,15,0,25.8,96,893,814,2.7,48.8079,38.3767
1998,6,16,15,30,25.6,189,668,686,2.8000000000000003,40.6330,31.9225
1998,6,16,16,0,25.400000000000002,186,585,582,2.9000000000000004,33.9264,26.6229
1998,6,16,16,30,24.900000000000002,136,651,528,2.8000000000000003,30.1459,23.6178
1998,6,16,17,0,24.400000000000002,240,332,413,2.8000000000000003,22.9546,17.9419
1998,6,16,17,30,23.6,73,736,394,2.6,21.1500,16.4741
1998,6,16,18,0,22.8,152,359,277,2.3000000000000003,14.2313,11.0260
1998,6,16,18,30,21.400000000000002,119,254,185,2.2,9.0497,6.9552
1998,6,16,19,0,20,58,280,106,2.1,0.0000,0.0000
1998,6,16,19,30,19.200000000000003,30,2,30,2.4000000000000004,0.0000,0.0000
1998,6,16,20,0,18.400000000000002,0,0,0,2.7,0.0000,0.0000
1998,6,16,20,30,18.1,0,0,0,3.1,0.0000,0.0000
1998,6,16,21,0,17.900000000000002,0,0,0,3.4000000000000004,0.0000,0.0000
1998,6,16,21,30,17.5,0,0,0,3.6,0.0000,0.0000
1998,6,16,22,0,17.2,0,0,0,3.8000000000000003,0.0000,0.0000
1998,6,16,22,30,16.8,0,0,0,3.9000000000000004,0.0000,0.0000
1998,6,16,23,0,16.5,0,0,0,4,0.0000,0.0000
1998,6,16,23,30,16.1,0,0,0,4.1000000000000005,0.0000,0.0000
1998,6,17,0,0,15.8,0,0,0,4.2,0.0000,0.0000
1998,6,17,0,30,15.600000000000001,0,0,0,4.2,0.0000,0.0000
1998,6,17,1,0,15.4,0,0,0,4.2,0.0000,0.0000
1998,6,17,1,30,15.3,0,0,0,4.2,0.0000,0.0000
1998,6,17,2,0,15.100000000000001,0,0,0,4.2,0.0000,0.0000
1998,6,17,2,30,15,0,0,0,4.3,0.0000,0.0000
1998,6,17,3,0,14.9,0,0,0,4.4,0.0000,0.0000
1998,6,17,3,30,14.8,0,0,0,4.5,0.0000,0.0000
1998,6,17,4,0,14.8,0,0,0,4.7,0.0000,0.0000
1998,6,17,4,30,14.9,0,0,0,4.9,0.0000,0.0000
1998,6,17,5,0,15,0,0,0,5.1000000000000005,0.0000,0.0000
1998,6,17,5,30,15.600000000000001,16,0,16,5.300000000000001,0.0000,0.0000
1998,6,17,6,0,16.2,41,1,41,5.5,1.9542,1.4900
1998,6,17,6,30,17.400000000000002,123,35,132,5.7,6.4934,4.9961
1998,6,17,7,0,18.6,166,267,262,6,13.5375,10.4966
1998,6,17,7,30,20.200000000000003,237,144,301,6.800000000000001,16.2326,12.6502
1998,6,17,8,0,21.8,285,157,368,7.5,20.5264,16.0493
1998,6,17,8,30,22.8,109,757,571,7.5,32.6917,25.6182
1998,6,17,9,0,23.900000000000002,112,794,656,7.5,38.3213,30.0764
1998,6,17,9,30,24.700000000000003,117,820,734,7.4,43.5471,34.2158
1998,6,17,10,0,25.5,120,842,803,7.300000000000001,48.2092,37.9092
1998,6,17,10,30,26.200000000000003,124,859,862,7.300000000000001,52.2152,41.0829
1998,6,17,11,0,26.900000000000002,126,872,910,7.2,55.4818,43.6707
1998,6,17,11,30,27.5,128,879,944,7.1000000000000005,57.8085,45.5143
1998,6,17,12,0,28.1,132,880,963,7,59.1210,46.5548
1998,6,17,12,30,28.5,132,879,967,6.9,59.4122,46.7862
1998,6,17,13,0,29,137,868,955,6.7,58.6189,46.1588
1998,6,17,13,30,29.3,136,863,934,6.6000000000000005,57.1743,45.0139
1998,6,17,14,0,29.6,137,848,896,6.5,54.5957,42.9717
1998,6,17,14,30,29.8,134,834,848,6.5,51.3232,40.3788
1998,6,17,15,0,29.900000000000002,132,814,787,6.5,47.1947,37.1086
1998,6,17,15,30,29.900000000000002,128,792,718,6.4,42.5338,33.4161
1998,6,17,16,0,29.8,119,772,642,6.4,37.4301,29.3727
1998,6,17,16,30,29.5,112,739,558,6.2,31.8667,24.9666
1998,6,17,17,0,29.200000000000003,100,707,469,6.1000000000000005,26.0742,20.3808
1998,6,17,17,30,28.5,91,654,377,6,20.2446,15.7695
1998,6,17,18,0,27.900000000000002,79,591,286,6,14.7015,11.3911
1998,6,17,18,30,26.900000000000002,66,499,196,6,9.5920,7.3726
1998,6,17,19,0,26,49,379,115,6,0.0000,0.0000
1998,6,17,19,30,25.1,34,3,35,5.9,0.0000,0.0000
1998,6,17,20,0,24.200000000000003,0,0,0,5.800000000000001,0.0000,0.0000
1998,6,17,20,30,23.5,0,0,0,5.6000000000000005,0.0000,0.0000
1998,6,17,21,0,22.8,0,0,0,5.4,0.0000,0.0000
1998,6,17,21,30,22.400000000000002,0,0,0,5.300000000000001,0.0000,0.0000
1998,6,17,22,0,22,0,0,0,5.1000000000000005,0.0000,0.0000
1998,6,17,22,30,21.8,0,0,0,5,0.0000,0.0000
1998,6,17,23,0,21.6,0,0,0,4.9,0.0000,0.0000
1998,6,17,23,30,21.700000000000003,0,0,0,4.7,0.0000,0.0000
1998,6,18,0,0,21.700000000000003,0,0,0,4.5,0.0000,0.0000
1998,6,18,0,30,21.6,0,0,0,4.1000000000000005,0.0000,0.0000
1998,6,18,1,0,21.5,0,0,0,3.7,0.0000,0.0000
1998,6,18,1,30,21.200000000000003,0,0,0,3,0.0000,0.0000
1998,6,18,2,0,20.8,0,0,0,2.4000000000000004,0.0000,0.0000
1998,6,18,2,30,20.400000000000002,0,0,0,2,0.0000,0.0000
1998,6,18,3,0,20,0,0,0,1.7000000000000002,0.0000,0.0000
1998,6,18,3,30,19.6,0,0,0,1.6,0.0000,0.0000
1998,6,18,4,0,19.1,0,0,0,1.5,0.0000,0.0000
1998,6,18,4,30,18.8,0,0,0,1.9000000000000001,0.0000,0.0000
1998,6,18,5,0,18.5,0,0,0,2.2,0.0000,0.0000
1998,6,18,5,30,18.5,32,223,53,2.7,0.0000,0.0000
1998,6,18,6,0,18.400000000000002,52,400,125,3.1,5.9579,4.5424
1998,6,18,6,30,18.7,124,8,126,3.4000000000000004,6.1971,4.7680
1998,6,18,7,0,18.900000000000002,193,64,216,3.6,11.1588,8.6520
1998,6,18,7,30,19.5,91,678,394,3.6,21.2436,16.5549
1998,6,18,8,0,20.1,45,0,45,3.7,2.5098,1.9623
1998,6,18,8,30,20.6,12,0,12,3.8000000000000003,0.6870,0.5383
1998,6,18,9,0,21.1,316,239,480,3.9000000000000004,28.0382,22.0056
1998,6,18,9,30,22,289,346,549,4.3,32.5697,25.5905
1998,6,18,10,0,22.900000000000002,97,905,830,4.7,49.8283,39.1822
1998,6,18,10,30,23.700000000000003,100,920,891,5.1000000000000005,53.9702,42.4637
1998,6,18,11,0,24.5,95,940,940,5.5,57.3102,45.1098
1998,6,18,11,30,24.700000000000003,96,946,973,5.7,59.5844,46.9125
1998,6,18,12,0,25,95,952,994,5.800000000000001,61.0247,48.0538
1998,6,18,12,30,25.1,96,953,1001,6.1000000000000005,61.5021,48.4320
1998,6,18,13,0,25.1,96,951,993,6.300000000000001,60.9534,47.9972
1998,6,18,13,30,25,95,945,969,6.5,59.3192,46.7027
1998,6,18,14,0,24.900000000000002,95,936,934,6.7,56.9147,44.7971
1998,6,18,14,30,24.6,93,924,884,6.800000000000001,53.5071,42.0973
1998,6,18,15,0,24.3,195,672,736,7,44.1407,34.7075
1998,6,18,15,30,23.6,251,456,591,7.1000000000000005,35.0158,27.5099
1998,6,18,16,0,22.900000000000002,165,641,600,7.2,34.9882,27.4568
1998,6,18,16,30,22.1,153,698,574,7,32.7874,25.6883
1998,6,18,17,0,21.3,69,817,497,6.800000000000001,27.6399,21.6053
1998,6,18,17,30,20.5,64,774,403,6.4,21.6500,16.8650
1998,6,18,18,0,19.8,155,136,203,6,10.4396,8.0894
1998,6,18,18,30,18.900000000000002,117,71,135,6,6.6102,5.0813
1998,6,18,19,0,18,78,184,109,5.9,0.0000,0.0000
1998,6,18,19,30,17.3,30,0,30,6.1000000000000005,0.0000,0.0000
1998,6,18,20,0,16.6,0,0,0,6.2,0.0000,0.0000
1998,6,18,20,30,16.2,0,0,0,6.2,0.0000,0.0000
1998,6,18,21,0,15.700000000000001,0,0,0,6.2,0.0000,0.0000
1998,6,18,21,30,15.4,0,0,0,6,0.0000,0.0000
1998,6,18,22,0,15.100000000000001,0,0,0,5.9,0.0000,0.0000
1998,6,18,22,30,14.700000000000001,0,0,0,5.2,0.0000,0.0000
1998,6,18,23,0,14.3,0,0,0,4.6000000000000005,0.0000,0.0000
1998,6,18,23,30,13.8,0,0,0,4,0.0000,0.0000
1998,6,19,0,0,13.3,0,0,0,3.4000000000000004,0.0000,0.0000
1998,6,19,0,30,13.100000000000001,0,0,0,3.6,0.0000,0.0000
1998,6,19,1,0,12.9,0,0,0,3.9000000000000004,0.0000,0.0000
1998,6,19,1,30,12.8,0,0,0,4.2,0.0000,0.0000
1998,6,19,2,0,12.8,0,0,0,4.5,0.0000,0.0000
1998,6,19,2,30,12.8,0,0,0,4.6000000000000005,0.0000,0.0000
1998,6,19,3,0,12.9,0,0,0,4.6000000000000005,0.0000,0.0000
1998,6,19,3,30,12.9,0,0,0,4.5,0.0000,0.0000
1998,6,19,4,0,13,0,0,0,4.4,0.0000,0.0000
1998,6,19,4,30,13.200000000000001,0,0,0,4.4,0.0000,0.0000
1998,6,19,5,0,13.4,0,0,0,4.3,0.0000,0.0000
1998,6,19,5,30,14.3,25,397,62,4.3,0.0000,0.0000
1998,6,19,6,0,15.200000000000001,38,564,140,4.3,6.6728,5.0874
1998,6,19,6,30,16.5,48,671,228,4.2,11.2108,8.6249
1998,6,19,7,0,17.900000000000002,56,747,323,4,16.6821,12.9341
1998,6,19,7,30,19.5,62,800,418,4,22.5330,17.5593
1998,6,19,8,0,21.200000000000003,67,839,512,4,28.5509,22.3229
1998,6,19,8,30,22.5,71,872,603,4.2,34.5153,27.0467
1998,6,19,9,0,23.8,75,894,687,4.5,40.1259,31.4923
1998,6,19,9,30,24.5,78,914,765,4.6000000000000005,45.3807,35.6561
1998,6,19,10,0,25.200000000000003,80,928,832,4.800000000000001,49.9454,39.2742
1998,6,19,10,30,25.8,82,940,890,4.800000000000001,53.9080,42.4146
1998,6,19,11,0,26.3,83,946,934,4.800000000000001,56.9430,44.8207
1998,6,19,11,30,26.8,84,952,967,4.800000000000001,59.2164,46.6227
1998,6,19,12,0,27.3,84,954,985,4.800000000000001,60.4722,47.6187
1998,6,19,12,30,27.6,84,955,991,4.7,60.8887,47.9490
1998,6,19,13,0,28,84,954,984,4.7,60.4026,47.5635
1998,6,19,13,30,28.200000000000003,84,948,961,4.6000000000000005,58.8318,46.3191
1998,6,19,14,0,28.5,83,941,927,4.5,56.4910,44.4638
1998,6,19,14,30,28.6,82,932,880,4.2,53.2683,41.9096
1998,6,19,15,0,28.700000000000003,81,918,821,4,49.2434,38.7200
1998,6,19,15,30,28.700000000000003,78,902,752,3.6,44.5593,35.0080
1998,6,19,16,0,28.6,76,880,674,3.2,39.3098,30.8486
1998,6,19,16,30,28.5,72,854,588,2.8000000000000003,33.5941,26.3208
1998,6,19,17,0,28.400000000000002,68,819,498,2.5,27.7031,21.6552
1998,6,19,17,30,27.400000000000002,63,778,405,2.2,21.7652,16.9554
1998,6,19,18,0,26.400000000000002,57,720,310,1.8,15.9492,12.3594
1998,6,19,18,30,24.700000000000003,49,640,217,1.8,10.6290,8.1712
1998,6,19,19,0,22.900000000000002,38,530,130,1.8,0.0000,0.0000
1998,6,19,19,30,22,24,359,55,2.1,0.0000,0.0000
1998,6,19,20,0,21.1,0,0,0,2.4000000000000004,0.0000,0.0000
1998,6,19,20,30,20.900000000000002,0,0,0,2.8000000000000003,0.0000,0.0000
1998,6,19,21,0,20.700000000000003,0,0,0,3.2,0.0000,0.0000
1998,6,19,21,30,20.5,0,0,0,3.4000000000000004,0.0000,0.0000
1998,6,19,22,0,20.3,0,0,0,3.7,0.0000,0.0000
1998,6,19,22,30,20.1,0,0,0,4,0.0000,0.0000
1998,6,19,23,0,19.8,0,0,0,4.2,0.0000,0.0000
1998,6,19,23,30,19.6,0,0,0,4.5,0.0000,0.0000
1998,6,20,0,0,19.400000000000002,0,0,0,4.7,0.0000,0.0000
1998,6,20,0,30,19.400000000000002,0,0,0,4.800000000000001,0.0000,0.0000
1998,6,20,1,0,19.5,0,0,0,4.9,0.0000,0.0000
1998,6,20,1,30,20,0,0,0,4.9,0.0000,0.0000
1998,6,20,2,0,20.5,0,0,0,4.800000000000001,0.0000,0.0000
1998,6,20,2,30,21,0,0,0,4.7,0.0000,0.0000
1998,6,20,3,0,21.5,0,0,0,4.5,0.0000,0.0000
1998,6,20,3,30,21.8,0,0,0,4.3,0.0000,0.0000
1998,6,20,4,0,22,0,0,0,4.1000000000000005,0.0000,0.0000
1998,6,20,4,30,22.200000000000003,0,0,0,3.9000000000000004,0.0000,0.0000
1998,6,20,5,0,22.400000000000002,0,0,0,3.7,0.0000,0.0000
1998,6,20,5,30,22.900000000000002,31,227,52,3.4000000000000004,0.0000,0.0000
1998,6,20,6,0,23.400000000000002,52,393,122,3,5.8150,4.4331
1998,6,20,6,30,24.1,122,9,125,2.6,6.1446,4.7271
1998,6,20,7,0,24.900000000000002,150,7,153,2.1,7.8993,6.1243
1998,6,20,7,30,25.400000000000002,86,0,86,2.2,4.6350,3.6118
1998,6,20,8,0,25.900000000000002,119,0,119,2.3000000000000003,6.6344,5.1871
1998,6,20,8,30,26.3,213,1,213,2.6,12.1905,9.5525
1998,6,20,9,0,26.6,365,200,502,2.8000000000000003,29.3168,23.0087
1998,6,20,9,30,26.900000000000002,403,122,495,3.3000000000000003,29.3611,23.0692
1998,6,20,10,0,27.1,439,155,565,3.7,33.9153,26.6689
1998,6,20,10,30,27.3,428,80,496,4.1000000000000005,30.0417,23.6366
1998,6,20,11,0,27.5,366,27,390,4.5,23.7765,18.7148
1998,6,20,11,30,27.5,461,131,582,4.800000000000001,35.6393,28.0598
1998,6,20,12,0,27.400000000000002,493,169,652,5,40.0283,31.5202
1998,6,20,12,30,27.400000000000002,133,870,959,5.1000000000000005,58.9231,46.4011
1998,6,20,13,0,27.400000000000002,358,400,735,5.2,45.1185,35.5283
1998,6,20,13,30,27.400000000000002,493,227,703,5.1000000000000005,43.0390,33.8853
1998,6,20,14,0,27.400000000000002,121,869,900,5.1000000000000005,54.8484,43.1710
1998,6,20,14,30,27.200000000000003,328,400,670,5,40.5597,31.9111
1998,6,20,15,0,27,351,68,406,5,24.3537,19.1494
1998,6,20,15,30,26.700000000000003,283,2,284,4.800000000000001,16.8304,13.2229
1998,6,20,16,0,26.400000000000002,366,129,454,4.7,26.4821,20.7822
1998,6,20,16,30,25.8,181,598,542,4.4,30.9724,24.2672
1998,6,20,17,0,25.200000000000003,183,1,184,4,10.2379,8.0030
1998,6,20,17,30,24.400000000000002,237,84,273,3.4000000000000004,14.6755,11.4327
1998,6,20,18,0,23.5,67,672,303,2.8000000000000003,15.5946,12.0852
1998,6,20,18,30,22.1,57,590,212,2.4000000000000004,10.3887,7.9872
1998,6,20,19,0,20.700000000000003,80,215,117,2,5.5787,4.2514
1998,6,20,19,30,19.6,26,314,54,2,0.0000,0.0000
1998,6,20,20,0,18.6,0,0,0,2,0.0000,0.0000
1998,6,20,20,30,18.1,0,0,0,2.1,0.0000,0.0000
1998,6,20,21,0,17.6,0,0,0,2.2,0.0000,0.0000
1998,6,20,21,30,17.2,0,0,0,2.3000000000000003,0.0000,0.0000
1998,6,20,22,0,16.8,0,0,0,2.4000000000000004,0.0000,0.0000
1998,6,20,22,30,16.400000000000002,0,0,0,2.5,0.0000,0.0000
1998,6,20,23,0,15.9,0,0,0,2.5,0.0000,0.0000
1998,6,20,23,30,15.4,0,0,0,2.2,0.0000,0.0000
1998,6,21,0,0,14.8,0,0,0,1.9000000000000001,0.0000,0.0000
1998,6,21,0,30,14.4,0,0,0,1.7000000000000002,0.0000,0.0000
1998,6,21,1,0,14,0,0,0,1.5,0.0000,0.0000
1998,6,21,1,30,13.700000000000001,0,0,0,1.3,0.0000,0.0000
1998,6,21,2,0,13.5,0,0,0,1.2000000000000002,0.0000,0.0000
1998,6,21,2,30,13.5,0,0,0,1.1,0.0000,0.0000
1998,6,21,3,0,13.600000000000001,0,0,0,1,0.0000,0.0000
1998,6,21,3,30,13.700000000000001,0,0,0,0.9,0.0000,0.0000
1998,6,21,4,0,13.9,0,0,0,0.8,0.0000,0.0000
1998,6,21,4,30,14,0,0,0,0.9,0.0000,0.0000
1998,6,21,5,0,14.100000000000001,0,0,0,1,0.0000,0.0000
1998,6,21,5,30,14.8,33,210,53,1.2000000000000002,0.0000,0.0000
1998,6,21,6,0,15.5,82,24,87,1.5,4.1468,3.1613
1998,6,21,6,30,16.2,143,43,155,1.5,7.6166,5.8590
1998,6,21,7,0,16.900000000000002,49,0,49,1.6,2.5292,1.9608
1998,6,21,7,30,17.6,219,26,231,1.7000000000000002,12.4464,9.6986
1998,6,21,8,0,18.400000000000002,246,95,296,1.7000000000000002,16.4990,12.8994
1998,6,21,8,30,19.6,226,20,238,1.9000000000000001,13.6190,10.6718
1998,6,21,9,0,20.8,279,27,298,2,17.4010,13.6567
1998,6,21,9,30,22.400000000000002,337,79,396,2.1,23.4871,18.4539
1998,6,21,10,0,24.1,381,25,401,2.3000000000000003,24.0690,18.9263
1998,6,21,10,30,24.8,257,0,257,2.2,15.5650,12.2464
1998,6,21,11,0,25.5,340,2,341,2,20.7884,16.3628
1998,6,21,11,30,25.6,298,540,799,1.9000000000000001,48.9266,38.5212
1998,6,21,12,0,25.700000000000003,295,662,919,1.8,56.4193,44.4272
1998,6,21,12,30,25.700000000000003,136,875,967,1.7000000000000002,59.4146,46.7882
1998,6,21,13,0,25.700000000000003,133,877,960,1.6,58.9313,46.4051
1998,6,21,13,30,25.700000000000003,250,657,858,1.5,52.5294,41.3573
1998,6,21,14,0,25.8,218,711,855,1.5,52.1079,41.0141
1998,6,21,14,30,25.700000000000003,124,858,858,1.5,51.9431,40.8673
1998,6,21,15,0,25.700000000000003,118,846,801,1.6,48.0514,37.7831
1998,6,21,15,30,25.6,114,827,733,1.7000000000000002,43.4433,34.1318
1998,6,21,16,0,25.5,107,808,656,1.8,38.2699,30.0331
1998,6,21,16,30,25.5,268,408,515,1.8,29.4344,23.0625
1998,6,21,17,0,25.5,92,747,484,1.9000000000000001,26.9359,21.0564
1998,6,21,17,30,24.900000000000002,84,698,391,1.8,21.0246,16.3795
1998,6,21,18,0,24.200000000000003,74,636,298,1.7000000000000002,15.3426,11.8905
1998,6,21,18,30,22.700000000000003,62,549,207,1.4000000000000001,10.1473,7.8021
1998,6,21,19,0,21.200000000000003,48,420,122,1.2000000000000002,5.8167,4.4329
1998,6,21,19,30,20.200000000000003,29,250,51,1.3,0.0000,0.0000
1998,6,21,20,0,19.3,0,0,0,1.3,0.0000,0.0000
1998,6,21,20,30,19.1,0,0,0,1.3,0.0000,0.0000
1998,6,21,21,0,18.900000000000002,0,0,0,1.4000000000000001,0.0000,0.0000
1998,6,21,21,30,18.6,0,0,0,1.4000000000000001,0.0000,0.0000
1998,6,21,22,0,18.3,0,0,0,1.5,0.0000,0.0000
1998,6,21,22,30,17.900000000000002,0,0,0,1.4000000000000001,0.0000,0.0000
1998,6,21,23,0,17.6,0,0,0,1.4000000000000001,0.0000,0.0000
1998,6,21,23,30,17.2,0,0,0,1.4000000000000001,0.0000,0.0000
1998,6,22,0,0,16.900000000000002,0,0,0,1.3,0.0000,0.0000
1998,6,22,0,30,16.6,0,0,0,1.2000000000000002,0.0000,0.0000
1998,6,22,1,0,16.3,0,0,0,1.2000000000000002,0.0000,0.0000
1998,6,22,1,30,16.1,0,0,0,1.1,0.0000,0.0000
1998,6,22,2,0,16,0,0,0,0.9,0.0000,0.0000
1998,6,22,2,30,16,0,0,0,0.8,0.0000,0.0000
1998,6,22,3,0,15.9,0,0,0,0.7000000000000001,0.0000,0.0000
1998,6,22,3,30,16,0,0,0,0.6000000000000001,0.0000,0.0000
1998,6,22,4,0,16.1,0,0,0,0.4,0.0000,0.0000
1998,6,22,4,30,16.1,0,0,0,0.5,0.0000,0.0000
1998,6,22,5,0,16.1,0,0,0,0.6000000000000001,0.0000,0.0000
1998,6,22,5,30,16.8,18,0,18,1.2000000000000002,0.0000,0.0000
1998,6,22,6,0,17.6,21,0,21,1.9000000000000001,1.0010,0.7630
1998,6,22,6,30,18.5,84,5,86,1.9000000000000001,4.2245,3.2494
1998,6,22,7,0,19.3,83,2,83,1.9000000000000001,4.2826,3.3200
1998,6,22,7,30,20.6,187,33,202,1.9000000000000001,10.8808,8.4784
1998,6,22,8,0,21.8,164,8,169,1.9000000000000001,9.4180,7.3632
1998,6,22,8,30,22.8,260,291,437,1.9000000000000001,25.0023,19.5914
1998,6,22,9,0,23.8,223,554,602,2,35.1478,27.5846
1998,6,22,9,30,24.6,128,798,726,2,43.0543,33.8276
1998,6,22,10,0,25.3,129,825,797,2,47.8341,37.6134
1998,6,22,10,30,25.700000000000003,132,840,854,1.9000000000000001,51.7187,40.6916
1998,6,22,11,0,26.200000000000003,132,857,901,1.9000000000000001,54.9250,43.2320
1998,6,22,11,30,26.5,133,866,935,1.8,57.2528,45.0765
1998,6,22,12,0,26.8,131,875,957,1.8,58.7512,46.2634
1998,6,22,12,30,27,131,877,963,1.8,59.1688,46.5946
1998,6,22,13,0,27.3,130,876,956,1.9000000000000001,58.6863,46.2122
1998,6,22,13,30,27.3,129,871,936,1.9000000000000001,57.3065,45.1185
1998,6,22,14,0,27.400000000000002,128,862,901,1.9000000000000001,54.9134,43.2224
1998,6,22,14,30,27.400000000000002,127,851,856,1.9000000000000001,51.8253,40.7748
1998,6,22,15,0,27.400000000000002,123,836,798,1.8,47.8752,37.6448
1998,6,22,15,30,27.3,119,816,730,1.7000000000000002,43.2699,33.9957
1998,6,22,16,0,27.200000000000003,114,792,653,1.6,38.0998,29.8999
1998,6,22,16,30,27,108,760,568,1.5,32.4690,25.4405
1998,6,22,17,0,26.8,98,726,480,1.4000000000000001,26.7191,20.8873
1998,6,22,17,30,26.400000000000002,89,677,388,1.3,20.8692,16.2589
1998,6,22,18,0,26,77,619,296,1.3,15.2450,11.8154
1998,6,22,18,30,24.8,65,533,206,1.1,10.1010,7.7669
1998,6,22,19,0,23.6,49,422,123,0.9,5.8641,4.4692
1998,6,22,19,30,22.5,29,254,51,1,0.0000,0.0000
1998,6,22,20,0,21.400000000000002,0,0,0,1.1,0.0000,0.0000
1998,6,22,20,30,20.900000000000002,0,0,0,1.2000000000000002,0.0000,0.0000
1998,6,22,21,0,20.3,0,0,0,1.2000000000000002,0.0000,0.0000
1998,6,22,21,30,19.8,0,0,0,1.3,0.0000,0.0000
1998,6,22,22,0,19.3,0,0,0,1.4000000000000001,0.0000,0.0000
1998,6,22,22,30,19,0,0,0,1.5,0.0000,0.0000
1998,6,22,23,0,18.6,0,0,0,1.5,0.0000,0.0000
1998,6,22,23,30,18.2,0,0,0,1.6,0.0000,0.0000
1998,6,23,0,0,17.8,0,0,0,1.6,0.0000,0.0000
1998,6,23,0,30,17.5,0,0,0,1.6,0.0000,0.0000
1998,6,23,1,0,17.1,0,0,0,1.6,0.0000,0.0000
1998,6,23,1,30,17,0,0,0,1.7000000000000002,0.0000,0.0000
1998,6,23,2,0,16.900000000000002,0,0,0,1.8,0.0000,0.0000
1998,6,23,2,30,16.900000000000002,0,0,0,1.8,0.0000,0.0000
1998,6,23,3,0,16.900000000000002,0,0,0,1.9000000000000001,0.0000,0.0000
1998,6,23,3,30,17.1,0,0,0,2.1,0.0000,0.0000
1998,6,23,4,0,17.3,0,0,0,2.3000000000000003,0.0000,0.0000
1998,6,23,4,30,17.6,0,0,0,2.5,0.0000,0.0000
1998,6,23,5,0,17.900000000000002,0,0,0,2.8000000000000003,0.0000,0.0000
1998,6,23,5,30,18.6,13,0,13,3.2,0.0000,0.0000
1998,6,23,6,0,19.3,24,0,24,3.6,1.1440,0.8720
1998,6,23,6,30,20.200000000000003,28,0,28,3.9000000000000004,1.3749,1.0575
1998,6,23,7,0,21.200000000000003,19,0,19,4.3,0.9799,0.7596
1998,6,23,7,30,22.200000000000003,43,0,43,4.800000000000001,2.3154,1.8041
1998,6,23,8,0,23.3,70,0,71,5.300000000000001,3.9556,3.0925
1998,6,23,8,30,24.1,123,1,124,5.7,7.0930,5.5579
1998,6,23,9,0,25,175,2,176,6,10.2741,8.0632
1998,6,23,9,30,25.6,225,0,225,6.2,13.3419,10.4826
1998,6,23,10,0,26.200000000000003,414,283,642,6.300000000000001,38.5276,30.2952
1998,6,23,10,30,26.700000000000003,142,816,843,6.4,51.0493,40.1648
1998,6,23,11,0,27.200000000000003,144,829,889,6.5,54.1908,42.6540
1998,6,23,11,30,27.6,404,459,829,6.5,50.7601,39.9646
1998,6,23,12,0,28,155,830,938,6.5,57.5838,45.3441
1998,6,23,12,30,28.3,156,831,945,6.5,58.0619,45.7229
1998,6,23,13,0,28.5,168,810,932,6.5,57.2130,45.0520
1998,6,23,13,30,28.700000000000003,166,804,911,6.5,55.7765,43.9139
1998,6,23,14,0,28.900000000000002,165,792,876,6.4,53.3911,42.0242
1998,6,23,14,30,28.900000000000002,162,780,830,6.1000000000000005,50.2527,39.5376
1998,6,23,15,0,28.8,161,754,770,5.7,46.1981,36.3262
1998,6,23,15,30,28.8,155,732,703,5.4,41.6726,32.7410
1998,6,23,16,0,28.700000000000003,184,0,185,5,10.7950,8.4717
1998,6,23,16,30,28.700000000000003,183,1,184,4.9,10.5194,8.2424
1998,6,23,17,0,28.6,171,1,171,4.7,9.5202,7.4424
1998,6,23,17,30,28.200000000000003,137,14,143,4.6000000000000005,7.6931,5.9937
1998,6,23,18,0,27.700000000000003,66,485,237,4.6000000000000005,12.2095,9.4631
1998,6,23,18,30,27.1,51,422,162,4.6000000000000005,7.9456,6.1099
1998,6,23,19,0,26.5,51,257,97,4.6000000000000005,4.6244,3.5245
1998,6,23,19,30,26,29,1,29,4.7,0.0000,0.0000
1998,6,23,20,0,25.5,0,0,0,4.800000000000001,0.0000,0.0000
1998,6,23,20,30,25,0,0,0,4.5,0.0000,0.0000
1998,6,23,21,0,24.5,0,0,0,4.1000000000000005,0.0000,0.0000
1998,6,23,21,30,24,0,0,0,3.8000000000000003,0.0000,0.0000
1998,6,23,22,0,23.6,0,0,0,3.5,0.0000,0.0000
1998,6,23,22,30,23.3,0,0,0,3.4000000000000004,0.0000,0.0000
1998,6,23,23,0,22.900000000000002,0,0,0,3.4000000000000004,0.0000,0.0000
1998,6,23,23,30,22.6,0,0,0,3.4000000000000004,0.0000,0.0000
1998,6,24,0,0,22.200000000000003,0,0,0,3.5,0.0000,0.0000
1998,6,24,0,30,21.8,0,0,0,3.4000000000000004,0.0000,0.0000
1998,6,24,1,0,21.400000000000002,0,0,0,3.3000000000000003,0.0000,0.0000
1998,6,24,1,30,21,0,0,0,3.1,0.0000,0.0000
1998,6,24,2,0,20.6,0,0,0,3,0.0000,0.0000
1998,6,24,2,30,20.3,0,0,0,2.8000000000000003,0.0000,0.0000
1998,6,24,3,0,19.900000000000002,0,0,0,2.7,0.0000,0.0000
1998,6,24,3,30,19.6,0,0,0,2.6,0.0000,0.0000
1998,6,24,4,0,19.3,0,0,0,2.5,0.0000,0.0000
1998,6,24,4,30,19.400000000000002,0,0,0,2.7,0.0000,0.0000
1998,6,24,5,0,19.6,0,0,0,2.8000000000000003,0.0000,0.0000
1998,6,24,5,30,20.200000000000003,29,277,54,3.1,0.0000,0.0000
1998,6,24,6,0,20.8,47,446,126,3.4000000000000004,6.0063,4.5781
1998,6,24,6,30,21.700000000000003,61,566,211,3.5,10.3563,7.9647
1998,6,24,7,0,22.6,72,649,302,3.5,15.5690,12.0681
1998,6,24,7,30,23.900000000000002,81,711,395,3.9000000000000004,21.2621,16.5663
1998,6,24,8,0,25.200000000000003,88,757,487,4.2,27.1249,21.2057
1998,6,24,8,30,26.1,94,793,576,4.3,32.9414,25.8115
1998,6,24,9,0,27,101,817,658,4.5,38.4051,30.1402
1998,6,24,9,30,27.700000000000003,105,839,733,4.5,43.4597,34.1455
1998,6,24,10,0,28.3,110,854,800,4.6000000000000005,48.0047,37.7471
1998,6,24,10,30,28.8,319,424,683,4.6000000000000005,41.3570,32.5389
1998,6,24,11,0,29.3,409,408,775,4.7,47.2388,37.1819
1998,6,24,11,30,29.700000000000003,118,887,939,4.800000000000001,57.4931,45.2655
1998,6,24,12,0,30,220,702,882,4.9,54.1446,42.6359
1998,6,24,12,30,30.3,117,899,970,4.9,59.5975,46.9321
1998,6,24,13,0,30.6,112,905,966,5,59.3002,46.6956
1998,6,24,13,30,30.900000000000002,111,901,946,5,57.9199,45.6015
1998,6,24,14,0,31.1,105,903,915,5,55.7695,43.8963
1998,6,24,14,30,31.3,103,893,869,4.800000000000001,52.6164,41.3974
1998,6,24,15,0,31.5,97,885,812,4.6000000000000005,48.7200,38.3092
1998,6,24,15,30,31.5,94,866,742,4.4,43.9878,34.5601
1998,6,24,16,0,31.5,89,845,665,4.1000000000000005,38.8074,30.4556
1998,6,24,16,30,31,85,819,582,3.9000000000000004,33.2776,26.0745
1998,6,24,17,0,30.6,80,783,493,3.8000000000000003,27.4517,21.4606
1998,6,24,17,30,29.700000000000003,74,739,400,3.9000000000000004,21.5237,16.7695
1998,6,24,18,0,28.8,66,680,307,3.9000000000000004,15.8199,12.2618
1998,6,24,18,30,27.700000000000003,56,596,214,3.9000000000000004,10.4979,8.0728
1998,6,24,19,0,26.5,84,158,112,3.9000000000000004,5.3393,4.0695
1998,6,24,19,30,25.400000000000002,27,296,54,3.5,0.0000,0.0000
1998,6,24,20,0,24.400000000000002,0,0,0,3.1,0.0000,0.0000
1998,6,24,20,30,23.900000000000002,0,0,0,2.9000000000000004,0.0000,0.0000
1998,6,24,21,0,23.3,0,0,0,2.7,0.0000,0.0000
1998,6,24,21,30,23.1,0,0,0,2.7,0.0000,0.0000
1998,6,24,22,0,22.900000000000002,0,0,0,2.8000000000000003,0.0000,0.0000
1998,6,24,22,30,22.6,0,0,0,2.8000000000000003,0.0000,0.0000
1998,6,24,23,0,22.400000000000002,0,0,0,2.8000000000000003,0.0000,0.0000
1998,6,24,23,30,22.1,0,0,0,2.8000000000000003,0.0000,0.0000
1998,6,25,0,0,21.8,0,0,0,2.9000000000000004,0.0000,0.0000
1998,6,25,0,30,21.5,0,0,0,2.9000000000000004,0.0000,0.0000
1998,6,25,1,0,21.1,0,0,0,3,0.0000,0.0000
1998,6,25,1,30,20.8,0,0,0,2.8000000000000003,0.0000,0.0000
1998,6,25,2,0,20.400000000000002,0,0,0,2.6,0.0000,0.0000
1998,6,25,2,30,20,0,0,0,2.2,0.0000,0.0000
1998,6,25,3,0,19.5,0,0,0,1.8,0.0000,0.0000
1998,6,25,3,30,19.3,0,0,0,1.6,0.0000,0.0000
1998,6,25,4,0,19.1,0,0,0,1.5,0.0000,0.0000
1998,6,25,4,30,19.3,0,0,0,1.5,0.0000,0.0000
1998,6,25,5,0,19.5,0,0,0,1.6,0.0000,0.0000
1998,6,25,5,30,20.3,29,253,51,2,0.0000,0.0000
1998,6,25,6,0,21.200000000000003,46,438,123,2.5,5.8637,4.4691
1998,6,25,6,30,21.900000000000002,60,563,209,2.6,10.2526,7.8842
1998,6,25,7,0,22.700000000000003,68,663,303,2.7,15.6137,12.1020
1998,6,25,7,30,23.900000000000002,77,729,399,2.8000000000000003,21.4699,16.7276
1998,6,25,8,0,25,81,787,496,2.9000000000000004,27.6187,21.5912
1998,6,25,8,30,25.900000000000002,87,826,588,2.8000000000000003,33.6207,26.3433
1998,6,25,9,0,26.900000000000002,90,859,675,2.7,39.3910,30.9136
1998,6,25,9,30,27.6,94,883,755,2.5,44.7573,35.1647
1998,6,25,10,0,28.3,95,904,825,2.2,49.5000,38.9226
1998,6,25,10,30,28.8,98,917,884,2.1,53.5238,42.1113
1998,6,25,11,0,29.3,98,930,931,1.9000000000000001,56.7440,44.6633
1998,6,25,11,30,29.700000000000003,99,936,966,1.8,59.1439,46.5651
1998,6,25,12,0,30.200000000000003,97,944,987,1.6,60.5883,47.7098
1998,6,25,12,30,30.400000000000002,97,945,995,1.4000000000000001,61.1320,48.1405
1998,6,25,13,0,30.700000000000003,95,944,986,1.2000000000000002,60.5274,47.6619
1998,6,25,13,30,30.900000000000002,95,940,965,1,59.0832,46.5174
1998,6,25,14,0,31,93,932,929,0.7000000000000001,56.6235,44.5685
1998,6,25,14,30,31.1,91,923,882,0.7000000000000001,53.4044,42.0174
1998,6,25,15,0,31.1,89,907,822,0.7000000000000001,49.3229,38.7835
1998,6,25,15,30,31,86,891,753,0.8,44.6421,35.0744
1998,6,25,16,0,30.900000000000002,83,866,673,0.9,39.2768,30.8241
1998,6,25,16,30,30.900000000000002,79,839,588,1,33.6235,26.3457
1998,6,25,17,0,30.900000000000002,75,801,497,1.2000000000000002,27.6774,21.6373
1998,6,25,17,30,30.200000000000003,69,756,403,1.3,21.6881,16.8979
1998,6,25,18,0,29.5,62,694,308,1.5,15.8742,12.3042
1998,6,25,18,30,27.700000000000003,53,612,215,1.2000000000000002,10.5488,8.1123
1998,6,25,19,0,25.900000000000002,42,495,129,1,6.1495,4.6871
1998,6,25,19,30,24.700000000000003,26,323,55,1.1,0.0000,0.0000
1998,6,25,20,0,23.6,0,0,0,1.3,0.0000,0.0000
1998,6,25,20,30,23.1,0,0,0,1.3,0.0000,0.0000
1998,6,25,21,0,22.6,0,0,0,1.4000000000000001,0.0000,0.0000
1998,6,25,21,30,22.3,0,0,0,1.5,0.0000,0.0000
1998,6,25,22,0,22,0,0,0,1.6,0.0000,0.0000
1998,6,25,22,30,21.900000000000002,0,0,0,1.8,0.0000,0.0000
1998,6,25,23,0,21.700000000000003,0,0,0,1.9000000000000001,0.0000,0.0000
1998,6,25,23,30,21.700000000000003,0,0,0,2.1,0.0000,0.0000
1998,6,26,0,0,21.700000000000003,0,0,0,2.3000000000000003,0.0000,0.0000
1998,6,26,0,30,21.8,0,0,0,2.5,0.0000,0.0000
1998,6,26,1,0,21.8,0,0,0,2.7,0.0000,0.0000
1998,6,26,1,30,21.700000000000003,0,0,0,2.8000000000000003,0.0000,0.0000
1998,6,26,2,0,21.6,0,0,0,2.9000000000000004,0.0000,0.0000
1998,6,26,2,30,21.400000000000002,0,0,0,2.9000000000000004,0.0000,0.0000
1998,6,26,3,0,21.200000000000003,0,0,0,2.9000000000000004,0.0000,0.0000
1998,6,26,3,30,21,0,0,0,3,0.0000,0.0000
1998,6,26,4,0,20.8,0,0,0,3.1,0.0000,0.0000
1998,6,26,4,30,20.8,0,0,0,3.3000000000000003,0.0000,0.0000
1998,6,26,5,0,20.8,0,0,0,3.6,0.0000,0.0000
1998,6,26,5,30,21.3,28,254,50,3.9000000000000004,0.0000,0.0000
1998,6,26,6,0,21.8,45,443,122,4.2,5.8165,4.4329
1998,6,26,6,30,22.700000000000003,58,565,207,4.4,10.1500,7.8046
1998,6,26,7,0,23.6,67,656,298,4.6000000000000005,15.3480,11.8952
1998,6,26,7,30,24.6,75,719,392,4.800000000000001,21.0843,16.4265
1998,6,26,8,0,25.700000000000003,82,763,483,5.1000000000000005,26.8861,21.0179
1998,6,26,8,30,26.5,88,799,572,5.2,32.6977,25.6196
1998,6,26,9,0,27.400000000000002,95,823,654,5.4,38.1581,29.9456
1998,6,26,9,30,28.1,99,842,729,5.7,43.2106,33.9492
1998,6,26,10,0,28.8,105,855,794,5.9,47.6343,37.4553
1998,6,26,10,30,29.400000000000002,108,867,851,6.2,51.5209,40.5352
1998,6,26,11,0,30,114,871,894,6.4,54.4854,42.8854
1998,6,26,11,30,30.5,115,878,928,6.6000000000000005,56.8139,44.7305
1998,6,26,12,0,30.900000000000002,114,884,948,6.7,58.1917,45.8226
1998,6,26,12,30,31.3,114,887,956,6.800000000000001,58.7345,46.2524
1998,6,26,13,0,31.6,111,894,954,6.800000000000001,58.5620,46.1142
1998,6,26,13,30,31.8,426,393,790,6.6000000000000005,48.3687,38.0816
1998,6,26,14,0,32.1,105,891,904,6.4,55.1004,43.3697
1998,6,26,14,30,32.2,102,883,859,6.1000000000000005,52.0134,40.9231
1998,6,26,15,0,32.2,97,873,803,5.800000000000001,48.1838,37.8878
1998,6,26,15,30,32.1,94,858,737,5.300000000000001,43.6957,34.3309
1998,6,26,16,0,32,89,837,660,4.9,38.5206,30.2308
1998,6,26,16,30,31.6,85,810,577,4.5,32.9972,25.8552
1998,6,26,17,0,31.200000000000003,80,774,488,4.1000000000000005,27.1791,21.2480
1998,6,26,17,30,30.5,73,729,396,3.6,21.3144,16.6070
1998,6,26,18,0,29.700000000000003,65,667,302,3,15.5677,12.0669
1998,6,26,18,30,28.5,56,585,211,2.5,10.3544,7.9630
1998,6,26,19,0,27.3,44,465,126,1.9000000000000001,6.0065,4.5781
1998,6,26,19,30,26.3,27,289,53,1.7000000000000002,0.0000,0.0000
1998,6,26,20,0,25.400000000000002,0,0,0,1.5,0.0000,0.0000
1998,6,26,20,30,24.900000000000002,0,0,0,1.3,0.0000,0.0000
1998,6,26,21,0,24.5,0,0,0,1.2000000000000002,0.0000,0.0000
1998,6,26,21,30,24.200000000000003,0,0,0,1.1,0.0000,0.0000
1998,6,26,22,0,23.8,0,0,0,0.9,0.0000,0.0000
1998,6,26,22,30,23.6,0,0,0,0.8,0.0000,0.0000
1998,6,26,23,0,23.400000000000002,0,0,0,0.6000000000000001,0.0000,0.0000
1998,6,26,23,30,23.200000000000003,0,0,0,0.6000000000000001,0.0000,0.0000
1998,6,27,0,0,23.1,0,0,0,0.6000000000000001,0.0000,0.0000
1998,6,27,0,30,22.8,0,0,0,0.7000000000000001,0.0000,0.0000
1998,6,27,1,0,22.5,0,0,0,0.8,0.0000,0.0000
1998,6,27,1,30,22.1,0,0,0,0.9,0.0000,0.0000
1998,6,27,2,0,21.8,0,0,0,0.9,0.0000,0.0000
1998,6,27,2,30,21.5,0,0,0,0.9,0.0000,0.0000
1998,6,27,3,0,21.3,0,0,0,0.9,0.0000,0.0000
1998,6,27,3,30,21,0,0,0,0.9,0.0000,0.0000
1998,6,27,4,0,20.700000000000003,0,0,0,0.9,0.0000,0.0000
1998,6,27,4,30,20.700000000000003,0,0,0,0.9,0.0000,0.0000
1998,6,27,5,0,20.8,0,0,0,1,0.0000,0.0000
1998,6,27,5,30,21.6,28,252,50,1.4000000000000001,0.0000,0.0000
1998,6,27,6,0,22.400000000000002,46,421,119,1.9000000000000001,5.6740,4.3241
1998,6,27,6,30,23.3,60,542,202,1.9000000000000001,9.8996,7.6112
1998,6,27,7,0,24.200000000000003,71,626,292,2,15.0311,11.6488
1998,6,27,7,30,25.3,80,689,383,2.1,20.5916,16.0418
1998,6,27,8,0,26.3,88,736,474,2.2,26.3766,20.6189
1998,6,27,8,30,27.200000000000003,94,774,563,2.4000000000000004,32.1752,25.2097
1998,6,27,9,0,28,99,805,646,2.5,37.6841,29.5732
1998,6,27,9,30,28.6,103,829,723,2.7,42.8474,33.6634
1998,6,27,10,0,29.200000000000003,107,848,790,2.9000000000000004,47.3887,37.2619
1998,6,27,10,30,29.700000000000003,109,862,848,3.2,51.3345,40.3883
1998,6,27,11,0,30.200000000000003,112,873,894,3.5,54.4814,42.8820
1998,6,27,11,30,30.6,114,880,928,3.8000000000000003,56.8104,44.7276
1998,6,27,12,0,30.900000000000002,470,306,758,4,46.5268,36.6370
1998,6,27,12,30,31.200000000000003,483,167,641,4.2,39.3803,31.0113
1998,6,27,13,0,31.400000000000002,453,93,541,4.4,33.2091,26.1503
1998,6,27,13,30,31.5,457,99,549,4.4,33.6128,26.4640
1998,6,27,14,0,31.6,292,1,293,4.4,17.8589,14.0568
1998,6,27,14,30,31.5,431,121,535,4,32.3948,25.4876
1998,6,27,15,0,31.400000000000002,374,40,406,3.6,24.3624,19.1566
1998,6,27,15,30,31.3,134,766,707,3.1,41.9181,32.9343
1998,6,27,16,0,31.3,309,33,332,2.6,19.3783,15.2081
1998,6,27,16,30,31.200000000000003,316,72,359,2.3000000000000003,20.5320,16.0881
1998,6,27,17,0,31.1,283,114,343,2,19.1054,14.9363
1998,6,27,17,30,30.400000000000002,103,608,372,1.9000000000000001,20.0240,15.6017
1998,6,27,18,0,29.8,177,187,243,1.8,12.5274,9.7104
1998,6,27,18,30,28.6,136,110,165,2.1,8.0978,6.2277
1998,6,27,19,0,27.5,55,339,115,2.3000000000000003,5.4820,4.1784
1998,6,27,19,30,26.5,34,0,34,2.9000000000000004,0.0000,0.0000
1998,6,27,20,0,25.6,0,0,0,3.4000000000000004,0.0000,0.0000
1998,6,27,20,30,24.900000000000002,0,0,0,3.3000000000000003,0.0000,0.0000
1998,6,27,21,0,24.1,0,0,0,3.3000000000000003,0.0000,0.0000
1998,6,27,21,30,23.400000000000002,0,0,0,2.9000000000000004,0.0000,0.0000
1998,6,27,22,0,22.6,0,0,0,2.6,0.0000,0.0000
1998,6,27,22,30,22,0,0,0,2.5,0.0000,0.0000
1998,6,27,23,0,21.400000000000002,0,0,0,2.3000000000000003,0.0000,0.0000
1998,6,27,23,30,20.8,0,0,0,2.2,0.0000,0.0000
1998,6,28,0,0,20.200000000000003,0,0,0,2.1,0.0000,0.0000
1998,6,28,0,30,19.6,0,0,0,2.1,0.0000,0.0000
1998,6,28,1,0,18.900000000000002,0,0,0,2,0.0000,0.0000
1998,6,28,1,30,18.2,0,0,0,2,0.0000,0.0000
1998,6,28,2,0,17.5,0,0,0,1.9000000000000001,0.0000,0.0000
1998,6,28,2,30,16.8,0,0,0,1.9000000000000001,0.0000,0.0000
1998,6,28,3,0,16,0,0,0,1.8,0.0000,0.0000
1998,6,28,3,30,15.4,0,0,0,1.7000000000000002,0.0000,0.0000
1998,6,28,4,0,14.9,0,0,0,1.6,0.0000,0.0000
1998,6,28,4,30,15,0,0,0,1.6,0.0000,0.0000
1998,6,28,5,0,15.200000000000001,0,0,0,1.6,0.0000,0.0000
1998,6,28,5,30,16.3,25,360,56,2,0.0000,0.0000
1998,6,28,6,0,17.3,42,508,130,2.3000000000000003,0.0000,0.0000
1998,6,28,6,30,18.3,54,626,218,2.1,10.6771,8.2080
1998,6,28,7,0,19.3,68,690,310,1.8,15.9492,12.3594
1998,6,28,7,30,20.8,76,749,405,1.6,21.7652,16.9554
1998,6,28,8,0,22.3,82,797,500,1.4000000000000001,27.8143,21.7422
1998,6,28,8,30,23.8,88,831,590,1.6,33.7083,26.4103
1998,6,28,9,0,25.3,373,167,486,1.8,28.3441,22.2431
1998,6,28,9,30,26.1,391,262,587,1.7000000000000002,34.7823,27.3267
1998,6,28,10,0,26.8,442,185,591,1.6,35.4473,27.8721
1998,6,28,10,30,27.3,214,658,777,1.3,47.0320,37.0030
1998,6,28,11,0,27.700000000000003,115,896,918,1.1,55.9390,44.0291
1998,6,28,11,30,28,262,602,819,0.9,50.1346,39.4715
1998,6,28,12,0,28.3,126,894,969,0.8,59.4751,46.8329
1998,6,28,12,30,28.400000000000002,343,1,345,0.8,21.1945,16.6902
1998,6,28,13,0,28.6,124,895,968,0.8,59.4189,46.7888
1998,6,28,13,30,28.700000000000003,123,891,948,0.7000000000000001,58.0406,45.6965
1998,6,28,14,0,28.8,300,637,871,0.7000000000000001,53.0890,41.7865
1998,6,28,14,30,28.700000000000003,292,632,834,0.7000000000000001,50.5004,39.7327
1998,6,28,15,0,28.700000000000003,379,377,684,0.7000000000000001,41.0448,32.2744
1998,6,28,15,30,28.6,282,574,712,0.8,42.2156,33.1682
1998,6,28,16,0,28.5,366,189,495,0.8,28.8932,22.6755
1998,6,28,16,30,28.400000000000002,292,311,481,0.8,27.5106,21.5563
1998,6,28,17,0,28.400000000000002,83,781,495,0.8,27.5734,21.5566
1998,6,28,17,30,28,76,734,401,0.9,21.5865,16.8193
1998,6,28,18,0,27.6,66,681,308,0.9,15.8797,12.3091
1998,6,28,18,30,26.3,56,599,215,0.8,10.5526,8.1157
1998,6,28,19,0,25,43,488,130,0.8,6.1970,4.7235
1998,6,28,19,30,24,27,317,56,0.8,0.0000,0.0000
1998,6,28,20,0,23,0,0,0,0.9,0.0000,0.0000
1998,6,28,20,30,22.3,0,0,0,1,0.0000,0.0000
1998,6,28,21,0,21.700000000000003,0,0,0,1,0.0000,0.0000
1998,6,28,21,30,21.1,0,0,0,1.1,0.0000,0.0000
1998,6,28,22,0,20.5,0,0,0,1.1,0.0000,0.0000
1998,6,28,22,30,20.1,0,0,0,1.1,0.0000,0.0000
1998,6,28,23,0,19.700000000000003,0,0,0,1.2000000000000002,0.0000,0.0000
1998,6,28,23,30,19.400000000000002,0,0,0,1.2000000000000002,0.0000,0.0000
1998,6,29,0,0,19.200000000000003,0,0,0,1.2000000000000002,0.0000,0.0000
1998,6,29,0,30,19,0,0,0,1.2000000000000002,0.0000,0.0000
1998,6,29,1,0,18.900000000000002,0,0,0,1.1,0.0000,0.0000
1998,6,29,1,30,18.8,0,0,0,1.1,0.0000,0.0000
1998,6,29,2,0,18.7,0,0,0,1,0.0000,0.0000
1998,6,29,2,30,18.5,0,0,0,1,0.0000,0.0000
1998,6,29,3,0,18.3,0,0,0,1,0.0000,0.0000
1998,6,29,3,30,18.1,0,0,0,1.1,0.0000,0.0000
1998,6,29,4,0,17.900000000000002,0,0,0,1.1,0.0000,0.0000
1998,6,29,4,30,18.3,0,0,0,1.3,0.0000,0.0000
1998,6,29,5,0,18.7,0,0,0,1.6,0.0000,0.0000
1998,6,29,5,30,19.5,29,212,47,1.9000000000000001,0.0000,0.0000
1998,6,29,6,0,20.400000000000002,56,331,113,2.2,0.0000,0.0000
1998,6,29,6,30,21.400000000000002,94,0,94,2.1,4.6010,3.5366
1998,6,29,7,0,22.3,92,0,92,2,4.7304,3.6654
1998,6,29,7,30,23.6,169,5,171,2,9.1852,7.1550
1998,6,29,8,0,25,243,26,257,2,14.2911,11.1708
1998,6,29,8,30,25.900000000000002,331,95,388,1.4000000000000001,22.1620,17.3634
1998,6,29,9,0,26.8,365,199,500,0.9,29.1550,22.8791
1998,6,29,9,30,27.5,399,220,563,0.9,33.3543,26.2045
1998,6,29,10,0,28.200000000000003,296,23,315,0.9,18.8906,14.8535
1998,6,29,10,30,28.6,170,761,821,1.3,49.6899,39.0939
1998,6,29,11,0,29.1,369,349,681,1.7000000000000002,41.4936,32.6591
1998,6,29,11,30,29.400000000000002,160,1,161,2,9.8548,7.7588
1998,6,29,12,0,29.700000000000003,181,783,919,2.3000000000000003,56.4033,44.4139
1998,6,29,12,30,29.900000000000002,182,785,926,2.6,56.8849,44.7956
1998,6,29,13,0,30,504,159,654,2.8000000000000003,40.1432,31.6103
1998,6,29,13,30,29.900000000000002,181,777,901,3.1,55.1620,43.4300
1998,6,29,14,0,29.8,324,586,850,3.3000000000000003,51.8083,40.7785
1998,6,29,14,30,29.5,408,391,743,3.6,44.9895,35.3968
1998,6,29,15,0,29.3,161,755,771,3.8000000000000003,46.2654,36.3795
1998,6,29,15,30,28.900000000000002,156,737,708,3.9000000000000004,41.9795,32.9827
1998,6,29,16,0,28.5,130,750,641,4,37.4165,29.3646
1998,6,29,16,30,28.1,123,721,561,3.8000000000000003,32.0875,25.1427
1998,6,29,17,0,27.6,94,738,484,3.6,26.9621,21.0788
1998,6,29,17,30,27,87,694,394,3,21.2112,16.5269
1998,6,29,18,0,26.3,63,695,310,2.5,15.9828,12.3890
1998,6,29,18,30,24.900000000000002,53,618,218,1.9000000000000001,10.6999,8.2290
1998,6,29,19,0,23.6,38,547,135,1.4000000000000001,6.4354,4.9051
1998,6,29,19,30,22.400000000000002,24,381,59,1.4000000000000001,0.0000,0.0000
1998,6,29,20,0,21.200000000000003,0,0,0,1.4000000000000001,0.0000,0.0000
1998,6,29,20,30,20.700000000000003,0,0,0,1.5,0.0000,0.0000
1998,6,29,21,0,20.1,0,0,0,1.5,0.0000,0.0000
1998,6,29,21,30,19.6,0,0,0,1.5,0.0000,0.0000
1998,6,29,22,0,19.1,0,0,0,1.5,0.0000,0.0000
1998,6,29,22,30,18.6,0,0,0,1.5,0.0000,0.0000
1998,6,29,23,0,18.2,0,0,0,1.5,0.0000,0.0000
1998,6,29,23,30,17.8,0,0,0,1.6,0.0000,0.0000
1998,6,30,0,0,17.5,0,0,0,1.6,0.0000,0.0000
1998,6,30,0,30,17.2,0,0,0,1.7000000000000002,0.0000,0.0000
1998,6,30,1,0,16.900000000000002,0,0,0,1.8,0.0000,0.0000
1998,6,30,1,30,16.7,0,0,0,2,0.0000,0.0000
1998,6,30,2,0,16.5,0,0,0,2.2,0.0000,0.0000
1998,6,30,2,30,16.400000000000002,0,0,0,2.4000000000000004,0.0000,0.0000
1998,6,30,3,0,16.3,0,0,0,2.5,0.0000,0.0000
1998,6,30,3,30,16.2,0,0,0,2.7,0.0000,0.0000
1998,6,30,4,0,16.1,0,0,0,2.8000000000000003,0.0000,0.0000
1998,6,30,4,30,16.3,0,0,0,3.1,0.0000,0.0000
1998,6,30,5,0,16.5,0,0,0,3.3000000000000003,0.0000,0.0000
1998,6,30,5,30,17.2,23,373,54,3.6,0.0000,0.0000
1998,6,30,6,0,18,37,540,129,3.8000000000000003,0.0000,0.0000
1998,6,30,6,30,19.1,93,358,186,3.8000000000000003,9.0986,6.9928
1998,6,30,7,0,20.200000000000003,171,23,179,3.9000000000000004,9.1980,7.1266
1998,6,30,7,30,21.5,216,218,312,4.3,16.7506,13.0476
1998,6,30,8,0,22.700000000000003,156,560,448,4.7,24.9026,19.4648
1998,6,30,8,30,23.400000000000002,278,343,484,5,27.6360,21.6517
1998,6,30,9,0,24.1,82,871,672,5.2,39.1753,30.7420
1998,6,30,9,30,24.6,85,893,750,5.2,44.4250,34.9016
1998,6,30,10,0,25.1,90,904,816,5.2,48.9278,38.4710
1998,6,30,10,30,25.5,92,916,875,5.2,52.9514,41.6596
1998,6,30,11,0,25.900000000000002,96,921,919,5.1000000000000005,55.9901,44.0689
1998,6,30,11,30,26.3,97,927,954,5,58.3902,45.9708
1998,6,30,12,0,26.6,99,928,973,4.9,59.7139,47.0206
1998,6,30,12,30,26.700000000000003,99,930,980,4.9,60.1992,47.4054
1998,6,30,13,0,26.900000000000002,98,928,972,4.9,59.6603,46.9788
1998,6,30,13,30,26.900000000000002,97,924,952,4.800000000000001,58.2826,45.8868
1998,6,30,14,0,27,96,917,919,4.800000000000001,56.0126,44.0876
1998,6,30,14,30,26.900000000000002,94,908,873,4.6000000000000005,52.8603,41.5894
1998,6,30,15,0,26.8,91,897,816,4.5,48.9657,38.5028
1998,6,30,15,30,26.6,87,881,747,4.3,44.2919,34.7995
1998,6,30,16,0,26.400000000000002,352,91,413,4.1000000000000005,24.1076,18.9198
1998,6,30,16,30,26.1,77,838,587,3.7,33.5746,26.3080
1998,6,30,17,0,25.8,71,807,497,3.3000000000000003,27.6863,21.6449
1998,6,30,17,30,25.200000000000003,66,765,404,2.7,21.7496,16.9464
1998,6,30,18,0,24.6,59,707,310,2.1,15.9828,12.3890
1998,6,30,18,30,23.400000000000002,50,627,217,1.7000000000000002,10.6508,8.1912
1998,6,30,19,0,22.3,40,508,130,1.3,6.1971,4.7235
1998,6,30,19,30,21.3,25,337,56,1.3,0.0000,0.0000
1998,6,30,20,0,20.400000000000002,0,0,0,1.3,0.0000,0.0000
1998,6,30,20,30,20,0,0,0,1.4000000000000001,0.0000,0.0000
1998,6,30,21,0,19.700000000000003,0,0,0,1.4000000000000001,0.0000,0.0000
1998,6,30,21,30,19.3,0,0,0,1.4000000000000001,0.0000,0.0000
1998,6,30,22,0,19,0,0,0,1.4000000000000001,0.0000,0.0000
1998,6,30,22,30,18.6,0,0,0,1.4000000000000001,0.0000,0.0000
1998,6,30,23,0,18.3,0,0,0,1.4000000000000001,0.0000,0.0000
1998,6,30,23,30,18,0,0,0,1.4000000000000001,0.0000,0.0000
1998,7,1,0,0,17.7,0,0,0,1.3,0.0000,0.0000
1998,7,1,0,30,17.400000000000002,0,0,0,1.3,0.0000,0.0000
1998,7,1,1,0,17.1,0,0,0,1.2000000000000002,0.0000,0.0000
1998,7,1,1,30,16.8,0,0,0,1.2000000000000002,0.0000,0.0000
1998,7,1,2,0,16.5,0,0,0,1.1,0.0000,0.0000
1998,7,1,2,30,16.3,0,0,0,1.1,0.0000,0.0000
1998,7,1,3,0,16.1,0,0,0,1.1,0.0000,0.0000
1998,7,1,3,30,15.9,0,0,0,1.1,0.0000,0.0000
1998,7,1,4,0,15.700000000000001,0,0,0,1.1,0.0000,0.0000
1998,7,1,4,30,16.1,0,0,0,1.2000000000000002,0.0000,0.0000
1998,7,1,5,0,16.5,0,0,0,1.3,0.0000,0.0000
1998,7,1,5,30,17.6,29,0,29,1.9000000000000001,0.0000,0.0000
1998,7,1,6,0,18.8,38,513,125,2.5,0.0000,0.0000
1998,7,1,6,30,19.700000000000003,49,631,212,2.3000000000000003,10.3641,7.9644
1998,7,1,7,0,20.700000000000003,57,712,305,2.2,15.6615,12.1332
1998,7,1,7,30,22.1,64,771,400,2.4000000000000004,21.4629,16.7171
1998,7,1,8,0,23.5,71,811,494,2.7,27.4475,21.4531
1998,7,1,8,30,24.1,289,302,470,2.6,26.8287,21.0187
1998,7,1,9,0,24.8,85,862,667,2.5,38.8737,30.5047
1998,7,1,9,30,25.200000000000003,89,881,744,2.3000000000000003,44.0606,34.6148
1998,7,1,10,0,25.700000000000003,97,889,811,2,48.6212,38.2296
1998,7,1,10,30,26.1,100,900,868,1.9000000000000001,52.5212,41.3207
1998,7,1,11,0,26.5,107,903,914,1.8,55.6799,43.8244
1998,7,1,11,30,26.8,109,908,947,1.6,57.9570,45.6296
1998,7,1,12,0,27,113,907,967,1.5,59.3415,46.7272
1998,7,1,12,30,27.200000000000003,113,908,974,1.3,59.8273,47.1123
1998,7,1,13,0,27.400000000000002,114,906,967,1.2000000000000002,59.3503,46.7345
1998,7,1,13,30,27.5,112,900,945,1,57.8523,45.5480
1998,7,1,14,0,27.6,108,897,913,0.9,55.6455,43.7986
1998,7,1,14,30,27.6,106,887,867,0.9,52.4962,41.3029
1998,7,1,15,0,27.700000000000003,429,228,613,0.9,36.7836,28.9237
1998,7,1,15,30,27.6,98,859,741,0.9,43.9351,34.5191
1998,7,1,16,0,27.5,93,838,665,0.9,38.8162,30.4630
1998,7,1,16,30,27.200000000000003,88,810,580,0.9,33.1729,25.9931
1998,7,1,17,0,27,82,774,490,0.9,27.2949,21.3388
1998,7,1,17,30,26.700000000000003,75,725,396,0.9,21.3189,16.6108
1998,7,1,18,0,26.400000000000002,68,662,303,0.9,15.6206,12.1081
1998,7,1,18,30,25.3,57,579,211,0.9,10.3554,7.9639
1998,7,1,19,0,24.1,44,461,126,0.8,6.0065,4.5781
1998,7,1,19,30,22.900000000000002,27,290,53,0.9,0.0000,0.0000
1998,7,1,20,0,21.8,0,0,0,1,0.0000,0.0000
1998,7,1,20,30,21.3,0,0,0,1.1,0.0000,0.0000
1998,7,1,21,0,20.8,0,0,0,1.1,0.0000,0.0000
1998,7,1,21,30,20.400000000000002,0,0,0,1.2000000000000002,0.0000,0.0000
1998,7,1,22,0,20.1,0,0,0,1.3,0.0000,0.0000
1998,7,1,22,30,19.8,0,0,0,1.4000000000000001,0.0000,0.0000
1998,7,1,23,0,19.6,0,0,0,1.5,0.0000,0.0000
1998,7,1,23,30,19.3,0,0,0,1.6,0.0000,0.0000
1998,7,2,0,0,19.1,0,0,0,1.8,0.0000,0.0000
1998,7,2,0,30,18.900000000000002,0,0,0,1.8,0.0000,0.0000
1998,7,2,1,0,18.7,0,0,0,1.9000000000000001,0.0000,0.0000
1998,7,2,1,30,18.400000000000002,0,0,0,1.8,0.0000,0.0000
1998,7,2,2,0,18.1,0,0,0,1.8,0.0000,0.0000
1998,7,2,2,30,17.900000000000002,0,0,0,1.6,0.0000,0.0000
1998,7,2,3,0,17.6,0,0,0,1.5,0.0000,0.0000
1998,7,2,3,30,17.5,0,0,0,1.5,0.0000,0.0000
1998,7,2,4,0,17.400000000000002,0,0,0,1.6,0.0000,0.0000
1998,7,2,4,30,17.8,0,0,0,1.9000000000000001,0.0000,0.0000
1998,7,2,5,0,18.2,0,0,0,2.3000000000000003,0.0000,0.0000
1998,7,2,5,30,19,21,0,21,2.6,0.0000,0.0000
1998,7,2,6,0,19.8,56,6,57,2.9000000000000004,0.0000,0.0000
1998,7,2,6,30,20.8,79,7,81,2.7,3.9571,3.0405
1998,7,2,7,0,21.8,138,37,150,2.5,7.6969,5.9623
1998,7,2,7,30,23.200000000000003,192,222,289,3.1,15.4981,12.0704
1998,7,2,8,0,24.6,189,414,404,3.8000000000000003,22.4383,17.5373
1998,7,2,8,30,25.200000000000003,274,142,359,3.8000000000000003,20.4856,16.0488
1998,7,2,9,0,25.700000000000003,300,86,358,3.9000000000000004,20.8593,16.3682
1998,7,2,9,30,25.900000000000002,260,19,274,3.9000000000000004,16.2237,12.7455
1998,7,2,10,0,26,300,407,626,4,37.5240,29.5038
1998,7,2,10,30,26.3,324,19,340,4.2,20.5702,16.1833
1998,7,2,11,0,26.5,342,438,733,4.3,44.6485,35.1416
1998,7,2,11,30,26.8,354,2,356,4.6000000000000005,21.7854,17.1516
1998,7,2,12,0,27.200000000000003,157,825,933,4.800000000000001,57.2511,45.0809
1998,7,2,12,30,27.3,508,248,743,4.800000000000001,45.6356,35.9367
1998,7,2,13,0,27.5,170,808,931,4.800000000000001,57.1383,44.9926
1998,7,2,13,30,27.5,168,802,910,4.800000000000001,55.7074,43.8591
1998,7,2,14,0,27.6,174,781,874,4.7,53.2665,41.9260
1998,7,2,14,30,27.5,171,768,829,4.5,50.1937,39.4913
1998,7,2,15,0,27.5,170,744,771,4.4,46.2636,36.3780
1998,7,2,15,30,27.400000000000002,164,722,704,4.1000000000000005,41.7403,32.7946
1998,7,2,16,0,27.400000000000002,156,694,629,3.9000000000000004,36.7137,28.8129
1998,7,2,16,30,27.1,147,658,547,3.7,31.2854,24.5142
1998,7,2,17,0,26.900000000000002,131,627,462,3.4000000000000004,25.7352,20.1194
1998,7,2,17,30,26.5,118,571,371,3,19.9716,15.5610
1998,7,2,18,0,26.1,99,520,283,2.7,14.5882,11.3077
1998,7,2,18,30,25.200000000000003,81,430,195,2.4000000000000004,9.5684,7.3584
1998,7,2,19,0,24.3,58,330,116,2.1,5.5299,4.2148
1998,7,2,19,30,23.8,32,175,48,2.3000000000000003,0.0000,0.0000
1998,7,2,20,0,23.200000000000003,0,0,0,2.4000000000000004,0.0000,0.0000
1998,7,2,20,30,23,0,0,0,2.7,0.0000,0.0000
1998,7,2,21,0,22.8,0,0,0,3,0.0000,0.0000
1998,7,2,21,30,22.5,0,0,0,3.1,0.0000,0.0000
1998,7,2,22,0,22.200000000000003,0,0,0,3.2,0.0000,0.0000
1998,7,2,22,30,22,0,0,0,3.2,0.0000,0.0000
1998,7,2,23,0,21.700000000000003,0,0,0,3.1,0.0000,0.0000
1998,7,2,23,30,21.6,0,0,0,3,0.0000,0.0000
1998,7,3,0,0,21.400000000000002,0,0,0,2.9000000000000004,0.0000,0.0000
1998,7,3,0,30,21.3,0,0,0,2.8000000000000003,0.0000,0.0000
1998,7,3,1,0,21.200000000000003,0,0,0,2.7,0.0000,0.0000
1998,7,3,1,30,21.200000000000003,0,0,0,2.5,0.0000,0.0000
1998,7,3,2,0,21.1,0,0,0,2.4000000000000004,0.0000,0.0000
1998,7,3,2,30,21,0,0,0,2.2,0.0000,0.0000
1998,7,3,3,0,20.900000000000002,0,0,0,2,0.0000,0.0000
1998,7,3,3,30,20.8,0,0,0,1.8,0.0000,0.0000
1998,7,3,4,0,20.700000000000003,0,0,0,1.6,0.0000,0.0000
1998,7,3,4,30,20.8,0,0,0,1.7000000000000002,0.0000,0.0000
1998,7,3,5,0,21,0,0,0,1.8,0.0000,0.0000
1998,7,3,5,30,21.3,5,0,5,2,0.0000,0.0000
1998,7,3,6,0,21.6,6,0,6,2.2,0.0000,0.0000
1998,7,3,6,30,22.200000000000003,43,0,43,2.2,2.0992,1.6127
1998,7,3,7,0,22.700000000000003,46,0,47,2.3000000000000003,2.4100,1.8667
1998,7,3,7,30,23.400000000000002,108,3,110,2.2,5.8955,4.5914
1998,7,3,8,0,24.200000000000003,179,13,186,2,10.3259,8.0702
1998,7,3,8,30,25.1,259,52,290,1.8,16.5427,12.9594
1998,7,3,9,0,25.900000000000002,319,102,388,1.5,22.6013,17.7348
1998,7,3,9,30,26.700000000000003,340,253,528,1.3,31.2560,24.5546
1998,7,3,10,0,27.400000000000002,326,357,613,1.2000000000000002,36.7381,28.8855
1998,7,3,10,30,28,351,4,355,1.1,21.4749,16.8950
1998,7,3,11,0,28.700000000000003,474,210,662,1.1,40.3196,31.7342
1998,7,3,11,30,29.1,123,868,923,1.2000000000000002,56.4777,44.4644
1998,7,3,12,0,29.5,121,876,945,1.2000000000000002,57.9828,45.6569
1998,7,3,12,30,29.700000000000003,121,878,952,1.3,58.4687,46.0422
1998,7,3,13,0,29.900000000000002,227,666,854,1.5,52.4094,41.2687
1998,7,3,13,30,29.900000000000002,426,21,445,1.6,27.2401,21.4464
1998,7,3,14,0,29.900000000000002,115,869,895,1.8,54.5437,42.9311
1998,7,3,14,30,29.8,256,561,737,1.9000000000000001,44.6213,35.1069
1998,7,3,15,0,29.700000000000003,112,840,791,2,47.4618,37.3201
1998,7,3,15,30,29.400000000000002,108,821,723,2,42.8646,33.6779
1998,7,3,16,0,29.200000000000003,107,791,646,2,37.7047,29.5906
1998,7,3,16,30,28.8,101,760,562,2,32.1407,25.1841
1998,7,3,17,0,28.400000000000002,96,716,473,1.9000000000000001,26.3451,20.5961
1998,7,3,17,30,27.8,87,666,382,1.9000000000000001,20.5609,16.0199
1998,7,3,18,0,27.200000000000003,78,597,290,1.9000000000000001,14.9478,11.5863
1998,7,3,18,30,26.200000000000003,65,509,201,1.7000000000000002,9.8619,7.5840
1998,7,3,19,0,25.1,50,381,117,1.5,5.5777,4.2511
1998,7,3,19,30,24.400000000000002,29,216,49,1.5,0.0000,0.0000
1998,7,3,20,0,23.6,0,0,0,1.6,0.0000,0.0000
1998,7,3,20,30,23.400000000000002,0,0,0,1.7000000000000002,0.0000,0.0000
1998,7,3,21,0,23.1,0,0,0,1.8,0.0000,0.0000
1998,7,3,21,30,22.900000000000002,0,0,0,1.9000000000000001,0.0000,0.0000
1998,7,3,22,0,22.700000000000003,0,0,0,1.9000000000000001,0.0000,0.0000
1998,7,3,22,30,22.5,0,0,0,1.9000000000000001,0.0000,0.0000
1998,7,3,23,0,22.3,0,0,0,1.9000000000000001,0.0000,0.0000
1998,7,3,23,30,22.1,0,0,0,1.8,0.0000,0.0000
1998,7,4,0,0,21.900000000000002,0,0,0,1.7000000000000002,0.0000,0.0000
1998,7,4,0,30,21.700000000000003,0,0,0,1.6,0.0000,0.0000
1998,7,4,1,0,21.5,0,0,0,1.5,0.0000,0.0000
1998,7,4,1,30,21.400000000000002,0,0,0,1.5,0.0000,0.0000
1998,7,4,2,0,21.200000000000003,0,0,0,1.5,0.0000,0.0000
1998,7,4,2,30,21,0,0,0,1.6,0.0000,0.0000
1998,7,4,3,0,20.700000000000003,0,0,0,1.7000000000000002,0.0000,0.0000
1998,7,4,3,30,20.5,0,0,0,2,0.0000,0.0000
1998,7,4,4,0,20.3,0,0,0,2.2,0.0000,0.0000
1998,7,4,4,30,20.200000000000003,0,0,0,2.4000000000000004,0.0000,0.0000
1998,7,4,5,0,20.1,0,0,0,2.6,0.0000,0.0000
1998,7,4,5,30,20.5,13,0,13,2.7,0.0000,0.0000
1998,7,4,6,0,20.900000000000002,28,0,28,2.8000000000000003,0.0000,0.0000
1998,7,4,6,30,21.6,84,113,113,2.8000000000000003,5.5123,4.2341
1998,7,4,7,0,22.200000000000003,143,328,256,2.8000000000000003,13.1173,10.1592
1998,7,4,7,30,22.900000000000002,155,474,360,2.8000000000000003,19.2834,15.0167
1998,7,4,8,0,23.6,189,3,191,2.7,10.5982,8.2826
1998,7,4,8,30,24.3,312,67,352,2.7,20.0725,15.7243
1998,7,4,9,0,25,117,768,634,2.7,36.9213,28.9709
1998,7,4,9,30,25.5,123,793,711,2.7,42.0803,33.0577
1998,7,4,10,0,26,128,813,779,2.6,46.6792,36.7014
1998,7,4,10,30,26.400000000000002,131,827,835,2.6,50.5042,39.7329
1998,7,4,11,0,26.8,480,204,661,2.6,40.2535,31.6820
1998,7,4,11,30,27.1,492,180,659,2.6,40.3200,31.7434
1998,7,4,12,0,27.400000000000002,141,845,935,2.6,57.3647,45.1699
1998,7,4,12,30,27.5,142,847,943,2.7,57.9117,45.6033
1998,7,4,13,0,27.700000000000003,503,199,691,2.7,42.4036,33.3898
1998,7,4,13,30,27.700000000000003,471,138,598,2.8000000000000003,36.6036,28.8183
1998,7,4,14,0,27.700000000000003,142,826,882,2.9000000000000004,53.7487,42.3053
1998,7,4,14,30,27.6,461,173,610,2.9000000000000004,36.9304,29.0558
1998,7,4,15,0,27.6,425,118,520,2.9000000000000004,31.1994,24.5325
1998,7,4,15,30,27.3,135,768,711,2.9000000000000004,42.1511,33.1171
1998,7,4,16,0,27.1,313,31,334,2.8000000000000003,19.4931,15.2981
1998,7,4,16,30,26.8,209,1,210,2.7,12.0089,9.4096
1998,7,4,17,0,26.400000000000002,287,110,345,2.5,19.2137,15.0207
1998,7,4,17,30,26,234,147,299,2.3000000000000003,16.0912,12.5372
1998,7,4,18,0,25.6,99,509,279,2.2,14.3783,11.1446
1998,7,4,18,30,24.900000000000002,81,417,192,2,9.4178,7.2421
1998,7,4,19,0,24.3,60,294,111,1.8,5.2919,4.0332
1998,7,4,19,30,23.900000000000002,33,0,33,2.1,0.0000,0.0000
1998,7,4,20,0,23.5,0,0,0,2.3000000000000003,0.0000,0.0000
1998,7,4,20,30,23.3,0,0,0,2.7,0.0000,0.0000
1998,7,4,21,0,23.200000000000003,0,0,0,3.1,0.0000,0.0000
1998,7,4,21,30,23,0,0,0,3.3000000000000003,0.0000,0.0000
1998,7,4,22,0,22.8,0,0,0,3.5,0.0000,0.0000
1998,7,4,22,30,22.700000000000003,0,0,0,3.5,0.0000,0.0000
1998,7,4,23,0,22.6,0,0,0,3.5,0.0000,0.0000
1998,7,4,23,30,22.5,0,0,0,3.4000000000000004,0.0000,0.0000
1998,7,5,0,0,22.400000000000002,0,0,0,3.3000000000000003,0.0000,0.0000
1998,7,5,0,30,22.3,0,0,0,3.2,0.0000,0.0000
1998,7,5,1,0,22.200000000000003,0,0,0,3,0.0000,0.0000
1998,7,5,1,30,22.200000000000003,0,0,0,3,0.0000,0.0000
1998,7,5,2,0,22.200000000000003,0,0,0,2.9000000000000004,0.0000,0.0000
1998,7,5,2,30,22.1,0,0,0,2.8000000000000003,0.0000,0.0000
1998,7,5,3,0,22.1,0,0,0,2.7,0.0000,0.0000
1998,7,5,3,30,21.900000000000002,0,0,0,2.5,0.0000,0.0000
1998,7,5,4,0,21.8,0,0,0,2.2,0.0000,0.0000
1998,7,5,4,30,21.700000000000003,0,0,0,1.9000000000000001,0.0000,0.0000
1998,7,5,5,0,21.6,0,0,0,1.7000000000000002,0.0000,0.0000
1998,7,5,5,30,21.8,10,0,10,1.7000000000000002,0.0000,0.0000
1998,7,5,6,0,21.900000000000002,14,0,14,1.7000000000000002,0.0000,0.0000
1998,7,5,6,30,22.200000000000003,73,3,74,1.7000000000000002,3.6071,2.7702
1998,7,5,7,0,22.400000000000002,112,7,115,1.6,5.8878,4.5595
1998,7,5,7,30,22.700000000000003,205,97,246,1.6,13.1684,10.2540
1998,7,5,8,0,23,71,0,71,1.6,3.9379,3.0774
1998,7,5,8,30,23.400000000000002,146,3,148,1.3,8.4363,6.6086
1998,7,5,9,0,23.700000000000003,241,14,251,1.1,14.6127,11.4659
1998,7,5,9,30,24,337,114,422,1.5,24.9701,19.6158
1998,7,5,10,0,24.3,287,12,296,2,17.7336,13.9429
1998,7,5,10,30,24.700000000000003,385,50,427,2.4000000000000004,25.8229,20.3154
1998,7,5,11,0,25.1,320,1,321,2.7,19.5460,15.3838
1998,7,5,11,30,25.700000000000003,434,99,526,2.9000000000000004,32.1792,25.3341
1998,7,5,12,0,26.3,401,17,417,3,25.5817,20.1434
1998,7,5,12,30,26.700000000000003,343,19,360,3.1,22.1067,17.4081
1998,7,5,13,0,27.1,164,1,164,3.1,10.0632,7.9240
1998,7,5,13,30,27.400000000000002,136,0,136,3.1,8.3241,6.5536
1998,7,5,14,0,27.6,264,0,264,3.1,16.0870,12.6620
1998,7,5,14,30,27.8,352,4,355,3.1,21.4913,16.9087
1998,7,5,15,0,27.900000000000002,386,57,431,3.1,25.8579,20.3324
1998,7,5,15,30,27.900000000000002,136,761,706,3,41.8525,32.8825
1998,7,5,16,0,27.900000000000002,349,79,403,2.8000000000000003,23.5186,18.4572
1998,7,5,16,30,27.8,118,714,551,2.7,31.5064,24.6868
1998,7,5,17,0,27.700000000000003,231,25,244,2.5,13.5874,10.6221
1998,7,5,17,30,27.3,184,14,190,2.3000000000000003,10.2237,7.9655
1998,7,5,18,0,27,164,15,169,2,8.7071,6.7486
1998,7,5,18,30,26.200000000000003,109,4,111,1.7000000000000002,5.4432,4.1855
1998,7,5,19,0,25.400000000000002,82,12,85,1.4000000000000001,4.0525,3.0885
1998,7,5,19,30,24.700000000000003,32,3,32,1.5,0.0000,0.0000
1998,7,5,20,0,24,0,0,0,1.6,0.0000,0.0000
1998,7,5,20,30,23.900000000000002,0,0,0,1.7000000000000002,0.0000,0.0000
1998,7,5,21,0,23.8,0,0,0,1.9000000000000001,0.0000,0.0000
1998,7,5,21,30,23.6,0,0,0,1.9000000000000001,0.0000,0.0000
1998,7,5,22,0,23.5,0,0,0,2,0.0000,0.0000
1998,7,5,22,30,23.400000000000002,0,0,0,2,0.0000,0.0000
1998,7,5,23,0,23.3,0,0,0,2.1,0.0000,0.0000
1998,7,5,23,30,23.1,0,0,0,2.1,0.0000,0.0000
1998,7,6,0,0,22.900000000000002,0,0,0,2.1,0.0000,0.0000
1998,7,6,0,30,22.700000000000003,0,0,0,2.1,0.0000,0.0000
1998,7,6,1,0,22.6,0,0,0,2.1,0.0000,0.0000
1998,7,6,1,30,22.400000000000002,0,0,0,2.1,0.0000,0.0000
1998,7,6,2,0,22.200000000000003,0,0,0,2.1,0.0000,0.0000
1998,7,6,2,30,22,0,0,0,1.9000000000000001,0.0000,0.0000
1998,7,6,3,0,21.8,0,0,0,1.8,0.0000,0.0000
1998,7,6,3,30,21.700000000000003,0,0,0,1.7000000000000002,0.0000,0.0000
1998,7,6,4,0,21.5,0,0,0,1.5,0.0000,0.0000
1998,7,6,4,30,21.700000000000003,0,0,0,1.6,0.0000,0.0000
1998,7,6,5,0,21.900000000000002,0,0,0,1.7000000000000002,0.0000,0.0000
1998,7,6,5,30,22.5,27,169,39,1.9000000000000001,0.0000,0.0000
1998,7,6,6,0,23.1,49,354,106,2,0.0000,0.0000
1998,7,6,6,30,23.900000000000002,65,487,187,1.8,9.1083,6.9939
1998,7,6,7,0,24.8,78,586,277,1.7000000000000002,14.1705,10.9724
1998,7,6,7,30,25.700000000000003,88,656,369,1.5,19.7397,15.3699
1998,7,6,8,0,26.700000000000003,96,712,462,1.4000000000000001,25.6112,20.0136
1998,7,6,8,30,27.5,103,753,551,1.3,31.3961,24.5933
1998,7,6,9,0,28.3,109,786,636,1.2000000000000002,37.0156,29.0436
1998,7,6,9,30,29.1,114,810,712,1.3,42.1198,33.0876
1998,7,6,10,0,29.8,120,826,780,1.5,46.7210,36.7333
1998,7,6,10,30,30.3,123,840,837,1.7000000000000002,50.6096,39.8151
1998,7,6,11,0,30.8,130,844,882,1.8,53.6988,42.2636
1998,7,6,11,30,30.900000000000002,132,851,915,1.9000000000000001,55.9706,44.0643
1998,7,6,12,0,31,136,851,934,1.9000000000000001,57.2926,45.1127
1998,7,6,12,30,31.1,136,851,941,2,57.7797,45.4989
1998,7,6,13,0,31.200000000000003,138,846,933,2,57.2455,45.0763
1998,7,6,13,30,31.400000000000002,137,841,913,2.1,55.8773,43.9923
1998,7,6,14,0,31.5,137,831,880,2.1,53.6201,42.2038
1998,7,6,14,30,31.6,134,819,834,2.1,50.4854,39.7202
1998,7,6,15,0,31.6,133,799,777,2.1,46.6126,36.6518
1998,7,6,15,30,31.6,128,778,710,2,42.0854,33.0652
1998,7,6,16,0,31.6,321,226,475,1.9000000000000001,27.7178,21.7525
1998,7,6,16,30,31.5,148,3,150,1.8,8.5760,6.7196
1998,7,6,17,0,31.400000000000002,104,1,104,1.7000000000000002,5.7904,4.5267
1998,7,6,17,30,30.700000000000003,68,0,68,1.6,3.6583,2.8502
1998,7,6,18,0,30,57,0,57,1.6,2.9359,2.2755
1998,7,6,18,30,28.900000000000002,38,0,38,1.6,1.8630,1.4324
1998,7,6,19,0,27.8,49,2,50,1.6,2.3840,1.8168
1998,7,6,19,30,27.200000000000003,14,0,14,2,0.0000,0.0000
1998,7,6,20,0,26.6,0,0,0,2.4000000000000004,0.0000,0.0000
1998,7,6,20,30,26.3,0,0,0,2.6,0.0000,0.0000
1998,7,6,21,0,26,0,0,0,2.7,0.0000,0.0000
1998,7,6,21,30,25.700000000000003,0,0,0,3,0.0000,0.0000
1998,7,6,22,0,25.3,0,0,0,3.3000000000000003,0.0000,0.0000
1998,7,6,22,30,25.1,0,0,0,3.5,0.0000,0.0000
1998,7,6,23,0,24.900000000000002,0,0,0,3.7,0.0000,0.0000
1998,7,6,23,30,24.6,0,0,0,3.7,0.0000,0.0000
1998,7,7,0,0,24.400000000000002,0,0,0,3.7,0.0000,0.0000
1998,7,7,0,30,24.200000000000003,0,0,0,3.4000000000000004,0.0000,0.0000
1998,7,7,1,0,24,0,0,0,3.1,0.0000,0.0000
1998,7,7,1,30,23.900000000000002,0,0,0,2.9000000000000004,0.0000,0.0000
1998,7,7,2,0,23.700000000000003,0,0,0,2.6,0.0000,0.0000
1998,7,7,2,30,23.6,0,0,0,2.4000000000000004,0.0000,0.0000
1998,7,7,3,0,23.6,0,0,0,2.3000000000000003,0.0000,0.0000
1998,7,7,3,30,23.5,0,0,0,2.1,0.0000,0.0000
1998,7,7,4,0,23.400000000000002,0,0,0,1.9000000000000001,0.0000,0.0000
1998,7,7,4,30,23.3,0,0,0,2,0.0000,0.0000
1998,7,7,5,0,23.3,0,0,0,2,0.0000,0.0000
1998,7,7,5,30,23.6,28,2,28,2.3000000000000003,0.0000,0.0000
1998,7,7,6,0,23.8,61,7,62,2.6,0.0000,0.0000
1998,7,7,6,30,24.1,124,72,142,2.8000000000000003,6.9106,5.3055
1998,7,7,7,0,24.400000000000002,143,292,243,3,12.4200,9.6158
1998,7,7,7,30,25,229,112,277,3.1,14.8085,11.5294
1998,7,7,8,0,25.6,242,32,259,3.3000000000000003,14.3497,11.2129
1998,7,7,8,30,26.3,274,28,290,3.4000000000000004,16.5178,12.9384
1998,7,7,9,0,27,317,40,344,3.5,20.0150,15.7040
1998,7,7,9,30,27.6,397,183,532,3.6,31.4642,24.7166
1998,7,7,10,0,28.1,342,449,700,3.7,41.9213,32.9593
1998,7,7,10,30,28.5,93,904,861,3.7,52.0523,40.9496
1998,7,7,11,0,28.900000000000002,471,236,681,3.7,41.4554,32.6272
1998,7,7,11,30,29.1,95,922,943,3.8000000000000003,57.6767,45.4071
1998,7,7,12,0,29.400000000000002,94,929,966,3.8000000000000003,59.2496,46.6534
1998,7,7,12,30,29.5,94,931,974,3.8000000000000003,59.8004,47.0899
1998,7,7,13,0,29.6,92,933,968,3.8000000000000003,59.3882,46.7633
1998,7,7,13,30,29.5,91,929,949,3.7,58.0764,45.7234
1998,7,7,14,0,29.5,89,924,916,3.7,55.8095,43.9268
1998,7,7,14,30,29.400000000000002,88,915,870,3.5,52.6605,41.4313
1998,7,7,15,0,29.200000000000003,85,901,812,3.4000000000000004,48.7084,38.2995
1998,7,7,15,30,29.1,82,885,744,3.2,44.0975,34.6458
1998,7,7,16,0,28.900000000000002,79,862,666,3,38.8583,30.4951
1998,7,7,16,30,28.5,75,836,581,2.6,33.2135,26.0239
1998,7,7,17,0,28.1,71,800,491,2.3000000000000003,27.3329,21.3673
1998,7,7,17,30,27.6,65,754,398,2.1,21.4055,16.6766
1998,7,7,18,0,27.1,59,693,303,1.9000000000000001,15.6014,12.0912
1998,7,7,18,30,25.900000000000002,50,612,211,1.4000000000000001,10.3406,7.9503
1998,7,7,19,0,24.700000000000003,40,494,125,1,0.0000,0.0000
1998,7,7,19,30,23.900000000000002,24,320,52,0.9,0.0000,0.0000
1998,7,7,20,0,23.1,0,0,0,0.9,0.0000,0.0000
1998,7,7,20,30,22.8,0,0,0,0.9,0.0000,0.0000
1998,7,7,21,0,22.5,0,0,0,0.9,0.0000,0.0000
1998,7,7,21,30,22.200000000000003,0,0,0,0.9,0.0000,0.0000
1998,7,7,22,0,21.900000000000002,0,0,0,0.9,0.0000,0.0000
1998,7,7,22,30,21.6,0,0,0,1,0.0000,0.0000
1998,7,7,23,0,21.200000000000003,0,0,0,1,0.0000,0.0000
1998,7,7,23,30,20.900000000000002,0,0,0,1,0.0000,0.0000
1998,7,8,0,0,20.6,0,0,0,1,0.0000,0.0000
1998,7,8,0,30,20.3,0,0,0,1,0.0000,0.0000
1998,7,8,1,0,20,0,0,0,1,0.0000,0.0000
1998,7,8,1,30,19.8,0,0,0,1,0.0000,0.0000
1998,7,8,2,0,19.6,0,0,0,1,0.0000,0.0000
1998,7,8,2,30,19.400000000000002,0,0,0,1,0.0000,0.0000
1998,7,8,3,0,19.3,0,0,0,1,0.0000,0.0000
1998,7,8,3,30,19.3,0,0,0,1,0.0000,0.0000
1998,7,8,4,0,19.3,0,0,0,1,0.0000,0.0000
1998,7,8,4,30,19.6,0,0,0,0.9,0.0000,0.0000
1998,7,8,5,0,19.900000000000002,0,0,0,0.8,0.0000,0.0000
1998,7,8,5,30,20.8,19,0,19,0.9,0.0000,0.0000
1998,7,8,6,0,21.700000000000003,69,4,70,1,0.0000,0.0000
1998,7,8,6,30,22.200000000000003,52,574,195,1.1,9.4829,7.2790
1998,7,8,7,0,22.6,66,645,283,1.1,14.4527,11.1883
1998,7,8,7,30,23.400000000000002,74,709,376,1,20.0863,15.6373
1998,7,8,8,0,24.3,84,751,468,0.8,25.9161,20.2498
1998,7,8,8,30,25.5,90,788,557,1,31.7133,24.8402
1998,7,8,9,0,26.8,97,814,640,1.2000000000000002,37.2247,29.2063
1998,7,8,9,30,27.3,101,836,717,1.2000000000000002,42.3945,33.3023
1998,7,8,10,0,27.8,189,660,715,1.2000000000000002,42.8108,33.6581
1998,7,8,10,30,28.1,200,680,777,1,46.9664,36.9481
1998,7,8,11,0,28.400000000000002,192,650,769,0.9,46.8056,36.8377
1998,7,8,11,30,28.700000000000003,246,629,823,0.8,50.3312,39.6240
1998,7,8,12,0,28.900000000000002,391,473,835,0.7000000000000001,51.2091,40.3220
1998,7,8,12,30,29,138,747,842,0.8,51.6912,40.7041
1998,7,8,13,0,29.200000000000003,290,560,816,0.9,50.0584,39.4166
1998,7,8,13,30,29.1,222,667,837,1,51.2181,40.3237
1998,7,8,14,0,29.1,354,398,710,1.2000000000000002,43.2546,34.0449
1998,7,8,14,30,29,409,138,526,1.2000000000000002,31.8359,25.0472
1998,7,8,15,0,28.900000000000002,365,118,460,1.2000000000000002,27.5912,21.6950
1998,7,8,15,30,28.8,321,47,356,1.2000000000000002,21.0983,16.5761
1998,7,8,16,0,28.700000000000003,214,1,215,1.1,12.5431,9.8435
1998,7,8,16,30,28.400000000000002,229,3,231,1.2000000000000002,13.2032,10.3450
1998,7,8,17,0,28.200000000000003,213,11,219,1.3,12.1886,9.5282
1998,7,8,17,30,27.5,163,5,165,1.3,8.8717,6.9115
1998,7,8,18,0,26.900000000000002,174,29,185,1.3,9.5223,7.3795
1998,7,8,18,30,26,118,10,121,1.1,5.9273,4.5568
1998,7,8,19,0,25.1,61,1,61,0.8,0.0000,0.0000
1998,7,8,19,30,24.5,18,0,18,0.9,0.0000,0.0000
1998,7,8,20,0,24,0,0,0,0.9,0.0000,0.0000
1998,7,8,20,30,23.8,0,0,0,0.9,0.0000,0.0000
1998,7,8,21,0,23.5,0,0,0,0.9,0.0000,0.0000
1998,7,8,21,30,23.3,0,0,0,0.9,0.0000,0.0000
1998,7,8,22,0,23.1,0,0,0,0.9,0.0000,0.0000
1998,7,8,22,30,22.900000000000002,0,0,0,0.9,0.0000,0.0000
1998,7,8,23,0,22.6,0,0,0,0.9,0.0000,0.0000
1998,7,8,23,30,22.400000000000002,0,0,0,0.9,0.0000,0.0000
1998,7,9,0,0,22.200000000000003,0,0,0,0.9,0.0000,0.0000
1998,7,9,0,30,21.900000000000002,0,0,0,0.9,0.0000,0.0000
1998,7,9,1,0,21.700000000000003,0,0,0,0.9,0.0000,0.0000
1998,7,9,1,30,21.400000000000002,0,0,0,0.9,0.0000,0.0000
1998,7,9,2,0,21.200000000000003,0,0,0,0.9,0.0000,0.0000
1998,7,9,2,30,21.1,0,0,0,0.9,0.0000,0.0000
1998,7,9,3,0,20.900000000000002,0,0,0,0.9,0.0000,0.0000
1998,7,9,3,30,20.8,0,0,0,0.9,0.0000,0.0000
1998,7,9,4,0,20.700000000000003,0,0,0,0.8,0.0000,0.0000
1998,7,9,4,30,21,0,0,0,0.8,0.0000,0.0000
1998,7,9,5,0,21.200000000000003,0,0,0,0.7000000000000001,0.0000,0.0000
1998,7,9,5,30,22.1,19,0,19,0.7000000000000001,0.0000,0.0000
1998,7,9,6,0,23,64,15,66,0.7000000000000001,0.0000,0.0000
1998,7,9,6,30,23.700000000000003,6,0,6,0.7000000000000001,0.2915,0.2237
1998,7,9,7,0,24.3,96,10,99,0.6000000000000001,5.0513,3.9099
1998,7,9,7,30,25.5,102,5,104,0.5,5.5521,4.3220
1998,7,9,8,0,26.700000000000003,194,27,208,0.4,11.5117,8.9943
1998,7,9,8,30,27.1,254,58,288,0.5,16.3904,12.8377
1998,7,9,9,0,27.5,332,112,406,0.7000000000000001,23.6073,18.5217
1998,7,9,9,30,27.6,279,49,315,0.8,18.6203,14.6266
1998,7,9,10,0,27.8,351,100,431,1,25.8009,20.2846
1998,7,9,10,30,27.900000000000002,343,277,577,1.1,34.8709,27.4324
1998,7,9,11,0,28.1,464,158,604,1.3,36.7575,28.9292
1998,7,9,11,30,28.200000000000003,397,252,628,1.5,38.4009,30.2314
1998,7,9,12,0,28.3,378,4,381,1.7000000000000002,23.3635,18.3963
1998,7,9,12,30,28.3,258,0,258,1.9000000000000001,15.8373,12.4709
1998,7,9,13,0,28.3,398,6,404,2,24.7816,19.5132
1998,7,9,13,30,28.200000000000003,487,214,684,2,41.8517,32.9494
1998,7,9,14,0,28.1,457,136,578,2,35.2098,27.7128
1998,7,9,14,30,27.900000000000002,429,293,680,1.9000000000000001,41.1528,32.3771
1998,7,9,15,0,27.6,134,794,774,1.8,46.4197,36.4995
1998,7,9,15,30,27.3,130,774,707,1.6,41.8949,32.9149
1998,7,9,16,0,27,123,750,633,1.4000000000000001,36.9233,28.9761
1998,7,9,16,30,26.6,116,719,551,1.3,31.4881,24.6713
1998,7,9,17,0,26.200000000000003,106,681,464,1.3,25.8187,20.1827
1998,7,9,17,30,25.700000000000003,97,629,373,1.1,20.0497,15.6193
1998,7,9,18,0,25.200000000000003,185,52,203,1,10.4442,8.0934
1998,7,9,18,30,24.6,129,20,135,0.8,6.6102,5.0813
1998,7,9,19,0,23.900000000000002,81,155,108,0.7000000000000001,0.0000,0.0000
1998,7,9,19,30,23.5,29,0,29,0.7000000000000001,0.0000,0.0000
1998,7,9,20,0,23.1,0,0,0,0.7000000000000001,0.0000,0.0000
1998,7,9,20,30,22.900000000000002,0,0,0,0.7000000000000001,0.0000,0.0000
1998,7,9,21,0,22.6,0,0,0,0.6000000000000001,0.0000,0.0000
1998,7,9,21,30,22.400000000000002,0,0,0,0.6000000000000001,0.0000,0.0000
1998,7,9,22,0,22.1,0,0,0,0.6000000000000001,0.0000,0.0000
1998,7,9,22,30,21.900000000000002,0,0,0,0.6000000000000001,0.0000,0.0000
1998,7,9,23,0,21.6,0,0,0,0.6000000000000001,0.0000,0.0000
1998,7,9,23,30,21.400000000000002,0,0,0,0.6000000000000001,0.0000,0.0000
1998,7,10,0,0,21.200000000000003,0,0,0,0.6000000000000001,0.0000,0.0000
1998,7,10,0,30,21,0,0,0,0.6000000000000001,0.0000,0.0000
1998,7,10,1,0,20.900000000000002,0,0,0,0.6000000000000001,0.0000,0.0000
1998,7,10,1,30,20.700000000000003,0,0,0,0.6000000000000001,0.0000,0.0000
1998,7,10,2,0,20.5,0,0,0,0.6000000000000001,0.0000,0.0000
1998,7,10,2,30,20.400000000000002,0,0,0,0.6000000000000001,0.0000,0.0000
1998,7,10,3,0,20.200000000000003,0,0,0,0.6000000000000001,0.0000,0.0000
1998,7,10,3,30,20.1,0,0,0,0.6000000000000001,0.0000,0.0000
1998,7,10,4,0,20,0,0,0,0.7000000000000001,0.0000,0.0000
1998,7,10,4,30,20.3,0,0,0,0.7000000000000001,0.0000,0.0000
1998,7,10,5,0,20.5,0,0,0,0.8,0.0000,0.0000
1998,7,10,5,30,21.1,19,0,19,1.1,0.0000,0.0000
1998,7,10,6,0,21.8,55,4,56,1.5,0.0000,0.0000
1998,7,10,6,30,22.5,72,1,72,1.9000000000000001,3.4954,2.6820
1998,7,10,7,0,23.1,160,194,225,2.2,11.4699,8.8769
1998,7,10,7,30,23.700000000000003,219,36,234,2.5,12.4821,9.7158
1998,7,10,8,0,24.3,276,74,313,2.8000000000000003,17.3131,13.5263
1998,7,10,8,30,24.8,236,374,457,2.9000000000000004,25.9970,20.3613
1998,7,10,9,0,25.200000000000003,341,262,515,3.1,29.9350,23.4857
1998,7,10,9,30,25.6,258,492,619,3.1,36.5807,28.7343
1998,7,10,10,0,26,269,513,677,3.1,40.5179,31.8545
1998,7,10,10,30,26.400000000000002,301,445,678,3.2,40.9674,32.2280
1998,7,10,11,0,26.700000000000003,171,776,859,3.2,52.2677,41.1357
1998,7,10,11,30,27,173,786,894,3.2,54.6592,43.0306
1998,7,10,12,0,27.200000000000003,180,783,912,3.2,55.9186,44.0296
1998,7,10,12,30,27.3,509,168,668,3.1,41.0004,32.2852
1998,7,10,13,0,27.400000000000002,277,550,792,3.1,48.5764,38.2492
1998,7,10,13,30,27.400000000000002,186,768,893,3,54.6340,43.0125
1998,7,10,14,0,27.3,298,538,778,3,47.3883,37.2980
1998,7,10,14,30,27.3,473,190,635,3,38.4252,30.2309
1998,7,10,15,0,27.200000000000003,281,445,639,2.9000000000000004,38.3194,30.1301
1998,7,10,15,30,27,416,150,528,2.8000000000000003,31.2831,24.5774
1998,7,10,16,0,26.8,227,503,569,2.8000000000000003,33.1848,26.0419
1998,7,10,16,30,26.5,210,464,490,2.7,27.9962,21.9350
1998,7,10,17,0,26.200000000000003,133,610,452,2.5,25.1441,19.6549
1998,7,10,17,30,25.8,120,554,363,2.2,19.5053,15.1946
1998,7,10,18,0,25.400000000000002,176,209,249,2,12.8052,9.9224
1998,7,10,18,30,24.700000000000003,134,127,167,1.5,8.1735,6.2824
1998,7,10,19,0,23.900000000000002,86,75,99,1.1,0.0000,0.0000
1998,7,10,19,30,23.3,25,0,25,1.1,0.0000,0.0000
1998,7,10,20,0,22.6,0,0,0,1,0.0000,0.0000
1998,7,10,20,30,22.400000000000002,0,0,0,1,0.0000,0.0000
1998,7,10,21,0,22.1,0,0,0,1,0.0000,0.0000
1998,7,10,21,30,21.900000000000002,0,0,0,1,0.0000,0.0000
1998,7,10,22,0,21.6,0,0,0,1,0.0000,0.0000
1998,7,10,22,30,21.3,0,0,0,1,0.0000,0.0000
1998,7,10,23,0,21.1,0,0,0,1,0.0000,0.0000
1998,7,10,23,30,20.8,0,0,0,1,0.0000,0.0000
1998,7,11,0,0,20.6,0,0,0,0.9,0.0000,0.0000
1998,7,11,0,30,20.400000000000002,0,0,0,0.9,0.0000,0.0000
1998,7,11,1,0,20.200000000000003,0,0,0,0.9,0.0000,0.0000
1998,7,11,1,30,20.1,0,0,0,0.9,0.0000,0.0000
1998,7,11,2,0,20,0,0,0,1,0.0000,0.0000
1998,7,11,2,30,19.900000000000002,0,0,0,1,0.0000,0.0000
1998,7,11,3,0,19.8,0,0,0,1.1,0.0000,0.0000
1998,7,11,3,30,19.700000000000003,0,0,0,1.2000000000000002,0.0000,0.0000
1998,7,11,4,0,19.700000000000003,0,0,0,1.2000000000000002,0.0000,0.0000
1998,7,11,4,30,20,0,0,0,1.6,0.0000,0.0000
1998,7,11,5,0,20.3,0,0,0,1.9000000000000001,0.0000,0.0000
1998,7,11,5,30,20.900000000000002,23,177,35,2.3000000000000003,0.0000,0.0000
1998,7,11,6,0,21.6,48,328,98,2.7,0.0000,0.0000
1998,7,11,6,30,22.3,121,19,125,3,6.0634,4.6516
1998,7,11,7,0,22.900000000000002,177,57,195,3.3000000000000003,9.9307,7.6845
1998,7,11,7,30,23.6,224,53,246,3.6,13.1125,10.2057
1998,7,11,8,0,24.3,275,108,330,3.9000000000000004,18.2429,14.2521
1998,7,11,8,30,24.900000000000002,319,96,375,3.9000000000000004,21.3229,16.6999
1998,7,11,9,0,25.400000000000002,106,797,635,4,36.8964,28.9465
1998,7,11,9,30,25.8,111,822,714,4.1000000000000005,42.1826,33.1339
1998,7,11,10,0,26.3,428,192,581,4.1000000000000005,34.7644,27.3308
1998,7,11,10,30,26.6,452,153,581,4.1000000000000005,35.0993,27.6114
1998,7,11,11,0,26.900000000000002,475,194,648,4.1000000000000005,39.4226,31.0261
1998,7,11,11,30,27.200000000000003,399,286,661,4.1000000000000005,40.4078,31.8109
1998,7,11,12,0,27.5,478,303,761,4.1000000000000005,46.6541,36.7346
1998,7,11,12,30,27.6,258,590,813,4.1000000000000005,49.8946,39.2886
1998,7,11,13,0,27.8,323,498,789,4.1000000000000005,48.3871,38.0999
1998,7,11,13,30,27.900000000000002,481,160,628,4,38.4172,30.2451
1998,7,11,14,0,27.900000000000002,467,149,600,4,36.5425,28.7614
1998,7,11,14,30,27.900000000000002,231,641,778,3.9000000000000004,47.0732,37.0344
1998,7,11,15,0,27.8,119,836,792,3.9000000000000004,47.4878,37.3387
1998,7,11,15,30,27.6,380,271,583,3.8000000000000003,34.5374,27.1339
1998,7,11,16,0,27.400000000000002,245,425,533,3.7,31.0792,24.3891
1998,7,11,16,30,27,176,516,488,3.5,27.8761,21.8405
1998,7,11,17,0,26.6,198,385,399,3.3000000000000003,22.1886,17.3441
1998,7,11,17,30,26.1,145,469,350,3,18.7987,14.6436
1998,7,11,18,0,25.6,162,14,167,2.6,8.5837,6.6508
1998,7,11,18,30,24.8,107,4,108,2.4000000000000004,5.2831,4.0603
1998,7,11,19,0,24,79,8,81,2.1,0.0000,0.0000
1998,7,11,19,30,23.6,32,1,32,2.2,0.0000,0.0000
1998,7,11,20,0,23.1,0,0,0,2.3000000000000003,0.0000,0.0000
1998,7,11,20,30,22.900000000000002,0,0,0,2.4000000000000004,0.0000,0.0000
1998,7,11,21,0,22.700000000000003,0,0,0,2.5,0.0000,0.0000
1998,7,11,21,30,22.5,0,0,0,2.5,0.0000,0.0000
1998,7,11,22,0,22.200000000000003,0,0,0,2.6,0.0000,0.0000
1998,7,11,22,30,22,0,0,0,2.6,0.0000,0.0000
1998,7,11,23,0,21.700000000000003,0,0,0,2.6,0.0000,0.0000
1998,7,11,23,30,21.6,0,0,0,2.5,0.0000,0.0000
1998,7,12,0,0,21.400000000000002,0,0,0,2.5,0.0000,0.0000
1998,7,12,0,30,21.3,0,0,0,2.5,0.0000,0.0000
1998,7,12,1,0,21.200000000000003,0,0,0,2.6,0.0000,0.0000
1998,7,12,1,30,21.1,0,0,0,2.6,0.0000,0.0000
1998,7,12,2,0,21,0,0,0,2.6,0.0000,0.0000
1998,7,12,2,30,20.900000000000002,0,0,0,2.6,0.0000,0.0000
1998,7,12,3,0,20.8,0,0,0,2.6,0.0000,0.0000
1998,7,12,3,30,20.700000000000003,0,0,0,2.5,0.0000,0.0000
1998,7,12,4,0,20.6,0,0,0,2.5,0.0000,0.0000
1998,7,12,4,30,20.700000000000003,0,0,0,2.6,0.0000,0.0000
1998,7,12,5,0,20.700000000000003,0,0,0,2.7,0.0000,0.0000
1998,7,12,5,30,21.200000000000003,22,65,27,2.9000000000000004,0.0000,0.0000
1998,7,12,6,0,21.700000000000003,59,174,85,3.2,0.0000,0.0000
1998,7,12,6,30,22.3,56,0,56,3.4000000000000004,2.7140,2.0817
1998,7,12,7,0,23,121,2,121,3.5,6.1560,4.7629
1998,7,12,7,30,23.700000000000003,105,0,105,3.6,5.5926,4.3525
1998,7,12,8,0,24.5,181,1,181,3.7,9.9997,7.8116
1998,7,12,8,30,25.200000000000003,336,114,403,3.6,22.9039,17.9374
1998,7,12,9,0,25.900000000000002,178,639,601,3.6,34.9089,27.3865
1998,7,12,9,30,26.6,392,79,450,3.5,26.5779,20.8761
1998,7,12,10,0,27.3,372,144,486,3.5,29.0733,22.8562
1998,7,12,10,30,27.700000000000003,477,188,636,3.5,38.4149,30.2193
1998,7,12,11,0,28.200000000000003,419,237,628,3.4000000000000004,38.1998,30.0634
1998,7,12,11,30,28.400000000000002,359,400,725,3.3000000000000003,44.3135,34.8853
1998,7,12,12,0,28.6,438,138,567,3.3000000000000003,34.7561,27.3661
1998,7,12,12,30,28.5,420,73,489,3.1,30.0067,23.6281
1998,7,12,13,0,28.5,412,40,449,3,27.5329,21.6792
1998,7,12,13,30,28.400000000000002,453,103,547,2.9000000000000004,33.4583,26.3408
1998,7,12,14,0,28.200000000000003,445,122,554,2.7,33.7366,26.5527
1998,7,12,14,30,28.1,407,186,566,2.6,34.2417,26.9391
1998,7,12,15,0,28,385,229,569,2.4000000000000004,34.1121,26.8214
1998,7,12,15,30,27.8,350,269,551,2.2,32.6359,25.6396
1998,7,12,16,0,27.6,161,682,623,2,36.3200,28.5014
1998,7,12,16,30,27.5,329,74,374,1.8,21.3587,16.7339
1998,7,12,17,0,27.3,135,611,454,1.5,25.2389,19.7278
1998,7,12,17,30,26.900000000000002,122,553,363,1.3,19.4887,15.1803
1998,7,12,18,0,26.5,102,492,274,1.1,14.0759,10.9055
1998,7,12,18,30,25.700000000000003,83,399,186,1,9.0930,6.9876
1998,7,12,19,0,24.900000000000002,57,290,106,0.8,0.0000,0.0000
1998,7,12,19,30,24.3,29,139,40,0.9,0.0000,0.0000
1998,7,12,20,0,23.8,0,0,0,1,0.0000,0.0000
1998,7,12,20,30,23.6,0,0,0,1.1,0.0000,0.0000
1998,7,12,21,0,23.400000000000002,0,0,0,1.3,0.0000,0.0000
1998,7,12,21,30,23.3,0,0,0,1.4000000000000001,0.0000,0.0000
1998,7,12,22,0,23.1,0,0,0,1.6,0.0000,0.0000
1998,7,12,22,30,22.900000000000002,0,0,0,1.6,0.0000,0.0000
1998,7,12,23,0,22.700000000000003,0,0,0,1.7000000000000002,0.0000,0.0000
1998,7,12,23,30,22.5,0,0,0,1.7000000000000002,0.0000,0.0000
1998,7,13,0,0,22.3,0,0,0,1.7000000000000002,0.0000,0.0000
1998,7,13,0,30,22,0,0,0,1.6,0.0000,0.0000
1998,7,13,1,0,21.8,0,0,0,1.5,0.0000,0.0000
1998,7,13,1,30,21.5,0,0,0,1.5,0.0000,0.0000
1998,7,13,2,0,21.3,0,0,0,1.4000000000000001,0.0000,0.0000
1998,7,13,2,30,21.200000000000003,0,0,0,1.3,0.0000,0.0000
1998,7,13,3,0,21,0,0,0,1.3,0.0000,0.0000
1998,7,13,3,30,20.900000000000002,0,0,0,1.2000000000000002,0.0000,0.0000
1998,7,13,4,0,20.8,0,0,0,1.1,0.0000,0.0000
1998,7,13,4,30,21,0,0,0,1.3,0.0000,0.0000
1998,7,13,5,0,21.3,0,0,0,1.5,0.0000,0.0000
1998,7,13,5,30,22.1,23,134,31,1.9000000000000001,0.0000,0.0000
1998,7,13,6,0,22.8,48,315,95,2.3000000000000003,0.0000,0.0000
1998,7,13,6,30,23.700000000000003,68,449,175,2.3000000000000003,8.4734,6.4977
1998,7,13,7,0,24.700000000000003,81,560,265,2.3000000000000003,13.4685,10.4191
1998,7,13,7,30,25.700000000000003,94,633,358,2.3000000000000003,19.0526,14.8263
1998,7,13,8,0,26.8,101,697,452,2.3000000000000003,24.9571,19.4951
1998,7,13,8,30,27.6,109,741,543,2.2,30.8456,24.1559
1998,7,13,9,0,28.400000000000002,116,775,629,2.2,36.5215,28.6508
1998,7,13,9,30,28.8,122,802,707,2.2,41.7444,32.7884
1998,7,13,10,0,29.3,127,821,777,2.2,46.4696,36.5319
1998,7,13,10,30,29.700000000000003,131,837,836,2.3000000000000003,50.4841,39.7130
1998,7,13,11,0,30.1,135,848,884,2.4000000000000004,53.7623,42.3107
1998,7,13,11,30,30.3,137,856,919,2.5,56.1625,44.2129
1998,7,13,12,0,30.6,138,861,941,2.6,57.6740,45.4108
1998,7,13,12,30,30.700000000000003,139,863,950,2.7,58.2881,45.8972
1998,7,13,13,0,30.8,140,859,944,2.7,57.8790,45.5732
1998,7,13,13,30,30.8,139,855,924,2.8000000000000003,56.5116,44.4897
1998,7,13,14,0,30.900000000000002,137,847,892,2.9000000000000004,54.3133,42.7475
1998,7,13,14,30,30.8,134,836,846,2.9000000000000004,51.1736,40.2598
1998,7,13,15,0,30.700000000000003,130,821,789,2.9000000000000004,47.2946,37.1861
1998,7,13,15,30,30.400000000000002,126,803,723,2.9000000000000004,42.8158,33.6369
1998,7,13,16,0,30.200000000000003,121,775,646,3,37.6535,29.5474
1998,7,13,16,30,29.8,114,743,561,2.9000000000000004,32.0286,25.0928
1998,7,13,17,0,29.5,108,698,471,2.8000000000000003,26.1753,20.4592
1998,7,13,17,30,28.8,98,644,378,2.6,20.2853,15.8001
1998,7,13,18,0,28.200000000000003,87,570,285,2.3000000000000003,14.6319,11.3353
1998,7,13,18,30,27.200000000000003,72,479,195,2,9.5272,7.3204
1998,7,13,19,0,26.1,53,350,111,1.7000000000000002,0.0000,0.0000
1998,7,13,19,30,25.400000000000002,28,183,43,1.7000000000000002,0.0000,0.0000
1998,7,13,20,0,24.6,0,0,0,1.8,0.0000,0.0000
1998,7,13,20,30,24.400000000000002,0,0,0,2,0.0000,0.0000
1998,7,13,21,0,24.1,0,0,0,2.1,0.0000,0.0000
1998,7,13,21,30,23.8,0,0,0,2.3000000000000003,0.0000,0.0000
1998,7,13,22,0,23.5,0,0,0,2.4000000000000004,0.0000,0.0000
1998,7,13,22,30,23.3,0,0,0,2.6,0.0000,0.0000
1998,7,13,23,0,23,0,0,0,2.7,0.0000,0.0000
1998,7,13,23,30,22.700000000000003,0,0,0,2.8000000000000003,0.0000,0.0000
1998,7,14,0,0,22.5,0,0,0,2.8000000000000003,0.0000,0.0000
1998,7,14,0,30,22.3,0,0,0,2.9000000000000004,0.0000,0.0000
1998,7,14,1,0,22,0,0,0,2.9000000000000004,0.0000,0.0000
1998,7,14,1,30,21.900000000000002,0,0,0,2.8000000000000003,0.0000,0.0000
1998,7,14,2,0,21.700000000000003,0,0,0,2.8000000000000003,0.0000,0.0000
1998,7,14,2,30,21.5,0,0,0,2.7,0.0000,0.0000
1998,7,14,3,0,21.400000000000002,0,0,0,2.6,0.0000,0.0000
1998,7,14,3,30,21.200000000000003,0,0,0,2.5,0.0000,0.0000
1998,7,14,4,0,21.1,0,0,0,2.4000000000000004,0.0000,0.0000
1998,7,14,4,30,21.200000000000003,0,0,0,2.6,0.0000,0.0000
1998,7,14,5,0,21.3,0,0,0,2.7,0.0000,0.0000
1998,7,14,5,30,21.900000000000002,22,136,31,3,0.0000,0.0000
1998,7,14,6,0,22.6,48,326,96,3.3000000000000003,0.0000,0.0000
1998,7,14,6,30,23.5,68,463,178,3.3000000000000003,8.6114,6.6021
1998,7,14,7,0,24.400000000000002,80,581,270,3.4000000000000004,13.7089,10.6035
1998,7,14,7,30,25.5,92,654,364,3.6,19.3559,15.0609
1998,7,14,8,0,26.6,97,722,460,3.9000000000000004,25.3826,19.8263
1998,7,14,8,30,27.3,105,764,551,4.1000000000000005,31.2846,24.4988
1998,7,14,9,0,28,110,801,639,4.3,37.0880,29.0944
1998,7,14,9,30,28.5,115,825,716,4.4,42.2633,33.1952
1998,7,14,10,0,29,119,842,785,4.5,46.9370,36.8988
1998,7,14,10,30,29.400000000000002,123,856,843,4.6000000000000005,50.8965,40.0369
1998,7,14,11,0,29.700000000000003,128,861,888,4.800000000000001,53.9953,42.4936
1998,7,14,11,30,29.900000000000002,130,868,922,4.9,56.3371,44.3499
1998,7,14,12,0,30.200000000000003,136,863,940,5.1000000000000005,57.6045,45.3556
1998,7,14,12,30,30.3,136,863,947,5.1000000000000005,58.0962,45.7458
1998,7,14,13,0,30.3,141,851,936,5.2,57.3811,45.1807
1998,7,14,13,30,30.3,140,845,916,5.2,56.0145,44.0981
1998,7,14,14,0,30.3,144,827,880,5.2,53.5750,42.1660
1998,7,14,14,30,30.200000000000003,141,814,834,5.1000000000000005,50.4405,39.6826
1998,7,14,15,0,30.200000000000003,140,793,775,4.9,46.4470,36.5192
1998,7,14,15,30,30,135,772,708,4.7,41.9200,32.9327
1998,7,14,16,0,29.900000000000002,129,745,632,4.5,36.8290,28.8999
1998,7,14,16,30,29.6,121,712,549,4.2,31.3342,24.5482
1998,7,14,17,0,29.200000000000003,110,676,461,3.9000000000000004,25.6097,20.0164
1998,7,14,17,30,28.6,100,622,370,3.7,19.8447,15.4560
1998,7,14,18,0,28,85,560,279,3.5,14.3150,11.0888
1998,7,14,18,30,27.200000000000003,70,467,190,3.4000000000000004,9.2765,7.1267
1998,7,14,19,0,26.400000000000002,51,348,109,3.2,0.0000,0.0000
1998,7,14,19,30,25.8,27,182,41,3.4000000000000004,0.0000,0.0000
1998,7,14,20,0,25.3,0,0,0,3.5,0.0000,0.0000
1998,7,14,20,30,24.900000000000002,0,0,0,3.7,0.0000,0.0000
1998,7,14,21,0,24.5,0,0,0,3.8000000000000003,0.0000,0.0000
1998,7,14,21,30,24.1,0,0,0,3.8000000000000003,0.0000,0.0000
1998,7,14,22,0,23.700000000000003,0,0,0,3.9000000000000004,0.0000,0.0000
1998,7,14,22,30,23.3,0,0,0,3.9000000000000004,0.0000,0.0000
1998,7,14,23,0,23,0,0,0,3.8000000000000003,0.0000,0.0000
1998,7,14,23,30,22.700000000000003,0,0,0,3.7,0.0000,0.0000
1998,7,15,0,0,22.400000000000002,0,0,0,3.6,0.0000,0.0000
1998,7,15,0,30,22.200000000000003,0,0,0,3.5,0.0000,0.0000
1998,7,15,1,0,22,0,0,0,3.4000000000000004,0.0000,0.0000
1998,7,15,1,30,21.8,0,0,0,3.3000000000000003,0.0000,0.0000
1998,7,15,2,0,21.6,0,0,0,3.2,0.0000,0.0000
1998,7,15,2,30,21.400000000000002,0,0,0,3,0.0000,0.0000
1998,7,15,3,0,21.200000000000003,0,0,0,2.9000000000000004,0.0000,0.0000
1998,7,15,3,30,20.900000000000002,0,0,0,2.7,0.0000,0.0000
1998,7,15,4,0,20.700000000000003,0,0,0,2.5,0.0000,0.0000
1998,7,15,4,30,20.6,0,0,0,2.4000000000000004,0.0000,0.0000
1998,7,15,5,0,20.5,0,0,0,2.4000000000000004,0.0000,0.0000
1998,7,15,5,30,20.900000000000002,19,0,19,2.4000000000000004,0.0000,0.0000
1998,7,15,6,0,21.400000000000002,54,7,55,2.4000000000000004,0.0000,0.0000
1998,7,15,6,30,22.400000000000002,107,233,162,2.1,7.8302,6.0019
1998,7,15,7,0,23.3,175,72,198,1.9000000000000001,10.0421,7.7661
1998,7,15,7,30,24.3,136,507,346,2.1,18.3820,14.3017
1998,7,15,8,0,25.3,85,759,465,2.4000000000000004,25.6405,20.0264
1998,7,15,8,30,26.200000000000003,91,801,558,2.9000000000000004,31.6665,24.7967
1998,7,15,9,0,27,92,842,647,3.4000000000000004,37.5367,29.4454
1998,7,15,9,30,27.700000000000003,97,866,727,3.5,42.8987,33.6935
1998,7,15,10,0,28.3,97,890,799,3.7,47.7619,37.5466
1998,7,15,10,30,28.700000000000003,100,902,857,3.7,51.7303,40.6923
1998,7,15,11,0,29.1,101,911,904,3.6,54.9584,43.2511
1998,7,15,11,30,29.5,103,916,938,3.6,57.3051,45.1115
1998,7,15,12,0,29.8,105,915,957,3.5,58.6373,46.1684
1998,7,15,12,30,30,105,915,963,3.5,59.0693,46.5116
1998,7,15,13,0,30.200000000000003,108,908,956,3.4000000000000004,58.5995,46.1397
1998,7,15,13,30,30.3,107,902,935,3.3000000000000003,57.1690,45.0066
1998,7,15,14,0,30.3,108,891,900,3.2,54.7847,43.1178
1998,7,15,14,30,30.3,105,879,853,3.1,51.5821,40.5803
1998,7,15,15,0,30.3,102,866,795,3,47.6379,37.4552
1998,7,15,15,30,30.1,98,848,727,2.7,43.0361,33.8091
1998,7,15,16,0,29.900000000000002,92,828,651,2.5,37.9263,29.7604
1998,7,15,16,30,29.6,87,799,567,2.2,32.3520,25.3449
1998,7,15,17,0,29.3,79,768,478,1.9000000000000001,26.5424,20.7445
1998,7,15,17,30,28.6,73,721,385,1.7000000000000002,20.6388,16.0736
1998,7,15,18,0,27.900000000000002,63,665,292,1.5,14.9713,11.5961
1998,7,15,18,30,26.6,53,580,200,1.2000000000000002,9.7580,7.4956
1998,7,15,19,0,25.3,39,465,116,0.9,0.0000,0.0000
1998,7,15,19,30,24.400000000000002,23,281,44,0.9,0.0000,0.0000
1998,7,15,20,0,23.5,0,0,0,1,0.0000,0.0000
1998,7,15,20,30,23.200000000000003,0,0,0,1,0.0000,0.0000
1998,7,15,21,0,22.900000000000002,0,0,0,1,0.0000,0.0000
1998,7,15,21,30,22.700000000000003,0,0,0,1.1,0.0000,0.0000
1998,7,15,22,0,22.400000000000002,0,0,0,1.1,0.0000,0.0000
1998,7,15,22,30,22.200000000000003,0,0,0,1.1,0.0000,0.0000
1998,7,15,23,0,22,0,0,0,1.1,0.0000,0.0000
1998,7,15,23,30,21.700000000000003,0,0,0,1.1,0.0000,0.0000
1998,7,16,0,0,21.5,0,0,0,1.2000000000000002,0.0000,0.0000
1998,7,16,0,30,21.3,0,0,0,1.2000000000000002,0.0000,0.0000
1998,7,16,1,0,21.1,0,0,0,1.3,0.0000,0.0000
1998,7,16,1,30,21,0,0,0,1.3,0.0000,0.0000
1998,7,16,2,0,20.900000000000002,0,0,0,1.3,0.0000,0.0000
1998,7,16,2,30,20.700000000000003,0,0,0,1.3,0.0000,0.0000
1998,7,16,3,0,20.6,0,0,0,1.3,0.0000,0.0000
1998,7,16,3,30,20.400000000000002,0,0,0,1.3,0.0000,0.0000
1998,7,16,4,0,20.200000000000003,0,0,0,1.3,0.0000,0.0000
1998,7,16,4,30,20.400000000000002,0,0,0,1.4000000000000001,0.0000,0.0000
1998,7,16,5,0,20.5,0,0,0,1.5,0.0000,0.0000
1998,7,16,5,30,21.200000000000003,19,200,30,1.9000000000000001,0.0000,0.0000
1998,7,16,6,0,22,38,399,95,2.3000000000000003,0.0000,0.0000
1998,7,16,6,30,22.700000000000003,52,535,177,2.1,8.5476,6.5503
1998,7,16,7,0,23.400000000000002,63,632,267,2,13.5280,10.4603
1998,7,16,7,30,24.5,72,701,361,2,19.1629,14.9078
1998,7,16,8,0,25.6,79,752,454,1.9000000000000001,25.0178,19.5389
1998,7,16,8,30,26.400000000000002,85,791,544,1.8,30.8566,24.1616
1998,7,16,9,0,27.200000000000003,90,822,630,1.8,36.5364,28.6599
1998,7,16,9,30,27.8,302,453,630,1.6,37.1628,29.1877
1998,7,16,10,0,28.3,203,600,676,1.5,40.3980,31.7572
1998,7,16,10,30,28.700000000000003,225,622,746,1.4000000000000001,45.0201,35.4134
1998,7,16,11,0,29,302,471,717,1.2000000000000002,43.5815,34.2973
1998,7,16,11,30,29.200000000000003,335,437,733,1.2000000000000002,44.7735,35.2461
1998,7,16,12,0,29.400000000000002,415,330,722,1.1,44.2315,34.8256
1998,7,16,12,30,29.5,437,286,705,1,43.2372,34.0450
1998,7,16,13,0,29.6,448,252,684,1,41.9209,33.0071
1998,7,16,13,30,29.6,430,246,655,1,40.0428,31.5236
1998,7,16,14,0,29.6,406,289,663,1,40.3517,31.7581
1998,7,16,14,30,29.6,250,539,708,1.1,42.8061,33.6758
1998,7,16,15,0,29.6,184,608,671,1.2000000000000002,40.1994,31.6063
1998,7,16,15,30,29.5,110,813,713,1.3,42.1976,33.1497
1998,7,16,16,0,29.400000000000002,104,790,636,1.5,37.0426,29.0664
1998,7,16,16,30,29.3,98,759,553,1.5,31.5411,24.7089
1998,7,16,17,0,29.200000000000003,92,719,464,1.5,25.7536,20.1272
1998,7,16,17,30,28.700000000000003,83,668,372,1.4000000000000001,19.9305,15.5210
1998,7,16,18,0,28.200000000000003,131,361,255,1.4000000000000001,13.0638,10.1175
1998,7,16,18,30,27,107,262,174,1.2000000000000002,8.4830,6.5151
1998,7,16,19,0,25.8,77,153,102,1.1,0.0000,0.0000
1998,7,16,19,30,25,26,0,26,1.1,0.0000,0.0000
1998,7,16,20,0,24.3,0,0,0,1.1,0.0000,0.0000
1998,7,16,20,30,24.1,0,0,0,1.1,0.0000,0.0000
1998,7,16,21,0,23.8,0,0,0,1.1,0.0000,0.0000
1998,7,16,21,30,23.6,0,0,0,1.2000000000000002,0.0000,0.0000
1998,7,16,22,0,23.400000000000002,0,0,0,1.2000000000000002,0.0000,0.0000
1998,7,16,22,30,23.200000000000003,0,0,0,1.3,0.0000,0.0000
1998,7,16,23,0,23,0,0,0,1.3,0.0000,0.0000
1998,7,16,23,30,22.700000000000003,0,0,0,1.4000000000000001,0.0000,0.0000
1998,7,17,0,0,22.5,0,0,0,1.4000000000000001,0.0000,0.0000
1998,7,17,0,30,22.200000000000003,0,0,0,1.5,0.0000,0.0000
1998,7,17,1,0,21.900000000000002,0,0,0,1.5,0.0000,0.0000
1998,7,17,1,30,21.700000000000003,0,0,0,1.6,0.0000,0.0000
1998,7,17,2,0,21.400000000000002,0,0,0,1.8,0.0000,0.0000
1998,7,17,2,30,21.200000000000003,0,0,0,1.8,0.0000,0.0000
1998,7,17,3,0,20.900000000000002,0,0,0,1.9000000000000001,0.0000,0.0000
1998,7,17,3,30,20.700000000000003,0,0,0,1.9000000000000001,0.0000,0.0000
1998,7,17,4,0,20.5,0,0,0,1.9000000000000001,0.0000,0.0000
1998,7,17,4,30,20.6,0,0,0,1.9000000000000001,0.0000,0.0000
1998,7,17,5,0,20.700000000000003,0,0,0,2,0.0000,0.0000
1998,7,17,5,30,21.5,18,213,29,2.3000000000000003,0.0000,0.0000
1998,7,17,6,0,22.400000000000002,35,417,94,2.5,0.0000,0.0000
1998,7,17,6,30,23.3,49,555,177,2.5,8.5402,6.5431
1998,7,17,7,0,24.3,58,650,267,2.5,13.5130,10.4470
1998,7,17,7,30,25.5,67,717,361,2.7,19.1454,14.8926
1998,7,17,8,0,26.700000000000003,73,769,455,3,25.0551,19.5667
1998,7,17,8,30,27.8,79,807,546,3.2,30.9533,24.2361
1998,7,17,9,0,28.900000000000002,83,836,632,3.4000000000000004,36.6370,28.7379
1998,7,17,9,30,29.8,87,858,709,3.5,41.8091,32.8362
1998,7,17,10,0,30.700000000000003,91,876,779,3.6,46.5413,36.5858
1998,7,17,10,30,31.5,93,888,837,3.6,50.5006,39.7238
1998,7,17,11,0,32.2,96,897,885,3.7,53.7819,42.3241
1998,7,17,11,30,32.800000000000004,98,903,919,3.7,56.1253,44.1818
1998,7,17,12,0,33.300000000000004,100,905,940,3.6,57.5772,45.3328
1998,7,17,12,30,33.7,100,906,949,3.6,58.1931,45.8208
1998,7,17,13,0,34,101,902,942,3.5,57.7243,45.4498
1998,7,17,13,30,34.1,101,898,923,3.4000000000000004,56.4181,44.4146
1998,7,17,14,0,34.300000000000004,101,888,889,3.3000000000000003,54.0981,42.5766
1998,7,17,14,30,34.300000000000004,99,879,844,3.1,51.0196,40.1369
1998,7,17,15,0,34.4,98,863,787,2.9000000000000004,47.1393,37.0621
1998,7,17,15,30,33.9,94,846,720,2.8000000000000003,42.6019,33.4669
1998,7,17,16,0,33.4,91,821,643,2.6,37.4392,29.3769
1998,7,17,16,30,33.2,86,794,560,2.4000000000000004,31.9295,25.0124
1998,7,17,17,0,32.9,80,758,471,2.2,26.1305,20.4209
1998,7,17,17,30,31.900000000000002,73,711,379,2,20.2923,15.8016
1998,7,17,18,0,30.900000000000002,30,558,220,1.8,11.2616,8.7208
1998,7,17,18,30,29.200000000000003,31,461,147,1.5,7.1612,5.4990
1998,7,17,19,0,27.5,75,113,94,1.3,0.0000,0.0000
1998,7,17,19,30,26.6,22,259,41,1.2000000000000002,0.0000,0.0000
1998,7,17,20,0,25.6,0,0,0,1.2000000000000002,0.0000,0.0000
1998,7,17,20,30,25.1,0,0,0,1.2000000000000002,0.0000,0.0000
1998,7,17,21,0,24.6,0,0,0,1.3,0.0000,0.0000
1998,7,17,21,30,24.1,0,0,0,1.5,0.0000,0.0000
1998,7,17,22,0,23.6,0,0,0,1.6,0.0000,0.0000
1998,7,17,22,30,23.1,0,0,0,1.6,0.0000,0.0000
1998,7,17,23,0,22.700000000000003,0,0,0,1.5,0.0000,0.0000
1998,7,17,23,30,22.200000000000003,0,0,0,1.4000000000000001,0.0000,0.0000
1998,7,18,0,0,21.8,0,0,0,1.3,0.0000,0.0000
1998,7,18,0,30,21.5,0,0,0,1.2000000000000002,0.0000,0.0000
1998,7,18,1,0,21.1,0,0,0,1.1,0.0000,0.0000
1998,7,18,1,30,20.8,0,0,0,1,0.0000,0.0000
1998,7,18,2,0,20.5,0,0,0,0.9,0.0000,0.0000
1998,7,18,2,30,20.200000000000003,0,0,0,0.9,0.0000,0.0000
1998,7,18,3,0,19.900000000000002,0,0,0,0.8,0.0000,0.0000
1998,7,18,3,30,19.8,0,0,0,0.8,0.0000,0.0000
1998,7,18,4,0,19.6,0,0,0,0.7000000000000001,0.0000,0.0000
1998,7,18,4,30,19.8,0,0,0,0.8,0.0000,0.0000
1998,7,18,5,0,20.1,0,0,0,0.8,0.0000,0.0000
1998,7,18,5,30,20.900000000000002,17,235,29,1.1,0.0000,0.0000
1998,7,18,6,0,21.700000000000003,35,441,96,1.5,0.0000,0.0000
1998,7,18,6,30,22.700000000000003,48,575,179,1.4000000000000001,8.6287,6.6094
1998,7,18,7,0,23.700000000000003,58,670,271,1.4000000000000001,13.6990,10.5889
1998,7,18,7,30,24.900000000000002,65,737,367,1.6,19.4457,15.1246
1998,7,18,8,0,26.200000000000003,72,788,462,1.8,25.4225,19.8522
1998,7,18,8,30,27,268,40,291,2,16.4880,12.9094
1998,7,18,9,0,27.700000000000003,350,101,416,2.2,24.1053,18.9075
1998,7,18,9,30,28.400000000000002,367,270,562,2.4000000000000004,33.1297,26.0189
1998,7,18,10,0,29.1,421,198,576,2.6,34.4034,27.0437
1998,7,18,10,30,29.700000000000003,444,232,638,2.8000000000000003,38.4846,30.2715
1998,7,18,11,0,30.200000000000003,464,244,678,3,41.1938,32.4174
1998,7,18,11,30,30.700000000000003,448,339,756,3.1,46.1616,36.3379
1998,7,18,12,0,31.200000000000003,465,321,763,3.2,46.7277,36.7902
1998,7,18,12,30,31.5,96,924,961,3.4000000000000004,58.9191,46.3920
1998,7,18,13,0,31.900000000000002,98,919,953,3.5,58.3888,45.9726
1998,7,18,13,30,32.2,97,916,934,3.5,57.0811,44.9361
1998,7,18,14,0,32.4,96,907,900,3.6,54.7580,43.0955
1998,7,18,14,30,32.6,94,898,854,3.6,51.6148,40.6047
1998,7,18,15,0,32.800000000000004,91,885,797,3.5,47.7285,37.5248
1998,7,18,15,30,32.800000000000004,88,870,731,3.4000000000000004,43.2416,33.9687
1998,7,18,16,0,32.800000000000004,83,854,656,3.2,38.1834,29.9601
1998,7,18,16,30,32.6,78,826,571,2.9000000000000004,32.5441,25.4931
1998,7,18,17,0,32.300000000000004,71,798,482,2.7,26.7274,20.8864
1998,7,18,17,30,31.400000000000002,65,754,389,2.4000000000000004,20.8142,16.2068
1998,7,18,18,0,30.5,57,700,295,2,15.0886,11.6831
1998,7,18,18,30,29,48,618,202,2,9.8323,7.5487
1998,7,18,19,0,27.6,36,501,116,1.9000000000000001,0.0000,0.0000
1998,7,18,19,30,26.8,21,314,43,2,0.0000,0.0000
1998,7,18,20,0,26.1,0,0,0,2.2,0.0000,0.0000
1998,7,18,20,30,25.8,0,0,0,2.4000000000000004,0.0000,0.0000
1998,7,18,21,0,25.5,0,0,0,2.6,0.0000,0.0000
1998,7,18,21,30,25.1,0,0,0,2.9000000000000004,0.0000,0.0000
1998,7,18,22,0,24.8,0,0,0,3.1,0.0000,0.0000
1998,7,18,22,30,24.400000000000002,0,0,0,3.3000000000000003,0.0000,0.0000
1998,7,18,23,0,23.900000000000002,0,0,0,3.5,0.0000,0.0000
1998,7,18,23,30,23.5,0,0,0,3.6,0.0000,0.0000
1998,7,19,0,0,23,0,0,0,3.7,0.0000,0.0000
1998,7,19,0,30,22.5,0,0,0,3.7,0.0000,0.0000
1998,7,19,1,0,22.1,0,0,0,3.7,0.0000,0.0000
1998,7,19,1,30,21.6,0,0,0,3.7,0.0000,0.0000
1998,7,19,2,0,21.200000000000003,0,0,0,3.6,0.0000,0.0000
1998,7,19,2,30,20.8,0,0,0,3.2,0.0000,0.0000
1998,7,19,3,0,20.3,0,0,0,2.7,0.0000,0.0000
1998,7,19,3,30,20,0,0,0,2.3000000000000003,0.0000,0.0000
1998,7,19,4,0,19.6,0,0,0,1.9000000000000001,0.0000,0.0000
1998,7,19,4,30,19.8,0,0,0,1.6,0.0000,0.0000
1998,7,19,5,0,19.900000000000002,0,0,0,1.3,0.0000,0.0000
1998,7,19,5,30,21.1,18,1,18,1.4000000000000001,0.0000,0.0000
1998,7,19,6,0,22.3,54,8,55,1.6,0.0000,0.0000
1998,7,19,6,30,23.200000000000003,25,0,25,1.2000000000000002,1.2040,0.9220
1998,7,19,7,0,24.1,5,0,5,0.9,0.2525,0.1951
1998,7,19,7,30,25.3,101,3,102,0.7000000000000001,5.3995,4.1992
1998,7,19,8,0,26.6,121,3,122,0.5,6.7085,5.2382
1998,7,19,8,30,27.700000000000003,137,3,139,0.7000000000000001,7.8714,6.1627
1998,7,19,9,0,28.900000000000002,244,401,506,1,29.3069,22.9866
1998,7,19,9,30,29.700000000000003,305,38,332,1.2000000000000002,19.5642,15.3647
1998,7,19,10,0,30.5,273,477,646,1.3,38.5726,30.3204
1998,7,19,10,30,31.200000000000003,116,856,830,1.4000000000000001,50.0540,39.3712
1998,7,19,11,0,31.900000000000002,122,860,876,1.5,53.2127,41.8751
1998,7,19,11,30,32.300000000000004,124,867,910,1.5,55.5546,43.7315
1998,7,19,12,0,32.7,479,287,745,1.6,45.6172,35.9155
1998,7,19,12,30,33,126,871,940,1.6,57.6220,45.3702
1998,7,19,13,0,33.2,122,875,936,1.7000000000000002,57.3378,45.1446
1998,7,19,13,30,33.2,121,871,917,1.7000000000000002,56.0328,44.1104
1998,7,19,14,0,33.300000000000004,118,865,884,1.7000000000000002,53.7745,42.3210
1998,7,19,14,30,33.2,116,853,837,1.8,50.5773,39.7880
1998,7,19,15,0,33.1,114,836,780,1.8,46.6998,36.7156
1998,7,19,15,30,32.9,110,817,713,1.9000000000000001,42.1658,33.1230
1998,7,19,16,0,32.7,105,791,635,2,36.9500,28.9917
1998,7,19,16,30,32.4,99,761,552,1.9000000000000001,31.4476,24.6333
1998,7,19,17,0,32.2,91,726,464,1.9000000000000001,25.7148,20.0941
1998,7,19,17,30,31.400000000000002,82,675,371,1.9000000000000001,19.8366,15.4444
1998,7,19,18,0,30.6,71,611,278,1.8,14.2063,10.9985
1998,7,19,18,30,29.1,59,521,188,1.6,9.1432,7.0184
1998,7,19,19,0,27.5,43,393,105,1.5,0.0000,0.0000
1998,7,19,19,30,26.700000000000003,23,211,37,1.7000000000000002,0.0000,0.0000
1998,7,19,20,0,26,0,0,0,1.8,0.0000,0.0000
1998,7,19,20,30,25.700000000000003,0,0,0,1.9000000000000001,0.0000,0.0000
1998,7,19,21,0,25.400000000000002,0,0,0,2,0.0000,0.0000
1998,7,19,21,30,25.1,0,0,0,2.1,0.0000,0.0000
1998,7,19,22,0,24.700000000000003,0,0,0,2.1,0.0000,0.0000
1998,7,19,22,30,24.400000000000002,0,0,0,2.1,0.0000,0.0000
1998,7,19,23,0,24.1,0,0,0,2.1,0.0000,0.0000
1998,7,19,23,30,23.8,0,0,0,2.1,0.0000,0.0000
1998,7,20,0,0,23.5,0,0,0,2.1,0.0000,0.0000
1998,7,20,0,30,23.200000000000003,0,0,0,2.1,0.0000,0.0000
1998,7,20,1,0,22.900000000000002,0,0,0,2.1,0.0000,0.0000
1998,7,20,1,30,22.700000000000003,0,0,0,2,0.0000,0.0000
1998,7,20,2,0,22.400000000000002,0,0,0,2,0.0000,0.0000
1998,7,20,2,30,22.200000000000003,0,0,0,2,0.0000,0.0000
1998,7,20,3,0,21.900000000000002,0,0,0,1.9000000000000001,0.0000,0.0000
1998,7,20,3,30,21.700000000000003,0,0,0,1.9000000000000001,0.0000,0.0000
1998,7,20,4,0,21.5,0,0,0,1.8,0.0000,0.0000
1998,7,20,4,30,21.6,0,0,0,1.8,0.0000,0.0000
1998,7,20,5,0,21.6,0,0,0,1.8,0.0000,0.0000
1998,7,20,5,30,22.5,17,159,25,2.3000000000000003,0.0000,0.0000
1998,7,20,6,0,23.400000000000002,38,368,87,2.8000000000000003,0.0000,0.0000
1998,7,20,6,30,24.3,54,511,169,2.9000000000000004,8.1322,6.2261
1998,7,20,7,0,25.1,66,616,260,3,13.1126,10.1320
1998,7,20,7,30,26.400000000000002,75,688,354,3.3000000000000003,18.7207,14.5574
1998,7,20,8,0,27.8,82,744,448,3.7,24.6167,19.2203
1998,7,20,8,30,29,89,785,540,3.9000000000000004,30.5626,23.9269
1998,7,20,9,0,30.3,94,819,626,4.2,36.2416,28.4249
1998,7,20,9,30,31.200000000000003,98,843,705,4.4,41.5295,32.6142
1998,7,20,10,0,32.2,101,865,776,4.5,46.3216,36.4109
1998,7,20,10,30,32.9,103,878,835,4.7,50.3432,39.5981
1998,7,20,11,0,33.6,106,889,884,4.9,53.6873,42.2480
1998,7,20,11,30,34.1,107,895,918,5,56.0319,44.1067
1998,7,20,12,0,34.7,390,320,686,5.1000000000000005,41.9969,33.0648
1998,7,20,12,30,35,440,377,792,5,48.5409,38.2195
1998,7,20,13,0,35.4,267,599,824,5,50.4679,39.7352
1998,7,20,13,30,35.6,125,864,913,4.800000000000001,55.7784,43.9097
1998,7,20,14,0,35.7,138,831,873,4.6000000000000005,53.0954,41.7860
1998,7,20,14,30,35.7,136,819,828,4.4,50.0227,39.3512
1998,7,20,15,0,35.6,131,805,771,4.2,46.1495,36.2823
1998,7,20,15,30,35.4,127,786,705,4,41.6806,32.7412
1998,7,20,16,0,35.2,110,783,634,3.8000000000000003,36.8782,28.9346
1998,7,20,16,30,34.7,104,753,550,3.6,31.3201,24.5326
1998,7,20,17,0,34.300000000000004,91,728,464,3.3000000000000003,25.7004,20.0817
1998,7,20,17,30,33.300000000000004,83,678,371,3,19.8207,15.4306
1998,7,20,18,0,32.300000000000004,72,614,279,2.7,14.2433,11.0256
1998,7,20,18,30,30.900000000000002,60,521,188,2.5,9.1349,7.0107
1998,7,20,19,0,29.400000000000002,43,398,105,2.2,0.0000,0.0000
1998,7,20,19,30,28.6,23,211,37,2.2,0.0000,0.0000
1998,7,20,20,0,27.8,0,0,0,2.3000000000000003,0.0000,0.0000
1998,7,20,20,30,27.200000000000003,0,0,0,2.3000000000000003,0.0000,0.0000
1998,7,20,21,0,26.700000000000003,0,0,0,2.4000000000000004,0.0000,0.0000
1998,7,20,21,30,26.1,0,0,0,2.4000000000000004,0.0000,0.0000
1998,7,20,22,0,25.6,0,0,0,2.4000000000000004,0.0000,0.0000
1998,7,20,22,30,25.1,0,0,0,2.3000000000000003,0.0000,0.0000
1998,7,20,23,0,24.6,0,0,0,2.3000000000000003,0.0000,0.0000
1998,7,20,23,30,24.200000000000003,0,0,0,2.2,0.0000,0.0000
1998,7,21,0,0,23.8,0,0,0,2.2,0.0000,0.0000
1998,7,21,0,30,23.400000000000002,0,0,0,2,0.0000,0.0000
1998,7,21,1,0,23.1,0,0,0,1.8,0.0000,0.0000
1998,7,21,1,30,22.6,0,0,0,1.6,0.0000,0.0000
1998,7,21,2,0,22.1,0,0,0,1.4000000000000001,0.0000,0.0000
1998,7,21,2,30,21.700000000000003,0,0,0,1.3,0.0000,0.0000
1998,7,21,3,0,21.3,0,0,0,1.2000000000000002,0.0000,0.0000
1998,7,21,3,30,21.1,0,0,0,1.2000000000000002,0.0000,0.0000
1998,7,21,4,0,20.8,0,0,0,1.2000000000000002,0.0000,0.0000
1998,7,21,4,30,20.900000000000002,0,0,0,1.2000000000000002,0.0000,0.0000
1998,7,21,5,0,21,0,0,0,1.3,0.0000,0.0000
1998,7,21,5,30,21.8,17,1,17,1.7000000000000002,0.0000,0.0000
1998,7,21,6,0,22.6,58,14,60,2.1,0.0000,0.0000
1998,7,21,6,30,23.3,54,442,152,2.2,7.3080,5.5937
1998,7,21,7,0,24,131,339,237,2.3000000000000003,11.9383,9.2229
1998,7,21,7,30,25,175,250,275,2.5,14.5282,11.2959
1998,7,21,8,0,26,163,20,172,2.6,9.4436,7.3729
1998,7,21,8,30,26.6,252,80,297,2.8000000000000003,16.7993,13.1512
1998,7,21,9,0,27.3,117,1,118,3,6.8283,5.3554
1998,7,21,9,30,27.700000000000003,340,112,421,3.3000000000000003,24.7909,19.4684
1998,7,21,10,0,28,35,0,35,3.7,2.0886,1.6417
1998,7,21,10,30,28.3,320,17,334,3.6,20.1319,15.8348
1998,7,21,11,0,28.6,283,5,287,3.6,17.4262,13.7129
1998,7,21,11,30,28.8,255,3,258,3.4000000000000004,15.7442,12.3932
1998,7,21,12,0,29,377,14,390,3.2,23.8712,18.7939
1998,7,21,12,30,29,395,31,424,3.2,25.9818,20.4570
1998,7,21,13,0,29.1,452,54,502,3.3000000000000003,30.7408,24.2031
1998,7,21,13,30,28.900000000000002,402,10,410,3.4000000000000004,25.0436,19.7145
1998,7,21,14,0,28.700000000000003,482,210,667,3.5,40.5584,31.9190
1998,7,21,14,30,28.400000000000002,428,311,690,3.5,41.6765,32.7851
1998,7,21,15,0,28.200000000000003,229,604,708,3.5,42.3679,33.3087
1998,7,21,15,30,27.900000000000002,140,754,694,3.7,41.0173,32.2195
1998,7,21,16,0,27.5,230,493,559,3.9000000000000004,32.5036,25.5015
1998,7,21,16,30,26.8,120,705,537,4.1000000000000005,30.5652,23.9403
1998,7,21,17,0,26.1,112,656,447,4.3,24.7433,19.3328
1998,7,21,17,30,25.200000000000003,187,14,194,4.1000000000000005,10.3568,8.0623
1998,7,21,18,0,24.200000000000003,123,4,124,3.9000000000000004,6.3241,4.8947
1998,7,21,18,30,23.1,77,1,78,3.4000000000000004,3.7866,2.9055
1998,7,21,19,0,22.1,75,18,78,2.9000000000000004,0.0000,0.0000
1998,7,21,19,30,21.5,19,0,19,2.5,0.0000,0.0000
1998,7,21,20,0,20.8,0,0,0,2.1,0.0000,0.0000
1998,7,21,20,30,20.5,0,0,0,2,0.0000,0.0000
1998,7,21,21,0,20.200000000000003,0,0,0,1.8,0.0000,0.0000
1998,7,21,21,30,20.1,0,0,0,1.8,0.0000,0.0000
1998,7,21,22,0,19.900000000000002,0,0,0,1.8,0.0000,0.0000
1998,7,21,22,30,19.8,0,0,0,2,0.0000,0.0000
1998,7,21,23,0,19.6,0,0,0,2.2,0.0000,0.0000
1998,7,21,23,30,19.200000000000003,0,0,0,2.6,0.0000,0.0000
1998,7,22,0,0,18.8,0,0,0,3,0.0000,0.0000
1998,7,22,0,30,18.5,0,0,0,3.3000000000000003,0.0000,0.0000
1998,7,22,1,0,18.2,0,0,0,3.6,0.0000,0.0000
1998,7,22,1,30,18,0,0,0,3.5,0.0000,0.0000
1998,7,22,2,0,17.8,0,0,0,3.4000000000000004,0.0000,0.0000
1998,7,22,2,30,17.8,0,0,0,3,0.0000,0.0000
1998,7,22,3,0,17.8,0,0,0,2.7,0.0000,0.0000
1998,7,22,3,30,17.8,0,0,0,2.3000000000000003,0.0000,0.0000
1998,7,22,4,0,17.900000000000002,0,0,0,1.8,0.0000,0.0000
1998,7,22,4,30,17.900000000000002,0,0,0,1.7000000000000002,0.0000,0.0000
1998,7,22,5,0,18,0,0,0,1.5,0.0000,0.0000
1998,7,22,5,30,18.2,5,0,5,1.4000000000000001,0.0000,0.0000
1998,7,22,6,0,18.400000000000002,11,0,11,1.3,0.0000,0.0000
1998,7,22,6,30,18.8,14,0,14,1.1,0.6725,0.5147
1998,7,22,7,0,19.200000000000003,60,347,168,1,8.4524,6.5286
1998,7,22,7,30,19.700000000000003,26,0,26,1.1,1.3723,1.0669
1998,7,22,8,0,20.200000000000003,226,240,343,1.2000000000000002,18.8186,14.6911
1998,7,22,8,30,20.900000000000002,312,162,405,1.3,22.8943,17.9217
1998,7,22,9,0,21.5,146,691,593,1.3,34.2991,26.8994
1998,7,22,9,30,22.5,154,723,672,1.4000000000000001,39.5567,31.0632
1998,7,22,10,0,23.6,355,180,495,1.6,29.5296,23.2107
1998,7,22,10,30,24.6,156,785,808,1.6,48.6895,38.2961
1998,7,22,11,0,25.700000000000003,155,807,859,1.6,52.1444,41.0327
1998,7,22,11,30,26.400000000000002,495,172,651,1.6,39.7186,31.2646
1998,7,22,12,0,27,488,284,750,1.5,45.8972,36.1347
1998,7,22,12,30,27.400000000000002,153,837,932,1.5,57.1000,44.9577
1998,7,22,13,0,27.8,449,376,798,1.4000000000000001,48.8575,38.4664
1998,7,22,13,30,28,142,845,911,1.4000000000000001,55.6342,43.7951
1998,7,22,14,0,28.200000000000003,477,167,624,1.3,37.9359,29.8548
1998,7,22,14,30,28.3,457,158,590,1.3,35.6281,28.0266
1998,7,22,15,0,28.400000000000002,118,837,782,1.3,46.7834,36.7794
1998,7,22,15,30,28.3,114,818,714,1.4000000000000001,42.1859,33.1367
1998,7,22,16,0,28.200000000000003,104,803,638,1.5,37.0821,29.0928
1998,7,22,16,30,28,98,772,553,1.4000000000000001,31.4608,24.6408
1998,7,22,17,0,27.8,88,741,465,1.4000000000000001,25.7236,20.0975
1998,7,22,17,30,27.1,80,690,371,1.3,19.7886,15.4029
1998,7,22,18,0,26.5,170,167,226,1.3,11.5146,8.9108
1998,7,22,18,30,25.200000000000003,127,88,148,1.2000000000000002,7.1780,5.5064
1998,7,22,19,0,23.900000000000002,72,126,91,1.1,0.0000,0.0000
1998,7,22,19,30,23.200000000000003,23,0,23,1.3,0.0000,0.0000
1998,7,22,20,0,22.400000000000002,0,0,0,1.4000000000000001,0.0000,0.0000
1998,7,22,20,30,21.8,0,0,0,1.6,0.0000,0.0000
1998,7,22,21,0,21.200000000000003,0,0,0,1.7000000000000002,0.0000,0.0000
1998,7,22,21,30,20.6,0,0,0,1.8,0.0000,0.0000
1998,7,22,22,0,20.1,0,0,0,1.9000000000000001,0.0000,0.0000
1998,7,22,22,30,19.5,0,0,0,1.9000000000000001,0.0000,0.0000
1998,7,22,23,0,19,0,0,0,1.8,0.0000,0.0000
1998,7,22,23,30,18.5,0,0,0,1.8,0.0000,0.0000
1998,7,23,0,0,18.1,0,0,0,1.7000000000000002,0.0000,0.0000
1998,7,23,0,30,17.7,0,0,0,1.6,0.0000,0.0000
1998,7,23,1,0,17.400000000000002,0,0,0,1.6,0.0000,0.0000
1998,7,23,1,30,17.1,0,0,0,1.4000000000000001,0.0000,0.0000
1998,7,23,2,0,16.900000000000002,0,0,0,1.3,0.0000,0.0000
1998,7,23,2,30,16.6,0,0,0,1.2000000000000002,0.0000,0.0000
1998,7,23,3,0,16.400000000000002,0,0,0,1,0.0000,0.0000
1998,7,23,3,30,16.2,0,0,0,0.9,0.0000,0.0000
1998,7,23,4,0,16.1,0,0,0,0.9,0.0000,0.0000
1998,7,23,4,30,16.3,0,0,0,0.8,0.0000,0.0000
1998,7,23,5,0,16.400000000000002,0,0,0,0.8,0.0000,0.0000
1998,7,23,5,30,17.400000000000002,15,142,20,1,0.0000,0.0000
1998,7,23,6,0,18.5,37,347,81,1.2000000000000002,0.0000,0.0000
1998,7,23,6,30,19.3,110,24,115,1.3,5.5198,4.2229
1998,7,23,7,0,20.1,53,0,53,1.5,2.6633,2.0567
1998,7,23,7,30,21.400000000000002,168,296,286,1.7000000000000002,15.0796,11.7220
1998,7,23,8,0,22.6,172,474,402,1.9000000000000001,22.0381,17.2031
1998,7,23,8,30,23.200000000000003,209,439,459,2.1,25.9310,20.2978
1998,7,23,9,0,23.700000000000003,278,311,479,2.2,27.6922,21.7171
1998,7,23,9,30,24.1,248,16,260,2.1,15.2986,12.0134
1998,7,23,10,0,24.400000000000002,331,38,361,2.1,21.5290,16.9217
1998,7,23,10,30,24.8,344,51,386,1.9000000000000001,23.2538,18.2897
1998,7,23,11,0,25.1,365,24,385,1.8,23.3655,18.3861
1998,7,23,11,30,25.400000000000002,409,230,617,1.6,37.6357,29.6246
1998,7,23,12,0,25.700000000000003,418,11,428,1.4000000000000001,26.1866,20.6163
1998,7,23,12,30,25.8,421,65,482,1.3,29.5245,23.2459
1998,7,23,13,0,26,408,215,607,1.1,37.1560,29.2533
1998,7,23,13,30,26,393,40,430,1,26.2544,20.6671
1998,7,23,14,0,26,247,0,247,0.9,15.0128,11.8146
1998,7,23,14,30,25.8,245,562,718,1,43.3466,34.0978
1998,7,23,15,0,25.6,367,24,386,1,23.0862,18.1492
1998,7,23,15,30,25.400000000000002,398,128,492,1,29.0592,22.8252
1998,7,23,16,0,25.1,219,529,571,1,33.1743,26.0262
1998,7,23,16,30,24.900000000000002,206,421,454,1,25.8150,20.2180
1998,7,23,17,0,24.6,212,11,217,0.9,11.9961,9.3718
1998,7,23,17,30,24,170,7,173,0.9,9.2194,7.1754
1998,7,23,18,0,23.3,170,30,180,0.8,9.1601,7.0875
1998,7,23,18,30,22.400000000000002,111,9,113,0.8,5.4748,4.1989
1998,7,23,19,0,21.5,61,2,61,0.7000000000000001,0.0000,0.0000
1998,7,23,19,30,21.1,17,0,17,0.7000000000000001,0.0000,0.0000
1998,7,23,20,0,20.700000000000003,0,0,0,0.8,0.0000,0.0000
1998,7,23,20,30,20.5,0,0,0,0.8,0.0000,0.0000
1998,7,23,21,0,20.200000000000003,0,0,0,0.8,0.0000,0.0000
1998,7,23,21,30,19.8,0,0,0,0.9,0.0000,0.0000
1998,7,23,22,0,19.5,0,0,0,1,0.0000,0.0000
1998,7,23,22,30,19.1,0,0,0,1.1,0.0000,0.0000
1998,7,23,23,0,18.7,0,0,0,1.2000000000000002,0.0000,0.0000
1998,7,23,23,30,18.400000000000002,0,0,0,1.3,0.0000,0.0000
1998,7,24,0,0,18.1,0,0,0,1.4000000000000001,0.0000,0.0000
1998,7,24,0,30,17.900000000000002,0,0,0,1.4000000000000001,0.0000,0.0000
1998,7,24,1,0,17.6,0,0,0,1.4000000000000001,0.0000,0.0000
1998,7,24,1,30,17.400000000000002,0,0,0,1.5,0.0000,0.0000
1998,7,24,2,0,17.2,0,0,0,1.5,0.0000,0.0000
1998,7,24,2,30,17,0,0,0,1.5,0.0000,0.0000
1998,7,24,3,0,16.8,0,0,0,1.5,0.0000,0.0000
1998,7,24,3,30,16.7,0,0,0,1.5,0.0000,0.0000
1998,7,24,4,0,16.6,0,0,0,1.6,0.0000,0.0000
1998,7,24,4,30,16.7,0,0,0,1.6,0.0000,0.0000
1998,7,24,5,0,16.7,0,0,0,1.7000000000000002,0.0000,0.0000
1998,7,24,5,30,17.3,9,0,9,1.9000000000000001,0.0000,0.0000
1998,7,24,6,0,17.8,46,1,46,2.2,0.0000,0.0000
1998,7,24,6,30,18.6,79,1,79,2.2,3.7890,2.8981
1998,7,24,7,0,19.3,84,0,84,2.2,4.2160,3.2552
1998,7,24,7,30,20.1,78,0,78,2.4000000000000004,4.1081,3.1929
1998,7,24,8,0,21,153,1,153,2.6,8.3809,6.5417
1998,7,24,8,30,21.6,257,21,269,2.7,15.1877,11.8877
1998,7,24,9,0,22.1,288,18,299,2.7,17.2778,13.5493
1998,7,24,9,30,22.8,335,30,356,2.8000000000000003,20.9390,16.4421
1998,7,24,10,0,23.5,379,53,421,2.9000000000000004,25.0987,19.7271
1998,7,24,10,30,24.1,456,203,625,3,37.6411,29.6051
1998,7,24,11,0,24.700000000000003,430,68,490,3,29.7305,23.3944
1998,7,24,11,30,25.200000000000003,452,85,529,3,32.2609,25.3935
1998,7,24,12,0,25.700000000000003,416,11,426,3.1,26.0587,20.5154
1998,7,24,12,30,26,507,202,695,3.1,42.5628,33.5110
1998,7,24,13,0,26.3,502,228,712,3.1,43.5744,34.3061
1998,7,24,13,30,26.5,481,272,728,3.1,44.4401,34.9822
1998,7,24,14,0,26.700000000000003,479,222,674,3.1,40.9570,32.2314
1998,7,24,14,30,26.6,235,610,747,3.1,45.0859,35.4654
1998,7,24,15,0,26.6,229,587,692,3,41.3755,32.5266
1998,7,24,15,30,26.3,280,397,570,2.9000000000000004,33.6544,26.4340
1998,7,24,16,0,26,128,749,624,2.7,36.2386,28.4293
1998,7,24,16,30,25.5,121,712,539,2.5,30.6306,23.9884
1998,7,24,17,0,25,113,660,447,2.3000000000000003,24.6924,19.2893
1998,7,24,17,30,24.3,102,602,354,1.9000000000000001,18.8482,14.6679
1998,7,24,18,0,23.5,177,74,201,1.6,10.2176,7.9045
1998,7,24,18,30,22.8,122,29,129,1.5,6.2437,4.7874
1998,7,24,19,0,22,74,60,83,1.4000000000000001,0.0000,0.0000
1998,7,24,19,30,21.6,23,1,23,1.5,0.0000,0.0000
1998,7,24,20,0,21.200000000000003,0,0,0,1.5,0.0000,0.0000
1998,7,24,20,30,21,0,0,0,1.6,0.0000,0.0000
1998,7,24,21,0,20.8,0,0,0,1.7000000000000002,0.0000,0.0000
1998,7,24,21,30,20.6,0,0,0,1.8,0.0000,0.0000
1998,7,24,22,0,20.400000000000002,0,0,0,1.9000000000000001,0.0000,0.0000
1998,7,24,22,30,20.200000000000003,0,0,0,2,0.0000,0.0000
1998,7,24,23,0,20,0,0,0,2.1,0.0000,0.0000
1998,7,24,23,30,19.900000000000002,0,0,0,2.3000000000000003,0.0000,0.0000
1998,7,25,0,0,19.8,0,0,0,2.6,0.0000,0.0000
1998,7,25,0,30,19.6,0,0,0,2.5,0.0000,0.0000
1998,7,25,1,0,19.400000000000002,0,0,0,2.5,0.0000,0.0000
1998,7,25,1,30,19.200000000000003,0,0,0,2.3000000000000003,0.0000,0.0000
1998,7,25,2,0,18.900000000000002,0,0,0,2.2,0.0000,0.0000
1998,7,25,2,30,18.6,0,0,0,2,0.0000,0.0000
1998,7,25,3,0,18.400000000000002,0,0,0,1.9000000000000001,0.0000,0.0000
1998,7,25,3,30,18.1,0,0,0,1.8,0.0000,0.0000
1998,7,25,4,0,17.900000000000002,0,0,0,1.7000000000000002,0.0000,0.0000
1998,7,25,4,30,17.8,0,0,0,1.7000000000000002,0.0000,0.0000
1998,7,25,5,0,17.7,0,0,0,1.8,0.0000,0.0000
1998,7,25,5,30,18,5,0,5,2.1,0.0000,0.0000
1998,7,25,6,0,18.3,20,0,20,2.4000000000000004,0.0000,0.0000
1998,7,25,6,30,18.8,49,0,49,2.4000000000000004,2.3483,1.7957
1998,7,25,7,0,19.200000000000003,71,0,71,2.3000000000000003,3.5589,2.7472
1998,7,25,7,30,19.900000000000002,93,0,93,2.6,4.8930,3.8025
1998,7,25,8,0,20.5,106,0,106,2.9000000000000004,5.8014,4.5279
1998,7,25,8,30,20.700000000000003,240,13,247,2.8000000000000003,13.9370,10.9082
1998,7,25,9,0,20.8,278,15,288,2.8000000000000003,16.6336,13.0436
1998,7,25,9,30,20.8,285,4,287,2.7,16.8738,13.2496
1998,7,25,10,0,20.700000000000003,253,1,254,2.6,15.1379,11.8978
1998,7,25,10,30,20.8,365,12,374,2.7,22.5179,17.7102
1998,7,25,11,0,20.8,422,70,483,2.8000000000000003,29.2985,23.0541
1998,7,25,11,30,20.900000000000002,420,25,442,2.9000000000000004,26.9490,21.2120
1998,7,25,12,0,21,283,1,283,3,17.3075,13.6256
1998,7,25,12,30,21.1,340,12,352,3,21.5523,16.9686
1998,7,25,13,0,21.1,364,3,366,3.1,22.3943,17.6308
1998,7,25,13,30,21.1,210,0,210,3.1,12.8163,10.0885
1998,7,25,14,0,21.200000000000003,261,0,262,3.1,15.9170,12.5258
1998,7,25,14,30,21.1,381,18,396,3.1,23.8944,18.7954
1998,7,25,15,0,21,331,53,373,3,22.2949,17.5264
1998,7,25,15,30,20.900000000000002,245,16,256,3,15.1093,11.8673
1998,7,25,16,0,20.700000000000003,325,118,403,3,23.3928,18.3511
1998,7,25,16,30,20.5,215,35,236,2.9000000000000004,13.4038,10.4967
1998,7,25,17,0,20.3,276,110,332,2.8000000000000003,18.3271,14.3158
1998,7,25,17,30,20,197,19,205,2.7,10.9043,8.4849
1998,7,25,18,0,19.700000000000003,161,145,209,2.5,10.6117,8.2079
1998,7,25,18,30,19.3,120,68,136,2.2,6.5760,5.0410
1998,7,25,19,0,18.8,29,0,29,1.9000000000000001,0.0000,0.0000
1998,7,25,19,30,18.5,10,0,10,2,0.0000,0.0000
1998,7,25,20,0,18.2,0,0,0,2.1,0.0000,0.0000
1998,7,25,20,30,18.1,0,0,0,2.2,0.0000,0.0000
1998,7,25,21,0,18,0,0,0,2.3000000000000003,0.0000,0.0000
1998,7,25,21,30,17.900000000000002,0,0,0,2.2,0.0000,0.0000
1998,7,25,22,0,17.8,0,0,0,2.2,0.0000,0.0000
1998,7,25,22,30,17.7,0,0,0,2.2,0.0000,0.0000
1998,7,25,23,0,17.6,0,0,0,2.1,0.0000,0.0000
1998,7,25,23,30,17.5,0,0,0,2,0.0000,0.0000
1998,7,26,0,0,17.400000000000002,0,0,0,1.9000000000000001,0.0000,0.0000
1998,7,26,0,30,17.3,0,0,0,1.8,0.0000,0.0000
1998,7,26,1,0,17.1,0,0,0,1.6,0.0000,0.0000
1998,7,26,1,30,17,0,0,0,1.5,0.0000,0.0000
1998,7,26,2,0,16.8,0,0,0,1.3,0.0000,0.0000
1998,7,26,2,30,16.6,0,0,0,1.3,0.0000,0.0000
1998,7,26,3,0,16.400000000000002,0,0,0,1.2000000000000002,0.0000,0.0000
1998,7,26,3,30,16.2,0,0,0,1.1,0.0000,0.0000
1998,7,26,4,0,16,0,0,0,1,0.0000,0.0000
1998,7,26,4,30,16.1,0,0,0,1.1,0.0000,0.0000
1998,7,26,5,0,16.2,0,0,0,1.1,0.0000,0.0000
1998,7,26,5,30,16.8,5,0,5,1.5,0.0000,0.0000
1998,7,26,6,0,17.5,20,0,20,1.9000000000000001,0.0000,0.0000
1998,7,26,6,30,18.1,66,5,67,1.9000000000000001,3.2086,2.4529
1998,7,26,7,0,18.7,10,0,10,1.9000000000000001,0.5006,0.3863
1998,7,26,7,30,19.400000000000002,169,96,206,2,10.8261,8.4123
1998,7,26,8,0,20.1,179,38,197,2.1,10.7731,8.4075
1998,7,26,8,30,20.8,240,231,370,2.1,20.8633,16.3283
1998,7,26,9,0,21.400000000000002,241,386,488,2.2,28.1701,22.0893
1998,7,26,9,30,21.900000000000002,220,1,220,2.2,12.9294,10.1521
1998,7,26,10,0,22.5,375,85,441,2.2,26.2737,20.6497
1998,7,26,10,30,23,344,5,348,2.2,20.9464,16.4739
1998,7,26,11,0,23.5,220,3,223,2.1,13.5234,10.6410
1998,7,26,11,30,23.900000000000002,401,68,463,2,28.2224,22.2141
1998,7,26,12,0,24.3,418,190,593,1.8,36.2580,28.5443
1998,7,26,12,30,24.700000000000003,451,58,504,1.6,30.8521,24.2902
1998,7,26,13,0,25,423,16,438,1.3,26.7936,21.0940
1998,7,26,13,30,25.200000000000003,441,62,497,1.2000000000000002,30.3246,23.8702
1998,7,26,14,0,25.5,380,7,386,1,23.4443,18.4490
1998,7,26,14,30,25.6,394,29,418,1,25.2145,19.8334
1998,7,26,15,0,25.700000000000003,280,1,281,0.9,16.7905,13.1990
1998,7,26,15,30,25.700000000000003,332,22,348,0.8,20.5314,16.1256
1998,7,26,16,0,25.700000000000003,324,62,365,0.7000000000000001,21.1768,16.6120
1998,7,26,16,30,25.5,302,62,338,0.6000000000000001,19.1858,15.0239
1998,7,26,17,0,25.3,260,50,285,0.6000000000000001,15.7197,12.2782
1998,7,26,17,30,24.900000000000002,198,22,207,0.7000000000000001,10.9990,8.5576
1998,7,26,18,0,24.5,171,48,186,0.7000000000000001,9.4318,7.2939
1998,7,26,18,30,23.3,113,15,117,0.8,5.6510,4.3307
1998,7,26,19,0,22.1,39,401,95,0.8,0.0000,0.0000
1998,7,26,19,30,21.200000000000003,18,196,29,0.9,0.0000,0.0000
1998,7,26,20,0,20.200000000000003,0,0,0,1,0.0000,0.0000
1998,7,26,20,30,19.8,0,0,0,1,0.0000,0.0000
1998,7,26,21,0,19.3,0,0,0,1.1,0.0000,0.0000
1998,7,26,21,30,19,0,0,0,1.2000000000000002,0.0000,0.0000
1998,7,26,22,0,18.7,0,0,0,1.3,0.0000,0.0000
1998,7,26,22,30,18.400000000000002,0,0,0,1.4000000000000001,0.0000,0.0000
1998,7,26,23,0,18.1,0,0,0,1.5,0.0000,0.0000
1998,7,26,23,30,17.900000000000002,0,0,0,1.6,0.0000,0.0000
1998,7,27,0,0,17.6,0,0,0,1.7000000000000002,0.0000,0.0000
1998,7,27,0,30,17.400000000000002,0,0,0,1.8,0.0000,0.0000
1998,7,27,1,0,17.2,0,0,0,1.8,0.0000,0.0000
1998,7,27,1,30,17,0,0,0,1.8,0.0000,0.0000
1998,7,27,2,0,16.8,0,0,0,1.9000000000000001,0.0000,0.0000
1998,7,27,2,30,16.8,0,0,0,1.9000000000000001,0.0000,0.0000
1998,7,27,3,0,16.8,0,0,0,1.9000000000000001,0.0000,0.0000
1998,7,27,3,30,16.7,0,0,0,1.8,0.0000,0.0000
1998,7,27,4,0,16.7,0,0,0,1.7000000000000002,0.0000,0.0000
1998,7,27,4,30,16.900000000000002,0,0,0,1.8,0.0000,0.0000
1998,7,27,5,0,17,0,0,0,1.9000000000000001,0.0000,0.0000
1998,7,27,5,30,18,13,119,16,2.2,0.0000,0.0000
1998,7,27,6,0,18.900000000000002,34,344,74,2.6,0.0000,0.0000
1998,7,27,6,30,20,51,499,155,2.4000000000000004,7.4174,5.6689
1998,7,27,7,0,21.1,62,615,247,2.1,12.3485,9.5283
1998,7,27,7,30,22.6,72,691,342,2.2,17.9547,13.9496
1998,7,27,8,0,24.1,79,751,437,2.2,23.8766,18.6321
1998,7,27,8,30,25.200000000000003,256,23,269,2.2,15.1587,11.8630
1998,7,27,9,0,26.400000000000002,329,71,374,2.1,21.5781,16.9196
1998,7,27,9,30,27.1,363,86,424,2.1,24.9083,19.5573
1998,7,27,10,0,27.8,406,115,495,2.1,29.4801,23.1691
1998,7,27,10,30,28.3,443,150,567,2.1,34.1181,26.8327
1998,7,27,11,0,28.8,440,125,548,2.2,33.2236,26.1417
1998,7,27,11,30,29.1,429,379,768,2.2,46.8022,36.8378
1998,7,27,12,0,29.400000000000002,469,145,603,2.3000000000000003,36.8610,29.0186
1998,7,27,12,30,29.6,499,217,699,2.3000000000000003,42.7793,33.6801
1998,7,27,13,0,29.8,101,923,949,2.3000000000000003,58.0393,45.6924
1998,7,27,13,30,29.900000000000002,100,920,930,2.3000000000000003,56.7308,44.6552
1998,7,27,14,0,30,469,249,686,2.3000000000000003,41.6540,32.7783
1998,7,27,14,30,29.900000000000002,457,187,613,2.3000000000000003,36.9663,29.0767
1998,7,27,15,0,29.8,428,149,545,2.3000000000000003,32.5539,25.5900
1998,7,27,15,30,29.6,400,156,513,2.1,30.2537,23.7609
1998,7,27,16,0,29.400000000000002,356,194,483,2,28.0093,21.9710
1998,7,27,16,30,29.200000000000003,317,167,414,1.8,23.4849,18.3895
1998,7,27,17,0,29,258,216,366,1.5,20.1709,15.7536
1998,7,27,17,30,28.1,200,250,304,1.3,16.1360,12.5529
1998,7,27,18,0,27.3,165,157,216,1,10.9379,8.4569
1998,7,27,18,30,26.1,121,77,138,0.9,6.6584,5.1014
1998,7,27,19,0,25,35,461,99,0.8,0.0000,0.0000
1998,7,27,19,30,24.6,17,247,29,0.8,0.0000,0.0000
1998,7,27,20,0,24.200000000000003,0,0,0,0.8,0.0000,0.0000
1998,7,27,20,30,23.8,0,0,0,0.8,0.0000,0.0000
1998,7,27,21,0,23.3,0,0,0,0.8,0.0000,0.0000
1998,7,27,21,30,22.700000000000003,0,0,0,0.8,0.0000,0.0000
1998,7,27,22,0,22.1,0,0,0,0.8,0.0000,0.0000
1998,7,27,22,30,21.5,0,0,0,0.9,0.0000,0.0000
1998,7,27,23,0,20.900000000000002,0,0,0,1,0.0000,0.0000
1998,7,27,23,30,20.3,0,0,0,1,0.0000,0.0000
1998,7,28,0,0,19.700000000000003,0,0,0,1,0.0000,0.0000
1998,7,28,0,30,19.200000000000003,0,0,0,1.1,0.0000,0.0000
1998,7,28,1,0,18.6,0,0,0,1.1,0.0000,0.0000
1998,7,28,1,30,18.2,0,0,0,1.1,0.0000,0.0000
1998,7,28,2,0,17.8,0,0,0,1.1,0.0000,0.0000
1998,7,28,2,30,17.400000000000002,0,0,0,1.1,0.0000,0.0000
1998,7,28,3,0,17.1,0,0,0,1.2000000000000002,0.0000,0.0000
1998,7,28,3,30,16.900000000000002,0,0,0,1.2000000000000002,0.0000,0.0000
1998,7,28,4,0,16.6,0,0,0,1.2000000000000002,0.0000,0.0000
1998,7,28,4,30,16.7,0,0,0,1.2000000000000002,0.0000,0.0000
1998,7,28,5,0,16.7,0,0,0,1.2000000000000002,0.0000,0.0000
1998,7,28,5,30,18.2,11,177,16,1.5,0.0000,0.0000
1998,7,28,6,0,19.700000000000003,29,419,77,1.8,0.0000,0.0000
1998,7,28,6,30,20.8,43,574,161,2,7.6996,5.8832
1998,7,28,7,0,21.900000000000002,53,673,253,2.3000000000000003,12.6320,9.7449
1998,7,28,7,30,23.200000000000003,62,745,350,2.1,18.3538,14.2578
1998,7,28,8,0,24.6,68,795,446,2,24.3468,18.9974
1998,7,28,8,30,26.3,73,834,540,2.4000000000000004,30.4094,23.7968
1998,7,28,9,0,28,78,861,626,2.7,36.0985,28.3040
1998,7,28,9,30,28.900000000000002,82,885,708,2.7,41.5739,32.6416
1998,7,28,10,0,29.700000000000003,86,900,778,2.6,46.3183,36.4018
1998,7,28,10,30,30.200000000000003,88,912,837,2.5,50.3490,39.5969
1998,7,28,11,0,30.8,91,922,887,2.4000000000000004,53.7608,42.3005
1998,7,28,11,30,31.200000000000003,93,927,922,2.2,56.1729,44.2127
1998,7,28,12,0,31.6,95,930,944,2,57.6916,45.4167
1998,7,28,12,30,31.900000000000002,95,929,951,1.7000000000000002,58.1880,45.8107
1998,7,28,13,0,32.2,95,928,946,1.4000000000000001,57.8416,45.5361
1998,7,28,13,30,32.300000000000004,94,922,925,1.1,56.4115,44.4032
1998,7,28,14,0,32.5,93,915,892,0.8,54.1476,42.6090
1998,7,28,14,30,32.6,91,906,846,0.7000000000000001,51.0010,40.1152
1998,7,28,15,0,32.6,89,890,786,0.6000000000000001,46.9319,36.8914
1998,7,28,15,30,32.5,85,871,715,0.7000000000000001,42.1478,33.1014
1998,7,28,16,0,32.4,82,848,637,0.8,36.9204,28.9598
1998,7,28,16,30,32.300000000000004,77,817,550,0.8,31.1786,24.4125
1998,7,28,17,0,32.2,73,773,457,0.8,25.1638,19.6514
1998,7,28,17,30,31.400000000000002,66,721,362,0.8,19.1926,14.9287
1998,7,28,18,0,30.6,126,374,246,0.9,12.4399,9.6161
1998,7,28,18,30,28.8,102,249,159,0.8,7.6630,5.8693
1998,7,28,19,0,27,36,390,89,0.8,0.0000,0.0000
1998,7,28,19,30,26.200000000000003,16,0,16,0.8,0.0000,0.0000
1998,7,28,20,0,25.400000000000002,0,0,0,0.9,0.0000,0.0000
1998,7,28,20,30,25.200000000000003,0,0,0,0.9,0.0000,0.0000
1998,7,28,21,0,24.900000000000002,0,0,0,0.9,0.0000,0.0000
1998,7,28,21,30,24.5,0,0,0,0.9,0.0000,0.0000
1998,7,28,22,0,24,0,0,0,0.9,0.0000,0.0000
1998,7,28,22,30,23.6,0,0,0,0.9,0.0000,0.0000
1998,7,28,23,0,23.200000000000003,0,0,0,0.9,0.0000,0.0000
1998,7,28,23,30,22.400000000000002,0,0,0,1.3,0.0000,0.0000
1998,7,29,0,0,21.700000000000003,0,0,0,1.8,0.0000,0.0000
1998,7,29,0,30,21,0,0,0,2.1,0.0000,0.0000
1998,7,29,1,0,20.200000000000003,0,0,0,2.5,0.0000,0.0000
1998,7,29,1,30,19.6,0,0,0,2.8000000000000003,0.0000,0.0000
1998,7,29,2,0,19,0,0,0,3.1,0.0000,0.0000
1998,7,29,2,30,18.5,0,0,0,3,0.0000,0.0000
1998,7,29,3,0,17.900000000000002,0,0,0,3,0.0000,0.0000
1998,7,29,3,30,17.6,0,0,0,2.8000000000000003,0.0000,0.0000
1998,7,29,4,0,17.2,0,0,0,2.7,0.0000,0.0000
1998,7,29,4,30,17.1,0,0,0,2.7,0.0000,0.0000
1998,7,29,5,0,17.1,0,0,0,2.7,0.0000,0.0000
1998,7,29,5,30,17.5,3,0,3,2.9000000000000004,0.0000,0.0000
1998,7,29,6,0,18,24,0,24,3.1,0.0000,0.0000
1998,7,29,6,30,18.7,94,42,103,3.1,4.9227,3.7604
1998,7,29,7,0,19.5,33,553,196,3.1,9.7733,7.5379
1998,7,29,7,30,20.8,170,90,204,3.4000000000000004,10.6855,8.2996
1998,7,29,8,0,22,235,35,251,3.7,13.6897,10.6809
1998,7,29,8,30,23,296,71,335,4,18.8522,14.7519
1998,7,29,9,0,24,93,0,93,4.2,5.3600,4.2025
1998,7,29,9,30,24.6,288,4,291,4.1000000000000005,17.0800,13.4099
1998,7,29,10,0,25.200000000000003,93,0,93,4.1000000000000005,5.5347,4.3496
1998,7,29,10,30,25.6,389,38,421,4,25.3169,19.9100
1998,7,29,11,0,26.1,314,1,316,3.8000000000000003,19.1474,15.0655
1998,7,29,11,30,26.400000000000002,453,313,732,3.7,44.5858,35.0922
1998,7,29,12,0,26.8,489,180,653,3.6,39.8977,31.4083
1998,7,29,12,30,27.1,493,228,702,3.5,42.9418,33.8071
1998,7,29,13,0,27.3,316,1,317,3.4000000000000004,19.3776,15.2549
1998,7,29,13,30,27.400000000000002,410,16,424,3.4000000000000004,25.8509,20.3477
1998,7,29,14,0,27.400000000000002,432,79,500,3.4000000000000004,30.3430,23.8766
1998,7,29,14,30,27.200000000000003,315,360,614,3.4000000000000004,37.0031,29.1045
1998,7,29,15,0,27.1,324,333,584,3.4000000000000004,34.8575,27.3995
1998,7,29,15,30,26.8,384,219,542,3.4000000000000004,31.9357,25.0803
1998,7,29,16,0,26.5,117,0,117,3.3000000000000003,6.7775,5.3159
1998,7,29,16,30,26,216,384,438,3.2,24.8125,19.4268
1998,7,29,17,0,25.5,189,363,369,3,20.3001,15.8518
1998,7,29,17,30,24.8,202,144,260,2.7,13.7688,10.7085
1998,7,29,18,0,24.1,113,9,116,2.5,5.8578,4.5272
1998,7,29,18,30,23.200000000000003,71,3,72,2.4000000000000004,3.4665,2.6543
1998,7,29,19,0,22.400000000000002,49,2,49,2.4000000000000004,0.0000,0.0000
1998,7,29,19,30,21.8,14,0,14,2.6,0.0000,0.0000
1998,7,29,20,0,21.200000000000003,0,0,0,2.9000000000000004,0.0000,0.0000
1998,7,29,20,30,20.8,0,0,0,3,0.0000,0.0000
1998,7,29,21,0,20.3,0,0,0,3.1,0.0000,0.0000
1998,7,29,21,30,20,0,0,0,3.2,0.0000,0.0000
1998,7,29,22,0,19.6,0,0,0,3.2,0.0000,0.0000
1998,7,29,22,30,19.3,0,0,0,3.2,0.0000,0.0000
1998,7,29,23,0,18.900000000000002,0,0,0,3.2,0.0000,0.0000
1998,7,29,23,30,18.7,0,0,0,3.2,0.0000,0.0000
1998,7,30,0,0,18.400000000000002,0,0,0,3.3000000000000003,0.0000,0.0000
1998,7,30,0,30,18.1,0,0,0,3.4000000000000004,0.0000,0.0000
1998,7,30,1,0,17.900000000000002,0,0,0,3.4000000000000004,0.0000,0.0000
1998,7,30,1,30,17.7,0,0,0,3.6,0.0000,0.0000
1998,7,30,2,0,17.400000000000002,0,0,0,3.7,0.0000,0.0000
1998,7,30,2,30,17.2,0,0,0,3.8000000000000003,0.0000,0.0000
1998,7,30,3,0,17,0,0,0,3.9000000000000004,0.0000,0.0000
1998,7,30,3,30,16.8,0,0,0,3.9000000000000004,0.0000,0.0000
1998,7,30,4,0,16.6,0,0,0,3.9000000000000004,0.0000,0.0000
1998,7,30,4,30,16.5,0,0,0,4,0.0000,0.0000
1998,7,30,5,0,16.400000000000002,0,0,0,4,0.0000,0.0000
1998,7,30,5,30,16.6,3,0,3,4.2,0.0000,0.0000
1998,7,30,6,0,16.8,8,0,8,4.4,0.0000,0.0000
1998,7,30,6,30,17.2,96,89,114,4.5,5.4452,4.1585
1998,7,30,7,0,17.7,110,2,111,4.6000000000000005,5.5271,4.2619
1998,7,30,7,30,18.400000000000002,160,32,172,4.6000000000000005,8.9990,6.9887
1998,7,30,8,0,19,211,253,330,4.7,17.9823,14.0288
1998,7,30,8,30,19.8,234,13,241,4.7,13.5530,10.6046
1998,7,30,9,0,20.6,185,0,185,4.6000000000000005,10.6568,8.3550
1998,7,30,9,30,21.3,323,29,344,4.5,20.1819,15.8447
1998,7,30,10,0,22,356,32,381,4.4,22.6659,17.8124
1998,7,30,10,30,22.6,413,104,498,4.3,29.9377,23.5434
1998,7,30,11,0,23.200000000000003,463,160,600,4.2,36.3453,28.5965
1998,7,30,11,30,23.6,476,161,619,4,37.6929,29.6665
1998,7,30,12,0,24,442,121,553,3.8000000000000003,33.7790,26.5911
1998,7,30,12,30,24.200000000000003,465,133,587,3.6,35.8981,28.2613
1998,7,30,13,0,24.400000000000002,491,224,695,3.5,42.4733,33.4363
1998,7,30,13,30,24.5,436,58,488,3.3000000000000003,29.7448,23.4123
1998,7,30,14,0,24.5,452,129,564,3.1,34.2164,26.9241
1998,7,30,14,30,24.400000000000002,399,50,440,3.1,26.5079,20.8491
1998,7,30,15,0,24.400000000000002,278,1,279,3,16.6466,13.0846
1998,7,30,15,30,24.3,302,102,375,2.9000000000000004,22.0858,17.3443
1998,7,30,16,0,24.1,266,5,270,2.9000000000000004,15.6314,12.2599
1998,7,30,16,30,23.900000000000002,306,71,347,2.8000000000000003,19.6429,15.3784
1998,7,30,17,0,23.700000000000003,200,9,204,2.7,11.2128,8.7550
1998,7,30,17,30,23.200000000000003,200,26,211,2.3000000000000003,11.1610,8.6791
1998,7,30,18,0,22.8,123,4,125,1.9000000000000001,6.3030,4.8701
1998,7,30,18,30,21.6,75,1,75,1.4000000000000001,3.6071,2.7612
1998,7,30,19,0,20.400000000000002,47,1,47,1,0.0000,0.0000
1998,7,30,19,30,19.8,10,0,10,1,0.0000,0.0000
1998,7,30,20,0,19.200000000000003,0,0,0,1,0.0000,0.0000
1998,7,30,20,30,18.900000000000002,0,0,0,1.1,0.0000,0.0000
1998,7,30,21,0,18.6,0,0,0,1.1,0.0000,0.0000
1998,7,30,21,30,18.3,0,0,0,1.2000000000000002,0.0000,0.0000
1998,7,30,22,0,17.900000000000002,0,0,0,1.3,0.0000,0.0000
1998,7,30,22,30,17.6,0,0,0,1.4000000000000001,0.0000,0.0000
1998,7,30,23,0,17.2,0,0,0,1.5,0.0000,0.0000
1998,7,30,23,30,16.8,0,0,0,1.5,0.0000,0.0000
1998,7,31,0,0,16.5,0,0,0,1.5,0.0000,0.0000
1998,7,31,0,30,16.1,0,0,0,1.5,0.0000,0.0000
1998,7,31,1,0,15.700000000000001,0,0,0,1.4000000000000001,0.0000,0.0000
1998,7,31,1,30,15.4,0,0,0,1.4000000000000001,0.0000,0.0000
1998,7,31,2,0,15.200000000000001,0,0,0,1.3,0.0000,0.0000
1998,7,31,2,30,15,0,0,0,1.3,0.0000,0.0000
1998,7,31,3,0,14.700000000000001,0,0,0,1.3,0.0000,0.0000
1998,7,31,3,30,14.600000000000001,0,0,0,1.4000000000000001,0.0000,0.0000
1998,7,31,4,0,14.5,0,0,0,1.4000000000000001,0.0000,0.0000
1998,7,31,4,30,14.5,0,0,0,1.6,0.0000,0.0000
1998,7,31,5,0,14.5,0,0,0,1.7000000000000002,0.0000,0.0000
1998,7,31,5,30,15.100000000000001,2,0,2,1.9000000000000001,0.0000,0.0000
1998,7,31,6,0,15.600000000000001,23,0,23,2.1,0.0000,0.0000
1998,7,31,6,30,16.2,43,0,43,1.9000000000000001,2.0528,1.5674
1998,7,31,7,0,16.7,73,0,73,1.7000000000000002,3.6302,2.7986
1998,7,31,7,30,17.8,125,1,125,1.5,6.5319,5.0720
1998,7,31,8,0,18.8,159,1,160,1.3,8.7109,6.7951
1998,7,31,8,30,20.3,306,111,368,1.6,20.6798,16.1799
1998,7,31,9,0,21.700000000000003,250,383,492,1.8,28.3251,22.2062
1998,7,31,9,30,22.6,385,185,515,1.8,30.2006,23.7096
1998,7,31,10,0,23.400000000000002,351,209,510,1.8,30.3287,23.8337
1998,7,31,10,30,23.900000000000002,306,443,667,1.8,40.0836,31.5216
1998,7,31,11,0,24.400000000000002,457,263,683,1.8,41.3603,32.5416
1998,7,31,11,30,24.700000000000003,479,160,621,1.9000000000000001,37.8039,29.7533
1998,7,31,12,0,25,453,78,525,2,32.0603,25.2377
1998,7,31,12,30,25.200000000000003,494,245,718,2.1,43.8981,34.5588
1998,7,31,13,0,25.400000000000002,115,892,929,2.2,56.7578,44.6808
1998,7,31,13,30,25.400000000000002,308,497,754,2.3000000000000003,45.9450,36.1629
1998,7,31,14,0,25.5,414,375,740,2.4000000000000004,44.8800,35.3143
1998,7,31,14,30,25.400000000000002,448,199,613,2.5,36.9177,29.0361
1998,7,31,15,0,25.3,422,184,565,2.6,33.6965,26.4854
1998,7,31,15,30,25.1,388,188,522,2.6,30.7279,24.1302
1998,7,31,16,0,24.900000000000002,354,150,451,2.6,26.0952,20.4660
1998,7,31,16,30,24.5,310,147,394,2.5,22.2870,17.4473
1998,7,31,17,0,24.1,254,48,278,2.5,15.2645,11.9174
1998,7,31,17,30,23.400000000000002,196,24,206,2.2,10.8821,8.4609
1998,7,31,18,0,22.8,79,543,248,1.9000000000000001,12.4866,9.6458
1998,7,31,18,30,21.700000000000003,62,437,158,1.5,7.5907,5.8088
1998,7,31,19,0,20.700000000000003,42,273,77,1.2000000000000002,0.0000,0.0000
1998,7,31,19,30,20.200000000000003,15,91,18,1.3,0.0000,0.0000
1998,7,31,20,0,19.8,0,0,0,1.4000000000000001,0.0000,0.0000
1998,7,31,20,30,19.6,0,0,0,1.5,0.0000,0.0000
1998,7,31,21,0,19.400000000000002,0,0,0,1.6,0.0000,0.0000
1998,7,31,21,30,19.3,0,0,0,1.7000000000000002,0.0000,0.0000
1998,7,31,22,0,19.200000000000003,0,0,0,1.8,0.0000,0.0000
1998,7,31,22,30,19,0,0,0,1.8,0.0000,0.0000
1998,7,31,23,0,18.900000000000002,0,0,0,1.9000000000000001,0.0000,0.0000
1998,7,31,23,30,18.7,0,0,0,1.9000000000000001,0.0000,0.0000
1998,8,1,0,0,18.5,0,0,0,1.9000000000000001,0.0000,0.0000
1998,8,1,0,30,18.3,0,0,0,1.9000000000000001,0.0000,0.0000
1998,8,1,1,0,18.1,0,0,0,1.9000000000000001,0.0000,0.0000
1998,8,1,1,30,18,0,0,0,2,0.0000,0.0000
1998,8,1,2,0,17.900000000000002,0,0,0,2,0.0000,0.0000
1998,8,1,2,30,17.7,0,0,0,2,0.0000,0.0000
1998,8,1,3,0,17.6,0,0,0,1.9000000000000001,0.0000,0.0000
1998,8,1,3,30,17.400000000000002,0,0,0,1.9000000000000001,0.0000,0.0000
1998,8,1,4,0,17.2,0,0,0,1.9000000000000001,0.0000,0.0000
1998,8,1,4,30,17.1,0,0,0,2.1,0.0000,0.0000
1998,8,1,5,0,17,0,0,0,2.2,0.0000,0.0000
1998,8,1,5,30,17.5,0,0,0,2.6,0.0000,0.0000
1998,8,1,6,0,18,33,281,62,3,0.0000,0.0000
1998,8,1,6,30,19,53,443,140,3.2,6.6806,5.0995
1998,8,1,7,0,20,67,566,230,3.5,11.4218,8.8032
1998,8,1,7,30,21.1,79,650,325,3.8000000000000003,16.9632,13.1699
1998,8,1,8,0,22.1,89,707,419,4.1000000000000005,22.7909,17.7768
1998,8,1,8,30,22.8,97,751,511,4.2,28.6957,22.4501
1998,8,1,9,0,23.6,106,781,597,4.2,34.3503,26.9286
1998,8,1,9,30,24.3,112,809,677,4.2,39.6815,31.1517
1998,8,1,10,0,24.900000000000002,120,824,748,4.1000000000000005,44.4641,34.9410
1998,8,1,10,30,25.5,124,841,809,4.1000000000000005,48.6004,38.2184
1998,8,1,11,0,26.1,132,845,855,4.1000000000000005,51.7607,40.7237
1998,8,1,11,30,26.5,134,853,892,4.1000000000000005,54.2857,42.7244
1998,8,1,12,0,26.900000000000002,142,848,911,4,55.6169,43.7807
1998,8,1,12,30,27.1,142,850,920,4,56.2329,44.2687
1998,8,1,13,0,27.3,150,835,910,4,55.5814,43.7539
1998,8,1,13,30,27.3,149,831,891,4,54.2767,42.7199
1998,8,1,14,0,27.200000000000003,153,812,856,4,51.8983,40.8358
1998,8,1,14,30,27,328,330,601,3.9000000000000004,36.1813,28.4561
1998,8,1,15,0,26.700000000000003,325,327,578,3.9000000000000004,34.4570,27.0824
1998,8,1,15,30,26.400000000000002,313,287,519,3.8000000000000003,30.5358,23.9784
1998,8,1,16,0,26.1,249,2,251,3.7,14.5136,11.3822
1998,8,1,16,30,25.8,298,50,327,3.6,18.4824,14.4679
1998,8,1,17,0,25.5,214,17,222,3.5,12.1777,9.5066
1998,8,1,17,30,24.900000000000002,218,127,269,3.2,14.1922,11.0330
1998,8,1,18,0,24.400000000000002,121,3,122,2.8000000000000003,6.1329,4.7364
1998,8,1,18,30,23.5,72,1,72,2.4000000000000004,3.4553,2.6433
1998,8,1,19,0,22.6,27,0,27,2,0.0000,0.0000
1998,8,1,19,30,22.200000000000003,7,0,7,2.2,0.0000,0.0000
1998,8,1,20,0,21.8,0,0,0,2.4000000000000004,0.0000,0.0000
1998,8,1,20,30,21.6,0,0,0,2.6,0.0000,0.0000
1998,8,1,21,0,21.400000000000002,0,0,0,2.8000000000000003,0.0000,0.0000
1998,8,1,21,30,21.200000000000003,0,0,0,2.9000000000000004,0.0000,0.0000
1998,8,1,22,0,21,0,0,0,2.9000000000000004,0.0000,0.0000
1998,8,1,22,30,20.900000000000002,0,0,0,2.9000000000000004,0.0000,0.0000
1998,8,1,23,0,20.700000000000003,0,0,0,2.9000000000000004,0.0000,0.0000
1998,8,1,23,30,20.6,0,0,0,2.9000000000000004,0.0000,0.0000
1998,8,2,0,0,20.5,0,0,0,2.9000000000000004,0.0000,0.0000
1998,8,2,0,30,20.3,0,0,0,3,0.0000,0.0000
1998,8,2,1,0,20.200000000000003,0,0,0,3,0.0000,0.0000
1998,8,2,1,30,20,0,0,0,3,0.0000,0.0000
1998,8,2,2,0,19.8,0,0,0,3,0.0000,0.0000
1998,8,2,2,30,19.700000000000003,0,0,0,3,0.0000,0.0000
1998,8,2,3,0,19.5,0,0,0,3,0.0000,0.0000
1998,8,2,3,30,19.400000000000002,0,0,0,3,0.0000,0.0000
1998,8,2,4,0,19.3,0,0,0,3,0.0000,0.0000
1998,8,2,4,30,19.200000000000003,0,0,0,3.2,0.0000,0.0000
1998,8,2,5,0,19.1,0,0,0,3.5,0.0000,0.0000
1998,8,2,5,30,19.1,0,0,0,3.7,0.0000,0.0000
1998,8,2,6,0,19.1,5,0,5,3.9000000000000004,0.0000,0.0000
1998,8,2,6,30,19.3,63,4,64,4,3.0528,2.3298
1998,8,2,7,0,19.5,102,9,105,4.1000000000000005,5.2070,4.0123
1998,8,2,7,30,19.8,181,51,200,4.3,10.4259,8.0932
1998,8,2,8,0,20.1,119,5,122,4.6000000000000005,6.6295,5.1705
1998,8,2,8,30,20.5,22,0,22,4.800000000000001,1.2345,0.9658
1998,8,2,9,0,20.900000000000002,105,0,105,4.9,6.0380,4.7332
1998,8,2,9,30,21.400000000000002,314,68,361,5,21.1500,16.6031
1998,8,2,10,0,21.900000000000002,292,17,305,5,18.1235,14.2415
1998,8,2,10,30,22.6,190,0,190,5.1000000000000005,11.4102,8.9726
1998,8,2,11,0,23.3,168,0,168,5.2,10.1673,7.9992
1998,8,2,11,30,24.200000000000003,154,0,154,5.300000000000001,9.3695,7.3739
1998,8,2,12,0,25.200000000000003,183,0,183,5.300000000000001,11.1691,8.7920
1998,8,2,12,30,25.900000000000002,343,1,345,5.2,21.0813,16.5957
1998,8,2,13,0,26.6,453,66,512,5,31.2632,24.6101
1998,8,2,13,30,27,426,28,450,4.800000000000001,27.4041,21.5687
1998,8,2,14,0,27.3,347,3,349,4.5,21.1524,16.6433
1998,8,2,14,30,27.3,175,749,791,4.1000000000000005,47.6022,37.4376
1998,8,2,15,0,27.3,383,53,424,3.8000000000000003,25.2655,19.8575
1998,8,2,15,30,27.200000000000003,374,76,428,3.4000000000000004,25.1688,19.7632
1998,8,2,16,0,27,285,323,493,3,28.4891,22.3413
1998,8,2,16,30,26.6,143,635,504,2.5,28.4625,22.2786
1998,8,2,17,0,26.3,127,595,415,2.1,22.7396,17.7499
1998,8,2,17,30,25.8,113,531,324,1.7000000000000002,17.0697,13.2677
1998,8,2,18,0,25.3,91,470,235,1.3,11.7936,9.1057
1998,8,2,18,30,24.3,70,360,147,1,7.0477,5.3898
1998,8,2,19,0,23.400000000000002,51,1,51,0.8,0.0000,0.0000
1998,8,2,19,30,22.900000000000002,9,0,9,0.8,0.0000,0.0000
1998,8,2,20,0,22.5,0,0,0,0.9,0.0000,0.0000
1998,8,2,20,30,22,0,0,0,0.9,0.0000,0.0000
1998,8,2,21,0,21.6,0,0,0,1,0.0000,0.0000
1998,8,2,21,30,21.200000000000003,0,0,0,1,0.0000,0.0000
1998,8,2,22,0,20.8,0,0,0,1,0.0000,0.0000
1998,8,2,22,30,20.6,0,0,0,1.1,0.0000,0.0000
1998,8,2,23,0,20.400000000000002,0,0,0,1.1,0.0000,0.0000
1998,8,2,23,30,20.200000000000003,0,0,0,1.2000000000000002,0.0000,0.0000
1998,8,3,0,0,20.1,0,0,0,1.3,0.0000,0.0000
1998,8,3,0,30,20,0,0,0,1.4000000000000001,0.0000,0.0000
1998,8,3,1,0,19.900000000000002,0,0,0,1.6,0.0000,0.0000
1998,8,3,1,30,19.900000000000002,0,0,0,1.7000000000000002,0.0000,0.0000
1998,8,3,2,0,19.8,0,0,0,1.9000000000000001,0.0000,0.0000
1998,8,3,2,30,19.6,0,0,0,1.9000000000000001,0.0000,0.0000
1998,8,3,3,0,19.5,0,0,0,2,0.0000,0.0000
1998,8,3,3,30,19.3,0,0,0,2,0.0000,0.0000
1998,8,3,4,0,19,0,0,0,1.9000000000000001,0.0000,0.0000
1998,8,3,4,30,18.900000000000002,0,0,0,2,0.0000,0.0000
1998,8,3,5,0,18.7,0,0,0,2.1,0.0000,0.0000
1998,8,3,5,30,19.200000000000003,0,0,0,2.5,0.0000,0.0000
1998,8,3,6,0,19.6,32,257,57,2.8000000000000003,0.0000,0.0000
1998,8,3,6,30,20.3,52,425,133,2.8000000000000003,6.3422,4.8389
1998,8,3,7,0,21,64,563,223,2.9000000000000004,11.0434,8.5074
1998,8,3,7,30,21.900000000000002,75,646,316,3,16.4522,12.7691
1998,8,3,8,0,22.8,171,384,349,3.1,18.9461,14.7749
1998,8,3,8,30,23.900000000000002,293,100,348,3.3000000000000003,19.5128,15.2639
1998,8,3,9,0,24.900000000000002,282,357,505,3.5,29.0230,22.7502
1998,8,3,9,30,25.6,96,829,672,3.6,39.3514,30.8904
1998,8,3,10,0,26.3,405,185,545,3.7,32.3713,25.4367
1998,8,3,10,30,26.6,105,862,803,3.8000000000000003,48.2064,37.9068
1998,8,3,11,0,26.900000000000002,110,867,850,4,51.4255,40.4584
1998,8,3,11,30,26.8,453,282,703,4.1000000000000005,42.7584,33.6509
1998,8,3,12,0,26.8,116,877,909,4.1000000000000005,55.4630,43.6579
1998,8,3,12,30,26.700000000000003,484,228,691,4.1000000000000005,42.2114,33.2293
1998,8,3,13,0,26.700000000000003,117,876,911,4.1000000000000005,55.6098,43.7747
1998,8,3,13,30,26.6,469,244,686,4.1000000000000005,41.7625,32.8690
1998,8,3,14,0,26.5,425,116,525,4,31.8085,25.0272
1998,8,3,14,30,26.3,435,139,548,3.9000000000000004,32.9651,25.9253
1998,8,3,15,0,26.200000000000003,369,50,407,3.7,24.2414,19.0520
1998,8,3,15,30,25.900000000000002,376,106,451,3.6,26.5068,20.8130
1998,8,3,16,0,25.700000000000003,108,773,603,3.4000000000000004,34.8214,27.3056
1998,8,3,16,30,25.400000000000002,101,738,518,3.2,29.2282,22.8762
1998,8,3,17,0,25,254,157,329,2.9000000000000004,18.0084,14.0553
1998,8,3,17,30,24.400000000000002,145,366,289,2.4000000000000004,15.2039,11.8155
1998,8,3,18,0,23.8,139,57,156,1.8,7.8158,6.0329
1998,8,3,18,30,22.700000000000003,91,18,95,1.4000000000000001,4.5500,3.4785
1998,8,3,19,0,21.6,9,0,9,1,0.0000,0.0000
1998,8,3,19,30,21.1,5,0,5,1,0.0000,0.0000
1998,8,3,20,0,20.6,0,0,0,0.9,0.0000,0.0000
1998,8,3,20,30,20.3,0,0,0,1,0.0000,0.0000
1998,8,3,21,0,20.1,0,0,0,1,0.0000,0.0000
1998,8,3,21,30,19.8,0,0,0,1.1,0.0000,0.0000
1998,8,3,22,0,19.5,0,0,0,1.2000000000000002,0.0000,0.0000
1998,8,3,22,30,19.200000000000003,0,0,0,1.3,0.0000,0.0000
1998,8,3,23,0,18.900000000000002,0,0,0,1.3,0.0000,0.0000
1998,8,3,23,30,18.7,0,0,0,1.4000000000000001,0.0000,0.0000
1998,8,4,0,0,18.400000000000002,0,0,0,1.4000000000000001,0.0000,0.0000
1998,8,4,0,30,18.2,0,0,0,1.4000000000000001,0.0000,0.0000
1998,8,4,1,0,17.900000000000002,0,0,0,1.4000000000000001,0.0000,0.0000
1998,8,4,1,30,17.8,0,0,0,1.4000000000000001,0.0000,0.0000
1998,8,4,2,0,17.7,0,0,0,1.5,0.0000,0.0000
1998,8,4,2,30,17.6,0,0,0,1.4000000000000001,0.0000,0.0000
1998,8,4,3,0,17.5,0,0,0,1.4000000000000001,0.0000,0.0000
1998,8,4,3,30,17.400000000000002,0,0,0,1.4000000000000001,0.0000,0.0000
1998,8,4,4,0,17.3,0,0,0,1.4000000000000001,0.0000,0.0000
1998,8,4,4,30,17.400000000000002,0,0,0,1.5,0.0000,0.0000
1998,8,4,5,0,17.5,0,0,0,1.7000000000000002,0.0000,0.0000
1998,8,4,5,30,18,0,0,0,2,0.0000,0.0000
1998,8,4,6,0,18.5,30,256,54,2.4000000000000004,0.0000,0.0000
1998,8,4,6,30,19.1,49,429,130,2.6,6.1976,4.7275
1998,8,4,7,0,19.700000000000003,82,1,82,2.7,4.0552,3.1232
1998,8,4,7,30,20.400000000000002,79,618,308,2.8000000000000003,16.0154,12.4281
1998,8,4,8,0,21.1,211,162,286,2.9000000000000004,15.5116,12.0955
1998,8,4,8,30,21.700000000000003,249,153,332,3,18.6015,14.5500
1998,8,4,9,0,22.3,139,0,140,3.1,8.0409,6.3027
1998,8,4,9,30,22.8,251,1,252,3.3000000000000003,14.7495,11.5778
1998,8,4,10,0,23.3,114,0,115,3.4000000000000004,6.8278,5.3650
1998,8,4,10,30,23.6,156,0,156,3.5,9.3617,7.3613
1998,8,4,11,0,24,372,7,378,3.6,22.8615,17.9856
1998,8,4,11,30,24.3,403,166,549,3.7,33.3813,26.2706
1998,8,4,12,0,24.6,343,418,720,3.8000000000000003,43.9179,34.5696
1998,8,4,12,30,24.700000000000003,361,363,690,3.9000000000000004,42.1379,33.1708
1998,8,4,13,0,24.900000000000002,485,191,658,3.9000000000000004,40.1538,31.6075
1998,8,4,13,30,25,404,157,543,3.9000000000000004,33.0461,26.0083
1998,8,4,14,0,25,378,39,411,4,24.8927,19.5854
1998,8,4,14,30,25,326,23,345,4,20.7450,16.3145
1998,8,4,15,0,25.1,376,63,424,4.1000000000000005,25.2417,19.8375
1998,8,4,15,30,24.900000000000002,334,67,381,4.1000000000000005,22.3796,17.5717
1998,8,4,16,0,24.8,345,141,435,4.2,25.1023,19.6832
1998,8,4,16,30,24.400000000000002,165,0,165,4.2,9.3021,7.2800
1998,8,4,17,0,24,109,0,109,4.2,5.9592,4.6506
1998,8,4,17,30,23.400000000000002,160,10,164,4,8.6154,6.6941
1998,8,4,18,0,22.8,90,1,91,3.9000000000000004,4.5516,3.5123
1998,8,4,18,30,22.1,52,0,52,3.7,2.4883,1.9017
1998,8,4,19,0,21.400000000000002,34,0,34,3.6,0.0000,0.0000
1998,8,4,19,30,21,11,46,12,3.7,0.0000,0.0000
1998,8,4,20,0,20.6,0,0,0,3.9000000000000004,0.0000,0.0000
1998,8,4,20,30,20.3,0,0,0,3.9000000000000004,0.0000,0.0000
1998,8,4,21,0,19.900000000000002,0,0,0,3.9000000000000004,0.0000,0.0000
1998,8,4,21,30,19.700000000000003,0,0,0,3.8000000000000003,0.0000,0.0000
1998,8,4,22,0,19.5,0,0,0,3.7,0.0000,0.0000
1998,8,4,22,30,19.3,0,0,0,3.7,0.0000,0.0000
1998,8,4,23,0,19.1,0,0,0,3.6,0.0000,0.0000
1998,8,4,23,30,18.900000000000002,0,0,0,3.5,0.0000,0.0000
1998,8,5,0,0,18.7,0,0,0,3.3000000000000003,0.0000,0.0000
1998,8,5,0,30,18.6,0,0,0,3.3000000000000003,0.0000,0.0000
1998,8,5,1,0,18.400000000000002,0,0,0,3.2,0.0000,0.0000
1998,8,5,1,30,18.2,0,0,0,3.3000000000000003,0.0000,0.0000
1998,8,5,2,0,18.1,0,0,0,3.3000000000000003,0.0000,0.0000
1998,8,5,2,30,17.900000000000002,0,0,0,3.4000000000000004,0.0000,0.0000
1998,8,5,3,0,17.7,0,0,0,3.4000000000000004,0.0000,0.0000
1998,8,5,3,30,17.6,0,0,0,3.4000000000000004,0.0000,0.0000
1998,8,5,4,0,17.400000000000002,0,0,0,3.4000000000000004,0.0000,0.0000
1998,8,5,4,30,17.3,0,0,0,3.4000000000000004,0.0000,0.0000
1998,8,5,5,0,17.2,0,0,0,3.4000000000000004,0.0000,0.0000
1998,8,5,5,30,17.6,0,0,0,3.6,0.0000,0.0000
1998,8,5,6,0,18,34,157,48,3.8000000000000003,0.0000,0.0000
1998,8,5,6,30,18.8,42,0,42,3.8000000000000003,2.0020,1.5268
1998,8,5,7,0,19.6,42,0,42,3.9000000000000004,2.0742,1.5971
1998,8,5,7,30,20.6,201,49,219,4.2,11.3741,8.8251
1998,8,5,8,0,21.6,256,96,299,4.5,16.2005,12.6313
1998,8,5,8,30,22.400000000000002,291,53,320,4.800000000000001,17.9154,14.0124
1998,8,5,9,0,23.200000000000003,331,68,373,5,21.4106,16.7814
1998,8,5,9,30,23.6,373,86,433,5,25.3301,19.8824
1998,8,5,10,0,24,414,218,578,5,34.3020,26.9523
1998,8,5,10,30,24.3,444,224,625,5,37.4926,29.4806
1998,8,5,11,0,24.6,477,174,625,4.9,37.7872,29.7274
1998,8,5,11,30,24.8,489,153,624,4.9,37.9292,29.8491
1998,8,5,12,0,25.1,502,160,646,4.9,39.3918,31.0062
1998,8,5,12,30,25.200000000000003,461,80,534,4.9,32.6009,25.6629
1998,8,5,13,0,25.400000000000002,404,337,708,5,43.1912,33.9977
1998,8,5,13,30,25.3,432,35,463,5,28.1681,22.1687
1998,8,5,14,0,25.3,415,84,487,5,29.4842,23.1974
1998,8,5,14,30,25.200000000000003,300,507,714,4.9,42.9154,33.7489
1998,8,5,15,0,25,436,123,530,4.9,31.5367,24.7839
1998,8,5,15,30,24.8,364,63,409,4.800000000000001,24.0102,18.8512
1998,8,5,16,0,24.5,365,120,441,4.7,25.4304,19.9394
1998,8,5,16,30,24.1,271,30,288,4.5,16.2215,12.6943
1998,8,5,17,0,23.6,156,1,156,4.4,8.5192,6.6476
1998,8,5,17,30,23,44,0,44,4,2.3079,1.7929
1998,8,5,18,0,22.400000000000002,98,6,99,3.7,4.9429,3.8132
1998,8,5,18,30,21.700000000000003,59,2,59,3.3000000000000003,2.8207,2.1550
1998,8,5,19,0,20.900000000000002,29,1,30,2.9000000000000004,0.0000,0.0000
1998,8,5,19,30,20.400000000000002,5,0,5,2.8000000000000003,0.0000,0.0000
1998,8,5,20,0,19.8,0,0,0,2.8000000000000003,0.0000,0.0000
1998,8,5,20,30,19.5,0,0,0,2.7,0.0000,0.0000
1998,8,5,21,0,19.1,0,0,0,2.7,0.0000,0.0000
1998,8,5,21,30,18.8,0,0,0,2.7,0.0000,0.0000
1998,8,5,22,0,18.6,0,0,0,2.7,0.0000,0.0000
1998,8,5,22,30,18.400000000000002,0,0,0,2.7,0.0000,0.0000
1998,8,5,23,0,18.2,0,0,0,2.7,0.0000,0.0000
1998,8,5,23,30,18,0,0,0,2.7,0.0000,0.0000
1998,8,6,0,0,17.8,0,0,0,2.7,0.0000,0.0000
1998,8,6,0,30,17.6,0,0,0,2.7,0.0000,0.0000
1998,8,6,1,0,17.5,0,0,0,2.8000000000000003,0.0000,0.0000
1998,8,6,1,30,17.3,0,0,0,2.8000000000000003,0.0000,0.0000
1998,8,6,2,0,17.2,0,0,0,2.8000000000000003,0.0000,0.0000
1998,8,6,2,30,17.1,0,0,0,2.8000000000000003,0.0000,0.0000
1998,8,6,3,0,17,0,0,0,2.8000000000000003,0.0000,0.0000
1998,8,6,3,30,16.900000000000002,0,0,0,2.9000000000000004,0.0000,0.0000
1998,8,6,4,0,16.900000000000002,0,0,0,2.9000000000000004,0.0000,0.0000
1998,8,6,4,30,16.900000000000002,0,0,0,3,0.0000,0.0000
1998,8,6,5,0,16.900000000000002,0,0,0,3,0.0000,0.0000
1998,8,6,5,30,17.400000000000002,0,0,0,3.3000000000000003,0.0000,0.0000
1998,8,6,6,0,17.8,21,0,21,3.6,0.0000,0.0000
1998,8,6,6,30,18.400000000000002,94,47,103,4,4.9093,3.7432
1998,8,6,7,0,19.1,8,0,8,4.3,0.3945,0.3037
1998,8,6,7,30,19.5,148,7,151,4.6000000000000005,7.8317,6.0755
1998,8,6,8,0,20,129,0,129,4.9,6.9825,5.4436
1998,8,6,8,30,20.1,225,9,230,4.9,12.8667,10.0629
1998,8,6,9,0,20.3,210,1,211,5,12.1039,9.4865
1998,8,6,9,30,20.3,322,31,343,5,20.0552,15.7413
1998,8,6,10,0,20.3,325,50,362,5,21.4743,16.8726
1998,8,6,10,30,20.3,184,2,186,5,11.1536,8.7699
1998,8,6,11,0,20.400000000000002,333,17,347,5,20.9723,16.4986
1998,8,6,11,30,20.5,377,25,398,4.9,24.1843,19.0319
1998,8,6,12,0,20.6,351,21,370,4.800000000000001,22.5547,17.7530
1998,8,6,12,30,20.8,302,7,309,4.7,18.8586,14.8449
1998,8,6,13,0,21,358,14,371,4.6000000000000005,22.6250,17.8088
1998,8,6,13,30,21.200000000000003,358,16,372,4.5,22.6236,17.8047
1998,8,6,14,0,21.3,327,12,337,4.4,20.3952,16.0460
1998,8,6,14,30,21.3,370,70,427,4.3,25.6539,20.1738
1998,8,6,15,0,21.3,311,26,331,4.2,19.6858,15.4701
1998,8,6,15,30,21.1,269,18,281,4.1000000000000005,16.4858,12.9429
1998,8,6,16,0,20.900000000000002,224,14,233,3.9000000000000004,13.4259,10.5263
1998,8,6,16,30,20.5,205,17,215,3.6,12.0980,9.4666
1998,8,6,17,0,20.1,187,18,196,3.3000000000000003,10.6900,8.3405
1998,8,6,17,30,19.700000000000003,130,2,131,3,6.8606,5.3287
1998,8,6,18,0,19.3,44,425,169,2.7,8.4222,6.4953
1998,8,6,18,30,18.900000000000002,73,144,101,2.7,4.8250,3.6851
1998,8,6,19,0,18.6,44,7,44,2.6,0.0000,0.0000
1998,8,6,19,30,18.400000000000002,2,0,2,2.7,0.0000,0.0000
1998,8,6,20,0,18.2,0,0,0,2.8000000000000003,0.0000,0.0000
1998,8,6,20,30,18.1,0,0,0,2.8000000000000003,0.0000,0.0000
1998,8,6,21,0,18,0,0,0,2.7,0.0000,0.0000
1998,8,6,21,30,17.900000000000002,0,0,0,2.6,0.0000,0.0000
1998,8,6,22,0,17.8,0,0,0,2.5,0.0000,0.0000
1998,8,6,22,30,17.8,0,0,0,2.5,0.0000,0.0000
1998,8,6,23,0,17.7,0,0,0,2.5,0.0000,0.0000
1998,8,6,23,30,17.7,0,0,0,2.5,0.0000,0.0000
1998,8,7,0,0,17.6,0,0,0,2.5,0.0000,0.0000
1998,8,7,0,30,17.6,0,0,0,2.5,0.0000,0.0000
1998,8,7,1,0,17.5,0,0,0,2.5,0.0000,0.0000
1998,8,7,1,30,17.400000000000002,0,0,0,2.5,0.0000,0.0000
1998,8,7,2,0,17.3,0,0,0,2.5,0.0000,0.0000
1998,8,7,2,30,17.2,0,0,0,2.5,0.0000,0.0000
1998,8,7,3,0,17.1,0,0,0,2.6,0.0000,0.0000
1998,8,7,3,30,17,0,0,0,2.7,0.0000,0.0000
1998,8,7,4,0,16.900000000000002,0,0,0,2.8000000000000003,0.0000,0.0000
1998,8,7,4,30,16.8,0,0,0,2.8000000000000003,0.0000,0.0000
1998,8,7,5,0,16.7,0,0,0,2.8000000000000003,0.0000,0.0000
1998,8,7,5,30,16.900000000000002,0,0,0,2.9000000000000004,0.0000,0.0000
1998,8,7,6,0,17.1,15,0,15,2.9000000000000004,0.0000,0.0000
1998,8,7,6,30,17.6,36,1,36,3,1.7159,1.3081
1998,8,7,7,0,18.1,55,0,55,3,2.7085,2.0844
1998,8,7,7,30,19,20,0,20,3.2,1.0360,0.8035
1998,8,7,8,0,19.8,62,0,62,3.5,3.3523,2.6132
1998,8,7,8,30,20.6,22,0,22,3.6,1.2297,0.9617
1998,8,7,9,0,21.3,32,0,32,3.8000000000000003,1.8345,1.4377
1998,8,7,9,30,21.8,191,0,191,3.8000000000000003,11.1618,8.7606
1998,8,7,10,0,22.200000000000003,370,57,413,3.8000000000000003,24.4887,19.2404
1998,8,7,10,30,22.700000000000003,437,145,554,3.7,33.2075,26.1099
1998,8,7,11,0,23.1,462,196,627,3.7,37.8814,29.8001
1998,8,7,11,30,23.5,250,0,250,3.5,15.1860,11.9505
1998,8,7,12,0,23.900000000000002,362,3,364,3.4000000000000004,22.1817,17.4591
1998,8,7,12,30,24.200000000000003,127,0,127,3.3000000000000003,7.7484,6.0992
1998,8,7,13,0,24.5,341,436,732,3.2,44.6255,35.1253
1998,8,7,13,30,24.700000000000003,454,305,722,3.1,43.8932,34.5430
1998,8,7,14,0,24.900000000000002,230,621,759,3,45.9162,36.1239
1998,8,7,14,30,24.900000000000002,237,569,699,2.9000000000000004,41.9760,33.0083
1998,8,7,15,0,25,185,605,646,2.8000000000000003,38.3990,30.1747
1998,8,7,15,30,24.900000000000002,113,804,675,2.7,39.5762,31.0697
1998,8,7,16,0,24.8,104,782,598,2.6,34.4303,26.9927
1998,8,7,16,30,24.5,172,532,467,2.4000000000000004,26.2522,20.5404
1998,8,7,17,0,24.1,188,8,192,2.2,10.4584,8.1587
1998,8,7,17,30,23.400000000000002,147,414,305,1.6,15.9470,12.3836
1998,8,7,18,0,22.6,65,578,232,1.1,11.5404,8.8972
1998,8,7,18,30,21.400000000000002,51,466,142,1,6.7787,5.1755
1998,8,7,19,0,20.200000000000003,48,7,49,0.8,0.0000,0.0000
1998,8,7,19,30,19.8,0,0,0,0.8,0.0000,0.0000
1998,8,7,20,0,19.3,0,0,0,0.9,0.0000,0.0000
1998,8,7,20,30,19.1,0,0,0,0.9,0.0000,0.0000
1998,8,7,21,0,18.900000000000002,0,0,0,0.8,0.0000,0.0000
1998,8,7,21,30,18.5,0,0,0,0.9,0.0000,0.0000
1998,8,7,22,0,18.1,0,0,0,0.9,0.0000,0.0000
1998,8,7,22,30,17.6,0,0,0,0.9,0.0000,0.0000
1998,8,7,23,0,17,0,0,0,0.9,0.0000,0.0000
1998,8,7,23,30,16.6,0,0,0,1,0.0000,0.0000
1998,8,8,0,0,16.2,0,0,0,1.1,0.0000,0.0000
1998,8,8,0,30,16,0,0,0,1.2000000000000002,0.0000,0.0000
1998,8,8,1,0,15.8,0,0,0,1.4000000000000001,0.0000,0.0000
1998,8,8,1,30,15.600000000000001,0,0,0,1.4000000000000001,0.0000,0.0000
1998,8,8,2,0,15.5,0,0,0,1.5,0.0000,0.0000
1998,8,8,2,30,15.3,0,0,0,1.6,0.0000,0.0000
1998,8,8,3,0,15.100000000000001,0,0,0,1.6,0.0000,0.0000
1998,8,8,3,30,14.9,0,0,0,1.5,0.0000,0.0000
1998,8,8,4,0,14.700000000000001,0,0,0,1.5,0.0000,0.0000
1998,8,8,4,30,14.700000000000001,0,0,0,1.5,0.0000,0.0000
1998,8,8,5,0,14.700000000000001,0,0,0,1.4000000000000001,0.0000,0.0000
1998,8,8,5,30,15.9,0,0,0,1.9000000000000001,0.0000,0.0000
1998,8,8,6,0,17.2,25,306,51,2.4000000000000004,0.0000,0.0000
1998,8,8,6,30,18.3,76,3,77,2.4000000000000004,3.6707,2.7977
1998,8,8,7,0,19.400000000000002,8,0,8,2.4000000000000004,0.3934,0.3027
1998,8,8,7,30,21,189,148,242,2.5,12.5193,9.7086
1998,8,8,8,0,22.700000000000003,245,112,296,2.7,15.9882,12.4618
1998,8,8,8,30,24.200000000000003,82,793,506,3.1,28.2611,22.0995
1998,8,8,9,0,25.8,87,828,595,3.6,34.0880,26.7137
1998,8,8,9,30,26.6,92,852,675,3.7,39.4250,30.9423
1998,8,8,10,0,27.400000000000002,97,871,748,3.9000000000000004,44.3323,34.8302
1998,8,8,10,30,28,435,205,600,4,35.9509,28.2662
1998,8,8,11,0,28.5,103,894,857,4.1000000000000005,51.7583,40.7157
1998,8,8,11,30,29,105,900,892,4.2,54.1647,42.6233
1998,8,8,12,0,29.400000000000002,105,906,915,4.3,55.7401,43.8718
1998,8,8,12,30,29.700000000000003,106,908,924,4.3,56.3553,44.3592
1998,8,8,13,0,30.1,103,910,919,4.3,56.0056,44.0818
1998,8,8,13,30,30.3,102,904,897,4.2,54.5119,42.8986
1998,8,8,14,0,30.5,98,901,864,4.1000000000000005,52.2464,41.1030
1998,8,8,14,30,30.5,96,890,817,4,49.0392,38.5613
1998,8,8,15,0,30.5,92,878,758,3.9000000000000004,45.0326,35.3863
1998,8,8,15,30,30.3,89,859,688,3.7,40.3116,31.6455
1998,8,8,16,0,30.1,83,838,609,3.5,35.0354,27.4653
1998,8,8,16,30,29.6,78,808,523,3.2,29.3710,22.9786
1998,8,8,17,0,29.1,71,768,430,2.9000000000000004,23.3922,18.2462
1998,8,8,17,30,28,64,713,334,2.4000000000000004,17.4344,13.5359
1998,8,8,18,0,26.900000000000002,55,636,238,2,11.8169,9.1074
1998,8,8,18,30,25.5,44,525,145,1.9000000000000001,6.9178,5.2799
1998,8,8,19,0,24,28,355,64,1.8,0.0000,0.0000
1998,8,8,19,30,23.6,0,0,0,2,0.0000,0.0000
1998,8,8,20,0,23.200000000000003,0,0,0,2.2,0.0000,0.0000
1998,8,8,20,30,23,0,0,0,2.5,0.0000,0.0000
1998,8,8,21,0,22.900000000000002,0,0,0,2.7,0.0000,0.0000
1998,8,8,21,30,22.700000000000003,0,0,0,2.9000000000000004,0.0000,0.0000
1998,8,8,22,0,22.5,0,0,0,3.2,0.0000,0.0000
1998,8,8,22,30,22.200000000000003,0,0,0,3.2,0.0000,0.0000
1998,8,8,23,0,21.900000000000002,0,0,0,3.3000000000000003,0.0000,0.0000
1998,8,8,23,30,21.6,0,0,0,3.2,0.0000,0.0000
1998,8,9,0,0,21.400000000000002,0,0,0,3.2,0.0000,0.0000
1998,8,9,0,30,21.1,0,0,0,3,0.0000,0.0000
1998,8,9,1,0,20.8,0,0,0,2.9000000000000004,0.0000,0.0000
1998,8,9,1,30,20.5,0,0,0,2.8000000000000003,0.0000,0.0000
1998,8,9,2,0,20.200000000000003,0,0,0,2.7,0.0000,0.0000
1998,8,9,2,30,19.8,0,0,0,2.4000000000000004,0.0000,0.0000
1998,8,9,3,0,19.400000000000002,0,0,0,2.2,0.0000,0.0000
1998,8,9,3,30,19.1,0,0,0,2,0.0000,0.0000
1998,8,9,4,0,18.8,0,0,0,1.8,0.0000,0.0000
1998,8,9,4,30,18.7,0,0,0,1.8,0.0000,0.0000
1998,8,9,5,0,18.6,0,0,0,1.8,0.0000,0.0000
1998,8,9,5,30,19.6,0,0,0,2.2,0.0000,0.0000
1998,8,9,6,0,20.5,32,4,32,2.7,0.0000,0.0000
1998,8,9,6,30,21.5,45,444,122,2.6,5.8173,4.4331
1998,8,9,7,0,22.6,59,570,211,2.4000000000000004,10.3619,7.9699
1998,8,9,7,30,24.1,70,656,305,2.5,15.7566,12.2169
1998,8,9,8,0,25.6,156,422,345,2.6,18.6145,14.5071
1998,8,9,8,30,27,164,518,440,2.8000000000000003,24.5542,19.1993
1998,8,9,9,0,28.5,185,528,508,3,29.0847,22.7916
1998,8,9,9,30,29.400000000000002,97,828,662,3.1,38.6448,30.3287
1998,8,9,10,0,30.3,103,844,732,3.1,43.3632,34.0677
1998,8,9,10,30,30.8,106,860,793,3.1,47.4957,37.3423
1998,8,9,11,0,31.200000000000003,112,866,840,3.1,50.7128,39.8923
1998,8,9,11,30,31.5,114,873,875,3.1,53.1141,41.7957
1998,8,9,12,0,31.8,474,228,678,3,41.2883,32.4964
1998,8,9,12,30,32,473,160,617,2.9000000000000004,37.6179,29.6097
1998,8,9,13,0,32.2,429,48,472,2.9000000000000004,28.7541,22.6317
1998,8,9,13,30,32.2,376,300,639,2.7,38.8177,30.5472
1998,8,9,14,0,32.2,409,59,459,2.6,27.7442,21.8261
1998,8,9,14,30,32.1,330,4,333,2.4000000000000004,19.9784,15.7092
1998,8,9,15,0,31.900000000000002,139,0,139,2.3000000000000003,8.2532,6.4850
1998,8,9,15,30,31.6,325,38,351,2,20.5522,16.1331
1998,8,9,16,0,31.3,216,1,216,1.8,12.4162,9.7328
1998,8,9,16,30,30.8,221,7,225,1.6,12.6218,9.8738
1998,8,9,17,0,30.3,83,0,83,1.4000000000000001,4.5091,3.5166
1998,8,9,17,30,29.3,83,0,83,1.1,4.3249,3.3571
1998,8,9,18,0,28.400000000000002,120,5,121,0.8,5.9961,4.6196
1998,8,9,18,30,27.3,68,1,68,0.8,3.2427,2.4741
1998,8,9,19,0,26.3,47,16,49,0.8,0.0000,0.0000
1998,8,9,19,30,25.700000000000003,0,0,0,0.9,0.0000,0.0000
1998,8,9,20,0,25.200000000000003,0,0,0,0.9,0.0000,0.0000
1998,8,9,20,30,24.8,0,0,0,1,0.0000,0.0000
1998,8,9,21,0,24.400000000000002,0,0,0,1,0.0000,0.0000
1998,8,9,21,30,24.1,0,0,0,1.1,0.0000,0.0000
1998,8,9,22,0,23.900000000000002,0,0,0,1.2000000000000002,0.0000,0.0000
1998,8,9,22,30,23.6,0,0,0,1.3,0.0000,0.0000
1998,8,9,23,0,23.400000000000002,0,0,0,1.5,0.0000,0.0000
1998,8,9,23,30,23.1,0,0,0,1.6,0.0000,0.0000
1998,8,10,0,0,22.8,0,0,0,1.8,0.0000,0.0000
1998,8,10,0,30,22.6,0,0,0,1.9000000000000001,0.0000,0.0000
1998,8,10,1,0,22.400000000000002,0,0,0,2,0.0000,0.0000
1998,8,10,1,30,22.1,0,0,0,2.1,0.0000,0.0000
1998,8,10,2,0,21.8,0,0,0,2.1,0.0000,0.0000
1998,8,10,2,30,21.5,0,0,0,2.2,0.0000,0.0000
1998,8,10,3,0,21.1,0,0,0,2.2,0.0000,0.0000
1998,8,10,3,30,20.700000000000003,0,0,0,2.2,0.0000,0.0000
1998,8,10,4,0,20.3,0,0,0,2.2,0.0000,0.0000
1998,8,10,4,30,19.900000000000002,0,0,0,2.2,0.0000,0.0000
1998,8,10,5,0,19.6,0,0,0,2.3000000000000003,0.0000,0.0000
1998,8,10,5,30,19.8,0,0,0,2.6,0.0000,0.0000
1998,8,10,6,0,20.1,25,1,25,2.9000000000000004,0.0000,0.0000
1998,8,10,6,30,20.700000000000003,68,8,70,2.9000000000000004,0.0000,0.0000
1998,8,10,7,0,21.400000000000002,101,11,104,2.9000000000000004,5.1000,3.9216
1998,8,10,7,30,22.400000000000002,151,19,158,2.9000000000000004,8.1518,6.3194
1998,8,10,8,0,23.5,176,20,184,3,9.9175,7.7283
1998,8,10,8,30,24.6,265,173,357,3.2,19.9054,15.5632
1998,8,10,9,0,25.6,291,240,437,3.4000000000000004,25.0023,19.5914
1998,8,10,9,30,26.200000000000003,260,447,564,3.3000000000000003,32.9060,25.8238
1998,8,10,10,0,26.8,383,321,621,3.3000000000000003,36.7707,28.8875
1998,8,10,10,30,27.200000000000003,247,598,723,3.2,43.2844,34.0302
1998,8,10,11,0,27.6,299,522,737,3.1,44.4770,34.9861
1998,8,10,11,30,27.8,479,274,717,3,43.5075,34.2354
1998,8,10,12,0,28,354,442,747,2.9000000000000004,45.4743,35.7902
1998,8,10,12,30,28.1,346,451,751,2.9000000000000004,45.7713,36.0266
1998,8,10,13,0,28.200000000000003,365,435,753,2.8000000000000003,45.8556,36.0911
1998,8,10,13,30,28,429,304,694,2.8000000000000003,42.1422,33.1625
1998,8,10,14,0,27.900000000000002,430,188,589,2.7,35.5861,27.9945
1998,8,10,14,30,27.700000000000003,394,127,496,2.6,29.7422,23.3859
1998,8,10,15,0,27.400000000000002,381,176,514,2.6,30.5009,23.9654
1998,8,10,15,30,27.1,356,120,439,2.5,25.6867,20.1626
1998,8,10,16,0,26.700000000000003,312,132,394,2.4000000000000004,22.6285,17.7368
1998,8,10,16,30,26.3,281,165,371,2.2,20.7898,16.2619
1998,8,10,17,0,25.8,195,387,373,2.1,20.2356,15.7795
1998,8,10,17,30,24.8,97,588,316,1.6,16.4370,12.7558
1998,8,10,18,0,23.700000000000003,82,488,219,1.2000000000000002,10.8303,8.3412
1998,8,10,18,30,22.200000000000003,60,370,129,1.1,6.1496,4.6907
1998,8,10,19,0,20.700000000000003,32,205,51,1,0.0000,0.0000
1998,8,10,19,30,20.1,0,0,0,1,0.0000,0.0000
1998,8,10,20,0,19.5,0,0,0,1.1,0.0000,0.0000
1998,8,10,20,30,19.200000000000003,0,0,0,1,0.0000,0.0000
1998,8,10,21,0,18.900000000000002,0,0,0,1,0.0000,0.0000
1998,8,10,21,30,18.7,0,0,0,1,0.0000,0.0000
1998,8,10,22,0,18.400000000000002,0,0,0,1,0.0000,0.0000
1998,8,10,22,30,18.3,0,0,0,1,0.0000,0.0000
1998,8,10,23,0,18.1,0,0,0,1,0.0000,0.0000
1998,8,10,23,30,18,0,0,0,1,0.0000,0.0000
1998,8,11,0,0,17.900000000000002,0,0,0,1,0.0000,0.0000
1998,8,11,0,30,17.900000000000002,0,0,0,0.9,0.0000,0.0000
1998,8,11,1,0,17.900000000000002,0,0,0,0.9,0.0000,0.0000
1998,8,11,1,30,17.900000000000002,0,0,0,0.8,0.0000,0.0000
1998,8,11,2,0,17.900000000000002,0,0,0,0.7000000000000001,0.0000,0.0000
1998,8,11,2,30,17.8,0,0,0,0.7000000000000001,0.0000,0.0000
1998,8,11,3,0,17.7,0,0,0,0.6000000000000001,0.0000,0.0000
1998,8,11,3,30,17.5,0,0,0,0.6000000000000001,0.0000,0.0000
1998,8,11,4,0,17.3,0,0,0,0.6000000000000001,0.0000,0.0000
1998,8,11,4,30,17.1,0,0,0,0.6000000000000001,0.0000,0.0000
1998,8,11,5,0,16.8,0,0,0,0.6000000000000001,0.0000,0.0000
1998,8,11,5,30,17.3,0,0,0,0.6000000000000001,0.0000,0.0000
1998,8,11,6,0,17.8,25,185,39,0.5,0.0000,0.0000
1998,8,11,6,30,18.8,77,3,77,0.8,0.0000,0.0000
1998,8,11,7,0,19.8,74,493,203,1,9.9407,7.6416
1998,8,11,7,30,21.1,91,586,299,0.8,15.4049,11.9399
1998,8,11,8,0,22.400000000000002,102,666,397,0.6000000000000001,21.3742,16.6541
1998,8,11,8,30,24,113,719,492,0.7000000000000001,27.4092,21.4284
1998,8,11,9,0,25.6,119,764,582,0.9,33.2762,26.0734
1998,8,11,9,30,26.3,127,796,666,1,38.8344,30.4750
1998,8,11,10,0,26.900000000000002,130,825,741,1.2000000000000002,43.8547,34.4516
1998,8,11,10,30,27.400000000000002,134,843,804,1.3,48.1137,37.8260
1998,8,11,11,0,27.900000000000002,414,400,749,1.5,45.1841,35.5415
1998,8,11,11,30,28.200000000000003,437,390,775,1.5,47.0090,36.9898
1998,8,11,12,0,28.6,219,662,806,1.6,49.0480,38.6020
1998,8,11,12,30,28.700000000000003,266,613,814,1.6,49.5924,39.0333
1998,8,11,13,0,28.900000000000002,245,641,815,1.6,49.6119,39.0466
1998,8,11,13,30,28.900000000000002,253,606,781,1.7000000000000002,47.4054,37.3033
1998,8,11,14,0,28.8,157,799,830,1.7000000000000002,50.1234,39.4294
1998,8,11,14,30,28.6,170,758,778,1.8,46.6287,36.6622
1998,8,11,15,0,28.400000000000002,230,554,646,1.9000000000000001,38.3110,30.1008
1998,8,11,15,30,28.1,230,511,582,1.9000000000000001,34.0295,26.7098
1998,8,11,16,0,27.8,335,235,480,1.9000000000000001,27.5427,21.5871
1998,8,11,16,30,27.400000000000002,107,736,506,1.8,28.3229,22.1521
1998,8,11,17,0,26.900000000000002,98,688,412,1.7000000000000002,22.3186,17.4012
1998,8,11,17,30,25.8,86,622,316,1.4000000000000001,16.4064,12.7290
1998,8,11,18,0,24.8,72,533,219,1,10.8085,8.3213
1998,8,11,18,30,23.5,53,412,129,1,6.1486,4.6884
1998,8,11,19,0,22.200000000000003,30,242,51,0.9,0.0000,0.0000
1998,8,11,19,30,21.8,0,0,0,1,0.0000,0.0000
1998,8,11,20,0,21.3,0,0,0,1,0.0000,0.0000
1998,8,11,20,30,21.1,0,0,0,1,0.0000,0.0000
1998,8,11,21,0,20.900000000000002,0,0,0,1,0.0000,0.0000
1998,8,11,21,30,20.8,0,0,0,1,0.0000,0.0000
1998,8,11,22,0,20.6,0,0,0,1,0.0000,0.0000
1998,8,11,22,30,20.400000000000002,0,0,0,0.9,0.0000,0.0000
1998,8,11,23,0,20.3,0,0,0,0.9,0.0000,0.0000
1998,8,11,23,30,20,0,0,0,0.9,0.0000,0.0000
1998,8,12,0,0,19.700000000000003,0,0,0,0.9,0.0000,0.0000
1998,8,12,0,30,19.5,0,0,0,0.9,0.0000,0.0000
1998,8,12,1,0,19.3,0,0,0,0.9,0.0000,0.0000
1998,8,12,1,30,19.200000000000003,0,0,0,0.9,0.0000,0.0000
1998,8,12,2,0,19.1,0,0,0,0.9,0.0000,0.0000
1998,8,12,2,30,18.900000000000002,0,0,0,0.8,0.0000,0.0000
1998,8,12,3,0,18.7,0,0,0,0.8,0.0000,0.0000
1998,8,12,3,30,18.400000000000002,0,0,0,0.8,0.0000,0.0000
1998,8,12,4,0,18.1,0,0,0,0.7000000000000001,0.0000,0.0000
1998,8,12,4,30,17.900000000000002,0,0,0,0.7000000000000001,0.0000,0.0000
1998,8,12,5,0,17.7,0,0,0,0.7000000000000001,0.0000,0.0000
1998,8,12,5,30,18.3,0,0,0,0.7000000000000001,0.0000,0.0000
1998,8,12,6,0,18.900000000000002,29,2,29,0.6000000000000001,0.0000,0.0000
1998,8,12,6,30,19.5,49,375,111,0.7000000000000001,0.0000,0.0000
1998,8,12,7,0,20,132,74,151,0.9,7.3839,5.6745
1998,8,12,7,30,21.200000000000003,144,7,146,1,7.5116,5.8209
1998,8,12,8,0,22.400000000000002,166,419,351,1.2000000000000002,18.8764,14.7061
1998,8,12,8,30,23.900000000000002,192,410,408,1.5,22.7100,17.7532
1998,8,12,9,0,25.400000000000002,294,128,371,1.8,21.1972,16.6079
1998,8,12,9,30,26.200000000000003,337,166,449,1.9000000000000001,26.1666,20.5332
1998,8,12,10,0,26.900000000000002,342,70,394,2,23.3067,18.3087
1998,8,12,10,30,27.400000000000002,286,13,296,2.1,17.7057,13.9194
1998,8,12,11,0,27.900000000000002,311,14,322,2.2,19.4168,15.2727
1998,8,12,11,30,28.200000000000003,418,27,442,2.3000000000000003,26.7999,21.0875
1998,8,12,12,0,28.5,361,3,364,2.4000000000000004,22.1425,17.4263
1998,8,12,12,30,28.6,405,247,626,2.5,38.1241,30.0061
1998,8,12,13,0,28.8,213,2,214,2.6,13.0218,10.2485
1998,8,12,13,30,28.700000000000003,386,50,430,2.7,26.0893,20.5291
1998,8,12,14,0,28.700000000000003,296,505,720,2.8000000000000003,43.4607,34.1872
1998,8,12,14,30,28.5,403,65,455,2.8000000000000003,27.2550,21.4287
1998,8,12,15,0,28.400000000000002,415,205,568,2.8000000000000003,33.6641,26.4486
1998,8,12,15,30,28.1,372,227,528,2.7,30.8489,24.2120
1998,8,12,16,0,27.700000000000003,339,195,459,2.7,26.3134,20.6221
1998,8,12,16,30,27.200000000000003,300,143,376,2.5,21.0212,16.4395
1998,8,12,17,0,26.6,250,60,277,2.3000000000000003,14.9833,11.6802
1998,8,12,17,30,25.700000000000003,197,43,213,2,11.0380,8.5618
1998,8,12,18,0,24.8,146,37,157,1.6,7.7330,5.9513
1998,8,12,18,30,23.6,86,8,88,1.3,4.1945,3.1975
1998,8,12,19,0,22.3,29,0,29,1.1,0.0000,0.0000
1998,8,12,19,30,21.8,0,0,0,1.1,0.0000,0.0000
1998,8,12,20,0,21.3,0,0,0,1,0.0000,0.0000
1998,8,12,20,30,21.1,0,0,0,1,0.0000,0.0000
1998,8,12,21,0,20.8,0,0,0,0.9,0.0000,0.0000
1998,8,12,21,30,20.6,0,0,0,0.9,0.0000,0.0000
1998,8,12,22,0,20.5,0,0,0,0.8,0.0000,0.0000
1998,8,12,22,30,20.3,0,0,0,0.8,0.0000,0.0000
1998,8,12,23,0,20.1,0,0,0,0.7000000000000001,0.0000,0.0000
1998,8,12,23,30,19.900000000000002,0,0,0,0.7000000000000001,0.0000,0.0000
1998,8,13,0,0,19.8,0,0,0,0.6000000000000001,0.0000,0.0000
1998,8,13,0,30,19.6,0,0,0,0.6000000000000001,0.0000,0.0000
1998,8,13,1,0,19.5,0,0,0,0.5,0.0000,0.0000
1998,8,13,1,30,19.400000000000002,0,0,0,0.5,0.0000,0.0000
1998,8,13,2,0,19.400000000000002,0,0,0,0.5,0.0000,0.0000
1998,8,13,2,30,19.3,0,0,0,0.5,0.0000,0.0000
1998,8,13,3,0,19.3,0,0,0,0.4,0.0000,0.0000
1998,8,13,3,30,19.200000000000003,0,0,0,0.4,0.0000,0.0000
1998,8,13,4,0,19.1,0,0,0,0.30000000000000004,0.0000,0.0000
1998,8,13,4,30,18.900000000000002,0,0,0,0.4,0.0000,0.0000
1998,8,13,5,0,18.7,0,0,0,0.4,0.0000,0.0000
1998,8,13,5,30,19.1,0,0,0,0.6000000000000001,0.0000,0.0000
1998,8,13,6,0,19.5,24,143,34,0.7000000000000001,0.0000,0.0000
1998,8,13,6,30,20.1,54,309,104,0.9,0.0000,0.0000
1998,8,13,7,0,20.700000000000003,76,449,191,1.1,9.3269,7.1657
1998,8,13,7,30,22.1,94,545,284,1.2000000000000002,14.5909,11.3047
1998,8,13,8,0,23.6,103,630,380,1.3,20.4130,15.9013
1998,8,13,8,30,24.8,115,686,474,1.2000000000000002,26.3608,20.6055
1998,8,13,9,0,26,120,738,565,1.2000000000000002,32.2583,25.2729
1998,8,13,9,30,26.700000000000003,127,770,646,1,37.6251,29.5234
1998,8,13,10,0,27.400000000000002,130,803,721,0.8,42.6288,33.4862
1998,8,13,10,30,28,135,821,783,0.7000000000000001,46.8155,36.8031
1998,8,13,11,0,28.5,467,175,612,0.6000000000000001,36.8891,29.0152
1998,8,13,11,30,29,476,244,686,0.5,41.5782,32.7149
1998,8,13,12,0,29.400000000000002,136,859,894,0.5,54.3616,42.7820
1998,8,13,12,30,29.700000000000003,136,861,902,0.5,54.9115,43.2178
1998,8,13,13,0,30,134,862,897,0.4,54.5595,42.9384
1998,8,13,13,30,30.200000000000003,132,857,875,0.4,53.0652,41.7548
1998,8,13,14,0,30.3,127,853,841,0.4,50.7393,39.9114
1998,8,13,14,30,30.400000000000002,124,838,792,0.5,47.4163,37.2788
1998,8,13,15,0,30.400000000000002,119,824,732,0.5,43.3565,34.0621
1998,8,13,15,30,30.200000000000003,114,802,662,0.5,38.6485,30.3318
1998,8,13,16,0,30,106,777,582,0.6000000000000001,33.3337,26.1220
1998,8,13,16,30,29.700000000000003,99,737,493,0.7000000000000001,27.5293,21.5268
1998,8,13,17,0,29.400000000000002,89,691,400,0.8,21.6027,16.8377
1998,8,13,17,30,28.400000000000002,79,625,305,0.7000000000000001,15.7743,12.2325
1998,8,13,18,0,27.5,66,538,210,0.7000000000000001,10.3220,7.9406
1998,8,13,18,30,25.700000000000003,49,413,121,0.8,5.7689,4.3966
1998,8,13,19,0,23.900000000000002,26,233,45,1,0.0000,0.0000
1998,8,13,19,30,23.1,0,0,0,1.1,0.0000,0.0000
1998,8,13,20,0,22.400000000000002,0,0,0,1.2000000000000002,0.0000,0.0000
1998,8,13,20,30,22,0,0,0,1.3,0.0000,0.0000
1998,8,13,21,0,21.5,0,0,0,1.4000000000000001,0.0000,0.0000
1998,8,13,21,30,21.200000000000003,0,0,0,1.5,0.0000,0.0000
1998,8,13,22,0,20.8,0,0,0,1.5,0.0000,0.0000
1998,8,13,22,30,20.5,0,0,0,1.6,0.0000,0.0000
1998,8,13,23,0,20.1,0,0,0,1.6,0.0000,0.0000
1998,8,13,23,30,19.8,0,0,0,1.6,0.0000,0.0000
1998,8,14,0,0,19.5,0,0,0,1.6,0.0000,0.0000
1998,8,14,0,30,19.200000000000003,0,0,0,1.6,0.0000,0.0000
1998,8,14,1,0,18.900000000000002,0,0,0,1.7000000000000002,0.0000,0.0000
1998,8,14,1,30,18.7,0,0,0,1.7000000000000002,0.0000,0.0000
1998,8,14,2,0,18.400000000000002,0,0,0,1.7000000000000002,0.0000,0.0000
1998,8,14,2,30,18.2,0,0,0,1.6,0.0000,0.0000
1998,8,14,3,0,17.900000000000002,0,0,0,1.6,0.0000,0.0000
1998,8,14,3,30,17.7,0,0,0,1.6,0.0000,0.0000
1998,8,14,4,0,17.400000000000002,0,0,0,1.5,0.0000,0.0000
1998,8,14,4,30,17.3,0,0,0,1.5,0.0000,0.0000
1998,8,14,5,0,17.2,0,0,0,1.5,0.0000,0.0000
1998,8,14,5,30,18,0,0,0,2,0.0000,0.0000
1998,8,14,6,0,18.8,23,181,35,2.4000000000000004,0.0000,0.0000
1998,8,14,6,30,19.8,48,366,106,2.3000000000000003,0.0000,0.0000
1998,8,14,7,0,20.700000000000003,67,498,193,2.1,9.4117,7.2287
1998,8,14,7,30,22.200000000000003,82,591,286,2,14.6728,11.3659
1998,8,14,8,0,23.8,95,658,381,1.9000000000000001,20.4434,15.9230
1998,8,14,8,30,25.700000000000003,105,709,474,1.8,26.3363,20.5845
1998,8,14,9,0,27.700000000000003,117,738,559,1.8,31.8928,24.9850
1998,8,14,9,30,28.5,124,770,641,1.6,37.3116,29.2761
1998,8,14,10,0,29.3,134,784,710,1.5,41.9563,32.9567
1998,8,14,10,30,29.700000000000003,139,804,771,1.4000000000000001,46.0763,36.2209
1998,8,14,11,0,30.1,142,819,822,1.3,49.5260,38.9537
1998,8,14,11,30,30.400000000000002,144,829,857,1.3,51.9219,40.8526
1998,8,14,12,0,30.700000000000003,141,843,883,1.3,53.6715,42.2378
1998,8,14,12,30,30.900000000000002,142,845,891,1.4000000000000001,54.2198,42.6723
1998,8,14,13,0,31.1,136,852,887,1.4000000000000001,53.9286,42.4408
1998,8,14,13,30,31.200000000000003,134,847,866,1.4000000000000001,52.4959,41.3056
1998,8,14,14,0,31.200000000000003,126,846,833,1.4000000000000001,50.2322,39.5113
1998,8,14,14,30,31.200000000000003,123,834,785,1.4000000000000001,46.9698,36.9263
1998,8,14,15,0,31.1,116,822,726,1.5,42.9725,33.7588
1998,8,14,15,30,31.1,111,801,656,1.4000000000000001,38.2674,30.0310
1998,8,14,16,0,31.1,104,776,577,1.4000000000000001,33.0149,25.8702
1998,8,14,16,30,30.8,96,739,488,1.4000000000000001,27.2169,21.2802
1998,8,14,17,0,30.5,87,691,396,1.3,21.3529,16.6402
1998,8,14,17,30,29.1,77,626,300,1.2000000000000002,15.4848,12.0048
1998,8,14,18,0,27.700000000000003,128,215,185,1,9.0745,6.9781
1998,8,14,18,30,26.200000000000003,86,100,103,1.1,0.0000,0.0000
1998,8,14,19,0,24.6,32,4,32,1.2000000000000002,0.0000,0.0000
1998,8,14,19,30,24.1,0,0,0,1.2000000000000002,0.0000,0.0000
1998,8,14,20,0,23.5,0,0,0,1.3,0.0000,0.0000
1998,8,14,20,30,23.1,0,0,0,1.3,0.0000,0.0000
1998,8,14,21,0,22.6,0,0,0,1.4000000000000001,0.0000,0.0000
1998,8,14,21,30,22.200000000000003,0,0,0,1.3,0.0000,0.0000
1998,8,14,22,0,21.700000000000003,0,0,0,1.3,0.0000,0.0000
1998,8,14,22,30,21.3,0,0,0,1.2000000000000002,0.0000,0.0000
1998,8,14,23,0,20.8,0,0,0,1.2000000000000002,0.0000,0.0000
1998,8,14,23,30,20.400000000000002,0,0,0,1.1,0.0000,0.0000
1998,8,15,0,0,20,0,0,0,1.1,0.0000,0.0000
1998,8,15,0,30,19.700000000000003,0,0,0,1.1,0.0000,0.0000
1998,8,15,1,0,19.400000000000002,0,0,0,1.1,0.0000,0.0000
1998,8,15,1,30,19.1,0,0,0,1.1,0.0000,0.0000
1998,8,15,2,0,18.900000000000002,0,0,0,1.1,0.0000,0.0000
1998,8,15,2,30,18.8,0,0,0,1.1,0.0000,0.0000
1998,8,15,3,0,18.7,0,0,0,1.1,0.0000,0.0000
1998,8,15,3,30,18.6,0,0,0,1.1,0.0000,0.0000
1998,8,15,4,0,18.5,0,0,0,1.1,0.0000,0.0000
1998,8,15,4,30,18.400000000000002,0,0,0,1.1,0.0000,0.0000
1998,8,15,5,0,18.400000000000002,0,0,0,1.1,0.0000,0.0000
1998,8,15,5,30,18.6,0,0,0,1.2000000000000002,0.0000,0.0000
1998,8,15,6,0,18.7,23,147,33,1.4000000000000001,0.0000,0.0000
1998,8,15,6,30,19,66,2,66,1.3,0.0000,0.0000
1998,8,15,7,0,19.3,73,453,187,1.2000000000000002,9.1060,6.9918
1998,8,15,7,30,20,90,551,279,1.1,14.2933,11.0697
1998,8,15,8,0,20.6,105,619,373,1,19.9913,15.5689
1998,8,15,8,30,21.400000000000002,117,674,466,1,25.8689,20.2176
1998,8,15,9,0,22.200000000000003,128,710,552,1,31.4706,24.6528
1998,8,15,9,30,22.900000000000002,135,743,632,1.1,36.7643,28.8454
1998,8,15,10,0,23.6,143,767,704,1.1,41.5796,32.6595
1998,8,15,10,30,24.200000000000003,196,619,682,1.2000000000000002,40.7390,32.0242
1998,8,15,11,0,24.900000000000002,243,543,692,1.3,41.6755,32.7781
1998,8,15,11,30,25.400000000000002,289,513,729,1.2000000000000002,44.1486,34.7356
1998,8,15,12,0,25.900000000000002,268,544,746,1.2000000000000002,45.3260,35.6692
1998,8,15,12,30,26.1,337,432,719,1.2000000000000002,43.7351,34.4197
1998,8,15,13,0,26.400000000000002,318,441,706,1.1,42.9057,33.7651
1998,8,15,13,30,26.400000000000002,252,563,737,1.1,44.6551,35.1352
1998,8,15,14,0,26.5,282,472,675,1.1,40.6829,31.9990
1998,8,15,14,30,26.5,232,569,682,1,40.7836,32.0617
1998,8,15,15,0,26.5,246,518,629,1,37.2059,29.2273
1998,8,15,15,30,26.6,245,471,564,1,32.8739,25.7968
1998,8,15,16,0,26.700000000000003,247,441,514,1.1,29.3797,23.0197
1998,8,15,16,30,26.700000000000003,259,245,389,1.1,21.6676,16.9394
1998,8,15,17,0,26.700000000000003,217,198,305,1.2000000000000002,16.4187,12.7927
1998,8,15,17,30,25.900000000000002,176,176,238,1,12.2589,9.5012
1998,8,15,18,0,25.1,127,151,167,0.8,8.1742,6.2831
1998,8,15,18,30,24.1,84,61,94,0.8,0.0000,0.0000
1998,8,15,19,0,23.1,31,3,32,0.9,0.0000,0.0000
1998,8,15,19,30,22.8,0,0,0,1.2000000000000002,0.0000,0.0000
1998,8,15,20,0,22.5,0,0,0,1.4000000000000001,0.0000,0.0000
1998,8,15,20,30,22.5,0,0,0,1.8,0.0000,0.0000
1998,8,15,21,0,22.400000000000002,0,0,0,2.2,0.0000,0.0000
1998,8,15,21,30,22.3,0,0,0,2.5,0.0000,0.0000
1998,8,15,22,0,22.1,0,0,0,2.9000000000000004,0.0000,0.0000
1998,8,15,22,30,21.8,0,0,0,2.9000000000000004,0.0000,0.0000
1998,8,15,23,0,21.5,0,0,0,3,0.0000,0.0000
1998,8,15,23,30,21.200000000000003,0,0,0,2.9000000000000004,0.0000,0.0000
1998,8,16,0,0,20.900000000000002,0,0,0,2.9000000000000004,0.0000,0.0000
1998,8,16,0,30,20.700000000000003,0,0,0,2.9000000000000004,0.0000,0.0000
1998,8,16,1,0,20.5,0,0,0,2.9000000000000004,0.0000,0.0000
1998,8,16,1,30,20.400000000000002,0,0,0,3,0.0000,0.0000
1998,8,16,2,0,20.200000000000003,0,0,0,3,0.0000,0.0000
1998,8,16,2,30,20.1,0,0,0,3.2,0.0000,0.0000
1998,8,16,3,0,20,0,0,0,3.3000000000000003,0.0000,0.0000
1998,8,16,3,30,19.900000000000002,0,0,0,3.4000000000000004,0.0000,0.0000
1998,8,16,4,0,19.900000000000002,0,0,0,3.5,0.0000,0.0000
1998,8,16,4,30,19.8,0,0,0,3.5,0.0000,0.0000
1998,8,16,5,0,19.8,0,0,0,3.6,0.0000,0.0000
1998,8,16,5,30,20.1,0,0,0,3.7,0.0000,0.0000
1998,8,16,6,0,20.400000000000002,22,1,22,3.9000000000000004,0.0000,0.0000
1998,8,16,6,30,21.3,29,0,29,4,0.0000,0.0000
1998,8,16,7,0,22.3,41,0,41,4.2,1.9938,1.5305
1998,8,16,7,30,23.5,45,0,45,4.5,2.3019,1.7823
1998,8,16,8,0,24.8,38,0,38,4.800000000000001,2.0341,1.5840
1998,8,16,8,30,25.900000000000002,109,1,110,5,6.1006,4.7675
1998,8,16,9,0,27,245,354,456,5.2,25.9774,20.3483
1998,8,16,9,30,28,236,486,560,5.4,32.5562,25.5425
1998,8,16,10,0,28.900000000000002,206,581,630,5.5,37.1890,29.2098
1998,8,16,10,30,29.6,114,854,782,5.7,46.6900,36.7011
1998,8,16,11,0,30.3,113,872,833,5.800000000000001,50.1453,39.4386
1998,8,16,11,30,30.8,115,881,869,5.9,52.6049,41.3878
1998,8,16,12,0,31.200000000000003,115,888,892,6,54.1739,42.6310
1998,8,16,12,30,31.5,116,888,899,6,54.6612,43.0175
1998,8,16,13,0,31.8,116,884,890,6,54.0638,42.5450
1998,8,16,13,30,31.900000000000002,115,878,869,5.800000000000001,52.6279,41.4070
1998,8,16,14,0,32,120,856,830,5.6000000000000005,49.9982,39.3246
1998,8,16,14,30,31.900000000000002,117,842,780,5.300000000000001,46.6151,36.6446
1998,8,16,15,0,31.700000000000003,131,789,711,5.1000000000000005,42.0265,33.0124
1998,8,16,15,30,31.1,126,763,640,4.6000000000000005,37.2719,29.2461
1998,8,16,16,0,30.5,135,694,553,4.2,31.5759,24.7384
1998,8,16,16,30,29.6,125,651,466,3.9000000000000004,25.9215,20.2625
1998,8,16,17,0,28.6,112,599,375,3.6,20.1529,15.6994
1998,8,16,17,30,28,97,528,282,3.8000000000000003,14.4946,11.2307
1998,8,16,18,0,27.400000000000002,135,106,162,3.9000000000000004,7.9129,6.0796
1998,8,16,18,30,26.700000000000003,84,33,89,3.9000000000000004,0.0000,0.0000
1998,8,16,19,0,26.1,24,189,37,3.9000000000000004,0.0000,0.0000
1998,8,16,19,30,25.6,0,0,0,4,0.0000,0.0000
1998,8,16,20,0,25.1,0,0,0,4,0.0000,0.0000
1998,8,16,20,30,24.700000000000003,0,0,0,4.1000000000000005,0.0000,0.0000
1998,8,16,21,0,24.3,0,0,0,4.2,0.0000,0.0000
1998,8,16,21,30,23.900000000000002,0,0,0,4.2,0.0000,0.0000
1998,8,16,22,0,23.5,0,0,0,4.2,0.0000,0.0000
1998,8,16,22,30,23.200000000000003,0,0,0,4.2,0.0000,0.0000
1998,8,16,23,0,22.8,0,0,0,4.1000000000000005,0.0000,0.0000
1998,8,16,23,30,22.5,0,0,0,4.1000000000000005,0.0000,0.0000
1998,8,17,0,0,22.200000000000003,0,0,0,4,0.0000,0.0000
1998,8,17,0,30,22,0,0,0,3.9000000000000004,0.0000,0.0000
1998,8,17,1,0,21.8,0,0,0,3.9000000000000004,0.0000,0.0000
1998,8,17,1,30,21.6,0,0,0,3.8000000000000003,0.0000,0.0000
1998,8,17,2,0,21.400000000000002,0,0,0,3.7,0.0000,0.0000
1998,8,17,2,30,21.1,0,0,0,3.5,0.0000,0.0000
1998,8,17,3,0,20.8,0,0,0,3.3000000000000003,0.0000,0.0000
1998,8,17,3,30,20.400000000000002,0,0,0,3.1,0.0000,0.0000
1998,8,17,4,0,20,0,0,0,3,0.0000,0.0000
1998,8,17,4,30,19.6,0,0,0,2.8000000000000003,0.0000,0.0000
1998,8,17,5,0,19.200000000000003,0,0,0,2.6,0.0000,0.0000
1998,8,17,5,30,19.5,0,0,0,2.8000000000000003,0.0000,0.0000
1998,8,17,6,0,19.8,20,221,33,3,0.0000,0.0000
1998,8,17,6,30,20.700000000000003,40,428,105,2.8000000000000003,0.0000,0.0000
1998,8,17,7,0,21.700000000000003,55,572,195,2.7,9.4697,7.2666
1998,8,17,7,30,23.200000000000003,65,665,290,2.6,14.8129,11.4674
1998,8,17,8,0,24.700000000000003,74,731,387,2.5,20.6921,16.1105
1998,8,17,8,30,25.900000000000002,81,778,480,2.5,26.5956,20.7819
1998,8,17,9,0,27.200000000000003,88,813,569,2.4000000000000004,32.3909,25.3705
1998,8,17,9,30,28.1,93,839,650,2.6,37.7641,29.6270
1998,8,17,10,0,29,98,855,720,2.7,42.4787,33.3632
1998,8,17,10,30,29.6,102,872,782,2.8000000000000003,46.6664,36.6812
1998,8,17,11,0,30.3,105,880,829,2.9000000000000004,49.8816,39.2300
1998,8,17,11,30,30.700000000000003,107,889,866,2.9000000000000004,52.4001,41.2255
1998,8,17,12,0,31.200000000000003,110,891,888,2.9000000000000004,53.9079,42.4205
1998,8,17,12,30,31.400000000000002,110,893,896,2.9000000000000004,54.4549,42.8540
1998,8,17,13,0,31.700000000000003,111,888,887,2.8000000000000003,53.8572,42.3811
1998,8,17,13,30,31.8,111,883,866,2.8000000000000003,52.4200,41.2422
1998,8,17,14,0,31.900000000000002,110,873,831,2.7,50.0313,39.3492
1998,8,17,14,30,31.8,108,861,783,2.7,46.7661,36.7617
1998,8,17,15,0,31.700000000000003,105,843,722,2.7,42.6450,33.4965
1998,8,17,15,30,31.5,100,821,650,2.6,37.8216,29.6755
1998,8,17,16,0,31.200000000000003,95,792,570,2.6,32.5121,25.4697
1998,8,17,16,30,30.700000000000003,89,755,481,2.6,26.7208,20.8848
1998,8,17,17,0,30.200000000000003,229,47,249,2.5,13.3578,10.4039
1998,8,17,17,30,29.200000000000003,71,641,293,2.2,15.0279,11.6406
1998,8,17,18,0,28.200000000000003,59,550,198,2,9.6514,7.4122
1998,8,17,18,30,26.8,43,417,109,1.8,0.0000,0.0000
1998,8,17,19,0,25.400000000000002,22,221,36,1.7000000000000002,0.0000,0.0000
1998,8,17,19,30,25,0,0,0,1.8,0.0000,0.0000
1998,8,17,20,0,24.5,0,0,0,2,0.0000,0.0000
1998,8,17,20,30,24.1,0,0,0,1.9000000000000001,0.0000,0.0000
1998,8,17,21,0,23.700000000000003,0,0,0,1.9000000000000001,0.0000,0.0000
1998,8,17,21,30,23.3,0,0,0,1.8,0.0000,0.0000
1998,8,17,22,0,22.900000000000002,0,0,0,1.8,0.0000,0.0000
1998,8,17,22,30,22.6,0,0,0,1.8,0.0000,0.0000
1998,8,17,23,0,22.3,0,0,0,1.8,0.0000,0.0000
1998,8,17,23,30,22,0,0,0,1.8,0.0000,0.0000
1998,8,18,0,0,21.700000000000003,0,0,0,1.8,0.0000,0.0000
1998,8,18,0,30,21.5,0,0,0,1.8,0.0000,0.0000
1998,8,18,1,0,21.3,0,0,0,1.8,0.0000,0.0000
1998,8,18,1,30,21.200000000000003,0,0,0,1.8,0.0000,0.0000
1998,8,18,2,0,21.1,0,0,0,1.8,0.0000,0.0000
1998,8,18,2,30,21,0,0,0,1.7000000000000002,0.0000,0.0000
1998,8,18,3,0,20.900000000000002,0,0,0,1.7000000000000002,0.0000,0.0000
1998,8,18,3,30,20.8,0,0,0,1.7000000000000002,0.0000,0.0000
1998,8,18,4,0,20.700000000000003,0,0,0,1.7000000000000002,0.0000,0.0000
1998,8,18,4,30,20.6,0,0,0,1.8,0.0000,0.0000
1998,8,18,5,0,20.5,0,0,0,1.9000000000000001,0.0000,0.0000
1998,8,18,5,30,21.1,0,0,0,2.3000000000000003,0.0000,0.0000
1998,8,18,6,0,21.700000000000003,20,153,28,2.7,0.0000,0.0000
1998,8,18,6,30,22.8,45,348,97,2.8000000000000003,0.0000,0.0000
1998,8,18,7,0,24,62,502,184,2.8000000000000003,8.9232,6.8452
1998,8,18,7,30,25.3,76,601,278,2.8000000000000003,14.1782,10.9736
1998,8,18,8,0,26.6,189,15,196,2.9000000000000004,10.4667,8.1480
1998,8,18,8,30,27.700000000000003,265,48,290,2.9000000000000004,16.0527,12.5425
1998,8,18,9,0,28.900000000000002,324,128,400,2.9000000000000004,22.7525,17.8200
1998,8,18,9,30,29.8,359,101,426,2.9000000000000004,24.7339,19.4035
1998,8,18,10,0,30.700000000000003,106,835,711,3,41.9247,32.9269
1998,8,18,10,30,31.5,110,852,773,3,46.1067,36.2401
1998,8,18,11,0,32.4,112,868,824,3,49.5578,38.9741
1998,8,18,11,30,33.1,114,877,860,3.1,52.0138,40.9204
1998,8,18,12,0,33.800000000000004,114,884,883,3.1,53.5803,42.1616
1998,8,18,12,30,34.300000000000004,114,885,891,3.1,54.1269,42.5947
1998,8,18,13,0,34.800000000000004,113,885,884,3.2,53.6496,42.2165
1998,8,18,13,30,35,112,882,865,3.3000000000000003,52.3330,41.1723
1998,8,18,14,0,35.2,110,875,829,3.4000000000000004,49.8835,39.2315
1998,8,18,14,30,35.2,107,862,781,3.6,46.6170,36.6430
1998,8,18,15,0,35.1,104,846,721,3.7,42.5550,33.4241
1998,8,18,15,30,34.9,100,826,650,3.7,37.7872,29.6465
1998,8,18,16,0,34.6,95,797,569,3.7,32.4189,25.3943
1998,8,18,16,30,33.9,88,761,481,3.5,26.6823,20.8519
1998,8,18,17,0,33.2,79,714,387,3.2,20.7237,16.1378
1998,8,18,17,30,31.700000000000003,70,649,291,2.7,14.8921,11.5317
1998,8,18,18,0,30.1,57,563,197,2.2,9.5825,7.3559
1998,8,18,18,30,28.6,42,430,108,2.1,0.0000,0.0000
1998,8,18,19,0,27.1,21,236,35,2.1,0.0000,0.0000
1998,8,18,19,30,26.700000000000003,0,0,0,2.2,0.0000,0.0000
1998,8,18,20,0,26.200000000000003,0,0,0,2.4000000000000004,0.0000,0.0000
1998,8,18,20,30,25.8,0,0,0,2.6,0.0000,0.0000
1998,8,18,21,0,25.5,0,0,0,2.7,0.0000,0.0000
1998,8,18,21,30,25.200000000000003,0,0,0,2.9000000000000004,0.0000,0.0000
1998,8,18,22,0,24.900000000000002,0,0,0,3,0.0000,0.0000
1998,8,18,22,30,24.5,0,0,0,2.9000000000000004,0.0000,0.0000
1998,8,18,23,0,24.1,0,0,0,2.8000000000000003,0.0000,0.0000
1998,8,18,23,30,23.700000000000003,0,0,0,2.7,0.0000,0.0000
1998,8,19,0,0,23.200000000000003,0,0,0,2.6,0.0000,0.0000
1998,8,19,0,30,22.8,0,0,0,2.5,0.0000,0.0000
1998,8,19,1,0,22.5,0,0,0,2.5,0.0000,0.0000
1998,8,19,1,30,22.1,0,0,0,2.4000000000000004,0.0000,0.0000
1998,8,19,2,0,21.8,0,0,0,2.3000000000000003,0.0000,0.0000
1998,8,19,2,30,21.6,0,0,0,2.3000000000000003,0.0000,0.0000
1998,8,19,3,0,21.400000000000002,0,0,0,2.3000000000000003,0.0000,0.0000
1998,8,19,3,30,21.200000000000003,0,0,0,2.3000000000000003,0.0000,0.0000
1998,8,19,4,0,21,0,0,0,2.3000000000000003,0.0000,0.0000
1998,8,19,4,30,20.900000000000002,0,0,0,2.3000000000000003,0.0000,0.0000
1998,8,19,5,0,20.8,0,0,0,2.4000000000000004,0.0000,0.0000
1998,8,19,5,30,21.400000000000002,0,0,0,2.7,0.0000,0.0000
1998,8,19,6,0,22.1,17,247,30,3,0.0000,0.0000
1998,8,19,6,30,23.3,35,465,102,3,0.0000,0.0000
1998,8,19,7,0,24.5,47,603,192,3.1,9.2995,7.1317
1998,8,19,7,30,26.200000000000003,57,696,288,3.2,14.6669,11.3495
1998,8,19,8,0,28,64,760,385,3.3000000000000003,20.5338,15.9828
1998,8,19,8,30,29.6,70,806,480,3.9000000000000004,26.5428,20.7368
1998,8,19,9,0,31.3,77,838,569,4.4,32.3397,25.3272
1998,8,19,9,30,32.1,81,865,651,4.7,37.7727,29.6308
1998,8,19,10,0,32.9,85,884,723,5,42.6076,33.4618
1998,8,19,10,30,33.4,88,899,785,5.2,46.7982,36.7824
1998,8,19,11,0,33.800000000000004,91,908,833,5.4,50.0746,39.3793
1998,8,19,11,30,34.2,92,916,869,5.5,52.5343,41.3287
1998,8,19,12,0,34.5,93,921,892,5.6000000000000005,54.1026,42.5714
1998,8,19,12,30,34.7,93,921,898,5.6000000000000005,54.5267,42.9080
1998,8,19,13,0,34.9,92,920,891,5.6000000000000005,54.0483,42.5290
1998,8,19,13,30,35,91,914,868,5.6000000000000005,52.4875,41.2925
1998,8,19,14,0,35,89,906,831,5.5,49.9751,39.3021
1998,8,19,14,30,35,87,894,783,5.4,46.7052,36.7107
1998,8,19,15,0,34.9,85,876,720,5.2,42.4624,33.3496
1998,8,19,15,30,34.6,81,856,649,5,37.6944,29.5716
1998,8,19,16,0,34.2,78,826,566,4.800000000000001,32.2117,25.2296
1998,8,19,16,30,33.6,73,791,478,4.3,26.4788,20.6902
1998,8,19,17,0,33,68,738,383,3.9000000000000004,20.4723,15.9388
1998,8,19,17,30,31.900000000000002,60,672,287,3.2,14.6544,11.3441
1998,8,19,18,0,30.700000000000003,51,575,191,2.5,9.2716,7.1140
1998,8,19,18,30,29.400000000000002,37,438,103,2.3000000000000003,0.0000,0.0000
1998,8,19,19,0,28.1,19,223,31,2.1,0.0000,0.0000
1998,8,19,19,30,27.8,0,0,0,2.4000000000000004,0.0000,0.0000
1998,8,19,20,0,27.400000000000002,0,0,0,2.6,0.0000,0.0000
1998,8,19,20,30,27.200000000000003,0,0,0,2.9000000000000004,0.0000,0.0000
1998,8,19,21,0,27,0,0,0,3.1,0.0000,0.0000
1998,8,19,21,30,26.700000000000003,0,0,0,3.2,0.0000,0.0000
1998,8,19,22,0,26.5,0,0,0,3.3000000000000003,0.0000,0.0000
1998,8,19,22,30,26.200000000000003,0,0,0,3.3000000000000003,0.0000,0.0000
1998,8,19,23,0,25.900000000000002,0,0,0,3.4000000000000004,0.0000,0.0000
1998,8,19,23,30,25.6,0,0,0,3.3000000000000003,0.0000,0.0000
1998,8,20,0,0,25.3,0,0,0,3.3000000000000003,0.0000,0.0000
1998,8,20,0,30,25,0,0,0,3.2,0.0000,0.0000
1998,8,20,1,0,24.6,0,0,0,3.1,0.0000,0.0000
1998,8,20,1,30,24.3,0,0,0,3,0.0000,0.0000
1998,8,20,2,0,24,0,0,0,2.9000000000000004,0.0000,0.0000
1998,8,20,2,30,23.6,0,0,0,2.7,0.0000,0.0000
1998,8,20,3,0,23.3,0,0,0,2.6,0.0000,0.0000
1998,8,20,3,30,23,0,0,0,2.4000000000000004,0.0000,0.0000
1998,8,20,4,0,22.6,0,0,0,2.2,0.0000,0.0000
1998,8,20,4,30,22.3,0,0,0,1.9000000000000001,0.0000,0.0000
1998,8,20,5,0,22.1,0,0,0,1.6,0.0000,0.0000
1998,8,20,5,30,22.3,0,0,0,1.6,0.0000,0.0000
1998,8,20,6,0,22.6,18,1,18,1.5,0.0000,0.0000
1998,8,20,6,30,23.1,58,2,58,1.4000000000000001,0.0000,0.0000
1998,8,20,7,0,23.6,52,0,52,1.2000000000000002,2.5153,1.9284
1998,8,20,7,30,24.400000000000002,76,587,269,1,13.6781,10.5819
1998,8,20,8,0,25.200000000000003,87,657,363,0.9,19.3360,15.0483
1998,8,20,8,30,26.3,260,49,284,0.7000000000000001,15.6892,12.2561
1998,8,20,9,0,27.400000000000002,103,753,543,0.5,30.8373,24.1489
1998,8,20,9,30,28.3,109,784,624,0.6000000000000001,36.1821,28.3816
1998,8,20,10,0,29.200000000000003,112,811,696,0.8,40.9925,32.1920
1998,8,20,10,30,29.6,116,829,757,0.9,45.1054,35.4506
1998,8,20,11,0,30.1,117,846,806,1,48.4286,38.0837
1998,8,20,11,30,30.400000000000002,119,855,842,0.9,50.8786,40.0250
1998,8,20,12,0,30.700000000000003,118,865,866,0.9,52.5014,41.3102
1998,8,20,12,30,30.8,119,866,873,0.8,52.9843,41.6931
1998,8,20,13,0,30.900000000000002,118,864,865,0.7000000000000001,52.4455,41.2665
1998,8,20,13,30,31,116,859,844,0.7000000000000001,51.0087,40.1278
1998,8,20,14,0,31,114,850,809,0.6000000000000001,48.6227,38.2370
1998,8,20,14,30,31,112,836,760,0.5,45.3027,35.6067
1998,8,20,15,0,30.900000000000002,109,815,698,0.4,41.1332,32.3038
1998,8,20,15,30,30.700000000000003,105,792,627,0.4,36.3827,28.5406
1998,8,20,16,0,30.400000000000002,103,750,544,0.4,30.9229,24.2178
1998,8,20,16,30,30,96,708,456,0.4,25.2229,19.7061
1998,8,20,17,0,29.5,140,10,144,0.4,7.6825,5.9800
1998,8,20,17,30,28.8,35,0,35,0.4,1.7829,1.3797
1998,8,20,18,0,28,77,5,78,0.30000000000000004,3.7785,2.8978
1998,8,20,18,30,27,41,1,41,0.5,0.0000,0.0000
1998,8,20,19,0,26.1,11,0,11,0.7000000000000001,0.0000,0.0000
1998,8,20,19,30,25.5,0,0,0,0.8,0.0000,0.0000
1998,8,20,20,0,24.900000000000002,0,0,0,1,0.0000,0.0000
1998,8,20,20,30,24.6,0,0,0,1.1,0.0000,0.0000
1998,8,20,21,0,24.200000000000003,0,0,0,1.3,0.0000,0.0000
1998,8,20,21,30,24,0,0,0,1.4000000000000001,0.0000,0.0000
1998,8,20,22,0,23.8,0,0,0,1.6,0.0000,0.0000
1998,8,20,22,30,23.6,0,0,0,1.7000000000000002,0.0000,0.0000
1998,8,20,23,0,23.400000000000002,0,0,0,1.8,0.0000,0.0000
1998,8,20,23,30,23.200000000000003,0,0,0,1.8,0.0000,0.0000
1998,8,21,0,0,23.1,0,0,0,1.9000000000000001,0.0000,0.0000
1998,8,21,0,30,22.900000000000002,0,0,0,1.8,0.0000,0.0000
1998,8,21,1,0,22.8,0,0,0,1.8,0.0000,0.0000
1998,8,21,1,30,22.6,0,0,0,1.8,0.0000,0.0000
1998,8,21,2,0,22.400000000000002,0,0,0,1.7000000000000002,0.0000,0.0000
1998,8,21,2,30,22.200000000000003,0,0,0,1.7000000000000002,0.0000,0.0000
1998,8,21,3,0,22.1,0,0,0,1.6,0.0000,0.0000
1998,8,21,3,30,21.900000000000002,0,0,0,1.6,0.0000,0.0000
1998,8,21,4,0,21.8,0,0,0,1.5,0.0000,0.0000
1998,8,21,4,30,21.700000000000003,0,0,0,1.5,0.0000,0.0000
1998,8,21,5,0,21.6,0,0,0,1.5,0.0000,0.0000
1998,8,21,5,30,21.6,0,0,0,1.7000000000000002,0.0000,0.0000
1998,8,21,6,0,21.700000000000003,7,0,7,1.9000000000000001,0.0000,0.0000
1998,8,21,6,30,22,28,0,28,2,0.0000,0.0000
1998,8,21,7,0,22.3,10,0,10,2.1,0.4831,0.3702
1998,8,21,7,30,22.900000000000002,122,9,125,2.2,6.3461,4.9085
1998,8,21,8,0,23.5,139,8,142,2.3000000000000003,7.5543,5.8783
1998,8,21,8,30,24.3,249,87,292,2.4000000000000004,16.1152,12.5878
1998,8,21,9,0,25.1,187,475,464,2.5,26.3284,20.6165
1998,8,21,9,30,25.900000000000002,328,168,438,2.6,25.3792,19.9066
1998,8,21,10,0,26.8,262,416,560,2.8000000000000003,32.9630,25.8852
1998,8,21,10,30,27.400000000000002,355,245,544,2.8000000000000003,32.3968,25.4614
1998,8,21,11,0,28,154,777,785,2.8000000000000003,47.1432,37.0717
1998,8,21,11,30,28.400000000000002,157,787,820,2.8000000000000003,49.5253,38.9592
1998,8,21,12,0,28.8,161,790,841,2.8000000000000003,50.9611,40.0971
1998,8,21,12,30,29.1,472,155,606,2.7,36.7612,28.9263
1998,8,21,13,0,29.3,434,78,502,2.6,30.4210,23.9358
1998,8,21,13,30,29.400000000000002,411,95,492,2.5,29.7187,23.3784
1998,8,21,14,0,29.5,422,106,508,2.5,30.5133,23.9948
1998,8,21,14,30,29.5,395,90,464,2.4000000000000004,27.6396,21.7229
1998,8,21,15,0,29.5,143,743,677,2.3000000000000003,39.8634,31.3047
1998,8,21,15,30,29.400000000000002,137,717,607,2.2,35.1878,27.6011
1998,8,21,16,0,29.3,125,691,528,2,29.9774,23.4750
1998,8,21,16,30,29,116,647,442,2,24.4106,19.0687
1998,8,21,17,0,28.700000000000003,101,601,353,1.9000000000000001,18.7963,14.6277
1998,8,21,17,30,27.900000000000002,87,525,260,1.6,13.2132,10.2215
1998,8,21,18,0,27,68,434,170,1.3,8.2188,6.3001
1998,8,21,18,30,26,46,294,87,1.4000000000000001,0.0000,0.0000
1998,8,21,19,0,25.1,17,113,23,1.4000000000000001,0.0000,0.0000
1998,8,21,19,30,24.8,0,0,0,1.7000000000000002,0.0000,0.0000
1998,8,21,20,0,24.5,0,0,0,1.9000000000000001,0.0000,0.0000
1998,8,21,20,30,24.3,0,0,0,2.1,0.0000,0.0000
1998,8,21,21,0,24,0,0,0,2.3000000000000003,0.0000,0.0000
1998,8,21,21,30,23.8,0,0,0,2.5,0.0000,0.0000
1998,8,21,22,0,23.5,0,0,0,2.6,0.0000,0.0000
1998,8,21,22,30,23.200000000000003,0,0,0,2.7,0.0000,0.0000
1998,8,21,23,0,22.900000000000002,0,0,0,2.8000000000000003,0.0000,0.0000
1998,8,21,23,30,22.700000000000003,0,0,0,2.9000000000000004,0.0000,0.0000
1998,8,22,0,0,22.400000000000002,0,0,0,3,0.0000,0.0000
1998,8,22,0,30,22.200000000000003,0,0,0,3,0.0000,0.0000
1998,8,22,1,0,21.900000000000002,0,0,0,3.1,0.0000,0.0000
1998,8,22,1,30,21.700000000000003,0,0,0,3.2,0.0000,0.0000
1998,8,22,2,0,21.400000000000002,0,0,0,3.2,0.0000,0.0000
1998,8,22,2,30,21.200000000000003,0,0,0,3.2,0.0000,0.0000
1998,8,22,3,0,20.900000000000002,0,0,0,3.2,0.0000,0.0000
1998,8,22,3,30,20.700000000000003,0,0,0,3.1,0.0000,0.0000
1998,8,22,4,0,20.400000000000002,0,0,0,3.1,0.0000,0.0000
1998,8,22,4,30,20.200000000000003,0,0,0,3,0.0000,0.0000
1998,8,22,5,0,20,0,0,0,3,0.0000,0.0000
1998,8,22,5,30,20.1,0,0,0,3.1,0.0000,0.0000
1998,8,22,6,0,20.200000000000003,16,167,23,3.2,0.0000,0.0000
1998,8,22,6,30,20.900000000000002,39,386,91,3.4000000000000004,0.0000,0.0000
1998,8,22,7,0,21.5,54,541,179,3.6,8.6367,6.6171
1998,8,22,7,30,22.6,66,640,273,3.5,13.8383,10.7010
1998,8,22,8,0,23.6,74,715,370,3.5,19.6586,15.2950
1998,8,22,8,30,25,81,766,464,3.8000000000000003,25.5809,19.9795
1998,8,22,9,0,26.3,86,807,554,4.1000000000000005,31.4096,24.5937
1998,8,22,9,30,27.400000000000002,91,836,635,4.3,36.7679,28.8380
1998,8,22,10,0,28.5,94,859,708,4.5,41.6486,32.7044
1998,8,22,10,30,29.3,97,876,770,4.7,45.8303,36.0176
1998,8,22,11,0,30.200000000000003,100,886,817,4.800000000000001,49.0402,38.5621
1998,8,22,11,30,30.700000000000003,102,893,852,4.800000000000001,51.4329,40.4585
1998,8,22,12,0,31.1,105,892,872,4.9,52.8137,41.5534
1998,8,22,12,30,31.400000000000002,105,892,878,4.800000000000001,53.2353,41.8880
1998,8,22,13,0,31.700000000000003,399,390,734,4.800000000000001,44.4569,34.9784
1998,8,22,13,30,31.8,109,873,843,4.5,50.8913,40.0326
1998,8,22,14,0,31.900000000000002,424,247,624,4.3,37.4576,29.4544
1998,8,22,14,30,31.8,112,838,755,4,44.9417,35.3195
1998,8,22,15,0,31.8,388,137,486,3.8000000000000003,28.5925,22.4524
1998,8,22,15,30,31.3,340,227,488,3.5,28.2603,22.1655
1998,8,22,16,0,30.900000000000002,198,1,198,3.2,11.2274,8.7911
1998,8,22,16,30,30.200000000000003,259,201,360,2.8000000000000003,19.8507,15.5043
1998,8,22,17,0,29.400000000000002,223,61,249,2.4000000000000004,13.2327,10.2957
1998,8,22,17,30,28.400000000000002,163,23,170,2.3000000000000003,8.6189,6.6650
1998,8,22,18,0,27.3,123,66,138,2.1,6.6589,5.1019
1998,8,22,18,30,26.400000000000002,67,12,69,2.2,0.0000,0.0000
1998,8,22,19,0,25.5,14,0,14,2.3000000000000003,0.0000,0.0000
1998,8,22,19,30,25,0,0,0,2.4000000000000004,0.0000,0.0000
1998,8,22,20,0,24.5,0,0,0,2.5,0.0000,0.0000
1998,8,22,20,30,24,0,0,0,2.6,0.0000,0.0000
1998,8,22,21,0,23.400000000000002,0,0,0,2.6,0.0000,0.0000
1998,8,22,21,30,22.900000000000002,0,0,0,2.6,0.0000,0.0000
1998,8,22,22,0,22.400000000000002,0,0,0,2.6,0.0000,0.0000
1998,8,22,22,30,22,0,0,0,2.6,0.0000,0.0000
1998,8,22,23,0,21.6,0,0,0,2.5,0.0000,0.0000
1998,8,22,23,30,21.200000000000003,0,0,0,2.5,0.0000,0.0000
1998,8,23,0,0,20.900000000000002,0,0,0,2.5,0.0000,0.0000
1998,8,23,0,30,20.6,0,0,0,2.4000000000000004,0.0000,0.0000
1998,8,23,1,0,20.3,0,0,0,2.3000000000000003,0.0000,0.0000
1998,8,23,1,30,20,0,0,0,2.2,0.0000,0.0000
1998,8,23,2,0,19.700000000000003,0,0,0,2,0.0000,0.0000
1998,8,23,2,30,19.400000000000002,0,0,0,1.8,0.0000,0.0000
1998,8,23,3,0,19.1,0,0,0,1.7000000000000002,0.0000,0.0000
1998,8,23,3,30,18.8,0,0,0,1.5,0.0000,0.0000
1998,8,23,4,0,18.6,0,0,0,1.3,0.0000,0.0000
1998,8,23,4,30,18.400000000000002,0,0,0,1.2000000000000002,0.0000,0.0000
1998,8,23,5,0,18.2,0,0,0,1.1,0.0000,0.0000
1998,8,23,5,30,19,0,0,0,1.2000000000000002,0.0000,0.0000
1998,8,23,6,0,19.900000000000002,16,170,23,1.4000000000000001,0.0000,0.0000
1998,8,23,6,30,21,38,399,91,1.7000000000000002,0.0000,0.0000
1998,8,23,7,0,22.1,54,549,179,2,8.6263,6.6070
1998,8,23,7,30,23.1,66,650,274,1.7000000000000002,13.8673,10.7209
1998,8,23,8,0,24.200000000000003,75,720,371,1.5,19.6863,15.3142
1998,8,23,8,30,25.700000000000003,82,771,465,1.3,25.6088,19.9993
1998,8,23,9,0,27.1,259,390,484,1.1,27.4171,21.4660
1998,8,23,9,30,28.3,272,478,582,1.2000000000000002,33.6762,26.4117
1998,8,23,10,0,29.5,351,324,581,1.3,34.1572,26.8206
1998,8,23,10,30,30.200000000000003,100,880,773,1.2000000000000002,45.9830,36.1362
1998,8,23,11,0,30.900000000000002,104,887,820,1,49.1941,38.6818
1998,8,23,11,30,31.400000000000002,106,893,854,0.8,51.5281,40.5321
1998,8,23,12,0,31.8,111,893,875,0.6000000000000001,52.9690,41.6743
1998,8,23,12,30,32.1,111,892,881,0.5,53.3898,42.0083
1998,8,23,13,0,32.4,115,882,870,0.5,52.6655,41.4354
1998,8,23,13,30,32.4,114,875,846,0.5,51.0436,40.1509
1998,8,23,14,0,32.5,115,861,809,0.6000000000000001,48.5313,38.1605
1998,8,23,14,30,32.4,112,848,760,0.7000000000000001,45.2054,35.5249
1998,8,23,15,0,32.4,107,832,699,0.8,41.0885,32.2629
1998,8,23,15,30,32.2,102,809,626,0.7000000000000001,36.2143,28.4018
1998,8,23,16,0,32.1,94,787,547,0.7000000000000001,30.9774,24.2529
1998,8,23,16,30,32,87,749,459,0.6000000000000001,25.2694,19.7336
1998,8,23,17,0,32,76,710,367,0.6000000000000001,19.4636,15.1401
1998,8,23,17,30,31,66,640,271,0.5,13.7054,10.5945
1998,8,23,18,0,30,52,553,178,0.4,8.5728,6.5649
1998,8,23,18,30,28.700000000000003,37,404,90,0.6000000000000001,0.0000,0.0000
1998,8,23,19,0,27.3,15,184,22,0.8,0.0000,0.0000
1998,8,23,19,30,26.3,0,0,0,0.9,0.0000,0.0000
1998,8,23,20,0,25.3,0,0,0,1,0.0000,0.0000
1998,8,23,20,30,24.700000000000003,0,0,0,1,0.0000,0.0000
1998,8,23,21,0,24.1,0,0,0,1.1,0.0000,0.0000
1998,8,23,21,30,23.6,0,0,0,1.1,0.0000,0.0000
1998,8,23,22,0,23.200000000000003,0,0,0,1.2000000000000002,0.0000,0.0000
1998,8,23,22,30,22.8,0,0,0,1.2000000000000002,0.0000,0.0000
1998,8,23,23,0,22.5,0,0,0,1.2000000000000002,0.0000,0.0000
1998,8,23,23,30,22.200000000000003,0,0,0,1.2000000000000002,0.0000,0.0000
1998,8,24,0,0,21.900000000000002,0,0,0,1.2000000000000002,0.0000,0.0000
1998,8,24,0,30,21.700000000000003,0,0,0,1.2000000000000002,0.0000,0.0000
1998,8,24,1,0,21.400000000000002,0,0,0,1.2000000000000002,0.0000,0.0000
1998,8,24,1,30,21.3,0,0,0,1.1,0.0000,0.0000
1998,8,24,2,0,21.3,0,0,0,1,0.0000,0.0000
1998,8,24,2,30,21.3,0,0,0,0.9,0.0000,0.0000
1998,8,24,3,0,21.400000000000002,0,0,0,0.9,0.0000,0.0000
1998,8,24,3,30,21.3,0,0,0,0.9,0.0000,0.0000
1998,8,24,4,0,21.200000000000003,0,0,0,0.9,0.0000,0.0000
1998,8,24,4,30,21.1,0,0,0,0.8,0.0000,0.0000
1998,8,24,5,0,20.900000000000002,0,0,0,0.8,0.0000,0.0000
1998,8,24,5,30,21.3,0,0,0,0.7000000000000001,0.0000,0.0000
1998,8,24,6,0,21.700000000000003,6,0,6,0.7000000000000001,0.0000,0.0000
1998,8,24,6,30,22.400000000000002,26,0,26,1.1,0.0000,0.0000
1998,8,24,7,0,23.1,81,8,83,1.5,3.9952,3.0591
1998,8,24,7,30,23.6,126,356,239,1.8,12.0770,9.3346
1998,8,24,8,0,24.200000000000003,181,259,287,2.2,15.2080,11.8287
1998,8,24,8,30,25.200000000000003,243,151,318,2.5,17.4944,13.6609
1998,8,24,9,0,26.200000000000003,297,234,431,2.7,24.3935,19.0972
1998,8,24,9,30,27.1,283,446,571,2.9000000000000004,33.0146,25.8913
1998,8,24,10,0,28,122,796,686,3.1,40.3045,31.6461
1998,8,24,10,30,28.700000000000003,304,26,324,3.3000000000000003,19.2626,15.1372
1998,8,24,11,0,29.5,228,4,232,3.5,13.9109,10.9378
1998,8,24,11,30,30.200000000000003,245,4,248,3.6,14.9559,11.7639
1998,8,24,12,0,30.900000000000002,198,1,199,3.8000000000000003,12.0406,9.4728
1998,8,24,12,30,31.5,213,2,214,3.9000000000000004,12.9620,10.1984
1998,8,24,13,0,32.1,228,2,230,3.9000000000000004,13.9156,10.9479
1998,8,24,13,30,32.5,397,95,476,4,28.7021,22.5762
1998,8,24,14,0,32.800000000000004,233,518,649,4,38.9074,30.5918
1998,8,24,14,30,32.7,109,841,749,4,44.5183,34.9832
1998,8,24,15,0,32.5,108,817,686,3.9000000000000004,40.2892,31.6333
1998,8,24,15,30,31.8,103,794,614,3.9000000000000004,35.4827,27.8258
1998,8,24,16,0,31.1,100,756,532,3.8000000000000003,30.0889,23.5547
1998,8,24,16,30,30.3,93,718,446,3.3000000000000003,24.5127,19.1396
1998,8,24,17,0,29.5,171,357,316,2.8000000000000003,16.7228,13.0048
1998,8,24,17,30,28.3,163,142,208,2.6,10.4930,8.1082
1998,8,24,18,0,27.1,114,41,123,2.3000000000000003,5.9133,4.5261
1998,8,24,18,30,25.900000000000002,57,5,58,2.7,0.0000,0.0000
1998,8,24,19,0,24.8,14,154,19,3,0.0000,0.0000
1998,8,24,19,30,24.1,0,0,0,3.4000000000000004,0.0000,0.0000
1998,8,24,20,0,23.400000000000002,0,0,0,3.8000000000000003,0.0000,0.0000
1998,8,24,20,30,22.700000000000003,0,0,0,3.8000000000000003,0.0000,0.0000
1998,8,24,21,0,21.900000000000002,0,0,0,3.8000000000000003,0.0000,0.0000
1998,8,24,21,30,21.200000000000003,0,0,0,3.6,0.0000,0.0000
1998,8,24,22,0,20.6,0,0,0,3.4000000000000004,0.0000,0.0000
1998,8,24,22,30,20,0,0,0,3.2,0.0000,0.0000
1998,8,24,23,0,19.5,0,0,0,3,0.0000,0.0000
1998,8,24,23,30,19,0,0,0,2.8000000000000003,0.0000,0.0000
1998,8,25,0,0,18.5,0,0,0,2.6,0.0000,0.0000
1998,8,25,0,30,18,0,0,0,2.5,0.0000,0.0000
1998,8,25,1,0,17.6,0,0,0,2.4000000000000004,0.0000,0.0000
1998,8,25,1,30,17.2,0,0,0,2.4000000000000004,0.0000,0.0000
1998,8,25,2,0,16.900000000000002,0,0,0,2.3000000000000003,0.0000,0.0000
1998,8,25,2,30,16.5,0,0,0,2,0.0000,0.0000
1998,8,25,3,0,16.2,0,0,0,1.8,0.0000,0.0000
1998,8,25,3,30,16,0,0,0,1.7000000000000002,0.0000,0.0000
1998,8,25,4,0,15.8,0,0,0,1.6,0.0000,0.0000
1998,8,25,4,30,15.700000000000001,0,0,0,1.6,0.0000,0.0000
1998,8,25,5,0,15.600000000000001,0,0,0,1.6,0.0000,0.0000
1998,8,25,5,30,16.1,0,0,0,1.9000000000000001,0.0000,0.0000
1998,8,25,6,0,16.7,13,0,13,2.2,0.0000,0.0000
1998,8,25,6,30,17.5,58,13,60,2.4000000000000004,0.0000,0.0000
1998,8,25,7,0,18.3,105,25,111,2.5,5.3367,4.0849
1998,8,25,7,30,19.5,155,47,170,2.4000000000000004,8.5768,6.6276
1998,8,25,8,0,20.700000000000003,199,251,301,2.2,15.9290,12.3875
1998,8,25,8,30,22.3,266,216,372,2.5,20.4431,15.9618
1998,8,25,9,0,23.8,255,344,451,2.7,25.5029,19.9643
1998,8,25,9,30,24.6,109,816,634,2.8000000000000003,36.6304,28.7254
1998,8,25,10,0,25.3,114,836,705,2.8000000000000003,41.3941,32.5002
1998,8,25,10,30,25.900000000000002,118,852,766,2.6,45.5145,35.7653
1998,8,25,11,0,26.400000000000002,125,858,812,2.3000000000000003,48.6615,38.2603
1998,8,25,11,30,26.8,127,865,846,2,50.9920,40.1077
1998,8,25,12,0,27.3,132,861,864,1.8,52.2490,41.1051
1998,8,25,12,30,27.6,133,863,872,1.7000000000000002,52.7882,41.5321
1998,8,25,13,0,27.8,135,853,861,1.5,52.0625,40.9581
1998,8,25,13,30,27.900000000000002,134,846,836,1.5,50.3794,39.6254
1998,8,25,14,0,28,133,832,799,1.4000000000000001,47.8678,37.6355
1998,8,25,14,30,28,130,818,749,1.4000000000000001,44.4839,34.9544
1998,8,25,15,0,27.900000000000002,128,793,686,1.4000000000000001,40.2524,31.6023
1998,8,25,15,30,27.700000000000003,122,767,613,1.4000000000000001,35.3871,27.7485
1998,8,25,16,0,27.400000000000002,115,730,530,1.4000000000000001,29.9351,23.4315
1998,8,25,16,30,27,106,687,442,1.3,24.2517,18.9327
1998,8,25,17,0,26.6,95,628,348,1.3,18.3775,14.2882
1998,8,25,17,30,25.3,81,549,252,1.1,12.6797,9.7940
1998,8,25,18,0,24,63,447,160,1,7.6788,5.8744
1998,8,25,18,30,22.6,40,294,76,1,0.0000,0.0000
1998,8,25,19,0,21.200000000000003,12,94,14,1,0.0000,0.0000
1998,8,25,19,30,20.700000000000003,0,0,0,1,0.0000,0.0000
1998,8,25,20,0,20.200000000000003,0,0,0,1.1,0.0000,0.0000
1998,8,25,20,30,19.8,0,0,0,1.1,0.0000,0.0000
1998,8,25,21,0,19.5,0,0,0,1.1,0.0000,0.0000
1998,8,25,21,30,19.200000000000003,0,0,0,1,0.0000,0.0000
1998,8,25,22,0,18.900000000000002,0,0,0,1,0.0000,0.0000
1998,8,25,22,30,18.7,0,0,0,1,0.0000,0.0000
1998,8,25,23,0,18.400000000000002,0,0,0,1.1,0.0000,0.0000
1998,8,25,23,30,18.2,0,0,0,1.1,0.0000,0.0000
1998,8,26,0,0,18,0,0,0,1.1,0.0000,0.0000
1998,8,26,0,30,17.7,0,0,0,1.2000000000000002,0.0000,0.0000
1998,8,26,1,0,17.5,0,0,0,1.2000000000000002,0.0000,0.0000
1998,8,26,1,30,17.3,0,0,0,1.3,0.0000,0.0000
1998,8,26,2,0,17,0,0,0,1.4000000000000001,0.0000,0.0000
1998,8,26,2,30,17.1,0,0,0,1.5,0.0000,0.0000
1998,8,26,3,0,17.1,0,0,0,1.6,0.0000,0.0000
1998,8,26,3,30,17.1,0,0,0,1.7000000000000002,0.0000,0.0000
1998,8,26,4,0,17.2,0,0,0,1.8,0.0000,0.0000
1998,8,26,4,30,17.1,0,0,0,1.8,0.0000,0.0000
1998,8,26,5,0,17,0,0,0,1.8,0.0000,0.0000
1998,8,26,5,30,17.2,0,0,0,2,0.0000,0.0000
1998,8,26,6,0,17.400000000000002,11,60,13,2.1,0.0000,0.0000
1998,8,26,6,30,17.7,39,2,40,2.3000000000000003,0.0000,0.0000
1998,8,26,7,0,18.1,115,65,130,2.5,6.2436,4.7775
1998,8,26,7,30,18.7,151,12,155,2.5,7.8070,6.0312
1998,8,26,8,0,19.3,183,292,300,2.6,15.8538,12.3271
1998,8,26,8,30,20.200000000000003,234,219,341,2.7,18.7191,14.6142
1998,8,26,9,0,21.200000000000003,258,109,320,2.9000000000000004,18.0791,14.1517
1998,8,26,9,30,22.200000000000003,214,1,214,3.4000000000000004,12.3551,9.6882
1998,8,26,10,0,23.200000000000003,302,93,367,3.8000000000000003,21.5338,16.9062
1998,8,26,10,30,24,349,142,457,3.9000000000000004,27.1378,21.3240
1998,8,26,11,0,24.700000000000003,350,278,573,4,34.3198,26.9831
1998,8,26,11,30,24.8,380,230,571,3.9000000000000004,34.3982,27.0549
1998,8,26,12,0,25,365,73,427,3.8000000000000003,25.8087,20.3034
1998,8,26,12,30,24.6,129,0,129,3.8000000000000003,7.8051,6.1406
1998,8,26,13,0,24.3,234,3,237,3.8000000000000003,14.3226,11.2673
1998,8,26,13,30,23.900000000000002,302,10,310,3.6,18.6697,14.6838
1998,8,26,14,0,23.400000000000002,253,5,257,3.3000000000000003,15.3860,12.0965
1998,8,26,14,30,23.1,273,13,283,3.3000000000000003,16.7941,13.1957
1998,8,26,15,0,22.8,172,2,173,3.3000000000000003,10.1417,7.9618
1998,8,26,15,30,22.700000000000003,216,13,224,3.3000000000000003,12.9166,10.1275
1998,8,26,16,0,22.5,229,356,430,3.4000000000000004,24.2535,18.9821
1998,8,26,16,30,22.3,242,33,258,3.6,14.1317,11.0304
1998,8,26,17,0,22,216,121,264,3.7,13.9108,10.8126
1998,8,26,17,30,21.5,106,2,107,3.5,5.3703,4.1465
1998,8,26,18,0,21,112,61,125,3.3000000000000003,5.9900,4.5802
1998,8,26,18,30,20.5,56,10,57,3.3000000000000003,0.0000,0.0000
1998,8,26,19,0,20.1,4,0,4,3.2,0.0000,0.0000
1998,8,26,19,30,19.8,0,0,0,3.4000000000000004,0.0000,0.0000
1998,8,26,20,0,19.5,0,0,0,3.5,0.0000,0.0000
1998,8,26,20,30,19.200000000000003,0,0,0,3.6,0.0000,0.0000
1998,8,26,21,0,19,0,0,0,3.7,0.0000,0.0000
1998,8,26,21,30,18.8,0,0,0,3.7,0.0000,0.0000
1998,8,26,22,0,18.6,0,0,0,3.7,0.0000,0.0000
1998,8,26,22,30,18.5,0,0,0,3.6,0.0000,0.0000
1998,8,26,23,0,18.400000000000002,0,0,0,3.4000000000000004,0.0000,0.0000
1998,8,26,23,30,18.3,0,0,0,3.3000000000000003,0.0000,0.0000
1998,8,27,0,0,18.2,0,0,0,3.2,0.0000,0.0000
1998,8,27,0,30,18.1,0,0,0,3.1,0.0000,0.0000
1998,8,27,1,0,18,0,0,0,3,0.0000,0.0000
1998,8,27,1,30,17.900000000000002,0,0,0,3,0.0000,0.0000
1998,8,27,2,0,17.900000000000002,0,0,0,3,0.0000,0.0000
1998,8,27,2,30,17.8,0,0,0,3,0.0000,0.0000
1998,8,27,3,0,17.8,0,0,0,3.1,0.0000,0.0000
1998,8,27,3,30,17.8,0,0,0,3.1,0.0000,0.0000
1998,8,27,4,0,17.7,0,0,0,3.1,0.0000,0.0000
1998,8,27,4,30,17.7,0,0,0,3,0.0000,0.0000
1998,8,27,5,0,17.6,0,0,0,3,0.0000,0.0000
1998,8,27,5,30,17.900000000000002,0,0,0,3.1,0.0000,0.0000
1998,8,27,6,0,18.1,12,76,14,3.3000000000000003,0.0000,0.0000
1998,8,27,6,30,18.8,39,281,73,3.6,0.0000,0.0000
1998,8,27,7,0,19.5,60,439,155,3.9000000000000004,7.4367,5.6887
1998,8,27,7,30,20.5,65,0,65,3.9000000000000004,3.2687,2.5246
1998,8,27,8,0,21.6,88,632,341,3.8000000000000003,17.9952,13.9897
1998,8,27,8,30,22.900000000000002,165,1,165,3.8000000000000003,9.0477,7.0629
1998,8,27,9,0,24.200000000000003,170,0,170,3.7,9.5959,7.5108
1998,8,27,9,30,25.400000000000002,176,0,176,3.6,10.1533,7.9612
1998,8,27,10,0,26.6,236,1,237,3.4000000000000004,13.8969,10.9100
1998,8,27,10,30,27.6,379,91,448,3.4000000000000004,26.5871,20.8904
1998,8,27,11,0,28.5,367,27,388,3.4000000000000004,23.2258,18.2600
1998,8,27,11,30,29.200000000000003,363,11,372,3.5,22.3975,17.6155
1998,8,27,12,0,29.900000000000002,242,0,242,3.5,14.6187,11.5000
1998,8,27,12,30,30.400000000000002,237,0,238,3.5,14.3920,11.3223
1998,8,27,13,0,30.8,242,0,243,3.5,14.6764,11.5452
1998,8,27,13,30,31,363,141,478,3.4000000000000004,28.7686,22.6257
1998,8,27,14,0,31.200000000000003,406,102,487,3.4000000000000004,29.1349,22.9048
1998,8,27,14,30,31.3,333,178,467,3.1,27.6906,21.7561
1998,8,27,15,0,31.3,198,0,198,2.8000000000000003,11.5964,9.1031
1998,8,27,15,30,31.200000000000003,337,187,455,2.5,26.2060,20.5455
1998,8,27,16,0,31,137,0,137,2.1,7.7165,6.0386
1998,8,27,16,30,30.5,237,33,252,1.9000000000000001,13.7782,10.7525
1998,8,27,17,0,29.900000000000002,83,0,83,1.6,4.3634,3.3906
1998,8,27,17,30,28.700000000000003,92,450,228,1.4000000000000001,11.4125,8.8078
1998,8,27,18,0,27.400000000000002,73,311,138,1.2000000000000002,6.6033,5.0465
1998,8,27,18,30,26.5,42,168,61,1,0.0000,0.0000
1998,8,27,19,0,25.5,6,0,6,0.9,0.0000,0.0000
1998,8,27,19,30,25.1,0,0,0,1,0.0000,0.0000
1998,8,27,20,0,24.700000000000003,0,0,0,1,0.0000,0.0000
1998,8,27,20,30,24.3,0,0,0,1.3,0.0000,0.0000
1998,8,27,21,0,23.900000000000002,0,0,0,1.6,0.0000,0.0000
1998,8,27,21,30,23.700000000000003,0,0,0,2,0.0000,0.0000
1998,8,27,22,0,23.5,0,0,0,2.3000000000000003,0.0000,0.0000
1998,8,27,22,30,23.200000000000003,0,0,0,2.6,0.0000,0.0000
1998,8,27,23,0,23,0,0,0,2.8000000000000003,0.0000,0.0000
1998,8,27,23,30,22.700000000000003,0,0,0,3.2,0.0000,0.0000
1998,8,28,0,0,22.3,0,0,0,3.5,0.0000,0.0000
1998,8,28,0,30,21.8,0,0,0,3.3000000000000003,0.0000,0.0000
1998,8,28,1,0,21.3,0,0,0,3.1,0.0000,0.0000
1998,8,28,1,30,20.6,0,0,0,2.5,0.0000,0.0000
1998,8,28,2,0,19.900000000000002,0,0,0,1.8,0.0000,0.0000
1998,8,28,2,30,19.5,0,0,0,1.8,0.0000,0.0000
1998,8,28,3,0,19.200000000000003,0,0,0,1.7000000000000002,0.0000,0.0000
1998,8,28,3,30,19,0,0,0,2.1,0.0000,0.0000
1998,8,28,4,0,18.900000000000002,0,0,0,2.4000000000000004,0.0000,0.0000
1998,8,28,4,30,18.7,0,0,0,2.7,0.0000,0.0000
1998,8,28,5,0,18.6,0,0,0,2.9000000000000004,0.0000,0.0000
1998,8,28,5,30,18.7,0,0,0,3.2,0.0000,0.0000
1998,8,28,6,0,18.900000000000002,11,99,14,3.4000000000000004,0.0000,0.0000
1998,8,28,6,30,19.700000000000003,38,335,77,3.5,0.0000,0.0000
1998,8,28,7,0,20.6,56,512,165,3.5,7.9085,6.0476
1998,8,28,7,30,22.1,71,625,263,3.7,13.2037,10.1951
1998,8,28,8,0,23.6,79,716,364,3.8000000000000003,19.1832,14.9109
1998,8,28,8,30,24.700000000000003,88,774,462,4.1000000000000005,25.3040,19.7507
1998,8,28,9,0,25.8,90,827,556,4.4,31.3543,24.5391
1998,8,28,9,30,26.6,95,858,640,4.3,36.8919,28.9252
1998,8,28,10,0,27.3,96,889,716,4.3,41.9548,32.9355
1998,8,28,10,30,27.900000000000002,99,906,779,4.2,46.2020,36.3009
1998,8,28,11,0,28.5,99,920,828,4,49.5364,38.9438
1998,8,28,11,30,29,100,928,864,3.9000000000000004,51.9905,40.8887
1998,8,28,12,0,29.400000000000002,101,931,884,3.7,53.3710,41.9834
1998,8,28,12,30,29.8,101,932,890,3.5,53.7870,42.3134
1998,8,28,13,0,30.1,101,927,879,3.3000000000000003,53.0565,41.7354
1998,8,28,13,30,30.3,100,922,857,3.1,51.5454,40.5374
1998,8,28,14,0,30.400000000000002,99,909,816,2.8000000000000003,48.7812,38.3481
1998,8,28,14,30,30.400000000000002,97,896,765,2.5,45.3227,35.6074
1998,8,28,15,0,30.5,94,874,699,2.2,40.8985,32.1029
1998,8,28,15,30,30.400000000000002,90,851,624,1.9000000000000001,35.8983,28.1418
1998,8,28,16,0,30.400000000000002,86,814,538,1.5,30.2583,23.6759
1998,8,28,16,30,30.200000000000003,80,773,446,1.1,24.3391,18.9907
1998,8,28,17,0,30,72,716,350,0.8,18.3568,14.2604
1998,8,28,17,30,28.400000000000002,62,639,252,0.7000000000000001,12.5809,9.7053
1998,8,28,18,0,26.8,49,527,156,0.7000000000000001,7.4554,5.6950
1998,8,28,18,30,24.8,31,357,70,0.9,0.0000,0.0000
1998,8,28,19,0,22.8,0,0,0,1.2000000000000002,0.0000,0.0000
1998,8,28,19,30,22.1,0,0,0,1.3,0.0000,0.0000
1998,8,28,20,0,21.400000000000002,0,0,0,1.4000000000000001,0.0000,0.0000
1998,8,28,20,30,21,0,0,0,1.4000000000000001,0.0000,0.0000
1998,8,28,21,0,20.5,0,0,0,1.5,0.0000,0.0000
1998,8,28,21,30,20.200000000000003,0,0,0,1.5,0.0000,0.0000
1998,8,28,22,0,19.8,0,0,0,1.6,0.0000,0.0000
1998,8,28,22,30,19.5,0,0,0,1.6,0.0000,0.0000
1998,8,28,23,0,19.200000000000003,0,0,0,1.6,0.0000,0.0000
1998,8,28,23,30,18.900000000000002,0,0,0,1.7000000000000002,0.0000,0.0000
1998,8,29,0,0,18.7,0,0,0,1.7000000000000002,0.0000,0.0000
1998,8,29,0,30,18.400000000000002,0,0,0,1.7000000000000002,0.0000,0.0000
1998,8,29,1,0,18.2,0,0,0,1.8,0.0000,0.0000
1998,8,29,1,30,17.900000000000002,0,0,0,1.8,0.0000,0.0000
1998,8,29,2,0,17.7,0,0,0,1.8,0.0000,0.0000
1998,8,29,2,30,17.5,0,0,0,1.7000000000000002,0.0000,0.0000
1998,8,29,3,0,17.3,0,0,0,1.7000000000000002,0.0000,0.0000
1998,8,29,3,30,17.1,0,0,0,1.7000000000000002,0.0000,0.0000
1998,8,29,4,0,16.900000000000002,0,0,0,1.7000000000000002,0.0000,0.0000
1998,8,29,4,30,16.7,0,0,0,1.6,0.0000,0.0000
1998,8,29,5,0,16.5,0,0,0,1.6,0.0000,0.0000
1998,8,29,5,30,17.1,0,0,0,1.7000000000000002,0.0000,0.0000
1998,8,29,6,0,17.6,10,130,13,1.9000000000000001,0.0000,0.0000
1998,8,29,6,30,19,32,382,76,2.2,0.0000,0.0000
1998,8,29,7,0,20.400000000000002,49,545,164,2.5,7.8535,6.0037
1998,8,29,7,30,21.6,62,653,260,2.2,13.0324,10.0603
1998,8,29,8,0,22.8,71,728,359,2,18.8926,14.6826
1998,8,29,8,30,24.400000000000002,79,782,455,1.8,24.8913,19.4263
1998,8,29,9,0,26,85,824,546,1.6,30.7622,24.0738
1998,8,29,9,30,27.5,89,854,629,1.7000000000000002,36.2290,28.4037
1998,8,29,10,0,28.900000000000002,93,878,703,1.7000000000000002,41.1642,32.3133
1998,8,29,10,30,29.900000000000002,96,893,764,1.9000000000000001,45.2840,35.5781
1998,8,29,11,0,30.900000000000002,98,905,813,2.1,48.6092,38.2132
1998,8,29,11,30,31.3,100,911,847,2.2,50.9382,40.0596
1998,8,29,12,0,31.700000000000003,101,916,869,2.4000000000000004,52.4349,41.2455
1998,8,29,12,30,31.900000000000002,101,918,875,2.4000000000000004,52.8498,41.5745
1998,8,29,13,0,32.1,101,914,865,2.5,52.1792,41.0436
1998,8,29,13,30,32.1,100,908,842,2.5,50.6089,39.7992
1998,8,29,14,0,32.2,98,899,804,2.6,48.0277,37.7538
1998,8,29,14,30,32,96,886,753,2.4000000000000004,44.5741,35.0172
1998,8,29,15,0,31.8,92,866,688,2.3000000000000003,40.2147,31.5639
1998,8,29,15,30,31.700000000000003,88,845,615,2.1,35.3379,27.6998
1998,8,29,16,0,31.6,83,814,531,1.8,29.8203,23.3301
1998,8,29,16,30,31.1,77,772,440,1.6,23.9672,18.6971
1998,8,29,17,0,30.6,69,719,344,1.4000000000000001,17.9995,13.9787
1998,8,29,17,30,28.900000000000002,59,641,246,1.1,12.2482,9.4444
1998,8,29,18,0,27.1,47,529,151,0.9,7.2088,5.5040
1998,8,29,18,30,25.700000000000003,29,356,66,1,0.0000,0.0000
1998,8,29,19,0,24.3,0,0,0,1.1,0.0000,0.0000
1998,8,29,19,30,23.5,0,0,0,1.1,0.0000,0.0000
1998,8,29,20,0,22.6,0,0,0,1.1,0.0000,0.0000
1998,8,29,20,30,22,0,0,0,1.1,0.0000,0.0000
1998,8,29,21,0,21.5,0,0,0,1.2000000000000002,0.0000,0.0000
1998,8,29,21,30,21.1,0,0,0,1.2000000000000002,0.0000,0.0000
1998,8,29,22,0,20.700000000000003,0,0,0,1.1,0.0000,0.0000
1998,8,29,22,30,20.3,0,0,0,1.1,0.0000,0.0000
1998,8,29,23,0,20,0,0,0,1.1,0.0000,0.0000
1998,8,29,23,30,19.6,0,0,0,1.1,0.0000,0.0000
1998,8,30,0,0,19.3,0,0,0,1.1,0.0000,0.0000
1998,8,30,0,30,19,0,0,0,1.1,0.0000,0.0000
1998,8,30,1,0,18.6,0,0,0,1.1,0.0000,0.0000
1998,8,30,1,30,18.3,0,0,0,1,0.0000,0.0000
1998,8,30,2,0,18,0,0,0,1,0.0000,0.0000
1998,8,30,2,30,17.8,0,0,0,1,0.0000,0.0000
1998,8,30,3,0,17.6,0,0,0,1,0.0000,0.0000
1998,8,30,3,30,17.5,0,0,0,0.9,0.0000,0.0000
1998,8,30,4,0,17.3,0,0,0,0.9,0.0000,0.0000
1998,8,30,4,30,16.900000000000002,0,0,0,1,0.0000,0.0000
1998,8,30,5,0,16.6,0,0,0,1,0.0000,0.0000
1998,8,30,5,30,16.8,0,0,0,1.3,0.0000,0.0000
1998,8,30,6,0,17.1,4,0,4,1.7000000000000002,0.0000,0.0000
1998,8,30,6,30,17.8,35,309,70,2,0.0000,0.0000
1998,8,30,7,0,18.5,104,132,131,2.4000000000000004,6.2677,4.7899
1998,8,30,7,30,19.5,158,30,167,2.3000000000000003,8.3568,6.4492
1998,8,30,8,0,20.5,216,67,242,2.2,12.7171,9.8815
1998,8,30,8,30,22.1,227,191,318,2.5,17.3769,13.5603
1998,8,30,9,0,23.700000000000003,106,750,524,2.8000000000000003,29.4941,23.0794
1998,8,30,9,30,25,205,579,570,2.9000000000000004,32.8044,25.7171
1998,8,30,10,0,26.3,233,536,604,3,35.3422,27.7417
1998,8,30,10,30,27.3,123,829,740,3.1,43.8326,34.4362
1998,8,30,11,0,28.3,124,844,788,3.1,47.0861,37.0144
1998,8,30,11,30,28.900000000000002,127,853,824,3.1,49.5261,38.9476
1998,8,30,12,0,29.6,126,862,845,3.1,50.9568,40.0813
1998,8,30,12,30,30,126,863,852,2.9000000000000004,51.4294,40.4556
1998,8,30,13,0,30.400000000000002,375,449,749,2.8000000000000003,45.1533,35.5157
1998,8,30,13,30,30.6,360,461,735,2.6,44.1473,34.7161
1998,8,30,14,0,30.8,362,411,683,2.5,40.7684,32.0457
1998,8,30,14,30,30.8,114,834,730,2.4000000000000004,43.1745,33.9156
1998,8,30,15,0,30.700000000000003,110,812,665,2.4000000000000004,38.8298,30.4745
1998,8,30,15,30,30.3,105,785,592,2.5,33.9733,26.6275
1998,8,30,16,0,30,100,747,508,2.5,28.4842,22.2817
1998,8,30,16,30,29.200000000000003,93,700,418,2.5,22.7246,17.7242
1998,8,30,17,0,28.400000000000002,84,632,324,2.5,16.9124,13.1306
1998,8,30,17,30,27,71,547,229,2.3000000000000003,11.3711,8.7640
1998,8,30,18,0,25.5,102,49,112,2.2,5.3426,4.0773
1998,8,30,18,30,24.5,45,4,45,2.4000000000000004,0.0000,0.0000
1998,8,30,19,0,23.5,0,0,0,2.6,0.0000,0.0000
1998,8,30,19,30,23,0,0,0,2.7,0.0000,0.0000
1998,8,30,20,0,22.6,0,0,0,2.8000000000000003,0.0000,0.0000
1998,8,30,20,30,22,0,0,0,2.8000000000000003,0.0000,0.0000
1998,8,30,21,0,21.5,0,0,0,2.7,0.0000,0.0000
1998,8,30,21,30,20.900000000000002,0,0,0,2.6,0.0000,0.0000
1998,8,30,22,0,20.3,0,0,0,2.5,0.0000,0.0000
1998,8,30,22,30,20,0,0,0,2.4000000000000004,0.0000,0.0000
1998,8,30,23,0,19.6,0,0,0,2.3000000000000003,0.0000,0.0000
1998,8,30,23,30,19.400000000000002,0,0,0,2.3000000000000003,0.0000,0.0000
1998,8,31,0,0,19.1,0,0,0,2.2,0.0000,0.0000
1998,8,31,0,30,18.900000000000002,0,0,0,2.4000000000000004,0.0000,0.0000
1998,8,31,1,0,18.6,0,0,0,2.6,0.0000,0.0000
1998,8,31,1,30,18.400000000000002,0,0,0,3,0.0000,0.0000
1998,8,31,2,0,18.2,0,0,0,3.5,0.0000,0.0000
1998,8,31,2,30,18,0,0,0,3.6,0.0000,0.0000
1998,8,31,3,0,17.8,0,0,0,3.7,0.0000,0.0000
1998,8,31,3,30,17.400000000000002,0,0,0,3.4000000000000004,0.0000,0.0000
1998,8,31,4,0,17.1,0,0,0,3,0.0000,0.0000
1998,8,31,4,30,16.8,0,0,0,2.6,0.0000,0.0000
1998,8,31,5,0,16.5,0,0,0,2.2,0.0000,0.0000
1998,8,31,5,30,16.6,0,0,0,2.4000000000000004,0.0000,0.0000
1998,8,31,6,0,16.8,0,0,0,2.5,0.0000,0.0000
1998,8,31,6,30,17.6,46,7,46,2.7,0.0000,0.0000
1998,8,31,7,0,18.400000000000002,59,444,149,2.9000000000000004,7.1232,5.4420
1998,8,31,7,30,19.6,141,258,218,3,10.8906,8.4023
1998,8,31,8,0,20.900000000000002,156,348,292,3.2,15.3210,11.9026
1998,8,31,8,30,22.3,240,32,255,3.4000000000000004,13.9176,10.8595
1998,8,31,9,0,23.6,116,723,517,3.7,29.0715,22.7469
1998,8,31,9,30,24.6,339,75,386,3.6,22.1960,17.3995
1998,8,31,10,0,25.6,277,3,279,3.6,16.3131,12.8042
1998,8,31,10,30,26.3,413,122,503,3.5,29.7745,23.3907
1998,8,31,11,0,26.900000000000002,380,37,410,3.4000000000000004,24.4837,19.2458
1998,8,31,11,30,27.3,458,172,598,3.2,35.9205,28.2470
1998,8,31,12,0,27.6,257,605,760,3,45.8035,36.0265
1998,8,31,12,30,27.700000000000003,437,110,529,2.9000000000000004,31.9124,25.1020
1998,8,31,13,0,27.900000000000002,467,176,613,2.7,36.9304,29.0466
1998,8,31,13,30,27.900000000000002,403,91,476,2.6,28.5701,22.4656
1998,8,31,14,0,27.8,387,83,452,2.6,26.9590,21.1898
1998,8,31,14,30,27.6,314,323,551,2.6,32.5587,25.5748
1998,8,31,15,0,27.400000000000002,294,324,514,2.7,29.9810,23.5279
1998,8,31,15,30,27.1,330,69,373,2.8000000000000003,21.3789,16.7546
1998,8,31,16,0,26.700000000000003,290,206,401,3,22.4502,17.5593
1998,8,31,16,30,26.1,106,652,407,3,22.0830,17.2203
1998,8,31,17,0,25.5,92,594,314,3,16.3495,12.6895
1998,8,31,17,30,24.3,77,507,220,2.7,10.8939,8.3920
1998,8,31,18,0,23.200000000000003,56,401,131,2.4000000000000004,6.2455,4.7643
1998,8,31,18,30,22.1,31,230,52,2.2,0.0000,0.0000
1998,8,31,19,0,21,0,0,0,2,0.0000,0.0000
1998,8,31,19,30,20.5,0,0,0,2.1,0.0000,0.0000
1998,8,31,20,0,20,0,0,0,2.1,0.0000,0.0000
1998,8,31,20,30,19.5,0,0,0,1.9000000000000001,0.0000,0.0000
1998,8,31,21,0,19,0,0,0,1.8,0.0000,0.0000
1998,8,31,21,30,18.6,0,0,0,1.6,0.0000,0.0000
1998,8,31,22,0,18.2,0,0,0,1.5,0.0000,0.0000
1998,8,31,22,30,17.900000000000002,0,0,0,1.3,0.0000,0.0000
1998,8,31,23,0,17.6,0,0,0,1.2000000000000002,0.0000,0.0000
1998,8,31,23,30,17.3,0,0,0,1.1,0.0000,0.0000
1998,9,1,0,0,17.1,0,0,0,1,0.0000,0.0000
1998,9,1,0,30,16.900000000000002,0,0,0,1,0.0000,0.0000
1998,9,1,1,0,16.8,0,0,0,0.9,0.0000,0.0000
1998,9,1,1,30,16.6,0,0,0,0.9,0.0000,0.0000
1998,9,1,2,0,16.5,0,0,0,0.9,0.0000,0.0000
1998,9,1,2,30,16.5,0,0,0,0.9,0.0000,0.0000
1998,9,1,3,0,16.400000000000002,0,0,0,0.9,0.0000,0.0000
1998,9,1,3,30,16.3,0,0,0,0.9,0.0000,0.0000
1998,9,1,4,0,16.1,0,0,0,0.9,0.0000,0.0000
1998,9,1,4,30,15.9,0,0,0,0.9,0.0000,0.0000
1998,9,1,5,0,15.600000000000001,0,0,0,0.9,0.0000,0.0000
1998,9,1,5,30,15.9,0,0,0,1,0.0000,0.0000
1998,9,1,6,0,16.2,0,0,0,1.1,0.0000,0.0000
1998,9,1,6,30,17.2,47,8,48,1.3,0.0000,0.0000
1998,9,1,7,0,18.2,70,1,70,1.5,3.3442,2.5542
1998,9,1,7,30,19.900000000000002,137,8,140,1.4000000000000001,6.9822,5.3854
1998,9,1,8,0,21.6,179,13,184,1.3,9.6402,7.4880
1998,9,1,8,30,23.1,257,54,283,1.4000000000000001,15.4272,12.0358
1998,9,1,9,0,24.5,289,50,316,1.6,17.7515,13.8883
1998,9,1,9,30,25.3,321,60,358,1.6,20.5682,16.1224
1998,9,1,10,0,26.1,351,71,400,1.6,23.3711,18.3430
1998,9,1,10,30,26.8,394,97,465,1.5,27.5066,21.6080
1998,9,1,11,0,27.5,103,896,802,1.5,47.8620,37.6211
1998,9,1,11,30,28.1,105,905,838,1.4000000000000001,50.3066,39.5582
1998,9,1,12,0,28.700000000000003,105,911,860,1.3,51.7988,40.7405
1998,9,1,12,30,29.200000000000003,105,913,866,1.3,52.2094,41.0659
1998,9,1,13,0,29.6,104,910,855,1.3,51.4753,40.4849
1998,9,1,13,30,29.900000000000002,103,904,831,1.3,49.8422,39.1907
1998,9,1,14,0,30.1,100,897,794,1.3,47.3187,37.1906
1998,9,1,14,30,30.1,97,883,742,1.3,43.8039,34.4056
1998,9,1,15,0,30.200000000000003,93,867,678,1.4000000000000001,39.5044,30.9990
1998,9,1,15,30,30,88,843,603,1.4000000000000001,34.5167,27.0479
1998,9,1,16,0,29.8,82,812,518,1.4000000000000001,28.9540,22.6430
1998,9,1,16,30,29.3,76,769,427,1.2000000000000002,23.1219,18.0267
1998,9,1,17,0,28.900000000000002,68,712,330,1.1,17.1391,13.2980
1998,9,1,17,30,27.5,58,630,232,0.9,11.4574,8.8219
1998,9,1,18,0,26.1,45,508,138,0.7000000000000001,6.5775,5.0155
1998,9,1,18,30,24.8,27,320,55,0.8,0.0000,0.0000
1998,9,1,19,0,23.6,0,0,0,0.9,0.0000,0.0000
1998,9,1,19,30,22.700000000000003,0,0,0,0.9,0.0000,0.0000
1998,9,1,20,0,21.900000000000002,0,0,0,1,0.0000,0.0000
1998,9,1,20,30,21.200000000000003,0,0,0,1,0.0000,0.0000
1998,9,1,21,0,20.6,0,0,0,1.1,0.0000,0.0000
1998,9,1,21,30,20.1,0,0,0,1.1,0.0000,0.0000
1998,9,1,22,0,19.5,0,0,0,1.2000000000000002,0.0000,0.0000
1998,9,1,22,30,19,0,0,0,1.2000000000000002,0.0000,0.0000
1998,9,1,23,0,18.5,0,0,0,1.1,0.0000,0.0000
1998,9,1,23,30,18,0,0,0,1.1,0.0000,0.0000
1998,9,2,0,0,17.5,0,0,0,1.1,0.0000,0.0000
1998,9,2,0,30,17,0,0,0,1.1,0.0000,0.0000
1998,9,2,1,0,16.6,0,0,0,1,0.0000,0.0000
1998,9,2,1,30,16.1,0,0,0,1,0.0000,0.0000
1998,9,2,2,0,15.700000000000001,0,0,0,1,0.0000,0.0000
1998,9,2,2,30,15.4,0,0,0,0.9,0.0000,0.0000
1998,9,2,3,0,15.100000000000001,0,0,0,0.9,0.0000,0.0000
1998,9,2,3,30,14.9,0,0,0,0.9,0.0000,0.0000
1998,9,2,4,0,14.700000000000001,0,0,0,0.8,0.0000,0.0000
1998,9,2,4,30,14.600000000000001,0,0,0,0.8,0.0000,0.0000
1998,9,2,5,0,14.600000000000001,0,0,0,0.8,0.0000,0.0000
1998,9,2,5,30,14.9,0,0,0,0.8,0.0000,0.0000
1998,9,2,6,0,15.3,0,0,0,0.7000000000000001,0.0000,0.0000
1998,9,2,6,30,16.400000000000002,30,367,67,1,0.0000,0.0000
1998,9,2,7,0,17.6,46,545,154,1.3,7.3525,5.6139
1998,9,2,7,30,18.8,58,657,250,1.3,12.4473,9.5979
1998,9,2,8,0,20.1,68,734,349,1.4000000000000001,18.2581,14.1793
1998,9,2,8,30,22.200000000000003,75,786,444,1.7000000000000002,24.1726,18.8564
1998,9,2,9,0,24.3,81,827,534,2,29.9662,23.4427
1998,9,2,9,30,25.5,86,857,617,2.1,35.4179,27.7603
1998,9,2,10,0,26.8,90,879,691,2.2,40.3428,31.6616
1998,9,2,10,30,28,93,894,751,2.5,44.3944,34.8726
1998,9,2,11,0,29.200000000000003,97,904,800,2.8000000000000003,47.7118,37.5014
1998,9,2,11,30,30.1,98,913,835,3,50.0950,39.3902
1998,9,2,12,0,31,101,914,855,3.2,51.4650,40.4762
1998,9,2,12,30,31.5,269,592,760,3.4000000000000004,45.7889,36.0142
1998,9,2,13,0,32,379,316,639,3.6,38.4442,30.2346
1998,9,2,13,30,32.2,102,906,828,3.8000000000000003,49.6254,39.0184
1998,9,2,14,0,32.300000000000004,267,497,650,4,38.7050,30.4188
1998,9,2,14,30,32,187,645,655,4.1000000000000005,38.6322,30.3415
1998,9,2,15,0,31.700000000000003,319,180,439,4.1000000000000005,25.5509,20.0481
1998,9,2,15,30,31.200000000000003,87,850,602,4,34.4126,26.9633
1998,9,2,16,0,30.6,80,823,518,3.9000000000000004,28.9054,22.6015
1998,9,2,16,30,29.700000000000003,73,783,427,3.6,23.0735,17.9851
1998,9,2,17,0,28.8,152,436,311,3.2,16.1110,12.4962
1998,9,2,17,30,27.3,55,645,231,3,11.3768,8.7554
1998,9,2,18,0,25.700000000000003,90,21,94,2.8000000000000003,4.4808,3.4154
1998,9,2,18,30,24.700000000000003,34,1,34,3,0.0000,0.0000
1998,9,2,19,0,23.6,0,0,0,3.2,0.0000,0.0000
1998,9,2,19,30,23.1,0,0,0,3.4000000000000004,0.0000,0.0000
1998,9,2,20,0,22.6,0,0,0,3.7,0.0000,0.0000
1998,9,2,20,30,22.1,0,0,0,3.9000000000000004,0.0000,0.0000
1998,9,2,21,0,21.6,0,0,0,4,0.0000,0.0000
1998,9,2,21,30,21.200000000000003,0,0,0,4.1000000000000005,0.0000,0.0000
1998,9,2,22,0,20.700000000000003,0,0,0,4.2,0.0000,0.0000
1998,9,2,22,30,20.400000000000002,0,0,0,4.3,0.0000,0.0000
1998,9,2,23,0,20,0,0,0,4.3,0.0000,0.0000
1998,9,2,23,30,19.700000000000003,0,0,0,4.3,0.0000,0.0000
1998,9,3,0,0,19.3,0,0,0,4.3,0.0000,0.0000
1998,9,3,0,30,19,0,0,0,4.2,0.0000,0.0000
1998,9,3,1,0,18.7,0,0,0,4.1000000000000005,0.0000,0.0000
1998,9,3,1,30,18.400000000000002,0,0,0,4,0.0000,0.0000
1998,9,3,2,0,18.1,0,0,0,3.9000000000000004,0.0000,0.0000
1998,9,3,2,30,17.900000000000002,0,0,0,3.7,0.0000,0.0000
1998,9,3,3,0,17.6,0,0,0,3.5,0.0000,0.0000
1998,9,3,3,30,17.3,0,0,0,3.3000000000000003,0.0000,0.0000
1998,9,3,4,0,17.1,0,0,0,3.2,0.0000,0.0000
1998,9,3,4,30,16.8,0,0,0,3,0.0000,0.0000
1998,9,3,5,0,16.5,0,0,0,2.8000000000000003,0.0000,0.0000
1998,9,3,5,30,16.7,0,0,0,2.9000000000000004,0.0000,0.0000
1998,9,3,6,0,16.8,0,0,0,3,0.0000,0.0000
1998,9,3,6,30,17.900000000000002,27,399,67,3.2,0.0000,0.0000
1998,9,3,7,0,18.900000000000002,42,584,155,3.3000000000000003,7.3962,5.6457
1998,9,3,7,30,20.5,52,694,253,3.1,12.5756,9.6941
1998,9,3,8,0,22.1,59,771,352,2.9000000000000004,18.3862,14.2760
1998,9,3,8,30,24.1,65,823,449,3.1,24.4147,19.0428
1998,9,3,9,0,26.1,69,864,540,3.3000000000000003,30.2724,23.6801
1998,9,3,9,30,27.5,73,892,624,3.5,35.7883,28.0487
1998,9,3,10,0,28.900000000000002,76,914,698,3.7,40.7201,31.9559
1998,9,3,10,30,29.900000000000002,79,929,760,3.8000000000000003,44.8942,35.2635
1998,9,3,11,0,30.8,80,942,809,3.9000000000000004,48.2170,37.8968
1998,9,3,11,30,31.5,82,950,845,3.9000000000000004,50.6616,39.8340
1998,9,3,12,0,32.1,82,954,866,4,52.0935,40.9688
1998,9,3,12,30,32.5,83,955,872,4,52.5017,41.2922
1998,9,3,13,0,32.800000000000004,83,953,862,4,51.8248,40.7560
1998,9,3,13,30,32.9,82,947,838,3.9000000000000004,50.1858,39.4570
1998,9,3,14,0,33,80,939,799,3.8000000000000003,47.5374,37.3583
1998,9,3,14,30,32.800000000000004,78,927,747,3.7,44.0159,34.5674
1998,9,3,15,0,32.7,75,907,680,3.6,39.5326,31.0159
1998,9,3,15,30,32.2,72,884,604,3.3000000000000003,34.4807,27.0137
1998,9,3,16,0,31.700000000000003,67,854,518,3.1,28.8562,22.5595
1998,9,3,16,30,30.700000000000003,62,814,426,2.6,22.9706,17.9008
1998,9,3,17,0,29.700000000000003,56,758,328,2.1,16.9477,13.1407
1998,9,3,17,30,27.6,48,681,230,1.7000000000000002,11.2969,8.6894
1998,9,3,18,0,25.400000000000002,37,560,134,1.3,0.0000,0.0000
1998,9,3,18,30,24,22,363,50,1.3,0.0000,0.0000
1998,9,3,19,0,22.6,0,0,0,1.4000000000000001,0.0000,0.0000
1998,9,3,19,30,22,0,0,0,1.4000000000000001,0.0000,0.0000
1998,9,3,20,0,21.400000000000002,0,0,0,1.4000000000000001,0.0000,0.0000
1998,9,3,20,30,20.900000000000002,0,0,0,1.4000000000000001,0.0000,0.0000
1998,9,3,21,0,20.3,0,0,0,1.4000000000000001,0.0000,0.0000
1998,9,3,21,30,19.8,0,0,0,1.3,0.0000,0.0000
1998,9,3,22,0,19.3,0,0,0,1.3,0.0000,0.0000
1998,9,3,22,30,18.900000000000002,0,0,0,1.2000000000000002,0.0000,0.0000
1998,9,3,23,0,18.400000000000002,0,0,0,1.2000000000000002,0.0000,0.0000
1998,9,3,23,30,18,0,0,0,1.1,0.0000,0.0000
1998,9,4,0,0,17.6,0,0,0,1.1,0.0000,0.0000
1998,9,4,0,30,17.2,0,0,0,1,0.0000,0.0000
1998,9,4,1,0,16.8,0,0,0,1,0.0000,0.0000
1998,9,4,1,30,16.6,0,0,0,0.9,0.0000,0.0000
1998,9,4,2,0,16.3,0,0,0,0.8,0.0000,0.0000
1998,9,4,2,30,16.2,0,0,0,0.8,0.0000,0.0000
1998,9,4,3,0,16.2,0,0,0,0.8,0.0000,0.0000
1998,9,4,3,30,16.2,0,0,0,0.7000000000000001,0.0000,0.0000
1998,9,4,4,0,16.1,0,0,0,0.7000000000000001,0.0000,0.0000
1998,9,4,4,30,16,0,0,0,0.7000000000000001,0.0000,0.0000
1998,9,4,5,0,15.9,0,0,0,0.7000000000000001,0.0000,0.0000
1998,9,4,5,30,16.3,0,0,0,0.7000000000000001,0.0000,0.0000
1998,9,4,6,0,16.7,0,0,0,0.7000000000000001,0.0000,0.0000
1998,9,4,6,30,17.900000000000002,30,327,62,1,0.0000,0.0000
1998,9,4,7,0,19.1,49,510,146,1.4000000000000001,6.9636,5.3140
1998,9,4,7,30,20.700000000000003,62,627,241,1.4000000000000001,11.9592,9.2162
1998,9,4,8,0,22.400000000000002,70,715,340,1.3,17.7314,13.7648
1998,9,4,8,30,23.8,78,769,434,1.5,23.5698,18.3814
1998,9,4,9,0,25.3,83,814,525,1.7000000000000002,29.4000,22.9955
1998,9,4,9,30,26.3,88,846,608,1.8,34.8398,27.3034
1998,9,4,10,0,27.3,91,871,681,1.9000000000000001,39.6961,31.1504
1998,9,4,10,30,28.1,95,889,743,1.9000000000000001,43.8582,34.4480
1998,9,4,11,0,29,96,903,792,2,47.1714,37.0733
1998,9,4,11,30,29.6,98,909,825,2.1,49.4305,38.8644
1998,9,4,12,0,30.3,98,914,845,2.1,50.7969,39.9474
1998,9,4,12,30,30.8,98,915,851,2.2,51.2026,40.2687
1998,9,4,13,0,31.200000000000003,98,913,842,2.3000000000000003,50.5858,39.7798
1998,9,4,13,30,31.5,97,908,817,2.4000000000000004,48.8906,38.4367
1998,9,4,14,0,31.700000000000003,95,897,779,2.5,46.3069,36.3890
1998,9,4,14,30,31.700000000000003,93,884,726,2.5,42.7354,33.5594
1998,9,4,15,0,31.8,90,864,662,2.6,38.4415,30.1573
1998,9,4,15,30,31.5,86,839,586,2.6,33.4062,26.1689
1998,9,4,16,0,31.200000000000003,80,805,501,2.6,27.8608,21.7779
1998,9,4,16,30,30.5,74,763,411,2.3000000000000003,22.1140,17.2293
1998,9,4,17,0,29.8,66,703,315,2.1,16.2321,12.5813
1998,9,4,17,30,27.900000000000002,56,619,218,1.7000000000000002,10.6780,8.2088
1998,9,4,18,0,26.1,42,494,124,1.3,0.0000,0.0000
1998,9,4,18,30,24.8,23,291,44,1.5,0.0000,0.0000
1998,9,4,19,0,23.6,0,0,0,1.6,0.0000,0.0000
1998,9,4,19,30,23.3,0,0,0,1.8,0.0000,0.0000
1998,9,4,20,0,22.900000000000002,0,0,0,2,0.0000,0.0000
1998,9,4,20,30,22.5,0,0,0,2.2,0.0000,0.0000
1998,9,4,21,0,22.200000000000003,0,0,0,2.5,0.0000,0.0000
1998,9,4,21,30,21.8,0,0,0,2.7,0.0000,0.0000
1998,9,4,22,0,21.5,0,0,0,2.9000000000000004,0.0000,0.0000
1998,9,4,22,30,21.1,0,0,0,3,0.0000,0.0000
1998,9,4,23,0,20.8,0,0,0,3.1,0.0000,0.0000
1998,9,4,23,30,20.5,0,0,0,3.2,0.0000,0.0000
1998,9,5,0,0,20.1,0,0,0,3.3000000000000003,0.0000,0.0000
1998,9,5,0,30,19.900000000000002,0,0,0,3.3000000000000003,0.0000,0.0000
1998,9,5,1,0,19.6,0,0,0,3.4000000000000004,0.0000,0.0000
1998,9,5,1,30,19.3,0,0,0,3.4000000000000004,0.0000,0.0000
1998,9,5,2,0,19,0,0,0,3.4000000000000004,0.0000,0.0000
1998,9,5,2,30,18.7,0,0,0,3.3000000000000003,0.0000,0.0000
1998,9,5,3,0,18.400000000000002,0,0,0,3.2,0.0000,0.0000
1998,9,5,3,30,18.2,0,0,0,3,0.0000,0.0000
1998,9,5,4,0,17.900000000000002,0,0,0,2.8000000000000003,0.0000,0.0000
1998,9,5,4,30,17.7,0,0,0,2.6,0.0000,0.0000
1998,9,5,5,0,17.5,0,0,0,2.4000000000000004,0.0000,0.0000
1998,9,5,5,30,17.8,0,0,0,2.5,0.0000,0.0000
1998,9,5,6,0,18.1,0,0,0,2.7,0.0000,0.0000
1998,9,5,6,30,19.200000000000003,30,301,58,2.7,0.0000,0.0000
1998,9,5,7,0,20.3,90,179,124,2.8000000000000003,5.9123,4.5105
1998,9,5,7,30,21.900000000000002,139,80,161,2.7,7.9760,6.1448
1998,9,5,8,0,23.5,73,698,334,2.6,17.3923,13.4990
1998,9,5,8,30,25.400000000000002,81,756,429,2.8000000000000003,23.2675,18.1432
1998,9,5,9,0,27.200000000000003,86,804,520,3,29.0885,22.7497
1998,9,5,9,30,28.5,92,837,603,3,34.5224,27.0527
1998,9,5,10,0,29.700000000000003,93,866,677,3,39.4319,30.9413
1998,9,5,10,30,30.8,351,370,620,3,36.5709,28.7227
1998,9,5,11,0,31.8,365,396,669,3,39.8179,31.2925
1998,9,5,11,30,32.7,201,672,737,3,44.1281,34.6938
1998,9,5,12,0,33.5,276,538,714,3,42.8925,33.7298
1998,9,5,12,30,34.1,193,694,761,3,45.7559,35.9835
1998,9,5,13,0,34.7,326,408,657,3,39.4424,31.0153
1998,9,5,13,30,35,147,729,723,2.9000000000000004,43.2308,33.9853
1998,9,5,14,0,35.300000000000004,162,697,689,2.9000000000000004,40.9215,32.1551
1998,9,5,14,30,35.1,362,307,581,2.8000000000000003,34.1660,26.8281
1998,9,5,15,0,35,178,616,583,2.7,33.8142,26.5248
1998,9,5,15,30,34.5,82,847,584,2.5,33.2447,26.0394
1998,9,5,16,0,34.1,77,816,499,2.4000000000000004,27.7008,21.6493
1998,9,5,16,30,32.800000000000004,70,772,407,2,21.8494,17.0190
1998,9,5,17,0,31.5,62,716,312,1.6,16.0337,12.4230
1998,9,5,17,30,29.400000000000002,53,629,214,1.4000000000000001,10.4537,8.0320
1998,9,5,18,0,27.400000000000002,39,505,121,1.3,0.0000,0.0000
1998,9,5,18,30,26.200000000000003,21,295,41,1.4000000000000001,0.0000,0.0000
1998,9,5,19,0,25,0,0,0,1.5,0.0000,0.0000
1998,9,5,19,30,24.400000000000002,0,0,0,1.5,0.0000,0.0000
1998,9,5,20,0,23.900000000000002,0,0,0,1.6,0.0000,0.0000
1998,9,5,20,30,23.400000000000002,0,0,0,1.6,0.0000,0.0000
1998,9,5,21,0,22.900000000000002,0,0,0,1.6,0.0000,0.0000
1998,9,5,21,30,22.6,0,0,0,1.7000000000000002,0.0000,0.0000
1998,9,5,22,0,22.200000000000003,0,0,0,1.7000000000000002,0.0000,0.0000
1998,9,5,22,30,22,0,0,0,1.7000000000000002,0.0000,0.0000
1998,9,5,23,0,21.700000000000003,0,0,0,1.7000000000000002,0.0000,0.0000
1998,9,5,23,30,21.6,0,0,0,1.7000000000000002,0.0000,0.0000
1998,9,6,0,0,21.400000000000002,0,0,0,1.7000000000000002,0.0000,0.0000
1998,9,6,0,30,21.3,0,0,0,1.6,0.0000,0.0000
1998,9,6,1,0,21.1,0,0,0,1.6,0.0000,0.0000
1998,9,6,1,30,20.8,0,0,0,1.6,0.0000,0.0000
1998,9,6,2,0,20.5,0,0,0,1.5,0.0000,0.0000
1998,9,6,2,30,20.1,0,0,0,1.4000000000000001,0.0000,0.0000
1998,9,6,3,0,19.700000000000003,0,0,0,1.4000000000000001,0.0000,0.0000
1998,9,6,3,30,19.400000000000002,0,0,0,1.3,0.0000,0.0000
1998,9,6,4,0,19,0,0,0,1.3,0.0000,0.0000
1998,9,6,4,30,18.8,0,0,0,1.2000000000000002,0.0000,0.0000
1998,9,6,5,0,18.5,0,0,0,1.2000000000000002,0.0000,0.0000
1998,9,6,5,30,18.900000000000002,0,0,0,1.1,0.0000,0.0000
1998,9,6,6,0,19.200000000000003,0,0,0,1,0.0000,0.0000
1998,9,6,6,30,20.6,26,367,60,1.2000000000000002,0.0000,0.0000
1998,9,6,7,0,22,43,548,145,1.5,6.9120,5.2718
1998,9,6,7,30,23,55,665,241,1.2000000000000002,11.9183,9.1791
1998,9,6,8,0,24,65,738,339,0.9,17.6244,13.6764
1998,9,6,8,30,25.700000000000003,72,794,435,1,23.5614,18.3699
1998,9,6,9,0,27.5,80,827,523,1,29.2244,22.8537
1998,9,6,9,30,29.8,84,856,605,1.3,34.6042,27.1147
1998,9,6,10,0,32.1,91,871,675,1.5,39.2828,30.8224
1998,9,6,10,30,33.1,94,886,734,1.5,43.2631,33.9770
1998,9,6,11,0,34.1,101,888,780,1.5,46.3917,36.4570
1998,9,6,11,30,34.6,103,895,813,1.5,48.6451,38.2434
1998,9,6,12,0,35.1,110,886,828,1.5,49.7072,39.0870
1998,9,6,12,30,35.4,110,885,831,1.4000000000000001,49.9297,39.2641
1998,9,6,13,0,35.7,117,870,818,1.3,49.0712,38.5850
1998,9,6,13,30,35.800000000000004,115,862,792,1.2000000000000002,47.3180,37.1963
1998,9,6,14,0,35.800000000000004,250,571,680,1.1,40.3504,31.7044
1998,9,6,14,30,35.7,308,364,565,0.8,33.1905,26.0602
1998,9,6,15,0,35.6,271,418,544,0.6000000000000001,31.5134,24.7176
1998,9,6,15,30,35.6,175,548,497,0.4,28.2500,22.1244
1998,9,6,16,0,35.5,101,721,471,0.1,26.0998,20.3947
1998,9,6,16,30,34.800000000000004,92,669,381,0.4,20.4068,15.8914
1998,9,6,17,0,34.1,82,598,288,0.7000000000000001,14.7596,11.4315
1998,9,6,17,30,31.900000000000002,67,503,194,0.9,9.4516,7.2579
1998,9,6,18,0,29.6,78,36,84,1,0.0000,0.0000
1998,9,6,18,30,28.400000000000002,25,2,26,1.2000000000000002,0.0000,0.0000
1998,9,6,19,0,27.200000000000003,0,0,0,1.3,0.0000,0.0000
1998,9,6,19,30,26.6,0,0,0,1.4000000000000001,0.0000,0.0000
1998,9,6,20,0,26.1,0,0,0,1.4000000000000001,0.0000,0.0000
1998,9,6,20,30,25.700000000000003,0,0,0,1.4000000000000001,0.0000,0.0000
1998,9,6,21,0,25.3,0,0,0,1.4000000000000001,0.0000,0.0000
1998,9,6,21,30,25,0,0,0,1.3,0.0000,0.0000
1998,9,6,22,0,24.700000000000003,0,0,0,1.3,0.0000,0.0000
1998,9,6,22,30,24.3,0,0,0,1.5,0.0000,0.0000
1998,9,6,23,0,23.900000000000002,0,0,0,1.7000000000000002,0.0000,0.0000
1998,9,6,23,30,23.5,0,0,0,2.3000000000000003,0.0000,0.0000
1998,9,7,0,0,23.1,0,0,0,2.9000000000000004,0.0000,0.0000
1998,9,7,0,30,22.5,0,0,0,3.6,0.0000,0.0000
1998,9,7,1,0,21.900000000000002,0,0,0,4.3,0.0000,0.0000
1998,9,7,1,30,21.1,0,0,0,4.4,0.0000,0.0000
1998,9,7,2,0,20.3,0,0,0,4.5,0.0000,0.0000
1998,9,7,2,30,19.6,0,0,0,4.5,0.0000,0.0000
1998,9,7,3,0,18.900000000000002,0,0,0,4.4,0.0000,0.0000
1998,9,7,3,30,18.400000000000002,0,0,0,4.3,0.0000,0.0000
1998,9,7,4,0,17.8,0,0,0,4.2,0.0000,0.0000
1998,9,7,4,30,17.400000000000002,0,0,0,4.1000000000000005,0.0000,0.0000
1998,9,7,5,0,17,0,0,0,3.9000000000000004,0.0000,0.0000
1998,9,7,5,30,16.8,0,0,0,3.9000000000000004,0.0000,0.0000
1998,9,7,6,0,16.6,0,0,0,3.9000000000000004,0.0000,0.0000
1998,9,7,6,30,17.1,32,0,32,4.1000000000000005,0.0000,0.0000
1998,9,7,7,0,17.7,91,13,94,4.3,4.4804,3.4164
1998,9,7,7,30,18.8,78,510,219,4.5,10.8124,8.3249
1998,9,7,8,0,19.8,91,613,316,4.7,16.4022,12.7253
1998,9,7,8,30,21,102,680,411,4.800000000000001,22.2315,17.3306
1998,9,7,9,0,22.200000000000003,104,753,506,4.9,28.2433,22.0843
1998,9,7,9,30,23.200000000000003,111,791,589,5,33.6568,26.3703
1998,9,7,10,0,24.200000000000003,106,845,669,5,38.9010,30.5208
1998,9,7,10,30,25,110,866,733,4.9,43.1717,33.9034
1998,9,7,11,0,25.700000000000003,104,898,787,4.800000000000001,46.7746,36.7562
1998,9,7,11,30,26.3,105,907,822,4.7,49.1494,38.6380
1998,9,7,12,0,26.8,104,918,845,4.6000000000000005,50.6919,39.8594
1998,9,7,12,30,27.200000000000003,104,920,850,4.5,51.0339,40.1305
1998,9,7,13,0,27.5,454,221,631,4.4,37.8245,29.7401
1998,9,7,13,30,27.6,360,455,716,4.3,42.7419,33.5972
1998,9,7,14,0,27.700000000000003,103,896,773,4.1000000000000005,45.8267,36.0050
1998,9,7,14,30,27.5,381,268,569,4,33.3901,26.2149
1998,9,7,15,0,27.400000000000002,98,856,653,3.9000000000000004,37.7804,29.6303
1998,9,7,15,30,27,93,826,575,3.8000000000000003,32.6356,25.5559
1998,9,7,16,0,26.5,89,784,488,3.6,26.9913,21.0876
1998,9,7,16,30,25.700000000000003,81,735,395,3.3000000000000003,21.1091,16.4342
1998,9,7,17,0,24.900000000000002,72,664,297,2.9000000000000004,15.1773,11.7502
1998,9,7,17,30,22.900000000000002,60,569,200,2.2,9.7196,7.4596
1998,9,7,18,0,20.900000000000002,43,430,108,1.5,0.0000,0.0000
1998,9,7,18,30,19.700000000000003,20,216,32,1.5,0.0000,0.0000
1998,9,7,19,0,18.5,0,0,0,1.4000000000000001,0.0000,0.0000
1998,9,7,19,30,18,0,0,0,1.5,0.0000,0.0000
1998,9,7,20,0,17.5,0,0,0,1.5,0.0000,0.0000
1998,9,7,20,30,17.1,0,0,0,1.5,0.0000,0.0000
1998,9,7,21,0,16.6,0,0,0,1.5,0.0000,0.0000
1998,9,7,21,30,16.2,0,0,0,1.6,0.0000,0.0000
1998,9,7,22,0,15.8,0,0,0,1.6,0.0000,0.0000
1998,9,7,22,30,15.5,0,0,0,1.7000000000000002,0.0000,0.0000
1998,9,7,23,0,15.100000000000001,0,0,0,1.8,0.0000,0.0000
1998,9,7,23,30,14.700000000000001,0,0,0,1.9000000000000001,0.0000,0.0000
1998,9,8,0,0,14.4,0,0,0,1.9000000000000001,0.0000,0.0000
1998,9,8,0,30,14,0,0,0,1.9000000000000001,0.0000,0.0000
1998,9,8,1,0,13.600000000000001,0,0,0,1.8,0.0000,0.0000
1998,9,8,1,30,13.200000000000001,0,0,0,1.8,0.0000,0.0000
1998,9,8,2,0,12.8,0,0,0,1.7000000000000002,0.0000,0.0000
1998,9,8,2,30,12.4,0,0,0,1.6,0.0000,0.0000
1998,9,8,3,0,12.100000000000001,0,0,0,1.5,0.0000,0.0000
1998,9,8,3,30,11.8,0,0,0,1.4000000000000001,0.0000,0.0000
1998,9,8,4,0,11.4,0,0,0,1.2000000000000002,0.0000,0.0000
1998,9,8,4,30,11.200000000000001,0,0,0,1.1,0.0000,0.0000
1998,9,8,5,0,10.9,0,0,0,1,0.0000,0.0000
1998,9,8,5,30,11.200000000000001,0,0,0,1.1,0.0000,0.0000
1998,9,8,6,0,11.5,0,0,0,1.3,0.0000,0.0000
1998,9,8,6,30,12.600000000000001,26,322,53,1.6,0.0000,0.0000
1998,9,8,7,0,13.700000000000001,44,519,137,1.9000000000000001,6.5300,4.9781
1998,9,8,7,30,15.5,58,641,233,2.1,11.4837,8.8388
1998,9,8,8,0,17.3,67,726,331,2.3000000000000003,17.1529,13.3050
1998,9,8,8,30,18.8,74,783,427,2.6,23.0657,17.9783
1998,9,8,9,0,20.3,80,827,519,3,28.9366,22.6242
1998,9,8,9,30,21.200000000000003,85,858,602,3,34.3665,26.9242
1998,9,8,10,0,22,89,879,673,3,39.1004,30.6753
1998,9,8,10,30,22.700000000000003,92,897,735,3.1,43.2553,33.9672
1998,9,8,11,0,23.400000000000002,95,910,784,3.2,46.5615,36.5868
1998,9,8,11,30,23.900000000000002,97,916,817,3.3000000000000003,48.8148,38.3731
1998,9,8,12,0,24.5,97,921,837,3.4000000000000004,50.1759,39.4518
1998,9,8,12,30,24.8,98,922,842,3.4000000000000004,50.5160,39.7213
1998,9,8,13,0,25.200000000000003,98,916,829,3.5,49.6540,39.0392
1998,9,8,13,30,25.3,96,910,804,3.5,47.9547,37.6926
1998,9,8,14,0,25.5,95,897,763,3.6,45.1904,35.5027
1998,9,8,14,30,25.3,92,883,710,3.6,41.6195,32.6733
1998,9,8,15,0,25.200000000000003,90,860,644,3.6,37.2123,29.1819
1998,9,8,15,30,24.8,86,831,566,3.6,32.0754,25.1140
1998,9,8,16,0,24.400000000000002,81,792,480,3.6,26.4985,20.6989
1998,9,8,16,30,23.700000000000003,75,745,388,3.4000000000000004,20.6862,16.1007
1998,9,8,17,0,23,67,671,291,3.3000000000000003,14.8291,11.4760
1998,9,8,17,30,21.400000000000002,55,576,194,2.6,9.4037,7.2129
1998,9,8,18,0,19.8,40,429,103,2,0.0000,0.0000
1998,9,8,18,30,18.8,18,206,29,2.2,0.0000,0.0000
1998,9,8,19,0,17.8,0,0,0,2.3000000000000003,0.0000,0.0000
1998,9,8,19,30,17.400000000000002,0,0,0,2.6,0.0000,0.0000
1998,9,8,20,0,17.1,0,0,0,2.8000000000000003,0.0000,0.0000
1998,9,8,20,30,16.7,0,0,0,3,0.0000,0.0000
1998,9,8,21,0,16.400000000000002,0,0,0,3.1,0.0000,0.0000
1998,9,8,21,30,15.9,0,0,0,3.1,0.0000,0.0000
1998,9,8,22,0,15.5,0,0,0,3.1,0.0000,0.0000
1998,9,8,22,30,15.200000000000001,0,0,0,3.1,0.0000,0.0000
1998,9,8,23,0,14.8,0,0,0,3.1,0.0000,0.0000
1998,9,8,23,30,14.600000000000001,0,0,0,3.1,0.0000,0.0000
1998,9,9,0,0,14.3,0,0,0,3.2,0.0000,0.0000
1998,9,9,0,30,14.100000000000001,0,0,0,3.1,0.0000,0.0000
1998,9,9,1,0,13.9,0,0,0,3.1,0.0000,0.0000
1998,9,9,1,30,13.700000000000001,0,0,0,3,0.0000,0.0000
1998,9,9,2,0,13.4,0,0,0,3,0.0000,0.0000
1998,9,9,2,30,13.200000000000001,0,0,0,2.9000000000000004,0.0000,0.0000
1998,9,9,3,0,12.9,0,0,0,2.9000000000000004,0.0000,0.0000
1998,9,9,3,30,12.600000000000001,0,0,0,2.9000000000000004,0.0000,0.0000
1998,9,9,4,0,12.3,0,0,0,2.8000000000000003,0.0000,0.0000
1998,9,9,4,30,12.100000000000001,0,0,0,3,0.0000,0.0000
1998,9,9,5,0,11.9,0,0,0,3.1,0.0000,0.0000
1998,9,9,5,30,11.9,0,0,0,3.3000000000000003,0.0000,0.0000
1998,9,9,6,0,11.9,0,0,0,3.5,0.0000,0.0000
1998,9,9,6,30,12.8,28,239,48,3.6,0.0000,0.0000
1998,9,9,7,0,13.700000000000001,52,421,127,3.8000000000000003,6.0543,4.6145
1998,9,9,7,30,15.4,70,549,218,4.5,10.7269,8.2538
1998,9,9,8,0,17.2,83,637,314,5.2,16.2440,12.5971
1998,9,9,8,30,18.8,94,701,408,5.6000000000000005,22.0091,17.1523
1998,9,9,9,0,20.3,102,748,496,6,27.6217,21.5938
1998,9,9,9,30,21.6,109,784,578,5.9,32.9642,25.8236
1998,9,9,10,0,22.8,115,810,650,5.9,37.7317,29.5996
1998,9,9,10,30,23.8,119,830,711,5.800000000000001,41.8095,32.8299
1998,9,9,11,0,24.900000000000002,123,842,757,5.7,44.9250,35.2991
1998,9,9,11,30,25.700000000000003,125,852,792,5.7,47.2871,37.1704
1998,9,9,12,0,26.5,126,857,811,5.6000000000000005,48.5818,38.1965
1998,9,9,12,30,27.1,126,859,816,5.6000000000000005,48.9190,38.4636
1998,9,9,13,0,27.700000000000003,126,856,806,5.6000000000000005,48.2384,37.9243
1998,9,9,13,30,28,124,849,781,5.5,46.5429,36.5808
1998,9,9,14,0,28.3,121,839,742,5.4,43.9048,34.4904
1998,9,9,14,30,28.400000000000002,118,820,687,5.4,40.2273,31.5778
1998,9,9,15,0,28.400000000000002,112,799,623,5.300000000000001,35.9524,28.1910
1998,9,9,15,30,28.1,106,769,547,5.2,30.9502,24.2298
1998,9,9,16,0,27.8,97,734,463,5.1000000000000005,25.5107,19.9236
1998,9,9,16,30,27,88,682,372,4.800000000000001,19.7843,15.3945
1998,9,9,17,0,26.200000000000003,76,617,278,4.4,14.1254,10.9268
1998,9,9,17,30,24.8,62,519,184,4.1000000000000005,8.8976,6.8208
1998,9,9,18,0,23.400000000000002,42,379,96,3.8000000000000003,0.0000,0.0000
1998,9,9,18,30,22.400000000000002,17,161,25,4,0.0000,0.0000
1998,9,9,19,0,21.5,0,0,0,4.2,0.0000,0.0000
1998,9,9,19,30,20.8,0,0,0,4.2,0.0000,0.0000
1998,9,9,20,0,20.200000000000003,0,0,0,4.2,0.0000,0.0000
1998,9,9,20,30,19.700000000000003,0,0,0,4.1000000000000005,0.0000,0.0000
1998,9,9,21,0,19.1,0,0,0,4,0.0000,0.0000
1998,9,9,21,30,18.5,0,0,0,3.8000000000000003,0.0000,0.0000
1998,9,9,22,0,17.900000000000002,0,0,0,3.5,0.0000,0.0000
1998,9,9,22,30,17.5,0,0,0,3.5,0.0000,0.0000
1998,9,9,23,0,17.1,0,0,0,3.5,0.0000,0.0000
1998,9,9,23,30,16.8,0,0,0,3.6,0.0000,0.0000
1998,9,10,0,0,16.5,0,0,0,3.6,0.0000,0.0000
1998,9,10,0,30,16.3,0,0,0,3.7,0.0000,0.0000
1998,9,10,1,0,16.1,0,0,0,3.7,0.0000,0.0000
1998,9,10,1,30,15.8,0,0,0,3.7,0.0000,0.0000
1998,9,10,2,0,15.600000000000001,0,0,0,3.6,0.0000,0.0000
1998,9,10,2,30,15.4,0,0,0,3.5,0.0000,0.0000
1998,9,10,3,0,15.100000000000001,0,0,0,3.4000000000000004,0.0000,0.0000
1998,9,10,3,30,14.9,0,0,0,3.3000000000000003,0.0000,0.0000
1998,9,10,4,0,14.700000000000001,0,0,0,3.3000000000000003,0.0000,0.0000
1998,9,10,4,30,14.5,0,0,0,3.3000000000000003,0.0000,0.0000
1998,9,10,5,0,14.3,0,0,0,3.3000000000000003,0.0000,0.0000
1998,9,10,5,30,14.4,0,0,0,3.4000000000000004,0.0000,0.0000
1998,9,10,6,0,14.4,0,0,0,3.6,0.0000,0.0000
1998,9,10,6,30,15.3,26,245,45,3.8000000000000003,0.0000,0.0000
1998,9,10,7,0,16.2,49,439,125,4,0.0000,0.0000
1998,9,10,7,30,17.900000000000002,65,569,217,4.2,10.6594,8.1991
1998,9,10,8,0,19.6,77,661,314,4.3,16.2173,12.5737
1998,9,10,8,30,21.700000000000003,86,724,408,4.800000000000001,21.9787,17.1261
1998,9,10,9,0,23.8,94,771,497,5.4,27.6459,21.6105
1998,9,10,9,30,25.5,100,806,579,5.6000000000000005,32.9887,25.8406
1998,9,10,10,0,27.200000000000003,104,833,652,5.800000000000001,37.8136,29.6619
1998,9,10,10,30,28.400000000000002,108,852,713,5.7,41.8932,32.8937
1998,9,10,11,0,29.700000000000003,111,869,763,5.7,45.2463,35.5497
1998,9,10,11,30,30.5,113,879,798,5.6000000000000005,47.6095,37.4220
1998,9,10,12,0,31.400000000000002,114,885,818,5.6000000000000005,48.9637,38.4949
1998,9,10,12,30,31.8,114,886,822,5.5,49.2407,38.7146
1998,9,10,13,0,32.300000000000004,112,885,811,5.5,48.4978,38.1261
1998,9,10,13,30,32.5,111,878,786,5.5,46.7989,36.7798
1998,9,10,14,0,32.7,107,870,747,5.4,44.1568,34.6859
1998,9,10,14,30,32.5,104,854,694,5.4,40.5908,31.8605
1998,9,10,15,0,32.4,99,835,628,5.300000000000001,36.1934,28.3771
1998,9,10,15,30,31.900000000000002,94,807,552,5.2,31.1821,24.4079
1998,9,10,16,0,31.400000000000002,86,772,467,5,25.6807,20.0526
1998,9,10,16,30,30.400000000000002,79,723,376,4.6000000000000005,19.9485,15.5180
1998,9,10,17,0,29.400000000000002,68,657,280,4.1000000000000005,14.1853,10.9684
1998,9,10,17,30,27.6,56,557,184,3.8000000000000003,8.8766,6.8007
1998,9,10,18,0,25.8,39,410,94,3.5,0.0000,0.0000
1998,9,10,18,30,24.8,16,177,23,3.7,0.0000,0.0000
1998,9,10,19,0,23.8,0,0,0,3.9000000000000004,0.0000,0.0000
1998,9,10,19,30,23.1,0,0,0,4,0.0000,0.0000
1998,9,10,20,0,22.400000000000002,0,0,0,4,0.0000,0.0000
1998,9,10,20,30,21.900000000000002,0,0,0,4.2,0.0000,0.0000
1998,9,10,21,0,21.400000000000002,0,0,0,4.3,0.0000,0.0000
1998,9,10,21,30,20.700000000000003,0,0,0,4.1000000000000005,0.0000,0.0000
1998,9,10,22,0,20,0,0,0,3.8000000000000003,0.0000,0.0000
1998,9,10,22,30,19.400000000000002,0,0,0,3.7,0.0000,0.0000
1998,9,10,23,0,18.8,0,0,0,3.6,0.0000,0.0000
1998,9,10,23,30,18.3,0,0,0,3.6,0.0000,0.0000
1998,9,11,0,0,17.900000000000002,0,0,0,3.6,0.0000,0.0000
1998,9,11,0,30,17.6,0,0,0,3.5,0.0000,0.0000
1998,9,11,1,0,17.2,0,0,0,3.5,0.0000,0.0000
1998,9,11,1,30,16.8,0,0,0,3.4000000000000004,0.0000,0.0000
1998,9,11,2,0,16.5,0,0,0,3.3000000000000003,0.0000,0.0000
1998,9,11,2,30,16.1,0,0,0,3.2,0.0000,0.0000
1998,9,11,3,0,15.8,0,0,0,3.1,0.0000,0.0000
1998,9,11,3,30,15.5,0,0,0,3.1,0.0000,0.0000
1998,9,11,4,0,15.200000000000001,0,0,0,3,0.0000,0.0000
1998,9,11,4,30,14.9,0,0,0,3,0.0000,0.0000
1998,9,11,5,0,14.600000000000001,0,0,0,3,0.0000,0.0000
1998,9,11,5,30,14.600000000000001,0,0,0,3.1,0.0000,0.0000
1998,9,11,6,0,14.600000000000001,0,0,0,3.3000000000000003,0.0000,0.0000
1998,9,11,6,30,15.5,24,302,47,3.5,0.0000,0.0000
1998,9,11,7,0,16.400000000000002,43,503,129,3.7,0.0000,0.0000
1998,9,11,7,30,18,57,630,224,3.6,10.9846,8.4464
1998,9,11,8,0,19.6,67,719,323,3.6,16.6531,12.9085
1998,9,11,8,30,21.900000000000002,75,779,419,3.9000000000000004,22.5381,17.5593
1998,9,11,9,0,24.1,81,824,510,4.3,28.3349,22.1466
1998,9,11,9,30,26.1,86,857,593,4.5,33.7512,26.4357
1998,9,11,10,0,28,90,882,667,4.800000000000001,38.6482,30.3144
1998,9,11,10,30,29.5,93,900,728,4.7,42.7395,33.5563
1998,9,11,11,0,30.900000000000002,95,914,777,4.6000000000000005,46.0394,36.1708
1998,9,11,11,30,31.8,97,926,814,4.5,48.5271,38.1412
1998,9,11,12,0,32.800000000000004,97,932,834,4.5,49.8838,39.2163
1998,9,11,12,30,33.2,97,933,839,4.5,50.2197,39.4823
1998,9,11,13,0,33.6,95,932,828,4.5,49.4731,38.8907
1998,9,11,13,30,33.7,94,926,802,4.5,47.7081,37.4919
1998,9,11,14,0,33.7,91,921,765,4.5,45.1751,35.4833
1998,9,11,14,30,33.5,88,906,710,4.4,41.4784,32.5544
1998,9,11,15,0,33.300000000000004,85,888,643,4.3,37.0070,29.0119
1998,9,11,15,30,32.800000000000004,80,861,565,4.1000000000000005,31.8649,24.9389
1998,9,11,16,0,32.300000000000004,75,825,478,3.8000000000000003,26.2317,20.4788
1998,9,11,16,30,31,69,777,384,3.2,20.3213,15.8034
1998,9,11,17,0,29.6,60,709,286,2.5,14.4466,11.1655
1998,9,11,17,30,27.3,50,610,187,2.2,9.0013,6.8921
1998,9,11,18,0,24.900000000000002,35,456,94,2,0.0000,0.0000
1998,9,11,18,30,23.900000000000002,14,206,21,2.1,0.0000,0.0000
1998,9,11,19,0,22.900000000000002,0,0,0,2.3000000000000003,0.0000,0.0000
1998,9,11,19,30,22.5,0,0,0,2.4000000000000004,0.0000,0.0000
1998,9,11,20,0,22.1,0,0,0,2.6,0.0000,0.0000
1998,9,11,20,30,21.6,0,0,0,2.6,0.0000,0.0000
1998,9,11,21,0,21.200000000000003,0,0,0,2.7,0.0000,0.0000
1998,9,11,21,30,20.700000000000003,0,0,0,2.7,0.0000,0.0000
1998,9,11,22,0,20.3,0,0,0,2.8000000000000003,0.0000,0.0000
1998,9,11,22,30,19.900000000000002,0,0,0,2.8000000000000003,0.0000,0.0000
1998,9,11,23,0,19.5,0,0,0,2.8000000000000003,0.0000,0.0000
1998,9,11,23,30,19.1,0,0,0,2.8000000000000003,0.0000,0.0000
1998,9,12,0,0,18.7,0,0,0,2.8000000000000003,0.0000,0.0000
1998,9,12,0,30,18.400000000000002,0,0,0,2.8000000000000003,0.0000,0.0000
1998,9,12,1,0,18,0,0,0,2.8000000000000003,0.0000,0.0000
1998,9,12,1,30,17.7,0,0,0,2.7,0.0000,0.0000
1998,9,12,2,0,17.400000000000002,0,0,0,2.7,0.0000,0.0000
1998,9,12,2,30,17.1,0,0,0,2.6,0.0000,0.0000
1998,9,12,3,0,16.8,0,0,0,2.6,0.0000,0.0000
1998,9,12,3,30,16.5,0,0,0,2.6,0.0000,0.0000
1998,9,12,4,0,16.3,0,0,0,2.5,0.0000,0.0000
1998,9,12,4,30,16.1,0,0,0,2.5,0.0000,0.0000
1998,9,12,5,0,15.9,0,0,0,2.4000000000000004,0.0000,0.0000
1998,9,12,5,30,16,0,0,0,2.5,0.0000,0.0000
1998,9,12,6,0,16.2,0,0,0,2.6,0.0000,0.0000
1998,9,12,6,30,17.400000000000002,23,311,45,3,0.0000,0.0000
1998,9,12,7,0,18.7,41,520,128,3.4000000000000004,0.0000,0.0000
1998,9,12,7,30,20.3,54,647,223,3.3000000000000003,10.9171,8.3918
1998,9,12,8,0,22,63,736,322,3.1,16.5739,12.8443
1998,9,12,8,30,24.3,70,794,418,3.3000000000000003,22.4527,17.4900
1998,9,12,9,0,26.700000000000003,75,839,509,3.6,28.2450,22.0738
1998,9,12,9,30,28.6,80,871,592,3.9000000000000004,33.6588,26.3610
1998,9,12,10,0,30.5,82,897,666,4.2,38.5546,30.2389
1998,9,12,10,30,31.400000000000002,85,912,725,4.2,42.5269,33.3872
1998,9,12,11,0,32.2,86,927,774,4.2,45.8255,36.0007
1998,9,12,11,30,32.7,87,935,808,4.2,48.1310,37.8278
1998,9,12,12,0,33.2,87,941,828,4.2,49.4859,38.9014
1998,9,12,12,30,33.4,87,942,833,4.3,49.8208,39.1666
1998,9,12,13,0,33.6,85,942,822,4.3,49.0729,38.5738
1998,9,12,13,30,33.6,84,933,794,4.2,47.1895,37.0821
1998,9,12,14,0,33.6,81,926,754,4.2,44.4798,34.9346
1998,9,12,14,30,33.4,79,912,700,4.1000000000000005,40.8460,32.0552
1998,9,12,15,0,33.300000000000004,75,893,632,4,36.3246,28.4739
1998,9,12,15,30,32.9,71,867,555,3.8000000000000003,31.2481,24.4526
1998,9,12,16,0,32.5,66,831,467,3.6,25.5763,19.9631
1998,9,12,16,30,31.5,60,784,375,3,19.7941,15.3887
1998,9,12,17,0,30.5,53,719,278,2.4000000000000004,13.9996,10.8149
1998,9,12,17,30,28.3,44,620,180,2,8.6471,6.6171
1998,9,12,18,0,26.200000000000003,31,467,89,1.6,0.0000,0.0000
1998,9,12,18,30,25.3,12,208,19,1.7000000000000002,0.0000,0.0000
1998,9,12,19,0,24.5,0,0,0,1.9000000000000001,0.0000,0.0000
1998,9,12,19,30,24.200000000000003,0,0,0,2.1,0.0000,0.0000
1998,9,12,20,0,24,0,0,0,2.3000000000000003,0.0000,0.0000
1998,9,12,20,30,23.700000000000003,0,0,0,2.4000000000000004,0.0000,0.0000
1998,9,12,21,0,23.5,0,0,0,2.6,0.0000,0.0000
1998,9,12,21,30,23.200000000000003,0,0,0,2.7,0.0000,0.0000
1998,9,12,22,0,23,0,0,0,2.9000000000000004,0.0000,0.0000
1998,9,12,22,30,22.700000000000003,0,0,0,2.9000000000000004,0.0000,0.0000
1998,9,12,23,0,22.400000000000002,0,0,0,3,0.0000,0.0000
1998,9,12,23,30,22.200000000000003,0,0,0,3.1,0.0000,0.0000
1998,9,13,0,0,22,0,0,0,3.1,0.0000,0.0000
1998,9,13,0,30,21.700000000000003,0,0,0,3.1,0.0000,0.0000
1998,9,13,1,0,21.5,0,0,0,3.1,0.0000,0.0000
1998,9,13,1,30,21.3,0,0,0,3.1,0.0000,0.0000
1998,9,13,2,0,21,0,0,0,3,0.0000,0.0000
1998,9,13,2,30,20.8,0,0,0,3,0.0000,0.0000
1998,9,13,3,0,20.6,0,0,0,2.9000000000000004,0.0000,0.0000
1998,9,13,3,30,20.3,0,0,0,2.8000000000000003,0.0000,0.0000
1998,9,13,4,0,20,0,0,0,2.7,0.0000,0.0000
1998,9,13,4,30,19.700000000000003,0,0,0,2.6,0.0000,0.0000
1998,9,13,5,0,19.5,0,0,0,2.6,0.0000,0.0000
1998,9,13,5,30,19.5,0,0,0,2.8000000000000003,0.0000,0.0000
1998,9,13,6,0,19.5,0,0,0,2.9000000000000004,0.0000,0.0000
1998,9,13,6,30,20.5,21,303,42,3.2,0.0000,0.0000
1998,9,13,7,0,21.400000000000002,38,514,122,3.4000000000000004,0.0000,0.0000
1998,9,13,7,30,23,50,641,215,3.4000000000000004,10.5080,8.0746
1998,9,13,8,0,24.700000000000003,58,728,312,3.4000000000000004,16.0309,12.4205
1998,9,13,8,30,26.6,65,786,406,3.9000000000000004,21.7755,16.9598
1998,9,13,9,0,28.5,70,829,496,4.4,27.4898,21.4812
1998,9,13,9,30,29.400000000000002,74,862,578,4.4,32.8279,25.7080
1998,9,13,10,0,30.3,78,885,650,4.4,37.5932,29.4827
1998,9,13,10,30,30.8,80,902,711,4.5,41.6694,32.7119
1998,9,13,11,0,31.400000000000002,83,913,758,4.5,44.8411,35.2253
1998,9,13,11,30,31.700000000000003,85,919,790,4.7,47.0218,36.9541
1998,9,13,12,0,32.1,87,921,809,4.800000000000001,48.3116,37.9762
1998,9,13,12,30,32.2,88,922,813,4.800000000000001,48.5842,38.1923
1998,9,13,13,0,32.300000000000004,89,916,802,4.9,47.8375,37.6006
1998,9,13,13,30,32.300000000000004,309,519,701,4.800000000000001,41.6220,32.7049
1998,9,13,14,0,32.2,186,591,613,4.7,36.1241,28.3700
1998,9,13,14,30,31.8,187,635,617,4.6000000000000005,35.9596,28.2180
1998,9,13,15,0,31.5,83,857,614,4.5,35.2401,27.6206
1998,9,13,15,30,30.900000000000002,150,642,505,4.5,28.3855,22.2093
1998,9,13,16,0,30.3,261,146,331,4.6000000000000005,18.0896,14.1166
1998,9,13,16,30,29.3,68,737,360,4.5,18.9528,14.7301
1998,9,13,17,0,28.3,60,666,264,4.5,13.2551,10.2349
1998,9,13,17,30,26.900000000000002,49,562,169,4.1000000000000005,8.1033,6.1974
1998,9,13,18,0,25.400000000000002,33,407,81,3.7,0.0000,0.0000
1998,9,13,18,30,24.200000000000003,11,151,15,3.4000000000000004,0.0000,0.0000
1998,9,13,19,0,22.900000000000002,0,0,0,3,0.0000,0.0000
1998,9,13,19,30,22.200000000000003,0,0,0,2.8000000000000003,0.0000,0.0000
1998,9,13,20,0,21.400000000000002,0,0,0,2.6,0.0000,0.0000
1998,9,13,20,30,20.8,0,0,0,2.3000000000000003,0.0000,0.0000
1998,9,13,21,0,20.200000000000003,0,0,0,2,0.0000,0.0000
1998,9,13,21,30,19.700000000000003,0,0,0,1.7000000000000002,0.0000,0.0000
1998,9,13,22,0,19.200000000000003,0,0,0,1.4000000000000001,0.0000,0.0000
1998,9,13,22,30,18.7,0,0,0,1.1,0.0000,0.0000
1998,9,13,23,0,18.3,0,0,0,0.8,0.0000,0.0000
1998,9,13,23,30,18,0,0,0,0.7000000000000001,0.0000,0.0000
1998,9,14,0,0,17.7,0,0,0,0.7000000000000001,0.0000,0.0000
1998,9,14,0,30,17.5,0,0,0,0.7000000000000001,0.0000,0.0000
1998,9,14,1,0,17.3,0,0,0,0.7000000000000001,0.0000,0.0000
1998,9,14,1,30,17.1,0,0,0,0.7000000000000001,0.0000,0.0000
1998,9,14,2,0,16.900000000000002,0,0,0,0.7000000000000001,0.0000,0.0000
1998,9,14,2,30,16.8,0,0,0,0.7000000000000001,0.0000,0.0000
1998,9,14,3,0,16.7,0,0,0,0.6000000000000001,0.0000,0.0000
1998,9,14,3,30,16.7,0,0,0,0.6000000000000001,0.0000,0.0000
1998,9,14,4,0,16.6,0,0,0,0.6000000000000001,0.0000,0.0000
1998,9,14,4,30,16.5,0,0,0,0.7000000000000001,0.0000,0.0000
1998,9,14,5,0,16.400000000000002,0,0,0,0.8,0.0000,0.0000
1998,9,14,5,30,16.5,0,0,0,0.9,0.0000,0.0000
1998,9,14,6,0,16.6,0,0,0,1.1,0.0000,0.0000
1998,9,14,6,30,17.7,22,239,38,1.6,0.0000,0.0000
1998,9,14,7,0,18.8,43,454,116,2.1,0.0000,0.0000
1998,9,14,7,30,20.400000000000002,57,589,207,2.5,10.1004,7.7587
1998,9,14,8,0,21.900000000000002,67,684,303,2.8000000000000003,15.5408,12.0378
1998,9,14,8,30,23.200000000000003,194,16,201,3,10.7642,8.3823
1998,9,14,9,0,24.5,266,47,290,3.2,16.0518,12.5417
1998,9,14,9,30,25.5,251,10,257,3.3000000000000003,14.5808,11.4174
1998,9,14,10,0,26.5,358,162,462,3.4000000000000004,26.6948,20.9340
1998,9,14,10,30,27.3,95,866,697,3.5,40.8129,32.0375
1998,9,14,11,0,28.1,100,873,742,3.6,43.8589,34.4518
1998,9,14,11,30,28.6,425,174,557,3.6,33.1261,26.0321
1998,9,14,12,0,29.1,318,2,320,3.7,19.0941,15.0084
1998,9,14,12,30,29.3,342,165,471,3.8000000000000003,28.1233,22.1067
1998,9,14,13,0,29.5,362,180,500,3.9000000000000004,29.7970,23.4192
1998,9,14,13,30,29.200000000000003,315,30,337,4,19.9902,15.7065
1998,9,14,14,0,29,335,189,471,4.2,27.7258,21.7727
1998,9,14,14,30,28.5,312,125,396,4.3,23.0513,18.0870
1998,9,14,15,0,27.900000000000002,325,67,366,4.5,20.9760,16.4388
1998,9,14,15,30,27.3,268,38,289,4.5,16.2161,12.6858
1998,9,14,16,0,26.700000000000003,227,204,323,4.5,17.6144,13.7428
1998,9,14,16,30,26.1,172,31,184,4.2,9.6614,7.5064
1998,9,14,17,0,25.5,137,39,149,3.9000000000000004,7.4588,5.7566
1998,9,14,17,30,24.5,104,60,116,3.1,5.5527,4.2442
1998,9,14,18,0,23.5,33,1,33,2.3000000000000003,0.0000,0.0000
1998,9,14,18,30,22.8,4,0,4,2,0.0000,0.0000
1998,9,14,19,0,22,0,0,0,1.6,0.0000,0.0000
1998,9,14,19,30,21.6,0,0,0,1.7000000000000002,0.0000,0.0000
1998,9,14,20,0,21.3,0,0,0,1.8,0.0000,0.0000
1998,9,14,20,30,21,0,0,0,1.9000000000000001,0.0000,0.0000
1998,9,14,21,0,20.700000000000003,0,0,0,2,0.0000,0.0000
1998,9,14,21,30,20.5,0,0,0,2.2,0.0000,0.0000
1998,9,14,22,0,20.3,0,0,0,2.3000000000000003,0.0000,0.0000
1998,9,14,22,30,20,0,0,0,2.4000000000000004,0.0000,0.0000
1998,9,14,23,0,19.8,0,0,0,2.5,0.0000,0.0000
1998,9,14,23,30,19.6,0,0,0,2.6,0.0000,0.0000
1998,9,15,0,0,19.3,0,0,0,2.6,0.0000,0.0000
1998,9,15,0,30,19,0,0,0,2.6,0.0000,0.0000
1998,9,15,1,0,18.8,0,0,0,2.6,0.0000,0.0000
1998,9,15,1,30,18.5,0,0,0,2.6,0.0000,0.0000
1998,9,15,2,0,18.3,0,0,0,2.6,0.0000,0.0000
1998,9,15,2,30,18,0,0,0,2.5,0.0000,0.0000
1998,9,15,3,0,17.7,0,0,0,2.4000000000000004,0.0000,0.0000
1998,9,15,3,30,17.400000000000002,0,0,0,2.3000000000000003,0.0000,0.0000
1998,9,15,4,0,17,0,0,0,2.2,0.0000,0.0000
1998,9,15,4,30,16.8,0,0,0,2.3000000000000003,0.0000,0.0000
1998,9,15,5,0,16.5,0,0,0,2.3000000000000003,0.0000,0.0000
1998,9,15,5,30,16.400000000000002,0,0,0,2.4000000000000004,0.0000,0.0000
1998,9,15,6,0,16.3,0,0,0,2.6,0.0000,0.0000
1998,9,15,6,30,17.2,24,2,24,2.9000000000000004,0.0000,0.0000
1998,9,15,7,0,18.1,43,453,114,3.2,0.0000,0.0000
1998,9,15,7,30,19.5,58,592,207,3.3000000000000003,10.0833,7.7427
1998,9,15,8,0,20.900000000000002,69,689,304,3.5,15.5643,12.0530
1998,9,15,8,30,22.5,77,752,399,3.6,21.3353,16.6114
1998,9,15,9,0,24.1,84,801,491,3.8000000000000003,27.1433,21.2053
1998,9,15,9,30,25,90,836,573,3.7,32.4736,25.4258
1998,9,15,10,0,26,93,863,646,3.7,37.2894,29.2400
1998,9,15,10,30,26.700000000000003,97,885,708,3.6,41.4200,32.5119
1998,9,15,11,0,27.400000000000002,98,900,757,3.5,44.7075,35.1163
1998,9,15,11,30,27.900000000000002,100,909,791,3.5,47.0045,36.9364
1998,9,15,12,0,28.5,100,919,812,3.5,48.4111,38.0502
1998,9,15,12,30,28.8,100,920,816,3.4000000000000004,48.6813,38.2642
1998,9,15,13,0,29.200000000000003,98,919,805,3.4000000000000004,47.9302,37.6688
1998,9,15,13,30,29.3,97,912,778,3.3000000000000003,46.1045,36.2223
1998,9,15,14,0,29.400000000000002,403,116,486,3.3000000000000003,28.5778,22.4400
1998,9,15,14,30,29.3,331,364,574,3.2,33.3713,26.1820
1998,9,15,15,0,29.200000000000003,324,272,490,3.1,28.0415,21.9734
1998,9,15,15,30,28.8,82,842,539,3,30.1901,23.6140
1998,9,15,16,0,28.5,264,139,329,2.9000000000000004,17.9024,13.9644
1998,9,15,16,30,27.5,69,751,358,2.3000000000000003,18.7474,14.5610
1998,9,15,17,0,26.6,60,676,260,1.8,12.9754,10.0091
1998,9,15,17,30,24.5,48,566,163,1.4000000000000001,7.7909,5.9516
1998,9,15,18,0,22.5,31,394,74,1,0.0000,0.0000
1998,9,15,18,30,21.6,0,0,0,1.1,0.0000,0.0000
1998,9,15,19,0,20.8,0,0,0,1.1,0.0000,0.0000
1998,9,15,19,30,20.5,0,0,0,1.1,0.0000,0.0000
1998,9,15,20,0,20.1,0,0,0,1.1,0.0000,0.0000
1998,9,15,20,30,19.8,0,0,0,1.1,0.0000,0.0000
1998,9,15,21,0,19.5,0,0,0,1.1,0.0000,0.0000
1998,9,15,21,30,19.200000000000003,0,0,0,1.1,0.0000,0.0000
1998,9,15,22,0,18.900000000000002,0,0,0,1.1,0.0000,0.0000
1998,9,15,22,30,18.6,0,0,0,1.1,0.0000,0.0000
1998,9,15,23,0,18.2,0,0,0,1.1,0.0000,0.0000
1998,9,15,23,30,17.8,0,0,0,1,0.0000,0.0000
1998,9,16,0,0,17.400000000000002,0,0,0,1,0.0000,0.0000
1998,9,16,0,30,16.900000000000002,0,0,0,1,0.0000,0.0000
1998,9,16,1,0,16.5,0,0,0,1,0.0000,0.0000
1998,9,16,1,30,16,0,0,0,1,0.0000,0.0000
1998,9,16,2,0,15.600000000000001,0,0,0,1,0.0000,0.0000
1998,9,16,2,30,15.200000000000001,0,0,0,1,0.0000,0.0000
1998,9,16,3,0,14.9,0,0,0,0.9,0.0000,0.0000
1998,9,16,3,30,14.600000000000001,0,0,0,0.9,0.0000,0.0000
1998,9,16,4,0,14.4,0,0,0,0.9,0.0000,0.0000
1998,9,16,4,30,14.200000000000001,0,0,0,0.9,0.0000,0.0000
1998,9,16,5,0,14.100000000000001,0,0,0,0.9,0.0000,0.0000
1998,9,16,5,30,14.3,0,0,0,0.8,0.0000,0.0000
1998,9,16,6,0,14.5,0,0,0,0.8,0.0000,0.0000
1998,9,16,6,30,15.9,20,243,35,1,0.0000,0.0000
1998,9,16,7,0,17.3,41,462,112,1.3,0.0000,0.0000
1998,9,16,7,30,19,56,601,205,1.3,9.9700,7.6531
1998,9,16,8,0,20.6,66,697,302,1.3,15.4342,11.9492
1998,9,16,8,30,22.700000000000003,74,758,396,1.4000000000000001,21.1408,16.4570
1998,9,16,9,0,24.8,80,807,486,1.4000000000000001,26.8313,20.9589
1998,9,16,9,30,25.8,85,841,569,1.4000000000000001,32.2099,25.2170
1998,9,16,10,0,26.8,90,865,641,1.5,36.9635,28.9822
1998,9,16,10,30,27.400000000000002,93,884,701,1.5,40.9733,32.1592
1998,9,16,11,0,28,95,899,749,1.6,44.1968,34.7131
1998,9,16,11,30,28.5,97,908,783,1.6,46.4896,36.5297
1998,9,16,12,0,28.900000000000002,97,914,802,1.6,47.7747,37.5479
1998,9,16,12,30,29.200000000000003,97,915,805,1.7000000000000002,47.9829,37.7131
1998,9,16,13,0,29.5,96,913,794,1.7000000000000002,47.2311,37.1170
1998,9,16,13,30,29.6,361,386,647,1.7000000000000002,38.3033,30.0911
1998,9,16,14,0,29.6,92,897,726,1.7000000000000002,42.6421,33.4809
1998,9,16,14,30,29.5,89,881,672,1.7000000000000002,39.0182,30.6094
1998,9,16,15,0,29.400000000000002,85,860,605,1.7000000000000002,34.5697,27.0855
1998,9,16,15,30,29.1,80,831,527,1.8,29.4648,23.0429
1998,9,16,16,0,28.700000000000003,74,793,441,1.9000000000000001,23.9436,18.6725
1998,9,16,16,30,27.900000000000002,67,739,348,1.7000000000000002,18.1728,14.1098
1998,9,16,17,0,27,58,665,251,1.6,12.4878,9.6279
1998,9,16,17,30,25,46,556,156,1.3,7.4475,5.6863
1998,9,16,18,0,22.900000000000002,30,380,69,1.1,0.0000,0.0000
1998,9,16,18,30,22.1,0,0,0,1.3,0.0000,0.0000
1998,9,16,19,0,21.200000000000003,0,0,0,1.5,0.0000,0.0000
1998,9,16,19,30,20.900000000000002,0,0,0,1.6,0.0000,0.0000
1998,9,16,20,0,20.6,0,0,0,1.8,0.0000,0.0000
1998,9,16,20,30,20.3,0,0,0,1.8,0.0000,0.0000
1998,9,16,21,0,20,0,0,0,1.9000000000000001,0.0000,0.0000
1998,9,16,21,30,19.700000000000003,0,0,0,1.9000000000000001,0.0000,0.0000
1998,9,16,22,0,19.400000000000002,0,0,0,1.8,0.0000,0.0000
1998,9,16,22,30,19.1,0,0,0,1.8,0.0000,0.0000
1998,9,16,23,0,18.8,0,0,0,1.7000000000000002,0.0000,0.0000
1998,9,16,23,30,18.5,0,0,0,1.6,0.0000,0.0000
1998,9,17,0,0,18.2,0,0,0,1.5,0.0000,0.0000
1998,9,17,0,30,17.900000000000002,0,0,0,1.4000000000000001,0.0000,0.0000
1998,9,17,1,0,17.6,0,0,0,1.3,0.0000,0.0000
1998,9,17,1,30,17.3,0,0,0,1.2000000000000002,0.0000,0.0000
1998,9,17,2,0,17,0,0,0,1.2000000000000002,0.0000,0.0000
1998,9,17,2,30,16.8,0,0,0,1.2000000000000002,0.0000,0.0000
1998,9,17,3,0,16.5,0,0,0,1.2000000000000002,0.0000,0.0000
1998,9,17,3,30,16.3,0,0,0,1.1,0.0000,0.0000
1998,9,17,4,0,16.1,0,0,0,1.1,0.0000,0.0000
1998,9,17,4,30,16.1,0,0,0,1.1,0.0000,0.0000
1998,9,17,5,0,16,0,0,0,1.1,0.0000,0.0000
1998,9,17,5,30,16.2,0,0,0,1.2000000000000002,0.0000,0.0000
1998,9,17,6,0,16.400000000000002,0,0,0,1.3,0.0000,0.0000
1998,9,17,6,30,17.7,21,215,32,1.9000000000000001,0.0000,0.0000
1998,9,17,7,0,19.1,43,441,109,2.4000000000000004,0.0000,0.0000
1998,9,17,7,30,20.700000000000003,59,584,201,2.5,9.7594,7.4887
1998,9,17,8,0,22.3,68,688,299,2.5,15.2519,11.8050
1998,9,17,8,30,23.8,77,753,394,2.5,21.0014,16.3456
1998,9,17,9,0,25.3,83,804,485,2.4000000000000004,26.7402,20.8851
1998,9,17,9,30,26.200000000000003,88,839,568,2.3000000000000003,32.1160,25.1410
1998,9,17,10,0,27.200000000000003,92,866,640,2.2,36.8682,28.9051
1998,9,17,10,30,27.900000000000002,96,885,701,2.1,40.9345,32.1264
1998,9,17,11,0,28.5,98,900,749,2,44.1569,34.6795
1998,9,17,11,30,29,99,909,783,2,46.4496,36.4961
1998,9,17,12,0,29.6,99,916,801,1.9000000000000001,47.6743,37.4668
1998,9,17,12,30,29.900000000000002,99,917,805,1.9000000000000001,47.9402,37.6772
1998,9,17,13,0,30.200000000000003,97,916,793,1.8,47.1278,37.0335
1998,9,17,13,30,30.400000000000002,341,445,669,1.8,39.5647,31.0798
1998,9,17,14,0,30.5,93,900,725,1.7000000000000002,42.5357,33.3947
1998,9,17,14,30,30.400000000000002,347,285,534,1.7000000000000002,30.9657,24.2900
1998,9,17,15,0,30.3,85,864,603,1.7000000000000002,34.4032,26.9517
1998,9,17,15,30,30,81,835,525,1.7000000000000002,29.2991,22.9096
1998,9,17,16,0,29.700000000000003,74,800,440,1.7000000000000002,23.8354,18.5838
1998,9,17,16,30,28.8,67,745,346,1.4000000000000001,18.0187,13.9853
1998,9,17,17,0,27.900000000000002,58,670,249,1.2000000000000002,12.3504,9.5169
1998,9,17,17,30,25.8,46,555,152,1.1,7.2501,5.5328
1998,9,17,18,0,23.8,29,375,65,1,0.0000,0.0000
1998,9,17,18,30,22.8,0,0,0,1.2000000000000002,0.0000,0.0000
1998,9,17,19,0,21.8,0,0,0,1.3,0.0000,0.0000
1998,9,17,19,30,21.400000000000002,0,0,0,1.4000000000000001,0.0000,0.0000
1998,9,17,20,0,21,0,0,0,1.5,0.0000,0.0000
1998,9,17,20,30,20.700000000000003,0,0,0,1.6,0.0000,0.0000
1998,9,17,21,0,20.3,0,0,0,1.7000000000000002,0.0000,0.0000
1998,9,17,21,30,20.1,0,0,0,1.8,0.0000,0.0000
1998,9,17,22,0,19.900000000000002,0,0,0,1.9000000000000001,0.0000,0.0000
1998,9,17,22,30,19.6,0,0,0,2,0.0000,0.0000
1998,9,17,23,0,19.400000000000002,0,0,0,2.1,0.0000,0.0000
1998,9,17,23,30,19.1,0,0,0,2.1,0.0000,0.0000
1998,9,18,0,0,18.900000000000002,0,0,0,2.2,0.0000,0.0000
1998,9,18,0,30,18.6,0,0,0,2.2,0.0000,0.0000
1998,9,18,1,0,18.2,0,0,0,2.2,0.0000,0.0000
1998,9,18,1,30,17.900000000000002,0,0,0,2.2,0.0000,0.0000
1998,9,18,2,0,17.6,0,0,0,2.2,0.0000,0.0000
1998,9,18,2,30,17.3,0,0,0,2.2,0.0000,0.0000
1998,9,18,3,0,17,0,0,0,2.1,0.0000,0.0000
1998,9,18,3,30,16.7,0,0,0,2.1,0.0000,0.0000
1998,9,18,4,0,16.400000000000002,0,0,0,2.1,0.0000,0.0000
1998,9,18,4,30,16.3,0,0,0,2.1,0.0000,0.0000
1998,9,18,5,0,16.1,0,0,0,2.1,0.0000,0.0000
1998,9,18,5,30,16.2,0,0,0,2.3000000000000003,0.0000,0.0000
1998,9,18,6,0,16.3,0,0,0,2.4000000000000004,0.0000,0.0000
1998,9,18,6,30,17.3,19,233,31,2.8000000000000003,0.0000,0.0000
1998,9,18,7,0,18.3,39,465,108,3.1,0.0000,0.0000
1998,9,18,7,30,20,54,607,200,3.1,9.6961,7.4375
1998,9,18,8,0,21.700000000000003,63,705,297,3.1,15.1224,11.7017
1998,9,18,8,30,23.700000000000003,71,769,392,3.4000000000000004,20.8605,16.2330
1998,9,18,9,0,25.700000000000003,75,819,482,3.8000000000000003,26.5388,20.7251
1998,9,18,9,30,27.3,80,853,564,4,31.8524,24.9321
1998,9,18,10,0,29,84,876,635,4.2,36.5424,28.6474
1998,9,18,10,30,29.900000000000002,87,895,695,4.2,40.5451,31.8186
1998,9,18,11,0,30.8,89,908,743,4.2,43.7643,34.3690
1998,9,18,11,30,31.3,90,917,776,4.1000000000000005,45.9930,36.1350
1998,9,18,12,0,31.8,91,922,794,4.1000000000000005,47.2154,37.1039
1998,9,18,12,30,32.1,91,923,798,4.1000000000000005,47.4802,37.3134
1998,9,18,13,0,32.4,90,921,786,4.1000000000000005,46.6666,36.6687
1998,9,18,13,30,32.5,415,185,551,4.1000000000000005,32.5527,25.5697
1998,9,18,14,0,32.6,87,904,717,4.1000000000000005,42.0172,32.9848
1998,9,18,14,30,32.4,356,231,507,4.2,29.3606,23.0285
1998,9,18,15,0,32.2,80,868,596,4.2,33.9514,26.5944
1998,9,18,15,30,31.8,75,839,518,4.2,28.8531,22.5568
1998,9,18,16,0,31.400000000000002,69,801,431,4.1000000000000005,23.2928,18.1563
1998,9,18,16,30,30.5,63,747,338,3.6,17.5516,13.6178
1998,9,18,17,0,29.5,54,673,242,3.2,11.9667,9.2162
1998,9,18,17,30,27.6,42,558,147,2.7,7.0077,5.3452
1998,9,18,18,0,25.700000000000003,26,374,61,2.3000000000000003,0.0000,0.0000
1998,9,18,18,30,25.1,0,0,0,2.6,0.0000,0.0000
1998,9,18,19,0,24.5,0,0,0,2.9000000000000004,0.0000,0.0000
1998,9,18,19,30,24.200000000000003,0,0,0,3.2,0.0000,0.0000
1998,9,18,20,0,24,0,0,0,3.5,0.0000,0.0000
1998,9,18,20,30,23.6,0,0,0,3.8000000000000003,0.0000,0.0000
1998,9,18,21,0,23.200000000000003,0,0,0,4,0.0000,0.0000
1998,9,18,21,30,22.8,0,0,0,4.2,0.0000,0.0000
1998,9,18,22,0,22.5,0,0,0,4.3,0.0000,0.0000
1998,9,18,22,30,22.1,0,0,0,4.4,0.0000,0.0000
1998,9,18,23,0,21.700000000000003,0,0,0,4.5,0.0000,0.0000
1998,9,18,23,30,21.400000000000002,0,0,0,4.7,0.0000,0.0000
1998,9,19,0,0,21.1,0,0,0,4.800000000000001,0.0000,0.0000
1998,9,19,0,30,20.700000000000003,0,0,0,4.9,0.0000,0.0000
1998,9,19,1,0,20.400000000000002,0,0,0,4.9,0.0000,0.0000
1998,9,19,1,30,19.900000000000002,0,0,0,5,0.0000,0.0000
1998,9,19,2,0,19.5,0,0,0,5.1000000000000005,0.0000,0.0000
1998,9,19,2,30,19.200000000000003,0,0,0,5.1000000000000005,0.0000,0.0000
1998,9,19,3,0,19,0,0,0,5.1000000000000005,0.0000,0.0000
1998,9,19,3,30,18.8,0,0,0,5.1000000000000005,0.0000,0.0000
1998,9,19,4,0,18.6,0,0,0,5,0.0000,0.0000
1998,9,19,4,30,18.5,0,0,0,5,0.0000,0.0000
1998,9,19,5,0,18.400000000000002,0,0,0,4.9,0.0000,0.0000
1998,9,19,5,30,18.5,0,0,0,4.9,0.0000,0.0000
1998,9,19,6,0,18.5,0,0,0,4.9,0.0000,0.0000
1998,9,19,6,30,19.3,18,235,29,4.9,0.0000,0.0000
1998,9,19,7,0,20.200000000000003,37,462,104,4.9,0.0000,0.0000
1998,9,19,7,30,21.8,51,604,195,5.2,9.4389,7.2375
1998,9,19,8,0,23.5,62,694,290,5.5,14.7378,11.4009
1998,9,19,8,30,25.200000000000003,70,756,383,5.9,20.3493,15.8324
1998,9,19,9,0,26.900000000000002,78,799,472,6.2,25.9526,20.2647
1998,9,19,9,30,28.200000000000003,83,831,551,6.300000000000001,31.0813,24.3260
1998,9,19,10,0,29.5,88,853,622,6.5,35.7569,28.0292
1998,9,19,10,30,30.400000000000002,91,870,680,6.4,39.6314,31.0992
1998,9,19,11,0,31.3,96,878,724,6.4,42.6056,33.4568
1998,9,19,11,30,31.8,98,886,757,6.2,44.8270,35.2168
1998,9,19,12,0,32.4,102,883,772,6,45.8655,36.0408
1998,9,19,12,30,32.7,102,882,773,5.800000000000001,45.9502,36.1088
1998,9,19,13,0,33.1,105,870,758,5.6000000000000005,44.9599,35.3252
1998,9,19,13,30,33.2,104,860,731,5.4,43.1405,33.8838
1998,9,19,14,0,33.2,106,837,687,5.1000000000000005,40.2113,31.5643
1998,9,19,14,30,33.1,103,818,632,4.800000000000001,36.5508,28.6651
1998,9,19,15,0,33,294,47,321,4.5,18.2565,14.2985
1998,9,19,15,30,32.5,286,153,366,4,20.3479,15.9049
1998,9,19,16,0,32.1,214,21,223,3.4000000000000004,12.0237,9.3699
1998,9,19,16,30,30.8,65,380,203,2.5,10.5116,8.1527
1998,9,19,17,0,29.6,48,357,146,1.6,7.1978,5.5403
1998,9,19,17,30,28,53,2,53,1.8,2.5261,1.9260
1998,9,19,18,0,26.5,27,0,27,2.1,0.0000,0.0000
1998,9,19,18,30,25.3,0,0,0,2.8000000000000003,0.0000,0.0000
1998,9,19,19,0,24.200000000000003,0,0,0,3.5,0.0000,0.0000
1998,9,19,19,30,22.900000000000002,0,0,0,3.9000000000000004,0.0000,0.0000
1998,9,19,20,0,21.700000000000003,0,0,0,4.2,0.0000,0.0000
1998,9,19,20,30,20.700000000000003,0,0,0,4,0.0000,0.0000
1998,9,19,21,0,19.6,0,0,0,3.7,0.0000,0.0000
1998,9,19,21,30,19.200000000000003,0,0,0,3.3000000000000003,0.0000,0.0000
1998,9,19,22,0,18.7,0,0,0,2.9000000000000004,0.0000,0.0000
1998,9,19,22,30,18.5,0,0,0,2.6,0.0000,0.0000
1998,9,19,23,0,18.3,0,0,0,2.3000000000000003,0.0000,0.0000
1998,9,19,23,30,18.2,0,0,0,2.1,0.0000,0.0000
1998,9,20,0,0,18.1,0,0,0,1.9000000000000001,0.0000,0.0000
1998,9,20,0,30,18,0,0,0,1.8,0.0000,0.0000
1998,9,20,1,0,18,0,0,0,1.7000000000000002,0.0000,0.0000
1998,9,20,1,30,17.900000000000002,0,0,0,1.6,0.0000,0.0000
1998,9,20,2,0,17.8,0,0,0,1.5,0.0000,0.0000
1998,9,20,2,30,17.7,0,0,0,1.3,0.0000,0.0000
1998,9,20,3,0,17.6,0,0,0,1.2000000000000002,0.0000,0.0000
1998,9,20,3,30,17.5,0,0,0,1.1,0.0000,0.0000
1998,9,20,4,0,17.400000000000002,0,0,0,1,0.0000,0.0000
1998,9,20,4,30,17.2,0,0,0,0.8,0.0000,0.0000
1998,9,20,5,0,16.900000000000002,0,0,0,0.7000000000000001,0.0000,0.0000
1998,9,20,5,30,16.7,0,0,0,0.8,0.0000,0.0000
1998,9,20,6,0,16.5,0,0,0,0.8,0.0000,0.0000
1998,9,20,6,30,17,11,0,11,1.4000000000000001,0.0000,0.0000
1998,9,20,7,0,17.5,48,0,48,1.9000000000000001,0.0000,0.0000
1998,9,20,7,30,18.3,20,0,20,2,0.9666,0.7409
1998,9,20,8,0,19.200000000000003,14,0,14,2.2,0.7102,0.5492
1998,9,20,8,30,20.700000000000003,194,16,201,2.4000000000000004,10.6615,8.2934
1998,9,20,9,0,22.200000000000003,275,147,347,2.6,19.0531,14.8753
1998,9,20,9,30,23.5,101,0,101,2.9000000000000004,5.6905,4.4532
1998,9,20,10,0,24.8,354,172,461,3.2,26.4724,20.7495
1998,9,20,10,30,25.5,166,0,166,3.5,9.6652,7.5838
1998,9,20,11,0,26.200000000000003,228,1,229,3.8000000000000003,13.4634,10.5716
1998,9,20,11,30,26.6,323,5,327,4.1000000000000005,19.3464,15.1978
1998,9,20,12,0,27,281,1,282,4.3,16.7389,13.1525
1998,9,20,12,30,27.3,420,110,504,4.4,29.9317,23.5195
1998,9,20,13,0,27.5,348,157,466,4.4,27.6132,21.6944
1998,9,20,13,30,27.400000000000002,300,3,302,4.4,17.8038,13.9825
1998,9,20,14,0,27.3,378,266,561,4.3,32.7965,25.7417
1998,9,20,14,30,26.900000000000002,332,56,368,4.3,21.2532,16.6661
1998,9,20,15,0,26.6,227,2,228,4.3,12.9465,10.1384
1998,9,20,15,30,26,263,34,280,4.2,15.5367,12.1420
1998,9,20,16,0,25.5,192,9,195,4.2,10.4891,8.1720
1998,9,20,16,30,24.5,186,22,194,3.8000000000000003,10.0161,7.7654
1998,9,20,17,0,23.5,11,0,11,3.3000000000000003,0.5407,0.4160
1998,9,20,17,30,22.3,41,0,41,3,1.9546,1.4897
1998,9,20,18,0,21,33,3,34,2.6,0.0000,0.0000
1998,9,20,18,30,20.3,0,0,0,2.7,0.0000,0.0000
1998,9,20,19,0,19.6,0,0,0,2.8000000000000003,0.0000,0.0000
1998,9,20,19,30,18.8,0,0,0,2.7,0.0000,0.0000
1998,9,20,20,0,18.1,0,0,0,2.6,0.0000,0.0000
1998,9,20,20,30,17.3,0,0,0,2.6,0.0000,0.0000
1998,9,20,21,0,16.5,0,0,0,2.6,0.0000,0.0000
1998,9,20,21,30,15.9,0,0,0,2.8000000000000003,0.0000,0.0000
1998,9,20,22,0,15.3,0,0,0,2.9000000000000004,0.0000,0.0000
1998,9,20,22,30,14.9,0,0,0,2.9000000000000004,0.0000,0.0000
1998,9,20,23,0,14.4,0,0,0,2.9000000000000004,0.0000,0.0000
1998,9,20,23,30,13.9,0,0,0,3,0.0000,0.0000
1998,9,21,0,0,13.5,0,0,0,3.2,0.0000,0.0000
1998,9,21,0,30,13.100000000000001,0,0,0,3.5,0.0000,0.0000
1998,9,21,1,0,12.700000000000001,0,0,0,3.7,0.0000,0.0000
1998,9,21,1,30,12.200000000000001,0,0,0,3.7,0.0000,0.0000
1998,9,21,2,0,11.700000000000001,0,0,0,3.8000000000000003,0.0000,0.0000
1998,9,21,2,30,11.3,0,0,0,3.6,0.0000,0.0000
1998,9,21,3,0,10.9,0,0,0,3.5,0.0000,0.0000
1998,9,21,3,30,10.700000000000001,0,0,0,3.5,0.0000,0.0000
1998,9,21,4,0,10.5,0,0,0,3.6,0.0000,0.0000
1998,9,21,4,30,10.4,0,0,0,3.6,0.0000,0.0000
1998,9,21,5,0,10.200000000000001,0,0,0,3.6,0.0000,0.0000
1998,9,21,5,30,10.100000000000001,0,0,0,3.6,0.0000,0.0000
1998,9,21,6,0,10,0,0,0,3.5,0.0000,0.0000
1998,9,21,6,30,10.100000000000001,3,0,3,3.6,0.0000,0.0000
1998,9,21,7,0,10.200000000000001,5,0,5,3.7,0.0000,0.0000
1998,9,21,7,30,10.700000000000001,6,0,6,4,0.2896,0.2219
1998,9,21,8,0,11.100000000000001,11,0,11,4.4,0.5569,0.4306
1998,9,21,8,30,11.8,77,0,77,4.5,4.0774,3.1711
1998,9,21,9,0,12.4,56,0,56,4.6000000000000005,3.0704,2.3968
1998,9,21,9,30,12.9,188,1,189,4.7,10.6355,8.3222
1998,9,21,10,0,13.5,28,0,28,4.7,1.6061,1.2588
1998,9,21,10,30,13.8,104,0,104,4.7,6.0492,4.7462
1998,9,21,11,0,14.200000000000001,187,0,187,4.7,10.9836,8.6239
1998,9,21,11,30,14.600000000000001,385,81,444,4.7,26.2437,20.6148
1998,9,21,12,0,15.100000000000001,135,831,758,4.7,44.9509,35.3176
1998,9,21,12,30,15.5,135,834,763,4.7,45.2699,35.5695
1998,9,21,13,0,15.9,421,224,587,4.6000000000000005,34.7477,27.2976
1998,9,21,13,30,16.2,378,79,435,4.5,25.6160,20.1164
1998,9,21,14,0,16.400000000000002,286,3,288,4.4,16.8165,13.1980
1998,9,21,14,30,16.3,210,1,211,4.3,12.1688,9.5413
1998,9,21,15,0,16.3,225,2,226,4.1000000000000005,12.8116,10.0313
1998,9,21,15,30,16,74,0,74,4,4.0978,3.2019
1998,9,21,16,0,15.8,215,22,225,3.9000000000000004,12.0729,9.4034
1998,9,21,16,30,15.3,181,22,189,3.6,9.7299,7.5405
1998,9,21,17,0,14.9,94,2,95,3.2,4.6561,3.5799
1998,9,21,17,30,14.200000000000001,5,0,5,2.8000000000000003,0.0000,0.0000
1998,9,21,18,0,13.600000000000001,19,0,19,2.4000000000000004,0.0000,0.0000
1998,9,21,18,30,13.100000000000001,0,0,0,2.4000000000000004,0.0000,0.0000
1998,9,21,19,0,12.700000000000001,0,0,0,2.4000000000000004,0.0000,0.0000
1998,9,21,19,30,12.200000000000001,0,0,0,2.7,0.0000,0.0000
1998,9,21,20,0,11.700000000000001,0,0,0,2.9000000000000004,0.0000,0.0000
1998,9,21,20,30,11.100000000000001,0,0,0,3.2,0.0000,0.0000
1998,9,21,21,0,10.600000000000001,0,0,0,3.4000000000000004,0.0000,0.0000
1998,9,21,21,30,10.200000000000001,0,0,0,3.4000000000000004,0.0000,0.0000
1998,9,21,22,0,9.700000000000001,0,0,0,3.5,0.0000,0.0000
1998,9,21,22,30,9.5,0,0,0,3.3000000000000003,0.0000,0.0000
1998,9,21,23,0,9.3,0,0,0,3.2,0.0000,0.0000
1998,9,21,23,30,9.1,0,0,0,2.9000000000000004,0.0000,0.0000
1998,9,22,0,0,9,0,0,0,2.7,0.0000,0.0000
1998,9,22,0,30,8.700000000000001,0,0,0,2.3000000000000003,0.0000,0.0000
1998,9,22,1,0,8.4,0,0,0,1.9000000000000001,0.0000,0.0000
1998,9,22,1,30,8,0,0,0,1.7000000000000002,0.0000,0.0000
1998,9,22,2,0,7.7,0,0,0,1.4000000000000001,0.0000,0.0000
1998,9,22,2,30,7.4,0,0,0,1.3,0.0000,0.0000
1998,9,22,3,0,7.2,0,0,0,1.2000000000000002,0.0000,0.0000
1998,9,22,3,30,7.1000000000000005,0,0,0,1.3,0.0000,0.0000
1998,9,22,4,0,7,0,0,0,1.3,0.0000,0.0000
1998,9,22,4,30,6.800000000000001,0,0,0,1.4000000000000001,0.0000,0.0000
1998,9,22,5,0,6.5,0,0,0,1.4000000000000001,0.0000,0.0000
1998,9,22,5,30,6.5,0,0,0,1.5,0.0000,0.0000
1998,9,22,6,0,6.4,0,0,0,1.6,0.0000,0.0000
1998,9,22,6,30,7.2,5,0,5,2.1,0.0000,0.0000
1998,9,22,7,0,8,40,403,94,2.6,0.0000,0.0000
1998,9,22,7,30,9.4,65,0,65,2.8000000000000003,3.1327,2.3994
1998,9,22,8,0,10.9,104,1,105,2.9000000000000004,5.3058,4.1010
1998,9,22,8,30,12.3,173,11,177,3,9.3567,7.2755
1998,9,22,9,0,13.700000000000001,243,302,389,3.1,21.2965,16.6220
1998,9,22,9,30,14.600000000000001,297,252,436,3,24.5035,19.1717
1998,9,22,10,0,15.600000000000001,99,848,619,2.8000000000000003,35.4672,27.7949
1998,9,22,10,30,16.5,103,868,680,2.8000000000000003,39.5124,30.9989
1998,9,22,11,0,17.3,104,884,727,2.7,42.6594,33.4921
1998,9,22,11,30,18,106,894,760,2.7,44.8798,35.2514
1998,9,22,12,0,18.7,106,901,778,2.6,46.0929,36.2125
1998,9,22,12,30,19.200000000000003,106,905,783,2.6,46.4102,36.4629
1998,9,22,13,0,19.700000000000003,103,905,770,2.5,45.5331,35.7680
1998,9,22,13,30,20,102,897,742,2.5,43.6462,34.2729
1998,9,22,14,0,20.3,98,887,700,2.4000000000000004,40.8223,32.0352
1998,9,22,14,30,20.3,95,869,644,2.3000000000000003,37.0873,29.0762
1998,9,22,15,0,20.3,90,848,576,2.3000000000000003,32.5971,25.5195
1998,9,22,15,30,20,84,815,497,2.3000000000000003,27.4671,21.4577
1998,9,22,16,0,19.700000000000003,77,772,409,2.2,21.8923,17.0470
1998,9,22,16,30,18.900000000000002,69,711,315,1.9000000000000001,16.1678,12.5247
1998,9,22,17,0,18.1,57,626,219,1.5,10.7026,8.2239
1998,9,22,17,30,16.1,43,492,124,1.3,0.0000,0.0000
1998,9,22,18,0,14.100000000000001,24,282,43,1,0.0000,0.0000
1998,9,22,18,30,13.4,0,0,0,1,0.0000,0.0000
1998,9,22,19,0,12.600000000000001,0,0,0,1.1,0.0000,0.0000
1998,9,22,19,30,12.200000000000001,0,0,0,1.1,0.0000,0.0000
1998,9,22,20,0,11.8,0,0,0,1.1,0.0000,0.0000
1998,9,22,20,30,11.4,0,0,0,1.2000000000000002,0.0000,0.0000
1998,9,22,21,0,11.100000000000001,0,0,0,1.2000000000000002,0.0000,0.0000
1998,9,22,21,30,10.8,0,0,0,1.2000000000000002,0.0000,0.0000
1998,9,22,22,0,10.4,0,0,0,1.1,0.0000,0.0000
1998,9,22,22,30,10.200000000000001,0,0,0,1.1,0.0000,0.0000
1998,9,22,23,0,9.9,0,0,0,1.1,0.0000,0.0000
1998,9,22,23,30,9.600000000000001,0,0,0,1.2000000000000002,0.0000,0.0000
1998,9,23,0,0,9.4,0,0,0,1.2000000000000002,0.0000,0.0000
1998,9,23,0,30,9.1,0,0,0,1.2000000000000002,0.0000,0.0000
1998,9,23,1,0,8.8,0,0,0,1.2000000000000002,0.0000,0.0000
1998,9,23,1,30,8.6,0,0,0,1.3,0.0000,0.0000
1998,9,23,2,0,8.3,0,0,0,1.3,0.0000,0.0000
1998,9,23,2,30,8.1,0,0,0,1.3,0.0000,0.0000
1998,9,23,3,0,7.9,0,0,0,1.4000000000000001,0.0000,0.0000
1998,9,23,3,30,7.7,0,0,0,1.4000000000000001,0.0000,0.0000
1998,9,23,4,0,7.5,0,0,0,1.5,0.0000,0.0000
1998,9,23,4,30,7.4,0,0,0,1.6,0.0000,0.0000
1998,9,23,5,0,7.300000000000001,0,0,0,1.7000000000000002,0.0000,0.0000
1998,9,23,5,30,7.300000000000001,0,0,0,1.9000000000000001,0.0000,0.0000
1998,9,23,6,0,7.4,0,0,0,2.1,0.0000,0.0000
1998,9,23,6,30,8.4,15,175,22,2.6,0.0000,0.0000
1998,9,23,7,0,9.4,37,431,93,3.2,0.0000,0.0000
1998,9,23,7,30,10.9,52,585,184,3.1,8.8557,6.7804
1998,9,23,8,0,12.4,149,10,152,3,7.6658,5.9233
1998,9,23,8,30,14.700000000000001,218,42,234,3.7,12.3486,9.6000
1998,9,23,9,0,17,264,56,290,4.4,15.8539,12.3722
1998,9,23,9,30,18.3,273,38,294,4.3,16.5016,12.9095
1998,9,23,10,0,19.5,255,4,257,4.3,14.7087,11.5258
1998,9,23,10,30,20.200000000000003,247,1,248,4.2,14.3951,11.2926
1998,9,23,11,0,21,230,1,230,4.1000000000000005,13.4828,10.5847
1998,9,23,11,30,21.5,372,80,430,4.1000000000000005,25.3678,19.9241
1998,9,23,12,0,22,350,18,363,4.1000000000000005,21.4851,16.8785
1998,9,23,12,30,22.3,361,31,384,4.2,22.7380,17.8633
1998,9,23,13,0,22.5,380,83,441,4.2,26.0505,20.4621
1998,9,23,13,30,22.6,219,0,219,4.3,12.8672,10.1031
1998,9,23,14,0,22.700000000000003,280,3,282,4.4,16.4246,12.8879
1998,9,23,14,30,22.6,208,1,209,4.4,12.0185,9.4214
1998,9,23,15,0,22.6,51,0,51,4.4,2.8814,2.2554
1998,9,23,15,30,22.200000000000003,36,0,36,4.3,1.9854,1.5507
1998,9,23,16,0,21.900000000000002,108,0,108,4.1000000000000005,5.7661,4.4886
1998,9,23,16,30,21.1,32,0,32,3.5,1.6375,1.2680
1998,9,23,17,0,20.400000000000002,90,2,91,2.8000000000000003,4.4346,3.4056
1998,9,23,17,30,19.200000000000003,28,0,28,2.3000000000000003,0.0000,0.0000
1998,9,23,18,0,18.1,24,135,33,1.7000000000000002,0.0000,0.0000
1998,9,23,18,30,17.6,0,0,0,1.7000000000000002,0.0000,0.0000
1998,9,23,19,0,17.1,0,0,0,1.7000000000000002,0.0000,0.0000
1998,9,23,19,30,16.8,0,0,0,1.7000000000000002,0.0000,0.0000
1998,9,23,20,0,16.400000000000002,0,0,0,1.7000000000000002,0.0000,0.0000
1998,9,23,20,30,16.1,0,0,0,1.7000000000000002,0.0000,0.0000
1998,9,23,21,0,15.700000000000001,0,0,0,1.7000000000000002,0.0000,0.0000
1998,9,23,21,30,15.200000000000001,0,0,0,1.6,0.0000,0.0000
1998,9,23,22,0,14.8,0,0,0,1.5,0.0000,0.0000
1998,9,23,22,30,14.5,0,0,0,1.5,0.0000,0.0000
1998,9,23,23,0,14.200000000000001,0,0,0,1.4000000000000001,0.0000,0.0000
1998,9,23,23,30,14,0,0,0,1.5,0.0000,0.0000
1998,9,24,0,0,13.8,0,0,0,1.5,0.0000,0.0000
1998,9,24,0,30,13.600000000000001,0,0,0,1.5,0.0000,0.0000
1998,9,24,1,0,13.4,0,0,0,1.5,0.0000,0.0000
1998,9,24,1,30,13.200000000000001,0,0,0,1.5,0.0000,0.0000
1998,9,24,2,0,12.9,0,0,0,1.6,0.0000,0.0000
1998,9,24,2,30,12.700000000000001,0,0,0,1.6,0.0000,0.0000
1998,9,24,3,0,12.5,0,0,0,1.6,0.0000,0.0000
1998,9,24,3,30,12.3,0,0,0,1.5,0.0000,0.0000
1998,9,24,4,0,12.200000000000001,0,0,0,1.4000000000000001,0.0000,0.0000
1998,9,24,4,30,12.100000000000001,0,0,0,1.3,0.0000,0.0000
1998,9,24,5,0,12,0,0,0,1.2000000000000002,0.0000,0.0000
1998,9,24,5,30,11.8,0,0,0,1.1,0.0000,0.0000
1998,9,24,6,0,11.700000000000001,0,0,0,1,0.0000,0.0000
1998,9,24,6,30,12.8,14,144,19,1.3,0.0000,0.0000
1998,9,24,7,0,13.8,51,8,52,1.6,0.0000,0.0000
1998,9,24,7,30,15,90,0,90,1.2000000000000002,4.3257,3.3107
1998,9,24,8,0,16.2,67,661,273,0.7000000000000001,13.7415,10.6147
1998,9,24,8,30,18.400000000000002,76,732,366,0.8,19.2794,14.9849
1998,9,24,9,0,20.700000000000003,191,394,379,1,20.6880,16.1424
1998,9,24,9,30,22.3,89,822,537,1.1,30.1011,23.5459
1998,9,24,10,0,23.8,92,855,610,1.3,34.8714,27.3228
1998,9,24,10,30,24.700000000000003,95,875,670,1.3,38.8480,30.4727
1998,9,24,11,0,25.5,97,892,717,1.3,41.9891,32.9611
1998,9,24,11,30,26.200000000000003,98,901,749,1.4000000000000001,44.1435,34.6682
1998,9,24,12,0,26.8,99,906,767,1.4000000000000001,45.3521,35.6256
1998,9,24,12,30,27.3,99,906,769,1.6,45.4894,35.7345
1998,9,24,13,0,27.700000000000003,99,902,756,1.8,44.6099,35.0375
1998,9,24,13,30,28,98,892,725,2.1,42.5471,33.4042
1998,9,24,14,0,28.200000000000003,96,877,683,2.5,39.7284,31.1708
1998,9,24,14,30,28.1,93,859,627,2.7,36.0033,28.2199
1998,9,24,15,0,28,90,829,556,3,31.3573,24.5417
1998,9,24,15,30,27.6,84,794,478,3.1,26.3060,20.5424
1998,9,24,16,0,27.200000000000003,79,742,390,3.2,20.7696,16.1636
1998,9,24,16,30,26,70,675,297,2.8000000000000003,15.1513,11.7272
1998,9,24,17,0,24.900000000000002,128,133,161,2.4000000000000004,7.8243,6.0050
1998,9,24,17,30,23,44,432,110,2.2,0.0000,0.0000
1998,9,24,18,0,21.1,21,206,33,2,0.0000,0.0000
1998,9,24,18,30,20.8,0,0,0,2.3000000000000003,0.0000,0.0000
1998,9,24,19,0,20.400000000000002,0,0,0,2.7,0.0000,0.0000
1998,9,24,19,30,20.200000000000003,0,0,0,3,0.0000,0.0000
1998,9,24,20,0,20,0,0,0,3.2,0.0000,0.0000
1998,9,24,20,30,19.700000000000003,0,0,0,3.4000000000000004,0.0000,0.0000
1998,9,24,21,0,19.400000000000002,0,0,0,3.5,0.0000,0.0000
1998,9,24,21,30,19,0,0,0,3.5,0.0000,0.0000
1998,9,24,22,0,18.7,0,0,0,3.6,0.0000,0.0000
1998,9,24,22,30,18.400000000000002,0,0,0,3.6,0.0000,0.0000
1998,9,24,23,0,18.1,0,0,0,3.5,0.0000,0.0000
1998,9,24,23,30,17.8,0,0,0,3.4000000000000004,0.0000,0.0000
1998,9,25,0,0,17.400000000000002,0,0,0,3.3000000000000003,0.0000,0.0000
1998,9,25,0,30,17.3,0,0,0,3.2,0.0000,0.0000
1998,9,25,1,0,17.2,0,0,0,3.1,0.0000,0.0000
1998,9,25,1,30,17.1,0,0,0,3,0.0000,0.0000
1998,9,25,2,0,17,0,0,0,2.9000000000000004,0.0000,0.0000
1998,9,25,2,30,16.8,0,0,0,2.7,0.0000,0.0000
1998,9,25,3,0,16.6,0,0,0,2.4000000000000004,0.0000,0.0000
1998,9,25,3,30,16.400000000000002,0,0,0,2.1,0.0000,0.0000
1998,9,25,4,0,16.2,0,0,0,1.8,0.0000,0.0000
1998,9,25,4,30,15.9,0,0,0,1.5,0.0000,0.0000
1998,9,25,5,0,15.700000000000001,0,0,0,1.1,0.0000,0.0000
1998,9,25,5,30,15.600000000000001,0,0,0,0.9,0.0000,0.0000
1998,9,25,6,0,15.600000000000001,0,0,0,0.7000000000000001,0.0000,0.0000
1998,9,25,6,30,16.5,4,0,4,0.8,0.0000,0.0000
1998,9,25,7,0,17.3,39,0,39,0.9,0.0000,0.0000
1998,9,25,7,30,18.1,63,0,63,1.2000000000000002,3.0243,2.3138
1998,9,25,8,0,19,88,0,88,1.5,4.4208,3.4139
1998,9,25,8,30,20.6,118,0,118,2,6.2049,4.8217
1998,9,25,9,0,22.3,170,1,170,2.6,9.2654,7.2285
1998,9,25,9,30,24,223,5,226,3,12.6514,9.8951
1998,9,25,10,0,25.700000000000003,155,0,155,3.5,8.8500,6.9336
1998,9,25,10,30,27,197,0,197,3.8000000000000003,11.4104,8.9497
1998,9,25,11,0,28.3,184,0,184,4.2,10.7642,8.4491
1998,9,25,11,30,29.3,218,0,218,4.3,12.8353,10.0795
1998,9,25,12,0,30.200000000000003,233,1,233,4.5,13.7633,10.8107
1998,9,25,12,30,30.8,375,82,435,4.5,25.7049,20.1912
1998,9,25,13,0,31.400000000000002,397,216,554,4.6000000000000005,32.6545,25.6455
1998,9,25,13,30,31.700000000000003,343,348,586,4.7,34.3487,26.9652
1998,9,25,14,0,32.1,97,847,659,4.800000000000001,38.2817,30.0328
1998,9,25,14,30,32.2,94,826,603,4.9,34.5728,27.0953
1998,9,25,15,0,32.300000000000004,85,810,537,5.1000000000000005,30.2317,23.6570
1998,9,25,15,30,32.2,80,776,461,4.9,25.3172,19.7663
1998,9,25,16,0,32.1,72,735,376,4.7,19.9713,15.5377
1998,9,25,16,30,31.200000000000003,64,671,285,4.3,14.4956,11.2149
1998,9,25,17,0,30.400000000000002,52,584,193,4,9.3538,7.1744
1998,9,25,17,30,29.3,38,444,104,4.3,0.0000,0.0000
1998,9,25,18,0,28.200000000000003,16,0,16,4.7,0.0000,0.0000
1998,9,25,18,30,27.6,0,0,0,5.2,0.0000,0.0000
1998,9,25,19,0,27.1,0,0,0,5.6000000000000005,0.0000,0.0000
1998,9,25,19,30,26.700000000000003,0,0,0,5.800000000000001,0.0000,0.0000
1998,9,25,20,0,26.200000000000003,0,0,0,6,0.0000,0.0000
1998,9,25,20,30,25.900000000000002,0,0,0,6.300000000000001,0.0000,0.0000
1998,9,25,21,0,25.700000000000003,0,0,0,6.6000000000000005,0.0000,0.0000
1998,9,25,21,30,25.6,0,0,0,6.800000000000001,0.0000,0.0000
1998,9,25,22,0,25.400000000000002,0,0,0,7,0.0000,0.0000
1998,9,25,22,30,25.400000000000002,0,0,0,7.2,0.0000,0.0000
1998,9,25,23,0,25.3,0,0,0,7.4,0.0000,0.0000
1998,9,25,23,30,25.200000000000003,0,0,0,7.5,0.0000,0.0000
1998,9,26,0,0,25.200000000000003,0,0,0,7.5,0.0000,0.0000
1998,9,26,0,30,25.1,0,0,0,7.6000000000000005,0.0000,0.0000
1998,9,26,1,0,25.1,0,0,0,7.7,0.0000,0.0000
1998,9,26,1,30,25.1,0,0,0,7.7,0.0000,0.0000
1998,9,26,2,0,25.1,0,0,0,7.800000000000001,0.0000,0.0000
1998,9,26,2,30,25,0,0,0,7.6000000000000005,0.0000,0.0000
1998,9,26,3,0,25,0,0,0,7.5,0.0000,0.0000
1998,9,26,3,30,24.8,0,0,0,7.2,0.0000,0.0000
1998,9,26,4,0,24.6,0,0,0,6.9,0.0000,0.0000
1998,9,26,4,30,24.3,0,0,0,6.4,0.0000,0.0000
1998,9,26,5,0,24,0,0,0,6,0.0000,0.0000
1998,9,26,5,30,23.6,0,0,0,5.7,0.0000,0.0000
1998,9,26,6,0,23.200000000000003,0,0,0,5.4,0.0000,0.0000
1998,9,26,6,30,23.5,12,115,15,5.300000000000001,0.0000,0.0000
1998,9,26,7,0,23.900000000000002,35,375,81,5.300000000000001,0.0000,0.0000
1998,9,26,7,30,24.8,52,538,167,5.300000000000001,8.0070,6.1236
1998,9,26,8,0,25.8,62,657,262,5.2,13.1351,10.1399
1998,9,26,8,30,26.8,71,730,355,5,18.6326,14.4759
1998,9,26,9,0,27.8,76,789,445,4.800000000000001,24.2145,18.8880
1998,9,26,9,30,28.700000000000003,81,825,525,4.4,29.3499,22.9528
1998,9,26,10,0,29.5,84,857,597,4.1000000000000005,34.0464,26.6712
1998,9,26,10,30,30.3,87,879,657,3.9000000000000004,38.0118,29.8118
1998,9,26,11,0,31,88,896,704,3.7,41.1422,32.2914
1998,9,26,11,30,31.6,90,907,737,3.6,43.3483,34.0388
1998,9,26,12,0,32.2,89,916,756,3.5,44.6111,35.0385
1998,9,26,12,30,32.6,90,917,758,3.4000000000000004,44.7449,35.1445
1998,9,26,13,0,32.9,88,919,747,3.3000000000000003,43.9814,34.5384
1998,9,26,13,30,33.1,86,911,719,3.3000000000000003,42.0946,33.0433
1998,9,26,14,0,33.300000000000004,83,901,676,3.3000000000000003,39.2165,30.7629
1998,9,26,14,30,33.1,80,887,622,3.4000000000000004,35.6072,27.9026
1998,9,26,15,0,33,75,866,554,3.6,31.1336,24.3591
1998,9,26,15,30,32.5,71,836,476,3.7,26.0837,20.3603
1998,9,26,16,0,32,64,794,389,3.7,20.6066,16.0271
1998,9,26,16,30,30.5,57,735,296,3.4000000000000004,15.0083,11.6062
1998,9,26,17,0,29,48,648,200,3.1,9.6691,7.4118
1998,9,26,17,30,26.900000000000002,35,508,108,3,0.0000,0.0000
1998,9,26,18,0,24.8,17,268,30,2.9000000000000004,0.0000,0.0000
1998,9,26,18,30,24.1,0,0,0,3.1,0.0000,0.0000
1998,9,26,19,0,23.400000000000002,0,0,0,3.4000000000000004,0.0000,0.0000
1998,9,26,19,30,22.700000000000003,0,0,0,3.3000000000000003,0.0000,0.0000
1998,9,26,20,0,22.1,0,0,0,3.2,0.0000,0.0000
1998,9,26,20,30,21.700000000000003,0,0,0,3.3000000000000003,0.0000,0.0000
1998,9,26,21,0,21.200000000000003,0,0,0,3.5,0.0000,0.0000
1998,9,26,21,30,20.900000000000002,0,0,0,3.6,0.0000,0.0000
1998,9,26,22,0,20.5,0,0,0,3.7,0.0000,0.0000
1998,9,26,22,30,20.1,0,0,0,3.6,0.0000,0.0000
1998,9,26,23,0,19.700000000000003,0,0,0,3.5,0.0000,0.0000
1998,9,26,23,30,19.200000000000003,0,0,0,3.4000000000000004,0.0000,0.0000
1998,9,27,0,0,18.7,0,0,0,3.3000000000000003,0.0000,0.0000
1998,9,27,0,30,18.3,0,0,0,3.2,0.0000,0.0000
1998,9,27,1,0,17.8,0,0,0,3.1,0.0000,0.0000
1998,9,27,1,30,17.400000000000002,0,0,0,3.1,0.0000,0.0000
1998,9,27,2,0,16.900000000000002,0,0,0,3,0.0000,0.0000
1998,9,27,2,30,16.5,0,0,0,2.8000000000000003,0.0000,0.0000
1998,9,27,3,0,16,0,0,0,2.6,0.0000,0.0000
1998,9,27,3,30,15.700000000000001,0,0,0,2.5,0.0000,0.0000
1998,9,27,4,0,15.3,0,0,0,2.4000000000000004,0.0000,0.0000
1998,9,27,4,30,15,0,0,0,2.4000000000000004,0.0000,0.0000
1998,9,27,5,0,14.700000000000001,0,0,0,2.4000000000000004,0.0000,0.0000
1998,9,27,5,30,14.5,0,0,0,2.4000000000000004,0.0000,0.0000
1998,9,27,6,0,14.3,0,0,0,2.5,0.0000,0.0000
1998,9,27,6,30,14.9,12,120,15,2.8000000000000003,0.0000,0.0000
1998,9,27,7,0,15.600000000000001,36,373,79,3.1,0.0000,0.0000
1998,9,27,7,30,17,53,536,166,3.3000000000000003,7.9505,6.0782
1998,9,27,8,0,18.400000000000002,166,67,187,3.5,9.3567,7.2208
1998,9,27,8,30,19.8,77,714,352,3.6,18.4422,14.3248
1998,9,27,9,0,21.1,85,762,439,3.6,23.8507,18.6013
1998,9,27,9,30,22.3,92,801,519,3.7,28.9750,22.6569
1998,9,27,10,0,23.5,99,823,587,3.7,33.4344,26.1891
1998,9,27,10,30,24.3,103,844,646,3.7,37.3333,29.2771
1998,9,27,11,0,25.200000000000003,107,855,691,3.6,40.3389,31.6584
1998,9,27,11,30,25.900000000000002,109,865,723,3.5,42.4808,33.3551
1998,9,27,12,0,26.5,112,864,737,3.4000000000000004,43.4447,34.1199
1998,9,27,12,30,26.8,113,864,739,3.2,43.5770,34.2246
1998,9,27,13,0,27.1,114,857,725,3,42.6389,33.4815
1998,9,27,13,30,27.1,112,848,696,2.8000000000000003,40.6976,31.9438
1998,9,27,14,0,27.200000000000003,110,830,652,2.6,37.7724,29.6271
1998,9,27,14,30,27,106,809,596,2.4000000000000004,34.0654,26.6910
1998,9,27,15,0,26.900000000000002,101,781,528,2.2,29.6176,23.1692
1998,9,27,15,30,26.5,265,170,346,2,18.9188,14.7644
1998,9,27,16,0,26.1,188,393,346,1.7000000000000002,18.2805,14.2135
1998,9,27,16,30,25.1,137,6,138,1.3,6.9759,5.3921
1998,9,27,17,0,24.1,124,49,135,0.9,6.5109,4.9878
1998,9,27,17,30,22.700000000000003,39,0,39,0.9,0.0000,0.0000
1998,9,27,18,0,21.3,17,131,23,0.9,0.0000,0.0000
1998,9,27,18,30,20.8,0,0,0,1,0.0000,0.0000
1998,9,27,19,0,20.3,0,0,0,1,0.0000,0.0000
1998,9,27,19,30,20,0,0,0,1.1,0.0000,0.0000
1998,9,27,20,0,19.700000000000003,0,0,0,1.2000000000000002,0.0000,0.0000
1998,9,27,20,30,19.400000000000002,0,0,0,1.3,0.0000,0.0000
1998,9,27,21,0,19.1,0,0,0,1.4000000000000001,0.0000,0.0000
1998,9,27,21,30,18.8,0,0,0,1.4000000000000001,0.0000,0.0000
1998,9,27,22,0,18.5,0,0,0,1.5,0.0000,0.0000
1998,9,27,22,30,18.1,0,0,0,1.5,0.0000,0.0000
1998,9,27,23,0,17.7,0,0,0,1.5,0.0000,0.0000
1998,9,27,23,30,17.1,0,0,0,1.5,0.0000,0.0000
1998,9,28,0,0,16.5,0,0,0,1.5,0.0000,0.0000
1998,9,28,0,30,16.1,0,0,0,1.4000000000000001,0.0000,0.0000
1998,9,28,1,0,15.700000000000001,0,0,0,1.4000000000000001,0.0000,0.0000
1998,9,28,1,30,15.3,0,0,0,1.4000000000000001,0.0000,0.0000
1998,9,28,2,0,14.9,0,0,0,1.4000000000000001,0.0000,0.0000
1998,9,28,2,30,14.600000000000001,0,0,0,1.4000000000000001,0.0000,0.0000
1998,9,28,3,0,14.3,0,0,0,1.3,0.0000,0.0000
1998,9,28,3,30,14.100000000000001,0,0,0,1.3,0.0000,0.0000
1998,9,28,4,0,13.9,0,0,0,1.3,0.0000,0.0000
1998,9,28,4,30,13.700000000000001,0,0,0,1.4000000000000001,0.0000,0.0000
1998,9,28,5,0,13.600000000000001,0,0,0,1.4000000000000001,0.0000,0.0000
1998,9,28,5,30,13.5,0,0,0,1.4000000000000001,0.0000,0.0000
1998,9,28,6,0,13.4,0,0,0,1.4000000000000001,0.0000,0.0000
1998,9,28,6,30,14.5,11,127,14,2,0.0000,0.0000
1998,9,28,7,0,15.700000000000001,33,397,78,2.6,0.0000,0.0000
1998,9,28,7,30,17.1,49,564,166,2.6,7.9423,6.0697
1998,9,28,8,0,18.400000000000002,61,672,261,2.6,13.0338,10.0552
1998,9,28,8,30,20.5,69,745,354,3.1,18.5121,14.3758
1998,9,28,9,0,22.5,77,793,442,3.5,23.9757,18.6957
1998,9,28,9,30,24.1,82,830,522,3.8000000000000003,29.1023,22.7536
1998,9,28,10,0,25.700000000000003,88,855,592,4,33.6781,26.3773
1998,9,28,10,30,26.8,91,872,649,4,37.4639,29.3770
1998,9,28,11,0,27.8,96,882,694,4.1000000000000005,40.4697,31.7584
1998,9,28,11,30,28.5,98,889,724,4.1000000000000005,42.4947,33.3634
1998,9,28,12,0,29.3,102,888,740,4.1000000000000005,43.5754,34.2199
1998,9,28,12,30,29.8,102,886,739,4,43.5287,34.1840
1998,9,28,13,0,30.3,105,873,724,4,42.5309,33.3939
1998,9,28,13,30,30.5,104,863,694,3.9000000000000004,40.5309,31.8100
1998,9,28,14,0,30.8,105,841,649,3.8000000000000003,37.5462,29.4465
1998,9,28,14,30,30.700000000000003,101,818,592,3.8000000000000003,33.7828,26.4661
1998,9,28,15,0,30.6,98,784,523,3.8000000000000003,29.2820,22.9028
1998,9,28,15,30,30.200000000000003,92,746,445,3.7,24.2768,18.9415
1998,9,28,16,0,29.8,84,691,359,3.6,18.9166,14.7035
1998,9,28,16,30,28.700000000000003,74,619,268,3,13.5048,10.4337
1998,9,28,17,0,27.5,59,521,176,2.3000000000000003,8.4690,6.4839
1998,9,28,17,30,25.8,41,367,89,2.1,0.0000,0.0000
1998,9,28,18,0,24,15,145,21,1.8,0.0000,0.0000
1998,9,28,18,30,23.700000000000003,0,0,0,2.1,0.0000,0.0000
1998,9,28,19,0,23.3,0,0,0,2.4000000000000004,0.0000,0.0000
1998,9,28,19,30,23,0,0,0,2.6,0.0000,0.0000
1998,9,28,20,0,22.8,0,0,0,2.8000000000000003,0.0000,0.0000
1998,9,28,20,30,22.3,0,0,0,2.8000000000000003,0.0000,0.0000
1998,9,28,21,0,21.900000000000002,0,0,0,2.8000000000000003,0.0000,0.0000
1998,9,28,21,30,21.3,0,0,0,2.7,0.0000,0.0000
1998,9,28,22,0,20.8,0,0,0,2.6,0.0000,0.0000
1998,9,28,22,30,20.200000000000003,0,0,0,2.4000000000000004,0.0000,0.0000
1998,9,28,23,0,19.6,0,0,0,2.2,0.0000,0.0000
1998,9,28,23,30,19,0,0,0,2,0.0000,0.0000
1998,9,29,0,0,18.5,0,0,0,1.8,0.0000,0.0000
1998,9,29,0,30,18,0,0,0,1.6,0.0000,0.0000
1998,9,29,1,0,17.5,0,0,0,1.4000000000000001,0.0000,0.0000
1998,9,29,1,30,17.2,0,0,0,1.4000000000000001,0.0000,0.0000
1998,9,29,2,0,16.900000000000002,0,0,0,1.3,0.0000,0.0000
1998,9,29,2,30,16.6,0,0,0,1.3,0.0000,0.0000
1998,9,29,3,0,16.3,0,0,0,1.3,0.0000,0.0000
1998,9,29,3,30,16,0,0,0,1.3,0.0000,0.0000
1998,9,29,4,0,15.8,0,0,0,1.4000000000000001,0.0000,0.0000
1998,9,29,4,30,15.5,0,0,0,1.4000000000000001,0.0000,0.0000
1998,9,29,5,0,15.200000000000001,0,0,0,1.5,0.0000,0.0000
1998,9,29,5,30,15,0,0,0,1.7000000000000002,0.0000,0.0000
1998,9,29,6,0,14.700000000000001,0,0,0,1.9000000000000001,0.0000,0.0000
1998,9,29,6,30,15.600000000000001,10,141,12,2.5,0.0000,0.0000
1998,9,29,7,0,16.6,30,423,77,3.1,0.0000,0.0000
1998,9,29,7,30,17.8,45,595,166,2.9000000000000004,7.9353,6.0622
1998,9,29,8,0,19,56,700,261,2.7,13.0071,10.0312
1998,9,29,8,30,20.900000000000002,64,771,356,2.7,18.5813,14.4261
1998,9,29,9,0,22.8,70,822,445,2.6,24.0982,18.7880
1998,9,29,9,30,24.700000000000003,75,858,526,2.8000000000000003,29.2829,22.8917
1998,9,29,10,0,26.5,79,882,595,3,33.8055,26.4743
1998,9,29,10,30,27.8,82,901,654,3,37.7075,29.5652
1998,9,29,11,0,29.1,86,910,699,3,40.7173,31.9501
1998,9,29,11,30,29.8,88,916,729,2.7,42.7423,33.5552
1998,9,29,12,0,30.400000000000002,92,913,744,2.5,43.7638,34.3653
1998,9,29,12,30,30.8,92,911,744,2.2,43.7750,34.3747
1998,9,29,13,0,31.1,94,903,729,1.9000000000000001,42.7742,33.5821
1998,9,29,13,30,31.200000000000003,93,892,698,1.6,40.7122,31.9493
1998,9,29,14,0,31.3,97,862,651,1.3,37.6099,29.4933
1998,9,29,14,30,30.200000000000003,94,839,593,1.2000000000000002,33.7863,26.4655
1998,9,29,15,0,29.1,91,808,524,1.1,29.2833,22.9000
1998,9,29,15,30,28.200000000000003,85,771,446,1.5,24.2768,18.9372
1998,9,29,16,0,27.200000000000003,204,211,287,1.9000000000000001,15.0806,11.7179
1998,9,29,16,30,26.400000000000002,67,652,268,2.2,13.4622,10.3956
1998,9,29,17,0,25.6,54,553,175,2.6,8.4033,6.4297
1998,9,29,17,30,24.200000000000003,37,396,87,2.3000000000000003,0.0000,0.0000
1998,9,29,18,0,22.8,14,147,19,2,0.0000,0.0000
1998,9,29,18,30,21.900000000000002,0,0,0,1.6,0.0000,0.0000
1998,9,29,19,0,20.900000000000002,0,0,0,1.3,0.0000,0.0000
1998,9,29,19,30,20.400000000000002,0,0,0,1.1,0.0000,0.0000
1998,9,29,20,0,19.8,0,0,0,1,0.0000,0.0000
1998,9,29,20,30,19.400000000000002,0,0,0,0.9,0.0000,0.0000
1998,9,29,21,0,18.900000000000002,0,0,0,0.9,0.0000,0.0000
1998,9,29,21,30,18.5,0,0,0,1,0.0000,0.0000
1998,9,29,22,0,18,0,0,0,1,0.0000,0.0000
1998,9,29,22,30,17.6,0,0,0,1,0.0000,0.0000
1998,9,29,23,0,17.3,0,0,0,1,0.0000,0.0000
1998,9,29,23,30,17,0,0,0,1,0.0000,0.0000
1998,9,30,0,0,16.8,0,0,0,1,0.0000,0.0000
1998,9,30,0,30,16.7,0,0,0,1,0.0000,0.0000
1998,9,30,1,0,16.5,0,0,0,1,0.0000,0.0000
1998,9,30,1,30,16.400000000000002,0,0,0,1.1,0.0000,0.0000
1998,9,30,2,0,16.400000000000002,0,0,0,1.1,0.0000,0.0000
1998,9,30,2,30,16.400000000000002,0,0,0,1.2000000000000002,0.0000,0.0000
1998,9,30,3,0,16.400000000000002,0,0,0,1.4000000000000001,0.0000,0.0000
1998,9,30,3,30,16.400000000000002,0,0,0,1.6,0.0000,0.0000
1998,9,30,4,0,16.400000000000002,0,0,0,1.8,0.0000,0.0000
1998,9,30,4,30,16.400000000000002,0,0,0,2,0.0000,0.0000
1998,9,30,5,0,16.3,0,0,0,2.1,0.0000,0.0000
1998,9,30,5,30,16.3,0,0,0,2.1,0.0000,0.0000
1998,9,30,6,0,16.2,0,0,0,2.2,0.0000,0.0000
1998,9,30,6,30,16.6,0,0,0,2.4000000000000004,0.0000,0.0000
1998,9,30,7,0,17.1,44,6,45,2.5,0.0000,0.0000
1998,9,30,7,30,17.8,102,48,111,2.5,5.3017,4.0489
1998,9,30,8,0,18.5,159,61,176,2.5,8.7531,6.7481
1998,9,30,8,30,19.700000000000003,139,3,140,2.6,7.2932,5.6609
1998,9,30,9,0,20.900000000000002,210,370,378,2.8000000000000003,20.4355,15.9296
1998,9,30,9,30,21.900000000000002,92,782,500,3.2,27.7946,21.7254
1998,9,30,10,0,22.900000000000002,99,806,568,3.6,32.2296,25.2374
1998,9,30,10,30,23.5,295,411,554,4.5,31.9043,25.0128
1998,9,30,11,0,24.1,109,839,670,5.300000000000001,38.9840,30.5875
1998,9,30,11,30,24.1,395,194,531,6,31.0994,24.4129
1998,9,30,12,0,24.1,345,29,365,6.6000000000000005,21.4467,16.8395
1998,9,30,12,30,23.8,344,400,628,6.9,36.9086,28.9804
1998,9,30,13,0,23.400000000000002,110,860,710,7.2,41.6108,32.6659
1998,9,30,13,30,22.900000000000002,390,140,484,7.2,28.1943,22.1236
1998,9,30,14,0,22.400000000000002,300,19,313,7.2,18.0567,14.1583
1998,9,30,14,30,21.900000000000002,98,832,588,7,33.4461,26.1954
1998,9,30,15,0,21.400000000000002,300,72,338,6.800000000000001,18.8531,14.7409
1998,9,30,15,30,20.6,84,781,445,6.7,24.1672,18.8473
1998,9,30,16,0,19.900000000000002,219,64,244,6.5,12.7859,9.9315
1998,9,30,16,30,18.900000000000002,64,680,269,6.1000000000000005,13.4710,10.3972
1998,9,30,17,0,17.900000000000002,50,590,176,5.800000000000001,8.4357,6.4508
1998,9,30,17,30,16.6,35,429,86,5.2,0.0000,0.0000
1998,9,30,18,0,15.3,13,186,18,4.6000000000000005,0.0000,0.0000
1998,9,30,18,30,14.4,0,0,0,4.4,0.0000,0.0000
1998,9,30,19,0,13.5,0,0,0,4.1000000000000005,0.0000,0.0000
1998,9,30,19,30,12.9,0,0,0,4,0.0000,0.0000
1998,9,30,20,0,12.3,0,0,0,3.9000000000000004,0.0000,0.0000
1998,9,30,20,30,11.700000000000001,0,0,0,3.7,0.0000,0.0000
1998,9,30,21,0,11.100000000000001,0,0,0,3.5,0.0000,0.0000
1998,9,30,21,30,10.5,0,0,0,3.2,0.0000,0.0000
1998,9,30,22,0,9.9,0,0,0,2.9000000000000004,0.0000,0.0000
1998,9,30,22,30,9.5,0,0,0,2.8000000000000003,0.0000,0.0000
1998,9,30,23,0,9,0,0,0,2.7,0.0000,0.0000
1998,9,30,23,30,8.6,0,0,0,2.7,0.0000,0.0000
1998,10,1,0,0,8.200000000000001,0,0,0,2.7,0.0000,0.0000
1998,10,1,0,30,7.800000000000001,0,0,0,2.6,0.0000,0.0000
1998,10,1,1,0,7.5,0,0,0,2.6,0.0000,0.0000
1998,10,1,1,30,7.2,0,0,0,2.5,0.0000,0.0000
1998,10,1,2,0,6.800000000000001,0,0,0,2.4000000000000004,0.0000,0.0000
1998,10,1,2,30,6.5,0,0,0,2.3000000000000003,0.0000,0.0000
1998,10,1,3,0,6.300000000000001,0,0,0,2.3000000000000003,0.0000,0.0000
1998,10,1,3,30,6,0,0,0,2.2,0.0000,0.0000
1998,10,1,4,0,5.800000000000001,0,0,0,2.1,0.0000,0.0000
1998,10,1,4,30,5.6000000000000005,0,0,0,2,0.0000,0.0000
1998,10,1,5,0,5.4,0,0,0,1.9000000000000001,0.0000,0.0000
1998,10,1,5,30,5.4,0,0,0,1.9000000000000001,0.0000,0.0000
1998,10,1,6,0,5.4,0,0,0,1.8,0.0000,0.0000
1998,10,1,6,30,6,0,0,0,1.8,0.0000,0.0000
1998,10,1,7,0,6.6000000000000005,44,1,44,1.9000000000000001,0.0000,0.0000
1998,10,1,7,30,7.7,92,5,93,1.8,4.4390,3.3889
1998,10,1,8,0,8.9,58,696,257,1.8,12.7567,9.8312
1998,10,1,8,30,9.8,66,770,352,2,18.3018,14.2022
1998,10,1,9,0,10.600000000000001,144,556,394,2.2,21.2656,16.5738
1998,10,1,9,30,11.3,234,344,412,2.7,22.8700,17.8737
1998,10,1,10,0,11.9,240,392,466,3.1,26.4071,20.6759
1998,10,1,10,30,12.5,240,451,523,3.1,30.0832,23.5828
1998,10,1,11,0,13,321,329,540,3.1,31.3839,24.6222
1998,10,1,11,30,13.4,321,269,507,2.7,29.6600,23.2810
1998,10,1,12,0,13.8,279,402,561,2.3000000000000003,32.9265,25.8512
1998,10,1,12,30,14.100000000000001,307,42,336,2,19.7248,15.4865
1998,10,1,13,0,14.3,281,2,282,1.7000000000000002,16.5070,12.9574
1998,10,1,13,30,14.4,344,66,388,1.7000000000000002,22.5728,17.7108
1998,10,1,14,0,14.5,287,298,476,1.7000000000000002,27.4207,21.4982
1998,10,1,14,30,14.5,244,332,438,1.9000000000000001,24.8732,19.4783
1998,10,1,15,0,14.4,257,261,394,2.2,21.9331,17.1460
1998,10,1,15,30,14.200000000000001,225,72,258,2,13.9790,10.8993
1998,10,1,16,0,13.9,133,11,137,1.9000000000000001,7.1590,5.5589
1998,10,1,16,30,13.4,123,16,127,1.3,6.3404,4.8912
1998,10,1,17,0,12.9,74,80,90,0.7000000000000001,4.3065,3.2912
1998,10,1,17,30,12.3,42,27,45,0.6000000000000001,0.0000,0.0000
1998,10,1,18,0,11.8,4,0,4,0.4,0.0000,0.0000
1998,10,1,18,30,11.3,0,0,0,0.4,0.0000,0.0000
1998,10,1,19,0,10.9,0,0,0,0.4,0.0000,0.0000
1998,10,1,19,30,10.4,0,0,0,0.4,0.0000,0.0000
1998,10,1,20,0,9.9,0,0,0,0.4,0.0000,0.0000
1998,10,1,20,30,9.4,0,0,0,0.7000000000000001,0.0000,0.0000
1998,10,1,21,0,8.9,0,0,0,1,0.0000,0.0000
1998,10,1,21,30,8.3,0,0,0,1.4000000000000001,0.0000,0.0000
1998,10,1,22,0,7.7,0,0,0,1.8,0.0000,0.0000
1998,10,1,22,30,7.300000000000001,0,0,0,2.1,0.0000,0.0000
1998,10,1,23,0,6.9,0,0,0,2.4000000000000004,0.0000,0.0000
1998,10,1,23,30,6.7,0,0,0,2.6,0.0000,0.0000
1998,10,2,0,0,6.6000000000000005,0,0,0,2.9000000000000004,0.0000,0.0000
1998,10,2,0,30,6.5,0,0,0,2.9000000000000004,0.0000,0.0000
1998,10,2,1,0,6.5,0,0,0,3,0.0000,0.0000
1998,10,2,1,30,6.6000000000000005,0,0,0,3,0.0000,0.0000
1998,10,2,2,0,6.6000000000000005,0,0,0,3,0.0000,0.0000
1998,10,2,2,30,6.6000000000000005,0,0,0,3.2,0.0000,0.0000
1998,10,2,3,0,6.7,0,0,0,3.5,0.0000,0.0000
1998,10,2,3,30,6.7,0,0,0,3.9000000000000004,0.0000,0.0000
1998,10,2,4,0,6.6000000000000005,0,0,0,4.3,0.0000,0.0000
1998,10,2,4,30,6.6000000000000005,0,0,0,4.2,0.0000,0.0000
1998,10,2,5,0,6.6000000000000005,0,0,0,4,0.0000,0.0000
1998,10,2,5,30,6.6000000000000005,0,0,0,3.8000000000000003,0.0000,0.0000
1998,10,2,6,0,6.5,0,0,0,3.5,0.0000,0.0000
1998,10,2,6,30,6.5,0,0,0,4.1000000000000005,0.0000,0.0000
1998,10,2,7,0,6.4,9,0,9,4.7,0.0000,0.0000
1998,10,2,7,30,6.5,17,0,17,5,0.8110,0.6189
1998,10,2,8,0,6.6000000000000005,46,0,46,5.4,2.2786,1.7555
1998,10,2,8,30,7,65,1,66,5.5,3.4246,2.6568
1998,10,2,9,0,7.4,106,2,106,5.5,5.7113,4.4504
1998,10,2,9,30,7.9,185,15,192,5.4,10.6418,8.3158
1998,10,2,10,0,8.4,17,0,17,5.300000000000001,0.9621,0.7532
1998,10,2,10,30,8.700000000000001,180,5,183,5.1000000000000005,10.5131,8.2406
1998,10,2,11,0,9.1,78,0,78,5,4.5280,3.5521
1998,10,2,11,30,9.200000000000001,165,2,166,5,9.7002,7.6134
1998,10,2,12,0,9.4,125,0,125,4.9,7.3283,5.7531
1998,10,2,12,30,9.600000000000001,122,1,123,5,7.2123,5.6621
1998,10,2,13,0,9.8,215,4,217,5.1000000000000005,12.6868,9.9578
1998,10,2,13,30,9.9,147,1,147,5.1000000000000005,8.5405,6.7003
1998,10,2,14,0,9.9,16,0,16,5.1000000000000005,0.9203,0.7215
1998,10,2,14,30,9.8,29,0,29,5.1000000000000005,1.6440,1.2873
1998,10,2,15,0,9.700000000000001,87,0,87,5.1000000000000005,4.8336,3.7779
1998,10,2,15,30,9.4,90,0,90,5,4.8646,3.7919
1998,10,2,16,0,9.200000000000001,39,0,39,4.9,2.0322,1.5774
1998,10,2,16,30,8.8,9,0,9,4.7,0.4479,0.3454
1998,10,2,17,0,8.5,18,0,18,4.5,0.8601,0.6570
1998,10,2,17,30,8.3,14,0,14,4.2,0.0000,0.0000
1998,10,2,18,0,8,0,0,0,3.9000000000000004,0.0000,0.0000
1998,10,2,18,30,7.800000000000001,0,0,0,3.9000000000000004,0.0000,0.0000
1998,10,2,19,0,7.6000000000000005,0,0,0,3.8000000000000003,0.0000,0.0000
1998,10,2,19,30,7.4,0,0,0,3.7,0.0000,0.0000
1998,10,2,20,0,7.300000000000001,0,0,0,3.6,0.0000,0.0000
1998,10,2,20,30,7.2,0,0,0,3.4000000000000004,0.0000,0.0000
1998,10,2,21,0,7.1000000000000005,0,0,0,3.3000000000000003,0.0000,0.0000
1998,10,2,21,30,7,0,0,0,3.2,0.0000,0.0000
1998,10,2,22,0,7,0,0,0,3.1,0.0000,0.0000
1998,10,2,22,30,7,0,0,0,3,0.0000,0.0000
1998,10,2,23,0,7,0,0,0,3,0.0000,0.0000
1998,10,2,23,30,7,0,0,0,2.9000000000000004,0.0000,0.0000
1998,10,3,0,0,7,0,0,0,2.9000000000000004,0.0000,0.0000
1998,10,3,0,30,7,0,0,0,2.9000000000000004,0.0000,0.0000
1998,10,3,1,0,7,0,0,0,2.9000000000000004,0.0000,0.0000
1998,10,3,1,30,7,0,0,0,2.9000000000000004,0.0000,0.0000
1998,10,3,2,0,7,0,0,0,2.8000000000000003,0.0000,0.0000
1998,10,3,2,30,7,0,0,0,2.8000000000000003,0.0000,0.0000
1998,10,3,3,0,7,0,0,0,2.8000000000000003,0.0000,0.0000
1998,10,3,3,30,7,0,0,0,2.7,0.0000,0.0000
1998,10,3,4,0,7,0,0,0,2.7,0.0000,0.0000
1998,10,3,4,30,7.1000000000000005,0,0,0,2.6,0.0000,0.0000
1998,10,3,5,0,7.1000000000000005,0,0,0,2.6,0.0000,0.0000
1998,10,3,5,30,7.1000000000000005,0,0,0,2.5,0.0000,0.0000
1998,10,3,6,0,7.1000000000000005,0,0,0,2.5,0.0000,0.0000
1998,10,3,6,30,7.2,0,0,0,2.5,0.0000,0.0000
1998,10,3,7,0,7.300000000000001,6,0,6,2.5,0.0000,0.0000
1998,10,3,7,30,7.5,20,0,20,2.5,0.9537,0.7276
1998,10,3,8,0,7.6000000000000005,44,0,44,2.6,2.1752,1.6751
1998,10,3,8,30,7.9,106,0,106,2.6,5.4893,4.2575
1998,10,3,9,0,8.200000000000001,93,0,93,2.6,5.0021,3.8971
1998,10,3,9,30,8.6,97,0,97,2.5,5.3681,4.1942
1998,10,3,10,0,9,133,0,133,2.5,7.5166,5.8839
1998,10,3,10,30,9.4,179,0,179,2.6,10.2707,8.0498
1998,10,3,11,0,9.9,173,0,173,2.6,10.0309,7.8683
1998,10,3,11,30,10.3,190,0,190,2.8000000000000003,11.0900,8.7034
1998,10,3,12,0,10.700000000000001,228,0,229,2.9000000000000004,13.4103,10.5270
1998,10,3,12,30,11.100000000000001,215,0,215,3,12.5920,9.8847
1998,10,3,13,0,11.4,227,0,227,3.2,13.2547,10.4026
1998,10,3,13,30,11.600000000000001,196,0,196,3.3000000000000003,11.3720,8.9208
1998,10,3,14,0,11.8,156,0,156,3.4000000000000004,8.9599,7.0230
1998,10,3,14,30,11.8,146,0,146,3.5,8.2628,6.4688
1998,10,3,15,0,11.700000000000001,113,0,113,3.6,6.2656,4.8963
1998,10,3,15,30,11.4,91,0,91,3.7,4.9069,3.8239
1998,10,3,16,0,11.100000000000001,68,0,68,3.7,3.5332,2.7415
1998,10,3,16,30,10.8,75,2,75,3.5,3.7214,2.8678
1998,10,3,17,0,10.4,72,1,73,3.3000000000000003,3.4843,2.6600
1998,10,3,17,30,10,44,116,55,3.1,0.0000,0.0000
1998,10,3,18,0,9.700000000000001,0,0,0,2.8000000000000003,0.0000,0.0000
1998,10,3,18,30,9.5,0,0,0,2.7,0.0000,0.0000
1998,10,3,19,0,9.4,0,0,0,2.6,0.0000,0.0000
1998,10,3,19,30,9.3,0,0,0,2.6,0.0000,0.0000
1998,10,3,20,0,9.200000000000001,0,0,0,2.5,0.0000,0.0000
1998,10,3,20,30,9.1,0,0,0,2.6,0.0000,0.0000
1998,10,3,21,0,9.1,0,0,0,2.6,0.0000,0.0000
1998,10,3,21,30,9,0,0,0,2.7,0.0000,0.0000
1998,10,3,22,0,8.9,0,0,0,2.8000000000000003,0.0000,0.0000
1998,10,3,22,30,8.9,0,0,0,3,0.0000,0.0000
1998,10,3,23,0,8.8,0,0,0,3.1,0.0000,0.0000
1998,10,3,23,30,8.700000000000001,0,0,0,3.1,0.0000,0.0000
1998,10,4,0,0,8.700000000000001,0,0,0,3.1,0.0000,0.0000
1998,10,4,0,30,8.6,0,0,0,3.1,0.0000,0.0000
1998,10,4,1,0,8.6,0,0,0,3.1,0.0000,0.0000
1998,10,4,1,30,8.5,0,0,0,3.2,0.0000,0.0000
1998,10,4,2,0,8.5,0,0,0,3.3000000000000003,0.0000,0.0000
1998,10,4,2,30,8.5,0,0,0,3.5,0.0000,0.0000
1998,10,4,3,0,8.5,0,0,0,3.6,0.0000,0.0000
1998,10,4,3,30,8.5,0,0,0,3.8000000000000003,0.0000,0.0000
1998,10,4,4,0,8.5,0,0,0,4,0.0000,0.0000
1998,10,4,4,30,8.6,0,0,0,4.1000000000000005,0.0000,0.0000
1998,10,4,5,0,8.6,0,0,0,4.2,0.0000,0.0000
1998,10,4,5,30,8.700000000000001,0,0,0,4.3,0.0000,0.0000
1998,10,4,6,0,8.700000000000001,0,0,0,4.3,0.0000,0.0000
1998,10,4,6,30,8.9,0,0,0,4.5,0.0000,0.0000
1998,10,4,7,0,9.1,4,0,4,4.7,0.0000,0.0000
1998,10,4,7,30,9.600000000000001,7,0,7,5.300000000000001,0.3337,0.2545
1998,10,4,8,0,10,11,0,11,6,0.5426,0.4177
1998,10,4,8,30,10.600000000000001,20,0,20,6.5,1.0336,0.8014
1998,10,4,9,0,11.200000000000001,32,0,32,7,1.7180,1.3382
1998,10,4,9,30,11.9,21,0,21,7.300000000000001,1.1604,0.9065
1998,10,4,10,0,12.600000000000001,11,0,11,7.5,0.6208,0.4859
1998,10,4,10,30,13.3,70,0,70,7.7,4.0113,3.1436
1998,10,4,11,0,14,35,0,35,7.9,2.0269,1.5898
1998,10,4,11,30,14.700000000000001,17,0,17,8.1,0.9911,0.7778
1998,10,4,12,0,15.4,198,3,201,8.3,11.7569,9.2282
1998,10,4,12,30,16,142,1,142,8.5,8.3066,6.5201
1998,10,4,13,0,16.6,200,3,202,8.700000000000001,11.7801,9.2444
1998,10,4,13,30,17,213,5,216,8.700000000000001,12.5153,9.8166
1998,10,4,14,0,17.3,301,78,350,8.8,20.0712,15.7304
1998,10,4,14,30,17.400000000000002,113,1,113,8.8,6.3842,4.9973
1998,10,4,15,0,17.5,139,3,140,8.8,7.7470,6.0528
1998,10,4,15,30,17.400000000000002,130,4,132,8.9,7.1003,5.5318
1998,10,4,16,0,17.400000000000002,47,0,47,8.9,2.4350,1.8887
1998,10,4,16,30,17.400000000000002,90,4,91,8.9,4.5015,3.4671
1998,10,4,17,0,17.400000000000002,76,6,77,8.9,3.6721,2.8020
1998,10,4,17,30,17.5,38,10,39,8.1,0.0000,0.0000
1998,10,4,18,0,17.6,0,0,0,7.300000000000001,0.0000,0.0000
1998,10,4,18,30,17.7,0,0,0,6,0.0000,0.0000
1998,10,4,19,0,17.8,0,0,0,4.7,0.0000,0.0000
1998,10,4,19,30,17.2,0,0,0,4.7,0.0000,0.0000
1998,10,4,20,0,16.6,0,0,0,4.6000000000000005,0.0000,0.0000
1998,10,4,20,30,14.9,0,0,0,4.5,0.0000,0.0000
1998,10,4,21,0,13.100000000000001,0,0,0,4.3,0.0000,0.0000
1998,10,4,21,30,11.8,0,0,0,3.6,0.0000,0.0000
1998,10,4,22,0,10.5,0,0,0,2.9000000000000004,0.0000,0.0000
1998,10,4,22,30,9.600000000000001,0,0,0,2.4000000000000004,0.0000,0.0000
1998,10,4,23,0,8.700000000000001,0,0,0,1.9000000000000001,0.0000,0.0000
1998,10,4,23,30,8.3,0,0,0,2,0.0000,0.0000
1998,10,5,0,0,7.800000000000001,0,0,0,2.1,0.0000,0.0000
1998,10,5,0,30,7.5,0,0,0,2.3000000000000003,0.0000,0.0000
1998,10,5,1,0,7.2,0,0,0,2.5,0.0000,0.0000
1998,10,5,1,30,6.800000000000001,0,0,0,2.3000000000000003,0.0000,0.0000
1998,10,5,2,0,6.4,0,0,0,2.1,0.0000,0.0000
1998,10,5,2,30,6.2,0,0,0,2.1,0.0000,0.0000
1998,10,5,3,0,6,0,0,0,2.2,0.0000,0.0000
1998,10,5,3,30,6,0,0,0,2.5,0.0000,0.0000
1998,10,5,4,0,6.1000000000000005,0,0,0,2.8000000000000003,0.0000,0.0000
1998,10,5,4,30,6.2,0,0,0,2.9000000000000004,0.0000,0.0000
1998,10,5,5,0,6.300000000000001,0,0,0,3,0.0000,0.0000
1998,10,5,5,30,6.2,0,0,0,3.2,0.0000,0.0000
1998,10,5,6,0,6.2,0,0,0,3.4000000000000004,0.0000,0.0000
1998,10,5,6,30,6.5,0,0,0,3.5,0.0000,0.0000
1998,10,5,7,0,6.800000000000001,42,12,43,3.5,0.0000,0.0000
1998,10,5,7,30,7.9,88,29,93,3.6,4.4327,3.3799
1998,10,5,8,0,9.1,150,128,185,3.6,9.1080,7.0089
1998,10,5,8,30,10.4,152,429,304,4.2,15.6790,12.1540
1998,10,5,9,0,11.700000000000001,117,650,399,4.9,21.3832,16.6528
1998,10,5,9,30,12.5,72,873,509,5,28.0798,21.9326
1998,10,5,10,0,13.3,76,894,578,5.1000000000000005,32.5746,25.4928
1998,10,5,10,30,14,79,914,636,5.2,36.3982,28.5218
1998,10,5,11,0,14.700000000000001,79,932,682,5.300000000000001,39.4482,30.9377
1998,10,5,11,30,15.5,80,941,713,5.4,41.5191,32.5785
1998,10,5,12,0,16.3,79,949,730,5.6000000000000005,42.6482,33.4726
1998,10,5,12,30,16.900000000000002,79,949,730,5.7,42.6509,33.4749
1998,10,5,13,0,17.400000000000002,299,500,635,5.800000000000001,36.9844,29.0207
1998,10,5,13,30,17.7,75,940,685,6,39.6346,31.0847
1998,10,5,14,0,18,318,57,353,6.1000000000000005,20.2121,15.8389
1998,10,5,14,30,17.900000000000002,275,372,484,6,27.2967,21.3636
1998,10,5,15,0,17.8,144,627,460,5.9,25.4017,19.8427
1998,10,5,15,30,17.400000000000002,241,46,261,5.6000000000000005,14.0055,10.9088
1998,10,5,16,0,16.900000000000002,119,568,322,5.4,16.6334,12.8966
1998,10,5,16,30,15.8,105,460,231,4.7,11.3924,8.7696
1998,10,5,17,0,14.700000000000001,38,635,156,4.1000000000000005,7.4362,5.6715
1998,10,5,17,30,13.200000000000001,24,0,24,3.8000000000000003,0.0000,0.0000
1998,10,5,18,0,11.700000000000001,0,0,0,3.5,0.0000,0.0000
1998,10,5,18,30,10.9,0,0,0,3.2,0.0000,0.0000
1998,10,5,19,0,10,0,0,0,2.8000000000000003,0.0000,0.0000
1998,10,5,19,30,9.3,0,0,0,2.4000000000000004,0.0000,0.0000
1998,10,5,20,0,8.5,0,0,0,2.1,0.0000,0.0000
1998,10,5,20,30,8.1,0,0,0,2,0.0000,0.0000
1998,10,5,21,0,7.6000000000000005,0,0,0,1.9000000000000001,0.0000,0.0000
1998,10,5,21,30,7.2,0,0,0,1.7000000000000002,0.0000,0.0000
1998,10,5,22,0,6.800000000000001,0,0,0,1.6,0.0000,0.0000
1998,10,5,22,30,6.6000000000000005,0,0,0,1.8,0.0000,0.0000
1998,10,5,23,0,6.4,0,0,0,2,0.0000,0.0000
1998,10,5,23,30,6.1000000000000005,0,0,0,2,0.0000,0.0000
1998,10,6,0,0,5.800000000000001,0,0,0,2,0.0000,0.0000
1998,10,6,0,30,5.5,0,0,0,1.9000000000000001,0.0000,0.0000
1998,10,6,1,0,5.2,0,0,0,1.8,0.0000,0.0000
1998,10,6,1,30,5,0,0,0,2,0.0000,0.0000
1998,10,6,2,0,4.800000000000001,0,0,0,2.2,0.0000,0.0000
1998,10,6,2,30,4.800000000000001,0,0,0,2.5,0.0000,0.0000
1998,10,6,3,0,4.800000000000001,0,0,0,2.9000000000000004,0.0000,0.0000
1998,10,6,3,30,4.7,0,0,0,3.1,0.0000,0.0000
1998,10,6,4,0,4.6000000000000005,0,0,0,3.3000000000000003,0.0000,0.0000
1998,10,6,4,30,4.5,0,0,0,3.2,0.0000,0.0000
1998,10,6,5,0,4.5,0,0,0,3.1,0.0000,0.0000
1998,10,6,5,30,4.3,0,0,0,2.7,0.0000,0.0000
1998,10,6,6,0,4.1000000000000005,0,0,0,2.4000000000000004,0.0000,0.0000
1998,10,6,6,30,5.1000000000000005,0,0,0,2.7,0.0000,0.0000
1998,10,6,7,0,6,26,376,58,3.1,0.0000,0.0000
1998,10,6,7,30,7.4,24,0,24,3.4000000000000004,1.1440,0.8720
1998,10,6,8,0,8.8,67,0,67,3.8000000000000003,3.2920,2.5323
1998,10,6,8,30,9.9,132,3,132,4.1000000000000005,6.7937,5.2648
1998,10,6,9,0,11,168,3,169,4.4,9.0407,7.0393
1998,10,6,9,30,11.9,206,5,208,4.5,11.4565,8.9471
1998,10,6,10,0,12.700000000000001,258,17,267,4.6000000000000005,15.0263,11.7581
1998,10,6,10,30,13.4,264,5,267,4.7,15.2602,11.9567
1998,10,6,11,0,14.100000000000001,299,12,307,4.9,17.7355,13.9079
1998,10,6,11,30,14.700000000000001,316,14,325,5,18.9025,14.8308
1998,10,6,12,0,15.200000000000001,336,27,355,5,20.7148,16.2566
1998,10,6,12,30,15.600000000000001,396,169,511,5,29.8185,23.4011
1998,10,6,13,0,15.9,350,71,398,4.9,23.1499,18.1633
1998,10,6,13,30,16,359,86,414,4.9,23.9204,18.7583
1998,10,6,14,0,16.1,350,168,452,4.9,25.8402,20.2467
1998,10,6,14,30,16.1,216,2,217,4.800000000000001,12.2165,9.5597
1998,10,6,15,0,16,145,0,145,4.800000000000001,7.9903,6.2404
1998,10,6,15,30,15.700000000000001,137,1,138,4.5,7.3866,5.7518
1998,10,6,16,0,15.3,108,1,108,4.3,5.5629,4.3115
1998,10,6,16,30,14.5,82,1,82,3.6,4.0320,3.1020
1998,10,6,17,0,13.700000000000001,44,0,44,2.9000000000000004,2.0972,1.5989
1998,10,6,17,30,12.200000000000001,15,0,15,2.2,0.0000,0.0000
1998,10,6,18,0,10.600000000000001,0,0,0,1.6,0.0000,0.0000
1998,10,6,18,30,10.100000000000001,0,0,0,1.5,0.0000,0.0000
1998,10,6,19,0,9.600000000000001,0,0,0,1.5,0.0000,0.0000
1998,10,6,19,30,9.3,0,0,0,1.5,0.0000,0.0000
1998,10,6,20,0,8.9,0,0,0,1.5,0.0000,0.0000
1998,10,6,20,30,8.6,0,0,0,1.5,0.0000,0.0000
1998,10,6,21,0,8.3,0,0,0,1.6,0.0000,0.0000
1998,10,6,21,30,8,0,0,0,1.7000000000000002,0.0000,0.0000
1998,10,6,22,0,7.7,0,0,0,1.8,0.0000,0.0000
1998,10,6,22,30,7.5,0,0,0,1.9000000000000001,0.0000,0.0000
1998,10,6,23,0,7.2,0,0,0,2.1,0.0000,0.0000
1998,10,6,23,30,6.9,0,0,0,2.2,0.0000,0.0000
1998,10,7,0,0,6.6000000000000005,0,0,0,2.4000000000000004,0.0000,0.0000
1998,10,7,0,30,6.4,0,0,0,2.5,0.0000,0.0000
1998,10,7,1,0,6.1000000000000005,0,0,0,2.6,0.0000,0.0000
1998,10,7,1,30,5.7,0,0,0,2.5,0.0000,0.0000
1998,10,7,2,0,5.4,0,0,0,2.4000000000000004,0.0000,0.0000
1998,10,7,2,30,5.1000000000000005,0,0,0,2.3000000000000003,0.0000,0.0000
1998,10,7,3,0,4.800000000000001,0,0,0,2.2,0.0000,0.0000
1998,10,7,3,30,4.6000000000000005,0,0,0,2.3000000000000003,0.0000,0.0000
1998,10,7,4,0,4.4,0,0,0,2.3000000000000003,0.0000,0.0000
1998,10,7,4,30,4.3,0,0,0,2.5,0.0000,0.0000
1998,10,7,5,0,4.1000000000000005,0,0,0,2.6,0.0000,0.0000
1998,10,7,5,30,4,0,0,0,2.7,0.0000,0.0000
1998,10,7,6,0,3.8000000000000003,0,0,0,2.8000000000000003,0.0000,0.0000
1998,10,7,6,30,4.3,0,0,0,3.2,0.0000,0.0000
1998,10,7,7,0,4.800000000000001,23,443,60,3.5,0.0000,0.0000
1998,10,7,7,30,6,36,635,147,3.5,7.0085,5.3413
1998,10,7,8,0,7.300000000000001,44,752,243,3.4000000000000004,11.9152,9.1619
1998,10,7,8,30,9.3,51,825,338,3.8000000000000003,17.3591,13.4487
1998,10,7,9,0,11.4,54,878,427,4.1000000000000005,22.7991,17.7482
1998,10,7,9,30,12.5,57,913,508,4.2,27.9353,21.8131
1998,10,7,10,0,13.700000000000001,61,937,579,4.4,32.5369,25.4569
1998,10,7,10,30,14.4,63,955,638,4.3,36.4170,28.5304
1998,10,7,11,0,15.200000000000001,66,967,683,4.2,39.4075,30.8999
1998,10,7,11,30,15.8,67,975,714,4.1000000000000005,41.4767,32.5393
1998,10,7,12,0,16.400000000000002,69,978,730,4,42.5440,33.3848
1998,10,7,12,30,16.7,69,978,730,3.9000000000000004,42.5440,33.3848
1998,10,7,13,0,17.1,69,974,715,3.8000000000000003,41.5348,32.5849
1998,10,7,13,30,17.3,68,961,681,3.6,39.2921,30.8094
1998,10,7,14,0,17.400000000000002,65,949,636,3.5,36.3029,28.4410
1998,10,7,14,30,17.400000000000002,63,931,577,3.4000000000000004,32.4245,25.3690
1998,10,7,15,0,17.3,60,905,506,3.3000000000000003,27.8237,21.7258
1998,10,7,15,30,17,56,870,425,3.1,22.6923,17.6651
1998,10,7,16,0,16.6,50,826,338,2.8000000000000003,17.3575,13.4474
1998,10,7,16,30,15.100000000000001,44,754,243,2,11.9142,9.1609
1998,10,7,17,0,13.700000000000001,35,644,147,1.2000000000000002,7.0087,5.3414
1998,10,7,17,30,12.100000000000001,22,454,60,1.2000000000000002,0.0000,0.0000
1998,10,7,18,0,10.5,0,0,0,1.2000000000000002,0.0000,0.0000
1998,10,7,18,30,10.200000000000001,0,0,0,1.2000000000000002,0.0000,0.0000
1998,10,7,19,0,9.8,0,0,0,1.2000000000000002,0.0000,0.0000
1998,10,7,19,30,9.600000000000001,0,0,0,1.2000000000000002,0.0000,0.0000
1998,10,7,20,0,9.3,0,0,0,1.2000000000000002,0.0000,0.0000
1998,10,7,20,30,9,0,0,0,1.2000000000000002,0.0000,0.0000
1998,10,7,21,0,8.6,0,0,0,1.2000000000000002,0.0000,0.0000
1998,10,7,21,30,8.200000000000001,0,0,0,1.2000000000000002,0.0000,0.0000
1998,10,7,22,0,7.800000000000001,0,0,0,1.2000000000000002,0.0000,0.0000
1998,10,7,22,30,7.4,0,0,0,1.2000000000000002,0.0000,0.0000
1998,10,7,23,0,7,0,0,0,1.2000000000000002,0.0000,0.0000
1998,10,7,23,30,6.7,0,0,0,1.2000000000000002,0.0000,0.0000
1998,10,8,0,0,6.4,0,0,0,1.2000000000000002,0.0000,0.0000
1998,10,8,0,30,6,0,0,0,1.2000000000000002,0.0000,0.0000
1998,10,8,1,0,5.7,0,0,0,1.2000000000000002,0.0000,0.0000
1998,10,8,1,30,5.4,0,0,0,1.2000000000000002,0.0000,0.0000
1998,10,8,2,0,5.1000000000000005,0,0,0,1.2000000000000002,0.0000,0.0000
1998,10,8,2,30,4.800000000000001,0,0,0,1.2000000000000002,0.0000,0.0000
1998,10,8,3,0,4.5,0,0,0,1.2000000000000002,0.0000,0.0000
1998,10,8,3,30,4.2,0,0,0,1.2000000000000002,0.0000,0.0000
1998,10,8,4,0,3.9000000000000004,0,0,0,1.2000000000000002,0.0000,0.0000
1998,10,8,4,30,3.7,0,0,0,1.2000000000000002,0.0000,0.0000
1998,10,8,5,0,3.4000000000000004,0,0,0,1.2000000000000002,0.0000,0.0000
1998,10,8,5,30,3.3000000000000003,0,0,0,1.2000000000000002,0.0000,0.0000
1998,10,8,6,0,3.1,0,0,0,1.3,0.0000,0.0000
1998,10,8,6,30,4.3,0,0,0,1.6,0.0000,0.0000
1998,10,8,7,0,5.5,22,456,58,1.8,0.0000,0.0000
1998,10,8,7,30,7,34,649,145,2.3000000000000003,0.0000,0.0000
1998,10,8,8,0,8.6,43,759,240,2.8000000000000003,11.7453,9.0277
1998,10,8,8,30,10.4,49,832,335,2.8000000000000003,17.1683,13.2970
1998,10,8,9,0,12.200000000000001,54,882,425,2.8000000000000003,22.6504,17.6288
1998,10,8,9,30,14.200000000000001,57,917,506,3.4000000000000004,27.7785,21.6871
1998,10,8,10,0,16.2,60,943,577,4,32.3776,25.3291
1998,10,8,10,30,17.2,62,961,636,4,36.2534,28.3991
1998,10,8,11,0,18.1,63,975,681,4.1000000000000005,39.2420,30.7669
1998,10,8,11,30,18.8,64,983,711,4.1000000000000005,41.2512,32.3593
1998,10,8,12,0,19.5,184,720,667,4.2,38.8250,30.4636
1998,10,8,12,30,20,64,982,723,4.2,42.0833,33.0201
1998,10,8,13,0,20.5,254,641,676,4.3,39.2165,30.7629
1998,10,8,13,30,20.700000000000003,63,966,674,4.3,38.8312,30.4445
1998,10,8,14,0,20.900000000000002,61,953,629,4.4,35.8452,28.0787
1998,10,8,14,30,20.700000000000003,59,935,570,4.4,31.9719,25.0108
1998,10,8,15,0,20.6,56,905,498,4.4,27.3260,21.3328
1998,10,8,15,30,20.1,52,869,417,4.2,22.2075,17.2826
1998,10,8,16,0,19.6,98,651,320,4,16.3849,12.6887
1998,10,8,16,30,18,110,323,193,3.3000000000000003,9.4361,7.2514
1998,10,8,17,0,16.400000000000002,33,629,140,2.6,0.0000,0.0000
1998,10,8,17,30,14.8,21,431,54,2.7,0.0000,0.0000
1998,10,8,18,0,13.3,0,0,0,2.7,0.0000,0.0000
1998,10,8,18,30,13.100000000000001,0,0,0,3.1,0.0000,0.0000
1998,10,8,19,0,12.8,0,0,0,3.5,0.0000,0.0000
1998,10,8,19,30,12.3,0,0,0,3.6,0.0000,0.0000
1998,10,8,20,0,11.8,0,0,0,3.6,0.0000,0.0000
1998,10,8,20,30,11.3,0,0,0,3.7,0.0000,0.0000
1998,10,8,21,0,10.8,0,0,0,3.7,0.0000,0.0000
1998,10,8,21,30,10.4,0,0,0,3.7,0.0000,0.0000
1998,10,8,22,0,10,0,0,0,3.8000000000000003,0.0000,0.0000
1998,10,8,22,30,9.700000000000001,0,0,0,3.8000000000000003,0.0000,0.0000
1998,10,8,23,0,9.5,0,0,0,3.9000000000000004,0.0000,0.0000
1998,10,8,23,30,9.200000000000001,0,0,0,3.9000000000000004,0.0000,0.0000
1998,10,9,0,0,8.8,0,0,0,3.9000000000000004,0.0000,0.0000
1998,10,9,0,30,8.5,0,0,0,3.9000000000000004,0.0000,0.0000
1998,10,9,1,0,8.200000000000001,0,0,0,3.9000000000000004,0.0000,0.0000
1998,10,9,1,30,8,0,0,0,3.9000000000000004,0.0000,0.0000
1998,10,9,2,0,7.7,0,0,0,3.9000000000000004,0.0000,0.0000
1998,10,9,2,30,7.5,0,0,0,3.8000000000000003,0.0000,0.0000
1998,10,9,3,0,7.300000000000001,0,0,0,3.8000000000000003,0.0000,0.0000
1998,10,9,3,30,7.2,0,0,0,3.8000000000000003,0.0000,0.0000
1998,10,9,4,0,7.1000000000000005,0,0,0,3.8000000000000003,0.0000,0.0000
1998,10,9,4,30,7.2,0,0,0,3.8000000000000003,0.0000,0.0000
1998,10,9,5,0,7.300000000000001,0,0,0,3.7,0.0000,0.0000
1998,10,9,5,30,7.2,0,0,0,3.5,0.0000,0.0000
1998,10,9,6,0,7.2,0,0,0,3.4000000000000004,0.0000,0.0000
1998,10,9,6,30,7.5,0,0,0,3.6,0.0000,0.0000
1998,10,9,7,0,7.800000000000001,23,372,51,3.8000000000000003,0.0000,0.0000
1998,10,9,7,30,9.1,38,573,134,4.2,0.0000,0.0000
1998,10,9,8,0,10.3,139,32,147,4.5,7.1796,5.5161
1998,10,9,8,30,12.100000000000001,56,771,318,5.2,16.2621,12.5914
1998,10,9,9,0,14,62,824,406,6,21.5957,16.8043
1998,10,9,9,30,15.4,67,862,485,6.2,26.5817,20.7494
1998,10,9,10,0,16.900000000000002,71,890,555,6.4,31.0958,24.3231
1998,10,9,10,30,18.1,73,910,612,6.4,34.8372,27.2865
1998,10,9,11,0,19.400000000000002,76,923,656,6.5,37.7523,29.5960
1998,10,9,11,30,20.200000000000003,77,931,686,6.5,39.7506,31.1791
1998,10,9,12,0,21.1,78,935,701,6.5,40.7521,31.9726
1998,10,9,12,30,21.700000000000003,78,935,701,6.4,40.7493,31.9703
1998,10,9,13,0,22.200000000000003,78,929,685,6.4,39.6842,31.1266
1998,10,9,13,30,22.400000000000002,77,918,653,6.300000000000001,37.5666,29.4496
1998,10,9,14,0,22.700000000000003,75,902,608,6.2,34.5913,27.0928
1998,10,9,14,30,22.6,72,882,550,6.1000000000000005,30.7936,24.0851
1998,10,9,15,0,22.5,69,852,480,5.9,26.2817,20.5133
1998,10,9,15,30,22,64,813,401,5.5,21.3008,16.5722
1998,10,9,16,0,21.5,58,755,313,5.1000000000000005,15.9791,12.3692
1998,10,9,16,30,20.200000000000003,50,674,221,4.3,10.7753,8.2757
1998,10,9,17,0,18.900000000000002,39,543,128,3.5,0.0000,0.0000
1998,10,9,17,30,17.5,23,336,47,3.4000000000000004,0.0000,0.0000
1998,10,9,18,0,16,0,0,0,3.3000000000000003,0.0000,0.0000
1998,10,9,18,30,15.600000000000001,0,0,0,3.6,0.0000,0.0000
1998,10,9,19,0,15.200000000000001,0,0,0,3.9000000000000004,0.0000,0.0000
1998,10,9,19,30,14.600000000000001,0,0,0,4,0.0000,0.0000
1998,10,9,20,0,14.100000000000001,0,0,0,4.1000000000000005,0.0000,0.0000
1998,10,9,20,30,13.8,0,0,0,4.2,0.0000,0.0000
1998,10,9,21,0,13.4,0,0,0,4.3,0.0000,0.0000
1998,10,9,21,30,12.8,0,0,0,4,0.0000,0.0000
1998,10,9,22,0,12.200000000000001,0,0,0,3.7,0.0000,0.0000
1998,10,9,22,30,11.8,0,0,0,3.5,0.0000,0.0000
1998,10,9,23,0,11.4,0,0,0,3.4000000000000004,0.0000,0.0000
1998,10,9,23,30,11.100000000000001,0,0,0,3.3000000000000003,0.0000,0.0000
1998,10,10,0,0,10.700000000000001,0,0,0,3.2,0.0000,0.0000
1998,10,10,0,30,10.5,0,0,0,3.2,0.0000,0.0000
1998,10,10,1,0,10.200000000000001,0,0,0,3.1,0.0000,0.0000
1998,10,10,1,30,10,0,0,0,3.1,0.0000,0.0000
1998,10,10,2,0,9.8,0,0,0,3.1,0.0000,0.0000
1998,10,10,2,30,9.700000000000001,0,0,0,3,0.0000,0.0000
1998,10,10,3,0,9.600000000000001,0,0,0,2.9000000000000004,0.0000,0.0000
1998,10,10,3,30,9.600000000000001,0,0,0,2.8000000000000003,0.0000,0.0000
1998,10,10,4,0,9.5,0,0,0,2.8000000000000003,0.0000,0.0000
1998,10,10,4,30,9.4,0,0,0,2.8000000000000003,0.0000,0.0000
1998,10,10,5,0,9.4,0,0,0,2.8000000000000003,0.0000,0.0000
1998,10,10,5,30,9.200000000000001,0,0,0,2.7,0.0000,0.0000
1998,10,10,6,0,9.1,0,0,0,2.7,0.0000,0.0000
1998,10,10,6,30,9.4,0,0,0,2.9000000000000004,0.0000,0.0000
1998,10,10,7,0,9.700000000000001,26,267,45,3.1,0.0000,0.0000
1998,10,10,7,30,10.700000000000001,46,480,124,3.3000000000000003,0.0000,0.0000
1998,10,10,8,0,11.8,59,621,216,3.5,10.5297,8.0868
1998,10,10,8,30,13.200000000000001,69,707,307,3.6,15.6657,12.1258
1998,10,10,9,0,14.600000000000001,75,772,394,3.7,20.9163,16.2719
1998,10,10,9,30,16,81,818,474,3.9000000000000004,25.9339,20.2403
1998,10,10,10,0,17.400000000000002,85,850,544,4,30.4326,23.8010
1998,10,10,10,30,18.7,89,872,601,4.2,34.1630,26.7554
1998,10,10,11,0,19.900000000000002,90,889,646,4.4,37.1279,29.1034
1998,10,10,11,30,21,92,899,676,4.7,39.1209,30.6822
1998,10,10,12,0,22,93,901,688,5,39.9458,31.3370
1998,10,10,12,30,22.8,93,901,688,5.2,39.9417,31.3336
1998,10,10,13,0,23.5,92,893,670,5.5,38.7625,30.4005
1998,10,10,13,30,23.8,90,883,640,5.6000000000000005,36.7643,28.8172
1998,10,10,14,0,24.200000000000003,88,867,595,5.7,33.7964,26.4666
1998,10,10,14,30,24.1,84,842,536,5.7,29.9539,23.4244
1998,10,10,15,0,24,80,808,466,5.7,25.4595,19.8672
1998,10,10,15,30,23.5,74,762,386,5.4,20.4508,15.9062
1998,10,10,16,0,23,68,697,299,5.1000000000000005,15.2187,11.7756
1998,10,10,16,30,21.700000000000003,57,609,208,4.6000000000000005,10.1142,7.7635
1998,10,10,17,0,20.5,44,470,118,4.1000000000000005,0.0000,0.0000
1998,10,10,17,30,19.1,24,255,40,3.8000000000000003,0.0000,0.0000
1998,10,10,18,0,17.7,0,0,0,3.6,0.0000,0.0000
1998,10,10,18,30,17.1,0,0,0,3.8000000000000003,0.0000,0.0000
1998,10,10,19,0,16.5,0,0,0,4.1000000000000005,0.0000,0.0000
1998,10,10,19,30,15.9,0,0,0,4.2,0.0000,0.0000
1998,10,10,20,0,15.3,0,0,0,4.2,0.0000,0.0000
1998,10,10,20,30,14.8,0,0,0,4.3,0.0000,0.0000
1998,10,10,21,0,14.3,0,0,0,4.3,0.0000,0.0000
1998,10,10,21,30,13.9,0,0,0,4.3,0.0000,0.0000
1998,10,10,22,0,13.5,0,0,0,4.4,0.0000,0.0000
1998,10,10,22,30,13.100000000000001,0,0,0,4.3,0.0000,0.0000
1998,10,10,23,0,12.700000000000001,0,0,0,4.3,0.0000,0.0000
1998,10,10,23,30,12.5,0,0,0,4.3,0.0000,0.0000
1998,10,11,0,0,12.200000000000001,0,0,0,4.3,0.0000,0.0000
1998,10,11,0,30,12,0,0,0,4.3,0.0000,0.0000
1998,10,11,1,0,11.9,0,0,0,4.3,0.0000,0.0000
1998,10,11,1,30,11.700000000000001,0,0,0,4.3,0.0000,0.0000
1998,10,11,2,0,11.600000000000001,0,0,0,4.3,0.0000,0.0000
1998,10,11,2,30,11.4,0,0,0,4.2,0.0000,0.0000
1998,10,11,3,0,11.3,0,0,0,4.2,0.0000,0.0000
1998,10,11,3,30,11.200000000000001,0,0,0,4.2,0.0000,0.0000
1998,10,11,4,0,11.100000000000001,0,0,0,4.1000000000000005,0.0000,0.0000
1998,10,11,4,30,10.9,0,0,0,4.1000000000000005,0.0000,0.0000
1998,10,11,5,0,10.700000000000001,0,0,0,4.1000000000000005,0.0000,0.0000
1998,10,11,5,30,10.5,0,0,0,4.1000000000000005,0.0000,0.0000
1998,10,11,6,0,10.3,0,0,0,4.2,0.0000,0.0000
1998,10,11,6,30,10.4,0,0,0,4.3,0.0000,0.0000
1998,10,11,7,0,10.600000000000001,19,0,19,4.4,0.0000,0.0000
1998,10,11,7,30,11.4,12,0,12,4.5,0.0000,0.0000
1998,10,11,8,0,12.3,61,2,61,4.6000000000000005,2.9679,2.2784
1998,10,11,8,30,13.700000000000001,157,46,173,4.9,8.8087,6.8161
1998,10,11,9,0,15.100000000000001,87,708,376,5.2,19.9226,15.4955
1998,10,11,9,30,16.5,94,754,454,5.2,24.7977,19.3502
1998,10,11,10,0,17.900000000000002,102,782,521,5.2,29.1004,22.7559
1998,10,11,10,30,18.900000000000002,107,806,577,4.800000000000001,32.7521,25.6473
1998,10,11,11,0,19.8,113,817,619,4.3,35.5285,27.8467
1998,10,11,11,30,20.3,115,831,650,4,37.5672,29.4607
1998,10,11,12,0,20.8,378,94,440,3.6,25.5139,20.0134
1998,10,11,12,30,20.6,304,11,311,3.8000000000000003,18.0312,14.1437
1998,10,11,13,0,20.5,264,2,265,3.9000000000000004,15.3103,12.0062
1998,10,11,13,30,20,145,0,145,4.3,8.3169,6.5183
1998,10,11,14,0,19.5,109,0,109,4.6000000000000005,6.1810,4.8398
1998,10,11,14,30,19.1,144,0,144,4.9,8.0321,6.2801
1998,10,11,15,0,18.8,203,7,207,5.2,11.2842,8.8036
1998,10,11,15,30,18.400000000000002,234,57,256,5.1000000000000005,13.5286,10.5191
1998,10,11,16,0,18,69,709,300,5,15.2251,11.7755
1998,10,11,16,30,16.900000000000002,58,621,209,4.2,10.1365,7.7760
1998,10,11,17,0,15.8,39,535,121,3.4000000000000004,0.0000,0.0000
1998,10,11,17,30,14.100000000000001,21,308,40,2.8000000000000003,0.0000,0.0000
1998,10,11,18,0,12.5,0,0,0,2.3000000000000003,0.0000,0.0000
1998,10,11,18,30,12,0,0,0,2.4000000000000004,0.0000,0.0000
1998,10,11,19,0,11.5,0,0,0,2.6,0.0000,0.0000
1998,10,11,19,30,11.100000000000001,0,0,0,2.6,0.0000,0.0000
1998,10,11,20,0,10.600000000000001,0,0,0,2.6,0.0000,0.0000
1998,10,11,20,30,10,0,0,0,2.5,0.0000,0.0000
1998,10,11,21,0,9.4,0,0,0,2.3000000000000003,0.0000,0.0000
1998,10,11,21,30,8.9,0,0,0,2.2,0.0000,0.0000
1998,10,11,22,0,8.4,0,0,0,2.1,0.0000,0.0000
1998,10,11,22,30,7.9,0,0,0,2,0.0000,0.0000
1998,10,11,23,0,7.5,0,0,0,1.9000000000000001,0.0000,0.0000
1998,10,11,23,30,7,0,0,0,1.8,0.0000,0.0000
1998,10,12,0,0,6.6000000000000005,0,0,0,1.7000000000000002,0.0000,0.0000
1998,10,12,0,30,6.300000000000001,0,0,0,1.7000000000000002,0.0000,0.0000
1998,10,12,1,0,6,0,0,0,1.7000000000000002,0.0000,0.0000
1998,10,12,1,30,5.7,0,0,0,1.8,0.0000,0.0000
1998,10,12,2,0,5.4,0,0,0,1.9000000000000001,0.0000,0.0000
1998,10,12,2,30,5.2,0,0,0,1.9000000000000001,0.0000,0.0000
1998,10,12,3,0,5,0,0,0,2,0.0000,0.0000
1998,10,12,3,30,4.7,0,0,0,2.1,0.0000,0.0000
1998,10,12,4,0,4.5,0,0,0,2.1,0.0000,0.0000
1998,10,12,4,30,4.3,0,0,0,2.1,0.0000,0.0000
1998,10,12,5,0,4.1000000000000005,0,0,0,2.2,0.0000,0.0000
1998,10,12,5,30,3.9000000000000004,0,0,0,2.2,0.0000,0.0000
1998,10,12,6,0,3.7,0,0,0,2.3000000000000003,0.0000,0.0000
1998,10,12,6,30,4.2,0,0,0,2.7,0.0000,0.0000
1998,10,12,7,0,4.800000000000001,20,387,45,3.1,0.0000,0.0000
1998,10,12,7,30,6,34,597,127,3.4000000000000004,0.0000,0.0000
1998,10,12,8,0,7.2,43,721,220,3.7,10.6837,8.1982
1998,10,12,8,30,8.5,50,799,312,3.9000000000000004,15.8515,12.2619
1998,10,12,9,0,9.8,55,853,400,4.1000000000000005,21.1516,16.4476
1998,10,12,9,30,10.9,59,891,480,4,26.1712,20.4184
1998,10,12,10,0,11.9,62,918,549,4,30.6174,23.9389
1998,10,12,10,30,13,65,937,607,3.9000000000000004,34.4051,26.9385
1998,10,12,11,0,14,66,951,651,3.9000000000000004,37.3143,29.2433
1998,10,12,11,30,14.9,67,959,681,3.9000000000000004,39.3068,30.8217
1998,10,12,12,0,15.8,69,962,696,3.8000000000000003,40.3057,31.6131
1998,10,12,12,30,16.5,69,962,695,3.8000000000000003,40.2406,31.5616
1998,10,12,13,0,17.2,69,957,679,3.8000000000000003,39.1738,30.7164
1998,10,12,13,30,17.5,68,948,648,3.8000000000000003,37.1123,29.0830
1998,10,12,14,0,17.900000000000002,256,475,528,3.7,29.8904,23.4011
1998,10,12,14,30,17.900000000000002,290,231,412,3.5,22.9364,17.9304
1998,10,12,15,0,17.900000000000002,62,877,471,3.2,25.6177,19.9816
1998,10,12,15,30,17.400000000000002,58,837,391,2.8000000000000003,20.6077,16.0184
1998,10,12,16,0,17,52,775,301,2.3000000000000003,15.2296,11.7736
1998,10,12,16,30,15.3,45,692,209,1.6,10.1119,7.7527
1998,10,12,17,0,13.600000000000001,34,558,117,0.9,0.0000,0.0000
1998,10,12,17,30,12.600000000000001,19,0,19,1,0.0000,0.0000
1998,10,12,18,0,11.600000000000001,0,0,0,1.1,0.0000,0.0000
1998,10,12,18,30,11.4,0,0,0,1,0.0000,0.0000
1998,10,12,19,0,11.200000000000001,0,0,0,1,0.0000,0.0000
1998,10,12,19,30,11,0,0,0,0.9,0.0000,0.0000
1998,10,12,20,0,10.9,0,0,0,0.8,0.0000,0.0000
1998,10,12,20,30,10.8,0,0,0,0.8,0.0000,0.0000
1998,10,12,21,0,10.8,0,0,0,0.7000000000000001,0.0000,0.0000
1998,10,12,21,30,10.600000000000001,0,0,0,0.6000000000000001,0.0000,0.0000
1998,10,12,22,0,10.4,0,0,0,0.5,0.0000,0.0000
1998,10,12,22,30,10.200000000000001,0,0,0,0.5,0.0000,0.0000
1998,10,12,23,0,10,0,0,0,0.4,0.0000,0.0000
1998,10,12,23,30,9.700000000000001,0,0,0,0.5,0.0000,0.0000
1998,10,13,0,0,9.5,0,0,0,0.5,0.0000,0.0000
1998,10,13,0,30,9.200000000000001,0,0,0,0.5,0.0000,0.0000
1998,10,13,1,0,8.9,0,0,0,0.6000000000000001,0.0000,0.0000
1998,10,13,1,30,8.4,0,0,0,0.5,0.0000,0.0000
1998,10,13,2,0,8,0,0,0,0.5,0.0000,0.0000
1998,10,13,2,30,7.4,0,0,0,0.6000000000000001,0.0000,0.0000
1998,10,13,3,0,6.800000000000001,0,0,0,0.7000000000000001,0.0000,0.0000
1998,10,13,3,30,6.1000000000000005,0,0,0,0.8,0.0000,0.0000
1998,10,13,4,0,5.300000000000001,0,0,0,0.9,0.0000,0.0000
1998,10,13,4,30,4.800000000000001,0,0,0,1,0.0000,0.0000
1998,10,13,5,0,4.2,0,0,0,1,0.0000,0.0000
1998,10,13,5,30,3.7,0,0,0,1,0.0000,0.0000
1998,10,13,6,0,3.3000000000000003,0,0,0,1,0.0000,0.0000
1998,10,13,6,30,3.8000000000000003,0,0,0,1.3,0.0000,0.0000
1998,10,13,7,0,4.3,19,349,41,1.6,0.0000,0.0000
1998,10,13,7,30,5.4,34,568,121,1.9000000000000001,0.0000,0.0000
1998,10,13,8,0,6.5,44,695,212,2.3000000000000003,10.2762,7.8822
1998,10,13,8,30,8,52,776,303,2.4000000000000004,15.3604,11.8782
1998,10,13,9,0,9.600000000000001,57,832,390,2.5,20.5810,16.0000
1998,10,13,9,30,11.100000000000001,62,871,469,2.5,25.5255,19.9110
1998,10,13,10,0,12.600000000000001,65,899,538,2.4000000000000004,29.9558,23.4181
1998,10,13,10,30,13.9,68,919,596,2.2,33.7336,26.4096
1998,10,13,11,0,15.200000000000001,70,932,639,2,36.5759,28.6614
1998,10,13,11,30,16.2,72,941,669,1.9000000000000001,38.5621,30.2347
1998,10,13,12,0,17.3,73,944,683,1.7000000000000002,39.5004,30.9783
1998,10,13,12,30,18.2,73,944,682,1.6,39.4354,30.9269
1998,10,13,13,0,19,73,938,666,1.5,38.3689,30.0819
1998,10,13,13,30,19.5,71,929,635,1.3,36.3111,28.4516
1998,10,13,14,0,19.900000000000002,70,913,590,1.2000000000000002,33.3443,26.1015
1998,10,13,14,30,20.1,67,889,530,1.1,29.4493,23.0179
1998,10,13,15,0,20.200000000000003,64,859,460,1,24.9637,19.4671
1998,10,13,15,30,19.8,59,817,380,1,19.9753,15.5220
1998,10,13,16,0,19.5,54,756,292,0.9,14.7306,11.3827
1998,10,13,16,30,17.7,46,669,201,0.9,9.7024,7.4344
1998,10,13,17,0,15.9,72,105,87,0.9,0.0000,0.0000
1998,10,13,17,30,14.3,21,2,22,1.1,0.0000,0.0000
1998,10,13,18,0,12.700000000000001,0,0,0,1.3,0.0000,0.0000
1998,10,13,18,30,12.5,0,0,0,1.5,0.0000,0.0000
1998,10,13,19,0,12.3,0,0,0,1.7000000000000002,0.0000,0.0000
1998,10,13,19,30,12.200000000000001,0,0,0,1.9000000000000001,0.0000,0.0000
1998,10,13,20,0,12.100000000000001,0,0,0,2.1,0.0000,0.0000
1998,10,13,20,30,11.8,0,0,0,2.2,0.0000,0.0000
1998,10,13,21,0,11.600000000000001,0,0,0,2.4000000000000004,0.0000,0.0000
1998,10,13,21,30,11.4,0,0,0,2.4000000000000004,0.0000,0.0000
1998,10,13,22,0,11.100000000000001,0,0,0,2.4000000000000004,0.0000,0.0000
1998,10,13,22,30,10.8,0,0,0,2.5,0.0000,0.0000
1998,10,13,23,0,10.600000000000001,0,0,0,2.6,0.0000,0.0000
1998,10,13,23,30,10.4,0,0,0,2.8000000000000003,0.0000,0.0000
1998,10,14,0,0,10.100000000000001,0,0,0,2.9000000000000004,0.0000,0.0000
1998,10,14,0,30,9.9,0,0,0,3,0.0000,0.0000
1998,10,14,1,0,9.700000000000001,0,0,0,3.1,0.0000,0.0000
1998,10,14,1,30,9.700000000000001,0,0,0,3.3000000000000003,0.0000,0.0000
1998,10,14,2,0,9.700000000000001,0,0,0,3.5,0.0000,0.0000
1998,10,14,2,30,9.700000000000001,0,0,0,3.7,0.0000,0.0000
1998,10,14,3,0,9.8,0,0,0,3.8000000000000003,0.0000,0.0000
1998,10,14,3,30,9.9,0,0,0,3.9000000000000004,0.0000,0.0000
1998,10,14,4,0,10,0,0,0,3.9000000000000004,0.0000,0.0000
1998,10,14,4,30,10.100000000000001,0,0,0,4,0.0000,0.0000
1998,10,14,5,0,10.3,0,0,0,4.1000000000000005,0.0000,0.0000
1998,10,14,5,30,10.4,0,0,0,4.2,0.0000,0.0000
1998,10,14,6,0,10.5,0,0,0,4.3,0.0000,0.0000
1998,10,14,6,30,10.8,0,0,0,4.4,0.0000,0.0000
1998,10,14,7,0,11.200000000000001,23,99,29,4.6000000000000005,0.0000,0.0000
1998,10,14,7,30,12,55,283,97,4.800000000000001,0.0000,0.0000
1998,10,14,8,0,12.9,75,450,182,5,8.8063,6.7518
1998,10,14,8,30,14.200000000000001,181,56,199,5.2,10.0650,7.7806
1998,10,14,9,0,15.4,106,608,347,5.4,18.2742,14.2032
1998,10,14,9,30,16.7,116,660,422,5.7,22.9256,17.8797
1998,10,14,10,0,18,217,437,445,5.9,24.7372,19.3356
1998,10,14,10,30,18.6,217,558,534,6,30.1794,23.6241
1998,10,14,11,0,19.3,133,747,586,6.1000000000000005,33.4952,26.2443
1998,10,14,11,30,19.700000000000003,220,607,603,6.300000000000001,34.7116,27.2128
1998,10,14,12,0,20,342,304,537,6.4,31.0147,24.3208
1998,10,14,12,30,20.700000000000003,208,574,576,6.6000000000000005,33.2598,26.0809
1998,10,14,13,0,21.400000000000002,205,626,598,6.800000000000001,34.4012,26.9681
1998,10,14,13,30,22,116,793,593,6.800000000000001,33.8570,26.5253
1998,10,14,14,0,22.700000000000003,295,291,459,6.800000000000001,25.8954,20.2675
1998,10,14,14,30,23,211,410,423,6.4,23.4571,18.3309
1998,10,14,15,0,23.400000000000002,213,255,329,6,17.8141,13.8884
1998,10,14,15,30,23.1,159,415,319,5.4,16.7241,12.9914
1998,10,14,16,0,22.8,171,36,182,4.7,9.1550,7.0711
1998,10,14,16,30,21.900000000000002,96,2,97,4,4.6720,3.5778
1998,10,14,17,0,21,30,0,30,3.4000000000000004,0.0000,0.0000
1998,10,14,17,30,20.3,19,83,23,3.4000000000000004,0.0000,0.0000
1998,10,14,18,0,19.6,0,0,0,3.3000000000000003,0.0000,0.0000
1998,10,14,18,30,19.200000000000003,0,0,0,3.4000000000000004,0.0000,0.0000
1998,10,14,19,0,18.900000000000002,0,0,0,3.6,0.0000,0.0000
1998,10,14,19,30,18.5,0,0,0,3.6,0.0000,0.0000
1998,10,14,20,0,18.1,0,0,0,3.6,0.0000,0.0000
1998,10,14,20,30,17.7,0,0,0,3.6,0.0000,0.0000
1998,10,14,21,0,17.3,0,0,0,3.7,0.0000,0.0000
1998,10,14,21,30,17,0,0,0,3.7,0.0000,0.0000
1998,10,14,22,0,16.7,0,0,0,3.8000000000000003,0.0000,0.0000
1998,10,14,22,30,16.400000000000002,0,0,0,3.8000000000000003,0.0000,0.0000
1998,10,14,23,0,16.1,0,0,0,3.8000000000000003,0.0000,0.0000
1998,10,14,23,30,15.8,0,0,0,3.6,0.0000,0.0000
1998,10,15,0,0,15.4,0,0,0,3.3000000000000003,0.0000,0.0000
1998,10,15,0,30,15,0,0,0,3,0.0000,0.0000
1998,10,15,1,0,14.700000000000001,0,0,0,2.6,0.0000,0.0000
1998,10,15,1,30,14.5,0,0,0,2.5,0.0000,0.0000
1998,10,15,2,0,14.3,0,0,0,2.4000000000000004,0.0000,0.0000
1998,10,15,2,30,14.200000000000001,0,0,0,2.5,0.0000,0.0000
1998,10,15,3,0,14.100000000000001,0,0,0,2.5,0.0000,0.0000
1998,10,15,3,30,14.100000000000001,0,0,0,2.5,0.0000,0.0000
1998,10,15,4,0,14,0,0,0,2.5,0.0000,0.0000
1998,10,15,4,30,13.9,0,0,0,2.6,0.0000,0.0000
1998,10,15,5,0,13.8,0,0,0,2.8000000000000003,0.0000,0.0000
1998,10,15,5,30,13.8,0,0,0,3,0.0000,0.0000
1998,10,15,6,0,13.8,0,0,0,3.2,0.0000,0.0000
1998,10,15,6,30,14,0,0,0,3.4000000000000004,0.0000,0.0000
1998,10,15,7,0,14.100000000000001,10,0,10,3.6,0.0000,0.0000
1998,10,15,7,30,14.600000000000001,34,1,34,3.8000000000000003,0.0000,0.0000
1998,10,15,8,0,15.100000000000001,86,7,88,4,4.2506,3.2576
1998,10,15,8,30,15.700000000000001,13,0,13,4.2,0.6561,0.5070
1998,10,15,9,0,16.400000000000002,148,15,154,4.3,8.0933,6.2888
1998,10,15,9,30,17.3,139,6,142,4.800000000000001,7.7000,6.0041
1998,10,15,10,0,18.3,218,24,231,5.300000000000001,12.8199,10.0190
1998,10,15,10,30,19.6,280,104,339,5.800000000000001,19.1299,14.9727
1998,10,15,11,0,21,264,39,288,6.300000000000001,16.4383,12.8783
1998,10,15,11,30,22.200000000000003,288,268,456,6.6000000000000005,26.2130,20.5479
1998,10,15,12,0,23.400000000000002,267,321,471,7,27.1655,21.3001
1998,10,15,12,30,24.200000000000003,228,509,551,7.300000000000001,31.7724,24.9119
1998,10,15,13,0,24.900000000000002,98,860,633,7.6000000000000005,36.3622,28.5020
1998,10,15,13,30,25.3,96,847,601,7.800000000000001,34.2598,26.8375
1998,10,15,14,0,25.6,95,822,554,8,31.2009,24.4163
1998,10,15,14,30,25.5,90,792,494,8,27.3403,21.3616
1998,10,15,15,0,25.400000000000002,93,726,420,8.1,22.6891,17.6849
1998,10,15,15,30,24.900000000000002,209,159,269,7.9,14.0659,10.9230
1998,10,15,16,0,24.400000000000002,167,127,206,7.6000000000000005,10.3315,7.9760
1998,10,15,16,30,23.700000000000003,112,232,164,7.300000000000001,7.8834,6.0338
1998,10,15,17,0,23,46,312,87,6.9,0.0000,0.0000
1998,10,15,17,30,22.400000000000002,16,0,16,6.9,0.0000,0.0000
1998,10,15,18,0,21.700000000000003,0,0,0,6.800000000000001,0.0000,0.0000
1998,10,15,18,30,21.3,0,0,0,6.9,0.0000,0.0000
1998,10,15,19,0,20.900000000000002,0,0,0,6.9,0.0000,0.0000
1998,10,15,19,30,20.5,0,0,0,6.800000000000001,0.0000,0.0000
1998,10,15,20,0,20.1,0,0,0,6.800000000000001,0.0000,0.0000
1998,10,15,20,30,19.8,0,0,0,6.6000000000000005,0.0000,0.0000
1998,10,15,21,0,19.5,0,0,0,6.4,0.0000,0.0000
1998,10,15,21,30,19.1,0,0,0,6.2,0.0000,0.0000
1998,10,15,22,0,18.8,0,0,0,6,0.0000,0.0000
1998,10,15,22,30,18.6,0,0,0,6,0.0000,0.0000
1998,10,15,23,0,18.400000000000002,0,0,0,6,0.0000,0.0000
1998,10,15,23,30,18.2,0,0,0,6,0.0000,0.0000
1998,10,16,0,0,18,0,0,0,6,0.0000,0.0000
1998,10,16,0,30,17.900000000000002,0,0,0,6,0.0000,0.0000
1998,10,16,1,0,17.7,0,0,0,5.9,0.0000,0.0000
1998,10,16,1,30,17.5,0,0,0,5.9,0.0000,0.0000
1998,10,16,2,0,17.3,0,0,0,5.800000000000001,0.0000,0.0000
1998,10,16,2,30,17.2,0,0,0,5.7,0.0000,0.0000
1998,10,16,3,0,17.1,0,0,0,5.6000000000000005,0.0000,0.0000
1998,10,16,3,30,17,0,0,0,5.4,0.0000,0.0000
1998,10,16,4,0,17,0,0,0,5.300000000000001,0.0000,0.0000
1998,10,16,4,30,16.900000000000002,0,0,0,5.2,0.0000,0.0000
1998,10,16,5,0,16.900000000000002,0,0,0,5.2,0.0000,0.0000
1998,10,16,5,30,17,0,0,0,5.300000000000001,0.0000,0.0000
1998,10,16,6,0,17.1,0,0,0,5.4,0.0000,0.0000
1998,10,16,6,30,17.3,0,0,0,5.4,0.0000,0.0000
1998,10,16,7,0,17.5,10,0,10,5.4,0.0000,0.0000
1998,10,16,7,30,17.8,32,0,32,5.4,0.0000,0.0000
1998,10,16,8,0,18.1,96,11,99,5.4,4.7740,3.6571
1998,10,16,8,30,18.3,163,136,205,5.1000000000000005,10.3216,7.9733
1998,10,16,9,0,18.5,160,24,169,4.7,8.8630,6.8851
1998,10,16,9,30,18.8,227,96,271,4.9,14.6687,11.4358
1998,10,16,10,0,19.1,243,48,268,5.1000000000000005,14.8492,11.6032
1998,10,16,10,30,19.900000000000002,202,15,210,5.5,11.8322,9.2597
1998,10,16,11,0,20.6,238,38,260,5.9,14.8193,11.6086
1998,10,16,11,30,21.1,269,46,298,5.800000000000001,17.1069,13.4083
1998,10,16,12,0,21.5,258,28,275,5.800000000000001,15.8394,12.4181
1998,10,16,12,30,21.3,149,2,150,5.4,8.6374,6.7716
1998,10,16,13,0,21.1,196,8,201,5,11.5293,9.0361
1998,10,16,13,30,20.900000000000002,210,12,217,5.1000000000000005,12.3508,9.6738
1998,10,16,14,0,20.8,161,5,164,5.300000000000001,9.2205,7.2145
1998,10,16,14,30,20.700000000000003,148,5,150,5.5,8.2856,6.4725
1998,10,16,15,0,20.5,132,6,134,5.7,7.2225,5.6282
1998,10,16,15,30,20.3,165,38,180,5.800000000000001,9.3864,7.2866
1998,10,16,16,0,20.1,108,15,113,5.800000000000001,5.6509,4.3605
1998,10,16,16,30,19.900000000000002,95,18,99,6.1000000000000005,4.7499,3.6334
1998,10,16,17,0,19.6,51,5,51,6.300000000000001,0.0000,0.0000
1998,10,16,17,30,19.400000000000002,9,0,9,6.6000000000000005,0.0000,0.0000
1998,10,16,18,0,19.200000000000003,0,0,0,7,0.0000,0.0000
1998,10,16,18,30,19,0,0,0,7.1000000000000005,0.0000,0.0000
1998,10,16,19,0,18.900000000000002,0,0,0,7.300000000000001,0.0000,0.0000
1998,10,16,19,30,18.7,0,0,0,7.300000000000001,0.0000,0.0000
1998,10,16,20,0,18.5,0,0,0,7.300000000000001,0.0000,0.0000
1998,10,16,20,30,18.3,0,0,0,7.1000000000000005,0.0000,0.0000
1998,10,16,21,0,18.2,0,0,0,6.9,0.0000,0.0000
1998,10,16,21,30,18.1,0,0,0,6.800000000000001,0.0000,0.0000
1998,10,16,22,0,18,0,0,0,6.7,0.0000,0.0000
1998,10,16,22,30,18,0,0,0,6.7,0.0000,0.0000
1998,10,16,23,0,18,0,0,0,6.6000000000000005,0.0000,0.0000
1998,10,16,23,30,18,0,0,0,6.5,0.0000,0.0000
1998,10,17,0,0,18,0,0,0,6.300000000000001,0.0000,0.0000
1998,10,17,0,30,17.900000000000002,0,0,0,6,0.0000,0.0000
1998,10,17,1,0,17.900000000000002,0,0,0,5.7,0.0000,0.0000
1998,10,17,1,30,17.900000000000002,0,0,0,5.5,0.0000,0.0000
1998,10,17,2,0,17.900000000000002,0,0,0,5.4,0.0000,0.0000
1998,10,17,2,30,17.900000000000002,0,0,0,5.1000000000000005,0.0000,0.0000
1998,10,17,3,0,17.900000000000002,0,0,0,4.800000000000001,0.0000,0.0000
1998,10,17,3,30,17.8,0,0,0,4.4,0.0000,0.0000
1998,10,17,4,0,17.7,0,0,0,4,0.0000,0.0000
1998,10,17,4,30,17.400000000000002,0,0,0,3.4000000000000004,0.0000,0.0000
1998,10,17,5,0,17.1,0,0,0,2.8000000000000003,0.0000,0.0000
1998,10,17,5,30,16.7,0,0,0,2.3000000000000003,0.0000,0.0000
1998,10,17,6,0,16.2,0,0,0,1.8,0.0000,0.0000
1998,10,17,6,30,16.1,0,0,0,1.8,0.0000,0.0000
1998,10,17,7,0,15.9,20,161,27,1.8,0.0000,0.0000
1998,10,17,7,30,16.1,42,404,98,2.4000000000000004,0.0000,0.0000
1998,10,17,8,0,16.2,59,546,182,2.9000000000000004,8.7624,6.7096
1998,10,17,8,30,16.2,153,13,157,3.3000000000000003,7.8872,6.0906
1998,10,17,9,0,16.2,211,38,225,3.8000000000000003,11.7748,9.1447
1998,10,17,9,30,16.5,259,78,294,4.1000000000000005,15.8834,12.3804
1998,10,17,10,0,16.8,111,0,111,4.5,6.1398,4.7969
1998,10,17,10,30,16.900000000000002,96,0,96,4.7,5.4006,4.2258
1998,10,17,11,0,17,111,0,111,4.9,6.3174,4.9481
1998,10,17,11,30,17,205,1,206,5.1000000000000005,11.8090,9.2548
1998,10,17,12,0,17.1,226,1,227,5.4,13.0561,10.2349
1998,10,17,12,30,16.900000000000002,139,0,139,5.6000000000000005,7.9925,6.2653
1998,10,17,13,0,16.7,181,0,181,5.800000000000001,10.3667,8.1239
1998,10,17,13,30,16.2,218,1,219,6,12.4443,9.7457
1998,10,17,14,0,15.700000000000001,138,0,138,6.2,7.7449,6.0589
1998,10,17,14,30,14.9,41,0,41,6.4,2.2601,1.7652
1998,10,17,15,0,14.100000000000001,53,0,53,6.5,2.8501,2.2204
1998,10,17,15,30,13.100000000000001,158,8,161,6.5,8.3731,6.4978
1998,10,17,16,0,12.100000000000001,58,0,58,6.5,2.8921,2.2306
1998,10,17,16,30,11.200000000000001,20,0,20,6.300000000000001,0.9580,0.7325
1998,10,17,17,0,10.3,44,0,44,6.2,0.0000,0.0000
1998,10,17,17,30,9.600000000000001,14,173,20,6.1000000000000005,0.0000,0.0000
1998,10,17,18,0,9,0,0,0,6.1000000000000005,0.0000,0.0000
1998,10,17,18,30,8.3,0,0,0,6.2,0.0000,0.0000
1998,10,17,19,0,7.7,0,0,0,6.4,0.0000,0.0000
1998,10,17,19,30,7.2,0,0,0,6.4,0.0000,0.0000
1998,10,17,20,0,6.6000000000000005,0,0,0,6.5,0.0000,0.0000
1998,10,17,20,30,6.2,0,0,0,6.300000000000001,0.0000,0.0000
1998,10,17,21,0,5.800000000000001,0,0,0,6.1000000000000005,0.0000,0.0000
1998,10,17,21,30,5.6000000000000005,0,0,0,5.6000000000000005,0.0000,0.0000
1998,10,17,22,0,5.300000000000001,0,0,0,5.1000000000000005,0.0000,0.0000
1998,10,17,22,30,5,0,0,0,4.6000000000000005,0.0000,0.0000
1998,10,17,23,0,4.800000000000001,0,0,0,4,0.0000,0.0000
1998,10,17,23,30,4.6000000000000005,0,0,0,3.7,0.0000,0.0000
1998,10,18,0,0,4.4,0,0,0,3.3000000000000003,0.0000,0.0000
1998,10,18,0,30,4.2,0,0,0,3.1,0.0000,0.0000
1998,10,18,1,0,4,0,0,0,2.9000000000000004,0.0000,0.0000
1998,10,18,1,30,3.8000000000000003,0,0,0,2.9000000000000004,0.0000,0.0000
1998,10,18,2,0,3.7,0,0,0,3,0.0000,0.0000
1998,10,18,2,30,3.5,0,0,0,3,0.0000,0.0000
1998,10,18,3,0,3.3000000000000003,0,0,0,3,0.0000,0.0000
1998,10,18,3,30,3.1,0,0,0,3,0.0000,0.0000
1998,10,18,4,0,2.9000000000000004,0,0,0,3,0.0000,0.0000
1998,10,18,4,30,2.7,0,0,0,3,0.0000,0.0000
1998,10,18,5,0,2.4000000000000004,0,0,0,2.9000000000000004,0.0000,0.0000
1998,10,18,5,30,2.2,0,0,0,2.9000000000000004,0.0000,0.0000
1998,10,18,6,0,2,0,0,0,2.8000000000000003,0.0000,0.0000
1998,10,18,6,30,2.3000000000000003,0,0,0,3,0.0000,0.0000
1998,10,18,7,0,2.5,16,314,30,3.2,0.0000,0.0000
1998,10,18,7,30,3.6,31,562,107,3.2,0.0000,0.0000
1998,10,18,8,0,4.7,41,706,197,3.1,9.4703,7.2485
1998,10,18,8,30,6.6000000000000005,48,792,289,3.3000000000000003,14.4847,11.1812
1998,10,18,9,0,8.5,53,851,376,3.4000000000000004,19.6349,15.2451
1998,10,18,9,30,10.3,57,892,455,3.5,24.5343,19.1194
1998,10,18,10,0,12,59,922,524,3.6,28.9342,22.6020
1998,10,18,10,30,13.4,62,942,581,3.5,32.6347,25.5324
1998,10,18,11,0,14.8,63,956,624,3.4000000000000004,35.4626,27.7726
1998,10,18,11,30,15.9,64,965,653,3.3000000000000003,37.3803,29.2919
1998,10,18,12,0,17,65,968,667,3.2,38.3092,30.0279
1998,10,18,12,30,17.7,65,968,666,3.1,38.2397,29.9726
1998,10,18,13,0,18.400000000000002,65,962,649,3,37.1147,29.0814
1998,10,18,13,30,18.7,64,953,618,3,35.0604,27.4537
1998,10,18,14,0,19.1,62,938,572,3,32.0451,25.0653
1998,10,18,14,30,19.1,60,916,513,3,28.2221,22.0379
1998,10,18,15,0,19,57,884,442,2.9000000000000004,23.7131,18.4695
1998,10,18,15,30,18.400000000000002,53,837,359,2.4000000000000004,18.6214,14.4458
1998,10,18,16,0,17.8,47,775,272,1.8,13.5251,10.4266
1998,10,18,16,30,16.1,40,682,180,1.4000000000000001,8.6098,6.5791
1998,10,18,17,0,14.4,28,532,91,1,0.0000,0.0000
1998,10,18,17,30,13.700000000000001,12,254,19,1.1,0.0000,0.0000
1998,10,18,18,0,13,0,0,0,1.2000000000000002,0.0000,0.0000
1998,10,18,18,30,12.700000000000001,0,0,0,1.2000000000000002,0.0000,0.0000
1998,10,18,19,0,12.4,0,0,0,1.2000000000000002,0.0000,0.0000
1998,10,18,19,30,12,0,0,0,1.2000000000000002,0.0000,0.0000
1998,10,18,20,0,11.600000000000001,0,0,0,1.2000000000000002,0.0000,0.0000
1998,10,18,20,30,11.100000000000001,0,0,0,1.2000000000000002,0.0000,0.0000
1998,10,18,21,0,10.600000000000001,0,0,0,1.2000000000000002,0.0000,0.0000
1998,10,18,21,30,10,0,0,0,1.3,0.0000,0.0000
1998,10,18,22,0,9.4,0,0,0,1.5,0.0000,0.0000
1998,10,18,22,30,9.1,0,0,0,1.8,0.0000,0.0000
1998,10,18,23,0,8.8,0,0,0,2.2,0.0000,0.0000
1998,10,18,23,30,8.700000000000001,0,0,0,2.7,0.0000,0.0000
1998,10,19,0,0,8.6,0,0,0,3.2,0.0000,0.0000
1998,10,19,0,30,8.3,0,0,0,3.5,0.0000,0.0000
1998,10,19,1,0,8.1,0,0,0,3.8000000000000003,0.0000,0.0000
1998,10,19,1,30,7.6000000000000005,0,0,0,3.5,0.0000,0.0000
1998,10,19,2,0,7,0,0,0,3.3000000000000003,0.0000,0.0000
1998,10,19,2,30,6.5,0,0,0,3,0.0000,0.0000
1998,10,19,3,0,6,0,0,0,2.6,0.0000,0.0000
1998,10,19,3,30,5.6000000000000005,0,0,0,2.4000000000000004,0.0000,0.0000
1998,10,19,4,0,5.300000000000001,0,0,0,2.1,0.0000,0.0000
1998,10,19,4,30,5.1000000000000005,0,0,0,1.9000000000000001,0.0000,0.0000
1998,10,19,5,0,4.9,0,0,0,1.7000000000000002,0.0000,0.0000
1998,10,19,5,30,4.6000000000000005,0,0,0,1.5,0.0000,0.0000
1998,10,19,6,0,4.4,0,0,0,1.3,0.0000,0.0000
1998,10,19,6,30,4.7,0,0,0,1.3,0.0000,0.0000
1998,10,19,7,0,4.9,16,265,27,1.2000000000000002,0.0000,0.0000
1998,10,19,7,30,6.2,33,519,101,1.6,0.0000,0.0000
1998,10,19,8,0,7.4,45,668,190,2,9.1208,6.9781
1998,10,19,8,30,9,147,10,150,1.9000000000000001,7.5012,5.7883
1998,10,19,9,0,10.5,60,819,367,1.9000000000000001,19.1219,14.8426
1998,10,19,9,30,12,232,29,244,2.1,13.1313,10.2310
1998,10,19,10,0,13.5,279,52,305,2.3000000000000003,16.8120,13.1306
1998,10,19,10,30,14.3,309,63,343,2.2,19.2354,15.0471
1998,10,19,11,0,15.200000000000001,75,926,614,2.1,34.8429,27.2840
1998,10,19,11,30,15.8,76,935,642,2.1,36.6976,28.7536
1998,10,19,12,0,16.400000000000002,78,937,656,2.1,37.6251,29.4884
1998,10,19,12,30,16.7,77,937,654,2.1,37.4969,29.3870
1998,10,19,13,0,17.1,78,929,637,2.1,36.3737,28.4974
1998,10,19,13,30,17.2,76,919,606,2.2,34.3233,26.8728
1998,10,19,14,0,17.3,74,897,557,2.2,31.1486,24.3602
1998,10,19,14,30,17.2,71,874,498,2.2,27.3409,21.3456
1998,10,19,15,0,17,66,843,428,2.1,22.9076,17.8374
1998,10,19,15,30,16.5,60,797,348,1.8,18.0013,13.9598
1998,10,19,16,0,16,52,741,263,1.6,13.0400,10.0476
1998,10,19,16,30,14.200000000000001,43,641,172,1.3,8.2172,6.2760
1998,10,19,17,0,12.4,30,481,84,1,0.0000,0.0000
1998,10,19,17,30,11.200000000000001,12,193,16,1.1,0.0000,0.0000
1998,10,19,18,0,9.9,0,0,0,1.2000000000000002,0.0000,0.0000
1998,10,19,18,30,9.4,0,0,0,1.2000000000000002,0.0000,0.0000
1998,10,19,19,0,8.9,0,0,0,1.2000000000000002,0.0000,0.0000
1998,10,19,19,30,8.4,0,0,0,1.2000000000000002,0.0000,0.0000
1998,10,19,20,0,8,0,0,0,1.2000000000000002,0.0000,0.0000
1998,10,19,20,30,7.7,0,0,0,1.2000000000000002,0.0000,0.0000
1998,10,19,21,0,7.300000000000001,0,0,0,1.2000000000000002,0.0000,0.0000
1998,10,19,21,30,7,0,0,0,1.2000000000000002,0.0000,0.0000
1998,10,19,22,0,6.7,0,0,0,1.2000000000000002,0.0000,0.0000
1998,10,19,22,30,6.5,0,0,0,1.2000000000000002,0.0000,0.0000
1998,10,19,23,0,6.2,0,0,0,1.2000000000000002,0.0000,0.0000
1998,10,19,23,30,6.1000000000000005,0,0,0,1.2000000000000002,0.0000,0.0000
1998,10,20,0,0,5.9,0,0,0,1.1,0.0000,0.0000
1998,10,20,0,30,5.9,0,0,0,1.1,0.0000,0.0000
1998,10,20,1,0,5.800000000000001,0,0,0,1.1,0.0000,0.0000
1998,10,20,1,30,5.800000000000001,0,0,0,1.1,0.0000,0.0000
1998,10,20,2,0,5.800000000000001,0,0,0,1.1,0.0000,0.0000
1998,10,20,2,30,5.9,0,0,0,1,0.0000,0.0000
1998,10,20,3,0,5.9,0,0,0,1,0.0000,0.0000
1998,10,20,3,30,6,0,0,0,0.9,0.0000,0.0000
1998,10,20,4,0,6.1000000000000005,0,0,0,0.9,0.0000,0.0000
1998,10,20,4,30,6.1000000000000005,0,0,0,0.8,0.0000,0.0000
1998,10,20,5,0,6.2,0,0,0,0.8,0.0000,0.0000
1998,10,20,5,30,6.1000000000000005,0,0,0,0.8,0.0000,0.0000
1998,10,20,6,0,6.1000000000000005,0,0,0,0.8,0.0000,0.0000
1998,10,20,6,30,6.300000000000001,0,0,0,0.7000000000000001,0.0000,0.0000
1998,10,20,7,0,6.5,6,0,6,0.7000000000000001,0.0000,0.0000
1998,10,20,7,30,7.300000000000001,16,0,16,1,0.0000,0.0000
1998,10,20,8,0,8.1,30,0,30,1.2000000000000002,1.4381,1.0998
1998,10,20,8,30,8.6,63,0,63,1.3,3.1432,2.4245
1998,10,20,9,0,9.1,56,0,56,1.3,2.9114,2.2592
1998,10,20,9,30,9.8,230,151,297,1.4000000000000001,15.9521,12.4261
1998,10,20,10,0,10.5,191,14,198,1.4000000000000001,10.8953,8.5081
1998,10,20,10,30,11.200000000000001,254,45,278,1.5,15.5656,12.1746
1998,10,20,11,0,11.9,208,1,208,1.5,11.7853,9.2273
1998,10,20,11,30,12.3,269,37,291,1.4000000000000001,16.6103,13.0131
1998,10,20,12,0,12.700000000000001,367,96,426,1.3,24.3979,19.1194
1998,10,20,12,30,13,158,0,158,1.4000000000000001,9.0457,7.0884
1998,10,20,13,0,13.3,271,68,311,1.4000000000000001,17.7315,13.8902
1998,10,20,13,30,13.600000000000001,287,98,343,1.4000000000000001,19.3958,15.1835
1998,10,20,14,0,13.8,271,205,380,1.5,21.2126,16.5869
1998,10,20,14,30,14,226,52,251,1.4000000000000001,13.7525,10.7347
1998,10,20,15,0,14.200000000000001,197,47,217,1.3,11.5873,9.0203
1998,10,20,15,30,14.100000000000001,168,10,171,1.1,8.8217,6.8387
1998,10,20,16,0,14,150,21,156,0.9,7.7141,5.9410
1998,10,20,16,30,13.3,46,0,46,0.6000000000000001,2.1955,1.6761
1998,10,20,17,0,12.600000000000001,28,0,28,0.30000000000000004,0.0000,0.0000
1998,10,20,17,30,11.9,5,0,5,0.4,0.0000,0.0000
1998,10,20,18,0,11.3,0,0,0,0.4,0.0000,0.0000
1998,10,20,18,30,10.600000000000001,0,0,0,0.6000000000000001,0.0000,0.0000
1998,10,20,19,0,10,0,0,0,0.7000000000000001,0.0000,0.0000
1998,10,20,19,30,9.1,0,0,0,1,0.0000,0.0000
1998,10,20,20,0,8.200000000000001,0,0,0,1.2000000000000002,0.0000,0.0000
1998,10,20,20,30,7.6000000000000005,0,0,0,1.5,0.0000,0.0000
1998,10,20,21,0,7,0,0,0,1.7000000000000002,0.0000,0.0000
1998,10,20,21,30,6.7,0,0,0,2,0.0000,0.0000
1998,10,20,22,0,6.4,0,0,0,2.3000000000000003,0.0000,0.0000
1998,10,20,22,30,6.1000000000000005,0,0,0,2.5,0.0000,0.0000
1998,10,20,23,0,5.800000000000001,0,0,0,2.7,0.0000,0.0000
1998,10,20,23,30,5.4,0,0,0,2.6,0.0000,0.0000
1998,10,21,0,0,5.1000000000000005,0,0,0,2.5,0.0000,0.0000
1998,10,21,0,30,4.800000000000001,0,0,0,2.5,0.0000,0.0000
1998,10,21,1,0,4.5,0,0,0,2.4000000000000004,0.0000,0.0000
1998,10,21,1,30,4.3,0,0,0,2.4000000000000004,0.0000,0.0000
1998,10,21,2,0,4.1000000000000005,0,0,0,2.4000000000000004,0.0000,0.0000
1998,10,21,2,30,3.9000000000000004,0,0,0,2.4000000000000004,0.0000,0.0000
1998,10,21,3,0,3.7,0,0,0,2.4000000000000004,0.0000,0.0000
1998,10,21,3,30,3.5,0,0,0,2.5,0.0000,0.0000
1998,10,21,4,0,3.3000000000000003,0,0,0,2.5,0.0000,0.0000
1998,10,21,4,30,3.2,0,0,0,2.5,0.0000,0.0000
1998,10,21,5,0,3.1,0,0,0,2.5,0.0000,0.0000
1998,10,21,5,30,3,0,0,0,2.6,0.0000,0.0000
1998,10,21,6,0,2.9000000000000004,0,0,0,2.6,0.0000,0.0000
1998,10,21,6,30,3.3000000000000003,0,0,0,2.9000000000000004,0.0000,0.0000
1998,10,21,7,0,3.6,14,277,23,3.1,0.0000,0.0000
1998,10,21,7,30,4.800000000000001,30,539,96,3.4000000000000004,0.0000,0.0000
1998,10,21,8,0,6,39,695,185,3.6,8.8578,6.7711
1998,10,21,8,30,7.800000000000001,46,785,275,3.4000000000000004,13.6895,10.5554
1998,10,21,9,0,9.5,50,847,361,3.2,18.7268,14.5277
1998,10,21,9,30,11.700000000000001,54,888,439,3.5,23.5320,18.3266
1998,10,21,10,0,13.8,55,916,504,3.8000000000000003,27.6837,21.6143
1998,10,21,10,30,14.9,57,936,560,3.9000000000000004,31.3033,24.4803
1998,10,21,11,0,16,59,951,603,3.9000000000000004,34.1140,26.7063
1998,10,21,11,30,16.6,60,959,632,3.9000000000000004,36.0208,28.2165
1998,10,21,12,0,17.2,59,965,645,3.9000000000000004,36.8875,28.9035
1998,10,21,12,30,17.6,59,960,641,4,36.6435,28.7114
1998,10,21,13,0,17.900000000000002,58,955,624,4,35.5218,27.8229
1998,10,21,13,30,18,57,946,593,4,33.4775,26.2033
1998,10,21,14,0,18.1,56,930,547,3.9000000000000004,30.4782,23.8281
1998,10,21,14,30,18,53,908,489,3.8000000000000003,26.7379,20.8665
1998,10,21,15,0,17.8,50,877,419,3.7,22.3206,17.3713
1998,10,21,15,30,17.2,46,833,339,3.2,17.4428,13.5170
1998,10,21,16,0,16.5,40,772,252,2.6,12.4269,9.5658
1998,10,21,16,30,14.4,34,675,163,1.9000000000000001,7.7740,5.9321
1998,10,21,17,0,12.3,24,513,77,1.2000000000000002,0.0000,0.0000
1998,10,21,17,30,11.200000000000001,0,0,0,1.3,0.0000,0.0000
1998,10,21,18,0,10.100000000000001,0,0,0,1.3,0.0000,0.0000
1998,10,21,18,30,9.9,0,0,0,1.3,0.0000,0.0000
1998,10,21,19,0,9.700000000000001,0,0,0,1.3,0.0000,0.0000
1998,10,21,19,30,9.8,0,0,0,1.2000000000000002,0.0000,0.0000
1998,10,21,20,0,9.9,0,0,0,1.2000000000000002,0.0000,0.0000
1998,10,21,20,30,9.9,0,0,0,1.1,0.0000,0.0000
1998,10,21,21,0,9.9,0,0,0,0.9,0.0000,0.0000
1998,10,21,21,30,9.9,0,0,0,0.8,0.0000,0.0000
1998,10,21,22,0,10,0,0,0,0.8,0.0000,0.0000
1998,10,21,22,30,9.700000000000001,0,0,0,0.7000000000000001,0.0000,0.0000
1998,10,21,23,0,9.4,0,0,0,0.7000000000000001,0.0000,0.0000
1998,10,21,23,30,8.9,0,0,0,0.7000000000000001,0.0000,0.0000
1998,10,22,0,0,8.3,0,0,0,0.8,0.0000,0.0000
1998,10,22,0,30,7.800000000000001,0,0,0,0.8,0.0000,0.0000
1998,10,22,1,0,7.2,0,0,0,0.9,0.0000,0.0000
1998,10,22,1,30,6.6000000000000005,0,0,0,1,0.0000,0.0000
1998,10,22,2,0,6.1000000000000005,0,0,0,1,0.0000,0.0000
1998,10,22,2,30,5.800000000000001,0,0,0,1,0.0000,0.0000
1998,10,22,3,0,5.5,0,0,0,1,0.0000,0.0000
1998,10,22,3,30,5.4,0,0,0,1,0.0000,0.0000
1998,10,22,4,0,5.2,0,0,0,1,0.0000,0.0000
1998,10,22,4,30,5,0,0,0,1,0.0000,0.0000
1998,10,22,5,0,4.9,0,0,0,1,0.0000,0.0000
1998,10,22,5,30,4.6000000000000005,0,0,0,1,0.0000,0.0000
1998,10,22,6,0,4.3,0,0,0,1,0.0000,0.0000
1998,10,22,6,30,4.4,0,0,0,1.1,0.0000,0.0000
1998,10,22,7,0,4.6000000000000005,12,289,21,1.1,0.0000,0.0000
1998,10,22,7,30,6.300000000000001,26,549,91,1.5,0.0000,0.0000
1998,10,22,8,0,7.9,36,695,179,1.9000000000000001,8.5611,6.5417
1998,10,22,8,30,9.3,42,785,268,2.1,13.3101,10.2587
1998,10,22,9,0,10.600000000000001,47,844,353,2.3000000000000003,18.2710,14.1700
1998,10,22,9,30,12.600000000000001,51,886,431,2.8000000000000003,23.0565,17.9523
1998,10,22,10,0,14.600000000000001,54,915,499,3.3000000000000003,27.3608,21.3584
1998,10,22,10,30,16.1,56,936,554,3.6,30.9176,24.1751
1998,10,22,11,0,17.6,57,950,597,4,33.7225,26.3963
1998,10,22,11,30,18.3,59,959,626,4,35.6263,27.9041
1998,10,22,12,0,18.900000000000002,58,964,639,4.1000000000000005,36.4895,28.5882
1998,10,22,12,30,19.3,58,964,637,4.1000000000000005,36.3599,28.4857
1998,10,22,13,0,19.6,57,959,620,4.2,35.2399,27.5986
1998,10,22,13,30,19.700000000000003,56,949,589,4.2,33.1961,25.9793
1998,10,22,14,0,19.8,55,934,543,4.2,30.1998,23.6064
1998,10,22,14,30,19.5,52,911,485,4.1000000000000005,26.4641,20.6485
1998,10,22,15,0,19.3,51,878,415,4.1000000000000005,22.0562,17.1609
1998,10,22,15,30,18.5,47,838,337,3.6,17.2924,13.3954
1998,10,22,16,0,17.7,41,773,250,3.1,12.2959,9.4602
1998,10,22,16,30,15.5,34,673,160,2.6,7.6274,5.8179
1998,10,22,17,0,13.3,24,504,74,2,0.0000,0.0000
1998,10,22,17,30,12.200000000000001,0,0,0,2.2,0.0000,0.0000
1998,10,22,18,0,11.100000000000001,0,0,0,2.3000000000000003,0.0000,0.0000
1998,10,22,18,30,10.8,0,0,0,2.5,0.0000,0.0000
1998,10,22,19,0,10.5,0,0,0,2.6,0.0000,0.0000
1998,10,22,19,30,10.200000000000001,0,0,0,2.8000000000000003,0.0000,0.0000
1998,10,22,20,0,9.8,0,0,0,2.9000000000000004,0.0000,0.0000
1998,10,22,20,30,9.5,0,0,0,2.9000000000000004,0.0000,0.0000
1998,10,22,21,0,9.1,0,0,0,2.9000000000000004,0.0000,0.0000
1998,10,22,21,30,8.700000000000001,0,0,0,2.9000000000000004,0.0000,0.0000
1998,10,22,22,0,8.4,0,0,0,2.9000000000000004,0.0000,0.0000
1998,10,22,22,30,8.200000000000001,0,0,0,3,0.0000,0.0000
1998,10,22,23,0,8,0,0,0,3.1,0.0000,0.0000
1998,10,22,23,30,7.800000000000001,0,0,0,3.2,0.0000,0.0000
1998,10,23,0,0,7.6000000000000005,0,0,0,3.3000000000000003,0.0000,0.0000
1998,10,23,0,30,7.300000000000001,0,0,0,3.3000000000000003,0.0000,0.0000
1998,10,23,1,0,7,0,0,0,3.3000000000000003,0.0000,0.0000
1998,10,23,1,30,6.800000000000001,0,0,0,3.4000000000000004,0.0000,0.0000
1998,10,23,2,0,6.6000000000000005,0,0,0,3.4000000000000004,0.0000,0.0000
1998,10,23,2,30,6.4,0,0,0,3.3000000000000003,0.0000,0.0000
1998,10,23,3,0,6.2,0,0,0,3.2,0.0000,0.0000
1998,10,23,3,30,6,0,0,0,3.2,0.0000,0.0000
1998,10,23,4,0,5.800000000000001,0,0,0,3.1,0.0000,0.0000
1998,10,23,4,30,5.7,0,0,0,3.1,0.0000,0.0000
1998,10,23,5,0,5.6000000000000005,0,0,0,3.1,0.0000,0.0000
1998,10,23,5,30,5.5,0,0,0,3.2,0.0000,0.0000
1998,10,23,6,0,5.5,0,0,0,3.3000000000000003,0.0000,0.0000
1998,10,23,6,30,5.7,0,0,0,3.5,0.0000,0.0000
1998,10,23,7,0,5.9,12,246,18,3.8000000000000003,0.0000,0.0000
1998,10,23,7,30,7,27,511,86,4,0.0000,0.0000
1998,10,23,8,0,8.1,38,659,171,4.3,8.1706,6.2409
1998,10,23,8,30,9.8,45,754,259,4.6000000000000005,12.8333,9.8872
1998,10,23,9,0,11.5,50,818,343,5,17.7135,13.7336
1998,10,23,9,30,13.200000000000001,54,860,419,5.7,22.3703,17.4143
1998,10,23,10,0,15,57,891,486,6.5,26.5987,20.7598
1998,10,23,10,30,16.1,60,912,542,6.5,30.1980,23.6089
1998,10,23,11,0,17.2,62,926,584,6.5,32.9380,25.7789
1998,10,23,11,30,18,63,935,612,6.5,34.7775,27.2359
1998,10,23,12,0,18.7,64,936,623,6.4,35.5246,27.8289
1998,10,23,12,30,19.200000000000003,64,935,621,6.300000000000001,35.3938,27.7254
1998,10,23,13,0,19.6,63,930,605,6.2,34.3337,26.8854
1998,10,23,13,30,19.8,62,920,574,6.1000000000000005,32.2957,25.2709
1998,10,23,14,0,20,61,903,529,6,29.3679,22.9523
1998,10,23,14,30,19.8,58,876,470,5.800000000000001,25.5931,19.9648
1998,10,23,15,0,19.700000000000003,55,842,401,5.7,21.2603,16.5371
1998,10,23,15,30,19.1,51,795,322,5.2,16.4785,12.7602
1998,10,23,16,0,18.5,46,721,237,4.800000000000001,11.6262,8.9405
1998,10,23,16,30,16.8,37,616,149,3.9000000000000004,7.1018,5.4149
1998,10,23,17,0,15.200000000000001,25,437,66,3.1,0.0000,0.0000
1998,10,23,17,30,14.3,0,0,0,3.2,0.0000,0.0000
1998,10,23,18,0,13.4,0,0,0,3.3000000000000003,0.0000,0.0000
1998,10,23,18,30,13,0,0,0,3.5,0.0000,0.0000
1998,10,23,19,0,12.700000000000001,0,0,0,3.7,0.0000,0.0000
1998,10,23,19,30,12.200000000000001,0,0,0,3.7,0.0000,0.0000
1998,10,23,20,0,11.8,0,0,0,3.7,0.0000,0.0000
1998,10,23,20,30,11.4,0,0,0,3.7,0.0000,0.0000
1998,10,23,21,0,10.9,0,0,0,3.6,0.0000,0.0000
1998,10,23,21,30,10.600000000000001,0,0,0,3.6,0.0000,0.0000
1998,10,23,22,0,10.200000000000001,0,0,0,3.6,0.0000,0.0000
1998,10,23,22,30,10,0,0,0,3.6,0.0000,0.0000
1998,10,23,23,0,9.700000000000001,0,0,0,3.5,0.0000,0.0000
1998,10,23,23,30,9.4,0,0,0,3.5,0.0000,0.0000
1998,10,24,0,0,9.1,0,0,0,3.5,0.0000,0.0000
1998,10,24,0,30,8.8,0,0,0,3.5,0.0000,0.0000
1998,10,24,1,0,8.4,0,0,0,3.5,0.0000,0.0000
1998,10,24,1,30,8.1,0,0,0,3.5,0.0000,0.0000
1998,10,24,2,0,7.800000000000001,0,0,0,3.6,0.0000,0.0000
1998,10,24,2,30,7.6000000000000005,0,0,0,3.5,0.0000,0.0000
1998,10,24,3,0,7.4,0,0,0,3.4000000000000004,0.0000,0.0000
1998,10,24,3,30,7.300000000000001,0,0,0,3.4000000000000004,0.0000,0.0000
1998,10,24,4,0,7.2,0,0,0,3.3000000000000003,0.0000,0.0000
1998,10,24,4,30,7.1000000000000005,0,0,0,3.3000000000000003,0.0000,0.0000
1998,10,24,5,0,7.1000000000000005,0,0,0,3.3000000000000003,0.0000,0.0000
1998,10,24,5,30,7.1000000000000005,0,0,0,3.3000000000000003,0.0000,0.0000
1998,10,24,6,0,7.1000000000000005,0,0,0,3.2,0.0000,0.0000
1998,10,24,6,30,7.2,0,0,0,3.2,0.0000,0.0000
1998,10,24,7,0,7.300000000000001,2,0,2,3.2,0.0000,0.0000
1998,10,24,7,30,7.800000000000001,11,0,11,3.4000000000000004,0.0000,0.0000
1998,10,24,8,0,8.3,54,3,55,3.6,2.6257,2.0048
1998,10,24,8,30,9.4,154,50,168,4,8.3059,6.3966
1998,10,24,9,0,10.4,156,10,160,4.3,8.2442,6.3899
1998,10,24,9,30,11.600000000000001,210,187,289,4.5,15.3977,11.9836
1998,10,24,10,0,12.8,229,86,270,4.6000000000000005,14.7503,11.5102
1998,10,24,10,30,13.8,254,235,378,4.6000000000000005,21.0253,16.4351
1998,10,24,11,0,14.9,214,387,430,4.7,24.2138,18.9483
1998,10,24,11,30,15.700000000000001,179,571,511,4.7,28.9940,22.7037
1998,10,24,12,0,16.6,308,285,477,4.800000000000001,27.1584,21.2725
1998,10,24,12,30,17.2,230,446,494,4.9,28.1128,22.0192
1998,10,24,13,0,17.8,240,376,457,4.9,25.8936,20.2735
1998,10,24,13,30,18.2,282,289,441,5,24.7709,19.3800
1998,10,24,14,0,18.5,209,411,421,5,23.3292,18.2297
1998,10,24,14,30,18.6,185,334,340,5,18.4757,14.4096
1998,10,24,15,0,18.7,149,420,319,4.9,16.8737,13.1215
1998,10,24,15,30,18.3,165,248,249,4.5,12.7095,9.8380
1998,10,24,16,0,17.900000000000002,108,301,186,4,9.1018,6.9957
1998,10,24,16,30,16.5,80,293,131,3.2,6.2446,4.7598
1998,10,24,17,0,15.100000000000001,28,344,58,2.4000000000000004,0.0000,0.0000
1998,10,24,17,30,14.4,0,0,0,2.6,0.0000,0.0000
1998,10,24,18,0,13.700000000000001,0,0,0,2.8000000000000003,0.0000,0.0000
1998,10,24,18,30,13.600000000000001,0,0,0,2.9000000000000004,0.0000,0.0000
1998,10,24,19,0,13.4,0,0,0,3.1,0.0000,0.0000
1998,10,24,19,30,13.200000000000001,0,0,0,3.1,0.0000,0.0000
1998,10,24,20,0,12.9,0,0,0,3.1,0.0000,0.0000
1998,10,24,20,30,12.5,0,0,0,3.1,0.0000,0.0000
1998,10,24,21,0,12.200000000000001,0,0,0,3.1,0.0000,0.0000
1998,10,24,21,30,11.700000000000001,0,0,0,3.1,0.0000,0.0000
1998,10,24,22,0,11.200000000000001,0,0,0,3,0.0000,0.0000
1998,10,24,22,30,10.700000000000001,0,0,0,3,0.0000,0.0000
1998,10,24,23,0,10.3,0,0,0,3,0.0000,0.0000
1998,10,24,23,30,9.8,0,0,0,2.8000000000000003,0.0000,0.0000
1998,10,25,0,0,9.3,0,0,0,2.6,0.0000,0.0000
1998,10,25,0,30,8.9,0,0,0,2.5,0.0000,0.0000
1998,10,25,1,0,8.5,0,0,0,2.4000000000000004,0.0000,0.0000
1998,10,25,1,30,8.6,0,0,0,2.7,0.0000,0.0000
1998,10,25,2,0,8.6,0,0,0,2.9000000000000004,0.0000,0.0000
1998,10,25,2,30,8.6,0,0,0,2.9000000000000004,0.0000,0.0000
1998,10,25,3,0,8.6,0,0,0,3,0.0000,0.0000
1998,10,25,3,30,8.5,0,0,0,2.8000000000000003,0.0000,0.0000
1998,10,25,4,0,8.3,0,0,0,2.5,0.0000,0.0000
1998,10,25,4,30,8.1,0,0,0,2.4000000000000004,0.0000,0.0000
1998,10,25,5,0,8,0,0,0,2.3000000000000003,0.0000,0.0000
1998,10,25,5,30,7.7,0,0,0,2.2,0.0000,0.0000
1998,10,25,6,0,7.5,0,0,0,2,0.0000,0.0000
1998,10,25,6,30,7.5,0,0,0,2,0.0000,0.0000
1998,10,25,7,0,7.5,11,164,15,2,0.0000,0.0000
1998,10,25,7,30,8.1,31,452,79,2,0.0000,0.0000
1998,10,25,8,0,8.700000000000001,101,145,129,2,6.1544,4.6972
1998,10,25,8,30,9.9,118,429,236,1.8,11.6411,8.9614
1998,10,25,9,0,11.200000000000001,140,478,307,1.6,15.7809,12.2276
1998,10,25,9,30,13,217,187,295,1.4000000000000001,15.6844,12.2039
1998,10,25,10,0,14.8,68,874,481,1.2000000000000002,26.2274,20.4624
1998,10,25,10,30,16.3,213,413,427,1.1,23.7105,18.5312
1998,10,25,11,0,17.900000000000002,215,455,467,1,26.2561,20.5437
1998,10,25,11,30,19.400000000000002,180,602,527,1.2000000000000002,29.8571,23.3766
1998,10,25,12,0,20.900000000000002,75,922,617,1.5,35.0772,27.4716
1998,10,25,12,30,21.700000000000003,185,598,535,1.6,30.4006,23.8080
1998,10,25,13,0,22.6,169,697,568,1.7000000000000002,32.1310,25.1537
1998,10,25,13,30,22.8,163,631,508,1.6,28.4856,22.2830
1998,10,25,14,0,23,233,270,370,1.4000000000000001,20.4648,15.9886
1998,10,25,14,30,22.8,68,855,461,1.1,24.9980,19.4923
1998,10,25,15,0,22.6,64,814,390,0.8,20.5793,15.9986
1998,10,25,15,30,21.8,58,763,312,0.6000000000000001,15.8833,12.2901
1998,10,25,16,0,21,113,328,197,0.4,9.6166,7.3877
1998,10,25,16,30,19.6,79,305,131,0.7000000000000001,0.0000,0.0000
1998,10,25,17,0,18.2,37,7,38,1,0.0000,0.0000
1998,10,25,17,30,17.1,0,0,0,1.1,0.0000,0.0000
1998,10,25,18,0,16,0,0,0,1.2000000000000002,0.0000,0.0000
1998,10,25,18,30,15.600000000000001,0,0,0,1.3,0.0000,0.0000
1998,10,25,19,0,15.100000000000001,0,0,0,1.4000000000000001,0.0000,0.0000
1998,10,25,19,30,14.8,0,0,0,1.5,0.0000,0.0000
1998,10,25,20,0,14.4,0,0,0,1.6,0.0000,0.0000
1998,10,25,20,30,14.100000000000001,0,0,0,1.7000000000000002,0.0000,0.0000
1998,10,25,21,0,13.700000000000001,0,0,0,1.8,0.0000,0.0000
1998,10,25,21,30,13.3,0,0,0,1.8,0.0000,0.0000
1998,10,25,22,0,12.8,0,0,0,1.7000000000000002,0.0000,0.0000
1998,10,25,22,30,12.4,0,0,0,1.7000000000000002,0.0000,0.0000
1998,10,25,23,0,11.9,0,0,0,1.6,0.0000,0.0000
1998,10,25,23,30,11.4,0,0,0,1.6,0.0000,0.0000
1998,10,26,0,0,10.9,0,0,0,1.6,0.0000,0.0000
1998,10,26,0,30,10.5,0,0,0,1.6,0.0000,0.0000
1998,10,26,1,0,10.200000000000001,0,0,0,1.5,0.0000,0.0000
1998,10,26,1,30,10,0,0,0,1.5,0.0000,0.0000
1998,10,26,2,0,9.700000000000001,0,0,0,1.5,0.0000,0.0000
1998,10,26,2,30,9.600000000000001,0,0,0,1.4000000000000001,0.0000,0.0000
1998,10,26,3,0,9.5,0,0,0,1.3,0.0000,0.0000
1998,10,26,3,30,9.4,0,0,0,1.3,0.0000,0.0000
1998,10,26,4,0,9.4,0,0,0,1.2000000000000002,0.0000,0.0000
1998,10,26,4,30,9.4,0,0,0,1.2000000000000002,0.0000,0.0000
1998,10,26,5,0,9.5,0,0,0,1.2000000000000002,0.0000,0.0000
1998,10,26,5,30,9.700000000000001,0,0,0,1.2000000000000002,0.0000,0.0000
1998,10,26,6,0,9.9,0,0,0,1.2000000000000002,0.0000,0.0000
1998,10,26,6,30,10.3,0,0,0,1.5,0.0000,0.0000
1998,10,26,7,0,10.700000000000001,0,0,0,1.7000000000000002,0.0000,0.0000
1998,10,26,7,30,11.5,40,3,40,2.3000000000000003,0.0000,0.0000
1998,10,26,8,0,12.4,97,197,135,3,6.4374,4.9115
1998,10,26,8,30,13.200000000000001,69,584,227,2.9000000000000004,11.1717,8.5964
1998,10,26,9,0,14.100000000000001,79,661,307,2.9000000000000004,15.7446,12.1955
1998,10,26,9,30,15.200000000000001,38,583,278,3.1,14.7503,11.4744
1998,10,26,10,0,16.3,228,196,320,3.3000000000000003,17.4161,13.5853
1998,10,26,10,30,17,211,50,237,3.3000000000000003,13.1375,10.2661
1998,10,26,11,0,17.6,38,0,38,3.4000000000000004,2.1331,1.6688
1998,10,26,11,30,17.8,279,151,366,3.3000000000000003,20.7031,16.2074
1998,10,26,12,0,18,322,220,450,3.2,25.5443,20.0032
1998,10,26,12,30,18.5,247,69,287,3.4000000000000004,16.2828,12.7501
1998,10,26,13,0,18.900000000000002,238,72,278,3.6,15.7010,12.2899
1998,10,26,13,30,19.3,83,0,83,3.7,4.6463,3.6341
1998,10,26,14,0,19.700000000000003,23,0,23,3.8000000000000003,1.2697,0.9918
1998,10,26,14,30,19.3,41,0,42,3.3000000000000003,2.2728,1.7718
1998,10,26,15,0,18.900000000000002,196,52,217,2.7,11.4234,8.8782
1998,10,26,15,30,18.3,114,10,117,2.1,5.9405,4.5948
1998,10,26,16,0,17.7,105,11,108,1.5,5.2595,4.0384
1998,10,26,16,30,17.1,28,0,28,1.3,0.0000,0.0000
1998,10,26,17,0,16.6,12,0,12,1.2000000000000002,0.0000,0.0000
1998,10,26,17,30,16.400000000000002,0,0,0,1.2000000000000002,0.0000,0.0000
1998,10,26,18,0,16.3,0,0,0,1.2000000000000002,0.0000,0.0000
1998,10,26,18,30,16.3,0,0,0,1.3,0.0000,0.0000
1998,10,26,19,0,16.3,0,0,0,1.5,0.0000,0.0000
1998,10,26,19,30,16.3,0,0,0,1.8,0.0000,0.0000
1998,10,26,20,0,16.2,0,0,0,2.2,0.0000,0.0000
1998,10,26,20,30,16.2,0,0,0,2.4000000000000004,0.0000,0.0000
1998,10,26,21,0,16.1,0,0,0,2.5,0.0000,0.0000
1998,10,26,21,30,16,0,0,0,2.6,0.0000,0.0000
1998,10,26,22,0,16,0,0,0,2.6,0.0000,0.0000
1998,10,26,22,30,16,0,0,0,2.6,0.0000,0.0000
1998,10,26,23,0,15.9,0,0,0,2.6,0.0000,0.0000
1998,10,26,23,30,15.9,0,0,0,2.6,0.0000,0.0000
1998,10,27,0,0,15.9,0,0,0,2.7,0.0000,0.0000
1998,10,27,0,30,15.600000000000001,0,0,0,2.2,0.0000,0.0000
1998,10,27,1,0,15.3,0,0,0,1.8,0.0000,0.0000
1998,10,27,1,30,15.200000000000001,0,0,0,1.6,0.0000,0.0000
1998,10,27,2,0,15,0,0,0,1.5,0.0000,0.0000
1998,10,27,2,30,14.9,0,0,0,1.4000000000000001,0.0000,0.0000
1998,10,27,3,0,14.8,0,0,0,1.4000000000000001,0.0000,0.0000
1998,10,27,3,30,14.5,0,0,0,1.3,0.0000,0.0000
1998,10,27,4,0,14.200000000000001,0,0,0,1.3,0.0000,0.0000
1998,10,27,4,30,13.9,0,0,0,1.3,0.0000,0.0000
1998,10,27,5,0,13.700000000000001,0,0,0,1.2000000000000002,0.0000,0.0000
1998,10,27,5,30,13.5,0,0,0,1.3,0.0000,0.0000
1998,10,27,6,0,13.3,0,0,0,1.4000000000000001,0.0000,0.0000
1998,10,27,6,30,13.4,0,0,0,1.6,0.0000,0.0000
1998,10,27,7,0,13.5,0,0,0,1.9000000000000001,0.0000,0.0000
1998,10,27,7,30,14.100000000000001,25,0,25,2.4000000000000004,0.0000,0.0000
1998,10,27,8,0,14.600000000000001,67,1,67,2.8000000000000003,3.1938,2.4359
1998,10,27,8,30,15.5,121,6,123,3,6.0403,4.6459
1998,10,27,9,0,16.3,177,21,184,3.1,9.4146,7.2900
1998,10,27,9,30,17.2,230,52,251,3.1,13.2891,10.3352
1998,10,27,10,0,18.1,270,99,316,3.1,17.1659,13.3876
1998,10,27,10,30,19,296,141,368,2.9000000000000004,20.3634,15.9101
1998,10,27,11,0,19.8,309,198,417,2.8000000000000003,23.3699,18.2802
1998,10,27,11,30,20.400000000000002,316,235,450,2.6,25.4154,19.8937
1998,10,27,12,0,21,320,246,462,2.5,26.1853,20.5024
1998,10,27,12,30,21.3,320,245,461,2.3000000000000003,26.1143,20.4459
1998,10,27,13,0,21.700000000000003,314,240,449,2.2,25.3191,19.8156
1998,10,27,13,30,21.8,303,218,419,2.1,23.4155,18.3113
1998,10,27,14,0,21.900000000000002,285,186,378,2,20.8286,16.2670
1998,10,27,14,30,21.700000000000003,261,150,328,1.9000000000000001,17.7118,13.8048
1998,10,27,15,0,21.5,229,105,270,1.9000000000000001,14.1805,11.0178
1998,10,27,15,30,20.900000000000002,185,54,202,1.7000000000000002,10.2299,7.9096
1998,10,27,16,0,20.3,130,18,134,1.4000000000000001,6.5111,4.9970
1998,10,27,16,30,18.6,69,2,69,1.2000000000000002,0.0000,0.0000
1998,10,27,17,0,16.900000000000002,23,0,23,0.9,0.0000,0.0000
1998,10,27,17,30,16,0,0,0,1,0.0000,0.0000
1998,10,27,18,0,15.100000000000001,0,0,0,1.1,0.0000,0.0000
1998,10,27,18,30,14.600000000000001,0,0,0,1.2000000000000002,0.0000,0.0000
1998,10,27,19,0,14.200000000000001,0,0,0,1.3,0.0000,0.0000
1998,10,27,19,30,13.8,0,0,0,1.3,0.0000,0.0000
1998,10,27,20,0,13.5,0,0,0,1.4000000000000001,0.0000,0.0000
1998,10,27,20,30,13.100000000000001,0,0,0,1.4000000000000001,0.0000,0.0000
1998,10,27,21,0,12.8,0,0,0,1.5,0.0000,0.0000
1998,10,27,21,30,12.700000000000001,0,0,0,1.6,0.0000,0.0000
1998,10,27,22,0,12.5,0,0,0,1.7000000000000002,0.0000,0.0000
1998,10,27,22,30,12.4,0,0,0,1.8,0.0000,0.0000
1998,10,27,23,0,12.4,0,0,0,1.9000000000000001,0.0000,0.0000
1998,10,27,23,30,12.4,0,0,0,2.1,0.0000,0.0000
1998,10,28,0,0,12.5,0,0,0,2.2,0.0000,0.0000
1998,10,28,0,30,12.600000000000001,0,0,0,2.3000000000000003,0.0000,0.0000
1998,10,28,1,0,12.700000000000001,0,0,0,2.5,0.0000,0.0000
1998,10,28,1,30,12.700000000000001,0,0,0,2.8000000000000003,0.0000,0.0000
1998,10,28,2,0,12.8,0,0,0,3,0.0000,0.0000
1998,10,28,2,30,12.700000000000001,0,0,0,3.3000000000000003,0.0000,0.0000
1998,10,28,3,0,12.700000000000001,0,0,0,3.5,0.0000,0.0000
1998,10,28,3,30,12.600000000000001,0,0,0,3.5,0.0000,0.0000
1998,10,28,4,0,12.4,0,0,0,3.6,0.0000,0.0000
1998,10,28,4,30,12.3,0,0,0,3.5,0.0000,0.0000
1998,10,28,5,0,12.100000000000001,0,0,0,3.4000000000000004,0.0000,0.0000
1998,10,28,5,30,12,0,0,0,3.7,0.0000,0.0000
1998,10,28,6,0,12,0,0,0,4,0.0000,0.0000
1998,10,28,6,30,11.9,0,0,0,4.1000000000000005,0.0000,0.0000
1998,10,28,7,0,11.9,0,0,0,4.3,0.0000,0.0000
1998,10,28,7,30,12.3,30,1,30,4.6000000000000005,0.0000,0.0000
1998,10,28,8,0,12.700000000000001,95,52,104,4.9,4.9569,3.7795
1998,10,28,8,30,13.700000000000001,118,214,174,5.2,8.5258,6.5548
1998,10,28,9,0,14.700000000000001,159,224,235,5.6000000000000005,11.9960,9.2858
1998,10,28,9,30,16,129,11,133,6,7.0269,5.4636
1998,10,28,10,0,17.2,155,14,161,6.4,8.7292,6.8065
1998,10,28,10,30,18.400000000000002,26,0,26,6.6000000000000005,1.4362,1.1220
1998,10,28,11,0,19.5,140,0,140,6.9,7.8331,6.1263
1998,10,28,11,30,19.900000000000002,146,0,146,7,8.2333,6.4437
1998,10,28,12,0,20.400000000000002,63,0,63,7,3.5651,2.7911
1998,10,28,12,30,20.3,77,0,77,6.800000000000001,4.3552,3.4094
1998,10,28,13,0,20.3,179,8,183,6.5,10.3024,8.0619
1998,10,28,13,30,20.1,13,0,13,6.1000000000000005,0.7253,0.5671
1998,10,28,14,0,19.900000000000002,51,0,51,5.7,2.8050,2.1903
1998,10,28,14,30,19.900000000000002,198,29,210,5.5,11.3165,8.8183
1998,10,28,15,0,19.8,200,80,231,5.4,12.1027,9.4007
1998,10,28,15,30,19.6,8,0,8,5.2,0.4041,0.3123
1998,10,28,16,0,19.3,64,0,64,5,3.1030,2.3802
1998,10,28,16,30,18.7,48,430,117,4.800000000000001,0.0000,0.0000
1998,10,28,17,0,18,14,0,14,4.6000000000000005,0.0000,0.0000
1998,10,28,17,30,17.6,0,0,0,4.800000000000001,0.0000,0.0000
1998,10,28,18,0,17.2,0,0,0,4.9,0.0000,0.0000
1998,10,28,18,30,16.900000000000002,0,0,0,5,0.0000,0.0000
1998,10,28,19,0,16.6,0,0,0,5.2,0.0000,0.0000
1998,10,28,19,30,16.400000000000002,0,0,0,5.2,0.0000,0.0000
1998,10,28,20,0,16.1,0,0,0,5.300000000000001,0.0000,0.0000
1998,10,28,20,30,16,0,0,0,5.1000000000000005,0.0000,0.0000
1998,10,28,21,0,15.8,0,0,0,5,0.0000,0.0000
1998,10,28,21,30,15.700000000000001,0,0,0,5,0.0000,0.0000
1998,10,28,22,0,15.5,0,0,0,5,0.0000,0.0000
1998,10,28,22,30,15.200000000000001,0,0,0,4.9,0.0000,0.0000
1998,10,28,23,0,15,0,0,0,4.9,0.0000,0.0000
1998,10,28,23,30,14.600000000000001,0,0,0,4.800000000000001,0.0000,0.0000
1998,10,29,0,0,14.100000000000001,0,0,0,4.7,0.0000,0.0000
1998,10,29,0,30,13.600000000000001,0,0,0,4.6000000000000005,0.0000,0.0000
1998,10,29,1,0,13,0,0,0,4.4,0.0000,0.0000
1998,10,29,1,30,12.4,0,0,0,4.2,0.0000,0.0000
1998,10,29,2,0,11.9,0,0,0,4,0.0000,0.0000
1998,10,29,2,30,11.4,0,0,0,3.8000000000000003,0.0000,0.0000
1998,10,29,3,0,10.9,0,0,0,3.6,0.0000,0.0000
1998,10,29,3,30,10.5,0,0,0,3.6,0.0000,0.0000
1998,10,29,4,0,10.200000000000001,0,0,0,3.6,0.0000,0.0000
1998,10,29,4,30,9.9,0,0,0,3.6,0.0000,0.0000
1998,10,29,5,0,9.700000000000001,0,0,0,3.7,0.0000,0.0000
1998,10,29,5,30,9.5,0,0,0,3.6,0.0000,0.0000
1998,10,29,6,0,9.4,0,0,0,3.6,0.0000,0.0000
1998,10,29,6,30,9.4,0,0,0,3.6,0.0000,0.0000
1998,10,29,7,0,9.5,0,0,0,3.6,0.0000,0.0000
1998,10,29,7,30,10.100000000000001,27,406,64,3.7,0.0000,0.0000
1998,10,29,8,0,10.8,40,589,145,3.9000000000000004,6.9117,5.2685
1998,10,29,8,30,12,49,697,230,3.9000000000000004,11.2460,8.6424
1998,10,29,9,0,13.3,56,768,311,4,15.8396,12.2571
1998,10,29,9,30,14.8,61,817,386,4.1000000000000005,20.3490,15.8177
1998,10,29,10,0,16.3,65,849,451,4.3,24.4051,19.0258
1998,10,29,10,30,17.400000000000002,68,873,505,4.3,27.8478,21.7505
1998,10,29,11,0,18.400000000000002,71,888,546,4.3,30.4984,23.8492
1998,10,29,11,30,19,72,896,572,4.5,32.2052,25.2016
1998,10,29,12,0,19.6,275,40,297,4.7,16.7813,13.1359
1998,10,29,12,30,19.700000000000003,252,11,258,5,14.5701,11.4045
1998,10,29,13,0,19.700000000000003,269,26,283,5.4,15.9071,12.4460
1998,10,29,13,30,19.3,235,13,242,5.6000000000000005,13.4774,10.5363
1998,10,29,14,0,18.8,190,3,192,5.800000000000001,10.5404,8.2291
1998,10,29,14,30,18.1,38,0,38,5.9,2.0435,1.5920
1998,10,29,15,0,17.3,116,1,116,5.9,6.0636,4.7085
1998,10,29,15,30,16.5,71,0,71,5.6000000000000005,3.5771,2.7636
1998,10,29,16,0,15.8,66,0,66,5.4,3.1935,2.4485
1998,10,29,16,30,15,46,444,115,4.7,0.0000,0.0000
1998,10,29,17,0,14.200000000000001,19,0,19,4,0.0000,0.0000
1998,10,29,17,30,13.4,0,0,0,3.4000000000000004,0.0000,0.0000
1998,10,29,18,0,12.600000000000001,0,0,0,2.7,0.0000,0.0000
1998,10,29,18,30,12,0,0,0,2.4000000000000004,0.0000,0.0000
1998,10,29,19,0,11.3,0,0,0,2.1,0.0000,0.0000
1998,10,29,19,30,10.9,0,0,0,2.2,0.0000,0.0000
1998,10,29,20,0,10.4,0,0,0,2.2,0.0000,0.0000
1998,10,29,20,30,10.100000000000001,0,0,0,2.5,0.0000,0.0000
1998,10,29,21,0,9.9,0,0,0,2.7,0.0000,0.0000
1998,10,29,21,30,9.4,0,0,0,2.7,0.0000,0.0000
1998,10,29,22,0,8.9,0,0,0,2.7,0.0000,0.0000
1998,10,29,22,30,8.5,0,0,0,2.8000000000000003,0.0000,0.0000
1998,10,29,23,0,8.1,0,0,0,2.9000000000000004,0.0000,0.0000
1998,10,29,23,30,7.7,0,0,0,2.9000000000000004,0.0000,0.0000
1998,10,30,0,0,7.300000000000001,0,0,0,3,0.0000,0.0000
1998,10,30,0,30,6.9,0,0,0,2.9000000000000004,0.0000,0.0000
1998,10,30,1,0,6.6000000000000005,0,0,0,2.9000000000000004,0.0000,0.0000
1998,10,30,1,30,6.2,0,0,0,2.8000000000000003,0.0000,0.0000
1998,10,30,2,0,5.800000000000001,0,0,0,2.8000000000000003,0.0000,0.0000
1998,10,30,2,30,5.5,0,0,0,2.8000000000000003,0.0000,0.0000
1998,10,30,3,0,5.2,0,0,0,2.9000000000000004,0.0000,0.0000
1998,10,30,3,30,5,0,0,0,2.9000000000000004,0.0000,0.0000
1998,10,30,4,0,4.800000000000001,0,0,0,2.9000000000000004,0.0000,0.0000
1998,10,30,4,30,4.6000000000000005,0,0,0,2.9000000000000004,0.0000,0.0000
1998,10,30,5,0,4.3,0,0,0,2.9000000000000004,0.0000,0.0000
1998,10,30,5,30,4.1000000000000005,0,0,0,2.8000000000000003,0.0000,0.0000
1998,10,30,6,0,3.9000000000000004,0,0,0,2.8000000000000003,0.0000,0.0000
1998,10,30,6,30,4,0,0,0,2.9000000000000004,0.0000,0.0000
1998,10,30,7,0,4,0,0,0,3,0.0000,0.0000
1998,10,30,7,30,4.9,37,1,37,3.4000000000000004,0.0000,0.0000
1998,10,30,8,0,5.7,40,602,145,3.9000000000000004,6.9139,5.2689
1998,10,30,8,30,6.6000000000000005,49,711,230,4.3,11.2217,8.6199
1998,10,30,9,0,7.5,164,264,250,4.6000000000000005,12.7027,9.8263
1998,10,30,9,30,8.3,192,320,318,4.4,16.7283,12.9999
1998,10,30,10,0,9.1,66,860,453,4.3,24.4668,19.0701
1998,10,30,10,30,9.9,69,884,508,4.2,27.9637,21.8374
1998,10,30,11,0,10.600000000000001,252,393,461,4.1000000000000005,25.7083,20.1005
1998,10,30,11,30,11.200000000000001,166,651,527,4,29.6251,23.1794
1998,10,30,12,0,11.8,168,666,544,4,30.6908,24.0207
1998,10,30,12,30,12.100000000000001,145,738,560,3.9000000000000004,31.5753,24.7118
1998,10,30,13,0,12.5,71,911,571,3.8000000000000003,32.0425,25.0670
1998,10,30,13,30,12.600000000000001,70,899,539,3.6,29.9675,23.4241
1998,10,30,14,0,12.600000000000001,235,354,406,3.4000000000000004,22.2465,17.3649
1998,10,30,14,30,12.5,65,853,436,3.2,23.3962,18.2231
1998,10,30,15,0,12.4,60,811,366,3,19.0873,14.8174
1998,10,30,15,30,11.9,175,86,201,2.8000000000000003,10.1023,7.8018
1998,10,30,16,0,11.4,112,26,118,2.6,5.6984,4.3669
1998,10,30,16,30,10.200000000000001,48,254,86,2,0.0000,0.0000
1998,10,30,17,0,8.9,25,2,25,1.5,0.0000,0.0000
1998,10,30,17,30,8.4,0,0,0,1.7000000000000002,0.0000,0.0000
1998,10,30,18,0,7.9,0,0,0,1.8,0.0000,0.0000
1998,10,30,18,30,7.9,0,0,0,2,0.0000,0.0000
1998,10,30,19,0,7.800000000000001,0,0,0,2.1,0.0000,0.0000
1998,10,30,19,30,7.7,0,0,0,2.2,0.0000,0.0000
1998,10,30,20,0,7.5,0,0,0,2.2,0.0000,0.0000
1998,10,30,20,30,7.2,0,0,0,2,0.0000,0.0000
1998,10,30,21,0,7,0,0,0,1.8,0.0000,0.0000
1998,10,30,21,30,6.6000000000000005,0,0,0,1.6,0.0000,0.0000
1998,10,30,22,0,6.300000000000001,0,0,0,1.4000000000000001,0.0000,0.0000
1998,10,30,22,30,6.300000000000001,0,0,0,1.6,0.0000,0.0000
1998,10,30,23,0,6.2,0,0,0,1.8,0.0000,0.0000
1998,10,30,23,30,6.2,0,0,0,2.3000000000000003,0.0000,0.0000
1998,10,31,0,0,6.2,0,0,0,2.7,0.0000,0.0000
1998,10,31,0,30,6.1000000000000005,0,0,0,3.1,0.0000,0.0000
1998,10,31,1,0,6,0,0,0,3.4000000000000004,0.0000,0.0000
1998,10,31,1,30,5.7,0,0,0,2.9000000000000004,0.0000,0.0000
1998,10,31,2,0,5.5,0,0,0,2.5,0.0000,0.0000
1998,10,31,2,30,5.300000000000001,0,0,0,2,0.0000,0.0000
1998,10,31,3,0,5.2,0,0,0,1.5,0.0000,0.0000
1998,10,31,3,30,4.800000000000001,0,0,0,1.6,0.0000,0.0000
1998,10,31,4,0,4.5,0,0,0,1.6,0.0000,0.0000
1998,10,31,4,30,4.4,0,0,0,1.7000000000000002,0.0000,0.0000
1998,10,31,5,0,4.3,0,0,0,1.9000000000000001,0.0000,0.0000
1998,10,31,5,30,4.2,0,0,0,1.8,0.0000,0.0000
1998,10,31,6,0,4.1000000000000005,0,0,0,1.7000000000000002,0.0000,0.0000
1998,10,31,6,30,4.1000000000000005,0,0,0,1.8,0.0000,0.0000
1998,10,31,7,0,4.1000000000000005,0,0,0,2,0.0000,0.0000
1998,10,31,7,30,4.3,13,0,13,2.2,0.0000,0.0000
1998,10,31,8,0,4.5,14,0,14,2.5,0.0000,0.0000
1998,10,31,8,30,4.9,86,8,88,2.5,4.2848,3.2899
1998,10,31,9,0,5.300000000000001,138,25,146,2.5,7.4007,5.7229
1998,10,31,9,30,6,136,13,141,2.6,7.4012,5.7501
1998,10,31,10,0,6.7,134,6,136,2.8000000000000003,7.3308,5.7126
1998,10,31,10,30,7.2,174,14,181,2.8000000000000003,9.9456,7.7653
1998,10,31,11,0,7.6000000000000005,233,33,250,2.8000000000000003,13.9185,10.8807
1998,10,31,11,30,7.800000000000001,229,31,246,2.6,13.8068,10.8012
1998,10,31,12,0,8.1,258,64,294,2.5,16.5603,12.9594
1998,10,31,12,30,8.1,248,55,279,2.5,15.7070,12.2911
1998,10,31,13,0,8.200000000000001,233,37,253,2.5,14.1745,11.0872
1998,10,31,13,30,8.200000000000001,175,10,180,2.7,9.9906,7.8080
1998,10,31,14,0,8.200000000000001,159,10,164,2.9000000000000004,8.9696,7.0001
1998,10,31,14,30,8.4,168,20,177,3.1,9.4783,7.3808
1998,10,31,15,0,8.6,173,30,184,3.3000000000000003,9.5733,7.4295
1998,10,31,15,30,8.4,150,57,168,2.9000000000000004,8.4225,6.5019
1998,10,31,16,0,8.3,82,7,84,2.5,4.0492,3.1016
1998,10,31,16,30,7.6000000000000005,54,45,60,2,0.0000,0.0000
1998,10,31,17,0,6.9,6,0,6,1.6,0.0000,0.0000
1998,10,31,17,30,6.5,0,0,0,1.7000000000000002,0.0000,0.0000
1998,10,31,18,0,6.2,0,0,0,1.7000000000000002,0.0000,0.0000
1998,10,31,18,30,6,0,0,0,1.7000000000000002,0.0000,0.0000
1998,10,31,19,0,5.800000000000001,0,0,0,1.7000000000000002,0.0000,0.0000
1998,10,31,19,30,5.7,0,0,0,1.7000000000000002,0.0000,0.0000
1998,10,31,20,0,5.5,0,0,0,1.8,0.0000,0.0000
1998,10,31,20,30,5.4,0,0,0,1.8,0.0000,0.0000
1998,10,31,21,0,5.300000000000001,0,0,0,1.9000000000000001,0.0000,0.0000
1998,10,31,21,30,5.2,0,0,0,2.1,0.0000,0.0000
1998,10,31,22,0,5.1000000000000005,0,0,0,2.4000000000000004,0.0000,0.0000
1998,10,31,22,30,4.800000000000001,0,0,0,2.3000000000000003,0.0000,0.0000
1998,10,31,23,0,4.6000000000000005,0,0,0,2.2,0.0000,0.0000
1998,10,31,23,30,4.4,0,0,0,1.8,0.0000,0.0000
1998,11,1,0,0,4.1000000000000005,0,0,0,1.5,0.0000,0.0000
1998,11,1,0,30,4.1000000000000005,0,0,0,1.8,0.0000,0.0000
1998,11,1,1,0,4,0,0,0,2.1,0.0000,0.0000
1998,11,1,1,30,3.9000000000000004,0,0,0,2.3000000000000003,0.0000,0.0000
1998,11,1,2,0,3.7,0,0,0,2.4000000000000004,0.0000,0.0000
1998,11,1,2,30,3.4000000000000004,0,0,0,2.4000000000000004,0.0000,0.0000
1998,11,1,3,0,3.1,0,0,0,2.3000000000000003,0.0000,0.0000
1998,11,1,3,30,2.9000000000000004,0,0,0,2.4000000000000004,0.0000,0.0000
1998,11,1,4,0,2.7,0,0,0,2.5,0.0000,0.0000
1998,11,1,4,30,2.6,0,0,0,2.7,0.0000,0.0000
1998,11,1,5,0,2.6,0,0,0,2.9000000000000004,0.0000,0.0000
1998,11,1,5,30,2.5,0,0,0,3.1,0.0000,0.0000
1998,11,1,6,0,2.5,0,0,0,3.2,0.0000,0.0000
1998,11,1,6,30,2.5,0,0,0,3.1,0.0000,0.0000
1998,11,1,7,0,2.5,0,0,0,3,0.0000,0.0000
1998,11,1,7,30,3,15,0,15,3.1,0.0000,0.0000
1998,11,1,8,0,3.5,23,0,23,3.2,0.0000,0.0000
1998,11,1,8,30,4.3,104,18,108,3.6,5.2482,4.0278
1998,11,1,9,0,5.1000000000000005,132,26,140,3.9000000000000004,7.0803,5.4732
1998,11,1,9,30,5.9,156,25,166,4.2,8.6943,6.7530
1998,11,1,10,0,6.800000000000001,213,58,238,4.4,12.8039,9.9755
1998,11,1,10,30,7.5,238,94,284,4.6000000000000005,15.5778,12.1608
1998,11,1,11,0,8.200000000000001,242,74,280,4.800000000000001,15.5633,12.1647
1998,11,1,11,30,8.8,225,32,242,4.800000000000001,13.5610,10.6075
1998,11,1,12,0,9.3,242,36,262,4.7,14.7347,11.5293
1998,11,1,12,30,9.600000000000001,202,17,211,4.7,11.8595,9.2790
1998,11,1,13,0,9.9,213,24,226,4.7,12.6417,9.8868
1998,11,1,13,30,10,186,14,193,4.7,10.6936,8.3560
1998,11,1,14,0,10.100000000000001,174,16,182,4.7,9.9353,7.7523
1998,11,1,14,30,10,147,11,152,4.7,8.1230,6.3240
1998,11,1,15,0,10,130,8,133,4.6000000000000005,6.9040,5.3564
1998,11,1,15,30,9.8,109,12,112,4.6000000000000005,5.6014,4.3224
1998,11,1,16,0,9.600000000000001,82,7,83,4.6000000000000005,3.9942,3.0580
1998,11,1,16,30,9.3,56,5,57,4.800000000000001,0.0000,0.0000
1998,11,1,17,0,9.1,13,0,13,5,0.0000,0.0000
1998,11,1,17,30,8.9,0,0,0,5.1000000000000005,0.0000,0.0000
1998,11,1,18,0,8.8,0,0,0,5.300000000000001,0.0000,0.0000
1998,11,1,18,30,8.700000000000001,0,0,0,5.4,0.0000,0.0000
1998,11,1,19,0,8.6,0,0,0,5.5,0.0000,0.0000
1998,11,1,19,30,8.6,0,0,0,5.6000000000000005,0.0000,0.0000
1998,11,1,20,0,8.6,0,0,0,5.800000000000001,0.0000,0.0000
1998,11,1,20,30,8.6,0,0,0,5.800000000000001,0.0000,0.0000
1998,11,1,21,0,8.5,0,0,0,5.9,0.0000,0.0000
1998,11,1,21,30,8.5,0,0,0,6,0.0000,0.0000
1998,11,1,22,0,8.4,0,0,0,6.1000000000000005,0.0000,0.0000
1998,11,1,22,30,8.3,0,0,0,6.1000000000000005,0.0000,0.0000
1998,11,1,23,0,8.1,0,0,0,6.1000000000000005,0.0000,0.0000
1998,11,1,23,30,8,0,0,0,6.1000000000000005,0.0000,0.0000
1998,11,2,0,0,7.800000000000001,0,0,0,6,0.0000,0.0000
1998,11,2,0,30,7.6000000000000005,0,0,0,6,0.0000,0.0000
1998,11,2,1,0,7.5,0,0,0,5.9,0.0000,0.0000
1998,11,2,1,30,7.300000000000001,0,0,0,5.9,0.0000,0.0000
1998,11,2,2,0,7.1000000000000005,0,0,0,5.800000000000001,0.0000,0.0000
1998,11,2,2,30,6.9,0,0,0,5.800000000000001,0.0000,0.0000
1998,11,2,3,0,6.7,0,0,0,5.7,0.0000,0.0000
1998,11,2,3,30,6.6000000000000005,0,0,0,5.6000000000000005,0.0000,0.0000
1998,11,2,4,0,6.4,0,0,0,5.5,0.0000,0.0000
1998,11,2,4,30,6.2,0,0,0,5.5,0.0000,0.0000
1998,11,2,5,0,6,0,0,0,5.5,0.0000,0.0000
1998,11,2,5,30,5.800000000000001,0,0,0,5.5,0.0000,0.0000
1998,11,2,6,0,5.7,0,0,0,5.5,0.0000,0.0000
1998,11,2,6,30,5.5,0,0,0,5.5,0.0000,0.0000
1998,11,2,7,0,5.4,0,0,0,5.5,0.0000,0.0000
1998,11,2,7,30,5.5,11,0,11,5.6000000000000005,0.0000,0.0000
1998,11,2,8,0,5.5,9,0,9,5.7,0.0000,0.0000
1998,11,2,8,30,5.7,15,0,15,5.800000000000001,0.7275,0.5581
1998,11,2,9,0,5.9,39,0,39,5.9,1.9676,1.5205
1998,11,2,9,30,6.2,60,0,60,6,3.1358,2.4350
1998,11,2,10,0,6.4,21,0,21,6.1000000000000005,1.1275,0.8783
1998,11,2,10,30,6.7,71,0,71,6.2,3.8873,3.0340
1998,11,2,11,0,6.9,43,0,43,6.300000000000001,2.3860,1.8647
1998,11,2,11,30,7.1000000000000005,10,0,10,6.300000000000001,0.5595,0.4375
1998,11,2,12,0,7.300000000000001,81,0,81,6.4,4.5484,3.5584
1998,11,2,12,30,7.4,110,0,110,6.4,6.1731,4.8293
1998,11,2,13,0,7.4,86,0,86,6.4,4.8025,3.7554
1998,11,2,13,30,7.4,78,0,78,6.300000000000001,4.3142,3.3706
1998,11,2,14,0,7.4,73,0,73,6.300000000000001,3.9777,3.1031
1998,11,2,14,30,7.2,51,0,51,6.1000000000000005,2.7199,2.1170
1998,11,2,15,0,7.1000000000000005,53,0,53,6,2.7449,2.1290
1998,11,2,15,30,6.800000000000001,84,561,250,5.7,12.4729,9.6210
1998,11,2,16,0,6.5,13,0,13,5.4,0.6246,0.4780
1998,11,2,16,30,6.2,49,330,95,5.1000000000000005,0.0000,0.0000
1998,11,2,17,0,5.800000000000001,6,0,6,4.9,0.0000,0.0000
1998,11,2,17,30,5.5,0,0,0,4.800000000000001,0.0000,0.0000
1998,11,2,18,0,5.2,0,0,0,4.800000000000001,0.0000,0.0000
1998,11,2,18,30,4.9,0,0,0,4.800000000000001,0.0000,0.0000
1998,11,2,19,0,4.7,0,0,0,4.7,0.0000,0.0000
1998,11,2,19,30,4.5,0,0,0,4.7,0.0000,0.0000
1998,11,2,20,0,4.3,0,0,0,4.7,0.0000,0.0000
1998,11,2,20,30,4.1000000000000005,0,0,0,4.6000000000000005,0.0000,0.0000
1998,11,2,21,0,3.9000000000000004,0,0,0,4.6000000000000005,0.0000,0.0000
1998,11,2,21,30,3.7,0,0,0,4.5,0.0000,0.0000
1998,11,2,22,0,3.5,0,0,0,4.4,0.0000,0.0000
1998,11,2,22,30,3.2,0,0,0,4.5,0.0000,0.0000
1998,11,2,23,0,2.9000000000000004,0,0,0,4.5,0.0000,0.0000
1998,11,2,23,30,2.5,0,0,0,4.4,0.0000,0.0000
1998,11,3,0,0,2.2,0,0,0,4.4,0.0000,0.0000
1998,11,3,0,30,2,0,0,0,4.3,0.0000,0.0000
1998,11,3,1,0,1.8,0,0,0,4.2,0.0000,0.0000
1998,11,3,1,30,1.6,0,0,0,4.1000000000000005,0.0000,0.0000
1998,11,3,2,0,1.4000000000000001,0,0,0,4,0.0000,0.0000
1998,11,3,2,30,1.2000000000000002,0,0,0,3.9000000000000004,0.0000,0.0000
1998,11,3,3,0,1,0,0,0,3.8000000000000003,0.0000,0.0000
1998,11,3,3,30,0.9,0,0,0,3.7,0.0000,0.0000
1998,11,3,4,0,0.9,0,0,0,3.6,0.0000,0.0000
1998,11,3,4,30,0.8,0,0,0,3.6,0.0000,0.0000
1998,11,3,5,0,0.8,0,0,0,3.6,0.0000,0.0000
1998,11,3,5,30,0.7000000000000001,0,0,0,3.6,0.0000,0.0000
1998,11,3,6,0,0.7000000000000001,0,0,0,3.5,0.0000,0.0000
1998,11,3,6,30,0.6000000000000001,0,0,0,3.5,0.0000,0.0000
1998,11,3,7,0,0.6000000000000001,0,0,0,3.5,0.0000,0.0000
1998,11,3,7,30,0.8,19,0,19,3.8000000000000003,0.0000,0.0000
1998,11,3,8,0,0.9,31,0,31,4.2,0.0000,0.0000
1998,11,3,8,30,1.3,128,46,139,4.3,6.7288,5.1595
1998,11,3,9,0,1.6,75,2,76,4.5,3.8255,2.9550
1998,11,3,9,30,2,105,0,105,4.5,5.4754,4.2505
1998,11,3,10,0,2.4000000000000004,27,0,27,4.6000000000000005,1.4468,1.1267
1998,11,3,10,30,2.8000000000000003,198,4,200,4.5,10.9303,8.5296
1998,11,3,11,0,3.2,230,80,271,4.5,15.0120,11.7302
1998,11,3,11,30,3.4000000000000004,208,25,221,4.4,12.3446,9.6533
1998,11,3,12,0,3.7,241,40,263,4.3,14.7453,11.5344
1998,11,3,12,30,3.9000000000000004,154,4,156,4.2,8.7409,6.8371
1998,11,3,13,0,4.1000000000000005,139,4,141,4.2,7.8614,6.1465
1998,11,3,13,30,4.1000000000000005,214,53,241,4,13.3068,10.3945
1998,11,3,14,0,4.1000000000000005,198,54,223,3.9000000000000004,12.1282,9.4598
1998,11,3,14,30,3.9000000000000004,138,13,144,3.8000000000000003,7.6636,5.9636
1998,11,3,15,0,3.8000000000000003,155,44,170,3.6,8.7846,6.8114
1998,11,3,15,30,3.6,146,68,166,3.4000000000000004,8.2627,6.3709
1998,11,3,16,0,3.3000000000000003,65,4,65,3.2,3.1186,2.3856
1998,11,3,16,30,2.8000000000000003,41,2,41,2.6,0.0000,0.0000
1998,11,3,17,0,2.3000000000000003,12,0,12,2.1,0.0000,0.0000
1998,11,3,17,30,2,0,0,0,2.1,0.0000,0.0000
1998,11,3,18,0,1.7000000000000002,0,0,0,2.1,0.0000,0.0000
1998,11,3,18,30,1.5,0,0,0,2.3000000000000003,0.0000,0.0000
1998,11,3,19,0,1.2000000000000002,0,0,0,2.4000000000000004,0.0000,0.0000
1998,11,3,19,30,1,0,0,0,2.5,0.0000,0.0000
1998,11,3,20,0,0.7000000000000001,0,0,0,2.5,0.0000,0.0000
1998,11,3,20,30,0.5,0,0,0,2.5,0.0000,0.0000
1998,11,3,21,0,0.30000000000000004,0,0,0,2.5,0.0000,0.0000
1998,11,3,21,30,0.2,0,0,0,2.4000000000000004,0.0000,0.0000
1998,11,3,22,0,0.1,0,0,0,2.4000000000000004,0.0000,0.0000
1998,11,3,22,30,-0.1,0,0,0,2.3000000000000003,0.0000,0.0000
1998,11,3,23,0,-0.2,0,0,0,2.3000000000000003,0.0000,0.0000
1998,11,3,23,30,-0.30000000000000004,0,0,0,2.2,0.0000,0.0000
1998,11,4,0,0,-0.4,0,0,0,2.2,0.0000,0.0000
1998,11,4,0,30,-0.5,0,0,0,2.1,0.0000,0.0000
1998,11,4,1,0,-0.6000000000000001,0,0,0,2,0.0000,0.0000
1998,11,4,1,30,-0.7000000000000001,0,0,0,1.9000000000000001,0.0000,0.0000
1998,11,4,2,0,-0.8,0,0,0,1.9000000000000001,0.0000,0.0000
1998,11,4,2,30,-0.8,0,0,0,1.8,0.0000,0.0000
1998,11,4,3,0,-0.9,0,0,0,1.8,0.0000,0.0000
1998,11,4,3,30,-0.9,0,0,0,1.9000000000000001,0.0000,0.0000
1998,11,4,4,0,-0.9,0,0,0,2,0.0000,0.0000
1998,11,4,4,30,-0.9,0,0,0,2,0.0000,0.0000
1998,11,4,5,0,-0.9,0,0,0,2.1,0.0000,0.0000
1998,11,4,5,30,-0.9,0,0,0,2.1,0.0000,0.0000
1998,11,4,6,0,-0.9,0,0,0,2.2,0.0000,0.0000
1998,11,4,6,30,-0.9,0,0,0,2.2,0.0000,0.0000
1998,11,4,7,0,-0.9,0,0,0,2.3000000000000003,0.0000,0.0000
1998,11,4,7,30,-0.6000000000000001,12,0,12,2.4000000000000004,0.0000,0.0000
1998,11,4,8,0,-0.2,12,0,12,2.5,0.0000,0.0000
1998,11,4,8,30,0.6000000000000001,14,0,14,2.4000000000000004,0.6765,0.5185
1998,11,4,9,0,1.4000000000000001,145,40,157,2.4000000000000004,7.8842,6.0880
1998,11,4,9,30,2.1,128,1,129,2.4000000000000004,6.7123,5.2092
1998,11,4,10,0,2.9000000000000004,179,5,181,2.5,9.6791,7.5361
1998,11,4,10,30,3.3000000000000003,227,71,261,2.4000000000000004,14.2379,11.1088
1998,11,4,11,0,3.7,243,113,300,2.4000000000000004,16.5902,12.9613
1998,11,4,11,30,4,267,111,326,2.3000000000000003,18.1799,14.2142
1998,11,4,12,0,4.2,264,241,394,2.2,22.0549,17.2499
1998,11,4,12,30,4.4,267,208,380,2.1,21.2581,16.6257
1998,11,4,13,0,4.5,235,35,254,2,14.1381,11.0522
1998,11,4,13,30,4.5,250,31,265,2,14.6072,11.4085
1998,11,4,14,0,4.5,215,56,241,1.9000000000000001,13.0831,10.2028
1998,11,4,14,30,4.4,106,0,106,1.8,5.6298,4.3800
1998,11,4,15,0,4.3,157,289,260,1.8,13.4050,10.3908
1998,11,4,15,30,4,145,69,165,1.6,8.1946,6.3160
1998,11,4,16,0,3.7,109,60,122,1.5,5.8459,4.4699
1998,11,4,16,30,3,69,35,74,1.1,0.0000,0.0000
1998,11,4,17,0,2.4000000000000004,13,0,13,0.7000000000000001,0.0000,0.0000
1998,11,4,17,30,2.1,0,0,0,0.7000000000000001,0.0000,0.0000
1998,11,4,18,0,1.7000000000000002,0,0,0,0.7000000000000001,0.0000,0.0000
1998,11,4,18,30,1.5,0,0,0,0.8,0.0000,0.0000
1998,11,4,19,0,1.3,0,0,0,0.8,0.0000,0.0000
1998,11,4,19,30,1.1,0,0,0,0.8,0.0000,0.0000
1998,11,4,20,0,0.9,0,0,0,0.8,0.0000,0.0000
1998,11,4,20,30,0.8,0,0,0,0.8,0.0000,0.0000
1998,11,4,21,0,0.6000000000000001,0,0,0,0.9,0.0000,0.0000
1998,11,4,21,30,0.5,0,0,0,0.9,0.0000,0.0000
1998,11,4,22,0,0.30000000000000004,0,0,0,0.9,0.0000,0.0000
1998,11,4,22,30,0.1,0,0,0,1,0.0000,0.0000
1998,11,4,23,0,0,0,0,0,1,0.0000,0.0000
1998,11,4,23,30,-0.2,0,0,0,1.1,0.0000,0.0000
1998,11,5,0,0,-0.5,0,0,0,1.1,0.0000,0.0000
1998,11,5,0,30,-0.8,0,0,0,1.1,0.0000,0.0000
1998,11,5,1,0,-1.1,0,0,0,1.1,0.0000,0.0000
1998,11,5,1,30,-1.4000000000000001,0,0,0,1,0.0000,0.0000
1998,11,5,2,0,-1.7000000000000002,0,0,0,1,0.0000,0.0000
1998,11,5,2,30,-2,0,0,0,0.9,0.0000,0.0000
1998,11,5,3,0,-2.3000000000000003,0,0,0,0.9,0.0000,0.0000
1998,11,5,3,30,-2.4000000000000004,0,0,0,0.9,0.0000,0.0000
1998,11,5,4,0,-2.6,0,0,0,0.8,0.0000,0.0000
1998,11,5,4,30,-2.6,0,0,0,0.8,0.0000,0.0000
1998,11,5,5,0,-2.6,0,0,0,0.8,0.0000,0.0000
1998,11,5,5,30,-2.7,0,0,0,0.7000000000000001,0.0000,0.0000
1998,11,5,6,0,-2.8000000000000003,0,0,0,0.7000000000000001,0.0000,0.0000
1998,11,5,6,30,-2.7,0,0,0,0.7000000000000001,0.0000,0.0000
1998,11,5,7,0,-2.7,0,0,0,0.6000000000000001,0.0000,0.0000
1998,11,5,7,30,-1.9000000000000001,15,0,15,0.5,0.0000,0.0000
1998,11,5,8,0,-1.1,26,0,26,0.5,0.0000,0.0000
1998,11,5,8,30,0.30000000000000004,82,1,83,0.6000000000000001,4.0036,3.0671
1998,11,5,9,0,1.6,127,5,128,0.7000000000000001,6.4130,4.9501
1998,11,5,9,30,2.5,185,16,191,1.1,9.9157,7.6931
1998,11,5,10,0,3.4000000000000004,243,49,263,1.4000000000000001,14.0363,10.9262
1998,11,5,10,30,4,279,86,319,1.5,17.3706,13.5506
1998,11,5,11,0,4.5,302,106,355,1.5,19.5990,15.3095
1998,11,5,11,30,5,305,210,415,1.6,23.1059,18.0631
1998,11,5,12,0,5.4,73,932,573,1.6,32.0233,25.0429
1998,11,5,12,30,5.7,73,931,571,1.6,31.8932,24.9398
1998,11,5,13,0,5.9,257,395,463,1.5,25.7307,20.1117
1998,11,5,13,30,6,296,102,347,1.5,19.0944,14.9106
1998,11,5,14,0,6.1000000000000005,68,893,476,1.5,25.7925,20.1102
1998,11,5,14,30,5.9,64,864,418,1.5,22.1548,17.2322
1998,11,5,15,0,5.800000000000001,60,823,348,1.4000000000000001,17.9011,13.8717
1998,11,5,15,30,5.300000000000001,53,757,268,1.2000000000000002,13.2805,10.2319
1998,11,5,16,0,4.800000000000001,45,666,184,1,8.8064,6.7309
1998,11,5,16,30,3.4000000000000004,34,523,100,0.9,0.0000,0.0000
1998,11,5,17,0,2,17,274,28,0.9,0.0000,0.0000
1998,11,5,17,30,1.1,0,0,0,1,0.0000,0.0000
1998,11,5,18,0,0.2,0,0,0,1.1,0.0000,0.0000
1998,11,5,18,30,-0.4,0,0,0,1.1,0.0000,0.0000
1998,11,5,19,0,-1,0,0,0,1.2000000000000002,0.0000,0.0000
1998,11,5,19,30,-1.5,0,0,0,1.2000000000000002,0.0000,0.0000
1998,11,5,20,0,-1.9000000000000001,0,0,0,1.3,0.0000,0.0000
1998,11,5,20,30,-2.3000000000000003,0,0,0,1.3,0.0000,0.0000
1998,11,5,21,0,-2.6,0,0,0,1.3,0.0000,0.0000
1998,11,5,21,30,-3,0,0,0,1.3,0.0000,0.0000
1998,11,5,22,0,-3.3000000000000003,0,0,0,1.3,0.0000,0.0000
1998,11,5,22,30,-3.6,0,0,0,1.2000000000000002,0.0000,0.0000
1998,11,5,23,0,-3.8000000000000003,0,0,0,1.2000000000000002,0.0000,0.0000
1998,11,5,23,30,-4.1000000000000005,0,0,0,1.1,0.0000,0.0000
1998,11,6,0,0,-4.3,0,0,0,1.1,0.0000,0.0000
1998,11,6,0,30,-4.4,0,0,0,1,0.0000,0.0000
1998,11,6,1,0,-4.4,0,0,0,1,0.0000,0.0000
1998,11,6,1,30,-4.5,0,0,0,1,0.0000,0.0000
1998,11,6,2,0,-4.5,0,0,0,1,0.0000,0.0000
1998,11,6,2,30,-4.5,0,0,0,0.9,0.0000,0.0000
1998,11,6,3,0,-4.5,0,0,0,0.9,0.0000,0.0000
1998,11,6,3,30,-4.6000000000000005,0,0,0,0.9,0.0000,0.0000
1998,11,6,4,0,-4.6000000000000005,0,0,0,0.9,0.0000,0.0000
1998,11,6,4,30,-4.6000000000000005,0,0,0,0.9,0.0000,0.0000
1998,11,6,5,0,-4.7,0,0,0,0.9,0.0000,0.0000
1998,11,6,5,30,-4.7,0,0,0,0.9,0.0000,0.0000
1998,11,6,6,0,-4.7,0,0,0,0.9,0.0000,0.0000
1998,11,6,6,30,-4.7,0,0,0,0.9,0.0000,0.0000
1998,11,6,7,0,-4.6000000000000005,0,0,0,0.9,0.0000,0.0000
1998,11,6,7,30,-3.5,22,328,42,1.5,0.0000,0.0000
1998,11,6,8,0,-2.4000000000000004,58,1,59,2.1,0.0000,0.0000
1998,11,6,8,30,-1.1,91,2,91,2.2,4.3821,3.3557
1998,11,6,9,0,0.1,173,58,190,2.4000000000000004,9.4971,7.3279
1998,11,6,9,30,1.7000000000000002,206,40,221,2.6,11.4476,8.8791
1998,11,6,10,0,3.2,236,41,253,2.8000000000000003,13.4756,10.4874
1998,11,6,10,30,3.9000000000000004,224,22,234,2.8000000000000003,12.7181,9.9193
1998,11,6,11,0,4.6000000000000005,297,104,349,2.9000000000000004,19.2351,15.0229
1998,11,6,11,30,5,251,19,261,2.9000000000000004,14.5080,11.3400
1998,11,6,12,0,5.5,260,31,276,2.9000000000000004,15.4005,12.0418
1998,11,6,12,30,5.7,234,7,238,3,13.2724,10.3773
1998,11,6,13,0,5.9,220,4,222,3,12.3170,9.6257
1998,11,6,13,30,5.800000000000001,236,24,248,3,13.6238,10.6370
1998,11,6,14,0,5.6000000000000005,223,258,340,2.9000000000000004,18.3898,14.3357
1998,11,6,14,30,5.300000000000001,174,437,351,2.9000000000000004,18.5663,14.4378
1998,11,6,15,0,4.9,119,8,122,2.8000000000000003,6.2624,4.8513
1998,11,6,15,30,4.3,68,649,250,2.6,12.3611,9.5198
1998,11,6,16,0,3.8000000000000003,56,553,169,2.4000000000000004,8.0804,6.1736
1998,11,6,16,30,3,40,400,89,2.2,0.0000,0.0000
1998,11,6,17,0,2.2,11,0,11,1.9000000000000001,0.0000,0.0000
1998,11,6,17,30,1.9000000000000001,0,0,0,2.1,0.0000,0.0000
1998,11,6,18,0,1.6,0,0,0,2.3000000000000003,0.0000,0.0000
1998,11,6,18,30,1.5,0,0,0,2.4000000000000004,0.0000,0.0000
1998,11,6,19,0,1.3,0,0,0,2.6,0.0000,0.0000
1998,11,6,19,30,1.1,0,0,0,2.7,0.0000,0.0000
1998,11,6,20,0,0.9,0,0,0,2.9000000000000004,0.0000,0.0000
1998,11,6,20,30,0.6000000000000001,0,0,0,2.9000000000000004,0.0000,0.0000
1998,11,6,21,0,0.30000000000000004,0,0,0,2.9000000000000004,0.0000,0.0000
1998,11,6,21,30,0.1,0,0,0,2.9000000000000004,0.0000,0.0000
1998,11,6,22,0,0,0,0,0,2.9000000000000004,0.0000,0.0000
1998,11,6,22,30,-0.2,0,0,0,3,0.0000,0.0000
1998,11,6,23,0,-0.30000000000000004,0,0,0,3.1,0.0000,0.0000
1998,11,6,23,30,-0.4,0,0,0,3.2,0.0000,0.0000
1998,11,7,0,0,-0.6000000000000001,0,0,0,3.3000000000000003,0.0000,0.0000
1998,11,7,0,30,-0.6000000000000001,0,0,0,3.4000000000000004,0.0000,0.0000
1998,11,7,1,0,-0.7000000000000001,0,0,0,3.5,0.0000,0.0000
1998,11,7,1,30,-0.8,0,0,0,3.6,0.0000,0.0000
1998,11,7,2,0,-0.9,0,0,0,3.7,0.0000,0.0000
1998,11,7,2,30,-1,0,0,0,3.7,0.0000,0.0000
1998,11,7,3,0,-1.1,0,0,0,3.7,0.0000,0.0000
1998,11,7,3,30,-1.2000000000000002,0,0,0,3.6,0.0000,0.0000
1998,11,7,4,0,-1.3,0,0,0,3.6,0.0000,0.0000
1998,11,7,4,30,-1.4000000000000001,0,0,0,3.6,0.0000,0.0000
1998,11,7,5,0,-1.5,0,0,0,3.6,0.0000,0.0000
1998,11,7,5,30,-1.6,0,0,0,3.5,0.0000,0.0000
1998,11,7,6,0,-1.6,0,0,0,3.5,0.0000,0.0000
1998,11,7,6,30,-1.6,0,0,0,3.5,0.0000,0.0000
1998,11,7,7,0,-1.6,0,0,0,3.5,0.0000,0.0000
1998,11,7,7,30,-1.3,14,0,14,3.7,0.0000,0.0000
1998,11,7,8,0,-1,24,0,24,3.9000000000000004,0.0000,0.0000
1998,11,7,8,30,-0.4,5,0,5,4.2,0.2404,0.1840
1998,11,7,9,0,0.2,67,1,67,4.5,3.3412,2.5770
1998,11,7,9,30,0.8,86,0,86,4.7,4.4448,3.4465
1998,11,7,10,0,1.5,166,14,172,4.9,9.1427,7.1137
1998,11,7,10,30,1.9000000000000001,109,3,110,4.9,5.9676,4.6535
1998,11,7,11,0,2.3000000000000003,130,3,132,4.800000000000001,7.2627,5.6713
1998,11,7,11,30,2.5,222,24,234,4.7,12.9864,10.1491
1998,11,7,12,0,2.7,156,4,158,4.5,8.8026,6.8819
1998,11,7,12,30,2.7,144,3,145,4.4,8.0736,6.3116
1998,11,7,13,0,2.8000000000000003,176,8,180,4.3,9.9711,7.7913
1998,11,7,13,30,2.6,192,16,200,4.2,10.9683,8.5622
1998,11,7,14,0,2.5,149,8,153,4.1000000000000005,8.2602,6.4380
1998,11,7,14,30,2.2,122,5,124,4,6.5463,5.0894
1998,11,7,15,0,2,55,1,55,3.9000000000000004,2.8169,2.1815
1998,11,7,15,30,1.7000000000000002,112,13,115,3.7,5.6747,4.3687
1998,11,7,16,0,1.4000000000000001,112,33,118,3.6,5.6369,4.3051
1998,11,7,16,30,1.1,43,1,43,3.2,0.0000,0.0000
1998,11,7,17,0,0.7000000000000001,7,0,7,2.8000000000000003,0.0000,0.0000
1998,11,7,17,30,0.5,0,0,0,2.7,0.0000,0.0000
1998,11,7,18,0,0.4,0,0,0,2.6,0.0000,0.0000
1998,11,7,18,30,0.30000000000000004,0,0,0,2.5,0.0000,0.0000
1998,11,7,19,0,0.2,0,0,0,2.4000000000000004,0.0000,0.0000
1998,11,7,19,30,0.1,0,0,0,2.2,0.0000,0.0000
1998,11,7,20,0,0,0,0,0,2,0.0000,0.0000
1998,11,7,20,30,-0.1,0,0,0,1.9000000000000001,0.0000,0.0000
1998,11,7,21,0,-0.2,0,0,0,1.7000000000000002,0.0000,0.0000
1998,11,7,21,30,-0.30000000000000004,0,0,0,1.5,0.0000,0.0000
1998,11,7,22,0,-0.4,0,0,0,1.4000000000000001,0.0000,0.0000
1998,11,7,22,30,-0.5,0,0,0,1.2000000000000002,0.0000,0.0000
1998,11,7,23,0,-0.6000000000000001,0,0,0,1.1,0.0000,0.0000
1998,11,7,23,30,-0.7000000000000001,0,0,0,0.9,0.0000,0.0000
1998,11,8,0,0,-0.8,0,0,0,0.8,0.0000,0.0000
1998,11,8,0,30,-0.9,0,0,0,0.7000000000000001,0.0000,0.0000
1998,11,8,1,0,-1,0,0,0,0.6000000000000001,0.0000,0.0000
1998,11,8,1,30,-1,0,0,0,0.5,0.0000,0.0000
1998,11,8,2,0,-1.1,0,0,0,0.5,0.0000,0.0000
1998,11,8,2,30,-1.2000000000000002,0,0,0,0.4,0.0000,0.0000
1998,11,8,3,0,-1.2000000000000002,0,0,0,0.4,0.0000,0.0000
1998,11,8,3,30,-1.3,0,0,0,0.4,0.0000,0.0000
1998,11,8,4,0,-1.4000000000000001,0,0,0,0.30000000000000004,0.0000,0.0000
1998,11,8,4,30,-1.5,0,0,0,0.30000000000000004,0.0000,0.0000
1998,11,8,5,0,-1.6,0,0,0,0.4,0.0000,0.0000
1998,11,8,5,30,-1.6,0,0,0,0.4,0.0000,0.0000
1998,11,8,6,0,-1.7000000000000002,0,0,0,0.5,0.0000,0.0000
1998,11,8,6,30,-1.7000000000000002,0,0,0,0.5,0.0000,0.0000
1998,11,8,7,0,-1.8,0,0,0,0.6000000000000001,0.0000,0.0000
1998,11,8,7,30,-1.3,10,0,10,0.6000000000000001,0.0000,0.0000
1998,11,8,8,0,-0.7000000000000001,52,339,99,0.7000000000000001,0.0000,0.0000
1998,11,8,8,30,0.30000000000000004,73,483,178,0.5,8.5458,6.5384
1998,11,8,9,0,1.3,101,1,101,0.4,5.0254,3.8746
1998,11,8,9,30,2,41,0,41,0.8,2.1144,1.6390
1998,11,8,10,0,2.6,87,0,87,1.2000000000000002,4.6150,3.5900
1998,11,8,10,30,3.1,125,0,125,1.4000000000000001,6.7692,5.2775
1998,11,8,11,0,3.6,152,0,153,1.7000000000000002,8.4035,6.5610
1998,11,8,11,30,4,240,13,247,1.9000000000000001,13.6856,10.6940
1998,11,8,12,0,4.4,18,0,18,2,1.0013,0.7827
1998,11,8,12,30,4.6000000000000005,75,0,75,2.2,4.1694,3.2590
1998,11,8,13,0,4.9,199,21,209,2.3000000000000003,11.5585,9.0303
1998,11,8,13,30,4.800000000000001,144,5,146,2.5,7.9930,6.2386
1998,11,8,14,0,4.7,91,1,92,2.6,4.9580,3.8635
1998,11,8,14,30,4.5,123,6,125,2.7,6.5861,5.1192
1998,11,8,15,0,4.3,91,3,93,2.8000000000000003,4.7533,3.6801
1998,11,8,15,30,4,49,0,49,2.6,2.4128,1.8568
1998,11,8,16,0,3.6,38,0,38,2.4000000000000004,1.8140,1.3849
1998,11,8,16,30,3.2,38,2,38,2.2,0.0000,0.0000
1998,11,8,17,0,2.7,8,0,8,2,0.0000,0.0000
1998,11,8,17,30,2.5,0,0,0,2.1,0.0000,0.0000
1998,11,8,18,0,2.3000000000000003,0,0,0,2.3000000000000003,0.0000,0.0000
1998,11,8,18,30,2,0,0,0,2.4000000000000004,0.0000,0.0000
1998,11,8,19,0,1.8,0,0,0,2.4000000000000004,0.0000,0.0000
1998,11,8,19,30,1.7000000000000002,0,0,0,2.5,0.0000,0.0000
1998,11,8,20,0,1.5,0,0,0,2.5,0.0000,0.0000
1998,11,8,20,30,1.5,0,0,0,2.8000000000000003,0.0000,0.0000
1998,11,8,21,0,1.6,0,0,0,3,0.0000,0.0000
1998,11,8,21,30,1.7000000000000002,0,0,0,3.1,0.0000,0.0000
1998,11,8,22,0,1.8,0,0,0,3.3000000000000003,0.0000,0.0000
1998,11,8,22,30,1.8,0,0,0,3.4000000000000004,0.0000,0.0000
1998,11,8,23,0,1.9000000000000001,0,0,0,3.5,0.0000,0.0000
1998,11,8,23,30,2,0,0,0,3.7,0.0000,0.0000
1998,11,9,0,0,2,0,0,0,3.9000000000000004,0.0000,0.0000
1998,11,9,0,30,2.1,0,0,0,4,0.0000,0.0000
1998,11,9,1,0,2.1,0,0,0,4.2,0.0000,0.0000
1998,11,9,1,30,2.2,0,0,0,4.4,0.0000,0.0000
1998,11,9,2,0,2.3000000000000003,0,0,0,4.7,0.0000,0.0000
1998,11,9,2,30,2.3000000000000003,0,0,0,4.7,0.0000,0.0000
1998,11,9,3,0,2.4000000000000004,0,0,0,4.800000000000001,0.0000,0.0000
1998,11,9,3,30,2.6,0,0,0,4.800000000000001,0.0000,0.0000
1998,11,9,4,0,2.7,0,0,0,4.7,0.0000,0.0000
1998,11,9,4,30,2.8000000000000003,0,0,0,4.6000000000000005,0.0000,0.0000
1998,11,9,5,0,2.9000000000000004,0,0,0,4.4,0.0000,0.0000
1998,11,9,5,30,3,0,0,0,4.3,0.0000,0.0000
1998,11,9,6,0,3.1,0,0,0,4.3,0.0000,0.0000
1998,11,9,6,30,3.1,0,0,0,4.6000000000000005,0.0000,0.0000
1998,11,9,7,0,3.2,0,0,0,4.800000000000001,0.0000,0.0000
1998,11,9,7,30,3.3000000000000003,11,0,11,4.9,0.0000,0.0000
1998,11,9,8,0,3.3000000000000003,14,0,14,5.1000000000000005,0.0000,0.0000
1998,11,9,8,30,3.6,23,0,23,5.6000000000000005,1.1027,0.8433
1998,11,9,9,0,3.9000000000000004,22,0,22,6.2,1.0921,0.8417
1998,11,9,9,30,4.1000000000000005,87,2,87,6.2,4.4765,3.4690
1998,11,9,10,0,4.2,84,1,85,6.2,4.4996,3.4993
1998,11,9,10,30,4.2,99,1,99,6,5.3511,4.1711
1998,11,9,11,0,4.2,93,1,94,5.800000000000001,5.1541,4.0234
1998,11,9,11,30,4.3,119,2,120,5.800000000000001,6.6380,5.1861
1998,11,9,12,0,4.3,141,3,143,5.7,7.9418,6.2071
1998,11,9,12,30,4.4,177,9,181,5.7,10.0461,7.8513
1998,11,9,13,0,4.4,131,2,132,5.6000000000000005,7.2883,5.6933
1998,11,9,13,30,4.4,100,1,101,5.5,5.5205,4.3081
1998,11,9,14,0,4.5,105,2,106,5.4,5.7022,4.4425
1998,11,9,14,30,4.5,96,2,97,5.300000000000001,5.1006,3.9636
1998,11,9,15,0,4.6000000000000005,72,1,73,5.2,3.7230,2.8816
1998,11,9,15,30,4.7,40,0,40,5.1000000000000005,1.9657,1.5122
1998,11,9,16,0,4.800000000000001,43,1,44,5,2.0991,1.6021
1998,11,9,16,30,4.800000000000001,33,1,33,4.800000000000001,0.0000,0.0000
1998,11,9,17,0,4.9,5,0,5,4.6000000000000005,0.0000,0.0000
1998,11,9,17,30,5.1000000000000005,0,0,0,4.2,0.0000,0.0000
1998,11,9,18,0,5.2,0,0,0,3.7,0.0000,0.0000
1998,11,9,18,30,5.4,0,0,0,3.3000000000000003,0.0000,0.0000
1998,11,9,19,0,5.5,0,0,0,2.9000000000000004,0.0000,0.0000
1998,11,9,19,30,5.5,0,0,0,2.3000000000000003,0.0000,0.0000
1998,11,9,20,0,5.6000000000000005,0,0,0,1.8,0.0000,0.0000
1998,11,9,20,30,5.6000000000000005,0,0,0,1.4000000000000001,0.0000,0.0000
1998,11,9,21,0,5.6000000000000005,0,0,0,1.1,0.0000,0.0000
1998,11,9,21,30,5.6000000000000005,0,0,0,1.6,0.0000,0.0000
1998,11,9,22,0,5.7,0,0,0,2.2,0.0000,0.0000
1998,11,9,22,30,5.4,0,0,0,2.4000000000000004,0.0000,0.0000
1998,11,9,23,0,5.1000000000000005,0,0,0,2.6,0.0000,0.0000
1998,11,9,23,30,4.3,0,0,0,4.6000000000000005,0.0000,0.0000
1998,11,10,0,0,3.4000000000000004,0,0,0,6.6000000000000005,0.0000,0.0000
1998,11,10,0,30,2.8000000000000003,0,0,0,7.6000000000000005,0.0000,0.0000
1998,11,10,1,0,2.1,0,0,0,8.700000000000001,0.0000,0.0000
1998,11,10,1,30,1.8,0,0,0,9.200000000000001,0.0000,0.0000
1998,11,10,2,0,1.4000000000000001,0,0,0,9.8,0.0000,0.0000
1998,11,10,2,30,1.2000000000000002,0,0,0,10.5,0.0000,0.0000
1998,11,10,3,0,1,0,0,0,11.100000000000001,0.0000,0.0000
1998,11,10,3,30,0.7000000000000001,0,0,0,11.600000000000001,0.0000,0.0000
1998,11,10,4,0,0.5,0,0,0,12,0.0000,0.0000
1998,11,10,4,30,0.30000000000000004,0,0,0,12.200000000000001,0.0000,0.0000
1998,11,10,5,0,0,0,0,0,12.4,0.0000,0.0000
1998,11,10,5,30,-0.1,0,0,0,12.5,0.0000,0.0000
1998,11,10,6,0,-0.30000000000000004,0,0,0,12.600000000000001,0.0000,0.0000
1998,11,10,6,30,-0.4,0,0,0,12.600000000000001,0.0000,0.0000
1998,11,10,7,0,-0.6000000000000001,0,0,0,12.5,0.0000,0.0000
1998,11,10,7,30,-0.6000000000000001,13,0,13,12.3,0.0000,0.0000
1998,11,10,8,0,-0.6000000000000001,33,0,33,12.100000000000001,0.0000,0.0000
1998,11,10,8,30,-0.4,64,1,64,12.100000000000001,3.0646,2.3428
1998,11,10,9,0,-0.30000000000000004,141,15,145,12.100000000000001,7.1820,5.5329
1998,11,10,9,30,0,125,5,127,12.200000000000001,6.5202,5.0512
1998,11,10,10,0,0.2,64,0,65,12.3,3.4339,2.6699
1998,11,10,10,30,0.5,132,2,133,12.3,7.1755,5.5922
1998,11,10,11,0,0.9,125,1,126,12.4,6.8968,5.3829
1998,11,10,11,30,1.1,25,0,25,12.5,1.3807,1.0785
1998,11,10,12,0,1.3,293,8,297,12.5,16.4689,12.8698
1998,11,10,12,30,1.4000000000000001,319,142,392,12.600000000000001,21.7234,16.9750
1998,11,10,13,0,1.5,305,113,361,12.700000000000001,19.9012,15.5434
1998,11,10,13,30,1.4000000000000001,269,10,273,12.600000000000001,14.8963,11.6228
1998,11,10,14,0,1.4000000000000001,284,33,298,12.600000000000001,16.0024,12.4650
1998,11,10,14,30,1.2000000000000002,229,162,292,12.3,15.3248,11.9059
1998,11,10,15,0,1,201,16,206,12.100000000000001,10.4852,8.1129
1998,11,10,15,30,0.7000000000000001,62,701,247,11.700000000000001,12.1157,9.3167
1998,11,10,16,0,0.4,49,611,165,11.200000000000001,7.8683,6.0034
1998,11,10,16,30,0,29,0,29,10.600000000000001,0.0000,0.0000
1998,11,10,17,0,-0.4,13,200,19,10,0.0000,0.0000
1998,11,10,17,30,-0.6000000000000001,0,0,0,9.600000000000001,0.0000,0.0000
1998,11,10,18,0,-0.9,0,0,0,9.1,0.0000,0.0000
1998,11,10,18,30,-1,0,0,0,8.8,0.0000,0.0000
1998,11,10,19,0,-1.1,0,0,0,8.5,0.0000,0.0000
1998,11,10,19,30,-1.2000000000000002,0,0,0,8.200000000000001,0.0000,0.0000
1998,11,10,20,0,-1.3,0,0,0,7.9,0.0000,0.0000
1998,11,10,20,30,-1.2000000000000002,0,0,0,7.6000000000000005,0.0000,0.0000
1998,11,10,21,0,-1.2000000000000002,0,0,0,7.300000000000001,0.0000,0.0000
1998,11,10,21,30,-1.1,0,0,0,7.1000000000000005,0.0000,0.0000
1998,11,10,22,0,-1,0,0,0,6.800000000000001,0.0000,0.0000
1998,11,10,22,30,-1,0,0,0,6.6000000000000005,0.0000,0.0000
1998,11,10,23,0,-0.9,0,0,0,6.300000000000001,0.0000,0.0000
1998,11,10,23,30,-1,0,0,0,6.1000000000000005,0.0000,0.0000
1998,11,11,0,0,-1.1,0,0,0,5.800000000000001,0.0000,0.0000
1998,11,11,0,30,-1.3,0,0,0,5.4,0.0000,0.0000
1998,11,11,1,0,-1.6,0,0,0,5,0.0000,0.0000
1998,11,11,1,30,-1.9000000000000001,0,0,0,4.800000000000001,0.0000,0.0000
1998,11,11,2,0,-2.2,0,0,0,4.5,0.0000,0.0000
1998,11,11,2,30,-2.5,0,0,0,4.2,0.0000,0.0000
1998,11,11,3,0,-2.8000000000000003,0,0,0,3.8000000000000003,0.0000,0.0000
1998,11,11,3,30,-3.6,0,0,0,3.3000000000000003,0.0000,0.0000
1998,11,11,4,0,-4.4,0,0,0,2.7,0.0000,0.0000
1998,11,11,4,30,-4.800000000000001,0,0,0,2.6,0.0000,0.0000
1998,11,11,5,0,-5.2,0,0,0,2.5,0.0000,0.0000
1998,11,11,5,30,-5.2,0,0,0,2.7,0.0000,0.0000
1998,11,11,6,0,-5.2,0,0,0,2.9000000000000004,0.0000,0.0000
1998,11,11,6,30,-5.300000000000001,0,0,0,3.1,0.0000,0.0000
1998,11,11,7,0,-5.300000000000001,0,0,0,3.3000000000000003,0.0000,0.0000
1998,11,11,7,30,-4.7,16,371,33,3.6,0.0000,0.0000
1998,11,11,8,0,-4,31,604,107,3.8000000000000003,0.0000,0.0000
1998,11,11,8,30,-2.7,41,733,192,3.8000000000000003,9.1837,7.0177
1998,11,11,9,0,-1.4000000000000001,48,817,275,3.8000000000000003,13.5910,10.4661
1998,11,11,9,30,0.2,54,871,352,3.7,18.0315,13.9647
1998,11,11,10,0,1.7000000000000002,58,908,420,3.7,22.1432,17.2125
1998,11,11,10,30,3,62,933,476,3.8000000000000003,25.6329,19.9727
1998,11,11,11,0,4.2,64,951,519,3.9000000000000004,28.3605,22.1314
1998,11,11,11,30,5.1000000000000005,66,954,543,4.1000000000000005,29.9397,23.3842
1998,11,11,12,0,6,69,956,557,4.3,30.8376,24.0948
1998,11,11,12,30,6.800000000000001,278,412,488,4.5,27.0021,21.0969
1998,11,11,13,0,7.5,161,652,484,4.6000000000000005,26.6410,20.8043
1998,11,11,13,30,7.9,268,345,430,4.5,23.4255,18.2747
1998,11,11,14,0,8.3,162,580,413,4.4,22.1383,17.2412
1998,11,11,14,30,8.200000000000001,139,600,370,3.7,19.3821,15.0546
1998,11,11,15,0,8,131,555,313,3,15.8994,12.2986
1998,11,11,15,30,6.9,125,363,220,2.4000000000000004,10.7712,8.2798
1998,11,11,16,0,5.800000000000001,93,304,150,1.7000000000000002,7.1509,5.4545
1998,11,11,16,30,4.7,54,235,79,1.8,0.0000,0.0000
1998,11,11,17,0,3.7,8,0,8,1.9000000000000001,0.0000,0.0000
1998,11,11,17,30,3.4000000000000004,0,0,0,2,0.0000,0.0000
1998,11,11,18,0,3.2,0,0,0,2,0.0000,0.0000
1998,11,11,18,30,2.6,0,0,0,2,0.0000,0.0000
1998,11,11,19,0,2.1,0,0,0,1.9000000000000001,0.0000,0.0000
1998,11,11,19,30,1.7000000000000002,0,0,0,1.8,0.0000,0.0000
1998,11,11,20,0,1.2000000000000002,0,0,0,1.7000000000000002,0.0000,0.0000
1998,11,11,20,30,1,0,0,0,1.7000000000000002,0.0000,0.0000
1998,11,11,21,0,0.7000000000000001,0,0,0,1.6,0.0000,0.0000
1998,11,11,21,30,0.5,0,0,0,1.6,0.0000,0.0000
1998,11,11,22,0,0.30000000000000004,0,0,0,1.5,0.0000,0.0000
1998,11,11,22,30,0.4,0,0,0,1.5,0.0000,0.0000
1998,11,11,23,0,0.4,0,0,0,1.4000000000000001,0.0000,0.0000
1998,11,11,23,30,0.5,0,0,0,1.4000000000000001,0.0000,0.0000
1998,11,12,0,0,0.5,0,0,0,1.4000000000000001,0.0000,0.0000
1998,11,12,0,30,0.30000000000000004,0,0,0,1.4000000000000001,0.0000,0.0000
1998,11,12,1,0,0.1,0,0,0,1.4000000000000001,0.0000,0.0000
1998,11,12,1,30,0,0,0,0,1.7000000000000002,0.0000,0.0000
1998,11,12,2,0,-0.1,0,0,0,1.9000000000000001,0.0000,0.0000
1998,11,12,2,30,-0.4,0,0,0,2.3000000000000003,0.0000,0.0000
1998,11,12,3,0,-0.6000000000000001,0,0,0,2.7,0.0000,0.0000
1998,11,12,3,30,-1,0,0,0,2.9000000000000004,0.0000,0.0000
1998,11,12,4,0,-1.3,0,0,0,3.2,0.0000,0.0000
1998,11,12,4,30,-1.6,0,0,0,3.3000000000000003,0.0000,0.0000
1998,11,12,5,0,-1.9000000000000001,0,0,0,3.4000000000000004,0.0000,0.0000
1998,11,12,5,30,-2.3000000000000003,0,0,0,3.4000000000000004,0.0000,0.0000
1998,11,12,6,0,-2.6,0,0,0,3.5,0.0000,0.0000
1998,11,12,6,30,-2.9000000000000004,0,0,0,3.4000000000000004,0.0000,0.0000
1998,11,12,7,0,-3.3000000000000003,0,0,0,3.4000000000000004,0.0000,0.0000
1998,11,12,7,30,-3.1,11,0,11,3.5,0.0000,0.0000
1998,11,12,8,0,-2.9000000000000004,45,2,45,3.6,0.0000,0.0000
1998,11,12,8,30,-2.2,99,10,101,3.7,4.8265,3.6867
1998,11,12,9,0,-1.4000000000000001,165,125,199,3.7,9.8133,7.5540
1998,11,12,9,30,-0.5,211,101,245,3.6,12.5222,9.6949
1998,11,12,10,0,0.5,222,276,331,3.5,17.4163,13.5350
1998,11,12,10,30,1.5,260,250,370,3.3000000000000003,19.8884,15.4937
1998,11,12,11,0,2.6,337,112,390,3.1,21.2750,16.5993
1998,11,12,11,30,3.5,69,946,538,2.9000000000000004,29.6168,23.1285
1998,11,12,12,0,4.4,68,954,551,2.8000000000000003,30.4584,23.7951
1998,11,12,12,30,5,67,954,549,2.7,30.3304,23.6938
1998,11,12,13,0,5.6000000000000005,65,949,532,2.5,29.2358,22.8271
1998,11,12,13,30,6,63,936,500,2.4000000000000004,27.1932,21.2104
1998,11,12,14,0,6.300000000000001,61,917,455,2.2,24.3474,18.9581
1998,11,12,14,30,6.300000000000001,57,889,396,2.1,20.7050,16.0784
1998,11,12,15,0,6.2,52,847,327,2,16.5786,12.8204
1998,11,12,15,30,5.300000000000001,46,787,249,1.5,12.1698,9.3515
1998,11,12,16,0,4.4,38,685,164,1,7.8170,5.9611
1998,11,12,16,30,2.8000000000000003,27,534,82,1.1,0.0000,0.0000
1998,11,12,17,0,1.1,11,262,17,1.2000000000000002,0.0000,0.0000
1998,11,12,17,30,0.6000000000000001,0,0,0,1.3,0.0000,0.0000
1998,11,12,18,0,0,0,0,0,1.3,0.0000,0.0000
1998,11,12,18,30,-0.4,0,0,0,1.3,0.0000,0.0000
1998,11,12,19,0,-0.8,0,0,0,1.3,0.0000,0.0000
1998,11,12,19,30,-1.1,0,0,0,1.3,0.0000,0.0000
1998,11,12,20,0,-1.5,0,0,0,1.4000000000000001,0.0000,0.0000
1998,11,12,20,30,-1.6,0,0,0,1.4000000000000001,0.0000,0.0000
1998,11,12,21,0,-1.7000000000000002,0,0,0,1.4000000000000001,0.0000,0.0000
1998,11,12,21,30,-1.8,0,0,0,1.5,0.0000,0.0000
1998,11,12,22,0,-1.9000000000000001,0,0,0,1.5,0.0000,0.0000
1998,11,12,22,30,-2.2,0,0,0,1.6,0.0000,0.0000
1998,11,12,23,0,-2.5,0,0,0,1.7000000000000002,0.0000,0.0000
1998,11,12,23,30,-2.7,0,0,0,1.8,0.0000,0.0000
1998,11,13,0,0,-2.8000000000000003,0,0,0,2,0.0000,0.0000
1998,11,13,0,30,-2.7,0,0,0,2.2,0.0000,0.0000
1998,11,13,1,0,-2.7,0,0,0,2.4000000000000004,0.0000,0.0000
1998,11,13,1,30,-2.6,0,0,0,2.5,0.0000,0.0000
1998,11,13,2,0,-2.6,0,0,0,2.6,0.0000,0.0000
1998,11,13,2,30,-2.5,0,0,0,2.6,0.0000,0.0000
1998,11,13,3,0,-2.4000000000000004,0,0,0,2.5,0.0000,0.0000
1998,11,13,3,30,-2.1,0,0,0,2.7,0.0000,0.0000
1998,11,13,4,0,-1.8,0,0,0,2.9000000000000004,0.0000,0.0000
1998,11,13,4,30,-1.6,0,0,0,3.1,0.0000,0.0000
1998,11,13,5,0,-1.4000000000000001,0,0,0,3.2,0.0000,0.0000
1998,11,13,5,30,-1.3,0,0,0,3.2,0.0000,0.0000
1998,11,13,6,0,-1.2000000000000002,0,0,0,3.2,0.0000,0.0000
1998,11,13,6,30,-1.2000000000000002,0,0,0,3.1,0.0000,0.0000
1998,11,13,7,0,-1.2000000000000002,0,0,0,3,0.0000,0.0000
1998,11,13,7,30,-0.6000000000000001,16,1,16,3.2,0.0000,0.0000
1998,11,13,8,0,-0.1,57,1,57,3.4000000000000004,0.0000,0.0000
1998,11,13,8,30,0.9,117,91,135,3.4000000000000004,6.4458,4.9218
1998,11,13,9,0,1.8,156,63,173,3.3000000000000003,8.5126,6.5500
1998,11,13,9,30,3.1,138,428,281,3.2,14.3312,11.0920
1998,11,13,10,0,4.3,171,401,327,3,17.1700,13.3402
1998,11,13,10,30,5.7,179,484,390,3.1,20.9248,16.2979
1998,11,13,11,0,7,188,483,415,3.1,22.5996,17.6298
1998,11,13,11,30,8,71,919,523,3,28.7447,22.4439
1998,11,13,12,0,9,70,927,536,2.9000000000000004,29.5831,23.1079
1998,11,13,12,30,9.700000000000001,70,926,534,2.9000000000000004,29.4573,23.0084
1998,11,13,13,0,10.3,67,923,517,2.9000000000000004,28.3685,22.1467
1998,11,13,13,30,10.8,65,910,486,3,26.3903,20.5808
1998,11,13,14,0,11.200000000000001,185,448,376,3,20.0863,15.6373
1998,11,13,14,30,11.100000000000001,154,451,325,2.8000000000000003,16.9618,13.1687
1998,11,13,15,0,11.100000000000001,145,354,259,2.5,13.1057,10.1318
1998,11,13,15,30,9.700000000000001,118,319,199,1.9000000000000001,9.7101,7.4589
1998,11,13,16,0,8.4,104,97,121,1.3,5.7672,4.3970
1998,11,13,16,30,6.7,55,25,57,1.4000000000000001,0.0000,0.0000
1998,11,13,17,0,5,10,240,15,1.5,0.0000,0.0000
1998,11,13,17,30,4.6000000000000005,0,0,0,1.6,0.0000,0.0000
1998,11,13,18,0,4.1000000000000005,0,0,0,1.7000000000000002,0.0000,0.0000
1998,11,13,18,30,4,0,0,0,1.8,0.0000,0.0000
1998,11,13,19,0,3.9000000000000004,0,0,0,2,0.0000,0.0000
1998,11,13,19,30,3.9000000000000004,0,0,0,2.2,0.0000,0.0000
1998,11,13,20,0,3.9000000000000004,0,0,0,2.4000000000000004,0.0000,0.0000
1998,11,13,20,30,3.9000000000000004,0,0,0,2.6,0.0000,0.0000
1998,11,13,21,0,3.9000000000000004,0,0,0,2.8000000000000003,0.0000,0.0000
1998,11,13,21,30,4,0,0,0,3.1,0.0000,0.0000
1998,11,13,22,0,4.2,0,0,0,3.4000000000000004,0.0000,0.0000
1998,11,13,22,30,4,0,0,0,3.5,0.0000,0.0000
1998,11,13,23,0,3.8000000000000003,0,0,0,3.7,0.0000,0.0000
1998,11,13,23,30,3.7,0,0,0,3.8000000000000003,0.0000,0.0000
1998,11,14,0,0,3.5,0,0,0,3.9000000000000004,0.0000,0.0000
1998,11,14,0,30,3.6,0,0,0,3.7,0.0000,0.0000
1998,11,14,1,0,3.8000000000000003,0,0,0,3.5,0.0000,0.0000
1998,11,14,1,30,3.7,0,0,0,3.1,0.0000,0.0000
1998,11,14,2,0,3.7,0,0,0,2.8000000000000003,0.0000,0.0000
1998,11,14,2,30,3.5,0,0,0,2.6,0.0000,0.0000
1998,11,14,3,0,3.3000000000000003,0,0,0,2.4000000000000004,0.0000,0.0000
1998,11,14,3,30,3.5,0,0,0,2.5,0.0000,0.0000
1998,11,14,4,0,3.6,0,0,0,2.6,0.0000,0.0000
1998,11,14,4,30,3.8000000000000003,0,0,0,2.8000000000000003,0.0000,0.0000
1998,11,14,5,0,4.1000000000000005,0,0,0,2.9000000000000004,0.0000,0.0000
1998,11,14,5,30,4.3,0,0,0,3.1,0.0000,0.0000
1998,11,14,6,0,4.5,0,0,0,3.3000000000000003,0.0000,0.0000
1998,11,14,6,30,4.6000000000000005,0,0,0,3.7,0.0000,0.0000
1998,11,14,7,0,4.800000000000001,0,0,0,4.1000000000000005,0.0000,0.0000
1998,11,14,7,30,5.2,7,0,7,4.4,0.0000,0.0000
1998,11,14,8,0,5.7,42,1,42,4.800000000000001,0.0000,0.0000
1998,11,14,8,30,6.7,41,640,165,5,7.8728,6.0091
1998,11,14,9,0,7.800000000000001,46,737,243,5.300000000000001,11.9323,9.1776
1998,11,14,9,30,9,52,799,316,5.9,16.0796,12.4412
1998,11,14,10,0,10.3,219,143,274,6.4,14.3579,11.1526
1998,11,14,10,30,10.9,135,541,368,7,19.7077,15.3467
1998,11,14,11,0,11.5,58,894,474,7.6000000000000005,25.7691,20.0988
1998,11,14,11,30,11.600000000000001,59,909,503,7.800000000000001,27.6020,21.5484
1998,11,14,12,0,11.8,62,910,517,7.9,28.4911,22.2516
1998,11,14,12,30,11.5,62,913,517,7.9,28.4760,22.2387
1998,11,14,13,0,11.3,147,670,471,7.9,25.8049,20.1423
1998,11,14,13,30,10.8,62,897,474,7.800000000000001,25.6979,20.0375
1998,11,14,14,0,10.3,251,105,295,7.6000000000000005,15.7325,12.2456
1998,11,14,14,30,9.600000000000001,186,15,192,7.300000000000001,10.0030,7.7643
1998,11,14,15,0,8.9,147,8,149,6.9,7.5257,5.8164
1998,11,14,15,30,7.800000000000001,47,754,236,6.300000000000001,11.4969,8.8284
1998,11,14,16,0,6.800000000000001,38,658,155,5.6000000000000005,7.3885,5.6318
1998,11,14,16,30,5.4,27,504,76,4.7,0.0000,0.0000
1998,11,14,17,0,4,0,0,0,3.8000000000000003,0.0000,0.0000
1998,11,14,17,30,3.1,0,0,0,3.2,0.0000,0.0000
1998,11,14,18,0,2.1,0,0,0,2.7,0.0000,0.0000
1998,11,14,18,30,1.6,0,0,0,2.5,0.0000,0.0000
1998,11,14,19,0,1.1,0,0,0,2.3000000000000003,0.0000,0.0000
1998,11,14,19,30,0.7000000000000001,0,0,0,2.2,0.0000,0.0000
1998,11,14,20,0,0.30000000000000004,0,0,0,2.1,0.0000,0.0000
1998,11,14,20,30,0.2,0,0,0,2,0.0000,0.0000
1998,11,14,21,0,0.1,0,0,0,1.9000000000000001,0.0000,0.0000
1998,11,14,21,30,-0.2,0,0,0,1.7000000000000002,0.0000,0.0000
1998,11,14,22,0,-0.6000000000000001,0,0,0,1.4000000000000001,0.0000,0.0000
1998,11,14,22,30,-1,0,0,0,1.3,0.0000,0.0000
1998,11,14,23,0,-1.5,0,0,0,1.1,0.0000,0.0000
1998,11,14,23,30,-1.8,0,0,0,1.1,0.0000,0.0000
1998,11,15,0,0,-2,0,0,0,1,0.0000,0.0000
1998,11,15,0,30,-2.1,0,0,0,0.9,0.0000,0.0000
1998,11,15,1,0,-2.2,0,0,0,0.9,0.0000,0.0000
1998,11,15,1,30,-2.3000000000000003,0,0,0,0.9,0.0000,0.0000
1998,11,15,2,0,-2.4000000000000004,0,0,0,0.9,0.0000,0.0000
1998,11,15,2,30,-2.6,0,0,0,0.9,0.0000,0.0000
1998,11,15,3,0,-2.8000000000000003,0,0,0,0.9,0.0000,0.0000
1998,11,15,3,30,-2.9000000000000004,0,0,0,1,0.0000,0.0000
1998,11,15,4,0,-3.1,0,0,0,1,0.0000,0.0000
1998,11,15,4,30,-3.1,0,0,0,1.2000000000000002,0.0000,0.0000
1998,11,15,5,0,-3.1,0,0,0,1.3,0.0000,0.0000
1998,11,15,5,30,-2.9000000000000004,0,0,0,1.6,0.0000,0.0000
1998,11,15,6,0,-2.8000000000000003,0,0,0,1.8,0.0000,0.0000
1998,11,15,6,30,-2.5,0,0,0,2.4000000000000004,0.0000,0.0000
1998,11,15,7,0,-2.1,0,0,0,2.9000000000000004,0.0000,0.0000
1998,11,15,7,30,-1.4000000000000001,14,222,21,3.5,0.0000,0.0000
1998,11,15,8,0,-0.7000000000000001,31,476,85,4.1000000000000005,0.0000,0.0000
1998,11,15,8,30,0.4,43,625,162,4.5,7.7257,5.8948
1998,11,15,9,0,1.5,149,60,165,4.800000000000001,8.0856,6.2164
1998,11,15,9,30,2.8000000000000003,184,41,198,5.1000000000000005,10.0532,7.7759
1998,11,15,10,0,4.1000000000000005,208,206,287,5.4,15.0096,11.6560
1998,11,15,10,30,5.5,150,475,353,5.800000000000001,18.8701,14.6915
1998,11,15,11,0,6.800000000000001,138,565,399,6.2,21.6547,16.8868
1998,11,15,11,30,7.4,253,183,342,6.2,18.7373,14.6256
1998,11,15,12,0,8.1,209,419,416,6.1000000000000005,22.8899,17.8744
1998,11,15,12,30,8.5,206,422,415,6.1000000000000005,22.8239,17.8221
1998,11,15,13,0,8.9,128,711,469,6.1000000000000005,25.6555,20.0227
1998,11,15,13,30,9.4,158,565,415,6.300000000000001,22.4631,17.5123
1998,11,15,14,0,10,64,850,420,6.5,22.3622,17.4026
1998,11,15,14,30,10.3,61,818,365,6.7,18.9825,14.7309
1998,11,15,15,0,10.600000000000001,55,774,299,6.800000000000001,15.0739,11.6468
1998,11,15,15,30,10.4,140,42,151,6.6000000000000005,7.3444,5.6377
1998,11,15,16,0,10.200000000000001,39,615,147,6.4,7.0087,5.3414
1998,11,15,16,30,9.600000000000001,34,3,34,6.300000000000001,0.0000,0.0000
1998,11,15,17,0,9,0,0,0,6.1000000000000005,0.0000,0.0000
1998,11,15,17,30,8.6,0,0,0,5.800000000000001,0.0000,0.0000
1998,11,15,18,0,8.3,0,0,0,5.5,0.0000,0.0000
1998,11,15,18,30,8,0,0,0,5.300000000000001,0.0000,0.0000
1998,11,15,19,0,7.7,0,0,0,5.1000000000000005,0.0000,0.0000
1998,11,15,19,30,7.5,0,0,0,5.1000000000000005,0.0000,0.0000
1998,11,15,20,0,7.300000000000001,0,0,0,5.1000000000000005,0.0000,0.0000
1998,11,15,20,30,7.2,0,0,0,5,0.0000,0.0000
1998,11,15,21,0,7.2,0,0,0,5,0.0000,0.0000
1998,11,15,21,30,6.9,0,0,0,4.7,0.0000,0.0000
1998,11,15,22,0,6.6000000000000005,0,0,0,4.3,0.0000,0.0000
1998,11,15,22,30,6.300000000000001,0,0,0,4,0.0000,0.0000
1998,11,15,23,0,6,0,0,0,3.6,0.0000,0.0000
1998,11,15,23,30,5.7,0,0,0,3.7,0.0000,0.0000
1998,11,16,0,0,5.4,0,0,0,3.7,0.0000,0.0000
1998,11,16,0,30,5.1000000000000005,0,0,0,3.9000000000000004,0.0000,0.0000
1998,11,16,1,0,4.7,0,0,0,4.1000000000000005,0.0000,0.0000
1998,11,16,1,30,4.3,0,0,0,4.1000000000000005,0.0000,0.0000
1998,11,16,2,0,3.8000000000000003,0,0,0,4.2,0.0000,0.0000
1998,11,16,2,30,3.4000000000000004,0,0,0,4.2,0.0000,0.0000
1998,11,16,3,0,3,0,0,0,4.3,0.0000,0.0000
1998,11,16,3,30,2.8000000000000003,0,0,0,4.4,0.0000,0.0000
1998,11,16,4,0,2.6,0,0,0,4.5,0.0000,0.0000
1998,11,16,4,30,2.3000000000000003,0,0,0,4.5,0.0000,0.0000
1998,11,16,5,0,2.1,0,0,0,4.4,0.0000,0.0000
1998,11,16,5,30,2,0,0,0,4.5,0.0000,0.0000
1998,11,16,6,0,1.8,0,0,0,4.6000000000000005,0.0000,0.0000
1998,11,16,6,30,1.6,0,0,0,4.5,0.0000,0.0000
1998,11,16,7,0,1.3,0,0,0,4.3,0.0000,0.0000
1998,11,16,7,30,1.5,4,0,4,4.4,0.0000,0.0000
1998,11,16,8,0,1.7000000000000002,29,500,83,4.6000000000000005,0.0000,0.0000
1998,11,16,8,30,2.5,28,0,28,4.7,1.3348,1.0182
1998,11,16,9,0,3.3000000000000003,67,0,67,4.800000000000001,3.2766,2.5181
1998,11,16,9,30,4.3,97,0,98,4.800000000000001,4.9653,3.8394
1998,11,16,10,0,5.300000000000001,135,1,136,4.7,7.0979,5.5106
1998,11,16,10,30,6.2,226,29,239,4.6000000000000005,12.7526,9.9267
1998,11,16,11,0,7.1000000000000005,154,1,154,4.4,8.3441,6.5058
1998,11,16,11,30,7.800000000000001,230,16,238,4.2,13.0192,10.1608
1998,11,16,12,0,8.6,239,18,247,4,13.5705,10.5955
1998,11,16,12,30,9.1,234,16,241,3.7,13.2345,10.3326
1998,11,16,13,0,9.600000000000001,241,28,254,3.5,13.8736,10.8259
1998,11,16,13,30,9.9,266,78,301,3.2,16.2671,12.6799
1998,11,16,14,0,10.100000000000001,61,866,421,2.9000000000000004,22.3784,17.4120
1998,11,16,14,30,10.100000000000001,58,835,365,2.6,18.9504,14.7028
1998,11,16,15,0,10.100000000000001,53,789,299,2.4000000000000004,15.0474,11.6231
1998,11,16,15,30,9.200000000000001,47,723,224,1.7000000000000002,10.8797,8.3489
1998,11,16,16,0,8.3,39,621,145,1,0.0000,0.0000
1998,11,16,16,30,7.4,27,453,68,1,0.0000,0.0000
1998,11,16,17,0,6.4,0,0,0,1,0.0000,0.0000
1998,11,16,17,30,6.2,0,0,0,1,0.0000,0.0000
1998,11,16,18,0,6,0,0,0,1,0.0000,0.0000
1998,11,16,18,30,5.9,0,0,0,0.9,0.0000,0.0000
1998,11,16,19,0,5.800000000000001,0,0,0,0.8,0.0000,0.0000
1998,11,16,19,30,5.9,0,0,0,0.7000000000000001,0.0000,0.0000
1998,11,16,20,0,5.9,0,0,0,0.5,0.0000,0.0000
1998,11,16,20,30,5.800000000000001,0,0,0,0.4,0.0000,0.0000
1998,11,16,21,0,5.6000000000000005,0,0,0,0.2,0.0000,0.0000
1998,11,16,21,30,4.9,0,0,0,0.6000000000000001,0.0000,0.0000
1998,11,16,22,0,4.1000000000000005,0,0,0,0.9,0.0000,0.0000
1998,11,16,22,30,3.2,0,0,0,1.1,0.0000,0.0000
1998,11,16,23,0,2.2,0,0,0,1.3,0.0000,0.0000
1998,11,16,23,30,1.8,0,0,0,1.4000000000000001,0.0000,0.0000
1998,11,17,0,0,1.3,0,0,0,1.5,0.0000,0.0000
1998,11,17,0,30,1.3,0,0,0,1.7000000000000002,0.0000,0.0000
1998,11,17,1,0,1.4000000000000001,0,0,0,1.9000000000000001,0.0000,0.0000
1998,11,17,1,30,1.4000000000000001,0,0,0,2.1,0.0000,0.0000
1998,11,17,2,0,1.5,0,0,0,2.2,0.0000,0.0000
1998,11,17,2,30,1.4000000000000001,0,0,0,2.1,0.0000,0.0000
1998,11,17,3,0,1.3,0,0,0,2.1,0.0000,0.0000
1998,11,17,3,30,1.2000000000000002,0,0,0,2,0.0000,0.0000
1998,11,17,4,0,1.1,0,0,0,1.9000000000000001,0.0000,0.0000
1998,11,17,4,30,0.9,0,0,0,1.7000000000000002,0.0000,0.0000
1998,11,17,5,0,0.7000000000000001,0,0,0,1.5,0.0000,0.0000
1998,11,17,5,30,0.7000000000000001,0,0,0,1.4000000000000001,0.0000,0.0000
1998,11,17,6,0,0.6000000000000001,0,0,0,1.3,0.0000,0.0000
1998,11,17,6,30,0.6000000000000001,0,0,0,1.2000000000000002,0.0000,0.0000
1998,11,17,7,0,0.7000000000000001,0,0,0,1.1,0.0000,0.0000
1998,11,17,7,30,1.9000000000000001,3,0,3,1.1,0.0000,0.0000
1998,11,17,8,0,3,23,0,23,1,0.0000,0.0000
1998,11,17,8,30,4.3,40,628,155,1.3,7.3879,5.6336
1998,11,17,9,0,5.5,141,140,177,1.5,8.6388,6.6363
1998,11,17,9,30,6.5,184,69,206,1.3,10.4143,8.0500
1998,11,17,10,0,7.6000000000000005,183,295,293,1,15.2611,11.8453
1998,11,17,10,30,8.9,148,531,371,1,19.7592,15.3774
1998,11,17,11,0,10.3,240,268,361,1,19.5270,15.2223
1998,11,17,11,30,11,233,354,402,1.1,21.9560,17.1327
1998,11,17,12,0,11.8,217,479,450,1.3,24.6861,19.2715
1998,11,17,12,30,11.9,216,478,449,1.4000000000000001,24.6207,19.2196
1998,11,17,13,0,12.100000000000001,212,471,435,1.6,23.7252,18.5107
1998,11,17,13,30,12,208,296,341,1.7000000000000002,18.4012,14.3411
1998,11,17,14,0,12,200,250,303,1.7000000000000002,16.0805,12.5094
1998,11,17,14,30,11.8,189,179,255,1.5,13.2168,10.2520
1998,11,17,15,0,11.5,137,337,241,1.4000000000000001,12.1082,9.3503
1998,11,17,15,30,10.700000000000001,119,242,178,1.4000000000000001,8.6336,6.6233
1998,11,17,16,0,9.8,78,314,131,1.4000000000000001,0.0000,0.0000
1998,11,17,16,30,9,35,3,35,1.7000000000000002,0.0000,0.0000
1998,11,17,17,0,8.1,0,0,0,1.9000000000000001,0.0000,0.0000
1998,11,17,17,30,8.200000000000001,0,0,0,2.3000000000000003,0.0000,0.0000
1998,11,17,18,0,8.3,0,0,0,2.7,0.0000,0.0000
1998,11,17,18,30,8.5,0,0,0,3.1,0.0000,0.0000
1998,11,17,19,0,8.700000000000001,0,0,0,3.6,0.0000,0.0000
1998,11,17,19,30,8.6,0,0,0,3.8000000000000003,0.0000,0.0000
1998,11,17,20,0,8.5,0,0,0,4.1000000000000005,0.0000,0.0000
1998,11,17,20,30,8.3,0,0,0,4.3,0.0000,0.0000
1998,11,17,21,0,8.1,0,0,0,4.5,0.0000,0.0000
1998,11,17,21,30,7.800000000000001,0,0,0,4.6000000000000005,0.0000,0.0000
1998,11,17,22,0,7.5,0,0,0,4.7,0.0000,0.0000
1998,11,17,22,30,7.2,0,0,0,4.9,0.0000,0.0000
1998,11,17,23,0,6.9,0,0,0,5,0.0000,0.0000
1998,11,17,23,30,6.800000000000001,0,0,0,5.4,0.0000,0.0000
1998,11,18,0,0,6.6000000000000005,0,0,0,5.800000000000001,0.0000,0.0000
1998,11,18,0,30,6.6000000000000005,0,0,0,6,0.0000,0.0000
1998,11,18,1,0,6.5,0,0,0,6.300000000000001,0.0000,0.0000
1998,11,18,1,30,6.5,0,0,0,6.5,0.0000,0.0000
1998,11,18,2,0,6.5,0,0,0,6.7,0.0000,0.0000
1998,11,18,2,30,6.7,0,0,0,6.800000000000001,0.0000,0.0000
1998,11,18,3,0,6.9,0,0,0,7,0.0000,0.0000
1998,11,18,3,30,7.5,0,0,0,7.300000000000001,0.0000,0.0000
1998,11,18,4,0,8.1,0,0,0,7.6000000000000005,0.0000,0.0000
1998,11,18,4,30,8.700000000000001,0,0,0,7.7,0.0000,0.0000
1998,11,18,5,0,9.3,0,0,0,7.9,0.0000,0.0000
1998,11,18,5,30,9.9,0,0,0,7.7,0.0000,0.0000
1998,11,18,6,0,10.5,0,0,0,7.5,0.0000,0.0000
1998,11,18,6,30,10.700000000000001,0,0,0,7,0.0000,0.0000
1998,11,18,7,0,10.9,0,0,0,6.4,0.0000,0.0000
1998,11,18,7,30,11,1,0,1,5.800000000000001,0.0000,0.0000
1998,11,18,8,0,11.100000000000001,18,0,18,5.2,0.0000,0.0000
1998,11,18,8,30,11.200000000000001,70,0,70,5.2,3.3365,2.5435
1998,11,18,9,0,11.4,74,0,74,5.1000000000000005,3.6050,2.7682
1998,11,18,9,30,11.200000000000001,102,1,102,5.7,5.1456,3.9761
1998,11,18,10,0,11,199,24,207,6.2,10.7600,8.3495
1998,11,18,10,30,10.600000000000001,216,22,225,6.7,11.9618,9.3073
1998,11,18,11,0,10.200000000000001,102,0,103,7.300000000000001,5.5623,4.3354
1998,11,18,11,30,9.9,249,31,264,7.5,14.3960,11.2317
1998,11,18,12,0,9.600000000000001,237,24,249,7.6000000000000005,13.6396,10.6463
1998,11,18,12,30,9.600000000000001,143,0,144,7.7,7.8845,6.1540
1998,11,18,13,0,9.5,199,5,201,7.800000000000001,10.9465,8.5394
1998,11,18,13,30,9.3,155,1,155,7.9,8.3521,6.5082
1998,11,18,14,0,9.1,167,4,169,7.9,8.9552,6.9653
1998,11,18,14,30,8.6,79,746,348,7.7,18.0076,13.9652
1998,11,18,15,0,8.1,68,716,286,7.6000000000000005,14.3450,11.0747
1998,11,18,15,30,7.300000000000001,59,640,213,7.1000000000000005,10.3174,7.9124
1998,11,18,16,0,6.6000000000000005,45,556,138,6.7,0.0000,0.0000
1998,11,18,16,30,5.6000000000000005,29,378,62,6.1000000000000005,0.0000,0.0000
1998,11,18,17,0,4.6000000000000005,0,0,0,5.5,0.0000,0.0000
1998,11,18,17,30,4,0,0,0,5.300000000000001,0.0000,0.0000
1998,11,18,18,0,3.4000000000000004,0,0,0,5.1000000000000005,0.0000,0.0000
1998,11,18,18,30,2.9000000000000004,0,0,0,5,0.0000,0.0000
1998,11,18,19,0,2.5,0,0,0,4.9,0.0000,0.0000
1998,11,18,19,30,2.1,0,0,0,4.9,0.0000,0.0000
1998,11,18,20,0,1.8,0,0,0,5,0.0000,0.0000
1998,11,18,20,30,1.4000000000000001,0,0,0,5.1000000000000005,0.0000,0.0000
1998,11,18,21,0,1.1,0,0,0,5.2,0.0000,0.0000
1998,11,18,21,30,0.7000000000000001,0,0,0,5.300000000000001,0.0000,0.0000
1998,11,18,22,0,0.4,0,0,0,5.5,0.0000,0.0000
1998,11,18,22,30,0,0,0,0,5.5,0.0000,0.0000
1998,11,18,23,0,-0.4,0,0,0,5.5,0.0000,0.0000
1998,11,18,23,30,-0.9,0,0,0,5.5,0.0000,0.0000
1998,11,19,0,0,-1.3,0,0,0,5.5,0.0000,0.0000
1998,11,19,0,30,-1.7000000000000002,0,0,0,5.4,0.0000,0.0000
1998,11,19,1,0,-2.1,0,0,0,5.300000000000001,0.0000,0.0000
1998,11,19,1,30,-2.4000000000000004,0,0,0,5.2,0.0000,0.0000
1998,11,19,2,0,-2.7,0,0,0,5,0.0000,0.0000
1998,11,19,2,30,-2.9000000000000004,0,0,0,4.9,0.0000,0.0000
1998,11,19,3,0,-3.2,0,0,0,4.7,0.0000,0.0000
1998,11,19,3,30,-3.3000000000000003,0,0,0,4.5,0.0000,0.0000
1998,11,19,4,0,-3.5,0,0,0,4.3,0.0000,0.0000
1998,11,19,4,30,-3.7,0,0,0,4.1000000000000005,0.0000,0.0000
1998,11,19,5,0,-3.8000000000000003,0,0,0,3.9000000000000004,0.0000,0.0000
1998,11,19,5,30,-3.9000000000000004,0,0,0,3.6,0.0000,0.0000
1998,11,19,6,0,-4.1000000000000005,0,0,0,3.4000000000000004,0.0000,0.0000
1998,11,19,6,30,-4.1000000000000005,0,0,0,3.3000000000000003,0.0000,0.0000
1998,11,19,7,0,-4.2,0,0,0,3.3000000000000003,0.0000,0.0000
1998,11,19,7,30,-3.6,0,0,0,3.6,0.0000,0.0000
1998,11,19,8,0,-3,30,463,75,3.9000000000000004,0.0000,0.0000
1998,11,19,8,30,-2,43,628,153,4.3,7.2940,5.5592
1998,11,19,9,0,-1,52,733,233,4.7,11.3299,8.6966
1998,11,19,9,30,-0.1,58,799,308,4.7,15.5061,11.9781
1998,11,19,10,0,0.9,62,848,373,4.800000000000001,19.3509,15.0121
1998,11,19,10,30,1.9000000000000001,66,879,428,4.800000000000001,22.7143,17.6701
1998,11,19,11,0,2.9000000000000004,68,901,470,4.800000000000001,25.3396,19.7467
1998,11,19,11,30,3.7,69,914,498,4.800000000000001,27.1143,21.1512
1998,11,19,12,0,4.6000000000000005,70,913,508,4.800000000000001,27.7855,21.6847
1998,11,19,12,30,5.2,70,912,507,4.800000000000001,27.7204,21.6331
1998,11,19,13,0,5.800000000000001,70,904,491,4.7,26.7020,20.8271
1998,11,19,13,30,6.1000000000000005,208,445,404,4.6000000000000005,21.7374,16.9359
1998,11,19,14,0,6.4,65,867,417,4.5,22.0626,17.1570
1998,11,19,14,30,6.4,62,834,361,4.2,18.6512,14.4614
1998,11,19,15,0,6.4,57,786,294,4,14.7229,11.3635
1998,11,19,15,30,5.300000000000001,50,715,219,2.9000000000000004,10.5957,8.1236
1998,11,19,16,0,4.3,40,611,140,1.9000000000000001,0.0000,0.0000
1998,11,19,16,30,2.6,26,433,63,1.6,0.0000,0.0000
1998,11,19,17,0,0.9,0,0,0,1.4000000000000001,0.0000,0.0000
1998,11,19,17,30,0.7000000000000001,0,0,0,1.3,0.0000,0.0000
1998,11,19,18,0,0.4,0,0,0,1.3,0.0000,0.0000
1998,11,19,18,30,0.5,0,0,0,1.3,0.0000,0.0000
1998,11,19,19,0,0.6000000000000001,0,0,0,1.2000000000000002,0.0000,0.0000
1998,11,19,19,30,0.8,0,0,0,1.1,0.0000,0.0000
1998,11,19,20,0,1.1,0,0,0,1,0.0000,0.0000
1998,11,19,20,30,1.1,0,0,0,0.8,0.0000,0.0000
1998,11,19,21,0,1.1,0,0,0,0.6000000000000001,0.0000,0.0000
1998,11,19,21,30,0.8,0,0,0,0.6000000000000001,0.0000,0.0000
1998,11,19,22,0,0.6000000000000001,0,0,0,0.5,0.0000,0.0000
1998,11,19,22,30,0.30000000000000004,0,0,0,0.6000000000000001,0.0000,0.0000
1998,11,19,23,0,-0.1,0,0,0,0.6000000000000001,0.0000,0.0000
1998,11,19,23,30,-0.4,0,0,0,0.6000000000000001,0.0000,0.0000
1998,11,20,0,0,-0.7000000000000001,0,0,0,0.5,0.0000,0.0000
1998,11,20,0,30,-0.9,0,0,0,0.5,0.0000,0.0000
1998,11,20,1,0,-1,0,0,0,0.5,0.0000,0.0000
1998,11,20,1,30,-1.3,0,0,0,0.7000000000000001,0.0000,0.0000
1998,11,20,2,0,-1.5,0,0,0,0.8,0.0000,0.0000
1998,11,20,2,30,-2,0,0,0,0.9,0.0000,0.0000
1998,11,20,3,0,-2.6,0,0,0,1,0.0000,0.0000
1998,11,20,3,30,-3.1,0,0,0,1,0.0000,0.0000
1998,11,20,4,0,-3.6,0,0,0,1,0.0000,0.0000
1998,11,20,4,30,-3.9000000000000004,0,0,0,1.1,0.0000,0.0000
1998,11,20,5,0,-4.1000000000000005,0,0,0,1.1,0.0000,0.0000
1998,11,20,5,30,-4.4,0,0,0,1.2000000000000002,0.0000,0.0000
1998,11,20,6,0,-4.7,0,0,0,1.3,0.0000,0.0000
1998,11,20,6,30,-4.800000000000001,0,0,0,1.3,0.0000,0.0000
1998,11,20,7,0,-4.9,0,0,0,1.4000000000000001,0.0000,0.0000
1998,11,20,7,30,-4.2,0,0,0,1.9000000000000001,0.0000,0.0000
1998,11,20,8,0,-3.5,32,2,33,2.4000000000000004,0.0000,0.0000
1998,11,20,8,30,-2.5,41,631,149,2.4000000000000004,0.0000,0.0000
1998,11,20,9,0,-1.4000000000000001,50,733,229,2.3000000000000003,11.1154,8.5285
1998,11,20,9,30,-0.1,56,800,303,2.3000000000000003,15.2218,11.7545
1998,11,20,10,0,1.3,61,847,368,2.3000000000000003,19.0540,14.7779
1998,11,20,10,30,2.2,64,878,422,2.4000000000000004,22.3547,17.3867
1998,11,20,11,0,3.2,66,900,464,2.4000000000000004,24.9762,19.4602
1998,11,20,11,30,3.9000000000000004,68,912,493,2.6,26.8020,20.9044
1998,11,20,12,0,4.6000000000000005,68,920,506,2.7,27.6362,21.5651
1998,11,20,12,30,5,68,919,506,2.7,27.6274,21.5576
1998,11,20,13,0,5.4,67,914,490,2.8000000000000003,26.6110,20.7532
1998,11,20,13,30,5.6000000000000005,65,900,459,2.7,24.6602,19.2101
1998,11,20,14,0,5.800000000000001,61,881,416,2.7,21.9771,17.0876
1998,11,20,14,30,5.800000000000001,58,849,360,2.4000000000000004,18.5704,14.3958
1998,11,20,15,0,5.7,53,803,294,2.1,14.7010,11.3438
1998,11,20,15,30,5,47,733,218,1.4000000000000001,10.5346,8.0744
1998,11,20,16,0,4.3,38,628,139,0.7000000000000001,0.0000,0.0000
1998,11,20,16,30,3.8000000000000003,25,451,62,0.5,0.0000,0.0000
1998,11,20,17,0,3.4000000000000004,0,0,0,0.4,0.0000,0.0000
1998,11,20,17,30,2.3000000000000003,0,0,0,0.8,0.0000,0.0000
1998,11,20,18,0,1.3,0,0,0,1.2000000000000002,0.0000,0.0000
1998,11,20,18,30,0.4,0,0,0,1.3,0.0000,0.0000
1998,11,20,19,0,-0.6000000000000001,0,0,0,1.4000000000000001,0.0000,0.0000
1998,11,20,19,30,-0.8,0,0,0,1.6,0.0000,0.0000
1998,11,20,20,0,-1.1,0,0,0,1.7000000000000002,0.0000,0.0000
1998,11,20,20,30,-1,0,0,0,1.9000000000000001,0.0000,0.0000
1998,11,20,21,0,-0.9,0,0,0,2.1,0.0000,0.0000
1998,11,20,21,30,-0.8,0,0,0,2.3000000000000003,0.0000,0.0000
1998,11,20,22,0,-0.7000000000000001,0,0,0,2.5,0.0000,0.0000
1998,11,20,22,30,-0.6000000000000001,0,0,0,2.8000000000000003,0.0000,0.0000
1998,11,20,23,0,-0.5,0,0,0,3,0.0000,0.0000
1998,11,20,23,30,-0.5,0,0,0,3.2,0.0000,0.0000
1998,11,21,0,0,-0.5,0,0,0,3.5,0.0000,0.0000
1998,11,21,0,30,-0.6000000000000001,0,0,0,3.7,0.0000,0.0000
1998,11,21,1,0,-0.7000000000000001,0,0,0,3.9000000000000004,0.0000,0.0000
1998,11,21,1,30,-0.9,0,0,0,4.1000000000000005,0.0000,0.0000
1998,11,21,2,0,-1.1,0,0,0,4.3,0.0000,0.0000
1998,11,21,2,30,-1.3,0,0,0,4.3,0.0000,0.0000
1998,11,21,3,0,-1.6,0,0,0,4.3,0.0000,0.0000
1998,11,21,3,30,-1.5,0,0,0,4.5,0.0000,0.0000
1998,11,21,4,0,-1.4000000000000001,0,0,0,4.800000000000001,0.0000,0.0000
1998,11,21,4,30,-1.3,0,0,0,4.9,0.0000,0.0000
1998,11,21,5,0,-1.2000000000000002,0,0,0,5.1000000000000005,0.0000,0.0000
1998,11,21,5,30,-1.1,0,0,0,5.1000000000000005,0.0000,0.0000
1998,11,21,6,0,-1,0,0,0,5.2,0.0000,0.0000
1998,11,21,6,30,-0.9,0,0,0,5.2,0.0000,0.0000
1998,11,21,7,0,-0.9,0,0,0,5.2,0.0000,0.0000
1998,11,21,7,30,-0.2,0,0,0,5.4,0.0000,0.0000
1998,11,21,8,0,0.4,34,0,34,5.5,0.0000,0.0000
1998,11,21,8,30,1.5,88,11,90,5.4,0.0000,0.0000
1998,11,21,9,0,2.6,135,28,142,5.300000000000001,6.8810,5.2775
1998,11,21,9,30,4.1000000000000005,179,50,194,5.5,9.7260,7.5081
1998,11,21,10,0,5.5,192,222,272,5.7,14.0566,10.8993
1998,11,21,10,30,7,203,280,316,6.2,16.7111,12.9947
1998,11,21,11,0,8.4,214,300,346,6.7,18.5944,14.4853
1998,11,21,11,30,9.200000000000001,214,318,361,6.800000000000001,19.5962,15.2819
1998,11,21,12,0,10,223,342,385,6.9,20.9982,16.3830
1998,11,21,12,30,10.700000000000001,250,194,341,7,18.5925,14.5056
1998,11,21,13,0,11.4,245,188,331,7.1000000000000005,17.9511,13.9976
1998,11,21,13,30,11.8,233,158,302,6.9,16.2033,12.6204
1998,11,21,14,0,12.100000000000001,212,97,251,6.7,13.2405,10.2929
1998,11,21,14,30,12,175,46,192,6.4,9.8895,7.6648
1998,11,21,15,0,11.9,189,0,189,6.2,9.4365,7.2798
1998,11,21,15,30,11.3,112,31,119,6,5.7446,4.4019
1998,11,21,16,0,10.8,61,132,82,5.9,0.0000,0.0000
1998,11,21,16,30,10.100000000000001,33,3,34,5.6000000000000005,0.0000,0.0000
1998,11,21,17,0,9.5,0,0,0,5.300000000000001,0.0000,0.0000
1998,11,21,17,30,9,0,0,0,5.1000000000000005,0.0000,0.0000
1998,11,21,18,0,8.5,0,0,0,4.9,0.0000,0.0000
1998,11,21,18,30,7.800000000000001,0,0,0,4.7,0.0000,0.0000
1998,11,21,19,0,7.2,0,0,0,4.5,0.0000,0.0000
1998,11,21,19,30,6.800000000000001,0,0,0,4.7,0.0000,0.0000
1998,11,21,20,0,6.4,0,0,0,4.800000000000001,0.0000,0.0000
1998,11,21,20,30,6.2,0,0,0,4.9,0.0000,0.0000
1998,11,21,21,0,5.9,0,0,0,4.9,0.0000,0.0000
1998,11,21,21,30,5.7,0,0,0,4.800000000000001,0.0000,0.0000
1998,11,21,22,0,5.5,0,0,0,4.7,0.0000,0.0000
1998,11,21,22,30,5.6000000000000005,0,0,0,4.7,0.0000,0.0000
1998,11,21,23,0,5.6000000000000005,0,0,0,4.7,0.0000,0.0000
1998,11,21,23,30,5.7,0,0,0,4.800000000000001,0.0000,0.0000
1998,11,22,0,0,5.800000000000001,0,0,0,4.9,0.0000,0.0000
1998,11,22,0,30,5.7,0,0,0,5,0.0000,0.0000
1998,11,22,1,0,5.6000000000000005,0,0,0,5.1000000000000005,0.0000,0.0000
1998,11,22,1,30,5.5,0,0,0,5.2,0.0000,0.0000
1998,11,22,2,0,5.300000000000001,0,0,0,5.2,0.0000,0.0000
1998,11,22,2,30,5.1000000000000005,0,0,0,5.1000000000000005,0.0000,0.0000
1998,11,22,3,0,4.9,0,0,0,5.1000000000000005,0.0000,0.0000
1998,11,22,3,30,4.800000000000001,0,0,0,5,0.0000,0.0000
1998,11,22,4,0,4.6000000000000005,0,0,0,4.800000000000001,0.0000,0.0000
1998,11,22,4,30,4.3,0,0,0,4.7,0.0000,0.0000
1998,11,22,5,0,4,0,0,0,4.6000000000000005,0.0000,0.0000
1998,11,22,5,30,3.7,0,0,0,4.5,0.0000,0.0000
1998,11,22,6,0,3.4000000000000004,0,0,0,4.5,0.0000,0.0000
1998,11,22,6,30,3.1,0,0,0,4.3,0.0000,0.0000
1998,11,22,7,0,2.7,0,0,0,4.2,0.0000,0.0000
1998,11,22,7,30,3,0,0,0,4.4,0.0000,0.0000
1998,11,22,8,0,3.3000000000000003,29,2,30,4.6000000000000005,0.0000,0.0000
1998,11,22,8,30,4.3,69,11,71,4.6000000000000005,0.0000,0.0000
1998,11,22,9,0,5.300000000000001,119,29,126,4.6000000000000005,6.0952,4.6730
1998,11,22,9,30,6.7,126,420,252,4.7,12.6079,9.7296
1998,11,22,10,0,8.200000000000001,130,472,298,4.800000000000001,15.3709,11.9153
1998,11,22,10,30,9.600000000000001,140,495,338,5,17.8424,13.8715
1998,11,22,11,0,11.100000000000001,158,464,360,5.2,19.3152,15.0442
1998,11,22,11,30,12.200000000000001,64,891,472,5.300000000000001,25.5843,19.9486
1998,11,22,12,0,13.4,64,899,486,5.5,26.4695,20.6489
1998,11,22,12,30,14.100000000000001,64,899,485,5.7,26.4082,20.6005
1998,11,22,13,0,14.8,62,894,470,5.800000000000001,25.4555,19.8465
1998,11,22,13,30,15,61,880,441,5.800000000000001,23.6290,18.4013
1998,11,22,14,0,15.200000000000001,58,860,399,5.800000000000001,21.0194,16.3374
1998,11,22,14,30,14.9,54,827,344,5.4,17.6922,13.7095
1998,11,22,15,0,14.600000000000001,50,782,280,4.9,13.9592,10.7661
1998,11,22,15,30,13.5,44,712,207,4.3,9.9826,7.6473
1998,11,22,16,0,12.3,35,605,130,3.7,0.0000,0.0000
1998,11,22,16,30,10.9,23,427,57,3.4000000000000004,0.0000,0.0000
1998,11,22,17,0,9.4,0,0,0,3.2,0.0000,0.0000
1998,11,22,17,30,9.200000000000001,0,0,0,3.3000000000000003,0.0000,0.0000
1998,11,22,18,0,8.9,0,0,0,3.5,0.0000,0.0000
1998,11,22,18,30,8.6,0,0,0,3.5,0.0000,0.0000
1998,11,22,19,0,8.3,0,0,0,3.5,0.0000,0.0000
1998,11,22,19,30,8,0,0,0,3.5,0.0000,0.0000
1998,11,22,20,0,7.7,0,0,0,3.5,0.0000,0.0000
1998,11,22,20,30,7.5,0,0,0,3.4000000000000004,0.0000,0.0000
1998,11,22,21,0,7.300000000000001,0,0,0,3.3000000000000003,0.0000,0.0000
1998,11,22,21,30,7.2,0,0,0,3.2,0.0000,0.0000
1998,11,22,22,0,7.1000000000000005,0,0,0,3.1,0.0000,0.0000
1998,11,22,22,30,7.2,0,0,0,3.3000000000000003,0.0000,0.0000
1998,11,22,23,0,7.300000000000001,0,0,0,3.5,0.0000,0.0000
1998,11,22,23,30,7.2,0,0,0,3.8000000000000003,0.0000,0.0000
1998,11,23,0,0,7.2,0,0,0,4.2,0.0000,0.0000
1998,11,23,0,30,7.1000000000000005,0,0,0,4.4,0.0000,0.0000
1998,11,23,1,0,7,0,0,0,4.7,0.0000,0.0000
1998,11,23,1,30,6.6000000000000005,0,0,0,4.800000000000001,0.0000,0.0000
1998,11,23,2,0,6.300000000000001,0,0,0,4.800000000000001,0.0000,0.0000
1998,11,23,2,30,5.9,0,0,0,4.6000000000000005,0.0000,0.0000
1998,11,23,3,0,5.4,0,0,0,4.3,0.0000,0.0000
1998,11,23,3,30,4.9,0,0,0,4.1000000000000005,0.0000,0.0000
1998,11,23,4,0,4.4,0,0,0,3.8000000000000003,0.0000,0.0000
1998,11,23,4,30,4,0,0,0,3.7,0.0000,0.0000
1998,11,23,5,0,3.6,0,0,0,3.6,0.0000,0.0000
1998,11,23,5,30,3.5,0,0,0,3.6,0.0000,0.0000
1998,11,23,6,0,3.5,0,0,0,3.7,0.0000,0.0000
1998,11,23,6,30,3.4000000000000004,0,0,0,3.7,0.0000,0.0000
1998,11,23,7,0,3.3000000000000003,0,0,0,3.7,0.0000,0.0000
1998,11,23,7,30,3.5,0,0,0,3.9000000000000004,0.0000,0.0000
1998,11,23,8,0,3.7,35,1,35,4.1000000000000005,0.0000,0.0000
1998,11,23,8,30,4.5,35,660,141,4.1000000000000005,0.0000,0.0000
1998,11,23,9,0,5.300000000000001,40,768,219,4.1000000000000005,10.5782,8.1069
1998,11,23,9,30,6.800000000000001,155,198,214,4,10.6857,8.2436
1998,11,23,10,0,8.200000000000001,179,274,275,4,14.1572,10.9717
1998,11,23,10,30,9.600000000000001,177,351,317,4.2,16.7049,12.9845
1998,11,23,11,0,11,154,537,386,4.4,20.6776,16.1025
1998,11,23,11,30,11.8,52,943,481,4.3,26.0337,20.2959
1998,11,23,12,0,12.600000000000001,52,948,495,4.1000000000000005,26.9230,20.9998
1998,11,23,12,30,13,52,941,491,4,26.7003,20.8256
1998,11,23,13,0,13.3,54,932,477,3.9000000000000004,25.7998,20.1121
1998,11,23,13,30,13.3,53,919,447,3.6,23.9176,18.6233
1998,11,23,14,0,13.200000000000001,52,890,403,3.3000000000000003,21.2013,16.4762
1998,11,23,14,30,12.4,49,859,348,2.3000000000000003,17.8727,13.8466
1998,11,23,15,0,11.5,45,813,283,1.4000000000000001,14.0904,10.8649
1998,11,23,15,30,10.4,40,745,209,1.2000000000000002,10.0699,7.7123
1998,11,23,16,0,9.3,32,645,132,1,0.0000,0.0000
1998,11,23,16,30,8.5,21,471,57,1.1,0.0000,0.0000
1998,11,23,17,0,7.7,0,0,0,1.2000000000000002,0.0000,0.0000
1998,11,23,17,30,7.5,0,0,0,1.2000000000000002,0.0000,0.0000
1998,11,23,18,0,7.300000000000001,0,0,0,1.2000000000000002,0.0000,0.0000
1998,11,23,18,30,6.9,0,0,0,1.2000000000000002,0.0000,0.0000
1998,11,23,19,0,6.5,0,0,0,1.3,0.0000,0.0000
1998,11,23,19,30,6,0,0,0,1.3,0.0000,0.0000
1998,11,23,20,0,5.5,0,0,0,1.4000000000000001,0.0000,0.0000
1998,11,23,20,30,5.1000000000000005,0,0,0,1.4000000000000001,0.0000,0.0000
1998,11,23,21,0,4.7,0,0,0,1.4000000000000001,0.0000,0.0000
1998,11,23,21,30,4.2,0,0,0,1.5,0.0000,0.0000
1998,11,23,22,0,3.7,0,0,0,1.5,0.0000,0.0000
1998,11,23,22,30,3.3000000000000003,0,0,0,1.5,0.0000,0.0000
1998,11,23,23,0,2.9000000000000004,0,0,0,1.5,0.0000,0.0000
1998,11,23,23,30,2.5,0,0,0,1.6,0.0000,0.0000
1998,11,24,0,0,2.1,0,0,0,1.7000000000000002,0.0000,0.0000
1998,11,24,0,30,1.9000000000000001,0,0,0,1.8,0.0000,0.0000
1998,11,24,1,0,1.7000000000000002,0,0,0,1.9000000000000001,0.0000,0.0000
1998,11,24,1,30,1.8,0,0,0,2.1,0.0000,0.0000
1998,11,24,2,0,1.8,0,0,0,2.3000000000000003,0.0000,0.0000
1998,11,24,2,30,1.9000000000000001,0,0,0,2.5,0.0000,0.0000
1998,11,24,3,0,2,0,0,0,2.8000000000000003,0.0000,0.0000
1998,11,24,3,30,2,0,0,0,3.1,0.0000,0.0000
1998,11,24,4,0,2,0,0,0,3.5,0.0000,0.0000
1998,11,24,4,30,1.9000000000000001,0,0,0,3.7,0.0000,0.0000
1998,11,24,5,0,1.7000000000000002,0,0,0,4,0.0000,0.0000
1998,11,24,5,30,1.5,0,0,0,4.1000000000000005,0.0000,0.0000
1998,11,24,6,0,1.3,0,0,0,4.3,0.0000,0.0000
1998,11,24,6,30,1.1,0,0,0,4.4,0.0000,0.0000
1998,11,24,7,0,0.9,0,0,0,4.6000000000000005,0.0000,0.0000
1998,11,24,7,30,1.2000000000000002,0,0,0,4.9,0.0000,0.0000
1998,11,24,8,0,1.5,23,462,60,5.2,0.0000,0.0000
1998,11,24,8,30,2.5,86,27,90,5.4,0.0000,0.0000
1998,11,24,9,0,3.6,121,106,145,5.6000000000000005,6.9932,5.3573
1998,11,24,9,30,5.1000000000000005,156,18,161,6,8.0236,6.1878
1998,11,24,10,0,6.7,164,318,275,6.4,14.1310,10.9486
1998,11,24,10,30,8.3,210,180,281,7.2,14.7831,11.4884
1998,11,24,11,0,9.9,162,460,359,8,19.2020,14.9509
1998,11,24,11,30,11,238,178,318,8.1,17.1871,13.3970
1998,11,24,12,0,12,239,231,346,8.200000000000001,18.7931,14.6564
1998,11,24,12,30,12.600000000000001,147,592,421,8.1,22.8638,17.8308
1998,11,24,13,0,13.3,135,585,398,7.9,21.4991,16.7573
1998,11,24,13,30,13.5,162,493,373,7.5,19.9334,15.5189
1998,11,24,14,0,13.700000000000001,165,426,332,7.1000000000000005,17.4423,13.5528
1998,11,24,14,30,13.4,163,328,276,6.6000000000000005,14.1560,10.9652
1998,11,24,15,0,13.200000000000001,126,359,230,6.1000000000000005,11.4366,8.8166
1998,11,24,15,30,12.5,97,400,188,5.6000000000000005,9.0501,6.9296
1998,11,24,16,0,11.8,36,601,128,5.2,0.0000,0.0000
1998,11,24,16,30,10.9,23,412,54,4.9,0.0000,0.0000
1998,11,24,17,0,9.9,0,0,0,4.6000000000000005,0.0000,0.0000
1998,11,24,17,30,9.4,0,0,0,4.4,0.0000,0.0000
1998,11,24,18,0,8.8,0,0,0,4.2,0.0000,0.0000
1998,11,24,18,30,8.3,0,0,0,3.8000000000000003,0.0000,0.0000
1998,11,24,19,0,7.800000000000001,0,0,0,3.4000000000000004,0.0000,0.0000
1998,11,24,19,30,7.300000000000001,0,0,0,3.1,0.0000,0.0000
1998,11,24,20,0,6.9,0,0,0,2.8000000000000003,0.0000,0.0000
1998,11,24,20,30,6.4,0,0,0,2.5,0.0000,0.0000
1998,11,24,21,0,5.9,0,0,0,2.3000000000000003,0.0000,0.0000
1998,11,24,21,30,5.800000000000001,0,0,0,2.1,0.0000,0.0000
1998,11,24,22,0,5.7,0,0,0,2,0.0000,0.0000
1998,11,24,22,30,5.9,0,0,0,2.1,0.0000,0.0000
1998,11,24,23,0,6.2,0,0,0,2.2,0.0000,0.0000
1998,11,24,23,30,6.4,0,0,0,2.5,0.0000,0.0000
1998,11,25,0,0,6.5,0,0,0,2.7,0.0000,0.0000
1998,11,25,0,30,6.7,0,0,0,3,0.0000,0.0000
1998,11,25,1,0,6.9,0,0,0,3.4000000000000004,0.0000,0.0000
1998,11,25,1,30,7,0,0,0,3.4000000000000004,0.0000,0.0000
1998,11,25,2,0,7,0,0,0,3.5,0.0000,0.0000
1998,11,25,2,30,6.7,0,0,0,3.5,0.0000,0.0000
1998,11,25,3,0,6.4,0,0,0,3.5,0.0000,0.0000
1998,11,25,3,30,5.800000000000001,0,0,0,3.7,0.0000,0.0000
1998,11,25,4,0,5.1000000000000005,0,0,0,3.9000000000000004,0.0000,0.0000
1998,11,25,4,30,4.7,0,0,0,4.2,0.0000,0.0000
1998,11,25,5,0,4.3,0,0,0,4.5,0.0000,0.0000
1998,11,25,5,30,4.1000000000000005,0,0,0,4.6000000000000005,0.0000,0.0000
1998,11,25,6,0,3.9000000000000004,0,0,0,4.6000000000000005,0.0000,0.0000
1998,11,25,6,30,3.5,0,0,0,4.1000000000000005,0.0000,0.0000
1998,11,25,7,0,3.1,0,0,0,3.6,0.0000,0.0000
1998,11,25,7,30,3.6,0,0,0,3.6,0.0000,0.0000
1998,11,25,8,0,4,20,487,57,3.6,0.0000,0.0000
1998,11,25,8,30,5.1000000000000005,29,666,132,4,0.0000,0.0000
1998,11,25,9,0,6.2,35,771,209,4.4,10.0658,7.7083
1998,11,25,9,30,7.7,39,845,284,4.6000000000000005,14.1270,10.8914
1998,11,25,10,0,9.1,41,891,349,4.9,17.9002,13.8654
1998,11,25,10,30,10.4,43,921,403,5.1000000000000005,21.1656,16.4451
1998,11,25,11,0,11.700000000000001,45,941,445,5.4,23.7654,18.5009
1998,11,25,11,30,12.3,46,953,474,5.4,25.5835,19.9391
1998,11,25,12,0,12.9,48,958,488,5.4,26.4709,20.6415
1998,11,25,12,30,13.100000000000001,48,958,488,5.4,26.4674,20.6384
1998,11,25,13,0,13.3,49,950,474,5.300000000000001,25.5729,19.9300
1998,11,25,13,30,13.200000000000001,48,938,445,5.300000000000001,23.7514,18.4888
1998,11,25,14,0,13.100000000000001,46,917,402,5.2,21.0927,16.3865
1998,11,25,14,30,12.700000000000001,43,887,348,4.6000000000000005,17.8266,13.8060
1998,11,25,15,0,12.3,39,844,282,4.1000000000000005,14.0054,10.7946
1998,11,25,15,30,10.600000000000001,35,769,206,3,9.9087,7.5853
1998,11,25,16,0,8.9,28,668,129,2,0.0000,0.0000
1998,11,25,16,30,7.2,19,493,55,1.9000000000000001,0.0000,0.0000
1998,11,25,17,0,5.5,0,0,0,1.7000000000000002,0.0000,0.0000
1998,11,25,17,30,5.1000000000000005,0,0,0,1.7000000000000002,0.0000,0.0000
1998,11,25,18,0,4.7,0,0,0,1.6,0.0000,0.0000
1998,11,25,18,30,4.4,0,0,0,1.6,0.0000,0.0000
1998,11,25,19,0,4.2,0,0,0,1.6,0.0000,0.0000
1998,11,25,19,30,3.9000000000000004,0,0,0,1.7000000000000002,0.0000,0.0000
1998,11,25,20,0,3.7,0,0,0,1.8,0.0000,0.0000
1998,11,25,20,30,3.6,0,0,0,1.9000000000000001,0.0000,0.0000
1998,11,25,21,0,3.4000000000000004,0,0,0,2.1,0.0000,0.0000
1998,11,25,21,30,3.4000000000000004,0,0,0,2.3000000000000003,0.0000,0.0000
1998,11,25,22,0,3.3000000000000003,0,0,0,2.5,0.0000,0.0000
1998,11,25,22,30,3.3000000000000003,0,0,0,2.6,0.0000,0.0000
1998,11,25,23,0,3.2,0,0,0,2.8000000000000003,0.0000,0.0000
1998,11,25,23,30,3.1,0,0,0,2.9000000000000004,0.0000,0.0000
1998,11,26,0,0,2.9000000000000004,0,0,0,3.1,0.0000,0.0000
1998,11,26,0,30,2.8000000000000003,0,0,0,3.2,0.0000,0.0000
1998,11,26,1,0,2.7,0,0,0,3.3000000000000003,0.0000,0.0000
1998,11,26,1,30,2.6,0,0,0,3.3000000000000003,0.0000,0.0000
1998,11,26,2,0,2.4000000000000004,0,0,0,3.3000000000000003,0.0000,0.0000
1998,11,26,2,30,2.2,0,0,0,3.2,0.0000,0.0000
1998,11,26,3,0,2,0,0,0,3.2,0.0000,0.0000
1998,11,26,3,30,1.8,0,0,0,3.1,0.0000,0.0000
1998,11,26,4,0,1.5,0,0,0,3,0.0000,0.0000
1998,11,26,4,30,1.3,0,0,0,2.9000000000000004,0.0000,0.0000
1998,11,26,5,0,1.1,0,0,0,2.8000000000000003,0.0000,0.0000
1998,11,26,5,30,0.9,0,0,0,2.8000000000000003,0.0000,0.0000
1998,11,26,6,0,0.7000000000000001,0,0,0,2.8000000000000003,0.0000,0.0000
1998,11,26,6,30,0.6000000000000001,0,0,0,2.7,0.0000,0.0000
1998,11,26,7,0,0.5,0,0,0,2.6,0.0000,0.0000
1998,11,26,7,30,1.4000000000000001,0,0,0,2.9000000000000004,0.0000,0.0000
1998,11,26,8,0,2.2,20,453,53,3.2,0.0000,0.0000
1998,11,26,8,30,3.5,29,627,124,3.3000000000000003,0.0000,0.0000
1998,11,26,9,0,4.7,124,43,134,3.4000000000000004,6.4450,4.9337
1998,11,26,9,30,6.2,153,180,205,3.1,10.1784,7.8446
1998,11,26,10,0,7.6000000000000005,172,268,264,2.7,13.5164,10.4671
1998,11,26,10,30,9.200000000000001,46,880,387,2.5,20.2925,15.7636
1998,11,26,11,0,10.700000000000001,48,906,430,2.2,22.9305,17.8480
1998,11,26,11,30,12.100000000000001,49,919,459,2.1,24.7397,19.2787
1998,11,26,12,0,13.600000000000001,50,925,473,2,25.6248,19.9791
1998,11,26,12,30,14.700000000000001,50,925,472,1.9000000000000001,25.5689,19.9354
1998,11,26,13,0,15.9,49,919,458,1.9000000000000001,24.6807,19.2322
1998,11,26,13,30,16.400000000000002,48,906,430,1.8,22.9220,17.8406
1998,11,26,14,0,16.900000000000002,47,883,389,1.8,20.3857,15.8349
1998,11,26,14,30,16.5,45,852,335,1.4000000000000001,17.1392,13.2713
1998,11,26,15,0,16,41,806,271,0.9,13.4441,10.3600
1998,11,26,15,30,14.600000000000001,37,738,200,1.1,9.6133,7.3577
1998,11,26,16,0,13.3,30,631,124,1.2000000000000002,0.0000,0.0000
1998,11,26,16,30,12,20,459,53,1.4000000000000001,0.0000,0.0000
1998,11,26,17,0,10.700000000000001,0,0,0,1.5,0.0000,0.0000
1998,11,26,17,30,9.9,0,0,0,1.6,0.0000,0.0000
1998,11,26,18,0,9.1,0,0,0,1.6,0.0000,0.0000
1998,11,26,18,30,8.6,0,0,0,1.7000000000000002,0.0000,0.0000
1998,11,26,19,0,8.1,0,0,0,1.7000000000000002,0.0000,0.0000
1998,11,26,19,30,7.800000000000001,0,0,0,1.8,0.0000,0.0000
1998,11,26,20,0,7.5,0,0,0,1.8,0.0000,0.0000
1998,11,26,20,30,7.300000000000001,0,0,0,1.9000000000000001,0.0000,0.0000
1998,11,26,21,0,7,0,0,0,1.9000000000000001,0.0000,0.0000
1998,11,26,21,30,6.7,0,0,0,1.9000000000000001,0.0000,0.0000
1998,11,26,22,0,6.4,0,0,0,1.9000000000000001,0.0000,0.0000
1998,11,26,22,30,6.2,0,0,0,1.9000000000000001,0.0000,0.0000
1998,11,26,23,0,5.9,0,0,0,1.9000000000000001,0.0000,0.0000
1998,11,26,23,30,5.6000000000000005,0,0,0,1.9000000000000001,0.0000,0.0000
1998,11,27,0,0,5.4,0,0,0,1.9000000000000001,0.0000,0.0000
1998,11,27,0,30,5.2,0,0,0,1.9000000000000001,0.0000,0.0000
1998,11,27,1,0,5.1000000000000005,0,0,0,1.9000000000000001,0.0000,0.0000
1998,11,27,1,30,4.7,0,0,0,1.9000000000000001,0.0000,0.0000
1998,11,27,2,0,4.4,0,0,0,1.9000000000000001,0.0000,0.0000
1998,11,27,2,30,4.1000000000000005,0,0,0,1.9000000000000001,0.0000,0.0000
1998,11,27,3,0,3.8000000000000003,0,0,0,1.8,0.0000,0.0000
1998,11,27,3,30,3.7,0,0,0,1.8,0.0000,0.0000
1998,11,27,4,0,3.6,0,0,0,1.8,0.0000,0.0000
1998,11,27,4,30,3.5,0,0,0,1.8,0.0000,0.0000
1998,11,27,5,0,3.3000000000000003,0,0,0,1.8,0.0000,0.0000
1998,11,27,5,30,3.3000000000000003,0,0,0,1.8,0.0000,0.0000
1998,11,27,6,0,3.2,0,0,0,1.9000000000000001,0.0000,0.0000
1998,11,27,6,30,3.1,0,0,0,1.9000000000000001,0.0000,0.0000
1998,11,27,7,0,3.1,0,0,0,1.9000000000000001,0.0000,0.0000
1998,11,27,7,30,4.1000000000000005,0,0,0,2,0.0000,0.0000
1998,11,27,8,0,5,21,431,51,2.2,0.0000,0.0000
1998,11,27,8,30,6.6000000000000005,79,22,82,2.8000000000000003,0.0000,0.0000
1998,11,27,9,0,8.200000000000001,122,128,150,3.4000000000000004,7.2059,5.5142
1998,11,27,9,30,9.4,46,789,270,3.3000000000000003,13.3809,10.3094
1998,11,27,10,0,10.5,50,834,333,3.2,17.0185,13.1758
1998,11,27,10,30,11.8,53,867,387,3.1,20.2594,15.7347
1998,11,27,11,0,13.100000000000001,56,887,428,3.1,22.7899,17.7356
1998,11,27,11,30,14.3,58,897,454,3.1,24.4362,19.0393
1998,11,27,12,0,15.600000000000001,57,905,469,3.2,25.3757,19.7822
1998,11,27,12,30,16.5,57,905,468,3.3000000000000003,25.3216,19.7400
1998,11,27,13,0,17.400000000000002,57,899,454,3.5,24.4362,19.0393
1998,11,27,13,30,17.7,55,885,426,3.4000000000000004,22.6817,17.6512
1998,11,27,14,0,17.900000000000002,52,866,385,3.4000000000000004,20.1530,15.6520
1998,11,27,14,30,17.400000000000002,50,833,332,2.9000000000000004,16.9658,13.1349
1998,11,27,15,0,16.8,46,786,269,2.3000000000000003,13.3301,10.2701
1998,11,27,15,30,15,40,720,198,2.1,9.5106,7.2776
1998,11,27,16,0,13.200000000000001,33,611,123,1.9000000000000001,0.0000,0.0000
1998,11,27,16,30,11.8,21,429,51,2,0.0000,0.0000
1998,11,27,17,0,10.4,0,0,0,2.1,0.0000,0.0000
1998,11,27,17,30,10.200000000000001,0,0,0,2.3000000000000003,0.0000,0.0000
1998,11,27,18,0,9.9,0,0,0,2.4000000000000004,0.0000,0.0000
1998,11,27,18,30,9.600000000000001,0,0,0,2.5,0.0000,0.0000
1998,11,27,19,0,9.4,0,0,0,2.6,0.0000,0.0000
1998,11,27,19,30,9.1,0,0,0,2.7,0.0000,0.0000
1998,11,27,20,0,8.8,0,0,0,2.7,0.0000,0.0000
1998,11,27,20,30,8.5,0,0,0,2.8000000000000003,0.0000,0.0000
1998,11,27,21,0,8.200000000000001,0,0,0,2.8000000000000003,0.0000,0.0000
1998,11,27,21,30,7.800000000000001,0,0,0,2.7,0.0000,0.0000
1998,11,27,22,0,7.4,0,0,0,2.7,0.0000,0.0000
1998,11,27,22,30,7,0,0,0,2.6,0.0000,0.0000
1998,11,27,23,0,6.6000000000000005,0,0,0,2.5,0.0000,0.0000
1998,11,27,23,30,6.300000000000001,0,0,0,2.4000000000000004,0.0000,0.0000
1998,11,28,0,0,5.9,0,0,0,2.3000000000000003,0.0000,0.0000
1998,11,28,0,30,5.6000000000000005,0,0,0,2.2,0.0000,0.0000
1998,11,28,1,0,5.4,0,0,0,2.1,0.0000,0.0000
1998,11,28,1,30,5.2,0,0,0,2,0.0000,0.0000
1998,11,28,2,0,5.1000000000000005,0,0,0,2,0.0000,0.0000
1998,11,28,2,30,5,0,0,0,1.9000000000000001,0.0000,0.0000
1998,11,28,3,0,4.9,0,0,0,1.8,0.0000,0.0000
1998,11,28,3,30,4.800000000000001,0,0,0,1.8,0.0000,0.0000
1998,11,28,4,0,4.800000000000001,0,0,0,1.7000000000000002,0.0000,0.0000
1998,11,28,4,30,4.7,0,0,0,1.7000000000000002,0.0000,0.0000
1998,11,28,5,0,4.7,0,0,0,1.6,0.0000,0.0000
1998,11,28,5,30,4.6000000000000005,0,0,0,1.7000000000000002,0.0000,0.0000
1998,11,28,6,0,4.5,0,0,0,1.7000000000000002,0.0000,0.0000
1998,11,28,6,30,4.5,0,0,0,1.7000000000000002,0.0000,0.0000
1998,11,28,7,0,4.5,0,0,0,1.7000000000000002,0.0000,0.0000
1998,11,28,7,30,4.9,0,0,0,1.9000000000000001,0.0000,0.0000
1998,11,28,8,0,5.300000000000001,22,393,48,2.2,0.0000,0.0000
1998,11,28,8,30,5.9,35,582,119,2.5,0.0000,0.0000
1998,11,28,9,0,6.5,122,41,131,2.7,6.2859,4.8086
1998,11,28,9,30,7.4,125,5,126,2.8000000000000003,6.2335,4.8011
1998,11,28,10,0,8.200000000000001,128,21,135,2.9000000000000004,6.8876,5.3311
1998,11,28,10,30,9.4,127,15,132,3.1,6.8988,5.3570
1998,11,28,11,0,10.600000000000001,177,34,192,3.4000000000000004,10.2089,7.9435
1998,11,28,11,30,11.3,206,45,226,3.5,12.1481,9.4637
1998,11,28,12,0,11.9,183,20,192,3.7,10.3757,8.0876
1998,11,28,12,30,12.100000000000001,156,11,161,3.8000000000000003,8.7010,6.7823
1998,11,28,13,0,12.3,135,6,138,3.9000000000000004,7.4194,5.7801
1998,11,28,13,30,12.5,209,75,240,4.1000000000000005,12.7650,9.9327
1998,11,28,14,0,12.600000000000001,139,15,145,4.2,7.5814,5.8873
1998,11,28,14,30,12.700000000000001,98,6,99,4.1000000000000005,5.0536,3.9119
1998,11,28,15,0,12.700000000000001,129,31,138,4,6.8315,5.2624
1998,11,28,15,30,11.8,118,101,140,3.3000000000000003,6.7210,5.1421
1998,11,28,16,0,11,27,415,88,2.6,0.0000,0.0000
1998,11,28,16,30,10,24,1,24,2.6,0.0000,0.0000
1998,11,28,17,0,9.1,0,0,0,2.6,0.0000,0.0000
1998,11,28,17,30,9,0,0,0,2.8000000000000003,0.0000,0.0000
1998,11,28,18,0,8.9,0,0,0,3,0.0000,0.0000
1998,11,28,18,30,8.6,0,0,0,3.1,0.0000,0.0000
1998,11,28,19,0,8.3,0,0,0,3.1,0.0000,0.0000
1998,11,28,19,30,8.3,0,0,0,3.2,0.0000,0.0000
1998,11,28,20,0,8.3,0,0,0,3.2,0.0000,0.0000
1998,11,28,20,30,8.700000000000001,0,0,0,3.3000000000000003,0.0000,0.0000
1998,11,28,21,0,9,0,0,0,3.3000000000000003,0.0000,0.0000
1998,11,28,21,30,9.5,0,0,0,3.4000000000000004,0.0000,0.0000
1998,11,28,22,0,10,0,0,0,3.5,0.0000,0.0000
1998,11,28,22,30,10.200000000000001,0,0,0,3.4000000000000004,0.0000,0.0000
1998,11,28,23,0,10.3,0,0,0,3.2,0.0000,0.0000
1998,11,28,23,30,10.600000000000001,0,0,0,3.4000000000000004,0.0000,0.0000
1998,11,29,0,0,11,0,0,0,3.6,0.0000,0.0000
1998,11,29,0,30,11,0,0,0,3.3000000000000003,0.0000,0.0000
1998,11,29,1,0,11,0,0,0,3,0.0000,0.0000
1998,11,29,1,30,11,0,0,0,2.8000000000000003,0.0000,0.0000
1998,11,29,2,0,11,0,0,0,2.7,0.0000,0.0000
1998,11,29,2,30,11,0,0,0,2.8000000000000003,0.0000,0.0000
1998,11,29,3,0,11.100000000000001,0,0,0,2.9000000000000004,0.0000,0.0000
1998,11,29,3,30,11.200000000000001,0,0,0,2.9000000000000004,0.0000,0.0000
1998,11,29,4,0,11.3,0,0,0,3,0.0000,0.0000
1998,11,29,4,30,11.3,0,0,0,2.9000000000000004,0.0000,0.0000
1998,11,29,5,0,11.3,0,0,0,2.9000000000000004,0.0000,0.0000
1998,11,29,5,30,11.4,0,0,0,2.9000000000000004,0.0000,0.0000
1998,11,29,6,0,11.4,0,0,0,2.9000000000000004,0.0000,0.0000
1998,11,29,6,30,11.4,0,0,0,3.1,0.0000,0.0000
1998,11,29,7,0,11.5,0,0,0,3.2,0.0000,0.0000
1998,11,29,7,30,11.600000000000001,0,0,0,3.5,0.0000,0.0000
1998,11,29,8,0,11.8,19,0,19,3.9000000000000004,0.0000,0.0000
1998,11,29,8,30,12,38,1,38,4.2,0.0000,0.0000
1998,11,29,9,0,12.100000000000001,78,101,100,4.5,4.7933,3.6655
1998,11,29,9,30,12.100000000000001,141,213,200,4.6000000000000005,9.8771,7.6051
1998,11,29,10,0,12.200000000000001,175,153,226,4.7,11.5105,8.9071
1998,11,29,10,30,12.3,11,676,266,4.6000000000000005,13.8815,10.7770
1998,11,29,11,0,12.4,179,404,346,4.6000000000000005,18.3709,14.2920
1998,11,29,11,30,12.700000000000001,225,190,308,4.5,16.5347,12.8793
1998,11,29,12,0,13,232,169,308,4.4,16.6239,12.9562
1998,11,29,12,30,13.4,221,155,290,4.5,15.6545,12.2009
1998,11,29,13,0,13.9,210,242,316,4.6000000000000005,16.9702,13.2190
1998,11,29,13,30,14.200000000000001,210,123,261,4.4,13.8662,10.7882
1998,11,29,14,0,14.5,161,316,281,4.3,14.6764,11.3954
1998,11,29,14,30,14.200000000000001,66,737,313,3.8000000000000003,15.9603,12.3526
1998,11,29,15,0,14,89,1,89,3.4000000000000004,4.4014,3.3898
1998,11,29,15,30,13.200000000000001,51,409,139,3.1,6.6690,5.1015
1998,11,29,16,0,12.5,44,2,45,2.8000000000000003,0.0000,0.0000
1998,11,29,16,30,12,16,0,17,2.9000000000000004,0.0000,0.0000
1998,11,29,17,0,11.5,0,0,0,3,0.0000,0.0000
1998,11,29,17,30,11.4,0,0,0,3.2,0.0000,0.0000
1998,11,29,18,0,11.4,0,0,0,3.3000000000000003,0.0000,0.0000
1998,11,29,18,30,11.200000000000001,0,0,0,3.2,0.0000,0.0000
1998,11,29,19,0,10.9,0,0,0,3,0.0000,0.0000
1998,11,29,19,30,10.8,0,0,0,3,0.0000,0.0000
1998,11,29,20,0,10.700000000000001,0,0,0,3,0.0000,0.0000
1998,11,29,20,30,10.600000000000001,0,0,0,2.9000000000000004,0.0000,0.0000
1998,11,29,21,0,10.4,0,0,0,2.9000000000000004,0.0000,0.0000
1998,11,29,21,30,10.3,0,0,0,3,0.0000,0.0000
1998,11,29,22,0,10.200000000000001,0,0,0,3.2,0.0000,0.0000
1998,11,29,22,30,9.9,0,0,0,3.7,0.0000,0.0000
1998,11,29,23,0,9.600000000000001,0,0,0,4.1000000000000005,0.0000,0.0000
1998,11,29,23,30,9.1,0,0,0,4.6000000000000005,0.0000,0.0000
1998,11,30,0,0,8.6,0,0,0,5.1000000000000005,0.0000,0.0000
1998,11,30,0,30,7.800000000000001,0,0,0,5,0.0000,0.0000
1998,11,30,1,0,7,0,0,0,4.9,0.0000,0.0000
1998,11,30,1,30,6.5,0,0,0,4.800000000000001,0.0000,0.0000
1998,11,30,2,0,6,0,0,0,4.800000000000001,0.0000,0.0000
1998,11,30,2,30,5.5,0,0,0,4.7,0.0000,0.0000
1998,11,30,3,0,5.1000000000000005,0,0,0,4.7,0.0000,0.0000
1998,11,30,3,30,4.5,0,0,0,4.5,0.0000,0.0000
1998,11,30,4,0,4,0,0,0,4.2,0.0000,0.0000
1998,11,30,4,30,3.5,0,0,0,4.1000000000000005,0.0000,0.0000
1998,11,30,5,0,3,0,0,0,3.9000000000000004,0.0000,0.0000
1998,11,30,5,30,2.8000000000000003,0,0,0,4.2,0.0000,0.0000
1998,11,30,6,0,2.5,0,0,0,4.5,0.0000,0.0000
1998,11,30,6,30,2.3000000000000003,0,0,0,4.6000000000000005,0.0000,0.0000
1998,11,30,7,0,2.2,0,0,0,4.7,0.0000,0.0000
1998,11,30,7,30,2.2,0,0,0,4.800000000000001,0.0000,0.0000
1998,11,30,8,0,2.2,21,364,44,5,0.0000,0.0000
1998,11,30,8,30,2.9000000000000004,35,565,114,5.2,0.0000,0.0000
1998,11,30,9,0,3.5,43,696,190,5.5,9.0986,6.9555
1998,11,30,9,30,4.5,50,772,261,5.4,12.8684,9.9053
1998,11,30,10,0,5.6000000000000005,52,830,326,5.4,16.5749,12.8229
1998,11,30,10,30,6.5,56,864,380,5.2,19.7992,15.3683
1998,11,30,11,0,7.4,57,890,422,4.9,22.3754,17.4046
1998,11,30,11,30,8.200000000000001,58,904,450,4.7,24.1285,18.7918
1998,11,30,12,0,9,58,912,465,4.4,25.0701,19.5366
1998,11,30,12,30,9.700000000000001,58,912,465,4.2,25.0735,19.5396
1998,11,30,13,0,10.3,57,903,449,4,24.0870,18.7605
1998,11,30,13,30,10.700000000000001,55,889,422,3.8000000000000003,22.3976,17.4239
1998,11,30,14,0,11,53,869,381,3.6,19.8795,15.4334
1998,11,30,14,30,10.9,50,836,328,3,16.7085,12.9298
1998,11,30,15,0,10.9,45,790,265,2.5,13.0944,10.0833
1998,11,30,15,30,9.600000000000001,40,719,194,1.8,9.3036,7.1157
1998,11,30,16,0,8.3,31,613,119,1.1,0.0000,0.0000
1998,11,30,16,30,7.4,20,434,49,1.2000000000000002,0.0000,0.0000
1998,11,30,17,0,6.5,0,0,0,1.3,0.0000,0.0000
1998,11,30,17,30,5.9,0,0,0,1.4000000000000001,0.0000,0.0000
1998,11,30,18,0,5.4,0,0,0,1.4000000000000001,0.0000,0.0000
1998,11,30,18,30,5,0,0,0,1.6,0.0000,0.0000
1998,11,30,19,0,4.6000000000000005,0,0,0,1.7000000000000002,0.0000,0.0000
1998,11,30,19,30,4.6000000000000005,0,0,0,1.9000000000000001,0.0000,0.0000
1998,11,30,20,0,4.5,0,0,0,2.1,0.0000,0.0000
1998,11,30,20,30,4.5,0,0,0,2.3000000000000003,0.0000,0.0000
1998,11,30,21,0,4.6000000000000005,0,0,0,2.5,0.0000,0.0000
1998,11,30,21,30,4.5,0,0,0,2.6,0.0000,0.0000
1998,11,30,22,0,4.5,0,0,0,2.7,0.0000,0.0000
1998,11,30,22,30,4.5,0,0,0,2.8000000000000003,0.0000,0.0000
1998,11,30,23,0,4.4,0,0,0,2.9000000000000004,0.0000,0.0000
1998,11,30,23,30,4.4,0,0,0,3,0.0000,0.0000
1998,12,1,0,0,4.3,0,0,0,3.1,0.0000,0.0000
1998,12,1,0,30,4.2,0,0,0,3.2,0.0000,0.0000
1998,12,1,1,0,4.1000000000000005,0,0,0,3.3000000000000003,0.0000,0.0000
1998,12,1,1,30,4.1000000000000005,0,0,0,3.4000000000000004,0.0000,0.0000
1998,12,1,2,0,4,0,0,0,3.5,0.0000,0.0000
1998,12,1,2,30,4,0,0,0,3.7,0.0000,0.0000
1998,12,1,3,0,4,0,0,0,3.8000000000000003,0.0000,0.0000
1998,12,1,3,30,4.1000000000000005,0,0,0,3.9000000000000004,0.0000,0.0000
1998,12,1,4,0,4.2,0,0,0,4.1000000000000005,0.0000,0.0000
1998,12,1,4,30,4.2,0,0,0,4.2,0.0000,0.0000
1998,12,1,5,0,4.3,0,0,0,4.3,0.0000,0.0000
1998,12,1,5,30,4.4,0,0,0,4.4,0.0000,0.0000
1998,12,1,6,0,4.4,0,0,0,4.5,0.0000,0.0000
1998,12,1,6,30,4.5,0,0,0,4.6000000000000005,0.0000,0.0000
1998,12,1,7,0,4.6000000000000005,0,0,0,4.7,0.0000,0.0000
1998,12,1,7,30,5.1000000000000005,0,0,0,5,0.0000,0.0000
1998,12,1,8,0,5.6000000000000005,20,354,41,5.300000000000001,0.0000,0.0000
1998,12,1,8,30,6.7,33,553,108,5.6000000000000005,0.0000,0.0000
1998,12,1,9,0,7.800000000000001,42,671,181,5.9,8.6604,6.6186
1998,12,1,9,30,9.200000000000001,48,748,251,6,12.3551,9.5073
1998,12,1,10,0,10.600000000000001,52,803,314,6.1000000000000005,15.9400,12.3289
1998,12,1,10,30,12,121,636,358,6.4,18.6264,14.4553
1998,12,1,11,0,13.5,124,556,351,6.7,18.5865,14.4552
1998,12,1,11,30,15,135,518,359,7.5,19.2257,14.9714
1998,12,1,12,0,16.400000000000002,134,564,384,8.200000000000001,20.6800,16.1137
1998,12,1,12,30,17.2,210,346,364,8.3,19.6071,15.2780
1998,12,1,13,0,18,137,611,401,8.3,21.4904,16.7363
1998,12,1,13,30,18.3,125,613,377,8.1,19.9894,15.5486
1998,12,1,14,0,18.5,51,859,374,7.9,19.4948,15.1328
1998,12,1,14,30,18.3,49,827,322,7.4,16.3879,12.6801
1998,12,1,15,0,18.1,44,781,260,7,12.8367,9.8834
1998,12,1,15,30,17.2,39,709,190,6.5,9.1077,6.9649
1998,12,1,16,0,16.3,31,600,117,6,0.0000,0.0000
1998,12,1,16,30,15.200000000000001,20,414,47,5.7,0.0000,0.0000
1998,12,1,17,0,14.200000000000001,0,0,0,5.4,0.0000,0.0000
1998,12,1,17,30,13.600000000000001,0,0,0,5.2,0.0000,0.0000
1998,12,1,18,0,13,0,0,0,5.1000000000000005,0.0000,0.0000
1998,12,1,18,30,12.5,0,0,0,5,0.0000,0.0000
1998,12,1,19,0,12,0,0,0,4.9,0.0000,0.0000
1998,12,1,19,30,11.600000000000001,0,0,0,4.9,0.0000,0.0000
1998,12,1,20,0,11.200000000000001,0,0,0,4.9,0.0000,0.0000
1998,12,1,20,30,10.8,0,0,0,4.9,0.0000,0.0000
1998,12,1,21,0,10.5,0,0,0,4.9,0.0000,0.0000
1998,12,1,21,30,10.100000000000001,0,0,0,4.800000000000001,0.0000,0.0000
1998,12,1,22,0,9.8,0,0,0,4.7,0.0000,0.0000
1998,12,1,22,30,9.4,0,0,0,4.4,0.0000,0.0000
1998,12,1,23,0,9,0,0,0,4.2,0.0000,0.0000
1998,12,1,23,30,8.700000000000001,0,0,0,4.2,0.0000,0.0000
1998,12,2,0,0,8.4,0,0,0,4.1000000000000005,0.0000,0.0000
1998,12,2,0,30,8.200000000000001,0,0,0,4.2,0.0000,0.0000
1998,12,2,1,0,8,0,0,0,4.2,0.0000,0.0000
1998,12,2,1,30,7.6000000000000005,0,0,0,4,0.0000,0.0000
1998,12,2,2,0,7.300000000000001,0,0,0,3.9000000000000004,0.0000,0.0000
1998,12,2,2,30,6.9,0,0,0,3.7,0.0000,0.0000
1998,12,2,3,0,6.6000000000000005,0,0,0,3.5,0.0000,0.0000
1998,12,2,3,30,6.2,0,0,0,3.3000000000000003,0.0000,0.0000
1998,12,2,4,0,5.800000000000001,0,0,0,3.1,0.0000,0.0000
1998,12,2,4,30,5.5,0,0,0,2.9000000000000004,0.0000,0.0000
1998,12,2,5,0,5.2,0,0,0,2.7,0.0000,0.0000
1998,12,2,5,30,5.1000000000000005,0,0,0,2.6,0.0000,0.0000
1998,12,2,6,0,5,0,0,0,2.6,0.0000,0.0000
1998,12,2,6,30,5.1000000000000005,0,0,0,2.6,0.0000,0.0000
1998,12,2,7,0,5.1000000000000005,0,0,0,2.6,0.0000,0.0000
1998,12,2,7,30,5.4,0,0,0,2.6,0.0000,0.0000
1998,12,2,8,0,5.6000000000000005,19,367,39,2.6,0.0000,0.0000
1998,12,2,8,30,6.2,31,569,107,2.6,0.0000,0.0000
1998,12,2,9,0,6.7,40,686,180,2.6,8.6056,6.5746
1998,12,2,9,30,7.800000000000001,146,160,189,2.6,9.2890,7.1458
1998,12,2,10,0,8.8,188,100,221,2.6,11.2004,8.6609
1998,12,2,10,30,10.100000000000001,192,227,276,2.6,14.3394,11.1263
1998,12,2,11,0,11.3,187,344,326,2.6,17.2399,13.4059
1998,12,2,11,30,12.4,221,204,308,2.7,16.4753,12.8280
1998,12,2,12,0,13.4,153,520,382,2.8000000000000003,20.5493,16.0099
1998,12,2,12,30,14.100000000000001,237,260,352,2.8000000000000003,18.9422,14.7583
1998,12,2,13,0,14.8,216,185,296,2.9000000000000004,15.8484,12.3411
1998,12,2,13,30,15.200000000000001,137,415,306,2.8000000000000003,16.2098,12.6074
1998,12,2,14,0,15.5,201,142,255,2.8000000000000003,13.2808,10.3081
1998,12,2,14,30,15.200000000000001,24,659,241,2.6,12.2543,9.4805
1998,12,2,15,0,14.9,129,185,180,2.3000000000000003,8.8796,6.8357
1998,12,2,15,30,13.3,114,123,140,1.8,6.7084,5.1294
1998,12,2,16,0,11.700000000000001,65,308,108,1.4000000000000001,0.0000,0.0000
1998,12,2,16,30,10.3,19,421,47,1.6,0.0000,0.0000
1998,12,2,17,0,9,0,0,0,1.7000000000000002,0.0000,0.0000
1998,12,2,17,30,8.700000000000001,0,0,0,1.9000000000000001,0.0000,0.0000
1998,12,2,18,0,8.5,0,0,0,2.1,0.0000,0.0000
1998,12,2,18,30,8.3,0,0,0,2.3000000000000003,0.0000,0.0000
1998,12,2,19,0,8.200000000000001,0,0,0,2.6,0.0000,0.0000
1998,12,2,19,30,8,0,0,0,2.8000000000000003,0.0000,0.0000
1998,12,2,20,0,7.9,0,0,0,3,0.0000,0.0000
1998,12,2,20,30,7.7,0,0,0,3.2,0.0000,0.0000
1998,12,2,21,0,7.5,0,0,0,3.3000000000000003,0.0000,0.0000
1998,12,2,21,30,7.300000000000001,0,0,0,3.3000000000000003,0.0000,0.0000
1998,12,2,22,0,7.1000000000000005,0,0,0,3.4000000000000004,0.0000,0.0000
1998,12,2,22,30,7,0,0,0,3.3000000000000003,0.0000,0.0000
1998,12,2,23,0,6.800000000000001,0,0,0,3.3000000000000003,0.0000,0.0000
1998,12,2,23,30,6.800000000000001,0,0,0,3.3000000000000003,0.0000,0.0000
1998,12,3,0,0,6.7,0,0,0,3.3000000000000003,0.0000,0.0000
1998,12,3,0,30,6.5,0,0,0,3.2,0.0000,0.0000
1998,12,3,1,0,6.4,0,0,0,3,0.0000,0.0000
1998,12,3,1,30,6.2,0,0,0,3,0.0000,0.0000
1998,12,3,2,0,6.1000000000000005,0,0,0,2.9000000000000004,0.0000,0.0000
1998,12,3,2,30,5.9,0,0,0,2.8000000000000003,0.0000,0.0000
1998,12,3,3,0,5.800000000000001,0,0,0,2.7,0.0000,0.0000
1998,12,3,3,30,5.6000000000000005,0,0,0,2.7,0.0000,0.0000
1998,12,3,4,0,5.4,0,0,0,2.6,0.0000,0.0000
1998,12,3,4,30,5.1000000000000005,0,0,0,2.5,0.0000,0.0000
1998,12,3,5,0,4.9,0,0,0,2.3000000000000003,0.0000,0.0000
1998,12,3,5,30,4.7,0,0,0,2.2,0.0000,0.0000
1998,12,3,6,0,4.5,0,0,0,2.1,0.0000,0.0000
1998,12,3,6,30,4.4,0,0,0,2,0.0000,0.0000
1998,12,3,7,0,4.3,0,0,0,1.9000000000000001,0.0000,0.0000
1998,12,3,7,30,4.7,0,0,0,1.9000000000000001,0.0000,0.0000
1998,12,3,8,0,5.1000000000000005,17,385,37,1.9000000000000001,0.0000,0.0000
1998,12,3,8,30,6.2,29,587,105,2.3000000000000003,0.0000,0.0000
1998,12,3,9,0,7.300000000000001,36,706,178,2.7,8.5041,6.4952
1998,12,3,9,30,8.4,97,454,218,2.5,10.6980,8.2272
1998,12,3,10,0,9.600000000000001,45,830,311,2.2,15.7370,12.1660
1998,12,3,10,30,10.9,47,864,364,2.2,18.8840,14.6498
1998,12,3,11,0,12.3,50,881,404,2.1,21.3382,16.5903
1998,12,3,11,30,13.3,51,895,433,2.1,23.1347,18.0108
1998,12,3,12,0,14.3,53,901,449,2,24.1281,18.7960
1998,12,3,12,30,14.8,151,542,390,2,20.9664,16.3338
1998,12,3,13,0,15.4,53,890,435,2,23.2687,18.1175
1998,12,3,13,30,15.600000000000001,168,551,392,1.9000000000000001,20.7463,16.1340
1998,12,3,14,0,15.8,50,855,369,1.9000000000000001,19.2003,14.9009
1998,12,3,14,30,15.5,187,104,221,1.5,11.2281,8.6855
1998,12,3,15,0,15.200000000000001,44,771,255,1.2000000000000002,12.5714,9.6765
1998,12,3,15,30,14.100000000000001,38,700,186,1,8.9093,6.8115
1998,12,3,16,0,13.100000000000001,31,586,113,0.9,0.0000,0.0000
1998,12,3,16,30,12.5,19,400,45,0.9,0.0000,0.0000
1998,12,3,17,0,12,0,0,0,0.9,0.0000,0.0000
1998,12,3,17,30,11.8,0,0,0,0.8,0.0000,0.0000
1998,12,3,18,0,11.5,0,0,0,0.7000000000000001,0.0000,0.0000
1998,12,3,18,30,11.4,0,0,0,0.6000000000000001,0.0000,0.0000
1998,12,3,19,0,11.3,0,0,0,0.6000000000000001,0.0000,0.0000
1998,12,3,19,30,11,0,0,0,0.5,0.0000,0.0000
1998,12,3,20,0,10.700000000000001,0,0,0,0.5,0.0000,0.0000
1998,12,3,20,30,10.3,0,0,0,0.5,0.0000,0.0000
1998,12,3,21,0,10,0,0,0,0.5,0.0000,0.0000
1998,12,3,21,30,9.700000000000001,0,0,0,0.5,0.0000,0.0000
1998,12,3,22,0,9.5,0,0,0,0.5,0.0000,0.0000
1998,12,3,22,30,9.1,0,0,0,0.5,0.0000,0.0000
1998,12,3,23,0,8.8,0,0,0,0.6000000000000001,0.0000,0.0000
1998,12,3,23,30,8.4,0,0,0,0.7000000000000001,0.0000,0.0000
1998,12,4,0,0,8,0,0,0,0.8,0.0000,0.0000
1998,12,4,0,30,7.5,0,0,0,0.8,0.0000,0.0000
1998,12,4,1,0,7.1000000000000005,0,0,0,0.9,0.0000,0.0000
1998,12,4,1,30,6.800000000000001,0,0,0,0.9,0.0000,0.0000
1998,12,4,2,0,6.5,0,0,0,0.9,0.0000,0.0000
1998,12,4,2,30,6.2,0,0,0,0.9,0.0000,0.0000
1998,12,4,3,0,5.800000000000001,0,0,0,1,0.0000,0.0000
1998,12,4,3,30,5.6000000000000005,0,0,0,1,0.0000,0.0000
1998,12,4,4,0,5.300000000000001,0,0,0,1,0.0000,0.0000
1998,12,4,4,30,5.2,0,0,0,1,0.0000,0.0000
1998,12,4,5,0,5.1000000000000005,0,0,0,0.9,0.0000,0.0000
1998,12,4,5,30,5.2,0,0,0,0.9,0.0000,0.0000
1998,12,4,6,0,5.300000000000001,0,0,0,0.8,0.0000,0.0000
1998,12,4,6,30,5.4,0,0,0,0.8,0.0000,0.0000
1998,12,4,7,0,5.6000000000000005,0,0,0,0.7000000000000001,0.0000,0.0000
1998,12,4,7,30,6.1000000000000005,0,0,0,0.8,0.0000,0.0000
1998,12,4,8,0,6.6000000000000005,20,228,31,0.9,0.0000,0.0000
1998,12,4,8,30,7.4,37,436,92,1.2000000000000002,0.0000,0.0000
1998,12,4,9,0,8.200000000000001,49,563,161,1.5,7.6875,5.8700
1998,12,4,9,30,8.9,50,0,50,1.6,2.4500,1.8836
1998,12,4,10,0,9.600000000000001,35,0,35,1.7000000000000002,1.7684,1.3668
1998,12,4,10,30,10.600000000000001,72,0,72,1.9000000000000001,3.7302,2.8933
1998,12,4,11,0,11.5,71,0,72,2.1,3.7981,2.9525
1998,12,4,11,30,12.600000000000001,101,0,101,2.5,5.3904,4.1960
1998,12,4,12,0,13.600000000000001,106,0,106,2.8000000000000003,5.6905,4.4325
1998,12,4,12,30,14.4,100,0,101,3,5.4248,4.2257
1998,12,4,13,0,15.100000000000001,55,0,55,3.3000000000000003,2.9395,2.2885
1998,12,4,13,30,15.5,66,0,66,3.3000000000000003,3.4900,2.7138
1998,12,4,14,0,15.9,37,0,37,3.3000000000000003,1.9238,1.4928
1998,12,4,14,30,15.9,22,0,22,2.9000000000000004,1.1169,0.8639
1998,12,4,15,0,15.8,63,627,234,2.5,11.5288,8.8729
1998,12,4,15,30,14.8,64,1,65,2,3.1127,2.3795
1998,12,4,16,0,13.8,39,0,39,1.6,0.0000,0.0000
1998,12,4,16,30,13.200000000000001,9,0,9,1.8,0.0000,0.0000
1998,12,4,17,0,12.5,0,0,0,2,0.0000,0.0000
1998,12,4,17,30,12.600000000000001,0,0,0,2.4000000000000004,0.0000,0.0000
1998,12,4,18,0,12.700000000000001,0,0,0,2.8000000000000003,0.0000,0.0000
1998,12,4,18,30,12.700000000000001,0,0,0,3.1,0.0000,0.0000
1998,12,4,19,0,12.600000000000001,0,0,0,3.4000000000000004,0.0000,0.0000
1998,12,4,19,30,12.3,0,0,0,3.6,0.0000,0.0000
1998,12,4,20,0,12.100000000000001,0,0,0,3.7,0.0000,0.0000
1998,12,4,20,30,11.9,0,0,0,3.9000000000000004,0.0000,0.0000
1998,12,4,21,0,11.700000000000001,0,0,0,4,0.0000,0.0000
1998,12,4,21,30,11.600000000000001,0,0,0,4.1000000000000005,0.0000,0.0000
1998,12,4,22,0,11.4,0,0,0,4.1000000000000005,0.0000,0.0000
1998,12,4,22,30,11.3,0,0,0,4,0.0000,0.0000
1998,12,4,23,0,11.200000000000001,0,0,0,4,0.0000,0.0000
1998,12,4,23,30,11.200000000000001,0,0,0,3.9000000000000004,0.0000,0.0000
1998,12,5,0,0,11.200000000000001,0,0,0,3.9000000000000004,0.0000,0.0000
1998,12,5,0,30,11.100000000000001,0,0,0,3.7,0.0000,0.0000
1998,12,5,1,0,10.9,0,0,0,3.5,0.0000,0.0000
1998,12,5,1,30,10.5,0,0,0,3.1,0.0000,0.0000
1998,12,5,2,0,10.100000000000001,0,0,0,2.7,0.0000,0.0000
1998,12,5,2,30,9.700000000000001,0,0,0,2.4000000000000004,0.0000,0.0000
1998,12,5,3,0,9.3,0,0,0,2.1,0.0000,0.0000
1998,12,5,3,30,8.9,0,0,0,1.9000000000000001,0.0000,0.0000
1998,12,5,4,0,8.6,0,0,0,1.7000000000000002,0.0000,0.0000
1998,12,5,4,30,8.3,0,0,0,1.5,0.0000,0.0000
1998,12,5,5,0,8,0,0,0,1.3,0.0000,0.0000
1998,12,5,5,30,8,0,0,0,1.2000000000000002,0.0000,0.0000
1998,12,5,6,0,7.9,0,0,0,1.1,0.0000,0.0000
1998,12,5,6,30,7.9,0,0,0,1.4000000000000001,0.0000,0.0000
1998,12,5,7,0,7.9,0,0,0,1.7000000000000002,0.0000,0.0000
1998,12,5,7,30,8.1,0,0,0,2.4000000000000004,0.0000,0.0000
1998,12,5,8,0,8.200000000000001,15,0,15,3.1,0.0000,0.0000
1998,12,5,8,30,8.4,45,4,46,3.9000000000000004,0.0000,0.0000
1998,12,5,9,0,8.5,19,0,19,4.7,0.9068,0.6922
1998,12,5,9,30,8.4,50,0,50,5.4,2.4465,1.8804
1998,12,5,10,0,8.3,82,0,82,6.1000000000000005,4.1371,3.1968
1998,12,5,10,30,8.1,114,1,114,6.4,5.8985,4.5744
1998,12,5,11,0,8,107,0,107,6.6000000000000005,5.6381,4.3824
1998,12,5,11,30,7.9,133,0,134,6.5,7.1442,5.5606
1998,12,5,12,0,7.800000000000001,99,0,99,6.4,5.3098,4.1355
1998,12,5,12,30,7.7,101,0,102,6.2,5.4734,4.2632
1998,12,5,13,0,7.6000000000000005,114,0,114,6,6.0878,4.7392
1998,12,5,13,30,7.4,149,1,150,5.9,7.9263,6.1630
1998,12,5,14,0,7.2,117,1,117,5.7,6.0786,4.7166
1998,12,5,14,30,6.800000000000001,128,2,128,5.5,6.4943,5.0226
1998,12,5,15,0,6.4,44,0,44,5.300000000000001,2.1666,1.6673
1998,12,5,15,30,5.9,31,0,31,5.1000000000000005,1.4841,1.1345
1998,12,5,16,0,5.4,20,0,20,4.9,0.0000,0.0000
1998,12,5,16,30,5,26,208,39,4.9,0.0000,0.0000
1998,12,5,17,0,4.6000000000000005,0,0,0,4.800000000000001,0.0000,0.0000
1998,12,5,17,30,4.2,0,0,0,4.9,0.0000,0.0000
1998,12,5,18,0,3.9000000000000004,0,0,0,5,0.0000,0.0000
1998,12,5,18,30,3.5,0,0,0,4.9,0.0000,0.0000
1998,12,5,19,0,3.1,0,0,0,4.7,0.0000,0.0000
1998,12,5,19,30,2.5,0,0,0,4.5,0.0000,0.0000
1998,12,5,20,0,1.9000000000000001,0,0,0,4.2,0.0000,0.0000
1998,12,5,20,30,1.4000000000000001,0,0,0,3.9000000000000004,0.0000,0.0000
1998,12,5,21,0,0.8,0,0,0,3.5,0.0000,0.0000
1998,12,5,21,30,0.30000000000000004,0,0,0,3.1,0.0000,0.0000
1998,12,5,22,0,-0.2,0,0,0,2.8000000000000003,0.0000,0.0000
1998,12,5,22,30,-0.6000000000000001,0,0,0,2.6,0.0000,0.0000
1998,12,5,23,0,-1,0,0,0,2.4000000000000004,0.0000,0.0000
1998,12,5,23,30,-1.1,0,0,0,2.6,0.0000,0.0000
1998,12,6,0,0,-1.3,0,0,0,2.7,0.0000,0.0000
1998,12,6,0,30,-1.5,0,0,0,2.5,0.0000,0.0000
1998,12,6,1,0,-1.8,0,0,0,2.3000000000000003,0.0000,0.0000
1998,12,6,1,30,-2.1,0,0,0,2.2,0.0000,0.0000
1998,12,6,2,0,-2.3000000000000003,0,0,0,2,0.0000,0.0000
1998,12,6,2,30,-2.5,0,0,0,1.9000000000000001,0.0000,0.0000
1998,12,6,3,0,-2.8000000000000003,0,0,0,1.8,0.0000,0.0000
1998,12,6,3,30,-2.9000000000000004,0,0,0,1.7000000000000002,0.0000,0.0000
1998,12,6,4,0,-3.1,0,0,0,1.7000000000000002,0.0000,0.0000
1998,12,6,4,30,-2.8000000000000003,0,0,0,1.9000000000000001,0.0000,0.0000
1998,12,6,5,0,-2.6,0,0,0,2.1,0.0000,0.0000
1998,12,6,5,30,-2.6,0,0,0,2.3000000000000003,0.0000,0.0000
1998,12,6,6,0,-2.5,0,0,0,2.6,0.0000,0.0000
1998,12,6,6,30,-2.4000000000000004,0,0,0,2.6,0.0000,0.0000
1998,12,6,7,0,-2.2,0,0,0,2.6,0.0000,0.0000
1998,12,6,7,30,-1.9000000000000001,0,0,0,2.6,0.0000,0.0000
1998,12,6,8,0,-1.7000000000000002,9,0,9,2.6,0.0000,0.0000
1998,12,6,8,30,-1.4000000000000001,25,0,25,2.5,0.0000,0.0000
1998,12,6,9,0,-1.1,72,6,73,2.5,3.4825,2.6578
1998,12,6,9,30,-0.6000000000000001,24,0,24,2.5,1.1728,0.9012
1998,12,6,10,0,-0.1,102,7,104,2.5,5.2397,4.0480
1998,12,6,10,30,0.5,88,2,89,3.2,4.5990,3.5660
1998,12,6,11,0,1.1,76,1,76,4,3.9999,3.1086
1998,12,6,11,30,1.4000000000000001,170,15,176,3.9000000000000004,9.3743,7.2956
1998,12,6,12,0,1.7000000000000002,58,0,58,3.8000000000000003,3.1079,2.4203
1998,12,6,12,30,2,216,47,237,3.6,12.7077,9.8970
1998,12,6,13,0,2.3000000000000003,185,363,339,3.4000000000000004,18.0898,14.0813
1998,12,6,13,30,2.5,235,50,255,3.4000000000000004,13.4642,10.4680
1998,12,6,14,0,2.6,186,298,295,3.4000000000000004,15.3174,11.8842
1998,12,6,14,30,2.6,166,259,250,3.2,12.6759,9.8025
1998,12,6,15,0,2.5,145,63,162,3,7.9728,6.1348
1998,12,6,15,30,1.8,91,140,120,2.3000000000000003,5.7439,4.3903
1998,12,6,16,0,1.2000000000000002,45,3,45,1.5,0.0000,0.0000
1998,12,6,16,30,0.6000000000000001,21,0,21,1.4000000000000001,0.0000,0.0000
1998,12,6,17,0,-0.1,0,0,0,1.2000000000000002,0.0000,0.0000
1998,12,6,17,30,-0.30000000000000004,0,0,0,1.2000000000000002,0.0000,0.0000
1998,12,6,18,0,-0.5,0,0,0,1.1,0.0000,0.0000
1998,12,6,18,30,-0.7000000000000001,0,0,0,1.1,0.0000,0.0000
1998,12,6,19,0,-1,0,0,0,1.1,0.0000,0.0000
1998,12,6,19,30,-1.2000000000000002,0,0,0,1.1,0.0000,0.0000
1998,12,6,20,0,-1.5,0,0,0,1.1,0.0000,0.0000
1998,12,6,20,30,-2,0,0,0,1.1,0.0000,0.0000
1998,12,6,21,0,-2.5,0,0,0,1.2000000000000002,0.0000,0.0000
1998,12,6,21,30,-2.8000000000000003,0,0,0,1.2000000000000002,0.0000,0.0000
1998,12,6,22,0,-3.2,0,0,0,1.2000000000000002,0.0000,0.0000
1998,12,6,22,30,-3.2,0,0,0,1.1,0.0000,0.0000
1998,12,6,23,0,-3.2,0,0,0,1.1,0.0000,0.0000
1998,12,6,23,30,-3.2,0,0,0,1.1,0.0000,0.0000
1998,12,7,0,0,-3.2,0,0,0,1,0.0000,0.0000
1998,12,7,0,30,-3.2,0,0,0,1,0.0000,0.0000
1998,12,7,1,0,-3.2,0,0,0,0.9,0.0000,0.0000
1998,12,7,1,30,-3.1,0,0,0,0.9,0.0000,0.0000
1998,12,7,2,0,-3.1,0,0,0,0.8,0.0000,0.0000
1998,12,7,2,30,-3.1,0,0,0,0.7000000000000001,0.0000,0.0000
1998,12,7,3,0,-3.2,0,0,0,0.7000000000000001,0.0000,0.0000
1998,12,7,3,30,-3.2,0,0,0,0.7000000000000001,0.0000,0.0000
1998,12,7,4,0,-3.2,0,0,0,0.7000000000000001,0.0000,0.0000
1998,12,7,4,30,-3.2,0,0,0,0.7000000000000001,0.0000,0.0000
1998,12,7,5,0,-3.2,0,0,0,0.6000000000000001,0.0000,0.0000
1998,12,7,5,30,-3.1,0,0,0,0.6000000000000001,0.0000,0.0000
1998,12,7,6,0,-3.1,0,0,0,0.6000000000000001,0.0000,0.0000
1998,12,7,6,30,-3,0,0,0,0.6000000000000001,0.0000,0.0000
1998,12,7,7,0,-3,0,0,0,0.7000000000000001,0.0000,0.0000
1998,12,7,7,30,-2.6,0,0,0,0.8,0.0000,0.0000
1998,12,7,8,0,-2.2,12,0,12,1,0.0000,0.0000
1998,12,7,8,30,-1.7000000000000002,47,5,47,1.3,0.0000,0.0000
1998,12,7,9,0,-1.2000000000000002,91,13,93,1.5,4.4351,3.3841
1998,12,7,9,30,-0.5,143,114,172,1.5,8.3948,6.4489
1998,12,7,10,0,0.2,81,411,209,1.4000000000000001,10.5161,8.1228
1998,12,7,10,30,1.1,200,154,255,1.7000000000000002,13.1609,10.2031
1998,12,7,11,0,1.9000000000000001,184,392,338,2,17.7704,13.8089
1998,12,7,11,30,2.4000000000000004,233,266,344,2.1,18.3047,14.2441
1998,12,7,12,0,2.8000000000000003,72,885,453,2.3000000000000003,24.2527,18.8854
1998,12,7,12,30,3.3000000000000003,72,878,451,2.3000000000000003,24.1630,18.8171
1998,12,7,13,0,3.7,70,875,439,2.3000000000000003,23.4087,18.2200
1998,12,7,13,30,3.9000000000000004,68,861,412,2.2,21.7402,16.9011
1998,12,7,14,0,4.2,64,842,373,2.2,19.3542,15.0150
1998,12,7,14,30,3.9000000000000004,60,806,321,1.7000000000000002,16.2669,12.5785
1998,12,7,15,0,3.7,53,760,259,1.3,12.7408,9.8029
1998,12,7,15,30,2.6,46,682,188,1.1,8.9970,6.8763
1998,12,7,16,0,1.6,36,567,114,0.8,0.0000,0.0000
1998,12,7,16,30,1,21,367,44,0.9,0.0000,0.0000
1998,12,7,17,0,0.30000000000000004,0,0,0,1,0.0000,0.0000
1998,12,7,17,30,-0.2,0,0,0,1.1,0.0000,0.0000
1998,12,7,18,0,-0.8,0,0,0,1.3,0.0000,0.0000
1998,12,7,18,30,-1.4000000000000001,0,0,0,1.3,0.0000,0.0000
1998,12,7,19,0,-2.1,0,0,0,1.4000000000000001,0.0000,0.0000
1998,12,7,19,30,-2.4000000000000004,0,0,0,1.5,0.0000,0.0000
1998,12,7,20,0,-2.8000000000000003,0,0,0,1.6,0.0000,0.0000
1998,12,7,20,30,-2.9000000000000004,0,0,0,1.7000000000000002,0.0000,0.0000
1998,12,7,21,0,-3,0,0,0,1.8,0.0000,0.0000
1998,12,7,21,30,-3,0,0,0,1.9000000000000001,0.0000,0.0000
1998,12,7,22,0,-3.1,0,0,0,2,0.0000,0.0000
1998,12,7,22,30,-3.1,0,0,0,2.1,0.0000,0.0000
1998,12,7,23,0,-3.2,0,0,0,2.2,0.0000,0.0000
1998,12,7,23,30,-3.2,0,0,0,2.3000000000000003,0.0000,0.0000
1998,12,8,0,0,-3.3000000000000003,0,0,0,2.3000000000000003,0.0000,0.0000
1998,12,8,0,30,-3.4000000000000004,0,0,0,2.3000000000000003,0.0000,0.0000
1998,12,8,1,0,-3.5,0,0,0,2.3000000000000003,0.0000,0.0000
1998,12,8,1,30,-3.6,0,0,0,2.3000000000000003,0.0000,0.0000
1998,12,8,2,0,-3.7,0,0,0,2.3000000000000003,0.0000,0.0000
1998,12,8,2,30,-3.7,0,0,0,2.3000000000000003,0.0000,0.0000
1998,12,8,3,0,-3.8000000000000003,0,0,0,2.3000000000000003,0.0000,0.0000
1998,12,8,3,30,-3.9000000000000004,0,0,0,2.2,0.0000,0.0000
1998,12,8,4,0,-4,0,0,0,2.2,0.0000,0.0000
1998,12,8,4,30,-4,0,0,0,2.2,0.0000,0.0000
1998,12,8,5,0,-4.1000000000000005,0,0,0,2.2,0.0000,0.0000
1998,12,8,5,30,-4.1000000000000005,0,0,0,2.3000000000000003,0.0000,0.0000
1998,12,8,6,0,-4.1000000000000005,0,0,0,2.4000000000000004,0.0000,0.0000
1998,12,8,6,30,-4.1000000000000005,0,0,0,2.6,0.0000,0.0000
1998,12,8,7,0,-4,0,0,0,2.7,0.0000,0.0000
1998,12,8,7,30,-3.5,0,0,0,3.1,0.0000,0.0000
1998,12,8,8,0,-3,16,341,30,3.6,0.0000,0.0000
1998,12,8,8,30,-2,30,577,97,3.8000000000000003,0.0000,0.0000
1998,12,8,9,0,-1.1,38,718,173,4,8.2482,6.2923
1998,12,8,9,30,0.2,147,118,177,3.8000000000000003,8.6278,6.6260
1998,12,8,10,0,1.4000000000000001,47,858,312,3.6,15.6783,12.1076
1998,12,8,10,30,2.9000000000000004,51,894,368,3.8000000000000003,18.9699,14.7040
1998,12,8,11,0,4.4,53,907,408,4,21.4282,16.6492
1998,12,8,11,30,5.6000000000000005,55,922,438,4.5,23.2838,18.1166
1998,12,8,12,0,6.800000000000001,56,929,455,5,24.3403,18.9520
1998,12,8,12,30,7.2,57,930,457,5,24.4668,19.0522
1998,12,8,13,0,7.7,57,921,445,5,23.7128,18.4553
1998,12,8,13,30,7.7,56,908,418,4.7,22.0429,17.1351
1998,12,8,14,0,7.7,54,884,378,4.3,19.6036,15.2074
1998,12,8,14,30,6.800000000000001,51,851,326,3.3000000000000003,16.5127,12.7677
1998,12,8,15,0,5.800000000000001,48,800,263,2.3000000000000003,12.9329,9.9500
1998,12,8,15,30,3.8000000000000003,41,727,192,2.1,9.1871,7.0213
1998,12,8,16,0,1.8,33,609,117,1.9000000000000001,0.0000,0.0000
1998,12,8,16,30,0.8,20,412,46,1.9000000000000001,0.0000,0.0000
1998,12,8,17,0,-0.30000000000000004,0,0,0,2,0.0000,0.0000
1998,12,8,17,30,-0.4,0,0,0,2.1,0.0000,0.0000
1998,12,8,18,0,-0.5,0,0,0,2.2,0.0000,0.0000
1998,12,8,18,30,-0.6000000000000001,0,0,0,2.3000000000000003,0.0000,0.0000
1998,12,8,19,0,-0.8,0,0,0,2.3000000000000003,0.0000,0.0000
1998,12,8,19,30,-0.9,0,0,0,2.4000000000000004,0.0000,0.0000
1998,12,8,20,0,-1.1,0,0,0,2.4000000000000004,0.0000,0.0000
1998,12,8,20,30,-1.1,0,0,0,2.4000000000000004,0.0000,0.0000
1998,12,8,21,0,-1.2000000000000002,0,0,0,2.5,0.0000,0.0000
1998,12,8,21,30,-1.3,0,0,0,2.5,0.0000,0.0000
1998,12,8,22,0,-1.5,0,0,0,2.5,0.0000,0.0000
1998,12,8,22,30,-1.7000000000000002,0,0,0,2.5,0.0000,0.0000
1998,12,8,23,0,-1.9000000000000001,0,0,0,2.5,0.0000,0.0000
1998,12,8,23,30,-2.1,0,0,0,2.5,0.0000,0.0000
1998,12,9,0,0,-2.3000000000000003,0,0,0,2.5,0.0000,0.0000
1998,12,9,0,30,-2.5,0,0,0,2.3000000000000003,0.0000,0.0000
1998,12,9,1,0,-2.7,0,0,0,2.2,0.0000,0.0000
1998,12,9,1,30,-2.9000000000000004,0,0,0,2.1,0.0000,0.0000
1998,12,9,2,0,-3.1,0,0,0,1.9000000000000001,0.0000,0.0000
1998,12,9,2,30,-3.2,0,0,0,1.8,0.0000,0.0000
1998,12,9,3,0,-3.3000000000000003,0,0,0,1.6,0.0000,0.0000
1998,12,9,3,30,-3.3000000000000003,0,0,0,1.5,0.0000,0.0000
1998,12,9,4,0,-3.4000000000000004,0,0,0,1.4000000000000001,0.0000,0.0000
1998,12,9,4,30,-3.4000000000000004,0,0,0,1.3,0.0000,0.0000
1998,12,9,5,0,-3.4000000000000004,0,0,0,1.2000000000000002,0.0000,0.0000
1998,12,9,5,30,-3.3000000000000003,0,0,0,1.2000000000000002,0.0000,0.0000
1998,12,9,6,0,-3.3000000000000003,0,0,0,1.2000000000000002,0.0000,0.0000
1998,12,9,6,30,-3.3000000000000003,0,0,0,1.2000000000000002,0.0000,0.0000
1998,12,9,7,0,-3.3000000000000003,0,0,0,1.2000000000000002,0.0000,0.0000
1998,12,9,7,30,-2.7,0,0,0,1.4000000000000001,0.0000,0.0000
1998,12,9,8,0,-2.1,6,0,6,1.5,0.0000,0.0000
1998,12,9,8,30,-1,49,1,49,2.1,0.0000,0.0000
1998,12,9,9,0,0.2,108,77,122,2.7,5.8156,4.4357
1998,12,9,9,30,1.1,145,120,175,2.6,8.5209,6.5424
1998,12,9,10,0,2,144,313,240,2.4000000000000004,12.0445,9.2995
1998,12,9,10,30,3.2,152,353,277,2.3000000000000003,14.2627,11.0537
1998,12,9,11,0,4.4,167,402,324,2.2,16.9987,13.2058
1998,12,9,11,30,5.7,59,904,433,2.5,22.9989,17.8932
1998,12,9,12,0,6.9,168,482,374,2.7,19.9912,15.5643
1998,12,9,12,30,7.2,166,453,360,2.8000000000000003,19.2597,14.9962
1998,12,9,13,0,7.5,162,441,347,2.9000000000000004,18.4796,14.3815
1998,12,9,13,30,7.300000000000001,173,379,323,2.7,17.0238,13.2326
1998,12,9,14,0,7.1000000000000005,190,252,282,2.5,14.6174,11.3387
1998,12,9,14,30,6.1000000000000005,160,266,245,1.9000000000000001,12.4042,9.5903
1998,12,9,15,0,5,131,260,200,1.4000000000000001,9.8323,7.5641
1998,12,9,15,30,3.6,82,2,82,1.5,3.9233,2.9983
1998,12,9,16,0,2.2,68,252,103,1.5,0.0000,0.0000
1998,12,9,16,30,1.5,24,2,24,1.7000000000000002,0.0000,0.0000
1998,12,9,17,0,0.8,0,0,0,1.9000000000000001,0.0000,0.0000
1998,12,9,17,30,0.8,0,0,0,2.3000000000000003,0.0000,0.0000
1998,12,9,18,0,0.8,0,0,0,2.6,0.0000,0.0000
1998,12,9,18,30,0.8,0,0,0,2.8000000000000003,0.0000,0.0000
1998,12,9,19,0,0.7000000000000001,0,0,0,3.1,0.0000,0.0000
1998,12,9,19,30,0.5,0,0,0,3.2,0.0000,0.0000
1998,12,9,20,0,0.4,0,0,0,3.3000000000000003,0.0000,0.0000
1998,12,9,20,30,0.1,0,0,0,3.3000000000000003,0.0000,0.0000
1998,12,9,21,0,-0.1,0,0,0,3.2,0.0000,0.0000
1998,12,9,21,30,-0.30000000000000004,0,0,0,3.1,0.0000,0.0000
1998,12,9,22,0,-0.5,0,0,0,3,0.0000,0.0000
1998,12,9,22,30,-0.7000000000000001,0,0,0,2.9000000000000004,0.0000,0.0000
1998,12,9,23,0,-0.8,0,0,0,2.8000000000000003,0.0000,0.0000
1998,12,9,23,30,-1,0,0,0,2.8000000000000003,0.0000,0.0000
1998,12,10,0,0,-1.2000000000000002,0,0,0,2.7,0.0000,0.0000
1998,12,10,0,30,-1.3,0,0,0,2.7,0.0000,0.0000
1998,12,10,1,0,-1.4000000000000001,0,0,0,2.7,0.0000,0.0000
1998,12,10,1,30,-1.6,0,0,0,2.6,0.0000,0.0000
1998,12,10,2,0,-1.7000000000000002,0,0,0,2.6,0.0000,0.0000
1998,12,10,2,30,-1.9000000000000001,0,0,0,2.6,0.0000,0.0000
1998,12,10,3,0,-2,0,0,0,2.6,0.0000,0.0000
1998,12,10,3,30,-2.4000000000000004,0,0,0,2.5,0.0000,0.0000
1998,12,10,4,0,-2.8000000000000003,0,0,0,2.3000000000000003,0.0000,0.0000
1998,12,10,4,30,-3,0,0,0,2.3000000000000003,0.0000,0.0000
1998,12,10,5,0,-3.2,0,0,0,2.4000000000000004,0.0000,0.0000
1998,12,10,5,30,-3.4000000000000004,0,0,0,2.4000000000000004,0.0000,0.0000
1998,12,10,6,0,-3.5,0,0,0,2.4000000000000004,0.0000,0.0000
1998,12,10,6,30,-3.7,0,0,0,2.4000000000000004,0.0000,0.0000
1998,12,10,7,0,-3.9000000000000004,0,0,0,2.4000000000000004,0.0000,0.0000
1998,12,10,7,30,-3.4000000000000004,0,0,0,2.8000000000000003,0.0000,0.0000
1998,12,10,8,0,-2.9000000000000004,15,326,26,3.1,0.0000,0.0000
1998,12,10,8,30,-2,28,563,91,3.2,0.0000,0.0000
1998,12,10,9,0,-1.1,103,27,108,3.4000000000000004,5.1478,3.9256
1998,12,10,9,30,0.1,43,795,241,3.1,11.7208,8.9970
1998,12,10,10,0,1.2000000000000002,47,854,306,2.9000000000000004,15.3396,11.8415
1998,12,10,10,30,2.8000000000000003,50,891,362,3.1,18.6196,14.4283
1998,12,10,11,0,4.4,51,917,406,3.4000000000000004,21.2818,16.5315
1998,12,10,11,30,5.300000000000001,52,933,436,3.3000000000000003,23.1389,18.0004
1998,12,10,12,0,6.2,52,942,453,3.2,24.1980,18.8381
1998,12,10,12,30,6.5,52,943,455,2.9000000000000004,24.3262,18.9397
1998,12,10,13,0,6.800000000000001,52,938,444,2.6,23.6312,18.3894
1998,12,10,13,30,6.7,50,925,418,2.6,22.0203,17.1154
1998,12,10,14,0,6.7,48,904,378,2.6,19.5852,15.1913
1998,12,10,14,30,6.1000000000000005,46,872,326,2.3000000000000003,16.5006,12.7569
1998,12,10,15,0,5.5,41,827,263,2,12.9259,9.9436
1998,12,10,15,30,3.6,36,757,193,1.8,9.2333,7.0560
1998,12,10,16,0,1.7000000000000002,29,646,118,1.6,0.0000,0.0000
1998,12,10,16,30,0.6000000000000001,19,458,47,1.8,0.0000,0.0000
1998,12,10,17,0,-0.6000000000000001,0,0,0,1.9000000000000001,0.0000,0.0000
1998,12,10,17,30,-0.8,0,0,0,2,0.0000,0.0000
1998,12,10,18,0,-1,0,0,0,2.2,0.0000,0.0000
1998,12,10,18,30,-1.1,0,0,0,2.3000000000000003,0.0000,0.0000
1998,12,10,19,0,-1.2000000000000002,0,0,0,2.4000000000000004,0.0000,0.0000
1998,12,10,19,30,-1.3,0,0,0,2.5,0.0000,0.0000
1998,12,10,20,0,-1.3,0,0,0,2.6,0.0000,0.0000
1998,12,10,20,30,-1.4000000000000001,0,0,0,2.7,0.0000,0.0000
1998,12,10,21,0,-1.5,0,0,0,2.8000000000000003,0.0000,0.0000
1998,12,10,21,30,-1.7000000000000002,0,0,0,2.8000000000000003,0.0000,0.0000
1998,12,10,22,0,-1.8,0,0,0,2.8000000000000003,0.0000,0.0000
1998,12,10,22,30,-2,0,0,0,2.9000000000000004,0.0000,0.0000
1998,12,10,23,0,-2.1,0,0,0,2.9000000000000004,0.0000,0.0000
1998,12,10,23,30,-2.2,0,0,0,2.9000000000000004,0.0000,0.0000
1998,12,11,0,0,-2.3000000000000003,0,0,0,3,0.0000,0.0000
1998,12,11,0,30,-2.3000000000000003,0,0,0,3.1,0.0000,0.0000
1998,12,11,1,0,-2.4000000000000004,0,0,0,3.2,0.0000,0.0000
1998,12,11,1,30,-2.5,0,0,0,3.3000000000000003,0.0000,0.0000
1998,12,11,2,0,-2.5,0,0,0,3.4000000000000004,0.0000,0.0000
1998,12,11,2,30,-2.6,0,0,0,3.6,0.0000,0.0000
1998,12,11,3,0,-2.7,0,0,0,3.7,0.0000,0.0000
1998,12,11,3,30,-2.8000000000000003,0,0,0,3.9000000000000004,0.0000,0.0000
1998,12,11,4,0,-2.9000000000000004,0,0,0,4,0.0000,0.0000
1998,12,11,4,30,-3.1,0,0,0,4.1000000000000005,0.0000,0.0000
1998,12,11,5,0,-3.2,0,0,0,4.1000000000000005,0.0000,0.0000
1998,12,11,5,30,-3.3000000000000003,0,0,0,4.2,0.0000,0.0000
1998,12,11,6,0,-3.5,0,0,0,4.2,0.0000,0.0000
1998,12,11,6,30,-3.6,0,0,0,4.2,0.0000,0.0000
1998,12,11,7,0,-3.7,0,0,0,4.2,0.0000,0.0000
1998,12,11,7,30,-3.4000000000000004,0,0,0,4.5,0.0000,0.0000
1998,12,11,8,0,-3.1,14,339,26,4.7,0.0000,0.0000
1998,12,11,8,30,-2.1,28,577,91,4.800000000000001,0.0000,0.0000
1998,12,11,9,0,-1.1,37,712,166,4.9,7.9120,6.0325
1998,12,11,9,30,0.4,43,797,239,4.9,11.6121,8.9116
1998,12,11,10,0,1.8,48,850,305,4.9,15.2709,11.7861
1998,12,11,10,30,3.4000000000000004,52,888,361,5.5,18.5485,14.3711
1998,12,11,11,0,5,55,911,406,6,21.2627,16.5148
1998,12,11,11,30,6,56,927,437,6.4,23.1742,18.0263
1998,12,11,12,0,7.1000000000000005,58,934,454,6.800000000000001,24.2336,18.8643
1998,12,11,12,30,7.5,58,926,453,6.7,24.2051,18.8443
1998,12,11,13,0,8,58,919,441,6.7,23.4592,18.2545
1998,12,11,13,30,8,57,906,415,6.300000000000001,21.8518,16.9835
1998,12,11,14,0,8,56,881,376,6,19.4749,15.1050
1998,12,11,14,30,7.5,53,847,324,5.2,16.3933,12.6732
1998,12,11,15,0,6.9,49,796,262,4.5,12.8745,9.9037
1998,12,11,15,30,5.300000000000001,42,723,192,3.6,9.1850,7.0190
1998,12,11,16,0,3.6,34,596,116,2.8000000000000003,0.0000,0.0000
1998,12,11,16,30,2.6,29,6,30,2.7,0.0000,0.0000
1998,12,11,17,0,1.6,0,0,0,2.6,0.0000,0.0000
1998,12,11,17,30,1.4000000000000001,0,0,0,2.6,0.0000,0.0000
1998,12,11,18,0,1.2000000000000002,0,0,0,2.6,0.0000,0.0000
1998,12,11,18,30,0.9,0,0,0,2.5,0.0000,0.0000
1998,12,11,19,0,0.5,0,0,0,2.4000000000000004,0.0000,0.0000
1998,12,11,19,30,0.1,0,0,0,2.3000000000000003,0.0000,0.0000
1998,12,11,20,0,-0.30000000000000004,0,0,0,2.2,0.0000,0.0000
1998,12,11,20,30,-0.4,0,0,0,2.1,0.0000,0.0000
1998,12,11,21,0,-0.6000000000000001,0,0,0,2.1,0.0000,0.0000
1998,12,11,21,30,-0.9,0,0,0,2,0.0000,0.0000
1998,12,11,22,0,-1.2000000000000002,0,0,0,1.9000000000000001,0.0000,0.0000
1998,12,11,22,30,-1.4000000000000001,0,0,0,1.8,0.0000,0.0000
1998,12,11,23,0,-1.7000000000000002,0,0,0,1.7000000000000002,0.0000,0.0000
1998,12,11,23,30,-1.9000000000000001,0,0,0,1.6,0.0000,0.0000
1998,12,12,0,0,-2,0,0,0,1.5,0.0000,0.0000
1998,12,12,0,30,-2.1,0,0,0,1.5,0.0000,0.0000
1998,12,12,1,0,-2.2,0,0,0,1.4000000000000001,0.0000,0.0000
1998,12,12,1,30,-2.3000000000000003,0,0,0,1.4000000000000001,0.0000,0.0000
1998,12,12,2,0,-2.3000000000000003,0,0,0,1.3,0.0000,0.0000
1998,12,12,2,30,-2.4000000000000004,0,0,0,1.3,0.0000,0.0000
1998,12,12,3,0,-2.4000000000000004,0,0,0,1.3,0.0000,0.0000
1998,12,12,3,30,-2.6,0,0,0,1.3,0.0000,0.0000
1998,12,12,4,0,-2.7,0,0,0,1.4000000000000001,0.0000,0.0000
1998,12,12,4,30,-2.8000000000000003,0,0,0,1.4000000000000001,0.0000,0.0000
1998,12,12,5,0,-2.9000000000000004,0,0,0,1.4000000000000001,0.0000,0.0000
1998,12,12,5,30,-3,0,0,0,1.4000000000000001,0.0000,0.0000
1998,12,12,6,0,-3.1,0,0,0,1.4000000000000001,0.0000,0.0000
1998,12,12,6,30,-3.1,0,0,0,1.4000000000000001,0.0000,0.0000
1998,12,12,7,0,-3.1,0,0,0,1.4000000000000001,0.0000,0.0000
1998,12,12,7,30,-2.5,0,0,0,1.5,0.0000,0.0000
1998,12,12,8,0,-1.9000000000000001,13,332,23,1.5,0.0000,0.0000
1998,12,12,8,30,-0.7000000000000001,25,568,86,1.8,0.0000,0.0000
1998,12,12,9,0,0.5,33,706,159,2.1,7.5786,5.7774
1998,12,12,9,30,1.6,38,789,230,1.7000000000000002,11.1630,8.5649
1998,12,12,10,0,2.6,42,837,293,1.3,14.6551,11.3089
1998,12,12,10,30,3.9000000000000004,45,874,348,0.9,17.8632,13.8382
1998,12,12,11,0,5.2,48,898,392,0.5,20.5110,15.9292
1998,12,12,11,30,6.4,49,913,422,0.6000000000000001,22.3616,17.3927
1998,12,12,12,0,7.6000000000000005,51,914,437,0.7000000000000001,23.3124,18.1460
1998,12,12,12,30,8.4,51,915,440,1,23.4984,18.2930
1998,12,12,13,0,9.3,50,910,429,1.3,22.8106,17.7488
1998,12,12,13,30,9.5,49,897,404,1.4000000000000001,21.2658,16.5274
1998,12,12,14,0,9.8,47,876,365,1.6,18.8986,14.6574
1998,12,12,14,30,9.200000000000001,45,838,313,1.3,15.8338,12.2404
1998,12,12,15,0,8.700000000000001,42,789,253,0.9,12.4311,9.5624
1998,12,12,15,30,7.2,37,717,185,1.1,8.8501,6.7631
1998,12,12,16,0,5.800000000000001,29,606,113,1.2000000000000002,0.0000,0.0000
1998,12,12,16,30,4.9,19,419,45,1.3,0.0000,0.0000
1998,12,12,17,0,3.9000000000000004,0,0,0,1.4000000000000001,0.0000,0.0000
1998,12,12,17,30,3.6,0,0,0,1.5,0.0000,0.0000
1998,12,12,18,0,3.2,0,0,0,1.5,0.0000,0.0000
1998,12,12,18,30,3.1,0,0,0,1.5,0.0000,0.0000
1998,12,12,19,0,2.9000000000000004,0,0,0,1.5,0.0000,0.0000
1998,12,12,19,30,2.8000000000000003,0,0,0,1.5,0.0000,0.0000
1998,12,12,20,0,2.8000000000000003,0,0,0,1.5,0.0000,0.0000
1998,12,12,20,30,2.7,0,0,0,1.5,0.0000,0.0000
1998,12,12,21,0,2.7,0,0,0,1.5,0.0000,0.0000
1998,12,12,21,30,2.6,0,0,0,1.5,0.0000,0.0000
1998,12,12,22,0,2.6,0,0,0,1.4000000000000001,0.0000,0.0000
1998,12,12,22,30,2.5,0,0,0,1.4000000000000001,0.0000,0.0000
1998,12,12,23,0,2.4000000000000004,0,0,0,1.4000000000000001,0.0000,0.0000
1998,12,12,23,30,2.3000000000000003,0,0,0,1.5,0.0000,0.0000
1998,12,13,0,0,2.2,0,0,0,1.5,0.0000,0.0000
1998,12,13,0,30,2.1,0,0,0,1.7000000000000002,0.0000,0.0000
1998,12,13,1,0,2,0,0,0,1.9000000000000001,0.0000,0.0000
1998,12,13,1,30,1.8,0,0,0,2.1,0.0000,0.0000
1998,12,13,2,0,1.6,0,0,0,2.4000000000000004,0.0000,0.0000
1998,12,13,2,30,1.2000000000000002,0,0,0,2.7,0.0000,0.0000
1998,12,13,3,0,0.7000000000000001,0,0,0,3.1,0.0000,0.0000
1998,12,13,3,30,0.30000000000000004,0,0,0,3.3000000000000003,0.0000,0.0000
1998,12,13,4,0,-0.1,0,0,0,3.6,0.0000,0.0000
1998,12,13,4,30,-0.2,0,0,0,3.6,0.0000,0.0000
1998,12,13,5,0,-0.30000000000000004,0,0,0,3.7,0.0000,0.0000
1998,12,13,5,30,-0.30000000000000004,0,0,0,3.8000000000000003,0.0000,0.0000
1998,12,13,6,0,-0.2,0,0,0,4,0.0000,0.0000
1998,12,13,6,30,-0.1,0,0,0,3.9000000000000004,0.0000,0.0000
1998,12,13,7,0,0,0,0,0,3.9000000000000004,0.0000,0.0000
1998,12,13,7,30,0.1,0,0,0,3.9000000000000004,0.0000,0.0000
1998,12,13,8,0,0.30000000000000004,13,258,20,3.8000000000000003,0.0000,0.0000
1998,12,13,8,30,0.7000000000000001,27,497,79,3.9000000000000004,0.0000,0.0000
1998,12,13,9,0,1.1,38,633,150,4,7.1503,5.4502
1998,12,13,9,30,2,45,722,219,4.1000000000000005,10.6198,8.1464
1998,12,13,10,0,2.8000000000000003,49,779,282,4.3,14.0904,10.8713
1998,12,13,10,30,3.6,53,823,337,4.3,17.2831,13.3873
1998,12,13,11,0,4.4,55,851,380,4.2,19.8684,15.4288
1998,12,13,11,30,5.4,56,868,410,4,21.7124,16.8865
1998,12,13,12,0,6.300000000000001,56,880,427,3.7,22.7654,17.7191
1998,12,13,12,30,7,56,886,432,3.5,23.0610,17.9516
1998,12,13,13,0,7.7,55,881,421,3.3000000000000003,22.3767,17.4105
1998,12,13,13,30,8,54,868,397,3.1,20.8907,16.2353
1998,12,13,14,0,8.3,52,850,360,3,18.6349,14.4524
1998,12,13,14,30,8.200000000000001,49,817,311,2.7,15.7297,12.1596
1998,12,13,15,0,8.1,45,768,251,2.4000000000000004,12.3328,9.4868
1998,12,13,15,30,6.5,39,695,183,1.8,8.7544,6.6900
1998,12,13,16,0,5,32,584,112,1.1,0.0000,0.0000
1998,12,13,16,30,3.9000000000000004,20,396,45,1.2000000000000002,0.0000,0.0000
1998,12,13,17,0,2.9000000000000004,0,0,0,1.3,0.0000,0.0000
1998,12,13,17,30,2.7,0,0,0,1.2000000000000002,0.0000,0.0000
1998,12,13,18,0,2.6,0,0,0,1.2000000000000002,0.0000,0.0000
1998,12,13,18,30,2.5,0,0,0,1.2000000000000002,0.0000,0.0000
1998,12,13,19,0,2.5,0,0,0,1.1,0.0000,0.0000
1998,12,13,19,30,2.5,0,0,0,1.1,0.0000,0.0000
1998,12,13,20,0,2.4000000000000004,0,0,0,1,0.0000,0.0000
1998,12,13,20,30,2.3000000000000003,0,0,0,1,0.0000,0.0000
1998,12,13,21,0,2.2,0,0,0,0.9,0.0000,0.0000
1998,12,13,21,30,1.9000000000000001,0,0,0,1,0.0000,0.0000
1998,12,13,22,0,1.6,0,0,0,1,0.0000,0.0000
1998,12,13,22,30,1,0,0,0,1.1,0.0000,0.0000
1998,12,13,23,0,0.5,0,0,0,1.2000000000000002,0.0000,0.0000
1998,12,13,23,30,-0.2,0,0,0,1.3,0.0000,0.0000
1998,12,14,0,0,-0.8,0,0,0,1.4000000000000001,0.0000,0.0000
1998,12,14,0,30,-1.1,0,0,0,1.5,0.0000,0.0000
1998,12,14,1,0,-1.5,0,0,0,1.6,0.0000,0.0000
1998,12,14,1,30,-1.6,0,0,0,1.7000000000000002,0.0000,0.0000
1998,12,14,2,0,-1.7000000000000002,0,0,0,1.8,0.0000,0.0000
1998,12,14,2,30,-1.4000000000000001,0,0,0,2,0.0000,0.0000
1998,12,14,3,0,-1.2000000000000002,0,0,0,2.1,0.0000,0.0000
1998,12,14,3,30,-0.7000000000000001,0,0,0,2.5,0.0000,0.0000
1998,12,14,4,0,-0.2,0,0,0,2.9000000000000004,0.0000,0.0000
1998,12,14,4,30,0,0,0,0,3.2,0.0000,0.0000
1998,12,14,5,0,0.1,0,0,0,3.5,0.0000,0.0000
1998,12,14,5,30,0.1,0,0,0,3.6,0.0000,0.0000
1998,12,14,6,0,0.1,0,0,0,3.7,0.0000,0.0000
1998,12,14,6,30,0,0,0,0,3.8000000000000003,0.0000,0.0000
1998,12,14,7,0,-0.1,0,0,0,3.9000000000000004,0.0000,0.0000
1998,12,14,7,30,0.1,0,0,0,4.2,0.0000,0.0000
1998,12,14,8,0,0.30000000000000004,13,271,21,4.4,0.0000,0.0000
1998,12,14,8,30,1.1,28,528,83,4.800000000000001,0.0000,0.0000
1998,12,14,9,0,1.8,39,673,157,5.1000000000000005,7.4850,5.7046
1998,12,14,9,30,2.9000000000000004,46,763,229,5.4,11.0950,8.5093
1998,12,14,10,0,4,49,830,295,5.7,14.7249,11.3589
1998,12,14,10,30,5.5,53,870,352,6,18.0363,13.9690
1998,12,14,11,0,7,53,902,396,6.300000000000001,20.6896,16.0650
1998,12,14,11,30,8.4,54,918,427,6.6000000000000005,22.5987,17.5745
1998,12,14,12,0,9.8,54,930,445,6.9,23.7128,18.4553
1998,12,14,12,30,10.700000000000001,54,932,448,7,23.9045,18.6074
1998,12,14,13,0,11.600000000000001,52,928,437,7.1000000000000005,23.2184,18.0646
1998,12,14,13,30,11.9,51,916,412,6.9,21.6731,16.8427
1998,12,14,14,0,12.200000000000001,48,897,373,6.7,19.3045,14.9714
1998,12,14,14,30,11.9,46,865,323,6.1000000000000005,16.3352,12.6274
1998,12,14,15,0,11.600000000000001,42,818,261,5.6000000000000005,12.8242,9.8648
1998,12,14,15,30,10.3,37,748,192,5.1000000000000005,9.1854,7.0195
1998,12,14,16,0,9,30,638,118,4.5,0.0000,0.0000
1998,12,14,16,30,7.9,19,451,48,4.4,0.0000,0.0000
1998,12,14,17,0,6.7,0,0,0,4.3,0.0000,0.0000
1998,12,14,17,30,6.4,0,0,0,4.5,0.0000,0.0000
1998,12,14,18,0,6.1000000000000005,0,0,0,4.800000000000001,0.0000,0.0000
1998,12,14,18,30,5.7,0,0,0,4.9,0.0000,0.0000
1998,12,14,19,0,5.300000000000001,0,0,0,5,0.0000,0.0000
1998,12,14,19,30,5,0,0,0,5,0.0000,0.0000
1998,12,14,20,0,4.6000000000000005,0,0,0,5,0.0000,0.0000
1998,12,14,20,30,4.3,0,0,0,5,0.0000,0.0000
1998,12,14,21,0,3.9000000000000004,0,0,0,5,0.0000,0.0000
1998,12,14,21,30,3.6,0,0,0,5,0.0000,0.0000
1998,12,14,22,0,3.3000000000000003,0,0,0,4.9,0.0000,0.0000
1998,12,14,22,30,3,0,0,0,4.7,0.0000,0.0000
1998,12,14,23,0,2.7,0,0,0,4.5,0.0000,0.0000
1998,12,14,23,30,2.3000000000000003,0,0,0,4.3,0.0000,0.0000
1998,12,15,0,0,2,0,0,0,4,0.0000,0.0000
1998,12,15,0,30,1.6,0,0,0,3.7,0.0000,0.0000
1998,12,15,1,0,1.2000000000000002,0,0,0,3.4000000000000004,0.0000,0.0000
1998,12,15,1,30,0.8,0,0,0,3.1,0.0000,0.0000
1998,12,15,2,0,0.5,0,0,0,2.9000000000000004,0.0000,0.0000
1998,12,15,2,30,0.30000000000000004,0,0,0,2.8000000000000003,0.0000,0.0000
1998,12,15,3,0,0.1,0,0,0,2.8000000000000003,0.0000,0.0000
1998,12,15,3,30,0,0,0,0,2.7,0.0000,0.0000
1998,12,15,4,0,-0.1,0,0,0,2.7,0.0000,0.0000
1998,12,15,4,30,-0.2,0,0,0,2.8000000000000003,0.0000,0.0000
1998,12,15,5,0,-0.2,0,0,0,3,0.0000,0.0000
1998,12,15,5,30,-0.30000000000000004,0,0,0,3.3000000000000003,0.0000,0.0000
1998,12,15,6,0,-0.4,0,0,0,3.5,0.0000,0.0000
1998,12,15,6,30,-0.6000000000000001,0,0,0,3.9000000000000004,0.0000,0.0000
1998,12,15,7,0,-0.7000000000000001,0,0,0,4.3,0.0000,0.0000
1998,12,15,7,30,-0.6000000000000001,0,0,0,4.6000000000000005,0.0000,0.0000
1998,12,15,8,0,-0.4,7,0,7,4.9,0.0000,0.0000
1998,12,15,8,30,0.2,37,0,37,4.800000000000001,0.0000,0.0000
1998,12,15,9,0,0.8,97,32,103,4.7,0.0000,0.0000
1998,12,15,9,30,1.9000000000000001,126,50,138,4.800000000000001,6.6809,5.1229
1998,12,15,10,0,2.9000000000000004,168,169,218,4.9,10.8713,8.3849
1998,12,15,10,30,4,124,492,292,5,14.9499,11.5773
1998,12,15,11,0,5,210,229,296,5.1000000000000005,15.4547,11.9992
1998,12,15,11,30,5.800000000000001,148,541,367,5,19.4112,15.0946
1998,12,15,12,0,6.6000000000000005,59,902,437,4.9,23.2761,18.1145
1998,12,15,12,30,6.9,59,898,439,4.800000000000001,23.4156,18.2261
1998,12,15,13,0,7.300000000000001,59,893,428,4.7,22.7350,17.6881
1998,12,15,13,30,7.2,170,555,388,4.5,20.4073,15.8587
1998,12,15,14,0,7.2,54,860,366,4.4,18.9406,14.6890
1998,12,15,14,30,6.800000000000001,51,827,316,4,15.9812,12.3537
1998,12,15,15,0,6.4,109,485,239,3.6,11.7443,9.0343
1998,12,15,15,30,5,41,703,187,2.7,8.9470,6.8375
1998,12,15,16,0,3.5,69,24,72,1.8,0.0000,0.0000
1998,12,15,16,30,2.7,23,1,23,1.7000000000000002,0.0000,0.0000
1998,12,15,17,0,1.9000000000000001,0,0,0,1.6,0.0000,0.0000
1998,12,15,17,30,1.9000000000000001,0,0,0,1.6,0.0000,0.0000
1998,12,15,18,0,1.9000000000000001,0,0,0,1.6,0.0000,0.0000
1998,12,15,18,30,1.7000000000000002,0,0,0,1.5,0.0000,0.0000
1998,12,15,19,0,1.6,0,0,0,1.4000000000000001,0.0000,0.0000
1998,12,15,19,30,1.4000000000000001,0,0,0,1.3,0.0000,0.0000
1998,12,15,20,0,1.3,0,0,0,1.2000000000000002,0.0000,0.0000
1998,12,15,20,30,1.1,0,0,0,1.1,0.0000,0.0000
1998,12,15,21,0,1,0,0,0,1.1,0.0000,0.0000
1998,12,15,21,30,0.9,0,0,0,1,0.0000,0.0000
1998,12,15,22,0,0.7000000000000001,0,0,0,1,0.0000,0.0000
1998,12,15,22,30,0.6000000000000001,0,0,0,1,0.0000,0.0000
1998,12,15,23,0,0.5,0,0,0,1,0.0000,0.0000
1998,12,15,23,30,0.4,0,0,0,0.9,0.0000,0.0000
1998,12,16,0,0,0.4,0,0,0,0.9,0.0000,0.0000
1998,12,16,0,30,0.30000000000000004,0,0,0,0.9,0.0000,0.0000
1998,12,16,1,0,0.30000000000000004,0,0,0,0.8,0.0000,0.0000
1998,12,16,1,30,0.5,0,0,0,0.7000000000000001,0.0000,0.0000
1998,12,16,2,0,0.6000000000000001,0,0,0,0.6000000000000001,0.0000,0.0000
1998,12,16,2,30,0.5,0,0,0,0.6000000000000001,0.0000,0.0000
1998,12,16,3,0,0.5,0,0,0,0.5,0.0000,0.0000
1998,12,16,3,30,0.1,0,0,0,0.7000000000000001,0.0000,0.0000
1998,12,16,4,0,-0.30000000000000004,0,0,0,0.9,0.0000,0.0000
1998,12,16,4,30,-1.2000000000000002,0,0,0,1.2000000000000002,0.0000,0.0000
1998,12,16,5,0,-2.1,0,0,0,1.5,0.0000,0.0000
1998,12,16,5,30,-2.4000000000000004,0,0,0,1.9000000000000001,0.0000,0.0000
1998,12,16,6,0,-2.6,0,0,0,2.4000000000000004,0.0000,0.0000
1998,12,16,6,30,-2.5,0,0,0,3,0.0000,0.0000
1998,12,16,7,0,-2.4000000000000004,0,0,0,3.7,0.0000,0.0000
1998,12,16,7,30,-1.9000000000000001,0,0,0,4.4,0.0000,0.0000
1998,12,16,8,0,-1.4000000000000001,11,289,18,5.1000000000000005,0.0000,0.0000
1998,12,16,8,30,-0.30000000000000004,24,537,78,5.5,0.0000,0.0000
1998,12,16,9,0,0.9,33,678,149,5.9,0.0000,0.0000
1998,12,16,9,30,2.1,39,774,222,6.7,10.7392,8.2334
1998,12,16,10,0,3.3000000000000003,43,831,287,7.5,14.3002,11.0280
1998,12,16,10,30,4.2,47,870,343,8,17.5469,13.5868
1998,12,16,11,0,5,50,895,388,8.4,20.2448,15.7170
1998,12,16,11,30,5.5,51,912,420,8.700000000000001,22.2040,17.2655
1998,12,16,12,0,5.9,53,919,438,8.9,23.3206,18.1485
1998,12,16,12,30,6.1000000000000005,53,921,442,9.1,23.5686,18.3446
1998,12,16,13,0,6.300000000000001,54,913,432,9.3,22.9423,17.8489
1998,12,16,13,30,6.2,53,901,407,9.3,21.4032,16.6323
1998,12,16,14,0,6.1000000000000005,52,870,367,9.3,18.9907,14.7277
1998,12,16,14,30,5.7,49,838,317,9.1,16.0332,12.3942
1998,12,16,15,0,5.4,46,786,257,8.9,12.6299,9.7157
1998,12,16,15,30,4.800000000000001,40,713,188,8.4,8.9962,6.8754
1998,12,16,16,0,4.2,33,596,116,7.9,0.0000,0.0000
1998,12,16,16,30,3.7,20,407,47,7.5,0.0000,0.0000
1998,12,16,17,0,3.1,0,0,0,7.2,0.0000,0.0000
1998,12,16,17,30,2.8000000000000003,0,0,0,6.800000000000001,0.0000,0.0000
1998,12,16,18,0,2.5,0,0,0,6.5,0.0000,0.0000
1998,12,16,18,30,2,0,0,0,6,0.0000,0.0000
1998,12,16,19,0,1.6,0,0,0,5.5,0.0000,0.0000
1998,12,16,19,30,1.1,0,0,0,5.1000000000000005,0.0000,0.0000
1998,12,16,20,0,0.6000000000000001,0,0,0,4.7,0.0000,0.0000
1998,12,16,20,30,0.1,0,0,0,4.4,0.0000,0.0000
1998,12,16,21,0,-0.4,0,0,0,4,0.0000,0.0000
1998,12,16,21,30,-0.9,0,0,0,3.8000000000000003,0.0000,0.0000
1998,12,16,22,0,-1.4000000000000001,0,0,0,3.6,0.0000,0.0000
1998,12,16,22,30,-1.9000000000000001,0,0,0,3.3000000000000003,0.0000,0.0000
1998,12,16,23,0,-2.4000000000000004,0,0,0,3,0.0000,0.0000
1998,12,16,23,30,-2.8000000000000003,0,0,0,2.9000000000000004,0.0000,0.0000
1998,12,17,0,0,-3.2,0,0,0,2.7,0.0000,0.0000
1998,12,17,0,30,-3.5,0,0,0,2.8000000000000003,0.0000,0.0000
1998,12,17,1,0,-3.7,0,0,0,2.8000000000000003,0.0000,0.0000
1998,12,17,1,30,-3.9000000000000004,0,0,0,2.8000000000000003,0.0000,0.0000
1998,12,17,2,0,-4.1000000000000005,0,0,0,2.8000000000000003,0.0000,0.0000
1998,12,17,2,30,-4.2,0,0,0,2.8000000000000003,0.0000,0.0000
1998,12,17,3,0,-4.3,0,0,0,2.8000000000000003,0.0000,0.0000
1998,12,17,3,30,-4.3,0,0,0,2.7,0.0000,0.0000
1998,12,17,4,0,-4.4,0,0,0,2.6,0.0000,0.0000
1998,12,17,4,30,-4.5,0,0,0,2.4000000000000004,0.0000,0.0000
1998,12,17,5,0,-4.6000000000000005,0,0,0,2.2,0.0000,0.0000
1998,12,17,5,30,-4.6000000000000005,0,0,0,2,0.0000,0.0000
1998,12,17,6,0,-4.7,0,0,0,1.7000000000000002,0.0000,0.0000
1998,12,17,6,30,-4.7,0,0,0,1.5,0.0000,0.0000
1998,12,17,7,0,-4.7,0,0,0,1.3,0.0000,0.0000
1998,12,17,7,30,-4,0,0,0,1.4000000000000001,0.0000,0.0000
1998,12,17,8,0,-3.3000000000000003,11,263,17,1.6,0.0000,0.0000
1998,12,17,8,30,-2.3000000000000003,25,519,76,2,0.0000,0.0000
1998,12,17,9,0,-1.2000000000000002,35,662,147,2.5,0.0000,0.0000
1998,12,17,9,30,0.1,41,753,218,2.7,10.5385,8.0781
1998,12,17,10,0,1.4000000000000001,46,819,285,3,14.1900,10.9416
1998,12,17,10,30,2.8000000000000003,49,853,339,3.7,17.3314,13.4187
1998,12,17,11,0,4.3,51,882,383,4.4,19.9722,15.5042
1998,12,17,11,30,5.2,53,899,415,4.7,21.9294,17.0510
1998,12,17,12,0,6.2,53,903,431,5.1000000000000005,22.9393,17.8510
1998,12,17,12,30,6.9,53,905,435,5.300000000000001,23.1885,18.0481
1998,12,17,13,0,7.6000000000000005,54,894,423,5.6000000000000005,22.4592,17.4726
1998,12,17,13,30,8,52,882,399,5.6000000000000005,20.9808,16.3039
1998,12,17,14,0,8.4,50,863,362,5.7,18.7336,14.5285
1998,12,17,14,30,8.200000000000001,166,241,243,5.300000000000001,12.2916,9.5019
1998,12,17,15,0,8,154,51,168,5,8.2576,6.3525
1998,12,17,15,30,6.9,38,719,188,4.7,8.9975,6.8768
1998,12,17,16,0,5.9,31,607,116,4.5,0.0000,0.0000
1998,12,17,16,30,5,20,424,47,4.5,0.0000,0.0000
1998,12,17,17,0,4.2,0,0,0,4.5,0.0000,0.0000
1998,12,17,17,30,4,0,0,0,4.7,0.0000,0.0000
1998,12,17,18,0,3.8000000000000003,0,0,0,4.800000000000001,0.0000,0.0000
1998,12,17,18,30,3.5,0,0,0,4.7,0.0000,0.0000
1998,12,17,19,0,3.2,0,0,0,4.5,0.0000,0.0000
1998,12,17,19,30,3,0,0,0,4.5,0.0000,0.0000
1998,12,17,20,0,2.8000000000000003,0,0,0,4.4,0.0000,0.0000
1998,12,17,20,30,2.7,0,0,0,4.7,0.0000,0.0000
1998,12,17,21,0,2.5,0,0,0,5,0.0000,0.0000
1998,12,17,21,30,2.4000000000000004,0,0,0,5.300000000000001,0.0000,0.0000
1998,12,17,22,0,2.4000000000000004,0,0,0,5.6000000000000005,0.0000,0.0000
1998,12,17,22,30,2.4000000000000004,0,0,0,5.6000000000000005,0.0000,0.0000
1998,12,17,23,0,2.5,0,0,0,5.7,0.0000,0.0000
1998,12,17,23,30,2.7,0,0,0,5.800000000000001,0.0000,0.0000
1998,12,18,0,0,2.9000000000000004,0,0,0,5.9,0.0000,0.0000
1998,12,18,0,30,2.8000000000000003,0,0,0,5.7,0.0000,0.0000
1998,12,18,1,0,2.6,0,0,0,5.4,0.0000,0.0000
1998,12,18,1,30,2.5,0,0,0,5.2,0.0000,0.0000
1998,12,18,2,0,2.3000000000000003,0,0,0,5,0.0000,0.0000
1998,12,18,2,30,2.4000000000000004,0,0,0,4.800000000000001,0.0000,0.0000
1998,12,18,3,0,2.4000000000000004,0,0,0,4.6000000000000005,0.0000,0.0000
1998,12,18,3,30,2.4000000000000004,0,0,0,4.6000000000000005,0.0000,0.0000
1998,12,18,4,0,2.5,0,0,0,4.6000000000000005,0.0000,0.0000
1998,12,18,4,30,2.4000000000000004,0,0,0,4.800000000000001,0.0000,0.0000
1998,12,18,5,0,2.4000000000000004,0,0,0,5,0.0000,0.0000
1998,12,18,5,30,2.3000000000000003,0,0,0,5.2,0.0000,0.0000
1998,12,18,6,0,2.1,0,0,0,5.5,0.0000,0.0000
1998,12,18,6,30,1.9000000000000001,0,0,0,5.6000000000000005,0.0000,0.0000
1998,12,18,7,0,1.6,0,0,0,5.7,0.0000,0.0000
1998,12,18,7,30,1.4000000000000001,0,0,0,5.800000000000001,0.0000,0.0000
1998,12,18,8,0,1.3,5,0,5,5.9,0.0000,0.0000
1998,12,18,8,30,1.5,34,0,35,6.2,0.0000,0.0000
1998,12,18,9,0,1.7000000000000002,91,18,94,6.5,0.0000,0.0000
1998,12,18,9,30,2.2,136,51,148,6.9,7.1498,5.4796
1998,12,18,10,0,2.6,156,227,222,7.2,11.0450,8.5155
1998,12,18,10,30,3.2,163,373,289,7.300000000000001,14.7645,11.4302
1998,12,18,11,0,3.8000000000000003,167,493,352,7.4,18.3465,14.2413
1998,12,18,11,30,4.3,176,522,386,7.4,20.3891,15.8526
1998,12,18,12,0,4.9,183,522,401,7.300000000000001,21.3362,16.6029
1998,12,18,12,30,5.2,52,929,443,7.300000000000001,23.6097,18.3754
1998,12,18,13,0,5.5,51,926,433,7.2,22.9884,17.8841
1998,12,18,13,30,5.4,49,914,409,7,21.5067,16.7125
1998,12,18,14,0,5.4,48,893,371,6.9,19.1994,14.8897
1998,12,18,14,30,5.1000000000000005,45,862,322,6.6000000000000005,16.2906,12.5937
1998,12,18,15,0,4.7,43,805,260,6.300000000000001,12.7831,9.8344
1998,12,18,15,30,3.8000000000000003,38,735,192,5.6000000000000005,9.1907,7.0250
1998,12,18,16,0,3,65,2,65,5,0.0000,0.0000
1998,12,18,16,30,2.1,29,1,30,4.9,0.0000,0.0000
1998,12,18,17,0,1.2000000000000002,0,0,0,4.800000000000001,0.0000,0.0000
1998,12,18,17,30,0.8,0,0,0,5.2,0.0000,0.0000
1998,12,18,18,0,0.4,0,0,0,5.5,0.0000,0.0000
1998,12,18,18,30,-0.1,0,0,0,5.6000000000000005,0.0000,0.0000
1998,12,18,19,0,-0.7000000000000001,0,0,0,5.7,0.0000,0.0000
1998,12,18,19,30,-1.3,0,0,0,5.7,0.0000,0.0000
1998,12,18,20,0,-1.9000000000000001,0,0,0,5.800000000000001,0.0000,0.0000
1998,12,18,20,30,-2.3000000000000003,0,0,0,5.7,0.0000,0.0000
1998,12,18,21,0,-2.8000000000000003,0,0,0,5.6000000000000005,0.0000,0.0000
1998,12,18,21,30,-3,0,0,0,5.4,0.0000,0.0000
1998,12,18,22,0,-3.2,0,0,0,5.2,0.0000,0.0000
1998,12,18,22,30,-3.3000000000000003,0,0,0,5,0.0000,0.0000
1998,12,18,23,0,-3.4000000000000004,0,0,0,4.800000000000001,0.0000,0.0000
1998,12,18,23,30,-3.5,0,0,0,4.7,0.0000,0.0000
1998,12,19,0,0,-3.6,0,0,0,4.5,0.0000,0.0000
1998,12,19,0,30,-3.7,0,0,0,4.7,0.0000,0.0000
1998,12,19,1,0,-3.9000000000000004,0,0,0,4.9,0.0000,0.0000
1998,12,19,1,30,-4.1000000000000005,0,0,0,5.1000000000000005,0.0000,0.0000
1998,12,19,2,0,-4.2,0,0,0,5.300000000000001,0.0000,0.0000
1998,12,19,2,30,-4.6000000000000005,0,0,0,5.5,0.0000,0.0000
1998,12,19,3,0,-5,0,0,0,5.6000000000000005,0.0000,0.0000
1998,12,19,3,30,-5.4,0,0,0,5.800000000000001,0.0000,0.0000
1998,12,19,4,0,-5.800000000000001,0,0,0,6,0.0000,0.0000
1998,12,19,4,30,-6.1000000000000005,0,0,0,6.2,0.0000,0.0000
1998,12,19,5,0,-6.5,0,0,0,6.300000000000001,0.0000,0.0000
1998,12,19,5,30,-6.7,0,0,0,6.300000000000001,0.0000,0.0000
1998,12,19,6,0,-7,0,0,0,6.300000000000001,0.0000,0.0000
1998,12,19,6,30,-7.300000000000001,0,0,0,6.2,0.0000,0.0000
1998,12,19,7,0,-7.5,0,0,0,6.1000000000000005,0.0000,0.0000
1998,12,19,7,30,-7.6000000000000005,0,0,0,6.1000000000000005,0.0000,0.0000
1998,12,19,8,0,-7.7,2,0,2,6.1000000000000005,0.0000,0.0000
1998,12,19,8,30,-7.6000000000000005,16,0,16,6.1000000000000005,0.0000,0.0000
1998,12,19,9,0,-7.5,22,0,22,6.2,0.0000,0.0000
1998,12,19,9,30,-7.2,37,0,37,6.1000000000000005,1.7865,1.3690
1998,12,19,10,0,-6.9,101,1,101,6.1000000000000005,5.0217,3.8712
1998,12,19,10,30,-6.6000000000000005,180,18,186,6,9.4973,7.3519
1998,12,19,11,0,-6.2,212,28,222,5.800000000000001,11.5660,8.9775
1998,12,19,11,30,-6,223,248,323,5.7,17.0560,13.2606
1998,12,19,12,0,-5.7,69,879,436,5.5,23.1932,18.0475
1998,12,19,12,30,-5.6000000000000005,70,882,441,5.300000000000001,23.5014,18.2910
1998,12,19,13,0,-5.4,69,876,431,5.2,22.8822,17.8015
1998,12,19,13,30,-5.5,68,862,407,5,21.4015,16.6308
1998,12,19,14,0,-5.5,209,191,278,4.800000000000001,14.3891,11.1594
1998,12,19,14,30,-5.800000000000001,168,14,172,4.7,8.7042,6.7292
1998,12,19,15,0,-6.1000000000000005,124,5,125,4.5,6.1479,4.7301
1998,12,19,15,30,-6.6000000000000005,53,0,53,4.4,2.5376,1.9398
1998,12,19,16,0,-7,31,0,31,4.3,0.0000,0.0000
1998,12,19,16,30,-7.4,12,0,12,4.3,0.0000,0.0000
1998,12,19,17,0,-7.7,0,0,0,4.3,0.0000,0.0000
1998,12,19,17,30,-8,0,0,0,4.4,0.0000,0.0000
1998,12,19,18,0,-8.200000000000001,0,0,0,4.5,0.0000,0.0000
1998,12,19,18,30,-8.4,0,0,0,4.5,0.0000,0.0000
1998,12,19,19,0,-8.5,0,0,0,4.5,0.0000,0.0000
1998,12,19,19,30,-8.700000000000001,0,0,0,4.4,0.0000,0.0000
1998,12,19,20,0,-8.9,0,0,0,4.3,0.0000,0.0000
1998,12,19,20,30,-8.9,0,0,0,4.2,0.0000,0.0000
1998,12,19,21,0,-9,0,0,0,4.1000000000000005,0.0000,0.0000
1998,12,19,21,30,-8.9,0,0,0,4,0.0000,0.0000
1998,12,19,22,0,-8.9,0,0,0,3.9000000000000004,0.0000,0.0000
1998,12,19,22,30,-8.9,0,0,0,3.8000000000000003,0.0000,0.0000
1998,12,19,23,0,-8.8,0,0,0,3.7,0.0000,0.0000
1998,12,19,23,30,-8.8,0,0,0,3.7,0.0000,0.0000
1998,12,20,0,0,-8.8,0,0,0,3.6,0.0000,0.0000
1998,12,20,0,30,-8.8,0,0,0,3.6,0.0000,0.0000
1998,12,20,1,0,-8.8,0,0,0,3.5,0.0000,0.0000
1998,12,20,1,30,-8.9,0,0,0,3.5,0.0000,0.0000
1998,12,20,2,0,-8.9,0,0,0,3.5,0.0000,0.0000
1998,12,20,2,30,-9,0,0,0,3.5,0.0000,0.0000
1998,12,20,3,0,-9.200000000000001,0,0,0,3.5,0.0000,0.0000
1998,12,20,3,30,-9.4,0,0,0,3.5,0.0000,0.0000
1998,12,20,4,0,-9.600000000000001,0,0,0,3.5,0.0000,0.0000
1998,12,20,4,30,-9.8,0,0,0,3.5,0.0000,0.0000
1998,12,20,5,0,-10,0,0,0,3.6,0.0000,0.0000
1998,12,20,5,30,-10.200000000000001,0,0,0,3.5,0.0000,0.0000
1998,12,20,6,0,-10.4,0,0,0,3.5,0.0000,0.0000
1998,12,20,6,30,-10.600000000000001,0,0,0,3.5,0.0000,0.0000
1998,12,20,7,0,-10.8,0,0,0,3.5,0.0000,0.0000
1998,12,20,7,30,-11,0,0,0,3.5,0.0000,0.0000
1998,12,20,8,0,-11.100000000000001,3,0,3,3.4000000000000004,0.0000,0.0000
1998,12,20,8,30,-11.100000000000001,21,0,21,3.5,0.0000,0.0000
1998,12,20,9,0,-11.100000000000001,43,0,43,3.5,0.0000,0.0000
1998,12,20,9,30,-11,32,0,32,3.6,1.5442,1.1832
1998,12,20,10,0,-10.8,116,5,117,3.6,5.8134,4.4811
1998,12,20,10,30,-10.600000000000001,194,26,202,3.7,10.3096,7.9802
1998,12,20,11,0,-10.3,202,13,206,3.7,10.7279,8.3265
1998,12,20,11,30,-10.100000000000001,219,20,227,3.7,11.9829,9.3161
1998,12,20,12,0,-9.9,277,76,308,3.7,16.3817,12.7470
1998,12,20,12,30,-9.700000000000001,267,114,315,3.7,16.7842,13.0628
1998,12,20,13,0,-9.600000000000001,169,0,169,3.7,8.9724,6.9802
1998,12,20,13,30,-9.600000000000001,227,4,229,3.8000000000000003,12.0436,9.3591
1998,12,20,14,0,-9.5,245,18,251,3.8000000000000003,12.9949,10.0785
1998,12,20,14,30,-9.700000000000001,153,1,153,4,7.7456,5.9884
1998,12,20,15,0,-9.8,70,720,265,4.1000000000000005,13.0395,10.0332
1998,12,20,15,30,-10.100000000000001,60,640,194,4.2,9.2911,7.1030
1998,12,20,16,0,-10.5,46,520,120,4.3,0.0000,0.0000
1998,12,20,16,30,-10.8,27,322,50,4.4,0.0000,0.0000
1998,12,20,17,0,-11.100000000000001,0,0,0,4.5,0.0000,0.0000
1998,12,20,17,30,-11.3,0,0,0,4.6000000000000005,0.0000,0.0000
1998,12,20,18,0,-11.600000000000001,0,0,0,4.6000000000000005,0.0000,0.0000
1998,12,20,18,30,-11.8,0,0,0,4.7,0.0000,0.0000
1998,12,20,19,0,-12,0,0,0,4.7,0.0000,0.0000
1998,12,20,19,30,-12.200000000000001,0,0,0,4.7,0.0000,0.0000
1998,12,20,20,0,-12.4,0,0,0,4.7,0.0000,0.0000
1998,12,20,20,30,-12.600000000000001,0,0,0,4.800000000000001,0.0000,0.0000
1998,12,20,21,0,-12.700000000000001,0,0,0,4.800000000000001,0.0000,0.0000
1998,12,20,21,30,-12.8,0,0,0,4.800000000000001,0.0000,0.0000
1998,12,20,22,0,-12.8,0,0,0,4.800000000000001,0.0000,0.0000
1998,12,20,22,30,-12.9,0,0,0,4.9,0.0000,0.0000
1998,12,20,23,0,-13,0,0,0,5,0.0000,0.0000
1998,12,20,23,30,-13.100000000000001,0,0,0,5,0.0000,0.0000
1998,12,21,0,0,-13.200000000000001,0,0,0,5.1000000000000005,0.0000,0.0000
1998,12,21,0,30,-13.200000000000001,0,0,0,5.2,0.0000,0.0000
1998,12,21,1,0,-13.200000000000001,0,0,0,5.2,0.0000,0.0000
1998,12,21,1,30,-13.3,0,0,0,5.2,0.0000,0.0000
1998,12,21,2,0,-13.3,0,0,0,5.2,0.0000,0.0000
1998,12,21,2,30,-13.3,0,0,0,5.2,0.0000,0.0000
1998,12,21,3,0,-13.4,0,0,0,5.1000000000000005,0.0000,0.0000
1998,12,21,3,30,-13.4,0,0,0,5.1000000000000005,0.0000,0.0000
1998,12,21,4,0,-13.4,0,0,0,5.2,0.0000,0.0000
1998,12,21,4,30,-13.4,0,0,0,5.2,0.0000,0.0000
1998,12,21,5,0,-13.4,0,0,0,5.2,0.0000,0.0000
1998,12,21,5,30,-13.4,0,0,0,5.2,0.0000,0.0000
1998,12,21,6,0,-13.5,0,0,0,5.2,0.0000,0.0000
1998,12,21,6,30,-13.5,0,0,0,5.2,0.0000,0.0000
1998,12,21,7,0,-13.5,0,0,0,5.2,0.0000,0.0000
1998,12,21,7,30,-13.5,0,0,0,5.300000000000001,0.0000,0.0000
1998,12,21,8,0,-13.5,0,0,0,5.4,0.0000,0.0000
1998,12,21,8,30,-13.3,37,1,37,5.6000000000000005,0.0000,0.0000
1998,12,21,9,0,-13.100000000000001,59,2,59,5.800000000000001,0.0000,0.0000
1998,12,21,9,30,-12.8,27,0,27,6,1.3024,0.9977
1998,12,21,10,0,-12.5,114,6,116,6.1000000000000005,5.7611,4.4403
1998,12,21,10,30,-12.200000000000001,169,14,174,6.2,8.8765,6.8705
1998,12,21,11,0,-11.9,192,13,196,6.300000000000001,10.2037,7.9193
1998,12,21,11,30,-11.8,188,7,191,6.300000000000001,10.0802,7.8366
1998,12,21,12,0,-11.700000000000001,252,23,262,6.4,13.9330,10.8414
1998,12,21,12,30,-11.700000000000001,260,30,272,6.4,14.4930,11.2796
1998,12,21,13,0,-11.600000000000001,251,29,263,6.5,13.9629,10.8626
1998,12,21,13,30,-11.5,253,42,269,6.5,14.1495,10.9958
1998,12,21,14,0,-11.5,213,20,221,6.5,11.4447,8.8765
1998,12,21,14,30,-11.600000000000001,220,70,243,6.5,12.3063,9.5150
1998,12,21,15,0,-11.700000000000001,131,8,133,6.4,6.5473,5.0383
1998,12,21,15,30,-12,54,728,208,6.300000000000001,9.9647,7.6187
1998,12,21,16,0,-12.3,40,637,131,6.2,0.0000,0.0000
1998,12,21,16,30,-12.8,25,446,56,5.800000000000001,0.0000,0.0000
1998,12,21,17,0,-13.3,0,0,0,5.5,0.0000,0.0000
1998,12,21,17,30,-13.700000000000001,0,0,0,5.2,0.0000,0.0000
1998,12,21,18,0,-14.100000000000001,0,0,0,4.9,0.0000,0.0000
1998,12,21,18,30,-14.4,0,0,0,4.7,0.0000,0.0000
1998,12,21,19,0,-14.8,0,0,0,4.5,0.0000,0.0000
1998,12,21,19,30,-15,0,0,0,4.2,0.0000,0.0000
1998,12,21,20,0,-15.200000000000001,0,0,0,3.9000000000000004,0.0000,0.0000
1998,12,21,20,30,-15.4,0,0,0,3.7,0.0000,0.0000
1998,12,21,21,0,-15.5,0,0,0,3.5,0.0000,0.0000
1998,12,21,21,30,-15.600000000000001,0,0,0,3.5,0.0000,0.0000
1998,12,21,22,0,-15.600000000000001,0,0,0,3.5,0.0000,0.0000
1998,12,21,22,30,-15.600000000000001,0,0,0,3.8000000000000003,0.0000,0.0000
1998,12,21,23,0,-15.600000000000001,0,0,0,4,0.0000,0.0000
1998,12,21,23,30,-15.4,0,0,0,4.6000000000000005,0.0000,0.0000
1998,12,22,0,0,-15.200000000000001,0,0,0,5.1000000000000005,0.0000,0.0000
1998,12,22,0,30,-15,0,0,0,5.300000000000001,0.0000,0.0000
1998,12,22,1,0,-14.9,0,0,0,5.5,0.0000,0.0000
1998,12,22,1,30,-15,0,0,0,5.300000000000001,0.0000,0.0000
1998,12,22,2,0,-15.100000000000001,0,0,0,5.1000000000000005,0.0000,0.0000
1998,12,22,2,30,-15.4,0,0,0,4.5,0.0000,0.0000
1998,12,22,3,0,-15.700000000000001,0,0,0,3.9000000000000004,0.0000,0.0000
1998,12,22,3,30,-16,0,0,0,3.2,0.0000,0.0000
1998,12,22,4,0,-16.3,0,0,0,2.5,0.0000,0.0000
1998,12,22,4,30,-16.5,0,0,0,2.3000000000000003,0.0000,0.0000
1998,12,22,5,0,-16.6,0,0,0,2,0.0000,0.0000
1998,12,22,5,30,-16.8,0,0,0,2,0.0000,0.0000
1998,12,22,6,0,-16.900000000000002,0,0,0,2,0.0000,0.0000
1998,12,22,6,30,-17,0,0,0,2,0.0000,0.0000
1998,12,22,7,0,-17.1,0,0,0,2,0.0000,0.0000
1998,12,22,7,30,-16.900000000000002,0,0,0,2.4000000000000004,0.0000,0.0000
1998,12,22,8,0,-16.7,0,0,0,2.7,0.0000,0.0000
1998,12,22,8,30,-16,39,1,39,3.1,0.0000,0.0000
1998,12,22,9,0,-15.200000000000001,37,742,158,3.5,0.0000,0.0000
1998,12,22,9,30,-14.3,45,833,236,4,11.3788,8.7164
1998,12,22,10,0,-13.4,53,865,301,4.4,14.9407,11.5144
1998,12,22,10,30,-12.5,226,118,265,4.800000000000001,13.5127,10.4583
1998,12,22,11,0,-11.600000000000001,263,79,292,5.300000000000001,15.1976,11.7948
1998,12,22,11,30,-10.8,255,7,258,5.5,13.6140,10.5837
1998,12,22,12,0,-9.9,289,142,348,5.7,18.5051,14.3989
1998,12,22,12,30,-9.4,291,171,363,5.800000000000001,19.3418,15.0533
1998,12,22,13,0,-8.8,286,172,357,5.9,18.9564,14.7476
1998,12,22,13,30,-8.5,258,231,349,5.9,18.3605,14.2685
1998,12,22,14,0,-8.200000000000001,245,200,317,5.800000000000001,16.4218,12.7373
1998,12,22,14,30,-8.200000000000001,202,228,276,5.6000000000000005,13.9840,10.8129
1998,12,22,15,0,-8.1,162,5,164,5.5,8.0778,6.2166
1998,12,22,15,30,-8.3,44,784,211,5,10.1116,7.7319
1998,12,22,16,0,-8.6,35,681,134,4.5,0.0000,0.0000
1998,12,22,16,30,-9.200000000000001,22,488,57,3.8000000000000003,0.0000,0.0000
1998,12,22,17,0,-9.8,0,0,0,3.1,0.0000,0.0000
1998,12,22,17,30,-10.100000000000001,0,0,0,3.2,0.0000,0.0000
1998,12,22,18,0,-10.3,0,0,0,3.4000000000000004,0.0000,0.0000
1998,12,22,18,30,-10.5,0,0,0,3.7,0.0000,0.0000
1998,12,22,19,0,-10.600000000000001,0,0,0,4,0.0000,0.0000
1998,12,22,19,30,-10.700000000000001,0,0,0,4.1000000000000005,0.0000,0.0000
1998,12,22,20,0,-10.8,0,0,0,4.2,0.0000,0.0000
1998,12,22,20,30,-10.9,0,0,0,4.3,0.0000,0.0000
1998,12,22,21,0,-11,0,0,0,4.3,0.0000,0.0000
1998,12,22,21,30,-11.200000000000001,0,0,0,4.1000000000000005,0.0000,0.0000
1998,12,22,22,0,-11.5,0,0,0,3.9000000000000004,0.0000,0.0000
1998,12,22,22,30,-11.700000000000001,0,0,0,3.8000000000000003,0.0000,0.0000
1998,12,22,23,0,-12,0,0,0,3.7,0.0000,0.0000
1998,12,22,23,30,-12.100000000000001,0,0,0,3.6,0.0000,0.0000
1998,12,23,0,0,-12.3,0,0,0,3.5,0.0000,0.0000
1998,12,23,0,30,-12.4,0,0,0,3.4000000000000004,0.0000,0.0000
1998,12,23,1,0,-12.600000000000001,0,0,0,3.3000000000000003,0.0000,0.0000
1998,12,23,1,30,-12.700000000000001,0,0,0,3.2,0.0000,0.0000
1998,12,23,2,0,-12.8,0,0,0,3.1,0.0000,0.0000
1998,12,23,2,30,-12.9,0,0,0,3,0.0000,0.0000
1998,12,23,3,0,-12.9,0,0,0,2.9000000000000004,0.0000,0.0000
1998,12,23,3,30,-13,0,0,0,2.8000000000000003,0.0000,0.0000
1998,12,23,4,0,-13,0,0,0,2.7,0.0000,0.0000
1998,12,23,4,30,-12.9,0,0,0,2.7,0.0000,0.0000
1998,12,23,5,0,-12.8,0,0,0,2.7,0.0000,0.0000
1998,12,23,5,30,-12.600000000000001,0,0,0,2.8000000000000003,0.0000,0.0000
1998,12,23,6,0,-12.5,0,0,0,2.8000000000000003,0.0000,0.0000
1998,12,23,6,30,-12.3,0,0,0,2.8000000000000003,0.0000,0.0000
1998,12,23,7,0,-12.200000000000001,0,0,0,2.9000000000000004,0.0000,0.0000
1998,12,23,7,30,-11.9,0,0,0,2.9000000000000004,0.0000,0.0000
1998,12,23,8,0,-11.600000000000001,0,0,0,3,0.0000,0.0000
1998,12,23,8,30,-10.9,24,0,24,3.4000000000000004,0.0000,0.0000
1998,12,23,9,0,-10.200000000000001,49,1,49,3.8000000000000003,0.0000,0.0000
1998,12,23,9,30,-9.5,149,89,169,4,8.1449,6.2385
1998,12,23,10,0,-8.700000000000001,55,841,295,4.2,14.6374,11.2800
1998,12,23,10,30,-8.1,60,883,355,4.1000000000000005,18.0970,14.0058
1998,12,23,11,0,-7.5,63,930,409,4.1000000000000005,21.2816,16.5161
1998,12,23,11,30,-7,66,947,445,4.1000000000000005,23.4797,18.2532
1998,12,23,12,0,-6.6000000000000005,68,955,466,4.1000000000000005,24.7798,19.2812
1998,12,23,12,30,-6.300000000000001,69,958,471,4.1000000000000005,25.0982,19.5336
1998,12,23,13,0,-6.1000000000000005,68,954,462,4.1000000000000005,24.5355,19.0884
1998,12,23,13,30,-6,66,942,438,4.1000000000000005,23.0500,17.9136
1998,12,23,14,0,-6,64,921,400,4.1000000000000005,20.7286,16.0785
1998,12,23,14,30,-6.1000000000000005,60,890,348,3.9000000000000004,17.6401,13.6408
1998,12,23,15,0,-6.300000000000001,54,845,285,3.8000000000000003,14.0453,10.8103
1998,12,23,15,30,-6.9,46,777,212,3.1,10.1634,7.7725
1998,12,23,16,0,-7.4,37,668,135,2.4000000000000004,0.0000,0.0000
1998,12,23,16,30,-8.4,24,487,59,1.8,0.0000,0.0000
1998,12,23,17,0,-9.3,0,0,0,1.2000000000000002,0.0000,0.0000
1998,12,23,17,30,-9.700000000000001,0,0,0,1.1,0.0000,0.0000
1998,12,23,18,0,-10.100000000000001,0,0,0,1.1,0.0000,0.0000
1998,12,23,18,30,-10.4,0,0,0,1.1,0.0000,0.0000
1998,12,23,19,0,-10.700000000000001,0,0,0,1.2000000000000002,0.0000,0.0000
1998,12,23,19,30,-10.9,0,0,0,1.2000000000000002,0.0000,0.0000
1998,12,23,20,0,-11.100000000000001,0,0,0,1.3,0.0000,0.0000
1998,12,23,20,30,-11.3,0,0,0,1.4000000000000001,0.0000,0.0000
1998,12,23,21,0,-11.4,0,0,0,1.5,0.0000,0.0000
1998,12,23,21,30,-11.600000000000001,0,0,0,1.6,0.0000,0.0000
1998,12,23,22,0,-11.700000000000001,0,0,0,1.7000000000000002,0.0000,0.0000
1998,12,23,22,30,-11.700000000000001,0,0,0,1.9000000000000001,0.0000,0.0000
1998,12,23,23,0,-11.8,0,0,0,2.1,0.0000,0.0000
1998,12,23,23,30,-11.8,0,0,0,2.3000000000000003,0.0000,0.0000
1998,12,24,0,0,-11.9,0,0,0,2.5,0.0000,0.0000
1998,12,24,0,30,-12,0,0,0,2.7,0.0000,0.0000
1998,12,24,1,0,-12,0,0,0,2.8000000000000003,0.0000,0.0000
1998,12,24,1,30,-12.200000000000001,0,0,0,2.9000000000000004,0.0000,0.0000
1998,12,24,2,0,-12.3,0,0,0,2.9000000000000004,0.0000,0.0000
1998,12,24,2,30,-12.5,0,0,0,2.9000000000000004,0.0000,0.0000
1998,12,24,3,0,-12.600000000000001,0,0,0,2.9000000000000004,0.0000,0.0000
1998,12,24,3,30,-12.9,0,0,0,2.8000000000000003,0.0000,0.0000
1998,12,24,4,0,-13.100000000000001,0,0,0,2.7,0.0000,0.0000
1998,12,24,4,30,-13.3,0,0,0,2.5,0.0000,0.0000
1998,12,24,5,0,-13.600000000000001,0,0,0,2.3000000000000003,0.0000,0.0000
1998,12,24,5,30,-13.8,0,0,0,2.2,0.0000,0.0000
1998,12,24,6,0,-14.100000000000001,0,0,0,2,0.0000,0.0000
1998,12,24,6,30,-14.3,0,0,0,1.9000000000000001,0.0000,0.0000
1998,12,24,7,0,-14.5,0,0,0,1.8,0.0000,0.0000
1998,12,24,7,30,-14.200000000000001,0,0,0,2.1,0.0000,0.0000
1998,12,24,8,0,-13.9,0,0,0,2.3000000000000003,0.0000,0.0000
1998,12,24,8,30,-13,40,0,40,2.5,0.0000,0.0000
1998,12,24,9,0,-12.200000000000001,81,1,81,2.8000000000000003,0.0000,0.0000
1998,12,24,9,30,-10.700000000000001,137,216,186,2.8000000000000003,8.9617,6.8636
1998,12,24,10,0,-9.3,206,43,218,2.8000000000000003,10.8128,8.3321
1998,12,24,10,30,-8,249,65,270,3.3000000000000003,13.7602,10.6490
1998,12,24,11,0,-6.6000000000000005,62,931,409,3.8000000000000003,21.2780,16.5130
1998,12,24,11,30,-5.7,308,82,341,4.4,17.9909,13.9860
1998,12,24,12,0,-4.9,66,959,466,5,24.7816,19.2828
1998,12,24,12,30,-4.2,67,946,465,5.300000000000001,24.7822,19.2880
1998,12,24,13,0,-3.6,66,942,456,5.7,24.2224,18.8452
1998,12,24,13,30,-3.2,64,931,432,5.9,22.7415,17.6745
1998,12,24,14,0,-2.9000000000000004,61,912,395,6.1000000000000005,20.4783,15.8852
1998,12,24,14,30,-2.9000000000000004,57,882,344,6,17.4469,13.4926
1998,12,24,15,0,-2.9000000000000004,53,835,282,5.9,13.9063,10.7046
1998,12,24,15,30,-3.6,45,768,211,5.300000000000001,10.1200,7.7404
1998,12,24,16,0,-4.2,37,658,134,4.7,0.0000,0.0000
1998,12,24,16,30,-4.7,24,482,59,4.5,0.0000,0.0000
1998,12,24,17,0,-5.2,0,0,0,4.3,0.0000,0.0000
1998,12,24,17,30,-5.4,0,0,0,4.3,0.0000,0.0000
1998,12,24,18,0,-5.6000000000000005,0,0,0,4.3,0.0000,0.0000
1998,12,24,18,30,-5.9,0,0,0,4.4,0.0000,0.0000
1998,12,24,19,0,-6.1000000000000005,0,0,0,4.5,0.0000,0.0000
1998,12,24,19,30,-6.6000000000000005,0,0,0,4.5,0.0000,0.0000
1998,12,24,20,0,-7,0,0,0,4.5,0.0000,0.0000
1998,12,24,20,30,-7.5,0,0,0,4.5,0.0000,0.0000
1998,12,24,21,0,-7.9,0,0,0,4.5,0.0000,0.0000
1998,12,24,21,30,-8.200000000000001,0,0,0,4.4,0.0000,0.0000
1998,12,24,22,0,-8.5,0,0,0,4.4,0.0000,0.0000
1998,12,24,22,30,-8.8,0,0,0,4.2,0.0000,0.0000
1998,12,24,23,0,-9.1,0,0,0,4,0.0000,0.0000
1998,12,24,23,30,-9.4,0,0,0,3.8000000000000003,0.0000,0.0000
1998,12,25,0,0,-9.700000000000001,0,0,0,3.6,0.0000,0.0000
1998,12,25,0,30,-10,0,0,0,3.4000000000000004,0.0000,0.0000
1998,12,25,1,0,-10.200000000000001,0,0,0,3.2,0.0000,0.0000
1998,12,25,1,30,-10.4,0,0,0,2.9000000000000004,0.0000,0.0000
1998,12,25,2,0,-10.700000000000001,0,0,0,2.6,0.0000,0.0000
1998,12,25,2,30,-10.8,0,0,0,2.4000000000000004,0.0000,0.0000
1998,12,25,3,0,-11,0,0,0,2.2,0.0000,0.0000
1998,12,25,3,30,-11.100000000000001,0,0,0,2.2,0.0000,0.0000
1998,12,25,4,0,-11.200000000000001,0,0,0,2.2,0.0000,0.0000
1998,12,25,4,30,-11.200000000000001,0,0,0,2.2,0.0000,0.0000
1998,12,25,5,0,-11.3,0,0,0,2.3000000000000003,0.0000,0.0000
1998,12,25,5,30,-11.3,0,0,0,2.5,0.0000,0.0000
1998,12,25,6,0,-11.3,0,0,0,2.7,0.0000,0.0000
1998,12,25,6,30,-11.4,0,0,0,3,0.0000,0.0000
1998,12,25,7,0,-11.4,0,0,0,3.3000000000000003,0.0000,0.0000
1998,12,25,7,30,-11.200000000000001,0,0,0,3.8000000000000003,0.0000,0.0000
1998,12,25,8,0,-11,0,0,0,4.3,0.0000,0.0000
1998,12,25,8,30,-10.100000000000001,38,5,39,4.5,0.0000,0.0000
1998,12,25,9,0,-9.200000000000001,47,2,47,4.7,0.0000,0.0000
1998,12,25,9,30,-7.800000000000001,120,35,128,4.7,6.1651,4.7213
1998,12,25,10,0,-6.4,132,30,141,4.800000000000001,6.9917,5.3873
1998,12,25,10,30,-4.7,155,27,164,5.2,8.3565,6.4669
1998,12,25,11,0,-2.9000000000000004,68,0,68,5.6000000000000005,3.5374,2.7452
1998,12,25,11,30,-1.4000000000000001,195,44,212,5.9,11.1850,8.6951
1998,12,25,12,0,0.2,190,363,341,6.300000000000001,18.1356,14.1116
1998,12,25,12,30,1.4000000000000001,243,203,329,6.300000000000001,17.5380,13.6502
1998,12,25,13,0,2.6,56,911,434,6.2,23.0607,17.9421
1998,12,25,13,30,3.2,55,899,411,5.800000000000001,21.6446,16.8228
1998,12,25,14,0,3.9000000000000004,145,429,302,5.300000000000001,15.6648,12.1522
1998,12,25,14,30,3.6,183,28,192,4.4,9.7441,7.5363
1998,12,25,15,0,3.4000000000000004,46,805,268,3.5,13.2244,10.1809
1998,12,25,15,30,2,41,737,200,3,9.5969,7.3414
1998,12,25,16,0,0.6000000000000001,34,634,129,2.5,0.0000,0.0000
1998,12,25,16,30,-0.5,23,459,57,2.4000000000000004,0.0000,0.0000
1998,12,25,17,0,-1.6,0,0,0,2.3000000000000003,0.0000,0.0000
1998,12,25,17,30,-2.2,0,0,0,2.3000000000000003,0.0000,0.0000
1998,12,25,18,0,-2.9000000000000004,0,0,0,2.2,0.0000,0.0000
1998,12,25,18,30,-3.5,0,0,0,2.1,0.0000,0.0000
1998,12,25,19,0,-4.2,0,0,0,2,0.0000,0.0000
1998,12,25,19,30,-4.7,0,0,0,1.9000000000000001,0.0000,0.0000
1998,12,25,20,0,-5.300000000000001,0,0,0,1.7000000000000002,0.0000,0.0000
1998,12,25,20,30,-5.7,0,0,0,1.6,0.0000,0.0000
1998,12,25,21,0,-6.1000000000000005,0,0,0,1.5,0.0000,0.0000
1998,12,25,21,30,-6.4,0,0,0,1.5,0.0000,0.0000
1998,12,25,22,0,-6.7,0,0,0,1.4000000000000001,0.0000,0.0000
1998,12,25,22,30,-6.9,0,0,0,1.3,0.0000,0.0000
1998,12,25,23,0,-7.2,0,0,0,1.2000000000000002,0.0000,0.0000
1998,12,25,23,30,-7.5,0,0,0,1.1,0.0000,0.0000
1998,12,26,0,0,-7.800000000000001,0,0,0,1.1,0.0000,0.0000
1998,12,26,0,30,-8,0,0,0,1.1,0.0000,0.0000
1998,12,26,1,0,-8.200000000000001,0,0,0,1.1,0.0000,0.0000
1998,12,26,1,30,-8.3,0,0,0,1.1,0.0000,0.0000
1998,12,26,2,0,-8.5,0,0,0,1,0.0000,0.0000
1998,12,26,2,30,-8.700000000000001,0,0,0,1,0.0000,0.0000
1998,12,26,3,0,-8.9,0,0,0,1,0.0000,0.0000
1998,12,26,3,30,-9.200000000000001,0,0,0,1,0.0000,0.0000
1998,12,26,4,0,-9.4,0,0,0,1,0.0000,0.0000
1998,12,26,4,30,-9.700000000000001,0,0,0,1,0.0000,0.0000
1998,12,26,5,0,-10,0,0,0,1,0.0000,0.0000
1998,12,26,5,30,-10,0,0,0,1.1,0.0000,0.0000
1998,12,26,6,0,-10,0,0,0,1.3,0.0000,0.0000
1998,12,26,6,30,-9.8,0,0,0,1.9000000000000001,0.0000,0.0000
1998,12,26,7,0,-9.700000000000001,0,0,0,2.5,0.0000,0.0000
1998,12,26,7,30,-9.5,0,0,0,3.1,0.0000,0.0000
1998,12,26,8,0,-9.3,0,0,0,3.7,0.0000,0.0000
1998,12,26,8,30,-8.9,9,0,9,3.7,0.0000,0.0000
1998,12,26,9,0,-8.5,22,0,22,3.7,0.0000,0.0000
1998,12,26,9,30,-7.9,29,0,29,3.9000000000000004,1.3965,1.0694
1998,12,26,10,0,-7.4,43,0,44,4,2.1812,1.6806
1998,12,26,10,30,-6.7,60,1,60,4.6000000000000005,3.0567,2.3655
1998,12,26,11,0,-6,51,0,51,5.2,2.6530,2.0589
1998,12,26,11,30,-5,124,12,129,5.800000000000001,6.8065,5.2914
1998,12,26,12,0,-4.1000000000000005,121,9,125,6.4,6.6489,5.1737
1998,12,26,12,30,-3.1,101,3,103,6.6000000000000005,5.4918,4.2745
1998,12,26,13,0,-2.1,120,7,123,6.800000000000001,6.5381,5.0871
1998,12,26,13,30,-1,137,18,144,6.300000000000001,7.5871,5.8973
1998,12,26,14,0,0,190,55,210,5.9,10.8993,8.4559
1998,12,26,14,30,0.5,165,177,223,5.2,11.3256,8.7604
1998,12,26,15,0,1,69,0,69,4.6000000000000005,3.4076,2.6238
1998,12,26,15,30,0.4,110,131,139,3.8000000000000003,6.6734,5.1058
1998,12,26,16,0,-0.30000000000000004,33,622,127,3,0.0000,0.0000
1998,12,26,16,30,-1.1,29,0,29,2.9000000000000004,0.0000,0.0000
1998,12,26,17,0,-1.8,0,0,0,2.8000000000000003,0.0000,0.0000
1998,12,26,17,30,-2,0,0,0,2.8000000000000003,0.0000,0.0000
1998,12,26,18,0,-2.1,0,0,0,2.9000000000000004,0.0000,0.0000
1998,12,26,18,30,-2.2,0,0,0,2.8000000000000003,0.0000,0.0000
1998,12,26,19,0,-2.3000000000000003,0,0,0,2.7,0.0000,0.0000
1998,12,26,19,30,-2.4000000000000004,0,0,0,2.5,0.0000,0.0000
1998,12,26,20,0,-2.4000000000000004,0,0,0,2.4000000000000004,0.0000,0.0000
1998,12,26,20,30,-2.3000000000000003,0,0,0,2.4000000000000004,0.0000,0.0000
1998,12,26,21,0,-2.3000000000000003,0,0,0,2.4000000000000004,0.0000,0.0000
1998,12,26,21,30,-2.2,0,0,0,2.4000000000000004,0.0000,0.0000
1998,12,26,22,0,-2.1,0,0,0,2.4000000000000004,0.0000,0.0000
1998,12,26,22,30,-2.1,0,0,0,2.5,0.0000,0.0000
1998,12,26,23,0,-2.1,0,0,0,2.5,0.0000,0.0000
1998,12,26,23,30,-2.1,0,0,0,2.6,0.0000,0.0000
1998,12,27,0,0,-2.1,0,0,0,2.6,0.0000,0.0000
1998,12,27,0,30,-2.1,0,0,0,2.7,0.0000,0.0000
1998,12,27,1,0,-2.1,0,0,0,2.7,0.0000,0.0000
1998,12,27,1,30,-2.1,0,0,0,2.8000000000000003,0.0000,0.0000
1998,12,27,2,0,-2.1,0,0,0,3,0.0000,0.0000
1998,12,27,2,30,-2.1,0,0,0,3.2,0.0000,0.0000
1998,12,27,3,0,-2.1,0,0,0,3.4000000000000004,0.0000,0.0000
1998,12,27,3,30,-2.1,0,0,0,3.6,0.0000,0.0000
1998,12,27,4,0,-2.2,0,0,0,3.7,0.0000,0.0000
1998,12,27,4,30,-2,0,0,0,3.9000000000000004,0.0000,0.0000
1998,12,27,5,0,-1.9000000000000001,0,0,0,4,0.0000,0.0000
1998,12,27,5,30,-1.8,0,0,0,3.9000000000000004,0.0000,0.0000
1998,12,27,6,0,-1.8,0,0,0,3.8000000000000003,0.0000,0.0000
1998,12,27,6,30,-2.1,0,0,0,3.6,0.0000,0.0000
1998,12,27,7,0,-2.3000000000000003,0,0,0,3.4000000000000004,0.0000,0.0000
1998,12,27,7,30,-2.3000000000000003,0,0,0,3.5,0.0000,0.0000
1998,12,27,8,0,-2.3000000000000003,0,0,0,3.6,0.0000,0.0000
1998,12,27,8,30,-1.6,35,4,36,3.9000000000000004,0.0000,0.0000
1998,12,27,9,0,-0.9,38,620,137,4.1000000000000005,0.0000,0.0000
1998,12,27,9,30,0.1,46,729,211,4.2,10.1586,7.7787
1998,12,27,10,0,1.2000000000000002,168,92,194,4.2,9.6153,7.4083
1998,12,27,10,30,2.1,134,407,270,4.6000000000000005,13.7539,10.6434
1998,12,27,11,0,3.1,178,288,285,4.9,14.8257,11.5055
1998,12,27,11,30,3.7,60,895,418,5,22.0586,17.1487
1998,12,27,12,0,4.3,60,907,439,5,23.3563,18.1747
1998,12,27,12,30,4.7,61,910,445,4.800000000000001,23.7339,18.4736
1998,12,27,13,0,5,60,906,437,4.7,23.2377,18.0813
1998,12,27,13,30,5,59,895,415,4.3,21.8761,17.0046
1998,12,27,14,0,5.1000000000000005,57,874,379,4,19.6823,15.2711
1998,12,27,14,30,4.4,54,844,331,2.9000000000000004,16.8230,13.0141
1998,12,27,15,0,3.7,115,366,217,1.8,10.7255,8.2596
1998,12,27,15,30,2.4000000000000004,44,730,204,1.5,9.7994,7.4988
1998,12,27,16,0,1.1,35,628,131,1.2000000000000002,0.0000,0.0000
1998,12,27,16,30,1.3,24,457,60,1,0.0000,0.0000
1998,12,27,17,0,1.4000000000000001,0,0,0,0.8,0.0000,0.0000
1998,12,27,17,30,1.6,0,0,0,0.6000000000000001,0.0000,0.0000
1998,12,27,18,0,1.8,0,0,0,0.4,0.0000,0.0000
1998,12,27,18,30,0.9,0,0,0,0.8,0.0000,0.0000
1998,12,27,19,0,0.1,0,0,0,1.2000000000000002,0.0000,0.0000
1998,12,27,19,30,-0.7000000000000001,0,0,0,1.3,0.0000,0.0000
1998,12,27,20,0,-1.4000000000000001,0,0,0,1.5,0.0000,0.0000
1998,12,27,20,30,-1.6,0,0,0,1.7000000000000002,0.0000,0.0000
1998,12,27,21,0,-1.8,0,0,0,1.9000000000000001,0.0000,0.0000
1998,12,27,21,30,-1.8,0,0,0,2.2,0.0000,0.0000
1998,12,27,22,0,-1.8,0,0,0,2.4000000000000004,0.0000,0.0000
1998,12,27,22,30,-1.9000000000000001,0,0,0,2.6,0.0000,0.0000
1998,12,27,23,0,-2,0,0,0,2.8000000000000003,0.0000,0.0000
1998,12,27,23,30,-2.1,0,0,0,2.9000000000000004,0.0000,0.0000
1998,12,28,0,0,-2.2,0,0,0,3,0.0000,0.0000
1998,12,28,0,30,-2.3000000000000003,0,0,0,3.3000000000000003,0.0000,0.0000
1998,12,28,1,0,-2.3000000000000003,0,0,0,3.5,0.0000,0.0000
1998,12,28,1,30,-2.3000000000000003,0,0,0,3.8000000000000003,0.0000,0.0000
1998,12,28,2,0,-2.3000000000000003,0,0,0,4,0.0000,0.0000
1998,12,28,2,30,-2.3000000000000003,0,0,0,4.3,0.0000,0.0000
1998,12,28,3,0,-2.3000000000000003,0,0,0,4.6000000000000005,0.0000,0.0000
1998,12,28,3,30,-2.2,0,0,0,4.800000000000001,0.0000,0.0000
1998,12,28,4,0,-2.1,0,0,0,4.9,0.0000,0.0000
1998,12,28,4,30,-2,0,0,0,5,0.0000,0.0000
1998,12,28,5,0,-1.9000000000000001,0,0,0,5,0.0000,0.0000
1998,12,28,5,30,-1.9000000000000001,0,0,0,5.2,0.0000,0.0000
1998,12,28,6,0,-2,0,0,0,5.300000000000001,0.0000,0.0000
1998,12,28,6,30,-2,0,0,0,5.6000000000000005,0.0000,0.0000
1998,12,28,7,0,-2,0,0,0,5.800000000000001,0.0000,0.0000
1998,12,28,7,30,-1.8,0,0,0,6,0.0000,0.0000
1998,12,28,8,0,-1.6,0,0,0,6.2,0.0000,0.0000
1998,12,28,8,30,-1.3,16,0,16,6.2,0.0000,0.0000
1998,12,28,9,0,-1,34,1,34,6.300000000000001,0.0000,0.0000
1998,12,28,9,30,-0.6000000000000001,29,0,29,6.300000000000001,1.3960,1.0689
1998,12,28,10,0,-0.2,81,5,82,6.4,4.0638,3.1310
1998,12,28,10,30,0.30000000000000004,56,0,56,6.5,2.8527,2.2075
1998,12,28,11,0,0.8,100,3,101,6.6000000000000005,5.2545,4.0778
1998,12,28,11,30,1.5,160,15,165,6.7,8.7087,6.7704
1998,12,28,12,0,2.1,165,15,171,6.800000000000001,9.0998,7.0812
1998,12,28,12,30,2.6,204,40,221,6.7,11.7913,9.1783
1998,12,28,13,0,3.1,178,24,188,6.6000000000000005,10.0015,7.7826
1998,12,28,13,30,3.2,108,3,109,6.2,5.7489,4.4690
1998,12,28,14,0,3.3000000000000003,166,35,179,5.800000000000001,9.3030,7.2187
1998,12,28,14,30,3.3000000000000003,151,270,240,5.300000000000001,12.2079,9.4451
1998,12,28,15,0,3.2,154,29,163,4.7,8.0632,6.2103
1998,12,28,15,30,2.9000000000000004,117,71,133,4,6.3928,4.8929
1998,12,28,16,0,2.5,71,104,87,3.4000000000000004,0.0000,0.0000
1998,12,28,16,30,2,25,1,25,2.9000000000000004,0.0000,0.0000
1998,12,28,17,0,1.5,0,0,0,2.5,0.0000,0.0000
1998,12,28,17,30,1.6,0,0,0,2.5,0.0000,0.0000
1998,12,28,18,0,1.7000000000000002,0,0,0,2.5,0.0000,0.0000
1998,12,28,18,30,1.9000000000000001,0,0,0,2.8000000000000003,0.0000,0.0000
1998,12,28,19,0,2.1,0,0,0,3.1,0.0000,0.0000
1998,12,28,19,30,2.4000000000000004,0,0,0,3.7,0.0000,0.0000
1998,12,28,20,0,2.6,0,0,0,4.4,0.0000,0.0000
1998,12,28,20,30,2.7,0,0,0,5,0.0000,0.0000
1998,12,28,21,0,2.7,0,0,0,5.6000000000000005,0.0000,0.0000
1998,12,28,21,30,2.3000000000000003,0,0,0,6,0.0000,0.0000
1998,12,28,22,0,1.8,0,0,0,6.4,0.0000,0.0000
1998,12,28,22,30,0.9,0,0,0,7.4,0.0000,0.0000
1998,12,28,23,0,0,0,0,0,8.4,0.0000,0.0000
1998,12,28,23,30,-1.4000000000000001,0,0,0,9,0.0000,0.0000
1998,12,29,0,0,-2.7,0,0,0,9.700000000000001,0.0000,0.0000
1998,12,29,0,30,-3.7,0,0,0,9.8,0.0000,0.0000
1998,12,29,1,0,-4.800000000000001,0,0,0,9.9,0.0000,0.0000
1998,12,29,1,30,-5.4,0,0,0,9.9,0.0000,0.0000
1998,12,29,2,0,-6.1000000000000005,0,0,0,9.9,0.0000,0.0000
1998,12,29,2,30,-6.7,0,0,0,9.9,0.0000,0.0000
1998,12,29,3,0,-7.4,0,0,0,10,0.0000,0.0000
1998,12,29,3,30,-8.1,0,0,0,9.9,0.0000,0.0000
1998,12,29,4,0,-8.9,0,0,0,9.8,0.0000,0.0000
1998,12,29,4,30,-9.5,0,0,0,9.600000000000001,0.0000,0.0000
1998,12,29,5,0,-10.200000000000001,0,0,0,9.3,0.0000,0.0000
1998,12,29,5,30,-10.8,0,0,0,9.1,0.0000,0.0000
1998,12,29,6,0,-11.3,0,0,0,8.8,0.0000,0.0000
1998,12,29,6,30,-11.8,0,0,0,8.6,0.0000,0.0000
1998,12,29,7,0,-12.3,0,0,0,8.4,0.0000,0.0000
1998,12,29,7,30,-12.600000000000001,0,0,0,8.3,0.0000,0.0000
1998,12,29,8,0,-12.9,0,0,0,8.200000000000001,0.0000,0.0000
1998,12,29,8,30,-12.700000000000001,23,525,68,8.200000000000001,0.0000,0.0000
1998,12,29,9,0,-12.5,89,65,100,8.200000000000001,0.0000,0.0000
1998,12,29,9,30,-12,39,781,215,8,10.3491,7.9241
1998,12,29,10,0,-11.5,44,843,283,7.9,14.0251,10.8058
1998,12,29,10,30,-10.9,47,885,342,7.7,17.4232,13.4831
1998,12,29,11,0,-10.3,49,914,390,7.6000000000000005,20.2947,15.7504
1998,12,29,11,30,-9.8,50,932,424,7.4,22.3840,17.4025
1998,12,29,12,0,-9.3,52,955,451,7.300000000000001,24.0092,18.6840
1998,12,29,12,30,-9,52,946,453,7.1000000000000005,24.1802,18.8227
1998,12,29,13,0,-8.6,50,944,445,6.9,23.6862,18.4324
1998,12,29,13,30,-8.5,49,933,423,6.800000000000001,22.3242,17.3554
1998,12,29,14,0,-8.4,48,915,388,6.6000000000000005,20.1804,15.6607
1998,12,29,14,30,-8.6,45,887,340,6.2,17.3103,13.3945
1998,12,29,15,0,-8.8,43,843,281,5.9,13.9144,10.7189
1998,12,29,15,30,-9.3,38,780,213,5.300000000000001,10.2461,7.8437
1998,12,29,16,0,-9.8,32,681,139,4.7,0.0000,0.0000
1998,12,29,16,30,-10.5,22,521,66,3.7,0.0000,0.0000
1998,12,29,17,0,-11.200000000000001,0,0,0,2.7,0.0000,0.0000
1998,12,29,17,30,-11.700000000000001,0,0,0,2.2,0.0000,0.0000
1998,12,29,18,0,-12.200000000000001,0,0,0,1.7000000000000002,0.0000,0.0000
1998,12,29,18,30,-12.600000000000001,0,0,0,1.5,0.0000,0.0000
1998,12,29,19,0,-12.9,0,0,0,1.3,0.0000,0.0000
1998,12,29,19,30,-13.100000000000001,0,0,0,1.1,0.0000,0.0000
1998,12,29,20,0,-13.3,0,0,0,0.9,0.0000,0.0000
1998,12,29,20,30,-13.3,0,0,0,0.8,0.0000,0.0000
1998,12,29,21,0,-13.3,0,0,0,0.7000000000000001,0.0000,0.0000
1998,12,29,21,30,-13.100000000000001,0,0,0,0.6000000000000001,0.0000,0.0000
1998,12,29,22,0,-12.9,0,0,0,0.5,0.0000,0.0000
1998,12,29,22,30,-12.700000000000001,0,0,0,0.8,0.0000,0.0000
1998,12,29,23,0,-12.600000000000001,0,0,0,1.1,0.0000,0.0000
1998,12,29,23,30,-12.5,0,0,0,1.4000000000000001,0.0000,0.0000
1998,12,30,0,0,-12.4,0,0,0,1.6,0.0000,0.0000
1998,12,30,0,30,-12.4,0,0,0,2,0.0000,0.0000
1998,12,30,1,0,-12.3,0,0,0,2.3000000000000003,0.0000,0.0000
1998,12,30,1,30,-12.3,0,0,0,2.8000000000000003,0.0000,0.0000
1998,12,30,2,0,-12.3,0,0,0,3.2,0.0000,0.0000
1998,12,30,2,30,-12.3,0,0,0,3.7,0.0000,0.0000
1998,12,30,3,0,-12.4,0,0,0,4.2,0.0000,0.0000
1998,12,30,3,30,-12.5,0,0,0,4.4,0.0000,0.0000
1998,12,30,4,0,-12.700000000000001,0,0,0,4.7,0.0000,0.0000
1998,12,30,4,30,-12.700000000000001,0,0,0,4.9,0.0000,0.0000
1998,12,30,5,0,-12.700000000000001,0,0,0,5,0.0000,0.0000
1998,12,30,5,30,-12.700000000000001,0,0,0,5.2,0.0000,0.0000
1998,12,30,6,0,-12.600000000000001,0,0,0,5.4,0.0000,0.0000
1998,12,30,6,30,-12.600000000000001,0,0,0,5.6000000000000005,0.0000,0.0000
1998,12,30,7,0,-12.5,0,0,0,5.800000000000001,0.0000,0.0000
1998,12,30,7,30,-12.3,0,0,0,6,0.0000,0.0000
1998,12,30,8,0,-12.200000000000001,0,0,0,6.2,0.0000,0.0000
1998,12,30,8,30,-11.8,24,0,24,6.4,0.0000,0.0000
1998,12,30,9,0,-11.4,36,1,36,6.6000000000000005,0.0000,0.0000
1998,12,30,9,30,-10.8,96,15,99,6.800000000000001,4.7651,3.6485
1998,12,30,10,0,-10.200000000000001,39,0,39,7,1.9328,1.4891
1998,12,30,10,30,-9.3,69,1,69,7,3.5158,2.7208
1998,12,30,11,0,-8.3,62,835,374,7,19.4654,15.1071
1998,12,30,11,30,-7.1000000000000005,65,855,408,6.5,21.5461,16.7517
1998,12,30,12,0,-5.9,63,882,432,6.1000000000000005,23.0063,17.9043
1998,12,30,12,30,-4.800000000000001,63,881,437,5.4,23.3365,18.1668
1998,12,30,13,0,-3.7,61,881,431,4.7,22.9530,17.8629
1998,12,30,13,30,-2.9000000000000004,60,875,412,3.7,21.7590,16.9174
1998,12,30,14,0,-2.1,59,853,377,2.7,19.6232,15.2297
1998,12,30,14,30,-2.1,56,823,330,2,16.8165,13.0140
1998,12,30,15,0,-2.1,55,762,271,1.4000000000000001,13.4329,10.3499
1998,12,30,15,30,-2.8000000000000003,48,699,206,2.8000000000000003,9.9166,7.5930
1998,12,30,16,0,-3.6,42,570,132,4.2,0.0000,0.0000
1998,12,30,16,30,-4.9,28,402,62,5.1000000000000005,0.0000,0.0000
1998,12,30,17,0,-6.300000000000001,0,0,0,5.9,0.0000,0.0000
1998,12,30,17,30,-7.300000000000001,0,0,0,6.5,0.0000,0.0000
1998,12,30,18,0,-8.4,0,0,0,7,0.0000,0.0000
1998,12,30,18,30,-9.4,0,0,0,7.1000000000000005,0.0000,0.0000
1998,12,30,19,0,-10.3,0,0,0,7.2,0.0000,0.0000
1998,12,30,19,30,-11,0,0,0,6.9,0.0000,0.0000
1998,12,30,20,0,-11.700000000000001,0,0,0,6.6000000000000005,0.0000,0.0000
1998,12,30,20,30,-12,0,0,0,6.300000000000001,0.0000,0.0000
1998,12,30,21,0,-12.3,0,0,0,5.9,0.0000,0.0000
1998,12,30,21,30,-12.4,0,0,0,5.6000000000000005,0.0000,0.0000
1998,12,30,22,0,-12.4,0,0,0,5.300000000000001,0.0000,0.0000
1998,12,30,22,30,-12.5,0,0,0,4.9,0.0000,0.0000
1998,12,30,23,0,-12.600000000000001,0,0,0,4.6000000000000005,0.0000,0.0000
1998,12,30,23,30,-12.9,0,0,0,4.2,0.0000,0.0000
1998,12,31,0,0,-13.200000000000001,0,0,0,3.7,0.0000,0.0000
1998,12,31,0,30,-13.600000000000001,0,0,0,3.2,0.0000,0.0000
1998,12,31,1,0,-14,0,0,0,2.7,0.0000,0.0000
1998,12,31,1,30,-14.3,0,0,0,2.3000000000000003,0.0000,0.0000
1998,12,31,2,0,-14.600000000000001,0,0,0,1.8,0.0000,0.0000
1998,12,31,2,30,-14.9,0,0,0,1.8,0.0000,0.0000
1998,12,31,3,0,-15.100000000000001,0,0,0,1.8,0.0000,0.0000
1998,12,31,3,30,-15.3,0,0,0,2,0.0000,0.0000
1998,12,31,4,0,-15.5,0,0,0,2.2,0.0000,0.0000
1998,12,31,4,30,-15.600000000000001,0,0,0,2.4000000000000004,0.0000,0.0000
1998,12,31,5,0,-15.700000000000001,0,0,0,2.5,0.0000,0.0000
1998,12,31,5,30,-15.8,0,0,0,2.5,0.0000,0.0000
1998,12,31,6,0,-15.8,0,0,0,2.4000000000000004,0.0000,0.0000
1998,12,31,6,30,-15.8,0,0,0,2.3000000000000003,0.0000,0.0000
1998,12,31,7,0,-15.9,0,0,0,2.2,0.0000,0.0000
1998,12,31,7,30,-15.5,0,0,0,2.4000000000000004,0.0000,0.0000
1998,12,31,8,0,-15.100000000000001,0,0,0,2.6,0.0000,0.0000
1998,12,31,8,30,-13.9,24,0,24,2.6,0.0000,0.0000
1998,12,31,9,0,-12.700000000000001,88,11,89,2.7,0.0000,0.0000
1998,12,31,9,30,-11.200000000000001,52,736,217,2.8000000000000003,10.4447,7.9971
1998,12,31,10,0,-9.700000000000001,59,796,285,2.9000000000000004,14.1255,10.8833
1998,12,31,10,30,-8.6,65,841,346,2.8000000000000003,17.6334,13.6465
1998,12,31,11,0,-7.4,69,873,396,2.8000000000000003,20.6173,16.0018
1998,12,31,11,30,-6.800000000000001,132,0,132,2.7,6.9735,5.4220
1998,12,31,12,0,-6.1000000000000005,222,19,230,2.6,12.2542,9.5371
1998,12,31,12,30,-5.6000000000000005,75,908,462,2.5,24.6842,19.2171
1998,12,31,13,0,-5.2,75,903,455,2.4000000000000004,24.2474,18.8716
1998,12,31,13,30,-4.9,73,892,433,2.1,22.8842,17.7937
1998,12,31,14,0,-4.7,70,866,394,1.9000000000000001,20.5252,15.9315
1998,12,31,14,30,-4.800000000000001,172,28,181,1.5,9.2328,7.1461
1998,12,31,15,0,-4.800000000000001,115,5,117,1.1,5.8054,4.4737
1998,12,31,15,30,-5.300000000000001,37,0,37,0.7000000000000001,1.7826,1.3652
1998,12,31,16,0,-5.800000000000001,10,0,10,0.30000000000000004,0.0000,0.0000
1998,12,31,16,30,-6.800000000000001,29,0,29,0.6000000000000001,0.0000,0.0000
1998,12,31,17,0,-7.9,0,0,0,0.9,0.0000,0.0000
1998,12,31,17,30,-8.6,0,0,0,1.1,0.0000,0.0000
1998,12,31,18,0,-0.6000000000000001,0,0,0,5.4,0.0000,0.0000
1998,12,31,18,30,-0.8,0,0,0,5.300000000000001,0.0000,0.0000
1998,12,31,19,0,-0.9,0,0,0,5.300000000000001,0.0000,0.0000
1998,12,31,19,30,-1.1,0,0,0,5.300000000000001,0.0000,0.0000
1998,12,31,20,0,-1.2000000000000002,0,0,0,5.2,0.0000,0.0000
1998,12,31,20,30,-1.2000000000000002,0,0,0,5.2,0.0000,0.0000
1998,12,31,21,0,-1.3,0,0,0,5.300000000000001,0.0000,0.0000
1998,12,31,21,30,-1.1,0,0,0,5.2,0.0000,0.0000
1998,12,31,22,0,-1,0,0,0,5.2,0.0000,0.0000
1998,12,31,22,30,-0.9,0,0,0,5.2,0.0000,0.0000
1998,12,31,23,0,-0.8,0,0,0,5.2,0.0000,0.0000
1998,12,31,23,30,-0.8,0,0,0,5.300000000000001,0.0000,0.0000
