Source,Location ID,City,State,Country,Latitude,Longitude,Time Zone,Elevation,Local Time Zone,Clearsky DHI Units,Clearsky DNI Units,Clearsky GHI Units,Dew Point Units,DHI Units,DNI Units,GHI Units,Solar Zenith Angle Units,Temperature Units,Pressure Units,Relative Humidity Units,Precipitable Water Units,Wind Direction Units,Wind Speed Units,Cloud Type -15,Cloud Type 0,Cloud Type 1,Cloud Type 2,Cloud Type 3,Cloud Type 4,Cloud Type 5,Cloud Type 6,Cloud Type 7,Cloud Type 8,Cloud Type 9,Cloud Type 10,Cloud Type 11,Cloud Type 12,Fill Flag 0,Fill Flag 1,Fill Flag 2,Fill Flag 3,Fill Flag 4,Fill Flag 5,Surface Albedo Units,Version
NSRDB,700696,-,-,-,41.73,-96.86,-6,437,-6,w/m2,w/m2,w/m2,c,w/m2,w/m2,w/m2,Degree,c,mbar,%,cm,Degrees,m/s,N/A,Clear,Probably Clear,Fog,Water,Super-Cooled Water,Mixed,Opaque Ice,Cirrus,Overlapping,Overshooting,Unknown,Dust,Smoke,N/A,Missing Image,Low Irradiance,Exceeds Clearsky,Missing CLoud Properties,Rayleigh Violation,N/A,4.0.1
Year,Month,Day,Hour,Minute,Temperature,DHI,DNI,GHI,Wind Speed,Global Horizontal UV Irradiance (280-400nm),Global Horizontal UV Irradiance (295-385nm)
2009,1,1,0,0,-8.3,0,0,0,6.2,0.0000,0.0000
2009,1,1,0,30,-8.200000000000001,0,0,0,6.1000000000000005,0.0000,0.0000
2009,1,1,1,0,-8.200000000000001,0,0,0,6,0.0000,0.0000
2009,1,1,1,30,-8.1,0,0,0,5.9,0.0000,0.0000
2009,1,1,2,0,-8,0,0,0,5.7,0.0000,0.0000
2009,1,1,2,30,-8,0,0,0,5.4,0.0000,0.0000
2009,1,1,3,0,-7.9,0,0,0,5.2,0.0000,0.0000
2009,1,1,3,30,-7.9,0,0,0,4.800000000000001,0.0000,0.0000
2009,1,1,4,0,-7.9,0,0,0,4.5,0.0000,0.0000
2009,1,1,4,30,-7.7,0,0,0,4.2,0.0000,0.0000
2009,1,1,5,0,-7.6000000000000005,0,0,0,4,0.0000,0.0000
2009,1,1,5,30,-7.2,0,0,0,3.8000000000000003,0.0000,0.0000
2009,1,1,6,0,-6.9,0,0,0,3.6,0.0000,0.0000
2009,1,1,6,30,-6.800000000000001,0,0,0,3.2,0.0000,0.0000
2009,1,1,7,0,-6.7,0,0,0,2.8000000000000003,0.0000,0.0000
2009,1,1,7,30,-6.5,0,0,0,2.7,0.0000,0.0000
2009,1,1,8,0,-6.300000000000001,0,0,0,2.6,0.0000,0.0000
2009,1,1,8,30,-5.300000000000001,18,0,18,2.8000000000000003,0.0000,0.0000
2009,1,1,9,0,-4.4,73,19,76,3.1,0.0000,0.0000
2009,1,1,9,30,-3.1,118,127,147,3.1,7.0759,5.4179
2009,1,1,10,0,-1.7000000000000002,149,15,153,3,7.5853,5.8445
2009,1,1,10,30,-0.6000000000000001,162,245,243,2.7,12.3886,9.5880
2009,1,1,11,0,0.6000000000000001,124,10,128,2.4000000000000004,6.6675,5.1752
2009,1,1,11,30,1.6,196,49,216,2.4000000000000004,11.4183,8.8786
2009,1,1,12,0,2.6,222,118,272,2.4000000000000004,14.5027,11.2880
2009,1,1,12,30,3.2,190,26,201,2.5,10.7494,8.3695
2009,1,1,13,0,3.9000000000000004,206,47,226,2.6,12.0563,9.3844
2009,1,1,13,30,4.1000000000000005,216,120,265,2.5,14.0228,10.9050
2009,1,1,14,0,4.2,178,59,200,2.3000000000000003,10.4337,8.1000
2009,1,1,14,30,3.6,138,24,146,1.9000000000000001,7.4595,5.7750
2009,1,1,15,0,3,142,92,169,1.5,8.4003,6.4755
2009,1,1,15,30,1.8,63,0,64,1.6,3.0877,2.3657
2009,1,1,16,0,0.5,78,20,81,1.7000000000000002,0.0000,0.0000
2009,1,1,16,30,-0.4,36,1,36,1.8,0.0000,0.0000
2009,1,1,17,0,-1.2000000000000002,0,0,0,1.9000000000000001,0.0000,0.0000
2009,1,1,17,30,-1.7000000000000002,0,0,0,1.8,0.0000,0.0000
2009,1,1,18,0,-2.2,0,0,0,1.8,0.0000,0.0000
2009,1,1,18,30,-2.7,0,0,0,1.7000000000000002,0.0000,0.0000
2009,1,1,19,0,-3.3000000000000003,0,0,0,1.6,0.0000,0.0000
2009,1,1,19,30,-3.6,0,0,0,1.6,0.0000,0.0000
2009,1,1,20,0,-4,0,0,0,1.6,0.0000,0.0000
2009,1,1,20,30,-4.2,0,0,0,1.7000000000000002,0.0000,0.0000
2009,1,1,21,0,-4.3,0,0,0,1.8,0.0000,0.0000
2009,1,1,21,30,-4,0,0,0,1.9000000000000001,0.0000,0.0000
2009,1,1,22,0,-3.6,0,0,0,2.1,0.0000,0.0000
2009,1,1,22,30,-3.4000000000000004,0,0,0,2.1,0.0000,0.0000
2009,1,1,23,0,-3.1,0,0,0,2,0.0000,0.0000
2009,1,1,23,30,-3.1,0,0,0,1.9000000000000001,0.0000,0.0000
2009,1,2,0,0,-3.2,0,0,0,1.7000000000000002,0.0000,0.0000
2009,1,2,0,30,-3.2,0,0,0,1.6,0.0000,0.0000
2009,1,2,1,0,-3.2,0,0,0,1.5,0.0000,0.0000
2009,1,2,1,30,-3.3000000000000003,0,0,0,1.4000000000000001,0.0000,0.0000
2009,1,2,2,0,-3.4000000000000004,0,0,0,1.4000000000000001,0.0000,0.0000
2009,1,2,2,30,-4,0,0,0,1.7000000000000002,0.0000,0.0000
2009,1,2,3,0,-4.7,0,0,0,2,0.0000,0.0000
2009,1,2,3,30,-5.4,0,0,0,2.3000000000000003,0.0000,0.0000
2009,1,2,4,0,-6.2,0,0,0,2.6,0.0000,0.0000
2009,1,2,4,30,-6.9,0,0,0,2.3000000000000003,0.0000,0.0000
2009,1,2,5,0,-7.6000000000000005,0,0,0,2,0.0000,0.0000
2009,1,2,5,30,-8.1,0,0,0,1.8,0.0000,0.0000
2009,1,2,6,0,-8.5,0,0,0,1.7000000000000002,0.0000,0.0000
2009,1,2,6,30,-8.700000000000001,0,0,0,1.9000000000000001,0.0000,0.0000
2009,1,2,7,0,-8.8,0,0,0,2.2,0.0000,0.0000
2009,1,2,7,30,-8.3,0,0,0,2.8000000000000003,0.0000,0.0000
2009,1,2,8,0,-7.7,0,0,0,3.4000000000000004,0.0000,0.0000
2009,1,2,8,30,-6.6000000000000005,24,438,61,3.9000000000000004,0.0000,0.0000
2009,1,2,9,0,-5.5,35,613,132,4.4,0.0000,0.0000
2009,1,2,9,30,-4.4,43,716,204,4.800000000000001,9.8210,7.5200
2009,1,2,10,0,-3.2,108,2,108,5.1000000000000005,5.3558,4.1269
2009,1,2,10,30,-2.1,165,64,186,5.4,9.4861,7.3420
2009,1,2,11,0,-1.1,166,297,277,5.6000000000000005,14.4350,11.2048
2009,1,2,11,30,-0.1,231,46,250,5.5,13.2229,10.2824
2009,1,2,12,0,0.9,183,358,335,5.4,17.8724,13.9117
2009,1,2,12,30,1.6,215,166,286,5.1000000000000005,15.3052,11.9175
2009,1,2,13,0,2.3000000000000003,60,881,435,4.800000000000001,23.2228,18.0778
2009,1,2,13,30,2.7,59,871,414,4.6000000000000005,21.9259,17.0527
2009,1,2,14,0,3,180,13,186,4.4,9.7130,7.5415
2009,1,2,14,30,2.8000000000000003,53,827,335,4,17.1361,13.2686
2009,1,2,15,0,2.7,133,32,143,3.6,7.1166,5.4870
2009,1,2,15,30,1.8,44,722,212,3.4000000000000004,10.2378,7.8456
2009,1,2,16,0,0.9,36,623,140,3.2,0.0000,0.0000
2009,1,2,16,30,0.30000000000000004,26,470,69,3.5,0.0000,0.0000
2009,1,2,17,0,-0.30000000000000004,0,0,0,3.9000000000000004,0.0000,0.0000
2009,1,2,17,30,-0.5,0,0,0,4.2,0.0000,0.0000
2009,1,2,18,0,-0.6000000000000001,0,0,0,4.5,0.0000,0.0000
2009,1,2,18,30,-0.9,0,0,0,4.6000000000000005,0.0000,0.0000
2009,1,2,19,0,-1.2000000000000002,0,0,0,4.7,0.0000,0.0000
2009,1,2,19,30,-1.4000000000000001,0,0,0,4.7,0.0000,0.0000
2009,1,2,20,0,-1.7000000000000002,0,0,0,4.7,0.0000,0.0000
2009,1,2,20,30,-1.9000000000000001,0,0,0,4.7,0.0000,0.0000
2009,1,2,21,0,-2.1,0,0,0,4.800000000000001,0.0000,0.0000
2009,1,2,21,30,-2.3000000000000003,0,0,0,4.800000000000001,0.0000,0.0000
2009,1,2,22,0,-2.5,0,0,0,4.9,0.0000,0.0000
2009,1,2,22,30,-2.5,0,0,0,5,0.0000,0.0000
2009,1,2,23,0,-2.6,0,0,0,5.1000000000000005,0.0000,0.0000
2009,1,2,23,30,-2.6,0,0,0,5,0.0000,0.0000
2009,1,3,0,0,-2.7,0,0,0,5,0.0000,0.0000
2009,1,3,0,30,-2.8000000000000003,0,0,0,4.800000000000001,0.0000,0.0000
2009,1,3,1,0,-2.9000000000000004,0,0,0,4.5,0.0000,0.0000
2009,1,3,1,30,-3,0,0,0,4.3,0.0000,0.0000
2009,1,3,2,0,-3,0,0,0,4,0.0000,0.0000
2009,1,3,2,30,-3,0,0,0,3.7,0.0000,0.0000
2009,1,3,3,0,-3,0,0,0,3.4000000000000004,0.0000,0.0000
2009,1,3,3,30,-3,0,0,0,3.1,0.0000,0.0000
2009,1,3,4,0,-2.9000000000000004,0,0,0,2.9000000000000004,0.0000,0.0000
2009,1,3,4,30,-2.7,0,0,0,2.7,0.0000,0.0000
2009,1,3,5,0,-2.6,0,0,0,2.6,0.0000,0.0000
2009,1,3,5,30,-2.5,0,0,0,2.5,0.0000,0.0000
2009,1,3,6,0,-2.3000000000000003,0,0,0,2.4000000000000004,0.0000,0.0000
2009,1,3,6,30,-2.2,0,0,0,2.1,0.0000,0.0000
2009,1,3,7,0,-2.1,0,0,0,1.8,0.0000,0.0000
2009,1,3,7,30,-1.9000000000000001,0,0,0,1.6,0.0000,0.0000
2009,1,3,8,0,-1.8,0,0,0,1.3,0.0000,0.0000
2009,1,3,8,30,-1.6,18,0,18,1.9000000000000001,0.0000,0.0000
2009,1,3,9,0,-1.4000000000000001,17,0,17,2.4000000000000004,0.0000,0.0000
2009,1,3,9,30,-1.3,7,0,7,3.4000000000000004,0.3370,0.2581
2009,1,3,10,0,-1.1,43,0,43,4.4,2.1330,1.6437
2009,1,3,10,30,-1.4000000000000001,79,704,315,5.5,16.0724,12.4405
2009,1,3,11,0,-1.7000000000000002,13,0,13,6.6000000000000005,0.6778,0.5262
2009,1,3,11,30,-2.4000000000000004,27,0,27,7.300000000000001,1.4288,1.1112
2009,1,3,12,0,-3.1,27,0,27,8,1.4414,1.1221
2009,1,3,12,30,-3.9000000000000004,79,1,80,8.200000000000001,4.2843,3.3362
2009,1,3,13,0,-4.6000000000000005,49,0,49,8.5,2.6180,2.0382
2009,1,3,13,30,-5.300000000000001,33,0,33,8.6,1.7493,1.3607
2009,1,3,14,0,-6,83,0,83,8.700000000000001,4.3390,3.3693
2009,1,3,14,30,-6.6000000000000005,71,0,71,8.700000000000001,3.6361,2.8159
2009,1,3,15,0,-7.1000000000000005,54,0,54,8.8,2.6909,2.0752
2009,1,3,15,30,-7.6000000000000005,67,570,201,8.8,9.7167,7.4482
2009,1,3,16,0,-8.1,55,453,131,8.8,0.0000,0.0000
2009,1,3,16,30,-8.5,16,0,16,8.8,0.0000,0.0000
2009,1,3,17,0,-8.9,12,64,13,8.9,0.0000,0.0000
2009,1,3,17,30,-9.200000000000001,0,0,0,8.9,0.0000,0.0000
2009,1,3,18,0,-9.4,0,0,0,8.9,0.0000,0.0000
2009,1,3,18,30,-9.700000000000001,0,0,0,9,0.0000,0.0000
2009,1,3,19,0,-9.9,0,0,0,9,0.0000,0.0000
2009,1,3,19,30,-10.100000000000001,0,0,0,9,0.0000,0.0000
2009,1,3,20,0,-10.4,0,0,0,9.1,0.0000,0.0000
2009,1,3,20,30,-10.700000000000001,0,0,0,9,0.0000,0.0000
2009,1,3,21,0,-11,0,0,0,9,0.0000,0.0000
2009,1,3,21,30,-11.5,0,0,0,8.8,0.0000,0.0000
2009,1,3,22,0,-12,0,0,0,8.6,0.0000,0.0000
2009,1,3,22,30,-12.4,0,0,0,8.4,0.0000,0.0000
2009,1,3,23,0,-12.9,0,0,0,8.200000000000001,0.0000,0.0000
2009,1,3,23,30,-13.200000000000001,0,0,0,8.1,0.0000,0.0000
2009,1,4,0,0,-13.600000000000001,0,0,0,8,0.0000,0.0000
2009,1,4,0,30,-13.9,0,0,0,7.800000000000001,0.0000,0.0000
2009,1,4,1,0,-14.200000000000001,0,0,0,7.6000000000000005,0.0000,0.0000
2009,1,4,1,30,-14.4,0,0,0,7.4,0.0000,0.0000
2009,1,4,2,0,-14.600000000000001,0,0,0,7.2,0.0000,0.0000
2009,1,4,2,30,-14.700000000000001,0,0,0,7.2,0.0000,0.0000
2009,1,4,3,0,-14.8,0,0,0,7.2,0.0000,0.0000
2009,1,4,3,30,-14.9,0,0,0,7.1000000000000005,0.0000,0.0000
2009,1,4,4,0,-15,0,0,0,7,0.0000,0.0000
2009,1,4,4,30,-15.200000000000001,0,0,0,6.7,0.0000,0.0000
2009,1,4,5,0,-15.4,0,0,0,6.4,0.0000,0.0000
2009,1,4,5,30,-15.8,0,0,0,6.1000000000000005,0.0000,0.0000
2009,1,4,6,0,-16.2,0,0,0,5.800000000000001,0.0000,0.0000
2009,1,4,6,30,-16.6,0,0,0,5.5,0.0000,0.0000
2009,1,4,7,0,-17.1,0,0,0,5.2,0.0000,0.0000
2009,1,4,7,30,-17.2,0,0,0,5.1000000000000005,0.0000,0.0000
2009,1,4,8,0,-17.2,0,0,0,4.9,0.0000,0.0000
2009,1,4,8,30,-16.400000000000002,39,1,39,5,0.0000,0.0000
2009,1,4,9,0,-15.600000000000001,81,27,86,5,0.0000,0.0000
2009,1,4,9,30,-14.600000000000001,122,52,134,4.800000000000001,6.4536,4.9421
2009,1,4,10,0,-13.600000000000001,46,869,295,4.5,14.6402,11.2824
2009,1,4,10,30,-12.600000000000001,50,911,357,4.2,18.2253,14.1080
2009,1,4,11,0,-11.5,52,940,407,3.9000000000000004,21.2326,16.4835
2009,1,4,11,30,-10.600000000000001,54,958,445,3.6,23.5640,18.3264
2009,1,4,12,0,-9.700000000000001,62,955,469,3.3000000000000003,25.0563,19.5067
2009,1,4,12,30,-8.9,62,959,477,3.2,25.5652,19.9098
2009,1,4,13,0,-8,60,961,471,3.1,25.1871,19.6105
2009,1,4,13,30,-7.4,58,952,450,3.2,23.8782,18.5752
2009,1,4,14,0,-6.800000000000001,54,939,415,3.3000000000000003,21.7198,16.8685
2009,1,4,14,30,-6.6000000000000005,190,18,196,3.2,10.0501,7.7845
2009,1,4,15,0,-6.4,48,874,306,3.1,15.2697,11.7786
2009,1,4,15,30,-7.4,43,815,236,2.3000000000000003,11.4217,8.7576
2009,1,4,16,0,-8.4,36,725,160,1.5,0.0000,0.0000
2009,1,4,16,30,-9.600000000000001,26,576,82,1.5,0.0000,0.0000
2009,1,4,17,0,-10.700000000000001,12,304,18,1.4000000000000001,0.0000,0.0000
2009,1,4,17,30,-11.100000000000001,0,0,0,1.5,0.0000,0.0000
2009,1,4,18,0,-11.4,0,0,0,1.6,0.0000,0.0000
2009,1,4,18,30,-11.700000000000001,0,0,0,1.7000000000000002,0.0000,0.0000
2009,1,4,19,0,-11.9,0,0,0,1.9000000000000001,0.0000,0.0000
2009,1,4,19,30,-12,0,0,0,2,0.0000,0.0000
2009,1,4,20,0,-12.100000000000001,0,0,0,2.1,0.0000,0.0000
2009,1,4,20,30,-12.100000000000001,0,0,0,2.3000000000000003,0.0000,0.0000
2009,1,4,21,0,-12.100000000000001,0,0,0,2.4000000000000004,0.0000,0.0000
2009,1,4,21,30,-12,0,0,0,2.6,0.0000,0.0000
2009,1,4,22,0,-11.9,0,0,0,2.8000000000000003,0.0000,0.0000
2009,1,4,22,30,-11.8,0,0,0,2.9000000000000004,0.0000,0.0000
2009,1,4,23,0,-11.8,0,0,0,3,0.0000,0.0000
2009,1,4,23,30,-11.8,0,0,0,3.1,0.0000,0.0000
2009,1,5,0,0,-11.8,0,0,0,3.2,0.0000,0.0000
2009,1,5,0,30,-11.8,0,0,0,3.2,0.0000,0.0000
2009,1,5,1,0,-11.9,0,0,0,3.3000000000000003,0.0000,0.0000
2009,1,5,1,30,-11.9,0,0,0,3.4000000000000004,0.0000,0.0000
2009,1,5,2,0,-11.9,0,0,0,3.6,0.0000,0.0000
2009,1,5,2,30,-12,0,0,0,3.7,0.0000,0.0000
2009,1,5,3,0,-12,0,0,0,3.9000000000000004,0.0000,0.0000
2009,1,5,3,30,-12.100000000000001,0,0,0,3.9000000000000004,0.0000,0.0000
2009,1,5,4,0,-12.200000000000001,0,0,0,3.9000000000000004,0.0000,0.0000
2009,1,5,4,30,-12.3,0,0,0,3.9000000000000004,0.0000,0.0000
2009,1,5,5,0,-12.5,0,0,0,4,0.0000,0.0000
2009,1,5,5,30,-12.5,0,0,0,4,0.0000,0.0000
2009,1,5,6,0,-12.5,0,0,0,4,0.0000,0.0000
2009,1,5,6,30,-12.600000000000001,0,0,0,4,0.0000,0.0000
2009,1,5,7,0,-12.700000000000001,0,0,0,3.9000000000000004,0.0000,0.0000
2009,1,5,7,30,-12.3,0,0,0,4.2,0.0000,0.0000
2009,1,5,8,0,-11.8,0,0,0,4.4,0.0000,0.0000
2009,1,5,8,30,-10.600000000000001,23,535,68,4.6000000000000005,0.0000,0.0000
2009,1,5,9,0,-9.4,33,694,144,4.7,0.0000,0.0000
2009,1,5,9,30,-8,40,791,220,4.7,10.5977,8.1161
2009,1,5,10,0,-6.6000000000000005,46,853,291,4.6000000000000005,14.4483,11.1355
2009,1,5,10,30,-4.9,50,896,352,4.800000000000001,17.9798,13.9190
2009,1,5,11,0,-3.3000000000000003,52,925,402,5,20.9857,16.2932
2009,1,5,11,30,-1.9000000000000001,54,932,435,5.800000000000001,23.0505,17.9285
2009,1,5,12,0,-0.5,68,907,456,6.6000000000000005,24.3778,18.9798
2009,1,5,12,30,0.1,68,912,464,6.800000000000001,24.8881,19.3841
2009,1,5,13,0,0.7000000000000001,64,920,460,7,24.6203,19.1711
2009,1,5,13,30,0.9,63,911,440,6.800000000000001,23.3707,18.1825
2009,1,5,14,0,1.1,58,901,406,6.7,21.2731,16.5239
2009,1,5,14,30,0.9,56,873,359,6.2,18.4311,14.2785
2009,1,5,15,0,0.8,48,845,301,5.7,15.0398,11.6038
2009,1,5,15,30,-0.1,44,799,236,5.2,11.4351,8.7702
2009,1,5,16,0,-1,35,717,160,4.6000000000000005,7.6292,5.8140
2009,1,5,16,30,-2,26,571,83,4.6000000000000005,0.0000,0.0000
2009,1,5,17,0,-2.9000000000000004,12,318,19,4.5,0.0000,0.0000
2009,1,5,17,30,-3.4000000000000004,0,0,0,4.7,0.0000,0.0000
2009,1,5,18,0,-3.8000000000000003,0,0,0,4.800000000000001,0.0000,0.0000
2009,1,5,18,30,-4.2,0,0,0,4.800000000000001,0.0000,0.0000
2009,1,5,19,0,-4.7,0,0,0,4.800000000000001,0.0000,0.0000
2009,1,5,19,30,-5.1000000000000005,0,0,0,4.800000000000001,0.0000,0.0000
2009,1,5,20,0,-5.6000000000000005,0,0,0,4.800000000000001,0.0000,0.0000
2009,1,5,20,30,-6,0,0,0,4.800000000000001,0.0000,0.0000
2009,1,5,21,0,-6.4,0,0,0,4.800000000000001,0.0000,0.0000
2009,1,5,21,30,-6.7,0,0,0,4.800000000000001,0.0000,0.0000
2009,1,5,22,0,-7,0,0,0,4.9,0.0000,0.0000
2009,1,5,22,30,-7.2,0,0,0,4.800000000000001,0.0000,0.0000
2009,1,5,23,0,-7.4,0,0,0,4.800000000000001,0.0000,0.0000
2009,1,5,23,30,-7.7,0,0,0,4.6000000000000005,0.0000,0.0000
2009,1,6,0,0,-7.9,0,0,0,4.5,0.0000,0.0000
2009,1,6,0,30,-8.1,0,0,0,4.5,0.0000,0.0000
2009,1,6,1,0,-8.200000000000001,0,0,0,4.4,0.0000,0.0000
2009,1,6,1,30,-8.5,0,0,0,4.2,0.0000,0.0000
2009,1,6,2,0,-8.700000000000001,0,0,0,3.9000000000000004,0.0000,0.0000
2009,1,6,2,30,-8.8,0,0,0,3.8000000000000003,0.0000,0.0000
2009,1,6,3,0,-8.9,0,0,0,3.7,0.0000,0.0000
2009,1,6,3,30,-9.1,0,0,0,3.4000000000000004,0.0000,0.0000
2009,1,6,4,0,-9.3,0,0,0,3.1,0.0000,0.0000
2009,1,6,4,30,-9.1,0,0,0,3,0.0000,0.0000
2009,1,6,5,0,-9,0,0,0,2.8000000000000003,0.0000,0.0000
2009,1,6,5,30,-8.700000000000001,0,0,0,2.4000000000000004,0.0000,0.0000
2009,1,6,6,0,-8.5,0,0,0,2,0.0000,0.0000
2009,1,6,6,30,-8.6,0,0,0,1.8,0.0000,0.0000
2009,1,6,7,0,-8.6,0,0,0,1.6,0.0000,0.0000
2009,1,6,7,30,-8.3,0,0,0,1.6,0.0000,0.0000
2009,1,6,8,0,-7.9,0,0,0,1.6,0.0000,0.0000
2009,1,6,8,30,-6.4,41,10,41,2,0.0000,0.0000
2009,1,6,9,0,-5,81,32,86,2.4000000000000004,0.0000,0.0000
2009,1,6,9,30,-3.9000000000000004,39,764,213,2.4000000000000004,10.2641,7.8613
2009,1,6,10,0,-2.8000000000000003,44,828,282,2.5,14.0080,10.7970
2009,1,6,10,30,-1.5,48,871,343,2.7,17.5311,13.5729
2009,1,6,11,0,-0.30000000000000004,51,898,392,2.8000000000000003,20.4772,15.8997
2009,1,6,11,30,0.7000000000000001,53,917,429,3,22.7500,17.6963
2009,1,6,12,0,1.7000000000000002,55,926,453,3.2,24.2369,18.8717
2009,1,6,12,30,2.4000000000000004,56,930,462,3.3000000000000003,24.8020,19.3189
2009,1,6,13,0,3,56,919,453,3.5,24.2684,18.8990
2009,1,6,13,30,3.3000000000000003,55,909,433,3.5,23.0232,17.9143
2009,1,6,14,0,3.5,54,890,400,3.5,20.9826,16.3005
2009,1,6,14,30,3.2,52,863,354,2.9000000000000004,18.2001,14.1024
2009,1,6,15,0,3,49,821,296,2.2,14.8120,11.4309
2009,1,6,15,30,1.7000000000000002,44,761,228,2,11.0606,8.4854
2009,1,6,16,0,0.5,37,667,155,1.7000000000000002,7.3890,5.6318
2009,1,6,16,30,0.1,46,2,47,2,0.0000,0.0000
2009,1,6,17,0,-0.4,8,0,8,2.3000000000000003,0.0000,0.0000
2009,1,6,17,30,-0.1,0,0,0,2.9000000000000004,0.0000,0.0000
2009,1,6,18,0,0.1,0,0,0,3.6,0.0000,0.0000
2009,1,6,18,30,0.2,0,0,0,4.2,0.0000,0.0000
2009,1,6,19,0,0.2,0,0,0,4.800000000000001,0.0000,0.0000
2009,1,6,19,30,0,0,0,0,5,0.0000,0.0000
2009,1,6,20,0,-0.1,0,0,0,5.2,0.0000,0.0000
2009,1,6,20,30,-0.5,0,0,0,5.2,0.0000,0.0000
2009,1,6,21,0,-0.9,0,0,0,5.300000000000001,0.0000,0.0000
2009,1,6,21,30,-1.7000000000000002,0,0,0,5,0.0000,0.0000
2009,1,6,22,0,-2.4000000000000004,0,0,0,4.800000000000001,0.0000,0.0000
2009,1,6,22,30,-3.1,0,0,0,4.7,0.0000,0.0000
2009,1,6,23,0,-3.7,0,0,0,4.6000000000000005,0.0000,0.0000
2009,1,6,23,30,-4.2,0,0,0,4.7,0.0000,0.0000
2009,1,7,0,0,-4.6000000000000005,0,0,0,4.7,0.0000,0.0000
2009,1,7,0,30,-4.9,0,0,0,5.1000000000000005,0.0000,0.0000
2009,1,7,1,0,-5.1000000000000005,0,0,0,5.4,0.0000,0.0000
2009,1,7,1,30,-5.300000000000001,0,0,0,5.5,0.0000,0.0000
2009,1,7,2,0,-5.6000000000000005,0,0,0,5.6000000000000005,0.0000,0.0000
2009,1,7,2,30,-5.7,0,0,0,5.5,0.0000,0.0000
2009,1,7,3,0,-5.9,0,0,0,5.4,0.0000,0.0000
2009,1,7,3,30,-6.1000000000000005,0,0,0,5.4,0.0000,0.0000
2009,1,7,4,0,-6.2,0,0,0,5.300000000000001,0.0000,0.0000
2009,1,7,4,30,-6.300000000000001,0,0,0,5.2,0.0000,0.0000
2009,1,7,5,0,-6.5,0,0,0,5.1000000000000005,0.0000,0.0000
2009,1,7,5,30,-6.7,0,0,0,5,0.0000,0.0000
2009,1,7,6,0,-6.800000000000001,0,0,0,4.800000000000001,0.0000,0.0000
2009,1,7,6,30,-6.9,0,0,0,4.7,0.0000,0.0000
2009,1,7,7,0,-7,0,0,0,4.5,0.0000,0.0000
2009,1,7,7,30,-6.9,0,0,0,4.3,0.0000,0.0000
2009,1,7,8,0,-6.800000000000001,0,0,0,4.1000000000000005,0.0000,0.0000
2009,1,7,8,30,-6.6000000000000005,36,4,36,4.1000000000000005,0.0000,0.0000
2009,1,7,9,0,-6.300000000000001,70,12,72,4.2,0.0000,0.0000
2009,1,7,9,30,-5.9,92,12,95,4.1000000000000005,4.5795,3.5078
2009,1,7,10,0,-5.5,119,18,124,4.1000000000000005,6.1636,4.7512
2009,1,7,10,30,-5.1000000000000005,91,4,93,4.1000000000000005,4.7563,3.6828
2009,1,7,11,0,-4.7,88,2,89,4,4.6526,3.6129
2009,1,7,11,30,-4.3,154,16,161,4.1000000000000005,8.5444,6.6469
2009,1,7,12,0,-3.9000000000000004,135,8,138,4.1000000000000005,7.3898,5.7546
2009,1,7,12,30,-3.5,127,5,129,4.1000000000000005,6.9311,5.3993
2009,1,7,13,0,-3.1,122,5,124,4.1000000000000005,6.6497,5.1790
2009,1,7,13,30,-2.8000000000000003,89,0,89,4.2,4.7372,3.6865
2009,1,7,14,0,-2.5,61,0,61,4.2,3.2037,2.4892
2009,1,7,14,30,-2.5,165,10,169,4.3,8.7002,6.7426
2009,1,7,15,0,-2.4000000000000004,153,123,190,4.3,9.5219,7.3501
2009,1,7,15,30,-2.9000000000000004,89,12,92,3.9000000000000004,4.4692,3.4297
2009,1,7,16,0,-3.5,97,57,107,3.5,5.1001,3.8880
2009,1,7,16,30,-4.3,26,1,26,3.1,0.0000,0.0000
2009,1,7,17,0,-5.1000000000000005,8,0,8,2.7,0.0000,0.0000
2009,1,7,17,30,-5.5,0,0,0,2.8000000000000003,0.0000,0.0000
2009,1,7,18,0,-5.9,0,0,0,3,0.0000,0.0000
2009,1,7,18,30,-6.6000000000000005,0,0,0,3,0.0000,0.0000
2009,1,7,19,0,-7.2,0,0,0,3,0.0000,0.0000
2009,1,7,19,30,-8,0,0,0,2.9000000000000004,0.0000,0.0000
2009,1,7,20,0,-8.8,0,0,0,2.9000000000000004,0.0000,0.0000
2009,1,7,20,30,-9.4,0,0,0,2.9000000000000004,0.0000,0.0000
2009,1,7,21,0,-10.100000000000001,0,0,0,2.9000000000000004,0.0000,0.0000
2009,1,7,21,30,-10.600000000000001,0,0,0,2.8000000000000003,0.0000,0.0000
2009,1,7,22,0,-11.100000000000001,0,0,0,2.8000000000000003,0.0000,0.0000
2009,1,7,22,30,-11.5,0,0,0,2.8000000000000003,0.0000,0.0000
2009,1,7,23,0,-11.9,0,0,0,2.8000000000000003,0.0000,0.0000
2009,1,7,23,30,-12.100000000000001,0,0,0,2.9000000000000004,0.0000,0.0000
2009,1,8,0,0,-12.4,0,0,0,2.9000000000000004,0.0000,0.0000
2009,1,8,0,30,-12.4,0,0,0,3,0.0000,0.0000
2009,1,8,1,0,-12.5,0,0,0,3.1,0.0000,0.0000
2009,1,8,1,30,-12.4,0,0,0,3.1,0.0000,0.0000
2009,1,8,2,0,-12.3,0,0,0,3.1,0.0000,0.0000
2009,1,8,2,30,-12.200000000000001,0,0,0,2.9000000000000004,0.0000,0.0000
2009,1,8,3,0,-12.100000000000001,0,0,0,2.7,0.0000,0.0000
2009,1,8,3,30,-12.100000000000001,0,0,0,2.5,0.0000,0.0000
2009,1,8,4,0,-12.100000000000001,0,0,0,2.2,0.0000,0.0000
2009,1,8,4,30,-12,0,0,0,2,0.0000,0.0000
2009,1,8,5,0,-12,0,0,0,1.8,0.0000,0.0000
2009,1,8,5,30,-11.9,0,0,0,1.5,0.0000,0.0000
2009,1,8,6,0,-11.9,0,0,0,1.3,0.0000,0.0000
2009,1,8,6,30,-11.8,0,0,0,1.1,0.0000,0.0000
2009,1,8,7,0,-11.700000000000001,0,0,0,1,0.0000,0.0000
2009,1,8,7,30,-11.4,0,0,0,0.9,0.0000,0.0000
2009,1,8,8,0,-11,0,0,0,0.7000000000000001,0.0000,0.0000
2009,1,8,8,30,-10.3,25,447,64,0.6000000000000001,0.0000,0.0000
2009,1,8,9,0,-9.700000000000001,68,2,68,0.5,0.0000,0.0000
2009,1,8,9,30,-8.9,44,718,209,1,10.0791,7.7212
2009,1,8,10,0,-8.1,50,781,277,1.4000000000000001,13.7775,10.6218
2009,1,8,10,30,-7.2,54,826,336,2,17.1980,13.3177
2009,1,8,11,0,-6.300000000000001,57,857,385,2.5,20.1431,15.6433
2009,1,8,11,30,-5.300000000000001,59,877,422,3,22.4146,17.4386
2009,1,8,12,0,-4.4,160,1,160,3.5,8.5753,6.6783
2009,1,8,12,30,-3.6,141,1,141,3.8000000000000003,7.5834,5.9080
2009,1,8,13,0,-2.7,212,19,220,4.1000000000000005,11.8096,9.1988
2009,1,8,13,30,-2.1,246,62,273,4.2,14.5485,11.3230
2009,1,8,14,0,-1.5,67,822,390,4.4,20.5092,15.9376
2009,1,8,14,30,-1.2000000000000002,64,793,345,4.3,17.7873,13.7878
2009,1,8,15,0,-1,59,750,289,4.3,14.5063,11.2005
2009,1,8,15,30,-1.5,53,683,222,3.7,10.7986,8.2894
2009,1,8,16,0,-2,52,0,52,3.1,2.4785,1.8898
2009,1,8,16,30,-2.7,40,0,40,3.1,0.0000,0.0000
2009,1,8,17,0,-3.5,5,0,5,3.1,0.0000,0.0000
2009,1,8,17,30,-3.7,0,0,0,3.5,0.0000,0.0000
2009,1,8,18,0,-3.8000000000000003,0,0,0,4,0.0000,0.0000
2009,1,8,18,30,-4.2,0,0,0,4.2,0.0000,0.0000
2009,1,8,19,0,-4.6000000000000005,0,0,0,4.4,0.0000,0.0000
2009,1,8,19,30,-4.9,0,0,0,4.6000000000000005,0.0000,0.0000
2009,1,8,20,0,-5.300000000000001,0,0,0,4.7,0.0000,0.0000
2009,1,8,20,30,-5.5,0,0,0,4.800000000000001,0.0000,0.0000
2009,1,8,21,0,-5.6000000000000005,0,0,0,4.800000000000001,0.0000,0.0000
2009,1,8,21,30,-5.6000000000000005,0,0,0,4.6000000000000005,0.0000,0.0000
2009,1,8,22,0,-5.6000000000000005,0,0,0,4.4,0.0000,0.0000
2009,1,8,22,30,-5.5,0,0,0,4.1000000000000005,0.0000,0.0000
2009,1,8,23,0,-5.5,0,0,0,3.9000000000000004,0.0000,0.0000
2009,1,8,23,30,-5.4,0,0,0,3.7,0.0000,0.0000
2009,1,9,0,0,-5.300000000000001,0,0,0,3.5,0.0000,0.0000
2009,1,9,0,30,-4.9,0,0,0,3.5,0.0000,0.0000
2009,1,9,1,0,-4.5,0,0,0,3.5,0.0000,0.0000
2009,1,9,1,30,-3.9000000000000004,0,0,0,3.7,0.0000,0.0000
2009,1,9,2,0,-3.4000000000000004,0,0,0,3.8000000000000003,0.0000,0.0000
2009,1,9,2,30,-3,0,0,0,3.7,0.0000,0.0000
2009,1,9,3,0,-2.5,0,0,0,3.5,0.0000,0.0000
2009,1,9,3,30,-2.5,0,0,0,3.1,0.0000,0.0000
2009,1,9,4,0,-2.4000000000000004,0,0,0,2.6,0.0000,0.0000
2009,1,9,4,30,-2.3000000000000003,0,0,0,2.4000000000000004,0.0000,0.0000
2009,1,9,5,0,-2.1,0,0,0,2.2,0.0000,0.0000
2009,1,9,5,30,-2.1,0,0,0,2.2,0.0000,0.0000
2009,1,9,6,0,-2,0,0,0,2.3000000000000003,0.0000,0.0000
2009,1,9,6,30,-2,0,0,0,3,0.0000,0.0000
2009,1,9,7,0,-1.9000000000000001,0,0,0,3.7,0.0000,0.0000
2009,1,9,7,30,-2.1,0,0,0,4.4,0.0000,0.0000
2009,1,9,8,0,-2.2,0,0,0,5.2,0.0000,0.0000
2009,1,9,8,30,-2.5,11,0,11,5.6000000000000005,0.0000,0.0000
2009,1,9,9,0,-2.7,15,0,15,6,0.0000,0.0000
2009,1,9,9,30,-2.8000000000000003,64,3,64,6.2,3.0877,2.3657
2009,1,9,10,0,-2.8000000000000003,126,27,134,6.5,6.6693,5.1422
2009,1,9,10,30,-2.5,158,33,170,6.7,8.7084,6.7443
2009,1,9,11,0,-2.3000000000000003,190,58,213,7,11.1532,8.6626
2009,1,9,11,30,-2.2,169,19,177,7.2,9.4099,7.3217
2009,1,9,12,0,-2.1,188,20,197,7.5,10.5682,8.2312
2009,1,9,12,30,-2.2,127,4,128,7.800000000000001,6.8909,5.3692
2009,1,9,13,0,-2.4000000000000004,185,19,193,8,10.3720,8.0800
2009,1,9,13,30,-2.7,207,48,227,8.200000000000001,12.1114,9.4275
2009,1,9,14,0,-3.1,195,55,217,8.3,11.4270,8.8813
2009,1,9,14,30,-3.4000000000000004,6,0,6,8.3,0.3098,0.2402
2009,1,9,15,0,-3.8000000000000003,23,0,23,8.3,1.1563,0.8930
2009,1,9,15,30,-4.2,14,0,14,8.200000000000001,0.6820,0.5237
2009,1,9,16,0,-4.5,25,0,25,8.1,1.1917,0.9088
2009,1,9,16,30,-4.9,3,0,3,7.800000000000001,0.0000,0.0000
2009,1,9,17,0,-5.300000000000001,5,0,5,7.5,0.0000,0.0000
2009,1,9,17,30,-5.6000000000000005,0,0,0,7.300000000000001,0.0000,0.0000
2009,1,9,18,0,-5.9,0,0,0,7.1000000000000005,0.0000,0.0000
2009,1,9,18,30,-6.2,0,0,0,6.9,0.0000,0.0000
2009,1,9,19,0,-6.5,0,0,0,6.7,0.0000,0.0000
2009,1,9,19,30,-6.7,0,0,0,6.7,0.0000,0.0000
2009,1,9,20,0,-7,0,0,0,6.6000000000000005,0.0000,0.0000
2009,1,9,20,30,-7.300000000000001,0,0,0,6.6000000000000005,0.0000,0.0000
2009,1,9,21,0,-7.6000000000000005,0,0,0,6.7,0.0000,0.0000
2009,1,9,21,30,-7.9,0,0,0,6.800000000000001,0.0000,0.0000
2009,1,9,22,0,-8.200000000000001,0,0,0,7,0.0000,0.0000
2009,1,9,22,30,-8.6,0,0,0,7.1000000000000005,0.0000,0.0000
2009,1,9,23,0,-9,0,0,0,7.2,0.0000,0.0000
2009,1,9,23,30,-9.3,0,0,0,7.2,0.0000,0.0000
2009,1,10,0,0,-9.700000000000001,0,0,0,7.2,0.0000,0.0000
2009,1,10,0,30,-10,0,0,0,7.1000000000000005,0.0000,0.0000
2009,1,10,1,0,-10.200000000000001,0,0,0,7,0.0000,0.0000
2009,1,10,1,30,-10.4,0,0,0,6.7,0.0000,0.0000
2009,1,10,2,0,-10.600000000000001,0,0,0,6.5,0.0000,0.0000
2009,1,10,2,30,-10.8,0,0,0,6.2,0.0000,0.0000
2009,1,10,3,0,-11,0,0,0,5.9,0.0000,0.0000
2009,1,10,3,30,-11.100000000000001,0,0,0,5.6000000000000005,0.0000,0.0000
2009,1,10,4,0,-11.3,0,0,0,5.2,0.0000,0.0000
2009,1,10,4,30,-11.4,0,0,0,5.1000000000000005,0.0000,0.0000
2009,1,10,5,0,-11.600000000000001,0,0,0,4.9,0.0000,0.0000
2009,1,10,5,30,-11.8,0,0,0,4.800000000000001,0.0000,0.0000
2009,1,10,6,0,-12,0,0,0,4.7,0.0000,0.0000
2009,1,10,6,30,-12.4,0,0,0,4.3,0.0000,0.0000
2009,1,10,7,0,-12.8,0,0,0,4,0.0000,0.0000
2009,1,10,7,30,-12.8,0,0,0,3.7,0.0000,0.0000
2009,1,10,8,0,-12.8,0,0,0,3.5,0.0000,0.0000
2009,1,10,8,30,-11.9,25,511,70,3.5,0.0000,0.0000
2009,1,10,9,0,-10.9,37,684,149,3.6,0.0000,0.0000
2009,1,10,9,30,-10.100000000000001,46,781,227,3.3000000000000003,10.9582,8.3968
2009,1,10,10,0,-9.3,54,843,301,2.9000000000000004,14.9936,11.5622
2009,1,10,10,30,-8.6,59,886,364,2.6,18.6629,14.4554
2009,1,10,11,0,-7.800000000000001,63,915,417,2.2,21.8548,16.9763
2009,1,10,11,30,-7.2,66,934,456,2.2,24.2644,18.8817
2009,1,10,12,0,-6.5,73,925,478,2.1,25.6683,19.9943
2009,1,10,12,30,-5.9,74,939,492,2.3000000000000003,26.5147,20.6615
2009,1,10,13,0,-5.4,73,939,487,2.5,26.1996,20.4121
2009,1,10,13,30,-4.9,71,930,467,2.8000000000000003,24.9458,19.4203
2009,1,10,14,0,-4.5,68,915,433,3.1,22.8322,17.7484
2009,1,10,14,30,-4.3,64,889,385,3.1,19.9084,15.4380
2009,1,10,15,0,-4.1000000000000005,91,0,91,3.1,4.5822,3.5398
2009,1,10,15,30,-4.6000000000000005,161,54,174,2.5,8.4888,6.5205
2009,1,10,16,0,-5.1000000000000005,50,647,172,2,8.2004,6.2557
2009,1,10,16,30,-5.5,63,11,64,2,0.0000,0.0000
2009,1,10,17,0,-5.800000000000001,12,0,12,2.1,0.0000,0.0000
2009,1,10,17,30,-5.800000000000001,0,0,0,2.5,0.0000,0.0000
2009,1,10,18,0,-5.800000000000001,0,0,0,2.9000000000000004,0.0000,0.0000
2009,1,10,18,30,-5.6000000000000005,0,0,0,3.4000000000000004,0.0000,0.0000
2009,1,10,19,0,-5.5,0,0,0,3.8000000000000003,0.0000,0.0000
2009,1,10,19,30,-5.6000000000000005,0,0,0,3.8000000000000003,0.0000,0.0000
2009,1,10,20,0,-5.7,0,0,0,3.8000000000000003,0.0000,0.0000
2009,1,10,20,30,-5.9,0,0,0,3.7,0.0000,0.0000
2009,1,10,21,0,-6,0,0,0,3.6,0.0000,0.0000
2009,1,10,21,30,-5.5,0,0,0,3.7,0.0000,0.0000
2009,1,10,22,0,-5,0,0,0,3.8000000000000003,0.0000,0.0000
2009,1,10,22,30,-4.4,0,0,0,4,0.0000,0.0000
2009,1,10,23,0,-3.8000000000000003,0,0,0,4.2,0.0000,0.0000
2009,1,10,23,30,-3.6,0,0,0,4.3,0.0000,0.0000
2009,1,11,0,0,-3.4000000000000004,0,0,0,4.5,0.0000,0.0000
2009,1,11,0,30,-3.4000000000000004,0,0,0,4.6000000000000005,0.0000,0.0000
2009,1,11,1,0,-3.3000000000000003,0,0,0,4.800000000000001,0.0000,0.0000
2009,1,11,1,30,-3.6,0,0,0,4.6000000000000005,0.0000,0.0000
2009,1,11,2,0,-3.9000000000000004,0,0,0,4.3,0.0000,0.0000
2009,1,11,2,30,-4,0,0,0,4.3,0.0000,0.0000
2009,1,11,3,0,-4.2,0,0,0,4.3,0.0000,0.0000
2009,1,11,3,30,-4.4,0,0,0,4,0.0000,0.0000
2009,1,11,4,0,-4.7,0,0,0,3.7,0.0000,0.0000
2009,1,11,4,30,-4.800000000000001,0,0,0,3.6,0.0000,0.0000
2009,1,11,5,0,-5,0,0,0,3.4000000000000004,0.0000,0.0000
2009,1,11,5,30,-5,0,0,0,3.6,0.0000,0.0000
2009,1,11,6,0,-5,0,0,0,3.7,0.0000,0.0000
2009,1,11,6,30,-5,0,0,0,4,0.0000,0.0000
2009,1,11,7,0,-5,0,0,0,4.2,0.0000,0.0000
2009,1,11,7,30,-4.7,0,0,0,4.5,0.0000,0.0000
2009,1,11,8,0,-4.3,0,0,0,4.800000000000001,0.0000,0.0000
2009,1,11,8,30,-3.6,29,438,68,5.1000000000000005,0.0000,0.0000
2009,1,11,9,0,-2.8000000000000003,46,609,145,5.4,0.0000,0.0000
2009,1,11,9,30,-2,57,715,224,5.800000000000001,10.8197,8.2920
2009,1,11,10,0,-1.2000000000000002,65,788,297,6.300000000000001,14.8067,11.4197
2009,1,11,10,30,-0.6000000000000001,72,835,361,6.5,18.5255,14.3508
2009,1,11,11,0,-0.1,112,0,112,6.6000000000000005,5.8756,4.5646
2009,1,11,11,30,0.2,80,891,454,6.5,24.1815,18.8192
2009,1,11,12,0,0.4,83,900,478,6.300000000000001,25.6937,20.0162
2009,1,11,12,30,0.6000000000000001,84,905,489,6,26.3804,20.5591
2009,1,11,13,0,0.7000000000000001,189,0,190,5.800000000000001,10.2337,7.9741
2009,1,11,13,30,0.7000000000000001,171,0,171,5.5,9.1457,7.1209
2009,1,11,14,0,0.6000000000000001,177,0,177,5.300000000000001,9.3465,7.2666
2009,1,11,14,30,0.4,155,0,155,4.9,8.0275,6.2262
2009,1,11,15,0,0.2,125,0,125,4.6000000000000005,6.3053,4.8722
2009,1,11,15,30,-0.8,88,0,88,3.4000000000000004,4.3002,3.3042
2009,1,11,16,0,-1.8,45,694,177,2.3000000000000003,8.4415,6.4413
2009,1,11,16,30,-3.1,52,0,52,1.8,0.0000,0.0000
2009,1,11,17,0,-4.3,15,0,15,1.3,0.0000,0.0000
2009,1,11,17,30,-4.1000000000000005,0,0,0,1.1,0.0000,0.0000
2009,1,11,18,0,-4,0,0,0,0.9,0.0000,0.0000
2009,1,11,18,30,-3.8000000000000003,0,0,0,0.7000000000000001,0.0000,0.0000
2009,1,11,19,0,-3.5,0,0,0,0.5,0.0000,0.0000
2009,1,11,19,30,-3.9000000000000004,0,0,0,0.7000000000000001,0.0000,0.0000
2009,1,11,20,0,-4.4,0,0,0,1,0.0000,0.0000
2009,1,11,20,30,-4.5,0,0,0,1.4000000000000001,0.0000,0.0000
2009,1,11,21,0,-4.7,0,0,0,1.8,0.0000,0.0000
2009,1,11,21,30,-4.6000000000000005,0,0,0,2.3000000000000003,0.0000,0.0000
2009,1,11,22,0,-4.5,0,0,0,2.9000000000000004,0.0000,0.0000
2009,1,11,22,30,-4.3,0,0,0,3.2,0.0000,0.0000
2009,1,11,23,0,-4.2,0,0,0,3.6,0.0000,0.0000
2009,1,11,23,30,-4.1000000000000005,0,0,0,3.8000000000000003,0.0000,0.0000
2009,1,12,0,0,-4.1000000000000005,0,0,0,3.9000000000000004,0.0000,0.0000
2009,1,12,0,30,-4,0,0,0,4,0.0000,0.0000
2009,1,12,1,0,-3.9000000000000004,0,0,0,4.1000000000000005,0.0000,0.0000
2009,1,12,1,30,-3.8000000000000003,0,0,0,4.2,0.0000,0.0000
2009,1,12,2,0,-3.7,0,0,0,4.3,0.0000,0.0000
2009,1,12,2,30,-3.6,0,0,0,4.4,0.0000,0.0000
2009,1,12,3,0,-3.4000000000000004,0,0,0,4.4,0.0000,0.0000
2009,1,12,3,30,-3.2,0,0,0,4.4,0.0000,0.0000
2009,1,12,4,0,-3,0,0,0,4.4,0.0000,0.0000
2009,1,12,4,30,-2.8000000000000003,0,0,0,4.3,0.0000,0.0000
2009,1,12,5,0,-2.6,0,0,0,4.2,0.0000,0.0000
2009,1,12,5,30,-2.5,0,0,0,3.9000000000000004,0.0000,0.0000
2009,1,12,6,0,-2.3000000000000003,0,0,0,3.5,0.0000,0.0000
2009,1,12,6,30,-2.6,0,0,0,3.3000000000000003,0.0000,0.0000
2009,1,12,7,0,-2.9000000000000004,0,0,0,3.1,0.0000,0.0000
2009,1,12,7,30,-2.5,0,0,0,3.4000000000000004,0.0000,0.0000
2009,1,12,8,0,-2.1,0,0,0,3.8000000000000003,0.0000,0.0000
2009,1,12,8,30,-1,24,0,24,4.4,0.0000,0.0000
2009,1,12,9,0,0.1,64,3,65,4.9,0.0000,0.0000
2009,1,12,9,30,0.8,55,705,221,5.300000000000001,10.6812,8.1870
2009,1,12,10,0,1.6,19,0,19,5.6000000000000005,0.9481,0.7314
2009,1,12,10,30,1.7000000000000002,71,0,71,6.6000000000000005,3.6471,2.8256
2009,1,12,11,0,1.8,87,0,87,7.6000000000000005,4.5685,3.5496
2009,1,12,11,30,1,132,0,132,8.200000000000001,7.0381,5.4780
2009,1,12,12,0,0.30000000000000004,81,0,81,8.700000000000001,4.3585,3.3958
2009,1,12,12,30,-0.7000000000000001,103,0,104,9,5.6171,4.3781
2009,1,12,13,0,-1.7000000000000002,88,0,88,9.3,4.7454,3.6981
2009,1,12,13,30,-3,18,0,18,10,0.9640,0.7507
2009,1,12,14,0,-4.3,93,0,93,10.700000000000001,4.9178,3.8241
2009,1,12,14,30,-5.7,58,0,58,11.3,3.0087,2.3341
2009,1,12,15,0,-7.1000000000000005,65,0,65,11.9,3.2842,2.5384
2009,1,12,15,30,-8,53,0,53,11.9,2.5940,1.9938
2009,1,12,16,0,-8.9,45,0,45,11.8,2.1471,1.6388
2009,1,12,16,30,-9.700000000000001,58,1,58,11.700000000000001,0.0000,0.0000
2009,1,12,17,0,-10.5,11,0,11,11.5,0.0000,0.0000
2009,1,12,17,30,-11.200000000000001,0,0,0,11.100000000000001,0.0000,0.0000
2009,1,12,18,0,-11.9,0,0,0,10.8,0.0000,0.0000
2009,1,12,18,30,-12.8,0,0,0,10.3,0.0000,0.0000
2009,1,12,19,0,-13.700000000000001,0,0,0,9.8,0.0000,0.0000
2009,1,12,19,30,-14.600000000000001,0,0,0,9.200000000000001,0.0000,0.0000
2009,1,12,20,0,-15.5,0,0,0,8.5,0.0000,0.0000
2009,1,12,20,30,-16,0,0,0,7.9,0.0000,0.0000
2009,1,12,21,0,-16.5,0,0,0,7.300000000000001,0.0000,0.0000
2009,1,12,21,30,-16.7,0,0,0,6.800000000000001,0.0000,0.0000
2009,1,12,22,0,-16.900000000000002,0,0,0,6.300000000000001,0.0000,0.0000
2009,1,12,22,30,-17.2,0,0,0,5.800000000000001,0.0000,0.0000
2009,1,12,23,0,-17.400000000000002,0,0,0,5.300000000000001,0.0000,0.0000
2009,1,12,23,30,-17.8,0,0,0,4.9,0.0000,0.0000
2009,1,13,0,0,-18.1,0,0,0,4.4,0.0000,0.0000
2009,1,13,0,30,-18.3,0,0,0,4.1000000000000005,0.0000,0.0000
2009,1,13,1,0,-18.6,0,0,0,3.7,0.0000,0.0000
2009,1,13,1,30,-18.7,0,0,0,3.4000000000000004,0.0000,0.0000
2009,1,13,2,0,-18.900000000000002,0,0,0,3.2,0.0000,0.0000
2009,1,13,2,30,-18.900000000000002,0,0,0,2.9000000000000004,0.0000,0.0000
2009,1,13,3,0,-18.900000000000002,0,0,0,2.6,0.0000,0.0000
2009,1,13,3,30,-18.7,0,0,0,2.4000000000000004,0.0000,0.0000
2009,1,13,4,0,-18.6,0,0,0,2.2,0.0000,0.0000
2009,1,13,4,30,-18.400000000000002,0,0,0,1.9000000000000001,0.0000,0.0000
2009,1,13,5,0,-18.3,0,0,0,1.6,0.0000,0.0000
2009,1,13,5,30,-18.2,0,0,0,1.2000000000000002,0.0000,0.0000
2009,1,13,6,0,-18.1,0,0,0,0.8,0.0000,0.0000
2009,1,13,6,30,-18,0,0,0,0.7000000000000001,0.0000,0.0000
2009,1,13,7,0,-18,0,0,0,0.5,0.0000,0.0000
2009,1,13,7,30,-17.7,0,0,0,1,0.0000,0.0000
2009,1,13,8,0,-17.5,0,0,0,1.4000000000000001,0.0000,0.0000
2009,1,13,8,30,-16.6,29,461,71,2.1,0.0000,0.0000
2009,1,13,9,0,-15.600000000000001,44,629,149,2.7,0.0000,0.0000
2009,1,13,9,30,-14.8,55,731,227,3.4000000000000004,10.9794,8.4172
2009,1,13,10,0,-13.9,63,798,301,4.1000000000000005,15.0356,11.6000
2009,1,13,10,30,-12.9,107,0,107,4.5,5.5021,4.2634
2009,1,13,11,0,-11.9,245,14,250,5,13.1427,10.2127
2009,1,13,11,30,-11.100000000000001,164,0,164,5.4,8.7540,6.8144
2009,1,13,12,0,-10.3,172,0,172,5.7,9.2655,7.2198
2009,1,13,12,30,-9.8,166,3,168,5.9,9.0843,7.0814
2009,1,13,13,0,-9.3,216,20,225,6.1000000000000005,12.1482,9.4683
2009,1,13,13,30,-8.8,148,0,148,6.300000000000001,7.9367,6.1814
2009,1,13,14,0,-8.4,109,1,109,6.4,5.7723,4.4893
2009,1,13,14,30,-8,120,2,120,6.2,6.2350,4.8380
2009,1,13,15,0,-7.6000000000000005,100,2,101,6.1000000000000005,5.1126,3.9527
2009,1,13,15,30,-7.4,64,1,64,5.800000000000001,3.1376,2.4125
2009,1,13,16,0,-7.300000000000001,56,0,56,5.5,2.6734,2.0411
2009,1,13,16,30,-7.1000000000000005,51,4,52,5.2,0.0000,0.0000
2009,1,13,17,0,-6.9,12,0,12,4.800000000000001,0.0000,0.0000
2009,1,13,17,30,-6.4,0,0,0,4.2,0.0000,0.0000
2009,1,13,18,0,-5.9,0,0,0,3.6,0.0000,0.0000
2009,1,13,18,30,-5.2,0,0,0,3.4000000000000004,0.0000,0.0000
2009,1,13,19,0,-4.4,0,0,0,3.2,0.0000,0.0000
2009,1,13,19,30,-3.2,0,0,0,3.7,0.0000,0.0000
2009,1,13,20,0,-2,0,0,0,4.2,0.0000,0.0000
2009,1,13,20,30,-1.5,0,0,0,4.4,0.0000,0.0000
2009,1,13,21,0,-0.9,0,0,0,4.7,0.0000,0.0000
2009,1,13,21,30,-0.8,0,0,0,5.300000000000001,0.0000,0.0000
2009,1,13,22,0,-0.7000000000000001,0,0,0,5.800000000000001,0.0000,0.0000
2009,1,13,22,30,-1.2000000000000002,0,0,0,6.300000000000001,0.0000,0.0000
2009,1,13,23,0,-1.7000000000000002,0,0,0,6.7,0.0000,0.0000
2009,1,13,23,30,-2.8000000000000003,0,0,0,6.800000000000001,0.0000,0.0000
2009,1,14,0,0,-3.8000000000000003,0,0,0,6.9,0.0000,0.0000
2009,1,14,0,30,-5.1000000000000005,0,0,0,7.1000000000000005,0.0000,0.0000
2009,1,14,1,0,-6.4,0,0,0,7.4,0.0000,0.0000
2009,1,14,1,30,-7.800000000000001,0,0,0,7.7,0.0000,0.0000
2009,1,14,2,0,-9.200000000000001,0,0,0,7.9,0.0000,0.0000
2009,1,14,2,30,-10.600000000000001,0,0,0,8.4,0.0000,0.0000
2009,1,14,3,0,-12,0,0,0,8.8,0.0000,0.0000
2009,1,14,3,30,-13.3,0,0,0,9.1,0.0000,0.0000
2009,1,14,4,0,-14.600000000000001,0,0,0,9.4,0.0000,0.0000
2009,1,14,4,30,-15.4,0,0,0,9.200000000000001,0.0000,0.0000
2009,1,14,5,0,-16.3,0,0,0,9,0.0000,0.0000
2009,1,14,5,30,-16.900000000000002,0,0,0,8.6,0.0000,0.0000
2009,1,14,6,0,-17.5,0,0,0,8.3,0.0000,0.0000
2009,1,14,6,30,-18,0,0,0,8,0.0000,0.0000
2009,1,14,7,0,-18.400000000000002,0,0,0,7.7,0.0000,0.0000
2009,1,14,7,30,-18.400000000000002,0,0,0,7.7,0.0000,0.0000
2009,1,14,8,0,-18.5,0,0,0,7.6000000000000005,0.0000,0.0000
2009,1,14,8,30,-18.1,31,472,74,7.7,0.0000,0.0000
2009,1,14,9,0,-17.7,45,649,155,7.7,0.0000,0.0000
2009,1,14,9,30,-17.2,57,752,236,7.6000000000000005,11.4235,8.7593
2009,1,14,10,0,-16.6,63,830,312,7.4,15.6010,12.0383
2009,1,14,10,30,-16,69,875,378,7.300000000000001,19.4597,15.0811
2009,1,14,11,0,-15.5,72,913,432,7.2,22.7361,17.6698
2009,1,14,11,30,-15,262,6,265,7.1000000000000005,14.1607,11.0246
2009,1,14,12,0,-14.600000000000001,286,8,290,7,15.6405,12.1888
2009,1,14,12,30,-14.4,352,63,381,6.9,20.6255,16.0800
2009,1,14,13,0,-14.100000000000001,82,936,505,6.800000000000001,27.3013,21.2816
2009,1,14,13,30,-14.100000000000001,80,928,486,6.7,26.0979,20.3289
2009,1,14,14,0,-14.100000000000001,74,937,459,6.6000000000000005,24.3446,18.9370
2009,1,14,14,30,-14.4,70,912,410,6.4,21.3390,16.5612
2009,1,14,15,0,-14.600000000000001,63,882,349,6.2,17.6989,13.6872
2009,1,14,15,30,-15.200000000000001,56,828,277,5.800000000000001,13.6042,10.4639
2009,1,14,16,0,-15.9,46,753,198,5.5,9.4589,7.2243
2009,1,14,16,30,-16.900000000000002,35,626,115,5,0.0000,0.0000
2009,1,14,17,0,-18,19,405,39,4.6000000000000005,0.0000,0.0000
2009,1,14,17,30,-18.7,0,0,0,4.4,0.0000,0.0000
2009,1,14,18,0,-19.400000000000002,0,0,0,4.3,0.0000,0.0000
2009,1,14,18,30,-19.8,0,0,0,4.3,0.0000,0.0000
2009,1,14,19,0,-20.200000000000003,0,0,0,4.3,0.0000,0.0000
2009,1,14,19,30,-20.5,0,0,0,4.2,0.0000,0.0000
2009,1,14,20,0,-20.900000000000002,0,0,0,4.2,0.0000,0.0000
2009,1,14,20,30,-21.400000000000002,0,0,0,4.2,0.0000,0.0000
2009,1,14,21,0,-21.8,0,0,0,4.1000000000000005,0.0000,0.0000
2009,1,14,21,30,-22.200000000000003,0,0,0,4,0.0000,0.0000
2009,1,14,22,0,-22.6,0,0,0,4,0.0000,0.0000
2009,1,14,22,30,-23,0,0,0,3.8000000000000003,0.0000,0.0000
2009,1,14,23,0,-23.3,0,0,0,3.7,0.0000,0.0000
2009,1,14,23,30,-23.5,0,0,0,3.7,0.0000,0.0000
2009,1,15,0,0,-23.700000000000003,0,0,0,3.6,0.0000,0.0000
2009,1,15,0,30,-23.8,0,0,0,3.5,0.0000,0.0000
2009,1,15,1,0,-23.900000000000002,0,0,0,3.5,0.0000,0.0000
2009,1,15,1,30,-23.8,0,0,0,3.5,0.0000,0.0000
2009,1,15,2,0,-23.8,0,0,0,3.5,0.0000,0.0000
2009,1,15,2,30,-23.900000000000002,0,0,0,3.4000000000000004,0.0000,0.0000
2009,1,15,3,0,-24,0,0,0,3.3000000000000003,0.0000,0.0000
2009,1,15,3,30,-24.1,0,0,0,3.1,0.0000,0.0000
2009,1,15,4,0,-24.200000000000003,0,0,0,3,0.0000,0.0000
2009,1,15,4,30,-24.3,0,0,0,2.9000000000000004,0.0000,0.0000
2009,1,15,5,0,-24.3,0,0,0,2.8000000000000003,0.0000,0.0000
2009,1,15,5,30,-24.400000000000002,0,0,0,2.7,0.0000,0.0000
2009,1,15,6,0,-24.400000000000002,0,0,0,2.6,0.0000,0.0000
2009,1,15,6,30,-24.5,0,0,0,2.5,0.0000,0.0000
2009,1,15,7,0,-24.6,0,0,0,2.4000000000000004,0.0000,0.0000
2009,1,15,7,30,-24.400000000000002,0,0,0,2.6,0.0000,0.0000
2009,1,15,8,0,-24.1,0,0,0,2.8000000000000003,0.0000,0.0000
2009,1,15,8,30,-22.8,27,582,82,3,0.0000,0.0000
2009,1,15,9,0,-21.5,39,743,166,3.2,0.0000,0.0000
2009,1,15,9,30,-20.5,48,838,249,3.2,12.0631,9.2516
2009,1,15,10,0,-19.5,55,899,327,3.2,16.3694,12.6335
2009,1,15,10,30,-18.7,61,941,394,3,20.3066,15.7398
2009,1,15,11,0,-17.900000000000002,64,971,450,2.8000000000000003,23.7117,18.4306
2009,1,15,11,30,-17.1,67,990,492,2.7,26.3216,20.4948
2009,1,15,12,0,-16.2,74,992,520,2.5,28.0778,21.8840
2009,1,15,12,30,-15.700000000000001,75,997,532,2.3000000000000003,28.8366,22.4844
2009,1,15,13,0,-15.100000000000001,74,997,528,2.1,28.5814,22.2824
2009,1,15,13,30,-14.9,72,989,508,1.9000000000000001,27.3178,21.2824
2009,1,15,14,0,-14.600000000000001,69,976,473,1.6,25.1254,19.5478
2009,1,15,14,30,-14.700000000000001,65,952,423,1.4000000000000001,22.0526,17.1186
2009,1,15,15,0,-14.700000000000001,61,915,361,1.2000000000000002,18.3410,14.1877
2009,1,15,15,30,-15.200000000000001,54,863,288,1,14.1700,10.9029
2009,1,15,16,0,-15.700000000000001,46,785,207,0.9,9.8969,7.5613
2009,1,15,16,30,-16.5,35,660,121,0.7000000000000001,0.0000,0.0000
2009,1,15,17,0,-17.3,20,446,43,0.6000000000000001,0.0000,0.0000
2009,1,15,17,30,-18,0,0,0,0.8,0.0000,0.0000
2009,1,15,18,0,-18.6,0,0,0,1,0.0000,0.0000
2009,1,15,18,30,-19.3,0,0,0,1.4000000000000001,0.0000,0.0000
2009,1,15,19,0,-19.900000000000002,0,0,0,1.7000000000000002,0.0000,0.0000
2009,1,15,19,30,-20.200000000000003,0,0,0,2.1,0.0000,0.0000
2009,1,15,20,0,-20.400000000000002,0,0,0,2.5,0.0000,0.0000
2009,1,15,20,30,-19.900000000000002,0,0,0,2.7,0.0000,0.0000
2009,1,15,21,0,-19.400000000000002,0,0,0,3,0.0000,0.0000
2009,1,15,21,30,-18.8,0,0,0,3.2,0.0000,0.0000
2009,1,15,22,0,-18.2,0,0,0,3.4000000000000004,0.0000,0.0000
2009,1,15,22,30,-17.8,0,0,0,3.5,0.0000,0.0000
2009,1,15,23,0,-17.3,0,0,0,3.7,0.0000,0.0000
2009,1,15,23,30,-17,0,0,0,3.7,0.0000,0.0000
2009,1,16,0,0,-16.7,0,0,0,3.8000000000000003,0.0000,0.0000
2009,1,16,0,30,-16.400000000000002,0,0,0,4,0.0000,0.0000
2009,1,16,1,0,-16.1,0,0,0,4.3,0.0000,0.0000
2009,1,16,1,30,-15.8,0,0,0,4.5,0.0000,0.0000
2009,1,16,2,0,-15.5,0,0,0,4.7,0.0000,0.0000
2009,1,16,2,30,-15.3,0,0,0,4.9,0.0000,0.0000
2009,1,16,3,0,-15.100000000000001,0,0,0,5.1000000000000005,0.0000,0.0000
2009,1,16,3,30,-14.9,0,0,0,5.1000000000000005,0.0000,0.0000
2009,1,16,4,0,-14.8,0,0,0,5.2,0.0000,0.0000
2009,1,16,4,30,-14.600000000000001,0,0,0,5.2,0.0000,0.0000
2009,1,16,5,0,-14.5,0,0,0,5.2,0.0000,0.0000
2009,1,16,5,30,-14.3,0,0,0,5.1000000000000005,0.0000,0.0000
2009,1,16,6,0,-14.200000000000001,0,0,0,5.1000000000000005,0.0000,0.0000
2009,1,16,6,30,-14.3,0,0,0,4.800000000000001,0.0000,0.0000
2009,1,16,7,0,-14.4,0,0,0,4.4,0.0000,0.0000
2009,1,16,7,30,-14.100000000000001,0,0,0,4.7,0.0000,0.0000
2009,1,16,8,0,-13.700000000000001,0,0,0,4.9,0.0000,0.0000
2009,1,16,8,30,-12.8,32,424,72,5,0.0000,0.0000
2009,1,16,9,0,-11.9,76,1,77,5,0.0000,0.0000
2009,1,16,9,30,-11,57,704,227,4.9,11.0068,8.4432
2009,1,16,10,0,-10,65,774,300,4.800000000000001,15.0360,11.6068
2009,1,16,10,30,-9.200000000000001,72,820,364,4.800000000000001,18.7833,14.5615
2009,1,16,11,0,-8.4,76,849,415,4.7,21.8934,17.0196
2009,1,16,11,30,-7.6000000000000005,80,870,455,4.6000000000000005,24.3721,18.9794
2009,1,16,12,0,-6.800000000000001,86,872,480,4.5,25.9498,20.2280
2009,1,16,12,30,-6,87,877,492,4.4,26.7003,20.8213
2009,1,16,13,0,-5.1000000000000005,88,870,487,4.2,26.3956,20.5810
2009,1,16,13,30,-4.5,86,862,469,4.1000000000000005,25.2559,19.6790
2009,1,16,14,0,-3.9000000000000004,84,843,435,3.9000000000000004,23.1418,18.0076
2009,1,16,14,30,-3.7,79,821,391,3.7,20.4199,15.8548
2009,1,16,15,0,-3.4000000000000004,72,785,332,3.5,16.8984,13.0752
2009,1,16,15,30,-4,64,733,265,3,13.0620,10.0538
2009,1,16,16,0,-4.5,53,656,189,2.6,9.0440,6.9120
2009,1,16,16,30,-5.6000000000000005,40,530,111,2.9000000000000004,0.0000,0.0000
2009,1,16,17,0,-6.6000000000000005,21,320,39,3.1,0.0000,0.0000
2009,1,16,17,30,-6.7,0,0,0,3.7,0.0000,0.0000
2009,1,16,18,0,-6.800000000000001,0,0,0,4.3,0.0000,0.0000
2009,1,16,18,30,-7,0,0,0,4.4,0.0000,0.0000
2009,1,16,19,0,-7.1000000000000005,0,0,0,4.5,0.0000,0.0000
2009,1,16,19,30,-7.2,0,0,0,4.5,0.0000,0.0000
2009,1,16,20,0,-7.300000000000001,0,0,0,4.4,0.0000,0.0000
2009,1,16,20,30,-7.300000000000001,0,0,0,4.4,0.0000,0.0000
2009,1,16,21,0,-7.300000000000001,0,0,0,4.4,0.0000,0.0000
2009,1,16,21,30,-7.4,0,0,0,4.3,0.0000,0.0000
2009,1,16,22,0,-7.4,0,0,0,4.3,0.0000,0.0000
2009,1,16,22,30,-7.4,0,0,0,4.5,0.0000,0.0000
2009,1,16,23,0,-7.300000000000001,0,0,0,4.7,0.0000,0.0000
2009,1,16,23,30,-7.1000000000000005,0,0,0,4.800000000000001,0.0000,0.0000
2009,1,17,0,0,-6.800000000000001,0,0,0,4.9,0.0000,0.0000
2009,1,17,0,30,-6.300000000000001,0,0,0,5,0.0000,0.0000
2009,1,17,1,0,-5.7,0,0,0,5.2,0.0000,0.0000
2009,1,17,1,30,-5.2,0,0,0,5.2,0.0000,0.0000
2009,1,17,2,0,-4.7,0,0,0,5.2,0.0000,0.0000
2009,1,17,2,30,-4,0,0,0,5.300000000000001,0.0000,0.0000
2009,1,17,3,0,-3.3000000000000003,0,0,0,5.4,0.0000,0.0000
2009,1,17,3,30,-2.7,0,0,0,5.7,0.0000,0.0000
2009,1,17,4,0,-2.1,0,0,0,5.9,0.0000,0.0000
2009,1,17,4,30,-2,0,0,0,6,0.0000,0.0000
2009,1,17,5,0,-1.8,0,0,0,6.1000000000000005,0.0000,0.0000
2009,1,17,5,30,-2,0,0,0,6.1000000000000005,0.0000,0.0000
2009,1,17,6,0,-2.2,0,0,0,6,0.0000,0.0000
2009,1,17,6,30,-2.4000000000000004,0,0,0,5.9,0.0000,0.0000
2009,1,17,7,0,-2.6,0,0,0,5.7,0.0000,0.0000
2009,1,17,7,30,-2.4000000000000004,0,0,0,5.9,0.0000,0.0000
2009,1,17,8,0,-2.3000000000000003,5,0,5,6.1000000000000005,0.0000,0.0000
2009,1,17,8,30,-1.7000000000000002,42,3,42,6.300000000000001,0.0000,0.0000
2009,1,17,9,0,-1.1,57,0,57,6.5,0.0000,0.0000
2009,1,17,9,30,-0.4,72,0,72,7.2,3.4942,2.6809
2009,1,17,10,0,0.30000000000000004,56,0,56,7.9,2.8101,2.1696
2009,1,17,10,30,0.9,95,0,95,8,4.9086,3.8060
2009,1,17,11,0,1.5,97,0,97,8.1,5.1237,3.9837
2009,1,17,11,30,1.9000000000000001,210,1,210,8,11.2624,8.7716
2009,1,17,12,0,2.3000000000000003,83,885,485,8,26.2520,20.4662
2009,1,17,12,30,2.5,304,30,318,7.9,17.2802,13.4772
2009,1,17,13,0,2.7,292,25,304,7.9,16.4999,12.8671
2009,1,17,13,30,2.6,264,125,320,7.6000000000000005,17.2573,13.4487
2009,1,17,14,0,2.5,261,70,290,7.4,15.4521,12.0261
2009,1,17,14,30,2.3000000000000003,227,57,249,7,13.0265,10.1164
2009,1,17,15,0,2.1,189,32,200,6.5,10.1992,7.8938
2009,1,17,15,30,1.7000000000000002,150,23,156,6.2,7.7041,5.9320
2009,1,17,16,0,1.3,128,44,138,5.800000000000001,6.6105,5.0540
2009,1,17,16,30,0.9,53,3,54,5.5,0.0000,0.0000
2009,1,17,17,0,0.4,26,1,26,5.2,0.0000,0.0000
2009,1,17,17,30,-0.2,0,0,0,4.7,0.0000,0.0000
2009,1,17,18,0,-0.8,0,0,0,4.1000000000000005,0.0000,0.0000
2009,1,17,18,30,-1.1,0,0,0,3.9000000000000004,0.0000,0.0000
2009,1,17,19,0,-1.4000000000000001,0,0,0,3.7,0.0000,0.0000
2009,1,17,19,30,-1.5,0,0,0,3.6,0.0000,0.0000
2009,1,17,20,0,-1.6,0,0,0,3.5,0.0000,0.0000
2009,1,17,20,30,-1.4000000000000001,0,0,0,3.7,0.0000,0.0000
2009,1,17,21,0,-1.3,0,0,0,3.9000000000000004,0.0000,0.0000
2009,1,17,21,30,-1.1,0,0,0,4.1000000000000005,0.0000,0.0000
2009,1,17,22,0,-1,0,0,0,4.3,0.0000,0.0000
2009,1,17,22,30,-1.1,0,0,0,4.4,0.0000,0.0000
2009,1,17,23,0,-1.1,0,0,0,4.6000000000000005,0.0000,0.0000
2009,1,17,23,30,-1.3,0,0,0,4.7,0.0000,0.0000
2009,1,18,0,0,-1.5,0,0,0,4.9,0.0000,0.0000
2009,1,18,0,30,-1.7000000000000002,0,0,0,4.9,0.0000,0.0000
2009,1,18,1,0,-2,0,0,0,5,0.0000,0.0000
2009,1,18,1,30,-2.2,0,0,0,4.9,0.0000,0.0000
2009,1,18,2,0,-2.5,0,0,0,4.9,0.0000,0.0000
2009,1,18,2,30,-2.7,0,0,0,4.9,0.0000,0.0000
2009,1,18,3,0,-2.9000000000000004,0,0,0,5,0.0000,0.0000
2009,1,18,3,30,-3.1,0,0,0,5,0.0000,0.0000
2009,1,18,4,0,-3.3000000000000003,0,0,0,5,0.0000,0.0000
2009,1,18,4,30,-3.5,0,0,0,5,0.0000,0.0000
2009,1,18,5,0,-3.7,0,0,0,5,0.0000,0.0000
2009,1,18,5,30,-3.9000000000000004,0,0,0,4.800000000000001,0.0000,0.0000
2009,1,18,6,0,-4.2,0,0,0,4.7,0.0000,0.0000
2009,1,18,6,30,-4.4,0,0,0,4.5,0.0000,0.0000
2009,1,18,7,0,-4.7,0,0,0,4.3,0.0000,0.0000
2009,1,18,7,30,-4.3,0,0,0,4.4,0.0000,0.0000
2009,1,18,8,0,-4,11,218,16,4.4,0.0000,0.0000
2009,1,18,8,30,-3,28,496,77,4.3,0.0000,0.0000
2009,1,18,9,0,-2,39,660,155,4.2,7.3896,5.6319
2009,1,18,9,30,-1.1,48,755,234,4.1000000000000005,11.3682,8.7243
2009,1,18,10,0,-0.1,55,811,306,3.9000000000000004,15.3753,11.8735
2009,1,18,10,30,0.6000000000000001,61,850,368,4,19.0392,14.7649
2009,1,18,11,0,1.3,67,875,421,4,22.2656,17.3141
2009,1,18,11,30,2.1,70,895,461,4.4,24.7554,19.2832
2009,1,18,12,0,2.9000000000000004,317,66,347,4.7,18.8076,14.6645
2009,1,18,12,30,3.6,243,303,384,5.2,20.8939,16.2977
2009,1,18,13,0,4.2,249,285,382,5.7,20.7621,16.1931
2009,1,18,13,30,4.1000000000000005,250,42,269,5.7,14.5278,11.3233
2009,1,18,14,0,4,258,147,320,5.800000000000001,17.0784,13.2942
2009,1,18,14,30,3.4000000000000004,219,52,239,5.7,12.5259,9.7298
2009,1,18,15,0,2.9000000000000004,181,246,264,5.7,13.4897,10.4436
2009,1,18,15,30,2.4000000000000004,151,222,214,6,10.5889,8.1561
2009,1,18,16,0,1.9000000000000001,121,119,146,6.2,7.0013,5.3547
2009,1,18,16,30,1.4000000000000001,74,20,77,6.5,0.0000,0.0000
2009,1,18,17,0,0.9,26,1,26,6.800000000000001,0.0000,0.0000
2009,1,18,17,30,0.5,0,0,0,6.9,0.0000,0.0000
2009,1,18,18,0,0.2,0,0,0,7.1000000000000005,0.0000,0.0000
2009,1,18,18,30,-0.2,0,0,0,7.300000000000001,0.0000,0.0000
2009,1,18,19,0,-0.5,0,0,0,7.5,0.0000,0.0000
2009,1,18,19,30,-1,0,0,0,7.7,0.0000,0.0000
2009,1,18,20,0,-1.4000000000000001,0,0,0,7.9,0.0000,0.0000
2009,1,18,20,30,-2.1,0,0,0,7.9,0.0000,0.0000
2009,1,18,21,0,-2.8000000000000003,0,0,0,8,0.0000,0.0000
2009,1,18,21,30,-3.6,0,0,0,7.800000000000001,0.0000,0.0000
2009,1,18,22,0,-4.4,0,0,0,7.6000000000000005,0.0000,0.0000
2009,1,18,22,30,-5.1000000000000005,0,0,0,7.300000000000001,0.0000,0.0000
2009,1,18,23,0,-5.7,0,0,0,6.9,0.0000,0.0000
2009,1,18,23,30,-6.2,0,0,0,6.6000000000000005,0.0000,0.0000
2009,1,19,0,0,-6.7,0,0,0,6.2,0.0000,0.0000
2009,1,19,0,30,-7.1000000000000005,0,0,0,5.800000000000001,0.0000,0.0000
2009,1,19,1,0,-7.4,0,0,0,5.4,0.0000,0.0000
2009,1,19,1,30,-7.800000000000001,0,0,0,5,0.0000,0.0000
2009,1,19,2,0,-8.1,0,0,0,4.5,0.0000,0.0000
2009,1,19,2,30,-8.4,0,0,0,4.1000000000000005,0.0000,0.0000
2009,1,19,3,0,-8.6,0,0,0,3.6,0.0000,0.0000
2009,1,19,3,30,-8.9,0,0,0,3.3000000000000003,0.0000,0.0000
2009,1,19,4,0,-9.200000000000001,0,0,0,2.9000000000000004,0.0000,0.0000
2009,1,19,4,30,-9.4,0,0,0,2.5,0.0000,0.0000
2009,1,19,5,0,-9.600000000000001,0,0,0,2.2,0.0000,0.0000
2009,1,19,5,30,-9.8,0,0,0,1.8,0.0000,0.0000
2009,1,19,6,0,-9.9,0,0,0,1.4000000000000001,0.0000,0.0000
2009,1,19,6,30,-10,0,0,0,1.3,0.0000,0.0000
2009,1,19,7,0,-10.100000000000001,0,0,0,1.1,0.0000,0.0000
2009,1,19,7,30,-9.4,0,0,0,1.4000000000000001,0.0000,0.0000
2009,1,19,8,0,-8.700000000000001,3,0,3,1.6,0.0000,0.0000
2009,1,19,8,30,-7.4,27,518,79,2,0.0000,0.0000
2009,1,19,9,0,-6.1000000000000005,41,644,155,2.3000000000000003,7.3885,5.6318
2009,1,19,9,30,-4.9,49,742,233,2.4000000000000004,11.3318,8.6984
2009,1,19,10,0,-3.8000000000000003,59,783,303,2.5,15.2444,11.7748
2009,1,19,10,30,-2.9000000000000004,64,829,366,2.8000000000000003,18.9618,14.7076
2009,1,19,11,0,-2,100,0,100,3,5.2961,4.1190
2009,1,19,11,30,-1.1,158,1,158,3.5,8.4959,6.6188
2009,1,19,12,0,-0.2,159,1,159,3.9000000000000004,8.6293,6.7293
2009,1,19,12,30,0.30000000000000004,155,0,156,4.4,8.4997,6.6308
2009,1,19,13,0,0.8,154,0,154,4.800000000000001,8.3815,6.5379
2009,1,19,13,30,1.1,111,0,111,5.4,6.0037,4.6802
2009,1,19,14,0,1.4000000000000001,115,0,115,5.9,6.1475,4.7862
2009,1,19,14,30,1.3,170,5,172,6.300000000000001,9.0306,7.0162
2009,1,19,15,0,1.3,114,0,115,6.800000000000001,5.8878,4.5595
2009,1,19,15,30,0.8,73,0,73,7.2,3.6195,2.7889
2009,1,19,16,0,0.4,37,0,37,7.6000000000000005,1.7766,1.3593
2009,1,19,16,30,-0.30000000000000004,20,0,20,7.800000000000001,0.0000,0.0000
2009,1,19,17,0,-0.9,24,355,47,8.1,0.0000,0.0000
2009,1,19,17,30,-1.3,0,0,0,8,0.0000,0.0000
2009,1,19,18,0,-1.8,0,0,0,7.9,0.0000,0.0000
2009,1,19,18,30,-2.1,0,0,0,7.6000000000000005,0.0000,0.0000
2009,1,19,19,0,-2.5,0,0,0,7.4,0.0000,0.0000
2009,1,19,19,30,-2.7,0,0,0,7.2,0.0000,0.0000
2009,1,19,20,0,-2.9000000000000004,0,0,0,6.9,0.0000,0.0000
2009,1,19,20,30,-3,0,0,0,6.800000000000001,0.0000,0.0000
2009,1,19,21,0,-3.1,0,0,0,6.7,0.0000,0.0000
2009,1,19,21,30,-3.1,0,0,0,6.6000000000000005,0.0000,0.0000
2009,1,19,22,0,-3.1,0,0,0,6.6000000000000005,0.0000,0.0000
2009,1,19,22,30,-3.2,0,0,0,6.5,0.0000,0.0000
2009,1,19,23,0,-3.3000000000000003,0,0,0,6.5,0.0000,0.0000
2009,1,19,23,30,-3.4000000000000004,0,0,0,6.4,0.0000,0.0000
2009,1,20,0,0,-3.6,0,0,0,6.300000000000001,0.0000,0.0000
2009,1,20,0,30,-3.8000000000000003,0,0,0,6.1000000000000005,0.0000,0.0000
2009,1,20,1,0,-4.1000000000000005,0,0,0,5.9,0.0000,0.0000
2009,1,20,1,30,-4.3,0,0,0,5.6000000000000005,0.0000,0.0000
2009,1,20,2,0,-4.5,0,0,0,5.4,0.0000,0.0000
2009,1,20,2,30,-4.7,0,0,0,5.2,0.0000,0.0000
2009,1,20,3,0,-5,0,0,0,5,0.0000,0.0000
2009,1,20,3,30,-5.2,0,0,0,4.800000000000001,0.0000,0.0000
2009,1,20,4,0,-5.4,0,0,0,4.7,0.0000,0.0000
2009,1,20,4,30,-5.6000000000000005,0,0,0,4.5,0.0000,0.0000
2009,1,20,5,0,-5.9,0,0,0,4.2,0.0000,0.0000
2009,1,20,5,30,-6.2,0,0,0,3.9000000000000004,0.0000,0.0000
2009,1,20,6,0,-6.5,0,0,0,3.7,0.0000,0.0000
2009,1,20,6,30,-6.800000000000001,0,0,0,3.3000000000000003,0.0000,0.0000
2009,1,20,7,0,-7.1000000000000005,0,0,0,3,0.0000,0.0000
2009,1,20,7,30,-6.9,0,0,0,2.9000000000000004,0.0000,0.0000
2009,1,20,8,0,-6.7,3,0,3,2.9000000000000004,0.0000,0.0000
2009,1,20,8,30,-5.9,27,533,81,2.9000000000000004,0.0000,0.0000
2009,1,20,9,0,-5.1000000000000005,14,0,14,3,0.6673,0.5087
2009,1,20,9,30,-4.5,29,0,29,2.7,1.4120,1.0842
2009,1,20,10,0,-4,73,0,73,2.4000000000000004,3.6782,2.8417
2009,1,20,10,30,-3.4000000000000004,112,0,113,2,5.8628,4.5483
2009,1,20,11,0,-2.7,116,0,116,1.7000000000000002,6.1520,4.7854
2009,1,20,11,30,-2.1,190,4,191,1.6,10.2840,8.0130
2009,1,20,12,0,-1.5,221,12,226,1.6,12.2817,9.5788
2009,1,20,12,30,-1,226,12,232,2.1,12.6583,9.8765
2009,1,20,13,0,-0.5,204,4,206,2.5,11.2275,8.7592
2009,1,20,13,30,-0.1,283,94,326,3.1,17.6599,13.7689
2009,1,20,14,0,0.30000000000000004,52,953,463,3.6,24.7916,19.3054
2009,1,20,14,30,0.4,50,932,417,3.8000000000000003,21.9344,17.0456
2009,1,20,15,0,0.5,48,898,358,3.9000000000000004,18.3650,14.2258
2009,1,20,15,30,-0.1,44,840,286,3.4000000000000004,14.2093,10.9525
2009,1,20,16,0,-0.7000000000000001,39,770,210,2.9000000000000004,10.0965,7.7281
2009,1,20,16,30,-1.8,32,659,129,2.9000000000000004,0.0000,0.0000
2009,1,20,17,0,-2.9000000000000004,21,465,53,3,0.0000,0.0000
2009,1,20,17,30,-2.9000000000000004,0,0,0,3.5,0.0000,0.0000
2009,1,20,18,0,-3,0,0,0,4,0.0000,0.0000
2009,1,20,18,30,-3.2,0,0,0,4.1000000000000005,0.0000,0.0000
2009,1,20,19,0,-3.4000000000000004,0,0,0,4.1000000000000005,0.0000,0.0000
2009,1,20,19,30,-3.7,0,0,0,4,0.0000,0.0000
2009,1,20,20,0,-4,0,0,0,3.9000000000000004,0.0000,0.0000
2009,1,20,20,30,-4.3,0,0,0,3.7,0.0000,0.0000
2009,1,20,21,0,-4.6000000000000005,0,0,0,3.5,0.0000,0.0000
2009,1,20,21,30,-4.800000000000001,0,0,0,3.2,0.0000,0.0000
2009,1,20,22,0,-5.1000000000000005,0,0,0,2.9000000000000004,0.0000,0.0000
2009,1,20,22,30,-5.2,0,0,0,2.7,0.0000,0.0000
2009,1,20,23,0,-5.300000000000001,0,0,0,2.5,0.0000,0.0000
2009,1,20,23,30,-5.2,0,0,0,2.6,0.0000,0.0000
2009,1,21,0,0,-5.2,0,0,0,2.7,0.0000,0.0000
2009,1,21,0,30,-5.300000000000001,0,0,0,2.9000000000000004,0.0000,0.0000
2009,1,21,1,0,-5.300000000000001,0,0,0,3.1,0.0000,0.0000
2009,1,21,1,30,-5.4,0,0,0,3.4000000000000004,0.0000,0.0000
2009,1,21,2,0,-5.5,0,0,0,3.6,0.0000,0.0000
2009,1,21,2,30,-5.5,0,0,0,3.8000000000000003,0.0000,0.0000
2009,1,21,3,0,-5.5,0,0,0,3.9000000000000004,0.0000,0.0000
2009,1,21,3,30,-5.4,0,0,0,3.9000000000000004,0.0000,0.0000
2009,1,21,4,0,-5.300000000000001,0,0,0,3.9000000000000004,0.0000,0.0000
2009,1,21,4,30,-5.300000000000001,0,0,0,3.8000000000000003,0.0000,0.0000
2009,1,21,5,0,-5.300000000000001,0,0,0,3.6,0.0000,0.0000
2009,1,21,5,30,-5.4,0,0,0,3.5,0.0000,0.0000
2009,1,21,6,0,-5.5,0,0,0,3.4000000000000004,0.0000,0.0000
2009,1,21,6,30,-5.6000000000000005,0,0,0,3.3000000000000003,0.0000,0.0000
2009,1,21,7,0,-5.6000000000000005,0,0,0,3.3000000000000003,0.0000,0.0000
2009,1,21,7,30,-5.1000000000000005,0,0,0,3.5,0.0000,0.0000
2009,1,21,8,0,-4.6000000000000005,13,265,19,3.8000000000000003,0.0000,0.0000
2009,1,21,8,30,-3.7,28,537,84,3.7,0.0000,0.0000
2009,1,21,9,0,-2.7,36,707,164,3.7,7.8167,5.9601
2009,1,21,9,30,-1.5,42,798,244,3.5,11.8957,9.1361
2009,1,21,10,0,-0.30000000000000004,45,861,317,3.3000000000000003,15.9947,12.3599
2009,1,21,10,30,0.9,48,901,381,3.3000000000000003,19.7962,15.3606
2009,1,21,11,0,2.1,49,930,434,3.3000000000000003,23.0503,17.9330
2009,1,21,11,30,2.9000000000000004,51,948,474,3.1,25.5571,19.9163
2009,1,21,12,0,3.7,62,941,502,3,27.3179,21.3089
2009,1,21,12,30,4.4,63,946,515,2.9000000000000004,28.1384,21.9578
2009,1,21,13,0,5,61,947,511,2.9000000000000004,27.8916,21.7630
2009,1,21,13,30,5.4,60,940,493,2.8000000000000003,26.7475,20.8575
2009,1,21,14,0,5.7,58,927,461,2.7,24.7272,19.2588
2009,1,21,14,30,5.4,56,913,419,2,22.0800,17.1624
2009,1,21,15,0,5.1000000000000005,52,882,361,1.4000000000000001,18.5567,14.3783
2009,1,21,15,30,3.9000000000000004,48,834,292,1.3,14.5385,11.2104
2009,1,21,16,0,2.8000000000000003,42,765,214,1.3,10.3038,7.8900
2009,1,21,16,30,2,34,654,133,1.4000000000000001,0.0000,0.0000
2009,1,21,17,0,1.1,22,463,56,1.5,0.0000,0.0000
2009,1,21,17,30,0.6000000000000001,0,0,0,1.6,0.0000,0.0000
2009,1,21,18,0,0.1,0,0,0,1.6,0.0000,0.0000
2009,1,21,18,30,-0.2,0,0,0,1.6,0.0000,0.0000
2009,1,21,19,0,-0.6000000000000001,0,0,0,1.7000000000000002,0.0000,0.0000
2009,1,21,19,30,-0.6000000000000001,0,0,0,1.8,0.0000,0.0000
2009,1,21,20,0,-0.7000000000000001,0,0,0,1.8,0.0000,0.0000
2009,1,21,20,30,-0.8,0,0,0,1.9000000000000001,0.0000,0.0000
2009,1,21,21,0,-0.8,0,0,0,2,0.0000,0.0000
2009,1,21,21,30,-0.9,0,0,0,2.2,0.0000,0.0000
2009,1,21,22,0,-0.9,0,0,0,2.3000000000000003,0.0000,0.0000
2009,1,21,22,30,-1,0,0,0,2.4000000000000004,0.0000,0.0000
2009,1,21,23,0,-1.1,0,0,0,2.5,0.0000,0.0000
2009,1,21,23,30,-1.2000000000000002,0,0,0,2.5,0.0000,0.0000
2009,1,22,0,0,-1.3,0,0,0,2.5,0.0000,0.0000
2009,1,22,0,30,-1.4000000000000001,0,0,0,2.5,0.0000,0.0000
2009,1,22,1,0,-1.5,0,0,0,2.4000000000000004,0.0000,0.0000
2009,1,22,1,30,-1.7000000000000002,0,0,0,2.3000000000000003,0.0000,0.0000
2009,1,22,2,0,-1.8,0,0,0,2.2,0.0000,0.0000
2009,1,22,2,30,-1.9000000000000001,0,0,0,2.1,0.0000,0.0000
2009,1,22,3,0,-1.9000000000000001,0,0,0,2,0.0000,0.0000
2009,1,22,3,30,-2.1,0,0,0,1.9000000000000001,0.0000,0.0000
2009,1,22,4,0,-2.2,0,0,0,1.9000000000000001,0.0000,0.0000
2009,1,22,4,30,-2.5,0,0,0,2,0.0000,0.0000
2009,1,22,5,0,-2.8000000000000003,0,0,0,2.1,0.0000,0.0000
2009,1,22,5,30,-3,0,0,0,2.3000000000000003,0.0000,0.0000
2009,1,22,6,0,-3.3000000000000003,0,0,0,2.5,0.0000,0.0000
2009,1,22,6,30,-3.4000000000000004,0,0,0,2.5,0.0000,0.0000
2009,1,22,7,0,-3.6,0,0,0,2.6,0.0000,0.0000
2009,1,22,7,30,-2.7,0,0,0,2.9000000000000004,0.0000,0.0000
2009,1,22,8,0,-1.8,12,296,20,3.2,0.0000,0.0000
2009,1,22,8,30,-0.5,27,556,86,3.6,0.0000,0.0000
2009,1,22,9,0,0.9,35,707,166,4,7.9125,6.0342
2009,1,22,9,30,2,42,797,246,3.6,12.0086,9.2253
2009,1,22,10,0,3,45,853,316,3.2,15.9694,12.3432
2009,1,22,10,30,4.2,48,893,381,3,19.8264,15.3869
2009,1,22,11,0,5.4,51,919,434,2.9000000000000004,23.0834,17.9617
2009,1,22,11,30,6.2,53,938,474,3,25.5940,19.9481
2009,1,22,12,0,7.1000000000000005,55,947,501,3,27.3022,21.2997
2009,1,22,12,30,7.5,56,952,513,2.8000000000000003,28.0677,21.9056
2009,1,22,13,0,8,55,959,513,2.6,28.0432,21.8846
2009,1,22,13,30,8.200000000000001,54,951,496,2.3000000000000003,26.9528,21.0210
2009,1,22,14,0,8.3,53,936,464,2,24.9288,19.4193
2009,1,22,14,30,7.7,51,915,418,1.5,22.0672,17.1562
2009,1,22,15,0,7,50,879,361,1,18.5943,14.4114
2009,1,22,15,30,6.1000000000000005,46,832,292,1.1,14.5683,11.2373
2009,1,22,16,0,5.2,41,762,216,1.2000000000000002,10.4159,7.9791
2009,1,22,16,30,4.5,33,654,135,1.3,0.0000,0.0000
2009,1,22,17,0,3.8000000000000003,22,470,58,1.3,0.0000,0.0000
2009,1,22,17,30,3.4000000000000004,0,0,0,1.4000000000000001,0.0000,0.0000
2009,1,22,18,0,2.9000000000000004,0,0,0,1.4000000000000001,0.0000,0.0000
2009,1,22,18,30,2.4000000000000004,0,0,0,1.5,0.0000,0.0000
2009,1,22,19,0,1.9000000000000001,0,0,0,1.6,0.0000,0.0000
2009,1,22,19,30,1.7000000000000002,0,0,0,1.6,0.0000,0.0000
2009,1,22,20,0,1.5,0,0,0,1.6,0.0000,0.0000
2009,1,22,20,30,1.3,0,0,0,1.8,0.0000,0.0000
2009,1,22,21,0,1.2000000000000002,0,0,0,1.9000000000000001,0.0000,0.0000
2009,1,22,21,30,1.2000000000000002,0,0,0,2.2,0.0000,0.0000
2009,1,22,22,0,1.2000000000000002,0,0,0,2.5,0.0000,0.0000
2009,1,22,22,30,1.3,0,0,0,3.1,0.0000,0.0000
2009,1,22,23,0,1.3,0,0,0,3.7,0.0000,0.0000
2009,1,22,23,30,1.3,0,0,0,4.3,0.0000,0.0000
2009,1,23,0,0,1.2000000000000002,0,0,0,5,0.0000,0.0000
2009,1,23,0,30,0.8,0,0,0,5.6000000000000005,0.0000,0.0000
2009,1,23,1,0,0.4,0,0,0,6.2,0.0000,0.0000
2009,1,23,1,30,-0.4,0,0,0,6.800000000000001,0.0000,0.0000
2009,1,23,2,0,-1.1,0,0,0,7.5,0.0000,0.0000
2009,1,23,2,30,-2,0,0,0,8.1,0.0000,0.0000
2009,1,23,3,0,-2.8000000000000003,0,0,0,8.6,0.0000,0.0000
2009,1,23,3,30,-3.6,0,0,0,8.8,0.0000,0.0000
2009,1,23,4,0,-4.5,0,0,0,9.1,0.0000,0.0000
2009,1,23,4,30,-5.1000000000000005,0,0,0,9,0.0000,0.0000
2009,1,23,5,0,-5.6000000000000005,0,0,0,9,0.0000,0.0000
2009,1,23,5,30,-5.9,0,0,0,8.9,0.0000,0.0000
2009,1,23,6,0,-6.2,0,0,0,8.8,0.0000,0.0000
2009,1,23,6,30,-6.4,0,0,0,8.700000000000001,0.0000,0.0000
2009,1,23,7,0,-6.5,0,0,0,8.5,0.0000,0.0000
2009,1,23,7,30,-6.5,0,0,0,8.6,0.0000,0.0000
2009,1,23,8,0,-6.5,3,0,3,8.700000000000001,0.0000,0.0000
2009,1,23,8,30,-6.5,11,0,11,8.9,0.0000,0.0000
2009,1,23,9,0,-6.4,66,1,67,9.200000000000001,3.1941,2.4364
2009,1,23,9,30,-6.300000000000001,91,1,91,9.200000000000001,4.4484,3.4183
2009,1,23,10,0,-6.300000000000001,121,2,121,9.200000000000001,6.1244,4.7349
2009,1,23,10,30,-6.300000000000001,221,51,240,9.1,12.5090,9.7100
2009,1,23,11,0,-6.300000000000001,57,0,57,9,3.0362,2.3630
2009,1,23,11,30,-6.5,30,0,30,8.9,1.6222,1.2645
2009,1,23,12,0,-6.6000000000000005,88,0,88,8.8,4.8026,3.7473
2009,1,23,12,30,-7,119,0,119,8.6,6.5205,5.0897
2009,1,23,13,0,-7.300000000000001,52,0,52,8.4,2.8468,2.2220
2009,1,23,13,30,-7.7,152,8,156,8.200000000000001,8.4909,6.6233
2009,1,23,14,0,-8,71,0,71,7.9,3.8213,2.9773
2009,1,23,14,30,-8.3,30,0,30,7.7,1.5869,1.2340
2009,1,23,15,0,-8.700000000000001,59,1,60,7.5,3.0970,2.4010
2009,1,23,15,30,-9,22,0,22,7.5,1.1001,0.8489
2009,1,23,16,0,-9.4,23,0,23,7.5,1.1110,0.8514
2009,1,23,16,30,-9.9,48,0,48,7.4,0.0000,0.0000
2009,1,23,17,0,-10.3,19,0,19,7.300000000000001,0.0000,0.0000
2009,1,23,17,30,-10.8,0,0,0,7.300000000000001,0.0000,0.0000
2009,1,23,18,0,-11.200000000000001,0,0,0,7.300000000000001,0.0000,0.0000
2009,1,23,18,30,-11.600000000000001,0,0,0,7.300000000000001,0.0000,0.0000
2009,1,23,19,0,-12.100000000000001,0,0,0,7.2,0.0000,0.0000
2009,1,23,19,30,-12.4,0,0,0,7.2,0.0000,0.0000
2009,1,23,20,0,-12.8,0,0,0,7.2,0.0000,0.0000
2009,1,23,20,30,-13.100000000000001,0,0,0,7,0.0000,0.0000
2009,1,23,21,0,-13.4,0,0,0,6.9,0.0000,0.0000
2009,1,23,21,30,-13.600000000000001,0,0,0,6.6000000000000005,0.0000,0.0000
2009,1,23,22,0,-13.9,0,0,0,6.4,0.0000,0.0000
2009,1,23,22,30,-14.200000000000001,0,0,0,6.1000000000000005,0.0000,0.0000
2009,1,23,23,0,-14.4,0,0,0,5.800000000000001,0.0000,0.0000
2009,1,23,23,30,-14.700000000000001,0,0,0,5.6000000000000005,0.0000,0.0000
2009,1,24,0,0,-15,0,0,0,5.4,0.0000,0.0000
2009,1,24,0,30,-15.3,0,0,0,5.1000000000000005,0.0000,0.0000
2009,1,24,1,0,-15.700000000000001,0,0,0,4.800000000000001,0.0000,0.0000
2009,1,24,1,30,-16,0,0,0,4.7,0.0000,0.0000
2009,1,24,2,0,-16.3,0,0,0,4.5,0.0000,0.0000
2009,1,24,2,30,-16.6,0,0,0,4.4,0.0000,0.0000
2009,1,24,3,0,-16.8,0,0,0,4.4,0.0000,0.0000
2009,1,24,3,30,-17.1,0,0,0,4.2,0.0000,0.0000
2009,1,24,4,0,-17.400000000000002,0,0,0,4,0.0000,0.0000
2009,1,24,4,30,-17.6,0,0,0,3.7,0.0000,0.0000
2009,1,24,5,0,-17.900000000000002,0,0,0,3.5,0.0000,0.0000
2009,1,24,5,30,-18.1,0,0,0,3.3000000000000003,0.0000,0.0000
2009,1,24,6,0,-18.3,0,0,0,3,0.0000,0.0000
2009,1,24,6,30,-18.400000000000002,0,0,0,2.8000000000000003,0.0000,0.0000
2009,1,24,7,0,-18.5,0,0,0,2.6,0.0000,0.0000
2009,1,24,7,30,-18.2,0,0,0,2.7,0.0000,0.0000
2009,1,24,8,0,-17.8,16,277,24,2.9000000000000004,0.0000,0.0000
2009,1,24,8,30,-17.1,50,0,50,2.8000000000000003,0.0000,0.0000
2009,1,24,9,0,-16.3,112,4,113,2.8000000000000003,5.3883,4.1110
2009,1,24,9,30,-15.5,159,143,196,2.6,9.5953,7.3757
2009,1,24,10,0,-14.8,185,304,284,2.3000000000000003,14.3999,11.1357
2009,1,24,10,30,-14,238,161,299,2.1,15.6088,12.1186
2009,1,24,11,0,-13.3,271,265,383,1.9000000000000001,20.4332,15.9050
2009,1,24,11,30,-12.700000000000001,284,307,424,1.8,22.9610,17.9014
2009,1,24,12,0,-12.100000000000001,291,324,446,1.7000000000000002,24.3760,19.0224
2009,1,24,12,30,-11.700000000000001,244,472,475,1.6,26.0655,20.3489
2009,1,24,13,0,-11.3,253,427,461,1.5,25.2757,19.7306
2009,1,24,13,30,-11,92,900,517,1.4000000000000001,28.1850,21.9893
2009,1,24,14,0,-10.700000000000001,94,864,479,1.4000000000000001,25.8249,20.1248
2009,1,24,14,30,-10.600000000000001,301,81,334,1.4000000000000001,17.6999,13.7669
2009,1,24,15,0,-10.4,28,0,28,1.4000000000000001,1.4484,1.1232
2009,1,24,15,30,-10.600000000000001,181,38,192,1.3,9.6212,7.4267
2009,1,24,16,0,-10.700000000000001,102,5,103,1.3,4.9838,3.8211
2009,1,24,16,30,-11.100000000000001,71,5,72,1.2000000000000002,0.0000,0.0000
2009,1,24,17,0,-11.4,33,1,33,1.2000000000000002,0.0000,0.0000
2009,1,24,17,30,-11.5,0,0,0,1.2000000000000002,0.0000,0.0000
2009,1,24,18,0,-11.700000000000001,0,0,0,1.2000000000000002,0.0000,0.0000
2009,1,24,18,30,-11.8,0,0,0,1.3,0.0000,0.0000
2009,1,24,19,0,-12,0,0,0,1.3,0.0000,0.0000
2009,1,24,19,30,-12.100000000000001,0,0,0,1.5,0.0000,0.0000
2009,1,24,20,0,-12.3,0,0,0,1.7000000000000002,0.0000,0.0000
2009,1,24,20,30,-12.3,0,0,0,1.8,0.0000,0.0000
2009,1,24,21,0,-12.4,0,0,0,1.9000000000000001,0.0000,0.0000
2009,1,24,21,30,-12.5,0,0,0,2,0.0000,0.0000
2009,1,24,22,0,-12.5,0,0,0,2.1,0.0000,0.0000
2009,1,24,22,30,-12.700000000000001,0,0,0,2.1,0.0000,0.0000
2009,1,24,23,0,-12.8,0,0,0,2.2,0.0000,0.0000
2009,1,24,23,30,-12.9,0,0,0,2.3000000000000003,0.0000,0.0000
2009,1,25,0,0,-13.100000000000001,0,0,0,2.4000000000000004,0.0000,0.0000
2009,1,25,0,30,-13.200000000000001,0,0,0,2.5,0.0000,0.0000
2009,1,25,1,0,-13.4,0,0,0,2.7,0.0000,0.0000
2009,1,25,1,30,-13.5,0,0,0,2.7,0.0000,0.0000
2009,1,25,2,0,-13.600000000000001,0,0,0,2.8000000000000003,0.0000,0.0000
2009,1,25,2,30,-13.700000000000001,0,0,0,2.8000000000000003,0.0000,0.0000
2009,1,25,3,0,-13.8,0,0,0,2.8000000000000003,0.0000,0.0000
2009,1,25,3,30,-13.9,0,0,0,2.9000000000000004,0.0000,0.0000
2009,1,25,4,0,-14,0,0,0,2.9000000000000004,0.0000,0.0000
2009,1,25,4,30,-14.100000000000001,0,0,0,2.9000000000000004,0.0000,0.0000
2009,1,25,5,0,-14.3,0,0,0,2.9000000000000004,0.0000,0.0000
2009,1,25,5,30,-14.5,0,0,0,2.9000000000000004,0.0000,0.0000
2009,1,25,6,0,-14.700000000000001,0,0,0,2.8000000000000003,0.0000,0.0000
2009,1,25,6,30,-14.9,0,0,0,2.7,0.0000,0.0000
2009,1,25,7,0,-15.100000000000001,0,0,0,2.7,0.0000,0.0000
2009,1,25,7,30,-14.8,0,0,0,2.7,0.0000,0.0000
2009,1,25,8,0,-14.5,10,0,10,2.6,0.0000,0.0000
2009,1,25,8,30,-14,38,0,38,2.7,0.0000,0.0000
2009,1,25,9,0,-13.5,8,0,8,2.8000000000000003,0.3816,0.2912
2009,1,25,9,30,-13.100000000000001,87,1,88,2.7,4.3146,3.3175
2009,1,25,10,0,-12.8,24,0,24,2.6,1.2189,0.9428
2009,1,25,10,30,-12.3,100,777,397,2.5,20.7590,16.1205
2009,1,25,11,0,-11.8,103,816,451,2.5,24.0982,18.7611
2009,1,25,11,30,-11.5,79,0,79,2.4000000000000004,4.2847,3.3411
2009,1,25,12,0,-11.100000000000001,365,64,396,2.4000000000000004,21.6757,16.9177
2009,1,25,12,30,-10.9,108,869,536,2.4000000000000004,29.4574,23.0003
2009,1,25,13,0,-10.700000000000001,107,871,534,2.5,29.3227,22.8932
2009,1,25,13,30,-10.600000000000001,131,0,131,2.5,7.1530,5.5815
2009,1,25,14,0,-10.600000000000001,70,0,70,2.6,3.7805,2.9466
2009,1,25,14,30,-10.700000000000001,153,3,155,2.7,8.2297,6.4025
2009,1,25,15,0,-10.8,146,5,147,2.8000000000000003,7.6197,5.9106
2009,1,25,15,30,-11,97,2,98,2.7,4.9218,3.8006
2009,1,25,16,0,-11.200000000000001,101,4,102,2.7,4.9442,3.7924
2009,1,25,16,30,-11.5,56,1,56,2.7,0.0000,0.0000
2009,1,25,17,0,-11.9,25,0,25,2.6,0.0000,0.0000
2009,1,25,17,30,-12.100000000000001,0,0,0,2.6,0.0000,0.0000
2009,1,25,18,0,-12.3,0,0,0,2.6,0.0000,0.0000
2009,1,25,18,30,-12.4,0,0,0,2.5,0.0000,0.0000
2009,1,25,19,0,-12.5,0,0,0,2.5,0.0000,0.0000
2009,1,25,19,30,-12.600000000000001,0,0,0,2.4000000000000004,0.0000,0.0000
2009,1,25,20,0,-12.700000000000001,0,0,0,2.4000000000000004,0.0000,0.0000
2009,1,25,20,30,-12.8,0,0,0,2.3000000000000003,0.0000,0.0000
2009,1,25,21,0,-12.9,0,0,0,2.2,0.0000,0.0000
2009,1,25,21,30,-13,0,0,0,2.1,0.0000,0.0000
2009,1,25,22,0,-13.100000000000001,0,0,0,2,0.0000,0.0000
2009,1,25,22,30,-13.200000000000001,0,0,0,1.9000000000000001,0.0000,0.0000
2009,1,25,23,0,-13.3,0,0,0,1.8,0.0000,0.0000
2009,1,25,23,30,-13.4,0,0,0,1.8,0.0000,0.0000
2009,1,26,0,0,-13.5,0,0,0,1.8,0.0000,0.0000
2009,1,26,0,30,-13.600000000000001,0,0,0,1.7000000000000002,0.0000,0.0000
2009,1,26,1,0,-13.700000000000001,0,0,0,1.7000000000000002,0.0000,0.0000
2009,1,26,1,30,-13.8,0,0,0,1.7000000000000002,0.0000,0.0000
2009,1,26,2,0,-13.9,0,0,0,1.7000000000000002,0.0000,0.0000
2009,1,26,2,30,-14,0,0,0,1.7000000000000002,0.0000,0.0000
2009,1,26,3,0,-14.100000000000001,0,0,0,1.7000000000000002,0.0000,0.0000
2009,1,26,3,30,-14.200000000000001,0,0,0,1.8,0.0000,0.0000
2009,1,26,4,0,-14.4,0,0,0,1.8,0.0000,0.0000
2009,1,26,4,30,-14.4,0,0,0,1.7000000000000002,0.0000,0.0000
2009,1,26,5,0,-14.5,0,0,0,1.7000000000000002,0.0000,0.0000
2009,1,26,5,30,-14.4,0,0,0,1.6,0.0000,0.0000
2009,1,26,6,0,-14.4,0,0,0,1.6,0.0000,0.0000
2009,1,26,6,30,-14.3,0,0,0,1.6,0.0000,0.0000
2009,1,26,7,0,-14.3,0,0,0,1.7000000000000002,0.0000,0.0000
2009,1,26,7,30,-14,0,0,0,1.8,0.0000,0.0000
2009,1,26,8,0,-13.8,10,0,10,1.8,0.0000,0.0000
2009,1,26,8,30,-13.3,14,0,14,2,0.0000,0.0000
2009,1,26,9,0,-12.9,22,0,22,2.2,1.0498,0.8014
2009,1,26,9,30,-12.600000000000001,73,686,256,2.2,12.5717,9.6696
2009,1,26,10,0,-12.3,112,0,112,2.2,5.6981,4.4086
2009,1,26,10,30,-12.100000000000001,51,0,51,2.2,2.6714,2.0749
2009,1,26,11,0,-11.8,33,0,33,2.2,1.7661,1.3752
2009,1,26,11,30,-11.5,78,0,78,2.2,4.2369,3.3043
2009,1,26,12,0,-11.3,108,0,108,2.3000000000000003,5.9203,4.6214
2009,1,26,12,30,-11.100000000000001,85,0,85,2.3000000000000003,4.6784,3.6534
2009,1,26,13,0,-11,97,0,97,2.4000000000000004,5.3348,4.1657
2009,1,26,13,30,-10.9,93,0,93,2.5,5.0864,3.9696
2009,1,26,14,0,-10.8,52,0,52,2.6,2.8133,2.1932
2009,1,26,14,30,-10.8,55,0,55,2.6,2.9260,2.2768
2009,1,26,15,0,-10.8,35,0,35,2.7,1.8181,1.4107
2009,1,26,15,30,-11,70,0,70,2.7,3.5238,2.7220
2009,1,26,16,0,-11.200000000000001,65,691,234,2.6,11.3645,8.7208
2009,1,26,16,30,-11.700000000000001,51,578,150,2.5,0.0000,0.0000
2009,1,26,17,0,-12.200000000000001,33,395,69,2.5,0.0000,0.0000
2009,1,26,17,30,-12.5,0,0,0,2.5,0.0000,0.0000
2009,1,26,18,0,-12.8,0,0,0,2.4000000000000004,0.0000,0.0000
2009,1,26,18,30,-13.100000000000001,0,0,0,2.2,0.0000,0.0000
2009,1,26,19,0,-13.4,0,0,0,2,0.0000,0.0000
2009,1,26,19,30,-13.700000000000001,0,0,0,1.8,0.0000,0.0000
2009,1,26,20,0,-13.9,0,0,0,1.7000000000000002,0.0000,0.0000
2009,1,26,20,30,-14,0,0,0,1.6,0.0000,0.0000
2009,1,26,21,0,-14.200000000000001,0,0,0,1.5,0.0000,0.0000
2009,1,26,21,30,-14.3,0,0,0,1.5,0.0000,0.0000
2009,1,26,22,0,-14.5,0,0,0,1.4000000000000001,0.0000,0.0000
2009,1,26,22,30,-14.700000000000001,0,0,0,1.4000000000000001,0.0000,0.0000
2009,1,26,23,0,-14.9,0,0,0,1.3,0.0000,0.0000
2009,1,26,23,30,-15.100000000000001,0,0,0,1.3,0.0000,0.0000
2009,1,27,0,0,-15.3,0,0,0,1.3,0.0000,0.0000
2009,1,27,0,30,-15.3,0,0,0,1.3,0.0000,0.0000
2009,1,27,1,0,-15.3,0,0,0,1.2000000000000002,0.0000,0.0000
2009,1,27,1,30,-15.100000000000001,0,0,0,1.2000000000000002,0.0000,0.0000
2009,1,27,2,0,-14.9,0,0,0,1.3,0.0000,0.0000
2009,1,27,2,30,-14.8,0,0,0,1.3,0.0000,0.0000
2009,1,27,3,0,-14.700000000000001,0,0,0,1.2000000000000002,0.0000,0.0000
2009,1,27,3,30,-14.600000000000001,0,0,0,1.2000000000000002,0.0000,0.0000
2009,1,27,4,0,-14.600000000000001,0,0,0,1.2000000000000002,0.0000,0.0000
2009,1,27,4,30,-14.600000000000001,0,0,0,1.2000000000000002,0.0000,0.0000
2009,1,27,5,0,-14.600000000000001,0,0,0,1.2000000000000002,0.0000,0.0000
2009,1,27,5,30,-14.600000000000001,0,0,0,1.3,0.0000,0.0000
2009,1,27,6,0,-14.700000000000001,0,0,0,1.3,0.0000,0.0000
2009,1,27,6,30,-14.600000000000001,0,0,0,1.2000000000000002,0.0000,0.0000
2009,1,27,7,0,-14.5,0,0,0,1.2000000000000002,0.0000,0.0000
2009,1,27,7,30,-14.200000000000001,0,0,0,1,0.0000,0.0000
2009,1,27,8,0,-13.8,11,0,11,0.9,0.0000,0.0000
2009,1,27,8,30,-13.200000000000001,31,0,31,0.8,0.0000,0.0000
2009,1,27,9,0,-12.600000000000001,122,8,123,0.8,5.8725,4.4838
2009,1,27,9,30,-12.100000000000001,36,0,36,0.7000000000000001,1.7708,1.3624
2009,1,27,10,0,-11.600000000000001,30,0,30,0.7000000000000001,1.5290,1.1833
2009,1,27,10,30,-11.200000000000001,37,0,37,0.8,1.9414,1.5082
2009,1,27,11,0,-10.8,34,0,34,0.8,1.8227,1.4195
2009,1,27,11,30,-10.5,104,868,509,0.9,27.6917,21.5999
2009,1,27,12,0,-10.100000000000001,108,878,538,1.1,29.5370,23.0601
2009,1,27,12,30,-9.8,116,0,116,1.2000000000000002,6.3941,4.9939
2009,1,27,13,0,-9.4,44,0,44,1.4000000000000001,2.4236,1.8928
2009,1,27,13,30,-9.200000000000001,59,0,59,1.5,3.2321,2.5228
2009,1,27,14,0,-9,103,862,498,1.5,26.9900,21.0443
2009,1,27,14,30,-8.9,89,0,89,1.5,4.7440,3.6923
2009,1,27,15,0,-8.9,89,807,390,1.5,20.3015,15.7564
2009,1,27,15,30,-9.200000000000001,80,755,318,1.3,16.0437,12.3975
2009,1,27,16,0,-9.4,67,689,239,1.1,11.6294,8.9278
2009,1,27,16,30,-9.9,53,577,154,1,7.3421,5.5956
2009,1,27,17,0,-10.4,34,407,73,0.9,0.0000,0.0000
2009,1,27,17,30,-10.8,0,0,0,0.9,0.0000,0.0000
2009,1,27,18,0,-11.100000000000001,0,0,0,1,0.0000,0.0000
2009,1,27,18,30,-11.4,0,0,0,1.2000000000000002,0.0000,0.0000
2009,1,27,19,0,-11.700000000000001,0,0,0,1.4000000000000001,0.0000,0.0000
2009,1,27,19,30,-12.100000000000001,0,0,0,1.6,0.0000,0.0000
2009,1,27,20,0,-12.5,0,0,0,1.9000000000000001,0.0000,0.0000
2009,1,27,20,30,-12.9,0,0,0,1.9000000000000001,0.0000,0.0000
2009,1,27,21,0,-13.3,0,0,0,2,0.0000,0.0000
2009,1,27,21,30,-13.600000000000001,0,0,0,2.2,0.0000,0.0000
2009,1,27,22,0,-13.9,0,0,0,2.4000000000000004,0.0000,0.0000
2009,1,27,22,30,-14.200000000000001,0,0,0,2.6,0.0000,0.0000
2009,1,27,23,0,-14.4,0,0,0,2.8000000000000003,0.0000,0.0000
2009,1,27,23,30,-14.5,0,0,0,2.9000000000000004,0.0000,0.0000
2009,1,28,0,0,-14.700000000000001,0,0,0,3.1,0.0000,0.0000
2009,1,28,0,30,-14.700000000000001,0,0,0,3.3000000000000003,0.0000,0.0000
2009,1,28,1,0,-14.8,0,0,0,3.4000000000000004,0.0000,0.0000
2009,1,28,1,30,-14.8,0,0,0,3.5,0.0000,0.0000
2009,1,28,2,0,-14.9,0,0,0,3.6,0.0000,0.0000
2009,1,28,2,30,-14.9,0,0,0,3.7,0.0000,0.0000
2009,1,28,3,0,-15,0,0,0,3.7,0.0000,0.0000
2009,1,28,3,30,-15.100000000000001,0,0,0,3.8000000000000003,0.0000,0.0000
2009,1,28,4,0,-15.100000000000001,0,0,0,3.9000000000000004,0.0000,0.0000
2009,1,28,4,30,-15,0,0,0,3.9000000000000004,0.0000,0.0000
2009,1,28,5,0,-14.8,0,0,0,4,0.0000,0.0000
2009,1,28,5,30,-14.700000000000001,0,0,0,3.9000000000000004,0.0000,0.0000
2009,1,28,6,0,-14.5,0,0,0,3.8000000000000003,0.0000,0.0000
2009,1,28,6,30,-14.600000000000001,0,0,0,3.5,0.0000,0.0000
2009,1,28,7,0,-14.8,0,0,0,3.2,0.0000,0.0000
2009,1,28,7,30,-14.3,0,0,0,3.3000000000000003,0.0000,0.0000
2009,1,28,8,0,-13.700000000000001,17,280,28,3.5,0.0000,0.0000
2009,1,28,8,30,-12.5,46,1,46,3.6,0.0000,0.0000
2009,1,28,9,0,-11.200000000000001,46,692,185,3.7,8.8379,6.7499
2009,1,28,9,30,-9.600000000000001,55,780,269,3.7,13.2544,10.2012
2009,1,28,10,0,-8,62,841,346,3.7,17.6669,13.6761
2009,1,28,10,30,-6.1000000000000005,68,881,414,3.8000000000000003,21.7591,16.9077
2009,1,28,11,0,-4.1000000000000005,101,0,101,3.9000000000000004,5.4232,4.2244
2009,1,28,11,30,-2.2,201,6,204,4,11.1156,8.6717
2009,1,28,12,0,-0.2,86,915,538,4.2,29.5815,23.0983
2009,1,28,12,30,1.2000000000000002,87,920,551,4.3,30.4180,23.7606
2009,1,28,13,0,2.5,59,0,59,4.5,3.2550,2.5425
2009,1,28,13,30,3.2,178,2,179,4.6000000000000005,9.8220,7.6678
2009,1,28,14,0,4,144,0,144,4.7,7.8183,6.0971
2009,1,28,14,30,4,74,896,455,4.5,24.2995,18.9167
2009,1,28,15,0,4,130,4,131,4.4,6.8335,5.3050
2009,1,28,15,30,3.1,60,835,327,4.2,16.5344,12.7811
2009,1,28,16,0,2.2,52,759,245,4.1000000000000005,11.9454,9.1745
2009,1,28,16,30,0.9,42,659,160,3.9000000000000004,7.6264,5.8137
2009,1,28,17,0,-0.5,30,476,77,3.7,0.0000,0.0000
2009,1,28,17,30,-1.3,0,0,0,3.6,0.0000,0.0000
2009,1,28,18,0,-2,0,0,0,3.5,0.0000,0.0000
2009,1,28,18,30,-2.6,0,0,0,3.4000000000000004,0.0000,0.0000
2009,1,28,19,0,-3.2,0,0,0,3.3000000000000003,0.0000,0.0000
2009,1,28,19,30,-3.5,0,0,0,3.4000000000000004,0.0000,0.0000
2009,1,28,20,0,-3.8000000000000003,0,0,0,3.5,0.0000,0.0000
2009,1,28,20,30,-3.9000000000000004,0,0,0,3.7,0.0000,0.0000
2009,1,28,21,0,-4.1000000000000005,0,0,0,3.8000000000000003,0.0000,0.0000
2009,1,28,21,30,-4.2,0,0,0,4,0.0000,0.0000
2009,1,28,22,0,-4.3,0,0,0,4.1000000000000005,0.0000,0.0000
2009,1,28,22,30,-4.4,0,0,0,4.2,0.0000,0.0000
2009,1,28,23,0,-4.5,0,0,0,4.2,0.0000,0.0000
2009,1,28,23,30,-4.6000000000000005,0,0,0,4.3,0.0000,0.0000
2009,1,29,0,0,-4.7,0,0,0,4.3,0.0000,0.0000
2009,1,29,0,30,-4.7,0,0,0,4.3,0.0000,0.0000
2009,1,29,1,0,-4.7,0,0,0,4.4,0.0000,0.0000
2009,1,29,1,30,-4.6000000000000005,0,0,0,4.5,0.0000,0.0000
2009,1,29,2,0,-4.6000000000000005,0,0,0,4.7,0.0000,0.0000
2009,1,29,2,30,-4.4,0,0,0,4.800000000000001,0.0000,0.0000
2009,1,29,3,0,-4.3,0,0,0,5,0.0000,0.0000
2009,1,29,3,30,-4.1000000000000005,0,0,0,5.1000000000000005,0.0000,0.0000
2009,1,29,4,0,-4,0,0,0,5.1000000000000005,0.0000,0.0000
2009,1,29,4,30,-4.3,0,0,0,4.800000000000001,0.0000,0.0000
2009,1,29,5,0,-4.7,0,0,0,4.6000000000000005,0.0000,0.0000
2009,1,29,5,30,-5.1000000000000005,0,0,0,4.7,0.0000,0.0000
2009,1,29,6,0,-5.5,0,0,0,4.800000000000001,0.0000,0.0000
2009,1,29,6,30,-5.7,0,0,0,4.9,0.0000,0.0000
2009,1,29,7,0,-5.9,0,0,0,5.1000000000000005,0.0000,0.0000
2009,1,29,7,30,-5.5,0,0,0,5.300000000000001,0.0000,0.0000
2009,1,29,8,0,-5.1000000000000005,7,0,7,5.5,0.0000,0.0000
2009,1,29,8,30,-4.4,36,555,106,5.9,0.0000,0.0000
2009,1,29,9,0,-3.7,33,0,33,6.300000000000001,1.5776,1.2053
2009,1,29,9,30,-3,43,0,43,6.7,2.1224,1.6340
2009,1,29,10,0,-2.3000000000000003,70,0,70,7.1000000000000005,3.5810,2.7728
2009,1,29,10,30,-1.6,71,898,427,7.2,22.4837,17.4746
2009,1,29,11,0,-0.9,76,926,484,7.300000000000001,26.0309,20.2801
2009,1,29,11,30,-0.4,79,944,527,7.4,28.7613,22.4413
2009,1,29,12,0,0.1,82,954,556,7.6000000000000005,30.6186,23.9116
2009,1,29,12,30,0.4,83,959,569,7.7,31.4607,24.5786
2009,1,29,13,0,0.8,56,0,56,7.800000000000001,3.0943,2.4173
2009,1,29,13,30,0.8,48,0,48,7.7,2.6381,2.0599
2009,1,29,14,0,0.9,88,0,88,7.5,4.7863,3.7333
2009,1,29,14,30,0.7000000000000001,81,902,468,7.2,25.0412,19.4982
2009,1,29,15,0,0.4,79,846,402,6.800000000000001,21.0152,16.3190
2009,1,29,15,30,-0.2,72,799,330,6,16.7261,12.9339
2009,1,29,16,0,-0.8,66,710,248,5.1000000000000005,12.1167,9.3100
2009,1,29,16,30,-1.6,53,603,163,4.2,7.7692,5.9243
2009,1,29,17,0,-2.3000000000000003,36,425,79,3.4000000000000004,0.0000,0.0000
2009,1,29,17,30,-2.7,13,128,15,3,0.0000,0.0000
2009,1,29,18,0,-3.1,0,0,0,2.6,0.0000,0.0000
2009,1,29,18,30,-3.4000000000000004,0,0,0,2.6,0.0000,0.0000
2009,1,29,19,0,-3.7,0,0,0,2.5,0.0000,0.0000
2009,1,29,19,30,-4.1000000000000005,0,0,0,2.5,0.0000,0.0000
2009,1,29,20,0,-4.5,0,0,0,2.4000000000000004,0.0000,0.0000
2009,1,29,20,30,-4.9,0,0,0,2.5,0.0000,0.0000
2009,1,29,21,0,-5.300000000000001,0,0,0,2.5,0.0000,0.0000
2009,1,29,21,30,-5.5,0,0,0,2.4000000000000004,0.0000,0.0000
2009,1,29,22,0,-5.7,0,0,0,2.3000000000000003,0.0000,0.0000
2009,1,29,22,30,-5.9,0,0,0,2.2,0.0000,0.0000
2009,1,29,23,0,-6.1000000000000005,0,0,0,2.1,0.0000,0.0000
2009,1,29,23,30,-6.1000000000000005,0,0,0,2,0.0000,0.0000
2009,1,30,0,0,-6,0,0,0,1.9000000000000001,0.0000,0.0000
2009,1,30,0,30,-6.2,0,0,0,1.8,0.0000,0.0000
2009,1,30,1,0,-6.300000000000001,0,0,0,1.7000000000000002,0.0000,0.0000
2009,1,30,1,30,-6.300000000000001,0,0,0,1.7000000000000002,0.0000,0.0000
2009,1,30,2,0,-6.4,0,0,0,1.7000000000000002,0.0000,0.0000
2009,1,30,2,30,-6.2,0,0,0,1.7000000000000002,0.0000,0.0000
2009,1,30,3,0,-6.1000000000000005,0,0,0,1.7000000000000002,0.0000,0.0000
2009,1,30,3,30,-5.9,0,0,0,1.6,0.0000,0.0000
2009,1,30,4,0,-5.7,0,0,0,1.6,0.0000,0.0000
2009,1,30,4,30,-5.6000000000000005,0,0,0,1.6,0.0000,0.0000
2009,1,30,5,0,-5.5,0,0,0,1.6,0.0000,0.0000
2009,1,30,5,30,-5.4,0,0,0,1.5,0.0000,0.0000
2009,1,30,6,0,-5.4,0,0,0,1.5,0.0000,0.0000
2009,1,30,6,30,-5.4,0,0,0,1.5,0.0000,0.0000
2009,1,30,7,0,-5.4,0,0,0,1.4000000000000001,0.0000,0.0000
2009,1,30,7,30,-4.800000000000001,0,0,0,1.9000000000000001,0.0000,0.0000
2009,1,30,8,0,-4.2,10,0,10,2.3000000000000003,0.0000,0.0000
2009,1,30,8,30,-3.2,24,0,24,2.8000000000000003,0.0000,0.0000
2009,1,30,9,0,-2.1,13,0,13,3.3000000000000003,0.6220,0.4754
2009,1,30,9,30,-1.1,33,0,33,3.9000000000000004,1.6320,1.2569
2009,1,30,10,0,-0.1,36,0,36,4.5,1.8453,1.4292
2009,1,30,10,30,0.6000000000000001,57,0,57,5,3.0068,2.3374
2009,1,30,11,0,1.3,39,0,39,5.4,2.1012,1.6373
2009,1,30,11,30,1.8,98,0,98,5.7,5.3572,4.1807
2009,1,30,12,0,2.3000000000000003,78,0,78,5.9,4.3022,3.3604
2009,1,30,12,30,2.7,100,0,100,6,5.5379,4.3272
2009,1,30,13,0,3.1,90,914,556,6.1000000000000005,30.7717,24.0426
2009,1,30,13,30,3.4000000000000004,141,0,141,6,7.7625,6.0620
2009,1,30,14,0,3.7,110,0,110,6,5.9933,4.6756
2009,1,30,14,30,3.7,76,887,461,5.6000000000000005,24.7148,19.2481
2009,1,30,15,0,3.7,67,869,402,5.2,21.0601,16.3581
2009,1,30,15,30,2.9000000000000004,61,826,332,4.1000000000000005,16.8661,13.0466
2009,1,30,16,0,2,51,772,253,3,12.3880,9.5227
2009,1,30,16,30,0.4,42,678,168,2.5,8.0090,6.1091
2009,1,30,17,0,-1.2000000000000002,28,532,85,2,0.0000,0.0000
2009,1,30,17,30,-1.7000000000000002,7,0,7,1.9000000000000001,0.0000,0.0000
2009,1,30,18,0,-2.1,0,0,0,1.9000000000000001,0.0000,0.0000
2009,1,30,18,30,-2.3000000000000003,0,0,0,1.8,0.0000,0.0000
2009,1,30,19,0,-2.5,0,0,0,1.7000000000000002,0.0000,0.0000
2009,1,30,19,30,-2.7,0,0,0,1.7000000000000002,0.0000,0.0000
2009,1,30,20,0,-2.8000000000000003,0,0,0,1.7000000000000002,0.0000,0.0000
2009,1,30,20,30,-2.8000000000000003,0,0,0,1.9000000000000001,0.0000,0.0000
2009,1,30,21,0,-2.7,0,0,0,2.1,0.0000,0.0000
2009,1,30,21,30,-2.6,0,0,0,2.4000000000000004,0.0000,0.0000
2009,1,30,22,0,-2.4000000000000004,0,0,0,2.7,0.0000,0.0000
2009,1,30,22,30,-2.2,0,0,0,3,0.0000,0.0000
2009,1,30,23,0,-2.1,0,0,0,3.3000000000000003,0.0000,0.0000
2009,1,30,23,30,-2,0,0,0,3.7,0.0000,0.0000
2009,1,31,0,0,-2,0,0,0,4,0.0000,0.0000
2009,1,31,0,30,-2,0,0,0,4.3,0.0000,0.0000
2009,1,31,1,0,-1.9000000000000001,0,0,0,4.6000000000000005,0.0000,0.0000
2009,1,31,1,30,-2,0,0,0,4.800000000000001,0.0000,0.0000
2009,1,31,2,0,-2.1,0,0,0,4.9,0.0000,0.0000
2009,1,31,2,30,-2.2,0,0,0,4.800000000000001,0.0000,0.0000
2009,1,31,3,0,-2.3000000000000003,0,0,0,4.7,0.0000,0.0000
2009,1,31,3,30,-2.4000000000000004,0,0,0,4.7,0.0000,0.0000
2009,1,31,4,0,-2.4000000000000004,0,0,0,4.6000000000000005,0.0000,0.0000
2009,1,31,4,30,-2.3000000000000003,0,0,0,4.6000000000000005,0.0000,0.0000
2009,1,31,5,0,-2.3000000000000003,0,0,0,4.6000000000000005,0.0000,0.0000
2009,1,31,5,30,-2.3000000000000003,0,0,0,4.6000000000000005,0.0000,0.0000
2009,1,31,6,0,-2.3000000000000003,0,0,0,4.5,0.0000,0.0000
2009,1,31,6,30,-2.4000000000000004,0,0,0,4.5,0.0000,0.0000
2009,1,31,7,0,-2.5,0,0,0,4.5,0.0000,0.0000
2009,1,31,7,30,-2,0,0,0,4.800000000000001,0.0000,0.0000
2009,1,31,8,0,-1.4000000000000001,23,3,24,5.1000000000000005,0.0000,0.0000
2009,1,31,8,30,-0.5,34,592,112,5,0.0000,0.0000
2009,1,31,9,0,0.5,46,726,199,5,9.5305,7.2860
2009,1,31,9,30,1.7000000000000002,54,810,284,4.800000000000001,14.0708,10.8404
2009,1,31,10,0,2.9000000000000004,61,866,362,4.5,18.5917,14.4037
2009,1,31,10,30,4.2,66,905,431,4.5,22.7767,17.7099
2009,1,31,11,0,5.6000000000000005,70,933,488,4.5,26.3355,20.5249
2009,1,31,11,30,6.800000000000001,73,951,532,4.6000000000000005,29.1289,22.7355
2009,1,31,12,0,8.1,82,947,560,4.800000000000001,30.9364,24.1670
2009,1,31,12,30,8.8,83,952,574,4.800000000000001,31.8360,24.8791
2009,1,31,13,0,9.5,83,951,572,4.800000000000001,31.7073,24.7772
2009,1,31,13,30,9.700000000000001,81,944,554,4.5,30.5498,23.8610
2009,1,31,14,0,9.8,79,924,517,4.3,28.2191,22.0185
2009,1,31,14,30,9.200000000000001,75,903,470,3.5,25.2458,19.6658
2009,1,31,15,0,8.6,70,874,411,2.8000000000000003,21.5788,16.7655
2009,1,31,15,30,6.9,64,830,339,2.5,17.2610,13.3565
2009,1,31,16,0,5.300000000000001,56,757,257,2.3000000000000003,12.6107,9.6980
2009,1,31,16,30,4.1000000000000005,46,659,172,2.7,8.2029,6.2592
2009,1,31,17,0,3,32,492,86,3.1,0.0000,0.0000
2009,1,31,17,30,2.6,13,211,19,3.6,0.0000,0.0000
2009,1,31,18,0,2.2,0,0,0,4,0.0000,0.0000
2009,1,31,18,30,1.5,0,0,0,3.8000000000000003,0.0000,0.0000
2009,1,31,19,0,0.7000000000000001,0,0,0,3.6,0.0000,0.0000
2009,1,31,19,30,-0.1,0,0,0,3.1,0.0000,0.0000
2009,1,31,20,0,-0.8,0,0,0,2.7,0.0000,0.0000
2009,1,31,20,30,-1.3,0,0,0,2.5,0.0000,0.0000
2009,1,31,21,0,-1.8,0,0,0,2.3000000000000003,0.0000,0.0000
2009,1,31,21,30,-2.1,0,0,0,2.2,0.0000,0.0000
2009,1,31,22,0,-2.5,0,0,0,2,0.0000,0.0000
2009,1,31,22,30,-2.7,0,0,0,2.1,0.0000,0.0000
2009,1,31,23,0,-2.9000000000000004,0,0,0,2.1,0.0000,0.0000
2009,1,31,23,30,-2.9000000000000004,0,0,0,2.3000000000000003,0.0000,0.0000
2009,2,1,0,0,-2.9000000000000004,0,0,0,2.4000000000000004,0.0000,0.0000
2009,2,1,0,30,-2.9000000000000004,0,0,0,2.7,0.0000,0.0000
2009,2,1,1,0,-2.9000000000000004,0,0,0,2.9000000000000004,0.0000,0.0000
2009,2,1,1,30,-2.7,0,0,0,3.1,0.0000,0.0000
2009,2,1,2,0,-2.6,0,0,0,3.4000000000000004,0.0000,0.0000
2009,2,1,2,30,-2.3000000000000003,0,0,0,3.5,0.0000,0.0000
2009,2,1,3,0,-2.1,0,0,0,3.7,0.0000,0.0000
2009,2,1,3,30,-2.2,0,0,0,3.5,0.0000,0.0000
2009,2,1,4,0,-2.4000000000000004,0,0,0,3.3000000000000003,0.0000,0.0000
2009,2,1,4,30,-2.5,0,0,0,3.2,0.0000,0.0000
2009,2,1,5,0,-2.7,0,0,0,3,0.0000,0.0000
2009,2,1,5,30,-2.9000000000000004,0,0,0,2.9000000000000004,0.0000,0.0000
2009,2,1,6,0,-3.1,0,0,0,2.8000000000000003,0.0000,0.0000
2009,2,1,6,30,-3.3000000000000003,0,0,0,2.7,0.0000,0.0000
2009,2,1,7,0,-3.4000000000000004,0,0,0,2.6,0.0000,0.0000
2009,2,1,7,30,-2.7,0,0,0,3,0.0000,0.0000
2009,2,1,8,0,-2,18,0,18,3.4000000000000004,0.0000,0.0000
2009,2,1,8,30,-1.1,60,5,61,3.5,0.0000,0.0000
2009,2,1,9,0,-0.30000000000000004,116,36,124,3.7,5.9453,4.5469
2009,2,1,9,30,1,74,1,74,3.9000000000000004,3.6738,2.8314
2009,2,1,10,0,2.2,219,71,244,4.1000000000000005,12.5558,9.7300
2009,2,1,10,30,3.3000000000000003,289,101,330,4.6000000000000005,17.4718,13.5880
2009,2,1,11,0,4.3,71,938,496,5.1000000000000005,26.8148,20.9023
2009,2,1,11,30,4.7,74,956,539,5.300000000000001,29.5595,23.0752
2009,2,1,12,0,5,85,948,568,5.4,31.4269,24.5538
2009,2,1,12,30,5,381,150,459,5.4,25.4986,19.9295
2009,2,1,13,0,5,387,91,434,5.4,24.0965,18.8327
2009,2,1,13,30,4.9,366,170,452,5.2,24.9672,19.5038
2009,2,1,14,0,4.800000000000001,83,921,524,5.1000000000000005,28.6517,22.3600
2009,2,1,14,30,4.5,79,900,477,4.6000000000000005,25.6724,20.0023
2009,2,1,15,0,4.2,71,880,418,4.1000000000000005,21.9940,17.0925
2009,2,1,15,30,2.9000000000000004,65,836,346,3.1,17.6590,13.6691
2009,2,1,16,0,1.7000000000000002,60,755,264,2.1,12.9833,9.9889
2009,2,1,16,30,0.7000000000000001,116,57,128,2.3000000000000003,6.1080,4.6624
2009,2,1,17,0,-0.30000000000000004,50,3,50,2.5,0.0000,0.0000
2009,2,1,17,30,-0.1,7,0,7,3.2,0.0000,0.0000
2009,2,1,18,0,0,0,0,0,3.9000000000000004,0.0000,0.0000
2009,2,1,18,30,-0.30000000000000004,0,0,0,4.2,0.0000,0.0000
2009,2,1,19,0,-0.6000000000000001,0,0,0,4.5,0.0000,0.0000
2009,2,1,19,30,-0.9,0,0,0,4.5,0.0000,0.0000
2009,2,1,20,0,-1.2000000000000002,0,0,0,4.6000000000000005,0.0000,0.0000
2009,2,1,20,30,-1.6,0,0,0,4.3,0.0000,0.0000
2009,2,1,21,0,-2,0,0,0,4,0.0000,0.0000
2009,2,1,21,30,-2.5,0,0,0,3.4000000000000004,0.0000,0.0000
2009,2,1,22,0,-3.1,0,0,0,2.9000000000000004,0.0000,0.0000
2009,2,1,22,30,-3.4000000000000004,0,0,0,2.7,0.0000,0.0000
2009,2,1,23,0,-3.7,0,0,0,2.5,0.0000,0.0000
2009,2,1,23,30,-3.8000000000000003,0,0,0,2.6,0.0000,0.0000
2009,2,2,0,0,-4,0,0,0,2.7,0.0000,0.0000
2009,2,2,0,30,-4.1000000000000005,0,0,0,2.8000000000000003,0.0000,0.0000
2009,2,2,1,0,-4.2,0,0,0,3,0.0000,0.0000
2009,2,2,1,30,-4.4,0,0,0,3,0.0000,0.0000
2009,2,2,2,0,-4.6000000000000005,0,0,0,3.1,0.0000,0.0000
2009,2,2,2,30,-4.800000000000001,0,0,0,3.2,0.0000,0.0000
2009,2,2,3,0,-5.1000000000000005,0,0,0,3.2,0.0000,0.0000
2009,2,2,3,30,-5.300000000000001,0,0,0,3.2,0.0000,0.0000
2009,2,2,4,0,-5.5,0,0,0,3.3000000000000003,0.0000,0.0000
2009,2,2,4,30,-5.6000000000000005,0,0,0,3.3000000000000003,0.0000,0.0000
2009,2,2,5,0,-5.7,0,0,0,3.3000000000000003,0.0000,0.0000
2009,2,2,5,30,-5.800000000000001,0,0,0,3.1,0.0000,0.0000
2009,2,2,6,0,-5.9,0,0,0,3,0.0000,0.0000
2009,2,2,6,30,-6,0,0,0,2.9000000000000004,0.0000,0.0000
2009,2,2,7,0,-6.1000000000000005,0,0,0,2.7,0.0000,0.0000
2009,2,2,7,30,-5.300000000000001,0,0,0,3,0.0000,0.0000
2009,2,2,8,0,-4.6000000000000005,20,348,39,3.3000000000000003,0.0000,0.0000
2009,2,2,8,30,-3.5,38,584,118,3.3000000000000003,0.0000,0.0000
2009,2,2,9,0,-2.4000000000000004,49,728,207,3.3000000000000003,9.9363,7.6018
2009,2,2,9,30,-1,58,812,294,3.7,14.6258,11.2761
2009,2,2,10,0,0.30000000000000004,243,33,254,4.1000000000000005,13.0979,10.1530
2009,2,2,10,30,1.1,286,38,302,4.4,16.0200,12.4618
2009,2,2,11,0,1.9000000000000001,75,932,501,4.7,27.1326,21.1539
2009,2,2,11,30,2.3000000000000003,79,950,545,5.1000000000000005,29.9394,23.3757
2009,2,2,12,0,2.7,94,922,567,5.4,31.4231,24.5546
2009,2,2,12,30,2.9000000000000004,95,927,581,5.6000000000000005,32.3273,25.2704
2009,2,2,13,0,3.1,92,933,580,5.9,32.2541,25.2120
2009,2,2,13,30,3.1,91,926,562,6,31.0949,24.2945
2009,2,2,14,0,3.1,86,917,530,6.1000000000000005,29.0320,22.6608
2009,2,2,14,30,2.7,82,896,483,6.1000000000000005,26.0459,20.2976
2009,2,2,15,0,2.4000000000000004,76,871,423,6,22.3048,17.3386
2009,2,2,15,30,1.5,69,826,351,5.7,17.9561,13.9037
2009,2,2,16,0,0.6000000000000001,60,768,270,5.300000000000001,13.3085,10.2435
2009,2,2,16,30,-0.8,49,672,183,5.2,8.7392,6.6734
2009,2,2,17,0,-2.2,35,524,97,5.1000000000000005,0.0000,0.0000
2009,2,2,17,30,-3.2,16,260,25,5.6000000000000005,0.0000,0.0000
2009,2,2,18,0,-4.2,0,0,0,6.1000000000000005,0.0000,0.0000
2009,2,2,18,30,-5.4,0,0,0,6.4,0.0000,0.0000
2009,2,2,19,0,-6.7,0,0,0,6.6000000000000005,0.0000,0.0000
2009,2,2,19,30,-8,0,0,0,6.9,0.0000,0.0000
2009,2,2,20,0,-9.3,0,0,0,7.2,0.0000,0.0000
2009,2,2,20,30,-10.5,0,0,0,7.300000000000001,0.0000,0.0000
2009,2,2,21,0,-11.600000000000001,0,0,0,7.5,0.0000,0.0000
2009,2,2,21,30,-12.5,0,0,0,7.4,0.0000,0.0000
2009,2,2,22,0,-13.4,0,0,0,7.4,0.0000,0.0000
2009,2,2,22,30,-14,0,0,0,7.2,0.0000,0.0000
2009,2,2,23,0,-14.600000000000001,0,0,0,7,0.0000,0.0000
2009,2,2,23,30,-15,0,0,0,6.7,0.0000,0.0000
2009,2,3,0,0,-15.5,0,0,0,6.5,0.0000,0.0000
2009,2,3,0,30,-15.8,0,0,0,6.1000000000000005,0.0000,0.0000
2009,2,3,1,0,-16.1,0,0,0,5.800000000000001,0.0000,0.0000
2009,2,3,1,30,-16.3,0,0,0,5.5,0.0000,0.0000
2009,2,3,2,0,-16.400000000000002,0,0,0,5.1000000000000005,0.0000,0.0000
2009,2,3,2,30,-16.5,0,0,0,4.800000000000001,0.0000,0.0000
2009,2,3,3,0,-16.5,0,0,0,4.4,0.0000,0.0000
2009,2,3,3,30,-16.6,0,0,0,4.1000000000000005,0.0000,0.0000
2009,2,3,4,0,-16.6,0,0,0,3.8000000000000003,0.0000,0.0000
2009,2,3,4,30,-16.6,0,0,0,3.7,0.0000,0.0000
2009,2,3,5,0,-16.5,0,0,0,3.5,0.0000,0.0000
2009,2,3,5,30,-16.5,0,0,0,3.5,0.0000,0.0000
2009,2,3,6,0,-16.400000000000002,0,0,0,3.5,0.0000,0.0000
2009,2,3,6,30,-16.3,0,0,0,3.4000000000000004,0.0000,0.0000
2009,2,3,7,0,-16.2,0,0,0,3.4000000000000004,0.0000,0.0000
2009,2,3,7,30,-15.8,0,0,0,3.4000000000000004,0.0000,0.0000
2009,2,3,8,0,-15.4,19,0,19,3.4000000000000004,0.0000,0.0000
2009,2,3,8,30,-14.700000000000001,47,1,48,3.5,0.0000,0.0000
2009,2,3,9,0,-14,95,7,96,3.5,4.6144,3.5317
2009,2,3,9,30,-13.200000000000001,145,19,151,3.4000000000000004,7.5273,5.8054
2009,2,3,10,0,-12.4,185,17,192,3.3000000000000003,9.9215,7.6929
2009,2,3,10,30,-11.600000000000001,277,20,286,3.2,15.2013,11.8276
2009,2,3,11,0,-10.8,332,37,349,3,18.9348,14.7653
2009,2,3,11,30,-10,370,53,396,2.9000000000000004,21.7907,17.0162
2009,2,3,12,0,-9.3,400,73,438,2.8000000000000003,24.3119,19.0005
2009,2,3,12,30,-8.700000000000001,413,95,463,2.7,25.8020,20.1724
2009,2,3,13,0,-8.1,401,163,487,2.7,27.1263,21.2069
2009,2,3,13,30,-7.800000000000001,86,956,577,2.6,31.9773,24.9877
2009,2,3,14,0,-7.5,82,946,544,2.6,29.8519,23.3049
2009,2,3,14,30,-7.4,78,927,496,2.5,26.7984,20.8882
2009,2,3,15,0,-7.4,72,901,435,2.5,22.9863,17.8727
2009,2,3,15,30,-7.6000000000000005,66,860,362,2.4000000000000004,18.5636,14.3789
2009,2,3,16,0,-7.9,57,816,284,2.2,14.0319,10.8051
2009,2,3,16,30,-8.8,47,727,195,1.7000000000000002,9.3208,7.1204
2009,2,3,17,0,-9.700000000000001,34,585,105,1.1,0.0000,0.0000
2009,2,3,17,30,-10.3,16,322,29,1,0.0000,0.0000
2009,2,3,18,0,-10.9,0,0,0,0.9,0.0000,0.0000
2009,2,3,18,30,-11.3,0,0,0,1,0.0000,0.0000
2009,2,3,19,0,-11.700000000000001,0,0,0,1,0.0000,0.0000
2009,2,3,19,30,-12,0,0,0,1,0.0000,0.0000
2009,2,3,20,0,-12.4,0,0,0,1,0.0000,0.0000
2009,2,3,20,30,-12.600000000000001,0,0,0,1,0.0000,0.0000
2009,2,3,21,0,-12.9,0,0,0,1,0.0000,0.0000
2009,2,3,21,30,-13.100000000000001,0,0,0,1,0.0000,0.0000
2009,2,3,22,0,-13.4,0,0,0,0.9,0.0000,0.0000
2009,2,3,22,30,-13.600000000000001,0,0,0,0.9,0.0000,0.0000
2009,2,3,23,0,-13.8,0,0,0,0.9,0.0000,0.0000
2009,2,3,23,30,-14.100000000000001,0,0,0,0.9,0.0000,0.0000
2009,2,4,0,0,-14.3,0,0,0,0.9,0.0000,0.0000
2009,2,4,0,30,-14.4,0,0,0,1,0.0000,0.0000
2009,2,4,1,0,-14.600000000000001,0,0,0,1.1,0.0000,0.0000
2009,2,4,1,30,-14.600000000000001,0,0,0,1.2000000000000002,0.0000,0.0000
2009,2,4,2,0,-14.600000000000001,0,0,0,1.3,0.0000,0.0000
2009,2,4,2,30,-14.4,0,0,0,1.6,0.0000,0.0000
2009,2,4,3,0,-14.3,0,0,0,2,0.0000,0.0000
2009,2,4,3,30,-14.100000000000001,0,0,0,2.2,0.0000,0.0000
2009,2,4,4,0,-14,0,0,0,2.3000000000000003,0.0000,0.0000
2009,2,4,4,30,-13.9,0,0,0,2.4000000000000004,0.0000,0.0000
2009,2,4,5,0,-13.9,0,0,0,2.5,0.0000,0.0000
2009,2,4,5,30,-13.8,0,0,0,2.6,0.0000,0.0000
2009,2,4,6,0,-13.8,0,0,0,2.6,0.0000,0.0000
2009,2,4,6,30,-13.8,0,0,0,2.8000000000000003,0.0000,0.0000
2009,2,4,7,0,-13.8,0,0,0,2.9000000000000004,0.0000,0.0000
2009,2,4,7,30,-13.3,0,0,0,3.3000000000000003,0.0000,0.0000
2009,2,4,8,0,-12.700000000000001,22,324,41,3.6,0.0000,0.0000
2009,2,4,8,30,-11.5,38,548,118,4.1000000000000005,0.0000,0.0000
2009,2,4,9,0,-10.3,48,687,203,4.5,9.7708,7.4812
2009,2,4,9,30,-9.1,56,771,286,4.7,14.2876,11.0232
2009,2,4,10,0,-7.800000000000001,207,40,221,5,11.4437,8.8756
2009,2,4,10,30,-6.7,250,103,294,5.1000000000000005,15.6559,12.1839
2009,2,4,11,0,-5.6000000000000005,67,895,483,5.2,26.2515,20.4745
2009,2,4,11,30,-4.6000000000000005,70,914,526,5.2,28.9922,22.6434
2009,2,4,12,0,-3.7,80,901,551,5.300000000000001,30.6347,23.9456
2009,2,4,12,30,-2.9000000000000004,80,907,564,5.300000000000001,31.4806,24.6157
2009,2,4,13,0,-2.2,78,913,563,5.300000000000001,31.4099,24.5593
2009,2,4,13,30,-1.7000000000000002,77,911,549,5.300000000000001,30.4765,23.8186
2009,2,4,14,0,-1.1,72,907,519,5.300000000000001,28.5300,22.2767
2009,2,4,14,30,-0.9,70,886,473,5.2,25.6059,19.9628
2009,2,4,15,0,-0.8,66,856,415,5.1000000000000005,21.9771,17.0924
2009,2,4,15,30,-1,61,813,345,4.6000000000000005,17.7327,13.7397
2009,2,4,16,0,-1.3,54,756,268,4.2,13.2719,10.2241
2009,2,4,16,30,-2.5,46,670,185,3.6,8.8522,6.7653
2009,2,4,17,0,-3.7,33,535,101,3.1,0.0000,0.0000
2009,2,4,17,30,-4.1000000000000005,17,279,28,3.5,0.0000,0.0000
2009,2,4,18,0,-4.5,0,0,0,3.9000000000000004,0.0000,0.0000
2009,2,4,18,30,-4.800000000000001,0,0,0,4.1000000000000005,0.0000,0.0000
2009,2,4,19,0,-5,0,0,0,4.3,0.0000,0.0000
2009,2,4,19,30,-5.300000000000001,0,0,0,4.3,0.0000,0.0000
2009,2,4,20,0,-5.6000000000000005,0,0,0,4.4,0.0000,0.0000
2009,2,4,20,30,-5.800000000000001,0,0,0,4.5,0.0000,0.0000
2009,2,4,21,0,-6.1000000000000005,0,0,0,4.7,0.0000,0.0000
2009,2,4,21,30,-6.300000000000001,0,0,0,4.800000000000001,0.0000,0.0000
2009,2,4,22,0,-6.5,0,0,0,4.9,0.0000,0.0000
2009,2,4,22,30,-6.7,0,0,0,5,0.0000,0.0000
2009,2,4,23,0,-6.9,0,0,0,5,0.0000,0.0000
2009,2,4,23,30,-7,0,0,0,5,0.0000,0.0000
2009,2,5,0,0,-7.2,0,0,0,5,0.0000,0.0000
2009,2,5,0,30,-7.2,0,0,0,5.1000000000000005,0.0000,0.0000
2009,2,5,1,0,-7.300000000000001,0,0,0,5.1000000000000005,0.0000,0.0000
2009,2,5,1,30,-7.300000000000001,0,0,0,5.1000000000000005,0.0000,0.0000
2009,2,5,2,0,-7.300000000000001,0,0,0,5.1000000000000005,0.0000,0.0000
2009,2,5,2,30,-7.300000000000001,0,0,0,5,0.0000,0.0000
2009,2,5,3,0,-7.300000000000001,0,0,0,4.9,0.0000,0.0000
2009,2,5,3,30,-7.300000000000001,0,0,0,4.800000000000001,0.0000,0.0000
2009,2,5,4,0,-7.300000000000001,0,0,0,4.800000000000001,0.0000,0.0000
2009,2,5,4,30,-7.4,0,0,0,4.800000000000001,0.0000,0.0000
2009,2,5,5,0,-7.4,0,0,0,4.800000000000001,0.0000,0.0000
2009,2,5,5,30,-7.5,0,0,0,4.6000000000000005,0.0000,0.0000
2009,2,5,6,0,-7.6000000000000005,0,0,0,4.4,0.0000,0.0000
2009,2,5,6,30,-7.7,0,0,0,4.2,0.0000,0.0000
2009,2,5,7,0,-7.7,0,0,0,3.9000000000000004,0.0000,0.0000
2009,2,5,7,30,-7.1000000000000005,0,0,0,3.8000000000000003,0.0000,0.0000
2009,2,5,8,0,-6.4,22,391,47,3.7,0.0000,0.0000
2009,2,5,8,30,-5.1000000000000005,37,611,127,3.6,0.0000,0.0000
2009,2,5,9,0,-3.8000000000000003,46,742,216,3.4000000000000004,10.4123,7.9755
2009,2,5,9,30,-2.1,53,822,302,3.1,15.1207,11.6702
2009,2,5,10,0,-0.5,58,878,381,2.9000000000000004,19.7710,15.3385
2009,2,5,10,30,1.3,62,915,449,2.7,23.9561,18.6474
2009,2,5,11,0,3.2,64,944,506,2.6,27.5499,21.4910
2009,2,5,11,30,4.5,66,961,550,2.5,30.3664,23.7205
2009,2,5,12,0,5.800000000000001,66,974,579,2.3000000000000003,32.2421,25.2057
2009,2,5,12,30,6.6000000000000005,66,970,588,2.1,32.8719,25.7072
2009,2,5,13,0,7.300000000000001,65,971,586,1.8,32.7447,25.6066
2009,2,5,13,30,7.7,65,965,569,1.5,31.6389,24.7308
2009,2,5,14,0,8,62,955,537,1.3,29.5723,23.0945
2009,2,5,14,30,8,60,936,491,0.9,26.6301,20.7653
2009,2,5,15,0,8,57,910,432,0.6000000000000001,22.9248,17.8337
2009,2,5,15,30,7.800000000000001,53,871,361,0.5,18.5992,14.4157
2009,2,5,16,0,7.5,47,817,281,0.30000000000000004,13.9480,10.7493
2009,2,5,16,30,6.9,40,732,195,0.4,9.3419,7.1426
2009,2,5,17,0,6.300000000000001,31,593,108,0.6000000000000001,0.0000,0.0000
2009,2,5,17,30,5.6000000000000005,16,348,32,0.8,0.0000,0.0000
2009,2,5,18,0,4.9,0,0,0,1.1,0.0000,0.0000
2009,2,5,18,30,3.9000000000000004,0,0,0,1.3,0.0000,0.0000
2009,2,5,19,0,2.9000000000000004,0,0,0,1.6,0.0000,0.0000
2009,2,5,19,30,2.1,0,0,0,1.6,0.0000,0.0000
2009,2,5,20,0,1.2000000000000002,0,0,0,1.7000000000000002,0.0000,0.0000
2009,2,5,20,30,0.9,0,0,0,1.8,0.0000,0.0000
2009,2,5,21,0,0.7000000000000001,0,0,0,1.8,0.0000,0.0000
2009,2,5,21,30,0.5,0,0,0,1.8,0.0000,0.0000
2009,2,5,22,0,0.30000000000000004,0,0,0,1.9000000000000001,0.0000,0.0000
2009,2,5,22,30,0.2,0,0,0,1.8,0.0000,0.0000
2009,2,5,23,0,0,0,0,0,1.8,0.0000,0.0000
2009,2,5,23,30,-0.2,0,0,0,1.8,0.0000,0.0000
2009,2,6,0,0,-0.30000000000000004,0,0,0,1.8,0.0000,0.0000
2009,2,6,0,30,-0.5,0,0,0,1.7000000000000002,0.0000,0.0000
2009,2,6,1,0,-0.6000000000000001,0,0,0,1.7000000000000002,0.0000,0.0000
2009,2,6,1,30,-0.8,0,0,0,1.7000000000000002,0.0000,0.0000
2009,2,6,2,0,-1,0,0,0,1.6,0.0000,0.0000
2009,2,6,2,30,-1.2000000000000002,0,0,0,1.6,0.0000,0.0000
2009,2,6,3,0,-1.3,0,0,0,1.6,0.0000,0.0000
2009,2,6,3,30,-1.4000000000000001,0,0,0,1.5,0.0000,0.0000
2009,2,6,4,0,-1.5,0,0,0,1.5,0.0000,0.0000
2009,2,6,4,30,-1.5,0,0,0,1.5,0.0000,0.0000
2009,2,6,5,0,-1.5,0,0,0,1.5,0.0000,0.0000
2009,2,6,5,30,-1.6,0,0,0,1.5,0.0000,0.0000
2009,2,6,6,0,-1.7000000000000002,0,0,0,1.5,0.0000,0.0000
2009,2,6,6,30,-1.9000000000000001,0,0,0,1.5,0.0000,0.0000
2009,2,6,7,0,-2.1,0,0,0,1.5,0.0000,0.0000
2009,2,6,7,30,-1.1,0,0,0,1.5,0.0000,0.0000
2009,2,6,8,0,-0.2,27,3,28,1.5,0.0000,0.0000
2009,2,6,8,30,1.4000000000000001,77,29,82,1.9000000000000001,0.0000,0.0000
2009,2,6,9,0,3,28,0,28,2.4000000000000004,1.3520,1.0360
2009,2,6,9,30,3.8000000000000003,96,11,100,2.6,5.0181,3.8744
2009,2,6,10,0,4.6000000000000005,202,82,233,2.9000000000000004,12.1166,9.4027
2009,2,6,10,30,5.5,213,67,241,3.2,12.8839,10.0310
2009,2,6,11,0,6.4,202,393,388,3.5,21.1632,16.5119
2009,2,6,11,30,7.1000000000000005,261,261,393,3.8000000000000003,21.7344,16.9803
2009,2,6,12,0,7.800000000000001,281,233,405,4,22.5890,17.6619
2009,2,6,12,30,7.9,250,349,440,4,24.6374,19.2703
2009,2,6,13,0,8.1,281,121,347,4,19.4210,15.1896
2009,2,6,13,30,8.1,274,181,370,4.1000000000000005,20.6082,16.1111
2009,2,6,14,0,8.1,195,444,418,4.1000000000000005,23.0597,18.0115
2009,2,6,14,30,8.200000000000001,69,899,486,4.2,26.4094,20.5972
2009,2,6,15,0,8.3,157,478,356,4.4,18.9319,14.7311
2009,2,6,15,30,7.4,180,270,277,4,14.3051,11.0910
2009,2,6,16,0,6.6000000000000005,141,233,209,3.6,10.3992,8.0178
2009,2,6,16,30,5.4,102,5,103,3.6,4.9412,3.7796
2009,2,6,17,0,4.3,53,7,54,3.6,0.0000,0.0000
2009,2,6,17,30,4.5,21,2,21,4.4,0.0000,0.0000
2009,2,6,18,0,4.6000000000000005,0,0,0,5.2,0.0000,0.0000
2009,2,6,18,30,5.2,0,0,0,6.1000000000000005,0.0000,0.0000
2009,2,6,19,0,5.800000000000001,0,0,0,7,0.0000,0.0000
2009,2,6,19,30,5.5,0,0,0,6.6000000000000005,0.0000,0.0000
2009,2,6,20,0,5.300000000000001,0,0,0,6.2,0.0000,0.0000
2009,2,6,20,30,4.800000000000001,0,0,0,6,0.0000,0.0000
2009,2,6,21,0,4.3,0,0,0,5.800000000000001,0.0000,0.0000
2009,2,6,21,30,4,0,0,0,5.6000000000000005,0.0000,0.0000
2009,2,6,22,0,3.7,0,0,0,5.4,0.0000,0.0000
2009,2,6,22,30,3.3000000000000003,0,0,0,5.1000000000000005,0.0000,0.0000
2009,2,6,23,0,2.8000000000000003,0,0,0,4.7,0.0000,0.0000
2009,2,6,23,30,2.7,0,0,0,4.7,0.0000,0.0000
2009,2,7,0,0,2.5,0,0,0,4.7,0.0000,0.0000
2009,2,7,0,30,2.3000000000000003,0,0,0,4.7,0.0000,0.0000
2009,2,7,1,0,2.2,0,0,0,4.7,0.0000,0.0000
2009,2,7,1,30,1.9000000000000001,0,0,0,4.5,0.0000,0.0000
2009,2,7,2,0,1.6,0,0,0,4.4,0.0000,0.0000
2009,2,7,2,30,1.3,0,0,0,4.1000000000000005,0.0000,0.0000
2009,2,7,3,0,1,0,0,0,3.9000000000000004,0.0000,0.0000
2009,2,7,3,30,0.6000000000000001,0,0,0,3.6,0.0000,0.0000
2009,2,7,4,0,0.30000000000000004,0,0,0,3.3000000000000003,0.0000,0.0000
2009,2,7,4,30,0.1,0,0,0,3.2,0.0000,0.0000
2009,2,7,5,0,-0.1,0,0,0,3.1,0.0000,0.0000
2009,2,7,5,30,-0.30000000000000004,0,0,0,3.1,0.0000,0.0000
2009,2,7,6,0,-0.4,0,0,0,3.1,0.0000,0.0000
2009,2,7,6,30,-0.4,0,0,0,3.2,0.0000,0.0000
2009,2,7,7,0,-0.30000000000000004,0,0,0,3.3000000000000003,0.0000,0.0000
2009,2,7,7,30,0.6000000000000001,0,0,0,3.8000000000000003,0.0000,0.0000
2009,2,7,8,0,1.5,24,334,48,4.4,0.0000,0.0000
2009,2,7,8,30,2.6,41,550,126,4.2,0.0000,0.0000
2009,2,7,9,0,3.7,51,680,212,4.1000000000000005,10.2539,7.8610
2009,2,7,9,30,5,59,762,295,4,14.8364,11.4590
2009,2,7,10,0,6.4,66,816,372,3.9000000000000004,19.3873,15.0490
2009,2,7,10,30,7.7,70,855,440,4.2,23.5703,18.3552
2009,2,7,11,0,9,74,882,495,4.4,27.0490,21.1079
2009,2,7,11,30,9.8,76,900,538,4.6000000000000005,29.8042,23.2887
2009,2,7,12,0,10.5,75,920,568,4.800000000000001,31.7323,24.8144
2009,2,7,12,30,10.9,75,925,581,4.9,32.5840,25.4893
2009,2,7,13,0,11.200000000000001,73,930,580,5,32.5131,25.4328
2009,2,7,13,30,11.200000000000001,72,924,564,5.1000000000000005,31.4657,24.6029
2009,2,7,14,0,11.100000000000001,69,917,533,5.1000000000000005,29.4550,23.0105
2009,2,7,14,30,10.5,66,898,487,4.9,26.5154,20.6840
2009,2,7,15,0,10,62,875,430,4.800000000000001,22.9169,17.8362
2009,2,7,15,30,8.5,57,835,360,4.2,18.6349,14.4524
2009,2,7,16,0,7,107,447,239,3.6,11.9207,9.1946
2009,2,7,16,30,4.9,45,696,198,3.4000000000000004,9.5130,7.2800
2009,2,7,17,0,2.8000000000000003,35,552,112,3.3000000000000003,0.0000,0.0000
2009,2,7,17,30,2.1,19,321,36,3.5,0.0000,0.0000
2009,2,7,18,0,1.3,0,0,0,3.7,0.0000,0.0000
2009,2,7,18,30,0.7000000000000001,0,0,0,3.6,0.0000,0.0000
2009,2,7,19,0,0,0,0,0,3.5,0.0000,0.0000
2009,2,7,19,30,-0.6000000000000001,0,0,0,3.2,0.0000,0.0000
2009,2,7,20,0,-1.3,0,0,0,2.9000000000000004,0.0000,0.0000
2009,2,7,20,30,-1.8,0,0,0,2.6,0.0000,0.0000
2009,2,7,21,0,-2.4000000000000004,0,0,0,2.2,0.0000,0.0000
2009,2,7,21,30,-2.9000000000000004,0,0,0,2,0.0000,0.0000
2009,2,7,22,0,-3.3000000000000003,0,0,0,1.7000000000000002,0.0000,0.0000
2009,2,7,22,30,-3.6,0,0,0,1.5,0.0000,0.0000
2009,2,7,23,0,-3.9000000000000004,0,0,0,1.3,0.0000,0.0000
2009,2,7,23,30,-4,0,0,0,1.1,0.0000,0.0000
2009,2,8,0,0,-4.1000000000000005,0,0,0,1,0.0000,0.0000
2009,2,8,0,30,-4,0,0,0,0.9,0.0000,0.0000
2009,2,8,1,0,-4,0,0,0,0.9,0.0000,0.0000
2009,2,8,1,30,-4.1000000000000005,0,0,0,0.8,0.0000,0.0000
2009,2,8,2,0,-4.2,0,0,0,0.7000000000000001,0.0000,0.0000
2009,2,8,2,30,-4.3,0,0,0,0.6000000000000001,0.0000,0.0000
2009,2,8,3,0,-4.3,0,0,0,0.5,0.0000,0.0000
2009,2,8,3,30,-4.4,0,0,0,0.5,0.0000,0.0000
2009,2,8,4,0,-4.5,0,0,0,0.4,0.0000,0.0000
2009,2,8,4,30,-4.4,0,0,0,0.4,0.0000,0.0000
2009,2,8,5,0,-4.4,0,0,0,0.30000000000000004,0.0000,0.0000
2009,2,8,5,30,-4.3,0,0,0,0.30000000000000004,0.0000,0.0000
2009,2,8,6,0,-4.3,0,0,0,0.30000000000000004,0.0000,0.0000
2009,2,8,6,30,-4.2,0,0,0,0.7000000000000001,0.0000,0.0000
2009,2,8,7,0,-4.1000000000000005,0,0,0,1.2000000000000002,0.0000,0.0000
2009,2,8,7,30,-3.4000000000000004,0,0,0,1.8,0.0000,0.0000
2009,2,8,8,0,-2.7,29,0,29,2.3000000000000003,0.0000,0.0000
2009,2,8,8,30,-1.8,42,562,132,2.5,0.0000,0.0000
2009,2,8,9,0,-1,120,9,123,2.8000000000000003,5.9603,4.5714
2009,2,8,9,30,0,143,289,234,3,11.7970,9.1149
2009,2,8,10,0,1,152,396,302,3.2,15.7745,12.2482
2009,2,8,10,30,1.9000000000000001,179,394,351,3.4000000000000004,18.8404,14.6750
2009,2,8,11,0,2.8000000000000003,75,884,501,3.7,27.4265,21.4064
2009,2,8,11,30,3.4000000000000004,77,902,544,3.7,30.1872,23.5917
2009,2,8,12,0,4.1000000000000005,215,471,470,3.8000000000000003,26.2997,20.5692
2009,2,8,12,30,4.5,204,487,473,4,26.5697,20.7874
2009,2,8,13,0,4.9,288,137,364,4.1000000000000005,20.4377,15.9893
2009,2,8,13,30,5,277,173,370,4.2,20.6761,16.1689
2009,2,8,14,0,5.1000000000000005,265,95,313,4.3,17.3278,13.5390
2009,2,8,14,30,5,244,97,290,4.2,15.8198,12.3431
2009,2,8,15,0,4.9,133,6,136,4.1000000000000005,7.2631,5.6542
2009,2,8,15,30,4,185,44,201,3.3000000000000003,10.4286,8.0904
2009,2,8,16,0,3.1,135,27,143,2.6,7.1498,5.5170
2009,2,8,16,30,2.7,111,30,118,2.9000000000000004,5.6785,4.3476
2009,2,8,17,0,2.2,57,6,58,3.3000000000000003,0.0000,0.0000
2009,2,8,17,30,2.4000000000000004,19,0,19,3.9000000000000004,0.0000,0.0000
2009,2,8,18,0,2.5,0,0,0,4.6000000000000005,0.0000,0.0000
2009,2,8,18,30,2.5,0,0,0,5,0.0000,0.0000
2009,2,8,19,0,2.5,0,0,0,5.300000000000001,0.0000,0.0000
2009,2,8,19,30,2.4000000000000004,0,0,0,5.5,0.0000,0.0000
2009,2,8,20,0,2.3000000000000003,0,0,0,5.7,0.0000,0.0000
2009,2,8,20,30,2.2,0,0,0,5.9,0.0000,0.0000
2009,2,8,21,0,2.1,0,0,0,6.1000000000000005,0.0000,0.0000
2009,2,8,21,30,2.2,0,0,0,6.2,0.0000,0.0000
2009,2,8,22,0,2.3000000000000003,0,0,0,6.300000000000001,0.0000,0.0000
2009,2,8,22,30,2.5,0,0,0,6.300000000000001,0.0000,0.0000
2009,2,8,23,0,2.7,0,0,0,6.300000000000001,0.0000,0.0000
2009,2,8,23,30,3,0,0,0,6.300000000000001,0.0000,0.0000
2009,2,9,0,0,3.2,0,0,0,6.4,0.0000,0.0000
2009,2,9,0,30,3.4000000000000004,0,0,0,6.5,0.0000,0.0000
2009,2,9,1,0,3.7,0,0,0,6.6000000000000005,0.0000,0.0000
2009,2,9,1,30,3.8000000000000003,0,0,0,6.1000000000000005,0.0000,0.0000
2009,2,9,2,0,3.9000000000000004,0,0,0,5.6000000000000005,0.0000,0.0000
2009,2,9,2,30,3.9000000000000004,0,0,0,5.4,0.0000,0.0000
2009,2,9,3,0,3.8000000000000003,0,0,0,5.2,0.0000,0.0000
2009,2,9,3,30,3.9000000000000004,0,0,0,5.300000000000001,0.0000,0.0000
2009,2,9,4,0,4,0,0,0,5.4,0.0000,0.0000
2009,2,9,4,30,4.3,0,0,0,5.7,0.0000,0.0000
2009,2,9,5,0,4.6000000000000005,0,0,0,6.1000000000000005,0.0000,0.0000
2009,2,9,5,30,5.4,0,0,0,6.9,0.0000,0.0000
2009,2,9,6,0,6.2,0,0,0,7.7,0.0000,0.0000
2009,2,9,6,30,6.7,0,0,0,8.1,0.0000,0.0000
2009,2,9,7,0,7.300000000000001,0,0,0,8.5,0.0000,0.0000
2009,2,9,7,30,7.6000000000000005,0,0,0,8.6,0.0000,0.0000
2009,2,9,8,0,7.9,11,0,11,8.700000000000001,0.0000,0.0000
2009,2,9,8,30,8.4,19,0,19,9.1,0.0000,0.0000
2009,2,9,9,0,8.9,15,0,15,9.5,0.7283,0.5588
2009,2,9,9,30,9.4,23,0,23,9.700000000000001,1.1622,0.8983
2009,2,9,10,0,9.9,23,0,23,10,1.2040,0.9351
2009,2,9,10,30,10.4,29,0,29,10.100000000000001,1.5597,1.2151
2009,2,9,11,0,10.8,32,0,32,10.3,1.7550,1.3700
2009,2,9,11,30,11.100000000000001,10,0,10,10.3,0.5559,0.4345
2009,2,9,12,0,11.5,28,0,28,10.200000000000001,1.5694,1.2276
2009,2,9,12,30,12.3,159,0,159,10.200000000000001,8.9456,6.9998
2009,2,9,13,0,13.100000000000001,33,0,33,10.100000000000001,1.8558,1.4521
2009,2,9,13,30,13.5,223,3,225,10.5,12.5942,9.8503
2009,2,9,14,0,13.9,126,0,126,10.9,6.9876,5.4606
2009,2,9,14,30,13.600000000000001,63,912,500,11,27.3257,21.3241
2009,2,9,15,0,13.4,64,876,440,11,23.5482,18.3361
2009,2,9,15,30,12.8,200,25,209,10.3,10.8685,8.4342
2009,2,9,16,0,12.200000000000001,14,0,14,9.700000000000001,0.7017,0.5416
2009,2,9,16,30,11.4,16,0,16,9.600000000000001,0.7712,0.5907
2009,2,9,17,0,10.5,46,440,110,9.600000000000001,0.0000,0.0000
2009,2,9,17,30,9.8,19,0,19,9.600000000000001,0.0000,0.0000
2009,2,9,18,0,9.1,0,0,0,9.600000000000001,0.0000,0.0000
2009,2,9,18,30,8.9,0,0,0,9.9,0.0000,0.0000
2009,2,9,19,0,8.700000000000001,0,0,0,10.200000000000001,0.0000,0.0000
2009,2,9,19,30,8.700000000000001,0,0,0,10.5,0.0000,0.0000
2009,2,9,20,0,8.8,0,0,0,10.8,0.0000,0.0000
2009,2,9,20,30,8.4,0,0,0,11,0.0000,0.0000
2009,2,9,21,0,8,0,0,0,11.200000000000001,0.0000,0.0000
2009,2,9,21,30,7.7,0,0,0,10.9,0.0000,0.0000
2009,2,9,22,0,7.300000000000001,0,0,0,10.5,0.0000,0.0000
2009,2,9,22,30,7.1000000000000005,0,0,0,10.200000000000001,0.0000,0.0000
2009,2,9,23,0,6.9,0,0,0,9.9,0.0000,0.0000
2009,2,9,23,30,6.7,0,0,0,9.700000000000001,0.0000,0.0000
2009,2,10,0,0,6.5,0,0,0,9.5,0.0000,0.0000
2009,2,10,0,30,6.2,0,0,0,9.200000000000001,0.0000,0.0000
2009,2,10,1,0,5.9,0,0,0,8.9,0.0000,0.0000
2009,2,10,1,30,5.7,0,0,0,8.6,0.0000,0.0000
2009,2,10,2,0,5.4,0,0,0,8.4,0.0000,0.0000
2009,2,10,2,30,5.1000000000000005,0,0,0,8.200000000000001,0.0000,0.0000
2009,2,10,3,0,4.7,0,0,0,8,0.0000,0.0000
2009,2,10,3,30,4.3,0,0,0,7.7,0.0000,0.0000
2009,2,10,4,0,3.8000000000000003,0,0,0,7.300000000000001,0.0000,0.0000
2009,2,10,4,30,3.3000000000000003,0,0,0,6.9,0.0000,0.0000
2009,2,10,5,0,2.8000000000000003,0,0,0,6.5,0.0000,0.0000
2009,2,10,5,30,2.3000000000000003,0,0,0,6,0.0000,0.0000
2009,2,10,6,0,1.8,0,0,0,5.6000000000000005,0.0000,0.0000
2009,2,10,6,30,1.4000000000000001,0,0,0,5.2,0.0000,0.0000
2009,2,10,7,0,1,0,0,0,4.800000000000001,0.0000,0.0000
2009,2,10,7,30,1.7000000000000002,0,0,0,5.1000000000000005,0.0000,0.0000
2009,2,10,8,0,2.4000000000000004,24,442,60,5.4,0.0000,0.0000
2009,2,10,8,30,3.7,37,633,143,5.300000000000001,0.0000,0.0000
2009,2,10,9,0,5,45,755,233,5.2,11.3355,8.7019
2009,2,10,9,30,6.800000000000001,52,827,319,5.1000000000000005,16.1582,12.4935
2009,2,10,10,0,8.6,56,877,397,5,20.8286,16.1812
2009,2,10,10,30,10.3,60,911,466,5.5,25.1135,19.5697
2009,2,10,11,0,12,63,936,522,5.9,28.6811,22.3936
2009,2,10,11,30,12.5,65,952,566,5.800000000000001,31.5148,24.6369
2009,2,10,12,0,13.100000000000001,70,952,594,5.7,33.3466,26.0881
2009,2,10,12,30,13.4,71,957,608,5.5,34.2604,26.8117
2009,2,10,13,0,13.600000000000001,71,958,606,5.4,34.1328,26.7109
2009,2,10,13,30,13.700000000000001,70,952,589,5.1000000000000005,33.0226,25.8317
2009,2,10,14,0,13.700000000000001,68,935,554,4.800000000000001,30.7761,24.0544
2009,2,10,14,30,13.4,66,916,508,4.3,27.8149,21.7099
2009,2,10,15,0,13.100000000000001,64,887,449,3.8000000000000003,24.0801,18.7545
2009,2,10,15,30,11.8,60,848,378,2.7,19.7033,15.2946
2009,2,10,16,0,10.5,126,378,242,1.6,12.1584,9.3891
2009,2,10,16,30,8.5,118,205,165,1.5,7.9675,6.1057
2009,2,10,17,0,6.4,36,586,125,1.4000000000000001,0.0000,0.0000
2009,2,10,17,30,5.5,21,366,45,1.5,0.0000,0.0000
2009,2,10,18,0,4.5,0,0,0,1.5,0.0000,0.0000
2009,2,10,18,30,4,0,0,0,1.6,0.0000,0.0000
2009,2,10,19,0,3.4000000000000004,0,0,0,1.7000000000000002,0.0000,0.0000
2009,2,10,19,30,3.1,0,0,0,1.7000000000000002,0.0000,0.0000
2009,2,10,20,0,2.7,0,0,0,1.8,0.0000,0.0000
2009,2,10,20,30,2.5,0,0,0,2.2,0.0000,0.0000
2009,2,10,21,0,2.2,0,0,0,2.6,0.0000,0.0000
2009,2,10,21,30,1.9000000000000001,0,0,0,3.1,0.0000,0.0000
2009,2,10,22,0,1.6,0,0,0,3.6,0.0000,0.0000
2009,2,10,22,30,1.4000000000000001,0,0,0,3.8000000000000003,0.0000,0.0000
2009,2,10,23,0,1.2000000000000002,0,0,0,4.1000000000000005,0.0000,0.0000
2009,2,10,23,30,0.8,0,0,0,4.1000000000000005,0.0000,0.0000
2009,2,11,0,0,0.4,0,0,0,4.1000000000000005,0.0000,0.0000
2009,2,11,0,30,0,0,0,0,4,0.0000,0.0000
2009,2,11,1,0,-0.4,0,0,0,3.9000000000000004,0.0000,0.0000
2009,2,11,1,30,-0.7000000000000001,0,0,0,4.1000000000000005,0.0000,0.0000
2009,2,11,2,0,-0.9,0,0,0,4.3,0.0000,0.0000
2009,2,11,2,30,-1.1,0,0,0,4.4,0.0000,0.0000
2009,2,11,3,0,-1.3,0,0,0,4.5,0.0000,0.0000
2009,2,11,3,30,-1.4000000000000001,0,0,0,4.3,0.0000,0.0000
2009,2,11,4,0,-1.5,0,0,0,4.1000000000000005,0.0000,0.0000
2009,2,11,4,30,-1.4000000000000001,0,0,0,4.3,0.0000,0.0000
2009,2,11,5,0,-1.4000000000000001,0,0,0,4.5,0.0000,0.0000
2009,2,11,5,30,-1.4000000000000001,0,0,0,4.800000000000001,0.0000,0.0000
2009,2,11,6,0,-1.4000000000000001,0,0,0,5,0.0000,0.0000
2009,2,11,6,30,-1.3,0,0,0,5.2,0.0000,0.0000
2009,2,11,7,0,-1.3,0,0,0,5.4,0.0000,0.0000
2009,2,11,7,30,-0.8,0,0,0,5.7,0.0000,0.0000
2009,2,11,8,0,-0.30000000000000004,20,0,20,6,0.0000,0.0000
2009,2,11,8,30,0.7000000000000001,46,561,143,6.6000000000000005,0.0000,0.0000
2009,2,11,9,0,1.7000000000000002,54,0,54,7.2,2.6329,2.0221
2009,2,11,9,30,2.6,64,0,64,7.5,3.2498,2.5137
2009,2,11,10,0,3.5,70,0,70,7.7,3.6808,2.8603
2009,2,11,10,30,4.2,87,0,87,7.7,4.6980,3.6616
2009,2,11,11,0,5,113,0,113,7.7,6.2203,4.8575
2009,2,11,11,30,5.6000000000000005,189,1,189,7.800000000000001,10.5415,8.2422
2009,2,11,12,0,6.2,300,47,327,8,18.3867,14.3865
2009,2,11,12,30,6.6000000000000005,346,147,430,8,24.2685,18.9948
2009,2,11,13,0,7,76,955,615,8,34.6948,27.1544
2009,2,11,13,30,7.1000000000000005,75,949,598,7.800000000000001,33.5812,26.2724
2009,2,11,14,0,7.300000000000001,74,938,565,7.7,31.4404,24.5774
2009,2,11,14,30,7.1000000000000005,71,919,519,7.300000000000001,28.4713,22.2264
2009,2,11,15,0,6.9,66,897,460,6.9,24.7209,19.2579
2009,2,11,15,30,6.300000000000001,62,859,388,6,20.2700,15.7390
2009,2,11,16,0,5.7,55,810,308,5.1000000000000005,15.5133,11.9846
2009,2,11,16,30,3.7,48,730,221,3.8000000000000003,10.6917,8.1970
2009,2,11,17,0,1.7000000000000002,38,604,131,2.5,0.0000,0.0000
2009,2,11,17,30,0.7000000000000001,23,389,49,2.3000000000000003,0.0000,0.0000
2009,2,11,18,0,-0.30000000000000004,0,0,0,2,0.0000,0.0000
2009,2,11,18,30,-0.7000000000000001,0,0,0,1.9000000000000001,0.0000,0.0000
2009,2,11,19,0,-1,0,0,0,1.7000000000000002,0.0000,0.0000
2009,2,11,19,30,-1.1,0,0,0,1.7000000000000002,0.0000,0.0000
2009,2,11,20,0,-1.3,0,0,0,1.6,0.0000,0.0000
2009,2,11,20,30,-1.4000000000000001,0,0,0,1.6,0.0000,0.0000
2009,2,11,21,0,-1.4000000000000001,0,0,0,1.6,0.0000,0.0000
2009,2,11,21,30,-1.2000000000000002,0,0,0,1.8,0.0000,0.0000
2009,2,11,22,0,-1,0,0,0,1.9000000000000001,0.0000,0.0000
2009,2,11,22,30,-1.1,0,0,0,2,0.0000,0.0000
2009,2,11,23,0,-1.1,0,0,0,2.2,0.0000,0.0000
2009,2,11,23,30,-1.4000000000000001,0,0,0,2.2,0.0000,0.0000
2009,2,12,0,0,-1.6,0,0,0,2.3000000000000003,0.0000,0.0000
2009,2,12,0,30,-1.8,0,0,0,2.4000000000000004,0.0000,0.0000
2009,2,12,1,0,-2,0,0,0,2.5,0.0000,0.0000
2009,2,12,1,30,-2.1,0,0,0,2.6,0.0000,0.0000
2009,2,12,2,0,-2.2,0,0,0,2.6,0.0000,0.0000
2009,2,12,2,30,-2.4000000000000004,0,0,0,2.7,0.0000,0.0000
2009,2,12,3,0,-2.6,0,0,0,2.9000000000000004,0.0000,0.0000
2009,2,12,3,30,-2.8000000000000003,0,0,0,3,0.0000,0.0000
2009,2,12,4,0,-2.9000000000000004,0,0,0,3.1,0.0000,0.0000
2009,2,12,4,30,-3.2,0,0,0,3,0.0000,0.0000
2009,2,12,5,0,-3.4000000000000004,0,0,0,2.9000000000000004,0.0000,0.0000
2009,2,12,5,30,-3.6,0,0,0,2.9000000000000004,0.0000,0.0000
2009,2,12,6,0,-3.9000000000000004,0,0,0,2.8000000000000003,0.0000,0.0000
2009,2,12,6,30,-3.8000000000000003,0,0,0,2.8000000000000003,0.0000,0.0000
2009,2,12,7,0,-3.7,0,0,0,2.9000000000000004,0.0000,0.0000
2009,2,12,7,30,-2.8000000000000003,0,0,0,3.3000000000000003,0.0000,0.0000
2009,2,12,8,0,-1.8,26,495,70,3.7,0.0000,0.0000
2009,2,12,8,30,-0.5,38,675,157,3.8000000000000003,7.4844,5.7045
2009,2,12,9,0,0.9,46,784,248,4,12.1188,9.3120
2009,2,12,9,30,2,52,853,335,3.9000000000000004,17.0527,13.1948
2009,2,12,10,0,3.1,57,910,419,3.8000000000000003,22.0835,17.1655
2009,2,12,10,30,3.9000000000000004,60,943,489,3.6,26.4596,20.6273
2009,2,12,11,0,4.7,62,967,547,3.3000000000000003,30.1656,23.5610
2009,2,12,11,30,5.300000000000001,64,983,591,3.1,33.0189,25.8207
2009,2,12,12,0,5.800000000000001,70,974,614,2.9000000000000004,34.5800,27.0607
2009,2,12,12,30,6.2,70,979,628,2.8000000000000003,35.4986,27.7882
2009,2,12,13,0,6.5,68,983,627,2.8000000000000003,35.4288,27.7327
2009,2,12,13,30,6.6000000000000005,67,978,610,2.7,34.3111,26.8473
2009,2,12,14,0,6.7,65,969,578,2.6,32.2193,25.1902
2009,2,12,14,30,6.6000000000000005,63,951,531,2.5,29.1826,22.7857
2009,2,12,15,0,6.5,60,927,471,2.4000000000000004,25.3636,19.7629
2009,2,12,15,30,5.800000000000001,56,891,399,1.7000000000000002,20.8927,16.2271
2009,2,12,16,0,5.1000000000000005,53,834,317,1.1,16.0051,12.3691
2009,2,12,16,30,4.2,46,758,229,0.9,11.1012,8.5151
2009,2,12,17,0,3.3000000000000003,36,642,138,0.8,0.0000,0.0000
2009,2,12,17,30,3,22,438,54,0.7000000000000001,0.0000,0.0000
2009,2,12,18,0,2.7,0,0,0,0.6000000000000001,0.0000,0.0000
2009,2,12,18,30,2.5,0,0,0,0.6000000000000001,0.0000,0.0000
2009,2,12,19,0,2.2,0,0,0,0.6000000000000001,0.0000,0.0000
2009,2,12,19,30,1.8,0,0,0,0.7000000000000001,0.0000,0.0000
2009,2,12,20,0,1.4000000000000001,0,0,0,0.8,0.0000,0.0000
2009,2,12,20,30,1.1,0,0,0,0.8,0.0000,0.0000
2009,2,12,21,0,0.7000000000000001,0,0,0,0.8,0.0000,0.0000
2009,2,12,21,30,0.30000000000000004,0,0,0,0.8,0.0000,0.0000
2009,2,12,22,0,-0.1,0,0,0,0.8,0.0000,0.0000
2009,2,12,22,30,-0.6000000000000001,0,0,0,0.8,0.0000,0.0000
2009,2,12,23,0,-1,0,0,0,0.9,0.0000,0.0000
2009,2,12,23,30,-1.5,0,0,0,1,0.0000,0.0000
2009,2,13,0,0,-2,0,0,0,1.2000000000000002,0.0000,0.0000
2009,2,13,0,30,-2.4000000000000004,0,0,0,1.5,0.0000,0.0000
2009,2,13,1,0,-2.9000000000000004,0,0,0,1.8,0.0000,0.0000
2009,2,13,1,30,-3.1,0,0,0,2.1,0.0000,0.0000
2009,2,13,2,0,-3.4000000000000004,0,0,0,2.3000000000000003,0.0000,0.0000
2009,2,13,2,30,-3.3000000000000003,0,0,0,2.6,0.0000,0.0000
2009,2,13,3,0,-3.2,0,0,0,2.9000000000000004,0.0000,0.0000
2009,2,13,3,30,-3.2,0,0,0,3.4000000000000004,0.0000,0.0000
2009,2,13,4,0,-3.2,0,0,0,3.8000000000000003,0.0000,0.0000
2009,2,13,4,30,-3.3000000000000003,0,0,0,3.9000000000000004,0.0000,0.0000
2009,2,13,5,0,-3.4000000000000004,0,0,0,4.1000000000000005,0.0000,0.0000
2009,2,13,5,30,-3.5,0,0,0,4.2,0.0000,0.0000
2009,2,13,6,0,-3.5,0,0,0,4.3,0.0000,0.0000
2009,2,13,6,30,-3.6,0,0,0,4.6000000000000005,0.0000,0.0000
2009,2,13,7,0,-3.6,0,0,0,4.800000000000001,0.0000,0.0000
2009,2,13,7,30,-3.5,0,0,0,5.1000000000000005,0.0000,0.0000
2009,2,13,8,0,-3.4000000000000004,16,0,16,5.5,0.0000,0.0000
2009,2,13,8,30,-3.3000000000000003,55,1,56,5.5,2.6691,2.0350
2009,2,13,9,0,-3.1,8,0,8,5.5,0.3918,0.3012
2009,2,13,9,30,-3,14,0,14,5.6000000000000005,0.7145,0.5530
2009,2,13,10,0,-2.8000000000000003,14,0,14,5.7,0.7396,0.5750
2009,2,13,10,30,-2.7,129,0,129,5.800000000000001,6.9942,5.4537
2009,2,13,11,0,-2.5,36,0,36,5.9,1.9889,1.5537
2009,2,13,11,30,-2.5,22,0,22,5.9,1.2312,0.9629
2009,2,13,12,0,-2.5,23,0,23,6,1.2975,1.0155
2009,2,13,12,30,-2.6,23,0,23,5.9,1.3022,1.0195
2009,2,13,13,0,-2.7,82,0,82,5.800000000000001,4.6406,3.6330
2009,2,13,13,30,-2.8000000000000003,258,9,263,5.7,14.8170,11.5954
2009,2,13,14,0,-2.9000000000000004,75,0,75,5.6000000000000005,4.1878,3.2747
2009,2,13,14,30,-2.9000000000000004,82,0,82,5.5,4.5149,3.5258
2009,2,13,15,0,-3,202,9,206,5.4,11.1155,8.6629
2009,2,13,15,30,-3.1,112,0,112,5.2,5.8780,4.5666
2009,2,13,16,0,-3.2,184,39,196,5.1000000000000005,9.9206,7.6698
2009,2,13,16,30,-3.6,92,0,92,4.6000000000000005,4.4688,3.4294
2009,2,13,17,0,-3.9000000000000004,45,585,141,4.2,0.0000,0.0000
2009,2,13,17,30,-4.3,23,0,23,3.8000000000000003,0.0000,0.0000
2009,2,13,18,0,-4.7,0,0,0,3.4000000000000004,0.0000,0.0000
2009,2,13,18,30,-4.7,0,0,0,3.5,0.0000,0.0000
2009,2,13,19,0,-4.7,0,0,0,3.5,0.0000,0.0000
2009,2,13,19,30,-4.800000000000001,0,0,0,3.5,0.0000,0.0000
2009,2,13,20,0,-4.800000000000001,0,0,0,3.5,0.0000,0.0000
2009,2,13,20,30,-4.9,0,0,0,3.5,0.0000,0.0000
2009,2,13,21,0,-5,0,0,0,3.5,0.0000,0.0000
2009,2,13,21,30,-5.1000000000000005,0,0,0,3.5,0.0000,0.0000
2009,2,13,22,0,-5.2,0,0,0,3.5,0.0000,0.0000
2009,2,13,22,30,-5.2,0,0,0,3.5,0.0000,0.0000
2009,2,13,23,0,-5.2,0,0,0,3.6,0.0000,0.0000
2009,2,13,23,30,-5.300000000000001,0,0,0,3.5,0.0000,0.0000
2009,2,14,0,0,-5.4,0,0,0,3.4000000000000004,0.0000,0.0000
2009,2,14,0,30,-5.6000000000000005,0,0,0,3.3000000000000003,0.0000,0.0000
2009,2,14,1,0,-5.800000000000001,0,0,0,3.2,0.0000,0.0000
2009,2,14,1,30,-5.9,0,0,0,3,0.0000,0.0000
2009,2,14,2,0,-6,0,0,0,2.9000000000000004,0.0000,0.0000
2009,2,14,2,30,-6.1000000000000005,0,0,0,2.8000000000000003,0.0000,0.0000
2009,2,14,3,0,-6.2,0,0,0,2.7,0.0000,0.0000
2009,2,14,3,30,-6.300000000000001,0,0,0,2.6,0.0000,0.0000
2009,2,14,4,0,-6.5,0,0,0,2.6,0.0000,0.0000
2009,2,14,4,30,-6.6000000000000005,0,0,0,2.5,0.0000,0.0000
2009,2,14,5,0,-6.800000000000001,0,0,0,2.4000000000000004,0.0000,0.0000
2009,2,14,5,30,-6.9,0,0,0,2.3000000000000003,0.0000,0.0000
2009,2,14,6,0,-7.1000000000000005,0,0,0,2.2,0.0000,0.0000
2009,2,14,6,30,-7.1000000000000005,0,0,0,2.2,0.0000,0.0000
2009,2,14,7,0,-7.2,0,0,0,2.2,0.0000,0.0000
2009,2,14,7,30,-6.6000000000000005,0,0,0,2.4000000000000004,0.0000,0.0000
2009,2,14,8,0,-6.1000000000000005,27,0,27,2.5,0.0000,0.0000
2009,2,14,8,30,-5.4,97,39,104,2.5,4.9574,3.7808
2009,2,14,9,0,-4.7,130,7,132,2.6,6.4806,4.9843
2009,2,14,9,30,-4.1000000000000005,155,303,258,2.5,13.1997,10.2209
2009,2,14,10,0,-3.4000000000000004,211,222,301,2.5,15.9364,12.3939
2009,2,14,10,30,-2.8000000000000003,198,363,367,2.5,19.9390,15.5505
2009,2,14,11,0,-2.1,232,381,426,2.5,23.5782,18.4222
2009,2,14,11,30,-1.6,227,423,458,2.3000000000000003,25.6741,20.0831
2009,2,14,12,0,-1.2000000000000002,234,418,471,2.2,26.6127,20.8316
2009,2,14,12,30,-1,236,453,499,2,28.2952,22.1553
2009,2,14,13,0,-0.8,94,914,623,1.9000000000000001,35.3120,27.6486
2009,2,14,13,30,-0.7000000000000001,233,462,494,1.8,27.8753,21.8175
2009,2,14,14,0,-0.7000000000000001,93,891,572,1.8,31.9924,25.0204
2009,2,14,14,30,-0.9,89,871,526,1.7000000000000002,29.0143,22.6623
2009,2,14,15,0,-1,186,430,380,1.7000000000000002,20.5464,16.0163
2009,2,14,15,30,-1.3,177,356,317,1.7000000000000002,16.6743,12.9579
2009,2,14,16,0,-1.6,174,163,227,1.7000000000000002,11.5172,8.9073
2009,2,14,16,30,-2,140,92,163,1.4000000000000001,7.9340,6.0913
2009,2,14,17,0,-2.5,58,4,59,1.2000000000000002,0.0000,0.0000
2009,2,14,17,30,-2.7,33,2,33,1.1,0.0000,0.0000
2009,2,14,18,0,-2.9000000000000004,0,0,0,1,0.0000,0.0000
2009,2,14,18,30,-2.9000000000000004,0,0,0,1,0.0000,0.0000
2009,2,14,19,0,-2.9000000000000004,0,0,0,1,0.0000,0.0000
2009,2,14,19,30,-3,0,0,0,1,0.0000,0.0000
2009,2,14,20,0,-3,0,0,0,1,0.0000,0.0000
2009,2,14,20,30,-3.1,0,0,0,1.1,0.0000,0.0000
2009,2,14,21,0,-3.1,0,0,0,1.1,0.0000,0.0000
2009,2,14,21,30,-3.2,0,0,0,1.2000000000000002,0.0000,0.0000
2009,2,14,22,0,-3.2,0,0,0,1.2000000000000002,0.0000,0.0000
2009,2,14,22,30,-3.3000000000000003,0,0,0,1.3,0.0000,0.0000
2009,2,14,23,0,-3.4000000000000004,0,0,0,1.4000000000000001,0.0000,0.0000
2009,2,14,23,30,-3.5,0,0,0,1.4000000000000001,0.0000,0.0000
2009,2,15,0,0,-3.6,0,0,0,1.5,0.0000,0.0000
2009,2,15,0,30,-3.8000000000000003,0,0,0,1.6,0.0000,0.0000
2009,2,15,1,0,-3.9000000000000004,0,0,0,1.6,0.0000,0.0000
2009,2,15,1,30,-4.1000000000000005,0,0,0,1.6,0.0000,0.0000
2009,2,15,2,0,-4.2,0,0,0,1.6,0.0000,0.0000
2009,2,15,2,30,-4.4,0,0,0,1.6,0.0000,0.0000
2009,2,15,3,0,-4.5,0,0,0,1.7000000000000002,0.0000,0.0000
2009,2,15,3,30,-4.6000000000000005,0,0,0,1.7000000000000002,0.0000,0.0000
2009,2,15,4,0,-4.800000000000001,0,0,0,1.8,0.0000,0.0000
2009,2,15,4,30,-4.9,0,0,0,1.8,0.0000,0.0000
2009,2,15,5,0,-5.1000000000000005,0,0,0,1.8,0.0000,0.0000
2009,2,15,5,30,-5.300000000000001,0,0,0,1.8,0.0000,0.0000
2009,2,15,6,0,-5.4,0,0,0,1.8,0.0000,0.0000
2009,2,15,6,30,-5.5,0,0,0,1.9000000000000001,0.0000,0.0000
2009,2,15,7,0,-5.7,0,0,0,1.9000000000000001,0.0000,0.0000
2009,2,15,7,30,-5.300000000000001,0,0,0,2,0.0000,0.0000
2009,2,15,8,0,-5,36,359,73,2.1,0.0000,0.0000
2009,2,15,8,30,-4.6000000000000005,55,544,158,2.1,7.5339,5.7480
2009,2,15,9,0,-4.1000000000000005,68,665,248,2.1,12.2052,9.3916
2009,2,15,9,30,-3.3000000000000003,78,743,335,2,17.1821,13.3092
2009,2,15,10,0,-2.6,84,804,415,1.9000000000000001,22.0227,17.1319
2009,2,15,10,30,-1.8,287,141,354,1.9000000000000001,19.2715,15.0330
2009,2,15,11,0,-1,303,59,333,1.9000000000000001,18.4652,14.4298
2009,2,15,11,30,-0.5,342,129,413,1.9000000000000001,23.1912,18.1437
2009,2,15,12,0,0,342,65,379,2,21.4485,16.7915
2009,2,15,12,30,0.2,364,193,477,2,27.0903,21.2147
2009,2,15,13,0,0.5,296,21,308,2,17.4845,13.6918
2009,2,15,13,30,0.5,293,137,371,2.1,20.9683,16.4138
2009,2,15,14,0,0.5,336,80,380,2.2,21.2898,16.6527
2009,2,15,14,30,0.4,318,137,387,2.3000000000000003,21.3854,16.7064
2009,2,15,15,0,0.2,284,83,322,2.5,17.4455,13.6020
2009,2,15,15,30,-0.1,188,10,192,2.4000000000000004,10.1226,7.8686
2009,2,15,16,0,-0.30000000000000004,128,2,128,2.4000000000000004,6.5103,5.0368
2009,2,15,16,30,-1.4000000000000001,107,2,107,1.9000000000000001,5.2197,4.0093
2009,2,15,17,0,-2.5,82,3,83,1.4000000000000001,0.0000,0.0000
2009,2,15,17,30,-3.2,29,0,29,1.6,0.0000,0.0000
2009,2,15,18,0,-3.9000000000000004,0,0,0,1.7000000000000002,0.0000,0.0000
2009,2,15,18,30,-4.1000000000000005,0,0,0,2,0.0000,0.0000
2009,2,15,19,0,-4.3,0,0,0,2.3000000000000003,0.0000,0.0000
2009,2,15,19,30,-4.4,0,0,0,2.6,0.0000,0.0000
2009,2,15,20,0,-4.6000000000000005,0,0,0,2.9000000000000004,0.0000,0.0000
2009,2,15,20,30,-4.7,0,0,0,3,0.0000,0.0000
2009,2,15,21,0,-4.800000000000001,0,0,0,3.2,0.0000,0.0000
2009,2,15,21,30,-5,0,0,0,3.1,0.0000,0.0000
2009,2,15,22,0,-5.2,0,0,0,3.1,0.0000,0.0000
2009,2,15,22,30,-5.5,0,0,0,3,0.0000,0.0000
2009,2,15,23,0,-5.7,0,0,0,3,0.0000,0.0000
2009,2,15,23,30,-6.1000000000000005,0,0,0,3,0.0000,0.0000
2009,2,16,0,0,-6.4,0,0,0,3,0.0000,0.0000
2009,2,16,0,30,-6.6000000000000005,0,0,0,3,0.0000,0.0000
2009,2,16,1,0,-6.800000000000001,0,0,0,3,0.0000,0.0000
2009,2,16,1,30,-7,0,0,0,2.9000000000000004,0.0000,0.0000
2009,2,16,2,0,-7.2,0,0,0,2.9000000000000004,0.0000,0.0000
2009,2,16,2,30,-7.4,0,0,0,3,0.0000,0.0000
2009,2,16,3,0,-7.5,0,0,0,3.1,0.0000,0.0000
2009,2,16,3,30,-7.7,0,0,0,3.2,0.0000,0.0000
2009,2,16,4,0,-7.800000000000001,0,0,0,3.3000000000000003,0.0000,0.0000
2009,2,16,4,30,-7.9,0,0,0,3.4000000000000004,0.0000,0.0000
2009,2,16,5,0,-8,0,0,0,3.5,0.0000,0.0000
2009,2,16,5,30,-8,0,0,0,3.6,0.0000,0.0000
2009,2,16,6,0,-8.1,0,0,0,3.8000000000000003,0.0000,0.0000
2009,2,16,6,30,-7.9,0,0,0,4,0.0000,0.0000
2009,2,16,7,0,-7.7,0,0,0,4.2,0.0000,0.0000
2009,2,16,7,30,-6.7,11,168,15,4.5,0.0000,0.0000
2009,2,16,8,0,-5.800000000000001,31,476,82,4.9,0.0000,0.0000
2009,2,16,8,30,-4.3,44,656,172,5.1000000000000005,8.2061,6.2633
2009,2,16,9,0,-2.8000000000000003,55,757,263,5.4,12.9753,9.9888
2009,2,16,9,30,-1,62,827,352,6.1000000000000005,18.1005,14.0255
2009,2,16,10,0,0.8,70,866,431,6.9,22.9238,17.8375
2009,2,16,10,30,2,75,900,501,7.2,27.3284,21.3222
2009,2,16,11,0,3.2,79,922,559,7.5,31.0522,24.2700
2009,2,16,11,30,3.7,81,932,599,7.5,33.6924,26.3631
2009,2,16,12,0,4.3,86,934,627,7.6000000000000005,35.5387,27.8261
2009,2,16,12,30,4.6000000000000005,87,939,641,7.6000000000000005,36.4592,28.5552
2009,2,16,13,0,4.9,344,257,495,7.6000000000000005,28.1438,22.0417
2009,2,16,13,30,5,87,924,617,7.5,34.9255,27.3429
2009,2,16,14,0,5.2,85,912,585,7.4,32.8282,25.6816
2009,2,16,14,30,5.1000000000000005,246,319,409,7.2,22.6425,17.6915
2009,2,16,15,0,5.1000000000000005,178,452,386,6.9,20.9533,16.3402
2009,2,16,15,30,4.6000000000000005,72,829,406,6.4,21.4522,16.6798
2009,2,16,16,0,4.1000000000000005,64,781,326,5.9,16.6217,12.8643
2009,2,16,16,30,2.9000000000000004,56,703,237,5.5,11.5863,8.9036
2009,2,16,17,0,1.7000000000000002,44,589,147,5.1000000000000005,7.0081,5.3412
2009,2,16,17,30,1,28,392,63,5.1000000000000005,0.0000,0.0000
2009,2,16,18,0,0.2,0,0,0,5.1000000000000005,0.0000,0.0000
2009,2,16,18,30,-0.2,0,0,0,5,0.0000,0.0000
2009,2,16,19,0,-0.7000000000000001,0,0,0,4.9,0.0000,0.0000
2009,2,16,19,30,-1.1,0,0,0,4.6000000000000005,0.0000,0.0000
2009,2,16,20,0,-1.5,0,0,0,4.4,0.0000,0.0000
2009,2,16,20,30,-1.7000000000000002,0,0,0,4.1000000000000005,0.0000,0.0000
2009,2,16,21,0,-1.9000000000000001,0,0,0,3.9000000000000004,0.0000,0.0000
2009,2,16,21,30,-1.9000000000000001,0,0,0,3.8000000000000003,0.0000,0.0000
2009,2,16,22,0,-2,0,0,0,3.6,0.0000,0.0000
2009,2,16,22,30,-2,0,0,0,3.5,0.0000,0.0000
2009,2,16,23,0,-2,0,0,0,3.4000000000000004,0.0000,0.0000
2009,2,16,23,30,-2.2,0,0,0,3.2,0.0000,0.0000
2009,2,17,0,0,-2.3000000000000003,0,0,0,3,0.0000,0.0000
2009,2,17,0,30,-2.4000000000000004,0,0,0,3,0.0000,0.0000
2009,2,17,1,0,-2.4000000000000004,0,0,0,3,0.0000,0.0000
2009,2,17,1,30,-2.4000000000000004,0,0,0,3,0.0000,0.0000
2009,2,17,2,0,-2.4000000000000004,0,0,0,3,0.0000,0.0000
2009,2,17,2,30,-2.2,0,0,0,3.1,0.0000,0.0000
2009,2,17,3,0,-1.9000000000000001,0,0,0,3.3000000000000003,0.0000,0.0000
2009,2,17,3,30,-1.7000000000000002,0,0,0,3.4000000000000004,0.0000,0.0000
2009,2,17,4,0,-1.5,0,0,0,3.5,0.0000,0.0000
2009,2,17,4,30,-1.4000000000000001,0,0,0,3.4000000000000004,0.0000,0.0000
2009,2,17,5,0,-1.3,0,0,0,3.4000000000000004,0.0000,0.0000
2009,2,17,5,30,-1.2000000000000002,0,0,0,3.3000000000000003,0.0000,0.0000
2009,2,17,6,0,-1.2000000000000002,0,0,0,3.3000000000000003,0.0000,0.0000
2009,2,17,6,30,-1.1,0,0,0,3.4000000000000004,0.0000,0.0000
2009,2,17,7,0,-1,0,0,0,3.4000000000000004,0.0000,0.0000
2009,2,17,7,30,-0.6000000000000001,13,100,15,3.5,0.0000,0.0000
2009,2,17,8,0,-0.2,38,357,78,3.6,0.0000,0.0000
2009,2,17,8,30,0.5,56,533,162,3.8000000000000003,7.7352,5.9064
2009,2,17,9,0,1.2000000000000002,73,631,249,4,12.3162,9.4859
2009,2,17,9,30,2,83,709,335,4.1000000000000005,17.2703,13.3868
2009,2,17,10,0,2.8000000000000003,93,757,412,4.2,21.9624,17.0938
2009,2,17,10,30,3.5,99,794,478,4.3,26.1266,20.3887
2009,2,17,11,0,4.2,103,823,535,4.4,29.7726,23.2738
2009,2,17,11,30,4.7,253,7,257,4.5,14.4797,11.3315
2009,2,17,12,0,5.2,254,4,256,4.5,14.5332,11.3807
2009,2,17,12,30,5.4,219,1,220,4.4,12.5324,9.8167
2009,2,17,13,0,5.7,231,1,232,4.3,13.2103,10.3473
2009,2,17,13,30,5.800000000000001,223,1,223,4,12.6427,9.8991
2009,2,17,14,0,5.9,131,0,131,3.7,7.3634,5.7612
2009,2,17,14,30,5.9,99,0,99,3.1,5.4903,4.2905
2009,2,17,15,0,5.800000000000001,125,0,125,2.6,6.7987,5.3030
2009,2,17,15,30,5.300000000000001,236,44,254,1.8,13.4500,10.4605
2009,2,17,16,0,4.800000000000001,153,6,155,0.9,7.9215,6.1329
2009,2,17,16,30,4.3,67,619,230,0.7000000000000001,11.2688,8.6635
2009,2,17,17,0,3.8000000000000003,94,114,115,0.5,5.4814,4.1787
2009,2,17,17,30,3.4000000000000004,15,0,15,0.7000000000000001,0.0000,0.0000
2009,2,17,18,0,3,0,0,0,0.9,0.0000,0.0000
2009,2,17,18,30,2.4000000000000004,0,0,0,1.1,0.0000,0.0000
2009,2,17,19,0,1.7000000000000002,0,0,0,1.2000000000000002,0.0000,0.0000
2009,2,17,19,30,1.4000000000000001,0,0,0,1.4000000000000001,0.0000,0.0000
2009,2,17,20,0,1.1,0,0,0,1.7000000000000002,0.0000,0.0000
2009,2,17,20,30,1.2000000000000002,0,0,0,2.2,0.0000,0.0000
2009,2,17,21,0,1.3,0,0,0,2.8000000000000003,0.0000,0.0000
2009,2,17,21,30,1.4000000000000001,0,0,0,3.8000000000000003,0.0000,0.0000
2009,2,17,22,0,1.6,0,0,0,4.7,0.0000,0.0000
2009,2,17,22,30,1.3,0,0,0,5.2,0.0000,0.0000
2009,2,17,23,0,1,0,0,0,5.6000000000000005,0.0000,0.0000
2009,2,17,23,30,0.6000000000000001,0,0,0,5.800000000000001,0.0000,0.0000
2009,2,18,0,0,0.2,0,0,0,6,0.0000,0.0000
2009,2,18,0,30,-0.1,0,0,0,6.1000000000000005,0.0000,0.0000
2009,2,18,1,0,-0.5,0,0,0,6.300000000000001,0.0000,0.0000
2009,2,18,1,30,-1.1,0,0,0,6.6000000000000005,0.0000,0.0000
2009,2,18,2,0,-1.6,0,0,0,6.800000000000001,0.0000,0.0000
2009,2,18,2,30,-2.2,0,0,0,6.800000000000001,0.0000,0.0000
2009,2,18,3,0,-2.9000000000000004,0,0,0,6.800000000000001,0.0000,0.0000
2009,2,18,3,30,-3.3000000000000003,0,0,0,6.9,0.0000,0.0000
2009,2,18,4,0,-3.8000000000000003,0,0,0,6.9,0.0000,0.0000
2009,2,18,4,30,-4,0,0,0,7.2,0.0000,0.0000
2009,2,18,5,0,-4.2,0,0,0,7.5,0.0000,0.0000
2009,2,18,5,30,-4.3,0,0,0,7.7,0.0000,0.0000
2009,2,18,6,0,-4.4,0,0,0,7.9,0.0000,0.0000
2009,2,18,6,30,-4.5,0,0,0,8,0.0000,0.0000
2009,2,18,7,0,-4.6000000000000005,0,0,0,8.1,0.0000,0.0000
2009,2,18,7,30,-4.5,3,0,3,8.4,0.0000,0.0000
2009,2,18,8,0,-4.3,37,439,88,8.6,0.0000,0.0000
2009,2,18,8,30,-4.1000000000000005,16,0,16,8.700000000000001,0.7647,0.5842
2009,2,18,9,0,-3.9000000000000004,40,0,40,8.9,1.9838,1.5287
2009,2,18,9,30,-3.6,87,0,87,9,4.4968,3.4869
2009,2,18,10,0,-3.4000000000000004,107,0,107,9.1,5.7169,4.4507
2009,2,18,10,30,-3.1,166,1,167,9.1,9.1461,7.1388
2009,2,18,11,0,-2.7,279,37,299,9.1,16.6697,13.0332
2009,2,18,11,30,-2.2,351,135,427,9,24.0969,18.8604
2009,2,18,12,0,-1.7000000000000002,273,6,277,8.9,15.7498,12.3351
2009,2,18,12,30,-1.3,368,213,496,8.8,28.2985,22.1692
2009,2,18,13,0,-0.8,76,984,665,8.700000000000001,37.9243,29.7091
2009,2,18,13,30,-0.7000000000000001,75,989,653,8.6,37.0793,29.0367
2009,2,18,14,0,-0.6000000000000001,69,990,621,8.5,34.9641,27.3605
2009,2,18,14,30,-0.9,66,974,573,8.4,31.8334,24.8809
2009,2,18,15,0,-1.1,64,949,511,8.3,27.8472,21.7249
2009,2,18,15,30,-1.7000000000000002,60,916,437,8.1,23.1902,18.0401
2009,2,18,16,0,-2.2,55,870,354,8,18.1356,14.0455
2009,2,18,16,30,-3,48,802,262,7.5,12.8664,9.8962
2009,2,18,17,0,-3.8000000000000003,40,696,168,6.9,8.0077,6.1066
2009,2,18,17,30,-4.5,27,518,77,6.5,0.0000,0.0000
2009,2,18,18,0,-5.1000000000000005,0,0,0,6,0.0000,0.0000
2009,2,18,18,30,-5.4,0,0,0,5.800000000000001,0.0000,0.0000
2009,2,18,19,0,-5.800000000000001,0,0,0,5.7,0.0000,0.0000
2009,2,18,19,30,-6.1000000000000005,0,0,0,5.6000000000000005,0.0000,0.0000
2009,2,18,20,0,-6.4,0,0,0,5.6000000000000005,0.0000,0.0000
2009,2,18,20,30,-6.7,0,0,0,5.5,0.0000,0.0000
2009,2,18,21,0,-7.1000000000000005,0,0,0,5.4,0.0000,0.0000
2009,2,18,21,30,-7.6000000000000005,0,0,0,5.4,0.0000,0.0000
2009,2,18,22,0,-8.1,0,0,0,5.4,0.0000,0.0000
2009,2,18,22,30,-8.6,0,0,0,5.300000000000001,0.0000,0.0000
2009,2,18,23,0,-9.200000000000001,0,0,0,5.1000000000000005,0.0000,0.0000
2009,2,18,23,30,-9.700000000000001,0,0,0,4.9,0.0000,0.0000
2009,2,19,0,0,-10.3,0,0,0,4.7,0.0000,0.0000
2009,2,19,0,30,-10.700000000000001,0,0,0,4.3,0.0000,0.0000
2009,2,19,1,0,-11.200000000000001,0,0,0,3.9000000000000004,0.0000,0.0000
2009,2,19,1,30,-11.5,0,0,0,3.5,0.0000,0.0000
2009,2,19,2,0,-11.8,0,0,0,3.1,0.0000,0.0000
2009,2,19,2,30,-12.100000000000001,0,0,0,2.8000000000000003,0.0000,0.0000
2009,2,19,3,0,-12.3,0,0,0,2.4000000000000004,0.0000,0.0000
2009,2,19,3,30,-12.5,0,0,0,2.1,0.0000,0.0000
2009,2,19,4,0,-12.700000000000001,0,0,0,1.8,0.0000,0.0000
2009,2,19,4,30,-12.8,0,0,0,1.6,0.0000,0.0000
2009,2,19,5,0,-12.8,0,0,0,1.5,0.0000,0.0000
2009,2,19,5,30,-12.8,0,0,0,1.5,0.0000,0.0000
2009,2,19,6,0,-12.700000000000001,0,0,0,1.5,0.0000,0.0000
2009,2,19,6,30,-12.600000000000001,0,0,0,1.4000000000000001,0.0000,0.0000
2009,2,19,7,0,-12.600000000000001,0,0,0,1.3,0.0000,0.0000
2009,2,19,7,30,-11.9,15,230,22,1.4000000000000001,0.0000,0.0000
2009,2,19,8,0,-11.200000000000001,35,515,97,1.6,0.0000,0.0000
2009,2,19,8,30,-9.9,48,677,189,1.8,9.0449,6.9129
2009,2,19,9,0,-8.700000000000001,58,777,283,2.1,14.0734,10.8495
2009,2,19,9,30,-7.2,65,844,372,2.4000000000000004,19.2776,14.9530
2009,2,19,10,0,-5.7,71,888,454,2.6,24.3132,18.9332
2009,2,19,10,30,-4.3,74,912,520,2.8000000000000003,28.5366,22.2782
2009,2,19,11,0,-2.9000000000000004,78,935,578,3,32.2825,25.2441
2009,2,19,11,30,-1.9000000000000001,80,951,622,3.1,35.1594,27.5228
2009,2,19,12,0,-0.9,78,968,653,3.2,37.1872,29.1282
2009,2,19,12,30,-0.2,79,973,667,3.2,38.1124,29.8612
2009,2,19,13,0,0.5,78,975,665,3.2,37.9806,29.7568
2009,2,19,13,30,1,77,969,648,3.1,36.8509,28.8615
2009,2,19,14,0,1.5,75,958,615,3.1,34.6815,27.1431
2009,2,19,14,30,1.8,73,941,567,2.9000000000000004,31.5534,24.6659
2009,2,19,15,0,2.1,71,914,506,2.7,27.6274,21.5576
2009,2,19,15,30,1.9000000000000001,66,879,433,2.1,23.0285,17.9188
2009,2,19,16,0,1.7000000000000002,61,829,349,1.4000000000000001,17.9224,13.8850
2009,2,19,16,30,0.8,54,758,259,1.1,12.7478,9.8092
2009,2,19,17,0,-0.1,44,649,166,0.8,7.9143,6.0373
2009,2,19,17,30,-0.7000000000000001,29,468,76,0.9,0.0000,0.0000
2009,2,19,18,0,-1.4000000000000001,0,0,0,1,0.0000,0.0000
2009,2,19,18,30,-1.8,0,0,0,1,0.0000,0.0000
2009,2,19,19,0,-2.2,0,0,0,1.1,0.0000,0.0000
2009,2,19,19,30,-2.4000000000000004,0,0,0,1,0.0000,0.0000
2009,2,19,20,0,-2.7,0,0,0,1,0.0000,0.0000
2009,2,19,20,30,-2.7,0,0,0,1,0.0000,0.0000
2009,2,19,21,0,-2.7,0,0,0,0.9,0.0000,0.0000
2009,2,19,21,30,-2.8000000000000003,0,0,0,0.8,0.0000,0.0000
2009,2,19,22,0,-2.8000000000000003,0,0,0,0.8,0.0000,0.0000
2009,2,19,22,30,-2.9000000000000004,0,0,0,0.8,0.0000,0.0000
2009,2,19,23,0,-3,0,0,0,0.9,0.0000,0.0000
2009,2,19,23,30,-3.1,0,0,0,1,0.0000,0.0000
2009,2,20,0,0,-3.2,0,0,0,1.1,0.0000,0.0000
2009,2,20,0,30,-3.5,0,0,0,1.1,0.0000,0.0000
2009,2,20,1,0,-3.8000000000000003,0,0,0,1.2000000000000002,0.0000,0.0000
2009,2,20,1,30,-4.2,0,0,0,1.2000000000000002,0.0000,0.0000
2009,2,20,2,0,-4.6000000000000005,0,0,0,1.2000000000000002,0.0000,0.0000
2009,2,20,2,30,-4.9,0,0,0,1.2000000000000002,0.0000,0.0000
2009,2,20,3,0,-5.2,0,0,0,1.2000000000000002,0.0000,0.0000
2009,2,20,3,30,-5.300000000000001,0,0,0,1.1,0.0000,0.0000
2009,2,20,4,0,-5.300000000000001,0,0,0,1.1,0.0000,0.0000
2009,2,20,4,30,-5.300000000000001,0,0,0,1.1,0.0000,0.0000
2009,2,20,5,0,-5.2,0,0,0,1,0.0000,0.0000
2009,2,20,5,30,-4.9,0,0,0,0.9,0.0000,0.0000
2009,2,20,6,0,-4.6000000000000005,0,0,0,0.7000000000000001,0.0000,0.0000
2009,2,20,6,30,-4.5,0,0,0,0.6000000000000001,0.0000,0.0000
2009,2,20,7,0,-4.4,0,0,0,0.6000000000000001,0.0000,0.0000
2009,2,20,7,30,-3.8000000000000003,4,0,4,1.1,0.0000,0.0000
2009,2,20,8,0,-3.1,52,6,52,1.6,0.0000,0.0000
2009,2,20,8,30,-2.3000000000000003,96,26,102,2.1,4.8883,3.7380
2009,2,20,9,0,-1.4000000000000001,98,9,101,2.6,5.0358,3.8839
2009,2,20,9,30,-0.1,53,0,53,3.1,2.7536,2.1366
2009,2,20,10,0,1.1,61,0,61,3.5,3.2740,2.5502
2009,2,20,10,30,1.9000000000000001,88,1,89,3.9000000000000004,4.8939,3.8213
2009,2,20,11,0,2.6,108,1,109,4.3,6.0987,4.7698
2009,2,20,11,30,3.1,139,2,140,4.5,7.9266,6.2058
2009,2,20,12,0,3.6,313,186,424,4.7,24.1834,18.9450
2009,2,20,12,30,3.9000000000000004,293,299,476,4.6000000000000005,27.2392,21.3446
2009,2,20,13,0,4.3,283,332,484,4.6000000000000005,27.6845,21.6927
2009,2,20,13,30,4.6000000000000005,307,213,433,4.2,24.6618,19.3175
2009,2,20,14,0,5,277,262,426,3.9000000000000004,24.0610,18.8336
2009,2,20,14,30,5.2,220,430,447,3.1,24.9183,19.4822
2009,2,20,15,0,5.4,201,458,421,2.2,23.0298,17.9734
2009,2,20,15,30,4.9,186,362,338,2.7,18.0137,14.0201
2009,2,20,16,0,4.4,196,26,205,3.2,10.5526,8.1781
2009,2,20,16,30,3.1,86,1,86,5.5,4.2429,3.2663
2009,2,20,17,0,1.8,13,0,13,7.800000000000001,0.6201,0.4732
2009,2,20,17,30,0.4,3,0,3,8.8,0.0000,0.0000
2009,2,20,18,0,-1,0,0,0,9.9,0.0000,0.0000
2009,2,20,18,30,-1.8,0,0,0,9.600000000000001,0.0000,0.0000
2009,2,20,19,0,-2.5,0,0,0,9.3,0.0000,0.0000
2009,2,20,19,30,-2.9000000000000004,0,0,0,9.1,0.0000,0.0000
2009,2,20,20,0,-3.3000000000000003,0,0,0,9,0.0000,0.0000
2009,2,20,20,30,-3.7,0,0,0,9,0.0000,0.0000
2009,2,20,21,0,-4.1000000000000005,0,0,0,9,0.0000,0.0000
2009,2,20,21,30,-4.7,0,0,0,9,0.0000,0.0000
2009,2,20,22,0,-5.2,0,0,0,9,0.0000,0.0000
2009,2,20,22,30,-5.7,0,0,0,8.9,0.0000,0.0000
2009,2,20,23,0,-6.300000000000001,0,0,0,8.9,0.0000,0.0000
2009,2,20,23,30,-6.800000000000001,0,0,0,8.700000000000001,0.0000,0.0000
2009,2,21,0,0,-7.300000000000001,0,0,0,8.5,0.0000,0.0000
2009,2,21,0,30,-7.5,0,0,0,8.5,0.0000,0.0000
2009,2,21,1,0,-7.7,0,0,0,8.4,0.0000,0.0000
2009,2,21,1,30,-7.9,0,0,0,8.5,0.0000,0.0000
2009,2,21,2,0,-8,0,0,0,8.6,0.0000,0.0000
2009,2,21,2,30,-8.200000000000001,0,0,0,8.6,0.0000,0.0000
2009,2,21,3,0,-8.4,0,0,0,8.700000000000001,0.0000,0.0000
2009,2,21,3,30,-8.700000000000001,0,0,0,8.6,0.0000,0.0000
2009,2,21,4,0,-9,0,0,0,8.5,0.0000,0.0000
2009,2,21,4,30,-9.4,0,0,0,8.200000000000001,0.0000,0.0000
2009,2,21,5,0,-9.700000000000001,0,0,0,8,0.0000,0.0000
2009,2,21,5,30,-10,0,0,0,7.6000000000000005,0.0000,0.0000
2009,2,21,6,0,-10.4,0,0,0,7.300000000000001,0.0000,0.0000
2009,2,21,6,30,-10.5,0,0,0,7.2,0.0000,0.0000
2009,2,21,7,0,-10.700000000000001,0,0,0,7,0.0000,0.0000
2009,2,21,7,30,-10.3,18,254,28,7.4,0.0000,0.0000
2009,2,21,8,0,-9.9,63,3,64,7.800000000000001,0.0000,0.0000
2009,2,21,8,30,-9.3,115,51,126,7.9,6.0482,4.6272
2009,2,21,9,0,-8.8,60,777,293,8,14.6496,11.3040
2009,2,21,9,30,-8.200000000000001,170,340,297,7.800000000000001,15.4708,12.0082
2009,2,21,10,0,-7.6000000000000005,188,418,373,7.7,20.0666,15.6339
2009,2,21,10,30,-6.9,221,390,416,7.5,22.9211,17.9011
2009,2,21,11,0,-6.300000000000001,338,167,429,7.300000000000001,24.0460,18.8094
2009,2,21,11,30,-5.6000000000000005,78,967,640,7.2,36.2954,28.4198
2009,2,21,12,0,-5,360,242,506,7.1000000000000005,28.9044,22.6461
2009,2,21,12,30,-4.5,76,991,685,7.1000000000000005,39.2568,30.7652
2009,2,21,13,0,-4,74,993,683,7.1000000000000005,39.1248,30.6606
2009,2,21,13,30,-3.7,74,988,665,7.1000000000000005,37.9324,29.7160
2009,2,21,14,0,-3.5,71,980,632,7.1000000000000005,35.7530,27.9893
2009,2,21,14,30,-3.4000000000000004,69,965,584,7,32.6107,25.5003
2009,2,21,15,0,-3.3000000000000003,64,946,523,6.9,28.6644,22.3752
2009,2,21,15,30,-3.4000000000000004,60,914,449,6.7,23.9808,18.6687
2009,2,21,16,0,-3.6,56,867,365,6.4,18.8333,14.6001
2009,2,21,16,30,-4.3,50,802,274,5.5,13.5490,10.4348
2009,2,21,17,0,-4.9,42,697,179,4.6000000000000005,8.5434,6.5222
2009,2,21,17,30,-5.9,29,531,87,3.6,0.0000,0.0000
2009,2,21,18,0,-6.9,11,226,16,2.5,0.0000,0.0000
2009,2,21,18,30,-7.5,0,0,0,2.2,0.0000,0.0000
2009,2,21,19,0,-8.1,0,0,0,1.9000000000000001,0.0000,0.0000
2009,2,21,19,30,-8.4,0,0,0,1.8,0.0000,0.0000
2009,2,21,20,0,-8.8,0,0,0,1.7000000000000002,0.0000,0.0000
2009,2,21,20,30,-9,0,0,0,1.7000000000000002,0.0000,0.0000
2009,2,21,21,0,-9.200000000000001,0,0,0,1.7000000000000002,0.0000,0.0000
2009,2,21,21,30,-9.200000000000001,0,0,0,1.8,0.0000,0.0000
2009,2,21,22,0,-9.3,0,0,0,1.9000000000000001,0.0000,0.0000
2009,2,21,22,30,-9.4,0,0,0,1.9000000000000001,0.0000,0.0000
2009,2,21,23,0,-9.600000000000001,0,0,0,2,0.0000,0.0000
2009,2,21,23,30,-9.9,0,0,0,2,0.0000,0.0000
2009,2,22,0,0,-10.100000000000001,0,0,0,2,0.0000,0.0000
2009,2,22,0,30,-10.4,0,0,0,2,0.0000,0.0000
2009,2,22,1,0,-10.600000000000001,0,0,0,2.1,0.0000,0.0000
2009,2,22,1,30,-10.8,0,0,0,2,0.0000,0.0000
2009,2,22,2,0,-11,0,0,0,2,0.0000,0.0000
2009,2,22,2,30,-11.200000000000001,0,0,0,2,0.0000,0.0000
2009,2,22,3,0,-11.4,0,0,0,2.1,0.0000,0.0000
2009,2,22,3,30,-11.600000000000001,0,0,0,2.1,0.0000,0.0000
2009,2,22,4,0,-11.8,0,0,0,2.1,0.0000,0.0000
2009,2,22,4,30,-11.9,0,0,0,2.1,0.0000,0.0000
2009,2,22,5,0,-12.100000000000001,0,0,0,2,0.0000,0.0000
2009,2,22,5,30,-12.3,0,0,0,1.9000000000000001,0.0000,0.0000
2009,2,22,6,0,-12.5,0,0,0,1.9000000000000001,0.0000,0.0000
2009,2,22,6,30,-12.4,0,0,0,2.1,0.0000,0.0000
2009,2,22,7,0,-12.200000000000001,0,0,0,2.3000000000000003,0.0000,0.0000
2009,2,22,7,30,-11.4,17,312,31,2.7,0.0000,0.0000
2009,2,22,8,0,-10.5,34,558,109,3.1,0.0000,0.0000
2009,2,22,8,30,-9.700000000000001,125,33,132,3,6.3476,4.8589
2009,2,22,9,0,-8.8,57,776,294,2.9000000000000004,14.7408,11.3795
2009,2,22,9,30,-7.9,64,838,383,2.8000000000000003,20.0021,15.5304
2009,2,22,10,0,-7,72,875,462,2.6,24.9100,19.4121
2009,2,22,10,30,-6.2,76,907,533,2.5,29.4244,22.9844
2009,2,22,11,0,-5.300000000000001,81,925,590,2.3000000000000003,33.1287,25.9181
2009,2,22,11,30,-4.6000000000000005,83,941,634,2.1,36.0133,28.2028
2009,2,22,12,0,-3.8000000000000003,85,950,663,1.9000000000000001,37.9294,29.7207
2009,2,22,12,30,-3.3000000000000003,85,955,677,1.8,38.8559,30.4546
2009,2,22,13,0,-2.7,85,954,675,1.6,38.7226,30.3490
2009,2,22,13,30,-2.3000000000000003,84,949,657,1.6,37.5315,29.4055
2009,2,22,14,0,-2,81,942,625,1.5,35.4125,27.7264
2009,2,22,14,30,-1.8,78,926,577,1.5,32.2737,25.2405
2009,2,22,15,0,-1.7000000000000002,290,184,380,1.6,20.8651,16.2900
2009,2,22,15,30,-1.8,68,872,443,1.7000000000000002,23.7104,18.4626
2009,2,22,16,0,-1.9000000000000001,63,824,360,1.7000000000000002,18.6189,14.4383
2009,2,22,16,30,-2.7,55,755,270,1.4000000000000001,13.3833,10.3117
2009,2,22,17,0,-3.4000000000000004,46,644,175,1.1,8.3592,6.3840
2009,2,22,17,30,-4.4,32,473,85,1.1,0.0000,0.0000
2009,2,22,18,0,-5.300000000000001,12,161,16,1.1,0.0000,0.0000
2009,2,22,18,30,-5.800000000000001,0,0,0,1.2000000000000002,0.0000,0.0000
2009,2,22,19,0,-6.2,0,0,0,1.3,0.0000,0.0000
2009,2,22,19,30,-6.7,0,0,0,1.4000000000000001,0.0000,0.0000
2009,2,22,20,0,-7.2,0,0,0,1.5,0.0000,0.0000
2009,2,22,20,30,-7.5,0,0,0,1.5,0.0000,0.0000
2009,2,22,21,0,-7.9,0,0,0,1.6,0.0000,0.0000
2009,2,22,21,30,-8.200000000000001,0,0,0,1.6,0.0000,0.0000
2009,2,22,22,0,-8.6,0,0,0,1.6,0.0000,0.0000
2009,2,22,22,30,-8.8,0,0,0,1.7000000000000002,0.0000,0.0000
2009,2,22,23,0,-9.1,0,0,0,1.8,0.0000,0.0000
2009,2,22,23,30,-9.3,0,0,0,1.8,0.0000,0.0000
2009,2,23,0,0,-9.5,0,0,0,1.9000000000000001,0.0000,0.0000
2009,2,23,0,30,-9.8,0,0,0,1.9000000000000001,0.0000,0.0000
2009,2,23,1,0,-10,0,0,0,1.9000000000000001,0.0000,0.0000
2009,2,23,1,30,-10.3,0,0,0,1.9000000000000001,0.0000,0.0000
2009,2,23,2,0,-10.5,0,0,0,1.9000000000000001,0.0000,0.0000
2009,2,23,2,30,-10.8,0,0,0,1.9000000000000001,0.0000,0.0000
2009,2,23,3,0,-11,0,0,0,1.9000000000000001,0.0000,0.0000
2009,2,23,3,30,-11.200000000000001,0,0,0,2,0.0000,0.0000
2009,2,23,4,0,-11.4,0,0,0,2.1,0.0000,0.0000
2009,2,23,4,30,-11.600000000000001,0,0,0,2.2,0.0000,0.0000
2009,2,23,5,0,-11.700000000000001,0,0,0,2.3000000000000003,0.0000,0.0000
2009,2,23,5,30,-11.9,0,0,0,2.4000000000000004,0.0000,0.0000
2009,2,23,6,0,-12,0,0,0,2.5,0.0000,0.0000
2009,2,23,6,30,-11.8,0,0,0,2.9000000000000004,0.0000,0.0000
2009,2,23,7,0,-11.700000000000001,0,0,0,3.4000000000000004,0.0000,0.0000
2009,2,23,7,30,-10.700000000000001,15,0,15,3.6,0.0000,0.0000
2009,2,23,8,0,-9.8,68,4,69,3.9000000000000004,0.0000,0.0000
2009,2,23,8,30,-8.200000000000001,52,670,204,4.2,9.8290,7.5278
2009,2,23,9,0,-6.5,153,200,215,4.6000000000000005,10.8100,8.3488
2009,2,23,9,30,-4.800000000000001,232,114,276,5.1000000000000005,14.4509,11.2237
2009,2,23,10,0,-3.1,271,159,343,5.6000000000000005,18.5357,14.4481
2009,2,23,10,30,-1.8,303,185,397,5.800000000000001,21.9594,17.1564
2009,2,23,11,0,-0.5,87,905,590,6,33.1862,25.9670
2009,2,23,11,30,0.4,90,921,634,6.1000000000000005,36.0706,28.2514
2009,2,23,12,0,1.3,252,453,530,6.300000000000001,30.3665,23.7975
2009,2,23,12,30,1.8,283,360,508,6.4,29.1977,22.8872
2009,2,23,13,0,2.3000000000000003,275,387,516,6.4,29.6435,23.2359
2009,2,23,13,30,2.4000000000000004,310,227,449,6.4,25.6878,20.1285
2009,2,23,14,0,2.6,300,137,379,6.4,21.5063,16.8406
2009,2,23,14,30,2.5,282,83,327,6.300000000000001,18.3213,14.3309
2009,2,23,15,0,2.4000000000000004,240,45,262,6.1000000000000005,14.4119,11.2538
2009,2,23,15,30,2.1,235,162,306,5.7,16.4109,12.7815
2009,2,23,16,0,1.9000000000000001,196,61,218,5.4,11.3010,8.7662
2009,2,23,16,30,1.2000000000000002,148,53,164,4.9,8.1480,6.2805
2009,2,23,17,0,0.6000000000000001,81,9,83,4.5,3.9685,3.0320
2009,2,23,17,30,0.1,66,72,75,4.4,0.0000,0.0000
2009,2,23,18,0,-0.4,6,0,6,4.3,0.0000,0.0000
2009,2,23,18,30,-0.7000000000000001,0,0,0,4.5,0.0000,0.0000
2009,2,23,19,0,-1,0,0,0,4.7,0.0000,0.0000
2009,2,23,19,30,-1.2000000000000002,0,0,0,4.7,0.0000,0.0000
2009,2,23,20,0,-1.5,0,0,0,4.7,0.0000,0.0000
2009,2,23,20,30,-1.7000000000000002,0,0,0,4.7,0.0000,0.0000
2009,2,23,21,0,-1.9000000000000001,0,0,0,4.7,0.0000,0.0000
2009,2,23,21,30,-2,0,0,0,4.800000000000001,0.0000,0.0000
2009,2,23,22,0,-2.1,0,0,0,4.9,0.0000,0.0000
2009,2,23,22,30,-2.2,0,0,0,4.7,0.0000,0.0000
2009,2,23,23,0,-2.3000000000000003,0,0,0,4.6000000000000005,0.0000,0.0000
2009,2,23,23,30,-2.4000000000000004,0,0,0,4.4,0.0000,0.0000
2009,2,24,0,0,-2.5,0,0,0,4.2,0.0000,0.0000
2009,2,24,0,30,-2.6,0,0,0,4,0.0000,0.0000
2009,2,24,1,0,-2.7,0,0,0,3.8000000000000003,0.0000,0.0000
2009,2,24,1,30,-2.8000000000000003,0,0,0,3.8000000000000003,0.0000,0.0000
2009,2,24,2,0,-2.8000000000000003,0,0,0,3.7,0.0000,0.0000
2009,2,24,2,30,-3.1,0,0,0,3.4000000000000004,0.0000,0.0000
2009,2,24,3,0,-3.4000000000000004,0,0,0,3.1,0.0000,0.0000
2009,2,24,3,30,-3.6,0,0,0,3,0.0000,0.0000
2009,2,24,4,0,-3.9000000000000004,0,0,0,2.9000000000000004,0.0000,0.0000
2009,2,24,4,30,-3.9000000000000004,0,0,0,3,0.0000,0.0000
2009,2,24,5,0,-3.9000000000000004,0,0,0,3,0.0000,0.0000
2009,2,24,5,30,-3.9000000000000004,0,0,0,2.9000000000000004,0.0000,0.0000
2009,2,24,6,0,-4,0,0,0,2.8000000000000003,0.0000,0.0000
2009,2,24,6,30,-3.6,0,0,0,3,0.0000,0.0000
2009,2,24,7,0,-3.2,0,0,0,3.1,0.0000,0.0000
2009,2,24,7,30,-2.1,20,238,33,3.5,0.0000,0.0000
2009,2,24,8,0,-0.9,40,486,110,3.9000000000000004,0.0000,0.0000
2009,2,24,8,30,0.5,54,632,201,3.9000000000000004,9.7045,7.4364
2009,2,24,9,0,2,63,732,293,4,14.7728,11.4143
2009,2,24,9,30,3.5,228,131,279,4.2,14.6460,11.3789
2009,2,24,10,0,5.1000000000000005,267,160,340,4.4,18.4146,14.3570
2009,2,24,10,30,6.300000000000001,160,694,516,4.3,28.5967,22.3460
2009,2,24,11,0,7.5,82,900,587,4.3,33.0738,25.8829
2009,2,24,11,30,8.4,85,916,630,4.3,35.9006,28.1220
2009,2,24,12,0,9.3,82,935,661,4.3,37.9285,29.7272
2009,2,24,12,30,9.9,83,935,672,4.3,38.6791,30.3229
2009,2,24,13,0,10.600000000000001,83,935,670,4.3,38.5461,30.2176
2009,2,24,13,30,10.9,82,929,652,4.4,37.3550,29.2741
2009,2,24,14,0,11.3,81,913,617,4.4,35.0647,27.4611
2009,2,24,14,30,11.200000000000001,79,896,570,4.1000000000000005,31.9880,25.0245
2009,2,24,15,0,11.200000000000001,78,864,509,3.7,28.0502,21.9073
2009,2,24,15,30,9.9,73,825,436,2.9000000000000004,23.4311,18.2532
2009,2,24,16,0,8.6,68,774,354,2.1,18.3933,14.2720
2009,2,24,16,30,6.6000000000000005,166,53,182,2.2,9.0634,6.9888
2009,2,24,17,0,4.5,106,186,145,2.2,6.9405,5.3050
2009,2,24,17,30,3.8000000000000003,55,2,55,2.6,0.0000,0.0000
2009,2,24,18,0,3.1,13,162,18,2.9000000000000004,0.0000,0.0000
2009,2,24,18,30,3.2,0,0,0,3.2,0.0000,0.0000
2009,2,24,19,0,3.3000000000000003,0,0,0,3.6,0.0000,0.0000
2009,2,24,19,30,3.2,0,0,0,3.8000000000000003,0.0000,0.0000
2009,2,24,20,0,3.1,0,0,0,4.1000000000000005,0.0000,0.0000
2009,2,24,20,30,2.9000000000000004,0,0,0,4.2,0.0000,0.0000
2009,2,24,21,0,2.6,0,0,0,4.3,0.0000,0.0000
2009,2,24,21,30,2.5,0,0,0,4.3,0.0000,0.0000
2009,2,24,22,0,2.3000000000000003,0,0,0,4.3,0.0000,0.0000
2009,2,24,22,30,2.1,0,0,0,4.2,0.0000,0.0000
2009,2,24,23,0,2,0,0,0,4.2,0.0000,0.0000
2009,2,24,23,30,2,0,0,0,4.5,0.0000,0.0000
2009,2,25,0,0,2,0,0,0,4.9,0.0000,0.0000
2009,2,25,0,30,2.3000000000000003,0,0,0,5.300000000000001,0.0000,0.0000
2009,2,25,1,0,2.6,0,0,0,5.7,0.0000,0.0000
2009,2,25,1,30,2.7,0,0,0,5.4,0.0000,0.0000
2009,2,25,2,0,2.8000000000000003,0,0,0,5,0.0000,0.0000
2009,2,25,2,30,2.6,0,0,0,4.5,0.0000,0.0000
2009,2,25,3,0,2.4000000000000004,0,0,0,4,0.0000,0.0000
2009,2,25,3,30,1.8,0,0,0,3.8000000000000003,0.0000,0.0000
2009,2,25,4,0,1.3,0,0,0,3.5,0.0000,0.0000
2009,2,25,4,30,1.1,0,0,0,3.9000000000000004,0.0000,0.0000
2009,2,25,5,0,0.8,0,0,0,4.3,0.0000,0.0000
2009,2,25,5,30,0.5,0,0,0,4.4,0.0000,0.0000
2009,2,25,6,0,0.2,0,0,0,4.5,0.0000,0.0000
2009,2,25,6,30,0.2,0,0,0,4.6000000000000005,0.0000,0.0000
2009,2,25,7,0,0.30000000000000004,0,0,0,4.6000000000000005,0.0000,0.0000
2009,2,25,7,30,1.1,15,0,15,4.800000000000001,0.0000,0.0000
2009,2,25,8,0,1.9000000000000001,72,20,75,4.9,0.0000,0.0000
2009,2,25,8,30,3.1,50,693,214,4.9,10.3554,7.9397
2009,2,25,9,0,4.3,59,778,308,4.800000000000001,15.5737,12.0384
2009,2,25,9,30,5.4,66,837,396,4.6000000000000005,20.8414,16.1973
2009,2,25,10,0,6.5,273,167,350,4.4,18.9979,14.8151
2009,2,25,10,30,7.5,307,183,402,4.3,22.3223,17.4462
2009,2,25,11,0,8.4,79,925,602,4.2,33.9776,26.5942
2009,2,25,11,30,9.200000000000001,259,584,610,4.2,34.8144,27.2746
2009,2,25,12,0,10,368,220,505,4.1000000000000005,29.0196,22.7473
2009,2,25,12,30,10.5,86,941,684,4,39.4268,30.9126
2009,2,25,13,0,10.9,264,635,665,3.8000000000000003,38.3113,30.0367
2009,2,25,13,30,11,89,922,659,3.6,37.8108,29.6347
2009,2,25,14,0,11.100000000000001,251,612,614,3.4000000000000004,34.9464,27.3718
2009,2,25,14,30,10.9,325,199,435,3.2,24.4509,19.1308
2009,2,25,15,0,10.600000000000001,208,403,411,2.9000000000000004,22.6893,17.7234
2009,2,25,15,30,9.700000000000001,215,274,336,2.3000000000000003,18.0925,14.0973
2009,2,25,16,0,8.700000000000001,203,169,266,1.7000000000000002,13.8525,10.7517
2009,2,25,16,30,6.7,149,213,213,1.6,10.6328,8.2024
2009,2,25,17,0,4.800000000000001,115,109,138,1.5,6.6136,5.0573
2009,2,25,17,30,3.7,68,43,73,1.6,0.0000,0.0000
2009,2,25,18,0,2.6,10,0,10,1.8,0.0000,0.0000
2009,2,25,18,30,2.4000000000000004,0,0,0,2.1,0.0000,0.0000
2009,2,25,19,0,2.3000000000000003,0,0,0,2.3000000000000003,0.0000,0.0000
2009,2,25,19,30,2.3000000000000003,0,0,0,2.7,0.0000,0.0000
2009,2,25,20,0,2.3000000000000003,0,0,0,3.1,0.0000,0.0000
2009,2,25,20,30,2,0,0,0,3.3000000000000003,0.0000,0.0000
2009,2,25,21,0,1.8,0,0,0,3.5,0.0000,0.0000
2009,2,25,21,30,1.4000000000000001,0,0,0,3.6,0.0000,0.0000
2009,2,25,22,0,1,0,0,0,3.6,0.0000,0.0000
2009,2,25,22,30,0.5,0,0,0,3.7,0.0000,0.0000
2009,2,25,23,0,0.1,0,0,0,3.7,0.0000,0.0000
2009,2,25,23,30,-0.30000000000000004,0,0,0,3.9000000000000004,0.0000,0.0000
2009,2,26,0,0,-0.6000000000000001,0,0,0,4,0.0000,0.0000
2009,2,26,0,30,-0.8,0,0,0,4.2,0.0000,0.0000
2009,2,26,1,0,-0.9,0,0,0,4.4,0.0000,0.0000
2009,2,26,1,30,-1.1,0,0,0,4.4,0.0000,0.0000
2009,2,26,2,0,-1.3,0,0,0,4.3,0.0000,0.0000
2009,2,26,2,30,-1.4000000000000001,0,0,0,4.3,0.0000,0.0000
2009,2,26,3,0,-1.5,0,0,0,4.2,0.0000,0.0000
2009,2,26,3,30,-1.4000000000000001,0,0,0,4,0.0000,0.0000
2009,2,26,4,0,-1.4000000000000001,0,0,0,3.9000000000000004,0.0000,0.0000
2009,2,26,4,30,-1.2000000000000002,0,0,0,4,0.0000,0.0000
2009,2,26,5,0,-0.9,0,0,0,4.1000000000000005,0.0000,0.0000
2009,2,26,5,30,-0.30000000000000004,0,0,0,4.6000000000000005,0.0000,0.0000
2009,2,26,6,0,0.2,0,0,0,5.1000000000000005,0.0000,0.0000
2009,2,26,6,30,0.5,0,0,0,4.9,0.0000,0.0000
2009,2,26,7,0,0.7000000000000001,0,0,0,4.7,0.0000,0.0000
2009,2,26,7,30,1,19,0,19,4.1000000000000005,0.0000,0.0000
2009,2,26,8,0,1.2000000000000002,64,241,102,3.6,0.0000,0.0000
2009,2,26,8,30,1.6,93,379,185,3,8.9732,6.8837
2009,2,26,9,0,1.9000000000000001,76,0,76,2.5,3.8538,2.9803
2009,2,26,9,30,2.1,16,0,16,2.3000000000000003,0.8442,0.6563
2009,2,26,10,0,2.3000000000000003,67,0,67,2.1,3.6448,2.8430
2009,2,26,10,30,2.4000000000000004,66,0,66,3,3.6719,2.8703
2009,2,26,11,0,2.5,177,0,177,4,10.0070,7.8336
2009,2,26,11,30,2.8000000000000003,158,0,158,5.1000000000000005,9.0315,7.0764
2009,2,26,12,0,3.1,206,0,206,6.1000000000000005,11.8552,9.2939
2009,2,26,12,30,3.1,83,0,83,7.4,4.7909,3.7567
2009,2,26,13,0,3.1,132,0,132,8.6,7.6152,5.9711
2009,2,26,13,30,2.4000000000000004,114,0,114,9.4,6.5502,5.1344
2009,2,26,14,0,1.7000000000000002,71,0,71,10.100000000000001,4.0472,3.1703
2009,2,26,14,30,0.8,109,0,109,10.200000000000001,6.1364,4.8019
2009,2,26,15,0,-0.2,88,0,88,10.200000000000001,4.8667,3.8022
2009,2,26,15,30,-1.3,108,0,108,10.100000000000001,5.8271,4.5414
2009,2,26,16,0,-2.3000000000000003,171,8,174,10,9.0819,7.0510
2009,2,26,16,30,-3.5,78,0,78,9.700000000000001,3.9028,3.0119
2009,2,26,17,0,-4.800000000000001,82,1,82,9.4,3.9352,3.0104
2009,2,26,17,30,-5.7,27,0,27,9.1,0.0000,0.0000
2009,2,26,18,0,-6.6000000000000005,6,0,6,8.8,0.0000,0.0000
2009,2,26,18,30,-7.1000000000000005,0,0,0,8.700000000000001,0.0000,0.0000
2009,2,26,19,0,-7.6000000000000005,0,0,0,8.5,0.0000,0.0000
2009,2,26,19,30,-7.9,0,0,0,8.5,0.0000,0.0000
2009,2,26,20,0,-8.1,0,0,0,8.4,0.0000,0.0000
2009,2,26,20,30,-8.200000000000001,0,0,0,8.4,0.0000,0.0000
2009,2,26,21,0,-8.3,0,0,0,8.5,0.0000,0.0000
2009,2,26,21,30,-8.4,0,0,0,8.4,0.0000,0.0000
2009,2,26,22,0,-8.6,0,0,0,8.3,0.0000,0.0000
2009,2,26,22,30,-8.8,0,0,0,8,0.0000,0.0000
2009,2,26,23,0,-9,0,0,0,7.800000000000001,0.0000,0.0000
2009,2,26,23,30,-9.3,0,0,0,7.6000000000000005,0.0000,0.0000
2009,2,27,0,0,-9.5,0,0,0,7.300000000000001,0.0000,0.0000
2009,2,27,0,30,-9.5,0,0,0,7,0.0000,0.0000
2009,2,27,1,0,-9.600000000000001,0,0,0,6.7,0.0000,0.0000
2009,2,27,1,30,-9.700000000000001,0,0,0,6.5,0.0000,0.0000
2009,2,27,2,0,-9.700000000000001,0,0,0,6.2,0.0000,0.0000
2009,2,27,2,30,-9.8,0,0,0,6,0.0000,0.0000
2009,2,27,3,0,-9.9,0,0,0,5.800000000000001,0.0000,0.0000
2009,2,27,3,30,-10,0,0,0,5.7,0.0000,0.0000
2009,2,27,4,0,-10.100000000000001,0,0,0,5.6000000000000005,0.0000,0.0000
2009,2,27,4,30,-10.200000000000001,0,0,0,5.6000000000000005,0.0000,0.0000
2009,2,27,5,0,-10.200000000000001,0,0,0,5.6000000000000005,0.0000,0.0000
2009,2,27,5,30,-10.3,0,0,0,5.6000000000000005,0.0000,0.0000
2009,2,27,6,0,-10.4,0,0,0,5.6000000000000005,0.0000,0.0000
2009,2,27,6,30,-10.4,0,0,0,5.6000000000000005,0.0000,0.0000
2009,2,27,7,0,-10.4,0,0,0,5.6000000000000005,0.0000,0.0000
2009,2,27,7,30,-10.100000000000001,11,0,11,5.6000000000000005,0.0000,0.0000
2009,2,27,8,0,-9.8,57,1,57,5.5,0.0000,0.0000
2009,2,27,8,30,-9.200000000000001,52,702,226,5,10.9886,8.4345
2009,2,27,9,0,-8.6,194,95,226,4.5,11.4937,8.8923
2009,2,27,9,30,-8,211,97,250,4.1000000000000005,13.2249,10.2842
2009,2,27,10,0,-7.300000000000001,222,312,369,3.6,20.1178,15.6956
2009,2,27,10,30,-6.9,261,253,395,3.4000000000000004,22.0172,17.2138
2009,2,27,11,0,-6.5,280,273,437,3.3000000000000003,24.7490,19.3767
2009,2,27,11,30,-6.4,313,138,398,3.4000000000000004,22.7859,17.8557
2009,2,27,12,0,-6.300000000000001,330,133,414,3.5,23.8600,18.7072
2009,2,27,12,30,-6.4,222,7,226,3.8000000000000003,13.0633,10.2445
2009,2,27,13,0,-6.4,328,108,397,4.1000000000000005,22.9357,17.9859
2009,2,27,13,30,-6.5,185,4,187,4.2,10.7596,8.4349
2009,2,27,14,0,-6.6000000000000005,136,1,137,4.2,7.8206,6.1270
2009,2,27,14,30,-6.7,188,8,193,4.2,10.8827,8.5172
2009,2,27,15,0,-6.800000000000001,92,1,92,4.2,5.0966,3.9825
2009,2,27,15,30,-6.9,83,1,83,4.1000000000000005,4.4872,3.4978
2009,2,27,16,0,-7.1000000000000005,64,0,64,4.1000000000000005,3.3479,2.6000
2009,2,27,16,30,-7.4,12,0,12,4.1000000000000005,0.6019,0.4647
2009,2,27,17,0,-7.7,18,0,18,4.2,0.8651,0.6621
2009,2,27,17,30,-8,9,0,9,4.2,0.0000,0.0000
2009,2,27,18,0,-8.3,14,0,14,4.2,0.0000,0.0000
2009,2,27,18,30,-8.5,0,0,0,4.2,0.0000,0.0000
2009,2,27,19,0,-8.6,0,0,0,4.1000000000000005,0.0000,0.0000
2009,2,27,19,30,-8.8,0,0,0,4.2,0.0000,0.0000
2009,2,27,20,0,-8.9,0,0,0,4.2,0.0000,0.0000
2009,2,27,20,30,-9,0,0,0,4.4,0.0000,0.0000
2009,2,27,21,0,-9.1,0,0,0,4.6000000000000005,0.0000,0.0000
2009,2,27,21,30,-9.3,0,0,0,4.800000000000001,0.0000,0.0000
2009,2,27,22,0,-9.4,0,0,0,4.9,0.0000,0.0000
2009,2,27,22,30,-9.600000000000001,0,0,0,5.1000000000000005,0.0000,0.0000
2009,2,27,23,0,-9.8,0,0,0,5.300000000000001,0.0000,0.0000
2009,2,27,23,30,-10,0,0,0,5.4,0.0000,0.0000
2009,2,28,0,0,-10.200000000000001,0,0,0,5.5,0.0000,0.0000
2009,2,28,0,30,-10.3,0,0,0,5.4,0.0000,0.0000
2009,2,28,1,0,-10.5,0,0,0,5.4,0.0000,0.0000
2009,2,28,1,30,-10.700000000000001,0,0,0,5.4,0.0000,0.0000
2009,2,28,2,0,-10.9,0,0,0,5.4,0.0000,0.0000
2009,2,28,2,30,-11.100000000000001,0,0,0,5.4,0.0000,0.0000
2009,2,28,3,0,-11.3,0,0,0,5.300000000000001,0.0000,0.0000
2009,2,28,3,30,-11.5,0,0,0,5.4,0.0000,0.0000
2009,2,28,4,0,-11.700000000000001,0,0,0,5.4,0.0000,0.0000
2009,2,28,4,30,-11.8,0,0,0,5.4,0.0000,0.0000
2009,2,28,5,0,-12,0,0,0,5.5,0.0000,0.0000
2009,2,28,5,30,-12.100000000000001,0,0,0,5.5,0.0000,0.0000
2009,2,28,6,0,-12.200000000000001,0,0,0,5.6000000000000005,0.0000,0.0000
2009,2,28,6,30,-12.200000000000001,0,0,0,5.800000000000001,0.0000,0.0000
2009,2,28,7,0,-12.200000000000001,0,0,0,6,0.0000,0.0000
2009,2,28,7,30,-12,28,0,28,6.1000000000000005,0.0000,0.0000
2009,2,28,8,0,-11.8,49,1,49,6.300000000000001,0.0000,0.0000
2009,2,28,8,30,-11.4,64,680,235,6.300000000000001,11.4559,8.7982
2009,2,28,9,0,-11,72,783,334,6.300000000000001,17.0357,13.1855
2009,2,28,9,30,-10.3,82,840,427,6.1000000000000005,22.6457,17.6153
2009,2,28,10,0,-9.700000000000001,86,889,511,6,27.9198,21.7872
2009,2,28,10,30,-9,92,918,583,5.800000000000001,32.5583,25.4596
2009,2,28,11,0,-8.3,97,939,642,5.5,36.4187,28.5170
2009,2,28,11,30,-7.7,100,953,687,5.300000000000001,39.3905,30.8712
2009,2,28,12,0,-7,104,966,721,5.2,41.6124,32.6295
2009,2,28,12,30,-6.5,105,970,735,5.1000000000000005,42.5429,33.3666
2009,2,28,13,0,-6,105,968,732,5.1000000000000005,42.3464,33.2111
2009,2,28,13,30,-5.7,104,962,713,5.2,41.0813,32.2087
2009,2,28,14,0,-5.4,101,953,678,5.4,38.7603,30.3700
2009,2,28,14,30,-5.4,96,937,628,5.4,35.4652,27.7599
2009,2,28,15,0,-5.300000000000001,90,916,564,5.5,31.2988,24.4605
2009,2,28,15,30,-5.5,84,884,487,5.2,26.3780,20.5659
2009,2,28,16,0,-5.7,74,843,401,5,21.0231,16.3309
2009,2,28,16,30,-6.5,65,780,306,4.3,15.3839,11.8812
2009,2,28,17,0,-7.300000000000001,53,685,207,3.7,9.9640,7.6292
2009,2,28,17,30,-8.6,38,543,112,3.1,0.0000,0.0000
2009,2,28,18,0,-9.9,18,277,30,2.5,0.0000,0.0000
2009,2,28,18,30,-10.5,0,0,0,2.5,0.0000,0.0000
2009,2,28,19,0,-11.100000000000001,0,0,0,2.5,0.0000,0.0000
2009,2,28,19,30,-11.600000000000001,0,0,0,2.6,0.0000,0.0000
2009,2,28,20,0,-12.100000000000001,0,0,0,2.7,0.0000,0.0000
2009,2,28,20,30,-12.5,0,0,0,2.8000000000000003,0.0000,0.0000
2009,2,28,21,0,-12.8,0,0,0,3,0.0000,0.0000
2009,2,28,21,30,-13,0,0,0,3.2,0.0000,0.0000
2009,2,28,22,0,-13.100000000000001,0,0,0,3.4000000000000004,0.0000,0.0000
2009,2,28,22,30,-13.200000000000001,0,0,0,3.5,0.0000,0.0000
2009,2,28,23,0,-13.200000000000001,0,0,0,3.7,0.0000,0.0000
2009,2,28,23,30,-13.3,0,0,0,3.8000000000000003,0.0000,0.0000
2009,3,1,0,0,-13.3,0,0,0,3.9000000000000004,0.0000,0.0000
2009,3,1,0,30,-13.5,0,0,0,3.8000000000000003,0.0000,0.0000
2009,3,1,1,0,-13.700000000000001,0,0,0,3.8000000000000003,0.0000,0.0000
2009,3,1,1,30,-13.8,0,0,0,3.9000000000000004,0.0000,0.0000
2009,3,1,2,0,-13.9,0,0,0,4.1000000000000005,0.0000,0.0000
2009,3,1,2,30,-14,0,0,0,4.2,0.0000,0.0000
2009,3,1,3,0,-14.100000000000001,0,0,0,4.3,0.0000,0.0000
2009,3,1,3,30,-14.600000000000001,0,0,0,4.2,0.0000,0.0000
2009,3,1,4,0,-15,0,0,0,4.1000000000000005,0.0000,0.0000
2009,3,1,4,30,-15.700000000000001,0,0,0,4,0.0000,0.0000
2009,3,1,5,0,-16.3,0,0,0,3.9000000000000004,0.0000,0.0000
2009,3,1,5,30,-16.900000000000002,0,0,0,3.7,0.0000,0.0000
2009,3,1,6,0,-17.5,0,0,0,3.6,0.0000,0.0000
2009,3,1,6,30,-17.5,0,0,0,3.7,0.0000,0.0000
2009,3,1,7,0,-17.400000000000002,0,0,0,3.8000000000000003,0.0000,0.0000
2009,3,1,7,30,-16,28,411,61,4,0.0000,0.0000
2009,3,1,8,0,-14.700000000000001,47,636,155,4.3,0.0000,0.0000
2009,3,1,8,30,-13.9,61,747,254,4.1000000000000005,12.4152,9.5403
2009,3,1,9,0,-13,72,834,356,3.9000000000000004,18.2103,14.1003
2009,3,1,9,30,-12.3,81,888,450,3.5,23.9254,18.6161
2009,3,1,10,0,-11.600000000000001,88,928,536,3,29.3480,22.9065
2009,3,1,10,30,-10.9,95,956,611,2.7,34.1860,26.7369
2009,3,1,11,0,-10.200000000000001,104,966,671,2.4000000000000004,38.1269,29.8587
2009,3,1,11,30,-9.700000000000001,108,980,717,2.2,41.1729,32.2720
2009,3,1,12,0,-9.1,118,976,746,2,43.1156,33.8119
2009,3,1,12,30,-8.8,118,969,753,1.8,43.6452,34.2347
2009,3,1,13,0,-8.5,121,964,750,1.7000000000000002,43.4452,34.0763
2009,3,1,13,30,-8.5,119,958,730,1.5,42.1178,33.0249
2009,3,1,14,0,-8.4,244,3,246,1.3,14.0832,11.0359
2009,3,1,14,30,-8.4,251,5,253,1.3,14.3099,11.2023
2009,3,1,15,0,-8.5,222,4,224,1.2000000000000002,12.4513,9.7324
2009,3,1,15,30,-8.6,176,3,178,1.4000000000000001,9.6599,7.5329
2009,3,1,16,0,-8.700000000000001,115,1,115,1.5,6.0423,4.6949
2009,3,1,16,30,-8.9,104,2,105,1.6,5.2916,4.0883
2009,3,1,17,0,-9.200000000000001,30,0,30,1.8,1.4465,1.1080
2009,3,1,17,30,-9.600000000000001,42,0,42,1.9000000000000001,0.0000,0.0000
2009,3,1,18,0,-9.9,16,0,16,2.1,0.0000,0.0000
2009,3,1,18,30,-10.200000000000001,0,0,0,2.1,0.0000,0.0000
2009,3,1,19,0,-10.4,0,0,0,2.1,0.0000,0.0000
2009,3,1,19,30,-10.700000000000001,0,0,0,2.1,0.0000,0.0000
2009,3,1,20,0,-11,0,0,0,2.1,0.0000,0.0000
2009,3,1,20,30,-11.3,0,0,0,2.1,0.0000,0.0000
2009,3,1,21,0,-11.600000000000001,0,0,0,2,0.0000,0.0000
2009,3,1,21,30,-11.8,0,0,0,2.2,0.0000,0.0000
2009,3,1,22,0,-11.9,0,0,0,2.4000000000000004,0.0000,0.0000
2009,3,1,22,30,-12,0,0,0,2.6,0.0000,0.0000
2009,3,1,23,0,-12,0,0,0,2.8000000000000003,0.0000,0.0000
2009,3,1,23,30,-12.100000000000001,0,0,0,2.7,0.0000,0.0000
2009,3,2,0,0,-12.200000000000001,0,0,0,2.7,0.0000,0.0000
2009,3,2,0,30,-12.4,0,0,0,2.5,0.0000,0.0000
2009,3,2,1,0,-12.600000000000001,0,0,0,2.3000000000000003,0.0000,0.0000
2009,3,2,1,30,-12.700000000000001,0,0,0,2.3000000000000003,0.0000,0.0000
2009,3,2,2,0,-12.8,0,0,0,2.3000000000000003,0.0000,0.0000
2009,3,2,2,30,-12.9,0,0,0,2.5,0.0000,0.0000
2009,3,2,3,0,-13,0,0,0,2.6,0.0000,0.0000
2009,3,2,3,30,-12.8,0,0,0,2.8000000000000003,0.0000,0.0000
2009,3,2,4,0,-12.700000000000001,0,0,0,3,0.0000,0.0000
2009,3,2,4,30,-12.4,0,0,0,3.1,0.0000,0.0000
2009,3,2,5,0,-12.100000000000001,0,0,0,3.2,0.0000,0.0000
2009,3,2,5,30,-11.8,0,0,0,3.3000000000000003,0.0000,0.0000
2009,3,2,6,0,-11.5,0,0,0,3.4000000000000004,0.0000,0.0000
2009,3,2,6,30,-11.100000000000001,0,0,0,3.6,0.0000,0.0000
2009,3,2,7,0,-10.700000000000001,0,0,0,3.7,0.0000,0.0000
2009,3,2,7,30,-10,20,0,20,4.1000000000000005,0.0000,0.0000
2009,3,2,8,0,-9.3,44,0,44,4.5,2.0977,1.5987
2009,3,2,8,30,-8.200000000000001,40,0,40,5,1.9605,1.5073
2009,3,2,9,0,-7.2,31,0,31,5.5,1.5903,1.2318
2009,3,2,9,30,-6.1000000000000005,47,0,47,5.6000000000000005,2.5052,1.9499
2009,3,2,10,0,-5.1000000000000005,47,0,47,5.7,2.5790,2.0133
2009,3,2,10,30,-4.2,83,0,83,5.7,4.6523,3.6391
2009,3,2,11,0,-3.3000000000000003,79,0,79,5.7,4.4962,3.5216
2009,3,2,11,30,-2.4000000000000004,26,0,26,5.7,1.4952,1.1721
2009,3,2,12,0,-1.6,42,0,42,5.7,2.4309,1.9065
2009,3,2,12,30,-1,129,0,129,5.6000000000000005,7.4870,5.8733
2009,3,2,13,0,-0.4,165,1,166,5.5,9.6287,7.5531
2009,3,2,13,30,-0.1,235,0,235,5.5,13.5765,10.6466
2009,3,2,14,0,0.2,106,0,106,5.4,6.0767,4.7624
2009,3,2,14,30,0.2,170,1,170,5.4,9.6295,7.5393
2009,3,2,15,0,0.2,194,5,196,5.4,10.9133,8.5315
2009,3,2,15,30,-0.1,174,5,176,5.2,9.5689,7.4634
2009,3,2,16,0,-0.4,186,16,192,5,10.1089,7.8567
2009,3,2,16,30,-1.2000000000000002,72,749,310,4.4,15.6589,12.1024
2009,3,2,17,0,-2.1,72,0,72,3.8000000000000003,3.4775,2.6650
2009,3,2,17,30,-3.4000000000000004,43,507,115,3.4000000000000004,0.0000,0.0000
2009,3,2,18,0,-4.7,19,0,19,3,0.0000,0.0000
2009,3,2,18,30,-5.300000000000001,0,0,0,3.3000000000000003,0.0000,0.0000
2009,3,2,19,0,-5.800000000000001,0,0,0,3.5,0.0000,0.0000
2009,3,2,19,30,-6.2,0,0,0,3.6,0.0000,0.0000
2009,3,2,20,0,-6.5,0,0,0,3.8000000000000003,0.0000,0.0000
2009,3,2,20,30,-6.800000000000001,0,0,0,3.7,0.0000,0.0000
2009,3,2,21,0,-7.1000000000000005,0,0,0,3.6,0.0000,0.0000
2009,3,2,21,30,-7.2,0,0,0,3.6,0.0000,0.0000
2009,3,2,22,0,-7.300000000000001,0,0,0,3.6,0.0000,0.0000
2009,3,2,22,30,-7.300000000000001,0,0,0,3.7,0.0000,0.0000
2009,3,2,23,0,-7.4,0,0,0,3.7,0.0000,0.0000
2009,3,2,23,30,-7.4,0,0,0,3.7,0.0000,0.0000
2009,3,3,0,0,-7.4,0,0,0,3.7,0.0000,0.0000
2009,3,3,0,30,-7.5,0,0,0,3.7,0.0000,0.0000
2009,3,3,1,0,-7.6000000000000005,0,0,0,3.7,0.0000,0.0000
2009,3,3,1,30,-7.300000000000001,0,0,0,3.9000000000000004,0.0000,0.0000
2009,3,3,2,0,-7.1000000000000005,0,0,0,4.2,0.0000,0.0000
2009,3,3,2,30,-6.9,0,0,0,4.3,0.0000,0.0000
2009,3,3,3,0,-6.6000000000000005,0,0,0,4.5,0.0000,0.0000
2009,3,3,3,30,-6.7,0,0,0,4.5,0.0000,0.0000
2009,3,3,4,0,-6.7,0,0,0,4.5,0.0000,0.0000
2009,3,3,4,30,-6.7,0,0,0,4.6000000000000005,0.0000,0.0000
2009,3,3,5,0,-6.800000000000001,0,0,0,4.6000000000000005,0.0000,0.0000
2009,3,3,5,30,-6.800000000000001,0,0,0,4.7,0.0000,0.0000
2009,3,3,6,0,-6.9,0,0,0,4.7,0.0000,0.0000
2009,3,3,6,30,-6.800000000000001,0,0,0,4.9,0.0000,0.0000
2009,3,3,7,0,-6.7,0,0,0,5.1000000000000005,0.0000,0.0000
2009,3,3,7,30,-6,20,0,20,5.7,0.0000,0.0000
2009,3,3,8,0,-5.4,54,1,54,6.300000000000001,2.5738,1.9622
2009,3,3,8,30,-4.3,52,0,52,6.7,2.5557,1.9660
2009,3,3,9,0,-3.3000000000000003,36,0,36,7.1000000000000005,1.8520,1.4351
2009,3,3,9,30,-2.1,53,0,53,7.2,2.8319,2.2047
2009,3,3,10,0,-1,46,0,46,7.4,2.5294,1.9751
2009,3,3,10,30,0.1,196,0,196,7.5,11.0066,8.6110
2009,3,3,11,0,1.2000000000000002,233,6,236,7.5,13.4537,10.5390
2009,3,3,11,30,2.2,95,0,95,7.6000000000000005,5.4714,4.2895
2009,3,3,12,0,3.1,182,0,182,7.7,10.5479,8.2736
2009,3,3,12,30,3.9000000000000004,409,22,424,7.7,24.6405,19.3316
2009,3,3,13,0,4.7,447,135,536,7.7,31.1313,24.4228
2009,3,3,13,30,5.1000000000000005,269,0,270,7.6000000000000005,15.6190,12.2495
2009,3,3,14,0,5.6000000000000005,132,865,669,7.5,38.4059,30.1025
2009,3,3,14,30,5.5,127,847,619,7.1000000000000005,35.1155,27.4967
2009,3,3,15,0,5.5,116,830,557,6.7,31.0636,24.2877
2009,3,3,15,30,5,108,798,483,6.2,26.3095,20.5243
2009,3,3,16,0,4.4,194,20,202,5.7,10.6582,8.2857
2009,3,3,16,30,3.5,113,5,114,5.6000000000000005,5.7717,4.4624
2009,3,3,17,0,2.5,148,64,164,5.4,7.9347,6.0835
2009,3,3,17,30,1.5,62,3,62,5.6000000000000005,0.0000,0.0000
2009,3,3,18,0,0.5,14,0,14,5.7,0.0000,0.0000
2009,3,3,18,30,0,0,0,0,5.7,0.0000,0.0000
2009,3,3,19,0,-0.5,0,0,0,5.7,0.0000,0.0000
2009,3,3,19,30,-0.6000000000000001,0,0,0,6.1000000000000005,0.0000,0.0000
2009,3,3,20,0,-0.6000000000000001,0,0,0,6.4,0.0000,0.0000
2009,3,3,20,30,-0.8,0,0,0,6.300000000000001,0.0000,0.0000
2009,3,3,21,0,-1,0,0,0,6.1000000000000005,0.0000,0.0000
2009,3,3,21,30,-1.1,0,0,0,5.9,0.0000,0.0000
2009,3,3,22,0,-1.2000000000000002,0,0,0,5.800000000000001,0.0000,0.0000
2009,3,3,22,30,-1.3,0,0,0,5.7,0.0000,0.0000
2009,3,3,23,0,-1.4000000000000001,0,0,0,5.6000000000000005,0.0000,0.0000
2009,3,3,23,30,-1.6,0,0,0,5.4,0.0000,0.0000
2009,3,4,0,0,-1.8,0,0,0,5.2,0.0000,0.0000
2009,3,4,0,30,-2,0,0,0,4.800000000000001,0.0000,0.0000
2009,3,4,1,0,-2.2,0,0,0,4.5,0.0000,0.0000
2009,3,4,1,30,-2.4000000000000004,0,0,0,4.2,0.0000,0.0000
2009,3,4,2,0,-2.5,0,0,0,4,0.0000,0.0000
2009,3,4,2,30,-2.6,0,0,0,3.8000000000000003,0.0000,0.0000
2009,3,4,3,0,-2.7,0,0,0,3.7,0.0000,0.0000
2009,3,4,3,30,-2.7,0,0,0,3.5,0.0000,0.0000
2009,3,4,4,0,-2.8000000000000003,0,0,0,3.3000000000000003,0.0000,0.0000
2009,3,4,4,30,-2.8000000000000003,0,0,0,3.2,0.0000,0.0000
2009,3,4,5,0,-2.9000000000000004,0,0,0,3.1,0.0000,0.0000
2009,3,4,5,30,-2.9000000000000004,0,0,0,3,0.0000,0.0000
2009,3,4,6,0,-3,0,0,0,2.9000000000000004,0.0000,0.0000
2009,3,4,6,30,-2.7,0,0,0,3,0.0000,0.0000
2009,3,4,7,0,-2.4000000000000004,0,0,0,3.1,0.0000,0.0000
2009,3,4,7,30,-1.4000000000000001,39,230,60,3.2,0.0000,0.0000
2009,3,4,8,0,-0.5,63,466,149,3.3000000000000003,7.1026,5.4171
2009,3,4,8,30,0.8,82,595,245,3.4000000000000004,12.0762,9.2951
2009,3,4,9,0,2.1,86,733,347,3.4000000000000004,17.9030,13.8787
2009,3,4,9,30,3.5,95,792,437,3.6,23.4079,18.2286
2009,3,4,10,0,4.800000000000001,100,840,519,3.8000000000000003,28.5979,22.3348
2009,3,4,10,30,5.9,107,870,590,4.1000000000000005,33.1911,25.9712
2009,3,4,11,0,7,111,895,649,4.4,37.0558,29.0316
2009,3,4,11,30,7.9,427,65,469,4.7,27.0511,21.2105
2009,3,4,12,0,8.9,449,70,495,4.9,28.7272,22.5354
2009,3,4,12,30,9.600000000000001,487,105,558,5.2,32.4705,25.4771
2009,3,4,13,0,10.3,374,315,585,5.4,34.0200,26.6915
2009,3,4,13,30,10.600000000000001,473,172,585,5.5,33.8861,26.5785
2009,3,4,14,0,11,115,903,679,5.7,39.0321,30.5966
2009,3,4,14,30,11,110,886,629,5.5,35.7340,27.9844
2009,3,4,15,0,10.9,250,446,489,5.4,27.3145,21.3595
2009,3,4,15,30,10.100000000000001,227,407,420,4.800000000000001,22.9188,17.8824
2009,3,4,16,0,9.3,84,796,406,4.2,21.4656,16.6914
2009,3,4,16,30,7.5,147,394,275,3.8000000000000003,13.9538,10.7919
2009,3,4,17,0,5.7,61,641,215,3.5,10.4217,7.9937
2009,3,4,17,30,4.6000000000000005,44,497,120,3.7,0.0000,0.0000
2009,3,4,18,0,3.4000000000000004,21,264,37,3.9000000000000004,0.0000,0.0000
2009,3,4,18,30,3.1,0,0,0,4.2,0.0000,0.0000
2009,3,4,19,0,2.9000000000000004,0,0,0,4.4,0.0000,0.0000
2009,3,4,19,30,2.7,0,0,0,4.7,0.0000,0.0000
2009,3,4,20,0,2.6,0,0,0,4.9,0.0000,0.0000
2009,3,4,20,30,2.7,0,0,0,5.1000000000000005,0.0000,0.0000
2009,3,4,21,0,2.8000000000000003,0,0,0,5.4,0.0000,0.0000
2009,3,4,21,30,2.6,0,0,0,5.1000000000000005,0.0000,0.0000
2009,3,4,22,0,2.3000000000000003,0,0,0,4.800000000000001,0.0000,0.0000
2009,3,4,22,30,2.1,0,0,0,4.6000000000000005,0.0000,0.0000
2009,3,4,23,0,1.9000000000000001,0,0,0,4.4,0.0000,0.0000
2009,3,4,23,30,1.8,0,0,0,4.2,0.0000,0.0000
2009,3,5,0,0,1.7000000000000002,0,0,0,4.1000000000000005,0.0000,0.0000
2009,3,5,0,30,1.6,0,0,0,4.1000000000000005,0.0000,0.0000
2009,3,5,1,0,1.6,0,0,0,4.1000000000000005,0.0000,0.0000
2009,3,5,1,30,1.5,0,0,0,4,0.0000,0.0000
2009,3,5,2,0,1.5,0,0,0,4,0.0000,0.0000
2009,3,5,2,30,1.5,0,0,0,3.6,0.0000,0.0000
2009,3,5,3,0,1.5,0,0,0,3.3000000000000003,0.0000,0.0000
2009,3,5,3,30,1.5,0,0,0,2.9000000000000004,0.0000,0.0000
2009,3,5,4,0,1.5,0,0,0,2.4000000000000004,0.0000,0.0000
2009,3,5,4,30,1.3,0,0,0,2.4000000000000004,0.0000,0.0000
2009,3,5,5,0,1.2000000000000002,0,0,0,2.3000000000000003,0.0000,0.0000
2009,3,5,5,30,0.9,0,0,0,2.6,0.0000,0.0000
2009,3,5,6,0,0.7000000000000001,0,0,0,2.8000000000000003,0.0000,0.0000
2009,3,5,6,30,0.8,0,0,0,3.1,0.0000,0.0000
2009,3,5,7,0,0.8,0,0,0,3.4000000000000004,0.0000,0.0000
2009,3,5,7,30,1.6,30,437,73,3.5,0.0000,0.0000
2009,3,5,8,0,2.4000000000000004,46,620,164,3.5,7.8210,5.9676
2009,3,5,8,30,3.7,57,737,262,3.3000000000000003,12.9509,9.9735
2009,3,5,9,0,5,212,155,268,3.1,13.8655,10.7527
2009,3,5,9,30,6.6000000000000005,198,360,355,2.9000000000000004,19.0619,14.8481
2009,3,5,10,0,8.3,189,476,429,2.7,23.6871,18.5031
2009,3,5,10,30,10.100000000000001,236,414,468,2.6,26.3740,20.6401
2009,3,5,11,0,11.9,242,447,514,2.6,29.3944,23.0321
2009,3,5,11,30,13.3,241,531,583,2.5,33.6739,26.4063
2009,3,5,12,0,14.700000000000001,254,534,609,2.4000000000000004,35.3905,27.7653
2009,3,5,12,30,15.8,90,961,739,2.4000000000000004,43.0587,33.7880
2009,3,5,13,0,16.8,87,967,737,2.4000000000000004,42.9138,33.6727
2009,3,5,13,30,17.6,86,961,718,2.4000000000000004,41.6428,32.6657
2009,3,5,14,0,18.3,83,953,684,2.5,39.3728,30.8669
2009,3,5,14,30,18.400000000000002,81,938,635,2.5,36.1275,28.2959
2009,3,5,15,0,18.5,78,915,572,2.4000000000000004,32.0023,25.0289
2009,3,5,15,30,17.6,74,884,497,1.8,27.1685,21.2020
2009,3,5,16,0,16.7,69,840,412,1.2000000000000002,21.8284,16.9776
2009,3,5,16,30,15.3,62,779,319,1.2000000000000002,16.2234,12.5515
2009,3,5,17,0,13.8,53,692,222,1.3,10.7808,8.2728
2009,3,5,17,30,12.8,40,552,126,1.4000000000000001,0.0000,0.0000
2009,3,5,18,0,11.700000000000001,22,307,41,1.4000000000000001,0.0000,0.0000
2009,3,5,18,30,10.100000000000001,0,0,0,1.6,0.0000,0.0000
2009,3,5,19,0,8.5,0,0,0,1.8,0.0000,0.0000
2009,3,5,19,30,7.300000000000001,0,0,0,2.2,0.0000,0.0000
2009,3,5,20,0,6.2,0,0,0,2.6,0.0000,0.0000
2009,3,5,20,30,5.9,0,0,0,3.2,0.0000,0.0000
2009,3,5,21,0,5.6000000000000005,0,0,0,3.9000000000000004,0.0000,0.0000
2009,3,5,21,30,5.300000000000001,0,0,0,4.3,0.0000,0.0000
2009,3,5,22,0,5,0,0,0,4.800000000000001,0.0000,0.0000
2009,3,5,22,30,4.5,0,0,0,4.9,0.0000,0.0000
2009,3,5,23,0,4.1000000000000005,0,0,0,5.1000000000000005,0.0000,0.0000
2009,3,5,23,30,3.6,0,0,0,4.9,0.0000,0.0000
2009,3,6,0,0,3.1,0,0,0,4.7,0.0000,0.0000
2009,3,6,0,30,2.7,0,0,0,4.6000000000000005,0.0000,0.0000
2009,3,6,1,0,2.2,0,0,0,4.4,0.0000,0.0000
2009,3,6,1,30,1.7000000000000002,0,0,0,4.2,0.0000,0.0000
2009,3,6,2,0,1.1,0,0,0,4,0.0000,0.0000
2009,3,6,2,30,0.4,0,0,0,3.8000000000000003,0.0000,0.0000
2009,3,6,3,0,-0.2,0,0,0,3.5,0.0000,0.0000
2009,3,6,3,30,-0.9,0,0,0,3.2,0.0000,0.0000
2009,3,6,4,0,-1.6,0,0,0,2.9000000000000004,0.0000,0.0000
2009,3,6,4,30,-1.9000000000000001,0,0,0,2.7,0.0000,0.0000
2009,3,6,5,0,-2.2,0,0,0,2.5,0.0000,0.0000
2009,3,6,5,30,-2.4000000000000004,0,0,0,2.3000000000000003,0.0000,0.0000
2009,3,6,6,0,-2.5,0,0,0,2.2,0.0000,0.0000
2009,3,6,6,30,-1.8,0,0,0,2.3000000000000003,0.0000,0.0000
2009,3,6,7,0,-1.1,0,0,0,2.5,0.0000,0.0000
2009,3,6,7,30,-0.2,32,413,75,2.3000000000000003,0.0000,0.0000
2009,3,6,8,0,0.7000000000000001,50,592,166,2.1,7.9227,6.0482
2009,3,6,8,30,2.1,62,708,263,1.9000000000000001,13.0388,10.0465
2009,3,6,9,0,3.5,68,798,361,1.7000000000000002,18.7316,14.5319
2009,3,6,9,30,5.2,177,438,371,1.6,19.9688,15.5586
2009,3,6,10,0,6.9,77,892,532,1.5,29.4334,22.9962
2009,3,6,10,30,8.5,290,371,500,1.6,28.2273,22.0939
2009,3,6,11,0,10.200000000000001,83,941,660,1.7000000000000002,37.8026,29.6242
2009,3,6,11,30,11.100000000000001,85,949,700,1.8,40.4894,31.7543
2009,3,6,12,0,12,90,950,727,2,42.3034,33.1921
2009,3,6,12,30,12.4,91,953,739,2,43.1134,33.8342
2009,3,6,13,0,12.8,91,951,736,2,42.9091,33.6722
2009,3,6,13,30,12.9,90,946,717,1.9000000000000001,41.6382,32.6652
2009,3,6,14,0,13,88,937,682,1.8,39.3100,30.8209
2009,3,6,14,30,13,86,921,633,1.6,36.0638,28.2493
2009,3,6,15,0,12.9,327,137,401,1.4000000000000001,22.4697,17.5759
2009,3,6,15,30,12.600000000000001,174,480,406,0.9,22.2341,17.3543
2009,3,6,16,0,12.3,243,73,274,0.4,14.5458,11.3160
2009,3,6,16,30,10.9,195,93,226,0.6000000000000001,11.5199,8.9154
2009,3,6,17,0,9.600000000000001,137,26,144,0.9,7.0068,5.3791
2009,3,6,17,30,7.5,41,544,128,1.2000000000000002,0.0000,0.0000
2009,3,6,18,0,5.5,23,312,44,1.5,0.0000,0.0000
2009,3,6,18,30,4.5,0,0,0,1.7000000000000002,0.0000,0.0000
2009,3,6,19,0,3.6,0,0,0,1.9000000000000001,0.0000,0.0000
2009,3,6,19,30,3.3000000000000003,0,0,0,2.1,0.0000,0.0000
2009,3,6,20,0,3,0,0,0,2.3000000000000003,0.0000,0.0000
2009,3,6,20,30,2.8000000000000003,0,0,0,2.4000000000000004,0.0000,0.0000
2009,3,6,21,0,2.6,0,0,0,2.5,0.0000,0.0000
2009,3,6,21,30,2.6,0,0,0,2.6,0.0000,0.0000
2009,3,6,22,0,2.7,0,0,0,2.7,0.0000,0.0000
2009,3,6,22,30,2.7,0,0,0,2.9000000000000004,0.0000,0.0000
2009,3,6,23,0,2.8000000000000003,0,0,0,3,0.0000,0.0000
2009,3,6,23,30,2.6,0,0,0,2.7,0.0000,0.0000
2009,3,7,0,0,2.4000000000000004,0,0,0,2.4000000000000004,0.0000,0.0000
2009,3,7,0,30,2.2,0,0,0,2.7,0.0000,0.0000
2009,3,7,1,0,2,0,0,0,3,0.0000,0.0000
2009,3,7,1,30,1.8,0,0,0,3.9000000000000004,0.0000,0.0000
2009,3,7,2,0,1.7000000000000002,0,0,0,4.7,0.0000,0.0000
2009,3,7,2,30,1.4000000000000001,0,0,0,4.9,0.0000,0.0000
2009,3,7,3,0,1.2000000000000002,0,0,0,5,0.0000,0.0000
2009,3,7,3,30,0.9,0,0,0,5,0.0000,0.0000
2009,3,7,4,0,0.7000000000000001,0,0,0,4.9,0.0000,0.0000
2009,3,7,4,30,0.5,0,0,0,4.800000000000001,0.0000,0.0000
2009,3,7,5,0,0.4,0,0,0,4.800000000000001,0.0000,0.0000
2009,3,7,5,30,0.2,0,0,0,4.6000000000000005,0.0000,0.0000
2009,3,7,6,0,0.1,0,0,0,4.5,0.0000,0.0000
2009,3,7,6,30,0.1,0,0,0,4.6000000000000005,0.0000,0.0000
2009,3,7,7,0,0.1,2,0,2,4.7,0.0000,0.0000
2009,3,7,7,30,0.30000000000000004,18,0,18,4.9,0.0000,0.0000
2009,3,7,8,0,0.5,4,0,4,5.2,0.1911,0.1460
2009,3,7,8,30,0.9,10,0,10,5.300000000000001,0.4973,0.3834
2009,3,7,9,0,1.3,77,1,77,5.5,4.0066,3.1094
2009,3,7,9,30,1.9000000000000001,9,0,9,5.6000000000000005,0.4856,0.3784
2009,3,7,10,0,2.4000000000000004,44,0,44,5.6000000000000005,2.4393,1.9062
2009,3,7,10,30,2.9000000000000004,40,0,40,5.6000000000000005,2.2621,1.7708
2009,3,7,11,0,3.4000000000000004,81,0,81,5.6000000000000005,4.6465,3.6417
2009,3,7,11,30,3.7,95,0,96,5.5,5.5606,4.3614
2009,3,7,12,0,4,37,0,37,5.5,2.1558,1.6917
2009,3,7,12,30,4.2,114,1,114,5.6000000000000005,6.6591,5.2263
2009,3,7,13,0,4.4,83,0,83,5.7,4.8450,3.8024
2009,3,7,13,30,4.800000000000001,74,0,74,5.800000000000001,4.3027,3.3758
2009,3,7,14,0,5.2,97,0,97,5.9,5.5981,4.3896
2009,3,7,14,30,5.1000000000000005,90,0,90,5.800000000000001,5.1348,4.0226
2009,3,7,15,0,5,80,0,80,5.6000000000000005,4.4895,3.5122
2009,3,7,15,30,4.5,20,0,20,5.4,1.0972,0.8565
2009,3,7,16,0,3.9000000000000004,7,0,7,5.1000000000000005,0.3724,0.2898
2009,3,7,16,30,3.2,41,0,41,4.9,2.0946,1.6216
2009,3,7,17,0,2.5,36,0,36,4.7,1.7552,1.3481
2009,3,7,17,30,1.6,4,0,4,4.7,0.0000,0.0000
2009,3,7,18,0,0.8,11,0,11,4.7,0.0000,0.0000
2009,3,7,18,30,0.2,0,0,0,4.3,0.0000,0.0000
2009,3,7,19,0,-0.4,0,0,0,4,0.0000,0.0000
2009,3,7,19,30,-0.7000000000000001,0,0,0,4,0.0000,0.0000
2009,3,7,20,0,-1,0,0,0,4,0.0000,0.0000
2009,3,7,20,30,-1.4000000000000001,0,0,0,3.9000000000000004,0.0000,0.0000
2009,3,7,21,0,-1.7000000000000002,0,0,0,3.9000000000000004,0.0000,0.0000
2009,3,7,21,30,-1.9000000000000001,0,0,0,3.6,0.0000,0.0000
2009,3,7,22,0,-2.1,0,0,0,3.4000000000000004,0.0000,0.0000
2009,3,7,22,30,-2.1,0,0,0,3.7,0.0000,0.0000
2009,3,7,23,0,-2.2,0,0,0,3.9000000000000004,0.0000,0.0000
2009,3,7,23,30,-2.1,0,0,0,4,0.0000,0.0000
2009,3,8,0,0,-2.1,0,0,0,4,0.0000,0.0000
2009,3,8,0,30,-2.1,0,0,0,4,0.0000,0.0000
2009,3,8,1,0,-2,0,0,0,4.1000000000000005,0.0000,0.0000
2009,3,8,1,30,-2,0,0,0,4,0.0000,0.0000
2009,3,8,2,0,-2,0,0,0,4,0.0000,0.0000
2009,3,8,2,30,-2,0,0,0,3.8000000000000003,0.0000,0.0000
2009,3,8,3,0,-2,0,0,0,3.6,0.0000,0.0000
2009,3,8,3,30,-2.1,0,0,0,3.8000000000000003,0.0000,0.0000
2009,3,8,4,0,-2.2,0,0,0,4,0.0000,0.0000
2009,3,8,4,30,-2.4000000000000004,0,0,0,4.3,0.0000,0.0000
2009,3,8,5,0,-2.5,0,0,0,4.5,0.0000,0.0000
2009,3,8,5,30,-2.7,0,0,0,4.6000000000000005,0.0000,0.0000
2009,3,8,6,0,-2.8000000000000003,0,0,0,4.6000000000000005,0.0000,0.0000
2009,3,8,6,30,-2.7,0,0,0,4.6000000000000005,0.0000,0.0000
2009,3,8,7,0,-2.6,3,0,3,4.7,0.0000,0.0000
2009,3,8,7,30,-2.1,44,277,75,4.800000000000001,0.0000,0.0000
2009,3,8,8,0,-1.5,6,0,6,4.800000000000001,0.2870,0.2194
2009,3,8,8,30,-0.7000000000000001,50,0,50,4.9,2.4939,1.9236
2009,3,8,9,0,0.1,135,1,135,4.9,7.0439,5.4685
2009,3,8,9,30,0.9,84,0,84,5,4.5428,3.5412
2009,3,8,10,0,1.7000000000000002,41,0,41,5.1000000000000005,2.2775,1.7801
2009,3,8,10,30,2.6,107,0,107,5,6.0615,4.7458
2009,3,8,11,0,3.4000000000000004,161,0,161,5,9.2496,7.2503
2009,3,8,11,30,4.2,180,0,180,4.800000000000001,10.4404,8.1898
2009,3,8,12,0,5,142,0,142,4.7,8.2843,6.5013
2009,3,8,12,30,5.6000000000000005,92,0,92,4.5,5.3806,4.2233
2009,3,8,13,0,6.300000000000001,173,0,173,4.2,10.1109,7.9358
2009,3,8,13,30,6.7,407,145,505,4,29.3991,23.0679
2009,3,8,14,0,7.1000000000000005,350,66,393,3.7,22.7104,17.8096
2009,3,8,14,30,7.1000000000000005,293,17,303,3.3000000000000003,17.3105,13.5627
2009,3,8,15,0,7.1000000000000005,230,3,232,2.8000000000000003,13.0392,10.2020
2009,3,8,15,30,6.800000000000001,256,31,272,2.3000000000000003,14.9467,11.6702
2009,3,8,16,0,6.5,207,17,214,1.8,11.4060,8.8774
2009,3,8,16,30,5.6000000000000005,171,12,175,1.1,8.9605,6.9391
2009,3,8,17,0,4.800000000000001,87,1,87,0.30000000000000004,4.2502,3.2657
2009,3,8,17,30,3.6,47,521,134,0.5,0.0000,0.0000
2009,3,8,18,0,2.4000000000000004,15,0,15,0.7000000000000001,0.0000,0.0000
2009,3,8,18,30,1.2000000000000002,0,0,0,0.9,0.0000,0.0000
2009,3,8,19,0,0.1,0,0,0,1.1,0.0000,0.0000
2009,3,8,19,30,-0.7000000000000001,0,0,0,1.3,0.0000,0.0000
2009,3,8,20,0,-1.5,0,0,0,1.5,0.0000,0.0000
2009,3,8,20,30,-1.9000000000000001,0,0,0,1.7000000000000002,0.0000,0.0000
2009,3,8,21,0,-2.2,0,0,0,1.8,0.0000,0.0000
2009,3,8,21,30,-2.2,0,0,0,2.1,0.0000,0.0000
2009,3,8,22,0,-2.2,0,0,0,2.3000000000000003,0.0000,0.0000
2009,3,8,22,30,-2,0,0,0,2.6,0.0000,0.0000
2009,3,8,23,0,-1.7000000000000002,0,0,0,2.9000000000000004,0.0000,0.0000
2009,3,8,23,30,-1.3,0,0,0,3.4000000000000004,0.0000,0.0000
2009,3,9,0,0,-0.8,0,0,0,3.8000000000000003,0.0000,0.0000
2009,3,9,0,30,-0.7000000000000001,0,0,0,4.1000000000000005,0.0000,0.0000
2009,3,9,1,0,-0.6000000000000001,0,0,0,4.3,0.0000,0.0000
2009,3,9,1,30,-0.7000000000000001,0,0,0,4.4,0.0000,0.0000
2009,3,9,2,0,-0.8,0,0,0,4.4,0.0000,0.0000
2009,3,9,2,30,-0.9,0,0,0,4.5,0.0000,0.0000
2009,3,9,3,0,-1,0,0,0,4.6000000000000005,0.0000,0.0000
2009,3,9,3,30,-1.1,0,0,0,4.800000000000001,0.0000,0.0000
2009,3,9,4,0,-1.2000000000000002,0,0,0,5,0.0000,0.0000
2009,3,9,4,30,-1.3,0,0,0,5.1000000000000005,0.0000,0.0000
2009,3,9,5,0,-1.4000000000000001,0,0,0,5.1000000000000005,0.0000,0.0000
2009,3,9,5,30,-1.4000000000000001,0,0,0,5.2,0.0000,0.0000
2009,3,9,6,0,-1.3,0,0,0,5.300000000000001,0.0000,0.0000
2009,3,9,6,30,-1.1,0,0,0,5.2,0.0000,0.0000
2009,3,9,7,0,-0.9,4,0,4,5.1000000000000005,0.0000,0.0000
2009,3,9,7,30,-0.4,31,1,31,5.4,0.0000,0.0000
2009,3,9,8,0,0,17,0,17,5.7,0.8146,0.6229
2009,3,9,8,30,0.5,11,0,11,5.7,0.5503,0.4247
2009,3,9,9,0,1,26,0,26,5.800000000000001,1.3604,1.0565
2009,3,9,9,30,1.4000000000000001,41,0,41,5.7,2.2225,1.7329
2009,3,9,10,0,1.9000000000000001,57,0,57,5.5,3.1726,2.4801
2009,3,9,10,30,2.3000000000000003,63,0,63,5.1000000000000005,3.5749,2.7994
2009,3,9,11,0,2.6,110,1,110,4.7,6.3290,4.9615
2009,3,9,11,30,2.9000000000000004,124,0,125,4.2,7.2601,5.6956
2009,3,9,12,0,3.2,146,1,147,3.8000000000000003,8.5870,6.7395
2009,3,9,12,30,3.4000000000000004,103,1,103,3.2,6.0312,4.7344
2009,3,9,13,0,3.5,150,1,151,2.6,8.8356,6.9354
2009,3,9,13,30,3.6,125,1,126,2.1,7.3442,5.7631
2009,3,9,14,0,3.6,115,1,115,1.6,6.6537,5.2184
2009,3,9,14,30,3.7,140,2,141,1.8,8.0661,6.3204
2009,3,9,15,0,3.8000000000000003,86,0,86,2.1,4.8409,3.7880
2009,3,9,15,30,3.6,73,0,73,2.4000000000000004,4.0182,3.1378
2009,3,9,16,0,3.5,83,1,84,2.8000000000000003,4.4857,3.4920
2009,3,9,16,30,3.1,53,0,53,2.8000000000000003,2.7196,2.1067
2009,3,9,17,0,2.7,46,0,46,2.9000000000000004,2.2518,1.7309
2009,3,9,17,30,2.2,5,0,5,3.1,0.0000,0.0000
2009,3,9,18,0,1.7000000000000002,20,0,20,3.3000000000000003,0.0000,0.0000
2009,3,9,18,30,1.4000000000000001,0,0,0,3.6,0.0000,0.0000
2009,3,9,19,0,1.1,0,0,0,4,0.0000,0.0000
2009,3,9,19,30,0.9,0,0,0,4.2,0.0000,0.0000
2009,3,9,20,0,0.6000000000000001,0,0,0,4.4,0.0000,0.0000
2009,3,9,20,30,0.4,0,0,0,4.6000000000000005,0.0000,0.0000
2009,3,9,21,0,0.2,0,0,0,4.800000000000001,0.0000,0.0000
2009,3,9,21,30,-0.1,0,0,0,4.9,0.0000,0.0000
2009,3,9,22,0,-0.30000000000000004,0,0,0,5,0.0000,0.0000
2009,3,9,22,30,-0.7000000000000001,0,0,0,5.1000000000000005,0.0000,0.0000
2009,3,9,23,0,-1,0,0,0,5.2,0.0000,0.0000
2009,3,9,23,30,-1.4000000000000001,0,0,0,5.5,0.0000,0.0000
2009,3,10,0,0,-1.8,0,0,0,5.800000000000001,0.0000,0.0000
2009,3,10,0,30,-2.2,0,0,0,6.2,0.0000,0.0000
2009,3,10,1,0,-2.5,0,0,0,6.5,0.0000,0.0000
2009,3,10,1,30,-2.9000000000000004,0,0,0,6.5,0.0000,0.0000
2009,3,10,2,0,-3.2,0,0,0,6.5,0.0000,0.0000
2009,3,10,2,30,-3.5,0,0,0,6.4,0.0000,0.0000
2009,3,10,3,0,-3.7,0,0,0,6.300000000000001,0.0000,0.0000
2009,3,10,3,30,-3.9000000000000004,0,0,0,6.2,0.0000,0.0000
2009,3,10,4,0,-4.1000000000000005,0,0,0,6.1000000000000005,0.0000,0.0000
2009,3,10,4,30,-4.2,0,0,0,6.1000000000000005,0.0000,0.0000
2009,3,10,5,0,-4.3,0,0,0,6.2,0.0000,0.0000
2009,3,10,5,30,-4.4,0,0,0,6.300000000000001,0.0000,0.0000
2009,3,10,6,0,-4.4,0,0,0,6.4,0.0000,0.0000
2009,3,10,6,30,-4.6000000000000005,0,0,0,6.6000000000000005,0.0000,0.0000
2009,3,10,7,0,-4.7,7,0,7,6.7,0.0000,0.0000
2009,3,10,7,30,-4.5,48,350,91,6.800000000000001,0.0000,0.0000
2009,3,10,8,0,-4.3,70,537,187,6.9,8.9768,6.8679
2009,3,10,8,30,-4,88,651,287,6.9,14.4019,11.1194
2009,3,10,9,0,-3.7,100,737,387,7,20.3040,15.7736
2009,3,10,9,30,-3.5,163,0,163,7.2,8.8563,6.9071
2009,3,10,10,0,-3.2,263,1,263,7.4,14.6666,11.4673
2009,3,10,10,30,-3.2,285,1,286,7.6000000000000005,16.2566,12.7316
2009,3,10,11,0,-3.1,203,0,203,7.800000000000001,11.6972,9.1710
2009,3,10,11,30,-3.2,143,0,143,8.1,8.3168,6.5253
2009,3,10,12,0,-3.3000000000000003,105,0,105,8.3,6.1413,4.8204
2009,3,10,12,30,-3.4000000000000004,167,0,167,8.700000000000001,9.7906,7.6861
2009,3,10,13,0,-3.6,164,0,164,9,9.6074,7.5419
2009,3,10,13,30,-4.2,171,0,171,9.4,9.9787,7.8312
2009,3,10,14,0,-4.800000000000001,174,0,174,9.700000000000001,10.0800,7.9063
2009,3,10,14,30,-5.5,166,0,166,9.700000000000001,9.5091,7.4519
2009,3,10,15,0,-6.300000000000001,90,0,90,9.700000000000001,5.0734,3.9705
2009,3,10,15,30,-6.7,330,68,364,9.700000000000001,20.0689,15.6746
2009,3,10,16,0,-7.2,276,63,303,9.700000000000001,16.2114,12.6228
2009,3,10,16,30,-7.7,131,0,131,9.600000000000001,6.7369,5.2202
2009,3,10,17,0,-8.3,176,29,183,9.5,8.9772,6.9034
2009,3,10,17,30,-8.9,49,615,156,9.200000000000001,7.4380,5.6684
2009,3,10,18,0,-9.5,28,422,62,8.9,0.0000,0.0000
2009,3,10,18,30,-9.8,0,0,0,8.700000000000001,0.0000,0.0000
2009,3,10,19,0,-10.200000000000001,0,0,0,8.6,0.0000,0.0000
2009,3,10,19,30,-10.5,0,0,0,8.4,0.0000,0.0000
2009,3,10,20,0,-10.8,0,0,0,8.200000000000001,0.0000,0.0000
2009,3,10,20,30,-11,0,0,0,8,0.0000,0.0000
2009,3,10,21,0,-11.200000000000001,0,0,0,7.7,0.0000,0.0000
2009,3,10,21,30,-11.3,0,0,0,7.6000000000000005,0.0000,0.0000
2009,3,10,22,0,-11.4,0,0,0,7.5,0.0000,0.0000
2009,3,10,22,30,-11.5,0,0,0,7.4,0.0000,0.0000
2009,3,10,23,0,-11.700000000000001,0,0,0,7.300000000000001,0.0000,0.0000
2009,3,10,23,30,-11.9,0,0,0,7.2,0.0000,0.0000
2009,3,11,0,0,-12.100000000000001,0,0,0,7.1000000000000005,0.0000,0.0000
2009,3,11,0,30,-12.4,0,0,0,7.2,0.0000,0.0000
2009,3,11,1,0,-12.600000000000001,0,0,0,7.2,0.0000,0.0000
2009,3,11,1,30,-12.9,0,0,0,7.300000000000001,0.0000,0.0000
2009,3,11,2,0,-13.200000000000001,0,0,0,7.300000000000001,0.0000,0.0000
2009,3,11,2,30,-13.5,0,0,0,7.300000000000001,0.0000,0.0000
2009,3,11,3,0,-13.8,0,0,0,7.300000000000001,0.0000,0.0000
2009,3,11,3,30,-14.200000000000001,0,0,0,7.2,0.0000,0.0000
2009,3,11,4,0,-14.600000000000001,0,0,0,7.1000000000000005,0.0000,0.0000
2009,3,11,4,30,-14.9,0,0,0,7,0.0000,0.0000
2009,3,11,5,0,-15.3,0,0,0,6.9,0.0000,0.0000
2009,3,11,5,30,-15.600000000000001,0,0,0,6.7,0.0000,0.0000
2009,3,11,6,0,-15.9,0,0,0,6.5,0.0000,0.0000
2009,3,11,6,30,-15.700000000000001,0,0,0,6.5,0.0000,0.0000
2009,3,11,7,0,-15.600000000000001,17,268,27,6.6000000000000005,0.0000,0.0000
2009,3,11,7,30,-14.9,38,560,111,6.6000000000000005,0.0000,0.0000
2009,3,11,8,0,-14.3,54,718,214,6.6000000000000005,10.2935,7.8799
2009,3,11,8,30,-13.4,66,814,319,6.5,16.0569,12.4032
2009,3,11,9,0,-12.600000000000001,76,877,422,6.4,22.2027,17.2546
2009,3,11,9,30,-11.700000000000001,85,922,517,6.2,28.1542,21.9628
2009,3,11,10,0,-10.8,93,952,603,5.9,33.6911,26.3465
2009,3,11,10,30,-10,98,976,677,5.7,38.5439,30.1903
2009,3,11,11,0,-9.1,103,992,737,5.4,42.5296,33.3482
2009,3,11,11,30,-8.4,107,993,775,5.2,45.1325,35.4139
2009,3,11,12,0,-7.7,133,958,799,5,46.7883,36.7283
2009,3,11,12,30,-7.2,134,962,812,4.800000000000001,47.6598,37.4187
2009,3,11,13,0,-6.7,133,962,808,4.6000000000000005,47.3898,37.2047
2009,3,11,13,30,-6.4,131,956,787,4.4,45.9797,36.0874
2009,3,11,14,0,-6.1000000000000005,121,960,752,4.3,43.6178,34.2151
2009,3,11,14,30,-6.1000000000000005,116,944,699,4.1000000000000005,40.0930,31.4226
2009,3,11,15,0,-6,119,900,629,3.9000000000000004,35.5082,27.7927
2009,3,11,15,30,-6.2,111,868,549,3.8000000000000003,30.3182,23.6833
2009,3,11,16,0,-6.4,321,43,339,3.6,18.1716,14.1520
2009,3,11,16,30,-7,246,141,296,3.4000000000000004,15.2544,11.8236
2009,3,11,17,0,-7.5,68,717,260,3.1,12.7808,9.8323
2009,3,11,17,30,-8.200000000000001,52,586,156,2.7,7.4359,5.6682
2009,3,11,18,0,-9,29,369,61,2.4000000000000004,0.0000,0.0000
2009,3,11,18,30,-9.4,0,0,0,2.2,0.0000,0.0000
2009,3,11,19,0,-9.8,0,0,0,2.1,0.0000,0.0000
2009,3,11,19,30,-10.200000000000001,0,0,0,2.2,0.0000,0.0000
2009,3,11,20,0,-10.600000000000001,0,0,0,2.2,0.0000,0.0000
2009,3,11,20,30,-10.9,0,0,0,2.3000000000000003,0.0000,0.0000
2009,3,11,21,0,-11.3,0,0,0,2.4000000000000004,0.0000,0.0000
2009,3,11,21,30,-11.600000000000001,0,0,0,2.4000000000000004,0.0000,0.0000
2009,3,11,22,0,-11.8,0,0,0,2.4000000000000004,0.0000,0.0000
2009,3,11,22,30,-12.100000000000001,0,0,0,2.4000000000000004,0.0000,0.0000
2009,3,11,23,0,-12.3,0,0,0,2.4000000000000004,0.0000,0.0000
2009,3,11,23,30,-12.5,0,0,0,2.4000000000000004,0.0000,0.0000
2009,3,12,0,0,-12.700000000000001,0,0,0,2.4000000000000004,0.0000,0.0000
2009,3,12,0,30,-12.8,0,0,0,2.4000000000000004,0.0000,0.0000
2009,3,12,1,0,-13,0,0,0,2.4000000000000004,0.0000,0.0000
2009,3,12,1,30,-13.100000000000001,0,0,0,2.4000000000000004,0.0000,0.0000
2009,3,12,2,0,-13.200000000000001,0,0,0,2.3000000000000003,0.0000,0.0000
2009,3,12,2,30,-13.3,0,0,0,2.2,0.0000,0.0000
2009,3,12,3,0,-13.4,0,0,0,2,0.0000,0.0000
2009,3,12,3,30,-13.4,0,0,0,1.9000000000000001,0.0000,0.0000
2009,3,12,4,0,-13.5,0,0,0,1.9000000000000001,0.0000,0.0000
2009,3,12,4,30,-13.600000000000001,0,0,0,1.9000000000000001,0.0000,0.0000
2009,3,12,5,0,-13.700000000000001,0,0,0,1.9000000000000001,0.0000,0.0000
2009,3,12,5,30,-13.8,0,0,0,2,0.0000,0.0000
2009,3,12,6,0,-13.9,0,0,0,2,0.0000,0.0000
2009,3,12,6,30,-13.5,0,0,0,2.5,0.0000,0.0000
2009,3,12,7,0,-13,18,225,28,2.9000000000000004,0.0000,0.0000
2009,3,12,7,30,-12,39,506,108,3.1,0.0000,0.0000
2009,3,12,8,0,-11,53,663,205,3.4000000000000004,9.8820,7.5694
2009,3,12,8,30,-9.9,64,764,306,3.4000000000000004,15.4497,11.9399
2009,3,12,9,0,-8.8,72,831,404,3.4000000000000004,21.3114,16.5671
2009,3,12,9,30,-7.7,78,879,496,3.4000000000000004,27.0712,21.1227
2009,3,12,10,0,-6.6000000000000005,84,912,578,3.4000000000000004,32.3563,25.3070
2009,3,12,10,30,-5.5,88,938,648,3.4000000000000004,36.9533,28.9483
2009,3,12,11,0,-4.4,91,956,706,3.5,40.7978,31.9939
2009,3,12,11,30,-3.5,93,968,750,3.6,43.7339,34.3199
2009,3,12,12,0,-2.6,138,877,752,3.7,44.0895,34.6128
2009,3,12,12,30,-2,139,881,764,3.7,44.8950,35.2510
2009,3,12,13,0,-1.4000000000000001,144,870,759,3.8000000000000003,44.5660,34.9907
2009,3,12,13,30,-1.1,143,863,739,3.8000000000000003,43.2255,33.9287
2009,3,12,14,0,-0.8,141,849,703,3.7,40.8237,32.0262
2009,3,12,14,30,-0.7000000000000001,136,829,652,3.6,37.4448,29.3501
2009,3,12,15,0,-0.5,355,152,442,3.5,24.9858,19.5590
2009,3,12,15,30,-0.6000000000000001,316,130,382,3.4000000000000004,21.1285,16.5071
2009,3,12,16,0,-0.6000000000000001,102,749,430,3.2,23.0923,17.9879
2009,3,12,16,30,-1,92,682,336,2.7,17.3535,13.4546
2009,3,12,17,0,-1.4000000000000001,120,3,121,2.3000000000000003,5.9604,4.5872
2009,3,12,17,30,-2.4000000000000004,73,1,73,1.7000000000000002,3.4794,2.6530
2009,3,12,18,0,-3.3000000000000003,33,279,58,1.2000000000000002,0.0000,0.0000
2009,3,12,18,30,-3.7,0,0,0,1.3,0.0000,0.0000
2009,3,12,19,0,-4,0,0,0,1.3,0.0000,0.0000
2009,3,12,19,30,-4.1000000000000005,0,0,0,1.5,0.0000,0.0000
2009,3,12,20,0,-4.3,0,0,0,1.6,0.0000,0.0000
2009,3,12,20,30,-4.4,0,0,0,1.7000000000000002,0.0000,0.0000
2009,3,12,21,0,-4.6000000000000005,0,0,0,1.9000000000000001,0.0000,0.0000
2009,3,12,21,30,-4.7,0,0,0,2,0.0000,0.0000
2009,3,12,22,0,-4.800000000000001,0,0,0,2.2,0.0000,0.0000
2009,3,12,22,30,-5,0,0,0,2.2,0.0000,0.0000
2009,3,12,23,0,-5.1000000000000005,0,0,0,2.2,0.0000,0.0000
2009,3,12,23,30,-5.300000000000001,0,0,0,2.2,0.0000,0.0000
2009,3,13,0,0,-5.5,0,0,0,2.2,0.0000,0.0000
2009,3,13,0,30,-5.800000000000001,0,0,0,2.2,0.0000,0.0000
2009,3,13,1,0,-6,0,0,0,2.1,0.0000,0.0000
2009,3,13,1,30,-6.300000000000001,0,0,0,2,0.0000,0.0000
2009,3,13,2,0,-6.5,0,0,0,2,0.0000,0.0000
2009,3,13,2,30,-6.800000000000001,0,0,0,1.8,0.0000,0.0000
2009,3,13,3,0,-7.1000000000000005,0,0,0,1.7000000000000002,0.0000,0.0000
2009,3,13,3,30,-7.300000000000001,0,0,0,1.6,0.0000,0.0000
2009,3,13,4,0,-7.5,0,0,0,1.4000000000000001,0.0000,0.0000
2009,3,13,4,30,-7.7,0,0,0,1.4000000000000001,0.0000,0.0000
2009,3,13,5,0,-7.9,0,0,0,1.3,0.0000,0.0000
2009,3,13,5,30,-7.9,0,0,0,1.3,0.0000,0.0000
2009,3,13,6,0,-7.9,0,0,0,1.3,0.0000,0.0000
2009,3,13,6,30,-6.800000000000001,0,0,0,1.6,0.0000,0.0000
2009,3,13,7,0,-5.7,20,205,30,1.9000000000000001,0.0000,0.0000
2009,3,13,7,30,-4.4,43,476,110,2.2,0.0000,0.0000
2009,3,13,8,0,-3.2,57,646,208,2.5,10.0499,7.7025
2009,3,13,8,30,-1.5,68,747,309,2.4000000000000004,15.6488,12.0993
2009,3,13,9,0,0.1,75,821,407,2.4000000000000004,21.5268,16.7398
2009,3,13,9,30,1.7000000000000002,81,869,499,2.2,27.2949,21.3020
2009,3,13,10,0,3.3000000000000003,86,907,581,2.1,32.5840,25.4893
2009,3,13,10,30,4.2,90,932,652,1.9000000000000001,37.2397,29.1764
2009,3,13,11,0,5,92,952,710,1.7000000000000002,41.0870,32.2242
2009,3,13,11,30,5.6000000000000005,94,965,753,1.7000000000000002,43.9640,34.5037
2009,3,13,12,0,6.1000000000000005,105,953,777,1.7000000000000002,45.6095,35.8092
2009,3,13,12,30,6.4,106,956,789,1.8,46.4161,36.4483
2009,3,13,13,0,6.7,103,959,785,1.8,46.1450,36.2334
2009,3,13,13,30,6.9,102,953,764,1.8,44.7374,35.1183
2009,3,13,14,0,7,98,946,729,1.9000000000000001,42.3827,33.2521
2009,3,13,14,30,7,96,930,678,1.8,38.9867,30.5618
2009,3,13,15,0,7,89,916,615,1.7000000000000002,34.8139,27.2556
2009,3,13,15,30,6.800000000000001,84,885,538,1.5,29.8042,23.2887
2009,3,13,16,0,6.5,77,848,452,1.2000000000000002,24.3166,18.9452
2009,3,13,16,30,5.7,70,791,357,0.8,18.4765,14.3292
2009,3,13,17,0,4.9,60,713,257,0.5,12.6863,9.7673
2009,3,13,17,30,4.2,48,587,157,0.5,7.4840,5.7081
2009,3,13,18,0,3.4000000000000004,30,397,66,0.6000000000000001,0.0000,0.0000
2009,3,13,18,30,2.3000000000000003,0,0,0,1,0.0000,0.0000
2009,3,13,19,0,1.1,0,0,0,1.3,0.0000,0.0000
2009,3,13,19,30,0,0,0,0,1.5,0.0000,0.0000
2009,3,13,20,0,-1.2000000000000002,0,0,0,1.6,0.0000,0.0000
2009,3,13,20,30,-1.3,0,0,0,1.8,0.0000,0.0000
2009,3,13,21,0,-1.5,0,0,0,2,0.0000,0.0000
2009,3,13,21,30,-1.6,0,0,0,2.1,0.0000,0.0000
2009,3,13,22,0,-1.6,0,0,0,2.2,0.0000,0.0000
2009,3,13,22,30,-1.8,0,0,0,2.2,0.0000,0.0000
2009,3,13,23,0,-1.9000000000000001,0,0,0,2.2,0.0000,0.0000
2009,3,13,23,30,-2,0,0,0,2.2,0.0000,0.0000
2009,3,14,0,0,-2.2,0,0,0,2.1,0.0000,0.0000
2009,3,14,0,30,-2.3000000000000003,0,0,0,2.1,0.0000,0.0000
2009,3,14,1,0,-2.5,0,0,0,2.1,0.0000,0.0000
2009,3,14,1,30,-2.5,0,0,0,2.1,0.0000,0.0000
2009,3,14,2,0,-2.6,0,0,0,2.2,0.0000,0.0000
2009,3,14,2,30,-2.7,0,0,0,2.3000000000000003,0.0000,0.0000
2009,3,14,3,0,-2.8000000000000003,0,0,0,2.4000000000000004,0.0000,0.0000
2009,3,14,3,30,-2.8000000000000003,0,0,0,2.4000000000000004,0.0000,0.0000
2009,3,14,4,0,-2.9000000000000004,0,0,0,2.5,0.0000,0.0000
2009,3,14,4,30,-2.9000000000000004,0,0,0,2.6,0.0000,0.0000
2009,3,14,5,0,-3,0,0,0,2.6,0.0000,0.0000
2009,3,14,5,30,-3,0,0,0,2.7,0.0000,0.0000
2009,3,14,6,0,-3.1,0,0,0,2.7,0.0000,0.0000
2009,3,14,6,30,-2.3000000000000003,0,0,0,3.3000000000000003,0.0000,0.0000
2009,3,14,7,0,-1.5,20,275,35,3.8000000000000003,0.0000,0.0000
2009,3,14,7,30,-0.30000000000000004,40,540,119,3.8000000000000003,0.0000,0.0000
2009,3,14,8,0,0.8,54,691,219,3.8000000000000003,10.6072,8.1345
2009,3,14,8,30,2.6,63,786,321,4.2,16.3058,12.6130
2009,3,14,9,0,4.4,71,851,420,4.6000000000000005,22.2727,17.3251
2009,3,14,9,30,5.800000000000001,77,896,512,4.9,28.0667,21.9090
2009,3,14,10,0,7.1000000000000005,81,931,595,5.300000000000001,33.4294,26.1547
2009,3,14,10,30,7.9,85,955,666,5.2,38.0995,29.8539
2009,3,14,11,0,8.700000000000001,88,971,724,5.2,41.9555,32.9088
2009,3,14,11,30,9.3,90,983,767,5.2,44.8381,35.1929
2009,3,14,12,0,9.9,92,981,788,5.2,46.3093,36.3617
2009,3,14,12,30,10.3,92,984,800,5.2,47.1165,37.0012
2009,3,14,13,0,10.700000000000001,92,984,796,5.2,46.8426,36.7840
2009,3,14,13,30,10.9,91,979,775,5.2,45.4325,35.6668
2009,3,14,14,0,11.100000000000001,89,969,739,5.2,43.0146,33.7508
2009,3,14,14,30,11,87,954,688,5,39.6106,31.0539
2009,3,14,15,0,11,88,922,622,4.9,35.2570,27.6056
2009,3,14,15,30,10.4,83,886,541,4.2,30.0157,23.4573
2009,3,14,16,0,9.700000000000001,77,845,454,3.5,24.4685,19.0672
2009,3,14,16,30,7.5,70,789,359,2.8000000000000003,18.6183,14.4430
2009,3,14,17,0,5.300000000000001,60,710,259,2.1,12.8108,9.8668
2009,3,14,17,30,3.5,48,588,159,2.2,7.5815,5.7841
2009,3,14,18,0,1.7000000000000002,30,392,68,2.3000000000000003,0.0000,0.0000
2009,3,14,18,30,1.5,0,0,0,2.5,0.0000,0.0000
2009,3,14,19,0,1.3,0,0,0,2.6,0.0000,0.0000
2009,3,14,19,30,1.3,0,0,0,2.7,0.0000,0.0000
2009,3,14,20,0,1.2000000000000002,0,0,0,2.8000000000000003,0.0000,0.0000
2009,3,14,20,30,1.2000000000000002,0,0,0,3,0.0000,0.0000
2009,3,14,21,0,1.1,0,0,0,3.1,0.0000,0.0000
2009,3,14,21,30,1.1,0,0,0,3.2,0.0000,0.0000
2009,3,14,22,0,1,0,0,0,3.3000000000000003,0.0000,0.0000
2009,3,14,22,30,0.9,0,0,0,3.5,0.0000,0.0000
2009,3,14,23,0,0.8,0,0,0,3.6,0.0000,0.0000
2009,3,14,23,30,0.6000000000000001,0,0,0,3.8000000000000003,0.0000,0.0000
2009,3,15,0,0,0.4,0,0,0,3.9000000000000004,0.0000,0.0000
2009,3,15,0,30,0.2,0,0,0,3.9000000000000004,0.0000,0.0000
2009,3,15,1,0,0,0,0,0,3.9000000000000004,0.0000,0.0000
2009,3,15,1,30,-0.1,0,0,0,3.9000000000000004,0.0000,0.0000
2009,3,15,2,0,-0.2,0,0,0,3.9000000000000004,0.0000,0.0000
2009,3,15,2,30,-0.4,0,0,0,3.8000000000000003,0.0000,0.0000
2009,3,15,3,0,-0.6000000000000001,0,0,0,3.6,0.0000,0.0000
2009,3,15,3,30,-0.9,0,0,0,3.2,0.0000,0.0000
2009,3,15,4,0,-1.1,0,0,0,2.9000000000000004,0.0000,0.0000
2009,3,15,4,30,-1,0,0,0,3,0.0000,0.0000
2009,3,15,5,0,-1,0,0,0,3,0.0000,0.0000
2009,3,15,5,30,-0.9,0,0,0,3.2,0.0000,0.0000
2009,3,15,6,0,-0.8,0,0,0,3.4000000000000004,0.0000,0.0000
2009,3,15,6,30,-0.2,0,0,0,3.6,0.0000,0.0000
2009,3,15,7,0,0.4,22,239,36,3.8000000000000003,0.0000,0.0000
2009,3,15,7,30,1.6,43,480,116,3.9000000000000004,0.0000,0.0000
2009,3,15,8,0,2.8000000000000003,56,637,212,3.9000000000000004,10.2952,7.9001
2009,3,15,8,30,4.5,66,731,310,3.9000000000000004,15.7944,12.2228
2009,3,15,9,0,6.2,72,806,407,4,21.6392,16.8372
2009,3,15,9,30,8.4,78,848,494,4.800000000000001,27.1377,21.1882
2009,3,15,10,0,10.600000000000001,82,881,573,5.7,32.2521,25.2376
2009,3,15,10,30,11.9,86,905,642,6.2,36.7836,28.8264
2009,3,15,11,0,13.100000000000001,90,922,697,6.7,40.4460,31.7281
2009,3,15,11,30,13.600000000000001,92,934,739,6.800000000000001,43.2549,33.9534
2009,3,15,12,0,14.200000000000001,110,908,759,6.9,44.6563,35.0667
2009,3,15,12,30,14.600000000000001,110,911,770,6.9,45.3987,35.6550
2009,3,15,13,0,14.9,111,907,765,6.9,45.0665,35.3919
2009,3,15,13,30,15,110,902,745,6.9,43.7208,34.3257
2009,3,15,14,0,15.100000000000001,109,889,709,6.800000000000001,41.3148,32.4198
2009,3,15,14,30,15,106,872,659,6.6000000000000005,37.9872,29.7839
2009,3,15,15,0,14.9,99,854,597,6.4,33.8858,26.5350
2009,3,15,15,30,14.4,94,826,524,6,29.1176,22.7586
2009,3,15,16,0,14,87,785,440,5.6000000000000005,23.7549,18.5144
2009,3,15,16,30,12.600000000000001,79,725,347,4.5,18.0312,13.9911
2009,3,15,17,0,11.200000000000001,67,653,252,3.5,12.4911,9.6242
2009,3,15,17,30,9.200000000000001,53,528,154,3.2,7.3464,5.6067
2009,3,15,18,0,7.2,33,349,67,2.8000000000000003,0.0000,0.0000
2009,3,15,18,30,6.7,0,0,0,3,0.0000,0.0000
2009,3,15,19,0,6.2,0,0,0,3.1,0.0000,0.0000
2009,3,15,19,30,5.9,0,0,0,3.3000000000000003,0.0000,0.0000
2009,3,15,20,0,5.6000000000000005,0,0,0,3.4000000000000004,0.0000,0.0000
2009,3,15,20,30,5.300000000000001,0,0,0,3.6,0.0000,0.0000
2009,3,15,21,0,5,0,0,0,3.8000000000000003,0.0000,0.0000
2009,3,15,21,30,4.800000000000001,0,0,0,3.9000000000000004,0.0000,0.0000
2009,3,15,22,0,4.5,0,0,0,4,0.0000,0.0000
2009,3,15,22,30,4,0,0,0,3.9000000000000004,0.0000,0.0000
2009,3,15,23,0,3.5,0,0,0,3.8000000000000003,0.0000,0.0000
2009,3,15,23,30,3.1,0,0,0,3.7,0.0000,0.0000
2009,3,16,0,0,2.7,0,0,0,3.6,0.0000,0.0000
2009,3,16,0,30,2.4000000000000004,0,0,0,3.6,0.0000,0.0000
2009,3,16,1,0,2.1,0,0,0,3.5,0.0000,0.0000
2009,3,16,1,30,2.2,0,0,0,3.7,0.0000,0.0000
2009,3,16,2,0,2.4000000000000004,0,0,0,3.8000000000000003,0.0000,0.0000
2009,3,16,2,30,2.3000000000000003,0,0,0,3.9000000000000004,0.0000,0.0000
2009,3,16,3,0,2.2,0,0,0,4,0.0000,0.0000
2009,3,16,3,30,1.9000000000000001,0,0,0,3.9000000000000004,0.0000,0.0000
2009,3,16,4,0,1.7000000000000002,0,0,0,3.8000000000000003,0.0000,0.0000
2009,3,16,4,30,1.5,0,0,0,3.8000000000000003,0.0000,0.0000
2009,3,16,5,0,1.3,0,0,0,3.8000000000000003,0.0000,0.0000
2009,3,16,5,30,1.3,0,0,0,3.9000000000000004,0.0000,0.0000
2009,3,16,6,0,1.2000000000000002,0,0,0,3.9000000000000004,0.0000,0.0000
2009,3,16,6,30,1.6,0,0,0,4.1000000000000005,0.0000,0.0000
2009,3,16,7,0,1.9000000000000001,23,267,40,4.3,0.0000,0.0000
2009,3,16,7,30,3,43,506,123,4.6000000000000005,0.0000,0.0000
2009,3,16,8,0,4.1000000000000005,56,656,220,4.9,10.7120,8.2248
2009,3,16,8,30,6.1000000000000005,66,749,319,4.9,16.3015,12.6206
2009,3,16,9,0,8.1,71,827,419,5,22.3339,17.3828
2009,3,16,9,30,10.3,76,872,509,4.9,28.0204,21.8818
2009,3,16,10,0,12.600000000000001,79,909,590,4.9,33.2669,26.0357
2009,3,16,10,30,14.700000000000001,82,928,657,4.9,37.7005,29.5486
2009,3,16,11,0,16.7,85,946,713,4.9,41.4300,32.5033
2009,3,16,11,30,18.400000000000002,86,957,755,5.1000000000000005,44.2454,34.7340
2009,3,16,12,0,20,87,966,782,5.300000000000001,46.0615,36.1730
2009,3,16,12,30,21.1,87,969,793,5.5,46.8059,36.7630
2009,3,16,13,0,22.1,86,969,789,5.7,46.5305,36.5445
2009,3,16,13,30,22.5,85,960,766,5.800000000000001,45.0021,35.3344
2009,3,16,14,0,22.900000000000002,83,952,730,5.9,42.5856,33.4198
2009,3,16,14,30,22.8,81,937,680,5.7,39.2432,30.7715
2009,3,16,15,0,22.8,85,900,613,5.4,34.8390,27.2844
2009,3,16,15,30,21.900000000000002,81,871,538,4.800000000000001,29.9396,23.4043
2009,3,16,16,0,21.1,73,837,453,4.2,24.5001,19.0988
2009,3,16,16,30,19.1,67,783,359,3.9000000000000004,18.6925,14.5081
2009,3,16,17,0,17.1,57,712,262,3.6,13.0133,10.0302
2009,3,16,17,30,15.3,46,596,163,3.8000000000000003,7.7802,5.9397
2009,3,16,18,0,13.5,48,3,48,3.9000000000000004,0.0000,0.0000
2009,3,16,18,30,12.9,0,0,0,4.3,0.0000,0.0000
2009,3,16,19,0,12.4,0,0,0,4.6000000000000005,0.0000,0.0000
2009,3,16,19,30,12,0,0,0,4.800000000000001,0.0000,0.0000
2009,3,16,20,0,11.600000000000001,0,0,0,5,0.0000,0.0000
2009,3,16,20,30,11.200000000000001,0,0,0,5.300000000000001,0.0000,0.0000
2009,3,16,21,0,10.8,0,0,0,5.6000000000000005,0.0000,0.0000
2009,3,16,21,30,10.5,0,0,0,5.800000000000001,0.0000,0.0000
2009,3,16,22,0,10.100000000000001,0,0,0,6.1000000000000005,0.0000,0.0000
2009,3,16,22,30,9.8,0,0,0,6.300000000000001,0.0000,0.0000
2009,3,16,23,0,9.5,0,0,0,6.5,0.0000,0.0000
2009,3,16,23,30,9.200000000000001,0,0,0,6.7,0.0000,0.0000
2009,3,17,0,0,8.9,0,0,0,6.800000000000001,0.0000,0.0000
2009,3,17,0,30,8.6,0,0,0,6.800000000000001,0.0000,0.0000
2009,3,17,1,0,8.4,0,0,0,6.9,0.0000,0.0000
2009,3,17,1,30,8,0,0,0,6.7,0.0000,0.0000
2009,3,17,2,0,7.6000000000000005,0,0,0,6.6000000000000005,0.0000,0.0000
2009,3,17,2,30,7.1000000000000005,0,0,0,6.2,0.0000,0.0000
2009,3,17,3,0,6.5,0,0,0,5.9,0.0000,0.0000
2009,3,17,3,30,6,0,0,0,5.5,0.0000,0.0000
2009,3,17,4,0,5.4,0,0,0,5.2,0.0000,0.0000
2009,3,17,4,30,5.1000000000000005,0,0,0,5.1000000000000005,0.0000,0.0000
2009,3,17,5,0,4.800000000000001,0,0,0,4.9,0.0000,0.0000
2009,3,17,5,30,4.5,0,0,0,4.800000000000001,0.0000,0.0000
2009,3,17,6,0,4.2,0,0,0,4.800000000000001,0.0000,0.0000
2009,3,17,6,30,4.7,0,0,0,4.6000000000000005,0.0000,0.0000
2009,3,17,7,0,5.2,22,1,22,4.5,0.0000,0.0000
2009,3,17,7,30,6.6000000000000005,69,10,70,4.4,0.0000,0.0000
2009,3,17,8,0,8,129,172,173,4.3,8.4465,6.4891
2009,3,17,8,30,9.8,140,378,271,4.3,13.8909,10.7589
2009,3,17,9,0,11.600000000000001,215,311,348,4.4,18.5974,14.4787
2009,3,17,9,30,12.9,258,316,417,4.7,23.0045,17.9684
2009,3,17,10,0,14.100000000000001,86,881,586,5,33.0996,25.9086
2009,3,17,10,30,14.8,253,629,645,5.2,37.0675,29.0559
2009,3,17,11,0,15.5,93,919,708,5.4,41.1937,32.3211
2009,3,17,11,30,16,95,931,749,5.5,43.9464,34.5023
2009,3,17,12,0,16.5,93,941,775,5.7,45.7011,35.8929
2009,3,17,12,30,16.8,93,944,786,5.800000000000001,46.4425,36.4803
2009,3,17,13,0,17,92,945,782,5.9,46.1653,36.2603
2009,3,17,13,30,17,91,940,761,5.9,44.7548,35.1429
2009,3,17,14,0,17,88,933,726,6,42.3984,33.2756
2009,3,17,14,30,16.7,86,918,676,5.9,39.0585,30.6295
2009,3,17,15,0,16.400000000000002,81,901,614,5.800000000000001,34.9403,27.3667
2009,3,17,15,30,15.8,77,873,539,5.5,30.0389,23.4851
2009,3,17,16,0,15.100000000000001,72,836,454,5.2,24.5955,19.1765
2009,3,17,16,30,13.700000000000001,66,783,361,4.3,18.8344,14.6219
2009,3,17,17,0,12.3,58,705,264,3.4000000000000004,13.1407,10.1321
2009,3,17,17,30,10.100000000000001,47,592,166,2.9000000000000004,7.9293,6.0557
2009,3,17,18,0,7.9,32,398,74,2.3000000000000003,0.0000,0.0000
2009,3,17,18,30,7,0,0,0,2.3000000000000003,0.0000,0.0000
2009,3,17,19,0,6.2,0,0,0,2.4000000000000004,0.0000,0.0000
2009,3,17,19,30,5.6000000000000005,0,0,0,2.3000000000000003,0.0000,0.0000
2009,3,17,20,0,5,0,0,0,2.3000000000000003,0.0000,0.0000
2009,3,17,20,30,4.6000000000000005,0,0,0,2.2,0.0000,0.0000
2009,3,17,21,0,4.2,0,0,0,2.2,0.0000,0.0000
2009,3,17,21,30,4,0,0,0,2.2,0.0000,0.0000
2009,3,17,22,0,3.8000000000000003,0,0,0,2.1,0.0000,0.0000
2009,3,17,22,30,3.7,0,0,0,2.2,0.0000,0.0000
2009,3,17,23,0,3.6,0,0,0,2.3000000000000003,0.0000,0.0000
2009,3,17,23,30,3.6,0,0,0,2.4000000000000004,0.0000,0.0000
2009,3,18,0,0,3.6,0,0,0,2.6,0.0000,0.0000
2009,3,18,0,30,3.5,0,0,0,2.5,0.0000,0.0000
2009,3,18,1,0,3.4000000000000004,0,0,0,2.4000000000000004,0.0000,0.0000
2009,3,18,1,30,3.2,0,0,0,2.4000000000000004,0.0000,0.0000
2009,3,18,2,0,3.1,0,0,0,2.5,0.0000,0.0000
2009,3,18,2,30,3.1,0,0,0,2.8000000000000003,0.0000,0.0000
2009,3,18,3,0,3,0,0,0,3.1,0.0000,0.0000
2009,3,18,3,30,2.8000000000000003,0,0,0,3,0.0000,0.0000
2009,3,18,4,0,2.5,0,0,0,2.8000000000000003,0.0000,0.0000
2009,3,18,4,30,2.3000000000000003,0,0,0,2.5,0.0000,0.0000
2009,3,18,5,0,2.1,0,0,0,2.2,0.0000,0.0000
2009,3,18,5,30,2,0,0,0,2,0.0000,0.0000
2009,3,18,6,0,1.9000000000000001,0,0,0,1.8,0.0000,0.0000
2009,3,18,6,30,2.3000000000000003,0,0,0,1.7000000000000002,0.0000,0.0000
2009,3,18,7,0,2.6,20,0,20,1.7000000000000002,0.0000,0.0000
2009,3,18,7,30,3.6,25,0,25,2.1,0.0000,0.0000
2009,3,18,8,0,4.7,40,0,40,2.6,1.9586,1.5056
2009,3,18,8,30,6.2,181,112,220,3,11.3098,8.7633
2009,3,18,9,0,7.7,200,16,207,3.4000000000000004,11.0896,8.6360
2009,3,18,9,30,9.4,114,0,114,3.9000000000000004,6.3017,4.9231
2009,3,18,10,0,11.100000000000001,62,0,62,4.5,3.5079,2.7462
2009,3,18,10,30,11.9,181,0,181,4.6000000000000005,10.4168,8.1663
2009,3,18,11,0,12.700000000000001,373,81,427,4.7,24.8764,19.5202
2009,3,18,11,30,13.200000000000001,399,97,467,4.6000000000000005,27.4328,21.5393
2009,3,18,12,0,13.600000000000001,368,410,667,4.4,39.3752,30.9271
2009,3,18,12,30,13.9,104,934,793,4.3,46.9054,36.8467
2009,3,18,13,0,14.100000000000001,99,941,790,4.2,46.6862,36.6722
2009,3,18,13,30,14.100000000000001,418,220,576,4.2,33.9105,26.6296
2009,3,18,14,0,14.200000000000001,93,931,734,4.2,42.9116,33.6810
2009,3,18,14,30,14,91,920,687,4.1000000000000005,39.7389,31.1658
2009,3,18,15,0,13.8,84,908,624,4.1000000000000005,35.5556,27.8516
2009,3,18,15,30,13.4,80,880,549,4,30.6402,23.9583
2009,3,18,16,0,13,71,856,466,3.9000000000000004,25.2876,19.7195
2009,3,18,16,30,11.700000000000001,65,804,372,3,19.4469,15.1011
2009,3,18,17,0,10.4,55,741,274,2.2,13.6677,10.5423
2009,3,18,17,30,8.1,45,637,175,1.9000000000000001,8.3665,6.3920
2009,3,18,18,0,5.800000000000001,30,467,82,1.7000000000000002,0.0000,0.0000
2009,3,18,18,30,4.9,0,0,0,1.8,0.0000,0.0000
2009,3,18,19,0,4.1000000000000005,0,0,0,1.8,0.0000,0.0000
2009,3,18,19,30,3.5,0,0,0,1.9000000000000001,0.0000,0.0000
2009,3,18,20,0,2.9000000000000004,0,0,0,1.9000000000000001,0.0000,0.0000
2009,3,18,20,30,2.4000000000000004,0,0,0,1.9000000000000001,0.0000,0.0000
2009,3,18,21,0,1.9000000000000001,0,0,0,1.9000000000000001,0.0000,0.0000
2009,3,18,21,30,1.4000000000000001,0,0,0,1.9000000000000001,0.0000,0.0000
2009,3,18,22,0,0.8,0,0,0,1.9000000000000001,0.0000,0.0000
2009,3,18,22,30,0.30000000000000004,0,0,0,1.8,0.0000,0.0000
2009,3,18,23,0,-0.2,0,0,0,1.8,0.0000,0.0000
2009,3,18,23,30,-0.7000000000000001,0,0,0,1.7000000000000002,0.0000,0.0000
2009,3,19,0,0,-1.1,0,0,0,1.6,0.0000,0.0000
2009,3,19,0,30,-1.6,0,0,0,1.6,0.0000,0.0000
2009,3,19,1,0,-2,0,0,0,1.5,0.0000,0.0000
2009,3,19,1,30,-2.3000000000000003,0,0,0,1.4000000000000001,0.0000,0.0000
2009,3,19,2,0,-2.6,0,0,0,1.4000000000000001,0.0000,0.0000
2009,3,19,2,30,-2.7,0,0,0,1.3,0.0000,0.0000
2009,3,19,3,0,-2.9000000000000004,0,0,0,1.2000000000000002,0.0000,0.0000
2009,3,19,3,30,-2.8000000000000003,0,0,0,1.1,0.0000,0.0000
2009,3,19,4,0,-2.7,0,0,0,1.1,0.0000,0.0000
2009,3,19,4,30,-2.4000000000000004,0,0,0,1,0.0000,0.0000
2009,3,19,5,0,-2.2,0,0,0,0.9,0.0000,0.0000
2009,3,19,5,30,-2,0,0,0,0.8,0.0000,0.0000
2009,3,19,6,0,-1.8,0,0,0,0.7000000000000001,0.0000,0.0000
2009,3,19,6,30,-0.9,0,0,0,0.9,0.0000,0.0000
2009,3,19,7,0,0,15,0,15,1,0.0000,0.0000
2009,3,19,7,30,1,46,535,139,1.2000000000000002,6.6275,5.0507
2009,3,19,8,0,2.1,59,671,238,1.3,11.6878,8.9897
2009,3,19,8,30,4,69,759,338,1.7000000000000002,17.4264,13.5080
2009,3,19,9,0,5.9,75,823,435,2,23.3608,18.1970
2009,3,19,9,30,7.7,81,866,525,2.3000000000000003,29.0807,22.7232
2009,3,19,10,0,9.600000000000001,240,429,489,2.5,27.7143,21.6996
2009,3,19,10,30,10.5,300,276,475,2.6,27.3766,21.4644
2009,3,19,11,0,11.5,279,386,542,2.6,31.6163,24.8113
2009,3,19,11,30,12.100000000000001,424,199,566,2.6,33.2858,26.1371
2009,3,19,12,0,12.8,349,484,705,2.6,41.6630,32.7264
2009,3,19,12,30,13.200000000000001,105,938,802,2.6,47.4857,37.3051
2009,3,19,13,0,13.700000000000001,255,579,683,2.7,40.4032,31.7391
2009,3,19,13,30,13.9,301,618,747,2.7,44.0220,34.5726
2009,3,19,14,0,14.100000000000001,297,587,704,2.7,41.2012,32.3411
2009,3,19,14,30,14.100000000000001,364,279,546,2.6,31.6191,24.7999
2009,3,19,15,0,14,340,247,488,2.6,27.8409,21.8106
2009,3,19,15,30,13.700000000000001,94,838,544,2.5,30.4042,23.7768
2009,3,19,16,0,13.4,216,493,445,2.4000000000000004,24.1878,18.8650
2009,3,19,16,30,12.100000000000001,80,735,364,1.9000000000000001,19.0647,14.8078
2009,3,19,17,0,10.700000000000001,69,659,266,1.3,13.2959,10.2590
2009,3,19,17,30,8.9,56,542,168,1.5,8.0395,6.1444
2009,3,19,18,0,7,36,371,78,1.7000000000000002,0.0000,0.0000
2009,3,19,18,30,6.5,11,87,12,2,0.0000,0.0000
2009,3,19,19,0,5.9,0,0,0,2.3000000000000003,0.0000,0.0000
2009,3,19,19,30,5.6000000000000005,0,0,0,2.6,0.0000,0.0000
2009,3,19,20,0,5.300000000000001,0,0,0,2.9000000000000004,0.0000,0.0000
2009,3,19,20,30,5,0,0,0,3.2,0.0000,0.0000
2009,3,19,21,0,4.6000000000000005,0,0,0,3.5,0.0000,0.0000
2009,3,19,21,30,4.3,0,0,0,3.8000000000000003,0.0000,0.0000
2009,3,19,22,0,4,0,0,0,4.1000000000000005,0.0000,0.0000
2009,3,19,22,30,3.6,0,0,0,4.2,0.0000,0.0000
2009,3,19,23,0,3.2,0,0,0,4.4,0.0000,0.0000
2009,3,19,23,30,2.7,0,0,0,4.2,0.0000,0.0000
2009,3,20,0,0,2.3000000000000003,0,0,0,4.1000000000000005,0.0000,0.0000
2009,3,20,0,30,2,0,0,0,4,0.0000,0.0000
2009,3,20,1,0,1.7000000000000002,0,0,0,3.8000000000000003,0.0000,0.0000
2009,3,20,1,30,1.7000000000000002,0,0,0,3.8000000000000003,0.0000,0.0000
2009,3,20,2,0,1.6,0,0,0,3.8000000000000003,0.0000,0.0000
2009,3,20,2,30,1.6,0,0,0,3.8000000000000003,0.0000,0.0000
2009,3,20,3,0,1.5,0,0,0,3.7,0.0000,0.0000
2009,3,20,3,30,1.5,0,0,0,3.7,0.0000,0.0000
2009,3,20,4,0,1.5,0,0,0,3.8000000000000003,0.0000,0.0000
2009,3,20,4,30,1.4000000000000001,0,0,0,3.8000000000000003,0.0000,0.0000
2009,3,20,5,0,1.3,0,0,0,3.9000000000000004,0.0000,0.0000
2009,3,20,5,30,1.4000000000000001,0,0,0,4.1000000000000005,0.0000,0.0000
2009,3,20,6,0,1.4000000000000001,0,0,0,4.3,0.0000,0.0000
2009,3,20,6,30,2,0,0,0,4.7,0.0000,0.0000
2009,3,20,7,0,2.6,16,0,16,5.1000000000000005,0.0000,0.0000
2009,3,20,7,30,3.7,50,0,50,5.2,2.3832,1.8168
2009,3,20,8,0,4.800000000000001,120,4,121,5.300000000000001,5.9593,4.5862
2009,3,20,8,30,6.300000000000001,28,0,28,5.7,1.4479,1.1228
2009,3,20,9,0,7.9,126,0,126,6.2,6.7828,5.2849
2009,3,20,9,30,9.200000000000001,146,0,146,6.9,8.1031,6.3327
2009,3,20,10,0,10.600000000000001,39,0,39,7.6000000000000005,2.2140,1.7338
2009,3,20,10,30,11.4,40,0,40,7.800000000000001,2.3087,1.8103
2009,3,20,11,0,12.200000000000001,62,0,62,8.1,3.6211,2.8420
2009,3,20,11,30,12.600000000000001,55,0,55,8.200000000000001,3.2382,2.5429
2009,3,20,12,0,13,155,1,155,8.3,9.1696,7.2033
2009,3,20,12,30,13.100000000000001,83,0,83,8.200000000000001,4.9194,3.8650
2009,3,20,13,0,13.3,79,0,79,8.1,4.6779,3.6750
2009,3,20,13,30,13.3,76,0,76,7.800000000000001,4.4832,3.5212
2009,3,20,14,0,13.3,266,17,278,7.4,16.2867,12.7853
2009,3,20,14,30,13.100000000000001,292,31,312,6.9,18.0879,14.1881
2009,3,20,15,0,13,297,57,332,6.300000000000001,18.9633,14.8574
2009,3,20,15,30,12.600000000000001,253,32,271,5.6000000000000005,15.1666,11.8621
2009,3,20,16,0,12.3,250,119,306,4.800000000000001,16.6595,12.9956
2009,3,20,16,30,11.700000000000001,219,130,270,4.4,14.1690,11.0079
2009,3,20,17,0,11.100000000000001,87,0,87,3.9000000000000004,4.3576,3.3634
2009,3,20,17,30,10.3,94,239,145,3.8000000000000003,6.9465,5.3111
2009,3,20,18,0,9.600000000000001,49,142,66,3.6,0.0000,0.0000
2009,3,20,18,30,9,8,15,9,3.4000000000000004,0.0000,0.0000
2009,3,20,19,0,8.3,0,0,0,3.1,0.0000,0.0000
2009,3,20,19,30,7.7,0,0,0,2.9000000000000004,0.0000,0.0000
2009,3,20,20,0,7.1000000000000005,0,0,0,2.7,0.0000,0.0000
2009,3,20,20,30,6.6000000000000005,0,0,0,2.6,0.0000,0.0000
2009,3,20,21,0,6.1000000000000005,0,0,0,2.5,0.0000,0.0000
2009,3,20,21,30,5.7,0,0,0,2.4000000000000004,0.0000,0.0000
2009,3,20,22,0,5.2,0,0,0,2.3000000000000003,0.0000,0.0000
2009,3,20,22,30,4.7,0,0,0,2.2,0.0000,0.0000
2009,3,20,23,0,4.3,0,0,0,2.1,0.0000,0.0000
2009,3,20,23,30,3.9000000000000004,0,0,0,2,0.0000,0.0000
2009,3,21,0,0,3.6,0,0,0,1.9000000000000001,0.0000,0.0000
2009,3,21,0,30,3.5,0,0,0,1.8,0.0000,0.0000
2009,3,21,1,0,3.3000000000000003,0,0,0,1.7000000000000002,0.0000,0.0000
2009,3,21,1,30,3.3000000000000003,0,0,0,1.6,0.0000,0.0000
2009,3,21,2,0,3.2,0,0,0,1.5,0.0000,0.0000
2009,3,21,2,30,3.3000000000000003,0,0,0,1.5,0.0000,0.0000
2009,3,21,3,0,3.4000000000000004,0,0,0,1.4000000000000001,0.0000,0.0000
2009,3,21,3,30,3.4000000000000004,0,0,0,1.4000000000000001,0.0000,0.0000
2009,3,21,4,0,3.3000000000000003,0,0,0,1.4000000000000001,0.0000,0.0000
2009,3,21,4,30,3.3000000000000003,0,0,0,1.4000000000000001,0.0000,0.0000
2009,3,21,5,0,3.2,0,0,0,1.4000000000000001,0.0000,0.0000
2009,3,21,5,30,3.1,0,0,0,1.3,0.0000,0.0000
2009,3,21,6,0,3.1,0,0,0,1.2000000000000002,0.0000,0.0000
2009,3,21,6,30,3.3000000000000003,0,0,0,1.3,0.0000,0.0000
2009,3,21,7,0,3.6,37,186,53,1.3,0.0000,0.0000
2009,3,21,7,30,4.1000000000000005,67,375,137,1.1,6.5304,4.9806
2009,3,21,8,0,4.6000000000000005,89,510,231,1,11.4112,8.7868
2009,3,21,8,30,5.9,106,606,328,0.8,17.0091,13.1946
2009,3,21,9,0,7.300000000000001,105,720,427,0.6000000000000001,23.0420,17.9579
2009,3,21,9,30,9.4,113,769,515,1,28.6378,22.3851
2009,3,21,10,0,11.5,114,819,596,1.5,33.8893,26.5417
2009,3,21,10,30,13.5,119,845,664,2.1,38.3778,30.0965
2009,3,21,11,0,15.5,121,869,720,2.8000000000000003,42.1036,33.0475
2009,3,21,11,30,16.8,123,879,758,3.2,44.6777,35.0879
2009,3,21,12,0,18.1,120,894,785,3.5,46.4874,36.5214
2009,3,21,12,30,18.6,121,897,796,3.7,47.2255,37.1059
2009,3,21,13,0,19.1,120,897,791,3.8000000000000003,46.8844,36.8355
2009,3,21,13,30,19.3,118,888,767,3.9000000000000004,45.2895,35.5730
2009,3,21,14,0,19.5,116,877,731,3.9000000000000004,42.8698,33.6560
2009,3,21,14,30,19.5,112,860,680,3.9000000000000004,39.4650,30.9589
2009,3,21,15,0,19.5,108,833,614,3.9000000000000004,35.1131,27.5131
2009,3,21,15,30,19.200000000000003,103,802,540,3.8000000000000003,30.2631,23.6722
2009,3,21,16,0,18.900000000000002,99,752,454,3.8000000000000003,24.7568,19.3151
2009,3,21,16,30,17.7,89,691,361,3,18.9796,14.7485
2009,3,21,17,0,16.5,80,598,264,2.3000000000000003,13.2502,10.2305
2009,3,21,17,30,14.9,64,479,167,2.3000000000000003,8.0097,6.1263
2009,3,21,18,0,13.3,43,291,78,2.4000000000000004,0.0000,0.0000
2009,3,21,18,30,13,13,61,14,2.8000000000000003,0.0000,0.0000
2009,3,21,19,0,12.700000000000001,0,0,0,3.2,0.0000,0.0000
2009,3,21,19,30,12.600000000000001,0,0,0,3.6,0.0000,0.0000
2009,3,21,20,0,12.5,0,0,0,3.9000000000000004,0.0000,0.0000
2009,3,21,20,30,12.200000000000001,0,0,0,4.1000000000000005,0.0000,0.0000
2009,3,21,21,0,11.9,0,0,0,4.4,0.0000,0.0000
2009,3,21,21,30,11.3,0,0,0,4.3,0.0000,0.0000
2009,3,21,22,0,10.700000000000001,0,0,0,4.2,0.0000,0.0000
2009,3,21,22,30,10.100000000000001,0,0,0,4.1000000000000005,0.0000,0.0000
2009,3,21,23,0,9.600000000000001,0,0,0,3.9000000000000004,0.0000,0.0000
2009,3,21,23,30,9.4,0,0,0,4,0.0000,0.0000
2009,3,22,0,0,9.3,0,0,0,4.1000000000000005,0.0000,0.0000
2009,3,22,0,30,9.1,0,0,0,4.1000000000000005,0.0000,0.0000
2009,3,22,1,0,8.9,0,0,0,4,0.0000,0.0000
2009,3,22,1,30,8.6,0,0,0,4.1000000000000005,0.0000,0.0000
2009,3,22,2,0,8.4,0,0,0,4.2,0.0000,0.0000
2009,3,22,2,30,8.200000000000001,0,0,0,4.2,0.0000,0.0000
2009,3,22,3,0,8,0,0,0,4.3,0.0000,0.0000
2009,3,22,3,30,7.9,0,0,0,4.4,0.0000,0.0000
2009,3,22,4,0,7.7,0,0,0,4.4,0.0000,0.0000
2009,3,22,4,30,7.6000000000000005,0,0,0,4.5,0.0000,0.0000
2009,3,22,5,0,7.5,0,0,0,4.6000000000000005,0.0000,0.0000
2009,3,22,5,30,7.4,0,0,0,4.7,0.0000,0.0000
2009,3,22,6,0,7.300000000000001,0,0,0,4.9,0.0000,0.0000
2009,3,22,6,30,7.5,0,0,0,5.1000000000000005,0.0000,0.0000
2009,3,22,7,0,7.7,8,0,8,5.4,0.0000,0.0000
2009,3,22,7,30,8.4,10,0,10,5.5,0.4769,0.3639
2009,3,22,8,0,9,10,0,10,5.7,0.4954,0.3817
2009,3,22,8,30,10.100000000000001,8,0,8,6.1000000000000005,0.4160,0.3228
2009,3,22,9,0,11.100000000000001,16,0,16,6.4,0.8654,0.6746
2009,3,22,9,30,12.5,65,0,65,6.6000000000000005,3.6213,2.8312
2009,3,22,10,0,13.9,164,3,166,6.9,9.4542,7.4054
2009,3,22,10,30,15.3,308,43,336,7.2,19.4468,15.2521
2009,3,22,11,0,16.6,300,376,561,7.4,32.8454,25.7829
2009,3,22,11,30,17.6,344,67,392,7.7,23.1304,18.1671
2009,3,22,12,0,18.5,374,164,497,7.9,29.4620,23.1475
2009,3,22,12,30,19.200000000000003,365,122,458,8.200000000000001,27.1985,21.3717
2009,3,22,13,0,19.900000000000002,368,212,527,8.5,31.2661,24.5664
2009,3,22,13,30,20,356,152,468,8.6,27.6616,21.7285
2009,3,22,14,0,20.1,335,56,374,8.6,21.9549,17.2374
2009,3,22,14,30,19.400000000000002,307,25,323,8.4,18.7659,14.7223
2009,3,22,15,0,18.7,237,17,247,8.200000000000001,14.1422,11.0823
2009,3,22,15,30,18,81,0,81,8.200000000000001,4.5454,3.5559
2009,3,22,16,0,17.400000000000002,39,0,39,8.200000000000001,2.1299,1.6620
2009,3,22,16,30,17,102,2,103,8.4,5.4252,4.2167
2009,3,22,17,0,16.6,136,14,140,8.6,7.0410,5.4382
2009,3,22,17,30,16.3,12,0,12,8.700000000000001,0.5763,0.4409
2009,3,22,18,0,16,8,0,8,8.8,0.0000,0.0000
2009,3,22,18,30,15.8,2,0,2,8.9,0.0000,0.0000
2009,3,22,19,0,15.700000000000001,0,0,0,9,0.0000,0.0000
2009,3,22,19,30,15.5,0,0,0,9,0.0000,0.0000
2009,3,22,20,0,15.4,0,0,0,9,0.0000,0.0000
2009,3,22,20,30,15.200000000000001,0,0,0,8.9,0.0000,0.0000
2009,3,22,21,0,15,0,0,0,8.9,0.0000,0.0000
2009,3,22,21,30,14.8,0,0,0,8.8,0.0000,0.0000
2009,3,22,22,0,14.600000000000001,0,0,0,8.6,0.0000,0.0000
2009,3,22,22,30,14.3,0,0,0,8.4,0.0000,0.0000
2009,3,22,23,0,14.100000000000001,0,0,0,8.200000000000001,0.0000,0.0000
2009,3,22,23,30,13.8,0,0,0,8,0.0000,0.0000
2009,3,23,0,0,13.600000000000001,0,0,0,7.7,0.0000,0.0000
2009,3,23,0,30,13.4,0,0,0,7.800000000000001,0.0000,0.0000
2009,3,23,1,0,13.3,0,0,0,7.800000000000001,0.0000,0.0000
2009,3,23,1,30,13.200000000000001,0,0,0,7.800000000000001,0.0000,0.0000
2009,3,23,2,0,13.100000000000001,0,0,0,7.7,0.0000,0.0000
2009,3,23,2,30,13.100000000000001,0,0,0,7.9,0.0000,0.0000
2009,3,23,3,0,13.100000000000001,0,0,0,8,0.0000,0.0000
2009,3,23,3,30,13.100000000000001,0,0,0,7.9,0.0000,0.0000
2009,3,23,4,0,13,0,0,0,7.7,0.0000,0.0000
2009,3,23,4,30,12.9,0,0,0,7.7,0.0000,0.0000
2009,3,23,5,0,12.9,0,0,0,7.7,0.0000,0.0000
2009,3,23,5,30,12.8,0,0,0,7.7,0.0000,0.0000
2009,3,23,6,0,12.700000000000001,0,0,0,7.6000000000000005,0.0000,0.0000
2009,3,23,6,30,13.100000000000001,0,0,0,7.800000000000001,0.0000,0.0000
2009,3,23,7,0,13.5,38,230,61,8,0.0000,0.0000
2009,3,23,7,30,14.3,27,0,27,8.4,1.2886,0.9837
2009,3,23,8,0,15.200000000000001,57,0,57,8.9,2.8325,2.1833
2009,3,23,8,30,16,79,0,79,9.200000000000001,4.1196,3.1980
2009,3,23,9,0,16.7,94,0,94,9.600000000000001,5.0959,3.9734
2009,3,23,9,30,17.1,116,0,116,9.700000000000001,6.4751,5.0631
2009,3,23,10,0,17.5,55,0,55,9.8,3.1373,2.4577
2009,3,23,10,30,17.7,79,0,79,9.9,4.5785,3.5913
2009,3,23,11,0,17.900000000000002,144,0,144,10.100000000000001,8.4409,6.6265
2009,3,23,11,30,18.2,110,0,110,10.200000000000001,6.4977,5.1038
2009,3,23,12,0,18.400000000000002,64,0,64,10.3,3.7977,2.9839
2009,3,23,12,30,18.7,58,0,58,10.200000000000001,3.4477,2.7093
2009,3,23,13,0,18.900000000000002,89,0,89,10.100000000000001,5.2852,4.1529
2009,3,23,13,30,19,344,10,352,9.9,20.8249,16.3593
2009,3,23,14,0,19.200000000000003,301,393,580,9.700000000000001,34.0816,26.7604
2009,3,23,14,30,19.1,113,0,114,9.4,6.6302,5.2020
2009,3,23,15,0,19,31,0,31,9.1,1.7769,1.3926
2009,3,23,15,30,19,28,0,28,8.9,1.5733,1.2309
2009,3,23,16,0,19,19,0,19,8.8,1.0393,0.8111
2009,3,23,16,30,18.6,117,0,117,8.6,6.1738,4.7996
2009,3,23,17,0,18.2,139,394,263,8.4,13.2541,10.2401
2009,3,23,17,30,17.3,110,284,173,8.200000000000001,8.3187,6.3675
2009,3,23,18,0,16.3,63,5,63,8.1,0.0000,0.0000
2009,3,23,18,30,15.3,11,0,11,7.800000000000001,0.0000,0.0000
2009,3,23,19,0,14.3,0,0,0,7.6000000000000005,0.0000,0.0000
2009,3,23,19,30,13.100000000000001,0,0,0,7.2,0.0000,0.0000
2009,3,23,20,0,11.9,0,0,0,6.800000000000001,0.0000,0.0000
2009,3,23,20,30,10.8,0,0,0,6.7,0.0000,0.0000
2009,3,23,21,0,9.700000000000001,0,0,0,6.6000000000000005,0.0000,0.0000
2009,3,23,21,30,8.700000000000001,0,0,0,6.300000000000001,0.0000,0.0000
2009,3,23,22,0,7.6000000000000005,0,0,0,6,0.0000,0.0000
2009,3,23,22,30,6.6000000000000005,0,0,0,5.7,0.0000,0.0000
2009,3,23,23,0,5.5,0,0,0,5.4,0.0000,0.0000
2009,3,23,23,30,4.7,0,0,0,5.1000000000000005,0.0000,0.0000
2009,3,24,0,0,3.8000000000000003,0,0,0,4.7,0.0000,0.0000
2009,3,24,0,30,3.2,0,0,0,4.3,0.0000,0.0000
2009,3,24,1,0,2.6,0,0,0,4,0.0000,0.0000
2009,3,24,1,30,2.2,0,0,0,3.9000000000000004,0.0000,0.0000
2009,3,24,2,0,1.7000000000000002,0,0,0,3.9000000000000004,0.0000,0.0000
2009,3,24,2,30,1.3,0,0,0,4,0.0000,0.0000
2009,3,24,3,0,0.9,0,0,0,4.1000000000000005,0.0000,0.0000
2009,3,24,3,30,0.5,0,0,0,4.2,0.0000,0.0000
2009,3,24,4,0,0.1,0,0,0,4.4,0.0000,0.0000
2009,3,24,4,30,-0.30000000000000004,0,0,0,4.2,0.0000,0.0000
2009,3,24,5,0,-0.6000000000000001,0,0,0,4,0.0000,0.0000
2009,3,24,5,30,-0.9,0,0,0,3.9000000000000004,0.0000,0.0000
2009,3,24,6,0,-1.1,0,0,0,3.9000000000000004,0.0000,0.0000
2009,3,24,6,30,-0.5,0,0,0,4.4,0.0000,0.0000
2009,3,24,7,0,0.2,33,400,75,4.9,0.0000,0.0000
2009,3,24,7,30,1.2000000000000002,49,591,168,5.4,8.0267,6.1307
2009,3,24,8,0,2.3000000000000003,61,707,269,5.9,13.4083,10.3409
2009,3,24,8,30,3.1,70,785,370,6.1000000000000005,19.3488,15.0255
2009,3,24,9,0,4,75,846,468,6.300000000000001,25.4279,19.8315
2009,3,24,9,30,4.7,321,117,384,6.5,21.4741,16.7941
2009,3,24,10,0,5.300000000000001,356,104,419,6.800000000000001,23.9376,18.7550
2009,3,24,10,30,5.6000000000000005,361,75,410,7.1000000000000005,23.7926,18.6643
2009,3,24,11,0,5.9,287,2,288,7.300000000000001,16.9015,13.2695
2009,3,24,11,30,5.800000000000001,333,5,336,7.4,19.8685,15.6074
2009,3,24,12,0,5.800000000000001,419,70,472,7.5,28.0360,22.0302
2009,3,24,12,30,5.800000000000001,219,0,219,7.6000000000000005,13.0300,10.2399
2009,3,24,13,0,5.9,345,5,349,7.800000000000001,20.7440,16.3010
2009,3,24,13,30,5.800000000000001,175,0,175,8,10.3626,8.1410
2009,3,24,14,0,5.6000000000000005,188,0,188,8.200000000000001,11.0576,8.6829
2009,3,24,14,30,5.300000000000001,119,0,119,8.3,6.9282,5.4362
2009,3,24,15,0,4.9,188,0,188,8.4,10.7884,8.4557
2009,3,24,15,30,4.5,117,0,117,8.4,6.5829,5.1510
2009,3,24,16,0,4.1000000000000005,94,0,94,8.3,5.1494,4.0194
2009,3,24,16,30,3.7,73,0,73,8.1,3.8590,3.0006
2009,3,24,17,0,3.2,35,0,35,7.9,1.7675,1.3660
2009,3,24,17,30,2.6,33,0,33,7.5,1.5890,1.2168
2009,3,24,18,0,1.9000000000000001,21,0,21,7.2,0.0000,0.0000
2009,3,24,18,30,1.4000000000000001,6,0,6,7,0.0000,0.0000
2009,3,24,19,0,0.9,0,0,0,6.9,0.0000,0.0000
2009,3,24,19,30,0.5,0,0,0,7,0.0000,0.0000
2009,3,24,20,0,0.1,0,0,0,7,0.0000,0.0000
2009,3,24,20,30,-0.30000000000000004,0,0,0,7,0.0000,0.0000
2009,3,24,21,0,-0.6000000000000001,0,0,0,7.1000000000000005,0.0000,0.0000
2009,3,24,21,30,-1,0,0,0,7.1000000000000005,0.0000,0.0000
2009,3,24,22,0,-1.3,0,0,0,7.1000000000000005,0.0000,0.0000
2009,3,24,22,30,-1.6,0,0,0,7,0.0000,0.0000
2009,3,24,23,0,-1.8,0,0,0,6.9,0.0000,0.0000
2009,3,24,23,30,-2,0,0,0,6.7,0.0000,0.0000
2009,3,25,0,0,-2.2,0,0,0,6.5,0.0000,0.0000
2009,3,25,0,30,-2.4000000000000004,0,0,0,6.2,0.0000,0.0000
2009,3,25,1,0,-2.6,0,0,0,5.9,0.0000,0.0000
2009,3,25,1,30,-2.9000000000000004,0,0,0,5.6000000000000005,0.0000,0.0000
2009,3,25,2,0,-3.1,0,0,0,5.2,0.0000,0.0000
2009,3,25,2,30,-3.3000000000000003,0,0,0,4.800000000000001,0.0000,0.0000
2009,3,25,3,0,-3.5,0,0,0,4.4,0.0000,0.0000
2009,3,25,3,30,-3.6,0,0,0,4.3,0.0000,0.0000
2009,3,25,4,0,-3.7,0,0,0,4.2,0.0000,0.0000
2009,3,25,4,30,-3.7,0,0,0,4.2,0.0000,0.0000
2009,3,25,5,0,-3.8000000000000003,0,0,0,4.3,0.0000,0.0000
2009,3,25,5,30,-3.8000000000000003,0,0,0,4.3,0.0000,0.0000
2009,3,25,6,0,-3.7,0,0,0,4.4,0.0000,0.0000
2009,3,25,6,30,-2.9000000000000004,11,128,14,4.800000000000001,0.0000,0.0000
2009,3,25,7,0,-2.1,33,453,83,5.300000000000001,0.0000,0.0000
2009,3,25,7,30,-0.9,118,42,127,5.9,6.0761,4.6434
2009,3,25,8,0,0.30000000000000004,58,752,283,6.5,14.1496,10.9182
2009,3,25,8,30,1.4000000000000001,66,826,386,6.6000000000000005,20.2400,15.7229
2009,3,25,9,0,2.5,72,879,484,6.7,26.3555,20.5595
2009,3,25,9,30,3.7,77,923,579,6.6000000000000005,32.4372,25.3720
2009,3,25,10,0,4.9,81,952,660,6.6000000000000005,37.7624,29.5902
2009,3,25,10,30,6,84,972,730,6.5,42.4178,33.2782
2009,3,25,11,0,7.2,85,988,786,6.5,46.1797,36.2593
2009,3,25,11,30,8.200000000000001,87,998,827,6.5,48.9533,38.4574
2009,3,25,12,0,9.200000000000001,202,785,800,6.5,47.5643,37.3776
2009,3,25,12,30,10,95,987,855,6.4,50.9178,40.0174
2009,3,25,13,0,10.700000000000001,96,978,844,6.300000000000001,50.2112,39.4593
2009,3,25,13,30,11.100000000000001,95,967,818,6.1000000000000005,48.4823,38.0908
2009,3,25,14,0,11.5,96,952,779,5.9,45.8616,36.0147
2009,3,25,14,30,11.600000000000001,93,938,727,5.5,42.3678,33.2464
2009,3,25,15,0,11.600000000000001,96,900,657,5.1000000000000005,37.7438,29.5852
2009,3,25,15,30,11.5,91,872,579,4.5,32.6168,25.5248
2009,3,25,16,0,11.3,213,388,402,3.9000000000000004,22.0543,17.2170
2009,3,25,16,30,10.3,201,255,305,2.8000000000000003,16.1519,12.5619
2009,3,25,17,0,9.3,153,8,155,1.7000000000000002,7.8425,6.0628
2009,3,25,17,30,8,23,0,23,1.7000000000000002,1.1091,0.8496
2009,3,25,18,0,6.7,36,1,36,1.6,0.0000,0.0000
2009,3,25,18,30,6.2,11,0,11,2,0.0000,0.0000
2009,3,25,19,0,5.7,0,0,0,2.4000000000000004,0.0000,0.0000
2009,3,25,19,30,5.2,0,0,0,2.6,0.0000,0.0000
2009,3,25,20,0,4.800000000000001,0,0,0,2.7,0.0000,0.0000
2009,3,25,20,30,4.4,0,0,0,2.7,0.0000,0.0000
2009,3,25,21,0,4.1000000000000005,0,0,0,2.7,0.0000,0.0000
2009,3,25,21,30,3.8000000000000003,0,0,0,2.6,0.0000,0.0000
2009,3,25,22,0,3.5,0,0,0,2.4000000000000004,0.0000,0.0000
2009,3,25,22,30,3.3000000000000003,0,0,0,2.3000000000000003,0.0000,0.0000
2009,3,25,23,0,3.1,0,0,0,2.1,0.0000,0.0000
2009,3,25,23,30,2.8000000000000003,0,0,0,1.9000000000000001,0.0000,0.0000
2009,3,26,0,0,2.5,0,0,0,1.7000000000000002,0.0000,0.0000
2009,3,26,0,30,2.2,0,0,0,1.4000000000000001,0.0000,0.0000
2009,3,26,1,0,1.9000000000000001,0,0,0,1.2000000000000002,0.0000,0.0000
2009,3,26,1,30,1.6,0,0,0,1.2000000000000002,0.0000,0.0000
2009,3,26,2,0,1.4000000000000001,0,0,0,1.1,0.0000,0.0000
2009,3,26,2,30,1.2000000000000002,0,0,0,1.3,0.0000,0.0000
2009,3,26,3,0,1,0,0,0,1.4000000000000001,0.0000,0.0000
2009,3,26,3,30,0.6000000000000001,0,0,0,1.8,0.0000,0.0000
2009,3,26,4,0,0.2,0,0,0,2.2,0.0000,0.0000
2009,3,26,4,30,-0.30000000000000004,0,0,0,2.5,0.0000,0.0000
2009,3,26,5,0,-0.8,0,0,0,2.8000000000000003,0.0000,0.0000
2009,3,26,5,30,-1.1,0,0,0,3.1,0.0000,0.0000
2009,3,26,6,0,-1.3,0,0,0,3.5,0.0000,0.0000
2009,3,26,6,30,-0.9,2,0,2,4.1000000000000005,0.0000,0.0000
2009,3,26,7,0,-0.5,30,0,30,4.7,0.0000,0.0000
2009,3,26,7,30,0.2,40,1,40,5,1.9168,1.4657
2009,3,26,8,0,0.9,145,8,147,5.4,7.3718,5.6910
2009,3,26,8,30,1.5,46,0,46,5.5,2.4185,1.8793
2009,3,26,9,0,2,54,0,54,5.6000000000000005,2.9469,2.2993
2009,3,26,9,30,2.4000000000000004,61,0,61,5.6000000000000005,3.4235,2.6782
2009,3,26,10,0,2.8000000000000003,90,0,90,5.6000000000000005,5.1570,4.0414
2009,3,26,10,30,3.1,119,0,119,5.5,6.9236,5.4323
2009,3,26,11,0,3.4000000000000004,294,2,295,5.300000000000001,17.3516,13.6252
2009,3,26,11,30,3.6,429,104,506,5.2,29.9819,23.5553
2009,3,26,12,0,3.8000000000000003,235,0,235,5,13.9852,10.9908
2009,3,26,12,30,3.8000000000000003,341,2,343,5,20.4449,16.0691
2009,3,26,13,0,3.9000000000000004,204,0,204,4.9,12.1471,9.5466
2009,3,26,13,30,3.9000000000000004,361,60,406,5,24.0850,18.9239
2009,3,26,14,0,4,230,0,231,5,13.6121,10.6902
2009,3,26,14,30,4.1000000000000005,248,1,249,5.2,14.5258,11.3993
2009,3,26,15,0,4.2,231,1,231,5.4,13.2852,10.4144
2009,3,26,15,30,4.1000000000000005,345,121,413,5.6000000000000005,23.2946,18.2316
2009,3,26,16,0,4,96,808,493,5.9,27.0861,21.1481
2009,3,26,16,30,3.5,88,754,398,6,21.1125,16.4232
2009,3,26,17,0,2.9000000000000004,74,700,301,6.1000000000000005,15.2604,11.8010
2009,3,26,17,30,1.8,61,594,199,5.5,9.6107,7.3652
2009,3,26,18,0,0.6000000000000001,76,52,83,4.9,0.0000,0.0000
2009,3,26,18,30,-0.4,20,2,20,4.4,0.0000,0.0000
2009,3,26,19,0,-1.4000000000000001,0,0,0,3.9000000000000004,0.0000,0.0000
2009,3,26,19,30,-2.1,0,0,0,3.5,0.0000,0.0000
2009,3,26,20,0,-2.9000000000000004,0,0,0,3,0.0000,0.0000
2009,3,26,20,30,-3.4000000000000004,0,0,0,3.1,0.0000,0.0000
2009,3,26,21,0,-3.9000000000000004,0,0,0,3.2,0.0000,0.0000
2009,3,26,21,30,-4.3,0,0,0,3.5,0.0000,0.0000
2009,3,26,22,0,-4.6000000000000005,0,0,0,3.8000000000000003,0.0000,0.0000
2009,3,26,22,30,-5,0,0,0,3.9000000000000004,0.0000,0.0000
2009,3,26,23,0,-5.300000000000001,0,0,0,4,0.0000,0.0000
2009,3,26,23,30,-5.7,0,0,0,4.2,0.0000,0.0000
2009,3,27,0,0,-6,0,0,0,4.3,0.0000,0.0000
2009,3,27,0,30,-6.2,0,0,0,4.4,0.0000,0.0000
2009,3,27,1,0,-6.5,0,0,0,4.6000000000000005,0.0000,0.0000
2009,3,27,1,30,-6.7,0,0,0,4.9,0.0000,0.0000
2009,3,27,2,0,-7,0,0,0,5.1000000000000005,0.0000,0.0000
2009,3,27,2,30,-7.2,0,0,0,5.300000000000001,0.0000,0.0000
2009,3,27,3,0,-7.300000000000001,0,0,0,5.5,0.0000,0.0000
2009,3,27,3,30,-7.4,0,0,0,5.6000000000000005,0.0000,0.0000
2009,3,27,4,0,-7.4,0,0,0,5.7,0.0000,0.0000
2009,3,27,4,30,-7.300000000000001,0,0,0,5.7,0.0000,0.0000
2009,3,27,5,0,-7.2,0,0,0,5.6000000000000005,0.0000,0.0000
2009,3,27,5,30,-7,0,0,0,5.800000000000001,0.0000,0.0000
2009,3,27,6,0,-6.800000000000001,0,0,0,5.9,0.0000,0.0000
2009,3,27,6,30,-6.300000000000001,15,122,18,6.2,0.0000,0.0000
2009,3,27,7,0,-5.800000000000001,39,412,90,6.5,0.0000,0.0000
2009,3,27,7,30,-5,80,0,80,6.5,3.8406,2.9384
2009,3,27,8,0,-4.3,58,0,58,6.5,2.9173,2.2532
2009,3,27,8,30,-3.4000000000000004,39,0,39,6.300000000000001,2.0558,1.5980
2009,3,27,9,0,-2.6,98,0,98,6.1000000000000005,5.3595,4.1827
2009,3,27,9,30,-1.9000000000000001,200,1,200,6,11.2440,8.7977
2009,3,27,10,0,-1.2000000000000002,375,162,476,5.800000000000001,27.3142,21.4081
2009,3,27,10,30,-0.5,322,327,542,5.7,31.5730,24.7748
2009,3,27,11,0,0.2,352,297,566,5.6000000000000005,33.3274,26.1721
2009,3,27,11,30,0.7000000000000001,311,480,671,5.7,39.7986,31.2699
2009,3,27,12,0,1.2000000000000002,468,152,585,5.7,34.8457,27.3864
2009,3,27,12,30,1.6,466,138,574,5.800000000000001,34.2439,26.9163
2009,3,27,13,0,2,421,366,703,5.9,41.8965,32.9290
2009,3,27,13,30,2.2,361,502,740,5.800000000000001,43.9366,34.5236
2009,3,27,14,0,2.4000000000000004,393,360,654,5.6000000000000005,38.5732,30.2952
2009,3,27,14,30,2.1,392,278,582,5.300000000000001,33.9845,26.6718
2009,3,27,15,0,1.9000000000000001,125,840,655,5,37.7107,29.5643
2009,3,27,15,30,1.3,119,808,577,5,32.5851,25.5055
2009,3,27,16,0,0.7000000000000001,185,590,477,5,26.2447,20.4941
2009,3,27,16,30,0.2,176,418,350,4.4,18.5988,14.4706
2009,3,27,17,0,-0.30000000000000004,170,232,246,3.8000000000000003,12.4971,9.6670
2009,3,27,17,30,-1,129,48,140,3,6.7720,5.1917
2009,3,27,18,0,-1.7000000000000002,58,6,59,2.2,0.0000,0.0000
2009,3,27,18,30,-1.9000000000000001,17,0,17,2,0.0000,0.0000
2009,3,27,19,0,-2.2,0,0,0,1.8,0.0000,0.0000
2009,3,27,19,30,-2.3000000000000003,0,0,0,2,0.0000,0.0000
2009,3,27,20,0,-2.3000000000000003,0,0,0,2.2,0.0000,0.0000
2009,3,27,20,30,-2.5,0,0,0,2.4000000000000004,0.0000,0.0000
2009,3,27,21,0,-2.6,0,0,0,2.6,0.0000,0.0000
2009,3,27,21,30,-2.8000000000000003,0,0,0,2.7,0.0000,0.0000
2009,3,27,22,0,-3.1,0,0,0,2.7,0.0000,0.0000
2009,3,27,22,30,-3.5,0,0,0,2.5,0.0000,0.0000
2009,3,27,23,0,-4,0,0,0,2.3000000000000003,0.0000,0.0000
2009,3,27,23,30,-4.3,0,0,0,2.3000000000000003,0.0000,0.0000
2009,3,28,0,0,-4.6000000000000005,0,0,0,2.3000000000000003,0.0000,0.0000
2009,3,28,0,30,-4.7,0,0,0,2.5,0.0000,0.0000
2009,3,28,1,0,-4.9,0,0,0,2.6,0.0000,0.0000
2009,3,28,1,30,-5,0,0,0,2.5,0.0000,0.0000
2009,3,28,2,0,-5.2,0,0,0,2.4000000000000004,0.0000,0.0000
2009,3,28,2,30,-5.4,0,0,0,2.3000000000000003,0.0000,0.0000
2009,3,28,3,0,-5.6000000000000005,0,0,0,2.2,0.0000,0.0000
2009,3,28,3,30,-5.6000000000000005,0,0,0,2.4000000000000004,0.0000,0.0000
2009,3,28,4,0,-5.7,0,0,0,2.6,0.0000,0.0000
2009,3,28,4,30,-5.800000000000001,0,0,0,2.8000000000000003,0.0000,0.0000
2009,3,28,5,0,-5.9,0,0,0,3.1,0.0000,0.0000
2009,3,28,5,30,-5.9,0,0,0,3.4000000000000004,0.0000,0.0000
2009,3,28,6,0,-5.9,0,0,0,3.7,0.0000,0.0000
2009,3,28,6,30,-5.2,9,0,9,4.2,0.0000,0.0000
2009,3,28,7,0,-4.6000000000000005,48,5,49,4.7,0.0000,0.0000
2009,3,28,7,30,-3.8000000000000003,55,2,56,4.800000000000001,2.6938,2.0622
2009,3,28,8,0,-2.9000000000000004,155,55,172,5,8.6769,6.7049
2009,3,28,8,30,-2,125,0,125,5.1000000000000005,6.6063,5.1367
2009,3,28,9,0,-1.1,181,1,182,5.1000000000000005,9.9744,7.7859
2009,3,28,9,30,-0.2,291,26,305,5.1000000000000005,17.1765,13.4415
2009,3,28,10,0,0.6000000000000001,387,128,467,5,26.8359,21.0356
2009,3,28,10,30,1.5,413,231,570,5,33.2442,26.0885
2009,3,28,11,0,2.3000000000000003,423,303,642,4.9,37.8436,29.7209
2009,3,28,11,30,3,107,970,839,5,49.8109,39.1392
2009,3,28,12,0,3.8000000000000003,103,984,866,5.1000000000000005,51.6306,40.5807
2009,3,28,12,30,4.4,103,987,876,5.300000000000001,52.3058,41.1156
2009,3,28,13,0,5,100,990,870,5.4,51.8924,40.7877
2009,3,28,13,30,5.300000000000001,99,985,848,5.6000000000000005,50.3929,39.5990
2009,3,28,14,0,5.6000000000000005,96,978,810,5.800000000000001,47.8170,37.5576
2009,3,28,14,30,5.6000000000000005,93,965,757,5.9,44.2451,34.7271
2009,3,28,15,0,5.6000000000000005,89,949,690,6,39.7666,31.1786
2009,3,28,15,30,5.300000000000001,84,923,611,5.800000000000001,34.5457,27.0429
2009,3,28,16,0,5.1000000000000005,78,884,518,5.6000000000000005,28.5411,22.2904
2009,3,28,16,30,4.2,71,836,421,4.7,22.4088,17.4383
2009,3,28,17,0,3.4000000000000004,63,773,319,3.9000000000000004,16.2367,12.5633
2009,3,28,17,30,1.2000000000000002,53,676,215,3,10.4159,7.9883
2009,3,28,18,0,-1,80,35,85,2.1,0.0000,0.0000
2009,3,28,18,30,-1.7000000000000002,22,1,22,2,0.0000,0.0000
2009,3,28,19,0,-2.4000000000000004,0,0,0,2,0.0000,0.0000
2009,3,28,19,30,-2.6,0,0,0,1.9000000000000001,0.0000,0.0000
2009,3,28,20,0,-2.8000000000000003,0,0,0,1.9000000000000001,0.0000,0.0000
2009,3,28,20,30,-3,0,0,0,1.8,0.0000,0.0000
2009,3,28,21,0,-3.2,0,0,0,1.7000000000000002,0.0000,0.0000
2009,3,28,21,30,-3.4000000000000004,0,0,0,1.6,0.0000,0.0000
2009,3,28,22,0,-3.5,0,0,0,1.5,0.0000,0.0000
2009,3,28,22,30,-3.6,0,0,0,1.4000000000000001,0.0000,0.0000
2009,3,28,23,0,-3.7,0,0,0,1.3,0.0000,0.0000
2009,3,28,23,30,-3.8000000000000003,0,0,0,1.2000000000000002,0.0000,0.0000
2009,3,29,0,0,-3.8000000000000003,0,0,0,1.1,0.0000,0.0000
2009,3,29,0,30,-3.8000000000000003,0,0,0,1.1,0.0000,0.0000
2009,3,29,1,0,-3.8000000000000003,0,0,0,1,0.0000,0.0000
2009,3,29,1,30,-3.8000000000000003,0,0,0,1,0.0000,0.0000
2009,3,29,2,0,-3.8000000000000003,0,0,0,0.9,0.0000,0.0000
2009,3,29,2,30,-3.9000000000000004,0,0,0,0.9,0.0000,0.0000
2009,3,29,3,0,-4.1000000000000005,0,0,0,1,0.0000,0.0000
2009,3,29,3,30,-4.1000000000000005,0,0,0,1,0.0000,0.0000
2009,3,29,4,0,-4.2,0,0,0,1,0.0000,0.0000
2009,3,29,4,30,-4.2,0,0,0,1,0.0000,0.0000
2009,3,29,5,0,-4.2,0,0,0,1,0.0000,0.0000
2009,3,29,5,30,-3.9000000000000004,0,0,0,0.9,0.0000,0.0000
2009,3,29,6,0,-3.6,0,0,0,0.8,0.0000,0.0000
2009,3,29,6,30,-2.6,17,223,25,0.8,0.0000,0.0000
2009,3,29,7,0,-1.7000000000000002,36,507,104,0.7000000000000001,0.0000,0.0000
2009,3,29,7,30,0.1,50,670,204,0.6000000000000001,9.8338,7.5325
2009,3,29,8,0,1.8,61,771,308,0.5,15.5838,12.0474
2009,3,29,8,30,3.2,69,839,412,0.9,21.8284,16.9776
2009,3,29,9,0,4.6000000000000005,76,885,509,1.2000000000000002,27.9516,21.8229
2009,3,29,9,30,5.6000000000000005,81,920,600,1.4000000000000001,33.8453,26.4893
2009,3,29,10,0,6.5,87,944,680,1.5,39.1305,30.6762
2009,3,29,10,30,7.300000000000001,90,957,744,1.8,43.4440,34.0959
2009,3,29,11,0,8,95,966,798,2.1,47.0882,36.9840
2009,3,29,11,30,8.6,97,976,839,2.6,49.8592,39.1798
2009,3,29,12,0,9.3,100,973,859,3,51.2591,40.2911
2009,3,29,12,30,9.8,100,975,868,3.4000000000000004,51.8721,40.7769
2009,3,29,13,0,10.3,105,960,855,3.7,51.0407,40.1205
2009,3,29,13,30,10.600000000000001,104,954,833,4.1000000000000005,49.5428,38.9333
2009,3,29,14,0,10.9,103,939,791,4.4,46.7354,36.7103
2009,3,29,14,30,11,99,924,738,4.6000000000000005,43.1737,33.8884
2009,3,29,15,0,11.100000000000001,93,905,670,4.9,38.6546,30.3093
2009,3,29,15,30,10.9,88,878,593,5,33.5669,26.2793
2009,3,29,16,0,10.700000000000001,82,839,504,5.1000000000000005,27.8072,21.7200
2009,3,29,16,30,9.8,149,607,405,4.7,21.5925,16.8062
2009,3,29,17,0,8.9,150,318,257,4.3,13.1060,10.1436
2009,3,29,17,30,7.1000000000000005,108,293,179,4.1000000000000005,8.6863,6.6644
2009,3,29,18,0,5.2,70,19,73,3.8000000000000003,0.0000,0.0000
2009,3,29,18,30,4.800000000000001,23,2,23,4.4,0.0000,0.0000
2009,3,29,19,0,4.3,0,0,0,4.9,0.0000,0.0000
2009,3,29,19,30,3.8000000000000003,0,0,0,5.1000000000000005,0.0000,0.0000
2009,3,29,20,0,3.4000000000000004,0,0,0,5.300000000000001,0.0000,0.0000
2009,3,29,20,30,2.9000000000000004,0,0,0,5.4,0.0000,0.0000
2009,3,29,21,0,2.4000000000000004,0,0,0,5.4,0.0000,0.0000
2009,3,29,21,30,1.9000000000000001,0,0,0,5.5,0.0000,0.0000
2009,3,29,22,0,1.5,0,0,0,5.5,0.0000,0.0000
2009,3,29,22,30,1.2000000000000002,0,0,0,5.5,0.0000,0.0000
2009,3,29,23,0,0.8,0,0,0,5.6000000000000005,0.0000,0.0000
2009,3,29,23,30,0.5,0,0,0,5.7,0.0000,0.0000
2009,3,30,0,0,0.2,0,0,0,5.800000000000001,0.0000,0.0000
2009,3,30,0,30,0,0,0,0,5.9,0.0000,0.0000
2009,3,30,1,0,-0.2,0,0,0,6.1000000000000005,0.0000,0.0000
2009,3,30,1,30,-0.5,0,0,0,6.300000000000001,0.0000,0.0000
2009,3,30,2,0,-0.7000000000000001,0,0,0,6.5,0.0000,0.0000
2009,3,30,2,30,-0.7000000000000001,0,0,0,6.6000000000000005,0.0000,0.0000
2009,3,30,3,0,-0.7000000000000001,0,0,0,6.7,0.0000,0.0000
2009,3,30,3,30,-0.7000000000000001,0,0,0,6.6000000000000005,0.0000,0.0000
2009,3,30,4,0,-0.6000000000000001,0,0,0,6.6000000000000005,0.0000,0.0000
2009,3,30,4,30,-0.6000000000000001,0,0,0,6.4,0.0000,0.0000
2009,3,30,5,0,-0.6000000000000001,0,0,0,6.300000000000001,0.0000,0.0000
2009,3,30,5,30,-0.4,0,0,0,6.4,0.0000,0.0000
2009,3,30,6,0,-0.1,0,0,0,6.5,0.0000,0.0000
2009,3,30,6,30,0.8,13,0,13,7.1000000000000005,0.0000,0.0000
2009,3,30,7,0,1.8,45,377,98,7.7,0.0000,0.0000
2009,3,30,7,30,3.3000000000000003,64,545,192,8,9.2761,7.1094
2009,3,30,8,0,4.800000000000001,184,143,231,8.4,11.7222,9.0661
2009,3,30,8,30,6.6000000000000005,86,739,392,8.5,20.8212,16.1989
2009,3,30,9,0,8.4,92,802,489,8.6,26.9066,21.0110
2009,3,30,9,30,9.700000000000001,98,842,577,8.4,32.6020,25.5199
2009,3,30,10,0,11,102,874,655,8.1,37.7437,29.5923
2009,3,30,10,30,12.100000000000001,106,896,722,7.800000000000001,42.2087,33.1293
2009,3,30,11,0,13.200000000000001,109,907,773,7.5,45.6597,35.8647
2009,3,30,11,30,14.100000000000001,112,918,813,7.4,48.3590,38.0033
2009,3,30,12,0,15,466,179,606,7.2,36.1929,28.4503
2009,3,30,12,30,15.700000000000001,467,156,590,7.1000000000000005,35.2880,27.7417
2009,3,30,13,0,16.5,312,1,313,7,18.7002,14.7001
2009,3,30,13,30,16.900000000000002,391,34,418,7,24.8810,19.5539
2009,3,30,14,0,17.400000000000002,96,0,96,7,5.6769,4.4594
2009,3,30,14,30,17.5,366,48,399,6.9,23.3635,18.3400
2009,3,30,15,0,17.6,234,1,235,6.9,13.5715,10.6424
2009,3,30,15,30,17.3,165,0,165,6.6000000000000005,9.3506,7.3212
2009,3,30,16,0,16.900000000000002,80,0,80,6.300000000000001,4.4197,3.4527
2009,3,30,16,30,16,110,0,110,5.7,5.8742,4.5729
2009,3,30,17,0,15.100000000000001,157,7,159,5.2,8.1237,6.2892
2009,3,30,17,30,13.700000000000001,138,34,146,4.7,7.0965,5.4466
2009,3,30,18,0,12.200000000000001,40,1,40,4.1000000000000005,0.0000,0.0000
2009,3,30,18,30,10.9,15,0,15,3.9000000000000004,0.0000,0.0000
2009,3,30,19,0,9.600000000000001,0,0,0,3.7,0.0000,0.0000
2009,3,30,19,30,8.6,0,0,0,3.4000000000000004,0.0000,0.0000
2009,3,30,20,0,7.6000000000000005,0,0,0,3.2,0.0000,0.0000
2009,3,30,20,30,6.7,0,0,0,3,0.0000,0.0000
2009,3,30,21,0,5.800000000000001,0,0,0,2.8000000000000003,0.0000,0.0000
2009,3,30,21,30,5.300000000000001,0,0,0,3,0.0000,0.0000
2009,3,30,22,0,4.7,0,0,0,3.3000000000000003,0.0000,0.0000
2009,3,30,22,30,4.5,0,0,0,3.8000000000000003,0.0000,0.0000
2009,3,30,23,0,4.2,0,0,0,4.2,0.0000,0.0000
2009,3,30,23,30,3.7,0,0,0,4.3,0.0000,0.0000
2009,3,31,0,0,3.3000000000000003,0,0,0,4.4,0.0000,0.0000
2009,3,31,0,30,2.6,0,0,0,4.2,0.0000,0.0000
2009,3,31,1,0,1.9000000000000001,0,0,0,3.9000000000000004,0.0000,0.0000
2009,3,31,1,30,1.1,0,0,0,3.8000000000000003,0.0000,0.0000
2009,3,31,2,0,0.30000000000000004,0,0,0,3.6,0.0000,0.0000
2009,3,31,2,30,0,0,0,0,3.7,0.0000,0.0000
2009,3,31,3,0,-0.4,0,0,0,3.7,0.0000,0.0000
2009,3,31,3,30,-0.6000000000000001,0,0,0,3.7,0.0000,0.0000
2009,3,31,4,0,-0.7000000000000001,0,0,0,3.7,0.0000,0.0000
2009,3,31,4,30,-0.9,0,0,0,3.8000000000000003,0.0000,0.0000
2009,3,31,5,0,-1,0,0,0,3.8000000000000003,0.0000,0.0000
2009,3,31,5,30,-1,0,0,0,3.9000000000000004,0.0000,0.0000
2009,3,31,6,0,-1,0,0,0,4,0.0000,0.0000
2009,3,31,6,30,-0.5,7,0,7,4.3,0.0000,0.0000
2009,3,31,7,0,-0.1,22,0,22,4.7,0.0000,0.0000
2009,3,31,7,30,0.5,40,0,40,5.4,1.9372,1.4856
2009,3,31,8,0,1.1,25,0,25,6.1000000000000005,1.2724,0.9845
2009,3,31,8,30,1.4000000000000001,64,0,64,7.1000000000000005,3.4076,2.6518
2009,3,31,9,0,1.8,135,4,137,8.1,7.5534,5.8995
2009,3,31,9,30,2.1,73,0,73,8.9,4.1312,3.2342
2009,3,31,10,0,2.4000000000000004,77,0,77,9.700000000000001,4.4429,3.4837
2009,3,31,10,30,2.6,290,18,302,10.200000000000001,17.6755,13.8745
2009,3,31,11,0,2.8000000000000003,349,42,380,10.600000000000001,22.4691,17.6502
2009,3,31,11,30,2.9000000000000004,197,0,197,10.9,11.7287,9.2177
2009,3,31,12,0,3,257,0,257,11.100000000000001,15.3624,12.0767
2009,3,31,12,30,2.8000000000000003,127,0,127,11.100000000000001,7.6021,5.9767
2009,3,31,13,0,2.5,222,0,222,11.100000000000001,13.2739,10.4351
2009,3,31,13,30,2.4000000000000004,197,2,199,10.9,11.8546,9.3170
2009,3,31,14,0,2.2,334,32,357,10.700000000000001,21.1284,16.5981
2009,3,31,14,30,2.4000000000000004,323,128,413,10.600000000000001,24.2046,19.0014
2009,3,31,15,0,2.6,147,0,147,10.4,8.4978,6.6642
2009,3,31,15,30,2.6,301,30,319,10.200000000000001,18.0983,14.1718
2009,3,31,16,0,2.6,307,104,360,10,19.9162,15.5603
2009,3,31,16,30,2.3000000000000003,147,1,148,9.600000000000001,7.9161,6.1636
2009,3,31,17,0,2.1,79,0,79,9.200000000000001,4.0439,3.1316
2009,3,31,17,30,1.6,80,1,80,8.6,3.8949,2.9905
2009,3,31,18,0,1.1,25,0,25,8.1,0.0000,0.0000
2009,3,31,18,30,0.6000000000000001,10,0,10,7.7,0.0000,0.0000
2009,3,31,19,0,0.2,0,0,0,7.4,0.0000,0.0000
2009,3,31,19,30,-0.1,0,0,0,7.300000000000001,0.0000,0.0000
2009,3,31,20,0,-0.4,0,0,0,7.1000000000000005,0.0000,0.0000
2009,3,31,20,30,-0.7000000000000001,0,0,0,6.9,0.0000,0.0000
2009,3,31,21,0,-1,0,0,0,6.800000000000001,0.0000,0.0000
2009,3,31,21,30,-1.4000000000000001,0,0,0,6.5,0.0000,0.0000
2009,3,31,22,0,-1.7000000000000002,0,0,0,6.2,0.0000,0.0000
2009,3,31,22,30,-2.1,0,0,0,5.800000000000001,0.0000,0.0000
2009,3,31,23,0,-2.5,0,0,0,5.4,0.0000,0.0000
2009,3,31,23,30,-2.9000000000000004,0,0,0,5,0.0000,0.0000
2009,4,1,0,0,-3.3000000000000003,0,0,0,4.6000000000000005,0.0000,0.0000
2009,4,1,0,30,-3.6,0,0,0,4.4,0.0000,0.0000
2009,4,1,1,0,-3.8000000000000003,0,0,0,4.3,0.0000,0.0000
2009,4,1,1,30,-4,0,0,0,4.1000000000000005,0.0000,0.0000
2009,4,1,2,0,-4.1000000000000005,0,0,0,3.9000000000000004,0.0000,0.0000
2009,4,1,2,30,-4.3,0,0,0,3.8000000000000003,0.0000,0.0000
2009,4,1,3,0,-4.4,0,0,0,3.6,0.0000,0.0000
2009,4,1,3,30,-4.5,0,0,0,3.5,0.0000,0.0000
2009,4,1,4,0,-4.6000000000000005,0,0,0,3.4000000000000004,0.0000,0.0000
2009,4,1,4,30,-4.6000000000000005,0,0,0,3.3000000000000003,0.0000,0.0000
2009,4,1,5,0,-4.7,0,0,0,3.2,0.0000,0.0000
2009,4,1,5,30,-4.5,0,0,0,3.3000000000000003,0.0000,0.0000
2009,4,1,6,0,-4.2,0,0,0,3.4000000000000004,0.0000,0.0000
2009,4,1,6,30,-3.2,21,252,35,3.6,0.0000,0.0000
2009,4,1,7,0,-2.2,42,504,118,3.8000000000000003,0.0000,0.0000
2009,4,1,7,30,-0.4,57,650,216,3.7,10.4869,8.0468
2009,4,1,8,0,1.4000000000000001,69,743,319,3.6,16.2824,12.6037
2009,4,1,8,30,3,77,805,418,3.7,22.3087,17.3656
2009,4,1,9,0,4.5,86,849,515,3.9000000000000004,28.4488,22.2236
2009,4,1,9,30,5.5,92,885,604,3.8000000000000003,34.2351,26.8054
2009,4,1,10,0,6.4,99,909,683,3.7,39.4615,30.9455
2009,4,1,10,30,7.300000000000001,102,924,747,3.6,43.7699,34.3604
2009,4,1,11,0,8.1,107,936,800,3.5,47.3502,37.1978
2009,4,1,11,30,8.8,109,946,840,3.4000000000000004,50.0555,39.3414
2009,4,1,12,0,9.5,117,940,862,3.3000000000000003,51.5694,40.5420
2009,4,1,12,30,9.9,365,549,804,3,48.1654,37.8693
2009,4,1,13,0,10.4,118,938,863,2.7,51.6412,40.5990
2009,4,1,13,30,10.600000000000001,116,928,836,2.5,49.8409,39.1739
2009,4,1,14,0,10.8,305,478,661,2.4000000000000004,39.1522,30.7591
2009,4,1,14,30,10.8,113,899,744,2.4000000000000004,43.6427,34.2633
2009,4,1,15,0,10.700000000000001,115,865,676,2.5,39.1153,30.6775
2009,4,1,15,30,10.200000000000001,109,836,598,2.6,33.9653,26.5988
2009,4,1,16,0,9.700000000000001,104,793,510,2.8000000000000003,28.2514,22.0753
2009,4,1,16,30,8.9,95,740,415,2.8000000000000003,22.2327,17.3137
2009,4,1,17,0,8,85,666,314,2.8000000000000003,16.1036,12.4736
2009,4,1,17,30,6.6000000000000005,142,27,149,2.8000000000000003,7.2673,5.5819
2009,4,1,18,0,5.2,84,34,90,2.7,0.0000,0.0000
2009,4,1,18,30,4.4,28,2,28,3.2,0.0000,0.0000
2009,4,1,19,0,3.7,0,0,0,3.6,0.0000,0.0000
2009,4,1,19,30,3,0,0,0,3.9000000000000004,0.0000,0.0000
2009,4,1,20,0,2.3000000000000003,0,0,0,4.2,0.0000,0.0000
2009,4,1,20,30,1.7000000000000002,0,0,0,4.3,0.0000,0.0000
2009,4,1,21,0,1.1,0,0,0,4.5,0.0000,0.0000
2009,4,1,21,30,0.5,0,0,0,4.2,0.0000,0.0000
2009,4,1,22,0,0,0,0,0,3.9000000000000004,0.0000,0.0000
2009,4,1,22,30,-0.5,0,0,0,3.7,0.0000,0.0000
2009,4,1,23,0,-1,0,0,0,3.5,0.0000,0.0000
2009,4,1,23,30,-1.2000000000000002,0,0,0,3.6,0.0000,0.0000
2009,4,2,0,0,-1.5,0,0,0,3.7,0.0000,0.0000
2009,4,2,0,30,-1.7000000000000002,0,0,0,3.6,0.0000,0.0000
2009,4,2,1,0,-1.9000000000000001,0,0,0,3.6,0.0000,0.0000
2009,4,2,1,30,-2.1,0,0,0,3.4000000000000004,0.0000,0.0000
2009,4,2,2,0,-2.3000000000000003,0,0,0,3.3000000000000003,0.0000,0.0000
2009,4,2,2,30,-2.4000000000000004,0,0,0,3.1,0.0000,0.0000
2009,4,2,3,0,-2.5,0,0,0,2.9000000000000004,0.0000,0.0000
2009,4,2,3,30,-2.6,0,0,0,2.9000000000000004,0.0000,0.0000
2009,4,2,4,0,-2.7,0,0,0,2.8000000000000003,0.0000,0.0000
2009,4,2,4,30,-2.7,0,0,0,2.9000000000000004,0.0000,0.0000
2009,4,2,5,0,-2.7,0,0,0,2.9000000000000004,0.0000,0.0000
2009,4,2,5,30,-2.6,0,0,0,3,0.0000,0.0000
2009,4,2,6,0,-2.5,0,0,0,3.2,0.0000,0.0000
2009,4,2,6,30,-2,14,0,14,3.3000000000000003,0.0000,0.0000
2009,4,2,7,0,-1.4000000000000001,38,1,38,3.4000000000000004,0.0000,0.0000
2009,4,2,7,30,-0.30000000000000004,38,0,38,3.4000000000000004,1.8496,1.4201
2009,4,2,8,0,0.8,129,10,132,3.5,6.7564,5.2320
2009,4,2,8,30,2.2,205,38,221,3.9000000000000004,11.8225,9.2053
2009,4,2,9,0,3.6,249,53,276,4.2,15.2752,11.9348
2009,4,2,9,30,4.800000000000001,297,200,413,4.4,23.4451,18.3594
2009,4,2,10,0,6,347,209,482,4.5,27.8839,21.8685
2009,4,2,10,30,7,349,297,557,4.5,32.6733,25.6514
2009,4,2,11,0,8,278,513,661,4.5,39.1602,30.7658
2009,4,2,11,30,8.700000000000001,262,615,741,4.4,44.1950,34.7374
2009,4,2,12,0,9.4,100,987,886,4.4,53.0484,41.7069
2009,4,2,12,30,9.8,100,989,895,4.3,53.6583,42.1902
2009,4,2,13,0,10.3,98,990,888,4.2,53.1780,41.8094
2009,4,2,13,30,10.5,97,985,864,4,51.5495,40.5189
2009,4,2,14,0,10.700000000000001,95,976,826,3.9000000000000004,48.9651,38.4705
2009,4,2,14,30,10.700000000000001,93,963,772,3.8000000000000003,45.3240,35.5855
2009,4,2,15,0,10.600000000000001,90,942,705,3.7,40.8327,32.0268
2009,4,2,15,30,10.4,86,917,626,3.6,35.5935,27.8763
2009,4,2,16,0,10.100000000000001,82,881,536,3.4000000000000004,29.7284,23.2320
2009,4,2,16,30,9.5,75,835,439,2.9000000000000004,23.5539,18.3456
2009,4,2,17,0,8.8,68,765,335,2.4000000000000004,17.2111,13.3347
2009,4,2,17,30,6.7,58,672,231,1.8,11.2861,8.6718
2009,4,2,18,0,4.7,45,512,128,1.2000000000000002,0.0000,0.0000
2009,4,2,18,30,3.5,24,271,43,1.3,0.0000,0.0000
2009,4,2,19,0,2.4000000000000004,0,0,0,1.3,0.0000,0.0000
2009,4,2,19,30,1.8,0,0,0,1.4000000000000001,0.0000,0.0000
2009,4,2,20,0,1.3,0,0,0,1.4000000000000001,0.0000,0.0000
2009,4,2,20,30,0.9,0,0,0,1.4000000000000001,0.0000,0.0000
2009,4,2,21,0,0.5,0,0,0,1.4000000000000001,0.0000,0.0000
2009,4,2,21,30,0.2,0,0,0,1.4000000000000001,0.0000,0.0000
2009,4,2,22,0,-0.2,0,0,0,1.4000000000000001,0.0000,0.0000
2009,4,2,22,30,-0.5,0,0,0,1.4000000000000001,0.0000,0.0000
2009,4,2,23,0,-0.8,0,0,0,1.4000000000000001,0.0000,0.0000
2009,4,2,23,30,-1.1,0,0,0,1.4000000000000001,0.0000,0.0000
2009,4,3,0,0,-1.4000000000000001,0,0,0,1.4000000000000001,0.0000,0.0000
2009,4,3,0,30,-1.7000000000000002,0,0,0,1.4000000000000001,0.0000,0.0000
2009,4,3,1,0,-2,0,0,0,1.4000000000000001,0.0000,0.0000
2009,4,3,1,30,-2.2,0,0,0,1.4000000000000001,0.0000,0.0000
2009,4,3,2,0,-2.4000000000000004,0,0,0,1.4000000000000001,0.0000,0.0000
2009,4,3,2,30,-2.6,0,0,0,1.4000000000000001,0.0000,0.0000
2009,4,3,3,0,-2.7,0,0,0,1.4000000000000001,0.0000,0.0000
2009,4,3,3,30,-2.9000000000000004,0,0,0,1.4000000000000001,0.0000,0.0000
2009,4,3,4,0,-3.1,0,0,0,1.4000000000000001,0.0000,0.0000
2009,4,3,4,30,-3.2,0,0,0,1.4000000000000001,0.0000,0.0000
2009,4,3,5,0,-3.3000000000000003,0,0,0,1.3,0.0000,0.0000
2009,4,3,5,30,-3,0,0,0,1.5,0.0000,0.0000
2009,4,3,6,0,-2.6,0,0,0,1.7000000000000002,0.0000,0.0000
2009,4,3,6,30,-1.3,23,236,38,2.6,0.0000,0.0000
2009,4,3,7,0,0,86,18,89,3.4000000000000004,0.0000,0.0000
2009,4,3,7,30,1.5,62,614,219,3.7,10.6878,8.2102
2009,4,3,8,0,3,75,710,321,4,16.4758,12.7633
2009,4,3,8,30,4.9,84,779,423,4.6000000000000005,22.6808,17.6643
2009,4,3,9,0,6.800000000000001,95,815,515,5.1000000000000005,28.5541,22.3136
2009,4,3,9,30,8.200000000000001,102,853,604,5.300000000000001,34.3396,26.8941
2009,4,3,10,0,9.600000000000001,109,876,681,5.5,39.4455,30.9389
2009,4,3,10,30,10.700000000000001,114,897,747,5.5,43.8653,34.4407
2009,4,3,11,0,11.700000000000001,236,663,733,5.5,43.4673,34.1519
2009,4,3,11,30,12.5,311,500,702,5.5,41.9043,32.9388
2009,4,3,12,0,13.200000000000001,368,348,646,5.4,38.7095,30.4353
2009,4,3,12,30,13.4,310,482,699,5.300000000000001,41.9391,32.9773
2009,4,3,13,0,13.5,417,415,750,5.1000000000000005,44.9469,35.3397
2009,4,3,13,30,13.700000000000001,461,262,666,5.2,39.7668,31.2591
2009,4,3,14,0,13.9,436,272,640,5.300000000000001,37.9684,29.8323
2009,4,3,14,30,14.100000000000001,390,327,622,5.4,36.5475,28.6964
2009,4,3,15,0,14.200000000000001,339,373,583,5.5,33.7977,26.5108
2009,4,3,15,30,14,353,115,422,5.5,24.0207,18.8143
2009,4,3,16,0,13.8,303,175,394,5.5,21.8805,17.1011
2009,4,3,16,30,13,245,208,336,5.1000000000000005,18.0557,14.0656
2009,4,3,17,0,12.3,99,0,99,4.7,5.0957,3.9490
2009,4,3,17,30,10.4,68,577,218,4.1000000000000005,10.6696,8.2010
2009,4,3,18,0,8.6,51,431,122,3.5,0.0000,0.0000
2009,4,3,18,30,7.9,26,211,41,3.8000000000000003,0.0000,0.0000
2009,4,3,19,0,7.2,0,0,0,4.2,0.0000,0.0000
2009,4,3,19,30,6.9,0,0,0,4.4,0.0000,0.0000
2009,4,3,20,0,6.7,0,0,0,4.6000000000000005,0.0000,0.0000
2009,4,3,20,30,6.2,0,0,0,4.4,0.0000,0.0000
2009,4,3,21,0,5.7,0,0,0,4.2,0.0000,0.0000
2009,4,3,21,30,5.2,0,0,0,3.9000000000000004,0.0000,0.0000
2009,4,3,22,0,4.6000000000000005,0,0,0,3.6,0.0000,0.0000
2009,4,3,22,30,4.3,0,0,0,3.6,0.0000,0.0000
2009,4,3,23,0,4.1000000000000005,0,0,0,3.6,0.0000,0.0000
2009,4,3,23,30,3.8000000000000003,0,0,0,3.7,0.0000,0.0000
2009,4,4,0,0,3.6,0,0,0,3.9000000000000004,0.0000,0.0000
2009,4,4,0,30,3.3000000000000003,0,0,0,4,0.0000,0.0000
2009,4,4,1,0,3.1,0,0,0,4.1000000000000005,0.0000,0.0000
2009,4,4,1,30,2.9000000000000004,0,0,0,4.1000000000000005,0.0000,0.0000
2009,4,4,2,0,2.6,0,0,0,4.1000000000000005,0.0000,0.0000
2009,4,4,2,30,2.6,0,0,0,4.5,0.0000,0.0000
2009,4,4,3,0,2.6,0,0,0,5,0.0000,0.0000
2009,4,4,3,30,2.6,0,0,0,5.300000000000001,0.0000,0.0000
2009,4,4,4,0,2.6,0,0,0,5.6000000000000005,0.0000,0.0000
2009,4,4,4,30,2.5,0,0,0,5.800000000000001,0.0000,0.0000
2009,4,4,5,0,2.5,0,0,0,5.9,0.0000,0.0000
2009,4,4,5,30,2.5,0,0,0,6.300000000000001,0.0000,0.0000
2009,4,4,6,0,2.5,0,0,0,6.7,0.0000,0.0000
2009,4,4,6,30,3.1,11,0,11,7,0.0000,0.0000
2009,4,4,7,0,3.6,21,0,21,7.4,0.0000,0.0000
2009,4,4,7,30,4.800000000000001,9,0,9,8.3,0.4404,0.3385
2009,4,4,8,0,6,154,6,156,9.3,8.0289,6.2221
2009,4,4,8,30,7.1000000000000005,111,0,111,9.9,5.9653,4.6470
2009,4,4,9,0,8.200000000000001,159,0,159,10.5,8.8319,6.9029
2009,4,4,9,30,9,21,0,21,10.8,1.1957,0.9365
2009,4,4,10,0,9.700000000000001,75,0,75,11.100000000000001,4.3496,3.4119
2009,4,4,10,30,10.100000000000001,123,1,123,11.3,7.2304,5.6773
2009,4,4,11,0,10.600000000000001,162,0,162,11.4,9.6155,7.5553
2009,4,4,11,30,10.600000000000001,50,0,50,11.3,2.9872,2.3482
2009,4,4,12,0,10.600000000000001,60,0,60,11.200000000000001,3.5981,2.8292
2009,4,4,12,30,10.3,40,0,40,11.100000000000001,2.4018,1.8887
2009,4,4,13,0,9.9,56,0,56,10.9,3.3585,2.6408
2009,4,4,13,30,9.700000000000001,48,0,48,10.700000000000001,2.8682,2.2547
2009,4,4,14,0,9.5,40,0,40,10.5,2.3749,1.8661
2009,4,4,14,30,9.3,34,0,34,10.4,1.9994,1.5700
2009,4,4,15,0,9.1,32,0,32,10.3,1.8568,1.4566
2009,4,4,15,30,8.9,95,0,96,10.4,5.4701,4.2849
2009,4,4,16,0,8.6,39,0,39,10.600000000000001,2.1686,1.6951
2009,4,4,16,30,8.200000000000001,138,4,140,10.8,7.5343,5.8702
2009,4,4,17,0,7.800000000000001,34,0,34,11,1.7531,1.3589
2009,4,4,17,30,6.7,11,0,11,10.5,0.5393,0.4146
2009,4,4,18,0,5.7,22,0,22,10,0.0000,0.0000
2009,4,4,18,30,4.6000000000000005,12,0,12,9.700000000000001,0.0000,0.0000
2009,4,4,19,0,3.5,0,0,0,9.4,0.0000,0.0000
2009,4,4,19,30,2.8000000000000003,0,0,0,9.700000000000001,0.0000,0.0000
2009,4,4,20,0,2.2,0,0,0,10,0.0000,0.0000
2009,4,4,20,30,1.8,0,0,0,10.200000000000001,0.0000,0.0000
2009,4,4,21,0,1.4000000000000001,0,0,0,10.3,0.0000,0.0000
2009,4,4,21,30,1.2000000000000002,0,0,0,10.3,0.0000,0.0000
2009,4,4,22,0,0.9,0,0,0,10.3,0.0000,0.0000
2009,4,4,22,30,0.8,0,0,0,10.200000000000001,0.0000,0.0000
2009,4,4,23,0,0.6000000000000001,0,0,0,10.100000000000001,0.0000,0.0000
2009,4,4,23,30,0.5,0,0,0,10.100000000000001,0.0000,0.0000
2009,4,5,0,0,0.4,0,0,0,10.100000000000001,0.0000,0.0000
2009,4,5,0,30,0.30000000000000004,0,0,0,10,0.0000,0.0000
2009,4,5,1,0,0.1,0,0,0,9.8,0.0000,0.0000
2009,4,5,1,30,-0.1,0,0,0,10,0.0000,0.0000
2009,4,5,2,0,-0.2,0,0,0,10.100000000000001,0.0000,0.0000
2009,4,5,2,30,-0.30000000000000004,0,0,0,10.100000000000001,0.0000,0.0000
2009,4,5,3,0,-0.4,0,0,0,10.200000000000001,0.0000,0.0000
2009,4,5,3,30,-0.5,0,0,0,10.200000000000001,0.0000,0.0000
2009,4,5,4,0,-0.5,0,0,0,10.100000000000001,0.0000,0.0000
2009,4,5,4,30,-0.6000000000000001,0,0,0,10,0.0000,0.0000
2009,4,5,5,0,-0.8,0,0,0,10,0.0000,0.0000
2009,4,5,5,30,-0.9,0,0,0,9.9,0.0000,0.0000
2009,4,5,6,0,-1,0,0,0,9.9,0.0000,0.0000
2009,4,5,6,30,-1,17,0,17,10,0.0000,0.0000
2009,4,5,7,0,-0.9,43,0,43,10.100000000000001,0.0000,0.0000
2009,4,5,7,30,-0.7000000000000001,6,0,6,10.200000000000001,0.2944,0.2264
2009,4,5,8,0,-0.4,9,0,9,10.3,0.4645,0.3601
2009,4,5,8,30,0,26,0,26,10.5,1.4003,1.0911
2009,4,5,9,0,0.4,107,0,107,10.600000000000001,5.9539,4.6542
2009,4,5,9,30,0.6000000000000001,158,0,158,10.5,9.0091,7.0574
2009,4,5,10,0,0.9,326,23,341,10.5,19.7994,15.5325
2009,4,5,10,30,1.2000000000000002,223,0,223,10.4,13.1222,10.3044
2009,4,5,11,0,1.5,178,0,178,10.4,10.5749,8.3097
2009,4,5,11,30,1.9000000000000001,85,0,85,10.3,5.0824,3.9954
2009,4,5,12,0,2.3000000000000003,139,0,139,10.3,8.3420,6.5595
2009,4,5,12,30,2.7,212,0,212,10.3,12.7388,10.0177
2009,4,5,13,0,3.1,293,0,294,10.200000000000001,17.6448,13.8747
2009,4,5,13,30,3.4000000000000004,347,1,347,10.100000000000001,20.7493,16.3118
2009,4,5,14,0,3.7,149,904,835,10,49.6132,38.9860
2009,4,5,14,30,3.7,144,889,781,9.8,45.9651,36.0952
2009,4,5,15,0,3.8000000000000003,122,895,715,9.700000000000001,41.5249,32.5765
2009,4,5,15,30,3.5,115,869,635,9.5,36.2196,28.3741
2009,4,5,16,0,3.2,101,853,550,9.3,30.6190,23.9362
2009,4,5,16,30,2.7,92,806,451,8.9,24.3069,18.9412
2009,4,5,17,0,2.2,79,748,348,8.6,17.9764,13.9379
2009,4,5,17,30,1.6,66,659,242,8.1,11.8853,9.1418
2009,4,5,18,0,0.9,78,1,78,7.6000000000000005,0.0000,0.0000
2009,4,5,18,30,0.30000000000000004,31,0,31,7.4,0.0000,0.0000
2009,4,5,19,0,-0.2,0,0,0,7.2,0.0000,0.0000
2009,4,5,19,30,-0.6000000000000001,0,0,0,7.1000000000000005,0.0000,0.0000
2009,4,5,20,0,-1,0,0,0,7.1000000000000005,0.0000,0.0000
2009,4,5,20,30,-1.2000000000000002,0,0,0,7,0.0000,0.0000
2009,4,5,21,0,-1.5,0,0,0,7,0.0000,0.0000
2009,4,5,21,30,-1.7000000000000002,0,0,0,7,0.0000,0.0000
2009,4,5,22,0,-1.9000000000000001,0,0,0,7,0.0000,0.0000
2009,4,5,22,30,-2.2,0,0,0,7.1000000000000005,0.0000,0.0000
2009,4,5,23,0,-2.5,0,0,0,7.1000000000000005,0.0000,0.0000
2009,4,5,23,30,-2.9000000000000004,0,0,0,7,0.0000,0.0000
2009,4,6,0,0,-3.3000000000000003,0,0,0,7,0.0000,0.0000
2009,4,6,0,30,-3.7,0,0,0,6.9,0.0000,0.0000
2009,4,6,1,0,-4.2,0,0,0,6.9,0.0000,0.0000
2009,4,6,1,30,-4.5,0,0,0,6.9,0.0000,0.0000
2009,4,6,2,0,-4.800000000000001,0,0,0,6.9,0.0000,0.0000
2009,4,6,2,30,-5.1000000000000005,0,0,0,6.9,0.0000,0.0000
2009,4,6,3,0,-5.300000000000001,0,0,0,6.9,0.0000,0.0000
2009,4,6,3,30,-5.6000000000000005,0,0,0,6.800000000000001,0.0000,0.0000
2009,4,6,4,0,-5.800000000000001,0,0,0,6.800000000000001,0.0000,0.0000
2009,4,6,4,30,-6,0,0,0,6.7,0.0000,0.0000
2009,4,6,5,0,-6.1000000000000005,0,0,0,6.7,0.0000,0.0000
2009,4,6,5,30,-6.1000000000000005,0,0,0,6.800000000000001,0.0000,0.0000
2009,4,6,6,0,-6,0,0,0,6.9,0.0000,0.0000
2009,4,6,6,30,-5.4,30,332,56,7.300000000000001,0.0000,0.0000
2009,4,6,7,0,-4.800000000000001,87,2,87,7.7,4.1476,3.1611
2009,4,6,7,30,-3.9000000000000004,21,0,21,8,1.0331,0.7949
2009,4,6,8,0,-3,74,0,74,8.4,3.8292,2.9696
2009,4,6,8,30,-2.1,232,2,234,8.5,12.6307,9.8441
2009,4,6,9,0,-1.3,99,885,567,8.700000000000001,31.6044,24.7094
2009,4,6,9,30,-0.7000000000000001,318,2,319,8.700000000000001,18.2147,14.2704
2009,4,6,10,0,-0.2,423,10,430,8.700000000000001,24.9968,19.6116
2009,4,6,10,30,0.2,469,12,478,8.6,28.1560,22.1115
2009,4,6,11,0,0.7000000000000001,118,979,865,8.5,51.4350,40.4197
2009,4,6,11,30,1.1,121,988,906,8.3,54.2154,42.6229
2009,4,6,12,0,1.6,152,950,925,8.200000000000001,55.5552,43.6868
2009,4,6,12,30,2.1,153,952,933,8.1,56.1018,44.1200
2009,4,6,13,0,2.6,143,964,926,8,55.6142,43.7331
2009,4,6,13,30,3,141,958,901,8,53.9151,42.3867
2009,4,6,14,0,3.4000000000000004,129,962,862,7.9,51.2542,40.2775
2009,4,6,14,30,3.6,545,137,643,7.9,37.8730,29.7424
2009,4,6,15,0,3.8000000000000003,445,33,467,7.9,27.1459,21.2975
2009,4,6,15,30,3.7,435,79,482,7.800000000000001,27.5195,21.5602
2009,4,6,16,0,3.6,379,63,412,7.7,22.9635,17.9536
2009,4,6,16,30,3,229,2,230,7.1000000000000005,12.4139,9.6751
2009,4,6,17,0,2.5,241,136,290,6.6000000000000005,15.0063,11.6377
2009,4,6,17,30,1.2000000000000002,175,90,199,5.5,9.7911,7.5336
2009,4,6,18,0,-0.2,47,590,151,4.3,7.1985,5.4865
2009,4,6,18,30,-1.6,27,372,58,3.8000000000000003,0.0000,0.0000
2009,4,6,19,0,-3.1,0,0,0,3.3000000000000003,0.0000,0.0000
2009,4,6,19,30,-3.4000000000000004,0,0,0,3.6,0.0000,0.0000
2009,4,6,20,0,-3.8000000000000003,0,0,0,3.9000000000000004,0.0000,0.0000
2009,4,6,20,30,-4.1000000000000005,0,0,0,3.9000000000000004,0.0000,0.0000
2009,4,6,21,0,-4.5,0,0,0,3.9000000000000004,0.0000,0.0000
2009,4,6,21,30,-4.7,0,0,0,3.7,0.0000,0.0000
2009,4,6,22,0,-5,0,0,0,3.6,0.0000,0.0000
2009,4,6,22,30,-5.1000000000000005,0,0,0,3.5,0.0000,0.0000
2009,4,6,23,0,-5.300000000000001,0,0,0,3.4000000000000004,0.0000,0.0000
2009,4,6,23,30,-5.5,0,0,0,3.2,0.0000,0.0000
2009,4,7,0,0,-5.6000000000000005,0,0,0,3.1,0.0000,0.0000
2009,4,7,0,30,-5.7,0,0,0,3,0.0000,0.0000
2009,4,7,1,0,-5.800000000000001,0,0,0,2.9000000000000004,0.0000,0.0000
2009,4,7,1,30,-5.9,0,0,0,2.9000000000000004,0.0000,0.0000
2009,4,7,2,0,-6,0,0,0,2.8000000000000003,0.0000,0.0000
2009,4,7,2,30,-6,0,0,0,2.7,0.0000,0.0000
2009,4,7,3,0,-6.1000000000000005,0,0,0,2.7,0.0000,0.0000
2009,4,7,3,30,-6.2,0,0,0,2.6,0.0000,0.0000
2009,4,7,4,0,-6.2,0,0,0,2.5,0.0000,0.0000
2009,4,7,4,30,-6.300000000000001,0,0,0,2.3000000000000003,0.0000,0.0000
2009,4,7,5,0,-6.4,0,0,0,2,0.0000,0.0000
2009,4,7,5,30,-6,0,0,0,2.2,0.0000,0.0000
2009,4,7,6,0,-5.6000000000000005,0,0,0,2.3000000000000003,0.0000,0.0000
2009,4,7,6,30,-4.4,31,343,60,2.2,0.0000,0.0000
2009,4,7,7,0,-3.3000000000000003,53,576,157,2.1,7.4831,5.7053
2009,4,7,7,30,-1.6,92,0,92,2.1,4.5385,3.4938
2009,4,7,8,0,0.1,82,781,369,2.1,19.1434,14.8511
2009,4,7,8,30,1.4000000000000001,93,842,475,2.4000000000000004,25.6934,20.0293
2009,4,7,9,0,2.6,96,891,572,2.6,31.9373,24.9735
2009,4,7,9,30,3.5,104,923,664,2.9000000000000004,37.9646,29.7469
2009,4,7,10,0,4.4,482,101,550,3.2,32.0093,25.1154
2009,4,7,10,30,5.4,115,956,808,3.4000000000000004,47.6405,37.4157
2009,4,7,11,0,6.300000000000001,122,964,862,3.6,51.3013,40.3170
2009,4,7,11,30,7.2,125,974,902,3.7,54.0186,42.4704
2009,4,7,12,0,8.1,166,913,912,3.7,54.8143,43.1062
2009,4,7,12,30,8.8,167,915,920,3.4000000000000004,55.3592,43.5380
2009,4,7,13,0,9.600000000000001,170,907,911,3.2,54.7510,43.0563
2009,4,7,13,30,10.200000000000001,168,901,886,2.9000000000000004,53.0539,41.7115
2009,4,7,14,0,10.8,165,887,845,2.6,50.2802,39.5140
2009,4,7,14,30,11.200000000000001,161,871,791,2.4000000000000004,46.6266,36.6188
2009,4,7,15,0,11.5,153,849,722,2.3000000000000003,42.0040,32.9567
2009,4,7,15,30,11.5,265,558,603,2.4000000000000004,34.4626,27.0020
2009,4,7,16,0,11.4,243,517,519,2.5,28.9612,22.6451
2009,4,7,16,30,10.700000000000001,217,479,434,2,23.4582,18.2854
2009,4,7,17,0,9.9,169,449,333,1.5,17.2610,13.3893
2009,4,7,17,30,8,141,313,226,1.4000000000000001,11.1387,8.5733
2009,4,7,18,0,6,59,463,142,1.3,6.7683,5.1598
2009,4,7,18,30,4.800000000000001,32,246,53,1.4000000000000001,0.0000,0.0000
2009,4,7,19,0,3.6,0,0,0,1.5,0.0000,0.0000
2009,4,7,19,30,2.9000000000000004,0,0,0,1.6,0.0000,0.0000
2009,4,7,20,0,2.3000000000000003,0,0,0,1.7000000000000002,0.0000,0.0000
2009,4,7,20,30,1.7000000000000002,0,0,0,1.7000000000000002,0.0000,0.0000
2009,4,7,21,0,1.1,0,0,0,1.8,0.0000,0.0000
2009,4,7,21,30,0.7000000000000001,0,0,0,1.9000000000000001,0.0000,0.0000
2009,4,7,22,0,0.30000000000000004,0,0,0,2.1,0.0000,0.0000
2009,4,7,22,30,0.1,0,0,0,2.3000000000000003,0.0000,0.0000
2009,4,7,23,0,-0.1,0,0,0,2.5,0.0000,0.0000
2009,4,7,23,30,-0.2,0,0,0,2.8000000000000003,0.0000,0.0000
2009,4,8,0,0,-0.30000000000000004,0,0,0,3.1,0.0000,0.0000
2009,4,8,0,30,-0.4,0,0,0,3.3000000000000003,0.0000,0.0000
2009,4,8,1,0,-0.5,0,0,0,3.6,0.0000,0.0000
2009,4,8,1,30,-0.7000000000000001,0,0,0,3.7,0.0000,0.0000
2009,4,8,2,0,-0.9,0,0,0,3.8000000000000003,0.0000,0.0000
2009,4,8,2,30,-1.1,0,0,0,3.9000000000000004,0.0000,0.0000
2009,4,8,3,0,-1.3,0,0,0,3.9000000000000004,0.0000,0.0000
2009,4,8,3,30,-1.5,0,0,0,3.8000000000000003,0.0000,0.0000
2009,4,8,4,0,-1.7000000000000002,0,0,0,3.8000000000000003,0.0000,0.0000
2009,4,8,4,30,-1.9000000000000001,0,0,0,3.7,0.0000,0.0000
2009,4,8,5,0,-2,0,0,0,3.6,0.0000,0.0000
2009,4,8,5,30,-1.7000000000000002,0,0,0,3.7,0.0000,0.0000
2009,4,8,6,0,-1.4000000000000001,0,0,0,3.8000000000000003,0.0000,0.0000
2009,4,8,6,30,-0.30000000000000004,31,328,61,3.9000000000000004,0.0000,0.0000
2009,4,8,7,0,0.8,53,535,152,4,7.2457,5.5264
2009,4,8,7,30,2.5,69,664,256,3.7,12.6636,9.7536
2009,4,8,8,0,4.1000000000000005,82,751,362,3.4000000000000004,18.8281,14.6113
2009,4,8,8,30,6.2,93,813,466,3.9000000000000004,25.2574,19.6936
2009,4,8,9,0,8.3,101,863,566,4.4,31.6535,24.7552
2009,4,8,9,30,9.600000000000001,108,896,656,4.4,37.5582,29.4317
2009,4,8,10,0,10.9,115,921,736,4.4,42.8811,33.6485
2009,4,8,10,30,11.8,120,939,804,4.5,47.4500,37.2686
2009,4,8,11,0,12.8,124,952,858,4.5,51.1059,40.1657
2009,4,8,11,30,13.4,127,961,898,4.5,53.8197,42.3161
2009,4,8,12,0,14,138,952,919,4.5,55.2745,43.4701
2009,4,8,12,30,14.4,138,950,923,4.4,55.5773,43.7115
2009,4,8,13,0,14.8,142,941,914,4.3,54.9676,43.2284
2009,4,8,13,30,15,140,935,889,4.1000000000000005,53.2695,41.8829
2009,4,8,14,0,15.100000000000001,139,923,849,4,50.5535,39.7307
2009,4,8,14,30,15.100000000000001,134,908,794,3.8000000000000003,46.8382,36.7868
2009,4,8,15,0,15.100000000000001,122,902,728,3.5,42.3884,33.2603
2009,4,8,15,30,14.8,115,876,648,3.3000000000000003,37.0697,29.0470
2009,4,8,16,0,14.5,110,834,556,3,31.0602,24.2888
2009,4,8,16,30,13.8,200,483,420,2.4000000000000004,22.7322,17.7220
2009,4,8,17,0,13.100000000000001,207,272,308,1.9000000000000001,15.9924,12.4079
2009,4,8,17,30,11,174,28,182,1.5,8.9865,6.9191
2009,4,8,18,0,8.9,97,70,110,1.2000000000000002,5.2430,3.9979
2009,4,8,18,30,7.4,42,11,43,1.3,0.0000,0.0000
2009,4,8,19,0,5.9,0,0,0,1.5,0.0000,0.0000
2009,4,8,19,30,5.300000000000001,0,0,0,1.5,0.0000,0.0000
2009,4,8,20,0,4.7,0,0,0,1.6,0.0000,0.0000
2009,4,8,20,30,4.2,0,0,0,1.7000000000000002,0.0000,0.0000
2009,4,8,21,0,3.7,0,0,0,1.8,0.0000,0.0000
2009,4,8,21,30,3.3000000000000003,0,0,0,1.9000000000000001,0.0000,0.0000
2009,4,8,22,0,2.8000000000000003,0,0,0,2,0.0000,0.0000
2009,4,8,22,30,2.5,0,0,0,2.1,0.0000,0.0000
2009,4,8,23,0,2.1,0,0,0,2.3000000000000003,0.0000,0.0000
2009,4,8,23,30,1.8,0,0,0,2.4000000000000004,0.0000,0.0000
2009,4,9,0,0,1.5,0,0,0,2.6,0.0000,0.0000
2009,4,9,0,30,1.1,0,0,0,2.7,0.0000,0.0000
2009,4,9,1,0,0.8,0,0,0,2.8000000000000003,0.0000,0.0000
2009,4,9,1,30,0.6000000000000001,0,0,0,3,0.0000,0.0000
2009,4,9,2,0,0.4,0,0,0,3.2,0.0000,0.0000
2009,4,9,2,30,0.2,0,0,0,3.3000000000000003,0.0000,0.0000
2009,4,9,3,0,0,0,0,0,3.5,0.0000,0.0000
2009,4,9,3,30,-0.1,0,0,0,3.8000000000000003,0.0000,0.0000
2009,4,9,4,0,-0.2,0,0,0,4.1000000000000005,0.0000,0.0000
2009,4,9,4,30,-0.4,0,0,0,3.4000000000000004,0.0000,0.0000
2009,4,9,5,0,-0.6000000000000001,0,0,0,2.6,0.0000,0.0000
2009,4,9,5,30,-0.6000000000000001,0,0,0,3.1,0.0000,0.0000
2009,4,9,6,0,-0.5,0,0,0,3.6,0.0000,0.0000
2009,4,9,6,30,-0.4,14,0,14,4,0.0000,0.0000
2009,4,9,7,0,-0.2,35,0,36,4.4,1.7169,1.3101
2009,4,9,7,30,0.2,57,1,58,4.7,2.8771,2.2170
2009,4,9,8,0,0.6000000000000001,58,0,58,4.9,3.0243,2.3477
2009,4,9,8,30,1.9000000000000001,49,0,49,5.2,2.6613,2.0755
2009,4,9,9,0,3.2,138,2,139,5.4,7.7864,6.0904
2009,4,9,9,30,5.1000000000000005,290,78,338,6,19.3768,15.1858
2009,4,9,10,0,7,40,0,40,6.5,2.3331,1.8309
2009,4,9,10,30,8.200000000000001,211,3,214,6.6000000000000005,12.6416,9.9297
2009,4,9,11,0,9.4,188,1,189,6.7,11.2668,8.8555
2009,4,9,11,30,10,140,0,140,6.7,8.3970,6.6025
2009,4,9,12,0,10.5,62,0,62,6.800000000000001,3.7317,2.9349
2009,4,9,12,30,10.8,372,28,396,6.9,23.8605,18.7671
2009,4,9,13,0,11.100000000000001,152,1,152,7,9.1473,7.1941
2009,4,9,13,30,11.100000000000001,32,0,32,7.1000000000000005,1.9187,1.5087
2009,4,9,14,0,11.200000000000001,84,0,84,7.2,5.0052,3.9338
2009,4,9,14,30,11,65,0,65,7.2,3.8373,3.0140
2009,4,9,15,0,10.8,41,0,41,7.2,2.3892,1.8748
2009,4,9,15,30,10.4,24,0,24,7.1000000000000005,1.3742,1.0769
2009,4,9,16,0,10,275,107,333,7,18.6240,14.5653
2009,4,9,16,30,9.4,18,0,18,6.5,0.9756,0.7607
2009,4,9,17,0,8.8,6,0,6,6.1000000000000005,0.3120,0.2422
2009,4,9,17,30,7.9,15,0,15,5.300000000000001,0.7419,0.5714
2009,4,9,18,0,6.9,32,0,32,4.5,1.5254,1.1635
2009,4,9,18,30,6.1000000000000005,13,0,13,4.3,0.0000,0.0000
2009,4,9,19,0,5.2,0,0,0,4.1000000000000005,0.0000,0.0000
2009,4,9,19,30,4.800000000000001,0,0,0,4.2,0.0000,0.0000
2009,4,9,20,0,4.5,0,0,0,4.3,0.0000,0.0000
2009,4,9,20,30,4.1000000000000005,0,0,0,4.4,0.0000,0.0000
2009,4,9,21,0,3.7,0,0,0,4.5,0.0000,0.0000
2009,4,9,21,30,3.4000000000000004,0,0,0,4.6000000000000005,0.0000,0.0000
2009,4,9,22,0,3.1,0,0,0,4.800000000000001,0.0000,0.0000
2009,4,9,22,30,2.8000000000000003,0,0,0,5.1000000000000005,0.0000,0.0000
2009,4,9,23,0,2.5,0,0,0,5.300000000000001,0.0000,0.0000
2009,4,9,23,30,2.3000000000000003,0,0,0,5.300000000000001,0.0000,0.0000
2009,4,10,0,0,2,0,0,0,5.4,0.0000,0.0000
2009,4,10,0,30,1.7000000000000002,0,0,0,5.2,0.0000,0.0000
2009,4,10,1,0,1.4000000000000001,0,0,0,5,0.0000,0.0000
2009,4,10,1,30,1.1,0,0,0,4.9,0.0000,0.0000
2009,4,10,2,0,0.7000000000000001,0,0,0,4.800000000000001,0.0000,0.0000
2009,4,10,2,30,0.2,0,0,0,4.7,0.0000,0.0000
2009,4,10,3,0,-0.4,0,0,0,4.5,0.0000,0.0000
2009,4,10,3,30,-0.9,0,0,0,4.5,0.0000,0.0000
2009,4,10,4,0,-1.4000000000000001,0,0,0,4.5,0.0000,0.0000
2009,4,10,4,30,-1.6,0,0,0,4.5,0.0000,0.0000
2009,4,10,5,0,-1.9000000000000001,0,0,0,4.5,0.0000,0.0000
2009,4,10,5,30,-1.9000000000000001,0,0,0,4.5,0.0000,0.0000
2009,4,10,6,0,-1.9000000000000001,0,0,0,4.5,0.0000,0.0000
2009,4,10,6,30,-1.2000000000000002,40,3,41,4.5,0.0000,0.0000
2009,4,10,7,0,-0.5,49,1,49,4.4,2.3386,1.7852
2009,4,10,7,30,1,153,112,186,4.5,9.2513,7.1323
2009,4,10,8,0,2.4000000000000004,194,218,277,4.5,14.4795,11.2436
2009,4,10,8,30,4,206,370,379,4.5,20.6245,16.0878
2009,4,10,9,0,5.5,244,370,446,4.4,25.0217,19.5742
2009,4,10,9,30,6.9,274,368,502,4.5,28.8153,22.5852
2009,4,10,10,0,8.4,301,412,583,4.6000000000000005,34.0407,26.7158
2009,4,10,10,30,9,274,517,655,4.7,38.7286,30.4226
2009,4,10,11,0,9.700000000000001,296,519,700,4.800000000000001,41.7628,32.8263
2009,4,10,11,30,10,302,535,735,4.800000000000001,44.1164,34.6903
2009,4,10,12,0,10.3,337,465,722,4.9,43.4854,34.2017
2009,4,10,12,30,10.4,436,246,641,4.7,38.6480,30.3992
2009,4,10,13,0,10.600000000000001,409,331,683,4.6000000000000005,41.1290,32.3480
2009,4,10,13,30,10.8,370,392,686,4.4,41.1600,32.3647
2009,4,10,14,0,11,364,362,645,4.3,38.4590,30.2283
2009,4,10,14,30,11.100000000000001,121,908,786,4.1000000000000005,46.4350,36.4741
2009,4,10,15,0,11.200000000000001,118,884,718,3.9000000000000004,41.8747,32.8613
2009,4,10,15,30,11.100000000000001,113,857,639,3.7,36.6236,28.7017
2009,4,10,16,0,11,251,546,547,3.5,30.6257,23.9538
2009,4,10,16,30,10.600000000000001,263,223,366,3.1,19.8637,15.4901
2009,4,10,17,0,10.100000000000001,223,72,250,2.7,13.0236,10.1088
2009,4,10,17,30,8.3,122,434,245,2.1,12.1408,9.3538
2009,4,10,18,0,6.5,95,44,104,1.4000000000000001,4.9589,3.7832
2009,4,10,18,30,5.2,45,9,46,1.5,0.0000,0.0000
2009,4,10,19,0,3.8000000000000003,0,0,0,1.5,0.0000,0.0000
2009,4,10,19,30,3.4000000000000004,0,0,0,1.6,0.0000,0.0000
2009,4,10,20,0,2.9000000000000004,0,0,0,1.6,0.0000,0.0000
2009,4,10,20,30,2.4000000000000004,0,0,0,1.6,0.0000,0.0000
2009,4,10,21,0,1.9000000000000001,0,0,0,1.6,0.0000,0.0000
2009,4,10,21,30,1.5,0,0,0,1.6,0.0000,0.0000
2009,4,10,22,0,1,0,0,0,1.6,0.0000,0.0000
2009,4,10,22,30,0.6000000000000001,0,0,0,1.5,0.0000,0.0000
2009,4,10,23,0,0.2,0,0,0,1.5,0.0000,0.0000
2009,4,10,23,30,-0.1,0,0,0,1.5,0.0000,0.0000
2009,4,11,0,0,-0.4,0,0,0,1.4000000000000001,0.0000,0.0000
2009,4,11,0,30,-0.7000000000000001,0,0,0,1.4000000000000001,0.0000,0.0000
2009,4,11,1,0,-1,0,0,0,1.4000000000000001,0.0000,0.0000
2009,4,11,1,30,-1.2000000000000002,0,0,0,1.4000000000000001,0.0000,0.0000
2009,4,11,2,0,-1.5,0,0,0,1.3,0.0000,0.0000
2009,4,11,2,30,-1.6,0,0,0,1.3,0.0000,0.0000
2009,4,11,3,0,-1.8,0,0,0,1.3,0.0000,0.0000
2009,4,11,3,30,-2,0,0,0,1.3,0.0000,0.0000
2009,4,11,4,0,-2.1,0,0,0,1.3,0.0000,0.0000
2009,4,11,4,30,-2.3000000000000003,0,0,0,1.3,0.0000,0.0000
2009,4,11,5,0,-2.4000000000000004,0,0,0,1.3,0.0000,0.0000
2009,4,11,5,30,-1.8,0,0,0,1.3,0.0000,0.0000
2009,4,11,6,0,-1.1,0,0,0,1.2000000000000002,0.0000,0.0000
2009,4,11,6,30,0.6000000000000001,36,320,70,1.9000000000000001,0.0000,0.0000
2009,4,11,7,0,2.3000000000000003,58,506,159,2.5,7.5958,5.8013
2009,4,11,7,30,3.8000000000000003,74,632,260,2.4000000000000004,12.9670,10.0014
2009,4,11,8,0,5.2,86,717,363,2.4000000000000004,19.0201,14.7739
2009,4,11,8,30,7.7,96,780,464,3,25.2988,19.7378
2009,4,11,9,0,10.100000000000001,101,828,558,3.7,31.3537,24.5310
2009,4,11,9,30,11.3,107,863,646,3.8000000000000003,37.1279,29.1034
2009,4,11,10,0,12.5,113,886,723,4,42.2592,33.1685
2009,4,11,10,30,13.200000000000001,117,906,788,4.2,46.6339,36.6347
2009,4,11,11,0,13.9,123,909,835,4.4,49.8566,39.1903
2009,4,11,11,30,14.5,126,919,873,4.6000000000000005,52.4372,41.2351
2009,4,11,12,0,15,143,896,888,4.800000000000001,53.5188,42.0949
2009,4,11,12,30,15.3,143,894,891,5,53.7559,42.2843
2009,4,11,13,0,15.600000000000001,146,883,879,5.2,52.9650,41.6588
2009,4,11,13,30,15.8,250,691,810,5.2,48.6304,38.2404
2009,4,11,14,0,16,318,437,658,5.300000000000001,39.2596,30.8589
2009,4,11,14,30,16.1,322,408,622,5.2,36.7726,28.8858
2009,4,11,15,0,16.1,251,511,599,5.1000000000000005,34.9626,27.4386
2009,4,11,15,30,15.8,241,511,557,4.800000000000001,31.9520,25.0425
2009,4,11,16,0,15.5,244,390,456,4.5,25.5594,19.9932
2009,4,11,16,30,14.600000000000001,239,270,365,3.8000000000000003,19.8355,15.4702
2009,4,11,17,0,13.700000000000001,199,235,287,3.2,14.9749,11.6257
2009,4,11,17,30,11.9,168,59,185,2.7,9.1837,7.0777
2009,4,11,18,0,10.100000000000001,63,387,138,2.3000000000000003,6.5825,5.0234
2009,4,11,18,30,9.200000000000001,34,207,54,2.5,0.0000,0.0000
2009,4,11,19,0,8.3,0,0,0,2.8000000000000003,0.0000,0.0000
2009,4,11,19,30,8.3,0,0,0,3.4000000000000004,0.0000,0.0000
2009,4,11,20,0,8.3,0,0,0,4,0.0000,0.0000
2009,4,11,20,30,8,0,0,0,4.2,0.0000,0.0000
2009,4,11,21,0,7.6000000000000005,0,0,0,4.3,0.0000,0.0000
2009,4,11,21,30,7.1000000000000005,0,0,0,4.1000000000000005,0.0000,0.0000
2009,4,11,22,0,6.6000000000000005,0,0,0,3.9000000000000004,0.0000,0.0000
2009,4,11,22,30,6.1000000000000005,0,0,0,3.7,0.0000,0.0000
2009,4,11,23,0,5.7,0,0,0,3.5,0.0000,0.0000
2009,4,11,23,30,5.300000000000001,0,0,0,3.4000000000000004,0.0000,0.0000
2009,4,12,0,0,5,0,0,0,3.2,0.0000,0.0000
2009,4,12,0,30,4.7,0,0,0,3,0.0000,0.0000
2009,4,12,1,0,4.3,0,0,0,2.8000000000000003,0.0000,0.0000
2009,4,12,1,30,4.1000000000000005,0,0,0,2.7,0.0000,0.0000
2009,4,12,2,0,3.9000000000000004,0,0,0,2.6,0.0000,0.0000
2009,4,12,2,30,3.7,0,0,0,2.5,0.0000,0.0000
2009,4,12,3,0,3.5,0,0,0,2.3000000000000003,0.0000,0.0000
2009,4,12,3,30,3.3000000000000003,0,0,0,2.2,0.0000,0.0000
2009,4,12,4,0,3.1,0,0,0,2.1,0.0000,0.0000
2009,4,12,4,30,3,0,0,0,2.2,0.0000,0.0000
2009,4,12,5,0,2.9000000000000004,0,0,0,2.4000000000000004,0.0000,0.0000
2009,4,12,5,30,2.9000000000000004,0,0,0,2.5,0.0000,0.0000
2009,4,12,6,0,3,2,0,2,2.6,0.0000,0.0000
2009,4,12,6,30,3.2,20,0,20,3,0.0000,0.0000
2009,4,12,7,0,3.4000000000000004,20,0,21,3.5,1.0044,0.7675
2009,4,12,7,30,3.8000000000000003,57,1,57,3.6,2.8505,2.1996
2009,4,12,8,0,4.2,79,1,79,3.7,4.1491,3.2237
2009,4,12,8,30,4.9,62,0,62,4.2,3.3867,2.6427
2009,4,12,9,0,5.7,79,0,79,4.6000000000000005,4.4455,3.4786
2009,4,12,9,30,6.300000000000001,109,1,109,4.7,6.2721,4.9170
2009,4,12,10,0,6.9,132,1,133,4.800000000000001,7.7816,6.1081
2009,4,12,10,30,7.5,274,9,281,4.6000000000000005,16.6441,13.0761
2009,4,12,11,0,8.1,326,18,340,4.5,20.3164,15.9707
2009,4,12,11,30,8.8,255,4,258,4.5,15.5075,12.1952
2009,4,12,12,0,9.4,250,3,253,4.5,15.2579,12.0016
2009,4,12,12,30,9.700000000000001,227,2,229,4.4,13.8246,10.8748
2009,4,12,13,0,10,302,8,308,4.3,18.5700,14.6065
2009,4,12,13,30,10.3,248,4,251,4.4,15.0788,11.8576
2009,4,12,14,0,10.5,175,1,176,4.4,10.5080,8.2599
2009,4,12,14,30,10.200000000000001,282,11,291,4.5,17.2156,13.5239
2009,4,12,15,0,9.9,224,5,227,4.5,13.2597,10.4068
2009,4,12,15,30,9.4,165,3,166,4.1000000000000005,9.5312,7.4707
2009,4,12,16,0,9,152,3,154,3.7,8.6411,6.7599
2009,4,12,16,30,8.4,148,7,152,3.2,8.2710,6.4516
2009,4,12,17,0,7.800000000000001,114,5,116,2.7,6.0626,4.7077
2009,4,12,17,30,7,107,10,110,2.4000000000000004,5.4702,4.2171
2009,4,12,18,0,6.2,18,0,18,2.2,0.8590,0.6557
2009,4,12,18,30,5.800000000000001,10,0,10,2.2,0.0000,0.0000
2009,4,12,19,0,5.4,0,0,0,2.3000000000000003,0.0000,0.0000
2009,4,12,19,30,5.1000000000000005,0,0,0,2.3000000000000003,0.0000,0.0000
2009,4,12,20,0,4.9,0,0,0,2.4000000000000004,0.0000,0.0000
2009,4,12,20,30,4.6000000000000005,0,0,0,2.2,0.0000,0.0000
2009,4,12,21,0,4.3,0,0,0,2.1,0.0000,0.0000
2009,4,12,21,30,4,0,0,0,1.9000000000000001,0.0000,0.0000
2009,4,12,22,0,3.7,0,0,0,1.7000000000000002,0.0000,0.0000
2009,4,12,22,30,3.4000000000000004,0,0,0,1.6,0.0000,0.0000
2009,4,12,23,0,3.2,0,0,0,1.4000000000000001,0.0000,0.0000
2009,4,12,23,30,2.9000000000000004,0,0,0,1.3,0.0000,0.0000
2009,4,13,0,0,2.7,0,0,0,1.2000000000000002,0.0000,0.0000
2009,4,13,0,30,2.6,0,0,0,1.2000000000000002,0.0000,0.0000
2009,4,13,1,0,2.4000000000000004,0,0,0,1.3,0.0000,0.0000
2009,4,13,1,30,2.2,0,0,0,1.3,0.0000,0.0000
2009,4,13,2,0,2,0,0,0,1.4000000000000001,0.0000,0.0000
2009,4,13,2,30,1.9000000000000001,0,0,0,1.5,0.0000,0.0000
2009,4,13,3,0,1.8,0,0,0,1.6,0.0000,0.0000
2009,4,13,3,30,1.8,0,0,0,1.9000000000000001,0.0000,0.0000
2009,4,13,4,0,1.9000000000000001,0,0,0,2.1,0.0000,0.0000
2009,4,13,4,30,2,0,0,0,2.4000000000000004,0.0000,0.0000
2009,4,13,5,0,2.1,0,0,0,2.7,0.0000,0.0000
2009,4,13,5,30,2.4000000000000004,0,0,0,2.9000000000000004,0.0000,0.0000
2009,4,13,6,0,2.7,2,0,2,3.2,0.0000,0.0000
2009,4,13,6,30,3.3000000000000003,9,0,9,3.6,0.0000,0.0000
2009,4,13,7,0,4,3,0,3,4,0.1437,0.1098
2009,4,13,7,30,4.7,8,0,8,4.1000000000000005,0.4011,0.3096
2009,4,13,8,0,5.4,90,0,90,4.2,4.7378,3.6822
2009,4,13,8,30,6.300000000000001,208,6,211,4.5,11.5473,9.0124
2009,4,13,9,0,7.300000000000001,279,255,422,4.800000000000001,23.7817,18.6114
2009,4,13,9,30,7.9,315,238,465,4.800000000000001,26.7891,21.0031
2009,4,13,10,0,8.6,327,321,550,4.9,32.2122,25.2864
2009,4,13,10,30,9,356,305,584,4.800000000000001,34.6211,27.2010
2009,4,13,11,0,9.5,408,166,540,4.7,32.2920,25.3861
2009,4,13,11,30,9.9,498,153,624,4.6000000000000005,37.5327,29.5173
2009,4,13,12,0,10.3,392,297,641,4.5,38.6822,30.4278
2009,4,13,12,30,10.8,412,277,645,4.4,38.9618,30.6496
2009,4,13,13,0,11.200000000000001,430,194,592,4.3,35.7148,28.0931
2009,4,13,13,30,11.700000000000001,464,104,549,4.3,33.0011,25.9524
2009,4,13,14,0,12.100000000000001,346,433,687,4.2,41.0430,32.2635
2009,4,13,14,30,12.200000000000001,169,792,757,4.2,44.8155,35.2071
2009,4,13,15,0,12.4,421,151,525,4.1000000000000005,30.6900,24.0882
2009,4,13,15,30,12.3,186,0,187,4,10.7463,8.4236
2009,4,13,16,0,12.200000000000001,318,56,349,3.9000000000000004,19.6033,15.3370
2009,4,13,16,30,11.8,127,665,439,3.5,23.9189,18.6599
2009,4,13,17,0,11.4,104,627,345,3.1,18.0592,14.0258
2009,4,13,17,30,9.8,170,89,197,2.2,9.8140,7.5681
2009,4,13,18,0,8.1,64,437,151,1.3,7.2105,5.5059
2009,4,13,18,30,6.7,38,256,64,1.3,0.0000,0.0000
2009,4,13,19,0,5.300000000000001,0,0,0,1.3,0.0000,0.0000
2009,4,13,19,30,4.9,0,0,0,1.3,0.0000,0.0000
2009,4,13,20,0,4.5,0,0,0,1.3,0.0000,0.0000
2009,4,13,20,30,4.3,0,0,0,1.3,0.0000,0.0000
2009,4,13,21,0,4.1000000000000005,0,0,0,1.3,0.0000,0.0000
2009,4,13,21,30,4,0,0,0,1.2000000000000002,0.0000,0.0000
2009,4,13,22,0,3.9000000000000004,0,0,0,1.2000000000000002,0.0000,0.0000
2009,4,13,22,30,3.9000000000000004,0,0,0,1.2000000000000002,0.0000,0.0000
2009,4,13,23,0,3.8000000000000003,0,0,0,1.1,0.0000,0.0000
2009,4,13,23,30,3.7,0,0,0,1.1,0.0000,0.0000
2009,4,14,0,0,3.6,0,0,0,1.1,0.0000,0.0000
2009,4,14,0,30,3.5,0,0,0,1.1,0.0000,0.0000
2009,4,14,1,0,3.3000000000000003,0,0,0,1.1,0.0000,0.0000
2009,4,14,1,30,3,0,0,0,1.2000000000000002,0.0000,0.0000
2009,4,14,2,0,2.7,0,0,0,1.2000000000000002,0.0000,0.0000
2009,4,14,2,30,2.5,0,0,0,1.2000000000000002,0.0000,0.0000
2009,4,14,3,0,2.2,0,0,0,1.2000000000000002,0.0000,0.0000
2009,4,14,3,30,1.8,0,0,0,1.2000000000000002,0.0000,0.0000
2009,4,14,4,0,1.5,0,0,0,1.2000000000000002,0.0000,0.0000
2009,4,14,4,30,1.3,0,0,0,1.2000000000000002,0.0000,0.0000
2009,4,14,5,0,1,0,0,0,1.2000000000000002,0.0000,0.0000
2009,4,14,5,30,1.3,0,0,0,1.1,0.0000,0.0000
2009,4,14,6,0,1.6,13,88,15,1,0.0000,0.0000
2009,4,14,6,30,3.1,39,347,81,1.2000000000000002,0.0000,0.0000
2009,4,14,7,0,4.6000000000000005,58,530,173,1.4000000000000001,8.2984,6.3474
2009,4,14,7,30,6,73,647,273,1.2000000000000002,13.7236,10.5987
2009,4,14,8,0,7.4,83,731,375,1.1,19.7863,15.3819
2009,4,14,8,30,9.5,92,794,477,1.4000000000000001,26.1497,20.4127
2009,4,14,9,0,11.600000000000001,99,838,572,1.8,32.2813,25.2663
2009,4,14,9,30,12.600000000000001,105,870,659,2,38.0100,29.8033
2009,4,14,10,0,13.5,110,895,736,2.2,43.1462,33.8720
2009,4,14,10,30,14.3,113,914,801,2.3000000000000003,47.5245,37.3410
2009,4,14,11,0,15,116,927,852,2.4000000000000004,50.9861,40.0842
2009,4,14,11,30,15.5,119,936,890,2.5,53.5678,42.1298
2009,4,14,12,0,16.1,122,937,911,2.6,55.0103,43.2734
2009,4,14,12,30,16.5,122,935,914,2.7,55.2438,43.4597
2009,4,14,13,0,17,123,931,905,2.8000000000000003,54.6295,42.9730
2009,4,14,13,30,17.2,121,925,880,2.9000000000000004,52.9288,41.6253
2009,4,14,14,0,17.400000000000002,119,915,841,3,50.2736,39.5212
2009,4,14,14,30,17.400000000000002,116,901,787,3,46.6225,36.6284
2009,4,14,15,0,17.400000000000002,126,852,715,3.1,41.8282,32.8322
2009,4,14,15,30,17.2,120,824,636,3.2,36.5802,28.6758
2009,4,14,16,0,17,113,787,549,3.3000000000000003,30.8679,24.1522
2009,4,14,16,30,16.3,104,738,454,3,24.7678,19.3246
2009,4,14,17,0,15.5,93,672,353,2.8000000000000003,18.5066,14.3761
2009,4,14,17,30,13.5,80,582,252,2.3000000000000003,12.5750,9.7000
2009,4,14,18,0,11.4,109,149,140,1.9000000000000001,6.6899,5.1100
2009,4,14,18,30,10,57,33,61,2,0.0000,0.0000
2009,4,14,19,0,8.5,0,0,0,2.2,0.0000,0.0000
2009,4,14,19,30,8,0,0,0,2.3000000000000003,0.0000,0.0000
2009,4,14,20,0,7.6000000000000005,0,0,0,2.5,0.0000,0.0000
2009,4,14,20,30,7.2,0,0,0,2.5,0.0000,0.0000
2009,4,14,21,0,6.800000000000001,0,0,0,2.5,0.0000,0.0000
2009,4,14,21,30,6.300000000000001,0,0,0,2.5,0.0000,0.0000
2009,4,14,22,0,5.9,0,0,0,2.5,0.0000,0.0000
2009,4,14,22,30,5.5,0,0,0,2.4000000000000004,0.0000,0.0000
2009,4,14,23,0,5.1000000000000005,0,0,0,2.4000000000000004,0.0000,0.0000
2009,4,14,23,30,4.800000000000001,0,0,0,2.3000000000000003,0.0000,0.0000
2009,4,15,0,0,4.5,0,0,0,2.3000000000000003,0.0000,0.0000
2009,4,15,0,30,4.3,0,0,0,2.3000000000000003,0.0000,0.0000
2009,4,15,1,0,4.2,0,0,0,2.3000000000000003,0.0000,0.0000
2009,4,15,1,30,4.1000000000000005,0,0,0,2.3000000000000003,0.0000,0.0000
2009,4,15,2,0,4.1000000000000005,0,0,0,2.3000000000000003,0.0000,0.0000
2009,4,15,2,30,4.2,0,0,0,2.3000000000000003,0.0000,0.0000
2009,4,15,3,0,4.4,0,0,0,2.3000000000000003,0.0000,0.0000
2009,4,15,3,30,4.5,0,0,0,2.4000000000000004,0.0000,0.0000
2009,4,15,4,0,4.6000000000000005,0,0,0,2.5,0.0000,0.0000
2009,4,15,4,30,4.7,0,0,0,2.6,0.0000,0.0000
2009,4,15,5,0,4.800000000000001,0,0,0,2.8000000000000003,0.0000,0.0000
2009,4,15,5,30,5.2,0,0,0,3.1,0.0000,0.0000
2009,4,15,6,0,5.5,6,0,6,3.5,0.0000,0.0000
2009,4,15,6,30,6.1000000000000005,14,0,14,3.9000000000000004,0.0000,0.0000
2009,4,15,7,0,6.800000000000001,4,0,4,4.2,0.1922,0.1471
2009,4,15,7,30,7.6000000000000005,90,4,91,4.3,4.5864,3.5435
2009,4,15,8,0,8.4,15,0,15,4.5,0.7932,0.6168
2009,4,15,8,30,9.4,15,0,15,4.9,0.8238,0.6432
2009,4,15,9,0,10.4,243,32,261,5.2,14.7499,11.5460
2009,4,15,9,30,10.9,106,0,106,5.6000000000000005,6.1207,4.7996
2009,4,15,10,0,11.5,198,3,200,6,11.7357,9.2138
2009,4,15,10,30,11.700000000000001,362,172,492,6.300000000000001,29.2147,22.9559
2009,4,15,11,0,12,344,403,665,6.6000000000000005,39.8244,31.3106
2009,4,15,11,30,12.4,378,352,670,6.800000000000001,40.3520,31.7372
2009,4,15,12,0,12.9,499,161,636,7,38.4277,30.2300
2009,4,15,12,30,13.8,392,366,703,7.2,42.5155,33.4477
2009,4,15,13,0,14.600000000000001,372,551,836,7.4,50.4934,39.7208
2009,4,15,13,30,15.4,321,496,729,7.4,43.8726,34.5046
2009,4,15,14,0,16.1,280,573,734,7.5,43.9044,34.5156
2009,4,15,14,30,16.5,260,598,707,7.4,41.9097,32.9273
2009,4,15,15,0,16.8,237,600,653,7.300000000000001,38.2294,30.0091
2009,4,15,15,30,16.7,187,593,561,7.1000000000000005,32.2938,25.3173
2009,4,15,16,0,16.7,274,139,351,6.9,19.7555,15.4589
2009,4,15,16,30,16.1,250,134,314,6.2,17.1508,13.3832
2009,4,15,17,0,15.5,171,358,311,5.6000000000000005,16.3298,12.6875
2009,4,15,17,30,14.4,139,291,226,5.2,11.2976,8.7172
2009,4,15,18,0,13.4,77,9,78,4.800000000000001,3.7301,2.8500
2009,4,15,18,30,12.700000000000001,36,2,36,4.9,0.0000,0.0000
2009,4,15,19,0,12,4,0,4,5.1000000000000005,0.0000,0.0000
2009,4,15,19,30,11.700000000000001,0,0,0,5,0.0000,0.0000
2009,4,15,20,0,11.3,0,0,0,5,0.0000,0.0000
2009,4,15,20,30,11.100000000000001,0,0,0,5.2,0.0000,0.0000
2009,4,15,21,0,10.8,0,0,0,5.4,0.0000,0.0000
2009,4,15,21,30,10.4,0,0,0,5,0.0000,0.0000
2009,4,15,22,0,9.9,0,0,0,4.7,0.0000,0.0000
2009,4,15,22,30,9.5,0,0,0,4.5,0.0000,0.0000
2009,4,15,23,0,9,0,0,0,4.4,0.0000,0.0000
2009,4,15,23,30,8.9,0,0,0,4.5,0.0000,0.0000
2009,4,16,0,0,8.700000000000001,0,0,0,4.6000000000000005,0.0000,0.0000
2009,4,16,0,30,8.6,0,0,0,4.800000000000001,0.0000,0.0000
2009,4,16,1,0,8.4,0,0,0,4.9,0.0000,0.0000
2009,4,16,1,30,8.3,0,0,0,5.1000000000000005,0.0000,0.0000
2009,4,16,2,0,8.1,0,0,0,5.300000000000001,0.0000,0.0000
2009,4,16,2,30,7.9,0,0,0,5.4,0.0000,0.0000
2009,4,16,3,0,7.7,0,0,0,5.5,0.0000,0.0000
2009,4,16,3,30,7.5,0,0,0,5.4,0.0000,0.0000
2009,4,16,4,0,7.4,0,0,0,5.4,0.0000,0.0000
2009,4,16,4,30,7.2,0,0,0,5.300000000000001,0.0000,0.0000
2009,4,16,5,0,7,0,0,0,5.2,0.0000,0.0000
2009,4,16,5,30,7,0,0,0,5.1000000000000005,0.0000,0.0000
2009,4,16,6,0,6.9,6,0,6,5.1000000000000005,0.0000,0.0000
2009,4,16,6,30,7.300000000000001,21,0,21,5,0.0000,0.0000
2009,4,16,7,0,7.6000000000000005,90,6,92,4.9,4.4282,3.3905
2009,4,16,7,30,8.3,158,34,169,5.1000000000000005,8.5398,6.6006
2009,4,16,8,0,9,214,115,261,5.300000000000001,13.8303,10.7571
2009,4,16,8,30,9.9,225,313,380,5.7,20.9040,16.3233
2009,4,16,9,0,10.8,284,248,426,6.1000000000000005,24.1072,18.8729
2009,4,16,9,30,11.700000000000001,308,276,486,6.2,28.0939,22.0319
2009,4,16,10,0,12.600000000000001,324,75,377,6.2,22.1421,17.3850
2009,4,16,10,30,13.5,350,281,564,6.300000000000001,33.5168,26.3378
2009,4,16,11,0,14.5,383,299,623,6.300000000000001,37.3351,29.3549
2009,4,16,11,30,15.5,421,230,612,6.5,36.8826,29.0097
2009,4,16,12,0,16.5,462,94,541,6.6000000000000005,32.7070,25.7307
2009,4,16,12,30,17.400000000000002,457,104,546,6.7,33.0391,25.9934
2009,4,16,13,0,18.3,365,445,742,6.800000000000001,44.8405,35.2751
2009,4,16,13,30,18.8,268,621,782,6.800000000000001,47.0889,37.0354
2009,4,16,14,0,19.3,143,847,817,6.800000000000001,48.8978,38.4427
2009,4,16,14,30,19.5,139,832,764,6.7,45.3180,35.6067
2009,4,16,15,0,19.6,159,763,690,6.6000000000000005,40.4239,31.7334
2009,4,16,15,30,19.3,151,732,615,6.5,35.4321,27.7794
2009,4,16,16,0,19.1,226,2,227,6.300000000000001,12.7888,10.0082
2009,4,16,16,30,18.400000000000002,283,74,319,5.800000000000001,17.4458,13.6151
2009,4,16,17,0,17.7,181,324,308,5.4,16.1970,12.5866
2009,4,16,17,30,16.2,147,300,238,4.6000000000000005,11.9186,9.1990
2009,4,16,18,0,14.700000000000001,112,34,119,3.8000000000000003,5.6957,4.3534
2009,4,16,18,30,13.4,54,5,55,3.9000000000000004,0.0000,0.0000
2009,4,16,19,0,12.100000000000001,7,0,7,4,0.0000,0.0000
2009,4,16,19,30,11.700000000000001,0,0,0,4.1000000000000005,0.0000,0.0000
2009,4,16,20,0,11.200000000000001,0,0,0,4.2,0.0000,0.0000
2009,4,16,20,30,10.5,0,0,0,3.8000000000000003,0.0000,0.0000
2009,4,16,21,0,9.9,0,0,0,3.5,0.0000,0.0000
2009,4,16,21,30,9.3,0,0,0,3.1,0.0000,0.0000
2009,4,16,22,0,8.6,0,0,0,2.6,0.0000,0.0000
2009,4,16,22,30,8.1,0,0,0,2.4000000000000004,0.0000,0.0000
2009,4,16,23,0,7.5,0,0,0,2.1,0.0000,0.0000
2009,4,16,23,30,7.1000000000000005,0,0,0,2,0.0000,0.0000
2009,4,17,0,0,6.7,0,0,0,2,0.0000,0.0000
2009,4,17,0,30,6.6000000000000005,0,0,0,1.9000000000000001,0.0000,0.0000
2009,4,17,1,0,6.5,0,0,0,1.8,0.0000,0.0000
2009,4,17,1,30,6.6000000000000005,0,0,0,1.7000000000000002,0.0000,0.0000
2009,4,17,2,0,6.7,0,0,0,1.6,0.0000,0.0000
2009,4,17,2,30,6.9,0,0,0,1.7000000000000002,0.0000,0.0000
2009,4,17,3,0,7.1000000000000005,0,0,0,1.8,0.0000,0.0000
2009,4,17,3,30,7,0,0,0,2,0.0000,0.0000
2009,4,17,4,0,6.9,0,0,0,2.2,0.0000,0.0000
2009,4,17,4,30,6.800000000000001,0,0,0,2.4000000000000004,0.0000,0.0000
2009,4,17,5,0,6.800000000000001,0,0,0,2.5,0.0000,0.0000
2009,4,17,5,30,6.9,0,0,0,2.6,0.0000,0.0000
2009,4,17,6,0,7.1000000000000005,10,0,10,2.7,0.0000,0.0000
2009,4,17,6,30,7.4,39,0,39,2.7,0.0000,0.0000
2009,4,17,7,0,7.800000000000001,121,157,158,2.6,7.6191,5.8366
2009,4,17,7,30,8.700000000000001,170,80,196,2.6,9.9288,7.6771
2009,4,17,8,0,9.600000000000001,204,295,326,2.5,17.3116,13.4681
2009,4,17,8,30,11,133,665,464,2.4000000000000004,25.5673,19.9679
2009,4,17,9,0,12.3,138,727,558,2.3000000000000003,31.6191,24.7566
2009,4,17,9,30,13.9,146,761,640,2,37.0349,29.0460
2009,4,17,10,0,15.4,143,809,718,1.8,42.2078,33.1419
2009,4,17,10,30,16.400000000000002,335,561,763,2.3000000000000003,45.3774,35.6598
2009,4,17,11,0,17.5,299,519,717,2.8000000000000003,42.9978,33.8086
2009,4,17,11,30,18.2,346,595,842,3.1,50.7750,39.9382
2009,4,17,12,0,18.900000000000002,283,652,838,3.4000000000000004,50.6913,39.8804
2009,4,17,12,30,19.3,334,522,782,3.4000000000000004,47.3458,37.2505
2009,4,17,13,0,19.8,447,225,638,3.5,38.5764,30.3483
2009,4,17,13,30,19.900000000000002,334,446,704,3.4000000000000004,42.4149,33.3605
2009,4,17,14,0,20.1,396,245,591,3.4000000000000004,35.3921,27.8258
2009,4,17,14,30,19.900000000000002,346,339,602,3.4000000000000004,35.7307,28.0751
2009,4,17,15,0,19.700000000000003,327,334,561,3.3000000000000003,32.8893,25.8199
2009,4,17,15,30,19.400000000000002,320,260,485,3.2,27.9645,21.9261
2009,4,17,16,0,19,289,171,385,3.1,21.7112,16.9920
2009,4,17,16,30,18.2,253,202,350,2.5,19.1638,14.9576
2009,4,17,17,0,17.5,218,30,230,1.8,12.1135,9.4151
2009,4,17,17,30,16.3,164,87,190,1.5,9.5308,7.3581
2009,4,17,18,0,15.100000000000001,86,7,87,1.2000000000000002,4.1679,3.1867
2009,4,17,18,30,14.3,41,1,41,1.2000000000000002,0.0000,0.0000
2009,4,17,19,0,13.5,7,0,7,1.2000000000000002,0.0000,0.0000
2009,4,17,19,30,13.200000000000001,0,0,0,1.2000000000000002,0.0000,0.0000
2009,4,17,20,0,12.8,0,0,0,1.2000000000000002,0.0000,0.0000
2009,4,17,20,30,12.4,0,0,0,1.3,0.0000,0.0000
2009,4,17,21,0,12.100000000000001,0,0,0,1.3,0.0000,0.0000
2009,4,17,21,30,11.600000000000001,0,0,0,1.4000000000000001,0.0000,0.0000
2009,4,17,22,0,11.200000000000001,0,0,0,1.4000000000000001,0.0000,0.0000
2009,4,17,22,30,10.8,0,0,0,1.3,0.0000,0.0000
2009,4,17,23,0,10.5,0,0,0,1.3,0.0000,0.0000
2009,4,17,23,30,10.3,0,0,0,1.2000000000000002,0.0000,0.0000
2009,4,18,0,0,10.100000000000001,0,0,0,1.1,0.0000,0.0000
2009,4,18,0,30,9.8,0,0,0,1.1,0.0000,0.0000
2009,4,18,1,0,9.600000000000001,0,0,0,1.1,0.0000,0.0000
2009,4,18,1,30,9.3,0,0,0,1.1,0.0000,0.0000
2009,4,18,2,0,8.9,0,0,0,1.1,0.0000,0.0000
2009,4,18,2,30,8.700000000000001,0,0,0,1.1,0.0000,0.0000
2009,4,18,3,0,8.5,0,0,0,1,0.0000,0.0000
2009,4,18,3,30,8.4,0,0,0,1,0.0000,0.0000
2009,4,18,4,0,8.4,0,0,0,0.9,0.0000,0.0000
2009,4,18,4,30,8.200000000000001,0,0,0,1,0.0000,0.0000
2009,4,18,5,0,8.1,0,0,0,1,0.0000,0.0000
2009,4,18,5,30,8.6,0,0,0,1.3,0.0000,0.0000
2009,4,18,6,0,9,6,0,6,1.7000000000000002,0.0000,0.0000
2009,4,18,6,30,9.600000000000001,20,0,20,1.9000000000000001,0.0000,0.0000
2009,4,18,7,0,10.3,9,0,9,2.2,0.4348,0.3333
2009,4,18,7,30,10.600000000000001,16,0,16,2.1,0.8125,0.6285
2009,4,18,8,0,11,20,0,20,1.9000000000000001,1.0642,0.8281
2009,4,18,8,30,11.4,28,0,28,1.8,1.5454,1.2071
2009,4,18,9,0,11.8,58,0,58,1.7000000000000002,3.2908,2.5768
2009,4,18,9,30,12.200000000000001,101,0,101,1.7000000000000002,5.8508,4.5891
2009,4,18,10,0,12.600000000000001,49,0,49,1.7000000000000002,2.8830,2.2639
2009,4,18,10,30,13.100000000000001,111,0,111,1.9000000000000001,6.6064,5.1919
2009,4,18,11,0,13.600000000000001,209,2,211,2,12.6617,9.9562
2009,4,18,11,30,13.9,233,2,235,2.1,14.1795,11.1536
2009,4,18,12,0,14.3,171,1,172,2.1,10.4102,8.1903
2009,4,18,12,30,14.700000000000001,233,2,235,2,14.2357,11.2006
2009,4,18,13,0,15.100000000000001,414,40,449,1.8,27.1630,21.3701
2009,4,18,13,30,15.200000000000001,420,173,564,1.7000000000000002,33.9989,26.7420
2009,4,18,14,0,15.3,397,183,543,1.5,32.5363,25.5815
2009,4,18,14,30,15.3,384,27,405,1.6,24.0534,18.9006
2009,4,18,15,0,15.3,358,242,528,1.7000000000000002,30.9759,24.3190
2009,4,18,15,30,15.200000000000001,370,69,414,2,23.8895,18.7322
2009,4,18,16,0,15,342,87,391,2.4000000000000004,22.0706,17.2747
2009,4,18,16,30,14.600000000000001,293,78,331,2.6,18.1447,14.1638
2009,4,18,17,0,14.100000000000001,222,27,233,2.8000000000000003,12.2900,9.5539
2009,4,18,17,30,13.4,72,0,72,2.7,3.6181,2.7941
2009,4,18,18,0,12.600000000000001,93,1,93,2.6,4.4600,3.4111
2009,4,18,18,30,11.9,41,0,41,2.7,0.0000,0.0000
2009,4,18,19,0,11.3,10,23,11,2.8000000000000003,0.0000,0.0000
2009,4,18,19,30,11,0,0,0,3,0.0000,0.0000
2009,4,18,20,0,10.700000000000001,0,0,0,3.2,0.0000,0.0000
2009,4,18,20,30,10.4,0,0,0,3.4000000000000004,0.0000,0.0000
2009,4,18,21,0,10.200000000000001,0,0,0,3.6,0.0000,0.0000
2009,4,18,21,30,10,0,0,0,3.9000000000000004,0.0000,0.0000
2009,4,18,22,0,9.700000000000001,0,0,0,4.2,0.0000,0.0000
2009,4,18,22,30,9.3,0,0,0,4.7,0.0000,0.0000
2009,4,18,23,0,8.9,0,0,0,5.2,0.0000,0.0000
2009,4,18,23,30,8.3,0,0,0,5.7,0.0000,0.0000
2009,4,19,0,0,7.7,0,0,0,6.2,0.0000,0.0000
2009,4,19,0,30,7.1000000000000005,0,0,0,6.5,0.0000,0.0000
2009,4,19,1,0,6.4,0,0,0,6.800000000000001,0.0000,0.0000
2009,4,19,1,30,5.9,0,0,0,6.6000000000000005,0.0000,0.0000
2009,4,19,2,0,5.4,0,0,0,6.5,0.0000,0.0000
2009,4,19,2,30,5.1000000000000005,0,0,0,6.2,0.0000,0.0000
2009,4,19,3,0,4.9,0,0,0,5.9,0.0000,0.0000
2009,4,19,3,30,4.6000000000000005,0,0,0,5.7,0.0000,0.0000
2009,4,19,4,0,4.4,0,0,0,5.5,0.0000,0.0000
2009,4,19,4,30,4.1000000000000005,0,0,0,5.6000000000000005,0.0000,0.0000
2009,4,19,5,0,3.9000000000000004,0,0,0,5.6000000000000005,0.0000,0.0000
2009,4,19,5,30,3.8000000000000003,0,0,0,5.9,0.0000,0.0000
2009,4,19,6,0,3.8000000000000003,5,0,5,6.2,0.0000,0.0000
2009,4,19,6,30,4.2,18,0,18,6.4,0.0000,0.0000
2009,4,19,7,0,4.5,44,0,44,6.7,2.1301,1.6334
2009,4,19,7,30,5.2,81,0,81,6.800000000000001,4.1232,3.1904
2009,4,19,8,0,5.800000000000001,164,18,171,6.9,9.1175,7.0965
2009,4,19,8,30,6.7,200,2,201,6.9,11.1110,8.6803
2009,4,19,9,0,7.5,346,180,451,6.9,25.6206,20.0642
2009,4,19,9,30,8.700000000000001,266,423,544,6.800000000000001,31.5445,24.7439
2009,4,19,10,0,9.8,116,887,754,6.800000000000001,44.3998,34.8674
2009,4,19,10,30,11,120,905,818,6.7,48.7200,38.2904
2009,4,19,11,0,12.200000000000001,117,931,873,6.7,52.4210,41.2215
2009,4,19,11,30,13.200000000000001,119,939,910,6.800000000000001,54.9407,43.2182
2009,4,19,12,0,14.100000000000001,126,935,928,6.9,56.1975,44.2154
2009,4,19,12,30,14.700000000000001,127,936,935,7,56.6692,44.5889
2009,4,19,13,0,15.4,128,931,924,7.1000000000000005,55.9282,44.0021
2009,4,19,13,30,15.700000000000001,126,926,900,7.1000000000000005,54.2820,42.6972
2009,4,19,14,0,16,124,911,856,7.2,51.3191,40.3508
2009,4,19,14,30,16.1,121,897,803,7.1000000000000005,47.7187,37.4977
2009,4,19,15,0,16.1,119,878,738,7.1000000000000005,43.3253,34.0161
2009,4,19,15,30,16,114,852,660,6.9,38.1144,29.8880
2009,4,19,16,0,15.9,105,824,573,6.7,32.3744,25.3416
2009,4,19,16,30,15.4,97,779,478,6.1000000000000005,26.2333,20.4802
2009,4,19,17,0,15,89,717,377,5.6000000000000005,19.9137,15.4829
2009,4,19,17,30,13.5,77,635,275,4.1000000000000005,13.8421,10.6925
2009,4,19,18,0,11.9,62,516,175,2.6,8.4012,6.4277
2009,4,19,18,30,10.100000000000001,42,341,84,2.2,0.0000,0.0000
2009,4,19,19,0,8.3,14,88,17,1.7000000000000002,0.0000,0.0000
2009,4,19,19,30,7.800000000000001,0,0,0,1.6,0.0000,0.0000
2009,4,19,20,0,7.300000000000001,0,0,0,1.5,0.0000,0.0000
2009,4,19,20,30,7.1000000000000005,0,0,0,1.5,0.0000,0.0000
2009,4,19,21,0,7,0,0,0,1.4000000000000001,0.0000,0.0000
2009,4,19,21,30,7.1000000000000005,0,0,0,1.4000000000000001,0.0000,0.0000
2009,4,19,22,0,7.1000000000000005,0,0,0,1.3,0.0000,0.0000
2009,4,19,22,30,6.300000000000001,0,0,0,1.4000000000000001,0.0000,0.0000
2009,4,19,23,0,5.6000000000000005,0,0,0,1.5,0.0000,0.0000
2009,4,19,23,30,5.300000000000001,0,0,0,1.6,0.0000,0.0000
2009,4,20,0,0,5.1000000000000005,0,0,0,1.8,0.0000,0.0000
2009,4,20,0,30,5.2,0,0,0,2.1,0.0000,0.0000
2009,4,20,1,0,5.2,0,0,0,2.5,0.0000,0.0000
2009,4,20,1,30,5.1000000000000005,0,0,0,2.9000000000000004,0.0000,0.0000
2009,4,20,2,0,4.9,0,0,0,3.4000000000000004,0.0000,0.0000
2009,4,20,2,30,4.5,0,0,0,3.7,0.0000,0.0000
2009,4,20,3,0,4.2,0,0,0,4,0.0000,0.0000
2009,4,20,3,30,3.8000000000000003,0,0,0,4,0.0000,0.0000
2009,4,20,4,0,3.3000000000000003,0,0,0,4,0.0000,0.0000
2009,4,20,4,30,3,0,0,0,4,0.0000,0.0000
2009,4,20,5,0,2.6,0,0,0,4,0.0000,0.0000
2009,4,20,5,30,3,0,0,0,4.4,0.0000,0.0000
2009,4,20,6,0,3.4000000000000004,22,220,34,4.800000000000001,0.0000,0.0000
2009,4,20,6,30,4.6000000000000005,44,460,112,4.9,0.0000,0.0000
2009,4,20,7,0,5.7,61,615,210,5.1000000000000005,10.1874,7.8155
2009,4,20,7,30,7.2,73,716,314,6.300000000000001,16.0214,12.4010
2009,4,20,8,0,8.6,81,794,419,7.5,22.3834,17.4256
2009,4,20,8,30,9.4,88,845,520,7.9,28.7875,22.4928
2009,4,20,9,0,10.200000000000001,88,897,617,8.4,35.0926,27.4847
2009,4,20,9,30,10.9,267,654,698,8.700000000000001,40.5152,31.7831
2009,4,20,10,0,11.5,358,445,679,9,40.0169,31.4273
2009,4,20,10,30,12,404,405,717,9.1,42.7347,33.5880
2009,4,20,11,0,12.5,238,670,784,9.3,47.1067,37.0442
2009,4,20,11,30,12.9,242,673,810,9.4,48.9312,38.4923
2009,4,20,12,0,13.200000000000001,292,622,828,9.4,50.1688,39.4734
2009,4,20,12,30,13.5,239,678,827,9.4,50.1490,39.4599
2009,4,20,13,0,13.700000000000001,292,643,845,9.4,51.1720,40.2615
2009,4,20,13,30,13.8,140,913,906,9.4,54.6722,43.0056
2009,4,20,14,0,14,456,334,726,9.3,43.5488,34.2425
2009,4,20,14,30,13.9,227,727,782,9.200000000000001,46.4985,36.5403
2009,4,20,15,0,13.8,110,908,753,9.1,44.2344,34.7315
2009,4,20,15,30,13.600000000000001,105,883,674,9,38.9529,30.5473
2009,4,20,16,0,13.3,95,863,588,8.8,33.2531,26.0315
2009,4,20,16,30,12.8,88,822,492,8.4,27.0328,21.1066
2009,4,20,17,0,12.3,77,777,392,8,20.7351,16.1242
2009,4,20,17,30,11.4,67,702,288,7.1000000000000005,14.5207,11.2196
2009,4,20,18,0,10.4,55,596,186,6.1000000000000005,8.9398,6.8421
2009,4,20,18,30,9.1,38,428,92,5.5,0.0000,0.0000
2009,4,20,19,0,7.7,14,1,14,4.800000000000001,0.0000,0.0000
2009,4,20,19,30,7,0,0,0,4.7,0.0000,0.0000
2009,4,20,20,0,6.300000000000001,0,0,0,4.6000000000000005,0.0000,0.0000
2009,4,20,20,30,5.7,0,0,0,4.2,0.0000,0.0000
2009,4,20,21,0,5,0,0,0,3.9000000000000004,0.0000,0.0000
2009,4,20,21,30,4.7,0,0,0,3.5,0.0000,0.0000
2009,4,20,22,0,4.3,0,0,0,3.2,0.0000,0.0000
2009,4,20,22,30,3.9000000000000004,0,0,0,2.9000000000000004,0.0000,0.0000
2009,4,20,23,0,3.4000000000000004,0,0,0,2.6,0.0000,0.0000
2009,4,20,23,30,3.1,0,0,0,2.6,0.0000,0.0000
2009,4,21,0,0,2.8000000000000003,0,0,0,2.5,0.0000,0.0000
2009,4,21,0,30,2.8000000000000003,0,0,0,2.6,0.0000,0.0000
2009,4,21,1,0,2.7,0,0,0,2.7,0.0000,0.0000
2009,4,21,1,30,2.9000000000000004,0,0,0,3,0.0000,0.0000
2009,4,21,2,0,3.1,0,0,0,3.2,0.0000,0.0000
2009,4,21,2,30,3.2,0,0,0,3.4000000000000004,0.0000,0.0000
2009,4,21,3,0,3.3000000000000003,0,0,0,3.6,0.0000,0.0000
2009,4,21,3,30,3.3000000000000003,0,0,0,3.6,0.0000,0.0000
2009,4,21,4,0,3.3000000000000003,0,0,0,3.6,0.0000,0.0000
2009,4,21,4,30,3.2,0,0,0,3.5,0.0000,0.0000
2009,4,21,5,0,3.1,0,0,0,3.3000000000000003,0.0000,0.0000
2009,4,21,5,30,3.6,0,0,0,3.4000000000000004,0.0000,0.0000
2009,4,21,6,0,4.1000000000000005,7,0,7,3.4000000000000004,0.0000,0.0000
2009,4,21,6,30,5.1000000000000005,13,0,13,3.5,0.0000,0.0000
2009,4,21,7,0,6.1000000000000005,24,0,24,3.6,1.1667,0.8955
2009,4,21,7,30,7.5,19,0,19,3.6,0.9717,0.7524
2009,4,21,8,0,8.9,68,0,68,3.6,3.6395,2.8340
2009,4,21,8,30,10.100000000000001,87,0,87,3.4000000000000004,4.8237,3.7695
2009,4,21,9,0,11.3,344,102,404,3.3000000000000003,23.0051,18.0195
2009,4,21,9,30,12.3,375,229,527,3,30.6190,24.0215
2009,4,21,10,0,13.3,96,918,762,2.7,44.9443,35.2991
2009,4,21,10,30,14.200000000000001,99,934,825,2.7,49.2061,38.6761
2009,4,21,11,0,15.100000000000001,104,942,874,2.6,52.5462,41.3234
2009,4,21,11,30,15.8,105,949,910,2.6,55.0021,43.2695
2009,4,21,12,0,16.5,113,942,928,2.6,56.2568,44.2650
2009,4,21,12,30,17,114,944,934,2.6,56.6659,44.5891
2009,4,21,13,0,17.6,110,947,926,2.7,56.1049,44.1440
2009,4,21,13,30,17.900000000000002,108,939,898,2.8000000000000003,54.2162,42.6483
2009,4,21,14,0,18.3,104,934,860,2.9000000000000004,51.6142,40.5857
2009,4,21,14,30,18.400000000000002,101,922,806,3.1,47.9528,37.6846
2009,4,21,15,0,18.6,113,872,734,3.3000000000000003,43.1458,33.8783
2009,4,21,15,30,18.400000000000002,108,844,654,3.4000000000000004,37.8259,29.6653
2009,4,21,16,0,18.3,101,813,568,3.5,32.1503,25.1701
2009,4,21,16,30,17.8,94,770,475,3.2,26.1285,20.4028
2009,4,21,17,0,17.2,86,707,375,2.9000000000000004,19.8650,15.4503
2009,4,21,17,30,15.600000000000001,75,627,274,2.1,13.8379,10.6947
2009,4,21,18,0,14,61,514,176,1.3,8.4690,6.4839
2009,4,21,18,30,12.700000000000001,66,124,82,1.3,0.0000,0.0000
2009,4,21,19,0,11.5,12,0,12,1.3,0.0000,0.0000
2009,4,21,19,30,11.3,0,0,0,1.2000000000000002,0.0000,0.0000
2009,4,21,20,0,11.200000000000001,0,0,0,1.2000000000000002,0.0000,0.0000
2009,4,21,20,30,11.200000000000001,0,0,0,1.1,0.0000,0.0000
2009,4,21,21,0,11.3,0,0,0,1,0.0000,0.0000
2009,4,21,21,30,11.5,0,0,0,0.9,0.0000,0.0000
2009,4,21,22,0,11.600000000000001,0,0,0,0.7000000000000001,0.0000,0.0000
2009,4,21,22,30,11.5,0,0,0,0.6000000000000001,0.0000,0.0000
2009,4,21,23,0,11.4,0,0,0,0.4,0.0000,0.0000
2009,4,21,23,30,11,0,0,0,0.5,0.0000,0.0000
2009,4,22,0,0,10.700000000000001,0,0,0,0.5,0.0000,0.0000
2009,4,22,0,30,10.100000000000001,0,0,0,0.7000000000000001,0.0000,0.0000
2009,4,22,1,0,9.5,0,0,0,0.8,0.0000,0.0000
2009,4,22,1,30,9,0,0,0,0.9,0.0000,0.0000
2009,4,22,2,0,8.6,0,0,0,1,0.0000,0.0000
2009,4,22,2,30,8,0,0,0,1.1,0.0000,0.0000
2009,4,22,3,0,7.5,0,0,0,1.2000000000000002,0.0000,0.0000
2009,4,22,3,30,7,0,0,0,1.2000000000000002,0.0000,0.0000
2009,4,22,4,0,6.6000000000000005,0,0,0,1.3,0.0000,0.0000
2009,4,22,4,30,6.2,0,0,0,1.3,0.0000,0.0000
2009,4,22,5,0,5.9,0,0,0,1.3,0.0000,0.0000
2009,4,22,5,30,6.6000000000000005,0,0,0,1.2000000000000002,0.0000,0.0000
2009,4,22,6,0,7.2,22,249,37,1.1,0.0000,0.0000
2009,4,22,6,30,9,42,471,116,1.4000000000000001,0.0000,0.0000
2009,4,22,7,0,10.700000000000001,57,612,211,1.7000000000000002,10.2790,7.8931
2009,4,22,7,30,12.100000000000001,68,708,312,1.4000000000000001,15.9925,12.3866
2009,4,22,8,0,13.4,77,776,414,1.1,22.1982,17.2885
2009,4,22,8,30,15.700000000000001,84,825,512,0.9,28.4288,22.2187
2009,4,22,9,0,18,88,866,605,0.7000000000000001,34.4908,27.0186
2009,4,22,9,30,19.3,93,894,689,0.6000000000000001,40.0680,31.4367
2009,4,22,10,0,20.6,99,910,763,0.4,45.0388,35.3753
2009,4,22,10,30,21.6,102,926,825,0.5,49.2390,38.7037
2009,4,22,11,0,22.5,106,936,875,0.5,52.6378,41.3970
2009,4,22,11,30,23.200000000000003,107,944,910,0.9,55.0316,43.2943
2009,4,22,12,0,23.900000000000002,113,940,929,1.2000000000000002,56.3460,44.3365
2009,4,22,12,30,24.400000000000002,113,938,931,1.6,56.5110,44.4685
2009,4,22,13,0,24.900000000000002,113,935,922,2,55.8897,43.9760
2009,4,22,13,30,25.200000000000003,112,930,897,2.3000000000000003,54.1822,42.6229
2009,4,22,14,0,25.5,108,924,858,2.7,51.5203,40.5132
2009,4,22,14,30,25.700000000000003,105,911,805,2.9000000000000004,47.9202,37.6604
2009,4,22,15,0,25.8,98,899,740,3.1,43.5260,34.1784
2009,4,22,15,30,25.700000000000003,94,880,666,3.2,38.5477,30.2330
2009,4,22,16,0,25.5,88,851,579,3.3000000000000003,32.8031,25.6832
2009,4,22,16,30,24.700000000000003,82,812,485,2.8000000000000003,26.7071,20.8568
2009,4,22,17,0,23.8,74,758,386,2.3000000000000003,20.4760,15.9280
2009,4,22,17,30,21.8,65,685,284,2.2,14.3668,11.1063
2009,4,22,18,0,19.8,52,588,185,2,8.9129,6.8261
2009,4,22,18,30,18.400000000000002,36,432,93,2.3000000000000003,0.0000,0.0000
2009,4,22,19,0,16.900000000000002,15,172,22,2.6,0.0000,0.0000
2009,4,22,19,30,16.7,0,0,0,3.1,0.0000,0.0000
2009,4,22,20,0,16.6,0,0,0,3.5,0.0000,0.0000
2009,4,22,20,30,16.400000000000002,0,0,0,4,0.0000,0.0000
2009,4,22,21,0,16.3,0,0,0,4.5,0.0000,0.0000
2009,4,22,21,30,15.9,0,0,0,4.800000000000001,0.0000,0.0000
2009,4,22,22,0,15.5,0,0,0,5,0.0000,0.0000
2009,4,22,22,30,15.100000000000001,0,0,0,5.2,0.0000,0.0000
2009,4,22,23,0,14.700000000000001,0,0,0,5.300000000000001,0.0000,0.0000
2009,4,22,23,30,14.3,0,0,0,5.4,0.0000,0.0000
2009,4,23,0,0,14,0,0,0,5.4,0.0000,0.0000
2009,4,23,0,30,13.700000000000001,0,0,0,5.4,0.0000,0.0000
2009,4,23,1,0,13.3,0,0,0,5.300000000000001,0.0000,0.0000
2009,4,23,1,30,13,0,0,0,5.1000000000000005,0.0000,0.0000
2009,4,23,2,0,12.700000000000001,0,0,0,4.9,0.0000,0.0000
2009,4,23,2,30,12.4,0,0,0,4.800000000000001,0.0000,0.0000
2009,4,23,3,0,12.100000000000001,0,0,0,4.6000000000000005,0.0000,0.0000
2009,4,23,3,30,12,0,0,0,4.5,0.0000,0.0000
2009,4,23,4,0,11.9,0,0,0,4.5,0.0000,0.0000
2009,4,23,4,30,11.8,0,0,0,4.4,0.0000,0.0000
2009,4,23,5,0,11.8,0,0,0,4.4,0.0000,0.0000
2009,4,23,5,30,12.200000000000001,0,0,0,4.5,0.0000,0.0000
2009,4,23,6,0,12.600000000000001,24,1,24,4.6000000000000005,0.0000,0.0000
2009,4,23,6,30,13.700000000000001,46,426,115,4.6000000000000005,0.0000,0.0000
2009,4,23,7,0,14.8,60,590,211,4.5,10.3009,7.9136
2009,4,23,7,30,16.400000000000002,72,687,312,4.6000000000000005,16.0280,12.4180
2009,4,23,8,0,18.1,79,766,414,4.800000000000001,22.2378,17.3226
2009,4,23,8,30,20.1,86,818,514,5.5,28.5791,22.3390
2009,4,23,9,0,22,86,872,610,6.2,34.8144,27.2746
2009,4,23,9,30,23.5,90,899,694,6.5,40.3953,31.6956
2009,4,23,10,0,25,93,922,768,6.7,45.3680,35.6357
2009,4,23,10,30,25.900000000000002,96,934,828,6.7,49.4506,38.8717
2009,4,23,11,0,26.8,98,946,878,6.7,52.8485,41.5642
2009,4,23,11,30,27.400000000000002,100,950,911,6.7,55.1213,43.3663
2009,4,23,12,0,28,106,943,927,6.7,56.2527,44.2645
2009,4,23,12,30,28.3,106,944,932,6.7,56.5984,44.5387
2009,4,23,13,0,28.700000000000003,112,931,919,6.7,55.7345,43.8551
2009,4,23,13,30,28.8,110,922,891,6.7,53.8457,42.3594
2009,4,23,14,0,29,114,901,848,6.6000000000000005,50.9453,40.0624
2009,4,23,14,30,29,112,888,796,6.4,47.4107,37.2615
2009,4,23,15,0,29,137,805,714,6.300000000000001,42.0230,32.9997
2009,4,23,15,30,28.8,131,777,638,6,36.9548,28.9854
2009,4,23,16,0,28.5,128,730,551,5.7,31.2438,24.4641
2009,4,23,16,30,27.700000000000003,118,679,458,5.300000000000001,25.2486,19.7199
2009,4,23,17,0,26.900000000000002,108,610,360,4.9,19.1229,14.8778
2009,4,23,17,30,25.5,93,522,262,4.9,13.2759,10.2655
2009,4,23,18,0,24.1,67,460,173,4.9,8.3448,6.3930
2009,4,23,18,30,23.1,45,300,86,5.300000000000001,0.0000,0.0000
2009,4,23,19,0,22,16,88,20,5.7,0.0000,0.0000
2009,4,23,19,30,21.5,0,0,0,6.1000000000000005,0.0000,0.0000
2009,4,23,20,0,20.900000000000002,0,0,0,6.5,0.0000,0.0000
2009,4,23,20,30,20.3,0,0,0,6.7,0.0000,0.0000
2009,4,23,21,0,19.8,0,0,0,6.9,0.0000,0.0000
2009,4,23,21,30,19.200000000000003,0,0,0,6.5,0.0000,0.0000
2009,4,23,22,0,18.6,0,0,0,6.2,0.0000,0.0000
2009,4,23,22,30,18,0,0,0,5.800000000000001,0.0000,0.0000
2009,4,23,23,0,17.400000000000002,0,0,0,5.5,0.0000,0.0000
2009,4,23,23,30,17.1,0,0,0,5.5,0.0000,0.0000
2009,4,24,0,0,16.8,0,0,0,5.4,0.0000,0.0000
2009,4,24,0,30,16.5,0,0,0,5.2,0.0000,0.0000
2009,4,24,1,0,16.2,0,0,0,5,0.0000,0.0000
2009,4,24,1,30,15.700000000000001,0,0,0,4.7,0.0000,0.0000
2009,4,24,2,0,15.3,0,0,0,4.3,0.0000,0.0000
2009,4,24,2,30,14.600000000000001,0,0,0,3.8000000000000003,0.0000,0.0000
2009,4,24,3,0,14,0,0,0,3.3000000000000003,0.0000,0.0000
2009,4,24,3,30,13.100000000000001,0,0,0,2.8000000000000003,0.0000,0.0000
2009,4,24,4,0,12.3,0,0,0,2.2,0.0000,0.0000
2009,4,24,4,30,11.9,0,0,0,1.8,0.0000,0.0000
2009,4,24,5,0,11.4,0,0,0,1.4000000000000001,0.0000,0.0000
2009,4,24,5,30,12.3,0,0,0,1.7000000000000002,0.0000,0.0000
2009,4,24,6,0,13.200000000000001,26,203,41,1.9000000000000001,0.0000,0.0000
2009,4,24,6,30,14.100000000000001,50,413,119,2.1,0.0000,0.0000
2009,4,24,7,0,15,66,560,212,2.4000000000000004,10.3713,7.9711
2009,4,24,7,30,16.2,80,658,312,2.6,16.0634,12.4491
2009,4,24,8,0,17.400000000000002,89,731,412,2.8000000000000003,22.1694,17.2726
2009,4,24,8,30,18.400000000000002,97,780,508,2.8000000000000003,28.2839,22.1110
2009,4,24,9,0,19.400000000000002,101,827,601,2.8000000000000003,34.3368,26.9027
2009,4,24,9,30,20.200000000000003,106,854,682,2.9000000000000004,39.7323,31.1775
2009,4,24,10,0,21.1,111,873,753,3,44.5149,34.9675
2009,4,24,10,30,21.700000000000003,294,645,802,3.3000000000000003,47.9279,37.6764
2009,4,24,11,0,22.400000000000002,285,543,735,3.5,44.2660,34.8155
2009,4,24,11,30,22.8,274,615,800,3.7,48.4295,38.1028
2009,4,24,12,0,23.200000000000003,260,639,819,3.9000000000000004,49.7227,39.1273
2009,4,24,12,30,23.400000000000002,295,596,818,3.9000000000000004,49.6985,39.1101
2009,4,24,13,0,23.6,426,431,801,4,48.6003,38.2427
2009,4,24,13,30,23.700000000000003,139,866,875,3.9000000000000004,52.9039,41.6198
2009,4,24,14,0,23.8,139,850,833,3.9000000000000004,50.0689,39.3746
2009,4,24,14,30,23.5,135,835,781,4.1000000000000005,46.5418,36.5799
2009,4,24,15,0,23.1,131,811,714,4.4,42.0491,33.0216
2009,4,24,15,30,22.200000000000003,125,787,641,4.9,37.1548,29.1438
2009,4,24,16,0,21.3,117,755,557,5.4,31.6111,24.7535
2009,4,24,16,30,20.1,108,710,465,5.6000000000000005,25.6615,20.0444
2009,4,24,17,0,18.8,219,235,317,5.9,16.8617,13.1206
2009,4,24,17,30,17.400000000000002,85,574,272,5.7,13.8053,10.6775
2009,4,24,18,0,16,119,200,166,5.6000000000000005,8.0182,6.1449
2009,4,24,18,30,14.700000000000001,72,76,83,5.2,0.0000,0.0000
2009,4,24,19,0,13.4,19,1,19,4.800000000000001,0.0000,0.0000
2009,4,24,19,30,12.5,0,0,0,4.7,0.0000,0.0000
2009,4,24,20,0,11.600000000000001,0,0,0,4.5,0.0000,0.0000
2009,4,24,20,30,11,0,0,0,4.6000000000000005,0.0000,0.0000
2009,4,24,21,0,10.3,0,0,0,4.6000000000000005,0.0000,0.0000
2009,4,24,21,30,9.600000000000001,0,0,0,4.9,0.0000,0.0000
2009,4,24,22,0,9,0,0,0,5.2,0.0000,0.0000
2009,4,24,22,30,8.3,0,0,0,5.6000000000000005,0.0000,0.0000
2009,4,24,23,0,7.6000000000000005,0,0,0,5.9,0.0000,0.0000
2009,4,24,23,30,7.1000000000000005,0,0,0,5.9,0.0000,0.0000
2009,4,25,0,0,6.6000000000000005,0,0,0,5.9,0.0000,0.0000
2009,4,25,0,30,6.4,0,0,0,5.7,0.0000,0.0000
2009,4,25,1,0,6.2,0,0,0,5.4,0.0000,0.0000
2009,4,25,1,30,6,0,0,0,5.300000000000001,0.0000,0.0000
2009,4,25,2,0,5.9,0,0,0,5.2,0.0000,0.0000
2009,4,25,2,30,5.7,0,0,0,5.1000000000000005,0.0000,0.0000
2009,4,25,3,0,5.6000000000000005,0,0,0,5.1000000000000005,0.0000,0.0000
2009,4,25,3,30,5.300000000000001,0,0,0,5.4,0.0000,0.0000
2009,4,25,4,0,5.1000000000000005,0,0,0,5.7,0.0000,0.0000
2009,4,25,4,30,4.800000000000001,0,0,0,6,0.0000,0.0000
2009,4,25,5,0,4.6000000000000005,0,0,0,6.300000000000001,0.0000,0.0000
2009,4,25,5,30,4.4,0,0,0,6.300000000000001,0.0000,0.0000
2009,4,25,6,0,4.2,14,0,14,6.4,0.0000,0.0000
2009,4,25,6,30,4.4,20,0,20,6.300000000000001,0.0000,0.0000
2009,4,25,7,0,4.5,27,0,27,6.2,1.3238,1.0179
2009,4,25,7,30,5,38,0,38,6,1.9606,1.5199
2009,4,25,8,0,5.4,101,1,102,5.9,5.4977,4.2841
2009,4,25,8,30,5.9,50,0,50,5.800000000000001,2.7876,2.1795
2009,4,25,9,0,6.5,208,1,209,5.6000000000000005,11.9537,9.3665
2009,4,25,9,30,7.2,160,2,161,5.6000000000000005,9.3876,7.3668
2009,4,25,10,0,8,350,67,400,5.6000000000000005,23.6634,18.5891
2009,4,25,10,30,8.700000000000001,357,39,387,5.4,23.1416,18.1925
2009,4,25,11,0,9.4,386,171,529,5.300000000000001,31.8766,25.0721
2009,4,25,11,30,9.8,406,209,586,5.1000000000000005,35.4923,27.9251
2009,4,25,12,0,10.100000000000001,434,50,478,4.9,29.0337,22.8476
2009,4,25,12,30,10.200000000000001,277,3,280,4.800000000000001,17.0193,13.3936
2009,4,25,13,0,10.3,126,0,126,4.7,7.6483,6.0185
2009,4,25,13,30,10.4,137,0,137,4.7,8.2870,6.5196
2009,4,25,14,0,10.5,199,1,200,4.6000000000000005,12.0272,9.4586
2009,4,25,14,30,10.4,264,6,269,4.6000000000000005,16.0391,12.6065
2009,4,25,15,0,10.3,121,0,121,4.7,7.1301,5.5996
2009,4,25,15,30,10.4,110,0,111,4.9,6.4385,5.0506
2009,4,25,16,0,10.5,80,0,81,5.1000000000000005,4.6009,3.6030
2009,4,25,16,30,10.4,79,0,79,4.9,4.3642,3.4093
2009,4,25,17,0,10.3,55,0,55,4.800000000000001,2.9295,2.2799
2009,4,25,17,30,9.8,45,0,45,4.3,2.2877,1.7698
2009,4,25,18,0,9.4,80,1,80,3.8000000000000003,3.8691,2.9661
2009,4,25,18,30,8.9,39,0,39,3.5,0.0000,0.0000
2009,4,25,19,0,8.4,8,0,8,3.1,0.0000,0.0000
2009,4,25,19,30,8.200000000000001,0,0,0,3.3000000000000003,0.0000,0.0000
2009,4,25,20,0,7.9,0,0,0,3.5,0.0000,0.0000
2009,4,25,20,30,7.6000000000000005,0,0,0,3.5,0.0000,0.0000
2009,4,25,21,0,7.4,0,0,0,3.6,0.0000,0.0000
2009,4,25,21,30,7.1000000000000005,0,0,0,3.6,0.0000,0.0000
2009,4,25,22,0,6.9,0,0,0,3.5,0.0000,0.0000
2009,4,25,22,30,6.7,0,0,0,3.6,0.0000,0.0000
2009,4,25,23,0,6.5,0,0,0,3.6,0.0000,0.0000
2009,4,25,23,30,6.4,0,0,0,3.4000000000000004,0.0000,0.0000
2009,4,26,0,0,6.300000000000001,0,0,0,3.2,0.0000,0.0000
2009,4,26,0,30,6.300000000000001,0,0,0,2.8000000000000003,0.0000,0.0000
2009,4,26,1,0,6.300000000000001,0,0,0,2.3000000000000003,0.0000,0.0000
2009,4,26,1,30,6.4,0,0,0,2.3000000000000003,0.0000,0.0000
2009,4,26,2,0,6.4,0,0,0,2.3000000000000003,0.0000,0.0000
2009,4,26,2,30,6.4,0,0,0,2.4000000000000004,0.0000,0.0000
2009,4,26,3,0,6.5,0,0,0,2.4000000000000004,0.0000,0.0000
2009,4,26,3,30,6.7,0,0,0,2,0.0000,0.0000
2009,4,26,4,0,6.9,0,0,0,1.7000000000000002,0.0000,0.0000
2009,4,26,4,30,6.800000000000001,0,0,0,1.3,0.0000,0.0000
2009,4,26,5,0,6.7,0,0,0,0.9,0.0000,0.0000
2009,4,26,5,30,7.2,0,0,0,1.5,0.0000,0.0000
2009,4,26,6,0,7.7,7,0,7,2.2,0.0000,0.0000
2009,4,26,6,30,8.700000000000001,9,0,9,2.5,0.4291,0.3270
2009,4,26,7,0,9.700000000000001,11,0,11,2.9000000000000004,0.5404,0.4157
2009,4,26,7,30,10.8,186,36,199,2.8000000000000003,10.2876,7.9773
2009,4,26,8,0,12,17,0,17,2.8000000000000003,0.9178,0.7153
2009,4,26,8,30,13,44,0,44,2.8000000000000003,2.4562,1.9206
2009,4,26,9,0,13.9,83,0,83,2.8000000000000003,4.7518,3.7237
2009,4,26,9,30,14.8,50,0,50,3,2.9178,2.2898
2009,4,26,10,0,15.600000000000001,82,0,82,3.1,4.8544,3.8136
2009,4,26,10,30,16.3,24,0,24,3.4000000000000004,1.4360,1.1289
2009,4,26,11,0,16.900000000000002,60,0,60,3.7,3.6174,2.8453
2009,4,26,11,30,17.6,186,1,187,3.8000000000000003,11.3316,8.9159
2009,4,26,12,0,18.2,115,0,115,3.9000000000000004,6.9882,5.4994
2009,4,26,12,30,18.900000000000002,50,0,50,3.9000000000000004,3.0405,2.3928
2009,4,26,13,0,19.700000000000003,332,8,340,4,20.6475,16.2480
2009,4,26,13,30,20.1,115,0,116,4.1000000000000005,7.0198,5.5229
2009,4,26,14,0,20.6,56,0,56,4.1000000000000005,3.3692,2.6497
2009,4,26,14,30,20.400000000000002,64,0,64,4,3.8180,3.0010
2009,4,26,15,0,20.3,58,0,58,3.8000000000000003,3.4197,2.6858
2009,4,26,15,30,19.400000000000002,37,0,37,3.7,2.1476,1.6847
2009,4,26,16,0,18.6,28,0,28,3.6,1.5917,1.2466
2009,4,26,16,30,17.400000000000002,29,0,29,4.4,1.6037,1.2529
2009,4,26,17,0,16.2,34,0,34,5.1000000000000005,1.8132,1.4114
2009,4,26,17,30,14.9,25,0,25,5.4,1.2729,0.9850
2009,4,26,18,0,13.700000000000001,41,0,41,5.7,1.9857,1.5228
2009,4,26,18,30,12.700000000000001,23,0,23,5.6000000000000005,0.0000,0.0000
2009,4,26,19,0,11.700000000000001,10,0,10,5.6000000000000005,0.0000,0.0000
2009,4,26,19,30,11,0,0,0,5,0.0000,0.0000
2009,4,26,20,0,10.3,0,0,0,4.5,0.0000,0.0000
2009,4,26,20,30,9.600000000000001,0,0,0,3.7,0.0000,0.0000
2009,4,26,21,0,8.9,0,0,0,3,0.0000,0.0000
2009,4,26,21,30,8.6,0,0,0,3,0.0000,0.0000
2009,4,26,22,0,8.200000000000001,0,0,0,2.9000000000000004,0.0000,0.0000
2009,4,26,22,30,7.9,0,0,0,3.4000000000000004,0.0000,0.0000
2009,4,26,23,0,7.6000000000000005,0,0,0,3.9000000000000004,0.0000,0.0000
2009,4,26,23,30,7.300000000000001,0,0,0,3.9000000000000004,0.0000,0.0000
2009,4,27,0,0,6.9,0,0,0,3.8000000000000003,0.0000,0.0000
2009,4,27,0,30,6.5,0,0,0,4,0.0000,0.0000
2009,4,27,1,0,6.2,0,0,0,4.1000000000000005,0.0000,0.0000
2009,4,27,1,30,5.800000000000001,0,0,0,4.4,0.0000,0.0000
2009,4,27,2,0,5.4,0,0,0,4.6000000000000005,0.0000,0.0000
2009,4,27,2,30,5.1000000000000005,0,0,0,4.5,0.0000,0.0000
2009,4,27,3,0,4.800000000000001,0,0,0,4.4,0.0000,0.0000
2009,4,27,3,30,4.6000000000000005,0,0,0,4.5,0.0000,0.0000
2009,4,27,4,0,4.4,0,0,0,4.7,0.0000,0.0000
2009,4,27,4,30,4.1000000000000005,0,0,0,4.9,0.0000,0.0000
2009,4,27,5,0,3.8000000000000003,0,0,0,5.1000000000000005,0.0000,0.0000
2009,4,27,5,30,3.8000000000000003,0,0,0,5.4,0.0000,0.0000
2009,4,27,6,0,3.7,18,0,18,5.7,0.0000,0.0000
2009,4,27,6,30,4.1000000000000005,25,0,25,5.9,1.1917,0.9084
2009,4,27,7,0,4.4,38,0,38,6.1000000000000005,1.8710,1.4398
2009,4,27,7,30,5.1000000000000005,24,0,24,6.1000000000000005,1.2433,0.9643
2009,4,27,8,0,5.800000000000001,57,0,57,6.2,3.0822,2.4026
2009,4,27,8,30,6.5,185,1,185,6.2,10.3402,8.0863
2009,4,27,9,0,7.300000000000001,235,16,245,6.2,14.0408,11.0036
2009,4,27,9,30,8,117,0,117,6.1000000000000005,6.8332,5.3630
2009,4,27,10,0,8.700000000000001,150,1,150,6,8.8859,6.9811
2009,4,27,10,30,9.200000000000001,250,0,251,5.7,15.0268,11.8141
2009,4,27,11,0,9.700000000000001,109,0,109,5.5,6.5751,5.1719
2009,4,27,11,30,10,86,0,86,5.300000000000001,5.2138,4.1024
2009,4,27,12,0,10.3,53,0,53,5.2,3.2221,2.5357
2009,4,27,12,30,10.5,237,0,237,5.2,14.4181,11.3472
2009,4,27,13,0,10.8,458,50,502,5.2,30.4983,24.0005
2009,4,27,13,30,11.100000000000001,194,0,194,5.2,11.7453,9.2409
2009,4,27,14,0,11.4,260,0,261,5.300000000000001,15.7101,12.3557
2009,4,27,14,30,11.4,346,4,349,5.2,20.8300,16.3732
2009,4,27,15,0,11.5,386,58,428,5.1000000000000005,25.2498,19.8314
2009,4,27,15,30,11.200000000000001,300,7,305,4.9,17.7152,13.8978
2009,4,27,16,0,10.9,282,19,293,4.7,16.6698,13.0562
2009,4,27,16,30,10.3,213,4,215,4.5,11.9018,9.2993
2009,4,27,17,0,9.8,232,35,247,4.3,13.1902,10.2682
2009,4,27,17,30,8.9,144,6,146,3.7,7.4461,5.7631
2009,4,27,18,0,8.1,89,1,90,3.2,4.3650,3.3485
2009,4,27,18,30,6.6000000000000005,44,0,44,2.3000000000000003,0.0000,0.0000
2009,4,27,19,0,5.1000000000000005,8,0,8,1.4000000000000001,0.0000,0.0000
2009,4,27,19,30,4.5,0,0,0,1.3,0.0000,0.0000
2009,4,27,20,0,3.8000000000000003,0,0,0,1.2000000000000002,0.0000,0.0000
2009,4,27,20,30,3.5,0,0,0,1.2000000000000002,0.0000,0.0000
2009,4,27,21,0,3.1,0,0,0,1.2000000000000002,0.0000,0.0000
2009,4,27,21,30,2.9000000000000004,0,0,0,1.1,0.0000,0.0000
2009,4,27,22,0,2.6,0,0,0,1.1,0.0000,0.0000
2009,4,27,22,30,2.4000000000000004,0,0,0,1.2000000000000002,0.0000,0.0000
2009,4,27,23,0,2.1,0,0,0,1.2000000000000002,0.0000,0.0000
2009,4,27,23,30,1.9000000000000001,0,0,0,1.2000000000000002,0.0000,0.0000
2009,4,28,0,0,1.6,0,0,0,1.3,0.0000,0.0000
2009,4,28,0,30,1.4000000000000001,0,0,0,1.3,0.0000,0.0000
2009,4,28,1,0,1.2000000000000002,0,0,0,1.3,0.0000,0.0000
2009,4,28,1,30,1,0,0,0,1.3,0.0000,0.0000
2009,4,28,2,0,0.7000000000000001,0,0,0,1.3,0.0000,0.0000
2009,4,28,2,30,0.6000000000000001,0,0,0,1.3,0.0000,0.0000
2009,4,28,3,0,0.4,0,0,0,1.3,0.0000,0.0000
2009,4,28,3,30,0.2,0,0,0,1.3,0.0000,0.0000
2009,4,28,4,0,0,0,0,0,1.3,0.0000,0.0000
2009,4,28,4,30,-0.1,0,0,0,1.3,0.0000,0.0000
2009,4,28,5,0,-0.2,0,0,0,1.3,0.0000,0.0000
2009,4,28,5,30,1,0,0,0,1.7000000000000002,0.0000,0.0000
2009,4,28,6,0,2.3000000000000003,32,246,54,2.1,0.0000,0.0000
2009,4,28,6,30,3.7,55,451,137,2.5,6.5298,4.9789
2009,4,28,7,0,5.1000000000000005,157,79,179,2.8000000000000003,8.8319,6.7992
2009,4,28,7,30,6.800000000000001,84,679,334,3.2,17.3365,13.4502
2009,4,28,8,0,8.6,94,747,435,3.6,23.5583,18.3672
2009,4,28,8,30,9.5,241,300,403,3.5,22.5517,17.6379
2009,4,28,9,0,10.5,363,163,464,3.4000000000000004,26.6171,20.8612
2009,4,28,9,30,11.4,275,416,561,3.4000000000000004,32.7893,25.7357
2009,4,28,10,0,12.3,403,89,469,3.3000000000000003,27.8015,21.8429
2009,4,28,10,30,13.100000000000001,128,883,833,3.4000000000000004,49.8976,39.2310
2009,4,28,11,0,13.9,453,341,739,3.4000000000000004,44.6000,35.0830
2009,4,28,11,30,14.5,322,529,781,3.6,47.3701,37.2738
2009,4,28,12,0,15.100000000000001,461,55,510,3.7,31.0179,24.4111
2009,4,28,12,30,15.700000000000001,511,156,649,3.8000000000000003,39.4986,31.0867
2009,4,28,13,0,16.3,503,272,743,3.9000000000000004,45.1581,35.5378
2009,4,28,13,30,16.6,462,83,533,3.9000000000000004,32.2827,25.3999
2009,4,28,14,0,16.900000000000002,479,231,670,3.8000000000000003,40.3469,31.7330
2009,4,28,14,30,15.9,420,93,493,3.9000000000000004,29.4395,23.1414
2009,4,28,15,0,14.9,358,68,408,4.1000000000000005,24.0837,18.9163
2009,4,28,15,30,13.600000000000001,99,0,99,3.9000000000000004,5.7539,4.5142
2009,4,28,16,0,12.3,135,1,136,3.8000000000000003,7.7436,6.0654
2009,4,28,16,30,12.100000000000001,228,28,243,3.8000000000000003,13.4655,10.5221
2009,4,28,17,0,11.9,204,33,218,3.9000000000000004,11.6560,9.0752
2009,4,28,17,30,11.8,115,6,117,3.6,5.9762,4.6265
2009,4,28,18,0,11.600000000000001,124,221,179,3.4000000000000004,8.6934,6.6710
2009,4,28,18,30,11.100000000000001,58,263,98,3,0.0000,0.0000
2009,4,28,19,0,10.5,25,1,25,2.6,0.0000,0.0000
2009,4,28,19,30,10.4,0,0,0,2.7,0.0000,0.0000
2009,4,28,20,0,10.3,0,0,0,2.9000000000000004,0.0000,0.0000
2009,4,28,20,30,10.4,0,0,0,3.3000000000000003,0.0000,0.0000
2009,4,28,21,0,10.5,0,0,0,3.8000000000000003,0.0000,0.0000
2009,4,28,21,30,10.600000000000001,0,0,0,4.2,0.0000,0.0000
2009,4,28,22,0,10.600000000000001,0,0,0,4.6000000000000005,0.0000,0.0000
2009,4,28,22,30,10.600000000000001,0,0,0,4.9,0.0000,0.0000
2009,4,28,23,0,10.600000000000001,0,0,0,5.2,0.0000,0.0000
2009,4,28,23,30,10.5,0,0,0,5.1000000000000005,0.0000,0.0000
2009,4,29,0,0,10.5,0,0,0,5,0.0000,0.0000
2009,4,29,0,30,10.3,0,0,0,4.7,0.0000,0.0000
2009,4,29,1,0,10.100000000000001,0,0,0,4.4,0.0000,0.0000
2009,4,29,1,30,10,0,0,0,4.4,0.0000,0.0000
2009,4,29,2,0,9.9,0,0,0,4.4,0.0000,0.0000
2009,4,29,2,30,9.9,0,0,0,4.4,0.0000,0.0000
2009,4,29,3,0,9.8,0,0,0,4.4,0.0000,0.0000
2009,4,29,3,30,10,0,0,0,5,0.0000,0.0000
2009,4,29,4,0,10.100000000000001,0,0,0,5.5,0.0000,0.0000
2009,4,29,4,30,10.100000000000001,0,0,0,5.9,0.0000,0.0000
2009,4,29,5,0,10.100000000000001,0,0,0,6.2,0.0000,0.0000
2009,4,29,5,30,10.200000000000001,0,0,0,6.1000000000000005,0.0000,0.0000
2009,4,29,6,0,10.3,6,0,6,6,0.0000,0.0000
2009,4,29,6,30,10.700000000000001,9,0,9,6,0.4290,0.3272
2009,4,29,7,0,11.100000000000001,14,0,14,6,0.6922,0.5331
2009,4,29,7,30,11.8,11,0,11,6.4,0.5720,0.4439
2009,4,29,8,0,12.4,30,0,30,6.800000000000001,1.6272,1.2688
2009,4,29,8,30,13,60,0,60,6.800000000000001,3.3614,2.6292
2009,4,29,9,0,13.600000000000001,32,0,32,6.800000000000001,1.8373,1.4401
2009,4,29,9,30,14,42,0,42,6.5,2.4567,1.9283
2009,4,29,10,0,14.3,126,0,126,6.2,7.4737,5.8721
2009,4,29,10,30,14.600000000000001,189,2,191,6.1000000000000005,11.4474,9.0006
2009,4,29,11,0,14.9,238,4,241,6,14.5517,11.4469
2009,4,29,11,30,15.3,249,4,252,5.9,15.2913,12.0325
2009,4,29,12,0,15.600000000000001,99,0,99,5.9,6.0236,4.7407
2009,4,29,12,30,16.1,163,1,163,5.9,9.9243,7.8109
2009,4,29,13,0,16.5,260,5,264,5.800000000000001,16.0520,12.6327
2009,4,29,13,30,16.8,297,9,305,5.7,18.4809,14.5410
2009,4,29,14,0,17.2,166,1,167,5.6000000000000005,10.0610,7.9132
2009,4,29,14,30,17.3,171,1,172,5.5,10.2759,8.0778
2009,4,29,15,0,17.5,177,2,179,5.4,10.5718,8.3038
2009,4,29,15,30,17.400000000000002,131,1,132,5.2,7.6768,6.0231
2009,4,29,16,0,17.400000000000002,241,38,263,5.1000000000000005,14.9864,11.7393
2009,4,29,16,30,17.1,159,7,163,4.7,9.0410,7.0654
2009,4,29,17,0,16.8,184,32,197,4.3,10.5462,8.2122
2009,4,29,17,30,16.3,47,0,47,4,2.4044,1.8618
2009,4,29,18,0,15.9,99,0,99,3.6,4.8148,3.6959
2009,4,29,18,30,15.4,50,0,50,3.6,0.0000,0.0000
2009,4,29,19,0,14.9,24,68,29,3.6,0.0000,0.0000
2009,4,29,19,30,14.700000000000001,0,0,0,3.5,0.0000,0.0000
2009,4,29,20,0,14.4,0,0,0,3.4000000000000004,0.0000,0.0000
2009,4,29,20,30,14.200000000000001,0,0,0,3.2,0.0000,0.0000
2009,4,29,21,0,14,0,0,0,3,0.0000,0.0000
2009,4,29,21,30,13.8,0,0,0,2.8000000000000003,0.0000,0.0000
2009,4,29,22,0,13.5,0,0,0,2.5,0.0000,0.0000
2009,4,29,22,30,13.3,0,0,0,2.3000000000000003,0.0000,0.0000
2009,4,29,23,0,13,0,0,0,2,0.0000,0.0000
2009,4,29,23,30,12.8,0,0,0,1.8,0.0000,0.0000
2009,4,30,0,0,12.600000000000001,0,0,0,1.6,0.0000,0.0000
2009,4,30,0,30,12.5,0,0,0,1.5,0.0000,0.0000
2009,4,30,1,0,12.3,0,0,0,1.4000000000000001,0.0000,0.0000
2009,4,30,1,30,12.200000000000001,0,0,0,1.3,0.0000,0.0000
2009,4,30,2,0,12.100000000000001,0,0,0,1.3,0.0000,0.0000
2009,4,30,2,30,12.100000000000001,0,0,0,1.3,0.0000,0.0000
2009,4,30,3,0,12.100000000000001,0,0,0,1.3,0.0000,0.0000
2009,4,30,3,30,12.200000000000001,0,0,0,1.6,0.0000,0.0000
2009,4,30,4,0,12.3,0,0,0,1.8,0.0000,0.0000
2009,4,30,4,30,12.4,0,0,0,2.8000000000000003,0.0000,0.0000
2009,4,30,5,0,12.600000000000001,0,0,0,3.7,0.0000,0.0000
2009,4,30,5,30,12.3,0,0,0,5.1000000000000005,0.0000,0.0000
2009,4,30,6,0,12,19,0,19,6.4,0.0000,0.0000
2009,4,30,6,30,11.3,23,0,23,6.800000000000001,1.0967,0.8367
2009,4,30,7,0,10.5,27,0,27,7.2,1.3376,1.0305
2009,4,30,7,30,10.9,28,0,28,7.1000000000000005,1.4588,1.1323
2009,4,30,8,0,11.200000000000001,96,1,97,7.1000000000000005,5.2689,4.1092
2009,4,30,8,30,12.3,192,11,198,6.9,11.1055,8.6875
2009,4,30,9,0,13.5,112,1,113,6.6000000000000005,6.4940,5.0904
2009,4,30,9,30,14.4,339,74,391,6.4,22.8873,17.9657
2009,4,30,10,0,15.3,289,443,623,6.1000000000000005,36.9763,29.0537
2009,4,30,10,30,15.4,332,403,656,5.9,39.3373,30.9303
2009,4,30,11,0,15.5,398,289,642,5.7,38.7825,30.5087
2009,4,30,11,30,15.8,258,657,832,5.7,50.5068,39.7441
2009,4,30,12,0,16,133,904,936,5.6000000000000005,56.9739,44.8406
2009,4,30,12,30,16.7,133,908,944,5.6000000000000005,57.4987,45.2555
2009,4,30,13,0,17.400000000000002,132,906,934,5.6000000000000005,56.8123,44.7115
2009,4,30,13,30,18.1,131,903,911,5.4,55.2221,43.4506
2009,4,30,14,0,18.900000000000002,132,888,870,5.300000000000001,52.4358,41.2432
2009,4,30,14,30,19.1,128,874,817,5.2,48.8337,38.3890
2009,4,30,15,0,19.400000000000002,138,826,744,5,43.9643,34.5339
2009,4,30,15,30,19.1,132,800,668,5,38.8728,30.5005
2009,4,30,16,0,18.8,237,433,495,4.9,28.2282,22.1133
2009,4,30,16,30,18.1,208,439,436,4.800000000000001,24.2062,18.9183
2009,4,30,17,0,17.400000000000002,185,378,349,4.7,18.7063,14.5683
2009,4,30,17,30,16.1,93,582,293,4.1000000000000005,15.0119,11.6264
2009,4,30,18,0,14.700000000000001,129,201,179,3.6,8.7186,6.6947
2009,4,30,18,30,13,86,91,101,3.2,0.0000,0.0000
2009,4,30,19,0,11.3,29,2,29,2.8000000000000003,0.0000,0.0000
2009,4,30,19,30,10.700000000000001,0,0,0,3,0.0000,0.0000
2009,4,30,20,0,10.100000000000001,0,0,0,3.2,0.0000,0.0000
2009,4,30,20,30,9.8,0,0,0,3.5,0.0000,0.0000
2009,4,30,21,0,9.5,0,0,0,3.8000000000000003,0.0000,0.0000
2009,4,30,21,30,9.200000000000001,0,0,0,4.1000000000000005,0.0000,0.0000
2009,4,30,22,0,9,0,0,0,4.3,0.0000,0.0000
2009,4,30,22,30,8.6,0,0,0,4.1000000000000005,0.0000,0.0000
2009,4,30,23,0,8.200000000000001,0,0,0,3.9000000000000004,0.0000,0.0000
2009,4,30,23,30,7.800000000000001,0,0,0,3.7,0.0000,0.0000
2009,5,1,0,0,7.300000000000001,0,0,0,3.4000000000000004,0.0000,0.0000
2009,5,1,0,30,6.9,0,0,0,3.3000000000000003,0.0000,0.0000
2009,5,1,1,0,6.6000000000000005,0,0,0,3.2,0.0000,0.0000
2009,5,1,1,30,6.2,0,0,0,3.3000000000000003,0.0000,0.0000
2009,5,1,2,0,5.9,0,0,0,3.3000000000000003,0.0000,0.0000
2009,5,1,2,30,5.5,0,0,0,3.5,0.0000,0.0000
2009,5,1,3,0,5.2,0,0,0,3.6,0.0000,0.0000
2009,5,1,3,30,5,0,0,0,3.7,0.0000,0.0000
2009,5,1,4,0,4.7,0,0,0,3.7,0.0000,0.0000
2009,5,1,4,30,4.5,0,0,0,3.7,0.0000,0.0000
2009,5,1,5,0,4.3,0,0,0,3.6,0.0000,0.0000
2009,5,1,5,30,4.5,0,0,0,3.8000000000000003,0.0000,0.0000
2009,5,1,6,0,4.7,11,0,11,4,0.0000,0.0000
2009,5,1,6,30,5.300000000000001,11,0,11,4.2,0.5248,0.4005
2009,5,1,7,0,5.9,9,0,9,4.5,0.4468,0.3443
2009,5,1,7,30,6.800000000000001,6,0,6,4.6000000000000005,0.3131,0.2431
2009,5,1,8,0,7.7,127,0,127,4.7,6.9080,5.3882
2009,5,1,8,30,8.6,239,7,243,4.6000000000000005,13.6445,10.6747
2009,5,1,9,0,9.5,333,61,371,4.6000000000000005,21.3392,16.7282
2009,5,1,9,30,10.5,319,9,325,4.5,19.0374,14.9444
2009,5,1,10,0,11.5,441,185,581,4.4,34.5046,27.1127
2009,5,1,10,30,12.3,467,228,652,4.4,39.1176,30.7587
2009,5,1,11,0,13.100000000000001,495,198,663,4.3,40.0696,31.5222
2009,5,1,11,30,13.600000000000001,496,279,740,4.3,44.9412,35.3654
2009,5,1,12,0,14.200000000000001,432,77,500,4.3,30.4466,23.9632
2009,5,1,12,30,14.600000000000001,458,252,683,4.3,41.6171,32.7563
2009,5,1,13,0,15,438,16,452,4.3,27.5040,21.6463
2009,5,1,13,30,15.200000000000001,427,228,624,4.4,37.8397,29.7743
2009,5,1,14,0,15.5,469,291,712,4.4,42.9311,33.7682
2009,5,1,14,30,15.5,427,72,484,4.3,28.9426,22.7529
2009,5,1,15,0,15.5,430,137,531,4.3,31.3943,24.6611
2009,5,1,15,30,15.3,112,854,686,4.2,39.9455,31.3437
2009,5,1,16,0,15.100000000000001,105,824,600,4.1000000000000005,34.2407,26.8250
2009,5,1,16,30,14.700000000000001,188,527,463,3.9000000000000004,25.7307,20.1117
2009,5,1,17,0,14.3,218,62,245,3.7,13.1479,10.2408
2009,5,1,17,30,13.200000000000001,162,31,173,2.9000000000000004,8.8771,6.8766
2009,5,1,18,0,12.200000000000001,91,8,94,2,4.5851,3.5218
2009,5,1,18,30,10.9,51,2,51,1.6,0.0000,0.0000
2009,5,1,19,0,9.600000000000001,27,1,27,1.2000000000000002,0.0000,0.0000
2009,5,1,19,30,9.200000000000001,0,0,0,1.1,0.0000,0.0000
2009,5,1,20,0,8.9,0,0,0,1.1,0.0000,0.0000
2009,5,1,20,30,8.700000000000001,0,0,0,1.1,0.0000,0.0000
2009,5,1,21,0,8.5,0,0,0,1,0.0000,0.0000
2009,5,1,21,30,8.4,0,0,0,1,0.0000,0.0000
2009,5,1,22,0,8.3,0,0,0,1.1,0.0000,0.0000
2009,5,1,22,30,8.1,0,0,0,1.1,0.0000,0.0000
2009,5,1,23,0,7.800000000000001,0,0,0,1.1,0.0000,0.0000
2009,5,1,23,30,7.6000000000000005,0,0,0,1.2000000000000002,0.0000,0.0000
2009,5,2,0,0,7.4,0,0,0,1.2000000000000002,0.0000,0.0000
2009,5,2,0,30,6.9,0,0,0,1.3,0.0000,0.0000
2009,5,2,1,0,6.5,0,0,0,1.4000000000000001,0.0000,0.0000
2009,5,2,1,30,6,0,0,0,1.5,0.0000,0.0000
2009,5,2,2,0,5.6000000000000005,0,0,0,1.6,0.0000,0.0000
2009,5,2,2,30,5.300000000000001,0,0,0,1.7000000000000002,0.0000,0.0000
2009,5,2,3,0,5.1000000000000005,0,0,0,1.8,0.0000,0.0000
2009,5,2,3,30,4.800000000000001,0,0,0,1.8,0.0000,0.0000
2009,5,2,4,0,4.5,0,0,0,1.8,0.0000,0.0000
2009,5,2,4,30,4.2,0,0,0,1.8,0.0000,0.0000
2009,5,2,5,0,3.9000000000000004,0,0,0,1.8,0.0000,0.0000
2009,5,2,5,30,5,0,0,0,2.3000000000000003,0.0000,0.0000
2009,5,2,6,0,6,39,236,63,2.7,0.0000,0.0000
2009,5,2,6,30,7.2,63,424,147,2.9000000000000004,7.0167,5.3569
2009,5,2,7,0,8.4,83,555,244,3.1,12.1362,9.3564
2009,5,2,7,30,10.200000000000001,98,649,345,2.8000000000000003,18.0370,14.0064
2009,5,2,8,0,12,111,712,446,2.5,24.2925,18.9507
2009,5,2,8,30,13.600000000000001,121,764,544,2.6,30.5777,23.9245
2009,5,2,9,0,15.100000000000001,131,795,632,2.7,36.3823,28.5227
2009,5,2,9,30,15.700000000000001,138,826,715,2.4000000000000004,41.9114,32.9023
2009,5,2,10,0,16.3,144,848,788,2.2,46.8239,36.7944
2009,5,2,10,30,16.8,149,866,850,2.1,51.0220,40.1205
2009,5,2,11,0,17.2,151,877,896,2,54.1753,42.6201
2009,5,2,11,30,17.6,153,886,930,2,56.5024,44.4644
2009,5,2,12,0,18,149,898,951,2,57.9317,45.5966
2009,5,2,12,30,18.3,149,896,952,1.9000000000000001,58.0289,45.6749
2009,5,2,13,0,18.6,148,894,942,1.8,57.3414,45.1300
2009,5,2,13,30,18.7,456,399,803,1.7000000000000002,48.7131,38.3310
2009,5,2,14,0,18.900000000000002,478,286,718,1.6,43.3102,34.0673
2009,5,2,14,30,18.900000000000002,438,321,693,1.5,41.4590,32.5935
2009,5,2,15,0,18.900000000000002,181,0,181,1.5,10.7066,8.4106
2009,5,2,15,30,18.7,167,0,167,1.4000000000000001,9.7301,7.6352
2009,5,2,16,0,18.6,327,285,498,1.3,28.4414,22.2830
2009,5,2,16,30,18.2,238,13,245,1.1,13.6283,10.6530
2009,5,2,17,0,17.900000000000002,232,29,245,1,13.1638,10.2545
2009,5,2,17,30,17.2,198,47,214,0.6000000000000001,10.9975,8.5209
2009,5,2,18,0,16.6,142,38,152,0.30000000000000004,7.4251,5.7049
2009,5,2,18,30,15.8,81,7,82,0.4,0.0000,0.0000
2009,5,2,19,0,14.9,28,0,28,0.5,0.0000,0.0000
2009,5,2,19,30,14.200000000000001,0,0,0,0.7000000000000001,0.0000,0.0000
2009,5,2,20,0,13.5,0,0,0,0.8,0.0000,0.0000
2009,5,2,20,30,13.100000000000001,0,0,0,0.8,0.0000,0.0000
2009,5,2,21,0,12.600000000000001,0,0,0,0.8,0.0000,0.0000
2009,5,2,21,30,12.200000000000001,0,0,0,0.8,0.0000,0.0000
2009,5,2,22,0,11.700000000000001,0,0,0,0.8,0.0000,0.0000
2009,5,2,22,30,11.3,0,0,0,0.8,0.0000,0.0000
2009,5,2,23,0,10.9,0,0,0,0.9,0.0000,0.0000
2009,5,2,23,30,10.600000000000001,0,0,0,0.8,0.0000,0.0000
2009,5,3,0,0,10.200000000000001,0,0,0,0.8,0.0000,0.0000
2009,5,3,0,30,9.9,0,0,0,0.7000000000000001,0.0000,0.0000
2009,5,3,1,0,9.700000000000001,0,0,0,0.6000000000000001,0.0000,0.0000
2009,5,3,1,30,9.200000000000001,0,0,0,0.8,0.0000,0.0000
2009,5,3,2,0,8.700000000000001,0,0,0,1,0.0000,0.0000
2009,5,3,2,30,7.800000000000001,0,0,0,1.2000000000000002,0.0000,0.0000
2009,5,3,3,0,7,0,0,0,1.4000000000000001,0.0000,0.0000
2009,5,3,3,30,6.300000000000001,0,0,0,1.4000000000000001,0.0000,0.0000
2009,5,3,4,0,5.7,0,0,0,1.5,0.0000,0.0000
2009,5,3,4,30,5.4,0,0,0,1.5,0.0000,0.0000
2009,5,3,5,0,5.1000000000000005,0,0,0,1.5,0.0000,0.0000
2009,5,3,5,30,6.4,3,0,3,1.6,0.0000,0.0000
2009,5,3,6,0,7.6000000000000005,37,279,67,1.8,0.0000,0.0000
2009,5,3,6,30,8.9,59,463,151,2.3000000000000003,7.2128,5.5085
2009,5,3,7,0,10.200000000000001,74,592,248,2.7,12.3581,9.5305
2009,5,3,7,30,11.700000000000001,87,681,349,2.6,18.2776,14.1963
2009,5,3,8,0,13.200000000000001,95,754,452,2.4000000000000004,24.6524,19.2341
2009,5,3,8,30,15.200000000000001,104,802,550,2.5,30.9469,24.2156
2009,5,3,9,0,17.2,108,843,642,2.7,36.9876,28.9990
2009,5,3,9,30,18,114,871,725,2.5,42.5256,33.3861
2009,5,3,10,0,18.7,117,895,799,2.4000000000000004,47.5049,37.3309
2009,5,3,10,30,19.200000000000003,295,681,848,2.2,50.9267,40.0468
2009,5,3,11,0,19.700000000000003,286,584,783,2,47.3628,37.2617
2009,5,3,11,30,20,330,528,794,1.8,48.2584,37.9777
2009,5,3,12,0,20.3,375,428,758,1.6,46.1916,36.3572
2009,5,3,12,30,20.400000000000002,399,383,744,1.4000000000000001,45.3665,35.7090
2009,5,3,13,0,20.400000000000002,397,386,742,1.2000000000000002,45.1834,35.5619
2009,5,3,13,30,20.3,387,377,715,1.2000000000000002,43.3912,34.1441
2009,5,3,14,0,20.1,367,377,683,1.2000000000000002,41.2153,32.4203
2009,5,3,14,30,19.700000000000003,411,109,497,1.1,29.7463,23.3861
2009,5,3,15,0,19.3,360,67,410,1.1,24.2651,19.0623
2009,5,3,15,30,18.900000000000002,275,18,287,0.8,16.7317,13.1299
2009,5,3,16,0,18.400000000000002,287,46,315,0.6000000000000001,18.0028,14.1055
2009,5,3,16,30,17.8,277,102,331,0.6000000000000001,18.4280,14.4061
2009,5,3,17,0,17.1,184,17,191,0.5,10.2740,8.0043
2009,5,3,17,30,16.400000000000002,186,64,208,0.7000000000000001,10.7042,8.2953
2009,5,3,18,0,15.700000000000001,78,4,79,0.9,3.8645,2.9701
2009,5,3,18,30,15,44,1,44,1,0.0000,0.0000
2009,5,3,19,0,14.3,23,0,23,1.1,0.0000,0.0000
2009,5,3,19,30,13.9,0,0,0,1.2000000000000002,0.0000,0.0000
2009,5,3,20,0,13.5,0,0,0,1.2000000000000002,0.0000,0.0000
2009,5,3,20,30,13.200000000000001,0,0,0,1.2000000000000002,0.0000,0.0000
2009,5,3,21,0,12.8,0,0,0,1.3,0.0000,0.0000
2009,5,3,21,30,12.4,0,0,0,1.3,0.0000,0.0000
2009,5,3,22,0,12,0,0,0,1.4000000000000001,0.0000,0.0000
2009,5,3,22,30,11.600000000000001,0,0,0,1.5,0.0000,0.0000
2009,5,3,23,0,11.3,0,0,0,1.6,0.0000,0.0000
2009,5,3,23,30,10.9,0,0,0,1.6,0.0000,0.0000
2009,5,4,0,0,10.4,0,0,0,1.7000000000000002,0.0000,0.0000
2009,5,4,0,30,10.100000000000001,0,0,0,1.7000000000000002,0.0000,0.0000
2009,5,4,1,0,9.700000000000001,0,0,0,1.7000000000000002,0.0000,0.0000
2009,5,4,1,30,9.3,0,0,0,1.6,0.0000,0.0000
2009,5,4,2,0,9,0,0,0,1.5,0.0000,0.0000
2009,5,4,2,30,8.700000000000001,0,0,0,1.4000000000000001,0.0000,0.0000
2009,5,4,3,0,8.4,0,0,0,1.3,0.0000,0.0000
2009,5,4,3,30,8.1,0,0,0,1.3,0.0000,0.0000
2009,5,4,4,0,7.800000000000001,0,0,0,1.3,0.0000,0.0000
2009,5,4,4,30,7.6000000000000005,0,0,0,1.2000000000000002,0.0000,0.0000
2009,5,4,5,0,7.4,0,0,0,1.1,0.0000,0.0000
2009,5,4,5,30,8.200000000000001,3,0,3,1.3,0.0000,0.0000
2009,5,4,6,0,9,14,0,14,1.4000000000000001,0.0000,0.0000
2009,5,4,6,30,10,39,0,39,1.2000000000000002,1.8644,1.4243
2009,5,4,7,0,11,65,0,65,1,3.2451,2.5034
2009,5,4,7,30,13,28,0,28,1.8,1.4688,1.1410
2009,5,4,8,0,15.100000000000001,32,0,32,2.6,1.7475,1.3636
2009,5,4,8,30,16,69,0,69,3.3000000000000003,3.8862,3.0412
2009,5,4,9,0,16.900000000000002,349,69,393,3.9000000000000004,22.6599,17.7669
2009,5,4,9,30,17.400000000000002,142,0,142,4.3,8.3346,6.5437
2009,5,4,10,0,18,128,0,128,4.6000000000000005,7.6143,5.9838
2009,5,4,10,30,18.400000000000002,336,2,338,4.7,20.3080,15.9699
2009,5,4,11,0,18.8,495,216,679,4.800000000000001,41.0890,32.3268
2009,5,4,11,30,19,151,864,913,4.9,55.5124,43.6874
2009,5,4,12,0,19.3,406,398,764,5,46.5740,36.6589
2009,5,4,12,30,19.5,377,21,396,5.1000000000000005,24.1552,19.0135
2009,5,4,13,0,19.700000000000003,439,309,715,5.2,43.5542,34.2805
2009,5,4,13,30,19.900000000000002,372,446,761,5.2,46.1994,36.3547
2009,5,4,14,0,20.1,341,2,342,5.2,20.6459,16.2407
2009,5,4,14,30,20.1,409,237,599,5.1000000000000005,35.8668,28.1988
2009,5,4,15,0,20.1,355,298,576,5,34.1062,26.7942
2009,5,4,15,30,19.700000000000003,362,200,498,4.800000000000001,29.0496,22.7971
2009,5,4,16,0,19.3,252,22,265,4.6000000000000005,15.1559,11.8756
2009,5,4,16,30,18.6,247,38,267,4,14.8785,11.6322
2009,5,4,17,0,18,145,6,148,3.5,7.9704,6.2105
2009,5,4,17,30,17.1,17,0,17,3,0.8762,0.6791
2009,5,4,18,0,16.3,87,4,88,2.5,4.3112,3.3144
2009,5,4,18,30,15.600000000000001,49,1,49,2.4000000000000004,0.0000,0.0000
2009,5,4,19,0,14.9,21,0,21,2.2,0.0000,0.0000
2009,5,4,19,30,14.5,0,0,0,2.3000000000000003,0.0000,0.0000
2009,5,4,20,0,14.200000000000001,0,0,0,2.3000000000000003,0.0000,0.0000
2009,5,4,20,30,13.8,0,0,0,2.4000000000000004,0.0000,0.0000
2009,5,4,21,0,13.5,0,0,0,2.5,0.0000,0.0000
2009,5,4,21,30,13.3,0,0,0,2.7,0.0000,0.0000
2009,5,4,22,0,13,0,0,0,2.9000000000000004,0.0000,0.0000
2009,5,4,22,30,12.700000000000001,0,0,0,3,0.0000,0.0000
2009,5,4,23,0,12.3,0,0,0,3.1,0.0000,0.0000
2009,5,4,23,30,11.9,0,0,0,3.2,0.0000,0.0000
2009,5,5,0,0,11.5,0,0,0,3.2,0.0000,0.0000
2009,5,5,0,30,11.200000000000001,0,0,0,3.4000000000000004,0.0000,0.0000
2009,5,5,1,0,10.9,0,0,0,3.6,0.0000,0.0000
2009,5,5,1,30,10.600000000000001,0,0,0,3.6,0.0000,0.0000
2009,5,5,2,0,10.200000000000001,0,0,0,3.6,0.0000,0.0000
2009,5,5,2,30,9.8,0,0,0,3.4000000000000004,0.0000,0.0000
2009,5,5,3,0,9.5,0,0,0,3.3000000000000003,0.0000,0.0000
2009,5,5,3,30,9.1,0,0,0,3.2,0.0000,0.0000
2009,5,5,4,0,8.8,0,0,0,3,0.0000,0.0000
2009,5,5,4,30,8.8,0,0,0,3.2,0.0000,0.0000
2009,5,5,5,0,8.8,0,0,0,3.3000000000000003,0.0000,0.0000
2009,5,5,5,30,9.600000000000001,4,0,4,3.9000000000000004,0.0000,0.0000
2009,5,5,6,0,10.4,37,0,37,4.4,0.0000,0.0000
2009,5,5,6,30,11.600000000000001,111,38,119,4.6000000000000005,5.6938,4.3514
2009,5,5,7,0,12.8,77,574,249,4.9,12.4543,9.6106
2009,5,5,7,30,14.200000000000001,90,656,346,5,18.1778,14.1243
2009,5,5,8,0,15.600000000000001,103,711,443,5.1000000000000005,24.2212,18.9023
2009,5,5,8,30,16.8,111,759,538,5.2,30.3305,23.7373
2009,5,5,9,0,18,118,797,627,5.300000000000001,36.1792,28.3686
2009,5,5,9,30,19.1,123,829,709,5.4,41.6400,32.6938
2009,5,5,10,0,20.200000000000003,125,857,782,5.4,46.5434,36.5780
2009,5,5,10,30,21.1,320,413,657,5.4,39.4924,31.0572
2009,5,5,11,0,22,461,324,738,5.4,44.6776,35.1510
2009,5,5,11,30,22.6,239,716,872,5.300000000000001,53.0389,41.7417
2009,5,5,12,0,23.3,335,637,909,5.1000000000000005,55.4330,43.6329
2009,5,5,12,30,23.700000000000003,355,477,786,5.1000000000000005,47.9604,37.7523
2009,5,5,13,0,24.200000000000003,471,78,541,5,32.9663,25.9475
2009,5,5,13,30,24.400000000000002,304,549,784,4.9,47.6120,37.4671
2009,5,5,14,0,24.6,410,167,550,4.9,33.2149,26.1284
2009,5,5,14,30,24.6,449,125,549,4.9,32.8864,25.8563
2009,5,5,15,0,24.6,248,1,249,4.9,14.7506,11.5886
2009,5,5,15,30,24.200000000000003,381,215,528,4.9,30.8175,24.1855
2009,5,5,16,0,23.8,165,4,167,4.9,9.5578,7.4895
2009,5,5,16,30,23,159,9,164,4.6000000000000005,9.1467,7.1516
2009,5,5,17,0,22.1,102,0,102,4.3,5.4992,4.2855
2009,5,5,17,30,20.900000000000002,78,1,78,4.1000000000000005,4.0257,3.1209
2009,5,5,18,0,19.700000000000003,147,50,160,3.8000000000000003,7.8496,6.0364
2009,5,5,18,30,18.900000000000002,87,11,89,4,0.0000,0.0000
2009,5,5,19,0,18,25,0,25,4.2,0.0000,0.0000
2009,5,5,19,30,17.5,0,0,0,4.3,0.0000,0.0000
2009,5,5,20,0,17,0,0,0,4.4,0.0000,0.0000
2009,5,5,20,30,16.6,0,0,0,4.4,0.0000,0.0000
2009,5,5,21,0,16.2,0,0,0,4.3,0.0000,0.0000
2009,5,5,21,30,15.9,0,0,0,4.4,0.0000,0.0000
2009,5,5,22,0,15.5,0,0,0,4.4,0.0000,0.0000
2009,5,5,22,30,15.100000000000001,0,0,0,4.3,0.0000,0.0000
2009,5,5,23,0,14.700000000000001,0,0,0,4.1000000000000005,0.0000,0.0000
2009,5,5,23,30,14.3,0,0,0,4,0.0000,0.0000
2009,5,6,0,0,13.9,0,0,0,3.9000000000000004,0.0000,0.0000
2009,5,6,0,30,13.5,0,0,0,3.9000000000000004,0.0000,0.0000
2009,5,6,1,0,13.200000000000001,0,0,0,4,0.0000,0.0000
2009,5,6,1,30,13,0,0,0,4.1000000000000005,0.0000,0.0000
2009,5,6,2,0,12.8,0,0,0,4.3,0.0000,0.0000
2009,5,6,2,30,12.700000000000001,0,0,0,4.1000000000000005,0.0000,0.0000
2009,5,6,3,0,12.5,0,0,0,3.9000000000000004,0.0000,0.0000
2009,5,6,3,30,12.4,0,0,0,3.7,0.0000,0.0000
2009,5,6,4,0,12.200000000000001,0,0,0,3.5,0.0000,0.0000
2009,5,6,4,30,12.100000000000001,0,0,0,3.5,0.0000,0.0000
2009,5,6,5,0,11.9,0,0,0,3.5,0.0000,0.0000
2009,5,6,5,30,12.3,3,0,3,3.6,0.0000,0.0000
2009,5,6,6,0,12.600000000000001,15,0,15,3.7,0.0000,0.0000
2009,5,6,6,30,13.5,4,0,4,3.6,0.1916,0.1465
2009,5,6,7,0,14.5,162,24,169,3.5,8.4679,6.5363
2009,5,6,7,30,15.5,13,0,13,3,0.6840,0.5316
2009,5,6,8,0,16.6,120,2,121,2.5,6.6235,5.1696
2009,5,6,8,30,17.7,201,14,209,2.1,11.7934,9.2305
2009,5,6,9,0,18.7,320,199,447,1.7000000000000002,25.8119,20.2407
2009,5,6,9,30,20,294,376,561,2,32.9670,25.8853
2009,5,6,10,0,21.200000000000003,99,0,99,2.4000000000000004,5.8952,4.6331
2009,5,6,10,30,22.200000000000003,251,589,734,3.1,44.1400,34.7131
2009,5,6,11,0,23.1,130,881,887,3.8000000000000003,53.7188,42.2654
2009,5,6,11,30,23.6,388,370,717,4.3,43.6268,34.3352
2009,5,6,12,0,24,367,416,742,4.9,45.2637,35.6290
2009,5,6,12,30,24.1,124,910,949,5.2,57.9254,45.5973
2009,5,6,13,0,24.3,314,656,904,5.5,55.1045,43.3731
2009,5,6,13,30,24.200000000000003,119,908,915,5.6000000000000005,55.5872,43.7439
2009,5,6,14,0,24.1,116,900,877,5.7,52.9830,41.6799
2009,5,6,14,30,24,430,104,513,5.6000000000000005,30.7424,24.1713
2009,5,6,15,0,23.8,101,890,767,5.5,45.4584,35.7149
2009,5,6,15,30,23.6,97,869,691,5.4,40.3531,31.6703
2009,5,6,16,0,23.400000000000002,91,845,608,5.2,34.8214,27.2878
2009,5,6,16,30,22.8,189,478,444,4.9,24.7852,19.3805
2009,5,6,17,0,22.200000000000003,78,758,418,4.5,22.5610,17.5834
2009,5,6,17,30,21.1,163,387,302,3.5,15.6084,12.1027
2009,5,6,18,0,19.900000000000002,59,605,221,2.5,10.8588,8.3530
2009,5,6,18,30,18.400000000000002,45,475,128,2,6.1025,4.6509
2009,5,6,19,0,16.900000000000002,27,261,49,1.4000000000000001,0.0000,0.0000
2009,5,6,19,30,16.6,0,0,0,1.3,0.0000,0.0000
2009,5,6,20,0,16.2,0,0,0,1.2000000000000002,0.0000,0.0000
2009,5,6,20,30,16.400000000000002,0,0,0,1,0.0000,0.0000
2009,5,6,21,0,16.6,0,0,0,0.9,0.0000,0.0000
2009,5,6,21,30,16.5,0,0,0,0.8,0.0000,0.0000
2009,5,6,22,0,16.5,0,0,0,0.7000000000000001,0.0000,0.0000
2009,5,6,22,30,16.2,0,0,0,0.6000000000000001,0.0000,0.0000
2009,5,6,23,0,15.8,0,0,0,0.6000000000000001,0.0000,0.0000
2009,5,6,23,30,15.3,0,0,0,0.5,0.0000,0.0000
2009,5,7,0,0,14.9,0,0,0,0.5,0.0000,0.0000
2009,5,7,0,30,13.9,0,0,0,0.8,0.0000,0.0000
2009,5,7,1,0,13,0,0,0,1.2000000000000002,0.0000,0.0000
2009,5,7,1,30,12.8,0,0,0,1.5,0.0000,0.0000
2009,5,7,2,0,12.5,0,0,0,1.9000000000000001,0.0000,0.0000
2009,5,7,2,30,12.600000000000001,0,0,0,2.1,0.0000,0.0000
2009,5,7,3,0,12.700000000000001,0,0,0,2.3000000000000003,0.0000,0.0000
2009,5,7,3,30,12.600000000000001,0,0,0,2.2,0.0000,0.0000
2009,5,7,4,0,12.4,0,0,0,2.1,0.0000,0.0000
2009,5,7,4,30,12.100000000000001,0,0,0,1.8,0.0000,0.0000
2009,5,7,5,0,11.9,0,0,0,1.5,0.0000,0.0000
2009,5,7,5,30,12.600000000000001,7,0,7,1.3,0.0000,0.0000
2009,5,7,6,0,13.200000000000001,29,1,29,1,0.0000,0.0000
2009,5,7,6,30,13.9,62,443,156,1.1,7.4792,5.7198
2009,5,7,7,0,14.600000000000001,83,0,83,1.2000000000000002,4.1662,3.2168
2009,5,7,7,30,16.2,220,60,244,1.9000000000000001,12.8580,9.9944
2009,5,7,8,0,17.8,264,178,351,2.6,19.2363,15.0156
2009,5,7,8,30,19.200000000000003,311,71,352,2.9000000000000004,19.8805,15.5613
2009,5,7,9,0,20.5,60,0,60,3.3000000000000003,3.4671,2.7189
2009,5,7,9,30,21.5,132,0,132,3.4000000000000004,7.7614,6.0944
2009,5,7,10,0,22.6,111,872,784,3.6,46.7078,36.7096
2009,5,7,10,30,23.3,114,887,843,3.6,50.7165,39.8862
2009,5,7,11,0,24.1,117,897,889,3.7,53.8599,42.3773
2009,5,7,11,30,24.6,120,904,923,3.6,56.1804,44.2160
2009,5,7,12,0,25.1,127,898,940,3.5,57.3612,45.1525
2009,5,7,12,30,25.3,330,633,905,3.4000000000000004,55.2577,43.4982
2009,5,7,13,0,25.6,290,688,909,3.3000000000000003,55.4269,43.6278
2009,5,7,13,30,25.6,299,671,889,3.3000000000000003,54.0257,42.5160
2009,5,7,14,0,25.700000000000003,119,894,876,3.3000000000000003,52.9409,41.6478
2009,5,7,14,30,25.6,117,881,824,3.5,49.3996,38.8416
2009,5,7,15,0,25.5,133,825,751,3.7,44.5302,34.9868
2009,5,7,15,30,25,127,800,676,4,39.4996,31.0018
2009,5,7,16,0,24.6,119,771,593,4.2,33.9844,26.6332
2009,5,7,16,30,23.900000000000002,111,730,502,4.3,28.0465,21.9323
2009,5,7,17,0,23.200000000000003,100,677,406,4.4,21.9373,17.0993
2009,5,7,17,30,22,89,605,308,3.9000000000000004,15.9405,12.3624
2009,5,7,18,0,20.8,68,551,217,3.5,10.6776,8.2159
2009,5,7,18,30,19.1,52,417,126,3,6.0060,4.5782
2009,5,7,19,0,17.5,30,227,49,2.6,0.0000,0.0000
2009,5,7,19,30,16.7,0,0,0,2.6,0.0000,0.0000
2009,5,7,20,0,15.9,0,0,0,2.6,0.0000,0.0000
2009,5,7,20,30,15.3,0,0,0,2.3000000000000003,0.0000,0.0000
2009,5,7,21,0,14.700000000000001,0,0,0,2,0.0000,0.0000
2009,5,7,21,30,14.700000000000001,0,0,0,1.8,0.0000,0.0000
2009,5,7,22,0,14.700000000000001,0,0,0,1.7000000000000002,0.0000,0.0000
2009,5,7,22,30,14.4,0,0,0,1.6,0.0000,0.0000
2009,5,7,23,0,14.200000000000001,0,0,0,1.5,0.0000,0.0000
2009,5,7,23,30,14,0,0,0,1.5,0.0000,0.0000
2009,5,8,0,0,13.8,0,0,0,1.4000000000000001,0.0000,0.0000
2009,5,8,0,30,13.5,0,0,0,1.3,0.0000,0.0000
2009,5,8,1,0,13.3,0,0,0,1.2000000000000002,0.0000,0.0000
2009,5,8,1,30,13.200000000000001,0,0,0,1.4000000000000001,0.0000,0.0000
2009,5,8,2,0,13,0,0,0,1.5,0.0000,0.0000
2009,5,8,2,30,13,0,0,0,1.5,0.0000,0.0000
2009,5,8,3,0,13,0,0,0,1.6,0.0000,0.0000
2009,5,8,3,30,13,0,0,0,1.6,0.0000,0.0000
2009,5,8,4,0,13,0,0,0,1.6,0.0000,0.0000
2009,5,8,4,30,12.9,0,0,0,1.5,0.0000,0.0000
2009,5,8,5,0,12.9,0,0,0,1.4000000000000001,0.0000,0.0000
2009,5,8,5,30,13.5,4,0,4,1.6,0.0000,0.0000
2009,5,8,6,0,14.100000000000001,22,0,22,1.8,0.0000,0.0000
2009,5,8,6,30,14.8,13,0,13,2,0.6239,0.4773
2009,5,8,7,0,15.600000000000001,128,4,129,2.2,6.4860,5.0093
2009,5,8,7,30,16.8,207,24,217,2.3000000000000003,11.4515,8.9026
2009,5,8,8,0,18.1,122,0,122,2.3000000000000003,6.6935,5.2254
2009,5,8,8,30,19.3,245,8,249,2.4000000000000004,14.0751,11.0180
2009,5,8,9,0,20.400000000000002,126,779,629,2.5,36.3721,28.5246
2009,5,8,9,30,21.3,132,808,710,2.8000000000000003,41.7710,32.8008
2009,5,8,10,0,22.1,139,831,782,3.1,46.6109,36.6347
2009,5,8,10,30,22.700000000000003,143,848,842,3.7,50.6769,39.8561
2009,5,8,11,0,23.200000000000003,456,352,760,4.3,46.0612,36.2422
2009,5,8,11,30,23.200000000000003,403,6,408,5.1000000000000005,24.8419,19.5519
2009,5,8,12,0,23.1,343,1,343,5.9,20.9374,16.4814
2009,5,8,12,30,21.8,544,249,770,7.2,47.0293,37.0216
2009,5,8,13,0,20.5,548,257,779,8.5,47.5145,37.4005
2009,5,8,13,30,18.8,440,17,455,8.8,27.6597,21.7675
2009,5,8,14,0,17.1,519,135,633,9.200000000000001,38.2691,30.1063
2009,5,8,14,30,17.2,225,715,801,8.9,48.0399,37.7735
2009,5,8,15,0,17.3,141,836,770,8.6,45.6773,35.8892
2009,5,8,15,30,17.5,413,170,530,8.700000000000001,30.9852,24.3201
2009,5,8,16,0,17.7,109,832,622,8.700000000000001,35.6707,27.9564
2009,5,8,16,30,17.3,101,797,530,8.4,29.6356,23.1767
2009,5,8,17,0,17,87,768,435,8.1,23.5297,18.3426
2009,5,8,17,30,16.2,77,702,333,7.4,17.2580,13.3867
2009,5,8,18,0,15.5,66,611,233,6.800000000000001,11.4816,8.8369
2009,5,8,18,30,14.3,51,476,137,6.4,6.5298,4.9784
2009,5,8,19,0,13,31,249,54,6.1000000000000005,0.0000,0.0000
2009,5,8,19,30,12,0,0,0,6.4,0.0000,0.0000
2009,5,8,20,0,11,0,0,0,6.7,0.0000,0.0000
2009,5,8,20,30,10.100000000000001,0,0,0,7,0.0000,0.0000
2009,5,8,21,0,9.200000000000001,0,0,0,7.300000000000001,0.0000,0.0000
2009,5,8,21,30,8.700000000000001,0,0,0,7.2,0.0000,0.0000
2009,5,8,22,0,8.200000000000001,0,0,0,7.1000000000000005,0.0000,0.0000
2009,5,8,22,30,8,0,0,0,7,0.0000,0.0000
2009,5,8,23,0,7.800000000000001,0,0,0,6.9,0.0000,0.0000
2009,5,8,23,30,7.5,0,0,0,6.5,0.0000,0.0000
2009,5,9,0,0,7.1000000000000005,0,0,0,6,0.0000,0.0000
2009,5,9,0,30,6.7,0,0,0,5.5,0.0000,0.0000
2009,5,9,1,0,6.2,0,0,0,4.9,0.0000,0.0000
2009,5,9,1,30,5.9,0,0,0,4.5,0.0000,0.0000
2009,5,9,2,0,5.6000000000000005,0,0,0,4,0.0000,0.0000
2009,5,9,2,30,5.300000000000001,0,0,0,3.7,0.0000,0.0000
2009,5,9,3,0,5,0,0,0,3.4000000000000004,0.0000,0.0000
2009,5,9,3,30,4.7,0,0,0,3.4000000000000004,0.0000,0.0000
2009,5,9,4,0,4.4,0,0,0,3.4000000000000004,0.0000,0.0000
2009,5,9,4,30,4.2,0,0,0,3.5,0.0000,0.0000
2009,5,9,5,0,4.1000000000000005,0,0,0,3.6,0.0000,0.0000
2009,5,9,5,30,4.6000000000000005,17,110,21,3.9000000000000004,0.0000,0.0000
2009,5,9,6,0,5.2,41,364,88,4.2,0.0000,0.0000
2009,5,9,6,30,6.4,60,532,177,4.4,8.5040,6.5078
2009,5,9,7,0,7.5,73,659,279,4.6000000000000005,14.0513,10.8550
2009,5,9,7,30,8.6,83,739,381,4.5,20.1328,15.6540
2009,5,9,8,0,9.700000000000001,91,794,480,4.5,26.3623,20.5823
2009,5,9,8,30,10.700000000000001,98,837,578,4.4,32.6997,25.5991
2009,5,9,9,0,11.8,108,861,667,4.2,38.5945,30.2691
2009,5,9,9,30,12.9,113,888,750,4.1000000000000005,44.1481,34.6688
2009,5,9,10,0,14.100000000000001,118,903,818,4,48.7787,38.3397
2009,5,9,10,30,15.100000000000001,121,918,879,3.8000000000000003,52.9241,41.6245
2009,5,9,11,0,16.2,123,929,927,3.6,56.2021,44.2222
2009,5,9,11,30,17,125,933,957,3.4000000000000004,58.2875,45.8762
2009,5,9,12,0,17.7,129,932,975,3.2,59.5338,46.8644
2009,5,9,12,30,18.3,129,933,980,3.1,59.8730,47.1331
2009,5,9,13,0,18.8,133,921,965,3,58.8777,46.3458
2009,5,9,13,30,19.200000000000003,132,916,940,3,57.1611,44.9852
2009,5,9,14,0,19.5,130,906,900,3,54.4295,42.8207
2009,5,9,14,30,19.700000000000003,420,375,723,3,43.3783,34.1089
2009,5,9,15,0,19.8,125,868,780,3.1,46.2911,36.3726
2009,5,9,15,30,19.8,120,845,704,3.1,41.1783,32.3217
2009,5,9,16,0,19.8,304,230,446,3.1,25.5938,20.0597
2009,5,9,16,30,19.5,111,759,522,2.9000000000000004,29.2109,22.8462
2009,5,9,17,0,19.200000000000003,107,690,422,2.8000000000000003,22.8496,17.8143
2009,5,9,17,30,18.3,95,620,323,2,16.7627,13.0047
2009,5,9,18,0,17.3,81,519,224,1.3,11.0542,8.5103
2009,5,9,18,30,16,61,384,131,1.2000000000000002,6.2441,4.7616
2009,5,9,19,0,14.600000000000001,35,189,53,1.1,0.0000,0.0000
2009,5,9,19,30,14.200000000000001,0,0,0,1.1,0.0000,0.0000
2009,5,9,20,0,13.700000000000001,0,0,0,1.2000000000000002,0.0000,0.0000
2009,5,9,20,30,13.3,0,0,0,1.3,0.0000,0.0000
2009,5,9,21,0,12.9,0,0,0,1.3,0.0000,0.0000
2009,5,9,21,30,12.3,0,0,0,1.3,0.0000,0.0000
2009,5,9,22,0,11.600000000000001,0,0,0,1.3,0.0000,0.0000
2009,5,9,22,30,11.100000000000001,0,0,0,1.2000000000000002,0.0000,0.0000
2009,5,9,23,0,10.5,0,0,0,1.2000000000000002,0.0000,0.0000
2009,5,9,23,30,10.100000000000001,0,0,0,1.1,0.0000,0.0000
2009,5,10,0,0,9.600000000000001,0,0,0,1.1,0.0000,0.0000
2009,5,10,0,30,9.4,0,0,0,1,0.0000,0.0000
2009,5,10,1,0,9.1,0,0,0,1,0.0000,0.0000
2009,5,10,1,30,9,0,0,0,0.9,0.0000,0.0000
2009,5,10,2,0,8.8,0,0,0,0.9,0.0000,0.0000
2009,5,10,2,30,8.5,0,0,0,1,0.0000,0.0000
2009,5,10,3,0,8.1,0,0,0,1.2000000000000002,0.0000,0.0000
2009,5,10,3,30,7.800000000000001,0,0,0,1.4000000000000001,0.0000,0.0000
2009,5,10,4,0,7.5,0,0,0,1.7000000000000002,0.0000,0.0000
2009,5,10,4,30,7.2,0,0,0,2,0.0000,0.0000
2009,5,10,5,0,6.9,0,0,0,2.3000000000000003,0.0000,0.0000
2009,5,10,5,30,6.9,8,0,8,2.6,0.0000,0.0000
2009,5,10,6,0,6.9,33,1,33,2.9000000000000004,0.0000,0.0000
2009,5,10,6,30,7.300000000000001,60,2,60,3,2.8860,2.2093
2009,5,10,7,0,7.7,110,10,113,3.1,5.7000,4.4045
2009,5,10,7,30,8.5,199,67,227,3.2,12.0110,9.3405
2009,5,10,8,0,9.3,247,106,299,3.4000000000000004,16.4383,12.8355
2009,5,10,8,30,10.100000000000001,193,1,194,3.3000000000000003,10.9840,8.5994
2009,5,10,9,0,10.9,266,30,286,3.2,16.5595,12.9880
2009,5,10,9,30,11.700000000000001,401,90,465,3,27.3857,21.5063
2009,5,10,10,0,12.600000000000001,423,92,495,2.8000000000000003,29.5303,23.2112
2009,5,10,10,30,13.5,442,72,502,2.7,30.2366,23.7815
2009,5,10,11,0,14.5,507,156,642,2.5,38.9359,30.6370
2009,5,10,11,30,15.3,520,159,662,2.4000000000000004,40.3329,31.7454
2009,5,10,12,0,16.1,497,98,586,2.3000000000000003,35.7920,28.1756
2009,5,10,12,30,16.5,486,66,546,2.3000000000000003,33.3675,26.2679
2009,5,10,13,0,17,490,131,609,2.2,37.1676,29.2571
2009,5,10,13,30,17.1,448,31,475,2.2,28.8935,22.7394
2009,5,10,14,0,17.1,296,1,297,2.2,17.9675,14.1357
2009,5,10,14,30,17,360,5,364,2.1,21.8473,17.1792
2009,5,10,15,0,16.8,369,22,385,2,22.8589,17.9616
2009,5,10,15,30,16.5,177,0,177,1.9000000000000001,10.3585,8.1309
2009,5,10,16,0,16.2,132,0,132,1.8,7.5796,5.9410
2009,5,10,16,30,15.700000000000001,103,0,103,1.7000000000000002,5.7686,4.5120
2009,5,10,17,0,15.3,87,1,88,1.6,4.7700,3.7192
2009,5,10,17,30,14.8,44,0,44,1.2000000000000002,2.2864,1.7741
2009,5,10,18,0,14.200000000000001,133,119,166,0.8,8.2040,6.3177
2009,5,10,18,30,13.600000000000001,90,40,97,0.7000000000000001,4.6241,3.5270
2009,5,10,19,0,12.9,22,0,22,0.5,0.0000,0.0000
2009,5,10,19,30,12.600000000000001,0,0,0,0.5,0.0000,0.0000
2009,5,10,20,0,12.3,0,0,0,0.5,0.0000,0.0000
2009,5,10,20,30,11.9,0,0,0,0.5,0.0000,0.0000
2009,5,10,21,0,11.4,0,0,0,0.6000000000000001,0.0000,0.0000
2009,5,10,21,30,10.8,0,0,0,0.7000000000000001,0.0000,0.0000
2009,5,10,22,0,10.3,0,0,0,0.8,0.0000,0.0000
2009,5,10,22,30,9.700000000000001,0,0,0,0.9,0.0000,0.0000
2009,5,10,23,0,9.1,0,0,0,1,0.0000,0.0000
2009,5,10,23,30,8.6,0,0,0,1,0.0000,0.0000
2009,5,11,0,0,8.1,0,0,0,1,0.0000,0.0000
2009,5,11,0,30,7.6000000000000005,0,0,0,1.1,0.0000,0.0000
2009,5,11,1,0,7.1000000000000005,0,0,0,1.1,0.0000,0.0000
2009,5,11,1,30,6.7,0,0,0,1.1,0.0000,0.0000
2009,5,11,2,0,6.2,0,0,0,1.1,0.0000,0.0000
2009,5,11,2,30,5.9,0,0,0,1.1,0.0000,0.0000
2009,5,11,3,0,5.6000000000000005,0,0,0,1.1,0.0000,0.0000
2009,5,11,3,30,5.5,0,0,0,1.1,0.0000,0.0000
2009,5,11,4,0,5.4,0,0,0,1.1,0.0000,0.0000
2009,5,11,4,30,5.5,0,0,0,1,0.0000,0.0000
2009,5,11,5,0,5.7,0,0,0,1,0.0000,0.0000
2009,5,11,5,30,6.9,18,82,22,1,0.0000,0.0000
2009,5,11,6,0,8.1,46,302,87,1.1,0.0000,0.0000
2009,5,11,6,30,9.5,68,463,173,1.3,8.3308,6.3794
2009,5,11,7,0,10.9,85,577,268,1.4000000000000001,13.5399,10.4650
2009,5,11,7,30,12.4,98,660,368,1.8,19.4972,15.1645
2009,5,11,8,0,14,108,725,467,2.1,25.7007,20.0697
2009,5,11,8,30,14.8,116,772,562,2.3000000000000003,31.8443,24.9328
2009,5,11,9,0,15.600000000000001,123,806,650,2.5,37.6579,29.5373
2009,5,11,9,30,16.2,129,834,731,2.7,43.0731,33.8270
2009,5,11,10,0,16.8,137,850,800,2.9000000000000004,47.7458,37.5300
2009,5,11,10,30,17.3,141,864,858,3.1,51.6978,40.6620
2009,5,11,11,0,17.7,501,251,718,3.2,43.5592,34.2757
2009,5,11,11,30,18.3,523,188,692,3.4000000000000004,42.1734,33.1946
2009,5,11,12,0,18.8,530,264,771,3.6,47.1047,37.0817
2009,5,11,12,30,19.3,459,229,669,3.7,40.8960,32.1952
2009,5,11,13,0,19.8,530,246,753,3.8000000000000003,45.9694,36.1862
2009,5,11,13,30,20,376,432,760,3.9000000000000004,46.2438,36.3948
2009,5,11,14,0,20.3,496,242,703,4,42.5434,33.4711
2009,5,11,14,30,20.3,348,397,670,4.1000000000000005,40.2275,31.6329
2009,5,11,15,0,20.3,376,32,400,4.1000000000000005,23.7593,18.6696
2009,5,11,15,30,20.200000000000003,139,792,689,4.1000000000000005,40.3420,31.6677
2009,5,11,16,0,20,322,51,354,4.1000000000000005,20.3392,15.9429
2009,5,11,16,30,19.700000000000003,304,210,418,4.1000000000000005,23.4283,18.3261
2009,5,11,17,0,19.400000000000002,108,675,419,4,22.7341,17.7281
2009,5,11,17,30,18.6,96,605,321,3.5,16.7027,12.9625
2009,5,11,18,0,17.900000000000002,82,507,224,2.9000000000000004,11.0868,8.5400
2009,5,11,18,30,16.400000000000002,63,376,134,2.5,6.3893,4.8745
2009,5,11,19,0,14.9,44,2,45,2.2,0.0000,0.0000
2009,5,11,19,30,14.4,0,0,0,2.4000000000000004,0.0000,0.0000
2009,5,11,20,0,13.9,0,0,0,2.7,0.0000,0.0000
2009,5,11,20,30,13.700000000000001,0,0,0,3,0.0000,0.0000
2009,5,11,21,0,13.600000000000001,0,0,0,3.3000000000000003,0.0000,0.0000
2009,5,11,21,30,13.3,0,0,0,3.5,0.0000,0.0000
2009,5,11,22,0,12.9,0,0,0,3.6,0.0000,0.0000
2009,5,11,22,30,12.700000000000001,0,0,0,3.8000000000000003,0.0000,0.0000
2009,5,11,23,0,12.5,0,0,0,4,0.0000,0.0000
2009,5,11,23,30,12.3,0,0,0,4.1000000000000005,0.0000,0.0000
2009,5,12,0,0,12.100000000000001,0,0,0,4.2,0.0000,0.0000
2009,5,12,0,30,11.9,0,0,0,4.3,0.0000,0.0000
2009,5,12,1,0,11.8,0,0,0,4.4,0.0000,0.0000
2009,5,12,1,30,11.8,0,0,0,4.5,0.0000,0.0000
2009,5,12,2,0,11.8,0,0,0,4.6000000000000005,0.0000,0.0000
2009,5,12,2,30,11.700000000000001,0,0,0,4.4,0.0000,0.0000
2009,5,12,3,0,11.600000000000001,0,0,0,4.2,0.0000,0.0000
2009,5,12,3,30,11.4,0,0,0,4.1000000000000005,0.0000,0.0000
2009,5,12,4,0,11.3,0,0,0,4,0.0000,0.0000
2009,5,12,4,30,11.3,0,0,0,4.2,0.0000,0.0000
2009,5,12,5,0,11.3,0,0,0,4.4,0.0000,0.0000
2009,5,12,5,30,11.5,6,0,6,4.7,0.0000,0.0000
2009,5,12,6,0,11.8,17,0,17,5,0.0000,0.0000
2009,5,12,6,30,12.4,78,1,78,5.2,3.7602,2.8803
2009,5,12,7,0,13,152,9,155,5.4,7.8425,6.0628
2009,5,12,7,30,14.200000000000001,233,61,258,6,13.6860,10.6462
2009,5,12,8,0,15.3,288,121,348,6.6000000000000005,19.1698,14.9711
2009,5,12,8,30,16.3,289,37,310,7.1000000000000005,17.5782,13.7638
2009,5,12,9,0,17.3,278,5,281,7.5,16.2890,12.7770
2009,5,12,9,30,18.1,158,0,158,7.7,9.3143,7.3151
2009,5,12,10,0,18.900000000000002,48,0,48,7.9,2.8659,2.2528
2009,5,12,10,30,19.6,74,0,74,7.9,4.4604,3.5083
2009,5,12,11,0,20.3,51,0,51,8,3.0950,2.4355
2009,5,12,11,30,20.6,188,0,188,7.800000000000001,11.4608,9.0209
2009,5,12,12,0,20.900000000000002,157,0,158,7.7,9.6558,7.6013
2009,5,12,12,30,20.3,172,0,172,7.300000000000001,10.5172,8.2798
2009,5,12,13,0,19.700000000000003,60,0,60,6.9,3.6639,2.8842
2009,5,12,13,30,19.3,65,0,65,6.800000000000001,3.9562,3.1137
2009,5,12,14,0,18.8,219,0,220,6.7,13.3179,10.4781
2009,5,12,14,30,19,85,0,85,6.9,5.1054,4.0147
2009,5,12,15,0,19.200000000000003,59,0,59,7.1000000000000005,3.5059,2.7550
2009,5,12,15,30,19.200000000000003,53,0,53,7,3.1047,2.4373
2009,5,12,16,0,19.1,63,0,63,6.9,3.6220,2.8392
2009,5,12,16,30,18.900000000000002,91,0,91,6.6000000000000005,5.1045,3.9932
2009,5,12,17,0,18.7,43,0,43,6.300000000000001,2.3354,1.8213
2009,5,12,17,30,18.2,35,0,35,5.800000000000001,1.8235,1.4154
2009,5,12,18,0,17.7,46,0,46,5.300000000000001,2.2799,1.7566
2009,5,12,18,30,17.1,26,0,26,5.2,1.2401,0.9463
2009,5,12,19,0,16.400000000000002,24,0,24,5,0.0000,0.0000
2009,5,12,19,30,16.1,0,0,0,5.5,0.0000,0.0000
2009,5,12,20,0,15.9,0,0,0,6,0.0000,0.0000
2009,5,12,20,30,15.8,0,0,0,5.9,0.0000,0.0000
2009,5,12,21,0,15.8,0,0,0,5.800000000000001,0.0000,0.0000
2009,5,12,21,30,15.8,0,0,0,5.5,0.0000,0.0000
2009,5,12,22,0,15.8,0,0,0,5.300000000000001,0.0000,0.0000
2009,5,12,22,30,15.700000000000001,0,0,0,4.4,0.0000,0.0000
2009,5,12,23,0,15.600000000000001,0,0,0,3.6,0.0000,0.0000
2009,5,12,23,30,15.8,0,0,0,3.4000000000000004,0.0000,0.0000
2009,5,13,0,0,15.9,0,0,0,3.1,0.0000,0.0000
2009,5,13,0,30,15.700000000000001,0,0,0,2.4000000000000004,0.0000,0.0000
2009,5,13,1,0,15.5,0,0,0,1.7000000000000002,0.0000,0.0000
2009,5,13,1,30,15.3,0,0,0,1.4000000000000001,0.0000,0.0000
2009,5,13,2,0,15.100000000000001,0,0,0,1,0.0000,0.0000
2009,5,13,2,30,15.100000000000001,0,0,0,0.9,0.0000,0.0000
2009,5,13,3,0,15.100000000000001,0,0,0,0.9,0.0000,0.0000
2009,5,13,3,30,15.100000000000001,0,0,0,1,0.0000,0.0000
2009,5,13,4,0,15.100000000000001,0,0,0,1.2000000000000002,0.0000,0.0000
2009,5,13,4,30,15.3,0,0,0,1.4000000000000001,0.0000,0.0000
2009,5,13,5,0,15.600000000000001,0,0,0,1.6,0.0000,0.0000
2009,5,13,5,30,16,7,0,7,1.5,0.0000,0.0000
2009,5,13,6,0,16.400000000000002,17,0,17,1.3,0.0000,0.0000
2009,5,13,6,30,16.900000000000002,98,16,102,1.3,4.9229,3.7720
2009,5,13,7,0,17.400000000000002,141,296,237,1.3,12.0080,9.2850
2009,5,13,7,30,18,182,13,187,1.8,9.9310,7.7262
2009,5,13,8,0,18.7,44,0,44,2.4000000000000004,2.4259,1.8947
2009,5,13,8,30,19.1,147,0,147,3.4000000000000004,8.3411,6.5315
2009,5,13,9,0,19.5,146,2,147,4.5,8.5261,6.6881
2009,5,13,9,30,19.5,245,10,252,5.300000000000001,14.8623,11.6727
2009,5,13,10,0,19.6,274,14,284,6,16.9631,13.3344
2009,5,13,10,30,20.1,346,291,588,6.2,35.4537,27.8867
2009,5,13,11,0,20.5,338,402,689,6.4,41.8254,32.9126
2009,5,13,11,30,21.200000000000003,300,512,761,6.300000000000001,46.4042,36.5259
2009,5,13,12,0,21.900000000000002,355,474,789,6.300000000000001,48.2306,37.9692
2009,5,13,12,30,22.200000000000003,144,885,957,6.6000000000000005,58.5323,46.0807
2009,5,13,13,0,22.5,138,896,954,6.9,58.2715,45.8717
2009,5,13,13,30,22.3,232,739,890,7.2,54.1845,42.6458
2009,5,13,14,0,22.1,286,597,798,7.5,48.3220,38.0189
2009,5,13,14,30,21.700000000000003,130,874,843,7.6000000000000005,50.6507,39.8311
2009,5,13,15,0,21.400000000000002,126,858,780,7.7,46.3686,36.4376
2009,5,13,15,30,21,122,835,705,7.800000000000001,41.3190,32.4369
2009,5,13,16,0,20.6,206,631,601,7.800000000000001,34.5724,27.1022
2009,5,13,16,30,19.900000000000002,310,198,419,8,23.5211,18.4012
2009,5,13,17,0,19.3,190,40,209,8.200000000000001,11.3623,8.8621
2009,5,13,17,30,18.1,144,26,154,7.6000000000000005,8.0333,6.2364
2009,5,13,18,0,16.900000000000002,74,4,75,7,3.7224,2.8687
2009,5,13,18,30,15.5,45,1,45,6.1000000000000005,2.1471,1.6388
2009,5,13,19,0,14.100000000000001,53,18,55,5.300000000000001,0.0000,0.0000
2009,5,13,19,30,13.100000000000001,10,61,11,5.4,0.0000,0.0000
2009,5,13,20,0,12.200000000000001,0,0,0,5.5,0.0000,0.0000
2009,5,13,20,30,11.4,0,0,0,5.1000000000000005,0.0000,0.0000
2009,5,13,21,0,10.700000000000001,0,0,0,4.7,0.0000,0.0000
2009,5,13,21,30,10,0,0,0,4.6000000000000005,0.0000,0.0000
2009,5,13,22,0,9.3,0,0,0,4.4,0.0000,0.0000
2009,5,13,22,30,9.1,0,0,0,5.1000000000000005,0.0000,0.0000
2009,5,13,23,0,8.9,0,0,0,5.7,0.0000,0.0000
2009,5,13,23,30,8.6,0,0,0,5.9,0.0000,0.0000
2009,5,14,0,0,8.200000000000001,0,0,0,6.1000000000000005,0.0000,0.0000
2009,5,14,0,30,7.800000000000001,0,0,0,5.9,0.0000,0.0000
2009,5,14,1,0,7.4,0,0,0,5.800000000000001,0.0000,0.0000
2009,5,14,1,30,7.2,0,0,0,5.6000000000000005,0.0000,0.0000
2009,5,14,2,0,6.9,0,0,0,5.5,0.0000,0.0000
2009,5,14,2,30,6.6000000000000005,0,0,0,5.300000000000001,0.0000,0.0000
2009,5,14,3,0,6.300000000000001,0,0,0,5.1000000000000005,0.0000,0.0000
2009,5,14,3,30,5.800000000000001,0,0,0,4.5,0.0000,0.0000
2009,5,14,4,0,5.300000000000001,0,0,0,3.9000000000000004,0.0000,0.0000
2009,5,14,4,30,4.800000000000001,0,0,0,3.2,0.0000,0.0000
2009,5,14,5,0,4.4,0,0,0,2.4000000000000004,0.0000,0.0000
2009,5,14,5,30,5.2,21,148,29,2.6,0.0000,0.0000
2009,5,14,6,0,6,69,5,70,2.7,0.0000,0.0000
2009,5,14,6,30,6.7,130,35,138,2.6,6.6682,5.1108
2009,5,14,7,0,7.4,157,10,160,2.5,8.1186,6.2789
2009,5,14,7,30,7.800000000000001,242,112,289,2.1,15.3654,11.9557
2009,5,14,8,0,8.3,295,141,367,1.8,20.2521,15.8190
2009,5,14,8,30,8.8,110,810,584,1.8,33.1598,25.9673
2009,5,14,9,0,9.4,117,839,671,1.7000000000000002,38.9399,30.5468
2009,5,14,9,30,10.200000000000001,122,865,751,1.8,44.3112,34.8027
2009,5,14,10,0,11.100000000000001,122,891,822,2,49.1157,38.6097
2009,5,14,10,30,12.4,450,345,738,2.2,44.5120,35.0124
2009,5,14,11,0,13.700000000000001,442,418,807,2.3000000000000003,49.0025,38.5610
2009,5,14,11,30,14.9,296,555,796,2.4000000000000004,48.5514,38.2166
2009,5,14,12,0,16.1,500,343,814,2.5,49.7712,39.1827
2009,5,14,12,30,17,520,298,795,2.6,48.6363,38.2905
2009,5,14,13,0,18,282,589,819,2.7,50.0384,39.3912
2009,5,14,13,30,18.6,442,298,707,2.8000000000000003,43.0554,33.8873
2009,5,14,14,0,19.200000000000003,348,448,733,2.9000000000000004,44.3998,34.9336
2009,5,14,14,30,19.200000000000003,390,260,603,2.8000000000000003,36.2430,28.5017
2009,5,14,15,0,19.200000000000003,380,107,462,2.7,27.4749,21.5911
2009,5,14,15,30,18.8,331,307,546,2.6,32.0156,25.1343
2009,5,14,16,0,18.5,366,88,421,2.5,24.2320,18.9969
2009,5,14,16,30,17.900000000000002,221,475,483,2.2,27.1341,21.2292
2009,5,14,17,0,17.3,274,107,324,1.9000000000000001,17.6315,13.7532
2009,5,14,17,30,16.7,173,9,176,1.8,9.1923,7.1373
2009,5,14,18,0,16.1,154,180,206,1.7000000000000002,10.2394,7.8932
2009,5,14,18,30,14.700000000000001,110,85,126,1.7000000000000002,6.0147,4.5921
2009,5,14,19,0,13.4,55,15,57,1.6,0.0000,0.0000
2009,5,14,19,30,12.9,4,0,4,1.8,0.0000,0.0000
2009,5,14,20,0,12.4,0,0,0,2,0.0000,0.0000
2009,5,14,20,30,12.5,0,0,0,2.4000000000000004,0.0000,0.0000
2009,5,14,21,0,12.600000000000001,0,0,0,2.8000000000000003,0.0000,0.0000
2009,5,14,21,30,12.600000000000001,0,0,0,3.2,0.0000,0.0000
2009,5,14,22,0,12.5,0,0,0,3.5,0.0000,0.0000
2009,5,14,22,30,12.200000000000001,0,0,0,3.5,0.0000,0.0000
2009,5,14,23,0,11.9,0,0,0,3.6,0.0000,0.0000
2009,5,14,23,30,11.600000000000001,0,0,0,3.7,0.0000,0.0000
2009,5,15,0,0,11.3,0,0,0,3.7,0.0000,0.0000
2009,5,15,0,30,11.100000000000001,0,0,0,3.8000000000000003,0.0000,0.0000
2009,5,15,1,0,10.9,0,0,0,3.9000000000000004,0.0000,0.0000
2009,5,15,1,30,10.9,0,0,0,3.9000000000000004,0.0000,0.0000
2009,5,15,2,0,10.8,0,0,0,3.9000000000000004,0.0000,0.0000
2009,5,15,2,30,10.9,0,0,0,3.8000000000000003,0.0000,0.0000
2009,5,15,3,0,11,0,0,0,3.7,0.0000,0.0000
2009,5,15,3,30,11.200000000000001,0,0,0,3.7,0.0000,0.0000
2009,5,15,4,0,11.4,0,0,0,3.7,0.0000,0.0000
2009,5,15,4,30,11.600000000000001,0,0,0,3.6,0.0000,0.0000
2009,5,15,5,0,11.8,0,0,0,3.4000000000000004,0.0000,0.0000
2009,5,15,5,30,12.3,11,0,11,3.3000000000000003,0.0000,0.0000
2009,5,15,6,0,12.8,26,0,26,3.1,0.0000,0.0000
2009,5,15,6,30,13.9,108,14,111,2.9000000000000004,5.3692,4.1163
2009,5,15,7,0,14.9,149,34,160,2.8000000000000003,8.1290,6.2882
2009,5,15,7,30,16.1,186,30,199,2.6,10.5915,8.2421
2009,5,15,8,0,17.3,120,2,121,2.4000000000000004,6.6825,5.2202
2009,5,15,8,30,18.3,118,1,119,2.4000000000000004,6.7614,5.2951
2009,5,15,9,0,19.400000000000002,181,3,183,2.4000000000000004,10.6251,8.3353
2009,5,15,9,30,19.900000000000002,310,37,337,2.4000000000000004,19.8926,15.6245
2009,5,15,10,0,20.5,325,26,346,2.3000000000000003,20.6811,16.2578
2009,5,15,10,30,20.6,65,0,66,2.3000000000000003,3.9820,3.1322
2009,5,15,11,0,20.700000000000003,297,7,304,2.2,18.4647,14.5305
2009,5,15,11,30,20.700000000000003,344,12,355,3.1,21.6587,17.0486
2009,5,15,12,0,20.6,218,1,220,4,13.4550,10.5927
2009,5,15,12,30,20.3,170,0,170,5.2,10.4028,8.1901
2009,5,15,13,0,20,346,2,348,6.4,21.2672,16.7422
2009,5,15,13,30,19.8,85,0,85,6.9,5.1777,4.0752
2009,5,15,14,0,19.5,314,11,324,7.4,19.6313,15.4461
2009,5,15,14,30,19.8,426,97,506,7.7,30.4226,23.9250
2009,5,15,15,0,20.200000000000003,330,366,610,8,36.2901,28.5192
2009,5,15,15,30,20.400000000000002,132,790,687,8.3,40.3015,31.6403
2009,5,15,16,0,20.5,295,436,570,8.6,32.8270,25.7362
2009,5,15,16,30,20,111,750,526,8.6,29.5703,23.1366
2009,5,15,17,0,19.6,100,712,435,8.6,23.6949,18.4846
2009,5,15,17,30,18.6,217,119,262,8,13.6999,10.6387
2009,5,15,18,0,17.6,130,25,137,7.5,6.8192,5.2579
2009,5,15,18,30,16.3,80,9,82,6.6000000000000005,3.9163,2.9907
2009,5,15,19,0,15,58,43,63,5.7,0.0000,0.0000
2009,5,15,19,30,13.9,11,55,12,5.2,0.0000,0.0000
2009,5,15,20,0,12.8,0,0,0,4.7,0.0000,0.0000
2009,5,15,20,30,12.100000000000001,0,0,0,4.6000000000000005,0.0000,0.0000
2009,5,15,21,0,11.3,0,0,0,4.4,0.0000,0.0000
2009,5,15,21,30,10.700000000000001,0,0,0,4.5,0.0000,0.0000
2009,5,15,22,0,10,0,0,0,4.6000000000000005,0.0000,0.0000
2009,5,15,22,30,9.4,0,0,0,4.800000000000001,0.0000,0.0000
2009,5,15,23,0,8.8,0,0,0,5,0.0000,0.0000
2009,5,15,23,30,8.200000000000001,0,0,0,5.1000000000000005,0.0000,0.0000
2009,5,16,0,0,7.6000000000000005,0,0,0,5.2,0.0000,0.0000
2009,5,16,0,30,7,0,0,0,5,0.0000,0.0000
2009,5,16,1,0,6.4,0,0,0,4.800000000000001,0.0000,0.0000
2009,5,16,1,30,5.9,0,0,0,4.4,0.0000,0.0000
2009,5,16,2,0,5.4,0,0,0,4.1000000000000005,0.0000,0.0000
2009,5,16,2,30,5,0,0,0,3.9000000000000004,0.0000,0.0000
2009,5,16,3,0,4.5,0,0,0,3.8000000000000003,0.0000,0.0000
2009,5,16,3,30,4.2,0,0,0,3.9000000000000004,0.0000,0.0000
2009,5,16,4,0,3.8000000000000003,0,0,0,3.9000000000000004,0.0000,0.0000
2009,5,16,4,30,3.6,0,0,0,4,0.0000,0.0000
2009,5,16,5,0,3.4000000000000004,0,0,0,4.1000000000000005,0.0000,0.0000
2009,5,16,5,30,4.1000000000000005,24,145,32,4.6000000000000005,0.0000,0.0000
2009,5,16,6,0,4.7,49,374,105,5,0.0000,0.0000
2009,5,16,6,30,5.6000000000000005,68,531,195,5.7,9.4433,7.2417
2009,5,16,7,0,6.6000000000000005,82,652,298,6.4,15.1596,11.7289
2009,5,16,7,30,7.4,94,729,400,6.5,21.3117,16.5863
2009,5,16,8,0,8.200000000000001,98,804,505,6.6000000000000005,27.9124,21.8059
2009,5,16,8,30,9.1,105,854,607,6.4,34.5102,27.0277
2009,5,16,9,0,10,107,895,701,6.300000000000001,40.7216,31.9469
2009,5,16,9,30,10.9,112,919,784,6.2,46.2971,36.3646
2009,5,16,10,0,11.9,112,946,859,6,51.3617,40.3772
2009,5,16,10,30,12.700000000000001,115,959,920,5.9,55.5227,43.6749
2009,5,16,11,0,13.600000000000001,114,975,969,5.7,58.8719,46.3290
2009,5,16,11,30,14.3,116,981,1004,5.5,61.2696,48.2291
2009,5,16,12,0,15.100000000000001,117,984,1023,5.300000000000001,62.5809,49.2687
2009,5,16,12,30,15.700000000000001,117,985,1027,5.1000000000000005,62.8602,49.4901
2009,5,16,13,0,16.2,117,983,1017,4.9,62.1666,48.9402
2009,5,16,13,30,16.6,115,978,991,4.7,60.3821,47.5259
2009,5,16,14,0,16.900000000000002,114,970,951,4.5,57.6372,45.3504
2009,5,16,14,30,17,111,951,891,4.3,53.5874,42.1431
2009,5,16,15,0,17.1,113,925,822,4.2,48.9207,38.4462
2009,5,16,15,30,17,109,904,745,4,43.7247,34.3290
2009,5,16,16,0,16.900000000000002,104,875,659,3.8000000000000003,37.9742,29.7730
2009,5,16,16,30,16.5,98,840,565,3.5,31.7862,24.8720
2009,5,16,17,0,16.1,92,790,465,3.3000000000000003,25.3518,19.7790
2009,5,16,17,30,15.100000000000001,82,722,360,2.4000000000000004,18.8475,14.6383
2009,5,16,18,0,14,147,324,242,1.5,12.0614,9.3019
2009,5,16,18,30,12.700000000000001,105,195,145,1.2000000000000002,6.9294,5.2931
2009,5,16,19,0,11.4,39,308,74,1,0.0000,0.0000
2009,5,16,19,30,10.9,13,66,14,1,0.0000,0.0000
2009,5,16,20,0,10.4,0,0,0,1.1,0.0000,0.0000
2009,5,16,20,30,9.4,0,0,0,1.2000000000000002,0.0000,0.0000
2009,5,16,21,0,8.5,0,0,0,1.3,0.0000,0.0000
2009,5,16,21,30,7.9,0,0,0,1.5,0.0000,0.0000
2009,5,16,22,0,7.2,0,0,0,1.7000000000000002,0.0000,0.0000
2009,5,16,22,30,7,0,0,0,1.9000000000000001,0.0000,0.0000
2009,5,16,23,0,6.800000000000001,0,0,0,2.2,0.0000,0.0000
2009,5,16,23,30,6.800000000000001,0,0,0,2.5,0.0000,0.0000
2009,5,17,0,0,6.7,0,0,0,2.9000000000000004,0.0000,0.0000
2009,5,17,0,30,6.6000000000000005,0,0,0,3.1,0.0000,0.0000
2009,5,17,1,0,6.5,0,0,0,3.4000000000000004,0.0000,0.0000
2009,5,17,1,30,6.300000000000001,0,0,0,3.6,0.0000,0.0000
2009,5,17,2,0,6.1000000000000005,0,0,0,3.9000000000000004,0.0000,0.0000
2009,5,17,2,30,6,0,0,0,3.7,0.0000,0.0000
2009,5,17,3,0,5.800000000000001,0,0,0,3.5,0.0000,0.0000
2009,5,17,3,30,5.7,0,0,0,2.9000000000000004,0.0000,0.0000
2009,5,17,4,0,5.5,0,0,0,2.4000000000000004,0.0000,0.0000
2009,5,17,4,30,5.6000000000000005,0,0,0,2.2,0.0000,0.0000
2009,5,17,5,0,5.7,0,0,0,2,0.0000,0.0000
2009,5,17,5,30,6.7,11,0,11,2.3000000000000003,0.0000,0.0000
2009,5,17,6,0,7.7,8,0,8,2.6,0.0000,0.0000
2009,5,17,6,30,8.8,62,0,62,2.5,3.0058,2.3056
2009,5,17,7,0,10,45,0,45,2.5,2.2921,1.7737
2009,5,17,7,30,11.600000000000001,38,0,38,2.8000000000000003,2.0267,1.5775
2009,5,17,8,0,13.100000000000001,233,13,240,3.2,13.2752,10.3716
2009,5,17,8,30,14.700000000000001,200,1,200,3.8000000000000003,11.3772,8.9108
2009,5,17,9,0,16.3,158,0,158,4.3,9.1824,7.2040
2009,5,17,9,30,17.400000000000002,300,2,302,4.7,17.8405,14.0134
2009,5,17,10,0,18.400000000000002,143,0,143,5,8.5530,6.7240
2009,5,17,10,30,18.900000000000002,344,2,346,5.300000000000001,20.8871,16.4303
2009,5,17,11,0,19.400000000000002,339,490,770,5.5,46.7933,36.8244
2009,5,17,11,30,19.6,327,527,805,5.6000000000000005,49.1370,38.6794
2009,5,17,12,0,19.8,499,347,819,5.6000000000000005,50.1130,39.4534
2009,5,17,12,30,19.6,350,531,841,5.5,51.4871,40.5366
2009,5,17,13,0,19.5,337,535,827,5.4,50.5639,39.8066
2009,5,17,13,30,19.5,201,779,899,5.300000000000001,54.7902,43.1253
2009,5,17,14,0,19.400000000000002,201,762,860,5.2,52.1369,41.0234
2009,5,17,14,30,19.400000000000002,195,747,809,5,48.6710,38.2775
2009,5,17,15,0,19.3,260,609,728,4.9,43.3425,34.0632
2009,5,17,15,30,19.400000000000002,378,303,592,4.800000000000001,34.7603,27.2918
2009,5,17,16,0,19.6,228,552,579,4.800000000000001,33.3832,26.1747
2009,5,17,16,30,19.5,299,244,436,4.800000000000001,24.5456,19.2076
2009,5,17,17,0,19.5,112,661,425,4.800000000000001,23.1916,18.0953
2009,5,17,17,30,18.900000000000002,100,594,330,4.800000000000001,17.2966,13.4357
2009,5,17,18,0,18.400000000000002,124,371,234,4.7,11.6790,9.0091
2009,5,17,18,30,17.7,64,403,147,4.9,7.0291,5.3706
2009,5,17,19,0,16.900000000000002,41,241,69,5,0.0000,0.0000
2009,5,17,19,30,16.3,11,0,11,5.1000000000000005,0.0000,0.0000
2009,5,17,20,0,15.700000000000001,0,0,0,5.1000000000000005,0.0000,0.0000
2009,5,17,20,30,15.200000000000001,0,0,0,5.4,0.0000,0.0000
2009,5,17,21,0,14.700000000000001,0,0,0,5.6000000000000005,0.0000,0.0000
2009,5,17,21,30,14.5,0,0,0,6.2,0.0000,0.0000
2009,5,17,22,0,14.3,0,0,0,6.7,0.0000,0.0000
2009,5,17,22,30,13.9,0,0,0,6.4,0.0000,0.0000
2009,5,17,23,0,13.4,0,0,0,6.2,0.0000,0.0000
2009,5,17,23,30,12.9,0,0,0,5.9,0.0000,0.0000
2009,5,18,0,0,12.4,0,0,0,5.7,0.0000,0.0000
2009,5,18,0,30,12,0,0,0,5.6000000000000005,0.0000,0.0000
2009,5,18,1,0,11.600000000000001,0,0,0,5.5,0.0000,0.0000
2009,5,18,1,30,11.100000000000001,0,0,0,5.1000000000000005,0.0000,0.0000
2009,5,18,2,0,10.700000000000001,0,0,0,4.7,0.0000,0.0000
2009,5,18,2,30,10.3,0,0,0,4.5,0.0000,0.0000
2009,5,18,3,0,9.9,0,0,0,4.3,0.0000,0.0000
2009,5,18,3,30,9.600000000000001,0,0,0,4.3,0.0000,0.0000
2009,5,18,4,0,9.4,0,0,0,4.4,0.0000,0.0000
2009,5,18,4,30,9.5,0,0,0,4.6000000000000005,0.0000,0.0000
2009,5,18,5,0,9.5,0,0,0,4.9,0.0000,0.0000
2009,5,18,5,30,10.200000000000001,23,154,33,5,0.0000,0.0000
2009,5,18,6,0,10.9,74,7,75,5.2,0.0000,0.0000
2009,5,18,6,30,12.3,132,81,152,5.4,7.3767,5.6597
2009,5,18,7,0,13.600000000000001,78,620,286,5.6000000000000005,14.5848,11.2882
2009,5,18,7,30,15.3,89,695,384,5.7,20.4986,15.9570
2009,5,18,8,0,16.900000000000002,278,205,383,5.800000000000001,21.2007,16.5648
2009,5,18,8,30,18.400000000000002,184,536,501,5.800000000000001,28.5162,22.3354
2009,5,18,9,0,20,240,479,560,5.800000000000001,32.5595,25.5453
2009,5,18,9,30,21.400000000000002,260,469,604,5.7,35.6943,28.0380
2009,5,18,10,0,22.700000000000003,309,403,629,5.6000000000000005,37.6333,29.5861
2009,5,18,10,30,24,262,595,762,5.5,46.0123,36.1951
2009,5,18,11,0,25.200000000000003,124,897,913,5.4,55.4972,43.6747
2009,5,18,11,30,26.200000000000003,297,681,915,5.300000000000001,55.8637,43.9751
2009,5,18,12,0,27.3,290,691,928,5.1000000000000005,56.7948,44.7146
2009,5,18,12,30,28.1,294,687,930,4.9,56.9483,44.8369
2009,5,18,13,0,28.900000000000002,117,918,960,4.800000000000001,58.7095,46.2200
2009,5,18,13,30,29.3,116,910,933,4.6000000000000005,56.8757,44.7675
2009,5,18,14,0,29.8,114,902,895,4.5,54.2733,42.7051
2009,5,18,14,30,30,112,888,843,4.3,50.7315,39.8988
2009,5,18,15,0,30.200000000000003,114,861,777,4.2,46.2769,36.3703
2009,5,18,15,30,30.1,110,839,704,4,41.3536,32.4694
2009,5,18,16,0,30,103,813,622,3.8000000000000003,35.8813,28.1345
2009,5,18,16,30,29.3,97,778,533,3.5,30.0269,23.4982
2009,5,18,17,0,28.700000000000003,90,729,438,3.2,23.9222,18.6670
2009,5,18,17,30,27.200000000000003,81,668,341,2.9000000000000004,17.8935,13.9013
2009,5,18,18,0,25.700000000000003,69,593,246,2.7,12.2939,9.4856
2009,5,18,18,30,24.1,55,478,154,2.9000000000000004,7.3689,5.6316
2009,5,18,19,0,22.6,37,311,73,3.2,0.0000,0.0000
2009,5,18,19,30,22,13,81,15,3.8000000000000003,0.0000,0.0000
2009,5,18,20,0,21.400000000000002,0,0,0,4.4,0.0000,0.0000
2009,5,18,20,30,20.8,0,0,0,4.7,0.0000,0.0000
2009,5,18,21,0,20.200000000000003,0,0,0,5,0.0000,0.0000
2009,5,18,21,30,19.5,0,0,0,4.9,0.0000,0.0000
2009,5,18,22,0,18.900000000000002,0,0,0,4.800000000000001,0.0000,0.0000
2009,5,18,22,30,18.3,0,0,0,4.7,0.0000,0.0000
2009,5,18,23,0,17.7,0,0,0,4.5,0.0000,0.0000
2009,5,18,23,30,17.2,0,0,0,4.4,0.0000,0.0000
2009,5,19,0,0,16.7,0,0,0,4.2,0.0000,0.0000
2009,5,19,0,30,16.400000000000002,0,0,0,4.1000000000000005,0.0000,0.0000
2009,5,19,1,0,16,0,0,0,4,0.0000,0.0000
2009,5,19,1,30,15.700000000000001,0,0,0,3.9000000000000004,0.0000,0.0000
2009,5,19,2,0,15.4,0,0,0,3.9000000000000004,0.0000,0.0000
2009,5,19,2,30,15.100000000000001,0,0,0,3.9000000000000004,0.0000,0.0000
2009,5,19,3,0,14.9,0,0,0,3.9000000000000004,0.0000,0.0000
2009,5,19,3,30,14.600000000000001,0,0,0,3.9000000000000004,0.0000,0.0000
2009,5,19,4,0,14.3,0,0,0,3.9000000000000004,0.0000,0.0000
2009,5,19,4,30,14.200000000000001,0,0,0,3.9000000000000004,0.0000,0.0000
2009,5,19,5,0,14.100000000000001,0,0,0,4,0.0000,0.0000
2009,5,19,5,30,14.8,22,215,36,4.3,0.0000,0.0000
2009,5,19,6,0,15.4,40,447,109,4.6000000000000005,0.0000,0.0000
2009,5,19,6,30,16.8,129,110,156,4.800000000000001,7.5788,5.8162
2009,5,19,7,0,18.1,152,351,270,4.9,13.7838,10.6699
2009,5,19,7,30,19.900000000000002,72,753,393,5.300000000000001,20.9991,16.3483
2009,5,19,8,0,21.700000000000003,78,809,493,5.800000000000001,27.3082,21.3381
2009,5,19,8,30,23.400000000000002,84,847,586,5.9,33.3716,26.1396
2009,5,19,9,0,25,86,882,675,6.1000000000000005,39.2631,30.8057
2009,5,19,9,30,26.400000000000002,90,907,757,6.300000000000001,44.7514,35.1532
2009,5,19,10,0,27.8,91,927,828,6.5,49.5541,38.9586
2009,5,19,10,30,28.8,93,940,886,6.800000000000001,53.5133,42.0964
2009,5,19,11,0,29.900000000000002,94,951,933,7.2,56.7261,44.6425
2009,5,19,11,30,30.400000000000002,96,957,966,7.5,58.9903,46.4369
2009,5,19,12,0,31,107,945,981,7.800000000000001,60.0507,47.2785
2009,5,19,12,30,31.1,108,946,985,8,60.3288,47.4990
2009,5,19,13,0,31.3,105,946,976,8.1,59.7007,47.0009
2009,5,19,13,30,31.3,104,942,951,8.200000000000001,57.9872,45.6430
2009,5,19,14,0,31.200000000000003,101,937,914,8.200000000000001,55.4394,43.6234
2009,5,19,14,30,31,99,926,863,8.3,51.9513,40.8589
2009,5,19,15,0,30.700000000000003,99,908,800,8.3,47.6632,37.4606
2009,5,19,15,30,30.200000000000003,96,889,726,8.200000000000001,42.6645,33.4997
2009,5,19,16,0,29.700000000000003,92,860,642,8.200000000000001,37.0543,29.0554
2009,5,19,16,30,29,87,827,552,7.9,31.1183,24.3537
2009,5,19,17,0,28.200000000000003,81,782,455,7.7,24.8726,19.4103
2009,5,19,17,30,27.1,73,725,356,7.300000000000001,18.7017,14.5312
2009,5,19,18,0,26,106,476,249,7,12.4601,9.6159
2009,5,19,18,30,24.700000000000003,87,342,159,6.800000000000001,7.6133,5.8199
2009,5,19,19,0,23.400000000000002,62,87,73,6.7,0.0000,0.0000
2009,5,19,19,30,22.5,14,1,14,6.800000000000001,0.0000,0.0000
2009,5,19,20,0,21.6,0,0,0,6.9,0.0000,0.0000
2009,5,19,20,30,20.900000000000002,0,0,0,6.800000000000001,0.0000,0.0000
2009,5,19,21,0,20.200000000000003,0,0,0,6.7,0.0000,0.0000
2009,5,19,21,30,19.5,0,0,0,6.4,0.0000,0.0000
2009,5,19,22,0,18.7,0,0,0,6.1000000000000005,0.0000,0.0000
2009,5,19,22,30,18.2,0,0,0,6.1000000000000005,0.0000,0.0000
2009,5,19,23,0,17.7,0,0,0,6.1000000000000005,0.0000,0.0000
2009,5,19,23,30,17.3,0,0,0,6.2,0.0000,0.0000
2009,5,20,0,0,16.900000000000002,0,0,0,6.300000000000001,0.0000,0.0000
2009,5,20,0,30,16.6,0,0,0,6.300000000000001,0.0000,0.0000
2009,5,20,1,0,16.2,0,0,0,6.300000000000001,0.0000,0.0000
2009,5,20,1,30,16,0,0,0,6.2,0.0000,0.0000
2009,5,20,2,0,15.700000000000001,0,0,0,6.2,0.0000,0.0000
2009,5,20,2,30,15.4,0,0,0,6.1000000000000005,0.0000,0.0000
2009,5,20,3,0,15.200000000000001,0,0,0,6,0.0000,0.0000
2009,5,20,3,30,15,0,0,0,5.9,0.0000,0.0000
2009,5,20,4,0,14.700000000000001,0,0,0,5.9,0.0000,0.0000
2009,5,20,4,30,14.600000000000001,0,0,0,5.9,0.0000,0.0000
2009,5,20,5,0,14.5,0,0,0,6,0.0000,0.0000
2009,5,20,5,30,15.200000000000001,31,4,31,6.2,0.0000,0.0000
2009,5,20,6,0,15.8,78,38,84,6.5,0.0000,0.0000
2009,5,20,6,30,17,133,40,144,7.2,7.0027,5.3753
2009,5,20,7,0,18.3,67,683,299,7.800000000000001,15.2809,11.8305
2009,5,20,7,30,19.8,191,437,378,8.4,20.2138,15.7384
2009,5,20,8,0,21.3,83,804,496,8.9,27.4929,21.4838
2009,5,20,8,30,22.6,187,571,527,9.1,30.0273,23.5210
2009,5,20,9,0,23.900000000000002,228,480,550,9.200000000000001,32.0050,25.1118
2009,5,20,9,30,25,217,562,632,9.3,37.3736,29.3584
2009,5,20,10,0,26.200000000000003,224,677,763,9.3,45.6763,35.9106
2009,5,20,10,30,27,106,924,886,9.3,53.5267,42.1076
2009,5,20,11,0,27.900000000000002,326,634,886,9.4,53.8803,42.4034
2009,5,20,11,30,28.3,314,664,918,9.4,56.0713,44.1396
2009,5,20,12,0,28.8,245,647,843,9.3,51.6137,40.6365
2009,5,20,12,30,29.200000000000003,287,623,866,9.3,53.0513,41.7697
2009,5,20,13,0,29.5,276,644,868,9.200000000000001,53.1062,41.8098
2009,5,20,13,30,29.700000000000003,121,910,941,9.1,57.3900,45.1736
2009,5,20,14,0,29.900000000000002,116,903,902,9,54.7252,43.0621
2009,5,20,14,30,30,114,889,849,8.8,51.1234,40.2085
2009,5,20,15,0,30,107,880,787,8.6,46.9047,36.8654
2009,5,20,15,30,29.700000000000003,102,857,712,8.3,41.8587,32.8680
2009,5,20,16,0,29.5,98,827,628,8,36.2651,28.4377
2009,5,20,16,30,28.900000000000002,92,793,539,7.5,30.4058,23.7975
2009,5,20,17,0,28.400000000000002,85,745,444,7.1000000000000005,24.2925,18.9592
2009,5,20,17,30,27.3,77,687,347,6.7,18.2494,14.1816
2009,5,20,18,0,26.3,66,611,251,6.2,12.5766,9.7078
2009,5,20,18,30,25,53,502,160,6,7.6672,5.8626
2009,5,20,19,0,23.700000000000003,37,330,77,5.7,0.0000,0.0000
2009,5,20,19,30,22.6,11,0,11,5.4,0.0000,0.0000
2009,5,20,20,0,21.400000000000002,0,0,0,5.1000000000000005,0.0000,0.0000
2009,5,20,20,30,20.6,0,0,0,4.800000000000001,0.0000,0.0000
2009,5,20,21,0,19.8,0,0,0,4.6000000000000005,0.0000,0.0000
2009,5,20,21,30,19.1,0,0,0,4,0.0000,0.0000
2009,5,20,22,0,18.400000000000002,0,0,0,3.5,0.0000,0.0000
2009,5,20,22,30,17.8,0,0,0,3,0.0000,0.0000
2009,5,20,23,0,17.1,0,0,0,2.4000000000000004,0.0000,0.0000
2009,5,20,23,30,16.6,0,0,0,2,0.0000,0.0000
2009,5,21,0,0,16.1,0,0,0,1.6,0.0000,0.0000
2009,5,21,0,30,15.8,0,0,0,1.5,0.0000,0.0000
2009,5,21,1,0,15.5,0,0,0,1.3,0.0000,0.0000
2009,5,21,1,30,15.4,0,0,0,1.2000000000000002,0.0000,0.0000
2009,5,21,2,0,15.200000000000001,0,0,0,1.1,0.0000,0.0000
2009,5,21,2,30,15.100000000000001,0,0,0,1,0.0000,0.0000
2009,5,21,3,0,15,0,0,0,0.9,0.0000,0.0000
2009,5,21,3,30,14.9,0,0,0,1,0.0000,0.0000
2009,5,21,4,0,14.8,0,0,0,1.1,0.0000,0.0000
2009,5,21,4,30,14.9,0,0,0,1.2000000000000002,0.0000,0.0000
2009,5,21,5,0,14.9,0,0,0,1.4000000000000001,0.0000,0.0000
2009,5,21,5,30,15.600000000000001,17,0,17,2.1,0.0000,0.0000
2009,5,21,6,0,16.400000000000002,57,4,58,2.9000000000000004,0.0000,0.0000
2009,5,21,6,30,17,88,364,179,3.8000000000000003,8.7135,6.6899
2009,5,21,7,0,17.7,167,49,183,4.7,9.3617,7.2489
2009,5,21,7,30,18.3,70,0,70,5.1000000000000005,3.7463,2.9171
2009,5,21,8,0,18.8,49,0,50,5.4,2.7732,2.1672
2009,5,21,8,30,19.3,202,1,202,5.5,11.5149,9.0203
2009,5,21,9,0,19.8,336,130,423,5.7,24.6238,19.3209
2009,5,21,9,30,20.1,358,288,570,5.800000000000001,33.7178,26.4872
2009,5,21,10,0,20.3,380,478,761,5.9,45.5688,35.8267
2009,5,21,10,30,20.5,393,307,653,6,39.4594,31.0419
2009,5,21,11,0,20.700000000000003,361,457,765,6.1000000000000005,46.5319,36.6208
2009,5,21,11,30,20.900000000000002,451,142,580,6.1000000000000005,35.4331,27.8934
2009,5,21,12,0,21,439,15,454,6.1000000000000005,27.8022,21.8895
2009,5,21,12,30,21.1,462,173,623,6,38.1724,30.0553
2009,5,21,13,0,21.1,480,78,552,5.9,33.7793,26.5943
2009,5,21,13,30,20.700000000000003,397,6,402,6,24.5229,19.3031
2009,5,21,14,0,20.400000000000002,268,0,268,6,16.2639,12.7979
2009,5,21,14,30,19.8,183,0,183,6.300000000000001,11.0225,8.6694
2009,5,21,15,0,19.3,369,332,626,6.5,37.3210,29.3336
2009,5,21,15,30,18.8,210,634,662,6.4,38.9348,30.5730
2009,5,21,16,0,18.2,184,627,587,6.4,33.9149,26.5959
2009,5,21,16,30,17.8,171,584,501,6,28.2797,22.1346
2009,5,21,17,0,17.400000000000002,269,183,358,5.6000000000000005,19.6042,15.3016
2009,5,21,17,30,16.900000000000002,226,100,266,5.1000000000000005,14.0051,10.8848
2009,5,21,18,0,16.5,168,141,212,4.6000000000000005,10.6363,8.2119
2009,5,21,18,30,16,118,67,132,4.1000000000000005,6.3303,4.8416
2009,5,21,19,0,15.600000000000001,48,165,68,3.6,0.0000,0.0000
2009,5,21,19,30,15.200000000000001,10,0,10,3.4000000000000004,0.0000,0.0000
2009,5,21,20,0,14.9,0,0,0,3.2,0.0000,0.0000
2009,5,21,20,30,14.700000000000001,0,0,0,3.3000000000000003,0.0000,0.0000
2009,5,21,21,0,14.5,0,0,0,3.3000000000000003,0.0000,0.0000
2009,5,21,21,30,14.4,0,0,0,3.4000000000000004,0.0000,0.0000
2009,5,21,22,0,14.3,0,0,0,3.5,0.0000,0.0000
2009,5,21,22,30,14.3,0,0,0,3.5,0.0000,0.0000
2009,5,21,23,0,14.200000000000001,0,0,0,3.6,0.0000,0.0000
2009,5,21,23,30,14.100000000000001,0,0,0,3.6,0.0000,0.0000
2009,5,22,0,0,14,0,0,0,3.6,0.0000,0.0000
2009,5,22,0,30,13.9,0,0,0,3.5,0.0000,0.0000
2009,5,22,1,0,13.700000000000001,0,0,0,3.5,0.0000,0.0000
2009,5,22,1,30,13.600000000000001,0,0,0,3.4000000000000004,0.0000,0.0000
2009,5,22,2,0,13.5,0,0,0,3.4000000000000004,0.0000,0.0000
2009,5,22,2,30,13.4,0,0,0,3.2,0.0000,0.0000
2009,5,22,3,0,13.200000000000001,0,0,0,3.1,0.0000,0.0000
2009,5,22,3,30,13,0,0,0,2.9000000000000004,0.0000,0.0000
2009,5,22,4,0,12.8,0,0,0,2.7,0.0000,0.0000
2009,5,22,4,30,12.700000000000001,0,0,0,2.6,0.0000,0.0000
2009,5,22,5,0,12.600000000000001,0,0,0,2.5,0.0000,0.0000
2009,5,22,5,30,13.200000000000001,10,0,10,2.8000000000000003,0.0000,0.0000
2009,5,22,6,0,13.700000000000001,25,0,25,3,0.0000,0.0000
2009,5,22,6,30,14.600000000000001,68,0,68,3,3.3132,2.5443
2009,5,22,7,0,15.600000000000001,158,326,270,3.1,13.8260,10.7072
2009,5,22,7,30,16.7,115,581,366,3,19.6034,15.2657
2009,5,22,8,0,17.8,262,290,412,3,22.8636,17.8683
2009,5,22,8,30,19.1,324,216,453,2.9000000000000004,25.8342,20.2379
2009,5,22,9,0,20.3,376,182,498,2.8000000000000003,29.0003,22.7555
2009,5,22,9,30,21.6,267,492,631,2.7,37.3368,29.3308
2009,5,22,10,0,23,147,799,785,2.6,47.0176,36.9663
2009,5,22,10,30,23.900000000000002,381,260,600,2.6,36.2651,28.5294
2009,5,22,11,0,24.900000000000002,272,586,791,2.6,48.1230,37.8735
2009,5,22,11,30,25.5,286,576,811,2.6,49.5546,39.0106
2009,5,22,12,0,26.1,489,325,790,2.6,48.3874,38.0973
2009,5,22,12,30,26.5,327,527,818,2.7,50.1301,39.4706
2009,5,22,13,0,26.900000000000002,389,376,737,2.7,45.1090,35.5145
2009,5,22,13,30,27.1,379,362,705,2.8000000000000003,43.0158,33.8601
2009,5,22,14,0,27.3,274,586,785,2.8000000000000003,47.6503,37.4961
2009,5,22,14,30,27.5,339,373,649,2.8000000000000003,39.1013,30.7542
2009,5,22,15,0,27.6,324,338,587,2.8000000000000003,35.0077,27.5160
2009,5,22,15,30,27.6,233,487,581,2.7,34.1845,26.8437
2009,5,22,16,0,27.5,227,464,527,2.6,30.4628,23.8896
2009,5,22,16,30,27.200000000000003,109,744,531,2.4000000000000004,29.9915,23.4757
2009,5,22,17,0,26.900000000000002,234,329,394,2.1,21.5929,16.8551
2009,5,22,17,30,25.8,91,637,344,1.6,18.1306,14.0929
2009,5,22,18,0,24.8,125,342,230,1,11.5545,8.9226
2009,5,22,18,30,23.200000000000003,103,211,149,1,7.1514,5.4710
2009,5,22,19,0,21.700000000000003,42,254,74,1.1,0.0000,0.0000
2009,5,22,19,30,20.8,15,0,15,1.2000000000000002,0.0000,0.0000
2009,5,22,20,0,20,0,0,0,1.3,0.0000,0.0000
2009,5,22,20,30,19.6,0,0,0,1.5,0.0000,0.0000
2009,5,22,21,0,19.3,0,0,0,1.7000000000000002,0.0000,0.0000
2009,5,22,21,30,19,0,0,0,2,0.0000,0.0000
2009,5,22,22,0,18.7,0,0,0,2.3000000000000003,0.0000,0.0000
2009,5,22,22,30,18.5,0,0,0,2.5,0.0000,0.0000
2009,5,22,23,0,18.3,0,0,0,2.7,0.0000,0.0000
2009,5,22,23,30,18.1,0,0,0,2.8000000000000003,0.0000,0.0000
2009,5,23,0,0,17.900000000000002,0,0,0,2.8000000000000003,0.0000,0.0000
2009,5,23,0,30,17.7,0,0,0,2.8000000000000003,0.0000,0.0000
2009,5,23,1,0,17.5,0,0,0,2.8000000000000003,0.0000,0.0000
2009,5,23,1,30,17.2,0,0,0,2.6,0.0000,0.0000
2009,5,23,2,0,16.900000000000002,0,0,0,2.4000000000000004,0.0000,0.0000
2009,5,23,2,30,16.400000000000002,0,0,0,2.1,0.0000,0.0000
2009,5,23,3,0,16,0,0,0,1.8,0.0000,0.0000
2009,5,23,3,30,15.700000000000001,0,0,0,1.6,0.0000,0.0000
2009,5,23,4,0,15.4,0,0,0,1.4000000000000001,0.0000,0.0000
2009,5,23,4,30,15.4,0,0,0,1.3,0.0000,0.0000
2009,5,23,5,0,15.5,0,0,0,1.2000000000000002,0.0000,0.0000
2009,5,23,5,30,16.400000000000002,26,165,39,1.6,0.0000,0.0000
2009,5,23,6,0,17.2,52,334,107,2,0.0000,0.0000
2009,5,23,6,30,18.1,136,42,146,2,7.1203,5.4689
2009,5,23,7,0,19,90,558,282,2.1,14.4547,11.1956
2009,5,23,7,30,20.200000000000003,103,632,377,2.1,20.2071,15.7371
2009,5,23,8,0,21.5,115,684,470,2.2,26.0968,20.3961
2009,5,23,8,30,22.6,124,728,561,2.2,32.0069,25.0744
2009,5,23,9,0,23.8,367,238,527,2.1,30.6992,24.0892
2009,5,23,9,30,24.6,413,217,574,2,33.9738,26.6894
2009,5,23,10,0,25.5,340,4,344,1.9000000000000001,20.6089,16.2035
2009,5,23,10,30,26.1,362,4,365,1.9000000000000001,22.0656,17.3590
2009,5,23,11,0,26.700000000000003,407,459,814,1.9000000000000001,49.5315,38.9824
2009,5,23,11,30,27,155,842,924,2,56.4699,44.4550
2009,5,23,12,0,27.3,504,331,812,2.1,49.7437,39.1655
2009,5,23,12,30,27.400000000000002,198,783,929,2.3000000000000003,56.9428,44.8352
2009,5,23,13,0,27.5,381,554,894,2.5,54.7290,43.0889
2009,5,23,13,30,27.200000000000003,388,532,869,2.7,53.0330,41.7457
2009,5,23,14,0,27,197,755,856,2.9000000000000004,51.9720,40.8975
2009,5,23,14,30,26.400000000000002,360,369,667,3.2,40.1965,31.6162
2009,5,23,15,0,25.900000000000002,355,479,728,3.5,43.4304,34.1369
2009,5,23,15,30,25.200000000000003,297,416,595,3.8000000000000003,35.0222,27.5022
2009,5,23,16,0,24.6,248,503,574,4,33.1953,26.0334
2009,5,23,16,30,24,323,143,405,4.1000000000000005,22.8889,17.9171
2009,5,23,17,0,23.3,262,213,365,4.2,20.0195,15.6282
2009,5,23,17,30,22.6,209,244,306,3.9000000000000004,16.1443,12.5505
2009,5,23,18,0,21.900000000000002,94,470,240,3.7,12.0714,9.3236
2009,5,23,18,30,21,73,361,152,3.3000000000000003,7.3015,5.5873
2009,5,23,19,0,20.1,49,189,73,3,0.0000,0.0000
2009,5,23,19,30,19.5,12,0,12,3,0.0000,0.0000
2009,5,23,20,0,18.900000000000002,0,0,0,3.1,0.0000,0.0000
2009,5,23,20,30,18.5,0,0,0,3.2,0.0000,0.0000
2009,5,23,21,0,18.1,0,0,0,3.3000000000000003,0.0000,0.0000
2009,5,23,21,30,17.7,0,0,0,3.2,0.0000,0.0000
2009,5,23,22,0,17.3,0,0,0,3.2,0.0000,0.0000
2009,5,23,22,30,16.8,0,0,0,3,0.0000,0.0000
2009,5,23,23,0,16.400000000000002,0,0,0,2.9000000000000004,0.0000,0.0000
2009,5,23,23,30,15.9,0,0,0,2.8000000000000003,0.0000,0.0000
2009,5,24,0,0,15.5,0,0,0,2.6,0.0000,0.0000
2009,5,24,0,30,15.100000000000001,0,0,0,2.7,0.0000,0.0000
2009,5,24,1,0,14.8,0,0,0,2.7,0.0000,0.0000
2009,5,24,1,30,14.4,0,0,0,2.6,0.0000,0.0000
2009,5,24,2,0,14,0,0,0,2.6,0.0000,0.0000
2009,5,24,2,30,13.8,0,0,0,2.6,0.0000,0.0000
2009,5,24,3,0,13.600000000000001,0,0,0,2.5,0.0000,0.0000
2009,5,24,3,30,13.4,0,0,0,2.5,0.0000,0.0000
2009,5,24,4,0,13.3,0,0,0,2.4000000000000004,0.0000,0.0000
2009,5,24,4,30,13.3,0,0,0,2.6,0.0000,0.0000
2009,5,24,5,0,13.4,0,0,0,2.7,0.0000,0.0000
2009,5,24,5,30,14,12,0,12,3,0.0000,0.0000
2009,5,24,6,0,14.700000000000001,12,0,12,3.2,0.0000,0.0000
2009,5,24,6,30,16,28,0,28,3.5,1.3667,1.0499
2009,5,24,7,0,17.3,14,0,14,3.8000000000000003,0.7182,0.5563
2009,5,24,7,30,18.8,108,0,108,3.9000000000000004,5.7929,4.5118
2009,5,24,8,0,20.200000000000003,174,1,174,4.1000000000000005,9.6667,7.5554
2009,5,24,8,30,21.3,114,0,114,4,6.5068,5.0977
2009,5,24,9,0,22.400000000000002,30,0,30,3.8000000000000003,1.7482,1.3718
2009,5,24,9,30,23.1,54,0,54,3.8000000000000003,3.1970,2.5115
2009,5,24,10,0,23.8,50,0,50,3.7,2.9962,2.3557
2009,5,24,10,30,24.3,74,0,74,3.6,4.4744,3.5201
2009,5,24,11,0,24.8,93,0,93,3.6,5.6601,4.4546
2009,5,24,11,30,25,125,0,125,3.5,7.6406,6.0150
2009,5,24,12,0,25.3,140,0,140,3.5,8.5779,6.7539
2009,5,24,12,30,25.3,141,0,141,3.4000000000000004,8.6440,6.8061
2009,5,24,13,0,25.3,183,0,183,3.3000000000000003,11.2050,8.8219
2009,5,24,13,30,25.1,280,1,280,3.3000000000000003,17.0911,13.4537
2009,5,24,14,0,24.900000000000002,420,26,443,3.2,26.9028,21.1705
2009,5,24,14,30,24.700000000000003,396,25,417,3.3000000000000003,25.1370,19.7716
2009,5,24,15,0,24.5,427,101,506,3.3000000000000003,30.1959,23.7349
2009,5,24,15,30,24.400000000000002,402,209,552,3.5,32.5031,25.5247
2009,5,24,16,0,24.200000000000003,283,365,520,3.6,30.0865,23.5962
2009,5,24,16,30,23.900000000000002,246,398,473,3.7,26.7482,20.9392
2009,5,24,17,0,23.700000000000003,137,576,419,3.7,22.9995,17.9559
2009,5,24,17,30,23.1,185,325,315,3.4000000000000004,16.6361,12.9344
2009,5,24,18,0,22.6,149,259,230,3.2,11.5824,8.9476
2009,5,24,18,30,21.8,114,156,149,2.9000000000000004,7.1633,5.4828
2009,5,24,19,0,21,68,31,72,2.7,0.0000,0.0000
2009,5,24,19,30,20.5,17,0,17,2.7,0.0000,0.0000
2009,5,24,20,0,20.1,0,0,0,2.7,0.0000,0.0000
2009,5,24,20,30,19.8,0,0,0,2.7,0.0000,0.0000
2009,5,24,21,0,19.5,0,0,0,2.8000000000000003,0.0000,0.0000
2009,5,24,21,30,19.200000000000003,0,0,0,2.7,0.0000,0.0000
2009,5,24,22,0,18.900000000000002,0,0,0,2.7,0.0000,0.0000
2009,5,24,22,30,18.6,0,0,0,2.7,0.0000,0.0000
2009,5,24,23,0,18.400000000000002,0,0,0,2.6,0.0000,0.0000
2009,5,24,23,30,18.1,0,0,0,2.6,0.0000,0.0000
2009,5,25,0,0,17.8,0,0,0,2.5,0.0000,0.0000
2009,5,25,0,30,17.5,0,0,0,2.4000000000000004,0.0000,0.0000
2009,5,25,1,0,17.3,0,0,0,2.4000000000000004,0.0000,0.0000
2009,5,25,1,30,17.2,0,0,0,2.4000000000000004,0.0000,0.0000
2009,5,25,2,0,17,0,0,0,2.5,0.0000,0.0000
2009,5,25,2,30,16.900000000000002,0,0,0,2.4000000000000004,0.0000,0.0000
2009,5,25,3,0,16.8,0,0,0,2.4000000000000004,0.0000,0.0000
2009,5,25,3,30,16.7,0,0,0,2.3000000000000003,0.0000,0.0000
2009,5,25,4,0,16.5,0,0,0,2.2,0.0000,0.0000
2009,5,25,4,30,16.6,0,0,0,2.4000000000000004,0.0000,0.0000
2009,5,25,5,0,16.6,0,0,0,2.6,0.0000,0.0000
2009,5,25,5,30,17.3,17,0,17,3,0.0000,0.0000
2009,5,25,6,0,18,61,1,61,3.5,0.0000,0.0000
2009,5,25,6,30,19.1,92,357,184,3.8000000000000003,8.9882,6.9060
2009,5,25,7,0,20.1,114,459,273,4.1000000000000005,14.0171,10.8591
2009,5,25,7,30,21.200000000000003,132,537,366,4.2,19.6442,15.3010
2009,5,25,8,0,22.3,146,600,459,4.4,25.5126,19.9415
2009,5,25,8,30,23.1,158,648,549,4.4,31.3475,24.5594
2009,5,25,9,0,23.900000000000002,169,684,632,4.4,36.8387,28.9081
2009,5,25,9,30,24.5,178,715,709,4.5,41.9857,32.9846
2009,5,25,10,0,25.1,184,738,777,4.6000000000000005,46.5697,36.6158
2009,5,25,10,30,25.6,190,757,833,4.7,50.3775,39.6330
2009,5,25,11,0,26,193,771,879,4.800000000000001,53.5057,42.1111
2009,5,25,11,30,26.3,196,780,911,4.9,55.6937,43.8448
2009,5,25,12,0,26.6,502,315,796,5.1000000000000005,48.7795,38.4071
2009,5,25,12,30,26.700000000000003,523,266,771,5.1000000000000005,47.2741,37.2231
2009,5,25,13,0,26.8,469,62,527,5.1000000000000005,32.2736,25.4100
2009,5,25,13,30,26.8,477,339,785,5.1000000000000005,47.9257,37.7263
2009,5,25,14,0,26.700000000000003,407,457,808,5,49.0792,38.6222
2009,5,25,14,30,26.5,173,773,818,4.800000000000001,49.3217,38.7948
2009,5,25,15,0,26.400000000000002,156,775,761,4.7,45.4262,35.7071
2009,5,25,15,30,26.1,150,751,690,4.5,40.6436,31.9183
2009,5,25,16,0,25.8,137,733,613,4.3,35.4839,27.8303
2009,5,25,16,30,25.3,129,694,527,4.2,29.8200,23.3451
2009,5,25,17,0,24.900000000000002,271,148,343,4,18.8415,14.7107
2009,5,25,17,30,24.200000000000003,173,391,330,3.6,17.4460,13.5657
2009,5,25,18,0,23.5,144,277,231,3.2,11.6468,8.9990
2009,5,25,18,30,22.3,112,170,150,2.8000000000000003,7.2174,5.5256
2009,5,25,19,0,21,67,15,69,2.3000000000000003,0.0000,0.0000
2009,5,25,19,30,20.3,16,0,16,2.6,0.0000,0.0000
2009,5,25,20,0,19.5,0,0,0,2.9000000000000004,0.0000,0.0000
2009,5,25,20,30,19,0,0,0,3.2,0.0000,0.0000
2009,5,25,21,0,18.5,0,0,0,3.4000000000000004,0.0000,0.0000
2009,5,25,21,30,17.900000000000002,0,0,0,3.3000000000000003,0.0000,0.0000
2009,5,25,22,0,17.3,0,0,0,3.3000000000000003,0.0000,0.0000
2009,5,25,22,30,17,0,0,0,3,0.0000,0.0000
2009,5,25,23,0,16.6,0,0,0,2.8000000000000003,0.0000,0.0000
2009,5,25,23,30,16.3,0,0,0,2.4000000000000004,0.0000,0.0000
2009,5,26,0,0,16.1,0,0,0,2,0.0000,0.0000
2009,5,26,0,30,15.9,0,0,0,1.5,0.0000,0.0000
2009,5,26,1,0,15.600000000000001,0,0,0,1,0.0000,0.0000
2009,5,26,1,30,15.4,0,0,0,0.7000000000000001,0.0000,0.0000
2009,5,26,2,0,15.200000000000001,0,0,0,0.5,0.0000,0.0000
2009,5,26,2,30,15.200000000000001,0,0,0,0.4,0.0000,0.0000
2009,5,26,3,0,15.100000000000001,0,0,0,0.4,0.0000,0.0000
2009,5,26,3,30,15,0,0,0,0.6000000000000001,0.0000,0.0000
2009,5,26,4,0,14.8,0,0,0,0.8,0.0000,0.0000
2009,5,26,4,30,15,0,0,0,1.2000000000000002,0.0000,0.0000
2009,5,26,5,0,15.200000000000001,0,0,0,1.6,0.0000,0.0000
2009,5,26,5,30,15.8,11,0,11,2.4000000000000004,0.0000,0.0000
2009,5,26,6,0,16.400000000000002,18,0,19,3.1,0.0000,0.0000
2009,5,26,6,30,17,88,0,88,3.8000000000000003,4.3021,3.3060
2009,5,26,7,0,17.6,99,0,99,4.6000000000000005,5.0867,3.9411
2009,5,26,7,30,18,144,0,144,5.1000000000000005,7.7332,6.0238
2009,5,26,8,0,18.400000000000002,83,0,83,5.7,4.6154,3.6077
2009,5,26,8,30,18.6,151,0,152,6,8.6820,6.8022
2009,5,26,9,0,18.8,292,8,297,6.300000000000001,17.3169,13.5892
2009,5,26,9,30,19,298,3,300,6.300000000000001,17.7695,13.9603
2009,5,26,10,0,19.200000000000003,254,1,254,6.300000000000001,15.2266,11.9722
2009,5,26,10,30,19.5,175,0,175,6.2,10.5854,8.3278
2009,5,26,11,0,19.8,128,0,128,6.1000000000000005,7.7927,6.1332
2009,5,26,11,30,20.1,145,0,145,6,8.8660,6.9798
2009,5,26,12,0,20.3,134,0,134,5.9,8.2129,6.4666
2009,5,26,12,30,20.5,226,0,226,5.9,13.8596,10.9130
2009,5,26,13,0,20.6,473,93,559,5.800000000000001,34.2390,26.9577
2009,5,26,13,30,20.5,457,80,530,5.800000000000001,32.3634,25.4763
2009,5,26,14,0,20.400000000000002,325,1,327,5.800000000000001,19.8667,15.6340
2009,5,26,14,30,20,401,91,477,5.9,28.7680,22.6283
2009,5,26,15,0,19.6,308,31,332,6,19.8241,15.5830
2009,5,26,15,30,19.200000000000003,308,49,343,6.1000000000000005,20.2113,15.8728
2009,5,26,16,0,18.8,171,0,171,6.300000000000001,9.9027,7.7670
2009,5,26,16,30,18.2,78,0,78,6.300000000000001,4.4160,3.4573
2009,5,26,17,0,17.7,64,0,64,6.4,3.5184,2.7472
2009,5,26,17,30,17.1,77,0,77,6.300000000000001,4.0749,3.1689
2009,5,26,18,0,16.5,169,45,183,6.2,9.2378,7.1390
2009,5,26,18,30,15.9,111,14,114,5.9,5.4900,4.2042
2009,5,26,19,0,15.200000000000001,34,0,34,5.7,0.0000,0.0000
2009,5,26,19,30,14.700000000000001,12,0,12,5.5,0.0000,0.0000
2009,5,26,20,0,14.100000000000001,0,0,0,5.300000000000001,0.0000,0.0000
2009,5,26,20,30,13.700000000000001,0,0,0,5.2,0.0000,0.0000
2009,5,26,21,0,13.3,0,0,0,5.1000000000000005,0.0000,0.0000
2009,5,26,21,30,13,0,0,0,5,0.0000,0.0000
2009,5,26,22,0,12.700000000000001,0,0,0,4.9,0.0000,0.0000
2009,5,26,22,30,12.4,0,0,0,4.7,0.0000,0.0000
2009,5,26,23,0,12.100000000000001,0,0,0,4.6000000000000005,0.0000,0.0000
2009,5,26,23,30,11.8,0,0,0,4.4,0.0000,0.0000
2009,5,27,0,0,11.5,0,0,0,4.3,0.0000,0.0000
2009,5,27,0,30,11.3,0,0,0,4.1000000000000005,0.0000,0.0000
2009,5,27,1,0,11.100000000000001,0,0,0,4,0.0000,0.0000
2009,5,27,1,30,10.9,0,0,0,3.9000000000000004,0.0000,0.0000
2009,5,27,2,0,10.8,0,0,0,3.9000000000000004,0.0000,0.0000
2009,5,27,2,30,10.700000000000001,0,0,0,3.8000000000000003,0.0000,0.0000
2009,5,27,3,0,10.600000000000001,0,0,0,3.8000000000000003,0.0000,0.0000
2009,5,27,3,30,10.5,0,0,0,3.7,0.0000,0.0000
2009,5,27,4,0,10.4,0,0,0,3.6,0.0000,0.0000
2009,5,27,4,30,10.4,0,0,0,3.6,0.0000,0.0000
2009,5,27,5,0,10.5,0,0,0,3.6,0.0000,0.0000
2009,5,27,5,30,10.9,17,0,17,3.9000000000000004,0.0000,0.0000
2009,5,27,6,0,11.3,22,0,22,4.3,0.0000,0.0000
2009,5,27,6,30,12,4,0,4,4.4,0.1957,0.1504
2009,5,27,7,0,12.600000000000001,10,0,10,4.5,0.5142,0.3984
2009,5,27,7,30,13.200000000000001,49,0,49,4.5,2.6329,2.0511
2009,5,27,8,0,13.8,106,1,107,4.4,5.9526,4.6531
2009,5,27,8,30,14.3,167,4,170,4.3,9.7134,7.6104
2009,5,27,9,0,14.700000000000001,220,7,225,4.3,13.1223,10.2978
2009,5,27,9,30,14.9,306,27,326,4.3,19.3140,15.1739
2009,5,27,10,0,15.200000000000001,314,18,328,4.2,19.6663,15.4632
2009,5,27,10,30,15.4,356,19,372,4.3,22.5051,17.7056
2009,5,27,11,0,15.5,388,20,406,4.3,24.7214,19.4571
2009,5,27,11,30,15.600000000000001,266,5,270,4.4,16.5114,12.9988
2009,5,27,12,0,15.700000000000001,332,5,337,4.4,20.6579,16.2655
2009,5,27,12,30,15.700000000000001,294,2,296,4.4,18.1550,14.2953
2009,5,27,13,0,15.700000000000001,295,3,298,4.5,18.2557,14.3736
2009,5,27,13,30,15.600000000000001,288,4,292,4.4,17.8337,14.0387
2009,5,27,14,0,15.600000000000001,339,12,350,4.4,21.2685,16.7374
2009,5,27,14,30,15.600000000000001,323,16,336,4.3,20.2691,15.9435
2009,5,27,15,0,15.600000000000001,171,0,171,4.2,10.2135,8.0286
2009,5,27,15,30,15.600000000000001,228,6,232,4.1000000000000005,13.6752,10.7400
2009,5,27,16,0,15.600000000000001,257,43,285,3.9000000000000004,16.5121,12.9515
2009,5,27,16,30,15.600000000000001,58,0,58,3.8000000000000003,3.2855,2.5724
2009,5,27,17,0,15.5,72,0,72,3.6,3.9610,3.0930
2009,5,27,17,30,15.3,38,0,38,3.3000000000000003,2.0128,1.5655
2009,5,27,18,0,15,97,1,97,3.1,4.9024,3.7893
2009,5,27,18,30,14.5,59,0,59,2.5,2.8439,2.1783
2009,5,27,19,0,13.9,62,3,62,1.9000000000000001,0.0000,0.0000
2009,5,27,19,30,13.3,11,0,11,1.5,0.0000,0.0000
2009,5,27,20,0,12.600000000000001,0,0,0,1.1,0.0000,0.0000
2009,5,27,20,30,12.3,0,0,0,1.1,0.0000,0.0000
2009,5,27,21,0,12,0,0,0,1,0.0000,0.0000
2009,5,27,21,30,11.8,0,0,0,0.9,0.0000,0.0000
2009,5,27,22,0,11.600000000000001,0,0,0,0.8,0.0000,0.0000
2009,5,27,22,30,11.3,0,0,0,0.8,0.0000,0.0000
2009,5,27,23,0,11,0,0,0,0.9,0.0000,0.0000
2009,5,27,23,30,10.5,0,0,0,0.9,0.0000,0.0000
2009,5,28,0,0,10,0,0,0,0.9,0.0000,0.0000
2009,5,28,0,30,9.700000000000001,0,0,0,1,0.0000,0.0000
2009,5,28,1,0,9.3,0,0,0,1.1,0.0000,0.0000
2009,5,28,1,30,9,0,0,0,1.3,0.0000,0.0000
2009,5,28,2,0,8.6,0,0,0,1.4000000000000001,0.0000,0.0000
2009,5,28,2,30,8.4,0,0,0,1.5,0.0000,0.0000
2009,5,28,3,0,8.200000000000001,0,0,0,1.7000000000000002,0.0000,0.0000
2009,5,28,3,30,8.1,0,0,0,1.8,0.0000,0.0000
2009,5,28,4,0,7.9,0,0,0,1.9000000000000001,0.0000,0.0000
2009,5,28,4,30,8.3,0,0,0,2.1,0.0000,0.0000
2009,5,28,5,0,8.700000000000001,0,0,0,2.4000000000000004,0.0000,0.0000
2009,5,28,5,30,9.9,29,260,50,2.7,0.0000,0.0000
2009,5,28,6,0,11.100000000000001,48,462,127,3.1,0.0000,0.0000
2009,5,28,6,30,12.5,63,596,218,2.7,10.6733,8.2045
2009,5,28,7,0,13.9,74,692,317,2.4000000000000004,16.3108,12.6398
2009,5,28,7,30,15.700000000000001,83,759,417,2.4000000000000004,22.4179,17.4646
2009,5,28,8,0,17.5,89,809,514,2.5,28.6055,22.3616
2009,5,28,8,30,18.400000000000002,95,847,608,2.5,34.7498,27.2271
2009,5,28,9,0,19.3,97,884,698,2.5,40.7175,31.9537
2009,5,28,9,30,20.3,101,903,775,2.5,45.9233,36.0797
2009,5,28,10,0,21.200000000000003,102,925,847,2.6,50.7937,39.9385
2009,5,28,10,30,22,105,935,903,2.7,54.6381,42.9862
2009,5,28,11,0,22.900000000000002,105,944,947,2.8000000000000003,57.6711,45.3907
2009,5,28,11,30,23.700000000000003,107,947,977,2.9000000000000004,59.7549,47.0432
2009,5,28,12,0,24.400000000000002,109,945,993,3,60.8788,47.9350
2009,5,28,12,30,25,109,943,995,3,61.0371,48.0613
2009,5,28,13,0,25.6,108,940,983,3,60.2286,47.4212
2009,5,28,13,30,26,107,935,959,3,58.5802,46.1149
2009,5,28,14,0,26.400000000000002,104,927,919,3,55.8558,43.9566
2009,5,28,14,30,26.6,102,916,869,2.9000000000000004,52.4340,41.2448
2009,5,28,15,0,26.900000000000002,98,903,808,2.8000000000000003,48.2729,37.9469
2009,5,28,15,30,26.900000000000002,94,885,735,2.7,43.3387,34.0373
2009,5,28,16,0,27,89,863,654,2.6,37.9070,29.7338
2009,5,28,16,30,26.700000000000003,84,832,565,2.4000000000000004,32.0231,25.0733
2009,5,28,17,0,26.400000000000002,77,797,472,2.3000000000000003,25.9835,20.2912
2009,5,28,17,30,25.6,70,746,375,1.7000000000000002,19.8818,15.4648
2009,5,28,18,0,24.700000000000003,59,689,280,1.1,14.1671,10.9522
2009,5,28,18,30,23.5,49,593,186,1,8.9731,6.8746
2009,5,28,19,0,22.3,36,451,99,0.9,0.0000,0.0000
2009,5,28,19,30,21.900000000000002,18,234,31,0.9,0.0000,0.0000
2009,5,28,20,0,21.5,0,0,0,0.9,0.0000,0.0000
2009,5,28,20,30,21.3,0,0,0,0.7000000000000001,0.0000,0.0000
2009,5,28,21,0,21.200000000000003,0,0,0,0.6000000000000001,0.0000,0.0000
2009,5,28,21,30,20.6,0,0,0,0.6000000000000001,0.0000,0.0000
2009,5,28,22,0,20,0,0,0,0.7000000000000001,0.0000,0.0000
2009,5,28,22,30,19.3,0,0,0,0.8,0.0000,0.0000
2009,5,28,23,0,18.6,0,0,0,0.9,0.0000,0.0000
2009,5,28,23,30,18,0,0,0,1,0.0000,0.0000
2009,5,29,0,0,17.400000000000002,0,0,0,1.1,0.0000,0.0000
2009,5,29,0,30,16.7,0,0,0,1.2000000000000002,0.0000,0.0000
2009,5,29,1,0,16,0,0,0,1.2000000000000002,0.0000,0.0000
2009,5,29,1,30,15.3,0,0,0,1.3,0.0000,0.0000
2009,5,29,2,0,14.5,0,0,0,1.3,0.0000,0.0000
2009,5,29,2,30,14.100000000000001,0,0,0,1.4000000000000001,0.0000,0.0000
2009,5,29,3,0,13.700000000000001,0,0,0,1.4000000000000001,0.0000,0.0000
2009,5,29,3,30,13.4,0,0,0,1.5,0.0000,0.0000
2009,5,29,4,0,13.100000000000001,0,0,0,1.6,0.0000,0.0000
2009,5,29,4,30,13.3,0,0,0,1.7000000000000002,0.0000,0.0000
2009,5,29,5,0,13.4,0,0,0,1.8,0.0000,0.0000
2009,5,29,5,30,14.700000000000001,28,239,48,2.3000000000000003,0.0000,0.0000
2009,5,29,6,0,15.9,45,460,125,2.9000000000000004,0.0000,0.0000
2009,5,29,6,30,17.1,59,587,213,2.8000000000000003,10.4349,8.0223
2009,5,29,7,0,18.3,68,688,310,2.8000000000000003,15.9604,12.3693
2009,5,29,7,30,19.700000000000003,76,751,407,2.9000000000000004,21.8911,17.0550
2009,5,29,8,0,21.200000000000003,81,804,504,2.9000000000000004,28.0596,21.9356
2009,5,29,8,30,22.400000000000002,87,841,597,3,34.1310,26.7430
2009,5,29,9,0,23.6,87,878,685,3.1,39.9682,31.3662
2009,5,29,9,30,24.400000000000002,91,900,764,3.1,45.2806,35.5753
2009,5,29,10,0,25.3,92,920,833,3.2,49.9621,39.2851
2009,5,29,10,30,25.900000000000002,94,930,889,3,53.7987,42.3261
2009,5,29,11,0,26.6,94,942,935,2.9000000000000004,56.9483,44.8222
2009,5,29,11,30,27,96,946,966,2.8000000000000003,59.0903,46.5204
2009,5,29,12,0,27.400000000000002,128,903,972,2.8000000000000003,59.5991,46.9277
2009,5,29,12,30,27.6,128,903,977,2.8000000000000003,59.9409,47.1985
2009,5,29,13,0,27.8,326,635,918,2.7,56.2542,44.2923
2009,5,29,13,30,27.900000000000002,507,213,701,2.6,42.8276,33.7146
2009,5,29,14,0,27.900000000000002,388,321,670,2.5,40.7297,32.0533
2009,5,29,14,30,27.8,292,642,830,2.2,50.0920,39.4031
2009,5,29,15,0,27.700000000000003,115,857,789,1.9000000000000001,47.1510,37.0657
2009,5,29,15,30,27.6,279,587,705,1.5,41.5835,32.6596
2009,5,29,16,0,27.400000000000002,105,811,637,1.2000000000000002,36.9359,28.9729
2009,5,29,16,30,27.200000000000003,99,777,550,0.9,31.1899,24.4221
2009,5,29,17,0,26.900000000000002,89,744,459,0.5,25.2858,19.7477
2009,5,29,17,30,26.200000000000003,80,689,364,0.7000000000000001,19.3148,15.0253
2009,5,29,18,0,25.6,70,617,269,0.9,13.6243,10.5342
2009,5,29,18,30,23.6,57,513,177,1,8.5464,6.5491
2009,5,29,19,0,21.6,43,347,93,1.1,0.0000,0.0000
2009,5,29,19,30,20.900000000000002,21,142,29,1.3,0.0000,0.0000
2009,5,29,20,0,20.1,0,0,0,1.5,0.0000,0.0000
2009,5,29,20,30,20.1,0,0,0,2,0.0000,0.0000
2009,5,29,21,0,20.1,0,0,0,2.4000000000000004,0.0000,0.0000
2009,5,29,21,30,19.900000000000002,0,0,0,3,0.0000,0.0000
2009,5,29,22,0,19.8,0,0,0,3.6,0.0000,0.0000
2009,5,29,22,30,19.400000000000002,0,0,0,3.7,0.0000,0.0000
2009,5,29,23,0,19.1,0,0,0,3.8000000000000003,0.0000,0.0000
2009,5,29,23,30,18.8,0,0,0,3.7,0.0000,0.0000
2009,5,30,0,0,18.5,0,0,0,3.7,0.0000,0.0000
2009,5,30,0,30,18.3,0,0,0,3.8000000000000003,0.0000,0.0000
2009,5,30,1,0,18,0,0,0,3.9000000000000004,0.0000,0.0000
2009,5,30,1,30,17.8,0,0,0,3.9000000000000004,0.0000,0.0000
2009,5,30,2,0,17.5,0,0,0,3.9000000000000004,0.0000,0.0000
2009,5,30,2,30,17.3,0,0,0,3.8000000000000003,0.0000,0.0000
2009,5,30,3,0,17.1,0,0,0,3.6,0.0000,0.0000
2009,5,30,3,30,16.900000000000002,0,0,0,3.8000000000000003,0.0000,0.0000
2009,5,30,4,0,16.6,0,0,0,3.9000000000000004,0.0000,0.0000
2009,5,30,4,30,16.5,0,0,0,4.1000000000000005,0.0000,0.0000
2009,5,30,5,0,16.400000000000002,0,0,0,4.3,0.0000,0.0000
2009,5,30,5,30,17.1,27,295,52,4.5,0.0000,0.0000
2009,5,30,6,0,17.8,43,494,129,4.7,0.0000,0.0000
2009,5,30,6,30,19.200000000000003,56,618,219,4.800000000000001,10.7355,8.2544
2009,5,30,7,0,20.5,65,708,315,4.800000000000001,16.2278,12.5776
2009,5,30,7,30,21.900000000000002,73,770,413,5.300000000000001,22.2247,17.3159
2009,5,30,8,0,23.200000000000003,80,816,510,5.800000000000001,28.4029,22.2046
2009,5,30,8,30,24,86,851,603,5.800000000000001,34.4826,27.0190
2009,5,30,9,0,24.900000000000002,90,881,690,5.800000000000001,40.2690,31.6028
2009,5,30,9,30,25.400000000000002,93,902,769,5.800000000000001,45.5850,35.8148
2009,5,30,10,0,26,98,917,837,5.800000000000001,50.2090,39.4796
2009,5,30,10,30,26.400000000000002,101,933,898,5.800000000000001,54.3502,42.7604
2009,5,30,11,0,26.8,104,940,944,5.7,57.5031,45.2592
2009,5,30,11,30,27,106,946,977,5.7,59.7701,47.0559
2009,5,30,12,0,27.200000000000003,106,950,996,5.7,61.0785,48.0929
2009,5,30,12,30,27.3,107,954,1004,5.6000000000000005,61.6056,48.5097
2009,5,30,13,0,27.400000000000002,103,957,995,5.5,60.9814,48.0148
2009,5,30,13,30,27.3,101,953,971,5.300000000000001,59.3325,46.7080
2009,5,30,14,0,27.3,97,950,935,5.2,56.8493,44.7395
2009,5,30,14,30,27.1,95,943,888,5,53.6043,42.1665
2009,5,30,15,0,27,428,279,648,4.800000000000001,38.7347,30.4501
2009,5,30,15,30,26.700000000000003,254,482,605,4.6000000000000005,35.6968,28.0368
2009,5,30,16,0,26.3,206,575,585,4.4,33.9350,26.6198
2009,5,30,16,30,25.8,80,860,581,4.1000000000000005,32.9643,25.8125
2009,5,30,17,0,25.200000000000003,76,818,485,3.8000000000000003,26.7355,20.8811
2009,5,30,17,30,24.1,70,767,387,3.1,20.5540,15.9910
2009,5,30,18,0,23,60,708,290,2.3000000000000003,14.7041,11.3710
2009,5,30,18,30,21.200000000000003,50,613,194,1.9000000000000001,9.3755,7.1861
2009,5,30,19,0,19.5,37,478,106,1.5,0.0000,0.0000
2009,5,30,19,30,18.3,24,1,24,1.5,0.0000,0.0000
2009,5,30,20,0,17.1,0,0,0,1.4000000000000001,0.0000,0.0000
2009,5,30,20,30,16.400000000000002,0,0,0,1.4000000000000001,0.0000,0.0000
2009,5,30,21,0,15.700000000000001,0,0,0,1.4000000000000001,0.0000,0.0000
2009,5,30,21,30,15.200000000000001,0,0,0,1.4000000000000001,0.0000,0.0000
2009,5,30,22,0,14.700000000000001,0,0,0,1.3,0.0000,0.0000
2009,5,30,22,30,14.200000000000001,0,0,0,1.3,0.0000,0.0000
2009,5,30,23,0,13.700000000000001,0,0,0,1.3,0.0000,0.0000
2009,5,30,23,30,13.3,0,0,0,1.4000000000000001,0.0000,0.0000
2009,5,31,0,0,12.8,0,0,0,1.5,0.0000,0.0000
2009,5,31,0,30,12.600000000000001,0,0,0,1.6,0.0000,0.0000
2009,5,31,1,0,12.3,0,0,0,1.7000000000000002,0.0000,0.0000
2009,5,31,1,30,12.100000000000001,0,0,0,1.9000000000000001,0.0000,0.0000
2009,5,31,2,0,11.9,0,0,0,2.1,0.0000,0.0000
2009,5,31,2,30,11.700000000000001,0,0,0,2.1,0.0000,0.0000
2009,5,31,3,0,11.5,0,0,0,2.2,0.0000,0.0000
2009,5,31,3,30,11.3,0,0,0,2.1,0.0000,0.0000
2009,5,31,4,0,11.100000000000001,0,0,0,2.1,0.0000,0.0000
2009,5,31,4,30,11.4,0,0,0,2.4000000000000004,0.0000,0.0000
2009,5,31,5,0,11.700000000000001,0,0,0,2.6,0.0000,0.0000
2009,5,31,5,30,12.700000000000001,39,7,40,3.1,0.0000,0.0000
2009,5,31,6,0,13.8,47,469,129,3.6,6.1504,4.6873
2009,5,31,6,30,15.200000000000001,60,592,217,3.6,10.6441,8.1851
2009,5,31,7,0,16.6,169,287,271,3.7,13.9684,10.8272
2009,5,31,7,30,18.6,80,746,410,4.4,22.0710,17.1967
2009,5,31,8,0,20.5,87,790,504,5.1000000000000005,28.0778,21.9511
2009,5,31,8,30,22,93,828,597,5.6000000000000005,34.1480,26.7573
2009,5,31,9,0,23.400000000000002,202,593,607,6,35.4318,27.8070
2009,5,31,9,30,24.6,394,288,610,6.1000000000000005,36.1652,28.4143
2009,5,31,10,0,25.700000000000003,106,891,826,6.2,49.5560,38.9665
2009,5,31,10,30,26.6,110,903,882,6.300000000000001,53.3885,42.0041
2009,5,31,11,0,27.6,423,194,596,6.300000000000001,36.3095,28.5785
2009,5,31,11,30,28.200000000000003,395,330,699,6.300000000000001,42.7677,33.6705
2009,5,31,12,0,28.700000000000003,265,628,854,6.2,52.3767,41.2415
2009,5,31,12,30,28.5,246,685,891,6.1000000000000005,54.6786,43.0555
2009,5,31,13,0,28.200000000000003,151,849,943,5.9,57.8026,45.5123
2009,5,31,13,30,27.700000000000003,149,842,918,5.5,56.1026,44.1658
2009,5,31,14,0,27.200000000000003,216,682,818,5.1000000000000005,49.7443,39.1484
2009,5,31,14,30,26.8,324,429,685,4.7,41.3585,32.5341
2009,5,31,15,0,26.3,348,168,481,4.3,28.7589,22.6083
2009,5,31,15,30,26,309,274,508,4.2,29.9825,23.5492
2009,5,31,16,0,25.700000000000003,259,349,489,4.1000000000000005,28.3770,22.2606
2009,5,31,16,30,25.3,225,395,456,3.9000000000000004,25.8849,20.2699
2009,5,31,17,0,24.900000000000002,101,696,450,3.7,24.8221,19.3879
2009,5,31,17,30,24.6,91,640,357,3.3000000000000003,18.9765,14.7650
2009,5,31,18,0,24.3,76,586,267,3,13.5516,10.4813
2009,5,31,18,30,23.200000000000003,62,488,177,2.3000000000000003,8.5611,6.5632
2009,5,31,19,0,22.1,43,368,97,1.6,0.0000,0.0000
2009,5,31,19,30,21.400000000000002,21,171,32,1.6,0.0000,0.0000
2009,5,31,20,0,20.6,0,0,0,1.5,0.0000,0.0000
2009,5,31,20,30,20.400000000000002,0,0,0,1.5,0.0000,0.0000
2009,5,31,21,0,20.200000000000003,0,0,0,1.6,0.0000,0.0000
2009,5,31,21,30,20,0,0,0,1.7000000000000002,0.0000,0.0000
2009,5,31,22,0,19.8,0,0,0,1.8,0.0000,0.0000
2009,5,31,22,30,19.700000000000003,0,0,0,2,0.0000,0.0000
2009,5,31,23,0,19.6,0,0,0,2.3000000000000003,0.0000,0.0000
2009,5,31,23,30,19.5,0,0,0,2.8000000000000003,0.0000,0.0000
2009,6,1,0,0,19.5,0,0,0,3.3000000000000003,0.0000,0.0000
2009,6,1,0,30,19.3,0,0,0,3.5,0.0000,0.0000
2009,6,1,1,0,19,0,0,0,3.8000000000000003,0.0000,0.0000
2009,6,1,1,30,18.5,0,0,0,3.5,0.0000,0.0000
2009,6,1,2,0,18,0,0,0,3.2,0.0000,0.0000
2009,6,1,2,30,17.6,0,0,0,3,0.0000,0.0000
2009,6,1,3,0,17.1,0,0,0,2.8000000000000003,0.0000,0.0000
2009,6,1,3,30,16.8,0,0,0,2.8000000000000003,0.0000,0.0000
2009,6,1,4,0,16.5,0,0,0,2.9000000000000004,0.0000,0.0000
2009,6,1,4,30,16.5,0,0,0,3.1,0.0000,0.0000
2009,6,1,5,0,16.6,0,0,0,3.3000000000000003,0.0000,0.0000
2009,6,1,5,30,17.1,17,0,17,3.6,0.0000,0.0000
2009,6,1,6,0,17.6,29,0,29,3.9000000000000004,1.3825,1.0537
2009,6,1,6,30,18.400000000000002,4,0,4,4.2,0.1963,0.1510
2009,6,1,7,0,19.3,57,435,211,4.5,10.8805,8.4342
2009,6,1,7,30,20.3,46,582,305,4.5,16.4256,12.7986
2009,6,1,8,0,21.3,146,5,149,4.6000000000000005,8.3030,6.4914
2009,6,1,8,30,22.200000000000003,137,2,139,4.5,7.9523,6.2313
2009,6,1,9,0,23.1,117,0,117,4.4,6.8306,5.3608
2009,6,1,9,30,23.900000000000002,328,8,334,4.4,19.8049,15.5605
2009,6,1,10,0,24.6,434,248,634,4.3,38.0415,29.9127
2009,6,1,10,30,25.3,454,278,691,4.2,41.8317,32.9119
2009,6,1,11,0,25.900000000000002,481,159,623,4.2,37.9582,29.8764
2009,6,1,11,30,26.400000000000002,352,14,365,4.1000000000000005,22.3348,17.5840
2009,6,1,12,0,26.900000000000002,458,102,554,4.1000000000000005,33.9811,26.7569
2009,6,1,12,30,27.1,290,5,295,4,18.1057,14.2570
2009,6,1,13,0,27.400000000000002,430,77,503,4,30.8362,24.2798
2009,6,1,13,30,27.3,446,94,532,3.9000000000000004,32.5173,25.5989
2009,6,1,14,0,27.1,428,221,624,3.8000000000000003,37.9534,29.8694
2009,6,1,14,30,26.8,387,108,478,3.7,28.8663,22.7075
2009,6,1,15,0,26.5,347,258,550,3.6,32.8928,25.8585
2009,6,1,15,30,26.1,400,233,570,3.5,33.6517,26.4317
2009,6,1,16,0,25.700000000000003,314,243,475,3.3000000000000003,27.5751,21.6321
2009,6,1,16,30,25,242,422,488,3.2,27.7151,21.7039
2009,6,1,17,0,24.400000000000002,215,386,409,3,22.5750,17.6338
2009,6,1,17,30,23.5,192,356,341,2.6,18.1410,14.1163
2009,6,1,18,0,22.700000000000003,88,4,89,2.3000000000000003,4.5217,3.4978
2009,6,1,18,30,21.700000000000003,56,1,56,2.1,2.7111,2.0789
2009,6,1,19,0,20.700000000000003,46,1,46,1.9000000000000001,0.0000,0.0000
2009,6,1,19,30,20.1,15,0,15,1.9000000000000001,0.0000,0.0000
2009,6,1,20,0,19.6,0,0,0,1.9000000000000001,0.0000,0.0000
2009,6,1,20,30,19.200000000000003,0,0,0,2.1,0.0000,0.0000
2009,6,1,21,0,18.8,0,0,0,2.3000000000000003,0.0000,0.0000
2009,6,1,21,30,18.3,0,0,0,2.9000000000000004,0.0000,0.0000
2009,6,1,22,0,17.900000000000002,0,0,0,3.5,0.0000,0.0000
2009,6,1,22,30,17.400000000000002,0,0,0,3.8000000000000003,0.0000,0.0000
2009,6,1,23,0,17,0,0,0,4.1000000000000005,0.0000,0.0000
2009,6,1,23,30,16.6,0,0,0,3.9000000000000004,0.0000,0.0000
2009,6,2,0,0,16.1,0,0,0,3.6,0.0000,0.0000
2009,6,2,0,30,15.700000000000001,0,0,0,3.3000000000000003,0.0000,0.0000
2009,6,2,1,0,15.3,0,0,0,3,0.0000,0.0000
2009,6,2,1,30,14.9,0,0,0,2.7,0.0000,0.0000
2009,6,2,2,0,14.5,0,0,0,2.5,0.0000,0.0000
2009,6,2,2,30,14.3,0,0,0,2,0.0000,0.0000
2009,6,2,3,0,14.100000000000001,0,0,0,1.5,0.0000,0.0000
2009,6,2,3,30,13.9,0,0,0,1.3,0.0000,0.0000
2009,6,2,4,0,13.8,0,0,0,1.2000000000000002,0.0000,0.0000
2009,6,2,4,30,13.9,0,0,0,1.4000000000000001,0.0000,0.0000
2009,6,2,5,0,14.100000000000001,0,0,0,1.7000000000000002,0.0000,0.0000
2009,6,2,5,30,14.4,18,0,18,2.1,0.0000,0.0000
2009,6,2,6,0,14.8,28,0,28,2.6,1.3348,1.0174
2009,6,2,6,30,15.3,94,10,97,2.8000000000000003,4.7627,3.6631
2009,6,2,7,0,15.8,152,23,161,3,8.3066,6.4394
2009,6,2,7,30,16.6,66,0,66,3.2,3.5556,2.7706
2009,6,2,8,0,17.400000000000002,213,24,226,3.4000000000000004,12.5972,9.8489
2009,6,2,8,30,18.3,269,55,303,3.7,17.3385,13.5864
2009,6,2,9,0,19.3,261,17,272,4,15.8823,12.4648
2009,6,2,9,30,20.200000000000003,314,28,335,4.3,19.8667,15.6091
2009,6,2,10,0,21.1,383,160,512,4.7,30.7248,24.1596
2009,6,2,10,30,21.8,415,181,571,4.800000000000001,34.5709,27.1995
2009,6,2,11,0,22.5,494,255,722,4.9,43.9945,34.6277
2009,6,2,11,30,23.1,368,423,759,4.800000000000001,46.4484,36.5687
2009,6,2,12,0,23.6,360,465,797,4.7,48.8915,38.4977
2009,6,2,12,30,24,303,535,808,4.6000000000000005,49.5967,39.0544
2009,6,2,13,0,24.3,329,512,807,4.4,49.4787,38.9589
2009,6,2,13,30,24.3,413,316,703,4.1000000000000005,42.9754,33.8322
2009,6,2,14,0,24.3,439,189,605,3.9000000000000004,36.8037,28.9648
2009,6,2,14,30,24,403,212,582,3.6,35.1538,27.6540
2009,6,2,15,0,23.700000000000003,396,191,548,3.3000000000000003,32.7808,25.7709
2009,6,2,15,30,23.200000000000003,340,51,377,3.2,22.2640,17.4876
2009,6,2,16,0,22.700000000000003,322,31,342,3.1,19.8609,15.5809
2009,6,2,16,30,22.200000000000003,266,56,299,3,16.9887,13.3045
2009,6,2,17,0,21.6,225,29,240,3,13.2554,10.3547
2009,6,2,17,30,21,167,16,174,3.1,9.2637,7.2091
2009,6,2,18,0,20.400000000000002,107,6,109,3.3000000000000003,5.5434,4.2887
2009,6,2,18,30,19.6,69,2,69,3.4000000000000004,3.3433,2.5642
2009,6,2,19,0,18.900000000000002,67,62,76,3.6,0.0000,0.0000
2009,6,2,19,30,18.2,24,0,24,3.7,0.0000,0.0000
2009,6,2,20,0,17.5,0,0,0,3.9000000000000004,0.0000,0.0000
2009,6,2,20,30,16.900000000000002,0,0,0,3.8000000000000003,0.0000,0.0000
2009,6,2,21,0,16.2,0,0,0,3.8000000000000003,0.0000,0.0000
2009,6,2,21,30,15.600000000000001,0,0,0,3.7,0.0000,0.0000
2009,6,2,22,0,15,0,0,0,3.6,0.0000,0.0000
2009,6,2,22,30,14.5,0,0,0,3.6,0.0000,0.0000
2009,6,2,23,0,14,0,0,0,3.7,0.0000,0.0000
2009,6,2,23,30,13.600000000000001,0,0,0,3.7,0.0000,0.0000
2009,6,3,0,0,13.200000000000001,0,0,0,3.8000000000000003,0.0000,0.0000
2009,6,3,0,30,12.9,0,0,0,3.7,0.0000,0.0000
2009,6,3,1,0,12.5,0,0,0,3.7,0.0000,0.0000
2009,6,3,1,30,12.200000000000001,0,0,0,3.6,0.0000,0.0000
2009,6,3,2,0,11.8,0,0,0,3.6,0.0000,0.0000
2009,6,3,2,30,11.5,0,0,0,3.5,0.0000,0.0000
2009,6,3,3,0,11.100000000000001,0,0,0,3.5,0.0000,0.0000
2009,6,3,3,30,10.8,0,0,0,3.4000000000000004,0.0000,0.0000
2009,6,3,4,0,10.4,0,0,0,3.3000000000000003,0.0000,0.0000
2009,6,3,4,30,10.200000000000001,0,0,0,3.2,0.0000,0.0000
2009,6,3,5,0,10,0,0,0,3.2,0.0000,0.0000
2009,6,3,5,30,10.3,32,249,54,3.2,0.0000,0.0000
2009,6,3,6,0,10.600000000000001,49,460,131,3.2,6.2444,4.7598
2009,6,3,6,30,11.9,63,591,221,3.3000000000000003,10.8559,8.3503
2009,6,3,7,0,13.100000000000001,162,412,309,3.5,15.9480,12.3637
2009,6,3,7,30,14.5,194,495,414,3.5,22.3096,17.3846
2009,6,3,8,0,15.9,83,820,517,3.6,28.8236,22.5357
2009,6,3,8,30,16.8,308,318,502,3.6,28.7306,22.5135
2009,6,3,9,0,17.8,279,561,663,3.6,38.7179,30.3870
2009,6,3,9,30,18.6,96,908,778,3.6,46.1427,36.2543
2009,6,3,10,0,19.400000000000002,101,918,844,3.6,50.6529,39.8298
2009,6,3,10,30,20,104,931,902,3.7,54.6162,42.9709
2009,6,3,11,0,20.700000000000003,109,937,948,3.8000000000000003,57.7715,45.4716
2009,6,3,11,30,21.200000000000003,268,625,845,3.8000000000000003,51.7161,40.7162
2009,6,3,12,0,21.700000000000003,488,365,831,3.9000000000000004,50.9817,40.1438
2009,6,3,12,30,22,480,55,532,3.9000000000000004,32.6586,25.7169
2009,6,3,13,0,22.3,516,173,677,4,41.5132,32.6871
2009,6,3,13,30,22.400000000000002,380,3,383,4,23.4164,18.4346
2009,6,3,14,0,22.6,488,159,628,3.9000000000000004,38.2090,30.0711
2009,6,3,14,30,22.400000000000002,420,38,453,3.9000000000000004,27.3670,21.5287
2009,6,3,15,0,22.3,375,17,389,3.8000000000000003,23.2750,18.2981
2009,6,3,15,30,22.1,291,2,293,3.7,17.3084,13.5954
2009,6,3,16,0,21.900000000000002,311,21,325,3.6,18.8808,14.8124
2009,6,3,16,30,21.400000000000002,192,1,192,3.4000000000000004,10.9145,8.5479
2009,6,3,17,0,21,245,30,260,3.3000000000000003,14.3683,11.2247
2009,6,3,17,30,20.3,226,175,299,3,15.9317,12.3993
2009,6,3,18,0,19.5,178,136,223,2.7,11.3525,8.7843
2009,6,3,18,30,18,130,65,145,2.1,7.0313,5.3938
2009,6,3,19,0,16.400000000000002,78,31,83,1.5,0.0000,0.0000
2009,6,3,19,30,15.600000000000001,23,0,24,1.6,0.0000,0.0000
2009,6,3,20,0,14.8,0,0,0,1.8,0.0000,0.0000
2009,6,3,20,30,14.5,0,0,0,2,0.0000,0.0000
2009,6,3,21,0,14.3,0,0,0,2.2,0.0000,0.0000
2009,6,3,21,30,14,0,0,0,2.4000000000000004,0.0000,0.0000
2009,6,3,22,0,13.600000000000001,0,0,0,2.5,0.0000,0.0000
2009,6,3,22,30,13.3,0,0,0,2.6,0.0000,0.0000
2009,6,3,23,0,12.9,0,0,0,2.7,0.0000,0.0000
2009,6,3,23,30,12.5,0,0,0,2.8000000000000003,0.0000,0.0000
2009,6,4,0,0,12.200000000000001,0,0,0,2.8000000000000003,0.0000,0.0000
2009,6,4,0,30,11.8,0,0,0,2.8000000000000003,0.0000,0.0000
2009,6,4,1,0,11.5,0,0,0,2.8000000000000003,0.0000,0.0000
2009,6,4,1,30,11.200000000000001,0,0,0,2.7,0.0000,0.0000
2009,6,4,2,0,10.9,0,0,0,2.6,0.0000,0.0000
2009,6,4,2,30,10.700000000000001,0,0,0,2.5,0.0000,0.0000
2009,6,4,3,0,10.5,0,0,0,2.3000000000000003,0.0000,0.0000
2009,6,4,3,30,10.4,0,0,0,2.2,0.0000,0.0000
2009,6,4,4,0,10.200000000000001,0,0,0,2,0.0000,0.0000
2009,6,4,4,30,10.3,0,0,0,2.1,0.0000,0.0000
2009,6,4,5,0,10.5,0,0,0,2.3000000000000003,0.0000,0.0000
2009,6,4,5,30,11.200000000000001,14,0,14,2.5,0.0000,0.0000
2009,6,4,6,0,12,46,0,46,2.8000000000000003,2.1926,1.6714
2009,6,4,6,30,13.4,54,0,54,2.7,2.6535,2.0412
2009,6,4,7,0,14.9,145,5,147,2.7,7.5895,5.8841
2009,6,4,7,30,16.2,150,1,150,2.6,8.0854,6.3007
2009,6,4,8,0,17.5,303,136,376,2.5,20.9671,16.3934
2009,6,4,8,30,18.3,290,437,556,2.5,31.8264,24.9397
2009,6,4,9,0,19.200000000000003,136,773,664,2.5,38.7813,30.4370
2009,6,4,9,30,19.900000000000002,142,802,744,2.4000000000000004,44.1317,34.6746
2009,6,4,10,0,20.6,148,821,813,2.3000000000000003,48.7972,38.3709
2009,6,4,10,30,21.1,152,838,871,2.2,52.7441,41.4982
2009,6,4,11,0,21.6,155,850,917,2.2,55.8865,43.9882
2009,6,4,11,30,22,157,858,950,2.2,58.1478,45.7801
2009,6,4,12,0,22.400000000000002,287,701,946,2.1,58.0426,45.7039
2009,6,4,12,30,22.6,474,395,847,2.1,52.0013,40.9484
2009,6,4,13,0,22.8,331,642,932,2.1,57.1559,45.0044
2009,6,4,13,30,22.900000000000002,129,901,955,2.1,58.3956,45.9725
2009,6,4,14,0,23,126,895,920,2.1,55.9831,44.0600
2009,6,4,14,30,23.1,438,344,728,2,43.9886,34.6047
2009,6,4,15,0,23.200000000000003,374,16,387,2,23.1602,18.2081
2009,6,4,15,30,23.1,412,128,506,2,29.8989,23.4854
2009,6,4,16,0,22.900000000000002,299,12,307,2,17.8411,13.9971
2009,6,4,16,30,22.6,155,0,155,2.1,8.8150,6.9039
2009,6,4,17,0,22.400000000000002,102,0,102,2.1,5.6400,4.4063
2009,6,4,17,30,21.8,199,18,207,2.1,11.0378,8.5912
2009,6,4,18,0,21.3,59,0,59,2,3.0063,2.3265
2009,6,4,18,30,20.1,37,0,37,1.6,1.7958,1.3778
2009,6,4,19,0,18.900000000000002,37,0,37,1.2000000000000002,0.0000,0.0000
2009,6,4,19,30,18,21,0,21,1.3,0.0000,0.0000
2009,6,4,20,0,17.1,0,0,0,1.4000000000000001,0.0000,0.0000
2009,6,4,20,30,16.5,0,0,0,1.4000000000000001,0.0000,0.0000
2009,6,4,21,0,16,0,0,0,1.4000000000000001,0.0000,0.0000
2009,6,4,21,30,15.4,0,0,0,1.4000000000000001,0.0000,0.0000
2009,6,4,22,0,14.8,0,0,0,1.4000000000000001,0.0000,0.0000
2009,6,4,22,30,14.3,0,0,0,1.3,0.0000,0.0000
2009,6,4,23,0,13.9,0,0,0,1.3,0.0000,0.0000
2009,6,4,23,30,13.5,0,0,0,1.3,0.0000,0.0000
2009,6,5,0,0,13.200000000000001,0,0,0,1.4000000000000001,0.0000,0.0000
2009,6,5,0,30,12.9,0,0,0,1.4000000000000001,0.0000,0.0000
2009,6,5,1,0,12.700000000000001,0,0,0,1.5,0.0000,0.0000
2009,6,5,1,30,12.4,0,0,0,1.6,0.0000,0.0000
2009,6,5,2,0,12.200000000000001,0,0,0,1.6,0.0000,0.0000
2009,6,5,2,30,12,0,0,0,1.7000000000000002,0.0000,0.0000
2009,6,5,3,0,11.8,0,0,0,1.8,0.0000,0.0000
2009,6,5,3,30,11.700000000000001,0,0,0,1.8,0.0000,0.0000
2009,6,5,4,0,11.5,0,0,0,1.9000000000000001,0.0000,0.0000
2009,6,5,4,30,11.700000000000001,0,0,0,2,0.0000,0.0000
2009,6,5,5,0,12,0,0,0,2.1,0.0000,0.0000
2009,6,5,5,30,13,31,261,55,2.4000000000000004,0.0000,0.0000
2009,6,5,6,0,14.100000000000001,54,419,129,2.7,6.1487,4.6874
2009,6,5,6,30,15.5,70,545,217,2.5,10.6670,8.2062
2009,6,5,7,0,16.900000000000002,80,646,312,2.2,16.1140,12.4936
2009,6,5,7,30,19.1,91,712,408,2.4000000000000004,21.9970,17.1418
2009,6,5,8,0,21.400000000000002,96,771,506,2.7,28.2208,22.0652
2009,6,5,8,30,22.5,103,810,598,2.6,34.2347,26.8272
2009,6,5,9,0,23.6,339,355,582,2.5,33.9953,26.6809
2009,6,5,9,30,24.3,354,418,669,2.4000000000000004,39.6859,31.1816
2009,6,5,10,0,25,359,486,753,2.3000000000000003,45.1995,35.5421
2009,6,5,10,30,25.700000000000003,331,597,844,2.3000000000000003,51.1123,40.2145
2009,6,5,11,0,26.3,491,276,739,2.2,45.0417,35.4524
2009,6,5,11,30,26.8,410,495,868,2.2,53.1325,41.8317
2009,6,5,12,0,27.3,131,904,981,2.2,60.1949,47.3989
2009,6,5,12,30,27.700000000000003,284,701,946,2.1,58.0847,45.7391
2009,6,5,13,0,28.1,129,904,976,2.1,59.8602,47.1341
2009,6,5,13,30,28.200000000000003,286,690,919,1.9000000000000001,56.2016,44.2455
2009,6,5,14,0,28.3,375,531,846,1.8,51.4875,40.5223
2009,6,5,14,30,28.200000000000003,375,486,786,1.5,47.5010,37.3682
2009,6,5,15,0,28.1,355,482,738,1.3,44.1751,34.7301
2009,6,5,15,30,28,335,13,345,0.9,20.3905,16.0169
2009,6,5,16,0,27.900000000000002,304,460,610,0.6000000000000001,35.4606,27.8211
2009,6,5,16,30,27.6,276,426,528,0.9,30.0398,23.5280
2009,6,5,17,0,27.200000000000003,212,432,432,1.1,23.9008,18.6736
2009,6,5,17,30,26.400000000000002,240,78,273,1.1,14.5668,11.3389
2009,6,5,18,0,25.5,182,194,247,1.2000000000000002,12.5960,9.7489
2009,6,5,18,30,23.8,135,110,162,1.1,7.8684,6.0381
2009,6,5,19,0,22.1,58,206,91,1.1,0.0000,0.0000
2009,6,5,19,30,21.400000000000002,28,1,28,1.2000000000000002,0.0000,0.0000
2009,6,5,20,0,20.700000000000003,0,0,0,1.4000000000000001,0.0000,0.0000
2009,6,5,20,30,20.400000000000002,0,0,0,1.6,0.0000,0.0000
2009,6,5,21,0,20.1,0,0,0,1.8,0.0000,0.0000
2009,6,5,21,30,19.5,0,0,0,2,0.0000,0.0000
2009,6,5,22,0,19,0,0,0,2.3000000000000003,0.0000,0.0000
2009,6,5,22,30,18.400000000000002,0,0,0,2.5,0.0000,0.0000
2009,6,5,23,0,17.900000000000002,0,0,0,2.8000000000000003,0.0000,0.0000
2009,6,5,23,30,17.400000000000002,0,0,0,3.1,0.0000,0.0000
2009,6,6,0,0,16.900000000000002,0,0,0,3.3000000000000003,0.0000,0.0000
2009,6,6,0,30,16.400000000000002,0,0,0,3.5,0.0000,0.0000
2009,6,6,1,0,16,0,0,0,3.7,0.0000,0.0000
2009,6,6,1,30,15.5,0,0,0,4,0.0000,0.0000
2009,6,6,2,0,15.100000000000001,0,0,0,4.2,0.0000,0.0000
2009,6,6,2,30,14.8,0,0,0,4.4,0.0000,0.0000
2009,6,6,3,0,14.4,0,0,0,4.5,0.0000,0.0000
2009,6,6,3,30,14.5,0,0,0,4.6000000000000005,0.0000,0.0000
2009,6,6,4,0,14.600000000000001,0,0,0,4.7,0.0000,0.0000
2009,6,6,4,30,14.600000000000001,0,0,0,4.7,0.0000,0.0000
2009,6,6,5,0,14.700000000000001,0,0,0,4.7,0.0000,0.0000
2009,6,6,5,30,15,23,0,23,4.800000000000001,0.0000,0.0000
2009,6,6,6,0,15.3,37,1,37,4.9,1.7636,1.3445
2009,6,6,6,30,16.2,54,0,54,5,2.6552,2.0427
2009,6,6,7,0,17,76,0,76,5,3.9262,3.0442
2009,6,6,7,30,18,24,0,24,4.9,1.2942,1.0086
2009,6,6,8,0,19,30,0,30,4.800000000000001,1.6734,1.3084
2009,6,6,8,30,20,38,0,38,4.6000000000000005,2.1757,1.7050
2009,6,6,9,0,21,73,0,73,4.4,4.2644,3.3469
2009,6,6,9,30,22.1,27,0,27,4.2,1.6018,1.2586
2009,6,6,10,0,23.1,118,0,118,3.9000000000000004,7.0835,5.5700
2009,6,6,10,30,23.900000000000002,216,2,218,3.7,13.2030,10.3880
2009,6,6,11,0,24.700000000000003,326,11,336,3.5,20.4805,16.1204
2009,6,6,11,30,25.3,439,160,586,3.4000000000000004,35.8731,28.2433
2009,6,6,12,0,25.900000000000002,383,266,634,3.2,38.9058,30.6355
2009,6,6,12,30,26.400000000000002,419,258,662,3.1,40.6504,32.0105
2009,6,6,13,0,26.900000000000002,429,283,694,3,42.5688,33.5189
2009,6,6,13,30,27.200000000000003,400,311,686,2.8000000000000003,41.9569,33.0314
2009,6,6,14,0,27.5,304,509,756,2.6,46.0162,36.2164
2009,6,6,14,30,27.5,343,383,668,2.4000000000000004,40.3765,31.7638
2009,6,6,15,0,27.6,297,421,632,2.3000000000000003,37.8380,29.7484
2009,6,6,15,30,27.3,307,370,580,2.3000000000000003,34.2886,26.9345
2009,6,6,16,0,27.1,356,77,407,2.3000000000000003,23.6678,18.5693
2009,6,6,16,30,26.5,283,39,306,2.3000000000000003,17.4163,13.6413
2009,6,6,17,0,26,154,0,154,2.4000000000000004,8.5246,6.6605
2009,6,6,17,30,25,154,2,155,2.3000000000000003,8.2766,6.4431
2009,6,6,18,0,24,103,1,103,2.2,5.2573,4.0695
2009,6,6,18,30,22.700000000000003,65,0,65,2.4000000000000004,3.1597,2.4251
2009,6,6,19,0,21.5,43,0,43,2.7,0.0000,0.0000
2009,6,6,19,30,20.5,26,0,26,3.3000000000000003,0.0000,0.0000
2009,6,6,20,0,19.400000000000002,0,0,0,3.9000000000000004,0.0000,0.0000
2009,6,6,20,30,18.6,0,0,0,4.2,0.0000,0.0000
2009,6,6,21,0,17.7,0,0,0,4.5,0.0000,0.0000
2009,6,6,21,30,16.900000000000002,0,0,0,4.4,0.0000,0.0000
2009,6,6,22,0,16.1,0,0,0,4.3,0.0000,0.0000
2009,6,6,22,30,15.700000000000001,0,0,0,4.1000000000000005,0.0000,0.0000
2009,6,6,23,0,15.200000000000001,0,0,0,3.9000000000000004,0.0000,0.0000
2009,6,6,23,30,14.8,0,0,0,4,0.0000,0.0000
2009,6,7,0,0,14.5,0,0,0,4,0.0000,0.0000
2009,6,7,0,30,14.100000000000001,0,0,0,4.1000000000000005,0.0000,0.0000
2009,6,7,1,0,13.8,0,0,0,4.2,0.0000,0.0000
2009,6,7,1,30,13.4,0,0,0,4.3,0.0000,0.0000
2009,6,7,2,0,13.100000000000001,0,0,0,4.4,0.0000,0.0000
2009,6,7,2,30,12.8,0,0,0,4.4,0.0000,0.0000
2009,6,7,3,0,12.600000000000001,0,0,0,4.5,0.0000,0.0000
2009,6,7,3,30,12.4,0,0,0,4.4,0.0000,0.0000
2009,6,7,4,0,12.200000000000001,0,0,0,4.3,0.0000,0.0000
2009,6,7,4,30,12.100000000000001,0,0,0,4.4,0.0000,0.0000
2009,6,7,5,0,12,0,0,0,4.4,0.0000,0.0000
2009,6,7,5,30,12.100000000000001,15,0,15,4.5,0.0000,0.0000
2009,6,7,6,0,12.200000000000001,10,0,10,4.7,0.4766,0.3634
2009,6,7,6,30,12.600000000000001,4,0,4,4.7,0.1967,0.1514
2009,6,7,7,0,13.100000000000001,23,0,23,4.7,1.1884,0.9215
2009,6,7,7,30,13.8,16,0,16,4.6000000000000005,0.8629,0.6725
2009,6,7,8,0,14.5,64,0,64,4.6000000000000005,3.5704,2.7917
2009,6,7,8,30,15.3,26,0,26,4.5,1.4888,1.1667
2009,6,7,9,0,16.2,30,0,30,4.5,1.7526,1.3755
2009,6,7,9,30,17.1,94,0,94,4.4,5.5770,4.3820
2009,6,7,10,0,18,205,2,206,4.2,12.3668,9.7245
2009,6,7,10,30,18.900000000000002,165,1,165,4.1000000000000005,9.9936,7.8629
2009,6,7,11,0,19.900000000000002,169,1,169,4,10.3019,8.1087
2009,6,7,11,30,20.700000000000003,223,1,225,4,13.7748,10.8451
2009,6,7,12,0,21.5,284,3,287,4,17.6131,13.8691
2009,6,7,12,30,22,261,2,263,4,16.1510,12.7183
2009,6,7,13,0,22.6,159,0,159,4,9.7538,7.6802
2009,6,7,13,30,22.8,99,0,99,4.1000000000000005,6.0557,4.7675
2009,6,7,14,0,23,208,1,208,4.1000000000000005,12.6622,9.9657
2009,6,7,14,30,22.700000000000003,89,0,89,4.1000000000000005,5.3804,4.2327
2009,6,7,15,0,22.5,178,1,179,4,10.7188,8.4272
2009,6,7,15,30,22,92,0,92,3.8000000000000003,5.4402,4.2735
2009,6,7,16,0,21.6,252,6,257,3.7,14.9496,11.7294
2009,6,7,16,30,21.200000000000003,110,1,111,3.5,6.3202,4.9504
2009,6,7,17,0,20.700000000000003,243,283,388,3.3000000000000003,21.4884,16.7904
2009,6,7,17,30,20.3,182,27,194,3.3000000000000003,10.3660,8.0702
2009,6,7,18,0,19.900000000000002,66,0,66,3.3000000000000003,3.3715,2.6101
2009,6,7,18,30,19.6,42,0,42,3.2,2.0431,1.5684
2009,6,7,19,0,19.3,47,2,48,3.1,0.0000,0.0000
2009,6,7,19,30,19.1,27,90,34,2.9000000000000004,0.0000,0.0000
2009,6,7,20,0,18.900000000000002,0,0,0,2.6,0.0000,0.0000
2009,6,7,20,30,18.7,0,0,0,2.2,0.0000,0.0000
2009,6,7,21,0,18.5,0,0,0,1.8,0.0000,0.0000
2009,6,7,21,30,18.3,0,0,0,1.4000000000000001,0.0000,0.0000
2009,6,7,22,0,18.1,0,0,0,1.1,0.0000,0.0000
2009,6,7,22,30,18.2,0,0,0,1.2000000000000002,0.0000,0.0000
2009,6,7,23,0,18.3,0,0,0,1.3,0.0000,0.0000
2009,6,7,23,30,18.2,0,0,0,2.2,0.0000,0.0000
2009,6,8,0,0,18,0,0,0,3,0.0000,0.0000
2009,6,8,0,30,17.400000000000002,0,0,0,3.6,0.0000,0.0000
2009,6,8,1,0,16.8,0,0,0,4.1000000000000005,0.0000,0.0000
2009,6,8,1,30,15.8,0,0,0,4.6000000000000005,0.0000,0.0000
2009,6,8,2,0,14.9,0,0,0,5.2,0.0000,0.0000
2009,6,8,2,30,14.100000000000001,0,0,0,5.300000000000001,0.0000,0.0000
2009,6,8,3,0,13.3,0,0,0,5.4,0.0000,0.0000
2009,6,8,3,30,12.8,0,0,0,5.2,0.0000,0.0000
2009,6,8,4,0,12.3,0,0,0,5,0.0000,0.0000
2009,6,8,4,30,12.100000000000001,0,0,0,4.9,0.0000,0.0000
2009,6,8,5,0,12,0,0,0,4.800000000000001,0.0000,0.0000
2009,6,8,5,30,12.100000000000001,18,0,18,5.1000000000000005,0.0000,0.0000
2009,6,8,6,0,12.3,40,1,40,5.5,1.9065,1.4536
2009,6,8,6,30,12.8,132,157,175,5.9,8.6094,6.6243
2009,6,8,7,0,13.4,75,657,311,6.2,16.0721,12.4621
2009,6,8,7,30,14.4,219,24,230,6.300000000000001,12.4062,9.6685
2009,6,8,8,0,15.3,168,1,168,6.5,9.3732,7.3290
2009,6,8,8,30,16.3,346,120,420,6.4,24.0513,18.8476
2009,6,8,9,0,17.2,342,45,373,6.300000000000001,21.7922,17.1037
2009,6,8,9,30,17.900000000000002,203,0,203,6.1000000000000005,12.0446,9.4637
2009,6,8,10,0,18.6,326,2,328,5.9,19.6919,15.4847
2009,6,8,10,30,19.1,335,2,336,5.7,20.3518,16.0127
2009,6,8,11,0,19.700000000000003,330,1,331,5.5,20.1780,15.8823
2009,6,8,11,30,20,190,0,190,5.300000000000001,11.6326,9.1586
2009,6,8,12,0,20.400000000000002,513,170,673,5.2,41.3048,32.5248
2009,6,8,12,30,20.700000000000003,426,7,433,5,26.5928,20.9409
2009,6,8,13,0,21,373,2,375,4.9,23.0062,18.1154
2009,6,8,13,30,21.1,222,0,222,4.7,13.5809,10.6920
2009,6,8,14,0,21.3,249,0,249,4.6000000000000005,15.1601,11.9317
2009,6,8,14,30,21.400000000000002,403,16,417,4.5,25.2129,19.8351
2009,6,8,15,0,21.400000000000002,436,134,543,4.3,32.5216,25.5692
2009,6,8,15,30,21.3,378,88,443,4.2,26.2018,20.5828
2009,6,8,16,0,21.1,361,95,425,4,24.7287,19.4025
2009,6,8,16,30,20.700000000000003,263,15,272,3.8000000000000003,15.4933,12.1359
2009,6,8,17,0,20.3,283,114,342,3.5,18.9504,14.8080
2009,6,8,17,30,19.700000000000003,211,26,222,3,11.8699,9.2417
2009,6,8,18,0,19.1,164,16,169,2.5,8.6401,6.6896
2009,6,8,18,30,17.7,107,4,108,1.7000000000000002,5.2577,4.0368
2009,6,8,19,0,16.3,41,463,115,1,0.0000,0.0000
2009,6,8,19,30,15.3,24,273,44,0.9,0.0000,0.0000
2009,6,8,20,0,14.200000000000001,0,0,0,0.9,0.0000,0.0000
2009,6,8,20,30,13.700000000000001,0,0,0,0.9,0.0000,0.0000
2009,6,8,21,0,13.200000000000001,0,0,0,0.9,0.0000,0.0000
2009,6,8,21,30,12.9,0,0,0,1,0.0000,0.0000
2009,6,8,22,0,12.5,0,0,0,1,0.0000,0.0000
2009,6,8,22,30,12.200000000000001,0,0,0,1,0.0000,0.0000
2009,6,8,23,0,11.9,0,0,0,1,0.0000,0.0000
2009,6,8,23,30,11.700000000000001,0,0,0,1,0.0000,0.0000
2009,6,9,0,0,11.5,0,0,0,1,0.0000,0.0000
2009,6,9,0,30,11.4,0,0,0,0.9,0.0000,0.0000
2009,6,9,1,0,11.3,0,0,0,0.9,0.0000,0.0000
2009,6,9,1,30,11.3,0,0,0,0.9,0.0000,0.0000
2009,6,9,2,0,11.3,0,0,0,0.9,0.0000,0.0000
2009,6,9,2,30,11.100000000000001,0,0,0,0.9,0.0000,0.0000
2009,6,9,3,0,10.9,0,0,0,1,0.0000,0.0000
2009,6,9,3,30,10.8,0,0,0,0.8,0.0000,0.0000
2009,6,9,4,0,10.700000000000001,0,0,0,0.7000000000000001,0.0000,0.0000
2009,6,9,4,30,10.9,0,0,0,0.6000000000000001,0.0000,0.0000
2009,6,9,5,0,11.100000000000001,0,0,0,0.6000000000000001,0.0000,0.0000
2009,6,9,5,30,11.3,15,0,15,1.1,0.0000,0.0000
2009,6,9,6,0,11.600000000000001,42,1,43,1.6,2.0495,1.5626
2009,6,9,6,30,12.200000000000001,36,0,36,2.1,1.7712,1.3629
2009,6,9,7,0,12.8,143,15,148,2.6,7.6498,5.9317
2009,6,9,7,30,13.600000000000001,83,1,83,3,4.4777,3.4896
2009,6,9,8,0,14.4,256,80,299,3.4000000000000004,16.6830,13.0445
2009,6,9,8,30,15.200000000000001,267,325,466,3.5,26.6866,20.9128
2009,6,9,9,0,15.9,114,0,115,3.6,6.7192,5.2736
2009,6,9,9,30,16.6,43,0,43,3.6,2.5514,2.0047
2009,6,9,10,0,17.3,73,0,73,3.5,4.3828,3.4464
2009,6,9,10,30,17.8,131,0,131,3.3000000000000003,7.9350,6.2433
2009,6,9,11,0,18.3,88,0,88,3,5.3647,4.2227
2009,6,9,11,30,18.6,290,3,294,2.8000000000000003,18.0009,14.1724
2009,6,9,12,0,18.900000000000002,156,0,157,2.5,9.6362,7.5879
2009,6,9,12,30,19,290,6,295,2.4000000000000004,18.1187,14.2679
2009,6,9,13,0,19.1,376,297,655,2.3000000000000003,40.1874,31.6443
2009,6,9,13,30,19.1,438,115,544,2.2,33.2825,26.2028
2009,6,9,14,0,19,398,299,665,2.1,40.4924,31.8698
2009,6,9,14,30,18.900000000000002,374,314,641,1.9000000000000001,38.7621,30.4947
2009,6,9,15,0,18.7,354,269,569,1.7000000000000002,34.0851,26.7988
2009,6,9,15,30,18.6,299,51,337,1.5,19.9364,15.6613
2009,6,9,16,0,18.400000000000002,230,1,230,1.3,13.3866,10.5036
2009,6,9,16,30,18.2,279,158,373,1.2000000000000002,21.2545,16.6492
2009,6,9,17,0,18,209,8,213,1.2000000000000002,11.8078,9.2270
2009,6,9,17,30,17.7,108,0,108,1.1,5.7779,4.4989
2009,6,9,18,0,17.3,73,3,74,1.1,3.7860,2.9316
2009,6,9,18,30,16.900000000000002,48,1,48,1,2.3385,1.7958
2009,6,9,19,0,16.400000000000002,22,0,22,0.8,0.0000,0.0000
2009,6,9,19,30,15.700000000000001,14,0,14,0.8,0.0000,0.0000
2009,6,9,20,0,15.100000000000001,0,0,0,0.9,0.0000,0.0000
2009,6,9,20,30,14.700000000000001,0,0,0,0.9,0.0000,0.0000
2009,6,9,21,0,14.3,0,0,0,1,0.0000,0.0000
2009,6,9,21,30,14.100000000000001,0,0,0,1,0.0000,0.0000
2009,6,9,22,0,13.8,0,0,0,1,0.0000,0.0000
2009,6,9,22,30,13.600000000000001,0,0,0,1.1,0.0000,0.0000
2009,6,9,23,0,13.4,0,0,0,1.1,0.0000,0.0000
2009,6,9,23,30,13.100000000000001,0,0,0,1.1,0.0000,0.0000
2009,6,10,0,0,12.8,0,0,0,1.2000000000000002,0.0000,0.0000
2009,6,10,0,30,12.5,0,0,0,1.1,0.0000,0.0000
2009,6,10,1,0,12.200000000000001,0,0,0,1.1,0.0000,0.0000
2009,6,10,1,30,12,0,0,0,1,0.0000,0.0000
2009,6,10,2,0,11.9,0,0,0,1,0.0000,0.0000
2009,6,10,2,30,11.9,0,0,0,1,0.0000,0.0000
2009,6,10,3,0,11.8,0,0,0,1,0.0000,0.0000
2009,6,10,3,30,11.9,0,0,0,1,0.0000,0.0000
2009,6,10,4,0,11.9,0,0,0,1,0.0000,0.0000
2009,6,10,4,30,12.200000000000001,0,0,0,1.1,0.0000,0.0000
2009,6,10,5,0,12.4,0,0,0,1.2000000000000002,0.0000,0.0000
2009,6,10,5,30,12.9,6,0,6,1.7000000000000002,0.0000,0.0000
2009,6,10,6,0,13.3,15,0,15,2.1,0.7149,0.5451
2009,6,10,6,30,14,98,12,101,2.3000000000000003,4.9702,3.8244
2009,6,10,7,0,14.700000000000001,149,20,157,2.4000000000000004,8.1157,6.2930
2009,6,10,7,30,15.9,179,355,338,2.5,18.2355,14.2117
2009,6,10,8,0,17.1,112,695,482,2.5,26.8951,21.0295
2009,6,10,8,30,17.900000000000002,273,283,446,2.6,25.5423,20.0162
2009,6,10,9,0,18.8,379,163,491,2.6,28.6880,22.5161
2009,6,10,9,30,19.3,127,0,127,2.7,7.5357,5.9209
2009,6,10,10,0,19.700000000000003,238,5,242,2.7,14.5297,11.4254
2009,6,10,10,30,20.1,229,0,229,2.6,13.8716,10.9141
2009,6,10,11,0,20.400000000000002,149,0,149,2.6,9.0838,7.1500
2009,6,10,11,30,20.700000000000003,206,0,207,2.5,12.6747,9.9791
2009,6,10,12,0,21,405,50,452,2.5,27.7440,21.8467
2009,6,10,12,30,21,328,428,733,2.3000000000000003,45.0233,35.4545
2009,6,10,13,0,21,327,501,798,2,48.9646,38.5558
2009,6,10,13,30,20.900000000000002,152,839,925,2,56.5977,44.5588
2009,6,10,14,0,20.8,373,364,697,1.9000000000000001,42.4453,33.4070
2009,6,10,14,30,20.700000000000003,362,345,656,2.1,39.6743,31.2126
2009,6,10,15,0,20.6,348,222,526,2.3000000000000003,31.5144,24.7779
2009,6,10,15,30,20.6,322,273,524,2.2,31.0064,24.3578
2009,6,10,16,0,20.5,310,213,453,2.2,26.3728,20.6934
2009,6,10,16,30,20.200000000000003,286,136,368,2.3000000000000003,20.9768,16.4322
2009,6,10,17,0,19.900000000000002,218,32,235,2.3000000000000003,13.0332,10.1851
2009,6,10,17,30,19.400000000000002,163,13,168,2.2,8.9931,7.0027
2009,6,10,18,0,18.900000000000002,124,15,129,2.1,6.6052,5.1151
2009,6,10,18,30,18.400000000000002,82,7,84,2.2,4.0952,3.1452
2009,6,10,19,0,17.8,41,1,41,2.3000000000000003,0.0000,0.0000
2009,6,10,19,30,17.400000000000002,23,0,23,2.6,0.0000,0.0000
2009,6,10,20,0,17.1,0,0,0,2.9000000000000004,0.0000,0.0000
2009,6,10,20,30,16.8,0,0,0,3.1,0.0000,0.0000
2009,6,10,21,0,16.5,0,0,0,3.3000000000000003,0.0000,0.0000
2009,6,10,21,30,16.2,0,0,0,3.1,0.0000,0.0000
2009,6,10,22,0,15.9,0,0,0,3,0.0000,0.0000
2009,6,10,22,30,15.600000000000001,0,0,0,2.8000000000000003,0.0000,0.0000
2009,6,10,23,0,15.3,0,0,0,2.7,0.0000,0.0000
2009,6,10,23,30,15.100000000000001,0,0,0,2.7,0.0000,0.0000
2009,6,11,0,0,14.8,0,0,0,2.8000000000000003,0.0000,0.0000
2009,6,11,0,30,14.5,0,0,0,3,0.0000,0.0000
2009,6,11,1,0,14.3,0,0,0,3.2,0.0000,0.0000
2009,6,11,1,30,14,0,0,0,3.4000000000000004,0.0000,0.0000
2009,6,11,2,0,13.700000000000001,0,0,0,3.6,0.0000,0.0000
2009,6,11,2,30,13.4,0,0,0,3.6,0.0000,0.0000
2009,6,11,3,0,13.200000000000001,0,0,0,3.6,0.0000,0.0000
2009,6,11,3,30,13,0,0,0,3.6,0.0000,0.0000
2009,6,11,4,0,12.8,0,0,0,3.5,0.0000,0.0000
2009,6,11,4,30,12.700000000000001,0,0,0,3.5,0.0000,0.0000
2009,6,11,5,0,12.600000000000001,0,0,0,3.5,0.0000,0.0000
2009,6,11,5,30,13,16,0,16,3.6,0.0000,0.0000
2009,6,11,6,0,13.4,10,0,10,3.6,0.4766,0.3634
2009,6,11,6,30,14.100000000000001,43,0,43,3.7,2.1160,1.6282
2009,6,11,7,0,14.8,25,0,25,3.7,1.2924,1.0022
2009,6,11,7,30,16,34,0,34,3.8000000000000003,1.8343,1.4296
2009,6,11,8,0,17.1,46,0,46,3.9000000000000004,2.5668,2.0070
2009,6,11,8,30,18.1,99,0,99,3.9000000000000004,5.6697,4.4430
2009,6,11,9,0,19.1,152,0,152,3.8000000000000003,8.8813,6.9706
2009,6,11,9,30,19.6,269,1,270,3.8000000000000003,16.0211,12.5882
2009,6,11,10,0,20.1,240,0,240,3.7,14.4099,11.3312
2009,6,11,10,30,20.400000000000002,279,1,280,3.7,16.9614,13.3452
2009,6,11,11,0,20.700000000000003,430,30,457,3.6,27.8622,21.9308
2009,6,11,11,30,20.900000000000002,363,2,365,3.5,22.3500,17.5967
2009,6,11,12,0,21.1,112,0,112,3.3000000000000003,6.8750,5.4136
2009,6,11,12,30,21.3,336,1,337,3.2,20.7008,16.3014
2009,6,11,13,0,21.5,149,0,149,3,9.1431,7.1996
2009,6,11,13,30,21.5,341,14,354,2.8000000000000003,21.6619,17.0543
2009,6,11,14,0,21.6,342,18,358,2.7,21.8037,17.1609
2009,6,11,14,30,21.400000000000002,328,21,346,2.5,20.9285,16.4650
2009,6,11,15,0,21.3,326,54,369,2.4000000000000004,22.1116,17.3852
2009,6,11,15,30,21.200000000000003,163,1,164,2.2,9.7060,7.6249
2009,6,11,16,0,21.1,288,102,357,2.1,20.7894,16.3127
2009,6,11,16,30,20.8,259,78,306,1.9000000000000001,17.4479,13.6681
2009,6,11,17,0,20.6,155,12,162,1.7000000000000002,8.9886,7.0246
2009,6,11,17,30,20.200000000000003,173,46,193,1.4000000000000001,10.3373,8.0500
2009,6,11,18,0,19.700000000000003,186,61,206,1.1,10.5544,8.1742
2009,6,11,18,30,18.900000000000002,130,24,136,0.9,6.6349,5.0965
2009,6,11,19,0,18.1,13,0,13,0.7000000000000001,0.0000,0.0000
2009,6,11,19,30,17.5,21,0,21,0.7000000000000001,0.0000,0.0000
2009,6,11,20,0,16.8,0,0,0,0.7000000000000001,0.0000,0.0000
2009,6,11,20,30,16.6,0,0,0,0.6000000000000001,0.0000,0.0000
2009,6,11,21,0,16.400000000000002,0,0,0,0.6000000000000001,0.0000,0.0000
2009,6,11,21,30,16.2,0,0,0,0.6000000000000001,0.0000,0.0000
2009,6,11,22,0,16,0,0,0,0.6000000000000001,0.0000,0.0000
2009,6,11,22,30,15.700000000000001,0,0,0,0.6000000000000001,0.0000,0.0000
2009,6,11,23,0,15.5,0,0,0,0.6000000000000001,0.0000,0.0000
2009,6,11,23,30,15.100000000000001,0,0,0,0.7000000000000001,0.0000,0.0000
2009,6,12,0,0,14.700000000000001,0,0,0,0.8,0.0000,0.0000
2009,6,12,0,30,14.3,0,0,0,0.8,0.0000,0.0000
2009,6,12,1,0,13.9,0,0,0,0.9,0.0000,0.0000
2009,6,12,1,30,13.600000000000001,0,0,0,0.9,0.0000,0.0000
2009,6,12,2,0,13.3,0,0,0,1,0.0000,0.0000
2009,6,12,2,30,13.100000000000001,0,0,0,1,0.0000,0.0000
2009,6,12,3,0,13,0,0,0,1,0.0000,0.0000
2009,6,12,3,30,13,0,0,0,1,0.0000,0.0000
2009,6,12,4,0,13.100000000000001,0,0,0,1,0.0000,0.0000
2009,6,12,4,30,13.3,0,0,0,0.9,0.0000,0.0000
2009,6,12,5,0,13.4,0,0,0,0.9,0.0000,0.0000
2009,6,12,5,30,13.600000000000001,7,0,7,0.9,0.0000,0.0000
2009,6,12,6,0,13.8,9,0,9,0.9,0.4290,0.3271
2009,6,12,6,30,14,30,0,30,1,1.4764,1.1361
2009,6,12,7,0,14.3,50,0,50,1.2000000000000002,2.5848,2.0043
2009,6,12,7,30,14.700000000000001,99,2,100,1.3,5.3951,4.2046
2009,6,12,8,0,15.200000000000001,101,1,101,1.5,5.6357,4.4066
2009,6,12,8,30,15.8,87,0,87,1.7000000000000002,4.9825,3.9045
2009,6,12,9,0,16.400000000000002,55,0,55,1.9000000000000001,3.2136,2.5222
2009,6,12,9,30,17.3,122,0,123,2,7.2985,5.7346
2009,6,12,10,0,18.2,53,0,53,2.1,3.1822,2.5024
2009,6,12,10,30,19,38,0,38,2,2.3019,1.8112
2009,6,12,11,0,19.8,44,0,44,1.8,2.6826,2.1116
2009,6,12,11,30,20.200000000000003,85,0,85,1.5,5.2050,4.0980
2009,6,12,12,0,20.700000000000003,84,0,84,1.1,5.1564,4.0604
2009,6,12,12,30,20.700000000000003,59,0,59,0.8,3.6244,2.8541
2009,6,12,13,0,20.8,126,0,126,0.4,7.7323,6.0887
2009,6,12,13,30,20.8,40,0,40,0.8,2.4479,1.9272
2009,6,12,14,0,20.8,76,0,76,1.2000000000000002,4.6291,3.6435
2009,6,12,14,30,20.8,110,0,110,1.6,6.6544,5.2353
2009,6,12,15,0,20.8,135,0,135,2.1,8.0908,6.3614
2009,6,12,15,30,20.6,185,0,185,2.4000000000000004,10.9511,8.6032
2009,6,12,16,0,20.5,191,0,191,2.7,11.1252,8.7297
2009,6,12,16,30,20.1,200,1,200,2.9000000000000004,11.4078,8.9367
2009,6,12,17,0,19.700000000000003,203,4,206,3,11.4344,8.9363
2009,6,12,17,30,19.200000000000003,99,0,99,3,5.3052,4.1316
2009,6,12,18,0,18.6,97,523,277,3,14.2022,11.0004
2009,6,12,18,30,17.8,79,427,188,2.8000000000000003,9.1773,7.0502
2009,6,12,19,0,17,56,310,108,2.5,0.0000,0.0000
2009,6,12,19,30,16.3,13,0,13,2.5,0.0000,0.0000
2009,6,12,20,0,15.5,0,0,0,2.5,0.0000,0.0000
2009,6,12,20,30,15.100000000000001,0,0,0,2.4000000000000004,0.0000,0.0000
2009,6,12,21,0,14.600000000000001,0,0,0,2.4000000000000004,0.0000,0.0000
2009,6,12,21,30,14.200000000000001,0,0,0,2.3000000000000003,0.0000,0.0000
2009,6,12,22,0,13.8,0,0,0,2.1,0.0000,0.0000
2009,6,12,22,30,13.5,0,0,0,2.1,0.0000,0.0000
2009,6,12,23,0,13.200000000000001,0,0,0,2,0.0000,0.0000
2009,6,12,23,30,13,0,0,0,2,0.0000,0.0000
2009,6,13,0,0,12.700000000000001,0,0,0,1.9000000000000001,0.0000,0.0000
2009,6,13,0,30,12.5,0,0,0,1.8,0.0000,0.0000
2009,6,13,1,0,12.3,0,0,0,1.7000000000000002,0.0000,0.0000
2009,6,13,1,30,12.100000000000001,0,0,0,1.6,0.0000,0.0000
2009,6,13,2,0,11.9,0,0,0,1.5,0.0000,0.0000
2009,6,13,2,30,11.9,0,0,0,1.5,0.0000,0.0000
2009,6,13,3,0,11.8,0,0,0,1.6,0.0000,0.0000
2009,6,13,3,30,11.8,0,0,0,1.7000000000000002,0.0000,0.0000
2009,6,13,4,0,11.8,0,0,0,1.8,0.0000,0.0000
2009,6,13,4,30,11.9,0,0,0,2,0.0000,0.0000
2009,6,13,5,0,12,0,0,0,2.2,0.0000,0.0000
2009,6,13,5,30,12.4,12,0,12,2.4000000000000004,0.0000,0.0000
2009,6,13,6,0,12.700000000000001,79,19,83,2.6,3.9560,3.0164
2009,6,13,6,30,13.200000000000001,141,22,147,2.7,7.2346,5.5668
2009,6,13,7,0,13.700000000000001,86,627,312,2.7,16.1280,12.5059
2009,6,13,7,30,14.200000000000001,96,695,407,2.6,21.9567,17.1116
2009,6,13,8,0,14.700000000000001,104,750,503,2.5,28.0654,21.9445
2009,6,13,8,30,15.5,327,252,481,2.4000000000000004,27.5456,21.5860
2009,6,13,9,0,16.2,118,821,681,2.3000000000000003,39.7893,31.2290
2009,6,13,9,30,17.2,416,239,596,2.2,35.3650,27.7872
2009,6,13,10,0,18.2,123,869,828,2.1,49.7140,39.0927
2009,6,13,10,30,19.3,479,239,685,2,41.4955,32.6487
2009,6,13,11,0,20.400000000000002,302,503,754,2,45.9712,36.1848
2009,6,13,11,30,21.200000000000003,428,306,712,1.9000000000000001,43.6000,34.3275
2009,6,13,12,0,22.1,412,340,733,1.9000000000000001,44.9977,35.4332
2009,6,13,12,30,22.5,374,427,779,1.8,47.8558,37.6854
2009,6,13,13,0,23,438,311,730,1.7000000000000002,44.8008,35.2775
2009,6,13,13,30,23.200000000000003,446,280,705,1.6,43.1469,33.9696
2009,6,13,14,0,23.400000000000002,372,401,730,1.5,44.4685,35.0001
2009,6,13,14,30,23.3,139,851,865,1.3,52.3338,41.1730
2009,6,13,15,0,23.200000000000003,132,842,807,1.2000000000000002,48.3717,38.0329
2009,6,13,15,30,23,127,819,735,1.1,43.5164,34.1867
2009,6,13,16,0,22.8,121,793,656,1,38.2188,29.9900
2009,6,13,16,30,22.400000000000002,330,188,443,1.1,25.2757,19.8012
2009,6,13,17,0,22.1,105,717,478,1.1,26.5424,20.7445
2009,6,13,17,30,21.5,96,663,383,1,20.5346,15.9927
2009,6,13,18,0,20.900000000000002,178,189,243,1,12.4668,9.6570
2009,6,13,18,30,19.700000000000003,135,107,162,0.9,7.9129,6.0796
2009,6,13,19,0,18.400000000000002,53,358,113,0.9,0.0000,0.0000
2009,6,13,19,30,17.5,35,4,35,1,0.0000,0.0000
2009,6,13,20,0,16.5,0,0,0,1.1,0.0000,0.0000
2009,6,13,20,30,16.2,0,0,0,1.2000000000000002,0.0000,0.0000
2009,6,13,21,0,15.8,0,0,0,1.2000000000000002,0.0000,0.0000
2009,6,13,21,30,15.4,0,0,0,1.3,0.0000,0.0000
2009,6,13,22,0,15,0,0,0,1.3,0.0000,0.0000
2009,6,13,22,30,14.600000000000001,0,0,0,1.2000000000000002,0.0000,0.0000
2009,6,13,23,0,14.200000000000001,0,0,0,1.2000000000000002,0.0000,0.0000
2009,6,13,23,30,13.8,0,0,0,1.2000000000000002,0.0000,0.0000
2009,6,14,0,0,13.5,0,0,0,1.2000000000000002,0.0000,0.0000
2009,6,14,0,30,13.4,0,0,0,1.2000000000000002,0.0000,0.0000
2009,6,14,1,0,13.200000000000001,0,0,0,1.3,0.0000,0.0000
2009,6,14,1,30,13.4,0,0,0,1.5,0.0000,0.0000
2009,6,14,2,0,13.5,0,0,0,1.7000000000000002,0.0000,0.0000
2009,6,14,2,30,13.5,0,0,0,1.7000000000000002,0.0000,0.0000
2009,6,14,3,0,13.5,0,0,0,1.6,0.0000,0.0000
2009,6,14,3,30,13.5,0,0,0,1.4000000000000001,0.0000,0.0000
2009,6,14,4,0,13.5,0,0,0,1.1,0.0000,0.0000
2009,6,14,4,30,13.600000000000001,0,0,0,1.1,0.0000,0.0000
2009,6,14,5,0,13.700000000000001,0,0,0,1.1,0.0000,0.0000
2009,6,14,5,30,14.200000000000001,13,0,13,1,0.0000,0.0000
2009,6,14,6,0,14.600000000000001,23,0,23,0.9,1.0962,0.8359
2009,6,14,6,30,14.9,62,3,63,1.3,3.1002,2.3855
2009,6,14,7,0,15.100000000000001,134,19,141,1.7000000000000002,7.2886,5.6517
2009,6,14,7,30,15.600000000000001,182,48,203,2.5,10.9514,8.5348
2009,6,14,8,0,16,47,0,47,3.4000000000000004,2.6223,2.0504
2009,6,14,8,30,17,82,0,82,3.6,4.6957,3.6798
2009,6,14,9,0,18,47,0,47,3.8000000000000003,2.7460,2.1552
2009,6,14,9,30,18.6,202,0,202,3.5,11.9858,9.4176
2009,6,14,10,0,19.200000000000003,408,308,657,3.2,39.4470,31.0192
2009,6,14,10,30,19.5,283,528,738,2.7,44.7061,35.1748
2009,6,14,11,0,19.900000000000002,341,421,719,2.2,43.8378,34.5056
2009,6,14,11,30,20.200000000000003,379,370,723,2.3000000000000003,44.2745,34.8586
2009,6,14,12,0,20.6,283,544,796,2.5,48.8664,38.4797
2009,6,14,12,30,20.6,132,869,956,2.9000000000000004,58.7316,46.2500
2009,6,14,13,0,20.700000000000003,264,601,829,3.2,50.8791,40.0640
2009,6,14,13,30,20.6,269,560,785,3.3000000000000003,48.0460,37.8267
2009,6,14,14,0,20.6,296,497,740,3.4000000000000004,45.0811,35.4824
2009,6,14,14,30,20.6,118,856,849,3.5,51.3715,40.4162
2009,6,14,15,0,20.6,431,189,583,3.6,34.9500,27.4802
2009,6,14,15,30,20.6,203,622,666,3.7,39.4383,30.9833
2009,6,14,16,0,20.6,207,575,596,3.7,34.7312,27.2537
2009,6,14,16,30,20.5,181,483,471,3.6,26.8801,21.0586
2009,6,14,17,0,20.400000000000002,207,346,387,3.4000000000000004,21.4977,16.8023
2009,6,14,17,30,20.1,133,554,374,3,20.0621,15.6255
2009,6,14,18,0,19.8,130,450,286,2.6,14.6806,11.3728
2009,6,14,18,30,19,106,347,195,2.2,9.5305,7.3234
2009,6,14,19,0,18.3,86,106,104,1.8,0.0000,0.0000
2009,6,14,19,30,17.900000000000002,29,2,29,1.9000000000000001,0.0000,0.0000
2009,6,14,20,0,17.5,0,0,0,1.9000000000000001,0.0000,0.0000
2009,6,14,20,30,17.5,0,0,0,2.2,0.0000,0.0000
2009,6,14,21,0,17.5,0,0,0,2.4000000000000004,0.0000,0.0000
2009,6,14,21,30,17.5,0,0,0,2.7,0.0000,0.0000
2009,6,14,22,0,17.400000000000002,0,0,0,2.9000000000000004,0.0000,0.0000
2009,6,14,22,30,17.400000000000002,0,0,0,2.9000000000000004,0.0000,0.0000
2009,6,14,23,0,17.3,0,0,0,3,0.0000,0.0000
2009,6,14,23,30,17.2,0,0,0,3.1,0.0000,0.0000
2009,6,15,0,0,17.1,0,0,0,3.1,0.0000,0.0000
2009,6,15,0,30,17,0,0,0,3.1,0.0000,0.0000
2009,6,15,1,0,16.900000000000002,0,0,0,3,0.0000,0.0000
2009,6,15,1,30,16.8,0,0,0,3,0.0000,0.0000
2009,6,15,2,0,16.7,0,0,0,3,0.0000,0.0000
2009,6,15,2,30,16.7,0,0,0,3.1,0.0000,0.0000
2009,6,15,3,0,16.7,0,0,0,3.2,0.0000,0.0000
2009,6,15,3,30,16.7,0,0,0,3.2,0.0000,0.0000
2009,6,15,4,0,16.7,0,0,0,3.2,0.0000,0.0000
2009,6,15,4,30,16.7,0,0,0,3.2,0.0000,0.0000
2009,6,15,5,0,16.7,0,0,0,3.2,0.0000,0.0000
2009,6,15,5,30,16.900000000000002,6,0,6,3.4000000000000004,0.0000,0.0000
2009,6,15,6,0,17.1,7,0,7,3.5,0.3336,0.2544
2009,6,15,6,30,17.400000000000002,87,5,88,3.7,4.3301,3.3318
2009,6,15,7,0,17.8,16,0,16,3.9000000000000004,0.8269,0.6412
2009,6,15,7,30,18.400000000000002,44,0,44,4,2.3734,1.8496
2009,6,15,8,0,19,152,0,152,4.2,8.4801,6.6306
2009,6,15,8,30,19.5,281,78,328,4.2,18.7822,14.7185
2009,6,15,9,0,20,282,363,531,4.1000000000000005,31.0232,24.3487
2009,6,15,9,30,20.5,231,7,236,4.3,14.0026,11.0021
2009,6,15,10,0,21,352,8,359,4.5,21.5543,16.9492
2009,6,15,10,30,21.3,482,147,609,4.7,36.8910,29.0259
2009,6,15,11,0,21.700000000000003,266,0,266,5,16.2182,12.7656
2009,6,15,11,30,21.8,181,0,181,4.9,11.0840,8.7268
2009,6,15,12,0,22,160,0,160,4.9,9.8226,7.7347
2009,6,15,12,30,22.200000000000003,154,0,154,4.7,9.4613,7.4506
2009,6,15,13,0,22.400000000000002,89,0,89,4.5,5.4626,4.3014
2009,6,15,13,30,22.6,185,0,185,4.3,11.3236,8.9152
2009,6,15,14,0,22.8,318,1,319,4.1000000000000005,19.4353,15.2972
2009,6,15,14,30,22.900000000000002,443,107,534,3.9000000000000004,32.3145,25.4234
2009,6,15,15,0,23,440,132,546,3.7,32.7365,25.7400
2009,6,15,15,30,23,268,474,621,3.5,36.7792,28.8946
2009,6,15,16,0,23,304,224,455,3.3000000000000003,26.5198,20.8105
2009,6,15,16,30,22.8,274,102,336,3,19.1813,15.0275
2009,6,15,17,0,22.6,250,142,324,2.7,18.0040,14.0721
2009,6,15,17,30,22.1,218,128,274,2.4000000000000004,14.7042,11.4530
2009,6,15,18,0,21.6,169,64,191,2.1,9.8103,7.6005
2009,6,15,18,30,21.1,119,31,127,2.1,6.2103,4.7726
2009,6,15,19,0,20.6,57,301,108,2.1,0.0000,0.0000
2009,6,15,19,30,20.400000000000002,24,0,24,2.1,0.0000,0.0000
2009,6,15,20,0,20.1,0,0,0,2.1,0.0000,0.0000
2009,6,15,20,30,19.8,0,0,0,2,0.0000,0.0000
2009,6,15,21,0,19.5,0,0,0,2,0.0000,0.0000
2009,6,15,21,30,19.400000000000002,0,0,0,2.3000000000000003,0.0000,0.0000
2009,6,15,22,0,19.3,0,0,0,2.6,0.0000,0.0000
2009,6,15,22,30,19.3,0,0,0,2.5,0.0000,0.0000
2009,6,15,23,0,19.3,0,0,0,2.4000000000000004,0.0000,0.0000
2009,6,15,23,30,19.200000000000003,0,0,0,2.1,0.0000,0.0000
2009,6,16,0,0,19,0,0,0,1.8,0.0000,0.0000
2009,6,16,0,30,19,0,0,0,1.8,0.0000,0.0000
2009,6,16,1,0,19,0,0,0,1.8,0.0000,0.0000
2009,6,16,1,30,18.900000000000002,0,0,0,1.7000000000000002,0.0000,0.0000
2009,6,16,2,0,18.8,0,0,0,1.5,0.0000,0.0000
2009,6,16,2,30,18.7,0,0,0,1.3,0.0000,0.0000
2009,6,16,3,0,18.5,0,0,0,1.1,0.0000,0.0000
2009,6,16,3,30,18.400000000000002,0,0,0,1.1,0.0000,0.0000
2009,6,16,4,0,18.400000000000002,0,0,0,1.1,0.0000,0.0000
2009,6,16,4,30,18.5,0,0,0,1.2000000000000002,0.0000,0.0000
2009,6,16,5,0,18.6,0,0,0,1.3,0.0000,0.0000
2009,6,16,5,30,19,35,123,47,1.8,0.0000,0.0000
2009,6,16,6,0,19.400000000000002,62,298,116,2.2,5.5289,4.2155
2009,6,16,6,30,19.8,73,0,73,2.1,3.5914,2.7633
2009,6,16,7,0,20.3,166,5,168,2.1,8.6820,6.7319
2009,6,16,7,30,20.900000000000002,225,30,239,2.1,12.8899,10.0453
2009,6,16,8,0,21.6,208,5,211,2,11.7705,9.2032
2009,6,16,8,30,22.200000000000003,248,7,252,2.4000000000000004,14.4290,11.3071
2009,6,16,9,0,22.8,171,0,171,2.7,9.9899,7.8406
2009,6,16,9,30,23.1,300,3,303,2.8000000000000003,17.9774,14.1252
2009,6,16,10,0,23.5,131,811,789,3,47.3697,37.2490
2009,6,16,10,30,24.1,135,829,848,3.1,51.3680,40.4163
2009,6,16,11,0,24.8,365,3,368,3.2,22.4369,17.6605
2009,6,16,11,30,25.400000000000002,472,136,599,3.2,36.6818,28.8807
2009,6,16,12,0,26,506,184,679,3.2,41.6852,32.8249
2009,6,16,12,30,26.3,245,577,793,3.1,48.7209,38.3669
2009,6,16,13,0,26.700000000000003,510,246,742,3,45.5435,35.8627
2009,6,16,13,30,26.8,354,436,756,2.8000000000000003,46.2767,36.4341
2009,6,16,14,0,26.900000000000002,383,354,700,2.6,42.6508,33.5698
2009,6,16,14,30,27,242,628,779,2.3000000000000003,47.1449,37.0914
2009,6,16,15,0,27,105,872,807,2.1,48.3911,38.0492
2009,6,16,15,30,27,402,188,543,1.8,32.1645,25.2694
2009,6,16,16,0,26.900000000000002,97,830,659,1.6,38.4175,30.1473
2009,6,16,16,30,26.8,92,800,574,1.3,32.7763,25.6790
2009,6,16,17,0,26.6,86,764,484,1,26.9037,21.0289
2009,6,16,17,30,26.3,78,715,390,0.6000000000000001,20.9383,16.3095
2009,6,16,18,0,25.900000000000002,67,661,298,0.30000000000000004,15.3142,11.8655
2009,6,16,18,30,25.1,57,575,206,0.4,10.0787,7.7463
2009,6,16,19,0,24.200000000000003,44,450,121,0.5,0.0000,0.0000
2009,6,16,19,30,22.8,26,274,50,0.8,0.0000,0.0000
2009,6,16,20,0,21.3,0,0,0,1,0.0000,0.0000
2009,6,16,20,30,20.700000000000003,0,0,0,1.1,0.0000,0.0000
2009,6,16,21,0,20.1,0,0,0,1.3,0.0000,0.0000
2009,6,16,21,30,19.700000000000003,0,0,0,1.4000000000000001,0.0000,0.0000
2009,6,16,22,0,19.3,0,0,0,1.5,0.0000,0.0000
2009,6,16,22,30,19,0,0,0,1.6,0.0000,0.0000
2009,6,16,23,0,18.8,0,0,0,1.7000000000000002,0.0000,0.0000
2009,6,16,23,30,18.5,0,0,0,1.8,0.0000,0.0000
2009,6,17,0,0,18.3,0,0,0,1.9000000000000001,0.0000,0.0000
2009,6,17,0,30,18,0,0,0,1.8,0.0000,0.0000
2009,6,17,1,0,17.7,0,0,0,1.8,0.0000,0.0000
2009,6,17,1,30,17.5,0,0,0,1.7000000000000002,0.0000,0.0000
2009,6,17,2,0,17.2,0,0,0,1.7000000000000002,0.0000,0.0000
2009,6,17,2,30,17,0,0,0,1.6,0.0000,0.0000
2009,6,17,3,0,16.7,0,0,0,1.5,0.0000,0.0000
2009,6,17,3,30,16.6,0,0,0,1.4000000000000001,0.0000,0.0000
2009,6,17,4,0,16.5,0,0,0,1.4000000000000001,0.0000,0.0000
2009,6,17,4,30,16.900000000000002,0,0,0,1.4000000000000001,0.0000,0.0000
2009,6,17,5,0,17.3,0,0,0,1.5,0.0000,0.0000
2009,6,17,5,30,18.3,31,2,32,2.1,0.0000,0.0000
2009,6,17,6,0,19.400000000000002,47,0,47,2.7,2.2402,1.7080
2009,6,17,6,30,20.200000000000003,125,164,169,2.6,8.3128,6.3958
2009,6,17,7,0,21,77,2,77,2.5,3.9782,3.0846
2009,6,17,7,30,22.200000000000003,104,2,105,2.5,5.6622,4.4125
2009,6,17,8,0,23.3,111,1,112,2.4000000000000004,6.2468,4.8843
2009,6,17,8,30,24.700000000000003,248,36,269,2.5,15.4005,12.0683
2009,6,17,9,0,26.1,155,2,156,2.6,9.1127,7.1521
2009,6,17,9,30,27.200000000000003,350,93,420,2.5,24.9174,19.5780
2009,6,17,10,0,28.3,305,16,318,2.3000000000000003,19.0912,15.0123
2009,6,17,10,30,29.200000000000003,351,380,678,2.2,41.0695,32.3135
2009,6,17,11,0,30,369,18,385,2.1,23.4731,18.4761
2009,6,17,11,30,30.5,380,14,393,2.1,24.0665,18.9482
2009,6,17,12,0,30.900000000000002,427,57,481,2.1,29.5301,23.2534
2009,6,17,12,30,31.3,339,374,694,2.3000000000000003,42.6395,33.5780
2009,6,17,13,0,31.6,117,885,952,2.5,58.4357,46.0146
2009,6,17,13,30,31.8,117,881,931,2.8000000000000003,56.9918,44.8703
2009,6,17,14,0,31.900000000000002,121,866,896,3.1,54.5971,42.9728
2009,6,17,14,30,31.700000000000003,118,854,848,3.3000000000000003,51.3256,40.3809
2009,6,17,15,0,31.5,380,357,668,3.5,40.0601,31.4988
2009,6,17,15,30,30.900000000000002,114,814,721,3.4000000000000004,42.7137,33.5575
2009,6,17,16,0,30.3,122,762,638,3.4000000000000004,37.2005,29.1927
2009,6,17,16,30,29.3,242,38,265,3.2,15.1351,11.8580
2009,6,17,17,0,28.3,129,3,131,3,7.2842,5.6937
2009,6,17,17,30,27.5,112,4,114,2.9000000000000004,6.1230,4.7696
2009,6,17,18,0,26.700000000000003,5,0,5,2.9000000000000004,0.2571,0.1992
2009,6,17,18,30,25.900000000000002,3,0,3,2.7,0.1468,0.1129
2009,6,17,19,0,25.200000000000003,23,0,23,2.6,0.0000,0.0000
2009,6,17,19,30,24.700000000000003,18,0,18,2.6,0.0000,0.0000
2009,6,17,20,0,24.200000000000003,0,0,0,2.5,0.0000,0.0000
2009,6,17,20,30,24,0,0,0,2.7,0.0000,0.0000
2009,6,17,21,0,23.900000000000002,0,0,0,2.8000000000000003,0.0000,0.0000
2009,6,17,21,30,23.700000000000003,0,0,0,3,0.0000,0.0000
2009,6,17,22,0,23.6,0,0,0,3.1,0.0000,0.0000
2009,6,17,22,30,23.5,0,0,0,2.8000000000000003,0.0000,0.0000
2009,6,17,23,0,23.3,0,0,0,2.4000000000000004,0.0000,0.0000
2009,6,17,23,30,23.1,0,0,0,2.1,0.0000,0.0000
2009,6,18,0,0,22.8,0,0,0,1.8,0.0000,0.0000
2009,6,18,0,30,22.5,0,0,0,1.5,0.0000,0.0000
2009,6,18,1,0,22.1,0,0,0,1.3,0.0000,0.0000
2009,6,18,1,30,21.8,0,0,0,1.3,0.0000,0.0000
2009,6,18,2,0,21.5,0,0,0,1.3,0.0000,0.0000
2009,6,18,2,30,21.400000000000002,0,0,0,1.4000000000000001,0.0000,0.0000
2009,6,18,3,0,21.3,0,0,0,1.4000000000000001,0.0000,0.0000
2009,6,18,3,30,21,0,0,0,1.1,0.0000,0.0000
2009,6,18,4,0,20.700000000000003,0,0,0,0.8,0.0000,0.0000
2009,6,18,4,30,20.900000000000002,0,0,0,0.7000000000000001,0.0000,0.0000
2009,6,18,5,0,21,0,0,0,0.6000000000000001,0.0000,0.0000
2009,6,18,5,30,21.6,19,0,19,1.3,0.0000,0.0000
2009,6,18,6,0,22.1,64,282,115,2,5.4813,4.1789
2009,6,18,6,30,22.8,58,0,58,2.4000000000000004,2.8524,2.1945
2009,6,18,7,0,23.400000000000002,31,0,31,2.9000000000000004,1.6013,1.2416
2009,6,18,7,30,24.400000000000002,110,0,110,3.2,5.9306,4.6216
2009,6,18,8,0,25.3,190,424,415,3.6,23.1443,18.0959
2009,6,18,8,30,26.200000000000003,127,713,563,3.7,32.2284,25.2548
2009,6,18,9,0,27.1,250,417,536,3.9000000000000004,31.3083,24.5721
2009,6,18,9,30,27.8,256,448,593,3.9000000000000004,35.1792,27.6408
2009,6,18,10,0,28.5,242,600,728,3.9000000000000004,43.7040,34.3663
2009,6,18,10,30,28.900000000000002,312,597,825,3.8000000000000003,49.9717,39.3176
2009,6,18,11,0,29.400000000000002,262,584,786,3.8000000000000003,47.9205,37.7190
2009,6,18,11,30,29.8,274,606,836,3.7,51.1948,40.3071
2009,6,18,12,0,30.200000000000003,305,637,906,3.7,55.6221,43.7996
2009,6,18,12,30,30.3,257,632,858,3.7,52.7165,41.5135
2009,6,18,13,0,30.400000000000002,243,664,868,3.6,53.2810,41.9557
2009,6,18,13,30,30.400000000000002,232,690,870,3.5,53.2598,41.9321
2009,6,18,14,0,30.3,262,602,801,3.4000000000000004,48.8108,38.4186
2009,6,18,14,30,30.3,238,559,716,3.2,43.3397,34.0980
2009,6,18,15,0,30.200000000000003,307,362,599,2.9000000000000004,35.9257,28.2482
2009,6,18,15,30,30.1,342,75,398,2.7,23.5820,18.5272
2009,6,18,16,0,30,322,134,413,2.4000000000000004,24.0851,18.9008
2009,6,18,16,30,30,273,253,426,2.2,24.3355,19.0666
2009,6,18,17,0,30,252,124,317,2,17.6314,13.7821
2009,6,18,17,30,29.200000000000003,211,173,287,1.7000000000000002,15.4204,12.0125
2009,6,18,18,0,28.400000000000002,171,82,199,1.3,10.2357,7.9316
2009,6,18,18,30,27.200000000000003,122,41,133,1.1,6.5128,5.0066
2009,6,18,19,0,26.1,80,25,84,0.9,0.0000,0.0000
2009,6,18,19,30,25.400000000000002,37,5,37,1,0.0000,0.0000
2009,6,18,20,0,24.6,0,0,0,1,0.0000,0.0000
2009,6,18,20,30,24.400000000000002,0,0,0,1,0.0000,0.0000
2009,6,18,21,0,24.200000000000003,0,0,0,1,0.0000,0.0000
2009,6,18,21,30,23.700000000000003,0,0,0,1,0.0000,0.0000
2009,6,18,22,0,23.200000000000003,0,0,0,1,0.0000,0.0000
2009,6,18,22,30,23.400000000000002,0,0,0,0.8,0.0000,0.0000
2009,6,18,23,0,23.700000000000003,0,0,0,0.6000000000000001,0.0000,0.0000
2009,6,18,23,30,23.5,0,0,0,0.7000000000000001,0.0000,0.0000
2009,6,19,0,0,23.3,0,0,0,0.7000000000000001,0.0000,0.0000
2009,6,19,0,30,22.6,0,0,0,0.9,0.0000,0.0000
2009,6,19,1,0,22,0,0,0,1.1,0.0000,0.0000
2009,6,19,1,30,21.400000000000002,0,0,0,1.1,0.0000,0.0000
2009,6,19,2,0,20.900000000000002,0,0,0,1.1,0.0000,0.0000
2009,6,19,2,30,20.8,0,0,0,0.8,0.0000,0.0000
2009,6,19,3,0,20.700000000000003,0,0,0,0.5,0.0000,0.0000
2009,6,19,3,30,20.200000000000003,0,0,0,0.6000000000000001,0.0000,0.0000
2009,6,19,4,0,19.700000000000003,0,0,0,0.7000000000000001,0.0000,0.0000
2009,6,19,4,30,19.700000000000003,0,0,0,1.6,0.0000,0.0000
2009,6,19,5,0,19.6,0,0,0,2.5,0.0000,0.0000
2009,6,19,5,30,19.5,9,0,9,3,0.0000,0.0000
2009,6,19,6,0,19.3,32,0,32,3.6,1.5252,1.1628
2009,6,19,6,30,19.3,19,0,19,3.7,0.9341,0.7187
2009,6,19,7,0,19.400000000000002,92,3,93,3.7,4.8028,3.7237
2009,6,19,7,30,20.1,212,100,256,3.5,13.7992,10.7532
2009,6,19,8,0,20.900000000000002,103,1,103,3.3000000000000003,5.7430,4.4902
2009,6,19,8,30,21.6,246,40,271,2.9000000000000004,15.5112,12.1548
2009,6,19,9,0,22.3,236,12,244,2.5,14.2505,11.1843
2009,6,19,9,30,22.700000000000003,315,41,346,2.3000000000000003,20.5246,16.1264
2009,6,19,10,0,23,189,2,190,2.2,11.4056,8.9687
2009,6,19,10,30,23.3,368,32,396,2.6,23.9857,18.8718
2009,6,19,11,0,23.6,164,0,165,2.9000000000000004,10.0594,7.9179
2009,6,19,11,30,24.200000000000003,81,0,81,3,4.9602,3.9053
2009,6,19,12,0,24.8,75,0,75,3,4.6045,3.6258
2009,6,19,12,30,25.200000000000003,296,1,297,2.8000000000000003,18.2482,14.3702
2009,6,19,13,0,25.6,82,0,82,2.7,5.0336,3.9637
2009,6,19,13,30,25.8,105,0,105,2.8000000000000003,6.4282,5.0610
2009,6,19,14,0,26.1,287,1,288,2.9000000000000004,17.5510,13.8143
2009,6,19,14,30,26,396,389,729,3,44.1293,34.7195
2009,6,19,15,0,25.900000000000002,122,829,790,3.1,47.3859,37.2595
2009,6,19,15,30,25.900000000000002,118,810,722,3.1,42.7838,33.6132
2009,6,19,16,0,25.8,108,793,647,3,37.7375,29.6149
2009,6,19,16,30,25.700000000000003,103,764,564,2.8000000000000003,32.2256,25.2488
2009,6,19,17,0,25.6,90,741,478,2.7,26.5934,20.7880
2009,6,19,17,30,25.1,83,694,388,2.3000000000000003,20.8545,16.2462
2009,6,19,18,0,24.700000000000003,70,646,297,1.8,15.2831,11.8435
2009,6,19,18,30,23.5,59,561,207,1.4000000000000001,10.1410,7.7963
2009,6,19,19,0,22.400000000000002,45,446,123,1,0.0000,0.0000
2009,6,19,19,30,21.6,22,0,22,1,0.0000,0.0000
2009,6,19,20,0,20.900000000000002,0,0,0,1,0.0000,0.0000
2009,6,19,20,30,20.8,0,0,0,1,0.0000,0.0000
2009,6,19,21,0,20.700000000000003,0,0,0,1,0.0000,0.0000
2009,6,19,21,30,20.400000000000002,0,0,0,1,0.0000,0.0000
2009,6,19,22,0,20.200000000000003,0,0,0,0.9,0.0000,0.0000
2009,6,19,22,30,19.900000000000002,0,0,0,0.9,0.0000,0.0000
2009,6,19,23,0,19.700000000000003,0,0,0,1,0.0000,0.0000
2009,6,19,23,30,19.3,0,0,0,1,0.0000,0.0000
2009,6,20,0,0,18.900000000000002,0,0,0,1,0.0000,0.0000
2009,6,20,0,30,18.5,0,0,0,1,0.0000,0.0000
2009,6,20,1,0,18,0,0,0,1,0.0000,0.0000
2009,6,20,1,30,17.7,0,0,0,1.1,0.0000,0.0000
2009,6,20,2,0,17.3,0,0,0,1.1,0.0000,0.0000
2009,6,20,2,30,17.1,0,0,0,1.1,0.0000,0.0000
2009,6,20,3,0,16.8,0,0,0,1.1,0.0000,0.0000
2009,6,20,3,30,16.6,0,0,0,1.1,0.0000,0.0000
2009,6,20,4,0,16.5,0,0,0,1.1,0.0000,0.0000
2009,6,20,4,30,16.8,0,0,0,1,0.0000,0.0000
2009,6,20,5,0,17.2,0,0,0,0.9,0.0000,0.0000
2009,6,20,5,30,18.5,37,5,37,1.2000000000000002,0.0000,0.0000
2009,6,20,6,0,19.8,46,476,132,1.4000000000000001,6.2916,4.7965
2009,6,20,6,30,20.400000000000002,126,163,170,1.4000000000000001,8.3559,6.4281
2009,6,20,7,0,21,165,224,245,1.4000000000000001,12.6481,9.8058
2009,6,20,7,30,21.8,206,251,317,1.4000000000000001,17.0825,13.3114
2009,6,20,8,0,22.6,175,472,425,1.4000000000000001,23.6932,18.5244
2009,6,20,8,30,23.400000000000002,182,565,527,1.7000000000000002,30.1602,23.6336
2009,6,20,9,0,24.200000000000003,346,288,543,2,31.7102,24.8871
2009,6,20,9,30,24.700000000000003,218,562,640,2.1,37.9608,29.8260
2009,6,20,10,0,25.1,241,570,702,2.2,42.1373,33.1341
2009,6,20,10,30,25.400000000000002,435,319,709,2.2,42.9420,33.7865
2009,6,20,11,0,25.700000000000003,110,898,917,2.3000000000000003,55.9045,44.0032
2009,6,20,11,30,25.900000000000002,249,636,839,2.3000000000000003,51.3765,40.4501
2009,6,20,12,0,26,287,496,756,2.3000000000000003,46.4128,36.5477
2009,6,20,12,30,25.900000000000002,437,225,651,2.3000000000000003,39.9989,31.4985
2009,6,20,13,0,25.900000000000002,427,187,604,2.3000000000000003,37.0773,29.1963
2009,6,20,13,30,25.8,445,77,516,2.3000000000000003,31.5908,24.8720
2009,6,20,14,0,25.700000000000003,422,40,458,2.3000000000000003,27.9124,21.9698
2009,6,20,14,30,25.6,378,39,411,2.4000000000000004,24.8811,19.5756
2009,6,20,15,0,25.5,231,4,234,2.4000000000000004,14.0369,11.0373
2009,6,20,15,30,25.3,224,10,231,2.3000000000000003,13.6902,10.7558
2009,6,20,16,0,25.1,201,7,206,2.2,12.0169,9.4305
2009,6,20,16,30,24.6,134,3,135,2,7.7152,6.0450
2009,6,20,17,0,24.1,188,18,198,1.8,11.0181,8.6130
2009,6,20,17,30,23.400000000000002,206,142,268,1.6,14.4087,11.2251
2009,6,20,18,0,22.700000000000003,12,0,12,1.4000000000000001,0.6177,0.4787
2009,6,20,18,30,22.200000000000003,8,0,8,1.5,0.3921,0.3014
2009,6,20,19,0,21.6,30,0,31,1.6,1.4781,1.1264
2009,6,20,19,30,21.200000000000003,11,0,11,1.8,0.0000,0.0000
2009,6,20,20,0,20.8,0,0,0,2,0.0000,0.0000
2009,6,20,20,30,20.6,0,0,0,2.3000000000000003,0.0000,0.0000
2009,6,20,21,0,20.5,0,0,0,2.6,0.0000,0.0000
2009,6,20,21,30,20.3,0,0,0,2.8000000000000003,0.0000,0.0000
2009,6,20,22,0,20.200000000000003,0,0,0,3.1,0.0000,0.0000
2009,6,20,22,30,20.200000000000003,0,0,0,3.3000000000000003,0.0000,0.0000
2009,6,20,23,0,20.200000000000003,0,0,0,3.5,0.0000,0.0000
2009,6,20,23,30,20.200000000000003,0,0,0,3.6,0.0000,0.0000
2009,6,21,0,0,20.1,0,0,0,3.7,0.0000,0.0000
2009,6,21,0,30,20.200000000000003,0,0,0,3.8000000000000003,0.0000,0.0000
2009,6,21,1,0,20.3,0,0,0,3.9000000000000004,0.0000,0.0000
2009,6,21,1,30,20.400000000000002,0,0,0,3.9000000000000004,0.0000,0.0000
2009,6,21,2,0,20.6,0,0,0,3.9000000000000004,0.0000,0.0000
2009,6,21,2,30,20.8,0,0,0,3.8000000000000003,0.0000,0.0000
2009,6,21,3,0,20.900000000000002,0,0,0,3.7,0.0000,0.0000
2009,6,21,3,30,21,0,0,0,3.6,0.0000,0.0000
2009,6,21,4,0,21.200000000000003,0,0,0,3.5,0.0000,0.0000
2009,6,21,4,30,21.3,0,0,0,3.5,0.0000,0.0000
2009,6,21,5,0,21.400000000000002,0,0,0,3.5,0.0000,0.0000
2009,6,21,5,30,21.900000000000002,30,250,53,3.7,0.0000,0.0000
2009,6,21,6,0,22.3,45,448,125,3.9000000000000004,5.9581,4.5420
2009,6,21,6,30,22.700000000000003,58,568,210,4.2,10.3183,7.9372
2009,6,21,7,0,23.200000000000003,33,0,33,4.4,1.7030,1.3203
2009,6,21,7,30,23.900000000000002,54,0,54,4.5,2.9091,2.2669
2009,6,21,8,0,24.700000000000003,59,0,59,4.5,3.2885,2.5710
2009,6,21,8,30,25.6,74,0,74,4.6000000000000005,4.2343,3.3180
2009,6,21,9,0,26.400000000000002,89,836,661,4.6000000000000005,38.5962,30.2912
2009,6,21,9,30,27.1,188,0,188,4.6000000000000005,11.1499,8.7605
2009,6,21,10,0,27.700000000000003,98,870,803,4.7,48.1961,37.8981
2009,6,21,10,30,28.200000000000003,101,884,860,4.7,52.0845,40.9795
2009,6,21,11,0,28.700000000000003,462,153,599,4.7,36.5160,28.7421
2009,6,21,11,30,29,485,239,706,4.7,43.2313,34.0371
2009,6,21,12,0,29.3,400,6,406,4.6000000000000005,24.9252,19.6273
2009,6,21,12,30,29.5,121,883,960,4.6000000000000005,58.9845,46.4495
2009,6,21,13,0,29.6,117,887,954,4.5,58.5630,46.1151
2009,6,21,13,30,29.700000000000003,116,882,933,4.4,57.1223,44.9734
2009,6,21,14,0,29.700000000000003,112,879,900,4.3,54.8518,43.1738
2009,6,21,14,30,29.700000000000003,110,870,855,4.2,51.7631,40.7258
2009,6,21,15,0,29.700000000000003,428,210,598,4,35.8750,28.2088
2009,6,21,15,30,29.6,100,846,733,3.9000000000000004,43.4455,34.1336
2009,6,21,16,0,29.5,94,829,658,3.7,38.3891,30.1267
2009,6,21,16,30,29.1,328,120,400,3.3000000000000003,22.8636,17.9142
2009,6,21,17,0,28.8,82,769,486,2.9000000000000004,27.0502,21.1459
2009,6,21,17,30,28.200000000000003,75,721,393,2.4000000000000004,21.1351,16.4658
2009,6,21,18,0,27.6,67,663,301,1.8,15.4998,12.0126
2009,6,21,18,30,26.3,57,580,210,1.4000000000000001,10.2953,7.9160
2009,6,21,19,0,25.1,44,464,125,1.1,5.9596,4.5419
2009,6,21,19,30,24.3,27,290,53,1.1,0.0000,0.0000
2009,6,21,20,0,23.400000000000002,0,0,0,1.1,0.0000,0.0000
2009,6,21,20,30,23.1,0,0,0,1.1,0.0000,0.0000
2009,6,21,21,0,22.8,0,0,0,1.1,0.0000,0.0000
2009,6,21,21,30,22.400000000000002,0,0,0,1.1,0.0000,0.0000
2009,6,21,22,0,22,0,0,0,1.1,0.0000,0.0000
2009,6,21,22,30,21.6,0,0,0,1.1,0.0000,0.0000
2009,6,21,23,0,21.200000000000003,0,0,0,1.1,0.0000,0.0000
2009,6,21,23,30,20.900000000000002,0,0,0,1.1,0.0000,0.0000
2009,6,22,0,0,20.5,0,0,0,1.1,0.0000,0.0000
2009,6,22,0,30,20.3,0,0,0,1.1,0.0000,0.0000
2009,6,22,1,0,20,0,0,0,1.1,0.0000,0.0000
2009,6,22,1,30,19.700000000000003,0,0,0,1.1,0.0000,0.0000
2009,6,22,2,0,19.5,0,0,0,1.1,0.0000,0.0000
2009,6,22,2,30,19.3,0,0,0,1.1,0.0000,0.0000
2009,6,22,3,0,19.1,0,0,0,1.1,0.0000,0.0000
2009,6,22,3,30,19.1,0,0,0,1,0.0000,0.0000
2009,6,22,4,0,19.1,0,0,0,1,0.0000,0.0000
2009,6,22,4,30,19.5,0,0,0,0.9,0.0000,0.0000
2009,6,22,5,0,19.900000000000002,0,0,0,0.8,0.0000,0.0000
2009,6,22,5,30,21,26,321,56,0.8,0.0000,0.0000
2009,6,22,6,0,22.1,42,485,129,0.9,6.1489,4.6872
2009,6,22,6,30,22.900000000000002,114,37,123,0.8,6.0414,4.6469
2009,6,22,7,0,23.6,170,190,238,0.7000000000000001,12.2782,9.5182
2009,6,22,7,30,25,72,730,396,0.7000000000000001,21.3278,16.6185
2009,6,22,8,0,26.5,81,769,487,0.8,27.1365,21.2156
2009,6,22,8,30,28.1,86,805,576,1.1,32.9522,25.8207
2009,6,22,9,0,29.700000000000003,93,828,658,1.4000000000000001,38.4149,30.1485
2009,6,22,9,30,30.200000000000003,97,850,734,1.5,43.5277,34.1994
2009,6,22,10,0,30.8,367,389,682,1.6,40.9304,32.1848
2009,6,22,10,30,31.200000000000003,103,881,859,1.6,52.0207,40.9292
2009,6,22,11,0,31.6,104,893,906,1.7000000000000002,55.2291,43.4714
2009,6,22,11,30,31.900000000000002,106,900,940,1.8,57.5584,45.3171
2009,6,22,12,0,32.2,104,908,961,1.9000000000000001,58.9967,46.4568
2009,6,22,12,30,32.4,104,909,967,1.9000000000000001,59.4146,46.7882
2009,6,22,13,0,32.7,105,907,960,1.9000000000000001,58.9318,46.4055
2009,6,22,13,30,32.800000000000004,104,901,938,1.9000000000000001,57.4290,45.2149
2009,6,22,14,0,32.9,103,894,904,2,55.0969,43.3669
2009,6,22,14,30,32.9,100,883,857,1.9000000000000001,51.8866,40.8231
2009,6,22,15,0,32.9,100,865,799,1.9000000000000001,47.9362,37.6927
2009,6,22,15,30,32.7,97,847,730,1.9000000000000001,43.2709,33.9966
2009,6,22,16,0,32.6,93,820,652,1.9000000000000001,38.0427,29.8551
2009,6,22,16,30,32.300000000000004,88,792,568,1.8,32.4704,25.4416
2009,6,22,17,0,32,85,749,478,1.7000000000000002,26.6092,20.8015
2009,6,22,17,30,31.5,78,701,387,1.7000000000000002,20.8169,16.2182
2009,6,22,18,0,31.1,71,628,293,1.6,15.0918,11.6968
2009,6,22,18,30,29.8,60,542,203,1.4000000000000001,9.9548,7.6546
2009,6,22,19,0,28.6,48,405,118,1.1,5.6256,4.2875
2009,6,22,19,30,27.8,28,236,49,1.2000000000000002,0.0000,0.0000
2009,6,22,20,0,26.900000000000002,0,0,0,1.3,0.0000,0.0000
2009,6,22,20,30,26.700000000000003,0,0,0,1.4000000000000001,0.0000,0.0000
2009,6,22,21,0,26.400000000000002,0,0,0,1.4000000000000001,0.0000,0.0000
2009,6,22,21,30,26.1,0,0,0,1.4000000000000001,0.0000,0.0000
2009,6,22,22,0,25.900000000000002,0,0,0,1.4000000000000001,0.0000,0.0000
2009,6,22,22,30,25.700000000000003,0,0,0,1.4000000000000001,0.0000,0.0000
2009,6,22,23,0,25.400000000000002,0,0,0,1.3,0.0000,0.0000
2009,6,22,23,30,25.200000000000003,0,0,0,1.2000000000000002,0.0000,0.0000
2009,6,23,0,0,24.900000000000002,0,0,0,1.1,0.0000,0.0000
2009,6,23,0,30,24.700000000000003,0,0,0,1.1,0.0000,0.0000
2009,6,23,1,0,24.400000000000002,0,0,0,1,0.0000,0.0000
2009,6,23,1,30,24.200000000000003,0,0,0,1,0.0000,0.0000
2009,6,23,2,0,24,0,0,0,1,0.0000,0.0000
2009,6,23,2,30,23.900000000000002,0,0,0,0.9,0.0000,0.0000
2009,6,23,3,0,23.700000000000003,0,0,0,0.9,0.0000,0.0000
2009,6,23,3,30,23.6,0,0,0,0.9,0.0000,0.0000
2009,6,23,4,0,23.5,0,0,0,0.9,0.0000,0.0000
2009,6,23,4,30,23.8,0,0,0,0.8,0.0000,0.0000
2009,6,23,5,0,24.200000000000003,0,0,0,0.8,0.0000,0.0000
2009,6,23,5,30,25.1,29,260,52,1.2000000000000002,0.0000,0.0000
2009,6,23,6,0,26,46,442,125,1.6,5.9585,4.5418
2009,6,23,6,30,26.700000000000003,60,562,209,1.6,10.2609,7.8918
2009,6,23,7,0,27.400000000000002,181,152,235,1.6,12.1181,9.3935
2009,6,23,7,30,28.6,79,711,393,1.7000000000000002,21.1588,16.4863
2009,6,23,8,0,29.700000000000003,222,4,224,1.7000000000000002,12.4790,9.7560
2009,6,23,8,30,30.400000000000002,287,36,309,1.7000000000000002,17.6739,13.8487
2009,6,23,9,0,31.200000000000003,98,817,656,1.6,38.2920,30.0517
2009,6,23,9,30,31.700000000000003,103,837,730,1.4000000000000001,43.2850,34.0085
2009,6,23,10,0,32.2,317,2,318,1.3,19.0834,15.0057
2009,6,23,10,30,32.6,111,862,850,1.1,51.4716,40.4970
2009,6,23,11,0,32.9,116,865,892,0.9,54.3723,42.7968
2009,6,23,11,30,33.2,118,871,924,0.9,56.5764,44.5439
2009,6,23,12,0,33.4,117,876,943,1,57.8902,45.5854
2009,6,23,12,30,33.5,117,876,949,1.1,58.3077,45.9165
2009,6,23,13,0,33.6,476,287,746,1.2000000000000002,45.7950,36.0610
2009,6,23,13,30,33.5,478,164,629,1.4000000000000001,38.5113,30.3207
2009,6,23,14,0,33.5,113,863,887,1.5,54.0628,42.5530
2009,6,23,14,30,33.300000000000004,111,853,842,1.5,50.9808,40.1106
2009,6,23,15,0,33.2,109,837,785,1.4000000000000001,47.0990,37.0346
2009,6,23,15,30,33,105,819,718,1.3,42.5628,33.4405
2009,6,23,16,0,32.7,99,798,643,1.2000000000000002,37.5224,29.4471
2009,6,23,16,30,32.5,94,769,560,1,32.0170,25.0866
2009,6,23,17,0,32.2,194,395,402,0.8,22.3833,17.4983
2009,6,23,17,30,32,179,305,313,0.7000000000000001,16.8399,13.1201
2009,6,23,18,0,31.700000000000003,74,1,75,0.6000000000000001,3.8641,2.9950
2009,6,23,18,30,30.8,49,1,49,0.6000000000000001,2.4035,1.8483
2009,6,23,19,0,29.900000000000002,69,12,71,0.6000000000000001,3.3848,2.5798
2009,6,23,19,30,28.8,36,6,37,0.7000000000000001,0.0000,0.0000
2009,6,23,20,0,27.8,0,0,0,0.8,0.0000,0.0000
2009,6,23,20,30,27.1,0,0,0,0.8,0.0000,0.0000
2009,6,23,21,0,26.5,0,0,0,0.9,0.0000,0.0000
2009,6,23,21,30,26.1,0,0,0,0.9,0.0000,0.0000
2009,6,23,22,0,25.700000000000003,0,0,0,1,0.0000,0.0000
2009,6,23,22,30,25.3,0,0,0,1.1,0.0000,0.0000
2009,6,23,23,0,25,0,0,0,1.2000000000000002,0.0000,0.0000
2009,6,23,23,30,24.700000000000003,0,0,0,1.4000000000000001,0.0000,0.0000
2009,6,24,0,0,24.3,0,0,0,1.5,0.0000,0.0000
2009,6,24,0,30,24,0,0,0,1.5,0.0000,0.0000
2009,6,24,1,0,23.6,0,0,0,1.5,0.0000,0.0000
2009,6,24,1,30,23.3,0,0,0,1.4000000000000001,0.0000,0.0000
2009,6,24,2,0,23,0,0,0,1.3,0.0000,0.0000
2009,6,24,2,30,22.700000000000003,0,0,0,1.2000000000000002,0.0000,0.0000
2009,6,24,3,0,22.400000000000002,0,0,0,1,0.0000,0.0000
2009,6,24,3,30,22.3,0,0,0,0.8,0.0000,0.0000
2009,6,24,4,0,22.1,0,0,0,0.7000000000000001,0.0000,0.0000
2009,6,24,4,30,22.200000000000003,0,0,0,0.6000000000000001,0.0000,0.0000
2009,6,24,5,0,22.3,0,0,0,0.6000000000000001,0.0000,0.0000
2009,6,24,5,30,22.700000000000003,25,1,25,0.8,0.0000,0.0000
2009,6,24,6,0,23,37,1,37,1,1.7638,1.3444
2009,6,24,6,30,23.5,63,3,64,0.9,3.1407,2.4153
2009,6,24,7,0,24,138,6,140,0.8,7.2162,5.5934
2009,6,24,7,30,24.8,191,51,213,0.8,11.4638,8.9318
2009,6,24,8,0,25.6,207,6,210,0.8,11.6953,9.1431
2009,6,24,8,30,26.5,186,545,517,0.9,29.5647,23.1655
2009,6,24,9,0,27.400000000000002,336,68,382,1,22.2945,17.4966
2009,6,24,9,30,28,328,422,644,1.2000000000000002,38.1809,29.9980
2009,6,24,10,0,28.6,359,116,452,1.4000000000000001,27.1216,21.3262
2009,6,24,10,30,29.1,380,48,422,1.5,25.5522,20.1039
2009,6,24,11,0,29.6,124,0,124,1.6,7.5581,5.9490
2009,6,24,11,30,30,225,1,226,1.8,13.8374,10.8945
2009,6,24,12,0,30.3,303,5,308,2,18.9075,14.8886
2009,6,24,12,30,30.5,218,671,855,2.2,52.5314,41.3677
2009,6,24,13,0,30.6,143,838,933,2.3000000000000003,57.2744,45.1004
2009,6,24,13,30,30.6,141,833,913,2.4000000000000004,55.9000,44.0112
2009,6,24,14,0,30.5,143,819,878,2.5,53.5150,42.1218
2009,6,24,14,30,30.5,140,808,833,2.6,50.4375,39.6831
2009,6,24,15,0,30.6,122,818,782,2.7,46.9218,36.8954
2009,6,24,15,30,30.5,117,799,715,2.7,42.3882,33.3034
2009,6,24,16,0,30.5,113,774,640,2.8000000000000003,37.3497,29.3117
2009,6,24,16,30,30.200000000000003,107,743,557,2.7,31.8495,24.9556
2009,6,24,17,0,29.8,101,700,469,2.6,26.1167,20.4171
2009,6,24,17,30,29.3,92,649,379,2.4000000000000004,20.3951,15.8904
2009,6,24,18,0,28.700000000000003,82,581,287,2.1,14.7905,11.4641
2009,6,24,18,30,27.700000000000003,68,493,199,1.8,9.7638,7.5086
2009,6,24,19,0,26.8,51,375,117,1.6,5.5776,4.2511
2009,6,24,19,30,26,30,213,49,1.5,0.0000,0.0000
2009,6,24,20,0,25.200000000000003,0,0,0,1.5,0.0000,0.0000
2009,6,24,20,30,24.8,0,0,0,1.5,0.0000,0.0000
2009,6,24,21,0,24.5,0,0,0,1.5,0.0000,0.0000
2009,6,24,21,30,24.1,0,0,0,1.5,0.0000,0.0000
2009,6,24,22,0,23.8,0,0,0,1.4000000000000001,0.0000,0.0000
2009,6,24,22,30,23.6,0,0,0,1.6,0.0000,0.0000
2009,6,24,23,0,23.400000000000002,0,0,0,1.8,0.0000,0.0000
2009,6,24,23,30,23.200000000000003,0,0,0,1.9000000000000001,0.0000,0.0000
2009,6,25,0,0,23,0,0,0,2,0.0000,0.0000
2009,6,25,0,30,22.700000000000003,0,0,0,1.7000000000000002,0.0000,0.0000
2009,6,25,1,0,22.3,0,0,0,1.4000000000000001,0.0000,0.0000
2009,6,25,1,30,22.1,0,0,0,1.3,0.0000,0.0000
2009,6,25,2,0,21.900000000000002,0,0,0,1.2000000000000002,0.0000,0.0000
2009,6,25,2,30,21.700000000000003,0,0,0,1.4000000000000001,0.0000,0.0000
2009,6,25,3,0,21.6,0,0,0,1.5,0.0000,0.0000
2009,6,25,3,30,21.6,0,0,0,1.9000000000000001,0.0000,0.0000
2009,6,25,4,0,21.6,0,0,0,2.2,0.0000,0.0000
2009,6,25,4,30,21.900000000000002,0,0,0,2.7,0.0000,0.0000
2009,6,25,5,0,22.1,0,0,0,3.1,0.0000,0.0000
2009,6,25,5,30,22.700000000000003,29,257,52,3.2,0.0000,0.0000
2009,6,25,6,0,23.200000000000003,47,457,127,3.3000000000000003,6.0545,4.6145
2009,6,25,6,30,24.1,61,580,214,3.3000000000000003,10.4960,8.0711
2009,6,25,7,0,25.1,68,686,310,3.3000000000000003,15.9716,12.3792
2009,6,25,7,30,26.200000000000003,76,747,406,3.8000000000000003,21.8435,17.0184
2009,6,25,8,0,27.3,81,799,501,4.2,27.8941,21.8063
2009,6,25,8,30,27.900000000000002,86,835,593,4.4,33.9038,26.5650
2009,6,25,9,0,28.6,90,863,677,4.6000000000000005,39.5052,31.0031
2009,6,25,9,30,29.1,94,884,756,4.6000000000000005,44.8144,35.2094
2009,6,25,10,0,29.6,96,901,823,4.5,49.3780,38.8266
2009,6,25,10,30,30.1,99,914,882,4.4,53.4011,42.0146
2009,6,25,11,0,30.5,99,925,929,4.2,56.6206,44.5662
2009,6,25,11,30,30.8,100,929,960,4,58.7753,46.2749
2009,6,25,12,0,31.1,96,940,983,3.8000000000000003,60.3417,47.5156
2009,6,25,12,30,31.3,96,942,990,3.6,60.8243,47.8982
2009,6,25,13,0,31.5,95,939,981,3.4000000000000004,60.2205,47.4202
2009,6,25,13,30,31.6,94,936,960,3.2,58.7777,46.2769
2009,6,25,14,0,31.6,93,929,927,3,56.5023,44.4732
2009,6,25,14,30,31.5,91,920,880,2.8000000000000003,53.2841,41.9228
2009,6,25,15,0,31.400000000000002,91,904,821,2.5,49.2638,38.7371
2009,6,25,15,30,31.200000000000003,88,890,754,2.3000000000000003,44.7025,35.1219
2009,6,25,16,0,31.1,84,869,677,2.1,39.5128,31.0095
2009,6,25,16,30,30.700000000000003,80,843,591,1.8,33.7964,26.4813
2009,6,25,17,0,30.3,75,807,501,1.5,27.9031,21.8140
2009,6,25,17,30,30,69,763,406,1.3,21.8511,17.0250
2009,6,25,18,0,29.6,61,705,311,1.1,16.0302,12.4253
2009,6,25,18,30,28.5,53,624,218,1,10.6970,8.2263
2009,6,25,19,0,27.400000000000002,41,511,131,0.8,6.2448,4.7598
2009,6,25,19,30,26.6,26,339,56,0.9,0.0000,0.0000
2009,6,25,20,0,25.700000000000003,0,0,0,0.9,0.0000,0.0000
2009,6,25,20,30,25.1,0,0,0,1,0.0000,0.0000
2009,6,25,21,0,24.6,0,0,0,1,0.0000,0.0000
2009,6,25,21,30,24.400000000000002,0,0,0,1,0.0000,0.0000
2009,6,25,22,0,24.1,0,0,0,1,0.0000,0.0000
2009,6,25,22,30,24,0,0,0,0.9,0.0000,0.0000
2009,6,25,23,0,23.8,0,0,0,0.9,0.0000,0.0000
2009,6,25,23,30,23.400000000000002,0,0,0,0.9,0.0000,0.0000
2009,6,26,0,0,23,0,0,0,0.9,0.0000,0.0000
2009,6,26,0,30,22.6,0,0,0,1,0.0000,0.0000
2009,6,26,1,0,22.200000000000003,0,0,0,1,0.0000,0.0000
2009,6,26,1,30,21.900000000000002,0,0,0,1,0.0000,0.0000
2009,6,26,2,0,21.6,0,0,0,1,0.0000,0.0000
2009,6,26,2,30,21.400000000000002,0,0,0,1,0.0000,0.0000
2009,6,26,3,0,21.200000000000003,0,0,0,1,0.0000,0.0000
2009,6,26,3,30,21.1,0,0,0,1,0.0000,0.0000
2009,6,26,4,0,20.900000000000002,0,0,0,1,0.0000,0.0000
2009,6,26,4,30,21,0,0,0,1,0.0000,0.0000
2009,6,26,5,0,21.200000000000003,0,0,0,1.1,0.0000,0.0000
2009,6,26,5,30,21.700000000000003,12,0,12,1.5,0.0000,0.0000
2009,6,26,6,0,22.3,27,0,27,1.8,1.2873,0.9811
2009,6,26,6,30,22.700000000000003,96,10,99,2.1,4.8535,3.7318
2009,6,26,7,0,23.1,11,0,11,2.4000000000000004,0.5664,0.4390
2009,6,26,7,30,23.8,52,0,52,2.4000000000000004,2.7965,2.1787
2009,6,26,8,0,24.5,20,0,20,2.4000000000000004,1.1132,0.8702
2009,6,26,8,30,25.6,32,0,32,2.7,1.8291,1.4331
2009,6,26,9,0,26.700000000000003,26,0,26,3.1,1.5169,1.1904
2009,6,26,9,30,27.3,36,0,36,3.2,2.1337,1.6764
2009,6,26,10,0,27.8,23,0,23,3.3000000000000003,1.3798,1.0849
2009,6,26,10,30,27.700000000000003,90,0,91,3.4000000000000004,5.5091,4.3344
2009,6,26,11,0,27.6,91,0,91,3.5,5.5459,4.3652
2009,6,26,11,30,27.3,43,0,43,3.6,2.6325,2.0726
2009,6,26,12,0,27.1,128,0,128,3.8000000000000003,7.8570,6.1870
2009,6,26,12,30,26.900000000000002,429,150,571,3.9000000000000004,35.0807,27.6254
2009,6,26,13,0,26.700000000000003,309,10,318,4.1000000000000005,19.5207,15.3714
2009,6,26,13,30,26.8,40,0,40,4.3,2.4490,1.9282
2009,6,26,14,0,26.8,48,0,48,4.5,2.9257,2.3028
2009,6,26,14,30,27,376,9,383,4.6000000000000005,23.1911,18.2463
2009,6,26,15,0,27.200000000000003,371,22,389,4.800000000000001,23.3423,18.3545
2009,6,26,15,30,27.400000000000002,406,211,564,4.9,33.4396,26.2729
2009,6,26,16,0,27.6,375,122,458,5.1000000000000005,26.7318,20.9791
2009,6,26,16,30,27.6,326,77,373,5.1000000000000005,21.3318,16.7147
2009,6,26,17,0,27.5,276,201,382,5.1000000000000005,21.2766,16.6336
2009,6,26,17,30,27.3,117,567,368,5.2,19.8087,15.4339
2009,6,26,18,0,27.1,188,109,226,5.2,11.6510,9.0311
2009,6,26,18,30,26.6,139,54,154,5.2,7.5579,5.8125
2009,6,26,19,0,26.200000000000003,89,50,98,5.300000000000001,4.6716,3.5608
2009,6,26,19,30,25.8,31,183,48,5.300000000000001,0.0000,0.0000
2009,6,26,20,0,25.400000000000002,0,0,0,5.4,0.0000,0.0000
2009,6,26,20,30,25.1,0,0,0,5.4,0.0000,0.0000
2009,6,26,21,0,24.900000000000002,0,0,0,5.5,0.0000,0.0000
2009,6,26,21,30,24.700000000000003,0,0,0,5.4,0.0000,0.0000
2009,6,26,22,0,24.5,0,0,0,5.4,0.0000,0.0000
2009,6,26,22,30,24.3,0,0,0,5.2,0.0000,0.0000
2009,6,26,23,0,24.200000000000003,0,0,0,5.1000000000000005,0.0000,0.0000
2009,6,26,23,30,24.1,0,0,0,4.800000000000001,0.0000,0.0000
2009,6,27,0,0,24,0,0,0,4.6000000000000005,0.0000,0.0000
2009,6,27,0,30,23.8,0,0,0,4,0.0000,0.0000
2009,6,27,1,0,23.6,0,0,0,3.5,0.0000,0.0000
2009,6,27,1,30,23.400000000000002,0,0,0,3.3000000000000003,0.0000,0.0000
2009,6,27,2,0,23.200000000000003,0,0,0,3.1,0.0000,0.0000
2009,6,27,2,30,23.1,0,0,0,3.1,0.0000,0.0000
2009,6,27,3,0,22.900000000000002,0,0,0,3.1,0.0000,0.0000
2009,6,27,3,30,22.5,0,0,0,2.6,0.0000,0.0000
2009,6,27,4,0,22.1,0,0,0,2.2,0.0000,0.0000
2009,6,27,4,30,21.900000000000002,0,0,0,2.4000000000000004,0.0000,0.0000
2009,6,27,5,0,21.700000000000003,0,0,0,2.7,0.0000,0.0000
2009,6,27,5,30,21.6,18,0,18,3.5,0.0000,0.0000
2009,6,27,6,0,21.5,32,0,32,4.4,1.5258,1.1628
2009,6,27,6,30,21.700000000000003,7,0,7,4.9,0.3430,0.2637
2009,6,27,7,0,21.900000000000002,27,0,27,5.4,1.3896,1.0769
2009,6,27,7,30,22.5,55,0,55,5.6000000000000005,2.9566,2.3033
2009,6,27,8,0,23.1,166,481,418,5.7,23.2578,18.1808
2009,6,27,8,30,23.700000000000003,166,4,169,5.800000000000001,9.6571,7.5664
2009,6,27,9,0,24.3,312,147,411,5.9,23.9739,18.8138
2009,6,27,9,30,24.8,268,465,616,5.800000000000001,36.5044,28.6798
2009,6,27,10,0,25.3,276,506,684,5.800000000000001,41.0286,32.2608
2009,6,27,10,30,25.700000000000003,441,294,693,5.800000000000001,41.9501,33.0049
2009,6,27,11,0,26.1,443,79,513,5.7,31.2616,24.6058
2009,6,27,11,30,26.400000000000002,337,1,338,5.7,20.6913,16.2905
2009,6,27,12,0,26.8,379,3,382,5.6000000000000005,23.4471,18.4632
2009,6,27,12,30,27,340,1,341,5.5,20.9494,16.4973
2009,6,27,13,0,27.3,338,1,339,5.4,20.8092,16.3861
2009,6,27,13,30,27.400000000000002,498,180,664,5.2,40.6538,32.0075
2009,6,27,14,0,27.5,119,884,912,5.1000000000000005,55.5880,43.7535
2009,6,27,14,30,27.5,117,875,867,4.9,52.4986,41.3049
2009,6,27,15,0,27.400000000000002,108,873,813,4.7,48.7857,38.3613
2009,6,27,15,30,27.3,104,855,745,4.4,44.1723,34.7054
2009,6,27,16,0,27.1,100,834,669,4.2,39.0496,30.6462
2009,6,27,16,30,26.700000000000003,95,805,584,3.8000000000000003,33.4016,26.1723
2009,6,27,17,0,26.400000000000002,89,766,493,3.5,27.4620,21.4695
2009,6,27,17,30,25.8,82,718,399,2.8000000000000003,21.4789,16.7354
2009,6,27,18,0,25.200000000000003,72,657,305,2.1,15.7250,12.1892
2009,6,27,18,30,24,61,572,213,1.6,10.4545,8.0402
2009,6,27,19,0,22.8,47,457,128,1.1,6.1017,4.6508
2009,6,27,19,30,21.8,29,288,55,1.1,0.0000,0.0000
2009,6,27,20,0,20.8,0,0,0,1.1,0.0000,0.0000
2009,6,27,20,30,20.3,0,0,0,1.1,0.0000,0.0000
2009,6,27,21,0,19.8,0,0,0,1.2000000000000002,0.0000,0.0000
2009,6,27,21,30,19.3,0,0,0,1.4000000000000001,0.0000,0.0000
2009,6,27,22,0,18.900000000000002,0,0,0,1.6,0.0000,0.0000
2009,6,27,22,30,18.5,0,0,0,2.1,0.0000,0.0000
2009,6,27,23,0,18.2,0,0,0,2.5,0.0000,0.0000
2009,6,27,23,30,17.7,0,0,0,2.9000000000000004,0.0000,0.0000
2009,6,28,0,0,17.3,0,0,0,3.2,0.0000,0.0000
2009,6,28,0,30,16.6,0,0,0,3,0.0000,0.0000
2009,6,28,1,0,15.9,0,0,0,2.8000000000000003,0.0000,0.0000
2009,6,28,1,30,15.200000000000001,0,0,0,2.4000000000000004,0.0000,0.0000
2009,6,28,2,0,14.5,0,0,0,2.1,0.0000,0.0000
2009,6,28,2,30,14,0,0,0,1.9000000000000001,0.0000,0.0000
2009,6,28,3,0,13.5,0,0,0,1.7000000000000002,0.0000,0.0000
2009,6,28,3,30,13.200000000000001,0,0,0,1.6,0.0000,0.0000
2009,6,28,4,0,12.9,0,0,0,1.5,0.0000,0.0000
2009,6,28,4,30,13.3,0,0,0,1.7000000000000002,0.0000,0.0000
2009,6,28,5,0,13.600000000000001,0,0,0,1.8,0.0000,0.0000
2009,6,28,5,30,14.8,28,336,56,2.3000000000000003,0.0000,0.0000
2009,6,28,6,0,16.1,44,524,134,2.9000000000000004,0.0000,0.0000
2009,6,28,6,30,17.2,56,643,224,2.9000000000000004,10.9690,8.4321
2009,6,28,7,0,18.3,65,727,320,2.8000000000000003,16.4593,12.7543
2009,6,28,7,30,20,73,784,417,3.1,22.4053,17.4536
2009,6,28,8,0,21.6,80,828,514,3.3000000000000003,28.5884,22.3470
2009,6,28,8,30,22.700000000000003,86,864,607,3.5,34.6767,27.1689
2009,6,28,9,0,23.8,91,886,692,3.8000000000000003,40.3557,31.6691
2009,6,28,9,30,24.6,95,908,772,3.9000000000000004,45.7409,35.9361
2009,6,28,10,0,25.400000000000002,99,923,842,4,50.4989,39.7070
2009,6,28,10,30,26,102,936,902,4.2,54.5957,42.9537
2009,6,28,11,0,26.5,105,943,950,4.4,57.8875,45.5627
2009,6,28,11,30,27,107,947,982,4.5,60.1113,47.3262
2009,6,28,12,0,27.400000000000002,105,954,1004,4.7,61.6223,48.5236
2009,6,28,12,30,27.700000000000003,106,952,1009,4.800000000000001,61.9857,48.8124
2009,6,28,13,0,28,105,952,1002,4.9,61.5054,48.4318
2009,6,28,13,30,28.200000000000003,104,946,979,4.9,59.9386,47.1908
2009,6,28,14,0,28.400000000000002,102,939,945,4.9,57.5994,45.3367
2009,6,28,14,30,28.5,100,927,895,4.800000000000001,54.1941,42.6389
2009,6,28,15,0,28.5,102,907,835,4.6000000000000005,50.1069,39.4002
2009,6,28,15,30,28.400000000000002,98,890,765,4.4,45.3592,35.6381
2009,6,28,16,0,28.200000000000003,95,864,684,4.1000000000000005,39.9265,31.3344
2009,6,28,16,30,27.8,90,836,598,3.5,34.2038,26.8009
2009,6,28,17,0,27.400000000000002,84,801,506,2.8000000000000003,28.1877,22.0369
2009,6,28,17,30,26.5,76,754,410,2.2,22.0726,17.1981
2009,6,28,18,0,25.6,67,699,316,1.6,16.2922,12.6288
2009,6,28,18,30,24,57,615,221,1.3,10.8471,8.3422
2009,6,28,19,0,22.3,45,497,133,1,6.3400,4.8325
2009,6,28,19,30,21.3,28,322,57,1.1,0.0000,0.0000
2009,6,28,20,0,20.3,0,0,0,1.1,0.0000,0.0000
2009,6,28,20,30,19.900000000000002,0,0,0,1.1,0.0000,0.0000
2009,6,28,21,0,19.5,0,0,0,1.1,0.0000,0.0000
2009,6,28,21,30,19.1,0,0,0,1.1,0.0000,0.0000
2009,6,28,22,0,18.7,0,0,0,1.1,0.0000,0.0000
2009,6,28,22,30,18.2,0,0,0,1.2000000000000002,0.0000,0.0000
2009,6,28,23,0,17.7,0,0,0,1.2000000000000002,0.0000,0.0000
2009,6,28,23,30,17.2,0,0,0,1.2000000000000002,0.0000,0.0000
2009,6,29,0,0,16.7,0,0,0,1.2000000000000002,0.0000,0.0000
2009,6,29,0,30,16.3,0,0,0,1.3,0.0000,0.0000
2009,6,29,1,0,15.9,0,0,0,1.4000000000000001,0.0000,0.0000
2009,6,29,1,30,15.5,0,0,0,1.4000000000000001,0.0000,0.0000
2009,6,29,2,0,15.200000000000001,0,0,0,1.5,0.0000,0.0000
2009,6,29,2,30,14.9,0,0,0,1.6,0.0000,0.0000
2009,6,29,3,0,14.600000000000001,0,0,0,1.7000000000000002,0.0000,0.0000
2009,6,29,3,30,14.3,0,0,0,1.7000000000000002,0.0000,0.0000
2009,6,29,4,0,14,0,0,0,1.7000000000000002,0.0000,0.0000
2009,6,29,4,30,14.3,0,0,0,1.7000000000000002,0.0000,0.0000
2009,6,29,5,0,14.600000000000001,0,0,0,1.7000000000000002,0.0000,0.0000
2009,6,29,5,30,16.1,25,348,55,2.1,0.0000,0.0000
2009,6,29,6,0,17.6,40,540,132,2.5,0.0000,0.0000
2009,6,29,6,30,18.7,51,659,222,2.4000000000000004,10.8644,8.3506
2009,6,29,7,0,19.900000000000002,59,741,318,2.3000000000000003,16.3464,12.6657
2009,6,29,7,30,21.5,66,801,417,2.3000000000000003,22.3942,17.4441
2009,6,29,8,0,23.1,73,839,511,2.3000000000000003,28.4107,22.2073
2009,6,29,8,30,24.200000000000003,78,873,604,2.7,34.4952,27.0260
2009,6,29,9,0,25.3,82,896,689,3,40.1716,31.5241
2009,6,29,9,30,26,86,914,767,3.1,45.4365,35.6966
2009,6,29,10,0,26.700000000000003,90,928,837,3.2,50.1920,39.4653
2009,6,29,10,30,27.3,93,937,894,3.2,54.1055,42.5678
2009,6,29,11,0,27.900000000000002,96,945,941,3.3000000000000003,57.3334,45.1263
2009,6,29,11,30,28.3,97,948,974,3.3000000000000003,59.6174,46.9371
2009,6,29,12,0,28.8,94,959,997,3.3000000000000003,61.1895,48.1826
2009,6,29,12,30,29.1,94,960,1004,3.3000000000000003,61.6755,48.5680
2009,6,29,13,0,29.5,95,954,995,3.3000000000000003,61.0736,48.0917
2009,6,29,13,30,29.6,95,951,975,3.2,59.6925,46.9969
2009,6,29,14,0,29.8,96,942,940,3.2,57.2932,45.0957
2009,6,29,14,30,29.8,94,932,893,3.1,54.0721,42.5429
2009,6,29,15,0,29.900000000000002,91,921,835,2.9000000000000004,50.1069,39.4002
2009,6,29,15,30,29.700000000000003,88,902,764,2.7,45.2999,35.5915
2009,6,29,16,0,29.6,85,879,685,2.5,39.9848,31.3802
2009,6,29,16,30,29.400000000000002,80,853,599,2.2,34.2610,26.8458
2009,6,29,17,0,29.1,76,818,507,1.8,28.2434,22.0804
2009,6,29,17,30,28.400000000000002,70,773,412,1.6,22.1802,17.2820
2009,6,29,18,0,27.700000000000003,63,707,314,1.3,16.1905,12.5501
2009,6,29,18,30,26.3,54,625,220,1,10.7980,8.3045
2009,6,29,19,0,24.8,43,504,132,0.8,6.2923,4.7961
2009,6,29,19,30,24,36,1,36,0.7000000000000001,0.0000,0.0000
2009,6,29,20,0,23.1,0,0,0,0.7000000000000001,0.0000,0.0000
2009,6,29,20,30,22.5,0,0,0,0.7000000000000001,0.0000,0.0000
2009,6,29,21,0,21.900000000000002,0,0,0,0.6000000000000001,0.0000,0.0000
2009,6,29,21,30,21.3,0,0,0,0.7000000000000001,0.0000,0.0000
2009,6,29,22,0,20.700000000000003,0,0,0,0.8,0.0000,0.0000
2009,6,29,22,30,20,0,0,0,0.9,0.0000,0.0000
2009,6,29,23,0,19.3,0,0,0,1.1,0.0000,0.0000
2009,6,29,23,30,18.8,0,0,0,1.2000000000000002,0.0000,0.0000
2009,6,30,0,0,18.3,0,0,0,1.4000000000000001,0.0000,0.0000
2009,6,30,0,30,18.2,0,0,0,1.6,0.0000,0.0000
2009,6,30,1,0,18.1,0,0,0,1.8,0.0000,0.0000
2009,6,30,1,30,17.7,0,0,0,1.6,0.0000,0.0000
2009,6,30,2,0,17.400000000000002,0,0,0,1.5,0.0000,0.0000
2009,6,30,2,30,17,0,0,0,1.6,0.0000,0.0000
2009,6,30,3,0,16.6,0,0,0,1.8,0.0000,0.0000
2009,6,30,3,30,16.1,0,0,0,2,0.0000,0.0000
2009,6,30,4,0,15.5,0,0,0,2.1,0.0000,0.0000
2009,6,30,4,30,15.4,0,0,0,2.4000000000000004,0.0000,0.0000
2009,6,30,5,0,15.200000000000001,0,0,0,2.7,0.0000,0.0000
2009,6,30,5,30,15.9,28,251,49,3,0.0000,0.0000
2009,6,30,6,0,16.5,45,450,122,3.3000000000000003,0.0000,0.0000
2009,6,30,6,30,17.5,59,574,208,3.6,10.1730,7.8182
2009,6,30,7,0,18.5,69,669,302,4,15.5143,12.0200
2009,6,30,7,30,19.3,78,735,398,4.2,21.3632,16.6401
2009,6,30,8,0,20.200000000000003,82,794,496,4.3,27.5662,21.5464
2009,6,30,8,30,21,88,833,590,4.5,33.6857,26.3912
2009,6,30,9,0,21.900000000000002,87,879,682,4.6000000000000005,39.7544,31.1962
2009,6,30,9,30,22.6,91,903,763,4.7,45.1915,35.5037
2009,6,30,10,0,23.3,92,926,837,4.9,50.1850,39.4594
2009,6,30,10,30,23.900000000000002,95,942,899,4.9,54.4012,42.8001
2009,6,30,11,0,24.5,96,956,950,4.9,57.8766,45.5536
2009,6,30,11,30,24.900000000000002,97,962,986,4.9,60.3469,47.5113
2009,6,30,12,0,25.3,94,971,1008,5,61.8608,48.7111
2009,6,30,12,30,25.6,94,972,1016,5,62.4096,49.1460
2009,6,30,13,0,25.900000000000002,94,971,1009,5.1000000000000005,61.9302,48.7662
2009,6,30,13,30,26,94,967,989,5.1000000000000005,60.5478,47.6702
2009,6,30,14,0,26.1,94,956,952,5.1000000000000005,58.0239,45.6707
2009,6,30,14,30,26.1,92,947,904,5.1000000000000005,54.7373,43.0662
2009,6,30,15,0,26.1,90,934,845,5.2,50.7060,39.8712
2009,6,30,15,30,25.900000000000002,87,919,776,5.1000000000000005,46.0114,36.1505
2009,6,30,16,0,25.700000000000003,85,896,696,5,40.6269,31.8842
2009,6,30,16,30,25.200000000000003,80,870,609,4.800000000000001,34.8329,27.2939
2009,6,30,17,0,24.8,77,833,516,4.6000000000000005,28.7447,22.4724
2009,6,30,17,30,24,70,789,420,4,22.6109,17.6175
2009,6,30,18,0,23.3,63,733,324,3.4000000000000004,16.7046,12.9485
2009,6,30,18,30,21.700000000000003,54,653,228,2.7,11.1907,8.6065
2009,6,30,19,0,20.200000000000003,43,533,137,2,6.5308,4.9778
2009,6,30,19,30,19,27,356,59,1.9000000000000001,0.0000,0.0000
2009,6,30,20,0,17.8,0,0,0,1.8,0.0000,0.0000
2009,6,30,20,30,17.400000000000002,0,0,0,1.8,0.0000,0.0000
2009,6,30,21,0,17,0,0,0,1.9000000000000001,0.0000,0.0000
2009,6,30,21,30,16.6,0,0,0,1.9000000000000001,0.0000,0.0000
2009,6,30,22,0,16.3,0,0,0,2,0.0000,0.0000
2009,6,30,22,30,16,0,0,0,2,0.0000,0.0000
2009,6,30,23,0,15.600000000000001,0,0,0,2.1,0.0000,0.0000
2009,6,30,23,30,15.3,0,0,0,2.2,0.0000,0.0000
2009,7,1,0,0,15,0,0,0,2.2,0.0000,0.0000
2009,7,1,0,30,14.700000000000001,0,0,0,2.2,0.0000,0.0000
2009,7,1,1,0,14.3,0,0,0,2.1,0.0000,0.0000
2009,7,1,1,30,14,0,0,0,2.1,0.0000,0.0000
2009,7,1,2,0,13.600000000000001,0,0,0,2,0.0000,0.0000
2009,7,1,2,30,13.3,0,0,0,2,0.0000,0.0000
2009,7,1,3,0,13,0,0,0,1.9000000000000001,0.0000,0.0000
2009,7,1,3,30,12.8,0,0,0,1.9000000000000001,0.0000,0.0000
2009,7,1,4,0,12.5,0,0,0,1.9000000000000001,0.0000,0.0000
2009,7,1,4,30,12.8,0,0,0,1.9000000000000001,0.0000,0.0000
2009,7,1,5,0,13.100000000000001,0,0,0,2,0.0000,0.0000
2009,7,1,5,30,14.200000000000001,26,314,52,2.3000000000000003,0.0000,0.0000
2009,7,1,6,0,15.3,85,19,88,2.6,0.0000,0.0000
2009,7,1,6,30,16.7,56,606,212,2.4000000000000004,10.3614,7.9619
2009,7,1,7,0,18.1,67,681,304,2.2,15.6060,12.0898
2009,7,1,7,30,19.6,76,742,399,2.4000000000000004,21.4047,16.6713
2009,7,1,8,0,21.1,85,784,493,2.6,27.3889,21.4071
2009,7,1,8,30,22,92,819,583,2.6,33.2748,26.0685
2009,7,1,9,0,22.900000000000002,99,843,669,2.7,38.9864,30.5929
2009,7,1,9,30,23.700000000000003,104,864,746,2.7,44.1767,34.7060
2009,7,1,10,0,24.5,110,878,815,2.7,48.8581,38.4157
2009,7,1,10,30,25.200000000000003,113,890,872,2.6,52.7615,41.5097
2009,7,1,11,0,25.900000000000002,115,899,919,2.6,55.9823,44.0624
2009,7,1,11,30,26.400000000000002,117,904,952,2.6,58.2612,45.8690
2009,7,1,12,0,27,116,912,974,2.5,59.7701,47.0646
2009,7,1,12,30,27.3,116,911,979,2.5,60.1334,47.3533
2009,7,1,13,0,27.700000000000003,115,912,974,2.5,59.7794,47.0724
2009,7,1,13,30,27.900000000000002,114,906,951,2.4000000000000004,58.2190,45.8367
2009,7,1,14,0,28.200000000000003,110,901,919,2.3000000000000003,56.0105,44.0859
2009,7,1,14,30,28.200000000000003,108,891,873,2.3000000000000003,52.8595,41.5887
2009,7,1,15,0,28.3,104,880,815,2.2,48.9048,38.4548
2009,7,1,15,30,28.200000000000003,101,862,747,2.1,44.2908,34.7986
2009,7,1,16,0,28.1,97,842,671,2.1,39.1664,30.7378
2009,7,1,16,30,27.8,256,473,543,2,31.0579,24.3360
2009,7,1,17,0,27.400000000000002,87,773,495,1.9000000000000001,27.5749,21.5578
2009,7,1,17,30,26.700000000000003,80,726,401,1.6,21.5880,16.8206
2009,7,1,18,0,26,73,654,305,1.4000000000000001,15.7250,12.1892
2009,7,1,18,30,24.6,62,569,213,1.1,10.4535,8.0394
2009,7,1,19,0,23.1,84,181,116,0.8,5.5298,4.2148
2009,7,1,19,30,22.3,43,17,45,0.9,0.0000,0.0000
2009,7,1,20,0,21.6,0,0,0,0.9,0.0000,0.0000
2009,7,1,20,30,21.1,0,0,0,1,0.0000,0.0000
2009,7,1,21,0,20.700000000000003,0,0,0,1,0.0000,0.0000
2009,7,1,21,30,20.200000000000003,0,0,0,1,0.0000,0.0000
2009,7,1,22,0,19.8,0,0,0,1,0.0000,0.0000
2009,7,1,22,30,19.6,0,0,0,1,0.0000,0.0000
2009,7,1,23,0,19.5,0,0,0,1,0.0000,0.0000
2009,7,1,23,30,19.3,0,0,0,1,0.0000,0.0000
2009,7,2,0,0,19.1,0,0,0,1,0.0000,0.0000
2009,7,2,0,30,18.7,0,0,0,1,0.0000,0.0000
2009,7,2,1,0,18.2,0,0,0,1,0.0000,0.0000
2009,7,2,1,30,18,0,0,0,1,0.0000,0.0000
2009,7,2,2,0,17.7,0,0,0,0.9,0.0000,0.0000
2009,7,2,2,30,17.5,0,0,0,0.9,0.0000,0.0000
2009,7,2,3,0,17.400000000000002,0,0,0,0.9,0.0000,0.0000
2009,7,2,3,30,17.1,0,0,0,0.9,0.0000,0.0000
2009,7,2,4,0,16.8,0,0,0,0.9,0.0000,0.0000
2009,7,2,4,30,17,0,0,0,0.8,0.0000,0.0000
2009,7,2,5,0,17.2,0,0,0,0.7000000000000001,0.0000,0.0000
2009,7,2,5,30,18,31,3,31,0.9,0.0000,0.0000
2009,7,2,6,0,18.900000000000002,46,425,117,1.2000000000000002,0.0000,0.0000
2009,7,2,6,30,19.700000000000003,61,549,202,1.1,9.8658,7.5800
2009,7,2,7,0,20.6,72,640,294,1.1,15.0819,11.6827
2009,7,2,7,30,22.5,81,706,387,1,20.7490,16.1597
2009,7,2,8,0,24.400000000000002,87,762,482,1,26.7660,20.9194
2009,7,2,8,30,25.5,93,799,572,0.7000000000000001,32.6359,25.5673
2009,7,2,9,0,26.5,99,827,657,0.4,38.2771,30.0357
2009,7,2,9,30,27,405,180,539,0.6000000000000001,31.9120,25.0703
2009,7,2,10,0,27.5,407,104,491,0.9,29.4300,23.1397
2009,7,2,10,30,28.200000000000003,429,83,500,1.1,30.2488,23.7978
2009,7,2,11,0,28.8,472,262,705,1.3,42.9413,33.7978
2009,7,2,11,30,29.200000000000003,349,561,866,1.4000000000000001,52.9932,41.7212
2009,7,2,12,0,29.6,480,159,630,1.5,38.6573,30.4396
2009,7,2,12,30,29.8,109,906,967,1.5,59.3924,46.7697
2009,7,2,13,0,29.900000000000002,109,902,959,1.6,58.8557,46.3449
2009,7,2,13,30,29.900000000000002,445,361,779,1.6,47.6870,37.5445
2009,7,2,14,0,29.900000000000002,108,888,904,1.7000000000000002,55.0942,43.3646
2009,7,2,14,30,29.8,420,331,703,1.6,42.5648,33.4890
2009,7,2,15,0,29.700000000000003,432,182,579,1.6,34.7420,27.3183
2009,7,2,15,30,29.6,401,155,517,1.6,30.6530,24.0835
2009,7,2,16,0,29.400000000000002,91,836,661,1.5,38.5814,30.2787
2009,7,2,16,30,29.1,86,808,577,1.5,33.0013,25.8586
2009,7,2,17,0,28.700000000000003,80,773,488,1.4000000000000001,27.1835,21.2517
2009,7,2,17,30,28.200000000000003,74,727,395,1.3,21.2635,16.5676
2009,7,2,18,0,27.700000000000003,65,670,303,1.2000000000000002,15.6192,12.1069
2009,7,2,18,30,26.400000000000002,55,588,211,1,10.3535,7.9622
2009,7,2,19,0,25,85,108,104,0.9,4.9578,3.7788
2009,7,2,19,30,24,27,302,53,0.9,0.0000,0.0000
2009,7,2,20,0,23,0,0,0,1,0.0000,0.0000
2009,7,2,20,30,22.5,0,0,0,1,0.0000,0.0000
2009,7,2,21,0,21.900000000000002,0,0,0,1.1,0.0000,0.0000
2009,7,2,21,30,21.400000000000002,0,0,0,1.1,0.0000,0.0000
2009,7,2,22,0,21,0,0,0,1.1,0.0000,0.0000
2009,7,2,22,30,20.6,0,0,0,1.2000000000000002,0.0000,0.0000
2009,7,2,23,0,20.200000000000003,0,0,0,1.2000000000000002,0.0000,0.0000
2009,7,2,23,30,20,0,0,0,1.3,0.0000,0.0000
2009,7,3,0,0,19.700000000000003,0,0,0,1.3,0.0000,0.0000
2009,7,3,0,30,19.5,0,0,0,1.5,0.0000,0.0000
2009,7,3,1,0,19.3,0,0,0,1.6,0.0000,0.0000
2009,7,3,1,30,19.200000000000003,0,0,0,1.6,0.0000,0.0000
2009,7,3,2,0,19,0,0,0,1.7000000000000002,0.0000,0.0000
2009,7,3,2,30,18.8,0,0,0,1.6,0.0000,0.0000
2009,7,3,3,0,18.7,0,0,0,1.4000000000000001,0.0000,0.0000
2009,7,3,3,30,18.5,0,0,0,1.3,0.0000,0.0000
2009,7,3,4,0,18.3,0,0,0,1.2000000000000002,0.0000,0.0000
2009,7,3,4,30,18.5,0,0,0,1.2000000000000002,0.0000,0.0000
2009,7,3,5,0,18.7,0,0,0,1.2000000000000002,0.0000,0.0000
2009,7,3,5,30,19.400000000000002,15,0,15,1.6,0.0000,0.0000
2009,7,3,6,0,20,18,0,18,2,0.0000,0.0000
2009,7,3,6,30,20.5,81,7,83,2,4.0510,3.1120
2009,7,3,7,0,20.900000000000002,6,0,6,2,0.3076,0.2382
2009,7,3,7,30,21.5,158,15,164,2.1,8.7878,6.8437
2009,7,3,8,0,22.200000000000003,145,5,147,2.2,8.1595,6.3769
2009,7,3,8,30,22.8,61,0,61,2.7,3.4792,2.7256
2009,7,3,9,0,23.5,143,0,143,3.2,8.3290,6.5356
2009,7,3,9,30,23.6,35,0,35,3.4000000000000004,2.0717,1.6275
2009,7,3,10,0,23.6,207,3,209,3.6,12.5249,9.8478
2009,7,3,10,30,23.8,228,0,229,3.6,13.8522,10.8979
2009,7,3,11,0,23.900000000000002,102,0,102,3.6,6.2121,4.8893
2009,7,3,11,30,24.1,332,1,333,3.6,20.3754,16.0413
2009,7,3,12,0,24.3,342,9,351,3.5,21.5359,16.9578
2009,7,3,12,30,24.3,119,0,119,3.5,7.3084,5.7551
2009,7,3,13,0,24.3,176,1,177,3.4000000000000004,10.8622,8.5532
2009,7,3,13,30,24.3,95,0,95,3.4000000000000004,5.8152,4.5784
2009,7,3,14,0,24.3,162,1,163,3.4000000000000004,9.9335,7.8186
2009,7,3,14,30,24.3,255,6,260,3.4000000000000004,15.7416,12.3851
2009,7,3,15,0,24.200000000000003,136,1,137,3.5,8.2202,6.4636
2009,7,3,15,30,24.1,101,0,102,3.5,6.0473,4.7512
2009,7,3,16,0,23.900000000000002,94,0,94,3.6,5.4864,4.3057
2009,7,3,16,30,23.6,83,0,83,3.6,4.7468,3.7194
2009,7,3,17,0,23.3,196,15,203,3.6,11.3067,8.8393
2009,7,3,17,30,22.8,154,1,155,3.6,8.3428,6.5002
2009,7,3,18,0,22.3,64,0,64,3.5,3.2985,2.5567
2009,7,3,18,30,21.700000000000003,41,0,41,3.5,2.0115,1.5468
2009,7,3,19,0,21.200000000000003,62,0,62,3.5,2.9557,2.2527
2009,7,3,19,30,20.8,16,0,16,3.5,0.0000,0.0000
2009,7,3,20,0,20.400000000000002,0,0,0,3.5,0.0000,0.0000
2009,7,3,20,30,20.200000000000003,0,0,0,3.2,0.0000,0.0000
2009,7,3,21,0,20.1,0,0,0,2.8000000000000003,0.0000,0.0000
2009,7,3,21,30,20,0,0,0,2.6,0.0000,0.0000
2009,7,3,22,0,19.900000000000002,0,0,0,2.4000000000000004,0.0000,0.0000
2009,7,3,22,30,19.900000000000002,0,0,0,2.2,0.0000,0.0000
2009,7,3,23,0,19.8,0,0,0,2,0.0000,0.0000
2009,7,3,23,30,19.700000000000003,0,0,0,1.9000000000000001,0.0000,0.0000
2009,7,4,0,0,19.6,0,0,0,1.8,0.0000,0.0000
2009,7,4,0,30,19.5,0,0,0,1.6,0.0000,0.0000
2009,7,4,1,0,19.400000000000002,0,0,0,1.4000000000000001,0.0000,0.0000
2009,7,4,1,30,19.3,0,0,0,1.1,0.0000,0.0000
2009,7,4,2,0,19.1,0,0,0,0.8,0.0000,0.0000
2009,7,4,2,30,19.1,0,0,0,0.7000000000000001,0.0000,0.0000
2009,7,4,3,0,19.1,0,0,0,0.7000000000000001,0.0000,0.0000
2009,7,4,3,30,19,0,0,0,0.9,0.0000,0.0000
2009,7,4,4,0,18.900000000000002,0,0,0,1,0.0000,0.0000
2009,7,4,4,30,18.900000000000002,0,0,0,1.6,0.0000,0.0000
2009,7,4,5,0,19,0,0,0,2.1,0.0000,0.0000
2009,7,4,5,30,19,16,0,16,2.7,0.0000,0.0000
2009,7,4,6,0,19,41,424,111,3.4000000000000004,0.0000,0.0000
2009,7,4,6,30,19.1,54,550,194,3.8000000000000003,9.4613,7.2669
2009,7,4,7,0,19.3,66,631,283,4.3,14.4969,11.2273
2009,7,4,7,30,19.700000000000003,64,0,64,4.6000000000000005,3.4274,2.6690
2009,7,4,8,0,20.1,104,0,104,4.9,5.7698,4.5091
2009,7,4,8,30,20.700000000000003,211,1,212,5.1000000000000005,12.0876,9.4690
2009,7,4,9,0,21.400000000000002,194,0,194,5.300000000000001,11.2966,8.8640
2009,7,4,9,30,22,211,0,211,5.300000000000001,12.4870,9.8096
2009,7,4,10,0,22.5,217,0,217,5.4,13.0023,10.2230
2009,7,4,10,30,23.1,153,0,153,5.4,9.2536,7.2800
2009,7,4,11,0,23.6,116,0,116,5.4,7.0639,5.5597
2009,7,4,11,30,24,99,0,99,5.300000000000001,6.0570,4.7686
2009,7,4,12,0,24.400000000000002,115,0,115,5.2,7.0553,5.5555
2009,7,4,12,30,24.6,87,0,87,5.1000000000000005,5.3427,4.2072
2009,7,4,13,0,24.900000000000002,73,0,73,5.1000000000000005,4.4796,3.5274
2009,7,4,13,30,25,121,0,121,5,7.4063,5.8311
2009,7,4,14,0,25.1,118,0,118,4.9,7.1908,5.6598
2009,7,4,14,30,24.900000000000002,93,0,93,4.800000000000001,5.6303,4.4297
2009,7,4,15,0,24.700000000000003,142,0,143,4.7,8.5797,6.7463
2009,7,4,15,30,24.400000000000002,51,0,51,4.6000000000000005,3.0235,2.3755
2009,7,4,16,0,24,92,0,92,4.5,5.3694,4.2138
2009,7,4,16,30,23.6,94,0,94,4.4,5.3754,4.2119
2009,7,4,17,0,23.200000000000003,124,0,124,4.3,6.9058,5.3988
2009,7,4,17,30,22.6,65,0,66,4.1000000000000005,3.5519,2.7674
2009,7,4,18,0,22,112,1,112,3.9000000000000004,5.7714,4.4734
2009,7,4,18,30,21.3,72,0,72,3.3000000000000003,3.5317,2.7158
2009,7,4,19,0,20.5,88,20,92,2.8000000000000003,4.3861,3.3428
2009,7,4,19,30,19.8,22,0,22,2.4000000000000004,0.0000,0.0000
2009,7,4,20,0,19.1,0,0,0,2,0.0000,0.0000
2009,7,4,20,30,18.7,0,0,0,1.8,0.0000,0.0000
2009,7,4,21,0,18.3,0,0,0,1.7000000000000002,0.0000,0.0000
2009,7,4,21,30,18,0,0,0,1.5,0.0000,0.0000
2009,7,4,22,0,17.7,0,0,0,1.3,0.0000,0.0000
2009,7,4,22,30,17.400000000000002,0,0,0,1.3,0.0000,0.0000
2009,7,4,23,0,17.1,0,0,0,1.2000000000000002,0.0000,0.0000
2009,7,4,23,30,16.8,0,0,0,1.2000000000000002,0.0000,0.0000
2009,7,5,0,0,16.6,0,0,0,1.3,0.0000,0.0000
2009,7,5,0,30,16.400000000000002,0,0,0,1.4000000000000001,0.0000,0.0000
2009,7,5,1,0,16.3,0,0,0,1.5,0.0000,0.0000
2009,7,5,1,30,16.2,0,0,0,1.7000000000000002,0.0000,0.0000
2009,7,5,2,0,16.1,0,0,0,1.8,0.0000,0.0000
2009,7,5,2,30,16,0,0,0,1.9000000000000001,0.0000,0.0000
2009,7,5,3,0,16,0,0,0,2,0.0000,0.0000
2009,7,5,3,30,15.8,0,0,0,2,0.0000,0.0000
2009,7,5,4,0,15.600000000000001,0,0,0,1.9000000000000001,0.0000,0.0000
2009,7,5,4,30,15.8,0,0,0,2.1,0.0000,0.0000
2009,7,5,5,0,16,0,0,0,2.3000000000000003,0.0000,0.0000
2009,7,5,5,30,16.900000000000002,26,211,42,2.5,0.0000,0.0000
2009,7,5,6,0,17.8,47,398,112,2.6,0.0000,0.0000
2009,7,5,6,30,19.1,63,525,196,2.7,9.5515,7.3350
2009,7,5,7,0,20.400000000000002,74,625,288,2.8000000000000003,14.7412,11.4152
2009,7,5,7,30,21.5,84,695,383,2.8000000000000003,20.4976,15.9607
2009,7,5,8,0,22.6,89,753,478,2.8000000000000003,26.5056,20.7130
2009,7,5,8,30,23.5,96,792,569,2.7,32.4301,25.4038
2009,7,5,9,0,24.3,98,830,656,2.6,38.1872,29.9634
2009,7,5,9,30,24.900000000000002,103,853,734,2.5,43.4281,34.1157
2009,7,5,10,0,25.5,106,872,804,2.4000000000000004,48.1654,37.8693
2009,7,5,10,30,25.900000000000002,109,886,863,2.3000000000000003,52.1868,41.0561
2009,7,5,11,0,26.400000000000002,473,154,611,2.2,37.2024,29.2803
2009,7,5,11,30,26.700000000000003,496,241,718,2.1,43.9233,34.5800
2009,7,5,12,0,27,119,901,966,2,59.2592,46.6614
2009,7,5,12,30,27.200000000000003,120,903,974,1.9000000000000001,59.8095,47.0975
2009,7,5,13,0,27.400000000000002,119,903,968,1.9000000000000001,59.3961,46.7699
2009,7,5,13,30,27.400000000000002,118,899,948,1.9000000000000001,58.0224,45.6812
2009,7,5,14,0,27.5,115,892,913,1.9000000000000001,55.6337,43.7888
2009,7,5,14,30,27.5,112,882,867,1.9000000000000001,52.4855,41.2939
2009,7,5,15,0,27.5,111,864,808,1.9000000000000001,48.4752,38.1165
2009,7,5,15,30,27.3,107,846,740,1.9000000000000001,43.8670,34.4651
2009,7,5,16,0,27.1,101,826,664,1.9000000000000001,38.7491,30.4098
2009,7,5,16,30,26.8,95,797,579,1.8,33.1074,25.9413
2009,7,5,17,0,26.5,88,763,489,1.7000000000000002,27.2304,21.2878
2009,7,5,17,30,26,80,714,396,1.5,21.3069,16.6005
2009,7,5,18,0,25.5,71,652,301,1.2000000000000002,15.5066,12.0186
2009,7,5,18,30,24.400000000000002,60,565,209,1,10.2490,7.8808
2009,7,5,19,0,23.3,46,442,123,0.8,5.8643,4.4693
2009,7,5,19,30,22.6,28,264,51,0.8,0.0000,0.0000
2009,7,5,20,0,22,0,0,0,0.8,0.0000,0.0000
2009,7,5,20,30,21.8,0,0,0,0.8,0.0000,0.0000
2009,7,5,21,0,21.5,0,0,0,0.7000000000000001,0.0000,0.0000
2009,7,5,21,30,21.400000000000002,0,0,0,0.6000000000000001,0.0000,0.0000
2009,7,5,22,0,21.3,0,0,0,0.6000000000000001,0.0000,0.0000
2009,7,5,22,30,21.200000000000003,0,0,0,0.5,0.0000,0.0000
2009,7,5,23,0,21,0,0,0,0.5,0.0000,0.0000
2009,7,5,23,30,20.6,0,0,0,0.6000000000000001,0.0000,0.0000
2009,7,6,0,0,20.200000000000003,0,0,0,0.6000000000000001,0.0000,0.0000
2009,7,6,0,30,19.700000000000003,0,0,0,0.7000000000000001,0.0000,0.0000
2009,7,6,1,0,19.3,0,0,0,0.8,0.0000,0.0000
2009,7,6,1,30,18.900000000000002,0,0,0,0.9,0.0000,0.0000
2009,7,6,2,0,18.400000000000002,0,0,0,0.9,0.0000,0.0000
2009,7,6,2,30,18.1,0,0,0,0.9,0.0000,0.0000
2009,7,6,3,0,17.7,0,0,0,0.9,0.0000,0.0000
2009,7,6,3,30,17.3,0,0,0,1,0.0000,0.0000
2009,7,6,4,0,17,0,0,0,1,0.0000,0.0000
2009,7,6,4,30,17.2,0,0,0,1,0.0000,0.0000
2009,7,6,5,0,17.400000000000002,0,0,0,1.1,0.0000,0.0000
2009,7,6,5,30,18.7,26,0,26,1.6,0.0000,0.0000
2009,7,6,6,0,20,46,394,109,2.2,0.0000,0.0000
2009,7,6,6,30,21.1,109,316,188,2.1,9.1547,7.0292
2009,7,6,7,0,22.3,73,623,285,2,14.5745,11.2847
2009,7,6,7,30,23.900000000000002,83,692,379,2.1,20.2703,15.7826
2009,7,6,8,0,25.5,90,746,473,2.1,26.2151,20.4851
2009,7,6,8,30,26.200000000000003,97,785,564,2,32.1327,25.1700
2009,7,6,9,0,27,99,823,650,1.8,37.8266,29.6797
2009,7,6,9,30,27.400000000000002,103,847,729,1.7000000000000002,43.1221,33.8748
2009,7,6,10,0,27.900000000000002,106,867,798,1.6,47.7962,37.5785
2009,7,6,10,30,28.3,109,881,857,1.5,51.8156,40.7636
2009,7,6,11,0,28.6,112,890,905,1.5,55.0963,43.3633
2009,7,6,11,30,29,475,146,608,1.5,37.1902,29.2789
2009,7,6,12,0,29.3,460,61,517,1.5,31.7122,24.9704
2009,7,6,12,30,29.5,476,322,780,1.5,47.8923,37.7130
2009,7,6,13,0,29.700000000000003,366,536,869,1.6,53.3178,41.9834
2009,7,6,13,30,29.700000000000003,493,203,680,1.6,41.6164,32.7646
2009,7,6,14,0,29.8,468,159,610,1.7000000000000002,37.1676,29.2541
2009,7,6,14,30,29.700000000000003,451,153,582,1.7000000000000002,35.2303,27.7179
2009,7,6,15,0,29.700000000000003,96,885,810,1.7000000000000002,48.5913,38.2076
2009,7,6,15,30,29.5,93,870,744,1.7000000000000002,44.1008,34.6486
2009,7,6,16,0,29.400000000000002,88,849,667,1.7000000000000002,38.9204,30.5441
2009,7,6,16,30,29.1,84,822,582,1.6,33.2748,26.0722
2009,7,6,17,0,28.8,77,790,493,1.6,27.4472,21.4568
2009,7,6,17,30,28.400000000000002,70,747,400,1.4000000000000001,21.5176,16.7643
2009,7,6,18,0,27.900000000000002,62,691,306,1.2000000000000002,15.7600,12.2146
2009,7,6,18,30,26.6,52,609,213,1,10.4414,8.0282
2009,7,6,19,0,25.3,41,493,126,0.8,6.0078,4.5784
2009,7,6,19,30,24.3,25,320,53,0.9,0.0000,0.0000
2009,7,6,20,0,23.3,0,0,0,1,0.0000,0.0000
2009,7,6,20,30,22.6,0,0,0,1,0.0000,0.0000
2009,7,6,21,0,21.900000000000002,0,0,0,1.1,0.0000,0.0000
2009,7,6,21,30,21.400000000000002,0,0,0,1.1,0.0000,0.0000
2009,7,6,22,0,20.8,0,0,0,1.1,0.0000,0.0000
2009,7,6,22,30,20.400000000000002,0,0,0,1.2000000000000002,0.0000,0.0000
2009,7,6,23,0,20.1,0,0,0,1.2000000000000002,0.0000,0.0000
2009,7,6,23,30,19.8,0,0,0,1.3,0.0000,0.0000
2009,7,7,0,0,19.6,0,0,0,1.3,0.0000,0.0000
2009,7,7,0,30,19.400000000000002,0,0,0,1.4000000000000001,0.0000,0.0000
2009,7,7,1,0,19.200000000000003,0,0,0,1.5,0.0000,0.0000
2009,7,7,1,30,19,0,0,0,1.6,0.0000,0.0000
2009,7,7,2,0,18.900000000000002,0,0,0,1.7000000000000002,0.0000,0.0000
2009,7,7,2,30,18.7,0,0,0,1.8,0.0000,0.0000
2009,7,7,3,0,18.5,0,0,0,1.9000000000000001,0.0000,0.0000
2009,7,7,3,30,18.3,0,0,0,1.9000000000000001,0.0000,0.0000
2009,7,7,4,0,18,0,0,0,2,0.0000,0.0000
2009,7,7,4,30,18.2,0,0,0,2.2,0.0000,0.0000
2009,7,7,5,0,18.3,0,0,0,2.3000000000000003,0.0000,0.0000
2009,7,7,5,30,19.200000000000003,28,3,28,2.6,0.0000,0.0000
2009,7,7,6,0,20,74,8,75,2.9000000000000004,0.0000,0.0000
2009,7,7,6,30,20.900000000000002,133,38,142,2.7,6.9089,5.3038
2009,7,7,7,0,21.8,66,653,287,2.5,14.6649,11.3534
2009,7,7,7,30,23.3,75,719,382,2.9000000000000004,20.4173,15.8959
2009,7,7,8,0,24.900000000000002,173,456,407,3.3000000000000003,22.5457,17.6169
2009,7,7,8,30,26.200000000000003,179,558,510,3.6,29.0448,22.7505
2009,7,7,9,0,27.5,243,402,511,3.9000000000000004,29.7276,23.3244
2009,7,7,9,30,28.200000000000003,202,603,647,3.9000000000000004,38.2616,30.0561
2009,7,7,10,0,28.900000000000002,205,631,708,3.9000000000000004,42.3969,33.3330
2009,7,7,10,30,29.400000000000002,105,888,858,4,51.8676,40.8041
2009,7,7,11,0,29.8,389,301,656,4,39.9315,31.4276
2009,7,7,11,30,30,109,904,940,4.1000000000000005,57.4913,45.2611
2009,7,7,12,0,30.3,313,510,791,4.1000000000000005,48.5142,38.2002
2009,7,7,12,30,30.3,206,696,863,4,52.9840,41.7223
2009,7,7,13,0,30.3,395,489,854,4,52.3928,41.2549
2009,7,7,13,30,30.1,263,601,818,3.9000000000000004,50.0580,39.4105
2009,7,7,14,0,30,451,312,730,3.8000000000000003,44.4759,35.0062
2009,7,7,14,30,29.8,404,374,723,3.6,43.7620,34.4302
2009,7,7,15,0,29.6,425,237,616,3.4000000000000004,36.9505,29.0542
2009,7,7,15,30,29.200000000000003,100,847,733,3.1,43.4444,34.1327
2009,7,7,16,0,28.900000000000002,97,822,656,2.9000000000000004,38.2748,30.0372
2009,7,7,16,30,28.400000000000002,92,791,571,2.6,32.6405,25.5748
2009,7,7,17,0,28,88,747,480,2.3000000000000003,26.7191,20.8873
2009,7,7,17,30,27.1,80,698,388,1.9000000000000001,20.8662,16.2563
2009,7,7,18,0,26.200000000000003,72,626,293,1.4000000000000001,15.0852,11.6910
2009,7,7,18,30,25.1,61,539,203,1.3,9.9477,7.6481
2009,7,7,19,0,24,46,417,119,1.2000000000000002,0.0000,0.0000
2009,7,7,19,30,23.3,27,247,48,1.3,0.0000,0.0000
2009,7,7,20,0,22.6,0,0,0,1.5,0.0000,0.0000
2009,7,7,20,30,22.3,0,0,0,1.6,0.0000,0.0000
2009,7,7,21,0,22,0,0,0,1.8,0.0000,0.0000
2009,7,7,21,30,21.8,0,0,0,1.9000000000000001,0.0000,0.0000
2009,7,7,22,0,21.5,0,0,0,2.1,0.0000,0.0000
2009,7,7,22,30,21.3,0,0,0,2.2,0.0000,0.0000
2009,7,7,23,0,21.1,0,0,0,2.3000000000000003,0.0000,0.0000
2009,7,7,23,30,20.900000000000002,0,0,0,2.4000000000000004,0.0000,0.0000
2009,7,8,0,0,20.6,0,0,0,2.5,0.0000,0.0000
2009,7,8,0,30,20.400000000000002,0,0,0,2.5,0.0000,0.0000
2009,7,8,1,0,20.200000000000003,0,0,0,2.5,0.0000,0.0000
2009,7,8,1,30,19.900000000000002,0,0,0,2.4000000000000004,0.0000,0.0000
2009,7,8,2,0,19.6,0,0,0,2.3000000000000003,0.0000,0.0000
2009,7,8,2,30,19.3,0,0,0,2.2,0.0000,0.0000
2009,7,8,3,0,18.900000000000002,0,0,0,2,0.0000,0.0000
2009,7,8,3,30,18.7,0,0,0,2,0.0000,0.0000
2009,7,8,4,0,18.400000000000002,0,0,0,2,0.0000,0.0000
2009,7,8,4,30,18.400000000000002,0,0,0,2.3000000000000003,0.0000,0.0000
2009,7,8,5,0,18.5,0,0,0,2.6,0.0000,0.0000
2009,7,8,5,30,19.1,20,0,20,2.8000000000000003,0.0000,0.0000
2009,7,8,6,0,19.700000000000003,48,3,49,2.9000000000000004,0.0000,0.0000
2009,7,8,6,30,20.900000000000002,49,1,49,3.3000000000000003,2.3821,1.8283
2009,7,8,7,0,22.200000000000003,148,81,175,3.7,8.9340,6.9157
2009,7,8,7,30,23.400000000000002,191,301,319,4,17.0376,13.2635
2009,7,8,8,0,24.6,182,433,403,4.2,22.3116,17.4330
2009,7,8,8,30,25.6,306,234,444,4.1000000000000005,25.2751,19.7970
2009,7,8,9,0,26.6,113,784,637,4,37.0465,29.0662
2009,7,8,9,30,27.400000000000002,119,810,715,3.8000000000000003,42.2718,33.2057
2009,7,8,10,0,28.3,123,828,783,3.6,46.8784,36.8560
2009,7,8,10,30,28.900000000000002,127,844,842,3.4000000000000004,50.8920,40.0362
2009,7,8,11,0,29.6,132,850,887,3.2,53.9849,42.4879
2009,7,8,11,30,30.1,134,859,922,3.1,56.3832,44.3884
2009,7,8,12,0,30.5,130,871,946,2.9000000000000004,58.0145,45.6804
2009,7,8,12,30,30.8,130,873,954,2.8000000000000003,58.5650,46.1167
2009,7,8,13,0,31.1,132,867,946,2.7,58.0318,45.6949
2009,7,8,13,30,31.200000000000003,131,863,927,2.5,56.7236,44.6581
2009,7,8,14,0,31.400000000000002,129,856,894,2.4000000000000004,54.4629,42.8666
2009,7,8,14,30,31.3,126,845,849,2.3000000000000003,51.3837,40.4265
2009,7,8,15,0,31.200000000000003,406,103,489,2.3000000000000003,29.3295,23.0617
2009,7,8,15,30,30.900000000000002,110,826,727,2.4000000000000004,43.0833,33.8487
2009,7,8,16,0,30.6,363,190,492,2.5,28.7015,22.5240
2009,7,8,16,30,30,322,86,374,2.7,21.3757,16.7483
2009,7,8,17,0,29.400000000000002,283,92,331,2.8000000000000003,18.4211,14.4002
2009,7,8,17,30,28.5,152,2,153,3,8.2259,6.4084
2009,7,8,18,0,27.5,72,628,293,3.2,15.0799,11.6863
2009,7,8,18,30,26.400000000000002,61,539,202,3.3000000000000003,9.8943,7.6064
2009,7,8,19,0,25.200000000000003,46,417,118,3.5,0.0000,0.0000
2009,7,8,19,30,24.3,33,1,33,3.7,0.0000,0.0000
2009,7,8,20,0,23.3,0,0,0,3.9000000000000004,0.0000,0.0000
2009,7,8,20,30,22.900000000000002,0,0,0,3.9000000000000004,0.0000,0.0000
2009,7,8,21,0,22.400000000000002,0,0,0,3.9000000000000004,0.0000,0.0000
2009,7,8,21,30,22.200000000000003,0,0,0,3.8000000000000003,0.0000,0.0000
2009,7,8,22,0,21.900000000000002,0,0,0,3.7,0.0000,0.0000
2009,7,8,22,30,21.700000000000003,0,0,0,3.6,0.0000,0.0000
2009,7,8,23,0,21.5,0,0,0,3.6,0.0000,0.0000
2009,7,8,23,30,21.3,0,0,0,3.5,0.0000,0.0000
2009,7,9,0,0,21.1,0,0,0,3.5,0.0000,0.0000
2009,7,9,0,30,20.900000000000002,0,0,0,3.5,0.0000,0.0000
2009,7,9,1,0,20.700000000000003,0,0,0,3.5,0.0000,0.0000
2009,7,9,1,30,20.5,0,0,0,3.5,0.0000,0.0000
2009,7,9,2,0,20.3,0,0,0,3.6,0.0000,0.0000
2009,7,9,2,30,20.1,0,0,0,3.6,0.0000,0.0000
2009,7,9,3,0,19.900000000000002,0,0,0,3.7,0.0000,0.0000
2009,7,9,3,30,19.700000000000003,0,0,0,3.7,0.0000,0.0000
2009,7,9,4,0,19.5,0,0,0,3.8000000000000003,0.0000,0.0000
2009,7,9,4,30,19.5,0,0,0,4,0.0000,0.0000
2009,7,9,5,0,19.6,0,0,0,4.1000000000000005,0.0000,0.0000
2009,7,9,5,30,20.200000000000003,24,177,36,4.4,0.0000,0.0000
2009,7,9,6,0,20.900000000000002,47,350,102,4.6000000000000005,0.0000,0.0000
2009,7,9,6,30,22,65,477,182,4.6000000000000005,8.8405,6.7842
2009,7,9,7,0,23,83,556,269,4.5,13.7204,10.6194
2009,7,9,7,30,24.1,206,139,264,4.4,14.0897,10.9677
2009,7,9,8,0,25.200000000000003,243,80,284,4.4,15.7152,12.2784
2009,7,9,8,30,26,272,119,342,4.4,19.4602,15.2419
2009,7,9,9,0,26.8,329,61,370,4.5,21.5111,16.8769
2009,7,9,9,30,27.400000000000002,313,59,356,4.5,21.0417,16.5285
2009,7,9,10,0,28,361,127,462,4.6000000000000005,27.6543,21.7416
2009,7,9,10,30,28.5,450,135,565,4.7,34.1434,26.8600
2009,7,9,11,0,29,136,838,879,4.7,53.4903,42.0982
2009,7,9,11,30,29.5,138,846,914,4.7,55.8868,43.9973
2009,7,9,12,0,30,437,410,821,4.7,50.3427,39.6394
2009,7,9,12,30,30.3,470,132,594,4.7,36.4613,28.7111
2009,7,9,13,0,30.700000000000003,508,180,676,4.7,41.4647,32.6496
2009,7,9,13,30,30.8,445,49,490,4.7,29.9806,23.6033
2009,7,9,14,0,30.900000000000002,475,251,699,4.7,42.5796,33.5133
2009,7,9,14,30,30.8,441,121,544,4.6000000000000005,32.9212,25.9008
2009,7,9,15,0,30.8,429,133,537,4.6000000000000005,32.2053,25.3227
2009,7,9,15,30,30.700000000000003,277,1,278,4.5,16.4727,12.9418
2009,7,9,16,0,30.5,362,188,490,4.4,28.5811,22.4293
2009,7,9,16,30,30.1,318,74,363,4.1000000000000005,20.7435,16.2527
2009,7,9,17,0,29.6,282,126,348,3.9000000000000004,19.3619,15.1353
2009,7,9,17,30,28.900000000000002,94,642,376,3.6,20.2095,15.7437
2009,7,9,18,0,28.200000000000003,173,186,239,3.3000000000000003,12.2952,9.5278
2009,7,9,18,30,27.3,132,107,160,3.2,7.8336,6.0217
2009,7,9,19,0,26.400000000000002,52,353,112,3.1,0.0000,0.0000
2009,7,9,19,30,25.700000000000003,29,0,29,3.1,0.0000,0.0000
2009,7,9,20,0,25.1,0,0,0,3.2,0.0000,0.0000
2009,7,9,20,30,24.700000000000003,0,0,0,3.2,0.0000,0.0000
2009,7,9,21,0,24.3,0,0,0,3.2,0.0000,0.0000
2009,7,9,21,30,24.1,0,0,0,3,0.0000,0.0000
2009,7,9,22,0,23.8,0,0,0,2.9000000000000004,0.0000,0.0000
2009,7,9,22,30,23.6,0,0,0,2.7,0.0000,0.0000
2009,7,9,23,0,23.5,0,0,0,2.6,0.0000,0.0000
2009,7,9,23,30,23.3,0,0,0,2.3000000000000003,0.0000,0.0000
2009,7,10,0,0,23.200000000000003,0,0,0,2.1,0.0000,0.0000
2009,7,10,0,30,23,0,0,0,1.7000000000000002,0.0000,0.0000
2009,7,10,1,0,22.8,0,0,0,1.4000000000000001,0.0000,0.0000
2009,7,10,1,30,22.6,0,0,0,1.2000000000000002,0.0000,0.0000
2009,7,10,2,0,22.3,0,0,0,0.9,0.0000,0.0000
2009,7,10,2,30,22.200000000000003,0,0,0,0.8,0.0000,0.0000
2009,7,10,3,0,22,0,0,0,0.6000000000000001,0.0000,0.0000
2009,7,10,3,30,21.8,0,0,0,0.6000000000000001,0.0000,0.0000
2009,7,10,4,0,21.6,0,0,0,0.6000000000000001,0.0000,0.0000
2009,7,10,4,30,21.8,0,0,0,0.7000000000000001,0.0000,0.0000
2009,7,10,5,0,21.900000000000002,0,0,0,0.7000000000000001,0.0000,0.0000
2009,7,10,5,30,22.6,16,0,16,1.2000000000000002,0.0000,0.0000
2009,7,10,6,0,23.200000000000003,53,263,94,1.6,0.0000,0.0000
2009,7,10,6,30,23.900000000000002,77,390,172,1.8,8.3473,6.4044
2009,7,10,7,0,24.6,78,0,78,1.9000000000000001,3.9748,3.0760
2009,7,10,7,30,25.400000000000002,113,559,349,2.1,18.6124,14.4871
2009,7,10,8,0,26.200000000000003,101,0,101,2.3000000000000003,5.5854,4.3636
2009,7,10,8,30,26.8,107,0,107,2.4000000000000004,6.0858,4.7664
2009,7,10,9,0,27.400000000000002,367,118,445,2.6,25.8627,20.2905
2009,7,10,9,30,27.700000000000003,403,121,491,2.8000000000000003,29.0133,22.7899
2009,7,10,10,0,28.1,168,733,751,2.9000000000000004,44.9430,35.3332
2009,7,10,10,30,28.5,466,188,625,3,37.7624,29.7066
2009,7,10,11,0,29,178,764,855,3.1,52.0215,40.9419
2009,7,10,11,30,29.3,181,773,889,3,54.3505,42.7875
2009,7,10,12,0,29.5,466,80,541,3,33.1695,26.1172
2009,7,10,12,30,29.700000000000003,246,0,246,2.8000000000000003,15.0984,11.8890
2009,7,10,13,0,29.900000000000002,176,0,176,2.6,10.7945,8.4996
2009,7,10,13,30,29.900000000000002,202,0,202,2.5,12.3580,9.7293
2009,7,10,14,0,30,294,1,294,2.3000000000000003,17.9072,14.0942
2009,7,10,14,30,29.8,312,1,313,2.2,18.9397,14.9007
2009,7,10,15,0,29.6,442,103,525,2.1,31.4818,24.7537
2009,7,10,15,30,29.3,346,128,441,2,26.1278,20.5272
2009,7,10,16,0,29,314,24,330,1.9000000000000001,19.2454,15.1028
2009,7,10,16,30,28.5,221,1,222,2,12.6835,9.9374
2009,7,10,17,0,28,242,20,252,2.1,14.0169,10.9568
2009,7,10,17,30,27.200000000000003,222,155,289,2.4000000000000004,15.5268,12.0952
2009,7,10,18,0,26.5,171,60,192,2.7,9.8721,7.6495
2009,7,10,18,30,25.400000000000002,121,26,127,3.1,6.2147,4.7767
2009,7,10,19,0,24.400000000000002,69,156,96,3.5,0.0000,0.0000
2009,7,10,19,30,23.3,27,0,27,3.8000000000000003,0.0000,0.0000
2009,7,10,20,0,22.3,0,0,0,4.2,0.0000,0.0000
2009,7,10,20,30,21.5,0,0,0,4.3,0.0000,0.0000
2009,7,10,21,0,20.6,0,0,0,4.4,0.0000,0.0000
2009,7,10,21,30,20,0,0,0,4.4,0.0000,0.0000
2009,7,10,22,0,19.5,0,0,0,4.3,0.0000,0.0000
2009,7,10,22,30,19.1,0,0,0,4.2,0.0000,0.0000
2009,7,10,23,0,18.7,0,0,0,4.1000000000000005,0.0000,0.0000
2009,7,10,23,30,18.400000000000002,0,0,0,3.8000000000000003,0.0000,0.0000
2009,7,11,0,0,18.2,0,0,0,3.5,0.0000,0.0000
2009,7,11,0,30,17.900000000000002,0,0,0,3.2,0.0000,0.0000
2009,7,11,1,0,17.6,0,0,0,2.9000000000000004,0.0000,0.0000
2009,7,11,1,30,17.3,0,0,0,2.6,0.0000,0.0000
2009,7,11,2,0,17,0,0,0,2.4000000000000004,0.0000,0.0000
2009,7,11,2,30,16.8,0,0,0,2.3000000000000003,0.0000,0.0000
2009,7,11,3,0,16.6,0,0,0,2.1,0.0000,0.0000
2009,7,11,3,30,16.400000000000002,0,0,0,2.1,0.0000,0.0000
2009,7,11,4,0,16.2,0,0,0,2,0.0000,0.0000
2009,7,11,4,30,16.400000000000002,0,0,0,2.2,0.0000,0.0000
2009,7,11,5,0,16.6,0,0,0,2.4000000000000004,0.0000,0.0000
2009,7,11,5,30,17.400000000000002,18,0,18,2.7,0.0000,0.0000
2009,7,11,6,0,18.3,41,2,42,3,0.0000,0.0000
2009,7,11,6,30,19.5,39,0,39,3.2,1.8912,1.4507
2009,7,11,7,0,20.700000000000003,148,32,158,3.3000000000000003,8.0435,6.2238
2009,7,11,7,30,22,155,427,334,3.7,17.7979,13.8519
2009,7,11,8,0,23.3,87,748,466,4.1000000000000005,25.7553,20.1206
2009,7,11,8,30,24.200000000000003,192,517,496,4.4,28.1982,22.0841
2009,7,11,9,0,25.1,278,235,434,4.7,25.2139,19.7810
2009,7,11,9,30,25.700000000000003,321,219,482,4.6000000000000005,28.4732,22.3651
2009,7,11,10,0,26.400000000000002,351,216,522,4.4,31.2314,24.5532
2009,7,11,10,30,26.5,270,542,727,4.5,43.9165,34.5474
2009,7,11,11,0,26.6,428,195,600,4.6000000000000005,36.5005,28.7263
2009,7,11,11,30,26.400000000000002,397,280,653,4.5,39.9166,31.4241
2009,7,11,12,0,26.200000000000003,472,175,635,4.5,38.9280,30.6511
2009,7,11,12,30,26.200000000000003,424,44,466,4.4,28.5979,22.5188
2009,7,11,13,0,26.200000000000003,348,456,776,4.3,47.5882,37.4707
2009,7,11,13,30,26.3,418,302,696,4.1000000000000005,42.5757,33.5189
2009,7,11,14,0,26.3,487,196,662,4,40.3170,31.7321
2009,7,11,14,30,26.400000000000002,154,0,154,3.8000000000000003,9.3175,7.3305
2009,7,11,15,0,26.400000000000002,64,0,64,3.6,3.8372,3.0171
2009,7,11,15,30,26.200000000000003,354,46,388,3.4000000000000004,22.9843,18.0572
2009,7,11,16,0,26,117,777,643,3.2,37.4921,29.4215
2009,7,11,16,30,25.6,110,745,559,3,31.9292,25.0159
2009,7,11,17,0,25.200000000000003,102,706,471,2.8000000000000003,26.1911,20.4726
2009,7,11,17,30,24.700000000000003,93,653,379,2.7,20.3549,15.8557
2009,7,11,18,0,24.1,82,586,286,2.5,14.6989,11.3889
2009,7,11,18,30,23.1,68,493,196,2.2,9.5861,7.3672
2009,7,11,19,0,22.1,50,370,113,1.9000000000000001,0.0000,0.0000
2009,7,11,19,30,21.3,31,0,31,1.9000000000000001,0.0000,0.0000
2009,7,11,20,0,20.5,0,0,0,1.9000000000000001,0.0000,0.0000
2009,7,11,20,30,20.200000000000003,0,0,0,2,0.0000,0.0000
2009,7,11,21,0,19.900000000000002,0,0,0,2.1,0.0000,0.0000
2009,7,11,21,30,19.700000000000003,0,0,0,2.1,0.0000,0.0000
2009,7,11,22,0,19.5,0,0,0,2.1,0.0000,0.0000
2009,7,11,22,30,19.3,0,0,0,2,0.0000,0.0000
2009,7,11,23,0,19.1,0,0,0,2,0.0000,0.0000
2009,7,11,23,30,19,0,0,0,2,0.0000,0.0000
2009,7,12,0,0,18.900000000000002,0,0,0,1.9000000000000001,0.0000,0.0000
2009,7,12,0,30,18.900000000000002,0,0,0,1.9000000000000001,0.0000,0.0000
2009,7,12,1,0,18.8,0,0,0,1.9000000000000001,0.0000,0.0000
2009,7,12,1,30,18.7,0,0,0,1.8,0.0000,0.0000
2009,7,12,2,0,18.6,0,0,0,1.7000000000000002,0.0000,0.0000
2009,7,12,2,30,18.5,0,0,0,1.6,0.0000,0.0000
2009,7,12,3,0,18.400000000000002,0,0,0,1.6,0.0000,0.0000
2009,7,12,3,30,18.5,0,0,0,1.7000000000000002,0.0000,0.0000
2009,7,12,4,0,18.6,0,0,0,1.8,0.0000,0.0000
2009,7,12,4,30,18.8,0,0,0,1.9000000000000001,0.0000,0.0000
2009,7,12,5,0,19,0,0,0,2,0.0000,0.0000
2009,7,12,5,30,19.400000000000002,5,0,5,2.2,0.0000,0.0000
2009,7,12,6,0,19.8,11,0,11,2.4000000000000004,0.0000,0.0000
2009,7,12,6,30,20.400000000000002,25,0,25,2.6,1.2112,0.9290
2009,7,12,7,0,21,76,2,77,2.7,3.9160,3.0297
2009,7,12,7,30,22,129,13,134,2.9000000000000004,7.1351,5.5527
2009,7,12,8,0,23,187,25,200,3,11.0474,8.6300
2009,7,12,8,30,23.900000000000002,196,1,196,3,11.1374,8.7222
2009,7,12,9,0,24.900000000000002,262,3,265,2.9000000000000004,15.3903,12.0738
2009,7,12,9,30,25.6,401,185,536,2.6,31.6538,24.8629
2009,7,12,10,0,26.200000000000003,419,102,500,2.2,29.9083,23.5125
2009,7,12,10,30,26.5,27,0,27,1.7000000000000002,1.6307,1.2828
2009,7,12,11,0,26.8,292,1,293,1.2000000000000002,17.8213,14.0254
2009,7,12,11,30,26.900000000000002,435,32,464,1.1,28.3594,22.3255
2009,7,12,12,0,27.1,449,46,492,1,30.1573,23.7451
2009,7,12,12,30,27,159,819,929,1.4000000000000001,57.0041,44.8864
2009,7,12,13,0,26.900000000000002,310,542,817,1.8,50.0970,39.4459
2009,7,12,13,30,26.6,317,501,778,2,47.5863,37.4634
2009,7,12,14,0,26.3,294,488,730,2.2,44.4532,34.9873
2009,7,12,14,30,26.200000000000003,295,498,719,2.2,43.4964,34.2201
2009,7,12,15,0,26,217,555,663,2.1,39.7459,31.2510
2009,7,12,15,30,26,136,770,709,1.9000000000000001,41.9921,32.9900
2009,7,12,16,0,26,127,749,635,1.8,37.0184,29.0494
2009,7,12,16,30,25.900000000000002,326,160,422,1.4000000000000001,24.0979,18.8798
2009,7,12,17,0,25.8,202,5,204,1.1,11.3402,8.8639
2009,7,12,17,30,25.700000000000003,168,402,344,0.8,18.4660,14.3835
2009,7,12,18,0,25.6,83,574,283,0.5,14.5357,11.2615
2009,7,12,18,30,25.200000000000003,69,482,193,0.4,9.4336,7.2491
2009,7,12,19,0,24.900000000000002,50,364,111,0.30000000000000004,0.0000,0.0000
2009,7,12,19,30,24.1,28,194,43,0.5,0.0000,0.0000
2009,7,12,20,0,23.200000000000003,0,0,0,0.8,0.0000,0.0000
2009,7,12,20,30,22.5,0,0,0,0.8,0.0000,0.0000
2009,7,12,21,0,21.700000000000003,0,0,0,0.9,0.0000,0.0000
2009,7,12,21,30,21.3,0,0,0,0.8,0.0000,0.0000
2009,7,12,22,0,20.900000000000002,0,0,0,0.8,0.0000,0.0000
2009,7,12,22,30,20.6,0,0,0,0.8,0.0000,0.0000
2009,7,12,23,0,20.3,0,0,0,0.8,0.0000,0.0000
2009,7,12,23,30,20,0,0,0,0.8,0.0000,0.0000
2009,7,13,0,0,19.700000000000003,0,0,0,0.9,0.0000,0.0000
2009,7,13,0,30,19.5,0,0,0,1,0.0000,0.0000
2009,7,13,1,0,19.200000000000003,0,0,0,1.1,0.0000,0.0000
2009,7,13,1,30,19.1,0,0,0,1.2000000000000002,0.0000,0.0000
2009,7,13,2,0,19,0,0,0,1.3,0.0000,0.0000
2009,7,13,2,30,18.900000000000002,0,0,0,1.2000000000000002,0.0000,0.0000
2009,7,13,3,0,18.8,0,0,0,1.1,0.0000,0.0000
2009,7,13,3,30,18.6,0,0,0,1,0.0000,0.0000
2009,7,13,4,0,18.5,0,0,0,0.9,0.0000,0.0000
2009,7,13,4,30,18.7,0,0,0,1.1,0.0000,0.0000
2009,7,13,5,0,19,0,0,0,1.2000000000000002,0.0000,0.0000
2009,7,13,5,30,19.6,21,1,21,1.6,0.0000,0.0000
2009,7,13,6,0,20.200000000000003,56,7,57,2,0.0000,0.0000
2009,7,13,6,30,21.1,109,231,164,2.1,7.9384,6.0869
2009,7,13,7,0,22,156,100,189,2.2,9.6023,7.4279
2009,7,13,7,30,22.900000000000002,187,98,228,2.3000000000000003,12.1304,9.4393
2009,7,13,8,0,23.8,231,108,286,2.4000000000000004,15.7878,12.3323
2009,7,13,8,30,24.5,232,362,444,2.5,25.2173,19.7480
2009,7,13,9,0,25.200000000000003,282,296,478,2.5,27.7502,21.7695
2009,7,13,9,30,25.700000000000003,395,178,525,2.6,30.9950,24.3450
2009,7,13,10,0,26.200000000000003,422,217,594,2.7,35.5220,27.9253
2009,7,13,10,30,26.700000000000003,455,187,613,2.7,37.0151,29.1176
2009,7,13,11,0,27.1,472,169,622,2.8000000000000003,37.8256,29.7685
2009,7,13,11,30,27.400000000000002,472,147,606,2.8000000000000003,37.0326,29.1531
2009,7,13,12,0,27.6,511,179,679,2.9000000000000004,41.6140,32.7655
2009,7,13,12,30,27.8,365,2,367,2.9000000000000004,22.5166,17.7300
2009,7,13,13,0,27.900000000000002,463,69,528,2.9000000000000004,32.3718,25.4891
2009,7,13,13,30,28,434,24,457,2.8000000000000003,27.9488,22.0031
2009,7,13,14,0,28.1,405,14,417,2.8000000000000003,25.3899,19.9831
2009,7,13,14,30,28.1,429,77,494,2.9000000000000004,29.8806,23.5078
2009,7,13,15,0,28.1,435,136,544,2.9000000000000004,32.6068,25.6375
2009,7,13,15,30,27.8,131,784,714,3,42.2807,33.2163
2009,7,13,16,0,27.6,345,70,393,3.1,22.9053,17.9742
2009,7,13,16,30,27.1,330,124,405,3.2,23.1203,18.1135
2009,7,13,17,0,26.6,108,685,465,3.4000000000000004,25.8391,20.1961
2009,7,13,17,30,25.900000000000002,223,36,239,3.4000000000000004,12.8241,9.9885
2009,7,13,18,0,25.3,84,570,282,3.5,14.4753,11.2137
2009,7,13,18,30,24.5,69,477,192,3.4000000000000004,9.3790,7.2062
2009,7,13,19,0,23.6,50,358,110,3.3000000000000003,0.0000,0.0000
2009,7,13,19,30,22.900000000000002,28,0,28,3.3000000000000003,0.0000,0.0000
2009,7,13,20,0,22.3,0,0,0,3.2,0.0000,0.0000
2009,7,13,20,30,22,0,0,0,3.1,0.0000,0.0000
2009,7,13,21,0,21.6,0,0,0,3,0.0000,0.0000
2009,7,13,21,30,21.5,0,0,0,3,0.0000,0.0000
2009,7,13,22,0,21.3,0,0,0,3,0.0000,0.0000
2009,7,13,22,30,21.3,0,0,0,3,0.0000,0.0000
2009,7,13,23,0,21.200000000000003,0,0,0,3.1,0.0000,0.0000
2009,7,13,23,30,21.1,0,0,0,3.1,0.0000,0.0000
2009,7,14,0,0,21,0,0,0,3.2,0.0000,0.0000
2009,7,14,0,30,21,0,0,0,3.3000000000000003,0.0000,0.0000
2009,7,14,1,0,21,0,0,0,3.3000000000000003,0.0000,0.0000
2009,7,14,1,30,21,0,0,0,3.4000000000000004,0.0000,0.0000
2009,7,14,2,0,21,0,0,0,3.5,0.0000,0.0000
2009,7,14,2,30,21,0,0,0,3.5,0.0000,0.0000
2009,7,14,3,0,20.900000000000002,0,0,0,3.5,0.0000,0.0000
2009,7,14,3,30,20.8,0,0,0,3.5,0.0000,0.0000
2009,7,14,4,0,20.700000000000003,0,0,0,3.4000000000000004,0.0000,0.0000
2009,7,14,4,30,20.6,0,0,0,3.2,0.0000,0.0000
2009,7,14,5,0,20.5,0,0,0,3,0.0000,0.0000
2009,7,14,5,30,20.8,15,0,15,3.2,0.0000,0.0000
2009,7,14,6,0,21,43,2,44,3.3000000000000003,0.0000,0.0000
2009,7,14,6,30,21.8,36,0,36,3.8000000000000003,1.7411,1.3348
2009,7,14,7,0,22.5,110,15,115,4.2,5.8368,4.5144
2009,7,14,7,30,23.400000000000002,116,7,119,4.7,6.3255,4.9217
2009,7,14,8,0,24.400000000000002,208,304,361,5.2,19.9152,15.5554
2009,7,14,8,30,25.3,226,28,242,5.300000000000001,13.7378,10.7578
2009,7,14,9,0,26.3,260,3,262,5.4,15.2040,11.9269
2009,7,14,9,30,27.200000000000003,216,0,216,5.300000000000001,12.7484,10.0130
2009,7,14,10,0,28.1,168,0,169,5.1000000000000005,10.1038,7.9429
2009,7,14,10,30,28.900000000000002,245,0,245,5,14.7910,11.6350
2009,7,14,11,0,29.700000000000003,143,822,868,4.800000000000001,52.7763,41.5341
2009,7,14,11,30,30.400000000000002,145,831,903,4.7,55.1731,43.4334
2009,7,14,12,0,31.1,125,866,931,4.6000000000000005,57.0497,44.9186
2009,7,14,12,30,31.6,125,867,939,4.4,57.6024,45.3567
2009,7,14,13,0,32.1,124,867,934,4.3,57.2563,45.0824
2009,7,14,13,30,32.300000000000004,123,862,914,4.2,55.8898,43.9998
2009,7,14,14,0,32.6,124,851,881,4.1000000000000005,53.6338,42.2122
2009,7,14,14,30,32.6,308,574,796,3.8000000000000003,48.1407,37.8732
2009,7,14,15,0,32.7,276,1,277,3.6,16.6004,13.0521
2009,7,14,15,30,32.4,264,1,265,3.3000000000000003,15.6892,12.3255
2009,7,14,16,0,32.1,353,86,411,3,23.9482,18.7921
2009,7,14,16,30,31.5,323,147,411,2.9000000000000004,23.4559,18.3759
2009,7,14,17,0,30.900000000000002,105,684,461,2.8000000000000003,25.6069,20.0140
2009,7,14,17,30,30.1,96,632,370,2.9000000000000004,19.8418,15.4535
2009,7,14,18,0,29.200000000000003,81,576,280,3,14.3624,11.1252
2009,7,14,18,30,27.8,68,487,192,3,9.3725,7.2002
2009,7,14,19,0,26.400000000000002,82,103,99,3,0.0000,0.0000
2009,7,14,19,30,25.1,32,1,32,3,0.0000,0.0000
2009,7,14,20,0,23.8,0,0,0,2.9000000000000004,0.0000,0.0000
2009,7,14,20,30,22.900000000000002,0,0,0,2.6,0.0000,0.0000
2009,7,14,21,0,22,0,0,0,2.3000000000000003,0.0000,0.0000
2009,7,14,21,30,21.3,0,0,0,2,0.0000,0.0000
2009,7,14,22,0,20.700000000000003,0,0,0,1.6,0.0000,0.0000
2009,7,14,22,30,20.200000000000003,0,0,0,1.5,0.0000,0.0000
2009,7,14,23,0,19.8,0,0,0,1.3,0.0000,0.0000
2009,7,14,23,30,19.400000000000002,0,0,0,1.2000000000000002,0.0000,0.0000
2009,7,15,0,0,18.900000000000002,0,0,0,1.2000000000000002,0.0000,0.0000
2009,7,15,0,30,18.5,0,0,0,1.2000000000000002,0.0000,0.0000
2009,7,15,1,0,18.2,0,0,0,1.3,0.0000,0.0000
2009,7,15,1,30,18,0,0,0,1.6,0.0000,0.0000
2009,7,15,2,0,17.900000000000002,0,0,0,1.9000000000000001,0.0000,0.0000
2009,7,15,2,30,17.8,0,0,0,2.2,0.0000,0.0000
2009,7,15,3,0,17.7,0,0,0,2.5,0.0000,0.0000
2009,7,15,3,30,17.400000000000002,0,0,0,2.7,0.0000,0.0000
2009,7,15,4,0,17.2,0,0,0,2.9000000000000004,0.0000,0.0000
2009,7,15,4,30,17.1,0,0,0,3.3000000000000003,0.0000,0.0000
2009,7,15,5,0,17.1,0,0,0,3.6,0.0000,0.0000
2009,7,15,5,30,17.7,23,2,23,4.1000000000000005,0.0000,0.0000
2009,7,15,6,0,18.2,68,29,72,4.5,0.0000,0.0000
2009,7,15,6,30,19.1,91,388,182,5.1000000000000005,8.7943,6.7404
2009,7,15,7,0,20,58,688,281,5.6000000000000005,14.2465,11.0169
2009,7,15,7,30,20.900000000000002,66,754,378,5.5,20.0760,15.6191
2009,7,15,8,0,21.700000000000003,187,388,381,5.5,21.0037,16.4045
2009,7,15,8,30,22.6,124,629,490,5.300000000000001,27.8025,21.7707
2009,7,15,9,0,23.5,80,873,654,5.1000000000000005,37.9376,29.7596
2009,7,15,9,30,24.3,84,895,735,4.9,43.3660,34.0603
2009,7,15,10,0,25,87,910,804,4.7,48.0556,37.7773
2009,7,15,10,30,25.700000000000003,89,923,864,4.5,52.1493,41.0217
2009,7,15,11,0,26.400000000000002,92,930,911,4.3,55.3802,43.5829
2009,7,15,11,30,26.900000000000002,93,934,944,4.1000000000000005,57.6685,45.3974
2009,7,15,12,0,27.400000000000002,94,936,965,3.9000000000000004,59.1246,46.5519
2009,7,15,12,30,27.8,94,936,971,3.7,59.5568,46.8953
2009,7,15,13,0,28.200000000000003,96,932,965,3.6,59.1483,46.5717
2009,7,15,13,30,28.400000000000002,95,926,944,3.5,57.7162,45.4372
2009,7,15,14,0,28.700000000000003,98,912,909,3.4000000000000004,55.3304,43.5472
2009,7,15,14,30,28.700000000000003,96,903,864,3.3000000000000003,52.2447,41.1015
2009,7,15,15,0,28.8,99,880,803,3.2,48.1143,37.8296
2009,7,15,15,30,28.5,95,862,735,3.1,43.5064,34.1783
2009,7,15,16,0,28.3,92,838,657,3,38.2733,30.0325
2009,7,15,16,30,27.900000000000002,87,811,573,2.8000000000000003,32.6902,25.6096
2009,7,15,17,0,27.6,280,133,349,2.6,19.3772,15.1443
2009,7,15,17,30,26.8,210,239,313,2.2,16.7767,13.0656
2009,7,15,18,0,26.1,152,336,268,1.7000000000000002,13.7371,10.6398
2009,7,15,18,30,24.400000000000002,117,229,175,1.4000000000000001,8.5368,6.5573
2009,7,15,19,0,22.700000000000003,78,133,99,1,0.0000,0.0000
2009,7,15,19,30,21.8,30,1,30,1.1,0.0000,0.0000
2009,7,15,20,0,20.8,0,0,0,1.2000000000000002,0.0000,0.0000
2009,7,15,20,30,20.400000000000002,0,0,0,1.2000000000000002,0.0000,0.0000
2009,7,15,21,0,20.1,0,0,0,1.2000000000000002,0.0000,0.0000
2009,7,15,21,30,19.8,0,0,0,1.2000000000000002,0.0000,0.0000
2009,7,15,22,0,19.5,0,0,0,1.1,0.0000,0.0000
2009,7,15,22,30,19.1,0,0,0,1,0.0000,0.0000
2009,7,15,23,0,18.8,0,0,0,1,0.0000,0.0000
2009,7,15,23,30,18.5,0,0,0,1,0.0000,0.0000
2009,7,16,0,0,18.2,0,0,0,1.1,0.0000,0.0000
2009,7,16,0,30,18,0,0,0,1.1,0.0000,0.0000
2009,7,16,1,0,17.8,0,0,0,1.2000000000000002,0.0000,0.0000
2009,7,16,1,30,17.6,0,0,0,1.2000000000000002,0.0000,0.0000
2009,7,16,2,0,17.400000000000002,0,0,0,1.3,0.0000,0.0000
2009,7,16,2,30,17.1,0,0,0,1.3,0.0000,0.0000
2009,7,16,3,0,16.900000000000002,0,0,0,1.3,0.0000,0.0000
2009,7,16,3,30,16.6,0,0,0,1.3,0.0000,0.0000
2009,7,16,4,0,16.400000000000002,0,0,0,1.2000000000000002,0.0000,0.0000
2009,7,16,4,30,16.6,0,0,0,1.1,0.0000,0.0000
2009,7,16,5,0,16.8,0,0,0,1.1,0.0000,0.0000
2009,7,16,5,30,17.900000000000002,21,2,21,1.5,0.0000,0.0000
2009,7,16,6,0,19.1,27,0,27,1.9000000000000001,0.0000,0.0000
2009,7,16,6,30,19.8,16,0,16,2,0.7724,0.5919
2009,7,16,7,0,20.5,28,0,28,2.2,1.4180,1.0964
2009,7,16,7,30,21.6,12,0,12,3,0.6368,0.4953
2009,7,16,8,0,22.700000000000003,14,0,14,3.7,0.7713,0.6024
2009,7,16,8,30,22.6,13,0,13,4.3,0.7372,0.5772
2009,7,16,9,0,22.5,31,0,31,4.9,1.7975,1.4100
2009,7,16,9,30,21.8,38,0,38,4.3,2.2413,1.7603
2009,7,16,10,0,21.1,59,0,59,3.8000000000000003,3.5256,2.7714
2009,7,16,10,30,20.200000000000003,367,38,398,3.5,24.0167,18.8917
2009,7,16,11,0,19.400000000000002,260,551,745,3.2,45.2803,35.6340
2009,7,16,11,30,19.1,353,446,758,3.4000000000000004,46.2980,36.4460
2009,7,16,12,0,18.8,139,859,937,3.5,57.3996,45.1933
2009,7,16,12,30,19.1,140,862,948,3.6,58.1376,45.7774
2009,7,16,13,0,19.3,132,874,947,3.8000000000000003,58.0362,45.6957
2009,7,16,13,30,19.6,131,872,929,4.1000000000000005,56.7911,44.7085
2009,7,16,14,0,20,119,884,903,4.3,54.9566,43.2525
2009,7,16,14,30,20.400000000000002,116,876,859,4.6000000000000005,51.9331,40.8559
2009,7,16,15,0,20.900000000000002,101,885,809,4.9,48.4650,38.1048
2009,7,16,15,30,21.3,98,870,742,5,43.9105,34.4952
2009,7,16,16,0,21.6,88,864,670,5.2,39.0190,30.6170
2009,7,16,16,30,21.6,83,838,585,5.1000000000000005,33.3634,26.1363
2009,7,16,17,0,21.6,74,815,496,5.1000000000000005,27.5267,21.5127
2009,7,16,17,30,21.1,68,771,401,4.7,21.4796,16.7269
2009,7,16,18,0,20.700000000000003,58,724,307,4.3,15.7249,12.1782
2009,7,16,18,30,19.5,49,639,211,3.6,10.2851,7.8988
2009,7,16,19,0,18.3,37,527,123,3,0.0000,0.0000
2009,7,16,19,30,17.400000000000002,22,337,47,2.9000000000000004,0.0000,0.0000
2009,7,16,20,0,16.400000000000002,0,0,0,2.7,0.0000,0.0000
2009,7,16,20,30,15.9,0,0,0,2.7,0.0000,0.0000
2009,7,16,21,0,15.4,0,0,0,2.6,0.0000,0.0000
2009,7,16,21,30,14.700000000000001,0,0,0,2.3000000000000003,0.0000,0.0000
2009,7,16,22,0,14,0,0,0,2,0.0000,0.0000
2009,7,16,22,30,13.4,0,0,0,1.8,0.0000,0.0000
2009,7,16,23,0,12.8,0,0,0,1.5,0.0000,0.0000
2009,7,16,23,30,12.4,0,0,0,1.4000000000000001,0.0000,0.0000
2009,7,17,0,0,12.100000000000001,0,0,0,1.3,0.0000,0.0000
2009,7,17,0,30,11.8,0,0,0,1.4000000000000001,0.0000,0.0000
2009,7,17,1,0,11.5,0,0,0,1.4000000000000001,0.0000,0.0000
2009,7,17,1,30,11.3,0,0,0,1.6,0.0000,0.0000
2009,7,17,2,0,11.100000000000001,0,0,0,1.7000000000000002,0.0000,0.0000
2009,7,17,2,30,11,0,0,0,1.9000000000000001,0.0000,0.0000
2009,7,17,3,0,10.9,0,0,0,2.1,0.0000,0.0000
2009,7,17,3,30,10.8,0,0,0,2.2,0.0000,0.0000
2009,7,17,4,0,10.700000000000001,0,0,0,2.4000000000000004,0.0000,0.0000
2009,7,17,4,30,10.9,0,0,0,2.7,0.0000,0.0000
2009,7,17,5,0,11.100000000000001,0,0,0,3,0.0000,0.0000
2009,7,17,5,30,12.100000000000001,19,243,32,3.3000000000000003,0.0000,0.0000
2009,7,17,6,0,13.100000000000001,37,469,103,3.6,0.0000,0.0000
2009,7,17,6,30,14.5,51,610,191,3.7,9.2124,7.0575
2009,7,17,7,0,16,61,705,287,3.8000000000000003,14.5186,11.2236
2009,7,17,7,30,17.3,69,772,386,4.3,20.4650,15.9185
2009,7,17,8,0,18.6,75,826,485,4.800000000000001,26.7008,20.8514
2009,7,17,8,30,19.3,80,860,578,4.9,32.7614,25.6515
2009,7,17,9,0,19.900000000000002,83,893,668,5.1000000000000005,38.7171,30.3691
2009,7,17,9,30,20.400000000000002,87,912,748,5.1000000000000005,44.1041,34.6383
2009,7,17,10,0,20.900000000000002,90,930,820,5.1000000000000005,48.9856,38.5069
2009,7,17,10,30,21.400000000000002,93,943,882,5.2,53.2111,41.8556
2009,7,17,11,0,21.8,94,950,929,5.2,56.4519,44.4251
2009,7,17,11,30,22.200000000000003,96,957,966,5.300000000000001,58.9917,46.4380
2009,7,17,12,0,22.5,104,951,987,5.300000000000001,60.4525,47.5965
2009,7,17,12,30,22.700000000000003,104,949,993,5.300000000000001,60.8878,47.9425
2009,7,17,13,0,23,106,946,987,5.4,60.4784,47.6181
2009,7,17,13,30,23.1,105,942,967,5.300000000000001,59.1044,46.5292
2009,7,17,14,0,23.1,104,935,933,5.300000000000001,56.7726,44.6813
2009,7,17,14,30,23.1,102,925,886,5.300000000000001,53.5558,42.1320
2009,7,17,15,0,23.1,96,917,828,5.2,49.5920,38.9904
2009,7,17,15,30,22.900000000000002,93,900,759,5.1000000000000005,44.9061,35.2767
2009,7,17,16,0,22.700000000000003,90,876,679,4.9,39.5314,31.0183
2009,7,17,16,30,22.400000000000002,85,848,591,4.7,33.6927,26.3934
2009,7,17,17,0,22,79,812,498,4.5,27.6238,21.5876
2009,7,17,17,30,21.400000000000002,72,764,401,4,21.4656,16.7149
2009,7,17,18,0,20.700000000000003,64,701,303,3.6,15.5075,12.0085
2009,7,17,18,30,19.200000000000003,54,612,207,2.7,10.0816,7.7411
2009,7,17,19,0,17.7,41,479,118,1.9000000000000001,0.0000,0.0000
2009,7,17,19,30,16.7,23,283,44,1.7000000000000002,0.0000,0.0000
2009,7,17,20,0,15.600000000000001,0,0,0,1.6,0.0000,0.0000
2009,7,17,20,30,15.200000000000001,0,0,0,1.5,0.0000,0.0000
2009,7,17,21,0,14.8,0,0,0,1.4000000000000001,0.0000,0.0000
2009,7,17,21,30,14.4,0,0,0,1.4000000000000001,0.0000,0.0000
2009,7,17,22,0,14.100000000000001,0,0,0,1.4000000000000001,0.0000,0.0000
2009,7,17,22,30,13.8,0,0,0,1.4000000000000001,0.0000,0.0000
2009,7,17,23,0,13.600000000000001,0,0,0,1.5,0.0000,0.0000
2009,7,17,23,30,13.5,0,0,0,1.5,0.0000,0.0000
2009,7,18,0,0,13.3,0,0,0,1.6,0.0000,0.0000
2009,7,18,0,30,13.100000000000001,0,0,0,1.6,0.0000,0.0000
2009,7,18,1,0,13,0,0,0,1.7000000000000002,0.0000,0.0000
2009,7,18,1,30,12.8,0,0,0,1.7000000000000002,0.0000,0.0000
2009,7,18,2,0,12.700000000000001,0,0,0,1.7000000000000002,0.0000,0.0000
2009,7,18,2,30,12.5,0,0,0,1.7000000000000002,0.0000,0.0000
2009,7,18,3,0,12.3,0,0,0,1.7000000000000002,0.0000,0.0000
2009,7,18,3,30,12,0,0,0,1.6,0.0000,0.0000
2009,7,18,4,0,11.600000000000001,0,0,0,1.5,0.0000,0.0000
2009,7,18,4,30,11.700000000000001,0,0,0,1.7000000000000002,0.0000,0.0000
2009,7,18,5,0,11.8,0,0,0,1.8,0.0000,0.0000
2009,7,18,5,30,13,18,206,29,2.3000000000000003,0.0000,0.0000
2009,7,18,6,0,14.100000000000001,38,424,96,2.8000000000000003,0.0000,0.0000
2009,7,18,6,30,15.600000000000001,52,567,181,2.6,8.7227,6.6808
2009,7,18,7,0,17,63,668,276,2.4000000000000004,13.9466,10.7797
2009,7,18,7,30,18.7,72,738,373,2.8000000000000003,19.7560,15.3652
2009,7,18,8,0,20.3,79,791,470,3.2,25.8565,20.1907
2009,7,18,8,30,21,85,830,564,3.4000000000000004,31.9504,25.0153
2009,7,18,9,0,21.700000000000003,91,859,652,3.7,37.7737,29.6282
2009,7,18,9,30,22.200000000000003,96,882,734,3.8000000000000003,43.2631,33.9770
2009,7,18,10,0,22.700000000000003,99,901,806,3.9000000000000004,48.1356,37.8380
2009,7,18,10,30,23.200000000000003,102,915,867,3.9000000000000004,52.2935,41.1332
2009,7,18,11,0,23.6,105,926,917,4,55.7110,43.8415
2009,7,18,11,30,24,502,179,664,4,40.5417,31.9139
2009,7,18,12,0,24.3,100,948,978,4,59.8912,47.1541
2009,7,18,12,30,24.6,100,949,987,4,60.5098,47.6444
2009,7,18,13,0,24.8,99,950,982,4,60.1627,47.3691
2009,7,18,13,30,24.8,496,166,647,4,39.5390,31.1263
2009,7,18,14,0,24.900000000000002,97,940,929,4,56.5195,44.4816
2009,7,18,14,30,24.8,95,928,880,4,53.1827,41.8380
2009,7,18,15,0,24.8,94,913,821,3.9000000000000004,49.1627,38.6523
2009,7,18,15,30,24.5,90,896,752,3.8000000000000003,44.4803,34.9416
2009,7,18,16,0,24.3,86,875,673,3.7,39.1703,30.7343
2009,7,18,16,30,23.900000000000002,81,847,586,3.5,33.3947,26.1591
2009,7,18,17,0,23.5,77,807,493,3.4000000000000004,27.3327,21.3591
2009,7,18,17,30,22.8,71,760,396,2.9000000000000004,21.1841,16.4945
2009,7,18,18,0,22,64,692,299,2.4000000000000004,15.2891,11.8378
2009,7,18,18,30,20.400000000000002,53,604,204,1.8,9.9271,7.6212
2009,7,18,19,0,18.7,40,470,115,1.2000000000000002,0.0000,0.0000
2009,7,18,19,30,17.7,23,275,42,1.1,0.0000,0.0000
2009,7,18,20,0,16.7,0,0,0,1.1,0.0000,0.0000
2009,7,18,20,30,16.400000000000002,0,0,0,1.1,0.0000,0.0000
2009,7,18,21,0,16,0,0,0,1,0.0000,0.0000
2009,7,18,21,30,15.8,0,0,0,1,0.0000,0.0000
2009,7,18,22,0,15.600000000000001,0,0,0,1,0.0000,0.0000
2009,7,18,22,30,15.5,0,0,0,1,0.0000,0.0000
2009,7,18,23,0,15.4,0,0,0,0.9,0.0000,0.0000
2009,7,18,23,30,15.4,0,0,0,0.9,0.0000,0.0000
2009,7,19,0,0,15.3,0,0,0,0.8,0.0000,0.0000
2009,7,19,0,30,15.3,0,0,0,0.7000000000000001,0.0000,0.0000
2009,7,19,1,0,15.4,0,0,0,0.6000000000000001,0.0000,0.0000
2009,7,19,1,30,15.200000000000001,0,0,0,0.4,0.0000,0.0000
2009,7,19,2,0,15,0,0,0,0.30000000000000004,0.0000,0.0000
2009,7,19,2,30,14.700000000000001,0,0,0,0.30000000000000004,0.0000,0.0000
2009,7,19,3,0,14.4,0,0,0,0.2,0.0000,0.0000
2009,7,19,3,30,14.100000000000001,0,0,0,0.30000000000000004,0.0000,0.0000
2009,7,19,4,0,13.700000000000001,0,0,0,0.4,0.0000,0.0000
2009,7,19,4,30,13.5,0,0,0,0.4,0.0000,0.0000
2009,7,19,5,0,13.3,0,0,0,0.5,0.0000,0.0000
2009,7,19,5,30,14.100000000000001,18,207,28,0.7000000000000001,0.0000,0.0000
2009,7,19,6,0,14.9,37,418,94,0.9,0.0000,0.0000
2009,7,19,6,30,16.3,52,560,179,0.9,8.6186,6.5995
2009,7,19,7,0,17.7,64,655,272,1,13.7293,10.6098
2009,7,19,7,30,19.5,74,726,369,0.9,19.5260,15.1847
2009,7,19,8,0,21.3,81,779,465,0.9,25.5631,19.9602
2009,7,19,8,30,22.3,88,820,559,0.7000000000000001,31.6482,24.7775
2009,7,19,9,0,23.3,91,853,647,0.6000000000000001,37.4681,29.3875
2009,7,19,9,30,24.1,95,877,728,0.6000000000000001,42.8951,33.6872
2009,7,19,10,0,24.900000000000002,98,895,798,0.5,47.6443,37.4511
2009,7,19,10,30,25.5,101,907,857,0.6000000000000001,51.6777,40.6482
2009,7,19,11,0,26.200000000000003,103,917,906,0.6000000000000001,55.0311,43.3059
2009,7,19,11,30,26.700000000000003,105,922,941,0.7000000000000001,57.4431,45.2180
2009,7,19,12,0,27.3,431,428,827,0.8,50.6351,39.8660
2009,7,19,12,30,27.700000000000003,107,922,968,1,59.3350,46.7189
2009,7,19,13,0,28.1,109,915,959,1.1,58.7433,46.2510
2009,7,19,13,30,28.3,427,411,802,1.3,49.0031,38.5763
2009,7,19,14,0,28.5,434,360,753,1.4000000000000001,45.8032,36.0474
2009,7,19,14,30,28.5,409,364,716,1.6,43.2628,34.0337
2009,7,19,15,0,28.400000000000002,121,842,791,1.8,47.3545,37.2300
2009,7,19,15,30,28.200000000000003,116,822,722,1.9000000000000001,42.6935,33.5373
2009,7,19,16,0,28,113,791,643,2,37.4118,29.3538
2009,7,19,16,30,27.6,106,759,558,2.1,31.7853,24.8976
2009,7,19,17,0,27.3,101,710,466,2.2,25.8213,20.1770
2009,7,19,17,30,26.400000000000002,232,66,260,2.1,13.8986,10.8210
2009,7,19,18,0,25.6,139,396,273,2,13.9471,10.7974
2009,7,19,18,30,24.400000000000002,113,291,185,2.1,8.9951,6.9043
2009,7,19,19,0,23.1,79,36,84,2.2,0.0000,0.0000
2009,7,19,19,30,22.3,23,1,24,2.7,0.0000,0.0000
2009,7,19,20,0,21.6,0,0,0,3.2,0.0000,0.0000
2009,7,19,20,30,21.1,0,0,0,3.7,0.0000,0.0000
2009,7,19,21,0,20.5,0,0,0,4.1000000000000005,0.0000,0.0000
2009,7,19,21,30,20,0,0,0,4.1000000000000005,0.0000,0.0000
2009,7,19,22,0,19.6,0,0,0,4.2,0.0000,0.0000
2009,7,19,22,30,19.3,0,0,0,3.9000000000000004,0.0000,0.0000
2009,7,19,23,0,18.900000000000002,0,0,0,3.7,0.0000,0.0000
2009,7,19,23,30,18.8,0,0,0,3.6,0.0000,0.0000
2009,7,20,0,0,18.8,0,0,0,3.4000000000000004,0.0000,0.0000
2009,7,20,0,30,18.8,0,0,0,3.4000000000000004,0.0000,0.0000
2009,7,20,1,0,18.8,0,0,0,3.4000000000000004,0.0000,0.0000
2009,7,20,1,30,18.7,0,0,0,3.5,0.0000,0.0000
2009,7,20,2,0,18.6,0,0,0,3.6,0.0000,0.0000
2009,7,20,2,30,18.400000000000002,0,0,0,3.5,0.0000,0.0000
2009,7,20,3,0,18.3,0,0,0,3.5,0.0000,0.0000
2009,7,20,3,30,18.1,0,0,0,3.5,0.0000,0.0000
2009,7,20,4,0,17.900000000000002,0,0,0,3.6,0.0000,0.0000
2009,7,20,4,30,17.8,0,0,0,3.6,0.0000,0.0000
2009,7,20,5,0,17.6,0,0,0,3.6,0.0000,0.0000
2009,7,20,5,30,17.8,8,0,8,3.7,0.0000,0.0000
2009,7,20,6,0,17.900000000000002,22,0,22,3.8000000000000003,0.0000,0.0000
2009,7,20,6,30,18.2,4,0,4,4,0.1924,0.1473
2009,7,20,7,0,18.5,62,2,63,4.1000000000000005,3.1761,2.4540
2009,7,20,7,30,19.1,16,0,16,4.5,0.8459,0.6577
2009,7,20,8,0,19.700000000000003,220,324,379,4.800000000000001,20.8190,16.2547
2009,7,20,8,30,20.400000000000002,158,6,162,5.1000000000000005,9.1667,7.1763
2009,7,20,9,0,21.1,119,1,120,5.4,6.9460,5.4478
2009,7,20,9,30,21.6,103,0,103,5.5,6.0668,4.7643
2009,7,20,10,0,22.1,323,4,326,5.6000000000000005,19.4577,15.2945
2009,7,20,10,30,22.700000000000003,226,3,228,5.7,13.7449,10.8112
2009,7,20,11,0,23.200000000000003,71,0,71,5.7,4.3116,3.3929
2009,7,20,11,30,23.8,126,0,126,5.6000000000000005,7.6901,6.0534
2009,7,20,12,0,24.3,125,0,125,5.4,7.6520,6.0245
2009,7,20,12,30,24.700000000000003,40,0,40,5.4,2.4514,1.9302
2009,7,20,13,0,25,213,1,214,5.4,13.1062,10.3189
2009,7,20,13,30,25,207,1,208,5.4,12.7066,10.0028
2009,7,20,14,0,25,168,1,169,5.300000000000001,10.2778,8.0886
2009,7,20,14,30,24.400000000000002,127,0,128,5.1000000000000005,7.7325,6.0828
2009,7,20,15,0,23.8,58,0,58,4.800000000000001,3.4715,2.7292
2009,7,20,15,30,23,53,0,53,4.5,3.1331,2.4611
2009,7,20,16,0,22.1,253,2,254,4.1000000000000005,14.7731,11.5908
2009,7,20,16,30,21.400000000000002,32,0,32,3.6,1.8220,1.4271
2009,7,20,17,0,20.6,203,38,222,3.2,12.2942,9.6063
2009,7,20,17,30,20,27,0,27,2.6,1.4422,1.1227
2009,7,20,18,0,19.400000000000002,10,0,10,2.1,0.5104,0.3951
2009,7,20,18,30,19,7,0,7,1.8,0.3400,0.2610
2009,7,20,19,0,18.6,8,0,8,1.5,0.0000,0.0000
2009,7,20,19,30,18.400000000000002,24,85,30,1.7000000000000002,0.0000,0.0000
2009,7,20,20,0,18.2,0,0,0,1.8,0.0000,0.0000
2009,7,20,20,30,18.1,0,0,0,2,0.0000,0.0000
2009,7,20,21,0,18,0,0,0,2.2,0.0000,0.0000
2009,7,20,21,30,17.8,0,0,0,2.1,0.0000,0.0000
2009,7,20,22,0,17.6,0,0,0,2,0.0000,0.0000
2009,7,20,22,30,17.3,0,0,0,1.8,0.0000,0.0000
2009,7,20,23,0,17,0,0,0,1.5,0.0000,0.0000
2009,7,20,23,30,16.8,0,0,0,1.2000000000000002,0.0000,0.0000
2009,7,21,0,0,16.5,0,0,0,0.8,0.0000,0.0000
2009,7,21,0,30,16.2,0,0,0,0.7000000000000001,0.0000,0.0000
2009,7,21,1,0,16,0,0,0,0.6000000000000001,0.0000,0.0000
2009,7,21,1,30,15.9,0,0,0,0.5,0.0000,0.0000
2009,7,21,2,0,15.700000000000001,0,0,0,0.4,0.0000,0.0000
2009,7,21,2,30,15.600000000000001,0,0,0,0.5,0.0000,0.0000
2009,7,21,3,0,15.5,0,0,0,0.6000000000000001,0.0000,0.0000
2009,7,21,3,30,15.4,0,0,0,0.7000000000000001,0.0000,0.0000
2009,7,21,4,0,15.3,0,0,0,0.9,0.0000,0.0000
2009,7,21,4,30,15.5,0,0,0,1.2000000000000002,0.0000,0.0000
2009,7,21,5,0,15.8,0,0,0,1.5,0.0000,0.0000
2009,7,21,5,30,16.5,17,80,20,2,0.0000,0.0000
2009,7,21,6,0,17.2,45,275,81,2.6,0.0000,0.0000
2009,7,21,6,30,17.8,60,0,60,3,2.8840,2.2073
2009,7,21,7,0,18.400000000000002,45,0,45,3.3000000000000003,2.2659,1.7504
2009,7,21,7,30,19,77,0,77,3.6,4.0666,3.1617
2009,7,21,8,0,19.700000000000003,72,0,72,3.9000000000000004,3.9522,3.0855
2009,7,21,8,30,20.700000000000003,67,0,67,4.1000000000000005,3.7889,2.9660
2009,7,21,9,0,21.6,128,0,128,4.3,7.4056,5.8081
2009,7,21,9,30,22.6,219,0,220,4.5,12.9530,10.1720
2009,7,21,10,0,23.5,410,102,489,4.7,29.1775,22.9342
2009,7,21,10,30,24.1,466,194,627,4.7,37.7893,29.7230
2009,7,21,11,0,24.700000000000003,107,915,906,4.800000000000001,55.0061,43.2850
2009,7,21,11,30,25,109,922,943,4.7,57.5416,45.2943
2009,7,21,12,0,25.400000000000002,106,933,967,4.7,59.1847,46.5963
2009,7,21,12,30,25.6,106,935,976,4.5,59.8032,47.0864
2009,7,21,13,0,25.8,104,933,969,4.4,59.3341,46.7152
2009,7,21,13,30,25.900000000000002,103,930,949,4.3,57.9628,45.6285
2009,7,21,14,0,26,99,926,917,4.2,55.7564,43.8794
2009,7,21,14,30,25.900000000000002,97,917,870,4.1000000000000005,52.5443,41.3340
2009,7,21,15,0,25.900000000000002,440,197,596,4,35.6626,28.0370
2009,7,21,15,30,25.8,390,254,576,3.8000000000000003,34.0405,26.7390
2009,7,21,16,0,25.700000000000003,352,244,514,3.7,29.8840,23.4461
2009,7,21,16,30,25.400000000000002,83,832,575,3.5,32.7239,25.6308
2009,7,21,17,0,25.1,79,791,482,3.3000000000000003,26.6762,20.8427
2009,7,21,17,30,24.400000000000002,72,742,386,2.7,20.6008,16.0362
2009,7,21,18,0,23.700000000000003,65,671,289,2,14.7352,11.4042
2009,7,21,18,30,22.200000000000003,54,580,195,1.5,9.4635,7.2608
2009,7,21,19,0,20.6,40,446,108,1,0.0000,0.0000
2009,7,21,19,30,20.1,21,249,37,0.9,0.0000,0.0000
2009,7,21,20,0,19.6,0,0,0,0.9,0.0000,0.0000
2009,7,21,20,30,19.5,0,0,0,0.9,0.0000,0.0000
2009,7,21,21,0,19.400000000000002,0,0,0,0.8,0.0000,0.0000
2009,7,21,21,30,19.400000000000002,0,0,0,0.7000000000000001,0.0000,0.0000
2009,7,21,22,0,19.400000000000002,0,0,0,0.6000000000000001,0.0000,0.0000
2009,7,21,22,30,19.200000000000003,0,0,0,0.6000000000000001,0.0000,0.0000
2009,7,21,23,0,19,0,0,0,0.6000000000000001,0.0000,0.0000
2009,7,21,23,30,18.3,0,0,0,0.8,0.0000,0.0000
2009,7,22,0,0,17.6,0,0,0,0.9,0.0000,0.0000
2009,7,22,0,30,17,0,0,0,1,0.0000,0.0000
2009,7,22,1,0,16.5,0,0,0,1.1,0.0000,0.0000
2009,7,22,1,30,16,0,0,0,1.1,0.0000,0.0000
2009,7,22,2,0,15.5,0,0,0,1.1,0.0000,0.0000
2009,7,22,2,30,15.3,0,0,0,1.1,0.0000,0.0000
2009,7,22,3,0,15,0,0,0,1.1,0.0000,0.0000
2009,7,22,3,30,14.8,0,0,0,1.1,0.0000,0.0000
2009,7,22,4,0,14.5,0,0,0,1.1,0.0000,0.0000
2009,7,22,4,30,14.600000000000001,0,0,0,1.1,0.0000,0.0000
2009,7,22,5,0,14.700000000000001,0,0,0,1.1,0.0000,0.0000
2009,7,22,5,30,16.2,16,143,22,1.5,0.0000,0.0000
2009,7,22,6,0,17.7,38,359,84,1.9000000000000001,0.0000,0.0000
2009,7,22,6,30,18.7,55,509,166,1.8,7.9721,6.1000
2009,7,22,7,0,19.700000000000003,69,607,257,1.7000000000000002,12.9253,9.9829
2009,7,22,7,30,21.6,215,47,233,1.6,12.2929,9.5564
2009,7,22,8,0,23.5,88,735,446,1.5,24.4622,19.0963
2009,7,22,8,30,24.700000000000003,96,776,538,1.6,30.4069,23.8022
2009,7,22,9,0,26,101,811,626,1.6,36.2012,28.3908
2009,7,22,9,30,26.8,106,835,704,1.7000000000000002,41.4345,32.5375
2009,7,22,10,0,27.5,108,859,776,1.7000000000000002,46.2877,36.3825
2009,7,22,10,30,28.1,112,872,836,1.8,50.3722,39.6194
2009,7,22,11,0,28.700000000000003,114,885,885,1.9000000000000001,53.7188,42.2714
2009,7,22,11,30,29.1,115,891,919,2,56.0651,44.1315
2009,7,22,12,0,29.5,113,901,944,2.1,57.7651,45.4780
2009,7,22,12,30,29.700000000000003,113,901,951,2.1,58.2601,45.8709
2009,7,22,13,0,29.900000000000002,119,892,944,2.2,57.7923,45.5007
2009,7,22,13,30,29.8,118,886,923,2.2,56.3638,44.3693
2009,7,22,14,0,29.700000000000003,118,876,890,2.3000000000000003,54.1029,42.5776
2009,7,22,14,30,29.5,339,22,357,2.2,21.5562,16.9570
2009,7,22,15,0,29.3,249,527,666,2.2,39.8403,31.3208
2009,7,22,15,30,29.1,186,584,614,2.1,36.2737,28.4925
2009,7,22,16,0,28.8,300,29,320,2,18.5973,14.5904
2009,7,22,16,30,28.400000000000002,263,59,298,1.8,16.9506,13.2759
2009,7,22,17,0,28,199,337,371,1.6,20.5189,16.0308
2009,7,22,17,30,27.200000000000003,80,696,373,1.4000000000000001,19.8909,15.4821
2009,7,22,18,0,26.400000000000002,69,629,279,1.1,14.2098,10.9959
2009,7,22,18,30,24.900000000000002,57,536,187,0.9,9.0666,6.9547
2009,7,22,19,0,23.400000000000002,41,410,103,0.7000000000000001,0.0000,0.0000
2009,7,22,19,30,22.400000000000002,21,217,34,0.7000000000000001,0.0000,0.0000
2009,7,22,20,0,21.400000000000002,0,0,0,0.8,0.0000,0.0000
2009,7,22,20,30,20.900000000000002,0,0,0,0.8,0.0000,0.0000
2009,7,22,21,0,20.5,0,0,0,0.9,0.0000,0.0000
2009,7,22,21,30,20,0,0,0,1.1,0.0000,0.0000
2009,7,22,22,0,19.5,0,0,0,1.3,0.0000,0.0000
2009,7,22,22,30,19.1,0,0,0,1.5,0.0000,0.0000
2009,7,22,23,0,18.6,0,0,0,1.6,0.0000,0.0000
2009,7,22,23,30,18.3,0,0,0,1.7000000000000002,0.0000,0.0000
2009,7,23,0,0,17.900000000000002,0,0,0,1.8,0.0000,0.0000
2009,7,23,0,30,17.5,0,0,0,1.7000000000000002,0.0000,0.0000
2009,7,23,1,0,17.1,0,0,0,1.7000000000000002,0.0000,0.0000
2009,7,23,1,30,16.7,0,0,0,1.6,0.0000,0.0000
2009,7,23,2,0,16.3,0,0,0,1.6,0.0000,0.0000
2009,7,23,2,30,15.9,0,0,0,1.5,0.0000,0.0000
2009,7,23,3,0,15.5,0,0,0,1.4000000000000001,0.0000,0.0000
2009,7,23,3,30,15,0,0,0,1.3,0.0000,0.0000
2009,7,23,4,0,14.600000000000001,0,0,0,1.3,0.0000,0.0000
2009,7,23,4,30,14.600000000000001,0,0,0,1.2000000000000002,0.0000,0.0000
2009,7,23,5,0,14.600000000000001,0,0,0,1.2000000000000002,0.0000,0.0000
2009,7,23,5,30,15.8,15,161,22,1.6,0.0000,0.0000
2009,7,23,6,0,17,37,381,85,2,0.0000,0.0000
2009,7,23,6,30,18,54,532,169,1.9000000000000001,8.1094,6.2034
2009,7,23,7,0,18.900000000000002,69,626,261,1.7000000000000002,13.1094,10.1230
2009,7,23,7,30,20.700000000000003,79,702,358,1.7000000000000002,18.8684,14.6665
2009,7,23,8,0,22.5,89,756,455,1.7000000000000002,24.9360,19.4646
2009,7,23,8,30,23.900000000000002,96,796,548,1.8,30.9517,24.2273
2009,7,23,9,0,25.3,99,836,638,1.9000000000000001,36.8777,28.9203
2009,7,23,9,30,26,104,859,718,1.8,42.2417,33.1704
2009,7,23,10,0,26.8,107,881,791,1.8,47.1676,37.0733
2009,7,23,10,30,27.400000000000002,110,893,850,1.8,51.2011,40.2706
2009,7,23,11,0,28,112,905,900,1.7000000000000002,54.6159,42.9766
2009,7,23,11,30,28.400000000000002,113,911,934,1.6,56.9679,44.8416
2009,7,23,12,0,28.900000000000002,106,925,958,1.6,58.6095,46.1423
2009,7,23,12,30,29.3,106,927,967,1.5,59.2287,46.6330
2009,7,23,13,0,29.6,106,923,959,1.4000000000000001,58.6986,46.2138
2009,7,23,13,30,29.8,105,917,938,1.4000000000000001,57.2673,45.0799
2009,7,23,14,0,30.1,104,908,902,1.3,54.8203,43.1416
2009,7,23,14,30,30.1,102,898,856,1.3,51.6735,40.6477
2009,7,23,15,0,30.1,99,883,797,1.2000000000000002,47.6627,37.4697
2009,7,23,15,30,30,95,865,728,1.1,42.9936,33.7700
2009,7,23,16,0,29.8,92,840,649,1,37.7008,29.5770
2009,7,23,16,30,29.5,87,811,563,1,32.0072,25.0673
2009,7,23,17,0,29.1,82,769,471,1,26.0317,20.3365
2009,7,23,17,30,28.400000000000002,74,718,376,1.1,20.0330,15.5911
2009,7,23,18,0,27.700000000000003,66,648,280,1.1,14.2452,11.0216
2009,7,23,18,30,25.6,54,554,187,1.1,9.0573,6.9459
2009,7,23,19,0,23.6,40,410,101,1.1,0.0000,0.0000
2009,7,23,19,30,22.700000000000003,21,0,21,1.3,0.0000,0.0000
2009,7,23,20,0,21.8,0,0,0,1.6,0.0000,0.0000
2009,7,23,20,30,21.5,0,0,0,1.9000000000000001,0.0000,0.0000
2009,7,23,21,0,21.200000000000003,0,0,0,2.2,0.0000,0.0000
2009,7,23,21,30,21,0,0,0,2.4000000000000004,0.0000,0.0000
2009,7,23,22,0,20.700000000000003,0,0,0,2.6,0.0000,0.0000
2009,7,23,22,30,20.5,0,0,0,2.6,0.0000,0.0000
2009,7,23,23,0,20.200000000000003,0,0,0,2.6,0.0000,0.0000
2009,7,23,23,30,20,0,0,0,2.5,0.0000,0.0000
2009,7,24,0,0,19.8,0,0,0,2.4000000000000004,0.0000,0.0000
2009,7,24,0,30,19.700000000000003,0,0,0,2.3000000000000003,0.0000,0.0000
2009,7,24,1,0,19.5,0,0,0,2.1,0.0000,0.0000
2009,7,24,1,30,19.400000000000002,0,0,0,1.9000000000000001,0.0000,0.0000
2009,7,24,2,0,19.200000000000003,0,0,0,1.7000000000000002,0.0000,0.0000
2009,7,24,2,30,19.1,0,0,0,1.6,0.0000,0.0000
2009,7,24,3,0,19,0,0,0,1.5,0.0000,0.0000
2009,7,24,3,30,18.8,0,0,0,1.4000000000000001,0.0000,0.0000
2009,7,24,4,0,18.6,0,0,0,1.3,0.0000,0.0000
2009,7,24,4,30,18.7,0,0,0,1.3,0.0000,0.0000
2009,7,24,5,0,18.8,0,0,0,1.3,0.0000,0.0000
2009,7,24,5,30,19.8,14,119,19,1.8,0.0000,0.0000
2009,7,24,6,0,20.8,37,334,78,2.2,0.0000,0.0000
2009,7,24,6,30,21.900000000000002,54,490,159,2.1,7.6234,5.8302
2009,7,24,7,0,23,66,604,251,2,12.5918,9.7215
2009,7,24,7,30,24.6,77,680,346,2,18.2157,14.1572
2009,7,24,8,0,26.200000000000003,85,741,442,1.9000000000000001,24.2041,18.8919
2009,7,24,8,30,27.6,92,784,535,1.8,30.1989,23.6368
2009,7,24,9,0,29,98,817,623,1.7000000000000002,35.9936,28.2259
2009,7,24,9,30,30.400000000000002,103,843,704,1.6,41.4014,32.5097
2009,7,24,10,0,31.8,107,864,776,1.5,46.2575,36.3571
2009,7,24,10,30,32.800000000000004,110,879,837,1.4000000000000001,50.4035,39.6425
2009,7,24,11,0,33.800000000000004,112,891,886,1.4000000000000001,53.7529,42.2969
2009,7,24,11,30,34.4,395,469,817,1.4000000000000001,49.8202,39.2148
2009,7,24,12,0,35,452,372,794,1.5,48.5659,38.2347
2009,7,24,12,30,35.300000000000004,408,464,838,1.7000000000000002,51.3168,40.4031
2009,7,24,13,0,35.7,116,895,942,1.9000000000000001,57.6463,45.3847
2009,7,24,13,30,35.800000000000004,419,412,793,2.2,48.4040,38.1023
2009,7,24,14,0,35.9,230,590,748,2.6,45.4500,35.7670
2009,7,24,14,30,35.7,247,532,693,2.9000000000000004,41.8231,32.8986
2009,7,24,15,0,35.4,265,571,715,3.3000000000000003,42.7461,33.6039
2009,7,24,15,30,34.6,335,116,420,3.5,24.7953,19.4754
2009,7,24,16,0,33.800000000000004,294,334,515,3.8000000000000003,29.9034,23.4590
2009,7,24,16,30,32.5,313,167,411,3.8000000000000003,23.3524,18.2882
2009,7,24,17,0,31.200000000000003,97,698,449,3.9000000000000004,24.7972,19.3707
2009,7,24,17,30,29.900000000000002,88,642,356,4.1000000000000005,18.9490,14.7459
2009,7,24,18,0,28.6,21,0,21,4.2,1.0671,0.8255
2009,7,24,18,30,27.200000000000003,14,0,14,4.1000000000000005,0.6774,0.5194
2009,7,24,19,0,25.8,48,284,89,3.9000000000000004,0.0000,0.0000
2009,7,24,19,30,24.8,18,0,18,3.8000000000000003,0.0000,0.0000
2009,7,24,20,0,23.8,0,0,0,3.6,0.0000,0.0000
2009,7,24,20,30,23.200000000000003,0,0,0,3.4000000000000004,0.0000,0.0000
2009,7,24,21,0,22.6,0,0,0,3.2,0.0000,0.0000
2009,7,24,21,30,22.1,0,0,0,3.1,0.0000,0.0000
2009,7,24,22,0,21.700000000000003,0,0,0,3,0.0000,0.0000
2009,7,24,22,30,21.3,0,0,0,2.8000000000000003,0.0000,0.0000
2009,7,24,23,0,20.900000000000002,0,0,0,2.6,0.0000,0.0000
2009,7,24,23,30,20.5,0,0,0,2.4000000000000004,0.0000,0.0000
2009,7,25,0,0,20.200000000000003,0,0,0,2.2,0.0000,0.0000
2009,7,25,0,30,19.900000000000002,0,0,0,1.9000000000000001,0.0000,0.0000
2009,7,25,1,0,19.6,0,0,0,1.7000000000000002,0.0000,0.0000
2009,7,25,1,30,19.400000000000002,0,0,0,1.6,0.0000,0.0000
2009,7,25,2,0,19.200000000000003,0,0,0,1.6,0.0000,0.0000
2009,7,25,2,30,18.900000000000002,0,0,0,1.6,0.0000,0.0000
2009,7,25,3,0,18.6,0,0,0,1.6,0.0000,0.0000
2009,7,25,3,30,18.1,0,0,0,1.6,0.0000,0.0000
2009,7,25,4,0,17.6,0,0,0,1.5,0.0000,0.0000
2009,7,25,4,30,17.5,0,0,0,1.6,0.0000,0.0000
2009,7,25,5,0,17.400000000000002,0,0,0,1.6,0.0000,0.0000
2009,7,25,5,30,18.400000000000002,4,0,4,2.1,0.0000,0.0000
2009,7,25,6,0,19.3,49,1,49,2.6,0.0000,0.0000
2009,7,25,6,30,20.6,108,24,113,2.7,5.4138,4.1393
2009,7,25,7,0,21.8,60,654,259,2.9000000000000004,12.9762,10.0162
2009,7,25,7,30,23.1,69,727,355,3.2,18.6702,14.5086
2009,7,25,8,0,24.5,75,788,454,3.6,24.8396,19.3863
2009,7,25,8,30,25.200000000000003,81,828,548,3.8000000000000003,30.9135,24.1949
2009,7,25,9,0,25.8,86,859,637,4,36.7835,28.8441
2009,7,25,9,30,26.400000000000002,90,881,717,4.1000000000000005,42.1490,33.0957
2009,7,25,10,0,26.900000000000002,95,898,789,4.3,47.0164,36.9528
2009,7,25,10,30,27.400000000000002,98,909,849,4.5,51.1122,40.1992
2009,7,25,11,0,27.900000000000002,101,916,896,4.6000000000000005,54.3452,42.7623
2009,7,25,11,30,28.200000000000003,103,924,933,4.7,56.8806,44.7716
2009,7,25,12,0,28.6,440,398,806,4.800000000000001,49.2889,38.8033
2009,7,25,12,30,28.8,101,931,963,4.800000000000001,58.9584,46.4190
2009,7,25,13,0,29,100,929,956,4.800000000000001,58.4902,46.0485
2009,7,25,13,30,29.1,99,925,936,4.800000000000001,57.1198,44.9626
2009,7,25,14,0,29.1,97,920,904,4.800000000000001,54.9151,43.2148
2009,7,25,14,30,29,95,909,856,4.7,51.6461,40.6248
2009,7,25,15,0,28.900000000000002,91,898,798,4.7,47.6929,37.4919
2009,7,25,15,30,28.6,88,881,729,4.6000000000000005,43.0213,33.7901
2009,7,25,16,0,28.3,83,859,650,4.5,37.7252,29.5941
2009,7,25,16,30,27.8,79,831,564,4.3,32.0270,25.0804
2009,7,25,17,0,27.3,74,790,472,4.2,26.0478,20.3461
2009,7,25,17,30,26.5,68,741,377,3.8000000000000003,20.0472,15.5988
2009,7,25,18,0,25.700000000000003,61,670,279,3.4000000000000004,14.1593,10.9512
2009,7,25,18,30,24.1,51,576,186,2.6,8.9903,6.8911
2009,7,25,19,0,22.5,37,439,100,1.8,0.0000,0.0000
2009,7,25,19,30,21.5,18,234,31,1.6,0.0000,0.0000
2009,7,25,20,0,20.5,0,0,0,1.4000000000000001,0.0000,0.0000
2009,7,25,20,30,20.1,0,0,0,1.4000000000000001,0.0000,0.0000
2009,7,25,21,0,19.6,0,0,0,1.3,0.0000,0.0000
2009,7,25,21,30,19.200000000000003,0,0,0,1.2000000000000002,0.0000,0.0000
2009,7,25,22,0,18.8,0,0,0,1.1,0.0000,0.0000
2009,7,25,22,30,18.5,0,0,0,1.1,0.0000,0.0000
2009,7,25,23,0,18.1,0,0,0,1,0.0000,0.0000
2009,7,25,23,30,17.900000000000002,0,0,0,1,0.0000,0.0000
2009,7,26,0,0,17.6,0,0,0,1,0.0000,0.0000
2009,7,26,0,30,17.3,0,0,0,1,0.0000,0.0000
2009,7,26,1,0,17,0,0,0,1,0.0000,0.0000
2009,7,26,1,30,16.8,0,0,0,1,0.0000,0.0000
2009,7,26,2,0,16.5,0,0,0,1,0.0000,0.0000
2009,7,26,2,30,16.3,0,0,0,1,0.0000,0.0000
2009,7,26,3,0,16.1,0,0,0,1,0.0000,0.0000
2009,7,26,3,30,15.9,0,0,0,1,0.0000,0.0000
2009,7,26,4,0,15.700000000000001,0,0,0,1.1,0.0000,0.0000
2009,7,26,4,30,15.8,0,0,0,1.1,0.0000,0.0000
2009,7,26,5,0,15.9,0,0,0,1.2000000000000002,0.0000,0.0000
2009,7,26,5,30,17.3,13,154,18,1.7000000000000002,0.0000,0.0000
2009,7,26,6,0,18.6,33,383,78,2.2,0.0000,0.0000
2009,7,26,6,30,19.900000000000002,48,538,161,2.2,7.7079,5.8919
2009,7,26,7,0,21.200000000000003,59,643,253,2.2,12.6591,9.7693
2009,7,26,7,30,22.8,68,717,349,2.3000000000000003,18.3340,14.2454
2009,7,26,8,0,24.400000000000002,75,772,445,2.4000000000000004,24.3275,18.9850
2009,7,26,8,30,25.200000000000003,81,811,537,2.5,30.2727,23.6919
2009,7,26,9,0,26,87,842,625,2.6,36.0718,28.2849
2009,7,26,9,30,26.6,91,867,706,2.6,41.4855,32.5738
2009,7,26,10,0,27.3,94,887,778,2.5,46.3450,36.4242
2009,7,26,10,30,27.8,97,901,839,2.5,50.4945,39.7126
2009,7,26,11,0,28.3,99,913,889,2.5,53.9063,42.4162
2009,7,26,11,30,28.8,100,918,924,2.4000000000000004,56.3180,44.3281
2009,7,26,12,0,29.200000000000003,102,922,946,2.4000000000000004,57.8372,45.5324
2009,7,26,12,30,29.5,102,924,955,2.3000000000000003,58.4556,46.0225
2009,7,26,13,0,29.8,101,924,950,2.3000000000000003,58.1097,45.7483
2009,7,26,13,30,30,99,918,929,2.3000000000000003,56.6792,44.6151
2009,7,26,14,0,30.1,96,914,896,2.2,54.4153,42.8209
2009,7,26,14,30,30.1,94,904,850,2.1,51.2690,40.3274
2009,7,26,15,0,30.1,89,898,795,2.1,47.4983,37.3381
2009,7,26,15,30,30,86,881,726,1.9000000000000001,42.8268,33.6363
2009,7,26,16,0,29.8,81,861,647,1.7000000000000002,37.5328,29.4421
2009,7,26,16,30,29.5,76,834,562,1.6,31.8935,24.9745
2009,7,26,17,0,29.1,184,381,375,1.4000000000000001,20.6790,16.1514
2009,7,26,17,30,28.400000000000002,174,226,268,1.1,14.2360,11.0757
2009,7,26,18,0,27.8,59,677,278,0.8,14.0905,10.8958
2009,7,26,18,30,26.200000000000003,49,584,184,0.8,8.8844,6.8081
2009,7,26,19,0,24.6,36,434,97,0.8,0.0000,0.0000
2009,7,26,19,30,23.3,18,223,29,0.9,0.0000,0.0000
2009,7,26,20,0,22.1,0,0,0,1,0.0000,0.0000
2009,7,26,20,30,21.6,0,0,0,1.2000000000000002,0.0000,0.0000
2009,7,26,21,0,21.1,0,0,0,1.3,0.0000,0.0000
2009,7,26,21,30,20.8,0,0,0,1.6,0.0000,0.0000
2009,7,26,22,0,20.6,0,0,0,1.8,0.0000,0.0000
2009,7,26,22,30,20.400000000000002,0,0,0,2,0.0000,0.0000
2009,7,26,23,0,20.200000000000003,0,0,0,2.2,0.0000,0.0000
2009,7,26,23,30,19.900000000000002,0,0,0,2.3000000000000003,0.0000,0.0000
2009,7,27,0,0,19.6,0,0,0,2.3000000000000003,0.0000,0.0000
2009,7,27,0,30,19.400000000000002,0,0,0,2.3000000000000003,0.0000,0.0000
2009,7,27,1,0,19.1,0,0,0,2.4000000000000004,0.0000,0.0000
2009,7,27,1,30,19,0,0,0,2.5,0.0000,0.0000
2009,7,27,2,0,18.8,0,0,0,2.6,0.0000,0.0000
2009,7,27,2,30,18.7,0,0,0,2.7,0.0000,0.0000
2009,7,27,3,0,18.6,0,0,0,2.7,0.0000,0.0000
2009,7,27,3,30,18.5,0,0,0,2.8000000000000003,0.0000,0.0000
2009,7,27,4,0,18.5,0,0,0,2.8000000000000003,0.0000,0.0000
2009,7,27,4,30,18.6,0,0,0,2.9000000000000004,0.0000,0.0000
2009,7,27,5,0,18.6,0,0,0,3,0.0000,0.0000
2009,7,27,5,30,19,12,72,14,3.1,0.0000,0.0000
2009,7,27,6,0,19.400000000000002,28,0,28,3.3000000000000003,0.0000,0.0000
2009,7,27,6,30,20.200000000000003,55,0,55,3.3000000000000003,2.6314,2.0109
2009,7,27,7,0,21,26,0,26,3.3000000000000003,1.2992,1.0024
2009,7,27,7,30,22.5,83,3,84,3.4000000000000004,4.4081,3.4247
2009,7,27,8,0,24,8,0,8,3.5,0.4370,0.3410
2009,7,27,8,30,25.6,101,1,102,3.7,5.7465,4.4971
2009,7,27,9,0,27.200000000000003,29,0,29,3.8000000000000003,1.6729,1.3117
2009,7,27,9,30,28.1,54,0,54,3.8000000000000003,3.1717,2.4903
2009,7,27,10,0,29.1,40,0,40,3.7,2.3820,1.8720
2009,7,27,10,30,29.700000000000003,52,0,52,3.7,3.1287,2.4606
2009,7,27,11,0,30.3,79,0,79,3.7,4.7890,3.7682
2009,7,27,11,30,30.700000000000003,110,0,110,3.7,6.7029,5.2758
2009,7,27,12,0,31.1,374,16,389,3.8000000000000003,23.7773,18.7184
2009,7,27,12,30,31.1,362,12,374,3.7,22.8872,18.0190
2009,7,27,13,0,31.200000000000003,436,219,638,3.7,39.0161,30.7160
2009,7,27,13,30,31.1,329,9,337,3.6,20.5555,16.1801
2009,7,27,14,0,31,460,136,578,3.4000000000000004,35.0932,27.6153
2009,7,27,14,30,30.8,256,528,697,3.3000000000000003,42.0274,33.0574
2009,7,27,15,0,30.6,128,815,767,3.3000000000000003,45.8095,36.0097
2009,7,27,15,30,30.200000000000003,196,643,662,3.2,39.0354,30.6577
2009,7,27,16,0,29.8,275,342,500,3.2,28.9901,22.7400
2009,7,27,16,30,29.1,244,216,369,3,20.9275,16.3866
2009,7,27,17,0,28.5,273,89,317,2.9000000000000004,17.4653,13.6401
2009,7,27,17,30,27.5,175,35,189,2.5,10.0289,7.8016
2009,7,27,18,0,26.5,163,18,169,2.1,8.5548,6.6139
2009,7,27,18,30,25.200000000000003,103,5,104,1.8,5.0161,3.8428
2009,7,27,19,0,24,4,0,4,1.5,0.0000,0.0000
2009,7,27,19,30,23.3,14,0,14,1.6,0.0000,0.0000
2009,7,27,20,0,22.6,0,0,0,1.7000000000000002,0.0000,0.0000
2009,7,27,20,30,22.200000000000003,0,0,0,1.4000000000000001,0.0000,0.0000
2009,7,27,21,0,21.8,0,0,0,1.2000000000000002,0.0000,0.0000
2009,7,27,21,30,21.400000000000002,0,0,0,1,0.0000,0.0000
2009,7,27,22,0,21.1,0,0,0,0.7000000000000001,0.0000,0.0000
2009,7,27,22,30,20.8,0,0,0,0.6000000000000001,0.0000,0.0000
2009,7,27,23,0,20.5,0,0,0,0.5,0.0000,0.0000
2009,7,27,23,30,20.3,0,0,0,0.6000000000000001,0.0000,0.0000
2009,7,28,0,0,20.1,0,0,0,0.7000000000000001,0.0000,0.0000
2009,7,28,0,30,20,0,0,0,0.8,0.0000,0.0000
2009,7,28,1,0,20,0,0,0,0.9,0.0000,0.0000
2009,7,28,1,30,19.900000000000002,0,0,0,1,0.0000,0.0000
2009,7,28,2,0,19.8,0,0,0,1.1,0.0000,0.0000
2009,7,28,2,30,19.6,0,0,0,1.3,0.0000,0.0000
2009,7,28,3,0,19.5,0,0,0,1.4000000000000001,0.0000,0.0000
2009,7,28,3,30,19.200000000000003,0,0,0,1.6,0.0000,0.0000
2009,7,28,4,0,19,0,0,0,1.7000000000000002,0.0000,0.0000
2009,7,28,4,30,18.7,0,0,0,1.8,0.0000,0.0000
2009,7,28,5,0,18.400000000000002,0,0,0,2,0.0000,0.0000
2009,7,28,5,30,18.400000000000002,4,0,4,2.3000000000000003,0.0000,0.0000
2009,7,28,6,0,18.3,13,0,13,2.6,0.0000,0.0000
2009,7,28,6,30,18.400000000000002,42,1,42,2.7,2.0081,1.5342
2009,7,28,7,0,18.400000000000002,108,11,112,2.7,5.5894,4.3116
2009,7,28,7,30,18.8,53,0,54,2.7,2.8306,2.1988
2009,7,28,8,0,19.200000000000003,65,0,65,2.7,3.5472,2.7677
2009,7,28,8,30,19.900000000000002,23,0,23,2.9000000000000004,1.2949,1.0133
2009,7,28,9,0,20.6,29,0,29,3.1,1.6720,1.3109
2009,7,28,9,30,21,57,0,57,3.1,3.3466,2.6275
2009,7,28,10,0,21.400000000000002,228,0,229,3,13.6316,10.7131
2009,7,28,10,30,21.700000000000003,61,0,61,2.9000000000000004,3.6690,2.8854
2009,7,28,11,0,22,223,2,225,2.8000000000000003,13.6359,10.7291
2009,7,28,11,30,22.6,259,2,261,2.8000000000000003,15.9000,12.5146
2009,7,28,12,0,23.200000000000003,341,10,350,2.8000000000000003,21.3882,16.8374
2009,7,28,12,30,23.900000000000002,259,0,259,2.8000000000000003,15.8459,12.4752
2009,7,28,13,0,24.5,241,0,242,2.8000000000000003,14.7956,11.6478
2009,7,28,13,30,24.900000000000002,395,7,400,2.9000000000000004,24.3921,19.1997
2009,7,28,14,0,25.3,383,7,389,3,23.6113,18.5797
2009,7,28,14,30,25.5,210,657,757,3.1,45.6316,35.8917
2009,7,28,15,0,25.700000000000003,261,474,632,3.3000000000000003,37.7325,29.6598
2009,7,28,15,30,25.700000000000003,69,0,69,3.3000000000000003,4.0669,3.1939
2009,7,28,16,0,25.700000000000003,367,132,453,3.4000000000000004,26.2511,20.5907
2009,7,28,16,30,25.3,291,291,459,3.3000000000000003,26.0140,20.3683
2009,7,28,17,0,24.900000000000002,93,738,460,3.2,25.3229,19.7753
2009,7,28,17,30,24.1,84,685,365,2.6,19.3457,15.0473
2009,7,28,18,0,23.3,73,609,267,2,13.4968,10.4326
2009,7,28,18,30,21.5,59,507,174,1.5,8.3836,6.4208
2009,7,28,19,0,19.700000000000003,40,363,89,1,0.0000,0.0000
2009,7,28,19,30,18.900000000000002,17,159,24,1,0.0000,0.0000
2009,7,28,20,0,18.1,0,0,0,1,0.0000,0.0000
2009,7,28,20,30,17.7,0,0,0,1,0.0000,0.0000
2009,7,28,21,0,17.3,0,0,0,1,0.0000,0.0000
2009,7,28,21,30,17.1,0,0,0,0.9,0.0000,0.0000
2009,7,28,22,0,16.900000000000002,0,0,0,0.9,0.0000,0.0000
2009,7,28,22,30,16.900000000000002,0,0,0,0.9,0.0000,0.0000
2009,7,28,23,0,16.8,0,0,0,0.8,0.0000,0.0000
2009,7,28,23,30,16.8,0,0,0,0.7000000000000001,0.0000,0.0000
2009,7,29,0,0,16.8,0,0,0,0.6000000000000001,0.0000,0.0000
2009,7,29,0,30,16.7,0,0,0,0.5,0.0000,0.0000
2009,7,29,1,0,16.6,0,0,0,0.5,0.0000,0.0000
2009,7,29,1,30,16.400000000000002,0,0,0,0.5,0.0000,0.0000
2009,7,29,2,0,16.1,0,0,0,0.5,0.0000,0.0000
2009,7,29,2,30,15.700000000000001,0,0,0,0.6000000000000001,0.0000,0.0000
2009,7,29,3,0,15.3,0,0,0,0.7000000000000001,0.0000,0.0000
2009,7,29,3,30,14.9,0,0,0,0.7000000000000001,0.0000,0.0000
2009,7,29,4,0,14.4,0,0,0,0.8,0.0000,0.0000
2009,7,29,4,30,14.200000000000001,0,0,0,0.8,0.0000,0.0000
2009,7,29,5,0,14.100000000000001,0,0,0,0.9,0.0000,0.0000
2009,7,29,5,30,15.200000000000001,10,83,12,1,0.0000,0.0000
2009,7,29,6,0,16.400000000000002,41,0,41,1.2000000000000002,0.0000,0.0000
2009,7,29,6,30,17.6,109,32,115,1.3,5.4951,4.1973
2009,7,29,7,0,18.8,132,274,212,1.4000000000000001,10.5662,8.1488
2009,7,29,7,30,20.8,211,54,232,1.6,12.1471,9.4344
2009,7,29,8,0,22.700000000000003,216,290,353,1.7000000000000002,19.2468,15.0161
2009,7,29,8,30,23.6,252,269,402,1.7000000000000002,22.6172,17.6975
2009,7,29,9,0,24.5,296,258,459,1.8,26.4494,20.7372
2009,7,29,9,30,25.200000000000003,336,264,522,1.9000000000000001,30.6339,24.0510
2009,7,29,10,0,25.8,368,241,552,2,32.8465,25.8133
2009,7,29,10,30,26.3,370,265,587,2.1,35.2953,27.7571
2009,7,29,11,0,26.900000000000002,403,280,644,2.3000000000000003,39.0178,30.6995
2009,7,29,11,30,27.200000000000003,432,277,679,2.4000000000000004,41.3534,32.5478
2009,7,29,12,0,27.400000000000002,253,604,804,2.5,49.1192,38.6675
2009,7,29,12,30,27.400000000000002,267,601,820,2.5,50.1557,39.4862
2009,7,29,13,0,27.3,131,875,932,2.5,56.9664,44.8461
2009,7,29,13,30,27,130,869,910,2.5,55.4770,43.6667
2009,7,29,14,0,26.700000000000003,127,860,876,2.5,53.1556,41.8273
2009,7,29,14,30,26.1,429,298,676,2.5,40.7353,32.0398
2009,7,29,15,0,25.5,403,99,480,2.5,28.6469,22.5175
2009,7,29,15,30,24.5,388,105,464,2.5,27.3360,21.4678
2009,7,29,16,0,23.6,272,261,442,2.5,25.5992,20.0785
2009,7,29,16,30,22.700000000000003,246,108,308,2.3000000000000003,17.4441,13.6575
2009,7,29,17,0,21.900000000000002,111,2,112,2.1,6.1597,4.8098
2009,7,29,17,30,21.5,73,0,73,1.9000000000000001,3.8644,3.0053
2009,7,29,18,0,21.1,90,8,93,1.7000000000000002,4.6942,3.6276
2009,7,29,18,30,20.400000000000002,57,3,58,1.4000000000000001,2.7915,2.1373
2009,7,29,19,0,19.700000000000003,42,310,83,1,0.0000,0.0000
2009,7,29,19,30,19.3,9,0,9,1.2000000000000002,0.0000,0.0000
2009,7,29,20,0,19,0,0,0,1.3,0.0000,0.0000
2009,7,29,20,30,18.7,0,0,0,1.8,0.0000,0.0000
2009,7,29,21,0,18.400000000000002,0,0,0,2.2,0.0000,0.0000
2009,7,29,21,30,17.900000000000002,0,0,0,2.9000000000000004,0.0000,0.0000
2009,7,29,22,0,17.3,0,0,0,3.7,0.0000,0.0000
2009,7,29,22,30,16.5,0,0,0,4,0.0000,0.0000
2009,7,29,23,0,15.600000000000001,0,0,0,4.3,0.0000,0.0000
2009,7,29,23,30,14.9,0,0,0,4.1000000000000005,0.0000,0.0000
2009,7,30,0,0,14.100000000000001,0,0,0,4,0.0000,0.0000
2009,7,30,0,30,13.700000000000001,0,0,0,3.6,0.0000,0.0000
2009,7,30,1,0,13.200000000000001,0,0,0,3.3000000000000003,0.0000,0.0000
2009,7,30,1,30,12.9,0,0,0,3.1,0.0000,0.0000
2009,7,30,2,0,12.600000000000001,0,0,0,2.9000000000000004,0.0000,0.0000
2009,7,30,2,30,12.5,0,0,0,2.8000000000000003,0.0000,0.0000
2009,7,30,3,0,12.3,0,0,0,2.8000000000000003,0.0000,0.0000
2009,7,30,3,30,12.200000000000001,0,0,0,2.7,0.0000,0.0000
2009,7,30,4,0,12.100000000000001,0,0,0,2.6,0.0000,0.0000
2009,7,30,4,30,12.100000000000001,0,0,0,2.6,0.0000,0.0000
2009,7,30,5,0,12.100000000000001,0,0,0,2.7,0.0000,0.0000
2009,7,30,5,30,12.8,10,72,11,2.8000000000000003,0.0000,0.0000
2009,7,30,6,0,13.5,35,288,66,3,0.0000,0.0000
2009,7,30,6,30,14.8,57,447,147,3.2,7.0202,5.3609
2009,7,30,7,0,16.1,72,575,240,3.4000000000000004,11.9450,9.2100
2009,7,30,7,30,17.7,85,657,336,3.7,17.5708,13.6448
2009,7,30,8,0,19.200000000000003,93,730,436,4,23.7509,18.5284
2009,7,30,8,30,20.200000000000003,101,776,531,4.2,29.8529,23.3578
2009,7,30,9,0,21.1,105,819,622,4.3,35.8217,28.0841
2009,7,30,9,30,21.8,110,846,704,4.4,41.2963,32.4212
2009,7,30,10,0,22.400000000000002,113,870,778,4.4,46.2771,36.3672
2009,7,30,10,30,23,117,886,841,4.4,50.5508,39.7535
2009,7,30,11,0,23.5,118,898,890,4.4,53.9064,42.4132
2009,7,30,11,30,24,120,907,927,4.3,56.4422,44.4230
2009,7,30,12,0,24.400000000000002,115,921,953,4.3,58.2071,45.8208
2009,7,30,12,30,24.6,115,920,959,4.2,58.6427,46.1671
2009,7,30,13,0,24.900000000000002,110,926,956,4.2,58.4178,45.9881
2009,7,30,13,30,24.900000000000002,109,922,936,4.1000000000000005,57.0459,44.9008
2009,7,30,14,0,25,484,199,657,4.1000000000000005,39.8544,31.3603
2009,7,30,14,30,24.900000000000002,101,909,854,4,51.4439,40.4616
2009,7,30,15,0,24.8,98,896,795,4,47.4274,37.2786
2009,7,30,15,30,24.6,400,181,530,3.9000000000000004,31.2094,24.5089
2009,7,30,16,0,24.400000000000002,362,164,468,3.8000000000000003,27.0895,21.2465
2009,7,30,16,30,23.900000000000002,83,826,558,3.7,31.5799,24.7233
2009,7,30,17,0,23.5,269,71,304,3.6,16.7042,13.0424
2009,7,30,17,30,22.8,70,733,367,3.1,19.4051,15.0893
2009,7,30,18,0,22,62,658,269,2.7,13.5577,10.4749
2009,7,30,18,30,20.400000000000002,51,558,174,2,8.3652,6.4028
2009,7,30,19,0,18.7,36,405,88,1.2000000000000002,0.0000,0.0000
2009,7,30,19,30,17.900000000000002,15,182,23,1.1,0.0000,0.0000
2009,7,30,20,0,17,0,0,0,1.1,0.0000,0.0000
2009,7,30,20,30,16.7,0,0,0,1,0.0000,0.0000
2009,7,30,21,0,16.3,0,0,0,1,0.0000,0.0000
2009,7,30,21,30,15.9,0,0,0,1,0.0000,0.0000
2009,7,30,22,0,15.600000000000001,0,0,0,1,0.0000,0.0000
2009,7,30,22,30,15.4,0,0,0,1,0.0000,0.0000
2009,7,30,23,0,15.100000000000001,0,0,0,0.9,0.0000,0.0000
2009,7,30,23,30,14.9,0,0,0,1,0.0000,0.0000
2009,7,31,0,0,14.700000000000001,0,0,0,1,0.0000,0.0000
2009,7,31,0,30,14.4,0,0,0,1,0.0000,0.0000
2009,7,31,1,0,14.100000000000001,0,0,0,1,0.0000,0.0000
2009,7,31,1,30,13.8,0,0,0,1,0.0000,0.0000
2009,7,31,2,0,13.5,0,0,0,1,0.0000,0.0000
2009,7,31,2,30,13.3,0,0,0,1,0.0000,0.0000
2009,7,31,3,0,13,0,0,0,1.1,0.0000,0.0000
2009,7,31,3,30,12.8,0,0,0,1.1,0.0000,0.0000
2009,7,31,4,0,12.600000000000001,0,0,0,1.1,0.0000,0.0000
2009,7,31,4,30,12.600000000000001,0,0,0,1.2000000000000002,0.0000,0.0000
2009,7,31,5,0,12.700000000000001,0,0,0,1.2000000000000002,0.0000,0.0000
2009,7,31,5,30,14.200000000000001,10,93,12,1.8,0.0000,0.0000
2009,7,31,6,0,15.8,33,330,68,2.4000000000000004,0.0000,0.0000
2009,7,31,6,30,17.1,52,498,150,2.4000000000000004,7.1599,5.4663
2009,7,31,7,0,18.400000000000002,66,609,242,2.4000000000000004,12.0289,9.2726
2009,7,31,7,30,20.5,77,690,339,2.8000000000000003,17.7072,13.7488
2009,7,31,8,0,22.6,87,745,436,3.2,23.7294,18.5100
2009,7,31,8,30,23.8,95,790,531,3.3000000000000003,29.8322,23.3402
2009,7,31,9,0,24.900000000000002,102,824,621,3.5,35.7436,28.0216
2009,7,31,9,30,25.8,108,851,703,3.6,41.2179,32.3585
2009,7,31,10,0,26.700000000000003,110,872,775,3.8000000000000003,46.0812,36.2123
2009,7,31,10,30,27.5,114,888,838,4,50.3542,39.5981
2009,7,31,11,0,28.200000000000003,114,902,888,4.2,53.7694,42.3047
2009,7,31,11,30,28.700000000000003,116,911,926,4.4,56.3652,44.3616
2009,7,31,12,0,29.200000000000003,108,929,952,4.7,58.1301,45.7594
2009,7,31,12,30,29.6,109,930,961,4.800000000000001,58.7492,46.2501
2009,7,31,13,0,29.900000000000002,108,930,956,5,58.4022,45.9750
2009,7,31,13,30,30.1,107,923,933,5.1000000000000005,56.8467,44.7432
2009,7,31,14,0,30.200000000000003,107,913,899,5.1000000000000005,54.5175,42.8974
2009,7,31,14,30,30.200000000000003,105,900,849,5.1000000000000005,51.1243,40.2093
2009,7,31,15,0,30.1,104,882,789,5.1000000000000005,47.0494,36.9805
2009,7,31,15,30,29.900000000000002,100,858,715,5,42.0819,33.0459
2009,7,31,16,0,29.6,98,825,632,4.9,36.5601,28.6729
2009,7,31,16,30,29.200000000000003,92,788,542,4.7,30.6502,23.9938
2009,7,31,17,0,28.700000000000003,261,173,346,4.5,18.9924,14.8275
2009,7,31,17,30,27.8,82,666,350,4,18.4817,14.3691
2009,7,31,18,0,26.900000000000002,77,559,251,3.4000000000000004,12.6306,9.7561
2009,7,31,18,30,25.700000000000003,61,450,159,3.3000000000000003,7.6359,5.8428
2009,7,31,19,0,24.400000000000002,41,2,42,3.1,0.0000,0.0000
2009,7,31,19,30,23.700000000000003,10,0,10,3.3000000000000003,0.0000,0.0000
2009,7,31,20,0,23,0,0,0,3.6,0.0000,0.0000
2009,7,31,20,30,22.200000000000003,0,0,0,3.6,0.0000,0.0000
2009,7,31,21,0,21.400000000000002,0,0,0,3.5,0.0000,0.0000
2009,7,31,21,30,20.6,0,0,0,3.4000000000000004,0.0000,0.0000
2009,7,31,22,0,19.8,0,0,0,3.3000000000000003,0.0000,0.0000
2009,7,31,22,30,18.900000000000002,0,0,0,3.5,0.0000,0.0000
2009,7,31,23,0,18.1,0,0,0,3.8000000000000003,0.0000,0.0000
2009,7,31,23,30,17.2,0,0,0,3.7,0.0000,0.0000
2009,8,1,0,0,16.2,0,0,0,3.7,0.0000,0.0000
2009,8,1,0,30,15.5,0,0,0,3.3000000000000003,0.0000,0.0000
2009,8,1,1,0,14.700000000000001,0,0,0,3,0.0000,0.0000
2009,8,1,1,30,14.3,0,0,0,2.8000000000000003,0.0000,0.0000
2009,8,1,2,0,13.9,0,0,0,2.7,0.0000,0.0000
2009,8,1,2,30,13.600000000000001,0,0,0,2.5,0.0000,0.0000
2009,8,1,3,0,13.4,0,0,0,2.4000000000000004,0.0000,0.0000
2009,8,1,3,30,13,0,0,0,1.8,0.0000,0.0000
2009,8,1,4,0,12.700000000000001,0,0,0,1.3,0.0000,0.0000
2009,8,1,4,30,12.5,0,0,0,1.3,0.0000,0.0000
2009,8,1,5,0,12.4,0,0,0,1.3,0.0000,0.0000
2009,8,1,5,30,13.3,0,0,0,2.1,0.0000,0.0000
2009,8,1,6,0,14.200000000000001,31,361,68,3,0.0000,0.0000
2009,8,1,6,30,15.3,48,528,150,3.3000000000000003,7.1569,5.4626
2009,8,1,7,0,16.400000000000002,60,645,245,3.7,12.1610,9.3722
2009,8,1,7,30,17.6,70,724,343,4,17.8938,13.8915
2009,8,1,8,0,18.900000000000002,77,787,443,4.4,24.0869,18.7870
2009,8,1,8,30,19.8,83,827,537,4.5,30.1467,23.5847
2009,8,1,9,0,20.700000000000003,87,864,629,4.7,36.1845,28.3661
2009,8,1,9,30,21.3,91,889,712,4.800000000000001,41.7267,32.7569
2009,8,1,10,0,21.900000000000002,94,907,784,4.9,46.5974,36.6170
2009,8,1,10,30,22.400000000000002,97,922,847,4.800000000000001,50.8774,40.0087
2009,8,1,11,0,22.900000000000002,99,930,895,4.800000000000001,54.1763,42.6240
2009,8,1,11,30,23.400000000000002,100,938,932,4.7,56.7148,44.6359
2009,8,1,12,0,23.8,482,106,578,4.6000000000000005,35.2835,27.7743
2009,8,1,12,30,24.1,497,291,763,4.6000000000000005,46.6320,36.7103
2009,8,1,13,0,24.400000000000002,459,375,801,4.5,48.9194,38.5093
2009,8,1,13,30,24.5,105,933,938,4.5,57.1339,44.9685
2009,8,1,14,0,24.6,104,926,904,4.5,54.8027,43.1209
2009,8,1,14,30,24.6,102,915,857,4.3,51.5873,40.5725
2009,8,1,15,0,24.6,98,902,796,4.1000000000000005,47.4465,37.2915
2009,8,1,15,30,24.5,403,168,523,3.8000000000000003,30.7658,24.1588
2009,8,1,16,0,24.5,89,861,645,3.5,37.2891,29.2433
2009,8,1,16,30,24.200000000000003,84,830,556,3.1,31.4169,24.5923
2009,8,1,17,0,23.900000000000002,78,789,462,2.7,25.3336,19.7761
2009,8,1,17,30,23.1,71,735,364,2,19.1953,14.9215
2009,8,1,18,0,22.400000000000002,62,662,266,1.2000000000000002,13.3642,10.3203
2009,8,1,18,30,21.400000000000002,50,559,171,0.9,8.2039,6.2754
2009,8,1,19,0,20.3,34,412,85,0.6000000000000001,0.0000,0.0000
2009,8,1,19,30,19.8,14,178,20,0.6000000000000001,0.0000,0.0000
2009,8,1,20,0,19.3,0,0,0,0.6000000000000001,0.0000,0.0000
2009,8,1,20,30,18.400000000000002,0,0,0,0.8,0.0000,0.0000
2009,8,1,21,0,17.6,0,0,0,1,0.0000,0.0000
2009,8,1,21,30,16.7,0,0,0,1,0.0000,0.0000
2009,8,1,22,0,15.8,0,0,0,1.1,0.0000,0.0000
2009,8,1,22,30,15.4,0,0,0,1.2000000000000002,0.0000,0.0000
2009,8,1,23,0,15,0,0,0,1.4000000000000001,0.0000,0.0000
2009,8,1,23,30,14.9,0,0,0,1.6,0.0000,0.0000
2009,8,2,0,0,14.8,0,0,0,1.9000000000000001,0.0000,0.0000
2009,8,2,0,30,14.8,0,0,0,2.2,0.0000,0.0000
2009,8,2,1,0,14.8,0,0,0,2.5,0.0000,0.0000
2009,8,2,1,30,14.700000000000001,0,0,0,2.8000000000000003,0.0000,0.0000
2009,8,2,2,0,14.600000000000001,0,0,0,3,0.0000,0.0000
2009,8,2,2,30,14.4,0,0,0,3.1,0.0000,0.0000
2009,8,2,3,0,14.100000000000001,0,0,0,3.2,0.0000,0.0000
2009,8,2,3,30,13.9,0,0,0,3.1,0.0000,0.0000
2009,8,2,4,0,13.600000000000001,0,0,0,3.1,0.0000,0.0000
2009,8,2,4,30,13.5,0,0,0,3.2,0.0000,0.0000
2009,8,2,5,0,13.4,0,0,0,3.2,0.0000,0.0000
2009,8,2,5,30,14.200000000000001,0,0,0,3.5,0.0000,0.0000
2009,8,2,6,0,14.9,30,319,62,3.8000000000000003,0.0000,0.0000
2009,8,2,6,30,16.400000000000002,49,489,142,3.8000000000000003,6.7727,5.1682
2009,8,2,7,0,17.900000000000002,63,603,234,3.8000000000000003,11.5989,8.9368
2009,8,2,7,30,19.8,74,685,331,4.1000000000000005,17.2476,13.3879
2009,8,2,8,0,21.700000000000003,82,745,428,4.3,23.2500,18.1326
2009,8,2,8,30,23.5,89,790,522,4.4,29.2840,22.9084
2009,8,2,9,0,25.200000000000003,95,827,612,4.5,35.1847,27.5809
2009,8,2,9,30,26.700000000000003,100,854,694,4.6000000000000005,40.6521,31.9121
2009,8,2,10,0,28.200000000000003,102,876,768,4.6000000000000005,45.6289,35.8550
2009,8,2,10,30,29.5,106,892,830,4.6000000000000005,49.8389,39.1911
2009,8,2,11,0,30.700000000000003,106,907,881,4.5,53.3120,41.9431
2009,8,2,11,30,31.6,108,912,916,4.5,55.7241,43.8554
2009,8,2,12,0,32.5,107,920,940,4.4,57.3653,45.1559
2009,8,2,12,30,33.1,108,922,949,4.4,57.9830,45.6454
2009,8,2,13,0,33.6,108,920,943,4.4,57.5746,45.3219
2009,8,2,13,30,33.800000000000004,107,916,923,4.4,56.2030,44.2349
2009,8,2,14,0,34.1,108,903,886,4.5,53.6928,42.2467
2009,8,2,14,30,34.1,105,892,839,4.5,50.4843,39.7040
2009,8,2,15,0,34.1,100,883,781,4.5,46.5323,36.5718
2009,8,2,15,30,33.800000000000004,96,862,709,4.5,41.6859,32.7325
2009,8,2,16,0,33.6,93,834,629,4.4,36.3402,28.4977
2009,8,2,16,30,33,87,802,541,4.2,30.5434,23.9068
2009,8,2,17,0,32.5,81,759,448,4,24.5402,19.1548
2009,8,2,17,30,31.3,73,704,352,3.7,18.5375,14.4079
2009,8,2,18,0,30.200000000000003,65,620,254,3.4000000000000004,12.7400,9.8356
2009,8,2,18,30,28.8,52,514,161,3.4000000000000004,7.7163,5.9006
2009,8,2,19,0,27.5,36,343,77,3.4000000000000004,0.0000,0.0000
2009,8,2,19,30,27,13,115,17,3.8000000000000003,0.0000,0.0000
2009,8,2,20,0,26.6,0,0,0,4.2,0.0000,0.0000
2009,8,2,20,30,26.200000000000003,0,0,0,4.5,0.0000,0.0000
2009,8,2,21,0,25.700000000000003,0,0,0,4.7,0.0000,0.0000
2009,8,2,21,30,25.3,0,0,0,4.800000000000001,0.0000,0.0000
2009,8,2,22,0,24.8,0,0,0,4.9,0.0000,0.0000
2009,8,2,22,30,24.200000000000003,0,0,0,4.6000000000000005,0.0000,0.0000
2009,8,2,23,0,23.6,0,0,0,4.3,0.0000,0.0000
2009,8,2,23,30,23.1,0,0,0,4,0.0000,0.0000
2009,8,3,0,0,22.5,0,0,0,3.8000000000000003,0.0000,0.0000
2009,8,3,0,30,22.1,0,0,0,3.4000000000000004,0.0000,0.0000
2009,8,3,1,0,21.700000000000003,0,0,0,3,0.0000,0.0000
2009,8,3,1,30,21.200000000000003,0,0,0,2.6,0.0000,0.0000
2009,8,3,2,0,20.8,0,0,0,2.2,0.0000,0.0000
2009,8,3,2,30,20.400000000000002,0,0,0,1.9000000000000001,0.0000,0.0000
2009,8,3,3,0,20.1,0,0,0,1.7000000000000002,0.0000,0.0000
2009,8,3,3,30,19.6,0,0,0,1.5,0.0000,0.0000
2009,8,3,4,0,19.200000000000003,0,0,0,1.4000000000000001,0.0000,0.0000
2009,8,3,4,30,18.900000000000002,0,0,0,1.3,0.0000,0.0000
2009,8,3,5,0,18.6,0,0,0,1.3,0.0000,0.0000
2009,8,3,5,30,19.200000000000003,0,0,0,1.7000000000000002,0.0000,0.0000
2009,8,3,6,0,19.8,33,218,54,2,0.0000,0.0000
2009,8,3,6,30,20.5,56,384,129,1.9000000000000001,6.1508,4.6925
2009,8,3,7,0,21.1,150,62,167,1.8,8.2664,6.3675
2009,8,3,7,30,22.400000000000002,165,9,168,1.9000000000000001,8.7431,6.7854
2009,8,3,8,0,23.8,207,18,215,2,11.6678,9.0987
2009,8,3,8,30,25.200000000000003,271,39,292,2.2,16.3687,12.8041
2009,8,3,9,0,26.6,323,255,483,2.4000000000000004,27.7521,21.7535
2009,8,3,9,30,27.6,333,363,585,2.4000000000000004,34.2505,26.8859
2009,8,3,10,0,28.700000000000003,129,804,738,2.4000000000000004,43.8285,34.4392
2009,8,3,10,30,29.6,134,822,799,2.5,47.9597,37.7125
2009,8,3,11,0,30.400000000000002,474,180,627,2.6,37.9290,29.8399
2009,8,3,11,30,31.1,491,206,673,2.7,40.9293,32.2112
2009,8,3,12,0,31.8,444,371,779,2.8000000000000003,47.5259,37.4100
2009,8,3,12,30,32.300000000000004,132,869,923,2.8000000000000003,56.3779,44.3811
2009,8,3,13,0,32.800000000000004,473,306,750,2.9000000000000004,45.7772,36.0345
2009,8,3,13,30,33,470,286,725,2.8000000000000003,44.1321,34.7338
2009,8,3,14,0,33.300000000000004,444,312,712,2.8000000000000003,43.1330,33.9372
2009,8,3,14,30,33.2,417,103,502,2.7,30.1940,23.7458
2009,8,3,15,0,33.1,118,832,759,2.7,45.1997,35.5233
2009,8,3,15,30,32.7,113,812,689,2.6,40.4878,31.7905
2009,8,3,16,0,32.4,108,784,610,2.5,35.2178,27.6160
2009,8,3,16,30,31.700000000000003,101,749,524,2.5,29.5582,23.1340
2009,8,3,17,0,31,95,698,431,2.4000000000000004,23.5827,18.4054
2009,8,3,17,30,29.700000000000003,85,637,335,2.2,17.6169,13.6900
2009,8,3,18,0,28.400000000000002,76,539,239,2,11.9675,9.2367
2009,8,3,18,30,26.6,59,430,149,1.9000000000000001,7.1341,5.4535
2009,8,3,19,0,24.900000000000002,37,274,70,1.9000000000000001,0.0000,0.0000
2009,8,3,19,30,24,11,78,13,1.9000000000000001,0.0000,0.0000
2009,8,3,20,0,23.200000000000003,0,0,0,2,0.0000,0.0000
2009,8,3,20,30,22.6,0,0,0,2,0.0000,0.0000
2009,8,3,21,0,22.1,0,0,0,1.9000000000000001,0.0000,0.0000
2009,8,3,21,30,21.700000000000003,0,0,0,1.8,0.0000,0.0000
2009,8,3,22,0,21.3,0,0,0,1.7000000000000002,0.0000,0.0000
2009,8,3,22,30,21,0,0,0,1.5,0.0000,0.0000
2009,8,3,23,0,20.6,0,0,0,1.4000000000000001,0.0000,0.0000
2009,8,3,23,30,20.400000000000002,0,0,0,1.3,0.0000,0.0000
2009,8,4,0,0,20.200000000000003,0,0,0,1.1,0.0000,0.0000
2009,8,4,0,30,20.3,0,0,0,1,0.0000,0.0000
2009,8,4,1,0,20.3,0,0,0,0.8,0.0000,0.0000
2009,8,4,1,30,19.900000000000002,0,0,0,0.8,0.0000,0.0000
2009,8,4,2,0,19.6,0,0,0,0.8,0.0000,0.0000
2009,8,4,2,30,19.200000000000003,0,0,0,1.1,0.0000,0.0000
2009,8,4,3,0,18.8,0,0,0,1.4000000000000001,0.0000,0.0000
2009,8,4,3,30,18.6,0,0,0,1.8,0.0000,0.0000
2009,8,4,4,0,18.400000000000002,0,0,0,2.2,0.0000,0.0000
2009,8,4,4,30,18.1,0,0,0,2.4000000000000004,0.0000,0.0000
2009,8,4,5,0,17.900000000000002,0,0,0,2.5,0.0000,0.0000
2009,8,4,5,30,18.400000000000002,0,0,0,2.7,0.0000,0.0000
2009,8,4,6,0,18.8,12,0,12,2.9000000000000004,0.0000,0.0000
2009,8,4,6,30,19.900000000000002,16,0,16,2.9000000000000004,0.7627,0.5818
2009,8,4,7,0,20.900000000000002,114,15,118,2.9000000000000004,5.8328,4.4919
2009,8,4,7,30,22.3,189,108,229,3,11.9026,9.2360
2009,8,4,8,0,23.8,226,140,290,3.1,15.7223,12.2592
2009,8,4,8,30,24.900000000000002,268,182,367,3.2,20.5572,16.0794
2009,8,4,9,0,26,263,327,467,3.3000000000000003,26.8169,21.0195
2009,8,4,9,30,26.8,367,250,540,3.5,31.6003,24.8046
2009,8,4,10,0,27.6,238,560,660,3.7,39.1790,30.7849
2009,8,4,10,30,28.1,129,828,798,3.8000000000000003,47.8818,37.6503
2009,8,4,11,0,28.700000000000003,133,840,847,3.9000000000000004,51.2209,40.2963
2009,8,4,11,30,29,136,849,884,3.9000000000000004,53.7448,42.2961
2009,8,4,12,0,29.3,446,379,788,3.9000000000000004,48.0605,37.8301
2009,8,4,12,30,29.400000000000002,157,828,909,4,55.5064,43.6942
2009,8,4,13,0,29.5,158,822,902,4,55.0378,43.3234
2009,8,4,13,30,29.3,157,817,882,4.1000000000000005,53.6714,42.2407
2009,8,4,14,0,29.1,156,804,846,4.1000000000000005,51.2326,40.3091
2009,8,4,14,30,28.900000000000002,153,791,800,4.1000000000000005,48.0981,37.8254
2009,8,4,15,0,28.6,127,811,749,4,44.5835,35.0380
2009,8,4,15,30,28.200000000000003,122,789,680,3.9000000000000004,39.9356,31.3556
2009,8,4,16,0,27.8,114,765,602,3.8000000000000003,34.7314,27.2331
2009,8,4,16,30,27.200000000000003,107,731,517,3.6,29.1382,22.8036
2009,8,4,17,0,26.6,97,689,426,3.4000000000000004,23.2815,18.1681
2009,8,4,17,30,25.700000000000003,86,631,332,3.1,17.4325,13.5442
2009,8,4,18,0,24.8,72,560,240,2.8000000000000003,11.9974,9.2572
2009,8,4,18,30,23.3,56,450,149,2.3000000000000003,7.1276,5.4467
2009,8,4,19,0,21.700000000000003,36,300,70,1.7000000000000002,0.0000,0.0000
2009,8,4,19,30,21,11,86,13,1.8,0.0000,0.0000
2009,8,4,20,0,20.200000000000003,0,0,0,1.9000000000000001,0.0000,0.0000
2009,8,4,20,30,19.700000000000003,0,0,0,1.9000000000000001,0.0000,0.0000
2009,8,4,21,0,19.200000000000003,0,0,0,1.9000000000000001,0.0000,0.0000
2009,8,4,21,30,18.7,0,0,0,1.8,0.0000,0.0000
2009,8,4,22,0,18.3,0,0,0,1.8,0.0000,0.0000
2009,8,4,22,30,17.900000000000002,0,0,0,1.7000000000000002,0.0000,0.0000
2009,8,4,23,0,17.5,0,0,0,1.7000000000000002,0.0000,0.0000
2009,8,4,23,30,17.2,0,0,0,1.6,0.0000,0.0000
2009,8,5,0,0,16.8,0,0,0,1.6,0.0000,0.0000
2009,8,5,0,30,16.5,0,0,0,1.6,0.0000,0.0000
2009,8,5,1,0,16.2,0,0,0,1.5,0.0000,0.0000
2009,8,5,1,30,15.8,0,0,0,1.5,0.0000,0.0000
2009,8,5,2,0,15.5,0,0,0,1.5,0.0000,0.0000
2009,8,5,2,30,15.100000000000001,0,0,0,1.4000000000000001,0.0000,0.0000
2009,8,5,3,0,14.8,0,0,0,1.3,0.0000,0.0000
2009,8,5,3,30,14.5,0,0,0,1.2000000000000002,0.0000,0.0000
2009,8,5,4,0,14.200000000000001,0,0,0,1,0.0000,0.0000
2009,8,5,4,30,14.200000000000001,0,0,0,1,0.0000,0.0000
2009,8,5,5,0,14.3,0,0,0,1,0.0000,0.0000
2009,8,5,5,30,15,0,0,0,1.5,0.0000,0.0000
2009,8,5,6,0,15.600000000000001,7,0,7,1.9000000000000001,0.0000,0.0000
2009,8,5,6,30,16,10,0,10,1.6,0.4766,0.3635
2009,8,5,7,0,16.3,55,1,55,1.3,2.7147,2.0900
2009,8,5,7,30,16.5,11,0,11,1.3,0.5710,0.4430
2009,8,5,8,0,16.6,60,0,60,1.3,3.2496,2.5336
2009,8,5,8,30,17.1,184,11,190,1.6,10.6345,8.3175
2009,8,5,9,0,17.5,272,65,312,1.9000000000000001,17.9049,14.0334
2009,8,5,9,30,18.900000000000002,335,126,422,2.2,24.6820,19.3734
2009,8,5,10,0,20.400000000000002,119,824,739,2.5,43.8503,34.4543
2009,8,5,10,30,21.900000000000002,400,340,674,1.9000000000000001,40.4263,31.7871
2009,8,5,11,0,23.400000000000002,127,854,851,1.4000000000000001,51.4444,40.4712
2009,8,5,11,30,24.400000000000002,129,863,888,0.9,53.9702,42.4726
2009,8,5,12,0,25.5,117,887,915,0.4,55.7887,43.9124
2009,8,5,12,30,26.3,118,891,925,0.5,56.4658,44.4486
2009,8,5,13,0,27.200000000000003,118,889,920,0.5,56.1181,44.1728
2009,8,5,13,30,27.8,117,885,900,0.9,54.7478,43.0870
2009,8,5,14,0,28.400000000000002,115,877,866,1.2000000000000002,52.4233,41.2449
2009,8,5,14,30,28.6,113,865,819,1.4000000000000001,49.2190,38.7058
2009,8,5,15,0,28.8,107,856,762,1.6,45.3340,35.6265
2009,8,5,15,30,28.6,103,836,692,1.7000000000000002,40.6153,31.8878
2009,8,5,16,0,28.5,97,812,613,1.8,35.3395,27.7083
2009,8,5,16,30,28,91,778,526,1.8,29.6167,23.1761
2009,8,5,17,0,27.5,81,743,434,1.9000000000000001,23.6903,18.4849
2009,8,5,17,30,26.5,73,688,339,1.8,17.7727,13.8059
2009,8,5,18,0,25.6,62,619,245,1.6,12.2246,9.4296
2009,8,5,18,30,23.8,49,511,153,1.6,7.3129,5.5865
2009,8,5,19,0,22.1,32,352,71,1.5,0.0000,0.0000
2009,8,5,19,30,21.400000000000002,10,115,13,1.8,0.0000,0.0000
2009,8,5,20,0,20.700000000000003,0,0,0,2.1,0.0000,0.0000
2009,8,5,20,30,20.200000000000003,0,0,0,2.1,0.0000,0.0000
2009,8,5,21,0,19.700000000000003,0,0,0,2,0.0000,0.0000
2009,8,5,21,30,19.200000000000003,0,0,0,1.9000000000000001,0.0000,0.0000
2009,8,5,22,0,18.7,0,0,0,1.8,0.0000,0.0000
2009,8,5,22,30,18.3,0,0,0,1.7000000000000002,0.0000,0.0000
2009,8,5,23,0,17.900000000000002,0,0,0,1.5,0.0000,0.0000
2009,8,5,23,30,17.6,0,0,0,1.4000000000000001,0.0000,0.0000
2009,8,6,0,0,17.2,0,0,0,1.3,0.0000,0.0000
2009,8,6,0,30,16.900000000000002,0,0,0,1.2000000000000002,0.0000,0.0000
2009,8,6,1,0,16.7,0,0,0,1.1,0.0000,0.0000
2009,8,6,1,30,16.400000000000002,0,0,0,1.1,0.0000,0.0000
2009,8,6,2,0,16.2,0,0,0,1,0.0000,0.0000
2009,8,6,2,30,16.1,0,0,0,1,0.0000,0.0000
2009,8,6,3,0,15.9,0,0,0,1,0.0000,0.0000
2009,8,6,3,30,15.8,0,0,0,1,0.0000,0.0000
2009,8,6,4,0,15.700000000000001,0,0,0,1,0.0000,0.0000
2009,8,6,4,30,15.700000000000001,0,0,0,1.1,0.0000,0.0000
2009,8,6,5,0,15.700000000000001,0,0,0,1.2000000000000002,0.0000,0.0000
2009,8,6,5,30,16.400000000000002,0,0,0,1.8,0.0000,0.0000
2009,8,6,6,0,17.2,24,1,24,2.3000000000000003,0.0000,0.0000
2009,8,6,6,30,18.3,73,8,75,2,3.5747,2.7255
2009,8,6,7,0,19.400000000000002,126,45,138,1.8,6.8021,5.2356
2009,8,6,7,30,20.700000000000003,156,9,160,2.3000000000000003,8.2950,6.4345
2009,8,6,8,0,21.900000000000002,247,73,280,2.7,15.1497,11.8103
2009,8,6,8,30,22.700000000000003,262,37,282,3,15.7708,12.3338
2009,8,6,9,0,23.5,275,189,391,3.3000000000000003,22.4241,17.5746
2009,8,6,9,30,24.1,330,163,442,3.5,25.8389,20.2807
2009,8,6,10,0,24.700000000000003,325,320,565,3.7,33.5106,26.3294
2009,8,6,10,30,25.400000000000002,237,558,686,3.9000000000000004,41.1305,32.3400
2009,8,6,11,0,26.1,463,167,604,4.1000000000000005,36.5003,28.7140
2009,8,6,11,30,26.8,479,218,670,4.2,40.7072,32.0344
2009,8,6,12,0,27.6,269,0,269,4.4,16.3960,12.9054
2009,8,6,12,30,28.400000000000002,119,885,920,4.5,56.1421,44.1929
2009,8,6,13,0,29.1,116,888,915,4.6000000000000005,55.7942,43.9169
2009,8,6,13,30,29.700000000000003,115,882,894,4.6000000000000005,54.3631,42.7832
2009,8,6,14,0,30.200000000000003,114,873,859,4.6000000000000005,51.9791,40.8944
2009,8,6,14,30,30.3,112,858,810,4.6000000000000005,48.6568,38.2625
2009,8,6,15,0,30.400000000000002,403,107,485,4.5,28.8393,22.6631
2009,8,6,15,30,29.900000000000002,321,22,336,4.5,19.7090,15.4732
2009,8,6,16,0,29.5,322,63,361,4.4,20.7960,16.3043
2009,8,6,16,30,28.8,267,38,289,4.3,16.2572,12.7208
2009,8,6,17,0,28.200000000000003,150,1,150,4.3,8.1780,6.3803
2009,8,6,17,30,27.3,199,39,215,4.2,11.2543,8.7407
2009,8,6,18,0,26.5,23,0,23,4,1.1456,0.8834
2009,8,6,18,30,25.400000000000002,14,0,14,3.9000000000000004,0.6686,0.5106
2009,8,6,19,0,24.3,10,0,10,3.7,0.0000,0.0000
2009,8,6,19,30,23.5,4,0,4,3.8000000000000003,0.0000,0.0000
2009,8,6,20,0,22.8,0,0,0,3.9000000000000004,0.0000,0.0000
2009,8,6,20,30,22.3,0,0,0,4.1000000000000005,0.0000,0.0000
2009,8,6,21,0,21.900000000000002,0,0,0,4.3,0.0000,0.0000
2009,8,6,21,30,21.6,0,0,0,4.4,0.0000,0.0000
2009,8,6,22,0,21.3,0,0,0,4.6000000000000005,0.0000,0.0000
2009,8,6,22,30,21.1,0,0,0,4.5,0.0000,0.0000
2009,8,6,23,0,20.8,0,0,0,4.5,0.0000,0.0000
2009,8,6,23,30,20.700000000000003,0,0,0,4.4,0.0000,0.0000
2009,8,7,0,0,20.6,0,0,0,4.3,0.0000,0.0000
2009,8,7,0,30,20.6,0,0,0,4.2,0.0000,0.0000
2009,8,7,1,0,20.6,0,0,0,4,0.0000,0.0000
2009,8,7,1,30,20.6,0,0,0,3.9000000000000004,0.0000,0.0000
2009,8,7,2,0,20.6,0,0,0,3.8000000000000003,0.0000,0.0000
2009,8,7,2,30,20.6,0,0,0,3.8000000000000003,0.0000,0.0000
2009,8,7,3,0,20.6,0,0,0,3.9000000000000004,0.0000,0.0000
2009,8,7,3,30,20.6,0,0,0,3.9000000000000004,0.0000,0.0000
2009,8,7,4,0,20.6,0,0,0,3.9000000000000004,0.0000,0.0000
2009,8,7,4,30,20.5,0,0,0,3.9000000000000004,0.0000,0.0000
2009,8,7,5,0,20.400000000000002,0,0,0,3.8000000000000003,0.0000,0.0000
2009,8,7,5,30,20.6,0,0,0,4,0.0000,0.0000
2009,8,7,6,0,20.8,6,0,6,4.1000000000000005,0.0000,0.0000
2009,8,7,6,30,21.5,35,0,35,4.4,1.6683,1.2717
2009,8,7,7,0,22.3,101,2,102,4.6000000000000005,5.0204,3.8631
2009,8,7,7,30,23.5,146,354,275,4.800000000000001,14.2375,11.0422
2009,8,7,8,0,24.8,243,122,298,4.9,16.1072,12.5554
2009,8,7,8,30,26.3,267,39,288,5,16.0938,12.5856
2009,8,7,9,0,27.8,254,5,257,5,14.7297,11.5436
2009,8,7,9,30,29.200000000000003,248,1,249,5.1000000000000005,14.5485,11.4185
2009,8,7,10,0,30.6,401,122,493,5.1000000000000005,29.2271,22.9631
2009,8,7,10,30,31.8,112,850,793,5.2,47.5267,37.3682
2009,8,7,11,0,32.9,111,870,845,5.300000000000001,51.0455,40.1555
2009,8,7,11,30,33.6,112,877,880,5.4,53.4481,42.0600
2009,8,7,12,0,34.4,111,885,903,5.5,55.0216,43.3068
2009,8,7,12,30,34.800000000000004,111,885,910,5.5,55.5134,43.6971
2009,8,7,13,0,35.2,113,879,903,5.6000000000000005,55.0435,43.3252
2009,8,7,13,30,35.4,112,872,880,5.6000000000000005,53.4920,42.0967
2009,8,7,14,0,35.6,119,848,841,5.6000000000000005,50.8695,40.0204
2009,8,7,14,30,35.5,116,835,794,5.6000000000000005,47.6735,37.4882
2009,8,7,15,0,35.4,120,803,730,5.5,43.3848,34.0923
2009,8,7,15,30,35,115,780,661,5.300000000000001,38.7472,30.4184
2009,8,7,16,0,34.6,118,733,580,5.1000000000000005,33.3863,26.1737
2009,8,7,16,30,33.9,189,510,471,4.6000000000000005,26.4679,20.7085
2009,8,7,17,0,33.2,100,650,405,4.2,22.0522,17.2025
2009,8,7,17,30,32.4,198,134,249,4.1000000000000005,13.0115,10.1033
2009,8,7,18,0,31.6,122,5,123,4,6.1144,4.7134
2009,8,7,18,30,30.8,70,1,70,4.1000000000000005,3.3409,2.5504
2009,8,7,19,0,29.900000000000002,30,1,30,4.3,0.0000,0.0000
2009,8,7,19,30,29.3,0,0,0,4.5,0.0000,0.0000
2009,8,7,20,0,28.700000000000003,0,0,0,4.7,0.0000,0.0000
2009,8,7,20,30,28.400000000000002,0,0,0,4.9,0.0000,0.0000
2009,8,7,21,0,28,0,0,0,5.1000000000000005,0.0000,0.0000
2009,8,7,21,30,27.8,0,0,0,5.1000000000000005,0.0000,0.0000
2009,8,7,22,0,27.6,0,0,0,5.2,0.0000,0.0000
2009,8,7,22,30,27.3,0,0,0,5.2,0.0000,0.0000
2009,8,7,23,0,27.1,0,0,0,5.2,0.0000,0.0000
2009,8,7,23,30,26.900000000000002,0,0,0,5.2,0.0000,0.0000
2009,8,8,0,0,26.700000000000003,0,0,0,5.2,0.0000,0.0000
2009,8,8,0,30,26.400000000000002,0,0,0,4.9,0.0000,0.0000
2009,8,8,1,0,26.1,0,0,0,4.7,0.0000,0.0000
2009,8,8,1,30,25.6,0,0,0,4.1000000000000005,0.0000,0.0000
2009,8,8,2,0,25.1,0,0,0,3.5,0.0000,0.0000
2009,8,8,2,30,24.700000000000003,0,0,0,3.2,0.0000,0.0000
2009,8,8,3,0,24.200000000000003,0,0,0,2.9000000000000004,0.0000,0.0000
2009,8,8,3,30,23.900000000000002,0,0,0,2.7,0.0000,0.0000
2009,8,8,4,0,23.5,0,0,0,2.4000000000000004,0.0000,0.0000
2009,8,8,4,30,23.3,0,0,0,2.3000000000000003,0.0000,0.0000
2009,8,8,5,0,23.200000000000003,0,0,0,2.3000000000000003,0.0000,0.0000
2009,8,8,5,30,24,0,0,0,2.7,0.0000,0.0000
2009,8,8,6,0,24.900000000000002,29,0,29,3.1,0.0000,0.0000
2009,8,8,6,30,26.1,81,7,82,3.8000000000000003,3.9093,2.9795
2009,8,8,7,0,27.3,142,63,159,4.5,7.8152,6.0122
2009,8,8,7,30,28.3,82,601,298,5.2,15.4083,11.9482
2009,8,8,8,0,29.400000000000002,93,663,391,5.9,21.1109,16.4539
2009,8,8,8,30,30.3,102,714,483,6,26.9680,21.0877
2009,8,8,9,0,31.200000000000003,104,765,572,6.2,32.7623,25.6743
2009,8,8,9,30,31.900000000000002,110,795,654,6.2,38.1911,29.9735
2009,8,8,10,0,32.6,111,825,726,6.1000000000000005,43.0208,33.7994
2009,8,8,10,30,33.2,380,358,667,6.1000000000000005,39.9598,31.4178
2009,8,8,11,0,33.800000000000004,435,276,667,6,40.2779,31.6843
2009,8,8,11,30,34.300000000000004,426,349,731,5.9,44.3832,34.9258
2009,8,8,12,0,34.800000000000004,111,886,902,5.800000000000001,54.9419,43.2432
2009,8,8,12,30,35.2,111,887,910,5.7,55.4947,43.6815
2009,8,8,13,0,35.6,111,887,906,5.6000000000000005,55.2064,43.4524
2009,8,8,13,30,35.9,110,883,886,5.4,53.8367,42.3670
2009,8,8,14,0,36.1,109,873,850,5.2,51.3923,40.4307
2009,8,8,14,30,36.1,107,861,803,5,48.1913,37.8942
2009,8,8,15,0,36,105,844,744,4.7,44.1923,34.7255
2009,8,8,15,30,35.6,100,824,674,4.5,39.4830,30.9945
2009,8,8,16,0,35.2,95,798,595,4.2,34.2207,26.8260
2009,8,8,16,30,34.2,89,763,509,3.9000000000000004,28.5748,22.3550
2009,8,8,17,0,33.300000000000004,83,716,417,3.7,22.6747,17.6856
2009,8,8,17,30,31.900000000000002,74,656,322,3.4000000000000004,16.7983,13.0410
2009,8,8,18,0,30.5,64,571,227,3.2,11.2634,8.6798
2009,8,8,18,30,29,50,453,137,3.2,6.5350,4.9872
2009,8,8,19,0,27.6,31,276,58,3.2,0.0000,0.0000
2009,8,8,19,30,26.8,0,0,0,3.4000000000000004,0.0000,0.0000
2009,8,8,20,0,26,0,0,0,3.6,0.0000,0.0000
2009,8,8,20,30,25.400000000000002,0,0,0,3.6,0.0000,0.0000
2009,8,8,21,0,24.8,0,0,0,3.5,0.0000,0.0000
2009,8,8,21,30,24.200000000000003,0,0,0,3.3000000000000003,0.0000,0.0000
2009,8,8,22,0,23.700000000000003,0,0,0,3.1,0.0000,0.0000
2009,8,8,22,30,23.3,0,0,0,2.9000000000000004,0.0000,0.0000
2009,8,8,23,0,22.8,0,0,0,2.8000000000000003,0.0000,0.0000
2009,8,8,23,30,22.5,0,0,0,2.7,0.0000,0.0000
2009,8,9,0,0,22.1,0,0,0,2.6,0.0000,0.0000
2009,8,9,0,30,21.8,0,0,0,2.6,0.0000,0.0000
2009,8,9,1,0,21.5,0,0,0,2.5,0.0000,0.0000
2009,8,9,1,30,21.200000000000003,0,0,0,2.5,0.0000,0.0000
2009,8,9,2,0,20.900000000000002,0,0,0,2.4000000000000004,0.0000,0.0000
2009,8,9,2,30,20.6,0,0,0,2.4000000000000004,0.0000,0.0000
2009,8,9,3,0,20.400000000000002,0,0,0,2.3000000000000003,0.0000,0.0000
2009,8,9,3,30,20.200000000000003,0,0,0,2.4000000000000004,0.0000,0.0000
2009,8,9,4,0,20,0,0,0,2.5,0.0000,0.0000
2009,8,9,4,30,19.8,0,0,0,2.6,0.0000,0.0000
2009,8,9,5,0,19.700000000000003,0,0,0,2.7,0.0000,0.0000
2009,8,9,5,30,20,0,0,0,2.8000000000000003,0.0000,0.0000
2009,8,9,6,0,20.3,8,0,8,3,0.0000,0.0000
2009,8,9,6,30,21.3,46,2,46,3.3000000000000003,0.0000,0.0000
2009,8,9,7,0,22.3,16,0,16,3.6,0.7853,0.6040
2009,8,9,7,30,23.200000000000003,27,0,27,3.6,1.3942,1.0810
2009,8,9,8,0,24.1,159,17,167,3.6,9.0074,7.0196
2009,8,9,8,30,24.6,38,0,38,3.4000000000000004,2.1199,1.6575
2009,8,9,9,0,25.1,281,177,389,3.3000000000000003,22.2661,17.4480
2009,8,9,9,30,25.5,292,268,474,3.2,27.6648,21.7112
2009,8,9,10,0,25.900000000000002,264,420,577,3,34.1759,26.8495
2009,8,9,10,30,26.3,344,309,590,2.8000000000000003,35.3315,27.7781
2009,8,9,11,0,26.700000000000003,141,810,822,2.6,49.6193,39.0318
2009,8,9,11,30,26.900000000000002,243,3,246,2.4000000000000004,14.9307,11.7489
2009,8,9,12,0,27.1,357,397,711,2.3000000000000003,43.2929,34.0739
2009,8,9,12,30,27.3,160,804,882,2.1,53.7681,42.3215
2009,8,9,13,0,27.5,173,782,872,1.9000000000000001,53.1152,41.8055
2009,8,9,13,30,27.400000000000002,171,776,851,1.9000000000000001,51.6897,40.6764
2009,8,9,14,0,27.400000000000002,321,410,668,1.9000000000000001,40.3712,31.7594
2009,8,9,14,30,27.200000000000003,367,118,462,2.1,27.7128,21.7907
2009,8,9,15,0,27,348,152,462,2.3000000000000003,27.4266,21.5505
2009,8,9,15,30,26.700000000000003,286,341,522,2.4000000000000004,30.5582,23.9873
2009,8,9,16,0,26.5,295,93,354,2.6,20.3432,15.9463
2009,8,9,16,30,26,53,0,53,2.6,2.9722,2.3251
2009,8,9,17,0,25.6,232,192,321,2.6,17.4306,13.5935
2009,8,9,17,30,25,134,6,136,2.5,7.0825,5.4971
2009,8,9,18,0,24.400000000000002,20,0,20,2.3000000000000003,0.9904,0.7630
2009,8,9,18,30,23.5,13,0,13,2,0.6198,0.4729
2009,8,9,19,0,22.700000000000003,5,0,5,1.7000000000000002,0.0000,0.0000
2009,8,9,19,30,22.200000000000003,0,0,0,1.5,0.0000,0.0000
2009,8,9,20,0,21.6,0,0,0,1.4000000000000001,0.0000,0.0000
2009,8,9,20,30,21.200000000000003,0,0,0,1.2000000000000002,0.0000,0.0000
2009,8,9,21,0,20.900000000000002,0,0,0,1.1,0.0000,0.0000
2009,8,9,21,30,20.6,0,0,0,1,0.0000,0.0000
2009,8,9,22,0,20.400000000000002,0,0,0,0.9,0.0000,0.0000
2009,8,9,22,30,20.200000000000003,0,0,0,0.8,0.0000,0.0000
2009,8,9,23,0,20,0,0,0,0.7000000000000001,0.0000,0.0000
2009,8,9,23,30,19.900000000000002,0,0,0,0.6000000000000001,0.0000,0.0000
2009,8,10,0,0,19.8,0,0,0,0.5,0.0000,0.0000
2009,8,10,0,30,19.5,0,0,0,0.5,0.0000,0.0000
2009,8,10,1,0,19.3,0,0,0,0.5,0.0000,0.0000
2009,8,10,1,30,18.8,0,0,0,0.6000000000000001,0.0000,0.0000
2009,8,10,2,0,18.400000000000002,0,0,0,0.7000000000000001,0.0000,0.0000
2009,8,10,2,30,18,0,0,0,0.8,0.0000,0.0000
2009,8,10,3,0,17.5,0,0,0,0.9,0.0000,0.0000
2009,8,10,3,30,17.3,0,0,0,1,0.0000,0.0000
2009,8,10,4,0,17.2,0,0,0,1.2000000000000002,0.0000,0.0000
2009,8,10,4,30,17.2,0,0,0,1.4000000000000001,0.0000,0.0000
2009,8,10,5,0,17.2,0,0,0,1.6,0.0000,0.0000
2009,8,10,5,30,18.1,0,0,0,2.2,0.0000,0.0000
2009,8,10,6,0,18.900000000000002,25,241,44,2.7,0.0000,0.0000
2009,8,10,6,30,19.900000000000002,81,9,82,2.7,0.0000,0.0000
2009,8,10,7,0,20.900000000000002,115,299,194,2.8000000000000003,9.5083,7.3106
2009,8,10,7,30,22.400000000000002,75,642,304,3,15.6762,12.1516
2009,8,10,8,0,23.900000000000002,86,704,400,3.2,21.5507,16.7928
2009,8,10,8,30,25,95,756,495,3.4000000000000004,27.5912,21.5717
2009,8,10,9,0,26.1,102,792,584,3.5,33.4044,26.1747
2009,8,10,9,30,26.8,108,823,668,3.6,38.9662,30.5793
2009,8,10,10,0,27.5,233,535,630,3.7,37.2969,29.3005
2009,8,10,10,30,28.1,244,545,677,3.8000000000000003,40.5246,31.8602
2009,8,10,11,0,28.6,271,505,694,3.9000000000000004,41.8763,32.9401
2009,8,10,11,30,29,412,287,662,3.9000000000000004,40.1648,31.6048
2009,8,10,12,0,29.400000000000002,444,231,650,3.9000000000000004,39.5642,31.1385
2009,8,10,12,30,29.6,409,360,732,3.8000000000000003,44.6078,35.1105
2009,8,10,13,0,29.900000000000002,449,243,666,3.8000000000000003,40.5523,31.9168
2009,8,10,13,30,30,198,666,780,3.7,47.3576,37.2664
2009,8,10,14,0,30,119,878,861,3.6,52.0120,40.9159
2009,8,10,14,30,30,117,866,813,3.5,48.7431,38.3255
2009,8,10,15,0,29.900000000000002,109,858,754,3.4000000000000004,44.7337,35.1481
2009,8,10,15,30,29.6,104,837,682,3.2,39.8964,31.3159
2009,8,10,16,0,29.3,97,814,602,3.1,34.5637,27.0912
2009,8,10,16,30,28.8,91,782,515,2.8000000000000003,28.8488,22.5650
2009,8,10,17,0,28.200000000000003,82,740,422,2.6,22.8832,17.8432
2009,8,10,17,30,27.1,73,679,325,1.9000000000000001,16.8951,13.1103
2009,8,10,18,0,26,61,599,228,1.3,11.2682,8.6774
2009,8,10,18,30,24.3,47,481,137,1.1,6.5304,4.9806
2009,8,10,19,0,22.6,29,300,56,0.9,0.0000,0.0000
2009,8,10,19,30,22,0,0,0,0.9,0.0000,0.0000
2009,8,10,20,0,21.400000000000002,0,0,0,0.9,0.0000,0.0000
2009,8,10,20,30,21.1,0,0,0,0.9,0.0000,0.0000
2009,8,10,21,0,20.8,0,0,0,0.9,0.0000,0.0000
2009,8,10,21,30,20.6,0,0,0,0.9,0.0000,0.0000
2009,8,10,22,0,20.400000000000002,0,0,0,0.9,0.0000,0.0000
2009,8,10,22,30,20.3,0,0,0,0.8,0.0000,0.0000
2009,8,10,23,0,20.200000000000003,0,0,0,0.8,0.0000,0.0000
2009,8,10,23,30,20.200000000000003,0,0,0,0.7000000000000001,0.0000,0.0000
2009,8,11,0,0,20.200000000000003,0,0,0,0.6000000000000001,0.0000,0.0000
2009,8,11,0,30,20.1,0,0,0,0.4,0.0000,0.0000
2009,8,11,1,0,20.1,0,0,0,0.30000000000000004,0.0000,0.0000
2009,8,11,1,30,19.8,0,0,0,0.30000000000000004,0.0000,0.0000
2009,8,11,2,0,19.5,0,0,0,0.4,0.0000,0.0000
2009,8,11,2,30,19,0,0,0,0.5,0.0000,0.0000
2009,8,11,3,0,18.6,0,0,0,0.6000000000000001,0.0000,0.0000
2009,8,11,3,30,18.3,0,0,0,0.6000000000000001,0.0000,0.0000
2009,8,11,4,0,18,0,0,0,0.7000000000000001,0.0000,0.0000
2009,8,11,4,30,17.900000000000002,0,0,0,0.7000000000000001,0.0000,0.0000
2009,8,11,5,0,17.900000000000002,0,0,0,0.7000000000000001,0.0000,0.0000
2009,8,11,5,30,18.6,0,0,0,0.7000000000000001,0.0000,0.0000
2009,8,11,6,0,19.3,25,224,42,0.7000000000000001,0.0000,0.0000
2009,8,11,6,30,20.400000000000002,62,1,62,0.9,0.0000,0.0000
2009,8,11,7,0,21.400000000000002,64,545,206,1.1,10.0822,7.7496
2009,8,11,7,30,23.1,76,636,301,1.4000000000000001,15.4998,12.0126
2009,8,11,8,0,24.900000000000002,87,702,397,1.6,21.3652,16.6463
2009,8,11,8,30,26,95,752,492,1.8,27.4004,21.4209
2009,8,11,9,0,27,104,785,580,2,33.1536,25.9768
2009,8,11,9,30,27.8,110,815,662,2.2,38.5936,30.2856
2009,8,11,10,0,28.6,113,839,734,2.4000000000000004,43.4326,34.1195
2009,8,11,10,30,29.3,117,856,796,2.5,47.6270,37.4429
2009,8,11,11,0,30,118,873,847,2.6,51.0880,40.1851
2009,8,11,11,30,30.6,120,880,882,2.6,53.4921,42.0908
2009,8,11,12,0,31.200000000000003,123,882,904,2.6,55.0043,43.2895
2009,8,11,12,30,31.6,123,884,913,2.6,55.6168,43.7747
2009,8,11,13,0,32,121,886,908,2.6,55.2659,43.4962
2009,8,11,13,30,32.2,120,879,885,2.6,53.7103,42.2642
2009,8,11,14,0,32.300000000000004,117,872,851,2.5,51.3838,40.4205
2009,8,11,14,30,32.4,114,860,803,2.5,48.1183,37.8329
2009,8,11,15,0,32.4,104,856,745,2.4000000000000004,44.1734,34.7064
2009,8,11,15,30,32.2,100,833,673,2.4000000000000004,39.3404,30.8778
2009,8,11,16,0,32,94,807,593,2.3000000000000003,34.0172,26.6610
2009,8,11,16,30,31.6,88,772,505,2.1,28.2567,22.0997
2009,8,11,17,0,31.200000000000003,81,726,412,2,22.3082,17.3922
2009,8,11,17,30,30.3,72,665,316,1.5,16.3966,12.7204
2009,8,11,18,0,29.3,60,583,221,1,10.9002,8.3909
2009,8,11,18,30,27.900000000000002,46,461,130,0.9,6.1962,4.7243
2009,8,11,19,0,26.6,40,12,41,0.9,0.0000,0.0000
2009,8,11,19,30,25.900000000000002,0,0,0,0.9,0.0000,0.0000
2009,8,11,20,0,25.200000000000003,0,0,0,1,0.0000,0.0000
2009,8,11,20,30,24.6,0,0,0,1,0.0000,0.0000
2009,8,11,21,0,24.1,0,0,0,1.1,0.0000,0.0000
2009,8,11,21,30,23.700000000000003,0,0,0,1.2000000000000002,0.0000,0.0000
2009,8,11,22,0,23.3,0,0,0,1.3,0.0000,0.0000
2009,8,11,22,30,23,0,0,0,1.4000000000000001,0.0000,0.0000
2009,8,11,23,0,22.6,0,0,0,1.4000000000000001,0.0000,0.0000
2009,8,11,23,30,22.200000000000003,0,0,0,1.4000000000000001,0.0000,0.0000
2009,8,12,0,0,21.8,0,0,0,1.5,0.0000,0.0000
2009,8,12,0,30,21.5,0,0,0,1.4000000000000001,0.0000,0.0000
2009,8,12,1,0,21.200000000000003,0,0,0,1.4000000000000001,0.0000,0.0000
2009,8,12,1,30,20.900000000000002,0,0,0,1.4000000000000001,0.0000,0.0000
2009,8,12,2,0,20.700000000000003,0,0,0,1.4000000000000001,0.0000,0.0000
2009,8,12,2,30,20.400000000000002,0,0,0,1.4000000000000001,0.0000,0.0000
2009,8,12,3,0,20.200000000000003,0,0,0,1.4000000000000001,0.0000,0.0000
2009,8,12,3,30,20.1,0,0,0,1.5,0.0000,0.0000
2009,8,12,4,0,20,0,0,0,1.5,0.0000,0.0000
2009,8,12,4,30,20,0,0,0,1.6,0.0000,0.0000
2009,8,12,5,0,20.1,0,0,0,1.7000000000000002,0.0000,0.0000
2009,8,12,5,30,20.8,0,0,0,2.1,0.0000,0.0000
2009,8,12,6,0,21.5,25,189,38,2.5,0.0000,0.0000
2009,8,12,6,30,22.3,48,379,111,2.5,0.0000,0.0000
2009,8,12,7,0,23,69,496,197,2.6,9.6283,7.3986
2009,8,12,7,30,24.1,84,589,290,2.7,14.9123,11.5551
2009,8,12,8,0,25.200000000000003,98,649,384,2.8000000000000003,20.6424,16.0812
2009,8,12,8,30,26.400000000000002,199,381,399,2.9000000000000004,22.2019,17.3554
2009,8,12,9,0,27.5,234,354,448,2.9000000000000004,25.5901,20.0494
2009,8,12,9,30,28.8,269,348,503,3.1,29.3069,22.9970
2009,8,12,10,0,30,330,61,375,3.3000000000000003,22.1787,17.4224
2009,8,12,10,30,31.200000000000003,301,16,313,3.4000000000000004,18.7194,14.7162
2009,8,12,11,0,32.300000000000004,137,0,137,3.5,8.2600,6.4971
2009,8,12,11,30,32.9,309,9,317,3.5,19.2182,15.1216
2009,8,12,12,0,33.5,392,125,502,3.6,30.5330,24.0295
2009,8,12,12,30,33.9,411,267,649,3.6,39.5197,31.1043
2009,8,12,13,0,34.2,374,330,666,3.6,40.5204,31.8902
2009,8,12,13,30,34.300000000000004,383,279,625,3.6,37.9149,29.8342
2009,8,12,14,0,34.4,290,475,688,3.5,41.5220,32.6618
2009,8,12,14,30,34.4,186,617,679,3.5,40.6662,31.9726
2009,8,12,15,0,34.4,108,835,732,3.5,43.3753,34.0778
2009,8,12,15,30,34.2,103,815,662,3.4000000000000004,38.6681,30.3484
2009,8,12,16,0,34,95,795,584,3.3000000000000003,33.4699,26.2302
2009,8,12,16,30,33.5,89,759,497,3.1,27.7759,21.7213
2009,8,12,17,0,33.1,80,719,405,2.9000000000000004,21.8951,17.0674
2009,8,12,17,30,31.8,71,658,311,2.2,16.1054,12.4914
2009,8,12,18,0,30.400000000000002,59,578,216,1.6,10.6323,8.1816
2009,8,12,18,30,28.700000000000003,45,454,126,1.5,6.0062,4.5781
2009,8,12,19,0,27,26,274,49,1.4000000000000001,0.0000,0.0000
2009,8,12,19,30,26.400000000000002,0,0,0,1.6,0.0000,0.0000
2009,8,12,20,0,25.8,0,0,0,1.8,0.0000,0.0000
2009,8,12,20,30,25.400000000000002,0,0,0,2,0.0000,0.0000
2009,8,12,21,0,25,0,0,0,2.3000000000000003,0.0000,0.0000
2009,8,12,21,30,24.700000000000003,0,0,0,2.6,0.0000,0.0000
2009,8,12,22,0,24.3,0,0,0,2.9000000000000004,0.0000,0.0000
2009,8,12,22,30,23.900000000000002,0,0,0,3,0.0000,0.0000
2009,8,12,23,0,23.5,0,0,0,3.2,0.0000,0.0000
2009,8,12,23,30,23.1,0,0,0,3.1,0.0000,0.0000
2009,8,13,0,0,22.6,0,0,0,2.9000000000000004,0.0000,0.0000
2009,8,13,0,30,22.3,0,0,0,2.9000000000000004,0.0000,0.0000
2009,8,13,1,0,21.900000000000002,0,0,0,2.9000000000000004,0.0000,0.0000
2009,8,13,1,30,21.700000000000003,0,0,0,2.9000000000000004,0.0000,0.0000
2009,8,13,2,0,21.400000000000002,0,0,0,2.9000000000000004,0.0000,0.0000
2009,8,13,2,30,21.200000000000003,0,0,0,2.8000000000000003,0.0000,0.0000
2009,8,13,3,0,20.900000000000002,0,0,0,2.7,0.0000,0.0000
2009,8,13,3,30,20.700000000000003,0,0,0,2.7,0.0000,0.0000
2009,8,13,4,0,20.5,0,0,0,2.6,0.0000,0.0000
2009,8,13,4,30,20.400000000000002,0,0,0,2.7,0.0000,0.0000
2009,8,13,5,0,20.3,0,0,0,2.7,0.0000,0.0000
2009,8,13,5,30,20.900000000000002,0,0,0,3.1,0.0000,0.0000
2009,8,13,6,0,21.6,13,0,13,3.5,0.0000,0.0000
2009,8,13,6,30,22.700000000000003,56,1,56,3.7,0.0000,0.0000
2009,8,13,7,0,23.900000000000002,117,175,161,3.9000000000000004,7.8579,6.0364
2009,8,13,7,30,25.5,165,97,199,4.5,10.2185,7.9164
2009,8,13,8,0,27.1,215,175,291,5,15.6254,12.1713
2009,8,13,8,30,28.5,218,67,253,5.300000000000001,14.0656,10.9943
2009,8,13,9,0,29.8,179,496,477,5.6000000000000005,27.2271,21.3307
2009,8,13,9,30,30.700000000000003,318,37,342,5.7,19.9145,15.6262
2009,8,13,10,0,31.6,34,0,34,5.800000000000001,2.0099,1.5788
2009,8,13,10,30,32.2,276,1,276,5.9,16.4992,12.9704
2009,8,13,11,0,32.800000000000004,392,387,714,6.1000000000000005,43.0312,33.8459
2009,8,13,11,30,33.2,401,410,754,6.2,45.6934,35.9526
2009,8,13,12,0,33.7,121,874,892,6.300000000000001,54.2326,42.6801
2009,8,13,12,30,34,122,876,900,6.300000000000001,54.7826,43.1160
2009,8,13,13,0,34.2,119,880,896,6.300000000000001,54.4913,42.8844
2009,8,13,13,30,34.2,118,875,876,6.2,53.1180,41.7959
2009,8,13,14,0,34.300000000000004,114,870,842,6.1000000000000005,50.7917,39.9523
2009,8,13,14,30,34.2,112,858,794,6,47.5272,37.3655
2009,8,13,15,0,34.1,103,853,737,5.800000000000001,43.6427,34.2863
2009,8,13,15,30,33.800000000000004,99,832,666,5.6000000000000005,38.8720,30.5067
2009,8,13,16,0,33.6,93,807,586,5.4,33.5519,26.2923
2009,8,13,16,30,33,87,773,499,5,27.8540,21.7800
2009,8,13,17,0,32.4,79,729,407,4.6000000000000005,21.9688,17.1220
2009,8,13,17,30,31.200000000000003,71,666,310,3.8000000000000003,16.0218,12.4233
2009,8,13,18,0,29.900000000000002,59,583,215,3,10.5611,8.1236
2009,8,13,18,30,28.1,45,459,124,2.7,0.0000,0.0000
2009,8,13,19,0,26.3,25,268,47,2.3000000000000003,0.0000,0.0000
2009,8,13,19,30,25.8,0,0,0,2.7,0.0000,0.0000
2009,8,13,20,0,25.3,0,0,0,3.1,0.0000,0.0000
2009,8,13,20,30,24.8,0,0,0,3.3000000000000003,0.0000,0.0000
2009,8,13,21,0,24.3,0,0,0,3.5,0.0000,0.0000
2009,8,13,21,30,23.8,0,0,0,3.6,0.0000,0.0000
2009,8,13,22,0,23.3,0,0,0,3.7,0.0000,0.0000
2009,8,13,22,30,22.900000000000002,0,0,0,3.7,0.0000,0.0000
2009,8,13,23,0,22.5,0,0,0,3.7,0.0000,0.0000
2009,8,13,23,30,22.200000000000003,0,0,0,3.6,0.0000,0.0000
2009,8,14,0,0,21.8,0,0,0,3.6,0.0000,0.0000
2009,8,14,0,30,21.5,0,0,0,3.5,0.0000,0.0000
2009,8,14,1,0,21.200000000000003,0,0,0,3.5,0.0000,0.0000
2009,8,14,1,30,21,0,0,0,3.4000000000000004,0.0000,0.0000
2009,8,14,2,0,20.700000000000003,0,0,0,3.4000000000000004,0.0000,0.0000
2009,8,14,2,30,20.5,0,0,0,3.3000000000000003,0.0000,0.0000
2009,8,14,3,0,20.200000000000003,0,0,0,3.3000000000000003,0.0000,0.0000
2009,8,14,3,30,20,0,0,0,3.3000000000000003,0.0000,0.0000
2009,8,14,4,0,19.700000000000003,0,0,0,3.3000000000000003,0.0000,0.0000
2009,8,14,4,30,19.6,0,0,0,3.4000000000000004,0.0000,0.0000
2009,8,14,5,0,19.400000000000002,0,0,0,3.4000000000000004,0.0000,0.0000
2009,8,14,5,30,19.8,0,0,0,3.7,0.0000,0.0000
2009,8,14,6,0,20.3,22,217,37,4,0.0000,0.0000
2009,8,14,6,30,21.5,72,28,77,4.1000000000000005,0.0000,0.0000
2009,8,14,7,0,22.8,127,18,131,4.3,6.3850,4.9035
2009,8,14,7,30,24.6,154,259,244,4.9,12.5114,9.6909
2009,8,14,8,0,26.400000000000002,194,309,328,5.6000000000000005,17.5920,13.7015
2009,8,14,8,30,27.700000000000003,90,765,487,5.7,27.0496,21.1415
2009,8,14,9,0,29,97,801,577,5.800000000000001,32.9114,25.7825
2009,8,14,9,30,29.900000000000002,310,397,576,5.800000000000001,33.5202,26.3008
2009,8,14,10,0,30.8,106,854,732,5.7,43.2483,33.9711
2009,8,14,10,30,31.5,378,382,678,5.7,40.5123,31.8467
2009,8,14,11,0,32.2,399,389,722,5.6000000000000005,43.4947,34.2096
2009,8,14,11,30,32.7,114,893,882,5.6000000000000005,53.4284,42.0375
2009,8,14,12,0,33.1,114,899,905,5.6000000000000005,55.0011,43.2838
2009,8,14,12,30,33.4,115,901,913,5.6000000000000005,55.5512,43.7198
2009,8,14,13,0,33.6,113,901,907,5.6000000000000005,55.1371,43.3915
2009,8,14,13,30,33.7,369,498,799,5.6000000000000005,48.4264,38.1032
2009,8,14,14,0,33.7,225,629,750,5.6000000000000005,45.2192,35.5678
2009,8,14,14,30,33.5,193,649,707,5.6000000000000005,42.2947,33.2505
2009,8,14,15,0,33.300000000000004,233,542,634,5.5,37.5182,29.4735
2009,8,14,15,30,32.7,101,841,671,5.4,39.1323,30.7091
2009,8,14,16,0,32.2,147,624,526,5.300000000000001,30.0868,23.5751
2009,8,14,16,30,31.400000000000002,262,173,354,5,19.7350,15.4297
2009,8,14,17,0,30.6,229,216,326,4.6000000000000005,17.5687,13.6904
2009,8,14,17,30,29.5,136,18,142,4.1000000000000005,7.3244,5.6778
2009,8,14,18,0,28.400000000000002,132,173,177,3.7,8.6759,6.6706
2009,8,14,18,30,27.3,87,70,99,3.7,0.0000,0.0000
2009,8,14,19,0,26.3,29,0,29,3.8000000000000003,0.0000,0.0000
2009,8,14,19,30,25.5,0,0,0,3.7,0.0000,0.0000
2009,8,14,20,0,24.700000000000003,0,0,0,3.7,0.0000,0.0000
2009,8,14,20,30,24.200000000000003,0,0,0,3.8000000000000003,0.0000,0.0000
2009,8,14,21,0,23.700000000000003,0,0,0,3.9000000000000004,0.0000,0.0000
2009,8,14,21,30,23.400000000000002,0,0,0,3.9000000000000004,0.0000,0.0000
2009,8,14,22,0,23,0,0,0,4,0.0000,0.0000
2009,8,14,22,30,22.700000000000003,0,0,0,3.9000000000000004,0.0000,0.0000
2009,8,14,23,0,22.5,0,0,0,3.8000000000000003,0.0000,0.0000
2009,8,14,23,30,22.3,0,0,0,3.7,0.0000,0.0000
2009,8,15,0,0,22.1,0,0,0,3.6,0.0000,0.0000
2009,8,15,0,30,21.8,0,0,0,3.9000000000000004,0.0000,0.0000
2009,8,15,1,0,21.400000000000002,0,0,0,4.2,0.0000,0.0000
2009,8,15,1,30,21.1,0,0,0,4.5,0.0000,0.0000
2009,8,15,2,0,20.8,0,0,0,4.7,0.0000,0.0000
2009,8,15,2,30,20.5,0,0,0,4.5,0.0000,0.0000
2009,8,15,3,0,20.200000000000003,0,0,0,4.3,0.0000,0.0000
2009,8,15,3,30,20,0,0,0,4.3,0.0000,0.0000
2009,8,15,4,0,19.8,0,0,0,4.4,0.0000,0.0000
2009,8,15,4,30,19.6,0,0,0,4.3,0.0000,0.0000
2009,8,15,5,0,19.400000000000002,0,0,0,4.2,0.0000,0.0000
2009,8,15,5,30,19.5,0,0,0,4.3,0.0000,0.0000
2009,8,15,6,0,19.5,5,0,5,4.4,0.0000,0.0000
2009,8,15,6,30,19.900000000000002,23,0,23,4.5,0.0000,0.0000
2009,8,15,7,0,20.400000000000002,89,8,91,4.5,4.4290,3.4003
2009,8,15,7,30,21,140,5,142,4.6000000000000005,7.2708,5.6306
2009,8,15,8,0,21.5,113,0,113,4.7,6.0537,4.7143
2009,8,15,8,30,22.1,59,0,59,4.800000000000001,3.2740,2.5587
2009,8,15,9,0,22.6,264,71,306,4.9,17.4404,13.6618
2009,8,15,9,30,22.900000000000002,332,132,420,4.9,24.4271,19.1652
2009,8,15,10,0,23.200000000000003,285,20,300,4.800000000000001,17.7152,13.9146
2009,8,15,10,30,23.3,369,60,416,4.7,24.8453,19.5302
2009,8,15,11,0,23.5,365,37,395,4.7,23.7849,18.7068
2009,8,15,11,30,23.900000000000002,153,0,154,4.7,9.3249,7.3366
2009,8,15,12,0,24.400000000000002,409,43,446,4.800000000000001,27.0942,21.3216
2009,8,15,12,30,25.1,423,78,492,4.9,29.9232,23.5495
2009,8,15,13,0,25.8,393,256,618,4.9,37.5520,29.5517
2009,8,15,13,30,26.200000000000003,402,218,590,4.9,35.7428,28.1226
2009,8,15,14,0,26.5,426,97,506,4.800000000000001,30.4917,23.9829
2009,8,15,14,30,26.5,330,4,333,4.7,19.9092,15.6512
2009,8,15,15,0,26.6,247,1,247,4.6000000000000005,14.6068,11.4743
2009,8,15,15,30,26.400000000000002,160,684,622,4.7,36.2451,28.4417
2009,8,15,16,0,26.3,143,666,546,4.7,31.1984,24.4441
2009,8,15,16,30,25.900000000000002,132,622,460,4.7,25.6114,20.0218
2009,8,15,17,0,25.6,217,23,227,4.7,12.2130,9.5152
2009,8,15,17,30,25,133,4,134,4.4,6.8972,5.3451
2009,8,15,18,0,24.5,131,20,136,4.2,6.6527,5.1130
2009,8,15,18,30,23.8,72,3,73,3.7,0.0000,0.0000
2009,8,15,19,0,23.200000000000003,16,0,16,3.3000000000000003,0.0000,0.0000
2009,8,15,19,30,22.900000000000002,0,0,0,3.2,0.0000,0.0000
2009,8,15,20,0,22.6,0,0,0,3.1,0.0000,0.0000
2009,8,15,20,30,22.400000000000002,0,0,0,3.2,0.0000,0.0000
2009,8,15,21,0,22.3,0,0,0,3.4000000000000004,0.0000,0.0000
2009,8,15,21,30,22.200000000000003,0,0,0,3.4000000000000004,0.0000,0.0000
2009,8,15,22,0,22.1,0,0,0,3.5,0.0000,0.0000
2009,8,15,22,30,22,0,0,0,3.4000000000000004,0.0000,0.0000
2009,8,15,23,0,21.900000000000002,0,0,0,3.4000000000000004,0.0000,0.0000
2009,8,15,23,30,21.8,0,0,0,3.2,0.0000,0.0000
2009,8,16,0,0,21.700000000000003,0,0,0,3,0.0000,0.0000
2009,8,16,0,30,21.5,0,0,0,2.9000000000000004,0.0000,0.0000
2009,8,16,1,0,21.400000000000002,0,0,0,2.7,0.0000,0.0000
2009,8,16,1,30,21.200000000000003,0,0,0,2.5,0.0000,0.0000
2009,8,16,2,0,21.1,0,0,0,2.3000000000000003,0.0000,0.0000
2009,8,16,2,30,21,0,0,0,2.3000000000000003,0.0000,0.0000
2009,8,16,3,0,20.8,0,0,0,2.2,0.0000,0.0000
2009,8,16,3,30,20.700000000000003,0,0,0,2.3000000000000003,0.0000,0.0000
2009,8,16,4,0,20.5,0,0,0,2.4000000000000004,0.0000,0.0000
2009,8,16,4,30,20.1,0,0,0,3.2,0.0000,0.0000
2009,8,16,5,0,19.700000000000003,0,0,0,4,0.0000,0.0000
2009,8,16,5,30,18.8,0,0,0,4.5,0.0000,0.0000
2009,8,16,6,0,17.900000000000002,12,0,12,5,0.0000,0.0000
2009,8,16,6,30,17.6,22,0,22,4.9,0.0000,0.0000
2009,8,16,7,0,17.400000000000002,14,0,14,4.7,0.6805,0.5223
2009,8,16,7,30,18,11,0,11,4.5,0.5624,0.4354
2009,8,16,8,0,18.7,136,1,136,4.2,7.2769,5.6661
2009,8,16,8,30,19.6,277,177,368,4.3,20.4025,15.9435
2009,8,16,9,0,20.5,286,41,310,4.4,17.6555,13.8294
2009,8,16,9,30,21.3,333,58,371,4.3,21.5634,16.9176
2009,8,16,10,0,22,243,1,244,4.1000000000000005,14.4006,11.3107
2009,8,16,10,30,22.6,439,177,578,3.9000000000000004,34.5040,27.1218
2009,8,16,11,0,23.3,124,863,836,3.7,50.3176,39.5737
2009,8,16,11,30,23.700000000000003,476,157,611,3.5,36.9811,29.0952
2009,8,16,12,0,24.1,474,143,598,3.4000000000000004,36.3127,28.5752
2009,8,16,12,30,24.400000000000002,483,150,615,3.3000000000000003,37.3877,29.4233
2009,8,16,13,0,24.6,462,129,575,3.2,34.9235,27.4824
2009,8,16,13,30,24.700000000000003,114,903,889,3,53.8299,42.3523
2009,8,16,14,0,24.8,110,902,857,2.9000000000000004,51.6154,40.5960
2009,8,16,14,30,24.700000000000003,107,890,807,2.8000000000000003,48.2194,37.9052
2009,8,16,15,0,24.700000000000003,98,883,747,2.7,44.1439,34.6751
2009,8,16,15,30,24.5,95,862,674,2.5,39.2416,30.7910
2009,8,16,16,0,24.400000000000002,89,836,592,2.4000000000000004,33.7913,26.4734
2009,8,16,16,30,24,83,800,501,2.3000000000000003,27.8563,21.7740
2009,8,16,17,0,23.700000000000003,77,751,405,2.1,21.7528,16.9447
2009,8,16,17,30,22.700000000000003,68,686,307,1.6,15.7684,12.2165
2009,8,16,18,0,21.700000000000003,57,595,209,1.1,10.2024,7.8378
2009,8,16,18,30,20.3,42,461,116,1,0.0000,0.0000
2009,8,16,19,0,19,22,256,40,0.9,0.0000,0.0000
2009,8,16,19,30,18.5,0,0,0,1,0.0000,0.0000
2009,8,16,20,0,18.1,0,0,0,1,0.0000,0.0000
2009,8,16,20,30,17.7,0,0,0,1,0.0000,0.0000
2009,8,16,21,0,17.3,0,0,0,1,0.0000,0.0000
2009,8,16,21,30,17.1,0,0,0,1,0.0000,0.0000
2009,8,16,22,0,16.8,0,0,0,1,0.0000,0.0000
2009,8,16,22,30,16.5,0,0,0,1,0.0000,0.0000
2009,8,16,23,0,16.3,0,0,0,1,0.0000,0.0000
2009,8,16,23,30,16,0,0,0,1,0.0000,0.0000
2009,8,17,0,0,15.8,0,0,0,1,0.0000,0.0000
2009,8,17,0,30,15.8,0,0,0,0.9,0.0000,0.0000
2009,8,17,1,0,15.9,0,0,0,0.9,0.0000,0.0000
2009,8,17,1,30,15.8,0,0,0,0.8,0.0000,0.0000
2009,8,17,2,0,15.700000000000001,0,0,0,0.7000000000000001,0.0000,0.0000
2009,8,17,2,30,15.600000000000001,0,0,0,0.8,0.0000,0.0000
2009,8,17,3,0,15.600000000000001,0,0,0,0.8,0.0000,0.0000
2009,8,17,3,30,15.700000000000001,0,0,0,0.8,0.0000,0.0000
2009,8,17,4,0,15.700000000000001,0,0,0,0.9,0.0000,0.0000
2009,8,17,4,30,15.600000000000001,0,0,0,0.8,0.0000,0.0000
2009,8,17,5,0,15.5,0,0,0,0.8,0.0000,0.0000
2009,8,17,5,30,16,0,0,0,0.7000000000000001,0.0000,0.0000
2009,8,17,6,0,16.6,17,0,17,0.6000000000000001,0.0000,0.0000
2009,8,17,6,30,17.5,62,10,64,0.8,0.0000,0.0000
2009,8,17,7,0,18.5,83,7,85,1,4.1258,3.1656
2009,8,17,7,30,19.900000000000002,114,8,117,1.3,5.9730,4.6236
2009,8,17,8,0,21.3,138,9,142,1.6,7.5891,5.9085
2009,8,17,8,30,22.400000000000002,238,50,264,1.5,14.6226,11.4258
2009,8,17,9,0,23.5,293,111,358,1.4000000000000001,20.3733,15.9572
2009,8,17,9,30,24.3,347,92,408,1.1,23.6986,18.5918
2009,8,17,10,0,25.1,350,248,529,0.8,31.2041,24.5077
2009,8,17,10,30,25.6,346,343,613,0.7000000000000001,36.5747,28.7485
2009,8,17,11,0,26.200000000000003,367,330,638,0.6000000000000001,38.3826,30.1861
2009,8,17,11,30,26.5,245,583,742,0.9,44.8907,35.3172
2009,8,17,12,0,26.900000000000002,107,913,903,1.3,54.8098,43.1298
2009,8,17,12,30,27.1,107,915,911,1.5,55.3581,43.5643
2009,8,17,13,0,27.3,106,914,904,1.8,54.8808,43.1862
2009,8,17,13,30,27.3,105,907,881,2,53.3196,41.9495
2009,8,17,14,0,27.3,103,900,845,2.1,50.8649,40.0044
2009,8,17,14,30,27.200000000000003,101,888,796,2.3000000000000003,47.5322,37.3634
2009,8,17,15,0,27.1,99,867,733,2.4000000000000004,43.2843,33.9981
2009,8,17,15,30,26.900000000000002,95,846,661,2.4000000000000004,38.4500,30.1679
2009,8,17,16,0,26.6,92,815,578,2.5,32.9558,25.8164
2009,8,17,16,30,26.1,85,778,489,2.4000000000000004,27.1517,21.2206
2009,8,17,17,0,25.6,78,728,394,2.3000000000000003,21.1243,16.4520
2009,8,17,17,30,24.5,69,662,297,1.9000000000000001,15.2222,11.7899
2009,8,17,18,0,23.400000000000002,58,565,200,1.5,9.7423,7.4809
2009,8,17,18,30,21.8,42,432,110,1.4000000000000001,0.0000,0.0000
2009,8,17,19,0,20.3,22,224,36,1.3,0.0000,0.0000
2009,8,17,19,30,19.8,0,0,0,1.4000000000000001,0.0000,0.0000
2009,8,17,20,0,19.200000000000003,0,0,0,1.4000000000000001,0.0000,0.0000
2009,8,17,20,30,18.7,0,0,0,1.3,0.0000,0.0000
2009,8,17,21,0,18.1,0,0,0,1.3,0.0000,0.0000
2009,8,17,21,30,17.7,0,0,0,1.2000000000000002,0.0000,0.0000
2009,8,17,22,0,17.2,0,0,0,1.2000000000000002,0.0000,0.0000
2009,8,17,22,30,16.8,0,0,0,1.2000000000000002,0.0000,0.0000
2009,8,17,23,0,16.400000000000002,0,0,0,1.1,0.0000,0.0000
2009,8,17,23,30,16,0,0,0,1.1,0.0000,0.0000
2009,8,18,0,0,15.600000000000001,0,0,0,1,0.0000,0.0000
2009,8,18,0,30,15.200000000000001,0,0,0,1,0.0000,0.0000
2009,8,18,1,0,14.9,0,0,0,0.9,0.0000,0.0000
2009,8,18,1,30,14.5,0,0,0,0.9,0.0000,0.0000
2009,8,18,2,0,14.200000000000001,0,0,0,0.9,0.0000,0.0000
2009,8,18,2,30,14.200000000000001,0,0,0,0.9,0.0000,0.0000
2009,8,18,3,0,14.100000000000001,0,0,0,0.9,0.0000,0.0000
2009,8,18,3,30,14.100000000000001,0,0,0,0.8,0.0000,0.0000
2009,8,18,4,0,14.100000000000001,0,0,0,0.8,0.0000,0.0000
2009,8,18,4,30,14.200000000000001,0,0,0,0.7000000000000001,0.0000,0.0000
2009,8,18,5,0,14.200000000000001,0,0,0,0.7000000000000001,0.0000,0.0000
2009,8,18,5,30,14.9,0,0,0,0.7000000000000001,0.0000,0.0000
2009,8,18,6,0,15.600000000000001,22,2,22,0.8,0.0000,0.0000
2009,8,18,6,30,16.5,63,16,65,0.7000000000000001,0.0000,0.0000
2009,8,18,7,0,17.400000000000002,57,564,193,0.6000000000000001,9.3553,7.1758
2009,8,18,7,30,18.1,69,658,289,0.9,14.7311,11.4007
2009,8,18,8,0,18.8,75,739,388,1.1,20.7106,16.1219
2009,8,18,8,30,19.6,257,257,388,1.1,21.4701,16.7748
2009,8,18,9,0,20.400000000000002,186,487,473,1.1,26.8965,21.0651
2009,8,18,9,30,21.400000000000002,239,467,548,1.3,31.8096,24.9538
2009,8,18,10,0,22.400000000000002,249,494,607,1.5,35.7844,28.1039
2009,8,18,10,30,23.400000000000002,238,530,650,1.6,38.7632,30.4677
2009,8,18,11,0,24.3,185,653,720,1.8,43.2956,34.0490
2009,8,18,11,30,25.1,242,605,757,1.7000000000000002,45.7776,36.0139
2009,8,18,12,0,26,112,900,894,1.7000000000000002,54.2399,42.6802
2009,8,18,12,30,26.5,112,902,902,1.6,54.7866,43.1134
2009,8,18,13,0,27.1,112,898,894,1.6,54.2478,42.6868
2009,8,18,13,30,27.3,216,677,793,1.7000000000000002,47.9685,37.7382
2009,8,18,14,0,27.6,110,882,834,1.9000000000000001,50.1741,39.4596
2009,8,18,14,30,27.6,107,867,783,2.2,46.7260,36.7281
2009,8,18,15,0,27.700000000000003,102,853,723,2.6,42.6615,33.5071
2009,8,18,15,30,27.400000000000002,97,829,649,2.9000000000000004,37.7176,29.5911
2009,8,18,16,0,27.200000000000003,95,795,566,3.1,32.2355,25.2498
2009,8,18,16,30,26.6,88,757,478,3,26.5041,20.7118
2009,8,18,17,0,25.900000000000002,81,702,383,2.8000000000000003,20.4976,15.9607
2009,8,18,17,30,25,71,631,286,2.9000000000000004,14.6257,11.3243
2009,8,18,18,0,24.1,58,540,192,2.9000000000000004,9.3331,7.1634
2009,8,18,18,30,23.200000000000003,42,401,103,3.2,0.0000,0.0000
2009,8,18,19,0,22.3,20,0,20,3.5,0.0000,0.0000
2009,8,18,19,30,21.8,0,0,0,3.6,0.0000,0.0000
2009,8,18,20,0,21.400000000000002,0,0,0,3.7,0.0000,0.0000
2009,8,18,20,30,20.900000000000002,0,0,0,3.6,0.0000,0.0000
2009,8,18,21,0,20.400000000000002,0,0,0,3.4000000000000004,0.0000,0.0000
2009,8,18,21,30,20,0,0,0,3.4000000000000004,0.0000,0.0000
2009,8,18,22,0,19.6,0,0,0,3.4000000000000004,0.0000,0.0000
2009,8,18,22,30,19.400000000000002,0,0,0,3.4000000000000004,0.0000,0.0000
2009,8,18,23,0,19.1,0,0,0,3.4000000000000004,0.0000,0.0000
2009,8,18,23,30,18.900000000000002,0,0,0,3.3000000000000003,0.0000,0.0000
2009,8,19,0,0,18.7,0,0,0,3.2,0.0000,0.0000
2009,8,19,0,30,18.7,0,0,0,3.3000000000000003,0.0000,0.0000
2009,8,19,1,0,18.7,0,0,0,3.3000000000000003,0.0000,0.0000
2009,8,19,1,30,18.7,0,0,0,3.2,0.0000,0.0000
2009,8,19,2,0,18.8,0,0,0,3.1,0.0000,0.0000
2009,8,19,2,30,18.900000000000002,0,0,0,3,0.0000,0.0000
2009,8,19,3,0,19,0,0,0,2.9000000000000004,0.0000,0.0000
2009,8,19,3,30,19,0,0,0,3,0.0000,0.0000
2009,8,19,4,0,19,0,0,0,3.1,0.0000,0.0000
2009,8,19,4,30,19,0,0,0,3.4000000000000004,0.0000,0.0000
2009,8,19,5,0,18.900000000000002,0,0,0,3.8000000000000003,0.0000,0.0000
2009,8,19,5,30,18.900000000000002,0,0,0,4.1000000000000005,0.0000,0.0000
2009,8,19,6,0,18.900000000000002,10,0,10,4.4,0.0000,0.0000
2009,8,19,6,30,19.200000000000003,15,0,15,4.4,0.0000,0.0000
2009,8,19,7,0,19.400000000000002,32,0,32,4.5,1.5492,1.1879
2009,8,19,7,30,19.900000000000002,48,0,48,4.7,2.4429,1.8902
2009,8,19,8,0,20.400000000000002,107,3,108,5,5.7576,4.4813
2009,8,19,8,30,20.900000000000002,53,0,53,5.2,2.9298,2.2888
2009,8,19,9,0,21.5,160,5,163,5.4,9.2614,7.2530
2009,8,19,9,30,22,330,197,460,5,26.6839,20.9318
2009,8,19,10,0,22.5,140,770,695,4.6000000000000005,40.9484,32.1583
2009,8,19,10,30,23,430,133,532,4.5,31.7097,24.9228
2009,8,19,11,0,23.400000000000002,154,795,803,4.4,48.2630,37.9542
2009,8,19,11,30,23.6,156,804,838,4.3,50.6519,39.8474
2009,8,19,12,0,23.900000000000002,464,137,583,4.2,35.3550,27.8193
2009,8,19,12,30,24,474,248,690,4.1000000000000005,41.8903,32.9639
2009,8,19,13,0,24.200000000000003,453,126,562,4,34.0856,26.8206
2009,8,19,13,30,24.5,42,0,42,4,2.5393,1.9976
2009,8,19,14,0,24.8,117,0,117,4,7.0347,5.5323
2009,8,19,14,30,25.1,258,7,263,3.9000000000000004,15.6842,12.3277
2009,8,19,15,0,25.400000000000002,261,464,597,3.7,35.1997,27.6450
2009,8,19,15,30,25.3,107,807,641,3.5,37.2182,29.1974
2009,8,19,16,0,25.200000000000003,99,783,561,3.3000000000000003,31.9145,24.9961
2009,8,19,16,30,24.700000000000003,185,490,435,2.9000000000000004,24.0846,18.8185
2009,8,19,17,0,24.200000000000003,232,90,270,2.6,14.4237,11.2289
2009,8,19,17,30,23.1,73,620,281,2,14.3363,11.0966
2009,8,19,18,0,22.1,34,372,124,1.5,6.0149,4.6144
2009,8,19,18,30,21.200000000000003,56,62,65,1.4000000000000001,0.0000,0.0000
2009,8,19,19,0,20.3,9,0,9,1.4000000000000001,0.0000,0.0000
2009,8,19,19,30,20,0,0,0,1.9000000000000001,0.0000,0.0000
2009,8,19,20,0,19.8,0,0,0,2.4000000000000004,0.0000,0.0000
2009,8,19,20,30,19.200000000000003,0,0,0,3.4000000000000004,0.0000,0.0000
2009,8,19,21,0,18.7,0,0,0,4.4,0.0000,0.0000
2009,8,19,21,30,17.8,0,0,0,4.800000000000001,0.0000,0.0000
2009,8,19,22,0,17,0,0,0,5.1000000000000005,0.0000,0.0000
2009,8,19,22,30,16.3,0,0,0,4.800000000000001,0.0000,0.0000
2009,8,19,23,0,15.700000000000001,0,0,0,4.4,0.0000,0.0000
2009,8,19,23,30,15.200000000000001,0,0,0,3.9000000000000004,0.0000,0.0000
2009,8,20,0,0,14.8,0,0,0,3.4000000000000004,0.0000,0.0000
2009,8,20,0,30,14.600000000000001,0,0,0,3.3000000000000003,0.0000,0.0000
2009,8,20,1,0,14.3,0,0,0,3.2,0.0000,0.0000
2009,8,20,1,30,14.100000000000001,0,0,0,3.2,0.0000,0.0000
2009,8,20,2,0,14,0,0,0,3.3000000000000003,0.0000,0.0000
2009,8,20,2,30,13.9,0,0,0,3.4000000000000004,0.0000,0.0000
2009,8,20,3,0,13.8,0,0,0,3.5,0.0000,0.0000
2009,8,20,3,30,13.700000000000001,0,0,0,3.6,0.0000,0.0000
2009,8,20,4,0,13.700000000000001,0,0,0,3.6,0.0000,0.0000
2009,8,20,4,30,13.5,0,0,0,3.6,0.0000,0.0000
2009,8,20,5,0,13.4,0,0,0,3.6,0.0000,0.0000
2009,8,20,5,30,13.700000000000001,0,0,0,3.8000000000000003,0.0000,0.0000
2009,8,20,6,0,14,18,169,26,4,0.0000,0.0000
2009,8,20,6,30,14.8,41,385,95,4.1000000000000005,0.0000,0.0000
2009,8,20,7,0,15.700000000000001,57,543,184,4.3,8.8963,6.8195
2009,8,20,7,30,16.900000000000002,69,639,279,4.7,14.1788,10.9684
2009,8,20,8,0,18.2,75,722,378,5.2,20.1260,15.6624
2009,8,20,8,30,19.1,83,773,473,5.4,26.1211,20.4048
2009,8,20,9,0,20.1,87,816,563,5.6000000000000005,31.9631,25.0299
2009,8,20,9,30,20.6,92,842,644,5.800000000000001,37.3326,29.2836
2009,8,20,10,0,21,388,115,471,6,27.7344,21.7799
2009,8,20,10,30,21.3,69,0,69,6.1000000000000005,4.1106,3.2307
2009,8,20,11,0,21.5,165,0,165,6.2,9.9123,7.7949
2009,8,20,11,30,21.8,433,87,506,6.300000000000001,30.5704,24.0488
2009,8,20,12,0,22.1,43,0,43,6.4,2.6065,2.0508
2009,8,20,12,30,22.3,123,0,123,6.5,7.4638,5.8732
2009,8,20,13,0,22.5,395,77,462,6.5,28.0063,22.0364
2009,8,20,13,30,22.700000000000003,339,338,625,6.5,37.7662,29.7098
2009,8,20,14,0,22.8,406,102,490,6.5,29.4439,23.1545
2009,8,20,14,30,22.700000000000003,291,2,292,6.4,17.4018,13.6771
2009,8,20,15,0,22.6,230,566,637,6.4,37.5280,29.4719
2009,8,20,15,30,22.400000000000002,363,202,496,6.2,28.7712,22.5691
2009,8,20,16,0,22.200000000000003,107,769,558,6.1000000000000005,31.7061,24.8304
2009,8,20,16,30,21.900000000000002,100,728,469,5.800000000000001,25.9286,20.2565
2009,8,20,17,0,21.6,155,421,333,5.5,17.7552,13.8195
2009,8,20,17,30,21,136,399,269,4.9,13.6930,10.5952
2009,8,20,18,0,20.400000000000002,62,512,184,4.4,8.9078,6.8306
2009,8,20,18,30,19.5,44,362,96,3.9000000000000004,0.0000,0.0000
2009,8,20,19,0,18.6,20,141,27,3.4000000000000004,0.0000,0.0000
2009,8,20,19,30,18.3,0,0,0,3.5,0.0000,0.0000
2009,8,20,20,0,17.900000000000002,0,0,0,3.5,0.0000,0.0000
2009,8,20,20,30,17.6,0,0,0,3.4000000000000004,0.0000,0.0000
2009,8,20,21,0,17.3,0,0,0,3.4000000000000004,0.0000,0.0000
2009,8,20,21,30,16.900000000000002,0,0,0,3.3000000000000003,0.0000,0.0000
2009,8,20,22,0,16.5,0,0,0,3.1,0.0000,0.0000
2009,8,20,22,30,16.3,0,0,0,3.2,0.0000,0.0000
2009,8,20,23,0,16.1,0,0,0,3.4000000000000004,0.0000,0.0000
2009,8,20,23,30,15.9,0,0,0,3.5,0.0000,0.0000
2009,8,21,0,0,15.700000000000001,0,0,0,3.6,0.0000,0.0000
2009,8,21,0,30,15.5,0,0,0,3.6,0.0000,0.0000
2009,8,21,1,0,15.3,0,0,0,3.7,0.0000,0.0000
2009,8,21,1,30,15.100000000000001,0,0,0,3.7,0.0000,0.0000
2009,8,21,2,0,14.9,0,0,0,3.7,0.0000,0.0000
2009,8,21,2,30,14.700000000000001,0,0,0,3.8000000000000003,0.0000,0.0000
2009,8,21,3,0,14.5,0,0,0,3.8000000000000003,0.0000,0.0000
2009,8,21,3,30,14.3,0,0,0,3.8000000000000003,0.0000,0.0000
2009,8,21,4,0,14.100000000000001,0,0,0,3.9000000000000004,0.0000,0.0000
2009,8,21,4,30,13.9,0,0,0,3.9000000000000004,0.0000,0.0000
2009,8,21,5,0,13.700000000000001,0,0,0,3.9000000000000004,0.0000,0.0000
2009,8,21,5,30,14,0,0,0,4.2,0.0000,0.0000
2009,8,21,6,0,14.4,18,184,26,4.4,0.0000,0.0000
2009,8,21,6,30,15.3,39,419,97,5,0.0000,0.0000
2009,8,21,7,0,16.2,54,571,187,5.6000000000000005,9.0299,6.9198
2009,8,21,7,30,17,66,670,284,5.9,14.4104,11.1451
2009,8,21,8,0,17.900000000000002,226,144,286,6.300000000000001,15.2082,11.8335
2009,8,21,8,30,18.5,279,92,325,6.300000000000001,17.9292,14.0041
2009,8,21,9,0,19.1,244,6,247,6.4,14.0115,10.9715
2009,8,21,9,30,19.6,181,0,181,6.300000000000001,10.4852,8.2241
2009,8,21,10,0,20.1,339,30,361,6.300000000000001,21.2445,16.6827
2009,8,21,10,30,20.6,189,0,189,6.2,11.2532,8.8440
2009,8,21,11,0,21,443,222,624,6.1000000000000005,37.4678,29.4630
2009,8,21,11,30,21.3,166,0,166,6,10.0242,7.8855
2009,8,21,12,0,21.6,424,372,745,6,45.1363,35.5137
2009,8,21,12,30,21.8,110,906,896,5.9,54.3444,42.7616
2009,8,21,13,0,22,112,901,888,5.7,53.8026,42.3324
2009,8,21,13,30,22.200000000000003,111,896,866,5.6000000000000005,52.3001,41.1418
2009,8,21,14,0,22.400000000000002,109,887,830,5.5,49.8438,39.1952
2009,8,21,14,30,22.5,107,875,780,5.300000000000001,46.4513,36.5071
2009,8,21,15,0,22.5,100,867,721,5.1000000000000005,42.4422,33.3293
2009,8,21,15,30,22.3,96,844,648,4.9,37.5513,29.4543
2009,8,21,16,0,22.200000000000003,88,820,566,4.800000000000001,32.1219,25.1535
2009,8,21,16,30,21.8,82,782,476,4.5,26.2746,20.5238
2009,8,21,17,0,21.400000000000002,73,740,382,4.2,20.3268,15.8176
2009,8,21,17,30,20.6,64,671,284,3.5,14.4223,11.1556
2009,8,21,18,0,19.700000000000003,51,588,189,2.8000000000000003,9.1318,6.9989
2009,8,21,18,30,18.2,37,441,98,2.2,0.0000,0.0000
2009,8,21,19,0,16.7,17,214,27,1.6,0.0000,0.0000
2009,8,21,19,30,16.2,0,0,0,1.5,0.0000,0.0000
2009,8,21,20,0,15.700000000000001,0,0,0,1.5,0.0000,0.0000
2009,8,21,20,30,15.3,0,0,0,1.5,0.0000,0.0000
2009,8,21,21,0,14.9,0,0,0,1.5,0.0000,0.0000
2009,8,21,21,30,14.5,0,0,0,1.5,0.0000,0.0000
2009,8,21,22,0,14.200000000000001,0,0,0,1.4000000000000001,0.0000,0.0000
2009,8,21,22,30,13.8,0,0,0,1.4000000000000001,0.0000,0.0000
2009,8,21,23,0,13.5,0,0,0,1.4000000000000001,0.0000,0.0000
2009,8,21,23,30,13.100000000000001,0,0,0,1.4000000000000001,0.0000,0.0000
2009,8,22,0,0,12.8,0,0,0,1.3,0.0000,0.0000
2009,8,22,0,30,12.5,0,0,0,1.3,0.0000,0.0000
2009,8,22,1,0,12.200000000000001,0,0,0,1.3,0.0000,0.0000
2009,8,22,1,30,11.9,0,0,0,1.2000000000000002,0.0000,0.0000
2009,8,22,2,0,11.600000000000001,0,0,0,1.2000000000000002,0.0000,0.0000
2009,8,22,2,30,11.4,0,0,0,1.2000000000000002,0.0000,0.0000
2009,8,22,3,0,11.100000000000001,0,0,0,1.1,0.0000,0.0000
2009,8,22,3,30,10.9,0,0,0,1.1,0.0000,0.0000
2009,8,22,4,0,10.700000000000001,0,0,0,1,0.0000,0.0000
2009,8,22,4,30,10.600000000000001,0,0,0,1,0.0000,0.0000
2009,8,22,5,0,10.4,0,0,0,1,0.0000,0.0000
2009,8,22,5,30,11.4,0,0,0,1.2000000000000002,0.0000,0.0000
2009,8,22,6,0,12.4,16,213,25,1.5,0.0000,0.0000
2009,8,22,6,30,13.700000000000001,35,456,97,1.5,0.0000,0.0000
2009,8,22,7,0,15,49,606,188,1.6,9.0670,6.9460
2009,8,22,7,30,16.7,59,703,286,1.3,14.4893,11.2035
2009,8,22,8,0,18.400000000000002,67,771,386,1,20.4994,15.9483
2009,8,22,8,30,19.3,74,820,483,1,26.6174,20.7883
2009,8,22,9,0,20.3,79,857,575,0.9,32.5899,25.5171
2009,8,22,9,30,21,83,885,658,0.7000000000000001,38.0902,29.8745
2009,8,22,10,0,21.8,86,907,733,0.6000000000000001,43.1094,33.8509
2009,8,22,10,30,22.400000000000002,89,923,796,0.5,47.3678,37.2255
2009,8,22,11,0,23,90,936,847,0.4,50.8310,39.9697
2009,8,22,11,30,23.6,92,944,884,0.4,53.3555,41.9705
2009,8,22,12,0,24.1,92,949,906,0.4,54.8636,43.1658
2009,8,22,12,30,24.5,92,951,914,0.6000000000000001,55.4081,43.5972
2009,8,22,13,0,24.900000000000002,91,950,907,0.7000000000000001,54.9250,43.2141
2009,8,22,13,30,25.200000000000003,90,946,884,0.9,53.3565,41.9712
2009,8,22,14,0,25.400000000000002,88,940,848,1.1,50.8930,40.0186
2009,8,22,14,30,25.5,86,929,797,1.2000000000000002,47.4296,37.2741
2009,8,22,15,0,25.5,84,911,734,1.4000000000000001,43.1707,33.8992
2009,8,22,15,30,25.3,80,891,660,1.5,38.2087,29.9676
2009,8,22,16,0,25.1,76,865,576,1.6,32.6480,25.5628
2009,8,22,16,30,24.6,71,829,484,1.5,26.6741,20.8327
2009,8,22,17,0,24.1,65,780,387,1.5,20.5525,15.9896
2009,8,22,17,30,22.8,57,714,288,1.2000000000000002,14.5893,11.2806
2009,8,22,18,0,21.5,47,618,189,0.8,9.1139,6.9817
2009,8,22,18,30,19.8,34,470,97,0.9,0.0000,0.0000
2009,8,22,19,0,18.2,15,225,25,1,0.0000,0.0000
2009,8,22,19,30,17.6,0,0,0,1.1,0.0000,0.0000
2009,8,22,20,0,16.900000000000002,0,0,0,1.2000000000000002,0.0000,0.0000
2009,8,22,20,30,16.6,0,0,0,1.3,0.0000,0.0000
2009,8,22,21,0,16.2,0,0,0,1.4000000000000001,0.0000,0.0000
2009,8,22,21,30,16,0,0,0,1.6,0.0000,0.0000
2009,8,22,22,0,15.8,0,0,0,1.7000000000000002,0.0000,0.0000
2009,8,22,22,30,15.700000000000001,0,0,0,1.9000000000000001,0.0000,0.0000
2009,8,22,23,0,15.5,0,0,0,2,0.0000,0.0000
2009,8,22,23,30,15.3,0,0,0,2.1,0.0000,0.0000
2009,8,23,0,0,15.100000000000001,0,0,0,2.2,0.0000,0.0000
2009,8,23,0,30,14.9,0,0,0,2.3000000000000003,0.0000,0.0000
2009,8,23,1,0,14.700000000000001,0,0,0,2.3000000000000003,0.0000,0.0000
2009,8,23,1,30,14.4,0,0,0,2.4000000000000004,0.0000,0.0000
2009,8,23,2,0,14.200000000000001,0,0,0,2.4000000000000004,0.0000,0.0000
2009,8,23,2,30,14,0,0,0,2.3000000000000003,0.0000,0.0000
2009,8,23,3,0,13.8,0,0,0,2.3000000000000003,0.0000,0.0000
2009,8,23,3,30,13.5,0,0,0,2.2,0.0000,0.0000
2009,8,23,4,0,13.200000000000001,0,0,0,2.1,0.0000,0.0000
2009,8,23,4,30,13,0,0,0,2.1,0.0000,0.0000
2009,8,23,5,0,12.8,0,0,0,2,0.0000,0.0000
2009,8,23,5,30,13.5,0,0,0,2.4000000000000004,0.0000,0.0000
2009,8,23,6,0,14.100000000000001,15,180,22,2.8000000000000003,0.0000,0.0000
2009,8,23,6,30,15.200000000000001,36,416,91,2.8000000000000003,0.0000,0.0000
2009,8,23,7,0,16.400000000000002,51,568,180,2.7,8.6709,6.6404
2009,8,23,7,30,18.3,62,668,276,3.1,13.9608,10.7923
2009,8,23,8,0,20.200000000000003,71,739,374,3.5,19.8348,15.4289
2009,8,23,8,30,21.700000000000003,78,789,470,3.8000000000000003,25.8750,20.2065
2009,8,23,9,0,23.3,83,827,560,4.1000000000000005,31.7121,24.8280
2009,8,23,9,30,24.1,88,856,643,4.1000000000000005,37.1951,29.1709
2009,8,23,10,0,25,92,875,714,4.1000000000000005,41.9666,32.9521
2009,8,23,10,30,25.700000000000003,96,892,777,4.2,46.2122,36.3159
2009,8,23,11,0,26.400000000000002,98,903,826,4.2,49.5452,38.9574
2009,8,23,11,30,26.900000000000002,100,911,863,4.2,52.0612,40.9510
2009,8,23,12,0,27.400000000000002,100,919,885,4.3,53.5651,42.1428
2009,8,23,12,30,27.8,100,918,891,4.3,53.9860,42.4768
2009,8,23,13,0,28.200000000000003,100,916,883,4.3,53.4423,42.0461
2009,8,23,13,30,28.400000000000002,99,911,861,4.4,51.9379,40.8538
2009,8,23,14,0,28.6,97,903,824,4.4,49.4204,38.8590
2009,8,23,14,30,28.6,95,891,775,4.4,46.0867,36.2169
2009,8,23,15,0,28.6,91,876,713,4.4,41.8993,32.8988
2009,8,23,15,30,28.3,87,854,639,4.3,36.9543,28.9815
2009,8,23,16,0,28,84,823,556,4.3,31.4740,24.6408
2009,8,23,16,30,27.400000000000002,78,785,466,4.1000000000000005,25.6410,20.0228
2009,8,23,17,0,26.8,71,731,371,3.9000000000000004,19.6622,15.2933
2009,8,23,17,30,25.5,62,661,273,3.4000000000000004,13.7950,10.6625
2009,8,23,18,0,24.200000000000003,51,561,177,3,8.5194,6.5230
2009,8,23,18,30,22.900000000000002,35,406,88,2.9000000000000004,0.0000,0.0000
2009,8,23,19,0,21.6,14,169,21,2.9000000000000004,0.0000,0.0000
2009,8,23,19,30,21,0,0,0,3.2,0.0000,0.0000
2009,8,23,20,0,20.5,0,0,0,3.5,0.0000,0.0000
2009,8,23,20,30,19.900000000000002,0,0,0,3.5,0.0000,0.0000
2009,8,23,21,0,19.400000000000002,0,0,0,3.6,0.0000,0.0000
2009,8,23,21,30,18.900000000000002,0,0,0,3.6,0.0000,0.0000
2009,8,23,22,0,18.5,0,0,0,3.5,0.0000,0.0000
2009,8,23,22,30,18.1,0,0,0,3.5,0.0000,0.0000
2009,8,23,23,0,17.8,0,0,0,3.4000000000000004,0.0000,0.0000
2009,8,23,23,30,17.5,0,0,0,3.4000000000000004,0.0000,0.0000
2009,8,24,0,0,17.1,0,0,0,3.5,0.0000,0.0000
2009,8,24,0,30,16.8,0,0,0,3.5,0.0000,0.0000
2009,8,24,1,0,16.5,0,0,0,3.6,0.0000,0.0000
2009,8,24,1,30,16.2,0,0,0,3.6,0.0000,0.0000
2009,8,24,2,0,15.9,0,0,0,3.7,0.0000,0.0000
2009,8,24,2,30,15.700000000000001,0,0,0,3.8000000000000003,0.0000,0.0000
2009,8,24,3,0,15.600000000000001,0,0,0,3.8000000000000003,0.0000,0.0000
2009,8,24,3,30,15.5,0,0,0,3.9000000000000004,0.0000,0.0000
2009,8,24,4,0,15.4,0,0,0,3.9000000000000004,0.0000,0.0000
2009,8,24,4,30,15.4,0,0,0,4,0.0000,0.0000
2009,8,24,5,0,15.4,0,0,0,4.1000000000000005,0.0000,0.0000
2009,8,24,5,30,15.8,0,0,0,4.2,0.0000,0.0000
2009,8,24,6,0,16.2,7,0,7,4.3,0.0000,0.0000
2009,8,24,6,30,17.400000000000002,27,1,27,4.6000000000000005,0.0000,0.0000
2009,8,24,7,0,18.6,113,25,119,4.800000000000001,5.7255,4.3833
2009,8,24,7,30,20.400000000000002,144,251,224,5.4,11.3117,8.7422
2009,8,24,8,0,22.200000000000003,87,644,350,6,18.5378,14.4178
2009,8,24,8,30,23.5,97,702,443,6.1000000000000005,24.3624,19.0233
2009,8,24,9,0,24.900000000000002,163,513,457,6.300000000000001,25.8567,20.2422
2009,8,24,9,30,26,221,480,531,6.2,30.6940,24.0709
2009,8,24,10,0,27.1,241,479,581,6.1000000000000005,34.1274,26.7956
2009,8,24,10,30,28.1,383,300,611,6.1000000000000005,36.3177,28.5392
2009,8,24,11,0,29.200000000000003,114,853,799,6,47.8999,37.6623
2009,8,24,11,30,30,116,862,834,6,50.2855,39.5529
2009,8,24,12,0,30.900000000000002,107,885,861,5.9,52.0860,40.9778
2009,8,24,12,30,31.5,107,887,868,6,52.5649,41.3573
2009,8,24,13,0,32,105,890,863,6,52.2036,41.0702
2009,8,24,13,30,32.300000000000004,104,884,841,6,50.7013,39.8796
2009,8,24,14,0,32.6,102,876,805,6,48.2489,37.9362
2009,8,24,14,30,32.6,100,863,755,5.9,44.8630,35.2535
2009,8,24,15,0,32.6,98,842,693,5.9,40.6883,31.9460
2009,8,24,15,30,32.300000000000004,94,819,620,5.7,35.8163,28.0866
2009,8,24,16,0,32.1,90,784,538,5.5,30.4155,23.8095
2009,8,24,16,30,31.400000000000002,84,742,448,5.2,24.6093,19.2140
2009,8,24,17,0,30.700000000000003,78,680,353,4.9,18.6678,14.5162
2009,8,24,17,30,29.6,68,604,257,4.800000000000001,12.9541,10.0087
2009,8,24,18,0,28.5,108,128,137,4.800000000000001,6.5826,5.0376
2009,8,24,18,30,27.400000000000002,61,32,65,4.9,0.0000,0.0000
2009,8,24,19,0,26.3,9,0,9,5,0.0000,0.0000
2009,8,24,19,30,25.5,0,0,0,4.9,0.0000,0.0000
2009,8,24,20,0,24.6,0,0,0,4.800000000000001,0.0000,0.0000
2009,8,24,20,30,24,0,0,0,4.5,0.0000,0.0000
2009,8,24,21,0,23.3,0,0,0,4.2,0.0000,0.0000
2009,8,24,21,30,23,0,0,0,3.9000000000000004,0.0000,0.0000
2009,8,24,22,0,22.700000000000003,0,0,0,3.6,0.0000,0.0000
2009,8,24,22,30,22.5,0,0,0,3.4000000000000004,0.0000,0.0000
2009,8,24,23,0,22.400000000000002,0,0,0,3.1,0.0000,0.0000
2009,8,24,23,30,22.200000000000003,0,0,0,2.9000000000000004,0.0000,0.0000
2009,8,25,0,0,22,0,0,0,2.7,0.0000,0.0000
2009,8,25,0,30,21.8,0,0,0,2.6,0.0000,0.0000
2009,8,25,1,0,21.700000000000003,0,0,0,2.5,0.0000,0.0000
2009,8,25,1,30,21.5,0,0,0,2.4000000000000004,0.0000,0.0000
2009,8,25,2,0,21.400000000000002,0,0,0,2.3000000000000003,0.0000,0.0000
2009,8,25,2,30,21.200000000000003,0,0,0,2,0.0000,0.0000
2009,8,25,3,0,21,0,0,0,1.8,0.0000,0.0000
2009,8,25,3,30,20.8,0,0,0,1.4000000000000001,0.0000,0.0000
2009,8,25,4,0,20.6,0,0,0,1.1,0.0000,0.0000
2009,8,25,4,30,20.5,0,0,0,0.9,0.0000,0.0000
2009,8,25,5,0,20.3,0,0,0,0.7000000000000001,0.0000,0.0000
2009,8,25,5,30,20.700000000000003,0,0,0,0.9,0.0000,0.0000
2009,8,25,6,0,21.1,8,0,8,1.2000000000000002,0.0000,0.0000
2009,8,25,6,30,21.5,49,5,49,1.9000000000000001,0.0000,0.0000
2009,8,25,7,0,22,66,4,67,2.6,3.2200,2.4644
2009,8,25,7,30,22.5,103,13,107,3.4000000000000004,5.3949,4.1684
2009,8,25,8,0,23,38,0,38,4.1000000000000005,2.0099,1.5629
2009,8,25,8,30,23.5,191,44,213,4.3,11.7004,9.1352
2009,8,25,9,0,24.1,244,192,353,4.6000000000000005,19.9548,15.6206
2009,8,25,9,30,24.5,242,436,522,4.5,30.1517,23.6443
2009,8,25,10,0,25,352,70,402,4.5,23.5979,18.5273
2009,8,25,10,30,25.200000000000003,414,185,554,4.6000000000000005,32.9106,25.8608
2009,8,25,11,0,25.3,316,3,318,4.7,19.0536,14.9808
2009,8,25,11,30,25.200000000000003,94,0,94,4.7,5.6647,4.4555
2009,8,25,12,0,25.1,97,0,97,4.800000000000001,5.8649,4.6139
2009,8,25,12,30,24.900000000000002,297,7,303,4.7,18.3392,14.4285
2009,8,25,13,0,24.8,219,3,222,4.6000000000000005,13.4212,10.5584
2009,8,25,13,30,24.400000000000002,336,56,383,4.4,23.0756,18.1496
2009,8,25,14,0,24.1,352,11,361,4.3,21.6221,16.9998
2009,8,25,14,30,23.8,339,276,548,4,32.5376,25.5668
2009,8,25,15,0,23.5,258,1,259,3.7,15.1928,11.9277
2009,8,25,15,30,23.3,242,2,243,3.5,14.0226,10.9954
2009,8,25,16,0,23,247,17,256,3.2,14.4530,11.3126
2009,8,25,16,30,22.8,127,0,128,2.9000000000000004,7.0193,5.4795
2009,8,25,17,0,22.5,71,0,71,2.6,3.7465,2.9126
2009,8,25,17,30,22.1,100,1,101,2.1,5.0777,3.9216
2009,8,25,18,0,21.6,80,1,80,1.5,3.8374,2.9352
2009,8,25,18,30,21,35,0,35,1.2000000000000002,0.0000,0.0000
2009,8,25,19,0,20.400000000000002,4,0,4,0.9,0.0000,0.0000
2009,8,25,19,30,20.200000000000003,0,0,0,0.9,0.0000,0.0000
2009,8,25,20,0,20,0,0,0,0.9,0.0000,0.0000
2009,8,25,20,30,19.8,0,0,0,1,0.0000,0.0000
2009,8,25,21,0,19.700000000000003,0,0,0,1,0.0000,0.0000
2009,8,25,21,30,19.6,0,0,0,1,0.0000,0.0000
2009,8,25,22,0,19.5,0,0,0,1,0.0000,0.0000
2009,8,25,22,30,19.400000000000002,0,0,0,1,0.0000,0.0000
2009,8,25,23,0,19.3,0,0,0,1,0.0000,0.0000
2009,8,25,23,30,19.200000000000003,0,0,0,1,0.0000,0.0000
2009,8,26,0,0,19.1,0,0,0,1.1,0.0000,0.0000
2009,8,26,0,30,19,0,0,0,1.2000000000000002,0.0000,0.0000
2009,8,26,1,0,18.900000000000002,0,0,0,1.3,0.0000,0.0000
2009,8,26,1,30,18.8,0,0,0,1.4000000000000001,0.0000,0.0000
2009,8,26,2,0,18.7,0,0,0,1.6,0.0000,0.0000
2009,8,26,2,30,18.6,0,0,0,1.8,0.0000,0.0000
2009,8,26,3,0,18.5,0,0,0,2,0.0000,0.0000
2009,8,26,3,30,18.2,0,0,0,2.1,0.0000,0.0000
2009,8,26,4,0,18,0,0,0,2.2,0.0000,0.0000
2009,8,26,4,30,17.7,0,0,0,2.2,0.0000,0.0000
2009,8,26,5,0,17.5,0,0,0,2.2,0.0000,0.0000
2009,8,26,5,30,17.6,0,0,0,2.4000000000000004,0.0000,0.0000
2009,8,26,6,0,17.7,5,0,5,2.7,0.0000,0.0000
2009,8,26,6,30,18.1,12,0,12,2.9000000000000004,0.0000,0.0000
2009,8,26,7,0,18.5,11,0,11,3.1,0.5281,0.4041
2009,8,26,7,30,19.200000000000003,7,0,7,3,0.3524,0.2722
2009,8,26,8,0,19.8,18,0,18,3,0.9508,0.7392
2009,8,26,8,30,20.200000000000003,9,0,9,3.1,0.4938,0.3855
2009,8,26,9,0,20.5,27,0,27,3.2,1.5249,1.1936
2009,8,26,9,30,20.700000000000003,34,0,34,3.4000000000000004,1.9624,1.5388
2009,8,26,10,0,20.8,54,0,54,3.6,3.1677,2.4869
2009,8,26,10,30,20.900000000000002,60,0,60,3.7,3.5622,2.7990
2009,8,26,11,0,21,59,0,59,3.8000000000000003,3.5331,2.7778
2009,8,26,11,30,21,114,0,114,3.9000000000000004,6.8662,5.4004
2009,8,26,12,0,21,107,0,107,3.9000000000000004,6.4660,5.0867
2009,8,26,12,30,20.900000000000002,210,1,211,3.9000000000000004,12.7640,10.0418
2009,8,26,13,0,20.700000000000003,131,0,131,3.9000000000000004,7.9151,6.2266
2009,8,26,13,30,20.6,128,0,129,3.8000000000000003,7.7673,6.1090
2009,8,26,14,0,20.400000000000002,148,1,149,3.8000000000000003,8.9181,7.0113
2009,8,26,14,30,20.200000000000003,108,0,108,3.7,6.4073,5.0343
2009,8,26,15,0,20.1,68,0,68,3.6,3.9851,3.1285
2009,8,26,15,30,19.8,92,0,92,3.5,5.3030,4.1578
2009,8,26,16,0,19.6,74,0,74,3.3000000000000003,4.1721,3.2651
2009,8,26,16,30,19.400000000000002,179,26,191,3.1,10.4554,8.1603
2009,8,26,17,0,19.200000000000003,54,0,54,2.8000000000000003,2.8431,2.2097
2009,8,26,17,30,18.8,16,0,16,2.5,0.8023,0.6194
2009,8,26,18,0,18.5,59,0,59,2.1,2.8258,2.1603
2009,8,26,18,30,17.900000000000002,26,0,26,2,0.0000,0.0000
2009,8,26,19,0,17.2,3,0,3,1.8,0.0000,0.0000
2009,8,26,19,30,16.900000000000002,0,0,0,1.7000000000000002,0.0000,0.0000
2009,8,26,20,0,16.5,0,0,0,1.5,0.0000,0.0000
2009,8,26,20,30,16.2,0,0,0,1.5,0.0000,0.0000
2009,8,26,21,0,15.9,0,0,0,1.4000000000000001,0.0000,0.0000
2009,8,26,21,30,15.700000000000001,0,0,0,1.5,0.0000,0.0000
2009,8,26,22,0,15.5,0,0,0,1.6,0.0000,0.0000
2009,8,26,22,30,15.3,0,0,0,1.6,0.0000,0.0000
2009,8,26,23,0,15.100000000000001,0,0,0,1.7000000000000002,0.0000,0.0000
2009,8,26,23,30,14.9,0,0,0,1.7000000000000002,0.0000,0.0000
2009,8,27,0,0,14.700000000000001,0,0,0,1.8,0.0000,0.0000
2009,8,27,0,30,14.5,0,0,0,1.9000000000000001,0.0000,0.0000
2009,8,27,1,0,14.4,0,0,0,2,0.0000,0.0000
2009,8,27,1,30,14.100000000000001,0,0,0,2,0.0000,0.0000
2009,8,27,2,0,13.9,0,0,0,2,0.0000,0.0000
2009,8,27,2,30,13.700000000000001,0,0,0,2,0.0000,0.0000
2009,8,27,3,0,13.5,0,0,0,2,0.0000,0.0000
2009,8,27,3,30,13.3,0,0,0,1.9000000000000001,0.0000,0.0000
2009,8,27,4,0,13.100000000000001,0,0,0,1.9000000000000001,0.0000,0.0000
2009,8,27,4,30,13,0,0,0,2,0.0000,0.0000
2009,8,27,5,0,12.8,0,0,0,2.1,0.0000,0.0000
2009,8,27,5,30,13.200000000000001,0,0,0,2.4000000000000004,0.0000,0.0000
2009,8,27,6,0,13.5,4,0,4,2.8000000000000003,0.0000,0.0000
2009,8,27,6,30,14.3,36,359,79,2.9000000000000004,0.0000,0.0000
2009,8,27,7,0,15.100000000000001,54,523,167,3.1,8.0092,6.1259
2009,8,27,7,30,16.400000000000002,67,635,263,3,13.2172,10.2072
2009,8,27,8,0,17.8,118,0,118,3,6.2241,4.8385
2009,8,27,8,30,19.3,111,0,111,3.5,6.0840,4.7492
2009,8,27,9,0,20.8,223,2,224,4,12.6398,9.8929
2009,8,27,9,30,21.6,281,8,286,4,16.4941,12.9328
2009,8,27,10,0,22.400000000000002,347,42,377,4,22.1007,17.3502
2009,8,27,10,30,23,429,158,548,4,32.5144,25.5473
2009,8,27,11,0,23.5,446,137,555,3.9000000000000004,33.2163,26.1141
2009,8,27,11,30,23.900000000000002,105,923,866,4,52.1300,40.9994
2009,8,27,12,0,24.400000000000002,471,258,688,4,41.5530,32.6877
2009,8,27,12,30,24.6,107,929,895,4,54.1096,42.5682
2009,8,27,13,0,24.900000000000002,105,929,887,4,53.5611,42.1334
2009,8,27,13,30,25,104,924,864,3.9000000000000004,51.9886,40.8871
2009,8,27,14,0,25.1,100,918,826,3.8000000000000003,49.4032,38.8383
2009,8,27,14,30,25.1,98,905,775,3.6,45.9406,36.0943
2009,8,27,15,0,25,91,895,712,3.5,41.6861,32.7226
2009,8,27,15,30,24.8,87,876,639,3.3000000000000003,36.7895,28.8422
2009,8,27,16,0,24.5,82,846,554,3.1,31.1887,24.4060
2009,8,27,16,30,24,76,807,461,2.7,25.1895,19.6568
2009,8,27,17,0,23.400000000000002,68,755,363,2.3000000000000003,19.0694,14.8169
2009,8,27,17,30,21.900000000000002,59,680,263,1.7000000000000002,13.1533,10.1499
2009,8,27,18,0,20.5,47,572,165,1.1,7.8919,6.0304
2009,8,27,18,30,19.1,31,399,76,1.1,0.0000,0.0000
2009,8,27,19,0,17.7,10,121,12,1,0.0000,0.0000
2009,8,27,19,30,17.2,0,0,0,1,0.0000,0.0000
2009,8,27,20,0,16.7,0,0,0,1,0.0000,0.0000
2009,8,27,20,30,16.400000000000002,0,0,0,1,0.0000,0.0000
2009,8,27,21,0,16,0,0,0,1,0.0000,0.0000
2009,8,27,21,30,15.700000000000001,0,0,0,1,0.0000,0.0000
2009,8,27,22,0,15.4,0,0,0,1,0.0000,0.0000
2009,8,27,22,30,15.100000000000001,0,0,0,1,0.0000,0.0000
2009,8,27,23,0,14.9,0,0,0,1,0.0000,0.0000
2009,8,27,23,30,14.700000000000001,0,0,0,0.9,0.0000,0.0000
2009,8,28,0,0,14.5,0,0,0,0.9,0.0000,0.0000
2009,8,28,0,30,14.3,0,0,0,0.9,0.0000,0.0000
2009,8,28,1,0,14.100000000000001,0,0,0,0.8,0.0000,0.0000
2009,8,28,1,30,13.8,0,0,0,0.8,0.0000,0.0000
2009,8,28,2,0,13.5,0,0,0,0.8,0.0000,0.0000
2009,8,28,2,30,13.3,0,0,0,0.8,0.0000,0.0000
2009,8,28,3,0,13.100000000000001,0,0,0,0.8,0.0000,0.0000
2009,8,28,3,30,12.8,0,0,0,0.8,0.0000,0.0000
2009,8,28,4,0,12.4,0,0,0,0.9,0.0000,0.0000
2009,8,28,4,30,12.100000000000001,0,0,0,0.9,0.0000,0.0000
2009,8,28,5,0,11.700000000000001,0,0,0,1,0.0000,0.0000
2009,8,28,5,30,12.3,0,0,0,0.9,0.0000,0.0000
2009,8,28,6,0,13,12,112,14,0.9,0.0000,0.0000
2009,8,28,6,30,14.4,35,365,78,1.3,0.0000,0.0000
2009,8,28,7,0,15.8,53,530,165,1.7000000000000002,7.9059,6.0450
2009,8,28,7,30,17.3,66,640,262,1.7000000000000002,13.1461,10.1497
2009,8,28,8,0,18.900000000000002,76,719,361,1.8,19.0145,14.7789
2009,8,28,8,30,20.200000000000003,84,772,456,2.1,24.9646,19.4850
2009,8,28,9,0,21.400000000000002,89,815,547,2.5,30.8364,24.1331
2009,8,28,9,30,22.1,95,846,631,2.6,36.3621,28.5092
2009,8,28,10,0,22.8,97,874,706,2.7,41.3588,32.4671
2009,8,28,10,30,23.3,100,891,768,2.7,45.5394,35.7798
2009,8,28,11,0,23.900000000000002,100,908,819,2.8000000000000003,48.9876,38.5118
2009,8,28,11,30,24.400000000000002,102,916,855,2.8000000000000003,51.4394,40.4548
2009,8,28,12,0,24.8,104,920,876,2.8000000000000003,52.8772,41.5944
2009,8,28,12,30,25.1,104,919,881,2.9000000000000004,53.2326,41.8767
2009,8,28,13,0,25.5,104,917,873,2.9000000000000004,52.6835,41.4414
2009,8,28,13,30,25.6,103,912,849,2.9000000000000004,51.0528,40.1494
2009,8,28,14,0,25.8,101,903,812,2.9000000000000004,48.5296,38.1497
2009,8,28,14,30,25.8,98,887,759,2.9000000000000004,44.9546,35.3175
2009,8,28,15,0,25.700000000000003,96,868,695,2.9000000000000004,40.6506,31.9075
2009,8,28,15,30,25.5,91,844,620,2.9000000000000004,35.6530,27.9485
2009,8,28,16,0,25.200000000000003,88,806,534,2.8000000000000003,30.0186,23.4873
2009,8,28,16,30,24.700000000000003,82,764,443,2.6,24.1616,18.8511
2009,8,28,17,0,24.1,74,703,346,2.3000000000000003,18.1338,14.0858
2009,8,28,17,30,22.700000000000003,64,624,248,1.8,12.3696,9.5409
2009,8,28,18,0,21.200000000000003,50,509,153,1.2000000000000002,7.3092,5.5824
2009,8,28,18,30,19.900000000000002,32,335,67,1.3,0.0000,0.0000
2009,8,28,19,0,18.6,0,0,0,1.4000000000000001,0.0000,0.0000
2009,8,28,19,30,18.400000000000002,0,0,0,1.7000000000000002,0.0000,0.0000
2009,8,28,20,0,18.1,0,0,0,1.9000000000000001,0.0000,0.0000
2009,8,28,20,30,17.8,0,0,0,2.2,0.0000,0.0000
2009,8,28,21,0,17.5,0,0,0,2.4000000000000004,0.0000,0.0000
2009,8,28,21,30,17.3,0,0,0,2.6,0.0000,0.0000
2009,8,28,22,0,17,0,0,0,2.8000000000000003,0.0000,0.0000
2009,8,28,22,30,16.5,0,0,0,2.8000000000000003,0.0000,0.0000
2009,8,28,23,0,16,0,0,0,2.8000000000000003,0.0000,0.0000
2009,8,28,23,30,15.5,0,0,0,2.7,0.0000,0.0000
2009,8,29,0,0,15,0,0,0,2.6,0.0000,0.0000
2009,8,29,0,30,14.5,0,0,0,2.4000000000000004,0.0000,0.0000
2009,8,29,1,0,14,0,0,0,2.3000000000000003,0.0000,0.0000
2009,8,29,1,30,13.600000000000001,0,0,0,2.4000000000000004,0.0000,0.0000
2009,8,29,2,0,13.200000000000001,0,0,0,2.4000000000000004,0.0000,0.0000
2009,8,29,2,30,12.9,0,0,0,2.5,0.0000,0.0000
2009,8,29,3,0,12.5,0,0,0,2.6,0.0000,0.0000
2009,8,29,3,30,12.200000000000001,0,0,0,2.6,0.0000,0.0000
2009,8,29,4,0,11.9,0,0,0,2.6,0.0000,0.0000
2009,8,29,4,30,11.600000000000001,0,0,0,2.6,0.0000,0.0000
2009,8,29,5,0,11.3,0,0,0,2.5,0.0000,0.0000
2009,8,29,5,30,11.600000000000001,0,0,0,2.8000000000000003,0.0000,0.0000
2009,8,29,6,0,11.8,11,89,13,3,0.0000,0.0000
2009,8,29,6,30,12.9,37,330,74,3.3000000000000003,0.0000,0.0000
2009,8,29,7,0,14,103,11,106,3.6,5.0743,3.8786
2009,8,29,7,30,15.100000000000001,159,16,164,3.9000000000000004,8.2151,6.3409
2009,8,29,8,0,16.2,214,43,231,4.2,12.1497,9.4417
2009,8,29,8,30,17,259,201,356,4.2,19.4681,15.1932
2009,8,29,9,0,17.8,33,0,33,4.2,1.8586,1.4545
2009,8,29,9,30,18.5,360,154,457,4.2,26.3141,20.6299
2009,8,29,10,0,19.200000000000003,388,107,462,4.2,27.0458,21.2302
2009,8,29,10,30,19.900000000000002,427,170,554,4.2,32.8294,25.7925
2009,8,29,11,0,20.5,407,341,675,4.2,40.3495,31.7196
2009,8,29,11,30,21,112,906,854,4.2,51.3486,40.3818
2009,8,29,12,0,21.6,115,907,874,4.2,52.7257,41.4737
2009,8,29,12,30,21.900000000000002,115,911,883,4.2,53.3214,41.9449
2009,8,29,13,0,22.3,112,914,875,4.2,52.7714,41.5089
2009,8,29,13,30,22.400000000000002,111,908,852,4.1000000000000005,51.1983,40.2621
2009,8,29,14,0,22.6,106,907,817,4.1000000000000005,48.7925,38.3544
2009,8,29,14,30,22.5,420,131,517,4.1000000000000005,30.5945,24.0344
2009,8,29,15,0,22.5,96,884,702,4.1000000000000005,41.0189,32.1942
2009,8,29,15,30,22.200000000000003,91,857,624,4.1000000000000005,35.8395,28.0920
2009,8,29,16,0,21.900000000000002,86,824,539,4.1000000000000005,30.2544,23.6687
2009,8,29,16,30,21.3,80,782,447,3.9000000000000004,24.3328,18.9811
2009,8,29,17,0,20.8,199,28,210,3.7,10.9799,8.5264
2009,8,29,17,30,19.5,62,643,249,2.9000000000000004,12.3860,9.5491
2009,8,29,18,0,18.3,50,524,152,2.1,7.2545,5.5381
2009,8,29,18,30,16.900000000000002,31,344,66,1.8,0.0000,0.0000
2009,8,29,19,0,15.5,0,0,0,1.5,0.0000,0.0000
2009,8,29,19,30,15,0,0,0,1.4000000000000001,0.0000,0.0000
2009,8,29,20,0,14.600000000000001,0,0,0,1.4000000000000001,0.0000,0.0000
2009,8,29,20,30,14.100000000000001,0,0,0,1.4000000000000001,0.0000,0.0000
2009,8,29,21,0,13.700000000000001,0,0,0,1.3,0.0000,0.0000
2009,8,29,21,30,13.4,0,0,0,1.3,0.0000,0.0000
2009,8,29,22,0,13,0,0,0,1.2000000000000002,0.0000,0.0000
2009,8,29,22,30,12.700000000000001,0,0,0,1.2000000000000002,0.0000,0.0000
2009,8,29,23,0,12.4,0,0,0,1.2000000000000002,0.0000,0.0000
2009,8,29,23,30,12.100000000000001,0,0,0,1.1,0.0000,0.0000
2009,8,30,0,0,11.700000000000001,0,0,0,1.1,0.0000,0.0000
2009,8,30,0,30,11.4,0,0,0,1,0.0000,0.0000
2009,8,30,1,0,11.100000000000001,0,0,0,1,0.0000,0.0000
2009,8,30,1,30,10.8,0,0,0,1,0.0000,0.0000
2009,8,30,2,0,10.5,0,0,0,1,0.0000,0.0000
2009,8,30,2,30,10.200000000000001,0,0,0,1,0.0000,0.0000
2009,8,30,3,0,9.8,0,0,0,1,0.0000,0.0000
2009,8,30,3,30,9.5,0,0,0,0.9,0.0000,0.0000
2009,8,30,4,0,9.200000000000001,0,0,0,0.9,0.0000,0.0000
2009,8,30,4,30,8.8,0,0,0,0.9,0.0000,0.0000
2009,8,30,5,0,8.5,0,0,0,0.9,0.0000,0.0000
2009,8,30,5,30,9,0,0,0,1,0.0000,0.0000
2009,8,30,6,0,9.600000000000001,11,108,13,1.1,0.0000,0.0000
2009,8,30,6,30,10.8,34,376,76,1.4000000000000001,0.0000,0.0000
2009,8,30,7,0,11.9,52,553,166,1.6,7.9401,6.0674
2009,8,30,7,30,13.8,167,52,182,1.7000000000000002,9.1023,7.0239
2009,8,30,8,0,15.700000000000001,73,747,365,1.7000000000000002,19.1699,14.8945
2009,8,30,8,30,16.900000000000002,81,802,463,2.1,25.2892,19.7338
2009,8,30,9,0,18,85,848,557,2.5,31.3408,24.5238
2009,8,30,9,30,18.6,90,878,642,2.7,36.9367,28.9560
2009,8,30,10,0,19.200000000000003,92,906,718,2.8000000000000003,42.0011,32.9678
2009,8,30,10,30,19.700000000000003,95,923,781,2.8000000000000003,46.2506,36.3353
2009,8,30,11,0,20.200000000000003,96,937,833,2.8000000000000003,49.7643,39.1192
2009,8,30,11,30,20.6,98,946,869,2.8000000000000003,52.2199,41.0654
2009,8,30,12,0,20.900000000000002,95,957,892,2.7,53.7798,42.3012
2009,8,30,12,30,21.200000000000003,95,958,899,2.7,54.2553,42.6780
2009,8,30,13,0,21.400000000000002,93,956,888,2.6,53.5207,42.0965
2009,8,30,13,30,21.5,92,951,864,2.6,51.8825,40.7982
2009,8,30,14,0,21.6,90,943,825,2.5,49.2313,38.6973
2009,8,30,14,30,21.5,88,931,773,2.5,45.7045,35.9023
2009,8,30,15,0,21.400000000000002,84,915,708,2.4000000000000004,41.3261,32.4328
2009,8,30,15,30,21,80,892,632,2.4000000000000004,36.2544,28.4144
2009,8,30,16,0,20.700000000000003,76,863,546,2.3000000000000003,30.5994,23.9353
2009,8,30,16,30,20.200000000000003,70,823,452,2.2,24.5570,19.1521
2009,8,30,17,0,19.6,63,770,353,2.1,18.4109,14.2925
2009,8,30,17,30,18.1,54,694,253,1.5,12.5511,9.6719
2009,8,30,18,0,16.7,43,580,154,1,7.3446,5.6043
2009,8,30,18,30,15.200000000000001,28,398,66,1,0.0000,0.0000
2009,8,30,19,0,13.8,0,0,0,1,0.0000,0.0000
2009,8,30,19,30,13.3,0,0,0,1.1,0.0000,0.0000
2009,8,30,20,0,12.8,0,0,0,1.1,0.0000,0.0000
2009,8,30,20,30,12.4,0,0,0,1.1,0.0000,0.0000
2009,8,30,21,0,11.9,0,0,0,1.1,0.0000,0.0000
2009,8,30,21,30,11.600000000000001,0,0,0,1.1,0.0000,0.0000
2009,8,30,22,0,11.200000000000001,0,0,0,1.1,0.0000,0.0000
2009,8,30,22,30,10.9,0,0,0,1.1,0.0000,0.0000
2009,8,30,23,0,10.600000000000001,0,0,0,1.1,0.0000,0.0000
2009,8,30,23,30,10.3,0,0,0,1.1,0.0000,0.0000
2009,8,31,0,0,10,0,0,0,1.1,0.0000,0.0000
2009,8,31,0,30,9.700000000000001,0,0,0,1.1,0.0000,0.0000
2009,8,31,1,0,9.4,0,0,0,1,0.0000,0.0000
2009,8,31,1,30,9.200000000000001,0,0,0,1,0.0000,0.0000
2009,8,31,2,0,8.9,0,0,0,1,0.0000,0.0000
2009,8,31,2,30,8.700000000000001,0,0,0,1,0.0000,0.0000
2009,8,31,3,0,8.5,0,0,0,1,0.0000,0.0000
2009,8,31,3,30,8.3,0,0,0,1,0.0000,0.0000
2009,8,31,4,0,8.1,0,0,0,1,0.0000,0.0000
2009,8,31,4,30,8,0,0,0,1,0.0000,0.0000
2009,8,31,5,0,7.800000000000001,0,0,0,1,0.0000,0.0000
2009,8,31,5,30,8.5,0,0,0,1,0.0000,0.0000
2009,8,31,6,0,9.200000000000001,0,0,0,1,0.0000,0.0000
2009,8,31,6,30,10.600000000000001,31,409,75,1.3,0.0000,0.0000
2009,8,31,7,0,12,47,581,164,1.6,7.8384,5.9878
2009,8,31,7,30,13.700000000000001,58,691,263,2,13.1313,10.1301
2009,8,31,8,0,15.4,67,765,364,2.4000000000000004,19.0895,14.8294
2009,8,31,8,30,16.3,74,819,462,2.7,25.2043,19.6652
2009,8,31,9,0,17.3,81,855,554,2.9000000000000004,31.1413,24.3656
2009,8,31,9,30,18,85,884,638,3,36.6752,28.7490
2009,8,31,10,0,18.6,90,906,713,3.1,41.6787,32.7130
2009,8,31,10,30,19.200000000000003,371,39,399,3.1,23.6129,18.5498
2009,8,31,11,0,19.8,436,128,536,3.2,32.0010,25.1545
2009,8,31,11,30,20.3,457,244,655,3.2,39.3361,30.9324
2009,8,31,12,0,20.8,447,310,705,3.2,42.4797,33.4117
2009,8,31,12,30,21.1,97,948,889,3.3000000000000003,53.6176,42.1746
2009,8,31,13,0,21.5,96,946,879,3.3000000000000003,52.9432,41.6405
2009,8,31,13,30,21.700000000000003,95,941,855,3.3000000000000003,51.3060,40.3430
2009,8,31,14,0,21.8,93,933,817,3.3000000000000003,48.7158,38.2901
2009,8,31,14,30,21.8,90,920,764,3.3000000000000003,45.1305,35.4491
2009,8,31,15,0,21.8,88,902,699,3.3000000000000003,40.7573,31.9839
2009,8,31,15,30,21.6,84,876,621,3.3000000000000003,35.5775,27.8810
2009,8,31,16,0,21.400000000000002,79,844,535,3.3000000000000003,29.9353,23.4125
2009,8,31,16,30,20.8,73,803,442,3.2,23.9662,18.6875
2009,8,31,17,0,20.3,65,748,343,3.1,17.8444,13.8483
2009,8,31,17,30,18.900000000000002,56,668,244,2.4000000000000004,12.0722,9.2984
2009,8,31,18,0,17.5,43,558,147,1.8,7.0075,5.3448
2009,8,31,18,30,16.2,27,370,60,1.8,0.0000,0.0000
2009,8,31,19,0,14.9,0,0,0,1.9000000000000001,0.0000,0.0000
2009,8,31,19,30,14.600000000000001,0,0,0,2.2,0.0000,0.0000
2009,8,31,20,0,14.3,0,0,0,2.6,0.0000,0.0000
2009,8,31,20,30,14,0,0,0,2.7,0.0000,0.0000
2009,8,31,21,0,13.600000000000001,0,0,0,2.8000000000000003,0.0000,0.0000
2009,8,31,21,30,13.200000000000001,0,0,0,2.7,0.0000,0.0000
2009,8,31,22,0,12.8,0,0,0,2.6,0.0000,0.0000
2009,8,31,22,30,12.4,0,0,0,2.5,0.0000,0.0000
2009,8,31,23,0,12.100000000000001,0,0,0,2.3000000000000003,0.0000,0.0000
2009,8,31,23,30,11.700000000000001,0,0,0,2.2,0.0000,0.0000
2009,9,1,0,0,11.4,0,0,0,2,0.0000,0.0000
2009,9,1,0,30,11.100000000000001,0,0,0,1.9000000000000001,0.0000,0.0000
2009,9,1,1,0,10.8,0,0,0,1.8,0.0000,0.0000
2009,9,1,1,30,10.5,0,0,0,1.8,0.0000,0.0000
2009,9,1,2,0,10.3,0,0,0,1.8,0.0000,0.0000
2009,9,1,2,30,10.100000000000001,0,0,0,1.8,0.0000,0.0000
2009,9,1,3,0,9.8,0,0,0,1.8,0.0000,0.0000
2009,9,1,3,30,9.600000000000001,0,0,0,1.8,0.0000,0.0000
2009,9,1,4,0,9.3,0,0,0,1.7000000000000002,0.0000,0.0000
2009,9,1,4,30,9.200000000000001,0,0,0,1.7000000000000002,0.0000,0.0000
2009,9,1,5,0,9,0,0,0,1.7000000000000002,0.0000,0.0000
2009,9,1,5,30,9.600000000000001,0,0,0,2.1,0.0000,0.0000
2009,9,1,6,0,10.200000000000001,0,0,0,2.5,0.0000,0.0000
2009,9,1,6,30,11.5,35,309,67,2.8000000000000003,0.0000,0.0000
2009,9,1,7,0,12.700000000000001,56,479,152,3,7.2598,5.5441
2009,9,1,7,30,14.600000000000001,72,596,247,3.6,12.3117,9.4952
2009,9,1,8,0,16.400000000000002,85,668,342,4.2,17.9080,13.9090
2009,9,1,8,30,17.6,95,726,437,4.5,23.8115,18.5762
2009,9,1,9,0,18.7,105,766,526,4.7,29.5365,23.1079
2009,9,1,9,30,19.5,111,798,608,4.7,34.9219,27.3729
2009,9,1,10,0,20.3,380,97,446,4.800000000000001,26.0513,20.4462
2009,9,1,10,30,21,378,328,620,4.800000000000001,36.6669,28.8034
2009,9,1,11,0,21.700000000000003,133,839,786,4.800000000000001,46.8967,36.8619
2009,9,1,11,30,22.3,135,847,820,4.800000000000001,49.2145,38.6988
2009,9,1,12,0,22.900000000000002,453,258,666,4.800000000000001,40.1053,31.5429
2009,9,1,12,30,23.3,463,226,651,4.800000000000001,39.2385,30.8630
2009,9,1,13,0,23.8,464,187,618,4.800000000000001,37.1979,29.2554
2009,9,1,13,30,24,438,255,643,4.800000000000001,38.5562,30.3161
2009,9,1,14,0,24.200000000000003,426,231,605,4.800000000000001,36.0453,28.3296
2009,9,1,14,30,24.200000000000003,288,2,289,4.7,17.0560,13.3963
2009,9,1,15,0,24.1,379,124,463,4.6000000000000005,26.9675,21.1607
2009,9,1,15,30,23.8,322,62,360,4.5,20.5977,16.1401
2009,9,1,16,0,23.5,290,58,321,4.4,17.9323,14.0229
2009,9,1,16,30,22.900000000000002,222,24,233,4.1000000000000005,12.6084,9.8293
2009,9,1,17,0,22.400000000000002,106,0,107,3.8000000000000003,5.5525,4.3077
2009,9,1,17,30,21.200000000000003,47,0,47,3.1,2.3190,1.7853
2009,9,1,18,0,20,38,0,38,2.5,1.8112,1.3809
2009,9,1,18,30,19.200000000000003,17,0,17,2.7,0.0000,0.0000
2009,9,1,19,0,18.400000000000002,0,0,0,3,0.0000,0.0000
2009,9,1,19,30,18.1,0,0,0,3.4000000000000004,0.0000,0.0000
2009,9,1,20,0,17.7,0,0,0,3.8000000000000003,0.0000,0.0000
2009,9,1,20,30,17.3,0,0,0,3.8000000000000003,0.0000,0.0000
2009,9,1,21,0,17,0,0,0,3.9000000000000004,0.0000,0.0000
2009,9,1,21,30,16.7,0,0,0,3.9000000000000004,0.0000,0.0000
2009,9,1,22,0,16.5,0,0,0,3.9000000000000004,0.0000,0.0000
2009,9,1,22,30,16.3,0,0,0,3.8000000000000003,0.0000,0.0000
2009,9,1,23,0,16.2,0,0,0,3.8000000000000003,0.0000,0.0000
2009,9,1,23,30,16.1,0,0,0,3.8000000000000003,0.0000,0.0000
2009,9,2,0,0,16,0,0,0,3.8000000000000003,0.0000,0.0000
2009,9,2,0,30,15.8,0,0,0,3.7,0.0000,0.0000
2009,9,2,1,0,15.700000000000001,0,0,0,3.6,0.0000,0.0000
2009,9,2,1,30,15.4,0,0,0,3.4000000000000004,0.0000,0.0000
2009,9,2,2,0,15.200000000000001,0,0,0,3.2,0.0000,0.0000
2009,9,2,2,30,15,0,0,0,3.1,0.0000,0.0000
2009,9,2,3,0,14.9,0,0,0,3.1,0.0000,0.0000
2009,9,2,3,30,14.700000000000001,0,0,0,3.1,0.0000,0.0000
2009,9,2,4,0,14.5,0,0,0,3,0.0000,0.0000
2009,9,2,4,30,14.3,0,0,0,3,0.0000,0.0000
2009,9,2,5,0,14.200000000000001,0,0,0,2.9000000000000004,0.0000,0.0000
2009,9,2,5,30,14.200000000000001,0,0,0,3.1,0.0000,0.0000
2009,9,2,6,0,14.3,0,0,0,3.2,0.0000,0.0000
2009,9,2,6,30,15.100000000000001,38,136,52,3.6,0.0000,0.0000
2009,9,2,7,0,16,74,282,130,4.1000000000000005,6.2053,4.7374
2009,9,2,7,30,17.2,113,2,113,4.4,5.6231,4.3354
2009,9,2,8,0,18.400000000000002,104,0,104,4.7,5.4377,4.2226
2009,9,2,8,30,19.6,185,4,187,4.9,10.1769,7.9384
2009,9,2,9,0,20.8,149,627,492,5.1000000000000005,27.5996,21.5906
2009,9,2,9,30,21.8,159,667,572,5.2,32.8256,25.7279
2009,9,2,10,0,22.8,300,365,548,5.300000000000001,31.9848,25.1016
2009,9,2,10,30,23.5,56,0,56,5.300000000000001,3.3095,2.5996
2009,9,2,11,0,24.200000000000003,443,191,591,5.300000000000001,35.2392,27.6975
2009,9,2,11,30,24.6,314,471,694,5.2,41.6259,32.7304
2009,9,2,12,0,25,393,209,565,5.1000000000000005,34.0015,26.7412
2009,9,2,12,30,25.1,467,204,636,4.9,38.3091,30.1307
2009,9,2,13,0,25.3,422,345,706,4.7,42.4657,33.3969
2009,9,2,13,30,25.200000000000003,424,303,667,4.5,39.9655,31.4226
2009,9,2,14,0,25.200000000000003,345,10,352,4.3,20.9544,16.4681
2009,9,2,14,30,24.900000000000002,89,0,89,4,5.2475,4.1213
2009,9,2,15,0,24.6,261,16,272,3.7,15.8248,12.4163
2009,9,2,15,30,24.200000000000003,261,41,286,3.5,16.3413,12.8035
2009,9,2,16,0,23.8,92,1,92,3.3000000000000003,5.1311,4.0118
2009,9,2,16,30,23.200000000000003,206,38,223,3,12.0419,9.3856
2009,9,2,17,0,22.6,30,0,30,2.7,1.5528,1.2043
2009,9,2,17,30,21.6,8,0,8,2.7,0.3936,0.3029
2009,9,2,18,0,20.6,34,0,34,2.6,1.6209,1.2354
2009,9,2,18,30,19.900000000000002,14,0,14,2.9000000000000004,0.0000,0.0000
2009,9,2,19,0,19.200000000000003,0,0,0,3.2,0.0000,0.0000
2009,9,2,19,30,18.8,0,0,0,3.4000000000000004,0.0000,0.0000
2009,9,2,20,0,18.400000000000002,0,0,0,3.6,0.0000,0.0000
2009,9,2,20,30,18,0,0,0,3.7,0.0000,0.0000
2009,9,2,21,0,17.6,0,0,0,3.7,0.0000,0.0000
2009,9,2,21,30,17.3,0,0,0,3.7,0.0000,0.0000
2009,9,2,22,0,17,0,0,0,3.7,0.0000,0.0000
2009,9,2,22,30,16.8,0,0,0,3.7,0.0000,0.0000
2009,9,2,23,0,16.6,0,0,0,3.6,0.0000,0.0000
2009,9,2,23,30,16.5,0,0,0,3.5,0.0000,0.0000
2009,9,3,0,0,16.3,0,0,0,3.3000000000000003,0.0000,0.0000
2009,9,3,0,30,16.2,0,0,0,3.2,0.0000,0.0000
2009,9,3,1,0,16.1,0,0,0,3,0.0000,0.0000
2009,9,3,1,30,16,0,0,0,2.9000000000000004,0.0000,0.0000
2009,9,3,2,0,15.9,0,0,0,2.7,0.0000,0.0000
2009,9,3,2,30,15.9,0,0,0,2.6,0.0000,0.0000
2009,9,3,3,0,15.9,0,0,0,2.5,0.0000,0.0000
2009,9,3,3,30,15.8,0,0,0,2.5,0.0000,0.0000
2009,9,3,4,0,15.8,0,0,0,2.4000000000000004,0.0000,0.0000
2009,9,3,4,30,15.700000000000001,0,0,0,2.5,0.0000,0.0000
2009,9,3,5,0,15.700000000000001,0,0,0,2.6,0.0000,0.0000
2009,9,3,5,30,15.600000000000001,0,0,0,2.7,0.0000,0.0000
2009,9,3,6,0,15.600000000000001,0,0,0,2.9000000000000004,0.0000,0.0000
2009,9,3,6,30,15.700000000000001,12,0,12,3,0.0000,0.0000
2009,9,3,7,0,15.700000000000001,3,0,3,3.2,0.1431,0.1092
2009,9,3,7,30,16,26,0,26,3.3000000000000003,1.2916,0.9956
2009,9,3,8,0,16.2,52,0,52,3.4000000000000004,2.7146,2.1076
2009,9,3,8,30,16.400000000000002,228,79,265,3.5,14.4030,11.2334
2009,9,3,9,0,16.6,17,0,17,3.6,0.9527,0.7452
2009,9,3,9,30,16.900000000000002,59,0,59,3.7,3.3829,2.6512
2009,9,3,10,0,17.1,33,0,33,3.8000000000000003,1.9246,1.5103
2009,9,3,10,30,17.3,88,0,88,4,5.1970,4.0821
2009,9,3,11,0,17.5,71,0,71,4.1000000000000005,4.2307,3.3251
2009,9,3,11,30,17.7,45,0,45,4.2,2.6974,2.1208
2009,9,3,12,0,17.900000000000002,66,0,66,4.3,3.9693,3.1216
2009,9,3,12,30,18.1,76,0,76,4.3,4.5748,3.5980
2009,9,3,13,0,18.2,159,0,159,4.3,9.5570,7.5157
2009,9,3,13,30,18.2,122,0,122,4.3,7.3045,5.7428
2009,9,3,14,0,18.3,83,0,83,4.3,4.9368,3.8796
2009,9,3,14,30,18.2,80,0,80,4.2,4.7123,3.7007
2009,9,3,15,0,18.2,109,0,109,4.2,6.3345,4.9697
2009,9,3,15,30,18,149,0,149,4.1000000000000005,8.5020,6.6606
2009,9,3,16,0,17.8,176,1,176,3.9000000000000004,9.7991,7.6605
2009,9,3,16,30,17.6,123,0,123,3.7,6.6278,5.1646
2009,9,3,17,0,17.3,110,1,111,3.4000000000000004,5.7304,4.4426
2009,9,3,17,30,16.900000000000002,43,0,43,3.1,2.1101,1.6228
2009,9,3,18,0,16.5,14,0,14,2.8000000000000003,0.0000,0.0000
2009,9,3,18,30,16.1,11,0,11,2.7,0.0000,0.0000
2009,9,3,19,0,15.8,0,0,0,2.5,0.0000,0.0000
2009,9,3,19,30,15.600000000000001,0,0,0,2.4000000000000004,0.0000,0.0000
2009,9,3,20,0,15.4,0,0,0,2.3000000000000003,0.0000,0.0000
2009,9,3,20,30,15.200000000000001,0,0,0,2.1,0.0000,0.0000
2009,9,3,21,0,15,0,0,0,2,0.0000,0.0000
2009,9,3,21,30,14.9,0,0,0,1.9000000000000001,0.0000,0.0000
2009,9,3,22,0,14.700000000000001,0,0,0,1.8,0.0000,0.0000
2009,9,3,22,30,14.600000000000001,0,0,0,1.8,0.0000,0.0000
2009,9,3,23,0,14.5,0,0,0,1.8,0.0000,0.0000
2009,9,3,23,30,14.4,0,0,0,1.9000000000000001,0.0000,0.0000
2009,9,4,0,0,14.200000000000001,0,0,0,2.1,0.0000,0.0000
2009,9,4,0,30,13.9,0,0,0,2.1,0.0000,0.0000
2009,9,4,1,0,13.600000000000001,0,0,0,2.1,0.0000,0.0000
2009,9,4,1,30,13.200000000000001,0,0,0,2,0.0000,0.0000
2009,9,4,2,0,12.8,0,0,0,1.9000000000000001,0.0000,0.0000
2009,9,4,2,30,12.5,0,0,0,1.9000000000000001,0.0000,0.0000
2009,9,4,3,0,12.200000000000001,0,0,0,1.9000000000000001,0.0000,0.0000
2009,9,4,3,30,11.9,0,0,0,1.8,0.0000,0.0000
2009,9,4,4,0,11.600000000000001,0,0,0,1.8,0.0000,0.0000
2009,9,4,4,30,11.4,0,0,0,1.7000000000000002,0.0000,0.0000
2009,9,4,5,0,11.100000000000001,0,0,0,1.6,0.0000,0.0000
2009,9,4,5,30,11.4,0,0,0,1.8,0.0000,0.0000
2009,9,4,6,0,11.700000000000001,0,0,0,2,0.0000,0.0000
2009,9,4,6,30,12.700000000000001,34,249,57,2.2,0.0000,0.0000
2009,9,4,7,0,13.700000000000001,58,430,140,2.4000000000000004,6.6766,5.0945
2009,9,4,7,30,14.9,77,553,234,2.4000000000000004,11.6043,8.9416
2009,9,4,8,0,16.2,124,0,124,2.3000000000000003,6.4635,5.0173
2009,9,4,8,30,18,101,711,429,2.8000000000000003,23.2875,18.1604
2009,9,4,9,0,19.700000000000003,111,754,520,3.3000000000000003,29.1095,22.7676
2009,9,4,9,30,20.6,118,793,605,3.3000000000000003,34.6566,27.1591
2009,9,4,10,0,21.400000000000002,124,824,681,3.3000000000000003,39.6857,31.1417
2009,9,4,10,30,21.900000000000002,129,844,743,3.2,43.8475,34.4390
2009,9,4,11,0,22.5,130,861,792,3.1,47.1605,37.0642
2009,9,4,11,30,22.900000000000002,464,153,586,3,35.1021,27.5983
2009,9,4,12,0,23.3,139,870,849,2.9000000000000004,51.0248,40.1260
2009,9,4,12,30,23.6,139,872,855,2.9000000000000004,51.4318,40.4484
2009,9,4,13,0,23.900000000000002,137,872,846,2.8000000000000003,50.8134,39.9581
2009,9,4,13,30,24,135,865,821,2.8000000000000003,49.1166,38.6137
2009,9,4,14,0,24.1,131,858,783,2.7,46.5313,36.5647
2009,9,4,14,30,24,127,842,730,2.7,42.9574,33.7330
2009,9,4,15,0,23.900000000000002,121,823,664,2.6,38.5417,30.2349
2009,9,4,15,30,23.700000000000003,115,794,588,2.5,33.5044,26.2448
2009,9,4,16,0,23.400000000000002,106,761,502,2.5,27.9012,21.8084
2009,9,4,16,30,22.8,97,713,410,2.1,22.0432,17.1727
2009,9,4,17,0,22.1,84,652,314,1.7000000000000002,16.1664,12.5289
2009,9,4,17,30,20.5,70,557,215,1.3,10.5218,8.0873
2009,9,4,18,0,18.900000000000002,50,427,121,1,0.0000,0.0000
2009,9,4,18,30,17.900000000000002,26,223,41,1,0.0000,0.0000
2009,9,4,19,0,16.900000000000002,0,0,0,1.1,0.0000,0.0000
2009,9,4,19,30,16.5,0,0,0,1.1,0.0000,0.0000
2009,9,4,20,0,16.1,0,0,0,1.1,0.0000,0.0000
2009,9,4,20,30,15.8,0,0,0,1.1,0.0000,0.0000
2009,9,4,21,0,15.5,0,0,0,1.1,0.0000,0.0000
2009,9,4,21,30,15.3,0,0,0,1.1,0.0000,0.0000
2009,9,4,22,0,15,0,0,0,1,0.0000,0.0000
2009,9,4,22,30,14.8,0,0,0,1,0.0000,0.0000
2009,9,4,23,0,14.700000000000001,0,0,0,1,0.0000,0.0000
2009,9,4,23,30,14.5,0,0,0,1,0.0000,0.0000
2009,9,5,0,0,14.4,0,0,0,1,0.0000,0.0000
2009,9,5,0,30,14.3,0,0,0,0.9,0.0000,0.0000
2009,9,5,1,0,14.3,0,0,0,0.9,0.0000,0.0000
2009,9,5,1,30,14.3,0,0,0,0.8,0.0000,0.0000
2009,9,5,2,0,14.3,0,0,0,0.8,0.0000,0.0000
2009,9,5,2,30,14.3,0,0,0,0.7000000000000001,0.0000,0.0000
2009,9,5,3,0,14.200000000000001,0,0,0,0.6000000000000001,0.0000,0.0000
2009,9,5,3,30,14.100000000000001,0,0,0,0.5,0.0000,0.0000
2009,9,5,4,0,14,0,0,0,0.4,0.0000,0.0000
2009,9,5,4,30,13.9,0,0,0,0.4,0.0000,0.0000
2009,9,5,5,0,13.9,0,0,0,0.30000000000000004,0.0000,0.0000
2009,9,5,5,30,14,0,0,0,0.4,0.0000,0.0000
2009,9,5,6,0,14.100000000000001,0,0,0,0.4,0.0000,0.0000
2009,9,5,6,30,15.100000000000001,34,228,55,0.5,0.0000,0.0000
2009,9,5,7,0,16.1,60,404,136,0.7000000000000001,6.4838,4.9460
2009,9,5,7,30,17.5,80,529,229,0.9,11.3374,8.7334
2009,9,5,8,0,18.900000000000002,95,617,326,1,16.9657,13.1670
2009,9,5,8,30,20.5,108,682,421,1.6,22.8229,17.7957
2009,9,5,9,0,22.200000000000003,118,730,511,2.1,28.5747,22.3471
2009,9,5,9,30,22.900000000000002,125,765,592,2.4000000000000004,33.8815,26.5498
2009,9,5,10,0,23.5,133,791,664,2.6,38.6632,30.3374
2009,9,5,10,30,24,138,812,726,2.8000000000000003,42.8128,33.6245
2009,9,5,11,0,24.5,142,827,775,2.9000000000000004,46.1160,36.2416
2009,9,5,11,30,24.8,144,835,808,2.9000000000000004,48.3672,38.0260
2009,9,5,12,0,25.200000000000003,156,824,825,2.9000000000000004,49.5492,38.9639
2009,9,5,12,30,25.400000000000002,156,825,831,2.8000000000000003,49.9525,39.2832
2009,9,5,13,0,25.6,469,205,635,2.8000000000000003,38.1120,29.9686
2009,9,5,13,30,25.700000000000003,156,811,795,2.7,47.5238,37.3595
2009,9,5,14,0,25.8,410,89,478,2.6,28.3807,22.3004
2009,9,5,14,30,25.700000000000003,337,19,351,2.6,20.6336,16.2017
2009,9,5,15,0,25.6,146,750,638,2.5,36.9887,29.0140
2009,9,5,15,30,25.3,138,715,560,2.5,31.8618,24.9551
2009,9,5,16,0,25.1,275,39,295,2.4000000000000004,16.3663,12.7902
2009,9,5,16,30,24.5,120,606,384,2.2,20.6000,16.0446
2009,9,5,17,0,23.8,108,519,288,1.9000000000000001,14.7872,11.4558
2009,9,5,17,30,22.5,87,420,194,1.6,9.4685,7.2737
2009,9,5,18,0,21.1,60,287,106,1.2000000000000002,0.0000,0.0000
2009,9,5,18,30,20.3,25,113,32,1.4000000000000001,0.0000,0.0000
2009,9,5,19,0,19.400000000000002,0,0,0,1.5,0.0000,0.0000
2009,9,5,19,30,19.200000000000003,0,0,0,1.7000000000000002,0.0000,0.0000
2009,9,5,20,0,19,0,0,0,2,0.0000,0.0000
2009,9,5,20,30,18.8,0,0,0,2.1,0.0000,0.0000
2009,9,5,21,0,18.5,0,0,0,2.3000000000000003,0.0000,0.0000
2009,9,5,21,30,18.1,0,0,0,2.3000000000000003,0.0000,0.0000
2009,9,5,22,0,17.8,0,0,0,2.3000000000000003,0.0000,0.0000
2009,9,5,22,30,17.400000000000002,0,0,0,2.1,0.0000,0.0000
2009,9,5,23,0,17,0,0,0,2,0.0000,0.0000
2009,9,5,23,30,16.7,0,0,0,1.9000000000000001,0.0000,0.0000
2009,9,6,0,0,16.3,0,0,0,1.8,0.0000,0.0000
2009,9,6,0,30,16,0,0,0,1.7000000000000002,0.0000,0.0000
2009,9,6,1,0,15.600000000000001,0,0,0,1.6,0.0000,0.0000
2009,9,6,1,30,15.3,0,0,0,1.4000000000000001,0.0000,0.0000
2009,9,6,2,0,14.9,0,0,0,1.3,0.0000,0.0000
2009,9,6,2,30,14.700000000000001,0,0,0,1.3,0.0000,0.0000
2009,9,6,3,0,14.4,0,0,0,1.2000000000000002,0.0000,0.0000
2009,9,6,3,30,14.200000000000001,0,0,0,1.2000000000000002,0.0000,0.0000
2009,9,6,4,0,14,0,0,0,1.1,0.0000,0.0000
2009,9,6,4,30,13.9,0,0,0,1.1,0.0000,0.0000
2009,9,6,5,0,13.700000000000001,0,0,0,1.1,0.0000,0.0000
2009,9,6,5,30,14.100000000000001,0,0,0,1.3,0.0000,0.0000
2009,9,6,6,0,14.5,0,0,0,1.4000000000000001,0.0000,0.0000
2009,9,6,6,30,15.600000000000001,34,161,49,2,0.0000,0.0000
2009,9,6,7,0,16.7,66,331,127,2.5,6.0536,4.6167
2009,9,6,7,30,18.1,91,455,218,2.7,10.7749,8.2977
2009,9,6,8,0,19.5,108,556,313,2.9000000000000004,16.2630,12.6190
2009,9,6,8,30,20.700000000000003,123,624,407,3.1,22.0345,17.1786
2009,9,6,9,0,21.900000000000002,132,681,497,3.3000000000000003,27.7614,21.7089
2009,9,6,9,30,22.6,141,721,579,3.4000000000000004,33.1061,25.9401
2009,9,6,10,0,23.400000000000002,143,762,653,3.5,37.9910,29.8081
2009,9,6,10,30,24,149,784,715,3.5,42.1327,33.0886
2009,9,6,11,0,24.5,147,810,765,3.6,45.4888,35.7469
2009,9,6,11,30,24.900000000000002,150,823,802,3.5,47.9749,37.7158
2009,9,6,12,0,25.3,138,852,827,3.4000000000000004,49.6346,39.0292
2009,9,6,12,30,25.6,138,853,832,3.3000000000000003,49.9774,39.3009
2009,9,6,13,0,25.8,135,854,823,3.2,49.3584,38.8102
2009,9,6,13,30,25.900000000000002,134,847,799,3.1,47.7238,37.5147
2009,9,6,14,0,26,129,842,762,3,45.2016,35.5154
2009,9,6,14,30,25.900000000000002,125,826,709,2.9000000000000004,41.6351,32.6897
2009,9,6,15,0,25.8,322,36,345,2.8000000000000003,19.9770,15.6685
2009,9,6,15,30,25.5,114,775,568,2.7,32.2700,25.2717
2009,9,6,16,0,25.3,105,742,485,2.6,26.8590,20.9867
2009,9,6,16,30,24.6,96,690,392,2.4000000000000004,20.9808,16.3371
2009,9,6,17,0,23.900000000000002,84,620,296,2.2,15.1547,11.7359
2009,9,6,17,30,22.1,69,522,199,1.8,9.6871,7.4374
2009,9,6,18,0,20.400000000000002,49,382,108,1.4000000000000001,0.0000,0.0000
2009,9,6,18,30,19.3,23,175,33,1.6,0.0000,0.0000
2009,9,6,19,0,18.2,0,0,0,1.7000000000000002,0.0000,0.0000
2009,9,6,19,30,17.8,0,0,0,1.8,0.0000,0.0000
2009,9,6,20,0,17.5,0,0,0,1.9000000000000001,0.0000,0.0000
2009,9,6,20,30,17.1,0,0,0,2,0.0000,0.0000
2009,9,6,21,0,16.8,0,0,0,2,0.0000,0.0000
2009,9,6,21,30,16.5,0,0,0,2,0.0000,0.0000
2009,9,6,22,0,16.2,0,0,0,2,0.0000,0.0000
2009,9,6,22,30,16,0,0,0,2,0.0000,0.0000
2009,9,6,23,0,15.700000000000001,0,0,0,2,0.0000,0.0000
2009,9,6,23,30,15.5,0,0,0,1.9000000000000001,0.0000,0.0000
2009,9,7,0,0,15.4,0,0,0,1.9000000000000001,0.0000,0.0000
2009,9,7,0,30,15.200000000000001,0,0,0,1.9000000000000001,0.0000,0.0000
2009,9,7,1,0,15.100000000000001,0,0,0,1.8,0.0000,0.0000
2009,9,7,1,30,15,0,0,0,1.9000000000000001,0.0000,0.0000
2009,9,7,2,0,14.9,0,0,0,1.9000000000000001,0.0000,0.0000
2009,9,7,2,30,15,0,0,0,2.1,0.0000,0.0000
2009,9,7,3,0,15.100000000000001,0,0,0,2.2,0.0000,0.0000
2009,9,7,3,30,15.100000000000001,0,0,0,2.4000000000000004,0.0000,0.0000
2009,9,7,4,0,15.100000000000001,0,0,0,2.5,0.0000,0.0000
2009,9,7,4,30,15.100000000000001,0,0,0,2.5,0.0000,0.0000
2009,9,7,5,0,15.100000000000001,0,0,0,2.6,0.0000,0.0000
2009,9,7,5,30,15.4,0,0,0,2.7,0.0000,0.0000
2009,9,7,6,0,15.600000000000001,0,0,0,2.9000000000000004,0.0000,0.0000
2009,9,7,6,30,16.400000000000002,20,0,20,3.1,0.0000,0.0000
2009,9,7,7,0,17.1,24,0,24,3.3000000000000003,1.1439,0.8722
2009,9,7,7,30,18.2,125,25,132,3.5,6.5129,5.0139
2009,9,7,8,0,19.200000000000003,174,269,273,3.7,14.1618,10.9863
2009,9,7,8,30,20,135,560,389,4,21.0316,16.3944
2009,9,7,9,0,20.900000000000002,306,119,370,4.3,20.6445,16.1421
2009,9,7,9,30,21.5,283,22,296,4.5,16.9085,13.2475
2009,9,7,10,0,22.200000000000003,380,104,449,4.7,26.1005,20.4774
2009,9,7,10,30,22.900000000000002,168,724,688,4.800000000000001,40.5099,31.8124
2009,9,7,11,0,23.6,428,117,517,4.9,30.7193,24.1392
2009,9,7,11,30,24.3,449,199,606,5,36.2249,28.4772
2009,9,7,12,0,25,161,789,796,5.1000000000000005,47.7410,37.5385
2009,9,7,12,30,25.5,161,790,801,5.1000000000000005,48.0798,37.8069
2009,9,7,13,0,26,156,795,793,5.1000000000000005,47.5229,37.3650
2009,9,7,13,30,26.200000000000003,154,787,768,5.1000000000000005,45.8329,36.0262
2009,9,7,14,0,26.5,148,778,729,5.1000000000000005,43.2040,33.9437
2009,9,7,14,30,26.6,384,92,448,5,26.2802,20.6323
2009,9,7,15,0,26.6,347,249,508,5,29.3795,23.0409
2009,9,7,15,30,26.5,324,168,422,4.9,23.9388,18.7448
2009,9,7,16,0,26.3,285,99,335,4.800000000000001,18.5172,14.4662
2009,9,7,16,30,25.8,108,607,366,4.5,19.5435,15.2140
2009,9,7,17,0,25.200000000000003,93,539,274,4.1000000000000005,13.9893,10.8291
2009,9,7,17,30,24.200000000000003,75,438,182,3.7,8.8369,6.7808
2009,9,7,18,0,23.1,51,300,96,3.3000000000000003,0.0000,0.0000
2009,9,7,18,30,22.400000000000002,20,115,27,3.4000000000000004,0.0000,0.0000
2009,9,7,19,0,21.700000000000003,0,0,0,3.6,0.0000,0.0000
2009,9,7,19,30,21.3,0,0,0,3.7,0.0000,0.0000
2009,9,7,20,0,20.8,0,0,0,3.9000000000000004,0.0000,0.0000
2009,9,7,20,30,20.400000000000002,0,0,0,3.7,0.0000,0.0000
2009,9,7,21,0,19.900000000000002,0,0,0,3.6,0.0000,0.0000
2009,9,7,21,30,19.5,0,0,0,3.5,0.0000,0.0000
2009,9,7,22,0,19,0,0,0,3.4000000000000004,0.0000,0.0000
2009,9,7,22,30,18.7,0,0,0,3.2,0.0000,0.0000
2009,9,7,23,0,18.3,0,0,0,3.1,0.0000,0.0000
2009,9,7,23,30,18,0,0,0,3,0.0000,0.0000
2009,9,8,0,0,17.7,0,0,0,2.9000000000000004,0.0000,0.0000
2009,9,8,0,30,17.6,0,0,0,2.9000000000000004,0.0000,0.0000
2009,9,8,1,0,17.400000000000002,0,0,0,2.9000000000000004,0.0000,0.0000
2009,9,8,1,30,17.400000000000002,0,0,0,2.9000000000000004,0.0000,0.0000
2009,9,8,2,0,17.3,0,0,0,3,0.0000,0.0000
2009,9,8,2,30,17.2,0,0,0,3.1,0.0000,0.0000
2009,9,8,3,0,17.1,0,0,0,3.1,0.0000,0.0000
2009,9,8,3,30,17,0,0,0,3.1,0.0000,0.0000
2009,9,8,4,0,16.900000000000002,0,0,0,3.1,0.0000,0.0000
2009,9,8,4,30,16.7,0,0,0,3.1,0.0000,0.0000
2009,9,8,5,0,16.6,0,0,0,3.1,0.0000,0.0000
2009,9,8,5,30,16.7,0,0,0,3.2,0.0000,0.0000
2009,9,8,6,0,16.8,0,0,0,3.3000000000000003,0.0000,0.0000
2009,9,8,6,30,17.8,30,178,45,3.7,0.0000,0.0000
2009,9,8,7,0,18.7,59,346,121,4.1000000000000005,5.7676,4.3965
2009,9,8,7,30,20,147,46,160,4.3,7.8808,6.0650
2009,9,8,8,0,21.3,166,10,169,4.5,8.7526,6.7886
2009,9,8,8,30,22.5,175,4,177,4.6000000000000005,9.5566,7.4484
2009,9,8,9,0,23.8,270,38,290,4.7,16.1619,12.6357
2009,9,8,9,30,24.900000000000002,341,105,404,4.7,23.0554,18.0621
2009,9,8,10,0,25.900000000000002,376,165,485,4.7,28.1692,22.0990
2009,9,8,10,30,26.6,363,69,413,4.6000000000000005,24.2985,19.0805
2009,9,8,11,0,27.3,363,30,385,4.5,22.8595,17.9621
2009,9,8,11,30,27.6,397,56,441,4.5,26.3430,20.7078
2009,9,8,12,0,28,401,51,442,4.4,26.4898,20.8277
2009,9,8,12,30,28.200000000000003,364,9,371,4.4,22.2525,17.4971
2009,9,8,13,0,28.3,402,368,696,4.4,41.6766,32.7666
2009,9,8,13,30,28.3,443,179,582,4.4,34.7033,27.2764
2009,9,8,14,0,28.3,418,213,576,4.4,34.1035,26.7920
2009,9,8,14,30,28.200000000000003,326,22,342,4.3,20.0405,15.7323
2009,9,8,15,0,28,135,747,614,4.3,35.4645,27.8104
2009,9,8,15,30,27.700000000000003,327,98,383,4.1000000000000005,21.6928,16.9840
2009,9,8,16,0,27.3,119,671,455,4,25.1023,19.6071
2009,9,8,16,30,26.700000000000003,107,615,365,3.7,19.4440,15.1325
2009,9,8,17,0,26,94,536,272,3.3000000000000003,13.8470,10.7145
2009,9,8,17,30,24.900000000000002,75,433,179,2.7,8.6698,6.6488
2009,9,8,18,0,23.700000000000003,51,286,92,2.1,0.0000,0.0000
2009,9,8,18,30,22.900000000000002,19,99,24,2,0.0000,0.0000
2009,9,8,19,0,22,0,0,0,2,0.0000,0.0000
2009,9,8,19,30,21.6,0,0,0,2,0.0000,0.0000
2009,9,8,20,0,21.200000000000003,0,0,0,2.1,0.0000,0.0000
2009,9,8,20,30,20.8,0,0,0,2.1,0.0000,0.0000
2009,9,8,21,0,20.3,0,0,0,2,0.0000,0.0000
2009,9,8,21,30,19.8,0,0,0,1.8,0.0000,0.0000
2009,9,8,22,0,19.3,0,0,0,1.6,0.0000,0.0000
2009,9,8,22,30,18.8,0,0,0,1.4000000000000001,0.0000,0.0000
2009,9,8,23,0,18.3,0,0,0,1.2000000000000002,0.0000,0.0000
2009,9,8,23,30,18,0,0,0,1.1,0.0000,0.0000
2009,9,9,0,0,17.7,0,0,0,1,0.0000,0.0000
2009,9,9,0,30,17.5,0,0,0,1,0.0000,0.0000
2009,9,9,1,0,17.3,0,0,0,0.9,0.0000,0.0000
2009,9,9,1,30,17.2,0,0,0,0.9,0.0000,0.0000
2009,9,9,2,0,17.1,0,0,0,0.8,0.0000,0.0000
2009,9,9,2,30,17.2,0,0,0,0.7000000000000001,0.0000,0.0000
2009,9,9,3,0,17.2,0,0,0,0.6000000000000001,0.0000,0.0000
2009,9,9,3,30,17.2,0,0,0,0.6000000000000001,0.0000,0.0000
2009,9,9,4,0,17.2,0,0,0,0.7000000000000001,0.0000,0.0000
2009,9,9,4,30,17.1,0,0,0,0.7000000000000001,0.0000,0.0000
2009,9,9,5,0,17.1,0,0,0,0.7000000000000001,0.0000,0.0000
2009,9,9,5,30,17.2,0,0,0,0.7000000000000001,0.0000,0.0000
2009,9,9,6,0,17.400000000000002,0,0,0,0.8,0.0000,0.0000
2009,9,9,6,30,18.5,20,0,20,1.2000000000000002,0.0000,0.0000
2009,9,9,7,0,19.5,24,0,24,1.6,1.1442,0.8720
2009,9,9,7,30,20.900000000000002,55,1,55,1.8,2.7046,2.0808
2009,9,9,8,0,22.200000000000003,23,0,23,2,1.1891,0.9221
2009,9,9,8,30,22.900000000000002,120,4,121,2.1,6.5241,5.0841
2009,9,9,9,0,23.700000000000003,232,321,401,2.3000000000000003,22.3228,17.4507
2009,9,9,9,30,24.1,244,386,474,2.4000000000000004,27.0237,21.1693
2009,9,9,10,0,24.5,304,198,435,2.5,25.2433,19.8023
2009,9,9,10,30,24.8,264,438,576,2.5,33.8612,26.5882
2009,9,9,11,0,25.200000000000003,289,435,617,2.5,36.6066,28.7625
2009,9,9,11,30,25.5,356,281,575,2.5,34.3218,26.9785
2009,9,9,12,0,25.900000000000002,348,312,597,2.5,35.7529,28.1096
2009,9,9,12,30,26.200000000000003,353,316,606,2.4000000000000004,36.3200,28.5569
2009,9,9,13,0,26.5,354,351,632,2.4000000000000004,37.8144,29.7285
2009,9,9,13,30,26.700000000000003,366,233,546,2.3000000000000003,32.5286,25.5656
2009,9,9,14,0,26.8,328,323,566,2.3000000000000003,33.4794,26.2999
2009,9,9,14,30,26.900000000000002,403,136,497,2.2,29.0902,22.8347
2009,9,9,15,0,26.900000000000002,151,714,606,2.2,34.9557,27.4085
2009,9,9,15,30,26.700000000000003,143,681,532,2.1,30.0847,23.5511
2009,9,9,16,0,26.5,130,644,450,2.1,24.7783,19.3504
2009,9,9,16,30,25.900000000000002,117,585,359,1.9000000000000001,19.0770,14.8428
2009,9,9,17,0,25.400000000000002,104,0,104,1.7000000000000002,5.2790,4.0830
2009,9,9,17,30,23.900000000000002,78,411,174,1.3,8.4071,6.4435
2009,9,9,18,0,22.400000000000002,51,275,89,0.9,0.0000,0.0000
2009,9,9,18,30,21.400000000000002,17,87,21,1,0.0000,0.0000
2009,9,9,19,0,20.400000000000002,0,0,0,1,0.0000,0.0000
2009,9,9,19,30,19.900000000000002,0,0,0,1.1,0.0000,0.0000
2009,9,9,20,0,19.400000000000002,0,0,0,1.1,0.0000,0.0000
2009,9,9,20,30,19,0,0,0,1.2000000000000002,0.0000,0.0000
2009,9,9,21,0,18.5,0,0,0,1.2000000000000002,0.0000,0.0000
2009,9,9,21,30,18.1,0,0,0,1.3,0.0000,0.0000
2009,9,9,22,0,17.7,0,0,0,1.3,0.0000,0.0000
2009,9,9,22,30,17.400000000000002,0,0,0,1.3,0.0000,0.0000
2009,9,9,23,0,17,0,0,0,1.3,0.0000,0.0000
2009,9,9,23,30,16.6,0,0,0,1.2000000000000002,0.0000,0.0000
2009,9,10,0,0,16.2,0,0,0,1.2000000000000002,0.0000,0.0000
2009,9,10,0,30,15.9,0,0,0,1.1,0.0000,0.0000
2009,9,10,1,0,15.600000000000001,0,0,0,1,0.0000,0.0000
2009,9,10,1,30,15.4,0,0,0,1,0.0000,0.0000
2009,9,10,2,0,15.100000000000001,0,0,0,1,0.0000,0.0000
2009,9,10,2,30,15,0,0,0,0.9,0.0000,0.0000
2009,9,10,3,0,14.9,0,0,0,0.9,0.0000,0.0000
2009,9,10,3,30,14.8,0,0,0,0.9,0.0000,0.0000
2009,9,10,4,0,14.8,0,0,0,0.9,0.0000,0.0000
2009,9,10,4,30,14.700000000000001,0,0,0,0.9,0.0000,0.0000
2009,9,10,5,0,14.700000000000001,0,0,0,0.8,0.0000,0.0000
2009,9,10,5,30,14.9,0,0,0,0.8,0.0000,0.0000
2009,9,10,6,0,15.200000000000001,0,0,0,0.7000000000000001,0.0000,0.0000
2009,9,10,6,30,16.400000000000002,29,200,44,0.9,0.0000,0.0000
2009,9,10,7,0,17.7,55,393,123,1.1,0.0000,0.0000
2009,9,10,7,30,19.200000000000003,75,524,214,1.2000000000000002,10.5054,8.0797
2009,9,10,8,0,20.6,89,621,311,1.2000000000000002,16.0526,12.4450
2009,9,10,8,30,22.400000000000002,100,688,405,1.6,21.8049,16.9897
2009,9,10,9,0,24.1,112,731,494,1.9000000000000001,27.4671,21.4698
2009,9,10,9,30,24.6,120,769,576,2.2,32.8050,25.6959
2009,9,10,10,0,25.200000000000003,128,792,648,2.4000000000000004,37.5698,29.4699
2009,9,10,10,30,25.6,133,813,709,2.5,41.6461,32.6990
2009,9,10,11,0,26,136,828,756,2.6,44.8189,35.2132
2009,9,10,11,30,26.3,449,181,590,2.7,35.1906,27.6600
2009,9,10,12,0,26.6,413,65,464,2.7,27.7671,21.8299
2009,9,10,12,30,26.8,446,118,540,2.7,32.3393,25.4257
2009,9,10,13,0,27.1,455,194,608,2.7,36.3484,28.5744
2009,9,10,13,30,27.1,134,844,782,2.6,46.5467,36.5808
2009,9,10,14,0,27.1,128,838,743,2.6,43.9052,34.4875
2009,9,10,14,30,27,124,820,689,2.5,40.2833,31.6182
2009,9,10,15,0,26.900000000000002,114,808,625,2.5,36.0041,28.2277
2009,9,10,15,30,26.700000000000003,108,780,550,2.4000000000000004,31.0529,24.3058
2009,9,10,16,0,26.400000000000002,99,744,465,2.3000000000000003,25.5539,19.9523
2009,9,10,16,30,25.8,90,689,372,2.1,19.7197,15.3385
2009,9,10,17,0,25.1,77,620,276,1.8,13.9685,10.7991
2009,9,10,17,30,23.400000000000002,63,514,180,1.4000000000000001,8.6775,6.6469
2009,9,10,18,0,21.6,42,364,91,1,0.0000,0.0000
2009,9,10,18,30,20.6,16,132,21,1.1,0.0000,0.0000
2009,9,10,19,0,19.6,0,0,0,1.1,0.0000,0.0000
2009,9,10,19,30,19.200000000000003,0,0,0,1.2000000000000002,0.0000,0.0000
2009,9,10,20,0,18.8,0,0,0,1.2000000000000002,0.0000,0.0000
2009,9,10,20,30,18.5,0,0,0,1.3,0.0000,0.0000
2009,9,10,21,0,18.2,0,0,0,1.3,0.0000,0.0000
2009,9,10,21,30,17.900000000000002,0,0,0,1.3,0.0000,0.0000
2009,9,10,22,0,17.6,0,0,0,1.4000000000000001,0.0000,0.0000
2009,9,10,22,30,17.400000000000002,0,0,0,1.4000000000000001,0.0000,0.0000
2009,9,10,23,0,17.1,0,0,0,1.5,0.0000,0.0000
2009,9,10,23,30,16.900000000000002,0,0,0,1.5,0.0000,0.0000
2009,9,11,0,0,16.6,0,0,0,1.6,0.0000,0.0000
2009,9,11,0,30,16.400000000000002,0,0,0,1.6,0.0000,0.0000
2009,9,11,1,0,16.2,0,0,0,1.6,0.0000,0.0000
2009,9,11,1,30,15.9,0,0,0,1.5,0.0000,0.0000
2009,9,11,2,0,15.600000000000001,0,0,0,1.5,0.0000,0.0000
2009,9,11,2,30,15.4,0,0,0,1.4000000000000001,0.0000,0.0000
2009,9,11,3,0,15.200000000000001,0,0,0,1.4000000000000001,0.0000,0.0000
2009,9,11,3,30,14.9,0,0,0,1.4000000000000001,0.0000,0.0000
2009,9,11,4,0,14.700000000000001,0,0,0,1.3,0.0000,0.0000
2009,9,11,4,30,14.5,0,0,0,1.3,0.0000,0.0000
2009,9,11,5,0,14.3,0,0,0,1.3,0.0000,0.0000
2009,9,11,5,30,14.600000000000001,0,0,0,1.3,0.0000,0.0000
2009,9,11,6,0,14.8,0,0,0,1.4000000000000001,0.0000,0.0000
2009,9,11,6,30,16.1,28,169,40,1.9000000000000001,0.0000,0.0000
2009,9,11,7,0,17.400000000000002,58,334,114,2.3000000000000003,0.0000,0.0000
2009,9,11,7,30,18.8,81,466,204,2.3000000000000003,9.9976,7.6866
2009,9,11,8,0,20.200000000000003,168,11,172,2.2,8.8625,6.8691
2009,9,11,8,30,21.900000000000002,246,56,271,2.6,14.5700,11.3508
2009,9,11,9,0,23.5,139,639,470,3,26.1011,20.3998
2009,9,11,9,30,24.3,149,681,551,3,31.3498,24.5540
2009,9,11,10,0,25,275,5,278,3,16.1031,12.6305
2009,9,11,10,30,25.400000000000002,408,178,533,3.1,31.2813,24.5594
2009,9,11,11,0,25.8,421,232,594,3.1,35.1873,27.6443
2009,9,11,11,30,26,439,228,615,3.1,36.6536,28.8084
2009,9,11,12,0,26.1,355,386,660,3.2,39.4655,31.0253
2009,9,11,12,30,26,381,300,620,3.1,37.1010,29.1680
2009,9,11,13,0,26,386,267,596,3.1,35.6010,27.9853
2009,9,11,13,30,25.700000000000003,360,315,601,3,35.7403,28.0864
2009,9,11,14,0,25.400000000000002,358,120,446,2.9000000000000004,26.3282,20.6793
2009,9,11,14,30,24.700000000000003,98,0,99,3,5.7814,4.5374
2009,9,11,15,0,24,35,0,35,3.1,2.0134,1.5784
2009,9,11,15,30,22.900000000000002,46,0,46,3.4000000000000004,2.5929,2.0293
2009,9,11,16,0,21.900000000000002,71,0,72,3.7,3.9486,3.0824
2009,9,11,16,30,20.700000000000003,221,79,253,3.8000000000000003,13.3774,10.4022
2009,9,11,17,0,19.5,152,20,159,4,8.0233,6.2001
2009,9,11,17,30,18.5,81,2,82,3.7,3.9445,3.0197
2009,9,11,18,0,17.5,27,0,27,3.5,0.0000,0.0000
2009,9,11,18,30,16.900000000000002,7,0,7,3.3000000000000003,0.0000,0.0000
2009,9,11,19,0,16.400000000000002,0,0,0,3.1,0.0000,0.0000
2009,9,11,19,30,16,0,0,0,2.9000000000000004,0.0000,0.0000
2009,9,11,20,0,15.600000000000001,0,0,0,2.7,0.0000,0.0000
2009,9,11,20,30,15.4,0,0,0,2.2,0.0000,0.0000
2009,9,11,21,0,15.3,0,0,0,1.8,0.0000,0.0000
2009,9,11,21,30,15.200000000000001,0,0,0,1.4000000000000001,0.0000,0.0000
2009,9,11,22,0,15.200000000000001,0,0,0,1,0.0000,0.0000
2009,9,11,22,30,15.100000000000001,0,0,0,0.9,0.0000,0.0000
2009,9,11,23,0,15,0,0,0,0.7000000000000001,0.0000,0.0000
2009,9,11,23,30,14.600000000000001,0,0,0,0.8,0.0000,0.0000
2009,9,12,0,0,14.3,0,0,0,0.9,0.0000,0.0000
2009,9,12,0,30,13.9,0,0,0,1,0.0000,0.0000
2009,9,12,1,0,13.600000000000001,0,0,0,1.1,0.0000,0.0000
2009,9,12,1,30,13.5,0,0,0,1.3,0.0000,0.0000
2009,9,12,2,0,13.3,0,0,0,1.5,0.0000,0.0000
2009,9,12,2,30,13.200000000000001,0,0,0,1.7000000000000002,0.0000,0.0000
2009,9,12,3,0,13,0,0,0,1.9000000000000001,0.0000,0.0000
2009,9,12,3,30,13.100000000000001,0,0,0,1.8,0.0000,0.0000
2009,9,12,4,0,13.100000000000001,0,0,0,1.7000000000000002,0.0000,0.0000
2009,9,12,4,30,13.100000000000001,0,0,0,1.6,0.0000,0.0000
2009,9,12,5,0,13.200000000000001,0,0,0,1.4000000000000001,0.0000,0.0000
2009,9,12,5,30,13.200000000000001,0,0,0,1.6,0.0000,0.0000
2009,9,12,6,0,13.3,0,0,0,1.8,0.0000,0.0000
2009,9,12,6,30,13.8,22,1,22,2.2,0.0000,0.0000
2009,9,12,7,0,14.200000000000001,37,1,37,2.5,0.0000,0.0000
2009,9,12,7,30,14.9,108,341,196,2.6,9.5894,7.3703
2009,9,12,8,0,15.700000000000001,133,447,290,2.6,14.9176,11.5597
2009,9,12,8,30,16.900000000000002,197,338,344,2.7,18.4673,14.3846
2009,9,12,9,0,18,227,237,349,2.7,19.3578,15.1277
2009,9,12,9,30,19.200000000000003,275,204,395,3,22.4502,17.5821
2009,9,12,10,0,20.400000000000002,319,92,379,3.2,21.9332,17.2020
2009,9,12,10,30,21.200000000000003,344,130,435,3.2,25.5085,20.0259
2009,9,12,11,0,22,364,127,458,3.2,27.1087,21.2963
2009,9,12,11,30,22.3,382,150,498,3.1,29.6567,23.3078
2009,9,12,12,0,22.700000000000003,375,82,439,3,26.2297,20.6191
2009,9,12,12,30,22.900000000000002,375,171,510,2.9000000000000004,30.4941,23.9725
2009,9,12,13,0,23.1,345,290,571,2.7,34.0786,26.7870
2009,9,12,13,30,23.200000000000003,282,440,616,2.7,36.5982,28.7587
2009,9,12,14,0,23.3,343,152,453,2.7,26.7137,20.9806
2009,9,12,14,30,23.200000000000003,293,285,487,2.6,28.4061,22.2920
2009,9,12,15,0,23.200000000000003,231,418,491,2.6,28.2073,22.1101
2009,9,12,15,30,23,244,248,382,2.5,21.4961,16.8206
2009,9,12,16,0,22.8,266,147,337,2.4000000000000004,18.4440,14.3952
2009,9,12,16,30,22.3,177,11,181,2.1,9.5457,7.4204
2009,9,12,17,0,21.900000000000002,166,37,178,1.8,8.9555,6.9172
2009,9,12,17,30,20.6,65,435,160,1.4000000000000001,7.6811,5.8767
2009,9,12,18,0,19.400000000000002,54,11,56,1,0.0000,0.0000
2009,9,12,18,30,18.6,10,0,10,1,0.0000,0.0000
2009,9,12,19,0,17.900000000000002,0,0,0,1,0.0000,0.0000
2009,9,12,19,30,17.6,0,0,0,1,0.0000,0.0000
2009,9,12,20,0,17.3,0,0,0,1,0.0000,0.0000
2009,9,12,20,30,17,0,0,0,1,0.0000,0.0000
2009,9,12,21,0,16.8,0,0,0,1,0.0000,0.0000
2009,9,12,21,30,16.6,0,0,0,1,0.0000,0.0000
2009,9,12,22,0,16.400000000000002,0,0,0,1,0.0000,0.0000
2009,9,12,22,30,16.2,0,0,0,1,0.0000,0.0000
2009,9,12,23,0,16,0,0,0,1,0.0000,0.0000
2009,9,12,23,30,15.8,0,0,0,1,0.0000,0.0000
2009,9,13,0,0,15.700000000000001,0,0,0,0.9,0.0000,0.0000
2009,9,13,0,30,15.700000000000001,0,0,0,0.9,0.0000,0.0000
2009,9,13,1,0,15.700000000000001,0,0,0,0.9,0.0000,0.0000
2009,9,13,1,30,15.700000000000001,0,0,0,0.8,0.0000,0.0000
2009,9,13,2,0,15.700000000000001,0,0,0,0.8,0.0000,0.0000
2009,9,13,2,30,15.600000000000001,0,0,0,0.8,0.0000,0.0000
2009,9,13,3,0,15.600000000000001,0,0,0,0.8,0.0000,0.0000
2009,9,13,3,30,15.5,0,0,0,0.8,0.0000,0.0000
2009,9,13,4,0,15.3,0,0,0,0.8,0.0000,0.0000
2009,9,13,4,30,15.200000000000001,0,0,0,0.9,0.0000,0.0000
2009,9,13,5,0,15,0,0,0,0.9,0.0000,0.0000
2009,9,13,5,30,15.200000000000001,0,0,0,0.9,0.0000,0.0000
2009,9,13,6,0,15.3,0,0,0,1,0.0000,0.0000
2009,9,13,6,30,16.5,17,0,17,1.5,0.0000,0.0000
2009,9,13,7,0,17.7,55,4,56,2.1,0.0000,0.0000
2009,9,13,7,30,18.900000000000002,108,17,113,2.3000000000000003,5.5195,4.2407
2009,9,13,8,0,20.1,134,5,136,2.4000000000000004,6.9835,5.4102
2009,9,13,8,30,21.5,216,165,287,2.8000000000000003,15.3842,11.9812
2009,9,13,9,0,22.8,250,234,370,3.2,20.4973,16.0164
2009,9,13,9,30,23.3,223,413,464,3.3000000000000003,26.3438,20.6295
2009,9,13,10,0,23.900000000000002,250,459,547,3.3000000000000003,31.6258,24.8021
2009,9,13,10,30,24.200000000000003,138,779,681,3.4000000000000004,39.8991,31.3215
2009,9,13,11,0,24.5,402,255,590,3.4000000000000004,34.8926,27.4097
2009,9,13,11,30,24.8,318,400,625,3.3000000000000003,37.1903,29.2271
2009,9,13,12,0,25.200000000000003,278,478,652,3.3000000000000003,38.9257,30.5977
2009,9,13,12,30,25.3,328,359,610,3.2,36.4428,28.6474
2009,9,13,13,0,25.5,285,433,621,3.1,37.0296,29.1049
2009,9,13,13,30,25.6,322,316,560,2.9000000000000004,33.2395,26.1177
2009,9,13,14,0,25.6,325,303,543,2.8000000000000003,31.9875,25.1206
2009,9,13,14,30,25.5,315,226,468,2.7,27.2650,21.3945
2009,9,13,15,0,25.400000000000002,206,10,212,2.6,12.1618,9.5318
2009,9,13,15,30,25.200000000000003,233,333,417,2.5,23.4252,18.3273
2009,9,13,16,0,24.900000000000002,239,97,285,2.5,15.5648,12.1455
2009,9,13,16,30,24.200000000000003,167,349,305,2.1,16.0431,12.4674
2009,9,13,17,0,23.6,81,558,252,1.8,12.6397,9.7581
2009,9,13,17,30,22,112,94,132,1.5,6.3254,4.8367
2009,9,13,18,0,20.400000000000002,50,8,51,1.1,0.0000,0.0000
2009,9,13,18,30,19.5,7,0,7,1.1,0.0000,0.0000
2009,9,13,19,0,18.7,0,0,0,1.2000000000000002,0.0000,0.0000
2009,9,13,19,30,18.3,0,0,0,1.2000000000000002,0.0000,0.0000
2009,9,13,20,0,17.900000000000002,0,0,0,1.2000000000000002,0.0000,0.0000
2009,9,13,20,30,17.6,0,0,0,1.2000000000000002,0.0000,0.0000
2009,9,13,21,0,17.2,0,0,0,1.2000000000000002,0.0000,0.0000
2009,9,13,21,30,16.900000000000002,0,0,0,1.2000000000000002,0.0000,0.0000
2009,9,13,22,0,16.7,0,0,0,1.1,0.0000,0.0000
2009,9,13,22,30,16.5,0,0,0,1.1,0.0000,0.0000
2009,9,13,23,0,16.3,0,0,0,1.1,0.0000,0.0000
2009,9,13,23,30,16.2,0,0,0,1.1,0.0000,0.0000
2009,9,14,0,0,16.1,0,0,0,1.1,0.0000,0.0000
2009,9,14,0,30,15.9,0,0,0,1.2000000000000002,0.0000,0.0000
2009,9,14,1,0,15.8,0,0,0,1.2000000000000002,0.0000,0.0000
2009,9,14,1,30,15.700000000000001,0,0,0,1.2000000000000002,0.0000,0.0000
2009,9,14,2,0,15.600000000000001,0,0,0,1.2000000000000002,0.0000,0.0000
2009,9,14,2,30,15.5,0,0,0,1.1,0.0000,0.0000
2009,9,14,3,0,15.4,0,0,0,1,0.0000,0.0000
2009,9,14,3,30,15.3,0,0,0,1,0.0000,0.0000
2009,9,14,4,0,15.200000000000001,0,0,0,0.9,0.0000,0.0000
2009,9,14,4,30,15.100000000000001,0,0,0,0.8,0.0000,0.0000
2009,9,14,5,0,15.100000000000001,0,0,0,0.8,0.0000,0.0000
2009,9,14,5,30,15.100000000000001,0,0,0,0.7000000000000001,0.0000,0.0000
2009,9,14,6,0,15.200000000000001,0,0,0,0.7000000000000001,0.0000,0.0000
2009,9,14,6,30,15.9,20,0,20,0.8,0.0000,0.0000
2009,9,14,7,0,16.6,35,1,35,1,0.0000,0.0000
2009,9,14,7,30,17.400000000000002,106,15,110,1.3,5.3642,4.1200
2009,9,14,8,0,18.2,129,21,136,1.6,6.9711,5.3993
2009,9,14,8,30,19.400000000000002,204,205,292,1.9000000000000001,15.6286,12.1695
2009,9,14,9,0,20.700000000000003,230,65,263,2.3000000000000003,14.5507,11.3684
2009,9,14,9,30,21.6,261,191,372,2.6,21.0967,16.5190
2009,9,14,10,0,22.6,203,561,563,2.9000000000000004,32.5187,25.5004
2009,9,14,10,30,23.1,265,26,282,2.9000000000000004,16.5075,12.9578
2009,9,14,11,0,23.6,362,86,426,3,25.1731,19.7734
2009,9,14,11,30,24,343,45,377,3,22.4147,17.6142
2009,9,14,12,0,24.400000000000002,385,98,461,2.9000000000000004,27.5001,21.6154
2009,9,14,12,30,24.6,354,305,593,2.8000000000000003,35.3970,27.8237
2009,9,14,13,0,24.900000000000002,293,454,643,2.6,38.3075,30.1075
2009,9,14,13,30,24.900000000000002,339,336,590,2.5,34.9864,27.4885
2009,9,14,14,0,25,333,269,526,2.3000000000000003,30.9520,24.3055
2009,9,14,14,30,24.8,313,222,462,2.2,26.8815,21.0916
2009,9,14,15,0,24.6,253,386,490,2.2,28.0690,21.9966
2009,9,14,15,30,24.1,251,334,433,2,24.2813,18.9942
2009,9,14,16,0,23.700000000000003,180,428,382,1.9000000000000001,20.8173,16.2405
2009,9,14,16,30,22.8,161,388,311,1.6,16.3153,12.6748
2009,9,14,17,0,21.900000000000002,144,161,192,1.3,9.6015,7.4090
2009,9,14,17,30,20.6,106,245,156,1.2000000000000002,7.4635,5.7037
2009,9,14,18,0,19.3,52,11,53,1.1,0.0000,0.0000
2009,9,14,18,30,18.7,5,0,5,1.1,0.0000,0.0000
2009,9,14,19,0,18.2,0,0,0,1.1,0.0000,0.0000
2009,9,14,19,30,17.900000000000002,0,0,0,1.1,0.0000,0.0000
2009,9,14,20,0,17.6,0,0,0,1.1,0.0000,0.0000
2009,9,14,20,30,17.400000000000002,0,0,0,1,0.0000,0.0000
2009,9,14,21,0,17.2,0,0,0,1,0.0000,0.0000
2009,9,14,21,30,17.1,0,0,0,1,0.0000,0.0000
2009,9,14,22,0,16.900000000000002,0,0,0,0.9,0.0000,0.0000
2009,9,14,22,30,16.8,0,0,0,0.9,0.0000,0.0000
2009,9,14,23,0,16.7,0,0,0,0.9,0.0000,0.0000
2009,9,14,23,30,16.6,0,0,0,0.9,0.0000,0.0000
2009,9,15,0,0,16.5,0,0,0,0.9,0.0000,0.0000
2009,9,15,0,30,16.400000000000002,0,0,0,0.8,0.0000,0.0000
2009,9,15,1,0,16.400000000000002,0,0,0,0.7000000000000001,0.0000,0.0000
2009,9,15,1,30,16.400000000000002,0,0,0,0.6000000000000001,0.0000,0.0000
2009,9,15,2,0,16.5,0,0,0,0.5,0.0000,0.0000
2009,9,15,2,30,16.400000000000002,0,0,0,0.5,0.0000,0.0000
2009,9,15,3,0,16.3,0,0,0,0.4,0.0000,0.0000
2009,9,15,3,30,16,0,0,0,0.5,0.0000,0.0000
2009,9,15,4,0,15.700000000000001,0,0,0,0.6000000000000001,0.0000,0.0000
2009,9,15,4,30,15.5,0,0,0,0.6000000000000001,0.0000,0.0000
2009,9,15,5,0,15.200000000000001,0,0,0,0.7000000000000001,0.0000,0.0000
2009,9,15,5,30,15,0,0,0,0.7000000000000001,0.0000,0.0000
2009,9,15,6,0,14.9,0,0,0,0.7000000000000001,0.0000,0.0000
2009,9,15,6,30,15.5,17,0,17,0.9,0.0000,0.0000
2009,9,15,7,0,16.2,38,0,38,1.1,0.0000,0.0000
2009,9,15,7,30,16.8,102,3,103,1.2000000000000002,5.0143,3.8499
2009,9,15,8,0,17.3,158,11,162,1.4000000000000001,8.2889,6.4184
2009,9,15,8,30,18.2,188,231,287,1.5,15.3375,11.9408
2009,9,15,9,0,19.1,242,197,342,1.6,18.8976,14.7629
2009,9,15,9,30,19.900000000000002,260,298,432,1.8,24.4726,19.1607
2009,9,15,10,0,20.700000000000003,365,166,471,1.9000000000000001,27.1787,21.3113
2009,9,15,10,30,21.200000000000003,234,526,597,1.9000000000000001,34.9153,27.4055
2009,9,15,11,0,21.6,240,558,648,1.9000000000000001,38.2577,30.0495
2009,9,15,11,30,21.900000000000002,252,513,642,1.9000000000000001,38.1392,29.9694
2009,9,15,12,0,22.200000000000003,273,473,640,1.9000000000000001,38.1453,29.9809
2009,9,15,12,30,22.5,280,474,648,1.9000000000000001,38.6466,30.3762
2009,9,15,13,0,22.8,224,678,744,2,44.2838,34.8023
2009,9,15,13,30,22.900000000000002,387,347,646,1.9000000000000001,38.2696,30.0660
2009,9,15,14,0,23,122,847,724,1.9000000000000001,42.5568,33.4157
2009,9,15,14,30,23,118,829,669,1.8,38.8772,30.5008
2009,9,15,15,0,23,211,538,538,1.7000000000000002,30.7720,24.1119
2009,9,15,15,30,22.700000000000003,253,297,414,1.5,23.1744,18.1255
2009,9,15,16,0,22.5,182,455,394,1.3,21.4241,16.7102
2009,9,15,16,30,21.900000000000002,164,415,323,1,16.8993,13.1241
2009,9,15,17,0,21.200000000000003,130,386,244,0.7000000000000001,12.1645,9.3819
2009,9,15,17,30,20.6,103,186,140,0.7000000000000001,6.6889,5.1089
2009,9,15,18,0,20,53,18,55,0.7000000000000001,0.0000,0.0000
2009,9,15,18,30,19.8,0,0,0,0.7000000000000001,0.0000,0.0000
2009,9,15,19,0,19.700000000000003,0,0,0,0.7000000000000001,0.0000,0.0000
2009,9,15,19,30,19.400000000000002,0,0,0,0.7000000000000001,0.0000,0.0000
2009,9,15,20,0,19.200000000000003,0,0,0,0.7000000000000001,0.0000,0.0000
2009,9,15,20,30,18.8,0,0,0,0.7000000000000001,0.0000,0.0000
2009,9,15,21,0,18.400000000000002,0,0,0,0.8,0.0000,0.0000
2009,9,15,21,30,17.7,0,0,0,0.9,0.0000,0.0000
2009,9,15,22,0,17.1,0,0,0,0.9,0.0000,0.0000
2009,9,15,22,30,16.5,0,0,0,1,0.0000,0.0000
2009,9,15,23,0,16,0,0,0,1.1,0.0000,0.0000
2009,9,15,23,30,15.5,0,0,0,1.1,0.0000,0.0000
2009,9,16,0,0,15,0,0,0,1.1,0.0000,0.0000
2009,9,16,0,30,14.8,0,0,0,1.1,0.0000,0.0000
2009,9,16,1,0,14.5,0,0,0,1.1,0.0000,0.0000
2009,9,16,1,30,14.3,0,0,0,1.1,0.0000,0.0000
2009,9,16,2,0,14.100000000000001,0,0,0,1.1,0.0000,0.0000
2009,9,16,2,30,14,0,0,0,1.1,0.0000,0.0000
2009,9,16,3,0,13.8,0,0,0,1.1,0.0000,0.0000
2009,9,16,3,30,13.600000000000001,0,0,0,1.1,0.0000,0.0000
2009,9,16,4,0,13.4,0,0,0,1.1,0.0000,0.0000
2009,9,16,4,30,13.200000000000001,0,0,0,1.1,0.0000,0.0000
2009,9,16,5,0,13.100000000000001,0,0,0,1.1,0.0000,0.0000
2009,9,16,5,30,13.200000000000001,0,0,0,1.1,0.0000,0.0000
2009,9,16,6,0,13.4,0,0,0,1.1,0.0000,0.0000
2009,9,16,6,30,14.9,22,183,32,1.4000000000000001,0.0000,0.0000
2009,9,16,7,0,16.5,47,392,107,1.6,0.0000,0.0000
2009,9,16,7,30,17.7,65,536,197,1.8,9.5754,7.3492
2009,9,16,8,0,18.900000000000002,79,627,291,1.9000000000000001,14.8626,11.5057
2009,9,16,8,30,20.700000000000003,91,697,386,2,20.5963,16.0322
2009,9,16,9,0,22.5,109,718,470,2.1,25.9359,20.2586
2009,9,16,9,30,23.700000000000003,117,758,552,2.3000000000000003,31.2346,24.4525
2009,9,16,10,0,24.8,129,771,619,2.6,35.6828,27.9772
2009,9,16,10,30,25.3,134,794,679,2.7,39.6737,31.1383
2009,9,16,11,0,25.8,143,801,725,2.7,42.7667,33.5890
2009,9,16,11,30,26.1,397,329,645,2.7,38.2848,30.0820
2009,9,16,12,0,26.5,267,542,684,2.8000000000000003,40.7333,32.0131
2009,9,16,12,30,26.700000000000003,387,375,677,2.8000000000000003,40.3414,31.7065
2009,9,16,13,0,26.900000000000002,359,446,699,2.9000000000000004,41.5672,32.6653
2009,9,16,13,30,26.900000000000002,145,799,737,2.9000000000000004,43.6157,34.2637
2009,9,16,14,0,26.900000000000002,350,381,619,2.9000000000000004,36.3436,28.5347
2009,9,16,14,30,26.8,127,790,649,2.9000000000000004,37.6671,29.5486
2009,9,16,15,0,26.8,126,755,581,2.9000000000000004,33.1816,25.9969
2009,9,16,15,30,26.5,257,417,480,2.8000000000000003,26.8202,20.9735
2009,9,16,16,0,26.200000000000003,109,671,418,2.8000000000000003,22.6784,17.6845
2009,9,16,16,30,25.400000000000002,98,609,328,2.2,17.1127,13.2853
2009,9,16,17,0,24.6,82,525,234,1.7000000000000002,11.6301,8.9651
2009,9,16,17,30,22.900000000000002,63,401,142,1.3,6.7769,5.1733
2009,9,16,18,0,21.3,37,232,60,1,0.0000,0.0000
2009,9,16,18,30,20.6,0,0,0,1,0.0000,0.0000
2009,9,16,19,0,20,0,0,0,1.1,0.0000,0.0000
2009,9,16,19,30,19.6,0,0,0,1.1,0.0000,0.0000
2009,9,16,20,0,19.200000000000003,0,0,0,1,0.0000,0.0000
2009,9,16,20,30,18.8,0,0,0,1,0.0000,0.0000
2009,9,16,21,0,18.3,0,0,0,1,0.0000,0.0000
2009,9,16,21,30,17.900000000000002,0,0,0,1,0.0000,0.0000
2009,9,16,22,0,17.5,0,0,0,1,0.0000,0.0000
2009,9,16,22,30,17.1,0,0,0,1,0.0000,0.0000
2009,9,16,23,0,16.8,0,0,0,1,0.0000,0.0000
2009,9,16,23,30,16.5,0,0,0,1,0.0000,0.0000
2009,9,17,0,0,16.2,0,0,0,0.9,0.0000,0.0000
2009,9,17,0,30,15.9,0,0,0,0.9,0.0000,0.0000
2009,9,17,1,0,15.700000000000001,0,0,0,0.9,0.0000,0.0000
2009,9,17,1,30,15.4,0,0,0,0.9,0.0000,0.0000
2009,9,17,2,0,15.100000000000001,0,0,0,1,0.0000,0.0000
2009,9,17,2,30,14.8,0,0,0,1,0.0000,0.0000
2009,9,17,3,0,14.5,0,0,0,1,0.0000,0.0000
2009,9,17,3,30,14.3,0,0,0,1,0.0000,0.0000
2009,9,17,4,0,14,0,0,0,1,0.0000,0.0000
2009,9,17,4,30,13.8,0,0,0,1,0.0000,0.0000
2009,9,17,5,0,13.5,0,0,0,0.9,0.0000,0.0000
2009,9,17,5,30,13.5,0,0,0,0.9,0.0000,0.0000
2009,9,17,6,0,13.5,0,0,0,0.9,0.0000,0.0000
2009,9,17,6,30,14.9,18,0,18,1.1,0.0000,0.0000
2009,9,17,7,0,16.3,44,408,105,1.4000000000000001,0.0000,0.0000
2009,9,17,7,30,17.6,61,554,196,1.3,9.5113,7.2973
2009,9,17,8,0,18.900000000000002,160,299,260,1.3,13.2541,10.2577
2009,9,17,8,30,20.8,192,406,362,1.2000000000000002,19.2842,15.0081
2009,9,17,9,0,22.8,253,278,391,1.1,21.5474,16.8286
2009,9,17,9,30,23.900000000000002,284,318,465,1.2000000000000002,26.2811,20.5726
2009,9,17,10,0,25,104,827,626,1.4000000000000001,36.0493,28.2624
2009,9,17,10,30,25.6,108,847,686,1.5,40.0458,31.4282
2009,9,17,11,0,26.200000000000003,110,863,734,1.7000000000000002,43.2595,33.9739
2009,9,17,11,30,26.6,112,872,767,1.7000000000000002,45.4858,35.7379
2009,9,17,12,0,27,118,869,784,1.7000000000000002,46.6483,36.6597
2009,9,17,12,30,27.200000000000003,335,514,729,1.7000000000000002,43.4011,34.1091
2009,9,17,13,0,27.400000000000002,433,176,567,1.7000000000000002,33.6854,26.4697
2009,9,17,13,30,27.5,114,862,749,1.7000000000000002,44.2808,34.7837
2009,9,17,14,0,27.5,393,211,542,1.7000000000000002,31.7868,24.9550
2009,9,17,14,30,27.400000000000002,357,242,515,1.7000000000000002,29.8503,23.4142
2009,9,17,15,0,27.200000000000003,317,266,476,1.7000000000000002,27.1435,21.2635
2009,9,17,15,30,26.900000000000002,275,269,418,1.7000000000000002,23.3129,18.2277
2009,9,17,16,0,26.6,192,8,195,1.6,10.5549,8.2287
2009,9,17,16,30,25.8,83,662,329,1.4000000000000001,17.1175,13.2843
2009,9,17,17,0,25.1,155,62,173,1.1,8.5721,6.6042
2009,9,17,17,30,23.700000000000003,101,63,113,1,5.3887,4.1116
2009,9,17,18,0,22.3,40,1,40,0.8,0.0000,0.0000
2009,9,17,18,30,21.900000000000002,0,0,0,0.8,0.0000,0.0000
2009,9,17,19,0,21.400000000000002,0,0,0,0.8,0.0000,0.0000
2009,9,17,19,30,21.200000000000003,0,0,0,0.8,0.0000,0.0000
2009,9,17,20,0,21.1,0,0,0,0.7000000000000001,0.0000,0.0000
2009,9,17,20,30,20.900000000000002,0,0,0,0.6000000000000001,0.0000,0.0000
2009,9,17,21,0,20.8,0,0,0,0.5,0.0000,0.0000
2009,9,17,21,30,20.5,0,0,0,0.5,0.0000,0.0000
2009,9,17,22,0,20.1,0,0,0,0.4,0.0000,0.0000
2009,9,17,22,30,19.8,0,0,0,0.4,0.0000,0.0000
2009,9,17,23,0,19.400000000000002,0,0,0,0.4,0.0000,0.0000
2009,9,17,23,30,19,0,0,0,0.4,0.0000,0.0000
2009,9,18,0,0,18.5,0,0,0,0.4,0.0000,0.0000
2009,9,18,0,30,18,0,0,0,0.30000000000000004,0.0000,0.0000
2009,9,18,1,0,17.6,0,0,0,0.30000000000000004,0.0000,0.0000
2009,9,18,1,30,17.1,0,0,0,0.30000000000000004,0.0000,0.0000
2009,9,18,2,0,16.7,0,0,0,0.30000000000000004,0.0000,0.0000
2009,9,18,2,30,16.2,0,0,0,0.4,0.0000,0.0000
2009,9,18,3,0,15.8,0,0,0,0.5,0.0000,0.0000
2009,9,18,3,30,15.4,0,0,0,0.6000000000000001,0.0000,0.0000
2009,9,18,4,0,15,0,0,0,0.7000000000000001,0.0000,0.0000
2009,9,18,4,30,14.700000000000001,0,0,0,0.8,0.0000,0.0000
2009,9,18,5,0,14.3,0,0,0,0.8,0.0000,0.0000
2009,9,18,5,30,14.200000000000001,0,0,0,0.8,0.0000,0.0000
2009,9,18,6,0,14,0,0,0,0.8,0.0000,0.0000
2009,9,18,6,30,15.3,20,145,27,1.1,0.0000,0.0000
2009,9,18,7,0,16.6,46,366,100,1.4000000000000001,0.0000,0.0000
2009,9,18,7,30,18,65,516,190,1.4000000000000001,9.2062,7.0608
2009,9,18,8,0,19.3,80,618,284,1.4000000000000001,14.4513,11.1813
2009,9,18,8,30,21.200000000000003,91,690,378,1.4000000000000001,20.1049,15.6441
2009,9,18,9,0,23.200000000000003,101,737,466,1.4000000000000001,25.6456,20.0267
2009,9,18,9,30,24,109,776,548,1.6,30.9356,24.2136
2009,9,18,10,0,24.900000000000002,114,806,620,1.8,35.6654,27.9590
2009,9,18,10,30,25.400000000000002,119,827,680,2,39.6572,31.1210
2009,9,18,11,0,25.900000000000002,121,845,728,2.1,42.8664,33.6630
2009,9,18,11,30,26.3,123,855,761,2.2,45.0903,35.4250
2009,9,18,12,0,26.700000000000003,110,887,785,2.3000000000000003,46.6658,36.6712
2009,9,18,12,30,27,110,888,789,2.4000000000000004,46.9303,36.8805
2009,9,18,13,0,27.200000000000003,107,889,778,2.4000000000000004,46.1769,36.2831
2009,9,18,13,30,27.3,106,881,750,2.5,44.2929,34.7906
2009,9,18,14,0,27.400000000000002,102,871,709,2.5,41.5320,32.6029
2009,9,18,14,30,27.200000000000003,329,331,544,2.6,31.4887,24.6968
2009,9,18,15,0,27.1,252,529,565,2.6,32.1674,25.1957
2009,9,18,15,30,26.700000000000003,163,590,473,2.5,26.3295,20.5827
2009,9,18,16,0,26.400000000000002,161,441,360,2.5,19.4411,15.1528
2009,9,18,16,30,25.5,160,293,268,2,13.9036,10.7861
2009,9,18,17,0,24.6,107,412,221,1.6,10.9172,8.4064
2009,9,18,17,30,22.700000000000003,88,217,128,1.3,6.1013,4.6532
2009,9,18,18,0,20.8,40,7,41,1.1,0.0000,0.0000
2009,9,18,18,30,20,0,0,0,1.1,0.0000,0.0000
2009,9,18,19,0,19.200000000000003,0,0,0,1.2000000000000002,0.0000,0.0000
2009,9,18,19,30,18.8,0,0,0,1.3,0.0000,0.0000
2009,9,18,20,0,18.400000000000002,0,0,0,1.3,0.0000,0.0000
2009,9,18,20,30,18,0,0,0,1.4000000000000001,0.0000,0.0000
2009,9,18,21,0,17.5,0,0,0,1.4000000000000001,0.0000,0.0000
2009,9,18,21,30,17.1,0,0,0,1.4000000000000001,0.0000,0.0000
2009,9,18,22,0,16.7,0,0,0,1.5,0.0000,0.0000
2009,9,18,22,30,16.3,0,0,0,1.5,0.0000,0.0000
2009,9,18,23,0,15.9,0,0,0,1.4000000000000001,0.0000,0.0000
2009,9,18,23,30,15.5,0,0,0,1.4000000000000001,0.0000,0.0000
2009,9,19,0,0,15.200000000000001,0,0,0,1.3,0.0000,0.0000
2009,9,19,0,30,14.9,0,0,0,1.2000000000000002,0.0000,0.0000
2009,9,19,1,0,14.600000000000001,0,0,0,1.2000000000000002,0.0000,0.0000
2009,9,19,1,30,14.4,0,0,0,1.1,0.0000,0.0000
2009,9,19,2,0,14.200000000000001,0,0,0,1.1,0.0000,0.0000
2009,9,19,2,30,14.100000000000001,0,0,0,1,0.0000,0.0000
2009,9,19,3,0,13.9,0,0,0,1,0.0000,0.0000
2009,9,19,3,30,14,0,0,0,0.9,0.0000,0.0000
2009,9,19,4,0,14,0,0,0,0.9,0.0000,0.0000
2009,9,19,4,30,14.100000000000001,0,0,0,0.8,0.0000,0.0000
2009,9,19,5,0,14.200000000000001,0,0,0,0.7000000000000001,0.0000,0.0000
2009,9,19,5,30,14.4,0,0,0,0.6000000000000001,0.0000,0.0000
2009,9,19,6,0,14.600000000000001,0,0,0,0.5,0.0000,0.0000
2009,9,19,6,30,15.4,19,163,27,0.6000000000000001,0.0000,0.0000
2009,9,19,7,0,16.1,45,391,100,0.6000000000000001,0.0000,0.0000
2009,9,19,7,30,17.1,63,541,191,1,9.2403,7.0843
2009,9,19,8,0,18.1,175,167,230,1.3,11.6811,9.0354
2009,9,19,8,30,19.5,165,388,325,1.9000000000000001,17.2572,13.4257
2009,9,19,9,0,20.900000000000002,255,275,391,2.5,21.4885,16.7782
2009,9,19,9,30,21.6,207,515,497,2.8000000000000003,28.0231,21.9317
2009,9,19,10,0,22.200000000000003,199,562,549,3.1,31.5480,24.7292
2009,9,19,10,30,22.8,203,581,595,3.3000000000000003,34.6661,27.2022
2009,9,19,11,0,23.400000000000002,231,550,624,3.4000000000000004,36.7093,28.8260
2009,9,19,11,30,23.8,216,578,645,3.6,38.1830,29.9965
2009,9,19,12,0,24.200000000000003,215,626,690,3.7,40.9809,32.2018
2009,9,19,12,30,24.5,209,664,713,3.7,42.3694,33.2941
2009,9,19,13,0,24.8,176,684,688,3.8000000000000003,40.7947,32.0518
2009,9,19,13,30,24.8,252,517,627,3.7,36.9898,29.0521
2009,9,19,14,0,24.900000000000002,264,448,574,3.7,33.5837,26.3611
2009,9,19,14,30,24.8,193,620,593,3.6,34.2791,26.8825
2009,9,19,15,0,24.700000000000003,87,861,593,3.5,33.7083,26.3992
2009,9,19,15,30,24.3,82,830,514,3.3000000000000003,28.5572,22.3203
2009,9,19,16,0,23.900000000000002,142,543,384,3.2,20.6887,16.1211
2009,9,19,16,30,23,135,525,325,2.6,16.8131,13.0384
2009,9,19,17,0,22,140,122,174,2,8.5703,6.5957
2009,9,19,17,30,20.5,58,6,59,1.6,2.8122,2.1438
2009,9,19,18,0,18.900000000000002,40,13,41,1.3,0.0000,0.0000
2009,9,19,18,30,18.3,0,0,0,1.3,0.0000,0.0000
2009,9,19,19,0,17.7,0,0,0,1.3,0.0000,0.0000
2009,9,19,19,30,17.400000000000002,0,0,0,1.4000000000000001,0.0000,0.0000
2009,9,19,20,0,17,0,0,0,1.4000000000000001,0.0000,0.0000
2009,9,19,20,30,16.7,0,0,0,1.5,0.0000,0.0000
2009,9,19,21,0,16.3,0,0,0,1.5,0.0000,0.0000
2009,9,19,21,30,15.9,0,0,0,1.5,0.0000,0.0000
2009,9,19,22,0,15.600000000000001,0,0,0,1.5,0.0000,0.0000
2009,9,19,22,30,15.200000000000001,0,0,0,1.5,0.0000,0.0000
2009,9,19,23,0,14.8,0,0,0,1.5,0.0000,0.0000
2009,9,19,23,30,14.4,0,0,0,1.4000000000000001,0.0000,0.0000
2009,9,20,0,0,14.100000000000001,0,0,0,1.4000000000000001,0.0000,0.0000
2009,9,20,0,30,13.9,0,0,0,1.4000000000000001,0.0000,0.0000
2009,9,20,1,0,13.700000000000001,0,0,0,1.3,0.0000,0.0000
2009,9,20,1,30,13.600000000000001,0,0,0,1.3,0.0000,0.0000
2009,9,20,2,0,13.5,0,0,0,1.3,0.0000,0.0000
2009,9,20,2,30,13.4,0,0,0,1.2000000000000002,0.0000,0.0000
2009,9,20,3,0,13.3,0,0,0,1.2000000000000002,0.0000,0.0000
2009,9,20,3,30,13.200000000000001,0,0,0,1.2000000000000002,0.0000,0.0000
2009,9,20,4,0,13.100000000000001,0,0,0,1.2000000000000002,0.0000,0.0000
2009,9,20,4,30,13,0,0,0,1.2000000000000002,0.0000,0.0000
2009,9,20,5,0,12.9,0,0,0,1.3,0.0000,0.0000
2009,9,20,5,30,13,0,0,0,1.5,0.0000,0.0000
2009,9,20,6,0,13.100000000000001,0,0,0,1.7000000000000002,0.0000,0.0000
2009,9,20,6,30,13.9,18,160,25,2.3000000000000003,0.0000,0.0000
2009,9,20,7,0,14.600000000000001,62,3,62,2.8000000000000003,0.0000,0.0000
2009,9,20,7,30,15.5,117,102,141,2.8000000000000003,6.8111,5.2200
2009,9,20,8,0,16.5,120,469,272,2.8000000000000003,13.7876,10.6618
2009,9,20,8,30,18.2,204,107,248,3.2,13.1465,10.2257
2009,9,20,9,0,20,239,88,282,3.7,15.4756,12.0816
2009,9,20,9,30,21.6,225,390,443,4.1000000000000005,24.9482,19.5232
2009,9,20,10,0,23.1,182,628,571,4.5,32.7760,25.6896
2009,9,20,10,30,24,108,851,679,4.6000000000000005,39.5209,31.0095
2009,9,20,11,0,24.900000000000002,111,865,726,4.7,42.6694,33.5039
2009,9,20,11,30,25.400000000000002,113,875,758,4.800000000000001,44.8305,35.2165
2009,9,20,12,0,26,112,885,778,4.9,46.1656,36.2736
2009,9,20,12,30,26.3,112,883,778,4.9,46.1883,36.2926
2009,9,20,13,0,26.700000000000003,113,876,765,4.9,45.3146,35.6006
2009,9,20,13,30,26.700000000000003,111,866,737,4.800000000000001,43.4315,34.1088
2009,9,20,14,0,26.8,112,847,694,4.800000000000001,40.5552,31.8305
2009,9,20,14,30,26.700000000000003,108,826,637,4.7,36.7712,28.8338
2009,9,20,15,0,26.5,110,782,565,4.6000000000000005,32.0637,25.1078
2009,9,20,15,30,26.200000000000003,103,747,488,4.5,27.0586,21.1451
2009,9,20,16,0,25.900000000000002,97,689,400,4.3,21.4980,16.7473
2009,9,20,16,30,25.1,86,623,308,3.9000000000000004,15.8867,12.3152
2009,9,20,17,0,24.400000000000002,74,521,213,3.4000000000000004,10.4591,8.0445
2009,9,20,17,30,23,55,391,123,3,5.8650,4.4695
2009,9,20,18,0,21.700000000000003,29,184,44,2.6,0.0000,0.0000
2009,9,20,18,30,21.3,0,0,0,3,0.0000,0.0000
2009,9,20,19,0,21,0,0,0,3.4000000000000004,0.0000,0.0000
2009,9,20,19,30,20.700000000000003,0,0,0,3.7,0.0000,0.0000
2009,9,20,20,0,20.400000000000002,0,0,0,3.9000000000000004,0.0000,0.0000
2009,9,20,20,30,20,0,0,0,4,0.0000,0.0000
2009,9,20,21,0,19.700000000000003,0,0,0,4,0.0000,0.0000
2009,9,20,21,30,19.400000000000002,0,0,0,4,0.0000,0.0000
2009,9,20,22,0,19.1,0,0,0,4,0.0000,0.0000
2009,9,20,22,30,19,0,0,0,4.2,0.0000,0.0000
2009,9,20,23,0,18.8,0,0,0,4.3,0.0000,0.0000
2009,9,20,23,30,18.7,0,0,0,4.4,0.0000,0.0000
2009,9,21,0,0,18.7,0,0,0,4.5,0.0000,0.0000
2009,9,21,0,30,18.6,0,0,0,4.3,0.0000,0.0000
2009,9,21,1,0,18.6,0,0,0,4.2,0.0000,0.0000
2009,9,21,1,30,18.6,0,0,0,4,0.0000,0.0000
2009,9,21,2,0,18.6,0,0,0,3.8000000000000003,0.0000,0.0000
2009,9,21,2,30,18.400000000000002,0,0,0,3.4000000000000004,0.0000,0.0000
2009,9,21,3,0,18.3,0,0,0,3,0.0000,0.0000
2009,9,21,3,30,18,0,0,0,2.5,0.0000,0.0000
2009,9,21,4,0,17.6,0,0,0,2.1,0.0000,0.0000
2009,9,21,4,30,17.400000000000002,0,0,0,1.9000000000000001,0.0000,0.0000
2009,9,21,5,0,17.2,0,0,0,1.7000000000000002,0.0000,0.0000
2009,9,21,5,30,17,0,0,0,1.9000000000000001,0.0000,0.0000
2009,9,21,6,0,16.8,0,0,0,2.1,0.0000,0.0000
2009,9,21,6,30,16.8,6,0,6,3,0.0000,0.0000
2009,9,21,7,0,16.8,23,0,23,3.9000000000000004,0.0000,0.0000
2009,9,21,7,30,17,66,2,67,4.800000000000001,3.2318,2.4759
2009,9,21,8,0,17.2,123,12,127,5.7,6.4258,4.9676
2009,9,21,8,30,17.400000000000002,100,2,100,6.1000000000000005,5.2920,4.1155
2009,9,21,9,0,17.6,100,1,100,6.5,5.4801,4.2777
2009,9,21,9,30,17.5,179,9,184,6.6000000000000005,10.3496,8.0982
2009,9,21,10,0,17.400000000000002,80,0,80,6.7,4.5871,3.5951
2009,9,21,10,30,17.1,91,0,91,6.800000000000001,5.2911,4.1513
2009,9,21,11,0,16.8,24,0,24,6.800000000000001,1.4092,1.1064
2009,9,21,11,30,16.3,101,0,102,6.6000000000000005,6.0270,4.7342
2009,9,21,12,0,15.9,81,0,81,6.5,4.8019,3.7727
2009,9,21,12,30,15.700000000000001,86,0,86,6.1000000000000005,5.1007,4.0077
2009,9,21,13,0,15.5,108,0,108,5.7,6.3908,5.0204
2009,9,21,13,30,16,176,0,176,5.6000000000000005,10.3604,8.1359
2009,9,21,14,0,16.5,152,0,152,5.5,8.8714,6.9622
2009,9,21,14,30,17.2,221,13,230,5.5,13.2580,10.3950
2009,9,21,15,0,17.900000000000002,163,0,163,5.6000000000000005,9.2351,7.2307
2009,9,21,15,30,18.1,171,1,172,5.5,9.5182,7.4367
2009,9,21,16,0,18.2,192,281,315,5.300000000000001,16.8888,13.1532
2009,9,21,16,30,17.8,148,7,151,4.9,7.7654,6.0172
2009,9,21,17,0,17.400000000000002,69,0,69,4.6000000000000005,3.3785,2.5971
2009,9,21,17,30,16.3,73,2,73,3.9000000000000004,0.0000,0.0000
2009,9,21,18,0,15.200000000000001,25,291,46,3.3000000000000003,0.0000,0.0000
2009,9,21,18,30,14.600000000000001,0,0,0,3.3000000000000003,0.0000,0.0000
2009,9,21,19,0,14,0,0,0,3.4000000000000004,0.0000,0.0000
2009,9,21,19,30,13.700000000000001,0,0,0,3.4000000000000004,0.0000,0.0000
2009,9,21,20,0,13.3,0,0,0,3.5,0.0000,0.0000
2009,9,21,20,30,12.700000000000001,0,0,0,2.9000000000000004,0.0000,0.0000
2009,9,21,21,0,12.100000000000001,0,0,0,2.4000000000000004,0.0000,0.0000
2009,9,21,21,30,11.8,0,0,0,2.4000000000000004,0.0000,0.0000
2009,9,21,22,0,11.600000000000001,0,0,0,2.5,0.0000,0.0000
2009,9,21,22,30,11.5,0,0,0,2.6,0.0000,0.0000
2009,9,21,23,0,11.4,0,0,0,2.8000000000000003,0.0000,0.0000
2009,9,21,23,30,11.3,0,0,0,2.8000000000000003,0.0000,0.0000
2009,9,22,0,0,11.100000000000001,0,0,0,2.8000000000000003,0.0000,0.0000
2009,9,22,0,30,10.9,0,0,0,2.8000000000000003,0.0000,0.0000
2009,9,22,1,0,10.8,0,0,0,2.8000000000000003,0.0000,0.0000
2009,9,22,1,30,10.5,0,0,0,2.8000000000000003,0.0000,0.0000
2009,9,22,2,0,10.3,0,0,0,2.9000000000000004,0.0000,0.0000
2009,9,22,2,30,10,0,0,0,2.7,0.0000,0.0000
2009,9,22,3,0,9.700000000000001,0,0,0,2.5,0.0000,0.0000
2009,9,22,3,30,9.5,0,0,0,2.3000000000000003,0.0000,0.0000
2009,9,22,4,0,9.200000000000001,0,0,0,2.1,0.0000,0.0000
2009,9,22,4,30,9.3,0,0,0,2.2,0.0000,0.0000
2009,9,22,5,0,9.4,0,0,0,2.2,0.0000,0.0000
2009,9,22,5,30,9.600000000000001,0,0,0,2.3000000000000003,0.0000,0.0000
2009,9,22,6,0,9.9,0,0,0,2.4000000000000004,0.0000,0.0000
2009,9,22,6,30,10.8,4,0,4,2.8000000000000003,0.0000,0.0000
2009,9,22,7,0,11.600000000000001,23,0,23,3.1,0.0000,0.0000
2009,9,22,7,30,12.5,123,47,134,3,6.4545,4.9430
2009,9,22,8,0,13.3,150,7,153,3,7.7263,5.9712
2009,9,22,8,30,13.9,154,3,155,2.9000000000000004,8.1886,6.3668
2009,9,22,9,0,14.5,232,24,243,2.8000000000000003,13.2969,10.3778
2009,9,22,9,30,15.100000000000001,238,9,243,2.8000000000000003,13.6506,10.6800
2009,9,22,10,0,15.8,285,104,349,2.8000000000000003,19.9888,15.6642
2009,9,22,10,30,16.3,286,57,324,2.7,18.8194,14.7641
2009,9,22,11,0,16.900000000000002,252,11,260,2.5,15.2515,11.9737
2009,9,22,11,30,17,294,22,311,2.5,18.3589,14.4198
2009,9,22,12,0,17.2,329,50,366,2.4000000000000004,21.6766,17.0297
2009,9,22,12,30,17.5,239,6,243,2.2,14.3984,11.3121
2009,9,22,13,0,17.8,98,0,98,1.9000000000000001,5.7930,4.5505
2009,9,22,13,30,18.2,101,0,101,1.7000000000000002,5.9387,4.6632
2009,9,22,14,0,18.7,179,3,180,1.6,10.4924,8.2336
2009,9,22,14,30,18.7,86,1,87,1.5,5.0077,3.9259
2009,9,22,15,0,18.7,109,0,109,1.4000000000000001,6.1651,4.8263
2009,9,22,15,30,18.5,130,0,130,1.4000000000000001,7.1796,5.6084
2009,9,22,16,0,18.2,23,0,23,1.4000000000000001,1.2300,0.9577
2009,9,22,16,30,17.6,40,0,40,1.4000000000000001,2.0510,1.5887
2009,9,22,17,0,17.1,111,5,112,1.4000000000000001,5.4683,4.2010
2009,9,22,17,30,16.2,65,1,66,1.1,0.0000,0.0000
2009,9,22,18,0,15.3,14,0,14,0.8,0.0000,0.0000
2009,9,22,18,30,14.9,0,0,0,0.9,0.0000,0.0000
2009,9,22,19,0,14.4,0,0,0,0.9,0.0000,0.0000
2009,9,22,19,30,14,0,0,0,0.8,0.0000,0.0000
2009,9,22,20,0,13.700000000000001,0,0,0,0.8,0.0000,0.0000
2009,9,22,20,30,13.4,0,0,0,0.8,0.0000,0.0000
2009,9,22,21,0,13.100000000000001,0,0,0,0.8,0.0000,0.0000
2009,9,22,21,30,12.8,0,0,0,0.8,0.0000,0.0000
2009,9,22,22,0,12.600000000000001,0,0,0,0.8,0.0000,0.0000
2009,9,22,22,30,12.3,0,0,0,0.8,0.0000,0.0000
2009,9,22,23,0,12,0,0,0,0.9,0.0000,0.0000
2009,9,22,23,30,11.600000000000001,0,0,0,0.9,0.0000,0.0000
2009,9,23,0,0,11.200000000000001,0,0,0,0.9,0.0000,0.0000
2009,9,23,0,30,10.9,0,0,0,0.9,0.0000,0.0000
2009,9,23,1,0,10.5,0,0,0,0.9,0.0000,0.0000
2009,9,23,1,30,10.3,0,0,0,0.9,0.0000,0.0000
2009,9,23,2,0,10.100000000000001,0,0,0,0.9,0.0000,0.0000
2009,9,23,2,30,10,0,0,0,0.9,0.0000,0.0000
2009,9,23,3,0,9.9,0,0,0,0.9,0.0000,0.0000
2009,9,23,3,30,9.9,0,0,0,0.8,0.0000,0.0000
2009,9,23,4,0,9.9,0,0,0,0.8,0.0000,0.0000
2009,9,23,4,30,10,0,0,0,0.7000000000000001,0.0000,0.0000
2009,9,23,5,0,10.100000000000001,0,0,0,0.6000000000000001,0.0000,0.0000
2009,9,23,5,30,10.200000000000001,0,0,0,0.6000000000000001,0.0000,0.0000
2009,9,23,6,0,10.4,0,0,0,0.5,0.0000,0.0000
2009,9,23,6,30,11,4,0,4,0.7000000000000001,0.0000,0.0000
2009,9,23,7,0,11.700000000000001,26,0,26,0.8,0.0000,0.0000
2009,9,23,7,30,12.9,70,1,70,0.6000000000000001,3.3673,2.5778
2009,9,23,8,0,14.100000000000001,152,6,154,0.30000000000000004,7.7617,5.9968
2009,9,23,8,30,15.4,165,5,167,0.5,8.8073,6.8465
2009,9,23,9,0,16.7,168,1,168,0.7000000000000001,9.1791,7.1629
2009,9,23,9,30,17.6,293,50,321,1,18.0089,14.0881
2009,9,23,10,0,18.5,299,46,328,1.2000000000000002,18.7645,14.7035
2009,9,23,10,30,19.3,379,117,456,1.4000000000000001,26.4583,20.7552
2009,9,23,11,0,20,399,118,482,1.7000000000000002,28.2450,22.1731
2009,9,23,11,30,20.6,347,18,360,1.8,21.2306,16.6743
2009,9,23,12,0,21.200000000000003,410,102,485,1.9000000000000001,28.6964,22.5430
2009,9,23,12,30,21.5,410,102,486,2,28.7675,22.5995
2009,9,23,13,0,21.900000000000002,407,261,597,2,35.2524,27.6893
2009,9,23,13,30,22,339,19,353,2,20.7319,16.2778
2009,9,23,14,0,22.1,390,138,483,1.9000000000000001,28.1184,22.0630
2009,9,23,14,30,22.1,291,16,301,1.9000000000000001,17.3009,13.5617
2009,9,23,15,0,22.1,152,0,152,1.8,8.5823,6.7176
2009,9,23,15,30,21.8,86,802,487,1.7000000000000002,26.8394,20.9618
2009,9,23,16,0,21.6,78,759,400,1.6,21.3370,16.6082
2009,9,23,16,30,20.900000000000002,70,695,306,1.3,15.6428,12.1112
2009,9,23,17,0,20.200000000000003,137,79,157,0.9,7.6438,5.8689
2009,9,23,17,30,19.3,29,0,29,0.8,0.0000,0.0000
2009,9,23,18,0,18.3,25,2,26,0.6000000000000001,0.0000,0.0000
2009,9,23,18,30,18.2,0,0,0,0.5,0.0000,0.0000
2009,9,23,19,0,18.1,0,0,0,0.4,0.0000,0.0000
2009,9,23,19,30,17.7,0,0,0,0.4,0.0000,0.0000
2009,9,23,20,0,17.400000000000002,0,0,0,0.4,0.0000,0.0000
2009,9,23,20,30,16.8,0,0,0,0.5,0.0000,0.0000
2009,9,23,21,0,16.1,0,0,0,0.7000000000000001,0.0000,0.0000
2009,9,23,21,30,15.5,0,0,0,0.8,0.0000,0.0000
2009,9,23,22,0,14.8,0,0,0,0.9,0.0000,0.0000
2009,9,23,22,30,14.100000000000001,0,0,0,1,0.0000,0.0000
2009,9,23,23,0,13.5,0,0,0,1,0.0000,0.0000
2009,9,23,23,30,13,0,0,0,1.1,0.0000,0.0000
2009,9,24,0,0,12.5,0,0,0,1.1,0.0000,0.0000
2009,9,24,0,30,12.100000000000001,0,0,0,1.1,0.0000,0.0000
2009,9,24,1,0,11.8,0,0,0,1.1,0.0000,0.0000
2009,9,24,1,30,11.5,0,0,0,1.1,0.0000,0.0000
2009,9,24,2,0,11.200000000000001,0,0,0,1.1,0.0000,0.0000
2009,9,24,2,30,11.100000000000001,0,0,0,1,0.0000,0.0000
2009,9,24,3,0,10.9,0,0,0,1,0.0000,0.0000
2009,9,24,3,30,10.9,0,0,0,1,0.0000,0.0000
2009,9,24,4,0,10.9,0,0,0,0.9,0.0000,0.0000
2009,9,24,4,30,10.9,0,0,0,0.9,0.0000,0.0000
2009,9,24,5,0,10.9,0,0,0,0.8,0.0000,0.0000
2009,9,24,5,30,10.9,0,0,0,0.7000000000000001,0.0000,0.0000
2009,9,24,6,0,11,0,0,0,0.6000000000000001,0.0000,0.0000
2009,9,24,6,30,11.9,14,129,18,0.6000000000000001,0.0000,0.0000
2009,9,24,7,0,12.9,38,380,86,0.5,0.0000,0.0000
2009,9,24,7,30,14.200000000000001,103,7,105,0.6000000000000001,5.0444,3.8603
2009,9,24,8,0,15.4,159,192,219,0.7000000000000001,11.0162,8.5087
2009,9,24,8,30,17.3,77,722,363,1.3,19.1092,14.8515
2009,9,24,9,0,19.1,84,778,452,2,24.6587,19.2395
2009,9,24,9,30,19.8,90,816,533,2.3000000000000003,29.8632,23.3589
2009,9,24,10,0,20.5,93,849,607,2.6,34.6854,27.1762
2009,9,24,10,30,20.900000000000002,97,869,666,2.9000000000000004,38.6026,30.2793
2009,9,24,11,0,21.400000000000002,101,882,712,3.1,41.6810,32.7183
2009,9,24,11,30,21.5,393,274,590,3.3000000000000003,34.7600,27.2982
2009,9,24,12,0,21.700000000000003,364,34,389,3.5,22.9934,18.0617
2009,9,24,12,30,21.8,339,10,347,3.5,20.5189,16.1184
2009,9,24,13,0,21.900000000000002,285,612,730,3.6,43.0604,33.8197
2009,9,24,13,30,21.8,267,465,593,3.5,34.7871,27.3110
2009,9,24,14,0,21.700000000000003,253,465,563,3.5,32.7340,25.6821
2009,9,24,14,30,21.5,270,343,482,3.4000000000000004,27.6629,21.6817
2009,9,24,15,0,21.3,189,481,459,3.2,25.8718,20.2475
2009,9,24,15,30,21,209,375,394,3,21.6677,16.9192
2009,9,24,16,0,20.6,210,191,290,2.8000000000000003,15.4302,12.0071
2009,9,24,16,30,19.900000000000002,171,164,225,2.1,11.4668,8.8741
2009,9,24,17,0,19.1,123,193,170,1.5,8.2543,6.3337
2009,9,24,17,30,17.900000000000002,51,1,51,1.2000000000000002,0.0000,0.0000
2009,9,24,18,0,16.6,17,0,17,1,0.0000,0.0000
2009,9,24,18,30,16.2,0,0,0,1,0.0000,0.0000
2009,9,24,19,0,15.700000000000001,0,0,0,1.1,0.0000,0.0000
2009,9,24,19,30,15.4,0,0,0,1.1,0.0000,0.0000
2009,9,24,20,0,15.100000000000001,0,0,0,1.1,0.0000,0.0000
2009,9,24,20,30,14.700000000000001,0,0,0,1.1,0.0000,0.0000
2009,9,24,21,0,14.3,0,0,0,1.1,0.0000,0.0000
2009,9,24,21,30,14.100000000000001,0,0,0,1.1,0.0000,0.0000
2009,9,24,22,0,13.8,0,0,0,1,0.0000,0.0000
2009,9,24,22,30,13.8,0,0,0,1,0.0000,0.0000
2009,9,24,23,0,13.700000000000001,0,0,0,0.9,0.0000,0.0000
2009,9,24,23,30,13.9,0,0,0,0.8,0.0000,0.0000
2009,9,25,0,0,14.100000000000001,0,0,0,0.8,0.0000,0.0000
2009,9,25,0,30,14,0,0,0,0.7000000000000001,0.0000,0.0000
2009,9,25,1,0,13.9,0,0,0,0.6000000000000001,0.0000,0.0000
2009,9,25,1,30,13.5,0,0,0,0.6000000000000001,0.0000,0.0000
2009,9,25,2,0,13.100000000000001,0,0,0,0.7000000000000001,0.0000,0.0000
2009,9,25,2,30,12.9,0,0,0,0.8,0.0000,0.0000
2009,9,25,3,0,12.600000000000001,0,0,0,0.9,0.0000,0.0000
2009,9,25,3,30,12.3,0,0,0,1,0.0000,0.0000
2009,9,25,4,0,12.100000000000001,0,0,0,1.1,0.0000,0.0000
2009,9,25,4,30,11.700000000000001,0,0,0,1.2000000000000002,0.0000,0.0000
2009,9,25,5,0,11.200000000000001,0,0,0,1.2000000000000002,0.0000,0.0000
2009,9,25,5,30,10.9,0,0,0,1.2000000000000002,0.0000,0.0000
2009,9,25,6,0,10.600000000000001,0,0,0,1.3,0.0000,0.0000
2009,9,25,6,30,11.600000000000001,3,0,3,2,0.0000,0.0000
2009,9,25,7,0,12.600000000000001,14,0,14,2.6,0.0000,0.0000
2009,9,25,7,30,13.9,8,0,8,2.8000000000000003,0.3839,0.2937
2009,9,25,8,0,15.3,168,45,181,2.9000000000000004,9.0861,7.0156
2009,9,25,8,30,16.6,76,721,358,3,18.8128,14.6181
2009,9,25,9,0,17.900000000000002,84,773,447,3.2,24.3485,18.9945
2009,9,25,9,30,18.8,90,811,527,3.1,29.4877,23.0624
2009,9,25,10,0,19.700000000000003,93,843,599,3.1,34.1866,26.7827
2009,9,25,10,30,20.3,230,507,560,3,32.4229,25.4300
2009,9,25,11,0,20.8,317,232,477,2.9000000000000004,27.8954,21.8954
2009,9,25,11,30,21.200000000000003,269,636,725,2.7,42.6705,33.5081
2009,9,25,12,0,21.5,120,855,745,2.6,43.9917,34.5537
2009,9,25,12,30,21.6,120,856,747,2.5,44.1263,34.6603
2009,9,25,13,0,21.700000000000003,273,476,617,2.4000000000000004,36.3548,28.5508
2009,9,25,13,30,21.6,113,0,113,2.3000000000000003,6.6210,5.1976
2009,9,25,14,0,21.5,214,1,215,2.2,12.4839,9.7936
2009,9,25,14,30,21.3,212,1,213,2,12.2059,9.5656
2009,9,25,15,0,21.1,321,116,385,1.9000000000000001,21.6618,16.9500
2009,9,25,15,30,20.8,212,279,349,1.7000000000000002,19.1525,14.9521
2009,9,25,16,0,20.5,43,0,43,1.5,2.2819,1.7751
2009,9,25,16,30,19.8,39,0,39,1.1,1.9814,1.5327
2009,9,25,17,0,19.200000000000003,7,0,7,0.6000000000000001,0.3390,0.2600
2009,9,25,17,30,18.6,6,0,6,0.6000000000000001,0.0000,0.0000
2009,9,25,18,0,17.900000000000002,12,0,12,0.5,0.0000,0.0000
2009,9,25,18,30,17.400000000000002,0,0,0,0.6000000000000001,0.0000,0.0000
2009,9,25,19,0,16.900000000000002,0,0,0,0.6000000000000001,0.0000,0.0000
2009,9,25,19,30,16.400000000000002,0,0,0,0.7000000000000001,0.0000,0.0000
2009,9,25,20,0,15.9,0,0,0,0.8,0.0000,0.0000
2009,9,25,20,30,15.5,0,0,0,0.9,0.0000,0.0000
2009,9,25,21,0,15,0,0,0,1,0.0000,0.0000
2009,9,25,21,30,14.600000000000001,0,0,0,1.1,0.0000,0.0000
2009,9,25,22,0,14.3,0,0,0,1.1,0.0000,0.0000
2009,9,25,22,30,14.100000000000001,0,0,0,1.1,0.0000,0.0000
2009,9,25,23,0,13.8,0,0,0,1,0.0000,0.0000
2009,9,25,23,30,13.700000000000001,0,0,0,0.8,0.0000,0.0000
2009,9,26,0,0,13.5,0,0,0,0.7000000000000001,0.0000,0.0000
2009,9,26,0,30,13.4,0,0,0,0.7000000000000001,0.0000,0.0000
2009,9,26,1,0,13.3,0,0,0,0.6000000000000001,0.0000,0.0000
2009,9,26,1,30,13.100000000000001,0,0,0,0.6000000000000001,0.0000,0.0000
2009,9,26,2,0,12.9,0,0,0,0.6000000000000001,0.0000,0.0000
2009,9,26,2,30,12.5,0,0,0,0.6000000000000001,0.0000,0.0000
2009,9,26,3,0,12.200000000000001,0,0,0,0.6000000000000001,0.0000,0.0000
2009,9,26,3,30,11.8,0,0,0,0.7000000000000001,0.0000,0.0000
2009,9,26,4,0,11.5,0,0,0,0.8,0.0000,0.0000
2009,9,26,4,30,11.200000000000001,0,0,0,0.8,0.0000,0.0000
2009,9,26,5,0,10.9,0,0,0,0.9,0.0000,0.0000
2009,9,26,5,30,10.8,0,0,0,0.9,0.0000,0.0000
2009,9,26,6,0,10.700000000000001,0,0,0,1,0.0000,0.0000
2009,9,26,6,30,11.600000000000001,12,106,15,1.5,0.0000,0.0000
2009,9,26,7,0,12.600000000000001,37,359,80,2.1,0.0000,0.0000
2009,9,26,7,30,13.600000000000001,55,525,166,2.1,7.9560,6.0838
2009,9,26,8,0,14.700000000000001,154,17,159,2.1,7.9661,6.1489
2009,9,26,8,30,16,209,39,224,2.1,11.7493,9.1275
2009,9,26,9,0,17.2,259,148,328,2.1,17.8387,13.9140
2009,9,26,9,30,18.1,87,815,525,2,29.3361,22.9411
2009,9,26,10,0,19.1,90,848,596,2,33.9748,26.6142
2009,9,26,10,30,19.8,94,868,655,1.9000000000000001,37.8810,29.7083
2009,9,26,11,0,20.5,95,885,702,1.9000000000000001,41.0098,32.1865
2009,9,26,11,30,21,369,316,594,2,34.9244,27.4233
2009,9,26,12,0,21.6,93,909,753,2.1,44.4183,34.8862
2009,9,26,12,30,21.900000000000002,93,910,755,2.2,44.5509,34.9912
2009,9,26,13,0,22.3,90,913,744,2.3000000000000003,43.7887,34.3862
2009,9,26,13,30,22.400000000000002,89,905,716,2.4000000000000004,41.9009,32.8902
2009,9,26,14,0,22.6,85,898,675,2.4000000000000004,39.1407,30.7024
2009,9,26,14,30,22.6,82,880,618,2.3000000000000003,35.3594,27.7072
2009,9,26,15,0,22.6,76,866,553,2.2,31.0573,24.2980
2009,9,26,15,30,22.400000000000002,71,833,473,2,25.9001,20.2155
2009,9,26,16,0,22.200000000000003,67,782,385,1.8,20.3774,15.8473
2009,9,26,16,30,21.400000000000002,60,718,291,1.4000000000000001,14.7399,11.3969
2009,9,26,17,0,20.5,51,617,195,0.9,9.4196,7.2191
2009,9,26,17,30,18.900000000000002,37,471,103,0.9,0.0000,0.0000
2009,9,26,18,0,17.400000000000002,17,222,27,1,0.0000,0.0000
2009,9,26,18,30,16.6,0,0,0,1.1,0.0000,0.0000
2009,9,26,19,0,15.8,0,0,0,1.2000000000000002,0.0000,0.0000
2009,9,26,19,30,15.4,0,0,0,1.5,0.0000,0.0000
2009,9,26,20,0,15,0,0,0,1.7000000000000002,0.0000,0.0000
2009,9,26,20,30,14.9,0,0,0,2,0.0000,0.0000
2009,9,26,21,0,14.8,0,0,0,2.2,0.0000,0.0000
2009,9,26,21,30,14.700000000000001,0,0,0,2.5,0.0000,0.0000
2009,9,26,22,0,14.600000000000001,0,0,0,2.8000000000000003,0.0000,0.0000
2009,9,26,22,30,14.4,0,0,0,3,0.0000,0.0000
2009,9,26,23,0,14.200000000000001,0,0,0,3.2,0.0000,0.0000
2009,9,26,23,30,14,0,0,0,3.3000000000000003,0.0000,0.0000
2009,9,27,0,0,13.700000000000001,0,0,0,3.5,0.0000,0.0000
2009,9,27,0,30,13.5,0,0,0,3.5,0.0000,0.0000
2009,9,27,1,0,13.200000000000001,0,0,0,3.6,0.0000,0.0000
2009,9,27,1,30,12.9,0,0,0,3.7,0.0000,0.0000
2009,9,27,2,0,12.700000000000001,0,0,0,3.8000000000000003,0.0000,0.0000
2009,9,27,2,30,12.5,0,0,0,3.8000000000000003,0.0000,0.0000
2009,9,27,3,0,12.3,0,0,0,3.8000000000000003,0.0000,0.0000
2009,9,27,3,30,12.100000000000001,0,0,0,3.7,0.0000,0.0000
2009,9,27,4,0,11.9,0,0,0,3.6,0.0000,0.0000
2009,9,27,4,30,12,0,0,0,3.7,0.0000,0.0000
2009,9,27,5,0,12.100000000000001,0,0,0,3.8000000000000003,0.0000,0.0000
2009,9,27,5,30,11.700000000000001,0,0,0,3.5,0.0000,0.0000
2009,9,27,6,0,11.4,0,0,0,3.2,0.0000,0.0000
2009,9,27,6,30,11.8,11,126,14,3.3000000000000003,0.0000,0.0000
2009,9,27,7,0,12.200000000000001,35,376,78,3.4000000000000004,0.0000,0.0000
2009,9,27,7,30,13.600000000000001,53,543,167,3.2,7.9956,6.1119
2009,9,27,8,0,15,66,648,260,3.1,12.9996,10.0309
2009,9,27,8,30,17.1,76,720,353,3.5,18.4810,14.3537
2009,9,27,9,0,19.200000000000003,82,778,442,4,23.9995,18.7162
2009,9,27,9,30,21,88,816,523,5.4,29.1844,22.8197
2009,9,27,10,0,22.900000000000002,91,849,594,6.7,33.8184,26.4890
2009,9,27,10,30,23.5,95,869,653,7.7,37.7227,29.5815
2009,9,27,11,0,24.1,95,893,703,8.6,41.0237,32.1948
2009,9,27,11,30,23.8,96,908,739,9,43.4044,34.0794
2009,9,27,12,0,23.6,91,928,761,9.3,44.8433,35.2174
2009,9,27,12,30,23.3,92,931,765,9.4,45.0927,35.4141
2009,9,27,13,0,23,87,939,755,9.5,44.3854,34.8519
2009,9,27,13,30,22.700000000000003,86,931,726,9.4,42.4346,33.3061
2009,9,27,14,0,22.400000000000002,83,921,683,9.3,39.5501,31.0203
2009,9,27,14,30,22.1,80,906,628,9.200000000000001,35.8749,28.1075
2009,9,27,15,0,21.8,74,890,559,9,31.3375,24.5133
2009,9,27,15,30,21.200000000000003,69,861,481,8.8,26.2807,20.5081
2009,9,27,16,0,20.700000000000003,62,828,394,8.5,20.7970,16.1684
2009,9,27,16,30,19.8,168,189,228,8,11.5126,8.8973
2009,9,27,17,0,19,46,684,202,7.5,9.7347,7.4560
2009,9,27,17,30,17.900000000000002,34,541,107,6.9,0.0000,0.0000
2009,9,27,18,0,16.7,16,276,27,6.2,0.0000,0.0000
2009,9,27,18,30,16,0,0,0,6,0.0000,0.0000
2009,9,27,19,0,15.200000000000001,0,0,0,5.7,0.0000,0.0000
2009,9,27,19,30,14.8,0,0,0,5.7,0.0000,0.0000
2009,9,27,20,0,14.3,0,0,0,5.7,0.0000,0.0000
2009,9,27,20,30,13.9,0,0,0,5.7,0.0000,0.0000
2009,9,27,21,0,13.5,0,0,0,5.7,0.0000,0.0000
2009,9,27,21,30,13.100000000000001,0,0,0,5.6000000000000005,0.0000,0.0000
2009,9,27,22,0,12.700000000000001,0,0,0,5.6000000000000005,0.0000,0.0000
2009,9,27,22,30,12.3,0,0,0,5.5,0.0000,0.0000
2009,9,27,23,0,11.9,0,0,0,5.4,0.0000,0.0000
2009,9,27,23,30,11.600000000000001,0,0,0,5.300000000000001,0.0000,0.0000
2009,9,28,0,0,11.3,0,0,0,5.300000000000001,0.0000,0.0000
2009,9,28,0,30,11,0,0,0,5.2,0.0000,0.0000
2009,9,28,1,0,10.8,0,0,0,5.2,0.0000,0.0000
2009,9,28,1,30,10.5,0,0,0,5.2,0.0000,0.0000
2009,9,28,2,0,10.3,0,0,0,5.300000000000001,0.0000,0.0000
2009,9,28,2,30,10.100000000000001,0,0,0,5.4,0.0000,0.0000
2009,9,28,3,0,9.9,0,0,0,5.5,0.0000,0.0000
2009,9,28,3,30,9.700000000000001,0,0,0,5.5,0.0000,0.0000
2009,9,28,4,0,9.600000000000001,0,0,0,5.5,0.0000,0.0000
2009,9,28,4,30,9.4,0,0,0,5.5,0.0000,0.0000
2009,9,28,5,0,9.200000000000001,0,0,0,5.4,0.0000,0.0000
2009,9,28,5,30,9,0,0,0,5.5,0.0000,0.0000
2009,9,28,6,0,8.9,0,0,0,5.5,0.0000,0.0000
2009,9,28,6,30,9.4,11,196,15,5.7,0.0000,0.0000
2009,9,28,7,0,9.8,30,488,85,6,0.0000,0.0000
2009,9,28,7,30,10.700000000000001,43,653,178,6.5,8.5137,6.5056
2009,9,28,8,0,11.600000000000001,53,753,276,7.1000000000000005,13.7726,10.6239
2009,9,28,8,30,12.3,60,821,373,7.4,19.4928,15.1361
2009,9,28,9,0,13.100000000000001,66,868,464,7.800000000000001,25.1540,19.6134
2009,9,28,9,30,13.8,70,902,547,7.800000000000001,30.4798,23.8295
2009,9,28,10,0,14.5,73,923,617,7.800000000000001,35.0849,27.4782
2009,9,28,10,30,15.100000000000001,76,941,677,7.7,39.0643,30.6309
2009,9,28,11,0,15.8,77,956,724,7.7,42.2040,33.1185
2009,9,28,11,30,16.3,78,964,756,7.6000000000000005,44.3558,34.8237
2009,9,28,12,0,16.900000000000002,78,969,773,7.5,45.5020,35.7320
2009,9,28,12,30,17.3,78,974,778,7.4,45.8092,35.9739
2009,9,28,13,0,17.7,77,972,764,7.300000000000001,44.8623,35.2234
2009,9,28,13,30,17.8,76,965,734,7.2,42.8478,33.6273
2009,9,28,14,0,18,73,955,690,7,39.8994,31.2909
2009,9,28,14,30,17.900000000000002,70,939,632,6.800000000000001,36.0470,28.2388
2009,9,28,15,0,17.900000000000002,67,922,564,6.6000000000000005,31.5580,24.6816
2009,9,28,15,30,17.5,63,890,483,6.300000000000001,26.3297,20.5417
2009,9,28,16,0,17.1,58,848,393,6,20.6885,16.0789
2009,9,28,16,30,16.400000000000002,51,786,296,5.300000000000001,14.9006,11.5102
2009,9,28,17,0,15.600000000000001,43,694,197,4.7,9.4727,7.2509
2009,9,28,17,30,13.9,32,545,102,3.7,0.0000,0.0000
2009,9,28,18,0,12.200000000000001,14,284,24,2.7,0.0000,0.0000
2009,9,28,18,30,11.3,0,0,0,2.5,0.0000,0.0000
2009,9,28,19,0,10.4,0,0,0,2.3000000000000003,0.0000,0.0000
2009,9,28,19,30,9.9,0,0,0,2.2,0.0000,0.0000
2009,9,28,20,0,9.4,0,0,0,2.2,0.0000,0.0000
2009,9,28,20,30,9,0,0,0,2.2,0.0000,0.0000
2009,9,28,21,0,8.6,0,0,0,2.2,0.0000,0.0000
2009,9,28,21,30,8.4,0,0,0,2.3000000000000003,0.0000,0.0000
2009,9,28,22,0,8.1,0,0,0,2.4000000000000004,0.0000,0.0000
2009,9,28,22,30,7.800000000000001,0,0,0,2.5,0.0000,0.0000
2009,9,28,23,0,7.5,0,0,0,2.5,0.0000,0.0000
2009,9,28,23,30,7.2,0,0,0,2.5,0.0000,0.0000
2009,9,29,0,0,6.9,0,0,0,2.4000000000000004,0.0000,0.0000
2009,9,29,0,30,6.6000000000000005,0,0,0,2.3000000000000003,0.0000,0.0000
2009,9,29,1,0,6.2,0,0,0,2.2,0.0000,0.0000
2009,9,29,1,30,5.9,0,0,0,2.1,0.0000,0.0000
2009,9,29,2,0,5.6000000000000005,0,0,0,2,0.0000,0.0000
2009,9,29,2,30,5.300000000000001,0,0,0,1.8,0.0000,0.0000
2009,9,29,3,0,5,0,0,0,1.6,0.0000,0.0000
2009,9,29,3,30,4.800000000000001,0,0,0,1.5,0.0000,0.0000
2009,9,29,4,0,4.5,0,0,0,1.4000000000000001,0.0000,0.0000
2009,9,29,4,30,4.3,0,0,0,1.4000000000000001,0.0000,0.0000
2009,9,29,5,0,4.1000000000000005,0,0,0,1.3,0.0000,0.0000
2009,9,29,5,30,3.9000000000000004,0,0,0,1.2000000000000002,0.0000,0.0000
2009,9,29,6,0,3.8000000000000003,0,0,0,1.2000000000000002,0.0000,0.0000
2009,9,29,6,30,5.1000000000000005,0,0,0,1.6,0.0000,0.0000
2009,9,29,7,0,6.4,29,477,82,2.1,0.0000,0.0000
2009,9,29,7,30,7.9,43,642,173,1.9000000000000001,8.2675,6.3153
2009,9,29,8,0,9.5,52,748,271,1.8,13.4954,10.4064
2009,9,29,8,30,11.3,59,816,367,1.5,19.1427,14.8607
2009,9,29,9,0,13.200000000000001,64,865,458,1.1,24.7872,19.3240
2009,9,29,9,30,14.200000000000001,68,900,540,0.9,30.0476,23.4885
2009,9,29,10,0,15.3,72,924,612,0.7000000000000001,34.7559,27.2176
2009,9,29,10,30,16.1,75,942,672,0.6000000000000001,38.7292,30.3653
2009,9,29,11,0,17,77,954,719,0.4,41.8657,32.8503
2009,9,29,11,30,17.8,79,962,751,0.30000000000000004,44.0150,34.5534
2009,9,29,12,0,18.6,77,970,768,0.1,45.1587,35.4597
2009,9,29,12,30,19,77,971,769,0.30000000000000004,45.2292,35.5157
2009,9,29,13,0,19.400000000000002,78,965,755,0.4,44.2826,34.7654
2009,9,29,13,30,19.400000000000002,77,958,725,0.6000000000000001,42.2692,33.1701
2009,9,29,14,0,19.5,231,501,552,0.8,31.8740,24.9942
2009,9,29,14,30,19.200000000000003,230,477,513,1,29.2119,22.8811
2009,9,29,15,0,19,173,624,507,1.2000000000000002,28.3155,22.1419
2009,9,29,15,30,18.6,70,856,470,1.2000000000000002,25.5633,19.9392
2009,9,29,16,0,18.2,65,807,380,1.2000000000000002,19.9496,15.4996
2009,9,29,16,30,17,57,740,284,1,14.2513,11.0032
2009,9,29,17,0,15.9,47,641,186,0.9,8.9256,6.8280
2009,9,29,17,30,14.700000000000001,33,481,93,1,0.0000,0.0000
2009,9,29,18,0,13.5,12,1,12,1.2000000000000002,0.0000,0.0000
2009,9,29,18,30,13.100000000000001,0,0,0,1.3,0.0000,0.0000
2009,9,29,19,0,12.600000000000001,0,0,0,1.4000000000000001,0.0000,0.0000
2009,9,29,19,30,12.4,0,0,0,1.5,0.0000,0.0000
2009,9,29,20,0,12.100000000000001,0,0,0,1.6,0.0000,0.0000
2009,9,29,20,30,11.9,0,0,0,1.7000000000000002,0.0000,0.0000
2009,9,29,21,0,11.700000000000001,0,0,0,1.9000000000000001,0.0000,0.0000
2009,9,29,21,30,11.5,0,0,0,2.1,0.0000,0.0000
2009,9,29,22,0,11.200000000000001,0,0,0,2.3000000000000003,0.0000,0.0000
2009,9,29,22,30,10.8,0,0,0,2.4000000000000004,0.0000,0.0000
2009,9,29,23,0,10.3,0,0,0,2.5,0.0000,0.0000
2009,9,29,23,30,9.9,0,0,0,2.7,0.0000,0.0000
2009,9,30,0,0,9.5,0,0,0,2.8000000000000003,0.0000,0.0000
2009,9,30,0,30,9.1,0,0,0,2.9000000000000004,0.0000,0.0000
2009,9,30,1,0,8.8,0,0,0,3,0.0000,0.0000
2009,9,30,1,30,8.4,0,0,0,3.1,0.0000,0.0000
2009,9,30,2,0,8.1,0,0,0,3.2,0.0000,0.0000
2009,9,30,2,30,7.9,0,0,0,3.2,0.0000,0.0000
2009,9,30,3,0,7.6000000000000005,0,0,0,3.3000000000000003,0.0000,0.0000
2009,9,30,3,30,7.4,0,0,0,3.3000000000000003,0.0000,0.0000
2009,9,30,4,0,7.2,0,0,0,3.3000000000000003,0.0000,0.0000
2009,9,30,4,30,7.1000000000000005,0,0,0,3.4000000000000004,0.0000,0.0000
2009,9,30,5,0,6.9,0,0,0,3.4000000000000004,0.0000,0.0000
2009,9,30,5,30,6.800000000000001,0,0,0,3.5,0.0000,0.0000
2009,9,30,6,0,6.7,0,0,0,3.6,0.0000,0.0000
2009,9,30,6,30,7.4,0,0,0,3.9000000000000004,0.0000,0.0000
2009,9,30,7,0,8,32,379,72,4.2,0.0000,0.0000
2009,9,30,7,30,9.600000000000001,48,551,158,4.6000000000000005,7.5448,5.7612
2009,9,30,8,0,11.200000000000001,62,655,251,4.9,12.4751,9.6164
2009,9,30,8,30,13.100000000000001,71,728,343,5.6000000000000005,17.8564,13.8588
2009,9,30,9,0,14.9,81,770,429,6.300000000000001,23.1800,18.0679
2009,9,30,9,30,16.3,88,807,508,6.7,28.2254,22.0611
2009,9,30,10,0,17.7,92,838,578,7.1000000000000005,32.7822,25.6692
2009,9,30,10,30,18.7,95,859,637,7.300000000000001,36.6688,28.7471
2009,9,30,11,0,19.6,261,616,673,7.5,39.1428,30.7111
2009,9,30,11,30,20.3,232,555,618,7.6000000000000005,36.1804,28.4006
2009,9,30,12,0,21,321,10,328,7.7,19.2653,15.1264
2009,9,30,12,30,21.3,273,1,274,7.7,16.0969,12.6388
2009,9,30,13,0,21.700000000000003,217,8,222,7.800000000000001,13.0052,10.2092
2009,9,30,13,30,21.700000000000003,171,0,171,7.800000000000001,9.9566,7.8125
2009,9,30,14,0,21.8,355,99,418,7.800000000000001,24.1023,18.8979
2009,9,30,14,30,21.8,64,0,64,7.800000000000001,3.6383,2.8494
2009,9,30,15,0,21.8,247,192,348,7.800000000000001,19.3974,15.1655
2009,9,30,15,30,21.6,218,172,297,7.7,16.1168,12.5680
2009,9,30,16,0,21.400000000000002,153,354,289,7.6000000000000005,15.1291,11.7502
2009,9,30,16,30,20.8,163,67,184,7.2,9.2049,7.1034
2009,9,30,17,0,20.200000000000003,105,64,119,6.9,5.7003,4.3582
2009,9,30,17,30,19.400000000000002,43,4,43,6.7,0.0000,0.0000
2009,9,30,18,0,18.6,12,128,15,6.5,0.0000,0.0000
2009,9,30,18,30,18.1,0,0,0,6.5,0.0000,0.0000
2009,9,30,19,0,17.5,0,0,0,6.5,0.0000,0.0000
2009,9,30,19,30,17.1,0,0,0,6.5,0.0000,0.0000
2009,9,30,20,0,16.6,0,0,0,6.6000000000000005,0.0000,0.0000
2009,9,30,20,30,16.2,0,0,0,6.6000000000000005,0.0000,0.0000
2009,9,30,21,0,15.8,0,0,0,6.6000000000000005,0.0000,0.0000
2009,9,30,21,30,15.5,0,0,0,6.300000000000001,0.0000,0.0000
2009,9,30,22,0,15.200000000000001,0,0,0,6,0.0000,0.0000
2009,9,30,22,30,15,0,0,0,5.9,0.0000,0.0000
2009,9,30,23,0,14.8,0,0,0,5.9,0.0000,0.0000
2009,9,30,23,30,14.9,0,0,0,6.4,0.0000,0.0000
2009,10,1,0,0,15,0,0,0,6.800000000000001,0.0000,0.0000
2009,10,1,0,30,15.100000000000001,0,0,0,6.6000000000000005,0.0000,0.0000
2009,10,1,1,0,15.100000000000001,0,0,0,6.4,0.0000,0.0000
2009,10,1,1,30,15.200000000000001,0,0,0,5.800000000000001,0.0000,0.0000
2009,10,1,2,0,15.200000000000001,0,0,0,5.2,0.0000,0.0000
2009,10,1,2,30,15.100000000000001,0,0,0,4.6000000000000005,0.0000,0.0000
2009,10,1,3,0,15,0,0,0,4.1000000000000005,0.0000,0.0000
2009,10,1,3,30,15,0,0,0,4,0.0000,0.0000
2009,10,1,4,0,15.100000000000001,0,0,0,3.9000000000000004,0.0000,0.0000
2009,10,1,4,30,15.100000000000001,0,0,0,3.7,0.0000,0.0000
2009,10,1,5,0,15.100000000000001,0,0,0,3.4000000000000004,0.0000,0.0000
2009,10,1,5,30,15,0,0,0,2.7,0.0000,0.0000
2009,10,1,6,0,14.9,0,0,0,2,0.0000,0.0000
2009,10,1,6,30,15.200000000000001,0,0,0,1.7000000000000002,0.0000,0.0000
2009,10,1,7,0,15.5,37,233,61,1.4000000000000001,0.0000,0.0000
2009,10,1,7,30,15.600000000000001,32,0,32,2.7,1.5270,1.1657
2009,10,1,8,0,15.600000000000001,112,2,113,3.9000000000000004,5.6048,4.3189
2009,10,1,8,30,14.9,32,0,32,5.1000000000000005,1.6625,1.2900
2009,10,1,9,0,14.3,42,0,42,6.2,2.2655,1.7655
2009,10,1,9,30,13.700000000000001,16,0,16,7.1000000000000005,0.8877,0.6937
2009,10,1,10,0,13.200000000000001,12,0,12,7.9,0.6797,0.5322
2009,10,1,10,30,12.8,14,0,14,7.800000000000001,0.8049,0.6310
2009,10,1,11,0,12.5,205,0,205,7.800000000000001,11.9094,9.3432
2009,10,1,11,30,12.700000000000001,33,0,33,7.6000000000000005,1.9298,1.5147
2009,10,1,12,0,12.8,20,0,20,7.4,1.1734,0.9212
2009,10,1,12,30,13.600000000000001,223,0,223,7.2,13.0857,10.2737
2009,10,1,13,0,14.3,294,401,571,7.1000000000000005,33.4092,26.2242
2009,10,1,13,30,14.8,103,880,690,7,40.1234,31.4800
2009,10,1,14,0,15.200000000000001,232,1,233,6.9,13.4152,10.5172
2009,10,1,14,30,15.200000000000001,162,5,165,6.9,9.3646,7.3331
2009,10,1,15,0,15.200000000000001,43,0,43,6.800000000000001,2.3922,1.8699
2009,10,1,15,30,14.700000000000001,16,0,16,6.800000000000001,0.8662,0.6753
2009,10,1,16,0,14.200000000000001,42,0,42,6.9,2.1925,1.7023
2009,10,1,16,30,13.4,9,0,9,6.800000000000001,0.4489,0.3462
2009,10,1,17,0,12.600000000000001,101,8,103,6.7,4.9260,3.7640
2009,10,1,17,30,11.8,30,0,30,6.300000000000001,0.0000,0.0000
2009,10,1,18,0,11,2,0,2,6,0.0000,0.0000
2009,10,1,18,30,10.600000000000001,0,0,0,6,0.0000,0.0000
2009,10,1,19,0,10.200000000000001,0,0,0,6.1000000000000005,0.0000,0.0000
2009,10,1,19,30,9.9,0,0,0,6.300000000000001,0.0000,0.0000
2009,10,1,20,0,9.600000000000001,0,0,0,6.5,0.0000,0.0000
2009,10,1,20,30,9.3,0,0,0,6.7,0.0000,0.0000
2009,10,1,21,0,9,0,0,0,6.9,0.0000,0.0000
2009,10,1,21,30,8.8,0,0,0,7,0.0000,0.0000
2009,10,1,22,0,8.6,0,0,0,7.1000000000000005,0.0000,0.0000
2009,10,1,22,30,8.4,0,0,0,7.1000000000000005,0.0000,0.0000
2009,10,1,23,0,8.1,0,0,0,7.1000000000000005,0.0000,0.0000
2009,10,1,23,30,7.9,0,0,0,7.1000000000000005,0.0000,0.0000
2009,10,2,0,0,7.7,0,0,0,7,0.0000,0.0000
2009,10,2,0,30,7.5,0,0,0,7,0.0000,0.0000
2009,10,2,1,0,7.300000000000001,0,0,0,7,0.0000,0.0000
2009,10,2,1,30,7.2,0,0,0,7.1000000000000005,0.0000,0.0000
2009,10,2,2,0,7.1000000000000005,0,0,0,7.2,0.0000,0.0000
2009,10,2,2,30,7.1000000000000005,0,0,0,7.300000000000001,0.0000,0.0000
2009,10,2,3,0,7,0,0,0,7.4,0.0000,0.0000
2009,10,2,3,30,7,0,0,0,7.5,0.0000,0.0000
2009,10,2,4,0,7,0,0,0,7.6000000000000005,0.0000,0.0000
2009,10,2,4,30,6.9,0,0,0,7.6000000000000005,0.0000,0.0000
2009,10,2,5,0,6.9,0,0,0,7.7,0.0000,0.0000
2009,10,2,5,30,6.9,0,0,0,7.800000000000001,0.0000,0.0000
2009,10,2,6,0,6.9,0,0,0,7.9,0.0000,0.0000
2009,10,2,6,30,7.1000000000000005,0,0,0,8.200000000000001,0.0000,0.0000
2009,10,2,7,0,7.2,19,0,19,8.4,0.0000,0.0000
2009,10,2,7,30,7.6000000000000005,11,0,11,8.700000000000001,0.5246,0.4004
2009,10,2,8,0,8.1,81,1,81,9,4.0094,3.0884
2009,10,2,8,30,8.3,38,0,39,9.200000000000001,2.0223,1.5687
2009,10,2,9,0,8.5,43,0,43,9.3,2.3154,1.8041
2009,10,2,9,30,8.5,138,0,138,9.3,7.6445,5.9733
2009,10,2,10,0,8.6,175,0,175,9.4,9.8990,7.7494
2009,10,2,10,30,8.6,186,0,186,9.4,10.6808,8.3718
2009,10,2,11,0,8.700000000000001,206,0,206,9.4,11.9535,9.3770
2009,10,2,11,30,8.8,103,0,103,9.3,6.0165,4.7220
2009,10,2,12,0,8.8,135,1,136,9.3,7.9700,6.2567
2009,10,2,12,30,8.9,193,3,195,9.1,11.4293,8.9725
2009,10,2,13,0,9,157,1,158,9,9.2333,7.2470
2009,10,2,13,30,9.200000000000001,268,12,276,8.9,16.0281,12.5740
2009,10,2,14,0,9.5,224,13,232,8.700000000000001,13.3380,10.4555
2009,10,2,14,30,9.700000000000001,139,3,141,8.5,7.9887,6.2548
2009,10,2,15,0,10,212,3,214,8.200000000000001,11.8817,9.2862
2009,10,2,15,30,10.100000000000001,107,0,107,7.9,5.7787,4.5041
2009,10,2,16,0,10.100000000000001,179,13,184,7.6000000000000005,9.5782,7.4338
2009,10,2,16,30,9.8,151,70,172,7.2,8.5510,6.5919
2009,10,2,17,0,9.5,50,2,50,6.7,2.3882,1.8238
2009,10,2,17,30,9,21,0,21,6.300000000000001,0.0000,0.0000
2009,10,2,18,0,8.5,0,0,0,5.9,0.0000,0.0000
2009,10,2,18,30,8.200000000000001,0,0,0,5.800000000000001,0.0000,0.0000
2009,10,2,19,0,7.800000000000001,0,0,0,5.7,0.0000,0.0000
2009,10,2,19,30,7.6000000000000005,0,0,0,5.800000000000001,0.0000,0.0000
2009,10,2,20,0,7.4,0,0,0,5.800000000000001,0.0000,0.0000
2009,10,2,20,30,7.1000000000000005,0,0,0,5.800000000000001,0.0000,0.0000
2009,10,2,21,0,6.9,0,0,0,5.7,0.0000,0.0000
2009,10,2,21,30,6.9,0,0,0,5.6000000000000005,0.0000,0.0000
2009,10,2,22,0,6.800000000000001,0,0,0,5.5,0.0000,0.0000
2009,10,2,22,30,6.800000000000001,0,0,0,5.4,0.0000,0.0000
2009,10,2,23,0,6.9,0,0,0,5.2,0.0000,0.0000
2009,10,2,23,30,6.9,0,0,0,5.1000000000000005,0.0000,0.0000
2009,10,3,0,0,6.9,0,0,0,4.9,0.0000,0.0000
2009,10,3,0,30,6.9,0,0,0,4.9,0.0000,0.0000
2009,10,3,1,0,6.9,0,0,0,4.800000000000001,0.0000,0.0000
2009,10,3,1,30,6.800000000000001,0,0,0,4.800000000000001,0.0000,0.0000
2009,10,3,2,0,6.7,0,0,0,4.7,0.0000,0.0000
2009,10,3,2,30,6.6000000000000005,0,0,0,4.6000000000000005,0.0000,0.0000
2009,10,3,3,0,6.4,0,0,0,4.4,0.0000,0.0000
2009,10,3,3,30,6.1000000000000005,0,0,0,4.2,0.0000,0.0000
2009,10,3,4,0,5.800000000000001,0,0,0,4,0.0000,0.0000
2009,10,3,4,30,5.5,0,0,0,3.8000000000000003,0.0000,0.0000
2009,10,3,5,0,5.1000000000000005,0,0,0,3.6,0.0000,0.0000
2009,10,3,5,30,4.9,0,0,0,3.5,0.0000,0.0000
2009,10,3,6,0,4.6000000000000005,0,0,0,3.3000000000000003,0.0000,0.0000
2009,10,3,6,30,5,0,0,0,3.5,0.0000,0.0000
2009,10,3,7,0,5.300000000000001,29,390,66,3.6,0.0000,0.0000
2009,10,3,7,30,6.300000000000001,15,0,15,3.9000000000000004,0.7152,0.5456
2009,10,3,8,0,7.300000000000001,34,0,34,4.2,1.6796,1.2933
2009,10,3,8,30,8.3,22,0,22,4.3,1.1385,0.8829
2009,10,3,9,0,9.4,112,0,112,4.5,6.0203,4.6900
2009,10,3,9,30,10,116,0,116,4.5,6.4160,5.0126
2009,10,3,10,0,10.700000000000001,203,1,204,4.4,11.5238,9.0203
2009,10,3,10,30,11.3,345,78,393,4.3,22.5398,17.6653
2009,10,3,11,0,11.8,384,129,468,4.3,27.1242,21.2758
2009,10,3,11,30,12.200000000000001,369,306,577,4.2,33.6655,26.4199
2009,10,3,12,0,12.700000000000001,397,241,564,4.2,33.0139,25.9148
2009,10,3,12,30,13,396,104,469,4.2,27.4564,21.5525
2009,10,3,13,0,13.4,346,380,604,4.2,35.2533,27.6667
2009,10,3,13,30,13.600000000000001,117,0,117,4.2,6.7853,5.3226
2009,10,3,14,0,13.8,296,15,305,4.1000000000000005,17.5087,13.7233
2009,10,3,14,30,13.700000000000001,273,19,284,4.1000000000000005,16.0632,12.5749
2009,10,3,15,0,13.700000000000001,283,50,309,4,17.1209,13.3783
2009,10,3,15,30,13.3,60,0,60,3.9000000000000004,3.2326,2.5189
2009,10,3,16,0,12.9,154,5,155,3.7,8.0454,6.2419
2009,10,3,16,30,12,54,722,259,3,12.8369,9.8905
2009,10,3,17,0,11.100000000000001,87,3,87,2.4000000000000004,4.1512,3.1686
2009,10,3,17,30,9.3,29,433,73,1.8,0.0000,0.0000
2009,10,3,18,0,7.4,0,0,0,1.2000000000000002,0.0000,0.0000
2009,10,3,18,30,6.9,0,0,0,1.2000000000000002,0.0000,0.0000
2009,10,3,19,0,6.4,0,0,0,1.1,0.0000,0.0000
2009,10,3,19,30,6,0,0,0,1.1,0.0000,0.0000
2009,10,3,20,0,5.6000000000000005,0,0,0,1.1,0.0000,0.0000
2009,10,3,20,30,5.4,0,0,0,1,0.0000,0.0000
2009,10,3,21,0,5.1000000000000005,0,0,0,1,0.0000,0.0000
2009,10,3,21,30,4.9,0,0,0,1,0.0000,0.0000
2009,10,3,22,0,4.800000000000001,0,0,0,1,0.0000,0.0000
2009,10,3,22,30,4.6000000000000005,0,0,0,1,0.0000,0.0000
2009,10,3,23,0,4.5,0,0,0,1,0.0000,0.0000
2009,10,3,23,30,4.2,0,0,0,1,0.0000,0.0000
2009,10,4,0,0,4,0,0,0,1,0.0000,0.0000
2009,10,4,0,30,3.7,0,0,0,1,0.0000,0.0000
2009,10,4,1,0,3.5,0,0,0,1,0.0000,0.0000
2009,10,4,1,30,3.1,0,0,0,1,0.0000,0.0000
2009,10,4,2,0,2.8000000000000003,0,0,0,1,0.0000,0.0000
2009,10,4,2,30,2.4000000000000004,0,0,0,1,0.0000,0.0000
2009,10,4,3,0,2.1,0,0,0,1.1,0.0000,0.0000
2009,10,4,3,30,1.8,0,0,0,1.1,0.0000,0.0000
2009,10,4,4,0,1.6,0,0,0,1.1,0.0000,0.0000
2009,10,4,4,30,1.5,0,0,0,1,0.0000,0.0000
2009,10,4,5,0,1.4000000000000001,0,0,0,1,0.0000,0.0000
2009,10,4,5,30,1.4000000000000001,0,0,0,1,0.0000,0.0000
2009,10,4,6,0,1.5,0,0,0,1,0.0000,0.0000
2009,10,4,6,30,2.6,0,0,0,1.2000000000000002,0.0000,0.0000
2009,10,4,7,0,3.7,34,265,58,1.5,0.0000,0.0000
2009,10,4,7,30,4.7,31,0,31,1.7000000000000002,1.4777,1.1269
2009,10,4,8,0,5.6000000000000005,140,13,144,1.9000000000000001,7.0992,5.4644
2009,10,4,8,30,7,200,176,263,1.9000000000000001,13.5821,10.5304
2009,10,4,9,0,8.4,197,10,202,1.9000000000000001,10.8388,8.4421
2009,10,4,9,30,9.5,11,0,11,2,0.6075,0.4745
2009,10,4,10,0,10.5,263,13,270,2.1,15.2304,11.9202
2009,10,4,10,30,11.100000000000001,326,306,513,2,29.3842,23.0271
2009,10,4,11,0,11.600000000000001,353,291,542,2,31.3752,24.6079
2009,10,4,11,30,12.100000000000001,396,124,480,2.1,27.9723,21.9501
2009,10,4,12,0,12.600000000000001,230,595,640,2.2,37.4196,29.3706
2009,10,4,12,30,13,106,883,714,2.2,41.7489,32.7688
2009,10,4,13,0,13.3,259,447,562,2.2,32.7595,25.7071
2009,10,4,13,30,13.4,379,212,517,2.2,29.9419,23.4845
2009,10,4,14,0,13.5,233,463,518,2.2,29.6898,23.2678
2009,10,4,14,30,13.5,238,385,457,2.2,25.8034,20.1969
2009,10,4,15,0,13.4,97,782,494,2.2,27.3154,21.3402
2009,10,4,15,30,13.100000000000001,123,4,125,2.2,6.7186,5.2340
2009,10,4,16,0,12.9,156,8,159,2.2,8.2290,6.3819
2009,10,4,16,30,12.100000000000001,45,0,45,1.7000000000000002,2.2238,1.7124
2009,10,4,17,0,11.3,11,0,11,1.3,0.5245,0.4001
2009,10,4,17,30,10,9,0,9,1.1,0.0000,0.0000
2009,10,4,18,0,8.700000000000001,0,0,0,1,0.0000,0.0000
2009,10,4,18,30,8.6,0,0,0,1,0.0000,0.0000
2009,10,4,19,0,8.4,0,0,0,1,0.0000,0.0000
2009,10,4,19,30,8.3,0,0,0,1,0.0000,0.0000
2009,10,4,20,0,8.1,0,0,0,1,0.0000,0.0000
2009,10,4,20,30,7.800000000000001,0,0,0,1.1,0.0000,0.0000
2009,10,4,21,0,7.5,0,0,0,1.1,0.0000,0.0000
2009,10,4,21,30,7.300000000000001,0,0,0,1.2000000000000002,0.0000,0.0000
2009,10,4,22,0,7.1000000000000005,0,0,0,1.4000000000000001,0.0000,0.0000
2009,10,4,22,30,6.9,0,0,0,1.5,0.0000,0.0000
2009,10,4,23,0,6.800000000000001,0,0,0,1.6,0.0000,0.0000
2009,10,4,23,30,6.7,0,0,0,1.9000000000000001,0.0000,0.0000
2009,10,5,0,0,6.6000000000000005,0,0,0,2.1,0.0000,0.0000
2009,10,5,0,30,6.5,0,0,0,2.4000000000000004,0.0000,0.0000
2009,10,5,1,0,6.4,0,0,0,2.7,0.0000,0.0000
2009,10,5,1,30,6.300000000000001,0,0,0,2.9000000000000004,0.0000,0.0000
2009,10,5,2,0,6.2,0,0,0,3.1,0.0000,0.0000
2009,10,5,2,30,6,0,0,0,3.2,0.0000,0.0000
2009,10,5,3,0,5.9,0,0,0,3.4000000000000004,0.0000,0.0000
2009,10,5,3,30,5.800000000000001,0,0,0,3.3000000000000003,0.0000,0.0000
2009,10,5,4,0,5.7,0,0,0,3.3000000000000003,0.0000,0.0000
2009,10,5,4,30,5.6000000000000005,0,0,0,3.3000000000000003,0.0000,0.0000
2009,10,5,5,0,5.5,0,0,0,3.2,0.0000,0.0000
2009,10,5,5,30,5.4,0,0,0,3.3000000000000003,0.0000,0.0000
2009,10,5,6,0,5.300000000000001,0,0,0,3.4000000000000004,0.0000,0.0000
2009,10,5,6,30,5.5,0,0,0,3.7,0.0000,0.0000
2009,10,5,7,0,5.800000000000001,8,0,8,3.9000000000000004,0.0000,0.0000
2009,10,5,7,30,6.300000000000001,7,0,7,3.9000000000000004,0.3336,0.2544
2009,10,5,8,0,6.9,8,0,8,3.9000000000000004,0.3936,0.3028
2009,10,5,8,30,7.6000000000000005,17,0,17,4.2,0.8762,0.6791
2009,10,5,9,0,8.4,19,0,19,4.5,1.0176,0.7924
2009,10,5,9,30,9,20,0,20,4.800000000000001,1.1028,0.8613
2009,10,5,10,0,9.600000000000001,83,0,83,5.1000000000000005,4.6754,3.6588
2009,10,5,10,30,10.100000000000001,64,0,64,5.2,3.6611,2.8687
2009,10,5,11,0,10.5,36,0,36,5.4,2.0814,1.6323
2009,10,5,11,30,11,322,31,343,5.5,19.9648,15.6651
2009,10,5,12,0,11.5,156,0,156,5.6000000000000005,9.1101,7.1499
2009,10,5,12,30,12.100000000000001,236,1,236,5.6000000000000005,13.7824,10.8169
2009,10,5,13,0,12.700000000000001,121,0,121,5.6000000000000005,7.0442,5.5272
2009,10,5,13,30,13.200000000000001,30,0,30,5.5,1.7350,1.3607
2009,10,5,14,0,13.600000000000001,71,0,71,5.300000000000001,4.0632,3.1839
2009,10,5,14,30,13.8,60,0,60,4.800000000000001,3.3818,2.6466
2009,10,5,15,0,14,122,0,123,4.4,6.7875,5.3017
2009,10,5,15,30,13.9,35,0,35,3.7,1.8765,1.4615
2009,10,5,16,0,13.700000000000001,31,0,31,3,1.5998,1.2402
2009,10,5,16,30,13.100000000000001,8,0,8,2.5,0.3941,0.3033
2009,10,5,17,0,12.5,22,0,22,2,1.0486,0.7997
2009,10,5,17,30,12.100000000000001,12,0,12,1.8,0.0000,0.0000
2009,10,5,18,0,11.600000000000001,0,0,0,1.6,0.0000,0.0000
2009,10,5,18,30,11.600000000000001,0,0,0,1.7000000000000002,0.0000,0.0000
2009,10,5,19,0,11.5,0,0,0,1.7000000000000002,0.0000,0.0000
2009,10,5,19,30,11.4,0,0,0,2,0.0000,0.0000
2009,10,5,20,0,11.4,0,0,0,2.2,0.0000,0.0000
2009,10,5,20,30,11.3,0,0,0,2.3000000000000003,0.0000,0.0000
2009,10,5,21,0,11.200000000000001,0,0,0,2.4000000000000004,0.0000,0.0000
2009,10,5,21,30,10.9,0,0,0,1.4000000000000001,0.0000,0.0000
2009,10,5,22,0,10.5,0,0,0,0.5,0.0000,0.0000
2009,10,5,22,30,10.3,0,0,0,0.6000000000000001,0.0000,0.0000
2009,10,5,23,0,10.100000000000001,0,0,0,0.8,0.0000,0.0000
2009,10,5,23,30,10,0,0,0,1.5,0.0000,0.0000
2009,10,6,0,0,9.9,0,0,0,2.2,0.0000,0.0000
2009,10,6,0,30,9.600000000000001,0,0,0,3,0.0000,0.0000
2009,10,6,1,0,9.3,0,0,0,3.8000000000000003,0.0000,0.0000
2009,10,6,1,30,9.1,0,0,0,4.3,0.0000,0.0000
2009,10,6,2,0,8.8,0,0,0,4.800000000000001,0.0000,0.0000
2009,10,6,2,30,8.700000000000001,0,0,0,4.6000000000000005,0.0000,0.0000
2009,10,6,3,0,8.5,0,0,0,4.3,0.0000,0.0000
2009,10,6,3,30,8.3,0,0,0,4,0.0000,0.0000
2009,10,6,4,0,8.1,0,0,0,3.6,0.0000,0.0000
2009,10,6,4,30,7.9,0,0,0,3.9000000000000004,0.0000,0.0000
2009,10,6,5,0,7.7,0,0,0,4.2,0.0000,0.0000
2009,10,6,5,30,7.5,0,0,0,4.5,0.0000,0.0000
2009,10,6,6,0,7.2,0,0,0,4.9,0.0000,0.0000
2009,10,6,6,30,7.1000000000000005,0,0,0,5.1000000000000005,0.0000,0.0000
2009,10,6,7,0,6.9,28,341,57,5.300000000000001,0.0000,0.0000
2009,10,6,7,30,7.1000000000000005,46,545,142,5.9,6.7689,5.1595
2009,10,6,8,0,7.2,151,53,165,6.6000000000000005,8.1014,6.2310
2009,10,6,8,30,7.7,188,24,197,7,10.1319,7.8511
2009,10,6,9,0,8.3,122,0,122,7.5,6.5221,5.0779
2009,10,6,9,30,8.8,288,75,324,7.800000000000001,17.8362,13.9287
2009,10,6,10,0,9.3,170,0,170,8,9.5621,7.4820
2009,10,6,10,30,9.700000000000001,269,6,272,8.1,15.5388,12.1745
2009,10,6,11,0,10,377,183,494,8.200000000000001,28.5260,22.3689
2009,10,6,11,30,10.4,391,196,522,8.3,30.3471,23.8093
2009,10,6,12,0,10.700000000000001,269,2,271,8.3,15.8066,12.4044
2009,10,6,12,30,11.100000000000001,244,1,245,8.200000000000001,14.2906,11.2147
2009,10,6,13,0,11.4,208,0,208,8,12.0931,9.4879
2009,10,6,13,30,11.5,247,1,248,7.800000000000001,14.3223,11.2311
2009,10,6,14,0,11.600000000000001,163,0,163,7.5,9.3134,7.2971
2009,10,6,14,30,11.5,236,4,238,7.2,13.3903,10.4776
2009,10,6,15,0,11.5,135,0,135,6.9,7.4339,5.8055
2009,10,6,15,30,11.100000000000001,148,1,149,6.6000000000000005,7.9685,6.2043
2009,10,6,16,0,10.8,55,804,337,6.300000000000001,17.3399,13.4372
2009,10,6,16,30,10.200000000000001,92,1,92,5.7,4.5192,3.4761
2009,10,6,17,0,9.600000000000001,39,618,149,5,7.1023,5.4139
2009,10,6,17,30,8.5,24,427,61,4.1000000000000005,0.0000,0.0000
2009,10,6,18,0,7.4,0,0,0,3.1,0.0000,0.0000
2009,10,6,18,30,6.5,0,0,0,2.5,0.0000,0.0000
2009,10,6,19,0,5.7,0,0,0,1.9000000000000001,0.0000,0.0000
2009,10,6,19,30,5.1000000000000005,0,0,0,1.7000000000000002,0.0000,0.0000
2009,10,6,20,0,4.6000000000000005,0,0,0,1.5,0.0000,0.0000
2009,10,6,20,30,4.1000000000000005,0,0,0,1.4000000000000001,0.0000,0.0000
2009,10,6,21,0,3.7,0,0,0,1.2000000000000002,0.0000,0.0000
2009,10,6,21,30,3.4000000000000004,0,0,0,1.2000000000000002,0.0000,0.0000
2009,10,6,22,0,3,0,0,0,1.1,0.0000,0.0000
2009,10,6,22,30,2.9000000000000004,0,0,0,1,0.0000,0.0000
2009,10,6,23,0,2.7,0,0,0,1,0.0000,0.0000
2009,10,6,23,30,2.5,0,0,0,1,0.0000,0.0000
2009,10,7,0,0,2.3000000000000003,0,0,0,1.1,0.0000,0.0000
2009,10,7,0,30,2.1,0,0,0,1.1,0.0000,0.0000
2009,10,7,1,0,1.9000000000000001,0,0,0,1.2000000000000002,0.0000,0.0000
2009,10,7,1,30,1.9000000000000001,0,0,0,1.3,0.0000,0.0000
2009,10,7,2,0,1.8,0,0,0,1.5,0.0000,0.0000
2009,10,7,2,30,1.9000000000000001,0,0,0,1.7000000000000002,0.0000,0.0000
2009,10,7,3,0,2,0,0,0,1.9000000000000001,0.0000,0.0000
2009,10,7,3,30,2.2,0,0,0,2.3000000000000003,0.0000,0.0000
2009,10,7,4,0,2.5,0,0,0,2.6,0.0000,0.0000
2009,10,7,4,30,2.6,0,0,0,3,0.0000,0.0000
2009,10,7,5,0,2.6,0,0,0,3.3000000000000003,0.0000,0.0000
2009,10,7,5,30,2.6,0,0,0,3.4000000000000004,0.0000,0.0000
2009,10,7,6,0,2.5,0,0,0,3.5,0.0000,0.0000
2009,10,7,6,30,3,0,0,0,3.9000000000000004,0.0000,0.0000
2009,10,7,7,0,3.5,24,412,57,4.2,0.0000,0.0000
2009,10,7,7,30,4.9,38,610,144,4.3,6.8663,5.2326
2009,10,7,8,0,6.300000000000001,49,720,238,4.4,11.6628,8.9667
2009,10,7,8,30,8.5,57,797,333,4.9,17.0902,13.2391
2009,10,7,9,0,10.600000000000001,64,845,421,5.4,22.4638,17.4859
2009,10,7,9,30,12.700000000000001,68,879,501,5.7,27.5339,21.4984
2009,10,7,10,0,14.700000000000001,73,903,571,6,32.0714,25.0916
2009,10,7,10,30,16.400000000000002,76,919,627,6.2,35.7725,28.0244
2009,10,7,11,0,18,79,931,672,6.4,38.7555,30.3875
2009,10,7,11,30,19,81,940,703,6.4,40.8195,32.0226
2009,10,7,12,0,20,79,946,716,6.4,41.7103,32.7295
2009,10,7,12,30,20.5,79,946,716,6.4,41.7103,32.7295
2009,10,7,13,0,21,79,937,698,6.4,40.5278,31.7937
2009,10,7,13,30,21.200000000000003,78,928,668,6,38.5233,30.2054
2009,10,7,14,0,21.400000000000002,75,914,623,5.6000000000000005,35.5412,27.8430
2009,10,7,14,30,21.3,73,894,565,5,31.7297,24.8239
2009,10,7,15,0,21.200000000000003,66,873,496,4.4,27.2542,21.2796
2009,10,7,15,30,20.700000000000003,62,832,414,3.8000000000000003,22.0854,17.1909
2009,10,7,16,0,20.200000000000003,57,776,326,3.3000000000000003,16.7250,12.9555
2009,10,7,16,30,18.5,50,699,233,2.4000000000000004,11.4127,8.7737
2009,10,7,17,0,16.8,40,569,138,1.5,0.0000,0.0000
2009,10,7,17,30,15.100000000000001,24,368,54,1.4000000000000001,0.0000,0.0000
2009,10,7,18,0,13.4,0,0,0,1.3,0.0000,0.0000
2009,10,7,18,30,12.9,0,0,0,1.3,0.0000,0.0000
2009,10,7,19,0,12.4,0,0,0,1.4000000000000001,0.0000,0.0000
2009,10,7,19,30,12.100000000000001,0,0,0,1.5,0.0000,0.0000
2009,10,7,20,0,11.9,0,0,0,1.5,0.0000,0.0000
2009,10,7,20,30,11.5,0,0,0,1.4000000000000001,0.0000,0.0000
2009,10,7,21,0,11.100000000000001,0,0,0,1.4000000000000001,0.0000,0.0000
2009,10,7,21,30,10.600000000000001,0,0,0,1.4000000000000001,0.0000,0.0000
2009,10,7,22,0,10.100000000000001,0,0,0,1.3,0.0000,0.0000
2009,10,7,22,30,9.5,0,0,0,1.5,0.0000,0.0000
2009,10,7,23,0,8.9,0,0,0,1.7000000000000002,0.0000,0.0000
2009,10,7,23,30,8.5,0,0,0,2.1,0.0000,0.0000
2009,10,8,0,0,8.1,0,0,0,2.5,0.0000,0.0000
2009,10,8,0,30,7.7,0,0,0,3.1,0.0000,0.0000
2009,10,8,1,0,7.4,0,0,0,3.6,0.0000,0.0000
2009,10,8,1,30,6.9,0,0,0,3.7,0.0000,0.0000
2009,10,8,2,0,6.4,0,0,0,3.9000000000000004,0.0000,0.0000
2009,10,8,2,30,6.1000000000000005,0,0,0,3.8000000000000003,0.0000,0.0000
2009,10,8,3,0,5.800000000000001,0,0,0,3.7,0.0000,0.0000
2009,10,8,3,30,5.6000000000000005,0,0,0,3.9000000000000004,0.0000,0.0000
2009,10,8,4,0,5.4,0,0,0,4,0.0000,0.0000
2009,10,8,4,30,5.2,0,0,0,4,0.0000,0.0000
2009,10,8,5,0,5,0,0,0,4,0.0000,0.0000
2009,10,8,5,30,4.800000000000001,0,0,0,4.1000000000000005,0.0000,0.0000
2009,10,8,6,0,4.6000000000000005,0,0,0,4.2,0.0000,0.0000
2009,10,8,6,30,4.5,0,0,0,4.4,0.0000,0.0000
2009,10,8,7,0,4.3,11,0,11,4.6000000000000005,0.0000,0.0000
2009,10,8,7,30,4.5,7,0,7,4.6000000000000005,0.0000,0.0000
2009,10,8,8,0,4.7,59,2,59,4.6000000000000005,2.8854,2.2174
2009,10,8,8,30,4.9,13,0,13,4.800000000000001,0.6658,0.5156
2009,10,8,9,0,5.2,39,0,39,4.9,2.0771,1.6165
2009,10,8,9,30,5.800000000000001,37,0,37,5.1000000000000005,2.0301,1.5849
2009,10,8,10,0,6.4,139,3,140,5.2,7.8516,6.1420
2009,10,8,10,30,7.300000000000001,152,3,154,5.2,8.7742,6.8730
2009,10,8,11,0,8.200000000000001,362,93,420,5.300000000000001,24.1911,18.9659
2009,10,8,11,30,9,377,102,445,5.300000000000001,25.8066,20.2432
2009,10,8,12,0,9.9,385,213,528,5.300000000000001,30.7207,24.1039
2009,10,8,12,30,10.5,356,72,404,5.300000000000001,23.5052,18.4424
2009,10,8,13,0,11.100000000000001,241,1,242,5.300000000000001,14.0327,11.0074
2009,10,8,13,30,11.3,160,0,160,5.300000000000001,9.2135,7.2233
2009,10,8,14,0,11.600000000000001,170,0,170,5.300000000000001,9.6825,7.5842
2009,10,8,14,30,11.5,169,0,169,5.4,9.4736,7.4106
2009,10,8,15,0,11.3,155,1,155,5.6000000000000005,8.4988,6.6344
2009,10,8,15,30,10.9,87,0,87,5.4,4.6294,3.6024
2009,10,8,16,0,10.4,111,1,111,5.300000000000001,5.6779,4.3964
2009,10,8,16,30,9.600000000000001,98,2,99,4.7,4.8356,3.7153
2009,10,8,17,0,8.700000000000001,58,1,58,4.1000000000000005,0.0000,0.0000
2009,10,8,17,30,7.6000000000000005,15,0,15,3.3000000000000003,0.0000,0.0000
2009,10,8,18,0,6.4,0,0,0,2.5,0.0000,0.0000
2009,10,8,18,30,6.1000000000000005,0,0,0,2.6,0.0000,0.0000
2009,10,8,19,0,5.800000000000001,0,0,0,2.8000000000000003,0.0000,0.0000
2009,10,8,19,30,5.5,0,0,0,2.9000000000000004,0.0000,0.0000
2009,10,8,20,0,5.2,0,0,0,3.1,0.0000,0.0000
2009,10,8,20,30,4.9,0,0,0,3.2,0.0000,0.0000
2009,10,8,21,0,4.7,0,0,0,3.4000000000000004,0.0000,0.0000
2009,10,8,21,30,4.3,0,0,0,3.3000000000000003,0.0000,0.0000
2009,10,8,22,0,4,0,0,0,3.3000000000000003,0.0000,0.0000
2009,10,8,22,30,3.8000000000000003,0,0,0,3.2,0.0000,0.0000
2009,10,8,23,0,3.5,0,0,0,3.1,0.0000,0.0000
2009,10,8,23,30,3.2,0,0,0,3,0.0000,0.0000
2009,10,9,0,0,3,0,0,0,2.9000000000000004,0.0000,0.0000
2009,10,9,0,30,2.7,0,0,0,2.8000000000000003,0.0000,0.0000
2009,10,9,1,0,2.5,0,0,0,2.7,0.0000,0.0000
2009,10,9,1,30,2.3000000000000003,0,0,0,2.7,0.0000,0.0000
2009,10,9,2,0,2.1,0,0,0,2.6,0.0000,0.0000
2009,10,9,2,30,1.8,0,0,0,2.5,0.0000,0.0000
2009,10,9,3,0,1.5,0,0,0,2.4000000000000004,0.0000,0.0000
2009,10,9,3,30,1,0,0,0,2.4000000000000004,0.0000,0.0000
2009,10,9,4,0,0.5,0,0,0,2.4000000000000004,0.0000,0.0000
2009,10,9,4,30,0,0,0,0,2.1,0.0000,0.0000
2009,10,9,5,0,-0.5,0,0,0,1.8,0.0000,0.0000
2009,10,9,5,30,-1,0,0,0,1.5,0.0000,0.0000
2009,10,9,6,0,-1.5,0,0,0,1.2000000000000002,0.0000,0.0000
2009,10,9,6,30,-0.7000000000000001,0,0,0,1.7000000000000002,0.0000,0.0000
2009,10,9,7,0,0.1,27,0,28,2.2,0.0000,0.0000
2009,10,9,7,30,1.5,38,612,140,2.5,0.0000,0.0000
2009,10,9,8,0,2.9000000000000004,121,303,198,2.7,9.6646,7.4245
2009,10,9,8,30,4.3,55,812,331,2.7,16.9147,13.0953
2009,10,9,9,0,5.7,61,867,421,2.8000000000000003,22.3784,17.4120
2009,10,9,9,30,6.6000000000000005,65,911,506,2.8000000000000003,27.7156,21.6332
2009,10,9,10,0,7.4,68,938,577,2.9000000000000004,32.3120,25.2731
2009,10,9,10,30,8.200000000000001,71,957,636,3,36.1859,28.3419
2009,10,9,11,0,8.9,73,970,681,3.2,39.1729,30.7086
2009,10,9,11,30,9.600000000000001,74,978,712,3.3000000000000003,41.2381,32.3448
2009,10,9,12,0,10.200000000000001,72,986,728,3.4000000000000004,42.3030,33.1883
2009,10,9,12,30,10.700000000000001,72,986,727,3.4000000000000004,42.2420,33.1403
2009,10,9,13,0,11.200000000000001,72,981,711,3.4000000000000004,41.1714,32.2920
2009,10,9,13,30,11.4,71,972,680,3.3000000000000003,39.1002,30.6506
2009,10,9,14,0,11.700000000000001,71,957,634,3.2,36.0516,28.2353
2009,10,9,14,30,11.8,68,937,574,3,32.1175,25.1192
2009,10,9,15,0,11.8,65,902,499,2.8000000000000003,27.3017,21.3078
2009,10,9,15,30,11.600000000000001,61,864,417,2.6,22.1322,17.2174
2009,10,9,16,0,11.3,56,806,326,2.3000000000000003,16.6262,12.8683
2009,10,9,16,30,10,48,727,231,1.6,11.2523,8.6404
2009,10,9,17,0,8.700000000000001,37,596,134,0.9,0.0000,0.0000
2009,10,9,17,30,7.7,22,383,49,1,0.0000,0.0000
2009,10,9,18,0,6.800000000000001,0,0,0,1,0.0000,0.0000
2009,10,9,18,30,6.5,0,0,0,1,0.0000,0.0000
2009,10,9,19,0,6.2,0,0,0,1,0.0000,0.0000
2009,10,9,19,30,5.800000000000001,0,0,0,1.5,0.0000,0.0000
2009,10,9,20,0,5.300000000000001,0,0,0,2,0.0000,0.0000
2009,10,9,20,30,4.5,0,0,0,3.3000000000000003,0.0000,0.0000
2009,10,9,21,0,3.7,0,0,0,4.5,0.0000,0.0000
2009,10,9,21,30,2.5,0,0,0,5.800000000000001,0.0000,0.0000
2009,10,9,22,0,1.3,0,0,0,7,0.0000,0.0000
2009,10,9,22,30,0.30000000000000004,0,0,0,7.1000000000000005,0.0000,0.0000
2009,10,9,23,0,-0.7000000000000001,0,0,0,7.2,0.0000,0.0000
2009,10,9,23,30,-1.2000000000000002,0,0,0,6.9,0.0000,0.0000
2009,10,10,0,0,-1.7000000000000002,0,0,0,6.6000000000000005,0.0000,0.0000
2009,10,10,0,30,-1.9000000000000001,0,0,0,6.300000000000001,0.0000,0.0000
2009,10,10,1,0,-2.2,0,0,0,6,0.0000,0.0000
2009,10,10,1,30,-2.3000000000000003,0,0,0,5.6000000000000005,0.0000,0.0000
2009,10,10,2,0,-2.4000000000000004,0,0,0,5.300000000000001,0.0000,0.0000
2009,10,10,2,30,-2.5,0,0,0,5,0.0000,0.0000
2009,10,10,3,0,-2.6,0,0,0,4.800000000000001,0.0000,0.0000
2009,10,10,3,30,-2.6,0,0,0,4.5,0.0000,0.0000
2009,10,10,4,0,-2.7,0,0,0,4.3,0.0000,0.0000
2009,10,10,4,30,-2.8000000000000003,0,0,0,4.1000000000000005,0.0000,0.0000
2009,10,10,5,0,-2.9000000000000004,0,0,0,3.9000000000000004,0.0000,0.0000
2009,10,10,5,30,-3,0,0,0,3.7,0.0000,0.0000
2009,10,10,6,0,-3.1,0,0,0,3.5,0.0000,0.0000
2009,10,10,6,30,-3,0,0,0,3.5,0.0000,0.0000
2009,10,10,7,0,-3,18,0,18,3.5,0.0000,0.0000
2009,10,10,7,30,-2.6,40,0,40,3.7,0.0000,0.0000
2009,10,10,8,0,-2.1,11,0,11,3.9000000000000004,0.5359,0.4115
2009,10,10,8,30,-1.6,83,1,83,3.9000000000000004,4.2323,3.2756
2009,10,10,9,0,-1,107,1,107,4,5.6768,4.4160
2009,10,10,9,30,-0.4,104,0,105,4,5.7416,4.4808
2009,10,10,10,0,0.2,173,4,175,4,9.7848,7.6522
2009,10,10,10,30,0.9,282,23,296,4,16.8175,13.1704
2009,10,10,11,0,1.6,449,93,507,3.9000000000000004,29.1253,22.8296
2009,10,10,11,30,2.1,465,184,584,3.8000000000000003,33.7809,26.4932
2009,10,10,12,0,2.7,291,535,644,3.6,37.3744,29.3188
2009,10,10,12,30,3.1,99,963,734,3.6,42.5930,33.4124
2009,10,10,13,0,3.5,93,968,718,3.5,41.5200,32.5619
2009,10,10,13,30,3.7,90,959,686,3.5,39.3865,30.8714
2009,10,10,14,0,3.9000000000000004,85,949,639,3.5,36.2762,28.4073
2009,10,10,14,30,3.9000000000000004,81,929,578,3.4000000000000004,32.2808,25.2427
2009,10,10,15,0,3.9000000000000004,81,889,503,3.3000000000000003,27.4602,21.4268
2009,10,10,15,30,3.7,74,849,419,3.1,22.1804,17.2497
2009,10,10,16,0,3.5,65,794,327,2.9000000000000004,16.6272,12.8635
2009,10,10,16,30,2.5,54,711,229,2.2,11.1253,8.5379
2009,10,10,17,0,1.6,41,586,132,1.5,0.0000,0.0000
2009,10,10,17,30,0.1,22,355,46,1.3,0.0000,0.0000
2009,10,10,18,0,-1.3,0,0,0,1.1,0.0000,0.0000
2009,10,10,18,30,-1.5,0,0,0,1.1,0.0000,0.0000
2009,10,10,19,0,-1.8,0,0,0,1.1,0.0000,0.0000
2009,10,10,19,30,-1.8,0,0,0,1.1,0.0000,0.0000
2009,10,10,20,0,-1.9000000000000001,0,0,0,1.1,0.0000,0.0000
2009,10,10,20,30,-2,0,0,0,1.1,0.0000,0.0000
2009,10,10,21,0,-2,0,0,0,1.2000000000000002,0.0000,0.0000
2009,10,10,21,30,-2.2,0,0,0,1.3,0.0000,0.0000
2009,10,10,22,0,-2.3000000000000003,0,0,0,1.4000000000000001,0.0000,0.0000
2009,10,10,22,30,-2.4000000000000004,0,0,0,1.6,0.0000,0.0000
2009,10,10,23,0,-2.5,0,0,0,1.7000000000000002,0.0000,0.0000
2009,10,10,23,30,-2.6,0,0,0,1.7000000000000002,0.0000,0.0000
2009,10,11,0,0,-2.6,0,0,0,1.7000000000000002,0.0000,0.0000
2009,10,11,0,30,-2.7,0,0,0,1.7000000000000002,0.0000,0.0000
2009,10,11,1,0,-2.7,0,0,0,1.6,0.0000,0.0000
2009,10,11,1,30,-2.8000000000000003,0,0,0,1.5,0.0000,0.0000
2009,10,11,2,0,-2.9000000000000004,0,0,0,1.4000000000000001,0.0000,0.0000
2009,10,11,2,30,-3,0,0,0,1.3,0.0000,0.0000
2009,10,11,3,0,-3.1,0,0,0,1.1,0.0000,0.0000
2009,10,11,3,30,-3.2,0,0,0,1,0.0000,0.0000
2009,10,11,4,0,-3.3000000000000003,0,0,0,0.9,0.0000,0.0000
2009,10,11,4,30,-3.4000000000000004,0,0,0,0.8,0.0000,0.0000
2009,10,11,5,0,-3.5,0,0,0,0.7000000000000001,0.0000,0.0000
2009,10,11,5,30,-3.6,0,0,0,0.7000000000000001,0.0000,0.0000
2009,10,11,6,0,-3.7,0,0,0,0.7000000000000001,0.0000,0.0000
2009,10,11,6,30,-3.2,0,0,0,1,0.0000,0.0000
2009,10,11,7,0,-2.7,19,0,19,1.3,0.0000,0.0000
2009,10,11,7,30,-1.8,26,0,26,1.4000000000000001,0.0000,0.0000
2009,10,11,8,0,-0.9,49,0,49,1.6,2.3825,1.8287
2009,10,11,8,30,0.30000000000000004,154,3,155,1.9000000000000001,7.8864,6.1019
2009,10,11,9,0,1.6,94,0,94,2.3000000000000003,4.9772,3.8709
2009,10,11,9,30,2.3000000000000003,205,1,206,2.4000000000000004,11.2447,8.7740
2009,10,11,10,0,2.9000000000000004,153,0,153,2.5,8.5413,6.6788
2009,10,11,10,30,3.5,122,0,122,2.6,6.9216,5.4199
2009,10,11,11,0,4.1000000000000005,166,1,167,2.7,9.5806,7.5089
2009,10,11,11,30,4.6000000000000005,214,0,214,2.7,12.3629,9.6948
2009,10,11,12,0,5,259,0,259,2.8000000000000003,15.0116,11.7748
2009,10,11,12,30,5.4,245,0,245,2.8000000000000003,14.1981,11.1367
2009,10,11,13,0,5.7,276,1,276,2.9000000000000004,15.9382,12.4981
2009,10,11,13,30,5.7,219,0,219,2.9000000000000004,12.5548,9.8393
2009,10,11,14,0,5.800000000000001,181,0,181,3,10.2583,8.0319
2009,10,11,14,30,5.6000000000000005,168,0,169,3,9.4205,7.3653
2009,10,11,15,0,5.4,169,7,173,3,9.4235,7.3514
2009,10,11,15,30,5.1000000000000005,205,27,216,3,11.4041,8.8662
2009,10,11,16,0,4.7,113,4,115,2.9000000000000004,5.8304,4.5087
2009,10,11,16,30,4,66,1,67,2.4000000000000004,3.2469,2.4903
2009,10,11,17,0,3.2,57,3,57,2,0.0000,0.0000
2009,10,11,17,30,2.4000000000000004,17,0,17,1.7000000000000002,0.0000,0.0000
2009,10,11,18,0,1.6,0,0,0,1.4000000000000001,0.0000,0.0000
2009,10,11,18,30,1.5,0,0,0,1.5,0.0000,0.0000
2009,10,11,19,0,1.3,0,0,0,1.7000000000000002,0.0000,0.0000
2009,10,11,19,30,1.2000000000000002,0,0,0,1.9000000000000001,0.0000,0.0000
2009,10,11,20,0,1.1,0,0,0,2,0.0000,0.0000
2009,10,11,20,30,0.9,0,0,0,2.2,0.0000,0.0000
2009,10,11,21,0,0.8,0,0,0,2.4000000000000004,0.0000,0.0000
2009,10,11,21,30,0.6000000000000001,0,0,0,2.5,0.0000,0.0000
2009,10,11,22,0,0.5,0,0,0,2.6,0.0000,0.0000
2009,10,11,22,30,0.2,0,0,0,2.4000000000000004,0.0000,0.0000
2009,10,11,23,0,-0.1,0,0,0,2.1,0.0000,0.0000
2009,10,11,23,30,-0.4,0,0,0,1.7000000000000002,0.0000,0.0000
2009,10,12,0,0,-0.7000000000000001,0,0,0,1.2000000000000002,0.0000,0.0000
2009,10,12,0,30,-0.7000000000000001,0,0,0,1.2000000000000002,0.0000,0.0000
2009,10,12,1,0,-0.8,0,0,0,1.1,0.0000,0.0000
2009,10,12,1,30,-0.8,0,0,0,1.2000000000000002,0.0000,0.0000
2009,10,12,2,0,-0.8,0,0,0,1.3,0.0000,0.0000
2009,10,12,2,30,-0.9,0,0,0,1.3,0.0000,0.0000
2009,10,12,3,0,-0.9,0,0,0,1.2000000000000002,0.0000,0.0000
2009,10,12,3,30,-0.8,0,0,0,1.1,0.0000,0.0000
2009,10,12,4,0,-0.7000000000000001,0,0,0,1,0.0000,0.0000
2009,10,12,4,30,-0.7000000000000001,0,0,0,1,0.0000,0.0000
2009,10,12,5,0,-0.7000000000000001,0,0,0,0.9,0.0000,0.0000
2009,10,12,5,30,-0.7000000000000001,0,0,0,0.9,0.0000,0.0000
2009,10,12,6,0,-0.7000000000000001,0,0,0,1,0.0000,0.0000
2009,10,12,6,30,-0.6000000000000001,0,0,0,1.1,0.0000,0.0000
2009,10,12,7,0,-0.4,12,0,12,1.1,0.0000,0.0000
2009,10,12,7,30,0.4,49,0,49,0.8,0.0000,0.0000
2009,10,12,8,0,1.1,17,0,17,0.5,0.8250,0.6330
2009,10,12,8,30,2.1,149,2,150,0.8,7.6153,5.8902
2009,10,12,9,0,3,79,0,79,1.1,4.1745,3.2459
2009,10,12,9,30,3.7,114,0,114,1.3,6.2117,4.8460
2009,10,12,10,0,4.4,174,0,174,1.5,9.6982,7.5823
2009,10,12,10,30,5.1000000000000005,160,0,160,1.6,9.0643,7.0969
2009,10,12,11,0,5.800000000000001,297,1,298,1.8,17.0726,13.3793
2009,10,12,11,30,6.4,285,1,285,1.8,16.4426,12.8928
2009,10,12,12,0,7.1000000000000005,394,21,408,1.9000000000000001,23.6165,18.5226
2009,10,12,12,30,7.5,447,85,503,2,29.1102,22.8310
2009,10,12,13,0,8,308,1,309,2.1,17.8186,13.9711
2009,10,12,13,30,8.1,399,57,434,2.2,24.8429,19.4673
2009,10,12,14,0,8.3,228,0,229,2.4000000000000004,12.9566,10.1432
2009,10,12,14,30,8.1,121,0,121,2.5,6.7318,5.2622
2009,10,12,15,0,8,97,0,97,2.7,5.2720,4.1119
2009,10,12,15,30,7.5,93,0,93,2.8000000000000003,4.8973,3.8063
2009,10,12,16,0,7,96,0,96,2.9000000000000004,4.8528,3.7510
2009,10,12,16,30,6.2,143,43,154,2.8000000000000003,7.4452,5.7071
2009,10,12,17,0,5.4,47,0,47,2.7,0.0000,0.0000
2009,10,12,17,30,4.4,19,0,19,2.4000000000000004,0.0000,0.0000
2009,10,12,18,0,3.4000000000000004,0,0,0,2.2,0.0000,0.0000
2009,10,12,18,30,2.7,0,0,0,2.2,0.0000,0.0000
2009,10,12,19,0,2.1,0,0,0,2.2,0.0000,0.0000
2009,10,12,19,30,1.5,0,0,0,2,0.0000,0.0000
2009,10,12,20,0,0.9,0,0,0,1.9000000000000001,0.0000,0.0000
2009,10,12,20,30,0.4,0,0,0,1.6,0.0000,0.0000
2009,10,12,21,0,-0.1,0,0,0,1.4000000000000001,0.0000,0.0000
2009,10,12,21,30,-0.4,0,0,0,1.4000000000000001,0.0000,0.0000
2009,10,12,22,0,-0.6000000000000001,0,0,0,1.3,0.0000,0.0000
2009,10,12,22,30,-0.8,0,0,0,1.4000000000000001,0.0000,0.0000
2009,10,12,23,0,-0.9,0,0,0,1.5,0.0000,0.0000
2009,10,12,23,30,-0.9,0,0,0,1.6,0.0000,0.0000
2009,10,13,0,0,-0.9,0,0,0,1.8,0.0000,0.0000
2009,10,13,0,30,-0.9,0,0,0,2,0.0000,0.0000
2009,10,13,1,0,-1,0,0,0,2.2,0.0000,0.0000
2009,10,13,1,30,-1.4000000000000001,0,0,0,2.1,0.0000,0.0000
2009,10,13,2,0,-1.7000000000000002,0,0,0,2,0.0000,0.0000
2009,10,13,2,30,-2,0,0,0,1.8,0.0000,0.0000
2009,10,13,3,0,-2.3000000000000003,0,0,0,1.6,0.0000,0.0000
2009,10,13,3,30,-2.1,0,0,0,1.7000000000000002,0.0000,0.0000
2009,10,13,4,0,-1.8,0,0,0,1.8,0.0000,0.0000
2009,10,13,4,30,-1.7000000000000002,0,0,0,2,0.0000,0.0000
2009,10,13,5,0,-1.6,0,0,0,2.1,0.0000,0.0000
2009,10,13,5,30,-1.6,0,0,0,2.1,0.0000,0.0000
2009,10,13,6,0,-1.7000000000000002,0,0,0,2.1,0.0000,0.0000
2009,10,13,6,30,-1.4000000000000001,0,0,0,2.3000000000000003,0.0000,0.0000
2009,10,13,7,0,-1.2000000000000002,12,0,12,2.4000000000000004,0.0000,0.0000
2009,10,13,7,30,-0.6000000000000001,44,2,44,2.6,0.0000,0.0000
2009,10,13,8,0,-0.1,122,175,164,2.7,7.9445,6.0928
2009,10,13,8,30,0.7000000000000001,166,80,192,3.4000000000000004,9.7253,7.5196
2009,10,13,9,0,1.4000000000000001,203,219,290,4,15.2929,11.8880
2009,10,13,9,30,2.3000000000000003,222,264,345,4.2,18.7658,14.6373
2009,10,13,10,0,3.1,182,10,188,4.5,10.4622,8.1785
2009,10,13,10,30,4.1000000000000005,247,5,250,4.4,14.1428,11.0717
2009,10,13,11,0,5.1000000000000005,358,121,431,4.4,24.6580,19.3216
2009,10,13,11,30,5.4,279,80,330,4.3,19.0130,14.9067
2009,10,13,12,0,5.7,129,1,129,4.2,7.4570,5.8480
2009,10,13,12,30,5.800000000000001,254,18,266,4.3,15.3737,12.0562
2009,10,13,13,0,5.800000000000001,233,16,244,4.4,14.0501,11.0151
2009,10,13,13,30,5.800000000000001,101,1,101,4.5,5.7726,4.5229
2009,10,13,14,0,5.800000000000001,42,0,42,4.7,2.3722,1.8568
2009,10,13,14,30,5.4,48,0,48,4,2.6653,2.0831
2009,10,13,15,0,4.9,126,4,128,3.3000000000000003,6.9414,5.4126
2009,10,13,15,30,3.6,68,1,69,2.8000000000000003,3.6239,2.8157
2009,10,13,16,0,2.4000000000000004,38,0,38,2.3000000000000003,1.9152,1.4797
2009,10,13,16,30,1.8,48,1,49,2.4000000000000004,2.3635,1.8107
2009,10,13,17,0,1.2000000000000002,10,0,10,2.5,0.0000,0.0000
2009,10,13,17,30,0.9,7,0,7,2.4000000000000004,0.0000,0.0000
2009,10,13,18,0,0.6000000000000001,0,0,0,2.3000000000000003,0.0000,0.0000
2009,10,13,18,30,0.5,0,0,0,2.3000000000000003,0.0000,0.0000
2009,10,13,19,0,0.4,0,0,0,2.2,0.0000,0.0000
2009,10,13,19,30,0.30000000000000004,0,0,0,2.2,0.0000,0.0000
2009,10,13,20,0,0.2,0,0,0,2.2,0.0000,0.0000
2009,10,13,20,30,0.2,0,0,0,2.4000000000000004,0.0000,0.0000
2009,10,13,21,0,0.2,0,0,0,2.5,0.0000,0.0000
2009,10,13,21,30,0.2,0,0,0,2.6,0.0000,0.0000
2009,10,13,22,0,0.2,0,0,0,2.7,0.0000,0.0000
2009,10,13,22,30,0.2,0,0,0,2.7,0.0000,0.0000
2009,10,13,23,0,0.2,0,0,0,2.7,0.0000,0.0000
2009,10,13,23,30,0.2,0,0,0,2.7,0.0000,0.0000
2009,10,14,0,0,0.1,0,0,0,2.7,0.0000,0.0000
2009,10,14,0,30,0,0,0,0,2.7,0.0000,0.0000
2009,10,14,1,0,0,0,0,0,2.6,0.0000,0.0000
2009,10,14,1,30,-0.1,0,0,0,2.6,0.0000,0.0000
2009,10,14,2,0,-0.2,0,0,0,2.6,0.0000,0.0000
2009,10,14,2,30,-0.30000000000000004,0,0,0,2.4000000000000004,0.0000,0.0000
2009,10,14,3,0,-0.4,0,0,0,2.2,0.0000,0.0000
2009,10,14,3,30,-0.5,0,0,0,2.2,0.0000,0.0000
2009,10,14,4,0,-0.6000000000000001,0,0,0,2.1,0.0000,0.0000
2009,10,14,4,30,-0.8,0,0,0,2,0.0000,0.0000
2009,10,14,5,0,-1,0,0,0,2,0.0000,0.0000
2009,10,14,5,30,-1,0,0,0,2.2,0.0000,0.0000
2009,10,14,6,0,-1,0,0,0,2.3000000000000003,0.0000,0.0000
2009,10,14,6,30,-0.7000000000000001,0,0,0,2.7,0.0000,0.0000
2009,10,14,7,0,-0.30000000000000004,22,217,34,3.1,0.0000,0.0000
2009,10,14,7,30,0.5,20,0,20,3.4000000000000004,0.0000,0.0000
2009,10,14,8,0,1.2000000000000002,20,0,20,3.7,0.9671,0.7414
2009,10,14,8,30,2.1,46,0,46,4,2.3249,1.7970
2009,10,14,9,0,2.9000000000000004,103,0,103,4.2,5.4204,4.2126
2009,10,14,9,30,3.6,60,0,60,4.2,3.2576,2.5405
2009,10,14,10,0,4.3,85,0,85,4.3,4.7225,3.6911
2009,10,14,10,30,4.9,100,0,100,4.2,5.6487,4.4215
2009,10,14,11,0,5.5,105,0,105,4.1000000000000005,5.9989,4.7001
2009,10,14,11,30,6,137,2,138,3.9000000000000004,7.9403,6.2247
2009,10,14,12,0,6.4,160,4,162,3.8000000000000003,9.3519,7.3332
2009,10,14,12,30,6.7,161,2,163,3.6,9.4075,7.3767
2009,10,14,13,0,7.1000000000000005,17,0,17,3.5,0.9775,0.7662
2009,10,14,13,30,7.2,59,0,59,3.3000000000000003,3.3667,2.6375
2009,10,14,14,0,7.4,42,0,42,3,2.3682,1.8534
2009,10,14,14,30,7.1000000000000005,63,0,64,2.9000000000000004,3.5467,2.7714
2009,10,14,15,0,6.9,61,0,62,2.7,3.3546,2.6151
2009,10,14,15,30,6.4,17,0,17,2.7,0.8905,0.6916
2009,10,14,16,0,5.9,19,0,19,2.7,0.9548,0.7373
2009,10,14,16,30,5.300000000000001,12,0,12,2.6,0.5776,0.4422
2009,10,14,17,0,4.800000000000001,10,0,10,2.5,0.0000,0.0000
2009,10,14,17,30,4.6000000000000005,3,0,3,2.3000000000000003,0.0000,0.0000
2009,10,14,18,0,4.3,0,0,0,2,0.0000,0.0000
2009,10,14,18,30,4.2,0,0,0,2,0.0000,0.0000
2009,10,14,19,0,4.2,0,0,0,2.1,0.0000,0.0000
2009,10,14,19,30,4.1000000000000005,0,0,0,2.1,0.0000,0.0000
2009,10,14,20,0,4,0,0,0,2.2,0.0000,0.0000
2009,10,14,20,30,4,0,0,0,2.1,0.0000,0.0000
2009,10,14,21,0,3.9000000000000004,0,0,0,2,0.0000,0.0000
2009,10,14,21,30,3.8000000000000003,0,0,0,1.8,0.0000,0.0000
2009,10,14,22,0,3.7,0,0,0,1.5,0.0000,0.0000
2009,10,14,22,30,3.5,0,0,0,1.4000000000000001,0.0000,0.0000
2009,10,14,23,0,3.4000000000000004,0,0,0,1.3,0.0000,0.0000
2009,10,14,23,30,3.3000000000000003,0,0,0,1.3,0.0000,0.0000
2009,10,15,0,0,3.2,0,0,0,1.2000000000000002,0.0000,0.0000
2009,10,15,0,30,3.2,0,0,0,1.3,0.0000,0.0000
2009,10,15,1,0,3.1,0,0,0,1.3,0.0000,0.0000
2009,10,15,1,30,3,0,0,0,1.4000000000000001,0.0000,0.0000
2009,10,15,2,0,3,0,0,0,1.5,0.0000,0.0000
2009,10,15,2,30,3,0,0,0,1.7000000000000002,0.0000,0.0000
2009,10,15,3,0,3,0,0,0,1.9000000000000001,0.0000,0.0000
2009,10,15,3,30,2.9000000000000004,0,0,0,1.9000000000000001,0.0000,0.0000
2009,10,15,4,0,2.8000000000000003,0,0,0,1.9000000000000001,0.0000,0.0000
2009,10,15,4,30,2.7,0,0,0,1.9000000000000001,0.0000,0.0000
2009,10,15,5,0,2.7,0,0,0,1.9000000000000001,0.0000,0.0000
2009,10,15,5,30,2.7,0,0,0,2.1,0.0000,0.0000
2009,10,15,6,0,2.7,0,0,0,2.3000000000000003,0.0000,0.0000
2009,10,15,6,30,2.8000000000000003,0,0,0,2.5,0.0000,0.0000
2009,10,15,7,0,2.9000000000000004,20,243,33,2.8000000000000003,0.0000,0.0000
2009,10,15,7,30,3.1,39,479,108,3.1,0.0000,0.0000
2009,10,15,8,0,3.4000000000000004,29,0,29,3.4000000000000004,1.3999,1.0727
2009,10,15,8,30,3.7,23,0,23,3.7,1.1597,0.8961
2009,10,15,9,0,4.1000000000000005,68,0,68,3.9000000000000004,3.5711,2.7746
2009,10,15,9,30,4.6000000000000005,29,0,29,4,1.5716,1.2254
2009,10,15,10,0,5.1000000000000005,75,0,75,4.1000000000000005,4.1600,3.2509
2009,10,15,10,30,5.6000000000000005,132,0,132,4.2,7.4449,5.8267
2009,10,15,11,0,6.2,216,1,217,4.3,12.3801,9.6986
2009,10,15,11,30,6.800000000000001,145,0,145,4.5,8.3314,6.5306
2009,10,15,12,0,7.4,178,0,178,4.6000000000000005,10.2617,8.0458
2009,10,15,12,30,7.9,157,0,157,4.7,9.0487,7.0946
2009,10,15,13,0,8.4,224,1,224,4.9,12.8609,10.0805
2009,10,15,13,30,8.8,145,0,145,5,8.2614,6.4713
2009,10,15,14,0,9.1,124,0,124,5.2,6.9795,5.4615
2009,10,15,14,30,9.200000000000001,101,0,101,5.2,5.5860,4.3642
2009,10,15,15,0,9.3,63,0,63,5.300000000000001,3.4008,2.6505
2009,10,15,15,30,9,66,0,66,5,3.4480,2.6772
2009,10,15,16,0,8.8,19,0,19,4.800000000000001,0.9520,0.7349
2009,10,15,16,30,8.1,19,0,19,4.1000000000000005,0.9127,0.6985
2009,10,15,17,0,7.4,12,0,12,3.4000000000000004,0.0000,0.0000
2009,10,15,17,30,6.6000000000000005,16,224,25,3,0.0000,0.0000
2009,10,15,18,0,5.7,0,0,0,2.5,0.0000,0.0000
2009,10,15,18,30,5.4,0,0,0,2.7,0.0000,0.0000
2009,10,15,19,0,5.1000000000000005,0,0,0,2.8000000000000003,0.0000,0.0000
2009,10,15,19,30,4.6000000000000005,0,0,0,2.6,0.0000,0.0000
2009,10,15,20,0,4.1000000000000005,0,0,0,2.5,0.0000,0.0000
2009,10,15,20,30,3.7,0,0,0,2.5,0.0000,0.0000
2009,10,15,21,0,3.3000000000000003,0,0,0,2.6,0.0000,0.0000
2009,10,15,21,30,3,0,0,0,2.6,0.0000,0.0000
2009,10,15,22,0,2.6,0,0,0,2.6,0.0000,0.0000
2009,10,15,22,30,2.3000000000000003,0,0,0,2.6,0.0000,0.0000
2009,10,15,23,0,2.1,0,0,0,2.7,0.0000,0.0000
2009,10,15,23,30,2,0,0,0,2.8000000000000003,0.0000,0.0000
2009,10,16,0,0,1.8,0,0,0,2.9000000000000004,0.0000,0.0000
2009,10,16,0,30,1.8,0,0,0,2.9000000000000004,0.0000,0.0000
2009,10,16,1,0,1.7000000000000002,0,0,0,3,0.0000,0.0000
2009,10,16,1,30,1.7000000000000002,0,0,0,3,0.0000,0.0000
2009,10,16,2,0,1.7000000000000002,0,0,0,3.1,0.0000,0.0000
2009,10,16,2,30,1.8,0,0,0,3.1,0.0000,0.0000
2009,10,16,3,0,1.8,0,0,0,3.1,0.0000,0.0000
2009,10,16,3,30,1.8,0,0,0,3,0.0000,0.0000
2009,10,16,4,0,1.9000000000000001,0,0,0,2.9000000000000004,0.0000,0.0000
2009,10,16,4,30,1.9000000000000001,0,0,0,2.9000000000000004,0.0000,0.0000
2009,10,16,5,0,1.9000000000000001,0,0,0,2.8000000000000003,0.0000,0.0000
2009,10,16,5,30,1.9000000000000001,0,0,0,2.7,0.0000,0.0000
2009,10,16,6,0,1.9000000000000001,0,0,0,2.6,0.0000,0.0000
2009,10,16,6,30,2,0,0,0,2.7,0.0000,0.0000
2009,10,16,7,0,2.2,3,0,3,2.8000000000000003,0.0000,0.0000
2009,10,16,7,30,2.8000000000000003,19,0,19,3.1,0.0000,0.0000
2009,10,16,8,0,3.4000000000000004,30,0,30,3.3000000000000003,1.4458,1.1074
2009,10,16,8,30,4.3,63,0,63,3.2,3.1696,2.4482
2009,10,16,9,0,5.1000000000000005,31,0,31,3.2,1.6246,1.2619
2009,10,16,9,30,5.9,75,0,75,3,4.0569,3.1625
2009,10,16,10,0,6.6000000000000005,119,0,119,2.8000000000000003,6.5894,5.1487
2009,10,16,10,30,7.300000000000001,115,0,115,2.7,6.4761,5.0678
2009,10,16,11,0,8,233,2,234,2.5,13.3305,10.4419
2009,10,16,11,30,8.6,168,0,168,2.5,9.6395,7.5552
2009,10,16,12,0,9.200000000000001,219,1,220,2.4000000000000004,12.6652,9.9292
2009,10,16,12,30,9.5,307,24,322,2.5,18.5323,14.5285
2009,10,16,13,0,9.8,263,4,266,2.6,15.2498,11.9515
2009,10,16,13,30,9.9,190,1,190,2.7,10.8079,8.4649
2009,10,16,14,0,9.9,236,5,239,2.8000000000000003,13.4286,10.5064
2009,10,16,14,30,9.8,191,2,192,2.9000000000000004,10.5982,8.2785
2009,10,16,15,0,9.700000000000001,107,0,107,3.1,5.7624,4.4900
2009,10,16,15,30,9.4,117,1,117,3,6.0961,4.7318
2009,10,16,16,0,9.1,125,27,133,3,6.6449,5.1267
2009,10,16,16,30,8.3,80,7,82,2.4000000000000004,3.9322,3.0075
2009,10,16,17,0,7.6000000000000005,20,0,20,1.8,0.0000,0.0000
2009,10,16,17,30,6.5,9,0,9,1.6,0.0000,0.0000
2009,10,16,18,0,5.5,0,0,0,1.4000000000000001,0.0000,0.0000
2009,10,16,18,30,5.2,0,0,0,1.6,0.0000,0.0000
2009,10,16,19,0,4.9,0,0,0,1.9000000000000001,0.0000,0.0000
2009,10,16,19,30,4.6000000000000005,0,0,0,2.2,0.0000,0.0000
2009,10,16,20,0,4.3,0,0,0,2.6,0.0000,0.0000
2009,10,16,20,30,4,0,0,0,2.8000000000000003,0.0000,0.0000
2009,10,16,21,0,3.7,0,0,0,3.1,0.0000,0.0000
2009,10,16,21,30,3.4000000000000004,0,0,0,3,0.0000,0.0000
2009,10,16,22,0,3.1,0,0,0,2.8000000000000003,0.0000,0.0000
2009,10,16,22,30,2.8000000000000003,0,0,0,2.7,0.0000,0.0000
2009,10,16,23,0,2.4000000000000004,0,0,0,2.5,0.0000,0.0000
2009,10,16,23,30,2.2,0,0,0,2.5,0.0000,0.0000
2009,10,17,0,0,2,0,0,0,2.5,0.0000,0.0000
2009,10,17,0,30,1.8,0,0,0,2.6,0.0000,0.0000
2009,10,17,1,0,1.7000000000000002,0,0,0,2.7,0.0000,0.0000
2009,10,17,1,30,1.6,0,0,0,2.9000000000000004,0.0000,0.0000
2009,10,17,2,0,1.5,0,0,0,3,0.0000,0.0000
2009,10,17,2,30,1.4000000000000001,0,0,0,2.9000000000000004,0.0000,0.0000
2009,10,17,3,0,1.2000000000000002,0,0,0,2.8000000000000003,0.0000,0.0000
2009,10,17,3,30,1.1,0,0,0,2.7,0.0000,0.0000
2009,10,17,4,0,1,0,0,0,2.6,0.0000,0.0000
2009,10,17,4,30,0.9,0,0,0,2.5,0.0000,0.0000
2009,10,17,5,0,0.7000000000000001,0,0,0,2.4000000000000004,0.0000,0.0000
2009,10,17,5,30,0.6000000000000001,0,0,0,2.3000000000000003,0.0000,0.0000
2009,10,17,6,0,0.4,0,0,0,2.2,0.0000,0.0000
2009,10,17,6,30,0.5,0,0,0,2.2,0.0000,0.0000
2009,10,17,7,0,0.6000000000000001,5,0,5,2.3000000000000003,0.0000,0.0000
2009,10,17,7,30,1.4000000000000001,16,0,16,2.3000000000000003,0.0000,0.0000
2009,10,17,8,0,2.2,22,0,22,2.2,1.0586,0.8105
2009,10,17,8,30,3.2,30,0,30,2,1.5060,1.1628
2009,10,17,9,0,4.3,57,0,57,1.7000000000000002,2.9808,2.3147
2009,10,17,9,30,5.5,64,0,64,1.4000000000000001,3.4553,2.6930
2009,10,17,10,0,6.7,101,0,101,1.1,5.5834,4.3620
2009,10,17,10,30,7.6000000000000005,217,1,218,1,12.2572,9.5905
2009,10,17,11,0,8.4,292,24,306,0.8,17.4072,13.6336
2009,10,17,11,30,9,307,26,322,1,18.4498,14.4587
2009,10,17,12,0,9.5,306,18,317,1.1,18.2241,14.2856
2009,10,17,12,30,9.9,203,0,203,1.3,11.6667,9.1451
2009,10,17,13,0,10.3,297,99,357,1.5,20.4361,16.0141
2009,10,17,13,30,10.5,328,68,368,1.6,20.8999,16.3669
2009,10,17,14,0,10.700000000000001,276,26,290,1.8,16.2656,12.7241
2009,10,17,14,30,10.700000000000001,168,537,435,1.9000000000000001,23.9637,18.7151
2009,10,17,15,0,10.700000000000001,62,874,445,2.1,23.9097,18.6256
2009,10,17,15,30,10.4,57,831,364,2.1,18.9145,14.6766
2009,10,17,16,0,10,51,769,276,2.2,13.7495,10.6030
2009,10,17,16,30,8.6,43,675,184,1.7000000000000002,8.8095,6.7341
2009,10,17,17,0,7.1000000000000005,31,521,93,1.2000000000000002,0.0000,0.0000
2009,10,17,17,30,5.800000000000001,13,250,21,1.3,0.0000,0.0000
2009,10,17,18,0,4.4,0,0,0,1.3,0.0000,0.0000
2009,10,17,18,30,4.2,0,0,0,1.6,0.0000,0.0000
2009,10,17,19,0,4,0,0,0,1.8,0.0000,0.0000
2009,10,17,19,30,3.9000000000000004,0,0,0,2.2,0.0000,0.0000
2009,10,17,20,0,3.9000000000000004,0,0,0,2.5,0.0000,0.0000
2009,10,17,20,30,4,0,0,0,2.9000000000000004,0.0000,0.0000
2009,10,17,21,0,4,0,0,0,3.3000000000000003,0.0000,0.0000
2009,10,17,21,30,3.9000000000000004,0,0,0,3.5,0.0000,0.0000
2009,10,17,22,0,3.8000000000000003,0,0,0,3.6,0.0000,0.0000
2009,10,17,22,30,3.6,0,0,0,3.6,0.0000,0.0000
2009,10,17,23,0,3.3000000000000003,0,0,0,3.6,0.0000,0.0000
2009,10,17,23,30,3,0,0,0,3.6,0.0000,0.0000
2009,10,18,0,0,2.8000000000000003,0,0,0,3.6,0.0000,0.0000
2009,10,18,0,30,2.6,0,0,0,3.7,0.0000,0.0000
2009,10,18,1,0,2.4000000000000004,0,0,0,3.8000000000000003,0.0000,0.0000
2009,10,18,1,30,2.3000000000000003,0,0,0,4,0.0000,0.0000
2009,10,18,2,0,2.2,0,0,0,4.1000000000000005,0.0000,0.0000
2009,10,18,2,30,2.1,0,0,0,4.2,0.0000,0.0000
2009,10,18,3,0,1.9000000000000001,0,0,0,4.2,0.0000,0.0000
2009,10,18,3,30,1.8,0,0,0,4.3,0.0000,0.0000
2009,10,18,4,0,1.7000000000000002,0,0,0,4.4,0.0000,0.0000
2009,10,18,4,30,1.6,0,0,0,4.4,0.0000,0.0000
2009,10,18,5,0,1.4000000000000001,0,0,0,4.4,0.0000,0.0000
2009,10,18,5,30,1.4000000000000001,0,0,0,4.5,0.0000,0.0000
2009,10,18,6,0,1.3,0,0,0,4.5,0.0000,0.0000
2009,10,18,6,30,1.6,0,0,0,4.800000000000001,0.0000,0.0000
2009,10,18,7,0,1.9000000000000001,16,246,27,5,0.0000,0.0000
2009,10,18,7,30,3.2,35,492,100,5.5,0.0000,0.0000
2009,10,18,8,0,4.4,48,631,186,6,8.9370,6.8393
2009,10,18,8,30,5.9,57,723,275,6.4,13.7727,10.6303
2009,10,18,9,0,7.5,63,787,360,6.800000000000001,18.7838,14.5827
2009,10,18,9,30,9,68,830,438,6.9,23.6013,18.3910
2009,10,18,10,0,10.5,71,869,508,7.1000000000000005,28.0345,21.8979
2009,10,18,10,30,11.9,74,891,563,7.1000000000000005,31.6063,24.7266
2009,10,18,11,0,13.3,75,911,608,7.2,34.5349,27.0449
2009,10,18,11,30,14.5,76,921,637,7.2,36.4465,28.5590
2009,10,18,12,0,15.600000000000001,71,936,652,7.2,37.4300,29.3376
2009,10,18,12,30,16.5,71,936,651,7.2,37.3607,29.2825
2009,10,18,13,0,17.400000000000002,70,931,634,7.1000000000000005,36.2373,28.3927
2009,10,18,13,30,18,69,921,603,7,34.1908,26.7716
2009,10,18,14,0,18.5,67,905,558,6.800000000000001,31.2415,24.4355
2009,10,18,14,30,18.7,64,883,499,6.6000000000000005,27.4322,21.4196
2009,10,18,15,0,18.900000000000002,59,856,430,6.4,23.0495,17.9509
2009,10,18,15,30,18.6,54,812,351,6,18.1894,14.1089
2009,10,18,16,0,18.2,48,754,265,5.6000000000000005,13.1635,10.1461
2009,10,18,16,30,17.1,40,660,175,5.1000000000000005,8.3669,6.3924
2009,10,18,17,0,16,29,509,88,4.7,0.0000,0.0000
2009,10,18,17,30,14.9,12,237,18,4.5,0.0000,0.0000
2009,10,18,18,0,13.8,0,0,0,4.2,0.0000,0.0000
2009,10,18,18,30,13.200000000000001,0,0,0,4.2,0.0000,0.0000
2009,10,18,19,0,12.600000000000001,0,0,0,4.1000000000000005,0.0000,0.0000
2009,10,18,19,30,12.200000000000001,0,0,0,4.2,0.0000,0.0000
2009,10,18,20,0,11.8,0,0,0,4.4,0.0000,0.0000
2009,10,18,20,30,11.5,0,0,0,4.5,0.0000,0.0000
2009,10,18,21,0,11.200000000000001,0,0,0,4.6000000000000005,0.0000,0.0000
2009,10,18,21,30,10.8,0,0,0,4.5,0.0000,0.0000
2009,10,18,22,0,10.5,0,0,0,4.4,0.0000,0.0000
2009,10,18,22,30,10.100000000000001,0,0,0,4.3,0.0000,0.0000
2009,10,18,23,0,9.700000000000001,0,0,0,4.1000000000000005,0.0000,0.0000
2009,10,18,23,30,9.600000000000001,0,0,0,4.3,0.0000,0.0000
2009,10,19,0,0,9.5,0,0,0,4.4,0.0000,0.0000
2009,10,19,0,30,9.200000000000001,0,0,0,4,0.0000,0.0000
2009,10,19,1,0,8.8,0,0,0,3.5,0.0000,0.0000
2009,10,19,1,30,8.5,0,0,0,3.2,0.0000,0.0000
2009,10,19,2,0,8.200000000000001,0,0,0,3,0.0000,0.0000
2009,10,19,2,30,8.200000000000001,0,0,0,2.8000000000000003,0.0000,0.0000
2009,10,19,3,0,8.200000000000001,0,0,0,2.6,0.0000,0.0000
2009,10,19,3,30,8.200000000000001,0,0,0,2.4000000000000004,0.0000,0.0000
2009,10,19,4,0,8.200000000000001,0,0,0,2.2,0.0000,0.0000
2009,10,19,4,30,8.1,0,0,0,2,0.0000,0.0000
2009,10,19,5,0,8,0,0,0,1.8,0.0000,0.0000
2009,10,19,5,30,7.9,0,0,0,1.8,0.0000,0.0000
2009,10,19,6,0,7.800000000000001,0,0,0,1.7000000000000002,0.0000,0.0000
2009,10,19,6,30,7.7,0,0,0,1.8,0.0000,0.0000
2009,10,19,7,0,7.6000000000000005,15,234,24,1.8,0.0000,0.0000
2009,10,19,7,30,8.1,33,487,96,2.1,0.0000,0.0000
2009,10,19,8,0,8.5,46,631,182,2.3000000000000003,8.7321,6.6796
2009,10,19,8,30,9.4,166,90,193,2.7,9.6434,7.4403
2009,10,19,9,0,10.200000000000001,61,786,355,3,18.4827,14.3450
2009,10,19,9,30,11.200000000000001,66,829,432,3.1,23.2325,18.0998
2009,10,19,10,0,12.200000000000001,69,860,498,3.2,27.4343,21.4256
2009,10,19,10,30,13.200000000000001,223,388,435,3.2,24.3811,19.0714
2009,10,19,11,0,14.100000000000001,225,435,477,3.2,27.0538,21.1837
2009,10,19,11,30,15,201,537,525,3.2,29.9947,23.5007
2009,10,19,12,0,15.9,72,916,636,3.2,36.4590,28.5732
2009,10,19,12,30,16.6,72,915,635,3.2,36.3884,28.5171
2009,10,19,13,0,17.400000000000002,71,911,618,3.3000000000000003,35.2694,27.6310
2009,10,19,13,30,17.8,255,210,375,3.2,21.2280,16.6193
2009,10,19,14,0,18.2,169,510,443,3.2,24.7580,19.3612
2009,10,19,14,30,18.1,241,108,294,3,16.1302,12.5924
2009,10,19,15,0,18,131,567,373,2.7,19.9479,15.5315
2009,10,19,15,30,17.1,183,85,213,2.1,11.0085,8.5360
2009,10,19,16,0,16.3,116,302,201,1.4000000000000001,9.9567,7.6706
2009,10,19,16,30,15,45,584,161,1.3,7.6888,5.8715
2009,10,19,17,0,13.8,46,8,47,1.1,0.0000,0.0000
2009,10,19,17,30,13.3,6,0,6,1.2000000000000002,0.0000,0.0000
2009,10,19,18,0,12.8,0,0,0,1.2000000000000002,0.0000,0.0000
2009,10,19,18,30,12.4,0,0,0,1.2000000000000002,0.0000,0.0000
2009,10,19,19,0,12.100000000000001,0,0,0,1.2000000000000002,0.0000,0.0000
2009,10,19,19,30,11.600000000000001,0,0,0,1.3,0.0000,0.0000
2009,10,19,20,0,11.200000000000001,0,0,0,1.3,0.0000,0.0000
2009,10,19,20,30,10.9,0,0,0,1.4000000000000001,0.0000,0.0000
2009,10,19,21,0,10.600000000000001,0,0,0,1.5,0.0000,0.0000
2009,10,19,21,30,10.4,0,0,0,1.5,0.0000,0.0000
2009,10,19,22,0,10.3,0,0,0,1.6,0.0000,0.0000
2009,10,19,22,30,10.200000000000001,0,0,0,1.6,0.0000,0.0000
2009,10,19,23,0,10.100000000000001,0,0,0,1.6,0.0000,0.0000
2009,10,19,23,30,10,0,0,0,1.6,0.0000,0.0000
2009,10,20,0,0,9.9,0,0,0,1.6,0.0000,0.0000
2009,10,20,0,30,9.8,0,0,0,1.6,0.0000,0.0000
2009,10,20,1,0,9.8,0,0,0,1.6,0.0000,0.0000
2009,10,20,1,30,9.8,0,0,0,1.6,0.0000,0.0000
2009,10,20,2,0,9.9,0,0,0,1.6,0.0000,0.0000
2009,10,20,2,30,9.9,0,0,0,1.5,0.0000,0.0000
2009,10,20,3,0,10,0,0,0,1.4000000000000001,0.0000,0.0000
2009,10,20,3,30,10,0,0,0,1.4000000000000001,0.0000,0.0000
2009,10,20,4,0,9.9,0,0,0,1.3,0.0000,0.0000
2009,10,20,4,30,9.9,0,0,0,1.2000000000000002,0.0000,0.0000
2009,10,20,5,0,9.9,0,0,0,1.2000000000000002,0.0000,0.0000
2009,10,20,5,30,9.9,0,0,0,1.2000000000000002,0.0000,0.0000
2009,10,20,6,0,9.9,0,0,0,1.2000000000000002,0.0000,0.0000
2009,10,20,6,30,10.200000000000001,0,0,0,1.2000000000000002,0.0000,0.0000
2009,10,20,7,0,10.600000000000001,16,111,20,1.3,0.0000,0.0000
2009,10,20,7,30,11.700000000000001,41,350,84,1.8,0.0000,0.0000
2009,10,20,8,0,12.8,58,516,167,2.3000000000000003,8.0022,6.1187
2009,10,20,8,30,13.600000000000001,46,0,46,2.4000000000000004,2.2931,1.7685
2009,10,20,9,0,14.4,61,0,61,2.5,3.1689,2.4588
2009,10,20,9,30,15.100000000000001,73,0,73,2.4000000000000004,3.9181,3.0518
2009,10,20,10,0,15.9,108,0,108,2.4000000000000004,5.9390,4.6374
2009,10,20,10,30,16.5,118,0,118,2.5,6.6032,5.1645
2009,10,20,11,0,17.1,119,0,119,2.6,6.7391,5.2762
2009,10,20,11,30,17.6,92,0,92,2.8000000000000003,5.2487,4.1118
2009,10,20,12,0,18,92,0,92,3,5.2664,4.1269
2009,10,20,12,30,18.3,79,0,79,3.1,4.5204,3.5422
2009,10,20,13,0,18.5,94,0,94,3.3000000000000003,5.3564,4.1958
2009,10,20,13,30,18.5,87,0,87,3.3000000000000003,4.9169,3.8489
2009,10,20,14,0,18.6,70,0,70,3.3000000000000003,3.9051,3.0534
2009,10,20,14,30,18.400000000000002,26,0,26,3.2,1.4235,1.1111
2009,10,20,15,0,18.2,95,0,95,3.1,5.0687,3.9454
2009,10,20,15,30,17.8,44,0,44,2.7,2.2679,1.7579
2009,10,20,16,0,17.3,13,0,13,2.2,0.6422,0.4945
2009,10,20,16,30,16.400000000000002,17,0,17,1.8,0.8111,0.6191
2009,10,20,17,0,15.4,21,0,21,1.3,0.0000,0.0000
2009,10,20,17,30,15,0,0,0,1.3,0.0000,0.0000
2009,10,20,18,0,14.5,0,0,0,1.4000000000000001,0.0000,0.0000
2009,10,20,18,30,14.4,0,0,0,1.5,0.0000,0.0000
2009,10,20,19,0,14.3,0,0,0,1.6,0.0000,0.0000
2009,10,20,19,30,14.100000000000001,0,0,0,1.6,0.0000,0.0000
2009,10,20,20,0,14,0,0,0,1.6,0.0000,0.0000
2009,10,20,20,30,13.9,0,0,0,1.5,0.0000,0.0000
2009,10,20,21,0,13.700000000000001,0,0,0,1.4000000000000001,0.0000,0.0000
2009,10,20,21,30,13.600000000000001,0,0,0,1.3,0.0000,0.0000
2009,10,20,22,0,13.4,0,0,0,1.2000000000000002,0.0000,0.0000
2009,10,20,22,30,13.3,0,0,0,1.1,0.0000,0.0000
2009,10,20,23,0,13.200000000000001,0,0,0,1.1,0.0000,0.0000
2009,10,20,23,30,13.100000000000001,0,0,0,1.1,0.0000,0.0000
2009,10,21,0,0,13,0,0,0,1.1,0.0000,0.0000
2009,10,21,0,30,13,0,0,0,1.1,0.0000,0.0000
2009,10,21,1,0,13,0,0,0,1.1,0.0000,0.0000
2009,10,21,1,30,13,0,0,0,1,0.0000,0.0000
2009,10,21,2,0,13.100000000000001,0,0,0,0.8,0.0000,0.0000
2009,10,21,2,30,13,0,0,0,1.1,0.0000,0.0000
2009,10,21,3,0,13,0,0,0,1.3,0.0000,0.0000
2009,10,21,3,30,12.600000000000001,0,0,0,1.9000000000000001,0.0000,0.0000
2009,10,21,4,0,12.200000000000001,0,0,0,2.4000000000000004,0.0000,0.0000
2009,10,21,4,30,11.700000000000001,0,0,0,3,0.0000,0.0000
2009,10,21,5,0,11.3,0,0,0,3.6,0.0000,0.0000
2009,10,21,5,30,10.8,0,0,0,3.8000000000000003,0.0000,0.0000
2009,10,21,6,0,10.200000000000001,0,0,0,4,0.0000,0.0000
2009,10,21,6,30,9.9,0,0,0,4,0.0000,0.0000
2009,10,21,7,0,9.600000000000001,5,0,5,4,0.0000,0.0000
2009,10,21,7,30,9.600000000000001,8,0,8,4.2,0.0000,0.0000
2009,10,21,8,0,9.5,3,0,3,4.4,0.1436,0.1097
2009,10,21,8,30,9.700000000000001,9,0,9,4.5,0.4476,0.3451
2009,10,21,9,0,9.8,13,0,13,4.7,0.6739,0.5227
2009,10,21,9,30,9.9,16,0,16,4.6000000000000005,0.8571,0.6675
2009,10,21,10,0,10,40,0,40,4.5,2.1958,1.7143
2009,10,21,10,30,10,45,0,45,4.5,2.5140,1.9659
2009,10,21,11,0,9.9,54,0,54,4.5,3.0534,2.3903
2009,10,21,11,30,9.600000000000001,26,0,26,4.9,1.4811,1.1602
2009,10,21,12,0,9.4,78,0,78,5.2,4.4584,3.4933
2009,10,21,12,30,9,142,2,143,5.5,8.1707,6.4017
2009,10,21,13,0,8.6,112,1,112,5.7,6.3724,4.9910
2009,10,21,13,30,8.1,66,0,66,5.7,3.7239,2.9146
2009,10,21,14,0,7.7,48,0,48,5.7,2.6729,2.0896
2009,10,21,14,30,7.2,40,0,40,5.800000000000001,2.1856,1.7056
2009,10,21,15,0,6.7,59,0,59,5.800000000000001,3.1404,2.4438
2009,10,21,15,30,6.4,38,0,39,5.800000000000001,2.0047,1.5533
2009,10,21,16,0,6.1000000000000005,24,0,24,5.9,1.1824,0.9100
2009,10,21,16,30,5.800000000000001,33,0,33,5.9,1.5736,1.2006
2009,10,21,17,0,5.4,21,0,21,5.9,0.0000,0.0000
2009,10,21,17,30,5.2,0,0,0,5.800000000000001,0.0000,0.0000
2009,10,21,18,0,4.9,0,0,0,5.800000000000001,0.0000,0.0000
2009,10,21,18,30,4.7,0,0,0,5.800000000000001,0.0000,0.0000
2009,10,21,19,0,4.6000000000000005,0,0,0,5.9,0.0000,0.0000
2009,10,21,19,30,4.5,0,0,0,5.9,0.0000,0.0000
2009,10,21,20,0,4.4,0,0,0,5.800000000000001,0.0000,0.0000
2009,10,21,20,30,4.3,0,0,0,5.7,0.0000,0.0000
2009,10,21,21,0,4.3,0,0,0,5.5,0.0000,0.0000
2009,10,21,21,30,4.4,0,0,0,5.4,0.0000,0.0000
2009,10,21,22,0,4.4,0,0,0,5.4,0.0000,0.0000
2009,10,21,22,30,4.4,0,0,0,5.4,0.0000,0.0000
2009,10,21,23,0,4.3,0,0,0,5.4,0.0000,0.0000
2009,10,21,23,30,4.2,0,0,0,5.7,0.0000,0.0000
2009,10,22,0,0,4.2,0,0,0,6,0.0000,0.0000
2009,10,22,0,30,4,0,0,0,5.9,0.0000,0.0000
2009,10,22,1,0,3.9000000000000004,0,0,0,5.9,0.0000,0.0000
2009,10,22,1,30,3.8000000000000003,0,0,0,6.1000000000000005,0.0000,0.0000
2009,10,22,2,0,3.7,0,0,0,6.2,0.0000,0.0000
2009,10,22,2,30,3.6,0,0,0,6.2,0.0000,0.0000
2009,10,22,3,0,3.4000000000000004,0,0,0,6.300000000000001,0.0000,0.0000
2009,10,22,3,30,3.3000000000000003,0,0,0,6.2,0.0000,0.0000
2009,10,22,4,0,3.1,0,0,0,6.1000000000000005,0.0000,0.0000
2009,10,22,4,30,2.9000000000000004,0,0,0,6.1000000000000005,0.0000,0.0000
2009,10,22,5,0,2.8000000000000003,0,0,0,6,0.0000,0.0000
2009,10,22,5,30,2.7,0,0,0,6,0.0000,0.0000
2009,10,22,6,0,2.5,0,0,0,5.9,0.0000,0.0000
2009,10,22,6,30,2.1,0,0,0,5.800000000000001,0.0000,0.0000
2009,10,22,7,0,1.8,3,0,3,5.7,0.0000,0.0000
2009,10,22,7,30,1.8,9,0,9,5.9,0.0000,0.0000
2009,10,22,8,0,1.7000000000000002,54,3,55,6,2.6296,2.0090
2009,10,22,8,30,1.8,74,4,75,6.300000000000001,3.7217,2.8681
2009,10,22,9,0,1.9000000000000001,167,12,172,6.6000000000000005,8.8957,6.8983
2009,10,22,9,30,2.1,32,0,32,6.800000000000001,1.7107,1.3319
2009,10,22,10,0,2.3000000000000003,77,1,77,7,4.2192,3.2933
2009,10,22,10,30,2.4000000000000004,15,0,15,7,0.8366,0.6541
2009,10,22,11,0,2.5,73,0,73,7,4.1214,3.2259
2009,10,22,11,30,2.7,49,0,49,6.9,2.7872,2.1829
2009,10,22,12,0,2.8000000000000003,20,0,20,6.800000000000001,1.1415,0.8943
2009,10,22,12,30,3,28,0,28,6.800000000000001,1.5974,1.2514
2009,10,22,13,0,3.2,37,0,37,6.800000000000001,2.1019,1.6461
2009,10,22,13,30,3.2,77,0,77,6.7,4.3372,3.3941
2009,10,22,14,0,3.2,81,839,518,6.6000000000000005,28.7920,22.5048
2009,10,22,14,30,3.1,67,0,67,6.5,3.6533,2.8503
2009,10,22,15,0,3,166,5,168,6.4,8.9213,6.9406
2009,10,22,15,30,2.7,77,0,77,6.1000000000000005,3.9476,3.0576
2009,10,22,16,0,2.3000000000000003,70,0,70,5.9,3.4397,2.6460
2009,10,22,16,30,1.8,27,0,27,5.5,1.2870,0.9816
2009,10,22,17,0,1.3,34,0,34,5.1000000000000005,0.0000,0.0000
2009,10,22,17,30,1.2000000000000002,0,0,0,4.9,0.0000,0.0000
2009,10,22,18,0,1,0,0,0,4.800000000000001,0.0000,0.0000
2009,10,22,18,30,1,0,0,0,5,0.0000,0.0000
2009,10,22,19,0,0.9,0,0,0,5.1000000000000005,0.0000,0.0000
2009,10,22,19,30,0.9,0,0,0,5.2,0.0000,0.0000
2009,10,22,20,0,0.9,0,0,0,5.300000000000001,0.0000,0.0000
2009,10,22,20,30,0.9,0,0,0,5.300000000000001,0.0000,0.0000
2009,10,22,21,0,0.9,0,0,0,5.300000000000001,0.0000,0.0000
2009,10,22,21,30,0.8,0,0,0,5.4,0.0000,0.0000
2009,10,22,22,0,0.7000000000000001,0,0,0,5.5,0.0000,0.0000
2009,10,22,22,30,0.7000000000000001,0,0,0,5.5,0.0000,0.0000
2009,10,22,23,0,0.7000000000000001,0,0,0,5.6000000000000005,0.0000,0.0000
2009,10,22,23,30,0.7000000000000001,0,0,0,5.7,0.0000,0.0000
2009,10,23,0,0,0.6000000000000001,0,0,0,5.800000000000001,0.0000,0.0000
2009,10,23,0,30,0.6000000000000001,0,0,0,5.800000000000001,0.0000,0.0000
2009,10,23,1,0,0.6000000000000001,0,0,0,5.9,0.0000,0.0000
2009,10,23,1,30,0.6000000000000001,0,0,0,6,0.0000,0.0000
2009,10,23,2,0,0.6000000000000001,0,0,0,6.1000000000000005,0.0000,0.0000
2009,10,23,2,30,0.6000000000000001,0,0,0,6,0.0000,0.0000
2009,10,23,3,0,0.6000000000000001,0,0,0,6,0.0000,0.0000
2009,10,23,3,30,0.6000000000000001,0,0,0,5.9,0.0000,0.0000
2009,10,23,4,0,0.6000000000000001,0,0,0,5.800000000000001,0.0000,0.0000
2009,10,23,4,30,0.7000000000000001,0,0,0,5.9,0.0000,0.0000
2009,10,23,5,0,0.7000000000000001,0,0,0,6,0.0000,0.0000
2009,10,23,5,30,0.7000000000000001,0,0,0,5.9,0.0000,0.0000
2009,10,23,6,0,0.7000000000000001,0,0,0,5.800000000000001,0.0000,0.0000
2009,10,23,6,30,0.7000000000000001,0,0,0,5.800000000000001,0.0000,0.0000
2009,10,23,7,0,0.7000000000000001,13,135,16,5.800000000000001,0.0000,0.0000
2009,10,23,7,30,0.9,34,408,80,5.7,0.0000,0.0000
2009,10,23,8,0,1,16,0,16,5.7,0.7643,0.5837
2009,10,23,8,30,1.3,41,0,41,5.7,2.0300,1.5638
2009,10,23,9,0,1.6,40,0,40,5.7,2.0641,1.6002
2009,10,23,9,30,2.1,58,0,58,5.7,3.0943,2.4086
2009,10,23,10,0,2.5,230,25,242,5.800000000000001,13.2364,10.3301
2009,10,23,10,30,3,214,3,216,5.9,12.0275,9.4026
2009,10,23,11,0,3.5,313,63,349,6,19.6725,15.3959
2009,10,23,11,30,4,304,50,333,6,18.9130,14.8110
2009,10,23,12,0,4.5,239,2,240,6,13.6782,10.7146
2009,10,23,12,30,4.9,321,55,353,5.800000000000001,20.1088,15.7514
2009,10,23,13,0,5.4,351,131,427,5.7,24.2191,18.9642
2009,10,23,13,30,5.800000000000001,326,198,436,5.5,24.5180,19.1841
2009,10,23,14,0,6.300000000000001,67,929,547,5.4,30.3469,23.7160
2009,10,23,14,30,6.5,64,905,487,5.2,26.5000,20.6707
2009,10,23,15,0,6.800000000000001,61,869,416,5,22.0386,17.1410
2009,10,23,15,30,6.7,56,820,335,4.4,17.1284,13.2618
2009,10,23,16,0,6.6000000000000005,48,750,245,3.9000000000000004,12.0080,9.2324
2009,10,23,16,30,5.2,39,643,155,3.1,7.3878,5.6324
2009,10,23,17,0,3.9000000000000004,26,473,69,2.2,0.0000,0.0000
2009,10,23,17,30,2.9000000000000004,0,0,0,2.1,0.0000,0.0000
2009,10,23,18,0,1.9000000000000001,0,0,0,2,0.0000,0.0000
2009,10,23,18,30,1.7000000000000002,0,0,0,2,0.0000,0.0000
2009,10,23,19,0,1.5,0,0,0,2,0.0000,0.0000
2009,10,23,19,30,1.3,0,0,0,2,0.0000,0.0000
2009,10,23,20,0,1.2000000000000002,0,0,0,1.9000000000000001,0.0000,0.0000
2009,10,23,20,30,1.1,0,0,0,2,0.0000,0.0000
2009,10,23,21,0,1.1,0,0,0,2,0.0000,0.0000
2009,10,23,21,30,1.2000000000000002,0,0,0,2.1,0.0000,0.0000
2009,10,23,22,0,1.3,0,0,0,2.1,0.0000,0.0000
2009,10,23,22,30,1.6,0,0,0,2.2,0.0000,0.0000
2009,10,23,23,0,1.8,0,0,0,2.3000000000000003,0.0000,0.0000
2009,10,23,23,30,1.6,0,0,0,2.3000000000000003,0.0000,0.0000
2009,10,24,0,0,1.4000000000000001,0,0,0,2.2,0.0000,0.0000
2009,10,24,0,30,1.1,0,0,0,2.1,0.0000,0.0000
2009,10,24,1,0,0.8,0,0,0,2,0.0000,0.0000
2009,10,24,1,30,0.5,0,0,0,2,0.0000,0.0000
2009,10,24,2,0,0.30000000000000004,0,0,0,1.9000000000000001,0.0000,0.0000
2009,10,24,2,30,0.30000000000000004,0,0,0,2,0.0000,0.0000
2009,10,24,3,0,0.2,0,0,0,2,0.0000,0.0000
2009,10,24,3,30,0.1,0,0,0,2,0.0000,0.0000
2009,10,24,4,0,-0.1,0,0,0,2,0.0000,0.0000
2009,10,24,4,30,-0.2,0,0,0,2,0.0000,0.0000
2009,10,24,5,0,-0.30000000000000004,0,0,0,1.9000000000000001,0.0000,0.0000
2009,10,24,5,30,-0.30000000000000004,0,0,0,1.9000000000000001,0.0000,0.0000
2009,10,24,6,0,-0.4,0,0,0,1.9000000000000001,0.0000,0.0000
2009,10,24,6,30,0.1,0,0,0,1.9000000000000001,0.0000,0.0000
2009,10,24,7,0,0.7000000000000001,2,0,2,2,0.0000,0.0000
2009,10,24,7,30,1.9000000000000001,19,0,19,2.5,0.0000,0.0000
2009,10,24,8,0,3.1,107,77,122,2.9000000000000004,5.8229,4.4453
2009,10,24,8,30,3.9000000000000004,27,0,27,2.8000000000000003,1.3338,1.0270
2009,10,24,9,0,4.7,29,0,29,2.8000000000000003,1.4931,1.1571
2009,10,24,9,30,5.4,53,0,53,2.7,2.8217,2.1959
2009,10,24,10,0,6.2,178,2,178,2.6,9.7175,7.5824
2009,10,24,10,30,6.7,258,197,361,2.7,20.0677,15.6857
2009,10,24,11,0,7.2,233,33,251,2.8000000000000003,14.1265,11.0541
2009,10,24,11,30,7.6000000000000005,272,194,385,3.1,21.8339,17.0963
2009,10,24,12,0,8,256,31,275,3.3000000000000003,15.6492,12.2571
2009,10,24,12,30,8.3,184,6,187,3.5,10.6363,8.3304
2009,10,24,13,0,8.5,80,0,80,3.7,4.5303,3.5469
2009,10,24,13,30,8.5,162,5,165,3.7,9.2629,7.2467
2009,10,24,14,0,8.5,122,2,123,3.7,6.8113,5.3221
2009,10,24,14,30,8.5,113,2,114,3.7,6.1903,4.8276
2009,10,24,15,0,8.5,81,1,82,3.8000000000000003,4.3337,3.3697
2009,10,24,15,30,8.700000000000001,144,30,154,3.7,7.8534,6.0783
2009,10,24,16,0,8.9,110,19,115,3.6,5.6225,4.3208
2009,10,24,16,30,8.1,93,73,106,2.9000000000000004,5.0534,3.8515
2009,10,24,17,0,7.2,30,2,30,2.3000000000000003,0.0000,0.0000
2009,10,24,17,30,6.5,0,0,0,2.1,0.0000,0.0000
2009,10,24,18,0,5.7,0,0,0,1.9000000000000001,0.0000,0.0000
2009,10,24,18,30,5.5,0,0,0,1.9000000000000001,0.0000,0.0000
2009,10,24,19,0,5.4,0,0,0,2,0.0000,0.0000
2009,10,24,19,30,5.5,0,0,0,1.9000000000000001,0.0000,0.0000
2009,10,24,20,0,5.5,0,0,0,1.9000000000000001,0.0000,0.0000
2009,10,24,20,30,5.7,0,0,0,1.8,0.0000,0.0000
2009,10,24,21,0,6,0,0,0,1.8,0.0000,0.0000
2009,10,24,21,30,5.9,0,0,0,1.7000000000000002,0.0000,0.0000
2009,10,24,22,0,5.9,0,0,0,1.6,0.0000,0.0000
2009,10,24,22,30,5.7,0,0,0,1.7000000000000002,0.0000,0.0000
2009,10,24,23,0,5.6000000000000005,0,0,0,1.7000000000000002,0.0000,0.0000
2009,10,24,23,30,5.300000000000001,0,0,0,1.7000000000000002,0.0000,0.0000
2009,10,25,0,0,5.1000000000000005,0,0,0,1.7000000000000002,0.0000,0.0000
2009,10,25,0,30,5.1000000000000005,0,0,0,1.7000000000000002,0.0000,0.0000
2009,10,25,1,0,5,0,0,0,1.8,0.0000,0.0000
2009,10,25,1,30,5.1000000000000005,0,0,0,1.8,0.0000,0.0000
2009,10,25,2,0,5.2,0,0,0,1.9000000000000001,0.0000,0.0000
2009,10,25,2,30,5,0,0,0,1.9000000000000001,0.0000,0.0000
2009,10,25,3,0,4.9,0,0,0,2,0.0000,0.0000
2009,10,25,3,30,4.6000000000000005,0,0,0,2.1,0.0000,0.0000
2009,10,25,4,0,4.4,0,0,0,2.3000000000000003,0.0000,0.0000
2009,10,25,4,30,4.3,0,0,0,2.5,0.0000,0.0000
2009,10,25,5,0,4.1000000000000005,0,0,0,2.7,0.0000,0.0000
2009,10,25,5,30,4,0,0,0,2.9000000000000004,0.0000,0.0000
2009,10,25,6,0,3.9000000000000004,0,0,0,3.1,0.0000,0.0000
2009,10,25,6,30,4.1000000000000005,0,0,0,3.4000000000000004,0.0000,0.0000
2009,10,25,7,0,4.2,2,0,2,3.6,0.0000,0.0000
2009,10,25,7,30,4.5,34,2,34,3.7,0.0000,0.0000
2009,10,25,8,0,4.9,81,12,83,3.9000000000000004,3.9591,3.0213
2009,10,25,8,30,5.5,123,29,131,4.2,6.4565,4.9695
2009,10,25,9,0,6,179,81,207,4.5,10.6321,8.2372
2009,10,25,9,30,6.800000000000001,135,12,140,4.9,7.4384,5.7873
2009,10,25,10,0,7.5,160,16,168,5.300000000000001,9.1547,7.1419
2009,10,25,10,30,8.200000000000001,256,98,307,5.4,17.0367,13.3145
2009,10,25,11,0,8.9,244,45,269,5.6000000000000005,15.1157,11.8265
2009,10,25,11,30,9.200000000000001,262,61,298,5.7,16.8738,13.2107
2009,10,25,12,0,9.5,215,21,227,5.800000000000001,12.8984,10.1012
2009,10,25,12,30,9.5,189,12,196,5.800000000000001,11.1315,8.7172
2009,10,25,13,0,9.5,244,45,269,5.800000000000001,15.2092,11.9059
2009,10,25,13,30,9.3,239,39,260,5.7,14.5711,11.3977
2009,10,25,14,0,9.200000000000001,251,83,293,5.7,16.1957,12.6525
2009,10,25,14,30,9,72,0,73,5.5,3.9556,3.0841
2009,10,25,15,0,8.8,106,3,107,5.4,5.6417,4.3855
2009,10,25,15,30,8.4,86,3,88,5,4.4758,3.4628
2009,10,25,16,0,7.9,72,4,73,4.5,3.5605,2.7347
2009,10,25,16,30,7.2,60,6,61,3.8000000000000003,0.0000,0.0000
2009,10,25,17,0,6.5,28,1,28,3,0.0000,0.0000
2009,10,25,17,30,6.1000000000000005,0,0,0,2.6,0.0000,0.0000
2009,10,25,18,0,5.6000000000000005,0,0,0,2.3000000000000003,0.0000,0.0000
2009,10,25,18,30,5.4,0,0,0,2.3000000000000003,0.0000,0.0000
2009,10,25,19,0,5.2,0,0,0,2.4000000000000004,0.0000,0.0000
2009,10,25,19,30,5,0,0,0,2.6,0.0000,0.0000
2009,10,25,20,0,4.7,0,0,0,2.8000000000000003,0.0000,0.0000
2009,10,25,20,30,4.4,0,0,0,3,0.0000,0.0000
2009,10,25,21,0,4,0,0,0,3.1,0.0000,0.0000
2009,10,25,21,30,3.6,0,0,0,3.1,0.0000,0.0000
2009,10,25,22,0,3.2,0,0,0,3.1,0.0000,0.0000
2009,10,25,22,30,2.8000000000000003,0,0,0,3.1,0.0000,0.0000
2009,10,25,23,0,2.5,0,0,0,3.2,0.0000,0.0000
2009,10,25,23,30,2.2,0,0,0,3.1,0.0000,0.0000
2009,10,26,0,0,1.8,0,0,0,3.1,0.0000,0.0000
2009,10,26,0,30,1.4000000000000001,0,0,0,2.9000000000000004,0.0000,0.0000
2009,10,26,1,0,0.9,0,0,0,2.7,0.0000,0.0000
2009,10,26,1,30,0.6000000000000001,0,0,0,2.6,0.0000,0.0000
2009,10,26,2,0,0.30000000000000004,0,0,0,2.5,0.0000,0.0000
2009,10,26,2,30,0.1,0,0,0,2.4000000000000004,0.0000,0.0000
2009,10,26,3,0,-0.1,0,0,0,2.2,0.0000,0.0000
2009,10,26,3,30,-0.30000000000000004,0,0,0,2,0.0000,0.0000
2009,10,26,4,0,-0.5,0,0,0,1.8,0.0000,0.0000
2009,10,26,4,30,-0.5,0,0,0,1.7000000000000002,0.0000,0.0000
2009,10,26,5,0,-0.6000000000000001,0,0,0,1.6,0.0000,0.0000
2009,10,26,5,30,-0.2,0,0,0,1.8,0.0000,0.0000
2009,10,26,6,0,0.30000000000000004,0,0,0,2.1,0.0000,0.0000
2009,10,26,6,30,0.6000000000000001,0,0,0,2.4000000000000004,0.0000,0.0000
2009,10,26,7,0,1,0,0,0,2.7,0.0000,0.0000
2009,10,26,7,30,1.6,31,415,74,2.7,0.0000,0.0000
2009,10,26,8,0,2.2,45,596,158,2.6,7.5332,5.7469
2009,10,26,8,30,3.3000000000000003,152,40,162,2.6,7.9670,6.1296
2009,10,26,9,0,4.5,199,89,230,2.5,11.7872,9.1293
2009,10,26,9,30,6,238,61,263,2.5,13.9438,10.8460
2009,10,26,10,0,7.5,209,10,213,2.6,11.5851,9.0363
2009,10,26,10,30,8.6,292,60,323,2.8000000000000003,17.8946,13.9827
2009,10,26,11,0,9.700000000000001,70,932,581,3,32.5955,25.4991
2009,10,26,11,30,10.3,71,942,609,3.1,34.4310,26.9530
2009,10,26,12,0,10.9,336,223,465,3.2,26.3816,20.6579
2009,10,26,12,30,11.200000000000001,350,121,420,3.1,23.8167,18.6487
2009,10,26,13,0,11.600000000000001,294,45,320,3,18.0637,14.1386
2009,10,26,13,30,11.700000000000001,324,143,401,2.8000000000000003,22.4352,17.5465
2009,10,26,14,0,11.9,65,930,532,2.5,29.3504,22.9252
2009,10,26,14,30,11.8,62,906,472,2.2,25.5225,19.8954
2009,10,26,15,0,11.8,60,866,401,1.9000000000000001,21.0928,16.3915
2009,10,26,15,30,11.200000000000001,54,816,320,1.5,16.2327,12.5539
2009,10,26,16,0,10.700000000000001,47,746,233,1,11.3383,8.7046
2009,10,26,16,30,9.1,37,632,143,1,0.0000,0.0000
2009,10,26,17,0,7.4,23,444,59,1.1,0.0000,0.0000
2009,10,26,17,30,6.300000000000001,0,0,0,1.2000000000000002,0.0000,0.0000
2009,10,26,18,0,5.300000000000001,0,0,0,1.3,0.0000,0.0000
2009,10,26,18,30,4.7,0,0,0,1.4000000000000001,0.0000,0.0000
2009,10,26,19,0,4.1000000000000005,0,0,0,1.5,0.0000,0.0000
2009,10,26,19,30,3.7,0,0,0,1.6,0.0000,0.0000
2009,10,26,20,0,3.3000000000000003,0,0,0,1.7000000000000002,0.0000,0.0000
2009,10,26,20,30,3.1,0,0,0,1.9000000000000001,0.0000,0.0000
2009,10,26,21,0,3,0,0,0,2,0.0000,0.0000
2009,10,26,21,30,2.8000000000000003,0,0,0,2.1,0.0000,0.0000
2009,10,26,22,0,2.6,0,0,0,2.2,0.0000,0.0000
2009,10,26,22,30,2.5,0,0,0,2.4000000000000004,0.0000,0.0000
2009,10,26,23,0,2.4000000000000004,0,0,0,2.5,0.0000,0.0000
2009,10,26,23,30,2.2,0,0,0,2.6,0.0000,0.0000
2009,10,27,0,0,2.1,0,0,0,2.7,0.0000,0.0000
2009,10,27,0,30,1.9000000000000001,0,0,0,2.8000000000000003,0.0000,0.0000
2009,10,27,1,0,1.7000000000000002,0,0,0,2.8000000000000003,0.0000,0.0000
2009,10,27,1,30,1.5,0,0,0,2.9000000000000004,0.0000,0.0000
2009,10,27,2,0,1.3,0,0,0,3,0.0000,0.0000
2009,10,27,2,30,1.2000000000000002,0,0,0,3.1,0.0000,0.0000
2009,10,27,3,0,1,0,0,0,3.2,0.0000,0.0000
2009,10,27,3,30,0.9,0,0,0,3.3000000000000003,0.0000,0.0000
2009,10,27,4,0,0.7000000000000001,0,0,0,3.4000000000000004,0.0000,0.0000
2009,10,27,4,30,0.5,0,0,0,3.5,0.0000,0.0000
2009,10,27,5,0,0.4,0,0,0,3.6,0.0000,0.0000
2009,10,27,5,30,0.2,0,0,0,3.6,0.0000,0.0000
2009,10,27,6,0,-0.1,0,0,0,3.7,0.0000,0.0000
2009,10,27,6,30,0,0,0,0,3.9000000000000004,0.0000,0.0000
2009,10,27,7,0,0.1,0,0,0,4,0.0000,0.0000
2009,10,27,7,30,1.1,27,500,76,4.3,0.0000,0.0000
2009,10,27,8,0,2.1,39,670,163,4.5,7.7695,5.9252
2009,10,27,8,30,3.7,48,772,252,4.4,12.3653,9.5094
2009,10,27,9,0,5.2,201,80,228,4.2,11.6575,9.0259
2009,10,27,9,30,7.300000000000001,59,883,417,5,22.0626,17.1570
2009,10,27,10,0,9.4,62,917,485,5.7,26.3291,20.5325
2009,10,27,10,30,10.4,64,939,542,5.9,29.9747,23.4182
2009,10,27,11,0,11.5,214,476,473,6,26.4934,20.7225
2009,10,27,11,30,12,191,566,511,5.800000000000001,28.8455,22.5776
2009,10,27,12,0,12.600000000000001,187,604,535,5.6000000000000005,30.3061,23.7279
2009,10,27,12,30,13,66,965,621,5.7,35.1600,27.5270
2009,10,27,13,0,13.3,66,958,603,5.800000000000001,33.9835,26.5954
2009,10,27,13,30,13.4,194,544,484,5.800000000000001,27.0324,21.1387
2009,10,27,14,0,13.5,149,695,494,5.800000000000001,27.2043,21.2452
2009,10,27,14,30,13.3,60,899,463,5.6000000000000005,24.9846,19.4719
2009,10,27,15,0,13.100000000000001,56,864,392,5.5,20.5713,15.9818
2009,10,27,15,30,12.5,51,814,312,5,15.7861,12.2038
2009,10,27,16,0,11.9,45,741,226,4.4,10.9733,8.4201
2009,10,27,16,30,10.200000000000001,88,71,99,3.7,0.0000,0.0000
2009,10,27,17,0,8.4,22,430,55,2.9000000000000004,0.0000,0.0000
2009,10,27,17,30,7.6000000000000005,0,0,0,3,0.0000,0.0000
2009,10,27,18,0,6.800000000000001,0,0,0,3.1,0.0000,0.0000
2009,10,27,18,30,6.7,0,0,0,3.1,0.0000,0.0000
2009,10,27,19,0,6.6000000000000005,0,0,0,3.2,0.0000,0.0000
2009,10,27,19,30,6.6000000000000005,0,0,0,3.2,0.0000,0.0000
2009,10,27,20,0,6.7,0,0,0,3.2,0.0000,0.0000
2009,10,27,20,30,6.6000000000000005,0,0,0,3.2,0.0000,0.0000
2009,10,27,21,0,6.5,0,0,0,3.2,0.0000,0.0000
2009,10,27,21,30,6.4,0,0,0,3.2,0.0000,0.0000
2009,10,27,22,0,6.300000000000001,0,0,0,3.2,0.0000,0.0000
2009,10,27,22,30,6.2,0,0,0,3.2,0.0000,0.0000
2009,10,27,23,0,6,0,0,0,3.1,0.0000,0.0000
2009,10,27,23,30,6,0,0,0,3.1,0.0000,0.0000
2009,10,28,0,0,5.9,0,0,0,3,0.0000,0.0000
2009,10,28,0,30,6,0,0,0,3.2,0.0000,0.0000
2009,10,28,1,0,6.1000000000000005,0,0,0,3.3000000000000003,0.0000,0.0000
2009,10,28,1,30,6.1000000000000005,0,0,0,3.3000000000000003,0.0000,0.0000
2009,10,28,2,0,6.1000000000000005,0,0,0,3.3000000000000003,0.0000,0.0000
2009,10,28,2,30,6.1000000000000005,0,0,0,3.2,0.0000,0.0000
2009,10,28,3,0,6.1000000000000005,0,0,0,3.1,0.0000,0.0000
2009,10,28,3,30,6.2,0,0,0,3.2,0.0000,0.0000
2009,10,28,4,0,6.300000000000001,0,0,0,3.3000000000000003,0.0000,0.0000
2009,10,28,4,30,6.4,0,0,0,3.5,0.0000,0.0000
2009,10,28,5,0,6.5,0,0,0,3.6,0.0000,0.0000
2009,10,28,5,30,6.7,0,0,0,3.8000000000000003,0.0000,0.0000
2009,10,28,6,0,6.9,0,0,0,3.9000000000000004,0.0000,0.0000
2009,10,28,6,30,7.1000000000000005,0,0,0,4.1000000000000005,0.0000,0.0000
2009,10,28,7,0,7.300000000000001,0,0,0,4.2,0.0000,0.0000
2009,10,28,7,30,7.6000000000000005,16,0,16,4.3,0.0000,0.0000
2009,10,28,8,0,7.9,11,0,11,4.4,0.5243,0.3997
2009,10,28,8,30,8.3,50,1,50,4.7,2.4482,1.8820
2009,10,28,9,0,8.6,99,6,101,5,5.1520,3.9876
2009,10,28,9,30,9,189,40,205,5.1000000000000005,10.8224,8.4139
2009,10,28,10,0,9.4,197,34,213,5.300000000000001,11.5408,8.9982
2009,10,28,10,30,10,144,4,146,5.4,8.0604,6.2963
2009,10,28,11,0,10.700000000000001,219,22,231,5.5,12.9173,10.1021
2009,10,28,11,30,11.4,248,41,271,5.6000000000000005,15.2736,11.9531
2009,10,28,12,0,12.100000000000001,245,37,266,5.7,15.0452,11.7779
2009,10,28,12,30,12.5,144,3,146,5.300000000000001,8.2532,6.4607
2009,10,28,13,0,12.8,122,1,123,5,6.9209,5.4155
2009,10,28,13,30,13.100000000000001,187,10,192,4.9,10.7049,8.3696
2009,10,28,14,0,13.3,112,2,112,4.7,6.1560,4.8067
2009,10,28,14,30,13.5,90,1,91,4.9,4.9001,3.8180
2009,10,28,15,0,13.600000000000001,105,4,107,5,5.6019,4.3508
2009,10,28,15,30,13.4,86,4,88,4.9,4.4410,3.4319
2009,10,28,16,0,13.200000000000001,75,4,76,4.800000000000001,3.6822,2.8240
2009,10,28,16,30,12.9,51,3,51,4.800000000000001,0.0000,0.0000
2009,10,28,17,0,12.600000000000001,15,0,15,4.800000000000001,0.0000,0.0000
2009,10,28,17,30,12.4,0,0,0,4.7,0.0000,0.0000
2009,10,28,18,0,12.200000000000001,0,0,0,4.6000000000000005,0.0000,0.0000
2009,10,28,18,30,12.100000000000001,0,0,0,4.6000000000000005,0.0000,0.0000
2009,10,28,19,0,12,0,0,0,4.5,0.0000,0.0000
2009,10,28,19,30,11.9,0,0,0,4.5,0.0000,0.0000
2009,10,28,20,0,11.9,0,0,0,4.5,0.0000,0.0000
2009,10,28,20,30,11.8,0,0,0,4.5,0.0000,0.0000
2009,10,28,21,0,11.600000000000001,0,0,0,4.4,0.0000,0.0000
2009,10,28,21,30,11.4,0,0,0,4.4,0.0000,0.0000
2009,10,28,22,0,11.3,0,0,0,4.4,0.0000,0.0000
2009,10,28,22,30,11.100000000000001,0,0,0,4.1000000000000005,0.0000,0.0000
2009,10,28,23,0,10.9,0,0,0,3.8000000000000003,0.0000,0.0000
2009,10,28,23,30,10.9,0,0,0,3.6,0.0000,0.0000
2009,10,29,0,0,10.9,0,0,0,3.3000000000000003,0.0000,0.0000
2009,10,29,0,30,10.8,0,0,0,3.2,0.0000,0.0000
2009,10,29,1,0,10.8,0,0,0,3.1,0.0000,0.0000
2009,10,29,1,30,10.700000000000001,0,0,0,2.9000000000000004,0.0000,0.0000
2009,10,29,2,0,10.600000000000001,0,0,0,2.7,0.0000,0.0000
2009,10,29,2,30,10.4,0,0,0,3.3000000000000003,0.0000,0.0000
2009,10,29,3,0,10.3,0,0,0,3.9000000000000004,0.0000,0.0000
2009,10,29,3,30,10.200000000000001,0,0,0,4,0.0000,0.0000
2009,10,29,4,0,10.100000000000001,0,0,0,4.1000000000000005,0.0000,0.0000
2009,10,29,4,30,10,0,0,0,4.1000000000000005,0.0000,0.0000
2009,10,29,5,0,10,0,0,0,4,0.0000,0.0000
2009,10,29,5,30,9.9,0,0,0,4.3,0.0000,0.0000
2009,10,29,6,0,9.9,0,0,0,4.6000000000000005,0.0000,0.0000
2009,10,29,6,30,9.9,0,0,0,4.800000000000001,0.0000,0.0000
2009,10,29,7,0,9.9,0,0,0,4.9,0.0000,0.0000
2009,10,29,7,30,10.100000000000001,9,0,9,4.800000000000001,0.0000,0.0000
2009,10,29,8,0,10.3,12,0,12,4.7,0.5721,0.4360
2009,10,29,8,30,10.600000000000001,8,0,8,4.3,0.3909,0.3003
2009,10,29,9,0,10.8,11,0,11,3.9000000000000004,0.5598,0.4331
2009,10,29,9,30,11,65,1,66,3.1,3.4769,2.7024
2009,10,29,10,0,11.200000000000001,38,0,38,2.2,2.0549,1.6019
2009,10,29,10,30,11.9,13,0,13,1.9000000000000001,0.7164,0.5595
2009,10,29,11,0,12.600000000000001,34,0,34,1.5,1.8982,1.4843
2009,10,29,11,30,13.600000000000001,52,0,52,1.9000000000000001,2.9262,2.2897
2009,10,29,12,0,14.700000000000001,69,0,69,2.3000000000000003,3.8967,3.0501
2009,10,29,12,30,14.9,32,0,32,2.3000000000000003,1.8061,1.4136
2009,10,29,13,0,15.100000000000001,211,24,224,2.3000000000000003,12.5833,9.8449
2009,10,29,13,30,15,82,0,82,2.5,4.5640,3.5678
2009,10,29,14,0,14.9,125,5,128,2.8000000000000003,7.0223,5.4820
2009,10,29,14,30,14.8,164,24,174,2.2,9.3496,7.2834
2009,10,29,15,0,14.8,39,0,39,1.7000000000000002,2.0369,1.5816
2009,10,29,15,30,14.600000000000001,107,2,108,1.3,5.4367,4.1997
2009,10,29,16,0,14.5,25,0,25,1,1.2088,0.9267
2009,10,29,16,30,13.200000000000001,4,0,4,0.9,0.0000,0.0000
2009,10,29,17,0,11.9,10,0,10,0.8,0.0000,0.0000
2009,10,29,17,30,11.200000000000001,0,0,0,0.9,0.0000,0.0000
2009,10,29,18,0,10.600000000000001,0,0,0,1,0.0000,0.0000
2009,10,29,18,30,10.600000000000001,0,0,0,1.1,0.0000,0.0000
2009,10,29,19,0,10.700000000000001,0,0,0,1.2000000000000002,0.0000,0.0000
2009,10,29,19,30,10.700000000000001,0,0,0,1.4000000000000001,0.0000,0.0000
2009,10,29,20,0,10.700000000000001,0,0,0,1.6,0.0000,0.0000
2009,10,29,20,30,10.600000000000001,0,0,0,1.8,0.0000,0.0000
2009,10,29,21,0,10.5,0,0,0,2,0.0000,0.0000
2009,10,29,21,30,10.3,0,0,0,2.2,0.0000,0.0000
2009,10,29,22,0,10.200000000000001,0,0,0,2.5,0.0000,0.0000
2009,10,29,22,30,10.100000000000001,0,0,0,2.5,0.0000,0.0000
2009,10,29,23,0,10,0,0,0,2.6,0.0000,0.0000
2009,10,29,23,30,10.100000000000001,0,0,0,2.7,0.0000,0.0000
2009,10,30,0,0,10.200000000000001,0,0,0,2.8000000000000003,0.0000,0.0000
2009,10,30,0,30,10.4,0,0,0,3.2,0.0000,0.0000
2009,10,30,1,0,10.5,0,0,0,3.7,0.0000,0.0000
2009,10,30,1,30,10.4,0,0,0,4.1000000000000005,0.0000,0.0000
2009,10,30,2,0,10.200000000000001,0,0,0,4.5,0.0000,0.0000
2009,10,30,2,30,9.600000000000001,0,0,0,4.7,0.0000,0.0000
2009,10,30,3,0,8.9,0,0,0,5,0.0000,0.0000
2009,10,30,3,30,8,0,0,0,5.1000000000000005,0.0000,0.0000
2009,10,30,4,0,7.1000000000000005,0,0,0,5.2,0.0000,0.0000
2009,10,30,4,30,6.4,0,0,0,5.1000000000000005,0.0000,0.0000
2009,10,30,5,0,5.7,0,0,0,5.1000000000000005,0.0000,0.0000
2009,10,30,5,30,5.300000000000001,0,0,0,4.9,0.0000,0.0000
2009,10,30,6,0,4.800000000000001,0,0,0,4.800000000000001,0.0000,0.0000
2009,10,30,6,30,4.4,0,0,0,4.800000000000001,0.0000,0.0000
2009,10,30,7,0,4,0,0,0,4.800000000000001,0.0000,0.0000
2009,10,30,7,30,3.8000000000000003,23,0,23,5,0.0000,0.0000
2009,10,30,8,0,3.7,29,0,29,5.2,0.0000,0.0000
2009,10,30,8,30,3.9000000000000004,10,0,10,5.4,0.4876,0.3745
2009,10,30,9,0,4.1000000000000005,18,0,18,5.7,0.9138,0.7068
2009,10,30,9,30,4.5,133,1,133,6,6.9914,5.4327
2009,10,30,10,0,4.800000000000001,74,0,74,6.2,3.9940,3.1128
2009,10,30,10,30,5,152,0,152,6.300000000000001,8.3621,6.5298
2009,10,30,11,0,5.1000000000000005,220,3,221,6.300000000000001,12.3178,9.6304
2009,10,30,11,30,5.1000000000000005,149,0,149,6.4,8.3714,6.5497
2009,10,30,12,0,5.1000000000000005,140,0,140,6.5,7.8942,6.1783
2009,10,30,12,30,5.1000000000000005,81,0,81,6.7,4.5647,3.5723
2009,10,30,13,0,5.1000000000000005,120,0,120,6.9,6.7303,5.2649
2009,10,30,13,30,5.5,65,0,65,7.1000000000000005,3.6117,2.8229
2009,10,30,14,0,6,80,1,80,7.2,4.3808,3.4193
2009,10,30,14,30,6.300000000000001,49,0,49,7.300000000000001,2.6275,2.0464
2009,10,30,15,0,6.6000000000000005,162,6,164,7.4,8.5456,6.6333
2009,10,30,15,30,6.2,136,291,225,7.1000000000000005,11.2980,8.7239
2009,10,30,16,0,5.800000000000001,56,0,56,6.800000000000001,2.7028,2.0709
2009,10,30,16,30,5.1000000000000005,38,0,38,6.1000000000000005,0.0000,0.0000
2009,10,30,17,0,4.4,23,1,23,5.4,0.0000,0.0000
2009,10,30,17,30,3.9000000000000004,0,0,0,4.800000000000001,0.0000,0.0000
2009,10,30,18,0,3.4000000000000004,0,0,0,4.2,0.0000,0.0000
2009,10,30,18,30,3.1,0,0,0,3.9000000000000004,0.0000,0.0000
2009,10,30,19,0,2.8000000000000003,0,0,0,3.7,0.0000,0.0000
2009,10,30,19,30,2.3000000000000003,0,0,0,3.5,0.0000,0.0000
2009,10,30,20,0,1.8,0,0,0,3.3000000000000003,0.0000,0.0000
2009,10,30,20,30,1.7000000000000002,0,0,0,3.3000000000000003,0.0000,0.0000
2009,10,30,21,0,1.5,0,0,0,3.3000000000000003,0.0000,0.0000
2009,10,30,21,30,1.5,0,0,0,3.4000000000000004,0.0000,0.0000
2009,10,30,22,0,1.4000000000000001,0,0,0,3.4000000000000004,0.0000,0.0000
2009,10,30,22,30,1.3,0,0,0,3.4000000000000004,0.0000,0.0000
2009,10,30,23,0,1.2000000000000002,0,0,0,3.5,0.0000,0.0000
2009,10,30,23,30,1.1,0,0,0,3.5,0.0000,0.0000
2009,10,31,0,0,0.9,0,0,0,3.6,0.0000,0.0000
2009,10,31,0,30,0.7000000000000001,0,0,0,3.6,0.0000,0.0000
2009,10,31,1,0,0.6000000000000001,0,0,0,3.6,0.0000,0.0000
2009,10,31,1,30,0.5,0,0,0,3.7,0.0000,0.0000
2009,10,31,2,0,0.4,0,0,0,3.7,0.0000,0.0000
2009,10,31,2,30,0.4,0,0,0,3.6,0.0000,0.0000
2009,10,31,3,0,0.30000000000000004,0,0,0,3.5,0.0000,0.0000
2009,10,31,3,30,0,0,0,0,3.2,0.0000,0.0000
2009,10,31,4,0,-0.30000000000000004,0,0,0,2.8000000000000003,0.0000,0.0000
2009,10,31,4,30,-0.6000000000000001,0,0,0,2.6,0.0000,0.0000
2009,10,31,5,0,-0.9,0,0,0,2.4000000000000004,0.0000,0.0000
2009,10,31,5,30,-1,0,0,0,2.4000000000000004,0.0000,0.0000
2009,10,31,6,0,-1.2000000000000002,0,0,0,2.3000000000000003,0.0000,0.0000
2009,10,31,6,30,-0.9,0,0,0,2.5,0.0000,0.0000
2009,10,31,7,0,-0.7000000000000001,0,0,0,2.6,0.0000,0.0000
2009,10,31,7,30,0.30000000000000004,25,404,59,3,0.0000,0.0000
2009,10,31,8,0,1.3,39,587,138,3.4000000000000004,0.0000,0.0000
2009,10,31,8,30,2.6,137,110,164,3.4000000000000004,7.9800,6.1262
2009,10,31,9,0,3.9000000000000004,153,270,240,3.5,12.1566,9.3995
2009,10,31,9,30,5.5,191,232,281,3.8000000000000003,14.7391,11.4501
2009,10,31,10,0,7,208,49,230,4.2,12.3899,9.6544
2009,10,31,10,30,7.9,192,19,202,4.2,11.0928,8.6606
2009,10,31,11,0,8.8,202,436,431,4.3,23.9824,18.7473
2009,10,31,11,30,9.5,74,901,567,4.2,31.8053,24.8805
2009,10,31,12,0,10.200000000000001,67,919,579,4.2,32.5962,25.5073
2009,10,31,12,30,10.700000000000001,67,919,577,4.1000000000000005,32.4645,25.4030
2009,10,31,13,0,11.3,65,911,559,4,31.3007,24.4820
2009,10,31,13,30,11.700000000000001,63,900,528,3.8000000000000003,29.2879,22.8881
2009,10,31,14,0,12.100000000000001,61,883,483,3.5,26.3999,20.6019
2009,10,31,14,30,12.200000000000001,58,857,426,3.2,22.7956,17.7498
2009,10,31,15,0,12.3,56,810,356,2.8000000000000003,18.5067,14.3609
2009,10,31,15,30,11.9,51,756,280,1.9000000000000001,14.0258,10.8259
2009,10,31,16,0,11.4,43,682,197,1.1,9.4904,7.2682
2009,10,31,16,30,10.700000000000001,33,558,114,0.9,0.0000,0.0000
2009,10,31,17,0,9.9,19,353,39,0.7000000000000001,0.0000,0.0000
2009,10,31,17,30,9,0,0,0,0.9,0.0000,0.0000
2009,10,31,18,0,8.1,0,0,0,1.1,0.0000,0.0000
2009,10,31,18,30,7.1000000000000005,0,0,0,1.3,0.0000,0.0000
2009,10,31,19,0,6.1000000000000005,0,0,0,1.4000000000000001,0.0000,0.0000
2009,10,31,19,30,6,0,0,0,1.6,0.0000,0.0000
2009,10,31,20,0,5.800000000000001,0,0,0,1.8,0.0000,0.0000
2009,10,31,20,30,6,0,0,0,2,0.0000,0.0000
2009,10,31,21,0,6.1000000000000005,0,0,0,2.1,0.0000,0.0000
2009,10,31,21,30,6,0,0,0,2.1,0.0000,0.0000
2009,10,31,22,0,6,0,0,0,2.1,0.0000,0.0000
2009,10,31,22,30,5.800000000000001,0,0,0,2.1,0.0000,0.0000
2009,10,31,23,0,5.6000000000000005,0,0,0,2,0.0000,0.0000
2009,10,31,23,30,5.6000000000000005,0,0,0,2,0.0000,0.0000
2009,11,1,0,0,5.5,0,0,0,1.9000000000000001,0.0000,0.0000
2009,11,1,0,30,5.6000000000000005,0,0,0,1.9000000000000001,0.0000,0.0000
2009,11,1,1,0,5.7,0,0,0,1.9000000000000001,0.0000,0.0000
2009,11,1,1,30,5.7,0,0,0,1.8,0.0000,0.0000
2009,11,1,2,0,5.7,0,0,0,1.7000000000000002,0.0000,0.0000
2009,11,1,2,30,5.6000000000000005,0,0,0,1.6,0.0000,0.0000
2009,11,1,3,0,5.6000000000000005,0,0,0,1.5,0.0000,0.0000
2009,11,1,3,30,5.4,0,0,0,1.5,0.0000,0.0000
2009,11,1,4,0,5.300000000000001,0,0,0,1.4000000000000001,0.0000,0.0000
2009,11,1,4,30,4.9,0,0,0,1.4000000000000001,0.0000,0.0000
2009,11,1,5,0,4.5,0,0,0,1.3,0.0000,0.0000
2009,11,1,5,30,4.2,0,0,0,1.3,0.0000,0.0000
2009,11,1,6,0,3.8000000000000003,0,0,0,1.2000000000000002,0.0000,0.0000
2009,11,1,6,30,4.1000000000000005,0,0,0,1.3,0.0000,0.0000
2009,11,1,7,0,4.4,0,0,0,1.3,0.0000,0.0000
2009,11,1,7,30,5.4,24,384,54,1.8,0.0000,0.0000
2009,11,1,8,0,6.5,38,574,133,2.3000000000000003,0.0000,0.0000
2009,11,1,8,30,7.4,48,689,217,2.2,10.5372,8.0856
2009,11,1,9,0,8.4,53,773,300,2,15.1594,11.7170
2009,11,1,9,30,9.9,58,823,374,1.9000000000000001,19.5740,15.2020
2009,11,1,10,0,11.4,203,394,376,1.8,20.2138,15.7474
2009,11,1,10,30,13.100000000000001,283,100,332,1.8,18.1984,14.2056
2009,11,1,11,0,14.700000000000001,299,175,390,1.8,21.6643,16.9326
2009,11,1,11,30,15.9,68,907,561,1.9000000000000001,31.4192,24.5751
2009,11,1,12,0,17.1,68,915,574,1.9000000000000001,32.2639,25.2439
2009,11,1,12,30,17.8,265,376,473,2.1,26.5710,20.7886
2009,11,1,13,0,18.6,69,898,551,2.2,30.8034,24.0896
2009,11,1,13,30,18.8,175,518,440,2.5,24.3641,19.0371
2009,11,1,14,0,18.900000000000002,67,859,473,2.7,25.8044,20.1334
2009,11,1,14,30,18.400000000000002,177,401,348,2.6,18.5837,14.4669
2009,11,1,15,0,17.900000000000002,176,203,250,2.5,12.9665,10.0588
2009,11,1,15,30,16.8,152,158,199,2.5,9.9442,7.6725
2009,11,1,16,0,15.700000000000001,86,402,176,2.4000000000000004,8.4651,6.4801
2009,11,1,16,30,14.8,70,197,98,2.7,0.0000,0.0000
2009,11,1,17,0,13.8,14,0,14,3,0.0000,0.0000
2009,11,1,17,30,13.4,0,0,0,3.3000000000000003,0.0000,0.0000
2009,11,1,18,0,13,0,0,0,3.6,0.0000,0.0000
2009,11,1,18,30,12.700000000000001,0,0,0,3.4000000000000004,0.0000,0.0000
2009,11,1,19,0,12.4,0,0,0,3.3000000000000003,0.0000,0.0000
2009,11,1,19,30,11.9,0,0,0,3,0.0000,0.0000
2009,11,1,20,0,11.5,0,0,0,2.7,0.0000,0.0000
2009,11,1,20,30,10.8,0,0,0,2.7,0.0000,0.0000
2009,11,1,21,0,10.100000000000001,0,0,0,2.6,0.0000,0.0000
2009,11,1,21,30,9.700000000000001,0,0,0,3,0.0000,0.0000
2009,11,1,22,0,9.200000000000001,0,0,0,3.3000000000000003,0.0000,0.0000
2009,11,1,22,30,8.8,0,0,0,3.5,0.0000,0.0000
2009,11,1,23,0,8.3,0,0,0,3.7,0.0000,0.0000
2009,11,1,23,30,7.7,0,0,0,3.7,0.0000,0.0000
2009,11,2,0,0,7.2,0,0,0,3.7,0.0000,0.0000
2009,11,2,0,30,6.7,0,0,0,3.7,0.0000,0.0000
2009,11,2,1,0,6.300000000000001,0,0,0,3.6,0.0000,0.0000
2009,11,2,1,30,5.800000000000001,0,0,0,3.6,0.0000,0.0000
2009,11,2,2,0,5.4,0,0,0,3.5,0.0000,0.0000
2009,11,2,2,30,5,0,0,0,3.5,0.0000,0.0000
2009,11,2,3,0,4.6000000000000005,0,0,0,3.5,0.0000,0.0000
2009,11,2,3,30,4.3,0,0,0,3.5,0.0000,0.0000
2009,11,2,4,0,3.9000000000000004,0,0,0,3.5,0.0000,0.0000
2009,11,2,4,30,3.7,0,0,0,3.5,0.0000,0.0000
2009,11,2,5,0,3.4000000000000004,0,0,0,3.5,0.0000,0.0000
2009,11,2,5,30,3.3000000000000003,0,0,0,3.5,0.0000,0.0000
2009,11,2,6,0,3.2,0,0,0,3.5,0.0000,0.0000
2009,11,2,6,30,3.1,0,0,0,3.5,0.0000,0.0000
2009,11,2,7,0,3,0,0,0,3.5,0.0000,0.0000
2009,11,2,7,30,3.4000000000000004,21,0,21,3.7,0.0000,0.0000
2009,11,2,8,0,3.7,50,1,50,3.9000000000000004,0.0000,0.0000
2009,11,2,8,30,4.5,52,670,213,4,10.3231,7.9178
2009,11,2,9,0,5.2,61,742,294,4,14.8219,11.4521
2009,11,2,9,30,6,160,38,175,3.9000000000000004,9.1394,7.0961
2009,11,2,10,0,6.800000000000001,234,33,248,3.8000000000000003,13.3061,10.3638
2009,11,2,10,30,7.6000000000000005,259,40,278,3.8000000000000003,15.2111,11.8717
2009,11,2,11,0,8.5,305,141,378,3.8000000000000003,20.9628,16.3818
2009,11,2,11,30,9.4,281,41,303,3.9000000000000004,16.9426,13.2501
2009,11,2,12,0,10.200000000000001,327,139,403,4,22.6172,17.6937
2009,11,2,12,30,10.700000000000001,277,39,299,4,16.7704,13.1190
2009,11,2,13,0,11.100000000000001,309,73,348,4,19.4232,15.1875
2009,11,2,13,30,11.100000000000001,218,364,403,3.8000000000000003,22.2772,17.4037
2009,11,2,14,0,11.100000000000001,264,211,363,3.7,19.7666,15.4196
2009,11,2,14,30,10.8,63,863,426,3.5,22.7020,17.6688
2009,11,2,15,0,10.600000000000001,204,168,265,3.3000000000000003,13.7138,10.6355
2009,11,2,15,30,10,165,34,175,2.8000000000000003,8.7245,6.7288
2009,11,2,16,0,9.4,106,6,107,2.3000000000000003,5.1386,3.9319
2009,11,2,16,30,7.6000000000000005,56,1,56,1.9000000000000001,0.0000,0.0000
2009,11,2,17,0,5.800000000000001,17,0,17,1.5,0.0000,0.0000
2009,11,2,17,30,4.9,0,0,0,1.5,0.0000,0.0000
2009,11,2,18,0,4,0,0,0,1.5,0.0000,0.0000
2009,11,2,18,30,3.6,0,0,0,1.4000000000000001,0.0000,0.0000
2009,11,2,19,0,3.2,0,0,0,1.4000000000000001,0.0000,0.0000
2009,11,2,19,30,2.9000000000000004,0,0,0,1.4000000000000001,0.0000,0.0000
2009,11,2,20,0,2.5,0,0,0,1.3,0.0000,0.0000
2009,11,2,20,30,2.4000000000000004,0,0,0,1.3,0.0000,0.0000
2009,11,2,21,0,2.2,0,0,0,1.3,0.0000,0.0000
2009,11,2,21,30,2.3000000000000003,0,0,0,1.3,0.0000,0.0000
2009,11,2,22,0,2.3000000000000003,0,0,0,1.3,0.0000,0.0000
2009,11,2,22,30,2.6,0,0,0,1.2000000000000002,0.0000,0.0000
2009,11,2,23,0,2.8000000000000003,0,0,0,1.1,0.0000,0.0000
2009,11,2,23,30,3.1,0,0,0,0.9,0.0000,0.0000
2009,11,3,0,0,3.4000000000000004,0,0,0,0.8,0.0000,0.0000
2009,11,3,0,30,3.4000000000000004,0,0,0,0.6000000000000001,0.0000,0.0000
2009,11,3,1,0,3.5,0,0,0,0.5,0.0000,0.0000
2009,11,3,1,30,3.2,0,0,0,0.5,0.0000,0.0000
2009,11,3,2,0,2.9000000000000004,0,0,0,0.6000000000000001,0.0000,0.0000
2009,11,3,2,30,2.4000000000000004,0,0,0,0.8,0.0000,0.0000
2009,11,3,3,0,1.9000000000000001,0,0,0,1,0.0000,0.0000
2009,11,3,3,30,1.2000000000000002,0,0,0,1.1,0.0000,0.0000
2009,11,3,4,0,0.5,0,0,0,1.3,0.0000,0.0000
2009,11,3,4,30,0.4,0,0,0,1.4000000000000001,0.0000,0.0000
2009,11,3,5,0,0.4,0,0,0,1.5,0.0000,0.0000
2009,11,3,5,30,0.6000000000000001,0,0,0,1.8,0.0000,0.0000
2009,11,3,6,0,0.8,0,0,0,2.1,0.0000,0.0000
2009,11,3,6,30,1.1,0,0,0,2.7,0.0000,0.0000
2009,11,3,7,0,1.4000000000000001,0,0,0,3.2,0.0000,0.0000
2009,11,3,7,30,2,23,1,23,3.8000000000000003,0.0000,0.0000
2009,11,3,8,0,2.7,25,0,25,4.3,0.0000,0.0000
2009,11,3,8,30,3.3000000000000003,116,31,123,4.3,5.9501,4.5617
2009,11,3,9,0,3.8000000000000003,51,0,51,4.2,2.5649,1.9810
2009,11,3,9,30,4.6000000000000005,104,4,106,4.3,5.5234,4.2874
2009,11,3,10,0,5.300000000000001,54,0,54,4.4,2.8917,2.2518
2009,11,3,10,30,6.300000000000001,27,0,27,4.9,1.4747,1.1507
2009,11,3,11,0,7.300000000000001,59,0,60,5.5,3.3218,2.5955
2009,11,3,11,30,8.1,52,0,52,6,2.9029,2.2699
2009,11,3,12,0,8.9,199,12,206,6.5,11.5431,9.0290
2009,11,3,12,30,9.4,116,1,116,6.6000000000000005,6.4960,5.0809
2009,11,3,13,0,9.9,57,0,57,6.6000000000000005,3.1761,2.4831
2009,11,3,13,30,10.600000000000001,56,0,56,6.5,3.0902,2.4138
2009,11,3,14,0,11.200000000000001,143,0,143,6.4,7.7722,6.0618
2009,11,3,14,30,11.600000000000001,79,790,408,5.9,21.6989,16.8842
2009,11,3,15,0,12,72,748,340,5.4,17.5540,13.6095
2009,11,3,15,30,11.600000000000001,65,687,264,4.6000000000000005,13.1309,10.1233
2009,11,3,16,0,11.200000000000001,51,622,184,3.7,8.8240,6.7489
2009,11,3,16,30,9.700000000000001,37,483,102,3.1,0.0000,0.0000
2009,11,3,17,0,8.1,18,262,31,2.4000000000000004,0.0000,0.0000
2009,11,3,17,30,7.4,0,0,0,2.3000000000000003,0.0000,0.0000
2009,11,3,18,0,6.7,0,0,0,2.2,0.0000,0.0000
2009,11,3,18,30,6.300000000000001,0,0,0,2.2,0.0000,0.0000
2009,11,3,19,0,5.800000000000001,0,0,0,2.1,0.0000,0.0000
2009,11,3,19,30,5.300000000000001,0,0,0,2.1,0.0000,0.0000
2009,11,3,20,0,4.800000000000001,0,0,0,2.2,0.0000,0.0000
2009,11,3,20,30,4.4,0,0,0,2.3000000000000003,0.0000,0.0000
2009,11,3,21,0,4.1000000000000005,0,0,0,2.4000000000000004,0.0000,0.0000
2009,11,3,21,30,4,0,0,0,2.7,0.0000,0.0000
2009,11,3,22,0,3.8000000000000003,0,0,0,3,0.0000,0.0000
2009,11,3,22,30,3.8000000000000003,0,0,0,3.4000000000000004,0.0000,0.0000
2009,11,3,23,0,3.8000000000000003,0,0,0,3.7,0.0000,0.0000
2009,11,3,23,30,3.7,0,0,0,3.9000000000000004,0.0000,0.0000
2009,11,4,0,0,3.6,0,0,0,4,0.0000,0.0000
2009,11,4,0,30,3.3000000000000003,0,0,0,4.1000000000000005,0.0000,0.0000
2009,11,4,1,0,3.1,0,0,0,4.2,0.0000,0.0000
2009,11,4,1,30,2.8000000000000003,0,0,0,4.3,0.0000,0.0000
2009,11,4,2,0,2.5,0,0,0,4.4,0.0000,0.0000
2009,11,4,2,30,2.3000000000000003,0,0,0,4.4,0.0000,0.0000
2009,11,4,3,0,2.1,0,0,0,4.4,0.0000,0.0000
2009,11,4,3,30,1.8,0,0,0,4.3,0.0000,0.0000
2009,11,4,4,0,1.6,0,0,0,4.2,0.0000,0.0000
2009,11,4,4,30,1.5,0,0,0,4.2,0.0000,0.0000
2009,11,4,5,0,1.3,0,0,0,4.3,0.0000,0.0000
2009,11,4,5,30,1.2000000000000002,0,0,0,4.2,0.0000,0.0000
2009,11,4,6,0,1.1,0,0,0,4.2,0.0000,0.0000
2009,11,4,6,30,1,0,0,0,4.2,0.0000,0.0000
2009,11,4,7,0,1,0,0,0,4.2,0.0000,0.0000
2009,11,4,7,30,1.7000000000000002,22,370,48,4.4,0.0000,0.0000
2009,11,4,8,0,2.4000000000000004,37,576,125,4.6000000000000005,0.0000,0.0000
2009,11,4,8,30,3.5,48,698,210,4.9,10.1405,7.7709
2009,11,4,9,0,4.7,55,783,294,5.1000000000000005,14.7518,11.3894
2009,11,4,9,30,5.800000000000001,60,836,370,5.2,19.2377,14.9285
2009,11,4,10,0,7,63,884,440,5.300000000000001,23.5139,18.3064
2009,11,4,10,30,7.9,66,910,495,5.300000000000001,26.9856,21.0535
2009,11,4,11,0,8.700000000000001,66,931,537,5.300000000000001,29.6794,23.1861
2009,11,4,11,30,9.3,67,948,569,5.2,31.7142,24.7951
2009,11,4,12,0,9.9,66,956,582,5.2,32.5601,25.4650
2009,11,4,12,30,10.200000000000001,66,956,580,5,32.4280,25.3603
2009,11,4,13,0,10.5,65,950,563,4.9,31.3206,24.4832
2009,11,4,13,30,10.600000000000001,64,938,531,4.6000000000000005,29.2523,22.8453
2009,11,4,14,0,10.700000000000001,62,920,485,4.3,26.3117,20.5176
2009,11,4,14,30,10.5,58,892,426,3.9000000000000004,22.6099,17.5890
2009,11,4,15,0,10.4,56,848,356,3.6,18.3400,14.2147
2009,11,4,15,30,9.5,51,790,277,2.6,13.7456,10.5928
2009,11,4,16,0,8.700000000000001,43,707,192,1.7000000000000002,9.1962,7.0307
2009,11,4,16,30,7,32,571,106,1.4000000000000001,0.0000,0.0000
2009,11,4,17,0,5.300000000000001,17,331,31,1.2000000000000002,0.0000,0.0000
2009,11,4,17,30,5.300000000000001,0,0,0,1.2000000000000002,0.0000,0.0000
2009,11,4,18,0,5.2,0,0,0,1.1,0.0000,0.0000
2009,11,4,18,30,5.6000000000000005,0,0,0,0.9,0.0000,0.0000
2009,11,4,19,0,6,0,0,0,0.7000000000000001,0.0000,0.0000
2009,11,4,19,30,6.1000000000000005,0,0,0,0.5,0.0000,0.0000
2009,11,4,20,0,6.2,0,0,0,0.30000000000000004,0.0000,0.0000
2009,11,4,20,30,5.6000000000000005,0,0,0,0.6000000000000001,0.0000,0.0000
2009,11,4,21,0,5,0,0,0,0.8,0.0000,0.0000
2009,11,4,21,30,4.2,0,0,0,1,0.0000,0.0000
2009,11,4,22,0,3.3000000000000003,0,0,0,1.2000000000000002,0.0000,0.0000
2009,11,4,22,30,2.4000000000000004,0,0,0,1.3,0.0000,0.0000
2009,11,4,23,0,1.6,0,0,0,1.4000000000000001,0.0000,0.0000
2009,11,4,23,30,1,0,0,0,1.5,0.0000,0.0000
2009,11,5,0,0,0.5,0,0,0,1.6,0.0000,0.0000
2009,11,5,0,30,0.30000000000000004,0,0,0,1.7000000000000002,0.0000,0.0000
2009,11,5,1,0,0.2,0,0,0,1.8,0.0000,0.0000
2009,11,5,1,30,0.1,0,0,0,1.9000000000000001,0.0000,0.0000
2009,11,5,2,0,0,0,0,0,2,0.0000,0.0000
2009,11,5,2,30,0,0,0,0,2,0.0000,0.0000
2009,11,5,3,0,0,0,0,0,2.1,0.0000,0.0000
2009,11,5,3,30,0,0,0,0,2.2,0.0000,0.0000
2009,11,5,4,0,0,0,0,0,2.3000000000000003,0.0000,0.0000
2009,11,5,4,30,0.1,0,0,0,2.5,0.0000,0.0000
2009,11,5,5,0,0.2,0,0,0,2.8000000000000003,0.0000,0.0000
2009,11,5,5,30,0.30000000000000004,0,0,0,3,0.0000,0.0000
2009,11,5,6,0,0.4,0,0,0,3.2,0.0000,0.0000
2009,11,5,6,30,0.5,0,0,0,3.5,0.0000,0.0000
2009,11,5,7,0,0.7000000000000001,0,0,0,3.7,0.0000,0.0000
2009,11,5,7,30,1.6,20,389,45,4.1000000000000005,0.0000,0.0000
2009,11,5,8,0,2.6,34,592,122,4.5,0.0000,0.0000
2009,11,5,8,30,4,43,711,205,4.5,9.8827,7.5701
2009,11,5,9,0,5.300000000000001,50,784,287,4.5,14.3670,11.0882
2009,11,5,9,30,7.1000000000000005,55,832,360,4.7,18.6749,14.4875
2009,11,5,10,0,8.8,59,867,426,4.9,22.7205,17.6849
2009,11,5,10,30,10.600000000000001,62,893,480,5.5,26.1207,20.3751
2009,11,5,11,0,12.3,202,626,517,6.2,28.5261,22.2816
2009,11,5,11,30,13.4,67,917,548,6.2,30.4944,23.8379
2009,11,5,12,0,14.5,67,919,559,6.300000000000001,31.2245,24.4171
2009,11,5,12,30,15.200000000000001,67,923,559,6.1000000000000005,31.2048,24.4003
2009,11,5,13,0,15.9,67,915,542,6,30.1029,23.5277
2009,11,5,13,30,16.2,65,903,511,5.7,28.1020,21.9434
2009,11,5,14,0,16.5,63,884,466,5.4,25.2338,19.6732
2009,11,5,14,30,16.5,60,855,409,4.800000000000001,21.6627,16.8482
2009,11,5,15,0,16.5,56,812,340,4.3,17.4773,13.5419
2009,11,5,15,30,15.5,51,753,263,3.5,13.0219,10.0312
2009,11,5,16,0,14.4,43,665,180,2.6,8.6117,6.5812
2009,11,5,16,30,12.700000000000001,32,526,98,2.5,0.0000,0.0000
2009,11,5,17,0,11,15,285,27,2.4000000000000004,0.0000,0.0000
2009,11,5,17,30,10.600000000000001,0,0,0,2.6,0.0000,0.0000
2009,11,5,18,0,10.3,0,0,0,2.7,0.0000,0.0000
2009,11,5,18,30,10.100000000000001,0,0,0,2.9000000000000004,0.0000,0.0000
2009,11,5,19,0,9.9,0,0,0,3,0.0000,0.0000
2009,11,5,19,30,9.600000000000001,0,0,0,3,0.0000,0.0000
2009,11,5,20,0,9.200000000000001,0,0,0,3,0.0000,0.0000
2009,11,5,20,30,9,0,0,0,3.1,0.0000,0.0000
2009,11,5,21,0,8.700000000000001,0,0,0,3.2,0.0000,0.0000
2009,11,5,21,30,8.4,0,0,0,3.2,0.0000,0.0000
2009,11,5,22,0,8,0,0,0,3.3000000000000003,0.0000,0.0000
2009,11,5,22,30,7.9,0,0,0,3.3000000000000003,0.0000,0.0000
2009,11,5,23,0,7.7,0,0,0,3.3000000000000003,0.0000,0.0000
2009,11,5,23,30,7.9,0,0,0,3.4000000000000004,0.0000,0.0000
2009,11,6,0,0,8,0,0,0,3.5,0.0000,0.0000
2009,11,6,0,30,8,0,0,0,3.5,0.0000,0.0000
2009,11,6,1,0,7.9,0,0,0,3.5,0.0000,0.0000
2009,11,6,1,30,7.9,0,0,0,3.5,0.0000,0.0000
2009,11,6,2,0,7.800000000000001,0,0,0,3.5,0.0000,0.0000
2009,11,6,2,30,7.7,0,0,0,3.5,0.0000,0.0000
2009,11,6,3,0,7.5,0,0,0,3.4000000000000004,0.0000,0.0000
2009,11,6,3,30,7.5,0,0,0,3.5,0.0000,0.0000
2009,11,6,4,0,7.5,0,0,0,3.6,0.0000,0.0000
2009,11,6,4,30,7.4,0,0,0,3.6,0.0000,0.0000
2009,11,6,5,0,7.2,0,0,0,3.6,0.0000,0.0000
2009,11,6,5,30,7.1000000000000005,0,0,0,3.6,0.0000,0.0000
2009,11,6,6,0,7,0,0,0,3.6,0.0000,0.0000
2009,11,6,6,30,7,0,0,0,3.7,0.0000,0.0000
2009,11,6,7,0,6.9,0,0,0,3.7,0.0000,0.0000
2009,11,6,7,30,7.1000000000000005,19,0,19,3.8000000000000003,0.0000,0.0000
2009,11,6,8,0,7.2,38,520,114,3.9000000000000004,0.0000,0.0000
2009,11,6,8,30,7.9,99,312,169,4.1000000000000005,8.1338,6.2276
2009,11,6,9,0,8.6,137,261,215,4.4,10.7377,8.2839
2009,11,6,9,30,10,147,391,289,4.5,14.9584,11.6009
2009,11,6,10,0,11.4,220,109,265,4.7,14.1042,10.9757
2009,11,6,10,30,12.9,229,199,321,4.7,17.4364,13.5984
2009,11,6,11,0,14.5,255,127,318,4.800000000000001,17.5152,13.6787
2009,11,6,11,30,15.8,265,136,336,4.800000000000001,18.6667,14.5898
2009,11,6,12,0,17.2,261,260,399,4.9,22.2520,17.3982
2009,11,6,12,30,18.1,177,517,451,4.9,25.1373,19.6531
2009,11,6,13,0,19,174,541,453,4.9,25.1193,19.6297
2009,11,6,13,30,19.400000000000002,231,288,372,4.800000000000001,20.4233,15.9449
2009,11,6,14,0,19.8,178,418,367,4.7,19.8367,15.4625
2009,11,6,14,30,19.6,66,826,399,4.4,21.0906,16.3993
2009,11,6,15,0,19.3,58,795,333,4.1000000000000005,17.0795,13.2297
2009,11,6,15,30,18.3,52,738,257,3.8000000000000003,12.6979,9.7779
2009,11,6,16,0,17.3,42,659,176,3.4000000000000004,8.4122,6.4263
2009,11,6,16,30,15.8,31,517,94,3.3000000000000003,0.0000,0.0000
2009,11,6,17,0,14.3,15,284,25,3.3000000000000003,0.0000,0.0000
2009,11,6,17,30,13.9,0,0,0,3.5,0.0000,0.0000
2009,11,6,18,0,13.4,0,0,0,3.8000000000000003,0.0000,0.0000
2009,11,6,18,30,13,0,0,0,3.9000000000000004,0.0000,0.0000
2009,11,6,19,0,12.700000000000001,0,0,0,4,0.0000,0.0000
2009,11,6,19,30,12.3,0,0,0,4,0.0000,0.0000
2009,11,6,20,0,11.9,0,0,0,4,0.0000,0.0000
2009,11,6,20,30,11.600000000000001,0,0,0,4,0.0000,0.0000
2009,11,6,21,0,11.200000000000001,0,0,0,3.9000000000000004,0.0000,0.0000
2009,11,6,21,30,10.9,0,0,0,3.8000000000000003,0.0000,0.0000
2009,11,6,22,0,10.600000000000001,0,0,0,3.7,0.0000,0.0000
2009,11,6,22,30,10.3,0,0,0,3.6,0.0000,0.0000
2009,11,6,23,0,10,0,0,0,3.5,0.0000,0.0000
2009,11,6,23,30,9.8,0,0,0,3.4000000000000004,0.0000,0.0000
2009,11,7,0,0,9.600000000000001,0,0,0,3.4000000000000004,0.0000,0.0000
2009,11,7,0,30,9.3,0,0,0,3.3000000000000003,0.0000,0.0000
2009,11,7,1,0,9,0,0,0,3.2,0.0000,0.0000
2009,11,7,1,30,8.5,0,0,0,3,0.0000,0.0000
2009,11,7,2,0,8,0,0,0,2.9000000000000004,0.0000,0.0000
2009,11,7,2,30,7.6000000000000005,0,0,0,2.9000000000000004,0.0000,0.0000
2009,11,7,3,0,7.2,0,0,0,2.8000000000000003,0.0000,0.0000
2009,11,7,3,30,6.9,0,0,0,3,0.0000,0.0000
2009,11,7,4,0,6.5,0,0,0,3.1,0.0000,0.0000
2009,11,7,4,30,6.300000000000001,0,0,0,3.4000000000000004,0.0000,0.0000
2009,11,7,5,0,6.2,0,0,0,3.7,0.0000,0.0000
2009,11,7,5,30,6,0,0,0,3.9000000000000004,0.0000,0.0000
2009,11,7,6,0,5.9,0,0,0,4,0.0000,0.0000
2009,11,7,6,30,5.800000000000001,0,0,0,4,0.0000,0.0000
2009,11,7,7,0,5.800000000000001,0,0,0,4,0.0000,0.0000
2009,11,7,7,30,6.6000000000000005,20,324,38,4.2,0.0000,0.0000
2009,11,7,8,0,7.4,35,550,112,4.4,0.0000,0.0000
2009,11,7,8,30,8.6,45,679,195,4.2,9.3706,7.1714
2009,11,7,9,0,9.700000000000001,52,764,276,4,13.7534,10.6065
2009,11,7,9,30,11.200000000000001,58,823,353,4.1000000000000005,18.2300,14.1340
2009,11,7,10,0,12.8,61,864,419,4.2,22.2553,17.3147
2009,11,7,10,30,14,64,891,473,4.6000000000000005,25.6453,19.9967
2009,11,7,11,0,15.3,66,910,514,4.9,28.2636,22.0693
2009,11,7,11,30,15.9,67,921,542,4.9,30.0628,23.4935
2009,11,7,12,0,16.400000000000002,65,927,553,4.800000000000001,30.7926,24.0725
2009,11,7,12,30,16.7,65,927,551,4.7,30.6614,23.9684
2009,11,7,13,0,17,64,919,534,4.5,29.5642,23.0998
2009,11,7,13,30,16.900000000000002,63,903,501,4.3,27.4587,21.4339
2009,11,7,14,0,16.900000000000002,62,881,456,4.2,24.6018,19.1731
2009,11,7,14,30,16.6,59,852,399,3.8000000000000003,21.0493,16.3635
2009,11,7,15,0,16.3,55,807,331,3.3000000000000003,16.9406,13.1182
2009,11,7,15,30,15,49,747,254,2.5,12.5233,9.6396
2009,11,7,16,0,13.700000000000001,42,655,172,1.6,8.2141,6.2726
2009,11,7,16,30,11.9,30,510,91,1.6,0.0000,0.0000
2009,11,7,17,0,10,14,252,23,1.5,0.0000,0.0000
2009,11,7,17,30,9.5,0,0,0,1.6,0.0000,0.0000
2009,11,7,18,0,8.9,0,0,0,1.6,0.0000,0.0000
2009,11,7,18,30,8.6,0,0,0,1.7000000000000002,0.0000,0.0000
2009,11,7,19,0,8.4,0,0,0,1.7000000000000002,0.0000,0.0000
2009,11,7,19,30,8.200000000000001,0,0,0,1.8,0.0000,0.0000
2009,11,7,20,0,8,0,0,0,1.9000000000000001,0.0000,0.0000
2009,11,7,20,30,7.9,0,0,0,2.1,0.0000,0.0000
2009,11,7,21,0,7.800000000000001,0,0,0,2.2,0.0000,0.0000
2009,11,7,21,30,7.800000000000001,0,0,0,2.4000000000000004,0.0000,0.0000
2009,11,7,22,0,7.800000000000001,0,0,0,2.5,0.0000,0.0000
2009,11,7,22,30,7.7,0,0,0,2.6,0.0000,0.0000
2009,11,7,23,0,7.6000000000000005,0,0,0,2.8000000000000003,0.0000,0.0000
2009,11,7,23,30,7.4,0,0,0,2.8000000000000003,0.0000,0.0000
2009,11,8,0,0,7.2,0,0,0,2.8000000000000003,0.0000,0.0000
2009,11,8,0,30,7,0,0,0,2.8000000000000003,0.0000,0.0000
2009,11,8,1,0,6.800000000000001,0,0,0,2.8000000000000003,0.0000,0.0000
2009,11,8,1,30,6.6000000000000005,0,0,0,2.8000000000000003,0.0000,0.0000
2009,11,8,2,0,6.300000000000001,0,0,0,2.8000000000000003,0.0000,0.0000
2009,11,8,2,30,6.1000000000000005,0,0,0,2.7,0.0000,0.0000
2009,11,8,3,0,6,0,0,0,2.6,0.0000,0.0000
2009,11,8,3,30,5.9,0,0,0,2.7,0.0000,0.0000
2009,11,8,4,0,5.800000000000001,0,0,0,2.7,0.0000,0.0000
2009,11,8,4,30,6,0,0,0,2.7,0.0000,0.0000
2009,11,8,5,0,6.1000000000000005,0,0,0,2.7,0.0000,0.0000
2009,11,8,5,30,6.2,0,0,0,2.5,0.0000,0.0000
2009,11,8,6,0,6.300000000000001,0,0,0,2.3000000000000003,0.0000,0.0000
2009,11,8,6,30,6.5,0,0,0,2.3000000000000003,0.0000,0.0000
2009,11,8,7,0,6.7,0,0,0,2.4000000000000004,0.0000,0.0000
2009,11,8,7,30,7.300000000000001,20,250,34,2.7,0.0000,0.0000
2009,11,8,8,0,7.800000000000001,39,484,105,3.1,0.0000,0.0000
2009,11,8,8,30,8.700000000000001,52,623,187,3.4000000000000004,8.9736,6.8647
2009,11,8,9,0,9.600000000000001,59,732,270,3.6,13.4231,10.3477
2009,11,8,9,30,10.8,208,117,250,3.9000000000000004,12.8826,9.9852
2009,11,8,10,0,11.9,68,841,413,4.3,21.8931,17.0290
2009,11,8,10,30,13.3,71,865,465,4.6000000000000005,25.1644,19.6179
2009,11,8,11,0,14.700000000000001,285,185,376,4.800000000000001,20.6392,16.1131
2009,11,8,11,30,15.8,73,897,532,5.1000000000000005,29.4601,23.0190
2009,11,8,12,0,16.900000000000002,194,500,456,5.300000000000001,25.3514,19.8159
2009,11,8,12,30,17.400000000000002,177,589,484,5.300000000000001,26.8919,21.0188
2009,11,8,13,0,18,175,566,462,5.4,25.5357,19.9491
2009,11,8,13,30,18.1,169,491,405,5.2,22.1601,17.2951
2009,11,8,14,0,18.2,141,535,379,5.1000000000000005,20.4108,15.9039
2009,11,8,14,30,17.7,228,127,278,4.6000000000000005,14.6369,11.3759
2009,11,8,15,0,17.3,130,466,287,4.1000000000000005,14.6570,11.3464
2009,11,8,15,30,16,53,701,242,3.2,11.9078,9.1624
2009,11,8,16,0,14.700000000000001,107,47,116,2.2,5.5360,4.2261
2009,11,8,16,30,13.4,32,445,83,2.1,0.0000,0.0000
2009,11,8,17,0,12,11,0,11,2,0.0000,0.0000
2009,11,8,17,30,11.700000000000001,0,0,0,2.5,0.0000,0.0000
2009,11,8,18,0,11.4,0,0,0,3,0.0000,0.0000
2009,11,8,18,30,11.100000000000001,0,0,0,3.4000000000000004,0.0000,0.0000
2009,11,8,19,0,10.700000000000001,0,0,0,3.9000000000000004,0.0000,0.0000
2009,11,8,19,30,10,0,0,0,3.7,0.0000,0.0000
2009,11,8,20,0,9.3,0,0,0,3.6,0.0000,0.0000
2009,11,8,20,30,8.8,0,0,0,3.5,0.0000,0.0000
2009,11,8,21,0,8.3,0,0,0,3.5,0.0000,0.0000
2009,11,8,21,30,7.9,0,0,0,3.5,0.0000,0.0000
2009,11,8,22,0,7.5,0,0,0,3.5,0.0000,0.0000
2009,11,8,22,30,7.1000000000000005,0,0,0,3.5,0.0000,0.0000
2009,11,8,23,0,6.800000000000001,0,0,0,3.5,0.0000,0.0000
2009,11,8,23,30,6.4,0,0,0,3.4000000000000004,0.0000,0.0000
2009,11,9,0,0,5.9,0,0,0,3.3000000000000003,0.0000,0.0000
2009,11,9,0,30,5.5,0,0,0,3.2,0.0000,0.0000
2009,11,9,1,0,5.1000000000000005,0,0,0,3.2,0.0000,0.0000
2009,11,9,1,30,4.7,0,0,0,3.2,0.0000,0.0000
2009,11,9,2,0,4.4,0,0,0,3.2,0.0000,0.0000
2009,11,9,2,30,4,0,0,0,3.1,0.0000,0.0000
2009,11,9,3,0,3.7,0,0,0,3.1,0.0000,0.0000
2009,11,9,3,30,3.5,0,0,0,3.1,0.0000,0.0000
2009,11,9,4,0,3.2,0,0,0,3.1,0.0000,0.0000
2009,11,9,4,30,3,0,0,0,3,0.0000,0.0000
2009,11,9,5,0,2.8000000000000003,0,0,0,3,0.0000,0.0000
2009,11,9,5,30,2.8000000000000003,0,0,0,3,0.0000,0.0000
2009,11,9,6,0,2.7,0,0,0,2.9000000000000004,0.0000,0.0000
2009,11,9,6,30,2.7,0,0,0,2.9000000000000004,0.0000,0.0000
2009,11,9,7,0,2.7,0,0,0,2.9000000000000004,0.0000,0.0000
2009,11,9,7,30,3.2,13,0,13,3,0.0000,0.0000
2009,11,9,8,0,3.7,49,1,49,3.1,0.0000,0.0000
2009,11,9,8,30,4.6000000000000005,115,157,149,2.9000000000000004,7.1408,5.4604
2009,11,9,9,0,5.5,145,225,209,2.7,10.3674,7.9890
2009,11,9,9,30,7,186,194,254,2.8000000000000003,13.0588,10.1186
2009,11,9,10,0,8.5,238,152,300,2.9000000000000004,15.8699,12.3410
2009,11,9,10,30,9.600000000000001,213,314,354,2.8000000000000003,19.1223,14.9047
2009,11,9,11,0,10.700000000000001,228,324,385,2.8000000000000003,21.0971,16.4679
2009,11,9,11,30,11.9,207,417,418,2.8000000000000003,23.1091,18.0537
2009,11,9,12,0,13.100000000000001,179,529,453,2.9000000000000004,25.1445,19.6512
2009,11,9,12,30,13.700000000000001,205,472,449,2.8000000000000003,24.9072,19.4647
2009,11,9,13,0,14.200000000000001,166,677,506,2.7,27.9241,21.8117
2009,11,9,13,30,14.200000000000001,243,203,340,2.7,18.5721,14.4924
2009,11,9,14,0,14.200000000000001,156,593,416,2.6,22.3642,17.4227
2009,11,9,14,30,13.8,206,101,245,2.4000000000000004,12.8747,10.0040
2009,11,9,15,0,13.4,181,165,236,2.2,12.0285,9.3089
2009,11,9,15,30,12.200000000000001,117,19,122,1.8,5.9918,4.6087
2009,11,9,16,0,11,85,9,87,1.5,4.1498,3.1669
2009,11,9,16,30,10.200000000000001,25,0,25,1.5,0.0000,0.0000
2009,11,9,17,0,9.4,8,0,8,1.6,0.0000,0.0000
2009,11,9,17,30,9.200000000000001,0,0,0,1.8,0.0000,0.0000
2009,11,9,18,0,8.9,0,0,0,2,0.0000,0.0000
2009,11,9,18,30,8.9,0,0,0,2.3000000000000003,0.0000,0.0000
2009,11,9,19,0,8.8,0,0,0,2.6,0.0000,0.0000
2009,11,9,19,30,8.8,0,0,0,2.8000000000000003,0.0000,0.0000
2009,11,9,20,0,8.700000000000001,0,0,0,3.1,0.0000,0.0000
2009,11,9,20,30,8,0,0,0,2.7,0.0000,0.0000
2009,11,9,21,0,7.300000000000001,0,0,0,2.4000000000000004,0.0000,0.0000
2009,11,9,21,30,6.5,0,0,0,1.9000000000000001,0.0000,0.0000
2009,11,9,22,0,5.6000000000000005,0,0,0,1.5,0.0000,0.0000
2009,11,9,22,30,5.6000000000000005,0,0,0,1.3,0.0000,0.0000
2009,11,9,23,0,5.5,0,0,0,1.1,0.0000,0.0000
2009,11,9,23,30,5.6000000000000005,0,0,0,1,0.0000,0.0000
2009,11,10,0,0,5.7,0,0,0,1,0.0000,0.0000
2009,11,10,0,30,5.6000000000000005,0,0,0,0.9,0.0000,0.0000
2009,11,10,1,0,5.5,0,0,0,0.9,0.0000,0.0000
2009,11,10,1,30,5,0,0,0,1,0.0000,0.0000
2009,11,10,2,0,4.4,0,0,0,1.1,0.0000,0.0000
2009,11,10,2,30,3.7,0,0,0,1.1,0.0000,0.0000
2009,11,10,3,0,3,0,0,0,1.2000000000000002,0.0000,0.0000
2009,11,10,3,30,2.7,0,0,0,1.3,0.0000,0.0000
2009,11,10,4,0,2.4000000000000004,0,0,0,1.3,0.0000,0.0000
2009,11,10,4,30,2.2,0,0,0,1.4000000000000001,0.0000,0.0000
2009,11,10,5,0,2,0,0,0,1.4000000000000001,0.0000,0.0000
2009,11,10,5,30,1.9000000000000001,0,0,0,1.5,0.0000,0.0000
2009,11,10,6,0,1.7000000000000002,0,0,0,1.5,0.0000,0.0000
2009,11,10,6,30,1.7000000000000002,0,0,0,1.6,0.0000,0.0000
2009,11,10,7,0,1.7000000000000002,0,0,0,1.6,0.0000,0.0000
2009,11,10,7,30,3.2,17,290,31,2.1,0.0000,0.0000
2009,11,10,8,0,4.7,33,532,102,2.6,0.0000,0.0000
2009,11,10,8,30,6,117,40,125,2.7,5.9832,4.5732
2009,11,10,9,0,7.2,53,754,265,2.8000000000000003,13.1161,10.1031
2009,11,10,9,30,8.6,59,812,339,2.7,17.3904,13.4708
2009,11,10,10,0,10.100000000000001,63,850,405,2.7,21.3809,16.6227
2009,11,10,10,30,11.700000000000001,67,879,459,3.4000000000000004,24.7483,19.2860
2009,11,10,11,0,13.3,69,892,498,4.2,27.2436,21.2622
2009,11,10,11,30,13.9,71,903,525,4.2,28.9777,22.6351
2009,11,10,12,0,14.5,71,909,538,4.1000000000000005,29.8159,23.2987
2009,11,10,12,30,14.700000000000001,71,909,536,4.1000000000000005,29.6883,23.1978
2009,11,10,13,0,15,70,901,520,4,28.6513,22.3764
2009,11,10,13,30,15,69,888,488,4,26.6125,20.7631
2009,11,10,14,0,15,67,864,444,4,23.8272,18.5589
2009,11,10,14,30,14.700000000000001,64,838,388,3.9000000000000004,20.3498,15.8086
2009,11,10,15,0,14.4,191,122,231,3.7,11.7491,9.0899
2009,11,10,15,30,13.100000000000001,141,17,145,2.9000000000000004,7.1080,5.4652
2009,11,10,16,0,11.8,64,1,64,2.2,3.0516,2.3281
2009,11,10,16,30,10.200000000000001,51,197,72,2.1,0.0000,0.0000
2009,11,10,17,0,8.6,9,0,9,2.1,0.0000,0.0000
2009,11,10,17,30,8.200000000000001,0,0,0,2.2,0.0000,0.0000
2009,11,10,18,0,7.9,0,0,0,2.4000000000000004,0.0000,0.0000
2009,11,10,18,30,7.7,0,0,0,2.6,0.0000,0.0000
2009,11,10,19,0,7.5,0,0,0,2.9000000000000004,0.0000,0.0000
2009,11,10,19,30,7.300000000000001,0,0,0,3,0.0000,0.0000
2009,11,10,20,0,7,0,0,0,3.2,0.0000,0.0000
2009,11,10,20,30,6.6000000000000005,0,0,0,3.2,0.0000,0.0000
2009,11,10,21,0,6.2,0,0,0,3.2,0.0000,0.0000
2009,11,10,21,30,5.800000000000001,0,0,0,3,0.0000,0.0000
2009,11,10,22,0,5.4,0,0,0,2.9000000000000004,0.0000,0.0000
2009,11,10,22,30,5.1000000000000005,0,0,0,2.9000000000000004,0.0000,0.0000
2009,11,10,23,0,4.7,0,0,0,2.9000000000000004,0.0000,0.0000
2009,11,10,23,30,4.6000000000000005,0,0,0,3,0.0000,0.0000
2009,11,11,0,0,4.4,0,0,0,3.1,0.0000,0.0000
2009,11,11,0,30,4.4,0,0,0,3.1,0.0000,0.0000
2009,11,11,1,0,4.3,0,0,0,3.2,0.0000,0.0000
2009,11,11,1,30,4.2,0,0,0,3.2,0.0000,0.0000
2009,11,11,2,0,4.2,0,0,0,3.2,0.0000,0.0000
2009,11,11,2,30,4.4,0,0,0,3.4000000000000004,0.0000,0.0000
2009,11,11,3,0,4.5,0,0,0,3.5,0.0000,0.0000
2009,11,11,3,30,4.6000000000000005,0,0,0,3.5,0.0000,0.0000
2009,11,11,4,0,4.7,0,0,0,3.4000000000000004,0.0000,0.0000
2009,11,11,4,30,4.800000000000001,0,0,0,3.5,0.0000,0.0000
2009,11,11,5,0,5,0,0,0,3.5,0.0000,0.0000
2009,11,11,5,30,5,0,0,0,3.6,0.0000,0.0000
2009,11,11,6,0,5,0,0,0,3.7,0.0000,0.0000
2009,11,11,6,30,5,0,0,0,3.7,0.0000,0.0000
2009,11,11,7,0,5,0,0,0,3.7,0.0000,0.0000
2009,11,11,7,30,5.300000000000001,18,192,26,3.9000000000000004,0.0000,0.0000
2009,11,11,8,0,5.7,37,436,92,4,0.0000,0.0000
2009,11,11,8,30,6.4,75,1,76,4.1000000000000005,3.6339,2.7765
2009,11,11,9,0,7,125,5,126,4.1000000000000005,6.2226,4.7912
2009,11,11,9,30,8,198,76,223,4.1000000000000005,11.4142,8.8388
2009,11,11,10,0,9,72,790,386,4.2,20.3361,15.8065
2009,11,11,10,30,10.100000000000001,76,820,439,4.3,23.6255,18.4074
2009,11,11,11,0,11.200000000000001,80,843,481,4.4,26.2691,20.4982
2009,11,11,11,30,12.100000000000001,81,856,508,4.4,27.9951,21.8643
2009,11,11,12,0,13,95,821,514,4.5,28.4408,22.2209
2009,11,11,12,30,13.5,95,821,512,4.5,28.3139,22.1206
2009,11,11,13,0,14,261,307,412,4.5,22.6644,17.6979
2009,11,11,13,30,14.200000000000001,256,258,376,4.5,20.4718,15.9696
2009,11,11,14,0,14.4,199,301,329,4.4,17.6254,13.7258
2009,11,11,14,30,14.4,171,10,175,4.3,9.1612,7.1152
2009,11,11,15,0,14.3,72,2,73,4.2,3.7055,2.8660
2009,11,11,15,30,13.5,120,39,130,3.4000000000000004,6.3609,4.8890
2009,11,11,16,0,12.700000000000001,64,7,65,2.7,3.0985,2.3632
2009,11,11,16,30,11.200000000000001,33,1,33,2.5,0.0000,0.0000
2009,11,11,17,0,9.700000000000001,3,0,3,2.3000000000000003,0.0000,0.0000
2009,11,11,17,30,9.4,0,0,0,2.6,0.0000,0.0000
2009,11,11,18,0,9.1,0,0,0,3,0.0000,0.0000
2009,11,11,18,30,9,0,0,0,3.3000000000000003,0.0000,0.0000
2009,11,11,19,0,8.8,0,0,0,3.6,0.0000,0.0000
2009,11,11,19,30,8.6,0,0,0,3.8000000000000003,0.0000,0.0000
2009,11,11,20,0,8.5,0,0,0,3.9000000000000004,0.0000,0.0000
2009,11,11,20,30,8.1,0,0,0,3.8000000000000003,0.0000,0.0000
2009,11,11,21,0,7.7,0,0,0,3.7,0.0000,0.0000
2009,11,11,21,30,7.4,0,0,0,3.7,0.0000,0.0000
2009,11,11,22,0,7,0,0,0,3.6,0.0000,0.0000
2009,11,11,22,30,6.9,0,0,0,3.7,0.0000,0.0000
2009,11,11,23,0,6.800000000000001,0,0,0,3.9000000000000004,0.0000,0.0000
2009,11,11,23,30,6.800000000000001,0,0,0,4,0.0000,0.0000
2009,11,12,0,0,6.800000000000001,0,0,0,4.2,0.0000,0.0000
2009,11,12,0,30,6.800000000000001,0,0,0,4.3,0.0000,0.0000
2009,11,12,1,0,6.9,0,0,0,4.5,0.0000,0.0000
2009,11,12,1,30,6.800000000000001,0,0,0,4.6000000000000005,0.0000,0.0000
2009,11,12,2,0,6.800000000000001,0,0,0,4.7,0.0000,0.0000
2009,11,12,2,30,6.7,0,0,0,4.7,0.0000,0.0000
2009,11,12,3,0,6.6000000000000005,0,0,0,4.7,0.0000,0.0000
2009,11,12,3,30,6.5,0,0,0,4.800000000000001,0.0000,0.0000
2009,11,12,4,0,6.5,0,0,0,4.9,0.0000,0.0000
2009,11,12,4,30,6.5,0,0,0,5,0.0000,0.0000
2009,11,12,5,0,6.5,0,0,0,5.1000000000000005,0.0000,0.0000
2009,11,12,5,30,6.5,0,0,0,5.2,0.0000,0.0000
2009,11,12,6,0,6.5,0,0,0,5.300000000000001,0.0000,0.0000
2009,11,12,6,30,6.5,0,0,0,5.300000000000001,0.0000,0.0000
2009,11,12,7,0,6.6000000000000005,0,0,0,5.4,0.0000,0.0000
2009,11,12,7,30,6.9,8,0,8,5.6000000000000005,0.0000,0.0000
2009,11,12,8,0,7.300000000000001,30,1,30,5.800000000000001,0.0000,0.0000
2009,11,12,8,30,7.9,39,1,40,5.9,1.9108,1.4594
2009,11,12,9,0,8.4,18,0,18,6,0.8870,0.6827
2009,11,12,9,30,9.3,25,0,25,6.300000000000001,1.2767,0.9884
2009,11,12,10,0,10.100000000000001,92,2,92,6.7,4.8373,3.7590
2009,11,12,10,30,10.9,138,10,143,6.7,7.6817,5.9839
2009,11,12,11,0,11.8,206,32,221,6.800000000000001,12.0489,9.4003
2009,11,12,11,30,12.5,255,100,304,6.800000000000001,16.7262,13.0612
2009,11,12,12,0,13.3,254,283,397,6.800000000000001,21.9329,17.1338
2009,11,12,12,30,14.200000000000001,272,112,329,7,18.1667,14.1909
2009,11,12,13,0,15,260,90,305,7.2,16.7520,13.0792
2009,11,12,13,30,15.8,182,464,398,7.300000000000001,21.6345,16.8738
2009,11,12,14,0,16.6,204,277,322,7.300000000000001,17.2205,13.4079
2009,11,12,14,30,16.8,192,204,270,7.2,14.1077,10.9544
2009,11,12,15,0,17.1,139,358,255,7,12.9188,9.9891
2009,11,12,15,30,16.7,77,5,78,6.9,3.8099,2.9272
2009,11,12,16,0,16.400000000000002,91,249,136,6.800000000000001,6.4822,4.9428
2009,11,12,16,30,16,25,0,25,6.800000000000001,0.0000,0.0000
2009,11,12,17,0,15.600000000000001,5,0,6,6.9,0.0000,0.0000
2009,11,12,17,30,15.200000000000001,0,0,0,6.9,0.0000,0.0000
2009,11,12,18,0,14.8,0,0,0,6.9,0.0000,0.0000
2009,11,12,18,30,14.5,0,0,0,6.800000000000001,0.0000,0.0000
2009,11,12,19,0,14.100000000000001,0,0,0,6.6000000000000005,0.0000,0.0000
2009,11,12,19,30,13.700000000000001,0,0,0,6.2,0.0000,0.0000
2009,11,12,20,0,13.3,0,0,0,5.9,0.0000,0.0000
2009,11,12,20,30,13,0,0,0,5.7,0.0000,0.0000
2009,11,12,21,0,12.600000000000001,0,0,0,5.5,0.0000,0.0000
2009,11,12,21,30,12.4,0,0,0,5.4,0.0000,0.0000
2009,11,12,22,0,12.100000000000001,0,0,0,5.4,0.0000,0.0000
2009,11,12,22,30,11.9,0,0,0,5.2,0.0000,0.0000
2009,11,12,23,0,11.700000000000001,0,0,0,5,0.0000,0.0000
2009,11,12,23,30,11.4,0,0,0,4.800000000000001,0.0000,0.0000
2009,11,13,0,0,11.200000000000001,0,0,0,4.6000000000000005,0.0000,0.0000
2009,11,13,0,30,11,0,0,0,4.2,0.0000,0.0000
2009,11,13,1,0,10.8,0,0,0,3.9000000000000004,0.0000,0.0000
2009,11,13,1,30,10.8,0,0,0,3.5,0.0000,0.0000
2009,11,13,2,0,10.700000000000001,0,0,0,3.1,0.0000,0.0000
2009,11,13,2,30,10.5,0,0,0,2.6,0.0000,0.0000
2009,11,13,3,0,10.3,0,0,0,2.1,0.0000,0.0000
2009,11,13,3,30,10.100000000000001,0,0,0,1.8,0.0000,0.0000
2009,11,13,4,0,9.8,0,0,0,1.6,0.0000,0.0000
2009,11,13,4,30,9.8,0,0,0,1.6,0.0000,0.0000
2009,11,13,5,0,9.700000000000001,0,0,0,1.6,0.0000,0.0000
2009,11,13,5,30,9.700000000000001,0,0,0,1.4000000000000001,0.0000,0.0000
2009,11,13,6,0,9.600000000000001,0,0,0,1.3,0.0000,0.0000
2009,11,13,6,30,9.600000000000001,0,0,0,1.2000000000000002,0.0000,0.0000
2009,11,13,7,0,9.5,0,0,0,1,0.0000,0.0000
2009,11,13,7,30,9.8,7,0,7,1,0.0000,0.0000
2009,11,13,8,0,10.100000000000001,28,0,28,0.9,0.0000,0.0000
2009,11,13,8,30,10.3,7,0,7,1.2000000000000002,0.3341,0.2551
2009,11,13,9,0,10.5,10,0,10,1.4000000000000001,0.4917,0.3783
2009,11,13,9,30,10.5,19,0,19,1.8,0.9682,0.7493
2009,11,13,10,0,10.4,13,0,13,2.2,0.6821,0.5299
2009,11,13,10,30,10.4,7,0,7,2.7,0.3753,0.2923
2009,11,13,11,0,10.3,57,0,57,3.1,3.1022,2.4199
2009,11,13,11,30,10.100000000000001,20,0,20,3.5,1.0986,0.8578
2009,11,13,12,0,10,11,0,11,3.8000000000000003,0.6068,0.4740
2009,11,13,12,30,9.9,41,0,41,4,2.2605,1.7655
2009,11,13,13,0,9.700000000000001,49,0,49,4.2,2.6872,2.0977
2009,11,13,13,30,9.600000000000001,24,0,24,4.2,1.3025,1.0157
2009,11,13,14,0,9.4,53,0,54,4.3,2.8830,2.2443
2009,11,13,14,30,9.200000000000001,34,0,34,4.2,1.7734,1.3767
2009,11,13,15,0,9,56,1,56,4.2,2.8318,2.1890
2009,11,13,15,30,8.700000000000001,39,0,39,3.9000000000000004,1.9018,1.4607
2009,11,13,16,0,8.4,25,0,25,3.7,1.1916,0.9084
2009,11,13,16,30,8.1,19,0,19,3.5,0.0000,0.0000
2009,11,13,17,0,7.800000000000001,0,0,0,3.2,0.0000,0.0000
2009,11,13,17,30,7.5,0,0,0,3.5,0.0000,0.0000
2009,11,13,18,0,7.2,0,0,0,3.7,0.0000,0.0000
2009,11,13,18,30,7,0,0,0,4,0.0000,0.0000
2009,11,13,19,0,6.7,0,0,0,4.3,0.0000,0.0000
2009,11,13,19,30,6.300000000000001,0,0,0,4.4,0.0000,0.0000
2009,11,13,20,0,6,0,0,0,4.6000000000000005,0.0000,0.0000
2009,11,13,20,30,5.800000000000001,0,0,0,4.6000000000000005,0.0000,0.0000
2009,11,13,21,0,5.5,0,0,0,4.6000000000000005,0.0000,0.0000
2009,11,13,21,30,5.300000000000001,0,0,0,4.6000000000000005,0.0000,0.0000
2009,11,13,22,0,5.1000000000000005,0,0,0,4.5,0.0000,0.0000
2009,11,13,22,30,4.800000000000001,0,0,0,4.4,0.0000,0.0000
2009,11,13,23,0,4.5,0,0,0,4.2,0.0000,0.0000
2009,11,13,23,30,4.1000000000000005,0,0,0,4,0.0000,0.0000
2009,11,14,0,0,3.8000000000000003,0,0,0,3.8000000000000003,0.0000,0.0000
2009,11,14,0,30,3.5,0,0,0,3.7,0.0000,0.0000
2009,11,14,1,0,3.1,0,0,0,3.5,0.0000,0.0000
2009,11,14,1,30,2.9000000000000004,0,0,0,3.5,0.0000,0.0000
2009,11,14,2,0,2.8000000000000003,0,0,0,3.5,0.0000,0.0000
2009,11,14,2,30,2.8000000000000003,0,0,0,3.7,0.0000,0.0000
2009,11,14,3,0,2.8000000000000003,0,0,0,3.9000000000000004,0.0000,0.0000
2009,11,14,3,30,2.8000000000000003,0,0,0,4,0.0000,0.0000
2009,11,14,4,0,2.8000000000000003,0,0,0,4.1000000000000005,0.0000,0.0000
2009,11,14,4,30,2.8000000000000003,0,0,0,4.1000000000000005,0.0000,0.0000
2009,11,14,5,0,2.9000000000000004,0,0,0,4,0.0000,0.0000
2009,11,14,5,30,2.8000000000000003,0,0,0,4,0.0000,0.0000
2009,11,14,6,0,2.8000000000000003,0,0,0,4,0.0000,0.0000
2009,11,14,6,30,2.8000000000000003,0,0,0,4,0.0000,0.0000
2009,11,14,7,0,2.7,0,0,0,4.1000000000000005,0.0000,0.0000
2009,11,14,7,30,2.9000000000000004,4,0,4,4.2,0.0000,0.0000
2009,11,14,8,0,3.1,42,4,43,4.3,0.0000,0.0000
2009,11,14,8,30,3.6,45,1,46,4.3,2.1944,1.6747
2009,11,14,9,0,4.2,139,116,169,4.3,8.2926,6.3773
2009,11,14,9,30,4.9,75,3,76,4.3,3.8644,2.9897
2009,11,14,10,0,5.6000000000000005,177,70,203,4.3,10.6305,8.2567
2009,11,14,10,30,6.300000000000001,193,342,340,4.3,18.1963,14.1688
2009,11,14,11,0,7.1000000000000005,237,187,323,4.3,17.5496,13.6871
2009,11,14,11,30,7.6000000000000005,153,576,433,4.2,23.7477,18.5385
2009,11,14,12,0,8.200000000000001,232,338,400,4.2,22.0317,17.2060
2009,11,14,12,30,8.6,194,452,418,4.2,23.0108,17.9697
2009,11,14,13,0,9,177,484,410,4.2,22.4504,17.5229
2009,11,14,13,30,9.1,153,530,395,4.1000000000000005,21.4020,16.6869
2009,11,14,14,0,9.200000000000001,69,855,429,4,22.8653,17.7962
2009,11,14,14,30,9.1,65,822,372,3.8000000000000003,19.3678,15.0320
2009,11,14,15,0,8.9,61,770,305,3.6,15.3950,11.8971
2009,11,14,15,30,8.200000000000001,54,700,229,2.9000000000000004,11.1493,8.5604
2009,11,14,16,0,7.6000000000000005,44,595,149,2.3000000000000003,7.1030,5.4138
2009,11,14,16,30,6.2,30,425,71,1.8,0.0000,0.0000
2009,11,14,17,0,4.800000000000001,0,0,0,1.3,0.0000,0.0000
2009,11,14,17,30,4.4,0,0,0,1.3,0.0000,0.0000
2009,11,14,18,0,3.9000000000000004,0,0,0,1.3,0.0000,0.0000
2009,11,14,18,30,3.6,0,0,0,1.4000000000000001,0.0000,0.0000
2009,11,14,19,0,3.4000000000000004,0,0,0,1.4000000000000001,0.0000,0.0000
2009,11,14,19,30,3.1,0,0,0,1.4000000000000001,0.0000,0.0000
2009,11,14,20,0,2.9000000000000004,0,0,0,1.4000000000000001,0.0000,0.0000
2009,11,14,20,30,2.7,0,0,0,1.5,0.0000,0.0000
2009,11,14,21,0,2.5,0,0,0,1.5,0.0000,0.0000
2009,11,14,21,30,2.3000000000000003,0,0,0,1.6,0.0000,0.0000
2009,11,14,22,0,2.1,0,0,0,1.6,0.0000,0.0000
2009,11,14,22,30,1.9000000000000001,0,0,0,1.6,0.0000,0.0000
2009,11,14,23,0,1.7000000000000002,0,0,0,1.7000000000000002,0.0000,0.0000
2009,11,14,23,30,1.4000000000000001,0,0,0,1.7000000000000002,0.0000,0.0000
2009,11,15,0,0,1,0,0,0,1.7000000000000002,0.0000,0.0000
2009,11,15,0,30,0.6000000000000001,0,0,0,1.7000000000000002,0.0000,0.0000
2009,11,15,1,0,0.2,0,0,0,1.7000000000000002,0.0000,0.0000
2009,11,15,1,30,-0.2,0,0,0,1.7000000000000002,0.0000,0.0000
2009,11,15,2,0,-0.7000000000000001,0,0,0,1.7000000000000002,0.0000,0.0000
2009,11,15,2,30,-1,0,0,0,1.7000000000000002,0.0000,0.0000
2009,11,15,3,0,-1.2000000000000002,0,0,0,1.7000000000000002,0.0000,0.0000
2009,11,15,3,30,-1.5,0,0,0,1.5,0.0000,0.0000
2009,11,15,4,0,-1.8,0,0,0,1.4000000000000001,0.0000,0.0000
2009,11,15,4,30,-1.7000000000000002,0,0,0,1.2000000000000002,0.0000,0.0000
2009,11,15,5,0,-1.5,0,0,0,1.1,0.0000,0.0000
2009,11,15,5,30,-1.1,0,0,0,1.2000000000000002,0.0000,0.0000
2009,11,15,6,0,-0.7000000000000001,0,0,0,1.3,0.0000,0.0000
2009,11,15,6,30,-0.5,0,0,0,1.5,0.0000,0.0000
2009,11,15,7,0,-0.4,0,0,0,1.6,0.0000,0.0000
2009,11,15,7,30,0.1,5,0,5,2.2,0.0000,0.0000
2009,11,15,8,0,0.6000000000000001,36,2,36,2.8000000000000003,0.0000,0.0000
2009,11,15,8,30,1.2000000000000002,90,4,90,2.9000000000000004,4.2914,3.2740
2009,11,15,9,0,1.8,114,4,115,3.1,5.6314,4.3290
2009,11,15,9,30,3.1,165,75,189,2.9000000000000004,9.5892,7.4162
2009,11,15,10,0,4.3,177,68,203,2.6,10.6087,8.2376
2009,11,15,10,30,5,213,56,236,2.5,12.6074,9.8149
2009,11,15,11,0,5.7,238,170,316,2.4000000000000004,17.1410,13.3662
2009,11,15,11,30,5.9,79,868,499,2.4000000000000004,27.3238,21.3267
2009,11,15,12,0,6.1000000000000005,294,165,376,2.5,20.6778,16.1462
2009,11,15,12,30,6.300000000000001,138,0,138,2.7,7.5856,5.9229
2009,11,15,13,0,6.6000000000000005,205,29,219,3,11.9739,9.3445
2009,11,15,13,30,6.800000000000001,264,56,290,3,15.6886,12.2302
2009,11,15,14,0,7,170,3,171,3.1,9.0992,7.0806
2009,11,15,14,30,6.9,203,27,213,3.1,11.0709,8.5907
2009,11,15,15,0,6.800000000000001,175,159,225,3.1,11.3359,8.7578
2009,11,15,15,30,6.2,110,4,110,2.5,5.3475,4.1045
2009,11,15,16,0,5.6000000000000005,18,0,18,2,0.0000,0.0000
2009,11,15,16,30,4.6000000000000005,17,0,17,1.7000000000000002,0.0000,0.0000
2009,11,15,17,0,3.5,0,0,0,1.5,0.0000,0.0000
2009,11,15,17,30,3.3000000000000003,0,0,0,1.4000000000000001,0.0000,0.0000
2009,11,15,18,0,3,0,0,0,1.4000000000000001,0.0000,0.0000
2009,11,15,18,30,2.9000000000000004,0,0,0,1.4000000000000001,0.0000,0.0000
2009,11,15,19,0,2.7,0,0,0,1.4000000000000001,0.0000,0.0000
2009,11,15,19,30,2.6,0,0,0,1.3,0.0000,0.0000
2009,11,15,20,0,2.4000000000000004,0,0,0,1.3,0.0000,0.0000
2009,11,15,20,30,2.3000000000000003,0,0,0,1.3,0.0000,0.0000
2009,11,15,21,0,2.1,0,0,0,1.3,0.0000,0.0000
2009,11,15,21,30,1.9000000000000001,0,0,0,1.3,0.0000,0.0000
2009,11,15,22,0,1.7000000000000002,0,0,0,1.4000000000000001,0.0000,0.0000
2009,11,15,22,30,1.5,0,0,0,1.5,0.0000,0.0000
2009,11,15,23,0,1.4000000000000001,0,0,0,1.6,0.0000,0.0000
2009,11,15,23,30,1.3,0,0,0,1.7000000000000002,0.0000,0.0000
2009,11,16,0,0,1.2000000000000002,0,0,0,1.9000000000000001,0.0000,0.0000
2009,11,16,0,30,1.1,0,0,0,2,0.0000,0.0000
2009,11,16,1,0,1,0,0,0,2.2,0.0000,0.0000
2009,11,16,1,30,0.9,0,0,0,2.3000000000000003,0.0000,0.0000
2009,11,16,2,0,0.7000000000000001,0,0,0,2.4000000000000004,0.0000,0.0000
2009,11,16,2,30,0.5,0,0,0,2.3000000000000003,0.0000,0.0000
2009,11,16,3,0,0.2,0,0,0,2.3000000000000003,0.0000,0.0000
2009,11,16,3,30,0.1,0,0,0,2.4000000000000004,0.0000,0.0000
2009,11,16,4,0,0,0,0,0,2.4000000000000004,0.0000,0.0000
2009,11,16,4,30,0,0,0,0,2.6,0.0000,0.0000
2009,11,16,5,0,0,0,0,0,2.7,0.0000,0.0000
2009,11,16,5,30,-0.1,0,0,0,2.9000000000000004,0.0000,0.0000
2009,11,16,6,0,-0.1,0,0,0,3.1,0.0000,0.0000
2009,11,16,6,30,-0.2,0,0,0,3.2,0.0000,0.0000
2009,11,16,7,0,-0.2,0,0,0,3.3000000000000003,0.0000,0.0000
2009,11,16,7,30,0.1,5,0,5,3.6,0.0000,0.0000
2009,11,16,8,0,0.30000000000000004,23,0,23,3.8000000000000003,0.0000,0.0000
2009,11,16,8,30,1.1,77,11,79,3.9000000000000004,3.7658,2.8722
2009,11,16,9,0,1.8,120,28,128,4,6.2554,4.8067
2009,11,16,9,30,3.1,104,8,106,4.3,5.3667,4.1493
2009,11,16,10,0,4.3,122,8,125,4.6000000000000005,6.5194,5.0611
2009,11,16,10,30,5.4,212,235,311,4.9,16.5834,12.9076
2009,11,16,11,0,6.4,226,244,337,5.300000000000001,18.2497,14.2282
2009,11,16,11,30,6.800000000000001,213,31,229,5.2,12.5199,9.7705
2009,11,16,12,0,7.300000000000001,240,73,276,5.2,15.1556,11.8325
2009,11,16,12,30,7.4,227,53,253,5,13.8859,10.8406
2009,11,16,13,0,7.5,169,17,177,4.800000000000001,9.6629,7.5398
2009,11,16,13,30,7.4,215,55,240,4.6000000000000005,12.9643,10.1049
2009,11,16,14,0,7.300000000000001,205,62,230,4.4,12.2193,9.5069
2009,11,16,14,30,7.2,169,28,179,4.2,9.2880,7.2056
2009,11,16,15,0,7.1000000000000005,155,172,208,4.1000000000000005,10.4619,8.0804
2009,11,16,15,30,6.7,127,79,146,3.9000000000000004,7.0878,5.4385
2009,11,16,16,0,6.300000000000001,89,37,96,3.8000000000000003,0.0000,0.0000
2009,11,16,16,30,5,43,8,44,3.3000000000000003,0.0000,0.0000
2009,11,16,17,0,3.7,0,0,0,2.9000000000000004,0.0000,0.0000
2009,11,16,17,30,3.3000000000000003,0,0,0,3.1,0.0000,0.0000
2009,11,16,18,0,2.9000000000000004,0,0,0,3.3000000000000003,0.0000,0.0000
2009,11,16,18,30,2.8000000000000003,0,0,0,3.6,0.0000,0.0000
2009,11,16,19,0,2.6,0,0,0,3.8000000000000003,0.0000,0.0000
2009,11,16,19,30,2.5,0,0,0,4,0.0000,0.0000
2009,11,16,20,0,2.4000000000000004,0,0,0,4.1000000000000005,0.0000,0.0000
2009,11,16,20,30,2.2,0,0,0,3.9000000000000004,0.0000,0.0000
2009,11,16,21,0,1.9000000000000001,0,0,0,3.7,0.0000,0.0000
2009,11,16,21,30,1.7000000000000002,0,0,0,3.6,0.0000,0.0000
2009,11,16,22,0,1.4000000000000001,0,0,0,3.4000000000000004,0.0000,0.0000
2009,11,16,22,30,1.3,0,0,0,3.3000000000000003,0.0000,0.0000
2009,11,16,23,0,1.2000000000000002,0,0,0,3.3000000000000003,0.0000,0.0000
2009,11,16,23,30,1,0,0,0,3.2,0.0000,0.0000
2009,11,17,0,0,0.9,0,0,0,3.2,0.0000,0.0000
2009,11,17,0,30,0.6000000000000001,0,0,0,3.2,0.0000,0.0000
2009,11,17,1,0,0.30000000000000004,0,0,0,3.2,0.0000,0.0000
2009,11,17,1,30,-0.1,0,0,0,3.2,0.0000,0.0000
2009,11,17,2,0,-0.5,0,0,0,3.2,0.0000,0.0000
2009,11,17,2,30,-0.6000000000000001,0,0,0,3.4000000000000004,0.0000,0.0000
2009,11,17,3,0,-0.8,0,0,0,3.5,0.0000,0.0000
2009,11,17,3,30,-0.9,0,0,0,3.6,0.0000,0.0000
2009,11,17,4,0,-1.1,0,0,0,3.6,0.0000,0.0000
2009,11,17,4,30,-1.5,0,0,0,3.6,0.0000,0.0000
2009,11,17,5,0,-1.9000000000000001,0,0,0,3.5,0.0000,0.0000
2009,11,17,5,30,-2.1,0,0,0,3.6,0.0000,0.0000
2009,11,17,6,0,-2.4000000000000004,0,0,0,3.7,0.0000,0.0000
2009,11,17,6,30,-2.6,0,0,0,3.6,0.0000,0.0000
2009,11,17,7,0,-2.9000000000000004,0,0,0,3.6,0.0000,0.0000
2009,11,17,7,30,-2.3000000000000003,12,233,17,3.8000000000000003,0.0000,0.0000
2009,11,17,8,0,-1.7000000000000002,28,517,82,4.1000000000000005,0.0000,0.0000
2009,11,17,8,30,-0.7000000000000001,40,682,164,4,7.8167,5.9601
2009,11,17,9,0,0.4,48,779,246,3.9000000000000004,11.9993,9.2167
2009,11,17,9,30,1.9000000000000001,54,841,321,3.8000000000000003,16.2160,12.5332
2009,11,17,10,0,3.4000000000000004,58,883,388,3.7,20.1957,15.6741
2009,11,17,10,30,5,61,912,443,3.9000000000000004,23.5798,18.3495
2009,11,17,11,0,6.6000000000000005,64,932,485,4.1000000000000005,26.2201,20.4387
2009,11,17,11,30,7.4,65,944,513,4.1000000000000005,28.0025,21.8497
2009,11,17,12,0,8.200000000000001,65,940,523,4.1000000000000005,28.6767,22.3857
2009,11,17,12,30,8.6,65,940,521,4.2,28.5548,22.2896
2009,11,17,13,0,9,64,934,505,4.2,27.5290,21.4774
2009,11,17,13,30,9.1,62,921,474,4.2,25.5659,19.9239
2009,11,17,14,0,9.200000000000001,60,900,430,4.2,22.8083,17.7421
2009,11,17,14,30,9,56,869,373,4,19.3211,14.9860
2009,11,17,15,0,8.8,52,824,305,3.8000000000000003,15.3137,11.8245
2009,11,17,15,30,7.5,46,757,229,2.9000000000000004,11.1020,8.5159
2009,11,17,16,0,6.1000000000000005,37,657,148,2,0.0000,0.0000
2009,11,17,16,30,4.3,25,487,69,1.8,0.0000,0.0000
2009,11,17,17,0,2.5,0,0,0,1.7000000000000002,0.0000,0.0000
2009,11,17,17,30,2,0,0,0,1.7000000000000002,0.0000,0.0000
2009,11,17,18,0,1.6,0,0,0,1.8,0.0000,0.0000
2009,11,17,18,30,1.2000000000000002,0,0,0,1.7000000000000002,0.0000,0.0000
2009,11,17,19,0,0.8,0,0,0,1.7000000000000002,0.0000,0.0000
2009,11,17,19,30,0.4,0,0,0,1.6,0.0000,0.0000
2009,11,17,20,0,0,0,0,0,1.6,0.0000,0.0000
2009,11,17,20,30,-0.4,0,0,0,1.5,0.0000,0.0000
2009,11,17,21,0,-0.8,0,0,0,1.5,0.0000,0.0000
2009,11,17,21,30,-1.1,0,0,0,1.4000000000000001,0.0000,0.0000
2009,11,17,22,0,-1.5,0,0,0,1.4000000000000001,0.0000,0.0000
2009,11,17,22,30,-1.8,0,0,0,1.3,0.0000,0.0000
2009,11,17,23,0,-2.1,0,0,0,1.3,0.0000,0.0000
2009,11,17,23,30,-2.4000000000000004,0,0,0,1.3,0.0000,0.0000
2009,11,18,0,0,-2.6,0,0,0,1.3,0.0000,0.0000
2009,11,18,0,30,-2.8000000000000003,0,0,0,1.3,0.0000,0.0000
2009,11,18,1,0,-3.1,0,0,0,1.2000000000000002,0.0000,0.0000
2009,11,18,1,30,-3.2,0,0,0,1.3,0.0000,0.0000
2009,11,18,2,0,-3.4000000000000004,0,0,0,1.3,0.0000,0.0000
2009,11,18,2,30,-3.5,0,0,0,1.3,0.0000,0.0000
2009,11,18,3,0,-3.6,0,0,0,1.3,0.0000,0.0000
2009,11,18,3,30,-3.6,0,0,0,1.3,0.0000,0.0000
2009,11,18,4,0,-3.7,0,0,0,1.3,0.0000,0.0000
2009,11,18,4,30,-3.7,0,0,0,1.3,0.0000,0.0000
2009,11,18,5,0,-3.7,0,0,0,1.2000000000000002,0.0000,0.0000
2009,11,18,5,30,-3.7,0,0,0,1.2000000000000002,0.0000,0.0000
2009,11,18,6,0,-3.6,0,0,0,1.1,0.0000,0.0000
2009,11,18,6,30,-3.4000000000000004,0,0,0,1.1,0.0000,0.0000
2009,11,18,7,0,-3.2,0,0,0,1.1,0.0000,0.0000
2009,11,18,7,30,-2.4000000000000004,3,0,3,1.5,0.0000,0.0000
2009,11,18,8,0,-1.5,34,357,70,1.8,0.0000,0.0000
2009,11,18,8,30,-0.5,51,523,144,1.8,6.8639,5.2322
2009,11,18,9,0,0.4,65,614,219,1.7000000000000002,10.6615,8.1857
2009,11,18,9,30,1.9000000000000001,74,688,290,1.5,14.6189,11.2950
2009,11,18,10,0,3.3000000000000003,83,729,352,1.4000000000000001,18.2848,14.1873
2009,11,18,10,30,4.9,89,765,406,1.5,21.5713,16.7831
2009,11,18,11,0,6.6000000000000005,251,38,268,1.6,14.4649,11.2736
2009,11,18,11,30,7.1000000000000005,145,0,145,1.4000000000000001,7.9029,6.1655
2009,11,18,12,0,7.7,290,116,346,1.3,18.9436,14.7856
2009,11,18,12,30,8,91,818,484,1.3,26.4876,20.6729
2009,11,18,13,0,8.3,270,52,294,1.2000000000000002,16.0041,12.4842
2009,11,18,13,30,8.5,259,163,331,1.3,17.8258,13.8897
2009,11,18,14,0,8.6,228,35,242,1.4000000000000001,12.8166,9.9680
2009,11,18,14,30,8.5,149,3,150,1.4000000000000001,7.7572,6.0154
2009,11,18,15,0,8.4,74,661,275,1.4000000000000001,13.7856,10.6418
2009,11,18,15,30,7.7,64,582,203,1.1,9.8292,7.5373
2009,11,18,16,0,7,50,468,128,0.7000000000000001,0.0000,0.0000
2009,11,18,16,30,5.9,32,289,57,0.9,0.0000,0.0000
2009,11,18,17,0,4.800000000000001,0,0,0,1,0.0000,0.0000
2009,11,18,17,30,4.2,0,0,0,1,0.0000,0.0000
2009,11,18,18,0,3.7,0,0,0,1.1,0.0000,0.0000
2009,11,18,18,30,3.3000000000000003,0,0,0,1.1,0.0000,0.0000
2009,11,18,19,0,2.9000000000000004,0,0,0,1.1,0.0000,0.0000
2009,11,18,19,30,2.7,0,0,0,1.1,0.0000,0.0000
2009,11,18,20,0,2.5,0,0,0,1.1,0.0000,0.0000
2009,11,18,20,30,2.5,0,0,0,1.1,0.0000,0.0000
2009,11,18,21,0,2.4000000000000004,0,0,0,1.1,0.0000,0.0000
2009,11,18,21,30,2.5,0,0,0,1,0.0000,0.0000
2009,11,18,22,0,2.5,0,0,0,1,0.0000,0.0000
2009,11,18,22,30,2.5,0,0,0,1,0.0000,0.0000
2009,11,18,23,0,2.5,0,0,0,0.9,0.0000,0.0000
2009,11,18,23,30,2.7,0,0,0,1,0.0000,0.0000
2009,11,19,0,0,2.8000000000000003,0,0,0,1,0.0000,0.0000
2009,11,19,0,30,3,0,0,0,1,0.0000,0.0000
2009,11,19,1,0,3.1,0,0,0,1,0.0000,0.0000
2009,11,19,1,30,3.2,0,0,0,1,0.0000,0.0000
2009,11,19,2,0,3.3000000000000003,0,0,0,1,0.0000,0.0000
2009,11,19,2,30,3.3000000000000003,0,0,0,1,0.0000,0.0000
2009,11,19,3,0,3.3000000000000003,0,0,0,1,0.0000,0.0000
2009,11,19,3,30,3.2,0,0,0,0.9,0.0000,0.0000
2009,11,19,4,0,3.1,0,0,0,0.9,0.0000,0.0000
2009,11,19,4,30,3,0,0,0,0.9,0.0000,0.0000
2009,11,19,5,0,2.9000000000000004,0,0,0,0.9,0.0000,0.0000
2009,11,19,5,30,2.8000000000000003,0,0,0,1,0.0000,0.0000
2009,11,19,6,0,2.7,0,0,0,1,0.0000,0.0000
2009,11,19,6,30,2.6,0,0,0,1.1,0.0000,0.0000
2009,11,19,7,0,2.6,0,0,0,1.2000000000000002,0.0000,0.0000
2009,11,19,7,30,2.8000000000000003,0,0,0,1.3,0.0000,0.0000
2009,11,19,8,0,3.1,11,0,11,1.5,0.0000,0.0000
2009,11,19,8,30,3.7,54,479,137,1.5,6.5319,4.9780
2009,11,19,9,0,4.2,66,596,213,1.4000000000000001,10.3505,7.9437
2009,11,19,9,30,5.4,75,671,284,1.4000000000000001,14.2872,11.0353
2009,11,19,10,0,6.6000000000000005,90,0,90,1.5,4.6659,3.6194
2009,11,19,10,30,7.300000000000001,181,7,184,1.6,9.7591,7.5913
2009,11,19,11,0,8,201,9,205,1.7000000000000002,11.0463,8.6077
2009,11,19,11,30,8.3,259,257,379,1.9000000000000001,20.6245,16.0878
2009,11,19,12,0,8.6,276,53,301,2,16.4552,12.8415
2009,11,19,12,30,8.9,275,207,374,2,20.4383,15.9493
2009,11,19,13,0,9.200000000000001,208,554,466,2,25.3309,19.7567
2009,11,19,13,30,9.3,78,830,443,1.8,23.8241,18.5607
2009,11,19,14,0,9.4,73,817,403,1.7000000000000002,21.3103,16.5709
2009,11,19,14,30,9.3,68,782,348,1.5,17.9686,13.9310
2009,11,19,15,0,9.200000000000001,61,736,283,1.3,14.1641,10.9312
2009,11,19,15,30,8.6,53,666,211,1,10.2040,7.8224
2009,11,19,16,0,8,42,560,134,0.6000000000000001,0.0000,0.0000
2009,11,19,16,30,7.300000000000001,27,379,59,0.7000000000000001,0.0000,0.0000
2009,11,19,17,0,6.5,0,0,0,0.8,0.0000,0.0000
2009,11,19,17,30,6,0,0,0,0.9,0.0000,0.0000
2009,11,19,18,0,5.5,0,0,0,1,0.0000,0.0000
2009,11,19,18,30,5,0,0,0,1.1,0.0000,0.0000
2009,11,19,19,0,4.5,0,0,0,1.1,0.0000,0.0000
2009,11,19,19,30,3.9000000000000004,0,0,0,1.2000000000000002,0.0000,0.0000
2009,11,19,20,0,3.3000000000000003,0,0,0,1.2000000000000002,0.0000,0.0000
2009,11,19,20,30,2.9000000000000004,0,0,0,1.2000000000000002,0.0000,0.0000
2009,11,19,21,0,2.5,0,0,0,1.3,0.0000,0.0000
2009,11,19,21,30,2.3000000000000003,0,0,0,1.3,0.0000,0.0000
2009,11,19,22,0,2,0,0,0,1.4000000000000001,0.0000,0.0000
2009,11,19,22,30,1.8,0,0,0,1.4000000000000001,0.0000,0.0000
2009,11,19,23,0,1.5,0,0,0,1.5,0.0000,0.0000
2009,11,19,23,30,1.1,0,0,0,1.4000000000000001,0.0000,0.0000
2009,11,20,0,0,0.7000000000000001,0,0,0,1.4000000000000001,0.0000,0.0000
2009,11,20,0,30,0.4,0,0,0,1.4000000000000001,0.0000,0.0000
2009,11,20,1,0,0.1,0,0,0,1.3,0.0000,0.0000
2009,11,20,1,30,-0.2,0,0,0,1.3,0.0000,0.0000
2009,11,20,2,0,-0.4,0,0,0,1.2000000000000002,0.0000,0.0000
2009,11,20,2,30,-0.6000000000000001,0,0,0,1.3,0.0000,0.0000
2009,11,20,3,0,-0.8,0,0,0,1.3,0.0000,0.0000
2009,11,20,3,30,-1.1,0,0,0,1.3,0.0000,0.0000
2009,11,20,4,0,-1.3,0,0,0,1.4000000000000001,0.0000,0.0000
2009,11,20,4,30,-1.5,0,0,0,1.6,0.0000,0.0000
2009,11,20,5,0,-1.7000000000000002,0,0,0,1.8,0.0000,0.0000
2009,11,20,5,30,-1.7000000000000002,0,0,0,2,0.0000,0.0000
2009,11,20,6,0,-1.8,0,0,0,2.2,0.0000,0.0000
2009,11,20,6,30,-1.7000000000000002,0,0,0,2.4000000000000004,0.0000,0.0000
2009,11,20,7,0,-1.6,0,0,0,2.7,0.0000,0.0000
2009,11,20,7,30,-1.2000000000000002,0,0,0,2.9000000000000004,0.0000,0.0000
2009,11,20,8,0,-0.9,27,451,69,3.1,0.0000,0.0000
2009,11,20,8,30,0,40,619,146,3.1,0.0000,0.0000
2009,11,20,9,0,0.8,49,732,227,3.1,11.0121,8.4482
2009,11,20,9,30,2,56,799,301,3,15.1114,11.6681
2009,11,20,10,0,3.2,59,850,367,2.9000000000000004,18.9907,14.7277
2009,11,20,10,30,4.3,63,881,421,2.7,22.2880,17.3336
2009,11,20,11,0,5.4,65,911,467,2.5,25.1236,19.5739
2009,11,20,11,30,6.4,66,924,495,2.2,26.8967,20.9771
2009,11,20,12,0,7.4,65,934,510,2,27.8423,21.7250
2009,11,20,12,30,8.1,65,934,508,1.7000000000000002,27.7226,21.6307
2009,11,20,13,0,8.700000000000001,64,930,493,1.4000000000000001,26.7616,20.8697
2009,11,20,13,30,9,62,917,463,1.3,24.8628,19.3668
2009,11,20,14,0,9.3,59,897,419,1.2000000000000002,22.1235,17.2003
2009,11,20,14,30,9.200000000000001,56,865,363,1.2000000000000002,18.7154,14.5071
2009,11,20,15,0,9.200000000000001,52,817,296,1.2000000000000002,14.7927,11.4135
2009,11,20,15,30,8.4,46,748,220,0.9,10.6273,8.1447
2009,11,20,16,0,7.6000000000000005,36,646,140,0.7000000000000001,0.0000,0.0000
2009,11,20,16,30,7,24,470,63,0.7000000000000001,0.0000,0.0000
2009,11,20,17,0,6.4,0,0,0,0.7000000000000001,0.0000,0.0000
2009,11,20,17,30,6.1000000000000005,0,0,0,0.8,0.0000,0.0000
2009,11,20,18,0,5.7,0,0,0,0.8,0.0000,0.0000
2009,11,20,18,30,5.300000000000001,0,0,0,1,0.0000,0.0000
2009,11,20,19,0,4.800000000000001,0,0,0,1.2000000000000002,0.0000,0.0000
2009,11,20,19,30,4.1000000000000005,0,0,0,1.3,0.0000,0.0000
2009,11,20,20,0,3.4000000000000004,0,0,0,1.4000000000000001,0.0000,0.0000
2009,11,20,20,30,2.6,0,0,0,1.5,0.0000,0.0000
2009,11,20,21,0,1.8,0,0,0,1.6,0.0000,0.0000
2009,11,20,21,30,1.1,0,0,0,1.6,0.0000,0.0000
2009,11,20,22,0,0.5,0,0,0,1.7000000000000002,0.0000,0.0000
2009,11,20,22,30,0.1,0,0,0,1.7000000000000002,0.0000,0.0000
2009,11,20,23,0,-0.30000000000000004,0,0,0,1.8,0.0000,0.0000
2009,11,20,23,30,-0.5,0,0,0,1.9000000000000001,0.0000,0.0000
2009,11,21,0,0,-0.8,0,0,0,1.9000000000000001,0.0000,0.0000
2009,11,21,0,30,-1,0,0,0,2,0.0000,0.0000
2009,11,21,1,0,-1.3,0,0,0,2,0.0000,0.0000
2009,11,21,1,30,-1.5,0,0,0,2.1,0.0000,0.0000
2009,11,21,2,0,-1.7000000000000002,0,0,0,2.1,0.0000,0.0000
2009,11,21,2,30,-1.8,0,0,0,2.1,0.0000,0.0000
2009,11,21,3,0,-1.9000000000000001,0,0,0,2.1,0.0000,0.0000
2009,11,21,3,30,-2,0,0,0,2.1,0.0000,0.0000
2009,11,21,4,0,-2,0,0,0,2.1,0.0000,0.0000
2009,11,21,4,30,-2,0,0,0,2.2,0.0000,0.0000
2009,11,21,5,0,-2.1,0,0,0,2.2,0.0000,0.0000
2009,11,21,5,30,-2.1,0,0,0,2.2,0.0000,0.0000
2009,11,21,6,0,-2.1,0,0,0,2.3000000000000003,0.0000,0.0000
2009,11,21,6,30,-2.1,0,0,0,2.3000000000000003,0.0000,0.0000
2009,11,21,7,0,-2.1,0,0,0,2.4000000000000004,0.0000,0.0000
2009,11,21,7,30,-1.1,0,0,0,3,0.0000,0.0000
2009,11,21,8,0,0,26,464,68,3.5,0.0000,0.0000
2009,11,21,8,30,1.1,85,7,86,3.7,0.0000,0.0000
2009,11,21,9,0,2.3000000000000003,48,722,221,3.9000000000000004,10.7024,8.2073
2009,11,21,9,30,3.7,55,791,295,3.9000000000000004,14.7799,11.4084
2009,11,21,10,0,5.1000000000000005,187,118,229,3.9000000000000004,11.8262,9.1691
2009,11,21,10,30,6.9,240,60,264,4.5,13.9525,10.8488
2009,11,21,11,0,8.6,261,64,289,5,15.5224,12.0914
2009,11,21,11,30,9.9,252,35,268,5.5,14.5402,11.3384
2009,11,21,12,0,11.100000000000001,274,210,373,6,20.3333,15.8635
2009,11,21,12,30,11.5,260,269,387,6,21.0911,16.4542
2009,11,21,13,0,12,215,528,457,5.9,24.7729,19.3160
2009,11,21,13,30,11.9,158,1,158,5.7,8.4730,6.5991
2009,11,21,14,0,11.9,157,2,158,5.6000000000000005,8.3307,6.4758
2009,11,21,14,30,11.600000000000001,139,2,140,5.300000000000001,7.2073,5.5856
2009,11,21,15,0,11.200000000000001,56,0,56,5,2.7944,2.1556
2009,11,21,15,30,10.5,63,0,63,4.7,3.0402,2.3293
2009,11,21,16,0,9.8,50,462,123,4.4,0.0000,0.0000
2009,11,21,16,30,9,30,275,52,4.4,0.0000,0.0000
2009,11,21,17,0,8.1,0,0,0,4.5,0.0000,0.0000
2009,11,21,17,30,8,0,0,0,4.7,0.0000,0.0000
2009,11,21,18,0,7.800000000000001,0,0,0,5,0.0000,0.0000
2009,11,21,18,30,7.7,0,0,0,5,0.0000,0.0000
2009,11,21,19,0,7.6000000000000005,0,0,0,5,0.0000,0.0000
2009,11,21,19,30,7.7,0,0,0,5,0.0000,0.0000
2009,11,21,20,0,7.800000000000001,0,0,0,5.1000000000000005,0.0000,0.0000
2009,11,21,20,30,7.9,0,0,0,5.1000000000000005,0.0000,0.0000
2009,11,21,21,0,8.1,0,0,0,5,0.0000,0.0000
2009,11,21,21,30,8.3,0,0,0,4.9,0.0000,0.0000
2009,11,21,22,0,8.5,0,0,0,4.800000000000001,0.0000,0.0000
2009,11,21,22,30,8.6,0,0,0,4.5,0.0000,0.0000
2009,11,21,23,0,8.6,0,0,0,4.2,0.0000,0.0000
2009,11,21,23,30,8.5,0,0,0,3.9000000000000004,0.0000,0.0000
2009,11,22,0,0,8.4,0,0,0,3.6,0.0000,0.0000
2009,11,22,0,30,8.3,0,0,0,3.4000000000000004,0.0000,0.0000
2009,11,22,1,0,8.3,0,0,0,3.3000000000000003,0.0000,0.0000
2009,11,22,1,30,8.200000000000001,0,0,0,3.2,0.0000,0.0000
2009,11,22,2,0,8.200000000000001,0,0,0,3.2,0.0000,0.0000
2009,11,22,2,30,8.1,0,0,0,3.1,0.0000,0.0000
2009,11,22,3,0,8,0,0,0,3.1,0.0000,0.0000
2009,11,22,3,30,7.9,0,0,0,3,0.0000,0.0000
2009,11,22,4,0,7.800000000000001,0,0,0,2.9000000000000004,0.0000,0.0000
2009,11,22,4,30,7.6000000000000005,0,0,0,2.8000000000000003,0.0000,0.0000
2009,11,22,5,0,7.5,0,0,0,2.6,0.0000,0.0000
2009,11,22,5,30,7.4,0,0,0,2.7,0.0000,0.0000
2009,11,22,6,0,7.2,0,0,0,2.7,0.0000,0.0000
2009,11,22,6,30,7.1000000000000005,0,0,0,2.6,0.0000,0.0000
2009,11,22,7,0,7,0,0,0,2.5,0.0000,0.0000
2009,11,22,7,30,7.1000000000000005,0,0,0,2.6,0.0000,0.0000
2009,11,22,8,0,7.2,31,1,31,2.7,0.0000,0.0000
2009,11,22,8,30,7.6000000000000005,75,2,76,2.9000000000000004,0.0000,0.0000
2009,11,22,9,0,8,68,544,196,3.1,9.4765,7.2643
2009,11,22,9,30,8.6,79,624,266,3.2,13.2996,10.2623
2009,11,22,10,0,9.200000000000001,204,39,217,3.4000000000000004,11.1850,8.6697
2009,11,22,10,30,9.700000000000001,197,278,308,3.5,16.2498,12.6326
2009,11,22,11,0,10.3,220,234,321,3.7,17.2141,13.4070
2009,11,22,11,30,10.8,239,148,306,3.8000000000000003,16.5776,12.9251
2009,11,22,12,0,11.200000000000001,232,227,338,3.9000000000000004,18.4005,14.3536
2009,11,22,12,30,11.4,216,281,348,4,18.9400,14.7740
2009,11,22,13,0,11.600000000000001,210,60,238,4,12.8842,10.0447
2009,11,22,13,30,11.600000000000001,198,71,228,3.9000000000000004,12.2102,9.5083
2009,11,22,14,0,11.5,166,20,174,3.7,9.1620,7.1208
2009,11,22,14,30,11.3,91,3,92,3.3000000000000003,4.7291,3.6643
2009,11,22,15,0,11,10,0,10,2.9000000000000004,0.4983,0.3843
2009,11,22,15,30,10.5,74,4,75,2.5,3.6156,2.7695
2009,11,22,16,0,10.100000000000001,14,0,14,2.2,0.0000,0.0000
2009,11,22,16,30,9.700000000000001,6,0,6,2.2,0.0000,0.0000
2009,11,22,17,0,9.3,0,0,0,2.3000000000000003,0.0000,0.0000
2009,11,22,17,30,9.1,0,0,0,2.4000000000000004,0.0000,0.0000
2009,11,22,18,0,8.9,0,0,0,2.6,0.0000,0.0000
2009,11,22,18,30,8.700000000000001,0,0,0,2.7,0.0000,0.0000
2009,11,22,19,0,8.5,0,0,0,2.8000000000000003,0.0000,0.0000
2009,11,22,19,30,8.3,0,0,0,2.9000000000000004,0.0000,0.0000
2009,11,22,20,0,8,0,0,0,2.9000000000000004,0.0000,0.0000
2009,11,22,20,30,7.9,0,0,0,2.9000000000000004,0.0000,0.0000
2009,11,22,21,0,7.800000000000001,0,0,0,2.9000000000000004,0.0000,0.0000
2009,11,22,21,30,7.6000000000000005,0,0,0,2.8000000000000003,0.0000,0.0000
2009,11,22,22,0,7.4,0,0,0,2.6,0.0000,0.0000
2009,11,22,22,30,7.2,0,0,0,2.4000000000000004,0.0000,0.0000
2009,11,22,23,0,7,0,0,0,2.2,0.0000,0.0000
2009,11,22,23,30,6.9,0,0,0,2.2,0.0000,0.0000
2009,11,23,0,0,6.800000000000001,0,0,0,2.1,0.0000,0.0000
2009,11,23,0,30,6.800000000000001,0,0,0,2,0.0000,0.0000
2009,11,23,1,0,6.7,0,0,0,1.9000000000000001,0.0000,0.0000
2009,11,23,1,30,6.6000000000000005,0,0,0,1.6,0.0000,0.0000
2009,11,23,2,0,6.5,0,0,0,1.3,0.0000,0.0000
2009,11,23,2,30,6.4,0,0,0,1.2000000000000002,0.0000,0.0000
2009,11,23,3,0,6.300000000000001,0,0,0,1,0.0000,0.0000
2009,11,23,3,30,6.1000000000000005,0,0,0,0.8,0.0000,0.0000
2009,11,23,4,0,6,0,0,0,0.7000000000000001,0.0000,0.0000
2009,11,23,4,30,5.9,0,0,0,0.6000000000000001,0.0000,0.0000
2009,11,23,5,0,5.800000000000001,0,0,0,0.6000000000000001,0.0000,0.0000
2009,11,23,5,30,5.800000000000001,0,0,0,0.6000000000000001,0.0000,0.0000
2009,11,23,6,0,5.800000000000001,0,0,0,0.5,0.0000,0.0000
2009,11,23,6,30,5.7,0,0,0,0.5,0.0000,0.0000
2009,11,23,7,0,5.7,0,0,0,0.4,0.0000,0.0000
2009,11,23,7,30,5.800000000000001,0,0,0,0.6000000000000001,0.0000,0.0000
2009,11,23,8,0,6,17,0,17,0.8,0.0000,0.0000
2009,11,23,8,30,6.2,51,444,122,1,0.0000,0.0000
2009,11,23,9,0,6.5,66,562,196,1.1,9.4617,7.2501
2009,11,23,9,30,7.1000000000000005,76,642,266,1.3,13.2736,10.2389
2009,11,23,10,0,7.800000000000001,192,22,200,1.4000000000000001,10.2898,7.9738
2009,11,23,10,30,8.4,37,0,37,1.4000000000000001,1.9487,1.5146
2009,11,23,11,0,9.1,191,38,208,1.5,11.1367,8.6721
2009,11,23,11,30,9.700000000000001,143,7,146,1.5,7.8984,6.1573
2009,11,23,12,0,10.4,211,28,224,1.5,12.1778,9.4982
2009,11,23,12,30,10.600000000000001,153,7,157,1.5,8.5337,6.6558
2009,11,23,13,0,10.9,190,19,199,1.5,10.7591,8.3868
2009,11,23,13,30,10.8,99,1,100,1.5,5.3484,4.1643
2009,11,23,14,0,10.8,68,1,68,1.5,3.5757,2.7786
2009,11,23,14,30,10.4,62,0,62,1.6,3.1828,2.4657
2009,11,23,15,0,10.100000000000001,53,0,53,1.7000000000000002,2.6376,2.0337
2009,11,23,15,30,9.700000000000001,30,0,30,1.9000000000000001,1.4449,1.1065
2009,11,23,16,0,9.200000000000001,40,1,40,2.1,0.0000,0.0000
2009,11,23,16,30,8.9,14,0,14,2.3000000000000003,0.0000,0.0000
2009,11,23,17,0,8.6,0,0,0,2.6,0.0000,0.0000
2009,11,23,17,30,8.3,0,0,0,2.8000000000000003,0.0000,0.0000
2009,11,23,18,0,8.1,0,0,0,3,0.0000,0.0000
2009,11,23,18,30,7.800000000000001,0,0,0,3.3000000000000003,0.0000,0.0000
2009,11,23,19,0,7.4,0,0,0,3.5,0.0000,0.0000
2009,11,23,19,30,6.9,0,0,0,3.9000000000000004,0.0000,0.0000
2009,11,23,20,0,6.4,0,0,0,4.2,0.0000,0.0000
2009,11,23,20,30,5.800000000000001,0,0,0,4.6000000000000005,0.0000,0.0000
2009,11,23,21,0,5.300000000000001,0,0,0,5,0.0000,0.0000
2009,11,23,21,30,4.9,0,0,0,5.300000000000001,0.0000,0.0000
2009,11,23,22,0,4.5,0,0,0,5.7,0.0000,0.0000
2009,11,23,22,30,4.3,0,0,0,5.800000000000001,0.0000,0.0000
2009,11,23,23,0,4.1000000000000005,0,0,0,6,0.0000,0.0000
2009,11,23,23,30,3.9000000000000004,0,0,0,6,0.0000,0.0000
2009,11,24,0,0,3.8000000000000003,0,0,0,6.1000000000000005,0.0000,0.0000
2009,11,24,0,30,3.6,0,0,0,6.2,0.0000,0.0000
2009,11,24,1,0,3.4000000000000004,0,0,0,6.300000000000001,0.0000,0.0000
2009,11,24,1,30,3.2,0,0,0,6.6000000000000005,0.0000,0.0000
2009,11,24,2,0,2.9000000000000004,0,0,0,6.9,0.0000,0.0000
2009,11,24,2,30,2.7,0,0,0,7.1000000000000005,0.0000,0.0000
2009,11,24,3,0,2.5,0,0,0,7.300000000000001,0.0000,0.0000
2009,11,24,3,30,2.4000000000000004,0,0,0,7.1000000000000005,0.0000,0.0000
2009,11,24,4,0,2.3000000000000003,0,0,0,7,0.0000,0.0000
2009,11,24,4,30,2.1,0,0,0,6.800000000000001,0.0000,0.0000
2009,11,24,5,0,1.9000000000000001,0,0,0,6.6000000000000005,0.0000,0.0000
2009,11,24,5,30,1.7000000000000002,0,0,0,6.6000000000000005,0.0000,0.0000
2009,11,24,6,0,1.5,0,0,0,6.5,0.0000,0.0000
2009,11,24,6,30,1.3,0,0,0,6.5,0.0000,0.0000
2009,11,24,7,0,1,0,0,0,6.4,0.0000,0.0000
2009,11,24,7,30,1,0,0,0,6.6000000000000005,0.0000,0.0000
2009,11,24,8,0,1,15,0,15,6.7,0.0000,0.0000
2009,11,24,8,30,1.3,32,0,33,7,0.0000,0.0000
2009,11,24,9,0,1.7000000000000002,33,0,33,7.300000000000001,1.5908,1.2185
2009,11,24,9,30,2.4000000000000004,102,9,104,7.5,5.1795,3.9940
2009,11,24,10,0,3.1,83,3,84,7.800000000000001,4.3137,3.3420
2009,11,24,10,30,3.9000000000000004,56,0,56,8,2.9444,2.2881
2009,11,24,11,0,4.7,63,0,63,8.1,3.3680,2.6222
2009,11,24,11,30,5.300000000000001,63,0,63,8.200000000000001,3.4034,2.6527
2009,11,24,12,0,6,112,0,112,8.3,6.0805,4.7419
2009,11,24,12,30,6.5,151,1,151,8.3,8.1968,6.3921
2009,11,24,13,0,7,122,0,122,8.200000000000001,6.5875,5.1343
2009,11,24,13,30,7.2,128,0,129,8.1,6.8908,5.3645
2009,11,24,14,0,7.5,171,6,174,8,9.1378,7.0997
2009,11,24,14,30,7.4,161,317,271,7.6000000000000005,13.8934,10.7611
2009,11,24,15,0,7.300000000000001,64,696,266,7.300000000000001,13.2218,10.1922
2009,11,24,15,30,6.7,56,621,195,6.6000000000000005,9.3845,7.1851
2009,11,24,16,0,6.2,43,512,121,5.9,0.0000,0.0000
2009,11,24,16,30,5.2,26,320,50,5.2,0.0000,0.0000
2009,11,24,17,0,4.2,0,0,0,4.5,0.0000,0.0000
2009,11,24,17,30,3.5,0,0,0,4.1000000000000005,0.0000,0.0000
2009,11,24,18,0,2.8000000000000003,0,0,0,3.8000000000000003,0.0000,0.0000
2009,11,24,18,30,2.4000000000000004,0,0,0,3.6,0.0000,0.0000
2009,11,24,19,0,2,0,0,0,3.5,0.0000,0.0000
2009,11,24,19,30,1.7000000000000002,0,0,0,3.3000000000000003,0.0000,0.0000
2009,11,24,20,0,1.4000000000000001,0,0,0,3.2,0.0000,0.0000
2009,11,24,20,30,1,0,0,0,3.1,0.0000,0.0000
2009,11,24,21,0,0.7000000000000001,0,0,0,3,0.0000,0.0000
2009,11,24,21,30,0.5,0,0,0,3,0.0000,0.0000
2009,11,24,22,0,0.30000000000000004,0,0,0,2.9000000000000004,0.0000,0.0000
2009,11,24,22,30,0.5,0,0,0,2.9000000000000004,0.0000,0.0000
2009,11,24,23,0,0.7000000000000001,0,0,0,2.9000000000000004,0.0000,0.0000
2009,11,24,23,30,0.9,0,0,0,2.9000000000000004,0.0000,0.0000
2009,11,25,0,0,1,0,0,0,2.9000000000000004,0.0000,0.0000
2009,11,25,0,30,1.2000000000000002,0,0,0,3.3000000000000003,0.0000,0.0000
2009,11,25,1,0,1.4000000000000001,0,0,0,3.6,0.0000,0.0000
2009,11,25,1,30,1.5,0,0,0,3.8000000000000003,0.0000,0.0000
2009,11,25,2,0,1.6,0,0,0,4,0.0000,0.0000
2009,11,25,2,30,1.6,0,0,0,4.2,0.0000,0.0000
2009,11,25,3,0,1.7000000000000002,0,0,0,4.3,0.0000,0.0000
2009,11,25,3,30,1.8,0,0,0,4.7,0.0000,0.0000
2009,11,25,4,0,1.9000000000000001,0,0,0,5,0.0000,0.0000
2009,11,25,4,30,2.1,0,0,0,5.2,0.0000,0.0000
2009,11,25,5,0,2.3000000000000003,0,0,0,5.4,0.0000,0.0000
2009,11,25,5,30,2.1,0,0,0,5.7,0.0000,0.0000
2009,11,25,6,0,1.9000000000000001,0,0,0,5.9,0.0000,0.0000
2009,11,25,6,30,1.4000000000000001,0,0,0,6,0.0000,0.0000
2009,11,25,7,0,0.8,0,0,0,6,0.0000,0.0000
2009,11,25,7,30,0.8,0,0,0,6.2,0.0000,0.0000
2009,11,25,8,0,0.7000000000000001,26,367,54,6.300000000000001,0.0000,0.0000
2009,11,25,8,30,1.3,41,554,126,7.1000000000000005,0.0000,0.0000
2009,11,25,9,0,1.9000000000000001,54,648,200,7.800000000000001,9.6277,7.3719
2009,11,25,9,30,2.5,62,726,272,8.3,13.5213,10.4232
2009,11,25,10,0,3.1,68,782,337,8.8,17.2739,13.3791
2009,11,25,10,30,3.6,72,824,393,8.8,20.6288,16.0269
2009,11,25,11,0,4.1000000000000005,158,530,383,8.8,20.4437,15.9141
2009,11,25,11,30,4.4,275,115,326,8.700000000000001,17.5869,13.7061
2009,11,25,12,0,4.7,71,892,481,8.6,26.0808,20.3364
2009,11,25,12,30,4.800000000000001,277,153,347,8.5,18.8126,14.6688
2009,11,25,13,0,5,72,880,465,8.3,25.0770,19.5426
2009,11,25,13,30,5,70,866,436,8.200000000000001,23.2608,18.1060
2009,11,25,14,0,5,69,836,393,8.1,20.6121,16.0124
2009,11,25,14,30,4.800000000000001,65,800,339,7.9,17.3578,13.4421
2009,11,25,15,0,4.6000000000000005,60,745,273,7.7,13.5534,10.4456
2009,11,25,15,30,4.1000000000000005,52,668,200,7.2,9.6176,7.3619
2009,11,25,16,0,3.6,40,557,124,6.7,0.0000,0.0000
2009,11,25,16,30,2.8000000000000003,11,0,11,6.1000000000000005,0.0000,0.0000
2009,11,25,17,0,2,0,0,0,5.5,0.0000,0.0000
2009,11,25,17,30,1.5,0,0,0,5.4,0.0000,0.0000
2009,11,25,18,0,1.1,0,0,0,5.2,0.0000,0.0000
2009,11,25,18,30,0.6000000000000001,0,0,0,4.800000000000001,0.0000,0.0000
2009,11,25,19,0,0.1,0,0,0,4.5,0.0000,0.0000
2009,11,25,19,30,-0.4,0,0,0,4.2,0.0000,0.0000
2009,11,25,20,0,-0.9,0,0,0,4,0.0000,0.0000
2009,11,25,20,30,-1.2000000000000002,0,0,0,3.9000000000000004,0.0000,0.0000
2009,11,25,21,0,-1.5,0,0,0,3.9000000000000004,0.0000,0.0000
2009,11,25,21,30,-1.8,0,0,0,3.9000000000000004,0.0000,0.0000
2009,11,25,22,0,-2.1,0,0,0,3.9000000000000004,0.0000,0.0000
2009,11,25,22,30,-2.3000000000000003,0,0,0,3.8000000000000003,0.0000,0.0000
2009,11,25,23,0,-2.5,0,0,0,3.7,0.0000,0.0000
2009,11,25,23,30,-2.7,0,0,0,3.8000000000000003,0.0000,0.0000
2009,11,26,0,0,-2.8000000000000003,0,0,0,3.9000000000000004,0.0000,0.0000
2009,11,26,0,30,-2.9000000000000004,0,0,0,3.9000000000000004,0.0000,0.0000
2009,11,26,1,0,-3,0,0,0,4,0.0000,0.0000
2009,11,26,1,30,-3.2,0,0,0,3.9000000000000004,0.0000,0.0000
2009,11,26,2,0,-3.4000000000000004,0,0,0,3.8000000000000003,0.0000,0.0000
2009,11,26,2,30,-3.6,0,0,0,3.7,0.0000,0.0000
2009,11,26,3,0,-3.8000000000000003,0,0,0,3.6,0.0000,0.0000
2009,11,26,3,30,-3.9000000000000004,0,0,0,3.5,0.0000,0.0000
2009,11,26,4,0,-4,0,0,0,3.5,0.0000,0.0000
2009,11,26,4,30,-4.1000000000000005,0,0,0,3.5,0.0000,0.0000
2009,11,26,5,0,-4.2,0,0,0,3.5,0.0000,0.0000
2009,11,26,5,30,-4.4,0,0,0,3.4000000000000004,0.0000,0.0000
2009,11,26,6,0,-4.5,0,0,0,3.4000000000000004,0.0000,0.0000
2009,11,26,6,30,-4.7,0,0,0,3.2,0.0000,0.0000
2009,11,26,7,0,-4.800000000000001,0,0,0,2.9000000000000004,0.0000,0.0000
2009,11,26,7,30,-4.4,0,0,0,3.2,0.0000,0.0000
2009,11,26,8,0,-3.9000000000000004,30,3,30,3.5,0.0000,0.0000
2009,11,26,8,30,-2.8000000000000003,36,633,131,3.5,0.0000,0.0000
2009,11,26,9,0,-1.7000000000000002,44,737,208,3.5,10.0004,7.6545
2009,11,26,9,30,-0.5,51,808,282,3.6,13.9924,10.7829
2009,11,26,10,0,0.7000000000000001,54,861,347,3.8000000000000003,17.7547,13.7481
2009,11,26,10,30,1.4000000000000001,57,885,399,3.7,20.9098,16.2420
2009,11,26,11,0,2,58,910,441,3.5,23.5049,18.2940
2009,11,26,11,30,2.6,60,923,470,3.4000000000000004,25.3203,19.7301
2009,11,26,12,0,3.2,63,915,481,3.2,26.0460,20.3065
2009,11,26,12,30,3.7,63,910,478,3,25.8836,20.1798
2009,11,26,13,0,4.2,180,409,362,2.8000000000000003,19.4993,15.1940
2009,11,26,13,30,4.5,58,890,433,2.7,23.0733,17.9577
2009,11,26,14,0,4.800000000000001,55,872,391,2.5,20.4822,15.9091
2009,11,26,14,30,4.800000000000001,52,834,335,2.3000000000000003,17.1315,13.2645
2009,11,26,15,0,4.800000000000001,48,783,271,2.1,13.4379,10.3544
2009,11,26,15,30,3.8000000000000003,42,707,198,1.5,9.5147,7.2817
2009,11,26,16,0,2.8000000000000003,34,597,123,0.9,0.0000,0.0000
2009,11,26,16,30,2.2,21,410,51,1,0.0000,0.0000
2009,11,26,17,0,1.5,0,0,0,1,0.0000,0.0000
2009,11,26,17,30,1.2000000000000002,0,0,0,1.1,0.0000,0.0000
2009,11,26,18,0,0.9,0,0,0,1.1,0.0000,0.0000
2009,11,26,18,30,0.4,0,0,0,1.2000000000000002,0.0000,0.0000
2009,11,26,19,0,-0.2,0,0,0,1.3,0.0000,0.0000
2009,11,26,19,30,-0.5,0,0,0,1.5,0.0000,0.0000
2009,11,26,20,0,-0.8,0,0,0,1.6,0.0000,0.0000
2009,11,26,20,30,-0.8,0,0,0,1.8,0.0000,0.0000
2009,11,26,21,0,-0.8,0,0,0,2,0.0000,0.0000
2009,11,26,21,30,-0.7000000000000001,0,0,0,2.2,0.0000,0.0000
2009,11,26,22,0,-0.6000000000000001,0,0,0,2.3000000000000003,0.0000,0.0000
2009,11,26,22,30,-0.5,0,0,0,2.4000000000000004,0.0000,0.0000
2009,11,26,23,0,-0.5,0,0,0,2.5,0.0000,0.0000
2009,11,26,23,30,-0.5,0,0,0,2.5,0.0000,0.0000
2009,11,27,0,0,-0.5,0,0,0,2.6,0.0000,0.0000
2009,11,27,0,30,-0.5,0,0,0,2.6,0.0000,0.0000
2009,11,27,1,0,-0.6000000000000001,0,0,0,2.6,0.0000,0.0000
2009,11,27,1,30,-0.6000000000000001,0,0,0,2.6,0.0000,0.0000
2009,11,27,2,0,-0.6000000000000001,0,0,0,2.6,0.0000,0.0000
2009,11,27,2,30,-0.6000000000000001,0,0,0,2.5,0.0000,0.0000
2009,11,27,3,0,-0.6000000000000001,0,0,0,2.5,0.0000,0.0000
2009,11,27,3,30,-0.7000000000000001,0,0,0,2.3000000000000003,0.0000,0.0000
2009,11,27,4,0,-0.8,0,0,0,2.2,0.0000,0.0000
2009,11,27,4,30,-0.8,0,0,0,2.2,0.0000,0.0000
2009,11,27,5,0,-0.8,0,0,0,2.1,0.0000,0.0000
2009,11,27,5,30,-0.9,0,0,0,2,0.0000,0.0000
2009,11,27,6,0,-1,0,0,0,1.9000000000000001,0.0000,0.0000
2009,11,27,6,30,-1,0,0,0,1.9000000000000001,0.0000,0.0000
2009,11,27,7,0,-1,0,0,0,1.8,0.0000,0.0000
2009,11,27,7,30,-0.30000000000000004,0,0,0,2.1,0.0000,0.0000
2009,11,27,8,0,0.5,21,422,50,2.4000000000000004,0.0000,0.0000
2009,11,27,8,30,1.5,33,613,123,2.4000000000000004,0.0000,0.0000
2009,11,27,9,0,2.5,41,726,200,2.4000000000000004,9.6043,7.3488
2009,11,27,9,30,3.6,46,798,272,2,13.4725,10.3790
2009,11,27,10,0,4.6000000000000005,51,851,338,1.5,17.2631,13.3640
2009,11,27,10,30,6,54,884,393,1.3,20.5617,15.9684
2009,11,27,11,0,7.4,243,189,322,1.1,17.1367,13.3353
2009,11,27,11,30,8.9,57,919,463,1.3,24.9102,19.4077
2009,11,27,12,0,10.4,187,439,386,1.5,20.8764,16.2740
2009,11,27,12,30,11.5,277,123,333,1.8,18.0100,14.0395
2009,11,27,13,0,12.700000000000001,192,392,365,2,19.6376,15.2998
2009,11,27,13,30,13.100000000000001,182,392,345,2,18.3621,14.2891
2009,11,27,14,0,13.5,173,333,301,2,15.7495,12.2314
2009,11,27,14,30,13.200000000000001,181,122,222,1.6,11.3395,8.7785
2009,11,27,15,0,12.8,148,137,186,1.1,9.2137,7.0982
2009,11,27,15,30,11.3,121,109,145,1.1,6.9636,5.3283
2009,11,27,16,0,9.8,79,42,85,1.2000000000000002,0.0000,0.0000
2009,11,27,16,30,8.700000000000001,29,3,29,1.4000000000000001,0.0000,0.0000
2009,11,27,17,0,7.5,0,0,0,1.5,0.0000,0.0000
2009,11,27,17,30,7.1000000000000005,0,0,0,1.5,0.0000,0.0000
2009,11,27,18,0,6.6000000000000005,0,0,0,1.6,0.0000,0.0000
2009,11,27,18,30,6.2,0,0,0,1.6,0.0000,0.0000
2009,11,27,19,0,5.800000000000001,0,0,0,1.6,0.0000,0.0000
2009,11,27,19,30,5.5,0,0,0,1.6,0.0000,0.0000
2009,11,27,20,0,5.1000000000000005,0,0,0,1.6,0.0000,0.0000
2009,11,27,20,30,4.800000000000001,0,0,0,1.7000000000000002,0.0000,0.0000
2009,11,27,21,0,4.5,0,0,0,1.7000000000000002,0.0000,0.0000
2009,11,27,21,30,4.2,0,0,0,1.8,0.0000,0.0000
2009,11,27,22,0,3.9000000000000004,0,0,0,1.8,0.0000,0.0000
2009,11,27,22,30,3.7,0,0,0,1.9000000000000001,0.0000,0.0000
2009,11,27,23,0,3.5,0,0,0,1.9000000000000001,0.0000,0.0000
2009,11,27,23,30,3.2,0,0,0,2,0.0000,0.0000
2009,11,28,0,0,3,0,0,0,2,0.0000,0.0000
2009,11,28,0,30,2.8000000000000003,0,0,0,2,0.0000,0.0000
2009,11,28,1,0,2.6,0,0,0,2.1,0.0000,0.0000
2009,11,28,1,30,2.3000000000000003,0,0,0,2.1,0.0000,0.0000
2009,11,28,2,0,2.1,0,0,0,2.1,0.0000,0.0000
2009,11,28,2,30,1.9000000000000001,0,0,0,2,0.0000,0.0000
2009,11,28,3,0,1.6,0,0,0,2,0.0000,0.0000
2009,11,28,3,30,1.3,0,0,0,1.9000000000000001,0.0000,0.0000
2009,11,28,4,0,1.1,0,0,0,1.9000000000000001,0.0000,0.0000
2009,11,28,4,30,0.8,0,0,0,1.8,0.0000,0.0000
2009,11,28,5,0,0.6000000000000001,0,0,0,1.8,0.0000,0.0000
2009,11,28,5,30,0.4,0,0,0,1.8,0.0000,0.0000
2009,11,28,6,0,0.30000000000000004,0,0,0,1.7000000000000002,0.0000,0.0000
2009,11,28,6,30,0.30000000000000004,0,0,0,1.7000000000000002,0.0000,0.0000
2009,11,28,7,0,0.30000000000000004,0,0,0,1.7000000000000002,0.0000,0.0000
2009,11,28,7,30,1.1,0,0,0,2.2,0.0000,0.0000
2009,11,28,8,0,1.8,21,414,48,2.6,0.0000,0.0000
2009,11,28,8,30,2.5,33,606,121,2.8000000000000003,0.0000,0.0000
2009,11,28,9,0,3.3000000000000003,43,716,197,2.9000000000000004,9.4496,7.2279
2009,11,28,9,30,4,49,784,268,2.7,13.2499,10.2041
2009,11,28,10,0,4.7,199,88,229,2.5,11.6760,9.0366
2009,11,28,10,30,5.800000000000001,228,73,256,2.6,13.3729,10.3835
2009,11,28,11,0,6.800000000000001,244,172,315,2.6,16.7414,13.0258
2009,11,28,11,30,7.6000000000000005,62,901,457,2.9000000000000004,24.5545,19.1279
2009,11,28,12,0,8.5,141,669,442,3.1,23.8759,18.6098
2009,11,28,12,30,8.8,198,542,442,3.4000000000000004,23.8775,18.6112
2009,11,28,13,0,9.200000000000001,195,375,359,3.7,19.2931,15.0296
2009,11,28,13,30,9.200000000000001,169,409,339,3.9000000000000004,18.0224,14.0229
2009,11,28,14,0,9.200000000000001,179,274,284,4.2,14.8441,11.5267
2009,11,28,14,30,8.8,185,25,194,4.2,9.8986,7.6618
2009,11,28,15,0,8.4,113,3,114,4.3,5.6414,4.3453
2009,11,28,15,30,7.7,112,101,134,3.9000000000000004,6.4314,4.9202
2009,11,28,16,0,6.9,65,15,67,3.5,0.0000,0.0000
2009,11,28,16,30,6.2,29,3,29,3.5,0.0000,0.0000
2009,11,28,17,0,5.5,0,0,0,3.5,0.0000,0.0000
2009,11,28,17,30,5.2,0,0,0,3.7,0.0000,0.0000
2009,11,28,18,0,4.9,0,0,0,4,0.0000,0.0000
2009,11,28,18,30,4.6000000000000005,0,0,0,4.1000000000000005,0.0000,0.0000
2009,11,28,19,0,4.3,0,0,0,4.2,0.0000,0.0000
2009,11,28,19,30,4,0,0,0,4.3,0.0000,0.0000
2009,11,28,20,0,3.7,0,0,0,4.3,0.0000,0.0000
2009,11,28,20,30,3.5,0,0,0,4.4,0.0000,0.0000
2009,11,28,21,0,3.2,0,0,0,4.6000000000000005,0.0000,0.0000
2009,11,28,21,30,3,0,0,0,4.6000000000000005,0.0000,0.0000
2009,11,28,22,0,2.7,0,0,0,4.7,0.0000,0.0000
2009,11,28,22,30,2.4000000000000004,0,0,0,4.800000000000001,0.0000,0.0000
2009,11,28,23,0,2.1,0,0,0,4.9,0.0000,0.0000
2009,11,28,23,30,1.9000000000000001,0,0,0,5,0.0000,0.0000
2009,11,29,0,0,1.6,0,0,0,5.1000000000000005,0.0000,0.0000
2009,11,29,0,30,1.4000000000000001,0,0,0,5,0.0000,0.0000
2009,11,29,1,0,1.1,0,0,0,5,0.0000,0.0000
2009,11,29,1,30,1,0,0,0,4.9,0.0000,0.0000
2009,11,29,2,0,0.8,0,0,0,4.800000000000001,0.0000,0.0000
2009,11,29,2,30,0.7000000000000001,0,0,0,4.7,0.0000,0.0000
2009,11,29,3,0,0.6000000000000001,0,0,0,4.6000000000000005,0.0000,0.0000
2009,11,29,3,30,0.7000000000000001,0,0,0,4.6000000000000005,0.0000,0.0000
2009,11,29,4,0,0.7000000000000001,0,0,0,4.6000000000000005,0.0000,0.0000
2009,11,29,4,30,0.7000000000000001,0,0,0,4.6000000000000005,0.0000,0.0000
2009,11,29,5,0,0.8,0,0,0,4.6000000000000005,0.0000,0.0000
2009,11,29,5,30,0.8,0,0,0,4.7,0.0000,0.0000
2009,11,29,6,0,0.8,0,0,0,4.800000000000001,0.0000,0.0000
2009,11,29,6,30,0.6000000000000001,0,0,0,4.800000000000001,0.0000,0.0000
2009,11,29,7,0,0.5,0,0,0,4.800000000000001,0.0000,0.0000
2009,11,29,7,30,0.30000000000000004,0,0,0,5,0.0000,0.0000
2009,11,29,8,0,0.2,27,2,27,5.2,0.0000,0.0000
2009,11,29,8,30,0.5,43,503,113,5.5,0.0000,0.0000
2009,11,29,9,0,0.8,51,660,191,5.800000000000001,9.1522,6.9980
2009,11,29,9,30,1.5,59,740,264,5.9,13.0306,10.0322
2009,11,29,10,0,2.1,64,801,330,6,16.7981,12.9978
2009,11,29,10,30,2.7,69,837,384,6,20.0277,15.5476
2009,11,29,11,0,3.2,72,862,427,6,22.6612,17.6288
2009,11,29,11,30,3.6,74,877,456,5.800000000000001,24.4695,19.0590
2009,11,29,12,0,4,71,898,473,5.6000000000000005,25.5207,19.8894
2009,11,29,12,30,4.2,71,898,473,5.5,25.5242,19.8925
2009,11,29,13,0,4.4,69,895,459,5.300000000000001,24.6410,19.1935
2009,11,29,13,30,4.4,67,889,434,5.2,23.0485,17.9315
2009,11,29,14,0,4.5,63,870,393,5.1000000000000005,20.5193,15.9314
2009,11,29,14,30,4.3,59,836,338,4.800000000000001,17.2288,13.3337
2009,11,29,15,0,4.1000000000000005,53,790,274,4.5,13.5466,10.4326
2009,11,29,15,30,3.1,46,715,200,3.4000000000000004,9.5941,7.3386
2009,11,29,16,0,2,36,605,123,2.3000000000000003,0.0000,0.0000
2009,11,29,16,30,0.5,22,413,50,1.8,0.0000,0.0000
2009,11,29,17,0,-1.1,0,0,0,1.4000000000000001,0.0000,0.0000
2009,11,29,17,30,-1.4000000000000001,0,0,0,1.3,0.0000,0.0000
2009,11,29,18,0,-1.8,0,0,0,1.3,0.0000,0.0000
2009,11,29,18,30,-1.8,0,0,0,1.3,0.0000,0.0000
2009,11,29,19,0,-1.9000000000000001,0,0,0,1.2000000000000002,0.0000,0.0000
2009,11,29,19,30,-1.8,0,0,0,1.2000000000000002,0.0000,0.0000
2009,11,29,20,0,-1.6,0,0,0,1.1,0.0000,0.0000
2009,11,29,20,30,-1.6,0,0,0,1,0.0000,0.0000
2009,11,29,21,0,-1.7000000000000002,0,0,0,1,0.0000,0.0000
2009,11,29,21,30,-2.1,0,0,0,1,0.0000,0.0000
2009,11,29,22,0,-2.5,0,0,0,1.1,0.0000,0.0000
2009,11,29,22,30,-2.9000000000000004,0,0,0,1.2000000000000002,0.0000,0.0000
2009,11,29,23,0,-3.4000000000000004,0,0,0,1.3,0.0000,0.0000
2009,11,29,23,30,-3.5,0,0,0,1.4000000000000001,0.0000,0.0000
2009,11,30,0,0,-3.5,0,0,0,1.6,0.0000,0.0000
2009,11,30,0,30,-3.4000000000000004,0,0,0,1.9000000000000001,0.0000,0.0000
2009,11,30,1,0,-3.3000000000000003,0,0,0,2.2,0.0000,0.0000
2009,11,30,1,30,-3.2,0,0,0,2.4000000000000004,0.0000,0.0000
2009,11,30,2,0,-3.1,0,0,0,2.6,0.0000,0.0000
2009,11,30,2,30,-3,0,0,0,2.6,0.0000,0.0000
2009,11,30,3,0,-3,0,0,0,2.7,0.0000,0.0000
2009,11,30,3,30,-2.9000000000000004,0,0,0,2.8000000000000003,0.0000,0.0000
2009,11,30,4,0,-2.8000000000000003,0,0,0,2.8000000000000003,0.0000,0.0000
2009,11,30,4,30,-2.8000000000000003,0,0,0,2.8000000000000003,0.0000,0.0000
2009,11,30,5,0,-2.7,0,0,0,2.8000000000000003,0.0000,0.0000
2009,11,30,5,30,-2.6,0,0,0,2.8000000000000003,0.0000,0.0000
2009,11,30,6,0,-2.5,0,0,0,2.7,0.0000,0.0000
2009,11,30,6,30,-2.5,0,0,0,2.8000000000000003,0.0000,0.0000
2009,11,30,7,0,-2.4000000000000004,0,0,0,2.9000000000000004,0.0000,0.0000
2009,11,30,7,30,-1.8,0,0,0,3.4000000000000004,0.0000,0.0000
2009,11,30,8,0,-1.2000000000000002,19,394,43,3.9000000000000004,0.0000,0.0000
2009,11,30,8,30,-0.30000000000000004,32,588,113,3.9000000000000004,0.0000,0.0000
2009,11,30,9,0,0.6000000000000001,40,707,188,4,9.0001,6.8795
2009,11,30,9,30,1.8,46,776,258,3.7,12.7135,9.7851
2009,11,30,10,0,3.1,50,828,322,3.5,16.3625,12.6576
2009,11,30,10,30,4.5,53,862,375,3.4000000000000004,19.5289,15.1575
2009,11,30,11,0,6,54,888,417,3.4000000000000004,22.1001,17.1895
2009,11,30,11,30,7.5,55,902,446,3.6,23.9038,18.6159
2009,11,30,12,0,9.1,53,909,458,3.8000000000000003,24.6824,19.2337
2009,11,30,12,30,9.9,53,909,458,3.9000000000000004,24.6875,19.2381
2009,11,30,13,0,10.8,52,903,444,4.1000000000000005,23.8102,18.5442
2009,11,30,13,30,11,51,890,417,3.9000000000000004,22.1238,17.2101
2009,11,30,14,0,11.200000000000001,48,866,375,3.8000000000000003,19.5599,15.1847
2009,11,30,14,30,10.700000000000001,45,838,324,3.1,16.4987,12.7668
2009,11,30,15,0,10.200000000000001,42,791,261,2.4000000000000004,12.8920,9.9268
2009,11,30,15,30,8.5,37,721,191,2.2,9.1582,7.0041
2009,11,30,16,0,6.800000000000001,29,614,117,2,0.0000,0.0000
2009,11,30,16,30,5.7,19,431,47,2.2,0.0000,0.0000
2009,11,30,17,0,4.7,0,0,0,2.5,0.0000,0.0000
2009,11,30,17,30,4.7,0,0,0,2.8000000000000003,0.0000,0.0000
2009,11,30,18,0,4.800000000000001,0,0,0,3,0.0000,0.0000
2009,11,30,18,30,4.7,0,0,0,3.2,0.0000,0.0000
2009,11,30,19,0,4.7,0,0,0,3.4000000000000004,0.0000,0.0000
2009,11,30,19,30,4.5,0,0,0,3.5,0.0000,0.0000
2009,11,30,20,0,4.3,0,0,0,3.6,0.0000,0.0000
2009,11,30,20,30,4.1000000000000005,0,0,0,3.7,0.0000,0.0000
2009,11,30,21,0,3.8000000000000003,0,0,0,3.9000000000000004,0.0000,0.0000
2009,11,30,21,30,3.5,0,0,0,3.9000000000000004,0.0000,0.0000
2009,11,30,22,0,3.2,0,0,0,4,0.0000,0.0000
2009,11,30,22,30,2.8000000000000003,0,0,0,3.9000000000000004,0.0000,0.0000
2009,11,30,23,0,2.4000000000000004,0,0,0,3.9000000000000004,0.0000,0.0000
2009,11,30,23,30,2.2,0,0,0,3.9000000000000004,0.0000,0.0000
2009,12,1,0,0,1.9000000000000001,0,0,0,3.9000000000000004,0.0000,0.0000
2009,12,1,0,30,1.5,0,0,0,3.7,0.0000,0.0000
2009,12,1,1,0,1,0,0,0,3.4000000000000004,0.0000,0.0000
2009,12,1,1,30,0.6000000000000001,0,0,0,3.2,0.0000,0.0000
2009,12,1,2,0,0.1,0,0,0,2.9000000000000004,0.0000,0.0000
2009,12,1,2,30,-0.2,0,0,0,2.9000000000000004,0.0000,0.0000
2009,12,1,3,0,-0.6000000000000001,0,0,0,2.8000000000000003,0.0000,0.0000
2009,12,1,3,30,-0.7000000000000001,0,0,0,3,0.0000,0.0000
2009,12,1,4,0,-0.8,0,0,0,3.1,0.0000,0.0000
2009,12,1,4,30,-0.8,0,0,0,3.3000000000000003,0.0000,0.0000
2009,12,1,5,0,-0.9,0,0,0,3.6,0.0000,0.0000
2009,12,1,5,30,-0.9,0,0,0,3.7,0.0000,0.0000
2009,12,1,6,0,-0.9,0,0,0,3.9000000000000004,0.0000,0.0000
2009,12,1,6,30,-1,0,0,0,4,0.0000,0.0000
2009,12,1,7,0,-1.1,0,0,0,4.1000000000000005,0.0000,0.0000
2009,12,1,7,30,-0.8,0,0,0,4.4,0.0000,0.0000
2009,12,1,8,0,-0.5,19,387,41,4.7,0.0000,0.0000
2009,12,1,8,30,0.5,32,590,112,4.800000000000001,0.0000,0.0000
2009,12,1,9,0,1.6,42,705,187,4.9,8.9450,6.8354
2009,12,1,9,30,3.1,48,776,258,4.7,12.6928,9.7661
2009,12,1,10,0,4.6000000000000005,53,825,322,4.5,16.3371,12.6350
2009,12,1,10,30,6.2,57,860,376,4.800000000000001,19.5530,15.1734
2009,12,1,11,0,7.800000000000001,60,877,416,5.1000000000000005,22.0182,17.1233
2009,12,1,11,30,8.6,61,892,445,5.4,23.8209,18.5489
2009,12,1,12,0,9.4,60,904,460,5.800000000000001,24.7626,19.2939
2009,12,1,12,30,9.5,60,904,461,6.1000000000000005,24.8234,19.3418
2009,12,1,13,0,9.600000000000001,60,896,448,6.4,24.0023,18.6919
2009,12,1,13,30,9.200000000000001,173,411,341,6.5,18.0736,14.0579
2009,12,1,14,0,8.8,177,233,264,6.6000000000000005,13.7564,10.6779
2009,12,1,14,30,8.1,138,29,147,6.2,7.4787,5.7863
2009,12,1,15,0,7.4,52,762,262,5.800000000000001,12.9319,9.9562
2009,12,1,15,30,6.5,45,692,192,5.2,9.2021,7.0367
2009,12,1,16,0,5.7,78,65,87,4.5,0.0000,0.0000
2009,12,1,16,30,4.800000000000001,31,6,31,4.2,0.0000,0.0000
2009,12,1,17,0,4,0,0,0,3.8000000000000003,0.0000,0.0000
2009,12,1,17,30,3.6,0,0,0,3.7,0.0000,0.0000
2009,12,1,18,0,3.2,0,0,0,3.6,0.0000,0.0000
2009,12,1,18,30,3,0,0,0,3.8000000000000003,0.0000,0.0000
2009,12,1,19,0,2.8000000000000003,0,0,0,4,0.0000,0.0000
2009,12,1,19,30,2.7,0,0,0,4.2,0.0000,0.0000
2009,12,1,20,0,2.6,0,0,0,4.5,0.0000,0.0000
2009,12,1,20,30,2.2,0,0,0,4.6000000000000005,0.0000,0.0000
2009,12,1,21,0,1.8,0,0,0,4.800000000000001,0.0000,0.0000
2009,12,1,21,30,1.2000000000000002,0,0,0,5,0.0000,0.0000
2009,12,1,22,0,0.6000000000000001,0,0,0,5.1000000000000005,0.0000,0.0000
2009,12,1,22,30,0,0,0,0,5,0.0000,0.0000
2009,12,1,23,0,-0.5,0,0,0,5,0.0000,0.0000
2009,12,1,23,30,-0.8,0,0,0,4.9,0.0000,0.0000
2009,12,2,0,0,-1.1,0,0,0,4.800000000000001,0.0000,0.0000
2009,12,2,0,30,-1.3,0,0,0,4.800000000000001,0.0000,0.0000
2009,12,2,1,0,-1.4000000000000001,0,0,0,4.7,0.0000,0.0000
2009,12,2,1,30,-1.6,0,0,0,4.6000000000000005,0.0000,0.0000
2009,12,2,2,0,-1.8,0,0,0,4.6000000000000005,0.0000,0.0000
2009,12,2,2,30,-1.9000000000000001,0,0,0,4.5,0.0000,0.0000
2009,12,2,3,0,-2,0,0,0,4.4,0.0000,0.0000
2009,12,2,3,30,-2.1,0,0,0,4.4,0.0000,0.0000
2009,12,2,4,0,-2.3000000000000003,0,0,0,4.4,0.0000,0.0000
2009,12,2,4,30,-2.5,0,0,0,4.5,0.0000,0.0000
2009,12,2,5,0,-2.7,0,0,0,4.6000000000000005,0.0000,0.0000
2009,12,2,5,30,-2.9000000000000004,0,0,0,4.7,0.0000,0.0000
2009,12,2,6,0,-3.2,0,0,0,4.800000000000001,0.0000,0.0000
2009,12,2,6,30,-3.3000000000000003,0,0,0,4.9,0.0000,0.0000
2009,12,2,7,0,-3.5,0,0,0,4.9,0.0000,0.0000
2009,12,2,7,30,-3.4000000000000004,0,0,0,5.1000000000000005,0.0000,0.0000
2009,12,2,8,0,-3.3000000000000003,26,3,26,5.300000000000001,0.0000,0.0000
2009,12,2,8,30,-2.6,55,9,56,6,0.0000,0.0000
2009,12,2,9,0,-1.9000000000000001,103,6,104,6.7,4.9711,3.7976
2009,12,2,9,30,-1.3,141,12,144,7,7.0735,5.4409
2009,12,2,10,0,-0.7000000000000001,196,91,226,7.300000000000001,11.4485,8.8521
2009,12,2,10,30,-0.30000000000000004,64,854,379,7.1000000000000005,19.6806,15.2697
2009,12,2,11,0,0.2,67,877,422,7,22.3080,17.3462
2009,12,2,11,30,0.5,69,892,451,6.9,24.1141,18.7748
2009,12,2,12,0,0.7000000000000001,68,907,467,6.9,25.1130,19.5647
2009,12,2,12,30,0.8,68,907,468,6.9,25.1756,19.6143
2009,12,2,13,0,0.8,66,904,455,7,24.3545,18.9642
2009,12,2,13,30,0.6000000000000001,65,889,427,7,22.6126,17.5867
2009,12,2,14,0,0.30000000000000004,62,868,386,7,20.0967,15.5977
2009,12,2,14,30,0,197,41,210,6.9,10.6751,8.2584
2009,12,2,15,0,-0.4,90,1,90,6.800000000000001,4.4390,3.4171
2009,12,2,15,30,-0.8,93,2,94,6.4,4.5037,3.4436
2009,12,2,16,0,-1.3,57,0,57,6,0.0000,0.0000
2009,12,2,16,30,-1.8,25,0,25,5.6000000000000005,0.0000,0.0000
2009,12,2,17,0,-2.2,0,0,0,5.2,0.0000,0.0000
2009,12,2,17,30,-2.5,0,0,0,5,0.0000,0.0000
2009,12,2,18,0,-2.8000000000000003,0,0,0,4.800000000000001,0.0000,0.0000
2009,12,2,18,30,-3,0,0,0,4.7,0.0000,0.0000
2009,12,2,19,0,-3.2,0,0,0,4.6000000000000005,0.0000,0.0000
2009,12,2,19,30,-3.3000000000000003,0,0,0,4.6000000000000005,0.0000,0.0000
2009,12,2,20,0,-3.4000000000000004,0,0,0,4.6000000000000005,0.0000,0.0000
2009,12,2,20,30,-3.6,0,0,0,4.6000000000000005,0.0000,0.0000
2009,12,2,21,0,-3.7,0,0,0,4.5,0.0000,0.0000
2009,12,2,21,30,-3.8000000000000003,0,0,0,4.5,0.0000,0.0000
2009,12,2,22,0,-3.9000000000000004,0,0,0,4.5,0.0000,0.0000
2009,12,2,22,30,-4,0,0,0,4.5,0.0000,0.0000
2009,12,2,23,0,-4.1000000000000005,0,0,0,4.4,0.0000,0.0000
2009,12,2,23,30,-4.2,0,0,0,4.5,0.0000,0.0000
2009,12,3,0,0,-4.2,0,0,0,4.5,0.0000,0.0000
2009,12,3,0,30,-4.3,0,0,0,4.6000000000000005,0.0000,0.0000
2009,12,3,1,0,-4.4,0,0,0,4.7,0.0000,0.0000
2009,12,3,1,30,-4.5,0,0,0,4.800000000000001,0.0000,0.0000
2009,12,3,2,0,-4.6000000000000005,0,0,0,4.800000000000001,0.0000,0.0000
2009,12,3,2,30,-4.7,0,0,0,4.9,0.0000,0.0000
2009,12,3,3,0,-4.9,0,0,0,5,0.0000,0.0000
2009,12,3,3,30,-5.1000000000000005,0,0,0,5.1000000000000005,0.0000,0.0000
2009,12,3,4,0,-5.300000000000001,0,0,0,5.2,0.0000,0.0000
2009,12,3,4,30,-5.300000000000001,0,0,0,5.4,0.0000,0.0000
2009,12,3,5,0,-5.4,0,0,0,5.6000000000000005,0.0000,0.0000
2009,12,3,5,30,-5.4,0,0,0,5.800000000000001,0.0000,0.0000
2009,12,3,6,0,-5.4,0,0,0,6,0.0000,0.0000
2009,12,3,6,30,-5.4,0,0,0,6.300000000000001,0.0000,0.0000
2009,12,3,7,0,-5.5,0,0,0,6.5,0.0000,0.0000
2009,12,3,7,30,-5.5,0,0,0,6.800000000000001,0.0000,0.0000
2009,12,3,8,0,-5.5,20,313,37,7,0.0000,0.0000
2009,12,3,8,30,-5.4,37,534,106,7,0.0000,0.0000
2009,12,3,9,0,-5.2,47,674,182,7.1000000000000005,8.6936,6.6394
2009,12,3,9,30,-5,55,757,256,7.1000000000000005,12.5560,9.6551
2009,12,3,10,0,-4.7,61,816,322,7,16.2861,12.5896
2009,12,3,10,30,-4.5,226,69,251,7,13.0161,10.0971
2009,12,3,11,0,-4.3,217,21,226,6.9,11.9320,9.2767
2009,12,3,11,30,-4.2,246,35,260,6.800000000000001,13.8864,10.8104
2009,12,3,12,0,-4,201,7,204,6.7,10.9593,8.5371
2009,12,3,12,30,-4,216,11,221,6.6000000000000005,11.8768,9.2522
2009,12,3,13,0,-3.9000000000000004,239,29,251,6.5,13.4224,10.4506
2009,12,3,13,30,-4,160,2,160,6.4,8.4659,6.5836
2009,12,3,14,0,-4,96,0,96,6.2,4.9939,3.8755
2009,12,3,14,30,-4.1000000000000005,93,0,93,6.1000000000000005,4.7237,3.6538
2009,12,3,15,0,-4.2,61,0,61,5.9,3.0065,2.3140
2009,12,3,15,30,-4.4,36,0,36,5.7,1.7243,1.3183
2009,12,3,16,0,-4.7,32,0,32,5.4,0.0000,0.0000
2009,12,3,16,30,-4.9,9,0,9,5.1000000000000005,0.0000,0.0000
2009,12,3,17,0,-5.1000000000000005,0,0,0,4.800000000000001,0.0000,0.0000
2009,12,3,17,30,-5.1000000000000005,0,0,0,4.800000000000001,0.0000,0.0000
2009,12,3,18,0,-5.2,0,0,0,4.7,0.0000,0.0000
2009,12,3,18,30,-5.300000000000001,0,0,0,4.5,0.0000,0.0000
2009,12,3,19,0,-5.300000000000001,0,0,0,4.4,0.0000,0.0000
2009,12,3,19,30,-5.4,0,0,0,4.3,0.0000,0.0000
2009,12,3,20,0,-5.4,0,0,0,4.2,0.0000,0.0000
2009,12,3,20,30,-5.4,0,0,0,4.1000000000000005,0.0000,0.0000
2009,12,3,21,0,-5.5,0,0,0,4,0.0000,0.0000
2009,12,3,21,30,-5.5,0,0,0,3.9000000000000004,0.0000,0.0000
2009,12,3,22,0,-5.5,0,0,0,3.7,0.0000,0.0000
2009,12,3,22,30,-5.5,0,0,0,3.7,0.0000,0.0000
2009,12,3,23,0,-5.5,0,0,0,3.7,0.0000,0.0000
2009,12,3,23,30,-5.5,0,0,0,3.7,0.0000,0.0000
2009,12,4,0,0,-5.5,0,0,0,3.7,0.0000,0.0000
2009,12,4,0,30,-5.6000000000000005,0,0,0,3.7,0.0000,0.0000
2009,12,4,1,0,-5.6000000000000005,0,0,0,3.8000000000000003,0.0000,0.0000
2009,12,4,1,30,-5.7,0,0,0,3.9000000000000004,0.0000,0.0000
2009,12,4,2,0,-5.7,0,0,0,3.9000000000000004,0.0000,0.0000
2009,12,4,2,30,-5.9,0,0,0,4,0.0000,0.0000
2009,12,4,3,0,-6,0,0,0,4,0.0000,0.0000
2009,12,4,3,30,-6.2,0,0,0,4,0.0000,0.0000
2009,12,4,4,0,-6.4,0,0,0,4,0.0000,0.0000
2009,12,4,4,30,-6.6000000000000005,0,0,0,3.9000000000000004,0.0000,0.0000
2009,12,4,5,0,-6.800000000000001,0,0,0,3.9000000000000004,0.0000,0.0000
2009,12,4,5,30,-6.9,0,0,0,3.7,0.0000,0.0000
2009,12,4,6,0,-7.1000000000000005,0,0,0,3.6,0.0000,0.0000
2009,12,4,6,30,-7.4,0,0,0,3.5,0.0000,0.0000
2009,12,4,7,0,-7.6000000000000005,0,0,0,3.4000000000000004,0.0000,0.0000
2009,12,4,7,30,-7.7,0,0,0,3.4000000000000004,0.0000,0.0000
2009,12,4,8,0,-7.7,19,332,36,3.5,0.0000,0.0000
2009,12,4,8,30,-7.4,36,556,106,3.7,0.0000,0.0000
2009,12,4,9,0,-7.1000000000000005,47,688,183,3.9000000000000004,8.7365,6.6704
2009,12,4,9,30,-6.6000000000000005,55,772,257,4,12.5872,9.6764
2009,12,4,10,0,-6.2,60,817,319,4.1000000000000005,16.1105,12.4511
2009,12,4,10,30,-5.800000000000001,64,855,375,4.1000000000000005,19.4197,15.0619
2009,12,4,11,0,-5.5,68,881,419,4,22.0957,17.1761
2009,12,4,11,30,-5.2,189,5,191,4,10.1899,7.9317
2009,12,4,12,0,-4.9,138,0,138,3.9000000000000004,7.4063,5.7688
2009,12,4,12,30,-4.6000000000000005,241,28,254,3.8000000000000003,13.6386,10.6237
2009,12,4,13,0,-4.3,135,0,135,3.8000000000000003,7.2134,5.6158
2009,12,4,13,30,-4.1000000000000005,147,1,147,3.6,7.7714,6.0429
2009,12,4,14,0,-3.9000000000000004,197,17,203,3.5,10.5521,8.1881
2009,12,4,14,30,-3.8000000000000003,195,41,208,3.3000000000000003,10.5570,8.1652
2009,12,4,15,0,-3.6,51,798,269,3.1,13.2508,10.1979
2009,12,4,15,30,-3.8000000000000003,44,724,196,2.5,9.3850,7.1742
2009,12,4,16,0,-3.9000000000000004,35,612,120,2,0.0000,0.0000
2009,12,4,16,30,-4.7,21,418,48,1.5,0.0000,0.0000
2009,12,4,17,0,-5.5,0,0,0,1.1,0.0000,0.0000
2009,12,4,17,30,-5.9,0,0,0,1.4000000000000001,0.0000,0.0000
2009,12,4,18,0,-6.300000000000001,0,0,0,1.6,0.0000,0.0000
2009,12,4,18,30,-6.5,0,0,0,1.9000000000000001,0.0000,0.0000
2009,12,4,19,0,-6.6000000000000005,0,0,0,2.2,0.0000,0.0000
2009,12,4,19,30,-6.7,0,0,0,2.6,0.0000,0.0000
2009,12,4,20,0,-6.7,0,0,0,2.9000000000000004,0.0000,0.0000
2009,12,4,20,30,-6.800000000000001,0,0,0,3.1,0.0000,0.0000
2009,12,4,21,0,-6.9,0,0,0,3.2,0.0000,0.0000
2009,12,4,21,30,-7,0,0,0,3.2,0.0000,0.0000
2009,12,4,22,0,-7.2,0,0,0,3.3000000000000003,0.0000,0.0000
2009,12,4,22,30,-7.300000000000001,0,0,0,3.3000000000000003,0.0000,0.0000
2009,12,4,23,0,-7.4,0,0,0,3.4000000000000004,0.0000,0.0000
2009,12,4,23,30,-7.5,0,0,0,3.3000000000000003,0.0000,0.0000
2009,12,5,0,0,-7.7,0,0,0,3.3000000000000003,0.0000,0.0000
2009,12,5,0,30,-7.800000000000001,0,0,0,3.2,0.0000,0.0000
2009,12,5,1,0,-8,0,0,0,3.1,0.0000,0.0000
2009,12,5,1,30,-8.200000000000001,0,0,0,2.9000000000000004,0.0000,0.0000
2009,12,5,2,0,-8.4,0,0,0,2.8000000000000003,0.0000,0.0000
2009,12,5,2,30,-8.5,0,0,0,2.7,0.0000,0.0000
2009,12,5,3,0,-8.700000000000001,0,0,0,2.7,0.0000,0.0000
2009,12,5,3,30,-8.9,0,0,0,2.7,0.0000,0.0000
2009,12,5,4,0,-9.1,0,0,0,2.6,0.0000,0.0000
2009,12,5,4,30,-9.3,0,0,0,2.6,0.0000,0.0000
2009,12,5,5,0,-9.4,0,0,0,2.5,0.0000,0.0000
2009,12,5,5,30,-9.5,0,0,0,2.4000000000000004,0.0000,0.0000
2009,12,5,6,0,-9.700000000000001,0,0,0,2.4000000000000004,0.0000,0.0000
2009,12,5,6,30,-9.700000000000001,0,0,0,2.5,0.0000,0.0000
2009,12,5,7,0,-9.700000000000001,0,0,0,2.6,0.0000,0.0000
2009,12,5,7,30,-9.4,0,0,0,2.8000000000000003,0.0000,0.0000
2009,12,5,8,0,-9.200000000000001,20,1,20,3,0.0000,0.0000
2009,12,5,8,30,-8.3,47,1,47,3,0.0000,0.0000
2009,12,5,9,0,-7.4,97,5,98,3,4.6763,3.5695
2009,12,5,9,30,-6.2,155,51,168,3,8.2174,6.3154
2009,12,5,10,0,-5,176,20,182,3.1,9.1780,7.0917
2009,12,5,10,30,-3.8000000000000003,187,15,192,3.1,9.9301,7.7004
2009,12,5,11,0,-2.6,244,80,276,3.1,14.5374,11.2991
2009,12,5,11,30,-1.6,261,104,305,3.1,16.2550,12.6513
2009,12,5,12,0,-0.5,269,119,321,3.1,17.2117,13.4048
2009,12,5,12,30,0.2,63,915,461,2.9000000000000004,24.7307,19.2619
2009,12,5,13,0,1,61,912,448,2.8000000000000003,23.9168,18.6180
2009,12,5,13,30,1.3,60,898,421,2.6,22.2395,17.2915
2009,12,5,14,0,1.6,57,878,381,2.4000000000000004,19.7895,15.3547
2009,12,5,14,30,1.4000000000000001,53,844,328,2.2,16.6369,12.8664
2009,12,5,15,0,1.2000000000000002,49,792,264,2,12.9974,10.0018
2009,12,5,15,30,0,43,718,192,1.7000000000000002,9.1911,7.0254
2009,12,5,16,0,-1.2000000000000002,33,601,117,1.4000000000000001,0.0000,0.0000
2009,12,5,16,30,-2,20,405,46,1.6,0.0000,0.0000
2009,12,5,17,0,-2.9000000000000004,0,0,0,1.8,0.0000,0.0000
2009,12,5,17,30,-3.1,0,0,0,2.2,0.0000,0.0000
2009,12,5,18,0,-3.4000000000000004,0,0,0,2.6,0.0000,0.0000
2009,12,5,18,30,-3.8000000000000003,0,0,0,2.8000000000000003,0.0000,0.0000
2009,12,5,19,0,-4.2,0,0,0,3.1,0.0000,0.0000
2009,12,5,19,30,-4.5,0,0,0,3,0.0000,0.0000
2009,12,5,20,0,-4.9,0,0,0,3,0.0000,0.0000
2009,12,5,20,30,-5.1000000000000005,0,0,0,3,0.0000,0.0000
2009,12,5,21,0,-5.300000000000001,0,0,0,3,0.0000,0.0000
2009,12,5,21,30,-5.6000000000000005,0,0,0,2.9000000000000004,0.0000,0.0000
2009,12,5,22,0,-5.9,0,0,0,2.8000000000000003,0.0000,0.0000
2009,12,5,22,30,-6,0,0,0,3,0.0000,0.0000
2009,12,5,23,0,-6.2,0,0,0,3.1,0.0000,0.0000
2009,12,5,23,30,-6.300000000000001,0,0,0,3.3000000000000003,0.0000,0.0000
2009,12,6,0,0,-6.4,0,0,0,3.4000000000000004,0.0000,0.0000
2009,12,6,0,30,-6.5,0,0,0,3.5,0.0000,0.0000
2009,12,6,1,0,-6.6000000000000005,0,0,0,3.6,0.0000,0.0000
2009,12,6,1,30,-6.7,0,0,0,3.7,0.0000,0.0000
2009,12,6,2,0,-6.800000000000001,0,0,0,3.8000000000000003,0.0000,0.0000
2009,12,6,2,30,-6.9,0,0,0,3.9000000000000004,0.0000,0.0000
2009,12,6,3,0,-7,0,0,0,4.1000000000000005,0.0000,0.0000
2009,12,6,3,30,-7.1000000000000005,0,0,0,4.3,0.0000,0.0000
2009,12,6,4,0,-7.2,0,0,0,4.5,0.0000,0.0000
2009,12,6,4,30,-7.4,0,0,0,4.6000000000000005,0.0000,0.0000
2009,12,6,5,0,-7.5,0,0,0,4.7,0.0000,0.0000
2009,12,6,5,30,-7.6000000000000005,0,0,0,4.800000000000001,0.0000,0.0000
2009,12,6,6,0,-7.7,0,0,0,4.800000000000001,0.0000,0.0000
2009,12,6,6,30,-7.800000000000001,0,0,0,4.800000000000001,0.0000,0.0000
2009,12,6,7,0,-7.9,0,0,0,4.800000000000001,0.0000,0.0000
2009,12,6,7,30,-8,0,0,0,4.800000000000001,0.0000,0.0000
2009,12,6,8,0,-8.1,11,0,11,4.7,0.0000,0.0000
2009,12,6,8,30,-8,28,0,28,4.800000000000001,0.0000,0.0000
2009,12,6,9,0,-7.800000000000001,29,0,29,4.800000000000001,1.3833,1.0556
2009,12,6,9,30,-7.6000000000000005,72,3,73,4.9,3.5657,2.7396
2009,12,6,10,0,-7.4,141,22,148,4.9,7.4537,5.7582
2009,12,6,10,30,-7.2,117,6,119,5,6.1466,4.7657
2009,12,6,11,0,-7,106,3,107,5.1000000000000005,5.6296,4.3750
2009,12,6,11,30,-6.800000000000001,98,1,98,5.300000000000001,5.2179,4.0606
2009,12,6,12,0,-6.6000000000000005,147,7,150,5.4,8.0353,6.2575
2009,12,6,12,30,-6.6000000000000005,31,0,31,5.5,1.6617,1.2941
2009,12,6,13,0,-6.5,58,0,58,5.7,3.0941,2.4084
2009,12,6,13,30,-6.5,34,0,34,5.800000000000001,1.7948,1.3954
2009,12,6,14,0,-6.5,48,0,48,5.9,2.4917,1.9331
2009,12,6,14,30,-6.7,52,0,52,5.9,2.6361,2.0385
2009,12,6,15,0,-6.800000000000001,8,0,8,5.9,0.3937,0.3029
2009,12,6,15,30,-6.9,47,1,48,5.800000000000001,2.2973,1.7559
2009,12,6,16,0,-7.1000000000000005,45,2,46,5.7,0.0000,0.0000
2009,12,6,16,30,-7.300000000000001,15,0,15,5.6000000000000005,0.0000,0.0000
2009,12,6,17,0,-7.4,0,0,0,5.5,0.0000,0.0000
2009,12,6,17,30,-7.5,0,0,0,5.5,0.0000,0.0000
2009,12,6,18,0,-7.6000000000000005,0,0,0,5.4,0.0000,0.0000
2009,12,6,18,30,-7.7,0,0,0,5.4,0.0000,0.0000
2009,12,6,19,0,-7.7,0,0,0,5.300000000000001,0.0000,0.0000
2009,12,6,19,30,-7.800000000000001,0,0,0,5.300000000000001,0.0000,0.0000
2009,12,6,20,0,-7.800000000000001,0,0,0,5.2,0.0000,0.0000
2009,12,6,20,30,-7.9,0,0,0,5.2,0.0000,0.0000
2009,12,6,21,0,-7.9,0,0,0,5.2,0.0000,0.0000
2009,12,6,21,30,-7.9,0,0,0,5.1000000000000005,0.0000,0.0000
2009,12,6,22,0,-8,0,0,0,5.1000000000000005,0.0000,0.0000
2009,12,6,22,30,-8.1,0,0,0,5,0.0000,0.0000
2009,12,6,23,0,-8.200000000000001,0,0,0,4.9,0.0000,0.0000
2009,12,6,23,30,-8.3,0,0,0,4.800000000000001,0.0000,0.0000
2009,12,7,0,0,-8.4,0,0,0,4.800000000000001,0.0000,0.0000
2009,12,7,0,30,-8.6,0,0,0,4.6000000000000005,0.0000,0.0000
2009,12,7,1,0,-8.700000000000001,0,0,0,4.5,0.0000,0.0000
2009,12,7,1,30,-8.9,0,0,0,4.3,0.0000,0.0000
2009,12,7,2,0,-9.1,0,0,0,4.2,0.0000,0.0000
2009,12,7,2,30,-9.3,0,0,0,4,0.0000,0.0000
2009,12,7,3,0,-9.5,0,0,0,3.8000000000000003,0.0000,0.0000
2009,12,7,3,30,-9.700000000000001,0,0,0,3.7,0.0000,0.0000
2009,12,7,4,0,-9.9,0,0,0,3.6,0.0000,0.0000
2009,12,7,4,30,-10.100000000000001,0,0,0,3.5,0.0000,0.0000
2009,12,7,5,0,-10.4,0,0,0,3.3000000000000003,0.0000,0.0000
2009,12,7,5,30,-10.600000000000001,0,0,0,3.2,0.0000,0.0000
2009,12,7,6,0,-10.9,0,0,0,3.1,0.0000,0.0000
2009,12,7,6,30,-11.100000000000001,0,0,0,3.1,0.0000,0.0000
2009,12,7,7,0,-11.3,0,0,0,3,0.0000,0.0000
2009,12,7,7,30,-11.100000000000001,0,0,0,3.2,0.0000,0.0000
2009,12,7,8,0,-10.9,19,277,30,3.4000000000000004,0.0000,0.0000
2009,12,7,8,30,-10.100000000000001,38,513,98,3.8000000000000003,0.0000,0.0000
2009,12,7,9,0,-9.200000000000001,52,651,175,4.2,8.3450,6.3670
2009,12,7,9,30,-8.700000000000001,62,740,251,4,12.2453,9.4060
2009,12,7,10,0,-8.200000000000001,72,793,318,3.9000000000000004,15.9932,12.3524
2009,12,7,10,30,-7.800000000000001,78,834,375,3.6,19.3459,14.9971
2009,12,7,11,0,-7.5,227,24,236,3.3000000000000003,12.4028,9.6374
2009,12,7,11,30,-7.300000000000001,144,2,144,3.1,7.6596,5.9601
2009,12,7,12,0,-7.1000000000000005,178,8,181,2.8000000000000003,9.6876,7.5434
2009,12,7,12,30,-7,111,0,111,2.5,5.9453,4.6298
2009,12,7,13,0,-6.9,243,39,259,2.2,13.8075,10.7468
2009,12,7,13,30,-6.9,174,6,176,1.9000000000000001,9.2849,7.2180
2009,12,7,14,0,-6.9,107,1,107,1.7000000000000002,5.5511,4.3064
2009,12,7,14,30,-7,95,1,96,1.6,4.8640,3.7610
2009,12,7,15,0,-7.1000000000000005,56,0,56,1.5,2.7545,2.1193
2009,12,7,15,30,-7.300000000000001,53,0,53,1.4000000000000001,2.5363,1.9384
2009,12,7,16,0,-7.5,48,1,48,1.3,0.0000,0.0000
2009,12,7,16,30,-7.7,18,0,18,1.3,0.0000,0.0000
2009,12,7,17,0,-7.9,0,0,0,1.3,0.0000,0.0000
2009,12,7,17,30,-8,0,0,0,1.4000000000000001,0.0000,0.0000
2009,12,7,18,0,-8.1,0,0,0,1.5,0.0000,0.0000
2009,12,7,18,30,-8.200000000000001,0,0,0,1.5,0.0000,0.0000
2009,12,7,19,0,-8.3,0,0,0,1.6,0.0000,0.0000
2009,12,7,19,30,-8.4,0,0,0,1.7000000000000002,0.0000,0.0000
2009,12,7,20,0,-8.5,0,0,0,1.7000000000000002,0.0000,0.0000
2009,12,7,20,30,-8.5,0,0,0,1.8,0.0000,0.0000
2009,12,7,21,0,-8.6,0,0,0,1.8,0.0000,0.0000
2009,12,7,21,30,-8.6,0,0,0,1.8,0.0000,0.0000
2009,12,7,22,0,-8.6,0,0,0,1.8,0.0000,0.0000
2009,12,7,22,30,-8.5,0,0,0,1.8,0.0000,0.0000
2009,12,7,23,0,-8.5,0,0,0,1.7000000000000002,0.0000,0.0000
2009,12,7,23,30,-8.5,0,0,0,1.8,0.0000,0.0000
2009,12,8,0,0,-8.5,0,0,0,1.8,0.0000,0.0000
2009,12,8,0,30,-8.5,0,0,0,2,0.0000,0.0000
2009,12,8,1,0,-8.4,0,0,0,2.1,0.0000,0.0000
2009,12,8,1,30,-8.4,0,0,0,2.1,0.0000,0.0000
2009,12,8,2,0,-8.4,0,0,0,2.2,0.0000,0.0000
2009,12,8,2,30,-8.4,0,0,0,2.3000000000000003,0.0000,0.0000
2009,12,8,3,0,-8.4,0,0,0,2.5,0.0000,0.0000
2009,12,8,3,30,-8.3,0,0,0,2.9000000000000004,0.0000,0.0000
2009,12,8,4,0,-8.3,0,0,0,3.2,0.0000,0.0000
2009,12,8,4,30,-8.1,0,0,0,3.4000000000000004,0.0000,0.0000
2009,12,8,5,0,-8,0,0,0,3.6,0.0000,0.0000
2009,12,8,5,30,-7.9,0,0,0,3.5,0.0000,0.0000
2009,12,8,6,0,-7.800000000000001,0,0,0,3.5,0.0000,0.0000
2009,12,8,6,30,-7.800000000000001,0,0,0,3.6,0.0000,0.0000
2009,12,8,7,0,-7.7,0,0,0,3.7,0.0000,0.0000
2009,12,8,7,30,-7.6000000000000005,0,0,0,4,0.0000,0.0000
2009,12,8,8,0,-7.5,11,0,11,4.2,0.0000,0.0000
2009,12,8,8,30,-7.300000000000001,29,0,29,4.6000000000000005,0.0000,0.0000
2009,12,8,9,0,-7.1000000000000005,11,0,11,4.9,0.5244,0.4000
2009,12,8,9,30,-6.7,78,1,78,5,3.8008,2.9187
2009,12,8,10,0,-6.4,40,0,40,5.1000000000000005,2.0091,1.5514
2009,12,8,10,30,-5.9,17,0,17,4.800000000000001,0.8760,0.6790
2009,12,8,11,0,-5.5,37,0,38,4.6000000000000005,1.9951,1.5501
2009,12,8,11,30,-5.2,54,0,54,4.5,2.8697,2.2328
2009,12,8,12,0,-4.9,60,0,60,4.5,3.2088,2.4984
2009,12,8,12,30,-4.7,24,0,24,4.7,1.2845,1.0002
2009,12,8,13,0,-4.6000000000000005,35,0,35,4.9,1.8646,1.4512
2009,12,8,13,30,-4.6000000000000005,20,0,20,5.2,1.0545,0.8197
2009,12,8,14,0,-4.6000000000000005,25,0,25,5.5,1.2963,1.0056
2009,12,8,14,30,-4.7,45,0,45,5.7,2.2789,1.7620
2009,12,8,15,0,-4.800000000000001,38,0,38,5.9,1.8685,1.4375
2009,12,8,15,30,-4.9,17,0,17,6.2,0.8134,0.6216
2009,12,8,16,0,-5.1000000000000005,17,0,17,6.4,0.0000,0.0000
2009,12,8,16,30,-5.300000000000001,20,0,20,6.7,0.0000,0.0000
2009,12,8,17,0,-5.5,0,0,0,7.1000000000000005,0.0000,0.0000
2009,12,8,17,30,-5.800000000000001,0,0,0,7.2,0.0000,0.0000
2009,12,8,18,0,-6.1000000000000005,0,0,0,7.300000000000001,0.0000,0.0000
2009,12,8,18,30,-6.4,0,0,0,7.5,0.0000,0.0000
2009,12,8,19,0,-6.800000000000001,0,0,0,7.7,0.0000,0.0000
2009,12,8,19,30,-7.4,0,0,0,8.200000000000001,0.0000,0.0000
2009,12,8,20,0,-7.9,0,0,0,8.700000000000001,0.0000,0.0000
2009,12,8,20,30,-8.4,0,0,0,9.1,0.0000,0.0000
2009,12,8,21,0,-8.9,0,0,0,9.600000000000001,0.0000,0.0000
2009,12,8,21,30,-9.5,0,0,0,9.9,0.0000,0.0000
2009,12,8,22,0,-10.100000000000001,0,0,0,10.3,0.0000,0.0000
2009,12,8,22,30,-10.8,0,0,0,10.5,0.0000,0.0000
2009,12,8,23,0,-11.4,0,0,0,10.700000000000001,0.0000,0.0000
2009,12,8,23,30,-11.9,0,0,0,10.700000000000001,0.0000,0.0000
2009,12,9,0,0,-12.3,0,0,0,10.8,0.0000,0.0000
2009,12,9,0,30,-12.600000000000001,0,0,0,10.8,0.0000,0.0000
2009,12,9,1,0,-13,0,0,0,10.8,0.0000,0.0000
2009,12,9,1,30,-13.3,0,0,0,10.8,0.0000,0.0000
2009,12,9,2,0,-13.600000000000001,0,0,0,10.8,0.0000,0.0000
2009,12,9,2,30,-13.8,0,0,0,10.700000000000001,0.0000,0.0000
2009,12,9,3,0,-14.100000000000001,0,0,0,10.600000000000001,0.0000,0.0000
2009,12,9,3,30,-14.3,0,0,0,10.5,0.0000,0.0000
2009,12,9,4,0,-14.5,0,0,0,10.4,0.0000,0.0000
2009,12,9,4,30,-14.600000000000001,0,0,0,10.200000000000001,0.0000,0.0000
2009,12,9,5,0,-14.8,0,0,0,10,0.0000,0.0000
2009,12,9,5,30,-14.9,0,0,0,9.700000000000001,0.0000,0.0000
2009,12,9,6,0,-15.100000000000001,0,0,0,9.5,0.0000,0.0000
2009,12,9,6,30,-15.200000000000001,0,0,0,9.4,0.0000,0.0000
2009,12,9,7,0,-15.3,0,0,0,9.200000000000001,0.0000,0.0000
2009,12,9,7,30,-15.4,0,0,0,9.1,0.0000,0.0000
2009,12,9,8,0,-15.4,17,270,28,9.1,0.0000,0.0000
2009,12,9,8,30,-15.200000000000001,36,517,95,9.200000000000001,0.0000,0.0000
2009,12,9,9,0,-15,51,656,172,9.3,8.1988,6.2530
2009,12,9,9,30,-14.8,61,746,248,9.3,12.0703,9.2668
2009,12,9,10,0,-14.5,71,801,315,9.200000000000001,15.8025,12.2003
2009,12,9,10,30,-14.200000000000001,77,843,374,9,19.2504,14.9185
2009,12,9,11,0,-13.9,83,867,419,8.9,21.9775,17.0733
2009,12,9,11,30,-13.600000000000001,86,885,452,8.6,24.0008,18.6720
2009,12,9,12,0,-13.4,89,891,469,8.4,25.0637,19.5130
2009,12,9,12,30,-13.200000000000001,89,893,472,8.1,25.2461,19.6569
2009,12,9,13,0,-13,88,887,459,7.800000000000001,24.4387,19.0186
2009,12,9,13,30,-12.9,85,872,432,7.4,22.7650,17.6949
2009,12,9,14,0,-12.8,80,849,390,7,20.2121,15.6781
2009,12,9,14,30,-12.9,74,813,336,6.5,17.0099,13.1510
2009,12,9,15,0,-13,66,763,271,6,13.3215,10.2483
2009,12,9,15,30,-13.4,56,683,197,5.2,9.4251,7.2027
2009,12,9,16,0,-13.9,42,569,120,4.4,0.0000,0.0000
2009,12,9,16,30,-15,24,366,47,3.7,0.0000,0.0000
2009,12,9,17,0,-16.2,0,0,0,2.9000000000000004,0.0000,0.0000
2009,12,9,17,30,-17.3,0,0,0,2.8000000000000003,0.0000,0.0000
2009,12,9,18,0,-18.400000000000002,0,0,0,2.6,0.0000,0.0000
2009,12,9,18,30,-19.200000000000003,0,0,0,2.5,0.0000,0.0000
2009,12,9,19,0,-20,0,0,0,2.4000000000000004,0.0000,0.0000
2009,12,9,19,30,-20.6,0,0,0,2.4000000000000004,0.0000,0.0000
2009,12,9,20,0,-21.1,0,0,0,2.3000000000000003,0.0000,0.0000
2009,12,9,20,30,-21.400000000000002,0,0,0,2.3000000000000003,0.0000,0.0000
2009,12,9,21,0,-21.6,0,0,0,2.3000000000000003,0.0000,0.0000
2009,12,9,21,30,-21.900000000000002,0,0,0,2.4000000000000004,0.0000,0.0000
2009,12,9,22,0,-22.1,0,0,0,2.4000000000000004,0.0000,0.0000
2009,12,9,22,30,-22.400000000000002,0,0,0,2.4000000000000004,0.0000,0.0000
2009,12,9,23,0,-22.700000000000003,0,0,0,2.5,0.0000,0.0000
2009,12,9,23,30,-22.900000000000002,0,0,0,2.5,0.0000,0.0000
2009,12,10,0,0,-23.200000000000003,0,0,0,2.5,0.0000,0.0000
2009,12,10,0,30,-23.3,0,0,0,2.6,0.0000,0.0000
2009,12,10,1,0,-23.400000000000002,0,0,0,2.6,0.0000,0.0000
2009,12,10,1,30,-23.5,0,0,0,2.6,0.0000,0.0000
2009,12,10,2,0,-23.6,0,0,0,2.6,0.0000,0.0000
2009,12,10,2,30,-23.6,0,0,0,2.7,0.0000,0.0000
2009,12,10,3,0,-23.700000000000003,0,0,0,2.7,0.0000,0.0000
2009,12,10,3,30,-23.6,0,0,0,2.8000000000000003,0.0000,0.0000
2009,12,10,4,0,-23.6,0,0,0,2.8000000000000003,0.0000,0.0000
2009,12,10,4,30,-23.400000000000002,0,0,0,2.9000000000000004,0.0000,0.0000
2009,12,10,5,0,-23.200000000000003,0,0,0,2.9000000000000004,0.0000,0.0000
2009,12,10,5,30,-22.900000000000002,0,0,0,3.1,0.0000,0.0000
2009,12,10,6,0,-22.6,0,0,0,3.2,0.0000,0.0000
2009,12,10,6,30,-22.1,0,0,0,3.4000000000000004,0.0000,0.0000
2009,12,10,7,0,-21.700000000000003,0,0,0,3.5,0.0000,0.0000
2009,12,10,7,30,-20.700000000000003,0,0,0,3.8000000000000003,0.0000,0.0000
2009,12,10,8,0,-19.8,15,358,28,4.1000000000000005,0.0000,0.0000
2009,12,10,8,30,-17.900000000000002,43,1,43,4.5,0.0000,0.0000
2009,12,10,9,0,-16,42,733,176,4.9,8.3888,6.3967
2009,12,10,9,30,-14.5,51,817,253,5,12.3004,9.4412
2009,12,10,10,0,-13,56,876,322,5,16.1356,12.4552
2009,12,10,10,30,-11.5,61,913,381,5.300000000000001,19.5900,15.1795
2009,12,10,11,0,-10.100000000000001,64,939,427,5.5,22.3753,17.3802
2009,12,10,11,30,-8.9,66,939,452,5.800000000000001,23.9825,18.6562
2009,12,10,12,0,-7.6000000000000005,67,947,470,6,25.0987,19.5387
2009,12,10,12,30,-6.9,67,948,473,5.9,25.2848,19.6858
2009,12,10,13,0,-6.1000000000000005,66,945,460,5.800000000000001,24.4791,19.0489
2009,12,10,13,30,-5.7,64,932,433,5.5,22.8069,17.7264
2009,12,10,14,0,-5.300000000000001,61,911,392,5.2,20.3071,15.7508
2009,12,10,14,30,-5.4,57,879,339,4.6000000000000005,17.1554,13.2628
2009,12,10,15,0,-5.5,50,834,274,4.1000000000000005,13.4654,10.3584
2009,12,10,15,30,-6.7,43,763,201,3.4000000000000004,9.6160,7.3485
2009,12,10,16,0,-7.800000000000001,33,655,123,2.6,0.0000,0.0000
2009,12,10,16,30,-9.700000000000001,20,466,49,2.5,0.0000,0.0000
2009,12,10,17,0,-11.5,0,0,0,2.3000000000000003,0.0000,0.0000
2009,12,10,17,30,-12.4,0,0,0,2.4000000000000004,0.0000,0.0000
2009,12,10,18,0,-13.3,0,0,0,2.5,0.0000,0.0000
2009,12,10,18,30,-13.8,0,0,0,2.5,0.0000,0.0000
2009,12,10,19,0,-14.200000000000001,0,0,0,2.5,0.0000,0.0000
2009,12,10,19,30,-14.700000000000001,0,0,0,2.6,0.0000,0.0000
2009,12,10,20,0,-15.100000000000001,0,0,0,2.6,0.0000,0.0000
2009,12,10,20,30,-15.4,0,0,0,2.6,0.0000,0.0000
2009,12,10,21,0,-15.8,0,0,0,2.7,0.0000,0.0000
2009,12,10,21,30,-15.9,0,0,0,2.7,0.0000,0.0000
2009,12,10,22,0,-16.1,0,0,0,2.8000000000000003,0.0000,0.0000
2009,12,10,22,30,-16.3,0,0,0,2.7,0.0000,0.0000
2009,12,10,23,0,-16.5,0,0,0,2.7,0.0000,0.0000
2009,12,10,23,30,-16.8,0,0,0,2.6,0.0000,0.0000
2009,12,11,0,0,-17.1,0,0,0,2.5,0.0000,0.0000
2009,12,11,0,30,-17.400000000000002,0,0,0,2.5,0.0000,0.0000
2009,12,11,1,0,-17.7,0,0,0,2.4000000000000004,0.0000,0.0000
2009,12,11,1,30,-17.900000000000002,0,0,0,2.4000000000000004,0.0000,0.0000
2009,12,11,2,0,-18.1,0,0,0,2.4000000000000004,0.0000,0.0000
2009,12,11,2,30,-18.1,0,0,0,2.3000000000000003,0.0000,0.0000
2009,12,11,3,0,-18.1,0,0,0,2.3000000000000003,0.0000,0.0000
2009,12,11,3,30,-17.900000000000002,0,0,0,2.2,0.0000,0.0000
2009,12,11,4,0,-17.8,0,0,0,2.2,0.0000,0.0000
2009,12,11,4,30,-17.6,0,0,0,2.2,0.0000,0.0000
2009,12,11,5,0,-17.400000000000002,0,0,0,2.1,0.0000,0.0000
2009,12,11,5,30,-17.2,0,0,0,2.1,0.0000,0.0000
2009,12,11,6,0,-17,0,0,0,2.1,0.0000,0.0000
2009,12,11,6,30,-16.900000000000002,0,0,0,2,0.0000,0.0000
2009,12,11,7,0,-16.8,0,0,0,2,0.0000,0.0000
2009,12,11,7,30,-16.6,0,0,0,2,0.0000,0.0000
2009,12,11,8,0,-16.400000000000002,15,310,25,2,0.0000,0.0000
2009,12,11,8,30,-15.200000000000001,37,1,37,1.9000000000000001,0.0000,0.0000
2009,12,11,9,0,-14,42,695,168,1.8,8.0074,6.1049
2009,12,11,9,30,-12,51,781,242,2,11.7540,9.0198
2009,12,11,10,0,-10.100000000000001,56,842,310,2.3000000000000003,15.5155,11.9742
2009,12,11,10,30,-8.9,61,880,368,2.4000000000000004,18.9015,14.6439
2009,12,11,11,0,-7.7,64,907,413,2.6,21.6222,16.7934
2009,12,11,11,30,-6.800000000000001,67,923,445,2.7,23.5931,18.3516
2009,12,11,12,0,-5.800000000000001,67,933,463,2.8000000000000003,24.7085,19.2335
2009,12,11,12,30,-5.300000000000001,68,935,466,2.8000000000000003,24.8961,19.3819
2009,12,11,13,0,-4.7,65,932,454,2.8000000000000003,24.1471,18.7894
2009,12,11,13,30,-4.4,64,920,427,2.7,22.4819,17.4730
2009,12,11,14,0,-4.1000000000000005,60,900,387,2.7,20.0412,15.5439
2009,12,11,14,30,-4.3,56,868,334,2.3000000000000003,16.8977,13.0630
2009,12,11,15,0,-4.4,51,818,270,2,13.2676,10.2061
2009,12,11,15,30,-5.7,43,747,198,1.8,9.4720,7.2384
2009,12,11,16,0,-7,33,638,121,1.6,0.0000,0.0000
2009,12,11,16,30,-8.700000000000001,20,448,48,1.8,0.0000,0.0000
2009,12,11,17,0,-10.4,0,0,0,1.9000000000000001,0.0000,0.0000
2009,12,11,17,30,-11,0,0,0,2.1,0.0000,0.0000
2009,12,11,18,0,-11.700000000000001,0,0,0,2.3000000000000003,0.0000,0.0000
2009,12,11,18,30,-11.9,0,0,0,2.5,0.0000,0.0000
2009,12,11,19,0,-12.200000000000001,0,0,0,2.6,0.0000,0.0000
2009,12,11,19,30,-12.3,0,0,0,2.6,0.0000,0.0000
2009,12,11,20,0,-12.4,0,0,0,2.7,0.0000,0.0000
2009,12,11,20,30,-12.4,0,0,0,2.7,0.0000,0.0000
2009,12,11,21,0,-12.5,0,0,0,2.7,0.0000,0.0000
2009,12,11,21,30,-12.3,0,0,0,2.7,0.0000,0.0000
2009,12,11,22,0,-12.100000000000001,0,0,0,2.7,0.0000,0.0000
2009,12,11,22,30,-11.8,0,0,0,2.6,0.0000,0.0000
2009,12,11,23,0,-11.600000000000001,0,0,0,2.6,0.0000,0.0000
2009,12,11,23,30,-11.3,0,0,0,2.6,0.0000,0.0000
2009,12,12,0,0,-10.9,0,0,0,2.6,0.0000,0.0000
2009,12,12,0,30,-10.8,0,0,0,2.7,0.0000,0.0000
2009,12,12,1,0,-10.600000000000001,0,0,0,2.7,0.0000,0.0000
2009,12,12,1,30,-10.600000000000001,0,0,0,2.7,0.0000,0.0000
2009,12,12,2,0,-10.600000000000001,0,0,0,2.7,0.0000,0.0000
2009,12,12,2,30,-10.600000000000001,0,0,0,2.7,0.0000,0.0000
2009,12,12,3,0,-10.700000000000001,0,0,0,2.7,0.0000,0.0000
2009,12,12,3,30,-10.700000000000001,0,0,0,2.8000000000000003,0.0000,0.0000
2009,12,12,4,0,-10.700000000000001,0,0,0,2.8000000000000003,0.0000,0.0000
2009,12,12,4,30,-10.700000000000001,0,0,0,2.9000000000000004,0.0000,0.0000
2009,12,12,5,0,-10.600000000000001,0,0,0,2.9000000000000004,0.0000,0.0000
2009,12,12,5,30,-10.5,0,0,0,3,0.0000,0.0000
2009,12,12,6,0,-10.4,0,0,0,3,0.0000,0.0000
2009,12,12,6,30,-10.200000000000001,0,0,0,3.1,0.0000,0.0000
2009,12,12,7,0,-10,0,0,0,3.1,0.0000,0.0000
2009,12,12,7,30,-9.5,0,0,0,3.2,0.0000,0.0000
2009,12,12,8,0,-8.9,8,0,8,3.3000000000000003,0.0000,0.0000
2009,12,12,8,30,-7.6000000000000005,24,0,24,3.7,0.0000,0.0000
2009,12,12,9,0,-6.300000000000001,14,0,14,4.1000000000000005,0.6673,0.5087
2009,12,12,9,30,-5.4,99,5,100,4.1000000000000005,4.8523,3.7228
2009,12,12,10,0,-4.5,138,10,141,4.1000000000000005,7.0498,5.4398
2009,12,12,10,30,-3.5,224,83,252,4,12.9308,10.0167
2009,12,12,11,0,-2.6,192,22,201,3.9000000000000004,10.5145,8.1655
2009,12,12,11,30,-1.6,79,858,429,4.2,22.7273,17.6766
2009,12,12,12,0,-0.6000000000000001,81,867,447,4.4,23.8406,18.5567
2009,12,12,12,30,-0.2,81,869,450,4.3,24.0289,18.7057
2009,12,12,13,0,0.30000000000000004,73,0,73,4.2,3.8809,3.0197
2009,12,12,13,30,0.4,79,838,410,4.2,21.5782,16.7699
2009,12,12,14,0,0.5,149,0,149,4.1000000000000005,7.7141,5.9829
2009,12,12,14,30,0.4,73,771,320,4,16.1864,12.5128
2009,12,12,15,0,0.2,78,0,78,3.8000000000000003,3.8325,2.9481
2009,12,12,15,30,-0.30000000000000004,22,0,22,3.5,1.0524,0.8043
2009,12,12,16,0,-0.9,23,0,23,3.1,0.0000,0.0000
2009,12,12,16,30,-1.5,25,288,43,3.1,0.0000,0.0000
2009,12,12,17,0,-2.1,0,0,0,3,0.0000,0.0000
2009,12,12,17,30,-2.3000000000000003,0,0,0,3.1,0.0000,0.0000
2009,12,12,18,0,-2.4000000000000004,0,0,0,3.2,0.0000,0.0000
2009,12,12,18,30,-2.5,0,0,0,3.2,0.0000,0.0000
2009,12,12,19,0,-2.6,0,0,0,3.3000000000000003,0.0000,0.0000
2009,12,12,19,30,-2.7,0,0,0,3.4000000000000004,0.0000,0.0000
2009,12,12,20,0,-2.8000000000000003,0,0,0,3.5,0.0000,0.0000
2009,12,12,20,30,-2.9000000000000004,0,0,0,3.3000000000000003,0.0000,0.0000
2009,12,12,21,0,-3,0,0,0,3.2,0.0000,0.0000
2009,12,12,21,30,-3.1,0,0,0,2.9000000000000004,0.0000,0.0000
2009,12,12,22,0,-3.3000000000000003,0,0,0,2.5,0.0000,0.0000
2009,12,12,22,30,-3.5,0,0,0,2.3000000000000003,0.0000,0.0000
2009,12,12,23,0,-3.7,0,0,0,2,0.0000,0.0000
2009,12,12,23,30,-4,0,0,0,2,0.0000,0.0000
2009,12,13,0,0,-4.3,0,0,0,2.1,0.0000,0.0000
2009,12,13,0,30,-4.7,0,0,0,2.4000000000000004,0.0000,0.0000
2009,12,13,1,0,-5.2,0,0,0,2.6,0.0000,0.0000
2009,12,13,1,30,-5.6000000000000005,0,0,0,3.1,0.0000,0.0000
2009,12,13,2,0,-6.1000000000000005,0,0,0,3.5,0.0000,0.0000
2009,12,13,2,30,-6.5,0,0,0,3.9000000000000004,0.0000,0.0000
2009,12,13,3,0,-6.9,0,0,0,4.2,0.0000,0.0000
2009,12,13,3,30,-7.4,0,0,0,4.1000000000000005,0.0000,0.0000
2009,12,13,4,0,-7.9,0,0,0,4.1000000000000005,0.0000,0.0000
2009,12,13,4,30,-8.3,0,0,0,4,0.0000,0.0000
2009,12,13,5,0,-8.6,0,0,0,3.9000000000000004,0.0000,0.0000
2009,12,13,5,30,-8.9,0,0,0,3.8000000000000003,0.0000,0.0000
2009,12,13,6,0,-9.1,0,0,0,3.8000000000000003,0.0000,0.0000
2009,12,13,6,30,-9.4,0,0,0,3.7,0.0000,0.0000
2009,12,13,7,0,-9.700000000000001,0,0,0,3.6,0.0000,0.0000
2009,12,13,7,30,-9.9,0,0,0,3.7,0.0000,0.0000
2009,12,13,8,0,-10.100000000000001,7,0,7,3.9000000000000004,0.0000,0.0000
2009,12,13,8,30,-9.9,33,460,81,4.1000000000000005,0.0000,0.0000
2009,12,13,9,0,-9.700000000000001,68,0,68,4.3,3.2416,2.4707
2009,12,13,9,30,-9.3,14,0,14,4.1000000000000005,0.6787,0.5206
2009,12,13,10,0,-8.9,23,0,23,3.9000000000000004,1.1488,0.8863
2009,12,13,10,30,-8.4,10,0,10,3.7,0.5127,0.3971
2009,12,13,11,0,-7.800000000000001,16,0,16,3.5,0.8364,0.6495
2009,12,13,11,30,-7.4,58,0,58,3.2,3.0708,2.3882
2009,12,13,12,0,-6.9,76,0,76,3,4.0513,3.1532
2009,12,13,12,30,-6.5,38,0,38,2.9000000000000004,2.0282,1.5788
2009,12,13,13,0,-6.1000000000000005,12,0,12,2.8000000000000003,0.6377,0.4962
2009,12,13,13,30,-5.800000000000001,57,0,57,2.9000000000000004,2.9989,2.3306
2009,12,13,14,0,-5.6000000000000005,123,2,123,3,6.3669,4.9379
2009,12,13,14,30,-5.7,71,0,71,3,3.5910,2.7760
2009,12,13,15,0,-5.7,36,0,36,3,1.7687,1.3605
2009,12,13,15,30,-6.300000000000001,30,0,30,2.5,1.4352,1.0967
2009,12,13,16,0,-6.9,35,0,35,2,0.0000,0.0000
2009,12,13,16,30,-7.7,18,0,18,1.8,0.0000,0.0000
2009,12,13,17,0,-8.6,0,0,0,1.7000000000000002,0.0000,0.0000
2009,12,13,17,30,-8.700000000000001,0,0,0,1.8,0.0000,0.0000
2009,12,13,18,0,-8.8,0,0,0,1.8,0.0000,0.0000
2009,12,13,18,30,-8.6,0,0,0,1.9000000000000001,0.0000,0.0000
2009,12,13,19,0,-8.4,0,0,0,2,0.0000,0.0000
2009,12,13,19,30,-8.1,0,0,0,2.5,0.0000,0.0000
2009,12,13,20,0,-7.800000000000001,0,0,0,2.9000000000000004,0.0000,0.0000
2009,12,13,20,30,-7.7,0,0,0,3.7,0.0000,0.0000
2009,12,13,21,0,-7.7,0,0,0,4.5,0.0000,0.0000
2009,12,13,21,30,-7.800000000000001,0,0,0,4.800000000000001,0.0000,0.0000
2009,12,13,22,0,-7.9,0,0,0,5,0.0000,0.0000
2009,12,13,22,30,-8.1,0,0,0,5.2,0.0000,0.0000
2009,12,13,23,0,-8.200000000000001,0,0,0,5.4,0.0000,0.0000
2009,12,13,23,30,-8.4,0,0,0,5.5,0.0000,0.0000
2009,12,14,0,0,-8.5,0,0,0,5.7,0.0000,0.0000
2009,12,14,0,30,-8.700000000000001,0,0,0,5.9,0.0000,0.0000
2009,12,14,1,0,-8.8,0,0,0,6.1000000000000005,0.0000,0.0000
2009,12,14,1,30,-9,0,0,0,6.4,0.0000,0.0000
2009,12,14,2,0,-9.200000000000001,0,0,0,6.6000000000000005,0.0000,0.0000
2009,12,14,2,30,-9.600000000000001,0,0,0,6.800000000000001,0.0000,0.0000
2009,12,14,3,0,-10,0,0,0,7,0.0000,0.0000
2009,12,14,3,30,-10.5,0,0,0,7,0.0000,0.0000
2009,12,14,4,0,-10.9,0,0,0,7.1000000000000005,0.0000,0.0000
2009,12,14,4,30,-11.3,0,0,0,7.1000000000000005,0.0000,0.0000
2009,12,14,5,0,-11.8,0,0,0,7.1000000000000005,0.0000,0.0000
2009,12,14,5,30,-12.200000000000001,0,0,0,6.9,0.0000,0.0000
2009,12,14,6,0,-12.700000000000001,0,0,0,6.800000000000001,0.0000,0.0000
2009,12,14,6,30,-13.200000000000001,0,0,0,6.6000000000000005,0.0000,0.0000
2009,12,14,7,0,-13.700000000000001,0,0,0,6.4,0.0000,0.0000
2009,12,14,7,30,-14.200000000000001,0,0,0,6.5,0.0000,0.0000
2009,12,14,8,0,-14.600000000000001,8,0,8,6.5,0.0000,0.0000
2009,12,14,8,30,-14.600000000000001,32,469,81,6.6000000000000005,0.0000,0.0000
2009,12,14,9,0,-14.600000000000001,83,1,83,6.7,3.9572,3.0159
2009,12,14,9,30,-14.4,119,2,120,6.800000000000001,5.8126,4.4577
2009,12,14,10,0,-14.200000000000001,21,0,21,7,1.0479,0.8083
2009,12,14,10,30,-13.9,142,0,142,7,7.2741,5.6335
2009,12,14,11,0,-13.600000000000001,252,17,259,7,13.5285,10.5042
2009,12,14,11,30,-13.3,252,13,257,6.9,13.5984,10.5749
2009,12,14,12,0,-13,82,883,453,6.9,24.1355,18.7840
2009,12,14,12,30,-12.8,82,877,453,6.7,24.1677,18.8119
2009,12,14,13,0,-12.5,79,878,443,6.6000000000000005,23.5354,18.3111
2009,12,14,13,30,-12.3,77,865,417,6.5,21.9344,17.0456
2009,12,14,14,0,-12.100000000000001,71,850,378,6.4,19.5633,15.1721
2009,12,14,14,30,-12.100000000000001,66,823,329,6.1000000000000005,16.6386,12.8620
2009,12,14,15,0,-12.100000000000001,57,782,266,5.800000000000001,13.0699,10.0538
2009,12,14,15,30,-12.4,48,708,195,5.300000000000001,9.3294,7.1296
2009,12,14,16,0,-12.700000000000001,21,0,21,4.7,0.0000,0.0000
2009,12,14,16,30,-13.8,22,421,49,3.8000000000000003,0.0000,0.0000
2009,12,14,17,0,-14.9,0,0,0,2.9000000000000004,0.0000,0.0000
2009,12,14,17,30,-16.2,0,0,0,2.6,0.0000,0.0000
2009,12,14,18,0,-17.400000000000002,0,0,0,2.3000000000000003,0.0000,0.0000
2009,12,14,18,30,-18.3,0,0,0,2.3000000000000003,0.0000,0.0000
2009,12,14,19,0,-19.1,0,0,0,2.2,0.0000,0.0000
2009,12,14,19,30,-19.700000000000003,0,0,0,2.3000000000000003,0.0000,0.0000
2009,12,14,20,0,-20.3,0,0,0,2.4000000000000004,0.0000,0.0000
2009,12,14,20,30,-20.5,0,0,0,2.6,0.0000,0.0000
2009,12,14,21,0,-20.700000000000003,0,0,0,2.8000000000000003,0.0000,0.0000
2009,12,14,21,30,-20.5,0,0,0,2.8000000000000003,0.0000,0.0000
2009,12,14,22,0,-20.3,0,0,0,2.8000000000000003,0.0000,0.0000
2009,12,14,22,30,-19.8,0,0,0,2.7,0.0000,0.0000
2009,12,14,23,0,-19.400000000000002,0,0,0,2.7,0.0000,0.0000
2009,12,14,23,30,-19.1,0,0,0,2.6,0.0000,0.0000
2009,12,15,0,0,-18.8,0,0,0,2.6,0.0000,0.0000
2009,12,15,0,30,-19,0,0,0,2.5,0.0000,0.0000
2009,12,15,1,0,-19.3,0,0,0,2.4000000000000004,0.0000,0.0000
2009,12,15,1,30,-19.700000000000003,0,0,0,2.4000000000000004,0.0000,0.0000
2009,12,15,2,0,-20.200000000000003,0,0,0,2.3000000000000003,0.0000,0.0000
2009,12,15,2,30,-20.5,0,0,0,2.3000000000000003,0.0000,0.0000
2009,12,15,3,0,-20.8,0,0,0,2.3000000000000003,0.0000,0.0000
2009,12,15,3,30,-21.1,0,0,0,2.3000000000000003,0.0000,0.0000
2009,12,15,4,0,-21.400000000000002,0,0,0,2.3000000000000003,0.0000,0.0000
2009,12,15,4,30,-21.6,0,0,0,2.3000000000000003,0.0000,0.0000
2009,12,15,5,0,-21.900000000000002,0,0,0,2.3000000000000003,0.0000,0.0000
2009,12,15,5,30,-22.1,0,0,0,2.3000000000000003,0.0000,0.0000
2009,12,15,6,0,-22.3,0,0,0,2.3000000000000003,0.0000,0.0000
2009,12,15,6,30,-22.5,0,0,0,2.3000000000000003,0.0000,0.0000
2009,12,15,7,0,-22.6,0,0,0,2.3000000000000003,0.0000,0.0000
2009,12,15,7,30,-22.400000000000002,0,0,0,2.3000000000000003,0.0000,0.0000
2009,12,15,8,0,-22.200000000000003,13,274,20,2.3000000000000003,0.0000,0.0000
2009,12,15,8,30,-20.5,29,0,29,2.3000000000000003,0.0000,0.0000
2009,12,15,9,0,-18.7,43,674,159,2.2,0.0000,0.0000
2009,12,15,9,30,-17,52,765,234,2.6,11.3258,8.6842
2009,12,15,10,0,-15.3,59,825,302,3,15.0574,11.6133
2009,12,15,10,30,-14.600000000000001,65,866,360,2.8000000000000003,18.4265,14.2690
2009,12,15,11,0,-14,68,894,407,2.5,21.2450,16.4943
2009,12,15,11,30,-13.5,71,902,436,2.4000000000000004,23.0571,17.9294
2009,12,15,12,0,-13,73,908,454,2.2,24.1779,18.8161
2009,12,15,12,30,-12.600000000000001,74,910,458,2,24.4254,19.0117
2009,12,15,13,0,-12.200000000000001,73,905,447,1.9000000000000001,23.7425,18.4717
2009,12,15,13,30,-12,71,892,422,1.7000000000000002,22.1938,17.2468
2009,12,15,14,0,-11.8,67,872,382,1.5,19.7686,15.3311
2009,12,15,14,30,-11.8,62,830,328,1.4000000000000001,16.5896,12.8242
2009,12,15,15,0,-11.700000000000001,56,781,265,1.3,13.0219,10.0171
2009,12,15,15,30,-12.3,47,708,194,1.2000000000000002,9.2824,7.0939
2009,12,15,16,0,-12.8,36,596,119,1.1,0.0000,0.0000
2009,12,15,16,30,-14,22,399,48,1.4000000000000001,0.0000,0.0000
2009,12,15,17,0,-15.100000000000001,0,0,0,1.7000000000000002,0.0000,0.0000
2009,12,15,17,30,-15.9,0,0,0,1.9000000000000001,0.0000,0.0000
2009,12,15,18,0,-16.7,0,0,0,2.1,0.0000,0.0000
2009,12,15,18,30,-17,0,0,0,2.2,0.0000,0.0000
2009,12,15,19,0,-17.400000000000002,0,0,0,2.3000000000000003,0.0000,0.0000
2009,12,15,19,30,-17.5,0,0,0,2.3000000000000003,0.0000,0.0000
2009,12,15,20,0,-17.6,0,0,0,2.4000000000000004,0.0000,0.0000
2009,12,15,20,30,-17.7,0,0,0,2.5,0.0000,0.0000
2009,12,15,21,0,-17.7,0,0,0,2.5,0.0000,0.0000
2009,12,15,21,30,-17.6,0,0,0,2.6,0.0000,0.0000
2009,12,15,22,0,-17.6,0,0,0,2.7,0.0000,0.0000
2009,12,15,22,30,-17.400000000000002,0,0,0,2.7,0.0000,0.0000
2009,12,15,23,0,-17.3,0,0,0,2.8000000000000003,0.0000,0.0000
2009,12,15,23,30,-17,0,0,0,2.9000000000000004,0.0000,0.0000
2009,12,16,0,0,-16.8,0,0,0,3,0.0000,0.0000
2009,12,16,0,30,-16.6,0,0,0,3.1,0.0000,0.0000
2009,12,16,1,0,-16.3,0,0,0,3.2,0.0000,0.0000
2009,12,16,1,30,-16.2,0,0,0,3.1,0.0000,0.0000
2009,12,16,2,0,-16.1,0,0,0,3.1,0.0000,0.0000
2009,12,16,2,30,-16,0,0,0,3,0.0000,0.0000
2009,12,16,3,0,-15.9,0,0,0,3,0.0000,0.0000
2009,12,16,3,30,-15.700000000000001,0,0,0,3,0.0000,0.0000
2009,12,16,4,0,-15.5,0,0,0,2.9000000000000004,0.0000,0.0000
2009,12,16,4,30,-15.200000000000001,0,0,0,2.9000000000000004,0.0000,0.0000
2009,12,16,5,0,-14.8,0,0,0,2.9000000000000004,0.0000,0.0000
2009,12,16,5,30,-14.5,0,0,0,2.8000000000000003,0.0000,0.0000
2009,12,16,6,0,-14.200000000000001,0,0,0,2.8000000000000003,0.0000,0.0000
2009,12,16,6,30,-13.9,0,0,0,2.7,0.0000,0.0000
2009,12,16,7,0,-13.600000000000001,0,0,0,2.6,0.0000,0.0000
2009,12,16,7,30,-13.3,0,0,0,2.6,0.0000,0.0000
2009,12,16,8,0,-12.9,6,0,6,2.6,0.0000,0.0000
2009,12,16,8,30,-11.8,22,0,22,2.9000000000000004,0.0000,0.0000
2009,12,16,9,0,-10.8,56,1,56,3.2,0.0000,0.0000
2009,12,16,9,30,-9.9,99,9,102,3.1,4.9331,3.7818
2009,12,16,10,0,-8.9,30,0,30,2.9000000000000004,1.4944,1.1524
2009,12,16,10,30,-7.9,61,829,344,2.7,17.5949,13.6236
2009,12,16,11,0,-6.800000000000001,66,851,387,2.5,20.1892,15.6735
2009,12,16,11,30,-6,69,869,419,2.2,22.1477,17.2213
2009,12,16,12,0,-5.1000000000000005,75,865,437,1.8,23.2639,18.1040
2009,12,16,12,30,-4.6000000000000005,75,867,441,1.4000000000000001,23.5118,18.3000
2009,12,16,13,0,-4.1000000000000005,75,859,430,0.9,22.8343,17.7647
2009,12,16,13,30,-4,155,9,159,0.7000000000000001,8.3615,6.4976
2009,12,16,14,0,-3.8000000000000003,169,18,176,0.5,9.1073,7.0629
2009,12,16,14,30,-3.9000000000000004,158,15,163,0.7000000000000001,8.2442,6.3730
2009,12,16,15,0,-3.9000000000000004,40,0,40,1,1.9659,1.5123
2009,12,16,15,30,-4.4,34,0,34,0.9,1.6270,1.2435
2009,12,16,16,0,-4.9,46,1,46,0.8,0.0000,0.0000
2009,12,16,16,30,-5.7,18,0,18,0.9,0.0000,0.0000
2009,12,16,17,0,-6.5,0,0,0,1,0.0000,0.0000
2009,12,16,17,30,-7,0,0,0,1.2000000000000002,0.0000,0.0000
2009,12,16,18,0,-7.5,0,0,0,1.3,0.0000,0.0000
2009,12,16,18,30,-7.7,0,0,0,1.4000000000000001,0.0000,0.0000
2009,12,16,19,0,-7.9,0,0,0,1.5,0.0000,0.0000
2009,12,16,19,30,-8,0,0,0,1.5,0.0000,0.0000
2009,12,16,20,0,-8.1,0,0,0,1.5,0.0000,0.0000
2009,12,16,20,30,-8,0,0,0,1.4000000000000001,0.0000,0.0000
2009,12,16,21,0,-7.9,0,0,0,1.3,0.0000,0.0000
2009,12,16,21,30,-7.7,0,0,0,1.3,0.0000,0.0000
2009,12,16,22,0,-7.5,0,0,0,1.2000000000000002,0.0000,0.0000
2009,12,16,22,30,-7.300000000000001,0,0,0,1.3,0.0000,0.0000
2009,12,16,23,0,-7.2,0,0,0,1.3,0.0000,0.0000
2009,12,16,23,30,-7,0,0,0,1.5,0.0000,0.0000
2009,12,17,0,0,-6.800000000000001,0,0,0,1.6,0.0000,0.0000
2009,12,17,0,30,-6.7,0,0,0,1.7000000000000002,0.0000,0.0000
2009,12,17,1,0,-6.6000000000000005,0,0,0,1.8,0.0000,0.0000
2009,12,17,1,30,-6.5,0,0,0,1.8,0.0000,0.0000
2009,12,17,2,0,-6.5,0,0,0,1.8,0.0000,0.0000
2009,12,17,2,30,-6.5,0,0,0,1.7000000000000002,0.0000,0.0000
2009,12,17,3,0,-6.6000000000000005,0,0,0,1.5,0.0000,0.0000
2009,12,17,3,30,-6.6000000000000005,0,0,0,1.3,0.0000,0.0000
2009,12,17,4,0,-6.7,0,0,0,1.2000000000000002,0.0000,0.0000
2009,12,17,4,30,-6.9,0,0,0,1.1,0.0000,0.0000
2009,12,17,5,0,-7,0,0,0,1.1,0.0000,0.0000
2009,12,17,5,30,-7.300000000000001,0,0,0,1.2000000000000002,0.0000,0.0000
2009,12,17,6,0,-7.6000000000000005,0,0,0,1.2000000000000002,0.0000,0.0000
2009,12,17,6,30,-8,0,0,0,1.4000000000000001,0.0000,0.0000
2009,12,17,7,0,-8.4,0,0,0,1.5,0.0000,0.0000
2009,12,17,7,30,-8.5,0,0,0,1.7000000000000002,0.0000,0.0000
2009,12,17,8,0,-8.5,6,0,6,1.9000000000000001,0.0000,0.0000
2009,12,17,8,30,-7.7,35,0,35,2.3000000000000003,0.0000,0.0000
2009,12,17,9,0,-6.9,47,1,48,2.7,0.0000,0.0000
2009,12,17,9,30,-6,54,702,219,2.7,10.5845,8.1129
2009,12,17,10,0,-5.2,61,775,287,2.7,14.2856,11.0148
2009,12,17,10,30,-4.2,67,813,342,2.8000000000000003,17.4800,13.5333
2009,12,17,11,0,-3.2,70,844,388,2.8000000000000003,20.2296,15.7037
2009,12,17,11,30,-2.6,73,862,421,2.8000000000000003,22.2430,17.2945
2009,12,17,12,0,-1.9000000000000001,75,872,439,2.8000000000000003,23.3633,18.1808
2009,12,17,12,30,-1.5,76,0,76,2.8000000000000003,4.0510,3.1530
2009,12,17,13,0,-1.1,75,867,433,2.8000000000000003,22.9902,17.8856
2009,12,17,13,30,-1,73,854,408,2.7,21.4541,16.6717
2009,12,17,14,0,-0.9,127,4,129,2.6,6.6758,5.1773
2009,12,17,14,30,-1.1,136,8,139,2.3000000000000003,7.0316,5.4358
2009,12,17,15,0,-1.2000000000000002,52,0,52,2,2.5562,1.9665
2009,12,17,15,30,-1.9000000000000001,57,1,57,1.6,2.7281,2.0851
2009,12,17,16,0,-2.6,42,1,43,1.3,0.0000,0.0000
2009,12,17,16,30,-3.2,18,0,18,1.3,0.0000,0.0000
2009,12,17,17,0,-3.9000000000000004,0,0,0,1.3,0.0000,0.0000
2009,12,17,17,30,-4.2,0,0,0,1.3,0.0000,0.0000
2009,12,17,18,0,-4.4,0,0,0,1.3,0.0000,0.0000
2009,12,17,18,30,-4.6000000000000005,0,0,0,1.4000000000000001,0.0000,0.0000
2009,12,17,19,0,-4.800000000000001,0,0,0,1.4000000000000001,0.0000,0.0000
2009,12,17,19,30,-5,0,0,0,1.4000000000000001,0.0000,0.0000
2009,12,17,20,0,-5.2,0,0,0,1.3,0.0000,0.0000
2009,12,17,20,30,-5.7,0,0,0,1.4000000000000001,0.0000,0.0000
2009,12,17,21,0,-6.2,0,0,0,1.4000000000000001,0.0000,0.0000
2009,12,17,21,30,-6.5,0,0,0,1.6,0.0000,0.0000
2009,12,17,22,0,-6.800000000000001,0,0,0,1.7000000000000002,0.0000,0.0000
2009,12,17,22,30,-6.800000000000001,0,0,0,1.9000000000000001,0.0000,0.0000
2009,12,17,23,0,-6.7,0,0,0,2.1,0.0000,0.0000
2009,12,17,23,30,-6.5,0,0,0,2.5,0.0000,0.0000
2009,12,18,0,0,-6.2,0,0,0,2.8000000000000003,0.0000,0.0000
2009,12,18,0,30,-6.1000000000000005,0,0,0,2.9000000000000004,0.0000,0.0000
2009,12,18,1,0,-6,0,0,0,3,0.0000,0.0000
2009,12,18,1,30,-6.1000000000000005,0,0,0,2.9000000000000004,0.0000,0.0000
2009,12,18,2,0,-6.1000000000000005,0,0,0,2.7,0.0000,0.0000
2009,12,18,2,30,-6.300000000000001,0,0,0,2.5,0.0000,0.0000
2009,12,18,3,0,-6.4,0,0,0,2.2,0.0000,0.0000
2009,12,18,3,30,-6.6000000000000005,0,0,0,2.1,0.0000,0.0000
2009,12,18,4,0,-6.7,0,0,0,1.9000000000000001,0.0000,0.0000
2009,12,18,4,30,-6.800000000000001,0,0,0,1.8,0.0000,0.0000
2009,12,18,5,0,-6.9,0,0,0,1.8,0.0000,0.0000
2009,12,18,5,30,-7,0,0,0,1.8,0.0000,0.0000
2009,12,18,6,0,-7.1000000000000005,0,0,0,1.8,0.0000,0.0000
2009,12,18,6,30,-7.2,0,0,0,1.8,0.0000,0.0000
2009,12,18,7,0,-7.300000000000001,0,0,0,1.8,0.0000,0.0000
2009,12,18,7,30,-7.1000000000000005,0,0,0,1.8,0.0000,0.0000
2009,12,18,8,0,-7,4,0,4,1.9000000000000001,0.0000,0.0000
2009,12,18,8,30,-5.9,25,0,25,2.2,0.0000,0.0000
2009,12,18,9,0,-4.800000000000001,57,0,57,2.5,0.0000,0.0000
2009,12,18,9,30,-3.8000000000000003,9,0,9,2.8000000000000003,0.4347,0.3332
2009,12,18,10,0,-2.8000000000000003,113,5,114,3,5.6702,4.3714
2009,12,18,10,30,-2.1,52,0,52,3.1,2.6561,2.0562
2009,12,18,11,0,-1.4000000000000001,99,0,99,3.3000000000000003,5.1591,4.0046
2009,12,18,11,30,-1,166,0,166,3.3000000000000003,8.7670,6.8162
2009,12,18,12,0,-0.6000000000000001,142,0,142,3.4000000000000004,7.5549,5.8788
2009,12,18,12,30,-0.4,60,0,60,3.4000000000000004,3.1977,2.4888
2009,12,18,13,0,-0.1,245,9,249,3.5,13.2197,10.2844
2009,12,18,13,30,0,99,0,99,3.6,5.2058,4.0453
2009,12,18,14,0,0.1,112,0,112,3.7,5.7965,4.4954
2009,12,18,14,30,0,55,0,55,3.6,2.7828,2.1513
2009,12,18,15,0,0,64,710,255,3.5,12.5384,9.6463
2009,12,18,15,30,-0.30000000000000004,55,631,187,3.2,8.9518,6.8425
2009,12,18,16,0,-0.6000000000000001,43,503,113,2.9000000000000004,0.0000,0.0000
2009,12,18,16,30,-0.9,25,309,46,3.1,0.0000,0.0000
2009,12,18,17,0,-1.3,0,0,0,3.3000000000000003,0.0000,0.0000
2009,12,18,17,30,-1.4000000000000001,0,0,0,3.5,0.0000,0.0000
2009,12,18,18,0,-1.5,0,0,0,3.8000000000000003,0.0000,0.0000
2009,12,18,18,30,-1.8,0,0,0,3.8000000000000003,0.0000,0.0000
2009,12,18,19,0,-2,0,0,0,3.8000000000000003,0.0000,0.0000
2009,12,18,19,30,-2.3000000000000003,0,0,0,3.8000000000000003,0.0000,0.0000
2009,12,18,20,0,-2.7,0,0,0,3.7,0.0000,0.0000
2009,12,18,20,30,-3,0,0,0,3.7,0.0000,0.0000
2009,12,18,21,0,-3.3000000000000003,0,0,0,3.6,0.0000,0.0000
2009,12,18,21,30,-3.6,0,0,0,3.6,0.0000,0.0000
2009,12,18,22,0,-3.9000000000000004,0,0,0,3.5,0.0000,0.0000
2009,12,18,22,30,-4.1000000000000005,0,0,0,3.5,0.0000,0.0000
2009,12,18,23,0,-4.4,0,0,0,3.5,0.0000,0.0000
2009,12,18,23,30,-4.7,0,0,0,3.5,0.0000,0.0000
2009,12,19,0,0,-5,0,0,0,3.4000000000000004,0.0000,0.0000
2009,12,19,0,30,-5.300000000000001,0,0,0,3.3000000000000003,0.0000,0.0000
2009,12,19,1,0,-5.6000000000000005,0,0,0,3.3000000000000003,0.0000,0.0000
2009,12,19,1,30,-5.9,0,0,0,3.2,0.0000,0.0000
2009,12,19,2,0,-6.2,0,0,0,3.2,0.0000,0.0000
2009,12,19,2,30,-6.5,0,0,0,3.1,0.0000,0.0000
2009,12,19,3,0,-6.800000000000001,0,0,0,3.1,0.0000,0.0000
2009,12,19,3,30,-7,0,0,0,3.1,0.0000,0.0000
2009,12,19,4,0,-7.2,0,0,0,3.1,0.0000,0.0000
2009,12,19,4,30,-7.300000000000001,0,0,0,3.1,0.0000,0.0000
2009,12,19,5,0,-7.4,0,0,0,3,0.0000,0.0000
2009,12,19,5,30,-7.6000000000000005,0,0,0,2.9000000000000004,0.0000,0.0000
2009,12,19,6,0,-7.9,0,0,0,2.9000000000000004,0.0000,0.0000
2009,12,19,6,30,-8.1,0,0,0,2.8000000000000003,0.0000,0.0000
2009,12,19,7,0,-8.3,0,0,0,2.7,0.0000,0.0000
2009,12,19,7,30,-8.3,0,0,0,2.7,0.0000,0.0000
2009,12,19,8,0,-8.3,4,0,4,2.6,0.0000,0.0000
2009,12,19,8,30,-7.5,32,425,72,3.1,0.0000,0.0000
2009,12,19,9,0,-6.800000000000001,65,0,66,3.6,0.0000,0.0000
2009,12,19,9,30,-6.300000000000001,15,0,15,3.6,0.7241,0.5549
2009,12,19,10,0,-5.800000000000001,35,0,35,3.6,1.7397,1.3411
2009,12,19,10,30,-5.5,37,0,37,3.4000000000000004,1.8889,1.4622
2009,12,19,11,0,-5.1000000000000005,44,0,44,3.3000000000000003,2.2920,1.7790
2009,12,19,11,30,-4.800000000000001,50,0,50,3.1,2.6398,2.0524
2009,12,19,12,0,-4.5,53,0,53,3,2.8191,2.1937
2009,12,19,12,30,-4.2,63,0,63,2.9000000000000004,3.3571,2.6128
2009,12,19,13,0,-3.9000000000000004,72,0,72,2.8000000000000003,3.8223,2.9735
2009,12,19,13,30,-3.8000000000000003,66,0,66,2.7,3.4705,2.6969
2009,12,19,14,0,-3.6,63,0,63,2.6,3.2611,2.5292
2009,12,19,14,30,-3.7,33,0,33,2.3000000000000003,1.6701,1.2912
2009,12,19,15,0,-3.8000000000000003,29,0,29,1.9000000000000001,1.4265,1.0975
2009,12,19,15,30,-4.2,19,0,19,1.4000000000000001,0.9098,0.6955
2009,12,19,16,0,-4.6000000000000005,40,578,122,1,0.0000,0.0000
2009,12,19,16,30,-5.1000000000000005,24,386,51,0.9,0.0000,0.0000
2009,12,19,17,0,-5.6000000000000005,0,0,0,0.9,0.0000,0.0000
2009,12,19,17,30,-6,0,0,0,1,0.0000,0.0000
2009,12,19,18,0,-6.4,0,0,0,1.1,0.0000,0.0000
2009,12,19,18,30,-6.9,0,0,0,1.2000000000000002,0.0000,0.0000
2009,12,19,19,0,-7.4,0,0,0,1.3,0.0000,0.0000
2009,12,19,19,30,-7.7,0,0,0,1.7000000000000002,0.0000,0.0000
2009,12,19,20,0,-8,0,0,0,2,0.0000,0.0000
2009,12,19,20,30,-7.800000000000001,0,0,0,2.2,0.0000,0.0000
2009,12,19,21,0,-7.5,0,0,0,2.4000000000000004,0.0000,0.0000
2009,12,19,21,30,-7.2,0,0,0,2.6,0.0000,0.0000
2009,12,19,22,0,-6.9,0,0,0,2.7,0.0000,0.0000
2009,12,19,22,30,-6.7,0,0,0,2.9000000000000004,0.0000,0.0000
2009,12,19,23,0,-6.4,0,0,0,3,0.0000,0.0000
2009,12,19,23,30,-6.300000000000001,0,0,0,3.2,0.0000,0.0000
2009,12,20,0,0,-6.2,0,0,0,3.3000000000000003,0.0000,0.0000
2009,12,20,0,30,-6,0,0,0,3.4000000000000004,0.0000,0.0000
2009,12,20,1,0,-5.9,0,0,0,3.5,0.0000,0.0000
2009,12,20,1,30,-5.800000000000001,0,0,0,3.6,0.0000,0.0000
2009,12,20,2,0,-5.6000000000000005,0,0,0,3.6,0.0000,0.0000
2009,12,20,2,30,-5.6000000000000005,0,0,0,3.6,0.0000,0.0000
2009,12,20,3,0,-5.6000000000000005,0,0,0,3.6,0.0000,0.0000
2009,12,20,3,30,-5.800000000000001,0,0,0,3.6,0.0000,0.0000
2009,12,20,4,0,-6,0,0,0,3.5,0.0000,0.0000
2009,12,20,4,30,-6,0,0,0,3.6,0.0000,0.0000
2009,12,20,5,0,-6,0,0,0,3.7,0.0000,0.0000
2009,12,20,5,30,-6,0,0,0,3.8000000000000003,0.0000,0.0000
2009,12,20,6,0,-5.9,0,0,0,3.8000000000000003,0.0000,0.0000
2009,12,20,6,30,-5.800000000000001,0,0,0,3.7,0.0000,0.0000
2009,12,20,7,0,-5.7,0,0,0,3.7,0.0000,0.0000
2009,12,20,7,30,-5,0,0,0,3.9000000000000004,0.0000,0.0000
2009,12,20,8,0,-4.3,11,153,14,4.1000000000000005,0.0000,0.0000
2009,12,20,8,30,-3,34,0,34,4.5,0.0000,0.0000
2009,12,20,9,0,-1.7000000000000002,44,601,143,4.9,0.0000,0.0000
2009,12,20,9,30,-1,54,707,217,5.4,10.4701,8.0218
2009,12,20,10,0,-0.30000000000000004,63,767,284,5.9,14.1086,10.8748
2009,12,20,10,30,-0.1,70,812,343,6.1000000000000005,17.5027,13.5478
2009,12,20,11,0,0.1,86,0,86,6.300000000000001,4.4779,3.4755
2009,12,20,11,30,0.1,118,0,118,6.300000000000001,6.2285,4.8423
2009,12,20,12,0,0.1,70,0,70,6.4,3.7228,2.8968
2009,12,20,12,30,0,90,0,90,6.300000000000001,4.7955,3.7322
2009,12,20,13,0,-0.1,72,0,72,6.300000000000001,3.8223,2.9735
2009,12,20,13,30,-0.30000000000000004,39,0,39,6.1000000000000005,2.0511,1.5939
2009,12,20,14,0,-0.4,58,0,58,5.9,3.0028,2.3289
2009,12,20,14,30,-0.7000000000000001,63,0,63,5.5,3.1893,2.4658
2009,12,20,15,0,-0.9,50,0,50,5.2,2.4605,1.8933
2009,12,20,15,30,-1.5,50,0,50,4.5,2.3947,1.8308
2009,12,20,16,0,-2,42,551,121,3.8000000000000003,0.0000,0.0000
2009,12,20,16,30,-3.2,25,359,50,3.1,0.0000,0.0000
2009,12,20,17,0,-4.3,0,0,0,2.4000000000000004,0.0000,0.0000
2009,12,20,17,30,-5.4,0,0,0,2.2,0.0000,0.0000
2009,12,20,18,0,-6.4,0,0,0,2,0.0000,0.0000
2009,12,20,18,30,-7.1000000000000005,0,0,0,1.8,0.0000,0.0000
2009,12,20,19,0,-7.800000000000001,0,0,0,1.7000000000000002,0.0000,0.0000
2009,12,20,19,30,-8.200000000000001,0,0,0,1.6,0.0000,0.0000
2009,12,20,20,0,-8.6,0,0,0,1.5,0.0000,0.0000
2009,12,20,20,30,-8.6,0,0,0,1.4000000000000001,0.0000,0.0000
2009,12,20,21,0,-8.6,0,0,0,1.3,0.0000,0.0000
2009,12,20,21,30,-8.4,0,0,0,1.1,0.0000,0.0000
2009,12,20,22,0,-8.200000000000001,0,0,0,0.9,0.0000,0.0000
2009,12,20,22,30,-8.1,0,0,0,0.8,0.0000,0.0000
2009,12,20,23,0,-8,0,0,0,0.6000000000000001,0.0000,0.0000
2009,12,20,23,30,-8.3,0,0,0,0.8,0.0000,0.0000
2009,12,21,0,0,-8.5,0,0,0,1,0.0000,0.0000
2009,12,21,0,30,-8.700000000000001,0,0,0,1.2000000000000002,0.0000,0.0000
2009,12,21,1,0,-8.8,0,0,0,1.5,0.0000,0.0000
2009,12,21,1,30,-8.8,0,0,0,1.6,0.0000,0.0000
2009,12,21,2,0,-8.700000000000001,0,0,0,1.7000000000000002,0.0000,0.0000
2009,12,21,2,30,-8.6,0,0,0,1.6,0.0000,0.0000
2009,12,21,3,0,-8.5,0,0,0,1.6,0.0000,0.0000
2009,12,21,3,30,-8.4,0,0,0,1.6,0.0000,0.0000
2009,12,21,4,0,-8.3,0,0,0,1.6,0.0000,0.0000
2009,12,21,4,30,-8.3,0,0,0,1.6,0.0000,0.0000
2009,12,21,5,0,-8.200000000000001,0,0,0,1.6,0.0000,0.0000
2009,12,21,5,30,-8.1,0,0,0,1.7000000000000002,0.0000,0.0000
2009,12,21,6,0,-8.1,0,0,0,1.8,0.0000,0.0000
2009,12,21,6,30,-7.9,0,0,0,2,0.0000,0.0000
2009,12,21,7,0,-7.7,0,0,0,2.2,0.0000,0.0000
2009,12,21,7,30,-7.300000000000001,0,0,0,2.5,0.0000,0.0000
2009,12,21,8,0,-6.800000000000001,0,0,0,2.9000000000000004,0.0000,0.0000
2009,12,21,8,30,-5.800000000000001,23,0,23,3.4000000000000004,0.0000,0.0000
2009,12,21,9,0,-4.800000000000001,55,1,55,3.9000000000000004,0.0000,0.0000
2009,12,21,9,30,-3.8000000000000003,74,0,74,4,3.5687,2.7338
2009,12,21,10,0,-2.7,139,2,139,4.2,6.9014,5.3190
2009,12,21,10,30,-1.8,79,0,79,4.3,4.0294,3.1187
2009,12,21,11,0,-0.9,91,0,91,4.4,4.7370,3.6765
2009,12,21,11,30,-0.4,14,0,14,4.2,0.7388,0.5744
2009,12,21,12,0,0.2,38,0,38,4.1000000000000005,2.0207,1.5723
2009,12,21,12,30,0.4,61,0,61,3.9000000000000004,3.2503,2.5296
2009,12,21,13,0,0.7000000000000001,153,3,155,3.8000000000000003,8.2291,6.4019
2009,12,21,13,30,0.8,83,807,401,3.6,21.0928,16.3915
2009,12,21,14,0,0.8,197,36,210,3.5,10.8760,8.4355
2009,12,21,14,30,0.7000000000000001,95,1,95,3.5,4.8115,3.7202
2009,12,21,15,0,0.6000000000000001,85,2,85,3.4000000000000004,4.1848,3.2203
2009,12,21,15,30,0.30000000000000004,22,0,22,3.5,1.0540,0.8059
2009,12,21,16,0,0,45,1,45,3.5,0.0000,0.0000
2009,12,21,16,30,-0.2,17,0,17,3.7,0.0000,0.0000
2009,12,21,17,0,-0.4,0,0,0,4,0.0000,0.0000
2009,12,21,17,30,-0.6000000000000001,0,0,0,3.9000000000000004,0.0000,0.0000
2009,12,21,18,0,-0.8,0,0,0,3.8000000000000003,0.0000,0.0000
2009,12,21,18,30,-1.1,0,0,0,3.4000000000000004,0.0000,0.0000
2009,12,21,19,0,-1.4000000000000001,0,0,0,3,0.0000,0.0000
2009,12,21,19,30,-1.6,0,0,0,3,0.0000,0.0000
2009,12,21,20,0,-1.9000000000000001,0,0,0,2.9000000000000004,0.0000,0.0000
2009,12,21,20,30,-2.2,0,0,0,2.8000000000000003,0.0000,0.0000
2009,12,21,21,0,-2.4000000000000004,0,0,0,2.8000000000000003,0.0000,0.0000
2009,12,21,21,30,-2.7,0,0,0,2.5,0.0000,0.0000
2009,12,21,22,0,-3,0,0,0,2.2,0.0000,0.0000
2009,12,21,22,30,-3.3000000000000003,0,0,0,2,0.0000,0.0000
2009,12,21,23,0,-3.6,0,0,0,1.8,0.0000,0.0000
2009,12,21,23,30,-3.8000000000000003,0,0,0,1.7000000000000002,0.0000,0.0000
2009,12,22,0,0,-4,0,0,0,1.6,0.0000,0.0000
2009,12,22,0,30,-4.2,0,0,0,1.5,0.0000,0.0000
2009,12,22,1,0,-4.4,0,0,0,1.4000000000000001,0.0000,0.0000
2009,12,22,1,30,-4.6000000000000005,0,0,0,1.5,0.0000,0.0000
2009,12,22,2,0,-4.800000000000001,0,0,0,1.5,0.0000,0.0000
2009,12,22,2,30,-5,0,0,0,1.5,0.0000,0.0000
2009,12,22,3,0,-5.1000000000000005,0,0,0,1.6,0.0000,0.0000
2009,12,22,3,30,-5.300000000000001,0,0,0,1.7000000000000002,0.0000,0.0000
2009,12,22,4,0,-5.4,0,0,0,1.8,0.0000,0.0000
2009,12,22,4,30,-5.6000000000000005,0,0,0,1.9000000000000001,0.0000,0.0000
2009,12,22,5,0,-5.800000000000001,0,0,0,2,0.0000,0.0000
2009,12,22,5,30,-5.9,0,0,0,2,0.0000,0.0000
2009,12,22,6,0,-6,0,0,0,2.1,0.0000,0.0000
2009,12,22,6,30,-6.1000000000000005,0,0,0,2.1,0.0000,0.0000
2009,12,22,7,0,-6.2,0,0,0,2.1,0.0000,0.0000
2009,12,22,7,30,-6.1000000000000005,0,0,0,2.2,0.0000,0.0000
2009,12,22,8,0,-5.9,0,0,0,2.3000000000000003,0.0000,0.0000
2009,12,22,8,30,-5.300000000000001,34,340,65,2.8000000000000003,0.0000,0.0000
2009,12,22,9,0,-4.6000000000000005,49,0,49,3.3000000000000003,0.0000,0.0000
2009,12,22,9,30,-4.1000000000000005,26,0,26,3.4000000000000004,1.2534,0.9601
2009,12,22,10,0,-3.6,43,0,43,3.6,2.1340,1.6446
2009,12,22,10,30,-3.1,55,0,55,3.6,2.8043,2.1704
2009,12,22,11,0,-2.6,60,0,60,3.5,3.1225,2.4234
2009,12,22,11,30,-2.1,55,0,55,3.5,2.9020,2.2560
2009,12,22,12,0,-1.7000000000000002,46,0,46,3.5,2.4461,1.9033
2009,12,22,12,30,-1.5,59,0,59,3.6,3.1437,2.4467
2009,12,22,13,0,-1.3,52,0,52,3.7,2.7612,2.1481
2009,12,22,13,30,-1.3,75,0,75,3.8000000000000003,3.9460,3.0666
2009,12,22,14,0,-1.3,140,0,140,4,7.2531,5.6258
2009,12,22,14,30,-1.4000000000000001,142,12,146,4,7.3980,5.7205
2009,12,22,15,0,-1.5,45,0,45,4,2.2167,1.7060
2009,12,22,15,30,-1.7000000000000002,15,0,15,3.8000000000000003,0.7189,0.5497
2009,12,22,16,0,-2,7,0,7,3.6,0.0000,0.0000
2009,12,22,16,30,-2.3000000000000003,19,0,19,3.5,0.0000,0.0000
2009,12,22,17,0,-2.6,0,0,0,3.3000000000000003,0.0000,0.0000
2009,12,22,17,30,-2.7,0,0,0,3.4000000000000004,0.0000,0.0000
2009,12,22,18,0,-2.9000000000000004,0,0,0,3.5,0.0000,0.0000
2009,12,22,18,30,-3,0,0,0,3.5,0.0000,0.0000
2009,12,22,19,0,-3.2,0,0,0,3.5,0.0000,0.0000
2009,12,22,19,30,-3.4000000000000004,0,0,0,3.5,0.0000,0.0000
2009,12,22,20,0,-3.5,0,0,0,3.5,0.0000,0.0000
2009,12,22,20,30,-3.6,0,0,0,3.4000000000000004,0.0000,0.0000
2009,12,22,21,0,-3.7,0,0,0,3.4000000000000004,0.0000,0.0000
2009,12,22,21,30,-3.7,0,0,0,3.2,0.0000,0.0000
2009,12,22,22,0,-3.8000000000000003,0,0,0,3.1,0.0000,0.0000
2009,12,22,22,30,-3.7,0,0,0,3.1,0.0000,0.0000
2009,12,22,23,0,-3.7,0,0,0,3.1,0.0000,0.0000
2009,12,22,23,30,-3.7,0,0,0,3.2,0.0000,0.0000
2009,12,23,0,0,-3.7,0,0,0,3.2,0.0000,0.0000
2009,12,23,0,30,-3.7,0,0,0,3.3000000000000003,0.0000,0.0000
2009,12,23,1,0,-3.7,0,0,0,3.4000000000000004,0.0000,0.0000
2009,12,23,1,30,-3.6,0,0,0,3.5,0.0000,0.0000
2009,12,23,2,0,-3.5,0,0,0,3.6,0.0000,0.0000
2009,12,23,2,30,-3.4000000000000004,0,0,0,3.7,0.0000,0.0000
2009,12,23,3,0,-3.3000000000000003,0,0,0,3.7,0.0000,0.0000
2009,12,23,3,30,-3.2,0,0,0,3.8000000000000003,0.0000,0.0000
2009,12,23,4,0,-3.1,0,0,0,3.9000000000000004,0.0000,0.0000
2009,12,23,4,30,-3,0,0,0,4,0.0000,0.0000
2009,12,23,5,0,-2.9000000000000004,0,0,0,4.2,0.0000,0.0000
2009,12,23,5,30,-2.7,0,0,0,4.4,0.0000,0.0000
2009,12,23,6,0,-2.5,0,0,0,4.7,0.0000,0.0000
2009,12,23,6,30,-2.5,0,0,0,4.7,0.0000,0.0000
2009,12,23,7,0,-2.4000000000000004,0,0,0,4.7,0.0000,0.0000
2009,12,23,7,30,-2.3000000000000003,0,0,0,4.800000000000001,0.0000,0.0000
2009,12,23,8,0,-2.3000000000000003,0,0,0,4.9,0.0000,0.0000
2009,12,23,8,30,-2.2,22,0,22,5.1000000000000005,0.0000,0.0000
2009,12,23,9,0,-2.1,39,0,39,5.2,0.0000,0.0000
2009,12,23,9,30,-2,6,0,6,5.300000000000001,0.2891,0.2214
2009,12,23,10,0,-1.8,23,0,23,5.300000000000001,1.1410,0.8793
2009,12,23,10,30,-1.7000000000000002,54,0,54,5.4,2.7523,2.1300
2009,12,23,11,0,-1.5,57,0,57,5.4,2.9656,2.3015
2009,12,23,11,30,-1.4000000000000001,98,0,98,5.300000000000001,5.1704,4.0195
2009,12,23,12,0,-1.2000000000000002,13,0,13,5.300000000000001,0.6913,0.5379
2009,12,23,12,30,-1.1,13,0,13,5.1000000000000005,0.6928,0.5392
2009,12,23,13,0,-1.1,14,0,14,5,0.7436,0.5785
2009,12,23,13,30,-1.1,66,0,66,4.800000000000001,3.4736,2.6995
2009,12,23,14,0,-1.1,74,0,74,4.5,3.8354,2.9751
2009,12,23,14,30,-1.2000000000000002,9,0,9,4.3,0.4563,0.3529
2009,12,23,15,0,-1.3,8,0,8,4.1000000000000005,0.3943,0.3035
2009,12,23,15,30,-1.4000000000000001,113,10,115,4.1000000000000005,5.5138,4.2168
2009,12,23,16,0,-1.6,5,0,5,4,0.0000,0.0000
2009,12,23,16,30,-1.8,33,119,42,3.9000000000000004,0.0000,0.0000
2009,12,23,17,0,-1.9000000000000001,0,0,0,3.9000000000000004,0.0000,0.0000
2009,12,23,17,30,-2,0,0,0,3.8000000000000003,0.0000,0.0000
2009,12,23,18,0,-2.2,0,0,0,3.7,0.0000,0.0000
2009,12,23,18,30,-2.3000000000000003,0,0,0,3.7,0.0000,0.0000
2009,12,23,19,0,-2.4000000000000004,0,0,0,3.7,0.0000,0.0000
2009,12,23,19,30,-2.5,0,0,0,3.9000000000000004,0.0000,0.0000
2009,12,23,20,0,-2.7,0,0,0,4,0.0000,0.0000
2009,12,23,20,30,-2.8000000000000003,0,0,0,4,0.0000,0.0000
2009,12,23,21,0,-3,0,0,0,4,0.0000,0.0000
2009,12,23,21,30,-3.1,0,0,0,4,0.0000,0.0000
2009,12,23,22,0,-3.3000000000000003,0,0,0,4,0.0000,0.0000
2009,12,23,22,30,-3.5,0,0,0,4.1000000000000005,0.0000,0.0000
2009,12,23,23,0,-3.7,0,0,0,4.1000000000000005,0.0000,0.0000
2009,12,23,23,30,-3.9000000000000004,0,0,0,4.3,0.0000,0.0000
2009,12,24,0,0,-4.1000000000000005,0,0,0,4.6000000000000005,0.0000,0.0000
2009,12,24,0,30,-4.3,0,0,0,4.7,0.0000,0.0000
2009,12,24,1,0,-4.6000000000000005,0,0,0,4.800000000000001,0.0000,0.0000
2009,12,24,1,30,-4.9,0,0,0,4.7,0.0000,0.0000
2009,12,24,2,0,-5.1000000000000005,0,0,0,4.7,0.0000,0.0000
2009,12,24,2,30,-5.300000000000001,0,0,0,4.7,0.0000,0.0000
2009,12,24,3,0,-5.5,0,0,0,4.7,0.0000,0.0000
2009,12,24,3,30,-5.6000000000000005,0,0,0,4.800000000000001,0.0000,0.0000
2009,12,24,4,0,-5.7,0,0,0,5,0.0000,0.0000
2009,12,24,4,30,-5.800000000000001,0,0,0,5.2,0.0000,0.0000
2009,12,24,5,0,-5.9,0,0,0,5.5,0.0000,0.0000
2009,12,24,5,30,-6,0,0,0,6,0.0000,0.0000
2009,12,24,6,0,-6.2,0,0,0,6.5,0.0000,0.0000
2009,12,24,6,30,-6.300000000000001,0,0,0,7.2,0.0000,0.0000
2009,12,24,7,0,-6.5,0,0,0,7.9,0.0000,0.0000
2009,12,24,7,30,-6.800000000000001,0,0,0,7.800000000000001,0.0000,0.0000
2009,12,24,8,0,-7.1000000000000005,0,0,0,7.7,0.0000,0.0000
2009,12,24,8,30,-7.4,26,0,26,7.800000000000001,0.0000,0.0000
2009,12,24,9,0,-7.7,67,359,124,8,0.0000,0.0000
2009,12,24,9,30,-8.1,56,0,56,8.4,2.6978,2.0661
2009,12,24,10,0,-8.5,101,563,262,8.8,12.9940,10.0127
2009,12,24,10,30,-8.700000000000001,105,1,105,9,5.3507,4.1408
2009,12,24,11,0,-9,44,0,44,9.1,2.2891,1.7765
2009,12,24,11,30,-9.3,42,0,42,9.1,2.2159,1.7226
2009,12,24,12,0,-9.5,60,0,60,9.1,3.1908,2.4828
2009,12,24,12,30,-9.700000000000001,71,0,71,9,3.7842,2.9453
2009,12,24,13,0,-10,81,0,81,9,4.3030,3.3478
2009,12,24,13,30,-10.200000000000001,30,0,30,9,1.5794,1.2275
2009,12,24,14,0,-10.4,46,0,46,9,2.3852,1.8503
2009,12,24,14,30,-10.600000000000001,45,0,45,9,2.2827,1.7654
2009,12,24,15,0,-10.8,76,1,76,9,3.7485,2.8856
2009,12,24,15,30,-11,27,0,27,8.9,1.2951,0.9906
2009,12,24,16,0,-11.100000000000001,31,0,32,8.9,0.0000,0.0000
2009,12,24,16,30,-11.3,26,0,26,9,0.0000,0.0000
2009,12,24,17,0,-11.5,0,0,0,9.1,0.0000,0.0000
2009,12,24,17,30,-11.600000000000001,0,0,0,9.200000000000001,0.0000,0.0000
2009,12,24,18,0,-11.8,0,0,0,9.3,0.0000,0.0000
2009,12,24,18,30,-11.9,0,0,0,9.3,0.0000,0.0000
2009,12,24,19,0,-12,0,0,0,9.200000000000001,0.0000,0.0000
2009,12,24,19,30,-12.200000000000001,0,0,0,9.1,0.0000,0.0000
2009,12,24,20,0,-12.3,0,0,0,9,0.0000,0.0000
2009,12,24,20,30,-12.4,0,0,0,9.1,0.0000,0.0000
2009,12,24,21,0,-12.5,0,0,0,9.1,0.0000,0.0000
2009,12,24,21,30,-12.700000000000001,0,0,0,9.200000000000001,0.0000,0.0000
2009,12,24,22,0,-12.8,0,0,0,9.4,0.0000,0.0000
2009,12,24,22,30,-13,0,0,0,9.600000000000001,0.0000,0.0000
2009,12,24,23,0,-13.100000000000001,0,0,0,9.8,0.0000,0.0000
2009,12,24,23,30,-13.3,0,0,0,9.9,0.0000,0.0000
2009,12,25,0,0,-13.4,0,0,0,10,0.0000,0.0000
2009,12,25,0,30,-13.5,0,0,0,9.9,0.0000,0.0000
2009,12,25,1,0,-13.700000000000001,0,0,0,9.9,0.0000,0.0000
2009,12,25,1,30,-13.700000000000001,0,0,0,9.9,0.0000,0.0000
2009,12,25,2,0,-13.8,0,0,0,10,0.0000,0.0000
2009,12,25,2,30,-13.9,0,0,0,10.100000000000001,0.0000,0.0000
2009,12,25,3,0,-14,0,0,0,10.100000000000001,0.0000,0.0000
2009,12,25,3,30,-14,0,0,0,10.100000000000001,0.0000,0.0000
2009,12,25,4,0,-14,0,0,0,10.100000000000001,0.0000,0.0000
2009,12,25,4,30,-13.9,0,0,0,9.9,0.0000,0.0000
2009,12,25,5,0,-13.9,0,0,0,9.700000000000001,0.0000,0.0000
2009,12,25,5,30,-13.700000000000001,0,0,0,9.8,0.0000,0.0000
2009,12,25,6,0,-13.600000000000001,0,0,0,9.8,0.0000,0.0000
2009,12,25,6,30,-13.4,0,0,0,9.8,0.0000,0.0000
2009,12,25,7,0,-13.3,0,0,0,9.8,0.0000,0.0000
2009,12,25,7,30,-13,0,0,0,9.700000000000001,0.0000,0.0000
2009,12,25,8,0,-12.8,0,0,0,9.700000000000001,0.0000,0.0000
2009,12,25,8,30,-12.4,24,0,24,9.600000000000001,0.0000,0.0000
2009,12,25,9,0,-12.100000000000001,38,0,38,9.5,0.0000,0.0000
2009,12,25,9,30,-11.5,19,0,19,9.5,0.9151,0.7008
2009,12,25,10,0,-11,18,0,18,9.5,0.8925,0.6877
2009,12,25,10,30,-10.5,119,601,319,9.5,16.2530,12.5776
2009,12,25,11,0,-9.9,31,0,31,9.5,1.6126,1.2515
2009,12,25,11,30,-9.5,15,0,15,9.600000000000001,0.7914,0.6152
2009,12,25,12,0,-9,17,0,17,9.600000000000001,0.9041,0.7035
2009,12,25,12,30,-8.8,119,1,119,9.600000000000001,6.3440,4.9377
2009,12,25,13,0,-8.6,22,0,22,9.600000000000001,1.1691,0.9096
2009,12,25,13,30,-8.6,32,0,32,9.700000000000001,1.6855,1.3100
2009,12,25,14,0,-8.6,40,0,40,9.700000000000001,2.0752,1.6099
2009,12,25,14,30,-8.6,21,0,21,9.700000000000001,1.0660,0.8245
2009,12,25,15,0,-8.6,14,0,14,9.8,0.6910,0.5320
2009,12,25,15,30,-8.700000000000001,26,0,26,9.8,1.2478,0.9546
2009,12,25,16,0,-8.700000000000001,16,0,16,9.8,0.0000,0.0000
2009,12,25,16,30,-8.700000000000001,25,0,25,9.700000000000001,0.0000,0.0000
2009,12,25,17,0,-8.700000000000001,0,0,0,9.700000000000001,0.0000,0.0000
2009,12,25,17,30,-8.6,0,0,0,9.600000000000001,0.0000,0.0000
2009,12,25,18,0,-8.5,0,0,0,9.5,0.0000,0.0000
2009,12,25,18,30,-8.4,0,0,0,9.3,0.0000,0.0000
2009,12,25,19,0,-8.3,0,0,0,9.1,0.0000,0.0000
2009,12,25,19,30,-8,0,0,0,8.8,0.0000,0.0000
2009,12,25,20,0,-7.800000000000001,0,0,0,8.5,0.0000,0.0000
2009,12,25,20,30,-7.7,0,0,0,8,0.0000,0.0000
2009,12,25,21,0,-7.5,0,0,0,7.5,0.0000,0.0000
2009,12,25,21,30,-7.5,0,0,0,7,0.0000,0.0000
2009,12,25,22,0,-7.4,0,0,0,6.6000000000000005,0.0000,0.0000
2009,12,25,22,30,-7.6000000000000005,0,0,0,6.2,0.0000,0.0000
2009,12,25,23,0,-7.7,0,0,0,5.9,0.0000,0.0000
2009,12,25,23,30,-8,0,0,0,5.5,0.0000,0.0000
2009,12,26,0,0,-8.4,0,0,0,5.2,0.0000,0.0000
2009,12,26,0,30,-8.700000000000001,0,0,0,4.6000000000000005,0.0000,0.0000
2009,12,26,1,0,-9.1,0,0,0,4,0.0000,0.0000
2009,12,26,1,30,-9.3,0,0,0,3.8000000000000003,0.0000,0.0000
2009,12,26,2,0,-9.5,0,0,0,3.5,0.0000,0.0000
2009,12,26,2,30,-9.5,0,0,0,3.7,0.0000,0.0000
2009,12,26,3,0,-9.4,0,0,0,3.8000000000000003,0.0000,0.0000
2009,12,26,3,30,-9.200000000000001,0,0,0,4.2,0.0000,0.0000
2009,12,26,4,0,-9,0,0,0,4.7,0.0000,0.0000
2009,12,26,4,30,-8.8,0,0,0,4.9,0.0000,0.0000
2009,12,26,5,0,-8.6,0,0,0,5.1000000000000005,0.0000,0.0000
2009,12,26,5,30,-8.3,0,0,0,5.4,0.0000,0.0000
2009,12,26,6,0,-8,0,0,0,5.800000000000001,0.0000,0.0000
2009,12,26,6,30,-7.800000000000001,0,0,0,6,0.0000,0.0000
2009,12,26,7,0,-7.5,0,0,0,6.300000000000001,0.0000,0.0000
2009,12,26,7,30,-7.4,0,0,0,6.5,0.0000,0.0000
2009,12,26,8,0,-7.4,0,0,0,6.6000000000000005,0.0000,0.0000
2009,12,26,8,30,-7.300000000000001,23,0,23,6.7,0.0000,0.0000
2009,12,26,9,0,-7.2,38,0,38,6.800000000000001,0.0000,0.0000
2009,12,26,9,30,-7.1000000000000005,48,0,48,7.2,2.3113,1.7699
2009,12,26,10,0,-7,45,0,45,7.6000000000000005,2.2306,1.7186
2009,12,26,10,30,-6.800000000000001,23,0,23,7.5,1.1717,0.9068
2009,12,26,11,0,-6.7,25,0,25,7.5,1.3005,1.0093
2009,12,26,11,30,-6.6000000000000005,15,0,15,7.4,0.7915,0.6153
2009,12,26,12,0,-6.5,25,0,25,7.4,1.3299,1.0348
2009,12,26,12,30,-6.5,30,0,30,7.300000000000001,1.5997,1.2451
2009,12,26,13,0,-6.5,139,0,139,7.2,7.3892,5.7493
2009,12,26,13,30,-6.5,12,0,12,7.1000000000000005,0.6324,0.4915
2009,12,26,14,0,-6.6000000000000005,19,0,19,6.9,0.9863,0.7652
2009,12,26,14,30,-6.7,26,0,26,6.7,1.3207,1.0216
2009,12,26,15,0,-6.800000000000001,17,0,17,6.4,0.8398,0.6466
2009,12,26,15,30,-7,73,0,73,6.1000000000000005,3.5054,2.6821
2009,12,26,16,0,-7.300000000000001,59,2,60,5.800000000000001,0.0000,0.0000
2009,12,26,16,30,-7.6000000000000005,33,1,33,5.6000000000000005,0.0000,0.0000
2009,12,26,17,0,-8,0,0,0,5.4,0.0000,0.0000
2009,12,26,17,30,-8.200000000000001,0,0,0,5.300000000000001,0.0000,0.0000
2009,12,26,18,0,-8.3,0,0,0,5.2,0.0000,0.0000
2009,12,26,18,30,-8.4,0,0,0,5.2,0.0000,0.0000
2009,12,26,19,0,-8.4,0,0,0,5.2,0.0000,0.0000
2009,12,26,19,30,-8.4,0,0,0,5.1000000000000005,0.0000,0.0000
2009,12,26,20,0,-8.4,0,0,0,5.1000000000000005,0.0000,0.0000
2009,12,26,20,30,-8.4,0,0,0,5,0.0000,0.0000
2009,12,26,21,0,-8.4,0,0,0,5,0.0000,0.0000
2009,12,26,21,30,-8.5,0,0,0,5,0.0000,0.0000
2009,12,26,22,0,-8.6,0,0,0,5,0.0000,0.0000
2009,12,26,22,30,-8.700000000000001,0,0,0,5,0.0000,0.0000
2009,12,26,23,0,-8.700000000000001,0,0,0,5.1000000000000005,0.0000,0.0000
2009,12,26,23,30,-8.9,0,0,0,5.2,0.0000,0.0000
2009,12,27,0,0,-9.1,0,0,0,5.2,0.0000,0.0000
2009,12,27,0,30,-9.4,0,0,0,5.4,0.0000,0.0000
2009,12,27,1,0,-9.700000000000001,0,0,0,5.5,0.0000,0.0000
2009,12,27,1,30,-10,0,0,0,5.800000000000001,0.0000,0.0000
2009,12,27,2,0,-10.3,0,0,0,6.1000000000000005,0.0000,0.0000
2009,12,27,2,30,-10.5,0,0,0,6.1000000000000005,0.0000,0.0000
2009,12,27,3,0,-10.700000000000001,0,0,0,6.1000000000000005,0.0000,0.0000
2009,12,27,3,30,-10.8,0,0,0,6.2,0.0000,0.0000
2009,12,27,4,0,-10.8,0,0,0,6.2,0.0000,0.0000
2009,12,27,4,30,-10.9,0,0,0,6.1000000000000005,0.0000,0.0000
2009,12,27,5,0,-11.100000000000001,0,0,0,6.1000000000000005,0.0000,0.0000
2009,12,27,5,30,-11.100000000000001,0,0,0,5.9,0.0000,0.0000
2009,12,27,6,0,-11.200000000000001,0,0,0,5.800000000000001,0.0000,0.0000
2009,12,27,6,30,-11.3,0,0,0,5.6000000000000005,0.0000,0.0000
2009,12,27,7,0,-11.3,0,0,0,5.4,0.0000,0.0000
2009,12,27,7,30,-11.3,0,0,0,5.1000000000000005,0.0000,0.0000
2009,12,27,8,0,-11.4,0,0,0,4.7,0.0000,0.0000
2009,12,27,8,30,-10.8,30,400,64,4.6000000000000005,0.0000,0.0000
2009,12,27,9,0,-10.3,58,0,58,4.6000000000000005,0.0000,0.0000
2009,12,27,9,30,-9.5,13,0,13,4.7,0.6259,0.4793
2009,12,27,10,0,-8.8,17,0,17,4.800000000000001,0.8426,0.6492
2009,12,27,10,30,-8,25,0,25,5,1.2735,0.9855
2009,12,27,11,0,-7.300000000000001,25,0,25,5.2,1.3006,1.0094
2009,12,27,11,30,-6.7,34,0,34,5.300000000000001,1.7942,1.3949
2009,12,27,12,0,-6.2,37,0,37,5.4,1.9687,1.5319
2009,12,27,12,30,-5.800000000000001,35,0,35,5.4,1.8670,1.4532
2009,12,27,13,0,-5.5,39,0,39,5.4,2.0742,1.6139
2009,12,27,13,30,-5.300000000000001,31,0,31,5.300000000000001,1.6344,1.2704
2009,12,27,14,0,-5.1000000000000005,50,0,50,5.300000000000001,2.5973,2.0152
2009,12,27,14,30,-5.1000000000000005,63,824,334,5.1000000000000005,16.9801,13.1362
2009,12,27,15,0,-5.1000000000000005,17,0,17,4.9,0.8405,0.6473
2009,12,27,15,30,-5.5,48,714,206,4.7,9.8979,7.5747
2009,12,27,16,0,-5.800000000000001,38,615,132,4.5,0.0000,0.0000
2009,12,27,16,30,-6.300000000000001,24,446,60,4.3,0.0000,0.0000
2009,12,27,17,0,-6.800000000000001,0,0,0,4.2,0.0000,0.0000
2009,12,27,17,30,-7,0,0,0,4.3,0.0000,0.0000
2009,12,27,18,0,-7.2,0,0,0,4.4,0.0000,0.0000
2009,12,27,18,30,-7.2,0,0,0,4.6000000000000005,0.0000,0.0000
2009,12,27,19,0,-7.2,0,0,0,4.9,0.0000,0.0000
2009,12,27,19,30,-7.5,0,0,0,4.800000000000001,0.0000,0.0000
2009,12,27,20,0,-7.7,0,0,0,4.7,0.0000,0.0000
2009,12,27,20,30,-8.1,0,0,0,4.6000000000000005,0.0000,0.0000
2009,12,27,21,0,-8.5,0,0,0,4.6000000000000005,0.0000,0.0000
2009,12,27,21,30,-8.8,0,0,0,4.6000000000000005,0.0000,0.0000
2009,12,27,22,0,-9.1,0,0,0,4.7,0.0000,0.0000
2009,12,27,22,30,-9.200000000000001,0,0,0,4.7,0.0000,0.0000
2009,12,27,23,0,-9.4,0,0,0,4.7,0.0000,0.0000
2009,12,27,23,30,-9.3,0,0,0,4.800000000000001,0.0000,0.0000
2009,12,28,0,0,-9.3,0,0,0,4.800000000000001,0.0000,0.0000
2009,12,28,0,30,-9.200000000000001,0,0,0,4.800000000000001,0.0000,0.0000
2009,12,28,1,0,-9.200000000000001,0,0,0,4.9,0.0000,0.0000
2009,12,28,1,30,-9.200000000000001,0,0,0,4.9,0.0000,0.0000
2009,12,28,2,0,-9.1,0,0,0,4.9,0.0000,0.0000
2009,12,28,2,30,-9.1,0,0,0,4.9,0.0000,0.0000
2009,12,28,3,0,-9.1,0,0,0,4.9,0.0000,0.0000
2009,12,28,3,30,-9,0,0,0,4.9,0.0000,0.0000
2009,12,28,4,0,-9,0,0,0,4.9,0.0000,0.0000
2009,12,28,4,30,-8.9,0,0,0,4.9,0.0000,0.0000
2009,12,28,5,0,-8.9,0,0,0,4.9,0.0000,0.0000
2009,12,28,5,30,-9,0,0,0,4.800000000000001,0.0000,0.0000
2009,12,28,6,0,-9,0,0,0,4.7,0.0000,0.0000
2009,12,28,6,30,-9.200000000000001,0,0,0,4.6000000000000005,0.0000,0.0000
2009,12,28,7,0,-9.5,0,0,0,4.5,0.0000,0.0000
2009,12,28,7,30,-9.600000000000001,0,0,0,4.5,0.0000,0.0000
2009,12,28,8,0,-9.700000000000001,0,0,0,4.5,0.0000,0.0000
2009,12,28,8,30,-9.4,25,490,67,4.7,0.0000,0.0000
2009,12,28,9,0,-9.1,38,641,140,4.9,0.0000,0.0000
2009,12,28,9,30,-8.6,48,740,214,5,10.3017,7.8879
2009,12,28,10,0,-8.200000000000001,56,801,283,5.2,14.0251,10.8058
2009,12,28,10,30,-7.800000000000001,62,844,343,5.4,17.4742,13.5225
2009,12,28,11,0,-7.4,67,872,391,5.5,20.3433,15.7878
2009,12,28,11,30,-7.1000000000000005,28,0,28,5.4,1.4780,1.1490
2009,12,28,12,0,-6.800000000000001,30,0,30,5.4,1.5967,1.2425
2009,12,28,12,30,-6.6000000000000005,35,0,35,5.2,1.8677,1.4538
2009,12,28,13,0,-6.4,59,0,59,5.1000000000000005,3.1392,2.4428
2009,12,28,13,30,-6.4,44,0,44,5,2.3212,1.8045
2009,12,28,14,0,-6.4,27,0,27,4.9,1.4035,1.0891
2009,12,28,14,30,-6.5,32,0,32,4.7,1.6282,1.2597
2009,12,28,15,0,-6.6000000000000005,17,0,17,4.5,0.8413,0.6480
2009,12,28,15,30,-7,16,0,16,3.9000000000000004,0.7693,0.5888
2009,12,28,16,0,-7.4,39,635,138,3.2,0.0000,0.0000
2009,12,28,16,30,-8.200000000000001,26,465,64,2.7,0.0000,0.0000
2009,12,28,17,0,-9.1,0,0,0,2.2,0.0000,0.0000
2009,12,28,17,30,-9.8,0,0,0,2.1,0.0000,0.0000
2009,12,28,18,0,-10.5,0,0,0,2,0.0000,0.0000
2009,12,28,18,30,-11.100000000000001,0,0,0,2,0.0000,0.0000
2009,12,28,19,0,-11.8,0,0,0,1.9000000000000001,0.0000,0.0000
2009,12,28,19,30,-12.4,0,0,0,1.8,0.0000,0.0000
2009,12,28,20,0,-13,0,0,0,1.7000000000000002,0.0000,0.0000
2009,12,28,20,30,-13.8,0,0,0,1.6,0.0000,0.0000
2009,12,28,21,0,-14.5,0,0,0,1.6,0.0000,0.0000
2009,12,28,21,30,-15.3,0,0,0,1.5,0.0000,0.0000
2009,12,28,22,0,-16.1,0,0,0,1.5,0.0000,0.0000
2009,12,28,22,30,-16.5,0,0,0,1.4000000000000001,0.0000,0.0000
2009,12,28,23,0,-17,0,0,0,1.4000000000000001,0.0000,0.0000
2009,12,28,23,30,-17.2,0,0,0,1.3,0.0000,0.0000
2009,12,29,0,0,-17.5,0,0,0,1.2000000000000002,0.0000,0.0000
2009,12,29,0,30,-17.7,0,0,0,1.1,0.0000,0.0000
2009,12,29,1,0,-17.900000000000002,0,0,0,1,0.0000,0.0000
2009,12,29,1,30,-18.2,0,0,0,0.9,0.0000,0.0000
2009,12,29,2,0,-18.400000000000002,0,0,0,0.8,0.0000,0.0000
2009,12,29,2,30,-18.6,0,0,0,0.7000000000000001,0.0000,0.0000
2009,12,29,3,0,-18.7,0,0,0,0.7000000000000001,0.0000,0.0000
2009,12,29,3,30,-18.8,0,0,0,0.6000000000000001,0.0000,0.0000
2009,12,29,4,0,-19,0,0,0,0.5,0.0000,0.0000
2009,12,29,4,30,-19.1,0,0,0,0.4,0.0000,0.0000
2009,12,29,5,0,-19.3,0,0,0,0.2,0.0000,0.0000
2009,12,29,5,30,-19.5,0,0,0,0.4,0.0000,0.0000
2009,12,29,6,0,-19.8,0,0,0,0.5,0.0000,0.0000
2009,12,29,6,30,-20.1,0,0,0,0.6000000000000001,0.0000,0.0000
2009,12,29,7,0,-20.3,0,0,0,0.7000000000000001,0.0000,0.0000
2009,12,29,7,30,-20.1,0,0,0,1,0.0000,0.0000
2009,12,29,8,0,-19.900000000000002,0,0,0,1.3,0.0000,0.0000
2009,12,29,8,30,-19,22,0,22,2,0.0000,0.0000
2009,12,29,9,0,-18.1,70,3,70,2.7,0.0000,0.0000
2009,12,29,9,30,-17.1,8,0,8,2.7,0.3851,0.2949
2009,12,29,10,0,-16,20,0,20,2.7,0.9912,0.7637
2009,12,29,10,30,-14.8,32,0,32,2.8000000000000003,1.6304,1.2617
2009,12,29,11,0,-13.600000000000001,35,0,35,2.8000000000000003,1.8213,1.4135
2009,12,29,11,30,-12.5,32,0,32,2.9000000000000004,1.6896,1.3136
2009,12,29,12,0,-11.3,51,0,51,3,2.7154,2.1132
2009,12,29,12,30,-10.4,19,0,19,3.3000000000000003,1.0143,0.7896
2009,12,29,13,0,-9.5,29,0,29,3.5,1.5438,1.2014
2009,12,29,13,30,-9.1,30,0,30,3.8000000000000003,1.5836,1.2312
2009,12,29,14,0,-8.6,17,0,17,4,0.8844,0.6864
2009,12,29,14,30,-8.5,44,0,44,4.1000000000000005,2.2408,1.7339
2009,12,29,15,0,-8.4,100,2,101,4.1000000000000005,5.0027,3.8540
2009,12,29,15,30,-8.700000000000001,108,10,110,3.7,5.2924,4.0518
2009,12,29,16,0,-9,42,0,42,3.4000000000000004,0.0000,0.0000
2009,12,29,16,30,-9.4,28,0,28,3.2,0.0000,0.0000
2009,12,29,17,0,-9.8,0,0,0,3,0.0000,0.0000
2009,12,29,17,30,-10,0,0,0,3.3000000000000003,0.0000,0.0000
2009,12,29,18,0,-10.200000000000001,0,0,0,3.6,0.0000,0.0000
2009,12,29,18,30,-10.3,0,0,0,3.7,0.0000,0.0000
2009,12,29,19,0,-10.4,0,0,0,3.8000000000000003,0.0000,0.0000
2009,12,29,19,30,-10.3,0,0,0,3.8000000000000003,0.0000,0.0000
2009,12,29,20,0,-10.200000000000001,0,0,0,3.8000000000000003,0.0000,0.0000
2009,12,29,20,30,-10.100000000000001,0,0,0,3.8000000000000003,0.0000,0.0000
2009,12,29,21,0,-9.9,0,0,0,3.7,0.0000,0.0000
2009,12,29,21,30,-9.700000000000001,0,0,0,3.7,0.0000,0.0000
2009,12,29,22,0,-9.4,0,0,0,3.7,0.0000,0.0000
2009,12,29,22,30,-9.200000000000001,0,0,0,3.7,0.0000,0.0000
2009,12,29,23,0,-9,0,0,0,3.7,0.0000,0.0000
2009,12,29,23,30,-8.8,0,0,0,3.6,0.0000,0.0000
2009,12,30,0,0,-8.6,0,0,0,3.6,0.0000,0.0000
2009,12,30,0,30,-8.4,0,0,0,3.6,0.0000,0.0000
2009,12,30,1,0,-8.200000000000001,0,0,0,3.7,0.0000,0.0000
2009,12,30,1,30,-8.1,0,0,0,3.7,0.0000,0.0000
2009,12,30,2,0,-8,0,0,0,3.7,0.0000,0.0000
2009,12,30,2,30,-7.800000000000001,0,0,0,3.6,0.0000,0.0000
2009,12,30,3,0,-7.7,0,0,0,3.6,0.0000,0.0000
2009,12,30,3,30,-7.5,0,0,0,3.5,0.0000,0.0000
2009,12,30,4,0,-7.4,0,0,0,3.4000000000000004,0.0000,0.0000
2009,12,30,4,30,-7.2,0,0,0,3.2,0.0000,0.0000
2009,12,30,5,0,-7.1000000000000005,0,0,0,3.1,0.0000,0.0000
2009,12,30,5,30,-6.9,0,0,0,3,0.0000,0.0000
2009,12,30,6,0,-6.7,0,0,0,2.9000000000000004,0.0000,0.0000
2009,12,30,6,30,-6.6000000000000005,0,0,0,2.9000000000000004,0.0000,0.0000
2009,12,30,7,0,-6.4,0,0,0,2.8000000000000003,0.0000,0.0000
2009,12,30,7,30,-6.2,0,0,0,2.8000000000000003,0.0000,0.0000
2009,12,30,8,0,-6,0,0,0,2.7,0.0000,0.0000
2009,12,30,8,30,-5.6000000000000005,10,0,10,2.9000000000000004,0.0000,0.0000
2009,12,30,9,0,-5.2,42,0,42,3.1,0.0000,0.0000
2009,12,30,9,30,-4.7,12,0,12,3,0.5776,0.4422
2009,12,30,10,0,-4.2,85,630,264,3,13.0835,10.0803
2009,12,30,10,30,-3.7,23,0,23,3.2,1.1719,0.9069
2009,12,30,11,0,-3.2,19,0,19,3.4000000000000004,0.9890,0.7675
2009,12,30,11,30,-3,60,0,60,3.6,3.1688,2.4637
2009,12,30,12,0,-2.8000000000000003,81,0,81,3.8000000000000003,4.3143,3.3576
2009,12,30,12,30,-2.8000000000000003,51,0,51,4.1000000000000005,2.7239,2.1205
2009,12,30,13,0,-2.9000000000000004,31,0,31,4.3,1.6513,1.2851
2009,12,30,13,30,-3.3000000000000003,68,0,68,4.6000000000000005,3.5921,2.7929
2009,12,30,14,0,-3.6,75,0,75,4.9,3.9048,3.0306
2009,12,30,14,30,-4.1000000000000005,45,0,45,5,2.2938,1.7752
2009,12,30,15,0,-4.6000000000000005,32,0,32,5.1000000000000005,1.5866,1.2225
2009,12,30,15,30,-5.2,15,0,15,4.800000000000001,0.7223,0.5531
2009,12,30,16,0,-5.9,26,0,26,4.5,0.0000,0.0000
2009,12,30,16,30,-6.5,17,0,17,4.3,0.0000,0.0000
2009,12,30,17,0,-7.1000000000000005,0,0,0,4,0.0000,0.0000
2009,12,30,17,30,-7.6000000000000005,0,0,0,4,0.0000,0.0000
2009,12,30,18,0,-8.1,0,0,0,4,0.0000,0.0000
2009,12,30,18,30,-8.5,0,0,0,4,0.0000,0.0000
2009,12,30,19,0,-8.9,0,0,0,4,0.0000,0.0000
2009,12,30,19,30,-9.3,0,0,0,3.9000000000000004,0.0000,0.0000
2009,12,30,20,0,-9.700000000000001,0,0,0,3.8000000000000003,0.0000,0.0000
2009,12,30,20,30,-10,0,0,0,3.9000000000000004,0.0000,0.0000
2009,12,30,21,0,-10.3,0,0,0,3.9000000000000004,0.0000,0.0000
2009,12,30,21,30,-10.600000000000001,0,0,0,4,0.0000,0.0000
2009,12,30,22,0,-10.9,0,0,0,4.1000000000000005,0.0000,0.0000
2009,12,30,22,30,-11.200000000000001,0,0,0,4.1000000000000005,0.0000,0.0000
2009,12,30,23,0,-11.5,0,0,0,4.2,0.0000,0.0000
2009,12,30,23,30,-11.8,0,0,0,4.3,0.0000,0.0000
2009,12,31,0,0,-12.100000000000001,0,0,0,4.4,0.0000,0.0000
2009,12,31,0,30,-12.3,0,0,0,4.5,0.0000,0.0000
2009,12,31,1,0,-12.600000000000001,0,0,0,4.6000000000000005,0.0000,0.0000
2009,12,31,1,30,-12.9,0,0,0,4.6000000000000005,0.0000,0.0000
2009,12,31,2,0,-13.200000000000001,0,0,0,4.5,0.0000,0.0000
2009,12,31,2,30,-13.4,0,0,0,4.3,0.0000,0.0000
2009,12,31,3,0,-13.700000000000001,0,0,0,4.1000000000000005,0.0000,0.0000
2009,12,31,3,30,-14,0,0,0,3.8000000000000003,0.0000,0.0000
2009,12,31,4,0,-14.200000000000001,0,0,0,3.5,0.0000,0.0000
2009,12,31,4,30,-14.8,0,0,0,3.2,0.0000,0.0000
2009,12,31,5,0,-15.3,0,0,0,2.9000000000000004,0.0000,0.0000
2009,12,31,5,30,-15.9,0,0,0,2.8000000000000003,0.0000,0.0000
2009,12,31,6,0,-16.6,0,0,0,2.7,0.0000,0.0000
2009,12,31,6,30,-17.1,0,0,0,2.7,0.0000,0.0000
2009,12,31,7,0,-17.6,0,0,0,2.8000000000000003,0.0000,0.0000
2009,12,31,7,30,-17.6,0,0,0,2.9000000000000004,0.0000,0.0000
2009,12,31,8,0,-17.5,0,0,0,3.1,0.0000,0.0000
2009,12,31,8,30,-16.5,22,0,22,3.5,0.0000,0.0000
2009,12,31,9,0,-15.5,45,0,45,3.9000000000000004,0.0000,0.0000
2009,12,31,9,30,-14.4,12,0,12,3.7,0.5776,0.4423
2009,12,31,10,0,-13.3,17,0,17,3.5,0.8427,0.6493
2009,12,31,10,30,-12.200000000000001,27,0,27,3.6,1.3761,1.0650
2009,12,31,11,0,-11.200000000000001,73,858,393,3.7,20.4628,15.8821
2009,12,31,11,30,-10.5,71,0,71,3.9000000000000004,3.7515,2.9169
2009,12,31,12,0,-9.8,81,881,452,4.2,24.0858,18.7457
2009,12,31,12,30,-9.600000000000001,47,0,47,4.2,2.5117,1.9555
2009,12,31,13,0,-9.4,84,872,451,4.3,24.0396,18.7104
2009,12,31,13,30,-9.3,68,0,69,4.2,3.6475,2.8362
2009,12,31,14,0,-9.3,24,0,24,4.2,1.2507,0.9708
2009,12,31,14,30,-9.4,38,0,38,4.1000000000000005,1.9389,1.5008
2009,12,31,15,0,-9.5,66,760,284,4,14.0969,10.8641
2009,12,31,15,30,-9.9,57,691,215,3.5,10.3612,7.9358
2009,12,31,16,0,-10.4,12,0,12,3,0.0000,0.0000
2009,12,31,16,30,-11.3,28,0,28,2.5,0.0000,0.0000
2009,12,31,17,0,-12.3,0,0,0,2,0.0000,0.0000
2009,12,31,17,30,-13.200000000000001,0,0,0,2,0.0000,0.0000
2009,12,31,18,0,-8.200000000000001,0,0,0,5.2,0.0000,0.0000
2009,12,31,18,30,-8.4,0,0,0,5.2,0.0000,0.0000
2009,12,31,19,0,-8.5,0,0,0,5.300000000000001,0.0000,0.0000
2009,12,31,19,30,-8.5,0,0,0,5.4,0.0000,0.0000
2009,12,31,20,0,-8.6,0,0,0,5.6000000000000005,0.0000,0.0000
2009,12,31,20,30,-8.5,0,0,0,5.9,0.0000,0.0000
2009,12,31,21,0,-8.5,0,0,0,6.1000000000000005,0.0000,0.0000
2009,12,31,21,30,-8.4,0,0,0,6.2,0.0000,0.0000
2009,12,31,22,0,-8.4,0,0,0,6.300000000000001,0.0000,0.0000
2009,12,31,22,30,-8.4,0,0,0,6.300000000000001,0.0000,0.0000
2009,12,31,23,0,-8.3,0,0,0,6.300000000000001,0.0000,0.0000
2009,12,31,23,30,-8.3,0,0,0,6.2,0.0000,0.0000
