Source,Location ID,City,State,Country,Latitude,Longitude,Time Zone,Elevation,Local Time Zone,Clearsky DHI Units,Clearsky DNI Units,Clearsky GHI Units,Dew Point Units,DHI Units,DNI Units,GHI Units,Solar Zenith Angle Units,Temperature Units,Pressure Units,Relative Humidity Units,Precipitable Water Units,Wind Direction Units,Wind Speed Units,Cloud Type -15,Cloud Type 0,Cloud Type 1,Cloud Type 2,Cloud Type 3,Cloud Type 4,Cloud Type 5,Cloud Type 6,Cloud Type 7,Cloud Type 8,Cloud Type 9,Cloud Type 10,Cloud Type 11,Cloud Type 12,Fill Flag 0,Fill Flag 1,Fill Flag 2,Fill Flag 3,Fill Flag 4,Fill Flag 5,Surface Albedo Units,Version
NSRDB,700696,-,-,-,41.73,-96.86,-6,437,-6,w/m2,w/m2,w/m2,c,w/m2,w/m2,w/m2,Degree,c,mbar,%,cm,Degrees,m/s,N/A,Clear,Probably Clear,Fog,Water,Super-Cooled Water,Mixed,Opaque Ice,Cirrus,Overlapping,Overshooting,Unknown,Dust,Smoke,N/A,Missing Image,Low Irradiance,Exceeds Clearsky,Missing CLoud Properties,Rayleigh Violation,N/A,4.0.0
Year,Month,Day,Hour,Minute,Temperature,DHI,DNI,GHI,Wind Speed,Global Horizontal UV Irradiance (280-400nm),Global Horizontal UV Irradiance (295-385nm)
2017,1,1,0,0,-5.300000000000001,0,0,0,3,0.0000,0.0000
2017,1,1,0,30,-5.4,0,0,0,2.9000000000000004,0.0000,0.0000
2017,1,1,1,0,-5.6000000000000005,0,0,0,2.7,0.0000,0.0000
2017,1,1,1,30,-5.7,0,0,0,2.6,0.0000,0.0000
2017,1,1,2,0,-5.800000000000001,0,0,0,2.5,0.0000,0.0000
2017,1,1,2,30,-5.9,0,0,0,2.5,0.0000,0.0000
2017,1,1,3,0,-6,0,0,0,2.4000000000000004,0.0000,0.0000
2017,1,1,3,30,-6,0,0,0,2.4000000000000004,0.0000,0.0000
2017,1,1,4,0,-6.1000000000000005,0,0,0,2.4000000000000004,0.0000,0.0000
2017,1,1,4,30,-6.2,0,0,0,2.3000000000000003,0.0000,0.0000
2017,1,1,5,0,-6.4,0,0,0,2.2,0.0000,0.0000
2017,1,1,5,30,-6.6000000000000005,0,0,0,2.1,0.0000,0.0000
2017,1,1,6,0,-6.7,0,0,0,1.9000000000000001,0.0000,0.0000
2017,1,1,6,30,-6.7,0,0,0,1.7000000000000002,0.0000,0.0000
2017,1,1,7,0,-6.7,0,0,0,1.6,0.0000,0.0000
2017,1,1,7,30,-6.1000000000000005,0,0,0,1.5,0.0000,0.0000
2017,1,1,8,0,-5.5,0,0,0,1.5,0.0000,0.0000
2017,1,1,8,30,-4.6000000000000005,32,3,33,2.1,0.0000,0.0000
2017,1,1,9,0,-3.8000000000000003,50,3,50,2.6,0.0000,0.0000
2017,1,1,9,30,-3.3000000000000003,112,30,118,2.7,5.6804,4.3494
2017,1,1,10,0,-2.8000000000000003,48,0,49,2.8000000000000003,2.4295,1.8720
2017,1,1,10,30,-2.3000000000000003,102,5,104,2.9000000000000004,5.3026,4.1040
2017,1,1,11,0,-1.7000000000000002,198,82,229,2.9000000000000004,11.9296,9.2597
2017,1,1,11,30,-1.4000000000000001,69,0,69,3,3.6478,2.8365
2017,1,1,12,0,-1,143,8,147,3,7.8384,6.1010
2017,1,1,12,30,-0.8,104,2,105,3,5.6158,4.3725
2017,1,1,13,0,-0.6000000000000001,204,40,221,3,11.7904,9.1776
2017,1,1,13,30,-0.30000000000000004,182,31,195,3.3000000000000003,10.3194,8.0251
2017,1,1,14,0,-0.1,183,54,203,3.5,10.5920,8.2230
2017,1,1,14,30,0.1,113,14,118,3.7,6.0295,4.6680
2017,1,1,15,0,0.2,157,18,162,3.9000000000000004,8.0531,6.2079
2017,1,1,15,30,-0.2,41,0,41,3.5,1.9782,1.5156
2017,1,1,16,0,-0.6000000000000001,39,1,40,3.1,0.0000,0.0000
2017,1,1,16,30,-1.1,19,0,19,3.1,0.0000,0.0000
2017,1,1,17,0,-1.7000000000000002,0,0,0,3,0.0000,0.0000
2017,1,1,17,30,-1.8,0,0,0,3,0.0000,0.0000
2017,1,1,18,0,-2,0,0,0,2.9000000000000004,0.0000,0.0000
2017,1,1,18,30,-2.2,0,0,0,2.6,0.0000,0.0000
2017,1,1,19,0,-2.5,0,0,0,2.4000000000000004,0.0000,0.0000
2017,1,1,19,30,-2.6,0,0,0,2.3000000000000003,0.0000,0.0000
2017,1,1,20,0,-2.7,0,0,0,2.3000000000000003,0.0000,0.0000
2017,1,1,20,30,-2.7,0,0,0,2.4000000000000004,0.0000,0.0000
2017,1,1,21,0,-2.7,0,0,0,2.6,0.0000,0.0000
2017,1,1,21,30,-2.6,0,0,0,2.8000000000000003,0.0000,0.0000
2017,1,1,22,0,-2.5,0,0,0,3,0.0000,0.0000
2017,1,1,22,30,-2.4000000000000004,0,0,0,3,0.0000,0.0000
2017,1,1,23,0,-2.3000000000000003,0,0,0,3.1,0.0000,0.0000
2017,1,1,23,30,-2.3000000000000003,0,0,0,3.1,0.0000,0.0000
2017,1,2,0,0,-2.2,0,0,0,3,0.0000,0.0000
2017,1,2,0,30,-2.2,0,0,0,2.8000000000000003,0.0000,0.0000
2017,1,2,1,0,-2.2,0,0,0,2.5,0.0000,0.0000
2017,1,2,1,30,-2.2,0,0,0,2.3000000000000003,0.0000,0.0000
2017,1,2,2,0,-2.2,0,0,0,2.1,0.0000,0.0000
2017,1,2,2,30,-2.3000000000000003,0,0,0,2,0.0000,0.0000
2017,1,2,3,0,-2.4000000000000004,0,0,0,1.9000000000000001,0.0000,0.0000
2017,1,2,3,30,-2.4000000000000004,0,0,0,1.8,0.0000,0.0000
2017,1,2,4,0,-2.5,0,0,0,1.8,0.0000,0.0000
2017,1,2,4,30,-2.3000000000000003,0,0,0,2,0.0000,0.0000
2017,1,2,5,0,-2.2,0,0,0,2.2,0.0000,0.0000
2017,1,2,5,30,-2.1,0,0,0,2.4000000000000004,0.0000,0.0000
2017,1,2,6,0,-2,0,0,0,2.5,0.0000,0.0000
2017,1,2,6,30,-1.9000000000000001,0,0,0,2.6,0.0000,0.0000
2017,1,2,7,0,-1.8,0,0,0,2.7,0.0000,0.0000
2017,1,2,7,30,-1.5,0,0,0,2.7,0.0000,0.0000
2017,1,2,8,0,-1.3,0,0,0,2.8000000000000003,0.0000,0.0000
2017,1,2,8,30,-1,11,0,11,2.9000000000000004,0.0000,0.0000
2017,1,2,9,0,-0.6000000000000001,51,437,120,3.1,0.0000,0.0000
2017,1,2,9,30,-0.30000000000000004,16,0,16,3.1,0.7703,0.5899
2017,1,2,10,0,0,27,0,27,3.1,1.3391,1.0318
2017,1,2,10,30,0.30000000000000004,45,0,45,3,2.2952,1.7765
2017,1,2,11,0,0.6000000000000001,49,0,49,2.9000000000000004,2.5537,1.9823
2017,1,2,11,30,0.7000000000000001,67,0,68,2.7,3.5969,2.7971
2017,1,2,12,0,0.8,67,0,67,2.6,3.5747,2.7826
2017,1,2,12,30,0.8,67,0,67,2.4000000000000004,3.5857,2.7921
2017,1,2,13,0,0.9,76,0,76,2.2,4.0576,3.1587
2017,1,2,13,30,0.9,37,0,37,2.2,1.9597,1.5242
2017,1,2,14,0,0.9,52,0,52,2.1,2.7159,2.1088
2017,1,2,14,30,0.8,38,0,38,2.1,1.9440,1.5052
2017,1,2,15,0,0.7000000000000001,46,0,46,2.1,2.2897,1.7654
2017,1,2,15,30,0.5,34,0,34,2,1.6420,1.2584
2017,1,2,16,0,0.30000000000000004,23,0,23,2,0.0000,0.0000
2017,1,2,16,30,0.2,15,0,15,2.4000000000000004,0.0000,0.0000
2017,1,2,17,0,0,0,0,0,2.9000000000000004,0.0000,0.0000
2017,1,2,17,30,0,0,0,0,3.5,0.0000,0.0000
2017,1,2,18,0,0,0,0,0,4.2,0.0000,0.0000
2017,1,2,18,30,0,0,0,0,4.800000000000001,0.0000,0.0000
2017,1,2,19,0,-0.1,0,0,0,5.4,0.0000,0.0000
2017,1,2,19,30,-0.4,0,0,0,5.9,0.0000,0.0000
2017,1,2,20,0,-0.6000000000000001,0,0,0,6.4,0.0000,0.0000
2017,1,2,20,30,-1.2000000000000002,0,0,0,6.9,0.0000,0.0000
2017,1,2,21,0,-1.8,0,0,0,7.300000000000001,0.0000,0.0000
2017,1,2,21,30,-2.5,0,0,0,7.300000000000001,0.0000,0.0000
2017,1,2,22,0,-3.1,0,0,0,7.4,0.0000,0.0000
2017,1,2,22,30,-3.6,0,0,0,7.4,0.0000,0.0000
2017,1,2,23,0,-4.2,0,0,0,7.300000000000001,0.0000,0.0000
2017,1,2,23,30,-4.7,0,0,0,7.300000000000001,0.0000,0.0000
2017,1,3,0,0,-5.2,0,0,0,7.300000000000001,0.0000,0.0000
2017,1,3,0,30,-5.6000000000000005,0,0,0,7.300000000000001,0.0000,0.0000
2017,1,3,1,0,-6,0,0,0,7.4,0.0000,0.0000
2017,1,3,1,30,-6.4,0,0,0,7.4,0.0000,0.0000
2017,1,3,2,0,-6.800000000000001,0,0,0,7.5,0.0000,0.0000
2017,1,3,2,30,-7.1000000000000005,0,0,0,7.5,0.0000,0.0000
2017,1,3,3,0,-7.5,0,0,0,7.5,0.0000,0.0000
2017,1,3,3,30,-7.9,0,0,0,7.6000000000000005,0.0000,0.0000
2017,1,3,4,0,-8.3,0,0,0,7.6000000000000005,0.0000,0.0000
2017,1,3,4,30,-8.700000000000001,0,0,0,7.800000000000001,0.0000,0.0000
2017,1,3,5,0,-9.1,0,0,0,8,0.0000,0.0000
2017,1,3,5,30,-9.5,0,0,0,8.1,0.0000,0.0000
2017,1,3,6,0,-10,0,0,0,8.3,0.0000,0.0000
2017,1,3,6,30,-10.5,0,0,0,8.3,0.0000,0.0000
2017,1,3,7,0,-10.9,0,0,0,8.4,0.0000,0.0000
2017,1,3,7,30,-11.3,0,0,0,8.4,0.0000,0.0000
2017,1,3,8,0,-11.600000000000001,0,0,0,8.4,0.0000,0.0000
2017,1,3,8,30,-11.5,22,0,22,8.6,0.0000,0.0000
2017,1,3,9,0,-11.4,52,1,52,8.700000000000001,0.0000,0.0000
2017,1,3,9,30,-11,66,4,67,8.8,3.2262,2.4704
2017,1,3,10,0,-10.600000000000001,101,1,101,8.9,5.0105,3.8611
2017,1,3,10,30,-10.100000000000001,172,11,175,8.8,8.9299,6.9121
2017,1,3,11,0,-9.600000000000001,159,31,170,8.8,8.8642,6.8811
2017,1,3,11,30,-9,214,235,309,8.700000000000001,16.3536,12.7179
2017,1,3,12,0,-8.5,214,326,353,8.6,18.8466,14.6712
2017,1,3,12,30,-8.200000000000001,222,279,342,8.6,18.3166,14.2636
2017,1,3,13,0,-7.9,148,570,391,8.5,20.8922,16.2651
2017,1,3,13,30,-8.1,199,444,381,8.4,20.1983,15.7109
2017,1,3,14,0,-8.3,237,67,263,8.3,13.7499,10.6773
2017,1,3,14,30,-8.700000000000001,195,23,203,8.1,10.3970,8.0519
2017,1,3,15,0,-9.1,152,98,181,7.9,9.0211,6.9572
2017,1,3,15,30,-9.600000000000001,128,172,169,7.5,8.1710,6.2636
2017,1,3,16,0,-10,93,80,107,7.1000000000000005,0.0000,0.0000
2017,1,3,16,30,-10.5,40,1,40,6.6000000000000005,0.0000,0.0000
2017,1,3,17,0,-10.9,5,0,5,6,0.0000,0.0000
2017,1,3,17,30,-11.3,0,0,0,5.800000000000001,0.0000,0.0000
2017,1,3,18,0,-11.700000000000001,0,0,0,5.6000000000000005,0.0000,0.0000
2017,1,3,18,30,-12.100000000000001,0,0,0,5.6000000000000005,0.0000,0.0000
2017,1,3,19,0,-12.4,0,0,0,5.7,0.0000,0.0000
2017,1,3,19,30,-12.8,0,0,0,5.6000000000000005,0.0000,0.0000
2017,1,3,20,0,-13.200000000000001,0,0,0,5.6000000000000005,0.0000,0.0000
2017,1,3,20,30,-13.600000000000001,0,0,0,5.5,0.0000,0.0000
2017,1,3,21,0,-14,0,0,0,5.4,0.0000,0.0000
2017,1,3,21,30,-14.3,0,0,0,5.4,0.0000,0.0000
2017,1,3,22,0,-14.700000000000001,0,0,0,5.4,0.0000,0.0000
2017,1,3,22,30,-15,0,0,0,5.4,0.0000,0.0000
2017,1,3,23,0,-15.3,0,0,0,5.300000000000001,0.0000,0.0000
2017,1,3,23,30,-15.600000000000001,0,0,0,5.300000000000001,0.0000,0.0000
2017,1,4,0,0,-15.9,0,0,0,5.300000000000001,0.0000,0.0000
2017,1,4,0,30,-16.1,0,0,0,5.300000000000001,0.0000,0.0000
2017,1,4,1,0,-16.3,0,0,0,5.300000000000001,0.0000,0.0000
2017,1,4,1,30,-16.3,0,0,0,5.4,0.0000,0.0000
2017,1,4,2,0,-16.400000000000002,0,0,0,5.4,0.0000,0.0000
2017,1,4,2,30,-16.3,0,0,0,5.4,0.0000,0.0000
2017,1,4,3,0,-16.3,0,0,0,5.5,0.0000,0.0000
2017,1,4,3,30,-16.2,0,0,0,5.4,0.0000,0.0000
2017,1,4,4,0,-16.2,0,0,0,5.4,0.0000,0.0000
2017,1,4,4,30,-16.1,0,0,0,5.300000000000001,0.0000,0.0000
2017,1,4,5,0,-16.1,0,0,0,5.2,0.0000,0.0000
2017,1,4,5,30,-16.1,0,0,0,5.2,0.0000,0.0000
2017,1,4,6,0,-16.1,0,0,0,5.1000000000000005,0.0000,0.0000
2017,1,4,6,30,-16.1,0,0,0,5,0.0000,0.0000
2017,1,4,7,0,-16.2,0,0,0,4.9,0.0000,0.0000
2017,1,4,7,30,-16.1,0,0,0,4.800000000000001,0.0000,0.0000
2017,1,4,8,0,-16.1,0,0,0,4.7,0.0000,0.0000
2017,1,4,8,30,-15.8,39,7,40,4.7,0.0000,0.0000
2017,1,4,9,0,-15.5,85,37,91,4.6000000000000005,0.0000,0.0000
2017,1,4,9,30,-15.100000000000001,126,66,141,4.4,6.7912,5.2008
2017,1,4,10,0,-14.700000000000001,154,117,187,4.2,9.2812,7.1527
2017,1,4,10,30,-14.200000000000001,166,291,264,4,13.4788,10.4339
2017,1,4,11,0,-13.700000000000001,181,328,305,3.8000000000000003,15.9127,12.3537
2017,1,4,11,30,-13.3,169,444,350,3.8000000000000003,18.5364,14.4165
2017,1,4,12,0,-13,228,281,348,3.7,18.5933,14.4752
2017,1,4,12,30,-12.9,239,237,341,3.7,18.2775,14.2344
2017,1,4,13,0,-12.8,230,251,338,3.8000000000000003,18.0761,14.0741
2017,1,4,13,30,-12.9,229,117,277,3.7,14.6995,11.4351
2017,1,4,14,0,-13,201,239,293,3.6,15.3360,11.9107
2017,1,4,14,30,-13.100000000000001,184,216,258,3.4000000000000004,13.2304,10.2480
2017,1,4,15,0,-13.200000000000001,105,12,108,3.2,5.3898,4.1576
2017,1,4,15,30,-13.5,97,12,99,3,4.7917,3.6741
2017,1,4,16,0,-13.700000000000001,39,1,39,2.9000000000000004,0.0000,0.0000
2017,1,4,16,30,-13.9,28,0,28,2.8000000000000003,0.0000,0.0000
2017,1,4,17,0,-14.100000000000001,4,0,4,2.7,0.0000,0.0000
2017,1,4,17,30,-14.100000000000001,0,0,0,2.8000000000000003,0.0000,0.0000
2017,1,4,18,0,-14.200000000000001,0,0,0,2.8000000000000003,0.0000,0.0000
2017,1,4,18,30,-14.200000000000001,0,0,0,2.9000000000000004,0.0000,0.0000
2017,1,4,19,0,-14.3,0,0,0,2.9000000000000004,0.0000,0.0000
2017,1,4,19,30,-14.3,0,0,0,3,0.0000,0.0000
2017,1,4,20,0,-14.3,0,0,0,3.1,0.0000,0.0000
2017,1,4,20,30,-14.200000000000001,0,0,0,3.2,0.0000,0.0000
2017,1,4,21,0,-14.200000000000001,0,0,0,3.2,0.0000,0.0000
2017,1,4,21,30,-14.100000000000001,0,0,0,3.3000000000000003,0.0000,0.0000
2017,1,4,22,0,-14,0,0,0,3.3000000000000003,0.0000,0.0000
2017,1,4,22,30,-13.9,0,0,0,3.2,0.0000,0.0000
2017,1,4,23,0,-13.8,0,0,0,3.2,0.0000,0.0000
2017,1,4,23,30,-13.8,0,0,0,3,0.0000,0.0000
2017,1,5,0,0,-13.8,0,0,0,2.9000000000000004,0.0000,0.0000
2017,1,5,0,30,-14.100000000000001,0,0,0,2.7,0.0000,0.0000
2017,1,5,1,0,-14.5,0,0,0,2.6,0.0000,0.0000
2017,1,5,1,30,-14.9,0,0,0,2.7,0.0000,0.0000
2017,1,5,2,0,-15.200000000000001,0,0,0,2.8000000000000003,0.0000,0.0000
2017,1,5,2,30,-15.100000000000001,0,0,0,3.1,0.0000,0.0000
2017,1,5,3,0,-14.9,0,0,0,3.4000000000000004,0.0000,0.0000
2017,1,5,3,30,-14.9,0,0,0,3.3000000000000003,0.0000,0.0000
2017,1,5,4,0,-14.8,0,0,0,3.1,0.0000,0.0000
2017,1,5,4,30,-14.8,0,0,0,2.8000000000000003,0.0000,0.0000
2017,1,5,5,0,-14.9,0,0,0,2.5,0.0000,0.0000
2017,1,5,5,30,-14.9,0,0,0,2.5,0.0000,0.0000
2017,1,5,6,0,-14.9,0,0,0,2.4000000000000004,0.0000,0.0000
2017,1,5,6,30,-15,0,0,0,2.4000000000000004,0.0000,0.0000
2017,1,5,7,0,-15.100000000000001,0,0,0,2.5,0.0000,0.0000
2017,1,5,7,30,-15,0,0,0,2.9000000000000004,0.0000,0.0000
2017,1,5,8,0,-15,0,0,0,3.3000000000000003,0.0000,0.0000
2017,1,5,8,30,-14.600000000000001,43,3,43,3.9000000000000004,0.0000,0.0000
2017,1,5,9,0,-14.200000000000001,81,1,81,4.5,0.0000,0.0000
2017,1,5,9,30,-13.9,51,781,229,4.800000000000001,11.0320,8.4489
2017,1,5,10,0,-13.600000000000001,212,54,227,5,11.2717,8.6874
2017,1,5,10,30,-13.5,65,894,367,5.1000000000000005,18.7477,14.5136
2017,1,5,11,0,-13.3,68,927,419,5.300000000000001,21.8750,16.9838
2017,1,5,11,30,-13.100000000000001,71,946,458,5.4,24.2711,18.8780
2017,1,5,12,0,-12.9,309,26,320,5.6000000000000005,17.1098,13.3213
2017,1,5,12,30,-12.8,307,22,317,5.6000000000000005,17.0045,13.2441
2017,1,5,13,0,-12.600000000000001,303,22,312,5.7,16.7002,13.0040
2017,1,5,13,30,-12.5,273,10,277,5.7,14.7140,11.4477
2017,1,5,14,0,-12.4,265,16,271,5.6000000000000005,14.2007,11.0305
2017,1,5,14,30,-12.4,232,133,278,5.6000000000000005,14.2751,11.0592
2017,1,5,15,0,-12.5,193,8,195,5.5,9.7452,7.5191
2017,1,5,15,30,-12.700000000000001,144,195,191,5.300000000000001,9.2554,7.0986
2017,1,5,16,0,-12.9,106,158,134,5.1000000000000005,6.3892,4.8691
2017,1,5,16,30,-13.3,29,567,87,4.6000000000000005,0.0000,0.0000
2017,1,5,17,0,-13.700000000000001,13,295,20,4.2,0.0000,0.0000
2017,1,5,17,30,-14,0,0,0,3.9000000000000004,0.0000,0.0000
2017,1,5,18,0,-14.3,0,0,0,3.7,0.0000,0.0000
2017,1,5,18,30,-14.8,0,0,0,3.6,0.0000,0.0000
2017,1,5,19,0,-15.3,0,0,0,3.4000000000000004,0.0000,0.0000
2017,1,5,19,30,-15.600000000000001,0,0,0,3.4000000000000004,0.0000,0.0000
2017,1,5,20,0,-16,0,0,0,3.3000000000000003,0.0000,0.0000
2017,1,5,20,30,-16.1,0,0,0,3.4000000000000004,0.0000,0.0000
2017,1,5,21,0,-16.3,0,0,0,3.5,0.0000,0.0000
2017,1,5,21,30,-16.3,0,0,0,3.6,0.0000,0.0000
2017,1,5,22,0,-16.400000000000002,0,0,0,3.7,0.0000,0.0000
2017,1,5,22,30,-16.400000000000002,0,0,0,3.6,0.0000,0.0000
2017,1,5,23,0,-16.5,0,0,0,3.5,0.0000,0.0000
2017,1,5,23,30,-16.8,0,0,0,3.1,0.0000,0.0000
2017,1,6,0,0,-17,0,0,0,2.6,0.0000,0.0000
2017,1,6,0,30,-17.400000000000002,0,0,0,2.3000000000000003,0.0000,0.0000
2017,1,6,1,0,-17.7,0,0,0,1.9000000000000001,0.0000,0.0000
2017,1,6,1,30,-18,0,0,0,1.6,0.0000,0.0000
2017,1,6,2,0,-18.400000000000002,0,0,0,1.2000000000000002,0.0000,0.0000
2017,1,6,2,30,-18.5,0,0,0,1.1,0.0000,0.0000
2017,1,6,3,0,-18.7,0,0,0,1,0.0000,0.0000
2017,1,6,3,30,-18.8,0,0,0,1.1,0.0000,0.0000
2017,1,6,4,0,-19,0,0,0,1.2000000000000002,0.0000,0.0000
2017,1,6,4,30,-19,0,0,0,1.5,0.0000,0.0000
2017,1,6,5,0,-19.1,0,0,0,1.8,0.0000,0.0000
2017,1,6,5,30,-19.1,0,0,0,2.1,0.0000,0.0000
2017,1,6,6,0,-19.1,0,0,0,2.3000000000000003,0.0000,0.0000
2017,1,6,6,30,-19.200000000000003,0,0,0,2.2,0.0000,0.0000
2017,1,6,7,0,-19.200000000000003,0,0,0,2.1,0.0000,0.0000
2017,1,6,7,30,-18.7,0,0,0,2.4000000000000004,0.0000,0.0000
2017,1,6,8,0,-18.2,0,0,0,2.7,0.0000,0.0000
2017,1,6,8,30,-17.1,42,3,42,2.7,0.0000,0.0000
2017,1,6,9,0,-16.1,35,720,150,2.7,0.0000,0.0000
2017,1,6,9,30,-14.5,43,816,229,2.7,11.0358,8.4526
2017,1,6,10,0,-12.9,50,875,302,2.7,15.0029,11.5640
2017,1,6,10,30,-11.600000000000001,55,917,366,2.8000000000000003,18.7084,14.4845
2017,1,6,11,0,-10.3,59,928,412,2.9000000000000004,21.5238,16.7125
2017,1,6,11,30,-9.600000000000001,62,947,451,2.8000000000000003,23.9185,18.6054
2017,1,6,12,0,-8.9,65,956,475,2.6,25.4176,19.7914
2017,1,6,12,30,-8.5,65,960,485,2.6,26.0386,20.2823
2017,1,6,13,0,-8,64,959,478,2.5,25.6096,19.9436
2017,1,6,13,30,-7.7,62,950,458,2.6,24.3544,18.9502
2017,1,6,14,0,-7.5,59,935,422,2.6,22.1385,17.1986
2017,1,6,14,30,-7.5,55,909,373,2.7,19.1787,14.8608
2017,1,6,15,0,-7.5,51,870,313,2.7,15.6642,12.0887
2017,1,6,15,30,-8.3,45,813,242,2.1,11.7416,9.0082
2017,1,6,16,0,-9.1,37,727,165,1.6,7.8655,5.9952
2017,1,6,16,30,-10.200000000000001,27,586,87,1.4000000000000001,0.0000,0.0000
2017,1,6,17,0,-11.3,12,331,21,1.2000000000000002,0.0000,0.0000
2017,1,6,17,30,-11.700000000000001,0,0,0,1.3,0.0000,0.0000
2017,1,6,18,0,-12.200000000000001,0,0,0,1.4000000000000001,0.0000,0.0000
2017,1,6,18,30,-12.600000000000001,0,0,0,1.5,0.0000,0.0000
2017,1,6,19,0,-12.9,0,0,0,1.6,0.0000,0.0000
2017,1,6,19,30,-13.100000000000001,0,0,0,1.7000000000000002,0.0000,0.0000
2017,1,6,20,0,-13.3,0,0,0,1.8,0.0000,0.0000
2017,1,6,20,30,-13.5,0,0,0,2,0.0000,0.0000
2017,1,6,21,0,-13.600000000000001,0,0,0,2.1,0.0000,0.0000
2017,1,6,21,30,-13.600000000000001,0,0,0,2.3000000000000003,0.0000,0.0000
2017,1,6,22,0,-13.700000000000001,0,0,0,2.4000000000000004,0.0000,0.0000
2017,1,6,22,30,-13.600000000000001,0,0,0,2.5,0.0000,0.0000
2017,1,6,23,0,-13.600000000000001,0,0,0,2.6,0.0000,0.0000
2017,1,6,23,30,-13.5,0,0,0,2.6,0.0000,0.0000
2017,1,7,0,0,-13.4,0,0,0,2.6,0.0000,0.0000
2017,1,7,0,30,-13.4,0,0,0,2.6,0.0000,0.0000
2017,1,7,1,0,-13.4,0,0,0,2.6,0.0000,0.0000
2017,1,7,1,30,-13.5,0,0,0,2.8000000000000003,0.0000,0.0000
2017,1,7,2,0,-13.5,0,0,0,3,0.0000,0.0000
2017,1,7,2,30,-13.5,0,0,0,3.3000000000000003,0.0000,0.0000
2017,1,7,3,0,-13.600000000000001,0,0,0,3.6,0.0000,0.0000
2017,1,7,3,30,-13.700000000000001,0,0,0,3.8000000000000003,0.0000,0.0000
2017,1,7,4,0,-13.700000000000001,0,0,0,4.1000000000000005,0.0000,0.0000
2017,1,7,4,30,-14,0,0,0,4.1000000000000005,0.0000,0.0000
2017,1,7,5,0,-14.200000000000001,0,0,0,4.2,0.0000,0.0000
2017,1,7,5,30,-14.5,0,0,0,4.1000000000000005,0.0000,0.0000
2017,1,7,6,0,-14.8,0,0,0,4.1000000000000005,0.0000,0.0000
2017,1,7,6,30,-15,0,0,0,4.1000000000000005,0.0000,0.0000
2017,1,7,7,0,-15.200000000000001,0,0,0,4,0.0000,0.0000
2017,1,7,7,30,-15,0,0,0,4.2,0.0000,0.0000
2017,1,7,8,0,-14.9,0,0,0,4.4,0.0000,0.0000
2017,1,7,8,30,-14.100000000000001,26,510,70,4.5,0.0000,0.0000
2017,1,7,9,0,-13.3,38,683,147,4.6000000000000005,0.0000,0.0000
2017,1,7,9,30,-12.5,48,798,230,4.5,11.0879,8.4932
2017,1,7,10,0,-11.700000000000001,53,866,304,4.4,15.1120,11.6495
2017,1,7,10,30,-11,59,908,368,4.2,18.8241,14.5756
2017,1,7,11,0,-10.4,62,939,420,4,21.9580,17.0513
2017,1,7,11,30,-9.8,65,958,460,3.9000000000000004,24.4144,18.9928
2017,1,7,12,0,-9.200000000000001,66,970,484,3.7,25.9199,20.1843
2017,1,7,12,30,-8.8,66,975,494,3.6,26.5462,20.6797
2017,1,7,13,0,-8.4,65,974,488,3.4000000000000004,26.1717,20.3835
2017,1,7,13,30,-8.200000000000001,63,965,467,3.2,24.8609,19.3468
2017,1,7,14,0,-7.9,60,951,432,3,22.6924,17.6317
2017,1,7,14,30,-8,56,925,383,2.8000000000000003,19.7206,15.2836
2017,1,7,15,0,-8.1,53,886,322,2.6,16.1386,12.4579
2017,1,7,15,30,-8.8,46,830,250,2,12.1455,9.3208
2017,1,7,16,0,-9.5,39,745,172,1.5,8.1982,6.2499
2017,1,7,16,30,-10.5,28,606,92,1.2000000000000002,0.0000,0.0000
2017,1,7,17,0,-11.600000000000001,13,352,24,1,0.0000,0.0000
2017,1,7,17,30,-11.9,0,0,0,1,0.0000,0.0000
2017,1,7,18,0,-12.200000000000001,0,0,0,1,0.0000,0.0000
2017,1,7,18,30,-12.4,0,0,0,1,0.0000,0.0000
2017,1,7,19,0,-12.5,0,0,0,1,0.0000,0.0000
2017,1,7,19,30,-12.700000000000001,0,0,0,1,0.0000,0.0000
2017,1,7,20,0,-12.9,0,0,0,1,0.0000,0.0000
2017,1,7,20,30,-13.100000000000001,0,0,0,1,0.0000,0.0000
2017,1,7,21,0,-13.4,0,0,0,1,0.0000,0.0000
2017,1,7,21,30,-13.700000000000001,0,0,0,1.1,0.0000,0.0000
2017,1,7,22,0,-14,0,0,0,1.1,0.0000,0.0000
2017,1,7,22,30,-14.4,0,0,0,1.2000000000000002,0.0000,0.0000
2017,1,7,23,0,-14.700000000000001,0,0,0,1.3,0.0000,0.0000
2017,1,7,23,30,-14.9,0,0,0,1.4000000000000001,0.0000,0.0000
2017,1,8,0,0,-15.100000000000001,0,0,0,1.5,0.0000,0.0000
2017,1,8,0,30,-15.200000000000001,0,0,0,1.7000000000000002,0.0000,0.0000
2017,1,8,1,0,-15.4,0,0,0,1.8,0.0000,0.0000
2017,1,8,1,30,-15.200000000000001,0,0,0,1.9000000000000001,0.0000,0.0000
2017,1,8,2,0,-15,0,0,0,2,0.0000,0.0000
2017,1,8,2,30,-14.700000000000001,0,0,0,2.5,0.0000,0.0000
2017,1,8,3,0,-14.3,0,0,0,3,0.0000,0.0000
2017,1,8,3,30,-14.100000000000001,0,0,0,3.3000000000000003,0.0000,0.0000
2017,1,8,4,0,-13.9,0,0,0,3.7,0.0000,0.0000
2017,1,8,4,30,-13.8,0,0,0,3.9000000000000004,0.0000,0.0000
2017,1,8,5,0,-13.600000000000001,0,0,0,4.2,0.0000,0.0000
2017,1,8,5,30,-13.5,0,0,0,4.5,0.0000,0.0000
2017,1,8,6,0,-13.4,0,0,0,4.800000000000001,0.0000,0.0000
2017,1,8,6,30,-13.200000000000001,0,0,0,5,0.0000,0.0000
2017,1,8,7,0,-13,0,0,0,5.2,0.0000,0.0000
2017,1,8,7,30,-12.8,0,0,0,5.300000000000001,0.0000,0.0000
2017,1,8,8,0,-12.600000000000001,0,0,0,5.300000000000001,0.0000,0.0000
2017,1,8,8,30,-12.200000000000001,20,0,20,5.6000000000000005,0.0000,0.0000
2017,1,8,9,0,-11.8,35,0,35,5.800000000000001,0.0000,0.0000
2017,1,8,9,30,-11.100000000000001,62,1,63,6.6000000000000005,3.0384,2.3277
2017,1,8,10,0,-10.4,100,5,101,7.4,5.0240,3.8733
2017,1,8,10,30,-9.5,173,7,175,7.5,8.9581,6.9370
2017,1,8,11,0,-8.6,255,105,295,7.6000000000000005,15.4356,11.9876
2017,1,8,11,30,-7.5,135,0,135,7.5,7.1711,5.5792
2017,1,8,12,0,-6.4,110,0,110,7.5,5.8960,4.5917
2017,1,8,12,30,-5.2,255,151,322,7.4,17.3193,13.4932
2017,1,8,13,0,-3.9000000000000004,274,36,290,7.300000000000001,15.5695,12.1275
2017,1,8,13,30,-2.7,196,3,197,6.800000000000001,10.4991,8.1715
2017,1,8,14,0,-1.5,259,87,293,6.2,15.4107,11.9758
2017,1,8,14,30,-1.2000000000000002,229,45,245,5.300000000000001,12.6327,9.7923
2017,1,8,15,0,-0.8,185,21,192,4.3,9.6383,7.4420
2017,1,8,15,30,-1.9000000000000001,48,761,237,3.4000000000000004,11.5301,8.8513
2017,1,8,16,0,-2.9000000000000004,39,690,165,2.5,7.8644,5.9966
2017,1,8,16,30,-4.1000000000000005,28,549,88,2.4000000000000004,0.0000,0.0000
2017,1,8,17,0,-5.300000000000001,13,315,23,2.2,0.0000,0.0000
2017,1,8,17,30,-5.5,0,0,0,2.5,0.0000,0.0000
2017,1,8,18,0,-5.7,0,0,0,2.7,0.0000,0.0000
2017,1,8,18,30,-5.800000000000001,0,0,0,3.1,0.0000,0.0000
2017,1,8,19,0,-6,0,0,0,3.4000000000000004,0.0000,0.0000
2017,1,8,19,30,-6.2,0,0,0,3.7,0.0000,0.0000
2017,1,8,20,0,-6.5,0,0,0,3.9000000000000004,0.0000,0.0000
2017,1,8,20,30,-7,0,0,0,4,0.0000,0.0000
2017,1,8,21,0,-7.5,0,0,0,4.1000000000000005,0.0000,0.0000
2017,1,8,21,30,-8.1,0,0,0,3.9000000000000004,0.0000,0.0000
2017,1,8,22,0,-8.700000000000001,0,0,0,3.7,0.0000,0.0000
2017,1,8,22,30,-9.1,0,0,0,3.6,0.0000,0.0000
2017,1,8,23,0,-9.600000000000001,0,0,0,3.4000000000000004,0.0000,0.0000
2017,1,8,23,30,-9.9,0,0,0,3.2,0.0000,0.0000
2017,1,9,0,0,-10.200000000000001,0,0,0,3,0.0000,0.0000
2017,1,9,0,30,-10.200000000000001,0,0,0,2.8000000000000003,0.0000,0.0000
2017,1,9,1,0,-10.3,0,0,0,2.6,0.0000,0.0000
2017,1,9,1,30,-10.3,0,0,0,2.3000000000000003,0.0000,0.0000
2017,1,9,2,0,-10.4,0,0,0,1.9000000000000001,0.0000,0.0000
2017,1,9,2,30,-10.5,0,0,0,1.7000000000000002,0.0000,0.0000
2017,1,9,3,0,-10.600000000000001,0,0,0,1.5,0.0000,0.0000
2017,1,9,3,30,-10.600000000000001,0,0,0,1.4000000000000001,0.0000,0.0000
2017,1,9,4,0,-10.600000000000001,0,0,0,1.2000000000000002,0.0000,0.0000
2017,1,9,4,30,-10.700000000000001,0,0,0,1.2000000000000002,0.0000,0.0000
2017,1,9,5,0,-10.700000000000001,0,0,0,1.1,0.0000,0.0000
2017,1,9,5,30,-10.700000000000001,0,0,0,1.5,0.0000,0.0000
2017,1,9,6,0,-10.8,0,0,0,1.9000000000000001,0.0000,0.0000
2017,1,9,6,30,-10.9,0,0,0,2.3000000000000003,0.0000,0.0000
2017,1,9,7,0,-11,0,0,0,2.7,0.0000,0.0000
2017,1,9,7,30,-10.8,0,0,0,3.3000000000000003,0.0000,0.0000
2017,1,9,8,0,-10.600000000000001,0,0,0,3.8000000000000003,0.0000,0.0000
2017,1,9,8,30,-10,23,1,24,4.1000000000000005,0.0000,0.0000
2017,1,9,9,0,-9.4,25,0,25,4.4,0.0000,0.0000
2017,1,9,9,30,-8.4,44,1,44,4.9,2.1230,1.6265
2017,1,9,10,0,-7.5,95,8,97,5.4,4.8287,3.7232
2017,1,9,10,30,-6.4,124,12,128,5.6000000000000005,6.5575,5.0786
2017,1,9,11,0,-5.300000000000001,166,350,301,5.9,15.7624,12.2426
2017,1,9,11,30,-4.2,187,39,203,5.9,10.7930,8.3979
2017,1,9,12,0,-3,207,89,246,6,13.1978,10.2794
2017,1,9,12,30,-2,183,365,345,6.1000000000000005,18.5746,14.4727
2017,1,9,13,0,-1,222,78,256,6.1000000000000005,13.7587,10.7183
2017,1,9,13,30,-0.1,213,70,242,6.1000000000000005,12.9127,10.0513
2017,1,9,14,0,0.8,182,303,302,6.2,15.9043,12.3613
2017,1,9,14,30,1.3,179,45,195,5.800000000000001,10.0695,7.8070
2017,1,9,15,0,1.8,96,10,99,5.4,4.9776,3.8443
2017,1,9,15,30,1.3,128,175,172,4.800000000000001,8.3798,6.4349
2017,1,9,16,0,0.8,92,43,100,4.2,4.7667,3.6355
2017,1,9,16,30,0,51,12,52,4,0.0000,0.0000
2017,1,9,17,0,-0.7000000000000001,12,0,12,3.8000000000000003,0.0000,0.0000
2017,1,9,17,30,-1.1,0,0,0,3.8000000000000003,0.0000,0.0000
2017,1,9,18,0,-1.4000000000000001,0,0,0,3.8000000000000003,0.0000,0.0000
2017,1,9,18,30,-1.7000000000000002,0,0,0,3.8000000000000003,0.0000,0.0000
2017,1,9,19,0,-2,0,0,0,3.8000000000000003,0.0000,0.0000
2017,1,9,19,30,-2,0,0,0,4,0.0000,0.0000
2017,1,9,20,0,-2,0,0,0,4.2,0.0000,0.0000
2017,1,9,20,30,-1.8,0,0,0,4,0.0000,0.0000
2017,1,9,21,0,-1.7000000000000002,0,0,0,3.9000000000000004,0.0000,0.0000
2017,1,9,21,30,-1.6,0,0,0,3.6,0.0000,0.0000
2017,1,9,22,0,-1.5,0,0,0,3.3000000000000003,0.0000,0.0000
2017,1,9,22,30,-1.6,0,0,0,2.9000000000000004,0.0000,0.0000
2017,1,9,23,0,-1.6,0,0,0,2.6,0.0000,0.0000
2017,1,9,23,30,-1.6,0,0,0,2.3000000000000003,0.0000,0.0000
2017,1,10,0,0,-1.5,0,0,0,2.1,0.0000,0.0000
2017,1,10,0,30,-1.5,0,0,0,2,0.0000,0.0000
2017,1,10,1,0,-1.4000000000000001,0,0,0,2,0.0000,0.0000
2017,1,10,1,30,-1.3,0,0,0,1.9000000000000001,0.0000,0.0000
2017,1,10,2,0,-1.2000000000000002,0,0,0,1.9000000000000001,0.0000,0.0000
2017,1,10,2,30,-1.1,0,0,0,1.8,0.0000,0.0000
2017,1,10,3,0,-1.1,0,0,0,1.6,0.0000,0.0000
2017,1,10,3,30,-1.2000000000000002,0,0,0,1.6,0.0000,0.0000
2017,1,10,4,0,-1.3,0,0,0,1.5,0.0000,0.0000
2017,1,10,4,30,-1.2000000000000002,0,0,0,2.6,0.0000,0.0000
2017,1,10,5,0,-1.1,0,0,0,3.7,0.0000,0.0000
2017,1,10,5,30,-1.2000000000000002,0,0,0,5.2,0.0000,0.0000
2017,1,10,6,0,-1.3,0,0,0,6.7,0.0000,0.0000
2017,1,10,6,30,-2,0,0,0,8.4,0.0000,0.0000
2017,1,10,7,0,-2.7,0,0,0,10.100000000000001,0.0000,0.0000
2017,1,10,7,30,-3.6,0,0,0,10.5,0.0000,0.0000
2017,1,10,8,0,-4.4,0,0,0,10.8,0.0000,0.0000
2017,1,10,8,30,-4.800000000000001,23,0,23,10.600000000000001,0.0000,0.0000
2017,1,10,9,0,-5.2,32,0,32,10.3,0.0000,0.0000
2017,1,10,9,30,-5,76,5,77,10.200000000000001,3.7174,2.8485
2017,1,10,10,0,-4.9,115,15,120,10.100000000000001,5.9781,4.6100
2017,1,10,10,30,-4.3,185,74,210,9.700000000000001,10.7680,8.3405
2017,1,10,11,0,-3.6,157,433,324,9.200000000000001,16.9821,13.1914
2017,1,10,11,30,-3,253,187,331,8.8,17.6143,13.7069
2017,1,10,12,0,-2.4000000000000004,261,227,361,8.4,19.3868,15.1014
2017,1,10,12,30,-2,257,254,370,8,19.9413,15.5393
2017,1,10,13,0,-1.5,53,957,476,7.7,25.6114,19.9542
2017,1,10,13,30,-1.3,52,949,456,7,24.3618,18.9660
2017,1,10,14,0,-1,50,934,422,6.300000000000001,22.2539,17.2991
2017,1,10,14,30,-1,47,910,376,5.4,19.4447,15.0785
2017,1,10,15,0,-1,114,523,278,4.6000000000000005,14.0009,10.8161
2017,1,10,15,30,-1.7000000000000002,135,135,169,3.2,8.2462,6.3344
2017,1,10,16,0,-2.5,35,725,171,1.9000000000000001,8.1529,6.2195
2017,1,10,16,30,-3,59,27,63,1.3,0.0000,0.0000
2017,1,10,17,0,-3.6,17,2,17,0.7000000000000001,0.0000,0.0000
2017,1,10,17,30,-3.5,0,0,0,0.6000000000000001,0.0000,0.0000
2017,1,10,18,0,-3.5,0,0,0,0.5,0.0000,0.0000
2017,1,10,18,30,-4,0,0,0,0.9,0.0000,0.0000
2017,1,10,19,0,-4.5,0,0,0,1.3,0.0000,0.0000
2017,1,10,19,30,-4.5,0,0,0,2,0.0000,0.0000
2017,1,10,20,0,-4.4,0,0,0,2.6,0.0000,0.0000
2017,1,10,20,30,-4.1000000000000005,0,0,0,3.2,0.0000,0.0000
2017,1,10,21,0,-3.9000000000000004,0,0,0,3.7,0.0000,0.0000
2017,1,10,21,30,-3.8000000000000003,0,0,0,3.8000000000000003,0.0000,0.0000
2017,1,10,22,0,-3.7,0,0,0,4,0.0000,0.0000
2017,1,10,22,30,-3.8000000000000003,0,0,0,4,0.0000,0.0000
2017,1,10,23,0,-3.9000000000000004,0,0,0,4,0.0000,0.0000
2017,1,10,23,30,-4.2,0,0,0,3.6,0.0000,0.0000
2017,1,11,0,0,-4.5,0,0,0,3.3000000000000003,0.0000,0.0000
2017,1,11,0,30,-4.4,0,0,0,3.1,0.0000,0.0000
2017,1,11,1,0,-4.3,0,0,0,3,0.0000,0.0000
2017,1,11,1,30,-4,0,0,0,3.1,0.0000,0.0000
2017,1,11,2,0,-3.7,0,0,0,3.2,0.0000,0.0000
2017,1,11,2,30,-3.3000000000000003,0,0,0,3.1,0.0000,0.0000
2017,1,11,3,0,-3,0,0,0,3.1,0.0000,0.0000
2017,1,11,3,30,-2.7,0,0,0,3,0.0000,0.0000
2017,1,11,4,0,-2.5,0,0,0,2.9000000000000004,0.0000,0.0000
2017,1,11,4,30,-2.7,0,0,0,2.6,0.0000,0.0000
2017,1,11,5,0,-2.9000000000000004,0,0,0,2.2,0.0000,0.0000
2017,1,11,5,30,-3.3000000000000003,0,0,0,2.6,0.0000,0.0000
2017,1,11,6,0,-3.7,0,0,0,3,0.0000,0.0000
2017,1,11,6,30,-4.4,0,0,0,4.4,0.0000,0.0000
2017,1,11,7,0,-5.1000000000000005,0,0,0,5.9,0.0000,0.0000
2017,1,11,7,30,-6.1000000000000005,0,0,0,6.9,0.0000,0.0000
2017,1,11,8,0,-7.2,0,0,0,7.9,0.0000,0.0000
2017,1,11,8,30,-7.9,7,0,7,8.4,0.0000,0.0000
2017,1,11,9,0,-8.6,31,0,31,8.8,0.0000,0.0000
2017,1,11,9,30,-8.700000000000001,55,1,55,9,2.6568,2.0362
2017,1,11,10,0,-8.700000000000001,99,10,102,9.200000000000001,5.0856,3.9224
2017,1,11,10,30,-8.700000000000001,98,7,101,9.200000000000001,5.1835,4.0155
2017,1,11,11,0,-8.6,235,112,278,9.3,14.5853,11.3309
2017,1,11,11,30,-8.6,65,881,435,9.1,23.1730,18.0346
2017,1,11,12,0,-8.6,269,114,319,8.9,17.1495,13.3602
2017,1,11,12,30,-8.6,69,892,468,8.5,25.2510,19.6792
2017,1,11,13,0,-8.6,68,888,462,8.1,24.8859,19.3913
2017,1,11,13,30,-8.6,67,878,443,7.800000000000001,23.6967,18.4507
2017,1,11,14,0,-8.700000000000001,63,867,411,7.5,21.7045,16.8748
2017,1,11,14,30,-8.6,60,840,365,7.2,18.9067,14.6645
2017,1,11,15,0,-8.6,138,332,243,6.9,12.2587,9.4726
2017,1,11,15,30,-8.8,128,196,179,6.5,8.7478,6.7218
2017,1,11,16,0,-9.1,97,35,104,6,4.9601,3.7849
2017,1,11,16,30,-9.5,39,3,39,5.4,0.0000,0.0000
2017,1,11,17,0,-10,12,0,12,4.800000000000001,0.0000,0.0000
2017,1,11,17,30,-10.100000000000001,0,0,0,4.7,0.0000,0.0000
2017,1,11,18,0,-10.200000000000001,0,0,0,4.6000000000000005,0.0000,0.0000
2017,1,11,18,30,-10.3,0,0,0,4.7,0.0000,0.0000
2017,1,11,19,0,-10.5,0,0,0,4.800000000000001,0.0000,0.0000
2017,1,11,19,30,-10.700000000000001,0,0,0,4.800000000000001,0.0000,0.0000
2017,1,11,20,0,-10.9,0,0,0,4.800000000000001,0.0000,0.0000
2017,1,11,20,30,-11.100000000000001,0,0,0,4.800000000000001,0.0000,0.0000
2017,1,11,21,0,-11.3,0,0,0,4.7,0.0000,0.0000
2017,1,11,21,30,-11.5,0,0,0,4.6000000000000005,0.0000,0.0000
2017,1,11,22,0,-11.700000000000001,0,0,0,4.5,0.0000,0.0000
2017,1,11,22,30,-11.8,0,0,0,4.3,0.0000,0.0000
2017,1,11,23,0,-11.8,0,0,0,4.2,0.0000,0.0000
2017,1,11,23,30,-11.9,0,0,0,4,0.0000,0.0000
2017,1,12,0,0,-12,0,0,0,3.8000000000000003,0.0000,0.0000
2017,1,12,0,30,-12,0,0,0,3.7,0.0000,0.0000
2017,1,12,1,0,-12.100000000000001,0,0,0,3.5,0.0000,0.0000
2017,1,12,1,30,-12.4,0,0,0,3.1,0.0000,0.0000
2017,1,12,2,0,-12.600000000000001,0,0,0,2.7,0.0000,0.0000
2017,1,12,2,30,-12.9,0,0,0,2.3000000000000003,0.0000,0.0000
2017,1,12,3,0,-13.100000000000001,0,0,0,1.9000000000000001,0.0000,0.0000
2017,1,12,3,30,-13.3,0,0,0,1.7000000000000002,0.0000,0.0000
2017,1,12,4,0,-13.4,0,0,0,1.5,0.0000,0.0000
2017,1,12,4,30,-13.5,0,0,0,1.5,0.0000,0.0000
2017,1,12,5,0,-13.700000000000001,0,0,0,1.4000000000000001,0.0000,0.0000
2017,1,12,5,30,-13.700000000000001,0,0,0,1.4000000000000001,0.0000,0.0000
2017,1,12,6,0,-13.700000000000001,0,0,0,1.4000000000000001,0.0000,0.0000
2017,1,12,6,30,-13.600000000000001,0,0,0,1.5,0.0000,0.0000
2017,1,12,7,0,-13.5,0,0,0,1.5,0.0000,0.0000
2017,1,12,7,30,-13.100000000000001,0,0,0,1.9000000000000001,0.0000,0.0000
2017,1,12,8,0,-12.600000000000001,0,0,0,2.4000000000000004,0.0000,0.0000
2017,1,12,8,30,-11.9,42,1,42,2.9000000000000004,0.0000,0.0000
2017,1,12,9,0,-11.200000000000001,87,2,87,3.4000000000000004,0.0000,0.0000
2017,1,12,9,30,-10.4,95,6,96,3.9000000000000004,4.6405,3.5570
2017,1,12,10,0,-9.5,113,5,115,4.3,5.7391,4.4271
2017,1,12,10,30,-8.700000000000001,183,28,192,4.5,9.8643,7.6426
2017,1,12,11,0,-7.800000000000001,209,2,210,4.7,11.0292,8.5694
2017,1,12,11,30,-7.1000000000000005,154,0,154,4.800000000000001,8.2123,6.3921
2017,1,12,12,0,-6.4,200,0,201,4.800000000000001,10.8172,8.4280
2017,1,12,12,30,-5.9,299,153,368,4.800000000000001,19.8772,15.4930
2017,1,12,13,0,-5.300000000000001,277,47,297,4.9,16.0169,12.4821
2017,1,12,13,30,-5,275,55,299,4.800000000000001,16.0148,12.4712
2017,1,12,14,0,-4.800000000000001,212,27,222,4.800000000000001,11.7401,9.1292
2017,1,12,14,30,-4.800000000000001,238,47,256,4.6000000000000005,13.2811,10.3032
2017,1,12,15,0,-4.9,126,4,127,4.4,6.4181,4.9607
2017,1,12,15,30,-5.300000000000001,79,1,79,3.8000000000000003,3.8672,2.9726
2017,1,12,16,0,-5.7,71,2,72,3.3000000000000003,3.4355,2.6223
2017,1,12,16,30,-6.4,33,0,33,2.6,0.0000,0.0000
2017,1,12,17,0,-7.1000000000000005,13,0,13,1.9000000000000001,0.0000,0.0000
2017,1,12,17,30,-7.5,0,0,0,1.9000000000000001,0.0000,0.0000
2017,1,12,18,0,-7.9,0,0,0,1.9000000000000001,0.0000,0.0000
2017,1,12,18,30,-8.1,0,0,0,2,0.0000,0.0000
2017,1,12,19,0,-8.3,0,0,0,2.2,0.0000,0.0000
2017,1,12,19,30,-8.5,0,0,0,2.4000000000000004,0.0000,0.0000
2017,1,12,20,0,-8.8,0,0,0,2.5,0.0000,0.0000
2017,1,12,20,30,-9.1,0,0,0,2.6,0.0000,0.0000
2017,1,12,21,0,-9.4,0,0,0,2.8000000000000003,0.0000,0.0000
2017,1,12,21,30,-9.600000000000001,0,0,0,2.8000000000000003,0.0000,0.0000
2017,1,12,22,0,-9.9,0,0,0,2.9000000000000004,0.0000,0.0000
2017,1,12,22,30,-10,0,0,0,2.9000000000000004,0.0000,0.0000
2017,1,12,23,0,-10.200000000000001,0,0,0,2.9000000000000004,0.0000,0.0000
2017,1,12,23,30,-10.3,0,0,0,3,0.0000,0.0000
2017,1,13,0,0,-10.4,0,0,0,3,0.0000,0.0000
2017,1,13,0,30,-10.600000000000001,0,0,0,3,0.0000,0.0000
2017,1,13,1,0,-10.700000000000001,0,0,0,3,0.0000,0.0000
2017,1,13,1,30,-10.8,0,0,0,3,0.0000,0.0000
2017,1,13,2,0,-10.9,0,0,0,2.9000000000000004,0.0000,0.0000
2017,1,13,2,30,-11,0,0,0,2.9000000000000004,0.0000,0.0000
2017,1,13,3,0,-11.100000000000001,0,0,0,2.9000000000000004,0.0000,0.0000
2017,1,13,3,30,-11.200000000000001,0,0,0,2.9000000000000004,0.0000,0.0000
2017,1,13,4,0,-11.3,0,0,0,2.9000000000000004,0.0000,0.0000
2017,1,13,4,30,-11.3,0,0,0,2.9000000000000004,0.0000,0.0000
2017,1,13,5,0,-11.3,0,0,0,2.9000000000000004,0.0000,0.0000
2017,1,13,5,30,-11.3,0,0,0,2.8000000000000003,0.0000,0.0000
2017,1,13,6,0,-11.3,0,0,0,2.8000000000000003,0.0000,0.0000
2017,1,13,6,30,-11.3,0,0,0,2.8000000000000003,0.0000,0.0000
2017,1,13,7,0,-11.4,0,0,0,2.8000000000000003,0.0000,0.0000
2017,1,13,7,30,-11.3,0,0,0,2.9000000000000004,0.0000,0.0000
2017,1,13,8,0,-11.200000000000001,0,0,0,3,0.0000,0.0000
2017,1,13,8,30,-10.8,35,1,35,3.1,0.0000,0.0000
2017,1,13,9,0,-10.4,56,1,57,3.3000000000000003,0.0000,0.0000
2017,1,13,9,30,-9.9,72,1,72,3.3000000000000003,3.4827,2.6700
2017,1,13,10,0,-9.3,83,1,84,3.4000000000000004,4.1964,3.2376
2017,1,13,10,30,-8.8,106,1,107,3.3000000000000003,5.5031,4.2643
2017,1,13,11,0,-8.3,57,0,57,3.2,2.9968,2.3287
2017,1,13,11,30,-7.800000000000001,122,1,122,3.1,6.5126,5.0697
2017,1,13,12,0,-7.300000000000001,251,29,264,3,14.2235,11.0833
2017,1,13,12,30,-6.800000000000001,257,31,272,2.9000000000000004,14.7089,11.4660
2017,1,13,13,0,-6.4,273,60,300,2.8000000000000003,16.1987,12.6254
2017,1,13,13,30,-6.1000000000000005,262,53,285,2.8000000000000003,15.2847,11.9043
2017,1,13,14,0,-5.800000000000001,240,46,259,2.7,13.7180,10.6692
2017,1,13,14,30,-5.7,225,39,240,2.6,12.4711,9.6769
2017,1,13,15,0,-5.6000000000000005,152,12,156,2.5,7.8974,6.1058
2017,1,13,15,30,-5.9,117,8,119,2.3000000000000003,5.8350,4.4867
2017,1,13,16,0,-6.300000000000001,84,4,84,2.1,4.0103,3.0620
2017,1,13,16,30,-6.9,48,1,48,1.7000000000000002,0.0000,0.0000
2017,1,13,17,0,-7.6000000000000005,17,0,17,1.3,0.0000,0.0000
2017,1,13,17,30,-7.6000000000000005,0,0,0,1.4000000000000001,0.0000,0.0000
2017,1,13,18,0,-7.7,0,0,0,1.4000000000000001,0.0000,0.0000
2017,1,13,18,30,-7.6000000000000005,0,0,0,1.4000000000000001,0.0000,0.0000
2017,1,13,19,0,-7.5,0,0,0,1.4000000000000001,0.0000,0.0000
2017,1,13,19,30,-7.5,0,0,0,1.3,0.0000,0.0000
2017,1,13,20,0,-7.5,0,0,0,1.2000000000000002,0.0000,0.0000
2017,1,13,20,30,-7.5,0,0,0,1.1,0.0000,0.0000
2017,1,13,21,0,-7.6000000000000005,0,0,0,1,0.0000,0.0000
2017,1,13,21,30,-7.7,0,0,0,1,0.0000,0.0000
2017,1,13,22,0,-7.800000000000001,0,0,0,0.9,0.0000,0.0000
2017,1,13,22,30,-7.9,0,0,0,0.8,0.0000,0.0000
2017,1,13,23,0,-8,0,0,0,0.8,0.0000,0.0000
2017,1,13,23,30,-8,0,0,0,0.8,0.0000,0.0000
2017,1,14,0,0,-8.1,0,0,0,0.8,0.0000,0.0000
2017,1,14,0,30,-8.200000000000001,0,0,0,0.8,0.0000,0.0000
2017,1,14,1,0,-8.3,0,0,0,0.8,0.0000,0.0000
2017,1,14,1,30,-8.4,0,0,0,0.8,0.0000,0.0000
2017,1,14,2,0,-8.5,0,0,0,0.8,0.0000,0.0000
2017,1,14,2,30,-8.6,0,0,0,0.8,0.0000,0.0000
2017,1,14,3,0,-8.8,0,0,0,0.8,0.0000,0.0000
2017,1,14,3,30,-9,0,0,0,0.9,0.0000,0.0000
2017,1,14,4,0,-9.200000000000001,0,0,0,0.9,0.0000,0.0000
2017,1,14,4,30,-9.5,0,0,0,1,0.0000,0.0000
2017,1,14,5,0,-9.700000000000001,0,0,0,1,0.0000,0.0000
2017,1,14,5,30,-9.9,0,0,0,1.1,0.0000,0.0000
2017,1,14,6,0,-10.100000000000001,0,0,0,1.1,0.0000,0.0000
2017,1,14,6,30,-10,0,0,0,1.2000000000000002,0.0000,0.0000
2017,1,14,7,0,-10,0,0,0,1.2000000000000002,0.0000,0.0000
2017,1,14,7,30,-9.4,0,0,0,1.4000000000000001,0.0000,0.0000
2017,1,14,8,0,-8.8,0,0,0,1.7000000000000002,0.0000,0.0000
2017,1,14,8,30,-7.800000000000001,23,0,23,1.9000000000000001,0.0000,0.0000
2017,1,14,9,0,-6.9,76,6,77,2.2,0.0000,0.0000
2017,1,14,9,30,-5.7,107,7,109,2,5.2765,4.0460
2017,1,14,10,0,-4.5,183,63,202,1.8,10.1016,7.7949
2017,1,14,10,30,-3.2,247,44,263,1.6,13.5406,10.4940
2017,1,14,11,0,-1.9000000000000001,229,6,231,1.5,12.1585,9.4493
2017,1,14,11,30,-1.1,251,278,370,1.4000000000000001,19.7730,15.3941
2017,1,14,12,0,-0.30000000000000004,255,4,256,1.2000000000000002,13.8077,10.7606
2017,1,14,12,30,0.30000000000000004,328,51,351,1,19.0040,14.8160
2017,1,14,13,0,0.8,78,903,486,0.8,26.2759,20.4824
2017,1,14,13,30,1.1,76,894,467,0.5,25.0793,19.5357
2017,1,14,14,0,1.4000000000000001,73,879,434,0.30000000000000004,23.0204,17.9071
2017,1,14,14,30,1.3,69,854,388,0.7000000000000001,20.1957,15.6741
2017,1,14,15,0,1.2000000000000002,63,818,329,1.1,16.6861,12.9042
2017,1,14,15,30,0.30000000000000004,56,768,262,1,12.8687,9.8984
2017,1,14,16,0,-0.6000000000000001,127,40,135,0.9,6.4495,4.9259
2017,1,14,16,30,-1.1,66,2,66,0.9,0.0000,0.0000
2017,1,14,17,0,-1.6,20,295,34,0.8,0.0000,0.0000
2017,1,14,17,30,-1.6,0,0,0,0.9,0.0000,0.0000
2017,1,14,18,0,-1.6,0,0,0,0.9,0.0000,0.0000
2017,1,14,18,30,-2,0,0,0,1,0.0000,0.0000
2017,1,14,19,0,-2.4000000000000004,0,0,0,1,0.0000,0.0000
2017,1,14,19,30,-2.7,0,0,0,1.1,0.0000,0.0000
2017,1,14,20,0,-3,0,0,0,1.1,0.0000,0.0000
2017,1,14,20,30,-3.2,0,0,0,1.1,0.0000,0.0000
2017,1,14,21,0,-3.5,0,0,0,1.2000000000000002,0.0000,0.0000
2017,1,14,21,30,-3.9000000000000004,0,0,0,1.2000000000000002,0.0000,0.0000
2017,1,14,22,0,-4.4,0,0,0,1.2000000000000002,0.0000,0.0000
2017,1,14,22,30,-4.5,0,0,0,1.2000000000000002,0.0000,0.0000
2017,1,14,23,0,-4.6000000000000005,0,0,0,1.2000000000000002,0.0000,0.0000
2017,1,14,23,30,-4.4,0,0,0,1.1,0.0000,0.0000
2017,1,15,0,0,-4.2,0,0,0,1,0.0000,0.0000
2017,1,15,0,30,-4.1000000000000005,0,0,0,0.9,0.0000,0.0000
2017,1,15,1,0,-4,0,0,0,0.9,0.0000,0.0000
2017,1,15,1,30,-4.2,0,0,0,0.9,0.0000,0.0000
2017,1,15,2,0,-4.3,0,0,0,0.9,0.0000,0.0000
2017,1,15,2,30,-4.7,0,0,0,1,0.0000,0.0000
2017,1,15,3,0,-5.1000000000000005,0,0,0,1.1,0.0000,0.0000
2017,1,15,3,30,-5.5,0,0,0,1.1,0.0000,0.0000
2017,1,15,4,0,-6,0,0,0,1.2000000000000002,0.0000,0.0000
2017,1,15,4,30,-6.300000000000001,0,0,0,1.3,0.0000,0.0000
2017,1,15,5,0,-6.6000000000000005,0,0,0,1.4000000000000001,0.0000,0.0000
2017,1,15,5,30,-6.7,0,0,0,1.5,0.0000,0.0000
2017,1,15,6,0,-6.9,0,0,0,1.5,0.0000,0.0000
2017,1,15,6,30,-7,0,0,0,1.6,0.0000,0.0000
2017,1,15,7,0,-7.1000000000000005,0,0,0,1.6,0.0000,0.0000
2017,1,15,7,30,-6.300000000000001,0,0,0,1.7000000000000002,0.0000,0.0000
2017,1,15,8,0,-5.5,0,0,0,1.8,0.0000,0.0000
2017,1,15,8,30,-4.2,50,11,51,2.3000000000000003,0.0000,0.0000
2017,1,15,9,0,-3,75,6,77,2.7,0.0000,0.0000
2017,1,15,9,30,-2.3000000000000003,131,24,137,2.7,6.6371,5.0902
2017,1,15,10,0,-1.6,142,22,149,2.6,7.4595,5.7572
2017,1,15,10,30,-0.9,208,40,222,2.8000000000000003,11.4428,8.8695
2017,1,15,11,0,-0.2,241,198,319,2.9000000000000004,16.8103,13.0664
2017,1,15,11,30,0.2,267,159,336,2.9000000000000004,17.9770,13.9976
2017,1,15,12,0,0.5,272,66,301,2.8000000000000003,16.2538,12.6684
2017,1,15,12,30,0.6000000000000001,201,10,205,2.7,11.1126,8.6647
2017,1,15,13,0,0.7000000000000001,288,103,335,2.5,18.1353,14.1386
2017,1,15,13,30,0.7000000000000001,263,55,287,2.4000000000000004,15.4346,12.0247
2017,1,15,14,0,0.7000000000000001,185,11,190,2.3000000000000003,10.0934,7.8528
2017,1,15,14,30,0.5,150,7,152,2.3000000000000003,7.9250,6.1520
2017,1,15,15,0,0.30000000000000004,103,2,104,2.2,5.2843,4.0877
2017,1,15,15,30,-0.1,80,1,81,1.9000000000000001,3.9857,3.0668
2017,1,15,16,0,-0.6000000000000001,49,0,49,1.7000000000000002,2.3427,1.7899
2017,1,15,16,30,-1.1,30,0,30,1.6,0.0000,0.0000
2017,1,15,17,0,-1.6,13,0,13,1.5,0.0000,0.0000
2017,1,15,17,30,-1.7000000000000002,0,0,0,1.7000000000000002,0.0000,0.0000
2017,1,15,18,0,-1.9000000000000001,0,0,0,1.9000000000000001,0.0000,0.0000
2017,1,15,18,30,-2,0,0,0,2,0.0000,0.0000
2017,1,15,19,0,-2.2,0,0,0,2.2,0.0000,0.0000
2017,1,15,19,30,-2.3000000000000003,0,0,0,2.1,0.0000,0.0000
2017,1,15,20,0,-2.4000000000000004,0,0,0,2.1,0.0000,0.0000
2017,1,15,20,30,-2.5,0,0,0,2.1,0.0000,0.0000
2017,1,15,21,0,-2.6,0,0,0,2.1,0.0000,0.0000
2017,1,15,21,30,-2.7,0,0,0,1.9000000000000001,0.0000,0.0000
2017,1,15,22,0,-2.8000000000000003,0,0,0,1.8,0.0000,0.0000
2017,1,15,22,30,-2.8000000000000003,0,0,0,1.6,0.0000,0.0000
2017,1,15,23,0,-2.9000000000000004,0,0,0,1.4000000000000001,0.0000,0.0000
2017,1,15,23,30,-2.9000000000000004,0,0,0,1.3,0.0000,0.0000
2017,1,16,0,0,-3,0,0,0,1.1,0.0000,0.0000
2017,1,16,0,30,-3,0,0,0,1,0.0000,0.0000
2017,1,16,1,0,-3,0,0,0,1,0.0000,0.0000
2017,1,16,1,30,-3,0,0,0,0.9,0.0000,0.0000
2017,1,16,2,0,-3,0,0,0,0.9,0.0000,0.0000
2017,1,16,2,30,-3,0,0,0,1.1,0.0000,0.0000
2017,1,16,3,0,-3,0,0,0,1.4000000000000001,0.0000,0.0000
2017,1,16,3,30,-2.9000000000000004,0,0,0,1.8,0.0000,0.0000
2017,1,16,4,0,-2.9000000000000004,0,0,0,2.2,0.0000,0.0000
2017,1,16,4,30,-2.9000000000000004,0,0,0,2.5,0.0000,0.0000
2017,1,16,5,0,-2.8000000000000003,0,0,0,2.9000000000000004,0.0000,0.0000
2017,1,16,5,30,-2.8000000000000003,0,0,0,3,0.0000,0.0000
2017,1,16,6,0,-2.8000000000000003,0,0,0,3.2,0.0000,0.0000
2017,1,16,6,30,-2.8000000000000003,0,0,0,3.3000000000000003,0.0000,0.0000
2017,1,16,7,0,-2.8000000000000003,0,0,0,3.4000000000000004,0.0000,0.0000
2017,1,16,7,30,-2.6,0,0,0,3.6,0.0000,0.0000
2017,1,16,8,0,-2.5,0,0,0,3.8000000000000003,0.0000,0.0000
2017,1,16,8,30,-2.3000000000000003,21,0,21,3.9000000000000004,0.0000,0.0000
2017,1,16,9,0,-2.1,34,0,34,4,0.0000,0.0000
2017,1,16,9,30,-1.8,39,0,39,4,1.8912,1.4507
2017,1,16,10,0,-1.5,61,0,61,4,3.0576,2.3603
2017,1,16,10,30,-1.4000000000000001,33,0,33,4,1.7030,1.3203
2017,1,16,11,0,-1.2000000000000002,98,1,98,4,5.1704,4.0195
2017,1,16,11,30,-1.1,173,5,175,4.2,9.3746,7.3004
2017,1,16,12,0,-1,159,2,160,4.3,8.6505,6.7432
2017,1,16,12,30,-1,123,1,123,4.5,6.6759,5.2061
2017,1,16,13,0,-0.9,103,0,104,4.6000000000000005,5.6376,4.3958
2017,1,16,13,30,-0.9,18,0,18,4.6000000000000005,0.9694,0.7553
2017,1,16,14,0,-0.9,142,2,143,4.6000000000000005,7.6087,5.9207
2017,1,16,14,30,-0.9,99,1,99,4.5,5.1707,4.0147
2017,1,16,15,0,-0.9,151,8,154,4.3,7.8391,6.0656
2017,1,16,15,30,-1,65,0,65,4.2,3.2045,2.4666
2017,1,16,16,0,-1.1,51,0,51,4.1000000000000005,2.4406,1.8653
2017,1,16,16,30,-1.2000000000000002,26,0,26,4.1000000000000005,0.0000,0.0000
2017,1,16,17,0,-1.3,10,0,10,4.2,0.0000,0.0000
2017,1,16,17,30,-1.4000000000000001,0,0,0,4.3,0.0000,0.0000
2017,1,16,18,0,-1.5,0,0,0,4.4,0.0000,0.0000
2017,1,16,18,30,-1.6,0,0,0,4.4,0.0000,0.0000
2017,1,16,19,0,-1.7000000000000002,0,0,0,4.3,0.0000,0.0000
2017,1,16,19,30,-1.8,0,0,0,4.2,0.0000,0.0000
2017,1,16,20,0,-1.9000000000000001,0,0,0,4.1000000000000005,0.0000,0.0000
2017,1,16,20,30,-2,0,0,0,4.1000000000000005,0.0000,0.0000
2017,1,16,21,0,-2.1,0,0,0,4.1000000000000005,0.0000,0.0000
2017,1,16,21,30,-2.2,0,0,0,4.1000000000000005,0.0000,0.0000
2017,1,16,22,0,-2.4000000000000004,0,0,0,4.1000000000000005,0.0000,0.0000
2017,1,16,22,30,-2.7,0,0,0,4.1000000000000005,0.0000,0.0000
2017,1,16,23,0,-3,0,0,0,4,0.0000,0.0000
2017,1,16,23,30,-3.4000000000000004,0,0,0,4,0.0000,0.0000
2017,1,17,0,0,-3.8000000000000003,0,0,0,4,0.0000,0.0000
2017,1,17,0,30,-4.2,0,0,0,4,0.0000,0.0000
2017,1,17,1,0,-4.5,0,0,0,4,0.0000,0.0000
2017,1,17,1,30,-4.9,0,0,0,4,0.0000,0.0000
2017,1,17,2,0,-5.300000000000001,0,0,0,4,0.0000,0.0000
2017,1,17,2,30,-5.800000000000001,0,0,0,4,0.0000,0.0000
2017,1,17,3,0,-6.2,0,0,0,3.9000000000000004,0.0000,0.0000
2017,1,17,3,30,-6.800000000000001,0,0,0,3.7,0.0000,0.0000
2017,1,17,4,0,-7.300000000000001,0,0,0,3.5,0.0000,0.0000
2017,1,17,4,30,-8,0,0,0,3.4000000000000004,0.0000,0.0000
2017,1,17,5,0,-8.6,0,0,0,3.2,0.0000,0.0000
2017,1,17,5,30,-9.1,0,0,0,3,0.0000,0.0000
2017,1,17,6,0,-9.700000000000001,0,0,0,2.8000000000000003,0.0000,0.0000
2017,1,17,6,30,-10.3,0,0,0,2.7,0.0000,0.0000
2017,1,17,7,0,-10.8,0,0,0,2.7,0.0000,0.0000
2017,1,17,7,30,-10.600000000000001,0,0,0,2.7,0.0000,0.0000
2017,1,17,8,0,-10.4,11,261,16,2.7,0.0000,0.0000
2017,1,17,8,30,-9,26,544,79,3.1,0.0000,0.0000
2017,1,17,9,0,-7.5,36,705,158,3.4000000000000004,7.5339,5.7413
2017,1,17,9,30,-6.5,43,799,238,3.4000000000000004,11.5522,8.8637
2017,1,17,10,0,-5.4,46,864,311,3.4000000000000004,15.6077,12.0506
2017,1,17,10,30,-4.5,50,905,375,3.3000000000000003,19.3779,15.0252
2017,1,17,11,0,-3.6,51,934,427,3.2,22.5565,17.5379
2017,1,17,11,30,-2.7,53,943,463,3.1,24.8345,19.3424
2017,1,17,12,0,-1.8,58,949,490,3,26.5262,20.6803
2017,1,17,12,30,-1.2000000000000002,59,953,502,2.8000000000000003,27.2824,21.2784
2017,1,17,13,0,-0.5,58,952,498,2.6,27.0312,21.0798
2017,1,17,13,30,-0.2,58,944,480,2.4000000000000004,25.8877,20.1746
2017,1,17,14,0,0.1,56,921,444,2.2,23.6612,18.4154
2017,1,17,14,30,0.2,54,898,398,1.9000000000000001,20.8233,16.1716
2017,1,17,15,0,0.4,55,849,340,1.6,17.3418,13.4223
2017,1,17,15,30,-0.4,50,797,271,1.3,13.3847,10.3060
2017,1,17,16,0,-1.1,43,721,196,1,9.3893,7.1787
2017,1,17,16,30,-2.2,34,601,117,1.2000000000000002,0.0000,0.0000
2017,1,17,17,0,-3.3000000000000003,20,398,44,1.4000000000000001,0.0000,0.0000
2017,1,17,17,30,-4,0,0,0,1.5,0.0000,0.0000
2017,1,17,18,0,-4.7,0,0,0,1.6,0.0000,0.0000
2017,1,17,18,30,-5.1000000000000005,0,0,0,1.6,0.0000,0.0000
2017,1,17,19,0,-5.6000000000000005,0,0,0,1.7000000000000002,0.0000,0.0000
2017,1,17,19,30,-5.9,0,0,0,1.8,0.0000,0.0000
2017,1,17,20,0,-6.2,0,0,0,2,0.0000,0.0000
2017,1,17,20,30,-6,0,0,0,2.2,0.0000,0.0000
2017,1,17,21,0,-5.9,0,0,0,2.4000000000000004,0.0000,0.0000
2017,1,17,21,30,-5.5,0,0,0,2.6,0.0000,0.0000
2017,1,17,22,0,-5.2,0,0,0,2.8000000000000003,0.0000,0.0000
2017,1,17,22,30,-5.2,0,0,0,2.8000000000000003,0.0000,0.0000
2017,1,17,23,0,-5.1000000000000005,0,0,0,2.9000000000000004,0.0000,0.0000
2017,1,17,23,30,-5.2,0,0,0,2.9000000000000004,0.0000,0.0000
2017,1,18,0,0,-5.300000000000001,0,0,0,2.9000000000000004,0.0000,0.0000
2017,1,18,0,30,-5.4,0,0,0,3,0.0000,0.0000
2017,1,18,1,0,-5.4,0,0,0,3.1,0.0000,0.0000
2017,1,18,1,30,-5.5,0,0,0,3.2,0.0000,0.0000
2017,1,18,2,0,-5.5,0,0,0,3.4000000000000004,0.0000,0.0000
2017,1,18,2,30,-5.5,0,0,0,3.5,0.0000,0.0000
2017,1,18,3,0,-5.5,0,0,0,3.6,0.0000,0.0000
2017,1,18,3,30,-5.6000000000000005,0,0,0,3.5,0.0000,0.0000
2017,1,18,4,0,-5.6000000000000005,0,0,0,3.4000000000000004,0.0000,0.0000
2017,1,18,4,30,-5.7,0,0,0,3.3000000000000003,0.0000,0.0000
2017,1,18,5,0,-5.9,0,0,0,3.2,0.0000,0.0000
2017,1,18,5,30,-5.9,0,0,0,3.1,0.0000,0.0000
2017,1,18,6,0,-6,0,0,0,3.1,0.0000,0.0000
2017,1,18,6,30,-5.9,0,0,0,3.1,0.0000,0.0000
2017,1,18,7,0,-5.800000000000001,0,0,0,3.2,0.0000,0.0000
2017,1,18,7,30,-5,0,0,0,3.5,0.0000,0.0000
2017,1,18,8,0,-4.1000000000000005,10,284,16,3.8000000000000003,0.0000,0.0000
2017,1,18,8,30,-2.8000000000000003,24,553,79,4.1000000000000005,0.0000,0.0000
2017,1,18,9,0,-1.4000000000000001,33,703,156,4.5,7.4371,5.6682
2017,1,18,9,30,-0.5,39,794,234,4.4,11.3691,8.7252
2017,1,18,10,0,0.30000000000000004,44,852,307,4.3,15.4270,11.9136
2017,1,18,10,30,0.9,48,893,371,4.2,19.1961,14.8868
2017,1,18,11,0,1.4000000000000001,51,912,421,4,22.2690,17.3171
2017,1,18,11,30,1.9000000000000001,53,931,461,4,24.7589,19.2862
2017,1,18,12,0,2.3000000000000003,65,921,487,4,26.3974,20.5825
2017,1,18,12,30,2.7,65,921,496,4.1000000000000005,26.9914,21.0542
2017,1,18,13,0,3,65,918,492,4.1000000000000005,26.7424,20.8575
2017,1,18,13,30,3.2,64,905,472,4.1000000000000005,25.4947,19.8715
2017,1,18,14,0,3.3000000000000003,62,891,440,4.1000000000000005,23.4863,18.2826
2017,1,18,14,30,3.2,59,862,393,4,20.5987,16.0007
2017,1,18,15,0,3.1,55,827,335,3.9000000000000004,17.1191,13.2536
2017,1,18,15,30,2.5,50,775,268,3.7,13.2633,10.2163
2017,1,18,16,0,2,43,695,193,3.5,9.2562,7.0796
2017,1,18,16,30,1.2000000000000002,34,575,115,3.4000000000000004,0.0000,0.0000
2017,1,18,17,0,0.4,20,374,44,3.3000000000000003,0.0000,0.0000
2017,1,18,17,30,0.30000000000000004,0,0,0,3.4000000000000004,0.0000,0.0000
2017,1,18,18,0,0.2,0,0,0,3.5,0.0000,0.0000
2017,1,18,18,30,0.1,0,0,0,3.4000000000000004,0.0000,0.0000
2017,1,18,19,0,0,0,0,0,3.3000000000000003,0.0000,0.0000
2017,1,18,19,30,0,0,0,0,3.2,0.0000,0.0000
2017,1,18,20,0,0,0,0,0,3.2,0.0000,0.0000
2017,1,18,20,30,0,0,0,0,3.2,0.0000,0.0000
2017,1,18,21,0,0,0,0,0,3.2,0.0000,0.0000
2017,1,18,21,30,-0.1,0,0,0,3.2,0.0000,0.0000
2017,1,18,22,0,-0.2,0,0,0,3.3000000000000003,0.0000,0.0000
2017,1,18,22,30,-0.30000000000000004,0,0,0,3.4000000000000004,0.0000,0.0000
2017,1,18,23,0,-0.5,0,0,0,3.5,0.0000,0.0000
2017,1,18,23,30,-0.5,0,0,0,3.6,0.0000,0.0000
2017,1,19,0,0,-0.6000000000000001,0,0,0,3.7,0.0000,0.0000
2017,1,19,0,30,-0.5,0,0,0,3.8000000000000003,0.0000,0.0000
2017,1,19,1,0,-0.5,0,0,0,3.9000000000000004,0.0000,0.0000
2017,1,19,1,30,-0.5,0,0,0,3.9000000000000004,0.0000,0.0000
2017,1,19,2,0,-0.5,0,0,0,3.9000000000000004,0.0000,0.0000
2017,1,19,2,30,-0.6000000000000001,0,0,0,3.6,0.0000,0.0000
2017,1,19,3,0,-0.6000000000000001,0,0,0,3.3000000000000003,0.0000,0.0000
2017,1,19,3,30,-0.5,0,0,0,3.3000000000000003,0.0000,0.0000
2017,1,19,4,0,-0.30000000000000004,0,0,0,3.3000000000000003,0.0000,0.0000
2017,1,19,4,30,-0.30000000000000004,0,0,0,3.1,0.0000,0.0000
2017,1,19,5,0,-0.30000000000000004,0,0,0,2.8000000000000003,0.0000,0.0000
2017,1,19,5,30,-0.30000000000000004,0,0,0,2.6,0.0000,0.0000
2017,1,19,6,0,-0.30000000000000004,0,0,0,2.4000000000000004,0.0000,0.0000
2017,1,19,6,30,-0.30000000000000004,0,0,0,2.3000000000000003,0.0000,0.0000
2017,1,19,7,0,-0.30000000000000004,0,0,0,2.2,0.0000,0.0000
2017,1,19,7,30,-0.1,0,0,0,2.3000000000000003,0.0000,0.0000
2017,1,19,8,0,0.1,11,180,15,2.5,0.0000,0.0000
2017,1,19,8,30,0.4,29,449,74,2.6,0.0000,0.0000
2017,1,19,9,0,0.6000000000000001,42,592,148,2.7,7.0548,5.3775
2017,1,19,9,30,0.9,52,693,224,2.7,10.8959,8.3641
2017,1,19,10,0,1.1,60,749,293,2.6,14.7441,11.3887
2017,1,19,10,30,1.4000000000000001,65,795,355,2.6,18.3935,14.2669
2017,1,19,11,0,1.6,95,0,95,2.5,5.0317,3.9134
2017,1,19,11,30,1.9000000000000001,88,0,88,2.5,4.7322,3.6867
2017,1,19,12,0,2.2,75,856,470,2.4000000000000004,25.5097,19.8931
2017,1,19,12,30,2.3000000000000003,76,862,482,2.3000000000000003,26.2651,20.4905
2017,1,19,13,0,2.5,76,858,478,2.1,26.0186,20.2960
2017,1,19,13,30,2.6,181,22,191,1.9000000000000001,10.3321,8.0545
2017,1,19,14,0,2.7,145,12,150,1.8,8.0196,6.2439
2017,1,19,14,30,2.6,154,22,163,1.5,8.5587,6.6497
2017,1,19,15,0,2.5,44,0,44,1.3,2.2529,1.7447
2017,1,19,15,30,2.1,102,2,103,1.1,5.1074,3.9354
2017,1,19,16,0,1.7000000000000002,18,0,18,0.9,0.8643,0.6613
2017,1,19,16,30,1.5,41,492,112,1,0.0000,0.0000
2017,1,19,17,0,1.3,24,286,43,1.1,0.0000,0.0000
2017,1,19,17,30,1.3,0,0,0,1.2000000000000002,0.0000,0.0000
2017,1,19,18,0,1.3,0,0,0,1.3,0.0000,0.0000
2017,1,19,18,30,1.3,0,0,0,1.4000000000000001,0.0000,0.0000
2017,1,19,19,0,1.3,0,0,0,1.6,0.0000,0.0000
2017,1,19,19,30,1.3,0,0,0,1.7000000000000002,0.0000,0.0000
2017,1,19,20,0,1.3,0,0,0,1.9000000000000001,0.0000,0.0000
2017,1,19,20,30,1.3,0,0,0,2,0.0000,0.0000
2017,1,19,21,0,1.3,0,0,0,2,0.0000,0.0000
2017,1,19,21,30,1.3,0,0,0,2.1,0.0000,0.0000
2017,1,19,22,0,1.3,0,0,0,2.1,0.0000,0.0000
2017,1,19,22,30,1.2000000000000002,0,0,0,2,0.0000,0.0000
2017,1,19,23,0,1.1,0,0,0,2,0.0000,0.0000
2017,1,19,23,30,1.1,0,0,0,1.9000000000000001,0.0000,0.0000
2017,1,20,0,0,1,0,0,0,1.9000000000000001,0.0000,0.0000
2017,1,20,0,30,0.9,0,0,0,1.9000000000000001,0.0000,0.0000
2017,1,20,1,0,0.9,0,0,0,1.9000000000000001,0.0000,0.0000
2017,1,20,1,30,0.8,0,0,0,1.8,0.0000,0.0000
2017,1,20,2,0,0.8,0,0,0,1.8,0.0000,0.0000
2017,1,20,2,30,0.7000000000000001,0,0,0,1.7000000000000002,0.0000,0.0000
2017,1,20,3,0,0.6000000000000001,0,0,0,1.5,0.0000,0.0000
2017,1,20,3,30,0.4,0,0,0,1.2000000000000002,0.0000,0.0000
2017,1,20,4,0,0.2,0,0,0,1,0.0000,0.0000
2017,1,20,4,30,0.2,0,0,0,0.9,0.0000,0.0000
2017,1,20,5,0,0.2,0,0,0,0.8,0.0000,0.0000
2017,1,20,5,30,0.2,0,0,0,1.1,0.0000,0.0000
2017,1,20,6,0,0.2,0,0,0,1.4000000000000001,0.0000,0.0000
2017,1,20,6,30,0.2,0,0,0,1.6,0.0000,0.0000
2017,1,20,7,0,0.2,0,0,0,1.8,0.0000,0.0000
2017,1,20,7,30,0.4,0,0,0,1.9000000000000001,0.0000,0.0000
2017,1,20,8,0,0.7000000000000001,2,0,2,2,0.0000,0.0000
2017,1,20,8,30,1.1,32,411,74,2.2,0.0000,0.0000
2017,1,20,9,0,1.5,27,0,27,2.3000000000000003,1.2869,0.9811
2017,1,20,9,30,1.9000000000000001,33,0,33,2.4000000000000004,1.6069,1.2338
2017,1,20,10,0,2.3000000000000003,55,0,55,2.5,2.7715,2.1412
2017,1,20,10,30,2.7,39,0,39,2.6,2.0236,1.5699
2017,1,20,11,0,3.1,74,1,75,2.7,3.9779,3.0943
2017,1,20,11,30,3.6,147,11,152,2.8000000000000003,8.1853,6.3778
2017,1,20,12,0,4,14,0,14,2.9000000000000004,0.7609,0.5935
2017,1,20,12,30,4.2,31,0,31,2.8000000000000003,1.6915,1.3198
2017,1,20,13,0,4.4,63,0,63,2.7,3.4341,2.6792
2017,1,20,13,30,4.4,159,14,165,2.5,8.9395,6.9700
2017,1,20,14,0,4.3,181,24,191,2.4000000000000004,10.2287,7.9653
2017,1,20,14,30,3.9000000000000004,93,2,94,2.1,4.9448,3.8427
2017,1,20,15,0,3.4000000000000004,86,2,87,1.8,4.4638,3.4578
2017,1,20,15,30,2.9000000000000004,73,0,74,1.8,3.6769,2.8342
2017,1,20,16,0,2.4000000000000004,32,0,32,1.8,1.5386,1.1777
2017,1,20,16,30,2.1,32,1,33,1.9000000000000001,0.0000,0.0000
2017,1,20,17,0,1.8,13,0,13,2,0.0000,0.0000
2017,1,20,17,30,1.8,0,0,0,2.2,0.0000,0.0000
2017,1,20,18,0,1.8,0,0,0,2.3000000000000003,0.0000,0.0000
2017,1,20,18,30,1.8,0,0,0,2.5,0.0000,0.0000
2017,1,20,19,0,1.7000000000000002,0,0,0,2.7,0.0000,0.0000
2017,1,20,19,30,1.6,0,0,0,2.7,0.0000,0.0000
2017,1,20,20,0,1.4000000000000001,0,0,0,2.7,0.0000,0.0000
2017,1,20,20,30,1.3,0,0,0,2.5,0.0000,0.0000
2017,1,20,21,0,1.2000000000000002,0,0,0,2.3000000000000003,0.0000,0.0000
2017,1,20,21,30,1.1,0,0,0,2,0.0000,0.0000
2017,1,20,22,0,1,0,0,0,1.7000000000000002,0.0000,0.0000
2017,1,20,22,30,0.9,0,0,0,1.5,0.0000,0.0000
2017,1,20,23,0,0.8,0,0,0,1.3,0.0000,0.0000
2017,1,20,23,30,0.7000000000000001,0,0,0,1.2000000000000002,0.0000,0.0000
2017,1,21,0,0,0.7000000000000001,0,0,0,1.1,0.0000,0.0000
2017,1,21,0,30,0.6000000000000001,0,0,0,1.2000000000000002,0.0000,0.0000
2017,1,21,1,0,0.6000000000000001,0,0,0,1.2000000000000002,0.0000,0.0000
2017,1,21,1,30,0.4,0,0,0,1.3,0.0000,0.0000
2017,1,21,2,0,0.30000000000000004,0,0,0,1.5,0.0000,0.0000
2017,1,21,2,30,0,0,0,0,1.6,0.0000,0.0000
2017,1,21,3,0,-0.2,0,0,0,1.6,0.0000,0.0000
2017,1,21,3,30,-0.4,0,0,0,1.7000000000000002,0.0000,0.0000
2017,1,21,4,0,-0.7000000000000001,0,0,0,1.8,0.0000,0.0000
2017,1,21,4,30,-0.8,0,0,0,2.1,0.0000,0.0000
2017,1,21,5,0,-1,0,0,0,2.4000000000000004,0.0000,0.0000
2017,1,21,5,30,-1,0,0,0,2.6,0.0000,0.0000
2017,1,21,6,0,-0.9,0,0,0,2.7,0.0000,0.0000
2017,1,21,6,30,-1,0,0,0,2.7,0.0000,0.0000
2017,1,21,7,0,-1.1,0,0,0,2.6,0.0000,0.0000
2017,1,21,7,30,-0.5,0,0,0,2.8000000000000003,0.0000,0.0000
2017,1,21,8,0,0,4,0,4,3,0.0000,0.0000
2017,1,21,8,30,0.9,40,4,41,3.1,0.0000,0.0000
2017,1,21,9,0,1.8,69,9,71,3.2,3.3841,2.5803
2017,1,21,9,30,2.8000000000000003,128,55,142,3.2,6.9235,5.3174
2017,1,21,10,0,3.8000000000000003,184,67,205,3.1,10.3455,7.9947
2017,1,21,10,30,4.7,205,216,285,3.3000000000000003,14.8095,11.4913
2017,1,21,11,0,5.6000000000000005,192,358,340,3.4000000000000004,18.0592,14.0501
2017,1,21,11,30,6.2,208,354,366,3.6,19.7367,15.3808
2017,1,21,12,0,6.7,179,486,406,3.7,22.0967,17.2364
2017,1,21,12,30,7.1000000000000005,143,629,443,3.7,24.2060,18.8892
2017,1,21,13,0,7.5,59,915,494,3.8000000000000003,26.9671,21.0419
2017,1,21,13,30,7.7,58,907,477,3.6,25.8828,20.1835
2017,1,21,14,0,7.800000000000001,56,900,447,3.4000000000000004,23.9780,18.6754
2017,1,21,14,30,7.4,54,877,402,2.6,21.1858,16.4676
2017,1,21,15,0,7,52,839,345,1.8,17.7358,13.7424
2017,1,21,15,30,5.6000000000000005,48,790,279,1.6,13.8925,10.7125
2017,1,21,16,0,4.3,41,726,205,1.3,9.8711,7.5588
2017,1,21,16,30,3.8000000000000003,33,615,127,1.3,0.0000,0.0000
2017,1,21,17,0,3.4000000000000004,21,433,53,1.3,0.0000,0.0000
2017,1,21,17,30,3.4000000000000004,0,0,0,1.2000000000000002,0.0000,0.0000
2017,1,21,18,0,3.5,0,0,0,1.1,0.0000,0.0000
2017,1,21,18,30,3.3000000000000003,0,0,0,1,0.0000,0.0000
2017,1,21,19,0,3.2,0,0,0,1,0.0000,0.0000
2017,1,21,19,30,2.9000000000000004,0,0,0,1,0.0000,0.0000
2017,1,21,20,0,2.6,0,0,0,1.1,0.0000,0.0000
2017,1,21,20,30,2,0,0,0,1.2000000000000002,0.0000,0.0000
2017,1,21,21,0,1.5,0,0,0,1.3,0.0000,0.0000
2017,1,21,21,30,0.7000000000000001,0,0,0,1.3,0.0000,0.0000
2017,1,21,22,0,0,0,0,0,1.4000000000000001,0.0000,0.0000
2017,1,21,22,30,-0.6000000000000001,0,0,0,1.4000000000000001,0.0000,0.0000
2017,1,21,23,0,-1.2000000000000002,0,0,0,1.4000000000000001,0.0000,0.0000
2017,1,21,23,30,-1.4000000000000001,0,0,0,1.5,0.0000,0.0000
2017,1,22,0,0,-1.7000000000000002,0,0,0,1.5,0.0000,0.0000
2017,1,22,0,30,-1.8,0,0,0,1.6,0.0000,0.0000
2017,1,22,1,0,-1.9000000000000001,0,0,0,1.7000000000000002,0.0000,0.0000
2017,1,22,1,30,-1.8,0,0,0,1.9000000000000001,0.0000,0.0000
2017,1,22,2,0,-1.7000000000000002,0,0,0,2.1,0.0000,0.0000
2017,1,22,2,30,-1.6,0,0,0,2.4000000000000004,0.0000,0.0000
2017,1,22,3,0,-1.6,0,0,0,2.7,0.0000,0.0000
2017,1,22,3,30,-1.6,0,0,0,3,0.0000,0.0000
2017,1,22,4,0,-1.7000000000000002,0,0,0,3.3000000000000003,0.0000,0.0000
2017,1,22,4,30,-1.8,0,0,0,3.4000000000000004,0.0000,0.0000
2017,1,22,5,0,-2,0,0,0,3.5,0.0000,0.0000
2017,1,22,5,30,-2,0,0,0,3.5,0.0000,0.0000
2017,1,22,6,0,-2.1,0,0,0,3.5,0.0000,0.0000
2017,1,22,6,30,-2.2,0,0,0,3.5,0.0000,0.0000
2017,1,22,7,0,-2.3000000000000003,0,0,0,3.4000000000000004,0.0000,0.0000
2017,1,22,7,30,-2.1,0,0,0,3.7,0.0000,0.0000
2017,1,22,8,0,-1.9000000000000001,6,0,6,4,0.0000,0.0000
2017,1,22,8,30,-1.4000000000000001,32,460,81,4.4,0.0000,0.0000
2017,1,22,9,0,-1,46,609,158,4.800000000000001,7.5312,5.7436
2017,1,22,9,30,-0.1,81,7,83,4.9,4.0520,3.1129
2017,1,22,10,0,0.7000000000000001,158,11,162,5.1000000000000005,8.1883,6.3292
2017,1,22,10,30,1.5,166,37,179,5,9.3163,7.2304
2017,1,22,11,0,2.3000000000000003,168,29,180,5,9.5752,7.4508
2017,1,22,11,30,2.8000000000000003,263,59,290,5,15.6609,12.2064
2017,1,22,12,0,3.4000000000000004,277,182,363,4.9,19.7844,15.4349
2017,1,22,12,30,3.8000000000000003,218,356,389,5,21.2860,16.6130
2017,1,22,13,0,4.2,210,381,393,5,21.4847,16.7665
2017,1,22,13,30,4.4,236,162,311,4.9,16.9020,13.1824
2017,1,22,14,0,4.6000000000000005,170,464,374,4.9,20.0963,15.6551
2017,1,22,14,30,4.3,172,385,327,4.4,17.2658,13.4236
2017,1,22,15,0,4.1000000000000005,61,817,350,4,18.0309,13.9751
2017,1,22,15,30,3,102,503,251,3.2,12.5251,9.6615
2017,1,22,16,0,2,47,700,208,2.4000000000000004,10.0316,7.6850
2017,1,22,16,30,0.8,38,590,130,2.3000000000000003,0.0000,0.0000
2017,1,22,17,0,-0.4,24,408,55,2.3000000000000003,0.0000,0.0000
2017,1,22,17,30,-0.9,0,0,0,2.3000000000000003,0.0000,0.0000
2017,1,22,18,0,-1.4000000000000001,0,0,0,2.3000000000000003,0.0000,0.0000
2017,1,22,18,30,-1.8,0,0,0,2.2,0.0000,0.0000
2017,1,22,19,0,-2.2,0,0,0,2.2,0.0000,0.0000
2017,1,22,19,30,-2.4000000000000004,0,0,0,2.1,0.0000,0.0000
2017,1,22,20,0,-2.7,0,0,0,2.1,0.0000,0.0000
2017,1,22,20,30,-2.8000000000000003,0,0,0,2,0.0000,0.0000
2017,1,22,21,0,-3,0,0,0,2,0.0000,0.0000
2017,1,22,21,30,-3.1,0,0,0,2,0.0000,0.0000
2017,1,22,22,0,-3.2,0,0,0,1.9000000000000001,0.0000,0.0000
2017,1,22,22,30,-3.3000000000000003,0,0,0,1.9000000000000001,0.0000,0.0000
2017,1,22,23,0,-3.4000000000000004,0,0,0,1.8,0.0000,0.0000
2017,1,22,23,30,-3.5,0,0,0,1.7000000000000002,0.0000,0.0000
2017,1,23,0,0,-3.5,0,0,0,1.7000000000000002,0.0000,0.0000
2017,1,23,0,30,-3.6,0,0,0,1.6,0.0000,0.0000
2017,1,23,1,0,-3.7,0,0,0,1.6,0.0000,0.0000
2017,1,23,1,30,-3.7,0,0,0,1.5,0.0000,0.0000
2017,1,23,2,0,-3.8000000000000003,0,0,0,1.4000000000000001,0.0000,0.0000
2017,1,23,2,30,-3.8000000000000003,0,0,0,1.3,0.0000,0.0000
2017,1,23,3,0,-3.8000000000000003,0,0,0,1.2000000000000002,0.0000,0.0000
2017,1,23,3,30,-3.8000000000000003,0,0,0,1.1,0.0000,0.0000
2017,1,23,4,0,-3.7,0,0,0,1.1,0.0000,0.0000
2017,1,23,4,30,-3.5,0,0,0,1,0.0000,0.0000
2017,1,23,5,0,-3.2,0,0,0,0.9,0.0000,0.0000
2017,1,23,5,30,-2.9000000000000004,0,0,0,0.8,0.0000,0.0000
2017,1,23,6,0,-2.6,0,0,0,0.8,0.0000,0.0000
2017,1,23,6,30,-2.5,0,0,0,0.8,0.0000,0.0000
2017,1,23,7,0,-2.3000000000000003,0,0,0,0.8,0.0000,0.0000
2017,1,23,7,30,-2,0,0,0,1,0.0000,0.0000
2017,1,23,8,0,-1.7000000000000002,3,0,3,1.3,0.0000,0.0000
2017,1,23,8,30,-1.2000000000000002,14,0,14,1.1,0.0000,0.0000
2017,1,23,9,0,-0.8,31,0,31,0.9,1.4779,1.1273
2017,1,23,9,30,-0.4,68,5,70,0.7000000000000001,3.4221,2.6298
2017,1,23,10,0,0,80,3,81,0.6000000000000001,4.1006,3.1703
2017,1,23,10,30,0.30000000000000004,152,31,164,0.7000000000000001,8.5485,6.6358
2017,1,23,11,0,0.7000000000000001,211,97,252,0.8,13.4253,10.4485
2017,1,23,11,30,1,151,1,151,1,8.1661,6.3658
2017,1,23,12,0,1.4000000000000001,201,376,380,1.2000000000000002,20.7400,16.1827
2017,1,23,12,30,1.7000000000000002,235,76,272,1.5,14.9059,11.6352
2017,1,23,13,0,2,213,47,236,1.8,12.9211,10.0850
2017,1,23,13,30,2.2,164,16,172,2.1,9.3624,7.3032
2017,1,23,14,0,2.4000000000000004,225,127,281,2.3000000000000003,15.1246,11.7842
2017,1,23,14,30,2.3000000000000003,241,121,290,2.6,15.3409,11.9297
2017,1,23,15,0,2.2,212,80,240,2.8000000000000003,12.3900,9.6057
2017,1,23,15,30,1.3,110,13,114,2.4000000000000004,5.7009,4.3991
2017,1,23,16,0,0.4,88,15,92,2,4.4441,3.4059
2017,1,23,16,30,-0.9,40,0,40,1.9000000000000001,0.0000,0.0000
2017,1,23,17,0,-2.3000000000000003,23,0,23,1.8,0.0000,0.0000
2017,1,23,17,30,-2.2,0,0,0,2.1,0.0000,0.0000
2017,1,23,18,0,-2.2,0,0,0,2.5,0.0000,0.0000
2017,1,23,18,30,-2,0,0,0,2.9000000000000004,0.0000,0.0000
2017,1,23,19,0,-1.9000000000000001,0,0,0,3.3000000000000003,0.0000,0.0000
2017,1,23,19,30,-1.9000000000000001,0,0,0,3.5,0.0000,0.0000
2017,1,23,20,0,-1.9000000000000001,0,0,0,3.7,0.0000,0.0000
2017,1,23,20,30,-2.3000000000000003,0,0,0,3.4000000000000004,0.0000,0.0000
2017,1,23,21,0,-2.7,0,0,0,3.2,0.0000,0.0000
2017,1,23,21,30,-3,0,0,0,3.1,0.0000,0.0000
2017,1,23,22,0,-3.3000000000000003,0,0,0,3,0.0000,0.0000
2017,1,23,22,30,-3.5,0,0,0,2.9000000000000004,0.0000,0.0000
2017,1,23,23,0,-3.6,0,0,0,2.9000000000000004,0.0000,0.0000
2017,1,23,23,30,-3.6,0,0,0,3,0.0000,0.0000
2017,1,24,0,0,-3.5,0,0,0,3.1,0.0000,0.0000
2017,1,24,0,30,-3.4000000000000004,0,0,0,3.2,0.0000,0.0000
2017,1,24,1,0,-3.2,0,0,0,3.3000000000000003,0.0000,0.0000
2017,1,24,1,30,-3.1,0,0,0,3.3000000000000003,0.0000,0.0000
2017,1,24,2,0,-2.9000000000000004,0,0,0,3.3000000000000003,0.0000,0.0000
2017,1,24,2,30,-2.9000000000000004,0,0,0,3.2,0.0000,0.0000
2017,1,24,3,0,-2.8000000000000003,0,0,0,3.1,0.0000,0.0000
2017,1,24,3,30,-2.8000000000000003,0,0,0,3.2,0.0000,0.0000
2017,1,24,4,0,-2.8000000000000003,0,0,0,3.2,0.0000,0.0000
2017,1,24,4,30,-2.9000000000000004,0,0,0,3.5,0.0000,0.0000
2017,1,24,5,0,-2.9000000000000004,0,0,0,3.8000000000000003,0.0000,0.0000
2017,1,24,5,30,-3,0,0,0,4,0.0000,0.0000
2017,1,24,6,0,-3.1,0,0,0,4.2,0.0000,0.0000
2017,1,24,6,30,-3,0,0,0,4.6000000000000005,0.0000,0.0000
2017,1,24,7,0,-3,0,0,0,4.9,0.0000,0.0000
2017,1,24,7,30,-2.7,0,0,0,5.5,0.0000,0.0000
2017,1,24,8,0,-2.5,4,0,4,6.1000000000000005,0.0000,0.0000
2017,1,24,8,30,-2.2,16,0,16,6.300000000000001,0.0000,0.0000
2017,1,24,9,0,-2,25,0,25,6.6000000000000005,1.1921,0.9095
2017,1,24,9,30,-1.7000000000000002,62,2,63,6.4,3.0845,2.3710
2017,1,24,10,0,-1.5,47,0,47,6.300000000000001,2.3833,1.8431
2017,1,24,10,30,-1,108,6,110,6.4,5.7433,4.4592
2017,1,24,11,0,-0.6000000000000001,73,1,73,6.5,3.8949,3.0318
2017,1,24,11,30,-0.2,131,5,133,6.5,7.2034,5.6161
2017,1,24,12,0,0.1,100,1,101,6.5,5.5205,4.3081
2017,1,24,12,30,0.4,9,0,9,6.4,0.4939,0.3856
2017,1,24,13,0,0.6000000000000001,9,0,9,6.300000000000001,0.4935,0.3852
2017,1,24,13,30,0.6000000000000001,242,114,295,6.1000000000000005,16.0834,12.5479
2017,1,24,14,0,0.7000000000000001,19,0,19,5.800000000000001,1.0244,0.7983
2017,1,24,14,30,0.5,106,4,107,5.5,5.6712,4.4111
2017,1,24,15,0,0.4,13,0,13,5.1000000000000005,0.6725,0.5215
2017,1,24,15,30,0.1,59,0,59,4.7,2.9568,2.2824
2017,1,24,16,0,-0.2,8,0,8,4.3,0.3871,0.2968
2017,1,24,16,30,-0.6000000000000001,24,0,24,4.3,0.0000,0.0000
2017,1,24,17,0,-1,8,0,8,4.2,0.0000,0.0000
2017,1,24,17,30,-1.1,0,0,0,4.3,0.0000,0.0000
2017,1,24,18,0,-1.3,0,0,0,4.3,0.0000,0.0000
2017,1,24,18,30,-1.4000000000000001,0,0,0,4.2,0.0000,0.0000
2017,1,24,19,0,-1.5,0,0,0,4.1000000000000005,0.0000,0.0000
2017,1,24,19,30,-1.6,0,0,0,3.9000000000000004,0.0000,0.0000
2017,1,24,20,0,-1.7000000000000002,0,0,0,3.7,0.0000,0.0000
2017,1,24,20,30,-1.8,0,0,0,3.6,0.0000,0.0000
2017,1,24,21,0,-2,0,0,0,3.6,0.0000,0.0000
2017,1,24,21,30,-2,0,0,0,3.6,0.0000,0.0000
2017,1,24,22,0,-2.1,0,0,0,3.6,0.0000,0.0000
2017,1,24,22,30,-2.1,0,0,0,3.5,0.0000,0.0000
2017,1,24,23,0,-2.1,0,0,0,3.4000000000000004,0.0000,0.0000
2017,1,24,23,30,-2.1,0,0,0,3.5,0.0000,0.0000
2017,1,25,0,0,-2.1,0,0,0,3.6,0.0000,0.0000
2017,1,25,0,30,-2.1,0,0,0,3.8000000000000003,0.0000,0.0000
2017,1,25,1,0,-2.2,0,0,0,4,0.0000,0.0000
2017,1,25,1,30,-2.3000000000000003,0,0,0,4.3,0.0000,0.0000
2017,1,25,2,0,-2.3000000000000003,0,0,0,4.6000000000000005,0.0000,0.0000
2017,1,25,2,30,-2.4000000000000004,0,0,0,4.9,0.0000,0.0000
2017,1,25,3,0,-2.5,0,0,0,5.2,0.0000,0.0000
2017,1,25,3,30,-2.5,0,0,0,5.5,0.0000,0.0000
2017,1,25,4,0,-2.6,0,0,0,5.9,0.0000,0.0000
2017,1,25,4,30,-2.7,0,0,0,6.2,0.0000,0.0000
2017,1,25,5,0,-2.8000000000000003,0,0,0,6.5,0.0000,0.0000
2017,1,25,5,30,-3,0,0,0,6.800000000000001,0.0000,0.0000
2017,1,25,6,0,-3.2,0,0,0,7,0.0000,0.0000
2017,1,25,6,30,-3.4000000000000004,0,0,0,7.2,0.0000,0.0000
2017,1,25,7,0,-3.6,0,0,0,7.300000000000001,0.0000,0.0000
2017,1,25,7,30,-3.7,0,0,0,7.5,0.0000,0.0000
2017,1,25,8,0,-3.7,8,0,8,7.6000000000000005,0.0000,0.0000
2017,1,25,8,30,-3.7,36,0,36,7.7,0.0000,0.0000
2017,1,25,9,0,-3.6,79,1,79,7.7,3.7683,2.8757
2017,1,25,9,30,-3.5,64,1,64,7.7,3.1382,2.4130
2017,1,25,10,0,-3.4000000000000004,97,1,97,7.7,4.9268,3.8110
2017,1,25,10,30,-3.2,137,3,138,7.7,7.2172,5.6046
2017,1,25,11,0,-3,56,0,56,7.800000000000001,2.9927,2.3299
2017,1,25,11,30,-2.9000000000000004,62,0,62,7.800000000000001,3.3631,2.6225
2017,1,25,12,0,-2.7,129,0,129,7.800000000000001,7.0615,5.5114
2017,1,25,12,30,-2.6,116,0,116,7.800000000000001,6.3755,4.9780
2017,1,25,13,0,-2.5,194,4,196,7.7,10.7639,8.4039
2017,1,25,13,30,-2.5,128,1,129,7.7,7.0442,5.4967
2017,1,25,14,0,-2.5,90,0,90,7.6000000000000005,4.8613,3.7890
2017,1,25,14,30,-2.5,183,15,189,7.4,10.0365,7.8082
2017,1,25,15,0,-2.6,166,15,171,7.300000000000001,8.8645,6.8762
2017,1,25,15,30,-2.8000000000000003,98,2,99,7,4.9725,3.8398
2017,1,25,16,0,-3,66,1,67,6.7,3.2479,2.4913
2017,1,25,16,30,-3.3000000000000003,61,2,62,6.5,0.0000,0.0000
2017,1,25,17,0,-3.6,22,0,22,6.300000000000001,0.0000,0.0000
2017,1,25,17,30,-3.8000000000000003,0,0,0,6.300000000000001,0.0000,0.0000
2017,1,25,18,0,-4,0,0,0,6.2,0.0000,0.0000
2017,1,25,18,30,-4.1000000000000005,0,0,0,6.2,0.0000,0.0000
2017,1,25,19,0,-4.2,0,0,0,6.1000000000000005,0.0000,0.0000
2017,1,25,19,30,-4.4,0,0,0,6,0.0000,0.0000
2017,1,25,20,0,-4.5,0,0,0,6,0.0000,0.0000
2017,1,25,20,30,-4.7,0,0,0,5.9,0.0000,0.0000
2017,1,25,21,0,-4.9,0,0,0,5.800000000000001,0.0000,0.0000
2017,1,25,21,30,-5.1000000000000005,0,0,0,5.7,0.0000,0.0000
2017,1,25,22,0,-5.300000000000001,0,0,0,5.6000000000000005,0.0000,0.0000
2017,1,25,22,30,-5.5,0,0,0,5.5,0.0000,0.0000
2017,1,25,23,0,-5.6000000000000005,0,0,0,5.4,0.0000,0.0000
2017,1,25,23,30,-5.7,0,0,0,5.4,0.0000,0.0000
2017,1,26,0,0,-5.800000000000001,0,0,0,5.300000000000001,0.0000,0.0000
2017,1,26,0,30,-5.9,0,0,0,5.300000000000001,0.0000,0.0000
2017,1,26,1,0,-6,0,0,0,5.2,0.0000,0.0000
2017,1,26,1,30,-6.2,0,0,0,5,0.0000,0.0000
2017,1,26,2,0,-6.300000000000001,0,0,0,4.800000000000001,0.0000,0.0000
2017,1,26,2,30,-6.4,0,0,0,4.7,0.0000,0.0000
2017,1,26,3,0,-6.5,0,0,0,4.7,0.0000,0.0000
2017,1,26,3,30,-6.6000000000000005,0,0,0,4.6000000000000005,0.0000,0.0000
2017,1,26,4,0,-6.7,0,0,0,4.6000000000000005,0.0000,0.0000
2017,1,26,4,30,-6.800000000000001,0,0,0,4.6000000000000005,0.0000,0.0000
2017,1,26,5,0,-7,0,0,0,4.6000000000000005,0.0000,0.0000
2017,1,26,5,30,-7,0,0,0,4.7,0.0000,0.0000
2017,1,26,6,0,-7.1000000000000005,0,0,0,4.800000000000001,0.0000,0.0000
2017,1,26,6,30,-7,0,0,0,4.9,0.0000,0.0000
2017,1,26,7,0,-7,0,0,0,5,0.0000,0.0000
2017,1,26,7,30,-6.800000000000001,0,0,0,5.1000000000000005,0.0000,0.0000
2017,1,26,8,0,-6.5,6,0,6,5.1000000000000005,0.0000,0.0000
2017,1,26,8,30,-5.9,27,0,27,5.300000000000001,0.0000,0.0000
2017,1,26,9,0,-5.4,62,0,62,5.5,2.9587,2.2585
2017,1,26,9,30,-4.800000000000001,128,1,129,5.6000000000000005,6.3355,4.8731
2017,1,26,10,0,-4.2,150,1,150,5.6000000000000005,7.6327,5.9056
2017,1,26,10,30,-3.7,102,0,102,5.5,5.3432,4.1502
2017,1,26,11,0,-3.1,126,0,126,5.4,6.7443,5.2516
2017,1,26,11,30,-2.7,123,0,123,5.300000000000001,6.6821,5.2114
2017,1,26,12,0,-2.2,119,0,119,5.2,6.5237,5.0925
2017,1,26,12,30,-1.9000000000000001,150,0,150,5.1000000000000005,8.2565,6.4476
2017,1,26,13,0,-1.5,193,0,193,5,10.6158,8.2894
2017,1,26,13,30,-1.4000000000000001,225,1,226,5,12.3613,9.6471
2017,1,26,14,0,-1.3,73,936,498,4.9,26.9448,21.0054
2017,1,26,14,30,-1.4000000000000001,217,1,218,4.800000000000001,11.5984,9.0253
2017,1,26,15,0,-1.5,87,0,87,4.7,4.5196,3.5069
2017,1,26,15,30,-2.1,58,839,320,4.2,16.1102,12.4448
2017,1,26,16,0,-2.8000000000000003,51,771,240,3.6,11.6569,8.9453
2017,1,26,16,30,-4.3,41,660,154,2.8000000000000003,0.0000,0.0000
2017,1,26,17,0,-5.800000000000001,27,490,72,2,0.0000,0.0000
2017,1,26,17,30,-6.5,0,0,0,2,0.0000,0.0000
2017,1,26,18,0,-7.2,0,0,0,2,0.0000,0.0000
2017,1,26,18,30,-7.5,0,0,0,2.2,0.0000,0.0000
2017,1,26,19,0,-7.800000000000001,0,0,0,2.4000000000000004,0.0000,0.0000
2017,1,26,19,30,-7.7,0,0,0,2.7,0.0000,0.0000
2017,1,26,20,0,-7.7,0,0,0,3,0.0000,0.0000
2017,1,26,20,30,-7.6000000000000005,0,0,0,3.3000000000000003,0.0000,0.0000
2017,1,26,21,0,-7.4,0,0,0,3.6,0.0000,0.0000
2017,1,26,21,30,-7.5,0,0,0,3.9000000000000004,0.0000,0.0000
2017,1,26,22,0,-7.5,0,0,0,4.2,0.0000,0.0000
2017,1,26,22,30,-7.6000000000000005,0,0,0,4.7,0.0000,0.0000
2017,1,26,23,0,-7.800000000000001,0,0,0,5.300000000000001,0.0000,0.0000
2017,1,26,23,30,-8,0,0,0,5.7,0.0000,0.0000
2017,1,27,0,0,-8.3,0,0,0,6.1000000000000005,0.0000,0.0000
2017,1,27,0,30,-8.700000000000001,0,0,0,6,0.0000,0.0000
2017,1,27,1,0,-9,0,0,0,5.9,0.0000,0.0000
2017,1,27,1,30,-9.700000000000001,0,0,0,5.2,0.0000,0.0000
2017,1,27,2,0,-10.3,0,0,0,4.6000000000000005,0.0000,0.0000
2017,1,27,2,30,-10.9,0,0,0,4.1000000000000005,0.0000,0.0000
2017,1,27,3,0,-11.600000000000001,0,0,0,3.6,0.0000,0.0000
2017,1,27,3,30,-11.9,0,0,0,3.4000000000000004,0.0000,0.0000
2017,1,27,4,0,-12.100000000000001,0,0,0,3.2,0.0000,0.0000
2017,1,27,4,30,-12.100000000000001,0,0,0,3.2,0.0000,0.0000
2017,1,27,5,0,-12.100000000000001,0,0,0,3.3000000000000003,0.0000,0.0000
2017,1,27,5,30,-11.9,0,0,0,3.5,0.0000,0.0000
2017,1,27,6,0,-11.600000000000001,0,0,0,3.7,0.0000,0.0000
2017,1,27,6,30,-11.3,0,0,0,3.8000000000000003,0.0000,0.0000
2017,1,27,7,0,-11,0,0,0,4,0.0000,0.0000
2017,1,27,7,30,-9.8,0,0,0,4.3,0.0000,0.0000
2017,1,27,8,0,-8.700000000000001,15,338,28,4.7,0.0000,0.0000
2017,1,27,8,30,-7.300000000000001,31,582,101,4.9,0.0000,0.0000
2017,1,27,9,0,-5.9,104,2,104,5.1000000000000005,4.9655,3.7914
2017,1,27,9,30,-4.6000000000000005,64,0,64,5.2,3.1483,2.4223
2017,1,27,10,0,-3.3000000000000003,101,1,102,5.2,5.1992,4.0238
2017,1,27,10,30,-2,161,0,161,5.800000000000001,8.4482,6.5634
2017,1,27,11,0,-0.6000000000000001,63,0,63,6.4,3.3775,2.6304
2017,1,27,11,30,0,219,1,219,6.7,11.9160,9.2948
2017,1,27,12,0,0.7000000000000001,259,17,267,7,14.6596,11.4451
2017,1,27,12,30,0.9,322,68,356,6.9,19.6255,15.3281
2017,1,27,13,0,1.1,274,27,288,6.800000000000001,15.8656,12.3907
2017,1,27,13,30,1.1,94,885,523,6.7,28.6538,22.3661
2017,1,27,14,0,1.2000000000000002,87,883,491,6.6000000000000005,26.6142,20.7516
2017,1,27,14,30,1.2000000000000002,82,860,444,6.5,23.6683,18.4215
2017,1,27,15,0,1.3,81,0,81,6.4,4.2168,3.2728
2017,1,27,15,30,0.9,96,0,96,6.1000000000000005,4.8438,3.7431
2017,1,27,16,0,0.6000000000000001,83,0,83,5.800000000000001,4.0390,3.1008
2017,1,27,16,30,-0.2,55,0,55,5.5,2.6222,1.9984
2017,1,27,17,0,-0.9,24,0,24,5.300000000000001,0.0000,0.0000
2017,1,27,17,30,-1.5,0,0,0,5.1000000000000005,0.0000,0.0000
2017,1,27,18,0,-2.1,0,0,0,4.9,0.0000,0.0000
2017,1,27,18,30,-2.6,0,0,0,4.800000000000001,0.0000,0.0000
2017,1,27,19,0,-3,0,0,0,4.7,0.0000,0.0000
2017,1,27,19,30,-3.2,0,0,0,4.7,0.0000,0.0000
2017,1,27,20,0,-3.4000000000000004,0,0,0,4.800000000000001,0.0000,0.0000
2017,1,27,20,30,-3.5,0,0,0,4.9,0.0000,0.0000
2017,1,27,21,0,-3.6,0,0,0,4.9,0.0000,0.0000
2017,1,27,21,30,-3.6,0,0,0,5,0.0000,0.0000
2017,1,27,22,0,-3.7,0,0,0,5.2,0.0000,0.0000
2017,1,27,22,30,-3.7,0,0,0,5.2,0.0000,0.0000
2017,1,27,23,0,-3.7,0,0,0,5.300000000000001,0.0000,0.0000
2017,1,27,23,30,-3.7,0,0,0,5.300000000000001,0.0000,0.0000
2017,1,28,0,0,-3.6,0,0,0,5.4,0.0000,0.0000
2017,1,28,0,30,-3.7,0,0,0,5.300000000000001,0.0000,0.0000
2017,1,28,1,0,-3.7,0,0,0,5.2,0.0000,0.0000
2017,1,28,1,30,-3.9000000000000004,0,0,0,5.2,0.0000,0.0000
2017,1,28,2,0,-4,0,0,0,5.1000000000000005,0.0000,0.0000
2017,1,28,2,30,-3.9000000000000004,0,0,0,5.4,0.0000,0.0000
2017,1,28,3,0,-3.8000000000000003,0,0,0,5.7,0.0000,0.0000
2017,1,28,3,30,-3.8000000000000003,0,0,0,5.7,0.0000,0.0000
2017,1,28,4,0,-3.7,0,0,0,5.7,0.0000,0.0000
2017,1,28,4,30,-3.8000000000000003,0,0,0,5.5,0.0000,0.0000
2017,1,28,5,0,-4,0,0,0,5.300000000000001,0.0000,0.0000
2017,1,28,5,30,-4.2,0,0,0,5,0.0000,0.0000
2017,1,28,6,0,-4.5,0,0,0,4.800000000000001,0.0000,0.0000
2017,1,28,6,30,-4.7,0,0,0,4.7,0.0000,0.0000
2017,1,28,7,0,-4.9,0,0,0,4.7,0.0000,0.0000
2017,1,28,7,30,-4.3,0,0,0,4.9,0.0000,0.0000
2017,1,28,8,0,-3.6,12,0,12,5.2,0.0000,0.0000
2017,1,28,8,30,-2.6,32,564,101,5.300000000000001,0.0000,0.0000
2017,1,28,9,0,-1.5,70,0,70,5.300000000000001,3.3442,2.5542
2017,1,28,9,30,-0.4,54,782,268,5.7,13.2063,10.1644
2017,1,28,10,0,0.8,62,829,342,6.1000000000000005,17.4658,13.5208
2017,1,28,10,30,1.3,110,0,110,6.4,5.7823,4.4932
2017,1,28,11,0,1.9000000000000001,226,3,227,6.6000000000000005,12.1897,9.4952
2017,1,28,11,30,2.3000000000000003,277,68,309,6.7,16.8391,13.1370
2017,1,28,12,0,2.6,276,6,279,6.9,15.3424,11.9800
2017,1,28,12,30,2.7,290,77,328,6.800000000000001,18.1094,14.1460
2017,1,28,13,0,2.8000000000000003,310,115,368,6.7,20.3049,15.8600
2017,1,28,13,30,2.7,262,34,278,6.4,15.2552,11.9095
2017,1,28,14,0,2.6,223,24,234,6.1000000000000005,12.7056,9.9086
2017,1,28,14,30,2.5,194,14,200,5.800000000000001,10.6819,8.3157
2017,1,28,15,0,2.3000000000000003,140,0,140,5.5,7.3042,5.6705
2017,1,28,15,30,2,91,2,92,5.4,4.6527,3.5967
2017,1,28,16,0,1.7000000000000002,65,0,65,5.2,3.1695,2.4343
2017,1,28,16,30,1.2000000000000002,56,0,56,5.4,2.6692,2.0348
2017,1,28,17,0,0.7000000000000001,18,0,18,5.5,0.0000,0.0000
2017,1,28,17,30,0.5,0,0,0,5.7,0.0000,0.0000
2017,1,28,18,0,0.30000000000000004,0,0,0,5.800000000000001,0.0000,0.0000
2017,1,28,18,30,0.2,0,0,0,5.7,0.0000,0.0000
2017,1,28,19,0,0.2,0,0,0,5.6000000000000005,0.0000,0.0000
2017,1,28,19,30,0.2,0,0,0,5.6000000000000005,0.0000,0.0000
2017,1,28,20,0,0.1,0,0,0,5.5,0.0000,0.0000
2017,1,28,20,30,0.1,0,0,0,5.6000000000000005,0.0000,0.0000
2017,1,28,21,0,0.1,0,0,0,5.7,0.0000,0.0000
2017,1,28,21,30,0.1,0,0,0,5.7,0.0000,0.0000
2017,1,28,22,0,0,0,0,0,5.6000000000000005,0.0000,0.0000
2017,1,28,22,30,-0.30000000000000004,0,0,0,5.300000000000001,0.0000,0.0000
2017,1,28,23,0,-0.7000000000000001,0,0,0,4.9,0.0000,0.0000
2017,1,28,23,30,-1.2000000000000002,0,0,0,4.5,0.0000,0.0000
2017,1,29,0,0,-1.7000000000000002,0,0,0,4,0.0000,0.0000
2017,1,29,0,30,-1.9000000000000001,0,0,0,4.1000000000000005,0.0000,0.0000
2017,1,29,1,0,-2.1,0,0,0,4.1000000000000005,0.0000,0.0000
2017,1,29,1,30,-1.9000000000000001,0,0,0,4.3,0.0000,0.0000
2017,1,29,2,0,-1.8,0,0,0,4.4,0.0000,0.0000
2017,1,29,2,30,-1.7000000000000002,0,0,0,4.2,0.0000,0.0000
2017,1,29,3,0,-1.6,0,0,0,4.1000000000000005,0.0000,0.0000
2017,1,29,3,30,-1.4000000000000001,0,0,0,4.2,0.0000,0.0000
2017,1,29,4,0,-1.2000000000000002,0,0,0,4.3,0.0000,0.0000
2017,1,29,4,30,-1.1,0,0,0,4.3,0.0000,0.0000
2017,1,29,5,0,-1,0,0,0,4.4,0.0000,0.0000
2017,1,29,5,30,-1.2000000000000002,0,0,0,4.2,0.0000,0.0000
2017,1,29,6,0,-1.3,0,0,0,4,0.0000,0.0000
2017,1,29,6,30,-1.5,0,0,0,3.8000000000000003,0.0000,0.0000
2017,1,29,7,0,-1.6,0,0,0,3.6,0.0000,0.0000
2017,1,29,7,30,-1.2000000000000002,0,0,0,3.6,0.0000,0.0000
2017,1,29,8,0,-0.8,15,0,15,3.7,0.0000,0.0000
2017,1,29,8,30,0.1,40,1,40,3.9000000000000004,0.0000,0.0000
2017,1,29,9,0,1,70,0,70,4.2,3.3468,2.5570
2017,1,29,9,30,1.7000000000000002,101,0,101,4.4,4.9861,3.8389
2017,1,29,10,0,2.4000000000000004,77,0,77,4.7,3.9398,3.0507
2017,1,29,10,30,3,200,5,202,4.800000000000001,10.6371,8.2674
2017,1,29,11,0,3.6,280,33,295,4.800000000000001,15.8681,12.3627
2017,1,29,11,30,4,207,1,207,4.9,11.2986,8.8159
2017,1,29,12,0,4.4,225,1,226,4.9,12.4472,9.7207
2017,1,29,12,30,4.6000000000000005,230,14,237,5,13.1055,10.2388
2017,1,29,13,0,4.800000000000001,234,1,234,5,12.9314,10.1022
2017,1,29,13,30,4.800000000000001,239,20,248,4.9,13.6320,10.6440
2017,1,29,14,0,4.800000000000001,247,312,392,4.800000000000001,21.3223,16.6313
2017,1,29,14,30,4.6000000000000005,244,62,271,4.4,14.5025,11.2924
2017,1,29,15,0,4.4,173,16,179,3.9000000000000004,9.3591,7.2678
2017,1,29,15,30,3.6,153,24,160,3.2,8.1104,6.2716
2017,1,29,16,0,2.8000000000000003,73,1,73,2.5,3.5669,2.7407
2017,1,29,16,30,1.9000000000000001,39,0,40,2.4000000000000004,1.9066,1.4538
2017,1,29,17,0,1.1,25,0,25,2.2,0.0000,0.0000
2017,1,29,17,30,0.8,12,95,14,2.2,0.0000,0.0000
2017,1,29,18,0,0.6000000000000001,0,0,0,2.1,0.0000,0.0000
2017,1,29,18,30,0.30000000000000004,0,0,0,2,0.0000,0.0000
2017,1,29,19,0,0,0,0,0,1.9000000000000001,0.0000,0.0000
2017,1,29,19,30,-0.5,0,0,0,1.7000000000000002,0.0000,0.0000
2017,1,29,20,0,-0.9,0,0,0,1.5,0.0000,0.0000
2017,1,29,20,30,-1.1,0,0,0,1.5,0.0000,0.0000
2017,1,29,21,0,-1.3,0,0,0,1.4000000000000001,0.0000,0.0000
2017,1,29,21,30,-1.5,0,0,0,1.4000000000000001,0.0000,0.0000
2017,1,29,22,0,-1.6,0,0,0,1.4000000000000001,0.0000,0.0000
2017,1,29,22,30,-1.7000000000000002,0,0,0,1.6,0.0000,0.0000
2017,1,29,23,0,-1.8,0,0,0,1.7000000000000002,0.0000,0.0000
2017,1,29,23,30,-1.8,0,0,0,1.8,0.0000,0.0000
2017,1,30,0,0,-1.9000000000000001,0,0,0,2,0.0000,0.0000
2017,1,30,0,30,-1.9000000000000001,0,0,0,2.1,0.0000,0.0000
2017,1,30,1,0,-2,0,0,0,2.1,0.0000,0.0000
2017,1,30,1,30,-2.1,0,0,0,2.2,0.0000,0.0000
2017,1,30,2,0,-2.2,0,0,0,2.3000000000000003,0.0000,0.0000
2017,1,30,2,30,-2.2,0,0,0,2.4000000000000004,0.0000,0.0000
2017,1,30,3,0,-2.3000000000000003,0,0,0,2.5,0.0000,0.0000
2017,1,30,3,30,-2.4000000000000004,0,0,0,2.6,0.0000,0.0000
2017,1,30,4,0,-2.5,0,0,0,2.7,0.0000,0.0000
2017,1,30,4,30,-2.3000000000000003,0,0,0,2.8000000000000003,0.0000,0.0000
2017,1,30,5,0,-2.2,0,0,0,2.9000000000000004,0.0000,0.0000
2017,1,30,5,30,-2.1,0,0,0,3.1,0.0000,0.0000
2017,1,30,6,0,-2.1,0,0,0,3.3000000000000003,0.0000,0.0000
2017,1,30,6,30,-2,0,0,0,3.5,0.0000,0.0000
2017,1,30,7,0,-2,0,0,0,3.7,0.0000,0.0000
2017,1,30,7,30,-1.6,0,0,0,4.1000000000000005,0.0000,0.0000
2017,1,30,8,0,-1.2000000000000002,13,0,13,4.5,0.0000,0.0000
2017,1,30,8,30,-0.2,25,0,25,4.800000000000001,0.0000,0.0000
2017,1,30,9,0,0.9,69,8,71,5,3.3975,2.5966
2017,1,30,9,30,2.5,149,129,185,5,9.1498,7.0470
2017,1,30,10,0,4,199,176,260,5.1000000000000005,13.3282,10.3232
2017,1,30,10,30,5.800000000000001,59,882,412,5.5,21.7351,16.8966
2017,1,30,11,0,7.6000000000000005,157,505,382,5.9,20.5824,16.0384
2017,1,30,11,30,9.1,176,493,412,6.7,22.5234,17.5771
2017,1,30,12,0,10.5,198,471,434,7.5,23.9395,18.6985
2017,1,30,12,30,11,192,567,483,7.7,26.7497,20.9014
2017,1,30,13,0,11.5,222,468,461,8,25.5154,19.9358
2017,1,30,13,30,11.5,223,474,458,8.3,25.2158,19.6919
2017,1,30,14,0,11.5,228,384,408,8.700000000000001,22.2327,17.3447
2017,1,30,14,30,10.8,233,288,357,8.3,19.1406,14.9070
2017,1,30,15,0,10,158,467,338,7.9,17.7101,13.7564
2017,1,30,15,30,8.6,154,370,275,6.9,13.9717,10.8078
2017,1,30,16,0,7.1000000000000005,134,220,192,5.9,9.4020,7.2275
2017,1,30,16,30,5.6000000000000005,42,674,168,5.5,8.0091,6.1092
2017,1,30,17,0,4.1000000000000005,56,10,57,5.1000000000000005,0.0000,0.0000
2017,1,30,17,30,3.6,13,206,17,5.2,0.0000,0.0000
2017,1,30,18,0,3.1,0,0,0,5.300000000000001,0.0000,0.0000
2017,1,30,18,30,2.6,0,0,0,5.1000000000000005,0.0000,0.0000
2017,1,30,19,0,2,0,0,0,4.800000000000001,0.0000,0.0000
2017,1,30,19,30,1.5,0,0,0,4.4,0.0000,0.0000
2017,1,30,20,0,0.9,0,0,0,3.9000000000000004,0.0000,0.0000
2017,1,30,20,30,0.5,0,0,0,3.7,0.0000,0.0000
2017,1,30,21,0,0.2,0,0,0,3.6,0.0000,0.0000
2017,1,30,21,30,0.2,0,0,0,3.7,0.0000,0.0000
2017,1,30,22,0,0.2,0,0,0,3.9000000000000004,0.0000,0.0000
2017,1,30,22,30,0.30000000000000004,0,0,0,4,0.0000,0.0000
2017,1,30,23,0,0.4,0,0,0,4.2,0.0000,0.0000
2017,1,30,23,30,0.5,0,0,0,4.3,0.0000,0.0000
2017,1,31,0,0,0.7000000000000001,0,0,0,4.4,0.0000,0.0000
2017,1,31,0,30,0.7000000000000001,0,0,0,4.3,0.0000,0.0000
2017,1,31,1,0,0.6000000000000001,0,0,0,4.3,0.0000,0.0000
2017,1,31,1,30,0.5,0,0,0,4.2,0.0000,0.0000
2017,1,31,2,0,0.4,0,0,0,4,0.0000,0.0000
2017,1,31,2,30,0.2,0,0,0,3.9000000000000004,0.0000,0.0000
2017,1,31,3,0,0,0,0,0,3.8000000000000003,0.0000,0.0000
2017,1,31,3,30,-0.1,0,0,0,3.8000000000000003,0.0000,0.0000
2017,1,31,4,0,-0.2,0,0,0,3.8000000000000003,0.0000,0.0000
2017,1,31,4,30,-0.1,0,0,0,3.8000000000000003,0.0000,0.0000
2017,1,31,5,0,0,0,0,0,3.7,0.0000,0.0000
2017,1,31,5,30,-0.1,0,0,0,3.6,0.0000,0.0000
2017,1,31,6,0,-0.1,0,0,0,3.4000000000000004,0.0000,0.0000
2017,1,31,6,30,-0.1,0,0,0,3.3000000000000003,0.0000,0.0000
2017,1,31,7,0,-0.1,0,0,0,3.2,0.0000,0.0000
2017,1,31,7,30,0.2,0,0,0,3.3000000000000003,0.0000,0.0000
2017,1,31,8,0,0.5,12,0,12,3.4000000000000004,0.0000,0.0000
2017,1,31,8,30,1,24,0,24,3.5,0.0000,0.0000
2017,1,31,9,0,1.4000000000000001,54,2,55,3.6,2.6343,2.0140
2017,1,31,9,30,2,97,10,100,3.6,4.9554,3.8179
2017,1,31,10,0,2.6,159,54,178,3.6,9.1426,7.0832
2017,1,31,10,30,3.3000000000000003,201,236,296,3.8000000000000003,15.6449,12.1649
2017,1,31,11,0,4,208,10,212,4,11.4424,8.9179
2017,1,31,11,30,4.3,203,4,205,4,11.2259,8.7621
2017,1,31,12,0,4.7,113,2,114,4.1000000000000005,6.2985,4.9203
2017,1,31,12,30,4.5,170,12,176,4.1000000000000005,9.7626,7.6294
2017,1,31,13,0,4.4,144,4,146,4,8.0940,6.3250
2017,1,31,13,30,4,145,5,148,4,8.1623,6.3752
2017,1,31,14,0,3.5,121,3,122,3.9000000000000004,6.6599,5.1966
2017,1,31,14,30,3.1,136,11,140,3.6,7.5211,5.8588
2017,1,31,15,0,2.7,118,10,122,3.3000000000000003,6.4059,4.9771
2017,1,31,15,30,1.9000000000000001,115,10,118,2.6,6.0093,4.6501
2017,1,31,16,0,1.1,117,20,122,1.9000000000000001,5.9875,4.6047
2017,1,31,16,30,0.2,63,4,64,1.8,3.0523,2.3291
2017,1,31,17,0,-0.7000000000000001,35,2,35,1.7000000000000002,0.0000,0.0000
2017,1,31,17,30,-0.9,6,0,6,1.8,0.0000,0.0000
2017,1,31,18,0,-1,0,0,0,1.9000000000000001,0.0000,0.0000
2017,1,31,18,30,-1,0,0,0,2,0.0000,0.0000
2017,1,31,19,0,-1.1,0,0,0,2.1,0.0000,0.0000
2017,1,31,19,30,-1.1,0,0,0,2.2,0.0000,0.0000
2017,1,31,20,0,-1.2000000000000002,0,0,0,2.3000000000000003,0.0000,0.0000
2017,1,31,20,30,-1.2000000000000002,0,0,0,2.5,0.0000,0.0000
2017,1,31,21,0,-1.3,0,0,0,2.6,0.0000,0.0000
2017,1,31,21,30,-1.3,0,0,0,2.7,0.0000,0.0000
2017,1,31,22,0,-1.4000000000000001,0,0,0,2.8000000000000003,0.0000,0.0000
2017,1,31,22,30,-1.4000000000000001,0,0,0,2.9000000000000004,0.0000,0.0000
2017,1,31,23,0,-1.5,0,0,0,3,0.0000,0.0000
2017,1,31,23,30,-1.5,0,0,0,3.1,0.0000,0.0000
2017,2,1,0,0,-1.6,0,0,0,3.1,0.0000,0.0000
2017,2,1,0,30,-1.7000000000000002,0,0,0,3.1,0.0000,0.0000
2017,2,1,1,0,-1.8,0,0,0,3.1,0.0000,0.0000
2017,2,1,1,30,-1.8,0,0,0,3.2,0.0000,0.0000
2017,2,1,2,0,-1.9000000000000001,0,0,0,3.3000000000000003,0.0000,0.0000
2017,2,1,2,30,-2,0,0,0,3.4000000000000004,0.0000,0.0000
2017,2,1,3,0,-2,0,0,0,3.6,0.0000,0.0000
2017,2,1,3,30,-2.1,0,0,0,3.7,0.0000,0.0000
2017,2,1,4,0,-2.2,0,0,0,3.8000000000000003,0.0000,0.0000
2017,2,1,4,30,-2.3000000000000003,0,0,0,3.8000000000000003,0.0000,0.0000
2017,2,1,5,0,-2.4000000000000004,0,0,0,3.9000000000000004,0.0000,0.0000
2017,2,1,5,30,-2.5,0,0,0,4,0.0000,0.0000
2017,2,1,6,0,-2.6,0,0,0,4.1000000000000005,0.0000,0.0000
2017,2,1,6,30,-2.7,0,0,0,4.3,0.0000,0.0000
2017,2,1,7,0,-2.7,0,0,0,4.5,0.0000,0.0000
2017,2,1,7,30,-2.6,0,0,0,5,0.0000,0.0000
2017,2,1,8,0,-2.4000000000000004,9,0,9,5.5,0.0000,0.0000
2017,2,1,8,30,-2.2,28,0,28,5.800000000000001,0.0000,0.0000
2017,2,1,9,0,-2,93,23,98,6.2,4.6990,3.5937
2017,2,1,9,30,-1.9000000000000001,69,0,69,6.2,3.4259,2.6404
2017,2,1,10,0,-1.8,84,0,84,6.300000000000001,4.3232,3.3503
2017,2,1,10,30,-1.7000000000000002,193,14,198,6.2,10.4847,8.1542
2017,2,1,11,0,-1.5,229,23,240,6.1000000000000005,12.9767,10.1155
2017,2,1,11,30,-1.5,199,2,200,6.1000000000000005,10.9696,8.5634
2017,2,1,12,0,-1.4000000000000001,183,1,184,6.1000000000000005,10.1817,7.9550
2017,2,1,12,30,-1.4000000000000001,280,39,301,6,16.7232,13.0708
2017,2,1,13,0,-1.4000000000000001,258,83,301,5.9,16.7140,13.0630
2017,2,1,13,30,-1.6,238,10,242,5.9,13.3682,10.4430
2017,2,1,14,0,-1.7000000000000002,186,24,197,5.9,10.7731,8.4075
2017,2,1,14,30,-2,132,0,132,6,7.1053,5.5361
2017,2,1,15,0,-2.4000000000000004,205,149,264,6,13.8921,10.7963
2017,2,1,15,30,-2.9000000000000004,176,15,181,6,9.2394,7.1521
2017,2,1,16,0,-3.5,159,63,176,6,8.6571,6.6607
2017,2,1,16,30,-4.1000000000000005,111,76,126,5.800000000000001,6.0127,4.5898
2017,2,1,17,0,-4.7,33,511,91,5.6000000000000005,0.0000,0.0000
2017,2,1,17,30,-5.1000000000000005,15,242,22,5.5,0.0000,0.0000
2017,2,1,18,0,-5.5,0,0,0,5.5,0.0000,0.0000
2017,2,1,18,30,-5.800000000000001,0,0,0,5.4,0.0000,0.0000
2017,2,1,19,0,-6.1000000000000005,0,0,0,5.300000000000001,0.0000,0.0000
2017,2,1,19,30,-6.4,0,0,0,5.1000000000000005,0.0000,0.0000
2017,2,1,20,0,-6.6000000000000005,0,0,0,5,0.0000,0.0000
2017,2,1,20,30,-6.9,0,0,0,4.800000000000001,0.0000,0.0000
2017,2,1,21,0,-7.2,0,0,0,4.7,0.0000,0.0000
2017,2,1,21,30,-7.4,0,0,0,4.6000000000000005,0.0000,0.0000
2017,2,1,22,0,-7.6000000000000005,0,0,0,4.4,0.0000,0.0000
2017,2,1,22,30,-7.7,0,0,0,4.5,0.0000,0.0000
2017,2,1,23,0,-7.800000000000001,0,0,0,4.5,0.0000,0.0000
2017,2,1,23,30,-7.9,0,0,0,4.5,0.0000,0.0000
2017,2,2,0,0,-8.1,0,0,0,4.5,0.0000,0.0000
2017,2,2,0,30,-8.200000000000001,0,0,0,4.5,0.0000,0.0000
2017,2,2,1,0,-8.3,0,0,0,4.5,0.0000,0.0000
2017,2,2,1,30,-8.4,0,0,0,4.5,0.0000,0.0000
2017,2,2,2,0,-8.5,0,0,0,4.6000000000000005,0.0000,0.0000
2017,2,2,2,30,-8.6,0,0,0,4.6000000000000005,0.0000,0.0000
2017,2,2,3,0,-8.700000000000001,0,0,0,4.6000000000000005,0.0000,0.0000
2017,2,2,3,30,-8.9,0,0,0,4.5,0.0000,0.0000
2017,2,2,4,0,-9,0,0,0,4.5,0.0000,0.0000
2017,2,2,4,30,-9.200000000000001,0,0,0,4.3,0.0000,0.0000
2017,2,2,5,0,-9.4,0,0,0,4.1000000000000005,0.0000,0.0000
2017,2,2,5,30,-9.600000000000001,0,0,0,3.8000000000000003,0.0000,0.0000
2017,2,2,6,0,-9.9,0,0,0,3.5,0.0000,0.0000
2017,2,2,6,30,-9.9,0,0,0,3.5,0.0000,0.0000
2017,2,2,7,0,-10,0,0,0,3.4000000000000004,0.0000,0.0000
2017,2,2,7,30,-9.5,0,0,0,3.5,0.0000,0.0000
2017,2,2,8,0,-9.1,23,2,23,3.7,0.0000,0.0000
2017,2,2,8,30,-8.4,33,612,118,3.9000000000000004,0.0000,0.0000
2017,2,2,9,0,-7.7,43,737,203,4.2,9.7454,7.4561
2017,2,2,9,30,-7.2,50,817,288,4.2,14.3300,11.0484
2017,2,2,10,0,-6.7,112,588,322,4.2,16.6073,12.8737
2017,2,2,10,30,-6.2,161,456,349,4.2,18.5161,14.4037
2017,2,2,11,0,-5.7,141,605,417,4.2,22.5865,17.6098
2017,2,2,11,30,-5.4,67,946,531,4.3,29.1738,22.7782
2017,2,2,12,0,-5,70,952,559,4.4,30.9832,24.2111
2017,2,2,12,30,-4.800000000000001,71,957,573,4.4,31.8856,24.9254
2017,2,2,13,0,-4.6000000000000005,287,41,309,4.4,17.1855,13.4335
2017,2,2,13,30,-4.6000000000000005,275,336,446,4.3,24.6796,19.2823
2017,2,2,14,0,-4.5,165,545,429,4.3,23.5024,18.3449
2017,2,2,14,30,-4.5,151,611,424,4.2,22.8675,17.8209
2017,2,2,15,0,-4.5,132,584,365,4,19.2480,14.9625
2017,2,2,15,30,-4.800000000000001,59,835,343,3.8000000000000003,17.5500,13.5896
2017,2,2,16,0,-5,144,148,185,3.6,9.1205,7.0202
2017,2,2,16,30,-5.9,45,674,179,2.8000000000000003,8.5484,6.5279
2017,2,2,17,0,-6.800000000000001,33,514,94,1.9000000000000001,0.0000,0.0000
2017,2,2,17,30,-7.300000000000001,16,248,24,1.7000000000000002,0.0000,0.0000
2017,2,2,18,0,-7.800000000000001,0,0,0,1.4000000000000001,0.0000,0.0000
2017,2,2,18,30,-8,0,0,0,1.3,0.0000,0.0000
2017,2,2,19,0,-8.200000000000001,0,0,0,1.3,0.0000,0.0000
2017,2,2,19,30,-8.200000000000001,0,0,0,1.4000000000000001,0.0000,0.0000
2017,2,2,20,0,-8.200000000000001,0,0,0,1.4000000000000001,0.0000,0.0000
2017,2,2,20,30,-8.1,0,0,0,1.6,0.0000,0.0000
2017,2,2,21,0,-8,0,0,0,1.7000000000000002,0.0000,0.0000
2017,2,2,21,30,-7.9,0,0,0,1.8,0.0000,0.0000
2017,2,2,22,0,-7.9,0,0,0,2,0.0000,0.0000
2017,2,2,22,30,-7.9,0,0,0,2.1,0.0000,0.0000
2017,2,2,23,0,-7.9,0,0,0,2.3000000000000003,0.0000,0.0000
2017,2,2,23,30,-8,0,0,0,2.3000000000000003,0.0000,0.0000
2017,2,3,0,0,-8.1,0,0,0,2.3000000000000003,0.0000,0.0000
2017,2,3,0,30,-8.200000000000001,0,0,0,2.5,0.0000,0.0000
2017,2,3,1,0,-8.3,0,0,0,2.6,0.0000,0.0000
2017,2,3,1,30,-8.4,0,0,0,2.7,0.0000,0.0000
2017,2,3,2,0,-8.6,0,0,0,2.8000000000000003,0.0000,0.0000
2017,2,3,2,30,-8.700000000000001,0,0,0,2.9000000000000004,0.0000,0.0000
2017,2,3,3,0,-8.8,0,0,0,3,0.0000,0.0000
2017,2,3,3,30,-8.8,0,0,0,3,0.0000,0.0000
2017,2,3,4,0,-8.9,0,0,0,3,0.0000,0.0000
2017,2,3,4,30,-9,0,0,0,2.8000000000000003,0.0000,0.0000
2017,2,3,5,0,-9.200000000000001,0,0,0,2.6,0.0000,0.0000
2017,2,3,5,30,-9.600000000000001,0,0,0,2.2,0.0000,0.0000
2017,2,3,6,0,-10,0,0,0,1.8,0.0000,0.0000
2017,2,3,6,30,-10.5,0,0,0,1.6,0.0000,0.0000
2017,2,3,7,0,-11,0,0,0,1.5,0.0000,0.0000
2017,2,3,7,30,-10.200000000000001,0,0,0,2.2,0.0000,0.0000
2017,2,3,8,0,-9.3,20,405,43,2.9000000000000004,0.0000,0.0000
2017,2,3,8,30,-8.4,35,628,124,3.2,0.0000,0.0000
2017,2,3,9,0,-7.5,44,761,212,3.5,10.1907,7.7998
2017,2,3,9,30,-6.7,51,840,298,3.3000000000000003,14.8580,11.4594
2017,2,3,10,0,-5.800000000000001,55,896,377,3.1,19.4846,15.1083
2017,2,3,10,30,-5,58,933,446,2.9000000000000004,23.7073,18.4460
2017,2,3,11,0,-4.2,61,958,503,2.6,27.2936,21.2837
2017,2,3,11,30,-3.7,64,975,547,2.5,30.1033,23.5077
2017,2,3,12,0,-3.1,73,968,574,2.4000000000000004,31.8643,24.9033
2017,2,3,12,30,-2.7,74,973,588,2.3000000000000003,32.7714,25.6216
2017,2,3,13,0,-2.4000000000000004,73,973,586,2.2,32.6425,25.5195
2017,2,3,13,30,-2.2,72,966,569,2.1,31.5375,24.6442
2017,2,3,14,0,-2,71,954,537,2,29.4713,23.0080
2017,2,3,14,30,-2,68,935,490,2,26.4778,20.6386
2017,2,3,15,0,-2.1,65,906,430,2.1,22.7256,17.6704
2017,2,3,15,30,-2.4000000000000004,60,864,358,2.1,18.3601,14.2215
2017,2,3,16,0,-2.8000000000000003,54,804,277,2.2,13.6873,10.5399
2017,2,3,16,30,-4,45,713,190,1.7000000000000002,9.0821,6.9383
2017,2,3,17,0,-5.300000000000001,34,563,103,1.3,0.0000,0.0000
2017,2,3,17,30,-6,16,295,28,1.5,0.0000,0.0000
2017,2,3,18,0,-6.6000000000000005,0,0,0,1.7000000000000002,0.0000,0.0000
2017,2,3,18,30,-6.9,0,0,0,2,0.0000,0.0000
2017,2,3,19,0,-7.1000000000000005,0,0,0,2.3000000000000003,0.0000,0.0000
2017,2,3,19,30,-7.300000000000001,0,0,0,2.6,0.0000,0.0000
2017,2,3,20,0,-7.4,0,0,0,2.9000000000000004,0.0000,0.0000
2017,2,3,20,30,-7.300000000000001,0,0,0,3.3000000000000003,0.0000,0.0000
2017,2,3,21,0,-7.300000000000001,0,0,0,3.6,0.0000,0.0000
2017,2,3,21,30,-7,0,0,0,4,0.0000,0.0000
2017,2,3,22,0,-6.6000000000000005,0,0,0,4.4,0.0000,0.0000
2017,2,3,22,30,-6.4,0,0,0,4.6000000000000005,0.0000,0.0000
2017,2,3,23,0,-6.2,0,0,0,4.7,0.0000,0.0000
2017,2,3,23,30,-6,0,0,0,4.9,0.0000,0.0000
2017,2,4,0,0,-5.9,0,0,0,5,0.0000,0.0000
2017,2,4,0,30,-5.800000000000001,0,0,0,5.1000000000000005,0.0000,0.0000
2017,2,4,1,0,-5.7,0,0,0,5.2,0.0000,0.0000
2017,2,4,1,30,-5.7,0,0,0,5.2,0.0000,0.0000
2017,2,4,2,0,-5.7,0,0,0,5.300000000000001,0.0000,0.0000
2017,2,4,2,30,-5.7,0,0,0,5.4,0.0000,0.0000
2017,2,4,3,0,-5.800000000000001,0,0,0,5.4,0.0000,0.0000
2017,2,4,3,30,-5.800000000000001,0,0,0,5.7,0.0000,0.0000
2017,2,4,4,0,-5.800000000000001,0,0,0,5.9,0.0000,0.0000
2017,2,4,4,30,-5.800000000000001,0,0,0,6.1000000000000005,0.0000,0.0000
2017,2,4,5,0,-5.7,0,0,0,6.2,0.0000,0.0000
2017,2,4,5,30,-5.7,0,0,0,6.300000000000001,0.0000,0.0000
2017,2,4,6,0,-5.7,0,0,0,6.4,0.0000,0.0000
2017,2,4,6,30,-5.6000000000000005,0,0,0,6.5,0.0000,0.0000
2017,2,4,7,0,-5.6000000000000005,0,0,0,6.6000000000000005,0.0000,0.0000
2017,2,4,7,30,-5.300000000000001,0,0,0,6.7,0.0000,0.0000
2017,2,4,8,0,-4.9,19,0,19,6.9,0.0000,0.0000
2017,2,4,8,30,-3.8000000000000003,38,540,116,7.7,0.0000,0.0000
2017,2,4,9,0,-2.6,47,690,202,8.5,9.7240,7.4456
2017,2,4,9,30,-1.2000000000000002,55,773,285,8.6,14.2403,10.9870
2017,2,4,10,0,0.2,59,835,362,8.700000000000001,18.7481,14.5412
2017,2,4,10,30,1.5,63,873,429,8.200000000000001,22.8482,17.7815
2017,2,4,11,0,2.7,64,904,485,7.7,26.3637,20.5622
2017,2,4,11,30,3.6,67,922,527,7.2,29.0507,22.6893
2017,2,4,12,0,4.6000000000000005,65,935,553,6.800000000000001,30.7475,24.0340
2017,2,4,12,30,5.300000000000001,65,940,567,6.5,31.6514,24.7495
2017,2,4,13,0,6,66,938,565,6.1000000000000005,31.5231,24.6480
2017,2,4,13,30,6.6000000000000005,65,932,548,5.7,30.4243,23.7781
2017,2,4,14,0,7.2,64,918,517,5.300000000000001,28.4235,22.1937
2017,2,4,14,30,7.300000000000001,62,899,472,4.5,25.5535,19.9221
2017,2,4,15,0,7.4,58,873,414,3.7,21.9259,17.0527
2017,2,4,15,30,6,54,833,345,2.9000000000000004,17.7343,13.7411
2017,2,4,16,0,4.6000000000000005,49,773,267,2.2,13.2236,10.1871
2017,2,4,16,30,3,41,685,184,2.3000000000000003,8.8048,6.7291
2017,2,4,17,0,1.4000000000000001,31,543,100,2.5,0.0000,0.0000
2017,2,4,17,30,1,16,300,28,2.8000000000000003,0.0000,0.0000
2017,2,4,18,0,0.7000000000000001,0,0,0,3.1,0.0000,0.0000
2017,2,4,18,30,0.4,0,0,0,3.4000000000000004,0.0000,0.0000
2017,2,4,19,0,0.1,0,0,0,3.7,0.0000,0.0000
2017,2,4,19,30,-0.2,0,0,0,3.7,0.0000,0.0000
2017,2,4,20,0,-0.6000000000000001,0,0,0,3.8000000000000003,0.0000,0.0000
2017,2,4,20,30,-0.9,0,0,0,3.8000000000000003,0.0000,0.0000
2017,2,4,21,0,-1.2000000000000002,0,0,0,3.9000000000000004,0.0000,0.0000
2017,2,4,21,30,-1.5,0,0,0,4,0.0000,0.0000
2017,2,4,22,0,-1.8,0,0,0,4,0.0000,0.0000
2017,2,4,22,30,-2.2,0,0,0,4,0.0000,0.0000
2017,2,4,23,0,-2.5,0,0,0,4,0.0000,0.0000
2017,2,4,23,30,-2.8000000000000003,0,0,0,4,0.0000,0.0000
2017,2,5,0,0,-3.2,0,0,0,4.1000000000000005,0.0000,0.0000
2017,2,5,0,30,-3.5,0,0,0,4.1000000000000005,0.0000,0.0000
2017,2,5,1,0,-3.7,0,0,0,4.2,0.0000,0.0000
2017,2,5,1,30,-4,0,0,0,4.4,0.0000,0.0000
2017,2,5,2,0,-4.3,0,0,0,4.5,0.0000,0.0000
2017,2,5,2,30,-4.7,0,0,0,4.5,0.0000,0.0000
2017,2,5,3,0,-5.1000000000000005,0,0,0,4.6000000000000005,0.0000,0.0000
2017,2,5,3,30,-5.5,0,0,0,4.7,0.0000,0.0000
2017,2,5,4,0,-6,0,0,0,4.800000000000001,0.0000,0.0000
2017,2,5,4,30,-6.4,0,0,0,4.6000000000000005,0.0000,0.0000
2017,2,5,5,0,-6.9,0,0,0,4.4,0.0000,0.0000
2017,2,5,5,30,-7.300000000000001,0,0,0,4.1000000000000005,0.0000,0.0000
2017,2,5,6,0,-7.7,0,0,0,3.7,0.0000,0.0000
2017,2,5,6,30,-7.9,0,0,0,3.3000000000000003,0.0000,0.0000
2017,2,5,7,0,-8.200000000000001,0,0,0,3,0.0000,0.0000
2017,2,5,7,30,-7.800000000000001,0,0,0,3,0.0000,0.0000
2017,2,5,8,0,-7.5,22,350,45,3.1,0.0000,0.0000
2017,2,5,8,30,-6.7,38,565,122,3,0.0000,0.0000
2017,2,5,9,0,-6,48,694,207,2.8000000000000003,9.9798,7.6446
2017,2,5,9,30,-5.2,56,775,291,2.5,14.5727,11.2476
2017,2,5,10,0,-4.3,63,823,365,2.2,18.9440,14.6972
2017,2,5,10,30,-3.6,254,90,292,1.9000000000000001,15.5818,12.1290
2017,2,5,11,0,-2.8000000000000003,209,8,213,1.5,11.5986,9.0479
2017,2,5,11,30,-2.2,303,89,348,1.2000000000000002,19.2159,15.0105
2017,2,5,12,0,-1.5,317,161,402,1,22.3881,17.5024
2017,2,5,12,30,-1,286,326,461,0.9,25.7747,20.1571
2017,2,5,13,0,-0.6000000000000001,78,915,569,0.9,31.7981,24.8666
2017,2,5,13,30,-0.30000000000000004,78,909,553,1,30.7526,24.0383
2017,2,5,14,0,0,76,895,521,1.1,28.6946,22.4093
2017,2,5,14,30,0.1,73,874,476,1.1,25.8200,20.1339
2017,2,5,15,0,0.2,69,847,418,1.2000000000000002,22.1853,17.2587
2017,2,5,15,30,0,64,800,347,1.3,17.8795,13.8581
2017,2,5,16,0,-0.2,57,738,269,1.3,13.3548,10.2925
2017,2,5,16,30,-0.9,88,2,88,1.1,4.2163,3.2238
2017,2,5,17,0,-1.6,48,1,48,0.9,0.0000,0.0000
2017,2,5,17,30,-1.9000000000000001,11,0,11,1.2000000000000002,0.0000,0.0000
2017,2,5,18,0,-2.1,0,0,0,1.5,0.0000,0.0000
2017,2,5,18,30,-2.2,0,0,0,1.8,0.0000,0.0000
2017,2,5,19,0,-2.4000000000000004,0,0,0,2.1,0.0000,0.0000
2017,2,5,19,30,-2.4000000000000004,0,0,0,2.4000000000000004,0.0000,0.0000
2017,2,5,20,0,-2.4000000000000004,0,0,0,2.8000000000000003,0.0000,0.0000
2017,2,5,20,30,-2.4000000000000004,0,0,0,3,0.0000,0.0000
2017,2,5,21,0,-2.4000000000000004,0,0,0,3.2,0.0000,0.0000
2017,2,5,21,30,-2.5,0,0,0,3.1,0.0000,0.0000
2017,2,5,22,0,-2.7,0,0,0,3.1,0.0000,0.0000
2017,2,5,22,30,-2.8000000000000003,0,0,0,3.1,0.0000,0.0000
2017,2,5,23,0,-3,0,0,0,3.1,0.0000,0.0000
2017,2,5,23,30,-3.1,0,0,0,3,0.0000,0.0000
2017,2,6,0,0,-3.2,0,0,0,3,0.0000,0.0000
2017,2,6,0,30,-3.3000000000000003,0,0,0,3,0.0000,0.0000
2017,2,6,1,0,-3.4000000000000004,0,0,0,3,0.0000,0.0000
2017,2,6,1,30,-3.5,0,0,0,3,0.0000,0.0000
2017,2,6,2,0,-3.6,0,0,0,3,0.0000,0.0000
2017,2,6,2,30,-3.6,0,0,0,3,0.0000,0.0000
2017,2,6,3,0,-3.6,0,0,0,3.1,0.0000,0.0000
2017,2,6,3,30,-3.6,0,0,0,3,0.0000,0.0000
2017,2,6,4,0,-3.6,0,0,0,2.9000000000000004,0.0000,0.0000
2017,2,6,4,30,-3.6,0,0,0,2.8000000000000003,0.0000,0.0000
2017,2,6,5,0,-3.7,0,0,0,2.7,0.0000,0.0000
2017,2,6,5,30,-3.6,0,0,0,2.7,0.0000,0.0000
2017,2,6,6,0,-3.6,0,0,0,2.6,0.0000,0.0000
2017,2,6,6,30,-3.5,0,0,0,2.7,0.0000,0.0000
2017,2,6,7,0,-3.3000000000000003,0,0,0,2.7,0.0000,0.0000
2017,2,6,7,30,-2.2,0,0,0,3.2,0.0000,0.0000
2017,2,6,8,0,-1,19,0,19,3.8000000000000003,0.0000,0.0000
2017,2,6,8,30,0.2,46,2,47,3.9000000000000004,0.0000,0.0000
2017,2,6,9,0,1.4000000000000001,99,14,102,4.1000000000000005,4.9257,3.7748
2017,2,6,9,30,2.6,145,38,156,4,7.8297,6.0453
2017,2,6,10,0,3.9000000000000004,195,220,277,3.8000000000000003,14.4071,11.1804
2017,2,6,10,30,5.2,168,454,363,3.8000000000000003,19.4089,15.1114
2017,2,6,11,0,6.5,201,401,391,3.8000000000000003,21.3295,16.6419
2017,2,6,11,30,7.2,240,306,396,3.7,21.9028,17.1121
2017,2,6,12,0,8,271,89,318,3.7,17.7384,13.8694
2017,2,6,12,30,8.1,186,9,191,3.4000000000000004,10.6960,8.3660
2017,2,6,13,0,8.1,119,1,120,3.1,6.7169,5.2535
2017,2,6,13,30,8.3,222,25,235,3,13.0904,10.2339
2017,2,6,14,0,8.4,273,157,351,2.8000000000000003,19.3646,15.1254
2017,2,6,14,30,7.7,230,310,374,2.3000000000000003,20.3259,15.8528
2017,2,6,15,0,7.1000000000000005,221,212,310,1.7000000000000002,16.4881,12.8298
2017,2,6,15,30,5.7,200,102,237,1.6,12.2404,9.4903
2017,2,6,16,0,4.3,137,32,146,1.5,7.2652,5.6015
2017,2,6,16,30,3.6,59,2,59,1.6,2.8306,2.1652
2017,2,6,17,0,2.9000000000000004,31,0,31,1.7000000000000002,0.0000,0.0000
2017,2,6,17,30,2.7,10,0,10,1.8,0.0000,0.0000
2017,2,6,18,0,2.5,0,0,0,1.8,0.0000,0.0000
2017,2,6,18,30,2.4000000000000004,0,0,0,1.7000000000000002,0.0000,0.0000
2017,2,6,19,0,2.2,0,0,0,1.6,0.0000,0.0000
2017,2,6,19,30,2,0,0,0,1.4000000000000001,0.0000,0.0000
2017,2,6,20,0,1.9000000000000001,0,0,0,1.2000000000000002,0.0000,0.0000
2017,2,6,20,30,1.9000000000000001,0,0,0,1.1,0.0000,0.0000
2017,2,6,21,0,1.8,0,0,0,1,0.0000,0.0000
2017,2,6,21,30,1.7000000000000002,0,0,0,1,0.0000,0.0000
2017,2,6,22,0,1.6,0,0,0,0.9,0.0000,0.0000
2017,2,6,22,30,1.5,0,0,0,1.3,0.0000,0.0000
2017,2,6,23,0,1.4000000000000001,0,0,0,1.7000000000000002,0.0000,0.0000
2017,2,6,23,30,1.3,0,0,0,2.6,0.0000,0.0000
2017,2,7,0,0,1.2000000000000002,0,0,0,3.6,0.0000,0.0000
2017,2,7,0,30,0.8,0,0,0,4.2,0.0000,0.0000
2017,2,7,1,0,0.4,0,0,0,4.800000000000001,0.0000,0.0000
2017,2,7,1,30,-0.1,0,0,0,5,0.0000,0.0000
2017,2,7,2,0,-0.5,0,0,0,5.2,0.0000,0.0000
2017,2,7,2,30,-0.9,0,0,0,5.1000000000000005,0.0000,0.0000
2017,2,7,3,0,-1.3,0,0,0,5.1000000000000005,0.0000,0.0000
2017,2,7,3,30,-1.6,0,0,0,5.2,0.0000,0.0000
2017,2,7,4,0,-1.9000000000000001,0,0,0,5.2,0.0000,0.0000
2017,2,7,4,30,-2.1,0,0,0,5.300000000000001,0.0000,0.0000
2017,2,7,5,0,-2.3000000000000003,0,0,0,5.4,0.0000,0.0000
2017,2,7,5,30,-2.5,0,0,0,5.7,0.0000,0.0000
2017,2,7,6,0,-2.7,0,0,0,5.9,0.0000,0.0000
2017,2,7,6,30,-2.9000000000000004,0,0,0,6.1000000000000005,0.0000,0.0000
2017,2,7,7,0,-3.1,0,0,0,6.300000000000001,0.0000,0.0000
2017,2,7,7,30,-3.1,0,0,0,6.4,0.0000,0.0000
2017,2,7,8,0,-3,27,1,27,6.5,0.0000,0.0000
2017,2,7,8,30,-2.7,21,0,21,6.6000000000000005,0.0000,0.0000
2017,2,7,9,0,-2.4000000000000004,45,0,45,6.7,2.1769,1.6689
2017,2,7,9,30,-2.2,52,0,52,7.1000000000000005,2.6157,2.0203
2017,2,7,10,0,-1.9000000000000001,89,3,90,7.4,4.6913,3.6416
2017,2,7,10,30,-2,50,0,50,7.7,2.6788,2.0862
2017,2,7,11,0,-2,164,13,170,8,9.2907,7.2502
2017,2,7,11,30,-2.3000000000000003,116,2,117,8.200000000000001,6.4823,5.0653
2017,2,7,12,0,-2.5,226,3,227,8.3,12.6831,9.9182
2017,2,7,12,30,-2.8000000000000003,276,96,328,8.200000000000001,18.3970,14.3914
2017,2,7,13,0,-3.1,227,41,249,8.1,13.9596,10.9198
2017,2,7,13,30,-3.4000000000000004,273,162,359,8.1,20.0308,15.6622
2017,2,7,14,0,-3.8000000000000003,237,108,292,8.1,16.1385,12.6077
2017,2,7,14,30,-4.1000000000000005,224,123,282,8.1,15.3559,11.9789
2017,2,7,15,0,-4.4,211,224,305,8.1,16.2562,12.6523
2017,2,7,15,30,-4.7,181,292,287,7.7,14.8575,11.5229
2017,2,7,16,0,-4.9,164,166,213,7.300000000000001,10.6249,8.1953
2017,2,7,16,30,-5.300000000000001,82,10,84,6.800000000000001,4.0361,3.0887
2017,2,7,17,0,-5.7,57,1,57,6.4,0.0000,0.0000
2017,2,7,17,30,-5.800000000000001,16,0,16,6.1000000000000005,0.0000,0.0000
2017,2,7,18,0,-6,0,0,0,5.800000000000001,0.0000,0.0000
2017,2,7,18,30,-6.1000000000000005,0,0,0,5.5,0.0000,0.0000
2017,2,7,19,0,-6.1000000000000005,0,0,0,5.300000000000001,0.0000,0.0000
2017,2,7,19,30,-6.2,0,0,0,4.9,0.0000,0.0000
2017,2,7,20,0,-6.2,0,0,0,4.6000000000000005,0.0000,0.0000
2017,2,7,20,30,-6.4,0,0,0,4.6000000000000005,0.0000,0.0000
2017,2,7,21,0,-6.5,0,0,0,4.7,0.0000,0.0000
2017,2,7,21,30,-6.6000000000000005,0,0,0,4.7,0.0000,0.0000
2017,2,7,22,0,-6.800000000000001,0,0,0,4.7,0.0000,0.0000
2017,2,7,22,30,-7,0,0,0,4.7,0.0000,0.0000
2017,2,7,23,0,-7.300000000000001,0,0,0,4.800000000000001,0.0000,0.0000
2017,2,7,23,30,-7.6000000000000005,0,0,0,4.6000000000000005,0.0000,0.0000
2017,2,8,0,0,-7.800000000000001,0,0,0,4.4,0.0000,0.0000
2017,2,8,0,30,-8.1,0,0,0,4.4,0.0000,0.0000
2017,2,8,1,0,-8.3,0,0,0,4.5,0.0000,0.0000
2017,2,8,1,30,-8.6,0,0,0,4.5,0.0000,0.0000
2017,2,8,2,0,-8.8,0,0,0,4.5,0.0000,0.0000
2017,2,8,2,30,-9.1,0,0,0,4.6000000000000005,0.0000,0.0000
2017,2,8,3,0,-9.3,0,0,0,4.6000000000000005,0.0000,0.0000
2017,2,8,3,30,-9.600000000000001,0,0,0,4.7,0.0000,0.0000
2017,2,8,4,0,-9.9,0,0,0,4.800000000000001,0.0000,0.0000
2017,2,8,4,30,-10.100000000000001,0,0,0,4.9,0.0000,0.0000
2017,2,8,5,0,-10.3,0,0,0,5,0.0000,0.0000
2017,2,8,5,30,-10.5,0,0,0,5.1000000000000005,0.0000,0.0000
2017,2,8,6,0,-10.600000000000001,0,0,0,5.300000000000001,0.0000,0.0000
2017,2,8,6,30,-10.8,0,0,0,5.4,0.0000,0.0000
2017,2,8,7,0,-10.9,0,0,0,5.5,0.0000,0.0000
2017,2,8,7,30,-10.9,0,0,0,5.7,0.0000,0.0000
2017,2,8,8,0,-10.8,17,0,17,5.800000000000001,0.0000,0.0000
2017,2,8,8,30,-10.600000000000001,77,8,78,5.9,0.0000,0.0000
2017,2,8,9,0,-10.3,101,1,102,5.9,4.9434,3.7916
2017,2,8,9,30,-9.8,96,0,96,5.800000000000001,4.8407,3.7403
2017,2,8,10,0,-9.4,84,1,84,5.7,4.3883,3.4074
2017,2,8,10,30,-8.700000000000001,62,0,62,5.5,3.3284,2.5926
2017,2,8,11,0,-8,80,0,80,5.300000000000001,4.3800,3.4186
2017,2,8,11,30,-7.4,103,0,103,5.2,5.7162,4.4673
2017,2,8,12,0,-6.800000000000001,134,0,134,5.1000000000000005,7.4990,5.8651
2017,2,8,12,30,-6.4,141,0,141,4.9,7.9211,6.1973
2017,2,8,13,0,-6,121,0,121,4.7,6.7945,5.3157
2017,2,8,13,30,-5.800000000000001,83,967,602,4.5,33.6440,26.3103
2017,2,8,14,0,-5.6000000000000005,80,957,569,4.3,31.5037,24.6154
2017,2,8,14,30,-5.7,76,938,521,4.1000000000000005,28.4230,22.1765
2017,2,8,15,0,-5.800000000000001,81,884,458,3.9000000000000004,24.4633,19.0445
2017,2,8,15,30,-6.4,75,843,384,3.6,19.9267,15.4592
2017,2,8,16,0,-6.9,67,780,300,3.3000000000000003,15.0010,11.5753
2017,2,8,16,30,-8,56,692,211,3,10.1546,7.7747
2017,2,8,17,0,-9.1,42,550,121,2.7,0.0000,0.0000
2017,2,8,17,30,-9.8,23,309,40,2.5,0.0000,0.0000
2017,2,8,18,0,-10.5,0,0,0,2.2,0.0000,0.0000
2017,2,8,18,30,-10.9,0,0,0,2.3000000000000003,0.0000,0.0000
2017,2,8,19,0,-11.4,0,0,0,2.3000000000000003,0.0000,0.0000
2017,2,8,19,30,-11.700000000000001,0,0,0,2.3000000000000003,0.0000,0.0000
2017,2,8,20,0,-12,0,0,0,2.3000000000000003,0.0000,0.0000
2017,2,8,20,30,-12.200000000000001,0,0,0,2.2,0.0000,0.0000
2017,2,8,21,0,-12.4,0,0,0,2.1,0.0000,0.0000
2017,2,8,21,30,-12.5,0,0,0,2.1,0.0000,0.0000
2017,2,8,22,0,-12.5,0,0,0,2.1,0.0000,0.0000
2017,2,8,22,30,-12.4,0,0,0,2.2,0.0000,0.0000
2017,2,8,23,0,-12.4,0,0,0,2.3000000000000003,0.0000,0.0000
2017,2,8,23,30,-12.4,0,0,0,2.3000000000000003,0.0000,0.0000
2017,2,9,0,0,-12.4,0,0,0,2.3000000000000003,0.0000,0.0000
2017,2,9,0,30,-12.3,0,0,0,2.3000000000000003,0.0000,0.0000
2017,2,9,1,0,-12.200000000000001,0,0,0,2.4000000000000004,0.0000,0.0000
2017,2,9,1,30,-12,0,0,0,2.4000000000000004,0.0000,0.0000
2017,2,9,2,0,-11.8,0,0,0,2.4000000000000004,0.0000,0.0000
2017,2,9,2,30,-11.600000000000001,0,0,0,2.3000000000000003,0.0000,0.0000
2017,2,9,3,0,-11.3,0,0,0,2.2,0.0000,0.0000
2017,2,9,3,30,-11.200000000000001,0,0,0,1.9000000000000001,0.0000,0.0000
2017,2,9,4,0,-11,0,0,0,1.6,0.0000,0.0000
2017,2,9,4,30,-11.100000000000001,0,0,0,1.2000000000000002,0.0000,0.0000
2017,2,9,5,0,-11.200000000000001,0,0,0,0.8,0.0000,0.0000
2017,2,9,5,30,-11.3,0,0,0,0.7000000000000001,0.0000,0.0000
2017,2,9,6,0,-11.3,0,0,0,0.6000000000000001,0.0000,0.0000
2017,2,9,6,30,-11.200000000000001,0,0,0,0.6000000000000001,0.0000,0.0000
2017,2,9,7,0,-11,0,0,0,0.5,0.0000,0.0000
2017,2,9,7,30,-10.600000000000001,0,0,0,0.8,0.0000,0.0000
2017,2,9,8,0,-10.100000000000001,17,0,17,1,0.0000,0.0000
2017,2,9,8,30,-9.600000000000001,44,0,44,1.5,0.0000,0.0000
2017,2,9,9,0,-9.1,70,1,70,2,3.3994,2.6085
2017,2,9,9,30,-8.6,86,0,86,2.5,4.3465,3.3596
2017,2,9,10,0,-8,87,0,87,2.9000000000000004,4.5552,3.5379
2017,2,9,10,30,-7.300000000000001,116,0,116,3.4000000000000004,6.2397,4.8613
2017,2,9,11,0,-6.7,74,0,74,3.8000000000000003,4.0590,3.1687
2017,2,9,11,30,-6,189,0,189,4.2,10.5069,8.2127
2017,2,9,12,0,-5.2,99,900,590,4.6000000000000005,33.0720,25.8698
2017,2,9,12,30,-4.5,99,906,603,4.9,33.9291,26.5491
2017,2,9,13,0,-3.8000000000000003,97,911,602,5.2,33.8578,26.4923
2017,2,9,13,30,-3.3000000000000003,95,905,585,5.4,32.7482,25.6135
2017,2,9,14,0,-2.8000000000000003,89,897,551,5.7,30.5603,23.8822
2017,2,9,14,30,-2.4000000000000004,85,878,505,5.800000000000001,27.6024,21.5403
2017,2,9,15,0,-2.1,77,857,446,5.9,23.8710,18.5876
2017,2,9,15,30,-2.1,71,818,375,5.6000000000000005,19.5043,15.1360
2017,2,9,16,0,-2,60,771,295,5.300000000000001,14.7868,11.4145
2017,2,9,16,30,-2.7,51,686,207,5,9.9791,7.6439
2017,2,9,17,0,-3.4000000000000004,82,8,83,4.7,0.0000,0.0000
2017,2,9,17,30,-3.7,15,0,15,5,0.0000,0.0000
2017,2,9,18,0,-4.1000000000000005,0,0,0,5.2,0.0000,0.0000
2017,2,9,18,30,-4.3,0,0,0,5.4,0.0000,0.0000
2017,2,9,19,0,-4.5,0,0,0,5.5,0.0000,0.0000
2017,2,9,19,30,-4.7,0,0,0,5.4,0.0000,0.0000
2017,2,9,20,0,-4.800000000000001,0,0,0,5.4,0.0000,0.0000
2017,2,9,20,30,-5,0,0,0,5.2,0.0000,0.0000
2017,2,9,21,0,-5.2,0,0,0,4.9,0.0000,0.0000
2017,2,9,21,30,-5.2,0,0,0,4.9,0.0000,0.0000
2017,2,9,22,0,-5.2,0,0,0,4.9,0.0000,0.0000
2017,2,9,22,30,-5,0,0,0,5,0.0000,0.0000
2017,2,9,23,0,-4.800000000000001,0,0,0,5.1000000000000005,0.0000,0.0000
2017,2,9,23,30,-4.6000000000000005,0,0,0,5.300000000000001,0.0000,0.0000
2017,2,10,0,0,-4.3,0,0,0,5.4,0.0000,0.0000
2017,2,10,0,30,-3.7,0,0,0,5.800000000000001,0.0000,0.0000
2017,2,10,1,0,-3.1,0,0,0,6.2,0.0000,0.0000
2017,2,10,1,30,-2.9000000000000004,0,0,0,6.2,0.0000,0.0000
2017,2,10,2,0,-2.7,0,0,0,6.1000000000000005,0.0000,0.0000
2017,2,10,2,30,-2.7,0,0,0,5.800000000000001,0.0000,0.0000
2017,2,10,3,0,-2.6,0,0,0,5.5,0.0000,0.0000
2017,2,10,3,30,-2.5,0,0,0,5.2,0.0000,0.0000
2017,2,10,4,0,-2.5,0,0,0,4.9,0.0000,0.0000
2017,2,10,4,30,-2.4000000000000004,0,0,0,4.800000000000001,0.0000,0.0000
2017,2,10,5,0,-2.3000000000000003,0,0,0,4.7,0.0000,0.0000
2017,2,10,5,30,-2.4000000000000004,0,0,0,4.7,0.0000,0.0000
2017,2,10,6,0,-2.4000000000000004,0,0,0,4.6000000000000005,0.0000,0.0000
2017,2,10,6,30,-2.3000000000000003,0,0,0,4.6000000000000005,0.0000,0.0000
2017,2,10,7,0,-2.1,0,0,0,4.6000000000000005,0.0000,0.0000
2017,2,10,7,30,-1.3,0,0,0,4.7,0.0000,0.0000
2017,2,10,8,0,-0.4,28,1,28,4.9,0.0000,0.0000
2017,2,10,8,30,0.7000000000000001,38,0,38,4.4,0.0000,0.0000
2017,2,10,9,0,1.8,92,6,93,4,4.5252,3.4740
2017,2,10,9,30,3.1,100,3,101,3.6,5.1168,3.9565
2017,2,10,10,0,4.5,11,0,11,3.2,0.5772,0.4484
2017,2,10,10,30,6,236,63,264,3.1,14.2294,11.0884
2017,2,10,11,0,7.5,215,18,224,3.1,12.3091,9.6108
2017,2,10,11,30,8.9,219,1,219,3,12.1952,9.5338
2017,2,10,12,0,10.4,304,83,350,3,19.6506,15.3735
2017,2,10,12,30,11.4,316,156,404,2.9000000000000004,22.7673,17.8176
2017,2,10,13,0,12.4,299,266,448,2.8000000000000003,25.2359,19.7487
2017,2,10,13,30,12.8,275,332,456,2.5,25.5685,20.0009
2017,2,10,14,0,13.100000000000001,333,201,438,2.2,24.3347,19.0200
2017,2,10,14,30,12.700000000000001,306,195,400,1.6,21.9042,17.0967
2017,2,10,15,0,12.3,155,544,392,0.9,21.0246,16.3750
2017,2,10,15,30,11.5,150,441,316,1.1,16.4729,12.7872
2017,2,10,16,0,10.700000000000001,186,127,226,1.2000000000000002,11.3556,8.7693
2017,2,10,16,30,9.8,131,134,162,1.2000000000000002,7.8232,5.9952
2017,2,10,17,0,9,75,3,76,1.3,0.0000,0.0000
2017,2,10,17,30,8.5,27,0,27,1.3,0.0000,0.0000
2017,2,10,18,0,8,0,0,0,1.3,0.0000,0.0000
2017,2,10,18,30,7.5,0,0,0,1.3,0.0000,0.0000
2017,2,10,19,0,7,0,0,0,1.3,0.0000,0.0000
2017,2,10,19,30,6.800000000000001,0,0,0,1.3,0.0000,0.0000
2017,2,10,20,0,6.6000000000000005,0,0,0,1.4000000000000001,0.0000,0.0000
2017,2,10,20,30,5.9,0,0,0,1.5,0.0000,0.0000
2017,2,10,21,0,5.2,0,0,0,1.5,0.0000,0.0000
2017,2,10,21,30,4.1000000000000005,0,0,0,1.6,0.0000,0.0000
2017,2,10,22,0,3,0,0,0,1.7000000000000002,0.0000,0.0000
2017,2,10,22,30,2.5,0,0,0,1.8,0.0000,0.0000
2017,2,10,23,0,1.9000000000000001,0,0,0,1.9000000000000001,0.0000,0.0000
2017,2,10,23,30,1.8,0,0,0,2.2,0.0000,0.0000
2017,2,11,0,0,1.6,0,0,0,2.4000000000000004,0.0000,0.0000
2017,2,11,0,30,1.5,0,0,0,2.5,0.0000,0.0000
2017,2,11,1,0,1.3,0,0,0,2.7,0.0000,0.0000
2017,2,11,1,30,1.5,0,0,0,3,0.0000,0.0000
2017,2,11,2,0,1.6,0,0,0,3.3000000000000003,0.0000,0.0000
2017,2,11,2,30,1.7000000000000002,0,0,0,3.7,0.0000,0.0000
2017,2,11,3,0,1.7000000000000002,0,0,0,4,0.0000,0.0000
2017,2,11,3,30,1.5,0,0,0,4,0.0000,0.0000
2017,2,11,4,0,1.4000000000000001,0,0,0,4.1000000000000005,0.0000,0.0000
2017,2,11,4,30,1.2000000000000002,0,0,0,4,0.0000,0.0000
2017,2,11,5,0,1,0,0,0,3.9000000000000004,0.0000,0.0000
2017,2,11,5,30,0.9,0,0,0,3.7,0.0000,0.0000
2017,2,11,6,0,0.8,0,0,0,3.5,0.0000,0.0000
2017,2,11,6,30,0.7000000000000001,0,0,0,3.3000000000000003,0.0000,0.0000
2017,2,11,7,0,0.7000000000000001,0,0,0,3.1,0.0000,0.0000
2017,2,11,7,30,1.1,0,0,0,3,0.0000,0.0000
2017,2,11,8,0,1.5,33,3,33,2.9000000000000004,0.0000,0.0000
2017,2,11,8,30,2.2,56,5,57,2.7,0.0000,0.0000
2017,2,11,9,0,2.8000000000000003,58,2,59,2.6,2.8771,2.2098
2017,2,11,9,30,3.8000000000000003,159,172,215,2.6,10.9193,8.4462
2017,2,11,10,0,4.800000000000001,167,316,292,2.5,15.3569,11.9338
2017,2,11,10,30,6,178,390,354,2.7,19.1184,14.9013
2017,2,11,11,0,7.2,209,359,387,3,21.3056,16.6381
2017,2,11,11,30,8.200000000000001,244,273,389,3.2,21.6989,16.9661
2017,2,11,12,0,9.200000000000001,232,38,253,3.4000000000000004,14.2279,11.1326
2017,2,11,12,30,9.8,186,13,194,3.4000000000000004,10.9501,8.5707
2017,2,11,13,0,10.5,240,77,283,3.5,15.9668,12.4967
2017,2,11,13,30,10.700000000000001,226,370,430,3.6,24.1495,18.8936
2017,2,11,14,0,10.9,236,92,284,3.6,15.8054,12.3554
2017,2,11,14,30,10.600000000000001,163,10,168,3.7,9.2167,7.1952
2017,2,11,15,0,10.200000000000001,220,191,303,3.7,16.2847,12.6861
2017,2,11,15,30,8.9,188,138,241,3.3000000000000003,12.5924,9.7778
2017,2,11,16,0,7.5,156,112,191,2.9000000000000004,9.6211,7.4328
2017,2,11,16,30,5.9,64,4,64,3.1,3.0967,2.3743
2017,2,11,17,0,4.3,24,0,24,3.3000000000000003,0.0000,0.0000
2017,2,11,17,30,3.9000000000000004,8,0,8,3.9000000000000004,0.0000,0.0000
2017,2,11,18,0,3.5,0,0,0,4.5,0.0000,0.0000
2017,2,11,18,30,3.1,0,0,0,4.5,0.0000,0.0000
2017,2,11,19,0,2.6,0,0,0,4.4,0.0000,0.0000
2017,2,11,19,30,2.3000000000000003,0,0,0,4.2,0.0000,0.0000
2017,2,11,20,0,2,0,0,0,4,0.0000,0.0000
2017,2,11,20,30,1.8,0,0,0,3.8000000000000003,0.0000,0.0000
2017,2,11,21,0,1.7000000000000002,0,0,0,3.6,0.0000,0.0000
2017,2,11,21,30,1.6,0,0,0,3.5,0.0000,0.0000
2017,2,11,22,0,1.5,0,0,0,3.3000000000000003,0.0000,0.0000
2017,2,11,22,30,1.5,0,0,0,3.5,0.0000,0.0000
2017,2,11,23,0,1.5,0,0,0,3.6,0.0000,0.0000
2017,2,11,23,30,1.7000000000000002,0,0,0,4.3,0.0000,0.0000
2017,2,12,0,0,1.9000000000000001,0,0,0,5,0.0000,0.0000
2017,2,12,0,30,1.8,0,0,0,5.5,0.0000,0.0000
2017,2,12,1,0,1.7000000000000002,0,0,0,6,0.0000,0.0000
2017,2,12,1,30,1.2000000000000002,0,0,0,6,0.0000,0.0000
2017,2,12,2,0,0.6000000000000001,0,0,0,6.1000000000000005,0.0000,0.0000
2017,2,12,2,30,0.1,0,0,0,6.2,0.0000,0.0000
2017,2,12,3,0,-0.4,0,0,0,6.4,0.0000,0.0000
2017,2,12,3,30,-0.8,0,0,0,6.300000000000001,0.0000,0.0000
2017,2,12,4,0,-1.2000000000000002,0,0,0,6.2,0.0000,0.0000
2017,2,12,4,30,-1.6,0,0,0,5.9,0.0000,0.0000
2017,2,12,5,0,-2,0,0,0,5.6000000000000005,0.0000,0.0000
2017,2,12,5,30,-2.3000000000000003,0,0,0,5.300000000000001,0.0000,0.0000
2017,2,12,6,0,-2.7,0,0,0,5,0.0000,0.0000
2017,2,12,6,30,-2.9000000000000004,0,0,0,4.800000000000001,0.0000,0.0000
2017,2,12,7,0,-3.1,0,0,0,4.6000000000000005,0.0000,0.0000
2017,2,12,7,30,-2.1,0,0,0,4.7,0.0000,0.0000
2017,2,12,8,0,-1.2000000000000002,24,543,73,4.9,0.0000,0.0000
2017,2,12,8,30,0.2,35,717,162,4.9,7.7226,5.8862
2017,2,12,9,0,1.6,43,817,254,4.9,12.4141,9.5393
2017,2,12,9,30,3.2,49,883,342,5.5,17.4121,13.4733
2017,2,12,10,0,4.800000000000001,55,925,423,6.1000000000000005,22.2978,17.3324
2017,2,12,10,30,5.800000000000001,58,957,494,6.2,26.7338,20.8414
2017,2,12,11,0,6.7,60,968,546,6.2,30.1139,23.5209
2017,2,12,11,30,7.300000000000001,62,984,590,6.2,32.9665,25.7800
2017,2,12,12,0,8,71,980,620,6.2,34.9230,27.3294
2017,2,12,12,30,8.3,72,984,634,6.1000000000000005,35.8428,28.0580
2017,2,12,13,0,8.700000000000001,73,981,632,6,35.7146,27.9567
2017,2,12,13,30,8.700000000000001,72,976,614,5.800000000000001,34.5395,27.0262
2017,2,12,14,0,8.8,70,966,582,5.5,32.4457,25.3675
2017,2,12,14,30,8.6,68,948,535,5.1000000000000005,29.4060,22.9604
2017,2,12,15,0,8.5,64,924,475,4.7,25.5808,19.9323
2017,2,12,15,30,7.5,60,888,402,3.5,21.0532,16.3521
2017,2,12,16,0,6.5,54,840,320,2.4000000000000004,16.1581,12.4875
2017,2,12,16,30,4.4,47,764,231,1.9000000000000001,11.1990,8.5903
2017,2,12,17,0,2.3000000000000003,37,647,140,1.4000000000000001,0.0000,0.0000
2017,2,12,17,30,2.1,23,440,55,1.4000000000000001,0.0000,0.0000
2017,2,12,18,0,1.9000000000000001,0,0,0,1.4000000000000001,0.0000,0.0000
2017,2,12,18,30,2.1,0,0,0,1.2000000000000002,0.0000,0.0000
2017,2,12,19,0,2.3000000000000003,0,0,0,1,0.0000,0.0000
2017,2,12,19,30,2.2,0,0,0,0.9,0.0000,0.0000
2017,2,12,20,0,2.1,0,0,0,0.8,0.0000,0.0000
2017,2,12,20,30,1.4000000000000001,0,0,0,1.1,0.0000,0.0000
2017,2,12,21,0,0.6000000000000001,0,0,0,1.3,0.0000,0.0000
2017,2,12,21,30,-0.4,0,0,0,1.4000000000000001,0.0000,0.0000
2017,2,12,22,0,-1.4000000000000001,0,0,0,1.6,0.0000,0.0000
2017,2,12,22,30,-1.8,0,0,0,1.7000000000000002,0.0000,0.0000
2017,2,12,23,0,-2.2,0,0,0,1.7000000000000002,0.0000,0.0000
2017,2,12,23,30,-2.3000000000000003,0,0,0,1.9000000000000001,0.0000,0.0000
2017,2,13,0,0,-2.4000000000000004,0,0,0,2,0.0000,0.0000
2017,2,13,0,30,-2.4000000000000004,0,0,0,2,0.0000,0.0000
2017,2,13,1,0,-2.5,0,0,0,2.1,0.0000,0.0000
2017,2,13,1,30,-2.5,0,0,0,2.2,0.0000,0.0000
2017,2,13,2,0,-2.6,0,0,0,2.3000000000000003,0.0000,0.0000
2017,2,13,2,30,-2.6,0,0,0,2.4000000000000004,0.0000,0.0000
2017,2,13,3,0,-2.6,0,0,0,2.6,0.0000,0.0000
2017,2,13,3,30,-2.6,0,0,0,2.7,0.0000,0.0000
2017,2,13,4,0,-2.7,0,0,0,2.8000000000000003,0.0000,0.0000
2017,2,13,4,30,-2.7,0,0,0,3,0.0000,0.0000
2017,2,13,5,0,-2.7,0,0,0,3.1,0.0000,0.0000
2017,2,13,5,30,-2.7,0,0,0,3.3000000000000003,0.0000,0.0000
2017,2,13,6,0,-2.7,0,0,0,3.6,0.0000,0.0000
2017,2,13,6,30,-2.4000000000000004,0,0,0,3.8000000000000003,0.0000,0.0000
2017,2,13,7,0,-2.2,0,0,0,4.1000000000000005,0.0000,0.0000
2017,2,13,7,30,-1.1,0,0,0,4.5,0.0000,0.0000
2017,2,13,8,0,0,33,0,33,5,0.0000,0.0000
2017,2,13,8,30,1.3,98,15,101,4.800000000000001,4.8140,3.6703
2017,2,13,9,0,2.7,115,4,116,4.7,5.6824,4.3685
2017,2,13,9,30,4.4,105,9,108,4.9,5.5125,4.2671
2017,2,13,10,0,6.1000000000000005,186,13,192,5.2,10.1441,7.8873
2017,2,13,10,30,7.4,213,11,218,6,11.8212,9.2176
2017,2,13,11,0,8.700000000000001,192,484,437,6.7,24.1456,18.8625
2017,2,13,11,30,9.200000000000001,73,937,580,6.7,32.4633,25.3903
2017,2,13,12,0,9.700000000000001,79,935,607,6.800000000000001,34.2451,26.8026
2017,2,13,12,30,10.100000000000001,80,940,621,6.6000000000000005,35.1616,27.5284
2017,2,13,13,0,10.4,78,950,623,6.4,35.2602,27.6046
2017,2,13,13,30,10.5,168,629,520,6,29.2988,22.9287
2017,2,13,14,0,10.600000000000001,76,932,574,5.5,32.0540,25.0651
2017,2,13,14,30,10.3,258,277,396,4.7,21.8062,17.0295
2017,2,13,15,0,9.9,246,118,298,3.9000000000000004,16.0819,12.5336
2017,2,13,15,30,8.3,66,854,399,3,20.9437,16.2716
2017,2,13,16,0,6.800000000000001,170,175,226,2.1,11.4401,8.8447
2017,2,13,16,30,5.2,130,51,142,2,6.8981,5.2937
2017,2,13,17,0,3.6,82,26,86,1.9000000000000001,0.0000,0.0000
2017,2,13,17,30,3,34,6,35,2,0.0000,0.0000
2017,2,13,18,0,2.4000000000000004,0,0,0,2.1,0.0000,0.0000
2017,2,13,18,30,2,0,0,0,2.2,0.0000,0.0000
2017,2,13,19,0,1.6,0,0,0,2.3000000000000003,0.0000,0.0000
2017,2,13,19,30,1.2000000000000002,0,0,0,2.3000000000000003,0.0000,0.0000
2017,2,13,20,0,0.7000000000000001,0,0,0,2.3000000000000003,0.0000,0.0000
2017,2,13,20,30,0.5,0,0,0,2.4000000000000004,0.0000,0.0000
2017,2,13,21,0,0.30000000000000004,0,0,0,2.6,0.0000,0.0000
2017,2,13,21,30,0.30000000000000004,0,0,0,3,0.0000,0.0000
2017,2,13,22,0,0.30000000000000004,0,0,0,3.4000000000000004,0.0000,0.0000
2017,2,13,22,30,-0.1,0,0,0,3.9000000000000004,0.0000,0.0000
2017,2,13,23,0,-0.5,0,0,0,4.3,0.0000,0.0000
2017,2,13,23,30,-1,0,0,0,4.3,0.0000,0.0000
2017,2,14,0,0,-1.5,0,0,0,4.3,0.0000,0.0000
2017,2,14,0,30,-1.8,0,0,0,4,0.0000,0.0000
2017,2,14,1,0,-2.1,0,0,0,3.8000000000000003,0.0000,0.0000
2017,2,14,1,30,-2.4000000000000004,0,0,0,3.6,0.0000,0.0000
2017,2,14,2,0,-2.6,0,0,0,3.4000000000000004,0.0000,0.0000
2017,2,14,2,30,-2.7,0,0,0,3.6,0.0000,0.0000
2017,2,14,3,0,-2.7,0,0,0,3.8000000000000003,0.0000,0.0000
2017,2,14,3,30,-2.7,0,0,0,3.9000000000000004,0.0000,0.0000
2017,2,14,4,0,-2.7,0,0,0,4,0.0000,0.0000
2017,2,14,4,30,-2.7,0,0,0,4.1000000000000005,0.0000,0.0000
2017,2,14,5,0,-2.7,0,0,0,4.2,0.0000,0.0000
2017,2,14,5,30,-2.8000000000000003,0,0,0,4,0.0000,0.0000
2017,2,14,6,0,-2.8000000000000003,0,0,0,3.9000000000000004,0.0000,0.0000
2017,2,14,6,30,-2.7,0,0,0,3.9000000000000004,0.0000,0.0000
2017,2,14,7,0,-2.5,0,0,0,3.9000000000000004,0.0000,0.0000
2017,2,14,7,30,-1.3,0,0,0,4.3,0.0000,0.0000
2017,2,14,8,0,-0.2,44,7,44,4.6000000000000005,0.0000,0.0000
2017,2,14,8,30,1.2000000000000002,94,34,100,4.6000000000000005,4.7668,3.6356
2017,2,14,9,0,2.6,141,97,167,4.5,8.1996,6.3066
2017,2,14,9,30,4.2,180,190,245,4.9,12.5369,9.7078
2017,2,14,10,0,5.7,190,357,335,5.2,17.7392,13.7963
2017,2,14,10,30,6.800000000000001,187,446,394,5.4,21.4087,16.6970
2017,2,14,11,0,7.9,203,462,439,5.5,24.3005,18.9868
2017,2,14,11,30,8.6,209,480,471,5.800000000000001,26.4069,20.6566
2017,2,14,12,0,9.3,193,568,517,6.1000000000000005,29.2146,22.8685
2017,2,14,12,30,9.600000000000001,69,969,631,6.300000000000001,35.7833,28.0188
2017,2,14,13,0,9.9,69,969,630,6.6000000000000005,35.7120,27.9620
2017,2,14,13,30,9.8,68,964,613,6.800000000000001,34.5935,27.0759
2017,2,14,14,0,9.8,67,953,580,7,32.4432,25.3732
2017,2,14,14,30,9.4,65,942,537,7.1000000000000005,29.6245,23.1392
2017,2,14,15,0,9.1,62,917,477,7.1000000000000005,25.7928,20.1061
2017,2,14,15,30,8.3,58,881,405,6.6000000000000005,21.3066,16.5580
2017,2,14,16,0,7.6000000000000005,52,832,324,6,16.4401,12.7148
2017,2,14,16,30,5.6000000000000005,46,759,235,4.7,11.4395,8.7829
2017,2,14,17,0,3.6,36,664,147,3.5,0.0000,0.0000
2017,2,14,17,30,2.3000000000000003,23,471,61,3.3000000000000003,0.0000,0.0000
2017,2,14,18,0,1.1,0,0,0,3.1,0.0000,0.0000
2017,2,14,18,30,0.7000000000000001,0,0,0,3.5,0.0000,0.0000
2017,2,14,19,0,0.4,0,0,0,3.9000000000000004,0.0000,0.0000
2017,2,14,19,30,0.1,0,0,0,4.2,0.0000,0.0000
2017,2,14,20,0,-0.30000000000000004,0,0,0,4.5,0.0000,0.0000
2017,2,14,20,30,-0.7000000000000001,0,0,0,4.5,0.0000,0.0000
2017,2,14,21,0,-1.1,0,0,0,4.5,0.0000,0.0000
2017,2,14,21,30,-1.4000000000000001,0,0,0,4.4,0.0000,0.0000
2017,2,14,22,0,-1.7000000000000002,0,0,0,4.4,0.0000,0.0000
2017,2,14,22,30,-1.9000000000000001,0,0,0,4.4,0.0000,0.0000
2017,2,14,23,0,-2.1,0,0,0,4.3,0.0000,0.0000
2017,2,14,23,30,-2.3000000000000003,0,0,0,4.2,0.0000,0.0000
2017,2,15,0,0,-2.4000000000000004,0,0,0,4.1000000000000005,0.0000,0.0000
2017,2,15,0,30,-2.7,0,0,0,3.8000000000000003,0.0000,0.0000
2017,2,15,1,0,-2.9000000000000004,0,0,0,3.6,0.0000,0.0000
2017,2,15,1,30,-3.2,0,0,0,3.4000000000000004,0.0000,0.0000
2017,2,15,2,0,-3.4000000000000004,0,0,0,3.2,0.0000,0.0000
2017,2,15,2,30,-3.6,0,0,0,3,0.0000,0.0000
2017,2,15,3,0,-3.7,0,0,0,2.9000000000000004,0.0000,0.0000
2017,2,15,3,30,-3.8000000000000003,0,0,0,2.8000000000000003,0.0000,0.0000
2017,2,15,4,0,-3.9000000000000004,0,0,0,2.7,0.0000,0.0000
2017,2,15,4,30,-4,0,0,0,2.5,0.0000,0.0000
2017,2,15,5,0,-4.1000000000000005,0,0,0,2.4000000000000004,0.0000,0.0000
2017,2,15,5,30,-4.2,0,0,0,2.2,0.0000,0.0000
2017,2,15,6,0,-4.2,0,0,0,2,0.0000,0.0000
2017,2,15,6,30,-3.9000000000000004,0,0,0,2.1,0.0000,0.0000
2017,2,15,7,0,-3.6,0,0,0,2.1,0.0000,0.0000
2017,2,15,7,30,-2.4000000000000004,0,0,0,2.4000000000000004,0.0000,0.0000
2017,2,15,8,0,-1.3,25,534,80,2.7,0.0000,0.0000
2017,2,15,8,30,0.1,35,695,167,2.4000000000000004,7.9633,6.0758
2017,2,15,9,0,1.4000000000000001,42,795,257,2.2,12.6505,9.7345
2017,2,15,9,30,2.6,47,859,344,1.9000000000000001,17.6468,13.6695
2017,2,15,10,0,3.7,50,905,422,1.7000000000000002,22.3976,17.4239
2017,2,15,10,30,4.800000000000001,52,936,491,1.7000000000000002,26.7332,20.8539
2017,2,15,11,0,5.9,55,958,548,1.7000000000000002,30.3905,23.7492
2017,2,15,11,30,6.800000000000001,56,967,588,1.9000000000000001,33.0213,25.8344
2017,2,15,12,0,7.7,70,957,619,2,35.0338,27.4274
2017,2,15,12,30,8.4,71,956,630,2.2,35.7829,28.0221
2017,2,15,13,0,9.200000000000001,73,950,628,2.4000000000000004,35.6533,27.9197
2017,2,15,13,30,9.700000000000001,72,945,611,2.5,34.5360,27.0346
2017,2,15,14,0,10.200000000000001,72,926,576,2.6,32.2741,25.2448
2017,2,15,14,30,10.5,69,909,530,2.6,29.2909,22.8825
2017,2,15,15,0,10.700000000000001,62,894,471,2.6,25.5199,19.8975
2017,2,15,15,30,9.9,59,859,401,2,21.1431,16.4353
2017,2,15,16,0,9.200000000000001,53,808,321,1.4000000000000001,16.3281,12.6328
2017,2,15,16,30,7,47,735,234,1.6,11.4159,8.7689
2017,2,15,17,0,4.800000000000001,37,623,144,1.7000000000000002,0.0000,0.0000
2017,2,15,17,30,4.1000000000000005,24,437,61,2,0.0000,0.0000
2017,2,15,18,0,3.5,0,0,0,2.4000000000000004,0.0000,0.0000
2017,2,15,18,30,3.6,0,0,0,2.7,0.0000,0.0000
2017,2,15,19,0,3.7,0,0,0,3.1,0.0000,0.0000
2017,2,15,19,30,3.6,0,0,0,3.3000000000000003,0.0000,0.0000
2017,2,15,20,0,3.6,0,0,0,3.6,0.0000,0.0000
2017,2,15,20,30,3.3000000000000003,0,0,0,3.7,0.0000,0.0000
2017,2,15,21,0,3.1,0,0,0,3.8000000000000003,0.0000,0.0000
2017,2,15,21,30,2.6,0,0,0,3.7,0.0000,0.0000
2017,2,15,22,0,2.2,0,0,0,3.7,0.0000,0.0000
2017,2,15,22,30,1.9000000000000001,0,0,0,3.8000000000000003,0.0000,0.0000
2017,2,15,23,0,1.6,0,0,0,3.9000000000000004,0.0000,0.0000
2017,2,15,23,30,1.3,0,0,0,3.9000000000000004,0.0000,0.0000
2017,2,16,0,0,1,0,0,0,3.9000000000000004,0.0000,0.0000
2017,2,16,0,30,0.7000000000000001,0,0,0,3.9000000000000004,0.0000,0.0000
2017,2,16,1,0,0.5,0,0,0,3.9000000000000004,0.0000,0.0000
2017,2,16,1,30,0.2,0,0,0,3.9000000000000004,0.0000,0.0000
2017,2,16,2,0,-0.1,0,0,0,3.9000000000000004,0.0000,0.0000
2017,2,16,2,30,-0.2,0,0,0,3.9000000000000004,0.0000,0.0000
2017,2,16,3,0,-0.4,0,0,0,3.9000000000000004,0.0000,0.0000
2017,2,16,3,30,-0.6000000000000001,0,0,0,3.9000000000000004,0.0000,0.0000
2017,2,16,4,0,-0.7000000000000001,0,0,0,3.9000000000000004,0.0000,0.0000
2017,2,16,4,30,-1.1,0,0,0,3.6,0.0000,0.0000
2017,2,16,5,0,-1.4000000000000001,0,0,0,3.3000000000000003,0.0000,0.0000
2017,2,16,5,30,-1.3,0,0,0,3.4000000000000004,0.0000,0.0000
2017,2,16,6,0,-1.2000000000000002,0,0,0,3.4000000000000004,0.0000,0.0000
2017,2,16,6,30,-0.9,0,0,0,3.3000000000000003,0.0000,0.0000
2017,2,16,7,0,-0.6000000000000001,0,0,0,3.1,0.0000,0.0000
2017,2,16,7,30,0.6000000000000001,6,0,6,3.3000000000000003,0.0000,0.0000
2017,2,16,8,0,1.8,46,1,46,3.5,0.0000,0.0000
2017,2,16,8,30,3.2,101,143,129,3.2,6.1549,4.6978
2017,2,16,9,0,4.6000000000000005,88,7,90,2.9000000000000004,4.4410,3.4190
2017,2,16,9,30,6.300000000000001,111,549,304,2.7,15.6350,12.1154
2017,2,16,10,0,8,129,565,364,2.5,19.3632,15.0672
2017,2,16,10,30,9.9,156,555,419,2.6,22.8584,17.8348
2017,2,16,11,0,11.8,188,502,449,2.7,24.9445,19.4965
2017,2,16,11,30,13.200000000000001,276,128,347,3,19.5199,15.2738
2017,2,16,12,0,14.700000000000001,179,588,519,3.3000000000000003,29.4199,23.0354
2017,2,16,12,30,15.700000000000001,188,596,539,3.4000000000000004,30.6603,24.0136
2017,2,16,13,0,16.8,68,962,635,3.5,36.1068,28.2785
2017,2,16,13,30,17.5,67,953,615,3.5,34.8155,27.2570
2017,2,16,14,0,18.3,67,941,583,3.4000000000000004,32.7192,25.5966
2017,2,16,14,30,18.3,65,924,537,2.8000000000000003,29.7303,23.2296
2017,2,16,15,0,18.2,62,899,478,2.1,25.9508,20.2376
2017,2,16,15,30,16.8,58,869,409,1.6,21.6124,16.8045
2017,2,16,16,0,15.4,53,822,328,1.2000000000000002,16.7252,12.9446
2017,2,16,16,30,13.4,47,750,240,1.4000000000000001,11.7340,9.0173
2017,2,16,17,0,11.3,38,641,150,1.7000000000000002,7.1511,5.4502
2017,2,16,17,30,10,25,458,65,1.8,0.0000,0.0000
2017,2,16,18,0,8.700000000000001,0,0,0,1.9000000000000001,0.0000,0.0000
2017,2,16,18,30,8.200000000000001,0,0,0,2.1,0.0000,0.0000
2017,2,16,19,0,7.7,0,0,0,2.3000000000000003,0.0000,0.0000
2017,2,16,19,30,7.4,0,0,0,2.4000000000000004,0.0000,0.0000
2017,2,16,20,0,7.1000000000000005,0,0,0,2.6,0.0000,0.0000
2017,2,16,20,30,6.800000000000001,0,0,0,2.7,0.0000,0.0000
2017,2,16,21,0,6.4,0,0,0,2.8000000000000003,0.0000,0.0000
2017,2,16,21,30,6,0,0,0,2.8000000000000003,0.0000,0.0000
2017,2,16,22,0,5.6000000000000005,0,0,0,2.8000000000000003,0.0000,0.0000
2017,2,16,22,30,5.1000000000000005,0,0,0,2.7,0.0000,0.0000
2017,2,16,23,0,4.7,0,0,0,2.7,0.0000,0.0000
2017,2,16,23,30,4.3,0,0,0,2.6,0.0000,0.0000
2017,2,17,0,0,3.9000000000000004,0,0,0,2.6,0.0000,0.0000
2017,2,17,0,30,3.5,0,0,0,2.5,0.0000,0.0000
2017,2,17,1,0,3.2,0,0,0,2.5,0.0000,0.0000
2017,2,17,1,30,2.8000000000000003,0,0,0,2.4000000000000004,0.0000,0.0000
2017,2,17,2,0,2.5,0,0,0,2.4000000000000004,0.0000,0.0000
2017,2,17,2,30,2.1,0,0,0,2.4000000000000004,0.0000,0.0000
2017,2,17,3,0,1.7000000000000002,0,0,0,2.3000000000000003,0.0000,0.0000
2017,2,17,3,30,1.3,0,0,0,2.3000000000000003,0.0000,0.0000
2017,2,17,4,0,1,0,0,0,2.3000000000000003,0.0000,0.0000
2017,2,17,4,30,0.6000000000000001,0,0,0,2.3000000000000003,0.0000,0.0000
2017,2,17,5,0,0.30000000000000004,0,0,0,2.4000000000000004,0.0000,0.0000
2017,2,17,5,30,0.1,0,0,0,2.5,0.0000,0.0000
2017,2,17,6,0,-0.1,0,0,0,2.5,0.0000,0.0000
2017,2,17,6,30,0.30000000000000004,0,0,0,2.7,0.0000,0.0000
2017,2,17,7,0,0.7000000000000001,0,0,0,3,0.0000,0.0000
2017,2,17,7,30,2.3000000000000003,12,286,18,3.5,0.0000,0.0000
2017,2,17,8,0,3.9000000000000004,57,8,58,4.1000000000000005,0.0000,0.0000
2017,2,17,8,30,5.300000000000001,99,233,145,4.1000000000000005,6.9240,5.2872
2017,2,17,9,0,6.7,41,830,274,4,13.5553,10.4405
2017,2,17,9,30,8.5,46,891,362,3.9000000000000004,18.6655,14.4686
2017,2,17,10,0,10.3,49,933,442,3.8000000000000003,23.5652,18.3415
2017,2,17,10,30,12.4,52,962,512,4,27.9885,21.8419
2017,2,17,11,0,14.5,54,975,566,4.1000000000000005,31.5012,24.6253
2017,2,17,11,30,15.9,55,989,610,4.3,34.3714,26.8985
2017,2,17,12,0,17.400000000000002,64,988,641,4.5,36.3930,28.4990
2017,2,17,12,30,18.2,65,992,655,4.5,37.3156,29.2298
2017,2,17,13,0,19,65,992,653,4.6000000000000005,37.1856,29.1269
2017,2,17,13,30,19.200000000000003,64,980,632,4.4,35.8336,28.0577
2017,2,17,14,0,19.5,63,970,599,4.3,33.6725,26.3462
2017,2,17,14,30,19.1,61,948,550,4.1000000000000005,30.5031,23.8374
2017,2,17,15,0,18.7,59,923,490,3.8000000000000003,26.6528,20.7892
2017,2,17,15,30,17.2,56,889,418,3,22.1360,17.2160
2017,2,17,16,0,15.700000000000001,52,834,335,2.2,17.1222,13.2563
2017,2,17,16,30,13.200000000000001,46,765,247,1.9000000000000001,12.1028,9.3048
2017,2,17,17,0,10.700000000000001,38,650,154,1.7000000000000002,7.3402,5.5959
2017,2,17,17,30,9.4,25,469,68,1.7000000000000002,0.0000,0.0000
2017,2,17,18,0,8.200000000000001,0,0,0,1.8,0.0000,0.0000
2017,2,17,18,30,7.6000000000000005,0,0,0,1.9000000000000001,0.0000,0.0000
2017,2,17,19,0,7.1000000000000005,0,0,0,1.9000000000000001,0.0000,0.0000
2017,2,17,19,30,6.6000000000000005,0,0,0,2,0.0000,0.0000
2017,2,17,20,0,6.2,0,0,0,2.1,0.0000,0.0000
2017,2,17,20,30,5.6000000000000005,0,0,0,2.2,0.0000,0.0000
2017,2,17,21,0,5.1000000000000005,0,0,0,2.2,0.0000,0.0000
2017,2,17,21,30,4.6000000000000005,0,0,0,2.2,0.0000,0.0000
2017,2,17,22,0,4,0,0,0,2.2,0.0000,0.0000
2017,2,17,22,30,3.4000000000000004,0,0,0,2.2,0.0000,0.0000
2017,2,17,23,0,2.8000000000000003,0,0,0,2.1,0.0000,0.0000
2017,2,17,23,30,2.4000000000000004,0,0,0,2.1,0.0000,0.0000
2017,2,18,0,0,2,0,0,0,2,0.0000,0.0000
2017,2,18,0,30,1.7000000000000002,0,0,0,2,0.0000,0.0000
2017,2,18,1,0,1.3,0,0,0,2,0.0000,0.0000
2017,2,18,1,30,1.1,0,0,0,2,0.0000,0.0000
2017,2,18,2,0,0.8,0,0,0,2,0.0000,0.0000
2017,2,18,2,30,0.6000000000000001,0,0,0,2,0.0000,0.0000
2017,2,18,3,0,0.4,0,0,0,2,0.0000,0.0000
2017,2,18,3,30,0.6000000000000001,0,0,0,2.1,0.0000,0.0000
2017,2,18,4,0,0.7000000000000001,0,0,0,2.1,0.0000,0.0000
2017,2,18,4,30,0.7000000000000001,0,0,0,2,0.0000,0.0000
2017,2,18,5,0,0.7000000000000001,0,0,0,1.9000000000000001,0.0000,0.0000
2017,2,18,5,30,0.6000000000000001,0,0,0,1.8,0.0000,0.0000
2017,2,18,6,0,0.4,0,0,0,1.6,0.0000,0.0000
2017,2,18,6,30,0.6000000000000001,0,0,0,1.5,0.0000,0.0000
2017,2,18,7,0,0.7000000000000001,0,0,0,1.4000000000000001,0.0000,0.0000
2017,2,18,7,30,2.3000000000000003,11,1,11,1.5,0.0000,0.0000
2017,2,18,8,0,3.9000000000000004,58,7,59,1.7000000000000002,0.0000,0.0000
2017,2,18,8,30,4.9,113,100,133,1.8,6.3575,4.8568
2017,2,18,9,0,6,114,395,227,1.9000000000000001,11.2592,8.6761
2017,2,18,9,30,7.2,113,681,358,1.6,18.5074,14.3511
2017,2,18,10,0,8.3,56,901,440,1.4000000000000001,23.5122,18.3050
2017,2,18,10,30,10.4,59,926,507,1.4000000000000001,27.7704,21.6760
2017,2,18,11,0,12.4,61,949,564,1.4000000000000001,31.4473,24.5872
2017,2,18,11,30,13.8,63,964,607,1.5,34.2581,26.8137
2017,2,18,12,0,15.200000000000001,64,973,636,1.6,36.1653,28.3243
2017,2,18,12,30,15.700000000000001,64,977,650,1.5,37.0878,29.0551
2017,2,18,13,0,16.2,64,977,648,1.4000000000000001,36.9580,28.9523
2017,2,18,13,30,16.3,63,971,631,1.3,35.8333,28.0612
2017,2,18,14,0,16.5,63,955,596,1.3,33.5581,26.2604
2017,2,18,14,30,16.400000000000002,61,939,550,1.3,30.5573,23.8836
2017,2,18,15,0,16.3,59,915,490,1.4000000000000001,26.7045,20.8335
2017,2,18,15,30,15.5,130,631,390,1.2000000000000002,20.6992,16.1026
2017,2,18,16,0,14.700000000000001,141,386,273,0.9,13.9872,10.8328
2017,2,18,16,30,12.9,113,330,201,1.1,9.8717,7.5930
2017,2,18,17,0,11.100000000000001,38,647,157,1.3,7.4834,5.7069
2017,2,18,17,30,9.8,44,12,45,1.5,0.0000,0.0000
2017,2,18,18,0,8.5,0,0,0,1.6,0.0000,0.0000
2017,2,18,18,30,7.800000000000001,0,0,0,1.6,0.0000,0.0000
2017,2,18,19,0,7.1000000000000005,0,0,0,1.7000000000000002,0.0000,0.0000
2017,2,18,19,30,6.7,0,0,0,1.8,0.0000,0.0000
2017,2,18,20,0,6.4,0,0,0,1.8,0.0000,0.0000
2017,2,18,20,30,6.1000000000000005,0,0,0,1.9000000000000001,0.0000,0.0000
2017,2,18,21,0,5.9,0,0,0,1.9000000000000001,0.0000,0.0000
2017,2,18,21,30,5.300000000000001,0,0,0,2,0.0000,0.0000
2017,2,18,22,0,4.800000000000001,0,0,0,2.1,0.0000,0.0000
2017,2,18,22,30,4.9,0,0,0,2.2,0.0000,0.0000
2017,2,18,23,0,4.9,0,0,0,2.4000000000000004,0.0000,0.0000
2017,2,18,23,30,4.800000000000001,0,0,0,2.4000000000000004,0.0000,0.0000
2017,2,19,0,0,4.7,0,0,0,2.4000000000000004,0.0000,0.0000
2017,2,19,0,30,4.7,0,0,0,2.5,0.0000,0.0000
2017,2,19,1,0,4.7,0,0,0,2.6,0.0000,0.0000
2017,2,19,1,30,4.5,0,0,0,2.5,0.0000,0.0000
2017,2,19,2,0,4.4,0,0,0,2.5,0.0000,0.0000
2017,2,19,2,30,4.1000000000000005,0,0,0,2.4000000000000004,0.0000,0.0000
2017,2,19,3,0,3.8000000000000003,0,0,0,2.3000000000000003,0.0000,0.0000
2017,2,19,3,30,3.4000000000000004,0,0,0,2.2,0.0000,0.0000
2017,2,19,4,0,3.1,0,0,0,2.1,0.0000,0.0000
2017,2,19,4,30,3,0,0,0,2.1,0.0000,0.0000
2017,2,19,5,0,2.9000000000000004,0,0,0,2.1,0.0000,0.0000
2017,2,19,5,30,3.2,0,0,0,2.1,0.0000,0.0000
2017,2,19,6,0,3.6,0,0,0,2.1,0.0000,0.0000
2017,2,19,6,30,4.2,0,0,0,2.5,0.0000,0.0000
2017,2,19,7,0,4.800000000000001,0,0,0,2.9000000000000004,0.0000,0.0000
2017,2,19,7,30,5.2,6,0,6,3.4000000000000004,0.0000,0.0000
2017,2,19,8,0,5.6000000000000005,48,5,48,3.8000000000000003,0.0000,0.0000
2017,2,19,8,30,6.4,93,30,99,4.1000000000000005,4.7383,3.6215
2017,2,19,9,0,7.2,142,164,190,4.4,9.4494,7.2849
2017,2,19,9,30,8.8,157,357,287,4.9,14.8753,11.5386
2017,2,19,10,0,10.3,210,275,329,5.300000000000001,17.6216,13.7225
2017,2,19,10,30,11.5,259,116,315,5.6000000000000005,17.2887,13.4972
2017,2,19,11,0,12.700000000000001,271,262,411,5.9,22.9576,17.9524
2017,2,19,11,30,13.3,260,308,436,6,24.6478,19.2944
2017,2,19,12,0,14,281,365,498,6.2,28.3627,22.2163
2017,2,19,12,30,14.4,196,575,543,6.2,31.0296,24.3120
2017,2,19,13,0,14.9,294,316,484,6.300000000000001,27.6453,21.6595
2017,2,19,13,30,15.100000000000001,294,296,468,6.2,26.6169,20.8464
2017,2,19,14,0,15.4,259,297,426,6.1000000000000005,24.0244,18.8025
2017,2,19,14,30,15.5,251,334,427,5.9,23.7650,18.5777
2017,2,19,15,0,15.600000000000001,205,391,391,5.7,21.3512,16.6604
2017,2,19,15,30,15.4,192,363,343,5.300000000000001,18.2433,14.1955
2017,2,19,16,0,15.200000000000001,181,209,253,4.9,12.9936,10.0667
2017,2,19,16,30,14.200000000000001,130,43,141,4.4,6.9405,5.3407
2017,2,19,17,0,13.100000000000001,90,38,97,3.8000000000000003,4.6247,3.5279
2017,2,19,17,30,12.5,40,4,41,3.9000000000000004,0.0000,0.0000
2017,2,19,18,0,11.9,0,0,0,4,0.0000,0.0000
2017,2,19,18,30,11.8,0,0,0,4.2,0.0000,0.0000
2017,2,19,19,0,11.700000000000001,0,0,0,4.5,0.0000,0.0000
2017,2,19,19,30,11.5,0,0,0,4.6000000000000005,0.0000,0.0000
2017,2,19,20,0,11.3,0,0,0,4.7,0.0000,0.0000
2017,2,19,20,30,11.100000000000001,0,0,0,4.800000000000001,0.0000,0.0000
2017,2,19,21,0,10.9,0,0,0,5,0.0000,0.0000
2017,2,19,21,30,10.8,0,0,0,5.1000000000000005,0.0000,0.0000
2017,2,19,22,0,10.600000000000001,0,0,0,5.1000000000000005,0.0000,0.0000
2017,2,19,22,30,10.600000000000001,0,0,0,5.1000000000000005,0.0000,0.0000
2017,2,19,23,0,10.600000000000001,0,0,0,5,0.0000,0.0000
2017,2,19,23,30,10.600000000000001,0,0,0,4.9,0.0000,0.0000
2017,2,20,0,0,10.600000000000001,0,0,0,4.9,0.0000,0.0000
2017,2,20,0,30,10.600000000000001,0,0,0,4.800000000000001,0.0000,0.0000
2017,2,20,1,0,10.600000000000001,0,0,0,4.7,0.0000,0.0000
2017,2,20,1,30,10.4,0,0,0,4.3,0.0000,0.0000
2017,2,20,2,0,10.3,0,0,0,4,0.0000,0.0000
2017,2,20,2,30,10.100000000000001,0,0,0,3.7,0.0000,0.0000
2017,2,20,3,0,10,0,0,0,3.5,0.0000,0.0000
2017,2,20,3,30,9.700000000000001,0,0,0,3,0.0000,0.0000
2017,2,20,4,0,9.5,0,0,0,2.5,0.0000,0.0000
2017,2,20,4,30,9.200000000000001,0,0,0,2.2,0.0000,0.0000
2017,2,20,5,0,9,0,0,0,1.9000000000000001,0.0000,0.0000
2017,2,20,5,30,8.700000000000001,0,0,0,1.7000000000000002,0.0000,0.0000
2017,2,20,6,0,8.5,0,0,0,1.6,0.0000,0.0000
2017,2,20,6,30,8.8,0,0,0,1.3,0.0000,0.0000
2017,2,20,7,0,9,0,0,0,1.1,0.0000,0.0000
2017,2,20,7,30,9.9,6,0,6,1.6,0.0000,0.0000
2017,2,20,8,0,10.700000000000001,16,0,16,2.1,0.0000,0.0000
2017,2,20,8,30,11.3,47,1,47,2.5,2.2526,1.7225
2017,2,20,9,0,11.9,99,9,102,2.8000000000000003,5.0866,3.9232
2017,2,20,9,30,12.3,175,34,188,3.2,9.7690,7.5802
2017,2,20,10,0,12.700000000000001,103,2,104,3.7,5.5827,4.3485
2017,2,20,10,30,13,34,0,34,3.8000000000000003,1.8698,1.4600
2017,2,20,11,0,13.3,148,4,150,4,8.3935,6.5646
2017,2,20,11,30,13.5,206,15,215,4,12.1746,9.5317
2017,2,20,12,0,13.700000000000001,125,1,125,4,7.1302,5.5857
2017,2,20,12,30,13.9,189,7,194,4.1000000000000005,11.1026,8.7000
2017,2,20,13,0,14,206,9,212,4.2,12.1273,9.5026
2017,2,20,13,30,14.200000000000001,168,5,171,4.3,9.7402,7.6296
2017,2,20,14,0,14.3,207,18,217,4.5,12.2576,9.5946
2017,2,20,14,30,14.200000000000001,144,6,147,4.3,8.1955,6.4076
2017,2,20,15,0,14.100000000000001,233,78,271,4.1000000000000005,14.8263,11.5712
2017,2,20,15,30,13.700000000000001,204,77,237,3.9000000000000004,12.6328,9.8323
2017,2,20,16,0,13.200000000000001,131,526,316,3.6,16.2679,12.6075
2017,2,20,16,30,11.9,51,728,252,3.4000000000000004,12.4338,9.5720
2017,2,20,17,0,10.600000000000001,98,12,100,3.1,4.7698,3.6400
2017,2,20,17,30,9.5,29,460,77,3.2,0.0000,0.0000
2017,2,20,18,0,8.4,0,0,0,3.3000000000000003,0.0000,0.0000
2017,2,20,18,30,7.7,0,0,0,3.1,0.0000,0.0000
2017,2,20,19,0,6.9,0,0,0,2.9000000000000004,0.0000,0.0000
2017,2,20,19,30,6,0,0,0,2.5,0.0000,0.0000
2017,2,20,20,0,5.1000000000000005,0,0,0,2.1,0.0000,0.0000
2017,2,20,20,30,4.6000000000000005,0,0,0,1.9000000000000001,0.0000,0.0000
2017,2,20,21,0,4.1000000000000005,0,0,0,1.7000000000000002,0.0000,0.0000
2017,2,20,21,30,4.4,0,0,0,1.5,0.0000,0.0000
2017,2,20,22,0,4.7,0,0,0,1.3,0.0000,0.0000
2017,2,20,22,30,5,0,0,0,1.1,0.0000,0.0000
2017,2,20,23,0,5.4,0,0,0,0.9,0.0000,0.0000
2017,2,20,23,30,5.5,0,0,0,0.8,0.0000,0.0000
2017,2,21,0,0,5.6000000000000005,0,0,0,0.6000000000000001,0.0000,0.0000
2017,2,21,0,30,5.4,0,0,0,0.7000000000000001,0.0000,0.0000
2017,2,21,1,0,5.1000000000000005,0,0,0,0.8,0.0000,0.0000
2017,2,21,1,30,4.6000000000000005,0,0,0,1,0.0000,0.0000
2017,2,21,2,0,4.1000000000000005,0,0,0,1.1,0.0000,0.0000
2017,2,21,2,30,3.3000000000000003,0,0,0,1.3,0.0000,0.0000
2017,2,21,3,0,2.6,0,0,0,1.5,0.0000,0.0000
2017,2,21,3,30,1.9000000000000001,0,0,0,1.7000000000000002,0.0000,0.0000
2017,2,21,4,0,1.2000000000000002,0,0,0,1.9000000000000001,0.0000,0.0000
2017,2,21,4,30,1,0,0,0,2.1,0.0000,0.0000
2017,2,21,5,0,0.9,0,0,0,2.3000000000000003,0.0000,0.0000
2017,2,21,5,30,0.9,0,0,0,2.4000000000000004,0.0000,0.0000
2017,2,21,6,0,0.9,0,0,0,2.5,0.0000,0.0000
2017,2,21,6,30,1.5,0,0,0,2.7,0.0000,0.0000
2017,2,21,7,0,2.2,0,0,0,2.9000000000000004,0.0000,0.0000
2017,2,21,7,30,4.2,16,267,27,3.7,0.0000,0.0000
2017,2,21,8,0,6.1000000000000005,68,16,70,4.6000000000000005,0.0000,0.0000
2017,2,21,8,30,7.6000000000000005,46,674,193,4.7,9.2654,7.0888
2017,2,21,9,0,9,54,763,283,4.7,14.1523,10.9206
2017,2,21,9,30,10.9,61,826,370,4.9,19.2766,14.9625
2017,2,21,10,0,12.8,65,871,450,5,24.2107,18.8628
2017,2,21,10,30,14.700000000000001,69,907,521,5.7,28.7098,22.4223
2017,2,21,11,0,16.7,69,934,579,6.4,32.4570,25.3889
2017,2,21,11,30,17.7,71,949,622,6.5,35.2778,27.6232
2017,2,21,12,0,18.8,66,973,654,6.5,37.3617,29.2725
2017,2,21,12,30,19.5,66,977,667,6.6000000000000005,38.2283,29.9594
2017,2,21,13,0,20.1,61,983,664,6.6000000000000005,38.0379,29.8090
2017,2,21,13,30,20.400000000000002,61,978,647,6.6000000000000005,36.9088,28.9143
2017,2,21,14,0,20.700000000000003,58,970,614,6.5,34.7364,27.1935
2017,2,21,14,30,20.6,57,955,567,6,31.6648,24.7608
2017,2,21,15,0,20.5,53,935,507,5.5,27.7892,21.6921
2017,2,21,15,30,19.5,50,899,433,4.800000000000001,23.1279,18.0049
2017,2,21,16,0,18.5,47,854,352,4.1000000000000005,18.1641,14.0814
2017,2,21,16,30,16.5,42,790,263,3.8000000000000003,13.0063,10.0170
2017,2,21,17,0,14.5,36,690,172,3.5,8.2093,6.2671
2017,2,21,17,30,13.5,26,529,83,3.6,0.0000,0.0000
2017,2,21,18,0,12.600000000000001,10,237,15,3.7,0.0000,0.0000
2017,2,21,18,30,12.200000000000001,0,0,0,3.8000000000000003,0.0000,0.0000
2017,2,21,19,0,11.8,0,0,0,3.8000000000000003,0.0000,0.0000
2017,2,21,19,30,11.4,0,0,0,3.8000000000000003,0.0000,0.0000
2017,2,21,20,0,11,0,0,0,3.8000000000000003,0.0000,0.0000
2017,2,21,20,30,10.700000000000001,0,0,0,4,0.0000,0.0000
2017,2,21,21,0,10.4,0,0,0,4.1000000000000005,0.0000,0.0000
2017,2,21,21,30,10.100000000000001,0,0,0,4.3,0.0000,0.0000
2017,2,21,22,0,9.9,0,0,0,4.6000000000000005,0.0000,0.0000
2017,2,21,22,30,9.5,0,0,0,4.7,0.0000,0.0000
2017,2,21,23,0,9.200000000000001,0,0,0,4.9,0.0000,0.0000
2017,2,21,23,30,8.8,0,0,0,4.800000000000001,0.0000,0.0000
2017,2,22,0,0,8.4,0,0,0,4.800000000000001,0.0000,0.0000
2017,2,22,0,30,7.9,0,0,0,4.4,0.0000,0.0000
2017,2,22,1,0,7.4,0,0,0,4.1000000000000005,0.0000,0.0000
2017,2,22,1,30,6.9,0,0,0,3.8000000000000003,0.0000,0.0000
2017,2,22,2,0,6.4,0,0,0,3.6,0.0000,0.0000
2017,2,22,2,30,5.9,0,0,0,3.2,0.0000,0.0000
2017,2,22,3,0,5.4,0,0,0,2.8000000000000003,0.0000,0.0000
2017,2,22,3,30,5.1000000000000005,0,0,0,2.7,0.0000,0.0000
2017,2,22,4,0,4.800000000000001,0,0,0,2.6,0.0000,0.0000
2017,2,22,4,30,4.5,0,0,0,2.6,0.0000,0.0000
2017,2,22,5,0,4.3,0,0,0,2.7,0.0000,0.0000
2017,2,22,5,30,4.1000000000000005,0,0,0,2.7,0.0000,0.0000
2017,2,22,6,0,3.8000000000000003,0,0,0,2.7,0.0000,0.0000
2017,2,22,6,30,4.3,0,0,0,2.9000000000000004,0.0000,0.0000
2017,2,22,7,0,4.7,0,0,0,3.1,0.0000,0.0000
2017,2,22,7,30,6.4,16,324,30,3.7,0.0000,0.0000
2017,2,22,8,0,8.1,31,563,107,4.3,0.0000,0.0000
2017,2,22,8,30,9.8,41,706,198,4.6000000000000005,9.5220,7.2889
2017,2,22,9,0,11.4,48,795,290,4.800000000000001,14.5429,11.2271
2017,2,22,9,30,13,53,853,377,5.5,19.6920,15.2899
2017,2,22,10,0,14.700000000000001,56,901,458,6.1000000000000005,24.6978,19.2470
2017,2,22,10,30,15.8,59,929,527,6.2,29.0965,22.7285
2017,2,22,11,0,17,61,956,587,6.300000000000001,32.9635,25.7891
2017,2,22,11,30,17.7,62,969,630,6.2,35.7892,28.0275
2017,2,22,12,0,18.5,63,978,659,6,37.7037,29.5440
2017,2,22,12,30,18.900000000000002,64,982,672,5.9,38.5720,30.2323
2017,2,22,13,0,19.3,63,982,670,5.800000000000001,38.4388,30.1268
2017,2,22,13,30,19.3,62,977,652,5.800000000000001,37.2490,29.1843
2017,2,22,14,0,19.3,62,966,620,5.800000000000001,35.1308,27.5059
2017,2,22,14,30,18.900000000000002,60,946,570,5.800000000000001,31.8855,24.9371
2017,2,22,15,0,18.6,56,926,509,5.9,27.9499,21.8214
2017,2,22,15,30,17.6,53,895,438,5.6000000000000005,23.4445,18.2557
2017,2,22,16,0,16.6,49,851,356,5.300000000000001,18.4136,14.2793
2017,2,22,16,30,14.600000000000001,43,788,267,4.5,13.2346,10.1971
2017,2,22,17,0,12.600000000000001,36,688,174,3.8000000000000003,8.3115,6.3476
2017,2,22,17,30,11.100000000000001,26,531,86,3.6,0.0000,0.0000
2017,2,22,18,0,9.600000000000001,11,242,16,3.4000000000000004,0.0000,0.0000
2017,2,22,18,30,9,0,0,0,3.3000000000000003,0.0000,0.0000
2017,2,22,19,0,8.3,0,0,0,3.3000000000000003,0.0000,0.0000
2017,2,22,19,30,7.7,0,0,0,3.2,0.0000,0.0000
2017,2,22,20,0,7,0,0,0,3.1,0.0000,0.0000
2017,2,22,20,30,6.5,0,0,0,3.1,0.0000,0.0000
2017,2,22,21,0,6,0,0,0,3,0.0000,0.0000
2017,2,22,21,30,5.4,0,0,0,3.1,0.0000,0.0000
2017,2,22,22,0,4.9,0,0,0,3.1,0.0000,0.0000
2017,2,22,22,30,4.4,0,0,0,3.3000000000000003,0.0000,0.0000
2017,2,22,23,0,3.8000000000000003,0,0,0,3.4000000000000004,0.0000,0.0000
2017,2,22,23,30,3.3000000000000003,0,0,0,3.5,0.0000,0.0000
2017,2,23,0,0,2.8000000000000003,0,0,0,3.6,0.0000,0.0000
2017,2,23,0,30,2.4000000000000004,0,0,0,3.6,0.0000,0.0000
2017,2,23,1,0,2,0,0,0,3.6,0.0000,0.0000
2017,2,23,1,30,1.8,0,0,0,3.7,0.0000,0.0000
2017,2,23,2,0,1.5,0,0,0,3.8000000000000003,0.0000,0.0000
2017,2,23,2,30,1.2000000000000002,0,0,0,3.9000000000000004,0.0000,0.0000
2017,2,23,3,0,1,0,0,0,4,0.0000,0.0000
2017,2,23,3,30,0.7000000000000001,0,0,0,4.2,0.0000,0.0000
2017,2,23,4,0,0.5,0,0,0,4.5,0.0000,0.0000
2017,2,23,4,30,0.4,0,0,0,4.6000000000000005,0.0000,0.0000
2017,2,23,5,0,0.30000000000000004,0,0,0,4.800000000000001,0.0000,0.0000
2017,2,23,5,30,0.30000000000000004,0,0,0,4.800000000000001,0.0000,0.0000
2017,2,23,6,0,0.30000000000000004,0,0,0,4.7,0.0000,0.0000
2017,2,23,6,30,0.30000000000000004,0,0,0,4.7,0.0000,0.0000
2017,2,23,7,0,0.4,0,0,0,4.7,0.0000,0.0000
2017,2,23,7,30,0.6000000000000001,3,0,3,4.9,0.0000,0.0000
2017,2,23,8,0,0.8,24,0,24,5,0.0000,0.0000
2017,2,23,8,30,1,22,0,22,5.5,1.0601,0.8120
2017,2,23,9,0,1.3,27,0,27,5.9,1.3578,1.0487
2017,2,23,9,30,1.8,14,0,14,6.300000000000001,0.7331,0.5694
2017,2,23,10,0,2.3000000000000003,19,0,19,6.7,1.0269,0.8005
2017,2,23,10,30,2.9000000000000004,31,0,31,6.800000000000001,1.7149,1.3398
2017,2,23,11,0,3.5,48,0,48,7,2.7002,2.1128
2017,2,23,11,30,4,56,0,56,6.9,3.1863,2.4956
2017,2,23,12,0,4.5,14,0,14,6.800000000000001,0.8022,0.6287
2017,2,23,12,30,4.7,15,0,15,6.7,0.8622,0.6759
2017,2,23,13,0,4.9,15,0,15,6.5,0.8618,0.6755
2017,2,23,13,30,4.9,36,0,36,6.5,2.0597,1.6139
2017,2,23,14,0,4.9,193,1,194,6.5,11.0095,8.6211
2017,2,23,14,30,4.7,11,0,11,6.6000000000000005,0.6163,0.4821
2017,2,23,15,0,4.6000000000000005,77,0,77,6.7,4.2361,3.3078
2017,2,23,15,30,4.1000000000000005,164,16,171,6.7,9.1715,7.1432
2017,2,23,16,0,3.5,7,0,7,6.7,0.3629,0.2815
2017,2,23,16,30,2.6,39,0,39,6.300000000000001,1.9378,1.4937
2017,2,23,17,0,1.7000000000000002,33,0,33,6,1.5779,1.2056
2017,2,23,17,30,1.3,20,0,20,6,0.0000,0.0000
2017,2,23,18,0,0.9,6,0,6,6,0.0000,0.0000
2017,2,23,18,30,0.6000000000000001,0,0,0,6.4,0.0000,0.0000
2017,2,23,19,0,0.4,0,0,0,6.800000000000001,0.0000,0.0000
2017,2,23,19,30,0.1,0,0,0,6.300000000000001,0.0000,0.0000
2017,2,23,20,0,-0.2,0,0,0,5.800000000000001,0.0000,0.0000
2017,2,23,20,30,-0.5,0,0,0,6.300000000000001,0.0000,0.0000
2017,2,23,21,0,-0.9,0,0,0,6.7,0.0000,0.0000
2017,2,23,21,30,-1.3,0,0,0,6.800000000000001,0.0000,0.0000
2017,2,23,22,0,-1.7000000000000002,0,0,0,6.800000000000001,0.0000,0.0000
2017,2,23,22,30,-1.9000000000000001,0,0,0,6.800000000000001,0.0000,0.0000
2017,2,23,23,0,-2.1,0,0,0,6.9,0.0000,0.0000
2017,2,23,23,30,-2.2,0,0,0,7,0.0000,0.0000
2017,2,24,0,0,-2.3000000000000003,0,0,0,7.2,0.0000,0.0000
2017,2,24,0,30,-2.5,0,0,0,7.300000000000001,0.0000,0.0000
2017,2,24,1,0,-2.6,0,0,0,7.5,0.0000,0.0000
2017,2,24,1,30,-2.7,0,0,0,7.6000000000000005,0.0000,0.0000
2017,2,24,2,0,-2.9000000000000004,0,0,0,7.800000000000001,0.0000,0.0000
2017,2,24,2,30,-3.1,0,0,0,7.9,0.0000,0.0000
2017,2,24,3,0,-3.2,0,0,0,8,0.0000,0.0000
2017,2,24,3,30,-3.4000000000000004,0,0,0,8.1,0.0000,0.0000
2017,2,24,4,0,-3.6,0,0,0,8.200000000000001,0.0000,0.0000
2017,2,24,4,30,-3.9000000000000004,0,0,0,8.3,0.0000,0.0000
2017,2,24,5,0,-4.1000000000000005,0,0,0,8.4,0.0000,0.0000
2017,2,24,5,30,-4.3,0,0,0,8.4,0.0000,0.0000
2017,2,24,6,0,-4.6000000000000005,0,0,0,8.5,0.0000,0.0000
2017,2,24,6,30,-4.7,0,0,0,8.5,0.0000,0.0000
2017,2,24,7,0,-4.800000000000001,0,0,0,8.6,0.0000,0.0000
2017,2,24,7,30,-4.7,10,0,10,8.6,0.0000,0.0000
2017,2,24,8,0,-4.7,35,0,35,8.700000000000001,0.0000,0.0000
2017,2,24,8,30,-4.6000000000000005,83,0,83,8.8,4.0079,3.0713
2017,2,24,9,0,-4.5,96,0,96,8.9,4.8416,3.7411
2017,2,24,9,30,-4.4,26,0,26,8.9,1.3651,1.0606
2017,2,24,10,0,-4.2,109,0,109,8.9,5.9043,4.6034
2017,2,24,10,30,-4.1000000000000005,83,0,83,8.9,4.6006,3.5951
2017,2,24,11,0,-4.1000000000000005,184,2,185,8.9,10.4251,8.1586
2017,2,24,11,30,-4,241,4,243,8.9,13.8486,10.8481
2017,2,24,12,0,-4,175,1,176,8.9,10.0998,7.9159
2017,2,24,12,30,-4,249,3,251,8.8,14.4488,11.3274
2017,2,24,13,0,-4,143,0,143,8.700000000000001,8.2276,6.4500
2017,2,24,13,30,-4,166,1,166,8.6,9.5114,7.4539
2017,2,24,14,0,-3.9000000000000004,172,1,172,8.5,9.7758,7.6560
2017,2,24,14,30,-3.9000000000000004,196,2,197,8.3,11.0561,8.6493
2017,2,24,15,0,-3.8000000000000003,73,0,73,8.1,4.0232,3.1421
2017,2,24,15,30,-3.8000000000000003,40,0,40,7.9,2.1498,1.6747
2017,2,24,16,0,-3.8000000000000003,46,0,46,7.6000000000000005,2.3903,1.8547
2017,2,24,16,30,-4,86,1,86,7.2,4.2835,3.3031
2017,2,24,17,0,-4.2,85,4,85,6.9,4.0688,3.1100
2017,2,24,17,30,-4.4,64,12,66,6.7,0.0000,0.0000
2017,2,24,18,0,-4.6000000000000005,11,0,11,6.5,0.0000,0.0000
2017,2,24,18,30,-4.800000000000001,0,0,0,6.5,0.0000,0.0000
2017,2,24,19,0,-4.9,0,0,0,6.5,0.0000,0.0000
2017,2,24,19,30,-5.1000000000000005,0,0,0,6.4,0.0000,0.0000
2017,2,24,20,0,-5.300000000000001,0,0,0,6.2,0.0000,0.0000
2017,2,24,20,30,-5.6000000000000005,0,0,0,6,0.0000,0.0000
2017,2,24,21,0,-5.9,0,0,0,5.800000000000001,0.0000,0.0000
2017,2,24,21,30,-6.2,0,0,0,5.5,0.0000,0.0000
2017,2,24,22,0,-6.4,0,0,0,5.300000000000001,0.0000,0.0000
2017,2,24,22,30,-6.7,0,0,0,5.2,0.0000,0.0000
2017,2,24,23,0,-6.9,0,0,0,5.1000000000000005,0.0000,0.0000
2017,2,24,23,30,-7.2,0,0,0,4.9,0.0000,0.0000
2017,2,25,0,0,-7.5,0,0,0,4.800000000000001,0.0000,0.0000
2017,2,25,0,30,-7.9,0,0,0,4.6000000000000005,0.0000,0.0000
2017,2,25,1,0,-8.3,0,0,0,4.5,0.0000,0.0000
2017,2,25,1,30,-8.700000000000001,0,0,0,4.3,0.0000,0.0000
2017,2,25,2,0,-9.1,0,0,0,4.2,0.0000,0.0000
2017,2,25,2,30,-9.600000000000001,0,0,0,4,0.0000,0.0000
2017,2,25,3,0,-10,0,0,0,3.8000000000000003,0.0000,0.0000
2017,2,25,3,30,-10.4,0,0,0,3.6,0.0000,0.0000
2017,2,25,4,0,-10.8,0,0,0,3.4000000000000004,0.0000,0.0000
2017,2,25,4,30,-11,0,0,0,3.3000000000000003,0.0000,0.0000
2017,2,25,5,0,-11.200000000000001,0,0,0,3.1,0.0000,0.0000
2017,2,25,5,30,-11.3,0,0,0,3,0.0000,0.0000
2017,2,25,6,0,-11.4,0,0,0,2.9000000000000004,0.0000,0.0000
2017,2,25,6,30,-11.100000000000001,0,0,0,2.8000000000000003,0.0000,0.0000
2017,2,25,7,0,-10.8,0,0,0,2.7,0.0000,0.0000
2017,2,25,7,30,-9,19,0,19,2.6,0.0000,0.0000
2017,2,25,8,0,-7.2,43,0,43,2.5,0.0000,0.0000
2017,2,25,8,30,-5.6000000000000005,87,2,87,2.5,4.2106,3.2284
2017,2,25,9,0,-4,158,13,162,2.6,8.1929,6.3332
2017,2,25,9,30,-3.1,110,1,111,2.6,5.8428,4.5410
2017,2,25,10,0,-2.3000000000000003,169,4,171,2.7,9.2830,7.2393
2017,2,25,10,30,-1.7000000000000002,266,12,272,3,15.1053,11.8058
2017,2,25,11,0,-1.2000000000000002,184,2,185,3.3000000000000003,10.4426,8.1735
2017,2,25,11,30,-0.7000000000000001,216,2,217,3.7,12.3864,9.7039
2017,2,25,12,0,-0.2,311,8,316,4.1000000000000005,18.1609,14.2357
2017,2,25,12,30,0.30000000000000004,224,0,224,4.3,12.9127,10.1242
2017,2,25,13,0,0.8,353,22,368,4.6000000000000005,21.2024,16.6232
2017,2,25,13,30,1,247,0,247,4.7,14.1730,11.1084
2017,2,25,14,0,1.3,378,45,404,4.800000000000001,22.9961,18.0118
2017,2,25,14,30,1.4000000000000001,180,0,180,4.7,10.1186,7.9171
2017,2,25,15,0,1.5,94,902,548,4.7,30.2559,23.6342
2017,2,25,15,30,1.4000000000000001,87,869,472,4.3,25.4192,19.8064
2017,2,25,16,0,1.2000000000000002,73,838,387,3.9000000000000004,20.1555,15.6440
2017,2,25,16,30,-0.1,63,772,293,3,14.6278,11.2844
2017,2,25,17,0,-1.4000000000000001,50,684,196,2.1,9.3938,7.1833
2017,2,25,17,30,-2.6,35,529,101,2.3000000000000003,0.0000,0.0000
2017,2,25,18,0,-3.8000000000000003,9,0,9,2.4000000000000004,0.0000,0.0000
2017,2,25,18,30,-3.8000000000000003,0,0,0,3,0.0000,0.0000
2017,2,25,19,0,-3.7,0,0,0,3.5,0.0000,0.0000
2017,2,25,19,30,-3.7,0,0,0,3.8000000000000003,0.0000,0.0000
2017,2,25,20,0,-3.7,0,0,0,4.2,0.0000,0.0000
2017,2,25,20,30,-3.8000000000000003,0,0,0,4.1000000000000005,0.0000,0.0000
2017,2,25,21,0,-3.8000000000000003,0,0,0,4,0.0000,0.0000
2017,2,25,21,30,-3.9000000000000004,0,0,0,3.8000000000000003,0.0000,0.0000
2017,2,25,22,0,-3.9000000000000004,0,0,0,3.6,0.0000,0.0000
2017,2,25,22,30,-4.1000000000000005,0,0,0,3.5,0.0000,0.0000
2017,2,25,23,0,-4.3,0,0,0,3.4000000000000004,0.0000,0.0000
2017,2,25,23,30,-4.6000000000000005,0,0,0,3.4000000000000004,0.0000,0.0000
2017,2,26,0,0,-4.800000000000001,0,0,0,3.3000000000000003,0.0000,0.0000
2017,2,26,0,30,-4.800000000000001,0,0,0,3.4000000000000004,0.0000,0.0000
2017,2,26,1,0,-4.800000000000001,0,0,0,3.4000000000000004,0.0000,0.0000
2017,2,26,1,30,-4.7,0,0,0,3.3000000000000003,0.0000,0.0000
2017,2,26,2,0,-4.7,0,0,0,3.3000000000000003,0.0000,0.0000
2017,2,26,2,30,-4.7,0,0,0,3.4000000000000004,0.0000,0.0000
2017,2,26,3,0,-4.7,0,0,0,3.5,0.0000,0.0000
2017,2,26,3,30,-5,0,0,0,3.5,0.0000,0.0000
2017,2,26,4,0,-5.2,0,0,0,3.5,0.0000,0.0000
2017,2,26,4,30,-5.5,0,0,0,3.5,0.0000,0.0000
2017,2,26,5,0,-5.7,0,0,0,3.5,0.0000,0.0000
2017,2,26,5,30,-6,0,0,0,3.5,0.0000,0.0000
2017,2,26,6,0,-6.300000000000001,0,0,0,3.5,0.0000,0.0000
2017,2,26,6,30,-6,0,0,0,3.6,0.0000,0.0000
2017,2,26,7,0,-5.800000000000001,0,0,0,3.7,0.0000,0.0000
2017,2,26,7,30,-4.3,21,421,48,3.8000000000000003,0.0000,0.0000
2017,2,26,8,0,-2.8000000000000003,37,642,137,3.9000000000000004,0.0000,0.0000
2017,2,26,8,30,-1.3,49,768,235,4,11.4002,8.7459
2017,2,26,9,0,0.2,58,848,334,4,16.9397,13.1003
2017,2,26,9,30,1.4000000000000001,65,902,427,3.6,22.5353,17.5195
2017,2,26,10,0,2.6,71,939,510,3.3000000000000003,27.7479,21.6439
2017,2,26,10,30,3.2,76,966,583,3.2,32.4385,25.3574
2017,2,26,11,0,3.8000000000000003,81,984,643,3.1,36.3567,28.4606
2017,2,26,11,30,4.1000000000000005,84,998,689,3.1,39.3891,30.8628
2017,2,26,12,0,4.4,101,978,717,3.1,41.2660,32.3508
2017,2,26,12,30,4.6000000000000005,102,982,731,3.2,42.1990,33.0900
2017,2,26,13,0,4.800000000000001,102,981,728,3.2,42.0024,32.9344
2017,2,26,13,30,4.800000000000001,101,976,709,3.2,40.7391,31.9336
2017,2,26,14,0,4.800000000000001,98,966,675,3.1,38.4782,30.1419
2017,2,26,14,30,4.6000000000000005,94,941,619,3,34.8515,27.2724
2017,2,26,15,0,4.5,89,918,555,2.8000000000000003,30.6954,23.9814
2017,2,26,15,30,4,82,885,479,2.3000000000000003,25.8462,20.1433
2017,2,26,16,0,3.5,74,840,392,1.8,20.4620,15.8864
2017,2,26,16,30,1.9000000000000001,65,774,298,1.5,14.9121,11.5081
2017,2,26,17,0,0.30000000000000004,52,680,200,1.2000000000000002,9.5986,7.3431
2017,2,26,17,30,-0.5,37,522,104,1.3,0.0000,0.0000
2017,2,26,18,0,-1.3,16,240,25,1.3,0.0000,0.0000
2017,2,26,18,30,-1.4000000000000001,0,0,0,1.2000000000000002,0.0000,0.0000
2017,2,26,19,0,-1.6,0,0,0,1.2000000000000002,0.0000,0.0000
2017,2,26,19,30,-1.8,0,0,0,1.1,0.0000,0.0000
2017,2,26,20,0,-2,0,0,0,1.1,0.0000,0.0000
2017,2,26,20,30,-2.4000000000000004,0,0,0,1.3,0.0000,0.0000
2017,2,26,21,0,-2.8000000000000003,0,0,0,1.4000000000000001,0.0000,0.0000
2017,2,26,21,30,-3.2,0,0,0,1.5,0.0000,0.0000
2017,2,26,22,0,-3.7,0,0,0,1.6,0.0000,0.0000
2017,2,26,22,30,-3.9000000000000004,0,0,0,1.7000000000000002,0.0000,0.0000
2017,2,26,23,0,-4.1000000000000005,0,0,0,1.8,0.0000,0.0000
2017,2,26,23,30,-4.2,0,0,0,1.8,0.0000,0.0000
2017,2,27,0,0,-4.3,0,0,0,1.9000000000000001,0.0000,0.0000
2017,2,27,0,30,-4.4,0,0,0,1.9000000000000001,0.0000,0.0000
2017,2,27,1,0,-4.5,0,0,0,1.9000000000000001,0.0000,0.0000
2017,2,27,1,30,-4.6000000000000005,0,0,0,1.8,0.0000,0.0000
2017,2,27,2,0,-4.7,0,0,0,1.8,0.0000,0.0000
2017,2,27,2,30,-4.7,0,0,0,1.8,0.0000,0.0000
2017,2,27,3,0,-4.800000000000001,0,0,0,1.7000000000000002,0.0000,0.0000
2017,2,27,3,30,-4.800000000000001,0,0,0,1.7000000000000002,0.0000,0.0000
2017,2,27,4,0,-4.9,0,0,0,1.7000000000000002,0.0000,0.0000
2017,2,27,4,30,-4.9,0,0,0,1.7000000000000002,0.0000,0.0000
2017,2,27,5,0,-4.9,0,0,0,1.7000000000000002,0.0000,0.0000
2017,2,27,5,30,-4.9,0,0,0,1.7000000000000002,0.0000,0.0000
2017,2,27,6,0,-4.9,0,0,0,1.7000000000000002,0.0000,0.0000
2017,2,27,6,30,-4.3,0,0,0,2,0.0000,0.0000
2017,2,27,7,0,-3.6,0,0,0,2.2,0.0000,0.0000
2017,2,27,7,30,-2.2,24,0,24,2.7,0.0000,0.0000
2017,2,27,8,0,-0.7000000000000001,63,1,63,3.2,0.0000,0.0000
2017,2,27,8,30,0.5,56,724,235,3.2,11.4281,8.7722
2017,2,27,9,0,1.8,68,795,330,3.3000000000000003,16.7859,12.9870
2017,2,27,9,30,3.2,168,1,169,3.7,8.9414,6.9533
2017,2,27,10,0,4.6000000000000005,229,1,229,4.2,12.4867,9.7420
2017,2,27,10,30,6,90,920,577,5,32.1652,25.1481
2017,2,27,11,0,7.4,316,41,340,5.800000000000001,19.2573,15.0772
2017,2,27,11,30,8.1,356,177,465,6.2,26.6239,20.8633
2017,2,27,12,0,8.9,369,229,515,6.5,29.6831,23.2729
2017,2,27,12,30,9.3,388,282,570,6.7,32.9496,25.8399
2017,2,27,13,0,9.700000000000001,369,266,540,6.9,31.1983,24.4654
2017,2,27,13,30,9.8,335,337,547,7,31.4746,24.6743
2017,2,27,14,0,10,333,287,505,7,28.8303,22.5870
2017,2,27,14,30,9.8,103,896,607,6.5,34.2287,26.7886
2017,2,27,15,0,9.700000000000001,103,858,543,5.9,30.0845,23.5080
2017,2,27,15,30,8.9,96,822,468,5,25.3028,19.7238
2017,2,27,16,0,8.1,95,739,378,4,19.7752,15.3575
2017,2,27,16,30,6.4,189,17,195,3.4000000000000004,9.7816,7.5517
2017,2,27,17,0,4.800000000000001,71,0,71,2.8000000000000003,3.4125,2.6118
2017,2,27,17,30,4.1000000000000005,45,0,45,2.6,0.0000,0.0000
2017,2,27,18,0,3.4000000000000004,17,0,17,2.4000000000000004,0.0000,0.0000
2017,2,27,18,30,2.9000000000000004,0,0,0,2.2,0.0000,0.0000
2017,2,27,19,0,2.5,0,0,0,2.1,0.0000,0.0000
2017,2,27,19,30,2,0,0,0,2,0.0000,0.0000
2017,2,27,20,0,1.4000000000000001,0,0,0,1.9000000000000001,0.0000,0.0000
2017,2,27,20,30,1.2000000000000002,0,0,0,1.8,0.0000,0.0000
2017,2,27,21,0,1,0,0,0,1.7000000000000002,0.0000,0.0000
2017,2,27,21,30,0.9,0,0,0,1.7000000000000002,0.0000,0.0000
2017,2,27,22,0,0.8,0,0,0,1.6,0.0000,0.0000
2017,2,27,22,30,0.7000000000000001,0,0,0,1.6,0.0000,0.0000
2017,2,27,23,0,0.6000000000000001,0,0,0,1.7000000000000002,0.0000,0.0000
2017,2,27,23,30,1.2000000000000002,0,0,0,1.8,0.0000,0.0000
2017,2,28,0,0,1.7000000000000002,0,0,0,1.9000000000000001,0.0000,0.0000
2017,2,28,0,30,2.3000000000000003,0,0,0,1.9000000000000001,0.0000,0.0000
2017,2,28,1,0,2.8000000000000003,0,0,0,1.9000000000000001,0.0000,0.0000
2017,2,28,1,30,2.5,0,0,0,1.4000000000000001,0.0000,0.0000
2017,2,28,2,0,2.2,0,0,0,0.9,0.0000,0.0000
2017,2,28,2,30,2.1,0,0,0,0.9,0.0000,0.0000
2017,2,28,3,0,1.9000000000000001,0,0,0,0.8,0.0000,0.0000
2017,2,28,3,30,1.7000000000000002,0,0,0,1.4000000000000001,0.0000,0.0000
2017,2,28,4,0,1.6,0,0,0,2,0.0000,0.0000
2017,2,28,4,30,1.6,0,0,0,2.6,0.0000,0.0000
2017,2,28,5,0,1.5,0,0,0,3.1,0.0000,0.0000
2017,2,28,5,30,1.4000000000000001,0,0,0,3.3000000000000003,0.0000,0.0000
2017,2,28,6,0,1.2000000000000002,0,0,0,3.6,0.0000,0.0000
2017,2,28,6,30,1.2000000000000002,0,0,0,3.7,0.0000,0.0000
2017,2,28,7,0,1.2000000000000002,0,0,0,3.9000000000000004,0.0000,0.0000
2017,2,28,7,30,1.8,33,2,34,4,0.0000,0.0000
2017,2,28,8,0,2.4000000000000004,95,35,101,4.1000000000000005,0.0000,0.0000
2017,2,28,8,30,3.3000000000000003,140,203,192,4.1000000000000005,9.3613,7.1898
2017,2,28,9,0,4.1000000000000005,129,10,132,4,6.7333,5.2116
2017,2,28,9,30,4.800000000000001,177,13,183,4.2,9.7068,7.5507
2017,2,28,10,0,5.4,266,111,319,4.3,17.4316,13.6029
2017,2,28,10,30,5.9,316,69,352,4.4,19.6599,15.3736
2017,2,28,11,0,6.5,334,181,439,4.5,24.9054,19.5019
2017,2,28,11,30,6.5,363,173,470,4.5,26.9505,21.1218
2017,2,28,12,0,6.6000000000000005,348,61,387,4.5,22.3373,17.5154
2017,2,28,12,30,6.4,327,32,347,4.5,20.0863,15.7539
2017,2,28,13,0,6.1000000000000005,364,60,403,4.5,23.3154,18.2857
2017,2,28,13,30,5.9,381,164,485,4.7,27.9455,21.9101
2017,2,28,14,0,5.6000000000000005,240,9,245,4.9,14.0069,10.9749
2017,2,28,14,30,5.300000000000001,268,17,278,5.1000000000000005,15.7010,12.2899
2017,2,28,15,0,5,268,22,279,5.4,15.4838,12.1009
2017,2,28,15,30,4.5,261,257,378,5.5,20.4754,15.9640
2017,2,28,16,0,4,211,36,225,5.5,11.7970,9.1640
2017,2,28,16,30,3.4000000000000004,103,3,104,5.300000000000001,5.2290,4.0385
2017,2,28,17,0,2.7,55,0,55,5.1000000000000005,2.6476,2.0273
2017,2,28,17,30,2.1,32,0,32,5.1000000000000005,0.0000,0.0000
2017,2,28,18,0,1.5,10,0,10,5.2,0.0000,0.0000
2017,2,28,18,30,1,0,0,0,5.2,0.0000,0.0000
2017,2,28,19,0,0.6000000000000001,0,0,0,5.2,0.0000,0.0000
2017,2,28,19,30,0.30000000000000004,0,0,0,4.9,0.0000,0.0000
2017,2,28,20,0,0,0,0,0,4.7,0.0000,0.0000
2017,2,28,20,30,-0.30000000000000004,0,0,0,4.5,0.0000,0.0000
2017,2,28,21,0,-0.7000000000000001,0,0,0,4.3,0.0000,0.0000
2017,2,28,21,30,-1,0,0,0,4.3,0.0000,0.0000
2017,2,28,22,0,-1.3,0,0,0,4.3,0.0000,0.0000
2017,2,28,22,30,-1.5,0,0,0,4.4,0.0000,0.0000
2017,2,28,23,0,-1.7000000000000002,0,0,0,4.4,0.0000,0.0000
2017,2,28,23,30,-1.8,0,0,0,4.6000000000000005,0.0000,0.0000
2017,3,1,0,0,-1.9000000000000001,0,0,0,4.7,0.0000,0.0000
2017,3,1,0,30,-2.1,0,0,0,4.800000000000001,0.0000,0.0000
2017,3,1,1,0,-2.2,0,0,0,4.9,0.0000,0.0000
2017,3,1,1,30,-2.3000000000000003,0,0,0,5,0.0000,0.0000
2017,3,1,2,0,-2.4000000000000004,0,0,0,5.1000000000000005,0.0000,0.0000
2017,3,1,2,30,-2.5,0,0,0,5.2,0.0000,0.0000
2017,3,1,3,0,-2.6,0,0,0,5.4,0.0000,0.0000
2017,3,1,3,30,-3,0,0,0,5.5,0.0000,0.0000
2017,3,1,4,0,-3.3000000000000003,0,0,0,5.7,0.0000,0.0000
2017,3,1,4,30,-3.6,0,0,0,5.7,0.0000,0.0000
2017,3,1,5,0,-3.8000000000000003,0,0,0,5.7,0.0000,0.0000
2017,3,1,5,30,-4,0,0,0,5.6000000000000005,0.0000,0.0000
2017,3,1,6,0,-4.3,0,0,0,5.4,0.0000,0.0000
2017,3,1,6,30,-4.1000000000000005,0,0,0,5.5,0.0000,0.0000
2017,3,1,7,0,-3.9000000000000004,0,0,0,5.6000000000000005,0.0000,0.0000
2017,3,1,7,30,-2.8000000000000003,26,416,59,6,0.0000,0.0000
2017,3,1,8,0,-1.8,42,645,151,6.5,0.0000,0.0000
2017,3,1,8,30,-0.6000000000000001,54,765,252,6.7,12.3196,9.4671
2017,3,1,9,0,0.6000000000000001,61,840,348,6.9,17.8043,13.7863
2017,3,1,9,30,1.6,69,892,440,6.9,23.3972,18.2054
2017,3,1,10,0,2.7,333,54,359,6.9,19.6590,15.3443
2017,3,1,10,30,3.5,383,73,422,7,23.6137,18.4685
2017,3,1,11,0,4.3,428,130,504,7,28.6403,22.4296
2017,3,1,11,30,4.800000000000001,85,990,700,7.300000000000001,40.1998,31.5095
2017,3,1,12,0,5.2,392,8,397,7.7,22.9466,17.9951
2017,3,1,12,30,5.1000000000000005,401,9,407,8.1,23.5921,18.5054
2017,3,1,13,0,5,353,2,354,8.5,20.5076,16.0852
2017,3,1,13,30,4.800000000000001,452,219,592,8.700000000000001,34.1583,26.7840
2017,3,1,14,0,4.5,348,4,350,8.8,20.0387,15.7029
2017,3,1,14,30,4.3,239,0,239,8.700000000000001,13.5186,10.5830
2017,3,1,15,0,4.2,369,65,403,8.6,22.4037,17.5117
2017,3,1,15,30,3.8000000000000003,325,125,383,8.200000000000001,20.7863,16.2096
2017,3,1,16,0,3.4000000000000004,66,886,413,7.800000000000001,21.6996,16.8608
2017,3,1,16,30,2.4000000000000004,58,828,318,6.6000000000000005,16.0259,12.3816
2017,3,1,17,0,1.4000000000000001,50,734,218,5.300000000000001,10.5116,8.0523
2017,3,1,17,30,-0.30000000000000004,37,593,119,4.1000000000000005,0.0000,0.0000
2017,3,1,18,0,-1.9000000000000001,20,0,20,2.8000000000000003,0.0000,0.0000
2017,3,1,18,30,-2.7,0,0,0,2.3000000000000003,0.0000,0.0000
2017,3,1,19,0,-3.4000000000000004,0,0,0,1.9000000000000001,0.0000,0.0000
2017,3,1,19,30,-3.9000000000000004,0,0,0,1.6,0.0000,0.0000
2017,3,1,20,0,-4.3,0,0,0,1.4000000000000001,0.0000,0.0000
2017,3,1,20,30,-4.2,0,0,0,1.2000000000000002,0.0000,0.0000
2017,3,1,21,0,-4.1000000000000005,0,0,0,1.1,0.0000,0.0000
2017,3,1,21,30,-3.5,0,0,0,0.8,0.0000,0.0000
2017,3,1,22,0,-3,0,0,0,0.6000000000000001,0.0000,0.0000
2017,3,1,22,30,-2.9000000000000004,0,0,0,0.5,0.0000,0.0000
2017,3,1,23,0,-2.8000000000000003,0,0,0,0.5,0.0000,0.0000
2017,3,1,23,30,-3.3000000000000003,0,0,0,0.7000000000000001,0.0000,0.0000
2017,3,2,0,0,-3.7,0,0,0,1,0.0000,0.0000
2017,3,2,0,30,-4.1000000000000005,0,0,0,1.1,0.0000,0.0000
2017,3,2,1,0,-4.4,0,0,0,1.2000000000000002,0.0000,0.0000
2017,3,2,1,30,-4.4,0,0,0,1.4000000000000001,0.0000,0.0000
2017,3,2,2,0,-4.5,0,0,0,1.5,0.0000,0.0000
2017,3,2,2,30,-4.3,0,0,0,1.6,0.0000,0.0000
2017,3,2,3,0,-4.2,0,0,0,1.6,0.0000,0.0000
2017,3,2,3,30,-3.9000000000000004,0,0,0,1.6,0.0000,0.0000
2017,3,2,4,0,-3.5,0,0,0,1.6,0.0000,0.0000
2017,3,2,4,30,-3.3000000000000003,0,0,0,1.6,0.0000,0.0000
2017,3,2,5,0,-3,0,0,0,1.6,0.0000,0.0000
2017,3,2,5,30,-3.1,0,0,0,1.6,0.0000,0.0000
2017,3,2,6,0,-3.2,0,0,0,1.5,0.0000,0.0000
2017,3,2,6,30,-3.2,0,0,0,2.1,0.0000,0.0000
2017,3,2,7,0,-3.2,0,0,0,2.6,0.0000,0.0000
2017,3,2,7,30,-2.3000000000000003,24,445,62,3.3000000000000003,0.0000,0.0000
2017,3,2,8,0,-1.5,98,29,103,4,4.9105,3.7425
2017,3,2,8,30,-0.6000000000000001,130,294,208,4.1000000000000005,10.1963,7.8398
2017,3,2,9,0,0.30000000000000004,58,830,346,4.1000000000000005,17.7526,13.7518
2017,3,2,9,30,1.2000000000000002,65,883,437,4.2,23.2969,18.1326
2017,3,2,10,0,2,71,916,518,4.3,28.4269,22.1925
2017,3,2,10,30,2.6,331,190,435,4.5,24.3861,19.0756
2017,3,2,11,0,3.3000000000000003,77,963,648,4.7,36.8832,28.8889
2017,3,2,11,30,3.7,80,976,692,5,39.7995,31.1994
2017,3,2,12,0,4.1000000000000005,84,979,720,5.4,41.6747,32.6856
2017,3,2,12,30,4.2,85,982,733,5.7,42.5453,33.3755
2017,3,2,13,0,4.4,84,983,731,6,42.4042,33.2634
2017,3,2,13,30,4.2,83,978,712,6.2,41.1370,32.2594
2017,3,2,14,0,4,368,233,512,6.4,29.3542,23.0053
2017,3,2,14,30,3.7,76,959,629,6.4,35.6326,27.8983
2017,3,2,15,0,3.4000000000000004,71,942,567,6.5,31.5722,24.6819
2017,3,2,15,30,2.8000000000000003,67,921,496,6.2,26.9704,21.0362
2017,3,2,16,0,2.2,61,883,411,5.9,21.6412,16.8198
2017,3,2,16,30,1,55,825,317,4.7,16.0140,12.3770
2017,3,2,17,0,-0.2,47,738,219,3.5,10.5782,8.1069
2017,3,2,17,30,-1.9000000000000001,35,600,122,2.8000000000000003,0.0000,0.0000
2017,3,2,18,0,-3.6,16,0,16,2,0.0000,0.0000
2017,3,2,18,30,-4,0,0,0,1.9000000000000001,0.0000,0.0000
2017,3,2,19,0,-4.4,0,0,0,1.8,0.0000,0.0000
2017,3,2,19,30,-4.7,0,0,0,1.7000000000000002,0.0000,0.0000
2017,3,2,20,0,-5,0,0,0,1.6,0.0000,0.0000
2017,3,2,20,30,-5.2,0,0,0,1.5,0.0000,0.0000
2017,3,2,21,0,-5.5,0,0,0,1.3,0.0000,0.0000
2017,3,2,21,30,-5.5,0,0,0,1.2000000000000002,0.0000,0.0000
2017,3,2,22,0,-5.6000000000000005,0,0,0,1.1,0.0000,0.0000
2017,3,2,22,30,-5.6000000000000005,0,0,0,1,0.0000,0.0000
2017,3,2,23,0,-5.6000000000000005,0,0,0,0.8,0.0000,0.0000
2017,3,2,23,30,-5.6000000000000005,0,0,0,0.8,0.0000,0.0000
2017,3,3,0,0,-5.6000000000000005,0,0,0,0.7000000000000001,0.0000,0.0000
2017,3,3,0,30,-5.5,0,0,0,0.8,0.0000,0.0000
2017,3,3,1,0,-5.4,0,0,0,0.9,0.0000,0.0000
2017,3,3,1,30,-5.300000000000001,0,0,0,1.2000000000000002,0.0000,0.0000
2017,3,3,2,0,-5.1000000000000005,0,0,0,1.5,0.0000,0.0000
2017,3,3,2,30,-4.9,0,0,0,1.8,0.0000,0.0000
2017,3,3,3,0,-4.7,0,0,0,2.2,0.0000,0.0000
2017,3,3,3,30,-4.6000000000000005,0,0,0,2.4000000000000004,0.0000,0.0000
2017,3,3,4,0,-4.4,0,0,0,2.7,0.0000,0.0000
2017,3,3,4,30,-4.4,0,0,0,2.9000000000000004,0.0000,0.0000
2017,3,3,5,0,-4.4,0,0,0,3.2,0.0000,0.0000
2017,3,3,5,30,-4.4,0,0,0,3.5,0.0000,0.0000
2017,3,3,6,0,-4.3,0,0,0,3.7,0.0000,0.0000
2017,3,3,6,30,-4.1000000000000005,0,0,0,4.2,0.0000,0.0000
2017,3,3,7,0,-3.9000000000000004,0,0,0,4.6000000000000005,0.0000,0.0000
2017,3,3,7,30,-3.2,30,1,30,5.300000000000001,0.0000,0.0000
2017,3,3,8,0,-2.4000000000000004,79,2,80,5.9,3.8130,2.9071
2017,3,3,8,30,-1.5,98,1,99,6.300000000000001,4.8665,3.7438
2017,3,3,9,0,-0.5,208,74,234,6.7,12.0401,9.3303
2017,3,3,9,30,0.6000000000000001,243,210,332,6.9,17.7423,13.8130
2017,3,3,10,0,1.6,74,891,514,7.2,28.2670,22.0722
2017,3,3,10,30,2.7,78,919,585,7.300000000000001,32.8545,25.7040
2017,3,3,11,0,3.7,345,253,496,7.5,28.2780,22.1518
2017,3,3,11,30,4.7,83,953,686,7.5,39.5136,30.9789
2017,3,3,12,0,5.6000000000000005,92,945,711,7.5,41.2108,32.3252
2017,3,3,12,30,6.5,93,949,724,7.4,42.0777,33.0120
2017,3,3,13,0,7.300000000000001,94,940,717,7.300000000000001,41.6467,32.6724
2017,3,3,13,30,7.9,93,935,698,7,40.3810,31.6697
2017,3,3,14,0,8.4,90,925,665,6.800000000000001,38.1793,29.9251
2017,3,3,14,30,8.8,212,528,519,6.4,29.4439,23.0558
2017,3,3,15,0,9.1,171,615,497,6,27.7189,21.6727
2017,3,3,15,30,8.6,275,192,366,5,19.9377,15.5537
2017,3,3,16,0,8.1,71,819,399,4,21.0543,16.3678
2017,3,3,16,30,6.300000000000001,190,96,221,3.3000000000000003,11.1891,8.6508
2017,3,3,17,0,4.5,51,677,212,2.6,10.2578,7.8647
2017,3,3,17,30,3.1,38,534,117,2.5,0.0000,0.0000
2017,3,3,18,0,1.7000000000000002,19,302,36,2.4000000000000004,0.0000,0.0000
2017,3,3,18,30,1.3,0,0,0,2.3000000000000003,0.0000,0.0000
2017,3,3,19,0,1,0,0,0,2.3000000000000003,0.0000,0.0000
2017,3,3,19,30,0.9,0,0,0,2.2,0.0000,0.0000
2017,3,3,20,0,0.8,0,0,0,2.1,0.0000,0.0000
2017,3,3,20,30,0.7000000000000001,0,0,0,2,0.0000,0.0000
2017,3,3,21,0,0.7000000000000001,0,0,0,1.9000000000000001,0.0000,0.0000
2017,3,3,21,30,0.6000000000000001,0,0,0,1.8,0.0000,0.0000
2017,3,3,22,0,0.5,0,0,0,1.7000000000000002,0.0000,0.0000
2017,3,3,22,30,0.4,0,0,0,1.6,0.0000,0.0000
2017,3,3,23,0,0.30000000000000004,0,0,0,1.5,0.0000,0.0000
2017,3,3,23,30,0.2,0,0,0,1.4000000000000001,0.0000,0.0000
2017,3,4,0,0,0,0,0,0,1.2000000000000002,0.0000,0.0000
2017,3,4,0,30,-0.2,0,0,0,1.1,0.0000,0.0000
2017,3,4,1,0,-0.5,0,0,0,1,0.0000,0.0000
2017,3,4,1,30,-0.9,0,0,0,1.1,0.0000,0.0000
2017,3,4,2,0,-1.3,0,0,0,1.1,0.0000,0.0000
2017,3,4,2,30,-1.4000000000000001,0,0,0,1.3,0.0000,0.0000
2017,3,4,3,0,-1.6,0,0,0,1.4000000000000001,0.0000,0.0000
2017,3,4,3,30,-1.7000000000000002,0,0,0,1.5,0.0000,0.0000
2017,3,4,4,0,-1.9000000000000001,0,0,0,1.6,0.0000,0.0000
2017,3,4,4,30,-2,0,0,0,1.9000000000000001,0.0000,0.0000
2017,3,4,5,0,-2,0,0,0,2.2,0.0000,0.0000
2017,3,4,5,30,-2.1,0,0,0,2.2,0.0000,0.0000
2017,3,4,6,0,-2.2,0,0,0,2.3000000000000003,0.0000,0.0000
2017,3,4,6,30,-1.8,0,0,0,2.3000000000000003,0.0000,0.0000
2017,3,4,7,0,-1.3,0,0,0,2.4000000000000004,0.0000,0.0000
2017,3,4,7,30,-0.1,28,421,68,2.7,0.0000,0.0000
2017,3,4,8,0,1.1,105,40,113,3,5.3866,4.1085
2017,3,4,8,30,2.6,113,412,226,3.1,11.1417,8.5761
2017,3,4,9,0,4.1000000000000005,164,466,330,3.1,17.0288,13.2014
2017,3,4,9,30,5.800000000000001,161,476,367,3.4000000000000004,19.6612,15.3111
2017,3,4,10,0,7.6000000000000005,285,247,409,3.7,22.5394,17.6033
2017,3,4,10,30,9.200000000000001,226,457,480,4,27.0056,21.1314
2017,3,4,11,0,10.8,342,299,522,4.3,29.8071,23.3527
2017,3,4,11,30,12.200000000000001,210,602,594,4.6000000000000005,34.2635,26.8658
2017,3,4,12,0,13.5,80,975,723,4.9,41.9620,32.9178
2017,3,4,12,30,14.600000000000001,81,979,737,5.300000000000001,42.8896,33.6522
2017,3,4,13,0,15.700000000000001,81,978,734,5.6000000000000005,42.6878,33.4923
2017,3,4,13,30,16.5,80,973,715,6,41.4178,32.4861
2017,3,4,14,0,17.3,78,963,681,6.4,39.1501,30.6893
2017,3,4,14,30,17.7,190,570,524,6.300000000000001,29.7715,23.3152
2017,3,4,15,0,18,179,588,494,6.300000000000001,27.5967,21.5803
2017,3,4,15,30,17.400000000000002,218,364,391,5.9,21.3377,16.6488
2017,3,4,16,0,16.8,180,403,343,5.5,18.1361,14.1026
2017,3,4,16,30,15.100000000000001,136,374,257,5.2,13.0416,10.0866
2017,3,4,17,0,13.4,51,687,217,4.9,10.5194,8.0689
2017,3,4,17,30,12.200000000000001,39,547,121,5.2,0.0000,0.0000
2017,3,4,18,0,11.100000000000001,21,296,38,5.5,0.0000,0.0000
2017,3,4,18,30,10.8,0,0,0,5.7,0.0000,0.0000
2017,3,4,19,0,10.5,0,0,0,5.9,0.0000,0.0000
2017,3,4,19,30,10,0,0,0,5.800000000000001,0.0000,0.0000
2017,3,4,20,0,9.600000000000001,0,0,0,5.6000000000000005,0.0000,0.0000
2017,3,4,20,30,9.600000000000001,0,0,0,5.800000000000001,0.0000,0.0000
2017,3,4,21,0,9.600000000000001,0,0,0,6,0.0000,0.0000
2017,3,4,21,30,9.4,0,0,0,6.2,0.0000,0.0000
2017,3,4,22,0,9.200000000000001,0,0,0,6.300000000000001,0.0000,0.0000
2017,3,4,22,30,9,0,0,0,6.300000000000001,0.0000,0.0000
2017,3,4,23,0,8.700000000000001,0,0,0,6.4,0.0000,0.0000
2017,3,4,23,30,8.3,0,0,0,6.1000000000000005,0.0000,0.0000
2017,3,5,0,0,7.9,0,0,0,5.7,0.0000,0.0000
2017,3,5,0,30,7.5,0,0,0,5.5,0.0000,0.0000
2017,3,5,1,0,7.1000000000000005,0,0,0,5.300000000000001,0.0000,0.0000
2017,3,5,1,30,7,0,0,0,5.300000000000001,0.0000,0.0000
2017,3,5,2,0,7,0,0,0,5.300000000000001,0.0000,0.0000
2017,3,5,2,30,7.2,0,0,0,5.2,0.0000,0.0000
2017,3,5,3,0,7.5,0,0,0,5,0.0000,0.0000
2017,3,5,3,30,7.800000000000001,0,0,0,5,0.0000,0.0000
2017,3,5,4,0,8.1,0,0,0,5,0.0000,0.0000
2017,3,5,4,30,8.3,0,0,0,5,0.0000,0.0000
2017,3,5,5,0,8.5,0,0,0,4.9,0.0000,0.0000
2017,3,5,5,30,8.5,0,0,0,4.7,0.0000,0.0000
2017,3,5,6,0,8.5,0,0,0,4.4,0.0000,0.0000
2017,3,5,6,30,8.8,0,0,0,4.5,0.0000,0.0000
2017,3,5,7,0,9,0,0,0,4.6000000000000005,0.0000,0.0000
2017,3,5,7,30,9.5,29,1,29,4.800000000000001,0.0000,0.0000
2017,3,5,8,0,10,98,7,99,5.1000000000000005,4.7214,3.6027
2017,3,5,8,30,10.600000000000001,63,1,64,5.4,3.1642,2.4368
2017,3,5,9,0,11.200000000000001,50,0,50,5.7,2.5873,2.0065
2017,3,5,9,30,11.8,216,57,241,5.800000000000001,12.9424,10.0816
2017,3,5,10,0,12.3,12,0,12,6,0.6627,0.5176
2017,3,5,10,30,13.200000000000001,67,0,67,6.1000000000000005,3.7763,2.9554
2017,3,5,11,0,14,295,208,421,6.1000000000000005,24.0779,18.8665
2017,3,5,11,30,15.200000000000001,328,213,464,6.1000000000000005,26.8035,21.0188
2017,3,5,12,0,16.3,352,65,395,6.1000000000000005,22.9560,18.0100
2017,3,5,12,30,17.2,314,346,548,6.1000000000000005,31.9319,25.0570
2017,3,5,13,0,18.1,380,277,566,6.1000000000000005,32.9591,25.8617
2017,3,5,13,30,18.6,341,364,581,6.1000000000000005,33.6994,26.4348
2017,3,5,14,0,19.200000000000003,91,909,663,6.2,38.1669,29.9217
2017,3,5,14,30,19.3,88,893,615,6.2,34.9911,27.4060
2017,3,5,15,0,19.5,83,869,552,6.300000000000001,30.8849,24.1551
2017,3,5,15,30,19.200000000000003,79,837,479,6.1000000000000005,26.1878,20.4369
2017,3,5,16,0,18.900000000000002,73,790,396,5.9,20.9823,16.3197
2017,3,5,16,30,17.7,66,728,306,5.5,15.5637,12.0412
2017,3,5,17,0,16.5,127,103,152,5.1000000000000005,7.3821,5.6648
2017,3,5,17,30,15.4,72,18,75,5.300000000000001,0.0000,0.0000
2017,3,5,18,0,14.4,25,1,25,5.6000000000000005,0.0000,0.0000
2017,3,5,18,30,13.8,0,0,0,5.9,0.0000,0.0000
2017,3,5,19,0,13.3,0,0,0,6.300000000000001,0.0000,0.0000
2017,3,5,19,30,12.9,0,0,0,6.7,0.0000,0.0000
2017,3,5,20,0,12.5,0,0,0,7,0.0000,0.0000
2017,3,5,20,30,12.4,0,0,0,7.4,0.0000,0.0000
2017,3,5,21,0,12.3,0,0,0,7.800000000000001,0.0000,0.0000
2017,3,5,21,30,12.3,0,0,0,7.800000000000001,0.0000,0.0000
2017,3,5,22,0,12.3,0,0,0,7.800000000000001,0.0000,0.0000
2017,3,5,22,30,12.3,0,0,0,7.7,0.0000,0.0000
2017,3,5,23,0,12.3,0,0,0,7.6000000000000005,0.0000,0.0000
2017,3,5,23,30,12.200000000000001,0,0,0,7.6000000000000005,0.0000,0.0000
2017,3,6,0,0,12.200000000000001,0,0,0,7.5,0.0000,0.0000
2017,3,6,0,30,12.3,0,0,0,7.5,0.0000,0.0000
2017,3,6,1,0,12.4,0,0,0,7.6000000000000005,0.0000,0.0000
2017,3,6,1,30,12.4,0,0,0,7.6000000000000005,0.0000,0.0000
2017,3,6,2,0,12.4,0,0,0,7.7,0.0000,0.0000
2017,3,6,2,30,12.4,0,0,0,7.9,0.0000,0.0000
2017,3,6,3,0,12.5,0,0,0,8.1,0.0000,0.0000
2017,3,6,3,30,12.5,0,0,0,8.3,0.0000,0.0000
2017,3,6,4,0,12.600000000000001,0,0,0,8.4,0.0000,0.0000
2017,3,6,4,30,12.700000000000001,0,0,0,8.5,0.0000,0.0000
2017,3,6,5,0,12.700000000000001,0,0,0,8.5,0.0000,0.0000
2017,3,6,5,30,12.8,0,0,0,8.4,0.0000,0.0000
2017,3,6,6,0,12.8,0,0,0,8.4,0.0000,0.0000
2017,3,6,6,30,13,0,0,0,8.4,0.0000,0.0000
2017,3,6,7,0,13.200000000000001,0,0,0,8.4,0.0000,0.0000
2017,3,6,7,30,14.100000000000001,30,428,74,8.6,0.0000,0.0000
2017,3,6,8,0,15.100000000000001,43,624,165,8.8,7.8752,6.0120
2017,3,6,8,30,16.400000000000002,53,736,262,9.200000000000001,12.9916,10.0105
2017,3,6,9,0,17.7,59,818,359,9.700000000000001,18.6294,14.4528
2017,3,6,9,30,18.900000000000002,64,863,447,9.9,24.0628,18.7486
2017,3,6,10,0,20.1,69,899,527,10.200000000000001,29.1601,22.7829
2017,3,6,10,30,21.1,72,921,594,10.5,33.5372,26.2502
2017,3,6,11,0,22,76,936,649,10.8,37.1756,29.1331
2017,3,6,11,30,22.6,78,948,692,11.100000000000001,40.0295,31.3938
2017,3,6,12,0,23.1,80,952,719,11.4,41.8407,32.8292
2017,3,6,12,30,23.3,81,956,731,11.4,42.6494,33.4702
2017,3,6,13,0,23.5,84,947,726,11.4,42.3289,33.2170
2017,3,6,13,30,23.3,84,942,707,11.100000000000001,41.0588,32.2108
2017,3,6,14,0,23.1,217,546,563,10.8,32.4521,25.4441
2017,3,6,14,30,21.900000000000002,281,278,446,10.9,25.4121,19.9058
2017,3,6,15,0,20.700000000000003,159,602,486,11,27.2340,21.3027
2017,3,6,15,30,18.7,209,417,410,11,22.4545,17.5265
2017,3,6,16,0,16.7,153,526,370,11.100000000000001,19.6437,15.2820
2017,3,6,16,30,15,152,8,155,10.8,7.9015,6.1152
2017,3,6,17,0,13.3,74,4,75,10.5,3.6497,2.8019
2017,3,6,17,30,11.5,49,2,50,10.4,0.0000,0.0000
2017,3,6,18,0,9.600000000000001,25,1,25,10.3,0.0000,0.0000
2017,3,6,18,30,8.3,0,0,0,9.8,0.0000,0.0000
2017,3,6,19,0,6.9,0,0,0,9.3,0.0000,0.0000
2017,3,6,19,30,6.1000000000000005,0,0,0,8.8,0.0000,0.0000
2017,3,6,20,0,5.2,0,0,0,8.3,0.0000,0.0000
2017,3,6,20,30,4.6000000000000005,0,0,0,7.9,0.0000,0.0000
2017,3,6,21,0,4,0,0,0,7.5,0.0000,0.0000
2017,3,6,21,30,3.7,0,0,0,7.7,0.0000,0.0000
2017,3,6,22,0,3.4000000000000004,0,0,0,7.9,0.0000,0.0000
2017,3,6,22,30,3.1,0,0,0,7.9,0.0000,0.0000
2017,3,6,23,0,2.8000000000000003,0,0,0,7.9,0.0000,0.0000
2017,3,6,23,30,2.4000000000000004,0,0,0,7.800000000000001,0.0000,0.0000
2017,3,7,0,0,2.1,0,0,0,7.6000000000000005,0.0000,0.0000
2017,3,7,0,30,1.8,0,0,0,7.300000000000001,0.0000,0.0000
2017,3,7,1,0,1.4000000000000001,0,0,0,6.9,0.0000,0.0000
2017,3,7,1,30,1.1,0,0,0,6.5,0.0000,0.0000
2017,3,7,2,0,0.7000000000000001,0,0,0,6.2,0.0000,0.0000
2017,3,7,2,30,0.30000000000000004,0,0,0,5.7,0.0000,0.0000
2017,3,7,3,0,-0.2,0,0,0,5.1000000000000005,0.0000,0.0000
2017,3,7,3,30,-0.7000000000000001,0,0,0,4.7,0.0000,0.0000
2017,3,7,4,0,-1.1,0,0,0,4.3,0.0000,0.0000
2017,3,7,4,30,-1.4000000000000001,0,0,0,4.3,0.0000,0.0000
2017,3,7,5,0,-1.6,0,0,0,4.4,0.0000,0.0000
2017,3,7,5,30,-1.5,0,0,0,4.6000000000000005,0.0000,0.0000
2017,3,7,6,0,-1.4000000000000001,0,0,0,4.7,0.0000,0.0000
2017,3,7,6,30,-0.7000000000000001,0,0,0,5.1000000000000005,0.0000,0.0000
2017,3,7,7,0,0,5,0,5,5.5,0.0000,0.0000
2017,3,7,7,30,1.2000000000000002,51,2,51,5.7,0.0000,0.0000
2017,3,7,8,0,2.3000000000000003,108,155,139,5.800000000000001,6.6416,5.0730
2017,3,7,8,30,3.8000000000000003,139,337,237,6.2,11.7880,9.0879
2017,3,7,9,0,5.2,57,863,378,6.5,19.6719,15.2672
2017,3,7,9,30,6.5,143,686,451,6.800000000000001,24.3371,18.9672
2017,3,7,10,0,7.9,60,963,556,7,30.8273,24.0901
2017,3,7,10,30,9,63,986,627,7.1000000000000005,35.4619,27.7609
2017,3,7,11,0,10,57,1023,689,7.2,39.5273,30.9798
2017,3,7,11,30,10.600000000000001,58,1034,733,7.2,42.4605,33.3039
2017,3,7,12,0,11.3,63,1037,764,7.2,44.5183,34.9335
2017,3,7,12,30,11.5,64,1040,777,7.5,45.3897,35.6240
2017,3,7,13,0,11.8,65,1027,766,7.7,44.7173,35.0945
2017,3,7,13,30,11.3,65,1023,747,7.800000000000001,43.4365,34.0793
2017,3,7,14,0,10.8,70,997,708,7.800000000000001,40.8637,32.0425
2017,3,7,14,30,10.3,68,983,658,7.6000000000000005,37.5427,29.4113
2017,3,7,15,0,9.9,66,954,590,7.300000000000001,33.1138,25.9054
2017,3,7,15,30,9.8,239,70,273,7.1000000000000005,14.9772,11.6921
2017,3,7,16,0,9.8,350,0,350,6.9,18.6198,14.4889
2017,3,7,16,30,9,177,212,249,6.4,12.7221,9.8492
2017,3,7,17,0,8.200000000000001,122,33,131,6,6.3877,4.9060
2017,3,7,17,30,7.4,76,16,78,5.6000000000000005,0.0000,0.0000
2017,3,7,18,0,6.5,34,9,35,5.2,0.0000,0.0000
2017,3,7,18,30,5.9,0,0,0,4.800000000000001,0.0000,0.0000
2017,3,7,19,0,5.300000000000001,0,0,0,4.5,0.0000,0.0000
2017,3,7,19,30,4.1000000000000005,0,0,0,4,0.0000,0.0000
2017,3,7,20,0,3,0,0,0,3.6,0.0000,0.0000
2017,3,7,20,30,2,0,0,0,3.3000000000000003,0.0000,0.0000
2017,3,7,21,0,1.1,0,0,0,2.9000000000000004,0.0000,0.0000
2017,3,7,21,30,0.7000000000000001,0,0,0,3,0.0000,0.0000
2017,3,7,22,0,0.30000000000000004,0,0,0,3,0.0000,0.0000
2017,3,7,22,30,0.2,0,0,0,3.5,0.0000,0.0000
2017,3,7,23,0,0.2,0,0,0,4,0.0000,0.0000
2017,3,7,23,30,0,0,0,0,4.3,0.0000,0.0000
2017,3,8,0,0,-0.1,0,0,0,4.6000000000000005,0.0000,0.0000
2017,3,8,0,30,-0.4,0,0,0,4.6000000000000005,0.0000,0.0000
2017,3,8,1,0,-0.7000000000000001,0,0,0,4.6000000000000005,0.0000,0.0000
2017,3,8,1,30,-1.2000000000000002,0,0,0,4.3,0.0000,0.0000
2017,3,8,2,0,-1.6,0,0,0,4,0.0000,0.0000
2017,3,8,2,30,-2,0,0,0,3.6,0.0000,0.0000
2017,3,8,3,0,-2.4000000000000004,0,0,0,3.1,0.0000,0.0000
2017,3,8,3,30,-2.7,0,0,0,2.9000000000000004,0.0000,0.0000
2017,3,8,4,0,-2.9000000000000004,0,0,0,2.7,0.0000,0.0000
2017,3,8,4,30,-3,0,0,0,2.6,0.0000,0.0000
2017,3,8,5,0,-3.2,0,0,0,2.5,0.0000,0.0000
2017,3,8,5,30,-3.3000000000000003,0,0,0,2.3000000000000003,0.0000,0.0000
2017,3,8,6,0,-3.3000000000000003,0,0,0,2.2,0.0000,0.0000
2017,3,8,6,30,-2.1,0,0,0,2.5,0.0000,0.0000
2017,3,8,7,0,-0.8,3,0,3,2.7,0.0000,0.0000
2017,3,8,7,30,0.8,29,0,29,3.1,0.0000,0.0000
2017,3,8,8,0,2.4000000000000004,115,30,121,3.5,5.7893,4.4243
2017,3,8,8,30,3.9000000000000004,48,796,284,3.8000000000000003,14.1679,10.9282
2017,3,8,9,0,5.4,56,858,380,4,19.8306,15.3958
2017,3,8,9,30,6.300000000000001,60,898,468,3.8000000000000003,25.3130,19.7327
2017,3,8,10,0,7.300000000000001,66,927,549,3.7,30.5000,23.8387
2017,3,8,10,30,7.9,70,951,619,3.4000000000000004,35.0693,27.4575
2017,3,8,11,0,8.6,74,964,675,3.1,38.7824,30.3996
2017,3,8,11,30,9.200000000000001,337,29,356,2.9000000000000004,20.6503,16.1988
2017,3,8,12,0,9.700000000000001,413,158,521,2.7,30.3972,23.8550
2017,3,8,12,30,10.200000000000001,82,979,758,2.6,44.3341,34.7986
2017,3,8,13,0,10.700000000000001,82,974,751,2.5,43.8944,34.4518
2017,3,8,13,30,11,81,969,732,2.4000000000000004,42.6170,33.4395
2017,3,8,14,0,11.4,78,963,698,2.3000000000000003,40.3385,31.6338
2017,3,8,14,30,11.5,75,953,651,2.1,37.1950,29.1422
2017,3,8,15,0,11.700000000000001,67,944,589,1.8,33.1071,25.9036
2017,3,8,15,30,11.5,63,916,514,1.4000000000000001,28.2466,22.0548
2017,3,8,16,0,11.4,58,881,429,1,22.8670,17.7977
2017,3,8,16,30,10.200000000000001,52,828,336,0.8,17.2057,13.3245
2017,3,8,17,0,9.1,47,744,238,0.7000000000000001,11.6281,8.9346
2017,3,8,17,30,6.9,37,621,140,1.1,0.0000,0.0000
2017,3,8,18,0,4.800000000000001,23,398,52,1.4000000000000001,0.0000,0.0000
2017,3,8,18,30,4.1000000000000005,0,0,0,1.7000000000000002,0.0000,0.0000
2017,3,8,19,0,3.4000000000000004,0,0,0,1.9000000000000001,0.0000,0.0000
2017,3,8,19,30,3.1,0,0,0,2.2,0.0000,0.0000
2017,3,8,20,0,2.8000000000000003,0,0,0,2.5,0.0000,0.0000
2017,3,8,20,30,2.5,0,0,0,2.6,0.0000,0.0000
2017,3,8,21,0,2.2,0,0,0,2.7,0.0000,0.0000
2017,3,8,21,30,1.7000000000000002,0,0,0,2.7,0.0000,0.0000
2017,3,8,22,0,1.3,0,0,0,2.6,0.0000,0.0000
2017,3,8,22,30,0.8,0,0,0,2.4000000000000004,0.0000,0.0000
2017,3,8,23,0,0.30000000000000004,0,0,0,2.3000000000000003,0.0000,0.0000
2017,3,8,23,30,-0.2,0,0,0,2,0.0000,0.0000
2017,3,9,0,0,-0.7000000000000001,0,0,0,1.8,0.0000,0.0000
2017,3,9,0,30,-1.1,0,0,0,1.6,0.0000,0.0000
2017,3,9,1,0,-1.5,0,0,0,1.4000000000000001,0.0000,0.0000
2017,3,9,1,30,-1.5,0,0,0,1.4000000000000001,0.0000,0.0000
2017,3,9,2,0,-1.6,0,0,0,1.3,0.0000,0.0000
2017,3,9,2,30,-1.9000000000000001,0,0,0,1.8,0.0000,0.0000
2017,3,9,3,0,-2.2,0,0,0,2.4000000000000004,0.0000,0.0000
2017,3,9,3,30,-2.8000000000000003,0,0,0,2.8000000000000003,0.0000,0.0000
2017,3,9,4,0,-3.4000000000000004,0,0,0,3.2,0.0000,0.0000
2017,3,9,4,30,-3.6,0,0,0,3.5,0.0000,0.0000
2017,3,9,5,0,-3.9000000000000004,0,0,0,3.9000000000000004,0.0000,0.0000
2017,3,9,5,30,-4,0,0,0,4.1000000000000005,0.0000,0.0000
2017,3,9,6,0,-4,0,0,0,4.4,0.0000,0.0000
2017,3,9,6,30,-3.6,0,0,0,4.6000000000000005,0.0000,0.0000
2017,3,9,7,0,-3.2,8,0,8,4.7,0.0000,0.0000
2017,3,9,7,30,-2.3000000000000003,58,13,60,4.9,0.0000,0.0000
2017,3,9,8,0,-1.3,121,66,136,5.2,6.5174,4.9836
2017,3,9,8,30,0,135,325,232,5.300000000000001,11.6094,8.9594
2017,3,9,9,0,1.2000000000000002,146,519,345,5.4,18.0548,14.0219
2017,3,9,9,30,2.4000000000000004,212,316,357,5.4,19.3547,15.0916
2017,3,9,10,0,3.6,248,309,411,5.4,22.8782,17.8848
2017,3,9,10,30,4.4,251,374,469,5.300000000000001,26.6169,20.8427
2017,3,9,11,0,5.300000000000001,207,642,611,5.300000000000001,35.1586,27.5624
2017,3,9,11,30,5.7,215,670,659,5.1000000000000005,38.2791,30.0306
2017,3,9,12,0,6.1000000000000005,100,932,739,5,43.1713,33.8830
2017,3,9,12,30,6.300000000000001,101,935,751,4.800000000000001,43.9775,34.5218
2017,3,9,13,0,6.5,95,940,746,4.7,43.6539,34.2660
2017,3,9,13,30,6.7,94,938,729,4.800000000000001,42.4927,33.3449
2017,3,9,14,0,7,158,747,643,4.800000000000001,37.2058,29.1799
2017,3,9,14,30,7.300000000000001,249,421,505,5.1000000000000005,28.8916,22.6390
2017,3,9,15,0,7.5,213,432,454,5.300000000000001,25.5565,19.9984
2017,3,9,15,30,7.2,62,908,513,5.6000000000000005,28.2389,22.0523
2017,3,9,16,0,6.9,56,876,428,5.9,22.8575,17.7941
2017,3,9,16,30,6,51,823,336,5.9,17.2426,13.3570
2017,3,9,17,0,5.1000000000000005,46,739,239,6,11.7004,8.9939
2017,3,9,17,30,3.7,36,619,142,6,0.0000,0.0000
2017,3,9,18,0,2.3000000000000003,23,380,53,6.1000000000000005,0.0000,0.0000
2017,3,9,18,30,1.1,0,0,0,6.2,0.0000,0.0000
2017,3,9,19,0,-0.1,0,0,0,6.4,0.0000,0.0000
2017,3,9,19,30,-1.2000000000000002,0,0,0,6.300000000000001,0.0000,0.0000
2017,3,9,20,0,-2.2,0,0,0,6.1000000000000005,0.0000,0.0000
2017,3,9,20,30,-2.9000000000000004,0,0,0,5.800000000000001,0.0000,0.0000
2017,3,9,21,0,-3.7,0,0,0,5.5,0.0000,0.0000
2017,3,9,21,30,-4.1000000000000005,0,0,0,5.300000000000001,0.0000,0.0000
2017,3,9,22,0,-4.6000000000000005,0,0,0,5.1000000000000005,0.0000,0.0000
2017,3,9,22,30,-5.1000000000000005,0,0,0,4.9,0.0000,0.0000
2017,3,9,23,0,-5.5,0,0,0,4.7,0.0000,0.0000
2017,3,9,23,30,-5.9,0,0,0,4.7,0.0000,0.0000
2017,3,10,0,0,-6.2,0,0,0,4.6000000000000005,0.0000,0.0000
2017,3,10,0,30,-6.5,0,0,0,4.7,0.0000,0.0000
2017,3,10,1,0,-6.800000000000001,0,0,0,4.7,0.0000,0.0000
2017,3,10,1,30,-6.9,0,0,0,4.7,0.0000,0.0000
2017,3,10,2,0,-7.1000000000000005,0,0,0,4.7,0.0000,0.0000
2017,3,10,2,30,-7.300000000000001,0,0,0,4.9,0.0000,0.0000
2017,3,10,3,0,-7.4,0,0,0,5,0.0000,0.0000
2017,3,10,3,30,-7.6000000000000005,0,0,0,5.1000000000000005,0.0000,0.0000
2017,3,10,4,0,-7.800000000000001,0,0,0,5.2,0.0000,0.0000
2017,3,10,4,30,-7.9,0,0,0,5.1000000000000005,0.0000,0.0000
2017,3,10,5,0,-8.1,0,0,0,5.1000000000000005,0.0000,0.0000
2017,3,10,5,30,-8.200000000000001,0,0,0,5,0.0000,0.0000
2017,3,10,6,0,-8.3,0,0,0,4.800000000000001,0.0000,0.0000
2017,3,10,6,30,-8.1,0,0,0,4.7,0.0000,0.0000
2017,3,10,7,0,-8,5,0,5,4.7,0.0000,0.0000
2017,3,10,7,30,-7.5,22,0,22,4.5,0.0000,0.0000
2017,3,10,8,0,-7.1000000000000005,57,0,57,4.3,2.7366,2.0937
2017,3,10,8,30,-6.5,124,30,133,3.9000000000000004,6.6759,5.1546
2017,3,10,9,0,-5.800000000000001,51,0,51,3.5,2.6764,2.0793
2017,3,10,9,30,-5.300000000000001,158,13,164,3.2,8.9118,6.9505
2017,3,10,10,0,-4.800000000000001,230,35,249,2.9000000000000004,13.8873,10.8582
2017,3,10,10,30,-4.3,208,17,218,2.8000000000000003,12.3925,9.7054
2017,3,10,11,0,-3.7,140,2,141,2.6,8.1253,6.3705
2017,3,10,11,30,-3.2,231,10,237,2.7,13.7848,10.8154
2017,3,10,12,0,-2.6,113,0,113,2.7,6.6096,5.1880
2017,3,10,12,30,-2.3000000000000003,251,14,260,2.9000000000000004,15.2437,11.9672
2017,3,10,13,0,-2,285,24,301,3,17.6347,13.8436
2017,3,10,13,30,-2,330,243,496,3,28.9460,22.7166
2017,3,10,14,0,-2,307,108,378,3.1,21.8995,17.1771
2017,3,10,14,30,-2.2,284,112,352,3.2,20.1647,15.8024
2017,3,10,15,0,-2.4000000000000004,142,0,142,3.3000000000000003,8.0051,6.2649
2017,3,10,15,30,-2.7,127,0,127,3.4000000000000004,7.0025,5.4692
2017,3,10,16,0,-2.9000000000000004,70,0,70,3.5,3.7455,2.9164
2017,3,10,16,30,-3.3000000000000003,28,0,28,3.5,1.4401,1.1159
2017,3,10,17,0,-3.8000000000000003,51,0,51,3.4000000000000004,2.5021,1.9241
2017,3,10,17,30,-4.3,23,0,23,3.3000000000000003,1.0966,0.8357
2017,3,10,18,0,-4.7,20,0,20,3.1,0.0000,0.0000
2017,3,10,18,30,-5,0,0,0,3.2,0.0000,0.0000
2017,3,10,19,0,-5.300000000000001,0,0,0,3.3000000000000003,0.0000,0.0000
2017,3,10,19,30,-5.5,0,0,0,3.2,0.0000,0.0000
2017,3,10,20,0,-5.6000000000000005,0,0,0,3.2,0.0000,0.0000
2017,3,10,20,30,-5.7,0,0,0,3.2,0.0000,0.0000
2017,3,10,21,0,-5.800000000000001,0,0,0,3.2,0.0000,0.0000
2017,3,10,21,30,-5.7,0,0,0,3.2,0.0000,0.0000
2017,3,10,22,0,-5.7,0,0,0,3.2,0.0000,0.0000
2017,3,10,22,30,-5.7,0,0,0,3.2,0.0000,0.0000
2017,3,10,23,0,-5.6000000000000005,0,0,0,3.1,0.0000,0.0000
2017,3,10,23,30,-5.6000000000000005,0,0,0,3,0.0000,0.0000
2017,3,11,0,0,-5.5,0,0,0,2.9000000000000004,0.0000,0.0000
2017,3,11,0,30,-5.5,0,0,0,2.8000000000000003,0.0000,0.0000
2017,3,11,1,0,-5.4,0,0,0,2.8000000000000003,0.0000,0.0000
2017,3,11,1,30,-5.4,0,0,0,2.8000000000000003,0.0000,0.0000
2017,3,11,2,0,-5.4,0,0,0,2.8000000000000003,0.0000,0.0000
2017,3,11,2,30,-5.4,0,0,0,2.8000000000000003,0.0000,0.0000
2017,3,11,3,0,-5.4,0,0,0,2.8000000000000003,0.0000,0.0000
2017,3,11,3,30,-5.4,0,0,0,2.7,0.0000,0.0000
2017,3,11,4,0,-5.4,0,0,0,2.7,0.0000,0.0000
2017,3,11,4,30,-5.4,0,0,0,2.7,0.0000,0.0000
2017,3,11,5,0,-5.4,0,0,0,2.7,0.0000,0.0000
2017,3,11,5,30,-5.4,0,0,0,2.9000000000000004,0.0000,0.0000
2017,3,11,6,0,-5.4,0,0,0,3,0.0000,0.0000
2017,3,11,6,30,-5.2,0,0,0,3,0.0000,0.0000
2017,3,11,7,0,-5.1000000000000005,8,0,8,3.1,0.0000,0.0000
2017,3,11,7,30,-4.800000000000001,36,1,36,2.9000000000000004,0.0000,0.0000
2017,3,11,8,0,-4.5,57,2,57,2.8000000000000003,2.7421,2.0992
2017,3,11,8,30,-4.2,99,7,101,2.8000000000000003,5.0848,3.9279
2017,3,11,9,0,-3.9000000000000004,133,9,137,2.7,7.2091,5.6026
2017,3,11,9,30,-3.6,180,17,188,2.6,10.2392,7.9876
2017,3,11,10,0,-3.2,213,20,224,2.5,12.5167,9.7882
2017,3,11,10,30,-2.9000000000000004,229,15,238,2.3000000000000003,13.5519,10.6149
2017,3,11,11,0,-2.5,257,18,268,2,15.4664,12.1276
2017,3,11,11,30,-2.1,301,30,322,1.7000000000000002,18.7537,14.7155
2017,3,11,12,0,-1.7000000000000002,302,27,321,1.4000000000000001,18.7990,14.7571
2017,3,11,12,30,-1.3,231,5,235,1.1,13.7940,10.8300
2017,3,11,13,0,-0.9,287,21,302,0.8,17.7136,13.9066
2017,3,11,13,30,-0.5,189,4,192,1,11.2181,8.8046
2017,3,11,14,0,-0.1,262,20,275,1.1,15.9512,12.5126
2017,3,11,14,30,0,149,0,149,1.5,8.5466,6.6984
2017,3,11,15,0,0.1,236,2,237,1.8,13.3797,10.4725
2017,3,11,15,30,-0.1,154,0,154,2.1,8.5050,6.6438
2017,3,11,16,0,-0.4,123,0,123,2.3000000000000003,6.5937,5.1352
2017,3,11,16,30,-0.8,99,0,99,2.4000000000000004,5.1024,3.9549
2017,3,11,17,0,-1.3,68,0,68,2.5,3.3430,2.5718
2017,3,11,17,30,-2.1,37,0,37,2.3000000000000003,1.7636,1.3444
2017,3,11,18,0,-2.8000000000000003,28,351,58,2.1,0.0000,0.0000
2017,3,11,18,30,-3.2,0,0,0,2.3000000000000003,0.0000,0.0000
2017,3,11,19,0,-3.6,0,0,0,2.5,0.0000,0.0000
2017,3,11,19,30,-4,0,0,0,2.5,0.0000,0.0000
2017,3,11,20,0,-4.4,0,0,0,2.4000000000000004,0.0000,0.0000
2017,3,11,20,30,-4.7,0,0,0,2.3000000000000003,0.0000,0.0000
2017,3,11,21,0,-5,0,0,0,2.1,0.0000,0.0000
2017,3,11,21,30,-5.2,0,0,0,2,0.0000,0.0000
2017,3,11,22,0,-5.4,0,0,0,1.8,0.0000,0.0000
2017,3,11,22,30,-5.6000000000000005,0,0,0,1.8,0.0000,0.0000
2017,3,11,23,0,-5.800000000000001,0,0,0,1.8,0.0000,0.0000
2017,3,11,23,30,-5.9,0,0,0,1.8,0.0000,0.0000
2017,3,12,0,0,-6.1000000000000005,0,0,0,1.8,0.0000,0.0000
2017,3,12,0,30,-6.2,0,0,0,1.8,0.0000,0.0000
2017,3,12,1,0,-6.2,0,0,0,1.8,0.0000,0.0000
2017,3,12,1,30,-6.300000000000001,0,0,0,1.8,0.0000,0.0000
2017,3,12,2,0,-6.4,0,0,0,1.9000000000000001,0.0000,0.0000
2017,3,12,2,30,-6.5,0,0,0,2,0.0000,0.0000
2017,3,12,3,0,-6.5,0,0,0,2.1,0.0000,0.0000
2017,3,12,3,30,-6.4,0,0,0,2.1,0.0000,0.0000
2017,3,12,4,0,-6.4,0,0,0,2.1,0.0000,0.0000
2017,3,12,4,30,-6.1000000000000005,0,0,0,2.5,0.0000,0.0000
2017,3,12,5,0,-5.800000000000001,0,0,0,2.9000000000000004,0.0000,0.0000
2017,3,12,5,30,-5.7,0,0,0,3.2,0.0000,0.0000
2017,3,12,6,0,-5.5,0,0,0,3.5,0.0000,0.0000
2017,3,12,6,30,-5.1000000000000005,0,0,0,4.1000000000000005,0.0000,0.0000
2017,3,12,7,0,-4.800000000000001,9,0,9,4.7,0.0000,0.0000
2017,3,12,7,30,-4.1000000000000005,19,0,19,5.300000000000001,0.0000,0.0000
2017,3,12,8,0,-3.5,47,1,47,5.9,2.2659,1.7357
2017,3,12,8,30,-2.8000000000000003,153,42,166,6.5,8.3828,6.4786
2017,3,12,9,0,-2.1,50,0,50,7.1000000000000005,2.6380,2.0507
2017,3,12,9,30,-1.1,27,0,27,7.6000000000000005,1.4738,1.1500
2017,3,12,10,0,-0.1,173,11,180,8.200000000000001,10.0774,7.8820
2017,3,12,10,30,1,159,4,162,8.5,9.2391,7.2377
2017,3,12,11,0,2,322,70,367,8.8,21.2103,16.6333
2017,3,12,11,30,2.7,341,135,433,8.700000000000001,25.2507,19.8154
2017,3,12,12,0,3.5,360,144,460,8.700000000000001,26.9713,21.1741
2017,3,12,12,30,3.8000000000000003,335,326,567,8.5,33.3206,26.1630
2017,3,12,13,0,4.1000000000000005,315,364,572,8.3,33.5880,26.3714
2017,3,12,13,30,3.9000000000000004,326,341,562,7.9,32.8734,25.8032
2017,3,12,14,0,3.7,232,4,234,7.6000000000000005,13.5895,10.6610
2017,3,12,14,30,3.3000000000000003,158,2,159,7.1000000000000005,9.1318,7.1578
2017,3,12,15,0,2.8000000000000003,59,0,59,6.5,3.3355,2.6111
2017,3,12,15,30,2.3000000000000003,59,0,59,6,3.2637,2.5498
2017,3,12,16,0,1.9000000000000001,54,0,54,5.5,2.9002,2.2591
2017,3,12,16,30,1.6,59,0,59,5.300000000000001,3.0472,2.3626
2017,3,12,17,0,1.2000000000000002,35,0,35,5.1000000000000005,1.7242,1.3270
2017,3,12,17,30,0.9,32,0,32,4.7,1.5252,1.1630
2017,3,12,18,0,0.5,31,0,31,4.3,0.0000,0.0000
2017,3,12,18,30,0.30000000000000004,0,0,0,3.8000000000000003,0.0000,0.0000
2017,3,12,19,0,0.1,0,0,0,3.2,0.0000,0.0000
2017,3,12,19,30,-0.2,0,0,0,3,0.0000,0.0000
2017,3,12,20,0,-0.5,0,0,0,2.8000000000000003,0.0000,0.0000
2017,3,12,20,30,-0.9,0,0,0,3.3000000000000003,0.0000,0.0000
2017,3,12,21,0,-1.2000000000000002,0,0,0,3.8000000000000003,0.0000,0.0000
2017,3,12,21,30,-1.5,0,0,0,4.3,0.0000,0.0000
2017,3,12,22,0,-1.8,0,0,0,4.800000000000001,0.0000,0.0000
2017,3,12,22,30,-1.8,0,0,0,5.2,0.0000,0.0000
2017,3,12,23,0,-1.9000000000000001,0,0,0,5.6000000000000005,0.0000,0.0000
2017,3,12,23,30,-1.8,0,0,0,6.300000000000001,0.0000,0.0000
2017,3,13,0,0,-1.8,0,0,0,7,0.0000,0.0000
2017,3,13,0,30,-2.1,0,0,0,7.7,0.0000,0.0000
2017,3,13,1,0,-2.3000000000000003,0,0,0,8.4,0.0000,0.0000
2017,3,13,1,30,-2.9000000000000004,0,0,0,9,0.0000,0.0000
2017,3,13,2,0,-3.4000000000000004,0,0,0,9.700000000000001,0.0000,0.0000
2017,3,13,2,30,-4.1000000000000005,0,0,0,10,0.0000,0.0000
2017,3,13,3,0,-4.7,0,0,0,10.200000000000001,0.0000,0.0000
2017,3,13,3,30,-5.1000000000000005,0,0,0,10.200000000000001,0.0000,0.0000
2017,3,13,4,0,-5.5,0,0,0,10.100000000000001,0.0000,0.0000
2017,3,13,4,30,-5.9,0,0,0,9.8,0.0000,0.0000
2017,3,13,5,0,-6.2,0,0,0,9.600000000000001,0.0000,0.0000
2017,3,13,5,30,-6.6000000000000005,0,0,0,9.3,0.0000,0.0000
2017,3,13,6,0,-7.1000000000000005,0,0,0,9.1,0.0000,0.0000
2017,3,13,6,30,-7.300000000000001,0,0,0,8.9,0.0000,0.0000
2017,3,13,7,0,-7.5,8,0,8,8.700000000000001,0.0000,0.0000
2017,3,13,7,30,-7.2,51,0,51,8.4,0.0000,0.0000
2017,3,13,8,0,-6.9,113,1,113,8.1,5.4606,4.1853
2017,3,13,8,30,-6.4,172,4,173,7.7,8.7629,6.7755
2017,3,13,9,0,-5.800000000000001,153,0,153,7.4,8.0936,6.2939
2017,3,13,9,30,-5.4,237,1,237,7.1000000000000005,12.9653,10.1188
2017,3,13,10,0,-4.9,279,21,290,6.800000000000001,16.2656,12.7241
2017,3,13,10,30,-4.5,456,84,507,6.6000000000000005,28.9615,22.6909
2017,3,13,11,0,-4.1000000000000005,489,205,622,6.4,35.9972,28.2324
2017,3,13,11,30,-3.7,402,384,664,6.300000000000001,38.7714,30.4287
2017,3,13,12,0,-3.3000000000000003,453,288,657,6.2,38.5679,30.2807
2017,3,13,12,30,-3,452,5,456,6.1000000000000005,26.8283,21.0671
2017,3,13,13,0,-2.7,478,14,488,6,28.6880,22.5261
2017,3,13,13,30,-2.7,390,1,391,5.9,22.8971,17.9740
2017,3,13,14,0,-2.7,392,3,393,5.7,22.8498,17.9273
2017,3,13,14,30,-2.8000000000000003,355,40,380,5.5,21.8518,17.1297
2017,3,13,15,0,-2.9000000000000004,349,67,388,5.300000000000001,21.9649,17.1963
2017,3,13,15,30,-3.2,321,97,371,5.1000000000000005,20.5538,16.0607
2017,3,13,16,0,-3.4000000000000004,258,54,282,4.9,15.1731,11.8216
2017,3,13,16,30,-3.8000000000000003,229,125,275,4.7,14.2338,11.0390
2017,3,13,17,0,-4.2,107,5,108,4.5,5.3317,4.1050
2017,3,13,17,30,-4.7,90,10,92,4.4,4.3856,3.3449
2017,3,13,18,0,-5.1000000000000005,24,0,24,4.2,0.0000,0.0000
2017,3,13,18,30,-5.300000000000001,0,0,0,4.1000000000000005,0.0000,0.0000
2017,3,13,19,0,-5.6000000000000005,0,0,0,3.9000000000000004,0.0000,0.0000
2017,3,13,19,30,-5.9,0,0,0,3.8000000000000003,0.0000,0.0000
2017,3,13,20,0,-6.2,0,0,0,3.7,0.0000,0.0000
2017,3,13,20,30,-6.4,0,0,0,3.5,0.0000,0.0000
2017,3,13,21,0,-6.6000000000000005,0,0,0,3.4000000000000004,0.0000,0.0000
2017,3,13,21,30,-6.7,0,0,0,3.3000000000000003,0.0000,0.0000
2017,3,13,22,0,-6.800000000000001,0,0,0,3.2,0.0000,0.0000
2017,3,13,22,30,-7,0,0,0,3.1,0.0000,0.0000
2017,3,13,23,0,-7.1000000000000005,0,0,0,3.1,0.0000,0.0000
2017,3,13,23,30,-7.2,0,0,0,2.9000000000000004,0.0000,0.0000
2017,3,14,0,0,-7.2,0,0,0,2.8000000000000003,0.0000,0.0000
2017,3,14,0,30,-7.300000000000001,0,0,0,2.7,0.0000,0.0000
2017,3,14,1,0,-7.4,0,0,0,2.6,0.0000,0.0000
2017,3,14,1,30,-7.4,0,0,0,2.6,0.0000,0.0000
2017,3,14,2,0,-7.5,0,0,0,2.5,0.0000,0.0000
2017,3,14,2,30,-7.5,0,0,0,2.5,0.0000,0.0000
2017,3,14,3,0,-7.6000000000000005,0,0,0,2.5,0.0000,0.0000
2017,3,14,3,30,-7.6000000000000005,0,0,0,2.5,0.0000,0.0000
2017,3,14,4,0,-7.6000000000000005,0,0,0,2.5,0.0000,0.0000
2017,3,14,4,30,-7.6000000000000005,0,0,0,2.5,0.0000,0.0000
2017,3,14,5,0,-7.6000000000000005,0,0,0,2.5,0.0000,0.0000
2017,3,14,5,30,-7.7,0,0,0,2.5,0.0000,0.0000
2017,3,14,6,0,-7.7,0,0,0,2.5,0.0000,0.0000
2017,3,14,6,30,-7.5,0,0,0,2.6,0.0000,0.0000
2017,3,14,7,0,-7.300000000000001,15,0,15,2.7,0.0000,0.0000
2017,3,14,7,30,-6.9,45,0,45,2.7,0.0000,0.0000
2017,3,14,8,0,-6.5,88,3,89,2.8000000000000003,4.3117,3.3068
2017,3,14,8,30,-6,89,1,89,2.8000000000000003,4.5217,3.4978
2017,3,14,9,0,-5.5,222,3,223,2.8000000000000003,11.8285,9.2011
2017,3,14,9,30,-5,293,75,329,2.8000000000000003,18.0373,14.0801
2017,3,14,10,0,-4.5,280,1,280,2.8000000000000003,15.7338,12.3101
2017,3,14,10,30,-4,430,54,463,2.7,26.4898,20.7570
2017,3,14,11,0,-3.5,390,2,392,2.7,22.7178,17.8194
2017,3,14,11,30,-3.1,378,1,379,2.7,22.1580,17.3917
2017,3,14,12,0,-2.6,353,1,354,2.7,20.8051,16.3361
2017,3,14,12,30,-2.3000000000000003,485,11,493,2.7,29.0372,22.8034
2017,3,14,13,0,-1.9000000000000001,546,97,616,2.7,36.2521,28.4677
2017,3,14,13,30,-1.7000000000000002,544,115,625,2.6,36.6413,28.7654
2017,3,14,14,0,-1.5,521,133,610,2.6,35.5071,27.8603
2017,3,14,14,30,-1.5,469,74,515,2.5,29.6515,23.2462
2017,3,14,15,0,-1.5,375,13,383,2.5,21.7116,17.0000
2017,3,14,15,30,-1.6,317,8,322,2.4000000000000004,17.8672,13.9633
2017,3,14,16,0,-1.6,297,26,309,2.3000000000000003,16.6549,12.9784
2017,3,14,16,30,-2,144,0,145,2.2,7.5206,5.8341
2017,3,14,17,0,-2.3000000000000003,158,5,159,2.1,7.8653,6.0579
2017,3,14,17,30,-3,95,1,95,1.6,4.5300,3.4562
2017,3,14,18,0,-3.7,44,1,44,1.1,0.0000,0.0000
2017,3,14,18,30,-3.9000000000000004,0,0,0,1.1,0.0000,0.0000
2017,3,14,19,0,-4.2,0,0,0,1.1,0.0000,0.0000
2017,3,14,19,30,-4.5,0,0,0,1.2000000000000002,0.0000,0.0000
2017,3,14,20,0,-4.800000000000001,0,0,0,1.3,0.0000,0.0000
2017,3,14,20,30,-5.2,0,0,0,1.4000000000000001,0.0000,0.0000
2017,3,14,21,0,-5.7,0,0,0,1.5,0.0000,0.0000
2017,3,14,21,30,-5.9,0,0,0,1.6,0.0000,0.0000
2017,3,14,22,0,-6.2,0,0,0,1.6,0.0000,0.0000
2017,3,14,22,30,-6.1000000000000005,0,0,0,1.8,0.0000,0.0000
2017,3,14,23,0,-6,0,0,0,2,0.0000,0.0000
2017,3,14,23,30,-6.1000000000000005,0,0,0,2,0.0000,0.0000
2017,3,15,0,0,-6.2,0,0,0,2.1,0.0000,0.0000
2017,3,15,0,30,-6.4,0,0,0,2.1,0.0000,0.0000
2017,3,15,1,0,-6.6000000000000005,0,0,0,2.2,0.0000,0.0000
2017,3,15,1,30,-6.800000000000001,0,0,0,2.1,0.0000,0.0000
2017,3,15,2,0,-7.1000000000000005,0,0,0,1.9000000000000001,0.0000,0.0000
2017,3,15,2,30,-7.300000000000001,0,0,0,2,0.0000,0.0000
2017,3,15,3,0,-7.4,0,0,0,2.1,0.0000,0.0000
2017,3,15,3,30,-7.5,0,0,0,2.4000000000000004,0.0000,0.0000
2017,3,15,4,0,-7.5,0,0,0,2.6,0.0000,0.0000
2017,3,15,4,30,-7.5,0,0,0,2.9000000000000004,0.0000,0.0000
2017,3,15,5,0,-7.4,0,0,0,3.2,0.0000,0.0000
2017,3,15,5,30,-7.4,0,0,0,3.3000000000000003,0.0000,0.0000
2017,3,15,6,0,-7.4,0,0,0,3.5,0.0000,0.0000
2017,3,15,6,30,-6.9,0,0,0,3.8000000000000003,0.0000,0.0000
2017,3,15,7,0,-6.5,18,0,18,4.2,0.0000,0.0000
2017,3,15,7,30,-5.4,29,0,29,4.6000000000000005,0.0000,0.0000
2017,3,15,8,0,-4.4,96,5,97,5.1000000000000005,4.7113,3.6154
2017,3,15,8,30,-3.2,72,0,72,5.300000000000001,3.6694,2.8397
2017,3,15,9,0,-2,106,0,106,5.5,5.6370,4.3862
2017,3,15,9,30,-1,162,0,162,5.5,8.9005,6.9493
2017,3,15,10,0,0.1,86,0,86,5.6000000000000005,4.8411,3.7883
2017,3,15,10,30,1,228,4,231,5.6000000000000005,13.2363,10.3730
2017,3,15,11,0,1.9000000000000001,247,4,250,5.7,14.5082,11.3811
2017,3,15,11,30,2.7,369,32,391,5.7,22.8873,17.9657
2017,3,15,12,0,3.4000000000000004,454,145,558,5.7,32.8332,25.7826
2017,3,15,12,30,4,442,254,627,5.6000000000000005,36.9706,29.0359
2017,3,15,13,0,4.5,410,358,668,5.6000000000000005,39.3554,30.9071
2017,3,15,13,30,5,337,502,690,5.5,40.4955,31.7936
2017,3,15,14,0,5.5,324,489,654,5.4,38.1123,29.9070
2017,3,15,14,30,5.7,289,514,615,5.300000000000001,35.4522,27.7965
2017,3,15,15,0,5.9,249,529,557,5.2,31.6168,24.7583
2017,3,15,15,30,5.7,221,521,492,4.9,27.3409,21.3701
2017,3,15,16,0,5.6000000000000005,201,442,400,4.7,21.5983,16.8339
2017,3,15,16,30,4.5,154,528,350,3.9000000000000004,18.1901,14.1148
2017,3,15,17,0,3.4000000000000004,180,68,199,3.1,9.8649,7.6009
2017,3,15,17,30,1.8,115,25,119,3.1,5.6769,4.3326
2017,3,15,18,0,0.30000000000000004,32,347,66,3.1,0.0000,0.0000
2017,3,15,18,30,0,0,0,0,3.7,0.0000,0.0000
2017,3,15,19,0,-0.2,0,0,0,4.3,0.0000,0.0000
2017,3,15,19,30,-0.6000000000000001,0,0,0,4.5,0.0000,0.0000
2017,3,15,20,0,-1,0,0,0,4.6000000000000005,0.0000,0.0000
2017,3,15,20,30,-1.2000000000000002,0,0,0,4.7,0.0000,0.0000
2017,3,15,21,0,-1.5,0,0,0,4.7,0.0000,0.0000
2017,3,15,21,30,-1.5,0,0,0,4.7,0.0000,0.0000
2017,3,15,22,0,-1.6,0,0,0,4.7,0.0000,0.0000
2017,3,15,22,30,-1.6,0,0,0,4.7,0.0000,0.0000
2017,3,15,23,0,-1.6,0,0,0,4.7,0.0000,0.0000
2017,3,15,23,30,-1.6,0,0,0,4.7,0.0000,0.0000
2017,3,16,0,0,-1.6,0,0,0,4.7,0.0000,0.0000
2017,3,16,0,30,-1.7000000000000002,0,0,0,4.6000000000000005,0.0000,0.0000
2017,3,16,1,0,-1.8,0,0,0,4.5,0.0000,0.0000
2017,3,16,1,30,-1.9000000000000001,0,0,0,4.4,0.0000,0.0000
2017,3,16,2,0,-2,0,0,0,4.2,0.0000,0.0000
2017,3,16,2,30,-2.1,0,0,0,4.2,0.0000,0.0000
2017,3,16,3,0,-2.1,0,0,0,4.1000000000000005,0.0000,0.0000
2017,3,16,3,30,-2.1,0,0,0,4.1000000000000005,0.0000,0.0000
2017,3,16,4,0,-2.2,0,0,0,4.1000000000000005,0.0000,0.0000
2017,3,16,4,30,-2.2,0,0,0,4.1000000000000005,0.0000,0.0000
2017,3,16,5,0,-2.2,0,0,0,4.1000000000000005,0.0000,0.0000
2017,3,16,5,30,-2.3000000000000003,0,0,0,4.2,0.0000,0.0000
2017,3,16,6,0,-2.3000000000000003,0,0,0,4.2,0.0000,0.0000
2017,3,16,6,30,-1.8,0,0,0,4.5,0.0000,0.0000
2017,3,16,7,0,-1.3,23,237,38,4.800000000000001,0.0000,0.0000
2017,3,16,7,30,0,81,32,86,5.300000000000001,0.0000,0.0000
2017,3,16,8,0,1.4000000000000001,126,51,139,5.800000000000001,6.7692,5.1976
2017,3,16,8,30,2.9000000000000004,167,242,250,6.1000000000000005,12.7789,9.8938
2017,3,16,9,0,4.5,150,484,354,6.4,18.8734,14.6898
2017,3,16,9,30,5.9,199,417,406,6.5,22.3542,17.4572
2017,3,16,10,0,7.4,214,448,466,6.6000000000000005,26.2790,20.5670
2017,3,16,10,30,8.700000000000001,191,551,532,6.7,30.5301,23.9288
2017,3,16,11,0,10.100000000000001,100,897,696,6.800000000000001,40.4449,31.7306
2017,3,16,11,30,11.200000000000001,102,912,740,6.9,43.3690,34.0462
2017,3,16,12,0,12.3,104,918,766,7.1000000000000005,45.1229,35.4361
2017,3,16,12,30,13.200000000000001,389,353,646,7.1000000000000005,38.1314,29.9499
2017,3,16,13,0,14.100000000000001,364,413,664,7.1000000000000005,39.1609,30.7566
2017,3,16,13,30,14.700000000000001,167,704,666,7,39.1294,30.7235
2017,3,16,14,0,15.3,236,511,583,6.800000000000001,34.0123,26.6919
2017,3,16,14,30,15.600000000000001,356,267,527,6.6000000000000005,30.4158,23.8499
2017,3,16,15,0,16,258,354,467,6.300000000000001,26.5436,20.7880
2017,3,16,15,30,15.600000000000001,274,125,339,5.7,18.8663,14.7482
2017,3,16,16,0,15.3,231,215,328,5,17.7408,13.8297
2017,3,16,16,30,13.600000000000001,195,63,218,4.2,11.3518,8.8107
2017,3,16,17,0,11.8,30,0,30,3.5,1.4902,1.1486
2017,3,16,17,30,10.3,54,505,154,3.4000000000000004,7.3509,5.6120
2017,3,16,18,0,8.8,35,300,66,3.2,0.0000,0.0000
2017,3,16,18,30,8.3,0,0,0,3,0.0000,0.0000
2017,3,16,19,0,7.9,0,0,0,2.9000000000000004,0.0000,0.0000
2017,3,16,19,30,7.4,0,0,0,2.6,0.0000,0.0000
2017,3,16,20,0,6.9,0,0,0,2.3000000000000003,0.0000,0.0000
2017,3,16,20,30,6.5,0,0,0,2.1,0.0000,0.0000
2017,3,16,21,0,6.1000000000000005,0,0,0,1.9000000000000001,0.0000,0.0000
2017,3,16,21,30,5.9,0,0,0,1.8,0.0000,0.0000
2017,3,16,22,0,5.6000000000000005,0,0,0,1.7000000000000002,0.0000,0.0000
2017,3,16,22,30,5.4,0,0,0,2.1,0.0000,0.0000
2017,3,16,23,0,5.2,0,0,0,2.5,0.0000,0.0000
2017,3,16,23,30,5.2,0,0,0,3.4000000000000004,0.0000,0.0000
2017,3,17,0,0,5.2,0,0,0,4.3,0.0000,0.0000
2017,3,17,0,30,5,0,0,0,4.9,0.0000,0.0000
2017,3,17,1,0,4.800000000000001,0,0,0,5.4,0.0000,0.0000
2017,3,17,1,30,4.7,0,0,0,5.6000000000000005,0.0000,0.0000
2017,3,17,2,0,4.6000000000000005,0,0,0,5.7,0.0000,0.0000
2017,3,17,2,30,4.2,0,0,0,5.5,0.0000,0.0000
2017,3,17,3,0,3.8000000000000003,0,0,0,5.2,0.0000,0.0000
2017,3,17,3,30,3.2,0,0,0,4.800000000000001,0.0000,0.0000
2017,3,17,4,0,2.6,0,0,0,4.4,0.0000,0.0000
2017,3,17,4,30,2.2,0,0,0,4.1000000000000005,0.0000,0.0000
2017,3,17,5,0,1.9000000000000001,0,0,0,3.8000000000000003,0.0000,0.0000
2017,3,17,5,30,2,0,0,0,3.8000000000000003,0.0000,0.0000
2017,3,17,6,0,2.2,0,0,0,3.8000000000000003,0.0000,0.0000
2017,3,17,6,30,2.8000000000000003,0,0,0,4,0.0000,0.0000
2017,3,17,7,0,3.5,29,3,29,4.2,0.0000,0.0000
2017,3,17,7,30,4.6000000000000005,86,56,95,4.1000000000000005,0.0000,0.0000
2017,3,17,8,0,5.6000000000000005,51,697,230,4,11.2324,8.6298
2017,3,17,8,30,7.4,60,782,329,4.2,16.8668,13.0642
2017,3,17,9,0,9.1,66,844,426,4.3,22.7691,17.7268
2017,3,17,9,30,10.9,71,890,518,4.800000000000001,28.5797,22.3233
2017,3,17,10,0,12.700000000000001,74,924,599,5.300000000000001,33.8371,26.4861
2017,3,17,10,30,14.100000000000001,77,946,668,5.9,38.3923,30.0945
2017,3,17,11,0,15.600000000000001,78,969,727,6.6000000000000005,42.3020,33.1909
2017,3,17,11,30,16,80,980,769,6.800000000000001,45.1226,35.4259
2017,3,17,12,0,16.5,82,985,796,7,46.9420,36.8676
2017,3,17,12,30,16.7,82,993,811,7.4,47.9222,37.6427
2017,3,17,13,0,16.8,319,409,618,7.7,36.4856,28.6575
2017,3,17,13,30,16.6,275,502,633,7.9,37.2292,29.2337
2017,3,17,14,0,16.400000000000002,237,567,625,8.1,36.5023,28.6483
2017,3,17,14,30,15.9,81,956,697,8,40.2733,31.5823
2017,3,17,15,0,15.4,79,936,632,7.9,35.9678,28.1716
2017,3,17,15,30,14.8,75,915,559,7.6000000000000005,31.1552,24.3579
2017,3,17,16,0,14.100000000000001,139,639,431,7.2,23.3510,18.2064
2017,3,17,16,30,13,64,825,376,6.4,19.6186,15.2309
2017,3,17,17,0,11.9,55,756,276,5.6000000000000005,13.7393,10.5938
2017,3,17,17,30,10.100000000000001,88,299,148,4.800000000000001,7.0698,5.3994
2017,3,17,18,0,8.4,53,17,55,4.1000000000000005,0.0000,0.0000
2017,3,17,18,30,7.4,0,0,0,3.9000000000000004,0.0000,0.0000
2017,3,17,19,0,6.4,0,0,0,3.6,0.0000,0.0000
2017,3,17,19,30,5.5,0,0,0,3.3000000000000003,0.0000,0.0000
2017,3,17,20,0,4.7,0,0,0,2.9000000000000004,0.0000,0.0000
2017,3,17,20,30,3.9000000000000004,0,0,0,2.8000000000000003,0.0000,0.0000
2017,3,17,21,0,3.1,0,0,0,2.6,0.0000,0.0000
2017,3,17,21,30,2.4000000000000004,0,0,0,2.6,0.0000,0.0000
2017,3,17,22,0,1.6,0,0,0,2.5,0.0000,0.0000
2017,3,17,22,30,0.9,0,0,0,2.4000000000000004,0.0000,0.0000
2017,3,17,23,0,0.30000000000000004,0,0,0,2.4000000000000004,0.0000,0.0000
2017,3,17,23,30,-0.30000000000000004,0,0,0,2.4000000000000004,0.0000,0.0000
2017,3,18,0,0,-0.9,0,0,0,2.3000000000000003,0.0000,0.0000
2017,3,18,0,30,-1.4000000000000001,0,0,0,2.3000000000000003,0.0000,0.0000
2017,3,18,1,0,-1.9000000000000001,0,0,0,2.2,0.0000,0.0000
2017,3,18,1,30,-2.2,0,0,0,2.3000000000000003,0.0000,0.0000
2017,3,18,2,0,-2.5,0,0,0,2.3000000000000003,0.0000,0.0000
2017,3,18,2,30,-2.6,0,0,0,2.4000000000000004,0.0000,0.0000
2017,3,18,3,0,-2.7,0,0,0,2.5,0.0000,0.0000
2017,3,18,3,30,-2.7,0,0,0,2.6,0.0000,0.0000
2017,3,18,4,0,-2.8000000000000003,0,0,0,2.7,0.0000,0.0000
2017,3,18,4,30,-2.8000000000000003,0,0,0,2.6,0.0000,0.0000
2017,3,18,5,0,-2.9000000000000004,0,0,0,2.6,0.0000,0.0000
2017,3,18,5,30,-2.7,0,0,0,2.6,0.0000,0.0000
2017,3,18,6,0,-2.5,0,0,0,2.7,0.0000,0.0000
2017,3,18,6,30,-1.6,0,0,0,3.1,0.0000,0.0000
2017,3,18,7,0,-0.7000000000000001,12,0,12,3.6,0.0000,0.0000
2017,3,18,7,30,0.6000000000000001,25,0,25,3.3000000000000003,0.0000,0.0000
2017,3,18,8,0,1.9000000000000001,39,0,39,3.1,1.9099,1.4682
2017,3,18,8,30,3.1,54,0,54,2.9000000000000004,2.7765,2.1514
2017,3,18,9,0,4.4,118,0,118,2.7,6.3225,4.9237
2017,3,18,9,30,5.300000000000001,229,13,235,2.2,12.9919,10.1498
2017,3,18,10,0,6.1000000000000005,329,84,377,1.8,21.3333,16.7012
2017,3,18,10,30,7,293,14,302,1.5,17.3826,13.6272
2017,3,18,11,0,7.800000000000001,389,115,466,1.1,27.1502,21.3046
2017,3,18,11,30,8.6,410,130,502,0.9,29.4905,23.1551
2017,3,18,12,0,9.3,259,698,768,0.6000000000000001,45.3401,35.6122
2017,3,18,12,30,10.100000000000001,90,944,788,0.8,46.6121,36.6164
2017,3,18,13,0,10.8,89,946,784,1,46.3341,36.3957
2017,3,18,13,30,11.4,87,941,763,1.2000000000000002,44.9222,35.2772
2017,3,18,14,0,12,83,937,728,1.5,42.5635,33.4080
2017,3,18,14,30,12.4,81,923,678,1.7000000000000002,39.2211,30.7599
2017,3,18,15,0,12.8,74,914,618,1.9000000000000001,35.2153,27.5851
2017,3,18,15,30,12.9,70,887,543,2,30.3069,23.6978
2017,3,18,16,0,13,160,561,419,2.1,22.7386,17.7319
2017,3,18,16,30,12.100000000000001,144,517,341,1.7000000000000002,17.8278,13.8440
2017,3,18,17,0,11.100000000000001,123,285,207,1.3,10.3256,7.9644
2017,3,18,17,30,9,110,77,125,1.5,5.9764,4.5660
2017,3,18,18,0,6.9,51,4,51,1.6,0.0000,0.0000
2017,3,18,18,30,6.2,0,0,0,2,0.0000,0.0000
2017,3,18,19,0,5.6000000000000005,0,0,0,2.3000000000000003,0.0000,0.0000
2017,3,18,19,30,5.4,0,0,0,2.6,0.0000,0.0000
2017,3,18,20,0,5.2,0,0,0,2.9000000000000004,0.0000,0.0000
2017,3,18,20,30,5,0,0,0,3.2,0.0000,0.0000
2017,3,18,21,0,4.9,0,0,0,3.4000000000000004,0.0000,0.0000
2017,3,18,21,30,4.7,0,0,0,3.5,0.0000,0.0000
2017,3,18,22,0,4.5,0,0,0,3.7,0.0000,0.0000
2017,3,18,22,30,4.3,0,0,0,3.8000000000000003,0.0000,0.0000
2017,3,18,23,0,4.1000000000000005,0,0,0,3.9000000000000004,0.0000,0.0000
2017,3,18,23,30,3.8000000000000003,0,0,0,3.9000000000000004,0.0000,0.0000
2017,3,19,0,0,3.5,0,0,0,3.9000000000000004,0.0000,0.0000
2017,3,19,0,30,3.2,0,0,0,3.9000000000000004,0.0000,0.0000
2017,3,19,1,0,2.9000000000000004,0,0,0,3.8000000000000003,0.0000,0.0000
2017,3,19,1,30,2.8000000000000003,0,0,0,3.9000000000000004,0.0000,0.0000
2017,3,19,2,0,2.7,0,0,0,4,0.0000,0.0000
2017,3,19,2,30,2.6,0,0,0,4.1000000000000005,0.0000,0.0000
2017,3,19,3,0,2.5,0,0,0,4.2,0.0000,0.0000
2017,3,19,3,30,2.3000000000000003,0,0,0,4.3,0.0000,0.0000
2017,3,19,4,0,2.1,0,0,0,4.3,0.0000,0.0000
2017,3,19,4,30,1.9000000000000001,0,0,0,4.5,0.0000,0.0000
2017,3,19,5,0,1.8,0,0,0,4.7,0.0000,0.0000
2017,3,19,5,30,1.7000000000000002,0,0,0,4.800000000000001,0.0000,0.0000
2017,3,19,6,0,1.6,0,0,0,5,0.0000,0.0000
2017,3,19,6,30,2.3000000000000003,0,0,0,5.2,0.0000,0.0000
2017,3,19,7,0,2.9000000000000004,26,1,26,5.4,0.0000,0.0000
2017,3,19,7,30,4.4,87,67,98,5.4,4.6725,3.5609
2017,3,19,8,0,6,146,90,171,5.4,8.3990,6.4604
2017,3,19,8,30,8.200000000000001,172,299,278,5.9,14.3355,11.1123
2017,3,19,9,0,10.4,231,230,332,6.4,17.8320,13.8905
2017,3,19,9,30,12.4,86,806,499,6.300000000000001,27.6436,21.6005
2017,3,19,10,0,14.5,92,841,578,6.300000000000001,32.7614,25.6515
2017,3,19,10,30,16.2,96,865,645,6.2,37.1787,29.1500
2017,3,19,11,0,18,98,886,700,6.1000000000000005,40.8355,32.0464
2017,3,19,11,30,19.400000000000002,100,896,739,6,43.4635,34.1291
2017,3,19,12,0,20.8,105,896,763,5.9,45.0930,35.4208
2017,3,19,12,30,21.8,213,572,638,5.7,37.7773,29.6783
2017,3,19,13,0,22.8,343,321,580,5.5,34.3120,26.9542
2017,3,19,13,30,23.3,290,402,580,5,34.1823,26.8451
2017,3,19,14,0,23.8,201,584,606,4.5,35.4680,27.8409
2017,3,19,14,30,24,216,585,597,3.9000000000000004,34.5738,27.1175
2017,3,19,15,0,24.1,191,547,519,3.3000000000000003,29.6107,23.1972
2017,3,19,15,30,23.8,186,571,492,2.5,27.4993,21.5052
2017,3,19,16,0,23.5,86,758,439,1.7000000000000002,23.8632,18.6120
2017,3,19,16,30,22.700000000000003,78,702,349,1.2000000000000002,18.2805,14.1989
2017,3,19,17,0,21.900000000000002,66,637,256,0.8,12.7961,9.8733
2017,3,19,17,30,21.1,110,89,129,0.7000000000000001,6.1735,4.7183
2017,3,19,18,0,20.3,51,12,52,0.7000000000000001,0.0000,0.0000
2017,3,19,18,30,18.7,6,0,6,1,0.0000,0.0000
2017,3,19,19,0,17.1,0,0,0,1.4000000000000001,0.0000,0.0000
2017,3,19,19,30,15.9,0,0,0,1.7000000000000002,0.0000,0.0000
2017,3,19,20,0,14.700000000000001,0,0,0,2,0.0000,0.0000
2017,3,19,20,30,14.3,0,0,0,2.7,0.0000,0.0000
2017,3,19,21,0,14,0,0,0,3.4000000000000004,0.0000,0.0000
2017,3,19,21,30,13.5,0,0,0,4.2,0.0000,0.0000
2017,3,19,22,0,12.9,0,0,0,4.9,0.0000,0.0000
2017,3,19,22,30,12,0,0,0,5.1000000000000005,0.0000,0.0000
2017,3,19,23,0,11,0,0,0,5.300000000000001,0.0000,0.0000
2017,3,19,23,30,10.200000000000001,0,0,0,5.300000000000001,0.0000,0.0000
2017,3,20,0,0,9.4,0,0,0,5.4,0.0000,0.0000
2017,3,20,0,30,8.8,0,0,0,5.4,0.0000,0.0000
2017,3,20,1,0,8.200000000000001,0,0,0,5.4,0.0000,0.0000
2017,3,20,1,30,7.6000000000000005,0,0,0,5.2,0.0000,0.0000
2017,3,20,2,0,6.9,0,0,0,4.9,0.0000,0.0000
2017,3,20,2,30,6.5,0,0,0,4.7,0.0000,0.0000
2017,3,20,3,0,6,0,0,0,4.4,0.0000,0.0000
2017,3,20,3,30,5.7,0,0,0,4.4,0.0000,0.0000
2017,3,20,4,0,5.4,0,0,0,4.4,0.0000,0.0000
2017,3,20,4,30,5.2,0,0,0,4.6000000000000005,0.0000,0.0000
2017,3,20,5,0,4.9,0,0,0,4.7,0.0000,0.0000
2017,3,20,5,30,4.800000000000001,0,0,0,4.9,0.0000,0.0000
2017,3,20,6,0,4.6000000000000005,0,0,0,5,0.0000,0.0000
2017,3,20,6,30,5.2,0,0,0,5.300000000000001,0.0000,0.0000
2017,3,20,7,0,5.800000000000001,25,367,57,5.6000000000000005,0.0000,0.0000
2017,3,20,7,30,7.2,42,572,145,6,6.9112,5.2689
2017,3,20,8,0,8.6,54,690,242,6.300000000000001,11.9208,9.1743
2017,3,20,8,30,10.100000000000001,63,771,341,6.800000000000001,17.6362,13.6763
2017,3,20,9,0,11.700000000000001,71,822,435,7.2,23.4217,18.2496
2017,3,20,9,30,12.8,76,863,523,7.2,29.0299,22.6878
2017,3,20,10,0,13.9,82,887,600,7.2,34.0652,26.6761
2017,3,20,10,30,14.8,233,478,538,7.1000000000000005,31.0541,24.3506
2017,3,20,11,0,15.600000000000001,232,508,580,6.9,33.8774,26.5883
2017,3,20,11,30,16.2,92,933,762,6.7,44.8671,35.2341
2017,3,20,12,0,16.8,195,614,649,6.4,38.3959,30.1625
2017,3,20,12,30,17.1,95,938,796,6.300000000000001,47.1807,37.0683
2017,3,20,13,0,17.400000000000002,99,929,789,6.1000000000000005,46.7219,36.7055
2017,3,20,13,30,17.3,98,920,767,6,45.2479,35.5380
2017,3,20,14,0,17.2,314,393,588,5.9,34.4503,27.0441
2017,3,20,14,30,16.7,101,880,678,5.800000000000001,39.3091,30.8342
2017,3,20,15,0,16.3,101,848,613,5.7,35.0165,27.4349
2017,3,20,15,30,15.700000000000001,96,818,538,5.6000000000000005,30.1109,23.5504
2017,3,20,16,0,15.100000000000001,89,778,454,5.4,24.7187,19.2824
2017,3,20,16,30,14.3,81,723,362,4.800000000000001,18.9970,14.7587
2017,3,20,17,0,13.4,117,397,237,4.1000000000000005,11.8718,9.1634
2017,3,20,17,30,11.9,110,103,131,3.4000000000000004,6.2758,4.7983
2017,3,20,18,0,10.4,55,5,56,2.7,0.0000,0.0000
2017,3,20,18,30,9.600000000000001,7,0,7,2.7,0.0000,0.0000
2017,3,20,19,0,8.8,0,0,0,2.8000000000000003,0.0000,0.0000
2017,3,20,19,30,8.4,0,0,0,2.9000000000000004,0.0000,0.0000
2017,3,20,20,0,7.9,0,0,0,3,0.0000,0.0000
2017,3,20,20,30,7.5,0,0,0,3.1,0.0000,0.0000
2017,3,20,21,0,7.2,0,0,0,3.3000000000000003,0.0000,0.0000
2017,3,20,21,30,6.5,0,0,0,3.1,0.0000,0.0000
2017,3,20,22,0,5.7,0,0,0,2.9000000000000004,0.0000,0.0000
2017,3,20,22,30,5.4,0,0,0,3,0.0000,0.0000
2017,3,20,23,0,5,0,0,0,3.2,0.0000,0.0000
2017,3,20,23,30,4.9,0,0,0,3.5,0.0000,0.0000
2017,3,21,0,0,4.800000000000001,0,0,0,3.8000000000000003,0.0000,0.0000
2017,3,21,0,30,4.5,0,0,0,3.7,0.0000,0.0000
2017,3,21,1,0,4.2,0,0,0,3.7,0.0000,0.0000
2017,3,21,1,30,4,0,0,0,3.7,0.0000,0.0000
2017,3,21,2,0,3.8000000000000003,0,0,0,3.7,0.0000,0.0000
2017,3,21,2,30,3.7,0,0,0,3.8000000000000003,0.0000,0.0000
2017,3,21,3,0,3.6,0,0,0,3.9000000000000004,0.0000,0.0000
2017,3,21,3,30,3.5,0,0,0,4.3,0.0000,0.0000
2017,3,21,4,0,3.4000000000000004,0,0,0,4.6000000000000005,0.0000,0.0000
2017,3,21,4,30,2.9000000000000004,0,0,0,4.9,0.0000,0.0000
2017,3,21,5,0,2.4000000000000004,0,0,0,5.2,0.0000,0.0000
2017,3,21,5,30,1.9000000000000001,0,0,0,5.2,0.0000,0.0000
2017,3,21,6,0,1.4000000000000001,0,0,0,5.2,0.0000,0.0000
2017,3,21,6,30,1.2000000000000002,0,0,0,5,0.0000,0.0000
2017,3,21,7,0,1.1,13,0,13,4.9,0.0000,0.0000
2017,3,21,7,30,1.6,50,2,50,5,2.3834,1.8178
2017,3,21,8,0,2.1,57,1,57,5.1000000000000005,2.8163,2.1686
2017,3,21,8,30,3,94,2,95,5.300000000000001,4.9273,3.8223
2017,3,21,9,0,3.9000000000000004,194,39,212,5.5,11.4416,8.9172
2017,3,21,9,30,4.800000000000001,11,0,11,5.5,0.6117,0.4782
2017,3,21,10,0,5.6000000000000005,181,9,186,5.5,10.5771,8.2839
2017,3,21,10,30,6,149,0,149,5.7,8.6125,6.7541
2017,3,21,11,0,6.5,206,0,206,5.800000000000001,12.0471,9.4559
2017,3,21,11,30,6.5,271,1,271,5.7,15.9745,12.5457
2017,3,21,12,0,6.6000000000000005,324,48,359,5.7,21.2609,16.7030
2017,3,21,12,30,6.7,372,79,431,5.6000000000000005,25.5719,20.0923
2017,3,21,13,0,6.7,370,190,512,5.5,30.3489,23.8442
2017,3,21,13,30,6.6000000000000005,310,381,588,5.4,34.7219,27.2727
2017,3,21,14,0,6.4,340,116,421,5.4,24.6905,19.3839
2017,3,21,14,30,6.4,272,2,274,5.300000000000001,15.9032,12.4755
2017,3,21,15,0,6.5,353,185,465,5.300000000000001,26.5933,20.8374
2017,3,21,15,30,6.5,288,46,313,5.1000000000000005,17.5423,13.7219
2017,3,21,16,0,6.6000000000000005,150,1,151,5,8.2346,6.4247
2017,3,21,16,30,6.1000000000000005,60,0,60,4.7,3.1548,2.4515
2017,3,21,17,0,5.6000000000000005,66,0,66,4.4,3.3129,2.5579
2017,3,21,17,30,4.4,37,0,37,3.5,1.7747,1.3574
2017,3,21,18,0,3.2,19,0,19,2.7,0.0000,0.0000
2017,3,21,18,30,2.6,5,0,5,2.6,0.0000,0.0000
2017,3,21,19,0,2,0,0,0,2.6,0.0000,0.0000
2017,3,21,19,30,1.9000000000000001,0,0,0,2.8000000000000003,0.0000,0.0000
2017,3,21,20,0,1.7000000000000002,0,0,0,2.9000000000000004,0.0000,0.0000
2017,3,21,20,30,1.4000000000000001,0,0,0,2.9000000000000004,0.0000,0.0000
2017,3,21,21,0,1.1,0,0,0,2.8000000000000003,0.0000,0.0000
2017,3,21,21,30,0.9,0,0,0,2.8000000000000003,0.0000,0.0000
2017,3,21,22,0,0.7000000000000001,0,0,0,2.9000000000000004,0.0000,0.0000
2017,3,21,22,30,0.5,0,0,0,2.9000000000000004,0.0000,0.0000
2017,3,21,23,0,0.2,0,0,0,2.9000000000000004,0.0000,0.0000
2017,3,21,23,30,-0.1,0,0,0,2.9000000000000004,0.0000,0.0000
2017,3,22,0,0,-0.5,0,0,0,2.9000000000000004,0.0000,0.0000
2017,3,22,0,30,-0.7000000000000001,0,0,0,3,0.0000,0.0000
2017,3,22,1,0,-1,0,0,0,3.1,0.0000,0.0000
2017,3,22,1,30,-1.1,0,0,0,3.1,0.0000,0.0000
2017,3,22,2,0,-1.3,0,0,0,3.1,0.0000,0.0000
2017,3,22,2,30,-1.4000000000000001,0,0,0,3.1,0.0000,0.0000
2017,3,22,3,0,-1.4000000000000001,0,0,0,3.1,0.0000,0.0000
2017,3,22,3,30,-1.5,0,0,0,3.1,0.0000,0.0000
2017,3,22,4,0,-1.6,0,0,0,3.1,0.0000,0.0000
2017,3,22,4,30,-1.6,0,0,0,2.9000000000000004,0.0000,0.0000
2017,3,22,5,0,-1.6,0,0,0,2.7,0.0000,0.0000
2017,3,22,5,30,-1.7000000000000002,0,0,0,2.7,0.0000,0.0000
2017,3,22,6,0,-1.8,0,0,0,2.6,0.0000,0.0000
2017,3,22,6,30,-1.8,0,0,0,3.2,0.0000,0.0000
2017,3,22,7,0,-1.8,10,0,10,3.7,0.0000,0.0000
2017,3,22,7,30,-1.5,26,0,26,4.1000000000000005,1.2400,0.9462
2017,3,22,8,0,-1.3,45,0,45,4.6000000000000005,2.2299,1.7180
2017,3,22,8,30,-0.5,48,0,48,4.800000000000001,2.4965,1.9374
2017,3,22,9,0,0.30000000000000004,55,0,55,5,2.9752,2.3194
2017,3,22,9,30,1.5,315,83,359,5.2,20.0041,15.6394
2017,3,22,10,0,2.6,330,54,362,5.4,20.6188,16.1507
2017,3,22,10,30,3.8000000000000003,312,84,367,5.6000000000000005,21.2425,16.6606
2017,3,22,11,0,5,346,26,364,5.9,21.3127,16.7301
2017,3,22,11,30,6.1000000000000005,436,201,583,6.1000000000000005,34.4025,27.0204
2017,3,22,12,0,7.300000000000001,408,91,477,6.300000000000001,28.2786,22.2178
2017,3,22,12,30,8.200000000000001,445,133,545,6.4,32.3666,25.4328
2017,3,22,13,0,9.200000000000001,377,29,399,6.6000000000000005,23.6733,18.6006
2017,3,22,13,30,9.8,364,172,491,6.6000000000000005,29.0218,22.7970
2017,3,22,14,0,10.5,327,325,556,6.7,32.6408,25.6273
2017,3,22,14,30,10.700000000000001,325,120,404,6.7,23.4734,18.4157
2017,3,22,15,0,11,289,173,394,6.800000000000001,22.5597,17.6785
2017,3,22,15,30,10.8,272,170,366,6.7,20.5397,16.0684
2017,3,22,16,0,10.700000000000001,238,205,336,6.5,18.3513,14.3199
2017,3,22,16,30,10,197,81,229,5.9,12.0628,9.3758
2017,3,22,17,0,9.200000000000001,155,63,175,5.300000000000001,8.8021,6.7984
2017,3,22,17,30,8,86,14,89,4.7,4.2742,3.2705
2017,3,22,18,0,6.800000000000001,58,13,59,4,0.0000,0.0000
2017,3,22,18,30,6.2,11,0,11,4.2,0.0000,0.0000
2017,3,22,19,0,5.5,0,0,0,4.4,0.0000,0.0000
2017,3,22,19,30,5.2,0,0,0,4.7,0.0000,0.0000
2017,3,22,20,0,4.9,0,0,0,5,0.0000,0.0000
2017,3,22,20,30,4.800000000000001,0,0,0,5.300000000000001,0.0000,0.0000
2017,3,22,21,0,4.7,0,0,0,5.6000000000000005,0.0000,0.0000
2017,3,22,21,30,4.7,0,0,0,5.6000000000000005,0.0000,0.0000
2017,3,22,22,0,4.7,0,0,0,5.6000000000000005,0.0000,0.0000
2017,3,22,22,30,4.7,0,0,0,5.6000000000000005,0.0000,0.0000
2017,3,22,23,0,4.6000000000000005,0,0,0,5.5,0.0000,0.0000
2017,3,22,23,30,4.6000000000000005,0,0,0,5.300000000000001,0.0000,0.0000
2017,3,23,0,0,4.5,0,0,0,5.1000000000000005,0.0000,0.0000
2017,3,23,0,30,4.5,0,0,0,5,0.0000,0.0000
2017,3,23,1,0,4.5,0,0,0,5,0.0000,0.0000
2017,3,23,1,30,4.3,0,0,0,4.800000000000001,0.0000,0.0000
2017,3,23,2,0,4.2,0,0,0,4.6000000000000005,0.0000,0.0000
2017,3,23,2,30,4,0,0,0,4.2,0.0000,0.0000
2017,3,23,3,0,3.8000000000000003,0,0,0,3.9000000000000004,0.0000,0.0000
2017,3,23,3,30,3.8000000000000003,0,0,0,3.9000000000000004,0.0000,0.0000
2017,3,23,4,0,3.8000000000000003,0,0,0,4,0.0000,0.0000
2017,3,23,4,30,3.9000000000000004,0,0,0,4.3,0.0000,0.0000
2017,3,23,5,0,3.9000000000000004,0,0,0,4.5,0.0000,0.0000
2017,3,23,5,30,4,0,0,0,4.7,0.0000,0.0000
2017,3,23,6,0,4.1000000000000005,0,0,0,5,0.0000,0.0000
2017,3,23,6,30,4.5,0,0,0,5.2,0.0000,0.0000
2017,3,23,7,0,4.9,12,0,12,5.5,0.0000,0.0000
2017,3,23,7,30,5.800000000000001,31,0,31,5.9,1.4796,1.1296
2017,3,23,8,0,6.800000000000001,58,1,58,6.300000000000001,2.8830,2.2224
2017,3,23,8,30,8.1,107,3,108,6.9,5.6328,4.3728
2017,3,23,9,0,9.4,13,0,13,7.5,0.7048,0.5496
2017,3,23,9,30,10.700000000000001,55,0,55,8,3.0704,2.4009
2017,3,23,10,0,12,175,6,179,8.4,10.2112,7.9995
2017,3,23,10,30,13.100000000000001,212,9,218,8.4,12.6352,9.9109
2017,3,23,11,0,14.200000000000001,282,18,295,8.4,17.2931,13.5760
2017,3,23,11,30,14.9,263,9,270,8.200000000000001,15.9497,12.5282
2017,3,23,12,0,15.600000000000001,277,15,289,8,17.1502,13.4754
2017,3,23,12,30,16,85,0,85,7.800000000000001,5.0529,3.9707
2017,3,23,13,0,16.5,28,0,28,7.7,1.6628,1.3066
2017,3,23,13,30,17,26,0,26,7.5,1.5382,1.2084
2017,3,23,14,0,17.5,112,0,113,7.300000000000001,6.6402,5.2138
2017,3,23,14,30,17.900000000000002,171,1,172,6.800000000000001,10.0038,7.8489
2017,3,23,15,0,18.3,310,129,389,6.2,22.2987,17.4756
2017,3,23,15,30,18.5,238,62,273,5.800000000000001,15.3405,12.0024
2017,3,23,16,0,18.7,212,42,232,5.300000000000001,12.6910,9.9046
2017,3,23,16,30,18.400000000000002,15,0,15,4.9,0.7916,0.6154
2017,3,23,17,0,18.2,83,3,84,4.5,4.2336,3.2710
2017,3,23,17,30,17.7,62,2,62,4.3,2.9815,2.2822
2017,3,23,18,0,17.3,22,0,22,4.1000000000000005,0.0000,0.0000
2017,3,23,18,30,17.2,6,0,6,4.4,0.0000,0.0000
2017,3,23,19,0,17.2,0,0,0,4.7,0.0000,0.0000
2017,3,23,19,30,17.2,0,0,0,5.2,0.0000,0.0000
2017,3,23,20,0,17.2,0,0,0,5.6000000000000005,0.0000,0.0000
2017,3,23,20,30,17,0,0,0,5.7,0.0000,0.0000
2017,3,23,21,0,16.7,0,0,0,5.9,0.0000,0.0000
2017,3,23,21,30,16,0,0,0,5.1000000000000005,0.0000,0.0000
2017,3,23,22,0,15.200000000000001,0,0,0,4.3,0.0000,0.0000
2017,3,23,22,30,14.3,0,0,0,3.8000000000000003,0.0000,0.0000
2017,3,23,23,0,13.3,0,0,0,3.2,0.0000,0.0000
2017,3,23,23,30,12.600000000000001,0,0,0,3,0.0000,0.0000
2017,3,24,0,0,11.8,0,0,0,2.8000000000000003,0.0000,0.0000
2017,3,24,0,30,11.5,0,0,0,2.6,0.0000,0.0000
2017,3,24,1,0,11.100000000000001,0,0,0,2.5,0.0000,0.0000
2017,3,24,1,30,10.9,0,0,0,2.2,0.0000,0.0000
2017,3,24,2,0,10.700000000000001,0,0,0,1.9000000000000001,0.0000,0.0000
2017,3,24,2,30,10.3,0,0,0,2,0.0000,0.0000
2017,3,24,3,0,9.8,0,0,0,2.1,0.0000,0.0000
2017,3,24,3,30,9.4,0,0,0,2.9000000000000004,0.0000,0.0000
2017,3,24,4,0,9,0,0,0,3.6,0.0000,0.0000
2017,3,24,4,30,8.6,0,0,0,3.7,0.0000,0.0000
2017,3,24,5,0,8.3,0,0,0,3.7,0.0000,0.0000
2017,3,24,5,30,8,0,0,0,4,0.0000,0.0000
2017,3,24,6,0,7.7,0,0,0,4.3,0.0000,0.0000
2017,3,24,6,30,7.6000000000000005,0,0,0,5.1000000000000005,0.0000,0.0000
2017,3,24,7,0,7.5,15,0,15,5.800000000000001,0.0000,0.0000
2017,3,24,7,30,7.300000000000001,13,0,13,6.4,0.6212,0.4745
2017,3,24,8,0,7.1000000000000005,60,1,60,6.9,2.9913,2.3070
2017,3,24,8,30,7,94,2,95,7.1000000000000005,4.9687,3.8586
2017,3,24,9,0,6.800000000000001,72,1,73,7.300000000000001,3.9668,3.0938
2017,3,24,9,30,6.6000000000000005,23,0,23,7.2,1.2863,1.0060
2017,3,24,10,0,6.4,52,0,52,7.2,2.9710,2.3278
2017,3,24,10,30,6.2,16,0,16,7.1000000000000005,0.9286,0.7284
2017,3,24,11,0,6.1000000000000005,19,0,19,7.1000000000000005,1.1151,0.8755
2017,3,24,11,30,5.9,196,3,198,7.1000000000000005,11.7088,9.1977
2017,3,24,12,0,5.7,36,0,36,7.1000000000000005,2.1384,1.6804
2017,3,24,12,30,5.5,275,14,286,7.1000000000000005,17.0171,13.3733
2017,3,24,13,0,5.4,180,2,181,7.1000000000000005,10.7589,8.4545
2017,3,24,13,30,5.300000000000001,144,1,145,7,8.5866,6.7458
2017,3,24,14,0,5.2,121,1,121,6.9,7.1173,5.5888
2017,3,24,14,30,5.300000000000001,20,0,20,6.7,1.1644,0.9137
2017,3,24,15,0,5.300000000000001,171,4,173,6.4,9.9284,7.7817
2017,3,24,15,30,5.5,132,2,133,6.1000000000000005,7.4835,5.8558
2017,3,24,16,0,5.6000000000000005,199,18,208,5.800000000000001,11.3951,8.8945
2017,3,24,16,30,5.5,7,0,7,5.6000000000000005,0.3701,0.2878
2017,3,24,17,0,5.5,5,0,5,5.300000000000001,0.2525,0.1952
2017,3,24,17,30,5.300000000000001,29,0,29,5.1000000000000005,1.3965,1.0694
2017,3,24,18,0,5.1000000000000005,17,0,17,4.800000000000001,0.0000,0.0000
2017,3,24,18,30,4.7,6,0,6,4.7,0.0000,0.0000
2017,3,24,19,0,4.3,0,0,0,4.6000000000000005,0.0000,0.0000
2017,3,24,19,30,3.9000000000000004,0,0,0,4.4,0.0000,0.0000
2017,3,24,20,0,3.5,0,0,0,4.2,0.0000,0.0000
2017,3,24,20,30,3.4000000000000004,0,0,0,4.3,0.0000,0.0000
2017,3,24,21,0,3.2,0,0,0,4.3,0.0000,0.0000
2017,3,24,21,30,3.3000000000000003,0,0,0,4.4,0.0000,0.0000
2017,3,24,22,0,3.3000000000000003,0,0,0,4.4,0.0000,0.0000
2017,3,24,22,30,3.4000000000000004,0,0,0,4.6000000000000005,0.0000,0.0000
2017,3,24,23,0,3.6,0,0,0,4.7,0.0000,0.0000
2017,3,24,23,30,3.6,0,0,0,4.9,0.0000,0.0000
2017,3,25,0,0,3.7,0,0,0,5.1000000000000005,0.0000,0.0000
2017,3,25,0,30,3.7,0,0,0,5.2,0.0000,0.0000
2017,3,25,1,0,3.6,0,0,0,5.300000000000001,0.0000,0.0000
2017,3,25,1,30,3.5,0,0,0,5.5,0.0000,0.0000
2017,3,25,2,0,3.4000000000000004,0,0,0,5.7,0.0000,0.0000
2017,3,25,2,30,3.3000000000000003,0,0,0,5.9,0.0000,0.0000
2017,3,25,3,0,3.2,0,0,0,6.1000000000000005,0.0000,0.0000
2017,3,25,3,30,3.1,0,0,0,6.1000000000000005,0.0000,0.0000
2017,3,25,4,0,3.1,0,0,0,6.2,0.0000,0.0000
2017,3,25,4,30,3,0,0,0,6.1000000000000005,0.0000,0.0000
2017,3,25,5,0,2.9000000000000004,0,0,0,6.1000000000000005,0.0000,0.0000
2017,3,25,5,30,2.8000000000000003,0,0,0,6,0.0000,0.0000
2017,3,25,6,0,2.7,0,0,0,6,0.0000,0.0000
2017,3,25,6,30,2.8000000000000003,2,0,2,6,0.0000,0.0000
2017,3,25,7,0,2.9000000000000004,17,0,17,6.1000000000000005,0.0000,0.0000
2017,3,25,7,30,3.3000000000000003,36,0,36,6.2,1.7225,1.3164
2017,3,25,8,0,3.7,26,0,26,6.2,1.3002,1.0033
2017,3,25,8,30,4.1000000000000005,115,5,117,6.1000000000000005,6.1359,4.7666
2017,3,25,9,0,4.5,155,9,160,5.9,8.7137,6.7975
2017,3,25,9,30,4.9,96,1,97,5.7,5.4348,4.2511
2017,3,25,10,0,5.2,73,0,73,5.6000000000000005,4.1771,3.2731
2017,3,25,10,30,5.5,17,0,17,5.5,0.9879,0.7750
2017,3,25,11,0,5.9,128,1,129,5.300000000000001,7.5796,5.9513
2017,3,25,11,30,6.2,208,5,212,5.2,12.5497,9.8590
2017,3,25,12,0,6.5,183,2,184,5.1000000000000005,10.9403,8.5973
2017,3,25,12,30,6.5,161,1,162,5,9.6480,7.5826
2017,3,25,13,0,6.6000000000000005,206,2,208,4.800000000000001,12.3749,9.7251
2017,3,25,13,30,6.5,270,9,277,4.6000000000000005,16.4184,12.8994
2017,3,25,14,0,6.4,188,2,189,4.5,11.1275,8.7384
2017,3,25,14,30,6.300000000000001,128,1,128,4.3,7.4600,5.8540
2017,3,25,15,0,6.2,111,1,111,4.2,6.3773,4.9988
2017,3,25,15,30,6.2,104,1,104,4,5.8592,4.5853
2017,3,25,16,0,6.1000000000000005,60,0,60,3.9000000000000004,3.2919,2.5699
2017,3,25,16,30,5.9,176,44,194,3.7,10.2737,7.9902
2017,3,25,17,0,5.7,10,0,10,3.6,0.5060,0.3912
2017,3,25,17,30,5.4,4,0,4,3.3000000000000003,0.1929,0.1478
2017,3,25,18,0,5,46,336,91,3,0.0000,0.0000
2017,3,25,18,30,4.7,17,103,22,3,0.0000,0.0000
2017,3,25,19,0,4.4,0,0,0,3,0.0000,0.0000
2017,3,25,19,30,4.2,0,0,0,2.9000000000000004,0.0000,0.0000
2017,3,25,20,0,3.9000000000000004,0,0,0,2.8000000000000003,0.0000,0.0000
2017,3,25,20,30,3.7,0,0,0,2.6,0.0000,0.0000
2017,3,25,21,0,3.4000000000000004,0,0,0,2.5,0.0000,0.0000
2017,3,25,21,30,3.2,0,0,0,2.3000000000000003,0.0000,0.0000
2017,3,25,22,0,3,0,0,0,2.2,0.0000,0.0000
2017,3,25,22,30,2.8000000000000003,0,0,0,2.1,0.0000,0.0000
2017,3,25,23,0,2.6,0,0,0,1.9000000000000001,0.0000,0.0000
2017,3,25,23,30,2.5,0,0,0,1.8,0.0000,0.0000
2017,3,26,0,0,2.3000000000000003,0,0,0,1.6,0.0000,0.0000
2017,3,26,0,30,2.1,0,0,0,1.4000000000000001,0.0000,0.0000
2017,3,26,1,0,1.9000000000000001,0,0,0,1.2000000000000002,0.0000,0.0000
2017,3,26,1,30,1.8,0,0,0,1.1,0.0000,0.0000
2017,3,26,2,0,1.7000000000000002,0,0,0,1.1,0.0000,0.0000
2017,3,26,2,30,1.7000000000000002,0,0,0,1.2000000000000002,0.0000,0.0000
2017,3,26,3,0,1.7000000000000002,0,0,0,1.4000000000000001,0.0000,0.0000
2017,3,26,3,30,1.8,0,0,0,1.5,0.0000,0.0000
2017,3,26,4,0,1.9000000000000001,0,0,0,1.7000000000000002,0.0000,0.0000
2017,3,26,4,30,2,0,0,0,1.9000000000000001,0.0000,0.0000
2017,3,26,5,0,2.1,0,0,0,2,0.0000,0.0000
2017,3,26,5,30,2.2,0,0,0,2,0.0000,0.0000
2017,3,26,6,0,2.3000000000000003,0,0,0,2,0.0000,0.0000
2017,3,26,6,30,2.7,2,0,2,2.2,0.0000,0.0000
2017,3,26,7,0,3.1,6,0,6,2.3000000000000003,0.0000,0.0000
2017,3,26,7,30,3.7,24,0,24,2.4000000000000004,1.1502,0.8795
2017,3,26,8,0,4.2,91,6,93,2.5,4.6646,3.6012
2017,3,26,8,30,4.6000000000000005,169,43,186,2.4000000000000004,9.7805,7.6003
2017,3,26,9,0,5,86,1,87,2.3000000000000003,4.7484,3.7050
2017,3,26,9,30,5.4,176,12,182,2.3000000000000003,10.2153,7.9916
2017,3,26,10,0,5.800000000000001,19,0,19,2.2,1.0888,0.8533
2017,3,26,10,30,6.2,156,2,157,2.3000000000000003,9.1351,7.1675
2017,3,26,11,0,6.7,104,0,104,2.3000000000000003,6.1175,4.8037
2017,3,26,11,30,7.2,137,0,137,2.4000000000000004,8.1180,6.3780
2017,3,26,12,0,7.7,170,0,170,2.5,10.1174,7.9512
2017,3,26,12,30,8.200000000000001,247,5,251,2.7,14.9618,11.7596
2017,3,26,13,0,8.700000000000001,214,3,216,2.8000000000000003,12.8623,10.1087
2017,3,26,13,30,9.1,300,29,322,2.9000000000000004,19.1024,15.0090
2017,3,26,14,0,9.4,306,22,322,3.1,18.9755,14.9023
2017,3,26,14,30,9.600000000000001,322,58,361,3.1,21.0601,16.5273
2017,3,26,15,0,9.700000000000001,278,102,341,3.1,19.6122,15.3743
2017,3,26,15,30,9.600000000000001,210,17,219,3.2,12.3530,9.6681
2017,3,26,16,0,9.4,196,23,208,3.2,11.4285,8.9231
2017,3,26,16,30,9.1,84,1,84,3,4.4562,3.4665
2017,3,26,17,0,8.700000000000001,6,0,6,2.8000000000000003,0.3042,0.2353
2017,3,26,17,30,8,69,3,70,2.2,3.3809,2.5910
2017,3,26,18,0,7.2,33,0,33,1.5,0.0000,0.0000
2017,3,26,18,30,6.800000000000001,9,0,9,1.4000000000000001,0.0000,0.0000
2017,3,26,19,0,6.5,0,0,0,1.3,0.0000,0.0000
2017,3,26,19,30,6.300000000000001,0,0,0,1.2000000000000002,0.0000,0.0000
2017,3,26,20,0,6.1000000000000005,0,0,0,1.1,0.0000,0.0000
2017,3,26,20,30,6,0,0,0,1,0.0000,0.0000
2017,3,26,21,0,5.9,0,0,0,0.9,0.0000,0.0000
2017,3,26,21,30,5.7,0,0,0,0.8,0.0000,0.0000
2017,3,26,22,0,5.6000000000000005,0,0,0,0.8,0.0000,0.0000
2017,3,26,22,30,5.4,0,0,0,0.8,0.0000,0.0000
2017,3,26,23,0,5.300000000000001,0,0,0,0.8,0.0000,0.0000
2017,3,26,23,30,5.1000000000000005,0,0,0,0.8,0.0000,0.0000
2017,3,27,0,0,4.9,0,0,0,0.8,0.0000,0.0000
2017,3,27,0,30,4.7,0,0,0,0.8,0.0000,0.0000
2017,3,27,1,0,4.5,0,0,0,0.8,0.0000,0.0000
2017,3,27,1,30,4.3,0,0,0,0.8,0.0000,0.0000
2017,3,27,2,0,4.1000000000000005,0,0,0,0.8,0.0000,0.0000
2017,3,27,2,30,4,0,0,0,0.9,0.0000,0.0000
2017,3,27,3,0,3.9000000000000004,0,0,0,1.1,0.0000,0.0000
2017,3,27,3,30,3.6,0,0,0,1.2000000000000002,0.0000,0.0000
2017,3,27,4,0,3.4000000000000004,0,0,0,1.3,0.0000,0.0000
2017,3,27,4,30,2.9000000000000004,0,0,0,1.3,0.0000,0.0000
2017,3,27,5,0,2.5,0,0,0,1.3,0.0000,0.0000
2017,3,27,5,30,2.5,0,0,0,1.5,0.0000,0.0000
2017,3,27,6,0,2.5,0,0,0,1.6,0.0000,0.0000
2017,3,27,6,30,3.4000000000000004,5,0,5,2.1,0.0000,0.0000
2017,3,27,7,0,4.3,39,380,86,2.6,0.0000,0.0000
2017,3,27,7,30,5.5,58,555,179,2.5,8.5943,6.5756
2017,3,27,8,0,6.6000000000000005,168,22,175,2.5,8.8037,6.7999
2017,3,27,8,30,7.7,234,100,274,2.4000000000000004,14.4458,11.2291
2017,3,27,9,0,8.8,265,41,285,2.4000000000000004,15.5883,12.1656
2017,3,27,9,30,9.4,293,43,317,2.3000000000000003,17.8235,13.9458
2017,3,27,10,0,10.100000000000001,296,14,305,2.3000000000000003,17.5032,13.7186
2017,3,27,10,30,10.8,255,16,266,2.3000000000000003,15.4962,12.1597
2017,3,27,11,0,11.5,213,0,213,2.2,12.5426,9.8498
2017,3,27,11,30,12.100000000000001,240,0,240,2.2,14.2357,11.1850
2017,3,27,12,0,12.8,244,0,244,2.1,14.5346,11.4233
2017,3,27,12,30,13.200000000000001,322,2,324,2.1,19.3302,15.1939
2017,3,27,13,0,13.700000000000001,458,147,571,2.1,34.0305,26.7467
2017,3,27,13,30,14,394,42,426,2.1,25.2945,19.8754
2017,3,27,14,0,14.3,99,934,777,2.2,45.8291,35.9939
2017,3,27,14,30,14.3,96,920,725,2.1,42.3359,33.2263
2017,3,27,15,0,14.3,92,902,661,2,38.0576,29.8364
2017,3,27,15,30,14.100000000000001,87,875,584,1.9000000000000001,32.9819,25.8162
2017,3,27,16,0,13.8,81,842,497,1.8,27.3468,21.3548
2017,3,27,16,30,13.200000000000001,74,792,403,1.7000000000000002,21.4152,16.6619
2017,3,27,17,0,12.600000000000001,65,728,304,1.5,15.4436,11.9462
2017,3,27,17,30,10.700000000000001,54,628,203,1.3,9.8194,7.5280
2017,3,27,18,0,8.9,39,473,106,1,0.0000,0.0000
2017,3,27,18,30,7.9,18,210,28,1.1,0.0000,0.0000
2017,3,27,19,0,6.9,0,0,0,1.2000000000000002,0.0000,0.0000
2017,3,27,19,30,6.4,0,0,0,1.3,0.0000,0.0000
2017,3,27,20,0,5.9,0,0,0,1.3,0.0000,0.0000
2017,3,27,20,30,5.6000000000000005,0,0,0,1.3,0.0000,0.0000
2017,3,27,21,0,5.4,0,0,0,1.2000000000000002,0.0000,0.0000
2017,3,27,21,30,5.2,0,0,0,1.2000000000000002,0.0000,0.0000
2017,3,27,22,0,5.1000000000000005,0,0,0,1.2000000000000002,0.0000,0.0000
2017,3,27,22,30,4.9,0,0,0,1.1,0.0000,0.0000
2017,3,27,23,0,4.7,0,0,0,1.1,0.0000,0.0000
2017,3,27,23,30,4.4,0,0,0,1.1,0.0000,0.0000
2017,3,28,0,0,4.2,0,0,0,1.1,0.0000,0.0000
2017,3,28,0,30,4.1000000000000005,0,0,0,1.1,0.0000,0.0000
2017,3,28,1,0,4,0,0,0,1.1,0.0000,0.0000
2017,3,28,1,30,4.1000000000000005,0,0,0,1,0.0000,0.0000
2017,3,28,2,0,4.1000000000000005,0,0,0,1,0.0000,0.0000
2017,3,28,2,30,4.2,0,0,0,0.9,0.0000,0.0000
2017,3,28,3,0,4.2,0,0,0,0.8,0.0000,0.0000
2017,3,28,3,30,4.1000000000000005,0,0,0,0.7000000000000001,0.0000,0.0000
2017,3,28,4,0,4,0,0,0,0.7000000000000001,0.0000,0.0000
2017,3,28,4,30,3.8000000000000003,0,0,0,0.7000000000000001,0.0000,0.0000
2017,3,28,5,0,3.5,0,0,0,0.7000000000000001,0.0000,0.0000
2017,3,28,5,30,3.4000000000000004,0,0,0,0.7000000000000001,0.0000,0.0000
2017,3,28,6,0,3.3000000000000003,0,0,0,0.8,0.0000,0.0000
2017,3,28,6,30,4,6,0,6,1,0.0000,0.0000
2017,3,28,7,0,4.7,37,0,37,1.2000000000000002,0.0000,0.0000
2017,3,28,7,30,5.7,70,5,71,1.7000000000000002,3.4156,2.6148
2017,3,28,8,0,6.6000000000000005,176,39,188,2.2,9.4858,7.3301
2017,3,28,8,30,7.7,146,445,325,2.8000000000000003,17.1777,13.3567
2017,3,28,9,0,8.8,195,386,383,3.3000000000000003,20.9914,16.3856
2017,3,28,9,30,9.3,324,77,366,3.5,20.6138,16.1315
2017,3,28,10,0,9.8,291,13,299,3.7,17.1832,13.4693
2017,3,28,10,30,10.4,238,1,238,3.8000000000000003,13.8818,10.8939
2017,3,28,11,0,10.9,297,31,320,3.9000000000000004,18.8639,14.8150
2017,3,28,11,30,11.600000000000001,171,0,171,3.9000000000000004,10.1527,7.9775
2017,3,28,12,0,12.200000000000001,357,6,361,3.9000000000000004,21.5237,16.9172
2017,3,28,12,30,12.8,404,38,434,4.1000000000000005,25.9152,20.3710
2017,3,28,13,0,13.4,395,28,417,4.4,24.8737,19.5509
2017,3,28,13,30,13.600000000000001,360,9,366,4.9,21.7503,17.0915
2017,3,28,14,0,13.700000000000001,329,5,333,5.4,19.6586,15.4408
2017,3,28,14,30,13.600000000000001,344,29,364,5.2,21.2757,16.6989
2017,3,28,15,0,13.5,308,20,321,5,18.5015,14.5060
2017,3,28,15,30,12.8,233,400,462,4.2,26.1225,20.4492
2017,3,28,16,0,12.100000000000001,256,248,379,3.5,20.8837,16.3100
2017,3,28,16,30,11.3,221,83,256,3,13.6272,10.6047
2017,3,28,17,0,10.5,123,9,126,2.5,6.4138,4.9628
2017,3,28,17,30,9.700000000000001,35,0,35,2.3000000000000003,1.6957,1.3005
2017,3,28,18,0,8.9,40,1,40,2.2,0.0000,0.0000
2017,3,28,18,30,8.4,12,0,12,1.9000000000000001,0.0000,0.0000
2017,3,28,19,0,8,0,0,0,1.6,0.0000,0.0000
2017,3,28,19,30,7.6000000000000005,0,0,0,1.5,0.0000,0.0000
2017,3,28,20,0,7.300000000000001,0,0,0,1.3,0.0000,0.0000
2017,3,28,20,30,7.1000000000000005,0,0,0,1.8,0.0000,0.0000
2017,3,28,21,0,7,0,0,0,2.2,0.0000,0.0000
2017,3,28,21,30,6.800000000000001,0,0,0,2.3000000000000003,0.0000,0.0000
2017,3,28,22,0,6.7,0,0,0,2.3000000000000003,0.0000,0.0000
2017,3,28,22,30,6.4,0,0,0,1.9000000000000001,0.0000,0.0000
2017,3,28,23,0,6.1000000000000005,0,0,0,1.6,0.0000,0.0000
2017,3,28,23,30,6.1000000000000005,0,0,0,1.9000000000000001,0.0000,0.0000
2017,3,29,0,0,6.1000000000000005,0,0,0,2.3000000000000003,0.0000,0.0000
2017,3,29,0,30,6,0,0,0,2.4000000000000004,0.0000,0.0000
2017,3,29,1,0,5.9,0,0,0,2.5,0.0000,0.0000
2017,3,29,1,30,5.800000000000001,0,0,0,2.7,0.0000,0.0000
2017,3,29,2,0,5.800000000000001,0,0,0,2.8000000000000003,0.0000,0.0000
2017,3,29,2,30,5.800000000000001,0,0,0,3.4000000000000004,0.0000,0.0000
2017,3,29,3,0,5.9,0,0,0,4,0.0000,0.0000
2017,3,29,3,30,5.7,0,0,0,3.4000000000000004,0.0000,0.0000
2017,3,29,4,0,5.6000000000000005,0,0,0,2.8000000000000003,0.0000,0.0000
2017,3,29,4,30,5,0,0,0,2.8000000000000003,0.0000,0.0000
2017,3,29,5,0,4.4,0,0,0,2.8000000000000003,0.0000,0.0000
2017,3,29,5,30,4.6000000000000005,0,0,0,3.5,0.0000,0.0000
2017,3,29,6,0,4.800000000000001,0,0,0,4.2,0.0000,0.0000
2017,3,29,6,30,4.800000000000001,7,0,7,4.4,0.0000,0.0000
2017,3,29,7,0,4.800000000000001,33,1,33,4.5,0.0000,0.0000
2017,3,29,7,30,4.7,29,0,29,4.800000000000001,1.3981,1.0710
2017,3,29,8,0,4.7,84,3,85,5.2,4.3015,3.3255
2017,3,29,8,30,4.9,107,5,109,5.5,5.7759,4.4924
2017,3,29,9,0,5.1000000000000005,107,2,108,5.800000000000001,5.9315,4.6310
2017,3,29,9,30,5.7,205,15,213,6.4,12.0162,9.4047
2017,3,29,10,0,6.300000000000001,250,23,264,6.9,15.1930,11.9106
2017,3,29,10,30,6.4,240,8,246,7.1000000000000005,14.3659,11.2748
2017,3,29,11,0,6.5,130,1,131,7.300000000000001,7.7304,6.0717
2017,3,29,11,30,6.300000000000001,209,3,211,7.300000000000001,12.5397,9.8538
2017,3,29,12,0,6.2,138,1,138,7.300000000000001,8.2352,6.4732
2017,3,29,12,30,6.1000000000000005,157,1,157,7.4,9.3828,7.3759
2017,3,29,13,0,6,166,1,167,7.5,9.9696,7.8366
2017,3,29,13,30,6.1000000000000005,163,1,163,7.7,9.6947,7.6186
2017,3,29,14,0,6.2,168,1,169,8,9.9857,7.8437
2017,3,29,14,30,6.1000000000000005,187,3,189,7.9,11.0574,8.6793
2017,3,29,15,0,6.1000000000000005,89,0,89,7.800000000000001,5.1349,4.0263
2017,3,29,15,30,5.800000000000001,271,121,340,7.7,19.2467,15.0681
2017,3,29,16,0,5.5,93,1,93,7.5,5.1314,4.0081
2017,3,29,16,30,5.1000000000000005,143,16,150,7.300000000000001,7.9978,6.2250
2017,3,29,17,0,4.7,170,78,196,7.1000000000000005,9.9961,7.7368
2017,3,29,17,30,4.2,19,0,19,6.9,0.9220,0.7074
2017,3,29,18,0,3.6,18,0,18,6.6000000000000005,0.0000,0.0000
2017,3,29,18,30,3.1,6,0,6,6.6000000000000005,0.0000,0.0000
2017,3,29,19,0,2.5,0,0,0,6.5,0.0000,0.0000
2017,3,29,19,30,2.2,0,0,0,6.5,0.0000,0.0000
2017,3,29,20,0,2,0,0,0,6.5,0.0000,0.0000
2017,3,29,20,30,1.9000000000000001,0,0,0,6.300000000000001,0.0000,0.0000
2017,3,29,21,0,1.9000000000000001,0,0,0,6.2,0.0000,0.0000
2017,3,29,21,30,1.9000000000000001,0,0,0,6,0.0000,0.0000
2017,3,29,22,0,1.9000000000000001,0,0,0,5.9,0.0000,0.0000
2017,3,29,22,30,1.7000000000000002,0,0,0,5.800000000000001,0.0000,0.0000
2017,3,29,23,0,1.6,0,0,0,5.7,0.0000,0.0000
2017,3,29,23,30,1.4000000000000001,0,0,0,5.6000000000000005,0.0000,0.0000
2017,3,30,0,0,1.2000000000000002,0,0,0,5.4,0.0000,0.0000
2017,3,30,0,30,1.1,0,0,0,5.4,0.0000,0.0000
2017,3,30,1,0,1,0,0,0,5.4,0.0000,0.0000
2017,3,30,1,30,0.9,0,0,0,5.5,0.0000,0.0000
2017,3,30,2,0,0.8,0,0,0,5.6000000000000005,0.0000,0.0000
2017,3,30,2,30,0.8,0,0,0,5.6000000000000005,0.0000,0.0000
2017,3,30,3,0,0.8,0,0,0,5.7,0.0000,0.0000
2017,3,30,3,30,0.9,0,0,0,5.7,0.0000,0.0000
2017,3,30,4,0,1.1,0,0,0,5.7,0.0000,0.0000
2017,3,30,4,30,1.2000000000000002,0,0,0,5.7,0.0000,0.0000
2017,3,30,5,0,1.3,0,0,0,5.6000000000000005,0.0000,0.0000
2017,3,30,5,30,1.4000000000000001,0,0,0,5.4,0.0000,0.0000
2017,3,30,6,0,1.4000000000000001,0,0,0,5.2,0.0000,0.0000
2017,3,30,6,30,1.7000000000000002,19,88,23,5.2,0.0000,0.0000
2017,3,30,7,0,2,50,319,94,5.2,0.0000,0.0000
2017,3,30,7,30,2.7,73,482,185,5.300000000000001,8.9392,6.8515
2017,3,30,8,0,3.5,54,0,54,5.300000000000001,2.7408,2.1198
2017,3,30,8,30,4.3,56,0,56,5.300000000000001,2.9749,2.3145
2017,3,30,9,0,5.1000000000000005,52,0,52,5.300000000000001,2.8616,2.2346
2017,3,30,9,30,5.7,96,0,96,5.300000000000001,5.4248,4.2464
2017,3,30,10,0,6.2,77,0,77,5.300000000000001,4.4374,3.4791
2017,3,30,10,30,6.7,159,0,159,5.300000000000001,9.2961,7.2965
2017,3,30,11,0,7.2,97,0,97,5.300000000000001,5.7301,4.5009
2017,3,30,11,30,7.6000000000000005,170,0,171,5.300000000000001,10.1719,7.9937
2017,3,30,12,0,8.1,186,0,186,5.300000000000001,11.1092,8.7327
2017,3,30,12,30,8.3,187,0,187,5.300000000000001,11.1850,8.7931
2017,3,30,13,0,8.6,165,0,165,5.300000000000001,9.8583,7.7496
2017,3,30,13,30,8.6,193,0,193,5.2,11.4884,9.0287
2017,3,30,14,0,8.700000000000001,140,0,140,5.2,8.2792,6.5036
2017,3,30,14,30,8.8,112,0,112,5.1000000000000005,6.5584,5.1482
2017,3,30,15,0,8.8,98,0,98,5,5.6598,4.4383
2017,3,30,15,30,8.700000000000001,107,0,107,4.9,6.0640,4.7479
2017,3,30,16,0,8.6,85,0,85,4.800000000000001,4.6962,3.6687
2017,3,30,16,30,8.200000000000001,62,0,62,4.4,3.3111,2.5777
2017,3,30,17,0,7.9,53,0,53,4.1000000000000005,2.7082,2.0966
2017,3,30,17,30,7.1000000000000005,35,0,35,3.3000000000000003,1.7014,1.3058
2017,3,30,18,0,6.300000000000001,52,363,108,2.5,0.0000,0.0000
2017,3,30,18,30,5.7,24,139,32,2.2,0.0000,0.0000
2017,3,30,19,0,5.2,0,0,0,1.9000000000000001,0.0000,0.0000
2017,3,30,19,30,4.9,0,0,0,1.8,0.0000,0.0000
2017,3,30,20,0,4.6000000000000005,0,0,0,1.8,0.0000,0.0000
2017,3,30,20,30,4.3,0,0,0,1.8,0.0000,0.0000
2017,3,30,21,0,4.1000000000000005,0,0,0,1.7000000000000002,0.0000,0.0000
2017,3,30,21,30,4.1000000000000005,0,0,0,1.9000000000000001,0.0000,0.0000
2017,3,30,22,0,4,0,0,0,2.1,0.0000,0.0000
2017,3,30,22,30,4,0,0,0,2.3000000000000003,0.0000,0.0000
2017,3,30,23,0,3.9000000000000004,0,0,0,2.4000000000000004,0.0000,0.0000
2017,3,30,23,30,3.8000000000000003,0,0,0,2.4000000000000004,0.0000,0.0000
2017,3,31,0,0,3.6,0,0,0,2.3000000000000003,0.0000,0.0000
2017,3,31,0,30,3.3000000000000003,0,0,0,2.2,0.0000,0.0000
2017,3,31,1,0,3,0,0,0,2,0.0000,0.0000
2017,3,31,1,30,2.8000000000000003,0,0,0,2,0.0000,0.0000
2017,3,31,2,0,2.6,0,0,0,2.1,0.0000,0.0000
2017,3,31,2,30,2.5,0,0,0,2.2,0.0000,0.0000
2017,3,31,3,0,2.4000000000000004,0,0,0,2.2,0.0000,0.0000
2017,3,31,3,30,2.4000000000000004,0,0,0,2.5,0.0000,0.0000
2017,3,31,4,0,2.4000000000000004,0,0,0,2.7,0.0000,0.0000
2017,3,31,4,30,2.2,0,0,0,2.8000000000000003,0.0000,0.0000
2017,3,31,5,0,2.1,0,0,0,2.9000000000000004,0.0000,0.0000
2017,3,31,5,30,2,0,0,0,2.8000000000000003,0.0000,0.0000
2017,3,31,6,0,1.9000000000000001,0,0,0,2.7,0.0000,0.0000
2017,3,31,6,30,2.1,3,0,3,2.7,0.0000,0.0000
2017,3,31,7,0,2.4000000000000004,18,0,18,2.7,0.0000,0.0000
2017,3,31,7,30,3.2,50,0,50,3,2.4219,1.8574
2017,3,31,8,0,4,108,1,108,3.3000000000000003,5.4976,4.2538
2017,3,31,8,30,5.300000000000001,15,0,15,3.7,0.7988,0.6216
2017,3,31,9,0,6.5,136,4,138,4.1000000000000005,7.6094,5.9433
2017,3,31,9,30,7.6000000000000005,263,57,296,4.2,16.7528,13.1155
2017,3,31,10,0,8.6,292,54,327,4.3,18.8693,14.7957
2017,3,31,10,30,9.3,330,120,413,4.3,24.1736,18.9753
2017,3,31,11,0,10,355,204,506,4.3,29.9210,23.5040
2017,3,31,11,30,10.5,382,192,529,4.3,31.4962,24.7532
2017,3,31,12,0,11,344,348,619,4.3,37.0028,29.0887
2017,3,31,12,30,11.100000000000001,370,323,627,4.1000000000000005,37.5332,29.5084
2017,3,31,13,0,11.200000000000001,387,233,571,4,34.1429,26.8410
2017,3,31,13,30,11.200000000000001,354,52,394,3.9000000000000004,23.4720,18.4476
2017,3,31,14,0,11.200000000000001,352,213,510,3.8000000000000003,30.1850,23.7129
2017,3,31,14,30,11.200000000000001,353,80,410,3.8000000000000003,24.0302,18.8646
2017,3,31,15,0,11.200000000000001,329,163,434,3.9000000000000004,25.0898,19.6761
2017,3,31,15,30,11.200000000000001,216,19,227,3.7,12.8793,10.0851
2017,3,31,16,0,11.200000000000001,99,1,100,3.6,5.5326,4.3226
2017,3,31,16,30,10.8,123,0,123,3.3000000000000003,6.5794,5.1229
2017,3,31,17,0,10.4,62,0,62,3,3.1740,2.4579
2017,3,31,17,30,9.200000000000001,58,0,58,2.2,2.8241,2.1683
2017,3,31,18,0,8.1,78,25,82,1.5,0.0000,0.0000
2017,3,31,18,30,7.300000000000001,24,1,24,1.5,0.0000,0.0000
2017,3,31,19,0,6.5,0,0,0,1.5,0.0000,0.0000
2017,3,31,19,30,6.2,0,0,0,1.4000000000000001,0.0000,0.0000
2017,3,31,20,0,5.9,0,0,0,1.4000000000000001,0.0000,0.0000
2017,3,31,20,30,5.6000000000000005,0,0,0,1.3,0.0000,0.0000
2017,3,31,21,0,5.300000000000001,0,0,0,1.2000000000000002,0.0000,0.0000
2017,3,31,21,30,5,0,0,0,1.2000000000000002,0.0000,0.0000
2017,3,31,22,0,4.800000000000001,0,0,0,1.1,0.0000,0.0000
2017,3,31,22,30,4.5,0,0,0,1.1,0.0000,0.0000
2017,3,31,23,0,4.2,0,0,0,1.1,0.0000,0.0000
2017,3,31,23,30,3.8000000000000003,0,0,0,1.1,0.0000,0.0000
2017,4,1,0,0,3.4000000000000004,0,0,0,1,0.0000,0.0000
2017,4,1,0,30,2.9000000000000004,0,0,0,1,0.0000,0.0000
2017,4,1,1,0,2.3000000000000003,0,0,0,1,0.0000,0.0000
2017,4,1,1,30,2,0,0,0,1,0.0000,0.0000
2017,4,1,2,0,1.6,0,0,0,1,0.0000,0.0000
2017,4,1,2,30,1.6,0,0,0,1,0.0000,0.0000
2017,4,1,3,0,1.5,0,0,0,0.9,0.0000,0.0000
2017,4,1,3,30,1.8,0,0,0,0.8,0.0000,0.0000
2017,4,1,4,0,2.1,0,0,0,0.6000000000000001,0.0000,0.0000
2017,4,1,4,30,2.1,0,0,0,0.5,0.0000,0.0000
2017,4,1,5,0,2.2,0,0,0,0.5,0.0000,0.0000
2017,4,1,5,30,2.1,0,0,0,0.6000000000000001,0.0000,0.0000
2017,4,1,6,0,2,0,0,0,0.7000000000000001,0.0000,0.0000
2017,4,1,6,30,3,10,0,10,1.1,0.0000,0.0000
2017,4,1,7,0,4,25,0,25,1.5,0.0000,0.0000
2017,4,1,7,30,5.4,59,2,60,1.7000000000000002,2.9135,2.2357
2017,4,1,8,0,6.9,105,6,107,2,5.4620,4.2280
2017,4,1,8,30,7.800000000000001,209,46,229,2.4000000000000004,12.2235,9.5152
2017,4,1,9,0,8.700000000000001,225,24,237,2.9000000000000004,13.0935,10.2285
2017,4,1,9,30,9.3,294,105,355,3,20.1235,15.7564
2017,4,1,10,0,9.9,324,45,353,3,20.3967,15.9950
2017,4,1,10,30,10.100000000000001,331,42,360,2.8000000000000003,21.0952,16.5603
2017,4,1,11,0,10.200000000000001,367,58,410,2.6,24.2682,19.0649
2017,4,1,11,30,10.200000000000001,409,116,498,2.5,29.6771,23.3249
2017,4,1,12,0,10.200000000000001,425,94,500,2.4000000000000004,29.9139,23.5173
2017,4,1,12,30,10.3,421,143,535,2.7,32.0517,25.2002
2017,4,1,13,0,10.4,409,227,589,2.9000000000000004,35.2467,27.7102
2017,4,1,13,30,10.700000000000001,421,218,590,3.1,35.1764,27.6480
2017,4,1,14,0,11.100000000000001,387,209,542,3.3000000000000003,32.1053,25.2229
2017,4,1,14,30,11.200000000000001,371,186,502,3.4000000000000004,29.4479,23.1192
2017,4,1,15,0,11.3,326,68,370,3.5,21.4108,16.7922
2017,4,1,15,30,11.100000000000001,283,109,347,3.6,19.7099,15.4352
2017,4,1,16,0,10.8,228,56,257,3.6,14.2373,11.1249
2017,4,1,16,30,10.3,170,16,177,3.3000000000000003,9.4824,7.3844
2017,4,1,17,0,9.700000000000001,50,0,50,2.9000000000000004,2.5645,1.9864
2017,4,1,17,30,8.9,38,0,38,2.3000000000000003,1.8534,1.4236
2017,4,1,18,0,8,36,0,36,1.8,0.0000,0.0000
2017,4,1,18,30,7.6000000000000005,13,0,13,2.1,0.0000,0.0000
2017,4,1,19,0,7.300000000000001,0,0,0,2.4000000000000004,0.0000,0.0000
2017,4,1,19,30,6.9,0,0,0,2.3000000000000003,0.0000,0.0000
2017,4,1,20,0,6.5,0,0,0,2.3000000000000003,0.0000,0.0000
2017,4,1,20,30,6.2,0,0,0,2.2,0.0000,0.0000
2017,4,1,21,0,5.9,0,0,0,2.1,0.0000,0.0000
2017,4,1,21,30,5.7,0,0,0,1.9000000000000001,0.0000,0.0000
2017,4,1,22,0,5.4,0,0,0,1.8,0.0000,0.0000
2017,4,1,22,30,5.2,0,0,0,1.7000000000000002,0.0000,0.0000
2017,4,1,23,0,5,0,0,0,1.6,0.0000,0.0000
2017,4,1,23,30,4.9,0,0,0,1.6,0.0000,0.0000
2017,4,2,0,0,4.7,0,0,0,1.6,0.0000,0.0000
2017,4,2,0,30,4.6000000000000005,0,0,0,1.5,0.0000,0.0000
2017,4,2,1,0,4.5,0,0,0,1.5,0.0000,0.0000
2017,4,2,1,30,4.6000000000000005,0,0,0,1.8,0.0000,0.0000
2017,4,2,2,0,4.6000000000000005,0,0,0,2.2,0.0000,0.0000
2017,4,2,2,30,4.7,0,0,0,2.1,0.0000,0.0000
2017,4,2,3,0,4.800000000000001,0,0,0,2,0.0000,0.0000
2017,4,2,3,30,4.800000000000001,0,0,0,1.8,0.0000,0.0000
2017,4,2,4,0,4.9,0,0,0,1.6,0.0000,0.0000
2017,4,2,4,30,4.9,0,0,0,1.5,0.0000,0.0000
2017,4,2,5,0,5,0,0,0,1.4000000000000001,0.0000,0.0000
2017,4,2,5,30,5.1000000000000005,0,0,0,1.2000000000000002,0.0000,0.0000
2017,4,2,6,0,5.2,0,0,0,1,0.0000,0.0000
2017,4,2,6,30,5.7,12,0,12,1.2000000000000002,0.0000,0.0000
2017,4,2,7,0,6.2,48,0,48,1.5,0.0000,0.0000
2017,4,2,7,30,7,64,2,64,1.5,3.1157,2.3922
2017,4,2,8,0,7.800000000000001,104,5,106,1.5,5.4265,4.2023
2017,4,2,8,30,8.700000000000001,210,78,243,1.8,13.0012,10.1232
2017,4,2,9,0,9.600000000000001,251,108,306,2.2,16.9365,13.2329
2017,4,2,9,30,10.100000000000001,303,127,377,2.6,21.4034,16.7607
2017,4,2,10,0,10.600000000000001,245,17,256,2.9000000000000004,14.8108,11.6157
2017,4,2,10,30,11.200000000000001,301,3,303,3.2,17.7749,13.9549
2017,4,2,11,0,11.9,263,10,270,3.4000000000000004,15.9966,12.5676
2017,4,2,11,30,12.600000000000001,398,143,510,3.7,30.4190,23.9095
2017,4,2,12,0,13.4,329,21,346,3.9000000000000004,20.7173,16.2881
2017,4,2,12,30,14,481,192,636,4.1000000000000005,38.1319,29.9822
2017,4,2,13,0,14.600000000000001,402,162,531,4.2,31.8003,25.0020
2017,4,2,13,30,15,386,195,538,4,32.1005,25.2317
2017,4,2,14,0,15.4,308,395,604,3.9000000000000004,35.8059,28.1318
2017,4,2,14,30,15.5,312,358,565,3.8000000000000003,33.1721,26.0446
2017,4,2,15,0,15.600000000000001,304,232,456,3.6,26.4119,20.7160
2017,4,2,15,30,15.4,298,113,364,3.7,20.6975,16.2100
2017,4,2,16,0,15.200000000000001,265,97,315,3.7,17.4719,13.6540
2017,4,2,16,30,14.700000000000001,189,31,203,3.6,10.8924,8.4839
2017,4,2,17,0,14.200000000000001,190,169,249,3.5,12.7939,9.9125
2017,4,2,17,30,13.200000000000001,132,54,146,3.2,7.1332,5.4809
2017,4,2,18,0,12.200000000000001,84,28,88,2.8000000000000003,0.0000,0.0000
2017,4,2,18,30,11.3,29,2,29,2.8000000000000003,0.0000,0.0000
2017,4,2,19,0,10.4,0,0,0,2.9000000000000004,0.0000,0.0000
2017,4,2,19,30,9.700000000000001,0,0,0,2.7,0.0000,0.0000
2017,4,2,20,0,9.1,0,0,0,2.6,0.0000,0.0000
2017,4,2,20,30,8.5,0,0,0,2.4000000000000004,0.0000,0.0000
2017,4,2,21,0,8,0,0,0,2.1,0.0000,0.0000
2017,4,2,21,30,7.7,0,0,0,2,0.0000,0.0000
2017,4,2,22,0,7.4,0,0,0,2,0.0000,0.0000
2017,4,2,22,30,7.4,0,0,0,1.9000000000000001,0.0000,0.0000
2017,4,2,23,0,7.5,0,0,0,1.9000000000000001,0.0000,0.0000
2017,4,2,23,30,7.5,0,0,0,1.8,0.0000,0.0000
2017,4,3,0,0,7.5,0,0,0,1.7000000000000002,0.0000,0.0000
2017,4,3,0,30,7.6000000000000005,0,0,0,1.6,0.0000,0.0000
2017,4,3,1,0,7.7,0,0,0,1.5,0.0000,0.0000
2017,4,3,1,30,7.7,0,0,0,1.4000000000000001,0.0000,0.0000
2017,4,3,2,0,7.7,0,0,0,1.4000000000000001,0.0000,0.0000
2017,4,3,2,30,7.5,0,0,0,1.4000000000000001,0.0000,0.0000
2017,4,3,3,0,7.4,0,0,0,1.3,0.0000,0.0000
2017,4,3,3,30,7.300000000000001,0,0,0,1.3,0.0000,0.0000
2017,4,3,4,0,7.1000000000000005,0,0,0,1.3,0.0000,0.0000
2017,4,3,4,30,7.1000000000000005,0,0,0,1.4000000000000001,0.0000,0.0000
2017,4,3,5,0,7,0,0,0,1.5,0.0000,0.0000
2017,4,3,5,30,7,0,0,0,1.7000000000000002,0.0000,0.0000
2017,4,3,6,0,7,0,0,0,1.9000000000000001,0.0000,0.0000
2017,4,3,6,30,7.2,24,1,24,2,0.0000,0.0000
2017,4,3,7,0,7.300000000000001,57,4,57,2.2,0.0000,0.0000
2017,4,3,7,30,7.7,66,2,67,2.3000000000000003,3.2701,2.5121
2017,4,3,8,0,8,119,7,122,2.4000000000000004,6.2629,4.8518
2017,4,3,8,30,8.4,7,0,7,2.4000000000000004,0.3754,0.2924
2017,4,3,9,0,8.9,12,0,12,2.4000000000000004,0.6654,0.5200
2017,4,3,9,30,9.8,17,0,17,2.6,0.9666,0.7570
2017,4,3,10,0,10.700000000000001,161,1,162,2.7,9.3842,7.3605
2017,4,3,10,30,11.5,297,36,323,2.7,18.9683,14.8930
2017,4,3,11,0,12.3,252,7,257,2.7,15.2410,11.9748
2017,4,3,11,30,12.700000000000001,362,47,399,2.6,23.8185,18.7225
2017,4,3,12,0,13.200000000000001,300,1,301,2.6,18.0372,14.1818
2017,4,3,12,30,13.4,357,29,381,2.5,22.8604,17.9755
2017,4,3,13,0,13.600000000000001,327,17,341,2.4000000000000004,20.4367,16.0685
2017,4,3,13,30,13.5,378,65,430,2.4000000000000004,25.6758,20.1828
2017,4,3,14,0,13.4,70,0,71,2.3000000000000003,4.2123,3.3097
2017,4,3,14,30,13.100000000000001,99,0,99,2.5,5.8172,4.5676
2017,4,3,15,0,12.9,194,0,194,2.7,11.2470,8.8221
2017,4,3,15,30,12.600000000000001,262,36,283,2.9000000000000004,16.1093,12.6178
2017,4,3,16,0,12.4,223,42,245,3.2,13.6066,10.6346
2017,4,3,16,30,12,97,0,97,3.3000000000000003,5.2125,4.0606
2017,4,3,17,0,11.5,80,2,80,3.5,4.1181,3.1914
2017,4,3,17,30,10.8,17,0,17,3.5,0.8320,0.6395
2017,4,3,18,0,10.100000000000001,28,0,28,3.5,0.0000,0.0000
2017,4,3,18,30,9.5,10,0,10,3.9000000000000004,0.0000,0.0000
2017,4,3,19,0,8.9,0,0,0,4.4,0.0000,0.0000
2017,4,3,19,30,8.3,0,0,0,4.800000000000001,0.0000,0.0000
2017,4,3,20,0,7.7,0,0,0,5.300000000000001,0.0000,0.0000
2017,4,3,20,30,7,0,0,0,5.4,0.0000,0.0000
2017,4,3,21,0,6.300000000000001,0,0,0,5.6000000000000005,0.0000,0.0000
2017,4,3,21,30,5.7,0,0,0,5.6000000000000005,0.0000,0.0000
2017,4,3,22,0,5.2,0,0,0,5.7,0.0000,0.0000
2017,4,3,22,30,4.9,0,0,0,5.800000000000001,0.0000,0.0000
2017,4,3,23,0,4.5,0,0,0,5.9,0.0000,0.0000
2017,4,3,23,30,4.4,0,0,0,6,0.0000,0.0000
2017,4,4,0,0,4.3,0,0,0,6,0.0000,0.0000
2017,4,4,0,30,4.3,0,0,0,6,0.0000,0.0000
2017,4,4,1,0,4.4,0,0,0,6,0.0000,0.0000
2017,4,4,1,30,4.6000000000000005,0,0,0,5.9,0.0000,0.0000
2017,4,4,2,0,4.7,0,0,0,5.800000000000001,0.0000,0.0000
2017,4,4,2,30,4.9,0,0,0,5.5,0.0000,0.0000
2017,4,4,3,0,5.1000000000000005,0,0,0,5.2,0.0000,0.0000
2017,4,4,3,30,5.1000000000000005,0,0,0,4.800000000000001,0.0000,0.0000
2017,4,4,4,0,5,0,0,0,4.5,0.0000,0.0000
2017,4,4,4,30,4.5,0,0,0,3.9000000000000004,0.0000,0.0000
2017,4,4,5,0,4,0,0,0,3.4000000000000004,0.0000,0.0000
2017,4,4,5,30,3.9000000000000004,0,0,0,3.4000000000000004,0.0000,0.0000
2017,4,4,6,0,3.8000000000000003,0,0,0,3.5,0.0000,0.0000
2017,4,4,6,30,4.6000000000000005,12,0,12,3.7,0.0000,0.0000
2017,4,4,7,0,5.5,12,0,12,3.8000000000000003,0.0000,0.0000
2017,4,4,7,30,6.800000000000001,112,28,119,3.7,5.8237,4.4762
2017,4,4,8,0,8.1,180,73,206,3.6,10.6041,8.2180
2017,4,4,8,30,9.5,222,221,319,3.8000000000000003,17.1458,13.3571
2017,4,4,9,0,10.9,261,291,412,4,22.8877,17.8888
2017,4,4,9,30,11.8,279,351,487,4.3,27.7302,21.7205
2017,4,4,10,0,12.700000000000001,346,267,522,4.5,30.2752,23.7486
2017,4,4,10,30,13.3,268,531,646,4.7,37.9763,29.8194
2017,4,4,11,0,13.8,312,492,684,4.800000000000001,40.6007,31.9018
2017,4,4,11,30,14.3,312,485,693,5,41.4041,32.5475
2017,4,4,12,0,14.700000000000001,112,946,874,5.2,52.4150,41.2134
2017,4,4,12,30,15,375,355,663,5.2,39.8103,31.3050
2017,4,4,13,0,15.200000000000001,373,352,657,5.300000000000001,39.4043,30.9834
2017,4,4,13,30,15.3,409,168,542,5.300000000000001,32.3874,25.4598
2017,4,4,14,0,15.4,377,309,611,5.2,36.2774,28.5053
2017,4,4,14,30,15,372,219,528,5,31.0511,24.3823
2017,4,4,15,0,14.700000000000001,366,124,448,4.7,25.9959,20.3926
2017,4,4,15,30,14.200000000000001,312,126,387,4.2,22.0523,17.2741
2017,4,4,16,0,13.600000000000001,263,61,295,3.8000000000000003,16.4033,12.8218
2017,4,4,16,30,12.9,219,47,240,3.3000000000000003,12.9169,10.0641
2017,4,4,17,0,12.100000000000001,172,29,182,2.9000000000000004,9.3851,7.2750
2017,4,4,17,30,11.3,94,9,96,2.7,4.7068,3.6191
2017,4,4,18,0,10.5,71,9,73,2.6,0.0000,0.0000
2017,4,4,18,30,10.100000000000001,28,1,28,2.6,0.0000,0.0000
2017,4,4,19,0,9.700000000000001,0,0,0,2.7,0.0000,0.0000
2017,4,4,19,30,9.3,0,0,0,2.8000000000000003,0.0000,0.0000
2017,4,4,20,0,9,0,0,0,2.9000000000000004,0.0000,0.0000
2017,4,4,20,30,8.5,0,0,0,2.9000000000000004,0.0000,0.0000
2017,4,4,21,0,7.9,0,0,0,2.9000000000000004,0.0000,0.0000
2017,4,4,21,30,7.7,0,0,0,2.9000000000000004,0.0000,0.0000
2017,4,4,22,0,7.6000000000000005,0,0,0,2.8000000000000003,0.0000,0.0000
2017,4,4,22,30,7.4,0,0,0,2.6,0.0000,0.0000
2017,4,4,23,0,7.2,0,0,0,2.3000000000000003,0.0000,0.0000
2017,4,4,23,30,6.9,0,0,0,2.5,0.0000,0.0000
2017,4,5,0,0,6.7,0,0,0,2.6,0.0000,0.0000
2017,4,5,0,30,6.6000000000000005,0,0,0,3.8000000000000003,0.0000,0.0000
2017,4,5,1,0,6.5,0,0,0,4.9,0.0000,0.0000
2017,4,5,1,30,6.1000000000000005,0,0,0,4.6000000000000005,0.0000,0.0000
2017,4,5,2,0,5.6000000000000005,0,0,0,4.4,0.0000,0.0000
2017,4,5,2,30,5.4,0,0,0,4.6000000000000005,0.0000,0.0000
2017,4,5,3,0,5.2,0,0,0,4.9,0.0000,0.0000
2017,4,5,3,30,5,0,0,0,4.9,0.0000,0.0000
2017,4,5,4,0,4.7,0,0,0,5,0.0000,0.0000
2017,4,5,4,30,4.5,0,0,0,4.9,0.0000,0.0000
2017,4,5,5,0,4.2,0,0,0,4.9,0.0000,0.0000
2017,4,5,5,30,4.2,0,0,0,5,0.0000,0.0000
2017,4,5,6,0,4.1000000000000005,0,0,0,5,0.0000,0.0000
2017,4,5,6,30,4.5,22,0,22,5,0.0000,0.0000
2017,4,5,7,0,4.800000000000001,52,3,52,5,0.0000,0.0000
2017,4,5,7,30,5.800000000000001,120,21,126,5.300000000000001,6.1832,4.7552
2017,4,5,8,0,6.800000000000001,193,79,222,5.6000000000000005,11.4588,8.8835
2017,4,5,8,30,8.1,214,341,365,5.9,19.6609,15.3199
2017,4,5,9,0,9.4,273,348,455,6.1000000000000005,25.3206,19.7936
2017,4,5,9,30,10.600000000000001,100,868,619,6.1000000000000005,35.2965,27.6502
2017,4,5,10,0,11.700000000000001,331,330,549,6.1000000000000005,31.8787,25.0086
2017,4,5,10,30,12.4,363,309,585,6,34.4258,27.0334
2017,4,5,11,0,13.100000000000001,396,236,575,6,34.1623,26.8445
2017,4,5,11,30,13.4,354,437,699,5.9,41.7967,32.8579
2017,4,5,12,0,13.600000000000001,237,616,736,5.800000000000001,44.1721,34.7338
2017,4,5,12,30,13.8,383,357,674,5.7,40.5004,31.8492
2017,4,5,13,0,13.9,414,160,543,5.6000000000000005,32.5902,25.6267
2017,4,5,13,30,13.700000000000001,285,514,691,5.5,41.3210,32.4841
2017,4,5,14,0,13.600000000000001,231,0,232,5.4,13.7851,10.8323
2017,4,5,14,30,13.200000000000001,322,354,575,5.2,33.8421,26.5754
2017,4,5,15,0,12.9,287,436,576,5.1000000000000005,33.4533,26.2444
2017,4,5,15,30,12.5,297,23,311,5,17.7398,13.8972
2017,4,5,16,0,12.200000000000001,314,164,400,4.9,22.2695,17.4092
2017,4,5,16,30,11.700000000000001,251,40,269,4.7,14.4989,11.2984
2017,4,5,17,0,11.200000000000001,89,656,325,4.4,16.7883,13.0167
2017,4,5,17,30,10.3,62,2,63,3.9000000000000004,3.0944,2.3801
2017,4,5,18,0,9.5,66,1,66,3.4000000000000004,0.0000,0.0000
2017,4,5,18,30,8.8,24,0,24,3.3000000000000003,0.0000,0.0000
2017,4,5,19,0,8.1,0,0,0,3.2,0.0000,0.0000
2017,4,5,19,30,7.7,0,0,0,3.2,0.0000,0.0000
2017,4,5,20,0,7.300000000000001,0,0,0,3.2,0.0000,0.0000
2017,4,5,20,30,6.800000000000001,0,0,0,3.1,0.0000,0.0000
2017,4,5,21,0,6.2,0,0,0,2.9000000000000004,0.0000,0.0000
2017,4,5,21,30,5.7,0,0,0,2.8000000000000003,0.0000,0.0000
2017,4,5,22,0,5.2,0,0,0,2.7,0.0000,0.0000
2017,4,5,22,30,4.6000000000000005,0,0,0,2.6,0.0000,0.0000
2017,4,5,23,0,4.1000000000000005,0,0,0,2.4000000000000004,0.0000,0.0000
2017,4,5,23,30,3.7,0,0,0,2.4000000000000004,0.0000,0.0000
2017,4,6,0,0,3.3000000000000003,0,0,0,2.4000000000000004,0.0000,0.0000
2017,4,6,0,30,3.1,0,0,0,2.6,0.0000,0.0000
2017,4,6,1,0,2.9000000000000004,0,0,0,2.7,0.0000,0.0000
2017,4,6,1,30,2.7,0,0,0,3,0.0000,0.0000
2017,4,6,2,0,2.5,0,0,0,3.2,0.0000,0.0000
2017,4,6,2,30,2.2,0,0,0,3.4000000000000004,0.0000,0.0000
2017,4,6,3,0,1.9000000000000001,0,0,0,3.6,0.0000,0.0000
2017,4,6,3,30,1.6,0,0,0,3.7,0.0000,0.0000
2017,4,6,4,0,1.2000000000000002,0,0,0,3.7,0.0000,0.0000
2017,4,6,4,30,0.8,0,0,0,3.6,0.0000,0.0000
2017,4,6,5,0,0.4,0,0,0,3.6,0.0000,0.0000
2017,4,6,5,30,0.4,0,0,0,3.7,0.0000,0.0000
2017,4,6,6,0,0.4,0,0,0,3.9000000000000004,0.0000,0.0000
2017,4,6,6,30,1.3,25,376,55,4.1000000000000005,0.0000,0.0000
2017,4,6,7,0,2.3000000000000003,41,588,145,4.2,6.9125,5.2685
2017,4,6,7,30,4.1000000000000005,54,721,249,4.6000000000000005,12.2522,9.4275
2017,4,6,8,0,6,62,806,354,4.9,18.3212,14.2088
2017,4,6,8,30,7.300000000000001,69,864,457,5.300000000000001,24.6693,19.2269
2017,4,6,9,0,8.5,74,906,554,5.7,30.8831,24.1457
2017,4,6,9,30,9.3,79,937,643,5.7,36.7164,28.7658
2017,4,6,10,0,10,81,962,722,5.800000000000001,41.9729,32.9304
2017,4,6,10,30,10.700000000000001,84,979,789,5.7,46.4777,36.5001
2017,4,6,11,0,11.3,86,993,843,5.7,50.1292,39.3937
2017,4,6,11,30,11.8,88,1008,888,5.6000000000000005,53.1405,41.7779
2017,4,6,12,0,12.200000000000001,98,997,909,5.6000000000000005,54.5964,42.9329
2017,4,6,12,30,12.600000000000001,98,999,917,5.5,55.1418,43.3651
2017,4,6,13,0,12.9,97,999,908,5.5,54.5352,42.8848
2017,4,6,13,30,13.100000000000001,96,994,884,5.4,52.8989,41.5879
2017,4,6,14,0,13.200000000000001,91,991,847,5.300000000000001,50.3647,39.5786
2017,4,6,14,30,13.200000000000001,88,978,793,5.1000000000000005,46.7094,36.6818
2017,4,6,15,0,13.100000000000001,110,907,714,5,41.5050,32.5631
2017,4,6,15,30,12.9,104,880,634,4.7,36.1994,28.3606
2017,4,6,16,0,12.700000000000001,95,854,547,4.5,30.4896,23.8378
2017,4,6,16,30,12.200000000000001,87,807,449,4.1000000000000005,24.2358,18.8889
2017,4,6,17,0,11.600000000000001,73,765,350,3.6,18.1126,14.0469
2017,4,6,17,30,9.8,62,676,245,2.6,12.0554,9.2760
2017,4,6,18,0,7.9,45,566,145,1.5,6.9124,5.2685
2017,4,6,18,30,6.7,27,349,55,1.5,0.0000,0.0000
2017,4,6,19,0,5.5,0,0,0,1.4000000000000001,0.0000,0.0000
2017,4,6,19,30,5.2,0,0,0,1.4000000000000001,0.0000,0.0000
2017,4,6,20,0,5,0,0,0,1.3,0.0000,0.0000
2017,4,6,20,30,5,0,0,0,1.3,0.0000,0.0000
2017,4,6,21,0,5,0,0,0,1.3,0.0000,0.0000
2017,4,6,21,30,5.2,0,0,0,1.2000000000000002,0.0000,0.0000
2017,4,6,22,0,5.300000000000001,0,0,0,1.1,0.0000,0.0000
2017,4,6,22,30,5.2,0,0,0,1,0.0000,0.0000
2017,4,6,23,0,5.2,0,0,0,1,0.0000,0.0000
2017,4,6,23,30,4.9,0,0,0,1,0.0000,0.0000
2017,4,7,0,0,4.7,0,0,0,1.1,0.0000,0.0000
2017,4,7,0,30,4.3,0,0,0,1.1,0.0000,0.0000
2017,4,7,1,0,3.9000000000000004,0,0,0,1.2000000000000002,0.0000,0.0000
2017,4,7,1,30,3.5,0,0,0,1.2000000000000002,0.0000,0.0000
2017,4,7,2,0,3.2,0,0,0,1.3,0.0000,0.0000
2017,4,7,2,30,2.6,0,0,0,1.4000000000000001,0.0000,0.0000
2017,4,7,3,0,2,0,0,0,1.5,0.0000,0.0000
2017,4,7,3,30,1.5,0,0,0,1.5,0.0000,0.0000
2017,4,7,4,0,1,0,0,0,1.6,0.0000,0.0000
2017,4,7,4,30,0.7000000000000001,0,0,0,1.7000000000000002,0.0000,0.0000
2017,4,7,5,0,0.4,0,0,0,1.8,0.0000,0.0000
2017,4,7,5,30,0.9,0,0,0,2.1,0.0000,0.0000
2017,4,7,6,0,1.4000000000000001,0,0,0,2.3000000000000003,0.0000,0.0000
2017,4,7,6,30,3.1,28,332,57,3.2,0.0000,0.0000
2017,4,7,7,0,4.800000000000001,49,518,143,4.2,6.8158,5.1966
2017,4,7,7,30,6.2,64,650,243,4.4,11.9897,9.2302
2017,4,7,8,0,7.7,176,405,325,4.6000000000000005,16.8636,13.0827
2017,4,7,8,30,9.4,156,510,388,5.4,20.9889,16.3620
2017,4,7,9,0,11.100000000000001,190,527,472,6.1000000000000005,26.3566,20.6098
2017,4,7,9,30,12.200000000000001,102,854,620,6.300000000000001,35.4518,27.7782
2017,4,7,10,0,13.4,113,864,692,6.4,40.2748,31.6009
2017,4,7,10,30,14.3,117,884,758,6.5,44.6949,35.1024
2017,4,7,11,0,15.200000000000001,127,884,805,6.6000000000000005,47.9101,37.6520
2017,4,7,11,30,15.8,129,894,843,6.800000000000001,50.4873,39.6941
2017,4,7,12,0,16.400000000000002,124,910,867,6.9,52.1116,40.9809
2017,4,7,12,30,17,123,912,874,7.1000000000000005,52.5932,41.3627
2017,4,7,13,0,17.6,298,508,713,7.4,42.8529,33.6996
2017,4,7,13,30,18.1,243,585,709,7.6000000000000005,42.4568,33.3801
2017,4,7,14,0,18.6,391,260,591,7.7,35.1672,27.6371
2017,4,7,14,30,18.7,373,75,427,7.800000000000001,25.1708,19.7682
2017,4,7,15,0,18.8,355,113,431,7.800000000000001,25.0752,19.6743
2017,4,7,15,30,18.5,234,525,552,7.800000000000001,31.5492,24.7194
2017,4,7,16,0,18.2,249,374,448,7.7,25.0006,19.5484
2017,4,7,16,30,17.5,274,107,322,7.300000000000001,17.4044,13.5666
2017,4,7,17,0,16.8,98,590,314,6.9,16.2761,12.6253
2017,4,7,17,30,15.600000000000001,80,494,216,6.5,10.6468,8.1948
2017,4,7,18,0,14.3,100,35,106,6,5.0524,3.8517
2017,4,7,18,30,13.4,39,2,39,6,0.0000,0.0000
2017,4,7,19,0,12.5,0,0,0,6,0.0000,0.0000
2017,4,7,19,30,11.8,0,0,0,5.800000000000001,0.0000,0.0000
2017,4,7,20,0,11.200000000000001,0,0,0,5.6000000000000005,0.0000,0.0000
2017,4,7,20,30,10.8,0,0,0,5.6000000000000005,0.0000,0.0000
2017,4,7,21,0,10.4,0,0,0,5.6000000000000005,0.0000,0.0000
2017,4,7,21,30,10.100000000000001,0,0,0,5.300000000000001,0.0000,0.0000
2017,4,7,22,0,9.8,0,0,0,5,0.0000,0.0000
2017,4,7,22,30,9.5,0,0,0,4.9,0.0000,0.0000
2017,4,7,23,0,9.3,0,0,0,4.800000000000001,0.0000,0.0000
2017,4,7,23,30,9.1,0,0,0,4.800000000000001,0.0000,0.0000
2017,4,8,0,0,8.9,0,0,0,4.7,0.0000,0.0000
2017,4,8,0,30,8.700000000000001,0,0,0,4.7,0.0000,0.0000
2017,4,8,1,0,8.5,0,0,0,4.6000000000000005,0.0000,0.0000
2017,4,8,1,30,8.4,0,0,0,4.6000000000000005,0.0000,0.0000
2017,4,8,2,0,8.200000000000001,0,0,0,4.5,0.0000,0.0000
2017,4,8,2,30,8.1,0,0,0,4.5,0.0000,0.0000
2017,4,8,3,0,8.1,0,0,0,4.5,0.0000,0.0000
2017,4,8,3,30,8,0,0,0,4.4,0.0000,0.0000
2017,4,8,4,0,7.9,0,0,0,4.4,0.0000,0.0000
2017,4,8,4,30,7.7,0,0,0,4.3,0.0000,0.0000
2017,4,8,5,0,7.6000000000000005,0,0,0,4.2,0.0000,0.0000
2017,4,8,5,30,7.7,0,0,0,4.3,0.0000,0.0000
2017,4,8,6,0,7.800000000000001,0,0,0,4.5,0.0000,0.0000
2017,4,8,6,30,8.9,34,2,35,4.9,0.0000,0.0000
2017,4,8,7,0,9.9,80,12,82,5.300000000000001,3.9090,2.9815
2017,4,8,7,30,11.600000000000001,105,12,108,5.5,5.3435,4.1157
2017,4,8,8,0,13.3,201,138,252,5.7,13.1091,10.1733
2017,4,8,8,30,14.8,237,228,342,5.7,18.5390,14.4553
2017,4,8,9,0,16.3,274,238,402,5.7,22.4841,17.5843
2017,4,8,9,30,17.6,208,511,521,5.6000000000000005,29.8314,23.3770
2017,4,8,10,0,19,243,506,585,5.6000000000000005,34.0857,26.7470
2017,4,8,10,30,20.1,359,156,472,5.6000000000000005,27.8577,21.8803
2017,4,8,11,0,21.3,384,137,490,5.6000000000000005,29.1877,22.9396
2017,4,8,11,30,22.3,354,367,648,5.6000000000000005,38.8380,30.5368
2017,4,8,12,0,23.3,386,293,626,5.7,37.6530,29.6119
2017,4,8,12,30,24,380,361,679,5.6000000000000005,40.8867,32.1574
2017,4,8,13,0,24.700000000000003,403,312,658,5.5,39.5733,31.1219
2017,4,8,13,30,25,254,636,764,5.4,45.7813,35.9955
2017,4,8,14,0,25.400000000000002,294,521,694,5.2,41.3250,32.4780
2017,4,8,14,30,25.400000000000002,346,334,589,5.1000000000000005,34.7471,27.2906
2017,4,8,15,0,25.400000000000002,312,366,559,4.9,32.5493,25.5401
2017,4,8,15,30,25,297,317,490,4.7,28.0323,21.9655
2017,4,8,16,0,24.700000000000003,286,194,390,4.5,21.7880,17.0381
2017,4,8,16,30,23.700000000000003,244,124,301,3.7,16.2925,12.7017
2017,4,8,17,0,22.6,199,56,220,2.9000000000000004,11.4231,8.8628
2017,4,8,17,30,20.700000000000003,147,84,170,2.5,8.3940,6.4629
2017,4,8,18,0,18.8,93,29,98,2.2,4.6710,3.5617
2017,4,8,18,30,17.8,39,4,39,2.3000000000000003,0.0000,0.0000
2017,4,8,19,0,16.7,0,0,0,2.3000000000000003,0.0000,0.0000
2017,4,8,19,30,16.400000000000002,0,0,0,2.4000000000000004,0.0000,0.0000
2017,4,8,20,0,16.1,0,0,0,2.5,0.0000,0.0000
2017,4,8,20,30,15.8,0,0,0,2.6,0.0000,0.0000
2017,4,8,21,0,15.5,0,0,0,2.6,0.0000,0.0000
2017,4,8,21,30,15.200000000000001,0,0,0,2.5,0.0000,0.0000
2017,4,8,22,0,14.8,0,0,0,2.3000000000000003,0.0000,0.0000
2017,4,8,22,30,14.4,0,0,0,2.2,0.0000,0.0000
2017,4,8,23,0,14,0,0,0,2.1,0.0000,0.0000
2017,4,8,23,30,13.700000000000001,0,0,0,2,0.0000,0.0000
2017,4,9,0,0,13.4,0,0,0,1.9000000000000001,0.0000,0.0000
2017,4,9,0,30,13.200000000000001,0,0,0,1.8,0.0000,0.0000
2017,4,9,1,0,13,0,0,0,1.6,0.0000,0.0000
2017,4,9,1,30,12.9,0,0,0,1.4000000000000001,0.0000,0.0000
2017,4,9,2,0,12.9,0,0,0,1.3,0.0000,0.0000
2017,4,9,2,30,12.8,0,0,0,1.3,0.0000,0.0000
2017,4,9,3,0,12.700000000000001,0,0,0,1.3,0.0000,0.0000
2017,4,9,3,30,12.600000000000001,0,0,0,1.4000000000000001,0.0000,0.0000
2017,4,9,4,0,12.5,0,0,0,1.5,0.0000,0.0000
2017,4,9,4,30,12.5,0,0,0,1.5,0.0000,0.0000
2017,4,9,5,0,12.4,0,0,0,1.5,0.0000,0.0000
2017,4,9,5,30,12.600000000000001,0,0,0,1.5,0.0000,0.0000
2017,4,9,6,0,12.9,0,0,0,1.6,0.0000,0.0000
2017,4,9,6,30,13.700000000000001,29,0,30,1.9000000000000001,0.0000,0.0000
2017,4,9,7,0,14.600000000000001,56,2,57,2.2,2.7184,2.0743
2017,4,9,7,30,15.4,124,16,128,2,6.3500,4.8933
2017,4,9,8,0,16.3,131,10,135,1.9000000000000001,7.0404,5.4655
2017,4,9,8,30,17.3,82,1,82,2,4.4539,3.4735
2017,4,9,9,0,18.3,134,2,136,2.2,7.6187,5.9593
2017,4,9,9,30,19.200000000000003,233,18,244,2.5,13.9891,10.9635
2017,4,9,10,0,20.1,257,14,267,2.8000000000000003,15.5738,12.2217
2017,4,9,10,30,21,297,19,311,3.1,18.3727,14.4314
2017,4,9,11,0,21.8,298,12,308,3.3000000000000003,18.3616,14.4318
2017,4,9,11,30,22.6,416,103,498,3.7,29.8705,23.4871
2017,4,9,12,0,23.3,388,142,505,4.2,30.3958,23.9056
2017,4,9,12,30,23.900000000000002,395,188,551,4.5,33.2011,26.1138
2017,4,9,13,0,24.400000000000002,346,387,664,4.9,39.9601,31.4274
2017,4,9,13,30,24.8,457,275,678,5.1000000000000005,40.6549,31.9663
2017,4,9,14,0,25.1,455,183,597,5.300000000000001,35.5735,27.9591
2017,4,9,14,30,25.200000000000003,297,421,604,5.4,35.6581,28.0075
2017,4,9,15,0,25.3,316,281,506,5.4,29.4875,23.1391
2017,4,9,15,30,24.900000000000002,304,111,372,5.300000000000001,21.3017,16.6929
2017,4,9,16,0,24.5,258,80,302,5.300000000000001,16.8911,13.2101
2017,4,9,16,30,23.3,221,19,230,5.300000000000001,12.4661,9.7200
2017,4,9,17,0,22.1,201,26,210,5.4,10.9224,8.4761
2017,4,9,17,30,20.1,138,9,141,6,6.9749,5.3721
2017,4,9,18,0,18,86,3,87,6.6000000000000005,4.1472,3.1632
2017,4,9,18,30,16.400000000000002,34,0,34,6.800000000000001,0.0000,0.0000
2017,4,9,19,0,14.700000000000001,0,0,0,7,0.0000,0.0000
2017,4,9,19,30,13.700000000000001,0,0,0,7,0.0000,0.0000
2017,4,9,20,0,12.600000000000001,0,0,0,7,0.0000,0.0000
2017,4,9,20,30,11.8,0,0,0,7,0.0000,0.0000
2017,4,9,21,0,10.9,0,0,0,7,0.0000,0.0000
2017,4,9,21,30,10.3,0,0,0,6.5,0.0000,0.0000
2017,4,9,22,0,9.700000000000001,0,0,0,6,0.0000,0.0000
2017,4,9,22,30,9.200000000000001,0,0,0,5.5,0.0000,0.0000
2017,4,9,23,0,8.8,0,0,0,5,0.0000,0.0000
2017,4,9,23,30,8.4,0,0,0,4.7,0.0000,0.0000
2017,4,10,0,0,8.1,0,0,0,4.4,0.0000,0.0000
2017,4,10,0,30,7.7,0,0,0,4.1000000000000005,0.0000,0.0000
2017,4,10,1,0,7.4,0,0,0,3.8000000000000003,0.0000,0.0000
2017,4,10,1,30,7.1000000000000005,0,0,0,3.9000000000000004,0.0000,0.0000
2017,4,10,2,0,6.800000000000001,0,0,0,3.9000000000000004,0.0000,0.0000
2017,4,10,2,30,6.5,0,0,0,3.8000000000000003,0.0000,0.0000
2017,4,10,3,0,6.2,0,0,0,3.7,0.0000,0.0000
2017,4,10,3,30,6,0,0,0,3.5,0.0000,0.0000
2017,4,10,4,0,5.9,0,0,0,3.4000000000000004,0.0000,0.0000
2017,4,10,4,30,5.800000000000001,0,0,0,3.2,0.0000,0.0000
2017,4,10,5,0,5.7,0,0,0,3,0.0000,0.0000
2017,4,10,5,30,6,0,0,0,3,0.0000,0.0000
2017,4,10,6,0,6.2,0,0,0,3.1,0.0000,0.0000
2017,4,10,6,30,6.800000000000001,37,265,63,3.3000000000000003,0.0000,0.0000
2017,4,10,7,0,7.300000000000001,61,452,150,3.5,7.1591,5.4652
2017,4,10,7,30,7.800000000000001,79,582,248,3.5,12.3374,9.5118
2017,4,10,8,0,8.200000000000001,170,9,173,3.5,9.0446,7.0235
2017,4,10,8,30,8.4,69,0,69,3.8000000000000003,3.7551,2.9291
2017,4,10,9,0,8.700000000000001,65,0,65,4,3.6470,2.8530
2017,4,10,9,30,8.5,66,0,66,4.6000000000000005,3.7888,2.9696
2017,4,10,10,0,8.3,50,0,50,5.1000000000000005,2.9196,2.2914
2017,4,10,10,30,7.9,37,0,37,5.7,2.1878,1.7186
2017,4,10,11,0,7.4,202,0,202,6.300000000000001,12.0521,9.4732
2017,4,10,11,30,7.4,105,0,105,6.5,6.3026,4.9560
2017,4,10,12,0,7.4,180,0,181,6.7,10.9018,8.5744
2017,4,10,12,30,7.9,94,0,94,6.7,5.6678,4.4581
2017,4,10,13,0,8.4,84,0,84,6.6000000000000005,5.0585,3.9785
2017,4,10,13,30,8.8,88,0,89,6.7,5.3401,4.1990
2017,4,10,14,0,9.200000000000001,85,0,85,6.7,5.0684,3.9837
2017,4,10,14,30,9,174,0,174,6.9,10.2798,8.0746
2017,4,10,15,0,8.9,91,0,91,7,5.3074,4.1650
2017,4,10,15,30,8.4,125,0,125,7.1000000000000005,7.1645,5.6148
2017,4,10,16,0,7.9,172,0,172,7.1000000000000005,9.6305,7.5325
2017,4,10,16,30,7.300000000000001,81,0,81,6.800000000000001,4.3964,3.4284
2017,4,10,17,0,6.7,98,0,98,6.6000000000000005,5.1057,3.9630
2017,4,10,17,30,6,104,2,104,6.1000000000000005,5.1536,3.9706
2017,4,10,18,0,5.2,54,479,145,5.7,6.9139,5.2748
2017,4,10,18,30,4.5,32,282,59,5,0.0000,0.0000
2017,4,10,19,0,3.7,0,0,0,4.3,0.0000,0.0000
2017,4,10,19,30,3.1,0,0,0,3.9000000000000004,0.0000,0.0000
2017,4,10,20,0,2.5,0,0,0,3.6,0.0000,0.0000
2017,4,10,20,30,2.1,0,0,0,3.4000000000000004,0.0000,0.0000
2017,4,10,21,0,1.6,0,0,0,3.2,0.0000,0.0000
2017,4,10,21,30,1.2000000000000002,0,0,0,2.8000000000000003,0.0000,0.0000
2017,4,10,22,0,0.8,0,0,0,2.5,0.0000,0.0000
2017,4,10,22,30,0.4,0,0,0,2.2,0.0000,0.0000
2017,4,10,23,0,0,0,0,0,1.9000000000000001,0.0000,0.0000
2017,4,10,23,30,-0.30000000000000004,0,0,0,1.7000000000000002,0.0000,0.0000
2017,4,11,0,0,-0.7000000000000001,0,0,0,1.6,0.0000,0.0000
2017,4,11,0,30,-0.9,0,0,0,1.5,0.0000,0.0000
2017,4,11,1,0,-1.2000000000000002,0,0,0,1.5,0.0000,0.0000
2017,4,11,1,30,-1.3,0,0,0,1.6,0.0000,0.0000
2017,4,11,2,0,-1.5,0,0,0,1.6,0.0000,0.0000
2017,4,11,2,30,-1.5,0,0,0,1.7000000000000002,0.0000,0.0000
2017,4,11,3,0,-1.6,0,0,0,1.9000000000000001,0.0000,0.0000
2017,4,11,3,30,-1.7000000000000002,0,0,0,1.9000000000000001,0.0000,0.0000
2017,4,11,4,0,-1.7000000000000002,0,0,0,1.9000000000000001,0.0000,0.0000
2017,4,11,4,30,-1.9000000000000001,0,0,0,1.9000000000000001,0.0000,0.0000
2017,4,11,5,0,-2,0,0,0,1.8,0.0000,0.0000
2017,4,11,5,30,-1.4000000000000001,0,0,0,2.1,0.0000,0.0000
2017,4,11,6,0,-0.7000000000000001,0,0,0,2.3000000000000003,0.0000,0.0000
2017,4,11,6,30,0.6000000000000001,36,318,70,2.6,0.0000,0.0000
2017,4,11,7,0,1.9000000000000001,59,496,158,3,7.5483,5.7651
2017,4,11,7,30,3.8000000000000003,76,622,260,2.6,12.9694,10.0036
2017,4,11,8,0,5.7,90,696,359,2.2,18.8135,14.6137
2017,4,11,8,30,7.1000000000000005,101,760,460,1.8,25.0824,19.5690
2017,4,11,9,0,8.5,111,801,554,1.4000000000000001,31.1321,24.3577
2017,4,11,9,30,9.5,118,832,638,1.3,36.6709,28.7454
2017,4,11,10,0,10.5,126,858,716,1.2000000000000002,41.8527,32.8495
2017,4,11,10,30,11.5,130,878,781,1.6,46.2220,36.3113
2017,4,11,11,0,12.5,130,895,831,1.9000000000000001,49.6200,39.0044
2017,4,11,11,30,13.4,134,905,870,2.3000000000000003,52.2590,41.0951
2017,4,11,12,0,14.200000000000001,124,926,894,2.8000000000000003,53.8823,42.3809
2017,4,11,12,30,14.8,124,928,901,3,54.3602,42.7596
2017,4,11,13,0,15.4,128,919,891,3.3000000000000003,53.6891,42.2283
2017,4,11,13,30,15.8,126,913,866,3.4000000000000004,51.9946,40.8859
2017,4,11,14,0,16.2,121,908,828,3.6,49.4049,38.8334
2017,4,11,14,30,16.6,116,894,774,3.6,45.7600,35.9457
2017,4,11,15,0,17,122,849,701,3.7,40.9175,32.1121
2017,4,11,15,30,17.2,116,821,623,3.7,35.7395,28.0110
2017,4,11,16,0,17.400000000000002,109,781,535,3.6,29.9890,23.4582
2017,4,11,16,30,16.900000000000002,101,736,443,3.1,24.0759,18.7775
2017,4,11,17,0,16.5,91,661,341,2.6,17.7939,13.8144
2017,4,11,17,30,14.5,77,569,240,2.2,11.9140,9.1819
2017,4,11,18,0,12.5,59,428,142,1.9000000000000001,6.7735,5.1692
2017,4,11,18,30,11.4,34,238,57,2.2,0.0000,0.0000
2017,4,11,19,0,10.200000000000001,0,0,0,2.5,0.0000,0.0000
2017,4,11,19,30,10.100000000000001,0,0,0,2.9000000000000004,0.0000,0.0000
2017,4,11,20,0,9.9,0,0,0,3.2,0.0000,0.0000
2017,4,11,20,30,9.8,0,0,0,3.5,0.0000,0.0000
2017,4,11,21,0,9.600000000000001,0,0,0,3.9000000000000004,0.0000,0.0000
2017,4,11,21,30,9.3,0,0,0,4,0.0000,0.0000
2017,4,11,22,0,9,0,0,0,4.2,0.0000,0.0000
2017,4,11,22,30,8.6,0,0,0,4.3,0.0000,0.0000
2017,4,11,23,0,8.3,0,0,0,4.3,0.0000,0.0000
2017,4,11,23,30,8,0,0,0,4.3,0.0000,0.0000
2017,4,12,0,0,7.6000000000000005,0,0,0,4.3,0.0000,0.0000
2017,4,12,0,30,7.4,0,0,0,4.3,0.0000,0.0000
2017,4,12,1,0,7.1000000000000005,0,0,0,4.2,0.0000,0.0000
2017,4,12,1,30,7,0,0,0,4,0.0000,0.0000
2017,4,12,2,0,6.800000000000001,0,0,0,3.9000000000000004,0.0000,0.0000
2017,4,12,2,30,7,0,0,0,3.9000000000000004,0.0000,0.0000
2017,4,12,3,0,7.2,0,0,0,3.9000000000000004,0.0000,0.0000
2017,4,12,3,30,7.300000000000001,0,0,0,3.5,0.0000,0.0000
2017,4,12,4,0,7.4,0,0,0,3.1,0.0000,0.0000
2017,4,12,4,30,7.300000000000001,0,0,0,2.7,0.0000,0.0000
2017,4,12,5,0,7.1000000000000005,0,0,0,2.3000000000000003,0.0000,0.0000
2017,4,12,5,30,7.300000000000001,0,0,0,2.4000000000000004,0.0000,0.0000
2017,4,12,6,0,7.5,3,0,3,2.5,0.0000,0.0000
2017,4,12,6,30,8.1,14,0,14,2.9000000000000004,0.0000,0.0000
2017,4,12,7,0,8.700000000000001,49,1,49,3.3000000000000003,2.3438,1.7910
2017,4,12,7,30,9.3,100,5,102,3.4000000000000004,5.1013,3.9365
2017,4,12,8,0,10,119,4,121,3.6,6.3560,4.9385
2017,4,12,8,30,10.600000000000001,148,4,150,3,8.1946,6.3946
2017,4,12,9,0,11.200000000000001,268,44,293,2.4000000000000004,16.4895,12.9031
2017,4,12,9,30,12.100000000000001,120,1,121,2.8000000000000003,6.9632,5.4588
2017,4,12,10,0,13,329,41,357,3.1,20.8887,16.3964
2017,4,12,10,30,14,388,75,444,3.9000000000000004,26.3002,20.6623
2017,4,12,11,0,14.9,317,14,329,4.7,19.6599,15.4547
2017,4,12,11,30,15.4,380,44,416,5.2,25.0054,19.6644
2017,4,12,12,0,15.8,28,0,28,5.7,1.6887,1.3283
2017,4,12,12,30,15.700000000000001,139,0,139,5.9,8.3916,6.6011
2017,4,12,13,0,15.700000000000001,285,9,292,6.2,17.6060,13.8483
2017,4,12,13,30,15.700000000000001,213,2,215,6.300000000000001,12.9166,10.1573
2017,4,12,14,0,15.700000000000001,203,2,205,6.300000000000001,12.2397,9.6211
2017,4,12,14,30,15.8,245,0,246,6,14.5538,11.4329
2017,4,12,15,0,15.9,112,0,112,5.7,6.5425,5.1348
2017,4,12,15,30,16,85,0,85,5.300000000000001,4.8806,3.8255
2017,4,12,16,0,16.1,154,0,154,4.800000000000001,8.6415,6.7603
2017,4,12,16,30,16,166,1,166,4.2,9.0334,7.0464
2017,4,12,17,0,15.8,122,0,122,3.7,6.3767,4.9516
2017,4,12,17,30,15.4,93,0,93,3.3000000000000003,4.6248,3.5654
2017,4,12,18,0,15,88,139,115,3,5.4883,4.1896
2017,4,12,18,30,14.700000000000001,34,53,40,2.7,0.0000,0.0000
2017,4,12,19,0,14.4,0,0,0,2.5,0.0000,0.0000
2017,4,12,19,30,14.4,0,0,0,2.4000000000000004,0.0000,0.0000
2017,4,12,20,0,14.4,0,0,0,2.3000000000000003,0.0000,0.0000
2017,4,12,20,30,14.3,0,0,0,2.2,0.0000,0.0000
2017,4,12,21,0,14.200000000000001,0,0,0,2.2,0.0000,0.0000
2017,4,12,21,30,14.200000000000001,0,0,0,2.1,0.0000,0.0000
2017,4,12,22,0,14.100000000000001,0,0,0,2.1,0.0000,0.0000
2017,4,12,22,30,14,0,0,0,2.1,0.0000,0.0000
2017,4,12,23,0,13.9,0,0,0,2.1,0.0000,0.0000
2017,4,12,23,30,13,0,0,0,1.8,0.0000,0.0000
2017,4,13,0,0,12.100000000000001,0,0,0,1.6,0.0000,0.0000
2017,4,13,0,30,11.700000000000001,0,0,0,1.7000000000000002,0.0000,0.0000
2017,4,13,1,0,11.3,0,0,0,1.9000000000000001,0.0000,0.0000
2017,4,13,1,30,11,0,0,0,2.4000000000000004,0.0000,0.0000
2017,4,13,2,0,10.600000000000001,0,0,0,2.9000000000000004,0.0000,0.0000
2017,4,13,2,30,10.3,0,0,0,3,0.0000,0.0000
2017,4,13,3,0,10,0,0,0,3.1,0.0000,0.0000
2017,4,13,3,30,9.8,0,0,0,3.2,0.0000,0.0000
2017,4,13,4,0,9.600000000000001,0,0,0,3.3000000000000003,0.0000,0.0000
2017,4,13,4,30,9.4,0,0,0,3.3000000000000003,0.0000,0.0000
2017,4,13,5,0,9.200000000000001,0,0,0,3.3000000000000003,0.0000,0.0000
2017,4,13,5,30,9.3,0,0,0,3.4000000000000004,0.0000,0.0000
2017,4,13,6,0,9.3,6,0,6,3.5,0.0000,0.0000
2017,4,13,6,30,9.9,47,112,60,3.6,0.0000,0.0000
2017,4,13,7,0,10.5,92,240,142,3.6,6.8014,5.1998
2017,4,13,7,30,11.5,129,345,234,3.7,11.7346,9.0591
2017,4,13,8,0,12.600000000000001,153,453,332,3.7,17.4801,13.5856
2017,4,13,8,30,13.9,273,33,289,3.9000000000000004,15.8169,12.3448
2017,4,13,9,0,15.3,267,14,274,4,15.4427,12.0855
2017,4,13,9,30,16.6,327,28,345,3.9000000000000004,19.8773,15.5842
2017,4,13,10,0,17.8,426,109,502,3.8000000000000003,29.4018,23.0804
2017,4,13,10,30,18.8,447,257,639,3.6,37.8826,29.7635
2017,4,13,11,0,19.8,208,737,790,3.4000000000000004,47.2430,37.1397
2017,4,13,11,30,20.5,212,747,824,3.1,49.5633,38.9788
2017,4,13,12,0,21.3,172,822,861,2.8000000000000003,51.9602,40.8725
2017,4,13,12,30,21.900000000000002,172,821,866,2.7,52.3132,41.1528
2017,4,13,13,0,22.5,170,821,857,2.5,51.7028,40.6693
2017,4,13,13,30,22.8,168,814,833,2.5,50.0737,39.3785
2017,4,13,14,0,23.1,444,277,662,2.4000000000000004,39.5503,31.0902
2017,4,13,14,30,23.1,282,451,617,2.4000000000000004,36.5282,28.6967
2017,4,13,15,0,23.1,292,412,576,2.5,33.6724,26.4291
2017,4,13,15,30,22.900000000000002,256,439,530,2.5,30.4585,23.8754
2017,4,13,16,0,22.700000000000003,149,657,511,2.5,28.7028,22.4562
2017,4,13,16,30,22.1,212,401,401,2.2,21.8499,17.0459
2017,4,13,17,0,21.6,188,313,309,2,16.1761,12.5634
2017,4,13,17,30,20.5,49,0,49,1.9000000000000001,2.4410,1.8824
2017,4,13,18,0,19.5,102,29,108,1.8,5.1572,3.9380
2017,4,13,18,30,18.900000000000002,45,4,45,2,0.0000,0.0000
2017,4,13,19,0,18.3,0,0,0,2.2,0.0000,0.0000
2017,4,13,19,30,18.1,0,0,0,2.4000000000000004,0.0000,0.0000
2017,4,13,20,0,18,0,0,0,2.7,0.0000,0.0000
2017,4,13,20,30,17.7,0,0,0,2.8000000000000003,0.0000,0.0000
2017,4,13,21,0,17.400000000000002,0,0,0,3,0.0000,0.0000
2017,4,13,21,30,17.1,0,0,0,3.1,0.0000,0.0000
2017,4,13,22,0,16.7,0,0,0,3.1,0.0000,0.0000
2017,4,13,22,30,16.400000000000002,0,0,0,3,0.0000,0.0000
2017,4,13,23,0,16,0,0,0,2.9000000000000004,0.0000,0.0000
2017,4,13,23,30,15.700000000000001,0,0,0,2.7,0.0000,0.0000
2017,4,14,0,0,15.3,0,0,0,2.5,0.0000,0.0000
2017,4,14,0,30,15,0,0,0,2.4000000000000004,0.0000,0.0000
2017,4,14,1,0,14.600000000000001,0,0,0,2.2,0.0000,0.0000
2017,4,14,1,30,14.4,0,0,0,2.3000000000000003,0.0000,0.0000
2017,4,14,2,0,14.200000000000001,0,0,0,2.4000000000000004,0.0000,0.0000
2017,4,14,2,30,14,0,0,0,2.5,0.0000,0.0000
2017,4,14,3,0,13.9,0,0,0,2.7,0.0000,0.0000
2017,4,14,3,30,13.9,0,0,0,3,0.0000,0.0000
2017,4,14,4,0,13.9,0,0,0,3.3000000000000003,0.0000,0.0000
2017,4,14,4,30,14,0,0,0,3.6,0.0000,0.0000
2017,4,14,5,0,14.100000000000001,0,0,0,4,0.0000,0.0000
2017,4,14,5,30,14.200000000000001,0,0,0,4.3,0.0000,0.0000
2017,4,14,6,0,14.4,3,0,3,4.6000000000000005,0.0000,0.0000
2017,4,14,6,30,14.8,18,0,18,4.9,0.0000,0.0000
2017,4,14,7,0,15.200000000000001,39,1,39,5.2,1.8708,1.4310
2017,4,14,7,30,15.9,88,6,90,5.5,4.5251,3.4948
2017,4,14,8,0,16.5,27,0,27,5.800000000000001,1.4247,1.1076
2017,4,14,8,30,16.900000000000002,89,1,89,6.2,4.8797,3.8092
2017,4,14,9,0,17.3,88,0,88,6.5,4.9668,3.8875
2017,4,14,9,30,17.6,54,0,54,6.7,3.1147,2.4422
2017,4,14,10,0,17.8,51,0,51,6.800000000000001,2.9899,2.3473
2017,4,14,10,30,18.5,116,0,116,6.800000000000001,6.8828,5.4080
2017,4,14,11,0,19.200000000000003,254,5,259,6.800000000000001,15.5000,12.1858
2017,4,14,11,30,20.1,302,10,310,6.9,18.6588,14.6747
2017,4,14,12,0,21.1,410,188,568,6.9,34.2990,26.9811
2017,4,14,12,30,21.8,400,49,442,7,26.7162,21.0174
2017,4,14,13,0,22.6,183,2,184,7.2,11.1072,8.7372
2017,4,14,13,30,23,181,0,181,7.1000000000000005,10.8869,8.5619
2017,4,14,14,0,23.3,129,0,129,7.1000000000000005,7.7117,6.0624
2017,4,14,14,30,23.6,83,0,83,6.9,4.9171,3.8631
2017,4,14,15,0,23.8,72,0,72,6.800000000000001,4.2122,3.3063
2017,4,14,15,30,23.700000000000003,142,0,142,6.6000000000000005,8.1676,6.4027
2017,4,14,16,0,23.6,101,0,101,6.300000000000001,5.6791,4.4435
2017,4,14,16,30,23.1,132,0,132,6.1000000000000005,7.2017,5.6190
2017,4,14,17,0,22.6,63,0,63,5.800000000000001,3.3032,2.5659
2017,4,14,17,30,21.8,66,0,66,5.800000000000001,3.2938,2.5408
2017,4,14,18,0,21,65,384,142,5.800000000000001,6.7855,5.1830
2017,4,14,18,30,20.3,38,214,61,6,0.0000,0.0000
2017,4,14,19,0,19.6,0,0,0,6.2,0.0000,0.0000
2017,4,14,19,30,19.3,0,0,0,6.2,0.0000,0.0000
2017,4,14,20,0,19,0,0,0,6.300000000000001,0.0000,0.0000
2017,4,14,20,30,18.8,0,0,0,6.300000000000001,0.0000,0.0000
2017,4,14,21,0,18.6,0,0,0,6.300000000000001,0.0000,0.0000
2017,4,14,21,30,18.6,0,0,0,6.300000000000001,0.0000,0.0000
2017,4,14,22,0,18.5,0,0,0,6.4,0.0000,0.0000
2017,4,14,22,30,18.2,0,0,0,6.1000000000000005,0.0000,0.0000
2017,4,14,23,0,18,0,0,0,5.800000000000001,0.0000,0.0000
2017,4,14,23,30,17.8,0,0,0,5.5,0.0000,0.0000
2017,4,15,0,0,17.5,0,0,0,5.2,0.0000,0.0000
2017,4,15,0,30,17.2,0,0,0,5.1000000000000005,0.0000,0.0000
2017,4,15,1,0,17,0,0,0,4.9,0.0000,0.0000
2017,4,15,1,30,16.8,0,0,0,4.7,0.0000,0.0000
2017,4,15,2,0,16.5,0,0,0,4.6000000000000005,0.0000,0.0000
2017,4,15,2,30,16.2,0,0,0,4.2,0.0000,0.0000
2017,4,15,3,0,15.9,0,0,0,3.8000000000000003,0.0000,0.0000
2017,4,15,3,30,15.600000000000001,0,0,0,3.5,0.0000,0.0000
2017,4,15,4,0,15.200000000000001,0,0,0,3.1,0.0000,0.0000
2017,4,15,4,30,14.8,0,0,0,3.1,0.0000,0.0000
2017,4,15,5,0,14.5,0,0,0,3,0.0000,0.0000
2017,4,15,5,30,14.700000000000001,0,0,0,3.4000000000000004,0.0000,0.0000
2017,4,15,6,0,14.9,5,0,5,3.7,0.0000,0.0000
2017,4,15,6,30,15.700000000000001,19,0,19,4,0.0000,0.0000
2017,4,15,7,0,16.5,49,1,49,4.2,2.3545,1.8019
2017,4,15,7,30,17.7,150,86,177,4.4,8.9225,6.8939
2017,4,15,8,0,19,190,236,286,4.6000000000000005,15.1246,11.7610
2017,4,15,8,30,20,244,348,414,4.4,22.7375,17.7522
2017,4,15,9,0,21.1,308,251,451,4.2,25.4898,19.9532
2017,4,15,9,30,21.900000000000002,134,753,617,3.9000000000000004,35.6299,27.9396
2017,4,15,10,0,22.700000000000003,145,775,690,3.5,40.4907,31.7896
2017,4,15,10,30,23.1,150,796,752,3.2,44.6556,35.0889
2017,4,15,11,0,23.5,157,807,801,2.9000000000000004,47.9710,37.7157
2017,4,15,11,30,23.700000000000003,477,217,656,2.8000000000000003,39.5103,31.0753
2017,4,15,12,0,23.900000000000002,471,287,713,2.6,43.0808,33.8905
2017,4,15,12,30,23.900000000000002,459,324,735,2.6,44.4515,34.9709
2017,4,15,13,0,23.900000000000002,487,234,684,2.6,41.3134,32.4994
2017,4,15,13,30,23.5,298,1,298,3.2,17.9345,14.1050
2017,4,15,14,0,23.1,336,3,338,3.8000000000000003,20.2180,15.8945
2017,4,15,14,30,22.400000000000002,142,0,142,4.6000000000000005,8.4179,6.6138
2017,4,15,15,0,21.700000000000003,313,10,320,5.4,18.7342,14.7058
2017,4,15,15,30,20.900000000000002,354,75,401,5.9,23.0844,18.0975
2017,4,15,16,0,20.200000000000003,135,684,516,6.300000000000001,29.0438,22.7271
2017,4,15,16,30,19.6,123,634,425,6,23.2151,18.1155
2017,4,15,17,0,18.900000000000002,105,586,334,5.7,17.5389,13.6270
2017,4,15,17,30,18.1,89,496,237,4.7,11.8486,9.1425
2017,4,15,18,0,17.3,54,2,54,3.6,2.5825,1.9732
2017,4,15,18,30,16.2,24,0,24,2.9000000000000004,0.0000,0.0000
2017,4,15,19,0,15.100000000000001,3,0,3,2.2,0.0000,0.0000
2017,4,15,19,30,14.600000000000001,0,0,0,2,0.0000,0.0000
2017,4,15,20,0,14.100000000000001,0,0,0,1.8,0.0000,0.0000
2017,4,15,20,30,13.700000000000001,0,0,0,1.7000000000000002,0.0000,0.0000
2017,4,15,21,0,13.200000000000001,0,0,0,1.6,0.0000,0.0000
2017,4,15,21,30,12.9,0,0,0,1.6,0.0000,0.0000
2017,4,15,22,0,12.5,0,0,0,1.6,0.0000,0.0000
2017,4,15,22,30,12.3,0,0,0,1.8,0.0000,0.0000
2017,4,15,23,0,12.100000000000001,0,0,0,2.1,0.0000,0.0000
2017,4,15,23,30,12,0,0,0,2.7,0.0000,0.0000
2017,4,16,0,0,11.8,0,0,0,3.3000000000000003,0.0000,0.0000
2017,4,16,0,30,11.600000000000001,0,0,0,3.9000000000000004,0.0000,0.0000
2017,4,16,1,0,11.3,0,0,0,4.6000000000000005,0.0000,0.0000
2017,4,16,1,30,10.8,0,0,0,4.800000000000001,0.0000,0.0000
2017,4,16,2,0,10.200000000000001,0,0,0,5.1000000000000005,0.0000,0.0000
2017,4,16,2,30,9.600000000000001,0,0,0,4.7,0.0000,0.0000
2017,4,16,3,0,9,0,0,0,4.3,0.0000,0.0000
2017,4,16,3,30,8.1,0,0,0,3.4000000000000004,0.0000,0.0000
2017,4,16,4,0,7.300000000000001,0,0,0,2.5,0.0000,0.0000
2017,4,16,4,30,6.6000000000000005,0,0,0,2.2,0.0000,0.0000
2017,4,16,5,0,6,0,0,0,1.8,0.0000,0.0000
2017,4,16,5,30,6.5,0,0,0,2.1,0.0000,0.0000
2017,4,16,6,0,7.1000000000000005,16,115,21,2.4000000000000004,0.0000,0.0000
2017,4,16,6,30,8,42,377,91,2.5,0.0000,0.0000
2017,4,16,7,0,9,127,65,141,2.7,6.7871,5.1967
2017,4,16,7,30,10.5,74,668,287,2.6,14.5038,11.2105
2017,4,16,8,0,11.9,84,750,390,2.5,20.6691,16.0766
2017,4,16,8,30,13.9,92,806,491,3.3000000000000003,27.0134,21.0942
2017,4,16,9,0,16,97,851,585,4.1000000000000005,33.1080,25.9196
2017,4,16,9,30,16.900000000000002,102,883,672,3.9000000000000004,38.8487,30.4663
2017,4,16,10,0,17.8,107,907,748,3.8000000000000003,43.9343,34.4955
2017,4,16,10,30,18.5,110,924,813,3.5,48.3153,37.9666
2017,4,16,11,0,19.1,117,926,859,3.1,51.4802,40.4766
2017,4,16,11,30,19.5,119,935,896,2.7,53.9990,42.4725
2017,4,16,12,0,20,130,925,915,2.3000000000000003,55.3187,43.5194
2017,4,16,12,30,20.1,130,923,918,2.1,55.5510,43.7047
2017,4,16,13,0,20.200000000000003,132,916,908,1.8,54.8740,43.1684
2017,4,16,13,30,20.3,130,910,883,1.7000000000000002,53.1717,41.8196
2017,4,16,14,0,20.400000000000002,128,897,841,1.5,50.3352,39.5729
2017,4,16,14,30,20.3,250,582,688,1.3,40.8109,32.0655
2017,4,16,15,0,20.200000000000003,323,382,590,1.1,34.5664,27.1352
2017,4,16,15,30,20,195,627,592,1.1,34.1083,26.7416
2017,4,16,16,0,19.900000000000002,106,809,560,1.1,31.5510,24.6911
2017,4,16,16,30,19.5,98,763,464,1.2000000000000002,25.3773,19.8051
2017,4,16,17,0,19,87,707,365,1.3,19.1961,14.9173
2017,4,16,17,30,17.5,75,622,263,1.2000000000000002,13.1705,10.1653
2017,4,16,18,0,16,59,503,164,1.1,7.8500,6.0001
2017,4,16,18,30,14.600000000000001,38,318,75,1.3,0.0000,0.0000
2017,4,16,19,0,13.100000000000001,8,0,8,1.4000000000000001,0.0000,0.0000
2017,4,16,19,30,12.600000000000001,0,0,0,1.6,0.0000,0.0000
2017,4,16,20,0,12.100000000000001,0,0,0,1.7000000000000002,0.0000,0.0000
2017,4,16,20,30,11.700000000000001,0,0,0,1.9000000000000001,0.0000,0.0000
2017,4,16,21,0,11.200000000000001,0,0,0,2.1,0.0000,0.0000
2017,4,16,21,30,10.8,0,0,0,2.2,0.0000,0.0000
2017,4,16,22,0,10.4,0,0,0,2.3000000000000003,0.0000,0.0000
2017,4,16,22,30,10,0,0,0,2.2,0.0000,0.0000
2017,4,16,23,0,9.600000000000001,0,0,0,2.2,0.0000,0.0000
2017,4,16,23,30,9.3,0,0,0,2,0.0000,0.0000
2017,4,17,0,0,9.1,0,0,0,1.8,0.0000,0.0000
2017,4,17,0,30,8.9,0,0,0,1.7000000000000002,0.0000,0.0000
2017,4,17,1,0,8.8,0,0,0,1.6,0.0000,0.0000
2017,4,17,1,30,8.700000000000001,0,0,0,1.6,0.0000,0.0000
2017,4,17,2,0,8.6,0,0,0,1.5,0.0000,0.0000
2017,4,17,2,30,8.3,0,0,0,1.5,0.0000,0.0000
2017,4,17,3,0,8.1,0,0,0,1.5,0.0000,0.0000
2017,4,17,3,30,8,0,0,0,1.5,0.0000,0.0000
2017,4,17,4,0,7.9,0,0,0,1.5,0.0000,0.0000
2017,4,17,4,30,7.5,0,0,0,1.4000000000000001,0.0000,0.0000
2017,4,17,5,0,7.2,0,0,0,1.2000000000000002,0.0000,0.0000
2017,4,17,5,30,7.7,0,0,0,1.1,0.0000,0.0000
2017,4,17,6,0,8.3,17,95,21,1,0.0000,0.0000
2017,4,17,6,30,9.700000000000001,45,326,89,1.2000000000000002,0.0000,0.0000
2017,4,17,7,0,11,66,489,178,1.5,8.5841,6.5760
2017,4,17,7,30,12.600000000000001,82,602,276,1.4000000000000001,13.9827,10.8117
2017,4,17,8,0,14.100000000000001,94,684,376,1.4000000000000001,19.9683,15.5351
2017,4,17,8,30,15.5,103,743,474,1.5,26.1214,20.4009
2017,4,17,9,0,16.8,111,787,566,1.7000000000000002,32.0739,25.1127
2017,4,17,9,30,17.6,118,821,651,1.7000000000000002,37.6741,29.5475
2017,4,17,10,0,18.5,124,846,725,1.8,42.6217,33.4671
2017,4,17,10,30,19.200000000000003,128,865,789,1.9000000000000001,46.9248,36.8758
2017,4,17,11,0,20,132,874,836,2.1,50.1351,39.4207
2017,4,17,11,30,20.5,134,884,872,2.3000000000000003,52.5850,41.3620
2017,4,17,12,0,21.1,481,132,594,2.6,35.9327,28.2694
2017,4,17,12,30,21.5,467,119,569,2.8000000000000003,34.4504,27.1047
2017,4,17,13,0,22,473,127,581,2.9000000000000004,35.1310,27.6379
2017,4,17,13,30,22.200000000000003,434,102,519,3.1,31.2701,24.5948
2017,4,17,14,0,22.400000000000002,416,93,490,3.3000000000000003,29.3443,23.0710
2017,4,17,14,30,22.5,262,1,262,3.4000000000000004,15.5510,12.2191
2017,4,17,15,0,22.5,399,225,557,3.6,32.6557,25.6366
2017,4,17,15,30,22.3,312,29,330,3.8000000000000003,19.0281,14.9194
2017,4,17,16,0,22.200000000000003,226,3,227,4,12.8017,10.0192
2017,4,17,16,30,21.6,108,701,447,3.9000000000000004,24.4764,19.1043
2017,4,17,17,0,21.1,162,465,346,3.9000000000000004,18.2244,14.1648
2017,4,17,17,30,19.6,149,194,208,3.2,10.4347,8.0561
2017,4,17,18,0,18.1,110,54,122,2.6,5.8450,4.4690
2017,4,17,18,30,17,54,11,55,2.8000000000000003,0.0000,0.0000
2017,4,17,19,0,15.8,8,0,8,3,0.0000,0.0000
2017,4,17,19,30,15.700000000000001,0,0,0,3.5,0.0000,0.0000
2017,4,17,20,0,15.5,0,0,0,4,0.0000,0.0000
2017,4,17,20,30,15.3,0,0,0,4.2,0.0000,0.0000
2017,4,17,21,0,15,0,0,0,4.4,0.0000,0.0000
2017,4,17,21,30,14.700000000000001,0,0,0,4.6000000000000005,0.0000,0.0000
2017,4,17,22,0,14.5,0,0,0,4.7,0.0000,0.0000
2017,4,17,22,30,14.3,0,0,0,4.800000000000001,0.0000,0.0000
2017,4,17,23,0,14.100000000000001,0,0,0,5,0.0000,0.0000
2017,4,17,23,30,13.9,0,0,0,5,0.0000,0.0000
2017,4,18,0,0,13.600000000000001,0,0,0,5.1000000000000005,0.0000,0.0000
2017,4,18,0,30,13.5,0,0,0,5.2,0.0000,0.0000
2017,4,18,1,0,13.4,0,0,0,5.2,0.0000,0.0000
2017,4,18,1,30,13.200000000000001,0,0,0,5.2,0.0000,0.0000
2017,4,18,2,0,13.100000000000001,0,0,0,5.2,0.0000,0.0000
2017,4,18,2,30,12.9,0,0,0,5,0.0000,0.0000
2017,4,18,3,0,12.700000000000001,0,0,0,4.800000000000001,0.0000,0.0000
2017,4,18,3,30,12.5,0,0,0,4.800000000000001,0.0000,0.0000
2017,4,18,4,0,12.4,0,0,0,4.800000000000001,0.0000,0.0000
2017,4,18,4,30,12.3,0,0,0,4.800000000000001,0.0000,0.0000
2017,4,18,5,0,12.3,0,0,0,4.9,0.0000,0.0000
2017,4,18,5,30,12.5,0,0,0,5,0.0000,0.0000
2017,4,18,6,0,12.700000000000001,11,0,11,5.2,0.0000,0.0000
2017,4,18,6,30,13.3,9,0,9,5.300000000000001,0.0000,0.0000
2017,4,18,7,0,13.9,28,0,28,5.4,1.3530,1.0370
2017,4,18,7,30,14.9,70,1,71,5.6000000000000005,3.6059,2.7892
2017,4,18,8,0,15.8,200,55,224,5.800000000000001,11.9203,9.2760
2017,4,18,8,30,16.7,146,6,149,5.7,8.2241,6.4240
2017,4,18,9,0,17.7,117,1,118,5.6000000000000005,6.6953,5.2427
2017,4,18,9,30,18.5,126,0,126,5.2,7.2993,5.7253
2017,4,18,10,0,19.200000000000003,261,1,262,4.800000000000001,15.4158,12.1054
2017,4,18,10,30,19.900000000000002,147,812,770,4.5,45.8292,36.0167
2017,4,18,11,0,20.5,138,848,824,4.1000000000000005,49.4487,38.8827
2017,4,18,11,30,20.900000000000002,140,860,860,4,51.8928,40.8191
2017,4,18,12,0,21.400000000000002,121,901,892,3.8000000000000003,53.9896,42.4768
2017,4,18,12,30,21.6,120,903,897,3.8000000000000003,54.3387,42.7538
2017,4,18,13,0,21.900000000000002,112,916,893,3.7,54.0253,42.5036
2017,4,18,13,30,22,111,910,869,3.7,52.3857,41.2043
2017,4,18,14,0,22.1,105,910,833,3.6,49.9139,39.2446
2017,4,18,14,30,22.200000000000003,103,897,782,3.5,46.4450,36.4954
2017,4,18,15,0,22.200000000000003,112,854,713,3.4000000000000004,41.8304,32.8409
2017,4,18,15,30,22.1,107,828,637,3.4000000000000004,36.7589,28.8234
2017,4,18,16,0,22,100,800,553,3.4000000000000004,31.2164,24.4333
2017,4,18,16,30,21.5,93,756,460,3.2,25.2177,19.6852
2017,4,18,17,0,21,86,692,362,3,19.0943,14.8434
2017,4,18,17,30,19.400000000000002,157,117,193,2.3000000000000003,9.6984,7.4896
2017,4,18,18,0,17.900000000000002,102,20,106,1.6,5.0834,3.8880
2017,4,18,18,30,16.7,48,4,49,1.6,0.0000,0.0000
2017,4,18,19,0,15.600000000000001,6,0,6,1.6,0.0000,0.0000
2017,4,18,19,30,15.4,0,0,0,1.7000000000000002,0.0000,0.0000
2017,4,18,20,0,15.100000000000001,0,0,0,1.9000000000000001,0.0000,0.0000
2017,4,18,20,30,14.8,0,0,0,2.3000000000000003,0.0000,0.0000
2017,4,18,21,0,14.5,0,0,0,2.6,0.0000,0.0000
2017,4,18,21,30,14.100000000000001,0,0,0,3,0.0000,0.0000
2017,4,18,22,0,13.8,0,0,0,3.3000000000000003,0.0000,0.0000
2017,4,18,22,30,13.3,0,0,0,3.4000000000000004,0.0000,0.0000
2017,4,18,23,0,12.8,0,0,0,3.4000000000000004,0.0000,0.0000
2017,4,18,23,30,12.5,0,0,0,3.4000000000000004,0.0000,0.0000
2017,4,19,0,0,12.100000000000001,0,0,0,3.4000000000000004,0.0000,0.0000
2017,4,19,0,30,11.9,0,0,0,3.6,0.0000,0.0000
2017,4,19,1,0,11.600000000000001,0,0,0,3.8000000000000003,0.0000,0.0000
2017,4,19,1,30,11.3,0,0,0,4.2,0.0000,0.0000
2017,4,19,2,0,11,0,0,0,4.5,0.0000,0.0000
2017,4,19,2,30,10.700000000000001,0,0,0,4.5,0.0000,0.0000
2017,4,19,3,0,10.4,0,0,0,4.5,0.0000,0.0000
2017,4,19,3,30,10.100000000000001,0,0,0,4.4,0.0000,0.0000
2017,4,19,4,0,9.8,0,0,0,4.2,0.0000,0.0000
2017,4,19,4,30,9.700000000000001,0,0,0,4.2,0.0000,0.0000
2017,4,19,5,0,9.5,0,0,0,4.2,0.0000,0.0000
2017,4,19,5,30,9.5,0,0,0,4.2,0.0000,0.0000
2017,4,19,6,0,9.5,5,0,5,4.1000000000000005,0.0000,0.0000
2017,4,19,6,30,9.9,4,0,4,4.4,0.0000,0.0000
2017,4,19,7,0,10.200000000000001,25,0,25,4.7,1.2104,0.9282
2017,4,19,7,30,10.9,46,0,46,5.300000000000001,2.3420,1.8122
2017,4,19,8,0,11.5,104,3,105,5.800000000000001,5.5989,4.3579
2017,4,19,8,30,12.5,106,0,106,6.2,5.8599,4.5779
2017,4,19,9,0,13.4,36,0,36,6.5,2.0452,1.6017
2017,4,19,9,30,14.5,30,0,30,6.6000000000000005,1.7397,1.3647
2017,4,19,10,0,15.600000000000001,19,0,19,6.6000000000000005,1.1189,0.8787
2017,4,19,10,30,17.1,23,0,23,6.800000000000001,1.3699,1.0767
2017,4,19,11,0,18.5,67,0,68,6.9,4.0833,3.2110
2017,4,19,11,30,19.6,139,1,140,6.9,8.4526,6.6491
2017,4,19,12,0,20.6,73,0,73,6.800000000000001,4.4208,3.4783
2017,4,19,12,30,21.200000000000003,32,0,32,6.6000000000000005,1.9395,1.5261
2017,4,19,13,0,21.700000000000003,153,0,153,6.300000000000001,9.2611,7.2863
2017,4,19,13,30,22.3,50,0,50,6.2,3.0157,2.3721
2017,4,19,14,0,22.8,78,0,78,6,4.6764,3.6769
2017,4,19,14,30,23.3,44,0,44,5.7,2.6148,2.0547
2017,4,19,15,0,23.700000000000003,286,27,304,5.5,17.8473,14.0125
2017,4,19,15,30,23.8,157,2,159,5.4,9.1824,7.2006
2017,4,19,16,0,23.900000000000002,245,332,434,5.300000000000001,24.5221,19.1952
2017,4,19,16,30,22.8,242,199,339,6,18.6059,14.5256
2017,4,19,17,0,21.700000000000003,211,26,221,6.7,11.6744,9.0770
2017,4,19,17,30,19,92,0,92,7.300000000000001,4.6313,3.5775
2017,4,19,18,0,16.3,76,368,156,8,7.4896,5.7303
2017,4,19,18,30,14.4,47,218,74,7.5,0.0000,0.0000
2017,4,19,19,0,12.4,13,52,14,7,0.0000,0.0000
2017,4,19,19,30,11.5,0,0,0,6.5,0.0000,0.0000
2017,4,19,20,0,10.600000000000001,0,0,0,6,0.0000,0.0000
2017,4,19,20,30,10,0,0,0,5.6000000000000005,0.0000,0.0000
2017,4,19,21,0,9.5,0,0,0,5.300000000000001,0.0000,0.0000
2017,4,19,21,30,9.200000000000001,0,0,0,5.2,0.0000,0.0000
2017,4,19,22,0,8.8,0,0,0,5,0.0000,0.0000
2017,4,19,22,30,8.6,0,0,0,5,0.0000,0.0000
2017,4,19,23,0,8.3,0,0,0,4.9,0.0000,0.0000
2017,4,19,23,30,8.1,0,0,0,5.1000000000000005,0.0000,0.0000
2017,4,20,0,0,7.800000000000001,0,0,0,5.2,0.0000,0.0000
2017,4,20,0,30,7.5,0,0,0,5.1000000000000005,0.0000,0.0000
2017,4,20,1,0,7.2,0,0,0,5.1000000000000005,0.0000,0.0000
2017,4,20,1,30,7,0,0,0,5,0.0000,0.0000
2017,4,20,2,0,6.7,0,0,0,4.800000000000001,0.0000,0.0000
2017,4,20,2,30,6.5,0,0,0,4.5,0.0000,0.0000
2017,4,20,3,0,6.300000000000001,0,0,0,4.2,0.0000,0.0000
2017,4,20,3,30,6.1000000000000005,0,0,0,4,0.0000,0.0000
2017,4,20,4,0,5.9,0,0,0,3.9000000000000004,0.0000,0.0000
2017,4,20,4,30,5.7,0,0,0,3.8000000000000003,0.0000,0.0000
2017,4,20,5,0,5.5,0,0,0,3.7,0.0000,0.0000
2017,4,20,5,30,5.9,0,0,0,4.1000000000000005,0.0000,0.0000
2017,4,20,6,0,6.300000000000001,18,0,18,4.5,0.0000,0.0000
2017,4,20,6,30,7.4,52,5,52,5.2,0.0000,0.0000
2017,4,20,7,0,8.4,61,592,205,5.9,9.9464,7.6309
2017,4,20,7,30,9.4,74,695,307,6.300000000000001,15.6671,12.1271
2017,4,20,8,0,10.5,82,773,411,6.6000000000000005,21.9577,17.0943
2017,4,20,8,30,11.3,220,5,222,6.5,12.2914,9.6039
2017,4,20,9,0,12.200000000000001,343,84,393,6.4,22.3543,17.5081
2017,4,20,9,30,12.9,384,225,533,6.300000000000001,30.9389,24.2708
2017,4,20,10,0,13.600000000000001,424,131,519,6.1000000000000005,30.5881,24.0224
2017,4,20,10,30,14.100000000000001,455,146,567,6.1000000000000005,33.7959,26.5625
2017,4,20,11,0,14.700000000000001,471,264,686,6,41.2191,32.4143
2017,4,20,11,30,15.100000000000001,429,22,447,5.9,27.0032,21.2424
2017,4,20,12,0,15.5,487,142,609,5.9,36.9006,29.0339
2017,4,20,12,30,15.9,444,27,467,5.800000000000001,28.3196,22.2834
2017,4,20,13,0,16.2,480,315,750,5.7,45.4204,35.7362
2017,4,20,13,30,16.400000000000002,494,207,667,5.6000000000000005,40.2505,31.6614
2017,4,20,14,0,16.5,468,147,587,5.5,35.2116,27.6870
2017,4,20,14,30,16.5,367,12,375,5.4,22.2984,17.5230
2017,4,20,15,0,16.5,382,80,439,5.300000000000001,25.7895,20.2491
2017,4,20,15,30,16.2,337,41,363,5.2,20.9799,16.4527
2017,4,20,16,0,16,269,16,278,5.1000000000000005,15.7224,12.3080
2017,4,20,16,30,15.5,275,223,384,4.800000000000001,21.1000,16.4745
2017,4,20,17,0,15,233,151,294,4.6000000000000005,15.5525,12.0942
2017,4,20,17,30,13.9,75,643,278,3.7,14.0178,10.8311
2017,4,20,18,0,12.8,113,185,154,2.8000000000000003,7.4018,5.6650
2017,4,20,18,30,11.5,69,45,75,2.3000000000000003,0.0000,0.0000
2017,4,20,19,0,10.100000000000001,14,0,14,1.8,0.0000,0.0000
2017,4,20,19,30,9.600000000000001,0,0,0,1.8,0.0000,0.0000
2017,4,20,20,0,9.200000000000001,0,0,0,1.9000000000000001,0.0000,0.0000
2017,4,20,20,30,8.8,0,0,0,1.9000000000000001,0.0000,0.0000
2017,4,20,21,0,8.4,0,0,0,1.9000000000000001,0.0000,0.0000
2017,4,20,21,30,7.800000000000001,0,0,0,1.8,0.0000,0.0000
2017,4,20,22,0,7.2,0,0,0,1.7000000000000002,0.0000,0.0000
2017,4,20,22,30,6.7,0,0,0,1.6,0.0000,0.0000
2017,4,20,23,0,6.300000000000001,0,0,0,1.4000000000000001,0.0000,0.0000
2017,4,20,23,30,6,0,0,0,1.4000000000000001,0.0000,0.0000
2017,4,21,0,0,5.6000000000000005,0,0,0,1.4000000000000001,0.0000,0.0000
2017,4,21,0,30,5.6000000000000005,0,0,0,1.7000000000000002,0.0000,0.0000
2017,4,21,1,0,5.5,0,0,0,1.9000000000000001,0.0000,0.0000
2017,4,21,1,30,5.2,0,0,0,2,0.0000,0.0000
2017,4,21,2,0,5,0,0,0,2,0.0000,0.0000
2017,4,21,2,30,4.5,0,0,0,1.7000000000000002,0.0000,0.0000
2017,4,21,3,0,4.1000000000000005,0,0,0,1.4000000000000001,0.0000,0.0000
2017,4,21,3,30,4.1000000000000005,0,0,0,1,0.0000,0.0000
2017,4,21,4,0,4.1000000000000005,0,0,0,0.5,0.0000,0.0000
2017,4,21,4,30,4.2,0,0,0,0.5,0.0000,0.0000
2017,4,21,5,0,4.3,0,0,0,0.5,0.0000,0.0000
2017,4,21,5,30,4.6000000000000005,0,0,0,1.4000000000000001,0.0000,0.0000
2017,4,21,6,0,4.9,22,1,22,2.3000000000000003,0.0000,0.0000
2017,4,21,6,30,6,62,7,63,2.7,0.0000,0.0000
2017,4,21,7,0,7.1000000000000005,127,47,139,3,6.7579,5.1871
2017,4,21,7,30,8,81,663,306,3.7,15.6513,12.1187
2017,4,21,8,0,8.9,175,442,365,4.3,19.5371,15.2131
2017,4,21,8,30,9.600000000000001,263,190,361,4.5,20.0167,15.6422
2017,4,21,9,0,10.3,305,256,457,4.7,26.0253,20.3853
2017,4,21,9,30,10.9,379,142,473,4.7,27.4825,21.5609
2017,4,21,10,0,11.600000000000001,373,285,580,4.800000000000001,34.2115,26.8696
2017,4,21,10,30,12.200000000000001,357,407,674,5.1000000000000005,40.2008,31.5980
2017,4,21,11,0,12.9,400,343,681,5.5,40.9435,32.1988
2017,4,21,11,30,13.4,435,261,657,5.4,39.7116,31.2407
2017,4,21,12,0,13.9,459,207,639,5.300000000000001,38.7383,30.4808
2017,4,21,12,30,14.100000000000001,459,155,593,5.1000000000000005,35.9779,28.3102
2017,4,21,13,0,14.3,467,106,557,4.800000000000001,33.7488,26.5540
2017,4,21,13,30,14.4,421,69,479,4.7,28.9203,22.7497
2017,4,21,14,0,14.4,372,35,401,4.6000000000000005,24.0671,18.9247
2017,4,21,14,30,14.3,357,40,387,4.7,23.0250,18.0947
2017,4,21,15,0,14.200000000000001,314,27,333,4.9,19.5749,15.3703
2017,4,21,15,30,13.9,323,65,365,5.1000000000000005,21.1116,16.5569
2017,4,21,16,0,13.600000000000001,269,41,293,5.300000000000001,16.5854,12.9845
2017,4,21,16,30,13.100000000000001,258,108,312,5,17.1633,13.4023
2017,4,21,17,0,12.700000000000001,177,25,187,4.7,9.9060,7.7045
2017,4,21,17,30,11.9,92,4,93,3.8000000000000003,4.6972,3.6303
2017,4,21,18,0,11.100000000000001,71,3,72,2.9000000000000004,3.4646,2.6525
2017,4,21,18,30,10.3,39,1,39,2.2,0.0000,0.0000
2017,4,21,19,0,9.4,10,0,10,1.6,0.0000,0.0000
2017,4,21,19,30,9.1,0,0,0,1.4000000000000001,0.0000,0.0000
2017,4,21,20,0,8.9,0,0,0,1.3,0.0000,0.0000
2017,4,21,20,30,8.700000000000001,0,0,0,1.3,0.0000,0.0000
2017,4,21,21,0,8.5,0,0,0,1.3,0.0000,0.0000
2017,4,21,21,30,8.3,0,0,0,1.3,0.0000,0.0000
2017,4,21,22,0,8.1,0,0,0,1.4000000000000001,0.0000,0.0000
2017,4,21,22,30,7.9,0,0,0,1.5,0.0000,0.0000
2017,4,21,23,0,7.7,0,0,0,1.6,0.0000,0.0000
2017,4,21,23,30,7.4,0,0,0,1.6,0.0000,0.0000
2017,4,22,0,0,7.2,0,0,0,1.5,0.0000,0.0000
2017,4,22,0,30,7,0,0,0,1.5,0.0000,0.0000
2017,4,22,1,0,6.7,0,0,0,1.4000000000000001,0.0000,0.0000
2017,4,22,1,30,6.5,0,0,0,1.4000000000000001,0.0000,0.0000
2017,4,22,2,0,6.2,0,0,0,1.4000000000000001,0.0000,0.0000
2017,4,22,2,30,5.9,0,0,0,1.5,0.0000,0.0000
2017,4,22,3,0,5.6000000000000005,0,0,0,1.5,0.0000,0.0000
2017,4,22,3,30,5.300000000000001,0,0,0,1.6,0.0000,0.0000
2017,4,22,4,0,5,0,0,0,1.7000000000000002,0.0000,0.0000
2017,4,22,4,30,4.7,0,0,0,1.7000000000000002,0.0000,0.0000
2017,4,22,5,0,4.5,0,0,0,1.8,0.0000,0.0000
2017,4,22,5,30,5,0,0,0,2.2,0.0000,0.0000
2017,4,22,6,0,5.6000000000000005,28,3,29,2.6,0.0000,0.0000
2017,4,22,6,30,6.5,73,16,75,2.8000000000000003,0.0000,0.0000
2017,4,22,7,0,7.4,132,79,152,3,7.4060,5.6872
2017,4,22,7,30,8.9,176,206,247,2.8000000000000003,12.6630,9.8081
2017,4,22,8,0,10.4,197,367,356,2.6,19.0911,14.8688
2017,4,22,8,30,12.200000000000001,167,593,475,2.7,26.3758,20.6143
2017,4,22,9,0,14,90,889,621,2.8000000000000003,35.4045,27.7344
2017,4,22,9,30,14.700000000000001,95,917,707,2.6,41.1161,32.2591
2017,4,22,10,0,15.4,100,937,783,2.5,46.2206,36.3036
2017,4,22,10,30,16,103,953,847,2.4000000000000004,50.5531,39.7367
2017,4,22,11,0,16.6,105,964,897,2.3000000000000003,53.9623,42.4387
2017,4,22,11,30,17,107,972,933,2.2,56.4244,44.3901
2017,4,22,12,0,17.5,109,974,954,2.2,57.8640,45.5311
2017,4,22,12,30,17.900000000000002,109,975,960,2.2,58.2729,45.8551
2017,4,22,13,0,18.2,107,976,951,2.2,57.6493,45.3606
2017,4,22,13,30,18.400000000000002,106,971,925,2.2,55.8754,43.9549
2017,4,22,14,0,18.7,102,965,885,2.3000000000000003,53.1425,41.7890
2017,4,22,14,30,18.7,100,953,832,2.3000000000000003,49.5286,38.9245
2017,4,22,15,0,18.7,116,897,756,2.3000000000000003,44.4684,34.9185
2017,4,22,15,30,18.6,111,872,677,2.3000000000000003,39.1858,30.7336
2017,4,22,16,0,18.400000000000002,103,842,589,2.3000000000000003,33.3696,26.1268
2017,4,22,16,30,17.900000000000002,95,799,493,2.1,27.1492,21.2022
2017,4,22,17,0,17.5,86,742,391,1.9000000000000001,20.7428,16.1357
2017,4,22,17,30,16.2,76,662,288,1.4000000000000001,14.5705,11.2639
2017,4,22,18,0,15,62,548,186,0.8,8.9611,6.8630
2017,4,22,18,30,14.200000000000001,43,375,93,0.9,0.0000,0.0000
2017,4,22,19,0,13.4,17,114,22,0.9,0.0000,0.0000
2017,4,22,19,30,13.3,0,0,0,0.8,0.0000,0.0000
2017,4,22,20,0,13.200000000000001,0,0,0,0.7000000000000001,0.0000,0.0000
2017,4,22,20,30,13,0,0,0,0.6000000000000001,0.0000,0.0000
2017,4,22,21,0,12.700000000000001,0,0,0,0.6000000000000001,0.0000,0.0000
2017,4,22,21,30,12,0,0,0,0.7000000000000001,0.0000,0.0000
2017,4,22,22,0,11.3,0,0,0,0.9,0.0000,0.0000
2017,4,22,22,30,10.5,0,0,0,1.1,0.0000,0.0000
2017,4,22,23,0,9.600000000000001,0,0,0,1.3,0.0000,0.0000
2017,4,22,23,30,8.8,0,0,0,1.4000000000000001,0.0000,0.0000
2017,4,23,0,0,8,0,0,0,1.5,0.0000,0.0000
2017,4,23,0,30,7.300000000000001,0,0,0,1.6,0.0000,0.0000
2017,4,23,1,0,6.7,0,0,0,1.7000000000000002,0.0000,0.0000
2017,4,23,1,30,6.300000000000001,0,0,0,1.7000000000000002,0.0000,0.0000
2017,4,23,2,0,5.9,0,0,0,1.8,0.0000,0.0000
2017,4,23,2,30,5.6000000000000005,0,0,0,1.9000000000000001,0.0000,0.0000
2017,4,23,3,0,5.4,0,0,0,1.9000000000000001,0.0000,0.0000
2017,4,23,3,30,5,0,0,0,2,0.0000,0.0000
2017,4,23,4,0,4.7,0,0,0,2,0.0000,0.0000
2017,4,23,4,30,4.4,0,0,0,2,0.0000,0.0000
2017,4,23,5,0,4.1000000000000005,0,0,0,2,0.0000,0.0000
2017,4,23,5,30,5.1000000000000005,0,0,0,2.2,0.0000,0.0000
2017,4,23,6,0,6.2,26,239,42,2.4000000000000004,0.0000,0.0000
2017,4,23,6,30,7.800000000000001,48,479,125,3,0.0000,0.0000
2017,4,23,7,0,9.4,63,630,224,3.6,10.9365,8.4020
2017,4,23,7,30,11.100000000000001,75,729,329,3.5,16.9043,13.0972
2017,4,23,8,0,12.8,84,810,438,3.5,23.5303,18.3297
2017,4,23,8,30,14.600000000000001,91,851,536,4.1000000000000005,29.8039,23.2965
2017,4,23,9,0,16.400000000000002,96,890,631,4.7,36.0144,28.2148
2017,4,23,9,30,17.2,101,919,718,4.9,41.7936,32.7929
2017,4,23,10,0,18,107,937,794,5.1000000000000005,46.9052,36.8432
2017,4,23,10,30,18.7,111,953,858,5.4,51.2434,40.2811
2017,4,23,11,0,19.400000000000002,120,953,906,5.7,54.5348,42.8906
2017,4,23,11,30,19.900000000000002,122,962,943,6,57.0593,44.8911
2017,4,23,12,0,20.5,131,946,955,6.300000000000001,57.9526,45.6023
2017,4,23,12,30,20.900000000000002,491,374,818,6.6000000000000005,49.6768,39.0920
2017,4,23,13,0,21.3,133,942,949,6.9,57.5547,45.2875
2017,4,23,13,30,21.6,224,692,811,7.1000000000000005,49.0127,38.5575
2017,4,23,14,0,21.8,285,559,741,7.300000000000001,44.5188,35.0088
2017,4,23,14,30,21.8,120,923,831,7.4,49.4965,38.9008
2017,4,23,15,0,21.8,114,908,765,7.5,45.0260,35.3579
2017,4,23,15,30,21.400000000000002,109,884,686,7.5,39.7351,31.1661
2017,4,23,16,0,21.1,165,683,561,7.4,31.8123,24.9093
2017,4,23,16,30,20.5,93,810,499,7.1000000000000005,27.5104,21.4866
2017,4,23,17,0,19.8,223,260,330,6.7,17.5293,13.6380
2017,4,23,17,30,18.400000000000002,74,677,293,6,14.8480,11.4813
2017,4,23,18,0,17.1,63,553,191,5.300000000000001,9.2137,7.0588
2017,4,23,18,30,15.600000000000001,44,379,96,5,0.0000,0.0000
2017,4,23,19,0,14.100000000000001,19,119,24,4.6000000000000005,0.0000,0.0000
2017,4,23,19,30,13.4,0,0,0,4.4,0.0000,0.0000
2017,4,23,20,0,12.700000000000001,0,0,0,4.2,0.0000,0.0000
2017,4,23,20,30,12.3,0,0,0,4.3,0.0000,0.0000
2017,4,23,21,0,11.9,0,0,0,4.4,0.0000,0.0000
2017,4,23,21,30,11.600000000000001,0,0,0,4.6000000000000005,0.0000,0.0000
2017,4,23,22,0,11.3,0,0,0,4.800000000000001,0.0000,0.0000
2017,4,23,22,30,11,0,0,0,5,0.0000,0.0000
2017,4,23,23,0,10.700000000000001,0,0,0,5.2,0.0000,0.0000
2017,4,23,23,30,10.3,0,0,0,5.300000000000001,0.0000,0.0000
2017,4,24,0,0,10,0,0,0,5.4,0.0000,0.0000
2017,4,24,0,30,9.700000000000001,0,0,0,5.4,0.0000,0.0000
2017,4,24,1,0,9.4,0,0,0,5.4,0.0000,0.0000
2017,4,24,1,30,9.1,0,0,0,5.5,0.0000,0.0000
2017,4,24,2,0,8.9,0,0,0,5.6000000000000005,0.0000,0.0000
2017,4,24,2,30,8.700000000000001,0,0,0,5.7,0.0000,0.0000
2017,4,24,3,0,8.5,0,0,0,5.800000000000001,0.0000,0.0000
2017,4,24,3,30,8.3,0,0,0,5.9,0.0000,0.0000
2017,4,24,4,0,8.1,0,0,0,6,0.0000,0.0000
2017,4,24,4,30,7.9,0,0,0,6.1000000000000005,0.0000,0.0000
2017,4,24,5,0,7.800000000000001,0,0,0,6.2,0.0000,0.0000
2017,4,24,5,30,7.9,0,0,0,6.4,0.0000,0.0000
2017,4,24,6,0,8.1,30,2,30,6.6000000000000005,0.0000,0.0000
2017,4,24,6,30,8.9,62,5,63,6.7,0.0000,0.0000
2017,4,24,7,0,9.700000000000001,99,10,101,6.800000000000001,4.9419,3.7984
2017,4,24,7,30,11.200000000000001,152,20,159,7.800000000000001,8.1869,6.3449
2017,4,24,8,0,12.8,224,224,323,8.700000000000001,17.3816,13.5424
2017,4,24,8,30,14.200000000000001,270,226,389,9,21.6595,16.9324
2017,4,24,9,0,15.600000000000001,250,434,512,9.3,29.2544,22.9209
2017,4,24,9,30,16.7,222,583,615,9.3,35.8301,28.1156
2017,4,24,10,0,17.8,119,864,754,9.3,44.5752,35.0149
2017,4,24,10,30,18.7,123,878,814,9.3,48.6460,38.2410
2017,4,24,11,0,19.700000000000003,129,884,861,9.200000000000001,51.8553,40.7847
2017,4,24,11,30,20.400000000000002,132,890,895,9.1,54.1822,42.6289
2017,4,24,12,0,21,379,402,730,8.9,44.3200,34.8759
2017,4,24,12,30,21.6,441,89,520,8.8,31.5936,24.8625
2017,4,24,13,0,22.200000000000003,312,7,318,8.6,19.2948,15.1827
2017,4,24,13,30,22.400000000000002,438,95,518,8.200000000000001,31.3196,24.6393
2017,4,24,14,0,22.700000000000003,392,331,662,7.800000000000001,39.7914,31.2923
2017,4,24,14,30,22.8,372,60,418,7.2,24.9103,19.5784
2017,4,24,15,0,22.900000000000002,250,499,609,6.7,35.8664,28.1663
2017,4,24,15,30,22.8,296,363,534,6,30.9527,24.2789
2017,4,24,16,0,22.8,218,442,475,5.4,26.9574,21.1094
2017,4,24,16,30,22.400000000000002,242,77,281,4.4,15.5081,12.1136
2017,4,24,17,0,22,221,31,233,3.4000000000000004,12.3936,9.6438
2017,4,24,17,30,20.5,99,1,100,2.4000000000000004,5.0755,3.9256
2017,4,24,18,0,18.900000000000002,119,52,131,1.3,6.3276,4.8493
2017,4,24,18,30,17.400000000000002,67,16,69,1.3,0.0000,0.0000
2017,4,24,19,0,16,18,1,18,1.2000000000000002,0.0000,0.0000
2017,4,24,19,30,15.4,0,0,0,1.4000000000000001,0.0000,0.0000
2017,4,24,20,0,14.9,0,0,0,1.5,0.0000,0.0000
2017,4,24,20,30,14.5,0,0,0,2,0.0000,0.0000
2017,4,24,21,0,14.100000000000001,0,0,0,2.4000000000000004,0.0000,0.0000
2017,4,24,21,30,13.5,0,0,0,2.8000000000000003,0.0000,0.0000
2017,4,24,22,0,12.8,0,0,0,3.1,0.0000,0.0000
2017,4,24,22,30,12.5,0,0,0,3.6,0.0000,0.0000
2017,4,24,23,0,12.100000000000001,0,0,0,4.1000000000000005,0.0000,0.0000
2017,4,24,23,30,11.700000000000001,0,0,0,3.9000000000000004,0.0000,0.0000
2017,4,25,0,0,11.3,0,0,0,3.8000000000000003,0.0000,0.0000
2017,4,25,0,30,10.9,0,0,0,3.6,0.0000,0.0000
2017,4,25,1,0,10.5,0,0,0,3.5,0.0000,0.0000
2017,4,25,1,30,10.100000000000001,0,0,0,3.5,0.0000,0.0000
2017,4,25,2,0,9.8,0,0,0,3.4000000000000004,0.0000,0.0000
2017,4,25,2,30,9.3,0,0,0,3.5,0.0000,0.0000
2017,4,25,3,0,8.9,0,0,0,3.5,0.0000,0.0000
2017,4,25,3,30,8.5,0,0,0,3.8000000000000003,0.0000,0.0000
2017,4,25,4,0,8,0,0,0,4,0.0000,0.0000
2017,4,25,4,30,7.6000000000000005,0,0,0,4.1000000000000005,0.0000,0.0000
2017,4,25,5,0,7.1000000000000005,0,0,0,4.3,0.0000,0.0000
2017,4,25,5,30,7,0,0,0,4.4,0.0000,0.0000
2017,4,25,6,0,6.800000000000001,13,0,13,4.6000000000000005,0.0000,0.0000
2017,4,25,6,30,7,9,0,9,4.800000000000001,0.0000,0.0000
2017,4,25,7,0,7.300000000000001,14,0,14,5.1000000000000005,0.6865,0.5278
2017,4,25,7,30,8,58,0,58,5.2,2.9927,2.3200
2017,4,25,8,0,8.700000000000001,7,0,7,5.4,0.3773,0.2940
2017,4,25,8,30,9.5,11,0,11,5.4,0.6133,0.4795
2017,4,25,9,0,10.4,61,0,61,5.4,3.4890,2.7339
2017,4,25,9,30,10.8,402,158,509,5.2,29.6798,23.2909
2017,4,25,10,0,11.200000000000001,64,0,64,5.1000000000000005,3.7862,2.9743
2017,4,25,10,30,11.100000000000001,86,0,86,5.1000000000000005,5.1427,4.0429
2017,4,25,11,0,10.9,209,2,211,5,12.7149,10.0008
2017,4,25,11,30,10.4,229,2,231,5.2,13.9914,11.0084
2017,4,25,12,0,9.9,390,19,407,5.4,24.7215,19.4542
2017,4,25,12,30,9.4,35,0,35,5.7,2.1275,1.6743
2017,4,25,13,0,8.8,102,0,103,6,6.2524,4.9200
2017,4,25,13,30,8.4,113,0,114,6.300000000000001,6.8958,5.4252
2017,4,25,14,0,8,137,0,137,6.5,8.2388,6.4793
2017,4,25,14,30,7.800000000000001,160,1,160,6.5,9.5402,7.4985
2017,4,25,15,0,7.6000000000000005,111,0,111,6.6000000000000005,6.5411,5.1370
2017,4,25,15,30,7.5,129,1,129,6.5,7.4826,5.8696
2017,4,25,16,0,7.4,120,1,121,6.300000000000001,6.8729,5.3823
2017,4,25,16,30,7.1000000000000005,69,0,69,6.2,3.8120,2.9779
2017,4,25,17,0,6.800000000000001,73,0,74,6.1000000000000005,3.9415,3.0675
2017,4,25,17,30,6.4,47,0,47,6.1000000000000005,2.3894,1.8485
2017,4,25,18,0,5.9,46,0,46,6.1000000000000005,2.2249,1.7057
2017,4,25,18,30,5.4,26,0,26,6.2,0.0000,0.0000
2017,4,25,19,0,4.9,8,0,8,6.2,0.0000,0.0000
2017,4,25,19,30,4.5,0,0,0,6.2,0.0000,0.0000
2017,4,25,20,0,4,0,0,0,6.2,0.0000,0.0000
2017,4,25,20,30,3.8000000000000003,0,0,0,6.1000000000000005,0.0000,0.0000
2017,4,25,21,0,3.6,0,0,0,5.9,0.0000,0.0000
2017,4,25,21,30,3.6,0,0,0,5.9,0.0000,0.0000
2017,4,25,22,0,3.5,0,0,0,5.800000000000001,0.0000,0.0000
2017,4,25,22,30,3.4000000000000004,0,0,0,5.800000000000001,0.0000,0.0000
2017,4,25,23,0,3.4000000000000004,0,0,0,5.800000000000001,0.0000,0.0000
2017,4,25,23,30,3.3000000000000003,0,0,0,6,0.0000,0.0000
2017,4,26,0,0,3.2,0,0,0,6.2,0.0000,0.0000
2017,4,26,0,30,3,0,0,0,6.6000000000000005,0.0000,0.0000
2017,4,26,1,0,2.8000000000000003,0,0,0,6.9,0.0000,0.0000
2017,4,26,1,30,2.5,0,0,0,6.800000000000001,0.0000,0.0000
2017,4,26,2,0,2.2,0,0,0,6.800000000000001,0.0000,0.0000
2017,4,26,2,30,1.9000000000000001,0,0,0,6.7,0.0000,0.0000
2017,4,26,3,0,1.7000000000000002,0,0,0,6.7,0.0000,0.0000
2017,4,26,3,30,1.5,0,0,0,6.6000000000000005,0.0000,0.0000
2017,4,26,4,0,1.3,0,0,0,6.6000000000000005,0.0000,0.0000
2017,4,26,4,30,1.1,0,0,0,6.4,0.0000,0.0000
2017,4,26,5,0,1,0,0,0,6.2,0.0000,0.0000
2017,4,26,5,30,1.2000000000000002,0,0,0,6.4,0.0000,0.0000
2017,4,26,6,0,1.4000000000000001,13,0,13,6.6000000000000005,0.0000,0.0000
2017,4,26,6,30,2.1,27,0,27,7.1000000000000005,1.2874,0.9811
2017,4,26,7,0,2.8000000000000003,51,1,52,7.6000000000000005,2.5552,1.9656
2017,4,26,7,30,3.7,139,14,144,7.800000000000001,7.4456,5.7736
2017,4,26,8,0,4.5,206,229,309,7.9,16.6836,13.0032
2017,4,26,8,30,5.4,167,8,171,7.9,9.5462,7.4646
2017,4,26,9,0,6.300000000000001,271,44,298,7.9,17.0622,13.3705
2017,4,26,9,30,7.1000000000000005,179,3,181,7.6000000000000005,10.5630,8.2897
2017,4,26,10,0,7.800000000000001,206,4,209,7.4,12.3731,9.7203
2017,4,26,10,30,8.200000000000001,216,0,216,7.4,12.9242,10.1606
2017,4,26,11,0,8.700000000000001,192,0,192,7.300000000000001,11.5761,9.1054
2017,4,26,11,30,9.1,144,0,144,7.2,8.7261,6.8658
2017,4,26,12,0,9.4,187,0,187,7.1000000000000005,11.3636,8.9427
2017,4,26,12,30,9.600000000000001,265,4,268,6.9,16.2974,12.8259
2017,4,26,13,0,9.9,282,6,286,6.7,17.3684,13.6676
2017,4,26,13,30,9.8,326,15,339,6.5,20.5152,16.1404
2017,4,26,14,0,9.8,387,83,455,6.4,27.3752,21.5294
2017,4,26,14,30,9.600000000000001,381,81,443,6.5,26.4281,20.7729
2017,4,26,15,0,9.5,228,0,228,6.6000000000000005,13.4435,10.5582
2017,4,26,15,30,9.1,199,0,199,6.800000000000001,11.5509,9.0614
2017,4,26,16,0,8.700000000000001,124,0,125,6.9,7.1061,5.5653
2017,4,26,16,30,8.1,235,69,270,7,14.9320,11.6659
2017,4,26,17,0,7.5,168,4,169,7,9.0135,7.0158
2017,4,26,17,30,6.7,117,1,117,6.6000000000000005,5.9579,4.6102
2017,4,26,18,0,6,39,0,39,6.1000000000000005,1.8890,1.4486
2017,4,26,18,30,5.2,23,0,23,5.5,0.0000,0.0000
2017,4,26,19,0,4.4,9,0,9,4.9,0.0000,0.0000
2017,4,26,19,30,3.8000000000000003,0,0,0,4.6000000000000005,0.0000,0.0000
2017,4,26,20,0,3.1,0,0,0,4.3,0.0000,0.0000
2017,4,26,20,30,2.6,0,0,0,4.2,0.0000,0.0000
2017,4,26,21,0,2.1,0,0,0,4.2,0.0000,0.0000
2017,4,26,21,30,1.7000000000000002,0,0,0,3.7,0.0000,0.0000
2017,4,26,22,0,1.2000000000000002,0,0,0,3.3000000000000003,0.0000,0.0000
2017,4,26,22,30,0.8,0,0,0,2.8000000000000003,0.0000,0.0000
2017,4,26,23,0,0.4,0,0,0,2.4000000000000004,0.0000,0.0000
2017,4,26,23,30,0.2,0,0,0,2.5,0.0000,0.0000
2017,4,27,0,0,-0.1,0,0,0,2.6,0.0000,0.0000
2017,4,27,0,30,-0.4,0,0,0,2.8000000000000003,0.0000,0.0000
2017,4,27,1,0,-0.6000000000000001,0,0,0,2.9000000000000004,0.0000,0.0000
2017,4,27,1,30,-0.9,0,0,0,3.1,0.0000,0.0000
2017,4,27,2,0,-1.1,0,0,0,3.2,0.0000,0.0000
2017,4,27,2,30,-1.3,0,0,0,3.1,0.0000,0.0000
2017,4,27,3,0,-1.5,0,0,0,3.1,0.0000,0.0000
2017,4,27,3,30,-1.7000000000000002,0,0,0,3,0.0000,0.0000
2017,4,27,4,0,-1.8,0,0,0,2.9000000000000004,0.0000,0.0000
2017,4,27,4,30,-2,0,0,0,2.8000000000000003,0.0000,0.0000
2017,4,27,5,0,-2.1,0,0,0,2.8000000000000003,0.0000,0.0000
2017,4,27,5,30,-1.5,0,0,0,3.3000000000000003,0.0000,0.0000
2017,4,27,6,0,-0.8,29,291,54,3.9000000000000004,0.0000,0.0000
2017,4,27,6,30,0.2,49,502,138,4.2,6.5779,5.0142
2017,4,27,7,0,1.1,93,1,93,4.6000000000000005,4.5795,3.5241
2017,4,27,7,30,2.3000000000000003,99,0,99,4.5,5.1290,3.9783
2017,4,27,8,0,3.5,113,0,113,4.4,6.1111,4.7638
2017,4,27,8,30,4.5,162,0,162,4.3,9.0551,7.0814
2017,4,27,9,0,5.6000000000000005,263,3,265,4.1000000000000005,15.1876,11.9024
2017,4,27,9,30,6.6000000000000005,343,27,361,3.9000000000000004,21.0844,16.5478
2017,4,27,10,0,7.6000000000000005,394,56,436,3.8000000000000003,25.8296,20.2928
2017,4,27,10,30,8.6,448,293,681,3.7,40.7708,32.0541
2017,4,27,11,0,9.600000000000001,109,946,901,3.6,54.3508,42.7518
2017,4,27,11,30,10.4,111,953,936,3.4000000000000004,56.7460,44.6501
2017,4,27,12,0,11.3,100,976,960,3.3000000000000003,58.3630,45.9304
2017,4,27,12,30,12,101,973,962,3.1,58.5248,46.0597
2017,4,27,13,0,12.600000000000001,468,360,784,2.9000000000000004,47.6315,37.4834
2017,4,27,13,30,13,100,964,926,2.7,56.0633,44.1091
2017,4,27,14,0,13.5,100,954,886,2.5,53.3310,41.9438
2017,4,27,14,30,13.700000000000001,97,942,833,2.4000000000000004,49.7186,39.0808
2017,4,27,15,0,13.9,111,887,756,2.2,44.6014,35.0304
2017,4,27,15,30,13.9,107,864,679,2,39.4382,30.9397
2017,4,27,16,0,13.8,196,612,557,1.8,31.6898,24.8202
2017,4,27,16,30,13.5,271,275,412,1.6,22.8085,17.8212
2017,4,27,17,0,13.200000000000001,229,225,325,1.4000000000000001,17.3555,13.5108
2017,4,27,17,30,12.3,77,660,298,1.1,15.1982,11.7630
2017,4,27,18,0,11.3,123,52,136,0.8,6.5960,5.0600
2017,4,27,18,30,10.100000000000001,70,14,72,0.9,0.0000,0.0000
2017,4,27,19,0,8.8,25,2,25,1,0.0000,0.0000
2017,4,27,19,30,8.3,0,0,0,1.1,0.0000,0.0000
2017,4,27,20,0,7.800000000000001,0,0,0,1.2000000000000002,0.0000,0.0000
2017,4,27,20,30,7.5,0,0,0,1.4000000000000001,0.0000,0.0000
2017,4,27,21,0,7.2,0,0,0,1.6,0.0000,0.0000
2017,4,27,21,30,7,0,0,0,1.7000000000000002,0.0000,0.0000
2017,4,27,22,0,6.800000000000001,0,0,0,1.9000000000000001,0.0000,0.0000
2017,4,27,22,30,6.6000000000000005,0,0,0,2.2,0.0000,0.0000
2017,4,27,23,0,6.4,0,0,0,2.4000000000000004,0.0000,0.0000
2017,4,27,23,30,6.1000000000000005,0,0,0,2.8000000000000003,0.0000,0.0000
2017,4,28,0,0,5.9,0,0,0,3.2,0.0000,0.0000
2017,4,28,0,30,5.4,0,0,0,3.1,0.0000,0.0000
2017,4,28,1,0,4.9,0,0,0,3,0.0000,0.0000
2017,4,28,1,30,4.5,0,0,0,3.3000000000000003,0.0000,0.0000
2017,4,28,2,0,4.2,0,0,0,3.6,0.0000,0.0000
2017,4,28,2,30,3.8000000000000003,0,0,0,3.9000000000000004,0.0000,0.0000
2017,4,28,3,0,3.4000000000000004,0,0,0,4.2,0.0000,0.0000
2017,4,28,3,30,3.1,0,0,0,4.3,0.0000,0.0000
2017,4,28,4,0,2.7,0,0,0,4.5,0.0000,0.0000
2017,4,28,4,30,2.3000000000000003,0,0,0,4.7,0.0000,0.0000
2017,4,28,5,0,1.8,0,0,0,4.9,0.0000,0.0000
2017,4,28,5,30,1.6,0,0,0,5,0.0000,0.0000
2017,4,28,6,0,1.5,11,0,11,5.2,0.0000,0.0000
2017,4,28,6,30,1.6,41,0,41,5.5,1.9542,1.4900
2017,4,28,7,0,1.8,28,0,28,5.7,1.3817,1.0637
2017,4,28,7,30,2.4000000000000004,98,3,99,6,5.1391,3.9871
2017,4,28,8,0,3,70,0,70,6.300000000000001,3.7912,2.9559
2017,4,28,8,30,3.8000000000000003,32,0,32,6.5,1.7908,1.4006
2017,4,28,9,0,4.5,218,11,225,6.800000000000001,12.9075,10.1163
2017,4,28,9,30,5,121,1,122,6.9,7.1309,5.5969
2017,4,28,10,0,5.5,56,0,56,7,3.3197,2.6082
2017,4,28,10,30,5.800000000000001,144,0,144,7.1000000000000005,8.6261,6.7821
2017,4,28,11,0,6.2,97,0,97,7.1000000000000005,5.8542,4.6050
2017,4,28,11,30,6.5,176,1,177,7.1000000000000005,10.7358,8.4476
2017,4,28,12,0,6.800000000000001,173,1,173,7,10.5221,8.2809
2017,4,28,12,30,7,175,0,175,6.9,10.6509,8.3826
2017,4,28,13,0,7.300000000000001,139,0,139,6.9,8.4484,6.6486
2017,4,28,13,30,7.5,207,0,207,6.6000000000000005,12.5378,9.8646
2017,4,28,14,0,7.7,346,21,364,6.4,21.9202,17.2403
2017,4,28,14,30,7.800000000000001,158,1,159,6.2,9.4949,7.4636
2017,4,28,15,0,7.9,141,0,142,6,8.3821,6.5836
2017,4,28,15,30,7.9,125,0,125,5.9,7.2653,5.7000
2017,4,28,16,0,8,134,0,134,5.9,7.6301,5.9765
2017,4,28,16,30,7.9,241,63,273,5.7,15.1279,11.8211
2017,4,28,17,0,7.800000000000001,21,0,21,5.5,1.1229,0.8743
2017,4,28,17,30,7.5,30,0,30,4.800000000000001,1.5325,1.1864
2017,4,28,18,0,7.1000000000000005,66,3,67,4.1000000000000005,3.2542,2.4972
2017,4,28,18,30,6.7,46,2,46,3.4000000000000004,0.0000,0.0000
2017,4,28,19,0,6.2,14,0,14,2.8000000000000003,0.0000,0.0000
2017,4,28,19,30,6,0,0,0,2.8000000000000003,0.0000,0.0000
2017,4,28,20,0,5.800000000000001,0,0,0,2.9000000000000004,0.0000,0.0000
2017,4,28,20,30,5.7,0,0,0,3.1,0.0000,0.0000
2017,4,28,21,0,5.5,0,0,0,3.2,0.0000,0.0000
2017,4,28,21,30,5.300000000000001,0,0,0,3.7,0.0000,0.0000
2017,4,28,22,0,5.2,0,0,0,4.2,0.0000,0.0000
2017,4,28,22,30,4.6000000000000005,0,0,0,3.8000000000000003,0.0000,0.0000
2017,4,28,23,0,4,0,0,0,3.5,0.0000,0.0000
2017,4,28,23,30,4,0,0,0,3.8000000000000003,0.0000,0.0000
2017,4,29,0,0,4,0,0,0,4.1000000000000005,0.0000,0.0000
2017,4,29,0,30,3.8000000000000003,0,0,0,4.3,0.0000,0.0000
2017,4,29,1,0,3.6,0,0,0,4.5,0.0000,0.0000
2017,4,29,1,30,3.3000000000000003,0,0,0,4.3,0.0000,0.0000
2017,4,29,2,0,3,0,0,0,4.2,0.0000,0.0000
2017,4,29,2,30,2.9000000000000004,0,0,0,3.9000000000000004,0.0000,0.0000
2017,4,29,3,0,2.7,0,0,0,3.6,0.0000,0.0000
2017,4,29,3,30,2.7,0,0,0,3.8000000000000003,0.0000,0.0000
2017,4,29,4,0,2.6,0,0,0,4,0.0000,0.0000
2017,4,29,4,30,2.3000000000000003,0,0,0,3.6,0.0000,0.0000
2017,4,29,5,0,1.9000000000000001,0,0,0,3.2,0.0000,0.0000
2017,4,29,5,30,2.3000000000000003,0,0,0,3.6,0.0000,0.0000
2017,4,29,6,0,2.7,11,0,11,4.1000000000000005,0.0000,0.0000
2017,4,29,6,30,3,15,0,15,4.5,0.7150,0.5454
2017,4,29,7,0,3.3000000000000003,24,0,24,4.9,1.1867,0.9139
2017,4,29,7,30,3.7,56,0,56,5.2,2.9124,2.2601
2017,4,29,8,0,4.2,132,5,135,5.4,7.3229,5.7102
2017,4,29,8,30,4.800000000000001,198,13,205,5.6000000000000005,11.4859,8.9842
2017,4,29,9,0,5.300000000000001,269,37,292,5.9,16.7664,13.1417
2017,4,29,9,30,5.6000000000000005,294,27,313,6,18.3091,14.3713
2017,4,29,10,0,5.9,289,13,299,6.2,17.7362,13.9354
2017,4,29,10,30,6.4,385,141,498,6.6000000000000005,29.8478,23.4681
2017,4,29,11,0,6.800000000000001,412,148,536,7.1000000000000005,32.3650,25.4596
2017,4,29,11,30,7.2,314,7,320,7.5,19.4178,15.2796
2017,4,29,12,0,7.6000000000000005,137,0,137,8,8.3359,6.5606
2017,4,29,12,30,8.1,141,0,141,8.200000000000001,8.5851,6.7569
2017,4,29,13,0,8.700000000000001,221,1,222,8.4,13.4985,10.6231
2017,4,29,13,30,8.9,247,2,249,8.4,15.0879,11.8714
2017,4,29,14,0,9.200000000000001,393,54,438,8.3,26.3879,20.7548
2017,4,29,14,30,9.200000000000001,338,25,358,8.3,21.3887,16.8135
2017,4,29,15,0,9.3,293,17,305,8.3,18.0139,14.1494
2017,4,29,15,30,9.1,178,1,179,7.800000000000001,10.4106,8.1680
2017,4,29,16,0,8.9,137,2,138,7.300000000000001,7.8639,6.1601
2017,4,29,16,30,8.3,138,3,140,6.7,7.7657,6.0688
2017,4,29,17,0,7.6000000000000005,112,3,113,6.1000000000000005,6.0498,4.7109
2017,4,29,17,30,7.1000000000000005,67,1,67,6.4,3.4278,2.6543
2017,4,29,18,0,6.6000000000000005,47,1,47,6.7,2.2860,1.7548
2017,4,29,18,30,6.2,32,0,32,6.800000000000001,0.0000,0.0000
2017,4,29,19,0,5.7,13,0,13,7,0.0000,0.0000
2017,4,29,19,30,5.2,0,0,0,6.9,0.0000,0.0000
2017,4,29,20,0,4.7,0,0,0,6.9,0.0000,0.0000
2017,4,29,20,30,4.4,0,0,0,6.5,0.0000,0.0000
2017,4,29,21,0,4.1000000000000005,0,0,0,6.1000000000000005,0.0000,0.0000
2017,4,29,21,30,3.6,0,0,0,6,0.0000,0.0000
2017,4,29,22,0,3.1,0,0,0,5.9,0.0000,0.0000
2017,4,29,22,30,3,0,0,0,6.2,0.0000,0.0000
2017,4,29,23,0,2.9000000000000004,0,0,0,6.5,0.0000,0.0000
2017,4,29,23,30,2.9000000000000004,0,0,0,6.5,0.0000,0.0000
2017,4,30,0,0,2.9000000000000004,0,0,0,6.5,0.0000,0.0000
2017,4,30,0,30,2.8000000000000003,0,0,0,6.5,0.0000,0.0000
2017,4,30,1,0,2.8000000000000003,0,0,0,6.6000000000000005,0.0000,0.0000
2017,4,30,1,30,2.7,0,0,0,6.7,0.0000,0.0000
2017,4,30,2,0,2.6,0,0,0,6.800000000000001,0.0000,0.0000
2017,4,30,2,30,2.6,0,0,0,6.9,0.0000,0.0000
2017,4,30,3,0,2.6,0,0,0,6.9,0.0000,0.0000
2017,4,30,3,30,2.7,0,0,0,6.7,0.0000,0.0000
2017,4,30,4,0,2.7,0,0,0,6.4,0.0000,0.0000
2017,4,30,4,30,2.6,0,0,0,6.5,0.0000,0.0000
2017,4,30,5,0,2.5,0,0,0,6.6000000000000005,0.0000,0.0000
2017,4,30,5,30,2.5,0,0,0,6.9,0.0000,0.0000
2017,4,30,6,0,2.6,11,0,11,7.1000000000000005,0.0000,0.0000
2017,4,30,6,30,2.5,10,0,10,7.800000000000001,0.4768,0.3638
2017,4,30,7,0,2.5,21,0,21,8.6,1.0404,0.8016
2017,4,30,7,30,2.5,33,0,33,8.5,1.7194,1.3346
2017,4,30,8,0,2.5,74,0,75,8.5,4.0742,3.1774
2017,4,30,8,30,2.4000000000000004,55,0,55,8.1,3.0850,2.4133
2017,4,30,9,0,2.3000000000000003,14,0,14,7.800000000000001,0.8046,0.6307
2017,4,30,9,30,2.2,144,1,145,7.800000000000001,8.4879,6.6627
2017,4,30,10,0,2.1,257,7,262,7.9,15.5510,12.2191
2017,4,30,10,30,2.4000000000000004,25,0,25,7.9,1.4992,1.1788
2017,4,30,11,0,2.7,332,13,343,7.9,20.7209,16.3004
2017,4,30,11,30,3,170,1,170,7.5,10.3202,8.1210
2017,4,30,12,0,3.3000000000000003,40,0,40,7.1000000000000005,2.4348,1.9163
2017,4,30,12,30,3.3000000000000003,41,0,41,6.4,2.4973,1.9656
2017,4,30,13,0,3.2,43,0,43,5.7,2.6156,2.0585
2017,4,30,13,30,3,208,1,209,5.4,12.6691,9.9685
2017,4,30,14,0,2.8000000000000003,344,19,360,5.1000000000000005,21.6979,17.0665
2017,4,30,14,30,2.8000000000000003,143,1,144,5.2,8.6074,6.7664
2017,4,30,15,0,2.8000000000000003,31,0,31,5.300000000000001,1.8319,1.4390
2017,4,30,15,30,2.8000000000000003,334,169,447,5.4,26.0131,20.4105
2017,4,30,16,0,2.9000000000000004,230,17,241,5.6000000000000005,13.7440,10.7668
2017,4,30,16,30,2.7,46,0,46,5.6000000000000005,2.5540,1.9961
2017,4,30,17,0,2.6,48,0,48,5.7,2.5730,2.0038
2017,4,30,17,30,2.3000000000000003,50,0,50,5.7,2.5620,1.9842
2017,4,30,18,0,2,49,1,49,5.6000000000000005,2.3867,1.8326
2017,4,30,18,30,1.7000000000000002,30,0,30,5.7,0.0000,0.0000
2017,4,30,19,0,1.4000000000000001,24,1,24,5.800000000000001,0.0000,0.0000
2017,4,30,19,30,1.2000000000000002,0,0,0,5.9,0.0000,0.0000
2017,4,30,20,0,1.1,0,0,0,6.1000000000000005,0.0000,0.0000
2017,4,30,20,30,1,0,0,0,6.1000000000000005,0.0000,0.0000
2017,4,30,21,0,1,0,0,0,6.1000000000000005,0.0000,0.0000
2017,4,30,21,30,0.9,0,0,0,6,0.0000,0.0000
2017,4,30,22,0,0.9,0,0,0,6,0.0000,0.0000
2017,4,30,22,30,0.9,0,0,0,6,0.0000,0.0000
2017,4,30,23,0,0.9,0,0,0,6,0.0000,0.0000
2017,4,30,23,30,0.8,0,0,0,6.1000000000000005,0.0000,0.0000
2017,5,1,0,0,0.8,0,0,0,6.1000000000000005,0.0000,0.0000
2017,5,1,0,30,0.7000000000000001,0,0,0,6,0.0000,0.0000
2017,5,1,1,0,0.6000000000000001,0,0,0,6,0.0000,0.0000
2017,5,1,1,30,0.5,0,0,0,5.800000000000001,0.0000,0.0000
2017,5,1,2,0,0.5,0,0,0,5.6000000000000005,0.0000,0.0000
2017,5,1,2,30,0.4,0,0,0,5.6000000000000005,0.0000,0.0000
2017,5,1,3,0,0.4,0,0,0,5.5,0.0000,0.0000
2017,5,1,3,30,0.4,0,0,0,5.6000000000000005,0.0000,0.0000
2017,5,1,4,0,0.4,0,0,0,5.7,0.0000,0.0000
2017,5,1,4,30,0.4,0,0,0,5.7,0.0000,0.0000
2017,5,1,5,0,0.4,0,0,0,5.800000000000001,0.0000,0.0000
2017,5,1,5,30,0.5,0,0,0,5.800000000000001,0.0000,0.0000
2017,5,1,6,0,0.6000000000000001,12,0,12,5.9,0.0000,0.0000
2017,5,1,6,30,0.8,29,0,29,6.2,1.3835,1.0559
2017,5,1,7,0,0.9,91,7,93,6.5,4.6171,3.5584
2017,5,1,7,30,1.3,104,4,106,6.800000000000001,5.5326,4.2954
2017,5,1,8,0,1.6,226,171,305,7.1000000000000005,16.5911,12.9411
2017,5,1,8,30,2.2,311,77,354,7.300000000000001,19.8782,15.5517
2017,5,1,9,0,2.8000000000000003,286,195,408,7.6000000000000005,23.4683,18.3973
2017,5,1,9,30,3.6,290,316,510,7.800000000000001,29.8749,23.4520
2017,5,1,10,0,4.4,323,75,379,8,22.5087,17.6867
2017,5,1,10,30,5.2,360,159,488,8.200000000000001,29.2788,23.0223
2017,5,1,11,0,6,335,16,348,8.3,21.0324,16.5459
2017,5,1,11,30,6.6000000000000005,434,107,528,8.3,32.0666,25.2341
2017,5,1,12,0,7.1000000000000005,378,439,769,8.200000000000001,46.8281,36.8565
2017,5,1,12,30,7.6000000000000005,406,394,759,8,46.2485,36.4017
2017,5,1,13,0,8,476,198,652,7.7,39.6744,31.2247
2017,5,1,13,30,8.6,448,254,667,7.4,40.4485,31.8271
2017,5,1,14,0,9.1,304,540,755,7.1000000000000005,45.5246,35.8083
2017,5,1,14,30,9.700000000000001,310,510,713,6.800000000000001,42.6374,33.5190
2017,5,1,15,0,10.3,175,725,708,6.4,41.8602,32.8824
2017,5,1,15,30,10.9,215,637,644,6,37.5011,29.4257
2017,5,1,16,0,11.4,187,594,544,5.5,31.0462,24.3224
2017,5,1,16,30,11.4,94,798,510,4.6000000000000005,28.3427,22.1532
2017,5,1,17,0,11.5,91,730,409,3.7,21.9505,17.0973
2017,5,1,17,30,10.4,80,659,308,2.6,15.8057,12.2439
2017,5,1,18,0,9.4,68,549,207,1.5,10.0970,7.7555
2017,5,1,18,30,8.1,50,402,114,1.4000000000000001,0.0000,0.0000
2017,5,1,19,0,6.9,24,0,24,1.3,0.0000,0.0000
2017,5,1,19,30,6.5,0,0,0,1.4000000000000001,0.0000,0.0000
2017,5,1,20,0,6.1000000000000005,0,0,0,1.4000000000000001,0.0000,0.0000
2017,5,1,20,30,5.9,0,0,0,1.5,0.0000,0.0000
2017,5,1,21,0,5.800000000000001,0,0,0,1.7000000000000002,0.0000,0.0000
2017,5,1,21,30,5.6000000000000005,0,0,0,2,0.0000,0.0000
2017,5,1,22,0,5.5,0,0,0,2.3000000000000003,0.0000,0.0000
2017,5,1,22,30,5.5,0,0,0,3,0.0000,0.0000
2017,5,1,23,0,5.6000000000000005,0,0,0,3.7,0.0000,0.0000
2017,5,1,23,30,5.4,0,0,0,4.1000000000000005,0.0000,0.0000
2017,5,2,0,0,5.300000000000001,0,0,0,4.5,0.0000,0.0000
2017,5,2,0,30,5.1000000000000005,0,0,0,4.6000000000000005,0.0000,0.0000
2017,5,2,1,0,4.9,0,0,0,4.6000000000000005,0.0000,0.0000
2017,5,2,1,30,4.6000000000000005,0,0,0,4.4,0.0000,0.0000
2017,5,2,2,0,4.4,0,0,0,4.2,0.0000,0.0000
2017,5,2,2,30,4.3,0,0,0,4.2,0.0000,0.0000
2017,5,2,3,0,4.1000000000000005,0,0,0,4.2,0.0000,0.0000
2017,5,2,3,30,4.2,0,0,0,4.3,0.0000,0.0000
2017,5,2,4,0,4.3,0,0,0,4.3,0.0000,0.0000
2017,5,2,4,30,4.4,0,0,0,4.2,0.0000,0.0000
2017,5,2,5,0,4.4,0,0,0,4.1000000000000005,0.0000,0.0000
2017,5,2,5,30,5,0,0,0,4.1000000000000005,0.0000,0.0000
2017,5,2,6,0,5.5,34,345,70,4.2,0.0000,0.0000
2017,5,2,6,30,6.5,52,527,156,4.2,7.4466,5.6852
2017,5,2,7,0,7.4,65,654,255,4.2,12.6845,9.7792
2017,5,2,7,30,8.6,75,737,357,4.1000000000000005,18.6659,14.4949
2017,5,2,8,0,9.8,82,801,459,4,25.0022,19.5045
2017,5,2,8,30,11,89,849,559,3.7,31.4224,24.5855
2017,5,2,9,0,12.200000000000001,94,886,652,3.4000000000000004,37.5351,29.4265
2017,5,2,9,30,13.200000000000001,98,911,736,3,43.1436,33.8698
2017,5,2,10,0,14.100000000000001,100,928,806,2.7,47.8958,37.6368
2017,5,2,10,30,14.8,103,943,867,2.3000000000000003,52.0445,40.9246
2017,5,2,11,0,15.5,290,609,808,2,48.8553,38.4349
2017,5,2,11,30,15.9,109,959,950,1.7000000000000002,57.7183,45.4213
2017,5,2,12,0,16.3,124,937,961,1.4000000000000001,58.5416,46.0767
2017,5,2,12,30,16.6,124,938,966,1.2000000000000002,58.8837,46.3479
2017,5,2,13,0,16.900000000000002,522,195,696,1.1,42.3674,33.3449
2017,5,2,13,30,17,507,178,662,0.9,40.1601,31.6009
2017,5,2,14,0,17.2,123,914,887,0.8,53.5053,42.0867
2017,5,2,14,30,17.1,457,134,563,0.8,33.6824,26.4799
2017,5,2,15,0,17,354,286,565,0.7000000000000001,33.4220,26.2549
2017,5,2,15,30,16.8,396,183,519,0.7000000000000001,30.2401,23.7293
2017,5,2,16,0,16.5,239,435,501,0.7000000000000001,28.6139,22.4183
2017,5,2,16,30,16.2,252,212,362,0.7000000000000001,20.1365,15.7404
2017,5,2,17,0,15.8,205,55,229,0.6000000000000001,12.3041,9.5849
2017,5,2,17,30,15.200000000000001,189,27,198,0.6000000000000001,10.1752,7.8838
2017,5,2,18,0,14.600000000000001,130,66,147,0.5,7.1808,5.5173
2017,5,2,18,30,13.9,77,18,80,0.6000000000000001,0.0000,0.0000
2017,5,2,19,0,13.200000000000001,32,3,32,0.8,0.0000,0.0000
2017,5,2,19,30,12.600000000000001,0,0,0,0.9,0.0000,0.0000
2017,5,2,20,0,12,0,0,0,1,0.0000,0.0000
2017,5,2,20,30,11.3,0,0,0,1.1,0.0000,0.0000
2017,5,2,21,0,10.600000000000001,0,0,0,1.1,0.0000,0.0000
2017,5,2,21,30,9.9,0,0,0,1.2000000000000002,0.0000,0.0000
2017,5,2,22,0,9.3,0,0,0,1.2000000000000002,0.0000,0.0000
2017,5,2,22,30,8.8,0,0,0,1.2000000000000002,0.0000,0.0000
2017,5,2,23,0,8.3,0,0,0,1.2000000000000002,0.0000,0.0000
2017,5,2,23,30,7.9,0,0,0,1.1,0.0000,0.0000
2017,5,3,0,0,7.5,0,0,0,1.1,0.0000,0.0000
2017,5,3,0,30,7.2,0,0,0,1.1,0.0000,0.0000
2017,5,3,1,0,7,0,0,0,1.1,0.0000,0.0000
2017,5,3,1,30,6.9,0,0,0,1.1,0.0000,0.0000
2017,5,3,2,0,6.800000000000001,0,0,0,1,0.0000,0.0000
2017,5,3,2,30,6.800000000000001,0,0,0,0.9,0.0000,0.0000
2017,5,3,3,0,6.7,0,0,0,0.8,0.0000,0.0000
2017,5,3,3,30,6.7,0,0,0,0.7000000000000001,0.0000,0.0000
2017,5,3,4,0,6.7,0,0,0,0.6000000000000001,0.0000,0.0000
2017,5,3,4,30,6.7,0,0,0,0.6000000000000001,0.0000,0.0000
2017,5,3,5,0,6.7,0,0,0,0.5,0.0000,0.0000
2017,5,3,5,30,7.2,3,0,3,0.5,0.0000,0.0000
2017,5,3,6,0,7.800000000000001,17,0,17,0.4,0.0000,0.0000
2017,5,3,6,30,8.6,80,2,80,0.5,3.8215,2.9186
2017,5,3,7,0,9.4,123,25,130,0.6000000000000001,6.4786,4.9964
2017,5,3,7,30,10.9,199,152,257,0.9,13.4605,10.4549
2017,5,3,8,0,12.4,227,222,332,1.2000000000000002,18.1087,14.1287
2017,5,3,8,30,14.200000000000001,253,184,355,1.5,19.9758,15.6309
2017,5,3,9,0,15.9,286,64,326,1.7000000000000002,18.7826,14.7260
2017,5,3,9,30,16.400000000000002,148,1,149,1.5,8.7400,6.8616
2017,5,3,10,0,17,201,3,203,1.2000000000000002,12.0697,9.4848
2017,5,3,10,30,17.1,244,4,247,1.1,14.8339,11.6648
2017,5,3,11,0,17.2,202,2,204,1,12.3401,9.7084
2017,5,3,11,30,17,230,2,232,1,14.1011,11.0971
2017,5,3,12,0,16.8,370,17,385,1,23.4620,18.4669
2017,5,3,12,30,16.5,220,0,220,1,13.4152,10.5594
2017,5,3,13,0,16.3,424,10,433,1,26.3674,20.7527
2017,5,3,13,30,16,430,139,552,1.2000000000000002,33.4997,26.3606
2017,5,3,14,0,15.8,292,504,715,1.3,43.1471,33.9399
2017,5,3,14,30,15.600000000000001,396,148,514,1.6,30.7644,24.1866
2017,5,3,15,0,15.3,308,404,607,1.9000000000000001,35.9242,28.2215
2017,5,3,15,30,15.200000000000001,323,316,537,2.1,31.3073,24.5679
2017,5,3,16,0,15,283,321,477,2.3000000000000003,27.2626,21.3608
2017,5,3,16,30,14.700000000000001,178,9,183,2.3000000000000003,10.1889,7.9652
2017,5,3,17,0,14.3,212,148,277,2.2,14.9010,11.6093
2017,5,3,17,30,13.600000000000001,200,108,238,1.8,12.2492,9.4926
2017,5,3,18,0,13,56,1,56,1.4000000000000001,2.7396,2.1056
2017,5,3,18,30,12.200000000000001,32,0,33,1.3,0.0000,0.0000
2017,5,3,19,0,11.4,5,0,5,1.1,0.0000,0.0000
2017,5,3,19,30,11,0,0,0,1.1,0.0000,0.0000
2017,5,3,20,0,10.600000000000001,0,0,0,1.1,0.0000,0.0000
2017,5,3,20,30,10.3,0,0,0,1,0.0000,0.0000
2017,5,3,21,0,10,0,0,0,0.9,0.0000,0.0000
2017,5,3,21,30,9.600000000000001,0,0,0,0.9,0.0000,0.0000
2017,5,3,22,0,9.200000000000001,0,0,0,0.9,0.0000,0.0000
2017,5,3,22,30,8.5,0,0,0,1,0.0000,0.0000
2017,5,3,23,0,7.9,0,0,0,1.1,0.0000,0.0000
2017,5,3,23,30,7.2,0,0,0,1.2000000000000002,0.0000,0.0000
2017,5,4,0,0,6.5,0,0,0,1.3,0.0000,0.0000
2017,5,4,0,30,6.1000000000000005,0,0,0,1.4000000000000001,0.0000,0.0000
2017,5,4,1,0,5.800000000000001,0,0,0,1.5,0.0000,0.0000
2017,5,4,1,30,5.5,0,0,0,1.6,0.0000,0.0000
2017,5,4,2,0,5.300000000000001,0,0,0,1.8,0.0000,0.0000
2017,5,4,2,30,5.1000000000000005,0,0,0,2,0.0000,0.0000
2017,5,4,3,0,4.9,0,0,0,2.2,0.0000,0.0000
2017,5,4,3,30,4.800000000000001,0,0,0,2.4000000000000004,0.0000,0.0000
2017,5,4,4,0,4.7,0,0,0,2.6,0.0000,0.0000
2017,5,4,4,30,4.7,0,0,0,2.9000000000000004,0.0000,0.0000
2017,5,4,5,0,4.6000000000000005,0,0,0,3.2,0.0000,0.0000
2017,5,4,5,30,5.4,11,88,13,3.7,0.0000,0.0000
2017,5,4,6,0,6.2,36,342,74,4.3,0.0000,0.0000
2017,5,4,6,30,7.300000000000001,55,514,160,4.3,7.6491,5.8438
2017,5,4,7,0,8.5,70,631,257,4.4,12.8317,9.8990
2017,5,4,7,30,10.5,81,714,358,4.5,18.7810,14.5903
2017,5,4,8,0,12.5,89,779,460,4.7,25.1222,19.6032
2017,5,4,8,30,14.4,96,824,557,5.2,31.3729,24.5511
2017,5,4,9,0,16.3,102,860,648,5.800000000000001,37.3643,29.2963
2017,5,4,9,30,17.1,107,886,731,5.800000000000001,42.9068,33.6871
2017,5,4,10,0,17.900000000000002,112,904,804,5.9,47.8282,37.5864
2017,5,4,10,30,18.400000000000002,115,916,862,5.800000000000001,51.7923,40.7288
2017,5,4,11,0,18.900000000000002,118,928,911,5.7,55.1300,43.3736
2017,5,4,11,30,19.3,119,936,945,5.5,57.4589,45.2193
2017,5,4,12,0,19.700000000000003,121,939,964,5.4,58.7669,46.2561
2017,5,4,12,30,19.900000000000002,121,940,969,5.300000000000001,59.1077,46.5261
2017,5,4,13,0,20.200000000000003,119,941,960,5.2,58.4792,46.0275
2017,5,4,13,30,20.3,117,936,934,5.1000000000000005,56.7029,44.6200
2017,5,4,14,0,20.400000000000002,452,337,736,5,44.4318,34.9513
2017,5,4,14,30,20.400000000000002,113,911,839,4.9,50.2384,39.4980
2017,5,4,15,0,20.400000000000002,205,682,713,4.800000000000001,42.2182,33.1671
2017,5,4,15,30,20.200000000000003,215,596,619,4.7,36.1091,28.3372
2017,5,4,16,0,20,106,825,608,4.6000000000000005,34.7743,27.2479
2017,5,4,16,30,19.5,99,786,514,4.2,28.6441,22.3945
2017,5,4,17,0,19,91,733,416,3.8000000000000003,22.4034,17.4565
2017,5,4,17,30,17.6,80,663,315,2.9000000000000004,16.2349,12.5838
2017,5,4,18,0,16.2,66,574,217,1.9000000000000001,10.6319,8.1738
2017,5,4,18,30,14.4,50,435,124,1.7000000000000002,0.0000,0.0000
2017,5,4,19,0,12.600000000000001,28,221,45,1.5,0.0000,0.0000
2017,5,4,19,30,12,0,0,0,1.5,0.0000,0.0000
2017,5,4,20,0,11.5,0,0,0,1.5,0.0000,0.0000
2017,5,4,20,30,11.100000000000001,0,0,0,1.5,0.0000,0.0000
2017,5,4,21,0,10.8,0,0,0,1.4000000000000001,0.0000,0.0000
2017,5,4,21,30,10.5,0,0,0,1.4000000000000001,0.0000,0.0000
2017,5,4,22,0,10.200000000000001,0,0,0,1.3,0.0000,0.0000
2017,5,4,22,30,10.200000000000001,0,0,0,1.3,0.0000,0.0000
2017,5,4,23,0,10.200000000000001,0,0,0,1.2000000000000002,0.0000,0.0000
2017,5,4,23,30,10.3,0,0,0,1.1,0.0000,0.0000
2017,5,5,0,0,10.4,0,0,0,1,0.0000,0.0000
2017,5,5,0,30,10.4,0,0,0,0.9,0.0000,0.0000
2017,5,5,1,0,10.4,0,0,0,0.8,0.0000,0.0000
2017,5,5,1,30,10,0,0,0,1,0.0000,0.0000
2017,5,5,2,0,9.5,0,0,0,1.1,0.0000,0.0000
2017,5,5,2,30,8.8,0,0,0,1.2000000000000002,0.0000,0.0000
2017,5,5,3,0,8.1,0,0,0,1.3,0.0000,0.0000
2017,5,5,3,30,7.4,0,0,0,1.3,0.0000,0.0000
2017,5,5,4,0,6.7,0,0,0,1.4000000000000001,0.0000,0.0000
2017,5,5,4,30,6.5,0,0,0,1.5,0.0000,0.0000
2017,5,5,5,0,6.300000000000001,0,0,0,1.6,0.0000,0.0000
2017,5,5,5,30,7.7,12,64,14,2,0.0000,0.0000
2017,5,5,6,0,9.1,39,309,74,2.4000000000000004,0.0000,0.0000
2017,5,5,6,30,10.600000000000001,59,489,160,3,7.6559,5.8511
2017,5,5,7,0,12.100000000000001,74,612,258,3.6,12.9057,9.9591
2017,5,5,7,30,13.5,85,698,359,3.2,18.8623,14.6563
2017,5,5,8,0,14.9,94,763,460,2.9000000000000004,25.1522,19.6290
2017,5,5,8,30,17.1,102,810,557,3,31.4032,24.5769
2017,5,5,9,0,19.3,106,846,646,3.1,37.2769,29.2294
2017,5,5,9,30,20.200000000000003,111,873,729,2.9000000000000004,42.8158,33.6172
2017,5,5,10,0,21.200000000000003,113,898,802,2.7,47.7349,37.5145
2017,5,5,10,30,21.6,116,914,863,2.5,51.8761,40.7959
2017,5,5,11,0,22.1,117,925,909,2.3000000000000003,55.0306,43.2965
2017,5,5,11,30,22.5,119,932,943,2.2,57.3582,45.1411
2017,5,5,12,0,22.900000000000002,127,925,960,2.2,58.5438,46.0815
2017,5,5,12,30,23.200000000000003,127,923,961,2.2,58.6399,46.1589
2017,5,5,13,0,23.400000000000002,123,926,952,2.2,58.0116,45.6605
2017,5,5,13,30,23.6,121,921,927,2.2,56.2971,44.3017
2017,5,5,14,0,23.700000000000003,117,916,889,2.3000000000000003,53.6882,42.2337
2017,5,5,14,30,23.700000000000003,113,904,836,2.3000000000000003,50.0794,39.3740
2017,5,5,15,0,23.700000000000003,108,890,771,2.3000000000000003,45.6747,35.8837
2017,5,5,15,30,23.6,104,867,695,2.3000000000000003,40.5660,31.8362
2017,5,5,16,0,23.5,98,840,610,2.3000000000000003,34.9131,27.3582
2017,5,5,16,30,23.1,91,802,517,2,28.8359,22.5461
2017,5,5,17,0,22.700000000000003,84,751,419,1.7000000000000002,22.5916,17.6053
2017,5,5,17,30,21.6,75,684,319,1.3,16.4655,12.7651
2017,5,5,18,0,20.5,64,589,220,0.9,10.7942,8.3009
2017,5,5,18,30,19.5,48,453,126,1,0.0000,0.0000
2017,5,5,19,0,18.5,28,242,47,1.1,0.0000,0.0000
2017,5,5,19,30,17.5,0,0,0,1.2000000000000002,0.0000,0.0000
2017,5,5,20,0,16.6,0,0,0,1.3,0.0000,0.0000
2017,5,5,20,30,15.5,0,0,0,1.4000000000000001,0.0000,0.0000
2017,5,5,21,0,14.4,0,0,0,1.5,0.0000,0.0000
2017,5,5,21,30,13.8,0,0,0,1.6,0.0000,0.0000
2017,5,5,22,0,13.200000000000001,0,0,0,1.8,0.0000,0.0000
2017,5,5,22,30,12.9,0,0,0,2,0.0000,0.0000
2017,5,5,23,0,12.700000000000001,0,0,0,2.2,0.0000,0.0000
2017,5,5,23,30,12.600000000000001,0,0,0,2.4000000000000004,0.0000,0.0000
2017,5,6,0,0,12.4,0,0,0,2.7,0.0000,0.0000
2017,5,6,0,30,12.3,0,0,0,2.9000000000000004,0.0000,0.0000
2017,5,6,1,0,12.100000000000001,0,0,0,3.2,0.0000,0.0000
2017,5,6,1,30,11.8,0,0,0,3.4000000000000004,0.0000,0.0000
2017,5,6,2,0,11.5,0,0,0,3.6,0.0000,0.0000
2017,5,6,2,30,11.100000000000001,0,0,0,3.5,0.0000,0.0000
2017,5,6,3,0,10.600000000000001,0,0,0,3.4000000000000004,0.0000,0.0000
2017,5,6,3,30,10.100000000000001,0,0,0,3.1,0.0000,0.0000
2017,5,6,4,0,9.700000000000001,0,0,0,2.8000000000000003,0.0000,0.0000
2017,5,6,4,30,9.4,0,0,0,2.4000000000000004,0.0000,0.0000
2017,5,6,5,0,9.1,0,0,0,2.1,0.0000,0.0000
2017,5,6,5,30,10.3,13,122,16,2.4000000000000004,0.0000,0.0000
2017,5,6,6,0,11.5,34,396,81,2.7,0.0000,0.0000
2017,5,6,6,30,12.8,50,567,170,3,8.1425,6.2251
2017,5,6,7,0,14.100000000000001,60,686,269,3.3000000000000003,13.4798,10.4051
2017,5,6,7,30,15.8,69,762,370,3.4000000000000004,19.4699,15.1311
2017,5,6,8,0,17.5,75,828,474,3.6,25.9484,20.2527
2017,5,6,8,30,18.8,80,868,571,3.6,32.2218,25.2195
2017,5,6,9,0,20.1,89,891,660,3.6,38.1130,29.8868
2017,5,6,9,30,20.900000000000002,93,915,742,3.4000000000000004,43.6047,34.2380
2017,5,6,10,0,21.8,94,937,815,3.2,48.5323,38.1424
2017,5,6,10,30,22.400000000000002,97,947,873,3.1,52.4999,41.2876
2017,5,6,11,0,23,98,959,921,3,55.7788,43.8862
2017,5,6,11,30,23.400000000000002,99,965,955,2.9000000000000004,58.1090,45.7330
2017,5,6,12,0,23.8,94,978,977,2.8000000000000003,59.6006,46.9144
2017,5,6,12,30,24.1,94,979,981,2.6,59.8800,47.1360
2017,5,6,13,0,24.400000000000002,92,979,971,2.4000000000000004,59.1893,46.5884
2017,5,6,13,30,24.5,91,974,946,2.3000000000000003,57.4713,45.2267
2017,5,6,14,0,24.6,89,967,906,2.1,54.7350,43.0582
2017,5,6,14,30,24.6,87,957,854,2.1,51.1785,40.2392
2017,5,6,15,0,24.6,116,883,775,2,45.9337,36.0884
2017,5,6,15,30,24.400000000000002,111,859,699,2,40.8216,32.0381
2017,5,6,16,0,24.3,105,826,611,2,34.9947,27.4236
2017,5,6,16,30,23.700000000000003,99,786,518,2,28.9161,22.6106
2017,5,6,17,0,23.200000000000003,91,732,420,2,22.6705,17.6689
2017,5,6,17,30,21.6,81,662,319,1.8,16.4884,12.7852
2017,5,6,18,0,20.1,69,560,219,1.6,10.7615,8.2783
2017,5,6,18,30,18.2,53,419,126,1.8,6.0071,4.5782
2017,5,6,19,0,16.2,30,205,48,2,0.0000,0.0000
2017,5,6,19,30,15.5,0,0,0,2.3000000000000003,0.0000,0.0000
2017,5,6,20,0,14.8,0,0,0,2.5,0.0000,0.0000
2017,5,6,20,30,14.3,0,0,0,2.7,0.0000,0.0000
2017,5,6,21,0,13.8,0,0,0,2.8000000000000003,0.0000,0.0000
2017,5,6,21,30,13.3,0,0,0,2.9000000000000004,0.0000,0.0000
2017,5,6,22,0,12.8,0,0,0,2.9000000000000004,0.0000,0.0000
2017,5,6,22,30,12.3,0,0,0,2.9000000000000004,0.0000,0.0000
2017,5,6,23,0,11.8,0,0,0,2.9000000000000004,0.0000,0.0000
2017,5,6,23,30,11.4,0,0,0,2.8000000000000003,0.0000,0.0000
2017,5,7,0,0,10.9,0,0,0,2.8000000000000003,0.0000,0.0000
2017,5,7,0,30,10.5,0,0,0,2.7,0.0000,0.0000
2017,5,7,1,0,10.100000000000001,0,0,0,2.7,0.0000,0.0000
2017,5,7,1,30,9.8,0,0,0,2.6,0.0000,0.0000
2017,5,7,2,0,9.4,0,0,0,2.5,0.0000,0.0000
2017,5,7,2,30,9.1,0,0,0,2.4000000000000004,0.0000,0.0000
2017,5,7,3,0,8.8,0,0,0,2.3000000000000003,0.0000,0.0000
2017,5,7,3,30,8.6,0,0,0,2.2,0.0000,0.0000
2017,5,7,4,0,8.4,0,0,0,2.1,0.0000,0.0000
2017,5,7,4,30,8.4,0,0,0,2.1,0.0000,0.0000
2017,5,7,5,0,8.3,0,0,0,2.1,0.0000,0.0000
2017,5,7,5,30,9.4,13,58,15,2.8000000000000003,0.0000,0.0000
2017,5,7,6,0,10.4,41,278,75,3.5,0.0000,0.0000
2017,5,7,6,30,11.600000000000001,62,448,158,3.5,7.5755,5.7936
2017,5,7,7,0,12.9,78,567,252,3.6,12.6503,9.7676
2017,5,7,7,30,14.8,91,652,350,3.8000000000000003,18.4439,14.3362
2017,5,7,8,0,16.8,100,719,449,4.1000000000000005,24.6087,19.2093
2017,5,7,8,30,18.5,108,766,543,4.4,30.6693,24.0063
2017,5,7,9,0,20.200000000000003,114,804,631,4.7,36.4638,28.5951
2017,5,7,9,30,21.6,119,832,712,4.9,41.8659,32.8741
2017,5,7,10,0,23,122,857,784,5.2,46.7089,36.7105
2017,5,7,10,30,24.1,126,873,843,5.300000000000001,50.7175,39.8870
2017,5,7,11,0,25.3,127,887,891,5.4,53.9819,42.4734
2017,5,7,11,30,26,129,895,924,5.5,56.2420,44.2645
2017,5,7,12,0,26.8,124,908,946,5.6000000000000005,57.7281,45.4413
2017,5,7,12,30,27.200000000000003,124,907,948,5.7,57.8838,45.5655
2017,5,7,13,0,27.6,124,902,935,5.800000000000001,57.0130,44.8763
2017,5,7,13,30,27.8,124,896,911,5.9,55.3634,43.5688
2017,5,7,14,0,27.900000000000002,124,880,869,5.9,52.5188,41.3157
2017,5,7,14,30,27.900000000000002,430,112,520,5.9,31.1751,24.5122
2017,5,7,15,0,27.8,127,829,748,5.9,44.3535,34.8480
2017,5,7,15,30,27.5,231,544,605,5.7,35.3510,27.7457
2017,5,7,16,0,27.1,133,729,581,5.5,33.2980,26.0954
2017,5,7,16,30,26.1,123,683,489,5,27.3202,21.3644
2017,5,7,17,0,25.200000000000003,126,585,389,4.6000000000000005,21.0201,16.3845
2017,5,7,17,30,23.6,201,121,245,4.2,12.6810,9.8347
2017,5,7,18,0,22,90,413,202,3.8000000000000003,9.9405,7.6488
2017,5,7,18,30,21.1,65,287,116,4,5.5293,4.2149
2017,5,7,19,0,20.1,33,141,45,4.1000000000000005,0.0000,0.0000
2017,5,7,19,30,19.8,0,0,0,4.3,0.0000,0.0000
2017,5,7,20,0,19.400000000000002,0,0,0,4.5,0.0000,0.0000
2017,5,7,20,30,19.200000000000003,0,0,0,4.7,0.0000,0.0000
2017,5,7,21,0,18.900000000000002,0,0,0,4.800000000000001,0.0000,0.0000
2017,5,7,21,30,18.6,0,0,0,4.7,0.0000,0.0000
2017,5,7,22,0,18.400000000000002,0,0,0,4.7,0.0000,0.0000
2017,5,7,22,30,18.1,0,0,0,4.6000000000000005,0.0000,0.0000
2017,5,7,23,0,17.900000000000002,0,0,0,4.5,0.0000,0.0000
2017,5,7,23,30,17.7,0,0,0,4.5,0.0000,0.0000
2017,5,8,0,0,17.5,0,0,0,4.5,0.0000,0.0000
2017,5,8,0,30,17.400000000000002,0,0,0,4.3,0.0000,0.0000
2017,5,8,1,0,17.3,0,0,0,4.2,0.0000,0.0000
2017,5,8,1,30,17.3,0,0,0,4.1000000000000005,0.0000,0.0000
2017,5,8,2,0,17.400000000000002,0,0,0,4,0.0000,0.0000
2017,5,8,2,30,17.6,0,0,0,4.3,0.0000,0.0000
2017,5,8,3,0,17.900000000000002,0,0,0,4.6000000000000005,0.0000,0.0000
2017,5,8,3,30,17.8,0,0,0,4.7,0.0000,0.0000
2017,5,8,4,0,17.7,0,0,0,4.800000000000001,0.0000,0.0000
2017,5,8,4,30,17.5,0,0,0,4.9,0.0000,0.0000
2017,5,8,5,0,17.3,0,0,0,5,0.0000,0.0000
2017,5,8,5,30,17.400000000000002,9,0,9,5.1000000000000005,0.0000,0.0000
2017,5,8,6,0,17.5,44,3,44,5.300000000000001,0.0000,0.0000
2017,5,8,6,30,18.2,104,29,111,5.2,5.3275,4.0757
2017,5,8,7,0,18.8,169,42,182,5.2,9.1516,7.0681
2017,5,8,7,30,20,208,28,220,5.5,11.6098,9.0256
2017,5,8,8,0,21.3,197,372,379,5.800000000000001,20.7950,16.2341
2017,5,8,8,30,22.6,274,192,384,5.800000000000001,21.7072,16.9924
2017,5,8,9,0,23.900000000000002,351,242,507,5.9,29.3184,22.9929
2017,5,8,9,30,25,125,813,705,5.7,41.4768,32.5698
2017,5,8,10,0,26,133,826,772,5.4,46.0159,36.1671
2017,5,8,10,30,26.700000000000003,136,841,829,5,49.8954,39.2415
2017,5,8,11,0,27.5,148,839,872,4.6000000000000005,52.8500,41.5838
2017,5,8,11,30,28,150,847,905,4.3,55.1034,43.3693
2017,5,8,12,0,28.5,136,872,926,4.1000000000000005,56.5255,44.4955
2017,5,8,12,30,28.8,136,873,931,3.9000000000000004,56.8634,44.7631
2017,5,8,13,0,29.1,263,634,835,3.8000000000000003,50.9308,40.0896
2017,5,8,13,30,29.3,194,675,788,3.7,47.9036,37.6990
2017,5,8,14,0,29.5,131,853,855,3.6,51.6913,40.6657
2017,5,8,14,30,29.6,226,647,747,3.6,44.8022,35.2277
2017,5,8,15,0,29.700000000000003,127,813,738,3.6,43.7801,34.3986
2017,5,8,15,30,29.6,121,789,665,3.5,38.8777,30.5148
2017,5,8,16,0,29.5,115,758,583,3.4000000000000004,33.4342,26.2035
2017,5,8,16,30,28.900000000000002,107,718,494,3.1,27.6226,21.6024
2017,5,8,17,0,28.200000000000003,98,669,401,2.8000000000000003,21.6906,16.9090
2017,5,8,17,30,26.8,86,600,305,2.6,15.8069,12.2611
2017,5,8,18,0,25.400000000000002,135,87,158,2.4000000000000004,7.7865,5.9931
2017,5,8,18,30,23.900000000000002,86,26,91,2.8000000000000003,4.3373,3.3069
2017,5,8,19,0,22.400000000000002,43,9,44,3.1,0.0000,0.0000
2017,5,8,19,30,21.8,0,0,0,3.5,0.0000,0.0000
2017,5,8,20,0,21.200000000000003,0,0,0,4,0.0000,0.0000
2017,5,8,20,30,20.5,0,0,0,4.1000000000000005,0.0000,0.0000
2017,5,8,21,0,19.8,0,0,0,4.1000000000000005,0.0000,0.0000
2017,5,8,21,30,19.1,0,0,0,4,0.0000,0.0000
2017,5,8,22,0,18.400000000000002,0,0,0,3.8000000000000003,0.0000,0.0000
2017,5,8,22,30,17.7,0,0,0,3.6,0.0000,0.0000
2017,5,8,23,0,17,0,0,0,3.5,0.0000,0.0000
2017,5,8,23,30,16.400000000000002,0,0,0,3.4000000000000004,0.0000,0.0000
2017,5,9,0,0,15.9,0,0,0,3.3000000000000003,0.0000,0.0000
2017,5,9,0,30,15.3,0,0,0,3.2,0.0000,0.0000
2017,5,9,1,0,14.8,0,0,0,3.2,0.0000,0.0000
2017,5,9,1,30,14.4,0,0,0,3.1,0.0000,0.0000
2017,5,9,2,0,13.9,0,0,0,3,0.0000,0.0000
2017,5,9,2,30,13.5,0,0,0,2.8000000000000003,0.0000,0.0000
2017,5,9,3,0,13,0,0,0,2.6,0.0000,0.0000
2017,5,9,3,30,12.700000000000001,0,0,0,2.4000000000000004,0.0000,0.0000
2017,5,9,4,0,12.3,0,0,0,2.1,0.0000,0.0000
2017,5,9,4,30,12.100000000000001,0,0,0,2.3000000000000003,0.0000,0.0000
2017,5,9,5,0,12,0,0,0,2.5,0.0000,0.0000
2017,5,9,5,30,12.5,14,0,14,3.1,0.0000,0.0000
2017,5,9,6,0,13.100000000000001,56,7,57,3.7,0.0000,0.0000
2017,5,9,6,30,14.100000000000001,104,6,105,4.1000000000000005,5.0451,3.8609
2017,5,9,7,0,15.100000000000001,154,180,210,4.6000000000000005,10.5762,8.1704
2017,5,9,7,30,16.2,103,606,347,4.7,18.3376,14.2583
2017,5,9,8,0,17.3,115,665,441,4.9,24.2218,18.9112
2017,5,9,8,30,18.2,124,713,533,4.800000000000001,30.1539,23.6061
2017,5,9,9,0,19.200000000000003,238,486,554,4.7,32.0572,25.1420
2017,5,9,9,30,20.1,140,780,699,4.5,41.1460,32.3113
2017,5,9,10,0,21,145,804,769,4.4,45.8578,36.0439
2017,5,9,10,30,21.8,150,822,829,4.1000000000000005,49.9145,39.2575
2017,5,9,11,0,22.5,156,829,874,3.8000000000000003,52.9896,41.6945
2017,5,9,11,30,23.1,159,836,905,3.4000000000000004,55.1211,43.3841
2017,5,9,12,0,23.6,330,625,898,3,54.8328,43.1638
2017,5,9,12,30,23.900000000000002,161,841,928,2.6,56.6967,44.6327
2017,5,9,13,0,24.200000000000003,351,591,886,2.2,54.0583,42.5522
2017,5,9,13,30,24.400000000000002,160,830,893,2,54.3037,42.7366
2017,5,9,14,0,24.6,414,265,639,1.7000000000000002,38.6456,30.4032
2017,5,9,14,30,24.6,373,313,626,1.8,37.5592,29.5334
2017,5,9,15,0,24.6,250,496,624,1.8,37.0338,29.0988
2017,5,9,15,30,24.3,253,509,604,2.1,35.3302,27.7315
2017,5,9,16,0,24,317,304,505,2.4000000000000004,28.9795,22.7134
2017,5,9,16,30,23.400000000000002,295,198,402,2.6,22.4969,17.5952
2017,5,9,17,0,22.8,249,49,271,2.8000000000000003,14.6746,11.4409
2017,5,9,17,30,21.700000000000003,205,76,232,2.8000000000000003,12.0401,9.3409
2017,5,9,18,0,20.6,150,50,164,2.9000000000000004,8.0940,6.2314
2017,5,9,18,30,19.5,92,13,94,3,4.4805,3.4167
2017,5,9,19,0,18.3,33,199,51,3.1,0.0000,0.0000
2017,5,9,19,30,17.5,0,0,0,3.1,0.0000,0.0000
2017,5,9,20,0,16.8,0,0,0,3.2,0.0000,0.0000
2017,5,9,20,30,16.2,0,0,0,3.1,0.0000,0.0000
2017,5,9,21,0,15.600000000000001,0,0,0,3.1,0.0000,0.0000
2017,5,9,21,30,15.100000000000001,0,0,0,3.1,0.0000,0.0000
2017,5,9,22,0,14.600000000000001,0,0,0,3.1,0.0000,0.0000
2017,5,9,22,30,14.3,0,0,0,3,0.0000,0.0000
2017,5,9,23,0,13.9,0,0,0,3,0.0000,0.0000
2017,5,9,23,30,13.600000000000001,0,0,0,2.8000000000000003,0.0000,0.0000
2017,5,10,0,0,13.3,0,0,0,2.7,0.0000,0.0000
2017,5,10,0,30,13.100000000000001,0,0,0,2.7,0.0000,0.0000
2017,5,10,1,0,13,0,0,0,2.7,0.0000,0.0000
2017,5,10,1,30,12.8,0,0,0,2.8000000000000003,0.0000,0.0000
2017,5,10,2,0,12.700000000000001,0,0,0,2.9000000000000004,0.0000,0.0000
2017,5,10,2,30,12.5,0,0,0,2.9000000000000004,0.0000,0.0000
2017,5,10,3,0,12.4,0,0,0,2.8000000000000003,0.0000,0.0000
2017,5,10,3,30,12.200000000000001,0,0,0,2.8000000000000003,0.0000,0.0000
2017,5,10,4,0,12.100000000000001,0,0,0,2.8000000000000003,0.0000,0.0000
2017,5,10,4,30,12,0,0,0,2.9000000000000004,0.0000,0.0000
2017,5,10,5,0,11.9,0,0,0,3,0.0000,0.0000
2017,5,10,5,30,12,9,0,9,3,0.0000,0.0000
2017,5,10,6,0,12.100000000000001,15,0,15,3.1,0.0000,0.0000
2017,5,10,6,30,12.4,35,0,35,2.9000000000000004,1.6835,1.2888
2017,5,10,7,0,12.700000000000001,8,0,8,2.7,0.4036,0.3119
2017,5,10,7,30,13.200000000000001,202,71,231,2.7,12.2236,9.5059
2017,5,10,8,0,13.8,194,432,407,2.6,22.3773,17.4728
2017,5,10,8,30,14.4,262,218,388,2.5,21.9689,17.1997
2017,5,10,9,0,15,262,39,287,2.4000000000000004,16.6174,13.0334
2017,5,10,9,30,15.5,204,3,206,2.4000000000000004,12.1325,9.5278
2017,5,10,10,0,16,171,1,172,2.4000000000000004,10.2612,8.0655
2017,5,10,10,30,16.3,155,1,156,3.2,9.3964,7.3904
2017,5,10,11,0,16.5,225,2,226,3.9000000000000004,13.7066,10.7852
2017,5,10,11,30,16.5,293,3,296,4.6000000000000005,18.0343,14.1945
2017,5,10,12,0,16.5,356,10,365,5.2,22.2939,17.5498
2017,5,10,12,30,16.400000000000002,370,11,381,5.4,23.2842,18.3300
2017,5,10,13,0,16.3,396,23,417,5.6000000000000005,25.4500,20.0334
2017,5,10,13,30,16.3,432,256,659,5.5,40.0865,31.5483
2017,5,10,14,0,16.3,401,286,645,5.4,39.0210,30.6992
2017,5,10,14,30,16.400000000000002,366,52,408,5.2,24.4886,19.2562
2017,5,10,15,0,16.6,227,4,230,5,13.6560,10.7303
2017,5,10,15,30,16.7,241,9,247,4.800000000000001,14.4555,11.3469
2017,5,10,16,0,16.7,95,1,96,4.7,5.5125,4.3207
2017,5,10,16,30,16.6,218,33,236,4.6000000000000005,13.2180,10.3388
2017,5,10,17,0,16.400000000000002,209,224,312,4.5,16.9128,13.1873
2017,5,10,17,30,16,96,581,311,4.1000000000000005,16.1619,12.5408
2017,5,10,18,0,15.600000000000001,78,501,218,3.6,10.7749,8.2977
2017,5,10,18,30,14.8,59,375,129,2.8000000000000003,6.1496,4.6907
2017,5,10,19,0,13.9,34,210,54,2,0.0000,0.0000
2017,5,10,19,30,13.600000000000001,0,0,0,2,0.0000,0.0000
2017,5,10,20,0,13.200000000000001,0,0,0,1.9000000000000001,0.0000,0.0000
2017,5,10,20,30,13,0,0,0,1.9000000000000001,0.0000,0.0000
2017,5,10,21,0,12.9,0,0,0,1.9000000000000001,0.0000,0.0000
2017,5,10,21,30,12.600000000000001,0,0,0,1.7000000000000002,0.0000,0.0000
2017,5,10,22,0,12.4,0,0,0,1.4000000000000001,0.0000,0.0000
2017,5,10,22,30,12,0,0,0,1.3,0.0000,0.0000
2017,5,10,23,0,11.600000000000001,0,0,0,1.2000000000000002,0.0000,0.0000
2017,5,10,23,30,11.3,0,0,0,1.3,0.0000,0.0000
2017,5,11,0,0,11.100000000000001,0,0,0,1.4000000000000001,0.0000,0.0000
2017,5,11,0,30,10.8,0,0,0,1.5,0.0000,0.0000
2017,5,11,1,0,10.5,0,0,0,1.5,0.0000,0.0000
2017,5,11,1,30,10.4,0,0,0,1.8,0.0000,0.0000
2017,5,11,2,0,10.3,0,0,0,2,0.0000,0.0000
2017,5,11,2,30,10.100000000000001,0,0,0,2.1,0.0000,0.0000
2017,5,11,3,0,9.9,0,0,0,2.3000000000000003,0.0000,0.0000
2017,5,11,3,30,9.5,0,0,0,2.2,0.0000,0.0000
2017,5,11,4,0,9.200000000000001,0,0,0,2.2,0.0000,0.0000
2017,5,11,4,30,9,0,0,0,2.5,0.0000,0.0000
2017,5,11,5,0,8.700000000000001,0,0,0,2.8000000000000003,0.0000,0.0000
2017,5,11,5,30,9.1,14,0,15,3.3000000000000003,0.0000,0.0000
2017,5,11,6,0,9.5,62,3,62,3.9000000000000004,0.0000,0.0000
2017,5,11,6,30,10.5,61,503,175,4,8.4271,6.4532
2017,5,11,7,0,11.5,76,614,272,4.1000000000000005,13.7420,10.6212
2017,5,11,7,30,13.100000000000001,88,693,371,4.6000000000000005,19.6561,15.2881
2017,5,11,8,0,14.700000000000001,97,756,472,5.1000000000000005,25.9758,20.2846
2017,5,11,8,30,15.8,105,801,567,5.2,32.1277,25.1546
2017,5,11,9,0,16.8,111,839,659,5.300000000000001,38.1793,29.9463
2017,5,11,9,30,17.5,116,866,741,5.2,43.6623,34.2898
2017,5,11,10,0,18.1,119,889,813,5.1000000000000005,48.5228,38.1407
2017,5,11,10,30,18.6,123,904,873,5.1000000000000005,52.6026,41.3737
2017,5,11,11,0,19.1,123,922,925,5,56.1182,44.1581
2017,5,11,11,30,19.400000000000002,125,929,958,5.1000000000000005,58.3852,45.9549
2017,5,11,12,0,19.8,116,948,981,5.1000000000000005,59.9355,47.1823
2017,5,11,12,30,20,116,949,985,5.1000000000000005,60.2138,47.4030
2017,5,11,13,0,20.3,113,951,976,5.2,59.5838,46.9033
2017,5,11,13,30,20.3,112,946,951,5.2,57.8664,45.5421
2017,5,11,14,0,20.400000000000002,107,943,913,5.2,55.2528,43.4703
2017,5,11,14,30,20.400000000000002,105,931,861,5.1000000000000005,51.6964,40.6515
2017,5,11,15,0,20.3,112,896,791,5,46.9852,36.9202
2017,5,11,15,30,20.1,108,874,715,5,41.8656,32.8638
2017,5,11,16,0,20,101,848,630,4.9,36.1984,28.3742
2017,5,11,16,30,19.5,95,812,537,4.9,30.0996,23.5446
2017,5,11,17,0,19,86,768,440,4.9,23.8751,18.6179
2017,5,11,17,30,18.1,77,705,339,4.4,17.6393,13.6894
2017,5,11,18,0,17.1,65,622,240,3.9000000000000004,11.8787,9.1500
2017,5,11,18,30,15.3,51,496,145,3.1,6.9139,5.2748
2017,5,11,19,0,13.5,32,304,62,2.3000000000000003,0.0000,0.0000
2017,5,11,19,30,12.600000000000001,0,0,0,2.1,0.0000,0.0000
2017,5,11,20,0,11.700000000000001,0,0,0,1.9000000000000001,0.0000,0.0000
2017,5,11,20,30,11.200000000000001,0,0,0,1.8,0.0000,0.0000
2017,5,11,21,0,10.700000000000001,0,0,0,1.7000000000000002,0.0000,0.0000
2017,5,11,21,30,10.3,0,0,0,1.6,0.0000,0.0000
2017,5,11,22,0,9.9,0,0,0,1.5,0.0000,0.0000
2017,5,11,22,30,9.600000000000001,0,0,0,1.5,0.0000,0.0000
2017,5,11,23,0,9.200000000000001,0,0,0,1.4000000000000001,0.0000,0.0000
2017,5,11,23,30,9,0,0,0,1.4000000000000001,0.0000,0.0000
2017,5,12,0,0,8.8,0,0,0,1.3,0.0000,0.0000
2017,5,12,0,30,8.700000000000001,0,0,0,1.3,0.0000,0.0000
2017,5,12,1,0,8.700000000000001,0,0,0,1.3,0.0000,0.0000
2017,5,12,1,30,8.6,0,0,0,1.2000000000000002,0.0000,0.0000
2017,5,12,2,0,8.6,0,0,0,1.2000000000000002,0.0000,0.0000
2017,5,12,2,30,8.4,0,0,0,1.2000000000000002,0.0000,0.0000
2017,5,12,3,0,8.1,0,0,0,1.3,0.0000,0.0000
2017,5,12,3,30,7.800000000000001,0,0,0,1.3,0.0000,0.0000
2017,5,12,4,0,7.4,0,0,0,1.3,0.0000,0.0000
2017,5,12,4,30,7.2,0,0,0,1.3,0.0000,0.0000
2017,5,12,5,0,7.1000000000000005,0,0,0,1.3,0.0000,0.0000
2017,5,12,5,30,8.5,19,128,25,1.6,0.0000,0.0000
2017,5,12,6,0,10,43,363,93,1.9000000000000001,0.0000,0.0000
2017,5,12,6,30,11.200000000000001,61,523,181,2.1,8.7263,6.6844
2017,5,12,7,0,12.4,74,640,279,2.4000000000000004,14.1165,10.9131
2017,5,12,7,30,14.100000000000001,84,718,379,2.2,20.1046,15.6391
2017,5,12,8,0,15.700000000000001,92,779,480,1.9000000000000001,26.4412,20.6498
2017,5,12,8,30,17.3,99,822,576,2.1,32.6614,25.5741
2017,5,12,9,0,18.900000000000002,103,859,666,2.4000000000000004,38.6080,30.2839
2017,5,12,9,30,19.700000000000003,108,884,748,2.5,44.0956,34.6312
2017,5,12,10,0,20.5,111,906,820,2.6,48.9599,38.4854
2017,5,12,10,30,21.200000000000003,114,920,880,2.6,53.0422,41.7204
2017,5,12,11,0,21.8,116,932,927,2.6,56.2568,44.2680
2017,5,12,11,30,22.3,117,936,958,2.5,58.4019,45.9688
2017,5,12,12,0,22.900000000000002,123,933,975,2.5,59.5855,46.9076
2017,5,12,12,30,23.200000000000003,123,934,980,2.3000000000000003,59.9243,47.1759
2017,5,12,13,0,23.5,122,933,969,2.2,59.1729,46.5805
2017,5,12,13,30,23.700000000000003,120,924,941,2.1,57.2745,45.0770
2017,5,12,14,0,23.8,118,917,903,2,54.6648,43.0086
2017,5,12,14,30,23.8,116,904,851,1.9000000000000001,51.1147,40.1951
2017,5,12,15,0,23.8,112,888,787,1.8,46.7668,36.7496
2017,5,12,15,30,23.6,108,866,711,1.7000000000000002,41.6517,32.6970
2017,5,12,16,0,23.400000000000002,102,838,627,1.6,36.0485,28.2581
2017,5,12,16,30,23,96,801,535,1.6,30.0103,23.4763
2017,5,12,17,0,22.6,88,756,438,1.5,23.7901,18.5535
2017,5,12,17,30,21.6,78,693,338,1.3,17.6094,13.6684
2017,5,12,18,0,20.6,65,613,240,1,11.8963,9.1659
2017,5,12,18,30,18.8,51,490,145,1.1,6.9159,5.2776
2017,5,12,19,0,17,32,314,64,1.1,0.0000,0.0000
2017,5,12,19,30,16.1,0,0,0,1.3,0.0000,0.0000
2017,5,12,20,0,15.200000000000001,0,0,0,1.4000000000000001,0.0000,0.0000
2017,5,12,20,30,14.600000000000001,0,0,0,1.5,0.0000,0.0000
2017,5,12,21,0,14.100000000000001,0,0,0,1.6,0.0000,0.0000
2017,5,12,21,30,13.600000000000001,0,0,0,1.6,0.0000,0.0000
2017,5,12,22,0,13.200000000000001,0,0,0,1.7000000000000002,0.0000,0.0000
2017,5,12,22,30,12.9,0,0,0,1.8,0.0000,0.0000
2017,5,12,23,0,12.5,0,0,0,1.9000000000000001,0.0000,0.0000
2017,5,12,23,30,12.200000000000001,0,0,0,2,0.0000,0.0000
2017,5,13,0,0,12,0,0,0,2.1,0.0000,0.0000
2017,5,13,0,30,11.700000000000001,0,0,0,2.2,0.0000,0.0000
2017,5,13,1,0,11.3,0,0,0,2.3000000000000003,0.0000,0.0000
2017,5,13,1,30,11,0,0,0,2.4000000000000004,0.0000,0.0000
2017,5,13,2,0,10.700000000000001,0,0,0,2.4000000000000004,0.0000,0.0000
2017,5,13,2,30,10.3,0,0,0,2.3000000000000003,0.0000,0.0000
2017,5,13,3,0,10,0,0,0,2.2,0.0000,0.0000
2017,5,13,3,30,9.600000000000001,0,0,0,2.1,0.0000,0.0000
2017,5,13,4,0,9.3,0,0,0,2,0.0000,0.0000
2017,5,13,4,30,9.200000000000001,0,0,0,1.9000000000000001,0.0000,0.0000
2017,5,13,5,0,9.1,0,0,0,1.8,0.0000,0.0000
2017,5,13,5,30,10.5,19,202,29,2.1,0.0000,0.0000
2017,5,13,6,0,11.9,39,443,100,2.4000000000000004,0.0000,0.0000
2017,5,13,6,30,13.100000000000001,53,596,191,2.5,9.2190,7.0639
2017,5,13,7,0,14.4,64,703,291,2.6,14.7453,11.4017
2017,5,13,7,30,16,72,775,393,2.8000000000000003,20.8727,16.2389
2017,5,13,8,0,17.7,79,829,493,3,27.1828,21.2310
2017,5,13,8,30,19.3,84,868,589,4,33.4227,26.1718
2017,5,13,9,0,21,89,902,682,5,39.5577,31.0302
2017,5,13,9,30,21.700000000000003,93,925,764,5.300000000000001,45.0598,35.3897
2017,5,13,10,0,22.400000000000002,97,943,836,5.6000000000000005,49.9338,39.2519
2017,5,13,10,30,23,99,956,896,5.800000000000001,54.0247,42.4941
2017,5,13,11,0,23.6,102,965,944,6.1000000000000005,57.3058,45.0943
2017,5,13,11,30,24,103,971,977,6.2,59.5762,46.8939
2017,5,13,12,0,24.5,98,983,998,6.300000000000001,61.0071,48.0275
2017,5,13,12,30,24.8,98,984,1003,6.4,61.3464,48.2962
2017,5,13,13,0,25.200000000000003,100,975,988,6.5,60.3489,47.5071
2017,5,13,13,30,25.3,99,970,963,6.5,58.6296,46.1443
2017,5,13,14,0,25.5,99,956,919,6.5,55.6499,43.7844
2017,5,13,14,30,25.5,98,945,867,6.5,52.0937,40.9659
2017,5,13,15,0,25.400000000000002,107,902,794,6.5,47.2008,37.0916
2017,5,13,15,30,25.200000000000003,103,881,719,6.4,42.1408,33.0821
2017,5,13,16,0,24.900000000000002,100,845,631,6.300000000000001,36.2996,28.4563
2017,5,13,16,30,24.400000000000002,94,809,539,6,30.2574,23.6713
2017,5,13,17,0,23.900000000000002,88,754,439,5.7,23.8679,18.6160
2017,5,13,17,30,22.8,79,691,340,5.1000000000000005,17.7358,13.7687
2017,5,13,18,0,21.700000000000003,69,594,240,4.6000000000000005,11.9128,9.1809
2017,5,13,18,30,20.1,55,469,146,4,6.9664,5.3174
2017,5,13,19,0,18.6,35,271,63,3.4000000000000004,0.0000,0.0000
2017,5,13,19,30,17.8,0,0,0,3.4000000000000004,0.0000,0.0000
2017,5,13,20,0,17.1,0,0,0,3.4000000000000004,0.0000,0.0000
2017,5,13,20,30,16.8,0,0,0,3.6,0.0000,0.0000
2017,5,13,21,0,16.6,0,0,0,3.9000000000000004,0.0000,0.0000
2017,5,13,21,30,16.3,0,0,0,4.1000000000000005,0.0000,0.0000
2017,5,13,22,0,16.1,0,0,0,4.4,0.0000,0.0000
2017,5,13,22,30,15.8,0,0,0,4.4,0.0000,0.0000
2017,5,13,23,0,15.5,0,0,0,4.5,0.0000,0.0000
2017,5,13,23,30,15.200000000000001,0,0,0,4.5,0.0000,0.0000
2017,5,14,0,0,14.9,0,0,0,4.5,0.0000,0.0000
2017,5,14,0,30,14.700000000000001,0,0,0,4.6000000000000005,0.0000,0.0000
2017,5,14,1,0,14.4,0,0,0,4.6000000000000005,0.0000,0.0000
2017,5,14,1,30,14.200000000000001,0,0,0,4.800000000000001,0.0000,0.0000
2017,5,14,2,0,14,0,0,0,5,0.0000,0.0000
2017,5,14,2,30,13.8,0,0,0,4.9,0.0000,0.0000
2017,5,14,3,0,13.600000000000001,0,0,0,4.9,0.0000,0.0000
2017,5,14,3,30,13.4,0,0,0,4.9,0.0000,0.0000
2017,5,14,4,0,13.200000000000001,0,0,0,4.9,0.0000,0.0000
2017,5,14,4,30,13.100000000000001,0,0,0,4.800000000000001,0.0000,0.0000
2017,5,14,5,0,13.100000000000001,0,0,0,4.800000000000001,0.0000,0.0000
2017,5,14,5,30,13.600000000000001,21,1,21,4.800000000000001,0.0000,0.0000
2017,5,14,6,0,14.100000000000001,43,360,94,4.800000000000001,0.0000,0.0000
2017,5,14,6,30,15.4,61,512,181,5.2,8.7460,6.7033
2017,5,14,7,0,16.7,70,643,279,5.6000000000000005,14.1567,10.9489
2017,5,14,7,30,18.3,80,716,378,5.800000000000001,20.0988,15.6388
2017,5,14,8,0,19.900000000000002,85,784,479,6.1000000000000005,26.4341,20.6479
2017,5,14,8,30,21.1,91,824,573,5.800000000000001,32.5367,25.4794
2017,5,14,9,0,22.3,94,859,661,5.4,38.3596,30.0916
2017,5,14,9,30,23.3,99,881,740,5.1000000000000005,43.6634,34.2940
2017,5,14,10,0,24.3,103,899,810,4.7,48.3986,38.0461
2017,5,14,10,30,25.1,106,913,869,4.3,52.4141,41.2281
2017,5,14,11,0,25.900000000000002,108,919,912,3.8000000000000003,55.3791,43.5789
2017,5,14,11,30,26.5,110,924,943,3.4000000000000004,57.5182,45.2748
2017,5,14,12,0,27.1,113,924,960,3,58.6988,46.2110
2017,5,14,12,30,27.5,113,922,962,2.6,58.8536,46.3344
2017,5,14,13,0,27.900000000000002,114,917,950,2.2,58.0428,45.6924
2017,5,14,13,30,28.1,112,911,925,1.8,56.3313,44.3362
2017,5,14,14,0,28.3,111,902,887,1.5,53.7288,42.2737
2017,5,14,14,30,28.400000000000002,108,890,835,1.5,50.1873,39.4675
2017,5,14,15,0,28.400000000000002,105,875,773,1.5,45.9710,36.1262
2017,5,14,15,30,28.3,101,854,699,1.7000000000000002,40.9883,32.1785
2017,5,14,16,0,28.200000000000003,96,826,616,1.9000000000000001,35.4572,27.7971
2017,5,14,16,30,27.8,90,791,526,1.9000000000000001,29.5498,23.1192
2017,5,14,17,0,27.3,83,746,432,2,23.5102,18.3389
2017,5,14,17,30,26.3,74,685,334,1.7000000000000002,17.4446,13.5447
2017,5,14,18,0,25.200000000000003,64,602,238,1.4000000000000001,11.8300,9.1193
2017,5,14,18,30,23.5,50,485,146,1.3,6.9694,5.3210
2017,5,14,19,0,21.700000000000003,32,317,66,1.3,0.0000,0.0000
2017,5,14,19,30,21,10,74,11,1.3,0.0000,0.0000
2017,5,14,20,0,20.3,0,0,0,1.4000000000000001,0.0000,0.0000
2017,5,14,20,30,20,0,0,0,1.4000000000000001,0.0000,0.0000
2017,5,14,21,0,19.700000000000003,0,0,0,1.4000000000000001,0.0000,0.0000
2017,5,14,21,30,19.5,0,0,0,1.3,0.0000,0.0000
2017,5,14,22,0,19.3,0,0,0,1.3,0.0000,0.0000
2017,5,14,22,30,19.3,0,0,0,1.3,0.0000,0.0000
2017,5,14,23,0,19.3,0,0,0,1.3,0.0000,0.0000
2017,5,14,23,30,19.5,0,0,0,1.2000000000000002,0.0000,0.0000
2017,5,15,0,0,19.6,0,0,0,1.2000000000000002,0.0000,0.0000
2017,5,15,0,30,19.8,0,0,0,1,0.0000,0.0000
2017,5,15,1,0,20,0,0,0,0.9,0.0000,0.0000
2017,5,15,1,30,20,0,0,0,0.8,0.0000,0.0000
2017,5,15,2,0,20,0,0,0,0.7000000000000001,0.0000,0.0000
2017,5,15,2,30,19.700000000000003,0,0,0,0.7000000000000001,0.0000,0.0000
2017,5,15,3,0,19.400000000000002,0,0,0,0.6000000000000001,0.0000,0.0000
2017,5,15,3,30,18.8,0,0,0,0.7000000000000001,0.0000,0.0000
2017,5,15,4,0,18.2,0,0,0,0.7000000000000001,0.0000,0.0000
2017,5,15,4,30,18,0,0,0,0.7000000000000001,0.0000,0.0000
2017,5,15,5,0,17.7,0,0,0,0.6000000000000001,0.0000,0.0000
2017,5,15,5,30,18,17,0,17,0.6000000000000001,0.0000,0.0000
2017,5,15,6,0,18.400000000000002,50,3,50,0.6000000000000001,0.0000,0.0000
2017,5,15,6,30,18.5,45,0,45,0.9,2.1769,1.6689
2017,5,15,7,0,18.5,80,2,81,1.1,4.1157,3.1837
2017,5,15,7,30,18.5,203,41,220,1.4000000000000001,11.7100,9.1126
2017,5,15,8,0,18.5,258,247,383,1.6,21.1534,16.5243
2017,5,15,8,30,18.900000000000002,251,351,457,1.9000000000000001,25.9660,20.3350
2017,5,15,9,0,19.3,317,281,503,2.2,29.2056,22.9115
2017,5,15,9,30,19.900000000000002,343,323,579,2.8000000000000003,34.1775,26.8444
2017,5,15,10,0,20.6,328,407,649,3.4000000000000004,38.7928,30.4957
2017,5,15,10,30,21.6,295,502,715,3.9000000000000004,43.1382,33.9325
2017,5,15,11,0,22.6,262,562,754,4.3,45.7979,36.0399
2017,5,15,11,30,24,244,618,802,4.6000000000000005,48.9308,38.5160
2017,5,15,12,0,25.3,140,871,940,4.9,57.4901,45.2601
2017,5,15,12,30,26.200000000000003,140,871,943,5,57.7051,45.4309
2017,5,15,13,0,27.1,421,266,664,5,40.5792,31.9453
2017,5,15,13,30,27.6,429,55,478,4.9,29.1174,22.9176
2017,5,15,14,0,28,149,827,861,4.800000000000001,52.1683,41.0466
2017,5,15,14,30,28,390,20,406,4.6000000000000005,24.4107,19.1971
2017,5,15,15,0,28,333,325,582,4.3,34.6251,27.2108
2017,5,15,15,30,28.200000000000003,146,748,672,4.2,39.4227,30.9504
2017,5,15,16,0,28.3,253,402,508,4.2,29.2574,22.9378
2017,5,15,16,30,28.3,225,344,416,4,23.3876,18.2992
2017,5,15,17,0,28.200000000000003,185,487,414,3.7,22.5510,17.5923
2017,5,15,17,30,27.200000000000003,94,593,321,3.3000000000000003,16.7864,13.0357
2017,5,15,18,0,26.1,85,477,224,2.9000000000000004,11.1497,8.5969
2017,5,15,18,30,25,65,353,136,3,6.4956,4.9605
2017,5,15,19,0,23.8,40,183,60,3.2,0.0000,0.0000
2017,5,15,19,30,23.3,9,25,10,3.1,0.0000,0.0000
2017,5,15,20,0,22.700000000000003,0,0,0,3.1,0.0000,0.0000
2017,5,15,20,30,22.400000000000002,0,0,0,3.3000000000000003,0.0000,0.0000
2017,5,15,21,0,22.200000000000003,0,0,0,3.5,0.0000,0.0000
2017,5,15,21,30,22.200000000000003,0,0,0,4.1000000000000005,0.0000,0.0000
2017,5,15,22,0,22.200000000000003,0,0,0,4.7,0.0000,0.0000
2017,5,15,22,30,22.3,0,0,0,5.300000000000001,0.0000,0.0000
2017,5,15,23,0,22.400000000000002,0,0,0,5.800000000000001,0.0000,0.0000
2017,5,15,23,30,22.1,0,0,0,5.800000000000001,0.0000,0.0000
2017,5,16,0,0,21.900000000000002,0,0,0,5.9,0.0000,0.0000
2017,5,16,0,30,21.6,0,0,0,6.1000000000000005,0.0000,0.0000
2017,5,16,1,0,21.3,0,0,0,6.300000000000001,0.0000,0.0000
2017,5,16,1,30,21,0,0,0,6.300000000000001,0.0000,0.0000
2017,5,16,2,0,20.6,0,0,0,6.300000000000001,0.0000,0.0000
2017,5,16,2,30,20.200000000000003,0,0,0,5.800000000000001,0.0000,0.0000
2017,5,16,3,0,19.8,0,0,0,5.300000000000001,0.0000,0.0000
2017,5,16,3,30,19.6,0,0,0,5,0.0000,0.0000
2017,5,16,4,0,19.3,0,0,0,4.6000000000000005,0.0000,0.0000
2017,5,16,4,30,19.1,0,0,0,4.6000000000000005,0.0000,0.0000
2017,5,16,5,0,18.900000000000002,0,0,0,4.5,0.0000,0.0000
2017,5,16,5,30,19.3,18,0,18,4.800000000000001,0.0000,0.0000
2017,5,16,6,0,19.6,54,5,54,5,0.0000,0.0000
2017,5,16,6,30,20.5,116,41,126,5.5,6.1018,4.6792
2017,5,16,7,0,21.400000000000002,79,591,274,6,13.9399,10.7854
2017,5,16,7,30,22.5,146,1,147,6.4,7.8326,6.0960
2017,5,16,8,0,23.6,95,748,474,6.7,26.2005,20.4686
2017,5,16,8,30,24.5,102,792,569,6.7,32.3497,25.3356
2017,5,16,9,0,25.400000000000002,106,834,659,6.6000000000000005,38.2817,30.0328
2017,5,16,9,30,26.3,111,859,739,6.4,43.6397,34.2773
2017,5,16,10,0,27.1,114,877,807,6.2,48.2525,37.9329
2017,5,16,10,30,27.8,117,892,865,6.1000000000000005,52.2034,41.0639
2017,5,16,11,0,28.5,337,599,863,5.9,52.4318,41.2610
2017,5,16,11,30,29,500,163,648,5.800000000000001,39.5445,31.1280
2017,5,16,12,0,29.6,478,132,600,5.800000000000001,36.7047,28.8969
2017,5,16,12,30,30,503,152,644,5.7,39.4177,31.0337
2017,5,16,13,0,30.400000000000002,127,897,948,5.6000000000000005,57.9494,45.6203
2017,5,16,13,30,30.6,465,342,771,5.4,46.9780,36.9758
2017,5,16,14,0,30.8,307,510,747,5.2,45.2740,35.6228
2017,5,16,14,30,30.8,308,417,650,5,39.0936,30.7448
2017,5,16,15,0,30.900000000000002,231,587,682,4.800000000000001,40.5897,31.8990
2017,5,16,15,30,30.5,211,521,578,4.5,33.9233,26.6338
2017,5,16,16,0,30.1,125,748,599,4.3,34.5181,27.0634
2017,5,16,16,30,28.900000000000002,269,163,360,3.6,20.2532,15.8477
2017,5,16,17,0,27.6,22,0,22,2.9000000000000004,1.1995,0.9358
2017,5,16,17,30,26,28,0,28,2.4000000000000004,1.4659,1.1385
2017,5,16,18,0,24.5,76,2,77,1.8,3.8381,2.9600
2017,5,16,18,30,23.5,47,1,47,1.7000000000000002,2.2461,1.7157
2017,5,16,19,0,22.5,21,0,21,1.6,0.0000,0.0000
2017,5,16,19,30,21.900000000000002,4,0,4,2.2,0.0000,0.0000
2017,5,16,20,0,21.3,0,0,0,2.7,0.0000,0.0000
2017,5,16,20,30,21,0,0,0,3.4000000000000004,0.0000,0.0000
2017,5,16,21,0,20.700000000000003,0,0,0,4.2,0.0000,0.0000
2017,5,16,21,30,20.3,0,0,0,4.5,0.0000,0.0000
2017,5,16,22,0,19.900000000000002,0,0,0,4.9,0.0000,0.0000
2017,5,16,22,30,19.6,0,0,0,4.6000000000000005,0.0000,0.0000
2017,5,16,23,0,19.3,0,0,0,4.2,0.0000,0.0000
2017,5,16,23,30,18.900000000000002,0,0,0,4.5,0.0000,0.0000
2017,5,17,0,0,18.400000000000002,0,0,0,4.7,0.0000,0.0000
2017,5,17,0,30,17.3,0,0,0,4.5,0.0000,0.0000
2017,5,17,1,0,16.2,0,0,0,4.3,0.0000,0.0000
2017,5,17,1,30,15.200000000000001,0,0,0,3.9000000000000004,0.0000,0.0000
2017,5,17,2,0,14.200000000000001,0,0,0,3.5,0.0000,0.0000
2017,5,17,2,30,13.9,0,0,0,2.6,0.0000,0.0000
2017,5,17,3,0,13.700000000000001,0,0,0,1.7000000000000002,0.0000,0.0000
2017,5,17,3,30,13.5,0,0,0,1.8,0.0000,0.0000
2017,5,17,4,0,13.4,0,0,0,1.9000000000000001,0.0000,0.0000
2017,5,17,4,30,13.3,0,0,0,1.5,0.0000,0.0000
2017,5,17,5,0,13.3,0,0,0,1.1,0.0000,0.0000
2017,5,17,5,30,13.600000000000001,15,0,15,1.3,0.0000,0.0000
2017,5,17,6,0,13.9,31,0,31,1.5,0.0000,0.0000
2017,5,17,6,30,14.200000000000001,58,2,58,2.1,2.8119,2.1569
2017,5,17,7,0,14.5,6,0,6,2.8000000000000003,0.3056,0.2365
2017,5,17,7,30,15.100000000000001,125,6,127,2.7,6.7735,5.2723
2017,5,17,8,0,15.8,70,0,70,2.7,3.8722,3.0252
2017,5,17,8,30,16.8,14,0,14,2.8000000000000003,0.7964,0.6238
2017,5,17,9,0,17.8,142,1,142,3,8.2528,6.4747
2017,5,17,9,30,18.400000000000002,45,0,46,2.5,2.7174,2.1345
2017,5,17,10,0,19,69,0,69,2.1,4.1271,3.2445
2017,5,17,10,30,19.200000000000003,90,0,90,3,5.4331,4.2739
2017,5,17,11,0,19.3,74,0,74,4,4.4971,3.5390
2017,5,17,11,30,19.3,429,217,626,4.5,38.2114,30.0790
2017,5,17,12,0,19.3,108,0,108,4.9,6.6083,5.2027
2017,5,17,12,30,19.3,87,0,87,4.9,5.3263,4.1935
2017,5,17,13,0,19.3,41,0,41,4.9,2.5068,1.9735
2017,5,17,13,30,19.200000000000003,66,0,66,4.800000000000001,4.0225,3.1661
2017,5,17,14,0,19.1,391,29,416,4.800000000000001,25.2197,19.8439
2017,5,17,14,30,18.7,347,23,366,5,22.0197,17.3175
2017,5,17,15,0,18.3,374,120,467,5.2,27.8042,21.8515
2017,5,17,15,30,17.900000000000002,130,1,130,5.4,7.6332,5.9931
2017,5,17,16,0,17.5,276,193,399,5.6000000000000005,23.0050,18.0375
2017,5,17,16,30,17.400000000000002,262,23,275,5.800000000000001,15.4825,12.1155
2017,5,17,17,0,17.2,186,451,401,6,21.8834,17.0746
2017,5,17,17,30,16.900000000000002,173,356,311,5.9,16.3021,12.6633
2017,5,17,18,0,16.6,73,4,74,5.800000000000001,3.6934,2.8490
2017,5,17,18,30,16.2,39,1,39,5.9,1.8649,1.4249
2017,5,17,19,0,15.700000000000001,27,0,27,5.9,0.0000,0.0000
2017,5,17,19,30,15.3,8,0,8,6,0.0000,0.0000
2017,5,17,20,0,15,0,0,0,6.1000000000000005,0.0000,0.0000
2017,5,17,20,30,14.700000000000001,0,0,0,6.2,0.0000,0.0000
2017,5,17,21,0,14.4,0,0,0,6.2,0.0000,0.0000
2017,5,17,21,30,14.100000000000001,0,0,0,6.1000000000000005,0.0000,0.0000
2017,5,17,22,0,13.700000000000001,0,0,0,6.1000000000000005,0.0000,0.0000
2017,5,17,22,30,13.3,0,0,0,6,0.0000,0.0000
2017,5,17,23,0,12.9,0,0,0,5.800000000000001,0.0000,0.0000
2017,5,17,23,30,12.600000000000001,0,0,0,5.7,0.0000,0.0000
2017,5,18,0,0,12.200000000000001,0,0,0,5.5,0.0000,0.0000
2017,5,18,0,30,11.8,0,0,0,5.300000000000001,0.0000,0.0000
2017,5,18,1,0,11.5,0,0,0,5.1000000000000005,0.0000,0.0000
2017,5,18,1,30,11.3,0,0,0,4.800000000000001,0.0000,0.0000
2017,5,18,2,0,11,0,0,0,4.6000000000000005,0.0000,0.0000
2017,5,18,2,30,10.8,0,0,0,4.3,0.0000,0.0000
2017,5,18,3,0,10.600000000000001,0,0,0,4.1000000000000005,0.0000,0.0000
2017,5,18,3,30,10.4,0,0,0,3.9000000000000004,0.0000,0.0000
2017,5,18,4,0,10.3,0,0,0,3.7,0.0000,0.0000
2017,5,18,4,30,10.3,0,0,0,3.7,0.0000,0.0000
2017,5,18,5,0,10.200000000000001,0,0,0,3.6,0.0000,0.0000
2017,5,18,5,30,10.8,13,0,13,4,0.0000,0.0000
2017,5,18,6,0,11.4,46,392,106,4.4,0.0000,0.0000
2017,5,18,6,30,12.100000000000001,62,535,193,4.9,9.3672,7.1871
2017,5,18,7,0,12.8,61,1,62,5.5,3.1617,2.4471
2017,5,18,7,30,13.4,53,0,53,5.5,2.8294,2.2026
2017,5,18,8,0,13.9,131,0,131,5.5,7.2514,5.6658
2017,5,18,8,30,14.5,176,0,176,5.5,10.0177,7.8464
2017,5,18,9,0,15,225,1,225,5.4,13.0824,10.2641
2017,5,18,9,30,15.700000000000001,322,6,326,5.4,19.2655,15.1331
2017,5,18,10,0,16.3,233,0,234,5.4,14.0003,11.0066
2017,5,18,10,30,16.900000000000002,198,0,198,5.4,11.9561,9.4052
2017,5,18,11,0,17.5,345,2,347,5.300000000000001,21.0926,16.5993
2017,5,18,11,30,18,212,0,213,5.4,13.0045,10.2369
2017,5,18,12,0,18.5,419,42,458,5.4,28.0305,22.0684
2017,5,18,12,30,18.8,383,3,385,5.4,23.5756,18.5617
2017,5,18,13,0,19.1,462,119,571,5.4,34.9200,27.4913
2017,5,18,13,30,19.200000000000003,236,0,236,5.300000000000001,14.3867,11.3240
2017,5,18,14,0,19.3,210,0,210,5.300000000000001,12.7345,10.0202
2017,5,18,14,30,19,344,51,386,5.2,23.2298,18.2695
2017,5,18,15,0,18.8,356,58,401,5.1000000000000005,23.8830,18.7702
2017,5,18,15,30,18.3,276,18,288,5,16.9179,13.2833
2017,5,18,16,0,17.8,244,19,255,5,14.7107,11.5347
2017,5,18,16,30,17.3,176,8,181,4.9,10.1972,7.9801
2017,5,18,17,0,16.8,157,12,163,4.800000000000001,8.9031,6.9473
2017,5,18,17,30,16.2,125,12,129,5,6.7696,5.2593
2017,5,18,18,0,15.600000000000001,68,2,69,5.1000000000000005,3.4486,2.6609
2017,5,18,18,30,14.700000000000001,47,1,47,4.5,2.2490,1.7189
2017,5,18,19,0,13.8,25,0,25,3.9000000000000004,0.0000,0.0000
2017,5,18,19,30,13.100000000000001,6,0,6,4,0.0000,0.0000
2017,5,18,20,0,12.4,0,0,0,4,0.0000,0.0000
2017,5,18,20,30,11.9,0,0,0,4.1000000000000005,0.0000,0.0000
2017,5,18,21,0,11.4,0,0,0,4.3,0.0000,0.0000
2017,5,18,21,30,11.100000000000001,0,0,0,4.5,0.0000,0.0000
2017,5,18,22,0,10.700000000000001,0,0,0,4.800000000000001,0.0000,0.0000
2017,5,18,22,30,10.4,0,0,0,5.1000000000000005,0.0000,0.0000
2017,5,18,23,0,10.100000000000001,0,0,0,5.4,0.0000,0.0000
2017,5,18,23,30,9.8,0,0,0,5.5,0.0000,0.0000
2017,5,19,0,0,9.600000000000001,0,0,0,5.6000000000000005,0.0000,0.0000
2017,5,19,0,30,9.4,0,0,0,5.300000000000001,0.0000,0.0000
2017,5,19,1,0,9.200000000000001,0,0,0,5.1000000000000005,0.0000,0.0000
2017,5,19,1,30,9,0,0,0,4.800000000000001,0.0000,0.0000
2017,5,19,2,0,8.8,0,0,0,4.5,0.0000,0.0000
2017,5,19,2,30,8.700000000000001,0,0,0,4.7,0.0000,0.0000
2017,5,19,3,0,8.5,0,0,0,4.800000000000001,0.0000,0.0000
2017,5,19,3,30,8.3,0,0,0,5,0.0000,0.0000
2017,5,19,4,0,8.1,0,0,0,5.2,0.0000,0.0000
2017,5,19,4,30,7.9,0,0,0,4.9,0.0000,0.0000
2017,5,19,5,0,7.7,0,0,0,4.5,0.0000,0.0000
2017,5,19,5,30,7.9,12,0,12,4.3,0.0000,0.0000
2017,5,19,6,0,8.1,5,0,5,4.1000000000000005,0.0000,0.0000
2017,5,19,6,30,8.4,18,0,18,4.1000000000000005,0.8745,0.6711
2017,5,19,7,0,8.700000000000001,61,0,61,4.1000000000000005,3.1144,2.4109
2017,5,19,7,30,9,16,0,16,4.1000000000000005,0.8549,0.6656
2017,5,19,8,0,9.3,257,163,341,4.1000000000000005,18.8897,14.7601
2017,5,19,8,30,9.700000000000001,342,98,400,4.2,22.7793,17.8427
2017,5,19,9,0,10,145,1,146,4.3,8.4925,6.6632
2017,5,19,9,30,10.3,300,2,301,4.3,17.7942,13.9777
2017,5,19,10,0,10.600000000000001,340,4,343,4.3,20.5278,16.1386
2017,5,19,10,30,10.8,324,1,325,4.4,19.6299,15.4420
2017,5,19,11,0,11.100000000000001,294,1,295,4.6000000000000005,17.9359,14.1153
2017,5,19,11,30,11.4,254,0,255,4.800000000000001,15.5722,12.2583
2017,5,19,12,0,11.8,244,0,244,5,14.9363,11.7595
2017,5,19,12,30,12,406,23,427,5.2,26.1529,20.5912
2017,5,19,13,0,12.200000000000001,213,1,214,5.5,13.0903,10.3056
2017,5,19,13,30,12.4,401,23,421,6.2,25.6705,20.2058
2017,5,19,14,0,12.5,359,17,374,6.9,22.6856,17.8506
2017,5,19,14,30,12.8,286,7,292,6.4,17.5780,13.8248
2017,5,19,15,0,13,213,3,215,5.800000000000001,12.8095,10.0675
2017,5,19,15,30,12.600000000000001,144,1,145,5.2,8.5211,6.6907
2017,5,19,16,0,12.3,125,1,125,4.5,7.2149,5.6574
2017,5,19,16,30,11.9,161,5,163,4.5,9.1894,7.1918
2017,5,19,17,0,11.5,50,0,50,4.6000000000000005,2.7334,2.1331
2017,5,19,17,30,11,84,1,85,4.7,4.4657,3.4698
2017,5,19,18,0,10.5,39,0,39,4.9,1.9518,1.5063
2017,5,19,18,30,9.9,31,0,31,4.800000000000001,1.4844,1.1348
2017,5,19,19,0,9.3,21,0,21,4.6000000000000005,0.0000,0.0000
2017,5,19,19,30,8.8,6,0,6,4.6000000000000005,0.0000,0.0000
2017,5,19,20,0,8.4,0,0,0,4.7,0.0000,0.0000
2017,5,19,20,30,8,0,0,0,4.5,0.0000,0.0000
2017,5,19,21,0,7.7,0,0,0,4.4,0.0000,0.0000
2017,5,19,21,30,7.4,0,0,0,4.6000000000000005,0.0000,0.0000
2017,5,19,22,0,7.1000000000000005,0,0,0,4.800000000000001,0.0000,0.0000
2017,5,19,22,30,7,0,0,0,5,0.0000,0.0000
2017,5,19,23,0,6.9,0,0,0,5.2,0.0000,0.0000
2017,5,19,23,30,6.9,0,0,0,5.5,0.0000,0.0000
2017,5,20,0,0,6.9,0,0,0,5.7,0.0000,0.0000
2017,5,20,0,30,6.800000000000001,0,0,0,5.9,0.0000,0.0000
2017,5,20,1,0,6.800000000000001,0,0,0,6.1000000000000005,0.0000,0.0000
2017,5,20,1,30,6.800000000000001,0,0,0,5.2,0.0000,0.0000
2017,5,20,2,0,6.800000000000001,0,0,0,4.3,0.0000,0.0000
2017,5,20,2,30,6.6000000000000005,0,0,0,4.1000000000000005,0.0000,0.0000
2017,5,20,3,0,6.4,0,0,0,4,0.0000,0.0000
2017,5,20,3,30,6.300000000000001,0,0,0,4.1000000000000005,0.0000,0.0000
2017,5,20,4,0,6.2,0,0,0,4.2,0.0000,0.0000
2017,5,20,4,30,6.2,0,0,0,4.3,0.0000,0.0000
2017,5,20,5,0,6.1000000000000005,0,0,0,4.3,0.0000,0.0000
2017,5,20,5,30,6.300000000000001,12,0,12,4.4,0.0000,0.0000
2017,5,20,6,0,6.4,14,0,14,4.6000000000000005,0.0000,0.0000
2017,5,20,6,30,6.800000000000001,57,1,57,4.7,2.7721,2.1279
2017,5,20,7,0,7.2,69,1,69,4.9,3.5267,2.7304
2017,5,20,7,30,7.9,221,68,250,4.800000000000001,13.3699,10.4098
2017,5,20,8,0,8.6,157,6,160,4.7,8.8687,6.9303
2017,5,20,8,30,9.200000000000001,78,0,78,4.5,4.4443,3.4813
2017,5,20,9,0,9.8,130,0,130,4.3,7.5648,5.9355
2017,5,20,9,30,10,356,15,367,4.2,21.7033,17.0488
2017,5,20,10,0,10.3,273,1,274,4,16.4031,12.8961
2017,5,20,10,30,10.3,342,2,344,3.9000000000000004,20.7827,16.3491
2017,5,20,11,0,10.4,263,0,263,3.9000000000000004,15.9938,12.5870
2017,5,20,11,30,10.4,163,0,163,3.9000000000000004,9.9560,7.8374
2017,5,20,12,0,10.4,452,13,463,3.9000000000000004,28.3480,22.3190
2017,5,20,12,30,10.3,308,1,308,3.9000000000000004,18.8683,14.8559
2017,5,20,13,0,10.100000000000001,209,0,210,4,12.8483,10.1153
2017,5,20,13,30,10,313,1,314,4,19.1506,15.0741
2017,5,20,14,0,9.9,218,0,218,4.1000000000000005,13.2265,10.4076
2017,5,20,14,30,10,217,0,217,4.1000000000000005,13.0669,10.2771
2017,5,20,15,0,10,239,0,239,4.1000000000000005,14.2443,11.1955
2017,5,20,15,30,10.100000000000001,255,1,256,4.2,15.0507,11.8181
2017,5,20,16,0,10.100000000000001,142,0,143,4.2,8.2581,6.4757
2017,5,20,16,30,10,95,0,95,4.2,5.3591,4.1944
2017,5,20,17,0,9.8,74,0,74,4.2,4.0490,3.1601
2017,5,20,17,30,9.4,45,0,45,4.2,2.3668,1.8393
2017,5,20,18,0,8.9,27,0,27,4.2,1.3530,1.0444
2017,5,20,18,30,8.3,21,0,21,4.1000000000000005,1.0064,0.7695
2017,5,20,19,0,7.6000000000000005,14,0,14,4,0.0000,0.0000
2017,5,20,19,30,7.2,6,0,6,4.1000000000000005,0.0000,0.0000
2017,5,20,20,0,6.7,0,0,0,4.1000000000000005,0.0000,0.0000
2017,5,20,20,30,6.4,0,0,0,4.2,0.0000,0.0000
2017,5,20,21,0,6.1000000000000005,0,0,0,4.2,0.0000,0.0000
2017,5,20,21,30,5.9,0,0,0,4.2,0.0000,0.0000
2017,5,20,22,0,5.6000000000000005,0,0,0,4.2,0.0000,0.0000
2017,5,20,22,30,5.2,0,0,0,4.2,0.0000,0.0000
2017,5,20,23,0,4.800000000000001,0,0,0,4.2,0.0000,0.0000
2017,5,20,23,30,4.5,0,0,0,4.3,0.0000,0.0000
2017,5,21,0,0,4.2,0,0,0,4.3,0.0000,0.0000
2017,5,21,0,30,4,0,0,0,4.4,0.0000,0.0000
2017,5,21,1,0,3.8000000000000003,0,0,0,4.4,0.0000,0.0000
2017,5,21,1,30,3.6,0,0,0,4.4,0.0000,0.0000
2017,5,21,2,0,3.4000000000000004,0,0,0,4.5,0.0000,0.0000
2017,5,21,2,30,3.3000000000000003,0,0,0,4.4,0.0000,0.0000
2017,5,21,3,0,3.2,0,0,0,4.3,0.0000,0.0000
2017,5,21,3,30,3.1,0,0,0,4.2,0.0000,0.0000
2017,5,21,4,0,3.1,0,0,0,4.1000000000000005,0.0000,0.0000
2017,5,21,4,30,3.1,0,0,0,4.1000000000000005,0.0000,0.0000
2017,5,21,5,0,3.2,0,0,0,4.1000000000000005,0.0000,0.0000
2017,5,21,5,30,3.8000000000000003,24,261,42,4.4,0.0000,0.0000
2017,5,21,6,0,4.4,53,1,54,4.7,0.0000,0.0000
2017,5,21,6,30,5.5,86,2,87,4.9,4.2350,3.2515
2017,5,21,7,0,6.5,192,82,220,5.1000000000000005,11.2556,8.7155
2017,5,21,7,30,7.9,236,173,311,5.4,16.6455,12.9613
2017,5,21,8,0,9.3,288,188,385,5.7,21.3534,16.6872
2017,5,21,8,30,10.4,82,875,605,6,34.4878,27.0161
2017,5,21,9,0,11.5,87,903,694,6.2,40.4006,31.7002
2017,5,21,9,30,12.4,91,929,777,6.4,45.9638,36.1073
2017,5,21,10,0,13.3,95,944,848,6.5,50.7784,39.9226
2017,5,21,10,30,14.100000000000001,97,957,907,6.6000000000000005,54.8090,43.1171
2017,5,21,11,0,15,101,964,953,6.7,57.9672,45.6204
2017,5,21,11,30,15.700000000000001,102,967,983,6.7,60.0536,47.2751
2017,5,21,12,0,16.400000000000002,128,933,993,6.7,60.8103,47.8778
2017,5,21,12,30,16.900000000000002,129,934,998,6.6000000000000005,61.1500,48.1468
2017,5,21,13,0,17.5,498,354,825,6.6000000000000005,50.4859,39.7473
2017,5,21,13,30,17.8,124,928,961,6.4,58.6232,46.1449
2017,5,21,14,0,18.1,121,920,923,6.2,56.0140,44.0769
2017,5,21,14,30,18.3,118,905,868,5.9,52.2826,41.1210
2017,5,21,15,0,18.5,118,882,803,5.6000000000000005,47.8746,37.6285
2017,5,21,15,30,18.400000000000002,114,861,728,5.2,42.8178,33.6221
2017,5,21,16,0,18.400000000000002,110,829,644,4.800000000000001,37.2082,29.1784
2017,5,21,16,30,18.2,104,793,553,4.3,31.2164,24.4333
2017,5,21,17,0,17.900000000000002,95,746,456,3.7,24.9708,19.4903
2017,5,21,17,30,17,86,685,357,2.6,18.7963,14.6086
2017,5,21,18,0,16.2,75,603,260,1.5,13.0458,10.0723
2017,5,21,18,30,14.8,60,487,165,1.3,7.9133,6.0525
2017,5,21,19,0,13.5,41,318,81,1.1,0.0000,0.0000
2017,5,21,19,30,12.9,16,85,19,1.2000000000000002,0.0000,0.0000
2017,5,21,20,0,12.3,0,0,0,1.2000000000000002,0.0000,0.0000
2017,5,21,20,30,11.4,0,0,0,1.3,0.0000,0.0000
2017,5,21,21,0,10.5,0,0,0,1.4000000000000001,0.0000,0.0000
2017,5,21,21,30,10,0,0,0,1.5,0.0000,0.0000
2017,5,21,22,0,9.5,0,0,0,1.7000000000000002,0.0000,0.0000
2017,5,21,22,30,9.5,0,0,0,2,0.0000,0.0000
2017,5,21,23,0,9.5,0,0,0,2.3000000000000003,0.0000,0.0000
2017,5,21,23,30,9.5,0,0,0,2.7,0.0000,0.0000
2017,5,22,0,0,9.600000000000001,0,0,0,3.1,0.0000,0.0000
2017,5,22,0,30,9.5,0,0,0,3.4000000000000004,0.0000,0.0000
2017,5,22,1,0,9.4,0,0,0,3.6,0.0000,0.0000
2017,5,22,1,30,9.1,0,0,0,3.5,0.0000,0.0000
2017,5,22,2,0,8.8,0,0,0,3.4000000000000004,0.0000,0.0000
2017,5,22,2,30,8.5,0,0,0,3.3000000000000003,0.0000,0.0000
2017,5,22,3,0,8.3,0,0,0,3.2,0.0000,0.0000
2017,5,22,3,30,8.1,0,0,0,3.2,0.0000,0.0000
2017,5,22,4,0,7.9,0,0,0,3.2,0.0000,0.0000
2017,5,22,4,30,8.1,0,0,0,3.5,0.0000,0.0000
2017,5,22,5,0,8.3,0,0,0,3.7,0.0000,0.0000
2017,5,22,5,30,8.9,21,0,21,3.8000000000000003,0.0000,0.0000
2017,5,22,6,0,9.5,70,11,71,3.8000000000000003,0.0000,0.0000
2017,5,22,6,30,10.5,127,145,163,3.6,7.9420,6.0988
2017,5,22,7,0,11.4,138,381,268,3.4000000000000004,13.7248,10.6290
2017,5,22,7,30,13.100000000000001,85,728,400,3.5,21.4245,16.6839
2017,5,22,8,0,14.8,90,791,500,3.7,27.7487,21.6862
2017,5,22,8,30,16.3,96,830,593,3.7,33.8197,26.4937
2017,5,22,9,0,17.7,107,849,679,3.8000000000000003,39.5405,31.0261
2017,5,22,9,30,18.7,112,874,759,3.6,44.9119,35.2816
2017,5,22,10,0,19.700000000000003,116,892,829,3.4000000000000004,49.6529,39.0383
2017,5,22,10,30,20.5,119,907,888,3.3000000000000003,53.6723,42.2235
2017,5,22,11,0,21.200000000000003,121,918,934,3.2,56.8229,44.7204
2017,5,22,11,30,21.700000000000003,123,922,964,3.2,58.9041,46.3707
2017,5,22,12,0,22.200000000000003,119,933,985,3.3000000000000003,60.3312,47.5010
2017,5,22,12,30,22.5,119,931,987,3.4000000000000004,60.4876,47.6258
2017,5,22,13,0,22.8,122,921,973,3.4000000000000004,59.5543,46.8874
2017,5,22,13,30,22.8,493,306,769,3.5,46.9208,36.9339
2017,5,22,14,0,22.900000000000002,384,364,702,3.5,42.6121,33.5316
2017,5,22,14,30,22.400000000000002,372,6,377,3.5,22.7141,17.8653
2017,5,22,15,0,21.900000000000002,250,607,721,3.5,42.9993,33.7974
2017,5,22,15,30,21.1,207,583,624,3.5,36.7146,28.8304
2017,5,22,16,0,20.3,373,161,477,3.5,27.5736,21.6239
2017,5,22,16,30,19.400000000000002,126,715,533,3.3000000000000003,30.1059,23.5654
2017,5,22,17,0,18.400000000000002,121,651,437,3.1,23.9495,18.6946
2017,5,22,17,30,17.3,108,587,341,3.2,17.9739,13.9712
2017,5,22,18,0,16.3,93,493,245,3.2,12.3092,9.5055
2017,5,22,18,30,15.3,73,382,156,3.3000000000000003,7.4873,5.7280
2017,5,22,19,0,14.3,47,242,77,3.4000000000000004,0.0000,0.0000
2017,5,22,19,30,13.600000000000001,13,0,13,3.3000000000000003,0.0000,0.0000
2017,5,22,20,0,13,0,0,0,3.2,0.0000,0.0000
2017,5,22,20,30,12.5,0,0,0,3,0.0000,0.0000
2017,5,22,21,0,12,0,0,0,2.8000000000000003,0.0000,0.0000
2017,5,22,21,30,11.5,0,0,0,3,0.0000,0.0000
2017,5,22,22,0,11,0,0,0,3.2,0.0000,0.0000
2017,5,22,22,30,10.5,0,0,0,3.4000000000000004,0.0000,0.0000
2017,5,22,23,0,9.9,0,0,0,3.5,0.0000,0.0000
2017,5,22,23,30,9.4,0,0,0,3.4000000000000004,0.0000,0.0000
2017,5,23,0,0,8.9,0,0,0,3.2,0.0000,0.0000
2017,5,23,0,30,8.5,0,0,0,3,0.0000,0.0000
2017,5,23,1,0,8,0,0,0,2.7,0.0000,0.0000
2017,5,23,1,30,7.800000000000001,0,0,0,2.7,0.0000,0.0000
2017,5,23,2,0,7.6000000000000005,0,0,0,2.7,0.0000,0.0000
2017,5,23,2,30,7.6000000000000005,0,0,0,2.9000000000000004,0.0000,0.0000
2017,5,23,3,0,7.7,0,0,0,3.1,0.0000,0.0000
2017,5,23,3,30,7.800000000000001,0,0,0,3.3000000000000003,0.0000,0.0000
2017,5,23,4,0,7.9,0,0,0,3.5,0.0000,0.0000
2017,5,23,4,30,8,0,0,0,3.6,0.0000,0.0000
2017,5,23,5,0,8.1,0,0,0,3.7,0.0000,0.0000
2017,5,23,5,30,8.6,28,154,39,3.7,0.0000,0.0000
2017,5,23,6,0,9,61,1,61,3.8000000000000003,0.0000,0.0000
2017,5,23,6,30,9.8,27,0,27,4.3,1.3168,1.0114
2017,5,23,7,0,10.600000000000001,91,5,93,4.800000000000001,4.7670,3.6922
2017,5,23,7,30,11.200000000000001,118,7,121,5.1000000000000005,6.4856,5.0509
2017,5,23,8,0,11.8,236,110,293,5.5,16.2697,12.7158
2017,5,23,8,30,12.3,270,102,331,5.7,18.8855,14.7950
2017,5,23,9,0,12.700000000000001,322,195,453,5.800000000000001,26.3894,20.7074
2017,5,23,9,30,13.200000000000001,348,74,402,5.800000000000001,23.7941,18.6924
2017,5,23,10,0,13.700000000000001,354,5,358,5.800000000000001,21.4477,16.8630
2017,5,23,10,30,14.200000000000001,481,194,646,5.9,39.0537,30.7236
2017,5,23,11,0,14.700000000000001,69,0,69,5.9,4.1986,3.3044
2017,5,23,11,30,15,358,2,360,6,22.0013,17.3201
2017,5,23,12,0,15.3,239,2,241,6,14.7638,11.6243
2017,5,23,12,30,15.5,425,300,705,6.1000000000000005,43.2132,34.0249
2017,5,23,13,0,15.600000000000001,370,2,372,6.2,22.7734,17.9298
2017,5,23,13,30,15.5,205,0,205,6.2,12.5108,9.8481
2017,5,23,14,0,15.4,489,196,661,6.300000000000001,40.1326,31.5809
2017,5,23,14,30,15.3,292,1,292,6.300000000000001,17.5976,13.8412
2017,5,23,15,0,15.100000000000001,437,158,560,6.300000000000001,33.4080,26.2592
2017,5,23,15,30,14.9,404,187,537,6.2,31.6082,24.8213
2017,5,23,16,0,14.700000000000001,132,0,132,6.1000000000000005,7.6340,5.9870
2017,5,23,16,30,14.4,321,106,381,5.9,21.5335,16.8562
2017,5,23,17,0,14.100000000000001,223,25,235,5.800000000000001,12.8893,10.0620
2017,5,23,17,30,13.600000000000001,78,0,78,5.300000000000001,4.1155,3.1994
2017,5,23,18,0,13.100000000000001,77,0,77,4.800000000000001,3.8733,2.9916
2017,5,23,18,30,12.200000000000001,55,0,55,4,2.6420,2.0217
2017,5,23,19,0,11.3,49,1,49,3.1,0.0000,0.0000
2017,5,23,19,30,10.700000000000001,9,0,9,3,0.0000,0.0000
2017,5,23,20,0,10.100000000000001,0,0,0,2.9000000000000004,0.0000,0.0000
2017,5,23,20,30,9.8,0,0,0,3.1,0.0000,0.0000
2017,5,23,21,0,9.600000000000001,0,0,0,3.2,0.0000,0.0000
2017,5,23,21,30,9.3,0,0,0,3.1,0.0000,0.0000
2017,5,23,22,0,8.9,0,0,0,3.1,0.0000,0.0000
2017,5,23,22,30,8.6,0,0,0,3.2,0.0000,0.0000
2017,5,23,23,0,8.200000000000001,0,0,0,3.2,0.0000,0.0000
2017,5,23,23,30,7.9,0,0,0,3.3000000000000003,0.0000,0.0000
2017,5,24,0,0,7.6000000000000005,0,0,0,3.5,0.0000,0.0000
2017,5,24,0,30,7.2,0,0,0,3.5,0.0000,0.0000
2017,5,24,1,0,6.9,0,0,0,3.5,0.0000,0.0000
2017,5,24,1,30,6.6000000000000005,0,0,0,3.6,0.0000,0.0000
2017,5,24,2,0,6.300000000000001,0,0,0,3.6,0.0000,0.0000
2017,5,24,2,30,6.2,0,0,0,3.6,0.0000,0.0000
2017,5,24,3,0,6,0,0,0,3.7,0.0000,0.0000
2017,5,24,3,30,5.9,0,0,0,3.7,0.0000,0.0000
2017,5,24,4,0,5.9,0,0,0,3.8000000000000003,0.0000,0.0000
2017,5,24,4,30,5.9,0,0,0,3.8000000000000003,0.0000,0.0000
2017,5,24,5,0,6,0,0,0,3.8000000000000003,0.0000,0.0000
2017,5,24,5,30,6.6000000000000005,25,284,46,3.9000000000000004,0.0000,0.0000
2017,5,24,6,0,7.300000000000001,42,489,123,4,0.0000,0.0000
2017,5,24,6,30,8.5,55,620,213,4,10.3968,7.9869
2017,5,24,7,0,9.700000000000001,64,713,311,4,15.9554,12.3594
2017,5,24,7,30,11,72,777,410,4,21.9916,17.1282
2017,5,24,8,0,12.3,79,823,508,4,28.2223,22.0584
2017,5,24,8,30,13.3,85,860,602,3.9000000000000004,34.3607,26.9193
2017,5,24,9,0,14.3,91,886,689,3.8000000000000003,40.1493,31.5053
2017,5,24,9,30,15,95,908,769,3.6,45.5283,35.7672
2017,5,24,10,0,15.700000000000001,100,922,839,3.4000000000000004,50.2755,39.5290
2017,5,24,10,30,16.3,103,935,898,3.1,54.2989,42.7175
2017,5,24,11,0,16.900000000000002,410,479,836,2.8000000000000003,50.8796,40.0438
2017,5,24,11,30,17.3,107,951,977,2.5,59.7195,47.0137
2017,5,24,12,0,17.8,518,162,668,2.2,40.9293,32.2259
2017,5,24,12,30,18.1,508,334,821,1.9000000000000001,50.3320,39.6305
2017,5,24,13,0,18.400000000000002,113,947,989,1.6,60.5563,47.6774
2017,5,24,13,30,18.5,479,355,801,1.4000000000000001,48.8934,38.4877
2017,5,24,14,0,18.6,497,159,636,1.1,38.6235,30.3938
2017,5,24,14,30,18.6,112,912,871,0.9,52.5053,41.2984
2017,5,24,15,0,18.5,130,858,799,0.7000000000000001,47.6808,37.4786
2017,5,24,15,30,18.5,413,224,574,0.7000000000000001,33.7985,26.5420
2017,5,24,16,0,18.5,374,97,437,0.7000000000000001,25.2852,19.8307
2017,5,24,16,30,18.3,109,781,555,0.9,31.3868,24.5705
2017,5,24,17,0,18.1,98,743,461,1.1,25.3050,19.7557
2017,5,24,17,30,17.5,88,683,363,1.2000000000000002,19.1727,14.9067
2017,5,24,18,0,16.900000000000002,75,611,266,1.3,13.3966,10.3492
2017,5,24,18,30,15.3,61,499,172,1.2000000000000002,8.2695,6.3297
2017,5,24,19,0,13.8,42,345,88,1.1,0.0000,0.0000
2017,5,24,19,30,12.700000000000001,19,112,24,1.3,0.0000,0.0000
2017,5,24,20,0,11.700000000000001,0,0,0,1.4000000000000001,0.0000,0.0000
2017,5,24,20,30,11.3,0,0,0,1.6,0.0000,0.0000
2017,5,24,21,0,11,0,0,0,1.8,0.0000,0.0000
2017,5,24,21,30,10.700000000000001,0,0,0,2,0.0000,0.0000
2017,5,24,22,0,10.5,0,0,0,2.2,0.0000,0.0000
2017,5,24,22,30,10.3,0,0,0,2.4000000000000004,0.0000,0.0000
2017,5,24,23,0,10.100000000000001,0,0,0,2.7,0.0000,0.0000
2017,5,24,23,30,10,0,0,0,2.9000000000000004,0.0000,0.0000
2017,5,25,0,0,9.9,0,0,0,3.2,0.0000,0.0000
2017,5,25,0,30,9.600000000000001,0,0,0,3.3000000000000003,0.0000,0.0000
2017,5,25,1,0,9.4,0,0,0,3.4000000000000004,0.0000,0.0000
2017,5,25,1,30,9.1,0,0,0,3.5,0.0000,0.0000
2017,5,25,2,0,8.9,0,0,0,3.6,0.0000,0.0000
2017,5,25,2,30,8.700000000000001,0,0,0,3.5,0.0000,0.0000
2017,5,25,3,0,8.5,0,0,0,3.5,0.0000,0.0000
2017,5,25,3,30,8.4,0,0,0,3.5,0.0000,0.0000
2017,5,25,4,0,8.3,0,0,0,3.5,0.0000,0.0000
2017,5,25,4,30,8.4,0,0,0,3.7,0.0000,0.0000
2017,5,25,5,0,8.6,0,0,0,3.9000000000000004,0.0000,0.0000
2017,5,25,5,30,9.3,28,172,42,4.2,0.0000,0.0000
2017,5,25,6,0,10,28,0,28,4.4,0.0000,0.0000
2017,5,25,6,30,11.4,86,1,86,4.7,4.2014,3.2281
2017,5,25,7,0,12.8,191,58,211,4.9,10.8337,8.3930
2017,5,25,7,30,14.4,203,18,211,5.6000000000000005,11.3249,8.8210
2017,5,25,8,0,16.1,85,785,495,6.4,27.5136,21.5055
2017,5,25,8,30,17.1,277,243,423,6.5,24.1530,18.9228
2017,5,25,9,0,18.2,96,854,674,6.5,39.2868,30.8292
2017,5,25,9,30,19.1,101,875,751,6.4,44.4728,34.9386
2017,5,25,10,0,19.900000000000002,426,294,661,6.300000000000001,39.6172,31.1494
2017,5,25,10,30,20.700000000000003,109,900,875,6.2,52.9176,41.6313
2017,5,25,11,0,21.400000000000002,113,909,921,6.2,56.0623,44.1233
2017,5,25,11,30,22,114,913,951,6.2,58.1397,45.7705
2017,5,25,12,0,22.700000000000003,336,622,916,6.1000000000000005,56.1338,44.1976
2017,5,25,12,30,23.200000000000003,294,591,847,6.1000000000000005,51.9346,40.8927
2017,5,25,13,0,23.700000000000003,128,895,958,6,58.6687,46.1917
2017,5,25,13,30,24,377,390,731,5.800000000000001,44.6289,35.1311
2017,5,25,14,0,24.200000000000003,250,4,253,5.5,15.3678,12.0935
2017,5,25,14,30,24.1,355,29,380,5.2,22.9127,18.0224
2017,5,25,15,0,24,255,6,259,4.9,15.4608,12.1529
2017,5,25,15,30,23.8,253,10,259,4.6000000000000005,15.2561,11.9809
2017,5,25,16,0,23.5,273,443,561,4.4,32.4739,25.4695
2017,5,25,16,30,23.200000000000003,116,727,533,4,30.1595,23.6109
2017,5,25,17,0,22.900000000000002,204,376,388,3.6,21.3147,16.6418
2017,5,25,17,30,22.1,151,455,335,3,17.7104,13.7713
2017,5,25,18,0,21.3,133,299,228,2.5,11.4966,8.8831
2017,5,25,18,30,20.1,107,169,145,2.3000000000000003,6.9773,5.3419
2017,5,25,19,0,18.900000000000002,67,32,71,2.1,0.0000,0.0000
2017,5,25,19,30,18.3,20,1,20,2.4000000000000004,0.0000,0.0000
2017,5,25,20,0,17.6,0,0,0,2.6,0.0000,0.0000
2017,5,25,20,30,17.3,0,0,0,2.7,0.0000,0.0000
2017,5,25,21,0,16.900000000000002,0,0,0,2.9000000000000004,0.0000,0.0000
2017,5,25,21,30,16.6,0,0,0,2.9000000000000004,0.0000,0.0000
2017,5,25,22,0,16.3,0,0,0,2.8000000000000003,0.0000,0.0000
2017,5,25,22,30,16.1,0,0,0,2.6,0.0000,0.0000
2017,5,25,23,0,15.9,0,0,0,2.5,0.0000,0.0000
2017,5,25,23,30,15.600000000000001,0,0,0,2.2,0.0000,0.0000
2017,5,26,0,0,15.4,0,0,0,1.9000000000000001,0.0000,0.0000
2017,5,26,0,30,15.200000000000001,0,0,0,1.6,0.0000,0.0000
2017,5,26,1,0,14.9,0,0,0,1.4000000000000001,0.0000,0.0000
2017,5,26,1,30,14.9,0,0,0,1.4000000000000001,0.0000,0.0000
2017,5,26,2,0,14.9,0,0,0,1.4000000000000001,0.0000,0.0000
2017,5,26,2,30,14.8,0,0,0,1.4000000000000001,0.0000,0.0000
2017,5,26,3,0,14.700000000000001,0,0,0,1.3,0.0000,0.0000
2017,5,26,3,30,14.700000000000001,0,0,0,1.4000000000000001,0.0000,0.0000
2017,5,26,4,0,14.600000000000001,0,0,0,1.4000000000000001,0.0000,0.0000
2017,5,26,4,30,14.8,0,0,0,2.2,0.0000,0.0000
2017,5,26,5,0,14.9,0,0,0,2.9000000000000004,0.0000,0.0000
2017,5,26,5,30,15.3,17,0,17,3.6,0.0000,0.0000
2017,5,26,6,0,15.8,40,1,40,4.3,0.0000,0.0000
2017,5,26,6,30,16.400000000000002,121,33,130,4.6000000000000005,6.3559,4.8843
2017,5,26,7,0,17,148,7,150,4.9,7.7071,5.9714
2017,5,26,7,30,17.900000000000002,202,112,251,5.300000000000001,13.4795,10.4999
2017,5,26,8,0,18.900000000000002,230,51,257,5.7,14.2911,11.1708
2017,5,26,8,30,19.8,254,293,431,5.800000000000001,24.6180,19.2877
2017,5,26,9,0,20.6,309,76,360,5.9,20.9902,16.4718
2017,5,26,9,30,21.3,425,139,528,5.7,31.2744,24.5701
2017,5,26,10,0,22,365,315,618,5.6000000000000005,37.0475,29.1293
2017,5,26,10,30,22.5,134,865,870,5.300000000000001,52.6245,41.4012
2017,5,26,11,0,23.1,135,879,917,5.1000000000000005,55.8283,43.9395
2017,5,26,11,30,23.5,136,886,949,4.800000000000001,58.0263,45.6815
2017,5,26,12,0,24,290,601,850,4.6000000000000005,52.0971,41.0197
2017,5,26,12,30,24.200000000000003,405,453,829,4.3,50.8388,40.0303
2017,5,26,13,0,24.5,352,477,795,4.1000000000000005,48.6946,38.3392
2017,5,26,13,30,24.6,127,900,945,3.9000000000000004,57.7053,45.4252
2017,5,26,14,0,24.700000000000003,397,345,700,3.7,42.5287,33.4678
2017,5,26,14,30,24.6,364,353,659,3.6,39.7451,31.2627
2017,5,26,15,0,24.6,118,868,797,3.5,47.5898,37.4086
2017,5,26,15,30,24.400000000000002,113,847,724,3.3000000000000003,42.6618,33.5041
2017,5,26,16,0,24.200000000000003,107,825,645,3.2,37.3536,29.2978
2017,5,26,16,30,23.8,101,791,556,2.9000000000000004,31.4798,24.6458
2017,5,26,17,0,23.3,91,752,462,2.6,25.3982,19.8314
2017,5,26,17,30,22.400000000000002,82,698,366,2.1,19.3688,15.0626
2017,5,26,18,0,21.5,71,624,269,1.6,13.5791,10.4939
2017,5,26,18,30,19.700000000000003,58,520,176,1.4000000000000001,8.4764,6.4912
2017,5,26,19,0,18,41,368,91,1.2000000000000002,0.0000,0.0000
2017,5,26,19,30,16.900000000000002,19,141,26,1.3,0.0000,0.0000
2017,5,26,20,0,15.9,0,0,0,1.3,0.0000,0.0000
2017,5,26,20,30,15.4,0,0,0,1.4000000000000001,0.0000,0.0000
2017,5,26,21,0,14.9,0,0,0,1.4000000000000001,0.0000,0.0000
2017,5,26,21,30,14.5,0,0,0,1.4000000000000001,0.0000,0.0000
2017,5,26,22,0,14.100000000000001,0,0,0,1.4000000000000001,0.0000,0.0000
2017,5,26,22,30,13.700000000000001,0,0,0,1.4000000000000001,0.0000,0.0000
2017,5,26,23,0,13.3,0,0,0,1.3,0.0000,0.0000
2017,5,26,23,30,13.100000000000001,0,0,0,1.3,0.0000,0.0000
2017,5,27,0,0,12.9,0,0,0,1.3,0.0000,0.0000
2017,5,27,0,30,12.8,0,0,0,1.4000000000000001,0.0000,0.0000
2017,5,27,1,0,12.700000000000001,0,0,0,1.5,0.0000,0.0000
2017,5,27,1,30,12.5,0,0,0,1.6,0.0000,0.0000
2017,5,27,2,0,12.4,0,0,0,1.7000000000000002,0.0000,0.0000
2017,5,27,2,30,12.200000000000001,0,0,0,1.6,0.0000,0.0000
2017,5,27,3,0,12.100000000000001,0,0,0,1.6,0.0000,0.0000
2017,5,27,3,30,12,0,0,0,1.5,0.0000,0.0000
2017,5,27,4,0,11.9,0,0,0,1.4000000000000001,0.0000,0.0000
2017,5,27,4,30,12,0,0,0,1.4000000000000001,0.0000,0.0000
2017,5,27,5,0,12,0,0,0,1.4000000000000001,0.0000,0.0000
2017,5,27,5,30,12.5,11,0,11,1.6,0.0000,0.0000
2017,5,27,6,0,13,10,0,10,1.8,0.0000,0.0000
2017,5,27,6,30,13.600000000000001,15,0,15,2.2,0.7339,0.5641
2017,5,27,7,0,14.100000000000001,46,0,46,2.6,2.3654,1.8329
2017,5,27,7,30,14.9,52,0,52,2.9000000000000004,2.7941,2.1766
2017,5,27,8,0,15.600000000000001,235,36,254,3.2,14.1304,11.0457
2017,5,27,8,30,16.7,292,90,347,3.4000000000000004,19.8267,15.5343
2017,5,27,9,0,17.8,333,195,466,3.6,27.1777,21.3278
2017,5,27,9,30,18.5,367,261,561,3.6,33.2366,26.1121
2017,5,27,10,0,19.3,315,424,656,3.7,39.3326,30.9264
2017,5,27,10,30,19.5,336,458,727,3.7,43.9818,34.6020
2017,5,27,11,0,19.8,301,561,801,3.7,48.7730,38.3870
2017,5,27,11,30,19.700000000000003,150,853,934,3.9000000000000004,57.1177,44.9667
2017,5,27,12,0,19.6,139,878,958,4.1000000000000005,58.7248,46.2385
2017,5,27,12,30,19,139,877,961,4.6000000000000005,58.9429,46.4119
2017,5,27,13,0,18.400000000000002,143,867,949,5.1000000000000005,58.1364,45.7735
2017,5,27,13,30,17.7,142,860,924,5.7,56.4326,44.4238
2017,5,27,14,0,17,139,851,887,6.2,53.9004,42.4173
2017,5,27,14,30,16.8,136,839,838,6.1000000000000005,50.5531,39.7647
2017,5,27,15,0,16.6,111,858,784,6.1000000000000005,46.8268,36.8095
2017,5,27,15,30,16.6,106,838,712,5.5,41.9698,32.9615
2017,5,27,16,0,16.6,357,182,476,5,27.5781,21.6312
2017,5,27,16,30,16.7,320,111,384,4.5,21.7534,17.0317
2017,5,27,17,0,16.7,257,45,279,3.9000000000000004,15.3489,11.9855
2017,5,27,17,30,16.400000000000002,105,0,105,3.1,5.5618,4.3257
2017,5,27,18,0,16.1,53,0,53,2.2,2.6787,2.0704
2017,5,27,18,30,15.3,51,0,51,2.1,2.4583,1.8829
2017,5,27,19,0,14.5,30,0,30,1.9000000000000001,0.0000,0.0000
2017,5,27,19,30,14.100000000000001,11,0,11,1.4000000000000001,0.0000,0.0000
2017,5,27,20,0,13.700000000000001,0,0,0,0.8,0.0000,0.0000
2017,5,27,20,30,13.700000000000001,0,0,0,0.6000000000000001,0.0000,0.0000
2017,5,27,21,0,13.8,0,0,0,0.5,0.0000,0.0000
2017,5,27,21,30,13.5,0,0,0,0.6000000000000001,0.0000,0.0000
2017,5,27,22,0,13.200000000000001,0,0,0,0.6000000000000001,0.0000,0.0000
2017,5,27,22,30,12.3,0,0,0,0.9,0.0000,0.0000
2017,5,27,23,0,11.4,0,0,0,1.1,0.0000,0.0000
2017,5,27,23,30,11.200000000000001,0,0,0,1.4000000000000001,0.0000,0.0000
2017,5,28,0,0,10.9,0,0,0,1.7000000000000002,0.0000,0.0000
2017,5,28,0,30,11.200000000000001,0,0,0,2.3000000000000003,0.0000,0.0000
2017,5,28,1,0,11.600000000000001,0,0,0,2.8000000000000003,0.0000,0.0000
2017,5,28,1,30,11.600000000000001,0,0,0,3.3000000000000003,0.0000,0.0000
2017,5,28,2,0,11.700000000000001,0,0,0,3.8000000000000003,0.0000,0.0000
2017,5,28,2,30,11.3,0,0,0,3.8000000000000003,0.0000,0.0000
2017,5,28,3,0,11,0,0,0,3.8000000000000003,0.0000,0.0000
2017,5,28,3,30,10.600000000000001,0,0,0,3.8000000000000003,0.0000,0.0000
2017,5,28,4,0,10.3,0,0,0,3.8000000000000003,0.0000,0.0000
2017,5,28,4,30,10.100000000000001,0,0,0,3.8000000000000003,0.0000,0.0000
2017,5,28,5,0,10,0,0,0,3.8000000000000003,0.0000,0.0000
2017,5,28,5,30,10.700000000000001,29,205,46,3.8000000000000003,0.0000,0.0000
2017,5,28,6,0,11.5,53,388,119,3.7,0.0000,0.0000
2017,5,28,6,30,12.8,71,521,207,3.4000000000000004,10.1347,7.7905
2017,5,28,7,0,14.100000000000001,87,611,302,3.1,15.5390,12.0417
2017,5,28,7,30,16,99,683,400,2.9000000000000004,21.5055,16.7539
2017,5,28,8,0,17.8,110,735,496,2.7,27.6038,21.5785
2017,5,28,8,30,19.6,118,778,589,3.2,33.6639,26.3763
2017,5,28,9,0,21.400000000000002,125,812,676,3.6,39.4341,30.9466
2017,5,28,9,30,22.200000000000003,130,837,756,3.8000000000000003,44.7985,35.1961
2017,5,28,10,0,23.1,135,855,823,4,49.3545,38.8069
2017,5,28,10,30,23.6,389,501,816,4.3,49.3739,38.8446
2017,5,28,11,0,24.1,307,670,905,4.6000000000000005,55.1133,43.3776
2017,5,28,11,30,24.400000000000002,533,212,727,4.9,44.4650,35.0060
2017,5,28,12,0,24.700000000000003,138,897,977,5.2,59.8979,47.1626
2017,5,28,12,30,24.900000000000002,138,898,981,5.4,60.1783,47.3850
2017,5,28,13,0,25.1,134,902,973,5.6000000000000005,59.6159,46.9388
2017,5,28,13,30,25.200000000000003,132,900,952,5.7,58.1526,45.7782
2017,5,28,14,0,25.200000000000003,124,903,919,5.800000000000001,55.8558,43.9566
2017,5,28,14,30,25.1,121,892,868,5.800000000000001,52.3746,41.1981
2017,5,28,15,0,24.900000000000002,116,881,809,5.9,48.3337,37.9947
2017,5,28,15,30,24.5,112,860,735,5.7,43.3399,34.0383
2017,5,28,16,0,24,110,830,654,5.6000000000000005,37.9070,29.7338
2017,5,28,16,30,23.400000000000002,104,798,566,4.9,32.0812,25.1190
2017,5,28,17,0,22.700000000000003,99,747,470,4.3,25.8750,20.2065
2017,5,28,17,30,21.5,90,691,373,3.1,19.7758,15.3824
2017,5,28,18,0,20.3,81,600,274,2,13.8635,10.7175
2017,5,28,18,30,18.900000000000002,66,490,179,1.6,8.6360,6.6165
2017,5,28,19,0,17.5,48,320,93,1.2000000000000002,0.0000,0.0000
2017,5,28,19,30,17,22,110,28,1.2000000000000002,0.0000,0.0000
2017,5,28,20,0,16.5,0,0,0,1.2000000000000002,0.0000,0.0000
2017,5,28,20,30,15.8,0,0,0,1.4000000000000001,0.0000,0.0000
2017,5,28,21,0,15.200000000000001,0,0,0,1.5,0.0000,0.0000
2017,5,28,21,30,14.8,0,0,0,2,0.0000,0.0000
2017,5,28,22,0,14.4,0,0,0,2.4000000000000004,0.0000,0.0000
2017,5,28,22,30,14.3,0,0,0,2.8000000000000003,0.0000,0.0000
2017,5,28,23,0,14.200000000000001,0,0,0,3.3000000000000003,0.0000,0.0000
2017,5,28,23,30,13.8,0,0,0,3.4000000000000004,0.0000,0.0000
2017,5,29,0,0,13.3,0,0,0,3.5,0.0000,0.0000
2017,5,29,0,30,12.600000000000001,0,0,0,3.1,0.0000,0.0000
2017,5,29,1,0,12,0,0,0,2.8000000000000003,0.0000,0.0000
2017,5,29,1,30,11.5,0,0,0,2.5,0.0000,0.0000
2017,5,29,2,0,11,0,0,0,2.3000000000000003,0.0000,0.0000
2017,5,29,2,30,10.700000000000001,0,0,0,2.2,0.0000,0.0000
2017,5,29,3,0,10.5,0,0,0,2.2,0.0000,0.0000
2017,5,29,3,30,10.200000000000001,0,0,0,2.2,0.0000,0.0000
2017,5,29,4,0,9.9,0,0,0,2.1,0.0000,0.0000
2017,5,29,4,30,10,0,0,0,2.3000000000000003,0.0000,0.0000
2017,5,29,5,0,10.100000000000001,0,0,0,2.4000000000000004,0.0000,0.0000
2017,5,29,5,30,11.200000000000001,28,284,52,2.9000000000000004,0.0000,0.0000
2017,5,29,6,0,12.200000000000001,45,489,129,3.4000000000000004,0.0000,0.0000
2017,5,29,6,30,13.5,58,618,221,3.3000000000000003,10.8278,8.3245
2017,5,29,7,0,14.700000000000001,67,714,319,3.2,16.4238,12.7284
2017,5,29,7,30,16.2,76,778,418,3.5,22.4828,17.5160
2017,5,29,8,0,17.6,82,824,515,3.8000000000000003,28.6720,22.4143
2017,5,29,8,30,18.400000000000002,87,860,609,4.2,34.8171,27.2805
2017,5,29,9,0,19.200000000000003,91,890,697,4.6000000000000005,40.6683,31.9157
2017,5,29,9,30,19.700000000000003,96,912,777,5,46.0511,36.1806
2017,5,29,10,0,20.200000000000003,98,929,847,5.4,50.8018,39.9453
2017,5,29,10,30,20.5,101,942,906,5.7,54.8274,43.1355
2017,5,29,11,0,20.8,103,951,952,6,57.9837,45.6372
2017,5,29,11,30,21,105,958,986,6.2,60.3137,47.4835
2017,5,29,12,0,21.200000000000003,113,947,999,6.4,61.2552,48.2317
2017,5,29,12,30,21.3,113,948,1004,6.4,61.5974,48.5029
2017,5,29,13,0,21.5,109,951,996,6.5,61.0345,48.0562
2017,5,29,13,30,21.5,108,947,972,6.4,59.3843,46.7483
2017,5,29,14,0,21.5,296,688,902,6.4,54.8331,43.1523
2017,5,29,14,30,21.400000000000002,396,10,404,6.300000000000001,24.3825,19.1797
2017,5,29,15,0,21.3,435,279,654,6.2,39.0833,30.7236
2017,5,29,15,30,21,363,37,390,6,23.0043,18.0675
2017,5,29,16,0,20.8,97,863,663,5.800000000000001,38.4449,30.1566
2017,5,29,16,30,20.400000000000002,91,831,573,5.4,32.4942,25.4434
2017,5,29,17,0,20,85,788,478,5.1000000000000005,26.3341,20.5664
2017,5,29,17,30,19.1,77,734,380,4.2,20.1654,15.6871
2017,5,29,18,0,18.3,71,646,279,3.4000000000000004,14.1321,10.9269
2017,5,29,18,30,16.6,58,541,184,2.6,8.8850,6.8087
2017,5,29,19,0,15,44,364,97,1.9000000000000001,0.0000,0.0000
2017,5,29,19,30,13.9,22,142,30,1.7000000000000002,0.0000,0.0000
2017,5,29,20,0,12.9,0,0,0,1.6,0.0000,0.0000
2017,5,29,20,30,12.5,0,0,0,1.5,0.0000,0.0000
2017,5,29,21,0,12,0,0,0,1.4000000000000001,0.0000,0.0000
2017,5,29,21,30,11.700000000000001,0,0,0,1.3,0.0000,0.0000
2017,5,29,22,0,11.5,0,0,0,1.2000000000000002,0.0000,0.0000
2017,5,29,22,30,11.700000000000001,0,0,0,1.1,0.0000,0.0000
2017,5,29,23,0,11.8,0,0,0,1.1,0.0000,0.0000
2017,5,29,23,30,12,0,0,0,1,0.0000,0.0000
2017,5,30,0,0,12.100000000000001,0,0,0,0.9,0.0000,0.0000
2017,5,30,0,30,11.600000000000001,0,0,0,1,0.0000,0.0000
2017,5,30,1,0,11,0,0,0,1.1,0.0000,0.0000
2017,5,30,1,30,10.200000000000001,0,0,0,1.2000000000000002,0.0000,0.0000
2017,5,30,2,0,9.5,0,0,0,1.2000000000000002,0.0000,0.0000
2017,5,30,2,30,9.200000000000001,0,0,0,1.3,0.0000,0.0000
2017,5,30,3,0,8.8,0,0,0,1.4000000000000001,0.0000,0.0000
2017,5,30,3,30,8.8,0,0,0,1.6,0.0000,0.0000
2017,5,30,4,0,8.8,0,0,0,1.8,0.0000,0.0000
2017,5,30,4,30,9.200000000000001,0,0,0,2,0.0000,0.0000
2017,5,30,5,0,9.700000000000001,0,0,0,2.2,0.0000,0.0000
2017,5,30,5,30,10.9,32,202,49,2.8000000000000003,0.0000,0.0000
2017,5,30,6,0,12.100000000000001,53,411,124,3.3000000000000003,5.9126,4.5058
2017,5,30,6,30,13.3,69,545,213,3.3000000000000003,10.4414,8.0282
2017,5,30,7,0,14.4,79,656,311,3.3000000000000003,16.0218,12.4179
2017,5,30,7,30,16.3,90,729,412,3.4000000000000004,22.1709,17.2739
2017,5,30,8,0,18.1,94,791,511,3.5,28.4586,22.2481
2017,5,30,8,30,19.3,101,830,605,3.9000000000000004,34.5970,27.1086
2017,5,30,9,0,20.6,104,866,694,4.2,40.5024,31.7860
2017,5,30,9,30,21.1,109,889,774,4.4,45.8814,36.0477
2017,5,30,10,0,21.700000000000003,111,910,845,4.6000000000000005,50.6889,39.8569
2017,5,30,10,30,22.1,114,924,904,4.7,54.7133,43.0461
2017,5,30,11,0,22.5,116,935,951,4.800000000000001,57.9302,45.5954
2017,5,30,11,30,22.8,117,942,985,4.800000000000001,60.2601,47.4417
2017,5,30,12,0,23.1,116,949,1005,4.800000000000001,61.6304,48.5275
2017,5,30,12,30,23.3,117,950,1010,4.800000000000001,61.9738,48.7996
2017,5,30,13,0,23.5,114,951,1001,4.800000000000001,61.3497,48.3048
2017,5,30,13,30,23.6,113,944,974,4.7,59.5158,46.8523
2017,5,30,14,0,23.700000000000003,111,935,937,4.7,56.9717,44.8358
2017,5,30,14,30,23.700000000000003,109,925,886,4.6000000000000005,53.4835,42.0715
2017,5,30,15,0,23.700000000000003,105,911,824,4.5,49.2553,38.7205
2017,5,30,15,30,23.5,102,892,750,4.3,44.2522,34.7564
2017,5,30,16,0,23.3,95,871,668,4.1000000000000005,38.7497,30.3966
2017,5,30,16,30,22.8,89,840,578,3.7,32.7955,25.6805
2017,5,30,17,0,22.400000000000002,84,798,482,3.2,26.5717,20.7533
2017,5,30,17,30,21.3,76,745,384,2.4000000000000004,20.3947,15.8670
2017,5,30,18,0,20.200000000000003,69,663,284,1.6,14.4012,11.1369
2017,5,30,18,30,18.400000000000002,57,563,189,1.4000000000000001,9.1346,7.0016
2017,5,30,19,0,16.6,41,417,102,1.2000000000000002,0.0000,0.0000
2017,5,30,19,30,15.5,21,206,33,1.3,0.0000,0.0000
2017,5,30,20,0,14.4,0,0,0,1.3,0.0000,0.0000
2017,5,30,20,30,13.9,0,0,0,1.3,0.0000,0.0000
2017,5,30,21,0,13.3,0,0,0,1.4000000000000001,0.0000,0.0000
2017,5,30,21,30,12.8,0,0,0,1.3,0.0000,0.0000
2017,5,30,22,0,12.200000000000001,0,0,0,1.3,0.0000,0.0000
2017,5,30,22,30,11.700000000000001,0,0,0,1.3,0.0000,0.0000
2017,5,30,23,0,11.200000000000001,0,0,0,1.3,0.0000,0.0000
2017,5,30,23,30,10.700000000000001,0,0,0,1.3,0.0000,0.0000
2017,5,31,0,0,10.200000000000001,0,0,0,1.2000000000000002,0.0000,0.0000
2017,5,31,0,30,9.9,0,0,0,1.2000000000000002,0.0000,0.0000
2017,5,31,1,0,9.5,0,0,0,1.2000000000000002,0.0000,0.0000
2017,5,31,1,30,9.200000000000001,0,0,0,1.2000000000000002,0.0000,0.0000
2017,5,31,2,0,8.8,0,0,0,1.2000000000000002,0.0000,0.0000
2017,5,31,2,30,8.6,0,0,0,1.2000000000000002,0.0000,0.0000
2017,5,31,3,0,8.3,0,0,0,1.2000000000000002,0.0000,0.0000
2017,5,31,3,30,8.1,0,0,0,1.2000000000000002,0.0000,0.0000
2017,5,31,4,0,8,0,0,0,1.1,0.0000,0.0000
2017,5,31,4,30,8.200000000000001,0,0,0,1.1,0.0000,0.0000
2017,5,31,5,0,8.4,0,0,0,1.1,0.0000,0.0000
2017,5,31,5,30,9.9,31,229,51,1.5,0.0000,0.0000
2017,5,31,6,0,11.3,52,421,126,1.9000000000000001,6.0074,4.5783
2017,5,31,6,30,12.4,69,554,216,1.9000000000000001,10.5951,8.1474
2017,5,31,7,0,13.4,82,649,312,1.9000000000000001,16.0817,12.4652
2017,5,31,7,30,15.3,92,719,410,2,22.0726,17.1981
2017,5,31,8,0,17.1,100,773,508,2.1,28.3006,22.1253
2017,5,31,8,30,18.2,107,813,602,2.1,34.4340,26.9814
2017,5,31,9,0,19.3,110,848,689,2.1,40.2183,31.5635
2017,5,31,9,30,20,115,872,768,2,45.5325,35.7740
2017,5,31,10,0,20.700000000000003,119,890,838,1.9000000000000001,50.2760,39.5326
2017,5,31,10,30,21.200000000000003,123,904,897,1.8,54.2965,42.7185
2017,5,31,11,0,21.8,125,916,943,1.7000000000000002,57.4494,45.2173
2017,5,31,11,30,22.3,126,920,974,1.6,59.5940,46.9176
2017,5,31,12,0,22.8,113,944,998,1.6,61.2084,48.1956
2017,5,31,12,30,23.1,263,634,860,1.5,52.7762,41.5575
2017,5,31,13,0,23.400000000000002,361,491,819,1.5,50.2018,39.5276
2017,5,31,13,30,23.6,351,456,768,1.4000000000000001,46.9355,36.9492
2017,5,31,14,0,23.8,114,919,926,1.4000000000000001,56.3120,44.3171
2017,5,31,14,30,23.900000000000002,112,906,874,1.3,52.7708,41.5114
2017,5,31,15,0,23.900000000000002,332,402,649,1.3,38.8045,30.5055
2017,5,31,15,30,23.8,373,195,515,1.2000000000000002,30.3964,23.8744
2017,5,31,16,0,23.700000000000003,359,134,447,1.1,25.9397,20.3486
2017,5,31,16,30,23.400000000000002,280,84,329,1,18.6766,14.6253
2017,5,31,17,0,23.1,255,76,293,1,16.1629,12.6245
2017,5,31,17,30,22.400000000000002,206,224,299,1,15.8935,12.3662
2017,5,31,18,0,21.8,166,83,193,1,9.7966,7.5771
2017,5,31,18,30,20.3,114,28,121,0.9,5.8529,4.4871
2017,5,31,19,0,18.8,39,1,39,0.9,0.0000,0.0000
2017,5,31,19,30,17.8,22,1,22,1,0.0000,0.0000
2017,5,31,20,0,16.8,0,0,0,1.1,0.0000,0.0000
2017,5,31,20,30,16.2,0,0,0,1.2000000000000002,0.0000,0.0000
2017,5,31,21,0,15.5,0,0,0,1.2000000000000002,0.0000,0.0000
2017,5,31,21,30,15,0,0,0,1.2000000000000002,0.0000,0.0000
2017,5,31,22,0,14.5,0,0,0,1.2000000000000002,0.0000,0.0000
2017,5,31,22,30,14.100000000000001,0,0,0,1.3,0.0000,0.0000
2017,5,31,23,0,13.8,0,0,0,1.3,0.0000,0.0000
2017,5,31,23,30,13.5,0,0,0,1.3,0.0000,0.0000
2017,6,1,0,0,13.3,0,0,0,1.4000000000000001,0.0000,0.0000
2017,6,1,0,30,13,0,0,0,1.3,0.0000,0.0000
2017,6,1,1,0,12.8,0,0,0,1.3,0.0000,0.0000
2017,6,1,1,30,12.600000000000001,0,0,0,1.3,0.0000,0.0000
2017,6,1,2,0,12.3,0,0,0,1.3,0.0000,0.0000
2017,6,1,2,30,12.200000000000001,0,0,0,1.3,0.0000,0.0000
2017,6,1,3,0,12,0,0,0,1.3,0.0000,0.0000
2017,6,1,3,30,11.9,0,0,0,1.2000000000000002,0.0000,0.0000
2017,6,1,4,0,11.9,0,0,0,1.2000000000000002,0.0000,0.0000
2017,6,1,4,30,12.100000000000001,0,0,0,1.1,0.0000,0.0000
2017,6,1,5,0,12.3,0,0,0,1.1,0.0000,0.0000
2017,6,1,5,30,13.600000000000001,33,166,47,1.4000000000000001,0.0000,0.0000
2017,6,1,6,0,14.9,60,329,117,1.7000000000000002,5.5777,4.2511
2017,6,1,6,30,15.8,81,458,203,1.9000000000000001,9.9627,7.6619
2017,6,1,7,0,16.7,98,554,295,2.1,15.2121,11.7919
2017,6,1,7,30,18.400000000000002,111,627,390,2.3000000000000003,21.0032,16.3655
2017,6,1,8,0,20,122,684,483,2.4000000000000004,26.9151,21.0426
2017,6,1,8,30,21.400000000000002,130,728,573,2.7,32.7820,25.6874
2017,6,1,9,0,22.700000000000003,135,767,659,2.9000000000000004,38.4733,30.1944
2017,6,1,9,30,23.5,142,794,737,3,43.7012,34.3355
2017,6,1,10,0,24.3,144,820,806,3.2,48.3619,38.0278
2017,6,1,10,30,24.8,148,835,864,3.3000000000000003,52.3047,41.1517
2017,6,1,11,0,25.400000000000002,150,850,910,3.5,55.4446,43.6396
2017,6,1,11,30,25.8,152,856,941,3.6,57.5809,45.3330
2017,6,1,12,0,26.200000000000003,131,892,967,3.7,59.3136,46.7039
2017,6,1,12,30,26.5,131,893,972,3.8000000000000003,59.6567,46.9757
2017,6,1,13,0,26.700000000000003,131,891,963,3.8000000000000003,59.0363,46.4840
2017,6,1,13,30,26.8,129,884,938,3.9000000000000004,57.3337,45.1354
2017,6,1,14,0,26.900000000000002,129,873,901,3.9000000000000004,54.8013,43.1287
2017,6,1,14,30,26.900000000000002,472,190,633,3.8000000000000003,38.2273,30.0714
2017,6,1,15,0,26.8,404,94,479,3.8000000000000003,28.6467,22.5204
2017,6,1,15,30,26.8,120,820,718,3.7,42.3905,33.2956
2017,6,1,16,0,26.700000000000003,115,791,638,3.7,37.0377,29.0553
2017,6,1,16,30,26.3,109,757,551,3.5,31.2930,24.5059
2017,6,1,17,0,25.900000000000002,104,705,458,3.4000000000000004,25.2810,19.7477
2017,6,1,17,30,25.200000000000003,94,647,364,2.9000000000000004,19.3646,15.0684
2017,6,1,18,0,24.5,173,153,223,2.5,11.3308,8.7650
2017,6,1,18,30,23.3,126,86,147,2.3000000000000003,7.1166,5.4570
2017,6,1,19,0,22.200000000000003,50,303,95,2.1,0.0000,0.0000
2017,6,1,19,30,21.6,24,122,31,2.4000000000000004,0.0000,0.0000
2017,6,1,20,0,21,0,0,0,2.6,0.0000,0.0000
2017,6,1,20,30,20.700000000000003,0,0,0,2.9000000000000004,0.0000,0.0000
2017,6,1,21,0,20.5,0,0,0,3.1,0.0000,0.0000
2017,6,1,21,30,20.1,0,0,0,3.3000000000000003,0.0000,0.0000
2017,6,1,22,0,19.8,0,0,0,3.4000000000000004,0.0000,0.0000
2017,6,1,22,30,19.400000000000002,0,0,0,3.4000000000000004,0.0000,0.0000
2017,6,1,23,0,19.1,0,0,0,3.4000000000000004,0.0000,0.0000
2017,6,1,23,30,18.7,0,0,0,3.3000000000000003,0.0000,0.0000
2017,6,2,0,0,18.400000000000002,0,0,0,3.2,0.0000,0.0000
2017,6,2,0,30,18.1,0,0,0,3.1,0.0000,0.0000
2017,6,2,1,0,17.8,0,0,0,3,0.0000,0.0000
2017,6,2,1,30,17.8,0,0,0,3.1,0.0000,0.0000
2017,6,2,2,0,17.7,0,0,0,3.2,0.0000,0.0000
2017,6,2,2,30,17.7,0,0,0,3.1,0.0000,0.0000
2017,6,2,3,0,17.7,0,0,0,3,0.0000,0.0000
2017,6,2,3,30,17.6,0,0,0,2.9000000000000004,0.0000,0.0000
2017,6,2,4,0,17.5,0,0,0,2.7,0.0000,0.0000
2017,6,2,4,30,17.7,0,0,0,2.8000000000000003,0.0000,0.0000
2017,6,2,5,0,17.900000000000002,0,0,0,2.8000000000000003,0.0000,0.0000
2017,6,2,5,30,18.7,33,167,48,3.2,0.0000,0.0000
2017,6,2,6,0,19.5,57,354,120,3.5,5.7204,4.3601
2017,6,2,6,30,20.5,75,483,204,3.6,10.0163,7.7038
2017,6,2,7,0,21.6,88,588,297,3.6,15.3219,11.8777
2017,6,2,7,30,22.700000000000003,99,658,392,3.8000000000000003,21.1182,16.4557
2017,6,2,8,0,23.8,107,717,487,3.9000000000000004,27.1452,21.2231
2017,6,2,8,30,24.900000000000002,115,758,577,4.1000000000000005,33.0176,25.8725
2017,6,2,9,0,25.900000000000002,120,795,663,4.3,38.7130,30.3828
2017,6,2,9,30,26.900000000000002,125,820,740,4.5,43.8846,34.4799
2017,6,2,10,0,27.900000000000002,129,842,809,4.7,48.5476,38.1741
2017,6,2,10,30,28.5,132,856,866,4.9,52.4315,41.2518
2017,6,2,11,0,29.200000000000003,134,872,914,5,55.6939,43.8361
2017,6,2,11,30,29.6,135,879,947,5.1000000000000005,57.9534,45.6266
2017,6,2,12,0,30,127,896,968,5.2,59.3814,46.7575
2017,6,2,12,30,30.200000000000003,128,899,975,5.2,59.8475,47.1263
2017,6,2,13,0,30.400000000000002,124,902,967,5.2,59.2887,46.6831
2017,6,2,13,30,30.400000000000002,318,641,905,5.1000000000000005,55.3239,43.5535
2017,6,2,14,0,30.400000000000002,117,897,911,5.1000000000000005,55.4185,43.6148
2017,6,2,14,30,30.3,115,886,862,5,52.0664,40.9583
2017,6,2,15,0,30.1,109,876,802,4.9,47.9749,37.7158
2017,6,2,15,30,29.8,105,857,731,4.800000000000001,43.1696,33.9082
2017,6,2,16,0,29.5,98,836,652,4.7,37.8647,29.7050
2017,6,2,16,30,28.900000000000002,92,805,564,4.3,32.0470,25.0974
2017,6,2,17,0,28.3,85,768,472,4,26.0689,20.3642
2017,6,2,17,30,27.3,76,716,376,3.5,20.0195,15.5795
2017,6,2,18,0,26.200000000000003,67,648,281,3.1,14.2921,11.0575
2017,6,2,18,30,24.900000000000002,56,552,188,2.9000000000000004,9.1093,6.9865
2017,6,2,19,0,23.6,41,416,104,2.8000000000000003,0.0000,0.0000
2017,6,2,19,30,22.900000000000002,22,213,36,3,0.0000,0.0000
2017,6,2,20,0,22.200000000000003,0,0,0,3.2,0.0000,0.0000
2017,6,2,20,30,21.8,0,0,0,3.4000000000000004,0.0000,0.0000
2017,6,2,21,0,21.5,0,0,0,3.6,0.0000,0.0000
2017,6,2,21,30,21,0,0,0,3.5,0.0000,0.0000
2017,6,2,22,0,20.6,0,0,0,3.4000000000000004,0.0000,0.0000
2017,6,2,22,30,20,0,0,0,3.1,0.0000,0.0000
2017,6,2,23,0,19.5,0,0,0,2.8000000000000003,0.0000,0.0000
2017,6,2,23,30,19.200000000000003,0,0,0,2.7,0.0000,0.0000
2017,6,3,0,0,18.900000000000002,0,0,0,2.6,0.0000,0.0000
2017,6,3,0,30,18.7,0,0,0,2.5,0.0000,0.0000
2017,6,3,1,0,18.5,0,0,0,2.5,0.0000,0.0000
2017,6,3,1,30,18.3,0,0,0,2.4000000000000004,0.0000,0.0000
2017,6,3,2,0,18,0,0,0,2.4000000000000004,0.0000,0.0000
2017,6,3,2,30,17.8,0,0,0,2.4000000000000004,0.0000,0.0000
2017,6,3,3,0,17.5,0,0,0,2.3000000000000003,0.0000,0.0000
2017,6,3,3,30,17.2,0,0,0,2.3000000000000003,0.0000,0.0000
2017,6,3,4,0,16.900000000000002,0,0,0,2.2,0.0000,0.0000
2017,6,3,4,30,17.1,0,0,0,2.4000000000000004,0.0000,0.0000
2017,6,3,5,0,17.3,0,0,0,2.6,0.0000,0.0000
2017,6,3,5,30,18.2,29,277,54,3,0.0000,0.0000
2017,6,3,6,0,19.1,47,455,128,3.3000000000000003,6.1014,4.6508
2017,6,3,6,30,20.200000000000003,61,579,216,3.2,10.6103,8.1613
2017,6,3,7,0,21.3,72,665,309,3.1,15.9480,12.3637
2017,6,3,7,30,22.8,81,729,405,3.2,21.8246,17.0067
2017,6,3,8,0,24.400000000000002,88,777,500,3.4000000000000004,27.8758,21.7947
2017,6,3,8,30,25.400000000000002,94,814,591,3.3000000000000003,33.8243,26.5049
2017,6,3,9,0,26.400000000000002,99,842,675,3.3000000000000003,39.4187,30.9370
2017,6,3,9,30,27,104,865,753,3.2,44.6600,35.0894
2017,6,3,10,0,27.6,106,882,820,3.2,49.2125,38.6972
2017,6,3,10,30,28.1,109,896,877,3.2,53.1025,41.7799
2017,6,3,11,0,28.700000000000003,111,904,921,3.3000000000000003,56.1261,44.1766
2017,6,3,11,30,29,112,911,953,3.2,58.3260,45.9202
2017,6,3,12,0,29.400000000000002,133,883,963,3.2,59.0804,46.5209
2017,6,3,12,30,29.6,133,885,968,3.1,59.4240,46.7931
2017,6,3,13,0,29.900000000000002,133,880,957,3.1,58.6826,46.2062
2017,6,3,13,30,29.900000000000002,132,873,932,2.9000000000000004,56.9825,44.8596
2017,6,3,14,0,30,130,864,896,2.8000000000000003,54.5147,42.9040
2017,6,3,14,30,29.900000000000002,127,853,847,2.6,51.1697,40.2534
2017,6,3,15,0,29.900000000000002,315,556,756,2.5,45.2336,35.5613
2017,6,3,15,30,29.700000000000003,118,815,715,2.3000000000000003,42.2372,33.1765
2017,6,3,16,0,29.5,335,297,532,2.1,30.9063,24.2468
2017,6,3,16,30,29.1,320,76,365,1.8,20.7488,16.2499
2017,6,3,17,0,28.700000000000003,101,707,459,1.5,25.3655,19.8158
2017,6,3,17,30,27.900000000000002,166,371,322,1.3,17.1572,13.3531
2017,6,3,18,0,27.1,80,573,270,1.1,13.7452,10.6357
2017,6,3,18,30,26,66,473,180,1,8.7293,6.6964
2017,6,3,19,0,25,75,55,83,0.9,0.0000,0.0000
2017,6,3,19,30,24.3,27,2,28,0.9,0.0000,0.0000
2017,6,3,20,0,23.700000000000003,0,0,0,1,0.0000,0.0000
2017,6,3,20,30,23.200000000000003,0,0,0,1,0.0000,0.0000
2017,6,3,21,0,22.8,0,0,0,1.1,0.0000,0.0000
2017,6,3,21,30,22.400000000000002,0,0,0,1.1,0.0000,0.0000
2017,6,3,22,0,22,0,0,0,1.2000000000000002,0.0000,0.0000
2017,6,3,22,30,21.700000000000003,0,0,0,1.2000000000000002,0.0000,0.0000
2017,6,3,23,0,21.400000000000002,0,0,0,1.2000000000000002,0.0000,0.0000
2017,6,3,23,30,21.1,0,0,0,1.2000000000000002,0.0000,0.0000
2017,6,4,0,0,20.8,0,0,0,1.2000000000000002,0.0000,0.0000
2017,6,4,0,30,20.5,0,0,0,1.2000000000000002,0.0000,0.0000
2017,6,4,1,0,20.1,0,0,0,1.2000000000000002,0.0000,0.0000
2017,6,4,1,30,19.700000000000003,0,0,0,1.1,0.0000,0.0000
2017,6,4,2,0,19.3,0,0,0,1.1,0.0000,0.0000
2017,6,4,2,30,19,0,0,0,1.1,0.0000,0.0000
2017,6,4,3,0,18.6,0,0,0,1,0.0000,0.0000
2017,6,4,3,30,18.3,0,0,0,1,0.0000,0.0000
2017,6,4,4,0,18,0,0,0,1,0.0000,0.0000
2017,6,4,4,30,18.2,0,0,0,1.1,0.0000,0.0000
2017,6,4,5,0,18.3,0,0,0,1.2000000000000002,0.0000,0.0000
2017,6,4,5,30,19.3,30,230,51,1.8,0.0000,0.0000
2017,6,4,6,0,20.3,50,411,123,2.3000000000000003,5.8629,4.4692
2017,6,4,6,30,21,65,536,209,2.4000000000000004,10.2701,7.9002
2017,6,4,7,0,21.8,77,632,303,2.4000000000000004,15.6437,12.1284
2017,6,4,7,30,23.3,86,698,397,2.4000000000000004,21.3995,16.6758
2017,6,4,8,0,24.8,94,752,493,2.4000000000000004,27.4899,21.4933
2017,6,4,8,30,26,101,791,584,2.5,33.4291,26.1956
2017,6,4,9,0,27.200000000000003,106,823,669,2.6,39.0733,30.6662
2017,6,4,9,30,28,110,847,746,2.6,44.2492,34.7669
2017,6,4,10,0,28.8,114,867,816,2.6,48.9773,38.5125
2017,6,4,10,30,29.3,117,879,872,2.6,52.8038,41.5452
2017,6,4,11,0,29.900000000000002,119,890,917,2.6,55.8865,43.9882
2017,6,4,11,30,30.200000000000003,121,897,950,2.5,58.1478,45.7801
2017,6,4,12,0,30.6,125,897,968,2.5,59.3925,46.7668
2017,6,4,12,30,30.8,125,898,973,2.4000000000000004,59.7370,47.0399
2017,6,4,13,0,30.900000000000002,125,896,964,2.4000000000000004,59.1183,46.5496
2017,6,4,13,30,31,123,889,939,2.3000000000000003,57.4179,45.2027
2017,6,4,14,0,31,122,880,903,2.3000000000000003,54.9486,43.2458
2017,6,4,14,30,30.900000000000002,119,869,854,2.2,51.6020,40.5940
2017,6,4,15,0,30.8,117,852,794,2.1,47.5172,37.3571
2017,6,4,15,30,30.700000000000003,285,580,711,2.1,42.0120,33.0003
2017,6,4,16,0,30.5,110,805,645,2,37.4838,29.4077
2017,6,4,16,30,30.200000000000003,251,505,549,1.8,31.2223,24.4533
2017,6,4,17,0,29.900000000000002,97,728,467,1.6,25.8225,20.1739
2017,6,4,17,30,29.200000000000003,88,673,372,1.5,19.8361,15.4393
2017,6,4,18,0,28.5,77,603,279,1.3,14.2163,11.0016
2017,6,4,18,30,26.900000000000002,64,506,187,1.1,9.0760,6.9636
2017,6,4,19,0,25.3,47,372,104,0.9,0.0000,0.0000
2017,6,4,19,30,24.6,26,0,26,1,0.0000,0.0000
2017,6,4,20,0,23.8,0,0,0,1.1,0.0000,0.0000
2017,6,4,20,30,23.3,0,0,0,1.1,0.0000,0.0000
2017,6,4,21,0,22.900000000000002,0,0,0,1.1,0.0000,0.0000
2017,6,4,21,30,22.5,0,0,0,1.1,0.0000,0.0000
2017,6,4,22,0,22.1,0,0,0,1.1,0.0000,0.0000
2017,6,4,22,30,21.8,0,0,0,1,0.0000,0.0000
2017,6,4,23,0,21.6,0,0,0,1,0.0000,0.0000
2017,6,4,23,30,21.400000000000002,0,0,0,1,0.0000,0.0000
2017,6,5,0,0,21.1,0,0,0,0.9,0.0000,0.0000
2017,6,5,0,30,20.900000000000002,0,0,0,0.9,0.0000,0.0000
2017,6,5,1,0,20.700000000000003,0,0,0,0.9,0.0000,0.0000
2017,6,5,1,30,20.5,0,0,0,0.9,0.0000,0.0000
2017,6,5,2,0,20.3,0,0,0,0.8,0.0000,0.0000
2017,6,5,2,30,20.200000000000003,0,0,0,0.8,0.0000,0.0000
2017,6,5,3,0,20.1,0,0,0,0.8,0.0000,0.0000
2017,6,5,3,30,20.1,0,0,0,0.8,0.0000,0.0000
2017,6,5,4,0,20,0,0,0,0.7000000000000001,0.0000,0.0000
2017,6,5,4,30,20,0,0,0,0.6000000000000001,0.0000,0.0000
2017,6,5,5,0,20,0,0,0,0.6000000000000001,0.0000,0.0000
2017,6,5,5,30,20.8,30,241,53,0.7000000000000001,0.0000,0.0000
2017,6,5,6,0,21.5,51,423,126,0.8,6.0057,4.5783
2017,6,5,6,30,22.200000000000003,66,551,214,0.9,10.5196,8.0927
2017,6,5,7,0,22.8,78,642,308,1.1,15.9060,12.3322
2017,6,5,7,30,24.1,88,709,404,1.3,21.7813,16.9738
2017,6,5,8,0,25.400000000000002,97,757,499,1.5,27.8304,21.7599
2017,6,5,8,30,26.6,104,796,591,1.8,33.8340,26.5131
2017,6,5,9,0,27.8,111,825,676,2,39.4859,30.9902
2017,6,5,9,30,28.700000000000003,116,849,754,2.1,44.7282,35.1434
2017,6,5,10,0,29.5,120,868,823,2.2,49.4013,38.8461
2017,6,5,10,30,30.1,123,882,881,2.3000000000000003,53.3530,41.9774
2017,6,5,11,0,30.6,125,894,927,2.4000000000000004,56.5002,44.4714
2017,6,5,11,30,31,126,901,959,2.6,58.7028,46.2173
2017,6,5,12,0,31.400000000000002,114,925,984,2.7,60.3789,47.5438
2017,6,5,12,30,31.5,114,927,990,2.9000000000000004,60.7863,47.8665
2017,6,5,13,0,31.700000000000003,113,927,981,3,60.1674,47.3760
2017,6,5,13,30,31.6,111,922,958,3.2,58.5866,46.1232
2017,6,5,14,0,31.6,109,917,922,3.3000000000000003,56.1129,44.1626
2017,6,5,14,30,31.5,106,906,873,3.4000000000000004,52.7588,41.5044
2017,6,5,15,0,31.3,108,882,810,3.5,48.4849,38.1184
2017,6,5,15,30,30.900000000000002,104,863,739,3.5,43.6781,34.3096
2017,6,5,16,0,30.6,99,843,660,3.5,38.3686,30.1026
2017,6,5,16,30,29.900000000000002,93,812,573,3.2,32.6015,25.5344
2017,6,5,17,0,29.1,87,772,480,2.9000000000000004,26.5564,20.7484
2017,6,5,17,30,27.900000000000002,79,720,384,2.6,20.4911,15.9505
2017,6,5,18,0,26.6,69,652,288,2.3000000000000003,14.6882,11.3683
2017,6,5,18,30,25,58,556,194,2.2,9.4234,7.2315
2017,6,5,19,0,23.400000000000002,43,422,109,2.1,0.0000,0.0000
2017,6,5,19,30,22.400000000000002,23,223,39,2.2,0.0000,0.0000
2017,6,5,20,0,21.400000000000002,0,0,0,2.3000000000000003,0.0000,0.0000
2017,6,5,20,30,20.900000000000002,0,0,0,2.4000000000000004,0.0000,0.0000
2017,6,5,21,0,20.400000000000002,0,0,0,2.5,0.0000,0.0000
2017,6,5,21,30,20,0,0,0,2.6,0.0000,0.0000
2017,6,5,22,0,19.5,0,0,0,2.7,0.0000,0.0000
2017,6,5,22,30,19,0,0,0,2.7,0.0000,0.0000
2017,6,5,23,0,18.5,0,0,0,2.7,0.0000,0.0000
2017,6,5,23,30,18.2,0,0,0,2.7,0.0000,0.0000
2017,6,6,0,0,17.900000000000002,0,0,0,2.8000000000000003,0.0000,0.0000
2017,6,6,0,30,17.7,0,0,0,2.9000000000000004,0.0000,0.0000
2017,6,6,1,0,17.5,0,0,0,2.9000000000000004,0.0000,0.0000
2017,6,6,1,30,17.400000000000002,0,0,0,3,0.0000,0.0000
2017,6,6,2,0,17.2,0,0,0,3,0.0000,0.0000
2017,6,6,2,30,17.1,0,0,0,3,0.0000,0.0000
2017,6,6,3,0,16.900000000000002,0,0,0,3,0.0000,0.0000
2017,6,6,3,30,16.6,0,0,0,2.9000000000000004,0.0000,0.0000
2017,6,6,4,0,16.400000000000002,0,0,0,2.8000000000000003,0.0000,0.0000
2017,6,6,4,30,16.400000000000002,0,0,0,2.8000000000000003,0.0000,0.0000
2017,6,6,5,0,16.3,0,0,0,2.8000000000000003,0.0000,0.0000
2017,6,6,5,30,16.8,35,3,35,2.8000000000000003,0.0000,0.0000
2017,6,6,6,0,17.400000000000002,90,57,100,2.8000000000000003,4.7664,3.6337
2017,6,6,6,30,18.5,130,95,155,2.9000000000000004,7.6214,5.8634
2017,6,6,7,0,19.700000000000003,7,0,7,3,0.3616,0.2804
2017,6,6,7,30,20.8,218,191,303,3.2,16.3394,12.7332
2017,6,6,8,0,22,249,229,370,3.5,20.6380,16.1365
2017,6,6,8,30,22.8,248,352,463,3.4000000000000004,26.5083,20.7727
2017,6,6,9,0,23.6,259,425,551,3.4000000000000004,32.1876,25.2624
2017,6,6,9,30,24.200000000000003,294,400,595,3.3000000000000003,35.2987,27.7347
2017,6,6,10,0,24.8,122,847,809,3.2,48.5638,38.1877
2017,6,6,10,30,25.3,126,860,864,3.1,52.3275,41.1708
2017,6,6,11,0,25.8,131,865,907,3,55.2853,43.5154
2017,6,6,11,30,26.200000000000003,133,872,940,2.9000000000000004,57.5439,45.3050
2017,6,6,12,0,26.5,295,612,871,2.8000000000000003,53.4494,42.0875
2017,6,6,12,30,26.900000000000002,311,532,814,2.8000000000000003,49.9841,39.3604
2017,6,6,13,0,27.3,328,560,854,2.8000000000000003,52.3834,41.2470
2017,6,6,13,30,27.5,443,131,563,2.9000000000000004,34.4344,27.1091
2017,6,6,14,0,27.8,394,346,702,3,42.7293,33.6296
2017,6,6,14,30,27.900000000000002,373,334,656,3.1,39.6511,31.1932
2017,6,6,15,0,28,452,136,560,3.2,33.5274,26.3593
2017,6,6,15,30,27.900000000000002,244,1,244,3.2,14.4249,11.3311
2017,6,6,16,0,27.700000000000003,381,141,475,3.2,27.6221,21.6718
2017,6,6,16,30,27.200000000000003,221,538,539,3,30.6791,24.0295
2017,6,6,17,0,26.700000000000003,180,502,436,2.7,24.1344,18.8570
2017,6,6,17,30,25.8,179,354,329,2.3000000000000003,17.5678,13.6760
2017,6,6,18,0,24.8,157,198,224,1.9000000000000001,11.4334,8.8503
2017,6,6,18,30,23.5,120,152,157,1.7000000000000002,7.6318,5.8576
2017,6,6,19,0,22.200000000000003,53,305,101,1.6,0.0000,0.0000
2017,6,6,19,30,21.3,27,127,36,1.6,0.0000,0.0000
2017,6,6,20,0,20.5,0,0,0,1.6,0.0000,0.0000
2017,6,6,20,30,20,0,0,0,1.6,0.0000,0.0000
2017,6,6,21,0,19.6,0,0,0,1.7000000000000002,0.0000,0.0000
2017,6,6,21,30,19.200000000000003,0,0,0,1.7000000000000002,0.0000,0.0000
2017,6,6,22,0,18.900000000000002,0,0,0,1.8,0.0000,0.0000
2017,6,6,22,30,18.6,0,0,0,1.8,0.0000,0.0000
2017,6,6,23,0,18.3,0,0,0,1.8,0.0000,0.0000
2017,6,6,23,30,18.1,0,0,0,1.8,0.0000,0.0000
2017,6,7,0,0,17.8,0,0,0,1.8,0.0000,0.0000
2017,6,7,0,30,17.5,0,0,0,1.8,0.0000,0.0000
2017,6,7,1,0,17.2,0,0,0,1.8,0.0000,0.0000
2017,6,7,1,30,16.8,0,0,0,1.7000000000000002,0.0000,0.0000
2017,6,7,2,0,16.3,0,0,0,1.7000000000000002,0.0000,0.0000
2017,6,7,2,30,15.700000000000001,0,0,0,1.5,0.0000,0.0000
2017,6,7,3,0,15.200000000000001,0,0,0,1.4000000000000001,0.0000,0.0000
2017,6,7,3,30,14.8,0,0,0,1.4000000000000001,0.0000,0.0000
2017,6,7,4,0,14.5,0,0,0,1.3,0.0000,0.0000
2017,6,7,4,30,14.700000000000001,0,0,0,1.3,0.0000,0.0000
2017,6,7,5,0,15,0,0,0,1.3,0.0000,0.0000
2017,6,7,5,30,16.2,34,0,34,1.8,0.0000,0.0000
2017,6,7,6,0,17.400000000000002,90,42,97,2.3000000000000003,4.6233,3.5248
2017,6,7,6,30,18.5,120,253,188,2.2,9.2465,7.1141
2017,6,7,7,0,19.5,143,386,282,2.1,14.5709,11.2978
2017,6,7,7,30,21.400000000000002,92,697,404,2.2,21.7888,16.9803
2017,6,7,8,0,23.3,100,750,499,2.2,27.8378,21.7662
2017,6,7,8,30,24.5,107,790,590,2.1,33.7836,26.4741
2017,6,7,9,0,25.700000000000003,116,815,674,2.1,39.3753,30.9038
2017,6,7,9,30,26.3,303,570,732,2.1,43.4296,34.1234
2017,6,7,10,0,26.900000000000002,317,584,790,2.2,47.4260,37.2931
2017,6,7,10,30,27.400000000000002,259,627,798,2.3000000000000003,48.3325,38.0277
2017,6,7,11,0,27.8,434,408,800,2.4000000000000004,48.7656,38.3838
2017,6,7,11,30,28.1,232,682,864,2.4000000000000004,52.8951,41.6452
2017,6,7,12,0,28.400000000000002,228,688,875,2.5,53.6986,42.2839
2017,6,7,12,30,28.6,269,644,877,2.5,53.8571,42.4104
2017,6,7,13,0,28.700000000000003,356,587,907,2.5,55.6393,43.8110
2017,6,7,13,30,28.700000000000003,280,611,842,2.5,51.5041,40.5479
2017,6,7,14,0,28.700000000000003,327,477,751,2.4000000000000004,45.7178,35.9819
2017,6,7,14,30,28.5,260,595,765,2.4000000000000004,46.2471,36.3825
2017,6,7,15,0,28.3,208,598,684,2.4000000000000004,40.9589,32.2024
2017,6,7,15,30,27.900000000000002,298,364,567,2.3000000000000003,33.5280,26.3375
2017,6,7,16,0,27.5,259,482,581,2.2,33.7965,26.5167
2017,6,7,16,30,26.8,321,216,449,2.1,25.5664,20.0256
2017,6,7,17,0,26.200000000000003,255,305,411,1.9000000000000001,22.7622,17.7857
2017,6,7,17,30,25.1,104,616,367,1.7000000000000002,19.6099,15.2668
2017,6,7,18,0,24,91,540,273,1.5,13.9458,10.7963
2017,6,7,18,30,23,74,437,183,1.5,8.9030,6.8345
2017,6,7,19,0,21.900000000000002,54,295,101,1.6,0.0000,0.0000
2017,6,7,19,30,21.1,29,0,29,1.7000000000000002,0.0000,0.0000
2017,6,7,20,0,20.3,0,0,0,1.8,0.0000,0.0000
2017,6,7,20,30,19.8,0,0,0,1.9000000000000001,0.0000,0.0000
2017,6,7,21,0,19.3,0,0,0,2,0.0000,0.0000
2017,6,7,21,30,18.900000000000002,0,0,0,2.1,0.0000,0.0000
2017,6,7,22,0,18.6,0,0,0,2.1,0.0000,0.0000
2017,6,7,22,30,18.2,0,0,0,2.1,0.0000,0.0000
2017,6,7,23,0,17.8,0,0,0,2.1,0.0000,0.0000
2017,6,7,23,30,17.5,0,0,0,2.1,0.0000,0.0000
2017,6,8,0,0,17.3,0,0,0,2.1,0.0000,0.0000
2017,6,8,0,30,17,0,0,0,2.1,0.0000,0.0000
2017,6,8,1,0,16.8,0,0,0,2.1,0.0000,0.0000
2017,6,8,1,30,16.6,0,0,0,2.2,0.0000,0.0000
2017,6,8,2,0,16.400000000000002,0,0,0,2.2,0.0000,0.0000
2017,6,8,2,30,16.1,0,0,0,2.2,0.0000,0.0000
2017,6,8,3,0,15.8,0,0,0,2.1,0.0000,0.0000
2017,6,8,3,30,15.600000000000001,0,0,0,2.1,0.0000,0.0000
2017,6,8,4,0,15.3,0,0,0,2.1,0.0000,0.0000
2017,6,8,4,30,15.600000000000001,0,0,0,2.3000000000000003,0.0000,0.0000
2017,6,8,5,0,15.9,0,0,0,2.5,0.0000,0.0000
2017,6,8,5,30,16.8,35,136,48,2.8000000000000003,0.0000,0.0000
2017,6,8,6,0,17.7,62,308,118,3.1,5.6242,4.2880
2017,6,8,6,30,18.7,83,439,201,2.9000000000000004,9.8877,7.6077
2017,6,8,7,0,19.700000000000003,97,546,293,2.7,15.1419,11.7408
2017,6,8,7,30,21.3,110,620,387,3,20.8748,16.2682
2017,6,8,8,0,22.900000000000002,118,683,481,3.3000000000000003,26.8351,20.9823
2017,6,8,8,30,24,127,727,572,3.4000000000000004,32.7543,25.6676
2017,6,8,9,0,25.1,133,764,657,3.4000000000000004,38.3846,30.1264
2017,6,8,9,30,25.900000000000002,139,791,734,3.4000000000000004,43.5504,34.2185
2017,6,8,10,0,26.6,144,812,802,3.3000000000000003,48.1492,37.8620
2017,6,8,10,30,27.200000000000003,148,828,860,3.3000000000000003,52.0901,40.9842
2017,6,8,11,0,27.8,150,844,908,3.3000000000000003,55.3524,43.5685
2017,6,8,11,30,28.3,152,852,941,3.3000000000000003,57.6121,45.3590
2017,6,8,12,0,28.8,167,836,954,3.4000000000000004,58.5509,46.1050
2017,6,8,12,30,29.1,168,837,960,3.4000000000000004,58.9586,46.4279
2017,6,8,13,0,29.400000000000002,160,846,954,3.4000000000000004,58.5278,46.0857
2017,6,8,13,30,29.6,158,840,932,3.4000000000000004,57.0153,44.8870
2017,6,8,14,0,29.8,148,844,899,3.4000000000000004,54.7345,43.0788
2017,6,8,14,30,29.8,145,829,849,3.3000000000000003,51.3327,40.3838
2017,6,8,15,0,29.8,129,832,793,3.3000000000000003,47.4948,37.3414
2017,6,8,15,30,29.5,124,811,723,3.2,42.7628,33.5923
2017,6,8,16,0,29.3,354,255,525,3.1,30.5482,23.9686
2017,6,8,16,30,28.8,317,220,448,2.8000000000000003,25.5183,19.9885
2017,6,8,17,0,28.3,202,406,411,2.6,22.7737,17.7956
2017,6,8,17,30,27.400000000000002,156,471,357,2.2,19.0881,14.8616
2017,6,8,18,0,26.400000000000002,164,135,210,1.8,10.7362,8.3125
2017,6,8,18,30,24.8,123,72,141,1.7000000000000002,6.8643,5.2702
2017,6,8,19,0,23.1,79,73,91,1.5,0.0000,0.0000
2017,6,8,19,30,22.200000000000003,34,6,34,1.6,0.0000,0.0000
2017,6,8,20,0,21.3,0,0,0,1.8,0.0000,0.0000
2017,6,8,20,30,21,0,0,0,2,0.0000,0.0000
2017,6,8,21,0,20.8,0,0,0,2.2,0.0000,0.0000
2017,6,8,21,30,20.6,0,0,0,2.4000000000000004,0.0000,0.0000
2017,6,8,22,0,20.400000000000002,0,0,0,2.6,0.0000,0.0000
2017,6,8,22,30,20.1,0,0,0,2.7,0.0000,0.0000
2017,6,8,23,0,19.700000000000003,0,0,0,2.7,0.0000,0.0000
2017,6,8,23,30,19.400000000000002,0,0,0,2.7,0.0000,0.0000
2017,6,9,0,0,19.1,0,0,0,2.6,0.0000,0.0000
2017,6,9,0,30,19,0,0,0,2.5,0.0000,0.0000
2017,6,9,1,0,18.8,0,0,0,2.5,0.0000,0.0000
2017,6,9,1,30,18.7,0,0,0,2.5,0.0000,0.0000
2017,6,9,2,0,18.6,0,0,0,2.5,0.0000,0.0000
2017,6,9,2,30,18.400000000000002,0,0,0,2.5,0.0000,0.0000
2017,6,9,3,0,18.3,0,0,0,2.5,0.0000,0.0000
2017,6,9,3,30,18.1,0,0,0,2.4000000000000004,0.0000,0.0000
2017,6,9,4,0,17.8,0,0,0,2.4000000000000004,0.0000,0.0000
2017,6,9,4,30,18,0,0,0,2.5,0.0000,0.0000
2017,6,9,5,0,18.1,0,0,0,2.6,0.0000,0.0000
2017,6,9,5,30,18.900000000000002,32,227,53,2.9000000000000004,0.0000,0.0000
2017,6,9,6,0,19.8,52,408,125,3.1,5.9579,4.5425
2017,6,9,6,30,21,67,534,211,3.3000000000000003,10.3815,7.9879
2017,6,9,7,0,22.3,78,629,305,3.5,15.7648,12.2241
2017,6,9,7,30,23.6,88,696,399,3.7,21.5236,16.7739
2017,6,9,8,0,24.8,95,753,495,3.9000000000000004,27.6176,21.5942
2017,6,9,8,30,25.8,101,792,586,4,33.5587,26.2981
2017,6,9,9,0,26.8,105,826,672,4.1000000000000005,39.2622,30.8152
2017,6,9,9,30,27.6,109,850,749,4.3,44.4415,34.9187
2017,6,9,10,0,28.3,111,871,817,4.5,49.0507,38.5709
2017,6,9,10,30,28.900000000000002,114,885,875,4.7,53.0011,41.7011
2017,6,9,11,0,29.5,114,900,922,4.9,56.2079,44.2420
2017,6,9,11,30,30,115,907,955,5,58.4722,46.0363
2017,6,9,12,0,30.5,116,911,974,5.2,59.7815,47.0741
2017,6,9,12,30,30.700000000000003,116,910,978,5.300000000000001,60.0680,47.3017
2017,6,9,13,0,31,114,910,970,5.5,59.5141,46.8626
2017,6,9,13,30,31.200000000000003,113,904,945,5.6000000000000005,57.8160,45.5177
2017,6,9,14,0,31.3,111,897,910,5.7,55.4107,43.6113
2017,6,9,14,30,31.200000000000003,109,884,860,5.800000000000001,52.0054,40.9134
2017,6,9,15,0,31.200000000000003,114,853,795,5.9,47.6233,37.4430
2017,6,9,15,30,30.900000000000002,110,834,726,5.800000000000001,42.9503,33.7401
2017,6,9,16,0,30.6,106,805,646,5.800000000000001,37.5989,29.5013
2017,6,9,16,30,30.1,100,773,561,5.6000000000000005,31.9673,25.0408
2017,6,9,17,0,29.700000000000003,93,731,469,5.5,25.9992,20.3168
2017,6,9,17,30,28.900000000000002,84,678,375,5.1000000000000005,20.0622,15.6210
2017,6,9,18,0,28.1,129,406,267,4.7,13.6614,10.5785
2017,6,9,18,30,27,105,300,180,4.5,8.7695,6.7342
2017,6,9,19,0,26,46,385,109,4.3,0.0000,0.0000
2017,6,9,19,30,25.3,26,199,41,4.4,0.0000,0.0000
2017,6,9,20,0,24.5,0,0,0,4.4,0.0000,0.0000
2017,6,9,20,30,24.1,0,0,0,4.5,0.0000,0.0000
2017,6,9,21,0,23.6,0,0,0,4.5,0.0000,0.0000
2017,6,9,21,30,23.200000000000003,0,0,0,4.4,0.0000,0.0000
2017,6,9,22,0,22.700000000000003,0,0,0,4.3,0.0000,0.0000
2017,6,9,22,30,22.5,0,0,0,4.4,0.0000,0.0000
2017,6,9,23,0,22.200000000000003,0,0,0,4.5,0.0000,0.0000
2017,6,9,23,30,22,0,0,0,4.6000000000000005,0.0000,0.0000
2017,6,10,0,0,21.8,0,0,0,4.7,0.0000,0.0000
2017,6,10,0,30,21.6,0,0,0,4.800000000000001,0.0000,0.0000
2017,6,10,1,0,21.400000000000002,0,0,0,4.9,0.0000,0.0000
2017,6,10,1,30,21.200000000000003,0,0,0,5,0.0000,0.0000
2017,6,10,2,0,20.900000000000002,0,0,0,5,0.0000,0.0000
2017,6,10,2,30,20.6,0,0,0,5,0.0000,0.0000
2017,6,10,3,0,20.3,0,0,0,5,0.0000,0.0000
2017,6,10,3,30,20,0,0,0,5,0.0000,0.0000
2017,6,10,4,0,19.700000000000003,0,0,0,5,0.0000,0.0000
2017,6,10,4,30,19.5,0,0,0,5.2,0.0000,0.0000
2017,6,10,5,0,19.400000000000002,0,0,0,5.4,0.0000,0.0000
2017,6,10,5,30,20.1,30,264,55,6,0.0000,0.0000
2017,6,10,6,0,20.700000000000003,52,415,127,6.6000000000000005,6.0532,4.6153
2017,6,10,6,30,21.8,67,534,212,7.1000000000000005,10.4316,8.0266
2017,6,10,7,0,23,82,612,302,7.7,15.6111,12.1050
2017,6,10,7,30,24.200000000000003,92,676,395,7.800000000000001,21.3093,16.6070
2017,6,10,8,0,25.400000000000002,102,726,488,7.9,27.2285,21.2901
2017,6,10,8,30,26.5,109,764,576,7.800000000000001,32.9860,25.8493
2017,6,10,9,0,27.6,117,789,658,7.7,38.4455,30.1743
2017,6,10,9,30,28.6,122,812,733,7.5,43.4932,34.1737
2017,6,10,10,0,29.5,130,824,798,7.300000000000001,47.9119,37.6755
2017,6,10,10,30,30.200000000000003,314,450,701,7.2,42.4627,33.4097
2017,6,10,11,0,31,348,415,721,7,43.9560,34.5984
2017,6,10,11,30,31.5,284,518,764,6.7,46.7801,36.8310
2017,6,10,12,0,32,388,344,713,6.5,43.7643,34.4617
2017,6,10,12,30,32.4,382,337,702,6.300000000000001,43.1192,33.9551
2017,6,10,13,0,32.7,417,194,599,6,36.7541,28.9410
2017,6,10,13,30,32.800000000000004,362,410,740,5.800000000000001,45.2782,35.6470
2017,6,10,14,0,33,355,420,729,5.6000000000000005,44.3946,34.9413
2017,6,10,14,30,33,365,345,659,5.300000000000001,39.8558,31.3554
2017,6,10,15,0,33.1,373,203,535,5.1000000000000005,32.0536,25.2019
2017,6,10,15,30,32.800000000000004,345,32,369,4.800000000000001,21.8346,17.1527
2017,6,10,16,0,32.6,374,146,472,4.6000000000000005,27.4789,21.5613
2017,6,10,16,30,32.1,142,662,537,4.1000000000000005,30.6102,23.9785
2017,6,10,17,0,31.700000000000003,134,607,447,3.7,24.7907,19.3733
2017,6,10,17,30,31,121,548,357,3.2,19.1103,14.8808
2017,6,10,18,0,30.400000000000002,106,466,265,2.8000000000000003,13.5688,10.5078
2017,6,10,18,30,29.5,85,370,179,2.7,8.7267,6.7023
2017,6,10,19,0,28.6,59,253,100,2.6,0.0000,0.0000
2017,6,10,19,30,27.900000000000002,28,110,37,2.9000000000000004,0.0000,0.0000
2017,6,10,20,0,27.200000000000003,0,0,0,3.3000000000000003,0.0000,0.0000
2017,6,10,20,30,26.700000000000003,0,0,0,3.4000000000000004,0.0000,0.0000
2017,6,10,21,0,26.200000000000003,0,0,0,3.6,0.0000,0.0000
2017,6,10,21,30,25.8,0,0,0,3.8000000000000003,0.0000,0.0000
2017,6,10,22,0,25.5,0,0,0,4.1000000000000005,0.0000,0.0000
2017,6,10,22,30,25.1,0,0,0,4.2,0.0000,0.0000
2017,6,10,23,0,24.700000000000003,0,0,0,4.4,0.0000,0.0000
2017,6,10,23,30,24.3,0,0,0,4.4,0.0000,0.0000
2017,6,11,0,0,24,0,0,0,4.5,0.0000,0.0000
2017,6,11,0,30,23.6,0,0,0,4.6000000000000005,0.0000,0.0000
2017,6,11,1,0,23.3,0,0,0,4.6000000000000005,0.0000,0.0000
2017,6,11,1,30,23,0,0,0,4.800000000000001,0.0000,0.0000
2017,6,11,2,0,22.8,0,0,0,5,0.0000,0.0000
2017,6,11,2,30,22.6,0,0,0,5.1000000000000005,0.0000,0.0000
2017,6,11,3,0,22.400000000000002,0,0,0,5.2,0.0000,0.0000
2017,6,11,3,30,22.3,0,0,0,5.300000000000001,0.0000,0.0000
2017,6,11,4,0,22.1,0,0,0,5.300000000000001,0.0000,0.0000
2017,6,11,4,30,22,0,0,0,5.5,0.0000,0.0000
2017,6,11,5,0,22,0,0,0,5.6000000000000005,0.0000,0.0000
2017,6,11,5,30,22.5,33,183,50,6.2,0.0000,0.0000
2017,6,11,6,0,22.900000000000002,58,338,120,6.800000000000001,5.7195,4.3609
2017,6,11,6,30,23.6,78,459,202,7.1000000000000005,9.9405,7.6488
2017,6,11,7,0,24.3,93,555,292,7.4,15.0941,11.7042
2017,6,11,7,30,25.3,105,624,384,7.4,20.7159,16.1446
2017,6,11,8,0,26.200000000000003,113,686,478,7.5,26.6719,20.8550
2017,6,11,8,30,27.1,121,726,565,7.4,32.3574,25.3568
2017,6,11,9,0,28,262,2,264,7.300000000000001,15.4249,12.1064
2017,6,11,9,30,28.6,238,9,245,7.2,14.5376,11.4226
2017,6,11,10,0,29.200000000000003,373,196,531,7.1000000000000005,31.8818,25.0703
2017,6,11,10,30,29.6,391,198,561,7,33.9828,26.7377
2017,6,11,11,0,30,388,7,394,6.9,24.0209,18.9072
2017,6,11,11,30,30.6,418,265,663,6.800000000000001,40.5970,31.9630
2017,6,11,12,0,31.1,442,130,565,6.7,34.6818,27.3099
2017,6,11,12,30,31.5,428,214,630,6.6000000000000005,38.6986,30.4741
2017,6,11,13,0,31.8,361,19,378,6.5,23.1954,18.2646
2017,6,11,13,30,32.1,424,138,550,6.2,33.6555,26.4967
2017,6,11,14,0,32.300000000000004,313,514,772,6,47.0180,37.0063
2017,6,11,14,30,32.4,469,162,607,5.6000000000000005,36.7156,28.8851
2017,6,11,15,0,32.4,353,303,595,5.300000000000001,35.6543,28.0331
2017,6,11,15,30,32.5,315,140,419,5,24.7984,19.4812
2017,6,11,16,0,32.6,315,136,406,4.7,23.6428,18.5517
2017,6,11,16,30,32.4,250,294,426,4.2,24.2913,19.0291
2017,6,11,17,0,32.1,227,190,325,3.7,18.0326,14.0926
2017,6,11,17,30,31.200000000000003,205,95,246,3.2,13.1760,10.2606
2017,6,11,18,0,30.400000000000002,157,81,185,2.7,9.4785,7.3409
2017,6,11,18,30,29.5,111,35,120,2.7,5.8543,4.4969
2017,6,11,19,0,28.700000000000003,75,5,75,2.7,0.0000,0.0000
2017,6,11,19,30,28.1,36,7,37,2.7,0.0000,0.0000
2017,6,11,20,0,27.6,0,0,0,2.8000000000000003,0.0000,0.0000
2017,6,11,20,30,27.1,0,0,0,2.6,0.0000,0.0000
2017,6,11,21,0,26.6,0,0,0,2.4000000000000004,0.0000,0.0000
2017,6,11,21,30,26.1,0,0,0,2.1,0.0000,0.0000
2017,6,11,22,0,25.6,0,0,0,1.8,0.0000,0.0000
2017,6,11,22,30,25.200000000000003,0,0,0,1.8,0.0000,0.0000
2017,6,11,23,0,24.900000000000002,0,0,0,1.7000000000000002,0.0000,0.0000
2017,6,11,23,30,24.6,0,0,0,1.7000000000000002,0.0000,0.0000
2017,6,12,0,0,24.200000000000003,0,0,0,1.7000000000000002,0.0000,0.0000
2017,6,12,0,30,23.900000000000002,0,0,0,1.8,0.0000,0.0000
2017,6,12,1,0,23.700000000000003,0,0,0,1.8,0.0000,0.0000
2017,6,12,1,30,23.400000000000002,0,0,0,1.9000000000000001,0.0000,0.0000
2017,6,12,2,0,23.200000000000003,0,0,0,2,0.0000,0.0000
2017,6,12,2,30,22.900000000000002,0,0,0,2.2,0.0000,0.0000
2017,6,12,3,0,22.6,0,0,0,2.4000000000000004,0.0000,0.0000
2017,6,12,3,30,22.3,0,0,0,2.6,0.0000,0.0000
2017,6,12,4,0,22,0,0,0,2.7,0.0000,0.0000
2017,6,12,4,30,21.900000000000002,0,0,0,3,0.0000,0.0000
2017,6,12,5,0,21.8,0,0,0,3.3000000000000003,0.0000,0.0000
2017,6,12,5,30,22.400000000000002,19,0,19,3.5,0.0000,0.0000
2017,6,12,6,0,23,33,0,33,3.8000000000000003,1.5729,1.1993
2017,6,12,6,30,23.900000000000002,77,4,78,3.7,3.8384,2.9535
2017,6,12,7,0,24.8,91,3,91,3.5,4.7040,3.6475
2017,6,12,7,30,25.6,8,0,8,3,0.4316,0.3363
2017,6,12,8,0,26.400000000000002,93,1,93,2.5,5.1890,4.0573
2017,6,12,8,30,27,37,0,37,2.6,2.1189,1.6605
2017,6,12,9,0,27.700000000000003,60,0,60,2.8000000000000003,3.5057,2.7515
2017,6,12,9,30,28.200000000000003,93,0,93,3.3000000000000003,5.5184,4.3359
2017,6,12,10,0,28.700000000000003,154,1,155,3.8000000000000003,9.3064,7.3181
2017,6,12,10,30,29.3,407,152,538,4.2,32.5901,25.6419
2017,6,12,11,0,29.8,137,833,885,4.6000000000000005,53.9569,42.4704
2017,6,12,11,30,30.200000000000003,139,842,919,4.9,56.2742,44.3061
2017,6,12,12,0,30.6,153,827,933,5.2,57.2729,45.0991
2017,6,12,12,30,30.8,153,828,939,5.300000000000001,57.6826,45.4237
2017,6,12,13,0,31.1,288,563,818,5.5,50.1988,39.5280
2017,6,12,13,30,31.200000000000003,367,386,723,5.6000000000000005,44.2453,34.8342
2017,6,12,14,0,31.3,424,169,575,5.7,35.0230,27.5656
2017,6,12,14,30,31.1,355,22,374,5.7,22.6250,17.7999
2017,6,12,15,0,31,340,132,446,5.6000000000000005,26.7300,21.0167
2017,6,12,15,30,30.700000000000003,263,426,579,5.5,34.2741,26.9256
2017,6,12,16,0,30.400000000000002,295,292,492,5.4,28.6575,22.4869
2017,6,12,16,30,30,274,104,336,5.1000000000000005,19.1650,15.0137
2017,6,12,17,0,29.5,177,524,448,4.800000000000001,24.8669,19.4343
2017,6,12,17,30,28.900000000000002,98,622,368,4.4,19.7204,15.3578
2017,6,12,18,0,28.200000000000003,87,551,277,4,14.2022,11.0004
2017,6,12,18,30,27.3,71,458,188,3.8000000000000003,9.1773,7.0502
2017,6,12,19,0,26.400000000000002,53,323,107,3.5,0.0000,0.0000
2017,6,12,19,30,25.8,28,162,41,3.6,0.0000,0.0000
2017,6,12,20,0,25.200000000000003,0,0,0,3.7,0.0000,0.0000
2017,6,12,20,30,24.900000000000002,0,0,0,3.9000000000000004,0.0000,0.0000
2017,6,12,21,0,24.6,0,0,0,4.1000000000000005,0.0000,0.0000
2017,6,12,21,30,24.400000000000002,0,0,0,4.2,0.0000,0.0000
2017,6,12,22,0,24.3,0,0,0,4.4,0.0000,0.0000
2017,6,12,22,30,24.1,0,0,0,4.4,0.0000,0.0000
2017,6,12,23,0,23.900000000000002,0,0,0,4.4,0.0000,0.0000
2017,6,12,23,30,23.6,0,0,0,4.3,0.0000,0.0000
2017,6,13,0,0,23.200000000000003,0,0,0,4.2,0.0000,0.0000
2017,6,13,0,30,23,0,0,0,4.2,0.0000,0.0000
2017,6,13,1,0,22.700000000000003,0,0,0,4.2,0.0000,0.0000
2017,6,13,1,30,22.6,0,0,0,4.4,0.0000,0.0000
2017,6,13,2,0,22.5,0,0,0,4.5,0.0000,0.0000
2017,6,13,2,30,22.3,0,0,0,4.5,0.0000,0.0000
2017,6,13,3,0,22.1,0,0,0,4.5,0.0000,0.0000
2017,6,13,3,30,21.900000000000002,0,0,0,4.5,0.0000,0.0000
2017,6,13,4,0,21.6,0,0,0,4.6000000000000005,0.0000,0.0000
2017,6,13,4,30,21.700000000000003,0,0,0,4.800000000000001,0.0000,0.0000
2017,6,13,5,0,21.700000000000003,0,0,0,5,0.0000,0.0000
2017,6,13,5,30,22.200000000000003,31,220,52,5.300000000000001,0.0000,0.0000
2017,6,13,6,0,22.700000000000003,54,374,122,5.7,5.8149,4.4337
2017,6,13,6,30,23.6,71,494,205,6.1000000000000005,10.0881,7.7624
2017,6,13,7,0,24.5,87,572,293,6.4,15.1458,11.7443
2017,6,13,7,30,25.5,98,640,385,6.5,20.7698,16.1866
2017,6,13,8,0,26.5,110,687,475,6.5,26.5031,20.7229
2017,6,13,8,30,27.400000000000002,118,728,564,6.6000000000000005,32.2988,25.3108
2017,6,13,9,0,28.3,125,762,648,6.6000000000000005,37.8612,29.7157
2017,6,13,9,30,29.1,131,787,724,6.800000000000001,42.9592,33.7541
2017,6,13,10,0,29.900000000000002,135,809,791,6.9,47.4925,37.3458
2017,6,13,10,30,30.5,138,825,848,7.1000000000000005,51.3696,40.4177
2017,6,13,11,0,31.200000000000003,140,839,894,7.300000000000001,54.5063,42.9029
2017,6,13,11,30,31.700000000000003,141,845,925,7.5,56.6433,44.5968
2017,6,13,12,0,32.1,488,147,627,7.7,38.4902,30.3089
2017,6,13,12,30,32.4,151,839,947,7.800000000000001,58.1764,45.8126
2017,6,13,13,0,32.7,264,588,818,7.9,50.2014,39.5302
2017,6,13,13,30,32.800000000000004,484,147,620,8,37.9448,29.8740
2017,6,13,14,0,32.9,352,539,833,8,50.7429,39.9385
2017,6,13,14,30,32.800000000000004,147,805,834,8,50.4582,39.6975
2017,6,13,15,0,32.800000000000004,433,126,534,7.9,32.0087,25.1673
2017,6,13,15,30,32.5,378,82,439,7.800000000000001,25.9914,20.4190
2017,6,13,16,0,32.300000000000004,348,261,524,7.6000000000000005,30.5284,23.9554
2017,6,13,16,30,32,122,709,547,7.300000000000001,31.2095,24.4498
2017,6,13,17,0,31.6,106,686,462,7,25.6540,20.0501
2017,6,13,17,30,31,96,630,369,6.7,19.7840,15.4081
2017,6,13,18,0,30.3,82,569,279,6.4,14.3137,11.0877
2017,6,13,18,30,29.400000000000002,68,474,189,6.4,9.2317,7.0929
2017,6,13,19,0,28.5,80,30,85,6.4,0.0000,0.0000
2017,6,13,19,30,27.8,23,0,23,6.5,0.0000,0.0000
2017,6,13,20,0,27.1,0,0,0,6.5,0.0000,0.0000
2017,6,13,20,30,26.5,0,0,0,6.2,0.0000,0.0000
2017,6,13,21,0,25.900000000000002,0,0,0,5.9,0.0000,0.0000
2017,6,13,21,30,25.1,0,0,0,4.9,0.0000,0.0000
2017,6,13,22,0,24.400000000000002,0,0,0,4,0.0000,0.0000
2017,6,13,22,30,23.900000000000002,0,0,0,3.8000000000000003,0.0000,0.0000
2017,6,13,23,0,23.400000000000002,0,0,0,3.5,0.0000,0.0000
2017,6,13,23,30,23.1,0,0,0,3.4000000000000004,0.0000,0.0000
2017,6,14,0,0,22.8,0,0,0,3.2,0.0000,0.0000
2017,6,14,0,30,22.700000000000003,0,0,0,2.9000000000000004,0.0000,0.0000
2017,6,14,1,0,22.5,0,0,0,2.7,0.0000,0.0000
2017,6,14,1,30,22.400000000000002,0,0,0,2.5,0.0000,0.0000
2017,6,14,2,0,22.3,0,0,0,2.4000000000000004,0.0000,0.0000
2017,6,14,2,30,22,0,0,0,2.2,0.0000,0.0000
2017,6,14,3,0,21.700000000000003,0,0,0,2,0.0000,0.0000
2017,6,14,3,30,21.400000000000002,0,0,0,1.8,0.0000,0.0000
2017,6,14,4,0,21.200000000000003,0,0,0,1.5,0.0000,0.0000
2017,6,14,4,30,21.1,0,0,0,1.6,0.0000,0.0000
2017,6,14,5,0,21.1,0,0,0,1.7000000000000002,0.0000,0.0000
2017,6,14,5,30,21.400000000000002,9,0,9,2,0.0000,0.0000
2017,6,14,6,0,21.700000000000003,37,1,37,2.3000000000000003,1.7635,1.3446
2017,6,14,6,30,22.200000000000003,62,2,63,2.4000000000000004,3.1000,2.3853
2017,6,14,7,0,22.6,94,3,95,2.5,4.9103,3.8075
2017,6,14,7,30,23.400000000000002,174,18,183,2.4000000000000004,9.8717,7.6933
2017,6,14,8,0,24.1,20,699,391,2.2,21.8151,17.0573
2017,6,14,8,30,25,103,789,586,2.4000000000000004,33.5573,26.2969
2017,6,14,9,0,25.900000000000002,102,839,678,2.6,39.6128,31.0904
2017,6,14,9,30,26.6,107,867,759,2.8000000000000003,45.0348,35.3849
2017,6,14,10,0,27.3,107,897,835,3.1,50.1333,39.4223
2017,6,14,10,30,27.900000000000002,110,911,893,3.5,54.0956,42.5625
2017,6,14,11,0,28.5,110,928,944,3.8000000000000003,57.5555,45.3030
2017,6,14,11,30,28.900000000000002,110,935,977,4.1000000000000005,59.8281,47.1044
2017,6,14,12,0,29.3,107,945,999,4.3,61.3286,48.2929
2017,6,14,12,30,29.5,107,943,1002,4.4,61.5576,48.4754
2017,6,14,13,0,29.8,105,945,995,4.4,61.0673,48.0864
2017,6,14,13,30,29.900000000000002,104,941,973,4.3,59.5525,46.8859
2017,6,14,14,0,30,101,937,938,4.1000000000000005,57.1434,44.9764
2017,6,14,14,30,30,99,927,890,3.9000000000000004,53.8523,42.3680
2017,6,14,15,0,30,119,873,821,3.7,49.2178,38.6985
2017,6,14,15,30,29.8,115,853,750,3.4000000000000004,44.4125,34.8911
2017,6,14,16,0,29.6,109,828,668,3.2,38.9269,30.5461
2017,6,14,16,30,29.200000000000003,103,796,581,2.8000000000000003,33.1593,25.9779
2017,6,14,17,0,28.8,96,756,489,2.4000000000000004,27.1637,21.2309
2017,6,14,17,30,28.200000000000003,88,703,393,2,21.0813,16.4193
2017,6,14,18,0,27.5,78,629,296,1.7000000000000002,15.1953,11.7716
2017,6,14,18,30,26.200000000000003,66,532,203,1.3,9.9215,7.6239
2017,6,14,19,0,25,50,394,117,0.9,0.0000,0.0000
2017,6,14,19,30,24.700000000000003,29,199,46,0.9,0.0000,0.0000
2017,6,14,20,0,24.400000000000002,0,0,0,0.9,0.0000,0.0000
2017,6,14,20,30,23.8,0,0,0,1,0.0000,0.0000
2017,6,14,21,0,23.200000000000003,0,0,0,1.1,0.0000,0.0000
2017,6,14,21,30,22.400000000000002,0,0,0,1.1,0.0000,0.0000
2017,6,14,22,0,21.5,0,0,0,1.2000000000000002,0.0000,0.0000
2017,6,14,22,30,20.8,0,0,0,1.2000000000000002,0.0000,0.0000
2017,6,14,23,0,20.1,0,0,0,1.2000000000000002,0.0000,0.0000
2017,6,14,23,30,19.6,0,0,0,1.2000000000000002,0.0000,0.0000
2017,6,15,0,0,19,0,0,0,1.3,0.0000,0.0000
2017,6,15,0,30,18.6,0,0,0,1.3,0.0000,0.0000
2017,6,15,1,0,18.1,0,0,0,1.3,0.0000,0.0000
2017,6,15,1,30,17.8,0,0,0,1.4000000000000001,0.0000,0.0000
2017,6,15,2,0,17.5,0,0,0,1.5,0.0000,0.0000
2017,6,15,2,30,17.1,0,0,0,1.5,0.0000,0.0000
2017,6,15,3,0,16.7,0,0,0,1.5,0.0000,0.0000
2017,6,15,3,30,16.400000000000002,0,0,0,1.4000000000000001,0.0000,0.0000
2017,6,15,4,0,16,0,0,0,1.3,0.0000,0.0000
2017,6,15,4,30,16.2,0,0,0,1.2000000000000002,0.0000,0.0000
2017,6,15,5,0,16.400000000000002,0,0,0,1.1,0.0000,0.0000
2017,6,15,5,30,17.6,33,221,54,1.4000000000000001,0.0000,0.0000
2017,6,15,6,0,18.8,53,415,129,1.7000000000000002,6.1485,4.6880
2017,6,15,6,30,19.700000000000003,69,547,216,1.5,10.6275,8.1772
2017,6,15,7,0,20.6,78,647,311,1.3,16.0735,12.4633
2017,6,15,7,30,22.1,88,715,407,1.1,21.9537,17.1090
2017,6,15,8,0,23.6,94,771,504,1,28.1168,21.9843
2017,6,15,8,30,25,100,810,596,1,34.1272,26.7433
2017,6,15,9,0,26.5,105,841,682,1,39.8439,31.2717
2017,6,15,9,30,27.900000000000002,110,862,758,1.2000000000000002,44.9744,35.3373
2017,6,15,10,0,29.3,116,874,824,1.4000000000000001,49.4719,38.9022
2017,6,15,10,30,30,119,888,883,1.5,53.4890,42.0852
2017,6,15,11,0,30.700000000000003,125,891,926,1.7000000000000002,56.4580,44.4391
2017,6,15,11,30,31.1,126,896,957,1.9000000000000001,58.6046,46.1411
2017,6,15,12,0,31.400000000000002,433,332,747,2.1,45.8591,36.1116
2017,6,15,12,30,31.700000000000003,451,277,714,2.2,43.8658,34.5436
2017,6,15,13,0,32,137,878,965,2.3000000000000003,59.2291,46.6392
2017,6,15,13,30,32.1,381,440,788,2.3000000000000003,48.2325,37.9738
2017,6,15,14,0,32.2,367,444,764,2.2,46.5473,36.6366
2017,6,15,14,30,32.1,374,383,701,2.2,42.4203,33.3742
2017,6,15,15,0,32,186,670,725,2.1,43.4688,34.1786
2017,6,15,15,30,31.6,312,365,584,2,34.5878,27.1730
2017,6,15,16,0,31.3,113,791,648,1.9000000000000001,37.7688,29.6378
2017,6,15,16,30,30.8,108,758,564,1.8,32.1972,25.2247
2017,6,15,17,0,30.3,101,712,472,1.7000000000000002,26.2280,20.5002
2017,6,15,17,30,29.1,92,658,379,1.6,20.3390,15.8419
2017,6,15,18,0,27.8,146,283,245,1.5,12.5839,9.7493
2017,6,15,18,30,26.400000000000002,116,222,174,1.9000000000000001,8.5086,6.5389
2017,6,15,19,0,25,85,25,90,2.3000000000000003,0.0000,0.0000
2017,6,15,19,30,23.900000000000002,32,1,32,2.4000000000000004,0.0000,0.0000
2017,6,15,20,0,22.8,0,0,0,2.5,0.0000,0.0000
2017,6,15,20,30,22.200000000000003,0,0,0,2.1,0.0000,0.0000
2017,6,15,21,0,21.5,0,0,0,1.8,0.0000,0.0000
2017,6,15,21,30,21.200000000000003,0,0,0,1.6,0.0000,0.0000
2017,6,15,22,0,20.8,0,0,0,1.5,0.0000,0.0000
2017,6,15,22,30,20.400000000000002,0,0,0,1.4000000000000001,0.0000,0.0000
2017,6,15,23,0,20.1,0,0,0,1.4000000000000001,0.0000,0.0000
2017,6,15,23,30,19.700000000000003,0,0,0,1.2000000000000002,0.0000,0.0000
2017,6,16,0,0,19.400000000000002,0,0,0,1,0.0000,0.0000
2017,6,16,0,30,19.3,0,0,0,0.9,0.0000,0.0000
2017,6,16,1,0,19.1,0,0,0,0.8,0.0000,0.0000
2017,6,16,1,30,18.900000000000002,0,0,0,0.8,0.0000,0.0000
2017,6,16,2,0,18.8,0,0,0,0.8,0.0000,0.0000
2017,6,16,2,30,18.3,0,0,0,0.9,0.0000,0.0000
2017,6,16,3,0,17.8,0,0,0,1.1,0.0000,0.0000
2017,6,16,3,30,17.6,0,0,0,1.4000000000000001,0.0000,0.0000
2017,6,16,4,0,17.400000000000002,0,0,0,1.7000000000000002,0.0000,0.0000
2017,6,16,4,30,17.8,0,0,0,2.3000000000000003,0.0000,0.0000
2017,6,16,5,0,18.2,0,0,0,2.8000000000000003,0.0000,0.0000
2017,6,16,5,30,19,30,0,30,3.2,0.0000,0.0000
2017,6,16,6,0,19.8,61,1,61,3.6,2.9074,2.2168
2017,6,16,6,30,21.1,126,10,129,3.7,6.3464,4.8831
2017,6,16,7,0,22.400000000000002,172,17,179,3.9000000000000004,9.2497,7.1720
2017,6,16,7,30,23.900000000000002,121,6,124,4.5,6.6877,5.2118
2017,6,16,8,0,25.400000000000002,215,29,231,5,12.8855,10.0750
2017,6,16,8,30,26.400000000000002,302,292,480,5,27.4827,21.5364
2017,6,16,9,0,27.400000000000002,271,3,273,5,15.9483,12.5170
2017,6,16,9,30,28.400000000000002,215,0,215,4.800000000000001,12.7559,10.0226
2017,6,16,10,0,29.3,436,157,564,4.5,33.8612,26.6267
2017,6,16,10,30,30.1,389,148,516,4.3,31.2569,24.5930
2017,6,16,11,0,30.900000000000002,470,273,715,4.1000000000000005,43.5934,34.3132
2017,6,16,11,30,31.5,125,872,934,4,57.1961,45.0321
2017,6,16,12,0,32.1,124,880,955,3.8000000000000003,58.6294,46.1676
2017,6,16,12,30,32.5,124,880,959,3.8000000000000003,58.9197,46.3983
2017,6,16,13,0,32.9,252,631,846,3.8000000000000003,51.9270,40.8893
2017,6,16,13,30,33,414,12,425,3.7,26.0153,20.4821
2017,6,16,14,0,33.1,307,483,739,3.6,45.0270,35.4402
2017,6,16,14,30,32.9,127,835,841,3.5,50.8971,40.0435
2017,6,16,15,0,32.7,328,403,653,3.5,39.1566,30.7882
2017,6,16,15,30,31.900000000000002,293,443,624,3.2,36.9625,29.0389
2017,6,16,16,0,31,241,12,249,2.8000000000000003,14.5159,11.3910
2017,6,16,16,30,30.3,131,3,133,2.7,7.5945,5.9500
2017,6,16,17,0,29.5,103,1,103,2.5,5.7254,4.4752
2017,6,16,17,30,28.700000000000003,12,0,12,2.1,0.6443,0.5018
2017,6,16,18,0,27.900000000000002,131,12,135,1.7000000000000002,6.9377,5.3753
2017,6,16,18,30,27,84,5,85,1.6,4.1587,3.1963
2017,6,16,19,0,26.1,15,0,15,1.4000000000000001,0.0000,0.0000
2017,6,16,19,30,25.3,13,0,13,1.4000000000000001,0.0000,0.0000
2017,6,16,20,0,24.6,0,0,0,1.4000000000000001,0.0000,0.0000
2017,6,16,20,30,24.1,0,0,0,1.8,0.0000,0.0000
2017,6,16,21,0,23.6,0,0,0,2.2,0.0000,0.0000
2017,6,16,21,30,22.900000000000002,0,0,0,2.6,0.0000,0.0000
2017,6,16,22,0,22.200000000000003,0,0,0,2.9000000000000004,0.0000,0.0000
2017,6,16,22,30,21.6,0,0,0,3.2,0.0000,0.0000
2017,6,16,23,0,21,0,0,0,3.4000000000000004,0.0000,0.0000
2017,6,16,23,30,20.5,0,0,0,3.3000000000000003,0.0000,0.0000
2017,6,17,0,0,19.900000000000002,0,0,0,3.1,0.0000,0.0000
2017,6,17,0,30,19.400000000000002,0,0,0,3,0.0000,0.0000
2017,6,17,1,0,18.8,0,0,0,2.9000000000000004,0.0000,0.0000
2017,6,17,1,30,18.3,0,0,0,2.7,0.0000,0.0000
2017,6,17,2,0,17.8,0,0,0,2.5,0.0000,0.0000
2017,6,17,2,30,17.5,0,0,0,2.1,0.0000,0.0000
2017,6,17,3,0,17.2,0,0,0,1.7000000000000002,0.0000,0.0000
2017,6,17,3,30,17.1,0,0,0,1.5,0.0000,0.0000
2017,6,17,4,0,17,0,0,0,1.3,0.0000,0.0000
2017,6,17,4,30,17.2,0,0,0,1.4000000000000001,0.0000,0.0000
2017,6,17,5,0,17.3,0,0,0,1.5,0.0000,0.0000
2017,6,17,5,30,17.900000000000002,19,0,19,1.6,0.0000,0.0000
2017,6,17,6,0,18.400000000000002,82,6,83,1.7000000000000002,3.9560,3.0162
2017,6,17,6,30,19.200000000000003,141,68,160,1.9000000000000001,7.8701,6.0552
2017,6,17,7,0,20,176,100,211,2.1,10.9014,8.4525
2017,6,17,7,30,21.3,102,4,104,2.5,5.6078,4.3702
2017,6,17,8,0,22.5,174,12,180,3,10.0396,7.8497
2017,6,17,8,30,23.3,265,233,407,3.4000000000000004,23.3012,18.2594
2017,6,17,9,0,24,294,140,390,3.9000000000000004,22.7818,17.8802
2017,6,17,9,30,24.400000000000002,339,138,443,3.6,26.2819,20.6501
2017,6,17,10,0,24.8,243,6,248,3.4000000000000004,14.8887,11.7077
2017,6,17,10,30,25.1,388,57,438,3.1,26.5312,20.8747
2017,6,17,11,0,25.5,352,15,365,2.8000000000000003,22.2537,17.5163
2017,6,17,11,30,25.3,350,9,359,2.9000000000000004,21.9844,17.3089
2017,6,17,12,0,25.200000000000003,121,0,121,2.9000000000000004,7.4285,5.8496
2017,6,17,12,30,24.400000000000002,290,4,294,3.4000000000000004,18.0634,14.2247
2017,6,17,13,0,23.700000000000003,361,380,719,3.8000000000000003,44.1333,34.7523
2017,6,17,13,30,22.900000000000002,406,184,576,3.6,35.2602,27.7608
2017,6,17,14,0,22.200000000000003,391,19,408,3.3000000000000003,24.8612,19.5680
2017,6,17,14,30,22.5,346,17,361,2.9000000000000004,21.8497,17.1904
2017,6,17,15,0,22.900000000000002,342,53,385,2.4000000000000004,23.0885,18.1543
2017,6,17,15,30,23.200000000000003,306,69,357,2.8000000000000003,21.1500,16.6163
2017,6,17,16,0,23.5,305,118,385,3.2,22.4486,17.6163
2017,6,17,16,30,23.3,272,73,316,3.7,18.0479,14.1401
2017,6,17,17,0,23.200000000000003,184,18,193,4.2,10.7316,8.3885
2017,6,17,17,30,22.6,198,230,299,4.2,16.0595,12.5098
2017,6,17,18,0,22,174,27,183,4.1000000000000005,9.4085,7.2902
2017,6,17,18,30,21.3,116,7,118,3.6,5.7763,4.4400
2017,6,17,19,0,20.6,59,1,59,3,0.0000,0.0000
2017,6,17,19,30,19.5,21,0,21,2.5,0.0000,0.0000
2017,6,17,20,0,18.400000000000002,0,0,0,2.1,0.0000,0.0000
2017,6,17,20,30,18,0,0,0,2.2,0.0000,0.0000
2017,6,17,21,0,17.5,0,0,0,2.2,0.0000,0.0000
2017,6,17,21,30,17.2,0,0,0,2.4000000000000004,0.0000,0.0000
2017,6,17,22,0,16.8,0,0,0,2.6,0.0000,0.0000
2017,6,17,22,30,16.400000000000002,0,0,0,2.7,0.0000,0.0000
2017,6,17,23,0,16,0,0,0,2.8000000000000003,0.0000,0.0000
2017,6,17,23,30,15.5,0,0,0,2.7,0.0000,0.0000
2017,6,18,0,0,14.9,0,0,0,2.6,0.0000,0.0000
2017,6,18,0,30,14.600000000000001,0,0,0,2.7,0.0000,0.0000
2017,6,18,1,0,14.3,0,0,0,2.8000000000000003,0.0000,0.0000
2017,6,18,1,30,14.100000000000001,0,0,0,3.2,0.0000,0.0000
2017,6,18,2,0,13.9,0,0,0,3.5,0.0000,0.0000
2017,6,18,2,30,13.600000000000001,0,0,0,3.2,0.0000,0.0000
2017,6,18,3,0,13.3,0,0,0,2.9000000000000004,0.0000,0.0000
2017,6,18,3,30,12.9,0,0,0,2.5,0.0000,0.0000
2017,6,18,4,0,12.600000000000001,0,0,0,2,0.0000,0.0000
2017,6,18,4,30,13,0,0,0,2.3000000000000003,0.0000,0.0000
2017,6,18,5,0,13.4,0,0,0,2.6,0.0000,0.0000
2017,6,18,5,30,14.4,30,280,57,3.1,0.0000,0.0000
2017,6,18,6,0,15.5,47,467,132,3.6,6.2915,4.7967
2017,6,18,6,30,16.900000000000002,61,589,219,4,10.7692,8.2854
2017,6,18,7,0,18.2,70,683,314,4.3,16.2187,12.5749
2017,6,18,7,30,19.400000000000002,78,745,411,4.7,22.1587,17.2679
2017,6,18,8,0,20.5,84,796,506,5,28.2178,22.0626
2017,6,18,8,30,21.3,90,832,598,5.300000000000001,34.2319,26.8248
2017,6,18,9,0,22.1,92,865,684,5.6000000000000005,39.9519,31.3559
2017,6,18,9,30,22.700000000000003,96,887,763,5.800000000000001,45.2632,35.5638
2017,6,18,10,0,23.400000000000002,96,909,833,6,50.0064,39.3222
2017,6,18,10,30,23.900000000000002,99,922,891,6.1000000000000005,53.9694,42.4630
2017,6,18,11,0,24.400000000000002,98,936,939,6.2,57.2485,45.0613
2017,6,18,11,30,24.8,99,942,973,6.2,59.5838,46.9120
2017,6,18,12,0,25.200000000000003,105,939,991,6.2,60.8405,47.9088
2017,6,18,12,30,25.5,105,940,998,6.1000000000000005,61.3183,48.2873
2017,6,18,13,0,25.700000000000003,106,937,990,6.1000000000000005,60.7698,47.8527
2017,6,18,13,30,25.900000000000002,490,301,769,6,47.0767,37.0642
2017,6,18,14,0,26.1,105,924,932,6,56.7936,44.7018
2017,6,18,14,30,26.1,458,273,692,5.800000000000001,41.8869,32.9551
2017,6,18,15,0,26.200000000000003,103,896,824,5.7,49.4204,38.8590
2017,6,18,15,30,26,414,186,553,5.5,32.7660,25.7425
2017,6,18,16,0,25.900000000000002,100,845,673,5.2,39.2477,30.7996
2017,6,18,16,30,25.5,95,812,585,4.800000000000001,33.4185,26.1830
2017,6,18,17,0,25.1,92,762,491,4.3,27.3092,21.3470
2017,6,18,17,30,24.200000000000003,85,711,396,3.4000000000000004,21.2770,16.5747
2017,6,18,18,0,23.3,78,626,298,2.5,15.3278,11.8774
2017,6,18,18,30,21.6,66,532,205,2,10.0395,7.7177
2017,6,18,19,0,20,88,19,91,1.5,0.0000,0.0000
2017,6,18,19,30,19,39,3,39,1.4000000000000001,0.0000,0.0000
2017,6,18,20,0,17.900000000000002,0,0,0,1.4000000000000001,0.0000,0.0000
2017,6,18,20,30,17.6,0,0,0,1.3,0.0000,0.0000
2017,6,18,21,0,17.2,0,0,0,1.2000000000000002,0.0000,0.0000
2017,6,18,21,30,17,0,0,0,1.2000000000000002,0.0000,0.0000
2017,6,18,22,0,16.8,0,0,0,1.1,0.0000,0.0000
2017,6,18,22,30,16.7,0,0,0,1.1,0.0000,0.0000
2017,6,18,23,0,16.6,0,0,0,1.1,0.0000,0.0000
2017,6,18,23,30,16.5,0,0,0,1,0.0000,0.0000
2017,6,19,0,0,16.400000000000002,0,0,0,1,0.0000,0.0000
2017,6,19,0,30,16.1,0,0,0,1,0.0000,0.0000
2017,6,19,1,0,15.8,0,0,0,1,0.0000,0.0000
2017,6,19,1,30,15.5,0,0,0,1.1,0.0000,0.0000
2017,6,19,2,0,15.100000000000001,0,0,0,1.1,0.0000,0.0000
2017,6,19,2,30,14.9,0,0,0,1.2000000000000002,0.0000,0.0000
2017,6,19,3,0,14.700000000000001,0,0,0,1.3,0.0000,0.0000
2017,6,19,3,30,14.5,0,0,0,1.4000000000000001,0.0000,0.0000
2017,6,19,4,0,14.3,0,0,0,1.5,0.0000,0.0000
2017,6,19,4,30,14.600000000000001,0,0,0,1.8,0.0000,0.0000
2017,6,19,5,0,14.9,0,0,0,2,0.0000,0.0000
2017,6,19,5,30,16,32,244,54,2.7,0.0000,0.0000
2017,6,19,6,0,17.2,49,446,130,3.3000000000000003,6.1962,4.7239
2017,6,19,6,30,18.3,63,571,217,3.2,10.6680,8.2071
2017,6,19,7,0,19.5,72,670,312,3.2,16.1112,12.4911
2017,6,19,7,30,21.200000000000003,81,734,408,3.5,21.9924,17.1379
2017,6,19,8,0,23,85,791,505,3.9000000000000004,28.1576,22.0152
2017,6,19,8,30,24,91,828,596,4.2,34.1132,26.7315
2017,6,19,9,0,25.1,94,860,683,4.6000000000000005,39.8897,31.3068
2017,6,19,9,30,25.6,98,882,761,4.6000000000000005,45.1412,35.4678
2017,6,19,10,0,26.1,101,901,831,4.6000000000000005,49.8835,39.2253
2017,6,19,10,30,26.6,104,911,887,4.6000000000000005,53.7246,42.2703
2017,6,19,11,0,27,105,922,934,4.5,56.9423,44.8201
2017,6,19,11,30,27.400000000000002,107,929,968,4.5,59.2770,46.6704
2017,6,19,12,0,27.700000000000003,105,937,989,4.5,60.7178,47.8121
2017,6,19,12,30,28,105,938,995,4.5,61.1345,48.1425
2017,6,19,13,0,28.200000000000003,105,937,988,4.4,60.6486,47.7573
2017,6,19,13,30,28.400000000000002,104,933,967,4.4,59.2003,46.6093
2017,6,19,14,0,28.5,104,921,929,4.3,56.6143,44.5609
2017,6,19,14,30,28.5,102,911,882,4.1000000000000005,53.3910,42.0063
2017,6,19,15,0,28.6,106,885,820,4,49.1853,38.6744
2017,6,19,15,30,28.400000000000002,103,865,748,3.8000000000000003,44.3245,34.8236
2017,6,19,16,0,28.200000000000003,102,835,669,3.7,39.0207,30.6218
2017,6,19,16,30,27.8,97,805,583,3.3000000000000003,33.3112,26.0994
2017,6,19,17,0,27.3,91,763,491,2.9000000000000004,27.3166,21.3534
2017,6,19,17,30,26.5,83,712,396,2.3000000000000003,21.2845,16.5812
2017,6,19,18,0,25.700000000000003,75,645,302,1.7000000000000002,15.5404,12.0429
2017,6,19,18,30,24.1,63,554,209,1.3,10.2390,7.8716
2017,6,19,19,0,22.5,49,416,121,1,0.0000,0.0000
2017,6,19,19,30,22,30,233,50,1,0.0000,0.0000
2017,6,19,20,0,21.400000000000002,0,0,0,1.1,0.0000,0.0000
2017,6,19,20,30,21.400000000000002,0,0,0,1,0.0000,0.0000
2017,6,19,21,0,21.400000000000002,0,0,0,0.9,0.0000,0.0000
2017,6,19,21,30,21.200000000000003,0,0,0,0.9,0.0000,0.0000
2017,6,19,22,0,21.1,0,0,0,0.8,0.0000,0.0000
2017,6,19,22,30,20.5,0,0,0,0.9,0.0000,0.0000
2017,6,19,23,0,19.8,0,0,0,0.9,0.0000,0.0000
2017,6,19,23,30,19,0,0,0,1,0.0000,0.0000
2017,6,20,0,0,18.2,0,0,0,1.1,0.0000,0.0000
2017,6,20,0,30,17.400000000000002,0,0,0,1.2000000000000002,0.0000,0.0000
2017,6,20,1,0,16.7,0,0,0,1.2000000000000002,0.0000,0.0000
2017,6,20,1,30,16.3,0,0,0,1.3,0.0000,0.0000
2017,6,20,2,0,15.9,0,0,0,1.3,0.0000,0.0000
2017,6,20,2,30,15.8,0,0,0,1.4000000000000001,0.0000,0.0000
2017,6,20,3,0,15.600000000000001,0,0,0,1.5,0.0000,0.0000
2017,6,20,3,30,15.600000000000001,0,0,0,1.7000000000000002,0.0000,0.0000
2017,6,20,4,0,15.600000000000001,0,0,0,1.9000000000000001,0.0000,0.0000
2017,6,20,4,30,16.1,0,0,0,2.3000000000000003,0.0000,0.0000
2017,6,20,5,0,16.7,0,0,0,2.7,0.0000,0.0000
2017,6,20,5,30,17.900000000000002,39,1,39,3.4000000000000004,0.0000,0.0000
2017,6,20,6,0,19,86,9,88,4,4.1944,3.1976
2017,6,20,6,30,20.3,139,124,172,4.1000000000000005,8.4535,6.5030
2017,6,20,7,0,21.5,71,673,312,4.2,16.1070,12.4874
2017,6,20,7,30,23.3,79,737,407,4.1000000000000005,21.9324,17.0906
2017,6,20,8,0,25.200000000000003,84,792,503,4.1000000000000005,28.0401,21.9229
2017,6,20,8,30,26.900000000000002,90,828,595,4.3,34.0504,26.6819
2017,6,20,9,0,28.700000000000003,92,863,682,4.5,39.8262,31.2567
2017,6,20,9,30,29.6,96,882,758,4.6000000000000005,44.9587,35.3242
2017,6,20,10,0,30.5,98,900,826,4.6000000000000005,49.5804,38.9869
2017,6,20,10,30,31,100,910,882,4.5,53.4193,42.0299
2017,6,20,11,0,31.5,225,672,829,4.4,50.5390,39.7799
2017,6,20,11,30,31.8,104,922,958,4.2,58.6635,46.1873
2017,6,20,12,0,32.1,115,909,973,4.1000000000000005,59.7350,47.0382
2017,6,20,12,30,32.300000000000004,115,908,977,3.9000000000000004,60.0290,47.2720
2017,6,20,13,0,32.5,117,899,965,3.7,59.2378,46.6464
2017,6,20,13,30,32.5,116,893,942,3.5,57.6716,45.4058
2017,6,20,14,0,32.6,115,882,906,3.4000000000000004,55.2147,43.4594
2017,6,20,14,30,32.4,113,869,858,3.2,51.9415,40.8660
2017,6,20,15,0,32.2,109,857,800,2.9000000000000004,47.9895,37.7343
2017,6,20,15,30,31.900000000000002,105,838,732,2.8000000000000003,43.3818,34.0834
2017,6,20,16,0,31.6,99,819,655,2.6,38.2091,29.9852
2017,6,20,16,30,31,93,789,571,2.5,32.6324,25.5679
2017,6,20,17,0,30.400000000000002,86,756,482,2.4000000000000004,26.8217,20.9669
2017,6,20,17,30,29.400000000000002,160,450,358,2.3000000000000003,19.2475,14.9947
2017,6,20,18,0,28.3,70,645,297,2.2,15.2884,11.8482
2017,6,20,18,30,26.400000000000002,59,559,206,2,10.0956,7.7619
2017,6,20,19,0,24.6,46,431,121,1.9000000000000001,5.7693,4.3967
2017,6,20,19,30,23.5,28,253,50,2,0.0000,0.0000
2017,6,20,20,0,22.400000000000002,0,0,0,2,0.0000,0.0000
2017,6,20,20,30,22,0,0,0,2.2,0.0000,0.0000
2017,6,20,21,0,21.5,0,0,0,2.4000000000000004,0.0000,0.0000
2017,6,20,21,30,21.200000000000003,0,0,0,2.6,0.0000,0.0000
2017,6,20,22,0,20.8,0,0,0,2.8000000000000003,0.0000,0.0000
2017,6,20,22,30,20.400000000000002,0,0,0,3,0.0000,0.0000
2017,6,20,23,0,20.1,0,0,0,3.1,0.0000,0.0000
2017,6,20,23,30,19.700000000000003,0,0,0,3.2,0.0000,0.0000
2017,6,21,0,0,19.400000000000002,0,0,0,3.3000000000000003,0.0000,0.0000
2017,6,21,0,30,19.1,0,0,0,3.3000000000000003,0.0000,0.0000
2017,6,21,1,0,18.900000000000002,0,0,0,3.3000000000000003,0.0000,0.0000
2017,6,21,1,30,18.8,0,0,0,3.1,0.0000,0.0000
2017,6,21,2,0,18.7,0,0,0,3,0.0000,0.0000
2017,6,21,2,30,18.6,0,0,0,2.8000000000000003,0.0000,0.0000
2017,6,21,3,0,18.5,0,0,0,2.6,0.0000,0.0000
2017,6,21,3,30,18.400000000000002,0,0,0,2.5,0.0000,0.0000
2017,6,21,4,0,18.3,0,0,0,2.3000000000000003,0.0000,0.0000
2017,6,21,4,30,18.5,0,0,0,2.4000000000000004,0.0000,0.0000
2017,6,21,5,0,18.8,0,0,0,2.6,0.0000,0.0000
2017,6,21,5,30,19.8,31,200,49,2.8000000000000003,0.0000,0.0000
2017,6,21,6,0,20.8,53,362,118,3.1,5.6245,4.2876
2017,6,21,6,30,22.200000000000003,70,483,199,3.2,9.7769,7.5206
2017,6,21,7,0,23.700000000000003,189,78,217,3.3000000000000003,11.1987,8.6817
2017,6,21,7,30,25.200000000000003,197,247,306,3.5,16.4851,12.8455
2017,6,21,8,0,26.700000000000003,274,188,374,3.6,20.8444,16.2967
2017,6,21,8,30,27.900000000000002,327,94,384,3.8000000000000003,21.9718,17.2169
2017,6,21,9,0,29.1,338,69,386,4,22.5381,17.6883
2017,6,21,9,30,30,122,797,719,4.4,42.6413,33.5032
2017,6,21,10,0,31,116,832,790,4.9,47.4158,37.2846
2017,6,21,10,30,31.8,119,847,846,5.300000000000001,51.2358,40.3118
2017,6,21,11,0,32.6,117,865,894,5.7,54.4996,42.8973
2017,6,21,11,30,33,119,872,927,6,56.7635,44.6913
2017,6,21,12,0,33.5,110,891,950,6.2,58.3219,45.9255
2017,6,21,12,30,33.800000000000004,110,891,956,6.300000000000001,58.7387,46.2559
2017,6,21,13,0,34.1,109,890,949,6.4,58.2561,45.8734
2017,6,21,13,30,34.300000000000004,108,886,928,6.4,56.8156,44.7319
2017,6,21,14,0,34.5,107,878,894,6.4,54.4861,42.8860
2017,6,21,14,30,34.6,105,869,849,6.300000000000001,51.3999,40.4400
2017,6,21,15,0,34.7,119,824,784,6.2,47.0335,36.9828
2017,6,21,15,30,34.7,115,804,717,6,42.4972,33.3885
2017,6,21,16,0,34.7,110,780,641,5.800000000000001,37.3972,29.3484
2017,6,21,16,30,34.300000000000004,104,749,558,5.4,31.8947,24.9903
2017,6,21,17,0,34,97,711,470,5,26.1596,20.4498
2017,6,21,17,30,33.1,88,659,378,4.7,20.3285,15.8374
2017,6,21,18,0,32.300000000000004,138,350,262,4.5,13.4915,10.4561
2017,6,21,18,30,31.1,109,287,184,4.6000000000000005,9.0206,6.9359
2017,6,21,19,0,29.900000000000002,81,42,88,4.7,4.1956,3.1975
2017,6,21,19,30,28.900000000000002,40,8,41,4.800000000000001,0.0000,0.0000
2017,6,21,20,0,27.8,0,0,0,4.9,0.0000,0.0000
2017,6,21,20,30,27.200000000000003,0,0,0,5,0.0000,0.0000
2017,6,21,21,0,26.5,0,0,0,5.1000000000000005,0.0000,0.0000
2017,6,21,21,30,26,0,0,0,5.1000000000000005,0.0000,0.0000
2017,6,21,22,0,25.5,0,0,0,5.1000000000000005,0.0000,0.0000
2017,6,21,22,30,25.200000000000003,0,0,0,5,0.0000,0.0000
2017,6,21,23,0,24.8,0,0,0,5,0.0000,0.0000
2017,6,21,23,30,24.6,0,0,0,4.9,0.0000,0.0000
2017,6,22,0,0,24.3,0,0,0,4.9,0.0000,0.0000
2017,6,22,0,30,24.1,0,0,0,4.800000000000001,0.0000,0.0000
2017,6,22,1,0,23.8,0,0,0,4.7,0.0000,0.0000
2017,6,22,1,30,23.5,0,0,0,4.7,0.0000,0.0000
2017,6,22,2,0,23.3,0,0,0,4.7,0.0000,0.0000
2017,6,22,2,30,22.900000000000002,0,0,0,4.6000000000000005,0.0000,0.0000
2017,6,22,3,0,22.6,0,0,0,4.4,0.0000,0.0000
2017,6,22,3,30,22.1,0,0,0,4.1000000000000005,0.0000,0.0000
2017,6,22,4,0,21.6,0,0,0,3.7,0.0000,0.0000
2017,6,22,4,30,21.5,0,0,0,3.6,0.0000,0.0000
2017,6,22,5,0,21.400000000000002,0,0,0,3.5,0.0000,0.0000
2017,6,22,5,30,22,29,246,52,3.5,0.0000,0.0000
2017,6,22,6,0,22.700000000000003,49,414,122,3.5,5.8153,4.4329
2017,6,22,6,30,23.900000000000002,63,536,207,3.9000000000000004,10.1663,7.8196
2017,6,22,7,0,25,76,618,296,4.2,15.2690,11.8365
2017,6,22,7,30,26.200000000000003,87,684,390,4.2,21.0046,16.3667
2017,6,22,8,0,27.5,97,725,480,4.1000000000000005,26.7465,20.9107
2017,6,22,8,30,28.400000000000002,104,763,569,3.7,32.5518,25.5069
2017,6,22,9,0,29.3,114,785,651,3.4000000000000004,38.0063,29.8278
2017,6,22,9,30,30,120,807,725,2.9000000000000004,42.9929,33.7792
2017,6,22,10,0,30.700000000000003,130,816,790,2.5,47.4121,37.2815
2017,6,22,10,30,31.200000000000003,436,302,696,2.3000000000000003,42.1488,33.1621
2017,6,22,11,0,31.8,141,833,888,2,54.1312,42.6072
2017,6,22,11,30,32.1,459,91,544,1.9000000000000001,33.3100,26.2258
2017,6,22,12,0,32.300000000000004,456,50,503,1.9000000000000001,30.8794,24.3159
2017,6,22,12,30,32.4,490,138,621,1.9000000000000001,38.1553,30.0467
2017,6,22,13,0,32.5,422,255,663,1.9000000000000001,40.6998,32.0488
2017,6,22,13,30,32.2,435,28,461,2.1,28.2247,22.2218
2017,6,22,14,0,31.900000000000002,418,25,440,2.3000000000000003,26.8171,21.1078
2017,6,22,14,30,31.3,305,1,306,2.9000000000000004,18.5266,14.5763
2017,6,22,15,0,30.700000000000003,377,170,515,3.5,30.8975,24.2951
2017,6,22,15,30,30,294,27,314,4.1000000000000005,18.6124,14.6232
2017,6,22,16,0,29.3,301,75,352,4.800000000000001,20.5384,16.1181
2017,6,22,16,30,28.5,275,23,289,5.300000000000001,16.5210,12.9448
2017,6,22,17,0,27.6,165,1,165,5.800000000000001,9.1852,7.1804
2017,6,22,17,30,26.6,141,1,142,5.9,7.6382,5.9509
2017,6,22,18,0,25.700000000000003,164,12,168,6,8.6533,6.7067
2017,6,22,18,30,24.700000000000003,109,3,110,5.7,5.3942,4.1478
2017,6,22,19,0,23.8,55,0,56,5.4,2.6698,2.0348
2017,6,22,19,30,23,23,0,23,5,0.0000,0.0000
2017,6,22,20,0,22.1,0,0,0,4.7,0.0000,0.0000
2017,6,22,20,30,21.6,0,0,0,4.4,0.0000,0.0000
2017,6,22,21,0,21,0,0,0,4.1000000000000005,0.0000,0.0000
2017,6,22,21,30,20.5,0,0,0,3.6,0.0000,0.0000
2017,6,22,22,0,20,0,0,0,3.1,0.0000,0.0000
2017,6,22,22,30,19.5,0,0,0,2.7,0.0000,0.0000
2017,6,22,23,0,19,0,0,0,2.3000000000000003,0.0000,0.0000
2017,6,22,23,30,18.6,0,0,0,2.2,0.0000,0.0000
2017,6,23,0,0,18.3,0,0,0,2,0.0000,0.0000
2017,6,23,0,30,18,0,0,0,2.1,0.0000,0.0000
2017,6,23,1,0,17.8,0,0,0,2.1,0.0000,0.0000
2017,6,23,1,30,17.7,0,0,0,2.3000000000000003,0.0000,0.0000
2017,6,23,2,0,17.6,0,0,0,2.5,0.0000,0.0000
2017,6,23,2,30,17.3,0,0,0,2.5,0.0000,0.0000
2017,6,23,3,0,17,0,0,0,2.6,0.0000,0.0000
2017,6,23,3,30,16.6,0,0,0,2.5,0.0000,0.0000
2017,6,23,4,0,16.2,0,0,0,2.5,0.0000,0.0000
2017,6,23,4,30,16,0,0,0,3,0.0000,0.0000
2017,6,23,5,0,15.8,0,0,0,3.5,0.0000,0.0000
2017,6,23,5,30,16.5,24,0,24,4.4,0.0000,0.0000
2017,6,23,6,0,17.1,53,3,53,5.300000000000001,2.5264,1.9257
2017,6,23,6,30,17.8,52,1,52,6.1000000000000005,2.5527,1.9633
2017,6,23,7,0,18.5,74,1,74,6.9,3.8159,2.9580
2017,6,23,7,30,19,65,0,66,7.1000000000000005,3.5534,2.7687
2017,6,23,8,0,19.5,102,1,102,7.2,5.6821,4.4422
2017,6,23,8,30,19.8,106,1,107,7.300000000000001,6.1201,4.7955
2017,6,23,9,0,20.1,284,44,314,7.4,18.3288,14.3845
2017,6,23,9,30,20.400000000000002,165,0,165,7.2,9.7834,7.6866
2017,6,23,10,0,20.6,106,0,106,6.9,6.3610,5.0018
2017,6,23,10,30,21.1,312,15,325,6.7,19.6803,15.4842
2017,6,23,11,0,21.6,89,945,937,6.5,57.1153,44.9559
2017,6,23,11,30,22.3,507,221,712,6.5,43.5952,34.3235
2017,6,23,12,0,23,91,960,997,6.5,61.2047,48.1954
2017,6,23,12,30,23.400000000000002,443,441,861,6.4,52.9009,41.6587
2017,6,23,13,0,23.8,94,959,999,6.300000000000001,61.3259,48.2908
2017,6,23,13,30,23.900000000000002,460,382,814,6.300000000000001,49.8376,39.2381
2017,6,23,14,0,24,94,943,940,6.300000000000001,57.2925,45.0951
2017,6,23,14,30,23.900000000000002,437,82,508,6.2,30.7576,24.1993
2017,6,23,15,0,23.8,451,189,604,6.2,36.2393,28.4954
2017,6,23,15,30,23.6,96,888,760,6,45.0526,35.3966
2017,6,23,16,0,23.400000000000002,92,866,681,5.9,39.7399,31.1873
2017,6,23,16,30,23,87,840,597,5.6000000000000005,34.1324,26.7442
2017,6,23,17,0,22.700000000000003,295,116,356,5.300000000000001,19.8220,15.4960
2017,6,23,17,30,22.200000000000003,243,144,307,4.800000000000001,16.5171,12.8686
2017,6,23,18,0,21.700000000000003,190,140,240,4.4,12.3651,9.5839
2017,6,23,18,30,20.400000000000002,143,85,165,3.4000000000000004,8.0935,6.2237
2017,6,23,19,0,19.1,48,459,129,2.5,6.1498,4.6872
2017,6,23,19,30,17.8,30,272,54,2.2,0.0000,0.0000
2017,6,23,20,0,16.5,0,0,0,1.9000000000000001,0.0000,0.0000
2017,6,23,20,30,16,0,0,0,2,0.0000,0.0000
2017,6,23,21,0,15.5,0,0,0,2.1,0.0000,0.0000
2017,6,23,21,30,15.100000000000001,0,0,0,2.2,0.0000,0.0000
2017,6,23,22,0,14.600000000000001,0,0,0,2.4000000000000004,0.0000,0.0000
2017,6,23,22,30,14.200000000000001,0,0,0,2.5,0.0000,0.0000
2017,6,23,23,0,13.8,0,0,0,2.6,0.0000,0.0000
2017,6,23,23,30,13.3,0,0,0,2.5,0.0000,0.0000
2017,6,24,0,0,12.8,0,0,0,2.4000000000000004,0.0000,0.0000
2017,6,24,0,30,12.4,0,0,0,2.3000000000000003,0.0000,0.0000
2017,6,24,1,0,11.9,0,0,0,2.1,0.0000,0.0000
2017,6,24,1,30,11.5,0,0,0,2,0.0000,0.0000
2017,6,24,2,0,11.100000000000001,0,0,0,1.9000000000000001,0.0000,0.0000
2017,6,24,2,30,10.700000000000001,0,0,0,1.8,0.0000,0.0000
2017,6,24,3,0,10.3,0,0,0,1.6,0.0000,0.0000
2017,6,24,3,30,10,0,0,0,1.5,0.0000,0.0000
2017,6,24,4,0,9.600000000000001,0,0,0,1.4000000000000001,0.0000,0.0000
2017,6,24,4,30,10.100000000000001,0,0,0,1.4000000000000001,0.0000,0.0000
2017,6,24,5,0,10.600000000000001,0,0,0,1.3,0.0000,0.0000
2017,6,24,5,30,12.200000000000001,26,375,60,1.8,0.0000,0.0000
2017,6,24,6,0,13.8,41,552,139,2.3000000000000003,6.6262,5.0505
2017,6,24,6,30,15.4,52,669,230,2.3000000000000003,11.2858,8.6792
2017,6,24,7,0,17,61,744,325,2.3000000000000003,16.7518,12.9846
2017,6,24,7,30,18.900000000000002,69,803,424,3,22.8199,17.7798
2017,6,24,8,0,20.8,76,844,521,3.7,29.0155,22.6835
2017,6,24,8,30,21.700000000000003,81,874,612,4.2,34.9973,27.4223
2017,6,24,9,0,22.700000000000003,87,898,699,4.7,40.7955,32.0161
2017,6,24,9,30,23.3,90,920,779,5,46.1835,36.2854
2017,6,24,10,0,24,95,929,846,5.4,50.7630,39.9158
2017,6,24,10,30,24.5,98,942,906,5.7,54.8584,43.1615
2017,6,24,11,0,25,102,949,953,6,58.0870,45.7205
2017,6,24,11,30,25.400000000000002,104,955,988,6.2,60.4921,47.6266
2017,6,24,12,0,25.8,124,927,999,6.4,61.3259,48.2908
2017,6,24,12,30,26.1,454,456,886,6.5,54.4356,42.8672
2017,6,24,13,0,26.400000000000002,125,927,999,6.6000000000000005,61.3254,48.2903
2017,6,24,13,30,26.5,494,144,627,6.6000000000000005,38.3888,30.2243
2017,6,24,14,0,26.6,122,913,941,6.6000000000000005,57.3549,45.1442
2017,6,24,14,30,26.5,472,135,588,6.5,35.6029,28.0116
2017,6,24,15,0,26.400000000000002,121,879,832,6.4,49.9219,39.2545
2017,6,24,15,30,26.1,363,410,670,6.300000000000001,39.7204,31.2074
2017,6,24,16,0,25.8,111,838,682,6.2,39.8008,31.2353
2017,6,24,16,30,25.3,314,300,496,6,28.3615,22.2226
2017,6,24,17,0,24.8,204,434,432,5.800000000000001,24.0563,18.8064
2017,6,24,17,30,23.900000000000002,238,41,256,5.2,13.7761,10.7333
2017,6,24,18,0,23.1,76,663,311,4.7,16.0274,12.4228
2017,6,24,18,30,21.6,65,576,218,3.9000000000000004,10.6960,8.2255
2017,6,24,19,0,20,90,119,111,3.1,5.2915,4.0331
2017,6,24,19,30,18.6,30,274,55,2.8000000000000003,0.0000,0.0000
2017,6,24,20,0,17.2,0,0,0,2.6,0.0000,0.0000
2017,6,24,20,30,16.5,0,0,0,2.6,0.0000,0.0000
2017,6,24,21,0,15.9,0,0,0,2.7,0.0000,0.0000
2017,6,24,21,30,15.200000000000001,0,0,0,2.7,0.0000,0.0000
2017,6,24,22,0,14.600000000000001,0,0,0,2.7,0.0000,0.0000
2017,6,24,22,30,14,0,0,0,2.6,0.0000,0.0000
2017,6,24,23,0,13.4,0,0,0,2.4000000000000004,0.0000,0.0000
2017,6,24,23,30,12.8,0,0,0,2.2,0.0000,0.0000
2017,6,25,0,0,12.200000000000001,0,0,0,2,0.0000,0.0000
2017,6,25,0,30,11.8,0,0,0,2,0.0000,0.0000
2017,6,25,1,0,11.4,0,0,0,1.9000000000000001,0.0000,0.0000
2017,6,25,1,30,11.100000000000001,0,0,0,1.9000000000000001,0.0000,0.0000
2017,6,25,2,0,10.8,0,0,0,1.9000000000000001,0.0000,0.0000
2017,6,25,2,30,10.5,0,0,0,1.9000000000000001,0.0000,0.0000
2017,6,25,3,0,10.3,0,0,0,1.9000000000000001,0.0000,0.0000
2017,6,25,3,30,10.100000000000001,0,0,0,1.9000000000000001,0.0000,0.0000
2017,6,25,4,0,9.8,0,0,0,1.9000000000000001,0.0000,0.0000
2017,6,25,4,30,10.3,0,0,0,2.2,0.0000,0.0000
2017,6,25,5,0,10.700000000000001,0,0,0,2.5,0.0000,0.0000
2017,6,25,5,30,11.8,36,1,36,2.8000000000000003,0.0000,0.0000
2017,6,25,6,0,12.8,41,532,135,3,6.4359,4.9052
2017,6,25,6,30,14.3,53,650,225,3.6,11.0356,8.4860
2017,6,25,7,0,15.9,61,739,323,4.2,16.6400,12.8970
2017,6,25,7,30,16.8,68,798,421,4.6000000000000005,22.6489,17.6458
2017,6,25,8,0,17.7,72,852,521,4.9,29.0061,22.6755
2017,6,25,8,30,18.5,77,886,614,5,35.1029,27.5045
2017,6,25,9,0,19.3,80,916,703,5,41.0210,32.1926
2017,6,25,9,30,20,83,936,783,4.9,46.4149,36.4668
2017,6,25,10,0,20.8,84,954,855,4.800000000000001,51.2969,40.3354
2017,6,25,10,30,21.5,87,966,915,4.6000000000000005,55.3982,43.5859
2017,6,25,11,0,22.200000000000003,87,976,963,4.4,58.6929,46.1972
2017,6,25,11,30,22.8,88,982,998,4.2,61.1013,48.1061
2017,6,25,12,0,23.400000000000002,92,978,1015,4,62.3060,49.0624
2017,6,25,12,30,23.8,92,980,1022,3.8000000000000003,62.7904,49.4464
2017,6,25,13,0,24.200000000000003,93,977,1015,3.6,62.3071,49.0633
2017,6,25,13,30,24.400000000000002,92,970,990,3.4000000000000004,60.6139,47.7225
2017,6,25,14,0,24.700000000000003,94,960,955,3.2,58.2089,45.8165
2017,6,25,14,30,24.700000000000003,92,951,908,3,54.9795,43.2568
2017,6,25,15,0,24.8,106,907,839,2.8000000000000003,50.3429,39.5856
2017,6,25,15,30,24.700000000000003,103,889,769,2.7,45.5918,35.8206
2017,6,25,16,0,24.5,100,863,688,2.5,40.1548,31.5133
2017,6,25,16,30,24.200000000000003,95,834,601,2.4000000000000004,34.3683,26.9294
2017,6,25,17,0,23.900000000000002,88,796,508,2.2,28.2930,22.1188
2017,6,25,17,30,23.200000000000003,81,748,412,1.8,22.1740,17.2766
2017,6,25,18,0,22.6,71,687,315,1.4000000000000001,16.2364,12.5851
2017,6,25,18,30,21,61,600,220,1.1,10.7951,8.3018
2017,6,25,19,0,19.400000000000002,46,486,132,0.8,6.2925,4.7961
2017,6,25,19,30,18.1,29,302,56,1,0.0000,0.0000
2017,6,25,20,0,16.900000000000002,0,0,0,1.1,0.0000,0.0000
2017,6,25,20,30,16.2,0,0,0,1.1,0.0000,0.0000
2017,6,25,21,0,15.600000000000001,0,0,0,1.2000000000000002,0.0000,0.0000
2017,6,25,21,30,15.200000000000001,0,0,0,1.3,0.0000,0.0000
2017,6,25,22,0,14.8,0,0,0,1.4000000000000001,0.0000,0.0000
2017,6,25,22,30,14.600000000000001,0,0,0,1.5,0.0000,0.0000
2017,6,25,23,0,14.4,0,0,0,1.7000000000000002,0.0000,0.0000
2017,6,25,23,30,14.3,0,0,0,1.9000000000000001,0.0000,0.0000
2017,6,26,0,0,14.3,0,0,0,2,0.0000,0.0000
2017,6,26,0,30,14.3,0,0,0,2.1,0.0000,0.0000
2017,6,26,1,0,14.3,0,0,0,2.1,0.0000,0.0000
2017,6,26,1,30,14.3,0,0,0,2.2,0.0000,0.0000
2017,6,26,2,0,14.3,0,0,0,2.4000000000000004,0.0000,0.0000
2017,6,26,2,30,14.3,0,0,0,2.5,0.0000,0.0000
2017,6,26,3,0,14.3,0,0,0,2.7,0.0000,0.0000
2017,6,26,3,30,14.200000000000001,0,0,0,2.3000000000000003,0.0000,0.0000
2017,6,26,4,0,14,0,0,0,2,0.0000,0.0000
2017,6,26,4,30,14.100000000000001,0,0,0,1.8,0.0000,0.0000
2017,6,26,5,0,14.200000000000001,0,0,0,1.6,0.0000,0.0000
2017,6,26,5,30,14.8,24,0,24,1.8,0.0000,0.0000
2017,6,26,6,0,15.3,75,16,77,2,3.6712,2.7978
2017,6,26,6,30,16.2,78,461,199,2,9.7551,7.5006
2017,6,26,7,0,17.2,93,563,291,2,14.9835,11.6124
2017,6,26,7,30,18.3,105,636,385,2.2,20.7035,16.1294
2017,6,26,8,0,19.400000000000002,112,705,482,2.5,26.8261,20.9707
2017,6,26,8,30,20.1,120,749,574,2.7,32.8079,25.7057
2017,6,26,9,0,20.900000000000002,118,804,665,3,38.7962,30.4462
2017,6,26,9,30,21.6,123,831,744,3.2,44.0964,34.6449
2017,6,26,10,0,22.400000000000002,413,333,681,3.4000000000000004,40.8527,32.1227
2017,6,26,10,30,23,121,886,880,3.6,53.2742,41.9145
2017,6,26,11,0,23.6,116,911,933,3.9000000000000004,56.8602,44.7545
2017,6,26,11,30,24,117,921,970,4,59.3840,46.7539
2017,6,26,12,0,24.400000000000002,125,918,991,4.2,60.8302,47.9001
2017,6,26,12,30,24.6,126,919,998,4.3,61.3139,48.2836
2017,6,26,13,0,24.900000000000002,119,930,996,4.4,61.1397,48.1440
2017,6,26,13,30,24.900000000000002,118,926,976,4.4,59.7567,47.0477
2017,6,26,14,0,25,463,73,528,4.3,32.1825,25.3310
2017,6,26,14,30,24.900000000000002,108,922,899,4.3,54.4354,42.8287
2017,6,26,15,0,24.8,106,910,842,4.2,50.5249,39.7288
2017,6,26,15,30,24.5,103,892,771,4,45.7127,35.9157
2017,6,26,16,0,24.3,95,880,695,3.8000000000000003,40.5647,31.8351
2017,6,26,16,30,23.8,90,851,607,3.6,34.7142,27.2007
2017,6,26,17,0,23.3,81,825,516,3.4000000000000004,28.7401,22.4684
2017,6,26,17,30,22.5,74,782,421,3,22.6616,17.6568
2017,6,26,18,0,21.700000000000003,64,731,324,2.6,16.7032,12.9472
2017,6,26,18,30,19.900000000000002,55,647,227,2,11.1406,8.5678
2017,6,26,19,0,18.1,43,538,138,1.3,6.5784,5.0141
2017,6,26,19,30,16.7,27,354,59,1.3,0.0000,0.0000
2017,6,26,20,0,15.3,0,0,0,1.3,0.0000,0.0000
2017,6,26,20,30,14.8,0,0,0,1.3,0.0000,0.0000
2017,6,26,21,0,14.200000000000001,0,0,0,1.3,0.0000,0.0000
2017,6,26,21,30,13.8,0,0,0,1.3,0.0000,0.0000
2017,6,26,22,0,13.3,0,0,0,1.3,0.0000,0.0000
2017,6,26,22,30,12.9,0,0,0,1.3,0.0000,0.0000
2017,6,26,23,0,12.5,0,0,0,1.3,0.0000,0.0000
2017,6,26,23,30,12.100000000000001,0,0,0,1.3,0.0000,0.0000
2017,6,27,0,0,11.700000000000001,0,0,0,1.3,0.0000,0.0000
2017,6,27,0,30,11.4,0,0,0,1.3,0.0000,0.0000
2017,6,27,1,0,11.100000000000001,0,0,0,1.3,0.0000,0.0000
2017,6,27,1,30,10.700000000000001,0,0,0,1.3,0.0000,0.0000
2017,6,27,2,0,10.4,0,0,0,1.3,0.0000,0.0000
2017,6,27,2,30,10.200000000000001,0,0,0,1.3,0.0000,0.0000
2017,6,27,3,0,9.9,0,0,0,1.3,0.0000,0.0000
2017,6,27,3,30,9.700000000000001,0,0,0,1.4000000000000001,0.0000,0.0000
2017,6,27,4,0,9.600000000000001,0,0,0,1.4000000000000001,0.0000,0.0000
2017,6,27,4,30,10.200000000000001,0,0,0,1.7000000000000002,0.0000,0.0000
2017,6,27,5,0,10.8,0,0,0,2,0.0000,0.0000
2017,6,27,5,30,12.100000000000001,27,340,56,2.5,0.0000,0.0000
2017,6,27,6,0,13.4,44,516,134,3,6.3895,4.8692
2017,6,27,6,30,15.100000000000001,56,633,223,3.3000000000000003,10.9258,8.3998
2017,6,27,7,0,16.8,67,715,318,3.6,16.3651,12.6822
2017,6,27,7,30,18.6,75,773,415,4.3,22.3073,17.3781
2017,6,27,8,0,20.400000000000002,83,817,511,5.1000000000000005,28.4309,22.2245
2017,6,27,8,30,21.3,89,850,603,5.2,34.4568,26.9971
2017,6,27,9,0,22.200000000000003,95,871,687,5.300000000000001,40.0719,31.4468
2017,6,27,9,30,23.1,100,890,764,5.300000000000001,45.2737,35.5695
2017,6,27,10,0,23.900000000000002,106,896,829,5.4,49.7252,39.0989
2017,6,27,10,30,24.700000000000003,109,907,886,5.5,53.6323,42.1961
2017,6,27,11,0,25.6,120,899,925,5.5,56.3684,44.3672
2017,6,27,11,30,26.200000000000003,122,901,955,5.7,58.4621,46.0280
2017,6,27,12,0,26.8,129,895,973,5.800000000000001,59.7227,47.0280
2017,6,27,12,30,27.3,129,892,976,6,59.9603,47.2176
2017,6,27,13,0,27.8,129,887,965,6.2,59.2357,46.6447
2017,6,27,13,30,28.1,127,881,943,6.300000000000001,57.7351,45.4559
2017,6,27,14,0,28.400000000000002,126,867,904,6.5,55.1004,43.3697
2017,6,27,14,30,28.400000000000002,124,855,857,6.6000000000000005,51.8931,40.8285
2017,6,27,15,0,28.400000000000002,125,830,796,6.800000000000001,47.7656,37.5591
2017,6,27,15,30,28.200000000000003,120,809,727,6.800000000000001,43.1050,33.8669
2017,6,27,16,0,28.1,121,770,647,6.800000000000001,37.7655,29.6384
2017,6,27,16,30,27.6,114,737,562,6.7,32.1420,25.1853
2017,6,27,17,0,27.200000000000003,242,27,256,6.6000000000000005,14.2602,11.1484
2017,6,27,17,30,26.6,216,270,335,6.300000000000001,18.0336,14.0510
2017,6,27,18,0,25.900000000000002,192,58,212,6,10.9302,8.4725
2017,6,27,18,30,25.1,137,27,144,5.9,7.0678,5.4357
2017,6,27,19,0,24.3,82,5,83,5.800000000000001,3.9566,3.0157
2017,6,27,19,30,23.700000000000003,36,1,36,6.2,0.0000,0.0000
2017,6,27,20,0,23,0,0,0,6.5,0.0000,0.0000
2017,6,27,20,30,22.700000000000003,0,0,0,6.6000000000000005,0.0000,0.0000
2017,6,27,21,0,22.3,0,0,0,6.6000000000000005,0.0000,0.0000
2017,6,27,21,30,22.1,0,0,0,6.300000000000001,0.0000,0.0000
2017,6,27,22,0,21.8,0,0,0,6.1000000000000005,0.0000,0.0000
2017,6,27,22,30,21.6,0,0,0,6.2,0.0000,0.0000
2017,6,27,23,0,21.3,0,0,0,6.2,0.0000,0.0000
2017,6,27,23,30,21.1,0,0,0,6.300000000000001,0.0000,0.0000
2017,6,28,0,0,20.900000000000002,0,0,0,6.300000000000001,0.0000,0.0000
2017,6,28,0,30,20.700000000000003,0,0,0,6.2,0.0000,0.0000
2017,6,28,1,0,20.5,0,0,0,6.1000000000000005,0.0000,0.0000
2017,6,28,1,30,20.400000000000002,0,0,0,5.9,0.0000,0.0000
2017,6,28,2,0,20.3,0,0,0,5.7,0.0000,0.0000
2017,6,28,2,30,20.200000000000003,0,0,0,5.6000000000000005,0.0000,0.0000
2017,6,28,3,0,20.1,0,0,0,5.5,0.0000,0.0000
2017,6,28,3,30,20.1,0,0,0,5.4,0.0000,0.0000
2017,6,28,4,0,20,0,0,0,5.300000000000001,0.0000,0.0000
2017,6,28,4,30,20,0,0,0,5.1000000000000005,0.0000,0.0000
2017,6,28,5,0,19.900000000000002,0,0,0,5,0.0000,0.0000
2017,6,28,5,30,20.3,24,0,24,4.9,0.0000,0.0000
2017,6,28,6,0,20.6,48,2,49,4.800000000000001,0.0000,0.0000
2017,6,28,6,30,21.6,92,11,95,5,4.6516,3.5757
2017,6,28,7,0,22.6,133,28,142,5.1000000000000005,7.3032,5.6591
2017,6,28,7,30,23.8,234,141,296,5.300000000000001,15.9029,12.3882
2017,6,28,8,0,25,21,0,21,5.5,1.1679,0.9130
2017,6,28,8,30,26,281,28,298,5.4,17.0234,13.3376
2017,6,28,9,0,27,334,65,378,5.300000000000001,22.0433,17.2984
2017,6,28,9,30,27.900000000000002,381,286,595,5.2,35.2536,27.6969
2017,6,28,10,0,28.700000000000003,425,254,629,5,37.7235,29.6617
2017,6,28,10,30,29.3,116,869,860,4.9,52.0527,40.9530
2017,6,28,11,0,30,114,888,908,4.7,55.3276,43.5478
2017,6,28,11,30,30.5,115,897,944,4.6000000000000005,57.7846,45.4944
2017,6,28,12,0,31,112,908,967,4.5,59.3513,46.7354
2017,6,28,12,30,31.3,112,909,974,4.3,59.8351,47.1188
2017,6,28,13,0,31.6,107,915,970,4.2,59.5406,46.8847
2017,6,28,13,30,31.700000000000003,107,911,950,4.1000000000000005,58.1631,45.7929
2017,6,28,14,0,31.8,104,907,918,3.9000000000000004,55.9530,44.0408
2017,6,28,14,30,31.700000000000003,102,896,870,3.8000000000000003,52.6803,41.4478
2017,6,28,15,0,31.700000000000003,103,875,810,3.7,48.6057,38.2197
2017,6,28,15,30,31.5,99,858,742,3.5,43.9955,34.5666
2017,6,28,16,0,31.200000000000003,94,837,665,3.3000000000000003,38.8162,30.4630
2017,6,28,16,30,30.8,89,808,581,2.9000000000000004,33.2301,26.0379
2017,6,28,17,0,30.400000000000002,83,772,491,2.6,27.3506,21.3824
2017,6,28,17,30,29.700000000000003,76,725,397,2.2,21.3727,16.6528
2017,6,28,18,0,29,68,662,303,1.8,15.6219,12.1093
2017,6,28,18,30,27.400000000000002,58,577,211,1.4000000000000001,10.3563,7.9647
2017,6,28,19,0,25.8,89,48,98,1,4.6716,3.5608
2017,6,28,19,30,24.900000000000002,43,16,45,1,0.0000,0.0000
2017,6,28,20,0,24,0,0,0,1.1,0.0000,0.0000
2017,6,28,20,30,23.700000000000003,0,0,0,1,0.0000,0.0000
2017,6,28,21,0,23.400000000000002,0,0,0,1,0.0000,0.0000
2017,6,28,21,30,23.1,0,0,0,1,0.0000,0.0000
2017,6,28,22,0,22.700000000000003,0,0,0,1,0.0000,0.0000
2017,6,28,22,30,22.400000000000002,0,0,0,1,0.0000,0.0000
2017,6,28,23,0,22.1,0,0,0,0.9,0.0000,0.0000
2017,6,28,23,30,22.1,0,0,0,0.9,0.0000,0.0000
2017,6,29,0,0,22.1,0,0,0,0.8,0.0000,0.0000
2017,6,29,0,30,21.8,0,0,0,0.7000000000000001,0.0000,0.0000
2017,6,29,1,0,21.6,0,0,0,0.7000000000000001,0.0000,0.0000
2017,6,29,1,30,21.200000000000003,0,0,0,0.7000000000000001,0.0000,0.0000
2017,6,29,2,0,20.8,0,0,0,0.7000000000000001,0.0000,0.0000
2017,6,29,2,30,20.400000000000002,0,0,0,0.7000000000000001,0.0000,0.0000
2017,6,29,3,0,19.900000000000002,0,0,0,0.8,0.0000,0.0000
2017,6,29,3,30,19.700000000000003,0,0,0,0.6000000000000001,0.0000,0.0000
2017,6,29,4,0,19.6,0,0,0,0.5,0.0000,0.0000
2017,6,29,4,30,19.5,0,0,0,0.5,0.0000,0.0000
2017,6,29,5,0,19.5,0,0,0,0.4,0.0000,0.0000
2017,6,29,5,30,19.6,26,1,26,0.8,0.0000,0.0000
2017,6,29,6,0,19.700000000000003,29,0,29,1.2000000000000002,0.0000,0.0000
2017,6,29,6,30,20,51,1,51,1.8,2.4956,1.9182
2017,6,29,7,0,20.200000000000003,69,1,69,2.3000000000000003,3.5465,2.7479
2017,6,29,7,30,20.6,93,1,93,2.5,4.9940,3.8901
2017,6,29,8,0,21,215,21,226,2.8000000000000003,12.5652,9.8216
2017,6,29,8,30,21.900000000000002,270,45,297,2.8000000000000003,16.9613,13.2887
2017,6,29,9,0,22.8,248,13,257,2.8000000000000003,14.9837,11.7582
2017,6,29,9,30,24.3,364,131,461,2.9000000000000004,27.3093,21.4552
2017,6,29,10,0,25.700000000000003,395,176,536,3.1,32.1415,25.2724
2017,6,29,10,30,26.900000000000002,430,194,596,2.8000000000000003,36.0698,28.3780
2017,6,29,11,0,28,330,496,774,2.6,47.1584,37.1177
2017,6,29,11,30,28.700000000000003,142,853,930,2.3000000000000003,56.9236,44.8163
2017,6,29,12,0,29.400000000000002,131,874,954,2.1,58.5499,46.1041
2017,6,29,12,30,29.700000000000003,131,874,960,1.9000000000000001,58.9721,46.4392
2017,6,29,13,0,30,135,864,950,1.7000000000000002,58.3110,45.9163
2017,6,29,13,30,30.1,135,858,929,1.6,56.8757,44.7792
2017,6,29,14,0,30.1,138,841,893,1.5,54.4285,42.8409
2017,6,29,14,30,30,300,488,718,1.6,43.4757,34.2058
2017,6,29,15,0,30,135,807,787,1.6,47.2255,37.1345
2017,6,29,15,30,29.8,130,787,719,1.7000000000000002,42.6317,33.4951
2017,6,29,16,0,29.6,125,758,643,1.8,37.5332,29.4562
2017,6,29,16,30,29.200000000000003,247,377,477,1.8,27.2829,21.3780
2017,6,29,17,0,28.8,253,156,336,1.8,18.7175,14.6332
2017,6,29,17,30,28.200000000000003,49,552,293,1.7000000000000002,15.7738,12.2903
2017,6,29,18,0,27.5,169,66,192,1.6,9.8990,7.6732
2017,6,29,18,30,26.1,119,35,128,1.4000000000000001,6.2825,4.8317
2017,6,29,19,0,24.700000000000003,66,6,68,1.2000000000000002,3.2415,2.4707
2017,6,29,19,30,23.8,24,0,24,1.4000000000000001,0.0000,0.0000
2017,6,29,20,0,22.8,0,0,0,1.5,0.0000,0.0000
2017,6,29,20,30,22.5,0,0,0,1.5,0.0000,0.0000
2017,6,29,21,0,22.200000000000003,0,0,0,1.6,0.0000,0.0000
2017,6,29,21,30,21.8,0,0,0,1.6,0.0000,0.0000
2017,6,29,22,0,21.5,0,0,0,1.7000000000000002,0.0000,0.0000
2017,6,29,22,30,21,0,0,0,2.1,0.0000,0.0000
2017,6,29,23,0,20.400000000000002,0,0,0,2.5,0.0000,0.0000
2017,6,29,23,30,19.700000000000003,0,0,0,3,0.0000,0.0000
2017,6,30,0,0,19,0,0,0,3.5,0.0000,0.0000
2017,6,30,0,30,18.3,0,0,0,3.7,0.0000,0.0000
2017,6,30,1,0,17.6,0,0,0,3.9000000000000004,0.0000,0.0000
2017,6,30,1,30,17.1,0,0,0,3.8000000000000003,0.0000,0.0000
2017,6,30,2,0,16.6,0,0,0,3.7,0.0000,0.0000
2017,6,30,2,30,16.400000000000002,0,0,0,3.4000000000000004,0.0000,0.0000
2017,6,30,3,0,16.2,0,0,0,3.1,0.0000,0.0000
2017,6,30,3,30,16,0,0,0,3,0.0000,0.0000
2017,6,30,4,0,15.8,0,0,0,2.8000000000000003,0.0000,0.0000
2017,6,30,4,30,15.700000000000001,0,0,0,3.2,0.0000,0.0000
2017,6,30,5,0,15.600000000000001,0,0,0,3.6,0.0000,0.0000
2017,6,30,5,30,16.1,34,4,34,3.9000000000000004,0.0000,0.0000
2017,6,30,6,0,16.6,77,24,81,4.1000000000000005,0.0000,0.0000
2017,6,30,6,30,17.6,59,572,207,4.1000000000000005,10.1232,7.7798
2017,6,30,7,0,18.6,68,668,301,4,15.4616,11.9789
2017,6,30,7,30,19.900000000000002,76,732,396,4,21.2543,16.5551
2017,6,30,8,0,21.200000000000003,82,785,491,4,27.2868,21.3279
2017,6,30,8,30,22.1,88,822,583,4.1000000000000005,33.2846,26.0768
2017,6,30,9,0,23,93,851,669,4.1000000000000005,38.9954,30.6005
2017,6,30,9,30,23.700000000000003,97,874,747,4,44.2427,34.7582
2017,6,30,10,0,24.400000000000002,101,890,817,3.9000000000000004,48.9849,38.5157
2017,6,30,10,30,25,104,902,874,3.5,52.8884,41.6099
2017,6,30,11,0,25.6,108,910,921,3.2,56.1091,44.1624
2017,6,30,11,30,26.1,109,917,956,3,58.5102,46.0652
2017,6,30,12,0,26.5,295,605,864,2.8000000000000003,53.0231,41.7520
2017,6,30,12,30,26.900000000000002,108,922,982,2.9000000000000004,60.3206,47.5009
2017,6,30,13,0,27.3,437,249,672,2.9000000000000004,41.2459,32.4785
2017,6,30,13,30,27.400000000000002,465,177,629,3,38.5078,30.3178
2017,6,30,14,0,27.6,458,109,555,3.1,33.8265,26.6249
2017,6,30,14,30,27.400000000000002,302,536,762,3.2,46.1392,36.3014
2017,6,30,15,0,27.3,383,184,531,3.4000000000000004,31.8637,25.0551
2017,6,30,15,30,26.5,228,592,672,3.8000000000000003,39.8450,31.3056
2017,6,30,16,0,25.700000000000003,233,532,596,4.3,34.7897,27.3031
2017,6,30,16,30,24.400000000000002,290,107,355,4.5,20.3049,15.9103
2017,6,30,17,0,23.1,216,22,228,4.800000000000001,12.7012,9.9297
2017,6,30,17,30,22.1,209,69,239,4.3,12.8667,10.0252
2017,6,30,18,0,21.1,137,16,143,3.9000000000000004,7.3727,5.7149
2017,6,30,18,30,20.400000000000002,115,22,121,2.9000000000000004,5.9389,4.5675
2017,6,30,19,0,19.700000000000003,56,6,57,2,2.7172,2.0711
2017,6,30,19,30,18.8,32,2,32,1.5,0.0000,0.0000
2017,6,30,20,0,17.900000000000002,0,0,0,1,0.0000,0.0000
2017,6,30,20,30,17.5,0,0,0,1,0.0000,0.0000
2017,6,30,21,0,17,0,0,0,1,0.0000,0.0000
2017,6,30,21,30,16.7,0,0,0,1.1,0.0000,0.0000
2017,6,30,22,0,16.400000000000002,0,0,0,1.2000000000000002,0.0000,0.0000
2017,6,30,22,30,16.1,0,0,0,1.3,0.0000,0.0000
2017,6,30,23,0,15.9,0,0,0,1.4000000000000001,0.0000,0.0000
2017,6,30,23,30,15.700000000000001,0,0,0,1.6,0.0000,0.0000
2017,7,1,0,0,15.5,0,0,0,1.7000000000000002,0.0000,0.0000
2017,7,1,0,30,15.3,0,0,0,1.8,0.0000,0.0000
2017,7,1,1,0,15.100000000000001,0,0,0,1.9000000000000001,0.0000,0.0000
2017,7,1,1,30,14.700000000000001,0,0,0,1.9000000000000001,0.0000,0.0000
2017,7,1,2,0,14.3,0,0,0,1.9000000000000001,0.0000,0.0000
2017,7,1,2,30,13.8,0,0,0,1.8,0.0000,0.0000
2017,7,1,3,0,13.3,0,0,0,1.7000000000000002,0.0000,0.0000
2017,7,1,3,30,12.9,0,0,0,1.5,0.0000,0.0000
2017,7,1,4,0,12.4,0,0,0,1.4000000000000001,0.0000,0.0000
2017,7,1,4,30,12.600000000000001,0,0,0,1.3,0.0000,0.0000
2017,7,1,5,0,12.9,0,0,0,1.2000000000000002,0.0000,0.0000
2017,7,1,5,30,14.100000000000001,25,299,50,1.6,0.0000,0.0000
2017,7,1,6,0,15.4,42,485,124,2,0.0000,0.0000
2017,7,1,6,30,16.7,55,609,212,1.9000000000000001,10.3605,7.9611
2017,7,1,7,0,18,65,689,305,1.7000000000000002,15.6573,12.1296
2017,7,1,7,30,20,74,752,401,2,21.5120,16.7549
2017,7,1,8,0,22,80,801,496,2.3000000000000003,27.5541,21.5361
2017,7,1,8,30,23.200000000000003,86,837,589,2.4000000000000004,33.6158,26.3356
2017,7,1,9,0,24.3,90,866,676,2.5,39.3944,30.9130
2017,7,1,9,30,25.1,94,889,755,2.5,44.7086,35.1237
2017,7,1,10,0,26,96,905,823,2.5,49.3367,38.7919
2017,7,1,10,30,26.700000000000003,99,918,883,2.6,53.4262,42.0327
2017,7,1,11,0,27.400000000000002,102,927,930,2.6,56.6517,44.5892
2017,7,1,11,30,28,103,931,963,2.6,58.9338,46.3985
2017,7,1,12,0,28.6,108,928,981,2.6,60.1991,47.4024
2017,7,1,12,30,29.1,108,927,986,2.6,60.5629,47.6915
2017,7,1,13,0,29.5,110,920,977,2.6,59.9630,47.2170
2017,7,1,13,30,29.8,109,913,954,2.5,58.4021,45.9808
2017,7,1,14,0,30.1,113,897,917,2.5,55.8886,43.9899
2017,7,1,14,30,30.200000000000003,111,885,869,2.4000000000000004,52.6164,41.3974
2017,7,1,15,0,30.3,112,862,809,2.3000000000000003,48.5447,38.1717
2017,7,1,15,30,30.3,108,842,739,2.2,43.8165,34.4259
2017,7,1,16,0,30.3,368,193,499,2,29.1267,22.8587
2017,7,1,16,30,30,297,51,327,1.9000000000000001,18.7026,14.6547
2017,7,1,17,0,29.700000000000003,250,34,268,1.7000000000000002,14.9286,11.6710
2017,7,1,17,30,29,192,265,309,1.7000000000000002,16.6340,12.9605
2017,7,1,18,0,28.400000000000002,187,110,226,1.7000000000000002,11.6510,9.0311
2017,7,1,18,30,26.700000000000003,137,41,148,1.7000000000000002,7.2628,5.5855
2017,7,1,19,0,25,87,20,90,1.7000000000000002,4.2904,3.2701
2017,7,1,19,30,24.3,29,248,51,2.2,0.0000,0.0000
2017,7,1,20,0,23.6,0,0,0,2.8000000000000003,0.0000,0.0000
2017,7,1,20,30,23.3,0,0,0,3.2,0.0000,0.0000
2017,7,1,21,0,23.1,0,0,0,3.6,0.0000,0.0000
2017,7,1,21,30,22.8,0,0,0,3.8000000000000003,0.0000,0.0000
2017,7,1,22,0,22.5,0,0,0,4,0.0000,0.0000
2017,7,1,22,30,22.3,0,0,0,4.1000000000000005,0.0000,0.0000
2017,7,1,23,0,22.1,0,0,0,4.2,0.0000,0.0000
2017,7,1,23,30,22.1,0,0,0,4.2,0.0000,0.0000
2017,7,2,0,0,22,0,0,0,4.2,0.0000,0.0000
2017,7,2,0,30,21.900000000000002,0,0,0,4.3,0.0000,0.0000
2017,7,2,1,0,21.700000000000003,0,0,0,4.3,0.0000,0.0000
2017,7,2,1,30,21.6,0,0,0,4.4,0.0000,0.0000
2017,7,2,2,0,21.400000000000002,0,0,0,4.5,0.0000,0.0000
2017,7,2,2,30,21.200000000000003,0,0,0,4.5,0.0000,0.0000
2017,7,2,3,0,21,0,0,0,4.5,0.0000,0.0000
2017,7,2,3,30,20.700000000000003,0,0,0,4.4,0.0000,0.0000
2017,7,2,4,0,20.5,0,0,0,4.3,0.0000,0.0000
2017,7,2,4,30,20.3,0,0,0,4.2,0.0000,0.0000
2017,7,2,5,0,20.200000000000003,0,0,0,4.1000000000000005,0.0000,0.0000
2017,7,2,5,30,20.6,32,3,32,4,0.0000,0.0000
2017,7,2,6,0,20.900000000000002,79,8,80,3.9000000000000004,0.0000,0.0000
2017,7,2,6,30,22,115,34,124,3.8000000000000003,6.0557,4.6526
2017,7,2,7,0,23.1,114,10,117,3.7,6.0020,4.6492
2017,7,2,7,30,24.5,37,645,317,4.4,16.9960,13.2367
2017,7,2,8,0,26,258,256,391,5.2,21.7115,16.9688
2017,7,2,8,30,26.3,233,4,235,5.300000000000001,13.4081,10.5040
2017,7,2,9,0,26.6,310,219,458,5.5,26.6833,20.9381
2017,7,2,9,30,26.3,283,388,570,5.2,33.7466,26.5114
2017,7,2,10,0,25.900000000000002,342,310,591,4.9,35.4232,27.8519
2017,7,2,10,30,26.1,347,17,361,4.5,21.8393,17.1817
2017,7,2,11,0,26.3,439,242,655,4.1000000000000005,39.8953,31.4004
2017,7,2,11,30,27.3,273,552,782,3.7,47.8525,37.6740
2017,7,2,12,0,28.3,455,139,585,3.3000000000000003,35.8957,28.2651
2017,7,2,12,30,29.3,344,465,784,3.1,48.1527,37.9187
2017,7,2,13,0,30.3,108,904,959,2.9000000000000004,58.8552,46.3445
2017,7,2,13,30,30.8,107,900,939,2.8000000000000003,57.4815,45.2559
2017,7,2,14,0,31.3,104,896,907,2.7,55.2764,43.5079
2017,7,2,14,30,31.3,102,886,862,2.6,52.1910,41.0626
2017,7,2,15,0,31.400000000000002,110,853,800,2.4000000000000004,48.0028,37.7455
2017,7,2,15,30,31.200000000000003,252,552,665,2.1,39.4270,30.9770
2017,7,2,16,0,31.1,219,506,564,1.9000000000000001,32.9197,25.8354
2017,7,2,16,30,30.700000000000003,96,785,573,1.6,32.7711,25.6782
2017,7,2,17,0,30.400000000000002,40,669,393,1.3,21.8904,17.1136
2017,7,2,17,30,29.700000000000003,207,112,257,1.2000000000000002,13.8338,10.7786
2017,7,2,18,0,29,168,53,187,1.1,9.6396,7.4719
2017,7,2,18,30,27.3,118,27,125,1,6.1336,4.7169
2017,7,2,19,0,25.6,76,14,79,0.9,3.7661,2.8704
2017,7,2,19,30,24.400000000000002,34,3,35,0.9,0.0000,0.0000
2017,7,2,20,0,23.200000000000003,0,0,0,1,0.0000,0.0000
2017,7,2,20,30,22.700000000000003,0,0,0,1.1,0.0000,0.0000
2017,7,2,21,0,22.200000000000003,0,0,0,1.1,0.0000,0.0000
2017,7,2,21,30,21.8,0,0,0,1.2000000000000002,0.0000,0.0000
2017,7,2,22,0,21.400000000000002,0,0,0,1.2000000000000002,0.0000,0.0000
2017,7,2,22,30,21.1,0,0,0,1.2000000000000002,0.0000,0.0000
2017,7,2,23,0,20.8,0,0,0,1.1,0.0000,0.0000
2017,7,2,23,30,20.6,0,0,0,1,0.0000,0.0000
2017,7,3,0,0,20.3,0,0,0,0.9,0.0000,0.0000
2017,7,3,0,30,20.1,0,0,0,0.8,0.0000,0.0000
2017,7,3,1,0,19.900000000000002,0,0,0,0.8,0.0000,0.0000
2017,7,3,1,30,19.8,0,0,0,0.7000000000000001,0.0000,0.0000
2017,7,3,2,0,19.700000000000003,0,0,0,0.7000000000000001,0.0000,0.0000
2017,7,3,2,30,19.6,0,0,0,0.6000000000000001,0.0000,0.0000
2017,7,3,3,0,19.5,0,0,0,0.6000000000000001,0.0000,0.0000
2017,7,3,3,30,19.5,0,0,0,0.5,0.0000,0.0000
2017,7,3,4,0,19.5,0,0,0,0.5,0.0000,0.0000
2017,7,3,4,30,19.700000000000003,0,0,0,0.5,0.0000,0.0000
2017,7,3,5,0,19.8,0,0,0,0.5,0.0000,0.0000
2017,7,3,5,30,20.400000000000002,31,2,31,0.7000000000000001,0.0000,0.0000
2017,7,3,6,0,21,77,22,80,0.9,0.0000,0.0000
2017,7,3,6,30,21.700000000000003,115,34,124,0.8,6.0515,4.6487
2017,7,3,7,0,22.400000000000002,163,164,219,0.8,11.2255,8.6944
2017,7,3,7,30,23.700000000000003,195,253,304,0.8,16.2885,12.6848
2017,7,3,8,0,25.1,229,278,373,0.7000000000000001,20.7028,16.1798
2017,7,3,8,30,26.3,106,755,558,0.7000000000000001,31.8249,24.9312
2017,7,3,9,0,27.5,236,427,523,0.8,30.4612,23.9021
2017,7,3,9,30,28.1,238,508,614,1.3,36.3431,28.5509
2017,7,3,10,0,28.8,217,615,710,1.8,42.5489,33.4542
2017,7,3,10,30,29,237,579,730,2.1,44.1569,34.7395
2017,7,3,11,0,29.3,216,625,773,2.3000000000000003,47.0771,37.0527
2017,7,3,11,30,29.400000000000002,232,617,801,2.5,49.0106,38.5855
2017,7,3,12,0,29.400000000000002,216,675,851,2.6,52.2134,41.1138
2017,7,3,12,30,29.400000000000002,454,371,806,2.7,49.5002,38.9797
2017,7,3,13,0,29.5,133,862,944,2.8000000000000003,57.9311,45.6166
2017,7,3,13,30,29.400000000000002,290,557,804,2.9000000000000004,49.2149,38.7473
2017,7,3,14,0,29.3,130,848,890,2.9000000000000004,54.2383,42.6907
2017,7,3,14,30,29.200000000000003,286,465,684,2.9000000000000004,41.4118,32.5817
2017,7,3,15,0,29,360,83,427,2.9000000000000004,25.6205,20.1458
2017,7,3,15,30,28.900000000000002,291,428,612,2.9000000000000004,36.2837,28.5074
2017,7,3,16,0,28.8,319,342,552,2.9000000000000004,32.2183,25.2848
2017,7,3,16,30,28.400000000000002,100,765,565,2.7,32.3123,25.3186
2017,7,3,17,0,28,93,728,477,2.5,26.5679,20.7702
2017,7,3,17,30,27.3,102,464,308,2.1,16.5779,12.9165
2017,7,3,18,0,26.6,168,122,211,1.7000000000000002,10.8748,8.4292
2017,7,3,18,30,25.6,121,55,136,1.5,6.6722,5.1309
2017,7,3,19,0,24.5,86,71,99,1.2000000000000002,4.7197,3.5971
2017,7,3,19,30,23.8,38,6,39,1.2000000000000002,0.0000,0.0000
2017,7,3,20,0,23.1,0,0,0,1.3,0.0000,0.0000
2017,7,3,20,30,22.8,0,0,0,1.3,0.0000,0.0000
2017,7,3,21,0,22.400000000000002,0,0,0,1.3,0.0000,0.0000
2017,7,3,21,30,22.1,0,0,0,1.3,0.0000,0.0000
2017,7,3,22,0,21.8,0,0,0,1.3,0.0000,0.0000
2017,7,3,22,30,21.400000000000002,0,0,0,1.3,0.0000,0.0000
2017,7,3,23,0,21.1,0,0,0,1.3,0.0000,0.0000
2017,7,3,23,30,20.700000000000003,0,0,0,1.3,0.0000,0.0000
2017,7,4,0,0,20.400000000000002,0,0,0,1.3,0.0000,0.0000
2017,7,4,0,30,20.1,0,0,0,1.4000000000000001,0.0000,0.0000
2017,7,4,1,0,19.8,0,0,0,1.4000000000000001,0.0000,0.0000
2017,7,4,1,30,19.6,0,0,0,1.5,0.0000,0.0000
2017,7,4,2,0,19.400000000000002,0,0,0,1.5,0.0000,0.0000
2017,7,4,2,30,19.200000000000003,0,0,0,1.5,0.0000,0.0000
2017,7,4,3,0,19.1,0,0,0,1.5,0.0000,0.0000
2017,7,4,3,30,19,0,0,0,1.5,0.0000,0.0000
2017,7,4,4,0,18.900000000000002,0,0,0,1.4000000000000001,0.0000,0.0000
2017,7,4,4,30,19.1,0,0,0,1.5,0.0000,0.0000
2017,7,4,5,0,19.3,0,0,0,1.6,0.0000,0.0000
2017,7,4,5,30,19.900000000000002,26,207,42,2,0.0000,0.0000
2017,7,4,6,0,20.5,47,390,111,2.4000000000000004,0.0000,0.0000
2017,7,4,6,30,21.400000000000002,62,519,193,2.4000000000000004,9.4117,7.2287
2017,7,4,7,0,22.200000000000003,73,617,285,2.4000000000000004,14.5981,11.3055
2017,7,4,7,30,23.700000000000003,83,685,378,2.7,20.2417,15.7625
2017,7,4,8,0,25.200000000000003,89,741,472,3,26.1845,20.4630
2017,7,4,8,30,26.400000000000002,96,781,562,3.3000000000000003,32.0421,25.1006
2017,7,4,9,0,27.6,98,817,648,3.6,37.7316,29.6064
2017,7,4,9,30,28.3,103,839,724,3.6,42.8453,33.6584
2017,7,4,10,0,29,106,859,794,3.7,47.5741,37.4048
2017,7,4,10,30,29.5,109,872,851,3.5,51.4686,40.4915
2017,7,4,11,0,30,111,883,898,3.4000000000000004,54.6835,43.0391
2017,7,4,11,30,30.400000000000002,113,888,931,3.3000000000000003,56.9595,44.8433
2017,7,4,12,0,30.8,116,890,952,3.2,58.4051,45.9890
2017,7,4,12,30,31,116,890,958,3,58.8309,46.3271
2017,7,4,13,0,31.200000000000003,117,885,950,2.9000000000000004,58.2958,45.9036
2017,7,4,13,30,31.200000000000003,116,881,931,2.9000000000000004,56.9854,44.8650
2017,7,4,14,0,31.3,117,869,896,2.8000000000000003,54.6005,42.9757
2017,7,4,14,30,31,115,859,851,2.8000000000000003,51.5201,40.5346
2017,7,4,15,0,30.8,115,840,793,2.8000000000000003,47.5781,37.4113
2017,7,4,15,30,30.5,111,822,726,2.8000000000000003,43.0392,33.8149
2017,7,4,16,0,30.1,107,796,649,2.7,37.8762,29.7249
2017,7,4,16,30,29.6,101,766,566,2.6,32.3668,25.3611
2017,7,4,17,0,29.200000000000003,95,725,477,2.5,26.5650,20.7678
2017,7,4,17,30,28.5,86,675,385,2.3000000000000003,20.7180,16.1419
2017,7,4,18,0,27.8,76,613,293,2,15.0984,11.7026
2017,7,4,18,30,26.700000000000003,64,524,203,1.7000000000000002,9.9565,7.6562
2017,7,4,19,0,25.6,48,406,119,1.4000000000000001,5.6734,4.3239
2017,7,4,19,30,24.8,29,236,49,1.4000000000000001,0.0000,0.0000
2017,7,4,20,0,23.900000000000002,0,0,0,1.5,0.0000,0.0000
2017,7,4,20,30,23.6,0,0,0,1.6,0.0000,0.0000
2017,7,4,21,0,23.200000000000003,0,0,0,1.8,0.0000,0.0000
2017,7,4,21,30,22.8,0,0,0,1.8,0.0000,0.0000
2017,7,4,22,0,22.400000000000002,0,0,0,1.9000000000000001,0.0000,0.0000
2017,7,4,22,30,21.900000000000002,0,0,0,1.8,0.0000,0.0000
2017,7,4,23,0,21.5,0,0,0,1.8,0.0000,0.0000
2017,7,4,23,30,21.1,0,0,0,1.8,0.0000,0.0000
2017,7,5,0,0,20.700000000000003,0,0,0,1.7000000000000002,0.0000,0.0000
2017,7,5,0,30,20.400000000000002,0,0,0,1.7000000000000002,0.0000,0.0000
2017,7,5,1,0,20.1,0,0,0,1.7000000000000002,0.0000,0.0000
2017,7,5,1,30,19.8,0,0,0,1.7000000000000002,0.0000,0.0000
2017,7,5,2,0,19.5,0,0,0,1.7000000000000002,0.0000,0.0000
2017,7,5,2,30,19.200000000000003,0,0,0,1.6,0.0000,0.0000
2017,7,5,3,0,18.8,0,0,0,1.6,0.0000,0.0000
2017,7,5,3,30,18.6,0,0,0,1.5,0.0000,0.0000
2017,7,5,4,0,18.3,0,0,0,1.4000000000000001,0.0000,0.0000
2017,7,5,4,30,18.5,0,0,0,1.5,0.0000,0.0000
2017,7,5,5,0,18.8,0,0,0,1.6,0.0000,0.0000
2017,7,5,5,30,19.8,29,3,29,1.9000000000000001,0.0000,0.0000
2017,7,5,6,0,20.8,70,3,71,2.2,0.0000,0.0000
2017,7,5,6,30,22.200000000000003,129,28,136,2.1,6.6270,5.0891
2017,7,5,7,0,23.700000000000003,141,294,241,2,12.3344,9.5513
2017,7,5,7,30,25.1,186,308,319,2,17.0712,13.2926
2017,7,5,8,0,26.6,205,422,422,2,23.4003,18.2864
2017,7,5,8,30,27.6,89,806,570,2.1,32.4857,25.4473
2017,7,5,9,0,28.5,182,581,573,2.1,33.3545,26.1713
2017,7,5,9,30,29.3,99,859,735,2.2,43.4861,34.1612
2017,7,5,10,0,30,103,876,804,2.4000000000000004,48.1644,37.8685
2017,7,5,10,30,30.6,106,888,861,2.5,52.0650,40.9602
2017,7,5,11,0,31.200000000000003,109,898,909,2.6,55.3462,43.5604
2017,7,5,11,30,31.700000000000003,110,906,944,2.6,57.7482,45.4639
2017,7,5,12,0,32.1,107,916,966,2.6,59.2587,46.6609
2017,7,5,12,30,32.4,107,917,974,2.6,59.8090,47.0970
2017,7,5,13,0,32.800000000000004,105,918,969,2.6,59.4575,46.8182
2017,7,5,13,30,32.9,104,913,947,2.6,57.9606,45.6325
2017,7,5,14,0,33.1,102,907,914,2.6,55.6939,43.8361
2017,7,5,14,30,33.1,100,900,871,2.5,52.7276,41.4844
2017,7,5,15,0,33.1,95,891,814,2.4000000000000004,48.8351,38.3996
2017,7,5,15,30,32.9,91,874,745,2.4000000000000004,44.1634,34.6980
2017,7,5,16,0,32.7,87,856,670,2.3000000000000003,39.0992,30.6846
2017,7,5,16,30,32.300000000000004,82,829,585,2.1,33.4491,26.2089
2017,7,5,17,0,31.900000000000002,76,794,495,2,27.5630,21.5477
2017,7,5,17,30,31.1,70,749,401,1.9000000000000001,21.5760,16.8101
2017,7,5,18,0,30.400000000000002,118,464,282,1.7000000000000002,14.5278,11.2599
2017,7,5,18,30,28.400000000000002,98,364,194,1.4000000000000001,9.5126,7.3144
2017,7,5,19,0,26.400000000000002,41,489,127,1.1,6.0551,4.6146
2017,7,5,19,30,25.3,26,312,53,1.3,0.0000,0.0000
2017,7,5,20,0,24.1,0,0,0,1.4000000000000001,0.0000,0.0000
2017,7,5,20,30,23.700000000000003,0,0,0,1.6,0.0000,0.0000
2017,7,5,21,0,23.3,0,0,0,1.8,0.0000,0.0000
2017,7,5,21,30,23,0,0,0,2,0.0000,0.0000
2017,7,5,22,0,22.700000000000003,0,0,0,2.1,0.0000,0.0000
2017,7,5,22,30,22.3,0,0,0,2.2,0.0000,0.0000
2017,7,5,23,0,22,0,0,0,2.3000000000000003,0.0000,0.0000
2017,7,5,23,30,21.6,0,0,0,2.4000000000000004,0.0000,0.0000
2017,7,6,0,0,21.200000000000003,0,0,0,2.5,0.0000,0.0000
2017,7,6,0,30,20.8,0,0,0,2.5,0.0000,0.0000
2017,7,6,1,0,20.5,0,0,0,2.6,0.0000,0.0000
2017,7,6,1,30,20,0,0,0,2.5,0.0000,0.0000
2017,7,6,2,0,19.5,0,0,0,2.5,0.0000,0.0000
2017,7,6,2,30,19.200000000000003,0,0,0,2.4000000000000004,0.0000,0.0000
2017,7,6,3,0,18.8,0,0,0,2.4000000000000004,0.0000,0.0000
2017,7,6,3,30,18.6,0,0,0,2.3000000000000003,0.0000,0.0000
2017,7,6,4,0,18.400000000000002,0,0,0,2.3000000000000003,0.0000,0.0000
2017,7,6,4,30,18.7,0,0,0,2.5,0.0000,0.0000
2017,7,6,5,0,19,0,0,0,2.7,0.0000,0.0000
2017,7,6,5,30,20.1,23,1,23,3,0.0000,0.0000
2017,7,6,6,0,21.1,67,10,69,3.3000000000000003,0.0000,0.0000
2017,7,6,6,30,22.5,119,83,140,3.2,6.8167,5.2339
2017,7,6,7,0,23.900000000000002,146,254,232,3.1,11.8642,9.1862
2017,7,6,7,30,25.900000000000002,82,689,377,3.5,20.1618,15.6980
2017,7,6,8,0,28,91,734,468,3.8000000000000003,25.9365,20.2673
2017,7,6,8,30,29.6,98,772,557,4.2,31.7325,24.8565
2017,7,6,9,0,31.3,102,805,642,4.5,37.3598,29.3134
2017,7,6,9,30,32.4,106,828,718,4.4,42.4703,33.3627
2017,7,6,10,0,33.5,108,849,786,4.4,47.0765,37.0126
2017,7,6,10,30,34.300000000000004,112,863,845,4.2,51.0892,40.1921
2017,7,6,11,0,35.1,114,875,892,4,54.3041,42.7398
2017,7,6,11,30,35.800000000000004,115,882,927,3.8000000000000003,56.7022,44.6402
2017,7,6,12,0,36.4,112,895,951,3.5,58.3327,45.9316
2017,7,6,12,30,36.9,113,898,961,3.3000000000000003,59.0052,46.4639
2017,7,6,13,0,37.4,113,895,955,3,58.5938,46.1379
2017,7,6,13,30,37.6,112,893,936,2.9000000000000004,57.2832,45.0990
2017,7,6,14,0,37.800000000000004,112,885,905,2.8000000000000003,55.1420,43.4016
2017,7,6,14,30,37.800000000000004,110,877,861,2.9000000000000004,52.1182,41.0047
2017,7,6,15,0,37.7,111,856,802,2.9000000000000004,48.1114,37.8303
2017,7,6,15,30,37.4,396,107,476,3,28.2143,22.1671
2017,7,6,16,0,37,108,804,656,3,38.2785,30.0403
2017,7,6,16,30,36.4,102,773,571,2.9000000000000004,32.6446,25.5783
2017,7,6,17,0,35.800000000000004,100,721,479,2.9000000000000004,26.6678,20.8475
2017,7,6,17,30,34.4,91,669,386,2.2,20.7645,16.1776
2017,7,6,18,0,33,84,581,289,1.6,14.8832,11.5348
2017,7,6,18,30,31.200000000000003,70,489,199,1.3,9.7543,7.4998
2017,7,6,19,0,29.400000000000002,54,347,114,1,5.4357,4.1424
2017,7,6,19,30,28.700000000000003,30,182,45,1.1,0.0000,0.0000
2017,7,6,20,0,27.900000000000002,0,0,0,1.1,0.0000,0.0000
2017,7,6,20,30,27.1,0,0,0,1.2000000000000002,0.0000,0.0000
2017,7,6,21,0,26.3,0,0,0,1.4000000000000001,0.0000,0.0000
2017,7,6,21,30,25.700000000000003,0,0,0,1.6,0.0000,0.0000
2017,7,6,22,0,25.200000000000003,0,0,0,1.8,0.0000,0.0000
2017,7,6,22,30,24.8,0,0,0,2.1,0.0000,0.0000
2017,7,6,23,0,24.400000000000002,0,0,0,2.3000000000000003,0.0000,0.0000
2017,7,6,23,30,24,0,0,0,2.5,0.0000,0.0000
2017,7,7,0,0,23.700000000000003,0,0,0,2.7,0.0000,0.0000
2017,7,7,0,30,23.200000000000003,0,0,0,2.8000000000000003,0.0000,0.0000
2017,7,7,1,0,22.8,0,0,0,3,0.0000,0.0000
2017,7,7,1,30,22.3,0,0,0,3,0.0000,0.0000
2017,7,7,2,0,21.700000000000003,0,0,0,3,0.0000,0.0000
2017,7,7,2,30,21,0,0,0,2.8000000000000003,0.0000,0.0000
2017,7,7,3,0,20.400000000000002,0,0,0,2.6,0.0000,0.0000
2017,7,7,3,30,19.8,0,0,0,2.6,0.0000,0.0000
2017,7,7,4,0,19.200000000000003,0,0,0,2.5,0.0000,0.0000
2017,7,7,4,30,19,0,0,0,2.8000000000000003,0.0000,0.0000
2017,7,7,5,0,18.900000000000002,0,0,0,3.1,0.0000,0.0000
2017,7,7,5,30,19.5,34,9,35,3.3000000000000003,0.0000,0.0000
2017,7,7,6,0,20.1,65,12,67,3.5,0.0000,0.0000
2017,7,7,6,30,21.200000000000003,116,34,125,3.7,6.0813,4.6684
2017,7,7,7,0,22.3,176,150,227,4,11.5981,8.9790
2017,7,7,7,30,23.3,71,750,392,4.5,20.9503,16.3107
2017,7,7,8,0,24.3,78,794,485,4.9,26.8650,20.9919
2017,7,7,8,30,25,84,829,576,5,32.8022,25.6935
2017,7,7,9,0,25.700000000000003,369,138,461,5,26.8188,21.0422
2017,7,7,9,30,26.200000000000003,289,27,309,5,18.2728,14.3540
2017,7,7,10,0,26.8,334,73,393,4.9,23.5334,18.5023
2017,7,7,10,30,27.1,395,149,521,4.7,31.4948,24.7769
2017,7,7,11,0,27.5,390,27,414,4.5,25.2003,19.8336
2017,7,7,11,30,27.8,122,0,122,4.3,7.4616,5.8743
2017,7,7,12,0,28.200000000000003,287,4,291,4,17.8477,14.0533
2017,7,7,12,30,28.700000000000003,266,4,269,3.8000000000000003,16.5152,13.0049
2017,7,7,13,0,29.200000000000003,423,306,711,3.5,43.6194,34.3465
2017,7,7,13,30,29.8,393,332,699,3.3000000000000003,42.7757,33.6772
2017,7,7,14,0,30.5,344,411,712,3,43.3786,34.1426
2017,7,7,14,30,30.900000000000002,353,360,661,2.8000000000000003,40.0086,31.4772
2017,7,7,15,0,31.3,114,860,808,2.5,48.4675,38.1101
2017,7,7,15,30,31.200000000000003,110,842,739,2.3000000000000003,43.7989,34.4111
2017,7,7,16,0,31.200000000000003,100,831,665,2.1,38.7987,30.4483
2017,7,7,16,30,30.8,95,804,582,1.8,33.2693,26.0675
2017,7,7,17,0,30.5,86,774,493,1.6,27.4428,21.4530
2017,7,7,17,30,29.8,79,726,399,1.3,21.4578,16.7172
2017,7,7,18,0,29.1,69,667,304,1,15.6515,12.1299
2017,7,7,18,30,27.8,58,580,211,0.8,10.3388,7.9486
2017,7,7,19,0,26.400000000000002,45,458,124,0.7000000000000001,0.0000,0.0000
2017,7,7,19,30,25.3,27,280,51,0.8,0.0000,0.0000
2017,7,7,20,0,24.200000000000003,0,0,0,0.9,0.0000,0.0000
2017,7,7,20,30,23.6,0,0,0,0.9,0.0000,0.0000
2017,7,7,21,0,23.1,0,0,0,1,0.0000,0.0000
2017,7,7,21,30,22.700000000000003,0,0,0,1,0.0000,0.0000
2017,7,7,22,0,22.3,0,0,0,1,0.0000,0.0000
2017,7,7,22,30,21.8,0,0,0,1,0.0000,0.0000
2017,7,7,23,0,21.3,0,0,0,1,0.0000,0.0000
2017,7,7,23,30,20.700000000000003,0,0,0,1.1,0.0000,0.0000
2017,7,8,0,0,20.1,0,0,0,1.1,0.0000,0.0000
2017,7,8,0,30,19.5,0,0,0,1.1,0.0000,0.0000
2017,7,8,1,0,19,0,0,0,1.1,0.0000,0.0000
2017,7,8,1,30,18.6,0,0,0,1.1,0.0000,0.0000
2017,7,8,2,0,18.2,0,0,0,1,0.0000,0.0000
2017,7,8,2,30,17.900000000000002,0,0,0,1,0.0000,0.0000
2017,7,8,3,0,17.6,0,0,0,1.1,0.0000,0.0000
2017,7,8,3,30,17.400000000000002,0,0,0,1.1,0.0000,0.0000
2017,7,8,4,0,17.2,0,0,0,1.1,0.0000,0.0000
2017,7,8,4,30,17.5,0,0,0,1,0.0000,0.0000
2017,7,8,5,0,17.7,0,0,0,1,0.0000,0.0000
2017,7,8,5,30,19,28,2,28,1.4000000000000001,0.0000,0.0000
2017,7,8,6,0,20.200000000000003,67,2,67,1.8,0.0000,0.0000
2017,7,8,6,30,21.1,120,13,124,1.5,6.0276,4.6264
2017,7,8,7,0,22.1,114,2,115,1.2000000000000002,5.8704,4.5441
2017,7,8,7,30,23.8,233,87,270,1,14.4195,11.2253
2017,7,8,8,0,25.5,252,289,399,0.8,22.0901,17.2600
2017,7,8,8,30,26.700000000000003,120,718,545,1.2000000000000002,31.0233,24.2993
2017,7,8,9,0,28,124,761,632,1.5,36.7545,28.8370
2017,7,8,9,30,28.900000000000002,307,5,310,1.7000000000000002,18.3272,14.3965
2017,7,8,10,0,29.900000000000002,129,822,784,1.9000000000000001,46.9373,36.9022
2017,7,8,10,30,30.6,133,838,843,1.8,50.9516,40.0831
2017,7,8,11,0,31.400000000000002,131,858,893,1.8,54.3494,42.7747
2017,7,8,11,30,31.900000000000002,133,866,928,1.8,56.7495,44.6768
2017,7,8,12,0,32.5,117,896,956,1.7000000000000002,58.6272,46.1628
2017,7,8,12,30,32.9,117,896,962,1.6,59.0556,46.5031
2017,7,8,13,0,33.300000000000004,118,893,956,1.5,58.6447,46.1775
2017,7,8,13,30,33.5,117,889,937,1.5,57.3349,45.1393
2017,7,8,14,0,33.800000000000004,115,882,904,1.4000000000000001,55.0721,43.3461
2017,7,8,14,30,33.800000000000004,113,872,858,1.3,51.9284,40.8550
2017,7,8,15,0,33.800000000000004,108,860,802,1.2000000000000002,48.1028,37.8231
2017,7,8,15,30,33.6,105,842,734,1.1,43.4982,34.1746
2017,7,8,16,0,33.4,100,819,657,1,38.3270,30.0778
2017,7,8,16,30,32.9,95,789,572,1,32.6922,25.6150
2017,7,8,17,0,32.5,281,157,363,1,20.2009,15.7914
2017,7,8,17,30,31.8,82,697,389,1,20.9141,16.2932
2017,7,8,18,0,31.1,74,630,295,1,15.1815,11.7649
2017,7,8,18,30,29.5,62,540,203,0.9,9.9433,7.6440
2017,7,8,19,0,27.900000000000002,47,412,118,0.8,0.0000,0.0000
2017,7,8,19,30,26.900000000000002,27,240,47,0.9,0.0000,0.0000
2017,7,8,20,0,25.900000000000002,0,0,0,1,0.0000,0.0000
2017,7,8,20,30,25.200000000000003,0,0,0,1,0.0000,0.0000
2017,7,8,21,0,24.6,0,0,0,1.1,0.0000,0.0000
2017,7,8,21,30,23.900000000000002,0,0,0,1.1,0.0000,0.0000
2017,7,8,22,0,23.3,0,0,0,1.2000000000000002,0.0000,0.0000
2017,7,8,22,30,22.8,0,0,0,1.2000000000000002,0.0000,0.0000
2017,7,8,23,0,22.3,0,0,0,1.2000000000000002,0.0000,0.0000
2017,7,8,23,30,21.900000000000002,0,0,0,1.2000000000000002,0.0000,0.0000
2017,7,9,0,0,21.400000000000002,0,0,0,1.2000000000000002,0.0000,0.0000
2017,7,9,0,30,21,0,0,0,1.2000000000000002,0.0000,0.0000
2017,7,9,1,0,20.6,0,0,0,1.2000000000000002,0.0000,0.0000
2017,7,9,1,30,20.200000000000003,0,0,0,1.2000000000000002,0.0000,0.0000
2017,7,9,2,0,19.8,0,0,0,1.2000000000000002,0.0000,0.0000
2017,7,9,2,30,19.5,0,0,0,1.1,0.0000,0.0000
2017,7,9,3,0,19.1,0,0,0,1,0.0000,0.0000
2017,7,9,3,30,18.900000000000002,0,0,0,1,0.0000,0.0000
2017,7,9,4,0,18.6,0,0,0,1,0.0000,0.0000
2017,7,9,4,30,18.900000000000002,0,0,0,1,0.0000,0.0000
2017,7,9,5,0,19.200000000000003,0,0,0,1,0.0000,0.0000
2017,7,9,5,30,20.5,21,256,39,1.5,0.0000,0.0000
2017,7,9,6,0,21.8,39,444,108,2,0.0000,0.0000
2017,7,9,6,30,23,53,570,193,2,9.3741,7.1935
2017,7,9,7,0,24.3,64,659,284,1.9000000000000001,14.4842,11.2104
2017,7,9,7,30,26.400000000000002,72,725,379,2.3000000000000003,20.2258,15.7441
2017,7,9,8,0,28.5,80,770,473,2.7,26.1721,20.4484
2017,7,9,8,30,30,86,806,562,3.1,31.9770,25.0454
2017,7,9,9,0,31.6,90,839,648,3.5,37.6722,29.5563
2017,7,9,9,30,32.4,94,860,726,3.7,42.9097,33.7061
2017,7,9,10,0,33.300000000000004,97,877,794,3.9000000000000004,47.5262,37.3646
2017,7,9,10,30,34,100,889,852,4.1000000000000005,51.4863,40.5032
2017,7,9,11,0,34.7,102,897,898,4.3,54.6458,43.0076
2017,7,9,11,30,35.2,104,903,932,4.5,56.9868,44.8632
2017,7,9,12,0,35.7,99,912,953,4.7,58.4362,46.0122
2017,7,9,12,30,36.1,100,912,960,4.800000000000001,58.9268,46.4013
2017,7,9,13,0,36.5,104,904,952,4.9,58.3935,45.9794
2017,7,9,13,30,36.6,103,899,931,5,56.9625,44.8458
2017,7,9,14,0,36.800000000000004,104,887,897,5.1000000000000005,54.6401,43.0058
2017,7,9,14,30,36.800000000000004,102,877,852,5.1000000000000005,51.5596,40.5645
2017,7,9,15,0,36.7,101,862,794,5.2,47.6173,37.4410
2017,7,9,15,30,36.5,97,846,728,5.1000000000000005,43.1372,33.8907
2017,7,9,16,0,36.300000000000004,93,823,652,5.1000000000000005,38.0292,29.8437
2017,7,9,16,30,35.9,88,794,568,5,32.4569,25.4301
2017,7,9,17,0,35.5,85,750,478,4.800000000000001,26.5948,20.7892
2017,7,9,17,30,34.7,78,701,386,4.5,20.7455,16.1612
2017,7,9,18,0,33.9,154,169,214,4.2,11.0082,8.5303
2017,7,9,18,30,32.6,119,93,143,3.9000000000000004,7.0007,5.3813
2017,7,9,19,0,31.200000000000003,81,22,85,3.7,0.0000,0.0000
2017,7,9,19,30,30.200000000000003,29,1,29,3.7,0.0000,0.0000
2017,7,9,20,0,29.200000000000003,0,0,0,3.8000000000000003,0.0000,0.0000
2017,7,9,20,30,28.700000000000003,0,0,0,4,0.0000,0.0000
2017,7,9,21,0,28.1,0,0,0,4.1000000000000005,0.0000,0.0000
2017,7,9,21,30,27.700000000000003,0,0,0,4.3,0.0000,0.0000
2017,7,9,22,0,27.3,0,0,0,4.4,0.0000,0.0000
2017,7,9,22,30,26.900000000000002,0,0,0,4.4,0.0000,0.0000
2017,7,9,23,0,26.5,0,0,0,4.4,0.0000,0.0000
2017,7,9,23,30,26.1,0,0,0,4.3,0.0000,0.0000
2017,7,10,0,0,25.700000000000003,0,0,0,4.2,0.0000,0.0000
2017,7,10,0,30,25.3,0,0,0,4,0.0000,0.0000
2017,7,10,1,0,25,0,0,0,3.8000000000000003,0.0000,0.0000
2017,7,10,1,30,24.6,0,0,0,3.6,0.0000,0.0000
2017,7,10,2,0,24.3,0,0,0,3.4000000000000004,0.0000,0.0000
2017,7,10,2,30,23.8,0,0,0,3,0.0000,0.0000
2017,7,10,3,0,23.400000000000002,0,0,0,2.6,0.0000,0.0000
2017,7,10,3,30,23,0,0,0,2.5,0.0000,0.0000
2017,7,10,4,0,22.6,0,0,0,2.3000000000000003,0.0000,0.0000
2017,7,10,4,30,22.5,0,0,0,2.4000000000000004,0.0000,0.0000
2017,7,10,5,0,22.5,0,0,0,2.5,0.0000,0.0000
2017,7,10,5,30,23.200000000000003,22,198,35,2.7,0.0000,0.0000
2017,7,10,6,0,23.900000000000002,42,386,102,3,0.0000,0.0000
2017,7,10,6,30,24.8,59,517,184,3.1,8.9290,6.8506
2017,7,10,7,0,25.8,158,252,242,3.2,12.3310,9.5426
2017,7,10,7,30,27,80,689,371,3.4000000000000004,19.7842,15.3991
2017,7,10,8,0,28.200000000000003,88,742,465,3.5,25.7148,20.0900
2017,7,10,8,30,29,95,782,556,3.6,31.6218,24.7662
2017,7,10,9,0,29.8,101,814,642,3.7,37.3107,29.2720
2017,7,10,9,30,30.200000000000003,106,839,721,3.8000000000000003,42.6029,33.4644
2017,7,10,10,0,30.5,109,859,791,3.8000000000000003,47.3357,37.2143
2017,7,10,10,30,31,113,873,851,3.9000000000000004,51.4165,40.4478
2017,7,10,11,0,31.5,112,889,900,3.9000000000000004,54.7588,43.0961
2017,7,10,11,30,32.1,114,896,935,3.9000000000000004,57.1622,45.0009
2017,7,10,12,0,32.6,139,862,945,3.9000000000000004,57.9387,45.6201
2017,7,10,12,30,33.1,139,862,951,3.7,58.3678,45.9608
2017,7,10,13,0,33.5,407,342,727,3.5,44.5881,35.1087
2017,7,10,13,30,33.6,147,840,920,3.1,56.2836,44.3110
2017,7,10,14,0,33.800000000000004,152,818,883,2.8000000000000003,53.7818,42.3300
2017,7,10,14,30,33.800000000000004,149,808,839,2.5,50.7672,39.9409
2017,7,10,15,0,33.9,118,842,795,2.2,47.6715,37.4834
2017,7,10,15,30,33.800000000000004,379,88,444,2,26.3049,20.6662
2017,7,10,16,0,33.6,165,615,582,1.7000000000000002,33.9408,26.6350
2017,7,10,16,30,33.2,294,300,475,1.6,27.1369,21.2616
2017,7,10,17,0,32.800000000000004,248,311,411,1.5,22.8609,17.8700
2017,7,10,17,30,32,87,675,383,1.4000000000000001,20.5770,16.0293
2017,7,10,18,0,31.3,188,79,216,1.2000000000000002,11.1061,8.6057
2017,7,10,18,30,29.700000000000003,130,20,135,1.1,6.6056,5.0770
2017,7,10,19,0,28.1,51,356,112,0.9,0.0000,0.0000
2017,7,10,19,30,27.1,28,188,43,1.2000000000000002,0.0000,0.0000
2017,7,10,20,0,26.200000000000003,0,0,0,1.5,0.0000,0.0000
2017,7,10,20,30,25.8,0,0,0,1.7000000000000002,0.0000,0.0000
2017,7,10,21,0,25.400000000000002,0,0,0,2,0.0000,0.0000
2017,7,10,21,30,24.8,0,0,0,1.6,0.0000,0.0000
2017,7,10,22,0,24.3,0,0,0,1.2000000000000002,0.0000,0.0000
2017,7,10,22,30,24,0,0,0,1.2000000000000002,0.0000,0.0000
2017,7,10,23,0,23.700000000000003,0,0,0,1.2000000000000002,0.0000,0.0000
2017,7,10,23,30,23.3,0,0,0,1.9000000000000001,0.0000,0.0000
2017,7,11,0,0,22.900000000000002,0,0,0,2.6,0.0000,0.0000
2017,7,11,0,30,22.5,0,0,0,3,0.0000,0.0000
2017,7,11,1,0,22.1,0,0,0,3.5,0.0000,0.0000
2017,7,11,1,30,21.900000000000002,0,0,0,3.1,0.0000,0.0000
2017,7,11,2,0,21.6,0,0,0,2.7,0.0000,0.0000
2017,7,11,2,30,21.3,0,0,0,2.3000000000000003,0.0000,0.0000
2017,7,11,3,0,21,0,0,0,1.9000000000000001,0.0000,0.0000
2017,7,11,3,30,20.8,0,0,0,2.2,0.0000,0.0000
2017,7,11,4,0,20.6,0,0,0,2.5,0.0000,0.0000
2017,7,11,4,30,20.700000000000003,0,0,0,2.8000000000000003,0.0000,0.0000
2017,7,11,5,0,20.8,0,0,0,3.1,0.0000,0.0000
2017,7,11,5,30,21.200000000000003,16,0,16,3.3000000000000003,0.0000,0.0000
2017,7,11,6,0,21.700000000000003,34,1,34,3.5,0.0000,0.0000
2017,7,11,6,30,22.3,98,14,102,3.5,4.9458,3.7939
2017,7,11,7,0,22.900000000000002,122,17,128,3.6,6.5156,5.0416
2017,7,11,7,30,23.900000000000002,185,72,215,3.7,11.4559,8.9159
2017,7,11,8,0,24.900000000000002,104,0,104,3.8000000000000003,5.7476,4.4901
2017,7,11,8,30,26.3,290,47,317,3.8000000000000003,18.0210,14.1136
2017,7,11,9,0,27.6,284,11,291,3.9000000000000004,16.9055,13.2628
2017,7,11,9,30,28.700000000000003,173,2,174,4,10.2784,8.0735
2017,7,11,10,0,29.700000000000003,252,1,252,4.1000000000000005,15.0769,11.8530
2017,7,11,10,30,30.5,131,823,826,4.2,49.8960,39.2512
2017,7,11,11,0,31.400000000000002,130,842,875,4.3,53.2292,41.8919
2017,7,11,11,30,32.1,491,206,680,4.3,41.5666,32.7230
2017,7,11,12,0,32.800000000000004,123,868,934,4.3,57.2568,45.0828
2017,7,11,12,30,33.5,124,870,943,4.1000000000000005,57.8698,45.5683
2017,7,11,13,0,34.2,122,873,939,4,57.5836,45.3411
2017,7,11,13,30,34.800000000000004,121,868,919,3.7,56.2165,44.2579
2017,7,11,14,0,35.4,123,854,885,3.4000000000000004,53.8974,42.4207
2017,7,11,14,30,35.300000000000004,120,842,838,3,50.7011,39.8885
2017,7,11,15,0,35.2,135,796,775,2.6,46.4657,36.5349
2017,7,11,15,30,34.800000000000004,130,775,707,2.1,41.8801,32.9024
2017,7,11,16,0,34.300000000000004,120,756,633,1.7000000000000002,36.9078,28.9629
2017,7,11,16,30,33.800000000000004,114,723,550,1.3,31.4138,24.6120
2017,7,11,17,0,33.300000000000004,204,479,455,1,25.3000,19.7760
2017,7,11,17,30,32.5,208,67,237,0.7000000000000001,12.7276,9.9142
2017,7,11,18,0,31.8,84,560,279,0.5,14.3378,11.1090
2017,7,11,18,30,30.400000000000002,69,467,190,0.6000000000000001,9.2918,7.1409
2017,7,11,19,0,29.1,51,337,108,0.8,0.0000,0.0000
2017,7,11,19,30,28.200000000000003,29,0,29,0.9,0.0000,0.0000
2017,7,11,20,0,27.3,0,0,0,1.1,0.0000,0.0000
2017,7,11,20,30,27,0,0,0,1.2000000000000002,0.0000,0.0000
2017,7,11,21,0,26.8,0,0,0,1.3,0.0000,0.0000
2017,7,11,21,30,26.5,0,0,0,1.4000000000000001,0.0000,0.0000
2017,7,11,22,0,26.3,0,0,0,1.5,0.0000,0.0000
2017,7,11,22,30,26,0,0,0,1.8,0.0000,0.0000
2017,7,11,23,0,25.700000000000003,0,0,0,2,0.0000,0.0000
2017,7,11,23,30,25.5,0,0,0,2.3000000000000003,0.0000,0.0000
2017,7,12,0,0,25.3,0,0,0,2.6,0.0000,0.0000
2017,7,12,0,30,25.1,0,0,0,2.8000000000000003,0.0000,0.0000
2017,7,12,1,0,24.8,0,0,0,3.1,0.0000,0.0000
2017,7,12,1,30,24.5,0,0,0,3.1,0.0000,0.0000
2017,7,12,2,0,24.200000000000003,0,0,0,3.1,0.0000,0.0000
2017,7,12,2,30,24.1,0,0,0,2.8000000000000003,0.0000,0.0000
2017,7,12,3,0,23.900000000000002,0,0,0,2.6,0.0000,0.0000
2017,7,12,3,30,23.6,0,0,0,2.2,0.0000,0.0000
2017,7,12,4,0,23.400000000000002,0,0,0,1.9000000000000001,0.0000,0.0000
2017,7,12,4,30,23.6,0,0,0,1.7000000000000002,0.0000,0.0000
2017,7,12,5,0,23.8,0,0,0,1.5,0.0000,0.0000
2017,7,12,5,30,24.6,23,1,23,1.5,0.0000,0.0000
2017,7,12,6,0,25.400000000000002,48,3,49,1.4000000000000001,0.0000,0.0000
2017,7,12,6,30,26.3,110,30,117,1.5,5.6677,4.3467
2017,7,12,7,0,27.200000000000003,137,24,145,1.5,7.3736,5.7046
2017,7,12,7,30,28.400000000000002,193,254,300,1.4000000000000001,15.9730,12.4304
2017,7,12,8,0,29.5,222,288,368,1.3,20.3261,15.8782
2017,7,12,8,30,30.3,222,368,438,1.7000000000000002,24.8876,19.4905
2017,7,12,9,0,31,256,428,539,2.2,31.3023,24.5567
2017,7,12,9,30,31.3,129,771,693,2.5,40.9244,32.1446
2017,7,12,10,0,31.6,270,478,649,2.9000000000000004,38.8201,30.5186
2017,7,12,10,30,31.700000000000003,260,521,699,3.1,42.2159,33.2092
2017,7,12,11,0,31.900000000000002,375,250,596,3.2,36.2504,28.5291
2017,7,12,11,30,32,386,191,560,3.2,34.2261,26.9440
2017,7,12,12,0,32.1,417,19,434,3.2,26.6019,20.9456
2017,7,12,12,30,32,41,0,41,3.1,2.5158,1.9810
2017,7,12,13,0,32,42,0,42,3,2.5753,2.0278
2017,7,12,13,30,31.1,108,0,108,2.9000000000000004,6.6057,5.2005
2017,7,12,14,0,30.3,433,54,482,2.8000000000000003,29.3509,23.1009
2017,7,12,14,30,29.200000000000003,189,1,190,2.8000000000000003,11.4940,9.0427
2017,7,12,15,0,28.200000000000003,127,0,128,2.8000000000000003,7.6733,6.0333
2017,7,12,15,30,27.200000000000003,332,58,375,2.5,22.2102,17.4489
2017,7,12,16,0,26.200000000000003,167,2,168,2.2,9.7935,7.6852
2017,7,12,16,30,25.5,96,1,96,2.1,5.4818,4.2947
2017,7,12,17,0,24.700000000000003,75,0,75,1.9000000000000001,4.1690,3.2586
2017,7,12,17,30,24.400000000000002,65,1,66,1.8,3.5429,2.7596
2017,7,12,18,0,24.1,89,0,89,1.6,4.5709,3.5412
2017,7,12,18,30,23.400000000000002,57,0,58,1.2000000000000002,2.8350,2.1785
2017,7,12,19,0,22.8,37,0,37,0.9,0.0000,0.0000
2017,7,12,19,30,22,14,0,14,0.7000000000000001,0.0000,0.0000
2017,7,12,20,0,21.3,0,0,0,0.6000000000000001,0.0000,0.0000
2017,7,12,20,30,21.1,0,0,0,0.5,0.0000,0.0000
2017,7,12,21,0,20.900000000000002,0,0,0,0.5,0.0000,0.0000
2017,7,12,21,30,20.700000000000003,0,0,0,0.6000000000000001,0.0000,0.0000
2017,7,12,22,0,20.5,0,0,0,0.6000000000000001,0.0000,0.0000
2017,7,12,22,30,20.400000000000002,0,0,0,0.6000000000000001,0.0000,0.0000
2017,7,12,23,0,20.3,0,0,0,0.6000000000000001,0.0000,0.0000
2017,7,12,23,30,20.3,0,0,0,0.6000000000000001,0.0000,0.0000
2017,7,13,0,0,20.3,0,0,0,0.6000000000000001,0.0000,0.0000
2017,7,13,0,30,20.3,0,0,0,0.7000000000000001,0.0000,0.0000
2017,7,13,1,0,20.3,0,0,0,0.7000000000000001,0.0000,0.0000
2017,7,13,1,30,20.1,0,0,0,0.9,0.0000,0.0000
2017,7,13,2,0,19.900000000000002,0,0,0,1.2000000000000002,0.0000,0.0000
2017,7,13,2,30,19.6,0,0,0,1.5,0.0000,0.0000
2017,7,13,3,0,19.3,0,0,0,1.8,0.0000,0.0000
2017,7,13,3,30,19.1,0,0,0,1.9000000000000001,0.0000,0.0000
2017,7,13,4,0,18.8,0,0,0,2,0.0000,0.0000
2017,7,13,4,30,18.7,0,0,0,2.1,0.0000,0.0000
2017,7,13,5,0,18.6,0,0,0,2.2,0.0000,0.0000
2017,7,13,5,30,18.8,13,0,13,2.4000000000000004,0.0000,0.0000
2017,7,13,6,0,19.1,14,0,14,2.6,0.0000,0.0000
2017,7,13,6,30,19.900000000000002,24,0,24,2.5,1.1616,0.8907
2017,7,13,7,0,20.6,50,0,50,2.5,2.5401,1.9648
2017,7,13,7,30,21.900000000000002,128,8,131,2.3000000000000003,6.9691,5.4230
2017,7,13,8,0,23.1,194,19,204,2.2,11.2605,8.7959
2017,7,13,8,30,24.3,200,19,211,2.2,11.9839,9.3847
2017,7,13,9,0,25.400000000000002,331,145,427,2.2,24.7885,19.4461
2017,7,13,9,30,26.3,108,826,710,2.1,41.9159,32.9227
2017,7,13,10,0,27.3,109,852,783,1.9000000000000001,46.8234,36.8098
2017,7,13,10,30,28.1,449,244,654,1.6,39.4902,31.0646
2017,7,13,11,0,28.900000000000002,114,880,891,1.3,54.1836,42.6421
2017,7,13,11,30,29.6,115,888,926,1.2000000000000002,56.5865,44.5465
2017,7,13,12,0,30.3,112,899,950,1.1,58.2218,45.8418
2017,7,13,12,30,30.700000000000003,113,900,958,1.1,58.7752,46.2806
2017,7,13,13,0,31.200000000000003,111,901,953,1.1,58.4281,46.0054
2017,7,13,13,30,31.5,110,897,934,1.2000000000000002,57.1201,44.9687
2017,7,13,14,0,31.700000000000003,108,891,902,1.2000000000000002,54.9193,43.2243
2017,7,13,14,30,31.8,106,881,856,1.3,51.7760,40.7335
2017,7,13,15,0,31.8,101,871,800,1.4000000000000001,47.9501,37.7013
2017,7,13,15,30,31.6,98,855,733,1.4000000000000001,43.4047,34.0993
2017,7,13,16,0,31.5,91,837,657,1.5,38.2909,30.0474
2017,7,13,16,30,31.1,86,810,573,1.5,32.7110,25.6272
2017,7,13,17,0,30.8,79,776,484,1.4000000000000001,26.8934,21.0201
2017,7,13,17,30,30.200000000000003,73,731,391,1.3,20.9785,16.3397
2017,7,13,18,0,29.6,63,671,296,1.2000000000000002,15.1926,11.7693
2017,7,13,18,30,28.1,53,587,204,1,9.9643,7.6558
2017,7,13,19,0,26.700000000000003,41,465,118,0.8,0.0000,0.0000
2017,7,13,19,30,25.700000000000003,24,283,46,0.8,0.0000,0.0000
2017,7,13,20,0,24.6,0,0,0,0.9,0.0000,0.0000
2017,7,13,20,30,24.1,0,0,0,0.9,0.0000,0.0000
2017,7,13,21,0,23.700000000000003,0,0,0,1,0.0000,0.0000
2017,7,13,21,30,23.1,0,0,0,1,0.0000,0.0000
2017,7,13,22,0,22.6,0,0,0,1,0.0000,0.0000
2017,7,13,22,30,22.200000000000003,0,0,0,1.1,0.0000,0.0000
2017,7,13,23,0,21.700000000000003,0,0,0,1.1,0.0000,0.0000
2017,7,13,23,30,21.400000000000002,0,0,0,1.1,0.0000,0.0000
2017,7,14,0,0,21.200000000000003,0,0,0,1.1,0.0000,0.0000
2017,7,14,0,30,20.8,0,0,0,1.1,0.0000,0.0000
2017,7,14,1,0,20.400000000000002,0,0,0,1.2000000000000002,0.0000,0.0000
2017,7,14,1,30,19.900000000000002,0,0,0,1.3,0.0000,0.0000
2017,7,14,2,0,19.5,0,0,0,1.4000000000000001,0.0000,0.0000
2017,7,14,2,30,19,0,0,0,1.4000000000000001,0.0000,0.0000
2017,7,14,3,0,18.6,0,0,0,1.4000000000000001,0.0000,0.0000
2017,7,14,3,30,18.2,0,0,0,1.3,0.0000,0.0000
2017,7,14,4,0,17.8,0,0,0,1.3,0.0000,0.0000
2017,7,14,4,30,17.8,0,0,0,1.4000000000000001,0.0000,0.0000
2017,7,14,5,0,17.8,0,0,0,1.5,0.0000,0.0000
2017,7,14,5,30,18.400000000000002,20,221,33,1.6,0.0000,0.0000
2017,7,14,6,0,19.1,38,420,100,1.6,0.0000,0.0000
2017,7,14,6,30,20.5,52,556,184,1.5,8.8983,6.8215
2017,7,14,7,0,21.900000000000002,166,153,216,1.5,10.9621,8.4783
2017,7,14,7,30,23.400000000000002,176,13,182,1.3,9.6743,7.5273
2017,7,14,8,0,24.900000000000002,255,43,276,1.2000000000000002,15.2251,11.8920
2017,7,14,8,30,26.200000000000003,310,74,353,1,20.0381,15.6914
2017,7,14,9,0,27.400000000000002,348,226,497,0.8,28.8413,22.6247
2017,7,14,9,30,28.6,96,858,721,0.9,42.5527,33.4222
2017,7,14,10,0,29.700000000000003,100,872,789,1,47.1702,37.0818
2017,7,14,10,30,30.400000000000002,103,887,849,1.1,51.2535,40.3175
2017,7,14,11,0,31.1,107,896,897,1.2000000000000002,54.5381,42.9206
2017,7,14,11,30,31.6,108,903,932,1.2000000000000002,56.9443,44.8277
2017,7,14,12,0,32.1,114,900,953,1.2000000000000002,58.3973,45.9796
2017,7,14,12,30,32.4,115,900,960,1.2000000000000002,58.8901,46.3707
2017,7,14,13,0,32.7,117,896,954,1.2000000000000002,58.4818,46.0473
2017,7,14,13,30,32.800000000000004,116,892,934,1.2000000000000002,57.1122,44.9621
2017,7,14,14,0,32.9,117,881,901,1.2000000000000002,54.8506,43.1699
2017,7,14,14,30,32.9,115,870,855,1.2000000000000002,51.7080,40.6797
2017,7,14,15,0,32.9,109,860,799,1.2000000000000002,47.8825,37.6477
2017,7,14,15,30,32.800000000000004,105,842,731,1.3,43.2785,33.9997
2017,7,14,16,0,32.6,100,820,654,1.3,38.1073,29.9028
2017,7,14,16,30,32.300000000000004,94,790,569,1.4000000000000001,32.4716,25.4390
2017,7,14,17,0,31.900000000000002,88,753,479,1.5,26.6053,20.7942
2017,7,14,17,30,31.3,79,703,384,1.6,20.5926,16.0382
2017,7,14,18,0,30.6,69,640,290,1.6,14.8754,11.5225
2017,7,14,18,30,29,58,549,198,1.4000000000000001,9.6646,7.4245
2017,7,14,19,0,27.3,44,423,113,1.3,0.0000,0.0000
2017,7,14,19,30,26.400000000000002,25,238,43,1.6,0.0000,0.0000
2017,7,14,20,0,25.5,0,0,0,1.9000000000000001,0.0000,0.0000
2017,7,14,20,30,25.1,0,0,0,2.1,0.0000,0.0000
2017,7,14,21,0,24.8,0,0,0,2.4000000000000004,0.0000,0.0000
2017,7,14,21,30,24.400000000000002,0,0,0,2.5,0.0000,0.0000
2017,7,14,22,0,24,0,0,0,2.5,0.0000,0.0000
2017,7,14,22,30,23.700000000000003,0,0,0,2.5,0.0000,0.0000
2017,7,14,23,0,23.3,0,0,0,2.5,0.0000,0.0000
2017,7,14,23,30,22.900000000000002,0,0,0,2.4000000000000004,0.0000,0.0000
2017,7,15,0,0,22.5,0,0,0,2.4000000000000004,0.0000,0.0000
2017,7,15,0,30,22.200000000000003,0,0,0,2.3000000000000003,0.0000,0.0000
2017,7,15,1,0,21.900000000000002,0,0,0,2.2,0.0000,0.0000
2017,7,15,1,30,21.6,0,0,0,2.3000000000000003,0.0000,0.0000
2017,7,15,2,0,21.400000000000002,0,0,0,2.3000000000000003,0.0000,0.0000
2017,7,15,2,30,21.1,0,0,0,2.3000000000000003,0.0000,0.0000
2017,7,15,3,0,20.900000000000002,0,0,0,2.3000000000000003,0.0000,0.0000
2017,7,15,3,30,20.8,0,0,0,2.3000000000000003,0.0000,0.0000
2017,7,15,4,0,20.6,0,0,0,2.3000000000000003,0.0000,0.0000
2017,7,15,4,30,20.700000000000003,0,0,0,2.5,0.0000,0.0000
2017,7,15,5,0,20.900000000000002,0,0,0,2.7,0.0000,0.0000
2017,7,15,5,30,21.8,21,1,22,3,0.0000,0.0000
2017,7,15,6,0,22.700000000000003,68,39,73,3.3000000000000003,0.0000,0.0000
2017,7,15,6,30,24.400000000000002,113,121,142,3.4000000000000004,6.8610,5.2585
2017,7,15,7,0,26,65,639,272,3.5,13.7889,10.6629
2017,7,15,7,30,27.700000000000003,74,708,366,3.8000000000000003,19.4372,15.1219
2017,7,15,8,0,29.400000000000002,80,763,461,4,25.4125,19.8478
2017,7,15,8,30,30.6,86,803,553,3.9000000000000004,31.3756,24.5686
2017,7,15,9,0,31.700000000000003,91,834,640,3.8000000000000003,37.1242,29.1214
2017,7,15,9,30,32.5,95,856,718,3.6,42.3618,33.2715
2017,7,15,10,0,33.4,99,875,788,3.4000000000000004,47.0983,37.0246
2017,7,15,10,30,34,102,887,846,3.3000000000000003,51.0620,40.1663
2017,7,15,11,0,34.6,105,897,895,3.1,54.4068,42.8168
2017,7,15,11,30,35.1,106,903,929,2.9000000000000004,56.7515,44.6755
2017,7,15,12,0,35.6,105,908,950,2.7,58.2045,45.8274
2017,7,15,12,30,35.9,105,910,958,2.5,58.7589,46.2670
2017,7,15,13,0,36.2,105,907,951,2.3000000000000003,58.2897,45.8956
2017,7,15,13,30,36.4,104,903,932,2.1,56.9819,44.8591
2017,7,15,14,0,36.5,105,892,897,1.9000000000000001,54.5993,42.9717
2017,7,15,14,30,36.4,103,882,852,1.9000000000000001,51.5183,40.5300
2017,7,15,15,0,36.300000000000004,102,866,795,1.8,47.6340,37.4519
2017,7,15,15,30,36,98,850,728,1.9000000000000001,43.0909,33.8518
2017,7,15,16,0,35.6,277,350,513,2,29.8836,23.4492
2017,7,15,16,30,35.1,239,382,468,2.2,26.6998,20.9168
2017,7,15,17,0,34.7,215,353,398,2.3000000000000003,22.0965,17.2695
2017,7,15,17,30,33.800000000000004,168,247,275,2.3000000000000003,14.7389,11.4784
2017,7,15,18,0,32.9,180,46,196,2.2,10.0465,7.7813
2017,7,15,18,30,31.1,126,20,131,2,6.3899,4.9081
2017,7,15,19,0,29.3,40,461,115,1.7000000000000002,0.0000,0.0000
2017,7,15,19,30,28.400000000000002,23,276,44,1.9000000000000001,0.0000,0.0000
2017,7,15,20,0,27.400000000000002,0,0,0,2.1,0.0000,0.0000
2017,7,15,20,30,26.900000000000002,0,0,0,2.1,0.0000,0.0000
2017,7,15,21,0,26.5,0,0,0,2,0.0000,0.0000
2017,7,15,21,30,26,0,0,0,1.9000000000000001,0.0000,0.0000
2017,7,15,22,0,25.5,0,0,0,1.7000000000000002,0.0000,0.0000
2017,7,15,22,30,25.1,0,0,0,1.5,0.0000,0.0000
2017,7,15,23,0,24.700000000000003,0,0,0,1.4000000000000001,0.0000,0.0000
2017,7,15,23,30,24.3,0,0,0,1.2000000000000002,0.0000,0.0000
2017,7,16,0,0,23.8,0,0,0,1,0.0000,0.0000
2017,7,16,0,30,23.5,0,0,0,1,0.0000,0.0000
2017,7,16,1,0,23.1,0,0,0,0.9,0.0000,0.0000
2017,7,16,1,30,22.8,0,0,0,0.8,0.0000,0.0000
2017,7,16,2,0,22.5,0,0,0,0.8,0.0000,0.0000
2017,7,16,2,30,22.200000000000003,0,0,0,0.8,0.0000,0.0000
2017,7,16,3,0,21.900000000000002,0,0,0,0.8,0.0000,0.0000
2017,7,16,3,30,21.6,0,0,0,0.8,0.0000,0.0000
2017,7,16,4,0,21.3,0,0,0,0.8,0.0000,0.0000
2017,7,16,4,30,21.400000000000002,0,0,0,0.9,0.0000,0.0000
2017,7,16,5,0,21.400000000000002,0,0,0,1,0.0000,0.0000
2017,7,16,5,30,22.400000000000002,18,222,30,1.4000000000000001,0.0000,0.0000
2017,7,16,6,0,23.3,36,429,97,1.7000000000000002,0.0000,0.0000
2017,7,16,6,30,24.700000000000003,50,566,181,1.6,8.7376,6.6953
2017,7,16,7,0,26,60,660,273,1.6,13.8243,10.6886
2017,7,16,7,30,27.5,69,728,368,1.4000000000000001,19.5256,15.1891
2017,7,16,8,0,28.900000000000002,75,778,463,1.3,25.5062,19.9198
2017,7,16,8,30,30.1,81,817,555,1.2000000000000002,31.4735,24.6441
2017,7,16,9,0,31.3,86,846,642,1.1,37.2245,29.1992
2017,7,16,9,30,32.300000000000004,90,870,721,1.2000000000000002,42.5249,33.3988
2017,7,16,10,0,33.4,94,886,790,1.3,47.2057,37.1084
2017,7,16,10,30,34.300000000000004,96,900,850,1.4000000000000001,51.2911,40.3459
2017,7,16,11,0,35.1,98,910,899,1.5,54.6387,42.9987
2017,7,16,11,30,35.7,99,917,934,1.5,57.0472,44.9078
2017,7,16,12,0,36.300000000000004,96,925,956,1.5,58.5630,46.1092
2017,7,16,12,30,36.7,97,927,965,1.4000000000000001,59.1796,46.5979
2017,7,16,13,0,37,97,923,958,1.3,58.7098,46.2260
2017,7,16,13,30,37.2,96,920,938,1.3,57.3400,45.1406
2017,7,16,14,0,37.300000000000004,95,913,906,1.2000000000000002,55.1384,43.3956
2017,7,16,14,30,37.2,93,901,858,1.2000000000000002,51.8718,40.8076
2017,7,16,15,0,37.1,96,880,800,1.1,47.9248,37.6801
2017,7,16,15,30,36.9,93,862,731,1.1,43.2584,33.9829
2017,7,16,16,0,36.6,89,839,654,1.1,38.0860,29.8848
2017,7,16,16,30,36.1,84,809,568,1.1,32.3925,25.3756
2017,7,16,17,0,35.6,79,770,477,1.1,26.4708,20.6873
2017,7,16,17,30,34.9,72,722,384,1.1,20.5675,16.0165
2017,7,16,18,0,34.2,64,656,289,1.1,14.8016,11.4630
2017,7,16,18,30,32.4,54,568,197,0.9,9.6018,7.3740
2017,7,16,19,0,30.6,40,443,112,0.8,0.0000,0.0000
2017,7,16,19,30,29.5,22,257,41,0.9,0.0000,0.0000
2017,7,16,20,0,28.400000000000002,0,0,0,1,0.0000,0.0000
2017,7,16,20,30,27.900000000000002,0,0,0,1,0.0000,0.0000
2017,7,16,21,0,27.3,0,0,0,1.1,0.0000,0.0000
2017,7,16,21,30,26.8,0,0,0,1.1,0.0000,0.0000
2017,7,16,22,0,26.400000000000002,0,0,0,1.2000000000000002,0.0000,0.0000
2017,7,16,22,30,25.900000000000002,0,0,0,1.2000000000000002,0.0000,0.0000
2017,7,16,23,0,25.5,0,0,0,1.2000000000000002,0.0000,0.0000
2017,7,16,23,30,25.1,0,0,0,1.3,0.0000,0.0000
2017,7,17,0,0,24.700000000000003,0,0,0,1.4000000000000001,0.0000,0.0000
2017,7,17,0,30,24.400000000000002,0,0,0,1.5,0.0000,0.0000
2017,7,17,1,0,24,0,0,0,1.6,0.0000,0.0000
2017,7,17,1,30,23.700000000000003,0,0,0,1.6,0.0000,0.0000
2017,7,17,2,0,23.3,0,0,0,1.7000000000000002,0.0000,0.0000
2017,7,17,2,30,22.900000000000002,0,0,0,1.7000000000000002,0.0000,0.0000
2017,7,17,3,0,22.5,0,0,0,1.6,0.0000,0.0000
2017,7,17,3,30,22.1,0,0,0,1.6,0.0000,0.0000
2017,7,17,4,0,21.8,0,0,0,1.5,0.0000,0.0000
2017,7,17,4,30,21.8,0,0,0,1.6,0.0000,0.0000
2017,7,17,5,0,21.900000000000002,0,0,0,1.7000000000000002,0.0000,0.0000
2017,7,17,5,30,22.900000000000002,18,228,30,2.1,0.0000,0.0000
2017,7,17,6,0,23.900000000000002,36,439,97,2.5,0.0000,0.0000
2017,7,17,6,30,25.200000000000003,50,578,182,2.4000000000000004,8.7776,6.7243
2017,7,17,7,0,26.5,60,676,277,2.2,14.0114,10.8314
2017,7,17,7,30,28.6,68,744,373,2.8000000000000003,19.7742,15.3810
2017,7,17,8,0,30.8,75,795,469,3.4000000000000004,25.8184,20.1622
2017,7,17,8,30,31.900000000000002,81,833,563,3.6,31.9097,24.9846
2017,7,17,9,0,33,86,860,650,3.8000000000000003,37.6725,29.5497
2017,7,17,9,30,33.5,91,881,729,4,42.9826,33.7575
2017,7,17,10,0,34,95,898,800,4.1000000000000005,47.7897,37.5668
2017,7,17,10,30,34.4,98,909,859,4.3,51.8226,40.7634
2017,7,17,11,0,34.800000000000004,101,915,905,4.4,54.9927,43.2768
2017,7,17,11,30,35,103,922,941,4.5,57.4643,45.2357
2017,7,17,12,0,35.300000000000004,106,921,961,4.6000000000000005,58.8594,46.3422
2017,7,17,12,30,35.5,107,922,970,4.6000000000000005,59.4764,46.8311
2017,7,17,13,0,35.6,109,919,964,4.6000000000000005,59.0685,46.5080
2017,7,17,13,30,35.7,108,913,943,4.6000000000000005,57.6368,45.3739
2017,7,17,14,0,35.7,336,497,777,4.5,47.2795,37.2100
2017,7,17,14,30,35.6,106,894,863,4.4,52.1647,41.0376
2017,7,17,15,0,35.5,105,876,805,4.3,48.2135,37.9065
2017,7,17,15,30,35.2,206,614,660,4.2,39.0477,30.6745
2017,7,17,16,0,35,98,829,655,4,38.1328,29.9209
2017,7,17,16,30,34.5,93,797,568,3.8000000000000003,32.3800,25.3651
2017,7,17,17,0,34,88,752,476,3.5,26.4020,20.6327
2017,7,17,17,30,33.1,80,697,380,2.9000000000000004,20.3400,15.8382
2017,7,17,18,0,32.1,152,177,212,2.3000000000000003,10.8492,8.4011
2017,7,17,18,30,30.700000000000003,114,92,137,2,6.6718,5.1228
2017,7,17,19,0,29.200000000000003,55,1,55,1.7000000000000002,0.0000,0.0000
2017,7,17,19,30,28.6,29,3,29,2.1,0.0000,0.0000
2017,7,17,20,0,28,0,0,0,2.5,0.0000,0.0000
2017,7,17,20,30,27.5,0,0,0,2.7,0.0000,0.0000
2017,7,17,21,0,27.1,0,0,0,3,0.0000,0.0000
2017,7,17,21,30,26.6,0,0,0,3,0.0000,0.0000
2017,7,17,22,0,26.1,0,0,0,3,0.0000,0.0000
2017,7,17,22,30,25.700000000000003,0,0,0,3,0.0000,0.0000
2017,7,17,23,0,25.400000000000002,0,0,0,2.9000000000000004,0.0000,0.0000
2017,7,17,23,30,25.1,0,0,0,2.9000000000000004,0.0000,0.0000
2017,7,18,0,0,24.8,0,0,0,2.8000000000000003,0.0000,0.0000
2017,7,18,0,30,24.6,0,0,0,2.7,0.0000,0.0000
2017,7,18,1,0,24.3,0,0,0,2.6,0.0000,0.0000
2017,7,18,1,30,24.1,0,0,0,2.6,0.0000,0.0000
2017,7,18,2,0,23.900000000000002,0,0,0,2.6,0.0000,0.0000
2017,7,18,2,30,23.5,0,0,0,2.6,0.0000,0.0000
2017,7,18,3,0,23.200000000000003,0,0,0,2.5,0.0000,0.0000
2017,7,18,3,30,22.900000000000002,0,0,0,2.5,0.0000,0.0000
2017,7,18,4,0,22.6,0,0,0,2.4000000000000004,0.0000,0.0000
2017,7,18,4,30,22.6,0,0,0,2.5,0.0000,0.0000
2017,7,18,5,0,22.5,0,0,0,2.6,0.0000,0.0000
2017,7,18,5,30,22.8,12,0,12,2.7,0.0000,0.0000
2017,7,18,6,0,23,48,4,49,2.8000000000000003,0.0000,0.0000
2017,7,18,6,30,23.6,110,15,113,3.1,5.4453,4.1705
2017,7,18,7,0,24.200000000000003,138,203,203,3.3000000000000003,10.2569,7.9277
2017,7,18,7,30,24.8,145,441,325,3.6,17.2123,13.3868
2017,7,18,8,0,25.3,175,449,397,3.9000000000000004,21.8392,17.0536
2017,7,18,8,30,25.8,119,690,517,4,29.2865,22.9296
2017,7,18,9,0,26.3,133,714,599,4.1000000000000005,34.7020,27.2187
2017,7,18,9,30,27.200000000000003,244,475,586,4.1000000000000005,34.5388,27.1252
2017,7,18,10,0,28.200000000000003,247,514,650,4.1000000000000005,38.8182,30.5138
2017,7,18,10,30,29.400000000000002,380,224,567,4.2,34.1982,26.8998
2017,7,18,11,0,30.5,374,286,625,4.2,37.9704,29.8806
2017,7,18,11,30,31.6,331,452,742,4.1000000000000005,45.3031,35.6620
2017,7,18,12,0,32.7,134,848,920,4.1000000000000005,56.3382,44.3567
2017,7,18,12,30,33.4,134,850,929,4,56.9535,44.8442
2017,7,18,13,0,34.1,470,306,755,3.9000000000000004,46.2545,36.4185
2017,7,18,13,30,34.5,450,90,532,3.7,32.5108,25.5935
2017,7,18,14,0,34.9,315,1,316,3.6,19.2249,15.1302
2017,7,18,14,30,34.800000000000004,126,830,829,3.4000000000000004,50.0997,39.4126
2017,7,18,15,0,34.800000000000004,431,206,596,3.2,35.6886,28.0588
2017,7,18,15,30,34.5,345,37,373,3,22.0621,17.3309
2017,7,18,16,0,34.300000000000004,337,62,378,2.9000000000000004,21.9998,17.2618
2017,7,18,16,30,33.800000000000004,132,675,534,2.6,30.4300,23.8367
2017,7,18,17,0,33.300000000000004,271,54,298,2.3000000000000003,16.5207,12.9100
2017,7,18,17,30,32.7,111,570,355,2,18.9894,14.7855
2017,7,18,18,0,32.1,95,496,264,1.7000000000000002,13.4982,10.4511
2017,7,18,18,30,30.900000000000002,77,401,177,1.3,8.6125,6.6118
2017,7,18,19,0,29.700000000000003,53,279,98,0.9,0.0000,0.0000
2017,7,18,19,30,28.900000000000002,25,125,34,1,0.0000,0.0000
2017,7,18,20,0,28.1,0,0,0,1.1,0.0000,0.0000
2017,7,18,20,30,27.8,0,0,0,1.5,0.0000,0.0000
2017,7,18,21,0,27.5,0,0,0,1.8,0.0000,0.0000
2017,7,18,21,30,27.200000000000003,0,0,0,1.9000000000000001,0.0000,0.0000
2017,7,18,22,0,26.900000000000002,0,0,0,2.1,0.0000,0.0000
2017,7,18,22,30,26.6,0,0,0,2,0.0000,0.0000
2017,7,18,23,0,26.200000000000003,0,0,0,2,0.0000,0.0000
2017,7,18,23,30,25.900000000000002,0,0,0,1.9000000000000001,0.0000,0.0000
2017,7,19,0,0,25.6,0,0,0,1.8,0.0000,0.0000
2017,7,19,0,30,25.3,0,0,0,1.7000000000000002,0.0000,0.0000
2017,7,19,1,0,25,0,0,0,1.7000000000000002,0.0000,0.0000
2017,7,19,1,30,24.700000000000003,0,0,0,1.6,0.0000,0.0000
2017,7,19,2,0,24.400000000000002,0,0,0,1.6,0.0000,0.0000
2017,7,19,2,30,24.1,0,0,0,1.7000000000000002,0.0000,0.0000
2017,7,19,3,0,23.8,0,0,0,1.8,0.0000,0.0000
2017,7,19,3,30,23.6,0,0,0,1.9000000000000001,0.0000,0.0000
2017,7,19,4,0,23.3,0,0,0,2.1,0.0000,0.0000
2017,7,19,4,30,23.200000000000003,0,0,0,2.4000000000000004,0.0000,0.0000
2017,7,19,5,0,23.1,0,0,0,2.7,0.0000,0.0000
2017,7,19,5,30,23.6,17,151,24,2.9000000000000004,0.0000,0.0000
2017,7,19,6,0,24.1,38,357,87,3.2,0.0000,0.0000
2017,7,19,6,30,25.400000000000002,55,499,167,3.5,8.0402,6.1566
2017,7,19,7,0,26.6,67,602,257,3.8000000000000003,12.9697,10.0226
2017,7,19,7,30,28,77,676,351,3.9000000000000004,18.5721,14.4428
2017,7,19,8,0,29.3,84,732,445,4,24.4621,19.1004
2017,7,19,8,30,30.400000000000002,91,772,535,4,30.2894,23.7137
2017,7,19,9,0,31.400000000000002,96,805,621,3.9000000000000004,35.9611,28.2055
2017,7,19,9,30,32.300000000000004,101,828,699,3.7,41.1853,32.3443
2017,7,19,10,0,33.2,105,846,767,3.6,45.7924,35.9954
2017,7,19,10,30,34,109,860,826,3.6,49.8075,39.1771
2017,7,19,11,0,34.9,112,868,872,3.6,52.9645,41.6795
2017,7,19,11,30,35.5,114,875,907,4,55.3670,43.5836
2017,7,19,12,0,36.2,119,871,925,4.3,56.6342,44.5892
2017,7,19,12,30,36.6,120,872,933,4.6000000000000005,57.1886,45.0287
2017,7,19,13,0,36.9,122,866,926,5,56.7213,44.6590
2017,7,19,13,30,37,121,861,907,5.2,55.4175,43.6258
2017,7,19,14,0,37.2,121,852,874,5.4,53.1627,41.8392
2017,7,19,14,30,37.1,118,841,829,5.5,50.0898,39.4043
2017,7,19,15,0,37,109,836,775,5.5,46.3956,36.4762
2017,7,19,15,30,36.9,105,818,708,5.4,41.8646,32.8861
2017,7,19,16,0,36.7,99,799,633,5.300000000000001,36.8287,28.8962
2017,7,19,16,30,36.4,93,769,550,5.1000000000000005,31.3283,24.5395
2017,7,19,17,0,36.1,85,733,461,4.800000000000001,25.5428,19.9592
2017,7,19,17,30,35.5,78,682,369,4.2,19.7239,15.3562
2017,7,19,18,0,34.800000000000004,156,115,194,3.6,9.9102,7.6721
2017,7,19,18,30,33.5,114,53,127,3,6.1745,4.7393
2017,7,19,19,0,32.2,55,5,56,2.5,0.0000,0.0000
2017,7,19,19,30,31.400000000000002,17,0,17,2.7,0.0000,0.0000
2017,7,19,20,0,30.6,0,0,0,2.9000000000000004,0.0000,0.0000
2017,7,19,20,30,30,0,0,0,3.1,0.0000,0.0000
2017,7,19,21,0,29.400000000000002,0,0,0,3.3000000000000003,0.0000,0.0000
2017,7,19,21,30,28.900000000000002,0,0,0,3.5,0.0000,0.0000
2017,7,19,22,0,28.3,0,0,0,3.7,0.0000,0.0000
2017,7,19,22,30,27.700000000000003,0,0,0,3.7,0.0000,0.0000
2017,7,19,23,0,27.200000000000003,0,0,0,3.7,0.0000,0.0000
2017,7,19,23,30,26.6,0,0,0,3,0.0000,0.0000
2017,7,20,0,0,26,0,0,0,2.3000000000000003,0.0000,0.0000
2017,7,20,0,30,25.6,0,0,0,1.9000000000000001,0.0000,0.0000
2017,7,20,1,0,25.3,0,0,0,1.6,0.0000,0.0000
2017,7,20,1,30,25.1,0,0,0,1.3,0.0000,0.0000
2017,7,20,2,0,24.900000000000002,0,0,0,1.1,0.0000,0.0000
2017,7,20,2,30,24.8,0,0,0,0.9,0.0000,0.0000
2017,7,20,3,0,24.6,0,0,0,0.7000000000000001,0.0000,0.0000
2017,7,20,3,30,24.6,0,0,0,0.6000000000000001,0.0000,0.0000
2017,7,20,4,0,24.6,0,0,0,0.5,0.0000,0.0000
2017,7,20,4,30,24.8,0,0,0,0.4,0.0000,0.0000
2017,7,20,5,0,24.900000000000002,0,0,0,0.30000000000000004,0.0000,0.0000
2017,7,20,5,30,25.6,16,1,16,0.8,0.0000,0.0000
2017,7,20,6,0,26.200000000000003,59,15,61,1.2000000000000002,0.0000,0.0000
2017,7,20,6,30,27.3,105,53,117,1.4000000000000001,5.6281,4.3085
2017,7,20,7,0,28.400000000000002,146,78,170,1.6,8.5697,6.6212
2017,7,20,7,30,29.900000000000002,170,187,246,1.5,13.0042,10.1117
2017,7,20,8,0,31.400000000000002,165,484,402,1.3,22.0811,17.2399
2017,7,20,8,30,32.4,87,776,532,1.4000000000000001,30.1015,23.5654
2017,7,20,9,0,33.300000000000004,94,804,616,1.4000000000000001,35.6550,27.9644
2017,7,20,9,30,34.1,159,634,615,1.6,36.2228,28.4464
2017,7,20,10,0,34.800000000000004,246,525,656,1.8,39.1533,30.7760
2017,7,20,10,30,35.5,108,858,822,1.9000000000000001,49.5533,38.9765
2017,7,20,11,0,36.2,264,556,750,2,45.5446,35.8401
2017,7,20,11,30,36.800000000000004,113,873,903,2,55.1118,43.3823
2017,7,20,12,0,37.4,122,865,923,2,56.5015,44.4842
2017,7,20,12,30,37.800000000000004,486,263,731,2.1,44.7988,35.2730
2017,7,20,13,0,38.2,441,364,779,2.1,47.7085,37.5625
2017,7,20,13,30,38.300000000000004,385,300,658,2.1,40.1964,31.6431
2017,7,20,14,0,38.400000000000006,375,208,559,2.1,33.9953,26.7541
2017,7,20,14,30,38.2,336,36,367,2.1,22.1700,17.4403
2017,7,20,15,0,38.1,259,11,268,2.1,16.0399,12.6103
2017,7,20,15,30,37.7,265,1,267,2.1,15.7834,12.3981
2017,7,20,16,0,37.4,111,768,624,2.1,36.2916,28.4741
2017,7,20,16,30,36.800000000000004,254,70,296,2,16.8530,13.2005
2017,7,20,17,0,36.1,273,89,319,2,17.6650,13.8028
2017,7,20,17,30,35.2,136,1,136,1.7000000000000002,7.2637,5.6547
2017,7,20,18,0,34.300000000000004,175,59,195,1.5,9.9514,7.7029
2017,7,20,18,30,32.800000000000004,121,23,127,1.4000000000000001,6.1684,4.7336
2017,7,20,19,0,31.400000000000002,45,352,99,1.2000000000000002,0.0000,0.0000
2017,7,20,19,30,30.6,22,171,34,1.3,0.0000,0.0000
2017,7,20,20,0,29.900000000000002,0,0,0,1.4000000000000001,0.0000,0.0000
2017,7,20,20,30,29.5,0,0,0,1.6,0.0000,0.0000
2017,7,20,21,0,29,0,0,0,1.7000000000000002,0.0000,0.0000
2017,7,20,21,30,28.700000000000003,0,0,0,2,0.0000,0.0000
2017,7,20,22,0,28.400000000000002,0,0,0,2.3000000000000003,0.0000,0.0000
2017,7,20,22,30,28.1,0,0,0,2.4000000000000004,0.0000,0.0000
2017,7,20,23,0,27.8,0,0,0,2.6,0.0000,0.0000
2017,7,20,23,30,27.400000000000002,0,0,0,2.7,0.0000,0.0000
2017,7,21,0,0,27,0,0,0,2.8000000000000003,0.0000,0.0000
2017,7,21,0,30,26.8,0,0,0,2.9000000000000004,0.0000,0.0000
2017,7,21,1,0,26.6,0,0,0,3.1,0.0000,0.0000
2017,7,21,1,30,26.3,0,0,0,3.1,0.0000,0.0000
2017,7,21,2,0,26,0,0,0,3.2,0.0000,0.0000
2017,7,21,2,30,25.6,0,0,0,3.1,0.0000,0.0000
2017,7,21,3,0,25.3,0,0,0,3,0.0000,0.0000
2017,7,21,3,30,25,0,0,0,2.9000000000000004,0.0000,0.0000
2017,7,21,4,0,24.700000000000003,0,0,0,2.8000000000000003,0.0000,0.0000
2017,7,21,4,30,24.6,0,0,0,2.8000000000000003,0.0000,0.0000
2017,7,21,5,0,24.5,0,0,0,2.8000000000000003,0.0000,0.0000
2017,7,21,5,30,25,11,0,11,3.1,0.0000,0.0000
2017,7,21,6,0,25.5,52,1,53,3.4000000000000004,0.0000,0.0000
2017,7,21,6,30,26.700000000000003,110,26,116,3.7,5.5750,4.2668
2017,7,21,7,0,27.8,156,27,164,4,8.2572,6.3786
2017,7,21,7,30,29.400000000000002,76,1,76,4.3,4.0135,3.1204
2017,7,21,8,0,31,239,233,353,4.5,19.3755,15.1265
2017,7,21,8,30,32.4,91,762,526,4.5,29.7440,23.2843
2017,7,21,9,0,33.9,96,797,613,4.6000000000000005,35.4661,27.8153
2017,7,21,9,30,34.9,100,822,690,4.7,40.6243,31.9020
2017,7,21,10,0,35.9,107,835,758,4.800000000000001,45.2271,35.5496
2017,7,21,10,30,36.5,111,849,817,4.9,49.2397,38.7292
2017,7,21,11,0,37.2,118,852,863,5.1000000000000005,52.3947,41.2300
2017,7,21,11,30,37.5,473,242,692,5.2,42.2251,33.2378
2017,7,21,12,0,37.9,120,865,919,5.300000000000001,56.2457,44.2824
2017,7,21,12,30,38.1,121,867,928,5.300000000000001,56.8615,44.7703
2017,7,21,13,0,38.300000000000004,119,867,922,5.4,56.4556,44.4489
2017,7,21,13,30,38.5,463,279,717,5.300000000000001,43.7922,34.4734
2017,7,21,14,0,38.6,113,860,872,5.2,53.0195,41.7255
2017,7,21,14,30,38.800000000000004,111,850,828,5.1000000000000005,50.0068,39.3379
2017,7,21,15,0,39,107,838,772,5,46.1929,36.3156
2017,7,21,15,30,38.900000000000006,103,819,705,4.800000000000001,41.6630,32.7264
2017,7,21,16,0,38.900000000000006,97,801,630,4.6000000000000005,36.6270,28.7364
2017,7,21,16,30,38.400000000000006,91,770,547,4.2,31.1290,24.3815
2017,7,21,17,0,38,85,731,457,3.7,25.2911,19.7604
2017,7,21,17,30,37,77,680,365,2.8000000000000003,19.4786,15.1625
2017,7,21,18,0,36,68,610,272,1.8,13.8671,10.7323
2017,7,21,18,30,34.4,57,517,182,1.3,8.8319,6.7761
2017,7,21,19,0,32.9,59,9,61,0.8,0.0000,0.0000
2017,7,21,19,30,32.300000000000004,14,0,14,0.7000000000000001,0.0000,0.0000
2017,7,21,20,0,31.6,0,0,0,0.6000000000000001,0.0000,0.0000
2017,7,21,20,30,31,0,0,0,0.7000000000000001,0.0000,0.0000
2017,7,21,21,0,30.3,0,0,0,0.7000000000000001,0.0000,0.0000
2017,7,21,21,30,29.700000000000003,0,0,0,0.7000000000000001,0.0000,0.0000
2017,7,21,22,0,29,0,0,0,0.7000000000000001,0.0000,0.0000
2017,7,21,22,30,28.3,0,0,0,0.7000000000000001,0.0000,0.0000
2017,7,21,23,0,27.700000000000003,0,0,0,0.7000000000000001,0.0000,0.0000
2017,7,21,23,30,27,0,0,0,0.8,0.0000,0.0000
2017,7,22,0,0,26.400000000000002,0,0,0,0.8,0.0000,0.0000
2017,7,22,0,30,25.8,0,0,0,1,0.0000,0.0000
2017,7,22,1,0,25.3,0,0,0,1.1,0.0000,0.0000
2017,7,22,1,30,24.8,0,0,0,1.4000000000000001,0.0000,0.0000
2017,7,22,2,0,24.3,0,0,0,1.7000000000000002,0.0000,0.0000
2017,7,22,2,30,23.8,0,0,0,1.9000000000000001,0.0000,0.0000
2017,7,22,3,0,23.400000000000002,0,0,0,2,0.0000,0.0000
2017,7,22,3,30,23.200000000000003,0,0,0,2.2,0.0000,0.0000
2017,7,22,4,0,22.900000000000002,0,0,0,2.3000000000000003,0.0000,0.0000
2017,7,22,4,30,22.900000000000002,0,0,0,2.5,0.0000,0.0000
2017,7,22,5,0,22.8,0,0,0,2.6,0.0000,0.0000
2017,7,22,5,30,23.400000000000002,15,128,20,2.9000000000000004,0.0000,0.0000
2017,7,22,6,0,23.900000000000002,37,330,79,3.1,0.0000,0.0000
2017,7,22,6,30,24.900000000000002,56,477,160,3.3000000000000003,7.6835,5.8790
2017,7,22,7,0,25.900000000000002,163,111,197,3.5,9.9068,7.6515
2017,7,22,7,30,27.1,80,662,345,3.7,18.2005,14.1489
2017,7,22,8,0,28.3,182,3,183,3.8000000000000003,10.0366,7.8350
2017,7,22,8,30,29.5,314,135,391,4,22.0977,17.2978
2017,7,22,9,0,30.700000000000003,318,315,521,4.2,30.1280,23.6278
2017,7,22,9,30,31.5,113,812,695,4.2,40.9036,32.1206
2017,7,22,10,0,32.300000000000004,359,415,682,4.3,40.6798,31.9746
2017,7,22,10,30,33,424,321,690,4.2,41.5737,32.6990
2017,7,22,11,0,33.7,139,837,869,4.2,52.7461,41.5059
2017,7,22,11,30,34.2,141,845,904,4.1000000000000005,55.1494,43.4107
2017,7,22,12,0,34.7,167,813,916,4,56.0511,44.1286
2017,7,22,12,30,35.1,326,511,801,3.9000000000000004,49.0703,38.6354
2017,7,22,13,0,35.4,409,333,717,3.9000000000000004,43.8947,34.5590
2017,7,22,13,30,35.5,281,551,782,3.9000000000000004,47.7524,37.5904
2017,7,22,14,0,35.5,400,338,697,3.8000000000000003,42.3699,33.3440
2017,7,22,14,30,35.300000000000004,382,286,623,3.9000000000000004,37.6171,29.5910
2017,7,22,15,0,35.1,369,245,563,3.9000000000000004,33.6781,26.4763
2017,7,22,15,30,34.7,357,230,525,3.9000000000000004,31.0149,24.3618
2017,7,22,16,0,34.2,369,130,456,3.9000000000000004,26.5002,20.7906
2017,7,22,16,30,33.5,48,0,48,3.7,2.7302,2.1383
2017,7,22,17,0,32.9,255,90,301,3.5,16.6465,13.0053
2017,7,22,17,30,31.8,30,0,30,2.8000000000000003,1.5997,1.2451
2017,7,22,18,0,30.8,140,5,141,2.2,7.1806,5.5565
2017,7,22,18,30,29.200000000000003,85,1,85,1.6,4.1208,3.1609
2017,7,22,19,0,27.6,58,3,58,1.1,0.0000,0.0000
2017,7,22,19,30,26.8,22,0,22,1,0.0000,0.0000
2017,7,22,20,0,26,0,0,0,0.9,0.0000,0.0000
2017,7,22,20,30,25.700000000000003,0,0,0,0.8,0.0000,0.0000
2017,7,22,21,0,25.5,0,0,0,0.8,0.0000,0.0000
2017,7,22,21,30,25.400000000000002,0,0,0,0.7000000000000001,0.0000,0.0000
2017,7,22,22,0,25.3,0,0,0,0.7000000000000001,0.0000,0.0000
2017,7,22,22,30,24.8,0,0,0,0.7000000000000001,0.0000,0.0000
2017,7,22,23,0,24.3,0,0,0,0.8,0.0000,0.0000
2017,7,22,23,30,23.8,0,0,0,0.8,0.0000,0.0000
2017,7,23,0,0,23.3,0,0,0,0.8,0.0000,0.0000
2017,7,23,0,30,22.8,0,0,0,0.8,0.0000,0.0000
2017,7,23,1,0,22.400000000000002,0,0,0,0.9,0.0000,0.0000
2017,7,23,1,30,21.900000000000002,0,0,0,1,0.0000,0.0000
2017,7,23,2,0,21.400000000000002,0,0,0,1.1,0.0000,0.0000
2017,7,23,2,30,21.3,0,0,0,1.4000000000000001,0.0000,0.0000
2017,7,23,3,0,21.1,0,0,0,1.7000000000000002,0.0000,0.0000
2017,7,23,3,30,20.8,0,0,0,1.7000000000000002,0.0000,0.0000
2017,7,23,4,0,20.5,0,0,0,1.6,0.0000,0.0000
2017,7,23,4,30,20.400000000000002,0,0,0,1.6,0.0000,0.0000
2017,7,23,5,0,20.400000000000002,0,0,0,1.6,0.0000,0.0000
2017,7,23,5,30,21.200000000000003,10,60,12,2.1,0.0000,0.0000
2017,7,23,6,0,22.1,39,216,66,2.6,0.0000,0.0000
2017,7,23,6,30,23.200000000000003,67,345,142,2.5,6.8134,5.2120
2017,7,23,7,0,24.400000000000002,86,481,233,2.4000000000000004,11.7019,9.0360
2017,7,23,7,30,26.200000000000003,103,563,327,2.9000000000000004,17.2332,13.3953
2017,7,23,8,0,28.1,110,650,426,3.4000000000000004,23.3452,18.2228
2017,7,23,8,30,29.400000000000002,121,699,518,3.5,29.2573,22.9010
2017,7,23,9,0,30.700000000000003,124,752,609,3.7,35.2002,27.6046
2017,7,23,9,30,31.400000000000002,131,781,690,3.8000000000000003,40.5932,31.8759
2017,7,23,10,0,32,131,816,765,3.9000000000000004,45.6162,35.8539
2017,7,23,10,30,32.4,136,833,826,4,49.7546,39.1328
2017,7,23,11,0,32.800000000000004,133,856,878,4.2,53.2800,41.9254
2017,7,23,11,30,33,136,862,914,4.4,55.7474,43.8808
2017,7,23,12,0,33.300000000000004,123,892,945,4.5,57.8136,45.5156
2017,7,23,12,30,33.300000000000004,124,894,953,4.6000000000000005,58.3700,45.9569
2017,7,23,13,0,33.4,121,896,949,4.800000000000001,58.0860,45.7314
2017,7,23,13,30,33.300000000000004,120,892,930,4.800000000000001,56.7782,44.6949
2017,7,23,14,0,33.2,114,892,899,4.9,54.6372,42.9975
2017,7,23,14,30,32.9,112,884,855,4.9,51.6122,40.5995
2017,7,23,15,0,32.6,111,864,795,4.9,47.5420,37.3748
2017,7,23,15,30,32.2,107,845,725,4.800000000000001,42.8153,33.6299
2017,7,23,16,0,31.8,99,831,650,4.7,37.7576,29.6215
2017,7,23,16,30,31.200000000000003,93,800,564,4.6000000000000005,32.0626,25.1106
2017,7,23,17,0,30.5,84,772,475,4.4,26.2512,20.5079
2017,7,23,17,30,29.6,76,721,379,3.8000000000000003,20.1913,15.7142
2017,7,23,18,0,28.700000000000003,65,661,284,3.3000000000000003,14.4474,11.1778
2017,7,23,18,30,26.8,54,567,189,2.4000000000000004,9.1534,7.0195
2017,7,23,19,0,25,38,441,104,1.5,0.0000,0.0000
2017,7,23,19,30,23.900000000000002,19,236,33,1.4000000000000001,0.0000,0.0000
2017,7,23,20,0,22.8,0,0,0,1.4000000000000001,0.0000,0.0000
2017,7,23,20,30,22.3,0,0,0,1.4000000000000001,0.0000,0.0000
2017,7,23,21,0,21.8,0,0,0,1.4000000000000001,0.0000,0.0000
2017,7,23,21,30,21.400000000000002,0,0,0,1.4000000000000001,0.0000,0.0000
2017,7,23,22,0,20.900000000000002,0,0,0,1.5,0.0000,0.0000
2017,7,23,22,30,20.400000000000002,0,0,0,1.5,0.0000,0.0000
2017,7,23,23,0,19.900000000000002,0,0,0,1.5,0.0000,0.0000
2017,7,23,23,30,19.5,0,0,0,1.5,0.0000,0.0000
2017,7,24,0,0,19,0,0,0,1.4000000000000001,0.0000,0.0000
2017,7,24,0,30,18.5,0,0,0,1.3,0.0000,0.0000
2017,7,24,1,0,18.1,0,0,0,1.1,0.0000,0.0000
2017,7,24,1,30,17.7,0,0,0,1,0.0000,0.0000
2017,7,24,2,0,17.400000000000002,0,0,0,0.9,0.0000,0.0000
2017,7,24,2,30,17.1,0,0,0,0.8,0.0000,0.0000
2017,7,24,3,0,16.8,0,0,0,0.8,0.0000,0.0000
2017,7,24,3,30,16.7,0,0,0,0.8,0.0000,0.0000
2017,7,24,4,0,16.5,0,0,0,0.8,0.0000,0.0000
2017,7,24,4,30,16.6,0,0,0,0.8,0.0000,0.0000
2017,7,24,5,0,16.8,0,0,0,0.9,0.0000,0.0000
2017,7,24,5,30,17.900000000000002,13,159,19,1.4000000000000001,0.0000,0.0000
2017,7,24,6,0,19,47,1,48,2,0.0000,0.0000
2017,7,24,6,30,20.6,50,524,162,2.2,7.7673,5.9402
2017,7,24,7,0,22.200000000000003,160,40,173,2.4000000000000004,8.6780,6.6997
2017,7,24,7,30,23.700000000000003,74,693,348,2.3000000000000003,18.3210,14.2391
2017,7,24,8,0,25.1,84,738,441,2.2,24.1479,18.8478
2017,7,24,8,30,26.1,91,781,533,2.2,30.0846,23.5472
2017,7,24,9,0,27.1,100,805,618,2.2,35.7034,27.9982
2017,7,24,9,30,28,382,226,543,2.3000000000000003,31.9323,25.0742
2017,7,24,10,0,28.8,112,845,767,2.3000000000000003,45.7200,35.9346
2017,7,24,10,30,29.700000000000003,116,859,826,2.4000000000000004,49.7402,39.1208
2017,7,24,11,0,30.5,122,865,874,2.5,53.0234,41.7228
2017,7,24,11,30,31.200000000000003,124,872,909,2.6,55.4296,43.6301
2017,7,24,12,0,32,126,875,931,2.7,56.9445,44.8308
2017,7,24,12,30,32.6,127,876,938,2.9000000000000004,57.4393,45.2236
2017,7,24,13,0,33.300000000000004,126,876,934,3,57.1555,44.9983
2017,7,24,13,30,33.7,125,872,914,3.2,55.7891,43.9156
2017,7,24,14,0,34.2,123,862,880,3.3000000000000003,53.4699,42.0782
2017,7,24,14,30,34.300000000000004,120,851,834,3.4000000000000004,50.3308,39.5908
2017,7,24,15,0,34.4,115,838,776,3.5,46.3920,36.4700
2017,7,24,15,30,34.2,111,819,708,3.6,41.7967,32.8291
2017,7,24,16,0,34,104,797,631,3.7,36.6376,28.7419
2017,7,24,16,30,33.6,98,765,546,3.7,31.0215,24.2941
2017,7,24,17,0,33.1,89,730,457,3.8000000000000003,25.2375,19.7145
2017,7,24,17,30,32.2,80,677,363,3.5,19.3201,15.0346
2017,7,24,18,0,31.3,69,608,269,3.3000000000000003,13.6681,10.5731
2017,7,24,18,30,29.700000000000003,57,512,178,3.1,8.6121,6.6028
2017,7,24,19,0,28.1,40,374,95,2.8000000000000003,0.0000,0.0000
2017,7,24,19,30,27.200000000000003,19,180,29,3.3000000000000003,0.0000,0.0000
2017,7,24,20,0,26.3,0,0,0,3.7,0.0000,0.0000
2017,7,24,20,30,25.700000000000003,0,0,0,3.8000000000000003,0.0000,0.0000
2017,7,24,21,0,25,0,0,0,3.9000000000000004,0.0000,0.0000
2017,7,24,21,30,24.5,0,0,0,3.8000000000000003,0.0000,0.0000
2017,7,24,22,0,24,0,0,0,3.7,0.0000,0.0000
2017,7,24,22,30,23.6,0,0,0,3.7,0.0000,0.0000
2017,7,24,23,0,23.200000000000003,0,0,0,3.6,0.0000,0.0000
2017,7,24,23,30,23,0,0,0,3.5,0.0000,0.0000
2017,7,25,0,0,22.700000000000003,0,0,0,3.5,0.0000,0.0000
2017,7,25,0,30,22.6,0,0,0,3.5,0.0000,0.0000
2017,7,25,1,0,22.400000000000002,0,0,0,3.4000000000000004,0.0000,0.0000
2017,7,25,1,30,22.3,0,0,0,3.4000000000000004,0.0000,0.0000
2017,7,25,2,0,22.200000000000003,0,0,0,3.4000000000000004,0.0000,0.0000
2017,7,25,2,30,22.1,0,0,0,3.3000000000000003,0.0000,0.0000
2017,7,25,3,0,21.900000000000002,0,0,0,3.3000000000000003,0.0000,0.0000
2017,7,25,3,30,21.700000000000003,0,0,0,3.3000000000000003,0.0000,0.0000
2017,7,25,4,0,21.5,0,0,0,3.3000000000000003,0.0000,0.0000
2017,7,25,4,30,21.400000000000002,0,0,0,3.4000000000000004,0.0000,0.0000
2017,7,25,5,0,21.3,0,0,0,3.6,0.0000,0.0000
2017,7,25,5,30,21.900000000000002,12,101,16,3.7,0.0000,0.0000
2017,7,25,6,0,22.6,36,300,72,3.9000000000000004,0.0000,0.0000
2017,7,25,6,30,24.200000000000003,56,452,151,4.1000000000000005,7.2340,5.5309
2017,7,25,7,0,25.700000000000003,69,566,241,4.3,12.0733,9.3190
2017,7,25,7,30,27.8,80,645,334,4.800000000000001,17.5643,13.6491
2017,7,25,8,0,29.8,88,708,429,5.2,23.4704,18.3175
2017,7,25,8,30,31.400000000000002,96,754,521,5.300000000000001,29.3890,23.0016
2017,7,25,9,0,33,99,798,610,5.5,35.2231,27.6204
2017,7,25,9,30,34,104,824,690,5.6000000000000005,40.5606,31.8485
2017,7,25,10,0,35,110,845,763,5.6000000000000005,45.4660,35.7342
2017,7,25,10,30,35.6,113,861,823,5.7,49.5451,38.9666
2017,7,25,11,0,36.300000000000004,116,875,874,5.7,53.0101,41.7117
2017,7,25,11,30,36.800000000000004,118,883,911,5.800000000000001,55.5387,43.7153
2017,7,25,12,0,37.2,106,909,941,5.800000000000001,57.5433,45.3016
2017,7,25,12,30,37.5,107,911,950,5.800000000000001,58.1613,45.7914
2017,7,25,13,0,37.800000000000004,106,911,945,5.9,57.8160,45.5177
2017,7,25,13,30,37.9,105,907,925,5.9,56.4472,44.4331
2017,7,25,14,0,37.9,104,900,893,5.9,54.2461,42.6884
2017,7,25,14,30,37.6,102,890,847,5.9,51.1013,40.1962
2017,7,25,15,0,37.4,107,861,785,5.800000000000001,46.9150,36.8803
2017,7,25,15,30,37,103,840,715,5.800000000000001,42.1940,33.1402
2017,7,25,16,0,36.7,98,818,637,5.7,36.9694,29.0012
2017,7,25,16,30,36.2,92,784,550,5.6000000000000005,31.2307,24.4567
2017,7,25,17,0,35.7,85,746,460,5.5,25.3840,19.8276
2017,7,25,17,30,34.9,154,422,330,5.1000000000000005,17.5466,13.6529
2017,7,25,18,0,34,156,74,180,4.7,9.1342,7.0645
2017,7,25,18,30,32.7,110,30,117,4.3,5.6547,4.3343
2017,7,25,19,0,31.400000000000002,70,85,82,3.9000000000000004,0.0000,0.0000
2017,7,25,19,30,30.5,20,1,20,4,0.0000,0.0000
2017,7,25,20,0,29.700000000000003,0,0,0,4.1000000000000005,0.0000,0.0000
2017,7,25,20,30,29.1,0,0,0,4,0.0000,0.0000
2017,7,25,21,0,28.5,0,0,0,4,0.0000,0.0000
2017,7,25,21,30,28.1,0,0,0,4,0.0000,0.0000
2017,7,25,22,0,27.6,0,0,0,4,0.0000,0.0000
2017,7,25,22,30,27.200000000000003,0,0,0,4,0.0000,0.0000
2017,7,25,23,0,26.900000000000002,0,0,0,4,0.0000,0.0000
2017,7,25,23,30,26.6,0,0,0,4,0.0000,0.0000
2017,7,26,0,0,26.400000000000002,0,0,0,4,0.0000,0.0000
2017,7,26,0,30,26.1,0,0,0,3.9000000000000004,0.0000,0.0000
2017,7,26,1,0,25.900000000000002,0,0,0,3.7,0.0000,0.0000
2017,7,26,1,30,25.700000000000003,0,0,0,3.7,0.0000,0.0000
2017,7,26,2,0,25.400000000000002,0,0,0,3.6,0.0000,0.0000
2017,7,26,2,30,25.1,0,0,0,3.6,0.0000,0.0000
2017,7,26,3,0,24.8,0,0,0,3.7,0.0000,0.0000
2017,7,26,3,30,24.3,0,0,0,3.6,0.0000,0.0000
2017,7,26,4,0,23.900000000000002,0,0,0,3.5,0.0000,0.0000
2017,7,26,4,30,23.5,0,0,0,3.2,0.0000,0.0000
2017,7,26,5,0,23.200000000000003,0,0,0,3,0.0000,0.0000
2017,7,26,5,30,23.3,6,0,6,3,0.0000,0.0000
2017,7,26,6,0,23.400000000000002,21,0,21,3,0.0000,0.0000
2017,7,26,6,30,23.700000000000003,9,0,9,3,0.4309,0.3293
2017,7,26,7,0,24.1,32,0,32,3,1.6010,1.2355
2017,7,26,7,30,24.400000000000002,162,20,169,2.8000000000000003,8.8773,6.8976
2017,7,26,8,0,24.700000000000003,143,6,146,2.7,7.9811,6.2284
2017,7,26,8,30,24.8,112,1,112,2.7,6.3136,4.9411
2017,7,26,9,0,25,178,4,181,2.6,10.4460,8.1910
2017,7,26,9,30,25.1,213,5,217,2.5,12.7508,10.0118
2017,7,26,10,0,25.200000000000003,288,28,310,2.4000000000000004,18.4661,14.5132
2017,7,26,10,30,25.3,373,245,575,2.3000000000000003,34.6053,27.2161
2017,7,26,11,0,25.5,235,2,238,2.1,14.4314,11.3553
2017,7,26,11,30,25.900000000000002,105,0,105,2.1,6.3997,5.0372
2017,7,26,12,0,26.200000000000003,164,0,164,2.1,10.0265,7.8934
2017,7,26,12,30,26.700000000000003,190,1,191,2.3000000000000003,11.6909,9.2043
2017,7,26,13,0,27.1,244,3,246,2.5,15.0470,11.8461
2017,7,26,13,30,27.400000000000002,322,11,333,2.8000000000000003,20.3162,15.9919
2017,7,26,14,0,27.8,360,34,390,3,23.6849,18.6383
2017,7,26,14,30,27.8,367,179,516,3.2,31.1228,24.4807
2017,7,26,15,0,27.8,369,44,403,3.4000000000000004,24.0767,18.9265
2017,7,26,15,30,27.700000000000003,88,0,88,3.5,5.1910,4.0770
2017,7,26,16,0,27.5,340,214,481,3.6,27.9021,21.8874
2017,7,26,16,30,27.200000000000003,285,49,313,3.6,17.7619,13.9086
2017,7,26,17,0,26.900000000000002,247,40,267,3.6,14.7226,11.4991
2017,7,26,17,30,26.3,196,23,206,3.1,10.9417,8.5127
2017,7,26,18,0,25.8,165,38,177,2.7,8.9704,6.9365
2017,7,26,18,30,24.6,111,15,115,2,5.5523,4.2547
2017,7,26,19,0,23.400000000000002,37,395,93,1.4000000000000001,0.0000,0.0000
2017,7,26,19,30,22.6,18,187,28,1.2000000000000002,0.0000,0.0000
2017,7,26,20,0,21.8,0,0,0,1.1,0.0000,0.0000
2017,7,26,20,30,21.400000000000002,0,0,0,1.1,0.0000,0.0000
2017,7,26,21,0,21,0,0,0,1,0.0000,0.0000
2017,7,26,21,30,20.8,0,0,0,1,0.0000,0.0000
2017,7,26,22,0,20.6,0,0,0,1.1,0.0000,0.0000
2017,7,26,22,30,20.3,0,0,0,1.2000000000000002,0.0000,0.0000
2017,7,26,23,0,20.1,0,0,0,1.3,0.0000,0.0000
2017,7,26,23,30,19.8,0,0,0,1.5,0.0000,0.0000
2017,7,27,0,0,19.6,0,0,0,1.7000000000000002,0.0000,0.0000
2017,7,27,0,30,19.400000000000002,0,0,0,1.9000000000000001,0.0000,0.0000
2017,7,27,1,0,19.200000000000003,0,0,0,2.1,0.0000,0.0000
2017,7,27,1,30,19,0,0,0,2.3000000000000003,0.0000,0.0000
2017,7,27,2,0,18.8,0,0,0,2.5,0.0000,0.0000
2017,7,27,2,30,18.5,0,0,0,2.5,0.0000,0.0000
2017,7,27,3,0,18.3,0,0,0,2.5,0.0000,0.0000
2017,7,27,3,30,17.900000000000002,0,0,0,2.4000000000000004,0.0000,0.0000
2017,7,27,4,0,17.5,0,0,0,2.2,0.0000,0.0000
2017,7,27,4,30,17.3,0,0,0,2.2,0.0000,0.0000
2017,7,27,5,0,17.1,0,0,0,2.3000000000000003,0.0000,0.0000
2017,7,27,5,30,17.6,12,156,16,2.5,0.0000,0.0000
2017,7,27,6,0,18.2,30,402,77,2.7,0.0000,0.0000
2017,7,27,6,30,19.400000000000002,44,558,159,2.5,7.6067,5.8130
2017,7,27,7,0,20.700000000000003,54,663,252,2.3000000000000003,12.5914,9.7148
2017,7,27,7,30,22.5,62,737,349,2.5,18.3133,14.2274
2017,7,27,8,0,24.400000000000002,69,790,445,2.7,24.3045,18.9653
2017,7,27,8,30,25.200000000000003,75,829,539,2.6,30.3649,23.7627
2017,7,27,9,0,26,79,858,626,2.5,36.1093,28.3131
2017,7,27,9,30,26.6,82,882,706,2.5,41.4662,32.5576
2017,7,27,10,0,27.1,86,900,778,2.4000000000000004,46.3279,36.4099
2017,7,27,10,30,27.6,88,914,840,2.4000000000000004,50.5389,39.7466
2017,7,27,11,0,28.1,90,925,889,2.4000000000000004,53.8909,42.4033
2017,7,27,11,30,28.400000000000002,91,932,926,2.5,56.4251,44.4117
2017,7,27,12,0,28.8,219,665,827,2.5,50.5485,39.7937
2017,7,27,12,30,29,226,656,832,2.5,50.9142,40.0845
2017,7,27,13,0,29.3,197,659,802,2.6,49.0443,38.6107
2017,7,27,13,30,29.5,89,936,932,2.6,56.8466,44.7461
2017,7,27,14,0,29.6,88,928,899,2.6,54.5819,42.9512
2017,7,27,14,30,29.6,282,482,684,2.5,41.2428,32.4403
2017,7,27,15,0,29.5,386,59,432,2.5,25.8003,20.2809
2017,7,27,15,30,29.400000000000002,301,4,304,2.5,17.9251,14.0780
2017,7,27,16,0,29.200000000000003,359,158,462,2.5,26.7859,21.0109
2017,7,27,16,30,28.900000000000002,313,172,413,2.3000000000000003,23.4219,18.3397
2017,7,27,17,0,28.5,253,222,363,2.2,19.9985,15.6184
2017,7,27,17,30,27.8,219,130,272,1.9000000000000001,14.4320,11.2267
2017,7,27,18,0,27,60,657,271,1.5,13.7167,10.6046
2017,7,27,18,30,25.400000000000002,50,560,178,1.2000000000000002,8.5847,6.5766
2017,7,27,19,0,23.8,36,417,93,0.9,0.0000,0.0000
2017,7,27,19,30,23.1,17,200,27,0.9,0.0000,0.0000
2017,7,27,20,0,22.3,0,0,0,1,0.0000,0.0000
2017,7,27,20,30,22,0,0,0,1,0.0000,0.0000
2017,7,27,21,0,21.700000000000003,0,0,0,1,0.0000,0.0000
2017,7,27,21,30,21.3,0,0,0,0.9,0.0000,0.0000
2017,7,27,22,0,21,0,0,0,0.9,0.0000,0.0000
2017,7,27,22,30,20.700000000000003,0,0,0,0.9,0.0000,0.0000
2017,7,27,23,0,20.400000000000002,0,0,0,0.9,0.0000,0.0000
2017,7,27,23,30,20,0,0,0,0.9,0.0000,0.0000
2017,7,28,0,0,19.700000000000003,0,0,0,0.9,0.0000,0.0000
2017,7,28,0,30,19.400000000000002,0,0,0,1,0.0000,0.0000
2017,7,28,1,0,19.1,0,0,0,1,0.0000,0.0000
2017,7,28,1,30,19,0,0,0,1,0.0000,0.0000
2017,7,28,2,0,18.900000000000002,0,0,0,1,0.0000,0.0000
2017,7,28,2,30,18.7,0,0,0,1,0.0000,0.0000
2017,7,28,3,0,18.6,0,0,0,0.9,0.0000,0.0000
2017,7,28,3,30,18.3,0,0,0,0.9,0.0000,0.0000
2017,7,28,4,0,18.1,0,0,0,0.9,0.0000,0.0000
2017,7,28,4,30,18.1,0,0,0,0.8,0.0000,0.0000
2017,7,28,5,0,18.1,0,0,0,0.8,0.0000,0.0000
2017,7,28,5,30,19.1,8,0,8,1.2000000000000002,0.0000,0.0000
2017,7,28,6,0,20.200000000000003,46,1,46,1.7000000000000002,0.0000,0.0000
2017,7,28,6,30,21.5,95,10,98,1.8,4.6853,3.5795
2017,7,28,7,0,22.700000000000003,130,46,144,1.8,7.1857,5.5429
2017,7,28,7,30,24.1,119,1,119,2,6.2373,4.8450
2017,7,28,8,0,25.400000000000002,190,8,193,2.1,10.5317,8.2174
2017,7,28,8,30,26.1,302,109,362,2,20.3796,15.9476
2017,7,28,9,0,26.8,342,163,445,1.9000000000000001,25.6553,20.1153
2017,7,28,9,30,27.400000000000002,89,856,693,1.9000000000000001,40.6859,31.9440
2017,7,28,10,0,27.900000000000002,93,872,763,1.9000000000000001,45.4179,35.6938
2017,7,28,10,30,28.3,383,25,403,2,24.2390,19.0625
2017,7,28,11,0,28.700000000000003,295,1,295,2.1,17.8780,14.0668
2017,7,28,11,30,29,276,1,277,2.1,16.8745,13.2816
2017,7,28,12,0,29.400000000000002,246,0,247,2.1,15.0936,11.8821
2017,7,28,12,30,29.700000000000003,288,1,288,2,17.6198,13.8717
2017,7,28,13,0,30,172,0,172,2,10.5156,8.2784
2017,7,28,13,30,30.1,169,0,169,2,10.3054,8.1116
2017,7,28,14,0,30.3,249,0,249,2,15.1135,11.8928
2017,7,28,14,30,30.200000000000003,438,136,551,2,33.2129,26.1236
2017,7,28,15,0,30.200000000000003,414,227,591,2,35.2839,27.7350
2017,7,28,15,30,29.900000000000002,92,856,710,2,41.8462,32.8641
2017,7,28,16,0,29.6,306,36,330,1.9000000000000001,19.1227,14.9993
2017,7,28,16,30,29.1,302,70,342,1.8,19.3821,15.1756
2017,7,28,17,0,28.6,81,751,453,1.7000000000000002,24.9361,19.4731
2017,7,28,17,30,28,73,698,359,1.5,19.0262,14.7987
2017,7,28,18,0,27.3,64,627,264,1.4000000000000001,13.3440,10.3143
2017,7,28,18,30,25.900000000000002,52,528,172,1.1,8.2861,6.3459
2017,7,28,19,0,24.400000000000002,37,384,89,0.8,0.0000,0.0000
2017,7,28,19,30,23.700000000000003,17,170,25,0.8,0.0000,0.0000
2017,7,28,20,0,22.900000000000002,0,0,0,0.8,0.0000,0.0000
2017,7,28,20,30,22.400000000000002,0,0,0,0.8,0.0000,0.0000
2017,7,28,21,0,22,0,0,0,0.8,0.0000,0.0000
2017,7,28,21,30,21.700000000000003,0,0,0,0.9,0.0000,0.0000
2017,7,28,22,0,21.3,0,0,0,0.9,0.0000,0.0000
2017,7,28,22,30,21,0,0,0,0.9,0.0000,0.0000
2017,7,28,23,0,20.700000000000003,0,0,0,0.9,0.0000,0.0000
2017,7,28,23,30,20.400000000000002,0,0,0,0.9,0.0000,0.0000
2017,7,29,0,0,20.1,0,0,0,0.9,0.0000,0.0000
2017,7,29,0,30,19.8,0,0,0,1,0.0000,0.0000
2017,7,29,1,0,19.400000000000002,0,0,0,1,0.0000,0.0000
2017,7,29,1,30,19.200000000000003,0,0,0,1.1,0.0000,0.0000
2017,7,29,2,0,18.900000000000002,0,0,0,1.1,0.0000,0.0000
2017,7,29,2,30,18.7,0,0,0,1.1,0.0000,0.0000
2017,7,29,3,0,18.5,0,0,0,1.2000000000000002,0.0000,0.0000
2017,7,29,3,30,18.3,0,0,0,1.2000000000000002,0.0000,0.0000
2017,7,29,4,0,18.1,0,0,0,1.3,0.0000,0.0000
2017,7,29,4,30,18.1,0,0,0,1.5,0.0000,0.0000
2017,7,29,5,0,18.1,0,0,0,1.7000000000000002,0.0000,0.0000
2017,7,29,5,30,18.900000000000002,11,82,13,2.2,0.0000,0.0000
2017,7,29,6,0,19.700000000000003,34,304,67,2.7,0.0000,0.0000
2017,7,29,6,30,21,52,466,146,2.8000000000000003,6.9761,5.3285
2017,7,29,7,0,22.3,67,577,236,3,11.7612,9.0703
2017,7,29,7,30,23.700000000000003,78,658,330,3,17.2768,13.4185
2017,7,29,8,0,25.1,88,714,425,3.1,23.1710,18.0775
2017,7,29,8,30,26.1,95,759,517,3,29.0858,22.7590
2017,7,29,9,0,27.1,102,791,603,2.8000000000000003,34.7460,27.2419
2017,7,29,9,30,27.700000000000003,107,819,683,2.7,40.0811,31.4681
2017,7,29,10,0,28.3,113,836,754,2.6,44.8654,35.2587
2017,7,29,10,30,28.8,117,852,815,2.6,49.0037,38.5377
2017,7,29,11,0,29.200000000000003,122,861,864,2.6,52.3460,41.1863
2017,7,29,11,30,29.5,124,868,899,2.6,54.7514,43.0929
2017,7,29,12,0,29.8,450,126,565,2.6,34.5171,27.1724
2017,7,29,12,30,29.700000000000003,481,288,746,2.6,45.6290,35.9224
2017,7,29,13,0,29.700000000000003,437,29,464,2.6,28.3606,22.3266
2017,7,29,13,30,29.6,443,74,509,2.5,31.0298,24.4239
2017,7,29,14,0,29.400000000000002,403,19,420,2.5,25.4852,20.0539
2017,7,29,14,30,29.200000000000003,366,9,373,2.4000000000000004,22.4763,17.6784
2017,7,29,15,0,28.900000000000002,361,24,381,2.4000000000000004,22.7374,17.8724
2017,7,29,15,30,28.700000000000003,281,2,283,2.3000000000000003,16.6721,13.0931
2017,7,29,16,0,28.400000000000002,319,59,357,2.2,20.6755,16.2166
2017,7,29,16,30,28.1,100,753,534,2.2,30.2425,23.6777
2017,7,29,17,0,27.8,264,68,298,2.2,16.3883,12.7967
2017,7,29,17,30,27.3,84,652,349,2,18.4734,14.3667
2017,7,29,18,0,26.700000000000003,166,53,183,1.8,9.2361,7.1375
2017,7,29,18,30,25.400000000000002,111,20,116,1.5,5.5822,4.2739
2017,7,29,19,0,24.1,39,337,84,1.1,0.0000,0.0000
2017,7,29,19,30,23.5,16,132,22,1.2000000000000002,0.0000,0.0000
2017,7,29,20,0,22.900000000000002,0,0,0,1.4000000000000001,0.0000,0.0000
2017,7,29,20,30,22.700000000000003,0,0,0,1.4000000000000001,0.0000,0.0000
2017,7,29,21,0,22.400000000000002,0,0,0,1.5,0.0000,0.0000
2017,7,29,21,30,22.1,0,0,0,1.5,0.0000,0.0000
2017,7,29,22,0,21.8,0,0,0,1.5,0.0000,0.0000
2017,7,29,22,30,21.6,0,0,0,1.5,0.0000,0.0000
2017,7,29,23,0,21.3,0,0,0,1.5,0.0000,0.0000
2017,7,29,23,30,21.1,0,0,0,1.6,0.0000,0.0000
2017,7,30,0,0,20.900000000000002,0,0,0,1.6,0.0000,0.0000
2017,7,30,0,30,20.6,0,0,0,1.7000000000000002,0.0000,0.0000
2017,7,30,1,0,20.3,0,0,0,1.7000000000000002,0.0000,0.0000
2017,7,30,1,30,20.1,0,0,0,1.7000000000000002,0.0000,0.0000
2017,7,30,2,0,19.8,0,0,0,1.8,0.0000,0.0000
2017,7,30,2,30,19.5,0,0,0,1.8,0.0000,0.0000
2017,7,30,3,0,19.200000000000003,0,0,0,1.8,0.0000,0.0000
2017,7,30,3,30,19,0,0,0,1.8,0.0000,0.0000
2017,7,30,4,0,18.8,0,0,0,1.8,0.0000,0.0000
2017,7,30,4,30,18.6,0,0,0,1.8,0.0000,0.0000
2017,7,30,5,0,18.400000000000002,0,0,0,1.8,0.0000,0.0000
2017,7,30,5,30,18.900000000000002,4,0,4,2.1,0.0000,0.0000
2017,7,30,6,0,19.3,35,0,35,2.5,0.0000,0.0000
2017,7,30,6,30,20.3,39,0,39,2.6,1.8624,1.4222
2017,7,30,7,0,21.3,104,3,105,2.7,5.2255,4.0289
2017,7,30,7,30,22.900000000000002,82,0,82,2.9000000000000004,4.2877,3.3297
2017,7,30,8,0,24.400000000000002,235,35,251,3,13.6722,10.6658
2017,7,30,8,30,25.5,272,42,296,3.1,16.6403,13.0199
2017,7,30,9,0,26.6,96,803,603,3.1,34.7262,27.2251
2017,7,30,9,30,27.3,101,829,683,3.2,40.0632,31.4530
2017,7,30,10,0,27.900000000000002,104,852,755,3.2,44.9080,35.2912
2017,7,30,10,30,28.400000000000002,107,868,816,3.2,49.0471,38.5710
2017,7,30,11,0,28.900000000000002,406,376,730,3.2,44.2146,34.7878
2017,7,30,11,30,29.3,262,577,776,3.1,47.2477,37.1864
2017,7,30,12,0,29.700000000000003,481,156,623,3.1,38.0506,29.9535
2017,7,30,12,30,29.8,230,660,835,3,51.0591,40.1967
2017,7,30,13,0,30,481,154,622,2.9000000000000004,38.0078,29.9208
2017,7,30,13,30,30.1,434,366,762,2.8000000000000003,46.4406,36.5534
2017,7,30,14,0,30.1,455,135,573,2.8000000000000003,34.7584,27.3503
2017,7,30,14,30,29.900000000000002,418,77,482,2.6,29.0341,22.8358
2017,7,30,15,0,29.6,414,111,501,2.5,29.8869,23.4914
2017,7,30,15,30,29.200000000000003,320,14,329,2.4000000000000004,19.3728,15.2135
2017,7,30,16,0,28.900000000000002,216,1,216,2.3000000000000003,12.5024,9.8057
2017,7,30,16,30,28.400000000000002,230,5,233,2.2,13.1860,10.3230
2017,7,30,17,0,28,267,84,308,2.1,16.9219,13.2122
2017,7,30,17,30,27.200000000000003,216,59,240,1.8,12.6880,9.8660
2017,7,30,18,0,26.5,77,551,250,1.6,12.5990,9.7340
2017,7,30,18,30,25.200000000000003,61,445,159,1.3,7.6435,5.8503
2017,7,30,19,0,23.8,59,20,62,1,0.0000,0.0000
2017,7,30,19,30,23.200000000000003,13,0,13,1,0.0000,0.0000
2017,7,30,20,0,22.5,0,0,0,1,0.0000,0.0000
2017,7,30,20,30,22.200000000000003,0,0,0,1,0.0000,0.0000
2017,7,30,21,0,21.8,0,0,0,1.1,0.0000,0.0000
2017,7,30,21,30,21.5,0,0,0,1.1,0.0000,0.0000
2017,7,30,22,0,21.200000000000003,0,0,0,1.2000000000000002,0.0000,0.0000
2017,7,30,22,30,20.900000000000002,0,0,0,1.2000000000000002,0.0000,0.0000
2017,7,30,23,0,20.700000000000003,0,0,0,1.3,0.0000,0.0000
2017,7,30,23,30,20.5,0,0,0,1.3,0.0000,0.0000
2017,7,31,0,0,20.3,0,0,0,1.3,0.0000,0.0000
2017,7,31,0,30,20.1,0,0,0,1.3,0.0000,0.0000
2017,7,31,1,0,19.900000000000002,0,0,0,1.3,0.0000,0.0000
2017,7,31,1,30,19.6,0,0,0,1.2000000000000002,0.0000,0.0000
2017,7,31,2,0,19.400000000000002,0,0,0,1.1,0.0000,0.0000
2017,7,31,2,30,19.1,0,0,0,1.1,0.0000,0.0000
2017,7,31,3,0,18.8,0,0,0,1,0.0000,0.0000
2017,7,31,3,30,18.5,0,0,0,0.9,0.0000,0.0000
2017,7,31,4,0,18.3,0,0,0,0.9,0.0000,0.0000
2017,7,31,4,30,18.1,0,0,0,0.9,0.0000,0.0000
2017,7,31,5,0,17.900000000000002,0,0,0,0.9,0.0000,0.0000
2017,7,31,5,30,18.5,9,57,10,1.2000000000000002,0.0000,0.0000
2017,7,31,6,0,19.1,34,265,62,1.6,0.0000,0.0000
2017,7,31,6,30,20.1,84,3,85,1.5,4.0572,3.0974
2017,7,31,7,0,21.200000000000003,70,545,227,1.5,11.2822,8.6969
2017,7,31,7,30,22.8,82,628,320,1.6,16.7133,12.9770
2017,7,31,8,0,24.5,93,685,413,1.6,22.4762,17.5323
2017,7,31,8,30,25.3,296,163,385,1.5,21.6286,16.9218
2017,7,31,9,0,26,312,286,491,1.4000000000000001,28.2600,22.1546
2017,7,31,9,30,26.5,381,175,503,1.4000000000000001,29.4907,23.1519
2017,7,31,10,0,27,127,801,738,1.4000000000000001,43.8802,34.4826
2017,7,31,10,30,27.3,132,819,799,1.3,48.0098,37.7544
2017,7,31,11,0,27.5,447,121,551,1.3,33.3626,26.2490
2017,7,31,11,30,27.5,486,203,666,1.2000000000000002,40.5386,31.9054
2017,7,31,12,0,27.6,446,62,502,1.1,30.6523,24.1292
2017,7,31,12,30,27.6,476,134,599,1.1,36.6185,28.8278
2017,7,31,13,0,27.5,463,124,576,1,35.1871,27.6997
2017,7,31,13,30,27.5,302,1,303,1,18.4610,14.5304
2017,7,31,14,0,27.400000000000002,425,58,475,1.1,28.8047,22.6651
2017,7,31,14,30,27.200000000000003,357,6,362,1,21.7982,17.1443
2017,7,31,15,0,27.1,413,106,495,1,29.5170,23.2001
2017,7,31,15,30,27,301,6,305,0.9,17.9505,14.0961
2017,7,31,16,0,26.900000000000002,210,1,210,0.8,12.1477,9.5270
2017,7,31,16,30,26.700000000000003,146,0,146,0.7000000000000001,8.2559,6.4629
2017,7,31,17,0,26.400000000000002,253,44,275,0.6000000000000001,15.0942,11.7841
2017,7,31,17,30,25.900000000000002,204,204,286,0.6000000000000001,15.1010,11.7405
2017,7,31,18,0,25.5,166,54,183,0.6000000000000001,9.2079,7.1123
2017,7,31,18,30,24.400000000000002,109,18,113,0.5,5.4264,4.1521
2017,7,31,19,0,23.400000000000002,52,1,52,0.4,0.0000,0.0000
2017,7,31,19,30,22.8,10,0,10,0.5,0.0000,0.0000
2017,7,31,20,0,22.1,0,0,0,0.5,0.0000,0.0000
2017,7,31,20,30,21.8,0,0,0,0.6000000000000001,0.0000,0.0000
2017,7,31,21,0,21.400000000000002,0,0,0,0.6000000000000001,0.0000,0.0000
2017,7,31,21,30,21.1,0,0,0,0.7000000000000001,0.0000,0.0000
2017,7,31,22,0,20.8,0,0,0,0.7000000000000001,0.0000,0.0000
2017,7,31,22,30,20.5,0,0,0,0.7000000000000001,0.0000,0.0000
2017,7,31,23,0,20.200000000000003,0,0,0,0.7000000000000001,0.0000,0.0000
2017,7,31,23,30,19.900000000000002,0,0,0,0.7000000000000001,0.0000,0.0000
2017,8,1,0,0,19.700000000000003,0,0,0,0.7000000000000001,0.0000,0.0000
2017,8,1,0,30,19.5,0,0,0,0.7000000000000001,0.0000,0.0000
2017,8,1,1,0,19.3,0,0,0,0.7000000000000001,0.0000,0.0000
2017,8,1,1,30,19.1,0,0,0,0.7000000000000001,0.0000,0.0000
2017,8,1,2,0,18.8,0,0,0,0.7000000000000001,0.0000,0.0000
2017,8,1,2,30,18.5,0,0,0,0.7000000000000001,0.0000,0.0000
2017,8,1,3,0,18.3,0,0,0,0.8,0.0000,0.0000
2017,8,1,3,30,18,0,0,0,0.8,0.0000,0.0000
2017,8,1,4,0,17.8,0,0,0,0.8,0.0000,0.0000
2017,8,1,4,30,17.8,0,0,0,0.8,0.0000,0.0000
2017,8,1,5,0,17.7,0,0,0,0.8,0.0000,0.0000
2017,8,1,5,30,18.900000000000002,0,0,0,1.1,0.0000,0.0000
2017,8,1,6,0,20,33,277,61,1.3,0.0000,0.0000
2017,8,1,6,30,21.5,54,444,140,1.3,6.6796,5.0982
2017,8,1,7,0,23.1,69,564,230,1.2000000000000002,11.4154,8.7974
2017,8,1,7,30,24.6,81,647,325,1.1,16.9534,13.1613
2017,8,1,8,0,26.1,89,713,422,0.9,22.9436,17.8951
2017,8,1,8,30,27,97,760,515,0.8,28.9102,22.6173
2017,8,1,9,0,27.900000000000002,102,798,603,0.7000000000000001,34.6862,27.1913
2017,8,1,9,30,28.6,108,824,683,0.8,40.0260,31.4216
2017,8,1,10,0,29.3,113,843,755,0.9,44.8727,35.2616
2017,8,1,10,30,30,117,860,816,0.9,49.0144,38.5436
2017,8,1,11,0,30.6,470,157,604,0.9,36.5603,28.7643
2017,8,1,11,30,31,467,300,733,0.9,44.6039,35.1043
2017,8,1,12,0,31.5,505,194,680,0.8,41.5095,32.6753
2017,8,1,12,30,31.900000000000002,136,864,926,1,56.5928,44.5517
2017,8,1,13,0,32.2,141,856,919,1.1,56.1247,44.1813
2017,8,1,13,30,32.4,139,851,899,1.3,54.7577,43.0982
2017,8,1,14,0,32.5,139,841,866,1.4000000000000001,52.4982,41.3076
2017,8,1,14,30,32.4,136,829,820,1.7000000000000002,49.3582,38.8193
2017,8,1,15,0,32.300000000000004,149,782,755,1.9000000000000001,45.0016,35.3698
2017,8,1,15,30,32,142,760,684,2,40.2356,31.5948
2017,8,1,16,0,31.8,134,730,606,2.2,35.0319,27.4730
2017,8,1,16,30,31.3,125,693,520,2.2,29.3813,22.9988
2017,8,1,17,0,30.700000000000003,114,646,429,2.2,23.5226,18.3623
2017,8,1,17,30,29.8,177,45,195,1.8,10.2824,7.9930
2017,8,1,18,0,28.8,126,16,131,1.3,6.5810,5.0820
2017,8,1,18,30,27.3,84,6,86,1.1,4.1255,3.1556
2017,8,1,19,0,25.8,41,1,41,1,0.0000,0.0000
2017,8,1,19,30,25,6,0,6,1,0.0000,0.0000
2017,8,1,20,0,24.3,0,0,0,1.1,0.0000,0.0000
2017,8,1,20,30,23.8,0,0,0,1.2000000000000002,0.0000,0.0000
2017,8,1,21,0,23.3,0,0,0,1.3,0.0000,0.0000
2017,8,1,21,30,22.8,0,0,0,1.3,0.0000,0.0000
2017,8,1,22,0,22.3,0,0,0,1.4000000000000001,0.0000,0.0000
2017,8,1,22,30,21.8,0,0,0,1.3,0.0000,0.0000
2017,8,1,23,0,21.200000000000003,0,0,0,1.3,0.0000,0.0000
2017,8,1,23,30,20.6,0,0,0,1.2000000000000002,0.0000,0.0000
2017,8,2,0,0,20,0,0,0,1.1,0.0000,0.0000
2017,8,2,0,30,19.5,0,0,0,1.1,0.0000,0.0000
2017,8,2,1,0,19,0,0,0,1,0.0000,0.0000
2017,8,2,1,30,18.5,0,0,0,1.1,0.0000,0.0000
2017,8,2,2,0,18.1,0,0,0,1.1,0.0000,0.0000
2017,8,2,2,30,17.7,0,0,0,1.2000000000000002,0.0000,0.0000
2017,8,2,3,0,17.400000000000002,0,0,0,1.4000000000000001,0.0000,0.0000
2017,8,2,3,30,17.1,0,0,0,1.4000000000000001,0.0000,0.0000
2017,8,2,4,0,16.8,0,0,0,1.5,0.0000,0.0000
2017,8,2,4,30,16.6,0,0,0,1.5,0.0000,0.0000
2017,8,2,5,0,16.3,0,0,0,1.5,0.0000,0.0000
2017,8,2,5,30,16.900000000000002,0,0,0,1.8,0.0000,0.0000
2017,8,2,6,0,17.5,32,118,44,2.2,0.0000,0.0000
2017,8,2,6,30,18.2,73,223,115,2,5.4847,4.1852
2017,8,2,7,0,19,110,318,200,1.8,9.9127,7.6374
2017,8,2,7,30,20.700000000000003,142,396,291,1.6,15.1620,11.7689
2017,8,2,8,0,22.5,262,221,364,1.5,19.7721,15.4200
2017,8,2,8,30,24.3,308,235,436,1.7000000000000002,24.4582,19.1332
2017,8,2,9,0,26.200000000000003,221,482,522,1.9000000000000001,30.0093,23.5239
2017,8,2,9,30,27.1,221,600,639,2,37.4292,29.3821
2017,8,2,10,0,28.1,232,628,709,2.1,42.1226,33.0996
2017,8,2,10,30,28.8,242,650,769,2.1,46.1743,36.3093
2017,8,2,11,0,29.5,248,669,819,2.1,49.5586,38.9901
2017,8,2,11,30,30.1,253,679,854,2.1,51.9517,40.8865
2017,8,2,12,0,30.6,433,384,781,2,47.6609,37.5169
2017,8,2,12,30,30.700000000000003,463,373,803,1.9000000000000001,49.0620,38.6226
2017,8,2,13,0,30.900000000000002,475,344,788,1.7000000000000002,48.1105,37.8719
2017,8,2,13,30,30.700000000000003,420,384,763,1.5,46.4591,36.5659
2017,8,2,14,0,30.400000000000002,436,378,762,1.3,46.1776,36.3335
2017,8,2,14,30,30.200000000000003,494,110,585,1.1,35.1993,27.6829
2017,8,2,15,0,30,427,72,483,0.8,28.7760,22.6163
2017,8,2,15,30,29.900000000000002,321,370,584,0.6000000000000001,34.3345,26.9600
2017,8,2,16,0,29.8,327,319,532,0.4,30.7338,24.1011
2017,8,2,16,30,29.400000000000002,224,25,238,0.5,13.4362,10.5167
2017,8,2,17,0,29,148,7,151,0.6000000000000001,8.2704,6.4553
2017,8,2,17,30,28,111,5,112,0.6000000000000001,5.8974,4.5835
2017,8,2,18,0,26.900000000000002,90,4,91,0.6000000000000001,4.5639,3.5234
2017,8,2,18,30,26,57,1,57,0.7000000000000001,2.7316,2.0887
2017,8,2,19,0,25,42,1,42,0.8,0.0000,0.0000
2017,8,2,19,30,24.5,7,28,8,0.9,0.0000,0.0000
2017,8,2,20,0,24,0,0,0,1,0.0000,0.0000
2017,8,2,20,30,23.400000000000002,0,0,0,1,0.0000,0.0000
2017,8,2,21,0,22.900000000000002,0,0,0,1,0.0000,0.0000
2017,8,2,21,30,22.6,0,0,0,0.9,0.0000,0.0000
2017,8,2,22,0,22.200000000000003,0,0,0,0.7000000000000001,0.0000,0.0000
2017,8,2,22,30,22,0,0,0,0.6000000000000001,0.0000,0.0000
2017,8,2,23,0,21.8,0,0,0,0.5,0.0000,0.0000
2017,8,2,23,30,21.5,0,0,0,0.6000000000000001,0.0000,0.0000
2017,8,3,0,0,21.200000000000003,0,0,0,0.6000000000000001,0.0000,0.0000
2017,8,3,0,30,20.8,0,0,0,0.7000000000000001,0.0000,0.0000
2017,8,3,1,0,20.400000000000002,0,0,0,0.9,0.0000,0.0000
2017,8,3,1,30,20.200000000000003,0,0,0,1.2000000000000002,0.0000,0.0000
2017,8,3,2,0,19.900000000000002,0,0,0,1.5,0.0000,0.0000
2017,8,3,2,30,19.6,0,0,0,2,0.0000,0.0000
2017,8,3,3,0,19.400000000000002,0,0,0,2.4000000000000004,0.0000,0.0000
2017,8,3,3,30,19.1,0,0,0,3,0.0000,0.0000
2017,8,3,4,0,18.8,0,0,0,3.5,0.0000,0.0000
2017,8,3,4,30,18.400000000000002,0,0,0,3.8000000000000003,0.0000,0.0000
2017,8,3,5,0,18,0,0,0,4.1000000000000005,0.0000,0.0000
2017,8,3,5,30,17.8,0,0,0,4.6000000000000005,0.0000,0.0000
2017,8,3,6,0,17.6,36,162,52,5.1000000000000005,0.0000,0.0000
2017,8,3,6,30,17.900000000000002,68,310,127,5.4,6.0553,4.6196
2017,8,3,7,0,18.1,87,471,219,5.7,10.8393,8.3493
2017,8,3,7,30,18.900000000000002,122,1,122,5.9,6.3486,4.9270
2017,8,3,8,0,19.6,165,1,166,6.1000000000000005,9.0080,7.0246
2017,8,3,8,30,20.5,272,36,292,6.2,16.3678,12.8034
2017,8,3,9,0,21.3,249,2,250,6.2,14.3639,11.2591
2017,8,3,9,30,22,310,8,316,6.2,18.5006,14.5225
2017,8,3,10,0,22.700000000000003,429,199,580,6.1000000000000005,34.4443,27.0654
2017,8,3,10,30,23.3,119,878,830,6.1000000000000005,49.8195,39.1749
2017,8,3,11,0,23.900000000000002,425,40,459,6,27.7657,21.8442
2017,8,3,11,30,24.3,497,188,663,6,40.3201,31.7317
2017,8,3,12,0,24.700000000000003,327,1,328,6,20.0107,15.7514
2017,8,3,12,30,24.900000000000002,495,266,737,5.9,45.0163,35.4371
2017,8,3,13,0,25.1,84,959,953,5.9,58.1668,45.7872
2017,8,3,13,30,24.8,461,321,746,5.800000000000001,45.4093,35.7389
2017,8,3,14,0,24.6,80,950,897,5.7,54.3395,42.7545
2017,8,3,14,30,24.400000000000002,79,941,851,5.6000000000000005,51.1845,40.2536
2017,8,3,15,0,24.1,427,125,524,5.5,31.2043,24.5241
2017,8,3,15,30,23.700000000000003,398,199,539,5.4,31.6715,24.8679
2017,8,3,16,0,23.3,310,34,332,5.300000000000001,19.1670,15.0298
2017,8,3,16,30,22.700000000000003,96,787,540,5.1000000000000005,30.4593,23.8392
2017,8,3,17,0,22.1,130,0,130,4.9,7.1127,5.5511
2017,8,3,17,30,21.5,165,10,169,4.6000000000000005,8.8859,6.9051
2017,8,3,18,0,20.8,162,46,175,4.4,8.7620,6.7625
2017,8,3,18,30,19.8,105,16,108,3.6,5.1708,3.9526
2017,8,3,19,0,18.8,32,398,79,2.8000000000000003,0.0000,0.0000
2017,8,3,19,30,17.900000000000002,12,154,16,2.3000000000000003,0.0000,0.0000
2017,8,3,20,0,16.900000000000002,0,0,0,1.7000000000000002,0.0000,0.0000
2017,8,3,20,30,16.400000000000002,0,0,0,1.6,0.0000,0.0000
2017,8,3,21,0,15.8,0,0,0,1.4000000000000001,0.0000,0.0000
2017,8,3,21,30,15.3,0,0,0,1.3,0.0000,0.0000
2017,8,3,22,0,14.9,0,0,0,1.2000000000000002,0.0000,0.0000
2017,8,3,22,30,14.4,0,0,0,1.1,0.0000,0.0000
2017,8,3,23,0,14,0,0,0,1,0.0000,0.0000
2017,8,3,23,30,13.700000000000001,0,0,0,0.9,0.0000,0.0000
2017,8,4,0,0,13.4,0,0,0,0.8,0.0000,0.0000
2017,8,4,0,30,13.200000000000001,0,0,0,0.8,0.0000,0.0000
2017,8,4,1,0,13,0,0,0,0.8,0.0000,0.0000
2017,8,4,1,30,12.8,0,0,0,0.9,0.0000,0.0000
2017,8,4,2,0,12.5,0,0,0,0.9,0.0000,0.0000
2017,8,4,2,30,12.3,0,0,0,1,0.0000,0.0000
2017,8,4,3,0,12,0,0,0,1.1,0.0000,0.0000
2017,8,4,3,30,12,0,0,0,1.3,0.0000,0.0000
2017,8,4,4,0,11.9,0,0,0,1.5,0.0000,0.0000
2017,8,4,4,30,12.100000000000001,0,0,0,1.8,0.0000,0.0000
2017,8,4,5,0,12.3,0,0,0,2.1,0.0000,0.0000
2017,8,4,5,30,13.3,0,0,0,2.7,0.0000,0.0000
2017,8,4,6,0,14.4,26,395,63,3.3000000000000003,0.0000,0.0000
2017,8,4,6,30,16,41,570,147,3.3000000000000003,7.0075,5.3449
2017,8,4,7,0,17.6,52,679,241,3.4000000000000004,11.9117,9.1731
2017,8,4,7,30,19.200000000000003,60,756,340,3.4000000000000004,17.6704,13.7115
2017,8,4,8,0,20.900000000000002,69,808,439,3.4000000000000004,23.7987,18.5566
2017,8,4,8,30,21.700000000000003,74,849,535,3.2,29.9661,23.4387
2017,8,4,9,0,22.6,78,882,626,2.9000000000000004,35.9459,28.1749
2017,8,4,9,30,23.3,82,906,710,2.7,41.5472,32.6124
2017,8,4,10,0,24.1,85,927,784,2.4000000000000004,46.5388,36.5677
2017,8,4,10,30,24.700000000000003,87,941,847,2.2,50.8210,39.9613
2017,8,4,11,0,25.3,89,952,899,1.9000000000000001,54.3638,42.7687
2017,8,4,11,30,25.700000000000003,90,960,936,1.8,56.9047,44.7828
2017,8,4,12,0,26.200000000000003,95,958,958,1.6,58.4275,45.9903
2017,8,4,12,30,26.5,442,420,824,1.5,50.3148,39.6074
2017,8,4,13,0,26.900000000000002,492,296,760,1.3,46.3722,36.5021
2017,8,4,13,30,27,93,953,939,1.3,57.1385,44.9693
2017,8,4,14,0,27.200000000000003,91,948,905,1.2000000000000002,54.8039,43.1188
2017,8,4,14,30,27.200000000000003,89,938,857,1.2000000000000002,51.5241,40.5196
2017,8,4,15,0,27.1,407,290,630,1.2000000000000002,37.4984,29.4697
2017,8,4,15,30,26.900000000000002,81,912,726,1.2000000000000002,42.6346,33.4746
2017,8,4,16,0,26.6,80,885,644,1.3,37.1532,29.1319
2017,8,4,16,30,26.1,75,855,555,1.4000000000000001,31.2769,24.4771
2017,8,4,17,0,25.5,70,813,459,1.5,25.0834,19.5742
2017,8,4,17,30,24.6,63,760,360,1.3,18.9012,14.6851
2017,8,4,18,0,23.700000000000003,55,688,261,1.1,13.0448,10.0651
2017,8,4,18,30,21.900000000000002,45,583,165,1,7.8926,6.0312
2017,8,4,19,0,20.1,31,416,78,0.9,0.0000,0.0000
2017,8,4,19,30,19.200000000000003,10,1,10,1,0.0000,0.0000
2017,8,4,20,0,18.400000000000002,0,0,0,1.1,0.0000,0.0000
2017,8,4,20,30,17.900000000000002,0,0,0,1.2000000000000002,0.0000,0.0000
2017,8,4,21,0,17.5,0,0,0,1.3,0.0000,0.0000
2017,8,4,21,30,17.400000000000002,0,0,0,1.4000000000000001,0.0000,0.0000
2017,8,4,22,0,17.3,0,0,0,1.5,0.0000,0.0000
2017,8,4,22,30,17.400000000000002,0,0,0,1.6,0.0000,0.0000
2017,8,4,23,0,17.5,0,0,0,1.8,0.0000,0.0000
2017,8,4,23,30,17.5,0,0,0,1.9000000000000001,0.0000,0.0000
2017,8,5,0,0,17.5,0,0,0,2,0.0000,0.0000
2017,8,5,0,30,17.400000000000002,0,0,0,2,0.0000,0.0000
2017,8,5,1,0,17.3,0,0,0,2,0.0000,0.0000
2017,8,5,1,30,17,0,0,0,2,0.0000,0.0000
2017,8,5,2,0,16.8,0,0,0,1.9000000000000001,0.0000,0.0000
2017,8,5,2,30,16.5,0,0,0,1.9000000000000001,0.0000,0.0000
2017,8,5,3,0,16.1,0,0,0,1.9000000000000001,0.0000,0.0000
2017,8,5,3,30,15.9,0,0,0,1.9000000000000001,0.0000,0.0000
2017,8,5,4,0,15.700000000000001,0,0,0,2,0.0000,0.0000
2017,8,5,4,30,15.5,0,0,0,2,0.0000,0.0000
2017,8,5,5,0,15.3,0,0,0,2.1,0.0000,0.0000
2017,8,5,5,30,15.3,0,0,0,2.3000000000000003,0.0000,0.0000
2017,8,5,6,0,15.200000000000001,8,0,8,2.5,0.0000,0.0000
2017,8,5,6,30,15.3,12,0,12,2.6,0.5720,0.4362
2017,8,5,7,0,15.3,21,0,21,2.8000000000000003,1.0364,0.7979
2017,8,5,7,30,15.600000000000001,50,0,50,3,2.5953,2.0135
2017,8,5,8,0,15.9,8,0,8,3.3000000000000003,0.4333,0.3378
2017,8,5,8,30,16.5,12,0,12,3.6,0.6716,0.5253
2017,8,5,9,0,17.1,52,0,52,3.9000000000000004,2.9840,2.3388
2017,8,5,9,30,17.7,21,0,21,4.1000000000000005,1.2282,0.9640
2017,8,5,10,0,18.3,57,0,57,4.4,3.3821,2.6574
2017,8,5,10,30,18.8,292,10,299,4.6000000000000005,17.9336,14.1011
2017,8,5,11,0,19.400000000000002,227,2,229,4.800000000000001,13.8432,10.8904
2017,8,5,11,30,19.700000000000003,122,0,123,4.800000000000001,7.4755,5.8829
2017,8,5,12,0,20,127,0,127,4.7,7.7433,6.0949
2017,8,5,12,30,20.3,242,2,244,4.6000000000000005,14.8944,11.7245
2017,8,5,13,0,20.6,288,1,288,4.4,17.5670,13.8277
2017,8,5,13,30,21.1,444,73,509,4.3,30.9621,24.3674
2017,8,5,14,0,21.5,429,79,496,4.1000000000000005,30.0249,23.6226
2017,8,5,14,30,21.6,384,59,432,3.9000000000000004,25.9612,20.4158
2017,8,5,15,0,21.700000000000003,268,1,268,3.7,15.9438,12.5297
2017,8,5,15,30,21.6,195,0,196,3.4000000000000004,11.5034,9.0315
2017,8,5,16,0,21.5,186,0,187,3.1,10.7802,8.4523
2017,8,5,16,30,21.3,206,1,207,2.8000000000000003,11.6547,9.1202
2017,8,5,17,0,21,19,0,19,2.6,1.0371,0.8092
2017,8,5,17,30,20.5,124,1,125,2.3000000000000003,6.5528,5.0902
2017,8,5,18,0,20,117,2,118,2.1,5.8872,4.5411
2017,8,5,18,30,19,68,0,68,1.9000000000000001,3.2501,2.4827
2017,8,5,19,0,18.1,42,148,58,1.7000000000000002,0.0000,0.0000
2017,8,5,19,30,17.5,7,24,8,1.9000000000000001,0.0000,0.0000
2017,8,5,20,0,17,0,0,0,2.2,0.0000,0.0000
2017,8,5,20,30,16.5,0,0,0,2.2,0.0000,0.0000
2017,8,5,21,0,16.1,0,0,0,2.3000000000000003,0.0000,0.0000
2017,8,5,21,30,15.8,0,0,0,2.3000000000000003,0.0000,0.0000
2017,8,5,22,0,15.5,0,0,0,2.3000000000000003,0.0000,0.0000
2017,8,5,22,30,15.200000000000001,0,0,0,2.2,0.0000,0.0000
2017,8,5,23,0,14.9,0,0,0,2.1,0.0000,0.0000
2017,8,5,23,30,14.9,0,0,0,2.1,0.0000,0.0000
2017,8,6,0,0,14.9,0,0,0,2,0.0000,0.0000
2017,8,6,0,30,14.8,0,0,0,1.9000000000000001,0.0000,0.0000
2017,8,6,1,0,14.700000000000001,0,0,0,1.8,0.0000,0.0000
2017,8,6,1,30,14.600000000000001,0,0,0,1.6,0.0000,0.0000
2017,8,6,2,0,14.5,0,0,0,1.5,0.0000,0.0000
2017,8,6,2,30,14.4,0,0,0,1.4000000000000001,0.0000,0.0000
2017,8,6,3,0,14.3,0,0,0,1.3,0.0000,0.0000
2017,8,6,3,30,14.100000000000001,0,0,0,1.2000000000000002,0.0000,0.0000
2017,8,6,4,0,14,0,0,0,1.1,0.0000,0.0000
2017,8,6,4,30,14,0,0,0,1.2000000000000002,0.0000,0.0000
2017,8,6,5,0,14,0,0,0,1.2000000000000002,0.0000,0.0000
2017,8,6,5,30,14.5,0,0,0,1.7000000000000002,0.0000,0.0000
2017,8,6,6,0,15,33,123,44,2.1,0.0000,0.0000
2017,8,6,6,30,15.8,69,257,116,2.2,5.5289,4.2153
2017,8,6,7,0,16.5,98,380,202,2.3000000000000003,9.9558,7.6629
2017,8,6,7,30,17.3,103,0,103,2.4000000000000004,5.3394,4.1418
2017,8,6,8,0,18.2,86,1,86,2.5,4.6528,3.6272
2017,8,6,8,30,18.6,247,53,276,2.5,15.4345,12.0707
2017,8,6,9,0,19.1,234,19,246,2.5,14.1077,11.0567
2017,8,6,9,30,19.5,309,45,340,2.4000000000000004,19.8754,15.6000
2017,8,6,10,0,19.900000000000002,364,107,445,2.4000000000000004,26.3927,20.7367
2017,8,6,10,30,20.6,326,2,328,2.4000000000000004,19.6655,15.4625
2017,8,6,11,0,21.400000000000002,341,2,342,2.4000000000000004,20.6670,16.2583
2017,8,6,11,30,22.700000000000003,410,59,461,2.4000000000000004,28.0086,22.0413
2017,8,6,12,0,23.900000000000002,252,0,252,2.3000000000000003,15.3596,12.0896
2017,8,6,12,30,24.6,315,1,316,2.2,19.2831,15.1789
2017,8,6,13,0,25.3,461,57,512,2.1,31.2196,24.5736
2017,8,6,13,30,25.6,342,1,343,2,20.8569,16.4141
2017,8,6,14,0,26,276,0,277,1.8,16.7613,13.1869
2017,8,6,14,30,26,268,1,269,1.8,16.1585,12.7067
2017,8,6,15,0,26,424,86,489,1.7000000000000002,29.0764,22.8494
2017,8,6,15,30,25.8,363,57,403,1.7000000000000002,23.6377,18.5575
2017,8,6,16,0,25.6,220,1,221,1.7000000000000002,12.7306,9.9809
2017,8,6,16,30,25.1,312,52,341,1.8,19.1805,15.0081
2017,8,6,17,0,24.700000000000003,179,2,180,1.8,9.8123,7.6553
2017,8,6,17,30,23.900000000000002,200,19,208,1.6,10.8861,8.4546
2017,8,6,18,0,23.200000000000003,103,390,217,1.3,10.8063,8.3328
2017,8,6,18,30,21.700000000000003,73,285,130,1.1,6.2086,4.7412
2017,8,6,19,0,20.3,38,170,56,0.8,0.0000,0.0000
2017,8,6,19,30,19.700000000000003,4,0,4,0.9,0.0000,0.0000
2017,8,6,20,0,19,0,0,0,0.9,0.0000,0.0000
2017,8,6,20,30,18.7,0,0,0,0.9,0.0000,0.0000
2017,8,6,21,0,18.3,0,0,0,0.9,0.0000,0.0000
2017,8,6,21,30,18,0,0,0,1,0.0000,0.0000
2017,8,6,22,0,17.7,0,0,0,1,0.0000,0.0000
2017,8,6,22,30,17.400000000000002,0,0,0,1,0.0000,0.0000
2017,8,6,23,0,17.1,0,0,0,0.9,0.0000,0.0000
2017,8,6,23,30,16.900000000000002,0,0,0,0.9,0.0000,0.0000
2017,8,7,0,0,16.7,0,0,0,0.9,0.0000,0.0000
2017,8,7,0,30,16.5,0,0,0,0.9,0.0000,0.0000
2017,8,7,1,0,16.400000000000002,0,0,0,0.8,0.0000,0.0000
2017,8,7,1,30,16.2,0,0,0,0.8,0.0000,0.0000
2017,8,7,2,0,16,0,0,0,0.8,0.0000,0.0000
2017,8,7,2,30,15.700000000000001,0,0,0,0.9,0.0000,0.0000
2017,8,7,3,0,15.4,0,0,0,0.9,0.0000,0.0000
2017,8,7,3,30,15.200000000000001,0,0,0,1,0.0000,0.0000
2017,8,7,4,0,15.100000000000001,0,0,0,1,0.0000,0.0000
2017,8,7,4,30,15.200000000000001,0,0,0,1.3,0.0000,0.0000
2017,8,7,5,0,15.4,0,0,0,1.6,0.0000,0.0000
2017,8,7,5,30,15.9,0,0,0,2.1,0.0000,0.0000
2017,8,7,6,0,16.3,18,0,18,2.6,0.0000,0.0000
2017,8,7,6,30,17.3,69,1,69,2.9000000000000004,3.2890,2.5071
2017,8,7,7,0,18.3,129,8,131,3.1,6.4471,4.9609
2017,8,7,7,30,19.6,203,111,243,3.3000000000000003,12.5807,9.7573
2017,8,7,8,0,20.900000000000002,154,1,155,3.6,8.3773,6.5300
2017,8,7,8,30,21.900000000000002,284,45,308,3.6,17.2105,13.4588
2017,8,7,9,0,22.8,230,454,509,3.7,29.1716,22.8616
2017,8,7,9,30,23.6,130,779,664,3.6,38.7948,30.4484
2017,8,7,10,0,24.3,132,810,739,3.5,43.8099,34.4204
2017,8,7,10,30,24.8,454,207,620,3.4000000000000004,37.1576,29.2154
2017,8,7,11,0,25.400000000000002,457,285,698,3.3000000000000003,42.1647,33.1693
2017,8,7,11,30,25.700000000000003,485,262,714,3.1,43.3652,34.1254
2017,8,7,12,0,26.1,455,375,790,3,48.1350,37.8865
2017,8,7,12,30,26.200000000000003,469,88,548,2.9000000000000004,33.4292,26.3136
2017,8,7,13,0,26.400000000000002,449,387,797,2.8000000000000003,48.5809,38.2384
2017,8,7,13,30,26.400000000000002,494,155,631,2.7,38.3552,30.1844
2017,8,7,14,0,26.5,469,268,697,2.6,42.1581,33.1668
2017,8,7,14,30,26.400000000000002,147,814,807,2.6,48.4532,38.1012
2017,8,7,15,0,26.3,139,803,749,2.6,44.5119,34.9778
2017,8,7,15,30,26,132,780,677,2.6,39.6839,31.1537
2017,8,7,16,0,25.700000000000003,357,154,454,2.7,26.1314,20.4860
2017,8,7,16,30,25.200000000000003,113,721,511,2.6,28.7142,22.4660
2017,8,7,17,0,24.8,100,684,421,2.6,22.9204,17.8796
2017,8,7,17,30,24.1,89,621,325,2.3000000000000003,16.9815,13.1859
2017,8,7,18,0,23.400000000000002,71,555,232,2,11.5318,8.8894
2017,8,7,18,30,21.900000000000002,55,440,141,1.5,6.7293,5.1371
2017,8,7,19,0,20.3,32,292,62,1,0.0000,0.0000
2017,8,7,19,30,19.700000000000003,0,0,0,1.1,0.0000,0.0000
2017,8,7,20,0,19,0,0,0,1.1,0.0000,0.0000
2017,8,7,20,30,18.7,0,0,0,1.1,0.0000,0.0000
2017,8,7,21,0,18.3,0,0,0,1.1,0.0000,0.0000
2017,8,7,21,30,18,0,0,0,1,0.0000,0.0000
2017,8,7,22,0,17.6,0,0,0,1,0.0000,0.0000
2017,8,7,22,30,17.400000000000002,0,0,0,1,0.0000,0.0000
2017,8,7,23,0,17.1,0,0,0,1,0.0000,0.0000
2017,8,7,23,30,16.8,0,0,0,1,0.0000,0.0000
2017,8,8,0,0,16.5,0,0,0,0.9,0.0000,0.0000
2017,8,8,0,30,16.3,0,0,0,0.9,0.0000,0.0000
2017,8,8,1,0,16,0,0,0,0.9,0.0000,0.0000
2017,8,8,1,30,15.8,0,0,0,0.9,0.0000,0.0000
2017,8,8,2,0,15.600000000000001,0,0,0,0.9,0.0000,0.0000
2017,8,8,2,30,15.4,0,0,0,0.9,0.0000,0.0000
2017,8,8,3,0,15.200000000000001,0,0,0,0.8,0.0000,0.0000
2017,8,8,3,30,14.9,0,0,0,0.8,0.0000,0.0000
2017,8,8,4,0,14.700000000000001,0,0,0,0.8,0.0000,0.0000
2017,8,8,4,30,14.5,0,0,0,0.8,0.0000,0.0000
2017,8,8,5,0,14.3,0,0,0,0.8,0.0000,0.0000
2017,8,8,5,30,15.3,0,0,0,0.9,0.0000,0.0000
2017,8,8,6,0,16.3,26,283,49,1.1,0.0000,0.0000
2017,8,8,6,30,17.5,45,469,127,1.1,6.0548,4.6145
2017,8,8,7,0,18.8,59,596,219,1.2000000000000002,10.7634,8.2800
2017,8,8,7,30,21,70,682,316,1.5,16.3376,12.6687
2017,8,8,8,0,23.200000000000003,79,748,415,1.8,22.4052,17.4625
2017,8,8,8,30,24.1,86,794,510,1.9000000000000001,28.4740,22.2653
2017,8,8,9,0,25,93,828,600,1.9000000000000001,34.3646,26.9299
2017,8,8,9,30,25.700000000000003,98,853,681,2,39.7666,31.2098
2017,8,8,10,0,26.3,103,871,753,2,44.6196,35.0555
2017,8,8,10,30,26.900000000000002,107,887,816,2.1,48.8843,38.4345
2017,8,8,11,0,27.400000000000002,110,897,866,2.1,52.2939,41.1366
2017,8,8,11,30,27.8,112,906,903,2.1,54.8248,43.1423
2017,8,8,12,0,28.200000000000003,410,451,813,2.2,49.5195,38.9754
2017,8,8,12,30,28.5,490,280,742,2.2,45.2484,35.6163
2017,8,8,13,0,28.700000000000003,113,912,930,2.2,56.6681,44.6029
2017,8,8,13,30,28.8,476,284,725,2.3000000000000003,44.0525,34.6672
2017,8,8,14,0,28.8,471,246,680,2.3000000000000003,41.1125,32.3434
2017,8,8,14,30,28.6,450,225,632,2.4000000000000004,37.9274,29.8233
2017,8,8,15,0,28.400000000000002,121,841,758,2.5,45.0217,35.3771
2017,8,8,15,30,28.200000000000003,116,820,687,2.5,40.2433,31.5913
2017,8,8,16,0,28,109,794,607,2.6,34.9095,27.3659
2017,8,8,16,30,27.5,102,757,518,2.6,29.0771,22.7478
2017,8,8,17,0,27,95,706,424,2.6,23.0538,17.9812
2017,8,8,17,30,26.1,84,640,326,2.2,17.0055,13.2018
2017,8,8,18,0,25.200000000000003,72,550,229,1.7000000000000002,11.3616,8.7554
2017,8,8,18,30,23.6,55,430,138,1.5,6.5825,5.0234
2017,8,8,19,0,21.900000000000002,32,264,59,1.3,0.0000,0.0000
2017,8,8,19,30,21.3,0,0,0,1.4000000000000001,0.0000,0.0000
2017,8,8,20,0,20.8,0,0,0,1.6,0.0000,0.0000
2017,8,8,20,30,20.5,0,0,0,1.8,0.0000,0.0000
2017,8,8,21,0,20.3,0,0,0,2.1,0.0000,0.0000
2017,8,8,21,30,20,0,0,0,2.2,0.0000,0.0000
2017,8,8,22,0,19.8,0,0,0,2.4000000000000004,0.0000,0.0000
2017,8,8,22,30,19.6,0,0,0,2.5,0.0000,0.0000
2017,8,8,23,0,19.3,0,0,0,2.6,0.0000,0.0000
2017,8,8,23,30,19,0,0,0,2.6,0.0000,0.0000
2017,8,9,0,0,18.8,0,0,0,2.5,0.0000,0.0000
2017,8,9,0,30,18.5,0,0,0,2.5,0.0000,0.0000
2017,8,9,1,0,18.3,0,0,0,2.4000000000000004,0.0000,0.0000
2017,8,9,1,30,18.2,0,0,0,2.4000000000000004,0.0000,0.0000
2017,8,9,2,0,18.1,0,0,0,2.5,0.0000,0.0000
2017,8,9,2,30,18,0,0,0,2.4000000000000004,0.0000,0.0000
2017,8,9,3,0,17.900000000000002,0,0,0,2.4000000000000004,0.0000,0.0000
2017,8,9,3,30,17.8,0,0,0,2.5,0.0000,0.0000
2017,8,9,4,0,17.7,0,0,0,2.6,0.0000,0.0000
2017,8,9,4,30,17.6,0,0,0,2.6,0.0000,0.0000
2017,8,9,5,0,17.5,0,0,0,2.6,0.0000,0.0000
2017,8,9,5,30,17.6,0,0,0,2.8000000000000003,0.0000,0.0000
2017,8,9,6,0,17.7,12,0,12,3,0.0000,0.0000
2017,8,9,6,30,18.2,24,0,24,3.1,0.0000,0.0000
2017,8,9,7,0,18.8,90,1,90,3.2,4.4170,3.3969
2017,8,9,7,30,19.8,120,1,120,3.7,6.1961,4.8038
2017,8,9,8,0,20.900000000000002,228,22,238,4.2,12.8360,10.0032
2017,8,9,8,30,21.900000000000002,53,0,53,4.6000000000000005,2.9566,2.3117
2017,8,9,9,0,22.900000000000002,81,0,81,4.9,4.6362,3.6330
2017,8,9,9,30,23.5,138,0,138,5,8.0540,6.3208
2017,8,9,10,0,24.1,232,0,233,5.1000000000000005,13.8003,10.8419
2017,8,9,10,30,24.6,399,122,497,5.1000000000000005,29.7617,23.3990
2017,8,9,11,0,25,429,49,470,5.1000000000000005,28.3707,22.3170
2017,8,9,11,30,25.3,285,1,285,5,17.2973,13.6111
2017,8,9,12,0,25.5,360,2,362,5,22.0416,17.3480
2017,8,9,12,30,25.700000000000003,438,139,562,4.9,34.2595,26.9660
2017,8,9,13,0,26,433,253,659,4.9,40.1399,31.5930
2017,8,9,13,30,26,478,114,578,4.7,35.1067,27.6266
2017,8,9,14,0,26.1,412,250,624,4.6000000000000005,37.7107,29.6664
2017,8,9,14,30,26.1,391,262,601,4.4,36.0500,28.3461
2017,8,9,15,0,26,355,21,371,4.1000000000000005,22.0234,17.3048
2017,8,9,15,30,26.1,402,120,486,4,28.4490,22.3315
2017,8,9,16,0,26.1,359,149,452,3.8000000000000003,25.9729,20.3591
2017,8,9,16,30,26.1,154,602,482,3.6,27.0277,21.1425
2017,8,9,17,0,26,136,558,394,3.5,21.3932,16.6837
2017,8,9,17,30,25.3,188,17,194,2.9000000000000004,10.1021,7.8407
2017,8,9,18,0,24.700000000000003,139,51,153,2.4000000000000004,7.5755,5.8356
2017,8,9,18,30,23.5,86,14,89,2.1,4.2435,3.2374
2017,8,9,19,0,22.3,45,6,45,1.8,0.0000,0.0000
2017,8,9,19,30,21.8,0,0,0,1.9000000000000001,0.0000,0.0000
2017,8,9,20,0,21.3,0,0,0,2,0.0000,0.0000
2017,8,9,20,30,20.900000000000002,0,0,0,2,0.0000,0.0000
2017,8,9,21,0,20.6,0,0,0,2.1,0.0000,0.0000
2017,8,9,21,30,20.200000000000003,0,0,0,2.1,0.0000,0.0000
2017,8,9,22,0,19.900000000000002,0,0,0,2.1,0.0000,0.0000
2017,8,9,22,30,19.6,0,0,0,2.1,0.0000,0.0000
2017,8,9,23,0,19.3,0,0,0,2,0.0000,0.0000
2017,8,9,23,30,19,0,0,0,2,0.0000,0.0000
2017,8,10,0,0,18.8,0,0,0,1.9000000000000001,0.0000,0.0000
2017,8,10,0,30,18.5,0,0,0,1.9000000000000001,0.0000,0.0000
2017,8,10,1,0,18.3,0,0,0,1.9000000000000001,0.0000,0.0000
2017,8,10,1,30,18,0,0,0,1.9000000000000001,0.0000,0.0000
2017,8,10,2,0,17.7,0,0,0,1.9000000000000001,0.0000,0.0000
2017,8,10,2,30,17.5,0,0,0,1.9000000000000001,0.0000,0.0000
2017,8,10,3,0,17.2,0,0,0,1.8,0.0000,0.0000
2017,8,10,3,30,17,0,0,0,1.8,0.0000,0.0000
2017,8,10,4,0,16.8,0,0,0,1.8,0.0000,0.0000
2017,8,10,4,30,16.7,0,0,0,1.8,0.0000,0.0000
2017,8,10,5,0,16.5,0,0,0,1.8,0.0000,0.0000
2017,8,10,5,30,17.2,0,0,0,2.3000000000000003,0.0000,0.0000
2017,8,10,6,0,18,26,0,26,2.8000000000000003,0.0000,0.0000
2017,8,10,6,30,19,75,2,76,2.9000000000000004,0.0000,0.0000
2017,8,10,7,0,20,81,449,199,3,9.7525,7.4982
2017,8,10,7,30,21.700000000000003,100,543,293,3.3000000000000003,15.1077,11.7108
2017,8,10,8,0,23.400000000000002,246,154,314,3.6,16.9161,13.1814
2017,8,10,8,30,24.5,285,221,401,3.6,22.3504,17.4742
2017,8,10,9,0,25.6,273,89,327,3.7,18.7034,14.6554
2017,8,10,9,30,26.3,133,766,654,3.5,38.1483,29.9373
2017,8,10,10,0,26.900000000000002,145,781,725,3.4000000000000004,42.9200,33.7179
2017,8,10,10,30,27,150,799,786,3.4000000000000004,47.0483,36.9890
2017,8,10,11,0,27.1,155,812,835,3.3000000000000003,50.3834,39.6318
2017,8,10,11,30,26.700000000000003,476,272,712,3.4000000000000004,43.1971,33.9908
2017,8,10,12,0,26.400000000000002,501,250,723,3.6,44.0064,34.6346
2017,8,10,12,30,26.200000000000003,433,227,636,3.7,38.7566,30.5051
2017,8,10,13,0,26.1,434,194,607,3.9000000000000004,36.9589,29.0886
2017,8,10,13,30,26,417,76,484,4,29.3852,23.1236
2017,8,10,14,0,25.900000000000002,181,2,182,4.1000000000000005,10.9940,8.6486
2017,8,10,14,30,25.8,176,1,176,4.1000000000000005,10.5516,8.2964
2017,8,10,15,0,25.6,233,4,237,4.1000000000000005,14.0605,11.0476
2017,8,10,15,30,25.400000000000002,324,84,382,3.8000000000000003,22.3453,17.5394
2017,8,10,16,0,25.200000000000003,296,83,348,3.6,19.9795,15.6600
2017,8,10,16,30,24.8,275,129,345,3.4000000000000004,19.3239,15.1147
2017,8,10,17,0,24.5,208,312,352,3.2,19.0849,14.8813
2017,8,10,17,30,23.700000000000003,204,105,243,2.7,12.6302,9.8006
2017,8,10,18,0,22.900000000000002,87,438,209,2.2,10.3282,7.9534
2017,8,10,18,30,21.700000000000003,63,321,122,1.8,5.8154,4.4352
2017,8,10,19,0,20.5,35,0,35,1.4000000000000001,0.0000,0.0000
2017,8,10,19,30,19.900000000000002,0,0,0,1.4000000000000001,0.0000,0.0000
2017,8,10,20,0,19.3,0,0,0,1.3,0.0000,0.0000
2017,8,10,20,30,18.8,0,0,0,1.3,0.0000,0.0000
2017,8,10,21,0,18.3,0,0,0,1.3,0.0000,0.0000
2017,8,10,21,30,17.900000000000002,0,0,0,1.2000000000000002,0.0000,0.0000
2017,8,10,22,0,17.5,0,0,0,1.2000000000000002,0.0000,0.0000
2017,8,10,22,30,17.1,0,0,0,1.2000000000000002,0.0000,0.0000
2017,8,10,23,0,16.8,0,0,0,1.2000000000000002,0.0000,0.0000
2017,8,10,23,30,16.400000000000002,0,0,0,1.1,0.0000,0.0000
2017,8,11,0,0,16.1,0,0,0,1.1,0.0000,0.0000
2017,8,11,0,30,15.700000000000001,0,0,0,1,0.0000,0.0000
2017,8,11,1,0,15.4,0,0,0,1,0.0000,0.0000
2017,8,11,1,30,15.200000000000001,0,0,0,1.1,0.0000,0.0000
2017,8,11,2,0,14.9,0,0,0,1.1,0.0000,0.0000
2017,8,11,2,30,14.700000000000001,0,0,0,1.2000000000000002,0.0000,0.0000
2017,8,11,3,0,14.5,0,0,0,1.3,0.0000,0.0000
2017,8,11,3,30,14.3,0,0,0,1.3,0.0000,0.0000
2017,8,11,4,0,14.100000000000001,0,0,0,1.4000000000000001,0.0000,0.0000
2017,8,11,4,30,14,0,0,0,1.4000000000000001,0.0000,0.0000
2017,8,11,5,0,13.8,0,0,0,1.4000000000000001,0.0000,0.0000
2017,8,11,5,30,14.8,0,0,0,1.8,0.0000,0.0000
2017,8,11,6,0,15.700000000000001,22,301,45,2.3000000000000003,0.0000,0.0000
2017,8,11,6,30,16.900000000000002,40,496,123,2.1,0.0000,0.0000
2017,8,11,7,0,18.1,52,626,215,1.9000000000000001,10.5218,8.0873
2017,8,11,7,30,20.1,61,711,312,2,16.0648,12.4504
2017,8,11,8,0,22,68,774,410,2.1,22.0633,17.1901
2017,8,11,8,30,23.1,74,819,506,2.2,28.1786,22.0291
2017,8,11,9,0,24.1,79,854,596,2.2,34.0668,26.6922
2017,8,11,9,30,24.900000000000002,83,880,679,2.1,39.5834,31.0622
2017,8,11,10,0,25.6,87,899,752,2,44.4965,34.9552
2017,8,11,10,30,26.200000000000003,90,915,815,2,48.7628,38.3358
2017,8,11,11,0,26.8,460,166,599,1.9000000000000001,36.1289,28.4184
2017,8,11,11,30,27.200000000000003,440,343,737,1.9000000000000001,44.6967,35.1700
2017,8,11,12,0,27.6,447,60,500,1.9000000000000001,30.4219,23.9426
2017,8,11,12,30,27.900000000000002,491,240,705,1.9000000000000001,42.9451,33.8010
2017,8,11,13,0,28.200000000000003,401,456,805,1.9000000000000001,48.9955,38.5611
2017,8,11,13,30,28.3,440,124,547,1.9000000000000001,33.1962,26.1218
2017,8,11,14,0,28.400000000000002,94,924,872,1.9000000000000001,52.6500,41.4164
2017,8,11,14,30,28.3,92,911,822,1.9000000000000001,49.2548,38.7264
2017,8,11,15,0,28.3,92,892,760,1.9000000000000001,45.0605,35.4033
2017,8,11,15,30,28,88,873,689,1.9000000000000001,40.2745,31.6108
2017,8,11,16,0,27.8,84,846,607,1.8,34.8175,27.2881
2017,8,11,16,30,27.3,79,813,518,1.8,28.9811,22.6660
2017,8,11,17,0,26.900000000000002,74,766,423,1.7000000000000002,22.9007,17.8539
2017,8,11,17,30,26,197,130,245,1.4000000000000001,12.7104,9.8605
2017,8,11,18,0,25,145,40,156,1,7.6936,5.9223
2017,8,11,18,30,23.5,90,19,94,0.9,4.4803,3.4160
2017,8,11,19,0,22,26,311,54,0.8,0.0000,0.0000
2017,8,11,19,30,21.200000000000003,0,0,0,0.9,0.0000,0.0000
2017,8,11,20,0,20.400000000000002,0,0,0,0.9,0.0000,0.0000
2017,8,11,20,30,19.8,0,0,0,1,0.0000,0.0000
2017,8,11,21,0,19.3,0,0,0,1,0.0000,0.0000
2017,8,11,21,30,18.900000000000002,0,0,0,1,0.0000,0.0000
2017,8,11,22,0,18.5,0,0,0,1,0.0000,0.0000
2017,8,11,22,30,18.1,0,0,0,1,0.0000,0.0000
2017,8,11,23,0,17.8,0,0,0,1,0.0000,0.0000
2017,8,11,23,30,17.400000000000002,0,0,0,1,0.0000,0.0000
2017,8,12,0,0,17,0,0,0,1,0.0000,0.0000
2017,8,12,0,30,16.7,0,0,0,1,0.0000,0.0000
2017,8,12,1,0,16.3,0,0,0,1,0.0000,0.0000
2017,8,12,1,30,16,0,0,0,1,0.0000,0.0000
2017,8,12,2,0,15.700000000000001,0,0,0,1,0.0000,0.0000
2017,8,12,2,30,15.4,0,0,0,1,0.0000,0.0000
2017,8,12,3,0,15.100000000000001,0,0,0,1,0.0000,0.0000
2017,8,12,3,30,14.9,0,0,0,1,0.0000,0.0000
2017,8,12,4,0,14.600000000000001,0,0,0,1,0.0000,0.0000
2017,8,12,4,30,14.5,0,0,0,1,0.0000,0.0000
2017,8,12,5,0,14.3,0,0,0,1,0.0000,0.0000
2017,8,12,5,30,15.4,0,0,0,1.4000000000000001,0.0000,0.0000
2017,8,12,6,0,16.5,24,201,39,1.8,0.0000,0.0000
2017,8,12,6,30,17.6,49,384,112,1.9000000000000001,0.0000,0.0000
2017,8,12,7,0,18.8,69,501,199,1.9000000000000001,9.7252,7.4729
2017,8,12,7,30,20.900000000000002,85,595,293,2.2,15.0653,11.6735
2017,8,12,8,0,23.1,98,658,387,2.5,20.8022,16.2056
2017,8,12,8,30,24.200000000000003,108,711,481,2.5,26.7632,20.9210
2017,8,12,9,0,25.3,116,753,570,2.5,32.5575,25.5081
2017,8,12,9,30,26,123,784,652,2.6,37.9870,29.8082
2017,8,12,10,0,26.6,127,812,725,2.8000000000000003,42.8777,33.6824
2017,8,12,10,30,27.1,131,830,787,2.8000000000000003,47.0666,37.0012
2017,8,12,11,0,27.700000000000003,132,848,838,2.9000000000000004,50.5240,39.7404
2017,8,12,11,30,28.1,134,857,875,2.9000000000000004,53.0462,41.7389
2017,8,12,12,0,28.5,112,899,907,3,55.1648,43.4147
2017,8,12,12,30,28.8,112,901,916,3.1,55.7768,43.8994
2017,8,12,13,0,29.1,448,344,753,3.2,45.8124,36.0550
2017,8,12,13,30,29.1,110,898,889,3.3000000000000003,53.9286,42.4349
2017,8,12,14,0,29.200000000000003,108,890,854,3.5,51.5387,40.5410
2017,8,12,14,30,29.1,106,876,805,3.5,48.2105,37.9040
2017,8,12,15,0,28.900000000000002,120,827,737,3.6,43.6693,34.3087
2017,8,12,15,30,28.6,115,804,666,3.5,38.9006,30.5307
2017,8,12,16,0,28.3,113,766,583,3.4000000000000004,33.4099,26.1830
2017,8,12,16,30,27.8,105,727,495,3.2,27.6612,21.6314
2017,8,12,17,0,27.200000000000003,55,577,317,2.9000000000000004,17.1365,13.3579
2017,8,12,17,30,26.200000000000003,171,127,217,2.4000000000000004,11.2366,8.7150
2017,8,12,18,0,25.1,129,51,143,1.9000000000000001,7.0377,5.4153
2017,8,12,18,30,23.6,77,14,80,1.7000000000000002,3.8135,2.9068
2017,8,12,19,0,22.1,28,1,28,1.5,0.0000,0.0000
2017,8,12,19,30,21.6,0,0,0,1.7000000000000002,0.0000,0.0000
2017,8,12,20,0,21.200000000000003,0,0,0,2,0.0000,0.0000
2017,8,12,20,30,21.1,0,0,0,2.5,0.0000,0.0000
2017,8,12,21,0,20.900000000000002,0,0,0,3.1,0.0000,0.0000
2017,8,12,21,30,20.5,0,0,0,3.2,0.0000,0.0000
2017,8,12,22,0,20.1,0,0,0,3.3000000000000003,0.0000,0.0000
2017,8,12,22,30,19.700000000000003,0,0,0,3.3000000000000003,0.0000,0.0000
2017,8,12,23,0,19.3,0,0,0,3.3000000000000003,0.0000,0.0000
2017,8,12,23,30,18.8,0,0,0,3.2,0.0000,0.0000
2017,8,13,0,0,18.3,0,0,0,3,0.0000,0.0000
2017,8,13,0,30,17.8,0,0,0,2.6,0.0000,0.0000
2017,8,13,1,0,17.3,0,0,0,2.3000000000000003,0.0000,0.0000
2017,8,13,1,30,17.1,0,0,0,2.3000000000000003,0.0000,0.0000
2017,8,13,2,0,16.900000000000002,0,0,0,2.3000000000000003,0.0000,0.0000
2017,8,13,2,30,16.8,0,0,0,2.3000000000000003,0.0000,0.0000
2017,8,13,3,0,16.7,0,0,0,2.3000000000000003,0.0000,0.0000
2017,8,13,3,30,16.6,0,0,0,2.3000000000000003,0.0000,0.0000
2017,8,13,4,0,16.6,0,0,0,2.2,0.0000,0.0000
2017,8,13,4,30,16.6,0,0,0,2.1,0.0000,0.0000
2017,8,13,5,0,16.5,0,0,0,2,0.0000,0.0000
2017,8,13,5,30,16.6,0,0,0,2.2,0.0000,0.0000
2017,8,13,6,0,16.7,13,0,13,2.3000000000000003,0.0000,0.0000
2017,8,13,6,30,17,27,0,27,2.5,0.0000,0.0000
2017,8,13,7,0,17.2,27,0,27,2.7,1.3177,1.0122
2017,8,13,7,30,17.7,104,1,104,2.8000000000000003,5.3398,4.1368
2017,8,13,8,0,18.2,239,51,261,2.9000000000000004,14.0135,10.9156
2017,8,13,8,30,18.900000000000002,100,0,100,3.3000000000000003,5.5592,4.3453
2017,8,13,9,0,19.5,284,26,300,3.6,17.1233,13.4149
2017,8,13,9,30,20.400000000000002,366,82,421,4,24.5139,19.2350
2017,8,13,10,0,21.3,355,36,382,4.3,22.5802,17.7371
2017,8,13,10,30,22.5,364,15,376,4.5,22.4767,17.6694
2017,8,13,11,0,23.6,373,9,380,4.7,22.9010,18.0126
2017,8,13,11,30,24.5,306,1,307,4.7,18.6041,14.6380
2017,8,13,12,0,25.5,247,0,247,4.6000000000000005,15.0169,11.8180
2017,8,13,12,30,26.200000000000003,476,293,737,4.4,44.8597,35.3062
2017,8,13,13,0,26.900000000000002,142,852,894,4.2,54.3682,42.7875
2017,8,13,13,30,27.400000000000002,442,78,510,4.1000000000000005,30.9239,24.3325
2017,8,13,14,0,27.8,468,171,611,3.9000000000000004,36.8559,28.9904
2017,8,13,14,30,28,412,98,490,3.8000000000000003,29.3291,23.0583
2017,8,13,15,0,28.1,386,85,449,3.8000000000000003,26.5876,20.8876
2017,8,13,15,30,27.8,302,11,309,3.7,18.0341,14.1530
2017,8,13,16,0,27.6,340,88,393,3.6,22.4997,17.6313
2017,8,13,16,30,27.1,119,0,119,3.4000000000000004,6.6418,5.1934
2017,8,13,17,0,26.6,183,7,186,3.3000000000000003,10.0391,7.8242
2017,8,13,17,30,25.700000000000003,189,148,242,2.7,12.5063,9.6972
2017,8,13,18,0,24.700000000000003,127,32,136,2.1,6.6793,5.1375
2017,8,13,18,30,23.700000000000003,74,9,75,2,0.0000,0.0000
2017,8,13,19,0,22.700000000000003,25,0,25,1.9000000000000001,0.0000,0.0000
2017,8,13,19,30,22.3,0,0,0,2.1,0.0000,0.0000
2017,8,13,20,0,22,0,0,0,2.4000000000000004,0.0000,0.0000
2017,8,13,20,30,21.700000000000003,0,0,0,2.7,0.0000,0.0000
2017,8,13,21,0,21.400000000000002,0,0,0,2.9000000000000004,0.0000,0.0000
2017,8,13,21,30,21.200000000000003,0,0,0,3.1,0.0000,0.0000
2017,8,13,22,0,20.900000000000002,0,0,0,3.2,0.0000,0.0000
2017,8,13,22,30,20.6,0,0,0,3.2,0.0000,0.0000
2017,8,13,23,0,20.3,0,0,0,3.2,0.0000,0.0000
2017,8,13,23,30,20,0,0,0,3.2,0.0000,0.0000
2017,8,14,0,0,19.8,0,0,0,3.1,0.0000,0.0000
2017,8,14,0,30,19.6,0,0,0,2.9000000000000004,0.0000,0.0000
2017,8,14,1,0,19.400000000000002,0,0,0,2.7,0.0000,0.0000
2017,8,14,1,30,19.200000000000003,0,0,0,2.4000000000000004,0.0000,0.0000
2017,8,14,2,0,19,0,0,0,2.1,0.0000,0.0000
2017,8,14,2,30,18.7,0,0,0,1.7000000000000002,0.0000,0.0000
2017,8,14,3,0,18.5,0,0,0,1.4000000000000001,0.0000,0.0000
2017,8,14,3,30,18.2,0,0,0,1.3,0.0000,0.0000
2017,8,14,4,0,18,0,0,0,1.1,0.0000,0.0000
2017,8,14,4,30,17.8,0,0,0,1.2000000000000002,0.0000,0.0000
2017,8,14,5,0,17.7,0,0,0,1.3,0.0000,0.0000
2017,8,14,5,30,18.2,0,0,0,1.7000000000000002,0.0000,0.0000
2017,8,14,6,0,18.7,22,105,29,2.2,0.0000,0.0000
2017,8,14,6,30,19.400000000000002,56,251,96,2.3000000000000003,0.0000,0.0000
2017,8,14,7,0,20,85,379,180,2.5,8.7725,6.7369
2017,8,14,7,30,20.900000000000002,108,474,271,2.8000000000000003,13.8946,10.7622
2017,8,14,8,0,21.8,124,554,365,3,19.5751,15.2459
2017,8,14,8,30,22.700000000000003,139,611,457,3.1,25.3819,19.8379
2017,8,14,9,0,23.700000000000003,149,661,545,3.1,31.0848,24.3515
2017,8,14,9,30,24.700000000000003,160,696,627,3,36.4869,28.6285
2017,8,14,10,0,25.700000000000003,165,730,700,2.9000000000000004,41.3566,32.4851
2017,8,14,10,30,26.3,171,750,761,2.7,45.4698,35.7437
2017,8,14,11,0,27,172,772,812,2.6,48.9148,38.4725
2017,8,14,11,30,27.400000000000002,175,783,848,2.4000000000000004,51.3680,40.4163
2017,8,14,12,0,27.700000000000003,130,861,887,2.3000000000000003,53.9057,42.4216
2017,8,14,12,30,28.1,131,865,897,2.2,54.5762,42.9525
2017,8,14,13,0,28.5,128,867,891,2.1,54.1629,42.6248
2017,8,14,13,30,28.8,127,864,872,2.1,52.8492,41.5831
2017,8,14,14,0,29,122,859,837,2,50.4628,39.6922
2017,8,14,14,30,29,119,848,791,2,47.3178,37.1993
2017,8,14,15,0,29,114,833,731,1.9000000000000001,43.2562,33.9810
2017,8,14,15,30,28.8,109,813,661,1.8,38.5466,30.2493
2017,8,14,16,0,28.6,105,781,579,1.8,33.1157,25.9483
2017,8,14,16,30,28.1,186,533,468,1.6,26.0876,20.3962
2017,8,14,17,0,27.6,90,687,396,1.5,21.3382,16.6275
2017,8,14,17,30,26.5,79,619,299,1.2000000000000002,15.4211,11.9541
2017,8,14,18,0,25.400000000000002,66,525,204,0.9,9.9985,7.6874
2017,8,14,18,30,23.900000000000002,49,394,115,0.9,0.0000,0.0000
2017,8,14,19,0,22.400000000000002,25,210,41,0.9,0.0000,0.0000
2017,8,14,19,30,21.700000000000003,0,0,0,1,0.0000,0.0000
2017,8,14,20,0,21,0,0,0,1.1,0.0000,0.0000
2017,8,14,20,30,20.6,0,0,0,1.1,0.0000,0.0000
2017,8,14,21,0,20.200000000000003,0,0,0,1.1,0.0000,0.0000
2017,8,14,21,30,19.900000000000002,0,0,0,1.2000000000000002,0.0000,0.0000
2017,8,14,22,0,19.6,0,0,0,1.2000000000000002,0.0000,0.0000
2017,8,14,22,30,19.400000000000002,0,0,0,1.3,0.0000,0.0000
2017,8,14,23,0,19.1,0,0,0,1.4000000000000001,0.0000,0.0000
2017,8,14,23,30,18.900000000000002,0,0,0,1.6,0.0000,0.0000
2017,8,15,0,0,18.7,0,0,0,1.8,0.0000,0.0000
2017,8,15,0,30,18.5,0,0,0,2,0.0000,0.0000
2017,8,15,1,0,18.3,0,0,0,2.1,0.0000,0.0000
2017,8,15,1,30,18,0,0,0,2.2,0.0000,0.0000
2017,8,15,2,0,17.7,0,0,0,2.3000000000000003,0.0000,0.0000
2017,8,15,2,30,17.5,0,0,0,2.3000000000000003,0.0000,0.0000
2017,8,15,3,0,17.3,0,0,0,2.3000000000000003,0.0000,0.0000
2017,8,15,3,30,17.1,0,0,0,2.3000000000000003,0.0000,0.0000
2017,8,15,4,0,16.900000000000002,0,0,0,2.3000000000000003,0.0000,0.0000
2017,8,15,4,30,16.8,0,0,0,2.3000000000000003,0.0000,0.0000
2017,8,15,5,0,16.7,0,0,0,2.3000000000000003,0.0000,0.0000
2017,8,15,5,30,17.1,0,0,0,2.5,0.0000,0.0000
2017,8,15,6,0,17.5,9,0,9,2.7,0.0000,0.0000
2017,8,15,6,30,18.400000000000002,14,0,14,2.8000000000000003,0.0000,0.0000
2017,8,15,7,0,19.400000000000002,47,1,47,2.8000000000000003,2.2873,1.7560
2017,8,15,7,30,20.8,77,2,78,3.1,3.9935,3.0926
2017,8,15,8,0,22.1,149,13,155,3.4000000000000004,8.3032,6.4660
2017,8,15,8,30,23.1,238,279,383,3.4000000000000004,21.2519,16.6086
2017,8,15,9,0,24.200000000000003,238,355,450,3.4000000000000004,25.6466,20.0900
2017,8,15,9,30,24.8,292,341,520,3.3000000000000003,30.2420,23.7275
2017,8,15,10,0,25.400000000000002,207,542,603,3.3000000000000003,35.6067,27.9676
2017,8,15,10,30,25.6,422,224,597,3.3000000000000003,35.6538,28.0264
2017,8,15,11,0,25.8,238,578,715,3.3000000000000003,43.0529,33.8610
2017,8,15,11,30,25.8,153,797,837,3.4000000000000004,50.6805,39.8743
2017,8,15,12,0,25.700000000000003,210,622,755,3.5,45.8644,36.0926
2017,8,15,12,30,25.700000000000003,316,445,709,3.6,43.1199,33.9352
2017,8,15,13,0,25.6,395,228,595,3.7,36.1534,28.4510
2017,8,15,13,30,25.6,350,314,620,3.6,37.5591,29.5516
2017,8,15,14,0,25.5,312,372,621,3.6,37.4203,29.4324
2017,8,15,14,30,25.5,193,626,687,3.4000000000000004,41.0721,32.2879
2017,8,15,15,0,25.5,259,453,592,3.2,35.0073,27.4995
2017,8,15,15,30,25.400000000000002,272,315,485,2.9000000000000004,28.2600,22.1756
2017,8,15,16,0,25.3,323,81,372,2.6,21.2543,16.6527
2017,8,15,16,30,25,137,3,139,2.3000000000000003,7.7382,6.0493
2017,8,15,17,0,24.700000000000003,206,55,230,2.1,12.3735,9.6402
2017,8,15,17,30,24.200000000000003,28,0,28,1.8,1.4411,1.1168
2017,8,15,18,0,23.700000000000003,19,0,19,1.6,0.9293,0.7142
2017,8,15,18,30,23.1,9,0,9,1.7000000000000002,0.0000,0.0000
2017,8,15,19,0,22.6,11,0,11,1.7000000000000002,0.0000,0.0000
2017,8,15,19,30,22.5,0,0,0,2.1,0.0000,0.0000
2017,8,15,20,0,22.400000000000002,0,0,0,2.4000000000000004,0.0000,0.0000
2017,8,15,20,30,22.200000000000003,0,0,0,2.8000000000000003,0.0000,0.0000
2017,8,15,21,0,22.1,0,0,0,3.2,0.0000,0.0000
2017,8,15,21,30,21.8,0,0,0,3.5,0.0000,0.0000
2017,8,15,22,0,21.5,0,0,0,3.8000000000000003,0.0000,0.0000
2017,8,15,22,30,21.3,0,0,0,3.7,0.0000,0.0000
2017,8,15,23,0,21.1,0,0,0,3.6,0.0000,0.0000
2017,8,15,23,30,20.900000000000002,0,0,0,3.2,0.0000,0.0000
2017,8,16,0,0,20.6,0,0,0,2.8000000000000003,0.0000,0.0000
2017,8,16,0,30,20.400000000000002,0,0,0,2.6,0.0000,0.0000
2017,8,16,1,0,20.1,0,0,0,2.3000000000000003,0.0000,0.0000
2017,8,16,1,30,20,0,0,0,2.1,0.0000,0.0000
2017,8,16,2,0,19.8,0,0,0,2,0.0000,0.0000
2017,8,16,2,30,19.6,0,0,0,1.8,0.0000,0.0000
2017,8,16,3,0,19.400000000000002,0,0,0,1.6,0.0000,0.0000
2017,8,16,3,30,19.3,0,0,0,1.5,0.0000,0.0000
2017,8,16,4,0,19.1,0,0,0,1.4000000000000001,0.0000,0.0000
2017,8,16,4,30,19.1,0,0,0,1.6,0.0000,0.0000
2017,8,16,5,0,19,0,0,0,1.8,0.0000,0.0000
2017,8,16,5,30,19.400000000000002,0,0,0,2.2,0.0000,0.0000
2017,8,16,6,0,19.8,7,0,7,2.7,0.0000,0.0000
2017,8,16,6,30,20.400000000000002,12,0,12,2.9000000000000004,0.0000,0.0000
2017,8,16,7,0,21,7,0,7,3.1,0.3402,0.2611
2017,8,16,7,30,21.700000000000003,40,0,40,3.3000000000000003,2.0448,1.5832
2017,8,16,8,0,22.3,40,0,40,3.5,2.1401,1.6664
2017,8,16,8,30,22.8,153,5,156,3.5,8.6484,6.7583
2017,8,16,9,0,23.400000000000002,137,2,137,3.5,7.8022,6.1114
2017,8,16,9,30,23.8,255,8,260,3.4000000000000004,15.1113,11.8556
2017,8,16,10,0,24.200000000000003,212,4,215,3.2,12.6887,9.9661
2017,8,16,10,30,24.700000000000003,345,45,380,3.2,22.6833,17.8301
2017,8,16,11,0,25.3,386,113,479,3.1,28.8293,22.6735
2017,8,16,11,30,25.700000000000003,210,0,210,3.1,12.7100,9.9996
2017,8,16,12,0,26.1,270,1,271,3.1,16.4559,12.9494
2017,8,16,12,30,26.200000000000003,147,0,147,3.4000000000000004,8.9363,7.0327
2017,8,16,13,0,26.3,360,4,363,3.6,22.0467,17.3492
2017,8,16,13,30,26.3,392,16,405,4.1000000000000005,24.5224,19.2937
2017,8,16,14,0,26.200000000000003,118,0,118,4.5,7.1066,5.5894
2017,8,16,14,30,25.8,237,1,238,4.9,14.2202,11.1785
2017,8,16,15,0,25.3,155,0,155,5.300000000000001,9.1592,7.1946
2017,8,16,15,30,24.6,101,807,643,5.5,37.4342,29.3727
2017,8,16,16,0,23.900000000000002,312,70,354,5.7,20.2046,15.8289
2017,8,16,16,30,23.200000000000003,133,0,133,5.6000000000000005,7.3946,5.7800
2017,8,16,17,0,22.400000000000002,234,78,268,5.6000000000000005,14.3924,11.2110
2017,8,16,17,30,21.700000000000003,146,9,149,5.4,7.6524,5.9286
2017,8,16,18,0,20.900000000000002,17,0,17,5.1000000000000005,0.8297,0.6374
2017,8,16,18,30,20.200000000000003,23,0,23,5,0.0000,0.0000
2017,8,16,19,0,19.5,21,0,21,5,0.0000,0.0000
2017,8,16,19,30,19.200000000000003,0,0,0,5.2,0.0000,0.0000
2017,8,16,20,0,18.8,0,0,0,5.4,0.0000,0.0000
2017,8,16,20,30,18.5,0,0,0,5.300000000000001,0.0000,0.0000
2017,8,16,21,0,18.3,0,0,0,5.2,0.0000,0.0000
2017,8,16,21,30,18,0,0,0,5.1000000000000005,0.0000,0.0000
2017,8,16,22,0,17.7,0,0,0,4.9,0.0000,0.0000
2017,8,16,22,30,17.5,0,0,0,4.9,0.0000,0.0000
2017,8,16,23,0,17.3,0,0,0,4.800000000000001,0.0000,0.0000
2017,8,16,23,30,17.2,0,0,0,4.800000000000001,0.0000,0.0000
2017,8,17,0,0,17,0,0,0,4.800000000000001,0.0000,0.0000
2017,8,17,0,30,16.900000000000002,0,0,0,4.7,0.0000,0.0000
2017,8,17,1,0,16.8,0,0,0,4.7,0.0000,0.0000
2017,8,17,1,30,16.6,0,0,0,4.6000000000000005,0.0000,0.0000
2017,8,17,2,0,16.5,0,0,0,4.4,0.0000,0.0000
2017,8,17,2,30,16.3,0,0,0,4.2,0.0000,0.0000
2017,8,17,3,0,16.1,0,0,0,4,0.0000,0.0000
2017,8,17,3,30,15.9,0,0,0,3.8000000000000003,0.0000,0.0000
2017,8,17,4,0,15.700000000000001,0,0,0,3.6,0.0000,0.0000
2017,8,17,4,30,15.4,0,0,0,3.4000000000000004,0.0000,0.0000
2017,8,17,5,0,15.100000000000001,0,0,0,3.3000000000000003,0.0000,0.0000
2017,8,17,5,30,15.3,0,0,0,3.5,0.0000,0.0000
2017,8,17,6,0,15.5,19,216,32,3.8000000000000003,0.0000,0.0000
2017,8,17,6,30,16.3,42,428,106,3.9000000000000004,0.0000,0.0000
2017,8,17,7,0,17.1,58,578,199,4.1000000000000005,9.6584,7.4105
2017,8,17,7,30,18.400000000000002,70,674,297,4.4,15.1609,11.7357
2017,8,17,8,0,19.8,78,749,397,4.6000000000000005,21.2159,16.5174
2017,8,17,8,30,20.700000000000003,86,795,493,4.800000000000001,27.3051,21.3355
2017,8,17,9,0,21.700000000000003,92,833,584,5,33.2332,26.0295
2017,8,17,9,30,22.400000000000002,97,859,666,5,38.6831,30.3473
2017,8,17,10,0,23.1,101,883,742,5,43.7671,34.3746
2017,8,17,10,30,23.700000000000003,104,896,803,4.9,47.9100,37.6582
2017,8,17,11,0,24.200000000000003,105,912,854,4.800000000000001,51.3764,40.4051
2017,8,17,11,30,24.700000000000003,106,918,889,4.7,53.7824,42.3125
2017,8,17,12,0,25.1,105,927,913,4.5,55.4152,43.6061
2017,8,17,12,30,25.5,106,928,921,4.3,55.9642,44.0412
2017,8,17,13,0,25.900000000000002,109,919,910,4.1000000000000005,55.2434,43.4715
2017,8,17,13,30,26.1,108,914,889,3.9000000000000004,53.8021,42.3290
2017,8,17,14,0,26.3,113,891,848,3.8000000000000003,51.0436,40.1448
2017,8,17,14,30,26.400000000000002,110,879,798,3.6,47.6495,37.4555
2017,8,17,15,0,26.5,111,851,733,3.4000000000000004,43.2819,33.9961
2017,8,17,15,30,26.400000000000002,106,828,660,3,38.3893,30.1201
2017,8,17,16,0,26.3,103,789,575,2.6,32.7833,25.6812
2017,8,17,16,30,26,96,750,485,2.2,26.9281,21.0458
2017,8,17,17,0,25.700000000000003,90,690,389,1.8,20.8548,16.2419
2017,8,17,17,30,24.8,78,621,292,1.4000000000000001,14.9633,11.5891
2017,8,17,18,0,23.8,65,517,195,0.9,9.4971,7.2924
2017,8,17,18,30,23.6,46,383,106,0.7000000000000001,0.0000,0.0000
2017,8,17,19,0,23.400000000000002,21,188,33,0.6000000000000001,0.0000,0.0000
2017,8,17,19,30,22.8,0,0,0,0.7000000000000001,0.0000,0.0000
2017,8,17,20,0,22.1,0,0,0,0.8,0.0000,0.0000
2017,8,17,20,30,21.1,0,0,0,0.9,0.0000,0.0000
2017,8,17,21,0,20.1,0,0,0,1.1,0.0000,0.0000
2017,8,17,21,30,19.3,0,0,0,1.2000000000000002,0.0000,0.0000
2017,8,17,22,0,18.6,0,0,0,1.2000000000000002,0.0000,0.0000
2017,8,17,22,30,18.1,0,0,0,1.3,0.0000,0.0000
2017,8,17,23,0,17.7,0,0,0,1.4000000000000001,0.0000,0.0000
2017,8,17,23,30,17.5,0,0,0,1.5,0.0000,0.0000
2017,8,18,0,0,17.2,0,0,0,1.7000000000000002,0.0000,0.0000
2017,8,18,0,30,17,0,0,0,1.7000000000000002,0.0000,0.0000
2017,8,18,1,0,16.8,0,0,0,1.8,0.0000,0.0000
2017,8,18,1,30,16.7,0,0,0,1.8,0.0000,0.0000
2017,8,18,2,0,16.6,0,0,0,1.9000000000000001,0.0000,0.0000
2017,8,18,2,30,16.5,0,0,0,1.9000000000000001,0.0000,0.0000
2017,8,18,3,0,16.400000000000002,0,0,0,1.9000000000000001,0.0000,0.0000
2017,8,18,3,30,16.5,0,0,0,1.8,0.0000,0.0000
2017,8,18,4,0,16.6,0,0,0,1.8,0.0000,0.0000
2017,8,18,4,30,16.7,0,0,0,1.6,0.0000,0.0000
2017,8,18,5,0,16.7,0,0,0,1.5,0.0000,0.0000
2017,8,18,5,30,17,0,0,0,1.9000000000000001,0.0000,0.0000
2017,8,18,6,0,17.2,19,133,27,2.2,0.0000,0.0000
2017,8,18,6,30,17.900000000000002,46,325,94,2.5,0.0000,0.0000
2017,8,18,7,0,18.5,65,484,181,2.8000000000000003,8.7729,6.7289
2017,8,18,7,30,19.700000000000003,79,587,276,3,14.0672,10.8867
2017,8,18,8,0,20.900000000000002,89,672,374,3.3000000000000003,19.9619,15.5389
2017,8,18,8,30,22,98,728,469,3.6,25.9508,20.2755
2017,8,18,9,0,23.1,105,775,561,3.9000000000000004,31.8991,24.9830
2017,8,18,9,30,24,111,809,645,3.9000000000000004,37.4389,29.3698
2017,8,18,10,0,24.900000000000002,113,838,719,3.9000000000000004,42.3860,33.2885
2017,8,18,10,30,25.700000000000003,117,856,781,3.8000000000000003,46.5734,36.6064
2017,8,18,11,0,26.5,117,874,833,3.7,50.0888,39.3912
2017,8,18,11,30,27.1,119,883,869,3.5,52.5488,41.3408
2017,8,18,12,0,27.6,335,480,752,3.3000000000000003,45.6233,35.8999
2017,8,18,12,30,27.900000000000002,306,591,823,3,49.9868,39.3362
2017,8,18,13,0,28.200000000000003,128,872,887,2.7,53.8215,42.3513
2017,8,18,13,30,28.3,126,865,863,2.5,52.2011,41.0681
2017,8,18,14,0,28.400000000000002,131,841,823,2.2,49.5105,38.9376
2017,8,18,14,30,28.400000000000002,129,826,773,2.2,46.1272,36.2573
2017,8,18,15,0,28.3,125,806,711,2.1,41.9511,32.9491
2017,8,18,15,30,28.1,120,782,639,2.1,37.1351,29.1341
2017,8,18,16,0,27.900000000000002,120,731,554,2.2,31.5507,24.7133
2017,8,18,16,30,27.400000000000002,112,690,467,2,25.8913,20.2327
2017,8,18,17,0,27,103,627,373,1.8,19.9595,15.5415
2017,8,18,17,30,25.8,89,554,278,1.5,14.2140,11.0053
2017,8,18,18,0,24.6,70,461,184,1.1,8.9428,6.8636
2017,8,18,18,30,23.3,48,327,98,1.1,0.0000,0.0000
2017,8,18,19,0,21.900000000000002,20,149,29,1.1,0.0000,0.0000
2017,8,18,19,30,21.5,0,0,0,1.1,0.0000,0.0000
2017,8,18,20,0,21,0,0,0,1.2000000000000002,0.0000,0.0000
2017,8,18,20,30,20.6,0,0,0,1.3,0.0000,0.0000
2017,8,18,21,0,20.1,0,0,0,1.4000000000000001,0.0000,0.0000
2017,8,18,21,30,19.700000000000003,0,0,0,1.6,0.0000,0.0000
2017,8,18,22,0,19.3,0,0,0,1.8,0.0000,0.0000
2017,8,18,22,30,18.7,0,0,0,1.9000000000000001,0.0000,0.0000
2017,8,18,23,0,18.2,0,0,0,2,0.0000,0.0000
2017,8,18,23,30,17.6,0,0,0,2,0.0000,0.0000
2017,8,19,0,0,17,0,0,0,1.9000000000000001,0.0000,0.0000
2017,8,19,0,30,16.400000000000002,0,0,0,1.8,0.0000,0.0000
2017,8,19,1,0,15.8,0,0,0,1.6,0.0000,0.0000
2017,8,19,1,30,15.4,0,0,0,1.5,0.0000,0.0000
2017,8,19,2,0,14.9,0,0,0,1.4000000000000001,0.0000,0.0000
2017,8,19,2,30,14.5,0,0,0,1.3,0.0000,0.0000
2017,8,19,3,0,14.100000000000001,0,0,0,1.2000000000000002,0.0000,0.0000
2017,8,19,3,30,13.8,0,0,0,1.1,0.0000,0.0000
2017,8,19,4,0,13.5,0,0,0,1,0.0000,0.0000
2017,8,19,4,30,13.4,0,0,0,1,0.0000,0.0000
2017,8,19,5,0,13.3,0,0,0,0.9,0.0000,0.0000
2017,8,19,5,30,14.200000000000001,0,0,0,0.9,0.0000,0.0000
2017,8,19,6,0,15.200000000000001,18,128,24,0.9,0.0000,0.0000
2017,8,19,6,30,16.2,47,308,92,0.9,0.0000,0.0000
2017,8,19,7,0,17.2,73,440,178,0.9,8.6167,6.6072
2017,8,19,7,30,18.5,93,540,272,0.8,13.8432,10.7111
2017,8,19,8,0,19.8,109,609,366,0.8,19.5103,15.1853
2017,8,19,8,30,21.200000000000003,122,667,460,1,25.4266,19.8640
2017,8,19,9,0,22.6,123,734,553,1.3,31.4192,24.6055
2017,8,19,9,30,23.900000000000002,130,768,635,1.4000000000000001,36.8341,28.8939
2017,8,19,10,0,25.1,140,784,705,1.5,41.5365,32.6200
2017,8,19,10,30,25.900000000000002,145,802,766,1.7000000000000002,45.6552,35.8834
2017,8,19,11,0,26.6,151,813,815,1.9000000000000001,48.9833,38.5206
2017,8,19,11,30,27.1,155,821,851,2.1,51.4368,40.4649
2017,8,19,12,0,27.700000000000003,139,852,878,2.3000000000000003,53.2432,41.8946
2017,8,19,12,30,28.1,140,854,886,2.5,53.7880,42.3263
2017,8,19,13,0,28.6,135,857,878,2.6,53.2495,41.8999
2017,8,19,13,30,28.900000000000002,134,850,855,2.7,51.6904,40.6650
2017,8,19,14,0,29.200000000000003,129,842,819,2.8000000000000003,49.2414,38.7245
2017,8,19,14,30,29.3,127,829,770,2.8000000000000003,45.9175,36.0908
2017,8,19,15,0,29.5,123,807,707,2.9000000000000004,41.6832,32.7368
2017,8,19,15,30,29.3,118,780,634,2.7,36.8093,28.8764
2017,8,19,16,0,29.200000000000003,115,740,552,2.5,31.3998,24.5928
2017,8,19,16,30,28.700000000000003,107,697,463,2.2,25.6319,20.0273
2017,8,19,17,0,28.200000000000003,99,633,368,1.8,19.6561,15.3021
2017,8,19,17,30,26.900000000000002,86,559,273,1.5,13.9269,10.7796
2017,8,19,18,0,25.5,68,468,181,1.1,8.7792,6.7349
2017,8,19,18,30,24.3,46,327,95,1.3,0.0000,0.0000
2017,8,19,19,0,23.1,17,0,17,1.4000000000000001,0.0000,0.0000
2017,8,19,19,30,22.8,0,0,0,1.8,0.0000,0.0000
2017,8,19,20,0,22.5,0,0,0,2.2,0.0000,0.0000
2017,8,19,20,30,22.400000000000002,0,0,0,2.6,0.0000,0.0000
2017,8,19,21,0,22.3,0,0,0,3.1,0.0000,0.0000
2017,8,19,21,30,22,0,0,0,3.3000000000000003,0.0000,0.0000
2017,8,19,22,0,21.700000000000003,0,0,0,3.5,0.0000,0.0000
2017,8,19,22,30,21.5,0,0,0,3.5,0.0000,0.0000
2017,8,19,23,0,21.200000000000003,0,0,0,3.4000000000000004,0.0000,0.0000
2017,8,19,23,30,21,0,0,0,3.1,0.0000,0.0000
2017,8,20,0,0,20.700000000000003,0,0,0,2.7,0.0000,0.0000
2017,8,20,0,30,20.200000000000003,0,0,0,2.1,0.0000,0.0000
2017,8,20,1,0,19.700000000000003,0,0,0,1.5,0.0000,0.0000
2017,8,20,1,30,19.400000000000002,0,0,0,1.2000000000000002,0.0000,0.0000
2017,8,20,2,0,19.1,0,0,0,0.9,0.0000,0.0000
2017,8,20,2,30,19,0,0,0,1,0.0000,0.0000
2017,8,20,3,0,18.900000000000002,0,0,0,1.1,0.0000,0.0000
2017,8,20,3,30,18.900000000000002,0,0,0,1.2000000000000002,0.0000,0.0000
2017,8,20,4,0,18.900000000000002,0,0,0,1.3,0.0000,0.0000
2017,8,20,4,30,18.8,0,0,0,1.7000000000000002,0.0000,0.0000
2017,8,20,5,0,18.7,0,0,0,2.1,0.0000,0.0000
2017,8,20,5,30,18.900000000000002,0,0,0,2.6,0.0000,0.0000
2017,8,20,6,0,19.1,17,0,17,3.1,0.0000,0.0000
2017,8,20,6,30,19.6,48,274,87,3.2,0.0000,0.0000
2017,8,20,7,0,20.200000000000003,72,417,170,3.3000000000000003,8.2188,6.3001
2017,8,20,7,30,21.200000000000003,90,522,262,3.5,13.3136,10.2990
2017,8,20,8,0,22.200000000000003,99,618,358,3.7,19.0597,14.8324
2017,8,20,8,30,23.3,110,675,451,3.8000000000000003,24.9047,19.4545
2017,8,20,9,0,24.400000000000002,111,739,542,4,30.7695,24.0951
2017,8,20,9,30,25.400000000000002,118,770,623,4.1000000000000005,36.1140,28.3276
2017,8,20,10,0,26.3,119,804,696,4.2,40.9821,32.1833
2017,8,20,10,30,27,123,823,757,4.3,45.0951,35.4419
2017,8,20,11,0,27.700000000000003,125,836,806,4.3,48.4184,38.0751
2017,8,20,11,30,28.200000000000003,127,846,841,4.3,50.8081,39.9690
2017,8,20,12,0,28.6,461,147,588,4.2,35.6406,28.0432
2017,8,20,12,30,28.8,463,253,683,4.1000000000000005,41.4443,32.6120
2017,8,20,13,0,29.1,125,854,863,3.9000000000000004,52.3132,41.1619
2017,8,20,13,30,29.1,124,849,842,3.7,50.8769,40.0236
2017,8,20,14,0,29.200000000000003,124,836,805,3.5,48.3703,38.0380
2017,8,20,14,30,29.200000000000003,121,822,757,3.3000000000000003,45.1116,35.4558
2017,8,20,15,0,29.200000000000003,114,810,697,3.1,41.0606,32.2460
2017,8,20,15,30,29.1,109,786,626,2.8000000000000003,36.3108,28.4833
2017,8,20,16,0,28.900000000000002,104,753,545,2.6,30.9647,24.2496
2017,8,20,16,30,28.6,96,711,457,2.3000000000000003,25.2623,19.7357
2017,8,20,17,0,28.200000000000003,87,659,365,1.9000000000000001,19.4585,15.1450
2017,8,20,17,30,27.3,76,586,270,1.6,13.7414,10.6324
2017,8,20,18,0,26.3,114,12,117,1.2000000000000002,5.6633,4.3425
2017,8,20,18,30,25.3,58,2,58,1.3,0.0000,0.0000
2017,8,20,19,0,24.200000000000003,11,0,11,1.4000000000000001,0.0000,0.0000
2017,8,20,19,30,24,0,0,0,1.7000000000000002,0.0000,0.0000
2017,8,20,20,0,23.700000000000003,0,0,0,2,0.0000,0.0000
2017,8,20,20,30,23.400000000000002,0,0,0,2,0.0000,0.0000
2017,8,20,21,0,23.1,0,0,0,2.1,0.0000,0.0000
2017,8,20,21,30,22.8,0,0,0,2,0.0000,0.0000
2017,8,20,22,0,22.6,0,0,0,2,0.0000,0.0000
2017,8,20,22,30,22.5,0,0,0,2,0.0000,0.0000
2017,8,20,23,0,22.400000000000002,0,0,0,2,0.0000,0.0000
2017,8,20,23,30,22.400000000000002,0,0,0,1.9000000000000001,0.0000,0.0000
2017,8,21,0,0,22.3,0,0,0,1.8,0.0000,0.0000
2017,8,21,0,30,22.200000000000003,0,0,0,1.7000000000000002,0.0000,0.0000
2017,8,21,1,0,22.1,0,0,0,1.7000000000000002,0.0000,0.0000
2017,8,21,1,30,22.1,0,0,0,1.7000000000000002,0.0000,0.0000
2017,8,21,2,0,22,0,0,0,1.7000000000000002,0.0000,0.0000
2017,8,21,2,30,22,0,0,0,1.8,0.0000,0.0000
2017,8,21,3,0,21.900000000000002,0,0,0,1.8,0.0000,0.0000
2017,8,21,3,30,21.8,0,0,0,2,0.0000,0.0000
2017,8,21,4,0,21.700000000000003,0,0,0,2.1,0.0000,0.0000
2017,8,21,4,30,21.5,0,0,0,2.2,0.0000,0.0000
2017,8,21,5,0,21.400000000000002,0,0,0,2.3000000000000003,0.0000,0.0000
2017,8,21,5,30,21.5,0,0,0,2.6,0.0000,0.0000
2017,8,21,6,0,21.6,15,0,15,2.8000000000000003,0.0000,0.0000
2017,8,21,6,30,21.900000000000002,52,1,52,3.1,0.0000,0.0000
2017,8,21,7,0,22.3,65,446,169,3.3000000000000003,8.1601,6.2531
2017,8,21,7,30,23,82,550,261,3.5,13.2422,10.2414
2017,8,21,8,0,23.6,92,635,356,3.7,18.9290,14.7286
2017,8,21,8,30,24.1,193,425,406,3.9000000000000004,22.3963,17.4933
2017,8,21,9,0,24.700000000000003,186,506,480,4.2,27.2277,21.3201
2017,8,21,9,30,25.1,114,772,619,4.4,35.8568,28.1243
2017,8,21,10,0,25.5,207,542,595,4.7,35.0142,27.4956
2017,8,21,10,30,25.900000000000002,123,818,752,4.800000000000001,44.7735,35.1879
2017,8,21,11,0,26.3,227,582,700,4.9,42.0296,33.0500
2017,8,21,11,30,26.700000000000003,127,842,836,4.9,50.4815,39.7109
2017,8,21,12,0,27.1,129,846,857,4.9,51.9203,40.8513
2017,8,21,12,30,27.3,130,848,865,4.9,52.4627,41.2808
2017,8,21,13,0,27.5,128,846,857,4.800000000000001,51.9227,40.8533
2017,8,21,13,30,27.5,127,841,836,4.800000000000001,50.4866,39.7151
2017,8,21,14,0,27.5,125,831,799,4.7,47.9803,37.7297
2017,8,21,14,30,27.400000000000002,341,13,351,4.3,20.9021,16.4274
2017,8,21,15,0,27.200000000000003,304,183,435,3.9000000000000004,25.6052,20.1073
2017,8,21,15,30,26.900000000000002,293,46,323,3.3000000000000003,18.7164,14.6806
2017,8,21,16,0,26.700000000000003,90,1,90,2.6,5.1073,3.9993
2017,8,21,16,30,26.1,101,691,448,2.1,24.7262,19.3140
2017,8,21,17,0,25.6,92,633,356,1.5,18.9419,14.7397
2017,8,21,17,30,25,161,77,186,1.2000000000000002,9.4439,7.3046
2017,8,21,18,0,24.3,72,7,74,1,3.5749,2.7398
2017,8,21,18,30,23.900000000000002,37,2,37,0.8,0.0000,0.0000
2017,8,21,19,0,23.5,8,0,8,0.7000000000000001,0.0000,0.0000
2017,8,21,19,30,23.400000000000002,0,0,0,0.6000000000000001,0.0000,0.0000
2017,8,21,20,0,23.3,0,0,0,0.5,0.0000,0.0000
2017,8,21,20,30,22.900000000000002,0,0,0,1,0.0000,0.0000
2017,8,21,21,0,22.5,0,0,0,1.5,0.0000,0.0000
2017,8,21,21,30,22.1,0,0,0,2.2,0.0000,0.0000
2017,8,21,22,0,21.8,0,0,0,3,0.0000,0.0000
2017,8,21,22,30,21.200000000000003,0,0,0,3.4000000000000004,0.0000,0.0000
2017,8,21,23,0,20.6,0,0,0,3.8000000000000003,0.0000,0.0000
2017,8,21,23,30,19.8,0,0,0,3.7,0.0000,0.0000
2017,8,22,0,0,19,0,0,0,3.7,0.0000,0.0000
2017,8,22,0,30,18.2,0,0,0,3.5,0.0000,0.0000
2017,8,22,1,0,17.5,0,0,0,3.4000000000000004,0.0000,0.0000
2017,8,22,1,30,16.8,0,0,0,3.2,0.0000,0.0000
2017,8,22,2,0,16.1,0,0,0,3.1,0.0000,0.0000
2017,8,22,2,30,15.5,0,0,0,2.9000000000000004,0.0000,0.0000
2017,8,22,3,0,14.9,0,0,0,2.7,0.0000,0.0000
2017,8,22,3,30,14.4,0,0,0,2.5,0.0000,0.0000
2017,8,22,4,0,13.8,0,0,0,2.4000000000000004,0.0000,0.0000
2017,8,22,4,30,13.4,0,0,0,2.3000000000000003,0.0000,0.0000
2017,8,22,5,0,13,0,0,0,2.2,0.0000,0.0000
2017,8,22,5,30,13.200000000000001,0,0,0,2.5,0.0000,0.0000
2017,8,22,6,0,13.5,15,244,26,2.7,0.0000,0.0000
2017,8,22,6,30,14.200000000000001,34,486,100,2.9000000000000004,0.0000,0.0000
2017,8,22,7,0,14.9,47,638,193,3.2,9.3075,7.1301
2017,8,22,7,30,16.1,57,733,293,3.1,14.8426,11.4765
2017,8,22,8,0,17.400000000000002,64,800,395,3.1,20.9757,16.3188
2017,8,22,8,30,18.7,70,844,491,3.4000000000000004,27.0583,21.1326
2017,8,22,9,0,20.1,74,880,584,3.7,33.0985,25.9152
2017,8,22,9,30,20.8,78,907,668,3.8000000000000003,38.6676,30.3273
2017,8,22,10,0,21.400000000000002,82,924,741,3.9000000000000004,43.5786,34.2193
2017,8,22,10,30,21.8,84,939,804,3.9000000000000004,47.8428,37.5986
2017,8,22,11,0,22.200000000000003,87,950,855,4,51.3101,40.3464
2017,8,22,11,30,22.5,88,957,892,4,53.8366,42.3488
2017,8,22,12,0,22.8,88,960,912,4,55.2252,43.4502
2017,8,22,12,30,23,88,962,920,3.9000000000000004,55.7701,43.8820
2017,8,22,13,0,23.200000000000003,88,961,912,3.9000000000000004,55.2260,43.4509
2017,8,22,13,30,23.3,87,954,887,3.9000000000000004,53.5357,42.1121
2017,8,22,14,0,23.3,85,947,851,3.8000000000000003,51.0710,40.1585
2017,8,22,14,30,23.3,83,936,800,3.8000000000000003,47.6059,37.4125
2017,8,22,15,0,23.200000000000003,81,919,737,3.7,43.3446,34.0357
2017,8,22,15,30,23,78,896,661,3.5,38.2638,30.0107
2017,8,22,16,0,22.8,75,866,576,3.4000000000000004,32.6451,25.5602
2017,8,22,16,30,22.3,70,831,485,2.8000000000000003,26.7260,20.8730
2017,8,22,17,0,21.900000000000002,65,778,386,2.3000000000000003,20.4962,15.9456
2017,8,22,17,30,20.700000000000003,57,711,286,1.6,14.4853,11.1999
2017,8,22,18,0,19.400000000000002,48,608,187,1,9.0162,6.9066
2017,8,22,18,30,18.5,34,461,96,1,0.0000,0.0000
2017,8,22,19,0,17.6,15,214,24,1,0.0000,0.0000
2017,8,22,19,30,17.7,0,0,0,0.9,0.0000,0.0000
2017,8,22,20,0,17.8,0,0,0,0.8,0.0000,0.0000
2017,8,22,20,30,18.2,0,0,0,0.7000000000000001,0.0000,0.0000
2017,8,22,21,0,18.5,0,0,0,0.5,0.0000,0.0000
2017,8,22,21,30,18.400000000000002,0,0,0,0.30000000000000004,0.0000,0.0000
2017,8,22,22,0,18.400000000000002,0,0,0,0.1,0.0000,0.0000
2017,8,22,22,30,18,0,0,0,0.30000000000000004,0.0000,0.0000
2017,8,22,23,0,17.6,0,0,0,0.5,0.0000,0.0000
2017,8,22,23,30,17,0,0,0,0.6000000000000001,0.0000,0.0000
2017,8,23,0,0,16.400000000000002,0,0,0,0.7000000000000001,0.0000,0.0000
2017,8,23,0,30,15.9,0,0,0,0.8,0.0000,0.0000
2017,8,23,1,0,15.4,0,0,0,0.9,0.0000,0.0000
2017,8,23,1,30,15.100000000000001,0,0,0,1,0.0000,0.0000
2017,8,23,2,0,14.700000000000001,0,0,0,1,0.0000,0.0000
2017,8,23,2,30,14.4,0,0,0,1,0.0000,0.0000
2017,8,23,3,0,14.100000000000001,0,0,0,1.1,0.0000,0.0000
2017,8,23,3,30,13.700000000000001,0,0,0,1.1,0.0000,0.0000
2017,8,23,4,0,13.3,0,0,0,1.1,0.0000,0.0000
2017,8,23,4,30,12.9,0,0,0,1.1,0.0000,0.0000
2017,8,23,5,0,12.4,0,0,0,1.1,0.0000,0.0000
2017,8,23,5,30,13.100000000000001,0,0,0,1.2000000000000002,0.0000,0.0000
2017,8,23,6,0,13.9,15,152,21,1.3,0.0000,0.0000
2017,8,23,6,30,15.200000000000001,39,378,88,1.9000000000000001,0.0000,0.0000
2017,8,23,7,0,16.5,57,525,176,2.5,8.4776,6.4923
2017,8,23,7,30,17.7,71,628,272,2.5,13.7572,10.6347
2017,8,23,8,0,18.8,83,696,369,2.4000000000000004,19.5697,15.2226
2017,8,23,8,30,20.3,91,748,463,2.6,25.4881,19.9043
2017,8,23,9,0,21.700000000000003,100,785,552,2.9000000000000004,31.2576,24.4721
2017,8,23,9,30,22.400000000000002,106,816,635,2.8000000000000003,36.7310,28.8068
2017,8,23,10,0,23.1,113,835,706,2.7,41.4952,32.5819
2017,8,23,10,30,23.6,117,853,769,2.6,45.7342,35.9402
2017,8,23,11,0,24.1,121,862,816,2.5,48.9435,38.4841
2017,8,23,11,30,24.5,123,871,852,2.5,51.3967,40.4283
2017,8,23,12,0,24.900000000000002,108,903,880,2.4000000000000004,53.2607,41.9033
2017,8,23,12,30,25.1,108,902,885,2.4000000000000004,53.6208,42.1894
2017,8,23,13,0,25.400000000000002,108,900,878,2.5,53.1380,41.8066
2017,8,23,13,30,25.5,107,893,854,2.5,51.5138,40.5202
2017,8,23,14,0,25.6,106,883,817,2.6,48.9986,38.5272
2017,8,23,14,30,25.6,103,871,767,2.6,45.6088,35.8413
2017,8,23,15,0,25.6,101,850,703,2.7,41.3093,32.4354
2017,8,23,15,30,25.400000000000002,97,826,631,2.7,36.4890,28.6164
2017,8,23,16,0,25.200000000000003,92,793,548,2.6,31.0183,24.2839
2017,8,23,16,30,24.8,86,753,458,2.3000000000000003,25.1978,19.6765
2017,8,23,17,0,24.3,78,696,363,2.1,19.2352,14.9610
2017,8,23,17,30,23.1,68,623,267,1.6,13.4894,10.4259
2017,8,23,18,0,21.8,56,514,171,1.2000000000000002,8.2295,6.3008
2017,8,23,18,30,20.5,38,361,85,1.2000000000000002,0.0000,0.0000
2017,8,23,19,0,19.1,14,133,19,1.3,0.0000,0.0000
2017,8,23,19,30,18.8,0,0,0,1.5,0.0000,0.0000
2017,8,23,20,0,18.400000000000002,0,0,0,1.7000000000000002,0.0000,0.0000
2017,8,23,20,30,18.3,0,0,0,2,0.0000,0.0000
2017,8,23,21,0,18.1,0,0,0,2.4000000000000004,0.0000,0.0000
2017,8,23,21,30,17.900000000000002,0,0,0,2.7,0.0000,0.0000
2017,8,23,22,0,17.6,0,0,0,3,0.0000,0.0000
2017,8,23,22,30,17.2,0,0,0,3,0.0000,0.0000
2017,8,23,23,0,16.8,0,0,0,3,0.0000,0.0000
2017,8,23,23,30,16.5,0,0,0,2.9000000000000004,0.0000,0.0000
2017,8,24,0,0,16.1,0,0,0,2.9000000000000004,0.0000,0.0000
2017,8,24,0,30,15.8,0,0,0,2.8000000000000003,0.0000,0.0000
2017,8,24,1,0,15.5,0,0,0,2.7,0.0000,0.0000
2017,8,24,1,30,15.3,0,0,0,2.6,0.0000,0.0000
2017,8,24,2,0,15.100000000000001,0,0,0,2.6,0.0000,0.0000
2017,8,24,2,30,15,0,0,0,2.6,0.0000,0.0000
2017,8,24,3,0,14.8,0,0,0,2.6,0.0000,0.0000
2017,8,24,3,30,14.8,0,0,0,2.6,0.0000,0.0000
2017,8,24,4,0,14.700000000000001,0,0,0,2.6,0.0000,0.0000
2017,8,24,4,30,14.700000000000001,0,0,0,2.7,0.0000,0.0000
2017,8,24,5,0,14.8,0,0,0,2.8000000000000003,0.0000,0.0000
2017,8,24,5,30,15.100000000000001,0,0,0,3.1,0.0000,0.0000
2017,8,24,6,0,15.4,8,0,8,3.4000000000000004,0.0000,0.0000
2017,8,24,6,30,16,27,0,27,3.4000000000000004,0.0000,0.0000
2017,8,24,7,0,16.7,46,1,46,3.4000000000000004,2.2132,1.6944
2017,8,24,7,30,17.8,70,2,71,3.6,3.5854,2.7710
2017,8,24,8,0,18.8,195,43,213,3.7,11.2807,8.7735
2017,8,24,8,30,20.200000000000003,254,138,322,4.1000000000000005,17.7071,13.8264
2017,8,24,9,0,21.5,272,256,419,4.5,23.7055,18.5581
2017,8,24,9,30,22.400000000000002,325,174,437,4.6000000000000005,25.2595,19.8090
2017,8,24,10,0,23.400000000000002,340,280,538,4.800000000000001,31.6007,24.8117
2017,8,24,10,30,24.1,141,794,744,4.800000000000001,44.2221,34.7506
2017,8,24,11,0,24.8,283,491,677,4.9,40.5844,31.9102
2017,8,24,11,30,25.3,146,818,828,4.9,49.9229,39.2676
2017,8,24,12,0,25.8,266,582,762,4.800000000000001,46.0955,36.2648
2017,8,24,12,30,26.1,386,93,465,4.800000000000001,28.1589,22.1550
2017,8,24,13,0,26.400000000000002,185,0,185,4.7,11.1903,8.8037
2017,8,24,13,30,26.5,366,178,514,4.5,30.9859,24.3722
2017,8,24,14,0,26.6,266,558,713,4.3,42.7330,33.5991
2017,8,24,14,30,26.400000000000002,252,546,666,4,39.5726,31.0962
2017,8,24,15,0,26.200000000000003,176,690,663,3.6,38.9247,30.5611
2017,8,24,15,30,25.900000000000002,167,662,592,3.2,34.1975,26.8171
2017,8,24,16,0,25.700000000000003,161,613,510,2.8000000000000003,28.8298,22.5680
2017,8,24,16,30,25,147,563,423,2.5,23.2332,18.1393
2017,8,24,17,0,24.3,134,486,330,2.1,17.4487,13.5681
2017,8,24,17,30,23.3,111,404,238,2,11.9942,9.2668
2017,8,24,18,0,22.3,117,21,122,2,5.8612,4.4853
2017,8,24,18,30,21.6,58,3,58,2.3000000000000003,0.0000,0.0000
2017,8,24,19,0,20.900000000000002,11,0,11,2.6,0.0000,0.0000
2017,8,24,19,30,20.6,0,0,0,3,0.0000,0.0000
2017,8,24,20,0,20.200000000000003,0,0,0,3.4000000000000004,0.0000,0.0000
2017,8,24,20,30,19.8,0,0,0,3.5,0.0000,0.0000
2017,8,24,21,0,19.400000000000002,0,0,0,3.6,0.0000,0.0000
2017,8,24,21,30,19,0,0,0,3.7,0.0000,0.0000
2017,8,24,22,0,18.7,0,0,0,3.8000000000000003,0.0000,0.0000
2017,8,24,22,30,18.6,0,0,0,3.8000000000000003,0.0000,0.0000
2017,8,24,23,0,18.400000000000002,0,0,0,3.9000000000000004,0.0000,0.0000
2017,8,24,23,30,18.400000000000002,0,0,0,4.1000000000000005,0.0000,0.0000
2017,8,25,0,0,18.400000000000002,0,0,0,4.2,0.0000,0.0000
2017,8,25,0,30,18.400000000000002,0,0,0,4.2,0.0000,0.0000
2017,8,25,1,0,18.3,0,0,0,4.1000000000000005,0.0000,0.0000
2017,8,25,1,30,18.2,0,0,0,4,0.0000,0.0000
2017,8,25,2,0,18,0,0,0,3.8000000000000003,0.0000,0.0000
2017,8,25,2,30,17.900000000000002,0,0,0,3.8000000000000003,0.0000,0.0000
2017,8,25,3,0,17.7,0,0,0,3.9000000000000004,0.0000,0.0000
2017,8,25,3,30,17.6,0,0,0,4,0.0000,0.0000
2017,8,25,4,0,17.6,0,0,0,4,0.0000,0.0000
2017,8,25,4,30,17.400000000000002,0,0,0,4,0.0000,0.0000
2017,8,25,5,0,17.3,0,0,0,4,0.0000,0.0000
2017,8,25,5,30,17.3,0,0,0,4,0.0000,0.0000
2017,8,25,6,0,17.3,6,0,6,4.1000000000000005,0.0000,0.0000
2017,8,25,6,30,17.7,24,0,24,4.2,0.0000,0.0000
2017,8,25,7,0,18.1,69,4,70,4.3,3.3640,2.5746
2017,8,25,7,30,18.8,127,20,134,4.5,6.7555,5.2197
2017,8,25,8,0,19.400000000000002,170,29,182,4.6000000000000005,9.6262,7.4856
2017,8,25,8,30,20.200000000000003,238,162,317,4.7,17.4132,13.5956
2017,8,25,9,0,21.1,269,231,400,4.9,22.6106,17.6995
2017,8,25,9,30,22.1,304,120,381,5,22.0065,17.2569
2017,8,25,10,0,23.1,196,4,199,5.1000000000000005,11.6809,9.1709
2017,8,25,10,30,24,248,8,254,5.2,15.0886,11.8564
2017,8,25,11,0,24.900000000000002,367,70,423,5.300000000000001,25.3439,19.9264
2017,8,25,11,30,25.5,392,154,520,5.300000000000001,31.3359,24.6469
2017,8,25,12,0,26.1,387,82,456,5.300000000000001,27.5700,21.6895
2017,8,25,12,30,26.5,429,68,487,5.2,29.4750,23.1897
2017,8,25,13,0,26.900000000000002,424,357,727,5.2,43.9498,34.5753
2017,8,25,13,30,27,399,394,726,5.1000000000000005,43.7396,34.4024
2017,8,25,14,0,27.1,448,173,586,4.9,35.0970,27.5940
2017,8,25,14,30,27.1,146,774,731,4.7,43.4012,34.1028
2017,8,25,15,0,27,147,741,667,4.6000000000000005,39.1235,30.7152
2017,8,25,15,30,26.6,140,712,595,4.2,34.3327,26.9208
2017,8,25,16,0,26.3,133,672,514,3.9000000000000004,29.0163,22.7113
2017,8,25,16,30,25.700000000000003,122,625,426,3.5,23.3581,18.2339
2017,8,25,17,0,25,110,559,333,3,17.5702,13.6591
2017,8,25,17,30,24,92,476,240,2.7,12.0636,9.3165
2017,8,25,18,0,23,71,366,150,2.5,7.1943,5.5027
2017,8,25,18,30,22.3,43,219,69,2.8000000000000003,0.0000,0.0000
2017,8,25,19,0,21.700000000000003,9,0,9,3.1,0.0000,0.0000
2017,8,25,19,30,21.3,0,0,0,3.5,0.0000,0.0000
2017,8,25,20,0,20.900000000000002,0,0,0,3.9000000000000004,0.0000,0.0000
2017,8,25,20,30,20.3,0,0,0,4.1000000000000005,0.0000,0.0000
2017,8,25,21,0,19.8,0,0,0,4.2,0.0000,0.0000
2017,8,25,21,30,19.400000000000002,0,0,0,4.1000000000000005,0.0000,0.0000
2017,8,25,22,0,19,0,0,0,4,0.0000,0.0000
2017,8,25,22,30,18.8,0,0,0,4.1000000000000005,0.0000,0.0000
2017,8,25,23,0,18.6,0,0,0,4.1000000000000005,0.0000,0.0000
2017,8,25,23,30,18.400000000000002,0,0,0,4.1000000000000005,0.0000,0.0000
2017,8,26,0,0,18.3,0,0,0,4,0.0000,0.0000
2017,8,26,0,30,18,0,0,0,3.9000000000000004,0.0000,0.0000
2017,8,26,1,0,17.8,0,0,0,3.8000000000000003,0.0000,0.0000
2017,8,26,1,30,17.6,0,0,0,3.7,0.0000,0.0000
2017,8,26,2,0,17.3,0,0,0,3.5,0.0000,0.0000
2017,8,26,2,30,17.1,0,0,0,3.5,0.0000,0.0000
2017,8,26,3,0,17,0,0,0,3.5,0.0000,0.0000
2017,8,26,3,30,17,0,0,0,3.4000000000000004,0.0000,0.0000
2017,8,26,4,0,16.900000000000002,0,0,0,3.4000000000000004,0.0000,0.0000
2017,8,26,4,30,16.900000000000002,0,0,0,3.3000000000000003,0.0000,0.0000
2017,8,26,5,0,16.8,0,0,0,3.3000000000000003,0.0000,0.0000
2017,8,26,5,30,17,0,0,0,3.4000000000000004,0.0000,0.0000
2017,8,26,6,0,17.1,11,39,12,3.5,0.0000,0.0000
2017,8,26,6,30,17.6,45,191,69,3.5,0.0000,0.0000
2017,8,26,7,0,18.2,76,336,149,3.6,7.1531,5.4727
2017,8,26,7,30,19.200000000000003,144,60,162,3.8000000000000003,8.1543,6.2988
2017,8,26,8,0,20.200000000000003,113,546,333,4,17.5881,13.6747
2017,8,26,8,30,21.400000000000002,127,608,424,4.2,23.2641,18.1617
2017,8,26,9,0,22.6,313,166,407,4.4,22.9857,17.9918
2017,8,26,9,30,23.6,360,119,436,4.3,25.1637,19.7316
2017,8,26,10,0,24.700000000000003,295,5,299,4.3,17.5392,13.7698
2017,8,26,10,30,25.400000000000002,344,15,356,4.1000000000000005,21.1350,16.6069
2017,8,26,11,0,26.200000000000003,399,88,469,4,28.0844,22.0803
2017,8,26,11,30,26.700000000000003,420,71,479,3.8000000000000003,28.8492,22.6902
2017,8,26,12,0,27.200000000000003,361,4,365,3.6,22.0562,17.3511
2017,8,26,12,30,27.6,344,2,346,3.4000000000000004,20.9298,16.4661
2017,8,26,13,0,27.900000000000002,335,2,337,3.2,20.3612,16.0175
2017,8,26,13,30,28,446,116,542,3,32.6335,25.6661
2017,8,26,14,0,28.200000000000003,363,13,373,2.8000000000000003,22.3242,17.5510
2017,8,26,14,30,28.200000000000003,271,1,271,2.5,16.0768,12.6318
2017,8,26,15,0,28.1,154,729,663,2.3000000000000003,38.8527,30.5006
2017,8,26,15,30,27.900000000000002,146,701,591,2.2,34.0635,26.7074
2017,8,26,16,0,27.700000000000003,321,152,407,2,22.9441,17.9564
2017,8,26,16,30,27.1,125,613,420,1.8,22.9880,17.9418
2017,8,26,17,0,26.5,110,551,328,1.6,17.2667,13.4195
2017,8,26,17,30,25.200000000000003,92,466,234,1.3,11.7314,9.0562
2017,8,26,18,0,23.900000000000002,110,71,125,1.1,5.9862,4.5763
2017,8,26,18,30,22.6,58,15,60,1.1,0.0000,0.0000
2017,8,26,19,0,21.3,7,0,7,1.2000000000000002,0.0000,0.0000
2017,8,26,19,30,20.8,0,0,0,1.3,0.0000,0.0000
2017,8,26,20,0,20.3,0,0,0,1.3,0.0000,0.0000
2017,8,26,20,30,19.900000000000002,0,0,0,1.4000000000000001,0.0000,0.0000
2017,8,26,21,0,19.400000000000002,0,0,0,1.4000000000000001,0.0000,0.0000
2017,8,26,21,30,19.1,0,0,0,1.4000000000000001,0.0000,0.0000
2017,8,26,22,0,18.8,0,0,0,1.4000000000000001,0.0000,0.0000
2017,8,26,22,30,18.5,0,0,0,1.4000000000000001,0.0000,0.0000
2017,8,26,23,0,18.3,0,0,0,1.3,0.0000,0.0000
2017,8,26,23,30,18,0,0,0,1.3,0.0000,0.0000
2017,8,27,0,0,17.7,0,0,0,1.2000000000000002,0.0000,0.0000
2017,8,27,0,30,17.6,0,0,0,1.2000000000000002,0.0000,0.0000
2017,8,27,1,0,17.5,0,0,0,1.1,0.0000,0.0000
2017,8,27,1,30,17.5,0,0,0,0.9,0.0000,0.0000
2017,8,27,2,0,17.6,0,0,0,0.8,0.0000,0.0000
2017,8,27,2,30,17.3,0,0,0,0.9,0.0000,0.0000
2017,8,27,3,0,17.1,0,0,0,0.9,0.0000,0.0000
2017,8,27,3,30,17.2,0,0,0,1.2000000000000002,0.0000,0.0000
2017,8,27,4,0,17.400000000000002,0,0,0,1.5,0.0000,0.0000
2017,8,27,4,30,17.400000000000002,0,0,0,1.1,0.0000,0.0000
2017,8,27,5,0,17.5,0,0,0,0.7000000000000001,0.0000,0.0000
2017,8,27,5,30,17.7,0,0,0,0.7000000000000001,0.0000,0.0000
2017,8,27,6,0,17.8,6,0,6,0.7000000000000001,0.0000,0.0000
2017,8,27,6,30,18.6,11,0,11,0.8,0.0000,0.0000
2017,8,27,7,0,19.400000000000002,26,0,26,0.9,1.2469,0.9537
2017,8,27,7,30,19.900000000000002,91,4,92,1.2000000000000002,4.6231,3.5702
2017,8,27,8,0,20.5,212,73,241,1.6,12.7110,9.8811
2017,8,27,8,30,21.400000000000002,250,264,378,1.5,20.7173,16.1717
2017,8,27,9,0,22.200000000000003,255,376,467,1.5,26.3505,20.6240
2017,8,27,9,30,23.3,175,643,584,1.6,33.6791,26.4071
2017,8,27,10,0,24.400000000000002,189,667,655,1.8,38.3955,30.1423
2017,8,27,10,30,25,197,690,716,2.1,42.4813,33.3785
2017,8,27,11,0,25.6,196,720,768,2.4000000000000004,45.9622,36.1347
2017,8,27,11,30,26,200,733,805,2.6,48.4571,38.1107
2017,8,27,12,0,26.400000000000002,142,839,849,2.8000000000000003,51.2751,40.3356
2017,8,27,12,30,26.700000000000003,142,842,857,2.9000000000000004,51.8105,40.7594
2017,8,27,13,0,27,466,255,680,3,41.0601,32.2995
2017,8,27,13,30,27,134,849,832,3,50.0612,39.3712
2017,8,27,14,0,27.1,123,855,799,3.1,47.7863,37.5671
2017,8,27,14,30,26.900000000000002,417,222,583,3.2,34.5575,27.1507
2017,8,27,15,0,26.8,119,817,686,3.3000000000000003,40.1614,31.5256
2017,8,27,15,30,26.5,113,793,613,3.3000000000000003,35.2899,27.6663
2017,8,27,16,0,26.200000000000003,98,781,533,3.3000000000000003,30.0036,23.4783
2017,8,27,16,30,25.5,90,740,443,2.9000000000000004,24.2029,18.8866
2017,8,27,17,0,24.900000000000002,75,710,352,2.6,18.4886,14.3653
2017,8,27,17,30,23.400000000000002,64,632,254,2.1,12.7008,9.8004
2017,8,27,18,0,22,48,545,160,1.5,7.6521,5.8470
2017,8,27,18,30,20.6,31,376,73,1.5,0.0000,0.0000
2017,8,27,19,0,19.3,10,122,12,1.5,0.0000,0.0000
2017,8,27,19,30,18.7,0,0,0,1.5,0.0000,0.0000
2017,8,27,20,0,18.1,0,0,0,1.5,0.0000,0.0000
2017,8,27,20,30,17.6,0,0,0,1.6,0.0000,0.0000
2017,8,27,21,0,17.1,0,0,0,1.6,0.0000,0.0000
2017,8,27,21,30,16.6,0,0,0,1.6,0.0000,0.0000
2017,8,27,22,0,16.1,0,0,0,1.7000000000000002,0.0000,0.0000
2017,8,27,22,30,15.700000000000001,0,0,0,1.7000000000000002,0.0000,0.0000
2017,8,27,23,0,15.3,0,0,0,1.8,0.0000,0.0000
2017,8,27,23,30,15,0,0,0,1.9000000000000001,0.0000,0.0000
2017,8,28,0,0,14.600000000000001,0,0,0,2,0.0000,0.0000
2017,8,28,0,30,14.3,0,0,0,2,0.0000,0.0000
2017,8,28,1,0,13.9,0,0,0,2,0.0000,0.0000
2017,8,28,1,30,13.600000000000001,0,0,0,2,0.0000,0.0000
2017,8,28,2,0,13.3,0,0,0,2,0.0000,0.0000
2017,8,28,2,30,13.100000000000001,0,0,0,2,0.0000,0.0000
2017,8,28,3,0,12.8,0,0,0,2,0.0000,0.0000
2017,8,28,3,30,12.600000000000001,0,0,0,2,0.0000,0.0000
2017,8,28,4,0,12.4,0,0,0,2,0.0000,0.0000
2017,8,28,4,30,12.3,0,0,0,2,0.0000,0.0000
2017,8,28,5,0,12.100000000000001,0,0,0,2,0.0000,0.0000
2017,8,28,5,30,12.700000000000001,0,0,0,2.3000000000000003,0.0000,0.0000
2017,8,28,6,0,13.200000000000001,11,147,15,2.6,0.0000,0.0000
2017,8,28,6,30,14.3,32,413,80,2.8000000000000003,0.0000,0.0000
2017,8,28,7,0,15.4,47,574,169,2.9000000000000004,8.0972,6.1911
2017,8,28,7,30,17,59,680,267,3,13.3958,10.3423
2017,8,28,8,0,18.6,67,754,366,3,19.2763,14.9822
2017,8,28,8,30,19.900000000000002,74,803,461,3.3000000000000003,25.2367,19.6973
2017,8,28,9,0,21.1,79,844,553,3.7,31.1732,24.3965
2017,8,28,9,30,21.8,83,873,636,3.7,36.6489,28.7339
2017,8,28,10,0,22.400000000000002,87,892,708,3.7,41.4734,32.5569
2017,8,28,10,30,23,90,908,771,3.7,45.7161,35.9186
2017,8,28,11,0,23.5,93,919,821,3.7,49.1052,38.6041
2017,8,28,11,30,23.900000000000002,94,925,855,3.7,51.4375,40.4532
2017,8,28,12,0,24.3,90,938,878,3.7,52.9961,41.6879
2017,8,28,12,30,24.5,90,940,885,3.7,53.4725,42.0653
2017,8,28,13,0,24.8,90,939,877,3.6,52.9231,41.6298
2017,8,28,13,30,24.900000000000002,89,931,852,3.6,51.2312,40.2897
2017,8,28,14,0,25,86,925,814,3.6,48.6471,38.2419
2017,8,28,14,30,24.900000000000002,84,913,763,3.5,45.1892,35.5017
2017,8,28,15,0,24.8,86,886,698,3.5,40.8235,32.0431
2017,8,28,15,30,24.6,83,864,623,3.3000000000000003,35.8227,28.0814
2017,8,28,16,0,24.400000000000002,76,838,540,3.2,30.3528,23.7486
2017,8,28,16,30,23.900000000000002,71,799,448,2.8000000000000003,24.4312,19.0612
2017,8,28,17,0,23.400000000000002,63,748,352,2.4000000000000004,18.4452,14.3275
2017,8,28,17,30,22.1,55,677,255,1.7000000000000002,12.7164,9.8080
2017,8,28,18,0,20.700000000000003,44,570,158,1.1,7.5477,5.7645
2017,8,28,18,30,19.5,29,398,71,1,0.0000,0.0000
2017,8,28,19,0,18.2,0,0,0,1,0.0000,0.0000
2017,8,28,19,30,17.8,0,0,0,1,0.0000,0.0000
2017,8,28,20,0,17.5,0,0,0,1,0.0000,0.0000
2017,8,28,20,30,17.1,0,0,0,1,0.0000,0.0000
2017,8,28,21,0,16.8,0,0,0,1,0.0000,0.0000
2017,8,28,21,30,16.400000000000002,0,0,0,1,0.0000,0.0000
2017,8,28,22,0,16.1,0,0,0,1,0.0000,0.0000
2017,8,28,22,30,15.9,0,0,0,1,0.0000,0.0000
2017,8,28,23,0,15.700000000000001,0,0,0,0.9,0.0000,0.0000
2017,8,28,23,30,15.600000000000001,0,0,0,0.8,0.0000,0.0000
2017,8,29,0,0,15.600000000000001,0,0,0,0.8,0.0000,0.0000
2017,8,29,0,30,15.700000000000001,0,0,0,0.6000000000000001,0.0000,0.0000
2017,8,29,1,0,15.8,0,0,0,0.5,0.0000,0.0000
2017,8,29,1,30,15.5,0,0,0,0.5,0.0000,0.0000
2017,8,29,2,0,15.200000000000001,0,0,0,0.5,0.0000,0.0000
2017,8,29,2,30,14.600000000000001,0,0,0,0.7000000000000001,0.0000,0.0000
2017,8,29,3,0,14,0,0,0,0.8,0.0000,0.0000
2017,8,29,3,30,13.600000000000001,0,0,0,0.9,0.0000,0.0000
2017,8,29,4,0,13.200000000000001,0,0,0,0.9,0.0000,0.0000
2017,8,29,4,30,12.9,0,0,0,1,0.0000,0.0000
2017,8,29,5,0,12.600000000000001,0,0,0,1,0.0000,0.0000
2017,8,29,5,30,13.200000000000001,0,0,0,0.9,0.0000,0.0000
2017,8,29,6,0,13.8,10,134,13,0.9,0.0000,0.0000
2017,8,29,6,30,15.200000000000001,31,399,77,1.2000000000000002,0.0000,0.0000
2017,8,29,7,0,16.5,47,564,164,1.6,7.8504,6.0005
2017,8,29,7,30,18.1,58,671,261,1.4000000000000001,13.0728,10.0902
2017,8,29,8,0,19.700000000000003,66,745,359,1.3,18.8805,14.6721
2017,8,29,8,30,20.900000000000002,73,797,455,1.5,24.8804,19.4170
2017,8,29,9,0,22,80,833,546,1.7000000000000002,30.7488,24.0624
2017,8,29,9,30,22.5,85,863,629,1.8,36.2166,28.3931
2017,8,29,10,0,23,89,883,702,1.8,41.0930,32.2567
2017,8,29,10,30,23.5,92,900,764,1.8,45.2715,35.5676
2017,8,29,11,0,23.900000000000002,95,912,814,1.8,48.6575,38.2506
2017,8,29,11,30,24.200000000000003,453,235,645,1.8,38.7813,30.4985
2017,8,29,12,0,24.5,416,366,722,1.8,43.5545,34.2596
2017,8,29,12,30,24.700000000000003,383,447,760,1.7000000000000002,45.8923,36.1008
2017,8,29,13,0,24.900000000000002,442,295,689,1.7000000000000002,41.5515,32.6835
2017,8,29,13,30,25,96,918,845,1.6,50.7757,39.9297
2017,8,29,14,0,25,93,912,807,1.6,48.1922,37.8823
2017,8,29,14,30,25,90,899,756,1.5,44.7355,35.1431
2017,8,29,15,0,25,370,238,533,1.5,31.1420,24.4421
2017,8,29,15,30,24.700000000000003,84,856,617,1.4000000000000001,35.4347,27.7745
2017,8,29,16,0,24.5,80,828,534,1.4000000000000001,29.9708,23.4466
2017,8,29,16,30,24.1,74,787,443,1.3,24.1120,18.8085
2017,8,29,17,0,23.6,67,730,346,1.2000000000000002,18.0877,14.0457
2017,8,29,17,30,22.5,58,652,247,0.9,12.2854,9.4714
2017,8,29,18,0,21.3,46,536,151,0.7000000000000001,7.2064,5.5012
2017,8,29,18,30,20.3,30,359,66,0.8,0.0000,0.0000
2017,8,29,19,0,19.3,0,0,0,0.9,0.0000,0.0000
2017,8,29,19,30,18.8,0,0,0,1,0.0000,0.0000
2017,8,29,20,0,18.3,0,0,0,1,0.0000,0.0000
2017,8,29,20,30,17.900000000000002,0,0,0,1,0.0000,0.0000
2017,8,29,21,0,17.5,0,0,0,1,0.0000,0.0000
2017,8,29,21,30,17.1,0,0,0,1,0.0000,0.0000
2017,8,29,22,0,16.8,0,0,0,1,0.0000,0.0000
2017,8,29,22,30,16.5,0,0,0,1,0.0000,0.0000
2017,8,29,23,0,16.2,0,0,0,1,0.0000,0.0000
2017,8,29,23,30,16,0,0,0,1,0.0000,0.0000
2017,8,30,0,0,15.700000000000001,0,0,0,1,0.0000,0.0000
2017,8,30,0,30,15.600000000000001,0,0,0,1,0.0000,0.0000
2017,8,30,1,0,15.5,0,0,0,1,0.0000,0.0000
2017,8,30,1,30,15.3,0,0,0,0.9,0.0000,0.0000
2017,8,30,2,0,15.100000000000001,0,0,0,0.9,0.0000,0.0000
2017,8,30,2,30,14.8,0,0,0,0.9,0.0000,0.0000
2017,8,30,3,0,14.5,0,0,0,0.9,0.0000,0.0000
2017,8,30,3,30,14.3,0,0,0,0.9,0.0000,0.0000
2017,8,30,4,0,14.100000000000001,0,0,0,0.9,0.0000,0.0000
2017,8,30,4,30,13.9,0,0,0,0.9,0.0000,0.0000
2017,8,30,5,0,13.600000000000001,0,0,0,0.9,0.0000,0.0000
2017,8,30,5,30,14,0,0,0,0.9,0.0000,0.0000
2017,8,30,6,0,14.4,9,82,11,0.8,0.0000,0.0000
2017,8,30,6,30,15.600000000000001,34,319,69,1.3,0.0000,0.0000
2017,8,30,7,0,16.8,54,489,154,1.7000000000000002,7.3658,5.6284
2017,8,30,7,30,18.2,68,602,249,1.8,12.4508,9.6075
2017,8,30,8,0,19.6,78,686,346,1.8,18.1705,14.1179
2017,8,30,8,30,21.200000000000003,87,744,441,2,24.0861,18.7948
2017,8,30,9,0,22.700000000000003,92,791,532,2.1,29.9326,23.4218
2017,8,30,9,30,23.3,98,823,615,2,35.3819,27.7370
2017,8,30,10,0,24,102,847,687,1.9000000000000001,40.1864,31.5434
2017,8,30,10,30,24.5,106,865,749,1.8,44.3533,34.8446
2017,8,30,11,0,25.1,108,879,798,1.8,47.6713,37.4738
2017,8,30,11,30,25.5,110,888,834,1.7000000000000002,50.1148,39.4099
2017,8,30,12,0,25.900000000000002,129,862,847,1.6,51.0649,40.1657
2017,8,30,12,30,26.200000000000003,129,863,853,1.5,51.4766,40.4920
2017,8,30,13,0,26.5,127,863,845,1.5,50.9272,40.0565
2017,8,30,13,30,26.700000000000003,126,857,822,1.4000000000000001,49.3586,38.8134
2017,8,30,14,0,26.8,122,848,783,1.3,46.7229,36.7255
2017,8,30,14,30,26.8,118,833,732,1.2000000000000002,43.2769,33.9952
2017,8,30,15,0,26.8,113,815,669,1.1,39.0471,30.6441
2017,8,30,15,30,26.5,108,789,595,1.2000000000000002,34.1292,26.7486
2017,8,30,16,0,26.3,100,755,511,1.2000000000000002,28.6350,22.3985
2017,8,30,16,30,25.8,92,708,421,1.2000000000000002,22.8698,17.8360
2017,8,30,17,0,25.3,82,649,326,1.1,16.9999,13.1968
2017,8,30,17,30,24,69,564,230,1,11.4080,8.7907
2017,8,30,18,0,22.700000000000003,98,25,103,0.8,4.9121,3.7481
2017,8,30,18,30,21.5,41,2,42,0.9,0.0000,0.0000
2017,8,30,19,0,20.3,0,0,0,1,0.0000,0.0000
2017,8,30,19,30,19.8,0,0,0,1,0.0000,0.0000
2017,8,30,20,0,19.200000000000003,0,0,0,1,0.0000,0.0000
2017,8,30,20,30,18.8,0,0,0,1,0.0000,0.0000
2017,8,30,21,0,18.400000000000002,0,0,0,1,0.0000,0.0000
2017,8,30,21,30,18,0,0,0,1,0.0000,0.0000
2017,8,30,22,0,17.7,0,0,0,1,0.0000,0.0000
2017,8,30,22,30,17.400000000000002,0,0,0,1,0.0000,0.0000
2017,8,30,23,0,17.1,0,0,0,1,0.0000,0.0000
2017,8,30,23,30,16.8,0,0,0,1,0.0000,0.0000
2017,8,31,0,0,16.6,0,0,0,1,0.0000,0.0000
2017,8,31,0,30,16.400000000000002,0,0,0,1,0.0000,0.0000
2017,8,31,1,0,16.2,0,0,0,1,0.0000,0.0000
2017,8,31,1,30,16,0,0,0,1,0.0000,0.0000
2017,8,31,2,0,15.8,0,0,0,1,0.0000,0.0000
2017,8,31,2,30,15.700000000000001,0,0,0,1,0.0000,0.0000
2017,8,31,3,0,15.5,0,0,0,1,0.0000,0.0000
2017,8,31,3,30,15.4,0,0,0,0.9,0.0000,0.0000
2017,8,31,4,0,15.200000000000001,0,0,0,0.9,0.0000,0.0000
2017,8,31,4,30,15.100000000000001,0,0,0,0.9,0.0000,0.0000
2017,8,31,5,0,15,0,0,0,0.9,0.0000,0.0000
2017,8,31,5,30,15.3,0,0,0,0.8,0.0000,0.0000
2017,8,31,6,0,15.600000000000001,0,0,0,0.7000000000000001,0.0000,0.0000
2017,8,31,6,30,16.7,34,303,67,1,0.0000,0.0000
2017,8,31,7,0,17.8,55,471,151,1.3,7.2167,5.5128
2017,8,31,7,30,19.1,71,586,245,1.3,12.2314,9.4357
2017,8,31,8,0,20.5,83,667,341,1.4000000000000001,17.8819,13.8911
2017,8,31,8,30,22.200000000000003,93,726,437,1.6,23.8389,18.5997
2017,8,31,9,0,23.900000000000002,101,767,525,1.8,29.5082,23.0877
2017,8,31,9,30,24.6,107,801,607,1.9000000000000001,34.8918,27.3510
2017,8,31,10,0,25.200000000000003,113,824,680,1.9000000000000001,39.7484,31.1979
2017,8,31,10,30,25.6,117,844,742,2.1,43.9105,34.4952
2017,8,31,11,0,26.1,252,558,688,2.2,41.0750,32.2872
2017,8,31,11,30,26.5,288,470,670,2.2,40.2361,31.6401
2017,8,31,12,0,26.8,234,587,721,2.3000000000000003,43.4423,34.1687
2017,8,31,12,30,27,287,512,715,2.3000000000000003,43.1218,33.9187
2017,8,31,13,0,27.3,254,589,742,2.3000000000000003,44.6900,35.1491
2017,8,31,13,30,27.400000000000002,144,822,808,2.3000000000000003,48.4838,38.1237
2017,8,31,14,0,27.5,219,584,672,2.2,40.0680,31.4929
2017,8,31,14,30,27.400000000000002,205,621,659,2.2,38.9260,30.5754
2017,8,31,15,0,27.3,242,466,558,2.1,32.5338,25.5304
2017,8,31,15,30,26.900000000000002,302,216,435,2,24.9194,19.5285
2017,8,31,16,0,26.5,256,320,429,1.8,24.0017,18.7717
2017,8,31,16,30,25.8,118,621,403,1.5,21.8486,17.0361
2017,8,31,17,0,25.1,201,145,255,1.2000000000000002,13.2651,10.2944
2017,8,31,17,30,24,141,83,164,1.1,8.1126,6.2484
2017,8,31,18,0,22.8,88,5,89,0.9,4.2425,3.2358
2017,8,31,18,30,21.900000000000002,33,0,33,1,0.0000,0.0000
2017,8,31,19,0,21.1,0,0,0,1,0.0000,0.0000
2017,8,31,19,30,20.700000000000003,0,0,0,1.2000000000000002,0.0000,0.0000
2017,8,31,20,0,20.400000000000002,0,0,0,1.4000000000000001,0.0000,0.0000
2017,8,31,20,30,20.1,0,0,0,1.5,0.0000,0.0000
2017,8,31,21,0,19.8,0,0,0,1.7000000000000002,0.0000,0.0000
2017,8,31,21,30,19.6,0,0,0,1.9000000000000001,0.0000,0.0000
2017,8,31,22,0,19.5,0,0,0,2.2,0.0000,0.0000
2017,8,31,22,30,19.200000000000003,0,0,0,2.3000000000000003,0.0000,0.0000
2017,8,31,23,0,19,0,0,0,2.5,0.0000,0.0000
2017,8,31,23,30,18.7,0,0,0,2.5,0.0000,0.0000
2017,9,1,0,0,18.400000000000002,0,0,0,2.5,0.0000,0.0000
2017,9,1,0,30,18.1,0,0,0,2.4000000000000004,0.0000,0.0000
2017,9,1,1,0,17.7,0,0,0,2.3000000000000003,0.0000,0.0000
2017,9,1,1,30,17.3,0,0,0,2.1,0.0000,0.0000
2017,9,1,2,0,16.8,0,0,0,2,0.0000,0.0000
2017,9,1,2,30,16.5,0,0,0,2.1,0.0000,0.0000
2017,9,1,3,0,16.2,0,0,0,2.2,0.0000,0.0000
2017,9,1,3,30,15.9,0,0,0,2.4000000000000004,0.0000,0.0000
2017,9,1,4,0,15.700000000000001,0,0,0,2.6,0.0000,0.0000
2017,9,1,4,30,15.4,0,0,0,2.7,0.0000,0.0000
2017,9,1,5,0,15.200000000000001,0,0,0,2.9000000000000004,0.0000,0.0000
2017,9,1,5,30,15.200000000000001,0,0,0,3.2,0.0000,0.0000
2017,9,1,6,0,15.3,0,0,0,3.6,0.0000,0.0000
2017,9,1,6,30,16.1,17,0,17,3.9000000000000004,0.0000,0.0000
2017,9,1,7,0,16.900000000000002,49,0,49,4.2,2.3402,1.7872
2017,9,1,7,30,18.2,67,0,67,4.4,3.3393,2.5753
2017,9,1,8,0,19.5,80,0,80,4.6000000000000005,4.1887,3.2533
2017,9,1,8,30,20.6,193,7,196,4.6000000000000005,10.6791,8.3311
2017,9,1,9,0,21.8,126,0,126,4.7,7.0749,5.5351
2017,9,1,9,30,22.6,349,84,402,4.6000000000000005,23.0880,18.0970
2017,9,1,10,0,23.400000000000002,236,13,245,4.6000000000000005,14.3103,11.2313
2017,9,1,10,30,23.700000000000003,335,55,375,4.5,22.1764,17.4204
2017,9,1,11,0,24,377,68,429,4.4,25.5957,20.1188
2017,9,1,11,30,23.700000000000003,356,268,573,4.3,34.3894,27.0414
2017,9,1,12,0,23.5,433,141,550,4.1000000000000005,33.1188,26.0479
2017,9,1,12,30,23.3,430,194,591,4,35.6208,28.0174
2017,9,1,13,0,23.1,382,43,418,3.8000000000000003,25.1588,19.7868
2017,9,1,13,30,22.700000000000003,379,40,411,3.6,24.6438,19.3770
2017,9,1,14,0,22.200000000000003,219,2,221,3.4000000000000004,13.1664,10.3480
2017,9,1,14,30,21.8,200,2,201,3.3000000000000003,11.8619,9.3166
2017,9,1,15,0,21.400000000000002,183,2,185,3.1,10.7746,8.4545
2017,9,1,15,30,21.200000000000003,142,1,143,3,8.1812,6.4106
2017,9,1,16,0,20.900000000000002,115,1,116,2.9000000000000004,6.4795,5.0669
2017,9,1,16,30,20.6,28,0,28,2.8000000000000003,1.5150,1.1810
2017,9,1,17,0,20.3,66,0,66,2.7,3.4246,2.6568
2017,9,1,17,30,19.900000000000002,60,1,60,2.5,2.9599,2.2786
2017,9,1,18,0,19.5,45,1,45,2.3000000000000003,2.1448,1.6353
2017,9,1,18,30,18.900000000000002,20,0,20,2.2,0.0000,0.0000
2017,9,1,19,0,18.400000000000002,0,0,0,2.1,0.0000,0.0000
2017,9,1,19,30,18.2,0,0,0,2.2,0.0000,0.0000
2017,9,1,20,0,17.900000000000002,0,0,0,2.2,0.0000,0.0000
2017,9,1,20,30,17.8,0,0,0,2.4000000000000004,0.0000,0.0000
2017,9,1,21,0,17.7,0,0,0,2.5,0.0000,0.0000
2017,9,1,21,30,17.5,0,0,0,2.6,0.0000,0.0000
2017,9,1,22,0,17.400000000000002,0,0,0,2.7,0.0000,0.0000
2017,9,1,22,30,17.2,0,0,0,2.7,0.0000,0.0000
2017,9,1,23,0,17,0,0,0,2.7,0.0000,0.0000
2017,9,1,23,30,16.7,0,0,0,2.7,0.0000,0.0000
2017,9,2,0,0,16.5,0,0,0,2.7,0.0000,0.0000
2017,9,2,0,30,16.3,0,0,0,2.7,0.0000,0.0000
2017,9,2,1,0,16.1,0,0,0,2.7,0.0000,0.0000
2017,9,2,1,30,15.9,0,0,0,2.6,0.0000,0.0000
2017,9,2,2,0,15.600000000000001,0,0,0,2.5,0.0000,0.0000
2017,9,2,2,30,15.5,0,0,0,2.4000000000000004,0.0000,0.0000
2017,9,2,3,0,15.3,0,0,0,2.3000000000000003,0.0000,0.0000
2017,9,2,3,30,15.200000000000001,0,0,0,2.2,0.0000,0.0000
2017,9,2,4,0,15.100000000000001,0,0,0,2.1,0.0000,0.0000
2017,9,2,4,30,14.9,0,0,0,1.9000000000000001,0.0000,0.0000
2017,9,2,5,0,14.8,0,0,0,1.8,0.0000,0.0000
2017,9,2,5,30,15.200000000000001,0,0,0,1.9000000000000001,0.0000,0.0000
2017,9,2,6,0,15.5,0,0,0,2.1,0.0000,0.0000
2017,9,2,6,30,16.5,35,134,48,2.2,0.0000,0.0000
2017,9,2,7,0,17.5,71,275,125,2.3000000000000003,5.9664,4.5550
2017,9,2,7,30,18.900000000000002,102,380,213,2.1,10.5982,8.1712
2017,9,2,8,0,20.200000000000003,125,474,306,2,15.9980,12.4231
2017,9,2,8,30,21.900000000000002,144,539,397,2.2,21.6026,16.8507
2017,9,2,9,0,23.6,160,593,485,2.4000000000000004,27.2056,21.2823
2017,9,2,9,30,24.700000000000003,173,633,565,2.8000000000000003,32.4213,25.4109
2017,9,2,10,0,25.900000000000002,188,655,634,3.1,37.0031,29.0399
2017,9,2,10,30,26.400000000000002,196,679,695,3.2,41.0721,32.2622
2017,9,2,11,0,27,212,679,739,3.4000000000000004,44.0619,34.6320
2017,9,2,11,30,27.3,216,693,775,3.5,46.4825,36.5490
2017,9,2,12,0,27.6,474,303,724,3.7,43.5685,34.2652
2017,9,2,12,30,27.700000000000003,478,305,731,3.8000000000000003,44.0298,34.6301
2017,9,2,13,0,27.900000000000002,223,693,792,3.9000000000000004,47.6359,37.4628
2017,9,2,13,30,27.8,220,687,770,3.9000000000000004,46.1352,36.2734
2017,9,2,14,0,27.8,206,690,736,4,43.8117,34.4315
2017,9,2,14,30,27.6,200,673,687,3.9000000000000004,40.5040,31.8107
2017,9,2,15,0,27.400000000000002,179,668,626,3.8000000000000003,36.4178,28.5736
2017,9,2,15,30,27.1,342,60,378,3.5,21.5962,16.9205
2017,9,2,16,0,26.700000000000003,315,107,372,3.2,20.7451,16.2199
2017,9,2,16,30,25.8,130,571,387,2.5,20.8949,16.2855
2017,9,2,17,0,25,105,533,298,1.8,15.4216,11.9599
2017,9,2,17,30,23.400000000000002,85,442,204,1.4000000000000001,10.0362,7.7220
2017,9,2,18,0,21.8,57,346,118,1,5.6255,4.2875
2017,9,2,18,30,21.1,27,179,41,1.1,0.0000,0.0000
2017,9,2,19,0,20.400000000000002,0,0,0,1.1,0.0000,0.0000
2017,9,2,19,30,20.5,0,0,0,1,0.0000,0.0000
2017,9,2,20,0,20.6,0,0,0,0.9,0.0000,0.0000
2017,9,2,20,30,20.700000000000003,0,0,0,0.8,0.0000,0.0000
2017,9,2,21,0,20.8,0,0,0,0.7000000000000001,0.0000,0.0000
2017,9,2,21,30,20.700000000000003,0,0,0,0.6000000000000001,0.0000,0.0000
2017,9,2,22,0,20.5,0,0,0,0.5,0.0000,0.0000
2017,9,2,22,30,20.200000000000003,0,0,0,0.5,0.0000,0.0000
2017,9,2,23,0,19.900000000000002,0,0,0,0.5,0.0000,0.0000
2017,9,2,23,30,19.5,0,0,0,0.6000000000000001,0.0000,0.0000
2017,9,3,0,0,19,0,0,0,0.6000000000000001,0.0000,0.0000
2017,9,3,0,30,18.400000000000002,0,0,0,0.8,0.0000,0.0000
2017,9,3,1,0,17.8,0,0,0,0.9,0.0000,0.0000
2017,9,3,1,30,17.2,0,0,0,1,0.0000,0.0000
2017,9,3,2,0,16.5,0,0,0,1.1,0.0000,0.0000
2017,9,3,2,30,16,0,0,0,1.1,0.0000,0.0000
2017,9,3,3,0,15.5,0,0,0,1.2000000000000002,0.0000,0.0000
2017,9,3,3,30,15.3,0,0,0,1.3,0.0000,0.0000
2017,9,3,4,0,15.100000000000001,0,0,0,1.4000000000000001,0.0000,0.0000
2017,9,3,4,30,15.100000000000001,0,0,0,1.5,0.0000,0.0000
2017,9,3,5,0,15.100000000000001,0,0,0,1.7000000000000002,0.0000,0.0000
2017,9,3,5,30,15.5,0,0,0,2,0.0000,0.0000
2017,9,3,6,0,15.9,0,0,0,2.3000000000000003,0.0000,0.0000
2017,9,3,6,30,17,32,120,44,2.8000000000000003,0.0000,0.0000
2017,9,3,7,0,18.1,73,236,119,3.3000000000000003,5.6772,4.3329
2017,9,3,7,30,19.3,110,334,206,3.2,10.2328,7.8872
2017,9,3,8,0,20.400000000000002,139,418,297,3.1,15.5031,12.0364
2017,9,3,8,30,22,163,483,388,3.3000000000000003,21.0868,16.4462
2017,9,3,9,0,23.700000000000003,180,542,475,3.6,26.6163,20.8193
2017,9,3,9,30,25,196,583,555,4.1000000000000005,31.8195,24.9374
2017,9,3,10,0,26.400000000000002,205,621,626,4.5,36.5079,28.6496
2017,9,3,10,30,27.200000000000003,214,645,686,4.7,40.5110,31.8199
2017,9,3,11,0,28.1,218,669,736,4.9,43.8541,34.4672
2017,9,3,11,30,28.700000000000003,223,682,770,5.1000000000000005,46.1529,36.2883
2017,9,3,12,0,29.400000000000002,451,330,721,5.300000000000001,43.3598,34.0996
2017,9,3,12,30,29.900000000000002,192,748,809,5.300000000000001,48.6952,38.2978
2017,9,3,13,0,30.400000000000002,192,743,799,5.4,48.0235,37.7659
2017,9,3,13,30,30.6,190,735,775,5.4,46.3995,36.4794
2017,9,3,14,0,30.900000000000002,186,721,737,5.300000000000001,43.8332,34.4464
2017,9,3,14,30,30.900000000000002,180,701,684,5.1000000000000005,40.2880,31.6389
2017,9,3,15,0,30.8,193,625,608,4.800000000000001,35.3300,27.7177
2017,9,3,15,30,30.5,366,126,441,4.4,25.1616,19.7118
2017,9,3,16,0,30.1,171,537,453,3.9000000000000004,25.2189,19.7148
2017,9,3,16,30,29.200000000000003,151,483,366,3.6,19.7189,15.3654
2017,9,3,17,0,28.3,128,409,274,3.2,14.1428,10.9644
2017,9,3,17,30,27.200000000000003,98,325,185,3.2,9.0769,6.9803
2017,9,3,18,0,26,62,217,99,3.1,0.0000,0.0000
2017,9,3,18,30,25.5,22,94,29,3.4000000000000004,0.0000,0.0000
2017,9,3,19,0,24.900000000000002,0,0,0,3.7,0.0000,0.0000
2017,9,3,19,30,24.400000000000002,0,0,0,3.7,0.0000,0.0000
2017,9,3,20,0,23.8,0,0,0,3.6,0.0000,0.0000
2017,9,3,20,30,23.3,0,0,0,3.6,0.0000,0.0000
2017,9,3,21,0,22.700000000000003,0,0,0,3.6,0.0000,0.0000
2017,9,3,21,30,22.3,0,0,0,3.6,0.0000,0.0000
2017,9,3,22,0,21.900000000000002,0,0,0,3.6,0.0000,0.0000
2017,9,3,22,30,21.400000000000002,0,0,0,3.4000000000000004,0.0000,0.0000
2017,9,3,23,0,21,0,0,0,3.2,0.0000,0.0000
2017,9,3,23,30,20.5,0,0,0,2.9000000000000004,0.0000,0.0000
2017,9,4,0,0,20.1,0,0,0,2.7,0.0000,0.0000
2017,9,4,0,30,19.700000000000003,0,0,0,2.6,0.0000,0.0000
2017,9,4,1,0,19.400000000000002,0,0,0,2.5,0.0000,0.0000
2017,9,4,1,30,19.1,0,0,0,2.7,0.0000,0.0000
2017,9,4,2,0,18.8,0,0,0,2.9000000000000004,0.0000,0.0000
2017,9,4,2,30,18.6,0,0,0,3.4000000000000004,0.0000,0.0000
2017,9,4,3,0,18.3,0,0,0,3.8000000000000003,0.0000,0.0000
2017,9,4,3,30,18,0,0,0,4.1000000000000005,0.0000,0.0000
2017,9,4,4,0,17.6,0,0,0,4.3,0.0000,0.0000
2017,9,4,4,30,17.1,0,0,0,4.1000000000000005,0.0000,0.0000
2017,9,4,5,0,16.6,0,0,0,4,0.0000,0.0000
2017,9,4,5,30,16.400000000000002,0,0,0,3.9000000000000004,0.0000,0.0000
2017,9,4,6,0,16.2,0,0,0,3.8000000000000003,0.0000,0.0000
2017,9,4,6,30,16.8,32,185,50,4,0.0000,0.0000
2017,9,4,7,0,17.400000000000002,69,279,122,4.1000000000000005,5.8180,4.4392
2017,9,4,7,30,18.400000000000002,101,386,211,4.4,10.4627,8.0619
2017,9,4,8,0,19.5,138,426,298,4.6000000000000005,15.5320,12.0565
2017,9,4,8,30,20.700000000000003,163,488,389,4.6000000000000005,21.1148,16.4660
2017,9,4,9,0,21.8,322,43,345,4.7,19.3120,15.1046
2017,9,4,9,30,22.6,371,59,408,4.7,23.3708,18.3148
2017,9,4,10,0,23.400000000000002,412,58,451,4.7,26.2806,20.6225
2017,9,4,10,30,24,478,107,556,4.800000000000001,32.8101,25.7698
2017,9,4,11,0,24.5,518,107,601,4.800000000000001,35.7856,28.1243
2017,9,4,11,30,24.3,517,86,585,4.800000000000001,35.0407,27.5500
2017,9,4,12,0,24.1,435,292,674,4.7,40.5058,31.8537
2017,9,4,12,30,24.1,438,294,679,4.7,40.8424,32.1203
2017,9,4,13,0,24.200000000000003,415,340,692,4.800000000000001,41.5621,32.6831
2017,9,4,13,30,24.3,572,94,647,4.800000000000001,38.7054,30.4286
2017,9,4,14,0,24.400000000000002,525,85,589,4.9,35.0008,27.5038
2017,9,4,14,30,24.3,461,51,497,4.800000000000001,29.2439,22.9641
2017,9,4,15,0,24.200000000000003,439,55,475,4.7,27.5694,21.6273
2017,9,4,15,30,23.8,298,292,471,4.4,26.8354,21.0206
2017,9,4,16,0,23.3,258,256,392,4.1000000000000005,21.7850,17.0276
2017,9,4,16,30,22.6,224,7,227,3.7,12.2027,9.5063
2017,9,4,17,0,21.900000000000002,159,179,222,3.4000000000000004,11.4277,8.8563
2017,9,4,17,30,21.1,103,132,137,3.5,6.7034,5.1522
2017,9,4,18,0,20.3,51,86,65,3.6,0.0000,0.0000
2017,9,4,18,30,19.6,12,31,14,3.6,0.0000,0.0000
2017,9,4,19,0,18.900000000000002,0,0,0,3.6,0.0000,0.0000
2017,9,4,19,30,18.2,0,0,0,3.5,0.0000,0.0000
2017,9,4,20,0,17.6,0,0,0,3.3000000000000003,0.0000,0.0000
2017,9,4,20,30,16.900000000000002,0,0,0,3.3000000000000003,0.0000,0.0000
2017,9,4,21,0,16.1,0,0,0,3.3000000000000003,0.0000,0.0000
2017,9,4,21,30,15.700000000000001,0,0,0,3.5,0.0000,0.0000
2017,9,4,22,0,15.200000000000001,0,0,0,3.6,0.0000,0.0000
2017,9,4,22,30,14.700000000000001,0,0,0,3.6,0.0000,0.0000
2017,9,4,23,0,14.3,0,0,0,3.5,0.0000,0.0000
2017,9,4,23,30,13.8,0,0,0,3.4000000000000004,0.0000,0.0000
2017,9,5,0,0,13.4,0,0,0,3.3000000000000003,0.0000,0.0000
2017,9,5,0,30,13,0,0,0,3.3000000000000003,0.0000,0.0000
2017,9,5,1,0,12.700000000000001,0,0,0,3.2,0.0000,0.0000
2017,9,5,1,30,12.4,0,0,0,3.3000000000000003,0.0000,0.0000
2017,9,5,2,0,12.200000000000001,0,0,0,3.3000000000000003,0.0000,0.0000
2017,9,5,2,30,11.9,0,0,0,3.4000000000000004,0.0000,0.0000
2017,9,5,3,0,11.700000000000001,0,0,0,3.5,0.0000,0.0000
2017,9,5,3,30,11.4,0,0,0,3.5,0.0000,0.0000
2017,9,5,4,0,11.100000000000001,0,0,0,3.6,0.0000,0.0000
2017,9,5,4,30,10.9,0,0,0,3.6,0.0000,0.0000
2017,9,5,5,0,10.600000000000001,0,0,0,3.5,0.0000,0.0000
2017,9,5,5,30,10.700000000000001,0,0,0,3.5,0.0000,0.0000
2017,9,5,6,0,10.700000000000001,0,0,0,3.6,0.0000,0.0000
2017,9,5,6,30,11.700000000000001,28,359,61,3.6,0.0000,0.0000
2017,9,5,7,0,12.700000000000001,45,552,149,3.7,7.1036,5.4187
2017,9,5,7,30,14.3,58,670,247,4.1000000000000005,12.2274,9.4189
2017,9,5,8,0,15.9,67,753,348,4.5,18.1091,14.0542
2017,9,5,8,30,17,75,809,446,5,24.1766,18.8511
2017,9,5,9,0,18.1,81,856,541,5.5,30.2507,23.6577
2017,9,5,9,30,18.6,86,883,624,5.7,35.7100,27.9824
2017,9,5,10,0,19.1,89,908,699,5.800000000000001,40.6998,31.9354
2017,9,5,10,30,19.6,92,925,762,5.9,44.9332,35.2898
2017,9,5,11,0,20,93,940,813,5.9,48.3749,38.0167
2017,9,5,11,30,20.3,95,949,849,6,50.8204,39.9546
2017,9,5,12,0,20.6,93,957,871,6,52.3100,41.1347
2017,9,5,12,30,20.8,188,679,743,6,44.6610,35.1218
2017,9,5,13,0,21,321,433,671,6,40.2711,31.6663
2017,9,5,13,30,21,332,334,595,6,35.5659,27.9590
2017,9,5,14,0,21,437,199,587,6,34.8507,27.3842
2017,9,5,14,30,20.8,296,374,562,5.9,33.0354,25.9395
2017,9,5,15,0,20.700000000000003,249,425,528,5.800000000000001,30.6092,24.0098
2017,9,5,15,30,20.3,218,539,536,5.7,30.4937,23.8833
2017,9,5,16,0,20,212,411,424,5.5,23.5217,18.3820
2017,9,5,16,30,19.5,73,789,416,5.1000000000000005,22.3135,17.3789
2017,9,5,17,0,19,66,722,317,4.7,16.2733,12.6068
2017,9,5,17,30,17.7,140,55,154,3.7,7.5150,5.7728
2017,9,5,18,0,16.3,79,9,80,2.6,0.0000,0.0000
2017,9,5,18,30,15,24,0,24,2.2,0.0000,0.0000
2017,9,5,19,0,13.600000000000001,0,0,0,1.7000000000000002,0.0000,0.0000
2017,9,5,19,30,13.100000000000001,0,0,0,1.6,0.0000,0.0000
2017,9,5,20,0,12.600000000000001,0,0,0,1.6,0.0000,0.0000
2017,9,5,20,30,12.200000000000001,0,0,0,1.5,0.0000,0.0000
2017,9,5,21,0,11.8,0,0,0,1.4000000000000001,0.0000,0.0000
2017,9,5,21,30,11.4,0,0,0,1.4000000000000001,0.0000,0.0000
2017,9,5,22,0,11,0,0,0,1.4000000000000001,0.0000,0.0000
2017,9,5,22,30,10.700000000000001,0,0,0,1.4000000000000001,0.0000,0.0000
2017,9,5,23,0,10.3,0,0,0,1.3,0.0000,0.0000
2017,9,5,23,30,10,0,0,0,1.3,0.0000,0.0000
2017,9,6,0,0,9.700000000000001,0,0,0,1.3,0.0000,0.0000
2017,9,6,0,30,9.4,0,0,0,1.3,0.0000,0.0000
2017,9,6,1,0,9.1,0,0,0,1.3,0.0000,0.0000
2017,9,6,1,30,8.8,0,0,0,1.4000000000000001,0.0000,0.0000
2017,9,6,2,0,8.6,0,0,0,1.4000000000000001,0.0000,0.0000
2017,9,6,2,30,8.4,0,0,0,1.5,0.0000,0.0000
2017,9,6,3,0,8.200000000000001,0,0,0,1.5,0.0000,0.0000
2017,9,6,3,30,7.9,0,0,0,1.6,0.0000,0.0000
2017,9,6,4,0,7.7,0,0,0,1.6,0.0000,0.0000
2017,9,6,4,30,7.5,0,0,0,1.6,0.0000,0.0000
2017,9,6,5,0,7.300000000000001,0,0,0,1.7000000000000002,0.0000,0.0000
2017,9,6,5,30,7.7,0,0,0,2,0.0000,0.0000
2017,9,6,6,0,8.1,0,0,0,2.2,0.0000,0.0000
2017,9,6,6,30,9.3,28,328,57,2.5,0.0000,0.0000
2017,9,6,7,0,10.5,48,514,142,2.9000000000000004,6.7685,5.1618
2017,9,6,7,30,12,62,635,239,2.7,11.8118,9.0960
2017,9,6,8,0,13.600000000000001,72,722,339,2.5,17.6125,13.6660
2017,9,6,8,30,15.4,80,781,436,2.8000000000000003,23.6029,18.4012
2017,9,6,9,0,17.2,86,825,527,3,29.4356,23.0180
2017,9,6,9,30,18,91,857,611,3.1,34.9343,27.3725
2017,9,6,10,0,18.8,94,885,686,3.1,39.9096,31.3134
2017,9,6,10,30,19.3,97,903,748,3.1,44.0748,34.6137
2017,9,6,11,0,19.8,98,919,798,3.1,47.4488,37.2870
2017,9,6,11,30,20.200000000000003,409,355,690,3.1,41.2734,32.4473
2017,9,6,12,0,20.6,462,231,648,3,38.8899,30.5802
2017,9,6,12,30,20.8,367,335,640,3,38.4426,30.2302
2017,9,6,13,0,21.1,351,517,767,3,45.9980,36.1678
2017,9,6,13,30,21.1,342,514,745,3,44.4955,34.9768
2017,9,6,14,0,21.200000000000003,365,406,670,3,39.7422,31.2258
2017,9,6,14,30,21.1,383,276,578,2.9000000000000004,33.9403,26.6481
2017,9,6,15,0,21,235,462,536,2.9000000000000004,31.0345,24.3411
2017,9,6,15,30,20.700000000000003,88,849,585,2.7,33.2329,26.0256
2017,9,6,16,0,20.400000000000002,81,816,498,2.6,27.5758,21.5466
2017,9,6,16,30,19.900000000000002,241,131,297,2.2,15.8939,12.3759
2017,9,6,17,0,19.3,64,710,307,1.9000000000000001,15.7151,12.1695
2017,9,6,17,30,17.8,134,96,158,1.3,7.6906,5.9045
2017,9,6,18,0,16.3,75,9,76,0.8,0.0000,0.0000
2017,9,6,18,30,15.8,21,0,21,0.8,0.0000,0.0000
2017,9,6,19,0,15.4,0,0,0,0.8,0.0000,0.0000
2017,9,6,19,30,15.4,0,0,0,0.7000000000000001,0.0000,0.0000
2017,9,6,20,0,15.5,0,0,0,0.6000000000000001,0.0000,0.0000
2017,9,6,20,30,15.3,0,0,0,0.6000000000000001,0.0000,0.0000
2017,9,6,21,0,15,0,0,0,0.5,0.0000,0.0000
2017,9,6,21,30,14.3,0,0,0,0.7000000000000001,0.0000,0.0000
2017,9,6,22,0,13.5,0,0,0,0.8,0.0000,0.0000
2017,9,6,22,30,12.8,0,0,0,0.9,0.0000,0.0000
2017,9,6,23,0,12.100000000000001,0,0,0,1,0.0000,0.0000
2017,9,6,23,30,11.4,0,0,0,1,0.0000,0.0000
2017,9,7,0,0,10.8,0,0,0,1.1,0.0000,0.0000
2017,9,7,0,30,10.4,0,0,0,1.1,0.0000,0.0000
2017,9,7,1,0,10,0,0,0,1.1,0.0000,0.0000
2017,9,7,1,30,9.700000000000001,0,0,0,1.2000000000000002,0.0000,0.0000
2017,9,7,2,0,9.5,0,0,0,1.2000000000000002,0.0000,0.0000
2017,9,7,2,30,9.3,0,0,0,1.3,0.0000,0.0000
2017,9,7,3,0,9.200000000000001,0,0,0,1.4000000000000001,0.0000,0.0000
2017,9,7,3,30,9,0,0,0,1.4000000000000001,0.0000,0.0000
2017,9,7,4,0,8.9,0,0,0,1.5,0.0000,0.0000
2017,9,7,4,30,8.8,0,0,0,1.6,0.0000,0.0000
2017,9,7,5,0,8.6,0,0,0,1.6,0.0000,0.0000
2017,9,7,5,30,9,0,0,0,1.9000000000000001,0.0000,0.0000
2017,9,7,6,0,9.4,0,0,0,2.1,0.0000,0.0000
2017,9,7,6,30,10.8,25,358,56,2.6,0.0000,0.0000
2017,9,7,7,0,12.100000000000001,42,547,141,3,6.7205,5.1240
2017,9,7,7,30,13.600000000000001,53,666,237,2.8000000000000003,11.6926,9.0013
2017,9,7,8,0,15.100000000000001,63,744,335,2.5,17.3766,13.4801
2017,9,7,8,30,17.400000000000002,70,800,432,2.9000000000000004,23.3548,18.2052
2017,9,7,9,0,19.6,76,837,521,3.3000000000000003,29.0667,22.7272
2017,9,7,9,30,21,80,868,604,3.3000000000000003,34.5010,27.0309
2017,9,7,10,0,22.3,84,890,677,3.2,39.3528,30.8746
2017,9,7,10,30,23.200000000000003,87,908,739,3.1,43.5104,34.1686
2017,9,7,11,0,24,90,920,788,3,46.8206,36.7915
2017,9,7,11,30,24.700000000000003,91,928,823,2.9000000000000004,49.1945,38.6727
2017,9,7,12,0,25.3,91,935,844,2.9000000000000004,50.6169,39.7996
2017,9,7,12,30,25.8,91,933,847,2.8000000000000003,50.8389,39.9764
2017,9,7,13,0,26.3,89,934,837,2.8000000000000003,50.1577,39.4365
2017,9,7,13,30,26.6,88,928,812,2.7,48.4566,38.0884
2017,9,7,14,0,26.8,85,921,773,2.6,45.8094,35.9905
2017,9,7,14,30,26.900000000000002,83,908,720,2.6,42.2336,33.1569
2017,9,7,15,0,26.900000000000002,83,883,654,2.5,37.8204,29.6606
2017,9,7,15,30,26.700000000000003,78,858,577,2.4000000000000004,32.7285,25.6273
2017,9,7,16,0,26.5,74,823,491,2.2,27.1371,21.2000
2017,9,7,16,30,25.700000000000003,68,777,398,1.7000000000000002,21.2491,16.5415
2017,9,7,17,0,24.8,61,710,300,1.3,15.3140,11.8542
2017,9,7,17,30,22.8,51,622,203,1.2000000000000002,9.8550,7.5617
2017,9,7,18,0,20.8,38,476,109,1.1,0.0000,0.0000
2017,9,7,18,30,19.6,18,249,32,1.2000000000000002,0.0000,0.0000
2017,9,7,19,0,18.3,0,0,0,1.3,0.0000,0.0000
2017,9,7,19,30,17.8,0,0,0,1.4000000000000001,0.0000,0.0000
2017,9,7,20,0,17.2,0,0,0,1.4000000000000001,0.0000,0.0000
2017,9,7,20,30,16.900000000000002,0,0,0,1.5,0.0000,0.0000
2017,9,7,21,0,16.5,0,0,0,1.6,0.0000,0.0000
2017,9,7,21,30,16.2,0,0,0,1.7000000000000002,0.0000,0.0000
2017,9,7,22,0,15.9,0,0,0,1.8,0.0000,0.0000
2017,9,7,22,30,15.5,0,0,0,1.8,0.0000,0.0000
2017,9,7,23,0,15.100000000000001,0,0,0,1.9000000000000001,0.0000,0.0000
2017,9,7,23,30,14.700000000000001,0,0,0,1.8,0.0000,0.0000
2017,9,8,0,0,14.4,0,0,0,1.8,0.0000,0.0000
2017,9,8,0,30,14,0,0,0,1.7000000000000002,0.0000,0.0000
2017,9,8,1,0,13.700000000000001,0,0,0,1.7000000000000002,0.0000,0.0000
2017,9,8,1,30,13.4,0,0,0,1.6,0.0000,0.0000
2017,9,8,2,0,13.100000000000001,0,0,0,1.5,0.0000,0.0000
2017,9,8,2,30,12.8,0,0,0,1.4000000000000001,0.0000,0.0000
2017,9,8,3,0,12.600000000000001,0,0,0,1.3,0.0000,0.0000
2017,9,8,3,30,12.4,0,0,0,1.2000000000000002,0.0000,0.0000
2017,9,8,4,0,12.200000000000001,0,0,0,1.1,0.0000,0.0000
2017,9,8,4,30,12.100000000000001,0,0,0,1,0.0000,0.0000
2017,9,8,5,0,12,0,0,0,1,0.0000,0.0000
2017,9,8,5,30,12.4,0,0,0,0.9,0.0000,0.0000
2017,9,8,6,0,12.8,0,0,0,0.8,0.0000,0.0000
2017,9,8,6,30,14.200000000000001,27,254,48,0.9,0.0000,0.0000
2017,9,8,7,0,15.600000000000001,49,439,128,1.1,6.1013,4.6509
2017,9,8,7,30,16.8,66,565,220,0.9,10.8361,8.3394
2017,9,8,8,0,18,79,650,315,0.8,16.3126,12.6520
2017,9,8,8,30,19.8,89,713,409,1,22.0812,17.2100
2017,9,8,9,0,21.5,97,759,499,1.1,27.8082,21.7409
2017,9,8,9,30,22.900000000000002,104,794,581,1.5,33.1550,25.9743
2017,9,8,10,0,24.3,111,814,651,1.9000000000000001,37.8093,29.6616
2017,9,8,10,30,25.400000000000002,115,835,712,2.3000000000000003,41.8887,32.8932
2017,9,8,11,0,26.5,121,842,757,2.7,44.9448,35.3158
2017,9,8,11,30,27.400000000000002,123,852,791,2.9000000000000004,47.2480,37.1408
2017,9,8,12,0,28.3,110,881,816,3.1,48.9022,38.4496
2017,9,8,12,30,28.8,110,882,821,3,49.2414,38.7183
2017,9,8,13,0,29.400000000000002,114,868,807,2.9000000000000004,48.3213,37.9907
2017,9,8,13,30,29.700000000000003,113,862,782,2.7,46.6268,36.6480
2017,9,8,14,0,30,115,840,740,2.5,43.8113,34.4183
2017,9,8,14,30,30,112,824,687,2.4000000000000004,40.2543,31.6005
2017,9,8,15,0,30,110,796,621,2.2,35.8648,28.1241
2017,9,8,15,30,29.700000000000003,104,766,545,2,30.8655,24.1654
2017,9,8,16,0,29.5,98,724,461,1.9000000000000001,25.4303,19.8631
2017,9,8,16,30,28.6,89,671,370,1.6,19.7074,15.3373
2017,9,8,17,0,27.8,78,598,276,1.3,14.0481,10.8698
2017,9,8,17,30,25.700000000000003,126,98,149,1.2000000000000002,7.2156,5.5334
2017,9,8,18,0,23.6,43,355,94,1.1,0.0000,0.0000
2017,9,8,18,30,22.6,17,148,24,1.3,0.0000,0.0000
2017,9,8,19,0,21.5,0,0,0,1.5,0.0000,0.0000
2017,9,8,19,30,21.1,0,0,0,1.7000000000000002,0.0000,0.0000
2017,9,8,20,0,20.700000000000003,0,0,0,1.9000000000000001,0.0000,0.0000
2017,9,8,20,30,20.200000000000003,0,0,0,1.9000000000000001,0.0000,0.0000
2017,9,8,21,0,19.700000000000003,0,0,0,1.9000000000000001,0.0000,0.0000
2017,9,8,21,30,19.200000000000003,0,0,0,1.9000000000000001,0.0000,0.0000
2017,9,8,22,0,18.6,0,0,0,1.8,0.0000,0.0000
2017,9,8,22,30,18.2,0,0,0,1.7000000000000002,0.0000,0.0000
2017,9,8,23,0,17.7,0,0,0,1.6,0.0000,0.0000
2017,9,8,23,30,17.3,0,0,0,1.5,0.0000,0.0000
2017,9,9,0,0,16.900000000000002,0,0,0,1.5,0.0000,0.0000
2017,9,9,0,30,16.6,0,0,0,1.4000000000000001,0.0000,0.0000
2017,9,9,1,0,16.3,0,0,0,1.3,0.0000,0.0000
2017,9,9,1,30,16,0,0,0,1.3,0.0000,0.0000
2017,9,9,2,0,15.700000000000001,0,0,0,1.3,0.0000,0.0000
2017,9,9,2,30,15.5,0,0,0,1.3,0.0000,0.0000
2017,9,9,3,0,15.200000000000001,0,0,0,1.4000000000000001,0.0000,0.0000
2017,9,9,3,30,15.100000000000001,0,0,0,1.4000000000000001,0.0000,0.0000
2017,9,9,4,0,15,0,0,0,1.4000000000000001,0.0000,0.0000
2017,9,9,4,30,14.9,0,0,0,1.5,0.0000,0.0000
2017,9,9,5,0,14.700000000000001,0,0,0,1.5,0.0000,0.0000
2017,9,9,5,30,14.9,0,0,0,1.6,0.0000,0.0000
2017,9,9,6,0,15.200000000000001,0,0,0,1.7000000000000002,0.0000,0.0000
2017,9,9,6,30,16.2,32,1,32,2.3000000000000003,0.0000,0.0000
2017,9,9,7,0,17.3,81,12,83,2.9000000000000004,3.9572,3.0158
2017,9,9,7,30,18.1,101,375,202,3,9.9324,7.6414
2017,9,9,8,0,18.900000000000002,126,467,295,3,15.2505,11.8256
2017,9,9,8,30,20.1,221,287,349,3.2,18.8160,14.6630
2017,9,9,9,0,21.3,165,584,472,3.3000000000000003,26.2738,20.5392
2017,9,9,9,30,22.6,252,416,500,3.7,28.5036,22.3284
2017,9,9,10,0,23.900000000000002,364,153,465,4.2,26.9824,21.1664
2017,9,9,10,30,24.900000000000002,370,104,444,4.6000000000000005,26.1006,20.4944
2017,9,9,11,0,25.8,381,96,454,5,26.9345,21.1629
2017,9,9,11,30,25.700000000000003,411,229,589,5.300000000000001,35.1560,27.6340
2017,9,9,12,0,25.700000000000003,385,257,590,5.7,35.3322,27.7787
2017,9,9,12,30,25,381,56,425,5.7,25.4709,20.0267
2017,9,9,13,0,24.200000000000003,417,167,550,5.800000000000001,32.9060,25.8696
2017,9,9,13,30,23.5,363,45,398,5.6000000000000005,23.7097,18.6344
2017,9,9,14,0,22.700000000000003,308,21,323,5.5,19.1047,15.0078
2017,9,9,14,30,22.6,164,1,165,5.5,9.6571,7.5804
2017,9,9,15,0,22.400000000000002,233,17,244,5.5,14.0735,11.0349
2017,9,9,15,30,22.5,228,28,244,5.6000000000000005,13.7970,10.8005
2017,9,9,16,0,22.6,261,63,293,5.6000000000000005,16.1315,12.5976
2017,9,9,16,30,22.3,220,54,243,5.2,12.9109,10.0451
2017,9,9,17,0,22,131,132,174,4.800000000000001,8.8306,6.8298
2017,9,9,17,30,21.200000000000003,121,32,128,4.1000000000000005,6.1836,4.7391
2017,9,9,18,0,20.3,54,3,54,3.4000000000000004,0.0000,0.0000
2017,9,9,18,30,19.8,14,0,14,3.2,0.0000,0.0000
2017,9,9,19,0,19.3,0,0,0,3,0.0000,0.0000
2017,9,9,19,30,19.1,0,0,0,2.9000000000000004,0.0000,0.0000
2017,9,9,20,0,19,0,0,0,2.8000000000000003,0.0000,0.0000
2017,9,9,20,30,18.900000000000002,0,0,0,3,0.0000,0.0000
2017,9,9,21,0,18.900000000000002,0,0,0,3.2,0.0000,0.0000
2017,9,9,21,30,18.900000000000002,0,0,0,3.5,0.0000,0.0000
2017,9,9,22,0,18.900000000000002,0,0,0,3.7,0.0000,0.0000
2017,9,9,22,30,18.8,0,0,0,3.9000000000000004,0.0000,0.0000
2017,9,9,23,0,18.7,0,0,0,4.1000000000000005,0.0000,0.0000
2017,9,9,23,30,18.5,0,0,0,4.2,0.0000,0.0000
2017,9,10,0,0,18.400000000000002,0,0,0,4.2,0.0000,0.0000
2017,9,10,0,30,18.2,0,0,0,4.2,0.0000,0.0000
2017,9,10,1,0,18.1,0,0,0,4.2,0.0000,0.0000
2017,9,10,1,30,18,0,0,0,4.2,0.0000,0.0000
2017,9,10,2,0,17.900000000000002,0,0,0,4.2,0.0000,0.0000
2017,9,10,2,30,17.8,0,0,0,4.2,0.0000,0.0000
2017,9,10,3,0,17.7,0,0,0,4.2,0.0000,0.0000
2017,9,10,3,30,17.6,0,0,0,4.2,0.0000,0.0000
2017,9,10,4,0,17.5,0,0,0,4.2,0.0000,0.0000
2017,9,10,4,30,17.400000000000002,0,0,0,4.2,0.0000,0.0000
2017,9,10,5,0,17.3,0,0,0,4.3,0.0000,0.0000
2017,9,10,5,30,17.3,0,0,0,4.4,0.0000,0.0000
2017,9,10,6,0,17.3,0,0,0,4.4,0.0000,0.0000
2017,9,10,6,30,17.6,12,0,12,4.5,0.0000,0.0000
2017,9,10,7,0,17.900000000000002,29,0,29,4.5,0.0000,0.0000
2017,9,10,7,30,18.900000000000002,64,1,64,4.6000000000000005,3.1415,2.4161
2017,9,10,8,0,19.8,106,3,107,4.7,5.5224,4.2813
2017,9,10,8,30,21.3,199,29,212,5.300000000000001,11.4131,8.8927
2017,9,10,9,0,22.700000000000003,243,229,362,5.9,20.1266,15.7320
2017,9,10,9,30,23.900000000000002,291,331,487,6.4,27.7350,21.7245
2017,9,10,10,0,25,393,126,475,6.9,27.5386,21.6013
2017,9,10,10,30,25.8,414,219,569,7,33.4206,26.2406
2017,9,10,11,0,26.5,192,701,717,7.1000000000000005,42.5046,33.3948
2017,9,10,11,30,27.1,196,713,750,7,44.7318,35.1593
2017,9,10,12,0,27.6,457,225,636,7,38.0585,29.9207
2017,9,10,12,30,27.900000000000002,180,753,781,6.9,46.7703,36.7715
2017,9,10,13,0,28.3,172,762,773,6.800000000000001,46.2097,36.3265
2017,9,10,13,30,28.400000000000002,170,754,748,6.7,44.5208,34.9886
2017,9,10,14,0,28.5,162,746,710,6.5,41.9530,32.9539
2017,9,10,14,30,28.5,240,1,241,6.300000000000001,14.0891,11.0584
2017,9,10,15,0,28.400000000000002,270,6,274,6,15.7830,12.3740
2017,9,10,15,30,28.200000000000003,320,186,425,5.7,23.9932,18.7798
2017,9,10,16,0,27.900000000000002,127,630,436,5.300000000000001,23.9573,18.7055
2017,9,10,16,30,27.200000000000003,113,573,348,4.6000000000000005,18.4446,14.3465
2017,9,10,17,0,26.5,179,94,210,4,10.6263,8.2150
2017,9,10,17,30,24.900000000000002,74,398,165,3.3000000000000003,7.9533,6.0919
2017,9,10,18,0,23.400000000000002,46,260,81,2.7,0.0000,0.0000
2017,9,10,18,30,22.700000000000003,14,80,17,2.8000000000000003,0.0000,0.0000
2017,9,10,19,0,21.900000000000002,0,0,0,2.8000000000000003,0.0000,0.0000
2017,9,10,19,30,21.700000000000003,0,0,0,3.1,0.0000,0.0000
2017,9,10,20,0,21.5,0,0,0,3.4000000000000004,0.0000,0.0000
2017,9,10,20,30,21.200000000000003,0,0,0,3.7,0.0000,0.0000
2017,9,10,21,0,21,0,0,0,4,0.0000,0.0000
2017,9,10,21,30,20.8,0,0,0,4.1000000000000005,0.0000,0.0000
2017,9,10,22,0,20.6,0,0,0,4.2,0.0000,0.0000
2017,9,10,22,30,20.3,0,0,0,4.2,0.0000,0.0000
2017,9,10,23,0,20.1,0,0,0,4.3,0.0000,0.0000
2017,9,10,23,30,19.700000000000003,0,0,0,4,0.0000,0.0000
2017,9,11,0,0,19.3,0,0,0,3.7,0.0000,0.0000
2017,9,11,0,30,18.7,0,0,0,3.2,0.0000,0.0000
2017,9,11,1,0,18.1,0,0,0,2.7,0.0000,0.0000
2017,9,11,1,30,17.6,0,0,0,2.6,0.0000,0.0000
2017,9,11,2,0,17.1,0,0,0,2.5,0.0000,0.0000
2017,9,11,2,30,16.7,0,0,0,2.5,0.0000,0.0000
2017,9,11,3,0,16.400000000000002,0,0,0,2.5,0.0000,0.0000
2017,9,11,3,30,16.2,0,0,0,2.4000000000000004,0.0000,0.0000
2017,9,11,4,0,15.9,0,0,0,2.4000000000000004,0.0000,0.0000
2017,9,11,4,30,15.700000000000001,0,0,0,2.5,0.0000,0.0000
2017,9,11,5,0,15.5,0,0,0,2.5,0.0000,0.0000
2017,9,11,5,30,15.5,0,0,0,2.7,0.0000,0.0000
2017,9,11,6,0,15.600000000000001,0,0,0,2.9000000000000004,0.0000,0.0000
2017,9,11,6,30,16.2,25,129,34,3.2,0.0000,0.0000
2017,9,11,7,0,16.8,59,287,108,3.4000000000000004,0.0000,0.0000
2017,9,11,7,30,18,87,408,195,3.3000000000000003,9.5557,7.3467
2017,9,11,8,0,19.3,108,508,287,3.2,14.7867,11.4607
2017,9,11,8,30,21.3,243,193,328,3.6,17.6333,13.7371
2017,9,11,9,0,23.400000000000002,126,663,470,4,26.0996,20.3986
2017,9,11,9,30,24.900000000000002,135,703,550,4,31.2901,24.5071
2017,9,11,10,0,26.3,140,739,623,4.1000000000000005,36.0859,28.3039
2017,9,11,10,30,27.200000000000003,146,760,681,3.9000000000000004,39.9661,31.3779
2017,9,11,11,0,28.1,148,780,729,3.7,43.1822,33.9253
2017,9,11,11,30,28.6,151,791,763,3.5,45.4723,35.7394
2017,9,11,12,0,29.200000000000003,172,760,773,3.4000000000000004,46.2205,36.3356
2017,9,11,12,30,29.5,172,762,777,3.3000000000000003,46.4940,36.5524
2017,9,11,13,0,29.8,170,762,767,3.2,45.8124,36.0122
2017,9,11,13,30,29.900000000000002,167,753,742,3.1,44.1232,34.6739
2017,9,11,14,0,30,163,739,702,3,41.4381,32.5471
2017,9,11,14,30,29.900000000000002,157,720,649,2.9000000000000004,37.8980,29.7433
2017,9,11,15,0,29.8,144,707,587,2.8000000000000003,33.7658,26.4698
2017,9,11,15,30,29.400000000000002,135,672,512,2.5,28.8564,22.5830
2017,9,11,16,0,29,123,630,430,2.3000000000000003,23.5789,18.4063
2017,9,11,16,30,28.1,110,571,341,1.8,18.0276,14.0179
2017,9,11,17,0,27.200000000000003,92,496,249,1.3,12.5625,9.7075
2017,9,11,17,30,25.3,71,391,159,1.2000000000000002,7.6475,5.8542
2017,9,11,18,0,23.3,44,251,76,1,0.0000,0.0000
2017,9,11,18,30,22.400000000000002,12,70,14,1.1,0.0000,0.0000
2017,9,11,19,0,21.400000000000002,0,0,0,1.2000000000000002,0.0000,0.0000
2017,9,11,19,30,20.900000000000002,0,0,0,1.2000000000000002,0.0000,0.0000
2017,9,11,20,0,20.400000000000002,0,0,0,1.3,0.0000,0.0000
2017,9,11,20,30,20,0,0,0,1.4000000000000001,0.0000,0.0000
2017,9,11,21,0,19.6,0,0,0,1.4000000000000001,0.0000,0.0000
2017,9,11,21,30,19.200000000000003,0,0,0,1.4000000000000001,0.0000,0.0000
2017,9,11,22,0,18.7,0,0,0,1.5,0.0000,0.0000
2017,9,11,22,30,18.3,0,0,0,1.4000000000000001,0.0000,0.0000
2017,9,11,23,0,17.900000000000002,0,0,0,1.4000000000000001,0.0000,0.0000
2017,9,11,23,30,17.5,0,0,0,1.4000000000000001,0.0000,0.0000
2017,9,12,0,0,17.1,0,0,0,1.3,0.0000,0.0000
2017,9,12,0,30,16.8,0,0,0,1.3,0.0000,0.0000
2017,9,12,1,0,16.400000000000002,0,0,0,1.2000000000000002,0.0000,0.0000
2017,9,12,1,30,16.2,0,0,0,1.2000000000000002,0.0000,0.0000
2017,9,12,2,0,15.9,0,0,0,1.1,0.0000,0.0000
2017,9,12,2,30,15.700000000000001,0,0,0,1.1,0.0000,0.0000
2017,9,12,3,0,15.5,0,0,0,1.1,0.0000,0.0000
2017,9,12,3,30,15.3,0,0,0,1.1,0.0000,0.0000
2017,9,12,4,0,15.200000000000001,0,0,0,1.1,0.0000,0.0000
2017,9,12,4,30,15,0,0,0,1.1,0.0000,0.0000
2017,9,12,5,0,14.9,0,0,0,1.1,0.0000,0.0000
2017,9,12,5,30,15,0,0,0,1.1,0.0000,0.0000
2017,9,12,6,0,15.200000000000001,0,0,0,1,0.0000,0.0000
2017,9,12,6,30,16.7,24,161,35,1.5,0.0000,0.0000
2017,9,12,7,0,18.1,54,345,111,2,0.0000,0.0000
2017,9,12,7,30,19.3,76,475,200,1.9000000000000001,9.7843,7.5199
2017,9,12,8,0,20.5,93,577,295,1.8,15.1735,11.7579
2017,9,12,8,30,22.5,106,646,388,1.8,20.8279,16.2233
2017,9,12,9,0,24.400000000000002,116,702,478,1.9000000000000001,26.5115,20.7181
2017,9,12,9,30,25.900000000000002,124,741,559,2.2,31.7685,24.8797
2017,9,12,10,0,27.3,131,771,631,2.4000000000000004,36.5154,28.6387
2017,9,12,10,30,27.900000000000002,136,793,692,2.5,40.5766,31.8552
2017,9,12,11,0,28.5,141,806,739,2.7,43.7386,34.3605
2017,9,12,11,30,29,144,817,773,2.7,46.0323,36.1777
2017,9,12,12,0,29.5,127,853,798,2.8000000000000003,47.6775,37.4790
2017,9,12,12,30,29.700000000000003,128,855,802,2.7,47.9505,37.6953
2017,9,12,13,0,30,131,844,790,2.7,47.1459,37.0582
2017,9,12,13,30,30.1,129,836,764,2.6,45.3891,35.6664
2017,9,12,14,0,30.1,130,817,722,2.5,42.5745,33.4373
2017,9,12,14,30,30,126,799,669,2.3000000000000003,39.0195,30.6208
2017,9,12,15,0,29.8,116,786,605,2.2,34.7524,27.2401
2017,9,12,15,30,29.400000000000002,109,753,529,2,29.7653,23.2910
2017,9,12,16,0,29,189,482,420,1.9000000000000001,22.9823,17.9369
2017,9,12,16,30,28,92,653,352,1.6,18.5610,14.4283
2017,9,12,17,0,27.1,146,354,256,1.2000000000000002,12.8774,9.9462
2017,9,12,17,30,25.3,107,159,141,1.1,6.7682,5.1781
2017,9,12,18,0,23.5,64,41,69,1,0.0000,0.0000
2017,9,12,18,30,22.5,11,1,11,1.1,0.0000,0.0000
2017,9,12,19,0,21.6,0,0,0,1.2000000000000002,0.0000,0.0000
2017,9,12,19,30,21.1,0,0,0,1.2000000000000002,0.0000,0.0000
2017,9,12,20,0,20.5,0,0,0,1.2000000000000002,0.0000,0.0000
2017,9,12,20,30,20.1,0,0,0,1.2000000000000002,0.0000,0.0000
2017,9,12,21,0,19.6,0,0,0,1.3,0.0000,0.0000
2017,9,12,21,30,19.200000000000003,0,0,0,1.3,0.0000,0.0000
2017,9,12,22,0,18.8,0,0,0,1.3,0.0000,0.0000
2017,9,12,22,30,18.5,0,0,0,1.4000000000000001,0.0000,0.0000
2017,9,12,23,0,18.1,0,0,0,1.4000000000000001,0.0000,0.0000
2017,9,12,23,30,17.7,0,0,0,1.4000000000000001,0.0000,0.0000
2017,9,13,0,0,17.400000000000002,0,0,0,1.4000000000000001,0.0000,0.0000
2017,9,13,0,30,17.1,0,0,0,1.5,0.0000,0.0000
2017,9,13,1,0,16.7,0,0,0,1.5,0.0000,0.0000
2017,9,13,1,30,16.400000000000002,0,0,0,1.5,0.0000,0.0000
2017,9,13,2,0,16.1,0,0,0,1.5,0.0000,0.0000
2017,9,13,2,30,15.8,0,0,0,1.6,0.0000,0.0000
2017,9,13,3,0,15.5,0,0,0,1.6,0.0000,0.0000
2017,9,13,3,30,15.3,0,0,0,1.6,0.0000,0.0000
2017,9,13,4,0,15.100000000000001,0,0,0,1.7000000000000002,0.0000,0.0000
2017,9,13,4,30,14.9,0,0,0,1.7000000000000002,0.0000,0.0000
2017,9,13,5,0,14.700000000000001,0,0,0,1.7000000000000002,0.0000,0.0000
2017,9,13,5,30,14.9,0,0,0,1.7000000000000002,0.0000,0.0000
2017,9,13,6,0,15.100000000000001,0,0,0,1.8,0.0000,0.0000
2017,9,13,6,30,16.6,23,196,37,2.3000000000000003,0.0000,0.0000
2017,9,13,7,0,18.1,50,388,113,2.9000000000000004,0.0000,0.0000
2017,9,13,7,30,19.5,69,520,203,2.9000000000000004,9.9146,7.6175
2017,9,13,8,0,20.900000000000002,85,611,297,2.9000000000000004,15.2493,11.8138
2017,9,13,8,30,22.8,96,677,390,3,20.9039,16.2798
2017,9,13,9,0,24.700000000000003,111,711,476,3.1,26.3665,20.6023
2017,9,13,9,30,26.1,119,750,557,3.3000000000000003,31.6211,24.7619
2017,9,13,10,0,27.5,126,776,627,3.4000000000000004,36.2485,28.4272
2017,9,13,10,30,28.3,131,795,685,3.3000000000000003,40.1310,31.5034
2017,9,13,11,0,29.1,391,301,613,3.2,36.2519,28.4774
2017,9,13,11,30,29.700000000000003,416,274,626,3.1,37.2481,29.2724
2017,9,13,12,0,30.3,312,2,314,3,18.7452,14.7347
2017,9,13,12,30,30.6,329,3,331,3,19.7739,15.5440
2017,9,13,13,0,31,445,187,590,2.9000000000000004,35.1795,27.6507
2017,9,13,13,30,31.200000000000003,374,45,408,2.9000000000000004,24.2162,19.0276
2017,9,13,14,0,31.3,180,0,180,2.8000000000000003,10.6027,8.3265
2017,9,13,14,30,31.200000000000003,324,30,344,2.8000000000000003,20.0396,15.7248
2017,9,13,15,0,31.1,189,0,190,2.7,10.8984,8.5416
2017,9,13,15,30,30.700000000000003,257,182,357,2.6,20.0527,15.6886
2017,9,13,16,0,30.200000000000003,271,120,328,2.4000000000000004,17.9110,13.9760
2017,9,13,16,30,29.1,219,130,270,2,14.1998,11.0347
2017,9,13,17,0,28,85,522,244,1.5,12.2361,9.4463
2017,9,13,17,30,26.1,100,6,101,1.4000000000000001,4.8394,3.7003
2017,9,13,18,0,24.200000000000003,53,3,53,1.4000000000000001,0.0000,0.0000
2017,9,13,18,30,23.400000000000002,6,0,6,1.5,0.0000,0.0000
2017,9,13,19,0,22.6,0,0,0,1.7000000000000002,0.0000,0.0000
2017,9,13,19,30,22.200000000000003,0,0,0,1.8,0.0000,0.0000
2017,9,13,20,0,21.8,0,0,0,2,0.0000,0.0000
2017,9,13,20,30,21.400000000000002,0,0,0,2.1,0.0000,0.0000
2017,9,13,21,0,21.1,0,0,0,2.3000000000000003,0.0000,0.0000
2017,9,13,21,30,20.8,0,0,0,2.4000000000000004,0.0000,0.0000
2017,9,13,22,0,20.400000000000002,0,0,0,2.6,0.0000,0.0000
2017,9,13,22,30,20.1,0,0,0,2.7,0.0000,0.0000
2017,9,13,23,0,19.8,0,0,0,2.7,0.0000,0.0000
2017,9,13,23,30,19.400000000000002,0,0,0,2.6,0.0000,0.0000
2017,9,14,0,0,19,0,0,0,2.5,0.0000,0.0000
2017,9,14,0,30,18.7,0,0,0,2.5,0.0000,0.0000
2017,9,14,1,0,18.400000000000002,0,0,0,2.4000000000000004,0.0000,0.0000
2017,9,14,1,30,18.2,0,0,0,2.4000000000000004,0.0000,0.0000
2017,9,14,2,0,18,0,0,0,2.4000000000000004,0.0000,0.0000
2017,9,14,2,30,17.900000000000002,0,0,0,2.4000000000000004,0.0000,0.0000
2017,9,14,3,0,17.7,0,0,0,2.4000000000000004,0.0000,0.0000
2017,9,14,3,30,17.5,0,0,0,2.4000000000000004,0.0000,0.0000
2017,9,14,4,0,17.3,0,0,0,2.4000000000000004,0.0000,0.0000
2017,9,14,4,30,17,0,0,0,2.4000000000000004,0.0000,0.0000
2017,9,14,5,0,16.8,0,0,0,2.4000000000000004,0.0000,0.0000
2017,9,14,5,30,16.8,0,0,0,2.6,0.0000,0.0000
2017,9,14,6,0,16.7,0,0,0,2.7,0.0000,0.0000
2017,9,14,6,30,17.6,22,189,34,3.2,0.0000,0.0000
2017,9,14,7,0,18.5,47,395,109,3.6,0.0000,0.0000
2017,9,14,7,30,20.1,136,56,150,3.9000000000000004,7.3142,5.6176
2017,9,14,8,0,21.700000000000003,153,59,173,4.2,8.8668,6.8675
2017,9,14,8,30,23.400000000000002,176,319,314,4.7,16.8048,13.0853
2017,9,14,9,0,25.200000000000003,98,736,473,5.2,26.1677,20.4446
2017,9,14,9,30,26.5,105,772,553,5.4,31.3600,24.5553
2017,9,14,10,0,27.900000000000002,349,215,487,5.5,28.1280,22.0572
2017,9,14,10,30,29,113,824,684,5.6000000000000005,40.0369,31.4275
2017,9,14,11,0,30,113,845,733,5.7,43.3120,34.0214
2017,9,14,11,30,30.900000000000002,115,854,766,5.6000000000000005,45.5407,35.7873
2017,9,14,12,0,31.900000000000002,109,872,787,5.6000000000000005,46.9438,36.8982
2017,9,14,12,30,32.5,109,872,790,5.5,47.1542,37.0652
2017,9,14,13,0,33.1,416,244,604,5.4,35.9824,28.2800
2017,9,14,13,30,33.300000000000004,110,857,752,5.2,44.5906,35.0343
2017,9,14,14,0,33.5,111,838,711,5,41.8358,32.8520
2017,9,14,14,30,33.5,373,141,467,4.7,27.1706,21.3184
2017,9,14,15,0,33.4,103,795,591,4.4,33.8505,26.5272
2017,9,14,15,30,33,98,764,515,3.8000000000000003,28.8767,22.5888
2017,9,14,16,0,32.6,91,722,430,3.1,23.4300,18.2786
2017,9,14,16,30,31.5,82,666,341,2.4000000000000004,17.8862,13.8949
2017,9,14,17,0,30.3,69,594,247,1.6,12.3497,9.5293
2017,9,14,17,30,28.5,54,482,154,1.7000000000000002,7.3671,5.6298
2017,9,14,18,0,26.700000000000003,34,317,70,1.7000000000000002,0.0000,0.0000
2017,9,14,18,30,25.900000000000002,9,78,10,2,0.0000,0.0000
2017,9,14,19,0,25.1,0,0,0,2.3000000000000003,0.0000,0.0000
2017,9,14,19,30,24.5,0,0,0,2.5,0.0000,0.0000
2017,9,14,20,0,23.900000000000002,0,0,0,2.7,0.0000,0.0000
2017,9,14,20,30,23.3,0,0,0,2.8000000000000003,0.0000,0.0000
2017,9,14,21,0,22.8,0,0,0,3,0.0000,0.0000
2017,9,14,21,30,22.3,0,0,0,3,0.0000,0.0000
2017,9,14,22,0,21.8,0,0,0,3,0.0000,0.0000
2017,9,14,22,30,21.400000000000002,0,0,0,3,0.0000,0.0000
2017,9,14,23,0,21,0,0,0,2.9000000000000004,0.0000,0.0000
2017,9,14,23,30,20.8,0,0,0,2.9000000000000004,0.0000,0.0000
2017,9,15,0,0,20.6,0,0,0,2.9000000000000004,0.0000,0.0000
2017,9,15,0,30,20.5,0,0,0,2.8000000000000003,0.0000,0.0000
2017,9,15,1,0,20.3,0,0,0,2.8000000000000003,0.0000,0.0000
2017,9,15,1,30,20.1,0,0,0,2.6,0.0000,0.0000
2017,9,15,2,0,19.900000000000002,0,0,0,2.4000000000000004,0.0000,0.0000
2017,9,15,2,30,19.700000000000003,0,0,0,2,0.0000,0.0000
2017,9,15,3,0,19.400000000000002,0,0,0,1.6,0.0000,0.0000
2017,9,15,3,30,19.1,0,0,0,1.4000000000000001,0.0000,0.0000
2017,9,15,4,0,18.7,0,0,0,1.1,0.0000,0.0000
2017,9,15,4,30,18.5,0,0,0,1.5,0.0000,0.0000
2017,9,15,5,0,18.400000000000002,0,0,0,1.9000000000000001,0.0000,0.0000
2017,9,15,5,30,18.3,0,0,0,2.4000000000000004,0.0000,0.0000
2017,9,15,6,0,18.2,0,0,0,2.9000000000000004,0.0000,0.0000
2017,9,15,6,30,18.7,19,0,19,3.2,0.0000,0.0000
2017,9,15,7,0,19.1,55,274,98,3.5,0.0000,0.0000
2017,9,15,7,30,20.400000000000002,82,406,184,3.9000000000000004,8.9569,6.8768
2017,9,15,8,0,21.6,96,533,278,4.3,14.2229,11.0132
2017,9,15,8,30,23.400000000000002,110,606,369,4.800000000000001,19.7182,15.3512
2017,9,15,9,0,25.1,117,674,458,5.300000000000001,25.3044,19.7677
2017,9,15,9,30,26.6,126,713,537,5.7,30.4194,23.8166
2017,9,15,10,0,28.1,315,354,541,6.1000000000000005,31.2156,24.4766
2017,9,15,10,30,29.3,139,762,665,6.4,38.8898,30.5251
2017,9,15,11,0,30.400000000000002,149,768,709,6.800000000000001,41.8580,32.8773
2017,9,15,11,30,31.200000000000003,399,300,626,7,37.1869,29.2210
2017,9,15,12,0,32,120,839,770,7.300000000000001,45.8915,36.0690
2017,9,15,12,30,32.5,121,840,774,7.4,46.1591,36.2809
2017,9,15,13,0,33,117,841,762,7.5,45.3531,35.6425
2017,9,15,13,30,33.2,299,431,621,7.5,36.7857,28.9001
2017,9,15,14,0,33.4,120,807,694,7.5,40.7910,32.0291
2017,9,15,14,30,33.2,331,310,537,7.4,31.2043,24.4809
2017,9,15,15,0,33,168,580,521,7.300000000000001,29.7972,23.3479
2017,9,15,15,30,32.5,222,398,437,7.1000000000000005,24.4594,19.1303
2017,9,15,16,0,32,192,30,206,6.800000000000001,11.2000,8.7355
2017,9,15,16,30,31.200000000000003,183,81,214,6.300000000000001,11.1937,8.6928
2017,9,15,17,0,30.3,157,38,168,5.800000000000001,8.3740,6.4582
2017,9,15,17,30,29.200000000000003,93,18,96,5.4,4.5861,3.5027
2017,9,15,18,0,28.1,44,5,45,4.9,0.0000,0.0000
2017,9,15,18,30,27.3,0,0,0,4.800000000000001,0.0000,0.0000
2017,9,15,19,0,26.5,0,0,0,4.7,0.0000,0.0000
2017,9,15,19,30,25.900000000000002,0,0,0,4.4,0.0000,0.0000
2017,9,15,20,0,25.3,0,0,0,4.1000000000000005,0.0000,0.0000
2017,9,15,20,30,24.700000000000003,0,0,0,3.6,0.0000,0.0000
2017,9,15,21,0,24.200000000000003,0,0,0,3.2,0.0000,0.0000
2017,9,15,21,30,23.700000000000003,0,0,0,2.5,0.0000,0.0000
2017,9,15,22,0,23.3,0,0,0,1.9000000000000001,0.0000,0.0000
2017,9,15,22,30,22.900000000000002,0,0,0,1.5,0.0000,0.0000
2017,9,15,23,0,22.5,0,0,0,1.1,0.0000,0.0000
2017,9,15,23,30,22.200000000000003,0,0,0,0.9,0.0000,0.0000
2017,9,16,0,0,21.900000000000002,0,0,0,0.7000000000000001,0.0000,0.0000
2017,9,16,0,30,21.5,0,0,0,0.8,0.0000,0.0000
2017,9,16,1,0,21.1,0,0,0,0.8,0.0000,0.0000
2017,9,16,1,30,20.5,0,0,0,0.9,0.0000,0.0000
2017,9,16,2,0,20,0,0,0,0.9,0.0000,0.0000
2017,9,16,2,30,19.6,0,0,0,1.1,0.0000,0.0000
2017,9,16,3,0,19.200000000000003,0,0,0,1.3,0.0000,0.0000
2017,9,16,3,30,18.900000000000002,0,0,0,1.4000000000000001,0.0000,0.0000
2017,9,16,4,0,18.6,0,0,0,1.6,0.0000,0.0000
2017,9,16,4,30,18.3,0,0,0,1.7000000000000002,0.0000,0.0000
2017,9,16,5,0,18,0,0,0,1.7000000000000002,0.0000,0.0000
2017,9,16,5,30,17.900000000000002,0,0,0,1.7000000000000002,0.0000,0.0000
2017,9,16,6,0,17.8,0,0,0,1.8,0.0000,0.0000
2017,9,16,6,30,18.2,21,77,26,2,0.0000,0.0000
2017,9,16,7,0,18.7,45,2,46,2.2,0.0000,0.0000
2017,9,16,7,30,19.400000000000002,83,395,181,2.1,8.7970,6.7517
2017,9,16,8,0,20.200000000000003,101,507,272,1.9000000000000001,13.8910,10.7534
2017,9,16,8,30,20.900000000000002,15,0,15,1.6,0.8003,0.6230
2017,9,16,9,0,21.6,130,0,131,1.3,7.2285,5.6462
2017,9,16,9,30,22,313,58,347,1.6,19.6339,15.3706
2017,9,16,10,0,22.5,99,0,99,1.8,5.7065,4.4742
2017,9,16,10,30,22.6,108,0,108,2.3000000000000003,6.3102,4.9526
2017,9,16,11,0,22.700000000000003,34,0,34,2.9000000000000004,2.0056,1.5752
2017,9,16,11,30,22.400000000000002,361,27,382,3.3000000000000003,22.6730,17.8151
2017,9,16,12,0,22.200000000000003,126,0,126,3.8000000000000003,7.5032,5.8969
2017,9,16,12,30,21.400000000000002,202,0,202,4.2,12.0361,9.4597
2017,9,16,13,0,20.6,319,4,321,4.7,19.0879,15.0001
2017,9,16,13,30,19.700000000000003,378,73,432,4.9,25.5645,20.0829
2017,9,16,14,0,18.7,227,0,227,5.1000000000000005,13.3271,10.4636
2017,9,16,14,30,18,153,0,153,5,8.8793,6.9655
2017,9,16,15,0,17.400000000000002,160,0,160,4.9,9.1370,7.1586
2017,9,16,15,30,17.1,142,0,142,4.800000000000001,7.9335,6.2040
2017,9,16,16,0,16.900000000000002,110,0,110,4.7,5.9672,4.6531
2017,9,16,16,30,16.6,57,0,57,4.6000000000000005,2.9734,2.3083
2017,9,16,17,0,16.3,9,0,9,4.5,0.4472,0.3447
2017,9,16,17,30,15.8,75,1,75,4.2,3.5792,2.7322
2017,9,16,18,0,15.3,36,209,57,3.9000000000000004,0.0000,0.0000
2017,9,16,18,30,14.8,0,0,0,3.7,0.0000,0.0000
2017,9,16,19,0,14.3,0,0,0,3.5,0.0000,0.0000
2017,9,16,19,30,13.9,0,0,0,3.6,0.0000,0.0000
2017,9,16,20,0,13.5,0,0,0,3.8000000000000003,0.0000,0.0000
2017,9,16,20,30,13.200000000000001,0,0,0,3.9000000000000004,0.0000,0.0000
2017,9,16,21,0,12.8,0,0,0,4.1000000000000005,0.0000,0.0000
2017,9,16,21,30,12.4,0,0,0,3.9000000000000004,0.0000,0.0000
2017,9,16,22,0,12,0,0,0,3.7,0.0000,0.0000
2017,9,16,22,30,11.600000000000001,0,0,0,3.4000000000000004,0.0000,0.0000
2017,9,16,23,0,11.200000000000001,0,0,0,3.1,0.0000,0.0000
2017,9,16,23,30,10.8,0,0,0,3.1,0.0000,0.0000
2017,9,17,0,0,10.3,0,0,0,3.1,0.0000,0.0000
2017,9,17,0,30,10,0,0,0,3,0.0000,0.0000
2017,9,17,1,0,9.700000000000001,0,0,0,2.9000000000000004,0.0000,0.0000
2017,9,17,1,30,9.3,0,0,0,2.7,0.0000,0.0000
2017,9,17,2,0,9,0,0,0,2.5,0.0000,0.0000
2017,9,17,2,30,8.700000000000001,0,0,0,2.4000000000000004,0.0000,0.0000
2017,9,17,3,0,8.5,0,0,0,2.2,0.0000,0.0000
2017,9,17,3,30,8.3,0,0,0,2.1,0.0000,0.0000
2017,9,17,4,0,8.1,0,0,0,2,0.0000,0.0000
2017,9,17,4,30,7.9,0,0,0,2,0.0000,0.0000
2017,9,17,5,0,7.7,0,0,0,2,0.0000,0.0000
2017,9,17,5,30,7.9,0,0,0,2.1,0.0000,0.0000
2017,9,17,6,0,8,0,0,0,2.3000000000000003,0.0000,0.0000
2017,9,17,6,30,9,23,2,23,2.7,0.0000,0.0000
2017,9,17,7,0,9.9,47,3,48,3.1,0.0000,0.0000
2017,9,17,7,30,11.4,121,161,160,3.6,7.7643,5.9570
2017,9,17,8,0,12.9,167,160,220,4,11.2140,8.6787
2017,9,17,8,30,14,186,368,340,3.9000000000000004,18.1109,14.0949
2017,9,17,9,0,15.100000000000001,217,323,379,3.8000000000000003,20.8849,16.3111
2017,9,17,9,30,16,253,351,453,3.7,25.6017,20.0406
2017,9,17,10,0,16.8,231,448,514,3.5,29.5973,23.2039
2017,9,17,10,30,17.7,217,573,608,3.5,35.4902,27.8528
2017,9,17,11,0,18.5,302,363,564,3.4000000000000004,33.2384,26.1038
2017,9,17,11,30,19.400000000000002,257,554,672,3.4000000000000004,39.8509,31.3106
2017,9,17,12,0,20.200000000000003,193,633,677,3.4000000000000004,40.2799,31.6548
2017,9,17,12,30,20.8,318,2,320,3.2,19.0499,14.9713
2017,9,17,13,0,21.400000000000002,310,26,330,3,19.6043,15.4048
2017,9,17,13,30,21.5,329,352,588,2.8000000000000003,34.7607,27.3053
2017,9,17,14,0,21.700000000000003,277,483,615,2.7,36.0648,28.3134
2017,9,17,14,30,21.700000000000003,200,572,574,2.6,33.2677,26.0946
2017,9,17,15,0,21.6,169,617,537,2.5,30.6194,23.9862
2017,9,17,15,30,21.400000000000002,280,45,304,2.4000000000000004,16.9530,13.2550
2017,9,17,16,0,21.200000000000003,91,729,423,2.4000000000000004,22.8930,17.8473
2017,9,17,16,30,20.6,82,668,330,2,17.1666,13.3222
2017,9,17,17,0,20,70,583,235,1.7000000000000002,11.6420,8.9691
2017,9,17,17,30,18.3,54,458,141,1.4000000000000001,6.7237,5.1300
2017,9,17,18,0,16.7,32,268,57,1,0.0000,0.0000
2017,9,17,18,30,16,0,0,0,1.1,0.0000,0.0000
2017,9,17,19,0,15.4,0,0,0,1.2000000000000002,0.0000,0.0000
2017,9,17,19,30,15.3,0,0,0,1.3,0.0000,0.0000
2017,9,17,20,0,15.3,0,0,0,1.4000000000000001,0.0000,0.0000
2017,9,17,20,30,15.200000000000001,0,0,0,1.6,0.0000,0.0000
2017,9,17,21,0,15.100000000000001,0,0,0,1.7000000000000002,0.0000,0.0000
2017,9,17,21,30,14.9,0,0,0,1.8,0.0000,0.0000
2017,9,17,22,0,14.8,0,0,0,2,0.0000,0.0000
2017,9,17,22,30,14.5,0,0,0,1.9000000000000001,0.0000,0.0000
2017,9,17,23,0,14.200000000000001,0,0,0,1.9000000000000001,0.0000,0.0000
2017,9,17,23,30,13.9,0,0,0,1.9000000000000001,0.0000,0.0000
2017,9,18,0,0,13.600000000000001,0,0,0,1.8,0.0000,0.0000
2017,9,18,0,30,13.4,0,0,0,1.8,0.0000,0.0000
2017,9,18,1,0,13.3,0,0,0,1.8,0.0000,0.0000
2017,9,18,1,30,13.3,0,0,0,2,0.0000,0.0000
2017,9,18,2,0,13.3,0,0,0,2.1,0.0000,0.0000
2017,9,18,2,30,13.4,0,0,0,2.1,0.0000,0.0000
2017,9,18,3,0,13.4,0,0,0,2,0.0000,0.0000
2017,9,18,3,30,13.600000000000001,0,0,0,1.8,0.0000,0.0000
2017,9,18,4,0,13.8,0,0,0,1.6,0.0000,0.0000
2017,9,18,4,30,14,0,0,0,1.3,0.0000,0.0000
2017,9,18,5,0,14.100000000000001,0,0,0,0.9,0.0000,0.0000
2017,9,18,5,30,14.200000000000001,0,0,0,0.9,0.0000,0.0000
2017,9,18,6,0,14.200000000000001,0,0,0,0.8,0.0000,0.0000
2017,9,18,6,30,14.4,5,0,5,1.1,0.0000,0.0000
2017,9,18,7,0,14.5,23,0,23,1.4000000000000001,0.0000,0.0000
2017,9,18,7,30,14.9,76,2,77,1.7000000000000002,3.7306,2.8612
2017,9,18,8,0,15.200000000000001,140,14,145,2.1,7.3776,5.7082
2017,9,18,8,30,15.5,140,12,145,2.2,7.7116,6.0005
2017,9,18,9,0,15.8,144,4,146,2.3000000000000003,8.0344,6.2741
2017,9,18,9,30,16.3,222,21,234,2.2,13.2091,10.3389
2017,9,18,10,0,16.7,235,14,244,2.1,14.0355,11.0028
2017,9,18,10,30,17.5,255,11,263,1.9000000000000001,15.3370,12.0357
2017,9,18,11,0,18.2,257,9,264,1.7000000000000002,15.5445,12.2071
2017,9,18,11,30,19,257,7,262,1.6,15.5231,12.1956
2017,9,18,12,0,19.8,140,1,141,1.4000000000000001,8.3816,6.5865
2017,9,18,12,30,20.400000000000002,334,32,358,1.3,21.2926,16.7328
2017,9,18,13,0,21,284,14,295,1.1,17.5080,13.7566
2017,9,18,13,30,21.6,361,123,451,1.1,26.6333,20.9195
2017,9,18,14,0,22.3,291,32,313,1.1,18.3339,14.3922
2017,9,18,14,30,22.700000000000003,153,0,153,1.2000000000000002,8.8556,6.9454
2017,9,18,15,0,23.200000000000003,225,2,226,1.3,12.8658,10.0773
2017,9,18,15,30,23.3,122,0,122,1.4000000000000001,6.7904,5.3082
2017,9,18,16,0,23.3,72,0,72,1.6,3.8877,3.0301
2017,9,18,16,30,22.900000000000002,89,0,89,1.4000000000000001,4.6165,3.5813
2017,9,18,17,0,22.400000000000002,113,3,114,1.2000000000000002,5.6310,4.3358
2017,9,18,17,30,20.8,94,13,96,1.1,4.5759,3.4898
2017,9,18,18,0,19.3,32,214,51,1,0.0000,0.0000
2017,9,18,18,30,18.8,0,0,0,1.2000000000000002,0.0000,0.0000
2017,9,18,19,0,18.3,0,0,0,1.3,0.0000,0.0000
2017,9,18,19,30,18.2,0,0,0,1.6,0.0000,0.0000
2017,9,18,20,0,18.1,0,0,0,1.8,0.0000,0.0000
2017,9,18,20,30,18,0,0,0,2,0.0000,0.0000
2017,9,18,21,0,17.900000000000002,0,0,0,2.2,0.0000,0.0000
2017,9,18,21,30,17.7,0,0,0,2.3000000000000003,0.0000,0.0000
2017,9,18,22,0,17.400000000000002,0,0,0,2.4000000000000004,0.0000,0.0000
2017,9,18,22,30,17.400000000000002,0,0,0,2.5,0.0000,0.0000
2017,9,18,23,0,17.400000000000002,0,0,0,2.7,0.0000,0.0000
2017,9,18,23,30,17.3,0,0,0,2.7,0.0000,0.0000
2017,9,19,0,0,17.3,0,0,0,2.7,0.0000,0.0000
2017,9,19,0,30,17.2,0,0,0,2.7,0.0000,0.0000
2017,9,19,1,0,17.1,0,0,0,2.7,0.0000,0.0000
2017,9,19,1,30,17,0,0,0,2.8000000000000003,0.0000,0.0000
2017,9,19,2,0,16.900000000000002,0,0,0,2.8000000000000003,0.0000,0.0000
2017,9,19,2,30,16.8,0,0,0,2.8000000000000003,0.0000,0.0000
2017,9,19,3,0,16.8,0,0,0,2.8000000000000003,0.0000,0.0000
2017,9,19,3,30,16.7,0,0,0,2.7,0.0000,0.0000
2017,9,19,4,0,16.6,0,0,0,2.7,0.0000,0.0000
2017,9,19,4,30,16.6,0,0,0,2.7,0.0000,0.0000
2017,9,19,5,0,16.5,0,0,0,2.7,0.0000,0.0000
2017,9,19,5,30,16.6,0,0,0,2.9000000000000004,0.0000,0.0000
2017,9,19,6,0,16.7,0,0,0,3,0.0000,0.0000
2017,9,19,6,30,17.3,18,163,26,3.3000000000000003,0.0000,0.0000
2017,9,19,7,0,17.900000000000002,42,385,97,3.7,0.0000,0.0000
2017,9,19,7,30,18.900000000000002,60,534,186,3.9000000000000004,8.9977,6.8982
2017,9,19,8,0,19.900000000000002,73,632,280,4.1000000000000005,14.2192,10.9985
2017,9,19,8,30,21.3,83,704,374,4.5,19.8575,15.4486
2017,9,19,9,0,22.700000000000003,236,134,302,4.800000000000001,16.5953,12.9574
2017,9,19,9,30,24,262,119,329,5.2,18.5496,14.5174
2017,9,19,10,0,25.400000000000002,235,457,520,5.5,29.8803,23.4219
2017,9,19,10,30,26.400000000000002,104,842,672,5.9,39.1497,30.7204
2017,9,19,11,0,27.5,107,851,715,6.300000000000001,42.0604,33.0278
2017,9,19,11,30,28.3,109,857,745,6.6000000000000005,44.1005,34.6452
2017,9,19,12,0,29,269,521,663,7,39.3753,30.9401
2017,9,19,12,30,29.6,262,570,695,7.2,41.2978,32.4519
2017,9,19,13,0,30.200000000000003,105,861,750,7.4,44.4687,34.9384
2017,9,19,13,30,30.6,104,855,725,7.4,42.7690,33.5910
2017,9,19,14,0,30.900000000000002,190,607,610,7.5,35.6878,28.0126
2017,9,19,14,30,31.1,149,660,575,7.4,33.2362,26.0645
2017,9,19,15,0,31.200000000000003,178,573,515,7.4,29.2719,22.9246
2017,9,19,15,30,31,218,389,421,7.2,23.3876,18.2796
2017,9,19,16,0,30.8,89,542,329,7.1000000000000005,17.7218,13.8089
2017,9,19,16,30,30.200000000000003,177,100,213,6.7,11.0162,8.5427
2017,9,19,17,0,29.6,132,107,162,6.4,7.9771,6.1388
2017,9,19,17,30,28.700000000000003,80,20,83,6.4,3.9562,3.0159
2017,9,19,18,0,27.8,36,6,36,6.5,0.0000,0.0000
2017,9,19,18,30,27.3,0,0,0,6.7,0.0000,0.0000
2017,9,19,19,0,26.700000000000003,0,0,0,6.800000000000001,0.0000,0.0000
2017,9,19,19,30,26.400000000000002,0,0,0,6.9,0.0000,0.0000
2017,9,19,20,0,26.1,0,0,0,7.1000000000000005,0.0000,0.0000
2017,9,19,20,30,25.900000000000002,0,0,0,7.2,0.0000,0.0000
2017,9,19,21,0,25.700000000000003,0,0,0,7.300000000000001,0.0000,0.0000
2017,9,19,21,30,25.700000000000003,0,0,0,7.300000000000001,0.0000,0.0000
2017,9,19,22,0,25.6,0,0,0,7.2,0.0000,0.0000
2017,9,19,22,30,25.3,0,0,0,6.300000000000001,0.0000,0.0000
2017,9,19,23,0,24.900000000000002,0,0,0,5.4,0.0000,0.0000
2017,9,19,23,30,24,0,0,0,4.2,0.0000,0.0000
2017,9,20,0,0,23,0,0,0,3,0.0000,0.0000
2017,9,20,0,30,21.8,0,0,0,3.5,0.0000,0.0000
2017,9,20,1,0,20.5,0,0,0,3.9000000000000004,0.0000,0.0000
2017,9,20,1,30,19.3,0,0,0,4.3,0.0000,0.0000
2017,9,20,2,0,18.1,0,0,0,4.800000000000001,0.0000,0.0000
2017,9,20,2,30,17.3,0,0,0,4.4,0.0000,0.0000
2017,9,20,3,0,16.5,0,0,0,4.1000000000000005,0.0000,0.0000
2017,9,20,3,30,16,0,0,0,3.6,0.0000,0.0000
2017,9,20,4,0,15.4,0,0,0,3.1,0.0000,0.0000
2017,9,20,4,30,15,0,0,0,2.9000000000000004,0.0000,0.0000
2017,9,20,5,0,14.5,0,0,0,2.6,0.0000,0.0000
2017,9,20,5,30,14.3,0,0,0,2.7,0.0000,0.0000
2017,9,20,6,0,14.100000000000001,0,0,0,2.8000000000000003,0.0000,0.0000
2017,9,20,6,30,14.8,17,218,26,3.2,0.0000,0.0000
2017,9,20,7,0,15.5,36,474,102,3.5,0.0000,0.0000
2017,9,20,7,30,16.900000000000002,50,624,195,3.8000000000000003,9.4190,7.2185
2017,9,20,8,0,18.3,58,725,293,4.1000000000000005,14.8508,11.4837
2017,9,20,8,30,19.400000000000002,66,789,389,4.1000000000000005,20.6193,16.0381
2017,9,20,9,0,20.6,69,841,480,4.1000000000000005,26.3399,20.5631
2017,9,20,9,30,21.5,74,877,564,3.9000000000000004,31.7610,24.8544
2017,9,20,10,0,22.400000000000002,78,901,636,3.8000000000000003,36.5056,28.6127
2017,9,20,10,30,23.200000000000003,80,919,697,3.7,40.5658,31.8292
2017,9,20,11,0,24,82,929,742,3.5,43.6073,34.2401
2017,9,20,11,30,24.6,84,937,775,3.4000000000000004,45.8336,36.0043
2017,9,20,12,0,25.200000000000003,82,946,794,3.3000000000000003,47.1127,37.0176
2017,9,20,12,30,25.700000000000003,82,946,796,3.1,47.2546,37.1303
2017,9,20,13,0,26.200000000000003,82,943,784,3,46.4377,36.4828
2017,9,20,13,30,26.400000000000002,81,936,756,2.9000000000000004,44.5487,34.9860
2017,9,20,14,0,26.6,79,922,712,2.8000000000000003,41.6045,32.6539
2017,9,20,14,30,26.5,77,906,657,2.7,37.9229,29.7367
2017,9,20,15,0,26.5,73,886,589,2.5,33.4227,26.1718
2017,9,20,15,30,26.1,69,856,510,2.3000000000000003,28.2753,22.0956
2017,9,20,16,0,25.700000000000003,64,821,424,2,22.7846,17.7494
2017,9,20,16,30,24.700000000000003,57,766,330,1.6,17.0184,13.1922
2017,9,20,17,0,23.700000000000003,49,690,233,1.1,11.4402,8.7990
2017,9,20,17,30,21.8,38,569,137,1.1,0.0000,0.0000
2017,9,20,18,0,19.900000000000002,23,371,52,1,0.0000,0.0000
2017,9,20,18,30,19,0,0,0,1.1,0.0000,0.0000
2017,9,20,19,0,18.1,0,0,0,1.1,0.0000,0.0000
2017,9,20,19,30,17.400000000000002,0,0,0,1.1,0.0000,0.0000
2017,9,20,20,0,16.8,0,0,0,1.2000000000000002,0.0000,0.0000
2017,9,20,20,30,16.2,0,0,0,1.2000000000000002,0.0000,0.0000
2017,9,20,21,0,15.700000000000001,0,0,0,1.2000000000000002,0.0000,0.0000
2017,9,20,21,30,15.3,0,0,0,1.3,0.0000,0.0000
2017,9,20,22,0,15,0,0,0,1.3,0.0000,0.0000
2017,9,20,22,30,14.700000000000001,0,0,0,1.4000000000000001,0.0000,0.0000
2017,9,20,23,0,14.4,0,0,0,1.5,0.0000,0.0000
2017,9,20,23,30,14.200000000000001,0,0,0,1.5,0.0000,0.0000
2017,9,21,0,0,13.9,0,0,0,1.6,0.0000,0.0000
2017,9,21,0,30,13.700000000000001,0,0,0,1.7000000000000002,0.0000,0.0000
2017,9,21,1,0,13.5,0,0,0,1.7000000000000002,0.0000,0.0000
2017,9,21,1,30,13.3,0,0,0,1.7000000000000002,0.0000,0.0000
2017,9,21,2,0,13.100000000000001,0,0,0,1.8,0.0000,0.0000
2017,9,21,2,30,13,0,0,0,1.7000000000000002,0.0000,0.0000
2017,9,21,3,0,12.8,0,0,0,1.7000000000000002,0.0000,0.0000
2017,9,21,3,30,12.8,0,0,0,1.7000000000000002,0.0000,0.0000
2017,9,21,4,0,12.9,0,0,0,1.7000000000000002,0.0000,0.0000
2017,9,21,4,30,12.9,0,0,0,1.7000000000000002,0.0000,0.0000
2017,9,21,5,0,13,0,0,0,1.8,0.0000,0.0000
2017,9,21,5,30,13.3,0,0,0,1.9000000000000001,0.0000,0.0000
2017,9,21,6,0,13.600000000000001,0,0,0,2,0.0000,0.0000
2017,9,21,6,30,14.8,15,180,23,2.5,0.0000,0.0000
2017,9,21,7,0,16.1,38,406,93,3.1,0.0000,0.0000
2017,9,21,7,30,17.8,53,558,181,2.9000000000000004,8.7300,6.6880
2017,9,21,8,0,19.5,66,653,275,2.8000000000000003,13.9128,10.7555
2017,9,21,8,30,21.700000000000003,75,722,368,3.2,19.4731,15.1436
2017,9,21,9,0,23.900000000000002,81,774,456,3.6,24.9862,19.5035
2017,9,21,9,30,25.8,281,45,306,4.2,17.2101,13.4662
2017,9,21,10,0,27.8,341,101,403,4.9,23.1059,18.1085
2017,9,21,10,30,28.900000000000002,374,136,464,5.1000000000000005,26.9779,21.1661
2017,9,21,11,0,30,92,880,713,5.4,41.8626,32.8680
2017,9,21,11,30,30.700000000000003,94,889,746,5.6000000000000005,44.0778,34.6228
2017,9,21,12,0,31.5,94,895,764,5.9,45.2897,35.5829
2017,9,21,12,30,31.900000000000002,94,895,766,6,45.4299,35.6942
2017,9,21,13,0,32.4,91,896,755,6.2,44.6740,35.0947
2017,9,21,13,30,32.7,90,889,727,6.2,42.7918,33.6036
2017,9,21,14,0,33,87,880,687,6.2,40.0939,31.4654
2017,9,21,14,30,33,84,861,631,6.1000000000000005,36.3704,28.5161
2017,9,21,15,0,33.1,83,829,561,6,31.7804,24.8823
2017,9,21,15,30,32.800000000000004,78,795,484,5.9,26.7808,20.9239
2017,9,21,16,0,32.6,75,740,395,5.800000000000001,21.1734,16.4898
2017,9,21,16,30,31.8,67,678,304,5.7,15.6309,12.1117
2017,9,21,17,0,31.1,60,572,209,5.6000000000000005,10.2309,7.8641
2017,9,21,17,30,30.1,45,439,119,5.7,0.0000,0.0000
2017,9,21,18,0,29.200000000000003,25,218,41,5.800000000000001,0.0000,0.0000
2017,9,21,18,30,28.6,0,0,0,6,0.0000,0.0000
2017,9,21,19,0,28,0,0,0,6.1000000000000005,0.0000,0.0000
2017,9,21,19,30,27.700000000000003,0,0,0,6.1000000000000005,0.0000,0.0000
2017,9,21,20,0,27.400000000000002,0,0,0,6,0.0000,0.0000
2017,9,21,20,30,27.1,0,0,0,5.9,0.0000,0.0000
2017,9,21,21,0,26.8,0,0,0,5.7,0.0000,0.0000
2017,9,21,21,30,26.400000000000002,0,0,0,5.6000000000000005,0.0000,0.0000
2017,9,21,22,0,26,0,0,0,5.4,0.0000,0.0000
2017,9,21,22,30,25.700000000000003,0,0,0,5.4,0.0000,0.0000
2017,9,21,23,0,25.400000000000002,0,0,0,5.4,0.0000,0.0000
2017,9,21,23,30,25.200000000000003,0,0,0,5.4,0.0000,0.0000
2017,9,22,0,0,25,0,0,0,5.5,0.0000,0.0000
2017,9,22,0,30,24.8,0,0,0,5.4,0.0000,0.0000
2017,9,22,1,0,24.6,0,0,0,5.4,0.0000,0.0000
2017,9,22,1,30,24.400000000000002,0,0,0,5.300000000000001,0.0000,0.0000
2017,9,22,2,0,24.200000000000003,0,0,0,5.2,0.0000,0.0000
2017,9,22,2,30,24.1,0,0,0,5.2,0.0000,0.0000
2017,9,22,3,0,24,0,0,0,5.1000000000000005,0.0000,0.0000
2017,9,22,3,30,23.900000000000002,0,0,0,5.1000000000000005,0.0000,0.0000
2017,9,22,4,0,23.8,0,0,0,5,0.0000,0.0000
2017,9,22,4,30,23.6,0,0,0,5,0.0000,0.0000
2017,9,22,5,0,23.5,0,0,0,5,0.0000,0.0000
2017,9,22,5,30,23.400000000000002,0,0,0,4.9,0.0000,0.0000
2017,9,22,6,0,23.3,0,0,0,4.9,0.0000,0.0000
2017,9,22,6,30,23.900000000000002,15,122,20,5.1000000000000005,0.0000,0.0000
2017,9,22,7,0,24.400000000000002,40,352,86,5.2,0.0000,0.0000
2017,9,22,7,30,25.400000000000002,57,508,172,5.6000000000000005,8.2844,6.3442
2017,9,22,8,0,26.400000000000002,70,612,264,6,13.3304,10.3022
2017,9,22,8,30,27.5,80,684,355,6.300000000000001,18.7531,14.5807
2017,9,22,9,0,28.5,87,737,442,6.6000000000000005,24.1846,18.8751
2017,9,22,9,30,29.5,94,775,521,6.7,29.2660,22.8969
2017,9,22,10,0,30.5,99,803,590,6.9,33.7891,26.4788
2017,9,22,10,30,31.400000000000002,103,823,648,7,37.6363,29.5260
2017,9,22,11,0,32.300000000000004,105,838,694,7.1000000000000005,40.7073,31.9586
2017,9,22,11,30,33,107,847,725,7.2,42.7957,33.6134
2017,9,22,12,0,33.800000000000004,100,868,745,7.300000000000001,44.1209,34.6623
2017,9,22,12,30,34.4,100,868,748,7.300000000000001,44.3189,34.8189
2017,9,22,13,0,34.9,102,859,734,7.4,43.3860,34.0804
2017,9,22,13,30,35,101,851,707,7.4,41.5683,32.6402
2017,9,22,14,0,35.1,101,831,663,7.300000000000001,38.6444,30.3250
2017,9,22,14,30,34.800000000000004,98,812,609,7.2,35.0516,27.4790
2017,9,22,15,0,34.6,192,505,480,7.1000000000000005,27.1466,21.2513
2017,9,22,15,30,34,90,748,467,6.800000000000001,25.7868,20.1434
2017,9,22,16,0,33.5,83,701,383,6.6000000000000005,20.4797,15.9453
2017,9,22,16,30,32.7,141,433,290,6.300000000000001,14.8661,11.5144
2017,9,22,17,0,31.8,61,552,202,6,9.8599,7.5745
2017,9,22,17,30,30.8,78,51,86,5.9,0.0000,0.0000
2017,9,22,18,0,29.8,26,2,26,5.9,0.0000,0.0000
2017,9,22,18,30,29,0,0,0,5.9,0.0000,0.0000
2017,9,22,19,0,28.200000000000003,0,0,0,5.9,0.0000,0.0000
2017,9,22,19,30,27.5,0,0,0,5.7,0.0000,0.0000
2017,9,22,20,0,26.8,0,0,0,5.5,0.0000,0.0000
2017,9,22,20,30,26.3,0,0,0,5.4,0.0000,0.0000
2017,9,22,21,0,25.8,0,0,0,5.4,0.0000,0.0000
2017,9,22,21,30,25.400000000000002,0,0,0,5.300000000000001,0.0000,0.0000
2017,9,22,22,0,25.1,0,0,0,5.1000000000000005,0.0000,0.0000
2017,9,22,22,30,24.8,0,0,0,5.1000000000000005,0.0000,0.0000
2017,9,22,23,0,24.5,0,0,0,5,0.0000,0.0000
2017,9,22,23,30,24.3,0,0,0,4.800000000000001,0.0000,0.0000
2017,9,23,0,0,24.1,0,0,0,4.6000000000000005,0.0000,0.0000
2017,9,23,0,30,23.900000000000002,0,0,0,4.4,0.0000,0.0000
2017,9,23,1,0,23.8,0,0,0,4.3,0.0000,0.0000
2017,9,23,1,30,23.5,0,0,0,4,0.0000,0.0000
2017,9,23,2,0,23.200000000000003,0,0,0,3.8000000000000003,0.0000,0.0000
2017,9,23,2,30,22.8,0,0,0,3.5,0.0000,0.0000
2017,9,23,3,0,22.5,0,0,0,3.1,0.0000,0.0000
2017,9,23,3,30,22,0,0,0,2.6,0.0000,0.0000
2017,9,23,4,0,21.6,0,0,0,2.1,0.0000,0.0000
2017,9,23,4,30,21.200000000000003,0,0,0,1.8,0.0000,0.0000
2017,9,23,5,0,20.8,0,0,0,1.4000000000000001,0.0000,0.0000
2017,9,23,5,30,20.6,0,0,0,1.3,0.0000,0.0000
2017,9,23,6,0,20.400000000000002,0,0,0,1.1,0.0000,0.0000
2017,9,23,6,30,21.1,15,118,19,1.6,0.0000,0.0000
2017,9,23,7,0,21.700000000000003,47,5,47,2.1,0.0000,0.0000
2017,9,23,7,30,22.900000000000002,101,49,112,2.5,5.3873,4.1241
2017,9,23,8,0,24.1,143,117,179,3,9.0208,6.9695
2017,9,23,8,30,25.400000000000002,158,375,307,3.4000000000000004,16.1894,12.5849
2017,9,23,9,0,26.700000000000003,183,360,355,3.8000000000000003,19.3951,15.1349
2017,9,23,9,30,27.700000000000003,180,507,458,4.1000000000000005,25.6936,20.0997
2017,9,23,10,0,28.700000000000003,221,392,459,4.4,26.2567,20.5741
2017,9,23,10,30,29.400000000000002,245,423,524,4.6000000000000005,30.4028,23.8494
2017,9,23,11,0,30.1,251,453,567,4.800000000000001,33.2250,26.0825
2017,9,23,11,30,30.5,251,440,570,5.1000000000000005,33.6133,26.3994
2017,9,23,12,0,30.900000000000002,281,412,586,5.4,34.6705,27.2360
2017,9,23,12,30,31.200000000000003,312,5,315,5.5,18.6446,14.6470
2017,9,23,13,0,31.400000000000002,316,467,657,5.7,38.7933,30.4704
2017,9,23,13,30,31.5,193,601,618,5.6000000000000005,36.2934,28.4958
2017,9,23,14,0,31.6,221,542,585,5.5,34.0542,26.7204
2017,9,23,14,30,31.700000000000003,186,573,544,5.5,31.2643,24.5071
2017,9,23,15,0,31.700000000000003,181,453,438,5.5,24.7283,19.3552
2017,9,23,15,30,31.400000000000002,123,565,405,5.4,22.3176,17.4300
2017,9,23,16,0,31.1,185,338,328,5.300000000000001,17.4937,13.6165
2017,9,23,16,30,30.400000000000002,73,641,290,4.9,14.8222,11.4756
2017,9,23,17,0,29.700000000000003,123,92,146,4.5,7.1065,5.4560
2017,9,23,17,30,28.700000000000003,74,24,77,4.3,0.0000,0.0000
2017,9,23,18,0,27.6,24,2,24,4,0.0000,0.0000
2017,9,23,18,30,26.900000000000002,0,0,0,4.1000000000000005,0.0000,0.0000
2017,9,23,19,0,26.200000000000003,0,0,0,4.1000000000000005,0.0000,0.0000
2017,9,23,19,30,25.700000000000003,0,0,0,4.3,0.0000,0.0000
2017,9,23,20,0,25.200000000000003,0,0,0,4.5,0.0000,0.0000
2017,9,23,20,30,24.900000000000002,0,0,0,4.7,0.0000,0.0000
2017,9,23,21,0,24.5,0,0,0,4.800000000000001,0.0000,0.0000
2017,9,23,21,30,24.200000000000003,0,0,0,4.800000000000001,0.0000,0.0000
2017,9,23,22,0,23.8,0,0,0,4.7,0.0000,0.0000
2017,9,23,22,30,23.5,0,0,0,4.6000000000000005,0.0000,0.0000
2017,9,23,23,0,23.200000000000003,0,0,0,4.6000000000000005,0.0000,0.0000
2017,9,23,23,30,22.900000000000002,0,0,0,4.4,0.0000,0.0000
2017,9,24,0,0,22.700000000000003,0,0,0,4.3,0.0000,0.0000
2017,9,24,0,30,22.5,0,0,0,4.3,0.0000,0.0000
2017,9,24,1,0,22.3,0,0,0,4.4,0.0000,0.0000
2017,9,24,1,30,22.3,0,0,0,4.5,0.0000,0.0000
2017,9,24,2,0,22.3,0,0,0,4.7,0.0000,0.0000
2017,9,24,2,30,22.200000000000003,0,0,0,4.7,0.0000,0.0000
2017,9,24,3,0,22.1,0,0,0,4.7,0.0000,0.0000
2017,9,24,3,30,22,0,0,0,4.6000000000000005,0.0000,0.0000
2017,9,24,4,0,22,0,0,0,4.6000000000000005,0.0000,0.0000
2017,9,24,4,30,21.8,0,0,0,4.5,0.0000,0.0000
2017,9,24,5,0,21.700000000000003,0,0,0,4.4,0.0000,0.0000
2017,9,24,5,30,21.400000000000002,0,0,0,4.2,0.0000,0.0000
2017,9,24,6,0,21.1,0,0,0,4,0.0000,0.0000
2017,9,24,6,30,21.3,11,0,11,4.1000000000000005,0.0000,0.0000
2017,9,24,7,0,21.6,54,11,56,4.2,0.0000,0.0000
2017,9,24,7,30,22.5,110,116,136,4.3,6.5333,4.9996
2017,9,24,8,0,23.5,79,570,256,4.4,12.8750,9.9441
2017,9,24,8,30,24.8,91,644,346,4.9,18.2128,14.1547
2017,9,24,9,0,26.1,221,237,333,5.4,18.1656,14.1732
2017,9,24,9,30,26.900000000000002,178,502,451,5.6000000000000005,25.2676,19.7641
2017,9,24,10,0,27.8,201,538,526,5.800000000000001,30.0544,23.5476
2017,9,24,10,30,28.3,262,452,558,5.800000000000001,32.3404,25.3672
2017,9,24,11,0,28.8,271,447,581,5.800000000000001,34.0100,26.6968
2017,9,24,11,30,29.1,216,559,619,5.9,36.4666,28.6383
2017,9,24,12,0,29.400000000000002,329,308,556,5.9,32.8629,25.8142
2017,9,24,12,30,29.400000000000002,19,0,19,5.800000000000001,1.1235,0.8825
2017,9,24,13,0,29.400000000000002,332,202,479,5.6000000000000005,28.2524,22.1893
2017,9,24,13,30,29.200000000000003,179,0,179,5.1000000000000005,10.4997,8.2432
2017,9,24,14,0,28.900000000000002,262,476,579,4.7,33.6608,26.4091
2017,9,24,14,30,28.3,311,173,418,4,23.9879,18.8012
2017,9,24,15,0,27.6,267,79,311,3.4000000000000004,17.5272,13.7167
2017,9,24,15,30,26.3,108,1,109,3.1,5.9936,4.6801
2017,9,24,16,0,25,111,3,113,2.7,6.0115,4.6778
2017,9,24,16,30,23.5,124,10,127,2.8000000000000003,6.4712,5.0079
2017,9,24,17,0,21.900000000000002,53,1,53,2.9000000000000004,2.5730,1.9742
2017,9,24,17,30,20.5,27,0,27,3.3000000000000003,0.0000,0.0000
2017,9,24,18,0,19.1,12,0,12,3.7,0.0000,0.0000
2017,9,24,18,30,18,0,0,0,4,0.0000,0.0000
2017,9,24,19,0,17,0,0,0,4.2,0.0000,0.0000
2017,9,24,19,30,16.3,0,0,0,4.3,0.0000,0.0000
2017,9,24,20,0,15.5,0,0,0,4.4,0.0000,0.0000
2017,9,24,20,30,15,0,0,0,4.3,0.0000,0.0000
2017,9,24,21,0,14.600000000000001,0,0,0,4.1000000000000005,0.0000,0.0000
2017,9,24,21,30,14.4,0,0,0,3.9000000000000004,0.0000,0.0000
2017,9,24,22,0,14.3,0,0,0,3.7,0.0000,0.0000
2017,9,24,22,30,14.200000000000001,0,0,0,3.6,0.0000,0.0000
2017,9,24,23,0,14,0,0,0,3.5,0.0000,0.0000
2017,9,24,23,30,13.9,0,0,0,3.3000000000000003,0.0000,0.0000
2017,9,25,0,0,13.8,0,0,0,3.2,0.0000,0.0000
2017,9,25,0,30,13.700000000000001,0,0,0,3.1,0.0000,0.0000
2017,9,25,1,0,13.600000000000001,0,0,0,3,0.0000,0.0000
2017,9,25,1,30,13.600000000000001,0,0,0,2.9000000000000004,0.0000,0.0000
2017,9,25,2,0,13.5,0,0,0,2.8000000000000003,0.0000,0.0000
2017,9,25,2,30,13.5,0,0,0,2.9000000000000004,0.0000,0.0000
2017,9,25,3,0,13.5,0,0,0,2.9000000000000004,0.0000,0.0000
2017,9,25,3,30,13.4,0,0,0,3.1,0.0000,0.0000
2017,9,25,4,0,13.4,0,0,0,3.3000000000000003,0.0000,0.0000
2017,9,25,4,30,13.200000000000001,0,0,0,3.5,0.0000,0.0000
2017,9,25,5,0,13.100000000000001,0,0,0,3.7,0.0000,0.0000
2017,9,25,5,30,12.9,0,0,0,3.9000000000000004,0.0000,0.0000
2017,9,25,6,0,12.8,0,0,0,4,0.0000,0.0000
2017,9,25,6,30,12.8,5,0,5,4.1000000000000005,0.0000,0.0000
2017,9,25,7,0,12.8,14,0,14,4.2,0.0000,0.0000
2017,9,25,7,30,13.200000000000001,10,0,10,4.3,0.4798,0.3670
2017,9,25,8,0,13.5,41,0,41,4.4,2.0580,1.5890
2017,9,25,8,30,14.3,40,0,40,4.7,2.1018,1.6332
2017,9,25,9,0,15,107,2,107,4.9,5.8280,4.5465
2017,9,25,9,30,15.9,112,1,112,4.3,6.2665,4.9010
2017,9,25,10,0,16.900000000000002,112,1,113,3.7,6.4489,5.0523
2017,9,25,10,30,17,143,1,143,3.5,8.2788,6.4932
2017,9,25,11,0,17.2,226,7,231,3.2,13.5083,10.6027
2017,9,25,11,30,17.1,249,12,258,3.4000000000000004,15.1844,11.9239
2017,9,25,12,0,17,254,13,263,3.6,15.5291,12.1974
2017,9,25,12,30,17,262,11,270,3.6,15.9484,12.5271
2017,9,25,13,0,17.1,200,3,202,3.6,11.9016,9.3467
2017,9,25,13,30,17.1,268,15,278,3.6,16.2877,12.7862
2017,9,25,14,0,17,167,1,168,3.6,9.7542,7.6521
2017,9,25,14,30,16.8,151,2,153,3.5,8.7669,6.8704
2017,9,25,15,0,16.5,82,0,83,3.4000000000000004,4.6695,3.6538
2017,9,25,15,30,16.3,115,2,116,3.2,6.3651,4.9691
2017,9,25,16,0,16,137,7,140,3,7.4282,5.7785
2017,9,25,16,30,15.700000000000001,129,10,132,3,6.7058,5.1872
2017,9,25,17,0,15.4,30,0,30,3,1.4526,1.1139
2017,9,25,17,30,15.200000000000001,17,0,17,3.1,0.0000,0.0000
2017,9,25,18,0,14.9,8,0,8,3.2,0.0000,0.0000
2017,9,25,18,30,14.700000000000001,0,0,0,3.4000000000000004,0.0000,0.0000
2017,9,25,19,0,14.5,0,0,0,3.6,0.0000,0.0000
2017,9,25,19,30,14.3,0,0,0,3.7,0.0000,0.0000
2017,9,25,20,0,14.100000000000001,0,0,0,3.8000000000000003,0.0000,0.0000
2017,9,25,20,30,13.9,0,0,0,3.8000000000000003,0.0000,0.0000
2017,9,25,21,0,13.700000000000001,0,0,0,3.8000000000000003,0.0000,0.0000
2017,9,25,21,30,13.5,0,0,0,3.9000000000000004,0.0000,0.0000
2017,9,25,22,0,13.200000000000001,0,0,0,3.9000000000000004,0.0000,0.0000
2017,9,25,22,30,13,0,0,0,3.8000000000000003,0.0000,0.0000
2017,9,25,23,0,12.8,0,0,0,3.6,0.0000,0.0000
2017,9,25,23,30,12.600000000000001,0,0,0,3.6,0.0000,0.0000
2017,9,26,0,0,12.4,0,0,0,3.5,0.0000,0.0000
2017,9,26,0,30,12.200000000000001,0,0,0,3.6,0.0000,0.0000
2017,9,26,1,0,12,0,0,0,3.6,0.0000,0.0000
2017,9,26,1,30,11.8,0,0,0,3.5,0.0000,0.0000
2017,9,26,2,0,11.600000000000001,0,0,0,3.4000000000000004,0.0000,0.0000
2017,9,26,2,30,11.5,0,0,0,3.3000000000000003,0.0000,0.0000
2017,9,26,3,0,11.3,0,0,0,3.2,0.0000,0.0000
2017,9,26,3,30,11.100000000000001,0,0,0,3.3000000000000003,0.0000,0.0000
2017,9,26,4,0,10.9,0,0,0,3.4000000000000004,0.0000,0.0000
2017,9,26,4,30,10.600000000000001,0,0,0,3.6,0.0000,0.0000
2017,9,26,5,0,10.3,0,0,0,3.8000000000000003,0.0000,0.0000
2017,9,26,5,30,10.100000000000001,0,0,0,3.8000000000000003,0.0000,0.0000
2017,9,26,6,0,9.9,0,0,0,3.9000000000000004,0.0000,0.0000
2017,9,26,6,30,9.9,6,0,6,4,0.0000,0.0000
2017,9,26,7,0,10,46,1,46,4,0.0000,0.0000
2017,9,26,7,30,10.700000000000001,66,7,68,4.2,3.2589,2.4920
2017,9,26,8,0,11.3,138,60,156,4.3,7.8151,6.0322
2017,9,26,8,30,12.3,122,10,126,4.4,6.6085,5.1337
2017,9,26,9,0,13.200000000000001,207,76,242,4.5,13.1607,10.2651
2017,9,26,9,30,14.100000000000001,256,108,314,4.5,17.5449,13.7202
2017,9,26,10,0,14.9,281,144,367,4.4,20.9198,16.3875
2017,9,26,10,30,15.5,312,187,433,4.4,25.0401,19.6377
2017,9,26,11,0,16,301,314,516,4.3,30.1420,23.6569
2017,9,26,11,30,16.6,296,320,524,4.2,30.8079,24.1908
2017,9,26,12,0,17.2,205,663,687,4.1000000000000005,40.5229,31.8266
2017,9,26,12,30,17.6,208,606,649,4,38.2940,30.0767
2017,9,26,13,0,18,85,937,757,3.8000000000000003,44.5513,34.9849
2017,9,26,13,30,18.1,84,930,728,3.7,42.6006,33.4392
2017,9,26,14,0,18.2,226,529,573,3.5,33.2238,26.0610
2017,9,26,14,30,18.2,224,472,511,3.4000000000000004,29.2349,22.9079
2017,9,26,15,0,18.1,77,870,556,3.2,31.2227,24.4272
2017,9,26,15,30,17.8,72,837,476,3,26.0611,20.3409
2017,9,26,16,0,17.5,67,791,388,2.7,20.5330,15.9680
2017,9,26,16,30,16.8,166,132,208,2.1,10.5338,8.1445
2017,9,26,17,0,16.1,93,12,96,1.4000000000000001,4.6367,3.5534
2017,9,26,17,30,14.9,60,12,62,1.2000000000000002,0.0000,0.0000
2017,9,26,18,0,13.8,17,1,18,1,0.0000,0.0000
2017,9,26,18,30,13.4,0,0,0,1.1,0.0000,0.0000
2017,9,26,19,0,13,0,0,0,1.1,0.0000,0.0000
2017,9,26,19,30,12.8,0,0,0,1,0.0000,0.0000
2017,9,26,20,0,12.600000000000001,0,0,0,1,0.0000,0.0000
2017,9,26,20,30,12.4,0,0,0,0.9,0.0000,0.0000
2017,9,26,21,0,12.200000000000001,0,0,0,0.9,0.0000,0.0000
2017,9,26,21,30,12.100000000000001,0,0,0,0.9,0.0000,0.0000
2017,9,26,22,0,12,0,0,0,0.9,0.0000,0.0000
2017,9,26,22,30,11.9,0,0,0,0.9,0.0000,0.0000
2017,9,26,23,0,11.8,0,0,0,0.9,0.0000,0.0000
2017,9,26,23,30,11.5,0,0,0,0.9,0.0000,0.0000
2017,9,27,0,0,11.3,0,0,0,0.9,0.0000,0.0000
2017,9,27,0,30,10.9,0,0,0,0.9,0.0000,0.0000
2017,9,27,1,0,10.600000000000001,0,0,0,0.9,0.0000,0.0000
2017,9,27,1,30,10.3,0,0,0,0.9,0.0000,0.0000
2017,9,27,2,0,10,0,0,0,0.9,0.0000,0.0000
2017,9,27,2,30,9.9,0,0,0,0.9,0.0000,0.0000
2017,9,27,3,0,9.700000000000001,0,0,0,0.9,0.0000,0.0000
2017,9,27,3,30,9.600000000000001,0,0,0,0.9,0.0000,0.0000
2017,9,27,4,0,9.5,0,0,0,0.8,0.0000,0.0000
2017,9,27,4,30,9.4,0,0,0,0.8,0.0000,0.0000
2017,9,27,5,0,9.200000000000001,0,0,0,0.8,0.0000,0.0000
2017,9,27,5,30,9.1,0,0,0,0.8,0.0000,0.0000
2017,9,27,6,0,9,0,0,0,0.9,0.0000,0.0000
2017,9,27,6,30,10,7,0,7,0.9,0.0000,0.0000
2017,9,27,7,0,10.9,51,13,53,0.9,0.0000,0.0000
2017,9,27,7,30,12.200000000000001,113,44,122,1.1,5.8408,4.4647
2017,9,27,8,0,13.5,57,710,269,1.2000000000000002,13.4496,10.3781
2017,9,27,8,30,15.200000000000001,136,554,348,1.3,18.2177,14.1491
2017,9,27,9,0,16.900000000000002,155,574,421,1.3,22.8577,17.8257
2017,9,27,9,30,17.7,75,864,536,1.3,29.9083,23.3855
2017,9,27,10,0,18.6,79,891,607,1.4000000000000001,34.5571,27.0674
2017,9,27,10,30,19.3,82,910,667,1.5,38.5286,30.2134
2017,9,27,11,0,20,83,925,713,1.6,41.6059,32.6517
2017,9,27,11,30,20.6,84,931,743,1.8,43.6381,34.2628
2017,9,27,12,0,21.200000000000003,81,942,761,2,44.8408,35.2153
2017,9,27,12,30,21.5,81,943,763,2,44.9724,35.3194
2017,9,27,13,0,21.900000000000002,81,939,749,2.1,44.0301,34.5728
2017,9,27,13,30,22.1,79,929,718,2.2,41.9643,32.9369
2017,9,27,14,0,22.3,78,917,675,2.2,39.0840,30.6546
2017,9,27,14,30,22.200000000000003,75,900,618,2.2,35.3007,27.6574
2017,9,27,15,0,22.200000000000003,75,868,548,2.2,30.7177,24.0283
2017,9,27,15,30,21.900000000000002,70,835,469,2,25.6218,19.9937
2017,9,27,16,0,21.6,65,789,381,1.9000000000000001,20.1076,15.6321
2017,9,27,16,30,20.6,57,725,287,1.4000000000000001,14.4891,11.1973
2017,9,27,17,0,19.6,48,630,191,0.9,9.2033,7.0487
2017,9,27,17,30,18.2,65,9,66,0.9,0.0000,0.0000
2017,9,27,18,0,16.7,16,224,25,1,0.0000,0.0000
2017,9,27,18,30,16,0,0,0,1,0.0000,0.0000
2017,9,27,19,0,15.3,0,0,0,1.1,0.0000,0.0000
2017,9,27,19,30,14.8,0,0,0,1.1,0.0000,0.0000
2017,9,27,20,0,14.200000000000001,0,0,0,1.1,0.0000,0.0000
2017,9,27,20,30,13.600000000000001,0,0,0,1.1,0.0000,0.0000
2017,9,27,21,0,13.100000000000001,0,0,0,1.1,0.0000,0.0000
2017,9,27,21,30,12.600000000000001,0,0,0,1.1,0.0000,0.0000
2017,9,27,22,0,12.100000000000001,0,0,0,1.1,0.0000,0.0000
2017,9,27,22,30,11.700000000000001,0,0,0,1.2000000000000002,0.0000,0.0000
2017,9,27,23,0,11.3,0,0,0,1.2000000000000002,0.0000,0.0000
2017,9,27,23,30,11,0,0,0,1.2000000000000002,0.0000,0.0000
2017,9,28,0,0,10.700000000000001,0,0,0,1.2000000000000002,0.0000,0.0000
2017,9,28,0,30,10.5,0,0,0,1.3,0.0000,0.0000
2017,9,28,1,0,10.200000000000001,0,0,0,1.3,0.0000,0.0000
2017,9,28,1,30,10,0,0,0,1.3,0.0000,0.0000
2017,9,28,2,0,9.8,0,0,0,1.4000000000000001,0.0000,0.0000
2017,9,28,2,30,9.600000000000001,0,0,0,1.4000000000000001,0.0000,0.0000
2017,9,28,3,0,9.4,0,0,0,1.4000000000000001,0.0000,0.0000
2017,9,28,3,30,9.200000000000001,0,0,0,1.3,0.0000,0.0000
2017,9,28,4,0,9,0,0,0,1.3,0.0000,0.0000
2017,9,28,4,30,8.9,0,0,0,1.3,0.0000,0.0000
2017,9,28,5,0,8.700000000000001,0,0,0,1.3,0.0000,0.0000
2017,9,28,5,30,8.6,0,0,0,1.3,0.0000,0.0000
2017,9,28,6,0,8.5,0,0,0,1.2000000000000002,0.0000,0.0000
2017,9,28,6,30,9.9,11,164,14,1.5,0.0000,0.0000
2017,9,28,7,0,11.4,30,455,81,1.9000000000000001,0.0000,0.0000
2017,9,28,7,30,12.600000000000001,43,620,171,2,8.1785,6.2493
2017,9,28,8,0,13.9,52,724,266,2.1,13.2724,10.2378
2017,9,28,8,30,15.700000000000001,59,792,361,1.8,18.8641,14.6478
2017,9,28,9,0,17.400000000000002,64,841,450,1.5,24.3934,19.0202
2017,9,28,9,30,18.900000000000002,68,875,531,1.4000000000000001,29.5867,23.1311
2017,9,28,10,0,20.5,72,901,602,1.3,34.2289,26.8076
2017,9,28,10,30,21.200000000000003,74,919,661,1.3,38.1382,29.9045
2017,9,28,11,0,21.900000000000002,76,932,707,1.2000000000000002,41.2103,32.3386
2017,9,28,11,30,22.400000000000002,77,940,738,1.3,43.2971,33.9924
2017,9,28,12,0,22.900000000000002,77,946,755,1.4000000000000001,44.4399,34.8978
2017,9,28,12,30,23.200000000000003,77,947,757,1.5,44.5702,35.0008
2017,9,28,13,0,23.6,76,943,743,1.6,43.6266,34.2531
2017,9,28,13,30,23.700000000000003,75,936,714,1.6,41.6776,32.7087
2017,9,28,14,0,23.900000000000002,73,924,670,1.7000000000000002,38.7401,30.3815
2017,9,28,14,30,23.900000000000002,71,907,614,1.7000000000000002,35.0159,27.4307
2017,9,28,15,0,23.900000000000002,69,880,544,1.8,30.4358,23.8037
2017,9,28,15,30,23.6,65,847,465,1.6,25.3453,19.7734
2017,9,28,16,0,23.3,60,800,377,1.4000000000000001,19.8430,15.4215
2017,9,28,16,30,22.400000000000002,102,578,282,1.1,14.1932,10.9634
2017,9,28,17,0,21.400000000000002,105,195,149,0.7000000000000001,7.1637,5.4833
2017,9,28,17,30,20.3,32,487,95,0.8,0.0000,0.0000
2017,9,28,18,0,19.1,14,1,14,0.9,0.0000,0.0000
2017,9,28,18,30,18.3,0,0,0,1,0.0000,0.0000
2017,9,28,19,0,17.6,0,0,0,1.1,0.0000,0.0000
2017,9,28,19,30,17,0,0,0,1.2000000000000002,0.0000,0.0000
2017,9,28,20,0,16.3,0,0,0,1.2000000000000002,0.0000,0.0000
2017,9,28,20,30,15.700000000000001,0,0,0,1.2000000000000002,0.0000,0.0000
2017,9,28,21,0,15.200000000000001,0,0,0,1.2000000000000002,0.0000,0.0000
2017,9,28,21,30,14.700000000000001,0,0,0,1.2000000000000002,0.0000,0.0000
2017,9,28,22,0,14.200000000000001,0,0,0,1.3,0.0000,0.0000
2017,9,28,22,30,13.9,0,0,0,1.3,0.0000,0.0000
2017,9,28,23,0,13.5,0,0,0,1.3,0.0000,0.0000
2017,9,28,23,30,13.200000000000001,0,0,0,1.3,0.0000,0.0000
2017,9,29,0,0,12.9,0,0,0,1.3,0.0000,0.0000
2017,9,29,0,30,12.700000000000001,0,0,0,1.4000000000000001,0.0000,0.0000
2017,9,29,1,0,12.4,0,0,0,1.4000000000000001,0.0000,0.0000
2017,9,29,1,30,12.200000000000001,0,0,0,1.6,0.0000,0.0000
2017,9,29,2,0,11.9,0,0,0,1.7000000000000002,0.0000,0.0000
2017,9,29,2,30,11.600000000000001,0,0,0,1.8,0.0000,0.0000
2017,9,29,3,0,11.200000000000001,0,0,0,1.8,0.0000,0.0000
2017,9,29,3,30,10.9,0,0,0,1.8,0.0000,0.0000
2017,9,29,4,0,10.5,0,0,0,1.8,0.0000,0.0000
2017,9,29,4,30,10.200000000000001,0,0,0,1.9000000000000001,0.0000,0.0000
2017,9,29,5,0,10,0,0,0,1.9000000000000001,0.0000,0.0000
2017,9,29,5,30,9.8,0,0,0,1.9000000000000001,0.0000,0.0000
2017,9,29,6,0,9.600000000000001,0,0,0,1.9000000000000001,0.0000,0.0000
2017,9,29,6,30,10.600000000000001,0,0,0,2.4000000000000004,0.0000,0.0000
2017,9,29,7,0,11.600000000000001,29,443,77,2.9000000000000004,0.0000,0.0000
2017,9,29,7,30,12.9,43,610,166,2.7,7.9327,6.0594
2017,9,29,8,0,14.200000000000001,52,714,261,2.6,12.9962,10.0213
2017,9,29,8,30,16.1,59,783,355,2.7,18.5152,14.3735
2017,9,29,9,0,18,65,827,442,2.7,23.9197,18.6475
2017,9,29,9,30,19.200000000000003,70,862,522,2.7,29.0429,22.7029
2017,9,29,10,0,20.5,73,888,593,2.8000000000000003,33.6738,26.3700
2017,9,29,10,30,21.3,76,907,651,2.6,37.5175,29.4152
2017,9,29,11,0,22.200000000000003,79,919,697,2.5,40.5820,31.8429
2017,9,29,11,30,22.8,80,928,728,2.5,42.6644,33.4930
2017,9,29,12,0,23.5,80,931,743,2.4000000000000004,43.6862,34.3033
2017,9,29,12,30,23.8,80,932,744,2.5,43.7551,34.3579
2017,9,29,13,0,24.1,79,928,730,2.6,42.8125,33.6110
2017,9,29,13,30,24.200000000000003,78,921,701,2.6,40.8673,32.0698
2017,9,29,14,0,24.3,76,907,658,2.7,37.9919,29.7915
2017,9,29,14,30,24.200000000000003,74,890,601,2.5,34.2199,26.8037
2017,9,29,15,0,24.1,73,855,530,2.2,29.5953,23.1424
2017,9,29,15,30,23.700000000000003,69,821,451,2.1,24.5267,19.1304
2017,9,29,16,0,23.3,64,769,364,2,19.1066,14.8443
2017,9,29,16,30,21.8,57,701,271,1.7000000000000002,13.5964,10.4973
2017,9,29,17,0,20.400000000000002,47,602,177,1.3,8.4927,6.4966
2017,9,29,17,30,19.200000000000003,62,38,67,1.5,0.0000,0.0000
2017,9,29,18,0,17.900000000000002,11,1,11,1.7000000000000002,0.0000,0.0000
2017,9,29,18,30,17.7,0,0,0,2.1,0.0000,0.0000
2017,9,29,19,0,17.6,0,0,0,2.5,0.0000,0.0000
2017,9,29,19,30,17.400000000000002,0,0,0,2.8000000000000003,0.0000,0.0000
2017,9,29,20,0,17.2,0,0,0,3,0.0000,0.0000
2017,9,29,20,30,16.8,0,0,0,3.2,0.0000,0.0000
2017,9,29,21,0,16.5,0,0,0,3.3000000000000003,0.0000,0.0000
2017,9,29,21,30,16.1,0,0,0,3.3000000000000003,0.0000,0.0000
2017,9,29,22,0,15.700000000000001,0,0,0,3.3000000000000003,0.0000,0.0000
2017,9,29,22,30,15.200000000000001,0,0,0,3.1,0.0000,0.0000
2017,9,29,23,0,14.700000000000001,0,0,0,2.8000000000000003,0.0000,0.0000
2017,9,29,23,30,14.4,0,0,0,2.8000000000000003,0.0000,0.0000
2017,9,30,0,0,14,0,0,0,2.7,0.0000,0.0000
2017,9,30,0,30,13.8,0,0,0,2.9000000000000004,0.0000,0.0000
2017,9,30,1,0,13.5,0,0,0,3.1,0.0000,0.0000
2017,9,30,1,30,13.4,0,0,0,3.3000000000000003,0.0000,0.0000
2017,9,30,2,0,13.200000000000001,0,0,0,3.4000000000000004,0.0000,0.0000
2017,9,30,2,30,13.100000000000001,0,0,0,3.4000000000000004,0.0000,0.0000
2017,9,30,3,0,13,0,0,0,3.5,0.0000,0.0000
2017,9,30,3,30,12.9,0,0,0,3.6,0.0000,0.0000
2017,9,30,4,0,12.9,0,0,0,3.7,0.0000,0.0000
2017,9,30,4,30,12.8,0,0,0,3.8000000000000003,0.0000,0.0000
2017,9,30,5,0,12.700000000000001,0,0,0,3.9000000000000004,0.0000,0.0000
2017,9,30,5,30,12.600000000000001,0,0,0,3.9000000000000004,0.0000,0.0000
2017,9,30,6,0,12.5,0,0,0,3.8000000000000003,0.0000,0.0000
2017,9,30,6,30,12.8,0,0,0,3.9000000000000004,0.0000,0.0000
2017,9,30,7,0,13.100000000000001,30,0,30,3.9000000000000004,0.0000,0.0000
2017,9,30,7,30,13.9,45,0,45,3.9000000000000004,2.1488,1.6408
2017,9,30,8,0,14.8,67,0,67,3.9000000000000004,3.3297,2.5666
2017,9,30,8,30,15.8,140,4,141,4.2,7.3392,5.6960
2017,9,30,9,0,16.8,185,8,189,4.6000000000000005,10.2108,7.9588
2017,9,30,9,30,17.6,287,148,364,4.6000000000000005,20.2234,15.8066
2017,9,30,10,0,18.5,89,827,569,4.7,32.2689,25.2670
2017,9,30,10,30,19.400000000000002,233,1,234,4.800000000000001,13.4691,10.5593
2017,9,30,11,0,20.3,16,0,16,4.9,0.9305,0.7301
2017,9,30,11,30,21.400000000000002,309,62,352,5.2,20.6063,16.1754
2017,9,30,12,0,22.5,285,368,545,5.4,32.0091,25.1322
2017,9,30,12,30,23.1,311,311,531,5.5,31.1932,24.4919
2017,9,30,13,0,23.700000000000003,188,661,648,5.6000000000000005,37.9587,29.7979
2017,9,30,13,30,23.6,371,109,444,5.4,25.8505,20.2837
2017,9,30,14,0,23.400000000000002,235,401,489,5.1000000000000005,28.1941,22.1061
2017,9,30,14,30,22.900000000000002,135,3,137,4.7,7.7876,6.0990
2017,9,30,15,0,22.5,161,594,476,4.2,26.5293,20.7413
2017,9,30,15,30,21.700000000000003,82,754,429,3.8000000000000003,23.2767,18.1512
2017,9,30,16,0,21,207,52,228,3.4000000000000004,11.9338,9.2684
2017,9,30,16,30,20.400000000000002,132,7,134,3.5,6.7023,5.1720
2017,9,30,17,0,19.8,55,0,55,3.6,2.6343,2.0140
2017,9,30,17,30,19.200000000000003,15,0,15,3.6,0.0000,0.0000
2017,9,30,18,0,18.6,4,0,4,3.6,0.0000,0.0000
2017,9,30,18,30,18.2,0,0,0,3.7,0.0000,0.0000
2017,9,30,19,0,17.8,0,0,0,3.9000000000000004,0.0000,0.0000
2017,9,30,19,30,17.6,0,0,0,4.1000000000000005,0.0000,0.0000
2017,9,30,20,0,17.3,0,0,0,4.4,0.0000,0.0000
2017,9,30,20,30,17.1,0,0,0,4.6000000000000005,0.0000,0.0000
2017,9,30,21,0,16.900000000000002,0,0,0,4.800000000000001,0.0000,0.0000
2017,9,30,21,30,16.7,0,0,0,5,0.0000,0.0000
2017,9,30,22,0,16.5,0,0,0,5.2,0.0000,0.0000
2017,9,30,22,30,16.3,0,0,0,5.300000000000001,0.0000,0.0000
2017,9,30,23,0,16,0,0,0,5.300000000000001,0.0000,0.0000
2017,9,30,23,30,15.700000000000001,0,0,0,5.300000000000001,0.0000,0.0000
2017,10,1,0,0,15.4,0,0,0,5.2,0.0000,0.0000
2017,10,1,0,30,15,0,0,0,5.2,0.0000,0.0000
2017,10,1,1,0,14.700000000000001,0,0,0,5.1000000000000005,0.0000,0.0000
2017,10,1,1,30,14.4,0,0,0,5.300000000000001,0.0000,0.0000
2017,10,1,2,0,14.100000000000001,0,0,0,5.4,0.0000,0.0000
2017,10,1,2,30,14,0,0,0,5.4,0.0000,0.0000
2017,10,1,3,0,13.8,0,0,0,5.4,0.0000,0.0000
2017,10,1,3,30,13.8,0,0,0,5.5,0.0000,0.0000
2017,10,1,4,0,13.8,0,0,0,5.7,0.0000,0.0000
2017,10,1,4,30,13.8,0,0,0,5.800000000000001,0.0000,0.0000
2017,10,1,5,0,13.8,0,0,0,5.9,0.0000,0.0000
2017,10,1,5,30,13.700000000000001,0,0,0,5.800000000000001,0.0000,0.0000
2017,10,1,6,0,13.600000000000001,0,0,0,5.800000000000001,0.0000,0.0000
2017,10,1,6,30,14,0,0,0,5.9,0.0000,0.0000
2017,10,1,7,0,14.3,15,0,15,6.1000000000000005,0.0000,0.0000
2017,10,1,7,30,15,11,0,11,6.300000000000001,0.5249,0.4007
2017,10,1,8,0,15.700000000000001,53,1,53,6.5,2.6286,2.0255
2017,10,1,8,30,16.6,83,0,83,6.6000000000000005,4.3118,3.3456
2017,10,1,9,0,17.5,133,0,133,6.7,7.1731,5.5900
2017,10,1,9,30,18,163,1,164,6.6000000000000005,9.0980,7.1100
2017,10,1,10,0,18.400000000000002,322,98,379,6.5,21.4653,16.8058
2017,10,1,10,30,18.6,238,2,239,6.300000000000001,13.7404,10.7710
2017,10,1,11,0,18.7,142,0,143,6.1000000000000005,8.3070,6.5170
2017,10,1,11,30,19,130,0,130,5.9,7.6018,5.9667
2017,10,1,12,0,19.400000000000002,121,0,121,5.7,7.0986,5.5731
2017,10,1,12,30,19.700000000000003,111,0,111,5.5,6.5131,5.1135
2017,10,1,13,0,20.1,140,0,140,5.300000000000001,8.1909,6.4293
2017,10,1,13,30,20.3,233,1,234,5,13.6062,10.6751
2017,10,1,14,0,20.6,112,0,112,4.7,6.4480,5.0551
2017,10,1,14,30,20.700000000000003,95,0,95,4.4,5.3912,4.2217
2017,10,1,15,0,20.700000000000003,76,0,76,4,4.2275,3.3046
2017,10,1,15,30,20.6,148,1,148,3.8000000000000003,8.0109,6.2454
2017,10,1,16,0,20.5,12,0,12,3.6,0.6263,0.4863
2017,10,1,16,30,20.200000000000003,61,0,61,3.5,3.0417,2.3460
2017,10,1,17,0,19.900000000000002,31,0,31,3.5,1.4825,1.1327
2017,10,1,17,30,19.700000000000003,17,0,17,3.9000000000000004,0.0000,0.0000
2017,10,1,18,0,19.5,4,0,4,4.3,0.0000,0.0000
2017,10,1,18,30,19.400000000000002,0,0,0,5.1000000000000005,0.0000,0.0000
2017,10,1,19,0,19.400000000000002,0,0,0,5.9,0.0000,0.0000
2017,10,1,19,30,19.3,0,0,0,6.6000000000000005,0.0000,0.0000
2017,10,1,20,0,19.200000000000003,0,0,0,7.4,0.0000,0.0000
2017,10,1,20,30,18.900000000000002,0,0,0,7.5,0.0000,0.0000
2017,10,1,21,0,18.7,0,0,0,7.7,0.0000,0.0000
2017,10,1,21,30,18.400000000000002,0,0,0,7.6000000000000005,0.0000,0.0000
2017,10,1,22,0,18,0,0,0,7.4,0.0000,0.0000
2017,10,1,22,30,17.7,0,0,0,7.1000000000000005,0.0000,0.0000
2017,10,1,23,0,17.400000000000002,0,0,0,6.7,0.0000,0.0000
2017,10,1,23,30,17,0,0,0,6.1000000000000005,0.0000,0.0000
2017,10,2,0,0,16.6,0,0,0,5.5,0.0000,0.0000
2017,10,2,0,30,16.3,0,0,0,5,0.0000,0.0000
2017,10,2,1,0,16.1,0,0,0,4.6000000000000005,0.0000,0.0000
2017,10,2,1,30,15.9,0,0,0,4,0.0000,0.0000
2017,10,2,2,0,15.700000000000001,0,0,0,3.5,0.0000,0.0000
2017,10,2,2,30,15.600000000000001,0,0,0,2.9000000000000004,0.0000,0.0000
2017,10,2,3,0,15.4,0,0,0,2.4000000000000004,0.0000,0.0000
2017,10,2,3,30,15.200000000000001,0,0,0,2,0.0000,0.0000
2017,10,2,4,0,15.100000000000001,0,0,0,1.7000000000000002,0.0000,0.0000
2017,10,2,4,30,14.9,0,0,0,1.4000000000000001,0.0000,0.0000
2017,10,2,5,0,14.700000000000001,0,0,0,1.2000000000000002,0.0000,0.0000
2017,10,2,5,30,14.5,0,0,0,1,0.0000,0.0000
2017,10,2,6,0,14.4,0,0,0,0.9,0.0000,0.0000
2017,10,2,6,30,14.8,0,0,0,0.8,0.0000,0.0000
2017,10,2,7,0,15.3,14,0,14,0.7000000000000001,0.0000,0.0000
2017,10,2,7,30,15.9,41,1,41,1,1.9555,1.4922
2017,10,2,8,0,16.5,36,0,36,1.3,1.7818,1.3725
2017,10,2,8,30,17,120,13,125,1.5,6.4810,5.0275
2017,10,2,9,0,17.400000000000002,101,2,102,1.7000000000000002,5.4916,4.2789
2017,10,2,9,30,17.900000000000002,161,12,167,1.9000000000000001,9.2504,7.2281
2017,10,2,10,0,18.3,67,0,67,2.2,3.7896,2.9666
2017,10,2,10,30,18.900000000000002,51,0,51,2.5,2.9284,2.2953
2017,10,2,11,0,19.5,65,0,65,2.8000000000000003,3.7715,2.9585
2017,10,2,11,30,20.200000000000003,24,0,24,3.1,1.4018,1.1002
2017,10,2,12,0,21,149,2,151,3.4000000000000004,8.8485,6.9464
2017,10,2,12,30,21.6,153,0,153,3.7,8.9671,7.0395
2017,10,2,13,0,22.3,123,0,123,4,7.1875,5.6412
2017,10,2,13,30,22.700000000000003,112,0,112,4.1000000000000005,6.5037,5.1021
2017,10,2,14,0,23,80,0,80,4.3,4.5990,3.6050
2017,10,2,14,30,23.200000000000003,24,0,24,3.9000000000000004,1.3597,1.0645
2017,10,2,15,0,23.400000000000002,152,7,156,3.6,8.6600,6.7681
2017,10,2,15,30,23.200000000000003,16,0,16,3.1,0.8640,0.6734
2017,10,2,16,0,23,28,0,28,2.6,1.4573,1.1310
2017,10,2,16,30,22.200000000000003,8,0,8,2.4000000000000004,0.3976,0.3065
2017,10,2,17,0,21.5,6,0,6,2.3000000000000003,0.2866,0.2188
2017,10,2,17,30,20.900000000000002,12,0,12,2.3000000000000003,0.0000,0.0000
2017,10,2,18,0,20.3,0,0,0,2.4000000000000004,0.0000,0.0000
2017,10,2,18,30,20,0,0,0,2.5,0.0000,0.0000
2017,10,2,19,0,19.6,0,0,0,2.7,0.0000,0.0000
2017,10,2,19,30,19.3,0,0,0,2.8000000000000003,0.0000,0.0000
2017,10,2,20,0,19,0,0,0,2.8000000000000003,0.0000,0.0000
2017,10,2,20,30,18.8,0,0,0,2.7,0.0000,0.0000
2017,10,2,21,0,18.5,0,0,0,2.6,0.0000,0.0000
2017,10,2,21,30,18.5,0,0,0,3,0.0000,0.0000
2017,10,2,22,0,18.5,0,0,0,3.4000000000000004,0.0000,0.0000
2017,10,2,22,30,18.900000000000002,0,0,0,4.2,0.0000,0.0000
2017,10,2,23,0,19.3,0,0,0,5.1000000000000005,0.0000,0.0000
2017,10,2,23,30,19.5,0,0,0,5.300000000000001,0.0000,0.0000
2017,10,3,0,0,19.700000000000003,0,0,0,5.5,0.0000,0.0000
2017,10,3,0,30,19.5,0,0,0,5.2,0.0000,0.0000
2017,10,3,1,0,19.3,0,0,0,4.9,0.0000,0.0000
2017,10,3,1,30,18.5,0,0,0,4.3,0.0000,0.0000
2017,10,3,2,0,17.8,0,0,0,3.7,0.0000,0.0000
2017,10,3,2,30,17.1,0,0,0,3.7,0.0000,0.0000
2017,10,3,3,0,16.3,0,0,0,3.7,0.0000,0.0000
2017,10,3,3,30,15.700000000000001,0,0,0,3.4000000000000004,0.0000,0.0000
2017,10,3,4,0,15,0,0,0,3.2,0.0000,0.0000
2017,10,3,4,30,14.5,0,0,0,2.9000000000000004,0.0000,0.0000
2017,10,3,5,0,14,0,0,0,2.6,0.0000,0.0000
2017,10,3,5,30,13.8,0,0,0,2.6,0.0000,0.0000
2017,10,3,6,0,13.5,0,0,0,2.5,0.0000,0.0000
2017,10,3,6,30,13.600000000000001,0,0,0,2.7,0.0000,0.0000
2017,10,3,7,0,13.700000000000001,10,0,10,3,0.0000,0.0000
2017,10,3,7,30,14.200000000000001,18,0,18,3.1,0.8582,0.6547
2017,10,3,8,0,14.600000000000001,9,0,9,3.3000000000000003,0.4446,0.3423
2017,10,3,8,30,15,36,0,36,3.5,1.8627,1.4445
2017,10,3,9,0,15.4,218,29,231,3.8000000000000003,12.4151,9.6716
2017,10,3,9,30,15.600000000000001,156,1,157,4,8.6832,6.7839
2017,10,3,10,0,15.700000000000001,121,0,121,4.2,6.8346,5.3497
2017,10,3,10,30,16,159,0,159,4.3,9.1184,7.1464
2017,10,3,11,0,16.2,248,2,250,4.4,14.4884,11.3644
2017,10,3,11,30,16.5,375,121,457,4.4,26.6623,20.9239
2017,10,3,12,0,16.8,361,274,551,4.4,32.2510,25.3158
2017,10,3,12,30,17,86,899,710,4.4,41.5626,32.6253
2017,10,3,13,0,17.3,84,898,696,4.4,40.6191,31.8776
2017,10,3,13,30,17.400000000000002,83,892,669,4.3,38.7955,30.4318
2017,10,3,14,0,17.5,80,879,625,4.3,35.8743,28.1178
2017,10,3,14,30,17.6,78,862,570,4.1000000000000005,32.2366,25.2359
2017,10,3,15,0,17.6,73,838,502,4,27.8114,21.7317
2017,10,3,15,30,17.5,68,803,425,3.8000000000000003,22.8944,17.8396
2017,10,3,16,0,17.3,62,757,340,3.5,17.6449,13.6892
2017,10,3,16,30,16.6,54,684,248,2.9000000000000004,12.2906,9.4694
2017,10,3,17,0,15.8,43,580,156,2.2,7.4431,5.6811
2017,10,3,17,30,14.5,29,401,69,1.8,0.0000,0.0000
2017,10,3,18,0,13.100000000000001,0,0,0,1.4000000000000001,0.0000,0.0000
2017,10,3,18,30,12.700000000000001,0,0,0,1.5,0.0000,0.0000
2017,10,3,19,0,12.3,0,0,0,1.6,0.0000,0.0000
2017,10,3,19,30,12,0,0,0,1.7000000000000002,0.0000,0.0000
2017,10,3,20,0,11.700000000000001,0,0,0,1.7000000000000002,0.0000,0.0000
2017,10,3,20,30,11.3,0,0,0,1.7000000000000002,0.0000,0.0000
2017,10,3,21,0,11,0,0,0,1.7000000000000002,0.0000,0.0000
2017,10,3,21,30,10.700000000000001,0,0,0,1.6,0.0000,0.0000
2017,10,3,22,0,10.4,0,0,0,1.6,0.0000,0.0000
2017,10,3,22,30,10.100000000000001,0,0,0,1.6,0.0000,0.0000
2017,10,3,23,0,9.9,0,0,0,1.5,0.0000,0.0000
2017,10,3,23,30,9.600000000000001,0,0,0,1.5,0.0000,0.0000
2017,10,4,0,0,9.4,0,0,0,1.5,0.0000,0.0000
2017,10,4,0,30,9.1,0,0,0,1.5,0.0000,0.0000
2017,10,4,1,0,8.9,0,0,0,1.5,0.0000,0.0000
2017,10,4,1,30,8.700000000000001,0,0,0,1.6,0.0000,0.0000
2017,10,4,2,0,8.5,0,0,0,1.7000000000000002,0.0000,0.0000
2017,10,4,2,30,8.3,0,0,0,2,0.0000,0.0000
2017,10,4,3,0,8.200000000000001,0,0,0,2.3000000000000003,0.0000,0.0000
2017,10,4,3,30,7.9,0,0,0,2.5,0.0000,0.0000
2017,10,4,4,0,7.7,0,0,0,2.6,0.0000,0.0000
2017,10,4,4,30,7.300000000000001,0,0,0,2.5,0.0000,0.0000
2017,10,4,5,0,6.9,0,0,0,2.5,0.0000,0.0000
2017,10,4,5,30,6.7,0,0,0,2.5,0.0000,0.0000
2017,10,4,6,0,6.5,0,0,0,2.5,0.0000,0.0000
2017,10,4,6,30,7,0,0,0,2.8000000000000003,0.0000,0.0000
2017,10,4,7,0,7.5,27,375,61,3.1,0.0000,0.0000
2017,10,4,7,30,8.5,88,68,100,3.1,4.7666,3.6351
2017,10,4,8,0,9.5,53,676,238,3.2,11.7323,9.0305
2017,10,4,8,30,11.100000000000001,60,751,329,3.4000000000000004,16.9891,13.1717
2017,10,4,9,0,12.600000000000001,67,803,416,3.6,22.3182,17.3830
2017,10,4,9,30,13.9,72,841,495,3.4000000000000004,27.3345,21.3525
2017,10,4,10,0,15.100000000000001,284,49,312,3.3000000000000003,17.5987,13.7737
2017,10,4,10,30,15.8,343,124,419,2.9000000000000004,23.9980,18.8061
2017,10,4,11,0,16.5,317,60,356,2.6,20.6073,16.1625
2017,10,4,11,30,16.8,322,32,344,2.3000000000000003,20.0462,15.7303
2017,10,4,12,0,17.2,382,120,465,2.1,27.1860,21.3382
2017,10,4,12,30,17.3,374,234,535,2.1,31.2805,24.5520
2017,10,4,13,0,17.400000000000002,378,135,470,2.1,27.3950,21.4973
2017,10,4,13,30,17.6,293,273,470,2.3000000000000003,27.2179,21.3479
2017,10,4,14,0,17.8,225,1,225,2.4000000000000004,12.8951,10.1058
2017,10,4,14,30,17.900000000000002,279,312,456,2.4000000000000004,25.7445,20.1506
2017,10,4,15,0,18.1,77,824,495,2.5,27.3676,21.3808
2017,10,4,15,30,17.900000000000002,72,785,416,2.4000000000000004,22.3563,17.4159
2017,10,4,16,0,17.7,63,739,331,2.3000000000000003,17.1294,13.2843
2017,10,4,16,30,16.7,55,662,239,1.8,11.8086,9.0930
2017,10,4,17,0,15.700000000000001,44,552,148,1.2000000000000002,7.0566,5.3835
2017,10,4,17,30,14.3,28,364,63,1.2000000000000002,0.0000,0.0000
2017,10,4,18,0,12.9,0,0,0,1.2000000000000002,0.0000,0.0000
2017,10,4,18,30,12.600000000000001,0,0,0,1.3,0.0000,0.0000
2017,10,4,19,0,12.3,0,0,0,1.3,0.0000,0.0000
2017,10,4,19,30,12.200000000000001,0,0,0,1.3,0.0000,0.0000
2017,10,4,20,0,12.100000000000001,0,0,0,1.3,0.0000,0.0000
2017,10,4,20,30,12,0,0,0,1.4000000000000001,0.0000,0.0000
2017,10,4,21,0,12,0,0,0,1.4000000000000001,0.0000,0.0000
2017,10,4,21,30,12,0,0,0,1.5,0.0000,0.0000
2017,10,4,22,0,12,0,0,0,1.5,0.0000,0.0000
2017,10,4,22,30,12,0,0,0,1.6,0.0000,0.0000
2017,10,4,23,0,12.100000000000001,0,0,0,1.6,0.0000,0.0000
2017,10,4,23,30,12,0,0,0,1.6,0.0000,0.0000
2017,10,5,0,0,12,0,0,0,1.6,0.0000,0.0000
2017,10,5,0,30,11.9,0,0,0,1.5,0.0000,0.0000
2017,10,5,1,0,11.8,0,0,0,1.5,0.0000,0.0000
2017,10,5,1,30,11.600000000000001,0,0,0,1.4000000000000001,0.0000,0.0000
2017,10,5,2,0,11.4,0,0,0,1.4000000000000001,0.0000,0.0000
2017,10,5,2,30,11.3,0,0,0,1.3,0.0000,0.0000
2017,10,5,3,0,11.200000000000001,0,0,0,1.3,0.0000,0.0000
2017,10,5,3,30,11.200000000000001,0,0,0,1.2000000000000002,0.0000,0.0000
2017,10,5,4,0,11.200000000000001,0,0,0,1.2000000000000002,0.0000,0.0000
2017,10,5,4,30,11.3,0,0,0,1.2000000000000002,0.0000,0.0000
2017,10,5,5,0,11.5,0,0,0,1.2000000000000002,0.0000,0.0000
2017,10,5,5,30,11.600000000000001,0,0,0,1.2000000000000002,0.0000,0.0000
2017,10,5,6,0,11.700000000000001,0,0,0,1.2000000000000002,0.0000,0.0000
2017,10,5,6,30,12.200000000000001,0,0,0,1.4000000000000001,0.0000,0.0000
2017,10,5,7,0,12.700000000000001,4,0,4,1.6,0.0000,0.0000
2017,10,5,7,30,13.100000000000001,22,0,22,1.6,1.0486,0.7995
2017,10,5,8,0,13.5,19,0,19,1.5,0.9347,0.7191
2017,10,5,8,30,14.100000000000001,64,1,65,1.4000000000000001,3.3495,2.5961
2017,10,5,9,0,14.600000000000001,68,0,68,1.2000000000000002,3.6416,2.8358
2017,10,5,9,30,15.5,20,0,20,0.9,1.1027,0.8612
2017,10,5,10,0,16.400000000000002,98,1,99,0.6000000000000001,5.5761,4.3637
2017,10,5,10,30,17.3,70,0,70,0.5,4.0041,3.1375
2017,10,5,11,0,18.2,92,0,92,0.4,5.3188,4.1711
2017,10,5,11,30,19,148,0,148,0.4,8.6140,6.7588
2017,10,5,12,0,19.8,114,0,114,0.4,6.6570,5.2246
2017,10,5,12,30,20.200000000000003,63,0,63,0.7000000000000001,3.6790,2.8874
2017,10,5,13,0,20.6,227,14,237,1,13.7963,10.8252
2017,10,5,13,30,20.700000000000003,106,0,106,1.2000000000000002,6.1299,4.8074
2017,10,5,14,0,20.700000000000003,82,0,82,1.3,4.6923,3.6768
2017,10,5,14,30,20.5,101,0,101,1.4000000000000001,5.6921,4.4546
2017,10,5,15,0,20.400000000000002,70,0,70,1.6,3.8623,3.0169
2017,10,5,15,30,20,30,0,30,1.6,1.6082,1.2525
2017,10,5,16,0,19.6,83,0,83,1.6,4.2826,3.3200
2017,10,5,16,30,19,56,0,56,1.5,2.7585,2.1230
2017,10,5,17,0,18.400000000000002,39,0,39,1.3,1.8589,1.4175
2017,10,5,17,30,17.8,27,306,55,1.3,0.0000,0.0000
2017,10,5,18,0,17.1,0,0,0,1.3,0.0000,0.0000
2017,10,5,18,30,16.8,0,0,0,1.4000000000000001,0.0000,0.0000
2017,10,5,19,0,16.6,0,0,0,1.5,0.0000,0.0000
2017,10,5,19,30,16.3,0,0,0,1.6,0.0000,0.0000
2017,10,5,20,0,16.1,0,0,0,1.7000000000000002,0.0000,0.0000
2017,10,5,20,30,15.9,0,0,0,1.8,0.0000,0.0000
2017,10,5,21,0,15.8,0,0,0,1.9000000000000001,0.0000,0.0000
2017,10,5,21,30,15.600000000000001,0,0,0,2,0.0000,0.0000
2017,10,5,22,0,15.5,0,0,0,2.1,0.0000,0.0000
2017,10,5,22,30,15.3,0,0,0,2.1,0.0000,0.0000
2017,10,5,23,0,15.100000000000001,0,0,0,2.2,0.0000,0.0000
2017,10,5,23,30,14.9,0,0,0,2.3000000000000003,0.0000,0.0000
2017,10,6,0,0,14.8,0,0,0,2.4000000000000004,0.0000,0.0000
2017,10,6,0,30,14.600000000000001,0,0,0,2.5,0.0000,0.0000
2017,10,6,1,0,14.4,0,0,0,2.6,0.0000,0.0000
2017,10,6,1,30,14.200000000000001,0,0,0,2.6,0.0000,0.0000
2017,10,6,2,0,14,0,0,0,2.6,0.0000,0.0000
2017,10,6,2,30,13.9,0,0,0,2.6,0.0000,0.0000
2017,10,6,3,0,13.8,0,0,0,2.5,0.0000,0.0000
2017,10,6,3,30,13.700000000000001,0,0,0,2.4000000000000004,0.0000,0.0000
2017,10,6,4,0,13.600000000000001,0,0,0,2.3000000000000003,0.0000,0.0000
2017,10,6,4,30,13.5,0,0,0,2.3000000000000003,0.0000,0.0000
2017,10,6,5,0,13.5,0,0,0,2.3000000000000003,0.0000,0.0000
2017,10,6,5,30,13.4,0,0,0,2.3000000000000003,0.0000,0.0000
2017,10,6,6,0,13.4,0,0,0,2.2,0.0000,0.0000
2017,10,6,6,30,13.600000000000001,0,0,0,2.3000000000000003,0.0000,0.0000
2017,10,6,7,0,13.9,8,0,8,2.4000000000000004,0.0000,0.0000
2017,10,6,7,30,14.5,6,0,6,2.3000000000000003,0.2860,0.2180
2017,10,6,8,0,15.100000000000001,8,0,8,2.2,0.3928,0.3021
2017,10,6,8,30,15.9,6,0,6,2.1,0.3086,0.2391
2017,10,6,9,0,16.6,6,0,6,2,0.3207,0.2497
2017,10,6,9,30,17.2,8,0,8,1.9000000000000001,0.4403,0.3439
2017,10,6,10,0,17.8,10,0,10,1.9000000000000001,0.5625,0.4401
2017,10,6,10,30,18.2,26,0,26,1.9000000000000001,1.4853,1.1637
2017,10,6,11,0,18.7,78,0,78,2,4.5038,3.5317
2017,10,6,11,30,18.900000000000002,82,0,82,2.3000000000000003,4.7668,3.7399
2017,10,6,12,0,19.1,32,0,32,2.5,1.8663,1.4646
2017,10,6,12,30,19,96,0,96,2.9000000000000004,5.5992,4.3940
2017,10,6,13,0,18.900000000000002,15,0,15,3.3000000000000003,0.8720,0.6842
2017,10,6,13,30,18.5,28,0,28,3.7,1.6169,1.2679
2017,10,6,14,0,18,144,3,146,4.2,8.3414,6.5354
2017,10,6,14,30,17.3,124,0,124,4.5,6.9758,5.4584
2017,10,6,15,0,16.6,19,0,19,4.800000000000001,1.0461,0.8170
2017,10,6,15,30,15.9,49,0,49,4.800000000000001,2.6201,2.0400
2017,10,6,16,0,15.3,11,0,11,4.800000000000001,0.5659,0.4385
2017,10,6,16,30,14.8,7,0,7,4.6000000000000005,0.3438,0.2644
2017,10,6,17,0,14.200000000000001,12,0,12,4.3,0.5720,0.4360
2017,10,6,17,30,13.8,7,0,7,4,0.0000,0.0000
2017,10,6,18,0,13.3,0,0,0,3.7,0.0000,0.0000
2017,10,6,18,30,13,0,0,0,3.6,0.0000,0.0000
2017,10,6,19,0,12.8,0,0,0,3.5,0.0000,0.0000
2017,10,6,19,30,12.5,0,0,0,3.7,0.0000,0.0000
2017,10,6,20,0,12.3,0,0,0,3.8000000000000003,0.0000,0.0000
2017,10,6,20,30,12.200000000000001,0,0,0,4.1000000000000005,0.0000,0.0000
2017,10,6,21,0,12.100000000000001,0,0,0,4.3,0.0000,0.0000
2017,10,6,21,30,11.9,0,0,0,5.300000000000001,0.0000,0.0000
2017,10,6,22,0,11.8,0,0,0,6.300000000000001,0.0000,0.0000
2017,10,6,22,30,11.8,0,0,0,6.4,0.0000,0.0000
2017,10,6,23,0,11.700000000000001,0,0,0,6.5,0.0000,0.0000
2017,10,6,23,30,11.5,0,0,0,6.800000000000001,0.0000,0.0000
2017,10,7,0,0,11.4,0,0,0,7.1000000000000005,0.0000,0.0000
2017,10,7,0,30,11.3,0,0,0,7.5,0.0000,0.0000
2017,10,7,1,0,11.100000000000001,0,0,0,7.800000000000001,0.0000,0.0000
2017,10,7,1,30,10.8,0,0,0,7.7,0.0000,0.0000
2017,10,7,2,0,10.5,0,0,0,7.6000000000000005,0.0000,0.0000
2017,10,7,2,30,10.4,0,0,0,6.7,0.0000,0.0000
2017,10,7,3,0,10.3,0,0,0,5.7,0.0000,0.0000
2017,10,7,3,30,10.4,0,0,0,5.7,0.0000,0.0000
2017,10,7,4,0,10.5,0,0,0,5.6000000000000005,0.0000,0.0000
2017,10,7,4,30,10.700000000000001,0,0,0,5.4,0.0000,0.0000
2017,10,7,5,0,10.8,0,0,0,5.300000000000001,0.0000,0.0000
2017,10,7,5,30,10.8,0,0,0,5.1000000000000005,0.0000,0.0000
2017,10,7,6,0,10.8,0,0,0,4.800000000000001,0.0000,0.0000
2017,10,7,6,30,10.9,0,0,0,4.3,0.0000,0.0000
2017,10,7,7,0,11,9,0,9,3.8000000000000003,0.0000,0.0000
2017,10,7,7,30,11.4,12,0,12,3.3000000000000003,0.0000,0.0000
2017,10,7,8,0,11.9,53,2,54,2.8000000000000003,2.6457,2.0340
2017,10,7,8,30,12.600000000000001,66,1,66,2.6,3.3869,2.6237
2017,10,7,9,0,13.4,174,26,185,2.4000000000000004,9.8705,7.6832
2017,10,7,9,30,14.3,230,265,361,2.6,19.8386,15.4898
2017,10,7,10,0,15.3,255,201,366,2.7,20.5551,16.0815
2017,10,7,10,30,16.400000000000002,77,885,607,2.9000000000000004,34.6284,27.1280
2017,10,7,11,0,17.400000000000002,77,910,656,3.2,37.8299,29.6616
2017,10,7,11,30,18.3,78,922,687,3.5,39.8878,31.2915
2017,10,7,12,0,19.200000000000003,73,943,709,3.8000000000000003,41.2998,32.4072
2017,10,7,12,30,19.8,73,943,709,3.9000000000000004,41.2998,32.4072
2017,10,7,13,0,20.400000000000002,71,944,696,4.1000000000000005,40.4089,31.7002
2017,10,7,13,30,20.700000000000003,70,936,665,4,38.3475,30.0673
2017,10,7,14,0,21,69,922,621,4,35.4241,27.7511
2017,10,7,14,30,21,66,902,563,3.9000000000000004,31.6142,24.7334
2017,10,7,15,0,21.1,64,873,493,3.8000000000000003,27.0861,21.1481
2017,10,7,15,30,20.6,59,836,413,3.2,22.0288,17.1466
2017,10,7,16,0,20.200000000000003,54,782,325,2.7,16.6707,12.9132
2017,10,7,16,30,18.8,47,709,233,2.1,11.4107,8.7718
2017,10,7,17,0,17.400000000000002,37,592,139,1.6,0.0000,0.0000
2017,10,7,17,30,16,23,392,54,1.6,0.0000,0.0000
2017,10,7,18,0,14.700000000000001,0,0,0,1.6,0.0000,0.0000
2017,10,7,18,30,14.3,0,0,0,1.6,0.0000,0.0000
2017,10,7,19,0,14,0,0,0,1.7000000000000002,0.0000,0.0000
2017,10,7,19,30,13.700000000000001,0,0,0,1.7000000000000002,0.0000,0.0000
2017,10,7,20,0,13.4,0,0,0,1.7000000000000002,0.0000,0.0000
2017,10,7,20,30,13.100000000000001,0,0,0,1.7000000000000002,0.0000,0.0000
2017,10,7,21,0,12.9,0,0,0,1.8,0.0000,0.0000
2017,10,7,21,30,12.700000000000001,0,0,0,1.9000000000000001,0.0000,0.0000
2017,10,7,22,0,12.5,0,0,0,2,0.0000,0.0000
2017,10,7,22,30,12.3,0,0,0,2.1,0.0000,0.0000
2017,10,7,23,0,12.200000000000001,0,0,0,2.3000000000000003,0.0000,0.0000
2017,10,7,23,30,12.100000000000001,0,0,0,2.5,0.0000,0.0000
2017,10,8,0,0,11.9,0,0,0,2.6,0.0000,0.0000
2017,10,8,0,30,11.8,0,0,0,2.8000000000000003,0.0000,0.0000
2017,10,8,1,0,11.600000000000001,0,0,0,2.9000000000000004,0.0000,0.0000
2017,10,8,1,30,11.5,0,0,0,3.2,0.0000,0.0000
2017,10,8,2,0,11.4,0,0,0,3.4000000000000004,0.0000,0.0000
2017,10,8,2,30,11.200000000000001,0,0,0,3.6,0.0000,0.0000
2017,10,8,3,0,11.100000000000001,0,0,0,3.8000000000000003,0.0000,0.0000
2017,10,8,3,30,10.8,0,0,0,3.7,0.0000,0.0000
2017,10,8,4,0,10.5,0,0,0,3.7,0.0000,0.0000
2017,10,8,4,30,10.200000000000001,0,0,0,3.5,0.0000,0.0000
2017,10,8,5,0,9.8,0,0,0,3.4000000000000004,0.0000,0.0000
2017,10,8,5,30,9.5,0,0,0,3.2,0.0000,0.0000
2017,10,8,6,0,9.1,0,0,0,3.1,0.0000,0.0000
2017,10,8,6,30,9.4,0,0,0,3.3000000000000003,0.0000,0.0000
2017,10,8,7,0,9.700000000000001,24,339,51,3.5,0.0000,0.0000
2017,10,8,7,30,10.700000000000001,40,545,133,3.4000000000000004,0.0000,0.0000
2017,10,8,8,0,11.8,51,672,225,3.4000000000000004,11.0025,8.4555
2017,10,8,8,30,13.100000000000001,59,753,317,3.5,16.2328,12.5710
2017,10,8,9,0,14.3,66,809,404,3.6,21.5135,16.7425
2017,10,8,9,30,15.4,70,845,482,3.6,26.4432,20.6433
2017,10,8,10,0,16.400000000000002,74,873,552,3.5,30.9560,24.2157
2017,10,8,10,30,17.2,77,894,609,3.6,34.6950,27.1770
2017,10,8,11,0,18.1,80,907,653,3.6,37.6085,29.4850
2017,10,8,11,30,18.7,81,913,681,3.7,39.4900,30.9765
2017,10,8,12,0,19.3,73,935,699,3.8000000000000003,40.6673,31.9079
2017,10,8,12,30,19.700000000000003,73,935,699,3.8000000000000003,40.6659,31.9068
2017,10,8,13,0,20,74,926,681,3.8000000000000003,39.4845,30.9718
2017,10,8,13,30,20.200000000000003,72,917,651,3.8000000000000003,37.4847,29.3874
2017,10,8,14,0,20.3,71,902,607,3.8000000000000003,34.5691,27.0776
2017,10,8,14,30,20.1,68,882,549,3.7,30.7722,24.0708
2017,10,8,15,0,20,66,852,480,3.7,26.3158,20.5424
2017,10,8,15,30,19.6,61,813,401,3.4000000000000004,21.3346,16.6015
2017,10,8,16,0,19.1,56,758,313,3.2,16.0079,12.3947
2017,10,8,16,30,17.900000000000002,48,679,222,2.8000000000000003,10.8417,8.3296
2017,10,8,17,0,16.6,38,555,130,2.3000000000000003,0.0000,0.0000
2017,10,8,17,30,15.5,22,353,49,2.7,0.0000,0.0000
2017,10,8,18,0,14.4,0,0,0,3,0.0000,0.0000
2017,10,8,18,30,14.100000000000001,0,0,0,3.5,0.0000,0.0000
2017,10,8,19,0,13.8,0,0,0,4,0.0000,0.0000
2017,10,8,19,30,13.3,0,0,0,4.1000000000000005,0.0000,0.0000
2017,10,8,20,0,12.8,0,0,0,4.2,0.0000,0.0000
2017,10,8,20,30,12.200000000000001,0,0,0,4.3,0.0000,0.0000
2017,10,8,21,0,11.600000000000001,0,0,0,4.4,0.0000,0.0000
2017,10,8,21,30,11.100000000000001,0,0,0,4.5,0.0000,0.0000
2017,10,8,22,0,10.600000000000001,0,0,0,4.6000000000000005,0.0000,0.0000
2017,10,8,22,30,10.100000000000001,0,0,0,4.6000000000000005,0.0000,0.0000
2017,10,8,23,0,9.600000000000001,0,0,0,4.6000000000000005,0.0000,0.0000
2017,10,8,23,30,9.200000000000001,0,0,0,4.6000000000000005,0.0000,0.0000
2017,10,9,0,0,8.700000000000001,0,0,0,4.6000000000000005,0.0000,0.0000
2017,10,9,0,30,8.4,0,0,0,4.6000000000000005,0.0000,0.0000
2017,10,9,1,0,8.200000000000001,0,0,0,4.7,0.0000,0.0000
2017,10,9,1,30,8.1,0,0,0,4.800000000000001,0.0000,0.0000
2017,10,9,2,0,8.1,0,0,0,4.800000000000001,0.0000,0.0000
2017,10,9,2,30,7.9,0,0,0,4.800000000000001,0.0000,0.0000
2017,10,9,3,0,7.7,0,0,0,4.800000000000001,0.0000,0.0000
2017,10,9,3,30,7.5,0,0,0,4.7,0.0000,0.0000
2017,10,9,4,0,7.300000000000001,0,0,0,4.6000000000000005,0.0000,0.0000
2017,10,9,4,30,7,0,0,0,4.4,0.0000,0.0000
2017,10,9,5,0,6.7,0,0,0,4.2,0.0000,0.0000
2017,10,9,5,30,6.5,0,0,0,4.2,0.0000,0.0000
2017,10,9,6,0,6.300000000000001,0,0,0,4.2,0.0000,0.0000
2017,10,9,6,30,6.6000000000000005,0,0,0,4.4,0.0000,0.0000
2017,10,9,7,0,6.9,7,0,7,4.6000000000000005,0.0000,0.0000
2017,10,9,7,30,7.7,18,0,18,4.800000000000001,0.0000,0.0000
2017,10,9,8,0,8.5,14,0,14,5.1000000000000005,0.6832,0.5249
2017,10,9,8,30,9.200000000000001,62,0,62,5.5,3.1680,2.4527
2017,10,9,9,0,9.9,15,0,15,5.9,0.7973,0.6203
2017,10,9,9,30,10.3,114,0,114,6.1000000000000005,6.2438,4.8736
2017,10,9,10,0,10.8,113,0,113,6.4,6.3273,4.9490
2017,10,9,10,30,11.100000000000001,59,0,59,6.6000000000000005,3.3566,2.6289
2017,10,9,11,0,11.4,28,0,28,6.800000000000001,1.6105,1.2625
2017,10,9,11,30,11.600000000000001,160,0,160,6.9,9.2663,7.2679
2017,10,9,12,0,11.700000000000001,81,0,81,7.1000000000000005,4.7066,3.6925
2017,10,9,12,30,11.700000000000001,198,0,199,7,11.5620,9.0707
2017,10,9,13,0,11.700000000000001,152,0,152,7,8.8011,6.9030
2017,10,9,13,30,11.700000000000001,175,0,175,6.800000000000001,10.0618,7.8874
2017,10,9,14,0,11.600000000000001,90,0,90,6.6000000000000005,5.1173,4.0078
2017,10,9,14,30,11.3,165,0,166,6.5,9.2874,7.2636
2017,10,9,15,0,11,86,0,86,6.4,4.7047,3.6718
2017,10,9,15,30,10.600000000000001,55,0,55,6.1000000000000005,2.9187,2.2705
2017,10,9,16,0,10.100000000000001,32,0,32,5.9,1.6317,1.2629
2017,10,9,16,30,9.4,42,0,42,5.5,2.0455,1.5707
2017,10,9,17,0,8.8,21,0,21,5,0.0000,0.0000
2017,10,9,17,30,8.1,12,0,12,4.6000000000000005,0.0000,0.0000
2017,10,9,18,0,7.5,0,0,0,4.2,0.0000,0.0000
2017,10,9,18,30,7.1000000000000005,0,0,0,4.1000000000000005,0.0000,0.0000
2017,10,9,19,0,6.7,0,0,0,4,0.0000,0.0000
2017,10,9,19,30,6.4,0,0,0,4.1000000000000005,0.0000,0.0000
2017,10,9,20,0,6.1000000000000005,0,0,0,4.1000000000000005,0.0000,0.0000
2017,10,9,20,30,5.800000000000001,0,0,0,4.3,0.0000,0.0000
2017,10,9,21,0,5.5,0,0,0,4.4,0.0000,0.0000
2017,10,9,21,30,5.2,0,0,0,4.1000000000000005,0.0000,0.0000
2017,10,9,22,0,4.9,0,0,0,3.7,0.0000,0.0000
2017,10,9,22,30,4.2,0,0,0,3.4000000000000004,0.0000,0.0000
2017,10,9,23,0,3.5,0,0,0,3.1,0.0000,0.0000
2017,10,9,23,30,2.8000000000000003,0,0,0,3.7,0.0000,0.0000
2017,10,10,0,0,2,0,0,0,4.4,0.0000,0.0000
2017,10,10,0,30,1.7000000000000002,0,0,0,4.3,0.0000,0.0000
2017,10,10,1,0,1.5,0,0,0,4.2,0.0000,0.0000
2017,10,10,1,30,1.5,0,0,0,4.1000000000000005,0.0000,0.0000
2017,10,10,2,0,1.4000000000000001,0,0,0,3.9000000000000004,0.0000,0.0000
2017,10,10,2,30,1.4000000000000001,0,0,0,3.8000000000000003,0.0000,0.0000
2017,10,10,3,0,1.4000000000000001,0,0,0,3.7,0.0000,0.0000
2017,10,10,3,30,1.4000000000000001,0,0,0,3.6,0.0000,0.0000
2017,10,10,4,0,1.5,0,0,0,3.5,0.0000,0.0000
2017,10,10,4,30,1.4000000000000001,0,0,0,3.3000000000000003,0.0000,0.0000
2017,10,10,5,0,1.4000000000000001,0,0,0,3.2,0.0000,0.0000
2017,10,10,5,30,1.3,0,0,0,3.1,0.0000,0.0000
2017,10,10,6,0,1.2000000000000002,0,0,0,3,0.0000,0.0000
2017,10,10,6,30,1.5,0,0,0,3.1,0.0000,0.0000
2017,10,10,7,0,1.8,15,0,15,3.3000000000000003,0.0000,0.0000
2017,10,10,7,30,2.6,29,0,29,3.4000000000000004,0.0000,0.0000
2017,10,10,8,0,3.4000000000000004,39,1,40,3.6,1.9485,1.4962
2017,10,10,8,30,4.4,96,7,98,3.8000000000000003,4.9967,3.8672
2017,10,10,9,0,5.5,109,0,109,4.1000000000000005,5.7821,4.4978
2017,10,10,9,30,6.4,204,8,208,4.2,11.3725,8.8751
2017,10,10,10,0,7.2,226,35,245,4.3,13.6980,10.7125
2017,10,10,10,30,8,276,135,355,4.3,20.1688,15.7948
2017,10,10,11,0,8.700000000000001,289,82,340,4.2,19.5302,15.3085
2017,10,10,11,30,9.3,311,210,448,4.2,25.9132,20.3227
2017,10,10,12,0,9.8,263,429,546,4.2,31.6848,24.8554
2017,10,10,12,30,10,282,384,535,4.1000000000000005,31.0432,24.3519
2017,10,10,13,0,10.200000000000001,239,473,545,4,31.5136,24.7143
2017,10,10,13,30,10.4,194,512,512,3.9000000000000004,29.3940,23.0391
2017,10,10,14,0,10.5,280,156,371,3.8000000000000003,21.0599,16.4915
2017,10,10,14,30,10.5,251,109,309,3.6,17.2556,13.4932
2017,10,10,15,0,10.5,70,845,472,3.4000000000000004,25.7645,20.1034
2017,10,10,15,30,10.4,137,481,333,3.1,17.6251,13.7068
2017,10,10,16,0,10.200000000000001,185,74,209,2.8000000000000003,10.6262,8.2208
2017,10,10,16,30,9.200000000000001,125,16,129,2,6.2666,4.8091
2017,10,10,17,0,8.1,37,557,124,1.3,0.0000,0.0000
2017,10,10,17,30,6.9,21,336,42,1.2000000000000002,0.0000,0.0000
2017,10,10,18,0,5.6000000000000005,0,0,0,1,0.0000,0.0000
2017,10,10,18,30,5.5,0,0,0,1,0.0000,0.0000
2017,10,10,19,0,5.300000000000001,0,0,0,1,0.0000,0.0000
2017,10,10,19,30,5.2,0,0,0,1,0.0000,0.0000
2017,10,10,20,0,5.2,0,0,0,1,0.0000,0.0000
2017,10,10,20,30,4.9,0,0,0,1,0.0000,0.0000
2017,10,10,21,0,4.6000000000000005,0,0,0,1,0.0000,0.0000
2017,10,10,21,30,4.3,0,0,0,1,0.0000,0.0000
2017,10,10,22,0,4,0,0,0,1,0.0000,0.0000
2017,10,10,22,30,3.8000000000000003,0,0,0,1,0.0000,0.0000
2017,10,10,23,0,3.5,0,0,0,1,0.0000,0.0000
2017,10,10,23,30,3.5,0,0,0,0.9,0.0000,0.0000
2017,10,11,0,0,3.5,0,0,0,0.8,0.0000,0.0000
2017,10,11,0,30,3.5,0,0,0,0.7000000000000001,0.0000,0.0000
2017,10,11,1,0,3.5,0,0,0,0.6000000000000001,0.0000,0.0000
2017,10,11,1,30,3.5,0,0,0,0.5,0.0000,0.0000
2017,10,11,2,0,3.4000000000000004,0,0,0,0.4,0.0000,0.0000
2017,10,11,2,30,3.3000000000000003,0,0,0,0.4,0.0000,0.0000
2017,10,11,3,0,3.1,0,0,0,0.30000000000000004,0.0000,0.0000
2017,10,11,3,30,2.9000000000000004,0,0,0,0.30000000000000004,0.0000,0.0000
2017,10,11,4,0,2.7,0,0,0,0.30000000000000004,0.0000,0.0000
2017,10,11,4,30,2.3000000000000003,0,0,0,0.4,0.0000,0.0000
2017,10,11,5,0,2,0,0,0,0.5,0.0000,0.0000
2017,10,11,5,30,1.7000000000000002,0,0,0,0.6000000000000001,0.0000,0.0000
2017,10,11,6,0,1.3,0,0,0,0.6000000000000001,0.0000,0.0000
2017,10,11,6,30,1.6,0,0,0,0.7000000000000001,0.0000,0.0000
2017,10,11,7,0,1.9000000000000001,20,396,47,0.8,0.0000,0.0000
2017,10,11,7,30,3,35,612,132,1.2000000000000002,0.0000,0.0000
2017,10,11,8,0,4.1000000000000005,44,738,226,1.6,10.9877,8.4336
2017,10,11,8,30,5.7,50,817,321,1.9000000000000001,16.3311,12.6354
2017,10,11,9,0,7.300000000000001,56,876,412,2.1,21.8115,16.9630
2017,10,11,9,30,8.6,60,914,494,2.3000000000000003,26.9637,21.0390
2017,10,11,10,0,10,63,941,565,2.6,31.5398,24.6622
2017,10,11,10,30,10.9,65,960,624,2.7,35.4008,27.7202
2017,10,11,11,0,11.8,68,972,668,2.7,38.3195,30.0330
2017,10,11,11,30,12.5,69,980,699,2.8000000000000003,40.3785,31.6641
2017,10,11,12,0,13.200000000000001,70,984,714,2.8000000000000003,41.3803,32.4579
2017,10,11,12,30,13.700000000000001,70,991,718,2.9000000000000004,41.6063,32.6348
2017,10,11,13,0,14.200000000000001,70,985,702,2.9000000000000004,40.5339,31.7849
2017,10,11,13,30,14.5,69,976,670,2.9000000000000004,38.4065,30.0994
2017,10,11,14,0,14.8,67,955,619,3,35.0789,27.4656
2017,10,11,14,30,14.8,65,935,560,3,31.2126,24.4029
2017,10,11,15,0,14.8,64,902,487,3.1,26.5239,20.6913
2017,10,11,15,30,14.5,59,862,405,2.8000000000000003,21.3809,16.6227
2017,10,11,16,0,14.100000000000001,54,803,315,2.6,15.9673,12.3473
2017,10,11,16,30,12.4,47,719,219,2.1,10.6114,8.1385
2017,10,11,17,0,10.8,36,579,124,1.6,0.0000,0.0000
2017,10,11,17,30,9.4,20,339,40,1.7000000000000002,0.0000,0.0000
2017,10,11,18,0,8.1,0,0,0,1.8,0.0000,0.0000
2017,10,11,18,30,7.9,0,0,0,2,0.0000,0.0000
2017,10,11,19,0,7.7,0,0,0,2.1,0.0000,0.0000
2017,10,11,19,30,7.6000000000000005,0,0,0,2.3000000000000003,0.0000,0.0000
2017,10,11,20,0,7.4,0,0,0,2.4000000000000004,0.0000,0.0000
2017,10,11,20,30,7.300000000000001,0,0,0,2.5,0.0000,0.0000
2017,10,11,21,0,7.2,0,0,0,2.6,0.0000,0.0000
2017,10,11,21,30,7,0,0,0,2.7,0.0000,0.0000
2017,10,11,22,0,6.9,0,0,0,2.7,0.0000,0.0000
2017,10,11,22,30,6.7,0,0,0,2.8000000000000003,0.0000,0.0000
2017,10,11,23,0,6.5,0,0,0,2.8000000000000003,0.0000,0.0000
2017,10,11,23,30,6.2,0,0,0,2.9000000000000004,0.0000,0.0000
2017,10,12,0,0,6,0,0,0,2.9000000000000004,0.0000,0.0000
2017,10,12,0,30,5.800000000000001,0,0,0,2.9000000000000004,0.0000,0.0000
2017,10,12,1,0,5.5,0,0,0,3,0.0000,0.0000
2017,10,12,1,30,5.4,0,0,0,3,0.0000,0.0000
2017,10,12,2,0,5.2,0,0,0,3,0.0000,0.0000
2017,10,12,2,30,5.2,0,0,0,3,0.0000,0.0000
2017,10,12,3,0,5.300000000000001,0,0,0,3.1,0.0000,0.0000
2017,10,12,3,30,5.5,0,0,0,3.2,0.0000,0.0000
2017,10,12,4,0,5.7,0,0,0,3.4000000000000004,0.0000,0.0000
2017,10,12,4,30,5.9,0,0,0,3.5,0.0000,0.0000
2017,10,12,5,0,6,0,0,0,3.7,0.0000,0.0000
2017,10,12,5,30,6.2,0,0,0,3.7,0.0000,0.0000
2017,10,12,6,0,6.300000000000001,0,0,0,3.8000000000000003,0.0000,0.0000
2017,10,12,6,30,6.6000000000000005,0,0,0,4,0.0000,0.0000
2017,10,12,7,0,6.9,23,245,39,4.2,0.0000,0.0000
2017,10,12,7,30,7.5,43,469,116,4.3,0.0000,0.0000
2017,10,12,8,0,8.200000000000001,57,606,204,4.5,9.8995,7.5952
2017,10,12,8,30,9.600000000000001,114,2,115,5,5.8374,4.5149
2017,10,12,9,0,11,72,767,381,5.4,20.1312,15.6527
2017,10,12,9,30,12.200000000000001,78,808,458,5.6000000000000005,24.9541,19.4675
2017,10,12,10,0,13.4,81,844,527,5.7,29.3717,22.9635
2017,10,12,10,30,14.5,83,867,583,5.800000000000001,33.0267,25.8580
2017,10,12,11,0,15.600000000000001,84,886,628,6,35.9771,28.1941
2017,10,12,11,30,16.5,86,898,659,6,38.0171,29.8093
2017,10,12,12,0,17.400000000000002,80,918,676,6,39.1265,30.6870
2017,10,12,12,30,18,80,918,675,6,39.0616,30.6357
2017,10,12,13,0,18.6,80,911,659,5.9,37.9986,29.7936
2017,10,12,13,30,18.900000000000002,78,905,631,5.7,36.1165,28.3013
2017,10,12,14,0,19.3,77,888,585,5.5,33.0957,25.9091
2017,10,12,14,30,19.5,74,866,527,5.1000000000000005,29.3163,22.9163
2017,10,12,15,0,19.6,70,835,458,4.800000000000001,24.8895,19.4119
2017,10,12,15,30,19.3,64,790,377,4,19.8493,15.4270
2017,10,12,16,0,19,58,728,290,3.2,14.6568,11.3289
2017,10,12,16,30,17.5,49,637,199,2.4000000000000004,9.6193,7.3734
2017,10,12,17,0,16.1,37,496,109,1.6,0.0000,0.0000
2017,10,12,17,30,14.8,19,261,33,1.5,0.0000,0.0000
2017,10,12,18,0,13.5,0,0,0,1.4000000000000001,0.0000,0.0000
2017,10,12,18,30,13.3,0,0,0,1.4000000000000001,0.0000,0.0000
2017,10,12,19,0,13,0,0,0,1.3,0.0000,0.0000
2017,10,12,19,30,12.8,0,0,0,1.3,0.0000,0.0000
2017,10,12,20,0,12.5,0,0,0,1.3,0.0000,0.0000
2017,10,12,20,30,12.3,0,0,0,1.2000000000000002,0.0000,0.0000
2017,10,12,21,0,12.100000000000001,0,0,0,1.2000000000000002,0.0000,0.0000
2017,10,12,21,30,12,0,0,0,1,0.0000,0.0000
2017,10,12,22,0,11.9,0,0,0,0.9,0.0000,0.0000
2017,10,12,22,30,11.4,0,0,0,0.8,0.0000,0.0000
2017,10,12,23,0,10.9,0,0,0,0.7000000000000001,0.0000,0.0000
2017,10,12,23,30,10.200000000000001,0,0,0,0.9,0.0000,0.0000
2017,10,13,0,0,9.600000000000001,0,0,0,1.1,0.0000,0.0000
2017,10,13,0,30,9.600000000000001,0,0,0,1.6,0.0000,0.0000
2017,10,13,1,0,9.5,0,0,0,2.2,0.0000,0.0000
2017,10,13,1,30,9.4,0,0,0,2.8000000000000003,0.0000,0.0000
2017,10,13,2,0,9.4,0,0,0,3.5,0.0000,0.0000
2017,10,13,2,30,9.200000000000001,0,0,0,3.8000000000000003,0.0000,0.0000
2017,10,13,3,0,9.1,0,0,0,4.2,0.0000,0.0000
2017,10,13,3,30,8.9,0,0,0,4.4,0.0000,0.0000
2017,10,13,4,0,8.700000000000001,0,0,0,4.6000000000000005,0.0000,0.0000
2017,10,13,4,30,8.5,0,0,0,4.7,0.0000,0.0000
2017,10,13,5,0,8.3,0,0,0,4.800000000000001,0.0000,0.0000
2017,10,13,5,30,8.1,0,0,0,4.9,0.0000,0.0000
2017,10,13,6,0,8,0,0,0,5,0.0000,0.0000
2017,10,13,6,30,7.9,0,0,0,4.9,0.0000,0.0000
2017,10,13,7,0,7.800000000000001,8,0,8,4.9,0.0000,0.0000
2017,10,13,7,30,8.1,8,0,8,4.9,0.0000,0.0000
2017,10,13,8,0,8.4,9,0,9,4.9,0.4359,0.3343
2017,10,13,8,30,9,68,0,68,4.9,3.4441,2.6629
2017,10,13,9,0,9.5,178,12,183,4.9,9.6496,7.5011
2017,10,13,9,30,10.200000000000001,105,0,105,4.800000000000001,5.7106,4.4542
2017,10,13,10,0,10.8,244,28,259,4.7,14.4117,11.2658
2017,10,13,10,30,11.5,255,13,263,4.7,14.8769,11.6463
2017,10,13,11,0,12.200000000000001,99,845,613,4.6000000000000005,35.0690,27.4793
2017,10,13,11,30,12.8,100,855,641,4.6000000000000005,36.9286,28.9527
2017,10,13,12,0,13.4,95,876,660,4.6000000000000005,38.1494,29.9175
2017,10,13,12,30,14,95,875,659,4.6000000000000005,38.0846,29.8663
2017,10,13,13,0,14.5,93,872,644,4.7,37.0802,29.0702
2017,10,13,13,30,14.9,92,862,613,4.7,35.0326,27.4486
2017,10,13,14,0,15.200000000000001,88,847,569,4.7,32.1348,25.1532
2017,10,13,14,30,15.3,85,826,513,4.6000000000000005,28.4828,22.2608
2017,10,13,15,0,15.4,81,789,443,4.5,24.0204,18.7298
2017,10,13,15,30,15,75,742,364,4.1000000000000005,19.1143,14.8510
2017,10,13,16,0,14.600000000000001,66,679,279,3.7,14.0591,10.8620
2017,10,13,16,30,13.3,55,584,189,2.8000000000000003,9.1152,6.9830
2017,10,13,17,0,12,40,440,102,1.9000000000000001,0.0000,0.0000
2017,10,13,17,30,10.700000000000001,19,201,29,1.7000000000000002,0.0000,0.0000
2017,10,13,18,0,9.4,0,0,0,1.4000000000000001,0.0000,0.0000
2017,10,13,18,30,9.1,0,0,0,1.4000000000000001,0.0000,0.0000
2017,10,13,19,0,8.700000000000001,0,0,0,1.4000000000000001,0.0000,0.0000
2017,10,13,19,30,8.4,0,0,0,1.4000000000000001,0.0000,0.0000
2017,10,13,20,0,8.200000000000001,0,0,0,1.4000000000000001,0.0000,0.0000
2017,10,13,20,30,8,0,0,0,1.5,0.0000,0.0000
2017,10,13,21,0,7.7,0,0,0,1.5,0.0000,0.0000
2017,10,13,21,30,7.6000000000000005,0,0,0,1.7000000000000002,0.0000,0.0000
2017,10,13,22,0,7.4,0,0,0,1.9000000000000001,0.0000,0.0000
2017,10,13,22,30,7.4,0,0,0,2.1,0.0000,0.0000
2017,10,13,23,0,7.300000000000001,0,0,0,2.2,0.0000,0.0000
2017,10,13,23,30,7.2,0,0,0,2.4000000000000004,0.0000,0.0000
2017,10,14,0,0,7.1000000000000005,0,0,0,2.6,0.0000,0.0000
2017,10,14,0,30,7,0,0,0,2.7,0.0000,0.0000
2017,10,14,1,0,7,0,0,0,2.7,0.0000,0.0000
2017,10,14,1,30,7,0,0,0,2.7,0.0000,0.0000
2017,10,14,2,0,7,0,0,0,2.6,0.0000,0.0000
2017,10,14,2,30,7.1000000000000005,0,0,0,2.2,0.0000,0.0000
2017,10,14,3,0,7.2,0,0,0,1.8,0.0000,0.0000
2017,10,14,3,30,7.4,0,0,0,1.7000000000000002,0.0000,0.0000
2017,10,14,4,0,7.6000000000000005,0,0,0,1.6,0.0000,0.0000
2017,10,14,4,30,7.800000000000001,0,0,0,1.8,0.0000,0.0000
2017,10,14,5,0,8,0,0,0,2,0.0000,0.0000
2017,10,14,5,30,8,0,0,0,1.8,0.0000,0.0000
2017,10,14,6,0,8,0,0,0,1.5,0.0000,0.0000
2017,10,14,6,30,8.3,0,0,0,1.6,0.0000,0.0000
2017,10,14,7,0,8.6,23,87,28,1.7000000000000002,0.0000,0.0000
2017,10,14,7,30,9.4,55,268,95,1.8,0.0000,0.0000
2017,10,14,8,0,10.3,79,414,177,2,8.5585,6.5607
2017,10,14,8,30,11.200000000000001,97,514,261,1.8,13.1899,10.1949
2017,10,14,9,0,12.200000000000001,48,0,48,1.7000000000000002,2.5258,1.9630
2017,10,14,9,30,12.8,20,0,20,1.5,1.0857,0.8467
2017,10,14,10,0,13.4,82,0,82,1.3,4.5553,3.5604
2017,10,14,10,30,14.100000000000001,40,0,40,1.2000000000000002,2.2592,1.7684
2017,10,14,11,0,14.700000000000001,135,0,136,1,7.7694,6.0873
2017,10,14,11,30,15.200000000000001,91,0,91,0.7000000000000001,5.2356,4.1043
2017,10,14,12,0,15.700000000000001,231,1,231,0.30000000000000004,13.3341,10.4558
2017,10,14,12,30,16.2,55,0,55,1,3.1741,2.4889
2017,10,14,13,0,16.6,61,0,61,1.6,3.5071,2.7492
2017,10,14,13,30,16.7,44,0,44,2.3000000000000003,2.5106,1.9668
2017,10,14,14,0,16.8,76,0,76,2.9000000000000004,4.2848,3.3534
2017,10,14,14,30,16.5,23,0,23,3.4000000000000004,1.2744,0.9959
2017,10,14,15,0,16.2,44,0,44,4,2.3803,1.8556
2017,10,14,15,30,15.5,41,0,41,4.4,2.1472,1.6678
2017,10,14,16,0,14.8,10,0,10,4.800000000000001,0.5024,0.3880
2017,10,14,16,30,13.9,51,0,51,5.2,2.4544,1.8792
2017,10,14,17,0,13,51,272,88,5.6000000000000005,0.0000,0.0000
2017,10,14,17,30,12.4,19,75,22,6.2,0.0000,0.0000
2017,10,14,18,0,11.700000000000001,0,0,0,6.800000000000001,0.0000,0.0000
2017,10,14,18,30,11,0,0,0,7.7,0.0000,0.0000
2017,10,14,19,0,10.3,0,0,0,8.700000000000001,0.0000,0.0000
2017,10,14,19,30,9,0,0,0,8.700000000000001,0.0000,0.0000
2017,10,14,20,0,7.7,0,0,0,8.700000000000001,0.0000,0.0000
2017,10,14,20,30,6.9,0,0,0,8.3,0.0000,0.0000
2017,10,14,21,0,6.1000000000000005,0,0,0,8,0.0000,0.0000
2017,10,14,21,30,5.800000000000001,0,0,0,7.9,0.0000,0.0000
2017,10,14,22,0,5.4,0,0,0,7.800000000000001,0.0000,0.0000
2017,10,14,22,30,5.4,0,0,0,7.6000000000000005,0.0000,0.0000
2017,10,14,23,0,5.300000000000001,0,0,0,7.5,0.0000,0.0000
2017,10,14,23,30,5.4,0,0,0,7.300000000000001,0.0000,0.0000
2017,10,15,0,0,5.5,0,0,0,7.1000000000000005,0.0000,0.0000
2017,10,15,0,30,5.4,0,0,0,6.800000000000001,0.0000,0.0000
2017,10,15,1,0,5.300000000000001,0,0,0,6.5,0.0000,0.0000
2017,10,15,1,30,5,0,0,0,6.2,0.0000,0.0000
2017,10,15,2,0,4.800000000000001,0,0,0,5.800000000000001,0.0000,0.0000
2017,10,15,2,30,4.4,0,0,0,5.2,0.0000,0.0000
2017,10,15,3,0,4,0,0,0,4.6000000000000005,0.0000,0.0000
2017,10,15,3,30,3.6,0,0,0,4.2,0.0000,0.0000
2017,10,15,4,0,3.1,0,0,0,3.7,0.0000,0.0000
2017,10,15,4,30,2.8000000000000003,0,0,0,3.7,0.0000,0.0000
2017,10,15,5,0,2.5,0,0,0,3.6,0.0000,0.0000
2017,10,15,5,30,2.2,0,0,0,3.4000000000000004,0.0000,0.0000
2017,10,15,6,0,1.9000000000000001,0,0,0,3.2,0.0000,0.0000
2017,10,15,6,30,2.1,0,0,0,3.4000000000000004,0.0000,0.0000
2017,10,15,7,0,2.2,18,337,36,3.5,0.0000,0.0000
2017,10,15,7,30,3.3000000000000003,34,573,116,3.6,0.0000,0.0000
2017,10,15,8,0,4.4,45,708,209,3.6,10.0885,7.7303
2017,10,15,8,30,6,52,793,302,3.7,15.2266,11.7649
2017,10,15,9,0,7.7,58,845,388,3.7,20.3746,15.8302
2017,10,15,9,30,8.8,63,880,465,3.7,25.1982,19.6470
2017,10,15,10,0,10,67,906,535,3.6,29.6729,23.1887
2017,10,15,10,30,10.8,69,923,589,3.5,33.2169,25.9969
2017,10,15,11,0,11.600000000000001,74,932,632,3.4000000000000004,36.0531,28.2440
2017,10,15,11,30,12.3,75,941,661,3.5,37.9781,29.7691
2017,10,15,12,0,13,74,949,676,3.5,38.9686,30.5535
2017,10,15,12,30,13.5,74,949,675,3.6,38.9006,30.4996
2017,10,15,13,0,14,74,940,658,3.7,37.7759,29.6088
2017,10,15,13,30,14.4,73,935,630,3.8000000000000003,35.8913,28.1141
2017,10,15,14,0,14.8,71,920,584,3.9000000000000004,32.8680,25.7194
2017,10,15,14,30,15,68,898,525,3.8000000000000003,29.0345,22.6837
2017,10,15,15,0,15.200000000000001,65,866,454,3.7,24.5040,19.0977
2017,10,15,15,30,14.8,60,823,373,3,19.4831,15.1277
2017,10,15,16,0,14.5,53,765,284,2.3000000000000003,14.2274,10.9818
2017,10,15,16,30,12.700000000000001,44,679,193,2,9.2704,7.0938
2017,10,15,17,0,11,33,529,102,1.6,0.0000,0.0000
2017,10,15,17,30,9.8,15,273,26,1.8,0.0000,0.0000
2017,10,15,18,0,8.700000000000001,0,0,0,1.9000000000000001,0.0000,0.0000
2017,10,15,18,30,8.3,0,0,0,2,0.0000,0.0000
2017,10,15,19,0,8,0,0,0,2.1,0.0000,0.0000
2017,10,15,19,30,7.6000000000000005,0,0,0,2.1,0.0000,0.0000
2017,10,15,20,0,7.300000000000001,0,0,0,2.1,0.0000,0.0000
2017,10,15,20,30,7,0,0,0,2.2,0.0000,0.0000
2017,10,15,21,0,6.6000000000000005,0,0,0,2.2,0.0000,0.0000
2017,10,15,21,30,6.300000000000001,0,0,0,2.2,0.0000,0.0000
2017,10,15,22,0,6,0,0,0,2.2,0.0000,0.0000
2017,10,15,22,30,5.6000000000000005,0,0,0,2.1,0.0000,0.0000
2017,10,15,23,0,5.2,0,0,0,2,0.0000,0.0000
2017,10,15,23,30,4.800000000000001,0,0,0,1.9000000000000001,0.0000,0.0000
2017,10,16,0,0,4.4,0,0,0,1.7000000000000002,0.0000,0.0000
2017,10,16,0,30,4,0,0,0,1.6,0.0000,0.0000
2017,10,16,1,0,3.6,0,0,0,1.4000000000000001,0.0000,0.0000
2017,10,16,1,30,3.4000000000000004,0,0,0,1.3,0.0000,0.0000
2017,10,16,2,0,3.2,0,0,0,1.3,0.0000,0.0000
2017,10,16,2,30,3.4000000000000004,0,0,0,1.2000000000000002,0.0000,0.0000
2017,10,16,3,0,3.6,0,0,0,1.1,0.0000,0.0000
2017,10,16,3,30,4.3,0,0,0,0.9,0.0000,0.0000
2017,10,16,4,0,4.9,0,0,0,0.7000000000000001,0.0000,0.0000
2017,10,16,4,30,4.7,0,0,0,0.8,0.0000,0.0000
2017,10,16,5,0,4.5,0,0,0,0.9,0.0000,0.0000
2017,10,16,5,30,3.5,0,0,0,1.1,0.0000,0.0000
2017,10,16,6,0,2.6,0,0,0,1.3,0.0000,0.0000
2017,10,16,6,30,3.1,0,0,0,1.5,0.0000,0.0000
2017,10,16,7,0,3.7,17,325,33,1.8,0.0000,0.0000
2017,10,16,7,30,5.5,32,564,111,2.7,0.0000,0.0000
2017,10,16,8,0,7.300000000000001,42,702,202,3.6,9.7347,7.4560
2017,10,16,8,30,8.700000000000001,50,783,293,3.5,14.7399,11.3850
2017,10,16,9,0,10.100000000000001,54,844,380,3.3000000000000003,19.9108,15.4657
2017,10,16,9,30,12,58,884,459,3.5,24.8263,19.3532
2017,10,16,10,0,13.8,61,914,528,3.7,29.2353,22.8431
2017,10,16,10,30,15.4,63,934,585,4.6000000000000005,32.9420,25.7785
2017,10,16,11,0,17.1,64,944,626,5.4,35.6604,27.9330
2017,10,16,11,30,18,66,953,655,5.5,37.5798,29.4536
2017,10,16,12,0,18.8,67,956,669,5.7,38.5108,30.1913
2017,10,16,12,30,19.400000000000002,67,956,668,5.7,38.4429,30.1374
2017,10,16,13,0,20,67,950,652,5.800000000000001,37.3762,29.2920
2017,10,16,13,30,20.3,66,940,620,5.7,35.2648,27.6197
2017,10,16,14,0,20.6,65,924,575,5.6000000000000005,32.3057,25.2756
2017,10,16,14,30,20.5,62,902,516,5.300000000000001,28.4793,22.2456
2017,10,16,15,0,20.400000000000002,60,870,446,4.9,24.0173,18.7139
2017,10,16,15,30,19.6,55,827,365,4.6000000000000005,19.0145,14.7589
2017,10,16,16,0,18.8,50,768,279,4.2,13.9366,10.7522
2017,10,16,16,30,17.3,106,171,143,3.9000000000000004,6.8567,5.2439
2017,10,16,17,0,15.9,63,49,70,3.6,0.0000,0.0000
2017,10,16,17,30,15,12,0,12,3.7,0.0000,0.0000
2017,10,16,18,0,14,0,0,0,3.9000000000000004,0.0000,0.0000
2017,10,16,18,30,13.8,0,0,0,4.1000000000000005,0.0000,0.0000
2017,10,16,19,0,13.600000000000001,0,0,0,4.3,0.0000,0.0000
2017,10,16,19,30,13.200000000000001,0,0,0,4.4,0.0000,0.0000
2017,10,16,20,0,12.8,0,0,0,4.4,0.0000,0.0000
2017,10,16,20,30,12.3,0,0,0,4.4,0.0000,0.0000
2017,10,16,21,0,11.9,0,0,0,4.4,0.0000,0.0000
2017,10,16,21,30,11.4,0,0,0,4.3,0.0000,0.0000
2017,10,16,22,0,10.9,0,0,0,4.3,0.0000,0.0000
2017,10,16,22,30,10.5,0,0,0,4.2,0.0000,0.0000
2017,10,16,23,0,10,0,0,0,4.1000000000000005,0.0000,0.0000
2017,10,16,23,30,9.5,0,0,0,3.9000000000000004,0.0000,0.0000
2017,10,17,0,0,9.1,0,0,0,3.7,0.0000,0.0000
2017,10,17,0,30,8.700000000000001,0,0,0,3.6,0.0000,0.0000
2017,10,17,1,0,8.3,0,0,0,3.4000000000000004,0.0000,0.0000
2017,10,17,1,30,8,0,0,0,3.2,0.0000,0.0000
2017,10,17,2,0,7.7,0,0,0,3,0.0000,0.0000
2017,10,17,2,30,7.4,0,0,0,2.7,0.0000,0.0000
2017,10,17,3,0,7,0,0,0,2.3000000000000003,0.0000,0.0000
2017,10,17,3,30,6.6000000000000005,0,0,0,2,0.0000,0.0000
2017,10,17,4,0,6.2,0,0,0,1.7000000000000002,0.0000,0.0000
2017,10,17,4,30,6,0,0,0,1.5,0.0000,0.0000
2017,10,17,5,0,5.7,0,0,0,1.3,0.0000,0.0000
2017,10,17,5,30,5.6000000000000005,0,0,0,1.2000000000000002,0.0000,0.0000
2017,10,17,6,0,5.5,0,0,0,1.2000000000000002,0.0000,0.0000
2017,10,17,6,30,6,0,0,0,1.1,0.0000,0.0000
2017,10,17,7,0,6.6000000000000005,17,268,29,1.1,0.0000,0.0000
2017,10,17,7,30,8,34,523,105,1.5,0.0000,0.0000
2017,10,17,8,0,9.5,45,667,194,1.8,9.3346,7.1465
2017,10,17,8,30,10.600000000000001,53,758,285,1.7000000000000002,14.3042,11.0443
2017,10,17,9,0,11.8,59,818,372,1.6,19.4501,15.1039
2017,10,17,9,30,13.3,64,861,451,1.5,24.3471,18.9759
2017,10,17,10,0,14.9,68,891,519,1.4000000000000001,28.6879,22.4118
2017,10,17,10,30,16.3,70,913,576,1.4000000000000001,32.3844,25.3387
2017,10,17,11,0,17.7,73,926,619,1.5,35.2094,27.5764
2017,10,17,11,30,18.900000000000002,74,936,648,1.4000000000000001,37.1259,29.0945
2017,10,17,12,0,20.1,70,949,663,1.4000000000000001,38.1123,29.8756
2017,10,17,12,30,20.700000000000003,70,949,662,1.3,38.0430,29.8205
2017,10,17,13,0,21.200000000000003,70,943,646,1.2000000000000002,36.9766,28.9754
2017,10,17,13,30,21.5,69,933,614,1.1,34.8679,27.3052
2017,10,17,14,0,21.700000000000003,67,917,568,0.9,31.8549,24.9189
2017,10,17,14,30,21.700000000000003,64,895,510,0.9,28.0921,21.9390
2017,10,17,15,0,21.700000000000003,60,864,439,0.8,23.5857,18.3730
2017,10,17,15,30,21.1,56,819,359,0.8,18.6516,14.4722
2017,10,17,16,0,20.5,50,756,271,0.9,13.4979,10.4087
2017,10,17,16,30,18.400000000000002,42,660,180,1,8.6171,6.5868
2017,10,17,17,0,16.2,30,497,90,1.1,0.0000,0.0000
2017,10,17,17,30,14.8,13,215,20,1.4000000000000001,0.0000,0.0000
2017,10,17,18,0,13.4,0,0,0,1.6,0.0000,0.0000
2017,10,17,18,30,13.100000000000001,0,0,0,1.8,0.0000,0.0000
2017,10,17,19,0,12.8,0,0,0,2,0.0000,0.0000
2017,10,17,19,30,12.600000000000001,0,0,0,2.3000000000000003,0.0000,0.0000
2017,10,17,20,0,12.4,0,0,0,2.6,0.0000,0.0000
2017,10,17,20,30,12.200000000000001,0,0,0,2.8000000000000003,0.0000,0.0000
2017,10,17,21,0,12,0,0,0,3,0.0000,0.0000
2017,10,17,21,30,11.700000000000001,0,0,0,3,0.0000,0.0000
2017,10,17,22,0,11.4,0,0,0,3.1,0.0000,0.0000
2017,10,17,22,30,11.100000000000001,0,0,0,3.1,0.0000,0.0000
2017,10,17,23,0,10.8,0,0,0,3.2,0.0000,0.0000
2017,10,17,23,30,10.600000000000001,0,0,0,3.2,0.0000,0.0000
2017,10,18,0,0,10.3,0,0,0,3.3000000000000003,0.0000,0.0000
2017,10,18,0,30,10.100000000000001,0,0,0,3.3000000000000003,0.0000,0.0000
2017,10,18,1,0,9.9,0,0,0,3.3000000000000003,0.0000,0.0000
2017,10,18,1,30,9.700000000000001,0,0,0,3.4000000000000004,0.0000,0.0000
2017,10,18,2,0,9.5,0,0,0,3.5,0.0000,0.0000
2017,10,18,2,30,9.3,0,0,0,3.5,0.0000,0.0000
2017,10,18,3,0,9.1,0,0,0,3.5,0.0000,0.0000
2017,10,18,3,30,8.9,0,0,0,3.5,0.0000,0.0000
2017,10,18,4,0,8.700000000000001,0,0,0,3.5,0.0000,0.0000
2017,10,18,4,30,8.5,0,0,0,3.6,0.0000,0.0000
2017,10,18,5,0,8.3,0,0,0,3.7,0.0000,0.0000
2017,10,18,5,30,8.1,0,0,0,3.8000000000000003,0.0000,0.0000
2017,10,18,6,0,7.800000000000001,0,0,0,3.9000000000000004,0.0000,0.0000
2017,10,18,6,30,7.9,0,0,0,4.1000000000000005,0.0000,0.0000
2017,10,18,7,0,7.9,16,277,28,4.3,0.0000,0.0000
2017,10,18,7,30,9.1,33,528,102,4.4,0.0000,0.0000
2017,10,18,8,0,10.200000000000001,44,675,192,4.6000000000000005,9.2247,7.0594
2017,10,18,8,30,11.8,108,494,258,4.3,12.9201,9.9721
2017,10,18,9,0,13.3,26,663,277,4.1000000000000005,14.4519,11.2196
2017,10,18,9,30,14.9,62,859,444,4.1000000000000005,23.9229,18.6415
2017,10,18,10,0,16.5,161,535,429,4,23.6720,18.4902
2017,10,18,10,30,17.7,179,565,490,3.7,27.5054,21.5182
2017,10,18,11,0,18.8,71,920,609,3.4000000000000004,34.5901,27.0881
2017,10,18,11,30,19.6,72,929,637,3.3000000000000003,36.4435,28.5565
2017,10,18,12,0,20.3,71,935,651,3.1,37.3696,29.2901
2017,10,18,12,30,20.6,71,935,650,3.2,37.3003,29.2350
2017,10,18,13,0,21,71,930,633,3.4000000000000004,36.1786,28.3467
2017,10,18,13,30,21,69,923,604,3.8000000000000003,34.2444,26.8133
2017,10,18,14,0,21,69,903,558,4.2,31.2383,24.4327
2017,10,18,14,30,20.700000000000003,66,880,500,4.3,27.4855,21.4611
2017,10,18,15,0,20.400000000000002,70,821,426,4.4,22.8335,17.7825
2017,10,18,15,30,19.6,64,773,346,3.7,17.9272,13.9052
2017,10,18,16,0,18.8,57,705,260,2.9000000000000004,12.9140,9.9536
2017,10,18,16,30,17,47,600,170,2.3000000000000003,8.1275,6.2094
2017,10,18,17,0,15.200000000000001,33,439,84,1.7000000000000002,0.0000,0.0000
2017,10,18,17,30,14,12,148,16,1.7000000000000002,0.0000,0.0000
2017,10,18,18,0,12.9,0,0,0,1.6,0.0000,0.0000
2017,10,18,18,30,12.4,0,0,0,1.6,0.0000,0.0000
2017,10,18,19,0,12,0,0,0,1.6,0.0000,0.0000
2017,10,18,19,30,11.5,0,0,0,1.6,0.0000,0.0000
2017,10,18,20,0,11.100000000000001,0,0,0,1.5,0.0000,0.0000
2017,10,18,20,30,10.700000000000001,0,0,0,1.5,0.0000,0.0000
2017,10,18,21,0,10.3,0,0,0,1.5,0.0000,0.0000
2017,10,18,21,30,9.9,0,0,0,1.6,0.0000,0.0000
2017,10,18,22,0,9.5,0,0,0,1.6,0.0000,0.0000
2017,10,18,22,30,9.1,0,0,0,1.6,0.0000,0.0000
2017,10,18,23,0,8.8,0,0,0,1.6,0.0000,0.0000
2017,10,18,23,30,8.5,0,0,0,1.6,0.0000,0.0000
2017,10,19,0,0,8.1,0,0,0,1.6,0.0000,0.0000
2017,10,19,0,30,7.9,0,0,0,1.5,0.0000,0.0000
2017,10,19,1,0,7.6000000000000005,0,0,0,1.5,0.0000,0.0000
2017,10,19,1,30,7.300000000000001,0,0,0,1.5,0.0000,0.0000
2017,10,19,2,0,7.1000000000000005,0,0,0,1.4000000000000001,0.0000,0.0000
2017,10,19,2,30,6.800000000000001,0,0,0,1.4000000000000001,0.0000,0.0000
2017,10,19,3,0,6.6000000000000005,0,0,0,1.4000000000000001,0.0000,0.0000
2017,10,19,3,30,6.300000000000001,0,0,0,1.3,0.0000,0.0000
2017,10,19,4,0,6,0,0,0,1.3,0.0000,0.0000
2017,10,19,4,30,5.800000000000001,0,0,0,1.3,0.0000,0.0000
2017,10,19,5,0,5.6000000000000005,0,0,0,1.3,0.0000,0.0000
2017,10,19,5,30,5.4,0,0,0,1.3,0.0000,0.0000
2017,10,19,6,0,5.2,0,0,0,1.4000000000000001,0.0000,0.0000
2017,10,19,6,30,5.7,0,0,0,1.5,0.0000,0.0000
2017,10,19,7,0,6.2,16,234,25,1.6,0.0000,0.0000
2017,10,19,7,30,7.800000000000001,34,504,99,2.3000000000000003,0.0000,0.0000
2017,10,19,8,0,9.4,46,652,187,2.9000000000000004,8.9715,6.8626
2017,10,19,8,30,10.8,55,747,277,2.8000000000000003,13.8393,10.6774
2017,10,19,9,0,12.200000000000001,61,811,364,2.7,18.9497,14.7073
2017,10,19,9,30,14,66,855,443,2.8000000000000003,23.8224,18.5593
2017,10,19,10,0,15.8,70,887,511,2.9000000000000004,28.1488,21.9835
2017,10,19,10,30,17.5,73,905,566,3.5,31.7219,24.8134
2017,10,19,11,0,19.200000000000003,75,920,609,4.2,34.5373,27.0433
2017,10,19,11,30,20.3,76,930,637,4.3,36.3921,28.5129
2017,10,19,12,0,21.400000000000002,73,941,652,4.4,37.3732,29.2895
2017,10,19,12,30,21.900000000000002,73,941,651,4.3,37.3038,29.2344
2017,10,19,13,0,22.5,73,933,634,4.3,36.1795,28.3438
2017,10,19,13,30,22.700000000000003,72,923,602,4.1000000000000005,34.0748,26.6768
2017,10,19,14,0,23,70,906,556,4,31.0700,24.2971
2017,10,19,14,30,22.900000000000002,67,883,497,3.7,27.2645,21.2843
2017,10,19,15,0,22.700000000000003,64,847,426,3.3000000000000003,22.7790,17.7355
2017,10,19,15,30,21.900000000000002,59,800,346,2.8000000000000003,17.8793,13.8632
2017,10,19,16,0,21.1,52,730,259,2.2,12.8274,9.8819
2017,10,19,16,30,19.400000000000002,43,628,168,2.2,8.0228,6.1264
2017,10,19,17,0,17.7,30,458,81,2.1,0.0000,0.0000
2017,10,19,17,30,16.900000000000002,11,167,14,2.3000000000000003,0.0000,0.0000
2017,10,19,18,0,16.1,0,0,0,2.5,0.0000,0.0000
2017,10,19,18,30,16,0,0,0,2.7,0.0000,0.0000
2017,10,19,19,0,15.9,0,0,0,2.9000000000000004,0.0000,0.0000
2017,10,19,19,30,15.600000000000001,0,0,0,3,0.0000,0.0000
2017,10,19,20,0,15.4,0,0,0,3.1,0.0000,0.0000
2017,10,19,20,30,15.100000000000001,0,0,0,3.2,0.0000,0.0000
2017,10,19,21,0,14.9,0,0,0,3.3000000000000003,0.0000,0.0000
2017,10,19,21,30,14.600000000000001,0,0,0,3.6,0.0000,0.0000
2017,10,19,22,0,14.3,0,0,0,3.8000000000000003,0.0000,0.0000
2017,10,19,22,30,14,0,0,0,3.9000000000000004,0.0000,0.0000
2017,10,19,23,0,13.700000000000001,0,0,0,4,0.0000,0.0000
2017,10,19,23,30,13.4,0,0,0,4,0.0000,0.0000
2017,10,20,0,0,13.100000000000001,0,0,0,4,0.0000,0.0000
2017,10,20,0,30,13,0,0,0,4.1000000000000005,0.0000,0.0000
2017,10,20,1,0,12.9,0,0,0,4.2,0.0000,0.0000
2017,10,20,1,30,12.9,0,0,0,4.2,0.0000,0.0000
2017,10,20,2,0,12.9,0,0,0,4.3,0.0000,0.0000
2017,10,20,2,30,12.8,0,0,0,4.3,0.0000,0.0000
2017,10,20,3,0,12.700000000000001,0,0,0,4.3,0.0000,0.0000
2017,10,20,3,30,12.4,0,0,0,4.3,0.0000,0.0000
2017,10,20,4,0,12.100000000000001,0,0,0,4.2,0.0000,0.0000
2017,10,20,4,30,11.9,0,0,0,4.3,0.0000,0.0000
2017,10,20,5,0,11.700000000000001,0,0,0,4.4,0.0000,0.0000
2017,10,20,5,30,11.700000000000001,0,0,0,4.5,0.0000,0.0000
2017,10,20,6,0,11.8,0,0,0,4.5,0.0000,0.0000
2017,10,20,6,30,12,0,0,0,4.7,0.0000,0.0000
2017,10,20,7,0,12.200000000000001,13,0,13,4.9,0.0000,0.0000
2017,10,20,7,30,13,53,9,54,5.2,0.0000,0.0000
2017,10,20,8,0,13.700000000000001,109,68,124,5.6000000000000005,5.9414,4.5429
2017,10,20,8,30,14.9,138,214,201,5.9,10.0189,7.7268
2017,10,20,9,0,16.1,176,269,276,6.1000000000000005,14.3369,11.1241
2017,10,20,9,30,17.2,132,571,381,6.5,20.4478,15.9268
2017,10,20,10,0,18.400000000000002,157,574,441,6.800000000000001,24.2495,18.9350
2017,10,20,10,30,19.1,84,840,538,6.800000000000001,30.1032,23.5438
2017,10,20,11,0,19.700000000000003,86,854,578,6.800000000000001,32.7299,25.6248
2017,10,20,11,30,20.400000000000002,174,602,534,6.9,30.4626,23.8644
2017,10,20,12,0,21.1,88,860,613,7.1000000000000005,35.0877,27.4952
2017,10,20,12,30,21.8,173,590,532,7.300000000000001,30.4401,23.8525
2017,10,20,13,0,22.5,275,256,427,7.6000000000000005,24.3305,19.0587
2017,10,20,13,30,23,198,496,480,7.800000000000001,27.1250,21.2329
2017,10,20,14,0,23.400000000000002,93,783,509,8,28.3927,22.1998
2017,10,20,14,30,23.200000000000003,136,603,427,8,23.3769,18.2458
2017,10,20,15,0,23,208,173,281,7.9,14.9903,11.6683
2017,10,20,15,30,22.5,143,381,278,7.7,14.3267,11.1046
2017,10,20,16,0,22,134,127,169,7.6000000000000005,8.3477,6.4277
2017,10,20,16,30,21.5,57,437,142,7.6000000000000005,6.7752,5.1713
2017,10,20,17,0,21,36,263,64,7.6000000000000005,0.0000,0.0000
2017,10,20,17,30,20.6,0,0,0,7.6000000000000005,0.0000,0.0000
2017,10,20,18,0,20.3,0,0,0,7.7,0.0000,0.0000
2017,10,20,18,30,20,0,0,0,7.800000000000001,0.0000,0.0000
2017,10,20,19,0,19.8,0,0,0,7.9,0.0000,0.0000
2017,10,20,19,30,19.6,0,0,0,7.9,0.0000,0.0000
2017,10,20,20,0,19.5,0,0,0,7.9,0.0000,0.0000
2017,10,20,20,30,19.3,0,0,0,7.800000000000001,0.0000,0.0000
2017,10,20,21,0,19.1,0,0,0,7.800000000000001,0.0000,0.0000
2017,10,20,21,30,19,0,0,0,7.800000000000001,0.0000,0.0000
2017,10,20,22,0,18.8,0,0,0,7.7,0.0000,0.0000
2017,10,20,22,30,18.7,0,0,0,7.7,0.0000,0.0000
2017,10,20,23,0,18.6,0,0,0,7.7,0.0000,0.0000
2017,10,20,23,30,18.6,0,0,0,7.7,0.0000,0.0000
2017,10,21,0,0,18.6,0,0,0,7.7,0.0000,0.0000
2017,10,21,0,30,18.6,0,0,0,7.800000000000001,0.0000,0.0000
2017,10,21,1,0,18.6,0,0,0,7.800000000000001,0.0000,0.0000
2017,10,21,1,30,18.7,0,0,0,7.800000000000001,0.0000,0.0000
2017,10,21,2,0,18.8,0,0,0,7.9,0.0000,0.0000
2017,10,21,2,30,18.8,0,0,0,7.7,0.0000,0.0000
2017,10,21,3,0,18.8,0,0,0,7.6000000000000005,0.0000,0.0000
2017,10,21,3,30,18.8,0,0,0,7.5,0.0000,0.0000
2017,10,21,4,0,18.8,0,0,0,7.4,0.0000,0.0000
2017,10,21,4,30,18.7,0,0,0,7.300000000000001,0.0000,0.0000
2017,10,21,5,0,18.6,0,0,0,7.1000000000000005,0.0000,0.0000
2017,10,21,5,30,18.5,0,0,0,7,0.0000,0.0000
2017,10,21,6,0,18.5,0,0,0,6.9,0.0000,0.0000
2017,10,21,6,30,18.6,0,0,0,6.800000000000001,0.0000,0.0000
2017,10,21,7,0,18.7,5,0,5,6.7,0.0000,0.0000
2017,10,21,7,30,19.200000000000003,41,0,41,6.800000000000001,0.0000,0.0000
2017,10,21,8,0,19.6,85,15,88,6.9,4.2116,3.2189
2017,10,21,8,30,20,51,0,51,6.9,2.5364,1.9554
2017,10,21,9,0,20.3,91,617,316,7,16.3770,12.7033
2017,10,21,9,30,20.700000000000003,199,16,206,6.6000000000000005,11.0336,8.5922
2017,10,21,10,0,21,78,0,78,6.300000000000001,4.2813,3.3424
2017,10,21,10,30,20.900000000000002,48,0,48,6,2.6815,2.0969
2017,10,21,11,0,20.900000000000002,60,0,60,5.800000000000001,3.3924,2.6556
2017,10,21,11,30,19.8,26,0,26,6.2,1.4810,1.1601
2017,10,21,12,0,18.8,49,0,49,6.6000000000000005,2.8007,2.1944
2017,10,21,12,30,17.900000000000002,71,0,71,6.9,4.0564,3.1782
2017,10,21,13,0,17,129,2,130,7.1000000000000005,7.3958,5.7926
2017,10,21,13,30,16.5,245,64,282,6.7,15.9096,12.4519
2017,10,21,14,0,15.9,104,2,105,6.4,5.8464,4.5705
2017,10,21,14,30,15.5,87,1,87,6,4.7532,3.7091
2017,10,21,15,0,15.100000000000001,203,219,294,5.7,15.6477,12.1768
2017,10,21,15,30,14.700000000000001,143,6,145,5.300000000000001,7.4529,5.7747
2017,10,21,16,0,14.3,72,0,72,5,3.5467,2.7295
2017,10,21,16,30,13.4,43,0,43,4.2,2.0504,1.5643
2017,10,21,17,0,12.600000000000001,31,0,31,3.4000000000000004,0.0000,0.0000
2017,10,21,17,30,11.8,0,0,0,3.1,0.0000,0.0000
2017,10,21,18,0,11,0,0,0,2.8000000000000003,0.0000,0.0000
2017,10,21,18,30,10.8,0,0,0,3.4000000000000004,0.0000,0.0000
2017,10,21,19,0,10.600000000000001,0,0,0,4,0.0000,0.0000
2017,10,21,19,30,9.9,0,0,0,3.7,0.0000,0.0000
2017,10,21,20,0,9.3,0,0,0,3.4000000000000004,0.0000,0.0000
2017,10,21,20,30,8.4,0,0,0,2.4000000000000004,0.0000,0.0000
2017,10,21,21,0,7.6000000000000005,0,0,0,1.5,0.0000,0.0000
2017,10,21,21,30,7.4,0,0,0,1.6,0.0000,0.0000
2017,10,21,22,0,7.1000000000000005,0,0,0,1.7000000000000002,0.0000,0.0000
2017,10,21,22,30,6.9,0,0,0,1.5,0.0000,0.0000
2017,10,21,23,0,6.6000000000000005,0,0,0,1.4000000000000001,0.0000,0.0000
2017,10,21,23,30,6.5,0,0,0,1.5,0.0000,0.0000
2017,10,22,0,0,6.5,0,0,0,1.6,0.0000,0.0000
2017,10,22,0,30,6.7,0,0,0,2,0.0000,0.0000
2017,10,22,1,0,6.9,0,0,0,2.4000000000000004,0.0000,0.0000
2017,10,22,1,30,6.9,0,0,0,2.5,0.0000,0.0000
2017,10,22,2,0,7,0,0,0,2.5,0.0000,0.0000
2017,10,22,2,30,6.800000000000001,0,0,0,2.2,0.0000,0.0000
2017,10,22,3,0,6.7,0,0,0,2,0.0000,0.0000
2017,10,22,3,30,6.2,0,0,0,1.9000000000000001,0.0000,0.0000
2017,10,22,4,0,5.7,0,0,0,1.8,0.0000,0.0000
2017,10,22,4,30,5.1000000000000005,0,0,0,1.5,0.0000,0.0000
2017,10,22,5,0,4.5,0,0,0,1.2000000000000002,0.0000,0.0000
2017,10,22,5,30,4.4,0,0,0,1.2000000000000002,0.0000,0.0000
2017,10,22,6,0,4.3,0,0,0,1.1,0.0000,0.0000
2017,10,22,6,30,4.6000000000000005,0,0,0,1.1,0.0000,0.0000
2017,10,22,7,0,4.9,13,257,20,1,0.0000,0.0000
2017,10,22,7,30,6.6000000000000005,29,538,92,1.5,0.0000,0.0000
2017,10,22,8,0,8.200000000000001,40,694,182,2,8.7012,6.6477
2017,10,22,8,30,9.3,48,787,273,2.3000000000000003,13.5458,10.4387
2017,10,22,9,0,10.5,54,849,360,2.5,18.6173,14.4369
2017,10,22,9,30,12.200000000000001,58,885,436,2.7,23.3052,18.1444
2017,10,22,10,0,13.9,60,919,505,2.9000000000000004,27.6694,21.5978
2017,10,22,10,30,15.3,63,941,562,3.1,31.3441,24.5072
2017,10,22,11,0,16.6,64,957,605,3.4000000000000004,34.1534,26.7322
2017,10,22,11,30,17.1,65,966,634,3.6,36.0611,28.2433
2017,10,22,12,0,17.6,66,963,645,3.9000000000000004,36.8119,28.8395
2017,10,22,12,30,17.900000000000002,66,962,643,4,36.6806,28.7355
2017,10,22,13,0,18.2,65,959,626,4.2,35.5588,27.8469
2017,10,22,13,30,18.2,64,948,594,4.2,33.4553,26.1806
2017,10,22,14,0,18.3,62,932,548,4.2,30.4562,23.8053
2017,10,22,14,30,18.1,59,909,489,3.8000000000000003,26.6602,20.7998
2017,10,22,15,0,18,57,870,416,3.5,22.0875,17.1834
2017,10,22,15,30,17.1,52,819,334,2.7,17.1217,13.2614
2017,10,22,16,0,16.3,46,751,247,1.9000000000000001,12.1352,9.3347
2017,10,22,16,30,14.5,38,642,156,1.9000000000000001,7.4360,5.6710
2017,10,22,17,0,12.600000000000001,26,467,71,1.8,0.0000,0.0000
2017,10,22,17,30,11.9,0,0,0,2,0.0000,0.0000
2017,10,22,18,0,11.100000000000001,0,0,0,2.2,0.0000,0.0000
2017,10,22,18,30,11.100000000000001,0,0,0,2.4000000000000004,0.0000,0.0000
2017,10,22,19,0,11,0,0,0,2.6,0.0000,0.0000
2017,10,22,19,30,10.8,0,0,0,2.7,0.0000,0.0000
2017,10,22,20,0,10.700000000000001,0,0,0,2.8000000000000003,0.0000,0.0000
2017,10,22,20,30,10.5,0,0,0,2.9000000000000004,0.0000,0.0000
2017,10,22,21,0,10.200000000000001,0,0,0,2.9000000000000004,0.0000,0.0000
2017,10,22,21,30,10,0,0,0,3,0.0000,0.0000
2017,10,22,22,0,9.700000000000001,0,0,0,3.1,0.0000,0.0000
2017,10,22,22,30,9.4,0,0,0,3.1,0.0000,0.0000
2017,10,22,23,0,9.1,0,0,0,3.1,0.0000,0.0000
2017,10,22,23,30,8.8,0,0,0,3.2,0.0000,0.0000
2017,10,23,0,0,8.6,0,0,0,3.3000000000000003,0.0000,0.0000
2017,10,23,0,30,8.3,0,0,0,3.2,0.0000,0.0000
2017,10,23,1,0,8,0,0,0,3.2,0.0000,0.0000
2017,10,23,1,30,7.7,0,0,0,3.2,0.0000,0.0000
2017,10,23,2,0,7.4,0,0,0,3.2,0.0000,0.0000
2017,10,23,2,30,7.7,0,0,0,3.8000000000000003,0.0000,0.0000
2017,10,23,3,0,7.9,0,0,0,4.4,0.0000,0.0000
2017,10,23,3,30,8.6,0,0,0,5,0.0000,0.0000
2017,10,23,4,0,9.4,0,0,0,5.6000000000000005,0.0000,0.0000
2017,10,23,4,30,9.700000000000001,0,0,0,5.7,0.0000,0.0000
2017,10,23,5,0,10,0,0,0,5.800000000000001,0.0000,0.0000
2017,10,23,5,30,10,0,0,0,5.5,0.0000,0.0000
2017,10,23,6,0,10,0,0,0,5.2,0.0000,0.0000
2017,10,23,6,30,9.8,0,0,0,5.300000000000001,0.0000,0.0000
2017,10,23,7,0,9.700000000000001,5,0,5,5.300000000000001,0.0000,0.0000
2017,10,23,7,30,10.3,42,1,42,5.4,0.0000,0.0000
2017,10,23,8,0,10.9,74,7,75,5.6000000000000005,3.5823,2.7357
2017,10,23,8,30,11.9,134,43,146,6,7.2276,5.5674
2017,10,23,9,0,12.9,119,572,323,6.5,16.6647,12.9188
2017,10,23,9,30,13.700000000000001,138,556,373,7.4,19.8982,15.4885
2017,10,23,10,0,14.5,153,561,422,8.200000000000001,23.0788,18.0112
2017,10,23,10,30,14.8,70,903,545,8.4,30.3455,23.7228
2017,10,23,11,0,15.200000000000001,70,921,588,8.5,33.1430,25.9379
2017,10,23,11,30,15.3,72,931,616,8.6,34.9846,27.3968
2017,10,23,12,0,15.5,68,944,631,8.8,35.9591,28.1680
2017,10,23,12,30,15.3,68,943,629,9,35.8282,28.0643
2017,10,23,13,0,15.200000000000001,278,407,514,9.3,29.1510,22.8258
2017,10,23,13,30,14.8,281,43,305,9.4,17.1497,13.4186
2017,10,23,14,0,14.3,300,160,383,9.5,21.2472,16.6045
2017,10,23,14,30,13.9,67,872,474,9.3,25.7892,20.1161
2017,10,23,15,0,13.5,236,122,286,9.1,15.1492,11.7824
2017,10,23,15,30,12.9,170,267,261,8.700000000000001,13.3436,10.3312
2017,10,23,16,0,12.4,145,32,153,8.3,7.4982,5.7649
2017,10,23,16,30,11.600000000000001,91,9,92,7.5,4.3850,3.3431
2017,10,23,17,0,10.9,39,1,39,6.7,0.0000,0.0000
2017,10,23,17,30,10.4,0,0,0,6.2,0.0000,0.0000
2017,10,23,18,0,9.8,0,0,0,5.7,0.0000,0.0000
2017,10,23,18,30,9.5,0,0,0,5.6000000000000005,0.0000,0.0000
2017,10,23,19,0,9.200000000000001,0,0,0,5.5,0.0000,0.0000
2017,10,23,19,30,9.200000000000001,0,0,0,5.800000000000001,0.0000,0.0000
2017,10,23,20,0,9.200000000000001,0,0,0,6.1000000000000005,0.0000,0.0000
2017,10,23,20,30,9.3,0,0,0,6.5,0.0000,0.0000
2017,10,23,21,0,9.4,0,0,0,7,0.0000,0.0000
2017,10,23,21,30,9.200000000000001,0,0,0,7.1000000000000005,0.0000,0.0000
2017,10,23,22,0,9.1,0,0,0,7.300000000000001,0.0000,0.0000
2017,10,23,22,30,8.700000000000001,0,0,0,7.4,0.0000,0.0000
2017,10,23,23,0,8.4,0,0,0,7.5,0.0000,0.0000
2017,10,23,23,30,8,0,0,0,7.6000000000000005,0.0000,0.0000
2017,10,24,0,0,7.7,0,0,0,7.6000000000000005,0.0000,0.0000
2017,10,24,0,30,7.300000000000001,0,0,0,7.6000000000000005,0.0000,0.0000
2017,10,24,1,0,7,0,0,0,7.7,0.0000,0.0000
2017,10,24,1,30,6.6000000000000005,0,0,0,7.800000000000001,0.0000,0.0000
2017,10,24,2,0,6.2,0,0,0,7.800000000000001,0.0000,0.0000
2017,10,24,2,30,5.800000000000001,0,0,0,7.9,0.0000,0.0000
2017,10,24,3,0,5.4,0,0,0,8,0.0000,0.0000
2017,10,24,3,30,5.1000000000000005,0,0,0,8,0.0000,0.0000
2017,10,24,4,0,4.7,0,0,0,8,0.0000,0.0000
2017,10,24,4,30,4.4,0,0,0,8,0.0000,0.0000
2017,10,24,5,0,4.1000000000000005,0,0,0,7.9,0.0000,0.0000
2017,10,24,5,30,3.9000000000000004,0,0,0,7.800000000000001,0.0000,0.0000
2017,10,24,6,0,3.6,0,0,0,7.7,0.0000,0.0000
2017,10,24,6,30,3.5,0,0,0,7.6000000000000005,0.0000,0.0000
2017,10,24,7,0,3.4000000000000004,11,279,17,7.6000000000000005,0.0000,0.0000
2017,10,24,7,30,4,27,567,89,7.7,0.0000,0.0000
2017,10,24,8,0,4.6000000000000005,37,723,178,7.9,8.4954,6.4854
2017,10,24,8,30,5.300000000000001,44,815,270,8.200000000000001,13.3365,10.2691
2017,10,24,9,0,6.1000000000000005,49,864,354,8.6,18.2226,14.1221
2017,10,24,9,30,6.800000000000001,53,907,433,8.700000000000001,23.0509,17.9383
2017,10,24,10,0,7.6000000000000005,57,936,502,8.9,27.4038,21.3827
2017,10,24,10,30,8.200000000000001,60,957,559,9,31.0727,24.2875
2017,10,24,11,0,8.8,63,969,602,9,33.8778,26.5093
2017,10,24,11,30,9.3,64,978,632,8.9,35.8384,28.0618
2017,10,24,12,0,9.700000000000001,71,971,645,8.8,36.7012,28.7456
2017,10,24,12,30,10,71,970,643,8.700000000000001,36.5714,28.6429
2017,10,24,13,0,10.3,70,958,621,8.5,35.1632,27.5298
2017,10,24,13,30,10.5,69,947,589,8.200000000000001,33.0626,25.8657
2017,10,24,14,0,10.600000000000001,66,931,543,7.9,30.0676,23.4935
2017,10,24,14,30,10.600000000000001,64,907,483,7.6000000000000005,26.2240,20.4508
2017,10,24,15,0,10.600000000000001,59,874,412,7.2,21.7726,16.9292
2017,10,24,15,30,10.4,54,826,331,6.7,16.8781,13.0630
2017,10,24,16,0,10.200000000000001,46,761,243,6.2,11.8796,9.1290
2017,10,24,16,30,9.3,38,652,152,5.300000000000001,7.2465,5.5229
2017,10,24,17,0,8.3,25,471,66,4.3,0.0000,0.0000
2017,10,24,17,30,7.4,0,0,0,3.9000000000000004,0.0000,0.0000
2017,10,24,18,0,6.4,0,0,0,3.4000000000000004,0.0000,0.0000
2017,10,24,18,30,6,0,0,0,3.2,0.0000,0.0000
2017,10,24,19,0,5.5,0,0,0,2.9000000000000004,0.0000,0.0000
2017,10,24,19,30,5.300000000000001,0,0,0,2.9000000000000004,0.0000,0.0000
2017,10,24,20,0,5,0,0,0,2.8000000000000003,0.0000,0.0000
2017,10,24,20,30,4.800000000000001,0,0,0,2.8000000000000003,0.0000,0.0000
2017,10,24,21,0,4.6000000000000005,0,0,0,2.8000000000000003,0.0000,0.0000
2017,10,24,21,30,4.5,0,0,0,2.7,0.0000,0.0000
2017,10,24,22,0,4.3,0,0,0,2.7,0.0000,0.0000
2017,10,24,22,30,4.3,0,0,0,2.9000000000000004,0.0000,0.0000
2017,10,24,23,0,4.3,0,0,0,3,0.0000,0.0000
2017,10,24,23,30,4.4,0,0,0,3.2,0.0000,0.0000
2017,10,25,0,0,4.5,0,0,0,3.3000000000000003,0.0000,0.0000
2017,10,25,0,30,4.6000000000000005,0,0,0,3.5,0.0000,0.0000
2017,10,25,1,0,4.6000000000000005,0,0,0,3.7,0.0000,0.0000
2017,10,25,1,30,4.7,0,0,0,3.8000000000000003,0.0000,0.0000
2017,10,25,2,0,4.800000000000001,0,0,0,4,0.0000,0.0000
2017,10,25,2,30,4.9,0,0,0,4,0.0000,0.0000
2017,10,25,3,0,4.9,0,0,0,4,0.0000,0.0000
2017,10,25,3,30,4.800000000000001,0,0,0,4,0.0000,0.0000
2017,10,25,4,0,4.6000000000000005,0,0,0,4,0.0000,0.0000
2017,10,25,4,30,4.5,0,0,0,4,0.0000,0.0000
2017,10,25,5,0,4.5,0,0,0,3.9000000000000004,0.0000,0.0000
2017,10,25,5,30,4.5,0,0,0,3.8000000000000003,0.0000,0.0000
2017,10,25,6,0,4.5,0,0,0,3.8000000000000003,0.0000,0.0000
2017,10,25,6,30,4.800000000000001,0,0,0,3.8000000000000003,0.0000,0.0000
2017,10,25,7,0,5.2,4,0,4,3.8000000000000003,0.0000,0.0000
2017,10,25,7,30,6.300000000000001,47,12,48,4,0.0000,0.0000
2017,10,25,8,0,7.4,93,38,100,4.2,4.7698,3.6400
2017,10,25,8,30,8.8,130,65,148,4,7.2937,5.6138
2017,10,25,9,0,10.3,161,258,250,3.7,12.8396,9.9473
2017,10,25,9,30,12,182,359,330,3.7,17.5307,13.6392
2017,10,25,10,0,13.700000000000001,182,416,378,3.7,20.5966,16.0682
2017,10,25,10,30,15,67,885,524,3.6,29.0774,22.7243
2017,10,25,11,0,16.400000000000002,214,455,465,3.6,26.1268,20.4414
2017,10,25,11,30,17.2,187,522,487,3.4000000000000004,27.5744,21.5883
2017,10,25,12,0,18,270,283,436,3.2,24.7717,19.3996
2017,10,25,12,30,18.5,281,225,413,3,23.4535,18.3665
2017,10,25,13,0,18.900000000000002,247,351,448,2.9000000000000004,25.3274,19.8265
2017,10,25,13,30,19.200000000000003,66,907,560,2.7,31.3808,24.5463
2017,10,25,14,0,19.5,62,894,515,2.5,28.4635,22.2363
2017,10,25,14,30,19.5,60,873,459,2.2,24.8697,19.3906
2017,10,25,15,0,19.5,56,838,390,1.9000000000000001,20.5599,15.9817
2017,10,25,15,30,18.900000000000002,51,792,313,1.4000000000000001,15.9168,12.3141
2017,10,25,16,0,18.3,45,723,228,0.8,11.1194,8.5405
2017,10,25,16,30,16.6,36,616,141,1,0.0000,0.0000
2017,10,25,17,0,14.9,23,432,59,1.2000000000000002,0.0000,0.0000
2017,10,25,17,30,13.600000000000001,0,0,0,1.3,0.0000,0.0000
2017,10,25,18,0,12.200000000000001,0,0,0,1.5,0.0000,0.0000
2017,10,25,18,30,11.9,0,0,0,1.7000000000000002,0.0000,0.0000
2017,10,25,19,0,11.5,0,0,0,1.9000000000000001,0.0000,0.0000
2017,10,25,19,30,11.4,0,0,0,2.1,0.0000,0.0000
2017,10,25,20,0,11.200000000000001,0,0,0,2.3000000000000003,0.0000,0.0000
2017,10,25,20,30,11,0,0,0,2.5,0.0000,0.0000
2017,10,25,21,0,10.8,0,0,0,2.6,0.0000,0.0000
2017,10,25,21,30,10.5,0,0,0,2.6,0.0000,0.0000
2017,10,25,22,0,10.3,0,0,0,2.6,0.0000,0.0000
2017,10,25,22,30,10,0,0,0,2.6,0.0000,0.0000
2017,10,25,23,0,9.600000000000001,0,0,0,2.6,0.0000,0.0000
2017,10,25,23,30,9.3,0,0,0,2.7,0.0000,0.0000
2017,10,26,0,0,8.9,0,0,0,2.7,0.0000,0.0000
2017,10,26,0,30,8.5,0,0,0,2.6,0.0000,0.0000
2017,10,26,1,0,8.1,0,0,0,2.6,0.0000,0.0000
2017,10,26,1,30,7.5,0,0,0,2.3000000000000003,0.0000,0.0000
2017,10,26,2,0,7,0,0,0,2.1,0.0000,0.0000
2017,10,26,2,30,6.5,0,0,0,1.7000000000000002,0.0000,0.0000
2017,10,26,3,0,6,0,0,0,1.3,0.0000,0.0000
2017,10,26,3,30,5.800000000000001,0,0,0,1.3,0.0000,0.0000
2017,10,26,4,0,5.6000000000000005,0,0,0,1.3,0.0000,0.0000
2017,10,26,4,30,6.2,0,0,0,2.2,0.0000,0.0000
2017,10,26,5,0,6.7,0,0,0,3.1,0.0000,0.0000
2017,10,26,5,30,7.4,0,0,0,4,0.0000,0.0000
2017,10,26,6,0,8,0,0,0,4.9,0.0000,0.0000
2017,10,26,6,30,8.6,0,0,0,5.4,0.0000,0.0000
2017,10,26,7,0,9.200000000000001,0,0,0,5.9,0.0000,0.0000
2017,10,26,7,30,10,49,11,50,6.5,0.0000,0.0000
2017,10,26,8,0,10.9,95,42,103,7.2,4.9107,3.7462
2017,10,26,8,30,11.5,138,130,173,7.7,8.5072,6.5451
2017,10,26,9,0,12.200000000000001,173,52,191,8.200000000000001,9.7868,7.5797
2017,10,26,9,30,12.4,193,316,322,8.8,17.0705,13.2780
2017,10,26,10,0,12.700000000000001,165,466,382,9.4,20.7756,16.2047
2017,10,26,10,30,12.600000000000001,224,401,430,9.700000000000001,23.8198,18.6125
2017,10,26,11,0,12.5,79,890,566,10.100000000000001,31.7508,24.8380
2017,10,26,11,30,12.100000000000001,214,489,493,10.200000000000001,27.8701,21.8169
2017,10,26,12,0,11.700000000000001,164,597,511,10.4,28.9888,22.6993
2017,10,26,12,30,11.200000000000001,258,381,479,10.4,27.1599,21.2663
2017,10,26,13,0,10.700000000000001,267,51,296,10.4,16.7074,13.0769
2017,10,26,13,30,10.100000000000001,259,75,299,10.200000000000001,16.7267,13.0818
2017,10,26,14,0,9.600000000000001,256,77,294,10.100000000000001,16.2190,12.6684
2017,10,26,14,30,9.1,236,172,313,9.9,16.9237,13.1923
2017,10,26,15,0,8.6,192,72,220,9.700000000000001,11.5712,8.9921
2017,10,26,15,30,8,154,35,165,9.4,8.3692,6.4724
2017,10,26,16,0,7.5,64,3,65,9.200000000000001,3.1628,2.4281
2017,10,26,16,30,6.6000000000000005,58,6,59,8.8,0.0000,0.0000
2017,10,26,17,0,5.800000000000001,27,0,27,8.4,0.0000,0.0000
2017,10,26,17,30,5.1000000000000005,0,0,0,8.1,0.0000,0.0000
2017,10,26,18,0,4.4,0,0,0,7.800000000000001,0.0000,0.0000
2017,10,26,18,30,3.9000000000000004,0,0,0,7.800000000000001,0.0000,0.0000
2017,10,26,19,0,3.5,0,0,0,7.800000000000001,0.0000,0.0000
2017,10,26,19,30,3.1,0,0,0,7.9,0.0000,0.0000
2017,10,26,20,0,2.8000000000000003,0,0,0,8,0.0000,0.0000
2017,10,26,20,30,2.4000000000000004,0,0,0,7.9,0.0000,0.0000
2017,10,26,21,0,2.1,0,0,0,7.9,0.0000,0.0000
2017,10,26,21,30,1.8,0,0,0,7.800000000000001,0.0000,0.0000
2017,10,26,22,0,1.4000000000000001,0,0,0,7.800000000000001,0.0000,0.0000
2017,10,26,22,30,0.9,0,0,0,7.800000000000001,0.0000,0.0000
2017,10,26,23,0,0.5,0,0,0,7.7,0.0000,0.0000
2017,10,26,23,30,0.2,0,0,0,7.800000000000001,0.0000,0.0000
2017,10,27,0,0,0,0,0,0,7.800000000000001,0.0000,0.0000
2017,10,27,0,30,-0.30000000000000004,0,0,0,7.800000000000001,0.0000,0.0000
2017,10,27,1,0,-0.6000000000000001,0,0,0,7.7,0.0000,0.0000
2017,10,27,1,30,-0.9,0,0,0,7.6000000000000005,0.0000,0.0000
2017,10,27,2,0,-1.3,0,0,0,7.4,0.0000,0.0000
2017,10,27,2,30,-1.5,0,0,0,7.4,0.0000,0.0000
2017,10,27,3,0,-1.7000000000000002,0,0,0,7.300000000000001,0.0000,0.0000
2017,10,27,3,30,-1.9000000000000001,0,0,0,7.300000000000001,0.0000,0.0000
2017,10,27,4,0,-2,0,0,0,7.300000000000001,0.0000,0.0000
2017,10,27,4,30,-2.2,0,0,0,7.2,0.0000,0.0000
2017,10,27,5,0,-2.4000000000000004,0,0,0,7,0.0000,0.0000
2017,10,27,5,30,-2.5,0,0,0,7,0.0000,0.0000
2017,10,27,6,0,-2.6,0,0,0,6.9,0.0000,0.0000
2017,10,27,6,30,-2.6,0,0,0,6.9,0.0000,0.0000
2017,10,27,7,0,-2.6,0,0,0,6.9,0.0000,0.0000
2017,10,27,7,30,-2.2,26,482,74,7.1000000000000005,0.0000,0.0000
2017,10,27,8,0,-1.8,28,0,28,7.300000000000001,1.3346,1.0178
2017,10,27,8,30,-1.3,78,0,78,7.5,3.8270,2.9431
2017,10,27,9,0,-0.7000000000000001,192,43,207,7.7,10.5819,8.1929
2017,10,27,9,30,-0.1,236,65,262,7.7,13.8608,10.7788
2017,10,27,10,0,0.5,264,187,351,7.800000000000001,19.0534,14.8585
2017,10,27,10,30,1,300,153,378,7.7,20.9036,16.3312
2017,10,27,11,0,1.5,243,7,247,7.7,13.8334,10.8200
2017,10,27,11,30,1.8,171,0,171,7.7,9.6524,7.5549
2017,10,27,12,0,2.2,249,4,251,7.6000000000000005,14.2177,11.1316
2017,10,27,12,30,2.5,206,1,206,7.5,11.6623,9.1304
2017,10,27,13,0,2.7,174,0,174,7.4,9.8057,7.6739
2017,10,27,13,30,3,220,3,221,7.2,12.3420,9.6510
2017,10,27,14,0,3.2,154,0,154,7.1000000000000005,8.4797,6.6221
2017,10,27,14,30,3.2,140,0,140,6.9,7.5537,5.8869
2017,10,27,15,0,3.2,107,0,107,6.7,5.6142,4.3616
2017,10,27,15,30,2.9000000000000004,111,1,111,6.300000000000001,5.6157,4.3413
2017,10,27,16,0,2.6,140,63,156,6,7.5739,5.8115
2017,10,27,16,30,1.8,38,605,136,5.300000000000001,0.0000,0.0000
2017,10,27,17,0,1.1,24,394,53,4.6000000000000005,0.0000,0.0000
2017,10,27,17,30,0.30000000000000004,0,0,0,4.1000000000000005,0.0000,0.0000
2017,10,27,18,0,-0.5,0,0,0,3.7,0.0000,0.0000
2017,10,27,18,30,-1,0,0,0,3.5,0.0000,0.0000
2017,10,27,19,0,-1.6,0,0,0,3.2,0.0000,0.0000
2017,10,27,19,30,-1.9000000000000001,0,0,0,3.2,0.0000,0.0000
2017,10,27,20,0,-2.3000000000000003,0,0,0,3.2,0.0000,0.0000
2017,10,27,20,30,-2.6,0,0,0,3.3000000000000003,0.0000,0.0000
2017,10,27,21,0,-2.9000000000000004,0,0,0,3.3000000000000003,0.0000,0.0000
2017,10,27,21,30,-3.2,0,0,0,3.3000000000000003,0.0000,0.0000
2017,10,27,22,0,-3.5,0,0,0,3.3000000000000003,0.0000,0.0000
2017,10,27,22,30,-3.9000000000000004,0,0,0,3.3000000000000003,0.0000,0.0000
2017,10,27,23,0,-4.2,0,0,0,3.2,0.0000,0.0000
2017,10,27,23,30,-4.5,0,0,0,3.2,0.0000,0.0000
2017,10,28,0,0,-4.7,0,0,0,3.1,0.0000,0.0000
2017,10,28,0,30,-5,0,0,0,3,0.0000,0.0000
2017,10,28,1,0,-5.2,0,0,0,3,0.0000,0.0000
2017,10,28,1,30,-5.300000000000001,0,0,0,2.9000000000000004,0.0000,0.0000
2017,10,28,2,0,-5.5,0,0,0,2.8000000000000003,0.0000,0.0000
2017,10,28,2,30,-5.6000000000000005,0,0,0,2.8000000000000003,0.0000,0.0000
2017,10,28,3,0,-5.7,0,0,0,2.7,0.0000,0.0000
2017,10,28,3,30,-5.7,0,0,0,2.6,0.0000,0.0000
2017,10,28,4,0,-5.800000000000001,0,0,0,2.6,0.0000,0.0000
2017,10,28,4,30,-5.800000000000001,0,0,0,2.5,0.0000,0.0000
2017,10,28,5,0,-5.9,0,0,0,2.5,0.0000,0.0000
2017,10,28,5,30,-5.9,0,0,0,2.4000000000000004,0.0000,0.0000
2017,10,28,6,0,-5.9,0,0,0,2.4000000000000004,0.0000,0.0000
2017,10,28,6,30,-5.7,0,0,0,2.4000000000000004,0.0000,0.0000
2017,10,28,7,0,-5.5,0,0,0,2.5,0.0000,0.0000
2017,10,28,7,30,-4.3,44,2,45,2.7,0.0000,0.0000
2017,10,28,8,0,-3.2,36,709,164,3,7.8168,5.9594
2017,10,28,8,30,-1.7000000000000002,44,809,255,2.6,12.4848,9.5970
2017,10,28,9,0,-0.2,50,890,348,2.2,17.7498,13.7381
2017,10,28,9,30,1.7000000000000002,54,934,428,2.1,22.5934,17.5651
2017,10,28,10,0,3.6,58,963,499,2,27.0352,21.0788
2017,10,28,10,30,4.800000000000001,60,970,548,2,30.2507,23.6297
2017,10,28,11,0,6,63,984,592,1.9000000000000001,33.1024,25.8879
2017,10,28,11,30,6.9,64,993,621,2.1,34.9980,27.3893
2017,10,28,12,0,7.9,63,999,634,2.3000000000000003,35.8562,28.0694
2017,10,28,12,30,8.4,63,987,626,2.6,35.3855,27.6997
2017,10,28,13,0,9,62,982,609,2.9000000000000004,34.2650,26.8118
2017,10,28,13,30,9.3,61,972,576,3.1,32.1129,25.1074
2017,10,28,14,0,9.5,60,945,525,3.2,28.8546,22.5297
2017,10,28,14,30,9.5,57,921,465,3.2,25.0370,19.5081
2017,10,28,15,0,9.5,54,886,394,3.2,20.6241,16.0179
2017,10,28,15,30,8.5,49,836,313,2.4000000000000004,15.7944,12.2052
2017,10,28,16,0,7.6000000000000005,43,754,224,1.6,10.8519,8.3227
2017,10,28,16,30,5.5,34,637,134,1.5,0.0000,0.0000
2017,10,28,17,0,3.4000000000000004,21,440,52,1.5,0.0000,0.0000
2017,10,28,17,30,2.8000000000000003,0,0,0,1.7000000000000002,0.0000,0.0000
2017,10,28,18,0,2.3000000000000003,0,0,0,1.8,0.0000,0.0000
2017,10,28,18,30,2.4000000000000004,0,0,0,2,0.0000,0.0000
2017,10,28,19,0,2.6,0,0,0,2.2,0.0000,0.0000
2017,10,28,19,30,2.6,0,0,0,2.3000000000000003,0.0000,0.0000
2017,10,28,20,0,2.6,0,0,0,2.4000000000000004,0.0000,0.0000
2017,10,28,20,30,2.3000000000000003,0,0,0,2.3000000000000003,0.0000,0.0000
2017,10,28,21,0,2,0,0,0,2.2,0.0000,0.0000
2017,10,28,21,30,1.8,0,0,0,2.1,0.0000,0.0000
2017,10,28,22,0,1.5,0,0,0,1.9000000000000001,0.0000,0.0000
2017,10,28,22,30,1.3,0,0,0,1.8,0.0000,0.0000
2017,10,28,23,0,1.2000000000000002,0,0,0,1.7000000000000002,0.0000,0.0000
2017,10,28,23,30,1.2000000000000002,0,0,0,1.7000000000000002,0.0000,0.0000
2017,10,29,0,0,1.1,0,0,0,1.7000000000000002,0.0000,0.0000
2017,10,29,0,30,1,0,0,0,1.6,0.0000,0.0000
2017,10,29,1,0,0.8,0,0,0,1.6,0.0000,0.0000
2017,10,29,1,30,0.8,0,0,0,1.6,0.0000,0.0000
2017,10,29,2,0,0.7000000000000001,0,0,0,1.6,0.0000,0.0000
2017,10,29,2,30,0.7000000000000001,0,0,0,1.6,0.0000,0.0000
2017,10,29,3,0,0.6000000000000001,0,0,0,1.7000000000000002,0.0000,0.0000
2017,10,29,3,30,0.7000000000000001,0,0,0,1.7000000000000002,0.0000,0.0000
2017,10,29,4,0,0.7000000000000001,0,0,0,1.8,0.0000,0.0000
2017,10,29,4,30,0.8,0,0,0,1.9000000000000001,0.0000,0.0000
2017,10,29,5,0,0.8,0,0,0,1.9000000000000001,0.0000,0.0000
2017,10,29,5,30,1,0,0,0,2.1,0.0000,0.0000
2017,10,29,6,0,1.2000000000000002,0,0,0,2.2,0.0000,0.0000
2017,10,29,6,30,1.6,0,0,0,2.4000000000000004,0.0000,0.0000
2017,10,29,7,0,1.9000000000000001,0,0,0,2.7,0.0000,0.0000
2017,10,29,7,30,2.8000000000000003,15,0,15,3.2,0.0000,0.0000
2017,10,29,8,0,3.8000000000000003,35,0,35,3.7,1.6685,1.2717
2017,10,29,8,30,4.800000000000001,80,9,82,3.6,4.0060,3.0780
2017,10,29,9,0,5.800000000000001,86,5,87,3.4000000000000004,4.4270,3.4253
2017,10,29,9,30,6.9,191,250,290,3.3000000000000003,15.2760,11.8733
2017,10,29,10,0,8,220,63,248,3.1,13.4101,10.4535
2017,10,29,10,30,9.3,206,359,386,3,21.2706,16.6123
2017,10,29,11,0,10.600000000000001,260,155,343,3,19.1472,14.9719
2017,10,29,11,30,12,159,583,483,2.8000000000000003,27.1770,21.2657
2017,10,29,12,0,13.4,79,886,581,2.7,32.8079,25.6797
2017,10,29,12,30,14.4,178,600,517,2.9000000000000004,29.1787,22.8380
2017,10,29,13,0,15.4,225,403,447,3.2,25.1092,19.6448
2017,10,29,13,30,15.4,172,510,440,4,24.4886,19.1433
2017,10,29,14,0,15.3,195,379,380,4.800000000000001,20.8461,16.2737
2017,10,29,14,30,14.4,181,389,352,5.7,18.9129,14.7330
2017,10,29,15,0,13.5,180,98,217,6.6000000000000005,11.3328,8.7992
2017,10,29,15,30,12.4,147,53,163,6.6000000000000005,8.2046,6.3377
2017,10,29,16,0,11.3,105,20,110,6.5,5.3184,4.0769
2017,10,29,16,30,10.3,69,3,70,5.6000000000000005,0.0000,0.0000
2017,10,29,17,0,9.3,14,0,14,4.800000000000001,0.0000,0.0000
2017,10,29,17,30,8.5,0,0,0,4.2,0.0000,0.0000
2017,10,29,18,0,7.6000000000000005,0,0,0,3.7,0.0000,0.0000
2017,10,29,18,30,6.9,0,0,0,3.2,0.0000,0.0000
2017,10,29,19,0,6.300000000000001,0,0,0,2.8000000000000003,0.0000,0.0000
2017,10,29,19,30,5.9,0,0,0,2.9000000000000004,0.0000,0.0000
2017,10,29,20,0,5.5,0,0,0,2.9000000000000004,0.0000,0.0000
2017,10,29,20,30,5.2,0,0,0,3.1,0.0000,0.0000
2017,10,29,21,0,4.9,0,0,0,3.2,0.0000,0.0000
2017,10,29,21,30,4.6000000000000005,0,0,0,3.3000000000000003,0.0000,0.0000
2017,10,29,22,0,4.4,0,0,0,3.4000000000000004,0.0000,0.0000
2017,10,29,22,30,4,0,0,0,3.4000000000000004,0.0000,0.0000
2017,10,29,23,0,3.7,0,0,0,3.4000000000000004,0.0000,0.0000
2017,10,29,23,30,3.3000000000000003,0,0,0,3.5,0.0000,0.0000
2017,10,30,0,0,3,0,0,0,3.5,0.0000,0.0000
2017,10,30,0,30,2.9000000000000004,0,0,0,3.7,0.0000,0.0000
2017,10,30,1,0,2.8000000000000003,0,0,0,3.8000000000000003,0.0000,0.0000
2017,10,30,1,30,2.7,0,0,0,3.8000000000000003,0.0000,0.0000
2017,10,30,2,0,2.5,0,0,0,3.7,0.0000,0.0000
2017,10,30,2,30,2.4000000000000004,0,0,0,3.8000000000000003,0.0000,0.0000
2017,10,30,3,0,2.4000000000000004,0,0,0,3.8000000000000003,0.0000,0.0000
2017,10,30,3,30,2.5,0,0,0,4.2,0.0000,0.0000
2017,10,30,4,0,2.6,0,0,0,4.5,0.0000,0.0000
2017,10,30,4,30,2.6,0,0,0,4.800000000000001,0.0000,0.0000
2017,10,30,5,0,2.7,0,0,0,5.1000000000000005,0.0000,0.0000
2017,10,30,5,30,2.6,0,0,0,5.4,0.0000,0.0000
2017,10,30,6,0,2.6,0,0,0,5.7,0.0000,0.0000
2017,10,30,6,30,2.5,0,0,0,6,0.0000,0.0000
2017,10,30,7,0,2.4000000000000004,0,0,0,6.300000000000001,0.0000,0.0000
2017,10,30,7,30,2.7,14,0,14,7,0.0000,0.0000
2017,10,30,8,0,3.1,34,0,34,7.7,0.0000,0.0000
2017,10,30,8,30,3.2,105,3,106,8.3,5.1678,3.9690
2017,10,30,9,0,3.3000000000000003,51,827,321,8.8,16.2953,12.6037
2017,10,30,9,30,3.4000000000000004,224,41,240,8.8,12.6150,9.8025
2017,10,30,10,0,3.5,176,2,176,8.700000000000001,9.4987,7.4030
2017,10,30,10,30,3.6,137,0,137,8.6,7.5360,5.8846
2017,10,30,11,0,3.8000000000000003,254,16,263,8.4,14.6572,11.4593
2017,10,30,11,30,3.9000000000000004,188,1,188,8.200000000000001,10.5620,8.2636
2017,10,30,12,0,3.9000000000000004,250,5,252,8,14.2082,11.1197
2017,10,30,12,30,3.9000000000000004,141,0,141,7.9,7.9452,6.2179
2017,10,30,13,0,3.9000000000000004,171,0,171,7.9,9.5901,7.5020
2017,10,30,13,30,3.7,108,0,108,7.800000000000001,6.0007,4.6902
2017,10,30,14,0,3.6,92,0,92,7.7,5.0373,3.9317
2017,10,30,14,30,3.3000000000000003,54,0,54,7.6000000000000005,2.8954,2.2550
2017,10,30,15,0,3.1,70,0,70,7.4,3.6472,2.8310
2017,10,30,15,30,2.8000000000000003,73,0,73,7.1000000000000005,3.6652,2.8301
2017,10,30,16,0,2.6,32,0,32,6.800000000000001,1.5443,1.1833
2017,10,30,16,30,2,15,0,15,6.2,0.0000,0.0000
2017,10,30,17,0,1.5,11,0,11,5.6000000000000005,0.0000,0.0000
2017,10,30,17,30,1,0,0,0,5.1000000000000005,0.0000,0.0000
2017,10,30,18,0,0.5,0,0,0,4.6000000000000005,0.0000,0.0000
2017,10,30,18,30,0.1,0,0,0,4.3,0.0000,0.0000
2017,10,30,19,0,-0.30000000000000004,0,0,0,4,0.0000,0.0000
2017,10,30,19,30,-0.7000000000000001,0,0,0,3.7,0.0000,0.0000
2017,10,30,20,0,-1.1,0,0,0,3.5,0.0000,0.0000
2017,10,30,20,30,-1.3,0,0,0,3.4000000000000004,0.0000,0.0000
2017,10,30,21,0,-1.6,0,0,0,3.3000000000000003,0.0000,0.0000
2017,10,30,21,30,-1.8,0,0,0,3.4000000000000004,0.0000,0.0000
2017,10,30,22,0,-2.1,0,0,0,3.5,0.0000,0.0000
2017,10,30,22,30,-2.3000000000000003,0,0,0,3.4000000000000004,0.0000,0.0000
2017,10,30,23,0,-2.6,0,0,0,3.4000000000000004,0.0000,0.0000
2017,10,30,23,30,-3,0,0,0,3.2,0.0000,0.0000
2017,10,31,0,0,-3.3000000000000003,0,0,0,3.1,0.0000,0.0000
2017,10,31,0,30,-3.8000000000000003,0,0,0,2.7,0.0000,0.0000
2017,10,31,1,0,-4.3,0,0,0,2.3000000000000003,0.0000,0.0000
2017,10,31,1,30,-4.7,0,0,0,2.1,0.0000,0.0000
2017,10,31,2,0,-5.1000000000000005,0,0,0,1.9000000000000001,0.0000,0.0000
2017,10,31,2,30,-5.4,0,0,0,1.8,0.0000,0.0000
2017,10,31,3,0,-5.6000000000000005,0,0,0,1.7000000000000002,0.0000,0.0000
2017,10,31,3,30,-5.7,0,0,0,1.6,0.0000,0.0000
2017,10,31,4,0,-5.9,0,0,0,1.5,0.0000,0.0000
2017,10,31,4,30,-5.7,0,0,0,1.4000000000000001,0.0000,0.0000
2017,10,31,5,0,-5.6000000000000005,0,0,0,1.4000000000000001,0.0000,0.0000
2017,10,31,5,30,-5.4,0,0,0,1.3,0.0000,0.0000
2017,10,31,6,0,-5.2,0,0,0,1.3,0.0000,0.0000
2017,10,31,6,30,-4.9,0,0,0,1.3,0.0000,0.0000
2017,10,31,7,0,-4.6000000000000005,0,0,0,1.3,0.0000,0.0000
2017,10,31,7,30,-3.7,36,4,36,1.7000000000000002,0.0000,0.0000
2017,10,31,8,0,-2.9000000000000004,66,7,67,2.1,0.0000,0.0000
2017,10,31,8,30,-2.2,105,14,109,2.2,5.3033,4.0713
2017,10,31,9,0,-1.4000000000000001,151,28,160,2.3000000000000003,8.1037,6.2657
2017,10,31,9,30,-0.9,157,16,163,2.6,8.5490,6.6413
2017,10,31,10,0,-0.4,139,6,141,2.8000000000000003,7.5945,5.9177
2017,10,31,10,30,0.2,136,3,137,3,7.5229,5.8734
2017,10,31,11,0,0.8,264,62,297,3.3000000000000003,16.5244,12.9172
2017,10,31,11,30,1.3,224,22,236,3.5,13.2375,10.3553
2017,10,31,12,0,1.8,235,40,257,3.8000000000000003,14.4677,11.3213
2017,10,31,12,30,2.1,296,44,321,3.9000000000000004,18.0600,14.1316
2017,10,31,13,0,2.3000000000000003,202,1,203,4,11.3662,8.8901
2017,10,31,13,30,2.3000000000000003,187,1,187,4,10.3716,8.1052
2017,10,31,14,0,2.3000000000000003,147,0,147,4,8.0337,6.2693
2017,10,31,14,30,2.2,193,61,219,4.1000000000000005,11.7180,9.1242
2017,10,31,15,0,2,168,33,180,4.1000000000000005,9.3565,7.2604
2017,10,31,15,30,1.7000000000000002,110,2,110,3.9000000000000004,5.5096,4.2526
2017,10,31,16,0,1.3,103,17,107,3.8000000000000003,5.1543,3.9474
2017,10,31,16,30,0.4,44,2,44,3.2,0.0000,0.0000
2017,10,31,17,0,-0.5,20,0,20,2.6,0.0000,0.0000
2017,10,31,17,30,-0.9,0,0,0,2.8000000000000003,0.0000,0.0000
2017,10,31,18,0,-1.2000000000000002,0,0,0,2.9000000000000004,0.0000,0.0000
2017,10,31,18,30,-1.4000000000000001,0,0,0,3.2,0.0000,0.0000
2017,10,31,19,0,-1.5,0,0,0,3.4000000000000004,0.0000,0.0000
2017,10,31,19,30,-1.7000000000000002,0,0,0,3.5,0.0000,0.0000
2017,10,31,20,0,-1.9000000000000001,0,0,0,3.7,0.0000,0.0000
2017,10,31,20,30,-2.1,0,0,0,3.7,0.0000,0.0000
2017,10,31,21,0,-2.2,0,0,0,3.8000000000000003,0.0000,0.0000
2017,10,31,21,30,-2.6,0,0,0,3.8000000000000003,0.0000,0.0000
2017,10,31,22,0,-2.9000000000000004,0,0,0,3.7,0.0000,0.0000
2017,10,31,22,30,-3,0,0,0,3.8000000000000003,0.0000,0.0000
2017,10,31,23,0,-3.1,0,0,0,4,0.0000,0.0000
2017,10,31,23,30,-3,0,0,0,4.1000000000000005,0.0000,0.0000
2017,11,1,0,0,-2.9000000000000004,0,0,0,4.2,0.0000,0.0000
2017,11,1,0,30,-2.8000000000000003,0,0,0,4.3,0.0000,0.0000
2017,11,1,1,0,-2.6,0,0,0,4.3,0.0000,0.0000
2017,11,1,1,30,-2.5,0,0,0,4.3,0.0000,0.0000
2017,11,1,2,0,-2.4000000000000004,0,0,0,4.2,0.0000,0.0000
2017,11,1,2,30,-2.3000000000000003,0,0,0,4.3,0.0000,0.0000
2017,11,1,3,0,-2.3000000000000003,0,0,0,4.4,0.0000,0.0000
2017,11,1,3,30,-2.2,0,0,0,4.5,0.0000,0.0000
2017,11,1,4,0,-2.1,0,0,0,4.6000000000000005,0.0000,0.0000
2017,11,1,4,30,-2,0,0,0,4.5,0.0000,0.0000
2017,11,1,5,0,-2,0,0,0,4.5,0.0000,0.0000
2017,11,1,5,30,-1.8,0,0,0,4.5,0.0000,0.0000
2017,11,1,6,0,-1.7000000000000002,0,0,0,4.4,0.0000,0.0000
2017,11,1,6,30,-1.5,0,0,0,4.3,0.0000,0.0000
2017,11,1,7,0,-1.4000000000000001,0,0,0,4.3,0.0000,0.0000
2017,11,1,7,30,-0.9,22,1,22,4.5,0.0000,0.0000
2017,11,1,8,0,-0.5,67,9,68,4.7,0.0000,0.0000
2017,11,1,8,30,0.30000000000000004,49,1,49,5,2.3792,1.8256
2017,11,1,9,0,1.2000000000000002,150,42,163,5.2,8.2358,6.3656
2017,11,1,9,30,2.5,196,74,224,5.300000000000001,11.7225,9.1041
2017,11,1,10,0,3.7,199,340,348,5.4,18.7072,14.5736
2017,11,1,10,30,5,240,111,293,5.2,16.0596,12.5361
2017,11,1,11,0,6.2,259,104,313,5,17.3860,13.5887
2017,11,1,11,30,6.9,225,45,249,4.6000000000000005,13.9440,10.9064
2017,11,1,12,0,7.7,192,18,202,4.3,11.3536,8.8833
2017,11,1,12,30,8.200000000000001,260,246,396,4,22.2444,17.4034
2017,11,1,13,0,8.6,266,107,324,3.8000000000000003,18.1112,14.1636
2017,11,1,13,30,9.1,173,10,178,3.6,9.8558,7.7009
2017,11,1,14,0,9.5,174,29,188,3.5,10.2556,8.0017
2017,11,1,14,30,9.600000000000001,171,41,189,3.3000000000000003,10.0914,7.8558
2017,11,1,15,0,9.8,190,94,225,3.1,11.6688,9.0520
2017,11,1,15,30,9.3,144,190,201,2.4000000000000004,10.0432,7.7487
2017,11,1,16,0,8.8,113,55,125,1.8,6.0118,4.6020
2017,11,1,16,30,6.9,57,1,57,1.5,0.0000,0.0000
2017,11,1,17,0,5,16,0,16,1.3,0.0000,0.0000
2017,11,1,17,30,4.4,0,0,0,1.5,0.0000,0.0000
2017,11,1,18,0,3.8000000000000003,0,0,0,1.7000000000000002,0.0000,0.0000
2017,11,1,18,30,3.7,0,0,0,1.9000000000000001,0.0000,0.0000
2017,11,1,19,0,3.6,0,0,0,2.1,0.0000,0.0000
2017,11,1,19,30,3.4000000000000004,0,0,0,2.2,0.0000,0.0000
2017,11,1,20,0,3.2,0,0,0,2.3000000000000003,0.0000,0.0000
2017,11,1,20,30,2.8000000000000003,0,0,0,2.2,0.0000,0.0000
2017,11,1,21,0,2.4000000000000004,0,0,0,2,0.0000,0.0000
2017,11,1,21,30,2,0,0,0,1.8,0.0000,0.0000
2017,11,1,22,0,1.6,0,0,0,1.6,0.0000,0.0000
2017,11,1,22,30,1.7000000000000002,0,0,0,1.4000000000000001,0.0000,0.0000
2017,11,1,23,0,1.7000000000000002,0,0,0,1.3,0.0000,0.0000
2017,11,1,23,30,2.2,0,0,0,1.1,0.0000,0.0000
2017,11,2,0,0,2.6,0,0,0,0.9,0.0000,0.0000
2017,11,2,0,30,2.6,0,0,0,0.9,0.0000,0.0000
2017,11,2,1,0,2.6,0,0,0,0.9,0.0000,0.0000
2017,11,2,1,30,2.5,0,0,0,1.4000000000000001,0.0000,0.0000
2017,11,2,2,0,2.4000000000000004,0,0,0,1.8,0.0000,0.0000
2017,11,2,2,30,2.5,0,0,0,2.2,0.0000,0.0000
2017,11,2,3,0,2.5,0,0,0,2.6,0.0000,0.0000
2017,11,2,3,30,2.6,0,0,0,2.9000000000000004,0.0000,0.0000
2017,11,2,4,0,2.6,0,0,0,3.1,0.0000,0.0000
2017,11,2,4,30,2.7,0,0,0,3.3000000000000003,0.0000,0.0000
2017,11,2,5,0,2.8000000000000003,0,0,0,3.5,0.0000,0.0000
2017,11,2,5,30,2.9000000000000004,0,0,0,3.7,0.0000,0.0000
2017,11,2,6,0,3,0,0,0,3.9000000000000004,0.0000,0.0000
2017,11,2,6,30,2.9000000000000004,0,0,0,3.9000000000000004,0.0000,0.0000
2017,11,2,7,0,2.9000000000000004,0,0,0,3.9000000000000004,0.0000,0.0000
2017,11,2,7,30,3.2,22,0,22,4.2,0.0000,0.0000
2017,11,2,8,0,3.6,54,4,54,4.4,0.0000,0.0000
2017,11,2,8,30,4.5,88,7,89,4.6000000000000005,4.3131,3.3081
2017,11,2,9,0,5.4,158,141,203,4.800000000000001,10.2322,7.9057
2017,11,2,9,30,6.4,175,47,193,5,10.0777,7.8245
2017,11,2,10,0,7.5,221,145,284,5.2,15.2365,11.8673
2017,11,2,10,30,8.200000000000001,129,5,131,5.300000000000001,7.1674,5.5938
2017,11,2,11,0,9,187,473,431,5.300000000000001,23.8994,18.6764
2017,11,2,11,30,9.4,252,296,411,5.4,22.9792,17.9708
2017,11,2,12,0,9.9,84,880,566,5.5,31.7620,24.8475
2017,11,2,12,30,10.100000000000001,316,73,356,5.6000000000000005,19.9664,15.6191
2017,11,2,13,0,10.200000000000001,299,228,421,5.6000000000000005,23.4951,18.3713
2017,11,2,13,30,10.100000000000001,272,276,412,5.6000000000000005,22.7734,17.7912
2017,11,2,14,0,10.100000000000001,72,862,476,5.5,25.9165,20.2168
2017,11,2,14,30,9.700000000000001,68,833,418,5.300000000000001,22.2740,17.3356
2017,11,2,15,0,9.3,61,799,350,5.1000000000000005,18.1095,14.0441
2017,11,2,15,30,8.6,55,741,273,4.6000000000000005,13.6090,10.4958
2017,11,2,16,0,7.9,46,664,191,4.1000000000000005,9.1721,7.0181
2017,11,2,16,30,6.2,35,530,107,3.2,0.0000,0.0000
2017,11,2,17,0,4.6000000000000005,18,302,34,2.3000000000000003,0.0000,0.0000
2017,11,2,17,30,3.8000000000000003,0,0,0,2.3000000000000003,0.0000,0.0000
2017,11,2,18,0,3,0,0,0,2.3000000000000003,0.0000,0.0000
2017,11,2,18,30,2.7,0,0,0,2.4000000000000004,0.0000,0.0000
2017,11,2,19,0,2.3000000000000003,0,0,0,2.5,0.0000,0.0000
2017,11,2,19,30,1.8,0,0,0,2.4000000000000004,0.0000,0.0000
2017,11,2,20,0,1.4000000000000001,0,0,0,2.4000000000000004,0.0000,0.0000
2017,11,2,20,30,1,0,0,0,2.3000000000000003,0.0000,0.0000
2017,11,2,21,0,0.6000000000000001,0,0,0,2.3000000000000003,0.0000,0.0000
2017,11,2,21,30,0.30000000000000004,0,0,0,2.4000000000000004,0.0000,0.0000
2017,11,2,22,0,0,0,0,0,2.4000000000000004,0.0000,0.0000
2017,11,2,22,30,-0.30000000000000004,0,0,0,2.5,0.0000,0.0000
2017,11,2,23,0,-0.5,0,0,0,2.6,0.0000,0.0000
2017,11,2,23,30,-0.7000000000000001,0,0,0,2.7,0.0000,0.0000
2017,11,3,0,0,-0.9,0,0,0,2.7,0.0000,0.0000
2017,11,3,0,30,-1.1,0,0,0,2.8000000000000003,0.0000,0.0000
2017,11,3,1,0,-1.3,0,0,0,2.8000000000000003,0.0000,0.0000
2017,11,3,1,30,-1.4000000000000001,0,0,0,2.9000000000000004,0.0000,0.0000
2017,11,3,2,0,-1.5,0,0,0,2.9000000000000004,0.0000,0.0000
2017,11,3,2,30,-1.7000000000000002,0,0,0,2.9000000000000004,0.0000,0.0000
2017,11,3,3,0,-1.9000000000000001,0,0,0,2.8000000000000003,0.0000,0.0000
2017,11,3,3,30,-2.1,0,0,0,2.6,0.0000,0.0000
2017,11,3,4,0,-2.4000000000000004,0,0,0,2.4000000000000004,0.0000,0.0000
2017,11,3,4,30,-2.6,0,0,0,2.2,0.0000,0.0000
2017,11,3,5,0,-2.8000000000000003,0,0,0,2,0.0000,0.0000
2017,11,3,5,30,-2.9000000000000004,0,0,0,1.9000000000000001,0.0000,0.0000
2017,11,3,6,0,-3,0,0,0,1.8,0.0000,0.0000
2017,11,3,6,30,-2.9000000000000004,0,0,0,1.9000000000000001,0.0000,0.0000
2017,11,3,7,0,-2.7,0,0,0,2.1,0.0000,0.0000
2017,11,3,7,30,-2,27,265,46,2.5,0.0000,0.0000
2017,11,3,8,0,-1.3,26,0,26,2.9000000000000004,0.0000,0.0000
2017,11,3,8,30,-0.1,70,5,71,3.5,3.4344,2.6329
2017,11,3,9,0,1.1,79,4,81,4,4.0734,3.1460
2017,11,3,9,30,2,57,0,57,4,2.9699,2.3052
2017,11,3,10,0,3,199,52,222,4,11.8863,9.2558
2017,11,3,10,30,3.8000000000000003,221,101,269,3.7,14.6910,11.4636
2017,11,3,11,0,4.6000000000000005,264,191,362,3.4000000000000004,20.0394,15.6575
2017,11,3,11,30,5.300000000000001,204,449,443,3.3000000000000003,24.7294,19.3369
2017,11,3,12,0,6.1000000000000005,276,191,380,3.1,21.2909,16.6536
2017,11,3,12,30,6.5,88,865,557,3,31.1904,24.3958
2017,11,3,13,0,7,86,860,540,2.9000000000000004,30.0882,23.5231
2017,11,3,13,30,7.1000000000000005,84,843,507,2.9000000000000004,27.9760,21.8520
2017,11,3,14,0,7.300000000000001,209,344,369,2.9000000000000004,20.0542,15.6409
2017,11,3,14,30,7.1000000000000005,197,306,325,2.9000000000000004,17.2820,13.4472
2017,11,3,15,0,6.9,181,45,197,3,10.1701,7.8847
2017,11,3,15,30,6.6000000000000005,116,426,240,2.7,11.9361,9.2020
2017,11,3,16,0,6.2,34,0,34,2.5,1.6304,1.2470
2017,11,3,16,30,5.800000000000001,16,0,16,2.3000000000000003,0.0000,0.0000
2017,11,3,17,0,5.300000000000001,9,0,9,2.2,0.0000,0.0000
2017,11,3,17,30,5.1000000000000005,0,0,0,2.4000000000000004,0.0000,0.0000
2017,11,3,18,0,4.9,0,0,0,2.6,0.0000,0.0000
2017,11,3,18,30,4.7,0,0,0,2.6,0.0000,0.0000
2017,11,3,19,0,4.6000000000000005,0,0,0,2.7,0.0000,0.0000
2017,11,3,19,30,4.5,0,0,0,2.7,0.0000,0.0000
2017,11,3,20,0,4.3,0,0,0,2.6,0.0000,0.0000
2017,11,3,20,30,4.2,0,0,0,2.5,0.0000,0.0000
2017,11,3,21,0,4.1000000000000005,0,0,0,2.5,0.0000,0.0000
2017,11,3,21,30,3.9000000000000004,0,0,0,2.3000000000000003,0.0000,0.0000
2017,11,3,22,0,3.8000000000000003,0,0,0,2.1,0.0000,0.0000
2017,11,3,22,30,3.6,0,0,0,1.9000000000000001,0.0000,0.0000
2017,11,3,23,0,3.4000000000000004,0,0,0,1.7000000000000002,0.0000,0.0000
2017,11,3,23,30,3.1,0,0,0,1.5,0.0000,0.0000
2017,11,4,0,0,2.8000000000000003,0,0,0,1.2000000000000002,0.0000,0.0000
2017,11,4,0,30,2.4000000000000004,0,0,0,1.1,0.0000,0.0000
2017,11,4,1,0,2,0,0,0,1,0.0000,0.0000
2017,11,4,1,30,1.8,0,0,0,0.9,0.0000,0.0000
2017,11,4,2,0,1.5,0,0,0,0.9,0.0000,0.0000
2017,11,4,2,30,1.5,0,0,0,0.9,0.0000,0.0000
2017,11,4,3,0,1.4000000000000001,0,0,0,0.8,0.0000,0.0000
2017,11,4,3,30,1.5,0,0,0,0.8,0.0000,0.0000
2017,11,4,4,0,1.6,0,0,0,0.8,0.0000,0.0000
2017,11,4,4,30,1.7000000000000002,0,0,0,0.7000000000000001,0.0000,0.0000
2017,11,4,5,0,1.8,0,0,0,0.7000000000000001,0.0000,0.0000
2017,11,4,5,30,2,0,0,0,0.7000000000000001,0.0000,0.0000
2017,11,4,6,0,2.1,0,0,0,0.6000000000000001,0.0000,0.0000
2017,11,4,6,30,2.3000000000000003,0,0,0,0.6000000000000001,0.0000,0.0000
2017,11,4,7,0,2.5,0,0,0,0.6000000000000001,0.0000,0.0000
2017,11,4,7,30,3.3000000000000003,13,0,13,1,0.0000,0.0000
2017,11,4,8,0,4.1000000000000005,51,404,112,1.4000000000000001,0.0000,0.0000
2017,11,4,8,30,4.800000000000001,75,6,77,1.7000000000000002,3.7179,2.8491
2017,11,4,9,0,5.6000000000000005,96,1,97,2,4.8666,3.7573
2017,11,4,9,30,6.300000000000001,136,1,136,2.4000000000000004,7.0700,5.4862
2017,11,4,10,0,7,188,7,190,2.7,10.1530,7.9044
2017,11,4,10,30,7.5,188,2,189,2.9000000000000004,10.3029,8.0381
2017,11,4,11,0,8,235,11,241,3.1,13.3191,10.4050
2017,11,4,11,30,8.4,253,14,260,3.3000000000000003,14.4900,11.3286
2017,11,4,12,0,8.8,222,30,238,3.4000000000000004,13.3143,10.4129
2017,11,4,12,30,9.1,310,218,428,3.4000000000000004,23.9284,18.7131
2017,11,4,13,0,9.4,91,842,532,3.5,29.5944,23.1337
2017,11,4,13,30,9.700000000000001,88,825,499,3.4000000000000004,27.4878,21.4672
2017,11,4,14,0,10,83,808,456,3.4000000000000004,24.7368,19.2893
2017,11,4,14,30,10.100000000000001,79,776,399,3.2,21.1736,16.4714
2017,11,4,15,0,10.100000000000001,132,518,315,3,16.2264,12.5763
2017,11,4,15,30,9.600000000000001,113,481,250,2.4000000000000004,12.4046,9.5593
2017,11,4,16,0,9.200000000000001,55,562,173,1.8,8.2858,6.3345
2017,11,4,16,30,8,40,415,93,1.4000000000000001,0.0000,0.0000
2017,11,4,17,0,6.800000000000001,18,179,26,1,0.0000,0.0000
2017,11,4,17,30,6.5,0,0,0,1,0.0000,0.0000
2017,11,4,18,0,6.1000000000000005,0,0,0,1,0.0000,0.0000
2017,11,4,18,30,6,0,0,0,1,0.0000,0.0000
2017,11,4,19,0,5.800000000000001,0,0,0,1.1,0.0000,0.0000
2017,11,4,19,30,5.6000000000000005,0,0,0,1.1,0.0000,0.0000
2017,11,4,20,0,5.4,0,0,0,1.1,0.0000,0.0000
2017,11,4,20,30,5.2,0,0,0,1.1,0.0000,0.0000
2017,11,4,21,0,5,0,0,0,1.1,0.0000,0.0000
2017,11,4,21,30,4.800000000000001,0,0,0,1.1,0.0000,0.0000
2017,11,4,22,0,4.6000000000000005,0,0,0,1,0.0000,0.0000
2017,11,4,22,30,4.4,0,0,0,1.5,0.0000,0.0000
2017,11,4,23,0,4.2,0,0,0,1.9000000000000001,0.0000,0.0000
2017,11,4,23,30,3.9000000000000004,0,0,0,2.7,0.0000,0.0000
2017,11,5,0,0,3.6,0,0,0,3.6,0.0000,0.0000
2017,11,5,0,30,3,0,0,0,4.2,0.0000,0.0000
2017,11,5,1,0,2.4000000000000004,0,0,0,4.9,0.0000,0.0000
2017,11,5,1,30,1.8,0,0,0,5.2,0.0000,0.0000
2017,11,5,2,0,1.3,0,0,0,5.6000000000000005,0.0000,0.0000
2017,11,5,2,30,1,0,0,0,5.5,0.0000,0.0000
2017,11,5,3,0,0.8,0,0,0,5.5,0.0000,0.0000
2017,11,5,3,30,0.6000000000000001,0,0,0,5.300000000000001,0.0000,0.0000
2017,11,5,4,0,0.4,0,0,0,5.2,0.0000,0.0000
2017,11,5,4,30,0.2,0,0,0,5.1000000000000005,0.0000,0.0000
2017,11,5,5,0,0.1,0,0,0,4.9,0.0000,0.0000
2017,11,5,5,30,0,0,0,0,4.800000000000001,0.0000,0.0000
2017,11,5,6,0,-0.1,0,0,0,4.7,0.0000,0.0000
2017,11,5,6,30,-0.4,0,0,0,4.7,0.0000,0.0000
2017,11,5,7,0,-0.6000000000000001,0,0,0,4.7,0.0000,0.0000
2017,11,5,7,30,-0.30000000000000004,16,0,16,5,0.0000,0.0000
2017,11,5,8,0,0,22,0,22,5.300000000000001,0.0000,0.0000
2017,11,5,8,30,0.6000000000000001,108,40,117,5.7,5.6400,4.3201
2017,11,5,9,0,1.2000000000000002,138,6,140,6.1000000000000005,7.0076,5.4083
2017,11,5,9,30,1.9000000000000001,183,208,259,6.2,13.4344,10.4219
2017,11,5,10,0,2.5,225,143,286,6.300000000000001,15.2514,11.8710
2017,11,5,10,30,3.2,151,552,409,6.2,22.2556,17.3600
2017,11,5,11,0,3.8000000000000003,70,901,522,6.2,28.7987,22.4942
2017,11,5,11,30,4.2,71,912,550,6.1000000000000005,30.6024,23.9221
2017,11,5,12,0,4.7,75,910,562,6,31.3905,24.5467
2017,11,5,12,30,4.7,321,138,395,5.9,22.0488,17.2407
2017,11,5,13,0,4.800000000000001,224,402,433,5.800000000000001,24.0476,18.7950
2017,11,5,13,30,4.5,76,879,510,5.7,28.0453,21.8990
2017,11,5,14,0,4.1000000000000005,76,845,461,5.6000000000000005,24.9613,19.4607
2017,11,5,14,30,3.8000000000000003,72,818,406,5.4,21.5022,16.7232
2017,11,5,15,0,3.4000000000000004,71,756,335,5.300000000000001,17.2187,13.3414
2017,11,5,15,30,3,63,691,258,5,12.7743,9.8405
2017,11,5,16,0,2.5,110,155,142,4.7,6.7934,5.1915
2017,11,5,16,30,1.7000000000000002,37,457,95,3.9000000000000004,0.0000,0.0000
2017,11,5,17,0,0.8,13,0,13,3.1,0.0000,0.0000
2017,11,5,17,30,0.2,0,0,0,2.9000000000000004,0.0000,0.0000
2017,11,5,18,0,-0.5,0,0,0,2.6,0.0000,0.0000
2017,11,5,18,30,-0.9,0,0,0,2.6,0.0000,0.0000
2017,11,5,19,0,-1.3,0,0,0,2.6,0.0000,0.0000
2017,11,5,19,30,-1.9000000000000001,0,0,0,2.5,0.0000,0.0000
2017,11,5,20,0,-2.4000000000000004,0,0,0,2.4000000000000004,0.0000,0.0000
2017,11,5,20,30,-2.8000000000000003,0,0,0,2.3000000000000003,0.0000,0.0000
2017,11,5,21,0,-3.2,0,0,0,2.2,0.0000,0.0000
2017,11,5,21,30,-3.4000000000000004,0,0,0,2.1,0.0000,0.0000
2017,11,5,22,0,-3.7,0,0,0,2,0.0000,0.0000
2017,11,5,22,30,-3.7,0,0,0,2.1,0.0000,0.0000
2017,11,5,23,0,-3.6,0,0,0,2.1,0.0000,0.0000
2017,11,5,23,30,-3.6,0,0,0,2,0.0000,0.0000
2017,11,6,0,0,-3.6,0,0,0,1.9000000000000001,0.0000,0.0000
2017,11,6,0,30,-3.6,0,0,0,1.8,0.0000,0.0000
2017,11,6,1,0,-3.7,0,0,0,1.6,0.0000,0.0000
2017,11,6,1,30,-3.7,0,0,0,1.8,0.0000,0.0000
2017,11,6,2,0,-3.7,0,0,0,2,0.0000,0.0000
2017,11,6,2,30,-3.7,0,0,0,2,0.0000,0.0000
2017,11,6,3,0,-3.6,0,0,0,2.1,0.0000,0.0000
2017,11,6,3,30,-3.7,0,0,0,1.9000000000000001,0.0000,0.0000
2017,11,6,4,0,-3.7,0,0,0,1.7000000000000002,0.0000,0.0000
2017,11,6,4,30,-3.7,0,0,0,1.6,0.0000,0.0000
2017,11,6,5,0,-3.7,0,0,0,1.6,0.0000,0.0000
2017,11,6,5,30,-3.6,0,0,0,1.7000000000000002,0.0000,0.0000
2017,11,6,6,0,-3.6,0,0,0,1.9000000000000001,0.0000,0.0000
2017,11,6,6,30,-3.6,0,0,0,2,0.0000,0.0000
2017,11,6,7,0,-3.5,0,0,0,2.1,0.0000,0.0000
2017,11,6,7,30,-3.1,11,0,11,2.5,0.0000,0.0000
2017,11,6,8,0,-2.6,28,0,28,2.8000000000000003,0.0000,0.0000
2017,11,6,8,30,-1.8,82,1,82,2.9000000000000004,3.9463,3.0214
2017,11,6,9,0,-1,72,0,72,3,3.5955,2.7739
2017,11,6,9,30,-0.2,212,135,261,3.1,13.5080,10.4760
2017,11,6,10,0,0.6000000000000001,246,157,311,3.2,16.5513,12.8798
2017,11,6,10,30,1.4000000000000001,271,190,359,3.2,19.4992,15.2071
2017,11,6,11,0,2.1,301,142,371,3.2,20.4332,15.9575
2017,11,6,11,30,2.8000000000000003,84,877,540,3.1,29.9984,23.4465
2017,11,6,12,0,3.4000000000000004,83,888,554,3,30.8946,24.1555
2017,11,6,12,30,3.9000000000000004,238,535,521,2.9000000000000004,29.0357,22.7008
2017,11,6,13,0,4.4,313,114,372,2.9000000000000004,20.6266,16.1188
2017,11,6,13,30,4.6000000000000005,259,32,274,2.9000000000000004,15.0421,11.7436
2017,11,6,14,0,4.9,260,193,348,2.9000000000000004,18.8085,14.6609
2017,11,6,14,30,4.800000000000001,70,821,402,3,21.2475,16.5212
2017,11,6,15,0,4.800000000000001,64,783,334,3.1,17.1293,13.2681
2017,11,6,15,30,4.3,57,720,257,2.8000000000000003,12.6967,9.7768
2017,11,6,16,0,3.8000000000000003,103,8,104,2.5,4.9707,3.7971
2017,11,6,16,30,2.4000000000000004,47,1,47,2,0.0000,0.0000
2017,11,6,17,0,0.9,9,0,9,1.6,0.0000,0.0000
2017,11,6,17,30,0.6000000000000001,0,0,0,1.8,0.0000,0.0000
2017,11,6,18,0,0.2,0,0,0,2,0.0000,0.0000
2017,11,6,18,30,0.1,0,0,0,2.2,0.0000,0.0000
2017,11,6,19,0,0,0,0,0,2.4000000000000004,0.0000,0.0000
2017,11,6,19,30,-0.5,0,0,0,2.3000000000000003,0.0000,0.0000
2017,11,6,20,0,-1,0,0,0,2.3000000000000003,0.0000,0.0000
2017,11,6,20,30,-1.5,0,0,0,2.2,0.0000,0.0000
2017,11,6,21,0,-2,0,0,0,2.1,0.0000,0.0000
2017,11,6,21,30,-2.3000000000000003,0,0,0,2,0.0000,0.0000
2017,11,6,22,0,-2.7,0,0,0,1.9000000000000001,0.0000,0.0000
2017,11,6,22,30,-2.7,0,0,0,1.9000000000000001,0.0000,0.0000
2017,11,6,23,0,-2.8000000000000003,0,0,0,1.9000000000000001,0.0000,0.0000
2017,11,6,23,30,-2.9000000000000004,0,0,0,2.1,0.0000,0.0000
2017,11,7,0,0,-3,0,0,0,2.2,0.0000,0.0000
2017,11,7,0,30,-2.9000000000000004,0,0,0,2.5,0.0000,0.0000
2017,11,7,1,0,-2.7,0,0,0,2.9000000000000004,0.0000,0.0000
2017,11,7,1,30,-2.6,0,0,0,2.9000000000000004,0.0000,0.0000
2017,11,7,2,0,-2.6,0,0,0,3,0.0000,0.0000
2017,11,7,2,30,-2.6,0,0,0,2.8000000000000003,0.0000,0.0000
2017,11,7,3,0,-2.6,0,0,0,2.7,0.0000,0.0000
2017,11,7,3,30,-2.6,0,0,0,2.6,0.0000,0.0000
2017,11,7,4,0,-2.6,0,0,0,2.5,0.0000,0.0000
2017,11,7,4,30,-2.6,0,0,0,2.4000000000000004,0.0000,0.0000
2017,11,7,5,0,-2.7,0,0,0,2.2,0.0000,0.0000
2017,11,7,5,30,-2.8000000000000003,0,0,0,2.2,0.0000,0.0000
2017,11,7,6,0,-2.8000000000000003,0,0,0,2.1,0.0000,0.0000
2017,11,7,6,30,-2.7,0,0,0,2.1,0.0000,0.0000
2017,11,7,7,0,-2.6,0,0,0,2.2,0.0000,0.0000
2017,11,7,7,30,-1.9000000000000001,14,0,14,2.6,0.0000,0.0000
2017,11,7,8,0,-1.3,19,0,19,2.9000000000000004,0.0000,0.0000
2017,11,7,8,30,-0.30000000000000004,83,12,86,3,4.1324,3.1625
2017,11,7,9,0,0.7000000000000001,107,2,108,3.1,5.3813,4.1499
2017,11,7,9,30,1.5,132,1,132,3.1,6.8163,5.2847
2017,11,7,10,0,2.4000000000000004,223,27,234,3.1,12.4280,9.6689
2017,11,7,10,30,3.1,239,27,251,3,13.6079,10.6106
2017,11,7,11,0,3.9000000000000004,252,29,267,2.9000000000000004,14.6808,11.4633
2017,11,7,11,30,4.5,284,43,306,2.7,16.9718,13.2631
2017,11,7,12,0,5.2,309,212,421,2.5,23.4400,18.3243
2017,11,7,12,30,5.5,82,893,550,2.3000000000000003,30.6041,23.9235
2017,11,7,13,0,5.800000000000001,83,882,533,2.1,29.5055,23.0537
2017,11,7,13,30,5.800000000000001,80,868,501,2,27.4570,21.4325
2017,11,7,14,0,5.800000000000001,77,846,456,1.9000000000000001,24.6001,19.1717
2017,11,7,14,30,5.6000000000000005,73,814,398,1.8,20.9949,16.3210
2017,11,7,15,0,5.4,70,756,328,1.8,16.7855,12.9980
2017,11,7,15,30,4.9,62,689,251,1.5,12.3754,9.5258
2017,11,7,16,0,4.4,106,12,109,1.2000000000000002,5.2055,3.9751
2017,11,7,16,30,2.8000000000000003,55,2,55,1.1,0.0000,0.0000
2017,11,7,17,0,1.2000000000000002,10,0,10,1,0.0000,0.0000
2017,11,7,17,30,0.5,0,0,0,1,0.0000,0.0000
2017,11,7,18,0,-0.2,0,0,0,1.1,0.0000,0.0000
2017,11,7,18,30,-0.6000000000000001,0,0,0,1.1,0.0000,0.0000
2017,11,7,19,0,-1,0,0,0,1.1,0.0000,0.0000
2017,11,7,19,30,-1.4000000000000001,0,0,0,1.1,0.0000,0.0000
2017,11,7,20,0,-1.7000000000000002,0,0,0,1.1,0.0000,0.0000
2017,11,7,20,30,-2,0,0,0,1.1,0.0000,0.0000
2017,11,7,21,0,-2.3000000000000003,0,0,0,1.1,0.0000,0.0000
2017,11,7,21,30,-2.4000000000000004,0,0,0,1.1,0.0000,0.0000
2017,11,7,22,0,-2.6,0,0,0,1.1,0.0000,0.0000
2017,11,7,22,30,-2.7,0,0,0,1.1,0.0000,0.0000
2017,11,7,23,0,-2.8000000000000003,0,0,0,1,0.0000,0.0000
2017,11,7,23,30,-2.9000000000000004,0,0,0,1,0.0000,0.0000
2017,11,8,0,0,-3,0,0,0,1,0.0000,0.0000
2017,11,8,0,30,-3.1,0,0,0,1,0.0000,0.0000
2017,11,8,1,0,-3.3000000000000003,0,0,0,1,0.0000,0.0000
2017,11,8,1,30,-3.4000000000000004,0,0,0,1,0.0000,0.0000
2017,11,8,2,0,-3.5,0,0,0,1,0.0000,0.0000
2017,11,8,2,30,-3.6,0,0,0,1,0.0000,0.0000
2017,11,8,3,0,-3.6,0,0,0,1,0.0000,0.0000
2017,11,8,3,30,-3.8000000000000003,0,0,0,1.1,0.0000,0.0000
2017,11,8,4,0,-4,0,0,0,1.1,0.0000,0.0000
2017,11,8,4,30,-4.1000000000000005,0,0,0,1.2000000000000002,0.0000,0.0000
2017,11,8,5,0,-4.2,0,0,0,1.3,0.0000,0.0000
2017,11,8,5,30,-4.1000000000000005,0,0,0,1.5,0.0000,0.0000
2017,11,8,6,0,-4.1000000000000005,0,0,0,1.7000000000000002,0.0000,0.0000
2017,11,8,6,30,-3.9000000000000004,0,0,0,1.9000000000000001,0.0000,0.0000
2017,11,8,7,0,-3.7,0,0,0,2.2,0.0000,0.0000
2017,11,8,7,30,-2.7,20,328,37,2.8000000000000003,0.0000,0.0000
2017,11,8,8,0,-1.6,37,554,113,3.4000000000000004,0.0000,0.0000
2017,11,8,8,30,-0.4,48,688,197,3.3000000000000003,9.4529,7.2312
2017,11,8,9,0,0.7000000000000001,57,768,279,3.3000000000000003,13.8693,10.6915
2017,11,8,9,30,2.5,63,819,353,3.7,18.1887,14.0977
2017,11,8,10,0,4.2,69,856,419,4.2,22.2095,17.2749
2017,11,8,10,30,5.4,72,884,474,4.4,25.6497,19.9961
2017,11,8,11,0,6.5,75,901,516,4.7,28.3223,22.1112
2017,11,8,11,30,7.300000000000001,77,913,544,4.9,30.1229,23.5368
2017,11,8,12,0,8,76,923,557,5,30.9632,24.2021
2017,11,8,12,30,8.5,75,916,552,5.1000000000000005,30.6667,23.9690
2017,11,8,13,0,8.9,75,909,535,5.2,29.5689,23.0998
2017,11,8,13,30,9.200000000000001,73,896,504,5.2,27.5753,21.5213
2017,11,8,14,0,9.4,71,868,456,5.2,24.5558,19.1335
2017,11,8,14,30,9.4,67,838,398,5,20.9533,16.2849
2017,11,8,15,0,9.3,62,791,329,4.9,16.8004,13.0055
2017,11,8,15,30,8.4,55,727,252,4,12.3987,9.5400
2017,11,8,16,0,7.5,46,633,170,3.1,8.1131,6.1934
2017,11,8,16,30,5.7,33,480,88,2.8000000000000003,0.0000,0.0000
2017,11,8,17,0,3.9000000000000004,14,216,21,2.4000000000000004,0.0000,0.0000
2017,11,8,17,30,3.9000000000000004,0,0,0,2.8000000000000003,0.0000,0.0000
2017,11,8,18,0,3.9000000000000004,0,0,0,3.2,0.0000,0.0000
2017,11,8,18,30,4.1000000000000005,0,0,0,3.6,0.0000,0.0000
2017,11,8,19,0,4.3,0,0,0,4.1000000000000005,0.0000,0.0000
2017,11,8,19,30,4.1000000000000005,0,0,0,4.2,0.0000,0.0000
2017,11,8,20,0,3.9000000000000004,0,0,0,4.4,0.0000,0.0000
2017,11,8,20,30,3.4000000000000004,0,0,0,4.3,0.0000,0.0000
2017,11,8,21,0,2.8000000000000003,0,0,0,4.3,0.0000,0.0000
2017,11,8,21,30,2.5,0,0,0,4.2,0.0000,0.0000
2017,11,8,22,0,2.1,0,0,0,4.1000000000000005,0.0000,0.0000
2017,11,8,22,30,1.8,0,0,0,3.8000000000000003,0.0000,0.0000
2017,11,8,23,0,1.5,0,0,0,3.4000000000000004,0.0000,0.0000
2017,11,8,23,30,1.1,0,0,0,3.4000000000000004,0.0000,0.0000
2017,11,9,0,0,0.8,0,0,0,3.4000000000000004,0.0000,0.0000
2017,11,9,0,30,0.30000000000000004,0,0,0,3.8000000000000003,0.0000,0.0000
2017,11,9,1,0,-0.2,0,0,0,4.2,0.0000,0.0000
2017,11,9,1,30,-1,0,0,0,4.800000000000001,0.0000,0.0000
2017,11,9,2,0,-1.7000000000000002,0,0,0,5.4,0.0000,0.0000
2017,11,9,2,30,-2.5,0,0,0,5.5,0.0000,0.0000
2017,11,9,3,0,-3.3000000000000003,0,0,0,5.6000000000000005,0.0000,0.0000
2017,11,9,3,30,-3.7,0,0,0,5.4,0.0000,0.0000
2017,11,9,4,0,-4.2,0,0,0,5.2,0.0000,0.0000
2017,11,9,4,30,-4.4,0,0,0,5,0.0000,0.0000
2017,11,9,5,0,-4.6000000000000005,0,0,0,4.9,0.0000,0.0000
2017,11,9,5,30,-4.800000000000001,0,0,0,4.7,0.0000,0.0000
2017,11,9,6,0,-4.9,0,0,0,4.6000000000000005,0.0000,0.0000
2017,11,9,6,30,-5,0,0,0,4.5,0.0000,0.0000
2017,11,9,7,0,-5.1000000000000005,0,0,0,4.5,0.0000,0.0000
2017,11,9,7,30,-4.7,11,0,11,5,0.0000,0.0000
2017,11,9,8,0,-4.4,50,1,50,5.5,0.0000,0.0000
2017,11,9,8,30,-3.9000000000000004,56,0,56,5.7,2.6837,2.0521
2017,11,9,9,0,-3.3000000000000003,75,0,75,5.800000000000001,3.7200,2.8665
2017,11,9,9,30,-2.8000000000000003,126,1,126,5.6000000000000005,6.4780,5.0195
2017,11,9,10,0,-2.2,237,47,256,5.4,13.5413,10.5301
2017,11,9,10,30,-1.7000000000000002,274,117,327,5.2,17.6627,13.7669
2017,11,9,11,0,-1.1,295,94,341,5,18.6848,14.5848
2017,11,9,11,30,-0.7000000000000001,302,190,398,4.800000000000001,22.0021,17.1888
2017,11,9,12,0,-0.2,74,925,553,4.6000000000000005,30.6934,23.9878
2017,11,9,12,30,0,287,287,435,4.5,24.1293,18.8566
2017,11,9,13,0,0.30000000000000004,309,121,370,4.3,20.4176,15.9483
2017,11,9,13,30,0.30000000000000004,171,551,434,4.2,23.7052,18.4978
2017,11,9,14,0,0.30000000000000004,131,601,396,4,21.2875,16.5838
2017,11,9,14,30,0,61,865,400,3.9000000000000004,21.0182,16.3316
2017,11,9,15,0,-0.2,56,824,331,3.8000000000000003,16.8689,13.0548
2017,11,9,15,30,-0.8,50,762,254,3.5,12.4735,9.5941
2017,11,9,16,0,-1.3,42,668,170,3.3000000000000003,8.1089,6.1882
2017,11,9,16,30,-2.7,30,515,88,2.5,0.0000,0.0000
2017,11,9,17,0,-4.1000000000000005,14,249,21,1.8,0.0000,0.0000
2017,11,9,17,30,-4.5,0,0,0,1.9000000000000001,0.0000,0.0000
2017,11,9,18,0,-5,0,0,0,2,0.0000,0.0000
2017,11,9,18,30,-5.1000000000000005,0,0,0,2.2,0.0000,0.0000
2017,11,9,19,0,-5.2,0,0,0,2.3000000000000003,0.0000,0.0000
2017,11,9,19,30,-5.2,0,0,0,2.5,0.0000,0.0000
2017,11,9,20,0,-5.1000000000000005,0,0,0,2.6,0.0000,0.0000
2017,11,9,20,30,-5.1000000000000005,0,0,0,2.6,0.0000,0.0000
2017,11,9,21,0,-5,0,0,0,2.7,0.0000,0.0000
2017,11,9,21,30,-5.1000000000000005,0,0,0,2.8000000000000003,0.0000,0.0000
2017,11,9,22,0,-5.1000000000000005,0,0,0,2.9000000000000004,0.0000,0.0000
2017,11,9,22,30,-5.2,0,0,0,3.1,0.0000,0.0000
2017,11,9,23,0,-5.300000000000001,0,0,0,3.3000000000000003,0.0000,0.0000
2017,11,9,23,30,-5.4,0,0,0,3.4000000000000004,0.0000,0.0000
2017,11,10,0,0,-5.5,0,0,0,3.5,0.0000,0.0000
2017,11,10,0,30,-5.7,0,0,0,3.6,0.0000,0.0000
2017,11,10,1,0,-5.800000000000001,0,0,0,3.7,0.0000,0.0000
2017,11,10,1,30,-5.9,0,0,0,3.7,0.0000,0.0000
2017,11,10,2,0,-6.1000000000000005,0,0,0,3.7,0.0000,0.0000
2017,11,10,2,30,-6.2,0,0,0,3.8000000000000003,0.0000,0.0000
2017,11,10,3,0,-6.300000000000001,0,0,0,3.8000000000000003,0.0000,0.0000
2017,11,10,3,30,-6.4,0,0,0,3.9000000000000004,0.0000,0.0000
2017,11,10,4,0,-6.5,0,0,0,3.9000000000000004,0.0000,0.0000
2017,11,10,4,30,-6.6000000000000005,0,0,0,3.9000000000000004,0.0000,0.0000
2017,11,10,5,0,-6.7,0,0,0,3.8000000000000003,0.0000,0.0000
2017,11,10,5,30,-6.7,0,0,0,3.9000000000000004,0.0000,0.0000
2017,11,10,6,0,-6.800000000000001,0,0,0,3.9000000000000004,0.0000,0.0000
2017,11,10,6,30,-6.7,0,0,0,4.1000000000000005,0.0000,0.0000
2017,11,10,7,0,-6.6000000000000005,0,0,0,4.3,0.0000,0.0000
2017,11,10,7,30,-6.300000000000001,20,199,29,4.6000000000000005,0.0000,0.0000
2017,11,10,8,0,-5.9,43,412,96,4.9,0.0000,0.0000
2017,11,10,8,30,-5.4,19,0,19,5.1000000000000005,0.9094,0.6951
2017,11,10,9,0,-4.800000000000001,21,0,21,5.4,1.0393,0.8005
2017,11,10,9,30,-4.1000000000000005,72,2,72,5.5,3.6932,2.8608
2017,11,10,10,0,-3.4000000000000004,117,5,119,5.6000000000000005,6.2818,4.8838
2017,11,10,10,30,-2.7,182,20,191,5.7,10.2976,8.0247
2017,11,10,11,0,-2,77,0,77,5.7,4.2121,3.2873
2017,11,10,11,30,-1.4000000000000001,36,0,36,5.7,1.9869,1.5520
2017,11,10,12,0,-0.7000000000000001,173,11,178,5.800000000000001,9.8642,7.7080
2017,11,10,12,30,-0.2,165,8,169,5.800000000000001,9.3602,7.3138
2017,11,10,13,0,0.30000000000000004,227,62,258,5.800000000000001,14.2146,11.1014
2017,11,10,13,30,0.6000000000000001,153,11,158,5.7,8.6158,6.7220
2017,11,10,14,0,0.9,210,76,243,5.7,13.0396,10.1564
2017,11,10,14,30,1,123,12,128,5.6000000000000005,6.7128,5.2147
2017,11,10,15,0,1,38,0,38,5.4,1.9326,1.4952
2017,11,10,15,30,0.6000000000000001,31,0,31,5,1.5195,1.1683
2017,11,10,16,0,0.2,20,0,20,4.6000000000000005,0.9536,0.7275
2017,11,10,16,30,-0.5,22,0,22,4,0.0000,0.0000
2017,11,10,17,0,-1.3,5,0,5,3.5,0.0000,0.0000
2017,11,10,17,30,-1.6,0,0,0,3.5,0.0000,0.0000
2017,11,10,18,0,-1.8,0,0,0,3.5,0.0000,0.0000
2017,11,10,18,30,-2,0,0,0,3.6,0.0000,0.0000
2017,11,10,19,0,-2.1,0,0,0,3.8000000000000003,0.0000,0.0000
2017,11,10,19,30,-2.2,0,0,0,3.8000000000000003,0.0000,0.0000
2017,11,10,20,0,-2.4000000000000004,0,0,0,3.8000000000000003,0.0000,0.0000
2017,11,10,20,30,-2.4000000000000004,0,0,0,3.7,0.0000,0.0000
2017,11,10,21,0,-2.5,0,0,0,3.6,0.0000,0.0000
2017,11,10,21,30,-2.4000000000000004,0,0,0,3.5,0.0000,0.0000
2017,11,10,22,0,-2.3000000000000003,0,0,0,3.4000000000000004,0.0000,0.0000
2017,11,10,22,30,-2,0,0,0,3.6,0.0000,0.0000
2017,11,10,23,0,-1.8,0,0,0,3.7,0.0000,0.0000
2017,11,10,23,30,-1.3,0,0,0,4.2,0.0000,0.0000
2017,11,11,0,0,-0.9,0,0,0,4.7,0.0000,0.0000
2017,11,11,0,30,-0.6000000000000001,0,0,0,4.5,0.0000,0.0000
2017,11,11,1,0,-0.30000000000000004,0,0,0,4.3,0.0000,0.0000
2017,11,11,1,30,-0.1,0,0,0,4,0.0000,0.0000
2017,11,11,2,0,0.1,0,0,0,3.6,0.0000,0.0000
2017,11,11,2,30,0.2,0,0,0,3.4000000000000004,0.0000,0.0000
2017,11,11,3,0,0.30000000000000004,0,0,0,3.1,0.0000,0.0000
2017,11,11,3,30,0.4,0,0,0,2.8000000000000003,0.0000,0.0000
2017,11,11,4,0,0.4,0,0,0,2.6,0.0000,0.0000
2017,11,11,4,30,0.4,0,0,0,2.4000000000000004,0.0000,0.0000
2017,11,11,5,0,0.4,0,0,0,2.1,0.0000,0.0000
2017,11,11,5,30,0.4,0,0,0,2,0.0000,0.0000
2017,11,11,6,0,0.5,0,0,0,1.9000000000000001,0.0000,0.0000
2017,11,11,6,30,0.5,0,0,0,1.9000000000000001,0.0000,0.0000
2017,11,11,7,0,0.6000000000000001,0,0,0,1.9000000000000001,0.0000,0.0000
2017,11,11,7,30,0.9,7,0,7,2.1,0.0000,0.0000
2017,11,11,8,0,1.3,48,299,85,2.3000000000000003,0.0000,0.0000
2017,11,11,8,30,1.6,69,447,160,2.4000000000000004,7.6501,5.8448
2017,11,11,9,0,1.9000000000000001,4,0,4,2.5,0.1975,0.1521
2017,11,11,9,30,2.1,66,1,67,2.3000000000000003,3.4291,2.6553
2017,11,11,10,0,2.3000000000000003,60,0,60,2.1,3.1608,2.4568
2017,11,11,10,30,2.5,48,0,48,1.9000000000000001,2.5830,2.0125
2017,11,11,11,0,2.7,198,3,200,1.7000000000000002,10.9213,8.5220
2017,11,11,11,30,2.9000000000000004,210,3,211,1.5,11.6272,9.0808
2017,11,11,12,0,3.1,141,0,141,1.3,7.8014,6.0952
2017,11,11,12,30,3.2,208,2,209,1.1,11.5572,9.0291
2017,11,11,13,0,3.3000000000000003,146,0,146,1,8.0311,6.2712
2017,11,11,13,30,3.3000000000000003,167,1,167,0.9,9.0920,7.0924
2017,11,11,14,0,3.3000000000000003,173,2,174,0.8,9.3210,7.2586
2017,11,11,14,30,3.2,37,0,37,0.6000000000000001,1.9368,1.5042
2017,11,11,15,0,3,146,22,153,0.5,7.7662,6.0067
2017,11,11,15,30,2.8000000000000003,19,0,19,0.6000000000000001,0.9296,0.7145
2017,11,11,16,0,2.5,17,0,17,0.7000000000000001,0.8104,0.6181
2017,11,11,16,30,2.3000000000000003,42,225,66,0.7000000000000001,0.0000,0.0000
2017,11,11,17,0,2.1,11,34,12,0.8,0.0000,0.0000
2017,11,11,17,30,2.2,0,0,0,0.8,0.0000,0.0000
2017,11,11,18,0,2.3000000000000003,0,0,0,0.8,0.0000,0.0000
2017,11,11,18,30,2.4000000000000004,0,0,0,0.7000000000000001,0.0000,0.0000
2017,11,11,19,0,2.5,0,0,0,0.7000000000000001,0.0000,0.0000
2017,11,11,19,30,2.7,0,0,0,0.6000000000000001,0.0000,0.0000
2017,11,11,20,0,2.9000000000000004,0,0,0,0.4,0.0000,0.0000
2017,11,11,20,30,2.7,0,0,0,0.5,0.0000,0.0000
2017,11,11,21,0,2.6,0,0,0,0.5,0.0000,0.0000
2017,11,11,21,30,2.1,0,0,0,0.7000000000000001,0.0000,0.0000
2017,11,11,22,0,1.6,0,0,0,0.9,0.0000,0.0000
2017,11,11,22,30,1.3,0,0,0,1.1,0.0000,0.0000
2017,11,11,23,0,1,0,0,0,1.3,0.0000,0.0000
2017,11,11,23,30,1.2000000000000002,0,0,0,1.7000000000000002,0.0000,0.0000
2017,11,12,0,0,1.3,0,0,0,2.2,0.0000,0.0000
2017,11,12,0,30,1.3,0,0,0,2.6,0.0000,0.0000
2017,11,12,1,0,1.3,0,0,0,3,0.0000,0.0000
2017,11,12,1,30,1,0,0,0,3.3000000000000003,0.0000,0.0000
2017,11,12,2,0,0.8,0,0,0,3.6,0.0000,0.0000
2017,11,12,2,30,0.7000000000000001,0,0,0,3.7,0.0000,0.0000
2017,11,12,3,0,0.6000000000000001,0,0,0,3.8000000000000003,0.0000,0.0000
2017,11,12,3,30,0.5,0,0,0,3.6,0.0000,0.0000
2017,11,12,4,0,0.4,0,0,0,3.5,0.0000,0.0000
2017,11,12,4,30,0.1,0,0,0,3.1,0.0000,0.0000
2017,11,12,5,0,-0.1,0,0,0,2.7,0.0000,0.0000
2017,11,12,5,30,-0.7000000000000001,0,0,0,2.4000000000000004,0.0000,0.0000
2017,11,12,6,0,-1.2000000000000002,0,0,0,2.1,0.0000,0.0000
2017,11,12,6,30,-1.5,0,0,0,2.1,0.0000,0.0000
2017,11,12,7,0,-1.8,0,0,0,2,0.0000,0.0000
2017,11,12,7,30,-0.9,7,0,7,2.6,0.0000,0.0000
2017,11,12,8,0,0.1,15,0,15,3.1,0.0000,0.0000
2017,11,12,8,30,1,45,646,175,3.2,8.3598,6.3847
2017,11,12,9,0,1.9000000000000001,53,741,255,3.3000000000000003,12.5646,9.6703
2017,11,12,9,30,2.8000000000000003,60,806,332,3.2,16.9551,13.1255
2017,11,12,10,0,3.6,64,849,397,3.2,20.8723,16.2193
2017,11,12,10,30,4.4,67,878,452,3,24.2790,18.9126
2017,11,12,11,0,5.1000000000000005,69,899,493,2.8000000000000003,26.8766,20.9685
2017,11,12,11,30,5.7,71,910,521,2.6,28.6639,22.3831
2017,11,12,12,0,6.300000000000001,71,917,534,2.3000000000000003,29.5000,23.0450
2017,11,12,12,30,6.800000000000001,71,916,533,2.2,29.4295,22.9887
2017,11,12,13,0,7.2,70,908,516,2.1,28.3394,22.1260
2017,11,12,13,30,7.4,69,901,488,2,26.5250,20.6879
2017,11,12,14,0,7.5,66,880,443,2,23.6898,18.4447
2017,11,12,14,30,7.4,62,849,385,1.8,20.1166,15.6202
2017,11,12,15,0,7.300000000000001,59,799,317,1.7000000000000002,16.0583,12.4165
2017,11,12,15,30,6.4,52,733,240,1.3,11.7217,9.0059
2017,11,12,16,0,5.5,42,636,158,0.8,7.5308,5.7423
2017,11,12,16,30,4.4,29,475,78,0.9,0.0000,0.0000
2017,11,12,17,0,3.4000000000000004,11,197,15,1,0.0000,0.0000
2017,11,12,17,30,3.1,0,0,0,1,0.0000,0.0000
2017,11,12,18,0,2.8000000000000003,0,0,0,1,0.0000,0.0000
2017,11,12,18,30,2.5,0,0,0,1.1,0.0000,0.0000
2017,11,12,19,0,2.2,0,0,0,1.1,0.0000,0.0000
2017,11,12,19,30,1.6,0,0,0,1.2000000000000002,0.0000,0.0000
2017,11,12,20,0,1,0,0,0,1.3,0.0000,0.0000
2017,11,12,20,30,0.30000000000000004,0,0,0,1.4000000000000001,0.0000,0.0000
2017,11,12,21,0,-0.4,0,0,0,1.4000000000000001,0.0000,0.0000
2017,11,12,21,30,-0.8,0,0,0,1.4000000000000001,0.0000,0.0000
2017,11,12,22,0,-1.2000000000000002,0,0,0,1.5,0.0000,0.0000
2017,11,12,22,30,-1.3,0,0,0,1.6,0.0000,0.0000
2017,11,12,23,0,-1.5,0,0,0,1.7000000000000002,0.0000,0.0000
2017,11,12,23,30,-1.6,0,0,0,1.8,0.0000,0.0000
2017,11,13,0,0,-1.6,0,0,0,1.8,0.0000,0.0000
2017,11,13,0,30,-1.7000000000000002,0,0,0,1.9000000000000001,0.0000,0.0000
2017,11,13,1,0,-1.8,0,0,0,2,0.0000,0.0000
2017,11,13,1,30,-1.9000000000000001,0,0,0,2,0.0000,0.0000
2017,11,13,2,0,-2,0,0,0,2,0.0000,0.0000
2017,11,13,2,30,-2.1,0,0,0,2,0.0000,0.0000
2017,11,13,3,0,-2.2,0,0,0,2.1,0.0000,0.0000
2017,11,13,3,30,-2.2,0,0,0,2.1,0.0000,0.0000
2017,11,13,4,0,-2.2,0,0,0,2.2,0.0000,0.0000
2017,11,13,4,30,-2.2,0,0,0,2.2,0.0000,0.0000
2017,11,13,5,0,-2.2,0,0,0,2.3000000000000003,0.0000,0.0000
2017,11,13,5,30,-2.2,0,0,0,2.4000000000000004,0.0000,0.0000
2017,11,13,6,0,-2.2,0,0,0,2.5,0.0000,0.0000
2017,11,13,6,30,-2.1,0,0,0,2.6,0.0000,0.0000
2017,11,13,7,0,-2,0,0,0,2.7,0.0000,0.0000
2017,11,13,7,30,-0.9,7,0,7,3.4000000000000004,0.0000,0.0000
2017,11,13,8,0,0.2,48,1,48,4.1000000000000005,0.0000,0.0000
2017,11,13,8,30,1.3,83,12,85,4.1000000000000005,4.0573,3.0975
2017,11,13,9,0,2.4000000000000004,120,25,127,4.2,6.2441,4.8037
2017,11,13,9,30,3.2,85,4,87,4.4,4.4330,3.4306
2017,11,13,10,0,4.1000000000000005,97,2,98,4.5,5.1420,3.9947
2017,11,13,10,30,4.6000000000000005,135,5,137,4.7,7.3453,5.7206
2017,11,13,11,0,5.2,173,13,179,5,9.7415,7.5987
2017,11,13,11,30,5.6000000000000005,193,15,200,5,10.9856,8.5771
2017,11,13,12,0,6,146,3,147,5.1000000000000005,8.1085,6.3334
2017,11,13,12,30,6.300000000000001,233,38,251,5.1000000000000005,13.8379,10.8079
2017,11,13,13,0,6.6000000000000005,237,15,244,5.1000000000000005,13.3805,10.4452
2017,11,13,13,30,6.9,199,48,221,4.9,11.9926,9.3520
2017,11,13,14,0,7.2,187,6,189,4.800000000000001,10.0899,7.8545
2017,11,13,14,30,7.4,118,7,120,4.5,6.2587,4.8586
2017,11,13,15,0,7.6000000000000005,71,2,71,4.2,3.5900,2.7751
2017,11,13,15,30,7.1000000000000005,46,1,46,3.7,2.2430,1.7227
2017,11,13,16,0,6.6000000000000005,42,1,42,3.1,2.0019,1.5261
2017,11,13,16,30,5.6000000000000005,26,0,26,2.9000000000000004,0.0000,0.0000
2017,11,13,17,0,4.6000000000000005,0,0,0,2.7,0.0000,0.0000
2017,11,13,17,30,4.6000000000000005,0,0,0,2.9000000000000004,0.0000,0.0000
2017,11,13,18,0,4.5,0,0,0,3.2,0.0000,0.0000
2017,11,13,18,30,4.6000000000000005,0,0,0,3.5,0.0000,0.0000
2017,11,13,19,0,4.800000000000001,0,0,0,3.8000000000000003,0.0000,0.0000
2017,11,13,19,30,4.800000000000001,0,0,0,3.9000000000000004,0.0000,0.0000
2017,11,13,20,0,4.800000000000001,0,0,0,3.9000000000000004,0.0000,0.0000
2017,11,13,20,30,4.800000000000001,0,0,0,3.9000000000000004,0.0000,0.0000
2017,11,13,21,0,4.7,0,0,0,3.9000000000000004,0.0000,0.0000
2017,11,13,21,30,4.7,0,0,0,3.7,0.0000,0.0000
2017,11,13,22,0,4.6000000000000005,0,0,0,3.6,0.0000,0.0000
2017,11,13,22,30,4.6000000000000005,0,0,0,3.6,0.0000,0.0000
2017,11,13,23,0,4.7,0,0,0,3.6,0.0000,0.0000
2017,11,13,23,30,4.6000000000000005,0,0,0,3.5,0.0000,0.0000
2017,11,14,0,0,4.6000000000000005,0,0,0,3.4000000000000004,0.0000,0.0000
2017,11,14,0,30,4.5,0,0,0,3.3000000000000003,0.0000,0.0000
2017,11,14,1,0,4.4,0,0,0,3.2,0.0000,0.0000
2017,11,14,1,30,4.3,0,0,0,3.1,0.0000,0.0000
2017,11,14,2,0,4.3,0,0,0,3,0.0000,0.0000
2017,11,14,2,30,4.4,0,0,0,2.9000000000000004,0.0000,0.0000
2017,11,14,3,0,4.5,0,0,0,2.8000000000000003,0.0000,0.0000
2017,11,14,3,30,4.6000000000000005,0,0,0,2.8000000000000003,0.0000,0.0000
2017,11,14,4,0,4.7,0,0,0,2.8000000000000003,0.0000,0.0000
2017,11,14,4,30,4.9,0,0,0,2.9000000000000004,0.0000,0.0000
2017,11,14,5,0,5.1000000000000005,0,0,0,3.1,0.0000,0.0000
2017,11,14,5,30,5.300000000000001,0,0,0,3.2,0.0000,0.0000
2017,11,14,6,0,5.6000000000000005,0,0,0,3.3000000000000003,0.0000,0.0000
2017,11,14,6,30,5.800000000000001,0,0,0,3.4000000000000004,0.0000,0.0000
2017,11,14,7,0,6,0,0,0,3.6,0.0000,0.0000
2017,11,14,7,30,6.4,5,0,5,3.8000000000000003,0.0000,0.0000
2017,11,14,8,0,6.800000000000001,14,0,14,4,0.0000,0.0000
2017,11,14,8,30,7.300000000000001,39,0,39,4.2,1.8604,1.4198
2017,11,14,9,0,7.9,65,3,66,4.4,3.2383,2.4903
2017,11,14,9,30,8.6,41,0,41,4.6000000000000005,2.0846,1.6127
2017,11,14,10,0,9.4,9,0,9,4.800000000000001,0.4713,0.3660
2017,11,14,10,30,10.3,52,0,52,5.1000000000000005,2.7828,2.1668
2017,11,14,11,0,11.200000000000001,10,0,10,5.300000000000001,0.5433,0.4237
2017,11,14,11,30,11.9,76,1,77,5.5,4.2228,3.2965
2017,11,14,12,0,12.600000000000001,135,0,135,5.7,7.4353,5.8066
2017,11,14,12,30,13,105,1,106,5.7,5.8349,4.5566
2017,11,14,13,0,13.5,9,0,9,5.7,0.4928,0.3846
2017,11,14,13,30,13.600000000000001,86,1,86,5.4,4.6594,3.6328
2017,11,14,14,0,13.700000000000001,25,0,26,5.1000000000000005,1.3857,1.0785
2017,11,14,14,30,13.5,61,0,61,4.5,3.1756,2.4647
2017,11,14,15,0,13.200000000000001,71,2,72,3.9000000000000004,3.6339,2.8082
2017,11,14,15,30,12.600000000000001,45,1,45,3.4000000000000004,2.1907,1.6820
2017,11,14,16,0,12,45,2,46,2.8000000000000003,2.1929,1.6714
2017,11,14,16,30,11.100000000000001,34,2,34,2.6,0.0000,0.0000
2017,11,14,17,0,10.3,0,0,0,2.3000000000000003,0.0000,0.0000
2017,11,14,17,30,9.9,0,0,0,2.3000000000000003,0.0000,0.0000
2017,11,14,18,0,9.5,0,0,0,2.3000000000000003,0.0000,0.0000
2017,11,14,18,30,9.1,0,0,0,2.3000000000000003,0.0000,0.0000
2017,11,14,19,0,8.8,0,0,0,2.3000000000000003,0.0000,0.0000
2017,11,14,19,30,8.6,0,0,0,2.4000000000000004,0.0000,0.0000
2017,11,14,20,0,8.3,0,0,0,2.5,0.0000,0.0000
2017,11,14,20,30,8.1,0,0,0,2.6,0.0000,0.0000
2017,11,14,21,0,7.9,0,0,0,2.7,0.0000,0.0000
2017,11,14,21,30,7.7,0,0,0,2.9000000000000004,0.0000,0.0000
2017,11,14,22,0,7.5,0,0,0,3.2,0.0000,0.0000
2017,11,14,22,30,7.2,0,0,0,3.7,0.0000,0.0000
2017,11,14,23,0,6.9,0,0,0,4.3,0.0000,0.0000
2017,11,14,23,30,6.300000000000001,0,0,0,4.6000000000000005,0.0000,0.0000
2017,11,15,0,0,5.800000000000001,0,0,0,4.9,0.0000,0.0000
2017,11,15,0,30,5,0,0,0,5.1000000000000005,0.0000,0.0000
2017,11,15,1,0,4.3,0,0,0,5.300000000000001,0.0000,0.0000
2017,11,15,1,30,3.8000000000000003,0,0,0,5.300000000000001,0.0000,0.0000
2017,11,15,2,0,3.3000000000000003,0,0,0,5.300000000000001,0.0000,0.0000
2017,11,15,2,30,3.1,0,0,0,5.300000000000001,0.0000,0.0000
2017,11,15,3,0,2.8000000000000003,0,0,0,5.2,0.0000,0.0000
2017,11,15,3,30,2.7,0,0,0,4.9,0.0000,0.0000
2017,11,15,4,0,2.5,0,0,0,4.7,0.0000,0.0000
2017,11,15,4,30,2.3000000000000003,0,0,0,4.5,0.0000,0.0000
2017,11,15,5,0,2.2,0,0,0,4.4,0.0000,0.0000
2017,11,15,5,30,1.9000000000000001,0,0,0,4.4,0.0000,0.0000
2017,11,15,6,0,1.7000000000000002,0,0,0,4.4,0.0000,0.0000
2017,11,15,6,30,1.5,0,0,0,4.4,0.0000,0.0000
2017,11,15,7,0,1.3,0,0,0,4.4,0.0000,0.0000
2017,11,15,7,30,1.8,13,289,21,4.7,0.0000,0.0000
2017,11,15,8,0,2.2,28,546,89,4.9,0.0000,0.0000
2017,11,15,8,30,3,39,692,169,5.5,8.0582,6.1477
2017,11,15,9,0,3.8000000000000003,46,780,250,6.1000000000000005,12.2411,9.4098
2017,11,15,9,30,4.4,52,839,325,6.4,16.4878,12.7514
2017,11,15,10,0,5,56,880,391,6.7,20.4318,15.8651
2017,11,15,10,30,5.5,59,908,446,6.7,23.8241,18.5470
2017,11,15,11,0,6,61,927,487,6.800000000000001,26.4149,20.5976
2017,11,15,11,30,6.4,62,939,515,6.800000000000001,28.1981,22.0090
2017,11,15,12,0,6.800000000000001,64,942,529,6.800000000000001,29.0902,22.7148
2017,11,15,12,30,6.9,64,942,527,6.800000000000001,28.9663,22.6171
2017,11,15,13,0,7.1000000000000005,62,937,511,6.800000000000001,27.9373,21.8023
2017,11,15,13,30,7,61,932,484,6.7,26.1820,20.4103
2017,11,15,14,0,7,58,913,439,6.6000000000000005,23.3581,18.1762
2017,11,15,14,30,6.6000000000000005,55,883,382,6.300000000000001,19.8532,15.4053
2017,11,15,15,0,6.2,51,838,313,6.1000000000000005,15.7695,12.1830
2017,11,15,15,30,5.300000000000001,45,774,236,5.1000000000000005,11.4720,8.8050
2017,11,15,16,0,4.5,94,91,110,4.2,0.0000,0.0000
2017,11,15,16,30,2.7,45,10,46,3.1,0.0000,0.0000
2017,11,15,17,0,0.9,0,0,0,1.9000000000000001,0.0000,0.0000
2017,11,15,17,30,0.2,0,0,0,1.8,0.0000,0.0000
2017,11,15,18,0,-0.6000000000000001,0,0,0,1.7000000000000002,0.0000,0.0000
2017,11,15,18,30,-1,0,0,0,1.7000000000000002,0.0000,0.0000
2017,11,15,19,0,-1.5,0,0,0,1.6,0.0000,0.0000
2017,11,15,19,30,-1.9000000000000001,0,0,0,1.5,0.0000,0.0000
2017,11,15,20,0,-2.4000000000000004,0,0,0,1.5,0.0000,0.0000
2017,11,15,20,30,-2.8000000000000003,0,0,0,1.4000000000000001,0.0000,0.0000
2017,11,15,21,0,-3.2,0,0,0,1.4000000000000001,0.0000,0.0000
2017,11,15,21,30,-3.5,0,0,0,1.3,0.0000,0.0000
2017,11,15,22,0,-3.9000000000000004,0,0,0,1.2000000000000002,0.0000,0.0000
2017,11,15,22,30,-4.1000000000000005,0,0,0,1.2000000000000002,0.0000,0.0000
2017,11,15,23,0,-4.3,0,0,0,1.1,0.0000,0.0000
2017,11,15,23,30,-4.3,0,0,0,1,0.0000,0.0000
2017,11,16,0,0,-4.3,0,0,0,1,0.0000,0.0000
2017,11,16,0,30,-4.3,0,0,0,0.9,0.0000,0.0000
2017,11,16,1,0,-4.2,0,0,0,0.8,0.0000,0.0000
2017,11,16,1,30,-4.4,0,0,0,0.8,0.0000,0.0000
2017,11,16,2,0,-4.6000000000000005,0,0,0,0.8,0.0000,0.0000
2017,11,16,2,30,-4.7,0,0,0,0.9,0.0000,0.0000
2017,11,16,3,0,-4.800000000000001,0,0,0,0.9,0.0000,0.0000
2017,11,16,3,30,-4.800000000000001,0,0,0,1,0.0000,0.0000
2017,11,16,4,0,-4.800000000000001,0,0,0,1.1,0.0000,0.0000
2017,11,16,4,30,-4.800000000000001,0,0,0,1.3,0.0000,0.0000
2017,11,16,5,0,-4.7,0,0,0,1.4000000000000001,0.0000,0.0000
2017,11,16,5,30,-4.7,0,0,0,1.6,0.0000,0.0000
2017,11,16,6,0,-4.7,0,0,0,1.8,0.0000,0.0000
2017,11,16,6,30,-4.7,0,0,0,2.1,0.0000,0.0000
2017,11,16,7,0,-4.7,0,0,0,2.4000000000000004,0.0000,0.0000
2017,11,16,7,30,-4.1000000000000005,12,214,18,2.8000000000000003,0.0000,0.0000
2017,11,16,8,0,-3.6,30,473,80,3.3000000000000003,0.0000,0.0000
2017,11,16,8,30,-2.5,42,626,158,3.6,7.5315,5.7442
2017,11,16,9,0,-1.3,108,348,197,3.9000000000000004,9.6266,7.3970
2017,11,16,9,30,0,57,788,310,4.3,15.6936,12.1333
2017,11,16,10,0,1.4000000000000001,61,829,373,4.800000000000001,19.4524,15.1008
2017,11,16,10,30,2.6,162,447,350,5,18.6630,14.5262
2017,11,16,11,0,3.8000000000000003,168,464,379,5.300000000000001,20.5227,16.0003
2017,11,16,11,30,4.800000000000001,68,893,495,5.5,27.0609,21.1181
2017,11,16,12,0,5.800000000000001,71,892,508,5.7,27.8933,21.7771
2017,11,16,12,30,6.5,147,585,432,5.9,23.7088,18.5093
2017,11,16,13,0,7.2,70,881,489,6.2,26.6942,20.8290
2017,11,16,13,30,7.6000000000000005,155,528,392,6.300000000000001,21.1736,16.5034
2017,11,16,14,0,8.1,65,847,416,6.5,22.0993,17.1936
2017,11,16,14,30,8.200000000000001,61,811,359,6.300000000000001,18.6262,14.4500
2017,11,16,15,0,8.3,59,750,292,6.2,14.6855,11.3425
2017,11,16,15,30,7.7,52,680,218,5.800000000000001,10.5823,8.1197
2017,11,16,16,0,7.1000000000000005,42,577,140,5.5,0.0000,0.0000
2017,11,16,16,30,6.1000000000000005,28,406,65,5.5,0.0000,0.0000
2017,11,16,17,0,5.1000000000000005,0,0,0,5.5,0.0000,0.0000
2017,11,16,17,30,4.6000000000000005,0,0,0,5.5,0.0000,0.0000
2017,11,16,18,0,4.1000000000000005,0,0,0,5.6000000000000005,0.0000,0.0000
2017,11,16,18,30,3.8000000000000003,0,0,0,5.7,0.0000,0.0000
2017,11,16,19,0,3.5,0,0,0,5.9,0.0000,0.0000
2017,11,16,19,30,3.4000000000000004,0,0,0,6,0.0000,0.0000
2017,11,16,20,0,3.3000000000000003,0,0,0,6.2,0.0000,0.0000
2017,11,16,20,30,3.2,0,0,0,6.300000000000001,0.0000,0.0000
2017,11,16,21,0,3.2,0,0,0,6.300000000000001,0.0000,0.0000
2017,11,16,21,30,3.1,0,0,0,6.2,0.0000,0.0000
2017,11,16,22,0,3,0,0,0,6,0.0000,0.0000
2017,11,16,22,30,3,0,0,0,5.9,0.0000,0.0000
2017,11,16,23,0,3,0,0,0,5.7,0.0000,0.0000
2017,11,16,23,30,3.2,0,0,0,5.800000000000001,0.0000,0.0000
2017,11,17,0,0,3.4000000000000004,0,0,0,6,0.0000,0.0000
2017,11,17,0,30,3.7,0,0,0,6.1000000000000005,0.0000,0.0000
2017,11,17,1,0,3.9000000000000004,0,0,0,6.300000000000001,0.0000,0.0000
2017,11,17,1,30,4,0,0,0,6.1000000000000005,0.0000,0.0000
2017,11,17,2,0,4.1000000000000005,0,0,0,5.9,0.0000,0.0000
2017,11,17,2,30,4.4,0,0,0,5.6000000000000005,0.0000,0.0000
2017,11,17,3,0,4.6000000000000005,0,0,0,5.300000000000001,0.0000,0.0000
2017,11,17,3,30,4.9,0,0,0,5,0.0000,0.0000
2017,11,17,4,0,5.1000000000000005,0,0,0,4.6000000000000005,0.0000,0.0000
2017,11,17,4,30,5.300000000000001,0,0,0,4.4,0.0000,0.0000
2017,11,17,5,0,5.5,0,0,0,4.1000000000000005,0.0000,0.0000
2017,11,17,5,30,5.6000000000000005,0,0,0,3.8000000000000003,0.0000,0.0000
2017,11,17,6,0,5.800000000000001,0,0,0,3.4000000000000004,0.0000,0.0000
2017,11,17,6,30,5.9,0,0,0,3.1,0.0000,0.0000
2017,11,17,7,0,6.1000000000000005,0,0,0,2.7,0.0000,0.0000
2017,11,17,7,30,6.5,5,0,5,2.6,0.0000,0.0000
2017,11,17,8,0,6.9,37,308,69,2.5,0.0000,0.0000
2017,11,17,8,30,7.7,55,471,141,2.7,6.7205,5.1241
2017,11,17,9,0,8.6,66,593,216,2.9000000000000004,10.5342,8.0910
2017,11,17,9,30,9.600000000000001,75,665,287,2.7,14.4971,11.2045
2017,11,17,10,0,10.600000000000001,187,170,250,2.6,13.0116,10.0983
2017,11,17,10,30,11.600000000000001,239,45,258,2.3000000000000003,13.7317,10.6857
2017,11,17,11,0,12.600000000000001,214,295,347,2,18.7583,14.6221
2017,11,17,11,30,13.3,230,260,354,1.9000000000000001,19.3222,15.0765
2017,11,17,12,0,14,274,50,298,1.8,16.3387,12.7543
2017,11,17,12,30,14.3,134,5,137,2,7.5077,5.8604
2017,11,17,13,0,14.600000000000001,199,5,201,2.2,10.9564,8.5478
2017,11,17,13,30,14.600000000000001,243,36,260,2.6,14.0225,10.9279
2017,11,17,14,0,14.600000000000001,180,36,195,3,10.3425,8.0452
2017,11,17,14,30,14.200000000000001,164,38,178,3.2,9.2195,7.1508
2017,11,17,15,0,13.8,131,37,142,3.4000000000000004,7.1296,5.5052
2017,11,17,15,30,12.700000000000001,103,25,110,3.1,5.3324,4.0902
2017,11,17,16,0,11.600000000000001,67,1,68,2.7,0.0000,0.0000
2017,11,17,16,30,10.3,16,0,16,3.2,0.0000,0.0000
2017,11,17,17,0,9,0,0,0,3.7,0.0000,0.0000
2017,11,17,17,30,8.4,0,0,0,4.3,0.0000,0.0000
2017,11,17,18,0,7.800000000000001,0,0,0,4.800000000000001,0.0000,0.0000
2017,11,17,18,30,7.1000000000000005,0,0,0,4.7,0.0000,0.0000
2017,11,17,19,0,6.4,0,0,0,4.6000000000000005,0.0000,0.0000
2017,11,17,19,30,5.9,0,0,0,4.800000000000001,0.0000,0.0000
2017,11,17,20,0,5.300000000000001,0,0,0,4.9,0.0000,0.0000
2017,11,17,20,30,4.6000000000000005,0,0,0,5.1000000000000005,0.0000,0.0000
2017,11,17,21,0,3.9000000000000004,0,0,0,5.300000000000001,0.0000,0.0000
2017,11,17,21,30,3.5,0,0,0,5.1000000000000005,0.0000,0.0000
2017,11,17,22,0,3,0,0,0,4.9,0.0000,0.0000
2017,11,17,22,30,2.9000000000000004,0,0,0,5,0.0000,0.0000
2017,11,17,23,0,2.7,0,0,0,5,0.0000,0.0000
2017,11,17,23,30,2.7,0,0,0,5.2,0.0000,0.0000
2017,11,18,0,0,2.7,0,0,0,5.5,0.0000,0.0000
2017,11,18,0,30,2.6,0,0,0,5.9,0.0000,0.0000
2017,11,18,1,0,2.6,0,0,0,6.300000000000001,0.0000,0.0000
2017,11,18,1,30,2.1,0,0,0,6.5,0.0000,0.0000
2017,11,18,2,0,1.6,0,0,0,6.7,0.0000,0.0000
2017,11,18,2,30,1.4000000000000001,0,0,0,6.4,0.0000,0.0000
2017,11,18,3,0,1.1,0,0,0,6.1000000000000005,0.0000,0.0000
2017,11,18,3,30,1.2000000000000002,0,0,0,5.9,0.0000,0.0000
2017,11,18,4,0,1.2000000000000002,0,0,0,5.7,0.0000,0.0000
2017,11,18,4,30,1.2000000000000002,0,0,0,5.6000000000000005,0.0000,0.0000
2017,11,18,5,0,1.3,0,0,0,5.5,0.0000,0.0000
2017,11,18,5,30,1.1,0,0,0,5.6000000000000005,0.0000,0.0000
2017,11,18,6,0,1,0,0,0,5.6000000000000005,0.0000,0.0000
2017,11,18,6,30,0.9,0,0,0,5.6000000000000005,0.0000,0.0000
2017,11,18,7,0,0.9,0,0,0,5.6000000000000005,0.0000,0.0000
2017,11,18,7,30,1,3,0,3,5.800000000000001,0.0000,0.0000
2017,11,18,8,0,1.2000000000000002,26,1,26,6,0.0000,0.0000
2017,11,18,8,30,1.7000000000000002,68,1,69,6.5,3.2890,2.5071
2017,11,18,9,0,2.3000000000000003,135,124,166,7.1000000000000005,8.0807,6.2041
2017,11,18,9,30,3.1,164,59,182,7.6000000000000005,9.1737,7.0879
2017,11,18,10,0,3.8000000000000003,204,208,281,8.1,14.5954,11.3246
2017,11,18,10,30,4.4,160,470,355,8.3,18.8602,14.6737
2017,11,18,11,0,5.1000000000000005,70,889,469,8.5,25.3119,19.7272
2017,11,18,11,30,5.4,72,909,500,8.6,27.2495,21.2587
2017,11,18,12,0,5.7,73,913,513,8.6,28.0851,21.9206
2017,11,18,12,30,5.7,73,913,512,8.700000000000001,28.0182,21.8674
2017,11,18,13,0,5.7,71,915,500,8.700000000000001,27.2162,21.2301
2017,11,18,13,30,5.5,70,901,469,8.6,25.2559,19.6790
2017,11,18,14,0,5.2,65,885,426,8.6,22.5597,17.5455
2017,11,18,14,30,4.7,61,844,366,8.200000000000001,18.9275,14.6775
2017,11,18,15,0,4.3,56,798,299,7.9,14.9873,11.5693
2017,11,18,15,30,3.6,49,722,221,7.2,10.6999,8.2049
2017,11,18,16,0,3,40,609,141,6.5,0.0000,0.0000
2017,11,18,16,30,2.1,27,434,64,5.6000000000000005,0.0000,0.0000
2017,11,18,17,0,1.2000000000000002,0,0,0,4.7,0.0000,0.0000
2017,11,18,17,30,0.6000000000000001,0,0,0,4.3,0.0000,0.0000
2017,11,18,18,0,0.1,0,0,0,4,0.0000,0.0000
2017,11,18,18,30,-0.6000000000000001,0,0,0,3.4000000000000004,0.0000,0.0000
2017,11,18,19,0,-1.3,0,0,0,2.9000000000000004,0.0000,0.0000
2017,11,18,19,30,-1.7000000000000002,0,0,0,2.6,0.0000,0.0000
2017,11,18,20,0,-2.2,0,0,0,2.4000000000000004,0.0000,0.0000
2017,11,18,20,30,-2.5,0,0,0,2.2,0.0000,0.0000
2017,11,18,21,0,-2.9000000000000004,0,0,0,2.1,0.0000,0.0000
2017,11,18,21,30,-3.1,0,0,0,2,0.0000,0.0000
2017,11,18,22,0,-3.3000000000000003,0,0,0,2,0.0000,0.0000
2017,11,18,22,30,-3.5,0,0,0,2,0.0000,0.0000
2017,11,18,23,0,-3.6,0,0,0,2,0.0000,0.0000
2017,11,18,23,30,-3.6,0,0,0,1.9000000000000001,0.0000,0.0000
2017,11,19,0,0,-3.7,0,0,0,1.9000000000000001,0.0000,0.0000
2017,11,19,0,30,-3.7,0,0,0,1.9000000000000001,0.0000,0.0000
2017,11,19,1,0,-3.8000000000000003,0,0,0,1.8,0.0000,0.0000
2017,11,19,1,30,-3.8000000000000003,0,0,0,1.8,0.0000,0.0000
2017,11,19,2,0,-3.8000000000000003,0,0,0,1.7000000000000002,0.0000,0.0000
2017,11,19,2,30,-3.8000000000000003,0,0,0,1.6,0.0000,0.0000
2017,11,19,3,0,-3.8000000000000003,0,0,0,1.6,0.0000,0.0000
2017,11,19,3,30,-3.8000000000000003,0,0,0,1.5,0.0000,0.0000
2017,11,19,4,0,-3.9000000000000004,0,0,0,1.5,0.0000,0.0000
2017,11,19,4,30,-3.8000000000000003,0,0,0,1.6,0.0000,0.0000
2017,11,19,5,0,-3.8000000000000003,0,0,0,1.6,0.0000,0.0000
2017,11,19,5,30,-3.7,0,0,0,1.8,0.0000,0.0000
2017,11,19,6,0,-3.6,0,0,0,1.9000000000000001,0.0000,0.0000
2017,11,19,6,30,-3.6,0,0,0,2,0.0000,0.0000
2017,11,19,7,0,-3.5,0,0,0,2.1,0.0000,0.0000
2017,11,19,7,30,-2.6,0,0,0,2.7,0.0000,0.0000
2017,11,19,8,0,-1.7000000000000002,26,509,75,3.3000000000000003,0.0000,0.0000
2017,11,19,8,30,-0.6000000000000001,38,668,154,3.3000000000000003,7.3426,5.5958
2017,11,19,9,0,0.4,44,769,234,3.3000000000000003,11.3701,8.7260
2017,11,19,9,30,1.8,50,832,308,3.3000000000000003,15.4931,11.9665
2017,11,19,10,0,3.2,53,877,373,3.3000000000000003,19.3360,14.9990
2017,11,19,10,30,5,56,906,428,3.8000000000000003,22.6987,17.6566
2017,11,19,11,0,6.9,58,926,470,4.3,25.3238,19.7331
2017,11,19,11,30,8,59,931,494,4.7,26.8809,20.9679
2017,11,19,12,0,9.1,59,938,508,5,27.7698,21.6713
2017,11,19,12,30,9.600000000000001,59,938,507,5.2,27.7065,21.6212
2017,11,19,13,0,10.200000000000001,57,933,491,5.300000000000001,26.6881,20.8151
2017,11,19,13,30,10.5,56,920,461,5.2,24.7904,19.3134
2017,11,19,14,0,10.8,54,899,418,5,22.1035,17.1877
2017,11,19,14,30,10.5,51,868,362,4.3,18.6899,14.4901
2017,11,19,15,0,10.3,138,420,264,3.5,13.2120,10.1962
2017,11,19,15,30,8.6,90,483,204,2.7,9.8647,7.5622
2017,11,19,16,0,6.800000000000001,37,639,141,1.9000000000000001,0.0000,0.0000
2017,11,19,16,30,5.300000000000001,39,2,39,1.9000000000000001,0.0000,0.0000
2017,11,19,17,0,3.8000000000000003,0,0,0,2,0.0000,0.0000
2017,11,19,17,30,3.6,0,0,0,2.1,0.0000,0.0000
2017,11,19,18,0,3.5,0,0,0,2.2,0.0000,0.0000
2017,11,19,18,30,3.4000000000000004,0,0,0,2.3000000000000003,0.0000,0.0000
2017,11,19,19,0,3.4000000000000004,0,0,0,2.4000000000000004,0.0000,0.0000
2017,11,19,19,30,3.3000000000000003,0,0,0,2.5,0.0000,0.0000
2017,11,19,20,0,3.3000000000000003,0,0,0,2.6,0.0000,0.0000
2017,11,19,20,30,3.3000000000000003,0,0,0,2.7,0.0000,0.0000
2017,11,19,21,0,3.3000000000000003,0,0,0,2.9000000000000004,0.0000,0.0000
2017,11,19,21,30,3.3000000000000003,0,0,0,3,0.0000,0.0000
2017,11,19,22,0,3.3000000000000003,0,0,0,3.2,0.0000,0.0000
2017,11,19,22,30,3.2,0,0,0,3.3000000000000003,0.0000,0.0000
2017,11,19,23,0,3,0,0,0,3.4000000000000004,0.0000,0.0000
2017,11,19,23,30,2.7,0,0,0,3.4000000000000004,0.0000,0.0000
2017,11,20,0,0,2.4000000000000004,0,0,0,3.5,0.0000,0.0000
2017,11,20,0,30,2.2,0,0,0,3.5,0.0000,0.0000
2017,11,20,1,0,1.9000000000000001,0,0,0,3.6,0.0000,0.0000
2017,11,20,1,30,1.7000000000000002,0,0,0,3.6,0.0000,0.0000
2017,11,20,2,0,1.4000000000000001,0,0,0,3.6,0.0000,0.0000
2017,11,20,2,30,1.1,0,0,0,3.8000000000000003,0.0000,0.0000
2017,11,20,3,0,0.9,0,0,0,3.9000000000000004,0.0000,0.0000
2017,11,20,3,30,0.6000000000000001,0,0,0,4,0.0000,0.0000
2017,11,20,4,0,0.4,0,0,0,4.1000000000000005,0.0000,0.0000
2017,11,20,4,30,-0.1,0,0,0,4,0.0000,0.0000
2017,11,20,5,0,-0.5,0,0,0,3.9000000000000004,0.0000,0.0000
2017,11,20,5,30,-0.9,0,0,0,3.8000000000000003,0.0000,0.0000
2017,11,20,6,0,-1.2000000000000002,0,0,0,3.8000000000000003,0.0000,0.0000
2017,11,20,6,30,-1.5,0,0,0,3.8000000000000003,0.0000,0.0000
2017,11,20,7,0,-1.7000000000000002,0,0,0,3.9000000000000004,0.0000,0.0000
2017,11,20,7,30,-1.3,0,0,0,4.3,0.0000,0.0000
2017,11,20,8,0,-0.9,39,1,39,4.7,0.0000,0.0000
2017,11,20,8,30,0.2,98,49,106,4.7,0.0000,0.0000
2017,11,20,9,0,1.3,144,62,159,4.800000000000001,7.7127,5.9169
2017,11,20,9,30,3,47,844,306,4.7,15.3610,11.8607
2017,11,20,10,0,4.800000000000001,195,197,266,4.6000000000000005,13.7632,10.6735
2017,11,20,10,30,6.800000000000001,195,366,344,4.9,18.2116,14.1633
2017,11,20,11,0,8.8,206,400,383,5.300000000000001,20.6031,16.0518
2017,11,20,11,30,10.3,239,284,370,5.4,20.1033,15.6787
2017,11,20,12,0,11.8,226,348,392,5.5,21.3990,16.6972
2017,11,20,12,30,12.5,210,407,403,5.2,21.9911,17.1586
2017,11,20,13,0,13.100000000000001,234,243,346,5,18.7807,14.6458
2017,11,20,13,30,13.3,227,249,336,4.6000000000000005,18.0430,14.0545
2017,11,20,14,0,13.5,221,121,269,4.1000000000000005,14.2034,11.0427
2017,11,20,14,30,13.4,160,27,169,3.8000000000000003,8.7125,6.7533
2017,11,20,15,0,13.200000000000001,157,141,199,3.4000000000000004,9.9442,7.6725
2017,11,20,15,30,11.9,93,10,95,3.1,4.5887,3.5167
2017,11,20,16,0,10.600000000000001,78,4,79,2.8000000000000003,0.0000,0.0000
2017,11,20,16,30,9.3,35,1,35,2.5,0.0000,0.0000
2017,11,20,17,0,8,0,0,0,2.1,0.0000,0.0000
2017,11,20,17,30,7.7,0,0,0,2.2,0.0000,0.0000
2017,11,20,18,0,7.4,0,0,0,2.3000000000000003,0.0000,0.0000
2017,11,20,18,30,6.5,0,0,0,2.3000000000000003,0.0000,0.0000
2017,11,20,19,0,5.7,0,0,0,2.4000000000000004,0.0000,0.0000
2017,11,20,19,30,4.7,0,0,0,2.3000000000000003,0.0000,0.0000
2017,11,20,20,0,3.8000000000000003,0,0,0,2.2,0.0000,0.0000
2017,11,20,20,30,3.2,0,0,0,2.1,0.0000,0.0000
2017,11,20,21,0,2.6,0,0,0,1.9000000000000001,0.0000,0.0000
2017,11,20,21,30,2.6,0,0,0,2,0.0000,0.0000
2017,11,20,22,0,2.5,0,0,0,2,0.0000,0.0000
2017,11,20,22,30,3,0,0,0,2.5,0.0000,0.0000
2017,11,20,23,0,3.5,0,0,0,3,0.0000,0.0000
2017,11,20,23,30,3.7,0,0,0,3.2,0.0000,0.0000
2017,11,21,0,0,3.9000000000000004,0,0,0,3.5,0.0000,0.0000
2017,11,21,0,30,3.9000000000000004,0,0,0,3.6,0.0000,0.0000
2017,11,21,1,0,4,0,0,0,3.7,0.0000,0.0000
2017,11,21,1,30,4,0,0,0,4.1000000000000005,0.0000,0.0000
2017,11,21,2,0,4.1000000000000005,0,0,0,4.4,0.0000,0.0000
2017,11,21,2,30,3.9000000000000004,0,0,0,5,0.0000,0.0000
2017,11,21,3,0,3.7,0,0,0,5.6000000000000005,0.0000,0.0000
2017,11,21,3,30,3.1,0,0,0,6.1000000000000005,0.0000,0.0000
2017,11,21,4,0,2.4000000000000004,0,0,0,6.6000000000000005,0.0000,0.0000
2017,11,21,4,30,1.8,0,0,0,6.800000000000001,0.0000,0.0000
2017,11,21,5,0,1.2000000000000002,0,0,0,7.1000000000000005,0.0000,0.0000
2017,11,21,5,30,0.8,0,0,0,7.1000000000000005,0.0000,0.0000
2017,11,21,6,0,0.5,0,0,0,7.1000000000000005,0.0000,0.0000
2017,11,21,6,30,0.2,0,0,0,7.1000000000000005,0.0000,0.0000
2017,11,21,7,0,-0.2,0,0,0,7.2,0.0000,0.0000
2017,11,21,7,30,-0.8,0,0,0,7.7,0.0000,0.0000
2017,11,21,8,0,-1.4000000000000001,12,0,12,8.200000000000001,0.0000,0.0000
2017,11,21,8,30,-2.1,94,39,101,8.6,0.0000,0.0000
2017,11,21,9,0,-2.8000000000000003,41,785,228,9,11.0414,8.4672
2017,11,21,9,30,-3,46,858,305,9,15.2795,11.7938
2017,11,21,10,0,-3.2,50,910,376,8.9,19.4161,15.0534
2017,11,21,10,30,-2.9000000000000004,53,939,432,8.700000000000001,22.8295,17.7510
2017,11,21,11,0,-2.6,57,955,475,8.5,25.5108,19.8719
2017,11,21,11,30,-2.2,58,967,504,8.200000000000001,27.3443,21.3229
2017,11,21,12,0,-1.8,64,951,513,8,27.9651,21.8176
2017,11,21,12,30,-1.4000000000000001,64,950,512,7.800000000000001,27.9017,21.7674
2017,11,21,13,0,-1.1,63,945,496,7.6000000000000005,26.8852,20.9629
2017,11,21,13,30,-1,61,932,466,7.4,24.9882,19.4615
2017,11,21,14,0,-0.8,58,913,422,7.300000000000001,22.2504,17.2960
2017,11,21,14,30,-0.9,55,881,365,7,18.7888,14.5610
2017,11,21,15,0,-1,58,802,295,6.7,14.7207,11.3552
2017,11,21,15,30,-1.5,51,730,219,5.9,10.5682,8.0972
2017,11,21,16,0,-2,41,615,138,5.1000000000000005,0.0000,0.0000
2017,11,21,16,30,-3,27,427,61,4,0.0000,0.0000
2017,11,21,17,0,-4.1000000000000005,0,0,0,2.9000000000000004,0.0000,0.0000
2017,11,21,17,30,-4.7,0,0,0,2.5,0.0000,0.0000
2017,11,21,18,0,-5.2,0,0,0,2.2,0.0000,0.0000
2017,11,21,18,30,-5.300000000000001,0,0,0,2.2,0.0000,0.0000
2017,11,21,19,0,-5.5,0,0,0,2.2,0.0000,0.0000
2017,11,21,19,30,-5.6000000000000005,0,0,0,2.2,0.0000,0.0000
2017,11,21,20,0,-5.6000000000000005,0,0,0,2.2,0.0000,0.0000
2017,11,21,20,30,-5.800000000000001,0,0,0,2,0.0000,0.0000
2017,11,21,21,0,-6,0,0,0,1.8,0.0000,0.0000
2017,11,21,21,30,-6.1000000000000005,0,0,0,1.7000000000000002,0.0000,0.0000
2017,11,21,22,0,-6.300000000000001,0,0,0,1.6,0.0000,0.0000
2017,11,21,22,30,-6.4,0,0,0,1.5,0.0000,0.0000
2017,11,21,23,0,-6.4,0,0,0,1.4000000000000001,0.0000,0.0000
2017,11,21,23,30,-6.5,0,0,0,1.2000000000000002,0.0000,0.0000
2017,11,22,0,0,-6.6000000000000005,0,0,0,0.9,0.0000,0.0000
2017,11,22,0,30,-6.7,0,0,0,0.8,0.0000,0.0000
2017,11,22,1,0,-6.7,0,0,0,0.6000000000000001,0.0000,0.0000
2017,11,22,1,30,-6.7,0,0,0,0.7000000000000001,0.0000,0.0000
2017,11,22,2,0,-6.7,0,0,0,0.7000000000000001,0.0000,0.0000
2017,11,22,2,30,-6.6000000000000005,0,0,0,0.9,0.0000,0.0000
2017,11,22,3,0,-6.6000000000000005,0,0,0,1.1,0.0000,0.0000
2017,11,22,3,30,-6.5,0,0,0,1.2000000000000002,0.0000,0.0000
2017,11,22,4,0,-6.4,0,0,0,1.3,0.0000,0.0000
2017,11,22,4,30,-6.300000000000001,0,0,0,1.3,0.0000,0.0000
2017,11,22,5,0,-6.2,0,0,0,1.3,0.0000,0.0000
2017,11,22,5,30,-6.1000000000000005,0,0,0,1.5,0.0000,0.0000
2017,11,22,6,0,-6,0,0,0,1.6,0.0000,0.0000
2017,11,22,6,30,-5.9,0,0,0,2,0.0000,0.0000
2017,11,22,7,0,-5.800000000000001,0,0,0,2.3000000000000003,0.0000,0.0000
2017,11,22,7,30,-5.4,0,0,0,2.9000000000000004,0.0000,0.0000
2017,11,22,8,0,-5,26,445,64,3.4000000000000004,0.0000,0.0000
2017,11,22,8,30,-4.1000000000000005,39,615,139,3.9000000000000004,0.0000,0.0000
2017,11,22,9,0,-3.2,48,711,215,4.3,10.3951,7.9685
2017,11,22,9,30,-2.2,54,776,287,4.6000000000000005,14.3483,11.0713
2017,11,22,10,0,-1.3,171,205,244,4.9,12.5767,9.7484
2017,11,22,10,30,-0.4,179,324,308,5.2,16.2486,12.6314
2017,11,22,11,0,0.5,193,327,335,5.5,17.9636,13.9906
2017,11,22,11,30,1.3,211,299,348,5.7,18.8529,14.6992
2017,11,22,12,0,2.1,236,204,331,5.9,18.0183,14.0553
2017,11,22,12,30,2.8000000000000003,236,203,331,5.9,18.0136,14.0513
2017,11,22,13,0,3.4000000000000004,235,168,312,6,16.8890,13.1669
2017,11,22,13,30,3.5,218,221,314,5.6000000000000005,16.8158,13.0947
2017,11,22,14,0,3.5,151,414,315,5.300000000000001,16.5850,12.8899
2017,11,22,14,30,3.4000000000000004,112,534,299,4.9,15.3697,11.9089
2017,11,22,15,0,3.3000000000000003,51,751,271,4.5,13.5042,10.4144
2017,11,22,15,30,3,45,681,200,4.4,9.6417,7.3854
2017,11,22,16,0,2.7,35,574,125,4.3,0.0000,0.0000
2017,11,22,16,30,2.1,23,397,54,4,0.0000,0.0000
2017,11,22,17,0,1.4000000000000001,0,0,0,3.8000000000000003,0.0000,0.0000
2017,11,22,17,30,1.6,0,0,0,4,0.0000,0.0000
2017,11,22,18,0,1.8,0,0,0,4.3,0.0000,0.0000
2017,11,22,18,30,1.9000000000000001,0,0,0,4.3,0.0000,0.0000
2017,11,22,19,0,2.1,0,0,0,4.2,0.0000,0.0000
2017,11,22,19,30,2,0,0,0,3.9000000000000004,0.0000,0.0000
2017,11,22,20,0,2,0,0,0,3.5,0.0000,0.0000
2017,11,22,20,30,1.8,0,0,0,3.2,0.0000,0.0000
2017,11,22,21,0,1.7000000000000002,0,0,0,2.9000000000000004,0.0000,0.0000
2017,11,22,21,30,1.7000000000000002,0,0,0,2.7,0.0000,0.0000
2017,11,22,22,0,1.6,0,0,0,2.5,0.0000,0.0000
2017,11,22,22,30,1.8,0,0,0,2.5,0.0000,0.0000
2017,11,22,23,0,2,0,0,0,2.5,0.0000,0.0000
2017,11,22,23,30,2.3000000000000003,0,0,0,2.7,0.0000,0.0000
2017,11,23,0,0,2.6,0,0,0,3,0.0000,0.0000
2017,11,23,0,30,2.9000000000000004,0,0,0,3.2,0.0000,0.0000
2017,11,23,1,0,3.2,0,0,0,3.4000000000000004,0.0000,0.0000
2017,11,23,1,30,3.4000000000000004,0,0,0,3.5,0.0000,0.0000
2017,11,23,2,0,3.6,0,0,0,3.6,0.0000,0.0000
2017,11,23,2,30,3.4000000000000004,0,0,0,3.5,0.0000,0.0000
2017,11,23,3,0,3.2,0,0,0,3.5,0.0000,0.0000
2017,11,23,3,30,2.8000000000000003,0,0,0,3.4000000000000004,0.0000,0.0000
2017,11,23,4,0,2.3000000000000003,0,0,0,3.3000000000000003,0.0000,0.0000
2017,11,23,4,30,2,0,0,0,3.1,0.0000,0.0000
2017,11,23,5,0,1.6,0,0,0,3,0.0000,0.0000
2017,11,23,5,30,1.3,0,0,0,2.9000000000000004,0.0000,0.0000
2017,11,23,6,0,0.9,0,0,0,2.9000000000000004,0.0000,0.0000
2017,11,23,6,30,0.7000000000000001,0,0,0,2.8000000000000003,0.0000,0.0000
2017,11,23,7,0,0.4,0,0,0,2.7,0.0000,0.0000
2017,11,23,7,30,0.5,0,0,0,2.7,0.0000,0.0000
2017,11,23,8,0,0.6000000000000001,24,418,59,2.6,0.0000,0.0000
2017,11,23,8,30,1.1,37,588,131,2.4000000000000004,0.0000,0.0000
2017,11,23,9,0,1.6,46,692,206,2.1,9.9444,7.6200
2017,11,23,9,30,2.5,52,757,276,1.9000000000000001,13.7713,10.6227
2017,11,23,10,0,3.4000000000000004,133,412,278,1.7000000000000002,14.3016,11.0825
2017,11,23,10,30,4.9,159,366,304,1.7000000000000002,16.0097,12.4431
2017,11,23,11,0,6.300000000000001,62,857,431,1.8,23.0748,17.9682
2017,11,23,11,30,8,63,870,458,2,24.7755,19.3139
2017,11,23,12,0,9.700000000000001,177,416,370,2.3000000000000003,20.1138,15.6878
2017,11,23,12,30,11.200000000000001,181,405,369,2.6,20.0555,15.6420
2017,11,23,13,0,12.600000000000001,65,862,455,2.9000000000000004,24.5982,19.1745
2017,11,23,13,30,13.5,145,504,361,3,19.3062,15.0318
2017,11,23,14,0,14.4,189,264,292,3.2,15.3532,11.9306
2017,11,23,14,30,14.4,57,792,332,2.8000000000000003,17.0419,13.2020
2017,11,23,15,0,14.5,51,743,268,2.5,13.3373,10.2834
2017,11,23,15,30,13.200000000000001,45,674,198,2.3000000000000003,9.5366,7.3032
2017,11,23,16,0,12,37,557,123,2.2,0.0000,0.0000
2017,11,23,16,30,11.5,27,2,27,2.5,0.0000,0.0000
2017,11,23,17,0,11,0,0,0,2.8000000000000003,0.0000,0.0000
2017,11,23,17,30,11.4,0,0,0,3.2,0.0000,0.0000
2017,11,23,18,0,11.700000000000001,0,0,0,3.5,0.0000,0.0000
2017,11,23,18,30,11.8,0,0,0,3.7,0.0000,0.0000
2017,11,23,19,0,11.8,0,0,0,3.8000000000000003,0.0000,0.0000
2017,11,23,19,30,11.700000000000001,0,0,0,4,0.0000,0.0000
2017,11,23,20,0,11.5,0,0,0,4.1000000000000005,0.0000,0.0000
2017,11,23,20,30,11.3,0,0,0,4.1000000000000005,0.0000,0.0000
2017,11,23,21,0,11,0,0,0,4.2,0.0000,0.0000
2017,11,23,21,30,10.700000000000001,0,0,0,4.1000000000000005,0.0000,0.0000
2017,11,23,22,0,10.4,0,0,0,4.1000000000000005,0.0000,0.0000
2017,11,23,22,30,10,0,0,0,4.1000000000000005,0.0000,0.0000
2017,11,23,23,0,9.600000000000001,0,0,0,4,0.0000,0.0000
2017,11,23,23,30,9.3,0,0,0,3.9000000000000004,0.0000,0.0000
2017,11,24,0,0,8.9,0,0,0,3.9000000000000004,0.0000,0.0000
2017,11,24,0,30,8.700000000000001,0,0,0,3.9000000000000004,0.0000,0.0000
2017,11,24,1,0,8.6,0,0,0,3.9000000000000004,0.0000,0.0000
2017,11,24,1,30,8.4,0,0,0,4,0.0000,0.0000
2017,11,24,2,0,8.200000000000001,0,0,0,4,0.0000,0.0000
2017,11,24,2,30,8.1,0,0,0,4,0.0000,0.0000
2017,11,24,3,0,7.9,0,0,0,4,0.0000,0.0000
2017,11,24,3,30,7.6000000000000005,0,0,0,3.9000000000000004,0.0000,0.0000
2017,11,24,4,0,7.300000000000001,0,0,0,3.8000000000000003,0.0000,0.0000
2017,11,24,4,30,7,0,0,0,3.9000000000000004,0.0000,0.0000
2017,11,24,5,0,6.7,0,0,0,3.9000000000000004,0.0000,0.0000
2017,11,24,5,30,6.6000000000000005,0,0,0,4,0.0000,0.0000
2017,11,24,6,0,6.5,0,0,0,4.2,0.0000,0.0000
2017,11,24,6,30,6.300000000000001,0,0,0,4.2,0.0000,0.0000
2017,11,24,7,0,6.2,0,0,0,4.3,0.0000,0.0000
2017,11,24,7,30,6.5,0,0,0,4.5,0.0000,0.0000
2017,11,24,8,0,6.800000000000001,23,438,57,4.7,0.0000,0.0000
2017,11,24,8,30,8.1,34,615,130,4.800000000000001,0.0000,0.0000
2017,11,24,9,0,9.5,42,718,206,4.9,9.9295,7.6056
2017,11,24,9,30,10.9,47,786,277,4.6000000000000005,13.7942,10.6368
2017,11,24,10,0,12.4,53,825,339,4.4,17.4074,13.4858
2017,11,24,10,30,14,56,857,393,5.2,20.6620,16.0559
2017,11,24,11,0,15.600000000000001,60,874,433,5.9,23.1466,18.0211
2017,11,24,11,30,16.400000000000002,61,884,459,7.2,24.7942,19.3256
2017,11,24,12,0,17.1,52,909,471,8.5,25.5691,19.9398
2017,11,24,12,30,17.3,51,905,469,8.6,25.4571,19.8523
2017,11,24,13,0,17.400000000000002,146,546,392,8.8,21.1649,16.4959
2017,11,24,13,30,17.3,50,885,427,8.5,22.8075,17.7555
2017,11,24,14,0,17.3,46,864,383,8.3,20.1120,15.6262
2017,11,24,14,30,16.8,43,836,331,8,16.9679,13.1423
2017,11,24,15,0,16.400000000000002,40,794,269,7.7,13.3697,10.3060
2017,11,24,15,30,15.3,35,730,199,7.2,9.5764,7.3319
2017,11,24,16,0,14.3,30,626,126,6.7,0.0000,0.0000
2017,11,24,16,30,13,20,451,54,6.5,0.0000,0.0000
2017,11,24,17,0,11.700000000000001,0,0,0,6.2,0.0000,0.0000
2017,11,24,17,30,10.700000000000001,0,0,0,5.6000000000000005,0.0000,0.0000
2017,11,24,18,0,9.600000000000001,0,0,0,5,0.0000,0.0000
2017,11,24,18,30,8.700000000000001,0,0,0,4.4,0.0000,0.0000
2017,11,24,19,0,7.800000000000001,0,0,0,3.7,0.0000,0.0000
2017,11,24,19,30,7.2,0,0,0,3.5,0.0000,0.0000
2017,11,24,20,0,6.6000000000000005,0,0,0,3.3000000000000003,0.0000,0.0000
2017,11,24,20,30,6.1000000000000005,0,0,0,3.2,0.0000,0.0000
2017,11,24,21,0,5.7,0,0,0,3.1,0.0000,0.0000
2017,11,24,21,30,5.2,0,0,0,3,0.0000,0.0000
2017,11,24,22,0,4.800000000000001,0,0,0,2.9000000000000004,0.0000,0.0000
2017,11,24,22,30,4.3,0,0,0,2.8000000000000003,0.0000,0.0000
2017,11,24,23,0,3.9000000000000004,0,0,0,2.6,0.0000,0.0000
2017,11,24,23,30,3.7,0,0,0,2.5,0.0000,0.0000
2017,11,25,0,0,3.6,0,0,0,2.5,0.0000,0.0000
2017,11,25,0,30,3.2,0,0,0,2.3000000000000003,0.0000,0.0000
2017,11,25,1,0,2.9000000000000004,0,0,0,2.1,0.0000,0.0000
2017,11,25,1,30,2.5,0,0,0,2,0.0000,0.0000
2017,11,25,2,0,2.2,0,0,0,1.9000000000000001,0.0000,0.0000
2017,11,25,2,30,2,0,0,0,1.9000000000000001,0.0000,0.0000
2017,11,25,3,0,1.9000000000000001,0,0,0,2,0.0000,0.0000
2017,11,25,3,30,1.7000000000000002,0,0,0,2,0.0000,0.0000
2017,11,25,4,0,1.6,0,0,0,2,0.0000,0.0000
2017,11,25,4,30,1.5,0,0,0,2,0.0000,0.0000
2017,11,25,5,0,1.3,0,0,0,2,0.0000,0.0000
2017,11,25,5,30,1.1,0,0,0,2,0.0000,0.0000
2017,11,25,6,0,0.9,0,0,0,2,0.0000,0.0000
2017,11,25,6,30,0.8,0,0,0,2.1,0.0000,0.0000
2017,11,25,7,0,0.8,0,0,0,2.2,0.0000,0.0000
2017,11,25,7,30,1.6,0,0,0,2.6,0.0000,0.0000
2017,11,25,8,0,2.5,20,0,20,3,0.0000,0.0000
2017,11,25,8,30,3.6,34,618,128,3.3000000000000003,0.0000,0.0000
2017,11,25,9,0,4.6000000000000005,42,723,205,3.5,9.8678,7.5555
2017,11,25,9,30,5.800000000000001,48,792,277,3.2,13.7686,10.6137
2017,11,25,10,0,7,53,832,339,2.9000000000000004,17.3749,13.4572
2017,11,25,10,30,8.6,56,864,392,3.1,20.5746,15.9847
2017,11,25,11,0,10.100000000000001,59,884,434,3.3000000000000003,23.1643,18.0318
2017,11,25,11,30,11,60,898,462,3.4000000000000004,24.9221,19.4225
2017,11,25,12,0,11.9,65,893,475,3.5,25.7538,20.0813
2017,11,25,12,30,12.3,65,892,475,3.4000000000000004,25.7504,20.0783
2017,11,25,13,0,12.8,64,887,460,3.3000000000000003,24.8056,19.3310
2017,11,25,13,30,12.8,62,873,432,3.2,23.0457,17.9384
2017,11,25,14,0,12.8,59,854,390,3.1,20.4547,15.8901
2017,11,25,14,30,12.4,55,821,336,2.6,17.2027,13.3218
2017,11,25,15,0,12.100000000000001,50,774,272,2.1,13.5025,10.4062
2017,11,25,15,30,10.600000000000001,44,702,200,1.6,9.6176,7.3619
2017,11,25,16,0,9.200000000000001,35,595,124,1,0.0000,0.0000
2017,11,25,16,30,8.4,22,414,52,1.1,0.0000,0.0000
2017,11,25,17,0,7.7,0,0,0,1.1,0.0000,0.0000
2017,11,25,17,30,7.5,0,0,0,1.1,0.0000,0.0000
2017,11,25,18,0,7.300000000000001,0,0,0,1.1,0.0000,0.0000
2017,11,25,18,30,7,0,0,0,1.1,0.0000,0.0000
2017,11,25,19,0,6.800000000000001,0,0,0,1.1,0.0000,0.0000
2017,11,25,19,30,6.5,0,0,0,1.1,0.0000,0.0000
2017,11,25,20,0,6.2,0,0,0,1.1,0.0000,0.0000
2017,11,25,20,30,5.800000000000001,0,0,0,1.2000000000000002,0.0000,0.0000
2017,11,25,21,0,5.4,0,0,0,1.2000000000000002,0.0000,0.0000
2017,11,25,21,30,5,0,0,0,1.2000000000000002,0.0000,0.0000
2017,11,25,22,0,4.5,0,0,0,1.3,0.0000,0.0000
2017,11,25,22,30,3.9000000000000004,0,0,0,1.3,0.0000,0.0000
2017,11,25,23,0,3.3000000000000003,0,0,0,1.4000000000000001,0.0000,0.0000
2017,11,25,23,30,2.9000000000000004,0,0,0,1.4000000000000001,0.0000,0.0000
2017,11,26,0,0,2.5,0,0,0,1.4000000000000001,0.0000,0.0000
2017,11,26,0,30,2.3000000000000003,0,0,0,1.5,0.0000,0.0000
2017,11,26,1,0,2,0,0,0,1.5,0.0000,0.0000
2017,11,26,1,30,1.9000000000000001,0,0,0,1.6,0.0000,0.0000
2017,11,26,2,0,1.7000000000000002,0,0,0,1.6,0.0000,0.0000
2017,11,26,2,30,1.6,0,0,0,1.7000000000000002,0.0000,0.0000
2017,11,26,3,0,1.5,0,0,0,1.8,0.0000,0.0000
2017,11,26,3,30,1.3,0,0,0,1.9000000000000001,0.0000,0.0000
2017,11,26,4,0,1.2000000000000002,0,0,0,1.9000000000000001,0.0000,0.0000
2017,11,26,4,30,1.3,0,0,0,2,0.0000,0.0000
2017,11,26,5,0,1.4000000000000001,0,0,0,2,0.0000,0.0000
2017,11,26,5,30,1.5,0,0,0,1.9000000000000001,0.0000,0.0000
2017,11,26,6,0,1.7000000000000002,0,0,0,1.8,0.0000,0.0000
2017,11,26,6,30,1.6,0,0,0,1.7000000000000002,0.0000,0.0000
2017,11,26,7,0,1.6,0,0,0,1.5,0.0000,0.0000
2017,11,26,7,30,2.1,0,0,0,1.6,0.0000,0.0000
2017,11,26,8,0,2.7,22,0,22,1.7000000000000002,0.0000,0.0000
2017,11,26,8,30,3.6,61,1,61,2.1,0.0000,0.0000
2017,11,26,9,0,4.5,78,7,80,2.4000000000000004,3.8460,2.9438
2017,11,26,9,30,5.2,142,10,145,2.3000000000000003,7.1940,5.5438
2017,11,26,10,0,6,194,37,206,2.2,10.5393,8.1608
2017,11,26,10,30,6.9,211,222,296,2,15.5107,12.0481
2017,11,26,11,0,7.9,163,2,164,1.7000000000000002,8.7404,6.8026
2017,11,26,11,30,9.200000000000001,231,26,243,1.6,13.0902,10.2001
2017,11,26,12,0,10.600000000000001,163,14,169,1.6,9.1513,7.1347
2017,11,26,12,30,12.100000000000001,163,14,169,1.7000000000000002,9.1507,7.1342
2017,11,26,13,0,13.600000000000001,226,167,300,1.8,16.1585,12.5908
2017,11,26,13,30,14,220,156,285,1.6,15.1857,11.8187
2017,11,26,14,0,14.5,182,58,204,1.5,10.6863,8.3004
2017,11,26,14,30,14.3,44,848,332,1.1,16.9781,13.1457
2017,11,26,15,0,14.100000000000001,41,801,269,0.7000000000000001,13.3387,10.2780
2017,11,26,15,30,13.5,36,732,198,0.6000000000000001,9.5147,7.2817
2017,11,26,16,0,12.9,30,618,122,0.6000000000000001,0.0000,0.0000
2017,11,26,16,30,12.200000000000001,20,440,51,0.7000000000000001,0.0000,0.0000
2017,11,26,17,0,11.5,0,0,0,0.8,0.0000,0.0000
2017,11,26,17,30,10.9,0,0,0,1,0.0000,0.0000
2017,11,26,18,0,10.200000000000001,0,0,0,1.2000000000000002,0.0000,0.0000
2017,11,26,18,30,9.200000000000001,0,0,0,1.4000000000000001,0.0000,0.0000
2017,11,26,19,0,8.200000000000001,0,0,0,1.5,0.0000,0.0000
2017,11,26,19,30,7.300000000000001,0,0,0,1.6,0.0000,0.0000
2017,11,26,20,0,6.5,0,0,0,1.6,0.0000,0.0000
2017,11,26,20,30,6.1000000000000005,0,0,0,1.7000000000000002,0.0000,0.0000
2017,11,26,21,0,5.800000000000001,0,0,0,1.7000000000000002,0.0000,0.0000
2017,11,26,21,30,5.6000000000000005,0,0,0,1.8,0.0000,0.0000
2017,11,26,22,0,5.5,0,0,0,1.9000000000000001,0.0000,0.0000
2017,11,26,22,30,5.4,0,0,0,1.9000000000000001,0.0000,0.0000
2017,11,26,23,0,5.2,0,0,0,2,0.0000,0.0000
2017,11,26,23,30,5.1000000000000005,0,0,0,2,0.0000,0.0000
2017,11,27,0,0,4.9,0,0,0,2,0.0000,0.0000
2017,11,27,0,30,4.800000000000001,0,0,0,2.1,0.0000,0.0000
2017,11,27,1,0,4.6000000000000005,0,0,0,2.1,0.0000,0.0000
2017,11,27,1,30,4.5,0,0,0,2.1,0.0000,0.0000
2017,11,27,2,0,4.3,0,0,0,2.1,0.0000,0.0000
2017,11,27,2,30,4.2,0,0,0,2.1,0.0000,0.0000
2017,11,27,3,0,4.1000000000000005,0,0,0,2.1,0.0000,0.0000
2017,11,27,3,30,4.1000000000000005,0,0,0,2.1,0.0000,0.0000
2017,11,27,4,0,4,0,0,0,2.1,0.0000,0.0000
2017,11,27,4,30,4.1000000000000005,0,0,0,2.2,0.0000,0.0000
2017,11,27,5,0,4.2,0,0,0,2.3000000000000003,0.0000,0.0000
2017,11,27,5,30,4.4,0,0,0,2.6,0.0000,0.0000
2017,11,27,6,0,4.7,0,0,0,2.8000000000000003,0.0000,0.0000
2017,11,27,6,30,4.7,0,0,0,3.1,0.0000,0.0000
2017,11,27,7,0,4.7,0,0,0,3.3000000000000003,0.0000,0.0000
2017,11,27,7,30,4.9,0,0,0,3.7,0.0000,0.0000
2017,11,27,8,0,5,21,1,21,4.1000000000000005,0.0000,0.0000
2017,11,27,8,30,5.6000000000000005,54,5,54,4.3,0.0000,0.0000
2017,11,27,9,0,6.1000000000000005,104,27,110,4.5,5.2821,4.0415
2017,11,27,9,30,7.2,133,43,145,4.6000000000000005,7.1814,5.5323
2017,11,27,10,0,8.200000000000001,94,4,96,4.6000000000000005,4.9027,3.7953
2017,11,27,10,30,9.8,201,150,258,4.800000000000001,13.4974,10.4821
2017,11,27,11,0,11.3,216,230,312,5,16.6045,12.9212
2017,11,27,11,30,12.9,223,259,337,5.5,18.1299,14.1250
2017,11,27,12,0,14.5,216,326,364,6.1000000000000005,19.6853,15.3453
2017,11,27,12,30,15.5,216,326,364,6.2,19.6853,15.3453
2017,11,27,13,0,16.5,217,254,330,6.4,17.7533,13.8316
2017,11,27,13,30,16.900000000000002,246,163,314,6.300000000000001,16.7122,13.0051
2017,11,27,14,0,17.400000000000002,55,865,387,6.2,20.2477,15.7246
2017,11,27,14,30,17.2,52,832,334,6,17.0604,13.2072
2017,11,27,15,0,16.900000000000002,49,781,269,5.7,13.3239,10.2645
2017,11,27,15,30,16.1,43,705,197,5.5,9.4603,7.2386
2017,11,27,16,0,15.3,34,593,121,5.300000000000001,0.0000,0.0000
2017,11,27,16,30,14.3,21,405,50,5.1000000000000005,0.0000,0.0000
2017,11,27,17,0,13.200000000000001,0,0,0,4.800000000000001,0.0000,0.0000
2017,11,27,17,30,12.9,0,0,0,4.800000000000001,0.0000,0.0000
2017,11,27,18,0,12.5,0,0,0,4.800000000000001,0.0000,0.0000
2017,11,27,18,30,12.3,0,0,0,5,0.0000,0.0000
2017,11,27,19,0,12.200000000000001,0,0,0,5.2,0.0000,0.0000
2017,11,27,19,30,11.8,0,0,0,4.9,0.0000,0.0000
2017,11,27,20,0,11.5,0,0,0,4.6000000000000005,0.0000,0.0000
2017,11,27,20,30,10.600000000000001,0,0,0,3.8000000000000003,0.0000,0.0000
2017,11,27,21,0,9.700000000000001,0,0,0,3,0.0000,0.0000
2017,11,27,21,30,9,0,0,0,2.6,0.0000,0.0000
2017,11,27,22,0,8.3,0,0,0,2.1,0.0000,0.0000
2017,11,27,22,30,7.9,0,0,0,2.3000000000000003,0.0000,0.0000
2017,11,27,23,0,7.5,0,0,0,2.5,0.0000,0.0000
2017,11,27,23,30,7.2,0,0,0,2.8000000000000003,0.0000,0.0000
2017,11,28,0,0,6.9,0,0,0,3.1,0.0000,0.0000
2017,11,28,0,30,6.7,0,0,0,3.8000000000000003,0.0000,0.0000
2017,11,28,1,0,6.6000000000000005,0,0,0,4.5,0.0000,0.0000
2017,11,28,1,30,6.2,0,0,0,4.800000000000001,0.0000,0.0000
2017,11,28,2,0,5.9,0,0,0,5.2,0.0000,0.0000
2017,11,28,2,30,5.6000000000000005,0,0,0,5.2,0.0000,0.0000
2017,11,28,3,0,5.300000000000001,0,0,0,5.300000000000001,0.0000,0.0000
2017,11,28,3,30,5.2,0,0,0,5.300000000000001,0.0000,0.0000
2017,11,28,4,0,5,0,0,0,5.300000000000001,0.0000,0.0000
2017,11,28,4,30,4.9,0,0,0,5.2,0.0000,0.0000
2017,11,28,5,0,4.800000000000001,0,0,0,5.1000000000000005,0.0000,0.0000
2017,11,28,5,30,4.7,0,0,0,5,0.0000,0.0000
2017,11,28,6,0,4.7,0,0,0,5,0.0000,0.0000
2017,11,28,6,30,4.6000000000000005,0,0,0,5,0.0000,0.0000
2017,11,28,7,0,4.6000000000000005,0,0,0,5,0.0000,0.0000
2017,11,28,7,30,4.800000000000001,0,0,0,5.1000000000000005,0.0000,0.0000
2017,11,28,8,0,5,15,0,15,5.2,0.0000,0.0000
2017,11,28,8,30,5.5,49,4,49,5.300000000000001,0.0000,0.0000
2017,11,28,9,0,6,82,8,84,5.4,4.0291,3.0817
2017,11,28,9,30,6.6000000000000005,104,12,108,5.6000000000000005,5.3395,4.1121
2017,11,28,10,0,7.300000000000001,14,639,228,5.800000000000001,11.6239,8.9962
2017,11,28,10,30,7.9,272,0,272,6,14.2075,11.0314
2017,11,28,11,0,8.6,212,262,321,6.2,17.0590,13.2728
2017,11,28,11,30,9.3,221,286,347,6.300000000000001,18.6442,14.5238
2017,11,28,12,0,10,164,484,382,6.4,20.6334,16.0824
2017,11,28,12,30,10.4,166,508,395,6.300000000000001,21.3371,16.6310
2017,11,28,13,0,10.8,158,548,398,6.2,21.3890,16.6623
2017,11,28,13,30,10.9,157,506,367,6,19.5110,15.1812
2017,11,28,14,0,11,55,890,394,5.7,20.5919,15.9898
2017,11,28,14,30,10.600000000000001,52,857,340,5.1000000000000005,17.3480,13.4279
2017,11,28,15,0,10.3,47,820,278,4.5,13.7570,10.5964
2017,11,28,15,30,8.700000000000001,41,749,204,3.4000000000000004,9.7911,7.4905
2017,11,28,16,0,7.1000000000000005,32,644,126,2.4000000000000004,0.0000,0.0000
2017,11,28,16,30,5.5,21,457,52,2.2,0.0000,0.0000
2017,11,28,17,0,3.9000000000000004,0,0,0,2,0.0000,0.0000
2017,11,28,17,30,3.4000000000000004,0,0,0,1.9000000000000001,0.0000,0.0000
2017,11,28,18,0,2.9000000000000004,0,0,0,1.9000000000000001,0.0000,0.0000
2017,11,28,18,30,2.5,0,0,0,1.8,0.0000,0.0000
2017,11,28,19,0,2.1,0,0,0,1.7000000000000002,0.0000,0.0000
2017,11,28,19,30,1.7000000000000002,0,0,0,1.6,0.0000,0.0000
2017,11,28,20,0,1.4000000000000001,0,0,0,1.5,0.0000,0.0000
2017,11,28,20,30,1.3,0,0,0,1.4000000000000001,0.0000,0.0000
2017,11,28,21,0,1.1,0,0,0,1.4000000000000001,0.0000,0.0000
2017,11,28,21,30,1,0,0,0,1.4000000000000001,0.0000,0.0000
2017,11,28,22,0,0.8,0,0,0,1.4000000000000001,0.0000,0.0000
2017,11,28,22,30,0.6000000000000001,0,0,0,1.4000000000000001,0.0000,0.0000
2017,11,28,23,0,0.30000000000000004,0,0,0,1.4000000000000001,0.0000,0.0000
2017,11,28,23,30,0,0,0,0,1.4000000000000001,0.0000,0.0000
2017,11,29,0,0,-0.30000000000000004,0,0,0,1.4000000000000001,0.0000,0.0000
2017,11,29,0,30,-0.6000000000000001,0,0,0,1.4000000000000001,0.0000,0.0000
2017,11,29,1,0,-1,0,0,0,1.4000000000000001,0.0000,0.0000
2017,11,29,1,30,-1.4000000000000001,0,0,0,1.4000000000000001,0.0000,0.0000
2017,11,29,2,0,-1.8,0,0,0,1.4000000000000001,0.0000,0.0000
2017,11,29,2,30,-2.2,0,0,0,1.4000000000000001,0.0000,0.0000
2017,11,29,3,0,-2.6,0,0,0,1.4000000000000001,0.0000,0.0000
2017,11,29,3,30,-2.9000000000000004,0,0,0,1.4000000000000001,0.0000,0.0000
2017,11,29,4,0,-3.2,0,0,0,1.4000000000000001,0.0000,0.0000
2017,11,29,4,30,-3.4000000000000004,0,0,0,1.4000000000000001,0.0000,0.0000
2017,11,29,5,0,-3.6,0,0,0,1.4000000000000001,0.0000,0.0000
2017,11,29,5,30,-3.6,0,0,0,1.5,0.0000,0.0000
2017,11,29,6,0,-3.7,0,0,0,1.6,0.0000,0.0000
2017,11,29,6,30,-3.7,0,0,0,1.9000000000000001,0.0000,0.0000
2017,11,29,7,0,-3.6,0,0,0,2.2,0.0000,0.0000
2017,11,29,7,30,-2.7,0,0,0,2.8000000000000003,0.0000,0.0000
2017,11,29,8,0,-1.7000000000000002,25,0,25,3.5,0.0000,0.0000
2017,11,29,8,30,-0.7000000000000001,32,661,125,3.8000000000000003,0.0000,0.0000
2017,11,29,9,0,0.4,40,771,204,4.2,9.7751,7.4743
2017,11,29,9,30,1.6,46,842,279,4.2,13.7697,10.6011
2017,11,29,10,0,2.8000000000000003,51,888,346,4.1000000000000005,17.6110,13.6266
2017,11,29,10,30,4.4,54,908,397,4.800000000000001,20.7057,16.0740
2017,11,29,11,0,5.9,174,419,347,5.6000000000000005,18.4156,14.3260
2017,11,29,11,30,6.800000000000001,211,220,307,5.9,16.4740,12.8314
2017,11,29,12,0,7.7,218,295,350,6.2,18.8830,14.7162
2017,11,29,12,30,8.1,223,280,348,6.1000000000000005,18.7776,14.6344
2017,11,29,13,0,8.6,189,411,369,6.1000000000000005,19.8094,15.4300
2017,11,29,13,30,8.9,161,444,344,6,18.2689,14.2130
2017,11,29,14,0,9.1,182,336,309,5.9,16.1335,12.5262
2017,11,29,14,30,8.9,178,146,227,5.300000000000001,11.5708,8.9549
2017,11,29,15,0,8.700000000000001,142,183,193,4.7,9.5419,7.3485
2017,11,29,15,30,7.5,108,32,115,3.9000000000000004,5.5166,4.2197
2017,11,29,16,0,6.2,73,28,77,3.1,0.0000,0.0000
2017,11,29,16,30,5.1000000000000005,29,3,29,3,0.0000,0.0000
2017,11,29,17,0,4,0,0,0,2.9000000000000004,0.0000,0.0000
2017,11,29,17,30,3.8000000000000003,0,0,0,2.9000000000000004,0.0000,0.0000
2017,11,29,18,0,3.7,0,0,0,2.9000000000000004,0.0000,0.0000
2017,11,29,18,30,3.7,0,0,0,2.8000000000000003,0.0000,0.0000
2017,11,29,19,0,3.6,0,0,0,2.7,0.0000,0.0000
2017,11,29,19,30,3.6,0,0,0,2.7,0.0000,0.0000
2017,11,29,20,0,3.5,0,0,0,2.7,0.0000,0.0000
2017,11,29,20,30,4,0,0,0,3.3000000000000003,0.0000,0.0000
2017,11,29,21,0,4.4,0,0,0,3.9000000000000004,0.0000,0.0000
2017,11,29,21,30,4.7,0,0,0,4.6000000000000005,0.0000,0.0000
2017,11,29,22,0,5,0,0,0,5.300000000000001,0.0000,0.0000
2017,11,29,22,30,4.800000000000001,0,0,0,5.6000000000000005,0.0000,0.0000
2017,11,29,23,0,4.6000000000000005,0,0,0,5.800000000000001,0.0000,0.0000
2017,11,29,23,30,4,0,0,0,5.4,0.0000,0.0000
2017,11,30,0,0,3.5,0,0,0,5,0.0000,0.0000
2017,11,30,0,30,2.7,0,0,0,4.3,0.0000,0.0000
2017,11,30,1,0,1.9000000000000001,0,0,0,3.6,0.0000,0.0000
2017,11,30,1,30,1.3,0,0,0,3.3000000000000003,0.0000,0.0000
2017,11,30,2,0,0.6000000000000001,0,0,0,2.9000000000000004,0.0000,0.0000
2017,11,30,2,30,0.4,0,0,0,3,0.0000,0.0000
2017,11,30,3,0,0.30000000000000004,0,0,0,3,0.0000,0.0000
2017,11,30,3,30,0.30000000000000004,0,0,0,3.2,0.0000,0.0000
2017,11,30,4,0,0.4,0,0,0,3.3000000000000003,0.0000,0.0000
2017,11,30,4,30,0.4,0,0,0,3.3000000000000003,0.0000,0.0000
2017,11,30,5,0,0.4,0,0,0,3.4000000000000004,0.0000,0.0000
2017,11,30,5,30,0.30000000000000004,0,0,0,3.3000000000000003,0.0000,0.0000
2017,11,30,6,0,0.2,0,0,0,3.3000000000000003,0.0000,0.0000
2017,11,30,6,30,0,0,0,0,3,0.0000,0.0000
2017,11,30,7,0,-0.2,0,0,0,2.8000000000000003,0.0000,0.0000
2017,11,30,7,30,0.2,0,0,0,2.9000000000000004,0.0000,0.0000
2017,11,30,8,0,0.6000000000000001,26,3,27,3.1,0.0000,0.0000
2017,11,30,8,30,1.7000000000000002,70,24,74,3.4000000000000004,0.0000,0.0000
2017,11,30,9,0,2.8000000000000003,77,459,173,3.8000000000000003,8.2820,6.3306
2017,11,30,9,30,4,94,626,265,3.6,13.0573,10.0495
2017,11,30,10,0,5.2,47,869,332,3.5,16.8707,13.0507
2017,11,30,10,30,6.800000000000001,49,902,387,3.5,20.1538,15.6426
2017,11,30,11,0,8.5,51,924,430,3.6,22.7890,17.7254
2017,11,30,11,30,9.5,53,938,459,3.7,24.5987,19.1570
2017,11,30,12,0,10.4,62,929,476,3.8000000000000003,25.6525,19.9896
2017,11,30,12,30,10.8,62,929,476,3.8000000000000003,25.6560,19.9927
2017,11,30,13,0,11.200000000000001,62,921,462,3.8000000000000003,24.7755,19.2960
2017,11,30,13,30,11.3,60,907,434,3.7,23.0257,17.9117
2017,11,30,14,0,11.3,58,885,392,3.5,20.4467,15.8730
2017,11,30,14,30,10.8,55,852,338,2.7,17.2116,13.3185
2017,11,30,15,0,10.3,52,792,272,2,13.4353,10.3452
2017,11,30,15,30,8.5,45,717,199,1.6,9.5418,7.2975
2017,11,30,16,0,6.7,35,604,122,1.2000000000000002,0.0000,0.0000
2017,11,30,16,30,5.5,22,397,48,1.4000000000000001,0.0000,0.0000
2017,11,30,17,0,4.2,0,0,0,1.5,0.0000,0.0000
2017,11,30,17,30,3.7,0,0,0,1.5,0.0000,0.0000
2017,11,30,18,0,3.2,0,0,0,1.6,0.0000,0.0000
2017,11,30,18,30,2.8000000000000003,0,0,0,1.6,0.0000,0.0000
2017,11,30,19,0,2.4000000000000004,0,0,0,1.6,0.0000,0.0000
2017,11,30,19,30,2.1,0,0,0,1.7000000000000002,0.0000,0.0000
2017,11,30,20,0,1.8,0,0,0,1.8,0.0000,0.0000
2017,11,30,20,30,1.6,0,0,0,1.8,0.0000,0.0000
2017,11,30,21,0,1.4000000000000001,0,0,0,1.9000000000000001,0.0000,0.0000
2017,11,30,21,30,1.2000000000000002,0,0,0,2.1,0.0000,0.0000
2017,11,30,22,0,1,0,0,0,2.2,0.0000,0.0000
2017,11,30,22,30,0.9,0,0,0,2.3000000000000003,0.0000,0.0000
2017,11,30,23,0,0.8,0,0,0,2.5,0.0000,0.0000
2017,11,30,23,30,0.7000000000000001,0,0,0,2.6,0.0000,0.0000
2017,12,1,0,0,0.6000000000000001,0,0,0,2.8000000000000003,0.0000,0.0000
2017,12,1,0,30,0.4,0,0,0,2.9000000000000004,0.0000,0.0000
2017,12,1,1,0,0.30000000000000004,0,0,0,3,0.0000,0.0000
2017,12,1,1,30,0.1,0,0,0,3,0.0000,0.0000
2017,12,1,2,0,-0.1,0,0,0,3,0.0000,0.0000
2017,12,1,2,30,-0.30000000000000004,0,0,0,3.1,0.0000,0.0000
2017,12,1,3,0,-0.5,0,0,0,3.1,0.0000,0.0000
2017,12,1,3,30,-0.6000000000000001,0,0,0,3.2,0.0000,0.0000
2017,12,1,4,0,-0.7000000000000001,0,0,0,3.2,0.0000,0.0000
2017,12,1,4,30,-0.7000000000000001,0,0,0,3.3000000000000003,0.0000,0.0000
2017,12,1,5,0,-0.7000000000000001,0,0,0,3.4000000000000004,0.0000,0.0000
2017,12,1,5,30,-0.9,0,0,0,3.4000000000000004,0.0000,0.0000
2017,12,1,6,0,-1.1,0,0,0,3.3000000000000003,0.0000,0.0000
2017,12,1,6,30,-1.3,0,0,0,3.3000000000000003,0.0000,0.0000
2017,12,1,7,0,-1.5,0,0,0,3.3000000000000003,0.0000,0.0000
2017,12,1,7,30,-1,0,0,0,3.6,0.0000,0.0000
2017,12,1,8,0,-0.5,19,354,40,3.9000000000000004,0.0000,0.0000
2017,12,1,8,30,0.5,33,557,108,4,0.0000,0.0000
2017,12,1,9,0,1.5,44,673,183,4.1000000000000005,8.7532,6.6887
2017,12,1,9,30,2.9000000000000004,51,751,254,3.9000000000000004,12.4949,9.6137
2017,12,1,10,0,4.3,57,800,318,3.7,16.1327,12.4767
2017,12,1,10,30,6,61,836,372,4.4,19.3433,15.0106
2017,12,1,11,0,7.800000000000001,65,852,411,5,21.7536,16.9175
2017,12,1,11,30,9,67,867,440,5.4,23.5533,18.3405
2017,12,1,12,0,10.200000000000001,65,882,456,5.7,24.5473,19.1261
2017,12,1,12,30,10.8,65,883,457,5.5,24.6080,19.1740
2017,12,1,13,0,11.5,65,875,443,5.300000000000001,23.7327,18.4818
2017,12,1,13,30,11.700000000000001,63,861,415,4.9,21.9958,17.1086
2017,12,1,14,0,11.9,60,833,373,4.5,19.4361,15.0866
2017,12,1,14,30,11.5,57,799,321,3.6,16.3311,12.6354
2017,12,1,15,0,11.100000000000001,51,748,258,2.6,12.7333,9.8031
2017,12,1,15,30,9.4,45,673,188,2,9.0104,6.8901
2017,12,1,16,0,7.7,35,554,114,1.4000000000000001,0.0000,0.0000
2017,12,1,16,30,6.800000000000001,26,0,26,1.4000000000000001,0.0000,0.0000
2017,12,1,17,0,5.9,0,0,0,1.3,0.0000,0.0000
2017,12,1,17,30,6,0,0,0,1.3,0.0000,0.0000
2017,12,1,18,0,6.1000000000000005,0,0,0,1.2000000000000002,0.0000,0.0000
2017,12,1,18,30,6.1000000000000005,0,0,0,1.1,0.0000,0.0000
2017,12,1,19,0,6.1000000000000005,0,0,0,1,0.0000,0.0000
2017,12,1,19,30,5.800000000000001,0,0,0,1.1,0.0000,0.0000
2017,12,1,20,0,5.6000000000000005,0,0,0,1.1,0.0000,0.0000
2017,12,1,20,30,4.7,0,0,0,1.3,0.0000,0.0000
2017,12,1,21,0,3.8000000000000003,0,0,0,1.4000000000000001,0.0000,0.0000
2017,12,1,21,30,3,0,0,0,1.5,0.0000,0.0000
2017,12,1,22,0,2.2,0,0,0,1.7000000000000002,0.0000,0.0000
2017,12,1,22,30,1.7000000000000002,0,0,0,1.8,0.0000,0.0000
2017,12,1,23,0,1.3,0,0,0,1.9000000000000001,0.0000,0.0000
2017,12,1,23,30,0.9,0,0,0,2,0.0000,0.0000
2017,12,2,0,0,0.6000000000000001,0,0,0,2.1,0.0000,0.0000
2017,12,2,0,30,0.4,0,0,0,2.4000000000000004,0.0000,0.0000
2017,12,2,1,0,0.30000000000000004,0,0,0,2.7,0.0000,0.0000
2017,12,2,1,30,0,0,0,0,2.5,0.0000,0.0000
2017,12,2,2,0,-0.30000000000000004,0,0,0,2.4000000000000004,0.0000,0.0000
2017,12,2,2,30,-0.6000000000000001,0,0,0,2.1,0.0000,0.0000
2017,12,2,3,0,-1,0,0,0,1.9000000000000001,0.0000,0.0000
2017,12,2,3,30,-1.3,0,0,0,1.8,0.0000,0.0000
2017,12,2,4,0,-1.6,0,0,0,1.7000000000000002,0.0000,0.0000
2017,12,2,4,30,-1.7000000000000002,0,0,0,1.6,0.0000,0.0000
2017,12,2,5,0,-1.9000000000000001,0,0,0,1.5,0.0000,0.0000
2017,12,2,5,30,-1.8,0,0,0,1.6,0.0000,0.0000
2017,12,2,6,0,-1.7000000000000002,0,0,0,1.6,0.0000,0.0000
2017,12,2,6,30,-1.7000000000000002,0,0,0,1.5,0.0000,0.0000
2017,12,2,7,0,-1.6,0,0,0,1.5,0.0000,0.0000
2017,12,2,7,30,-1,0,0,0,1.5,0.0000,0.0000
2017,12,2,8,0,-0.4,23,2,24,1.5,0.0000,0.0000
2017,12,2,8,30,0.9,69,28,72,1.9000000000000001,0.0000,0.0000
2017,12,2,9,0,2.1,110,51,121,2.2,5.7834,4.4181
2017,12,2,9,30,3.2,47,783,257,2.1,12.6231,9.7095
2017,12,2,10,0,4.3,52,837,322,2,16.3101,12.6110
2017,12,2,10,30,5.7,55,872,376,1.8,19.5232,15.1474
2017,12,2,11,0,7.2,57,897,419,1.6,22.1477,17.2213
2017,12,2,11,30,8.8,58,912,448,1.4000000000000001,23.9537,18.6499
2017,12,2,12,0,10.4,62,905,461,1.2000000000000002,24.7904,19.3134
2017,12,2,12,30,11.100000000000001,62,906,462,1.2000000000000002,24.8511,19.3613
2017,12,2,13,0,11.8,61,901,448,1.3,23.9781,18.6710
2017,12,2,13,30,11.9,59,882,419,1.3,22.1873,17.2557
2017,12,2,14,0,12.100000000000001,56,862,378,1.3,19.6802,15.2744
2017,12,2,14,30,11.700000000000001,53,828,326,1,16.5719,12.8202
2017,12,2,15,0,11.4,51,767,262,0.7000000000000001,12.9212,9.9465
2017,12,2,15,30,9.9,44,692,191,0.9,9.1507,6.9965
2017,12,2,16,0,8.5,35,579,116,1.1,0.0000,0.0000
2017,12,2,16,30,6.9,21,384,46,1.3,0.0000,0.0000
2017,12,2,17,0,5.300000000000001,0,0,0,1.5,0.0000,0.0000
2017,12,2,17,30,4.7,0,0,0,1.6,0.0000,0.0000
2017,12,2,18,0,4,0,0,0,1.7000000000000002,0.0000,0.0000
2017,12,2,18,30,3.7,0,0,0,1.8,0.0000,0.0000
2017,12,2,19,0,3.4000000000000004,0,0,0,1.9000000000000001,0.0000,0.0000
2017,12,2,19,30,3.1,0,0,0,2,0.0000,0.0000
2017,12,2,20,0,2.9000000000000004,0,0,0,2.1,0.0000,0.0000
2017,12,2,20,30,2.7,0,0,0,2.1,0.0000,0.0000
2017,12,2,21,0,2.5,0,0,0,2.2,0.0000,0.0000
2017,12,2,21,30,2.2,0,0,0,2.1,0.0000,0.0000
2017,12,2,22,0,1.9000000000000001,0,0,0,2.1,0.0000,0.0000
2017,12,2,22,30,1.7000000000000002,0,0,0,2.1,0.0000,0.0000
2017,12,2,23,0,1.5,0,0,0,2.1,0.0000,0.0000
2017,12,2,23,30,1.3,0,0,0,2.1,0.0000,0.0000
2017,12,3,0,0,1.1,0,0,0,2,0.0000,0.0000
2017,12,3,0,30,0.9,0,0,0,2,0.0000,0.0000
2017,12,3,1,0,0.7000000000000001,0,0,0,2,0.0000,0.0000
2017,12,3,1,30,0.5,0,0,0,1.9000000000000001,0.0000,0.0000
2017,12,3,2,0,0.4,0,0,0,1.9000000000000001,0.0000,0.0000
2017,12,3,2,30,0.1,0,0,0,1.8,0.0000,0.0000
2017,12,3,3,0,-0.1,0,0,0,1.8,0.0000,0.0000
2017,12,3,3,30,-0.30000000000000004,0,0,0,1.7000000000000002,0.0000,0.0000
2017,12,3,4,0,-0.5,0,0,0,1.6,0.0000,0.0000
2017,12,3,4,30,-0.6000000000000001,0,0,0,1.5,0.0000,0.0000
2017,12,3,5,0,-0.7000000000000001,0,0,0,1.5,0.0000,0.0000
2017,12,3,5,30,-0.6000000000000001,0,0,0,1.4000000000000001,0.0000,0.0000
2017,12,3,6,0,-0.5,0,0,0,1.3,0.0000,0.0000
2017,12,3,6,30,-0.5,0,0,0,1.3,0.0000,0.0000
2017,12,3,7,0,-0.5,0,0,0,1.2000000000000002,0.0000,0.0000
2017,12,3,7,30,0.1,0,0,0,1.3,0.0000,0.0000
2017,12,3,8,0,0.7000000000000001,21,1,21,1.3,0.0000,0.0000
2017,12,3,8,30,2,64,18,66,2.1,0.0000,0.0000
2017,12,3,9,0,3.4000000000000004,97,40,105,2.8000000000000003,5.0153,3.8302
2017,12,3,9,30,4.4,100,457,221,2.9000000000000004,10.8394,8.3351
2017,12,3,10,0,5.4,131,381,253,3,12.7950,9.8908
2017,12,3,10,30,6.6000000000000005,167,320,284,3.1,14.7261,11.4235
2017,12,3,11,0,7.800000000000001,201,215,287,3.3000000000000003,15.1514,11.7795
2017,12,3,11,30,9.1,175,394,342,3.6,18.2647,14.2187
2017,12,3,12,0,10.4,187,375,351,4,18.8551,14.6877
2017,12,3,12,30,11.4,167,444,361,4.2,19.4005,15.1133
2017,12,3,13,0,12.3,171,415,348,4.5,18.6096,14.4893
2017,12,3,13,30,12.600000000000001,175,373,326,4.5,17.2480,13.4129
2017,12,3,14,0,13,204,83,235,4.5,12.2247,9.4870
2017,12,3,14,30,12.8,165,60,185,4.1000000000000005,9.3965,7.2684
2017,12,3,15,0,12.5,138,54,153,3.8000000000000003,7.5408,5.8040
2017,12,3,15,30,11.600000000000001,103,31,110,3.4000000000000004,5.2684,4.0277
2017,12,3,16,0,10.700000000000001,59,8,60,3,0.0000,0.0000
2017,12,3,16,30,10.100000000000001,22,1,22,3,0.0000,0.0000
2017,12,3,17,0,9.5,0,0,0,3.1,0.0000,0.0000
2017,12,3,17,30,9.5,0,0,0,3.2,0.0000,0.0000
2017,12,3,18,0,9.600000000000001,0,0,0,3.4000000000000004,0.0000,0.0000
2017,12,3,18,30,9.600000000000001,0,0,0,3.5,0.0000,0.0000
2017,12,3,19,0,9.700000000000001,0,0,0,3.7,0.0000,0.0000
2017,12,3,19,30,10,0,0,0,4.1000000000000005,0.0000,0.0000
2017,12,3,20,0,10.3,0,0,0,4.5,0.0000,0.0000
2017,12,3,20,30,10.5,0,0,0,5,0.0000,0.0000
2017,12,3,21,0,10.8,0,0,0,5.6000000000000005,0.0000,0.0000
2017,12,3,21,30,10.600000000000001,0,0,0,5.1000000000000005,0.0000,0.0000
2017,12,3,22,0,10.4,0,0,0,4.6000000000000005,0.0000,0.0000
2017,12,3,22,30,10.100000000000001,0,0,0,4.3,0.0000,0.0000
2017,12,3,23,0,9.8,0,0,0,3.9000000000000004,0.0000,0.0000
2017,12,3,23,30,9.8,0,0,0,3.9000000000000004,0.0000,0.0000
2017,12,4,0,0,9.8,0,0,0,3.9000000000000004,0.0000,0.0000
2017,12,4,0,30,9.9,0,0,0,3.9000000000000004,0.0000,0.0000
2017,12,4,1,0,9.9,0,0,0,3.8000000000000003,0.0000,0.0000
2017,12,4,1,30,9.9,0,0,0,3.7,0.0000,0.0000
2017,12,4,2,0,9.9,0,0,0,3.6,0.0000,0.0000
2017,12,4,2,30,10,0,0,0,3.6,0.0000,0.0000
2017,12,4,3,0,10,0,0,0,3.6,0.0000,0.0000
2017,12,4,3,30,10,0,0,0,3.6,0.0000,0.0000
2017,12,4,4,0,10,0,0,0,3.6,0.0000,0.0000
2017,12,4,4,30,9.9,0,0,0,3.6,0.0000,0.0000
2017,12,4,5,0,9.700000000000001,0,0,0,3.5,0.0000,0.0000
2017,12,4,5,30,9.4,0,0,0,3.5,0.0000,0.0000
2017,12,4,6,0,9,0,0,0,3.5,0.0000,0.0000
2017,12,4,6,30,8.5,0,0,0,3.5,0.0000,0.0000
2017,12,4,7,0,8,0,0,0,3.5,0.0000,0.0000
2017,12,4,7,30,7.7,0,0,0,3.8000000000000003,0.0000,0.0000
2017,12,4,8,0,7.4,18,282,32,4.1000000000000005,0.0000,0.0000
2017,12,4,8,30,7.4,34,499,96,5.1000000000000005,0.0000,0.0000
2017,12,4,9,0,7.300000000000001,45,628,169,6.1000000000000005,8.0679,6.1598
2017,12,4,9,30,7,53,709,238,7,11.6556,8.9601
2017,12,4,10,0,6.800000000000001,60,755,299,7.9,15.0991,11.6693
2017,12,4,10,30,6.5,64,794,352,8,18.2271,14.1367
2017,12,4,11,0,6.1000000000000005,70,809,393,8.1,20.7229,16.1089
2017,12,4,11,30,6,124,7,126,8.3,6.7221,5.2325
2017,12,4,12,0,5.9,73,841,440,8.5,23.6126,18.3917
2017,12,4,12,30,5.7,74,842,442,8.9,23.7317,18.4855
2017,12,4,13,0,5.4,258,127,313,9.3,16.7233,13.0194
2017,12,4,13,30,4.800000000000001,81,1,81,9.5,4.2822,3.3298
2017,12,4,14,0,4.1000000000000005,184,269,284,9.700000000000001,14.7625,11.4553
2017,12,4,14,30,3.7,79,2,80,9.8,4.0604,3.1405
2017,12,4,15,0,3.3000000000000003,63,1,63,9.8,3.1031,2.3881
2017,12,4,15,30,2.7,39,0,39,10,1.8674,1.4275
2017,12,4,16,0,2.2,25,0,25,10.200000000000001,0.0000,0.0000
2017,12,4,16,30,1.6,10,0,10,10.4,0.0000,0.0000
2017,12,4,17,0,0.9,0,0,0,10.600000000000001,0.0000,0.0000
2017,12,4,17,30,0.30000000000000004,0,0,0,10.700000000000001,0.0000,0.0000
2017,12,4,18,0,-0.2,0,0,0,10.700000000000001,0.0000,0.0000
2017,12,4,18,30,-0.8,0,0,0,10.5,0.0000,0.0000
2017,12,4,19,0,-1.4000000000000001,0,0,0,10.200000000000001,0.0000,0.0000
2017,12,4,19,30,-1.7000000000000002,0,0,0,9.700000000000001,0.0000,0.0000
2017,12,4,20,0,-2,0,0,0,9.3,0.0000,0.0000
2017,12,4,20,30,-2.2,0,0,0,9,0.0000,0.0000
2017,12,4,21,0,-2.5,0,0,0,8.700000000000001,0.0000,0.0000
2017,12,4,21,30,-2.8000000000000003,0,0,0,8.5,0.0000,0.0000
2017,12,4,22,0,-3.1,0,0,0,8.200000000000001,0.0000,0.0000
2017,12,4,22,30,-3.4000000000000004,0,0,0,7.9,0.0000,0.0000
2017,12,4,23,0,-3.7,0,0,0,7.6000000000000005,0.0000,0.0000
2017,12,4,23,30,-3.9000000000000004,0,0,0,7.300000000000001,0.0000,0.0000
2017,12,5,0,0,-4.1000000000000005,0,0,0,7.1000000000000005,0.0000,0.0000
2017,12,5,0,30,-4.2,0,0,0,6.7,0.0000,0.0000
2017,12,5,1,0,-4.3,0,0,0,6.4,0.0000,0.0000
2017,12,5,1,30,-4.4,0,0,0,6,0.0000,0.0000
2017,12,5,2,0,-4.5,0,0,0,5.6000000000000005,0.0000,0.0000
2017,12,5,2,30,-4.800000000000001,0,0,0,5.2,0.0000,0.0000
2017,12,5,3,0,-5.1000000000000005,0,0,0,4.7,0.0000,0.0000
2017,12,5,3,30,-5.300000000000001,0,0,0,4.800000000000001,0.0000,0.0000
2017,12,5,4,0,-5.4,0,0,0,4.800000000000001,0.0000,0.0000
2017,12,5,4,30,-5.4,0,0,0,4.9,0.0000,0.0000
2017,12,5,5,0,-5.4,0,0,0,5,0.0000,0.0000
2017,12,5,5,30,-5.300000000000001,0,0,0,5,0.0000,0.0000
2017,12,5,6,0,-5.1000000000000005,0,0,0,5.1000000000000005,0.0000,0.0000
2017,12,5,6,30,-4.9,0,0,0,5.1000000000000005,0.0000,0.0000
2017,12,5,7,0,-4.7,0,0,0,5.1000000000000005,0.0000,0.0000
2017,12,5,7,30,-4.1000000000000005,0,0,0,5.5,0.0000,0.0000
2017,12,5,8,0,-3.5,13,0,13,5.800000000000001,0.0000,0.0000
2017,12,5,8,30,-2.6,69,32,73,6.1000000000000005,0.0000,0.0000
2017,12,5,9,0,-1.7000000000000002,44,696,179,6.300000000000001,8.5414,6.5198
2017,12,5,9,30,-0.9,51,778,253,7,12.3739,9.5097
2017,12,5,10,0,-0.1,54,844,320,7.7,16.1371,12.4688
2017,12,5,10,30,0.4,221,134,270,7.800000000000001,13.9629,10.8277
2017,12,5,11,0,1,60,906,419,7.9,22.0677,17.1518
2017,12,5,11,30,1.5,62,912,446,7.800000000000001,23.7696,18.4999
2017,12,5,12,0,2.1,60,918,459,7.7,24.6093,19.1661
2017,12,5,12,30,2.6,60,919,460,7.5,24.6771,19.2201
2017,12,5,13,0,3.1,63,897,444,7.2,23.7033,18.4518
2017,12,5,13,30,3.4000000000000004,61,884,417,6.9,22.0282,17.1272
2017,12,5,14,0,3.7,62,849,375,6.6000000000000005,19.4779,15.1129
2017,12,5,14,30,3.7,58,815,323,5.9,16.3833,12.6702
2017,12,5,15,0,3.7,136,204,191,5.300000000000001,9.4034,7.2362
2017,12,5,15,30,2.7,89,2,89,4.3,4.2605,3.2566
2017,12,5,16,0,1.7000000000000002,48,1,48,3.4000000000000004,0.0000,0.0000
2017,12,5,16,30,0.8,18,0,18,3.4000000000000004,0.0000,0.0000
2017,12,5,17,0,-0.1,0,0,0,3.5,0.0000,0.0000
2017,12,5,17,30,0.2,0,0,0,4,0.0000,0.0000
2017,12,5,18,0,0.6000000000000001,0,0,0,4.6000000000000005,0.0000,0.0000
2017,12,5,18,30,0.6000000000000001,0,0,0,4.7,0.0000,0.0000
2017,12,5,19,0,0.6000000000000001,0,0,0,4.800000000000001,0.0000,0.0000
2017,12,5,19,30,0.4,0,0,0,4.800000000000001,0.0000,0.0000
2017,12,5,20,0,0.30000000000000004,0,0,0,4.7,0.0000,0.0000
2017,12,5,20,30,0.4,0,0,0,4.9,0.0000,0.0000
2017,12,5,21,0,0.5,0,0,0,5.2,0.0000,0.0000
2017,12,5,21,30,0.6000000000000001,0,0,0,5.4,0.0000,0.0000
2017,12,5,22,0,0.7000000000000001,0,0,0,5.6000000000000005,0.0000,0.0000
2017,12,5,22,30,0.7000000000000001,0,0,0,5.7,0.0000,0.0000
2017,12,5,23,0,0.6000000000000001,0,0,0,5.7,0.0000,0.0000
2017,12,5,23,30,0.30000000000000004,0,0,0,5.2,0.0000,0.0000
2017,12,6,0,0,-0.1,0,0,0,4.7,0.0000,0.0000
2017,12,6,0,30,-0.4,0,0,0,4.5,0.0000,0.0000
2017,12,6,1,0,-0.8,0,0,0,4.3,0.0000,0.0000
2017,12,6,1,30,-1,0,0,0,4.2,0.0000,0.0000
2017,12,6,2,0,-1.2000000000000002,0,0,0,4.2,0.0000,0.0000
2017,12,6,2,30,-1.4000000000000001,0,0,0,4.2,0.0000,0.0000
2017,12,6,3,0,-1.6,0,0,0,4.3,0.0000,0.0000
2017,12,6,3,30,-1.6,0,0,0,4.6000000000000005,0.0000,0.0000
2017,12,6,4,0,-1.7000000000000002,0,0,0,5,0.0000,0.0000
2017,12,6,4,30,-1.6,0,0,0,5.2,0.0000,0.0000
2017,12,6,5,0,-1.5,0,0,0,5.5,0.0000,0.0000
2017,12,6,5,30,-1.4000000000000001,0,0,0,5.5,0.0000,0.0000
2017,12,6,6,0,-1.2000000000000002,0,0,0,5.6000000000000005,0.0000,0.0000
2017,12,6,6,30,-1,0,0,0,5.6000000000000005,0.0000,0.0000
2017,12,6,7,0,-0.8,0,0,0,5.6000000000000005,0.0000,0.0000
2017,12,6,7,30,-0.4,0,0,0,5.7,0.0000,0.0000
2017,12,6,8,0,0,12,0,12,5.7,0.0000,0.0000
2017,12,6,8,30,0.6000000000000001,38,0,38,5.800000000000001,0.0000,0.0000
2017,12,6,9,0,1.2000000000000002,58,542,162,5.9,7.7271,5.8968
2017,12,6,9,30,1.6,151,31,159,6.2,7.7663,5.9670
2017,12,6,10,0,2.1,80,693,296,6.4,14.9061,11.5152
2017,12,6,10,30,2.1,217,154,272,6.800000000000001,14.0493,10.8929
2017,12,6,11,0,2.1,198,13,204,7.2,10.7322,8.3403
2017,12,6,11,30,1.8,238,28,250,7.4,13.3108,10.3587
2017,12,6,12,0,1.5,124,0,124,7.5,6.6425,5.1728
2017,12,6,12,30,1,233,22,242,7.6000000000000005,12.9721,10.1026
2017,12,6,13,0,0.6000000000000001,136,7,139,7.7,7.4152,5.7718
2017,12,6,13,30,0.1,216,108,259,7.7,13.6722,10.6294
2017,12,6,14,0,-0.5,207,102,244,7.800000000000001,12.6661,9.8268
2017,12,6,14,30,-1.1,153,298,250,7.7,12.6736,9.8005
2017,12,6,15,0,-1.7000000000000002,52,796,268,7.6000000000000005,13.1883,10.1479
2017,12,6,15,30,-2.4000000000000004,45,721,195,7.300000000000001,9.3329,7.1333
2017,12,6,16,0,-3.2,33,629,120,6.9,0.0000,0.0000
2017,12,6,16,30,-4,20,436,48,6.5,0.0000,0.0000
2017,12,6,17,0,-4.7,0,0,0,6.1000000000000005,0.0000,0.0000
2017,12,6,17,30,-5.1000000000000005,0,0,0,6.2,0.0000,0.0000
2017,12,6,18,0,-5.6000000000000005,0,0,0,6.2,0.0000,0.0000
2017,12,6,18,30,-5.800000000000001,0,0,0,6.4,0.0000,0.0000
2017,12,6,19,0,-6.1000000000000005,0,0,0,6.5,0.0000,0.0000
2017,12,6,19,30,-6.300000000000001,0,0,0,6.7,0.0000,0.0000
2017,12,6,20,0,-6.4,0,0,0,6.9,0.0000,0.0000
2017,12,6,20,30,-6.6000000000000005,0,0,0,6.9,0.0000,0.0000
2017,12,6,21,0,-6.800000000000001,0,0,0,7,0.0000,0.0000
2017,12,6,21,30,-7,0,0,0,7,0.0000,0.0000
2017,12,6,22,0,-7.300000000000001,0,0,0,7,0.0000,0.0000
2017,12,6,22,30,-7.5,0,0,0,6.9,0.0000,0.0000
2017,12,6,23,0,-7.7,0,0,0,6.9,0.0000,0.0000
2017,12,6,23,30,-7.9,0,0,0,6.800000000000001,0.0000,0.0000
2017,12,7,0,0,-8.1,0,0,0,6.7,0.0000,0.0000
2017,12,7,0,30,-8.200000000000001,0,0,0,6.6000000000000005,0.0000,0.0000
2017,12,7,1,0,-8.4,0,0,0,6.5,0.0000,0.0000
2017,12,7,1,30,-8.5,0,0,0,6.4,0.0000,0.0000
2017,12,7,2,0,-8.6,0,0,0,6.2,0.0000,0.0000
2017,12,7,2,30,-8.700000000000001,0,0,0,6.1000000000000005,0.0000,0.0000
2017,12,7,3,0,-8.9,0,0,0,6.1000000000000005,0.0000,0.0000
2017,12,7,3,30,-8.9,0,0,0,6,0.0000,0.0000
2017,12,7,4,0,-8.9,0,0,0,5.9,0.0000,0.0000
2017,12,7,4,30,-8.9,0,0,0,5.800000000000001,0.0000,0.0000
2017,12,7,5,0,-8.8,0,0,0,5.7,0.0000,0.0000
2017,12,7,5,30,-8.8,0,0,0,5.6000000000000005,0.0000,0.0000
2017,12,7,6,0,-8.700000000000001,0,0,0,5.5,0.0000,0.0000
2017,12,7,6,30,-8.700000000000001,0,0,0,5.300000000000001,0.0000,0.0000
2017,12,7,7,0,-8.6,0,0,0,5.1000000000000005,0.0000,0.0000
2017,12,7,7,30,-8.4,0,0,0,5.1000000000000005,0.0000,0.0000
2017,12,7,8,0,-8.200000000000001,13,0,13,5.1000000000000005,0.0000,0.0000
2017,12,7,8,30,-7.6000000000000005,59,4,60,5,0.0000,0.0000
2017,12,7,9,0,-7,38,757,181,5,8.6309,6.5851
2017,12,7,9,30,-6.300000000000001,44,835,256,4.800000000000001,12.4882,9.5923
2017,12,7,10,0,-5.7,47,889,323,4.7,16.2446,12.5466
2017,12,7,10,30,-5.1000000000000005,50,924,380,4.5,19.6038,15.1971
2017,12,7,11,0,-4.5,52,950,424,4.3,22.2829,17.3146
2017,12,7,11,30,-4,53,964,455,4.3,24.2021,18.8324
2017,12,7,12,0,-3.5,54,956,465,4.2,24.8879,19.3795
2017,12,7,12,30,-3.2,54,957,467,4.3,25.0131,19.4784
2017,12,7,13,0,-2.9000000000000004,54,950,454,4.3,24.2031,18.8379
2017,12,7,13,30,-2.7,53,937,428,4.3,22.5792,17.5528
2017,12,7,14,0,-2.6,52,914,387,4.3,20.0772,15.5755
2017,12,7,14,30,-2.7,49,882,334,4.3,16.9226,13.0851
2017,12,7,15,0,-2.7,52,791,265,4.2,13.0348,10.0289
2017,12,7,15,30,-2.9000000000000004,45,715,193,3.8000000000000003,9.2359,7.0587
2017,12,7,16,0,-3.1,36,587,117,3.4000000000000004,0.0000,0.0000
2017,12,7,16,30,-3.5,22,381,46,2.8000000000000003,0.0000,0.0000
2017,12,7,17,0,-3.8000000000000003,0,0,0,2.2,0.0000,0.0000
2017,12,7,17,30,-3.8000000000000003,0,0,0,2.4000000000000004,0.0000,0.0000
2017,12,7,18,0,-3.8000000000000003,0,0,0,2.6,0.0000,0.0000
2017,12,7,18,30,-3.9000000000000004,0,0,0,2.8000000000000003,0.0000,0.0000
2017,12,7,19,0,-4,0,0,0,3.1,0.0000,0.0000
2017,12,7,19,30,-4.1000000000000005,0,0,0,3.4000000000000004,0.0000,0.0000
2017,12,7,20,0,-4.2,0,0,0,3.7,0.0000,0.0000
2017,12,7,20,30,-4.3,0,0,0,3.8000000000000003,0.0000,0.0000
2017,12,7,21,0,-4.4,0,0,0,3.9000000000000004,0.0000,0.0000
2017,12,7,21,30,-4.5,0,0,0,3.8000000000000003,0.0000,0.0000
2017,12,7,22,0,-4.6000000000000005,0,0,0,3.7,0.0000,0.0000
2017,12,7,22,30,-4.7,0,0,0,3.7,0.0000,0.0000
2017,12,7,23,0,-4.800000000000001,0,0,0,3.7,0.0000,0.0000
2017,12,7,23,30,-4.7,0,0,0,3.8000000000000003,0.0000,0.0000
2017,12,8,0,0,-4.6000000000000005,0,0,0,3.9000000000000004,0.0000,0.0000
2017,12,8,0,30,-4.4,0,0,0,3.9000000000000004,0.0000,0.0000
2017,12,8,1,0,-4.2,0,0,0,3.9000000000000004,0.0000,0.0000
2017,12,8,1,30,-4,0,0,0,3.7,0.0000,0.0000
2017,12,8,2,0,-3.9000000000000004,0,0,0,3.5,0.0000,0.0000
2017,12,8,2,30,-3.7,0,0,0,3.4000000000000004,0.0000,0.0000
2017,12,8,3,0,-3.6,0,0,0,3.2,0.0000,0.0000
2017,12,8,3,30,-3.6,0,0,0,3,0.0000,0.0000
2017,12,8,4,0,-3.7,0,0,0,2.7,0.0000,0.0000
2017,12,8,4,30,-3.6,0,0,0,2.6,0.0000,0.0000
2017,12,8,5,0,-3.5,0,0,0,2.6,0.0000,0.0000
2017,12,8,5,30,-3.5,0,0,0,2.7,0.0000,0.0000
2017,12,8,6,0,-3.6,0,0,0,2.8000000000000003,0.0000,0.0000
2017,12,8,6,30,-3.7,0,0,0,2.9000000000000004,0.0000,0.0000
2017,12,8,7,0,-3.9000000000000004,0,0,0,3.1,0.0000,0.0000
2017,12,8,7,30,-3.8000000000000003,0,0,0,3.5,0.0000,0.0000
2017,12,8,8,0,-3.7,7,0,7,3.9000000000000004,0.0000,0.0000
2017,12,8,8,30,-3.2,36,444,87,4.3,0.0000,0.0000
2017,12,8,9,0,-2.6,59,0,59,4.6000000000000005,2.8128,2.1456
2017,12,8,9,30,-1.9000000000000001,98,2,99,4.9,4.8237,3.7042
2017,12,8,10,0,-1.1,99,1,99,5.300000000000001,4.9725,3.8398
2017,12,8,10,30,-0.6000000000000001,91,0,91,5.4,4.6889,3.6342
2017,12,8,11,0,-0.2,77,0,77,5.4,4.0424,3.1407
2017,12,8,11,30,0.1,54,0,54,5.5,2.8697,2.2328
2017,12,8,12,0,0.5,76,0,76,5.6000000000000005,4.0645,3.1646
2017,12,8,12,30,0.7000000000000001,85,0,85,5.5,4.5494,3.5425
2017,12,8,13,0,0.9,86,0,86,5.4,4.5817,3.5658
2017,12,8,13,30,0.9,108,0,108,5.1000000000000005,5.6944,4.4265
2017,12,8,14,0,0.9,116,0,116,4.7,6.0149,4.6659
2017,12,8,14,30,0.8,84,0,84,4.4,4.2540,3.2891
2017,12,8,15,0,0.7000000000000001,140,11,143,4,7.0313,5.4095
2017,12,8,15,30,0.30000000000000004,113,108,135,3.3000000000000003,6.4594,4.9365
2017,12,8,16,0,-0.1,62,15,64,2.6,0.0000,0.0000
2017,12,8,16,30,-0.7000000000000001,28,3,28,2.4000000000000004,0.0000,0.0000
2017,12,8,17,0,-1.2000000000000002,0,0,0,2.2,0.0000,0.0000
2017,12,8,17,30,-1.2000000000000002,0,0,0,2.5,0.0000,0.0000
2017,12,8,18,0,-1.2000000000000002,0,0,0,2.7,0.0000,0.0000
2017,12,8,18,30,-1.1,0,0,0,3.1,0.0000,0.0000
2017,12,8,19,0,-1,0,0,0,3.5,0.0000,0.0000
2017,12,8,19,30,-1.1,0,0,0,3.7,0.0000,0.0000
2017,12,8,20,0,-1.2000000000000002,0,0,0,4,0.0000,0.0000
2017,12,8,20,30,-1.2000000000000002,0,0,0,4.3,0.0000,0.0000
2017,12,8,21,0,-1.2000000000000002,0,0,0,4.7,0.0000,0.0000
2017,12,8,21,30,-1.2000000000000002,0,0,0,5,0.0000,0.0000
2017,12,8,22,0,-1.1,0,0,0,5.2,0.0000,0.0000
2017,12,8,22,30,-1.2000000000000002,0,0,0,5.300000000000001,0.0000,0.0000
2017,12,8,23,0,-1.3,0,0,0,5.5,0.0000,0.0000
2017,12,8,23,30,-1.6,0,0,0,5.4,0.0000,0.0000
2017,12,9,0,0,-1.8,0,0,0,5.300000000000001,0.0000,0.0000
2017,12,9,0,30,-2.2,0,0,0,5.1000000000000005,0.0000,0.0000
2017,12,9,1,0,-2.5,0,0,0,5,0.0000,0.0000
2017,12,9,1,30,-2.8000000000000003,0,0,0,4.9,0.0000,0.0000
2017,12,9,2,0,-3.1,0,0,0,4.800000000000001,0.0000,0.0000
2017,12,9,2,30,-3.3000000000000003,0,0,0,4.7,0.0000,0.0000
2017,12,9,3,0,-3.6,0,0,0,4.6000000000000005,0.0000,0.0000
2017,12,9,3,30,-3.6,0,0,0,4.6000000000000005,0.0000,0.0000
2017,12,9,4,0,-3.7,0,0,0,4.6000000000000005,0.0000,0.0000
2017,12,9,4,30,-4,0,0,0,4.3,0.0000,0.0000
2017,12,9,5,0,-4.3,0,0,0,4,0.0000,0.0000
2017,12,9,5,30,-4.5,0,0,0,3.8000000000000003,0.0000,0.0000
2017,12,9,6,0,-4.800000000000001,0,0,0,3.7,0.0000,0.0000
2017,12,9,6,30,-5,0,0,0,3.5,0.0000,0.0000
2017,12,9,7,0,-5.2,0,0,0,3.4000000000000004,0.0000,0.0000
2017,12,9,7,30,-5,0,0,0,3.5,0.0000,0.0000
2017,12,9,8,0,-4.7,12,0,12,3.7,0.0000,0.0000
2017,12,9,8,30,-4,51,1,51,4.2,0.0000,0.0000
2017,12,9,9,0,-3.3000000000000003,38,686,165,4.6000000000000005,7.8651,5.9984
2017,12,9,9,30,-2.6,45,769,237,5.1000000000000005,11.5349,8.8558
2017,12,9,10,0,-2,48,828,301,5.6000000000000005,15.1002,11.6580
2017,12,9,10,30,-1.5,52,873,359,5.5,18.4783,14.3202
2017,12,9,11,0,-1,54,898,402,5.4,21.0841,16.3791
2017,12,9,11,30,-0.5,56,913,433,5.2,22.9919,17.8871
2017,12,9,12,0,-0.1,64,902,449,4.9,23.9949,18.6809
2017,12,9,12,30,0.30000000000000004,64,904,452,4.6000000000000005,24.1763,18.8240
2017,12,9,13,0,0.7000000000000001,63,899,440,4.4,23.4271,18.2313
2017,12,9,13,30,0.9,61,886,414,4.2,21.8165,16.9576
2017,12,9,14,0,1.1,58,867,374,3.9000000000000004,19.3829,15.0349
2017,12,9,14,30,1.1,55,833,322,3.4000000000000004,16.3011,12.6030
2017,12,9,15,0,1.1,54,759,258,2.8000000000000003,12.6825,9.7567
2017,12,9,15,30,0.2,47,680,188,1.9000000000000001,8.9945,6.8737
2017,12,9,16,0,-0.7000000000000001,36,570,114,1,0.0000,0.0000
2017,12,9,16,30,-0.7000000000000001,22,364,44,0.9,0.0000,0.0000
2017,12,9,17,0,-0.7000000000000001,0,0,0,0.8,0.0000,0.0000
2017,12,9,17,30,-1.3,0,0,0,1,0.0000,0.0000
2017,12,9,18,0,-1.9000000000000001,0,0,0,1.2000000000000002,0.0000,0.0000
2017,12,9,18,30,-2.2,0,0,0,1.5,0.0000,0.0000
2017,12,9,19,0,-2.5,0,0,0,1.8,0.0000,0.0000
2017,12,9,19,30,-2.2,0,0,0,2.3000000000000003,0.0000,0.0000
2017,12,9,20,0,-2,0,0,0,2.9000000000000004,0.0000,0.0000
2017,12,9,20,30,-1.7000000000000002,0,0,0,3.3000000000000003,0.0000,0.0000
2017,12,9,21,0,-1.5,0,0,0,3.7,0.0000,0.0000
2017,12,9,21,30,-1.3,0,0,0,3.8000000000000003,0.0000,0.0000
2017,12,9,22,0,-1.2000000000000002,0,0,0,3.9000000000000004,0.0000,0.0000
2017,12,9,22,30,-1,0,0,0,4.1000000000000005,0.0000,0.0000
2017,12,9,23,0,-0.9,0,0,0,4.2,0.0000,0.0000
2017,12,9,23,30,-0.8,0,0,0,4.5,0.0000,0.0000
2017,12,10,0,0,-0.7000000000000001,0,0,0,4.800000000000001,0.0000,0.0000
2017,12,10,0,30,-0.6000000000000001,0,0,0,5,0.0000,0.0000
2017,12,10,1,0,-0.6000000000000001,0,0,0,5.2,0.0000,0.0000
2017,12,10,1,30,-0.6000000000000001,0,0,0,5.300000000000001,0.0000,0.0000
2017,12,10,2,0,-0.7000000000000001,0,0,0,5.300000000000001,0.0000,0.0000
2017,12,10,2,30,-0.7000000000000001,0,0,0,5.300000000000001,0.0000,0.0000
2017,12,10,3,0,-0.6000000000000001,0,0,0,5.2,0.0000,0.0000
2017,12,10,3,30,-0.5,0,0,0,5.2,0.0000,0.0000
2017,12,10,4,0,-0.4,0,0,0,5.1000000000000005,0.0000,0.0000
2017,12,10,4,30,-0.4,0,0,0,5,0.0000,0.0000
2017,12,10,5,0,-0.30000000000000004,0,0,0,4.9,0.0000,0.0000
2017,12,10,5,30,-0.4,0,0,0,4.800000000000001,0.0000,0.0000
2017,12,10,6,0,-0.5,0,0,0,4.7,0.0000,0.0000
2017,12,10,6,30,-0.6000000000000001,0,0,0,4.6000000000000005,0.0000,0.0000
2017,12,10,7,0,-0.6000000000000001,0,0,0,4.5,0.0000,0.0000
2017,12,10,7,30,-0.30000000000000004,0,0,0,4.5,0.0000,0.0000
2017,12,10,8,0,0,14,275,24,4.5,0.0000,0.0000
2017,12,10,8,30,0.9,29,507,85,4.7,0.0000,0.0000
2017,12,10,9,0,1.9000000000000001,41,631,156,4.800000000000001,7.4355,5.6697
2017,12,10,9,30,3,48,719,226,4.7,10.9868,8.4328
2017,12,10,10,0,4,55,775,290,4.5,14.5307,11.2162
2017,12,10,10,30,5.1000000000000005,59,815,344,4.800000000000001,17.6860,13.7040
2017,12,10,11,0,6.2,63,839,387,5.1000000000000005,20.2792,15.7521
2017,12,10,11,30,6.800000000000001,65,857,417,5.1000000000000005,22.1238,17.2101
2017,12,10,12,0,7.5,63,872,434,5.1000000000000005,23.1763,18.0421
2017,12,10,12,30,7.800000000000001,63,873,436,5,23.3052,18.1444
2017,12,10,13,0,8.200000000000001,63,865,424,4.800000000000001,22.5634,17.5581
2017,12,10,13,30,8.1,61,847,397,4.3,20.9107,16.2527
2017,12,10,14,0,8.1,61,815,358,3.7,18.5457,14.3847
2017,12,10,14,30,7,58,780,308,2.9000000000000004,15.5866,12.0499
2017,12,10,15,0,5.9,54,719,247,2,12.1396,9.3387
2017,12,10,15,30,4.3,47,641,179,1.9000000000000001,8.5635,6.5442
2017,12,10,16,0,2.6,36,524,108,1.8,0.0000,0.0000
2017,12,10,16,30,1.8,21,333,42,1.9000000000000001,0.0000,0.0000
2017,12,10,17,0,1.1,0,0,0,2,0.0000,0.0000
2017,12,10,17,30,1,0,0,0,2,0.0000,0.0000
2017,12,10,18,0,1,0,0,0,2.1,0.0000,0.0000
2017,12,10,18,30,1,0,0,0,2.1,0.0000,0.0000
2017,12,10,19,0,1,0,0,0,2.1,0.0000,0.0000
2017,12,10,19,30,0.9,0,0,0,2.2,0.0000,0.0000
2017,12,10,20,0,0.9,0,0,0,2.2,0.0000,0.0000
2017,12,10,20,30,0.9,0,0,0,2.2,0.0000,0.0000
2017,12,10,21,0,0.9,0,0,0,2.3000000000000003,0.0000,0.0000
2017,12,10,21,30,0.7000000000000001,0,0,0,2.3000000000000003,0.0000,0.0000
2017,12,10,22,0,0.6000000000000001,0,0,0,2.4000000000000004,0.0000,0.0000
2017,12,10,22,30,0.5,0,0,0,2.6,0.0000,0.0000
2017,12,10,23,0,0.4,0,0,0,2.8000000000000003,0.0000,0.0000
2017,12,10,23,30,0.4,0,0,0,2.9000000000000004,0.0000,0.0000
2017,12,11,0,0,0.4,0,0,0,3.1,0.0000,0.0000
2017,12,11,0,30,0.30000000000000004,0,0,0,3.4000000000000004,0.0000,0.0000
2017,12,11,1,0,0.2,0,0,0,3.7,0.0000,0.0000
2017,12,11,1,30,0,0,0,0,4.1000000000000005,0.0000,0.0000
2017,12,11,2,0,-0.1,0,0,0,4.6000000000000005,0.0000,0.0000
2017,12,11,2,30,0,0,0,0,4.800000000000001,0.0000,0.0000
2017,12,11,3,0,0.2,0,0,0,5,0.0000,0.0000
2017,12,11,3,30,0.7000000000000001,0,0,0,5.2,0.0000,0.0000
2017,12,11,4,0,1.2000000000000002,0,0,0,5.4,0.0000,0.0000
2017,12,11,4,30,2,0,0,0,5.800000000000001,0.0000,0.0000
2017,12,11,5,0,2.7,0,0,0,6.2,0.0000,0.0000
2017,12,11,5,30,2.9000000000000004,0,0,0,6.2,0.0000,0.0000
2017,12,11,6,0,3.1,0,0,0,6.1000000000000005,0.0000,0.0000
2017,12,11,6,30,2.9000000000000004,0,0,0,6.2,0.0000,0.0000
2017,12,11,7,0,2.6,0,0,0,6.2,0.0000,0.0000
2017,12,11,7,30,3.1,0,0,0,6.9,0.0000,0.0000
2017,12,11,8,0,3.6,14,234,22,7.6000000000000005,0.0000,0.0000
2017,12,11,8,30,4.4,31,475,82,8.200000000000001,0.0000,0.0000
2017,12,11,9,0,5.300000000000001,44,603,153,8.700000000000001,7.2925,5.5598
2017,12,11,9,30,5.800000000000001,53,695,223,9.1,10.8303,8.3108
2017,12,11,10,0,6.300000000000001,102,1,103,9.5,5.1551,3.9785
2017,12,11,10,30,6.4,92,0,93,9.700000000000001,4.7767,3.7008
2017,12,11,11,0,6.5,190,13,195,10,10.2090,7.9291
2017,12,11,11,30,6.4,237,39,253,9.8,13.4126,10.4327
2017,12,11,12,0,6.300000000000001,83,1,83,9.700000000000001,4.4294,3.4479
2017,12,11,12,30,6,153,18,161,9.5,8.6014,6.6963
2017,12,11,13,0,5.7,30,0,30,9.200000000000001,1.5956,1.2416
2017,12,11,13,30,5.300000000000001,7,0,7,9,0.3686,0.2864
2017,12,11,14,0,4.800000000000001,160,29,170,8.8,8.8036,6.8281
2017,12,11,14,30,4.2,85,3,86,8.5,4.3513,3.3639
2017,12,11,15,0,3.6,64,1,64,8.3,3.1449,2.4192
2017,12,11,15,30,3,61,2,61,8.200000000000001,2.9181,2.2300
2017,12,11,16,0,2.4000000000000004,45,0,45,8,0.0000,0.0000
2017,12,11,16,30,1.7000000000000002,18,0,18,7.7,0.0000,0.0000
2017,12,11,17,0,1.1,0,0,0,7.300000000000001,0.0000,0.0000
2017,12,11,17,30,0.4,0,0,0,6.9,0.0000,0.0000
2017,12,11,18,0,-0.30000000000000004,0,0,0,6.5,0.0000,0.0000
2017,12,11,18,30,-0.9,0,0,0,6.4,0.0000,0.0000
2017,12,11,19,0,-1.6,0,0,0,6.300000000000001,0.0000,0.0000
2017,12,11,19,30,-2,0,0,0,6.1000000000000005,0.0000,0.0000
2017,12,11,20,0,-2.5,0,0,0,5.9,0.0000,0.0000
2017,12,11,20,30,-2.9000000000000004,0,0,0,5.6000000000000005,0.0000,0.0000
2017,12,11,21,0,-3.3000000000000003,0,0,0,5.300000000000001,0.0000,0.0000
2017,12,11,21,30,-3.7,0,0,0,5,0.0000,0.0000
2017,12,11,22,0,-4.1000000000000005,0,0,0,4.7,0.0000,0.0000
2017,12,11,22,30,-4.4,0,0,0,4.5,0.0000,0.0000
2017,12,11,23,0,-4.7,0,0,0,4.2,0.0000,0.0000
2017,12,11,23,30,-4.9,0,0,0,4,0.0000,0.0000
2017,12,12,0,0,-5.1000000000000005,0,0,0,3.9000000000000004,0.0000,0.0000
2017,12,12,0,30,-5.2,0,0,0,3.7,0.0000,0.0000
2017,12,12,1,0,-5.4,0,0,0,3.5,0.0000,0.0000
2017,12,12,1,30,-5.5,0,0,0,3.4000000000000004,0.0000,0.0000
2017,12,12,2,0,-5.6000000000000005,0,0,0,3.4000000000000004,0.0000,0.0000
2017,12,12,2,30,-5.6000000000000005,0,0,0,3.3000000000000003,0.0000,0.0000
2017,12,12,3,0,-5.7,0,0,0,3.2,0.0000,0.0000
2017,12,12,3,30,-5.7,0,0,0,3,0.0000,0.0000
2017,12,12,4,0,-5.7,0,0,0,2.9000000000000004,0.0000,0.0000
2017,12,12,4,30,-5.6000000000000005,0,0,0,2.8000000000000003,0.0000,0.0000
2017,12,12,5,0,-5.6000000000000005,0,0,0,2.8000000000000003,0.0000,0.0000
2017,12,12,5,30,-5.4,0,0,0,2.8000000000000003,0.0000,0.0000
2017,12,12,6,0,-5.2,0,0,0,2.8000000000000003,0.0000,0.0000
2017,12,12,6,30,-5.1000000000000005,0,0,0,2.6,0.0000,0.0000
2017,12,12,7,0,-5.1000000000000005,0,0,0,2.3000000000000003,0.0000,0.0000
2017,12,12,7,30,-4.7,0,0,0,2.5,0.0000,0.0000
2017,12,12,8,0,-4.4,14,241,22,2.7,0.0000,0.0000
2017,12,12,8,30,-3.4000000000000004,30,484,82,2.8000000000000003,0.0000,0.0000
2017,12,12,9,0,-2.4000000000000004,42,629,154,3,7.3405,5.5956
2017,12,12,9,30,-1.1,50,720,225,3.2,10.9168,8.3754
2017,12,12,10,0,0.2,120,4,121,3.4000000000000004,6.0498,4.6682
2017,12,12,10,30,1.3,94,0,94,3.6,4.8234,3.7364
2017,12,12,11,0,2.4000000000000004,106,0,106,3.9000000000000004,5.5450,4.3062
2017,12,12,11,30,3.1,188,9,192,3.9000000000000004,10.1717,7.9112
2017,12,12,12,0,3.8000000000000003,253,106,298,3.9000000000000004,15.8937,12.3711
2017,12,12,12,30,4.2,61,879,434,3.9000000000000004,23.1745,18.0406
2017,12,12,13,0,4.6000000000000005,59,872,421,3.9000000000000004,22.3818,17.4149
2017,12,12,13,30,4.800000000000001,57,860,397,3.8000000000000003,20.8940,16.2382
2017,12,12,14,0,5,55,837,359,3.7,18.5864,14.4151
2017,12,12,14,30,4.6000000000000005,52,804,309,3,15.6300,12.0827
2017,12,12,15,0,4.3,47,757,249,2.3000000000000003,12.2346,9.4112
2017,12,12,15,30,2.8000000000000003,41,688,183,2.1,8.7544,6.6900
2017,12,12,16,0,1.2000000000000002,31,586,112,1.8,0.0000,0.0000
2017,12,12,16,30,0.6000000000000001,19,399,44,2.1,0.0000,0.0000
2017,12,12,17,0,0,0,0,0,2.4000000000000004,0.0000,0.0000
2017,12,12,17,30,0.2,0,0,0,2.9000000000000004,0.0000,0.0000
2017,12,12,18,0,0.5,0,0,0,3.3000000000000003,0.0000,0.0000
2017,12,12,18,30,0.7000000000000001,0,0,0,3.7,0.0000,0.0000
2017,12,12,19,0,0.9,0,0,0,4.1000000000000005,0.0000,0.0000
2017,12,12,19,30,1,0,0,0,4.4,0.0000,0.0000
2017,12,12,20,0,1.1,0,0,0,4.6000000000000005,0.0000,0.0000
2017,12,12,20,30,1,0,0,0,4.800000000000001,0.0000,0.0000
2017,12,12,21,0,1,0,0,0,4.9,0.0000,0.0000
2017,12,12,21,30,0.9,0,0,0,4.9,0.0000,0.0000
2017,12,12,22,0,0.8,0,0,0,5,0.0000,0.0000
2017,12,12,22,30,0.8,0,0,0,5,0.0000,0.0000
2017,12,12,23,0,0.8,0,0,0,5,0.0000,0.0000
2017,12,12,23,30,0.9,0,0,0,5.1000000000000005,0.0000,0.0000
2017,12,13,0,0,1,0,0,0,5.2,0.0000,0.0000
2017,12,13,0,30,1,0,0,0,5.4,0.0000,0.0000
2017,12,13,1,0,1,0,0,0,5.5,0.0000,0.0000
2017,12,13,1,30,1.1,0,0,0,5.800000000000001,0.0000,0.0000
2017,12,13,2,0,1.2000000000000002,0,0,0,6,0.0000,0.0000
2017,12,13,2,30,2.1,0,0,0,6.5,0.0000,0.0000
2017,12,13,3,0,3,0,0,0,6.9,0.0000,0.0000
2017,12,13,3,30,3.5,0,0,0,6.800000000000001,0.0000,0.0000
2017,12,13,4,0,4,0,0,0,6.6000000000000005,0.0000,0.0000
2017,12,13,4,30,4.3,0,0,0,6.6000000000000005,0.0000,0.0000
2017,12,13,5,0,4.6000000000000005,0,0,0,6.6000000000000005,0.0000,0.0000
2017,12,13,5,30,4.7,0,0,0,7,0.0000,0.0000
2017,12,13,6,0,4.9,0,0,0,7.4,0.0000,0.0000
2017,12,13,6,30,4.800000000000001,0,0,0,7.9,0.0000,0.0000
2017,12,13,7,0,4.7,0,0,0,8.4,0.0000,0.0000
2017,12,13,7,30,4.5,0,0,0,8.4,0.0000,0.0000
2017,12,13,8,0,4.3,13,141,17,8.3,0.0000,0.0000
2017,12,13,8,30,4.5,34,373,74,8.3,0.0000,0.0000
2017,12,13,9,0,4.800000000000001,45,578,147,8.4,7.0076,5.3412
2017,12,13,9,30,5.300000000000001,55,674,217,8.4,10.5194,8.0689
2017,12,13,10,0,5.800000000000001,54,787,289,8.4,14.4348,11.1364
2017,12,13,10,30,6.2,58,828,344,8.6,17.6359,13.6598
2017,12,13,11,0,6.6000000000000005,59,871,391,8.700000000000001,20.4368,15.8695
2017,12,13,11,30,6.7,61,888,423,8.8,22.3956,17.4174
2017,12,13,12,0,6.9,62,898,440,8.9,23.4550,18.2555
2017,12,13,12,30,6.9,62,900,443,8.8,23.6429,18.4042
2017,12,13,13,0,6.9,60,897,432,8.6,22.9579,17.8624
2017,12,13,13,30,6.800000000000001,59,884,407,8.3,21.4135,16.6413
2017,12,13,14,0,6.6000000000000005,57,862,369,8,19.1008,14.8137
2017,12,13,14,30,6.1000000000000005,53,828,318,7.5,16.0838,12.4333
2017,12,13,15,0,5.7,49,777,257,7,12.6276,9.7136
2017,12,13,15,30,4.7,43,703,188,6.300000000000001,8.9941,6.8732
2017,12,13,16,0,3.8000000000000003,34,570,113,5.5,0.0000,0.0000
2017,12,13,16,30,3,25,0,25,5.300000000000001,0.0000,0.0000
2017,12,13,17,0,2.3000000000000003,0,0,0,5.1000000000000005,0.0000,0.0000
2017,12,13,17,30,2.1,0,0,0,5,0.0000,0.0000
2017,12,13,18,0,1.8,0,0,0,4.800000000000001,0.0000,0.0000
2017,12,13,18,30,1.7000000000000002,0,0,0,4.9,0.0000,0.0000
2017,12,13,19,0,1.6,0,0,0,4.9,0.0000,0.0000
2017,12,13,19,30,1.3,0,0,0,4.7,0.0000,0.0000
2017,12,13,20,0,1,0,0,0,4.4,0.0000,0.0000
2017,12,13,20,30,0.6000000000000001,0,0,0,4,0.0000,0.0000
2017,12,13,21,0,0.30000000000000004,0,0,0,3.7,0.0000,0.0000
2017,12,13,21,30,0.1,0,0,0,3.5,0.0000,0.0000
2017,12,13,22,0,0,0,0,0,3.3000000000000003,0.0000,0.0000
2017,12,13,22,30,-0.2,0,0,0,3,0.0000,0.0000
2017,12,13,23,0,-0.5,0,0,0,2.6,0.0000,0.0000
2017,12,13,23,30,-0.7000000000000001,0,0,0,2.4000000000000004,0.0000,0.0000
2017,12,14,0,0,-0.9,0,0,0,2.1,0.0000,0.0000
2017,12,14,0,30,-1.1,0,0,0,2,0.0000,0.0000
2017,12,14,1,0,-1.2000000000000002,0,0,0,1.9000000000000001,0.0000,0.0000
2017,12,14,1,30,-1.3,0,0,0,1.8,0.0000,0.0000
2017,12,14,2,0,-1.4000000000000001,0,0,0,1.7000000000000002,0.0000,0.0000
2017,12,14,2,30,-1.5,0,0,0,1.7000000000000002,0.0000,0.0000
2017,12,14,3,0,-1.6,0,0,0,1.7000000000000002,0.0000,0.0000
2017,12,14,3,30,-1.5,0,0,0,1.7000000000000002,0.0000,0.0000
2017,12,14,4,0,-1.4000000000000001,0,0,0,1.7000000000000002,0.0000,0.0000
2017,12,14,4,30,-1.3,0,0,0,1.6,0.0000,0.0000
2017,12,14,5,0,-1.3,0,0,0,1.5,0.0000,0.0000
2017,12,14,5,30,-1.4000000000000001,0,0,0,1.4000000000000001,0.0000,0.0000
2017,12,14,6,0,-1.5,0,0,0,1.3,0.0000,0.0000
2017,12,14,6,30,-1.5,0,0,0,1.3,0.0000,0.0000
2017,12,14,7,0,-1.6,0,0,0,1.2000000000000002,0.0000,0.0000
2017,12,14,7,30,-1.2000000000000002,0,0,0,1.3,0.0000,0.0000
2017,12,14,8,0,-0.8,4,0,4,1.3,0.0000,0.0000
2017,12,14,8,30,-0.1,37,343,72,1.7000000000000002,0.0000,0.0000
2017,12,14,9,0,0.6000000000000001,57,470,139,2.2,6.6273,5.0507
2017,12,14,9,30,1.2000000000000002,70,569,207,2.2,10.0260,7.6888
2017,12,14,10,0,1.7000000000000002,176,36,187,2.3000000000000003,9.3315,7.1980
2017,12,14,10,30,2.2,187,194,254,2.5,13.0114,10.0768
2017,12,14,11,0,2.7,141,15,147,2.7,7.6783,5.9618
2017,12,14,11,30,3,155,1,155,2.8000000000000003,8.2014,6.3779
2017,12,14,12,0,3.2,127,4,129,3,6.8730,5.3491
2017,12,14,12,30,3.2,197,29,209,3,11.1502,8.6792
2017,12,14,13,0,3.2,239,139,296,3,15.7257,12.2349
2017,12,14,13,30,3.1,207,53,228,3,11.9929,9.3199
2017,12,14,14,0,3,205,205,279,2.9000000000000004,14.4396,11.1984
2017,12,14,14,30,2.7,96,5,97,2.7,4.9061,3.7925
2017,12,14,15,0,2.5,92,1,92,2.4000000000000004,4.5204,3.4772
2017,12,14,15,30,1.7000000000000002,32,0,32,2.1,1.5310,1.1700
2017,12,14,16,0,1,34,0,34,1.7000000000000002,0.0000,0.0000
2017,12,14,16,30,0.4,8,0,8,1.9000000000000001,0.0000,0.0000
2017,12,14,17,0,-0.1,0,0,0,2.1,0.0000,0.0000
2017,12,14,17,30,-0.1,0,0,0,2.7,0.0000,0.0000
2017,12,14,18,0,-0.1,0,0,0,3.3000000000000003,0.0000,0.0000
2017,12,14,18,30,-0.30000000000000004,0,0,0,3.6,0.0000,0.0000
2017,12,14,19,0,-0.4,0,0,0,4,0.0000,0.0000
2017,12,14,19,30,-0.8,0,0,0,4,0.0000,0.0000
2017,12,14,20,0,-1.2000000000000002,0,0,0,4,0.0000,0.0000
2017,12,14,20,30,-1.6,0,0,0,3.8000000000000003,0.0000,0.0000
2017,12,14,21,0,-2,0,0,0,3.6,0.0000,0.0000
2017,12,14,21,30,-2.4000000000000004,0,0,0,3.2,0.0000,0.0000
2017,12,14,22,0,-2.9000000000000004,0,0,0,2.8000000000000003,0.0000,0.0000
2017,12,14,22,30,-3.1,0,0,0,2.6,0.0000,0.0000
2017,12,14,23,0,-3.3000000000000003,0,0,0,2.4000000000000004,0.0000,0.0000
2017,12,14,23,30,-3.4000000000000004,0,0,0,2.3000000000000003,0.0000,0.0000
2017,12,15,0,0,-3.4000000000000004,0,0,0,2.3000000000000003,0.0000,0.0000
2017,12,15,0,30,-3.3000000000000003,0,0,0,2.4000000000000004,0.0000,0.0000
2017,12,15,1,0,-3.2,0,0,0,2.6,0.0000,0.0000
2017,12,15,1,30,-3,0,0,0,2.9000000000000004,0.0000,0.0000
2017,12,15,2,0,-2.7,0,0,0,3.1,0.0000,0.0000
2017,12,15,2,30,-2.6,0,0,0,3.3000000000000003,0.0000,0.0000
2017,12,15,3,0,-2.4000000000000004,0,0,0,3.6,0.0000,0.0000
2017,12,15,3,30,-2.3000000000000003,0,0,0,3.7,0.0000,0.0000
2017,12,15,4,0,-2.2,0,0,0,3.9000000000000004,0.0000,0.0000
2017,12,15,4,30,-2,0,0,0,4,0.0000,0.0000
2017,12,15,5,0,-1.8,0,0,0,4.1000000000000005,0.0000,0.0000
2017,12,15,5,30,-1.7000000000000002,0,0,0,4,0.0000,0.0000
2017,12,15,6,0,-1.6,0,0,0,3.9000000000000004,0.0000,0.0000
2017,12,15,6,30,-1.6,0,0,0,3.9000000000000004,0.0000,0.0000
2017,12,15,7,0,-1.5,0,0,0,3.9000000000000004,0.0000,0.0000
2017,12,15,7,30,-1.3,0,0,0,4,0.0000,0.0000
2017,12,15,8,0,-1.2000000000000002,6,0,6,4.1000000000000005,0.0000,0.0000
2017,12,15,8,30,-0.6000000000000001,30,0,30,4.3,0.0000,0.0000
2017,12,15,9,0,0.1,56,1,56,4.6000000000000005,0.0000,0.0000
2017,12,15,9,30,1.1,60,3,60,4.800000000000001,2.9038,2.2265
2017,12,15,10,0,2.1,97,8,99,5.1000000000000005,4.9356,3.8066
2017,12,15,10,30,2.9000000000000004,130,18,136,5.300000000000001,6.9611,5.3905
2017,12,15,11,0,3.7,184,57,206,5.4,10.7530,8.3485
2017,12,15,11,30,4.3,179,378,332,5.4,17.5572,13.6527
2017,12,15,12,0,4.9,243,192,324,5.4,17.2547,13.4282
2017,12,15,12,30,5.5,241,216,332,5.300000000000001,17.7058,13.7814
2017,12,15,13,0,6,60,886,427,5.300000000000001,22.6802,17.6453
2017,12,15,13,30,6.300000000000001,193,362,336,5.1000000000000005,17.6709,13.7321
2017,12,15,14,0,6.7,56,852,365,4.800000000000001,18.8889,14.6489
2017,12,15,14,30,6.300000000000001,53,819,315,4.3,15.9321,12.3160
2017,12,15,15,0,6,138,233,200,3.7,9.8278,7.5600
2017,12,15,15,30,4.7,42,694,185,3.4000000000000004,8.8518,6.7648
2017,12,15,16,0,3.4000000000000004,75,65,84,3.2,0.0000,0.0000
2017,12,15,16,30,2.8000000000000003,20,388,45,3.3000000000000003,0.0000,0.0000
2017,12,15,17,0,2.2,0,0,0,3.4000000000000004,0.0000,0.0000
2017,12,15,17,30,2.4000000000000004,0,0,0,3.7,0.0000,0.0000
2017,12,15,18,0,2.6,0,0,0,4,0.0000,0.0000
2017,12,15,18,30,2.4000000000000004,0,0,0,3.9000000000000004,0.0000,0.0000
2017,12,15,19,0,2.1,0,0,0,3.9000000000000004,0.0000,0.0000
2017,12,15,19,30,1.7000000000000002,0,0,0,3.8000000000000003,0.0000,0.0000
2017,12,15,20,0,1.3,0,0,0,3.7,0.0000,0.0000
2017,12,15,20,30,1,0,0,0,3.7,0.0000,0.0000
2017,12,15,21,0,0.8,0,0,0,3.6,0.0000,0.0000
2017,12,15,21,30,0.6000000000000001,0,0,0,3.7,0.0000,0.0000
2017,12,15,22,0,0.5,0,0,0,3.7,0.0000,0.0000
2017,12,15,22,30,0.30000000000000004,0,0,0,3.7,0.0000,0.0000
2017,12,15,23,0,0.1,0,0,0,3.7,0.0000,0.0000
2017,12,15,23,30,-0.1,0,0,0,3.6,0.0000,0.0000
2017,12,16,0,0,-0.4,0,0,0,3.5,0.0000,0.0000
2017,12,16,0,30,-0.5,0,0,0,3.4000000000000004,0.0000,0.0000
2017,12,16,1,0,-0.7000000000000001,0,0,0,3.3000000000000003,0.0000,0.0000
2017,12,16,1,30,-0.9,0,0,0,3.2,0.0000,0.0000
2017,12,16,2,0,-1,0,0,0,3.1,0.0000,0.0000
2017,12,16,2,30,-1.2000000000000002,0,0,0,2.9000000000000004,0.0000,0.0000
2017,12,16,3,0,-1.4000000000000001,0,0,0,2.7,0.0000,0.0000
2017,12,16,3,30,-1.4000000000000001,0,0,0,2.5,0.0000,0.0000
2017,12,16,4,0,-1.4000000000000001,0,0,0,2.3000000000000003,0.0000,0.0000
2017,12,16,4,30,-1.2000000000000002,0,0,0,2.1,0.0000,0.0000
2017,12,16,5,0,-1,0,0,0,2,0.0000,0.0000
2017,12,16,5,30,-0.9,0,0,0,1.9000000000000001,0.0000,0.0000
2017,12,16,6,0,-0.9,0,0,0,1.8,0.0000,0.0000
2017,12,16,6,30,-0.9,0,0,0,1.8,0.0000,0.0000
2017,12,16,7,0,-0.9,0,0,0,1.8,0.0000,0.0000
2017,12,16,7,30,-0.30000000000000004,0,0,0,2,0.0000,0.0000
2017,12,16,8,0,0.30000000000000004,4,0,4,2.3000000000000003,0.0000,0.0000
2017,12,16,8,30,1.3,23,0,23,2.9000000000000004,0.0000,0.0000
2017,12,16,9,0,2.3000000000000003,95,39,102,3.6,0.0000,0.0000
2017,12,16,9,30,2.9000000000000004,98,363,184,3.5,8.8983,6.8215
2017,12,16,10,0,3.5,147,222,211,3.4000000000000004,10.5104,8.1051
2017,12,16,10,30,4.3,177,68,200,3.3000000000000003,10.2287,7.9199
2017,12,16,11,0,5.2,195,71,221,3.3000000000000003,11.5283,8.9497
2017,12,16,11,30,6.1000000000000005,218,91,255,3.6,13.4789,10.4808
2017,12,16,12,0,7.1000000000000005,226,139,285,3.9000000000000004,15.1721,11.8070
2017,12,16,12,30,7.6000000000000005,232,141,291,4,15.5146,12.0755
2017,12,16,13,0,8.1,194,330,331,4.1000000000000005,17.5771,13.6747
2017,12,16,13,30,8.1,213,167,278,4,14.6194,11.3606
2017,12,16,14,0,8.1,190,189,259,3.9000000000000004,13.4033,10.3947
2017,12,16,14,30,7.5,167,85,194,3.4000000000000004,9.8121,7.5851
2017,12,16,15,0,6.800000000000001,119,307,202,2.9000000000000004,9.9279,7.6373
2017,12,16,15,30,5.300000000000001,114,20,118,2.4000000000000004,5.6468,4.3157
2017,12,16,16,0,3.7,76,44,82,1.9000000000000001,0.0000,0.0000
2017,12,16,16,30,2.6,33,9,33,2,0.0000,0.0000
2017,12,16,17,0,1.5,0,0,0,2.2,0.0000,0.0000
2017,12,16,17,30,1.3,0,0,0,2.4000000000000004,0.0000,0.0000
2017,12,16,18,0,1.1,0,0,0,2.6,0.0000,0.0000
2017,12,16,18,30,0.9,0,0,0,2.7,0.0000,0.0000
2017,12,16,19,0,0.8,0,0,0,2.8000000000000003,0.0000,0.0000
2017,12,16,19,30,0.4,0,0,0,2.7,0.0000,0.0000
2017,12,16,20,0,0.1,0,0,0,2.6,0.0000,0.0000
2017,12,16,20,30,-0.30000000000000004,0,0,0,2.5,0.0000,0.0000
2017,12,16,21,0,-0.7000000000000001,0,0,0,2.5,0.0000,0.0000
2017,12,16,21,30,-0.6000000000000001,0,0,0,2.9000000000000004,0.0000,0.0000
2017,12,16,22,0,-0.6000000000000001,0,0,0,3.3000000000000003,0.0000,0.0000
2017,12,16,22,30,-0.7000000000000001,0,0,0,3.5,0.0000,0.0000
2017,12,16,23,0,-0.8,0,0,0,3.7,0.0000,0.0000
2017,12,16,23,30,-1.3,0,0,0,3.4000000000000004,0.0000,0.0000
2017,12,17,0,0,-1.8,0,0,0,3.1,0.0000,0.0000
2017,12,17,0,30,-2.2,0,0,0,2.8000000000000003,0.0000,0.0000
2017,12,17,1,0,-2.7,0,0,0,2.6,0.0000,0.0000
2017,12,17,1,30,-2.7,0,0,0,2.9000000000000004,0.0000,0.0000
2017,12,17,2,0,-2.7,0,0,0,3.3000000000000003,0.0000,0.0000
2017,12,17,2,30,-2.6,0,0,0,3.6,0.0000,0.0000
2017,12,17,3,0,-2.6,0,0,0,4,0.0000,0.0000
2017,12,17,3,30,-2.6,0,0,0,4,0.0000,0.0000
2017,12,17,4,0,-2.6,0,0,0,4.1000000000000005,0.0000,0.0000
2017,12,17,4,30,-2.6,0,0,0,3.9000000000000004,0.0000,0.0000
2017,12,17,5,0,-2.6,0,0,0,3.7,0.0000,0.0000
2017,12,17,5,30,-2.7,0,0,0,3.6,0.0000,0.0000
2017,12,17,6,0,-2.7,0,0,0,3.5,0.0000,0.0000
2017,12,17,6,30,-2.7,0,0,0,3.5,0.0000,0.0000
2017,12,17,7,0,-2.6,0,0,0,3.5,0.0000,0.0000
2017,12,17,7,30,-2.5,0,0,0,3.5,0.0000,0.0000
2017,12,17,8,0,-2.4000000000000004,3,0,3,3.5,0.0000,0.0000
2017,12,17,8,30,-2.1,12,0,12,3.3000000000000003,0.0000,0.0000
2017,12,17,9,0,-1.8,47,532,137,3.2,0.0000,0.0000
2017,12,17,9,30,-1.3,57,634,206,3.1,9.9562,7.6313
2017,12,17,10,0,-0.7000000000000001,98,1,98,3,4.8780,3.7612
2017,12,17,10,30,-0.30000000000000004,84,0,84,3.2,4.2933,3.3240
2017,12,17,11,0,0.2,116,0,116,3.3000000000000003,6.0480,4.6949
2017,12,17,11,30,0.8,137,1,137,3.5,7.2382,5.6279
2017,12,17,12,0,1.5,249,51,270,3.6,14.3693,11.1818
2017,12,17,12,30,1.9000000000000001,197,328,336,3.6,17.9098,13.9394
2017,12,17,13,0,2.4000000000000004,77,815,414,3.6,21.9813,17.1008
2017,12,17,13,30,2.5,230,176,299,3.5,15.7225,12.2177
2017,12,17,14,0,2.6,174,335,296,3.4000000000000004,15.3181,11.8796
2017,12,17,14,30,2.3000000000000003,152,309,252,3,12.7480,9.8549
2017,12,17,15,0,2.1,119,19,124,2.5,6.0960,4.6897
2017,12,17,15,30,1.3,74,6,75,1.7000000000000002,3.5896,2.7436
2017,12,17,16,0,0.5,76,34,80,0.9,0.0000,0.0000
2017,12,17,16,30,0.1,16,0,16,0.8,0.0000,0.0000
2017,12,17,17,0,-0.30000000000000004,0,0,0,0.7000000000000001,0.0000,0.0000
2017,12,17,17,30,-0.30000000000000004,0,0,0,0.6000000000000001,0.0000,0.0000
2017,12,17,18,0,-0.2,0,0,0,0.4,0.0000,0.0000
2017,12,17,18,30,-0.5,0,0,0,0.4,0.0000,0.0000
2017,12,17,19,0,-0.8,0,0,0,0.4,0.0000,0.0000
2017,12,17,19,30,-1.4000000000000001,0,0,0,0.7000000000000001,0.0000,0.0000
2017,12,17,20,0,-2,0,0,0,0.9,0.0000,0.0000
2017,12,17,20,30,-2.4000000000000004,0,0,0,1,0.0000,0.0000
2017,12,17,21,0,-2.8000000000000003,0,0,0,1.1,0.0000,0.0000
2017,12,17,21,30,-2.9000000000000004,0,0,0,1.3,0.0000,0.0000
2017,12,17,22,0,-3,0,0,0,1.4000000000000001,0.0000,0.0000
2017,12,17,22,30,-2.9000000000000004,0,0,0,1.6,0.0000,0.0000
2017,12,17,23,0,-2.9000000000000004,0,0,0,1.7000000000000002,0.0000,0.0000
2017,12,17,23,30,-2.8000000000000003,0,0,0,1.9000000000000001,0.0000,0.0000
2017,12,18,0,0,-2.7,0,0,0,2,0.0000,0.0000
2017,12,18,0,30,-2.6,0,0,0,2.2,0.0000,0.0000
2017,12,18,1,0,-2.6,0,0,0,2.3000000000000003,0.0000,0.0000
2017,12,18,1,30,-2.5,0,0,0,2.5,0.0000,0.0000
2017,12,18,2,0,-2.5,0,0,0,2.6,0.0000,0.0000
2017,12,18,2,30,-2.3000000000000003,0,0,0,3,0.0000,0.0000
2017,12,18,3,0,-2.1,0,0,0,3.4000000000000004,0.0000,0.0000
2017,12,18,3,30,-2,0,0,0,3.8000000000000003,0.0000,0.0000
2017,12,18,4,0,-1.9000000000000001,0,0,0,4.2,0.0000,0.0000
2017,12,18,4,30,-1.8,0,0,0,4.5,0.0000,0.0000
2017,12,18,5,0,-1.8,0,0,0,4.800000000000001,0.0000,0.0000
2017,12,18,5,30,-1.8,0,0,0,4.800000000000001,0.0000,0.0000
2017,12,18,6,0,-1.9000000000000001,0,0,0,4.7,0.0000,0.0000
2017,12,18,6,30,-2,0,0,0,4.6000000000000005,0.0000,0.0000
2017,12,18,7,0,-2.1,0,0,0,4.5,0.0000,0.0000
2017,12,18,7,30,-2,0,0,0,4.5,0.0000,0.0000
2017,12,18,8,0,-1.8,11,218,15,4.5,0.0000,0.0000
2017,12,18,8,30,-1.1,26,474,72,4.4,0.0000,0.0000
2017,12,18,9,0,-0.4,35,639,143,4.3,0.0000,0.0000
2017,12,18,9,30,0.9,42,731,213,4.3,10.2876,7.8840
2017,12,18,10,0,2.2,45,804,279,4.2,13.8770,10.6985
2017,12,18,10,30,3.7,49,844,334,4.3,17.0604,13.2072
2017,12,18,11,0,5.2,50,875,378,4.3,19.6983,15.2903
2017,12,18,11,30,6.5,51,892,410,4.5,21.6534,16.8353
2017,12,18,12,0,7.9,59,887,429,4.7,22.8243,17.7607
2017,12,18,12,30,8.5,59,890,434,4.9,23.1300,18.0021
2017,12,18,13,0,9.200000000000001,59,879,422,5.1000000000000005,22.4044,17.4298
2017,12,18,13,30,9.3,58,866,398,4.9,20.9283,16.2631
2017,12,18,14,0,9.4,56,843,361,4.7,18.6835,14.4897
2017,12,18,14,30,8.8,144,446,287,4.2,14.5212,11.2260
2017,12,18,15,0,8.200000000000001,133,213,191,3.7,9.3924,7.2261
2017,12,18,15,30,6.7,111,121,136,3.4000000000000004,6.5104,4.9763
2017,12,18,16,0,5.300000000000001,70,24,74,3.2,0.0000,0.0000
2017,12,18,16,30,4.6000000000000005,25,1,25,3.3000000000000003,0.0000,0.0000
2017,12,18,17,0,3.9000000000000004,0,0,0,3.4000000000000004,0.0000,0.0000
2017,12,18,17,30,3.9000000000000004,0,0,0,3.5,0.0000,0.0000
2017,12,18,18,0,3.9000000000000004,0,0,0,3.6,0.0000,0.0000
2017,12,18,18,30,4,0,0,0,3.7,0.0000,0.0000
2017,12,18,19,0,4.1000000000000005,0,0,0,3.8000000000000003,0.0000,0.0000
2017,12,18,19,30,4,0,0,0,3.8000000000000003,0.0000,0.0000
2017,12,18,20,0,3.9000000000000004,0,0,0,3.9000000000000004,0.0000,0.0000
2017,12,18,20,30,3.8000000000000003,0,0,0,3.9000000000000004,0.0000,0.0000
2017,12,18,21,0,3.7,0,0,0,4,0.0000,0.0000
2017,12,18,21,30,3.6,0,0,0,3.9000000000000004,0.0000,0.0000
2017,12,18,22,0,3.5,0,0,0,3.9000000000000004,0.0000,0.0000
2017,12,18,22,30,3.3000000000000003,0,0,0,3.8000000000000003,0.0000,0.0000
2017,12,18,23,0,3.1,0,0,0,3.8000000000000003,0.0000,0.0000
2017,12,18,23,30,2.8000000000000003,0,0,0,3.7,0.0000,0.0000
2017,12,19,0,0,2.4000000000000004,0,0,0,3.5,0.0000,0.0000
2017,12,19,0,30,2.2,0,0,0,3.6,0.0000,0.0000
2017,12,19,1,0,1.9000000000000001,0,0,0,3.6,0.0000,0.0000
2017,12,19,1,30,1.8,0,0,0,3.8000000000000003,0.0000,0.0000
2017,12,19,2,0,1.7000000000000002,0,0,0,3.9000000000000004,0.0000,0.0000
2017,12,19,2,30,1.6,0,0,0,4.2,0.0000,0.0000
2017,12,19,3,0,1.5,0,0,0,4.4,0.0000,0.0000
2017,12,19,3,30,1.5,0,0,0,4.6000000000000005,0.0000,0.0000
2017,12,19,4,0,1.4000000000000001,0,0,0,4.7,0.0000,0.0000
2017,12,19,4,30,1.3,0,0,0,4.7,0.0000,0.0000
2017,12,19,5,0,1.3,0,0,0,4.7,0.0000,0.0000
2017,12,19,5,30,1.2000000000000002,0,0,0,4.7,0.0000,0.0000
2017,12,19,6,0,1.2000000000000002,0,0,0,4.7,0.0000,0.0000
2017,12,19,6,30,1,0,0,0,4.6000000000000005,0.0000,0.0000
2017,12,19,7,0,0.8,0,0,0,4.4,0.0000,0.0000
2017,12,19,7,30,0.8,0,0,0,4.4,0.0000,0.0000
2017,12,19,8,0,0.8,5,0,5,4.5,0.0000,0.0000
2017,12,19,8,30,1.3,36,3,36,4.6000000000000005,0.0000,0.0000
2017,12,19,9,0,1.8,84,33,90,4.800000000000001,0.0000,0.0000
2017,12,19,9,30,2.6,118,40,127,5,6.1308,4.6978
2017,12,19,10,0,3.5,141,231,207,5.300000000000001,10.2892,7.9315
2017,12,19,10,30,4.2,113,508,284,5.4,14.4986,11.2232
2017,12,19,11,0,4.9,52,870,378,5.5,19.6901,15.2831
2017,12,19,11,30,5.4,53,888,409,5.300000000000001,21.5938,16.7883
2017,12,19,12,0,5.9,50,903,426,5.2,22.6596,17.6321
2017,12,19,12,30,6.1000000000000005,50,906,431,5.1000000000000005,22.9667,17.8747
2017,12,19,13,0,6.300000000000001,50,901,421,5,22.3496,17.3870
2017,12,19,13,30,6.2,49,889,398,4.9,20.9299,16.2645
2017,12,19,14,0,6.2,47,869,362,4.7,18.7385,14.5327
2017,12,19,14,30,5.800000000000001,44,837,313,4.2,15.8411,12.2469
2017,12,19,15,0,5.4,41,791,255,3.7,12.5441,9.6515
2017,12,19,15,30,3.9000000000000004,36,722,188,2.6,9.0019,6.8814
2017,12,19,16,0,2.3000000000000003,29,616,116,1.5,0.0000,0.0000
2017,12,19,16,30,1.2000000000000002,19,439,49,1.5,0.0000,0.0000
2017,12,19,17,0,0,0,0,0,1.4000000000000001,0.0000,0.0000
2017,12,19,17,30,-0.30000000000000004,0,0,0,1.4000000000000001,0.0000,0.0000
2017,12,19,18,0,-0.6000000000000001,0,0,0,1.5,0.0000,0.0000
2017,12,19,18,30,-0.9,0,0,0,1.5,0.0000,0.0000
2017,12,19,19,0,-1.2000000000000002,0,0,0,1.5,0.0000,0.0000
2017,12,19,19,30,-1.5,0,0,0,1.6,0.0000,0.0000
2017,12,19,20,0,-1.7000000000000002,0,0,0,1.6,0.0000,0.0000
2017,12,19,20,30,-2,0,0,0,1.6,0.0000,0.0000
2017,12,19,21,0,-2.3000000000000003,0,0,0,1.6,0.0000,0.0000
2017,12,19,21,30,-2.5,0,0,0,1.7000000000000002,0.0000,0.0000
2017,12,19,22,0,-2.7,0,0,0,1.7000000000000002,0.0000,0.0000
2017,12,19,22,30,-2.9000000000000004,0,0,0,1.7000000000000002,0.0000,0.0000
2017,12,19,23,0,-3,0,0,0,1.7000000000000002,0.0000,0.0000
2017,12,19,23,30,-3.2,0,0,0,1.7000000000000002,0.0000,0.0000
2017,12,20,0,0,-3.3000000000000003,0,0,0,1.7000000000000002,0.0000,0.0000
2017,12,20,0,30,-3.5,0,0,0,1.7000000000000002,0.0000,0.0000
2017,12,20,1,0,-3.6,0,0,0,1.7000000000000002,0.0000,0.0000
2017,12,20,1,30,-3.7,0,0,0,1.7000000000000002,0.0000,0.0000
2017,12,20,2,0,-3.8000000000000003,0,0,0,1.8,0.0000,0.0000
2017,12,20,2,30,-3.9000000000000004,0,0,0,1.8,0.0000,0.0000
2017,12,20,3,0,-3.9000000000000004,0,0,0,1.9000000000000001,0.0000,0.0000
2017,12,20,3,30,-3.9000000000000004,0,0,0,2.1,0.0000,0.0000
2017,12,20,4,0,-3.9000000000000004,0,0,0,2.3000000000000003,0.0000,0.0000
2017,12,20,4,30,-3.8000000000000003,0,0,0,2.7,0.0000,0.0000
2017,12,20,5,0,-3.8000000000000003,0,0,0,3.1,0.0000,0.0000
2017,12,20,5,30,-3.9000000000000004,0,0,0,3.2,0.0000,0.0000
2017,12,20,6,0,-3.9000000000000004,0,0,0,3.4000000000000004,0.0000,0.0000
2017,12,20,6,30,-4,0,0,0,3.3000000000000003,0.0000,0.0000
2017,12,20,7,0,-4,0,0,0,3.3000000000000003,0.0000,0.0000
2017,12,20,7,30,-3.7,0,0,0,3.4000000000000004,0.0000,0.0000
2017,12,20,8,0,-3.5,3,0,3,3.6,0.0000,0.0000
2017,12,20,8,30,-2.7,43,8,43,3.7,0.0000,0.0000
2017,12,20,9,0,-1.9000000000000001,82,5,82,3.9000000000000004,0.0000,0.0000
2017,12,20,9,30,-0.7000000000000001,48,701,210,4.5,10.1324,7.7631
2017,12,20,10,0,0.5,54,770,275,5.2,13.6615,10.5301
2017,12,20,10,30,1.4000000000000001,58,814,332,5.2,16.9414,13.1133
2017,12,20,11,0,2.2,221,50,240,5.300000000000001,12.4974,9.6999
2017,12,20,11,30,2.8000000000000003,64,862,409,5.2,21.5887,16.7839
2017,12,20,12,0,3.3000000000000003,69,859,426,5.1000000000000005,22.6562,17.6291
2017,12,20,12,30,3.6,69,862,431,5.1000000000000005,22.9650,17.8732
2017,12,20,13,0,4,70,846,419,5,22.2451,17.3059
2017,12,20,13,30,4.2,68,833,396,4.9,20.8264,16.1842
2017,12,20,14,0,4.3,189,223,270,4.7,13.9798,10.8425
2017,12,20,14,30,3.9000000000000004,151,242,229,4.1000000000000005,11.5941,8.9640
2017,12,20,15,0,3.5,30,0,30,3.5,1.4763,1.1360
2017,12,20,15,30,2.5,66,4,67,3.1,3.2091,2.4534
2017,12,20,16,0,1.5,22,0,22,2.6,0.0000,0.0000
2017,12,20,16,30,0.7000000000000001,23,352,47,2.6,0.0000,0.0000
2017,12,20,17,0,-0.1,0,0,0,2.6,0.0000,0.0000
2017,12,20,17,30,-0.4,0,0,0,2.7,0.0000,0.0000
2017,12,20,18,0,-0.8,0,0,0,2.7,0.0000,0.0000
2017,12,20,18,30,-0.8,0,0,0,2.9000000000000004,0.0000,0.0000
2017,12,20,19,0,-0.9,0,0,0,3.1,0.0000,0.0000
2017,12,20,19,30,-1,0,0,0,3.2,0.0000,0.0000
2017,12,20,20,0,-1.1,0,0,0,3.3000000000000003,0.0000,0.0000
2017,12,20,20,30,-1.2000000000000002,0,0,0,3.2,0.0000,0.0000
2017,12,20,21,0,-1.4000000000000001,0,0,0,3.1,0.0000,0.0000
2017,12,20,21,30,-1.6,0,0,0,2.9000000000000004,0.0000,0.0000
2017,12,20,22,0,-1.8,0,0,0,2.6,0.0000,0.0000
2017,12,20,22,30,-1.9000000000000001,0,0,0,2.3000000000000003,0.0000,0.0000
2017,12,20,23,0,-2,0,0,0,2.1,0.0000,0.0000
2017,12,20,23,30,-2,0,0,0,1.9000000000000001,0.0000,0.0000
2017,12,21,0,0,-2.1,0,0,0,1.7000000000000002,0.0000,0.0000
2017,12,21,0,30,-1.9000000000000001,0,0,0,1.7000000000000002,0.0000,0.0000
2017,12,21,1,0,-1.7000000000000002,0,0,0,1.6,0.0000,0.0000
2017,12,21,1,30,-1.4000000000000001,0,0,0,1.6,0.0000,0.0000
2017,12,21,2,0,-1.1,0,0,0,1.6,0.0000,0.0000
2017,12,21,2,30,-0.8,0,0,0,1.8,0.0000,0.0000
2017,12,21,3,0,-0.5,0,0,0,1.9000000000000001,0.0000,0.0000
2017,12,21,3,30,-0.30000000000000004,0,0,0,2.2,0.0000,0.0000
2017,12,21,4,0,-0.1,0,0,0,2.4000000000000004,0.0000,0.0000
2017,12,21,4,30,0,0,0,0,2.6,0.0000,0.0000
2017,12,21,5,0,0.1,0,0,0,2.8000000000000003,0.0000,0.0000
2017,12,21,5,30,0,0,0,0,3,0.0000,0.0000
2017,12,21,6,0,0,0,0,0,3.3000000000000003,0.0000,0.0000
2017,12,21,6,30,-0.1,0,0,0,3.5,0.0000,0.0000
2017,12,21,7,0,-0.2,0,0,0,3.8000000000000003,0.0000,0.0000
2017,12,21,7,30,-0.30000000000000004,0,0,0,4.1000000000000005,0.0000,0.0000
2017,12,21,8,0,-0.4,0,0,0,4.5,0.0000,0.0000
2017,12,21,8,30,-0.5,13,0,13,4.9,0.0000,0.0000
2017,12,21,9,0,-0.6000000000000001,36,0,36,5.300000000000001,0.0000,0.0000
2017,12,21,9,30,-0.8,69,0,70,5.800000000000001,3.3758,2.5861
2017,12,21,10,0,-0.9,58,0,58,6.2,2.8797,2.2194
2017,12,21,10,30,-1.1,46,0,46,6.5,2.3462,1.8160
2017,12,21,11,0,-1.3,41,0,41,6.9,2.1343,1.6564
2017,12,21,11,30,-1.5,46,0,46,7,2.4277,1.8873
2017,12,21,12,0,-1.6,61,0,61,7.2,3.2439,2.5241
2017,12,21,12,30,-1.8,113,0,113,7.2,6.0210,4.6860
2017,12,21,13,0,-2,61,0,61,7.300000000000001,3.2388,2.5197
2017,12,21,13,30,-2.2,81,0,81,7.300000000000001,4.2610,3.3113
2017,12,21,14,0,-2.3000000000000003,79,0,79,7.300000000000001,4.0914,3.1734
2017,12,21,14,30,-2.6,55,0,55,7.2,2.7856,2.1538
2017,12,21,15,0,-2.9000000000000004,64,1,64,7.1000000000000005,3.1512,2.4250
2017,12,21,15,30,-3.3000000000000003,54,0,54,6.9,2.5873,1.9782
2017,12,21,16,0,-3.7,34,0,34,6.6000000000000005,0.0000,0.0000
2017,12,21,16,30,-4,15,0,15,6.4,0.0000,0.0000
2017,12,21,17,0,-4.4,0,0,0,6.2,0.0000,0.0000
2017,12,21,17,30,-4.6000000000000005,0,0,0,6,0.0000,0.0000
2017,12,21,18,0,-4.800000000000001,0,0,0,5.9,0.0000,0.0000
2017,12,21,18,30,-4.9,0,0,0,5.6000000000000005,0.0000,0.0000
2017,12,21,19,0,-5,0,0,0,5.4,0.0000,0.0000
2017,12,21,19,30,-5.1000000000000005,0,0,0,5.300000000000001,0.0000,0.0000
2017,12,21,20,0,-5.2,0,0,0,5.2,0.0000,0.0000
2017,12,21,20,30,-5.2,0,0,0,5.1000000000000005,0.0000,0.0000
2017,12,21,21,0,-5.300000000000001,0,0,0,5,0.0000,0.0000
2017,12,21,21,30,-5.300000000000001,0,0,0,4.9,0.0000,0.0000
2017,12,21,22,0,-5.4,0,0,0,4.800000000000001,0.0000,0.0000
2017,12,21,22,30,-5.4,0,0,0,4.800000000000001,0.0000,0.0000
2017,12,21,23,0,-5.5,0,0,0,4.800000000000001,0.0000,0.0000
2017,12,21,23,30,-5.6000000000000005,0,0,0,4.800000000000001,0.0000,0.0000
2017,12,22,0,0,-5.6000000000000005,0,0,0,4.9,0.0000,0.0000
2017,12,22,0,30,-5.7,0,0,0,4.9,0.0000,0.0000
2017,12,22,1,0,-5.800000000000001,0,0,0,4.800000000000001,0.0000,0.0000
2017,12,22,1,30,-5.9,0,0,0,4.7,0.0000,0.0000
2017,12,22,2,0,-6,0,0,0,4.6000000000000005,0.0000,0.0000
2017,12,22,2,30,-6.2,0,0,0,4.4,0.0000,0.0000
2017,12,22,3,0,-6.4,0,0,0,4.2,0.0000,0.0000
2017,12,22,3,30,-6.6000000000000005,0,0,0,4,0.0000,0.0000
2017,12,22,4,0,-6.800000000000001,0,0,0,3.8000000000000003,0.0000,0.0000
2017,12,22,4,30,-7,0,0,0,3.6,0.0000,0.0000
2017,12,22,5,0,-7.1000000000000005,0,0,0,3.5,0.0000,0.0000
2017,12,22,5,30,-7.300000000000001,0,0,0,3.4000000000000004,0.0000,0.0000
2017,12,22,6,0,-7.4,0,0,0,3.3000000000000003,0.0000,0.0000
2017,12,22,6,30,-7.5,0,0,0,3.2,0.0000,0.0000
2017,12,22,7,0,-7.6000000000000005,0,0,0,3.1,0.0000,0.0000
2017,12,22,7,30,-7.5,0,0,0,3,0.0000,0.0000
2017,12,22,8,0,-7.5,0,0,0,2.9000000000000004,0.0000,0.0000
2017,12,22,8,30,-6.9,30,415,67,2.9000000000000004,0.0000,0.0000
2017,12,22,9,0,-6.300000000000001,44,601,141,2.9000000000000004,0.0000,0.0000
2017,12,22,9,30,-5.7,54,702,215,2.8000000000000003,10.3648,7.9393
2017,12,22,10,0,-5.1000000000000005,60,790,286,2.6,14.1948,10.9394
2017,12,22,10,30,-4.5,66,834,345,2.6,17.5904,13.6141
2017,12,22,11,0,-3.8000000000000003,67,875,393,2.5,20.4525,15.8730
2017,12,22,11,30,-3.3000000000000003,70,901,430,2.6,22.6900,17.6395
2017,12,22,12,0,-2.7,73,907,450,2.7,23.9290,18.6192
2017,12,22,12,30,-2.1,73,910,456,2.8000000000000003,24.2989,18.9115
2017,12,22,13,0,-1.6,71,909,447,2.9000000000000004,23.7371,18.4670
2017,12,22,13,30,-1.3,69,897,423,3,22.2571,17.2970
2017,12,22,14,0,-1,66,878,385,3.1,19.9462,15.4711
2017,12,22,14,30,-1.1,61,846,335,3,16.9764,13.1271
2017,12,22,15,0,-1.1,55,790,271,3,13.3505,10.2748
2017,12,22,15,30,-2,47,720,201,2.3000000000000003,9.6334,7.3665
2017,12,22,16,0,-2.8000000000000003,37,609,126,1.5,0.0000,0.0000
2017,12,22,16,30,-3.6,23,429,54,1.3,0.0000,0.0000
2017,12,22,17,0,-4.4,0,0,0,1.1,0.0000,0.0000
2017,12,22,17,30,-4.5,0,0,0,1.1,0.0000,0.0000
2017,12,22,18,0,-4.6000000000000005,0,0,0,1.1,0.0000,0.0000
2017,12,22,18,30,-4.7,0,0,0,1.3,0.0000,0.0000
2017,12,22,19,0,-4.800000000000001,0,0,0,1.5,0.0000,0.0000
2017,12,22,19,30,-5,0,0,0,1.8,0.0000,0.0000
2017,12,22,20,0,-5.1000000000000005,0,0,0,2.2,0.0000,0.0000
2017,12,22,20,30,-5.2,0,0,0,2.5,0.0000,0.0000
2017,12,22,21,0,-5.4,0,0,0,2.9000000000000004,0.0000,0.0000
2017,12,22,21,30,-5.6000000000000005,0,0,0,3.3000000000000003,0.0000,0.0000
2017,12,22,22,0,-5.800000000000001,0,0,0,3.7,0.0000,0.0000
2017,12,22,22,30,-6,0,0,0,4,0.0000,0.0000
2017,12,22,23,0,-6.300000000000001,0,0,0,4.3,0.0000,0.0000
2017,12,22,23,30,-6.7,0,0,0,4.2,0.0000,0.0000
2017,12,23,0,0,-7,0,0,0,4.2,0.0000,0.0000
2017,12,23,0,30,-7.4,0,0,0,4.1000000000000005,0.0000,0.0000
2017,12,23,1,0,-7.7,0,0,0,4.1000000000000005,0.0000,0.0000
2017,12,23,1,30,-8,0,0,0,4,0.0000,0.0000
2017,12,23,2,0,-8.200000000000001,0,0,0,4,0.0000,0.0000
2017,12,23,2,30,-8.5,0,0,0,4,0.0000,0.0000
2017,12,23,3,0,-8.8,0,0,0,3.9000000000000004,0.0000,0.0000
2017,12,23,3,30,-8.9,0,0,0,4,0.0000,0.0000
2017,12,23,4,0,-9.1,0,0,0,4,0.0000,0.0000
2017,12,23,4,30,-9.1,0,0,0,4.3,0.0000,0.0000
2017,12,23,5,0,-9,0,0,0,4.5,0.0000,0.0000
2017,12,23,5,30,-8.9,0,0,0,4.5,0.0000,0.0000
2017,12,23,6,0,-8.9,0,0,0,4.6000000000000005,0.0000,0.0000
2017,12,23,6,30,-8.8,0,0,0,4.4,0.0000,0.0000
2017,12,23,7,0,-8.8,0,0,0,4.2,0.0000,0.0000
2017,12,23,7,30,-8.8,0,0,0,3.9000000000000004,0.0000,0.0000
2017,12,23,8,0,-8.8,0,0,0,3.6,0.0000,0.0000
2017,12,23,8,30,-8.6,18,0,18,3.4000000000000004,0.0000,0.0000
2017,12,23,9,0,-8.5,75,1,75,3.1,0.0000,0.0000
2017,12,23,9,30,-8.200000000000001,96,5,97,2.8000000000000003,4.6746,3.5803
2017,12,23,10,0,-7.9,150,16,155,2.6,7.6894,5.9255
2017,12,23,10,30,-7.5,165,12,169,2.3000000000000003,8.6144,6.6668
2017,12,23,11,0,-7.1000000000000005,207,15,212,2.1,11.0311,8.5609
2017,12,23,11,30,-6.6000000000000005,207,20,215,1.9000000000000001,11.3441,8.8190
2017,12,23,12,0,-6.2,241,34,255,1.7000000000000002,13.5597,10.5509
2017,12,23,12,30,-5.9,224,17,231,1.5,12.3102,9.5810
2017,12,23,13,0,-5.5,269,73,299,1.4000000000000001,15.8802,12.3548
2017,12,23,13,30,-5.4,226,49,245,1.3,12.8953,10.0219
2017,12,23,14,0,-5.2,203,27,212,1.2000000000000002,10.9880,8.5233
2017,12,23,14,30,-5.300000000000001,178,359,294,1.2000000000000002,14.9055,11.5266
2017,12,23,15,0,-5.4,187,75,207,1.1,10.2041,7.8542
2017,12,23,15,30,-5.6000000000000005,56,667,199,1.2000000000000002,9.5418,7.2975
2017,12,23,16,0,-5.800000000000001,45,534,123,1.2000000000000002,0.0000,0.0000
2017,12,23,16,30,-6,27,345,53,1.3,0.0000,0.0000
2017,12,23,17,0,-6.2,0,0,0,1.3,0.0000,0.0000
2017,12,23,17,30,-6.300000000000001,0,0,0,1.4000000000000001,0.0000,0.0000
2017,12,23,18,0,-6.4,0,0,0,1.4000000000000001,0.0000,0.0000
2017,12,23,18,30,-6.6000000000000005,0,0,0,1.5,0.0000,0.0000
2017,12,23,19,0,-6.7,0,0,0,1.6,0.0000,0.0000
2017,12,23,19,30,-6.9,0,0,0,1.7000000000000002,0.0000,0.0000
2017,12,23,20,0,-7.1000000000000005,0,0,0,1.9000000000000001,0.0000,0.0000
2017,12,23,20,30,-7.2,0,0,0,2.1,0.0000,0.0000
2017,12,23,21,0,-7.300000000000001,0,0,0,2.3000000000000003,0.0000,0.0000
2017,12,23,21,30,-7.4,0,0,0,2.4000000000000004,0.0000,0.0000
2017,12,23,22,0,-7.5,0,0,0,2.5,0.0000,0.0000
2017,12,23,22,30,-7.6000000000000005,0,0,0,2.6,0.0000,0.0000
2017,12,23,23,0,-7.6000000000000005,0,0,0,2.6,0.0000,0.0000
2017,12,23,23,30,-7.7,0,0,0,2.6,0.0000,0.0000
2017,12,24,0,0,-7.800000000000001,0,0,0,2.6,0.0000,0.0000
2017,12,24,0,30,-7.800000000000001,0,0,0,2.6,0.0000,0.0000
2017,12,24,1,0,-7.800000000000001,0,0,0,2.6,0.0000,0.0000
2017,12,24,1,30,-7.800000000000001,0,0,0,2.7,0.0000,0.0000
2017,12,24,2,0,-7.7,0,0,0,2.8000000000000003,0.0000,0.0000
2017,12,24,2,30,-7.7,0,0,0,2.9000000000000004,0.0000,0.0000
2017,12,24,3,0,-7.800000000000001,0,0,0,3,0.0000,0.0000
2017,12,24,3,30,-7.800000000000001,0,0,0,3.2,0.0000,0.0000
2017,12,24,4,0,-7.800000000000001,0,0,0,3.4000000000000004,0.0000,0.0000
2017,12,24,4,30,-7.7,0,0,0,3.6,0.0000,0.0000
2017,12,24,5,0,-7.7,0,0,0,3.8000000000000003,0.0000,0.0000
2017,12,24,5,30,-7.800000000000001,0,0,0,3.9000000000000004,0.0000,0.0000
2017,12,24,6,0,-7.9,0,0,0,4,0.0000,0.0000
2017,12,24,6,30,-8.6,0,0,0,3.9000000000000004,0.0000,0.0000
2017,12,24,7,0,-9.200000000000001,0,0,0,3.7,0.0000,0.0000
2017,12,24,7,30,-9.700000000000001,0,0,0,3.8000000000000003,0.0000,0.0000
2017,12,24,8,0,-10.200000000000001,0,0,0,3.8000000000000003,0.0000,0.0000
2017,12,24,8,30,-9.5,38,0,38,4.5,0.0000,0.0000
2017,12,24,9,0,-8.8,100,8,101,5.1000000000000005,0.0000,0.0000
2017,12,24,9,30,-8,48,775,224,5.5,10.7911,8.2644
2017,12,24,10,0,-7.1000000000000005,55,839,294,5.800000000000001,14.5811,11.2356
2017,12,24,10,30,-6.300000000000001,60,881,354,5.9,18.0395,13.9605
2017,12,24,11,0,-5.6000000000000005,63,911,402,6,20.9139,16.2304
2017,12,24,11,30,-5,66,930,437,6,23.0558,17.9235
2017,12,24,12,0,-4.5,65,945,458,6,24.3562,18.9518
2017,12,24,12,30,-4.2,65,948,464,6,24.7307,19.2481
2017,12,24,13,0,-3.9000000000000004,62,947,455,6,24.1729,18.8071
2017,12,24,13,30,-3.7,61,936,431,5.9,22.6925,17.6367
2017,12,24,14,0,-3.4000000000000004,58,917,394,5.9,20.4317,15.8496
2017,12,24,14,30,-3.5,54,888,343,5.6000000000000005,17.4010,13.4576
2017,12,24,15,0,-3.5,49,844,281,5.4,13.8608,10.6701
2017,12,24,15,30,-4.2,42,779,210,4.800000000000001,10.0738,7.7055
2017,12,24,16,0,-4.9,35,669,134,4.2,0.0000,0.0000
2017,12,24,16,30,-5.5,23,496,60,4.3,0.0000,0.0000
2017,12,24,17,0,-6.1000000000000005,0,0,0,4.5,0.0000,0.0000
2017,12,24,17,30,-6.1000000000000005,0,0,0,4.800000000000001,0.0000,0.0000
2017,12,24,18,0,-6.2,0,0,0,5,0.0000,0.0000
2017,12,24,18,30,-6.6000000000000005,0,0,0,4.9,0.0000,0.0000
2017,12,24,19,0,-7.1000000000000005,0,0,0,4.7,0.0000,0.0000
2017,12,24,19,30,-7.7,0,0,0,4.5,0.0000,0.0000
2017,12,24,20,0,-8.3,0,0,0,4.3,0.0000,0.0000
2017,12,24,20,30,-8.8,0,0,0,4.1000000000000005,0.0000,0.0000
2017,12,24,21,0,-9.3,0,0,0,3.9000000000000004,0.0000,0.0000
2017,12,24,21,30,-9.8,0,0,0,3.6,0.0000,0.0000
2017,12,24,22,0,-10.3,0,0,0,3.2,0.0000,0.0000
2017,12,24,22,30,-10.700000000000001,0,0,0,3.1,0.0000,0.0000
2017,12,24,23,0,-11.200000000000001,0,0,0,2.9000000000000004,0.0000,0.0000
2017,12,24,23,30,-11.4,0,0,0,3,0.0000,0.0000
2017,12,25,0,0,-11.600000000000001,0,0,0,3.1,0.0000,0.0000
2017,12,25,0,30,-11.700000000000001,0,0,0,3.2,0.0000,0.0000
2017,12,25,1,0,-11.9,0,0,0,3.4000000000000004,0.0000,0.0000
2017,12,25,1,30,-11.9,0,0,0,3.4000000000000004,0.0000,0.0000
2017,12,25,2,0,-11.9,0,0,0,3.5,0.0000,0.0000
2017,12,25,2,30,-11.9,0,0,0,3.5,0.0000,0.0000
2017,12,25,3,0,-11.8,0,0,0,3.5,0.0000,0.0000
2017,12,25,3,30,-11.8,0,0,0,3.4000000000000004,0.0000,0.0000
2017,12,25,4,0,-11.8,0,0,0,3.2,0.0000,0.0000
2017,12,25,4,30,-11.8,0,0,0,3.2,0.0000,0.0000
2017,12,25,5,0,-11.8,0,0,0,3.1,0.0000,0.0000
2017,12,25,5,30,-11.8,0,0,0,3.1,0.0000,0.0000
2017,12,25,6,0,-11.700000000000001,0,0,0,3.1,0.0000,0.0000
2017,12,25,6,30,-11.8,0,0,0,3.1,0.0000,0.0000
2017,12,25,7,0,-11.8,0,0,0,3.2,0.0000,0.0000
2017,12,25,7,30,-11.8,0,0,0,3.7,0.0000,0.0000
2017,12,25,8,0,-11.700000000000001,0,0,0,4.1000000000000005,0.0000,0.0000
2017,12,25,8,30,-11.4,37,1,37,5,0.0000,0.0000
2017,12,25,9,0,-11,57,2,57,5.9,0.0000,0.0000
2017,12,25,9,30,-11,99,5,100,5.800000000000001,4.8165,3.6885
2017,12,25,10,0,-11,111,4,112,5.800000000000001,5.5531,4.2788
2017,12,25,10,30,-11.100000000000001,128,3,129,5.6000000000000005,6.5725,5.0863
2017,12,25,11,0,-11.200000000000001,109,1,109,5.4,5.6707,4.4008
2017,12,25,11,30,-11.4,193,11,197,5.300000000000001,10.3944,8.0806
2017,12,25,12,0,-11.600000000000001,131,1,131,5.1000000000000005,6.9676,5.4216
2017,12,25,12,30,-11.8,154,2,155,5,8.2632,6.4315
2017,12,25,13,0,-12.100000000000001,147,2,147,4.9,7.8121,6.0782
2017,12,25,13,30,-12.3,219,22,228,4.800000000000001,12.0092,9.3340
2017,12,25,14,0,-12.5,159,5,161,4.6000000000000005,8.3533,6.4804
2017,12,25,14,30,-12.8,138,5,139,4.4,7.0562,5.4577
2017,12,25,15,0,-13,130,9,133,4.2,6.5653,5.0546
2017,12,25,15,30,-13.3,66,1,66,4,3.1677,2.4234
2017,12,25,16,0,-13.600000000000001,53,0,53,3.7,0.0000,0.0000
2017,12,25,16,30,-13.8,18,0,18,3.5,0.0000,0.0000
2017,12,25,17,0,-14,0,0,0,3.3000000000000003,0.0000,0.0000
2017,12,25,17,30,-14.100000000000001,0,0,0,3.2,0.0000,0.0000
2017,12,25,18,0,-14.200000000000001,0,0,0,3.1,0.0000,0.0000
2017,12,25,18,30,-14.3,0,0,0,3.1,0.0000,0.0000
2017,12,25,19,0,-14.3,0,0,0,3,0.0000,0.0000
2017,12,25,19,30,-14.4,0,0,0,3,0.0000,0.0000
2017,12,25,20,0,-14.5,0,0,0,2.9000000000000004,0.0000,0.0000
2017,12,25,20,30,-14.600000000000001,0,0,0,3,0.0000,0.0000
2017,12,25,21,0,-14.600000000000001,0,0,0,3,0.0000,0.0000
2017,12,25,21,30,-14.700000000000001,0,0,0,3,0.0000,0.0000
2017,12,25,22,0,-14.700000000000001,0,0,0,3,0.0000,0.0000
2017,12,25,22,30,-14.700000000000001,0,0,0,3,0.0000,0.0000
2017,12,25,23,0,-14.8,0,0,0,3.1,0.0000,0.0000
2017,12,25,23,30,-14.8,0,0,0,3.1,0.0000,0.0000
2017,12,26,0,0,-14.8,0,0,0,3.1,0.0000,0.0000
2017,12,26,0,30,-14.8,0,0,0,3.1,0.0000,0.0000
2017,12,26,1,0,-14.8,0,0,0,3.1,0.0000,0.0000
2017,12,26,1,30,-14.8,0,0,0,3.1,0.0000,0.0000
2017,12,26,2,0,-14.8,0,0,0,3.1,0.0000,0.0000
2017,12,26,2,30,-14.9,0,0,0,3.1,0.0000,0.0000
2017,12,26,3,0,-14.9,0,0,0,3.1,0.0000,0.0000
2017,12,26,3,30,-15,0,0,0,3.1,0.0000,0.0000
2017,12,26,4,0,-15.200000000000001,0,0,0,3.1,0.0000,0.0000
2017,12,26,4,30,-15.3,0,0,0,3.1,0.0000,0.0000
2017,12,26,5,0,-15.4,0,0,0,3.2,0.0000,0.0000
2017,12,26,5,30,-15.5,0,0,0,3.2,0.0000,0.0000
2017,12,26,6,0,-15.700000000000001,0,0,0,3.2,0.0000,0.0000
2017,12,26,6,30,-15.9,0,0,0,3.2,0.0000,0.0000
2017,12,26,7,0,-16.1,0,0,0,3.2,0.0000,0.0000
2017,12,26,7,30,-16.2,0,0,0,3.2,0.0000,0.0000
2017,12,26,8,0,-16.3,0,0,0,3.2,0.0000,0.0000
2017,12,26,8,30,-15.700000000000001,31,0,31,3.4000000000000004,0.0000,0.0000
2017,12,26,9,0,-15.200000000000001,37,688,147,3.5,0.0000,0.0000
2017,12,26,9,30,-14.8,46,784,223,3.7,10.7386,8.2232
2017,12,26,10,0,-14.5,183,93,209,3.9000000000000004,10.3607,7.9829
2017,12,26,10,30,-14.200000000000001,58,888,353,4,17.9836,13.9168
2017,12,26,11,0,-13.9,62,916,403,4.1000000000000005,20.9659,16.2708
2017,12,26,11,30,-13.700000000000001,64,934,438,4.3,23.1122,17.9676
2017,12,26,12,0,-13.4,66,944,459,4.5,24.4167,18.9995
2017,12,26,12,30,-13.200000000000001,66,947,466,4.6000000000000005,24.8502,19.3422
2017,12,26,13,0,-13,65,945,458,4.7,24.3489,18.9454
2017,12,26,13,30,-12.9,63,934,434,4.800000000000001,22.8704,17.7769
2017,12,26,14,0,-12.8,59,917,397,4.800000000000001,20.6101,15.9903
2017,12,26,14,30,-13,55,888,347,4.7,17.6281,13.6360
2017,12,26,15,0,-13.100000000000001,49,847,285,4.6000000000000005,14.0800,10.8420
2017,12,26,15,30,-13.8,43,782,214,4.3,10.2766,7.8632
2017,12,26,16,0,-14.4,34,686,138,4.1000000000000005,0.0000,0.0000
2017,12,26,16,30,-15.200000000000001,22,521,63,3.9000000000000004,0.0000,0.0000
2017,12,26,17,0,-16,0,0,0,3.6,0.0000,0.0000
2017,12,26,17,30,-16.3,0,0,0,3.5,0.0000,0.0000
2017,12,26,18,0,-16.7,0,0,0,3.4000000000000004,0.0000,0.0000
2017,12,26,18,30,-16.900000000000002,0,0,0,3.2,0.0000,0.0000
2017,12,26,19,0,-17.1,0,0,0,3.1,0.0000,0.0000
2017,12,26,19,30,-17.3,0,0,0,3,0.0000,0.0000
2017,12,26,20,0,-17.5,0,0,0,2.9000000000000004,0.0000,0.0000
2017,12,26,20,30,-17.7,0,0,0,2.8000000000000003,0.0000,0.0000
2017,12,26,21,0,-17.8,0,0,0,2.7,0.0000,0.0000
2017,12,26,21,30,-17.8,0,0,0,2.5,0.0000,0.0000
2017,12,26,22,0,-17.900000000000002,0,0,0,2.4000000000000004,0.0000,0.0000
2017,12,26,22,30,-17.900000000000002,0,0,0,2.2,0.0000,0.0000
2017,12,26,23,0,-17.900000000000002,0,0,0,2,0.0000,0.0000
2017,12,26,23,30,-17.900000000000002,0,0,0,1.8,0.0000,0.0000
2017,12,27,0,0,-17.900000000000002,0,0,0,1.6,0.0000,0.0000
2017,12,27,0,30,-17.900000000000002,0,0,0,1.3,0.0000,0.0000
2017,12,27,1,0,-17.8,0,0,0,1.1,0.0000,0.0000
2017,12,27,1,30,-17.8,0,0,0,0.9,0.0000,0.0000
2017,12,27,2,0,-17.8,0,0,0,0.7000000000000001,0.0000,0.0000
2017,12,27,2,30,-17.8,0,0,0,0.8,0.0000,0.0000
2017,12,27,3,0,-17.8,0,0,0,0.9,0.0000,0.0000
2017,12,27,3,30,-17.8,0,0,0,1,0.0000,0.0000
2017,12,27,4,0,-17.8,0,0,0,1.2000000000000002,0.0000,0.0000
2017,12,27,4,30,-17.8,0,0,0,1.4000000000000001,0.0000,0.0000
2017,12,27,5,0,-17.900000000000002,0,0,0,1.7000000000000002,0.0000,0.0000
2017,12,27,5,30,-17.900000000000002,0,0,0,1.9000000000000001,0.0000,0.0000
2017,12,27,6,0,-18,0,0,0,2.2,0.0000,0.0000
2017,12,27,6,30,-18.1,0,0,0,2.4000000000000004,0.0000,0.0000
2017,12,27,7,0,-18.2,0,0,0,2.6,0.0000,0.0000
2017,12,27,7,30,-18,0,0,0,2.9000000000000004,0.0000,0.0000
2017,12,27,8,0,-17.8,0,0,0,3.3000000000000003,0.0000,0.0000
2017,12,27,8,30,-16.8,25,526,71,3.7,0.0000,0.0000
2017,12,27,9,0,-15.700000000000001,39,675,146,4.1000000000000005,0.0000,0.0000
2017,12,27,9,30,-15,74,2,75,4.4,3.6109,2.7649
2017,12,27,10,0,-14.3,135,16,139,4.7,6.8893,5.3080
2017,12,27,10,30,-13.8,201,38,213,4.9,10.8513,8.3974
2017,12,27,11,0,-13.3,157,8,160,5.1000000000000005,8.3239,6.4599
2017,12,27,11,30,-13,93,0,93,5.2,4.9082,3.8157
2017,12,27,12,0,-12.700000000000001,183,10,188,5.300000000000001,10.0038,7.7846
2017,12,27,12,30,-12.600000000000001,37,0,37,5.300000000000001,1.9738,1.5364
2017,12,27,13,0,-12.600000000000001,110,1,110,5.4,5.8506,4.5525
2017,12,27,13,30,-12.5,110,1,110,5.5,5.7999,4.5084
2017,12,27,14,0,-12.4,245,63,268,5.6000000000000005,13.9225,10.8027
2017,12,27,14,30,-12.4,155,10,158,5.6000000000000005,8.0332,6.2148
2017,12,27,15,0,-12.4,113,5,115,5.6000000000000005,5.6861,4.3791
2017,12,27,15,30,-12.5,61,0,61,5.6000000000000005,2.9311,2.2432
2017,12,27,16,0,-12.700000000000001,43,0,43,5.6000000000000005,0.0000,0.0000
2017,12,27,16,30,-12.8,23,0,23,5.6000000000000005,0.0000,0.0000
2017,12,27,17,0,-12.9,0,0,0,5.6000000000000005,0.0000,0.0000
2017,12,27,17,30,-13,0,0,0,5.7,0.0000,0.0000
2017,12,27,18,0,-13,0,0,0,5.7,0.0000,0.0000
2017,12,27,18,30,-13.100000000000001,0,0,0,5.7,0.0000,0.0000
2017,12,27,19,0,-13.100000000000001,0,0,0,5.7,0.0000,0.0000
2017,12,27,19,30,-13.100000000000001,0,0,0,5.800000000000001,0.0000,0.0000
2017,12,27,20,0,-13,0,0,0,5.9,0.0000,0.0000
2017,12,27,20,30,-13,0,0,0,5.9,0.0000,0.0000
2017,12,27,21,0,-13,0,0,0,5.9,0.0000,0.0000
2017,12,27,21,30,-13.100000000000001,0,0,0,5.6000000000000005,0.0000,0.0000
2017,12,27,22,0,-13.200000000000001,0,0,0,5.4,0.0000,0.0000
2017,12,27,22,30,-13.5,0,0,0,5.1000000000000005,0.0000,0.0000
2017,12,27,23,0,-13.8,0,0,0,4.800000000000001,0.0000,0.0000
2017,12,27,23,30,-14.100000000000001,0,0,0,4.6000000000000005,0.0000,0.0000
2017,12,28,0,0,-14.3,0,0,0,4.5,0.0000,0.0000
2017,12,28,0,30,-14,0,0,0,4.6000000000000005,0.0000,0.0000
2017,12,28,1,0,-13.700000000000001,0,0,0,4.7,0.0000,0.0000
2017,12,28,1,30,-13.4,0,0,0,4.7,0.0000,0.0000
2017,12,28,2,0,-13,0,0,0,4.7,0.0000,0.0000
2017,12,28,2,30,-12.700000000000001,0,0,0,4.5,0.0000,0.0000
2017,12,28,3,0,-12.4,0,0,0,4.4,0.0000,0.0000
2017,12,28,3,30,-12.3,0,0,0,4.2,0.0000,0.0000
2017,12,28,4,0,-12.100000000000001,0,0,0,4,0.0000,0.0000
2017,12,28,4,30,-11.9,0,0,0,3.8000000000000003,0.0000,0.0000
2017,12,28,5,0,-11.8,0,0,0,3.7,0.0000,0.0000
2017,12,28,5,30,-12,0,0,0,3.3000000000000003,0.0000,0.0000
2017,12,28,6,0,-12.200000000000001,0,0,0,2.9000000000000004,0.0000,0.0000
2017,12,28,6,30,-12.600000000000001,0,0,0,2.5,0.0000,0.0000
2017,12,28,7,0,-13,0,0,0,2.1,0.0000,0.0000
2017,12,28,7,30,-12.600000000000001,0,0,0,2.3000000000000003,0.0000,0.0000
2017,12,28,8,0,-12.3,0,0,0,2.4000000000000004,0.0000,0.0000
2017,12,28,8,30,-11.100000000000001,17,0,17,2.9000000000000004,0.0000,0.0000
2017,12,28,9,0,-9.9,32,0,32,3.4000000000000004,0.0000,0.0000
2017,12,28,9,30,-8.9,84,0,84,3.7,4.0437,3.0962
2017,12,28,10,0,-7.800000000000001,58,0,58,3.9000000000000004,2.8744,2.2146
2017,12,28,10,30,-6.9,140,0,140,3.9000000000000004,7.1323,5.5194
2017,12,28,11,0,-5.9,71,0,71,3.9000000000000004,3.6944,2.8671
2017,12,28,11,30,-5.300000000000001,214,2,215,3.9000000000000004,11.3495,8.8236
2017,12,28,12,0,-4.6000000000000005,234,3,235,4,12.5075,9.7331
2017,12,28,12,30,-4.2,239,3,241,4.1000000000000005,12.8612,10.0114
2017,12,28,13,0,-3.8000000000000003,216,17,223,4.2,11.8662,9.2338
2017,12,28,13,30,-3.9000000000000004,141,2,142,4.3,7.4912,5.8236
2017,12,28,14,0,-3.9000000000000004,98,1,99,4.3,5.1465,3.9936
2017,12,28,14,30,-4.4,102,1,102,4.1000000000000005,5.1903,4.0158
2017,12,28,15,0,-4.800000000000001,154,23,160,3.9000000000000004,7.9184,6.0993
2017,12,28,15,30,-5.6000000000000005,125,20,130,3.5,6.2506,4.7845
2017,12,28,16,0,-6.4,71,6,72,3.1,0.0000,0.0000
2017,12,28,16,30,-7.5,39,3,39,2.7,0.0000,0.0000
2017,12,28,17,0,-8.6,0,0,0,2.3000000000000003,0.0000,0.0000
2017,12,28,17,30,-9,0,0,0,2.4000000000000004,0.0000,0.0000
2017,12,28,18,0,-9.3,0,0,0,2.6,0.0000,0.0000
2017,12,28,18,30,-9.5,0,0,0,2.5,0.0000,0.0000
2017,12,28,19,0,-9.600000000000001,0,0,0,2.5,0.0000,0.0000
2017,12,28,19,30,-9.8,0,0,0,2.5,0.0000,0.0000
2017,12,28,20,0,-9.9,0,0,0,2.4000000000000004,0.0000,0.0000
2017,12,28,20,30,-10.100000000000001,0,0,0,2.4000000000000004,0.0000,0.0000
2017,12,28,21,0,-10.200000000000001,0,0,0,2.3000000000000003,0.0000,0.0000
2017,12,28,21,30,-10.3,0,0,0,2.3000000000000003,0.0000,0.0000
2017,12,28,22,0,-10.3,0,0,0,2.3000000000000003,0.0000,0.0000
2017,12,28,22,30,-10.3,0,0,0,2.3000000000000003,0.0000,0.0000
2017,12,28,23,0,-10.3,0,0,0,2.3000000000000003,0.0000,0.0000
2017,12,28,23,30,-10.4,0,0,0,2.2,0.0000,0.0000
2017,12,29,0,0,-10.4,0,0,0,2,0.0000,0.0000
2017,12,29,0,30,-10.5,0,0,0,1.9000000000000001,0.0000,0.0000
2017,12,29,1,0,-10.5,0,0,0,1.8,0.0000,0.0000
2017,12,29,1,30,-10.600000000000001,0,0,0,1.8,0.0000,0.0000
2017,12,29,2,0,-10.600000000000001,0,0,0,1.8,0.0000,0.0000
2017,12,29,2,30,-10.700000000000001,0,0,0,1.7000000000000002,0.0000,0.0000
2017,12,29,3,0,-10.700000000000001,0,0,0,1.7000000000000002,0.0000,0.0000
2017,12,29,3,30,-10.8,0,0,0,1.8,0.0000,0.0000
2017,12,29,4,0,-10.9,0,0,0,2,0.0000,0.0000
2017,12,29,4,30,-11,0,0,0,2.2,0.0000,0.0000
2017,12,29,5,0,-11,0,0,0,2.4000000000000004,0.0000,0.0000
2017,12,29,5,30,-11,0,0,0,2.6,0.0000,0.0000
2017,12,29,6,0,-11,0,0,0,2.8000000000000003,0.0000,0.0000
2017,12,29,6,30,-11,0,0,0,3,0.0000,0.0000
2017,12,29,7,0,-10.9,0,0,0,3.1,0.0000,0.0000
2017,12,29,7,30,-10.8,0,0,0,3.3000000000000003,0.0000,0.0000
2017,12,29,8,0,-10.700000000000001,0,0,0,3.5,0.0000,0.0000
2017,12,29,8,30,-10.5,25,0,25,3.6,0.0000,0.0000
2017,12,29,9,0,-10.3,56,2,56,3.8000000000000003,0.0000,0.0000
2017,12,29,9,30,-9.8,83,3,83,3.7,3.9952,3.0591
2017,12,29,10,0,-9.3,80,1,81,3.7,4.0143,3.0928
2017,12,29,10,30,-8.8,81,0,81,3.3000000000000003,4.1269,3.1937
2017,12,29,11,0,-8.3,18,0,18,3,0.9368,0.7270
2017,12,29,11,30,-8,20,0,20,2.6,1.0560,0.8210
2017,12,29,12,0,-7.6000000000000005,30,0,30,2.3000000000000003,1.5973,1.2430
2017,12,29,12,30,-7.4,276,18,283,2.5,15.1093,11.7619
2017,12,29,13,0,-7.300000000000001,153,4,155,2.6,8.2521,6.4219
2017,12,29,13,30,-7.300000000000001,39,0,39,3.1,2.0589,1.6007
2017,12,29,14,0,-7.4,29,0,29,3.7,1.5087,1.1708
2017,12,29,14,30,-7.7,68,0,68,4.1000000000000005,3.4633,2.6800
2017,12,29,15,0,-8,106,5,108,4.5,5.3499,4.1215
2017,12,29,15,30,-8.6,121,14,125,4.800000000000001,6.0145,4.6047
2017,12,29,16,0,-9.200000000000001,39,0,39,5.2,0.0000,0.0000
2017,12,29,16,30,-9.8,24,0,24,5.4,0.0000,0.0000
2017,12,29,17,0,-10.4,0,0,0,5.7,0.0000,0.0000
2017,12,29,17,30,-10.8,0,0,0,5.9,0.0000,0.0000
2017,12,29,18,0,-11.3,0,0,0,6,0.0000,0.0000
2017,12,29,18,30,-11.8,0,0,0,6,0.0000,0.0000
2017,12,29,19,0,-12.3,0,0,0,6,0.0000,0.0000
2017,12,29,19,30,-12.700000000000001,0,0,0,5.9,0.0000,0.0000
2017,12,29,20,0,-13.100000000000001,0,0,0,5.800000000000001,0.0000,0.0000
2017,12,29,20,30,-13.4,0,0,0,5.800000000000001,0.0000,0.0000
2017,12,29,21,0,-13.600000000000001,0,0,0,5.800000000000001,0.0000,0.0000
2017,12,29,21,30,-13.8,0,0,0,5.800000000000001,0.0000,0.0000
2017,12,29,22,0,-14,0,0,0,5.9,0.0000,0.0000
2017,12,29,22,30,-14.200000000000001,0,0,0,5.9,0.0000,0.0000
2017,12,29,23,0,-14.3,0,0,0,5.9,0.0000,0.0000
2017,12,29,23,30,-14.5,0,0,0,5.9,0.0000,0.0000
2017,12,30,0,0,-14.600000000000001,0,0,0,6,0.0000,0.0000
2017,12,30,0,30,-14.8,0,0,0,6,0.0000,0.0000
2017,12,30,1,0,-15,0,0,0,6.1000000000000005,0.0000,0.0000
2017,12,30,1,30,-15.200000000000001,0,0,0,6.1000000000000005,0.0000,0.0000
2017,12,30,2,0,-15.3,0,0,0,6.2,0.0000,0.0000
2017,12,30,2,30,-15.5,0,0,0,6,0.0000,0.0000
2017,12,30,3,0,-15.700000000000001,0,0,0,5.9,0.0000,0.0000
2017,12,30,3,30,-15.8,0,0,0,5.7,0.0000,0.0000
2017,12,30,4,0,-15.9,0,0,0,5.6000000000000005,0.0000,0.0000
2017,12,30,4,30,-16,0,0,0,5.5,0.0000,0.0000
2017,12,30,5,0,-16.1,0,0,0,5.4,0.0000,0.0000
2017,12,30,5,30,-16.3,0,0,0,5.2,0.0000,0.0000
2017,12,30,6,0,-16.400000000000002,0,0,0,5.1000000000000005,0.0000,0.0000
2017,12,30,6,30,-16.6,0,0,0,4.9,0.0000,0.0000
2017,12,30,7,0,-16.7,0,0,0,4.7,0.0000,0.0000
2017,12,30,7,30,-16.900000000000002,0,0,0,4.6000000000000005,0.0000,0.0000
2017,12,30,8,0,-17,0,0,0,4.5,0.0000,0.0000
2017,12,30,8,30,-16.900000000000002,23,0,23,4.5,0.0000,0.0000
2017,12,30,9,0,-16.8,79,1,79,4.6000000000000005,0.0000,0.0000
2017,12,30,9,30,-16.6,44,0,44,4.5,2.1180,1.6217
2017,12,30,10,0,-16.400000000000002,106,6,108,4.4,5.3528,4.1242
2017,12,30,10,30,-16.3,154,12,158,4.2,8.0515,6.2310
2017,12,30,11,0,-16.2,62,0,62,4.1000000000000005,3.2274,2.5049
2017,12,30,11,30,-16.1,63,0,63,3.8000000000000003,3.3275,2.5871
2017,12,30,12,0,-16,70,0,70,3.5,3.7287,2.9019
2017,12,30,12,30,-15.9,17,0,17,3.4000000000000004,0.9080,0.7069
2017,12,30,13,0,-15.700000000000001,228,21,237,3.3000000000000003,12.6253,9.8258
2017,12,30,13,30,-15.8,70,885,427,3.1,22.5583,17.5394
2017,12,30,14,0,-15.8,68,864,391,3,20.3587,15.8013
2017,12,30,14,30,-16,22,0,22,2.9000000000000004,1.1215,0.8680
2017,12,30,15,0,-16.1,164,5,166,2.8000000000000003,8.2321,6.3432
2017,12,30,15,30,-16.5,117,21,121,2.7,5.8268,4.4619
2017,12,30,16,0,-16.8,42,609,139,2.6,0.0000,0.0000
2017,12,30,16,30,-17.3,20,0,20,2.5,0.0000,0.0000
2017,12,30,17,0,-17.7,0,0,0,2.5,0.0000,0.0000
2017,12,30,17,30,-17.7,0,0,0,2.5,0.0000,0.0000
2017,12,30,18,0,-17.8,0,0,0,2.5,0.0000,0.0000
2017,12,30,18,30,-17.8,0,0,0,2.5,0.0000,0.0000
2017,12,30,19,0,-17.7,0,0,0,2.4000000000000004,0.0000,0.0000
2017,12,30,19,30,-17.8,0,0,0,2.5,0.0000,0.0000
2017,12,30,20,0,-17.900000000000002,0,0,0,2.6,0.0000,0.0000
2017,12,30,20,30,-18,0,0,0,2.7,0.0000,0.0000
2017,12,30,21,0,-18.1,0,0,0,2.8000000000000003,0.0000,0.0000
2017,12,30,21,30,-18.2,0,0,0,2.9000000000000004,0.0000,0.0000
2017,12,30,22,0,-18.3,0,0,0,2.9000000000000004,0.0000,0.0000
2017,12,30,22,30,-18.400000000000002,0,0,0,3.1,0.0000,0.0000
2017,12,30,23,0,-18.5,0,0,0,3.2,0.0000,0.0000
2017,12,30,23,30,-18.6,0,0,0,3.3000000000000003,0.0000,0.0000
2017,12,31,0,0,-18.7,0,0,0,3.4000000000000004,0.0000,0.0000
2017,12,31,0,30,-18.7,0,0,0,3.6,0.0000,0.0000
2017,12,31,1,0,-18.8,0,0,0,3.8000000000000003,0.0000,0.0000
2017,12,31,1,30,-18.8,0,0,0,3.9000000000000004,0.0000,0.0000
2017,12,31,2,0,-18.8,0,0,0,4,0.0000,0.0000
2017,12,31,2,30,-19,0,0,0,4,0.0000,0.0000
2017,12,31,3,0,-19.1,0,0,0,4,0.0000,0.0000
2017,12,31,3,30,-19.200000000000003,0,0,0,4,0.0000,0.0000
2017,12,31,4,0,-19.400000000000002,0,0,0,4,0.0000,0.0000
2017,12,31,4,30,-19.5,0,0,0,4.1000000000000005,0.0000,0.0000
2017,12,31,5,0,-19.700000000000003,0,0,0,4.1000000000000005,0.0000,0.0000
2017,12,31,5,30,-19.900000000000002,0,0,0,4.1000000000000005,0.0000,0.0000
2017,12,31,6,0,-20.1,0,0,0,4,0.0000,0.0000
2017,12,31,6,30,-20.3,0,0,0,4,0.0000,0.0000
2017,12,31,7,0,-20.6,0,0,0,4,0.0000,0.0000
2017,12,31,7,30,-20.6,0,0,0,4.1000000000000005,0.0000,0.0000
2017,12,31,8,0,-20.5,0,0,0,4.2,0.0000,0.0000
2017,12,31,8,30,-20.200000000000003,26,498,68,4.5,0.0000,0.0000
2017,12,31,9,0,-19.900000000000002,39,666,144,4.800000000000001,0.0000,0.0000
2017,12,31,9,30,-19.700000000000003,48,766,221,4.800000000000001,10.6379,8.1452
2017,12,31,10,0,-19.400000000000002,55,832,292,4.9,14.4752,11.1531
2017,12,31,10,30,-19.200000000000003,61,876,354,4.9,18.0444,13.9649
2017,12,31,11,0,-18.900000000000002,64,907,404,4.9,21.0374,16.3282
2017,12,31,11,30,-18.6,68,926,441,4.9,23.3015,18.1177
2017,12,31,12,0,-18.400000000000002,74,941,470,5,25.0468,19.4938
2017,12,31,12,30,-18.2,75,945,478,5,25.5465,19.8891
2017,12,31,13,0,-18.1,72,948,471,5,25.1076,19.5417
2017,12,31,13,30,-18.1,70,937,449,4.9,23.7372,18.4576
2017,12,31,14,0,-18.1,64,925,412,4.9,21.4719,16.6672
2017,12,31,14,30,-18.3,60,897,362,4.7,18.4739,14.2997
2017,12,31,15,0,-18.400000000000002,53,860,299,4.6000000000000005,14.8428,11.4391
2017,12,31,15,30,-18.8,46,799,228,4.3,10.9884,8.4164
2017,12,31,16,0,-19.200000000000003,36,709,151,4,0.0000,0.0000
2017,12,31,16,30,-19.8,25,554,73,3.8000000000000003,0.0000,0.0000
2017,12,31,17,0,-20.400000000000002,0,0,0,3.6,0.0000,0.0000
2017,12,31,17,30,-20.8,0,0,0,3.5,0.0000,0.0000
2017,12,31,18,0,-3.9000000000000004,0,0,0,1.3,0.0000,0.0000
2017,12,31,18,30,-4.1000000000000005,0,0,0,1.6,0.0000,0.0000
2017,12,31,19,0,-4.3,0,0,0,1.9000000000000001,0.0000,0.0000
2017,12,31,19,30,-4.3,0,0,0,2.4000000000000004,0.0000,0.0000
2017,12,31,20,0,-4.3,0,0,0,2.9000000000000004,0.0000,0.0000
2017,12,31,20,30,-4.3,0,0,0,3.2,0.0000,0.0000
2017,12,31,21,0,-4.3,0,0,0,3.5,0.0000,0.0000
2017,12,31,21,30,-4.5,0,0,0,3.5,0.0000,0.0000
2017,12,31,22,0,-4.6000000000000005,0,0,0,3.4000000000000004,0.0000,0.0000
2017,12,31,22,30,-4.800000000000001,0,0,0,3.3000000000000003,0.0000,0.0000
2017,12,31,23,0,-5,0,0,0,3.2,0.0000,0.0000
2017,12,31,23,30,-5.2,0,0,0,3.1,0.0000,0.0000
